array_index,encoding_mode,donor_active_bits,acceptor_active_bits,total_active_bits,full_sequence_length,max_len,truncated,donor_tokens_retained,acceptor_tokens_retained,separator_retained,donor_tokens_dropped,acceptor_tokens_dropped,encoded_nonzero_length,source
0,legacy,73,76,149,149,200,False,73,76,0,0,0,149,in-house
1,legacy,67,76,143,143,200,False,67,76,0,0,0,143,in-house
2,legacy,67,75,142,142,200,False,67,75,0,0,0,142,in-house
3,legacy,53,84,137,137,200,False,53,84,0,0,0,137,in-house
4,legacy,67,87,154,154,200,False,67,87,0,0,0,154,in-house
5,legacy,53,85,138,138,200,False,53,85,0,0,0,138,in-house
6,legacy,53,76,129,129,200,False,53,76,0,0,0,129,in-house
7,legacy,73,68,141,141,200,False,73,68,0,0,0,141,in-house
8,legacy,73,69,142,142,200,False,73,69,0,0,0,142,in-house
9,legacy,53,77,130,130,200,False,53,77,0,0,0,130,in-house
10,legacy,67,78,145,145,200,False,67,78,0,0,0,145,in-house
11,legacy,52,74,126,126,200,False,52,74,0,0,0,126,in-house
12,legacy,67,74,141,141,200,False,67,74,0,0,0,141,in-house
13,legacy,67,78,145,145,200,False,67,78,0,0,0,145,in-house
14,legacy,73,74,147,147,200,False,73,74,0,0,0,147,in-house
15,legacy,83,76,159,159,200,False,83,76,0,0,0,159,in-house
16,legacy,65,76,141,141,200,False,65,76,0,0,0,141,in-house
17,legacy,67,76,143,143,200,False,67,76,0,0,0,143,in-house
18,legacy,73,76,149,149,200,False,73,76,0,0,0,149,in-house
19,legacy,67,78,145,145,200,False,67,78,0,0,0,145,in-house
20,legacy,73,69,142,142,200,False,73,69,0,0,0,142,in-house
21,legacy,65,69,134,134,200,False,65,69,0,0,0,134,in-house
22,legacy,77,76,153,153,200,False,77,76,0,0,0,153,in-house
23,legacy,73,69,142,142,200,False,73,69,0,0,0,142,in-house
24,legacy,73,76,149,149,200,False,73,76,0,0,0,149,in-house
25,legacy,65,76,141,141,200,False,65,76,0,0,0,141,in-house
26,legacy,67,79,146,146,200,False,67,79,0,0,0,146,in-house
27,legacy,87,76,163,163,200,False,87,76,0,0,0,163,in-house
28,legacy,67,82,149,149,200,False,67,82,0,0,0,149,in-house
29,legacy,67,94,161,161,200,False,67,94,0,0,0,161,in-house
30,legacy,64,73,137,137,200,False,64,73,0,0,0,137,in-house
31,legacy,61,68,129,129,200,False,61,68,0,0,0,129,in-house
32,legacy,67,89,156,156,200,False,67,89,0,0,0,156,in-house
33,legacy,67,86,153,153,200,False,67,86,0,0,0,153,in-house
34,legacy,67,75,142,142,200,False,67,75,0,0,0,142,in-house
35,legacy,65,68,133,133,200,False,65,68,0,0,0,133,in-house
36,legacy,65,68,133,133,200,False,65,68,0,0,0,133,in-house
37,legacy,88,76,164,164,200,False,88,76,0,0,0,164,in-house
38,legacy,73,69,142,142,200,False,73,69,0,0,0,142,in-house
39,legacy,81,76,157,157,200,False,81,76,0,0,0,157,in-house
40,legacy,74,84,158,158,200,False,74,84,0,0,0,158,in-house
41,legacy,67,93,160,160,200,False,67,93,0,0,0,160,in-house
42,legacy,67,101,168,168,200,False,67,101,0,0,0,168,in-house
43,legacy,67,71,138,138,200,False,67,71,0,0,0,138,in-house
44,legacy,67,81,148,148,200,False,67,81,0,0,0,148,in-house
45,legacy,67,71,138,138,200,False,67,71,0,0,0,138,in-house
46,legacy,67,82,149,149,200,False,67,82,0,0,0,149,in-house
47,legacy,73,70,143,143,200,False,73,70,0,0,0,143,in-house
48,legacy,74,83,157,157,200,False,74,83,0,0,0,157,in-house
49,legacy,67,69,136,136,200,False,67,69,0,0,0,136,in-house
50,legacy,72,77,149,149,200,False,72,77,0,0,0,149,in-house
51,legacy,73,68,141,141,200,False,73,68,0,0,0,141,in-house
52,legacy,73,78,151,151,200,False,73,78,0,0,0,151,in-house
53,legacy,45,76,121,121,200,False,45,76,0,0,0,121,in-house
54,legacy,67,84,151,151,200,False,67,84,0,0,0,151,in-house
55,legacy,74,88,162,162,200,False,74,88,0,0,0,162,in-house
56,legacy,67,78,145,145,200,False,67,78,0,0,0,145,in-house
57,legacy,53,64,117,117,200,False,53,64,0,0,0,117,in-house
58,legacy,68,90,158,158,200,False,68,90,0,0,0,158,in-house
59,legacy,82,67,149,149,200,False,82,67,0,0,0,149,in-house
60,legacy,74,69,143,143,200,False,74,69,0,0,0,143,in-house
61,legacy,74,74,148,148,200,False,74,74,0,0,0,148,in-house
62,legacy,74,82,156,156,200,False,74,82,0,0,0,156,in-house
63,legacy,74,70,144,144,200,False,74,70,0,0,0,144,in-house
64,legacy,58,80,138,138,200,False,58,80,0,0,0,138,in-house
65,legacy,67,68,135,135,200,False,67,68,0,0,0,135,in-house
66,legacy,65,68,133,133,200,False,65,68,0,0,0,133,in-house
67,legacy,67,73,140,140,200,False,67,73,0,0,0,140,in-house
68,legacy,74,77,151,151,200,False,74,77,0,0,0,151,in-house
69,legacy,73,78,151,151,200,False,73,78,0,0,0,151,in-house
70,legacy,68,68,136,136,200,False,68,68,0,0,0,136,in-house
71,legacy,67,93,160,160,200,False,67,93,0,0,0,160,in-house
72,legacy,71,76,147,147,200,False,71,76,0,0,0,147,in-house
73,legacy,66,60,126,126,200,False,66,60,0,0,0,126,in-house
74,legacy,76,76,152,152,200,False,76,76,0,0,0,152,in-house
75,legacy,74,60,134,134,200,False,74,60,0,0,0,134,in-house
76,legacy,72,89,161,161,200,False,72,89,0,0,0,161,in-house
77,legacy,67,93,160,160,200,False,67,93,0,0,0,160,in-house
78,legacy,53,55,108,108,200,False,53,55,0,0,0,108,in-house
79,legacy,74,88,162,162,200,False,74,88,0,0,0,162,in-house
80,legacy,82,70,152,152,200,False,82,70,0,0,0,152,in-house
81,legacy,74,88,162,162,200,False,74,88,0,0,0,162,in-house
82,legacy,53,74,127,127,200,False,53,74,0,0,0,127,in-house
83,legacy,74,89,163,163,200,False,74,89,0,0,0,163,in-house
84,legacy,53,57,110,110,200,False,53,57,0,0,0,110,in-house
85,legacy,67,68,135,135,200,False,67,68,0,0,0,135,in-house
86,legacy,70,76,146,146,200,False,70,76,0,0,0,146,in-house
87,legacy,65,68,133,133,200,False,65,68,0,0,0,133,in-house
88,legacy,65,57,122,122,200,False,65,57,0,0,0,122,in-house
89,legacy,71,68,139,139,200,False,71,68,0,0,0,139,in-house
90,legacy,65,75,140,140,200,False,65,75,0,0,0,140,in-house
91,legacy,53,67,120,120,200,False,53,67,0,0,0,120,in-house
92,legacy,74,74,148,148,200,False,74,74,0,0,0,148,in-house
93,legacy,53,63,116,116,200,False,53,63,0,0,0,116,in-house
94,legacy,72,81,153,153,200,False,72,81,0,0,0,153,in-house
95,legacy,67,84,151,151,200,False,67,84,0,0,0,151,in-house
96,legacy,75,76,151,151,200,False,75,76,0,0,0,151,in-house
97,legacy,73,67,140,140,200,False,73,67,0,0,0,140,in-house
98,legacy,67,75,142,142,200,False,67,75,0,0,0,142,in-house
99,legacy,58,68,126,126,200,False,58,68,0,0,0,126,in-house
100,legacy,67,56,123,123,200,False,67,56,0,0,0,123,in-house
101,legacy,74,95,169,169,200,False,74,95,0,0,0,169,in-house
102,legacy,72,83,155,155,200,False,72,83,0,0,0,155,in-house
103,legacy,67,66,133,133,200,False,67,66,0,0,0,133,in-house
104,legacy,74,75,149,149,200,False,74,75,0,0,0,149,in-house
105,legacy,79,76,155,155,200,False,79,76,0,0,0,155,in-house
106,legacy,63,68,131,131,200,False,63,68,0,0,0,131,in-house
107,legacy,69,82,151,151,200,False,69,82,0,0,0,151,in-house
108,legacy,73,75,148,148,200,False,73,75,0,0,0,148,in-house
109,legacy,67,94,161,161,200,False,67,94,0,0,0,161,in-house
110,legacy,67,102,169,169,200,False,67,102,0,0,0,169,in-house
111,legacy,77,76,153,153,200,False,77,76,0,0,0,153,in-house
112,legacy,74,75,149,149,200,False,74,75,0,0,0,149,in-house
113,legacy,67,80,147,147,200,False,67,80,0,0,0,147,in-house
114,legacy,83,76,159,159,200,False,83,76,0,0,0,159,in-house
115,legacy,65,71,136,136,200,False,65,71,0,0,0,136,in-house
116,legacy,53,72,125,125,200,False,53,72,0,0,0,125,in-house
117,legacy,67,93,160,160,200,False,67,93,0,0,0,160,in-house
118,legacy,53,70,123,123,200,False,53,70,0,0,0,123,in-house
119,legacy,67,101,168,168,200,False,67,101,0,0,0,168,in-house
120,legacy,61,55,116,116,200,False,61,55,0,0,0,116,in-house
121,legacy,67,75,142,142,200,False,67,75,0,0,0,142,in-house
122,legacy,67,60,127,127,200,False,67,60,0,0,0,127,in-house
123,legacy,37,66,103,103,200,False,37,66,0,0,0,103,in-house
124,legacy,67,93,160,160,200,False,67,93,0,0,0,160,in-house
125,legacy,78,76,154,154,200,False,78,76,0,0,0,154,in-house
126,legacy,74,74,148,148,200,False,74,74,0,0,0,148,in-house
127,legacy,53,72,125,125,200,False,53,72,0,0,0,125,in-house
128,legacy,74,60,134,134,200,False,74,60,0,0,0,134,in-house
129,legacy,74,84,158,158,200,False,74,84,0,0,0,158,in-house
130,legacy,65,89,154,154,200,False,65,89,0,0,0,154,in-house
131,legacy,63,67,130,130,200,False,63,67,0,0,0,130,in-house
132,legacy,65,75,140,140,200,False,65,75,0,0,0,140,in-house
133,legacy,70,72,142,142,200,False,70,72,0,0,0,142,in-house
134,legacy,61,72,133,133,200,False,61,72,0,0,0,133,in-house
135,legacy,67,67,134,134,200,False,67,67,0,0,0,134,in-house
136,legacy,67,86,153,153,200,False,67,86,0,0,0,153,in-house
137,legacy,74,86,160,160,200,False,74,86,0,0,0,160,in-house
138,legacy,73,76,149,149,200,False,73,76,0,0,0,149,in-house
139,legacy,70,67,137,137,200,False,70,67,0,0,0,137,in-house
140,legacy,65,72,137,137,200,False,65,72,0,0,0,137,in-house
141,legacy,69,67,136,136,200,False,69,67,0,0,0,136,in-house
142,legacy,73,64,137,137,200,False,73,64,0,0,0,137,in-house
143,legacy,53,55,108,108,200,False,53,55,0,0,0,108,in-house
144,legacy,53,83,136,136,200,False,53,83,0,0,0,136,in-house
145,legacy,74,66,140,140,200,False,74,66,0,0,0,140,in-house
146,legacy,67,73,140,140,200,False,67,73,0,0,0,140,in-house
147,legacy,68,66,134,134,200,False,68,66,0,0,0,134,in-house
148,legacy,74,88,162,162,200,False,74,88,0,0,0,162,in-house
149,legacy,53,83,136,136,200,False,53,83,0,0,0,136,in-house
150,legacy,74,96,170,170,200,False,74,96,0,0,0,170,in-house
151,legacy,72,96,168,168,200,False,72,96,0,0,0,168,in-house
152,legacy,74,70,144,144,200,False,74,70,0,0,0,144,in-house
153,legacy,72,96,168,168,200,False,72,96,0,0,0,168,in-house
154,legacy,71,68,139,139,200,False,71,68,0,0,0,139,in-house
155,legacy,61,71,132,132,200,False,61,71,0,0,0,132,in-house
156,legacy,67,66,133,133,200,False,67,66,0,0,0,133,in-house
157,legacy,65,78,143,143,200,False,65,78,0,0,0,143,in-house
158,legacy,67,104,171,171,200,False,67,104,0,0,0,171,in-house
159,legacy,74,74,148,148,200,False,74,74,0,0,0,148,in-house
160,legacy,74,68,142,142,200,False,74,68,0,0,0,142,in-house
161,legacy,74,73,147,147,200,False,74,73,0,0,0,147,in-house
162,legacy,74,60,134,134,200,False,74,60,0,0,0,134,in-house
163,legacy,69,73,142,142,200,False,69,73,0,0,0,142,in-house
164,legacy,67,67,134,134,200,False,67,67,0,0,0,134,in-house
165,legacy,92,76,168,168,200,False,92,76,0,0,0,168,in-house
166,legacy,69,80,149,149,200,False,69,80,0,0,0,149,in-house
167,legacy,67,76,143,143,200,False,67,76,0,0,0,143,in-house
168,legacy,70,55,125,125,200,False,70,55,0,0,0,125,in-house
169,legacy,74,75,149,149,200,False,74,75,0,0,0,149,in-house
170,legacy,74,72,146,146,200,False,74,72,0,0,0,146,in-house
171,legacy,69,96,165,165,200,False,69,96,0,0,0,165,in-house
172,legacy,89,76,165,165,200,False,89,76,0,0,0,165,in-house
173,legacy,74,86,160,160,200,False,74,86,0,0,0,160,in-house
174,legacy,59,71,130,130,200,False,59,71,0,0,0,130,in-house
175,legacy,49,68,117,117,200,False,49,68,0,0,0,117,in-house
176,legacy,61,96,157,157,200,False,61,96,0,0,0,157,in-house
177,legacy,51,68,119,119,200,False,51,68,0,0,0,119,in-house
178,legacy,73,66,139,139,200,False,73,66,0,0,0,139,in-house
179,legacy,65,67,132,132,200,False,65,67,0,0,0,132,in-house
180,legacy,63,66,129,129,200,False,63,66,0,0,0,129,in-house
181,legacy,66,66,132,132,200,False,66,66,0,0,0,132,in-house
182,legacy,70,66,136,136,200,False,70,66,0,0,0,136,in-house
183,legacy,65,85,150,150,200,False,65,85,0,0,0,150,in-house
184,legacy,65,67,132,132,200,False,65,67,0,0,0,132,in-house
185,legacy,74,68,142,142,200,False,74,68,0,0,0,142,in-house
186,legacy,65,86,151,151,200,False,65,86,0,0,0,151,in-house
187,legacy,85,67,152,152,200,False,85,67,0,0,0,152,in-house
188,legacy,67,75,142,142,200,False,67,75,0,0,0,142,in-house
189,legacy,74,79,153,153,200,False,74,79,0,0,0,153,in-house
190,legacy,74,66,140,140,200,False,74,66,0,0,0,140,in-house
191,legacy,69,77,146,146,200,False,69,77,0,0,0,146,in-house
192,legacy,67,55,122,122,200,False,67,55,0,0,0,122,in-house
193,legacy,70,75,145,145,200,False,70,75,0,0,0,145,in-house
194,legacy,66,55,121,121,200,False,66,55,0,0,0,121,in-house
195,legacy,66,58,124,124,200,False,66,58,0,0,0,124,in-house
196,legacy,73,70,143,143,200,False,73,70,0,0,0,143,in-house
197,legacy,70,66,136,136,200,False,70,66,0,0,0,136,in-house
198,legacy,74,60,134,134,200,False,74,60,0,0,0,134,in-house
199,legacy,73,73,146,146,200,False,73,73,0,0,0,146,in-house
200,legacy,67,99,166,166,200,False,67,99,0,0,0,166,in-house
201,legacy,65,66,131,131,200,False,65,66,0,0,0,131,in-house
202,legacy,72,67,139,139,200,False,72,67,0,0,0,139,in-house
203,legacy,74,84,158,158,200,False,74,84,0,0,0,158,in-house
204,legacy,67,72,139,139,200,False,67,72,0,0,0,139,in-house
205,legacy,74,68,142,142,200,False,74,68,0,0,0,142,in-house
206,legacy,65,68,133,133,200,False,65,68,0,0,0,133,in-house
207,legacy,65,70,135,135,200,False,65,70,0,0,0,135,in-house
208,legacy,69,70,139,139,200,False,69,70,0,0,0,139,in-house
209,legacy,74,73,147,147,200,False,74,73,0,0,0,147,in-house
210,legacy,74,67,141,141,200,False,74,67,0,0,0,141,in-house
211,legacy,74,77,151,151,200,False,74,77,0,0,0,151,in-house
212,legacy,74,68,142,142,200,False,74,68,0,0,0,142,in-house
213,legacy,74,73,147,147,200,False,74,73,0,0,0,147,in-house
214,legacy,74,74,148,148,200,False,74,74,0,0,0,148,in-house
215,legacy,74,78,152,152,200,False,74,78,0,0,0,152,in-house
216,legacy,74,60,134,134,200,False,74,60,0,0,0,134,in-house
217,legacy,72,91,163,163,200,False,72,91,0,0,0,163,in-house
218,legacy,72,68,140,140,200,False,72,68,0,0,0,140,in-house
219,legacy,49,68,117,117,200,False,49,68,0,0,0,117,in-house
220,legacy,74,86,160,160,200,False,74,86,0,0,0,160,in-house
221,legacy,74,72,146,146,200,False,74,72,0,0,0,146,in-house
222,legacy,65,72,137,137,200,False,65,72,0,0,0,137,in-house
223,legacy,53,60,113,113,200,False,53,60,0,0,0,113,in-house
224,legacy,73,76,149,149,200,False,73,76,0,0,0,149,in-house
225,legacy,74,56,130,130,200,False,74,56,0,0,0,130,in-house
226,legacy,74,69,143,143,200,False,74,69,0,0,0,143,in-house
227,legacy,74,70,144,144,200,False,74,70,0,0,0,144,in-house
228,legacy,72,56,128,128,200,False,72,56,0,0,0,128,in-house
229,legacy,57,67,124,124,200,False,57,67,0,0,0,124,in-house
230,legacy,69,70,139,139,200,False,69,70,0,0,0,139,in-house
231,legacy,74,83,157,157,200,False,74,83,0,0,0,157,in-house
232,legacy,83,67,150,150,200,False,83,67,0,0,0,150,in-house
233,legacy,69,67,136,136,200,False,69,67,0,0,0,136,in-house
234,legacy,77,76,153,153,200,False,77,76,0,0,0,153,in-house
235,legacy,69,78,147,147,200,False,69,78,0,0,0,147,in-house
236,legacy,74,67,141,141,200,False,74,67,0,0,0,141,in-house
237,legacy,71,67,138,138,200,False,71,67,0,0,0,138,in-house
238,legacy,74,84,158,158,200,False,74,84,0,0,0,158,in-house
239,legacy,61,84,145,145,200,False,61,84,0,0,0,145,in-house
240,legacy,74,71,145,145,200,False,74,71,0,0,0,145,in-house
241,legacy,67,78,145,145,200,False,67,78,0,0,0,145,in-house
242,legacy,74,84,158,158,200,False,74,84,0,0,0,158,in-house
243,legacy,74,78,152,152,200,False,74,78,0,0,0,152,in-house
244,legacy,65,77,142,142,200,False,65,77,0,0,0,142,in-house
245,legacy,74,78,152,152,200,False,74,78,0,0,0,152,in-house
246,legacy,53,66,119,119,200,False,53,66,0,0,0,119,in-house
247,legacy,70,74,144,144,200,False,70,74,0,0,0,144,in-house
248,legacy,62,67,129,129,200,False,62,67,0,0,0,129,in-house
249,legacy,72,112,184,184,200,False,72,112,0,0,0,184,in-house
250,legacy,74,60,134,134,200,False,74,60,0,0,0,134,in-house
251,legacy,74,73,147,147,200,False,74,73,0,0,0,147,in-house
252,legacy,61,77,138,138,200,False,61,77,0,0,0,138,in-house
253,legacy,70,66,136,136,200,False,70,66,0,0,0,136,in-house
254,legacy,73,75,148,148,200,False,73,75,0,0,0,148,in-house
255,legacy,73,71,144,144,200,False,73,71,0,0,0,144,in-house
256,legacy,74,72,146,146,200,False,74,72,0,0,0,146,in-house
257,legacy,85,76,161,161,200,False,85,76,0,0,0,161,in-house
258,legacy,62,96,158,158,200,False,62,96,0,0,0,158,in-house
259,legacy,74,77,151,151,200,False,74,77,0,0,0,151,in-house
260,legacy,74,86,160,160,200,False,74,86,0,0,0,160,in-house
261,legacy,73,66,139,139,200,False,73,66,0,0,0,139,in-house
262,legacy,74,67,141,141,200,False,74,67,0,0,0,141,in-house
263,legacy,69,71,140,140,200,False,69,71,0,0,0,140,in-house
264,legacy,74,74,148,148,200,False,74,74,0,0,0,148,in-house
265,legacy,74,69,143,143,200,False,74,69,0,0,0,143,in-house
266,legacy,74,51,125,125,200,False,74,51,0,0,0,125,in-house
267,legacy,53,69,122,122,200,False,53,69,0,0,0,122,in-house
268,legacy,65,96,161,161,200,False,65,96,0,0,0,161,in-house
269,legacy,74,77,151,151,200,False,74,77,0,0,0,151,in-house
270,legacy,61,68,129,129,200,False,61,68,0,0,0,129,in-house
271,legacy,74,80,154,154,200,False,74,80,0,0,0,154,in-house
272,legacy,69,66,135,135,200,False,69,66,0,0,0,135,in-house
273,legacy,74,93,167,167,200,False,74,93,0,0,0,167,in-house
274,legacy,70,55,125,125,200,False,70,55,0,0,0,125,in-house
275,legacy,72,64,136,136,200,False,72,64,0,0,0,136,in-house
276,legacy,74,77,151,151,200,False,74,77,0,0,0,151,in-house
277,legacy,67,85,152,152,200,False,67,85,0,0,0,152,in-house
278,legacy,67,92,159,159,200,False,67,92,0,0,0,159,in-house
279,legacy,74,68,142,142,200,False,74,68,0,0,0,142,in-house
280,legacy,61,76,137,137,200,False,61,76,0,0,0,137,in-house
281,legacy,72,72,144,144,200,False,72,72,0,0,0,144,in-house
282,legacy,69,70,139,139,200,False,69,70,0,0,0,139,in-house
283,legacy,83,76,159,159,200,False,83,76,0,0,0,159,in-house
284,legacy,66,96,162,162,200,False,66,96,0,0,0,162,in-house
285,legacy,77,96,173,173,200,False,77,96,0,0,0,173,in-house
286,legacy,67,66,133,133,200,False,67,66,0,0,0,133,in-house
287,legacy,72,68,140,140,200,False,72,68,0,0,0,140,in-house
288,legacy,52,76,128,128,200,False,52,76,0,0,0,128,in-house
289,legacy,73,96,169,169,200,False,73,96,0,0,0,169,in-house
290,legacy,65,73,138,138,200,False,65,73,0,0,0,138,in-house
291,legacy,67,66,133,133,200,False,67,66,0,0,0,133,in-house
292,legacy,65,77,142,142,200,False,65,77,0,0,0,142,in-house
293,legacy,74,56,130,130,200,False,74,56,0,0,0,130,in-house
294,legacy,61,67,128,128,200,False,61,67,0,0,0,128,in-house
295,legacy,74,82,156,156,200,False,74,82,0,0,0,156,in-house
296,legacy,53,57,110,110,200,False,53,57,0,0,0,110,in-house
297,legacy,72,77,149,149,200,False,72,77,0,0,0,149,in-house
298,legacy,53,66,119,119,200,False,53,66,0,0,0,119,in-house
299,legacy,74,73,147,147,200,False,74,73,0,0,0,147,in-house
300,legacy,89,76,165,165,200,False,89,76,0,0,0,165,in-house
301,legacy,53,90,143,143,200,False,53,90,0,0,0,143,in-house
302,legacy,74,75,149,149,200,False,74,75,0,0,0,149,in-house
303,legacy,74,68,142,142,200,False,74,68,0,0,0,142,in-house
304,legacy,74,78,152,152,200,False,74,78,0,0,0,152,in-house
305,legacy,74,85,159,159,200,False,74,85,0,0,0,159,in-house
306,legacy,65,86,151,151,200,False,65,86,0,0,0,151,in-house
307,legacy,65,56,121,121,200,False,65,56,0,0,0,121,in-house
308,legacy,70,67,137,137,200,False,70,67,0,0,0,137,in-house
309,legacy,74,56,130,130,200,False,74,56,0,0,0,130,in-house
310,legacy,74,96,170,170,200,False,74,96,0,0,0,170,in-house
311,legacy,67,71,138,138,200,False,67,71,0,0,0,138,in-house
312,legacy,72,111,183,183,200,False,72,111,0,0,0,183,in-house
313,legacy,72,74,146,146,200,False,72,74,0,0,0,146,in-house
314,legacy,72,74,146,146,200,False,72,74,0,0,0,146,in-house
315,legacy,74,71,145,145,200,False,74,71,0,0,0,145,in-house
316,legacy,74,59,133,133,200,False,74,59,0,0,0,133,in-house
317,legacy,74,73,147,147,200,False,74,73,0,0,0,147,in-house
318,legacy,73,39,112,112,200,False,73,39,0,0,0,112,in-house
319,legacy,71,66,137,137,200,False,71,66,0,0,0,137,in-house
320,legacy,74,78,152,152,200,False,74,78,0,0,0,152,in-house
321,legacy,72,83,155,155,200,False,72,83,0,0,0,155,in-house
322,legacy,72,78,150,150,200,False,72,78,0,0,0,150,in-house
323,legacy,49,68,117,117,200,False,49,68,0,0,0,117,in-house
324,legacy,49,68,117,117,200,False,49,68,0,0,0,117,in-house
325,legacy,74,73,147,147,200,False,74,73,0,0,0,147,in-house
326,legacy,69,74,143,143,200,False,69,74,0,0,0,143,in-house
327,legacy,76,66,142,142,200,False,76,66,0,0,0,142,in-house
328,legacy,67,66,133,133,200,False,67,66,0,0,0,133,in-house
329,legacy,69,77,146,146,200,False,69,77,0,0,0,146,in-house
330,legacy,72,68,140,140,200,False,72,68,0,0,0,140,in-house
331,legacy,67,89,156,156,200,False,67,89,0,0,0,156,in-house
332,legacy,74,66,140,140,200,False,74,66,0,0,0,140,in-house
333,legacy,62,66,128,128,200,False,62,66,0,0,0,128,in-house
334,legacy,74,64,138,138,200,False,74,64,0,0,0,138,in-house
335,legacy,69,66,135,135,200,False,69,66,0,0,0,135,in-house
336,legacy,65,84,149,149,200,False,65,84,0,0,0,149,in-house
337,legacy,68,68,136,136,200,False,68,68,0,0,0,136,in-house
338,legacy,72,84,156,156,200,False,72,84,0,0,0,156,in-house
339,legacy,74,56,130,130,200,False,74,56,0,0,0,130,in-house
340,legacy,74,56,130,130,200,False,74,56,0,0,0,130,in-house
341,legacy,74,78,152,152,200,False,74,78,0,0,0,152,in-house
342,legacy,59,68,127,127,200,False,59,68,0,0,0,127,in-house
343,legacy,74,80,154,154,200,False,74,80,0,0,0,154,in-house
344,legacy,67,101,168,168,200,False,67,101,0,0,0,168,in-house
345,legacy,74,83,157,157,200,False,74,83,0,0,0,157,in-house
346,legacy,67,67,134,134,200,False,67,67,0,0,0,134,in-house
347,legacy,73,76,149,149,200,False,73,76,0,0,0,149,in-house
348,legacy,74,88,162,162,200,False,74,88,0,0,0,162,in-house
349,legacy,74,73,147,147,200,False,74,73,0,0,0,147,in-house
350,legacy,74,75,149,149,200,False,74,75,0,0,0,149,in-house
351,legacy,67,70,137,137,200,False,67,70,0,0,0,137,in-house
352,legacy,72,88,160,160,200,False,72,88,0,0,0,160,in-house
353,legacy,74,101,175,175,200,False,74,101,0,0,0,175,in-house
354,legacy,67,66,133,133,200,False,67,66,0,0,0,133,in-house
355,legacy,72,109,181,181,200,False,72,109,0,0,0,181,in-house
356,legacy,59,55,114,114,200,False,59,55,0,0,0,114,in-house
357,legacy,74,104,178,178,200,False,74,104,0,0,0,178,in-house
358,legacy,74,71,145,145,200,False,74,71,0,0,0,145,in-house
359,legacy,74,75,149,149,200,False,74,75,0,0,0,149,in-house
360,legacy,74,56,130,130,200,False,74,56,0,0,0,130,in-house
361,legacy,92,76,168,168,200,False,92,76,0,0,0,168,in-house
362,legacy,72,77,149,149,200,False,72,77,0,0,0,149,in-house
363,legacy,77,55,132,132,200,False,77,55,0,0,0,132,in-house
364,legacy,67,62,129,129,200,False,67,62,0,0,0,129,in-house
365,legacy,74,74,148,148,200,False,74,74,0,0,0,148,in-house
366,legacy,74,71,145,145,200,False,74,71,0,0,0,145,in-house
367,legacy,74,71,145,145,200,False,74,71,0,0,0,145,in-house
368,legacy,79,66,145,145,200,False,79,66,0,0,0,145,in-house
369,legacy,72,87,159,159,200,False,72,87,0,0,0,159,in-house
370,legacy,74,85,159,159,200,False,74,85,0,0,0,159,in-house
371,legacy,74,67,141,141,200,False,74,67,0,0,0,141,in-house
372,legacy,67,70,137,137,200,False,67,70,0,0,0,137,in-house
373,legacy,72,74,146,146,200,False,72,74,0,0,0,146,in-house
374,legacy,74,58,132,132,200,False,74,58,0,0,0,132,in-house
375,legacy,67,87,154,154,200,False,67,87,0,0,0,154,in-house
376,legacy,74,77,151,151,200,False,74,77,0,0,0,151,in-house
377,legacy,62,66,128,128,200,False,62,66,0,0,0,128,in-house
378,legacy,74,69,143,143,200,False,74,69,0,0,0,143,in-house
379,legacy,74,72,146,146,200,False,74,72,0,0,0,146,in-house
380,legacy,74,76,150,150,200,False,74,76,0,0,0,150,in-house
381,legacy,61,76,137,137,200,False,61,76,0,0,0,137,in-house
382,legacy,61,76,137,137,200,False,61,76,0,0,0,137,in-house
383,legacy,74,74,148,148,200,False,74,74,0,0,0,148,in-house
384,legacy,73,68,141,141,200,False,73,68,0,0,0,141,in-house
385,legacy,70,80,150,150,200,False,70,80,0,0,0,150,in-house
386,legacy,74,57,131,131,200,False,74,57,0,0,0,131,in-house
387,legacy,77,66,143,143,200,False,77,66,0,0,0,143,in-house
388,legacy,74,64,138,138,200,False,74,64,0,0,0,138,in-house
389,legacy,72,110,182,182,200,False,72,110,0,0,0,182,in-house
390,legacy,70,83,153,153,200,False,70,83,0,0,0,153,in-house
391,legacy,72,71,143,143,200,False,72,71,0,0,0,143,in-house
392,legacy,74,75,149,149,200,False,74,75,0,0,0,149,in-house
393,legacy,74,71,145,145,200,False,74,71,0,0,0,145,in-house
394,legacy,65,55,120,120,200,False,65,55,0,0,0,120,in-house
395,legacy,72,39,111,111,200,False,72,39,0,0,0,111,in-house
396,legacy,72,67,139,139,200,False,72,67,0,0,0,139,in-house
397,legacy,74,70,144,144,200,False,74,70,0,0,0,144,in-house
398,legacy,67,66,133,133,200,False,67,66,0,0,0,133,in-house
399,legacy,74,66,140,140,200,False,74,66,0,0,0,140,in-house
400,legacy,67,66,133,133,200,False,67,66,0,0,0,133,in-house
401,legacy,74,66,140,140,200,False,74,66,0,0,0,140,in-house
402,legacy,74,81,155,155,200,False,74,81,0,0,0,155,in-house
403,legacy,71,68,139,139,200,False,71,68,0,0,0,139,in-house
404,legacy,74,72,146,146,200,False,74,72,0,0,0,146,in-house
405,legacy,74,71,145,145,200,False,74,71,0,0,0,145,in-house
406,legacy,74,69,143,143,200,False,74,69,0,0,0,143,in-house
407,legacy,74,82,156,156,200,False,74,82,0,0,0,156,in-house
408,legacy,74,56,130,130,200,False,74,56,0,0,0,130,in-house
409,legacy,58,69,127,127,200,False,58,69,0,0,0,127,in-house
410,legacy,65,66,131,131,200,False,65,66,0,0,0,131,in-house
411,legacy,70,68,138,138,200,False,70,68,0,0,0,138,in-house
412,legacy,74,73,147,147,200,False,74,73,0,0,0,147,in-house
413,legacy,65,62,127,127,200,False,65,62,0,0,0,127,in-house
414,legacy,67,67,134,134,200,False,67,67,0,0,0,134,in-house
415,legacy,64,66,130,130,200,False,64,66,0,0,0,130,in-house
416,legacy,74,69,143,143,200,False,74,69,0,0,0,143,in-house
417,legacy,63,67,130,130,200,False,63,67,0,0,0,130,in-house
418,legacy,74,72,146,146,200,False,74,72,0,0,0,146,in-house
419,legacy,74,55,129,129,200,False,74,55,0,0,0,129,in-house
420,legacy,69,66,135,135,200,False,69,66,0,0,0,135,in-house
421,legacy,72,84,156,156,200,False,72,84,0,0,0,156,in-house
422,legacy,74,80,154,154,200,False,74,80,0,0,0,154,in-house
423,legacy,72,66,138,138,200,False,72,66,0,0,0,138,in-house
424,legacy,66,72,138,138,200,False,66,72,0,0,0,138,in-house
425,legacy,61,73,134,134,200,False,61,73,0,0,0,134,in-house
426,legacy,72,79,151,151,200,False,72,79,0,0,0,151,in-house
427,legacy,64,66,130,130,200,False,64,66,0,0,0,130,in-house
428,legacy,72,59,131,131,200,False,72,59,0,0,0,131,in-house
429,legacy,53,66,119,119,200,False,53,66,0,0,0,119,in-house
430,legacy,73,72,145,145,200,False,73,72,0,0,0,145,in-house
431,legacy,66,66,132,132,200,False,66,66,0,0,0,132,in-house
432,legacy,58,68,126,126,200,False,58,68,0,0,0,126,in-house
433,legacy,74,66,140,140,200,False,74,66,0,0,0,140,in-house
434,legacy,58,66,124,124,200,False,58,66,0,0,0,124,in-house
435,legacy,74,62,136,136,200,False,74,62,0,0,0,136,in-house
436,legacy,72,72,144,144,200,False,72,72,0,0,0,144,in-house
437,legacy,67,69,136,136,200,False,67,69,0,0,0,136,in-house
438,legacy,74,84,158,158,200,False,74,84,0,0,0,158,in-house
439,legacy,62,67,129,129,200,False,62,67,0,0,0,129,in-house
440,legacy,71,67,138,138,200,False,71,67,0,0,0,138,in-house
441,legacy,70,71,141,141,200,False,70,71,0,0,0,141,in-house
442,legacy,69,64,133,133,200,False,69,64,0,0,0,133,in-house
443,legacy,74,71,145,145,200,False,74,71,0,0,0,145,in-house
444,legacy,74,68,142,142,200,False,74,68,0,0,0,142,in-house
445,legacy,74,69,143,143,200,False,74,69,0,0,0,143,in-house
446,legacy,47,66,113,113,200,False,47,66,0,0,0,113,in-house
447,legacy,74,70,144,144,200,False,74,70,0,0,0,144,in-house
448,legacy,73,66,139,139,200,False,73,66,0,0,0,139,in-house
449,legacy,67,80,147,147,200,False,67,80,0,0,0,147,in-house
450,legacy,72,60,132,132,200,False,72,60,0,0,0,132,in-house
451,legacy,74,80,154,154,200,False,74,80,0,0,0,154,in-house
452,legacy,74,74,148,148,200,False,74,74,0,0,0,148,in-house
453,legacy,65,62,127,127,200,False,65,62,0,0,0,127,in-house
454,legacy,96,83,179,179,200,False,96,83,0,0,0,179,in-house
455,legacy,72,66,138,138,200,False,72,66,0,0,0,138,in-house
456,legacy,72,78,150,150,200,False,72,78,0,0,0,150,in-house
457,legacy,72,70,142,142,200,False,72,70,0,0,0,142,in-house
458,legacy,74,77,151,151,200,False,74,77,0,0,0,151,in-house
459,legacy,74,83,157,157,200,False,74,83,0,0,0,157,in-house
460,legacy,61,76,137,137,200,False,61,76,0,0,0,137,in-house
461,legacy,73,66,139,139,200,False,73,66,0,0,0,139,in-house
462,legacy,74,67,141,141,200,False,74,67,0,0,0,141,in-house
463,legacy,72,75,147,147,200,False,72,75,0,0,0,147,in-house
464,legacy,77,68,145,145,200,False,77,68,0,0,0,145,in-house
465,legacy,65,74,139,139,200,False,65,74,0,0,0,139,in-house
466,legacy,53,55,108,108,200,False,53,55,0,0,0,108,in-house
467,legacy,72,67,139,139,200,False,72,67,0,0,0,139,in-house
468,legacy,73,55,128,128,200,False,73,55,0,0,0,128,in-house
469,legacy,72,62,134,134,200,False,72,62,0,0,0,134,in-house
470,legacy,71,66,137,137,200,False,71,66,0,0,0,137,in-house
471,legacy,72,77,149,149,200,False,72,77,0,0,0,149,in-house
472,legacy,61,67,128,128,200,False,61,67,0,0,0,128,in-house
473,legacy,67,66,133,133,200,False,67,66,0,0,0,133,in-house
474,legacy,66,96,162,162,200,False,66,96,0,0,0,162,in-house
475,legacy,61,66,127,127,200,False,61,66,0,0,0,127,in-house
476,legacy,73,79,152,152,200,False,73,79,0,0,0,152,in-house
477,legacy,72,78,150,150,200,False,72,78,0,0,0,150,in-house
478,legacy,61,96,157,157,200,False,61,96,0,0,0,157,in-house
479,legacy,69,67,136,136,200,False,69,67,0,0,0,136,in-house
480,legacy,71,66,137,137,200,False,71,66,0,0,0,137,in-house
481,legacy,72,81,153,153,200,False,72,81,0,0,0,153,in-house
482,legacy,74,71,145,145,200,False,74,71,0,0,0,145,in-house
483,legacy,74,80,154,154,200,False,74,80,0,0,0,154,in-house
484,legacy,72,77,149,149,200,False,72,77,0,0,0,149,in-house
485,legacy,72,69,141,141,200,False,72,69,0,0,0,141,in-house
486,legacy,69,66,135,135,200,False,69,66,0,0,0,135,in-house
487,legacy,74,82,156,156,200,False,74,82,0,0,0,156,in-house
488,legacy,61,69,130,130,200,False,61,69,0,0,0,130,in-house
489,legacy,73,66,139,139,200,False,73,66,0,0,0,139,in-house
490,legacy,70,76,146,146,200,False,70,76,0,0,0,146,in-house
491,legacy,73,66,139,139,200,False,73,66,0,0,0,139,in-house
492,legacy,56,55,111,111,200,False,56,55,0,0,0,111,in-house
493,legacy,72,53,125,125,200,False,72,53,0,0,0,125,in-house
494,legacy,96,66,162,162,200,False,96,66,0,0,0,162,in-house
495,legacy,74,55,129,129,200,False,74,55,0,0,0,129,in-house
496,legacy,65,83,148,148,200,False,65,83,0,0,0,148,in-house
497,legacy,52,66,118,118,200,False,52,66,0,0,0,118,in-house
498,legacy,74,76,150,150,200,False,74,76,0,0,0,150,in-house
499,legacy,74,68,142,142,200,False,74,68,0,0,0,142,in-house
500,legacy,78,55,133,133,200,False,78,55,0,0,0,133,in-house
501,legacy,61,66,127,127,200,False,61,66,0,0,0,127,in-house
502,legacy,76,55,131,131,200,False,76,55,0,0,0,131,in-house
503,legacy,74,81,155,155,200,False,74,81,0,0,0,155,in-house
504,legacy,58,66,124,124,200,False,58,66,0,0,0,124,in-house
505,legacy,67,66,133,133,200,False,67,66,0,0,0,133,in-house
506,legacy,63,67,130,130,200,False,63,67,0,0,0,130,in-house
507,legacy,74,71,145,145,200,False,74,71,0,0,0,145,in-house
508,legacy,56,67,123,123,200,False,56,67,0,0,0,123,in-house
509,legacy,72,76,148,148,200,False,72,76,0,0,0,148,in-house
510,legacy,69,71,140,140,200,False,69,71,0,0,0,140,in-house
511,legacy,70,67,137,137,200,False,70,67,0,0,0,137,in-house
512,legacy,74,72,146,146,200,False,74,72,0,0,0,146,in-house
513,legacy,63,67,130,130,200,False,63,67,0,0,0,130,in-house
514,legacy,63,66,129,129,200,False,63,66,0,0,0,129,in-house
515,legacy,87,67,154,154,200,False,87,67,0,0,0,154,in-house
516,legacy,75,66,141,141,200,False,75,66,0,0,0,141,in-house
517,legacy,76,67,143,143,200,False,76,67,0,0,0,143,in-house
518,legacy,74,65,139,139,200,False,74,65,0,0,0,139,in-house
519,legacy,74,63,137,137,200,False,74,63,0,0,0,137,in-house
520,legacy,74,66,140,140,200,False,74,66,0,0,0,140,in-house
521,legacy,74,39,113,113,200,False,74,39,0,0,0,113,in-house
522,legacy,65,76,141,141,200,False,65,76,0,0,0,141,in-house
523,legacy,75,68,143,143,200,False,75,68,0,0,0,143,in-house
524,legacy,69,66,135,135,200,False,69,66,0,0,0,135,in-house
525,legacy,61,77,138,138,200,False,61,77,0,0,0,138,in-house
526,legacy,74,71,145,145,200,False,74,71,0,0,0,145,in-house
527,legacy,74,82,156,156,200,False,74,82,0,0,0,156,in-house
528,legacy,72,61,133,133,200,False,72,61,0,0,0,133,in-house
529,legacy,74,78,152,152,200,False,74,78,0,0,0,152,in-house
530,legacy,73,69,142,142,200,False,73,69,0,0,0,142,in-house
531,legacy,68,66,134,134,200,False,68,66,0,0,0,134,in-house
532,legacy,72,68,140,140,200,False,72,68,0,0,0,140,in-house
533,legacy,74,76,150,150,200,False,74,76,0,0,0,150,in-house
534,legacy,72,80,152,152,200,False,72,80,0,0,0,152,in-house
535,legacy,70,74,144,144,200,False,70,74,0,0,0,144,in-house
536,legacy,67,67,134,134,200,False,67,67,0,0,0,134,in-house
537,legacy,61,67,128,128,200,False,61,67,0,0,0,128,in-house
538,legacy,74,82,156,156,200,False,74,82,0,0,0,156,in-house
539,legacy,66,67,133,133,200,False,66,67,0,0,0,133,in-house
540,legacy,72,71,143,143,200,False,72,71,0,0,0,143,in-house
541,legacy,57,67,124,124,200,False,57,67,0,0,0,124,in-house
542,legacy,53,62,115,115,200,False,53,62,0,0,0,115,in-house
543,legacy,41,66,107,107,200,False,41,66,0,0,0,107,in-house
544,legacy,53,60,113,113,200,False,53,60,0,0,0,113,in-house
545,legacy,74,66,140,140,200,False,74,66,0,0,0,140,in-house
546,legacy,74,75,149,149,200,False,74,75,0,0,0,149,in-house
547,legacy,72,69,141,141,200,False,72,69,0,0,0,141,in-house
548,legacy,74,71,145,145,200,False,74,71,0,0,0,145,in-house
549,legacy,68,76,144,144,200,False,68,76,0,0,0,144,in-house
550,legacy,74,77,151,151,200,False,74,77,0,0,0,151,in-house
551,legacy,59,77,136,136,200,False,59,77,0,0,0,136,in-house
552,legacy,72,80,152,152,200,False,72,80,0,0,0,152,in-house
553,legacy,74,87,161,161,200,False,74,87,0,0,0,161,in-house
554,legacy,73,72,145,145,200,False,73,72,0,0,0,145,in-house
555,legacy,52,76,128,128,200,False,52,76,0,0,0,128,in-house
556,legacy,72,84,156,156,200,False,72,84,0,0,0,156,in-house
557,legacy,70,68,138,138,200,False,70,68,0,0,0,138,in-house
558,legacy,69,66,135,135,200,False,69,66,0,0,0,135,in-house
559,legacy,55,55,110,110,200,False,55,55,0,0,0,110,in-house
560,legacy,67,69,136,136,200,False,67,69,0,0,0,136,in-house
561,legacy,64,69,133,133,200,False,64,69,0,0,0,133,in-house
562,legacy,65,63,128,128,200,False,65,63,0,0,0,128,in-house
563,legacy,74,78,152,152,200,False,74,78,0,0,0,152,in-house
564,legacy,67,96,163,163,200,False,67,96,0,0,0,163,in-house
565,legacy,53,65,118,118,200,False,53,65,0,0,0,118,in-house
566,legacy,56,66,122,122,200,False,56,66,0,0,0,122,in-house
567,legacy,74,81,155,155,200,False,74,81,0,0,0,155,in-house
568,legacy,67,101,168,168,200,False,67,101,0,0,0,168,in-house
569,legacy,72,112,184,184,200,False,72,112,0,0,0,184,in-house
570,legacy,74,64,138,138,200,False,74,64,0,0,0,138,in-house
571,legacy,72,59,131,131,200,False,72,59,0,0,0,131,in-house
572,legacy,87,71,158,158,200,False,87,71,0,0,0,158,in-house
573,legacy,72,59,131,131,200,False,72,59,0,0,0,131,in-house
574,legacy,53,73,126,126,200,False,53,73,0,0,0,126,in-house
575,legacy,72,66,138,138,200,False,72,66,0,0,0,138,in-house
576,legacy,73,56,129,129,200,False,73,56,0,0,0,129,in-house
577,legacy,74,74,148,148,200,False,74,74,0,0,0,148,in-house
578,legacy,73,66,139,139,200,False,73,66,0,0,0,139,in-house
579,legacy,72,55,127,127,200,False,72,55,0,0,0,127,in-house
580,legacy,72,82,154,154,200,False,72,82,0,0,0,154,in-house
581,legacy,58,73,131,131,200,False,58,73,0,0,0,131,in-house
582,legacy,64,68,132,132,200,False,64,68,0,0,0,132,in-house
583,legacy,73,34,107,107,200,False,73,34,0,0,0,107,in-house
584,legacy,24,65,89,89,200,False,24,65,0,0,0,89,in-house
585,legacy,70,66,136,136,200,False,70,66,0,0,0,136,in-house
586,legacy,64,66,130,130,200,False,64,66,0,0,0,130,in-house
587,legacy,63,66,129,129,200,False,63,66,0,0,0,129,in-house
588,legacy,75,66,141,141,200,False,75,66,0,0,0,141,in-house
589,legacy,72,69,141,141,200,False,72,69,0,0,0,141,in-house
590,legacy,56,66,122,122,200,False,56,66,0,0,0,122,in-house
591,legacy,65,66,131,131,200,False,65,66,0,0,0,131,in-house
592,legacy,74,76,150,150,200,False,74,76,0,0,0,150,in-house
593,legacy,51,66,117,117,200,False,51,66,0,0,0,117,in-house
594,legacy,72,67,139,139,200,False,72,67,0,0,0,139,in-house
595,legacy,72,67,139,139,200,False,72,67,0,0,0,139,in-house
596,legacy,74,62,136,136,200,False,74,62,0,0,0,136,in-house
597,legacy,72,81,153,153,200,False,72,81,0,0,0,153,in-house
598,legacy,74,82,156,156,200,False,74,82,0,0,0,156,in-house
599,legacy,24,83,107,107,200,False,24,83,0,0,0,107,in-house
600,legacy,72,77,149,149,200,False,72,77,0,0,0,149,in-house
601,legacy,65,77,142,142,200,False,65,77,0,0,0,142,in-house
602,legacy,74,73,147,147,200,False,74,73,0,0,0,147,in-house
603,legacy,74,76,150,150,200,False,74,76,0,0,0,150,in-house
604,legacy,24,79,103,103,200,False,24,79,0,0,0,103,in-house
605,legacy,72,55,127,127,200,False,72,55,0,0,0,127,in-house
606,legacy,55,66,121,121,200,False,55,66,0,0,0,121,in-house
607,legacy,72,73,145,145,200,False,72,73,0,0,0,145,in-house
608,legacy,74,86,160,160,200,False,74,86,0,0,0,160,in-house
609,legacy,72,66,138,138,200,False,72,66,0,0,0,138,in-house
610,legacy,81,66,147,147,200,False,81,66,0,0,0,147,in-house
611,legacy,72,69,141,141,200,False,72,69,0,0,0,141,in-house
612,legacy,72,80,152,152,200,False,72,80,0,0,0,152,in-house
613,legacy,72,78,150,150,200,False,72,78,0,0,0,150,in-house
614,legacy,66,67,133,133,200,False,66,67,0,0,0,133,in-house
615,legacy,74,59,133,133,200,False,74,59,0,0,0,133,in-house
616,legacy,66,66,132,132,200,False,66,66,0,0,0,132,in-house
617,legacy,65,56,121,121,200,False,65,56,0,0,0,121,in-house
618,legacy,48,76,124,124,200,False,48,76,0,0,0,124,in-house
619,legacy,48,68,116,116,200,False,48,68,0,0,0,116,in-house
620,legacy,74,55,129,129,200,False,74,55,0,0,0,129,in-house
621,legacy,54,66,120,120,200,False,54,66,0,0,0,120,in-house
622,legacy,72,63,135,135,200,False,72,63,0,0,0,135,in-house
623,legacy,72,78,150,150,200,False,72,78,0,0,0,150,in-house
624,legacy,48,66,114,114,200,False,48,66,0,0,0,114,in-house
625,legacy,72,65,137,137,200,False,72,65,0,0,0,137,in-house
626,legacy,70,65,135,135,200,False,70,65,0,0,0,135,in-house
627,legacy,65,70,135,135,200,False,65,70,0,0,0,135,in-house
628,legacy,67,66,133,133,200,False,67,66,0,0,0,133,in-house
629,legacy,74,75,149,149,200,False,74,75,0,0,0,149,in-house
630,legacy,74,64,138,138,200,False,74,64,0,0,0,138,in-house
631,legacy,72,66,138,138,200,False,72,66,0,0,0,138,in-house
632,legacy,24,89,113,113,200,False,24,89,0,0,0,113,in-house
633,legacy,49,66,115,115,200,False,49,66,0,0,0,115,in-house
634,legacy,73,66,139,139,200,False,73,66,0,0,0,139,in-house
635,legacy,72,54,126,126,200,False,72,54,0,0,0,126,in-house
636,legacy,40,55,95,95,200,False,40,55,0,0,0,95,in-house
637,legacy,78,66,144,144,200,False,78,66,0,0,0,144,in-house
638,legacy,24,81,105,105,200,False,24,81,0,0,0,105,in-house
639,legacy,70,68,138,138,200,False,70,68,0,0,0,138,in-house
640,legacy,74,78,152,152,200,False,74,78,0,0,0,152,in-house
641,legacy,72,51,123,123,200,False,72,51,0,0,0,123,in-house
642,legacy,24,53,77,77,200,False,24,53,0,0,0,77,in-house
643,legacy,74,68,142,142,200,False,74,68,0,0,0,142,in-house
644,legacy,24,66,90,90,200,False,24,66,0,0,0,90,in-house
645,legacy,72,53,125,125,200,False,72,53,0,0,0,125,in-house
646,legacy,55,66,121,121,200,False,55,66,0,0,0,121,in-house
647,legacy,52,66,118,118,200,False,52,66,0,0,0,118,in-house
648,legacy,24,70,94,94,200,False,24,70,0,0,0,94,in-house
649,legacy,24,57,81,81,200,False,24,57,0,0,0,81,in-house
650,legacy,83,55,138,138,200,False,83,55,0,0,0,138,in-house
651,legacy,65,61,126,126,200,False,65,61,0,0,0,126,in-house
652,legacy,24,81,105,105,200,False,24,81,0,0,0,105,in-house
653,legacy,72,40,112,112,200,False,72,40,0,0,0,112,in-house
654,legacy,72,72,144,144,200,False,72,72,0,0,0,144,in-house
655,legacy,24,63,87,87,200,False,24,63,0,0,0,87,in-house
656,legacy,76,68,144,144,200,False,76,68,0,0,0,144,in-house
657,legacy,65,66,131,131,200,False,65,66,0,0,0,131,in-house
658,legacy,72,66,138,138,200,False,72,66,0,0,0,138,in-house
659,legacy,65,55,120,120,200,False,65,55,0,0,0,120,in-house
660,legacy,74,87,161,161,200,False,74,87,0,0,0,161,in-house
661,legacy,62,80,142,142,200,False,62,80,0,0,0,142,in-house
662,legacy,58,66,124,124,200,False,58,66,0,0,0,124,in-house
663,legacy,74,75,149,149,200,False,74,75,0,0,0,149,in-house
664,legacy,61,68,129,129,200,False,61,68,0,0,0,129,in-house
665,legacy,24,59,83,83,200,False,24,59,0,0,0,83,in-house
666,legacy,57,66,123,123,200,False,57,66,0,0,0,123,in-house
667,legacy,73,36,109,109,200,False,73,36,0,0,0,109,in-house
668,legacy,69,66,135,135,200,False,69,66,0,0,0,135,in-house
669,legacy,24,76,100,100,200,False,24,76,0,0,0,100,in-house
670,legacy,74,70,144,144,200,False,74,70,0,0,0,144,in-house
671,legacy,24,52,76,76,200,False,24,52,0,0,0,76,in-house
672,legacy,74,80,154,154,200,False,74,80,0,0,0,154,in-house
673,legacy,42,66,108,108,200,False,42,66,0,0,0,108,in-house
674,legacy,73,77,150,150,200,False,73,77,0,0,0,150,in-house
675,legacy,61,66,127,127,200,False,61,66,0,0,0,127,in-house
676,legacy,71,66,137,137,200,False,71,66,0,0,0,137,in-house
677,legacy,72,90,162,162,200,False,72,90,0,0,0,162,in-house
678,legacy,65,66,131,131,200,False,65,66,0,0,0,131,in-house
679,legacy,53,66,119,119,200,False,53,66,0,0,0,119,in-house
680,legacy,64,68,132,132,200,False,64,68,0,0,0,132,in-house
681,legacy,24,85,109,109,200,False,24,85,0,0,0,109,in-house
682,legacy,81,96,177,177,200,False,81,96,0,0,0,177,in-house
683,legacy,24,58,82,82,200,False,24,58,0,0,0,82,in-house
684,legacy,72,66,138,138,200,False,72,66,0,0,0,138,in-house
685,legacy,24,64,88,88,200,False,24,64,0,0,0,88,in-house
686,legacy,74,95,169,169,200,False,74,95,0,0,0,169,in-house
687,legacy,70,67,137,137,200,False,70,67,0,0,0,137,in-house
688,legacy,64,66,130,130,200,False,64,66,0,0,0,130,in-house
689,legacy,45,76,121,121,200,False,45,76,0,0,0,121,in-house
690,legacy,87,66,153,153,200,False,87,66,0,0,0,153,in-house
691,legacy,24,48,72,72,200,False,24,48,0,0,0,72,in-house
692,legacy,47,83,130,130,200,False,47,83,0,0,0,130,in-house
693,legacy,74,75,149,149,200,False,74,75,0,0,0,149,in-house
694,legacy,70,66,136,136,200,False,70,66,0,0,0,136,in-house
695,legacy,72,64,136,136,200,False,72,64,0,0,0,136,in-house
696,legacy,24,76,100,100,200,False,24,76,0,0,0,100,in-house
697,legacy,74,75,149,149,200,False,74,75,0,0,0,149,in-house
698,legacy,55,66,121,121,200,False,55,66,0,0,0,121,in-house
699,legacy,24,56,80,80,200,False,24,56,0,0,0,80,in-house
700,legacy,65,70,135,135,200,False,65,70,0,0,0,135,in-house
701,legacy,69,68,137,137,200,False,69,68,0,0,0,137,in-house
702,legacy,24,82,106,106,200,False,24,82,0,0,0,106,in-house
703,legacy,64,66,130,130,200,False,64,66,0,0,0,130,in-house
704,legacy,68,68,136,136,200,False,68,68,0,0,0,136,in-house
705,legacy,61,66,127,127,200,False,61,66,0,0,0,127,in-house
706,legacy,42,66,108,108,200,False,42,66,0,0,0,108,in-house
707,legacy,49,66,115,115,200,False,49,66,0,0,0,115,in-house
708,legacy,74,88,162,162,200,False,74,88,0,0,0,162,in-house
709,legacy,24,66,90,90,200,False,24,66,0,0,0,90,in-house
710,legacy,53,57,110,110,200,False,53,57,0,0,0,110,in-house
711,legacy,68,68,136,136,200,False,68,68,0,0,0,136,in-house
712,legacy,76,96,172,172,200,False,76,96,0,0,0,172,in-house
713,legacy,52,76,128,128,200,False,52,76,0,0,0,128,in-house
714,legacy,24,55,79,79,200,False,24,55,0,0,0,79,in-house
715,legacy,84,37,121,121,200,False,84,37,0,0,0,121,Gao
716,legacy,84,36,120,120,200,False,84,36,0,0,0,120,Gao
717,legacy,88,36,124,124,200,False,88,36,0,0,0,124,Gao
718,legacy,58,37,95,95,200,False,58,37,0,0,0,95,Gao
719,legacy,58,37,95,95,200,False,58,37,0,0,0,95,Gao
720,legacy,65,37,102,102,200,False,65,37,0,0,0,102,Gao
721,legacy,68,37,105,105,200,False,68,37,0,0,0,105,Gao
722,legacy,41,3,44,44,200,False,41,3,0,0,0,44,Gao
723,legacy,41,3,44,44,200,False,41,3,0,0,0,44,Gao
724,legacy,46,3,49,49,200,False,46,3,0,0,0,49,Gao
725,legacy,49,3,52,52,200,False,49,3,0,0,0,52,Gao
726,legacy,63,50,113,113,200,False,63,50,0,0,0,113,Gao
727,legacy,77,36,113,113,200,False,77,36,0,0,0,113,Gao
728,legacy,32,36,68,68,200,False,32,36,0,0,0,68,Gao
729,legacy,39,36,75,75,200,False,39,36,0,0,0,75,Gao
730,legacy,45,36,81,81,200,False,45,36,0,0,0,81,Gao
731,legacy,91,36,127,127,200,False,91,36,0,0,0,127,Gao
732,legacy,64,36,100,100,200,False,64,36,0,0,0,100,Gao
733,legacy,62,36,98,98,200,False,62,36,0,0,0,98,Gao
734,legacy,78,37,115,115,200,False,78,37,0,0,0,115,Gao
735,legacy,71,36,107,107,200,False,71,36,0,0,0,107,Gao
736,legacy,81,37,118,118,200,False,81,37,0,0,0,118,Gao
737,legacy,83,37,120,120,200,False,83,37,0,0,0,120,Gao
738,legacy,63,36,99,99,200,False,63,36,0,0,0,99,Gao
739,legacy,75,36,111,111,200,False,75,36,0,0,0,111,Gao
740,legacy,50,36,86,86,200,False,50,36,0,0,0,86,Gao
741,legacy,55,36,91,91,200,False,55,36,0,0,0,91,Gao
742,legacy,54,36,90,90,200,False,54,36,0,0,0,90,Gao
743,legacy,43,36,79,79,200,False,43,36,0,0,0,79,Gao
744,legacy,48,36,84,84,200,False,48,36,0,0,0,84,Gao
745,legacy,48,36,84,84,200,False,48,36,0,0,0,84,Gao
746,legacy,54,36,90,90,200,False,54,36,0,0,0,90,Gao
747,legacy,90,36,126,126,200,False,90,36,0,0,0,126,Gao
748,legacy,55,36,91,91,200,False,55,36,0,0,0,91,Gao
749,legacy,73,36,109,109,200,False,73,36,0,0,0,109,Gao
750,legacy,77,36,113,113,200,False,77,36,0,0,0,113,Gao
751,legacy,71,36,107,107,200,False,71,36,0,0,0,107,Gao
752,legacy,65,37,102,102,200,False,65,37,0,0,0,102,Gao
753,legacy,32,3,35,35,200,False,32,3,0,0,0,35,Gao
754,legacy,32,3,35,35,200,False,32,3,0,0,0,35,Gao
755,legacy,98,81,179,179,200,False,98,81,0,0,0,179,Gao
756,legacy,57,36,93,93,200,False,57,36,0,0,0,93,Gao
757,legacy,68,36,104,104,200,False,68,36,0,0,0,104,Gao
758,legacy,80,36,116,116,200,False,80,36,0,0,0,116,Gao
759,legacy,88,36,124,124,200,False,88,36,0,0,0,124,Gao
760,legacy,61,3,64,64,200,False,61,3,0,0,0,64,Gao
761,legacy,58,36,94,94,200,False,58,36,0,0,0,94,Gao
762,legacy,87,55,142,142,200,False,87,55,0,0,0,142,Gao
763,legacy,57,36,93,93,200,False,57,36,0,0,0,93,Gao
764,legacy,70,36,106,106,200,False,70,36,0,0,0,106,Gao
765,legacy,57,36,93,93,200,False,57,36,0,0,0,93,Gao
766,legacy,45,36,81,81,200,False,45,36,0,0,0,81,Gao
767,legacy,52,36,88,88,200,False,52,36,0,0,0,88,Gao
768,legacy,53,36,89,89,200,False,53,36,0,0,0,89,Gao
769,legacy,32,37,69,69,200,False,32,37,0,0,0,69,Gao
770,legacy,32,36,68,68,200,False,32,36,0,0,0,68,Gao
771,legacy,39,37,76,76,200,False,39,37,0,0,0,76,Gao
772,legacy,39,36,75,75,200,False,39,36,0,0,0,75,Gao
773,legacy,54,37,91,91,200,False,54,37,0,0,0,91,Gao
774,legacy,54,36,90,90,200,False,54,36,0,0,0,90,Gao
775,legacy,83,55,138,138,200,False,83,55,0,0,0,138,Gao
776,legacy,63,36,99,99,200,False,63,36,0,0,0,99,Gao
777,legacy,66,36,102,102,200,False,66,36,0,0,0,102,Gao
778,legacy,44,36,80,80,200,False,44,36,0,0,0,80,Gao
779,legacy,50,36,86,86,200,False,50,36,0,0,0,86,Gao
780,legacy,55,36,91,91,200,False,55,36,0,0,0,91,Gao
781,legacy,45,36,81,81,200,False,45,36,0,0,0,81,Gao
782,legacy,53,36,89,89,200,False,53,36,0,0,0,89,Gao
783,legacy,51,36,87,87,200,False,51,36,0,0,0,87,Gao
784,legacy,47,36,83,83,200,False,47,36,0,0,0,83,Gao
785,legacy,114,36,150,150,200,False,114,36,0,0,0,150,Gao
786,legacy,67,36,103,103,200,False,67,36,0,0,0,103,Gao
787,legacy,60,36,96,96,200,False,60,36,0,0,0,96,Gao
788,legacy,72,36,108,108,200,False,72,36,0,0,0,108,Gao
789,legacy,78,36,114,114,200,False,78,36,0,0,0,114,Gao
790,legacy,85,36,121,121,200,False,85,36,0,0,0,121,Gao
791,legacy,78,36,114,114,200,False,78,36,0,0,0,114,Gao
792,legacy,62,36,98,98,200,False,62,36,0,0,0,98,Gao
793,legacy,63,30,93,93,200,False,63,30,0,0,0,93,Gao
794,legacy,52,37,89,89,200,False,52,37,0,0,0,89,Gao
795,legacy,57,37,94,94,200,False,57,37,0,0,0,94,Gao
796,legacy,97,37,134,134,200,False,97,37,0,0,0,134,Gao
797,legacy,69,36,105,105,200,False,69,36,0,0,0,105,Gao
798,legacy,70,37,107,107,200,False,70,37,0,0,0,107,Gao
799,legacy,70,36,106,106,200,False,70,36,0,0,0,106,Gao
800,legacy,68,37,105,105,200,False,68,37,0,0,0,105,Gao
801,legacy,68,36,104,104,200,False,68,36,0,0,0,104,Gao
802,legacy,84,37,121,121,200,False,84,37,0,0,0,121,Gao
803,legacy,47,36,83,83,200,False,47,36,0,0,0,83,Gao
804,legacy,47,36,83,83,200,False,47,36,0,0,0,83,Gao
805,legacy,47,36,83,83,200,False,47,36,0,0,0,83,Gao
806,legacy,63,81,144,144,200,False,63,81,0,0,0,144,Gao
807,legacy,63,89,152,152,200,False,63,89,0,0,0,152,Gao
808,legacy,82,55,137,137,200,False,82,55,0,0,0,137,Gao
809,legacy,46,36,82,82,200,False,46,36,0,0,0,82,Gao
810,legacy,69,36,105,105,200,False,69,36,0,0,0,105,Gao
811,legacy,56,37,93,93,200,False,56,37,0,0,0,93,Gao
812,legacy,82,36,118,118,200,False,82,36,0,0,0,118,Gao
813,legacy,51,36,87,87,200,False,51,36,0,0,0,87,Gao
814,legacy,53,36,89,89,200,False,53,36,0,0,0,89,Gao
815,legacy,70,36,106,106,200,False,70,36,0,0,0,106,Gao
816,legacy,63,36,99,99,200,False,63,36,0,0,0,99,Gao
817,legacy,42,36,78,78,200,False,42,36,0,0,0,78,Gao
818,legacy,42,36,78,78,200,False,42,36,0,0,0,78,Gao
819,legacy,42,36,78,78,200,False,42,36,0,0,0,78,Gao
820,legacy,48,36,84,84,200,False,48,36,0,0,0,84,Gao
821,legacy,60,36,96,96,200,False,60,36,0,0,0,96,Gao
822,legacy,55,36,91,91,200,False,55,36,0,0,0,91,Gao
823,legacy,71,36,107,107,200,False,71,36,0,0,0,107,Gao
824,legacy,39,37,76,76,200,False,39,37,0,0,0,76,Gao
825,legacy,39,37,76,76,200,False,39,37,0,0,0,76,Gao
826,legacy,68,36,104,104,200,False,68,36,0,0,0,104,Gao
827,legacy,77,36,113,113,200,False,77,36,0,0,0,113,Gao
828,legacy,70,37,107,107,200,False,70,37,0,0,0,107,Gao
829,legacy,66,37,103,103,200,False,66,37,0,0,0,103,Gao
830,legacy,100,36,136,136,200,False,100,36,0,0,0,136,Gao
831,legacy,41,36,77,77,200,False,41,36,0,0,0,77,Gao
832,legacy,78,36,114,114,200,False,78,36,0,0,0,114,Gao
833,legacy,83,36,119,119,200,False,83,36,0,0,0,119,Gao
834,legacy,30,37,67,67,200,False,30,37,0,0,0,67,Gao
835,legacy,57,37,94,94,200,False,57,37,0,0,0,94,Gao
836,legacy,57,36,93,93,200,False,57,36,0,0,0,93,Gao
837,legacy,46,37,83,83,200,False,46,37,0,0,0,83,Gao
838,legacy,46,36,82,82,200,False,46,36,0,0,0,82,Gao
839,legacy,52,37,89,89,200,False,52,37,0,0,0,89,Gao
840,legacy,52,36,88,88,200,False,52,36,0,0,0,88,Gao
841,legacy,67,36,103,103,200,False,67,36,0,0,0,103,Gao
842,legacy,64,36,100,100,200,False,64,36,0,0,0,100,Gao
843,legacy,67,36,103,103,200,False,67,36,0,0,0,103,Gao
844,legacy,83,36,119,119,200,False,83,36,0,0,0,119,Gao
845,legacy,83,36,119,119,200,False,83,36,0,0,0,119,Gao
846,legacy,79,36,115,115,200,False,79,36,0,0,0,115,Gao
847,legacy,78,36,114,114,200,False,78,36,0,0,0,114,Gao
848,legacy,77,36,113,113,200,False,77,36,0,0,0,113,Gao
849,legacy,83,36,119,119,200,False,83,36,0,0,0,119,Gao
850,legacy,63,36,99,99,200,False,63,36,0,0,0,99,Gao
851,legacy,63,36,99,99,200,False,63,36,0,0,0,99,Gao
852,legacy,59,36,95,95,200,False,59,36,0,0,0,95,Gao
853,legacy,66,36,102,102,200,False,66,36,0,0,0,102,Gao
854,legacy,78,36,114,114,200,False,78,36,0,0,0,114,Gao
855,legacy,43,36,79,79,200,False,43,36,0,0,0,79,Gao
856,legacy,77,36,113,113,200,False,77,36,0,0,0,113,Gao
857,legacy,85,36,121,121,200,False,85,36,0,0,0,121,Gao
858,legacy,67,36,103,103,200,False,67,36,0,0,0,103,Gao
859,legacy,72,36,108,108,200,False,72,36,0,0,0,108,Gao
860,legacy,72,36,108,108,200,False,72,36,0,0,0,108,Gao
861,legacy,62,36,98,98,200,False,62,36,0,0,0,98,Gao
862,legacy,63,36,99,99,200,False,63,36,0,0,0,99,Gao
863,legacy,70,36,106,106,200,False,70,36,0,0,0,106,Gao
864,legacy,64,36,100,100,200,False,64,36,0,0,0,100,Gao
865,legacy,73,36,109,109,200,False,73,36,0,0,0,109,Gao
866,legacy,74,36,110,110,200,False,74,36,0,0,0,110,Gao
867,legacy,59,37,96,96,200,False,59,37,0,0,0,96,Gao
868,legacy,75,36,111,111,200,False,75,36,0,0,0,111,Gao
869,legacy,52,36,88,88,200,False,52,36,0,0,0,88,Gao
870,legacy,62,36,98,98,200,False,62,36,0,0,0,98,Gao
871,legacy,52,36,88,88,200,False,52,36,0,0,0,88,Gao
872,legacy,54,36,90,90,200,False,54,36,0,0,0,90,Gao
873,legacy,46,36,82,82,200,False,46,36,0,0,0,82,Gao
874,legacy,47,36,83,83,200,False,47,36,0,0,0,83,Gao
875,legacy,47,36,83,83,200,False,47,36,0,0,0,83,Gao
876,legacy,54,36,90,90,200,False,54,36,0,0,0,90,Gao
877,legacy,75,36,111,111,200,False,75,36,0,0,0,111,Gao
878,legacy,62,36,98,98,200,False,62,36,0,0,0,98,Gao
879,legacy,86,36,122,122,200,False,86,36,0,0,0,122,Gao
880,legacy,52,36,88,88,200,False,52,36,0,0,0,88,Gao
881,legacy,49,36,85,85,200,False,49,36,0,0,0,85,Gao
882,legacy,81,36,117,117,200,False,81,36,0,0,0,117,Gao
883,legacy,95,36,131,131,200,False,95,36,0,0,0,131,Gao
884,legacy,81,36,117,117,200,False,81,36,0,0,0,117,Gao
885,legacy,81,36,117,117,200,False,81,36,0,0,0,117,Gao
886,legacy,81,75,156,156,200,False,81,75,0,0,0,156,Gao
887,legacy,67,36,103,103,200,False,67,36,0,0,0,103,Gao
888,legacy,63,36,99,99,200,False,63,36,0,0,0,99,Gao
889,legacy,88,36,124,124,200,False,88,36,0,0,0,124,Gao
890,legacy,68,36,104,104,200,False,68,36,0,0,0,104,Gao
891,legacy,70,3,73,73,200,False,70,3,0,0,0,73,Gao
892,legacy,70,3,73,73,200,False,70,3,0,0,0,73,Gao
893,legacy,67,3,70,70,200,False,67,3,0,0,0,70,Gao
894,legacy,71,36,107,107,200,False,71,36,0,0,0,107,Gao
895,legacy,33,36,69,69,200,False,33,36,0,0,0,69,Gao
896,legacy,55,3,58,58,200,False,55,3,0,0,0,58,Gao
897,legacy,46,3,49,49,200,False,46,3,0,0,0,49,Gao
898,legacy,46,3,49,49,200,False,46,3,0,0,0,49,Gao
899,legacy,63,36,99,99,200,False,63,36,0,0,0,99,Gao
900,legacy,68,36,104,104,200,False,68,36,0,0,0,104,Gao
901,legacy,64,36,100,100,200,False,64,36,0,0,0,100,Gao
902,legacy,66,37,103,103,200,False,66,37,0,0,0,103,Gao
903,legacy,66,39,105,105,200,False,66,39,0,0,0,105,Gao
904,legacy,98,37,135,135,200,False,98,37,0,0,0,135,Gao
905,legacy,55,36,91,91,200,False,55,36,0,0,0,91,Gao
906,legacy,54,36,90,90,200,False,54,36,0,0,0,90,Gao
907,legacy,59,36,95,95,200,False,59,36,0,0,0,95,Gao
908,legacy,61,36,97,97,200,False,61,36,0,0,0,97,Gao
909,legacy,55,36,91,91,200,False,55,36,0,0,0,91,Gao
910,legacy,60,36,96,96,200,False,60,36,0,0,0,96,Gao
911,legacy,80,36,116,116,200,False,80,36,0,0,0,116,Gao
912,legacy,82,36,118,118,200,False,82,36,0,0,0,118,Gao
913,legacy,56,37,93,93,200,False,56,37,0,0,0,93,Gao
914,legacy,86,36,122,122,200,False,86,36,0,0,0,122,Gao
915,legacy,87,36,123,123,200,False,87,36,0,0,0,123,Gao
916,legacy,83,36,119,119,200,False,83,36,0,0,0,119,Gao
917,legacy,79,36,115,115,200,False,79,36,0,0,0,115,Gao
918,legacy,54,37,91,91,200,False,54,37,0,0,0,91,Gao
919,legacy,52,37,89,89,200,False,52,37,0,0,0,89,Gao
920,legacy,65,37,102,102,200,False,65,37,0,0,0,102,Gao
921,legacy,70,37,107,107,200,False,70,37,0,0,0,107,Gao
922,legacy,59,36,95,95,200,False,59,36,0,0,0,95,Gao
923,legacy,59,36,95,95,200,False,59,36,0,0,0,95,Gao
924,legacy,74,36,110,110,200,False,74,36,0,0,0,110,Gao
925,legacy,76,36,112,112,200,False,76,36,0,0,0,112,Gao
926,legacy,67,36,103,103,200,False,67,36,0,0,0,103,Gao
927,legacy,67,36,103,103,200,False,67,36,0,0,0,103,Gao
928,legacy,69,36,105,105,200,False,69,36,0,0,0,105,Gao
929,legacy,71,36,107,107,200,False,71,36,0,0,0,107,Gao
930,legacy,63,36,99,99,200,False,63,36,0,0,0,99,Gao
931,legacy,51,36,87,87,200,False,51,36,0,0,0,87,Gao
932,legacy,70,36,106,106,200,False,70,36,0,0,0,106,Gao
933,legacy,51,36,87,87,200,False,51,36,0,0,0,87,Gao
934,legacy,64,36,100,100,200,False,64,36,0,0,0,100,Gao
935,legacy,68,36,104,104,200,False,68,36,0,0,0,104,Gao
936,legacy,63,50,113,113,200,False,63,50,0,0,0,113,Gao
937,legacy,63,50,113,113,200,False,63,50,0,0,0,113,Gao
938,legacy,63,50,113,113,200,False,63,50,0,0,0,113,Gao
939,legacy,58,36,94,94,200,False,58,36,0,0,0,94,Gao
940,legacy,57,36,93,93,200,False,57,36,0,0,0,93,Gao
941,legacy,63,36,99,99,200,False,63,36,0,0,0,99,Gao
942,legacy,100,37,137,137,200,False,100,37,0,0,0,137,Gao
943,legacy,100,37,137,137,200,False,100,37,0,0,0,137,Gao
944,legacy,46,37,83,83,200,False,46,37,0,0,0,83,Gao
945,legacy,82,36,118,118,200,False,82,36,0,0,0,118,Gao
946,legacy,41,36,77,77,200,False,41,36,0,0,0,77,Gao
947,legacy,52,36,88,88,200,False,52,36,0,0,0,88,Gao
948,legacy,33,36,69,69,200,False,33,36,0,0,0,69,Gao
949,legacy,44,36,80,80,200,False,44,36,0,0,0,80,Gao
950,legacy,43,36,79,79,200,False,43,36,0,0,0,79,Gao
951,legacy,42,36,78,78,200,False,42,36,0,0,0,78,Gao
952,legacy,85,36,121,121,200,False,85,36,0,0,0,121,Gao
953,legacy,85,55,140,140,200,False,85,55,0,0,0,140,Gao
954,legacy,85,64,149,149,200,False,85,64,0,0,0,149,Gao
955,legacy,80,66,146,146,200,False,80,66,0,0,0,146,Gao
956,legacy,35,36,71,71,200,False,35,36,0,0,0,71,Gao
957,legacy,55,37,92,92,200,False,55,37,0,0,0,92,Gao
958,legacy,77,36,113,113,200,False,77,36,0,0,0,113,Gao
959,legacy,93,36,129,129,200,False,93,36,0,0,0,129,Gao
960,legacy,106,36,142,142,200,False,106,36,0,0,0,142,Gao
961,legacy,66,36,102,102,200,False,66,36,0,0,0,102,Gao
962,legacy,59,36,95,95,200,False,59,36,0,0,0,95,Gao
963,legacy,71,52,123,123,200,False,71,52,0,0,0,123,Gao
964,legacy,61,36,97,97,200,False,61,36,0,0,0,97,Gao
965,legacy,54,36,90,90,200,False,54,36,0,0,0,90,Gao
966,legacy,44,36,80,80,200,False,44,36,0,0,0,80,Gao
967,legacy,45,36,81,81,200,False,45,36,0,0,0,81,Gao
968,legacy,91,36,127,127,200,False,91,36,0,0,0,127,Gao
969,legacy,72,37,109,109,200,False,72,37,0,0,0,109,Gao
970,legacy,49,37,86,86,200,False,49,37,0,0,0,86,Gao
971,legacy,54,37,91,91,200,False,54,37,0,0,0,91,Gao
972,legacy,65,36,101,101,200,False,65,36,0,0,0,101,Gao
973,legacy,75,36,111,111,200,False,75,36,0,0,0,111,Gao
974,legacy,16,3,19,19,200,False,16,3,0,0,0,19,Gao
975,legacy,63,28,91,91,200,False,63,28,0,0,0,91,Gao
976,legacy,70,36,106,106,200,False,70,36,0,0,0,106,Gao
977,legacy,71,36,107,107,200,False,71,36,0,0,0,107,Gao
978,legacy,64,36,100,100,200,False,64,36,0,0,0,100,Gao
979,legacy,38,3,41,41,200,False,38,3,0,0,0,41,Gao
980,legacy,42,3,45,45,200,False,42,3,0,0,0,45,Gao
981,legacy,44,3,47,47,200,False,44,3,0,0,0,47,Gao
982,legacy,35,36,71,71,200,False,35,36,0,0,0,71,Gao
983,legacy,70,36,106,106,200,False,70,36,0,0,0,106,Gao
984,legacy,72,36,108,108,200,False,72,36,0,0,0,108,Gao
985,legacy,54,36,90,90,200,False,54,36,0,0,0,90,Gao
986,legacy,69,36,105,105,200,False,69,36,0,0,0,105,Gao
987,legacy,56,36,92,92,200,False,56,36,0,0,0,92,Gao
988,legacy,53,36,89,89,200,False,53,36,0,0,0,89,Gao
989,legacy,90,36,126,126,200,False,90,36,0,0,0,126,Gao
990,legacy,57,36,93,93,200,False,57,36,0,0,0,93,Gao
991,legacy,64,36,100,100,200,False,64,36,0,0,0,100,Gao
992,legacy,92,36,128,128,200,False,92,36,0,0,0,128,Gao
993,legacy,94,36,130,130,200,False,94,36,0,0,0,130,Gao
994,legacy,63,36,99,99,200,False,63,36,0,0,0,99,Gao
995,legacy,64,36,100,100,200,False,64,36,0,0,0,100,Gao
996,legacy,75,36,111,111,200,False,75,36,0,0,0,111,Gao
997,legacy,70,36,106,106,200,False,70,36,0,0,0,106,Gao
998,legacy,72,36,108,108,200,False,72,36,0,0,0,108,Gao
999,legacy,54,36,90,90,200,False,54,36,0,0,0,90,Gao
1000,legacy,43,3,46,46,200,False,43,3,0,0,0,46,Gao
1001,legacy,68,36,104,104,200,False,68,36,0,0,0,104,Gao
1002,legacy,65,36,101,101,200,False,65,36,0,0,0,101,Gao
1003,legacy,66,36,102,102,200,False,66,36,0,0,0,102,Gao
1004,legacy,66,36,102,102,200,False,66,36,0,0,0,102,Gao
1005,legacy,67,37,104,104,200,False,67,37,0,0,0,104,Gao
1006,legacy,67,36,103,103,200,False,67,36,0,0,0,103,Gao
1007,legacy,67,37,104,104,200,False,67,37,0,0,0,104,Gao
1008,legacy,67,36,103,103,200,False,67,36,0,0,0,103,Gao
1009,legacy,67,37,104,104,200,False,67,37,0,0,0,104,Gao
1010,legacy,67,36,103,103,200,False,67,36,0,0,0,103,Gao
1011,legacy,78,37,115,115,200,False,78,37,0,0,0,115,Gao
1012,legacy,78,37,115,115,200,False,78,37,0,0,0,115,Gao
1013,legacy,55,37,92,92,200,False,55,37,0,0,0,92,Gao
1014,legacy,36,3,39,39,200,False,36,3,0,0,0,39,Gao
1015,legacy,42,3,45,45,200,False,42,3,0,0,0,45,Gao
1016,legacy,36,3,39,39,200,False,36,3,0,0,0,39,Gao
1017,legacy,49,36,85,85,200,False,49,36,0,0,0,85,Gao
1018,legacy,69,36,105,105,200,False,69,36,0,0,0,105,Gao
1019,legacy,66,36,102,102,200,False,66,36,0,0,0,102,Gao
1020,legacy,66,36,102,102,200,False,66,36,0,0,0,102,Gao
1021,legacy,70,37,107,107,200,False,70,37,0,0,0,107,Gao
1022,legacy,75,37,112,112,200,False,75,37,0,0,0,112,Gao
1023,legacy,98,36,134,134,200,False,98,36,0,0,0,134,Gao
1024,legacy,116,36,152,152,200,False,116,36,0,0,0,152,Gao
1025,legacy,72,36,108,108,200,False,72,36,0,0,0,108,Gao
1026,legacy,85,36,121,121,200,False,85,36,0,0,0,121,Gao
1027,legacy,66,36,102,102,200,False,66,36,0,0,0,102,Gao
1028,legacy,64,36,100,100,200,False,64,36,0,0,0,100,Gao
1029,legacy,101,36,137,137,200,False,101,36,0,0,0,137,Gao
1030,legacy,98,36,134,134,200,False,98,36,0,0,0,134,Gao
1031,legacy,62,37,99,99,200,False,62,37,0,0,0,99,Gao
1032,legacy,51,37,88,88,200,False,51,37,0,0,0,88,Gao
1033,legacy,60,36,96,96,200,False,60,36,0,0,0,96,Gao
1034,legacy,61,36,97,97,200,False,61,36,0,0,0,97,Gao
1035,legacy,63,37,100,100,200,False,63,37,0,0,0,100,Gao
1036,legacy,67,37,104,104,200,False,67,37,0,0,0,104,Gao
1037,legacy,70,36,106,106,200,False,70,36,0,0,0,106,Gao
1038,legacy,70,36,106,106,200,False,70,36,0,0,0,106,Gao
1039,legacy,65,37,102,102,200,False,65,37,0,0,0,102,Gao
1040,legacy,62,37,99,99,200,False,62,37,0,0,0,99,Gao
1041,legacy,62,37,99,99,200,False,62,37,0,0,0,99,Gao
1042,legacy,64,36,100,100,200,False,64,36,0,0,0,100,Gao
1043,legacy,65,36,101,101,200,False,65,36,0,0,0,101,Gao
1044,legacy,59,37,96,96,200,False,59,37,0,0,0,96,Gao
1045,legacy,59,37,96,96,200,False,59,37,0,0,0,96,Gao
1046,legacy,54,37,91,91,200,False,54,37,0,0,0,91,Gao
1047,legacy,63,37,100,100,200,False,63,37,0,0,0,100,Gao
1048,legacy,32,37,69,69,200,False,32,37,0,0,0,69,Gao
1049,legacy,77,36,113,113,200,False,77,36,0,0,0,113,Gao
1050,legacy,79,36,115,115,200,False,79,36,0,0,0,115,Gao
1051,legacy,35,37,72,72,200,False,35,37,0,0,0,72,Gao
1052,legacy,35,37,72,72,200,False,35,37,0,0,0,72,Gao
1053,legacy,65,37,102,102,200,False,65,37,0,0,0,102,Gao
1054,legacy,64,37,101,101,200,False,64,37,0,0,0,101,Gao
1055,legacy,65,37,102,102,200,False,65,37,0,0,0,102,Gao
1056,legacy,65,37,102,102,200,False,65,37,0,0,0,102,Gao
1057,legacy,65,37,102,102,200,False,65,37,0,0,0,102,Gao
1058,legacy,67,37,104,104,200,False,67,37,0,0,0,104,Gao
1059,legacy,66,37,103,103,200,False,66,37,0,0,0,103,Gao
1060,legacy,67,37,104,104,200,False,67,37,0,0,0,104,Gao
1061,legacy,107,36,143,143,200,False,107,36,0,0,0,143,Gao
1062,legacy,91,36,127,127,200,False,91,36,0,0,0,127,Gao
1063,legacy,60,37,97,97,200,False,60,37,0,0,0,97,Gao
1064,legacy,57,37,94,94,200,False,57,37,0,0,0,94,Gao
1065,legacy,68,37,105,105,200,False,68,37,0,0,0,105,Gao
1066,legacy,67,37,104,104,200,False,67,37,0,0,0,104,Gao
1067,legacy,79,55,134,134,200,False,79,55,0,0,0,134,Gao
1068,legacy,66,36,102,102,200,False,66,36,0,0,0,102,Gao
1069,legacy,51,36,87,87,200,False,51,36,0,0,0,87,Gao
1070,legacy,53,36,89,89,200,False,53,36,0,0,0,89,Gao
1071,legacy,50,3,53,53,200,False,50,3,0,0,0,53,Gao
1072,legacy,50,3,53,53,200,False,50,3,0,0,0,53,Gao
1073,legacy,50,3,53,53,200,False,50,3,0,0,0,53,Gao
1074,legacy,62,3,65,65,200,False,62,3,0,0,0,65,Gao
1075,legacy,64,3,67,67,200,False,64,3,0,0,0,67,Gao
1076,legacy,64,37,101,101,200,False,64,37,0,0,0,101,Gao
1077,legacy,72,37,109,109,200,False,72,37,0,0,0,109,Gao
1078,legacy,74,37,111,111,200,False,74,37,0,0,0,111,Gao
1079,legacy,65,37,102,102,200,False,65,37,0,0,0,102,Gao
1080,legacy,61,37,98,98,200,False,61,37,0,0,0,98,Gao
1081,legacy,78,37,115,115,200,False,78,37,0,0,0,115,Gao
1082,legacy,78,36,114,114,200,False,78,36,0,0,0,114,Gao
1083,legacy,103,36,139,139,200,False,103,36,0,0,0,139,Gao
1084,legacy,66,36,102,102,200,False,66,36,0,0,0,102,Gao
1085,legacy,36,36,72,72,200,False,36,36,0,0,0,72,Gao
1086,legacy,67,36,103,103,200,False,67,36,0,0,0,103,Gao
1087,legacy,46,36,82,82,200,False,46,36,0,0,0,82,Gao
1088,legacy,66,36,102,102,200,False,66,36,0,0,0,102,Gao
1089,legacy,67,36,103,103,200,False,67,36,0,0,0,103,Gao
1090,legacy,47,36,83,83,200,False,47,36,0,0,0,83,Gao
1091,legacy,49,36,85,85,200,False,49,36,0,0,0,85,Gao
1092,legacy,55,36,91,91,200,False,55,36,0,0,0,91,Gao
1093,legacy,48,36,84,84,200,False,48,36,0,0,0,84,Gao
1094,legacy,47,36,83,83,200,False,47,36,0,0,0,83,Gao
1095,legacy,54,37,91,91,200,False,54,37,0,0,0,91,Gao
1096,legacy,56,36,92,92,200,False,56,36,0,0,0,92,Gao
1097,legacy,62,37,99,99,200,False,62,37,0,0,0,99,Gao
1098,legacy,57,37,94,94,200,False,57,37,0,0,0,94,Gao
1099,legacy,54,37,91,91,200,False,54,37,0,0,0,91,Gao
1100,legacy,73,37,110,110,200,False,73,37,0,0,0,110,Gao
1101,legacy,56,37,93,93,200,False,56,37,0,0,0,93,Gao
1102,legacy,60,36,96,96,200,False,60,36,0,0,0,96,Gao
1103,legacy,67,36,103,103,200,False,67,36,0,0,0,103,Gao
1104,legacy,106,37,143,143,200,False,106,37,0,0,0,143,Gao
1105,legacy,68,36,104,104,200,False,68,36,0,0,0,104,Gao
1106,legacy,64,36,100,100,200,False,64,36,0,0,0,100,Gao
1107,legacy,29,36,65,65,200,False,29,36,0,0,0,65,Gao
1108,legacy,62,36,98,98,200,False,62,36,0,0,0,98,Gao
1109,legacy,97,37,134,134,200,False,97,37,0,0,0,134,Gao
1110,legacy,75,37,112,112,200,False,75,37,0,0,0,112,Gao
1111,legacy,110,37,147,147,200,False,110,37,0,0,0,147,Gao
1112,legacy,66,36,102,102,200,False,66,36,0,0,0,102,Gao
1113,legacy,58,55,113,113,200,False,58,55,0,0,0,113,Gao
1114,legacy,75,36,111,111,200,False,75,36,0,0,0,111,Gao
1115,legacy,66,37,103,103,200,False,66,37,0,0,0,103,Gao
1116,legacy,38,36,74,74,200,False,38,36,0,0,0,74,Gao
1117,legacy,59,36,95,95,200,False,59,36,0,0,0,95,Gao
1118,legacy,88,36,124,124,200,False,88,36,0,0,0,124,Gao
1119,legacy,71,36,107,107,200,False,71,36,0,0,0,107,Gao
1120,legacy,71,36,107,107,200,False,71,36,0,0,0,107,Gao
1121,legacy,57,36,93,93,200,False,57,36,0,0,0,93,Gao
1122,legacy,53,37,90,90,200,False,53,37,0,0,0,90,Gao
1123,legacy,62,37,99,99,200,False,62,37,0,0,0,99,Gao
1124,legacy,52,37,89,89,200,False,52,37,0,0,0,89,Gao
1125,legacy,86,37,123,123,200,False,86,37,0,0,0,123,Gao
1126,legacy,62,37,99,99,200,False,62,37,0,0,0,99,Gao
1127,legacy,44,3,47,47,200,False,44,3,0,0,0,47,Gao
1128,legacy,62,36,98,98,200,False,62,36,0,0,0,98,Gao
1129,legacy,58,36,94,94,200,False,58,36,0,0,0,94,Gao
1130,legacy,69,56,125,125,200,False,69,56,0,0,0,125,Gao
1131,legacy,69,80,149,149,200,False,69,80,0,0,0,149,Gao
1132,legacy,73,37,110,110,200,False,73,37,0,0,0,110,Gao
1133,legacy,68,55,123,123,200,False,68,55,0,0,0,123,Gao
1134,legacy,53,36,89,89,200,False,53,36,0,0,0,89,Gao
1135,legacy,55,36,91,91,200,False,55,36,0,0,0,91,Gao
1136,legacy,72,36,108,108,200,False,72,36,0,0,0,108,Gao
1137,legacy,68,36,104,104,200,False,68,36,0,0,0,104,Gao
1138,legacy,64,37,101,101,200,False,64,37,0,0,0,101,Gao
1139,legacy,63,36,99,99,200,False,63,36,0,0,0,99,Gao
1140,legacy,53,37,90,90,200,False,53,37,0,0,0,90,Gao
1141,legacy,50,37,87,87,200,False,50,37,0,0,0,87,Gao
1142,legacy,55,37,92,92,200,False,55,37,0,0,0,92,Gao
1143,legacy,49,37,86,86,200,False,49,37,0,0,0,86,Gao
1144,legacy,67,36,103,103,200,False,67,36,0,0,0,103,Gao
1145,legacy,75,36,111,111,200,False,75,36,0,0,0,111,Gao
1146,legacy,62,36,98,98,200,False,62,36,0,0,0,98,Gao
1147,legacy,78,36,114,114,200,False,78,36,0,0,0,114,Gao
1148,legacy,75,36,111,111,200,False,75,36,0,0,0,111,Gao
1149,legacy,55,37,92,92,200,False,55,37,0,0,0,92,Gao
1150,legacy,55,36,91,91,200,False,55,36,0,0,0,91,Gao
1151,legacy,63,37,100,100,200,False,63,37,0,0,0,100,Gao
1152,legacy,65,37,102,102,200,False,65,37,0,0,0,102,Gao
1153,legacy,56,37,93,93,200,False,56,37,0,0,0,93,Gao
1154,legacy,64,37,101,101,200,False,64,37,0,0,0,101,Gao
1155,legacy,64,36,100,100,200,False,64,36,0,0,0,100,Gao
1156,legacy,66,37,103,103,200,False,66,37,0,0,0,103,Gao
1157,legacy,59,37,96,96,200,False,59,37,0,0,0,96,Gao
1158,legacy,51,37,88,88,200,False,51,37,0,0,0,88,Gao
1159,legacy,64,36,100,100,200,False,64,36,0,0,0,100,Gao
1160,legacy,64,36,100,100,200,False,64,36,0,0,0,100,Gao
1161,legacy,73,55,128,128,200,False,73,55,0,0,0,128,Gao
1162,legacy,84,36,120,120,200,False,84,36,0,0,0,120,Gao
1163,legacy,72,36,108,108,200,False,72,36,0,0,0,108,Gao
1164,legacy,78,36,114,114,200,False,78,36,0,0,0,114,Gao
1165,legacy,71,36,107,107,200,False,71,36,0,0,0,107,Gao
1166,legacy,85,36,121,121,200,False,85,36,0,0,0,121,Gao
1167,legacy,79,37,116,116,200,False,79,37,0,0,0,116,Gao
1168,legacy,72,55,127,127,200,False,72,55,0,0,0,127,Gao
1169,legacy,78,55,133,133,200,False,78,55,0,0,0,133,Gao
1170,legacy,79,55,134,134,200,False,79,55,0,0,0,134,Gao
1171,legacy,27,3,30,30,200,False,27,3,0,0,0,30,Gao
1172,legacy,27,80,107,107,200,False,27,80,0,0,0,107,Gao
1173,legacy,47,3,50,50,200,False,47,3,0,0,0,50,Gao
1174,legacy,49,3,52,52,200,False,49,3,0,0,0,52,Gao
1175,legacy,49,3,52,52,200,False,49,3,0,0,0,52,Gao
1176,legacy,49,3,52,52,200,False,49,3,0,0,0,52,Gao
1177,legacy,57,55,112,112,200,False,57,55,0,0,0,112,Gao
1178,legacy,62,55,117,117,200,False,62,55,0,0,0,117,Gao
1179,legacy,61,37,98,98,200,False,61,37,0,0,0,98,Gao
1180,legacy,83,36,119,119,200,False,83,36,0,0,0,119,Gao
1181,legacy,83,36,119,119,200,False,83,36,0,0,0,119,Gao
1182,legacy,53,36,89,89,200,False,53,36,0,0,0,89,Gao
1183,legacy,66,36,102,102,200,False,66,36,0,0,0,102,Gao
1184,legacy,76,36,112,112,200,False,76,36,0,0,0,112,Gao
1185,legacy,65,36,101,101,200,False,65,36,0,0,0,101,Gao
1186,legacy,54,37,91,91,200,False,54,37,0,0,0,91,Gao
1187,legacy,54,37,91,91,200,False,54,37,0,0,0,91,Gao
1188,legacy,54,37,91,91,200,False,54,37,0,0,0,91,Gao
1189,legacy,56,37,93,93,200,False,56,37,0,0,0,93,Gao
1190,legacy,93,55,148,148,200,False,93,55,0,0,0,148,Gao
1191,legacy,80,36,116,116,200,False,80,36,0,0,0,116,Gao
1192,legacy,80,75,155,155,200,False,80,75,0,0,0,155,Gao
1193,legacy,75,55,130,130,200,False,75,55,0,0,0,130,Gao
1194,legacy,78,36,114,114,200,False,78,36,0,0,0,114,Gao
1195,legacy,78,55,133,133,200,False,78,55,0,0,0,133,Gao
1196,legacy,82,36,118,118,200,False,82,36,0,0,0,118,Gao
1197,legacy,82,55,137,137,200,False,82,55,0,0,0,137,Gao
1198,legacy,62,55,117,117,200,False,62,55,0,0,0,117,Gao
1199,legacy,68,55,123,123,200,False,68,55,0,0,0,123,Gao
1200,legacy,67,36,103,103,200,False,67,36,0,0,0,103,Gao
1201,legacy,57,36,93,93,200,False,57,36,0,0,0,93,Gao
1202,legacy,63,36,99,99,200,False,63,36,0,0,0,99,Gao
1203,legacy,65,36,101,101,200,False,65,36,0,0,0,101,Gao
1204,legacy,65,36,101,101,200,False,65,36,0,0,0,101,Gao
1205,legacy,96,37,133,133,200,False,96,37,0,0,0,133,Gao
1206,legacy,121,36,157,157,200,False,121,36,0,0,0,157,Gao
1207,legacy,59,36,95,95,200,False,59,36,0,0,0,95,Gao
1208,legacy,65,37,102,102,200,False,65,37,0,0,0,102,Gao
1209,legacy,45,36,81,81,200,False,45,36,0,0,0,81,Gao
1210,legacy,63,36,99,99,200,False,63,36,0,0,0,99,Gao
1211,legacy,59,36,95,95,200,False,59,36,0,0,0,95,Gao
1212,legacy,56,36,92,92,200,False,56,36,0,0,0,92,Gao
1213,legacy,62,36,98,98,200,False,62,36,0,0,0,98,Gao
1214,legacy,56,37,93,93,200,False,56,37,0,0,0,93,Gao
1215,legacy,59,75,134,134,200,False,59,75,0,0,0,134,Gao
1216,legacy,59,36,95,95,200,False,59,36,0,0,0,95,Gao
1217,legacy,50,3,53,53,200,False,50,3,0,0,0,53,Gao
1218,legacy,57,3,60,60,200,False,57,3,0,0,0,60,Gao
1219,legacy,82,55,137,137,200,False,82,55,0,0,0,137,Gao
1220,legacy,61,36,97,97,200,False,61,36,0,0,0,97,Gao
1221,legacy,59,36,95,95,200,False,59,36,0,0,0,95,Gao
1222,legacy,66,36,102,102,200,False,66,36,0,0,0,102,Gao
1223,legacy,67,36,103,103,200,False,67,36,0,0,0,103,Gao
1224,legacy,52,36,88,88,200,False,52,36,0,0,0,88,Gao
1225,legacy,58,36,94,94,200,False,58,36,0,0,0,94,Gao
1226,legacy,76,36,112,112,200,False,76,36,0,0,0,112,Gao
1227,legacy,70,36,106,106,200,False,70,36,0,0,0,106,Gao
1228,legacy,83,36,119,119,200,False,83,36,0,0,0,119,Gao
1229,legacy,60,36,96,96,200,False,60,36,0,0,0,96,Gao
1230,legacy,55,36,91,91,200,False,55,36,0,0,0,91,Gao
1231,legacy,58,36,94,94,200,False,58,36,0,0,0,94,Gao
1232,legacy,60,36,96,96,200,False,60,36,0,0,0,96,Gao
1233,legacy,77,36,113,113,200,False,77,36,0,0,0,113,Gao
1234,legacy,74,36,110,110,200,False,74,36,0,0,0,110,Gao
1235,legacy,78,36,114,114,200,False,78,36,0,0,0,114,Gao
1236,legacy,69,37,106,106,200,False,69,37,0,0,0,106,Gao
1237,legacy,63,36,99,99,200,False,63,36,0,0,0,99,Gao
1238,legacy,68,36,104,104,200,False,68,36,0,0,0,104,Gao
1239,legacy,62,36,98,98,200,False,62,36,0,0,0,98,Gao
1240,legacy,67,36,103,103,200,False,67,36,0,0,0,103,Gao
1241,legacy,43,36,79,79,200,False,43,36,0,0,0,79,Gao
1242,legacy,34,36,70,70,200,False,34,36,0,0,0,70,Gao
1243,legacy,72,36,108,108,200,False,72,36,0,0,0,108,Gao
1244,legacy,74,36,110,110,200,False,74,36,0,0,0,110,Gao
1245,legacy,77,64,141,141,200,False,77,64,0,0,0,141,Gao
1246,legacy,77,36,113,113,200,False,77,36,0,0,0,113,Gao
1247,legacy,64,64,128,128,200,False,64,64,0,0,0,128,Gao
1248,legacy,73,68,141,141,200,False,73,68,0,0,0,141,Gao
1249,legacy,75,72,147,147,200,False,75,72,0,0,0,147,Gao
0,role_aware,73,76,149,150,200,False,73,76,1,0,0,150,in-house
1,role_aware,67,76,143,144,200,False,67,76,1,0,0,144,in-house
2,role_aware,67,75,142,143,200,False,67,75,1,0,0,143,in-house
3,role_aware,53,84,137,138,200,False,53,84,1,0,0,138,in-house
4,role_aware,67,87,154,155,200,False,67,87,1,0,0,155,in-house
5,role_aware,53,85,138,139,200,False,53,85,1,0,0,139,in-house
6,role_aware,53,76,129,130,200,False,53,76,1,0,0,130,in-house
7,role_aware,73,68,141,142,200,False,73,68,1,0,0,142,in-house
8,role_aware,73,69,142,143,200,False,73,69,1,0,0,143,in-house
9,role_aware,53,77,130,131,200,False,53,77,1,0,0,131,in-house
10,role_aware,67,78,145,146,200,False,67,78,1,0,0,146,in-house
11,role_aware,52,74,126,127,200,False,52,74,1,0,0,127,in-house
12,role_aware,67,74,141,142,200,False,67,74,1,0,0,142,in-house
13,role_aware,67,78,145,146,200,False,67,78,1,0,0,146,in-house
14,role_aware,73,74,147,148,200,False,73,74,1,0,0,148,in-house
15,role_aware,83,76,159,160,200,False,83,76,1,0,0,160,in-house
16,role_aware,65,76,141,142,200,False,65,76,1,0,0,142,in-house
17,role_aware,67,76,143,144,200,False,67,76,1,0,0,144,in-house
18,role_aware,73,76,149,150,200,False,73,76,1,0,0,150,in-house
19,role_aware,67,78,145,146,200,False,67,78,1,0,0,146,in-house
20,role_aware,73,69,142,143,200,False,73,69,1,0,0,143,in-house
21,role_aware,65,69,134,135,200,False,65,69,1,0,0,135,in-house
22,role_aware,77,76,153,154,200,False,77,76,1,0,0,154,in-house
23,role_aware,73,69,142,143,200,False,73,69,1,0,0,143,in-house
24,role_aware,73,76,149,150,200,False,73,76,1,0,0,150,in-house
25,role_aware,65,76,141,142,200,False,65,76,1,0,0,142,in-house
26,role_aware,67,79,146,147,200,False,67,79,1,0,0,147,in-house
27,role_aware,87,76,163,164,200,False,87,76,1,0,0,164,in-house
28,role_aware,67,82,149,150,200,False,67,82,1,0,0,150,in-house
29,role_aware,67,94,161,162,200,False,67,94,1,0,0,162,in-house
30,role_aware,64,73,137,138,200,False,64,73,1,0,0,138,in-house
31,role_aware,61,68,129,130,200,False,61,68,1,0,0,130,in-house
32,role_aware,67,89,156,157,200,False,67,89,1,0,0,157,in-house
33,role_aware,67,86,153,154,200,False,67,86,1,0,0,154,in-house
34,role_aware,67,75,142,143,200,False,67,75,1,0,0,143,in-house
35,role_aware,65,68,133,134,200,False,65,68,1,0,0,134,in-house
36,role_aware,65,68,133,134,200,False,65,68,1,0,0,134,in-house
37,role_aware,88,76,164,165,200,False,88,76,1,0,0,165,in-house
38,role_aware,73,69,142,143,200,False,73,69,1,0,0,143,in-house
39,role_aware,81,76,157,158,200,False,81,76,1,0,0,158,in-house
40,role_aware,74,84,158,159,200,False,74,84,1,0,0,159,in-house
41,role_aware,67,93,160,161,200,False,67,93,1,0,0,161,in-house
42,role_aware,67,101,168,169,200,False,67,101,1,0,0,169,in-house
43,role_aware,67,71,138,139,200,False,67,71,1,0,0,139,in-house
44,role_aware,67,81,148,149,200,False,67,81,1,0,0,149,in-house
45,role_aware,67,71,138,139,200,False,67,71,1,0,0,139,in-house
46,role_aware,67,82,149,150,200,False,67,82,1,0,0,150,in-house
47,role_aware,73,70,143,144,200,False,73,70,1,0,0,144,in-house
48,role_aware,74,83,157,158,200,False,74,83,1,0,0,158,in-house
49,role_aware,67,69,136,137,200,False,67,69,1,0,0,137,in-house
50,role_aware,72,77,149,150,200,False,72,77,1,0,0,150,in-house
51,role_aware,73,68,141,142,200,False,73,68,1,0,0,142,in-house
52,role_aware,73,78,151,152,200,False,73,78,1,0,0,152,in-house
53,role_aware,45,76,121,122,200,False,45,76,1,0,0,122,in-house
54,role_aware,67,84,151,152,200,False,67,84,1,0,0,152,in-house
55,role_aware,74,88,162,163,200,False,74,88,1,0,0,163,in-house
56,role_aware,67,78,145,146,200,False,67,78,1,0,0,146,in-house
57,role_aware,53,64,117,118,200,False,53,64,1,0,0,118,in-house
58,role_aware,68,90,158,159,200,False,68,90,1,0,0,159,in-house
59,role_aware,82,67,149,150,200,False,82,67,1,0,0,150,in-house
60,role_aware,74,69,143,144,200,False,74,69,1,0,0,144,in-house
61,role_aware,74,74,148,149,200,False,74,74,1,0,0,149,in-house
62,role_aware,74,82,156,157,200,False,74,82,1,0,0,157,in-house
63,role_aware,74,70,144,145,200,False,74,70,1,0,0,145,in-house
64,role_aware,58,80,138,139,200,False,58,80,1,0,0,139,in-house
65,role_aware,67,68,135,136,200,False,67,68,1,0,0,136,in-house
66,role_aware,65,68,133,134,200,False,65,68,1,0,0,134,in-house
67,role_aware,67,73,140,141,200,False,67,73,1,0,0,141,in-house
68,role_aware,74,77,151,152,200,False,74,77,1,0,0,152,in-house
69,role_aware,73,78,151,152,200,False,73,78,1,0,0,152,in-house
70,role_aware,68,68,136,137,200,False,68,68,1,0,0,137,in-house
71,role_aware,67,93,160,161,200,False,67,93,1,0,0,161,in-house
72,role_aware,71,76,147,148,200,False,71,76,1,0,0,148,in-house
73,role_aware,66,60,126,127,200,False,66,60,1,0,0,127,in-house
74,role_aware,76,76,152,153,200,False,76,76,1,0,0,153,in-house
75,role_aware,74,60,134,135,200,False,74,60,1,0,0,135,in-house
76,role_aware,72,89,161,162,200,False,72,89,1,0,0,162,in-house
77,role_aware,67,93,160,161,200,False,67,93,1,0,0,161,in-house
78,role_aware,53,55,108,109,200,False,53,55,1,0,0,109,in-house
79,role_aware,74,88,162,163,200,False,74,88,1,0,0,163,in-house
80,role_aware,82,70,152,153,200,False,82,70,1,0,0,153,in-house
81,role_aware,74,88,162,163,200,False,74,88,1,0,0,163,in-house
82,role_aware,53,74,127,128,200,False,53,74,1,0,0,128,in-house
83,role_aware,74,89,163,164,200,False,74,89,1,0,0,164,in-house
84,role_aware,53,57,110,111,200,False,53,57,1,0,0,111,in-house
85,role_aware,67,68,135,136,200,False,67,68,1,0,0,136,in-house
86,role_aware,70,76,146,147,200,False,70,76,1,0,0,147,in-house
87,role_aware,65,68,133,134,200,False,65,68,1,0,0,134,in-house
88,role_aware,65,57,122,123,200,False,65,57,1,0,0,123,in-house
89,role_aware,71,68,139,140,200,False,71,68,1,0,0,140,in-house
90,role_aware,65,75,140,141,200,False,65,75,1,0,0,141,in-house
91,role_aware,53,67,120,121,200,False,53,67,1,0,0,121,in-house
92,role_aware,74,74,148,149,200,False,74,74,1,0,0,149,in-house
93,role_aware,53,63,116,117,200,False,53,63,1,0,0,117,in-house
94,role_aware,72,81,153,154,200,False,72,81,1,0,0,154,in-house
95,role_aware,67,84,151,152,200,False,67,84,1,0,0,152,in-house
96,role_aware,75,76,151,152,200,False,75,76,1,0,0,152,in-house
97,role_aware,73,67,140,141,200,False,73,67,1,0,0,141,in-house
98,role_aware,67,75,142,143,200,False,67,75,1,0,0,143,in-house
99,role_aware,58,68,126,127,200,False,58,68,1,0,0,127,in-house
100,role_aware,67,56,123,124,200,False,67,56,1,0,0,124,in-house
101,role_aware,74,95,169,170,200,False,74,95,1,0,0,170,in-house
102,role_aware,72,83,155,156,200,False,72,83,1,0,0,156,in-house
103,role_aware,67,66,133,134,200,False,67,66,1,0,0,134,in-house
104,role_aware,74,75,149,150,200,False,74,75,1,0,0,150,in-house
105,role_aware,79,76,155,156,200,False,79,76,1,0,0,156,in-house
106,role_aware,63,68,131,132,200,False,63,68,1,0,0,132,in-house
107,role_aware,69,82,151,152,200,False,69,82,1,0,0,152,in-house
108,role_aware,73,75,148,149,200,False,73,75,1,0,0,149,in-house
109,role_aware,67,94,161,162,200,False,67,94,1,0,0,162,in-house
110,role_aware,67,102,169,170,200,False,67,102,1,0,0,170,in-house
111,role_aware,77,76,153,154,200,False,77,76,1,0,0,154,in-house
112,role_aware,74,75,149,150,200,False,74,75,1,0,0,150,in-house
113,role_aware,67,80,147,148,200,False,67,80,1,0,0,148,in-house
114,role_aware,83,76,159,160,200,False,83,76,1,0,0,160,in-house
115,role_aware,65,71,136,137,200,False,65,71,1,0,0,137,in-house
116,role_aware,53,72,125,126,200,False,53,72,1,0,0,126,in-house
117,role_aware,67,93,160,161,200,False,67,93,1,0,0,161,in-house
118,role_aware,53,70,123,124,200,False,53,70,1,0,0,124,in-house
119,role_aware,67,101,168,169,200,False,67,101,1,0,0,169,in-house
120,role_aware,61,55,116,117,200,False,61,55,1,0,0,117,in-house
121,role_aware,67,75,142,143,200,False,67,75,1,0,0,143,in-house
122,role_aware,67,60,127,128,200,False,67,60,1,0,0,128,in-house
123,role_aware,37,66,103,104,200,False,37,66,1,0,0,104,in-house
124,role_aware,67,93,160,161,200,False,67,93,1,0,0,161,in-house
125,role_aware,78,76,154,155,200,False,78,76,1,0,0,155,in-house
126,role_aware,74,74,148,149,200,False,74,74,1,0,0,149,in-house
127,role_aware,53,72,125,126,200,False,53,72,1,0,0,126,in-house
128,role_aware,74,60,134,135,200,False,74,60,1,0,0,135,in-house
129,role_aware,74,84,158,159,200,False,74,84,1,0,0,159,in-house
130,role_aware,65,89,154,155,200,False,65,89,1,0,0,155,in-house
131,role_aware,63,67,130,131,200,False,63,67,1,0,0,131,in-house
132,role_aware,65,75,140,141,200,False,65,75,1,0,0,141,in-house
133,role_aware,70,72,142,143,200,False,70,72,1,0,0,143,in-house
134,role_aware,61,72,133,134,200,False,61,72,1,0,0,134,in-house
135,role_aware,67,67,134,135,200,False,67,67,1,0,0,135,in-house
136,role_aware,67,86,153,154,200,False,67,86,1,0,0,154,in-house
137,role_aware,74,86,160,161,200,False,74,86,1,0,0,161,in-house
138,role_aware,73,76,149,150,200,False,73,76,1,0,0,150,in-house
139,role_aware,70,67,137,138,200,False,70,67,1,0,0,138,in-house
140,role_aware,65,72,137,138,200,False,65,72,1,0,0,138,in-house
141,role_aware,69,67,136,137,200,False,69,67,1,0,0,137,in-house
142,role_aware,73,64,137,138,200,False,73,64,1,0,0,138,in-house
143,role_aware,53,55,108,109,200,False,53,55,1,0,0,109,in-house
144,role_aware,53,83,136,137,200,False,53,83,1,0,0,137,in-house
145,role_aware,74,66,140,141,200,False,74,66,1,0,0,141,in-house
146,role_aware,67,73,140,141,200,False,67,73,1,0,0,141,in-house
147,role_aware,68,66,134,135,200,False,68,66,1,0,0,135,in-house
148,role_aware,74,88,162,163,200,False,74,88,1,0,0,163,in-house
149,role_aware,53,83,136,137,200,False,53,83,1,0,0,137,in-house
150,role_aware,74,96,170,171,200,False,74,96,1,0,0,171,in-house
151,role_aware,72,96,168,169,200,False,72,96,1,0,0,169,in-house
152,role_aware,74,70,144,145,200,False,74,70,1,0,0,145,in-house
153,role_aware,72,96,168,169,200,False,72,96,1,0,0,169,in-house
154,role_aware,71,68,139,140,200,False,71,68,1,0,0,140,in-house
155,role_aware,61,71,132,133,200,False,61,71,1,0,0,133,in-house
156,role_aware,67,66,133,134,200,False,67,66,1,0,0,134,in-house
157,role_aware,65,78,143,144,200,False,65,78,1,0,0,144,in-house
158,role_aware,67,104,171,172,200,False,67,104,1,0,0,172,in-house
159,role_aware,74,74,148,149,200,False,74,74,1,0,0,149,in-house
160,role_aware,74,68,142,143,200,False,74,68,1,0,0,143,in-house
161,role_aware,74,73,147,148,200,False,74,73,1,0,0,148,in-house
162,role_aware,74,60,134,135,200,False,74,60,1,0,0,135,in-house
163,role_aware,69,73,142,143,200,False,69,73,1,0,0,143,in-house
164,role_aware,67,67,134,135,200,False,67,67,1,0,0,135,in-house
165,role_aware,92,76,168,169,200,False,92,76,1,0,0,169,in-house
166,role_aware,69,80,149,150,200,False,69,80,1,0,0,150,in-house
167,role_aware,67,76,143,144,200,False,67,76,1,0,0,144,in-house
168,role_aware,70,55,125,126,200,False,70,55,1,0,0,126,in-house
169,role_aware,74,75,149,150,200,False,74,75,1,0,0,150,in-house
170,role_aware,74,72,146,147,200,False,74,72,1,0,0,147,in-house
171,role_aware,69,96,165,166,200,False,69,96,1,0,0,166,in-house
172,role_aware,89,76,165,166,200,False,89,76,1,0,0,166,in-house
173,role_aware,74,86,160,161,200,False,74,86,1,0,0,161,in-house
174,role_aware,59,71,130,131,200,False,59,71,1,0,0,131,in-house
175,role_aware,49,68,117,118,200,False,49,68,1,0,0,118,in-house
176,role_aware,61,96,157,158,200,False,61,96,1,0,0,158,in-house
177,role_aware,51,68,119,120,200,False,51,68,1,0,0,120,in-house
178,role_aware,73,66,139,140,200,False,73,66,1,0,0,140,in-house
179,role_aware,65,67,132,133,200,False,65,67,1,0,0,133,in-house
180,role_aware,63,66,129,130,200,False,63,66,1,0,0,130,in-house
181,role_aware,66,66,132,133,200,False,66,66,1,0,0,133,in-house
182,role_aware,70,66,136,137,200,False,70,66,1,0,0,137,in-house
183,role_aware,65,85,150,151,200,False,65,85,1,0,0,151,in-house
184,role_aware,65,67,132,133,200,False,65,67,1,0,0,133,in-house
185,role_aware,74,68,142,143,200,False,74,68,1,0,0,143,in-house
186,role_aware,65,86,151,152,200,False,65,86,1,0,0,152,in-house
187,role_aware,85,67,152,153,200,False,85,67,1,0,0,153,in-house
188,role_aware,67,75,142,143,200,False,67,75,1,0,0,143,in-house
189,role_aware,74,79,153,154,200,False,74,79,1,0,0,154,in-house
190,role_aware,74,66,140,141,200,False,74,66,1,0,0,141,in-house
191,role_aware,69,77,146,147,200,False,69,77,1,0,0,147,in-house
192,role_aware,67,55,122,123,200,False,67,55,1,0,0,123,in-house
193,role_aware,70,75,145,146,200,False,70,75,1,0,0,146,in-house
194,role_aware,66,55,121,122,200,False,66,55,1,0,0,122,in-house
195,role_aware,66,58,124,125,200,False,66,58,1,0,0,125,in-house
196,role_aware,73,70,143,144,200,False,73,70,1,0,0,144,in-house
197,role_aware,70,66,136,137,200,False,70,66,1,0,0,137,in-house
198,role_aware,74,60,134,135,200,False,74,60,1,0,0,135,in-house
199,role_aware,73,73,146,147,200,False,73,73,1,0,0,147,in-house
200,role_aware,67,99,166,167,200,False,67,99,1,0,0,167,in-house
201,role_aware,65,66,131,132,200,False,65,66,1,0,0,132,in-house
202,role_aware,72,67,139,140,200,False,72,67,1,0,0,140,in-house
203,role_aware,74,84,158,159,200,False,74,84,1,0,0,159,in-house
204,role_aware,67,72,139,140,200,False,67,72,1,0,0,140,in-house
205,role_aware,74,68,142,143,200,False,74,68,1,0,0,143,in-house
206,role_aware,65,68,133,134,200,False,65,68,1,0,0,134,in-house
207,role_aware,65,70,135,136,200,False,65,70,1,0,0,136,in-house
208,role_aware,69,70,139,140,200,False,69,70,1,0,0,140,in-house
209,role_aware,74,73,147,148,200,False,74,73,1,0,0,148,in-house
210,role_aware,74,67,141,142,200,False,74,67,1,0,0,142,in-house
211,role_aware,74,77,151,152,200,False,74,77,1,0,0,152,in-house
212,role_aware,74,68,142,143,200,False,74,68,1,0,0,143,in-house
213,role_aware,74,73,147,148,200,False,74,73,1,0,0,148,in-house
214,role_aware,74,74,148,149,200,False,74,74,1,0,0,149,in-house
215,role_aware,74,78,152,153,200,False,74,78,1,0,0,153,in-house
216,role_aware,74,60,134,135,200,False,74,60,1,0,0,135,in-house
217,role_aware,72,91,163,164,200,False,72,91,1,0,0,164,in-house
218,role_aware,72,68,140,141,200,False,72,68,1,0,0,141,in-house
219,role_aware,49,68,117,118,200,False,49,68,1,0,0,118,in-house
220,role_aware,74,86,160,161,200,False,74,86,1,0,0,161,in-house
221,role_aware,74,72,146,147,200,False,74,72,1,0,0,147,in-house
222,role_aware,65,72,137,138,200,False,65,72,1,0,0,138,in-house
223,role_aware,53,60,113,114,200,False,53,60,1,0,0,114,in-house
224,role_aware,73,76,149,150,200,False,73,76,1,0,0,150,in-house
225,role_aware,74,56,130,131,200,False,74,56,1,0,0,131,in-house
226,role_aware,74,69,143,144,200,False,74,69,1,0,0,144,in-house
227,role_aware,74,70,144,145,200,False,74,70,1,0,0,145,in-house
228,role_aware,72,56,128,129,200,False,72,56,1,0,0,129,in-house
229,role_aware,57,67,124,125,200,False,57,67,1,0,0,125,in-house
230,role_aware,69,70,139,140,200,False,69,70,1,0,0,140,in-house
231,role_aware,74,83,157,158,200,False,74,83,1,0,0,158,in-house
232,role_aware,83,67,150,151,200,False,83,67,1,0,0,151,in-house
233,role_aware,69,67,136,137,200,False,69,67,1,0,0,137,in-house
234,role_aware,77,76,153,154,200,False,77,76,1,0,0,154,in-house
235,role_aware,69,78,147,148,200,False,69,78,1,0,0,148,in-house
236,role_aware,74,67,141,142,200,False,74,67,1,0,0,142,in-house
237,role_aware,71,67,138,139,200,False,71,67,1,0,0,139,in-house
238,role_aware,74,84,158,159,200,False,74,84,1,0,0,159,in-house
239,role_aware,61,84,145,146,200,False,61,84,1,0,0,146,in-house
240,role_aware,74,71,145,146,200,False,74,71,1,0,0,146,in-house
241,role_aware,67,78,145,146,200,False,67,78,1,0,0,146,in-house
242,role_aware,74,84,158,159,200,False,74,84,1,0,0,159,in-house
243,role_aware,74,78,152,153,200,False,74,78,1,0,0,153,in-house
244,role_aware,65,77,142,143,200,False,65,77,1,0,0,143,in-house
245,role_aware,74,78,152,153,200,False,74,78,1,0,0,153,in-house
246,role_aware,53,66,119,120,200,False,53,66,1,0,0,120,in-house
247,role_aware,70,74,144,145,200,False,70,74,1,0,0,145,in-house
248,role_aware,62,67,129,130,200,False,62,67,1,0,0,130,in-house
249,role_aware,72,112,184,185,200,False,72,112,1,0,0,185,in-house
250,role_aware,74,60,134,135,200,False,74,60,1,0,0,135,in-house
251,role_aware,74,73,147,148,200,False,74,73,1,0,0,148,in-house
252,role_aware,61,77,138,139,200,False,61,77,1,0,0,139,in-house
253,role_aware,70,66,136,137,200,False,70,66,1,0,0,137,in-house
254,role_aware,73,75,148,149,200,False,73,75,1,0,0,149,in-house
255,role_aware,73,71,144,145,200,False,73,71,1,0,0,145,in-house
256,role_aware,74,72,146,147,200,False,74,72,1,0,0,147,in-house
257,role_aware,85,76,161,162,200,False,85,76,1,0,0,162,in-house
258,role_aware,62,96,158,159,200,False,62,96,1,0,0,159,in-house
259,role_aware,74,77,151,152,200,False,74,77,1,0,0,152,in-house
260,role_aware,74,86,160,161,200,False,74,86,1,0,0,161,in-house
261,role_aware,73,66,139,140,200,False,73,66,1,0,0,140,in-house
262,role_aware,74,67,141,142,200,False,74,67,1,0,0,142,in-house
263,role_aware,69,71,140,141,200,False,69,71,1,0,0,141,in-house
264,role_aware,74,74,148,149,200,False,74,74,1,0,0,149,in-house
265,role_aware,74,69,143,144,200,False,74,69,1,0,0,144,in-house
266,role_aware,74,51,125,126,200,False,74,51,1,0,0,126,in-house
267,role_aware,53,69,122,123,200,False,53,69,1,0,0,123,in-house
268,role_aware,65,96,161,162,200,False,65,96,1,0,0,162,in-house
269,role_aware,74,77,151,152,200,False,74,77,1,0,0,152,in-house
270,role_aware,61,68,129,130,200,False,61,68,1,0,0,130,in-house
271,role_aware,74,80,154,155,200,False,74,80,1,0,0,155,in-house
272,role_aware,69,66,135,136,200,False,69,66,1,0,0,136,in-house
273,role_aware,74,93,167,168,200,False,74,93,1,0,0,168,in-house
274,role_aware,70,55,125,126,200,False,70,55,1,0,0,126,in-house
275,role_aware,72,64,136,137,200,False,72,64,1,0,0,137,in-house
276,role_aware,74,77,151,152,200,False,74,77,1,0,0,152,in-house
277,role_aware,67,85,152,153,200,False,67,85,1,0,0,153,in-house
278,role_aware,67,92,159,160,200,False,67,92,1,0,0,160,in-house
279,role_aware,74,68,142,143,200,False,74,68,1,0,0,143,in-house
280,role_aware,61,76,137,138,200,False,61,76,1,0,0,138,in-house
281,role_aware,72,72,144,145,200,False,72,72,1,0,0,145,in-house
282,role_aware,69,70,139,140,200,False,69,70,1,0,0,140,in-house
283,role_aware,83,76,159,160,200,False,83,76,1,0,0,160,in-house
284,role_aware,66,96,162,163,200,False,66,96,1,0,0,163,in-house
285,role_aware,77,96,173,174,200,False,77,96,1,0,0,174,in-house
286,role_aware,67,66,133,134,200,False,67,66,1,0,0,134,in-house
287,role_aware,72,68,140,141,200,False,72,68,1,0,0,141,in-house
288,role_aware,52,76,128,129,200,False,52,76,1,0,0,129,in-house
289,role_aware,73,96,169,170,200,False,73,96,1,0,0,170,in-house
290,role_aware,65,73,138,139,200,False,65,73,1,0,0,139,in-house
291,role_aware,67,66,133,134,200,False,67,66,1,0,0,134,in-house
292,role_aware,65,77,142,143,200,False,65,77,1,0,0,143,in-house
293,role_aware,74,56,130,131,200,False,74,56,1,0,0,131,in-house
294,role_aware,61,67,128,129,200,False,61,67,1,0,0,129,in-house
295,role_aware,74,82,156,157,200,False,74,82,1,0,0,157,in-house
296,role_aware,53,57,110,111,200,False,53,57,1,0,0,111,in-house
297,role_aware,72,77,149,150,200,False,72,77,1,0,0,150,in-house
298,role_aware,53,66,119,120,200,False,53,66,1,0,0,120,in-house
299,role_aware,74,73,147,148,200,False,74,73,1,0,0,148,in-house
300,role_aware,89,76,165,166,200,False,89,76,1,0,0,166,in-house
301,role_aware,53,90,143,144,200,False,53,90,1,0,0,144,in-house
302,role_aware,74,75,149,150,200,False,74,75,1,0,0,150,in-house
303,role_aware,74,68,142,143,200,False,74,68,1,0,0,143,in-house
304,role_aware,74,78,152,153,200,False,74,78,1,0,0,153,in-house
305,role_aware,74,85,159,160,200,False,74,85,1,0,0,160,in-house
306,role_aware,65,86,151,152,200,False,65,86,1,0,0,152,in-house
307,role_aware,65,56,121,122,200,False,65,56,1,0,0,122,in-house
308,role_aware,70,67,137,138,200,False,70,67,1,0,0,138,in-house
309,role_aware,74,56,130,131,200,False,74,56,1,0,0,131,in-house
310,role_aware,74,96,170,171,200,False,74,96,1,0,0,171,in-house
311,role_aware,67,71,138,139,200,False,67,71,1,0,0,139,in-house
312,role_aware,72,111,183,184,200,False,72,111,1,0,0,184,in-house
313,role_aware,72,74,146,147,200,False,72,74,1,0,0,147,in-house
314,role_aware,72,74,146,147,200,False,72,74,1,0,0,147,in-house
315,role_aware,74,71,145,146,200,False,74,71,1,0,0,146,in-house
316,role_aware,74,59,133,134,200,False,74,59,1,0,0,134,in-house
317,role_aware,74,73,147,148,200,False,74,73,1,0,0,148,in-house
318,role_aware,73,39,112,113,200,False,73,39,1,0,0,113,in-house
319,role_aware,71,66,137,138,200,False,71,66,1,0,0,138,in-house
320,role_aware,74,78,152,153,200,False,74,78,1,0,0,153,in-house
321,role_aware,72,83,155,156,200,False,72,83,1,0,0,156,in-house
322,role_aware,72,78,150,151,200,False,72,78,1,0,0,151,in-house
323,role_aware,49,68,117,118,200,False,49,68,1,0,0,118,in-house
324,role_aware,49,68,117,118,200,False,49,68,1,0,0,118,in-house
325,role_aware,74,73,147,148,200,False,74,73,1,0,0,148,in-house
326,role_aware,69,74,143,144,200,False,69,74,1,0,0,144,in-house
327,role_aware,76,66,142,143,200,False,76,66,1,0,0,143,in-house
328,role_aware,67,66,133,134,200,False,67,66,1,0,0,134,in-house
329,role_aware,69,77,146,147,200,False,69,77,1,0,0,147,in-house
330,role_aware,72,68,140,141,200,False,72,68,1,0,0,141,in-house
331,role_aware,67,89,156,157,200,False,67,89,1,0,0,157,in-house
332,role_aware,74,66,140,141,200,False,74,66,1,0,0,141,in-house
333,role_aware,62,66,128,129,200,False,62,66,1,0,0,129,in-house
334,role_aware,74,64,138,139,200,False,74,64,1,0,0,139,in-house
335,role_aware,69,66,135,136,200,False,69,66,1,0,0,136,in-house
336,role_aware,65,84,149,150,200,False,65,84,1,0,0,150,in-house
337,role_aware,68,68,136,137,200,False,68,68,1,0,0,137,in-house
338,role_aware,72,84,156,157,200,False,72,84,1,0,0,157,in-house
339,role_aware,74,56,130,131,200,False,74,56,1,0,0,131,in-house
340,role_aware,74,56,130,131,200,False,74,56,1,0,0,131,in-house
341,role_aware,74,78,152,153,200,False,74,78,1,0,0,153,in-house
342,role_aware,59,68,127,128,200,False,59,68,1,0,0,128,in-house
343,role_aware,74,80,154,155,200,False,74,80,1,0,0,155,in-house
344,role_aware,67,101,168,169,200,False,67,101,1,0,0,169,in-house
345,role_aware,74,83,157,158,200,False,74,83,1,0,0,158,in-house
346,role_aware,67,67,134,135,200,False,67,67,1,0,0,135,in-house
347,role_aware,73,76,149,150,200,False,73,76,1,0,0,150,in-house
348,role_aware,74,88,162,163,200,False,74,88,1,0,0,163,in-house
349,role_aware,74,73,147,148,200,False,74,73,1,0,0,148,in-house
350,role_aware,74,75,149,150,200,False,74,75,1,0,0,150,in-house
351,role_aware,67,70,137,138,200,False,67,70,1,0,0,138,in-house
352,role_aware,72,88,160,161,200,False,72,88,1,0,0,161,in-house
353,role_aware,74,101,175,176,200,False,74,101,1,0,0,176,in-house
354,role_aware,67,66,133,134,200,False,67,66,1,0,0,134,in-house
355,role_aware,72,109,181,182,200,False,72,109,1,0,0,182,in-house
356,role_aware,59,55,114,115,200,False,59,55,1,0,0,115,in-house
357,role_aware,74,104,178,179,200,False,74,104,1,0,0,179,in-house
358,role_aware,74,71,145,146,200,False,74,71,1,0,0,146,in-house
359,role_aware,74,75,149,150,200,False,74,75,1,0,0,150,in-house
360,role_aware,74,56,130,131,200,False,74,56,1,0,0,131,in-house
361,role_aware,92,76,168,169,200,False,92,76,1,0,0,169,in-house
362,role_aware,72,77,149,150,200,False,72,77,1,0,0,150,in-house
363,role_aware,77,55,132,133,200,False,77,55,1,0,0,133,in-house
364,role_aware,67,62,129,130,200,False,67,62,1,0,0,130,in-house
365,role_aware,74,74,148,149,200,False,74,74,1,0,0,149,in-house
366,role_aware,74,71,145,146,200,False,74,71,1,0,0,146,in-house
367,role_aware,74,71,145,146,200,False,74,71,1,0,0,146,in-house
368,role_aware,79,66,145,146,200,False,79,66,1,0,0,146,in-house
369,role_aware,72,87,159,160,200,False,72,87,1,0,0,160,in-house
370,role_aware,74,85,159,160,200,False,74,85,1,0,0,160,in-house
371,role_aware,74,67,141,142,200,False,74,67,1,0,0,142,in-house
372,role_aware,67,70,137,138,200,False,67,70,1,0,0,138,in-house
373,role_aware,72,74,146,147,200,False,72,74,1,0,0,147,in-house
374,role_aware,74,58,132,133,200,False,74,58,1,0,0,133,in-house
375,role_aware,67,87,154,155,200,False,67,87,1,0,0,155,in-house
376,role_aware,74,77,151,152,200,False,74,77,1,0,0,152,in-house
377,role_aware,62,66,128,129,200,False,62,66,1,0,0,129,in-house
378,role_aware,74,69,143,144,200,False,74,69,1,0,0,144,in-house
379,role_aware,74,72,146,147,200,False,74,72,1,0,0,147,in-house
380,role_aware,74,76,150,151,200,False,74,76,1,0,0,151,in-house
381,role_aware,61,76,137,138,200,False,61,76,1,0,0,138,in-house
382,role_aware,61,76,137,138,200,False,61,76,1,0,0,138,in-house
383,role_aware,74,74,148,149,200,False,74,74,1,0,0,149,in-house
384,role_aware,73,68,141,142,200,False,73,68,1,0,0,142,in-house
385,role_aware,70,80,150,151,200,False,70,80,1,0,0,151,in-house
386,role_aware,74,57,131,132,200,False,74,57,1,0,0,132,in-house
387,role_aware,77,66,143,144,200,False,77,66,1,0,0,144,in-house
388,role_aware,74,64,138,139,200,False,74,64,1,0,0,139,in-house
389,role_aware,72,110,182,183,200,False,72,110,1,0,0,183,in-house
390,role_aware,70,83,153,154,200,False,70,83,1,0,0,154,in-house
391,role_aware,72,71,143,144,200,False,72,71,1,0,0,144,in-house
392,role_aware,74,75,149,150,200,False,74,75,1,0,0,150,in-house
393,role_aware,74,71,145,146,200,False,74,71,1,0,0,146,in-house
394,role_aware,65,55,120,121,200,False,65,55,1,0,0,121,in-house
395,role_aware,72,39,111,112,200,False,72,39,1,0,0,112,in-house
396,role_aware,72,67,139,140,200,False,72,67,1,0,0,140,in-house
397,role_aware,74,70,144,145,200,False,74,70,1,0,0,145,in-house
398,role_aware,67,66,133,134,200,False,67,66,1,0,0,134,in-house
399,role_aware,74,66,140,141,200,False,74,66,1,0,0,141,in-house
400,role_aware,67,66,133,134,200,False,67,66,1,0,0,134,in-house
401,role_aware,74,66,140,141,200,False,74,66,1,0,0,141,in-house
402,role_aware,74,81,155,156,200,False,74,81,1,0,0,156,in-house
403,role_aware,71,68,139,140,200,False,71,68,1,0,0,140,in-house
404,role_aware,74,72,146,147,200,False,74,72,1,0,0,147,in-house
405,role_aware,74,71,145,146,200,False,74,71,1,0,0,146,in-house
406,role_aware,74,69,143,144,200,False,74,69,1,0,0,144,in-house
407,role_aware,74,82,156,157,200,False,74,82,1,0,0,157,in-house
408,role_aware,74,56,130,131,200,False,74,56,1,0,0,131,in-house
409,role_aware,58,69,127,128,200,False,58,69,1,0,0,128,in-house
410,role_aware,65,66,131,132,200,False,65,66,1,0,0,132,in-house
411,role_aware,70,68,138,139,200,False,70,68,1,0,0,139,in-house
412,role_aware,74,73,147,148,200,False,74,73,1,0,0,148,in-house
413,role_aware,65,62,127,128,200,False,65,62,1,0,0,128,in-house
414,role_aware,67,67,134,135,200,False,67,67,1,0,0,135,in-house
415,role_aware,64,66,130,131,200,False,64,66,1,0,0,131,in-house
416,role_aware,74,69,143,144,200,False,74,69,1,0,0,144,in-house
417,role_aware,63,67,130,131,200,False,63,67,1,0,0,131,in-house
418,role_aware,74,72,146,147,200,False,74,72,1,0,0,147,in-house
419,role_aware,74,55,129,130,200,False,74,55,1,0,0,130,in-house
420,role_aware,69,66,135,136,200,False,69,66,1,0,0,136,in-house
421,role_aware,72,84,156,157,200,False,72,84,1,0,0,157,in-house
422,role_aware,74,80,154,155,200,False,74,80,1,0,0,155,in-house
423,role_aware,72,66,138,139,200,False,72,66,1,0,0,139,in-house
424,role_aware,66,72,138,139,200,False,66,72,1,0,0,139,in-house
425,role_aware,61,73,134,135,200,False,61,73,1,0,0,135,in-house
426,role_aware,72,79,151,152,200,False,72,79,1,0,0,152,in-house
427,role_aware,64,66,130,131,200,False,64,66,1,0,0,131,in-house
428,role_aware,72,59,131,132,200,False,72,59,1,0,0,132,in-house
429,role_aware,53,66,119,120,200,False,53,66,1,0,0,120,in-house
430,role_aware,73,72,145,146,200,False,73,72,1,0,0,146,in-house
431,role_aware,66,66,132,133,200,False,66,66,1,0,0,133,in-house
432,role_aware,58,68,126,127,200,False,58,68,1,0,0,127,in-house
433,role_aware,74,66,140,141,200,False,74,66,1,0,0,141,in-house
434,role_aware,58,66,124,125,200,False,58,66,1,0,0,125,in-house
435,role_aware,74,62,136,137,200,False,74,62,1,0,0,137,in-house
436,role_aware,72,72,144,145,200,False,72,72,1,0,0,145,in-house
437,role_aware,67,69,136,137,200,False,67,69,1,0,0,137,in-house
438,role_aware,74,84,158,159,200,False,74,84,1,0,0,159,in-house
439,role_aware,62,67,129,130,200,False,62,67,1,0,0,130,in-house
440,role_aware,71,67,138,139,200,False,71,67,1,0,0,139,in-house
441,role_aware,70,71,141,142,200,False,70,71,1,0,0,142,in-house
442,role_aware,69,64,133,134,200,False,69,64,1,0,0,134,in-house
443,role_aware,74,71,145,146,200,False,74,71,1,0,0,146,in-house
444,role_aware,74,68,142,143,200,False,74,68,1,0,0,143,in-house
445,role_aware,74,69,143,144,200,False,74,69,1,0,0,144,in-house
446,role_aware,47,66,113,114,200,False,47,66,1,0,0,114,in-house
447,role_aware,74,70,144,145,200,False,74,70,1,0,0,145,in-house
448,role_aware,73,66,139,140,200,False,73,66,1,0,0,140,in-house
449,role_aware,67,80,147,148,200,False,67,80,1,0,0,148,in-house
450,role_aware,72,60,132,133,200,False,72,60,1,0,0,133,in-house
451,role_aware,74,80,154,155,200,False,74,80,1,0,0,155,in-house
452,role_aware,74,74,148,149,200,False,74,74,1,0,0,149,in-house
453,role_aware,65,62,127,128,200,False,65,62,1,0,0,128,in-house
454,role_aware,96,83,179,180,200,False,96,83,1,0,0,180,in-house
455,role_aware,72,66,138,139,200,False,72,66,1,0,0,139,in-house
456,role_aware,72,78,150,151,200,False,72,78,1,0,0,151,in-house
457,role_aware,72,70,142,143,200,False,72,70,1,0,0,143,in-house
458,role_aware,74,77,151,152,200,False,74,77,1,0,0,152,in-house
459,role_aware,74,83,157,158,200,False,74,83,1,0,0,158,in-house
460,role_aware,61,76,137,138,200,False,61,76,1,0,0,138,in-house
461,role_aware,73,66,139,140,200,False,73,66,1,0,0,140,in-house
462,role_aware,74,67,141,142,200,False,74,67,1,0,0,142,in-house
463,role_aware,72,75,147,148,200,False,72,75,1,0,0,148,in-house
464,role_aware,77,68,145,146,200,False,77,68,1,0,0,146,in-house
465,role_aware,65,74,139,140,200,False,65,74,1,0,0,140,in-house
466,role_aware,53,55,108,109,200,False,53,55,1,0,0,109,in-house
467,role_aware,72,67,139,140,200,False,72,67,1,0,0,140,in-house
468,role_aware,73,55,128,129,200,False,73,55,1,0,0,129,in-house
469,role_aware,72,62,134,135,200,False,72,62,1,0,0,135,in-house
470,role_aware,71,66,137,138,200,False,71,66,1,0,0,138,in-house
471,role_aware,72,77,149,150,200,False,72,77,1,0,0,150,in-house
472,role_aware,61,67,128,129,200,False,61,67,1,0,0,129,in-house
473,role_aware,67,66,133,134,200,False,67,66,1,0,0,134,in-house
474,role_aware,66,96,162,163,200,False,66,96,1,0,0,163,in-house
475,role_aware,61,66,127,128,200,False,61,66,1,0,0,128,in-house
476,role_aware,73,79,152,153,200,False,73,79,1,0,0,153,in-house
477,role_aware,72,78,150,151,200,False,72,78,1,0,0,151,in-house
478,role_aware,61,96,157,158,200,False,61,96,1,0,0,158,in-house
479,role_aware,69,67,136,137,200,False,69,67,1,0,0,137,in-house
480,role_aware,71,66,137,138,200,False,71,66,1,0,0,138,in-house
481,role_aware,72,81,153,154,200,False,72,81,1,0,0,154,in-house
482,role_aware,74,71,145,146,200,False,74,71,1,0,0,146,in-house
483,role_aware,74,80,154,155,200,False,74,80,1,0,0,155,in-house
484,role_aware,72,77,149,150,200,False,72,77,1,0,0,150,in-house
485,role_aware,72,69,141,142,200,False,72,69,1,0,0,142,in-house
486,role_aware,69,66,135,136,200,False,69,66,1,0,0,136,in-house
487,role_aware,74,82,156,157,200,False,74,82,1,0,0,157,in-house
488,role_aware,61,69,130,131,200,False,61,69,1,0,0,131,in-house
489,role_aware,73,66,139,140,200,False,73,66,1,0,0,140,in-house
490,role_aware,70,76,146,147,200,False,70,76,1,0,0,147,in-house
491,role_aware,73,66,139,140,200,False,73,66,1,0,0,140,in-house
492,role_aware,56,55,111,112,200,False,56,55,1,0,0,112,in-house
493,role_aware,72,53,125,126,200,False,72,53,1,0,0,126,in-house
494,role_aware,96,66,162,163,200,False,96,66,1,0,0,163,in-house
495,role_aware,74,55,129,130,200,False,74,55,1,0,0,130,in-house
496,role_aware,65,83,148,149,200,False,65,83,1,0,0,149,in-house
497,role_aware,52,66,118,119,200,False,52,66,1,0,0,119,in-house
498,role_aware,74,76,150,151,200,False,74,76,1,0,0,151,in-house
499,role_aware,74,68,142,143,200,False,74,68,1,0,0,143,in-house
500,role_aware,78,55,133,134,200,False,78,55,1,0,0,134,in-house
501,role_aware,61,66,127,128,200,False,61,66,1,0,0,128,in-house
502,role_aware,76,55,131,132,200,False,76,55,1,0,0,132,in-house
503,role_aware,74,81,155,156,200,False,74,81,1,0,0,156,in-house
504,role_aware,58,66,124,125,200,False,58,66,1,0,0,125,in-house
505,role_aware,67,66,133,134,200,False,67,66,1,0,0,134,in-house
506,role_aware,63,67,130,131,200,False,63,67,1,0,0,131,in-house
507,role_aware,74,71,145,146,200,False,74,71,1,0,0,146,in-house
508,role_aware,56,67,123,124,200,False,56,67,1,0,0,124,in-house
509,role_aware,72,76,148,149,200,False,72,76,1,0,0,149,in-house
510,role_aware,69,71,140,141,200,False,69,71,1,0,0,141,in-house
511,role_aware,70,67,137,138,200,False,70,67,1,0,0,138,in-house
512,role_aware,74,72,146,147,200,False,74,72,1,0,0,147,in-house
513,role_aware,63,67,130,131,200,False,63,67,1,0,0,131,in-house
514,role_aware,63,66,129,130,200,False,63,66,1,0,0,130,in-house
515,role_aware,87,67,154,155,200,False,87,67,1,0,0,155,in-house
516,role_aware,75,66,141,142,200,False,75,66,1,0,0,142,in-house
517,role_aware,76,67,143,144,200,False,76,67,1,0,0,144,in-house
518,role_aware,74,65,139,140,200,False,74,65,1,0,0,140,in-house
519,role_aware,74,63,137,138,200,False,74,63,1,0,0,138,in-house
520,role_aware,74,66,140,141,200,False,74,66,1,0,0,141,in-house
521,role_aware,74,39,113,114,200,False,74,39,1,0,0,114,in-house
522,role_aware,65,76,141,142,200,False,65,76,1,0,0,142,in-house
523,role_aware,75,68,143,144,200,False,75,68,1,0,0,144,in-house
524,role_aware,69,66,135,136,200,False,69,66,1,0,0,136,in-house
525,role_aware,61,77,138,139,200,False,61,77,1,0,0,139,in-house
526,role_aware,74,71,145,146,200,False,74,71,1,0,0,146,in-house
527,role_aware,74,82,156,157,200,False,74,82,1,0,0,157,in-house
528,role_aware,72,61,133,134,200,False,72,61,1,0,0,134,in-house
529,role_aware,74,78,152,153,200,False,74,78,1,0,0,153,in-house
530,role_aware,73,69,142,143,200,False,73,69,1,0,0,143,in-house
531,role_aware,68,66,134,135,200,False,68,66,1,0,0,135,in-house
532,role_aware,72,68,140,141,200,False,72,68,1,0,0,141,in-house
533,role_aware,74,76,150,151,200,False,74,76,1,0,0,151,in-house
534,role_aware,72,80,152,153,200,False,72,80,1,0,0,153,in-house
535,role_aware,70,74,144,145,200,False,70,74,1,0,0,145,in-house
536,role_aware,67,67,134,135,200,False,67,67,1,0,0,135,in-house
537,role_aware,61,67,128,129,200,False,61,67,1,0,0,129,in-house
538,role_aware,74,82,156,157,200,False,74,82,1,0,0,157,in-house
539,role_aware,66,67,133,134,200,False,66,67,1,0,0,134,in-house
540,role_aware,72,71,143,144,200,False,72,71,1,0,0,144,in-house
541,role_aware,57,67,124,125,200,False,57,67,1,0,0,125,in-house
542,role_aware,53,62,115,116,200,False,53,62,1,0,0,116,in-house
543,role_aware,41,66,107,108,200,False,41,66,1,0,0,108,in-house
544,role_aware,53,60,113,114,200,False,53,60,1,0,0,114,in-house
545,role_aware,74,66,140,141,200,False,74,66,1,0,0,141,in-house
546,role_aware,74,75,149,150,200,False,74,75,1,0,0,150,in-house
547,role_aware,72,69,141,142,200,False,72,69,1,0,0,142,in-house
548,role_aware,74,71,145,146,200,False,74,71,1,0,0,146,in-house
549,role_aware,68,76,144,145,200,False,68,76,1,0,0,145,in-house
550,role_aware,74,77,151,152,200,False,74,77,1,0,0,152,in-house
551,role_aware,59,77,136,137,200,False,59,77,1,0,0,137,in-house
552,role_aware,72,80,152,153,200,False,72,80,1,0,0,153,in-house
553,role_aware,74,87,161,162,200,False,74,87,1,0,0,162,in-house
554,role_aware,73,72,145,146,200,False,73,72,1,0,0,146,in-house
555,role_aware,52,76,128,129,200,False,52,76,1,0,0,129,in-house
556,role_aware,72,84,156,157,200,False,72,84,1,0,0,157,in-house
557,role_aware,70,68,138,139,200,False,70,68,1,0,0,139,in-house
558,role_aware,69,66,135,136,200,False,69,66,1,0,0,136,in-house
559,role_aware,55,55,110,111,200,False,55,55,1,0,0,111,in-house
560,role_aware,67,69,136,137,200,False,67,69,1,0,0,137,in-house
561,role_aware,64,69,133,134,200,False,64,69,1,0,0,134,in-house
562,role_aware,65,63,128,129,200,False,65,63,1,0,0,129,in-house
563,role_aware,74,78,152,153,200,False,74,78,1,0,0,153,in-house
564,role_aware,67,96,163,164,200,False,67,96,1,0,0,164,in-house
565,role_aware,53,65,118,119,200,False,53,65,1,0,0,119,in-house
566,role_aware,56,66,122,123,200,False,56,66,1,0,0,123,in-house
567,role_aware,74,81,155,156,200,False,74,81,1,0,0,156,in-house
568,role_aware,67,101,168,169,200,False,67,101,1,0,0,169,in-house
569,role_aware,72,112,184,185,200,False,72,112,1,0,0,185,in-house
570,role_aware,74,64,138,139,200,False,74,64,1,0,0,139,in-house
571,role_aware,72,59,131,132,200,False,72,59,1,0,0,132,in-house
572,role_aware,87,71,158,159,200,False,87,71,1,0,0,159,in-house
573,role_aware,72,59,131,132,200,False,72,59,1,0,0,132,in-house
574,role_aware,53,73,126,127,200,False,53,73,1,0,0,127,in-house
575,role_aware,72,66,138,139,200,False,72,66,1,0,0,139,in-house
576,role_aware,73,56,129,130,200,False,73,56,1,0,0,130,in-house
577,role_aware,74,74,148,149,200,False,74,74,1,0,0,149,in-house
578,role_aware,73,66,139,140,200,False,73,66,1,0,0,140,in-house
579,role_aware,72,55,127,128,200,False,72,55,1,0,0,128,in-house
580,role_aware,72,82,154,155,200,False,72,82,1,0,0,155,in-house
581,role_aware,58,73,131,132,200,False,58,73,1,0,0,132,in-house
582,role_aware,64,68,132,133,200,False,64,68,1,0,0,133,in-house
583,role_aware,73,34,107,108,200,False,73,34,1,0,0,108,in-house
584,role_aware,24,65,89,90,200,False,24,65,1,0,0,90,in-house
585,role_aware,70,66,136,137,200,False,70,66,1,0,0,137,in-house
586,role_aware,64,66,130,131,200,False,64,66,1,0,0,131,in-house
587,role_aware,63,66,129,130,200,False,63,66,1,0,0,130,in-house
588,role_aware,75,66,141,142,200,False,75,66,1,0,0,142,in-house
589,role_aware,72,69,141,142,200,False,72,69,1,0,0,142,in-house
590,role_aware,56,66,122,123,200,False,56,66,1,0,0,123,in-house
591,role_aware,65,66,131,132,200,False,65,66,1,0,0,132,in-house
592,role_aware,74,76,150,151,200,False,74,76,1,0,0,151,in-house
593,role_aware,51,66,117,118,200,False,51,66,1,0,0,118,in-house
594,role_aware,72,67,139,140,200,False,72,67,1,0,0,140,in-house
595,role_aware,72,67,139,140,200,False,72,67,1,0,0,140,in-house
596,role_aware,74,62,136,137,200,False,74,62,1,0,0,137,in-house
597,role_aware,72,81,153,154,200,False,72,81,1,0,0,154,in-house
598,role_aware,74,82,156,157,200,False,74,82,1,0,0,157,in-house
599,role_aware,24,83,107,108,200,False,24,83,1,0,0,108,in-house
600,role_aware,72,77,149,150,200,False,72,77,1,0,0,150,in-house
601,role_aware,65,77,142,143,200,False,65,77,1,0,0,143,in-house
602,role_aware,74,73,147,148,200,False,74,73,1,0,0,148,in-house
603,role_aware,74,76,150,151,200,False,74,76,1,0,0,151,in-house
604,role_aware,24,79,103,104,200,False,24,79,1,0,0,104,in-house
605,role_aware,72,55,127,128,200,False,72,55,1,0,0,128,in-house
606,role_aware,55,66,121,122,200,False,55,66,1,0,0,122,in-house
607,role_aware,72,73,145,146,200,False,72,73,1,0,0,146,in-house
608,role_aware,74,86,160,161,200,False,74,86,1,0,0,161,in-house
609,role_aware,72,66,138,139,200,False,72,66,1,0,0,139,in-house
610,role_aware,81,66,147,148,200,False,81,66,1,0,0,148,in-house
611,role_aware,72,69,141,142,200,False,72,69,1,0,0,142,in-house
612,role_aware,72,80,152,153,200,False,72,80,1,0,0,153,in-house
613,role_aware,72,78,150,151,200,False,72,78,1,0,0,151,in-house
614,role_aware,66,67,133,134,200,False,66,67,1,0,0,134,in-house
615,role_aware,74,59,133,134,200,False,74,59,1,0,0,134,in-house
616,role_aware,66,66,132,133,200,False,66,66,1,0,0,133,in-house
617,role_aware,65,56,121,122,200,False,65,56,1,0,0,122,in-house
618,role_aware,48,76,124,125,200,False,48,76,1,0,0,125,in-house
619,role_aware,48,68,116,117,200,False,48,68,1,0,0,117,in-house
620,role_aware,74,55,129,130,200,False,74,55,1,0,0,130,in-house
621,role_aware,54,66,120,121,200,False,54,66,1,0,0,121,in-house
622,role_aware,72,63,135,136,200,False,72,63,1,0,0,136,in-house
623,role_aware,72,78,150,151,200,False,72,78,1,0,0,151,in-house
624,role_aware,48,66,114,115,200,False,48,66,1,0,0,115,in-house
625,role_aware,72,65,137,138,200,False,72,65,1,0,0,138,in-house
626,role_aware,70,65,135,136,200,False,70,65,1,0,0,136,in-house
627,role_aware,65,70,135,136,200,False,65,70,1,0,0,136,in-house
628,role_aware,67,66,133,134,200,False,67,66,1,0,0,134,in-house
629,role_aware,74,75,149,150,200,False,74,75,1,0,0,150,in-house
630,role_aware,74,64,138,139,200,False,74,64,1,0,0,139,in-house
631,role_aware,72,66,138,139,200,False,72,66,1,0,0,139,in-house
632,role_aware,24,89,113,114,200,False,24,89,1,0,0,114,in-house
633,role_aware,49,66,115,116,200,False,49,66,1,0,0,116,in-house
634,role_aware,73,66,139,140,200,False,73,66,1,0,0,140,in-house
635,role_aware,72,54,126,127,200,False,72,54,1,0,0,127,in-house
636,role_aware,40,55,95,96,200,False,40,55,1,0,0,96,in-house
637,role_aware,78,66,144,145,200,False,78,66,1,0,0,145,in-house
638,role_aware,24,81,105,106,200,False,24,81,1,0,0,106,in-house
639,role_aware,70,68,138,139,200,False,70,68,1,0,0,139,in-house
640,role_aware,74,78,152,153,200,False,74,78,1,0,0,153,in-house
641,role_aware,72,51,123,124,200,False,72,51,1,0,0,124,in-house
642,role_aware,24,53,77,78,200,False,24,53,1,0,0,78,in-house
643,role_aware,74,68,142,143,200,False,74,68,1,0,0,143,in-house
644,role_aware,24,66,90,91,200,False,24,66,1,0,0,91,in-house
645,role_aware,72,53,125,126,200,False,72,53,1,0,0,126,in-house
646,role_aware,55,66,121,122,200,False,55,66,1,0,0,122,in-house
647,role_aware,52,66,118,119,200,False,52,66,1,0,0,119,in-house
648,role_aware,24,70,94,95,200,False,24,70,1,0,0,95,in-house
649,role_aware,24,57,81,82,200,False,24,57,1,0,0,82,in-house
650,role_aware,83,55,138,139,200,False,83,55,1,0,0,139,in-house
651,role_aware,65,61,126,127,200,False,65,61,1,0,0,127,in-house
652,role_aware,24,81,105,106,200,False,24,81,1,0,0,106,in-house
653,role_aware,72,40,112,113,200,False,72,40,1,0,0,113,in-house
654,role_aware,72,72,144,145,200,False,72,72,1,0,0,145,in-house
655,role_aware,24,63,87,88,200,False,24,63,1,0,0,88,in-house
656,role_aware,76,68,144,145,200,False,76,68,1,0,0,145,in-house
657,role_aware,65,66,131,132,200,False,65,66,1,0,0,132,in-house
658,role_aware,72,66,138,139,200,False,72,66,1,0,0,139,in-house
659,role_aware,65,55,120,121,200,False,65,55,1,0,0,121,in-house
660,role_aware,74,87,161,162,200,False,74,87,1,0,0,162,in-house
661,role_aware,62,80,142,143,200,False,62,80,1,0,0,143,in-house
662,role_aware,58,66,124,125,200,False,58,66,1,0,0,125,in-house
663,role_aware,74,75,149,150,200,False,74,75,1,0,0,150,in-house
664,role_aware,61,68,129,130,200,False,61,68,1,0,0,130,in-house
665,role_aware,24,59,83,84,200,False,24,59,1,0,0,84,in-house
666,role_aware,57,66,123,124,200,False,57,66,1,0,0,124,in-house
667,role_aware,73,36,109,110,200,False,73,36,1,0,0,110,in-house
668,role_aware,69,66,135,136,200,False,69,66,1,0,0,136,in-house
669,role_aware,24,76,100,101,200,False,24,76,1,0,0,101,in-house
670,role_aware,74,70,144,145,200,False,74,70,1,0,0,145,in-house
671,role_aware,24,52,76,77,200,False,24,52,1,0,0,77,in-house
672,role_aware,74,80,154,155,200,False,74,80,1,0,0,155,in-house
673,role_aware,42,66,108,109,200,False,42,66,1,0,0,109,in-house
674,role_aware,73,77,150,151,200,False,73,77,1,0,0,151,in-house
675,role_aware,61,66,127,128,200,False,61,66,1,0,0,128,in-house
676,role_aware,71,66,137,138,200,False,71,66,1,0,0,138,in-house
677,role_aware,72,90,162,163,200,False,72,90,1,0,0,163,in-house
678,role_aware,65,66,131,132,200,False,65,66,1,0,0,132,in-house
679,role_aware,53,66,119,120,200,False,53,66,1,0,0,120,in-house
680,role_aware,64,68,132,133,200,False,64,68,1,0,0,133,in-house
681,role_aware,24,85,109,110,200,False,24,85,1,0,0,110,in-house
682,role_aware,81,96,177,178,200,False,81,96,1,0,0,178,in-house
683,role_aware,24,58,82,83,200,False,24,58,1,0,0,83,in-house
684,role_aware,72,66,138,139,200,False,72,66,1,0,0,139,in-house
685,role_aware,24,64,88,89,200,False,24,64,1,0,0,89,in-house
686,role_aware,74,95,169,170,200,False,74,95,1,0,0,170,in-house
687,role_aware,70,67,137,138,200,False,70,67,1,0,0,138,in-house
688,role_aware,64,66,130,131,200,False,64,66,1,0,0,131,in-house
689,role_aware,45,76,121,122,200,False,45,76,1,0,0,122,in-house
690,role_aware,87,66,153,154,200,False,87,66,1,0,0,154,in-house
691,role_aware,24,48,72,73,200,False,24,48,1,0,0,73,in-house
692,role_aware,47,83,130,131,200,False,47,83,1,0,0,131,in-house
693,role_aware,74,75,149,150,200,False,74,75,1,0,0,150,in-house
694,role_aware,70,66,136,137,200,False,70,66,1,0,0,137,in-house
695,role_aware,72,64,136,137,200,False,72,64,1,0,0,137,in-house
696,role_aware,24,76,100,101,200,False,24,76,1,0,0,101,in-house
697,role_aware,74,75,149,150,200,False,74,75,1,0,0,150,in-house
698,role_aware,55,66,121,122,200,False,55,66,1,0,0,122,in-house
699,role_aware,24,56,80,81,200,False,24,56,1,0,0,81,in-house
700,role_aware,65,70,135,136,200,False,65,70,1,0,0,136,in-house
701,role_aware,69,68,137,138,200,False,69,68,1,0,0,138,in-house
702,role_aware,24,82,106,107,200,False,24,82,1,0,0,107,in-house
703,role_aware,64,66,130,131,200,False,64,66,1,0,0,131,in-house
704,role_aware,68,68,136,137,200,False,68,68,1,0,0,137,in-house
705,role_aware,61,66,127,128,200,False,61,66,1,0,0,128,in-house
706,role_aware,42,66,108,109,200,False,42,66,1,0,0,109,in-house
707,role_aware,49,66,115,116,200,False,49,66,1,0,0,116,in-house
708,role_aware,74,88,162,163,200,False,74,88,1,0,0,163,in-house
709,role_aware,24,66,90,91,200,False,24,66,1,0,0,91,in-house
710,role_aware,53,57,110,111,200,False,53,57,1,0,0,111,in-house
711,role_aware,68,68,136,137,200,False,68,68,1,0,0,137,in-house
712,role_aware,76,96,172,173,200,False,76,96,1,0,0,173,in-house
713,role_aware,52,76,128,129,200,False,52,76,1,0,0,129,in-house
714,role_aware,24,55,79,80,200,False,24,55,1,0,0,80,in-house
715,role_aware,84,37,121,122,200,False,84,37,1,0,0,122,Gao
716,role_aware,84,36,120,121,200,False,84,36,1,0,0,121,Gao
717,role_aware,88,36,124,125,200,False,88,36,1,0,0,125,Gao
718,role_aware,58,37,95,96,200,False,58,37,1,0,0,96,Gao
719,role_aware,58,37,95,96,200,False,58,37,1,0,0,96,Gao
720,role_aware,65,37,102,103,200,False,65,37,1,0,0,103,Gao
721,role_aware,68,37,105,106,200,False,68,37,1,0,0,106,Gao
722,role_aware,41,3,44,45,200,False,41,3,1,0,0,45,Gao
723,role_aware,41,3,44,45,200,False,41,3,1,0,0,45,Gao
724,role_aware,46,3,49,50,200,False,46,3,1,0,0,50,Gao
725,role_aware,49,3,52,53,200,False,49,3,1,0,0,53,Gao
726,role_aware,63,50,113,114,200,False,63,50,1,0,0,114,Gao
727,role_aware,77,36,113,114,200,False,77,36,1,0,0,114,Gao
728,role_aware,32,36,68,69,200,False,32,36,1,0,0,69,Gao
729,role_aware,39,36,75,76,200,False,39,36,1,0,0,76,Gao
730,role_aware,45,36,81,82,200,False,45,36,1,0,0,82,Gao
731,role_aware,91,36,127,128,200,False,91,36,1,0,0,128,Gao
732,role_aware,64,36,100,101,200,False,64,36,1,0,0,101,Gao
733,role_aware,62,36,98,99,200,False,62,36,1,0,0,99,Gao
734,role_aware,78,37,115,116,200,False,78,37,1,0,0,116,Gao
735,role_aware,71,36,107,108,200,False,71,36,1,0,0,108,Gao
736,role_aware,81,37,118,119,200,False,81,37,1,0,0,119,Gao
737,role_aware,83,37,120,121,200,False,83,37,1,0,0,121,Gao
738,role_aware,63,36,99,100,200,False,63,36,1,0,0,100,Gao
739,role_aware,75,36,111,112,200,False,75,36,1,0,0,112,Gao
740,role_aware,50,36,86,87,200,False,50,36,1,0,0,87,Gao
741,role_aware,55,36,91,92,200,False,55,36,1,0,0,92,Gao
742,role_aware,54,36,90,91,200,False,54,36,1,0,0,91,Gao
743,role_aware,43,36,79,80,200,False,43,36,1,0,0,80,Gao
744,role_aware,48,36,84,85,200,False,48,36,1,0,0,85,Gao
745,role_aware,48,36,84,85,200,False,48,36,1,0,0,85,Gao
746,role_aware,54,36,90,91,200,False,54,36,1,0,0,91,Gao
747,role_aware,90,36,126,127,200,False,90,36,1,0,0,127,Gao
748,role_aware,55,36,91,92,200,False,55,36,1,0,0,92,Gao
749,role_aware,73,36,109,110,200,False,73,36,1,0,0,110,Gao
750,role_aware,77,36,113,114,200,False,77,36,1,0,0,114,Gao
751,role_aware,71,36,107,108,200,False,71,36,1,0,0,108,Gao
752,role_aware,65,37,102,103,200,False,65,37,1,0,0,103,Gao
753,role_aware,32,3,35,36,200,False,32,3,1,0,0,36,Gao
754,role_aware,32,3,35,36,200,False,32,3,1,0,0,36,Gao
755,role_aware,98,81,179,180,200,False,98,81,1,0,0,180,Gao
756,role_aware,57,36,93,94,200,False,57,36,1,0,0,94,Gao
757,role_aware,68,36,104,105,200,False,68,36,1,0,0,105,Gao
758,role_aware,80,36,116,117,200,False,80,36,1,0,0,117,Gao
759,role_aware,88,36,124,125,200,False,88,36,1,0,0,125,Gao
760,role_aware,61,3,64,65,200,False,61,3,1,0,0,65,Gao
761,role_aware,58,36,94,95,200,False,58,36,1,0,0,95,Gao
762,role_aware,87,55,142,143,200,False,87,55,1,0,0,143,Gao
763,role_aware,57,36,93,94,200,False,57,36,1,0,0,94,Gao
764,role_aware,70,36,106,107,200,False,70,36,1,0,0,107,Gao
765,role_aware,57,36,93,94,200,False,57,36,1,0,0,94,Gao
766,role_aware,45,36,81,82,200,False,45,36,1,0,0,82,Gao
767,role_aware,52,36,88,89,200,False,52,36,1,0,0,89,Gao
768,role_aware,53,36,89,90,200,False,53,36,1,0,0,90,Gao
769,role_aware,32,37,69,70,200,False,32,37,1,0,0,70,Gao
770,role_aware,32,36,68,69,200,False,32,36,1,0,0,69,Gao
771,role_aware,39,37,76,77,200,False,39,37,1,0,0,77,Gao
772,role_aware,39,36,75,76,200,False,39,36,1,0,0,76,Gao
773,role_aware,54,37,91,92,200,False,54,37,1,0,0,92,Gao
774,role_aware,54,36,90,91,200,False,54,36,1,0,0,91,Gao
775,role_aware,83,55,138,139,200,False,83,55,1,0,0,139,Gao
776,role_aware,63,36,99,100,200,False,63,36,1,0,0,100,Gao
777,role_aware,66,36,102,103,200,False,66,36,1,0,0,103,Gao
778,role_aware,44,36,80,81,200,False,44,36,1,0,0,81,Gao
779,role_aware,50,36,86,87,200,False,50,36,1,0,0,87,Gao
780,role_aware,55,36,91,92,200,False,55,36,1,0,0,92,Gao
781,role_aware,45,36,81,82,200,False,45,36,1,0,0,82,Gao
782,role_aware,53,36,89,90,200,False,53,36,1,0,0,90,Gao
783,role_aware,51,36,87,88,200,False,51,36,1,0,0,88,Gao
784,role_aware,47,36,83,84,200,False,47,36,1,0,0,84,Gao
785,role_aware,114,36,150,151,200,False,114,36,1,0,0,151,Gao
786,role_aware,67,36,103,104,200,False,67,36,1,0,0,104,Gao
787,role_aware,60,36,96,97,200,False,60,36,1,0,0,97,Gao
788,role_aware,72,36,108,109,200,False,72,36,1,0,0,109,Gao
789,role_aware,78,36,114,115,200,False,78,36,1,0,0,115,Gao
790,role_aware,85,36,121,122,200,False,85,36,1,0,0,122,Gao
791,role_aware,78,36,114,115,200,False,78,36,1,0,0,115,Gao
792,role_aware,62,36,98,99,200,False,62,36,1,0,0,99,Gao
793,role_aware,63,30,93,94,200,False,63,30,1,0,0,94,Gao
794,role_aware,52,37,89,90,200,False,52,37,1,0,0,90,Gao
795,role_aware,57,37,94,95,200,False,57,37,1,0,0,95,Gao
796,role_aware,97,37,134,135,200,False,97,37,1,0,0,135,Gao
797,role_aware,69,36,105,106,200,False,69,36,1,0,0,106,Gao
798,role_aware,70,37,107,108,200,False,70,37,1,0,0,108,Gao
799,role_aware,70,36,106,107,200,False,70,36,1,0,0,107,Gao
800,role_aware,68,37,105,106,200,False,68,37,1,0,0,106,Gao
801,role_aware,68,36,104,105,200,False,68,36,1,0,0,105,Gao
802,role_aware,84,37,121,122,200,False,84,37,1,0,0,122,Gao
803,role_aware,47,36,83,84,200,False,47,36,1,0,0,84,Gao
804,role_aware,47,36,83,84,200,False,47,36,1,0,0,84,Gao
805,role_aware,47,36,83,84,200,False,47,36,1,0,0,84,Gao
806,role_aware,63,81,144,145,200,False,63,81,1,0,0,145,Gao
807,role_aware,63,89,152,153,200,False,63,89,1,0,0,153,Gao
808,role_aware,82,55,137,138,200,False,82,55,1,0,0,138,Gao
809,role_aware,46,36,82,83,200,False,46,36,1,0,0,83,Gao
810,role_aware,69,36,105,106,200,False,69,36,1,0,0,106,Gao
811,role_aware,56,37,93,94,200,False,56,37,1,0,0,94,Gao
812,role_aware,82,36,118,119,200,False,82,36,1,0,0,119,Gao
813,role_aware,51,36,87,88,200,False,51,36,1,0,0,88,Gao
814,role_aware,53,36,89,90,200,False,53,36,1,0,0,90,Gao
815,role_aware,70,36,106,107,200,False,70,36,1,0,0,107,Gao
816,role_aware,63,36,99,100,200,False,63,36,1,0,0,100,Gao
817,role_aware,42,36,78,79,200,False,42,36,1,0,0,79,Gao
818,role_aware,42,36,78,79,200,False,42,36,1,0,0,79,Gao
819,role_aware,42,36,78,79,200,False,42,36,1,0,0,79,Gao
820,role_aware,48,36,84,85,200,False,48,36,1,0,0,85,Gao
821,role_aware,60,36,96,97,200,False,60,36,1,0,0,97,Gao
822,role_aware,55,36,91,92,200,False,55,36,1,0,0,92,Gao
823,role_aware,71,36,107,108,200,False,71,36,1,0,0,108,Gao
824,role_aware,39,37,76,77,200,False,39,37,1,0,0,77,Gao
825,role_aware,39,37,76,77,200,False,39,37,1,0,0,77,Gao
826,role_aware,68,36,104,105,200,False,68,36,1,0,0,105,Gao
827,role_aware,77,36,113,114,200,False,77,36,1,0,0,114,Gao
828,role_aware,70,37,107,108,200,False,70,37,1,0,0,108,Gao
829,role_aware,66,37,103,104,200,False,66,37,1,0,0,104,Gao
830,role_aware,100,36,136,137,200,False,100,36,1,0,0,137,Gao
831,role_aware,41,36,77,78,200,False,41,36,1,0,0,78,Gao
832,role_aware,78,36,114,115,200,False,78,36,1,0,0,115,Gao
833,role_aware,83,36,119,120,200,False,83,36,1,0,0,120,Gao
834,role_aware,30,37,67,68,200,False,30,37,1,0,0,68,Gao
835,role_aware,57,37,94,95,200,False,57,37,1,0,0,95,Gao
836,role_aware,57,36,93,94,200,False,57,36,1,0,0,94,Gao
837,role_aware,46,37,83,84,200,False,46,37,1,0,0,84,Gao
838,role_aware,46,36,82,83,200,False,46,36,1,0,0,83,Gao
839,role_aware,52,37,89,90,200,False,52,37,1,0,0,90,Gao
840,role_aware,52,36,88,89,200,False,52,36,1,0,0,89,Gao
841,role_aware,67,36,103,104,200,False,67,36,1,0,0,104,Gao
842,role_aware,64,36,100,101,200,False,64,36,1,0,0,101,Gao
843,role_aware,67,36,103,104,200,False,67,36,1,0,0,104,Gao
844,role_aware,83,36,119,120,200,False,83,36,1,0,0,120,Gao
845,role_aware,83,36,119,120,200,False,83,36,1,0,0,120,Gao
846,role_aware,79,36,115,116,200,False,79,36,1,0,0,116,Gao
847,role_aware,78,36,114,115,200,False,78,36,1,0,0,115,Gao
848,role_aware,77,36,113,114,200,False,77,36,1,0,0,114,Gao
849,role_aware,83,36,119,120,200,False,83,36,1,0,0,120,Gao
850,role_aware,63,36,99,100,200,False,63,36,1,0,0,100,Gao
851,role_aware,63,36,99,100,200,False,63,36,1,0,0,100,Gao
852,role_aware,59,36,95,96,200,False,59,36,1,0,0,96,Gao
853,role_aware,66,36,102,103,200,False,66,36,1,0,0,103,Gao
854,role_aware,78,36,114,115,200,False,78,36,1,0,0,115,Gao
855,role_aware,43,36,79,80,200,False,43,36,1,0,0,80,Gao
856,role_aware,77,36,113,114,200,False,77,36,1,0,0,114,Gao
857,role_aware,85,36,121,122,200,False,85,36,1,0,0,122,Gao
858,role_aware,67,36,103,104,200,False,67,36,1,0,0,104,Gao
859,role_aware,72,36,108,109,200,False,72,36,1,0,0,109,Gao
860,role_aware,72,36,108,109,200,False,72,36,1,0,0,109,Gao
861,role_aware,62,36,98,99,200,False,62,36,1,0,0,99,Gao
862,role_aware,63,36,99,100,200,False,63,36,1,0,0,100,Gao
863,role_aware,70,36,106,107,200,False,70,36,1,0,0,107,Gao
864,role_aware,64,36,100,101,200,False,64,36,1,0,0,101,Gao
865,role_aware,73,36,109,110,200,False,73,36,1,0,0,110,Gao
866,role_aware,74,36,110,111,200,False,74,36,1,0,0,111,Gao
867,role_aware,59,37,96,97,200,False,59,37,1,0,0,97,Gao
868,role_aware,75,36,111,112,200,False,75,36,1,0,0,112,Gao
869,role_aware,52,36,88,89,200,False,52,36,1,0,0,89,Gao
870,role_aware,62,36,98,99,200,False,62,36,1,0,0,99,Gao
871,role_aware,52,36,88,89,200,False,52,36,1,0,0,89,Gao
872,role_aware,54,36,90,91,200,False,54,36,1,0,0,91,Gao
873,role_aware,46,36,82,83,200,False,46,36,1,0,0,83,Gao
874,role_aware,47,36,83,84,200,False,47,36,1,0,0,84,Gao
875,role_aware,47,36,83,84,200,False,47,36,1,0,0,84,Gao
876,role_aware,54,36,90,91,200,False,54,36,1,0,0,91,Gao
877,role_aware,75,36,111,112,200,False,75,36,1,0,0,112,Gao
878,role_aware,62,36,98,99,200,False,62,36,1,0,0,99,Gao
879,role_aware,86,36,122,123,200,False,86,36,1,0,0,123,Gao
880,role_aware,52,36,88,89,200,False,52,36,1,0,0,89,Gao
881,role_aware,49,36,85,86,200,False,49,36,1,0,0,86,Gao
882,role_aware,81,36,117,118,200,False,81,36,1,0,0,118,Gao
883,role_aware,95,36,131,132,200,False,95,36,1,0,0,132,Gao
884,role_aware,81,36,117,118,200,False,81,36,1,0,0,118,Gao
885,role_aware,81,36,117,118,200,False,81,36,1,0,0,118,Gao
886,role_aware,81,75,156,157,200,False,81,75,1,0,0,157,Gao
887,role_aware,67,36,103,104,200,False,67,36,1,0,0,104,Gao
888,role_aware,63,36,99,100,200,False,63,36,1,0,0,100,Gao
889,role_aware,88,36,124,125,200,False,88,36,1,0,0,125,Gao
890,role_aware,68,36,104,105,200,False,68,36,1,0,0,105,Gao
891,role_aware,70,3,73,74,200,False,70,3,1,0,0,74,Gao
892,role_aware,70,3,73,74,200,False,70,3,1,0,0,74,Gao
893,role_aware,67,3,70,71,200,False,67,3,1,0,0,71,Gao
894,role_aware,71,36,107,108,200,False,71,36,1,0,0,108,Gao
895,role_aware,33,36,69,70,200,False,33,36,1,0,0,70,Gao
896,role_aware,55,3,58,59,200,False,55,3,1,0,0,59,Gao
897,role_aware,46,3,49,50,200,False,46,3,1,0,0,50,Gao
898,role_aware,46,3,49,50,200,False,46,3,1,0,0,50,Gao
899,role_aware,63,36,99,100,200,False,63,36,1,0,0,100,Gao
900,role_aware,68,36,104,105,200,False,68,36,1,0,0,105,Gao
901,role_aware,64,36,100,101,200,False,64,36,1,0,0,101,Gao
902,role_aware,66,37,103,104,200,False,66,37,1,0,0,104,Gao
903,role_aware,66,39,105,106,200,False,66,39,1,0,0,106,Gao
904,role_aware,98,37,135,136,200,False,98,37,1,0,0,136,Gao
905,role_aware,55,36,91,92,200,False,55,36,1,0,0,92,Gao
906,role_aware,54,36,90,91,200,False,54,36,1,0,0,91,Gao
907,role_aware,59,36,95,96,200,False,59,36,1,0,0,96,Gao
908,role_aware,61,36,97,98,200,False,61,36,1,0,0,98,Gao
909,role_aware,55,36,91,92,200,False,55,36,1,0,0,92,Gao
910,role_aware,60,36,96,97,200,False,60,36,1,0,0,97,Gao
911,role_aware,80,36,116,117,200,False,80,36,1,0,0,117,Gao
912,role_aware,82,36,118,119,200,False,82,36,1,0,0,119,Gao
913,role_aware,56,37,93,94,200,False,56,37,1,0,0,94,Gao
914,role_aware,86,36,122,123,200,False,86,36,1,0,0,123,Gao
915,role_aware,87,36,123,124,200,False,87,36,1,0,0,124,Gao
916,role_aware,83,36,119,120,200,False,83,36,1,0,0,120,Gao
917,role_aware,79,36,115,116,200,False,79,36,1,0,0,116,Gao
918,role_aware,54,37,91,92,200,False,54,37,1,0,0,92,Gao
919,role_aware,52,37,89,90,200,False,52,37,1,0,0,90,Gao
920,role_aware,65,37,102,103,200,False,65,37,1,0,0,103,Gao
921,role_aware,70,37,107,108,200,False,70,37,1,0,0,108,Gao
922,role_aware,59,36,95,96,200,False,59,36,1,0,0,96,Gao
923,role_aware,59,36,95,96,200,False,59,36,1,0,0,96,Gao
924,role_aware,74,36,110,111,200,False,74,36,1,0,0,111,Gao
925,role_aware,76,36,112,113,200,False,76,36,1,0,0,113,Gao
926,role_aware,67,36,103,104,200,False,67,36,1,0,0,104,Gao
927,role_aware,67,36,103,104,200,False,67,36,1,0,0,104,Gao
928,role_aware,69,36,105,106,200,False,69,36,1,0,0,106,Gao
929,role_aware,71,36,107,108,200,False,71,36,1,0,0,108,Gao
930,role_aware,63,36,99,100,200,False,63,36,1,0,0,100,Gao
931,role_aware,51,36,87,88,200,False,51,36,1,0,0,88,Gao
932,role_aware,70,36,106,107,200,False,70,36,1,0,0,107,Gao
933,role_aware,51,36,87,88,200,False,51,36,1,0,0,88,Gao
934,role_aware,64,36,100,101,200,False,64,36,1,0,0,101,Gao
935,role_aware,68,36,104,105,200,False,68,36,1,0,0,105,Gao
936,role_aware,63,50,113,114,200,False,63,50,1,0,0,114,Gao
937,role_aware,63,50,113,114,200,False,63,50,1,0,0,114,Gao
938,role_aware,63,50,113,114,200,False,63,50,1,0,0,114,Gao
939,role_aware,58,36,94,95,200,False,58,36,1,0,0,95,Gao
940,role_aware,57,36,93,94,200,False,57,36,1,0,0,94,Gao
941,role_aware,63,36,99,100,200,False,63,36,1,0,0,100,Gao
942,role_aware,100,37,137,138,200,False,100,37,1,0,0,138,Gao
943,role_aware,100,37,137,138,200,False,100,37,1,0,0,138,Gao
944,role_aware,46,37,83,84,200,False,46,37,1,0,0,84,Gao
945,role_aware,82,36,118,119,200,False,82,36,1,0,0,119,Gao
946,role_aware,41,36,77,78,200,False,41,36,1,0,0,78,Gao
947,role_aware,52,36,88,89,200,False,52,36,1,0,0,89,Gao
948,role_aware,33,36,69,70,200,False,33,36,1,0,0,70,Gao
949,role_aware,44,36,80,81,200,False,44,36,1,0,0,81,Gao
950,role_aware,43,36,79,80,200,False,43,36,1,0,0,80,Gao
951,role_aware,42,36,78,79,200,False,42,36,1,0,0,79,Gao
952,role_aware,85,36,121,122,200,False,85,36,1,0,0,122,Gao
953,role_aware,85,55,140,141,200,False,85,55,1,0,0,141,Gao
954,role_aware,85,64,149,150,200,False,85,64,1,0,0,150,Gao
955,role_aware,80,66,146,147,200,False,80,66,1,0,0,147,Gao
956,role_aware,35,36,71,72,200,False,35,36,1,0,0,72,Gao
957,role_aware,55,37,92,93,200,False,55,37,1,0,0,93,Gao
958,role_aware,77,36,113,114,200,False,77,36,1,0,0,114,Gao
959,role_aware,93,36,129,130,200,False,93,36,1,0,0,130,Gao
960,role_aware,106,36,142,143,200,False,106,36,1,0,0,143,Gao
961,role_aware,66,36,102,103,200,False,66,36,1,0,0,103,Gao
962,role_aware,59,36,95,96,200,False,59,36,1,0,0,96,Gao
963,role_aware,71,52,123,124,200,False,71,52,1,0,0,124,Gao
964,role_aware,61,36,97,98,200,False,61,36,1,0,0,98,Gao
965,role_aware,54,36,90,91,200,False,54,36,1,0,0,91,Gao
966,role_aware,44,36,80,81,200,False,44,36,1,0,0,81,Gao
967,role_aware,45,36,81,82,200,False,45,36,1,0,0,82,Gao
968,role_aware,91,36,127,128,200,False,91,36,1,0,0,128,Gao
969,role_aware,72,37,109,110,200,False,72,37,1,0,0,110,Gao
970,role_aware,49,37,86,87,200,False,49,37,1,0,0,87,Gao
971,role_aware,54,37,91,92,200,False,54,37,1,0,0,92,Gao
972,role_aware,65,36,101,102,200,False,65,36,1,0,0,102,Gao
973,role_aware,75,36,111,112,200,False,75,36,1,0,0,112,Gao
974,role_aware,16,3,19,20,200,False,16,3,1,0,0,20,Gao
975,role_aware,63,28,91,92,200,False,63,28,1,0,0,92,Gao
976,role_aware,70,36,106,107,200,False,70,36,1,0,0,107,Gao
977,role_aware,71,36,107,108,200,False,71,36,1,0,0,108,Gao
978,role_aware,64,36,100,101,200,False,64,36,1,0,0,101,Gao
979,role_aware,38,3,41,42,200,False,38,3,1,0,0,42,Gao
980,role_aware,42,3,45,46,200,False,42,3,1,0,0,46,Gao
981,role_aware,44,3,47,48,200,False,44,3,1,0,0,48,Gao
982,role_aware,35,36,71,72,200,False,35,36,1,0,0,72,Gao
983,role_aware,70,36,106,107,200,False,70,36,1,0,0,107,Gao
984,role_aware,72,36,108,109,200,False,72,36,1,0,0,109,Gao
985,role_aware,54,36,90,91,200,False,54,36,1,0,0,91,Gao
986,role_aware,69,36,105,106,200,False,69,36,1,0,0,106,Gao
987,role_aware,56,36,92,93,200,False,56,36,1,0,0,93,Gao
988,role_aware,53,36,89,90,200,False,53,36,1,0,0,90,Gao
989,role_aware,90,36,126,127,200,False,90,36,1,0,0,127,Gao
990,role_aware,57,36,93,94,200,False,57,36,1,0,0,94,Gao
991,role_aware,64,36,100,101,200,False,64,36,1,0,0,101,Gao
992,role_aware,92,36,128,129,200,False,92,36,1,0,0,129,Gao
993,role_aware,94,36,130,131,200,False,94,36,1,0,0,131,Gao
994,role_aware,63,36,99,100,200,False,63,36,1,0,0,100,Gao
995,role_aware,64,36,100,101,200,False,64,36,1,0,0,101,Gao
996,role_aware,75,36,111,112,200,False,75,36,1,0,0,112,Gao
997,role_aware,70,36,106,107,200,False,70,36,1,0,0,107,Gao
998,role_aware,72,36,108,109,200,False,72,36,1,0,0,109,Gao
999,role_aware,54,36,90,91,200,False,54,36,1,0,0,91,Gao
1000,role_aware,43,3,46,47,200,False,43,3,1,0,0,47,Gao
1001,role_aware,68,36,104,105,200,False,68,36,1,0,0,105,Gao
1002,role_aware,65,36,101,102,200,False,65,36,1,0,0,102,Gao
1003,role_aware,66,36,102,103,200,False,66,36,1,0,0,103,Gao
1004,role_aware,66,36,102,103,200,False,66,36,1,0,0,103,Gao
1005,role_aware,67,37,104,105,200,False,67,37,1,0,0,105,Gao
1006,role_aware,67,36,103,104,200,False,67,36,1,0,0,104,Gao
1007,role_aware,67,37,104,105,200,False,67,37,1,0,0,105,Gao
1008,role_aware,67,36,103,104,200,False,67,36,1,0,0,104,Gao
1009,role_aware,67,37,104,105,200,False,67,37,1,0,0,105,Gao
1010,role_aware,67,36,103,104,200,False,67,36,1,0,0,104,Gao
1011,role_aware,78,37,115,116,200,False,78,37,1,0,0,116,Gao
1012,role_aware,78,37,115,116,200,False,78,37,1,0,0,116,Gao
1013,role_aware,55,37,92,93,200,False,55,37,1,0,0,93,Gao
1014,role_aware,36,3,39,40,200,False,36,3,1,0,0,40,Gao
1015,role_aware,42,3,45,46,200,False,42,3,1,0,0,46,Gao
1016,role_aware,36,3,39,40,200,False,36,3,1,0,0,40,Gao
1017,role_aware,49,36,85,86,200,False,49,36,1,0,0,86,Gao
1018,role_aware,69,36,105,106,200,False,69,36,1,0,0,106,Gao
1019,role_aware,66,36,102,103,200,False,66,36,1,0,0,103,Gao
1020,role_aware,66,36,102,103,200,False,66,36,1,0,0,103,Gao
1021,role_aware,70,37,107,108,200,False,70,37,1,0,0,108,Gao
1022,role_aware,75,37,112,113,200,False,75,37,1,0,0,113,Gao
1023,role_aware,98,36,134,135,200,False,98,36,1,0,0,135,Gao
1024,role_aware,116,36,152,153,200,False,116,36,1,0,0,153,Gao
1025,role_aware,72,36,108,109,200,False,72,36,1,0,0,109,Gao
1026,role_aware,85,36,121,122,200,False,85,36,1,0,0,122,Gao
1027,role_aware,66,36,102,103,200,False,66,36,1,0,0,103,Gao
1028,role_aware,64,36,100,101,200,False,64,36,1,0,0,101,Gao
1029,role_aware,101,36,137,138,200,False,101,36,1,0,0,138,Gao
1030,role_aware,98,36,134,135,200,False,98,36,1,0,0,135,Gao
1031,role_aware,62,37,99,100,200,False,62,37,1,0,0,100,Gao
1032,role_aware,51,37,88,89,200,False,51,37,1,0,0,89,Gao
1033,role_aware,60,36,96,97,200,False,60,36,1,0,0,97,Gao
1034,role_aware,61,36,97,98,200,False,61,36,1,0,0,98,Gao
1035,role_aware,63,37,100,101,200,False,63,37,1,0,0,101,Gao
1036,role_aware,67,37,104,105,200,False,67,37,1,0,0,105,Gao
1037,role_aware,70,36,106,107,200,False,70,36,1,0,0,107,Gao
1038,role_aware,70,36,106,107,200,False,70,36,1,0,0,107,Gao
1039,role_aware,65,37,102,103,200,False,65,37,1,0,0,103,Gao
1040,role_aware,62,37,99,100,200,False,62,37,1,0,0,100,Gao
1041,role_aware,62,37,99,100,200,False,62,37,1,0,0,100,Gao
1042,role_aware,64,36,100,101,200,False,64,36,1,0,0,101,Gao
1043,role_aware,65,36,101,102,200,False,65,36,1,0,0,102,Gao
1044,role_aware,59,37,96,97,200,False,59,37,1,0,0,97,Gao
1045,role_aware,59,37,96,97,200,False,59,37,1,0,0,97,Gao
1046,role_aware,54,37,91,92,200,False,54,37,1,0,0,92,Gao
1047,role_aware,63,37,100,101,200,False,63,37,1,0,0,101,Gao
1048,role_aware,32,37,69,70,200,False,32,37,1,0,0,70,Gao
1049,role_aware,77,36,113,114,200,False,77,36,1,0,0,114,Gao
1050,role_aware,79,36,115,116,200,False,79,36,1,0,0,116,Gao
1051,role_aware,35,37,72,73,200,False,35,37,1,0,0,73,Gao
1052,role_aware,35,37,72,73,200,False,35,37,1,0,0,73,Gao
1053,role_aware,65,37,102,103,200,False,65,37,1,0,0,103,Gao
1054,role_aware,64,37,101,102,200,False,64,37,1,0,0,102,Gao
1055,role_aware,65,37,102,103,200,False,65,37,1,0,0,103,Gao
1056,role_aware,65,37,102,103,200,False,65,37,1,0,0,103,Gao
1057,role_aware,65,37,102,103,200,False,65,37,1,0,0,103,Gao
1058,role_aware,67,37,104,105,200,False,67,37,1,0,0,105,Gao
1059,role_aware,66,37,103,104,200,False,66,37,1,0,0,104,Gao
1060,role_aware,67,37,104,105,200,False,67,37,1,0,0,105,Gao
1061,role_aware,107,36,143,144,200,False,107,36,1,0,0,144,Gao
1062,role_aware,91,36,127,128,200,False,91,36,1,0,0,128,Gao
1063,role_aware,60,37,97,98,200,False,60,37,1,0,0,98,Gao
1064,role_aware,57,37,94,95,200,False,57,37,1,0,0,95,Gao
1065,role_aware,68,37,105,106,200,False,68,37,1,0,0,106,Gao
1066,role_aware,67,37,104,105,200,False,67,37,1,0,0,105,Gao
1067,role_aware,79,55,134,135,200,False,79,55,1,0,0,135,Gao
1068,role_aware,66,36,102,103,200,False,66,36,1,0,0,103,Gao
1069,role_aware,51,36,87,88,200,False,51,36,1,0,0,88,Gao
1070,role_aware,53,36,89,90,200,False,53,36,1,0,0,90,Gao
1071,role_aware,50,3,53,54,200,False,50,3,1,0,0,54,Gao
1072,role_aware,50,3,53,54,200,False,50,3,1,0,0,54,Gao
1073,role_aware,50,3,53,54,200,False,50,3,1,0,0,54,Gao
1074,role_aware,62,3,65,66,200,False,62,3,1,0,0,66,Gao
1075,role_aware,64,3,67,68,200,False,64,3,1,0,0,68,Gao
1076,role_aware,64,37,101,102,200,False,64,37,1,0,0,102,Gao
1077,role_aware,72,37,109,110,200,False,72,37,1,0,0,110,Gao
1078,role_aware,74,37,111,112,200,False,74,37,1,0,0,112,Gao
1079,role_aware,65,37,102,103,200,False,65,37,1,0,0,103,Gao
1080,role_aware,61,37,98,99,200,False,61,37,1,0,0,99,Gao
1081,role_aware,78,37,115,116,200,False,78,37,1,0,0,116,Gao
1082,role_aware,78,36,114,115,200,False,78,36,1,0,0,115,Gao
1083,role_aware,103,36,139,140,200,False,103,36,1,0,0,140,Gao
1084,role_aware,66,36,102,103,200,False,66,36,1,0,0,103,Gao
1085,role_aware,36,36,72,73,200,False,36,36,1,0,0,73,Gao
1086,role_aware,67,36,103,104,200,False,67,36,1,0,0,104,Gao
1087,role_aware,46,36,82,83,200,False,46,36,1,0,0,83,Gao
1088,role_aware,66,36,102,103,200,False,66,36,1,0,0,103,Gao
1089,role_aware,67,36,103,104,200,False,67,36,1,0,0,104,Gao
1090,role_aware,47,36,83,84,200,False,47,36,1,0,0,84,Gao
1091,role_aware,49,36,85,86,200,False,49,36,1,0,0,86,Gao
1092,role_aware,55,36,91,92,200,False,55,36,1,0,0,92,Gao
1093,role_aware,48,36,84,85,200,False,48,36,1,0,0,85,Gao
1094,role_aware,47,36,83,84,200,False,47,36,1,0,0,84,Gao
1095,role_aware,54,37,91,92,200,False,54,37,1,0,0,92,Gao
1096,role_aware,56,36,92,93,200,False,56,36,1,0,0,93,Gao
1097,role_aware,62,37,99,100,200,False,62,37,1,0,0,100,Gao
1098,role_aware,57,37,94,95,200,False,57,37,1,0,0,95,Gao
1099,role_aware,54,37,91,92,200,False,54,37,1,0,0,92,Gao
1100,role_aware,73,37,110,111,200,False,73,37,1,0,0,111,Gao
1101,role_aware,56,37,93,94,200,False,56,37,1,0,0,94,Gao
1102,role_aware,60,36,96,97,200,False,60,36,1,0,0,97,Gao
1103,role_aware,67,36,103,104,200,False,67,36,1,0,0,104,Gao
1104,role_aware,106,37,143,144,200,False,106,37,1,0,0,144,Gao
1105,role_aware,68,36,104,105,200,False,68,36,1,0,0,105,Gao
1106,role_aware,64,36,100,101,200,False,64,36,1,0,0,101,Gao
1107,role_aware,29,36,65,66,200,False,29,36,1,0,0,66,Gao
1108,role_aware,62,36,98,99,200,False,62,36,1,0,0,99,Gao
1109,role_aware,97,37,134,135,200,False,97,37,1,0,0,135,Gao
1110,role_aware,75,37,112,113,200,False,75,37,1,0,0,113,Gao
1111,role_aware,110,37,147,148,200,False,110,37,1,0,0,148,Gao
1112,role_aware,66,36,102,103,200,False,66,36,1,0,0,103,Gao
1113,role_aware,58,55,113,114,200,False,58,55,1,0,0,114,Gao
1114,role_aware,75,36,111,112,200,False,75,36,1,0,0,112,Gao
1115,role_aware,66,37,103,104,200,False,66,37,1,0,0,104,Gao
1116,role_aware,38,36,74,75,200,False,38,36,1,0,0,75,Gao
1117,role_aware,59,36,95,96,200,False,59,36,1,0,0,96,Gao
1118,role_aware,88,36,124,125,200,False,88,36,1,0,0,125,Gao
1119,role_aware,71,36,107,108,200,False,71,36,1,0,0,108,Gao
1120,role_aware,71,36,107,108,200,False,71,36,1,0,0,108,Gao
1121,role_aware,57,36,93,94,200,False,57,36,1,0,0,94,Gao
1122,role_aware,53,37,90,91,200,False,53,37,1,0,0,91,Gao
1123,role_aware,62,37,99,100,200,False,62,37,1,0,0,100,Gao
1124,role_aware,52,37,89,90,200,False,52,37,1,0,0,90,Gao
1125,role_aware,86,37,123,124,200,False,86,37,1,0,0,124,Gao
1126,role_aware,62,37,99,100,200,False,62,37,1,0,0,100,Gao
1127,role_aware,44,3,47,48,200,False,44,3,1,0,0,48,Gao
1128,role_aware,62,36,98,99,200,False,62,36,1,0,0,99,Gao
1129,role_aware,58,36,94,95,200,False,58,36,1,0,0,95,Gao
1130,role_aware,69,56,125,126,200,False,69,56,1,0,0,126,Gao
1131,role_aware,69,80,149,150,200,False,69,80,1,0,0,150,Gao
1132,role_aware,73,37,110,111,200,False,73,37,1,0,0,111,Gao
1133,role_aware,68,55,123,124,200,False,68,55,1,0,0,124,Gao
1134,role_aware,53,36,89,90,200,False,53,36,1,0,0,90,Gao
1135,role_aware,55,36,91,92,200,False,55,36,1,0,0,92,Gao
1136,role_aware,72,36,108,109,200,False,72,36,1,0,0,109,Gao
1137,role_aware,68,36,104,105,200,False,68,36,1,0,0,105,Gao
1138,role_aware,64,37,101,102,200,False,64,37,1,0,0,102,Gao
1139,role_aware,63,36,99,100,200,False,63,36,1,0,0,100,Gao
1140,role_aware,53,37,90,91,200,False,53,37,1,0,0,91,Gao
1141,role_aware,50,37,87,88,200,False,50,37,1,0,0,88,Gao
1142,role_aware,55,37,92,93,200,False,55,37,1,0,0,93,Gao
1143,role_aware,49,37,86,87,200,False,49,37,1,0,0,87,Gao
1144,role_aware,67,36,103,104,200,False,67,36,1,0,0,104,Gao
1145,role_aware,75,36,111,112,200,False,75,36,1,0,0,112,Gao
1146,role_aware,62,36,98,99,200,False,62,36,1,0,0,99,Gao
1147,role_aware,78,36,114,115,200,False,78,36,1,0,0,115,Gao
1148,role_aware,75,36,111,112,200,False,75,36,1,0,0,112,Gao
1149,role_aware,55,37,92,93,200,False,55,37,1,0,0,93,Gao
1150,role_aware,55,36,91,92,200,False,55,36,1,0,0,92,Gao
1151,role_aware,63,37,100,101,200,False,63,37,1,0,0,101,Gao
1152,role_aware,65,37,102,103,200,False,65,37,1,0,0,103,Gao
1153,role_aware,56,37,93,94,200,False,56,37,1,0,0,94,Gao
1154,role_aware,64,37,101,102,200,False,64,37,1,0,0,102,Gao
1155,role_aware,64,36,100,101,200,False,64,36,1,0,0,101,Gao
1156,role_aware,66,37,103,104,200,False,66,37,1,0,0,104,Gao
1157,role_aware,59,37,96,97,200,False,59,37,1,0,0,97,Gao
1158,role_aware,51,37,88,89,200,False,51,37,1,0,0,89,Gao
1159,role_aware,64,36,100,101,200,False,64,36,1,0,0,101,Gao
1160,role_aware,64,36,100,101,200,False,64,36,1,0,0,101,Gao
1161,role_aware,73,55,128,129,200,False,73,55,1,0,0,129,Gao
1162,role_aware,84,36,120,121,200,False,84,36,1,0,0,121,Gao
1163,role_aware,72,36,108,109,200,False,72,36,1,0,0,109,Gao
1164,role_aware,78,36,114,115,200,False,78,36,1,0,0,115,Gao
1165,role_aware,71,36,107,108,200,False,71,36,1,0,0,108,Gao
1166,role_aware,85,36,121,122,200,False,85,36,1,0,0,122,Gao
1167,role_aware,79,37,116,117,200,False,79,37,1,0,0,117,Gao
1168,role_aware,72,55,127,128,200,False,72,55,1,0,0,128,Gao
1169,role_aware,78,55,133,134,200,False,78,55,1,0,0,134,Gao
1170,role_aware,79,55,134,135,200,False,79,55,1,0,0,135,Gao
1171,role_aware,27,3,30,31,200,False,27,3,1,0,0,31,Gao
1172,role_aware,27,80,107,108,200,False,27,80,1,0,0,108,Gao
1173,role_aware,47,3,50,51,200,False,47,3,1,0,0,51,Gao
1174,role_aware,49,3,52,53,200,False,49,3,1,0,0,53,Gao
1175,role_aware,49,3,52,53,200,False,49,3,1,0,0,53,Gao
1176,role_aware,49,3,52,53,200,False,49,3,1,0,0,53,Gao
1177,role_aware,57,55,112,113,200,False,57,55,1,0,0,113,Gao
1178,role_aware,62,55,117,118,200,False,62,55,1,0,0,118,Gao
1179,role_aware,61,37,98,99,200,False,61,37,1,0,0,99,Gao
1180,role_aware,83,36,119,120,200,False,83,36,1,0,0,120,Gao
1181,role_aware,83,36,119,120,200,False,83,36,1,0,0,120,Gao
1182,role_aware,53,36,89,90,200,False,53,36,1,0,0,90,Gao
1183,role_aware,66,36,102,103,200,False,66,36,1,0,0,103,Gao
1184,role_aware,76,36,112,113,200,False,76,36,1,0,0,113,Gao
1185,role_aware,65,36,101,102,200,False,65,36,1,0,0,102,Gao
1186,role_aware,54,37,91,92,200,False,54,37,1,0,0,92,Gao
1187,role_aware,54,37,91,92,200,False,54,37,1,0,0,92,Gao
1188,role_aware,54,37,91,92,200,False,54,37,1,0,0,92,Gao
1189,role_aware,56,37,93,94,200,False,56,37,1,0,0,94,Gao
1190,role_aware,93,55,148,149,200,False,93,55,1,0,0,149,Gao
1191,role_aware,80,36,116,117,200,False,80,36,1,0,0,117,Gao
1192,role_aware,80,75,155,156,200,False,80,75,1,0,0,156,Gao
1193,role_aware,75,55,130,131,200,False,75,55,1,0,0,131,Gao
1194,role_aware,78,36,114,115,200,False,78,36,1,0,0,115,Gao
1195,role_aware,78,55,133,134,200,False,78,55,1,0,0,134,Gao
1196,role_aware,82,36,118,119,200,False,82,36,1,0,0,119,Gao
1197,role_aware,82,55,137,138,200,False,82,55,1,0,0,138,Gao
1198,role_aware,62,55,117,118,200,False,62,55,1,0,0,118,Gao
1199,role_aware,68,55,123,124,200,False,68,55,1,0,0,124,Gao
1200,role_aware,67,36,103,104,200,False,67,36,1,0,0,104,Gao
1201,role_aware,57,36,93,94,200,False,57,36,1,0,0,94,Gao
1202,role_aware,63,36,99,100,200,False,63,36,1,0,0,100,Gao
1203,role_aware,65,36,101,102,200,False,65,36,1,0,0,102,Gao
1204,role_aware,65,36,101,102,200,False,65,36,1,0,0,102,Gao
1205,role_aware,96,37,133,134,200,False,96,37,1,0,0,134,Gao
1206,role_aware,121,36,157,158,200,False,121,36,1,0,0,158,Gao
1207,role_aware,59,36,95,96,200,False,59,36,1,0,0,96,Gao
1208,role_aware,65,37,102,103,200,False,65,37,1,0,0,103,Gao
1209,role_aware,45,36,81,82,200,False,45,36,1,0,0,82,Gao
1210,role_aware,63,36,99,100,200,False,63,36,1,0,0,100,Gao
1211,role_aware,59,36,95,96,200,False,59,36,1,0,0,96,Gao
1212,role_aware,56,36,92,93,200,False,56,36,1,0,0,93,Gao
1213,role_aware,62,36,98,99,200,False,62,36,1,0,0,99,Gao
1214,role_aware,56,37,93,94,200,False,56,37,1,0,0,94,Gao
1215,role_aware,59,75,134,135,200,False,59,75,1,0,0,135,Gao
1216,role_aware,59,36,95,96,200,False,59,36,1,0,0,96,Gao
1217,role_aware,50,3,53,54,200,False,50,3,1,0,0,54,Gao
1218,role_aware,57,3,60,61,200,False,57,3,1,0,0,61,Gao
1219,role_aware,82,55,137,138,200,False,82,55,1,0,0,138,Gao
1220,role_aware,61,36,97,98,200,False,61,36,1,0,0,98,Gao
1221,role_aware,59,36,95,96,200,False,59,36,1,0,0,96,Gao
1222,role_aware,66,36,102,103,200,False,66,36,1,0,0,103,Gao
1223,role_aware,67,36,103,104,200,False,67,36,1,0,0,104,Gao
1224,role_aware,52,36,88,89,200,False,52,36,1,0,0,89,Gao
1225,role_aware,58,36,94,95,200,False,58,36,1,0,0,95,Gao
1226,role_aware,76,36,112,113,200,False,76,36,1,0,0,113,Gao
1227,role_aware,70,36,106,107,200,False,70,36,1,0,0,107,Gao
1228,role_aware,83,36,119,120,200,False,83,36,1,0,0,120,Gao
1229,role_aware,60,36,96,97,200,False,60,36,1,0,0,97,Gao
1230,role_aware,55,36,91,92,200,False,55,36,1,0,0,92,Gao
1231,role_aware,58,36,94,95,200,False,58,36,1,0,0,95,Gao
1232,role_aware,60,36,96,97,200,False,60,36,1,0,0,97,Gao
1233,role_aware,77,36,113,114,200,False,77,36,1,0,0,114,Gao
1234,role_aware,74,36,110,111,200,False,74,36,1,0,0,111,Gao
1235,role_aware,78,36,114,115,200,False,78,36,1,0,0,115,Gao
1236,role_aware,69,37,106,107,200,False,69,37,1,0,0,107,Gao
1237,role_aware,63,36,99,100,200,False,63,36,1,0,0,100,Gao
1238,role_aware,68,36,104,105,200,False,68,36,1,0,0,105,Gao
1239,role_aware,62,36,98,99,200,False,62,36,1,0,0,99,Gao
1240,role_aware,67,36,103,104,200,False,67,36,1,0,0,104,Gao
1241,role_aware,43,36,79,80,200,False,43,36,1,0,0,80,Gao
1242,role_aware,34,36,70,71,200,False,34,36,1,0,0,71,Gao
1243,role_aware,72,36,108,109,200,False,72,36,1,0,0,109,Gao
1244,role_aware,74,36,110,111,200,False,74,36,1,0,0,111,Gao
1245,role_aware,77,64,141,142,200,False,77,64,1,0,0,142,Gao
1246,role_aware,77,36,113,114,200,False,77,36,1,0,0,114,Gao
1247,role_aware,64,64,128,129,200,False,64,64,1,0,0,129,Gao
1248,role_aware,73,68,141,142,200,False,73,68,1,0,0,142,Gao
1249,role_aware,75,72,147,148,200,False,75,72,1,0,0,148,Gao
