array_index,source,source_row,donor_smiles,acceptor_smiles,experimental_PCE,pair_key,donor_fp_hash,acceptor_fp_hash,pair_fp_hash,legacy_sequence_hash,role_aware_sequence_hash,pair_fp_group_id,legacy_sequence_group_id,role_aware_sequence_group_id,safe_any_encoding_group_id
0,Gao,0,,,1.36,Gao_0000,8e2c74235925f35938df5fd53afb7dd4249fdbc0860494df9e1e5d7079af21ef,0200210bcf15d900163b083f37822f819e4cacf358747423834334ad050b737f,6dff0764c8d46d844ff19cecd54e299c7e1f57ed2557cae2f67c7367b6dba3b3,ff268e1b0dc984e06a7a0bcd3a9ca4f278b2755f4c546572956b8163293f3958,2df6bbd16f0dbd6c089686f6f243788f7916115e843a1ed2afa8626d98f74830,498,1185,202,681
1,Gao,1,,,1.24,Gao_0001,8e2c74235925f35938df5fd53afb7dd4249fdbc0860494df9e1e5d7079af21ef,79a9af327ea103eba28cd661ee4a5fbd1877d89cc8909ddb6038947c6ef598a9,f24724ae874376042bfaaf4ccdf7770e51d2c09dc26f5e646db1528ce2c9b980,162611000c73392a34641ca68831d35e4a8def580e60469aaf6cbe0ea6dca16f,b0490166a65e9ccad667bb75d9a20a68f0dd1bd41fef7d2c9d24e27707127753,1141,112,810,682
2,Gao,2,,,3.16,Gao_0002,45428086e8de51c3bb1ea293c4626e0b3d077f672497a36ee5758bf15731f519,79a9af327ea103eba28cd661ee4a5fbd1877d89cc8909ddb6038947c6ef598a9,618830620e25dbca559a2acad00ce8663c907b9a661f2c9a76d51d2994c33a14,eabc3a2e4e84da18bde75f5abcc543a618d715465bb41371dadb466e4a4a8193,1eb9d96ce8a9e2c74dcf658ee209d91635dd055675f7098b1c7173fb1f37a7ac,440,1081,131,683
3,Gao,3,,,2.1,Gao_0003,af9d145acd5ddab33d6c9b614d07abc41bd22ba261a87131a03b2ebe187ea8bf,0200210bcf15d900163b083f37822f819e4cacf358747423834334ad050b737f,ab8db180121a5c084069499f727ce871a0b87fbb9fd651379fe5f15371508a33,c2d3f08546c7c299bf4e61db1b9e5671e74810ffbb7419b7ef89f20916c1fda1,fde94584fb4768a1861a1b0212c2183e94554b333b42e437f479e5f6cd9a8f13,799,895,1185,684
4,Gao,4,,,2.7,Gao_0004,af9d145acd5ddab33d6c9b614d07abc41bd22ba261a87131a03b2ebe187ea8bf,0200210bcf15d900163b083f37822f819e4cacf358747423834334ad050b737f,ab8db180121a5c084069499f727ce871a0b87fbb9fd651379fe5f15371508a33,c2d3f08546c7c299bf4e61db1b9e5671e74810ffbb7419b7ef89f20916c1fda1,fde94584fb4768a1861a1b0212c2183e94554b333b42e437f479e5f6cd9a8f13,799,895,1185,684
5,Gao,5,,,2.9,Gao_0005,f25af6eb278da6543adfc9ca5c2ff86842370bc2bf521dc59d4edf8e12250035,0200210bcf15d900163b083f37822f819e4cacf358747423834334ad050b737f,73c41fedf3fbfbf162ce3ec9f83645352d53c4a546fc75834bc1217140ada0f0,e8ab2018525cadf3eb1490e9b7e567d758c5906e6106e1fb596b05676d7b0d2c,7058f7cf87a24cbfaf61b8c6511a593102a688cf6e884d2cb9a50bb9212ad115,523,1073,508,685
6,Gao,6,,,0.5,Gao_0006,a6cf1ab48f543788309e498021cc9a7e206cf0189e09fae3aa9eaab834e81668,0200210bcf15d900163b083f37822f819e4cacf358747423834334ad050b737f,efef5dd8256f3faa8a933ca17336d0c411da64f95c22972a83c58b5f7f56e36f,ddd60fe76fdef2dc6798027ec7285d8290586e6a260f41255cae7dba7d6df025,da5c53cf5bab6b75020db5ac2f3f9455310429bf12b6a0169817c40e975a4497,1130,1019,1006,686
7,Gao,7,,,1.55,Gao_0007,1f6211df7014f9018a4e135878abeeb19402346dc9859199b5383e816e8bd97b,662249b27f71717e6cd10bc40d9d82bd63bbfc14fed03ba60280ffb003a773e7,0bbbbb9eba2cfbedbe67b20e44c6f4f3a9b7dc5ca2d48a68a074245b0f10be15,2bdaa99a462a51b0a66d05843a94413a1357b81192d97d2df681d7f6b90c9ec5,58a9713ec5a8bf3f4a64be3aeb272583a88880c25c8f1f7e4c3934a07f549636,50,209,396,687
8,Gao,8,,,3.52,Gao_0008,1f6211df7014f9018a4e135878abeeb19402346dc9859199b5383e816e8bd97b,662249b27f71717e6cd10bc40d9d82bd63bbfc14fed03ba60280ffb003a773e7,0bbbbb9eba2cfbedbe67b20e44c6f4f3a9b7dc5ca2d48a68a074245b0f10be15,2bdaa99a462a51b0a66d05843a94413a1357b81192d97d2df681d7f6b90c9ec5,58a9713ec5a8bf3f4a64be3aeb272583a88880c25c8f1f7e4c3934a07f549636,50,209,396,687
9,Gao,9,,,1.72,Gao_0009,156a36df8b6890c00b722f209a78386e57bed3d66c72ea4eb1628f8b6aa0bdc6,662249b27f71717e6cd10bc40d9d82bd63bbfc14fed03ba60280ffb003a773e7,9591aff4aafcbd45fc16e532b3e20109815c0c3506820989c2d38a3cf51a7450,d2456367e7ba040aa0dc69278c6ed94350313e52dae2749f69efe1f8a19971a1,09df32f417a371c70266767dcdc8e07bdafae38f5c82d2a9b2b58c8d9b5d9159,682,971,49,688
10,Gao,10,,,1.48,Gao_0010,51adf7a87b24832f75ab46b189b8a1e2466f492853d757bf379af1b27b0765ff,662249b27f71717e6cd10bc40d9d82bd63bbfc14fed03ba60280ffb003a773e7,f281a8d4cf4547a47d63973e62c7bea7679fb965bd08e3fcfa07b83aa89c00cb,9cb9587607483306e109f49e29b4cf17ac84230ae613c731ffe1f24b5080e681,a19e171071cffabf3ba080c75d84dd1872f6f80810fc801f314deccd3d88fb0b,1142,729,739,689
11,Gao,11,,,2.09,Gao_0011,a2b06273ef482d6c34673ad930fb3b9b91a2c4a027ef540c74cf57624d74bb9c,c974279b3978329f1ff6eb86effe3f4876852e90b6dfe8871e8072e64e9417ab,414defe8b4c4e50c30581832c0490bbf88a1708e20f9db07422688efa735785e,cdf05379e710714135a660125bba7ffd7342168f37e250c7fb8bc9299e1f43c7,cc7124019f3b0e8febbf3c72829b707d117b6f90543805d2bbb891445e3294ad,298,948,938,690
12,Gao,12,,,9.2,Gao_0012,e72f281cc50999b0c12d6ba8ba1f41629ec64f6e5965d3c552378e1c8d49394a,79a9af327ea103eba28cd661ee4a5fbd1877d89cc8909ddb6038947c6ef598a9,e2faabfa2b7046f170c0421558b83e91184f0d7e33a7ab6afad4eb7ccaaa3818,3c605f372a9c5ab3687b664418536d261ce83b237d3e28ffdcaf6d813fc003ce,a56d979b76c94ed42315ae18c581a5374c16de6cbe583ea555f3e1d31442b424,1075,294,760,691
13,Gao,13,,,1.4,Gao_0013,15c55b41ed46414b691d6c4f9b5949cae571472a6db0368941e0e33b29aba964,79a9af327ea103eba28cd661ee4a5fbd1877d89cc8909ddb6038947c6ef598a9,4287c4dfa18c8b4454ca41625863806c644bba5b8e7be52c1248ffb9691b9729,917cec9b49c5cd9a2c07d90ca2b478e2f68b274dadd2e04b00921b8fc30da3f2,e7c63baab16065036e5750a49f9c1662d6be971f5f029938654fee175327894b,303,682,1078,692
14,Gao,14,,,2.4,Gao_0014,c2556d93b1549bc7fdb40cc0d6d512df479a2da1ce193bb799446ddb7d7c57b7,79a9af327ea103eba28cd661ee4a5fbd1877d89cc8909ddb6038947c6ef598a9,e4626df64145485423f176867f544fe11cbefa75a5a5354bf786fe4ca636df51,1d1649c1fcb03e52b25836ad14ed7c57b02aa74be7c44f320624ab837659c761,665bcd7af5683f739724983dd82c6090143627885cb5d0798b6c1769cc1b2eff,1080,143,463,693
15,Gao,15,,,2.8,Gao_0015,7e726857fc0ac32532860051ca2d2ff6bd5b6d12e168b21321afdcd30c253f2c,79a9af327ea103eba28cd661ee4a5fbd1877d89cc8909ddb6038947c6ef598a9,c42621613b0c43787bef317934fb73de07d6d00a0a11861e6a5098c6a1e4321d,fc916b9c73cd604583e87374265adaf5e74b081fbd937efa92568f2731ae2a4f,698bcec9b3e09d9caba0b0deb1e55282a40dff1c0c3d63cf0a18dba69080ce3d,939,1174,477,694
16,Gao,16,,,5.16,Gao_0016,60514640fc94b611db593716d3d4503a30a3dc396027177ce901f14080ad5272,79a9af327ea103eba28cd661ee4a5fbd1877d89cc8909ddb6038947c6ef598a9,804745ca8144cf16540b20922bc8a06587c3e308c8f49cd3bbc0f06cb748e8fd,b1235d0f2e0d6a1ebfc2cb82e6f08fbc081b0b5be241b76276573016d2875d29,a7c867df87082e2aaf7f907d0e5054fb9f2cd3bd252a6981b8a10d2db44d60eb,588,803,772,695
17,Gao,17,,,4.08,Gao_0017,9cec661afa522d145e8429f682d8e84bb6a039ec157a7b101bc7a11daa82cf4a,79a9af327ea103eba28cd661ee4a5fbd1877d89cc8909ddb6038947c6ef598a9,19ab942d7c6e9bb7facdc163397f920237c87c6b208d3ed77f8469d5a8d25806,06ac7d92538d91b49e1245bd86ea296d7f8d36253e9cd8271c552c2235e917ea,a112bd780bbd1e0c85c5d99bf6ca46dadd45ab81ec0f1cacc5a458cc7e0c0452,123,30,734,696
18,Gao,18,,,5.69,Gao_0018,168e2b1d0723b27f9cad8856f242bb040323a347ef127604c69a673f86c1ff37,79a9af327ea103eba28cd661ee4a5fbd1877d89cc8909ddb6038947c6ef598a9,3c32c3d5630d015f603cbe46f51a1aea6f3e625b8a242fd97e562b0ee4e99c3e,e63a13765ebb824cbbeadbe40dfe8dc9108e054638fc030db13180835e6d2e51,d9f49d8cdbd8d19f17e8cff6c33d0874f76c56b760b434a0239607d71c376fa0,267,1062,1001,697
19,Gao,19,,,4.34,Gao_0019,11d8e33a91921c32a77947109d8c28c62988d9583156e987f0af9dea9868c397,0200210bcf15d900163b083f37822f819e4cacf358747423834334ad050b737f,282de9897d5cbf210ef9c615b1a5891292b7ae879ea0669f9e198eb6e9b73995,92c46206b66f0a1e4f238e3c7d0882371b8c8fab81d337ce6d7a2b5f3d4abda3,5028bd533745fb0a0b76488e16dd0c2242bbb1e1fae59f1abd37d925a8e70dbe,173,691,356,698
20,Gao,20,,,2.43,Gao_0020,fc945ff50c7820fa8010c52c30a49c6d5c2e9a7446f0548435a0aeb41a4fa3c8,79a9af327ea103eba28cd661ee4a5fbd1877d89cc8909ddb6038947c6ef598a9,46eb406024e2429fa324255efa48a00318fa6ea72edccdf7fbe5e1ff3f5fd489,555a135d33064c833910280b519c1b6e8beaefb4d80afdc98bcb21c61e7cdd62,06e7235fdb0ed3758eb787796ece49543094a7f97a25d8205bf427234a0049c0,328,408,33,699
21,Gao,21,,,1.1,Gao_0021,f7dea8a85fe8a651f3b56497ff8ab540086c28ceeb51ef0a8fe0ea28f29c715c,0200210bcf15d900163b083f37822f819e4cacf358747423834334ad050b737f,b9622a8ac416c44d1862b3ca3857cf1658b0c243797524dc382ed5adbe3bfe66,30538af46050e791541af3c99e6aecfda7859d388229de509505ced6066a103f,c3a269bbd4e57619f476cf747429765be57da378231c285b4452f12aa5f264a3,876,244,899,700
22,Gao,22,,,1.94,Gao_0022,ae2fbc3797382ff6659283418c844c33027ff910db5e780da484650da8d536d1,0200210bcf15d900163b083f37822f819e4cacf358747423834334ad050b737f,6ce994fc5b278b6981d6d93d4b4181d155f7d7f9163692b8408da1959c2fb7a9,233fa35662cf23ed2cd4e8dd862d759d889ca18688bfd194253d78b5fb4b17a1,c0c1c158a74cd0f95d436c25cf4110e7ee5d2ad31b501aa9ad49a03a33a3afbe,494,170,892,701
23,Gao,23,,,3.94,Gao_0023,a3ac5136aaa7b0202de2b36c537240646b8036fbd8436757fb7574d387c53ff2,79a9af327ea103eba28cd661ee4a5fbd1877d89cc8909ddb6038947c6ef598a9,5991b378dc2c8ca15858c5ccf862511eb7e2259f9866f2bc52ad788c70d943a9,41fbae44cfaf9c16719861b058885ca1ee9780647b7af6382fb38d2f11235aba,b52a6449be1f8c22cd79fd750a423449c08a53902d5abcba2e8f774cf3ea67a8,404,317,839,702
24,Gao,24,,,7.03,Gao_0024,b45dd9993a2a522babfd0c325e13e70f7d76dc27fea3996726937a9cf8082680,79a9af327ea103eba28cd661ee4a5fbd1877d89cc8909ddb6038947c6ef598a9,25f8697a2b6ff05329ce0fb1ac9f9950c11ad0840c06fca88ed13fcddc2bc91a,d57e4ad633acea2ca60199a67ac63f794bfac7e4155b0efa9282797db0ee5c67,35922f3dd010ba3bf72652be21db8f3d1cb9d8ddaadc2e4e21dd7a02ffb913ff,169,989,240,703
25,Gao,25,,,2.76,Gao_0025,1d3d23f9a373d200240609719390e74d28b6866b74c1639f4477478aeee236ed,79a9af327ea103eba28cd661ee4a5fbd1877d89cc8909ddb6038947c6ef598a9,bf91a53d3c26c6c9f8233d001fc63e967ea39467cc8a4db85a180ef5d9939b7b,440b62d9d912f32efd2856cc9788136bc052383af1608df19ecb499611e3bede,86ceec95f1771bcadd0a97eccda9d78a9acf09207e65e0f64b26e5a19e97997e,908,325,612,704
26,Gao,26,,,3.61,Gao_0026,569cc5045237e0e2e7a067d1a46628a71d248aca2842abf513f87213e2e21a5d,79a9af327ea103eba28cd661ee4a5fbd1877d89cc8909ddb6038947c6ef598a9,f62e25d2999dca45e84cbe58d07a2f43504ffac45b3ca3ed2b3bc79c9a206050,c96cb3bef06cc8f4a03ebdd85a6200bdbb2cff928d510f727a59a32d7cba8652,d008d2f1bb5f2add0107bf563d991b6f76158ac8e878bdc837a6148aa6e64692,1151,924,950,705
27,Gao,27,,,3.15,Gao_0027,81c2da12bf8be4d31eea119f04fc3ac7a1296a0c71749815dc8b64237344621f,79a9af327ea103eba28cd661ee4a5fbd1877d89cc8909ddb6038947c6ef598a9,025c8af4cbd8b051115b6723c8f285a057656ebc43049236bd3a7b2e0f38834b,6caaa9e0470b26f8c41158b44ccdde84b154fb35fa3a54581d788daa458a36ff,d6a007e5a02d2b343ccab390487c24cc8812a2ec443f6b8ce8840ae32c9295af,10,528,985,706
28,Gao,28,,,2.56,Gao_0028,db2c9209b930517d33ee940b9257715d6f4fa6a164829ffd9876e63b23aae4c0,79a9af327ea103eba28cd661ee4a5fbd1877d89cc8909ddb6038947c6ef598a9,a8d79dfd3b4dbaa35639fd835fc6f64d1f096ca79ac7cf5b30b8806db91619a5,bb8d6877bfd55688e52f6a7ec31fa2fd3e9e33c735ff9f3246c890a363361383,d6de8d33bce3dcab8b6890ea54784d70d280fac8c60851b98d51165e0451f899,777,860,987,707
29,Gao,29,,,3.68,Gao_0029,97b5eb5d93249fc070b45dd673098a2665e7ed2fdbd9c94a4630e497ac69f6e3,79a9af327ea103eba28cd661ee4a5fbd1877d89cc8909ddb6038947c6ef598a9,74ea2331137036730da1b093c8f126abd950e6e978153bb4c8138d885f8c7209,f4facbe3579ef1218fbedbe7c72dc50ee2c80f76d6e3d7a1be1e633ef19b8f8a,468d84def8e5613d8fe86dc7430feccdda8e29007de35fe370c8eef2cc15daf9,530,1140,312,708
30,Gao,30,,,0.01,Gao_0030,648b0853188dc1fbde2b38c7df1ae92d5e6d3c990f8c26f8f5cdfaaf753ec44d,79a9af327ea103eba28cd661ee4a5fbd1877d89cc8909ddb6038947c6ef598a9,a66c916da7ca3ddf19e8c9843636e905cd47c909e33cf028611bbec13c61586a,00270d7277e1c340736f85286396034300e0e6cea247a738310af368faf8cfd9,91b69139ae5be5b2f6fa780d87666c7fd3ae94cea47cf6d8ebc3f411c6562170,772,1,663,709
31,Gao,31,,,2.09,Gao_0031,44c07647e56ce0b1829aec9741ebe0c32b803a6f5be31ba5d3a3c9a5b73a2b74,79a9af327ea103eba28cd661ee4a5fbd1877d89cc8909ddb6038947c6ef598a9,94ce84d77364f7496f28d0bc8f8805ae1aea4fe1ef6e7e141a4e717ce5526c37,6996ebb610bb22b5dea9eca1441efff41ce1d704d2ca2f8f53a4fadc35592399,9d8f415d5e6107810e2094e42c2f4f5e7d4b527bc21eba3ca8fe346b39133c08,681,511,718,710
32,Gao,32,,,4.26,Gao_0032,a21845df9ee8016166b985ba8391c9534a5a6c1685306f54c101b503e0d31060,79a9af327ea103eba28cd661ee4a5fbd1877d89cc8909ddb6038947c6ef598a9,2b9a15cd5bad00c0c73330bfd67ab2ae64ed06c4c9c12b4b5ad46f182a8dbb6b,50209e6369ad8b2eea7c03a990fb793827ff8440a336bfbdb3544e6f8629d3f9,d560dbe454da193686ee7fba87929e364c9f2af83667de743a53c03b6b644967,189,385,980,711
33,Gao,33,,,2.23,Gao_0033,f23be6c4e45696556a096cac087405d43104d173bf1bde0a61bfc292d7c39924,79a9af327ea103eba28cd661ee4a5fbd1877d89cc8909ddb6038947c6ef598a9,d642926748379632af907ec70ae44a6d32659c4c07913c5b2ca1ca5503ecc30f,e35ee5eeea1eed3d960e361ecd80fc3674e9905b77034711b0779d17981b5417,4165779d95192e8cbb24d3557cab94850fc779443bce1d1d5f9d02062041fa75,1017,1048,285,712
34,Gao,34,,,2.43,Gao_0034,21f2b072ddf80509f7a26c16e9d7b746fc759cce061694263ef4479c5eaf50f4,79a9af327ea103eba28cd661ee4a5fbd1877d89cc8909ddb6038947c6ef598a9,69ad7b17e063e2363cfe28b5490d065f8a1fab768fcb3492e93fb6443d37e361,5a30aa78df0ffb1ef729407cb0d99277ed298cb644e19497e5d59b9c9f490269,fb289fe79284d30ffc11a4df4e960fd6e22a123bb44694de0e36519841373f2d,477,426,1169,713
35,Gao,35,,,3.25,Gao_0035,7dd746d119f21beb11e13b3005cee20e0d38f2760e1fdfc1c3aeb095820b6ba6,79a9af327ea103eba28cd661ee4a5fbd1877d89cc8909ddb6038947c6ef598a9,4aa3e8c07a6aaa566beefea76bd539d1f4118d9d72628b778f3101550c36519c,e62e138f14f15cc9b711206f17fa4963bcab0c6f438881aba5b970769f0fcb80,c9a46e954d1a896437e78c30987601e10aa77c395c3284e820333ec134b73ab8,347,1061,924,714
36,Gao,36,,,1.71,Gao_0036,d8a863957d32709ef2d86480befa75941b875dfdd9986d4456f0dae8d46d84af,79a9af327ea103eba28cd661ee4a5fbd1877d89cc8909ddb6038947c6ef598a9,4cb292ca080cf542cb251fe077107de0013a11a02dc9e83ab983f3ac2c8a9fae,57b8d5a98fa5b3943f2969586a2b02d0012e73e9951b784e59b6e6ebe0ad1213,de79c38459743d3b439746657aa910cd1fac1301ef7f3400404fded6a9f3ab70,355,418,1034,715
37,Gao,37,,,2.58,Gao_0037,f95970defaf2c06a84db98a48bdcc0487ec16c351d38060c279618c36a950caa,0200210bcf15d900163b083f37822f819e4cacf358747423834334ad050b737f,4cd0eb4dc7d1232c62959707a98f12047e0ead03cdcdf03fee1bb80c9fc0f991,0ce0a5fe479762f05d972702bfa99206c2afb177374b6589f56793c52c48812c,f2c6c8755be11e668f2f2d93e8cae74e6181b8d0718aff8d8cbc4bc7882d712d,356,63,1135,716
38,Gao,38,,,3.11,Gao_0038,464ed43b9123098ba5a55bc82d2a2530748d8272e2952e4cad38e892d011537e,662249b27f71717e6cd10bc40d9d82bd63bbfc14fed03ba60280ffb003a773e7,1f48b19b9c6eb813abf2a522494da28568f02642266b492666e00869933ce4d6,d6219d065e172c5b69206b87a71ee0ff6edb1dafd40f065c76afb6e0aa32de4b,9e02a1d5a53de7c214db8db00d14aeef1b19ad06acb20aa4685abbc384550934,144,993,722,717
39,Gao,39,,,4.13,Gao_0039,8c36a90f9e45f84a8101f9757368588929cb9ffebbf84b5d644c7b6a351bb0c5,662249b27f71717e6cd10bc40d9d82bd63bbfc14fed03ba60280ffb003a773e7,9ff6d1c185ceb739823f0ddb6c9dfb199bcebe0c16c7bb3cc1a8368c477668ea,d3142cd4b13ccdf762349d8351025e1e7890d9066f33adba5a925377a6723e28,a1969236f6a0e02878f2d2f74efcd5213a5471f0a70e0a228190c94158557cc8,735,975,738,718
40,Gao,40,,,12.08,Gao_0040,88396f3ea512153dba9e47b29c009cdfdceac03900ac3a0a545fb8f3b09f7fb5,46c1ec8aefca77a3dcc9ae1567e1a8d482734bcb2bba851c9b52d07de0c53a40,4442d28c10f07c727cb7eef4d7344f0042c57fac0779ca2f547d552ffb66b813,084fe666d6724dff734278493cb7341214641ec15d8f1997893f6681a2a44baf,dc7719200f45fc513cfab0b9ef2f977b963775bf8c4203ae6c9c5159eff9ac50,309,40,1021,719
41,Gao,41,,,1.04,Gao_0041,79418b87387c597467e864eba74f6cd9dff6050c031f24de3b21ff4b25ea0762,79a9af327ea103eba28cd661ee4a5fbd1877d89cc8909ddb6038947c6ef598a9,2fd462e1db765980d4ee4a73d1e84eb7aa46dbf242af10b345fbdc461ca2c110,6ea9bb16f6b8b0926db7a9f18372cc90275bad35611405d8c6b164775cc30153,da49efb53f1b0f9827f4c228ae19a9323c11f934ffe7371392fea32ce4c7ce37,214,536,1005,720
42,Gao,42,,,1.51,Gao_0042,542c6d0becb44143c0bd3c3aaf7bb3957231b15d356d0b1783eaa40024c479f2,79a9af327ea103eba28cd661ee4a5fbd1877d89cc8909ddb6038947c6ef598a9,3ae10de8eefd9a3e737fb9647a437b771898b1ccc1f80d43a36a939e274983c8,99def5d14404dcc905f7ce28f4c5fcc2ef505dec868c99181506f0b7ba195838,7760a259a460a2708cd96b00951a7ebd4eab11c1daa9730235bfdf2a7e348513,263,719,537,721
43,Gao,43,,,1.14,Gao_0043,250c6a95912683951caf34161302ecd79249ef11c80435dc2baa85fe418f94a7,79a9af327ea103eba28cd661ee4a5fbd1877d89cc8909ddb6038947c6ef598a9,3838948c1e0968484fdde754fefc0f2c4e61e2286f53c8edad2e2b7158622340,66373e0e88d5279999d891406a529fe6c36d7c3235a748946b37c9be1186095d,b7d6e7e373aa27c507d2f2882ea1528c1a7d6027ca5f40697d1b02a10404bf51,250,487,850,722
44,Gao,44,,,1.27,Gao_0044,96227cd640baf569104fad88a83983f4b0b91b5c46709c1a8136b722163a8bc4,79a9af327ea103eba28cd661ee4a5fbd1877d89cc8909ddb6038947c6ef598a9,bffd4b2971a533d872f7cbc21e93efa3b77a148123571ff76e3328ef2b9feea3,3e6ab2e928a68a9efa89703e7a74088d4b57a6a1cae1520415bd7ef996aadd2b,c0e9a9d734c2e777fe6292d26a65a0d8aadb0c8d77fd8d13531c317e04da2705,911,304,893,723
45,Gao,45,,,3.29,Gao_0045,d38bf10da3c784b04f29d1a5d4a52a57c56c728bc1e6ccb93a11ac2e810297b9,662249b27f71717e6cd10bc40d9d82bd63bbfc14fed03ba60280ffb003a773e7,e77c6ad83c1aa341b2aaf69a4daf11d09efb5dedf0ec7262c4f73694f517cc18,265ccf25a9bff9c0007057b456789dd9d46766edd9e6e264216b1d4bdb83752b,1eb2d4d3e5987ed34d2cd2d7394923c0ed6004697d82a62ad9c705ba46746c62,1094,189,129,724
46,Gao,46,,,9.8,Gao_0046,4cf1b73be53f6aacf715b887bdabad991622ff5819d46003ed520ab04cb926b0,79a9af327ea103eba28cd661ee4a5fbd1877d89cc8909ddb6038947c6ef598a9,8aad78d982e8433f12072628b546d4fa2cbb7d67bf7545e4694c209645e61872,eae0aab4d4a2e4628c5e4017fc567a26ef5771095d6792b00efb10a989ae74cf,c1b9c499b92a5fb7d7f2ec2d60d3e1870c9ff3c557c6a998c20db0a7efaf010c,631,1082,895,725
47,Gao,47,,,7.8,Gao_0047,e214fcaee0bbdb1d18943a942a637bb74b819f0026270cf873b1bae2dc69f6e7,0cc00e1ba2d95fe8288dc072edf395ee6fc3678daa4e12f6703c7be7d2c5a409,af2677efd027aeffcb6132da0179adbc825484383f022e6b6cbacc43236bf657,bcc8f9749ecaf396bfad984efb37e97987eca8d2c639dce04fbfa0bfd579bae3,360526db9b8e60b81ca3d40237c976424cf52a2f5f3c99c61493990f9a144786,812,869,241,726
48,Gao,48,,,9.05,Gao_0048,8dad7c7fc9d04a7022e4f0481b8d958a52d567d442560c38a2ebcd60aefacffd,79a9af327ea103eba28cd661ee4a5fbd1877d89cc8909ddb6038947c6ef598a9,85e69d48d1806e29aab1dd2ea118c2f9375d11027016c6ded0e50b38b1a9ba19,7b4b818002b2d763415b6748985ebcac76849b5db4b3c038c38730ff9ded3b23,4d528d0928cc702bb8db6ba4fbd2a28bc18911fa3acf5c4ebf0b1e8366ed00c0,610,591,341,727
49,Gao,49,,,6.37,Gao_0049,ed341b96b55d4c09d46feba8738fa5cf9982a99c8f9826869550247c01874351,79a9af327ea103eba28cd661ee4a5fbd1877d89cc8909ddb6038947c6ef598a9,18eb26f113eae2aa0f78e5ff178509e5a9cd493b2e360af09af4c7c73ba9b9b6,86bcc9f28bc6f76240bafe14dc707330457ba37cc2472957a50f08ff978d4e75,6005c4e7c2efc5ada4374187877f6a4d261404a98ba70881393fdce80c53d743,118,634,430,728
50,Gao,50,,,7.62,Gao_0050,18f9a9636b4af42a897e457bcb2aad3df4966a1a61bdd0b11a09d25498141797,79a9af327ea103eba28cd661ee4a5fbd1877d89cc8909ddb6038947c6ef598a9,619ebae9cb8c7498d18e1a2729854a473578f7225721485f82f00841c6aa204a,a9413cfcbdfad63b12c4e4f45b46074908a67bcb5c4f3ada4b1517b6418438d6,d1e160c06a4c451d36d0b907ab599bf336c8edccf88c50ab0e485f427c2c5f97,441,776,954,729
51,Gao,51,,,0.07,Gao_0051,2dc7c945b9ff6f322132448c2a3906820172cdc018db09951be2550c687fc721,79a9af327ea103eba28cd661ee4a5fbd1877d89cc8909ddb6038947c6ef598a9,a0054ad314caf41460bf9e074977cc541651d1e5ad86b955387ce73bec14c5b2,0322565a74ba12e7414c0784404a1d6124b7e67bec876e1bacf5a4c12433de60,279fdcf00415403f62d1760d2f0950b541a89bf9ac51308df00aa2cb1d4afaa8,737,17,170,730
52,Gao,52,,,0.22,Gao_0052,18d2e23b6262ee2208285b810495bdf2f1d3af70ad537fbcbfd7455082c6034b,79a9af327ea103eba28cd661ee4a5fbd1877d89cc8909ddb6038947c6ef598a9,acff60253ba5e6c5de7e45f7ba324064f276dcf231c79e0e4ce0cba45e1b338b,b8fcf1aa50ae1b36981ffacd01160bf7cb26592fa71912e948b809a0b454ff47,09194bdfaf3643811478860a9cdedcb48b9ab960fca031728facd8f1754b0824,804,842,43,731
53,Gao,53,,,0.31,Gao_0053,2362b5257a93627c5b1914a59044132490a188bcf2001d2847599e1397caa0ca,79a9af327ea103eba28cd661ee4a5fbd1877d89cc8909ddb6038947c6ef598a9,177f78956095d8d9a7523549d0ce2f0e04062f616bac019443f7fbc553d88970,a1578aaf7431b717f74e8a4ccadecc544f7194d025c60d880802bc198d6556d3,72de94aff0deb47e967224af7df4c53d9320ac96ae1cdbfa4935eca11175a436,110,754,517,732
54,Gao,54,,,0.63,Gao_0054,7f81183abaab0ef70976b120ce0f6d0709e392eb87dd745426e5c63a0f878b51,0200210bcf15d900163b083f37822f819e4cacf358747423834334ad050b737f,bc75d5c4195ac053ee8a6ba31747c9e6e58d20a8acd2abbe82c73fae37f22b7c,74c060c9049288b8ebff01b814ffa71249d2bb039b7f7176871d8cc0e51bec99,c2a84b161fbbaf62af2373d6a6b3f424c41f3ec9d70d5b5e9b5ac8db6b435521,895,563,898,733
55,Gao,55,,,1.43,Gao_0055,7f81183abaab0ef70976b120ce0f6d0709e392eb87dd745426e5c63a0f878b51,79a9af327ea103eba28cd661ee4a5fbd1877d89cc8909ddb6038947c6ef598a9,e64fe7f027fb091c34ec8549a09a8ef0981efb56b4a7cd3168f0e431cb86fc27,fcf36029f338047bed15f8314d949d29aeaaa55a798c06879133191054d5406d,855741f4d4c9982ee2758f963eb239899f27ddb50ff9f29a33ede39d32b437ee,1088,1175,607,734
56,Gao,56,,,0.27,Gao_0056,393868b7348e0c4f9c53d58d0a56d82c5b69bb253a8709dd758e93f21e9ffe8f,0200210bcf15d900163b083f37822f819e4cacf358747423834334ad050b737f,21d699ad697c3400997f4264d78c148a01dc80fa0f8f95135369703456a26d0e,73fd41261826dcfb3f6b5eb13e2d8022bcaebfcfabf2e6ac82804a0f1d691a87,1ac28dae69cfb7f245710e83e55cbafa2e67f2c01b492749ea768948e5c1afe4,155,560,114,735
57,Gao,57,,,0.85,Gao_0057,393868b7348e0c4f9c53d58d0a56d82c5b69bb253a8709dd758e93f21e9ffe8f,79a9af327ea103eba28cd661ee4a5fbd1877d89cc8909ddb6038947c6ef598a9,0c275578850b0b169b304687f66e6adc862d75c8b8d9b3a8656986e333778eb8,b785bf34113e4c0b69ff98459b88b07f2975a39bf992c80dd0806bc65fe173fb,e89bd8fc56d9a7bb292cac81b17c33750e7989eb11e9e1ba3a5796657e8b1de8,51,833,1081,736
58,Gao,58,,,0.6,Gao_0058,40f456e730d72687ec6be0e32804fcfa206d759201a98c1e0b7e161fd33bbb75,0200210bcf15d900163b083f37822f819e4cacf358747423834334ad050b737f,9c6e5add0bacc860e27fdf32f9d4eed3edd21f9f76ce0e79c818a5d6b0acb8ef,e9f6ca43c3ac123c20e83601ad86e9a54f084abeac8ccb137d81006d001a91a9,cfb64415d7ef985fa785a349a403d13f8913e3d0cdef7d192ef565ba1f039c48,714,1078,949,737
59,Gao,59,,,0.91,Gao_0059,40f456e730d72687ec6be0e32804fcfa206d759201a98c1e0b7e161fd33bbb75,79a9af327ea103eba28cd661ee4a5fbd1877d89cc8909ddb6038947c6ef598a9,46fd9593554bb1e15b5ce93b476c32442effc8127484fc40f1dd09fb01076b66,4b9b175e93755fb5fca1fc40b9f4b0f323177d0058dd74c03a302f71596a6f2f,353e61635d91b6292084944e2775c1e0580ebca3e23e70a51da0f0aad08ce98e,329,362,238,738
60,Gao,60,,,8.03,Gao_0060,6eb8fafb00bfd4885f51f8fe00078e82c3a26eb3346ec79c42f5396d7d766ca1,0cc00e1ba2d95fe8288dc072edf395ee6fc3678daa4e12f6703c7be7d2c5a409,ccabd5ffed71984ca03a0c57bfda72f09428df54c2aef62420d06e346f44ad53,08da408babe54a6f401026883361ed6bb0ae446cde8729cadaa74e800970623f,d575af11d37684318d1b2a9aaaf8cd50b753b09d945320fca6b64342c37a0781,975,43,981,739
61,Gao,61,,,4.64,Gao_0061,74e70aed8722003457fb8860b788f537e5df6894264b66d3f4fa15d9d0d7ee17,79a9af327ea103eba28cd661ee4a5fbd1877d89cc8909ddb6038947c6ef598a9,da07b4bd2f4938175e3f7e45b4bc4f03fb41ac4c7986b05a227a2effdff9126d,020fff424ab1e7e552299b0ff11bfeac4b5a1d00dbac22a498dce46bc31cac30,b292250e7d48199212c4b764a4c323451a6a62d6576b86a234654bdfa0a3ce2c,1032,10,825,740
62,Gao,62,,,5.87,Gao_0062,a375b61beda3552576c5d08f8e414e56ab97147a4b728d09230351aaa29a0505,79a9af327ea103eba28cd661ee4a5fbd1877d89cc8909ddb6038947c6ef598a9,d23280bd0c665cb872a9d9c72f8c8a0258c9d0e7058b059181693ede8199205b,10f5a9e0c6e5ea45c3e34d5d028711fe4fe0105acfc8e1602f068c4696e38c68,41a36137330b32a8aeb06d2a416f9f7b616e23a7283e10763fcfe05cf6711cbd,1000,83,286,741
63,Gao,63,,,2.23,Gao_0063,c5c82eaa6311f3ee9286c3f12f5406fc0719d9677ccc97f0f8db7cfa0167afc4,79a9af327ea103eba28cd661ee4a5fbd1877d89cc8909ddb6038947c6ef598a9,fc2fcd5532b2ddce553f2dc4127062ac055d25c7daaa3928057ea2283cb079de,04e4648d2f7035448bf0a395a5382ce0f696868c430bf201b9a14c56fc6eaa92,52c02ec42305e4b70eaff1c9d7d832a07f4fe80230a4c29617b20ea2cba8720a,1176,25,370,742
64,Gao,64,,,4.3,Gao_0064,8aa543d125c45966628245005e58dc49406f704a9519d66a52b9fd9ed0389336,79a9af327ea103eba28cd661ee4a5fbd1877d89cc8909ddb6038947c6ef598a9,864bbfc1b24e4fad1b07134ac1665917717e4a4249b44b2ee1e83b8002a81775,757769b7ac7a0a1887462f4c44831b1c2ecac724d572db8f0cee848a28a49cdc,16e3a59ce8f0ae402107e1727d3d3327c834753dd83db93219f86bd1e284ba35,615,566,101,743
65,Gao,65,,,1.33,Gao_0065,22798e75061fe92a3693bddff5d78bd21e6159115db33246c4ed56d0958b1307,79a9af327ea103eba28cd661ee4a5fbd1877d89cc8909ddb6038947c6ef598a9,b537b28f6a53aabe956a2cdfc15c9f235d428c62f187ac5cd807e68b9e23e262,f6b726df01ffdc55b5903ed252539f1824d151cbf28677f16885f24ec8668a95,297eee04378743641231accd13992f026559759c185d6a79aeb93db001c6730c,852,1148,178,744
66,Gao,66,,,2.86,Gao_0066,819895aa8bd87f71c5fa08c3cbb67f92e505f39703cdd7d0047817363e96ad44,79a9af327ea103eba28cd661ee4a5fbd1877d89cc8909ddb6038947c6ef598a9,45d4adaccc50d9af98b9c58cddb7ee20275e6eed0c441bd25aa611bdd6e6b384,c6a3d49827bae73bdcc560cc3de4a50e66bbb1ae2337e5e2b9022e469aed3c9a,7aea3cfc28707933a42525b4393586f4658cf2894476026ebe1290471506e0d8,319,912,555,745
67,Gao,67,,,2.89,Gao_0067,c12e830e6001ddf57686f629fd4d612da52bfd7034e5a593491d8497736bca6a,79a9af327ea103eba28cd661ee4a5fbd1877d89cc8909ddb6038947c6ef598a9,1292422864c84a8761e0b18dd9cf2b92e15a44d16b68e5b8170c3f77f1f2a4f1,013f996ef0f14e15f92baf7ad6d986b4f7a298b1cef68f5ade93f736ef428e1f,6aa43877427b38b49fae298250d788425759448291b5ba7f3032b64d9b33ebac,81,5,480,746
68,Gao,68,,,3.55,Gao_0068,33cf40262c824b176f7b169b60058141bee484c227a91ef39d5641a9485a4e86,79a9af327ea103eba28cd661ee4a5fbd1877d89cc8909ddb6038947c6ef598a9,9efdc71f3a199425f87c851704b3eb63bcc899ae0c6600c0daed2c3b9f56e3b9,fc6d57b6cc1b0b1ecd1e45bbcc6f679f73d1c4ff9035c4f2745ab26abeb27836,0634f1c412dea8bda2c6b8dc6a169645ed2f943704720baa95dff4939f41bb0c,727,1173,26,747
69,Gao,69,,,3.05,Gao_0069,b10e5e6977ccd9c267d5b551b219b9bc0ed73609eaff368f91480bde8e95fc0d,79a9af327ea103eba28cd661ee4a5fbd1877d89cc8909ddb6038947c6ef598a9,7091e0e45e8020b545fa3c7356c1876c72707541a657bf43c867ca8ad49ab3c3,4ea5eae9715f2083b1b313b25ab20c5da2fb58d7047c8d72a9012d4eac03172c,db8c549fbcff9d910c99fb71dde16201fa19765e6716b044579b4ff775b746f6,509,375,1015,748
70,Gao,70,,,4.46,Gao_0070,8337a03c4fc76619fcf88cb6543d3feb18954d9e07a77af6f7113c1cd09636c2,79a9af327ea103eba28cd661ee4a5fbd1877d89cc8909ddb6038947c6ef598a9,b6e3e107209e4f9af161693d40ca2804f16411bdf5ad6ec3f4421be76f1827ea,7f1da8d8b773f9c3287793a8792f7ae440f637c6c744507a6213071d860eff74,909709153b150c1c63d26ad67f9bf7108800030271b8987b64cbc082f0f3c00f,863,608,652,749
71,Gao,71,,,5.38,Gao_0071,d05f3d9efb9ea3ba3fac64fbdd20961ed43e6fde92d816711366df655b172bf4,79a9af327ea103eba28cd661ee4a5fbd1877d89cc8909ddb6038947c6ef598a9,d57044fe6e69f60252ab3813b9e4ea2a591bbe7a6ddb84af9b660a34fc8a2d3b,7528b99b222a09706950f55b0ba64e207531d902be9d7b443974373e38e346b5,ca41345eaccc969400661692df433a1ec1f7809cbe3f9d3215da173b47642676,1014,564,928,750
72,Gao,72,,,4.56,Gao_0072,4be9e1299c4deed8d8d05e2d3395a66ee37005091a9bfbfd4c351cd05bd7f980,79a9af327ea103eba28cd661ee4a5fbd1877d89cc8909ddb6038947c6ef598a9,ed6dc49e2a9f43eeb5fe3f5ffcc2f94c9e49376706f2b3f11d0b068d0fb4ac19,f31888ba893fbc944f0b87633b39bbfbb1b14250cb04b214a666b353587a694f,5dc19d1776b1a3a7d5291d88fa94fc68512024c5ff03292578646565093b0f7f,1117,1131,422,751
73,Gao,73,,,5.24,Gao_0073,06cca5d1dff0775c47652a8619e427f7a2727b3bcb988ead7d444220e12cd54e,79a9af327ea103eba28cd661ee4a5fbd1877d89cc8909ddb6038947c6ef598a9,4db17dd7ccf0ff4d72f02d413a0e6a7b3244711a40a14906e0b59a8bb2254f50,8022094aaaa338679c888b3a3a73b6aca1cde4c4c1c09b38a9744430993dbe53,6ad3ed42c5bc9df3cbf8a16fb2046e52422ec129a836460055dac2fded067366,359,613,483,752
74,Gao,74,,,6.76,Gao_0074,70127f28da62251db6e415cb157de830390e3d6a6544f920e2cdce686db40af1,79a9af327ea103eba28cd661ee4a5fbd1877d89cc8909ddb6038947c6ef598a9,128c2d0137ee3a497d4d09bcc9b38800cc3fa835e5550fb0e42a40297e273192,2df099a7610c3380aea355ab9ba71ccdb5093a108dad9781e2b6faecbd9053ae,e2730bbc9dfed0ff6bdc41b47fa33685d834ee8a4221e1abc9fe008fae5e1d14,80,222,1053,753
75,Gao,75,,,5.25,Gao_0075,576d1621622aa01ca84bfbbadc18f1d8f336d82a5df51832577a740f52109bfc,79a9af327ea103eba28cd661ee4a5fbd1877d89cc8909ddb6038947c6ef598a9,129e2a72852cf22003f840a2ecaed0a2dbdc3ba2fd97049985c40e57bbdd81ab,ed689ca2f4706bbd3ce38634a225685eafa16ca81b92828a657f823112826415,b28ec9048c7749a20dc5db02b2416ae8ecc3dbb6d091b8cf864ac8b88dd818c5,83,1098,824,754
76,Gao,76,,,6.07,Gao_0076,e1f6269bf52eadad4ea1f3dcfed902a7f4c1b2bc3fd324964848c6ae475a34dd,79a9af327ea103eba28cd661ee4a5fbd1877d89cc8909ddb6038947c6ef598a9,132a033c897436a772379ab12379bc4cc610e84c99e807ad3357cf89fbf06a9a,0ddb4a0dd26696f6dcc609b6ba63c275c9050b3889ec7d4a6d65aa959dd0cfe0,86c0cdc29c14aec805d5f0d2c9bc10fb32a8f9e13c92f018a204f7731ba3f999,88,69,611,755
77,Gao,77,,,5.98,Gao_0077,ff60af83a35b41ea539f8edb21861c86157c7758ab8ca667fb25bfb00aed4f99,79a9af327ea103eba28cd661ee4a5fbd1877d89cc8909ddb6038947c6ef598a9,ddd24fb5c2b06cfe924e39c42af5c0afadb7a71d6ce8b22cddf340689a29c848,2b938f6e4af25b28e99e10bc5cb03d5f7e8deba062c47fbc24658def8c70848e,7b868ba2cf07c7db3b080cb384a846e76609dd217a0354ff7e5b47f2bd5517fb,1054,206,560,756
78,Gao,78,,,3.58,Gao_0078,a2b06273ef482d6c34673ad930fb3b9b91a2c4a027ef540c74cf57624d74bb9c,5965ce27aa90e34d82a35a095818c8c716191f57eaf12aa9edb440398ad0c13b,224a16ad2b74e5b8b3f3e08d8b9a9c1c06bd7d70a827108dd39e0a155f9f30a6,76f2b5e059fa9aa1ddbb67939a645c8179f91f9b72a64f9fe68bfe5283fe0610,336e58a91000b74ca732805da1701235f2db1ea81e3e917b2f791f176805014a,158,573,231,757
79,Gao,79,,,1.31,Gao_0079,251248def65eede9248ea47941079028374ec2775fe71efa2352c1412d51c228,0200210bcf15d900163b083f37822f819e4cacf358747423834334ad050b737f,f663ac740428226e45f70d4ff1da221a387461986f7de08cffc2b4e39b8f347c,ed419b09c292d5e375481fe7ffdefabc285b821069db684da89f269b49595b08,31170114baa7e2a39810be947ed16d5a3624b7b6e2f9142239d5fb5b4a694722,1152,1097,221,758
80,Gao,80,,,2.75,Gao_0080,7fa734e0510a313e4ab97602cff654e4090c241fdab66b0f460722e8593fcaba,0200210bcf15d900163b083f37822f819e4cacf358747423834334ad050b737f,7f43d61fd7a0b3c4924207f9e20ed2071b8eb1e7d1fd790c82b2bdae910e4fe9,024bd3819e68019841298d054f0737de2d6e61cbac40494aa69018d7c39fa606,33ebac6e36c841fd79c9f5dd9fe1f4ca8b730f2016a96b30f9eeefb021ab856b,583,11,234,759
81,Gao,81,,,6.5,Gao_0081,b99f56cafda2667bd8d239fba9a92408a2744e744f4e8ce25f4a2283431e3bd7,0200210bcf15d900163b083f37822f819e4cacf358747423834334ad050b737f,bd04cd61ced37164e4824a71133912acaddc8929ed2b65c97619ad13ea62c2d2,e7fa61fecffaa4f648a22ba92bc1b44fab4f1c78b1fb7bab6a124a55116b4687,0a98a54444ffafab45ed3a1f8e98e1dfe3774fed74acab92a0bdc5d7918f6290,900,1069,54,760
82,Gao,82,,,4.89,Gao_0082,0393f8d48df9735726a19526827ba2084182139e9eaadff90afae211882a34af,79a9af327ea103eba28cd661ee4a5fbd1877d89cc8909ddb6038947c6ef598a9,913255420d356ce85d07e1283f627cf47a7892fba93b7bffecc07b99905012ea,39b137dc7e866a686e886b945c0daf35092427b78c3408ae73969f0b8199ddee,d832b879510b4b7140d84628aaff5e2532275d3432bb885438f66faae72649b6,665,284,991,761
83,Gao,83,,,1.71,Gao_0083,e80bd24aee29a5ba8e8df20720f80b347ea216ea981000aaefa02a25a9275d14,0200210bcf15d900163b083f37822f819e4cacf358747423834334ad050b737f,12be107085722c5cc8efb8e54f2b19e921a4328d8ee18a6754f6c50d2b665f60,a0e1bb1f014a3f0535351b4cdd3113c34cb6a302b9f8fc57cdf3f6d3359a5f6f,58a4197a7ca10bc509742783720723cc6b518898cc7f77be7b27a43a62dc3274,85,751,395,762
84,Gao,84,,,1.26,Gao_0084,e80bd24aee29a5ba8e8df20720f80b347ea216ea981000aaefa02a25a9275d14,79a9af327ea103eba28cd661ee4a5fbd1877d89cc8909ddb6038947c6ef598a9,6979809849b6c58b4e652b9e9f08289130909780d72a37c7e997be4dd0dda405,9a4d11e8d9c7c4811ea521dc95e22cb44fa6a5eabeebed3b622987a4302075fa,811b98a885ffbabb172bde0aa1127a382fe15452294759268c92f4359d4f979d,475,723,584,763
85,Gao,85,,,0.97,Gao_0085,471ad3d43fdf26456b14895f23221eca11e905d639d266f968f6712e164eb052,0200210bcf15d900163b083f37822f819e4cacf358747423834334ad050b737f,b71ba03471698e3d21656b66381bfe04e598b2ec8d6083793bd8963c47f2feb3,84548fb98258a8df4bb8226f884e2eefd860394539ef42af0b4c3ec3d00b6998,f03f8366fe2583eb2e5c887900d4715acde6535f6e77b58e345f0890573cb3fd,865,624,1122,764
86,Gao,86,,,1.21,Gao_0086,471ad3d43fdf26456b14895f23221eca11e905d639d266f968f6712e164eb052,79a9af327ea103eba28cd661ee4a5fbd1877d89cc8909ddb6038947c6ef598a9,ee23231d3fa3e8f7a7ddbf405ba81fff3a2e0f831bf640188089ea0bff61b343,683802b4b637f980e901293edd12d6664f7c9b9a423e96f3810dbe7691f7ccf8,4793fd8d17ba42f2c1cd3abefe0b88d4abaa665216886771d3a076cf0359d91b,1120,499,319,765
87,Gao,87,,,0.48,Gao_0087,9d537cd0491ef815c2c7d21febacfbed0f445d183c702821cb8d9c8f9a2c10b3,0200210bcf15d900163b083f37822f819e4cacf358747423834334ad050b737f,73b0a330857017d3be31d1ca63522b0da032007be80b2d2eaeb9890a60a2b84a,93bd4fbaa69c10f99bbc12772b4d71ca34d6646b6f452847d5c7e9c4a05ba4ca,68cae5d5b82e5902980cdd086621bae790bd0dd4c331fea47a50bcc83fa9a820,522,694,472,766
88,Gao,88,,,2.0,Gao_0088,6dfb915c87016a58fea34c00926de2be603238cb9f1ada7cd7e6ce82e8c4705f,79a9af327ea103eba28cd661ee4a5fbd1877d89cc8909ddb6038947c6ef598a9,833d05d9dba2334fe35a6681bfcadc6c3d1f510e55c6aea3170badf6cc2ae3f5,6ec938e3721602ad626f2886bd5f09ae6953b9bee441b3b70f44ac93ad8f84e9,273c4cecd81260c3b8c710c2b1dbe1a254a157af0fec9774d643afd74856df8e,598,538,166,767
89,Gao,89,,,2.03,Gao_0089,e92beba2fad0ebc223a6d1357b0f7ba8c9daa318add557f3997a8479303c172e,79a9af327ea103eba28cd661ee4a5fbd1877d89cc8909ddb6038947c6ef598a9,3045ae3759fb7f9c57c1fd4fcfeb877113ef4ef0035025a374aff45636dd2ffe,ee38e10e92ff96979cb608d0b433468921ea25baf243b0e3165f3d8219871599,b6c3b90ef2ab17dd3432e05f6c9702e8fb940c6ad50a7ce8519700fb582ac68c,216,1104,845,768
90,Gao,90,,,1.98,Gao_0090,e92beba2fad0ebc223a6d1357b0f7ba8c9daa318add557f3997a8479303c172e,79a9af327ea103eba28cd661ee4a5fbd1877d89cc8909ddb6038947c6ef598a9,3045ae3759fb7f9c57c1fd4fcfeb877113ef4ef0035025a374aff45636dd2ffe,ee38e10e92ff96979cb608d0b433468921ea25baf243b0e3165f3d8219871599,b6c3b90ef2ab17dd3432e05f6c9702e8fb940c6ad50a7ce8519700fb582ac68c,216,1104,845,768
91,Gao,91,,,0.5,Gao_0091,a2b06273ef482d6c34673ad930fb3b9b91a2c4a027ef540c74cf57624d74bb9c,41189abf5055219dd1599f8326138a24c83c1c1bb60513aa8b92e2ec59566d41,6f4ca337e41d8576d6dd58196a3af364e3217392fbbaca935cd439de6bf9d62b,c3c23f48438d23d55442a48dc79dd09cbf003037bc0449215d663ffda3f6c452,771d206628ff2e76568602b8abf5250ca4fa21615718d2ebe3382bece2dfcebf,504,898,535,769
92,Gao,92,,,0.46,Gao_0092,a2b06273ef482d6c34673ad930fb3b9b91a2c4a027ef540c74cf57624d74bb9c,d8363dab4439c2c0e8420f87145968adf8d071f5ba7179bc5233b376cbd04fbe,6b7556013b059c498749e3b6db051454f43391656ce606eb7e0b7306dcbd0a5a,674bc7c077b0d1b755726d150b33820a5ae223e1905c426fc0bef1b5d5d43855,a64288f3b9504c9ac45c409e0fe6b5b5ca55f46fd0ab076f7d80288002c645f3,489,495,764,770
93,Gao,93,,,9.73,Gao_0093,89017adb7458f7704510e8c1187f5a9dee1006af8e444c3dc56f01c1d0360cda,0cc00e1ba2d95fe8288dc072edf395ee6fc3678daa4e12f6703c7be7d2c5a409,5da2f8159f3f8892defae7d713a8fb374c40e0b169379bc360e672bfc11b5a7b,b5c98d1244ce591777ea9e2bc91158719cf534f67883d1b52200839dc1343dd1,cdb39ba9af41cbcb17ba1614cd461f7d1f9c896de2fbbe2a6e157cfddbdab53d,420,822,945,771
94,Gao,94,,,4.33,Gao_0094,918d67791972811d8ce2743336a331efeb8bc0af3750543bd4799abe7aa1870b,79a9af327ea103eba28cd661ee4a5fbd1877d89cc8909ddb6038947c6ef598a9,fe9e95d08271f77aff88ce0525434e8bac69c120115115faba4e93e3fc990125,05424049f463b04148cc625bc69ba8e1f83ba274634308dab0c7e29386460409,7c4e46039fd6910a0aaa022630e545a49ade4797f1da730af5d3a047a761f0c6,1183,29,566,772
95,Gao,95,,,2.84,Gao_0095,73684c1245ef4c148eb16cd8185bdd6432158d9fffc904ae4783819c07b9a78e,79a9af327ea103eba28cd661ee4a5fbd1877d89cc8909ddb6038947c6ef598a9,84ad95ed4894a590a91c6876dcf11dbaef64893cb28e54146230da19773cc938,2e6c444758da04199a75daa31c8143474c008c36c0d609bd3248b6262f1a6f2f,50523636c5680b38e29a9cd8bef9a350b6487480af83a78ccc0113dc2fc007cc,606,229,358,773
96,Gao,96,,,5.26,Gao_0096,258f756fb6d2d76e237fa230f3f218259d26a5798b2dbf3b2e87f197a999f09f,0200210bcf15d900163b083f37822f819e4cacf358747423834334ad050b737f,783822b5fb8015db8b084b064e2675feb8dbf2dbddec5db27851833a8e0d8f00,34cee176fddc55a2b3121aa5259e90adac0dd30f9a778e1b87414f68f26bd2ea,019a348411ad76f50d156a3a7a9b494de739924a3d57772fa95b95670782286c,550,268,8,774
97,Gao,97,,,3.44,Gao_0097,280607954fb145e0a095fca0f08003d1585dc1d29e2c5ca126b3604938cd417a,79a9af327ea103eba28cd661ee4a5fbd1877d89cc8909ddb6038947c6ef598a9,bc09c805d33878e03266f1e1060282120ad72e1809d37d81a7e84d1a05f39417,2135e59226586cb52530b2c81cf2541b3d4d57e84d309870de2b86d28e233442,51e5624f3ed3a18b5c86288e49c720c1a9f9cc8b791a0b3272fcc224c253fed1,890,157,366,775
98,Gao,98,,,3.34,Gao_0098,bc8ca8ff8287ffd6bdf836e1f0f300f341cc107009d23617153c8c590a889b68,79a9af327ea103eba28cd661ee4a5fbd1877d89cc8909ddb6038947c6ef598a9,976c76d44abc671192739c0ec16060b5dec7eefa6c81a371cd71d6f8aefc3afe,82a56eeacc2ffbebd5326d13e5e7b9022276020edc07a2547d357e4c51f4a8f5,599ad234b9df2aee1c0e6027842b8aaf2b5f138b83b2b9fffdf295c4a482aa98,693,621,403,776
99,Gao,99,,,1.72,Gao_0099,574f10c6458deabb13b4123234e17cc0fe6bc26a06f449746cfa5a5c9d0b85ae,79a9af327ea103eba28cd661ee4a5fbd1877d89cc8909ddb6038947c6ef598a9,b913f04dc8b7211c86198a401e37d34e3119081576616c3b34c61ef60834c4a2,147a21bf862f37790808bf8c03e307604da9e88f51311560df2063fc546d3454,62b8e574d862c7e783d9db2c24bce427ef2583c0bb1467baeded49b36166c6f7,872,97,445,777
100,Gao,100,,,0.85,Gao_0100,8bd75b6e8603dd000df05e511e3dfdd5ad97829f3e6d48ea1b047ee0e5d59051,79a9af327ea103eba28cd661ee4a5fbd1877d89cc8909ddb6038947c6ef598a9,081b816d4e76c323b9171e5ce99715c0913afdd4a298c042093b15cbd6c29361,5d05a93db2d70a1e388d1939f2084693620c20026018b5cabf1327c341949040,dd7e08ce260380088320dc10d0f9e3d8b70d51b17c5b862f54e3b782c7d21c05,35,441,1029,778
101,Gao,101,,,2.45,Gao_0101,3630d246a8f09f8a4d45e0c2f78db00fb052fe6ca71ce1b3aec3bd5fb1d1d117,79a9af327ea103eba28cd661ee4a5fbd1877d89cc8909ddb6038947c6ef598a9,3b46f3139e55ca922146d8a9b99b796d91e5edec1aadfb787c0d4cce285d4d8c,5f3e9d0b14ae37b058c22a3a0b26729bcaf5439139e0a1a54f29186c2a1a97ea,838447becdeeb9daf084d1cd20f431d4e22d9681592a426c968a69e3e1200395,265,451,600,779
102,Gao,102,,,3.7,Gao_0102,0ef596687abfe15bf8e485008f6f602482162fc1981f7a7e6967312896b861b9,79a9af327ea103eba28cd661ee4a5fbd1877d89cc8909ddb6038947c6ef598a9,2c73de7fbad34c25b6e3bbc9df26d365becfafcca3b1fa65faa8933b29e2b929,eeb28bc6b5c5640fc6f77282cef6f91289585096665858014ba28b6609467572,4ca5d461659561c72a4cc6204f53c152bcca5a6aa0c2c05117fa49c49be80822,193,1109,335,780
103,Gao,103,,,1.5,Gao_0103,0ef596687abfe15bf8e485008f6f602482162fc1981f7a7e6967312896b861b9,79a9af327ea103eba28cd661ee4a5fbd1877d89cc8909ddb6038947c6ef598a9,2c73de7fbad34c25b6e3bbc9df26d365becfafcca3b1fa65faa8933b29e2b929,eeb28bc6b5c5640fc6f77282cef6f91289585096665858014ba28b6609467572,4ca5d461659561c72a4cc6204f53c152bcca5a6aa0c2c05117fa49c49be80822,193,1109,335,780
104,Gao,104,,,0.8,Gao_0104,0ef596687abfe15bf8e485008f6f602482162fc1981f7a7e6967312896b861b9,79a9af327ea103eba28cd661ee4a5fbd1877d89cc8909ddb6038947c6ef598a9,2c73de7fbad34c25b6e3bbc9df26d365becfafcca3b1fa65faa8933b29e2b929,eeb28bc6b5c5640fc6f77282cef6f91289585096665858014ba28b6609467572,4ca5d461659561c72a4cc6204f53c152bcca5a6aa0c2c05117fa49c49be80822,193,1109,335,780
105,Gao,105,,,1.1,Gao_0105,f6c4ee4cb0513dbe599ad6dc912c2e32d2c5c76a3a470bedda83a0cf0bc51741,79a9af327ea103eba28cd661ee4a5fbd1877d89cc8909ddb6038947c6ef598a9,d710701bda8ea17b7eeb1ccc55e68d0fcbe5a70a438ca5ac1692f99c9ea5d711,7b623da1b4383792a5e22c3ef6433a164d1df386c6d5b71f66e84efe381cea38,02795838ff295a6fe6288817da2250ca4ea939a58abf3f8e01116e09d46b6be6,1022,592,13,781
106,Gao,106,,,1.5,Gao_0106,cd1bb1fc83c70b020aeec4adde7e93fe309293e6bbd734b4a875c87e1e9cea09,79a9af327ea103eba28cd661ee4a5fbd1877d89cc8909ddb6038947c6ef598a9,d9cae3db95727dc57b30dd1a0408ad0d143650bd71dd15141216389c7686372a,25cb60f03e8f024139e6e4d9178b82d775e265be553abe085ea11a9a749368df,ee6543f0001fa75d6ece157471d6412c0239ec0e7278771f4f9b6e95c05e20fa,1031,184,1117,782
107,Gao,107,,,4.9,Gao_0107,80186d4c328fd2ab1a667acf6621c0ca46723ab6fd64206fa954c6b0c1a1ac2a,79a9af327ea103eba28cd661ee4a5fbd1877d89cc8909ddb6038947c6ef598a9,456e564c593f35a6c18757eede52b5a6bc3e4f15213b3f2dc439f5d4167b35d7,388e8cdaf92df1cc90fde6eca103fcb7a53d4f0c931aef5ad989e4e2ae857666,97f082297991f156d49542b8978061118848427fb71f35a3ed3daa338cfd699e,317,280,688,783
108,Gao,108,,,6.2,Gao_0108,4e228b69883806ef9fa63a41f8619393d2b8dcc34b0c2609ea9f186bfb67f05c,79a9af327ea103eba28cd661ee4a5fbd1877d89cc8909ddb6038947c6ef598a9,c2ae873a4742826995746815bace74c83f64707c5043bce94e301c2f5cb11090,2b7fec56416458c57db513d8d4341596baf813c7f5d59b4e71048dbad4524aec,90a0c9277332055af8b420038b918358e4133dc47dc566374baf78be846065bc,929,205,653,784
109,Gao,109,,,1.94,Gao_0109,f5ae8b7460a2b9570e11a8cd8b2fec46166f8dc9200eb5da3577e5fd3d0710b4,0200210bcf15d900163b083f37822f819e4cacf358747423834334ad050b737f,adfb53c99bd695fde8f9ee46497c5faa5e1098c25a07632eda86bb8feb1ff0b1,13104ad62c73d22050e1bfa3398da1877ab2b93989060ed9fae0bc9be8ab60c2,f7413344b04e3c88c291b7fc2fccd1b5ea9b10743e6d825855c2f68058ea959d,808,90,1157,785
110,Gao,110,,,2.69,Gao_0110,b57596ea6528dede357d0141a2b2ca80561d8d56661903ec5411d365805801d9,0200210bcf15d900163b083f37822f819e4cacf358747423834334ad050b737f,5f36748b1f5a0d74d6e1febfec24131644a1c05b89178a6c4550806e65328456,8e73268d2a28a59fb893df1e6b7931b4d17ea9d7285559a4d6c8c249a8cd7a22,8ab414833868ac2c29631d74417e65ea1d8cf9581bb3d8476b8779d0ebe6f54c,429,668,625,786
111,Gao,111,,,0.71,Gao_0111,4101490927f18957dc61f81466e3e97d67addd3230f162b00adbf3dcee60077c,79a9af327ea103eba28cd661ee4a5fbd1877d89cc8909ddb6038947c6ef598a9,4dec9c70bfc62ce1c33c5adb98e3e4f20fea704e6bfd5539c0720f108291862e,49e50c4478a1bf215f778ff63c62e595a8065e49c4fecf051b44f3fc191a8f3a,89e261706841a4ec2a78d375fd84ff69d72cf6a7319c9ab72d2b98ad6b91ea7e,360,350,621,787
112,Gao,112,,,7.8,Gao_0112,7921533956c1fb45d98563bbc907c680a6aa4d3d9838eaf7aca544abc1ff09cc,79a9af327ea103eba28cd661ee4a5fbd1877d89cc8909ddb6038947c6ef598a9,37e3884350aeec6d75f9f43bfc410f6e859255bdf02d3716a04e70ee4e87808f,978f8192530d149974716199d1f9cb32b09ff205b8520ad54c45581fe9b92cbf,f9af9fe110ac0210dc690d849688c375881c53636a5b53055d21ed0f81fd91a8,246,707,1163,788
113,Gao,113,,,0.55,Gao_0113,0319e6f3b4f50a35dc84de126d2cc6052a34e4775817bc0bf220882108279d0e,0200210bcf15d900163b083f37822f819e4cacf358747423834334ad050b737f,78f8bd0f7d2e517f9b88f723b0a1cc4ab4940374d4d527fe215a438c7f4054ba,050612aec1185b308e48866e93d4c9a20aba1de7a450184f2dd7ec408a74220b,9827d7609694fdb327098a1478b4af3069b68c1afd67e92d1c2eb8b86d472c21,556,27,690,789
114,Gao,114,,,1.73,Gao_0114,e7766cd6847339c7f8a0632070fd053b8990ac4a5c8333fa2d5c50fbc891650d,0200210bcf15d900163b083f37822f819e4cacf358747423834334ad050b737f,c13979f4d03a8594a13e2cffc73ba1a89a7616a61acd89ca205551cd4cbdfcd9,0f7fe77fa42f33ee248fe461fad0d121db44aa47fca47c391989f22da75e713d,590c544865d81238fdd8d34e68f80231e7ec3fbfbdf060b4075b92f092317367,921,76,401,790
115,Gao,115,,,5.25,Gao_0115,9e6b49be1274e71b58cf66a2b82cb6fef6070d95b9a41ef50e0f3c56d8116b9d,79a9af327ea103eba28cd661ee4a5fbd1877d89cc8909ddb6038947c6ef598a9,857ba348f4be7c078d0b702059e4725052c78b44cb0d5a82b102f742b4a0f451,6da0eaba828ac9439f91dda0e9f379171b41cbbbbaf1174af35abd86a35fac61,6c0a0513d209e8d9200b3575f37c6e5ae7353671cdb6cd05cb0e72f69634a5e9,609,529,490,791
116,Gao,116,,,1.19,Gao_0116,113d560e424c7b6893012e68060d637c338317cae88dcd8e674480cc259535e8,79a9af327ea103eba28cd661ee4a5fbd1877d89cc8909ddb6038947c6ef598a9,ae730bea701f4273789d01679f227fe74b54da8ad2391bff51be6d6e6c36a4ca,f3346f926147116b8667f29010e5fb34fdbf08055be74a0caad706234068be2e,a4a07546ad70f11e21b6360a4ca41135e282aa2beddd855feddc8c016189e508,811,1132,757,792
117,Gao,117,,,4.99,Gao_0117,cedd22eb497e9596a8740ae3b09435f314213e7320a098b5a402052044dc8f75,79a9af327ea103eba28cd661ee4a5fbd1877d89cc8909ddb6038947c6ef598a9,a270a519300ac7c3b49fab10a71df0fd5cf9776c45030b1919ff1099ab1467ea,45ff350f6138d28ccc55718872b956d5b52ad40c6702f1c51fd30fce8254ff63,eff5f15c4215b6f211c56b6f748542a290ebb928ec0574a6e86d4baeb35bee52,756,334,1121,793
118,Gao,118,,,5.0,Gao_0118,a3c1faea2f03606e3c3032770d1193aaea974eff5502d791d87e2c92ca548adc,79a9af327ea103eba28cd661ee4a5fbd1877d89cc8909ddb6038947c6ef598a9,b2dfef2002c5b8bb0c68863888d5897e156c8f8afc263d78ff858bd4fcfd8ec9,6c6ae2536016965e6517ba84b558fe550a9939d14f7a4e10a1d9122921cf68fb,a8537444cfae9be68b67e466167b72d0bffbf11b5d0ff8323e0fb0019dc07e98,832,527,775,794
119,Gao,119,,,1.23,Gao_0119,7c275c8f54ee97bba0f0b35cdd9fe83aa8b0210f2d9229ef75dae02718b5e5a3,0200210bcf15d900163b083f37822f819e4cacf358747423834334ad050b737f,7a6c956f24b3d25cfc393de66e915ee5411fbbdbd4a6aa6ee358b642811d0247,73a1f1e6615ee702ecba49b2a476b01967608109608cb13a0f9d721a2fffd5ab,4667c8b00b0c15352e5f0a7afc475088c86d28d53bfef249c5161b0c479a8762,561,557,311,795
120,Gao,120,,,1.08,Gao_0120,324c547b2cbdbfe82938005244090c8c2e8491bd56774a3f73908a7ba1c751b3,0200210bcf15d900163b083f37822f819e4cacf358747423834334ad050b737f,a9e91f3a84da8b90820332c5be00b3d20682a33674b656b67eedd4ca6d341e22,fda484548d8ecd820d57850904312c9f08da6011864f9e626e25787b615eefa8,e8f305f3fd6b8bdb1da4f70c51a3e422d2e7450b5fff5e6cea33471dbfb60963,783,1181,1083,796
121,Gao,121,,,1.57,Gao_0121,324c547b2cbdbfe82938005244090c8c2e8491bd56774a3f73908a7ba1c751b3,79a9af327ea103eba28cd661ee4a5fbd1877d89cc8909ddb6038947c6ef598a9,8812e2d3b7315044e4b02a2fba0b9ac5563a0fb7a1060badd51df4c20ff726d7,bac627c706dbc5fe6bcdc1f98c2bb28cfaa6dfb0617188827db0f2a8942441a9,d42a67062f94ba1497281dde49ee8f928ce3c5281e0d55b4cd1abe4b74229dfc,622,855,966,797
122,Gao,122,,,0.79,Gao_0122,b4b5b1b9e3538bbfccb34a8b7c27a2bb167e09be270126209b8243cfc92e4355,0200210bcf15d900163b083f37822f819e4cacf358747423834334ad050b737f,a59f62f8a64a64c7b705d69b1f0ceaae44db14ef40938088ce5f80006f932cf7,b672c4b61a53e2832d6fdae6de76d7c6cea92ecf4ee4159e7a0ea597f1c0c12c,3bb575eeab66fb1fa71d9f26344d7aad92ae6b89eea6ad10d4033f313b0380cb,767,825,256,798
123,Gao,123,,,1.14,Gao_0123,b4b5b1b9e3538bbfccb34a8b7c27a2bb167e09be270126209b8243cfc92e4355,79a9af327ea103eba28cd661ee4a5fbd1877d89cc8909ddb6038947c6ef598a9,53c0350830283913ff7dc924f15651abe0ec14e94f28950d92fd885829f848a6,25b52cb73480a5891e6ea38e00b9c1388ecfff2651c413c8f747bdeea998e184,0d3835331c11da18e4b9ae42e186974b7e616cbc368dac3ecd897b6671993c27,382,183,64,799
124,Gao,124,,,0.24,Gao_0124,0344bfb1f71277b39dce982c8412cbacbf7da40c036814ee25b50e43198241ff,0200210bcf15d900163b083f37822f819e4cacf358747423834334ad050b737f,3e573b033a7cc6a1d2cc9c8adf7690d2636ca0b1834313ed145f73254d7e00b8,d50cf879b4159a52a846413e7da47e33a6423670f9eb8528bb048bb4d6d5f950,e9ba8815f23df915a5c803adbf373d28ed68cdc5fe192b6417b2923dd187d5dd,277,985,1086,800
125,Gao,125,,,0.39,Gao_0125,0344bfb1f71277b39dce982c8412cbacbf7da40c036814ee25b50e43198241ff,79a9af327ea103eba28cd661ee4a5fbd1877d89cc8909ddb6038947c6ef598a9,857a7a947a2c1f177823267b43b200e98830d0a0b0b2be595b903c80fc590ace,68ae429a3a2510b49344da60f6063654fc21479fe7f3a11c6d9bd049a60dd7b6,146f8323196eb5a0e9b478a8e632d047b3a7c8f34ef1152c3a06c99f9b8eebc0,608,506,92,801
126,Gao,126,,,5.61,Gao_0126,83f2807df8f78ac3aaf92571e0cb3d61485e0c01f2d0770cdbd0ddadb87c74eb,79a9af327ea103eba28cd661ee4a5fbd1877d89cc8909ddb6038947c6ef598a9,9720ce48b1c213c55ef9b43e27f0e93dfedef49920abfe7e8124cafcfdaa3122,e1f135fc12bc32b794c7d5b30c285bcecb83f6437e56cc0736cff1fadbd135e7,d4a53b7d5085ea962e99f8913eef5ec4717ac217c2a797877a92c0f7cbbbb0f5,691,1042,972,802
127,Gao,127,,,3.09,Gao_0127,97643ed1bd7499d9bf23c7881ee205d1da929fcddb1d09fcfa1657384ec60a22,79a9af327ea103eba28cd661ee4a5fbd1877d89cc8909ddb6038947c6ef598a9,17c953b306b21e1e939635c97bf58c5df39cdbd4b67fe0279b0354ffea006a1e,a223e3492703b719838449ec09d0cb7c5103935b343929af8b406de54feee754,9cc88e8a5c237c668c5ad1982dcf122c14e09cf9496dc76388c2f736cf7c0255,112,759,713,803
128,Gao,128,,,0.85,Gao_0128,e9e023d1cbce6760893be036f68ad7d7d30fec1ae1c09fabb069ad144ade0ec0,79a9af327ea103eba28cd661ee4a5fbd1877d89cc8909ddb6038947c6ef598a9,4e758f97d1e01f950d30744c021b70349e82f85c896dfba23a74b83b121fd911,0a4f17463dbba8c1617b5013dc5b09859dc126182f29ea236bac5e5c420d1c1e,b364fe08882a3a543e5243240171cd2b83d325da742347346a9d00f0c6b7f1b4,361,54,829,804
129,Gao,129,,,0.47,Gao_0129,13855abefc055affa56a8efdeea6515dd7c20d2a8175bf3a18f38a78562ae4e5,79a9af327ea103eba28cd661ee4a5fbd1877d89cc8909ddb6038947c6ef598a9,f57d63787411d185dfdac286e7431bd6c660cf5b9c4aa9ab4635206c26e3cd9f,bc7196134951070106793c839fde42fb7832843e4e8ae1a5a0f77a3983359a70,d585d1dc116c48a193d30eaf0c7f10c9d1ebc78c1cefd449dfa94163f9cc3f9d,1150,865,982,805
130,Gao,130,,,0.8,Gao_0130,13855abefc055affa56a8efdeea6515dd7c20d2a8175bf3a18f38a78562ae4e5,79a9af327ea103eba28cd661ee4a5fbd1877d89cc8909ddb6038947c6ef598a9,f57d63787411d185dfdac286e7431bd6c660cf5b9c4aa9ab4635206c26e3cd9f,bc7196134951070106793c839fde42fb7832843e4e8ae1a5a0f77a3983359a70,d585d1dc116c48a193d30eaf0c7f10c9d1ebc78c1cefd449dfa94163f9cc3f9d,1150,865,982,805
131,Gao,131,,,0.69,Gao_0131,02c51c556a74cc0ca4a7a250804fdd86a165a0494d730455efaccb0d5a8e5897,79a9af327ea103eba28cd661ee4a5fbd1877d89cc8909ddb6038947c6ef598a9,c317df8784919a812ceed7c528247bc7ccfc8750f222edbe6cc0cf8f8041b26d,13f36a792c5587a9aebfa7e3d56e98f5c04a7670b57d7b1990558663eb310517,81f5c74d0efc5bbcca423423e8e65a819ac12eb818a53d9e32d39011c70619f6,930,95,589,806
132,Gao,132,,,5.21,Gao_0132,a59954e11d006577fe6b0aceeff35fd90a19c1786b8eacbd7135c968ab7854da,79a9af327ea103eba28cd661ee4a5fbd1877d89cc8909ddb6038947c6ef598a9,9eaaa77166ac47be1b858c576bc1608cd40582a661c2658300e9b921ba77e0ca,e159e95ef813647d7afc5d5bd7c99f78bdad16a492a0cb7da76e7d586a225a68,c296c84440065b01a62b228e0af12cc464a72f8c781573f7979939abd6165417,725,1038,896,807
133,Gao,133,,,4.83,Gao_0133,9f90cfa70e2cf33a26362718c468f7531af04193b41db41434f179cc90b19fee,79a9af327ea103eba28cd661ee4a5fbd1877d89cc8909ddb6038947c6ef598a9,ad040850fe076f7b81edc89fdea1119a821ad9d1d99be28fd41643417d504359,e93ec2246c0af4fe52bdfe1629ceac32f224f1cbea6a7d6d0239ee3dcf86ad26,7bf7264ea2e7e8e65c1c237dbe3b9e758a6b7521ecd080d6a46f5f0bf7945bf2,805,1075,563,808
134,Gao,134,,,6.05,Gao_0134,7d2b9b0d117dcfb55c681222cb53a01340c8546c685f2c8c8d3445080ccac915,79a9af327ea103eba28cd661ee4a5fbd1877d89cc8909ddb6038947c6ef598a9,0da231fbde72aef53a30f94daf160bbd6fe908590935b31b177eb6727e8ab5b9,f06b7cc4b0b64d64440fb7a4e91d82c4f845e0b12e672d35bf141254f619aed3,2e9c89706c927d2d84c8f3e6d1b303d4182766a7d2a8aaa6afb3a4c7560d7d5b,64,1118,210,809
135,Gao,135,,,3.1,Gao_0135,70830667ae087b533231a0e7087dcb1d6626805fd1dcd433b93e3f6565edcc67,79a9af327ea103eba28cd661ee4a5fbd1877d89cc8909ddb6038947c6ef598a9,74df3413b73197d40abb5f6c0eee0363cd70db016c8fd423efdc5c1555118187,5c2662a56ec123bd960c78765983e4516a1ecdd720c34d51670fdcfeab777962,26a7739cf7247b8ab63211cf41cecab6aa88fa4856e21a9692ad1ce1e8b5d4cb,529,434,161,810
136,Gao,136,,,6.5,Gao_0136,1c742257e7fe70912d94cf4164ea081f01c4ed64ada13bfb7dca20640063338e,79a9af327ea103eba28cd661ee4a5fbd1877d89cc8909ddb6038947c6ef598a9,ccef8b78299fad02767b50bfb87466c4a1679f1f6ee8f0cdf332190fd18f9017,eeb3677cfd8ca7a6b1d71edae89be917b2bf48629ee42946ff1bd76688c3ac02,29565d825266e6210677dd1b33391988f8f0cc4590f527eb2db7953308a0b9f9,978,1110,176,811
137,Gao,137,,,2.5,Gao_0137,19cc897812768a292c2c8fa96aeb22e8da80d44f67d714d30ed1435c28e8eb13,79a9af327ea103eba28cd661ee4a5fbd1877d89cc8909ddb6038947c6ef598a9,ecec2b7b97c6f11f150907c09c66a0d5df4e8f3e4e2f70646605f614f23fa4ba,702bc5c0f6bc65eb320175d88a1b94319b886ff7abcee5d4c221a096a92f2c25,af10529cc8adc1a07c1e4d136c9858c3ba6793feedcd1b8fd5ebc167c367faf9,1116,548,801,812
138,Gao,138,,,3.58,Gao_0138,c9457a72a8d6d2bb0a15631439d29bc2254f68bbc07a220c1fd1d00039546954,79a9af327ea103eba28cd661ee4a5fbd1877d89cc8909ddb6038947c6ef598a9,5e2427533e1ab4dc4a1983fdd602b99a84d4094c17c92ecaa2d5bbb9e763bd52,a20b715cfa03333603363b7149a4a1ab75b021adf998960c727a84b344e6261e,11d8535de9099ea2f33bd0abd3b307970ae6e8319bc8b90955abc3a2d6a34228,422,758,78,813
139,Gao,139,,,3.19,Gao_0139,bb71b80695fd22e11a9f4e4edc2631f3e837586e13e0d0fe51a308fecefec679,79a9af327ea103eba28cd661ee4a5fbd1877d89cc8909ddb6038947c6ef598a9,0d453c6c08de1563585e507489738d8330528b294897511a8f1a63779222e6f5,7a144e6592248ea217632af2d08fec6d7c971cfd4968f5a09997d483443479a2,3c2abf9c7c5e907f748a82bbc8e71be6de92a01b91c354d720135121fcea9ec1,61,584,260,814
140,Gao,140,,,5.42,Gao_0140,937c5f33be7a6c45c24a48e39b107480f5530c82729ea3c464e2ac531d25ae2c,79a9af327ea103eba28cd661ee4a5fbd1877d89cc8909ddb6038947c6ef598a9,8d3d50f8c4cd7dc6fe916df3320d0f2e657f0589a2e92c139459ccee67ae9ca9,36919f966b4be74da836000c633a71e7fd8eec982a89a962611c387b57690815,13e338388cabfac123c896ab7e55068562710316e4991377626a1d77924ba570,652,273,85,815
141,Gao,141,,,1.48,Gao_0141,21a22d066d55eb617b66b608cf8398e44c3528fe24c51e2434487cb9a0e6d167,79a9af327ea103eba28cd661ee4a5fbd1877d89cc8909ddb6038947c6ef598a9,9bb084b48cc0fe7c6cdbb300a0a68340f0974b8263a0c28dd76acd15ed281ef4,73d8955852e3a7cd2b40ef80222a75941795c2ad4530a5ca87442c844886b3e4,1c0a6f1cf9a01fe326cf2525eee619c519b3869e72ace91f6e53dffe916faa9b,710,559,118,816
142,Gao,142,,,1.21,Gao_0142,3e779f3b62470063086bcd593a485fa5c28ed4e86d15fc66aaf12d01544cd252,79a9af327ea103eba28cd661ee4a5fbd1877d89cc8909ddb6038947c6ef598a9,130ed585b6e1a25a43efacba8b0ce27fd564aea2079891326d938191a913adf2,7ce207ccde3544b4d22cb2f00424abf6f1d193e33d0c887d1f48ade5a023d407,44c66acb32a7dc37414422df1db4fb7529f75b2b5b8509e0c70b3d621f45a160,87,595,301,817
143,Gao,143,,,3.84,Gao_0143,34114b9db4e422c58fff591b3203fca464b928587d8d01b7cccbb4bccdb676e1,79a9af327ea103eba28cd661ee4a5fbd1877d89cc8909ddb6038947c6ef598a9,017ca2dad6f907cef1d365f524ca9c6a69e738aecbb3c06122d6f1daed2c0d25,8808bade6f298fa9fd8dd14fad0a30f95d82b7570ef6d751c43e2d0ec49412a8,5ac03643f209358f2d1b9bf3ad0cd3700a85e406b79c8a3bd3cfea1571554a6a,3,637,406,818
144,Gao,144,,,4.34,Gao_0144,9e916c699e9571d47d5e715f24a14a25731a0acb27c62c1f6174499b62bf153d,79a9af327ea103eba28cd661ee4a5fbd1877d89cc8909ddb6038947c6ef598a9,0fcf7261dc5ca660f251301e757b2955a2dede2f119a4bebdf4f71f28cbb3d11,d1c46a6a694ae0dbfb4951ce2c23d90ce82293fc812f0042f72cf8e9b9da7900,4ff1384b3c72b88e5777097d08e5b8baebb9a57672ba3905dbdb073fd8f9faef,71,970,352,819
145,Gao,145,,,4.87,Gao_0145,de45e6d91af04eafbe75449ec08322fcef2ac56d9e1ee2b9fafc76ec442383f6,79a9af327ea103eba28cd661ee4a5fbd1877d89cc8909ddb6038947c6ef598a9,5e93c0ae39122291a5b65954a776e35a3b3c351e0e9f4ddaaae1e9187853fcf5,de2211e866f6951e0860303e27b18dfa847d0cefa5573c4c75695d414cbfb53d,cc8db3ca93535becae8431ede463c20215f36f9e7c86559f6c1980f369304315,424,1022,940,820
146,Gao,146,,,3.53,Gao_0146,2cb3494ebc714f06d765367eba09284f29c5214205863b5d619618f37e989a3b,79a9af327ea103eba28cd661ee4a5fbd1877d89cc8909ddb6038947c6ef598a9,9b9b24fe199787cf8942330143219e98a0569ce053704a6d4ba5f662fe3fc764,61b1efd904743440acc4b1e719b91d17e4016715d31ed7e362c76d0bea1ad9d7,356220e8753e2a36fdfe98bdc8be02ea314519fad220a2bb7c7e5d684798e6da,708,464,239,821
147,Gao,147,,,3.69,Gao_0147,1866d655f119dd8f042d839bd8ecb83afc1deaa6f96401d320c39c83294ba85b,79a9af327ea103eba28cd661ee4a5fbd1877d89cc8909ddb6038947c6ef598a9,5b1f0f9325fd7934d75cb935bfab2bebfee09c75dbd29d74d68a3d39069d2dcd,97149cfe160ee2422c07d342ad3a06bd164010815100df6b3bdc45d6545aa9fd,b2a186ec001402de34c09c21709a719ad2bee406f1eb59f1d3ffd59bfbcc57e1,413,705,826,822
148,Gao,148,,,3.31,Gao_0148,0990409f48b6fb52fa7202b1f6d1c6c1f2b3e2bb2a94cdd8008c1542c63c75cc,79a9af327ea103eba28cd661ee4a5fbd1877d89cc8909ddb6038947c6ef598a9,99107fbedf0bd89f738e7311dd8285a77bb57f40fa1e25f03ce63543e612c6bd,b9a6eabcf916a39092cc27860f680868c6573cd2de13e51f545189811b5c326b,212df0805a9f49680cdcf053cb54dea855d3f40d8b77000f1212f5a1b5267541,699,848,137,823
149,Gao,149,,,3.22,Gao_0149,596dfe981dd4019afbc746ddf3f2d865a47895de4f9d9df3090084fb926b7560,79a9af327ea103eba28cd661ee4a5fbd1877d89cc8909ddb6038947c6ef598a9,cfdb2ac4640a857b8d68d0b3808cbfeed612d6de6bf23a37b99c9822c9f86cb2,0c832f3c2da3c6b01abea49dcf77e95923335b98b5e3ffc8a4ae29308557d21f,2f0e79abd6aa63db77a65fcdba88a090189c08606de051a6ae25dda38d8a629b,989,61,212,824
150,Gao,150,,,3.53,Gao_0150,0deb1c2111976ecac7ae039c251cbdc2be1370c22d0b35f58c59619323a6fe83,79a9af327ea103eba28cd661ee4a5fbd1877d89cc8909ddb6038947c6ef598a9,115dfc81333fba7e1fbe15d5e28525b355d00f799d233fd87ee80708d0a9bae1,e7212e788763bbbdfcd0888fe22acf6926744f3c8177d4f32d7f38e25e1eec7f,8b1c24a01743d5a87f5eaf6d2792eba6fde454e9e78d83baa0d3f9ca9ebdbdfb,75,1065,628,825
151,Gao,151,,,3.08,Gao_0151,3d6901426682882dc71df0d5784d555d65dc5e571adac2d4dc8379d5f184c7ee,79a9af327ea103eba28cd661ee4a5fbd1877d89cc8909ddb6038947c6ef598a9,6cad7308723ec91f47c779023f5a380e41f779bae6b5196e3e115df8a2e2b7f4,d00c8888d5bb5f93eb2b12d0c538d1ba90ada48e3addd85a145183e237df99c8,9041929ed9514715f3a3b616778fff6b702df4a01aac0920c684f3a9e3ef1a85,493,957,651,826
152,Gao,152,,,3.9,Gao_0152,b2e4b30a14da04527d474228aa9624ad1b621d3bd8e08af639ee46c947189d07,0200210bcf15d900163b083f37822f819e4cacf358747423834334ad050b737f,930e855a1792f0a4946859c76159d492873218505a36f69341f7b84ff79a302a,00ef88f5c44924beb0b2c47c2d177f07645d5ad5df653c02481a66fa8a26bc54,62f291e7e4808333540ba5b623e01d06f4835ace52c8fe3b81aa2a01fff62454,672,3,447,827
153,Gao,153,,,1.8,Gao_0153,484234dc75a476d1c78553c32edd693cc846c5b1cb9955aa5efd12f309df496e,79a9af327ea103eba28cd661ee4a5fbd1877d89cc8909ddb6038947c6ef598a9,f1661061016806ce3d911b18c3815930bfa7d5fc2569666c8da1fbec11ccf67a,de9db45af5852d26aa0705f92a56d0682ef44e0973553c1e5107cb6167da38fe,ff5ec38bf8bbda2e092f6119a6e7becba3b45644ca033bc47d2f8aec085895f2,1135,1024,1187,828
154,Gao,154,,,2.87,Gao_0154,cee0ade1adedac4f1c350e305dcd1e81a22bd11836bc2ff5390b807f3313e84e,79a9af327ea103eba28cd661ee4a5fbd1877d89cc8909ddb6038947c6ef598a9,9be27402d8c63fab6396827e7de984f270384e99c6de4f13f113e7509fe1ebac,4a438bbf8f06b20c3c4071fc35700375fe00e523d4604b8032978bd882d8bb59,0d73f7074413951eb9803af133f16b075ecbd4413725d52d7662db0a24d38f2d,712,352,66,829
155,Gao,155,,,2.98,Gao_0155,4dd0ed61d69ee5c705eeabd61027df4461fe8d322b826bd4bb17390990db4086,79a9af327ea103eba28cd661ee4a5fbd1877d89cc8909ddb6038947c6ef598a9,346dadf77f091da904a0cad5a320346fa209c6e8c442287762bde6c0e889a839,f8cb6bac5f50bc6a160e72d00683cd7b9a95a03606c1ae32a7f18245a9d8de81,5b21b22f21b12d6d16c5d5863b2a03235edc76a21b06c4f6407558e20914519c,233,1159,409,830
156,Gao,156,,,2.51,Gao_0156,cee0ade1adedac4f1c350e305dcd1e81a22bd11836bc2ff5390b807f3313e84e,79a9af327ea103eba28cd661ee4a5fbd1877d89cc8909ddb6038947c6ef598a9,9be27402d8c63fab6396827e7de984f270384e99c6de4f13f113e7509fe1ebac,4a438bbf8f06b20c3c4071fc35700375fe00e523d4604b8032978bd882d8bb59,0d73f7074413951eb9803af133f16b075ecbd4413725d52d7662db0a24d38f2d,712,352,66,829
157,Gao,157,,,2.36,Gao_0157,951c82496be4c564a0aff4daf41f72ea2353ff8902ec7a1020c5a255a374dea6,79a9af327ea103eba28cd661ee4a5fbd1877d89cc8909ddb6038947c6ef598a9,b29bc15e970629ee2f2a69b7f26db8ea649045ad316615f3d7060ffd1971288a,3379a025406695b1e26aad63b88598f0441dcb20c7372d151c28e5ac314018ab,0745aeee5eb47b4a9fe0c4d059f80e2c3b00dbe601da73f814bdb3a4e3b3564b,830,262,35,831
158,Gao,158,,,1.04,Gao_0158,1c8f708d8095b8b8f3a223fd4d592b04be16f5436fa320ef06cf3cf3aac06ec2,79a9af327ea103eba28cd661ee4a5fbd1877d89cc8909ddb6038947c6ef598a9,053aaab9baa88244292e0c09a1e056cbd5f8b84f8daf90e7519a132636bd6d4c,5bd839de61c20abc412a3bb5154e0cb975f5c49a9d0ed145ca426ce763871c87,1bd19e7b958cf23e503cd76deab6377d50def9b51365a1f2e8a6cccc0152382b,24,432,115,832
159,Gao,159,,,1.54,Gao_0159,5c4c2d47379d6675f56ed3cc561c1de2d1ede0ab65ba623918e3bba87b6eea61,79a9af327ea103eba28cd661ee4a5fbd1877d89cc8909ddb6038947c6ef598a9,e5444ff6fb588d1bf0dda9b868decbb43a80deaaaf5d01082467c83db8352db8,636259ed9d24a104bfd8bed5bf66964bf3f31698e58c11b90f3d01d0491f48e2,5c37dffc4fe0f3b8868a18da62157a8f560e460764a63395347f50253b35663a,1084,472,414,833
160,Gao,160,,,1.95,Gao_0160,5c4c2d47379d6675f56ed3cc561c1de2d1ede0ab65ba623918e3bba87b6eea61,79a9af327ea103eba28cd661ee4a5fbd1877d89cc8909ddb6038947c6ef598a9,e5444ff6fb588d1bf0dda9b868decbb43a80deaaaf5d01082467c83db8352db8,636259ed9d24a104bfd8bed5bf66964bf3f31698e58c11b90f3d01d0491f48e2,5c37dffc4fe0f3b8868a18da62157a8f560e460764a63395347f50253b35663a,1084,472,414,833
161,Gao,161,,,4.25,Gao_0161,555005dca41aa13c02860543e1c61c03ecdb013a7754a9af22a37fd792b42a4b,79a9af327ea103eba28cd661ee4a5fbd1877d89cc8909ddb6038947c6ef598a9,ed7a66caf8e0eb2ac01cf3959dcd1c69e9a7b79f1b0406f7fd5a5e8154ba3396,e4e4a1dc92e77fa5ee5e1290558c9079dbc5a10514a726b213d1a2d4d347a537,854c2918ce8b2c181f5d14ee1bd73100e5e833ffbedd7f6f0de4050689df7163,1118,1057,606,834
162,Gao,162,,,7.91,Gao_0162,cfd8d39b1dc61de23961f92728349682b90189ad355597fe7cd2294b5e72c5cc,79a9af327ea103eba28cd661ee4a5fbd1877d89cc8909ddb6038947c6ef598a9,1af375ece02676bb59fd61ec138ec178f5325609419666c52df5f9ab9bedbb4e,563d7a044aa3f559f588694b55fa389144ad27de7d6d0329cd3b376ae5547efb,40a59a215f5a4eae7ddba63e5aa98ca5fcd6caef4b17fbd4abc79ba15ee0ea0a,129,414,281,835
163,Gao,163,,,5.55,Gao_0163,fbf7288edce5523081e3471d501c47674507ea1c3e543a1fb86bfa65b4dad186,79a9af327ea103eba28cd661ee4a5fbd1877d89cc8909ddb6038947c6ef598a9,c1cb3edc4699e8699053605fb81b860df40b82bbc5ab79166cbcc5248c582f76,76732dbbbd08096c814ed20f178dc75ba75027840e574d6f9dd374c13342cf9a,5fc754149f852fd1e8e9695d14d64690e75af400bd6043fc209e8ba2ee5ba716,926,571,429,836
164,Gao,164,,,3.54,Gao_0164,1ae5e2e0bd8933d6522e160019cd1bab3712eddaa8aec2e87a0bd10bd8548519,79a9af327ea103eba28cd661ee4a5fbd1877d89cc8909ddb6038947c6ef598a9,8e57189f683b134e5c6befa07bbb9d5f388d43d4aedc602d25e7724a3510441f,c8b6c0473e418a5f4df8d5128338f84da95a849f82858385098e20f59103843f,da92526a3141ff73bdf892181e4d865a4cd303011c4f770e39a9cd406d9908e3,657,920,1009,837
165,Gao,165,,,0.5,Gao_0165,35b5678ded9165aefb744ce7c4219be44c173e859e31aa160c6b53e8a0050ff3,79a9af327ea103eba28cd661ee4a5fbd1877d89cc8909ddb6038947c6ef598a9,507494009a292020ec268246a6168a1b1294bc9082565618fd5ffc31f95e6f12,87a36919919dce3260b5e042aea63dcba879cacab151ca6e6490c416b8ac4938,6fad3d35a2ba9f7f023d548585acef02b90e3bdc06f7ad32ce79de606ff92e5a,371,636,506,838
166,Gao,166,,,0.7,Gao_0166,907df83babdf5eea703f8f88a501fce5ee9a6ee8d2fe039802994e4c996b3e78,79a9af327ea103eba28cd661ee4a5fbd1877d89cc8909ddb6038947c6ef598a9,fa360cdbdb07938e265ae5014a86e164e13ed5a95272a280ccf74f45d548dd4c,e8c88a43b15863f357debf9abae66fee98efd7180d1d348c8e0e030e417ff9df,3ed6cfbc415ff064e36d4ffc5aeaa5e65455eead04b38a02aa30f63e18318f89,1167,1074,272,839
167,Gao,167,,,8.01,Gao_0167,c0f72a8a0040b1248381a34b9ba9a722d59b730d20051d070c1fa219274bca30,79a9af327ea103eba28cd661ee4a5fbd1877d89cc8909ddb6038947c6ef598a9,c119789f8b1aff9d96e3ee38edef3e963560dd56f83c0d04e9dfcd8abef1f2ce,79625f8bd5b99aaf229fd457f17e81dbd0283af253d9218719cf001b6b8b2c91,d4584a09fcd6b6a8903b6ae8323c4e25ad684b3aeb1fa5ae0cdfcd616b253c21,919,580,968,840
168,Gao,168,,,2.8,Gao_0168,9a975fda8393ce6da4f6240a47de9867336f847225f4bfa3e558558cd6f4f615,79a9af327ea103eba28cd661ee4a5fbd1877d89cc8909ddb6038947c6ef598a9,0f369e7b0e6c083ac9da8ec022f42c3b5cfa865b8726c8f6f90717b45d8ed0cc,9c6f6f5ab3cc7c851d08eef5686d0ab63074f25b818d72c3feee2f797ce76ad5,23ca02514253c2a30c0f7c2a3431da1c8cc82d4ad5a4391ee0ee44960e6f2f91,68,728,146,841
169,Gao,169,,,8.56,Gao_0169,874c330757bac48a1f2ffd1b07c90e148ab1141d3ce23324c99262b2f19f7669,79a9af327ea103eba28cd661ee4a5fbd1877d89cc8909ddb6038947c6ef598a9,b659442daa460053af34cd29ae2f70a06f7c2a187b5cfb2fe38f5ff1de402c24,bf8eeec9716aaf7c05f41a39bba9dc802c12b02f492f80174249d69afb8369f5,54aef9fc78b1f7c9ddc794faa913acd7c5592adb94dd8d9a82c49ff3f9bd1ed2,859,881,381,842
170,Gao,170,,,7.14,Gao_0170,874c330757bac48a1f2ffd1b07c90e148ab1141d3ce23324c99262b2f19f7669,79a9af327ea103eba28cd661ee4a5fbd1877d89cc8909ddb6038947c6ef598a9,b659442daa460053af34cd29ae2f70a06f7c2a187b5cfb2fe38f5ff1de402c24,bf8eeec9716aaf7c05f41a39bba9dc802c12b02f492f80174249d69afb8369f5,54aef9fc78b1f7c9ddc794faa913acd7c5592adb94dd8d9a82c49ff3f9bd1ed2,859,881,381,842
171,Gao,171,,,6.96,Gao_0171,874c330757bac48a1f2ffd1b07c90e148ab1141d3ce23324c99262b2f19f7669,c67b311bb15a63b3ba415d55561900d7ceb1b98a023b73169bbc1070d1a6b7d8,19e2305308b1e7d1ee1c33bf22bc1e09806f29c4f996a0688f717af7355af5ec,6c478ba349a7d8532816e95ebb2d60171633824499607276ae798d9ae09cc0c1,ea0b1d36f83dbfb434a7947007922299e0bd63c534e496ce6932f910a5657c69,124,526,1091,843
172,Gao,172,,,2.5,Gao_0172,b0978c9ef08b2842cd0515e143433ab5dcf1aa85494676fc09a78effb3f1cae0,79a9af327ea103eba28cd661ee4a5fbd1877d89cc8909ddb6038947c6ef598a9,a0e5e3c73a3a4ec643f30f3a582c914ec9a67621b490f97aac8aba5c5383ca03,a023ca28e6c7f7c60f5488d1161ee1e39ec185bd7556b4507ac5af0d32216e59,b8c2b3714a18b58da1255461fafff122816487188ac3f8a29ed19a718e2884a9,745,749,857,844
173,Gao,173,,,5.21,Gao_0173,a84f8673a8c1102bf7364f085f1201f0aa12454610ae33f9a9a5b4472cbcc73d,79a9af327ea103eba28cd661ee4a5fbd1877d89cc8909ddb6038947c6ef598a9,2214d03497fded62d375444b51858a437bc5af105f17f3751eba1ee5df0fedcf,bcae5c6828415df52bfe500db6dd874eff4f2e754194bbdbc0562dd7f5922af9,9f382e46738d7227140fa24a243c07a0229a960bbc2f4bf2125558d55007fb63,157,868,726,845
174,Gao,174,,,5.9,Gao_0174,fe9127ad7216cd502a6e055dbc328dbe09495011dfd99d3a01c10accd6624fa2,79a9af327ea103eba28cd661ee4a5fbd1877d89cc8909ddb6038947c6ef598a9,6f63404a8d7265b30f603b71bea0ca5a54fcdf6cdcfedce371c05d9a56416cc7,6ea9ac0bb6af69995fd1b5ce211247ae22878624dc86a185466380e29865f452,94680516bea593fa08133b7fed00acbe89b40489f30206363c164b69b725d9c2,505,535,674,846
175,Gao,175,,,4.88,Gao_0175,913f1d9da1183fbd7f073b622c1505838497867ee765f23c69a340a5e54acdf0,79a9af327ea103eba28cd661ee4a5fbd1877d89cc8909ddb6038947c6ef598a9,5534f39b9352ae99ba593fcad9b8de4ab7c0a33bac86ae5b44a115b1087f9e75,2e406e800f430ffb07d9e0bd0704d62b113d34a39bfc6c59762dc21b21080f90,f25001cde9d6ab72719079764021d51786f66f8d7efadbe8b1745109bf32ca92,388,227,1132,847
176,Gao,176,,,7.2,Gao_0176,0245fd26bf56ce3c8a3d7bc48ca8e5c0d8a8c3632a52312958154092a893d584,662249b27f71717e6cd10bc40d9d82bd63bbfc14fed03ba60280ffb003a773e7,bc075becc9b7388613f2fab65b85b66e133761792e07d1f093667ea75ed91942,6435f9cf9bd904ffe16dc8dec7e6deb26438c3352b590660e538cf4389e914e9,58fdba572cb507cdaeaf2045ae1b43ed47f7eafd5ce5ba9bd6c62e7600611969,889,478,399,848
177,Gao,177,,,6.1,Gao_0177,81118b06a17c39dff2e7b0ccca5b7355c489f202ca153d6e0568e2f775f7f954,662249b27f71717e6cd10bc40d9d82bd63bbfc14fed03ba60280ffb003a773e7,45cbd178aa4fcaaa3979c130b5525b70729e2084d89bb698fc63e7be4e664a63,f2a49c76e7f624758e7d5c8b62a265df08b1aa266506977956c8e057520fcf1d,471e5c2a9112cb60e66a910aaa00410c60d88321e122810b3e4fe610319403ad,318,1129,316,849
178,Gao,178,,,5.1,Gao_0178,e55c0622dcb583e93c80dd12cb6bae5d8be7ed4abf89d80bd21601c1c6ecebc1,662249b27f71717e6cd10bc40d9d82bd63bbfc14fed03ba60280ffb003a773e7,76b6585fa7a3a733524e9ca98ed0bf029be7d2cb78da24fa697ee2868dd7e74e,9226e06987a51f3136796380b860dbdc7d7b4abe9d310d8e28c4ca91ae0fb131,8138f258e8c6b3b93279f8c137c8eae5bb4290ce74b298549f39624bc1b92a6c,539,687,586,850
179,Gao,179,,,2.09,Gao_0179,0c5c81b3b358ed6b3ca9ac528c1e352ae072a9353ed94ee6573eec4dc7c0aaf9,79a9af327ea103eba28cd661ee4a5fbd1877d89cc8909ddb6038947c6ef598a9,6169d35464cfd82a05a08c712da85373b1d2b7f024bc6d99e0a4250f2549a1c9,62d4dbcc2f12e854a7924caf850594b01b46446e1c0e5f1271514e19044678a8,d6c05b4df5786b561daef695e4d7eb2a15148bbce60cbf68c3ce8cef85f81787,438,469,986,851
180,Gao,180,,,0.36,Gao_0180,82ab1f6c29ad36135b85d9bd3db7e516ac67db7036e97dca29702d06a0734e3b,79a9af327ea103eba28cd661ee4a5fbd1877d89cc8909ddb6038947c6ef598a9,b2151d888434da4fe50e54f1b9fe5f43939347a04ca1884c53406110c0aeb436,69208e1497365262d5967e27b1096f8f5b2830f58b5f2515db020bd044f56549,3ee8d303afd6b8902a611858c553cb5a54ee908e11e37bafd4f2045415c97902,825,507,274,852
181,Gao,181,,,4.06,Gao_0181,ab1c2599249756d606ae81caba7871940a18f1526471cca5013d9c8a73bfb984,662249b27f71717e6cd10bc40d9d82bd63bbfc14fed03ba60280ffb003a773e7,e0431fb7f20b2e44ff432877fc130914acc6067f255f5894dd5fce25a7fcce38,b58bf5b184f59f4540c5f2d646e93835d9ae8dfdefe5b9d98921a0fab5378c42,e6e67804014da3497a2e9ae4a7012d49030d7b36d4ffc17ea965464ecff36877,1061,820,1075,853
182,Gao,182,,,2.99,Gao_0182,124d475dd467620cec6ad6efea8e304920f6c9c57d13143ab3d0b5cf0e8797c0,662249b27f71717e6cd10bc40d9d82bd63bbfc14fed03ba60280ffb003a773e7,e2efc32537843b3bbfdeb0a13fab0028b89cf4f1772a03a6d795b988811fb749,58c456969597b5bc75cd47c53e03045e67fd3173b5be4f5408397020bca16032,b941d575955d044cc0513bc9f0b96c5cc6ce70dc5cb02a3388196ffc87314540,1073,420,858,854
183,Gao,183,,,1.66,Gao_0183,fc0b10903075854f65744f24c8699fdecb5daa6102b7cadbdaef4d910bde83ff,662249b27f71717e6cd10bc40d9d82bd63bbfc14fed03ba60280ffb003a773e7,41040c6d25181a6f24d110638352af34e616f675109567f856be2ed1ac5035b0,1d6ff06969ee2a1b42fc705ee8307e97840ee275baa6edda98e14a759fd794ff,c5e667d9eb7ec4b041bf39c935d70b2f5d5d9f71a6dd67d2b24e46e5f37a0c19,295,144,907,855
184,Gao,184,,,1.11,Gao_0184,4075d78f2f61dd2cb7acdb8e4a8f9473d226c03dd6bfe112725bf40245f02f54,79a9af327ea103eba28cd661ee4a5fbd1877d89cc8909ddb6038947c6ef598a9,f9cd854ee8fcc052b67e93d092d4207e83ee222c2be1916777716842cde91d4c,d1620e64f3f8f4de5b4003efc2f8ba3f4b727c4ff1e171dfc502101d98b09fcc,f6b8e22cc09539d092cde86ed5deeecc128a1c67eea8876eb0c6c5511ee09752,1164,969,1155,856
185,Gao,185,,,3.7,Gao_0185,52a9eaf8db688012914f052e735eba758dbe4d41788f5cefa354959a714d265b,79a9af327ea103eba28cd661ee4a5fbd1877d89cc8909ddb6038947c6ef598a9,15c76e68c08e93db55ef96bcb651eefebfe9a8e955930c76c7602de931ec1acd,5bd0dab5da87cf75059f5a3ddc611f69b36c6748bcc442ce3062aad239c5c525,b894373da09c074980847c35ced835495dcb7ba6951044bc2c978605d3b80f39,101,431,854,857
186,Gao,186,,,5.2,Gao_0186,91ae723a8c0799551ff13f3f3433652c8dae654c233417c031de0aef1e470643,79a9af327ea103eba28cd661ee4a5fbd1877d89cc8909ddb6038947c6ef598a9,e46576f4244600ef94856f88b24259182b936a9c6d4be2bf8319965c590159a1,c43b18447cde62a937236592643436180a1035f3737555ecb889a094299a1840,794d8b2d698b98375a8b16ba79e4cf9cdb914d10a679607053d39b188e24b5fc,1081,901,547,858
187,Gao,187,,,4.8,Gao_0187,575bf90a1478f6486b19f690608d276b03fc59331c85e181f6b0ae7343a0105e,0200210bcf15d900163b083f37822f819e4cacf358747423834334ad050b737f,7b092698ad438692626acf21071aaa6df060051d2821cbee51d6e1896214342f,1c4e06d19df1cbec448c8cf212b0e2abc9d7a984256228c7efe3775265ffe338,b799e8045288e81997609e7ef5b3acb6ebb14c95114cd4cd5d8dd5e85dbbcac7,565,140,849,859
188,Gao,188,,,2.4,Gao_0188,575bf90a1478f6486b19f690608d276b03fc59331c85e181f6b0ae7343a0105e,ea5b1ead939875833f4d73078e55f254fb780e53d613d3fbc14a6e613b57ee13,6c8c13e2bae769578872e3f794b3fcd2b8c163b03c94a63ace33aafc2f11f4a9,0d69afe9f5770160994047711ed0f8ea0387f9bc0385fc65ff7e7aa4f01ebbe9,562112bc50933142f2d5b40892b5d294417a4afe70385bafe31aad437dc9d05f,492,67,389,860
189,Gao,189,,,6.6,Gao_0189,88396f3ea512153dba9e47b29c009cdfdceac03900ac3a0a545fb8f3b09f7fb5,0200210bcf15d900163b083f37822f819e4cacf358747423834334ad050b737f,164b177b6e79bea4f320a7ad8608ee2acfe95080927a3a3651cfd51541d44b70,9476cf0bb11409650641023a10cfbc00236a3c23c53ecc031786e47fc740a44e,58b3743fb7d0a04a11b4d3cbe7f3f78d1bb29724b3a239edf116dd9aec928143,103,696,397,861
190,Gao,190,,,6.67,Gao_0190,b046dd0c2c94bbc6191d84c33ea187725005dc9d4e99b95219f157e50ea0bda4,79a9af327ea103eba28cd661ee4a5fbd1877d89cc8909ddb6038947c6ef598a9,ced807292367529ebdaf4741a2e62684a3f97d389fd3e1e0fcc259ac7ae26f0a,456da2a60ef9ccbaa210378f0f65e50274fa8a715d05110a6cbe9dc46b6b9750,68cb4531040acf2a90d88cf998491af1fa16aa533bc3443c89489d0c324ba67a,985,333,473,862
191,Gao,191,,,5.36,Gao_0191,7284e212b9c46bcca3f72722050c1c37a391ee1c0579d1d7608f04ff699ebf23,79a9af327ea103eba28cd661ee4a5fbd1877d89cc8909ddb6038947c6ef598a9,81d98978b6c48ceb3f71e273ac990fea79aae505f317f3cf5eaeb1dd90406783,7418cfdf3d39fea154dd265985545fe59c14f7a83ae2a5422a130799192e6d03,364fb40b3dc7b2a0d703d155f0cfea62ec23a4c3e2bb2287b25eeb549f9a6938,592,561,242,863
192,Gao,192,,,6.02,Gao_0192,0af28cb32ff0a36afe4309907261e9e1e8a95d7cfefb960433f6ea8a111b4b70,79a9af327ea103eba28cd661ee4a5fbd1877d89cc8909ddb6038947c6ef598a9,b51b7521e46c7f5d7d7516234d00bbd7ed03b47be617cad35675c5f7ee84042c,422b962418fffd1550d6296c75b5471e79a2e93d10d0b9a36f558c203c4d78a9,ec2572654eb6777791fcefabc8501ea31d35aaad11c888dc9f3a669e2f62068c,849,318,1106,864
193,Gao,193,,,0.76,Gao_0193,e47f54cb864fb7c0a387969d200545f41f39333e629c6f76ded9a08fb1309b0f,79a9af327ea103eba28cd661ee4a5fbd1877d89cc8909ddb6038947c6ef598a9,41830b39764d780169decbd037df8df8d2d3c1dc4840ea5b27e6402a3d0ac142,3ccb9e335e69c8f726accef54c625df4d08eb1ea8b05d1aae8c135989b1a3553,6d80add0ad02516f4a997044f0647feb847781fa2bca4b25760817e2f4cb9446,300,298,495,865
194,Gao,194,,,3.52,Gao_0194,cdffef50665049416eb383716ba6b938fc3589b675f0164a05394f5407f00b0f,79a9af327ea103eba28cd661ee4a5fbd1877d89cc8909ddb6038947c6ef598a9,2b797c8540c0271196a097ee5470e9a7b487fd4af11972449ff1ca0b2e19bf22,6ae627b00867fafd81a40d089dcddb3bc022f773d580351fb83a48fe33ec6d02,7111db06ede954544cb3784c01417ce1bef762cd6e91635ff89a2dc84152a35a,188,520,511,866
195,Gao,195,,,2.36,Gao_0195,95e66ce96dbafc90f7356da023ff14e0f3f80604d2a9aaa736b3874ad042f10e,79a9af327ea103eba28cd661ee4a5fbd1877d89cc8909ddb6038947c6ef598a9,e3256460e151a3da26275431e6f8f884f74c601b11ecf8ce77567078def2e72c,d3112403960916beafb5f783eff82619277dfe7f5545d432645e4144638fb524,afc4f3c87336cc720cf8068c2dffc3760e2834fda27634bdedaa1c7323c2cf5b,1076,973,806,867
196,Gao,196,,,1.15,Gao_0196,71d152cb857c17e5049fd3fc839e66d64d3fe7d701749be1effbbf5f9c606217,79a9af327ea103eba28cd661ee4a5fbd1877d89cc8909ddb6038947c6ef598a9,53e918b25dfbc20260a7991c62cbdbb0f823dd6c84e0e2571ab838d9ee341258,f68c6a475dec566c62334a2d60a2f325505db68f4bd24f48548fd20046371fb6,9d76b974a9bf50299a3bd8e2575a53032485ad25af89fc65e695162ce40c0a41,383,1147,717,868
197,Gao,197,,,1.63,Gao_0197,fad6d6c7f9804cead11a4ef36c89c143f6fd92ad560c10beb447727396d96cca,79a9af327ea103eba28cd661ee4a5fbd1877d89cc8909ddb6038947c6ef598a9,c198c56571f5b2754c5d3475b62ce2cfce93241fb9be0a44fd4c880971c5bad9,4debd9f12864b8fe1e9415a9b9a39a0000096b174d5167527e973eb5241e4fb1,f045b6ea28c5e30f45fec2b232094dfca4bd773dfa5ba9e9bc028a562b75eb47,923,369,1123,869
198,Gao,198,,,4.64,Gao_0198,01be3c76b47da706099df19e8b06b1f0444c9d17016529ceb84f5c144477933a,0200210bcf15d900163b083f37822f819e4cacf358747423834334ad050b737f,55a13f94f5545e18eb3cc0d56e5bc25db4bd475d75e9850d0cbf0d2cb83dde19,029d253b6a648da11339d6a73b9b7939b2120a234b842b6e8307a40bcf130cb8,57e37bc6bce60516233b6528aab91274d5777593281bdfd566f0e1250445b5e0,390,13,391,870
199,Gao,199,,,3.48,Gao_0199,ef0d287d5fde7330ef29baba60cdd8d00a12840aa7bc933c164df3e6db773005,79a9af327ea103eba28cd661ee4a5fbd1877d89cc8909ddb6038947c6ef598a9,a2745ffc0341a2ca936eba3a8e4cdf3d9e520f1f6e1f91f38940805f44e1bd9b,5f6ee0503b4780d227b5aa9caae9f19789ab596ad503b4bd6305f82336127d47,231c0521065736c81be3609b3a1a4e7518d03c17ad31535149b4d47d8c6b37b6,757,454,143,871
200,Gao,200,,,3.01,Gao_0200,297fc6f93155e582f1f7e32b06822c30781f25a9994654498ab12b3513b5376f,79a9af327ea103eba28cd661ee4a5fbd1877d89cc8909ddb6038947c6ef598a9,7703b58fa7ffbe6f216a33b5ec1707b720b1641f41c8f9d8b1e1860f8b41be67,2371e84963bc38fbc00747e5a773b2cd830d0d56c82b9684418eb731e45b0552,b6283ffa294ddca185ef645f3093ce853c93ce1575d2e2478b2c92552dac54da,542,174,843,872
201,Gao,201,,,2.45,Gao_0201,e1be0d1bc09dad5d00148f1d307c65da1f164661e70c9cfaaa03b191a20240b0,79a9af327ea103eba28cd661ee4a5fbd1877d89cc8909ddb6038947c6ef598a9,d1cdcb937e95e11fc7b5ad94d9df9b85a42ae6f2f5f000c9c98537ccab0e721d,672683cf2edf9b9785cf94910675e2967eb21d804d69b47334ba15faf86203a8,a6e9e2580ab6b05fc0f419972940922ca6584cb8f15c599f9843884bd5103b2c,999,494,769,873
202,Gao,202,,,0.83,Gao_0202,89eaea9e4e53ec04c8c2e8c217f23dfe4295d33ec0414b20fd6aa580ba44a123,79a9af327ea103eba28cd661ee4a5fbd1877d89cc8909ddb6038947c6ef598a9,94a978618b39832cf0dac4a46d88f798835b1bdd5778bd40093d2e2d4795db09,0a3486358f2246f0dfb316352ba56e70a96fdace288d7c04861350b7e2f8decf,063a0ba49c134ce0b28deb1bb52083530832442a5d92a4da96dc3df0c67a391a,678,52,27,874
203,Gao,203,,,0.94,Gao_0203,c3599485ef89dc90845e1a28f58e785d2db1fb05c44998f54236e6d9f0805905,0200210bcf15d900163b083f37822f819e4cacf358747423834334ad050b737f,fb9f2f5c20575439e3f294a3d308dae6db46516fe53a80df75f9dd12191b2932,6023be3a32e1369fc5817ffdea1d17af908f3cf478759f8ad40ebe457d1cde49,30168f3b48605f4d31648c899c5f3453c0254cd93a1501b05b289aad6f269559,1175,457,219,875
204,Gao,204,,,4.62,Gao_0204,b2104d5dc2ef906df1378599c44cc203b05deab6b24503be87e5cbaba8370c64,0200210bcf15d900163b083f37822f819e4cacf358747423834334ad050b737f,78236b6bb36bda8d921282f6df5b6281c7e4ad9f20bb7569a627cc8982fc96dd,bbe36ef6f527b90334b5d0deedd5fb808eb15938e5cac3142a71a53d6dd23ce0,45d3e7ca02f51c99052f2c84c1b0556f941d1711cbe8837f0541c5af6c66baae,549,861,309,876
205,Gao,205,,,5.89,Gao_0205,7e2ee7f1d910363ad38cb5826d8a5435becbba81ae35b2559b1e03b98e7b4d19,0200210bcf15d900163b083f37822f819e4cacf358747423834334ad050b737f,ac106968bafc7b98a27f260ca8bddd3f6ed38e6ddac476fa6a63beb88f05e174,69eddf0cac9bb6f69f404ef317b9cbc60db5de367fc1d02ebaae3b56344ecbad,2e918935e7a5d7ba3f5d3f51a456204466748f994504eac2942332c3021aaea1,801,515,209,877
206,Gao,206,,,6.26,Gao_0206,2ad699a64dd177b20769bcc59898409c4f3c1445a33667c5762932fded1f7848,0200210bcf15d900163b083f37822f819e4cacf358747423834334ad050b737f,8dfdf71fd2832841c5beef52995d07d1d0ebbd8f93103c6d25143a70c3532b39,f81190c442e2f607b6aaec58deb498a8fc2d04041ef81d688e0ebe407df38f50,6bff63a2697a403bc1a1af9a9f648a075e1b463e245820f593371b442027f658,655,1153,489,878
207,Gao,207,,,2.26,Gao_0207,2366cbb47114de1f82b18ec6e9c5fdc6be38db3229198fa2638ac222237ae91d,79a9af327ea103eba28cd661ee4a5fbd1877d89cc8909ddb6038947c6ef598a9,04cda27ca551b7a40978a9a15f8447c07c6d8067e94e2339dd3cb445a596c4de,7f44e0c45ab15af5d1b9785b4d8678c5a59cbfa052b6c19ce1b90a0e09163535,2755386c9f74015ebef924cd6f95c8bfe4edce53df5e26812ec6b6346cd6f4db,22,609,168,879
208,Gao,208,,,5.07,Gao_0208,2366cbb47114de1f82b18ec6e9c5fdc6be38db3229198fa2638ac222237ae91d,79a9af327ea103eba28cd661ee4a5fbd1877d89cc8909ddb6038947c6ef598a9,04cda27ca551b7a40978a9a15f8447c07c6d8067e94e2339dd3cb445a596c4de,7f44e0c45ab15af5d1b9785b4d8678c5a59cbfa052b6c19ce1b90a0e09163535,2755386c9f74015ebef924cd6f95c8bfe4edce53df5e26812ec6b6346cd6f4db,22,609,168,879
209,Gao,209,,,4.19,Gao_0209,90a88362a87929ad19c5dfae814c2f66365207c1006e4337875c08044c839f12,79a9af327ea103eba28cd661ee4a5fbd1877d89cc8909ddb6038947c6ef598a9,53b952e8efcfd95d95731ab1032c3d710b9e4cc696cc65da2cb561e70f15d229,c6e134c75c8eecf1b3c3769c23e9fbcac7301ec07f4625aa5eac31c7baa13609,44d8e36091f76dd6722e9f2f0282136d6e9bccc258195ad5596554ea54527791,381,915,303,880
210,Gao,210,,,7.12,Gao_0210,70434df1d77b34cea0072e83e5f534b0dd5983fdbb8b40708881f75ac4755396,79a9af327ea103eba28cd661ee4a5fbd1877d89cc8909ddb6038947c6ef598a9,96714894e17bb3d90b223d2b769b11fdadd7a924fed3a729ed5fd996114437df,195b55d13d31703a65a2cc535f115befde5baf0fe0528e53ef63e40e759138b4,452ec8d42c4a84b51e55abfda07c3f916fb576f4fed95d5cc2bedd87bfca2ffc,688,130,305,881
211,Gao,211,,,6.01,Gao_0211,54a5f59df902cef33e997fb7a72905e6514991bca5c6a9a66bbeb323a90bc729,79a9af327ea103eba28cd661ee4a5fbd1877d89cc8909ddb6038947c6ef598a9,3f136c6440a6d7e7e267ec5fb66ab6c990681eb6a18c81446ae564cd7b8fffd6,79acf90af40b1654acde3b76b8ba0598519ef368306d7c5141fa15aaac2dbed6,262d942daa6643125309676c9394ce8f9a9ac77cdaf1aa5fb7297ec6705d93d1,283,582,157,882
212,Gao,212,,,4.75,Gao_0212,45367b42f754d807db4d2be7d46f8bfe031e7b23a4420d10713f7e5d53fbbb27,79a9af327ea103eba28cd661ee4a5fbd1877d89cc8909ddb6038947c6ef598a9,c802ae42164a3fe065223cc1dc15ad5768b14553405b51937748bafae0c56373,cc12dbd54c2d4075d68ef325688b145230e5fc24a50e4f8d433df1b715de6bb1,6d5f22b9252d2ae90ac7bb210c70b4957d3d0b934d0e7f7c18ba20fa7c53029e,954,940,494,883
213,Gao,213,,,6.3,Gao_0213,a5172e3c28d79bb097448baab25ef5a59cd2a94cb6c0fac390ff992c2c5f340b,79a9af327ea103eba28cd661ee4a5fbd1877d89cc8909ddb6038947c6ef598a9,3a10b1eda8b2867b8439daf93a98e37c6ca791ecac9dce8f0e4adc448e612aee,2d9a44852a4ec96e58aebb4d27adc0bcc4ea8d1418e90f055c689b18e937391b,32ad3c8e7dce743d19047c4abe58f51ba0b9500f8b4c316da00b4da7c6240de9,257,220,228,884
214,Gao,214,,,5.82,Gao_0214,23001b502b454f3b06eab8dc108460190ba6fd334136334defaa10f1f31d8153,79a9af327ea103eba28cd661ee4a5fbd1877d89cc8909ddb6038947c6ef598a9,d666965cb43d3cb2bac9813d205ffc1f9fac71a9680106bad5f05ad72d372904,3cfd8f610d6c0c3dffaf24401bb34132d4341aedfc995f0736b01618458de74c,29ff797abdabe8e9a26b6f489262da8dc34374945c1945340dcd85031e067cae,1019,300,179,885
215,Gao,215,,,3.29,Gao_0215,3ff18903bf47f38d267e6f4cd8e1074fd673bf73414851caf0911c57c1112f9f,79a9af327ea103eba28cd661ee4a5fbd1877d89cc8909ddb6038947c6ef598a9,e76a70dd86bf7d826b7c79147f2cc84dafe6a5ddf573685c9125182d27dc2498,c9afdf036c9acccf63df26908905fd6be3106c5062ca2ae2aeb2868c6f60fe3b,8ad19038258fc95af507f2548b6fad607c8edd45d548413c99d86b378850c428,1093,927,626,886
216,Gao,216,,,3.37,Gao_0216,fca6e943384b24aad2fd297a3bd2d6c1e393f861fda49e613cd312289e26b59d,79a9af327ea103eba28cd661ee4a5fbd1877d89cc8909ddb6038947c6ef598a9,defc9b459ed52f6dce2d950a6546df24d610b305c9018ae2721696bf26ac37dc,31a0f70ef12cdf79093853feb89ae24479cf9d73a5514b324cc689538eb311bf,7a3819cd6e48f9cba290f11d960bffadac921740a4c657da7694c0b945c85b86,1055,250,551,887
217,Gao,217,,,2.69,Gao_0217,9c2105546582da43179924c2dbcc8ef7bdbec5a238350ac8ff27a0cd5652e69f,79a9af327ea103eba28cd661ee4a5fbd1877d89cc8909ddb6038947c6ef598a9,db4bac349ac53ded6464a58c36a2c17e04bee8bdcd13cdec47fb0ef1ecef8ccf,71e44ce342151ec67ef03e321c0a16ea243d6a29335b4c41e556b8985eb7d56d,8b8660aba22bd4a7dc0e117c6f33513e5de7d9ee5f4156f0bba8fe442e71f4e0,1041,552,632,888
218,Gao,218,,,2.5,Gao_0218,b68eb4abe8ebd747ab7c2f30651057e2dfff5525807f0805aa2794bd8e7d88db,79a9af327ea103eba28cd661ee4a5fbd1877d89cc8909ddb6038947c6ef598a9,9c4521bc2b68405292651e8154d20ab860418cf52d257099c59c052d98166c49,ad3d4c95cf3ceebe5b36b065f5de1248ddbb067b42b160661fa000ad7443ab14,f3a30e8050cc9575968973d3c9b83809c6095e593c3b48d45e87b4f4173faafe,713,791,1141,889
219,Gao,219,,,2.68,Gao_0219,51e16e2516b0c9835dd0cb5c60e877c4886d39f0ba1d472be4e21cdf7b0a1910,79a9af327ea103eba28cd661ee4a5fbd1877d89cc8909ddb6038947c6ef598a9,85fd92ac4e45cd352f65e7b39963391ab64788a3365bf07421acbf1440633f63,f9f0eca69c61a7cd29c1d97f7936394ccf223efb78bdc843be41b530ee14e377,5e2e454f88b437f149ccb469b548dd6b7034982b5d32d8df1e46bd4e676228ff,612,1165,426,890
220,Gao,220,,,1.73,Gao_0220,c4f073a8986ba0dfb350514809a16757d64991245d738d0d33bebfa688774c85,79a9af327ea103eba28cd661ee4a5fbd1877d89cc8909ddb6038947c6ef598a9,b112829b1bc5431afcf527fab6dbf1a05ed8918c061d96066a1cd1f8ff31d045,002a76c0aff4a69b702caa9d8adfe3572644af051e4bea69e800c15d40012bf1,e44e60f2d83d23a0bd342a081f2aaf53a6859a3d8dedafd68336169ffd28c29e,820,2,1061,891
221,Gao,221,,,3.24,Gao_0221,a2b06273ef482d6c34673ad930fb3b9b91a2c4a027ef540c74cf57624d74bb9c,c974279b3978329f1ff6eb86effe3f4876852e90b6dfe8871e8072e64e9417ab,414defe8b4c4e50c30581832c0490bbf88a1708e20f9db07422688efa735785e,cdf05379e710714135a660125bba7ffd7342168f37e250c7fb8bc9299e1f43c7,cc7124019f3b0e8febbf3c72829b707d117b6f90543805d2bbb891445e3294ad,298,948,938,690
222,Gao,222,,,6.4,Gao_0222,a2b06273ef482d6c34673ad930fb3b9b91a2c4a027ef540c74cf57624d74bb9c,c974279b3978329f1ff6eb86effe3f4876852e90b6dfe8871e8072e64e9417ab,414defe8b4c4e50c30581832c0490bbf88a1708e20f9db07422688efa735785e,cdf05379e710714135a660125bba7ffd7342168f37e250c7fb8bc9299e1f43c7,cc7124019f3b0e8febbf3c72829b707d117b6f90543805d2bbb891445e3294ad,298,948,938,690
223,Gao,223,,,6.9,Gao_0223,a2b06273ef482d6c34673ad930fb3b9b91a2c4a027ef540c74cf57624d74bb9c,c974279b3978329f1ff6eb86effe3f4876852e90b6dfe8871e8072e64e9417ab,414defe8b4c4e50c30581832c0490bbf88a1708e20f9db07422688efa735785e,cdf05379e710714135a660125bba7ffd7342168f37e250c7fb8bc9299e1f43c7,cc7124019f3b0e8febbf3c72829b707d117b6f90543805d2bbb891445e3294ad,298,948,938,690
224,Gao,224,,,1.87,Gao_0224,93afc131b110eadace278552863a41d2e2880913bcdade2f33c0e57168d8939b,79a9af327ea103eba28cd661ee4a5fbd1877d89cc8909ddb6038947c6ef598a9,a49f2f58c55e2efc604ede27521d68c9861bd59751e72ce9703f635711473341,602ecbdce1f69bea8ef8af80e460f381e459b657975d8eb64c122979a7f630d8,6a342ee038aaf91a5dc9a94b83a4591b332980eec7051dc7db9b6fe15915bbe5,760,458,479,892
225,Gao,225,,,1.16,Gao_0225,3843ae1ad8b7c5a0232ebe8c5ed3e64efddbc4598d7eda17b64367fd44d3e965,79a9af327ea103eba28cd661ee4a5fbd1877d89cc8909ddb6038947c6ef598a9,76d5336b8f9a44a9323e3fc9563a71e01534e3196b31f9f9e512c8adbb4e19f6,e0c2dc649b3ebec541caf70ee4ded2c537a00f0ccd2a5f54de197d521611c8a7,733dff226850cd88d5c2a62b72de3039452610987b97dad47e5264b82633c709,541,1034,522,893
226,Gao,226,,,7.43,Gao_0226,92781bd81e932361b13bb1f8ad14d1079d3c4213eb759690de5ff4a2080e895b,79a9af327ea103eba28cd661ee4a5fbd1877d89cc8909ddb6038947c6ef598a9,403e7bccf48f6a584d192bfdaf9107d1131052b3a316668b2f98d281139c86fb,5dc1d8fa6b7b818e23973c44653eae5e66f5bc237c251dc0b8d2aeecbacf6129,4c0bb01a3260c29b34de0cb8b528b52ed1f24a8098a51da5d8f34818de71db82,290,443,331,894
227,Gao,227,,,0.52,Gao_0227,11e55ee450d21615fd8fabb45ffeb78aa2014697101bb31b25f8bd9a6ddc36e9,0200210bcf15d900163b083f37822f819e4cacf358747423834334ad050b737f,1f6f0c5fb9a9771e69f903d8b8d183b7d77ddb265234f2662ea2c8c7d2cbe524,aa04242d1cbd03646b4678997dbc87dba39eec0143856c97f8bf6b0c5aa9372f,0b1d8f410f3ede85fb78bede2c5c4d413be228a7fccfa5f5c4119a25c5108fdf,146,781,57,895
228,Gao,228,,,3.66,Gao_0228,e00a95a19083701b08b8b738c73f77b2504b932a7a05d222103ab86251e4e1dd,0200210bcf15d900163b083f37822f819e4cacf358747423834334ad050b737f,b561985fec9ffb8dde6c7757f7bf791e276e0ce8ec2c9142038dc05cbfba3351,4651dd261e604af543259b84d3101628554371dd9e967b3345291070eb086aec,09d758bd3017cbe3d43431a0c2793c7cc7a56876a592663afe81d8d4bf0b13d9,853,337,47,896
229,Gao,229,,,2.7,Gao_0229,10ba5fd892cf1e7e789e20066bb438055add81570284b423c42b43bcb15f18f7,0200210bcf15d900163b083f37822f819e4cacf358747423834334ad050b737f,bb484afe6e984f6dea47e75c20311ee2e83681a4a8d51f185b5972a9f7c7f47b,b913a19a77d09a522d8bd4ca39593b012fadcc8de83b1136982d4222b6521994,09dea536ec21ac92de8104d8ea3a67522bcef4eb052ad30e68017c10bd81f573,885,843,48,897
230,Gao,230,,,5.05,Gao_0230,2b0ae1ccadb4d34755bc7a089f14c499a291a60ff8a65f67e8f68d2627d19355,79a9af327ea103eba28cd661ee4a5fbd1877d89cc8909ddb6038947c6ef598a9,3c4184ae2a76d56147847048a38724bb0d53cf484f98973754bb7eaa8eb056bb,67c50cc87e07074ced0398b6f76cb25fb006969f875c4d10fb39a4f60299688d,4c34ab11fd815301c734862e55ea968e48ea5a11acfe5255f66f6e06727b774f,268,496,332,898
231,Gao,231,,,2.08,Gao_0231,e12c937c3cc2e1796437a157c014ba28ad62a0de5ccbd1dd6e3e0bcfd7330f0c,79a9af327ea103eba28cd661ee4a5fbd1877d89cc8909ddb6038947c6ef598a9,c8489834b57ddf49646771e24c9b9c5846c6f3df17dfae8fdfe71d59fc0e9e5a,ed807a0d2124255d046fe728f2df5e6bbb5e839cbc90f1fe52961de7bded68a9,9df40f41244908e5de4ab4c8317ef9eb4689a34d2684df569f6833971aea70a4,957,1102,721,899
232,Gao,232,,,1.17,Gao_0232,ca830159e994db4eacfdb81d0931c5e61803827daff84030e0fcaacff149f050,79a9af327ea103eba28cd661ee4a5fbd1877d89cc8909ddb6038947c6ef598a9,6c3275f47024075e70329f41cdff7d48666cc39c1657f68cbf7639076e8c5475,af557980f1f5a9328a1650d4d5d806679771a55235cfca0b0f2a3cb9bfcec1fd,984b1b85c5259fe8fc8127040f50f38a8a77f40199265a550e4bcfdaa3be1dac,491,799,691,900
233,Gao,233,,,1.85,Gao_0233,2cc7fe924219f19a4197916277931bdaf43fdef42734e7e1381d9e798b43b45e,79a9af327ea103eba28cd661ee4a5fbd1877d89cc8909ddb6038947c6ef598a9,5f4ccf59e425419973cb0e80fb5b842e235818a39561ca1538e793d7031dca53,17e45239935035789cfcd1c336e94f1147c1b24c2f95960c696b04bcc996acef,3ea3a499ec3e7a6cc70bc9c5c6c4bddea4d88d16dee3022440d627bb664dfcdf,430,120,270,901
234,Gao,234,,,1.02,Gao_0234,2de551292816eafdfeeee7b0aaffcdb2bdbdbdcfaab7e42b469f929347df39e1,79a9af327ea103eba28cd661ee4a5fbd1877d89cc8909ddb6038947c6ef598a9,81f6e823f14bafd77252e3c59cf7bcbf21409d6fa8166593e74942818a58c6b3,9e087c453c6bf882739d66da0ed8f1400ad5e220317b8be41b68d4abe92dad19,09323cdfeb62998d64c83ae9ec81f6a4aebccec9dc9b08e3e7bfd0595c07f957,593,736,44,902
235,Gao,235,,,3.62,Gao_0235,bbd11424e199392c6fb77e27e2156185518fff5be2effb8d47dbe6c4712eaa1b,79a9af327ea103eba28cd661ee4a5fbd1877d89cc8909ddb6038947c6ef598a9,bf3c7c2bd13824cd35d255e3846c865d32752d828119bf12c66c3f2bbeebc8ae,50c85fcdf762f991e4b1a1b20c0681436f969d127ac2e1c169a38415fd069a1e,319d94d83e66483cfad7a9595dcec5bdf8eacabbf4604b8bd0dd7e01b6f8285a,907,389,224,903
236,Gao,236,,,4.18,Gao_0236,64eced34e1f07792a3167227bbee4ac6d1cd1bf0571d4d520a795570316fa2b7,79a9af327ea103eba28cd661ee4a5fbd1877d89cc8909ddb6038947c6ef598a9,8626f561a715c323ad03abfd7f302be2ce50e0c5de80a4d7ca6912f6860ea6c3,73cc8c0283abfb98c6bd349f7588b101c7ff0a27e59e8de86cf68dc0324d1bfb,0774eb8462436ae729945cf47a3751aa6b92ebbdef26f5f092fd95c693c904f7,613,558,37,904
237,Gao,237,,,5.94,Gao_0237,c64a3aa0a9d0d379f57f0089cf2bd0328f40c3af874fb0d1eb1348ca273bdd02,79a9af327ea103eba28cd661ee4a5fbd1877d89cc8909ddb6038947c6ef598a9,1eb0b665138d7a5e495e8d9aab1157520aea494974741ce8fbd0b2568459f1c6,eb413f865b6015fce488ddcd229f759fe9f3eebe7a4ab632fb1dd5ddcf73ec42,2ad0e5782737ec5002a9d3bd6ad81a95e30537f1116336cdd29166fe0ccb5ea8,140,1086,184,905
238,Gao,238,,,5.26,Gao_0238,c64a3aa0a9d0d379f57f0089cf2bd0328f40c3af874fb0d1eb1348ca273bdd02,0cc00e1ba2d95fe8288dc072edf395ee6fc3678daa4e12f6703c7be7d2c5a409,8713ecc1aaa82fe41b73893c0b520a55a44c8a76ee692076cfa44eba4df99a31,f57b1b23a9e07bd5b013fa9db10f87382c0e69a0601c36110c4184fa52ab23b9,bdbab77380e6358a7a25a7e10af4bf290fde7f37864694128d3f45b0c6edd15c,619,1142,878,906
239,Gao,239,,,3.89,Gao_0239,c64a3aa0a9d0d379f57f0089cf2bd0328f40c3af874fb0d1eb1348ca273bdd02,a433e8dda363706531619e2d0b0b70340c238a7fbfbf37dd65e5dd78ad71135a,7d79dd6c7fb0da865b6e1197b4da77adeea06d643b79d72c3748a30b2368a865,d5dd26556d6774090ad061f54d34cab1afb63aa499441f58cb5504443e2fe94c,c02166fcc08f6b685fee3d377945170d41ebb36f2fddfe40bf5d91fdef2db1f1,575,992,888,907
240,Gao,240,,,11.02,Gao_0240,74ea1d527e86a831da4cda8d1afd3b9630614156b1f8f5f7debf82b09dca0dd2,d41caf510bcd6bd6e786cf62cb2dea4cabb7cae99fa17c4378ffbfe087db763b,ca1a013570f00a6b36b1ee218b55d03411d132f02f2e989bf435e9b291e9dcf9,871eaa2813313aaadcf09aa11cc49b142d3dbd9cea520e39ffc5d6aff4e7631f,3e7a1fae41ba15c1df4f9ccce81dee6668614fbf6da51c91554bdd6c44c28dec,965,635,269,908
241,Gao,241,,,4.02,Gao_0241,6ffacbe11173334e4988fe7a9b71b41e3a1e6b0fd5bc907eb023122833ac7d07,79a9af327ea103eba28cd661ee4a5fbd1877d89cc8909ddb6038947c6ef598a9,c3a86152fe43e084171ef5ef254699571beb3a3cf31c8771f17f77d0ec08b42c,ab84c31626b608004af7a39b9a2ccc7ad1bdfe58df4f284ab12960daf1096b0a,2af2930fcca3cdbe8b60e5d2c85a8b9b38a3d640afa97a33047bf3a6783daf1f,934,788,185,909
242,Gao,242,,,5.06,Gao_0242,4b5b167143d55c3605bdfea8c623886c00867007bb7045533678fce2a600c67f,0200210bcf15d900163b083f37822f819e4cacf358747423834334ad050b737f,e0f6a373e7ea7fad4ef5835cc97354721e15e0feda9902fa757337814ca14613,825cc17f9c04a8dd3bd63d3619ba1f2d41290768f8a6f32845688b0db3ea53d8,2d09807d995880f8b958a78ac1ce4f7c803fe6099bc79223500004dad5e8065d,1068,619,196,910
243,Gao,243,,,6.26,Gao_0243,f6c74556ddcbbeb8959f84bf657ae8940f2fd10975852456d78b5ae22c5203f8,79a9af327ea103eba28cd661ee4a5fbd1877d89cc8909ddb6038947c6ef598a9,cca68fdf5bfa0f346dfdf7226ddbf424cd7a56acbb1cd55813a26bbfd6585dd0,4c1bb43554ae2b4598a8e2e91cc76598a9fe734710bf9074b66d8c4423231160,17d97a7f39039f99d1662fe4463ae10a0047cec344ae293a9a0536fc0f6f25f6,974,364,108,911
244,Gao,244,,,3.01,Gao_0244,794e9e061e273c73ff7ad6cbd17cba865ca3b57c19e967a72372e004b27eb945,79a9af327ea103eba28cd661ee4a5fbd1877d89cc8909ddb6038947c6ef598a9,2d50d92059553feac060e1925f789a260abd07b2169c93119fa1050fd2105e5a,e3fe61c360390d05d804154a0ff06267641ffa5cb1473ace27e4223c6b9227a1,025064028f942b0e646d4b9b450c04ee25c07670bf323b0ecc536472500ba562,198,1050,12,912
245,Gao,245,,,3.91,Gao_0245,e685d947584b0d4a48f0afb3d15430bb77d6b9cc51054541b1329dd9754ec736,79a9af327ea103eba28cd661ee4a5fbd1877d89cc8909ddb6038947c6ef598a9,d93b09bc269f8c06745da3ae51bcef5a08bea2fa5dd51908a099ded472520a18,09d02e2ea9ab29fa17ed721c923e4a3276ebca62deb48d38aa53e4fe51804bbb,24e02e03016970abf6a562ceb22dd5137c6fb7c963e4f54aa8c330edc662a61f,1028,50,150,913
246,Gao,246,,,3.5,Gao_0246,1bf2976241dd2d00af6561112a0257e1ecf191516c7131a5c5ba459f9586fb0f,79a9af327ea103eba28cd661ee4a5fbd1877d89cc8909ddb6038947c6ef598a9,e066aec1470cf49960229eff2b313baa6c7212e9c5344821c441593b6a6feb1f,94d1e564041d461316a188d2cf2399e88e390c0a74145c74b18eb0b8387d33b4,118e70e75685e6d9da339482731683254504ce191eaf9670f5c88425ca168acb,1062,698,76,914
247,Gao,247,,,4.38,Gao_0247,e9ca22d19655542e257ff54ee985d7008592df559342aa377d1fa3b8d3fde4e9,79a9af327ea103eba28cd661ee4a5fbd1877d89cc8909ddb6038947c6ef598a9,c8c4ceeac376da25a47021fa21955b710722804d98a3257116c5db29d93d24a9,fd2a3da0c52070f7ff29e1e44242f2dfc6f86dc39324782b7d6722dfeb535f5f,bb172a3e7cec7ddd1c05d568340045ac53fe09e47ad2cdef72a28da91af6cb87,958,1177,867,915
248,Gao,248,,,3.64,Gao_0248,23001b502b454f3b06eab8dc108460190ba6fd334136334defaa10f1f31d8153,167ae0df2105657392a9981ec46512446ff361ba6458d46da2e1d23c784d11c4,17c041f1dc9b66afde8180952f0a5d56b61f373a2a86342e5f4a2c7ec0166444,2756bcc88f1abc719f691688fed5089bf7d4bd957f1974661eb6d863c706d328,48d4f847a8dbc426b0b9eb15434f30d75efd61eb0d9fc21c244124248af4e41f,111,196,324,916
249,Gao,249,,,4.65,Gao_0249,64d74cad6757862fc1abb1f576837496574d1413f3be12f5c50c14a3c29c4e90,79a9af327ea103eba28cd661ee4a5fbd1877d89cc8909ddb6038947c6ef598a9,1f34ef2540a5ac4f2279b0fd8a10a379e29e766befa38060fc640deac630c2f5,540ad16ae46a9c2af122fe17f05823b36cd43e375d97fd5dbea0695e0b144895,f280db391d38d46bee13c7f1dce9c3e3501f2c693da32758c538467416fe9b42,143,402,1134,917
250,Gao,250,,,5.73,Gao_0250,bb20ea582c5faf364d5b9603be6a4413bac1e9c3bd663094920f9d72de034a14,79a9af327ea103eba28cd661ee4a5fbd1877d89cc8909ddb6038947c6ef598a9,865b36e508d215c2df540a3453dabace24b63860c51f2011b1586addbdbcb84b,f874e7f7392cbab0bd134f5489b644cfedb60ff56d85c9edad1b2f6034c296fa,61407a69c7f624f545edaeacc490e60880ff9cd4836810c5956d272779287468,616,1156,437,918
251,Gao,251,,,3.35,Gao_0251,ea45ceac36af43dba156d0986bc5ece44eddb7f260d09f4032787ee4b7b88e83,79a9af327ea103eba28cd661ee4a5fbd1877d89cc8909ddb6038947c6ef598a9,7795f5e2dfcae4e51a873211698c264bec83f6c38e59f8553a92d27cc0bbf325,26d6a4358b9c9a9bda8e9dbcc0a732a05be485b72426299f418f3fc02dbf2090,6193823451c0126ce74165c1100dd3564757d4377a78cd4976ddcb053705ba66,547,194,439,919
252,Gao,252,,,2.95,Gao_0252,742beffed1f3578de850a1dabbd1e7a40af07f441ac9822e6613686c2356ba10,79a9af327ea103eba28cd661ee4a5fbd1877d89cc8909ddb6038947c6ef598a9,6bbb4c3b7657bff74f2b36c1d21a6c2f1f753092ec21db0bda4cc1be427fce85,2b9afd6d13647be342730cc711ee8e75848849960d622e8f3de9a6b85d0d984b,0416df5c51bbfe3fa77074cdefad0c08066f22224f32183ee6648e6a81c5d7d9,490,207,18,920
253,Gao,253,,,5.45,Gao_0253,a880a4f55bc48a886a360569828e0375ee8cff7c15ca7384f21b5eb08536240e,79a9af327ea103eba28cd661ee4a5fbd1877d89cc8909ddb6038947c6ef598a9,7f9293ec0a5475ea3213a03a98d7b87afdcebab87a4a041e4329f378e3de6d49,9e85556e8411b3a29280dc85973076d80e7931e5d1f4085dc0d2d1ee3bc5d662,8d839d80aab13b5882b4971b5ea2b6a5f54bdcf480594d5abac5eac2bb384938,584,739,638,921
254,Gao,254,,,0.49,Gao_0254,30c1e6afb1c70e375f9fc3566a5e1ebf08aeb0e12bc21587375c41e0810d2b5d,0200210bcf15d900163b083f37822f819e4cacf358747423834334ad050b737f,46787b153e5911482c02ec9fdbfcffc7aa39bc762cb80077b6da49ce2ec38b8f,100fdfa8f9dfef3123e977d61ff0faed6ebe937c2140a582600e83547ff50694,4debee9aba700ea9c878c5355da564c0c5fd583094b0ab3107f7e18b2645e6d1,324,78,344,922
255,Gao,255,,,2.6,Gao_0255,993ac8512bc2d0ce45270e8ed53279d6def061a83804f610695d0dad723de3ec,0200210bcf15d900163b083f37822f819e4cacf358747423834334ad050b737f,562f859cc1306f8662650d87201459dc9f211acf8c0e0bf083b952e959ff42dc,d06a3b018bec521b868fa98dfbdb63efb3514f886ca579bec1940e9c6e032a07,ca45115a6eab6c148e2dd8107deea0afeb167829d6dc89aceb85b8145130044e,392,960,929,923
256,Gao,256,,,3.1,Gao_0256,83e7069142a1068c7361d6b1074625a93cb4397f3792132f339034dc9e27bee9,0200210bcf15d900163b083f37822f819e4cacf358747423834334ad050b737f,0dbf25e61010daf4fc029a3f50d4645a6b45e80623c5a6b9d8ebe7cb25aa8768,bb10f4575755ba0ef8d823b92beea09193c3f05350ec243eabda7d1e8ce0559a,9935805a5ed8feb5e36356d741d87fbf44fdf8768d3920aade54ff57018d59d5,65,859,693,924
257,Gao,257,,,4.53,Gao_0257,8c2d65a2149123286b4648f637bd1edb3c055e38e19302c23bc58a3ebd29e285,79a9af327ea103eba28cd661ee4a5fbd1877d89cc8909ddb6038947c6ef598a9,836dada8a4a6348129f39eaa60a57f7689a37b8406af10ab1a50a74357031ab5,b64fb8e47b5f8f0e5ea7c22b4464a193ca501d4975861a65e87b73dcb6402720,2696cc96544d4b7dde7f411bd4afe75633abcd95440c7ae994223c0e68734408,599,824,159,925
258,Gao,258,,,1.58,Gao_0258,ff6b78613b36e83839769cd8cdb580da51566c3903caa34ecdbca9cb4548b383,79a9af327ea103eba28cd661ee4a5fbd1877d89cc8909ddb6038947c6ef598a9,8c3bea74e26791946a58ac1a42253cbb4897d381061407e9864fefb451f413cf,53780e6dd99451036c81f3dd675146b0b63ada9c8e973178316aa3cc1631731f,2287b0f2cbae0df037a729019ee3368014767ddc595ddb10cee9a05d3e660350,646,398,140,926
259,Gao,259,,,1.2,Gao_0259,92cf5a71862e9a36e73af49803ca5e95d53558b28268d662089c5c85cd2273bd,662249b27f71717e6cd10bc40d9d82bd63bbfc14fed03ba60280ffb003a773e7,9659a9a16b7284c883606d34e01dde65ba2ee6d49f9ad1c2c7f3f881376c1e04,3bf15b9735ffbc587f7e9bd65ae546e10c45464cb5b981deee8a0ccb23afc9de,f526d8fa7ee64999dba722962c4065b2cd37132c65bb14f9d17363842d0cf8fa,687,290,1148,927
260,Gao,260,,,5.3,Gao_0260,a2b06273ef482d6c34673ad930fb3b9b91a2c4a027ef540c74cf57624d74bb9c,546bf0c0e150946fd7194907a242e709163127b0a5f9f55b6054047cbf98eece,aaa68783a57e45b7d58d56601f4c45279cf205afaf61141245c5f386e07aaebc,bafcef9a86338ab28d6840cc2d703aaec97c5bd19fe94098b119bfdbfd753dcb,d187559598b09e00e022d61721c437c56c4dae1d337bd1f7f5ccc6b51f8a376c,792,858,953,928
261,Gao,261,,,5.64,Gao_0261,862cf3e45e992b090b036ec7d29a56988375fa6b4b622e6c47a71754ec875423,79a9af327ea103eba28cd661ee4a5fbd1877d89cc8909ddb6038947c6ef598a9,1779327ae51fd0a5e1a8a66468c54b4fcdb34865e786f8a92e363fa1a5d2bfd7,ee537f83117496a00c3752693cdcc42ff1a28d726b98b4014fb76bdcde215142,7d5c5ae00d2f511b928dbdf3013502a9540adec591e2051a83e50c902ce8c028,109,1106,571,929
262,Gao,262,,,4.24,Gao_0262,67613a1f85d29f49b127bff13969956c4f02f8b94f0aa593d53686f6a6d7854e,79a9af327ea103eba28cd661ee4a5fbd1877d89cc8909ddb6038947c6ef598a9,c43fe80b514556362793113ec399e69d9ac402affa7372899b7d209cbe047c09,08e02618c58798c36bf10464fb51cb5baa6626f25ad9c09f73abd0d5524705d2,eab871b05d63a78ca4d9ba63d278f56bbdcc249ad2ada2d8748761ce12536cfd,940,45,1097,930
263,Gao,263,,,6.64,Gao_0263,991d0b3711de649c7896b64350a328e550231b322e7b44381e0ffff52847c433,79a9af327ea103eba28cd661ee4a5fbd1877d89cc8909ddb6038947c6ef598a9,0c832e85c19b1291edbcc1ecd39e1f291a00a22b0a153292efac8df339522883,668b7020b316351d63ec425593f00248ccd151b502c08853e336b09872d9d3a6,d91d1fb023a2f6a57567bc4d2f2679d167c5ccdb96cbba0557bdf14a33625da0,54,492,997,931
264,Gao,264,,,5.1,Gao_0264,3df78d646127f6bc6d1736f8b50add69dc8d3f2db4d7279855ba6dfd256f42a0,662249b27f71717e6cd10bc40d9d82bd63bbfc14fed03ba60280ffb003a773e7,67c00dd8d558da61211ccd978dafc8fae78932bbfa8c52bbfe9a7bec4472f4a4,771a4aefef07bd52f490a7f169b6709757cd42d9bc96d20b6e8d7745115a871e,935cc6a51870733e434fc4aa8f395a6e75274c649d26bcaef21d16b49f496e31,469,574,672,932
265,Gao,265,,,4.3,Gao_0265,f6abd0dc5655a647019028f15337503f23242de0fb9bf5eaf8b14e1c75029379,662249b27f71717e6cd10bc40d9d82bd63bbfc14fed03ba60280ffb003a773e7,b70070172873691b72d09dff8f88de1f055f6f83cbd2fa23c31871bf7b038b10,e76eb91787410233545f7f1121939751b3a0ff17776a623d5a0ea07c80b2ef09,a2cdc6592504ca2ab2e6f37bad82c9905da67663d41d9408527f865e292e23bd,864,1067,741,933
266,Gao,266,,,5.02,Gao_0266,f2f20f35455865f95381498145d2c8c7c5d8565f5860390c721bff8995f43926,662249b27f71717e6cd10bc40d9d82bd63bbfc14fed03ba60280ffb003a773e7,a533102210ef8938e51eecefe5f56b7ce8b10f015d10f3d5143193f139ffe103,c54756680d86f36db4283dadb0e5b46220c0841c865b0a304eca5fe329001074,07d980317915fc65adf5aeba290a6de751d3027495a9031e10a0fae7b690f969,763,908,40,934
267,Gao,267,,,4.01,Gao_0267,6ffacbe11173334e4988fe7a9b71b41e3a1e6b0fd5bc907eb023122833ac7d07,79a9af327ea103eba28cd661ee4a5fbd1877d89cc8909ddb6038947c6ef598a9,c3a86152fe43e084171ef5ef254699571beb3a3cf31c8771f17f77d0ec08b42c,ab84c31626b608004af7a39b9a2ccc7ad1bdfe58df4f284ab12960daf1096b0a,2af2930fcca3cdbe8b60e5d2c85a8b9b38a3d640afa97a33047bf3a6783daf1f,934,788,185,909
268,Gao,268,,,2.83,Gao_0268,8b56c66d04880ce3fd1e85e207ecf671662746e9c0a60a7d510f532d93beda11,79a9af327ea103eba28cd661ee4a5fbd1877d89cc8909ddb6038947c6ef598a9,0d024e5c6f7fdc62e09ff1d6a09e7e9dfc893b45c227a47f083ba8f21314dede,26dc15ce21fb1f9553fc82f889c3b7fb743fb173af994b617144380c66bc4528,4db3536f6ea30e65d93959905651e3bc7c3997549569331da5be22b79584fcfa,59,195,343,935
269,Gao,269,,,1.34,Gao_0269,4546ae53203c5c08bf15677cefa79b3a61cd23910f2c0eb0278a766978c000a8,79a9af327ea103eba28cd661ee4a5fbd1877d89cc8909ddb6038947c6ef598a9,c3f40a67b5b7e091394faadbc89c3c2804e405b31bb10ad34960144bdbdc67f0,bd80359add8e958cec1600a56585c030aa4056d493ec783ae8abc47a8b05f9bd,263c51936bdd41ad74945edc49333d2fe9dd0a0ab5c9235543da2ccc9bc4917c,937,872,158,936
270,Gao,270,,,2.63,Gao_0270,eba31cc9feef54707da5722b6aa66445720298d05892d2d41561fd0e35693692,79a9af327ea103eba28cd661ee4a5fbd1877d89cc8909ddb6038947c6ef598a9,abbf05535b9aa57c9d95ba0f24ecc1831e3357925957571dbdde84530ffbd251,92294c2b2ffbc112064e3a811b58d23acbd4dfb505aa4c17ee4e27cf8119ee42,e9ab2686e82cc1c3a85e2c286dff9f73647484e62cc3732791c8687419a0517c,800,688,1085,937
271,Gao,271,,,0.71,Gao_0271,22f25f41611f79ef0990b3c3d77edeb7fc9f5c1c01938726b1a42847ab3d7b5e,79a9af327ea103eba28cd661ee4a5fbd1877d89cc8909ddb6038947c6ef598a9,7448525138c07885afa94e05b7e1b25d0df5dadbbb43190b4dcaafb1c697322b,bf34bab4ad4e80620c64a7bcbfddecccd00e8f50ff73106b0e42d6574db7c75e,44c3f496b83c6cc659182e1bccdca1b6bedfddeb813d6a50d24b679f320284dc,526,878,300,938
272,Gao,272,,,1.98,Gao_0272,a4464d7d587779a217c3e9f465a2e790bb12a19ea42aae0e6fd02b3f1b377623,79a9af327ea103eba28cd661ee4a5fbd1877d89cc8909ddb6038947c6ef598a9,02e12e5ef4e1143249c639d8e64c3f7c990b66cedbf44d29d13fefe80c9fb6cc,48cb54a39cfbbfc97804258ef0749df65aa4716a22adf1a3fcaf6ee12efb7e8f,9e3b15551774ffde55709ca714f45ccb766f96fb4ea6538db398ab06c2b7a788,14,348,723,939
273,Gao,273,,,3.68,Gao_0273,b3c2523522154beaf1f054306629b8fad220673786f9d269a0dd8f9bf068a789,79a9af327ea103eba28cd661ee4a5fbd1877d89cc8909ddb6038947c6ef598a9,2df73843ee9567db97a648217cd048847833b06013e838dc16dc7bb3e0937f3f,f188ad35e1a55754584a062510297276ce8982f1acae55250357deedc23f41df,66c47212b1372eb8d05e298cda28cbc46ea198b84d1ef331fe6c627da9f6a5f2,201,1123,466,940
274,Gao,274,,,7.97,Gao_0274,55cbc28e8ae238037986818fc49b24737de70ca5c2f98ae9682763af7f4996a9,79a9af327ea103eba28cd661ee4a5fbd1877d89cc8909ddb6038947c6ef598a9,327441582543d65e53fae3d0255521e0088b7cddff9bf7bc68bc9fd046f442c7,c9ab8f456f259064455dcc2778fec1aac4bfe6021a809c1ff23de62b9fffbb28,9a0097bdd2045f13a493ec38926bd5b25488651f44607f61b3d12f2c8591b120,224,926,697,941
275,Gao,275,,,0.2,Gao_0275,05dcaa257b716e03628913880461b2794ff27e5433f96b287980030967a8d035,79a9af327ea103eba28cd661ee4a5fbd1877d89cc8909ddb6038947c6ef598a9,44fa7d6a5e66db3a81d8514607d5ea3b8dc470e88593a9fa6f3e216c78c34ecd,01b47410ee02462ad487d13699fc7f36c5c6694c321dc67117c2c0d99338cb08,e15ecb2bc9c99e23d240381c7a5d894996489f22a5da0f3a842836f6164222c0,314,7,1048,942
276,Gao,276,,,0.35,Gao_0276,d8b0a72fef2c3c46a9c29973f4e8324ecc924e74c05c605fbc6bb10775250243,79a9af327ea103eba28cd661ee4a5fbd1877d89cc8909ddb6038947c6ef598a9,65bd90b75ecc6d46aaabd3d2868d7aad0c860955807fdad816700c71cda117fa,baf9696a19402674966e3411dd4715a19ea1baaa9834ef3db20a8d47caa05d15,761542864f0b42a8e5b2c6df934357c518db96144b245f48290ba6f1b0646e99,459,857,532,943
277,Gao,277,,,3.21,Gao_0277,3056fff04d4498bb6cebfb48a97b2ec188d1adb404ba7cf573f42f44e21adb2b,79a9af327ea103eba28cd661ee4a5fbd1877d89cc8909ddb6038947c6ef598a9,35fbd6f9dfb7f3d8ecd56396a0d6e9454b1596d2c4020a1f58116b92ab1b380a,1e765628f9d8d8234987735404f90187f2e20ccb1e8a4fb34aea573bd21f7e9e,a32f41262ddc7deaf852d80f2b2377b1c907e005b8282152a6c8c884bb42f57a,237,151,744,944
278,Gao,278,,,5.07,Gao_0278,756a20dd54c5e4f6d85be055d20e9793a272b45972cb9c6e23cec8108e01a1f8,79a9af327ea103eba28cd661ee4a5fbd1877d89cc8909ddb6038947c6ef598a9,07d48c2dfd1ba21a08c23ec8211826bff0c9aaa00e5d9655eaae1d520a8e1e93,9cfe7d4ccf3db74b77543853caa441574b15e4c20f35c49243eb3e224b4c0981,ec850b163a3ed45c39b8e5ddd8e5caab4f62e7f6016982ff1baf2e4f363fca0d,32,732,1109,945
279,Gao,279,,,7.63,Gao_0279,1c742257e7fe70912d94cf4164ea081f01c4ed64ada13bfb7dca20640063338e,79a9af327ea103eba28cd661ee4a5fbd1877d89cc8909ddb6038947c6ef598a9,ccef8b78299fad02767b50bfb87466c4a1679f1f6ee8f0cdf332190fd18f9017,eeb3677cfd8ca7a6b1d71edae89be917b2bf48629ee42946ff1bd76688c3ac02,29565d825266e6210677dd1b33391988f8f0cc4590f527eb2db7953308a0b9f9,978,1110,176,811
280,Gao,280,,,4.97,Gao_0280,7b5c7533890c45416746363462dbe72491f3567507b2f45e258e02697d55e3fc,79a9af327ea103eba28cd661ee4a5fbd1877d89cc8909ddb6038947c6ef598a9,878ee8d9ffa1659e4cbfa95d4b7cf0d3860f0638f7b3171317099395908ae1e6,200c59a229538ee2582d0e9e4c504ff7a66a1b99ed65e86e2bf57d34b03fffa5,f72fdbe50cf701854f21dcb28757caf572fa889770bac9950e0077128ec4e8e9,621,153,1156,946
281,Gao,281,,,7.57,Gao_0281,5050cb6fdcd263fccbd8a8f028a33f9a019017a691c9f0dbb5234cd9d0a48346,79a9af327ea103eba28cd661ee4a5fbd1877d89cc8909ddb6038947c6ef598a9,d258a8a3212dbbbc89f1ff2638f538f920590022048c1d70dc9776c305de49a3,0d14edc81a785983b22fa81cd390f7ae052de847900f7af3bf06373dae3172a1,5c032f30c969e181c597f71817e97e37a0f7875f93c90e225b7af0fe9257a2f1,1003,66,413,947
282,Gao,282,,,5.34,Gao_0282,87520d9ad69f0faf71bd09d3c175f83af2e4ae3b2db3c68dcb6eaca817bed27a,79a9af327ea103eba28cd661ee4a5fbd1877d89cc8909ddb6038947c6ef598a9,dbf33d1abe70b1574623463a48ea0ac18625bc51bcd12d65023e3f536e9e0175,c6a945bf65d9b25f1a72d71d51e64a8d9640009562c68bebe38649ec37dab90d,5d4e1b0363eaa5fac9a805c2661df7db622905ede8e169a903a9cf9b7bddd866,1042,913,420,948
283,Gao,283,,,5.07,Gao_0283,0c36cab5a9a852294b170d8672e897770cf4da978f4801d384e6359c24f3562f,79a9af327ea103eba28cd661ee4a5fbd1877d89cc8909ddb6038947c6ef598a9,7aa9bab1b6e322720cf71825854d241495b9156c3543a10bca7663e8a0d4c9e8,8d35695dc52425c58d7878f77c93f96d1dafc289fbc1b714780d2797b4b9649d,6e325f7e44e23509c2c20f48f630046542887969c7e743c5bca82ecfa40ee72c,564,662,499,949
284,Gao,284,,,2.48,Gao_0284,c15f28bf5c36e32faec52aca909f11fce4149bd7908d942c821402e54552903d,79a9af327ea103eba28cd661ee4a5fbd1877d89cc8909ddb6038947c6ef598a9,370b7fc62e5bb8b24526e33a02d8dce7f2c53f2d05d820f12abfe8da110c04f7,6f5175bd2819090c341b4144a36864152532b733444cd49deb2a7be109ab4992,afadca2b3f9ad601109de45adfb816c6f7dd5d02125c02b3deb39f894801c1c2,240,541,804,950
285,Gao,285,,,5.96,Gao_0285,3b832f75aab651b7ca5efe2bb1ad99c8a89fee27dc4dcb1055f4ec022d8aa3d0,662249b27f71717e6cd10bc40d9d82bd63bbfc14fed03ba60280ffb003a773e7,d40e3a5e7c60db303af1be064c59928970f4807d3c8e267caca7892ddbc3f74b,c68849bba94436e372c54dd2d5da3747c42aa2a0d656d320c0174874ad479415,82caed1db3c79c6a9c0b9329442b3569e2096ab20e622e8e8a1c51eb0cee9595,1009,911,596,951
286,Gao,286,,,5.72,Gao_0286,0c9c95dc3e1ecdd546dc55e0a2bd605bb61b3e499cda3402a07981d76fa75c61,79a9af327ea103eba28cd661ee4a5fbd1877d89cc8909ddb6038947c6ef598a9,ca19686eb05aeb1d1bd81c37aeaf56a234adfab8688a32667f941159f2785619,61eab8863dea55d1179653d5267201b5c151ef035d9ff3c874c98e8bde7b68f7,a3322399e09109d1d04060b2cb187189d30b6a5c3fc5ee28bb66543be670c50b,964,466,745,952
287,Gao,287,,,5.1,Gao_0287,9ff94dcfd4573344a1ba9c635409277df70d857158080c9bcb0b115492562190,79a9af327ea103eba28cd661ee4a5fbd1877d89cc8909ddb6038947c6ef598a9,789a39088cc504e80f2a836a99bf6a2d2f44bcb9730a05c7901f636a99f90bd2,ddb2d8b61ddb4ec7cca9aa23137e52ebc6497720ad31c50dbae66ccc06b940d6,41e8a4e3fa7c68e198c8532feb961bd10455e5b3c1021ddb59fcf49b3b338671,554,1017,289,953
288,Gao,288,,,5.6,Gao_0288,503c9299ddf4f3933267604f3b639a6e8b40852ceaeb5e0880f3d895caa29004,79a9af327ea103eba28cd661ee4a5fbd1877d89cc8909ddb6038947c6ef598a9,c35fda56f2002abc737a07e7086936194658a5387156d7454570b3a6b8eef5d1,963b7b4d6fd6e7127c71f82eace906f7357d14eb83084636dce95bc94fd4314f,2fc9e7c556a7209c51bffadc1c931a1985ad082594c146e4807cf0f82c17c86f,932,701,217,954
289,Gao,289,,,2.0,Gao_0289,503c9299ddf4f3933267604f3b639a6e8b40852ceaeb5e0880f3d895caa29004,79a9af327ea103eba28cd661ee4a5fbd1877d89cc8909ddb6038947c6ef598a9,c35fda56f2002abc737a07e7086936194658a5387156d7454570b3a6b8eef5d1,963b7b4d6fd6e7127c71f82eace906f7357d14eb83084636dce95bc94fd4314f,2fc9e7c556a7209c51bffadc1c931a1985ad082594c146e4807cf0f82c17c86f,932,701,217,954
290,Gao,290,,,2.69,Gao_0290,6737dc82cc9900d369e64da24c3ba5284c1c7bbbd5a06b3ad014827e0b23521b,0200210bcf15d900163b083f37822f819e4cacf358747423834334ad050b737f,eb5db58520448fef5328654fa499000e015cac0a8a128ad7dfaf82496c6c817d,d09319fd46d4041b09c36364276ed27df628e78196f527c61176b382ed50ca16,c5c702be24382e1ea9c6e53002a45538ab565f9d25ad3f1be48c943ffbe14d17,1108,962,906,955
291,Gao,291,,,2.99,Gao_0291,6737dc82cc9900d369e64da24c3ba5284c1c7bbbd5a06b3ad014827e0b23521b,79a9af327ea103eba28cd661ee4a5fbd1877d89cc8909ddb6038947c6ef598a9,e0b0a20fb07fb7880551fc6fc6df18d21a53e863d24d9740b6a31f5993b50e58,0e0748ee2bf54f1c585e8a648e8c4df7096c6a948ccaf82a4a5c53946f86fd62,d3a06412d0c230bd754b81b9acadcfb42ba809b8762e111069496ce7c71b6968,1065,70,963,956
292,Gao,292,,,3.14,Gao_0292,6737dc82cc9900d369e64da24c3ba5284c1c7bbbd5a06b3ad014827e0b23521b,0200210bcf15d900163b083f37822f819e4cacf358747423834334ad050b737f,eb5db58520448fef5328654fa499000e015cac0a8a128ad7dfaf82496c6c817d,d09319fd46d4041b09c36364276ed27df628e78196f527c61176b382ed50ca16,c5c702be24382e1ea9c6e53002a45538ab565f9d25ad3f1be48c943ffbe14d17,1108,962,906,955
293,Gao,293,,,3.34,Gao_0293,6737dc82cc9900d369e64da24c3ba5284c1c7bbbd5a06b3ad014827e0b23521b,79a9af327ea103eba28cd661ee4a5fbd1877d89cc8909ddb6038947c6ef598a9,e0b0a20fb07fb7880551fc6fc6df18d21a53e863d24d9740b6a31f5993b50e58,0e0748ee2bf54f1c585e8a648e8c4df7096c6a948ccaf82a4a5c53946f86fd62,d3a06412d0c230bd754b81b9acadcfb42ba809b8762e111069496ce7c71b6968,1065,70,963,956
294,Gao,294,,,4.56,Gao_0294,6737dc82cc9900d369e64da24c3ba5284c1c7bbbd5a06b3ad014827e0b23521b,0200210bcf15d900163b083f37822f819e4cacf358747423834334ad050b737f,eb5db58520448fef5328654fa499000e015cac0a8a128ad7dfaf82496c6c817d,d09319fd46d4041b09c36364276ed27df628e78196f527c61176b382ed50ca16,c5c702be24382e1ea9c6e53002a45538ab565f9d25ad3f1be48c943ffbe14d17,1108,962,906,955
295,Gao,295,,,4.99,Gao_0295,6737dc82cc9900d369e64da24c3ba5284c1c7bbbd5a06b3ad014827e0b23521b,79a9af327ea103eba28cd661ee4a5fbd1877d89cc8909ddb6038947c6ef598a9,e0b0a20fb07fb7880551fc6fc6df18d21a53e863d24d9740b6a31f5993b50e58,0e0748ee2bf54f1c585e8a648e8c4df7096c6a948ccaf82a4a5c53946f86fd62,d3a06412d0c230bd754b81b9acadcfb42ba809b8762e111069496ce7c71b6968,1065,70,963,956
296,Gao,296,,,5.2,Gao_0296,450932e86bf1da0e1f7bccd85fcf12b0ff8384e7447e40c6c077a961cb0ddd5c,0200210bcf15d900163b083f37822f819e4cacf358747423834334ad050b737f,e268403764d3c0975902120330ffc574cddc2647fef694bc64384c470f6c137e,f2d21503596409dda6e945da0acdedaf88433903c27d96685920e7a78643d04f,28c1fb75437e05537587378b0dc21f1055c1ac4ae2170e6624007d219aedebd0,1072,1130,174,957
297,Gao,297,,,7.72,Gao_0297,d10254e2afaf10814a4bcc10b75a099d78dd9af5436998511733e94ba8eb070a,0200210bcf15d900163b083f37822f819e4cacf358747423834334ad050b737f,4be5efdf9b96e495ce792acce7f5e14274b5c0d0972e47e49b43752917a945fe,d87008344ceab746ae82f1d97969bb0d598fadd3e5e6568670c390db89fe5bf2,66930d2268b6068537fed312d1882040c87018b4e8470ff03d7e228a64b0a986,354,1001,465,958
298,Gao,298,,,3.5,Gao_0298,1cd2cccbaff920b5283c684687ffacc5d25c5868210e1c01af118cd0362e1674,0200210bcf15d900163b083f37822f819e4cacf358747423834334ad050b737f,7c21d057745506dd88f2d1af226e618e3c9e84ef83201fcdd5ecc35581613017,5e2e22e7207db04bbfa801dcbda3a86730f98153329661f57a5e26f644d14b57,3d21ca5c41dfaf85b041236f2fab366ff3d981af7a0fe14bcc9c5e4ca47b24be,569,447,263,959
299,Gao,299,,,4.54,Gao_0299,4ba77310824b30dc20fe05eb47cfafa5f68b7e3f88b011dc7a818317404433c4,662249b27f71717e6cd10bc40d9d82bd63bbfc14fed03ba60280ffb003a773e7,a18f224fd4a5892673aef101368e06ff276b245cf77f3eb2708e4ed8521c0ffa,e079360851f051208c3f6ab7f25507ccebdc021f7cf413521951ebe007c70f9a,63cbe40406534390f48bbf95dab7d8769a9e279e5c4474db5c9c074c36045772,750,1032,451,960
300,Gao,300,,,6.55,Gao_0300,76c664da055da4a266a000e75d467a2ea800db41b7b0267d7dcf5b1413a076a6,662249b27f71717e6cd10bc40d9d82bd63bbfc14fed03ba60280ffb003a773e7,e43a3576a190b9733041900174ebfdc56da8ed467b73d3d2a5bdf8b188b1f4bb,48c19074e5ec5c1f5f62c3dd0e2fdf1b4bd4ee825552692e58eb8a1b32d06d31,90bf71e50ef28241569d6afe682c825692368d4f018c1e6d71164a396491350e,1079,347,654,961
301,Gao,301,,,4.4,Gao_0301,2ed3a3cc7d8786e6f861dc065f6efea3894048e5b37d53cc7b355704e89b3fdf,662249b27f71717e6cd10bc40d9d82bd63bbfc14fed03ba60280ffb003a773e7,f69cfd7d896b03e084bb8b95433f2a916e34209f85a7378691d0c08a34583e96,7539ccaa8ea014268cd35bda8fb2bf67ce2d50366bc0aefdd9192a1e3657e354,0d1c71e6861ad482e234740f43fa60b6eea22f4ce9b1f205390529db4feeda65,1153,565,63,962
302,Gao,302,,,8.06,Gao_0302,ea49c52d36b25995bdf69af9d550a26d82ff4d29d413ad0eec0a5c37aa9ca6af,79a9af327ea103eba28cd661ee4a5fbd1877d89cc8909ddb6038947c6ef598a9,ab870f83d81fc20f2fce83ea50639813211ee00489f3df58ded43cf8aa2d9a5d,de667c24c048ba94ab6ba7a9b13a487ff1a0421a32e219f3721c9e19d7ac39d5,cdc3fa78da8f053e73d43d15672194a88d422bdcda231136f769a77d3aeb08ba,797,1023,946,963
303,Gao,303,,,6.3,Gao_0303,064f2f531a2cf9dfc888cba6978b041917553b4c584d3c53a9d7f0908e2d12e2,79a9af327ea103eba28cd661ee4a5fbd1877d89cc8909ddb6038947c6ef598a9,7a7b0723edfabdd893412ab89e73da4d8f70aa5aa005571bafb3398e3e2efd27,8a95e68f24c54c0d327dd7f61f0b31543abb59d9fa3c1c8ce1b3134650ff9586,9ba7a3bb2c1649fb1f34ca394824fd42b10a5f94d939f1bda93f6feadd8026ad,562,653,708,964
304,Gao,304,,,3.21,Gao_0304,73b7c91360ad26789d7bf91072dea1fe81d7e1157a5073b3d56cdc30d6604457,79a9af327ea103eba28cd661ee4a5fbd1877d89cc8909ddb6038947c6ef598a9,9fd135c0a1f725fc1931a1804396ff7670cbf5572e1f5d501fd0bd9765d1ac95,8cfc9850b893485faea03b390ad25276d16851f98c3385abc4c440cd7a6a4537,c49de9c1ee3a57e47e701717b42352a52130fd7a05162475307689af61448f6f,732,661,904,965
305,Gao,305,,,2.2,Gao_0305,ce4e721e6823a0e3267a45b5bf3313b76d5c081c8b792f2793bae70a01f1583b,79a9af327ea103eba28cd661ee4a5fbd1877d89cc8909ddb6038947c6ef598a9,533521459ddc9d476fa9cb8ec3ca316f6342fbdc1caabd303116d4d4d19baf2d,4152f18c312df30d9d6b60dd3a0dc27d6a3dd8b5e3823421e54047d2efbd4239,ccfda48a00c4fd917a42560a800056845fb5e39d08f2bbf6ffee1fdf434ef995,378,315,942,966
306,Gao,306,,,0.27,Gao_0306,36be1566525e31fcf85cedfe055b7e2ddf1c34aec3e5467504a8bbd63dc73908,0200210bcf15d900163b083f37822f819e4cacf358747423834334ad050b737f,f8bfcfe81ce6be70d57217bed838a8abc2e92cc3a1e5245441e64001654bb737,d5b0f78bc738f2890166368f0361e7672f7b2a996a0fd53280ece2fe8adb5351,06593e436bdc7add2672e7e659f324d411e73d9211000953b49184278d52e5c7,1157,991,29,967
307,Gao,307,,,0.55,Gao_0307,2e7d48f791eac222064433089ff9f39d9572a192f384c21e19d29911d1a03760,0200210bcf15d900163b083f37822f819e4cacf358747423834334ad050b737f,fb77cb13c97fc39af2c8343bb8514159b378cc3c462e324c940d18a50f950f78,1176165fe5896b4d95d4ccaff88fb0f3cd6ffa877b4193dae1ab5a7465f6eb5f,c2a1d8c32ec7cd4d2811dee3b8f41a0f1db0f3bb0e94c817c762e52c86e37e94,1172,86,897,968
308,Gao,308,,,7.17,Gao_0308,28ce4819603885a06b0d07962924c46fb385b75e08ff3783a2556db8db5466a4,79a9af327ea103eba28cd661ee4a5fbd1877d89cc8909ddb6038947c6ef598a9,c556dc6cab6f93395ced214a6f74ce192f12fa2cf506ce51c9d13085dbbd8905,6ad3cdaf0baef59ac3c9b709a6f94c6ad0b3e45f737b21705c39fa339d74901e,896fea22774564fcf975fc02ffecde0b8e795f94de5d447382f58e4fee87e8c5,947,519,620,969
309,Gao,309,,,7.42,Gao_0309,7afeb13d4a11539ae9ebd61294446732423c395d6e4bcb467db062ef62cf8de7,79a9af327ea103eba28cd661ee4a5fbd1877d89cc8909ddb6038947c6ef598a9,781dbcf7d5cfda35f25ef4ac623516c3ea3a861006344bd2f09dc7b1d1bc057a,5de6960c21c22b04e167bc7a630f289e2d6370ebd65bc5dd892c7548d7658ae6,8518b5ff161b1ee0b837fbd924f9fd25b0b099318ec50382d7dff2be4ca9b20c,548,445,605,970
310,Gao,310,,,6.61,Gao_0310,cdb1e472403b1548605a0a76d75917e9327bc0044ad07e45a1bf8cdab01e33fc,79a9af327ea103eba28cd661ee4a5fbd1877d89cc8909ddb6038947c6ef598a9,69b93e20c31bd01cd0dc4ad40ff3fcf40010d214fc65b5ef362d65c095c01a68,1c21fb357d5b14c3a3716fb3c24501386679e11a84aa860b9d09fddaa61272e2,2e0979352632247bf71c33c2f2ff885dc4621a693211de62d7b78bee0cc45e62,479,139,203,971
311,Gao,311,,,2.73,Gao_0311,873b23ae23e906b08be3c9bbbe2fcd0b5a5aa55c317640f5b15c0176d44ec658,79a9af327ea103eba28cd661ee4a5fbd1877d89cc8909ddb6038947c6ef598a9,d3b949323d4f7250ae1e7e12e4b13bb8f0dee90c2b6f49fccfce0f02780d1c26,21f4a0e86556dc1edb64d6dc71bd7c66fd5de5ea9daafc583a161c1092182ca8,501f1935a5720531714a2c36129ae51e3befcf0b613988374edd99b4d12bfeda,1007,160,354,972
312,Gao,312,,,4.08,Gao_0312,34ea0b3f0b23567e4612dcfed7b1284d26665cc4275a47ab05287b296eb7ec3a,79a9af327ea103eba28cd661ee4a5fbd1877d89cc8909ddb6038947c6ef598a9,0274a949ce7231efad28fcb5fadc99d66893d759d1444272e50a58fa1440bc17,2b5e9d71ecaca998fb2c75cc1db9e079847ff54b599b7f5aa831f5ad050c1814,b4a7db88e6d5c04612428bc49eef3b684a8715717f1e2ea14620c165fa6c6d88,12,204,833,973
313,Gao,313,,,3.03,Gao_0313,ce71f48488762d8b68f881c0cca14aaa856aaad026ca97b6801418d53acf7191,79a9af327ea103eba28cd661ee4a5fbd1877d89cc8909ddb6038947c6ef598a9,0ccfce8e8f3095ce0f15302e3af16a3ca7bdc8ea31a899334e667c998444ced8,e7526c711c13700b2ce462450fe3f50ec115cd92ef8d852e7a9e33396552d2a8,a06efbfea91413b5560d873d564b90dcb26dcefa804e6d38e0bfb03a87c22899,56,1066,731,974
314,Gao,314,,,4.77,Gao_0314,677477610fe6ca2289d5a9a3ccba7c8383c543983bb4067cb31f1cf5ec479772,79a9af327ea103eba28cd661ee4a5fbd1877d89cc8909ddb6038947c6ef598a9,14416aa5525a6276316b447cdbce64734601507130087e27a7491258a46949e2,91e9a78b8b9913c2e274f4678c8cbd1a688c5f302c7754757dd183cbaac675d0,52411397f8c93a0f5ea5ffa886516e1d9476ca43b35ac45e70d6f24c8a00d1cf,92,683,369,975
315,Gao,315,,,6.33,Gao_0315,80ddad8b5f123822406dde619b434cf58dae85210d7d29977e0a7d0b22a873bb,79a9af327ea103eba28cd661ee4a5fbd1877d89cc8909ddb6038947c6ef598a9,aa91d502c6af30a01da990efcdb03165378873605e86dbba0f19730f05f3c3de,304a8fc706548f007942520c5efc069b867887f0e236765967fdc02f74877d75,86a22df0c6f3efc73995436b96155f69d1d59c5f696608d9f327250723549811,790,243,610,976
316,Gao,316,,,1.16,Gao_0316,5fa9cfcace2e8108214bcd125bdacebc7394a23cf1f97118494ac1ca76383573,0200210bcf15d900163b083f37822f819e4cacf358747423834334ad050b737f,1a83798f7b63b5f9ff18d2502cdd8eae25692ccca0ea1e988dd59141630546e4,8669a2c9828b5adefb57cb58658350ced2ddc992956dfdabea5e01e3c59c8a44,7d35f285dbb350161e9719dd06516cf9e241ffcd7e3be8bb1fb75ee9a9367069,127,630,569,977
317,Gao,317,,,0.25,Gao_0317,fa6c04902000ea19b6ac4e673992e7625f168231976094b7977967a5c0b52d2b,0200210bcf15d900163b083f37822f819e4cacf358747423834334ad050b737f,33098727dd6bd933c7f4228965d0d395500d931f291bac68f088fce6631aaac1,aa5d0aa3f70ecca82995799626d8d3de402b0576914ebd1d90a1cdabef64f5fa,7d1cf2c4f1ce48e6d5c54beffa3858281837f6600c2cea5de89e694b922f841f,230,782,568,978
318,Gao,318,,,6.85,Gao_0318,49300ea87acb9671c768eaa3a303d2cfb3bfcdd0bcbf8e535fbbf9d21b627ed5,79a9af327ea103eba28cd661ee4a5fbd1877d89cc8909ddb6038947c6ef598a9,af4c8c0e4d3e9d4ae1122f9709f15ef726f7de540c53d85d9c0c2d8a13713537,5c8a02a3025f5f7c9463465e5f85eb625525cd8e2a62d5eb7a1c2eca27b7605a,6fd3b45b13f5ca65a9a4bf70a060fcbd02c53f5760f78931eee1253bb385afa7,813,436,507,979
319,Gao,319,,,4.57,Gao_0319,455038948002712c9980dbf69f6d97c7593fbec7373933b23f476714463bc13b,79a9af327ea103eba28cd661ee4a5fbd1877d89cc8909ddb6038947c6ef598a9,8d21a718dd8c81cadb565052488d7e20a6a5630665afaa6251fb9171e1bde134,04590632dad2798881ef5916a6dbf94e0a9b4338b3971d5671bc5a12c4a447e6,c08d5af94235fd81b785eed4db841e70acd851da588b591b34ea631f9395e4b0,650,23,889,980
320,Gao,320,,,3.37,Gao_0320,e7d661de70177d86b50b57163ccc57c253849400145b150c41ca197ccfa5c435,0200210bcf15d900163b083f37822f819e4cacf358747423834334ad050b737f,900557818cd61d08fd597fc0b24671a5b76af8c872b8ec940be22506a2d24e9f,82727d506a864cf1eea5ea544e2758b7221692b34b6bb45ed4273382ca5f9618,809d1989b87499e27a23c18b56f4788d6889c2a6811d7e7f8b496d25c2c2b09c,662,620,580,981
321,Gao,321,,,4.86,Gao_0321,c7260e62d2baee51f5a52119e8ab07fc5206edf87242ddf6767951c6f71ae157,0200210bcf15d900163b083f37822f819e4cacf358747423834334ad050b737f,2eddc51725d30375727511ea67e7e59e61c9826575299bfef3a53e41bf4812b1,daca73120e96867d96ade0563c023f86dbe3f84722e7ca8b2256ab9ac1815e71,e17e50e310d04e74e4b5fb5ed31affee4903a7920b6cbc081546731fa6c2e647,205,1010,1050,982
322,Gao,322,,,4.02,Gao_0322,6715473cd83f6b682b59370323dc8e288a8906a4bc5772a8964262018ea1a99b,79a9af327ea103eba28cd661ee4a5fbd1877d89cc8909ddb6038947c6ef598a9,c1c9c3c148f4c916654cae139a210f0690660d9924fc175dc09a86a3ffc37615,4541aa1ec168b0be53cb6da61dbd04bcac532194e16cee8552d1785f22b885bd,3eb208b0111f96299489ddeb8a56e794b90dfc797f8d36e88ee6abf511a0c8d7,925,331,271,983
323,Gao,323,,,4.22,Gao_0323,6715473cd83f6b682b59370323dc8e288a8906a4bc5772a8964262018ea1a99b,79a9af327ea103eba28cd661ee4a5fbd1877d89cc8909ddb6038947c6ef598a9,c1c9c3c148f4c916654cae139a210f0690660d9924fc175dc09a86a3ffc37615,4541aa1ec168b0be53cb6da61dbd04bcac532194e16cee8552d1785f22b885bd,3eb208b0111f96299489ddeb8a56e794b90dfc797f8d36e88ee6abf511a0c8d7,925,331,271,983
324,Gao,324,,,3.95,Gao_0324,9da8afe95c3475a8c6889e5eb3a448b7a0fc323c03b0ff3b1818d2fe53f0f850,0200210bcf15d900163b083f37822f819e4cacf358747423834334ad050b737f,69a8ce4b6869de923c61331e7376a61c6cc0baefd2be5be7995bb8082e8f0dd1,780bcdb25ce6281b07f61cffb43b5f8f359a4e148c5473ec0d593c1aa33972b3,ee66f0ac878e5d721e9cbece1baeb1aa83647a4bf61a2a0da14fcab74cd39ef7,476,576,1118,984
325,Gao,325,,,5.04,Gao_0325,c7a19bffe9edcff1fbaa501122071159dff5d590447bf69ca5d6ae9f0bfb5893,0200210bcf15d900163b083f37822f819e4cacf358747423834334ad050b737f,ef80a4b84aec4e884439eeb6572413d205f963e507ba6ef826cb002f6ac38eaa,f5fb165034d30071600d7fec16b09813a5aa8fcc19d4573c3e36f063c228879f,83f3b84e123803396d65a98e096bce1fb8188a813b61de328cc8fcdb8ca578fc,1128,1145,602,985
326,Gao,326,,,6.04,Gao_0326,c7a19bffe9edcff1fbaa501122071159dff5d590447bf69ca5d6ae9f0bfb5893,0200210bcf15d900163b083f37822f819e4cacf358747423834334ad050b737f,ef80a4b84aec4e884439eeb6572413d205f963e507ba6ef826cb002f6ac38eaa,f5fb165034d30071600d7fec16b09813a5aa8fcc19d4573c3e36f063c228879f,83f3b84e123803396d65a98e096bce1fb8188a813b61de328cc8fcdb8ca578fc,1128,1145,602,985
327,Gao,327,,,4.82,Gao_0327,09959a4a7c3edbea799a5515f0bc0caeabeee58f47223bfc683eca038449fc2b,79a9af327ea103eba28cd661ee4a5fbd1877d89cc8909ddb6038947c6ef598a9,67238733ae2efe61f66c8a77bbe0bbffd5425cfef866aeb0503b3bea81507e19,b2e4ddbcc960a31ab1926fd7b81156e3edcdee54dc1cd53686f936f6482534e5,823ad1ff46affdeb7ffabd1a04ff77df04a7fd599f4dc577e2a0697a1cffe1cc,468,810,590,986
328,Gao,328,,,5.39,Gao_0328,a5a38ca921c70d1cb2313c138655e3ba2d7efe2d36c8f3a6162092828d6c9fbe,79a9af327ea103eba28cd661ee4a5fbd1877d89cc8909ddb6038947c6ef598a9,2dc39b76a186a3dd071556e9c1e6ba44f3febe1d761a2454eb25344eacab03de,989eecb51ae3e230edf5f9d056b0c5eafd28d3fd36f177f46bcac97f65bdeaa9,0ecd880601672e52754d2c5b8ed4cb4293086963432f72d920e5f47f1f971f25,200,714,72,987
329,Gao,329,,,0.7,Gao_0329,a633cc3268c29ce8644618c3903134ff25b44b844e1ec73e0b0e92b8a977ee24,0200210bcf15d900163b083f37822f819e4cacf358747423834334ad050b737f,663047c975e86dbf6c044a47d340dc75285ffe5ea618151c149d1de938bfb600,7e729099e73f522bf1113d7db1ad0dea8d275fe8bbd5835e03572ef6929a7474,45e062bc86d1e5b1539e1d8a94ee91e863c6ce95211a652a8de98e08b62f4371,462,603,310,988
330,Gao,330,,,0.68,Gao_0330,8c8298df19599170ef0eef3371112a9565028420052fe977d6bdc9d520fbd873,0200210bcf15d900163b083f37822f819e4cacf358747423834334ad050b737f,1cc55b873fa5f974922c755ddbcf03611fbe6acedbc1dcae5d4b182a6e76a606,67dac994ea169cbf8f7cb8fd42991e3bc96897c7001549e6178fcafb2fd9b90d,e5618eb6486fdb06321be05a11eaba7d77c5846dec1e50d0523c0b0b355bf630,137,497,1065,989
331,Gao,331,,,0.98,Gao_0331,965d82fde0065e069c34abf845d843ac0e013556a2014746d37ac34bc95861d2,0200210bcf15d900163b083f37822f819e4cacf358747423834334ad050b737f,728a65f20e15644305e16f259dbeb2dbe5caeeae2d947fff8dfaf434199b10da,7a4b4d66f2ef9a5061b394917681c2a86f53a8d76bbd5e8163bc3c0e381e2313,8a1dfdb5332f1c8dcfc2ca341b349b88a247d7dd92b41f6ef069f6bbb7ecb4df,517,586,624,990
332,Gao,332,,,0.74,Gao_0332,3b4434c0742e9937fa4934d868648748096f3f5f655cdc2d991cfe119a7dd49a,0200210bcf15d900163b083f37822f819e4cacf358747423834334ad050b737f,74d8311baa3cbccc4db47f4144dd231cdc5c4a539a3858c783f3783a475f625d,8dbb9e2a08b79b5bcdc039aab27dd16367e404dc06c8a20661792845bfb96078,d99a98382c71efa0f0b113285c42f740d1ce6abf412e22326ad702be30f37f7c,528,664,998,991
333,Gao,333,,,0.86,Gao_0333,8dd9371816ab37b57041f8e3a0f126c2943f3a316cb5975f9f6a38bc3c5ef4cc,0200210bcf15d900163b083f37822f819e4cacf358747423834334ad050b737f,affe2aef923cb2bf8027e25a009d04601b125c510de2ca38a28ef81ca72f6fd1,3041ba1dce03f137d6b580ecb09ce01450507968c4f25bbc50014144dc49b6a5,5c471f40e7153edf98a6c5586efe2565cc6fa2c7cd508c0f13a4cf472a975db8,815,242,416,992
334,Gao,334,,,4.71,Gao_0334,c89e65df2314c05124e4c3f20dd3925b2208064fa7b747000606bbe67b8e3a08,79a9af327ea103eba28cd661ee4a5fbd1877d89cc8909ddb6038947c6ef598a9,fffdbdd053b930507556353dba50de9f63a30b6c40449067be8daa881eeffc81,404e0668d30af178bf3d4382034fc0df1eb12adde4d896801ad4c299389857e2,58d87a0561e54012d12912e12fc3f7851510606d02c6a7425fa2ce1010094c2c,1187,312,398,993
335,Gao,335,,,6.24,Gao_0335,f2dc56822190a6f97cd24b74c1b1e6e6da04970c02b59e8b8a68f1a1c0bc5896,79a9af327ea103eba28cd661ee4a5fbd1877d89cc8909ddb6038947c6ef598a9,1b50b7c1fbb81b71fd3f97de6fbb4ab2f7cb3a897d25fdaed71ebae4778cbf30,aa932e4e71702a8411e79ac1fdbe9bf89ea33d6ec8660333e409c0ac8709cb01,314ebed91e4e1ff02494159d3e8487f8a2314c700593d4db05e8be7010789e3d,131,784,223,994
336,Gao,336,,,0.33,Gao_0336,6ced32f44dba03d1475bedb753dd5e684e822148abe49c8c32268ba03e1f6cbe,0200210bcf15d900163b083f37822f819e4cacf358747423834334ad050b737f,8bb1de67da1b14b25bade115479bf9fa27057d867cb61ffd793a769d856d3fb1,b5bf863bf436e431f7c52ff72b8ad9c6bda2c00ddb9bb84565177db469b96398,00d4450f772c3d3ae25561fdfc63dc935bf941481fe058529706cc455c84560a,641,821,3,995
337,Gao,337,,,0.51,Gao_0337,b3deed26e682e4a457175bcd96abccd1b99ec38a7e198d3fa0b56d22b213d6d8,0200210bcf15d900163b083f37822f819e4cacf358747423834334ad050b737f,8d9629f49a6f11fda758efe2203a99713f995561a326389fc3d63af89c675667,e03da326891c09daaf24301d3208d30f7148a5e3adb72b9beccfdbb7aa59c199,a190d6a37dd95c8922a70bd8ec4e2dc4aee0233032e1e59c9bad45b25f258268,653,1030,737,996
338,Gao,338,,,3.66,Gao_0338,b9dbdf3c4e3638807ae49b062390af089cfc16012f44a63b7e40d1fd896dc439,0200210bcf15d900163b083f37822f819e4cacf358747423834334ad050b737f,11b99517d5ad01d252182f6fa988909c6b861ebd5c11edf65081d41ea97417c0,5b99abb4cdbfa6ee9de8d7007f5ccf125f47557470bbf9fc9400de3453f9ef83,d280c881bf716b33d79fbdbbf24ac612e7fa357659b360c4edf0f19db566f414,77,430,957,997
339,Gao,339,,,4.92,Gao_0339,5e381b3c836935fd143fa5215961e8093eaadf0683159903d992a0282fa2a30b,0200210bcf15d900163b083f37822f819e4cacf358747423834334ad050b737f,252393828a8a883d8c256f1d9f17176a9d5c6b86ccf4027f2b6b3e35acca70ca,9ec4d258abff056567849b6413a9c2d055c02f2eab424316f8f91da145dd8d78,babb140fe52423d417b8b71de80adde2efc64c8d662150f63080b0c85e124b08,164,740,865,998
340,Gao,340,,,3.73,Gao_0340,d4fa0da7ee8e40cffcf8d3cf58b5b079c634ca013f1578675ef6d01ea87f6ad6,0200210bcf15d900163b083f37822f819e4cacf358747423834334ad050b737f,6491c15bbde8969c4ffd1de96bf19b34e770ee7587604a55d6be5ddf2e8a846d,79e7ddabe8acb87aa51ef4ede4d4bd1a3b5624b924e058a9df33bdff17a0e911,95117467ac979a561fc7ad725f81f31e0329a41427fd2154e022ae77153286a4,454,583,679,999
341,Gao,341,,,3.83,Gao_0341,582a5a5702b1e77152c9f498195dd36ff0086047ff8df005a6ce26c5e3b4c7a7,0200210bcf15d900163b083f37822f819e4cacf358747423834334ad050b737f,a8a2c57d29606131d72b3ec4f9dec6c2f8cbc8d3e7098e6eab88500f1a1b9cb4,4658f288f844328c2d6bbc32ad7869d75d874865d202872373ada7d048672436,50f30001c268d5f15be198c23d262fa1447128f51ec3fe49eeb4d8d619d8c123,776,338,362,1000
342,Gao,342,,,4.54,Gao_0342,3eab74a82c25a0c56ab0e77cad9cd3da00c7ede9e91d7a346ebbfc5e4513ec6e,0200210bcf15d900163b083f37822f819e4cacf358747423834334ad050b737f,2f88b066903ce914c2eebf492e1c68f200f4ffea41aba3e8ace20bf712dfbfe6,89ac8b0297d5cb702591876d36014077249b336cd1beb9b9b4b82b1787415224,2dc6a0832177ccb84c1946493ee2d9da262884ada9a7b4d4438b7d1ffd6d8cdf,211,649,200,1001
343,Gao,343,,,0.6,Gao_0343,858a0ee57da1501d9a881e0b3f0d51b583c1cac75e33f1f0db933060eea71639,0200210bcf15d900163b083f37822f819e4cacf358747423834334ad050b737f,a513d42b819a3387714b4ae4e896c70e2e1c81b46062327eb99ae6e4cae7f8e4,fcf7c2023fac8fc66a439ebb2bf04a7b1100710683ab8c678b7c0717a70e6316,f26729935b437867b08f64af3376afa9c607b570f69f5ba8029ae0f10a3779d1,761,1176,1133,1002
344,Gao,344,,,0.96,Gao_0344,b62559473f5485f5dd53fb1ef334fa3fb565c1aef7fad57f315dac2882deafb0,0200210bcf15d900163b083f37822f819e4cacf358747423834334ad050b737f,aa1090168526d9d382795bef028450c5f3517b95e013a82e5f5b5ad45587e2c3,adc0102361a6d936f54d830a41c9744ac508d4b4cca7ca9aad1e80c137b9111b,0df3d26a7bc6fbfa4f48045f1be173c10153ab4b459e7a62eb134fa85e75bf29,786,793,68,1003
345,Gao,345,,,1.6,Gao_0345,91bb6e22096fd853944f2c3c76fd223e33bc2376684fee11d87d8c8dde8b1cca,0200210bcf15d900163b083f37822f819e4cacf358747423834334ad050b737f,507c82804404b80101e605324a9034a3c3f04d420c5a4e36ff92ab9201fb3184,9c12304d334ce596358166041b3665b6ae6c9a30e257f70c8e90343b546269b8,b0cb8d13b4b54beafde4a367388275e365cf4ee03047e454d291198894f3e575,372,725,816,1004
346,Gao,346,,,5.73,Gao_0346,fa49397b6b849caf048a3042a312b323cf505fe02f400a6908cfd8a9b8e1668d,79a9af327ea103eba28cd661ee4a5fbd1877d89cc8909ddb6038947c6ef598a9,20a66941e16b4dcd9e05f195b2804f0415dd7def04bbdd4626eaff9338e14311,30297d8858f1855499d811b9ef59b133967e7a0fee95c24178c927599667831a,0617a2f431e05bf6818fb9befbfe1ece214e1bfd521fb4f6ff8ba47cb3dd33e6,152,240,24,1005
347,Gao,347,,,7.81,Gao_0347,22257d81e436c3a85e786f5a25ec0e6f9c68e91f2a22ecad96af162010e828f1,79a9af327ea103eba28cd661ee4a5fbd1877d89cc8909ddb6038947c6ef598a9,40332d72f39cee0743fe210f28d43da063da48f8dcf9689285dc8a5131359163,2e1650bbf1e10ed76da75c06251d66a8382b0e531804f768c1a1640df327436e,13fbd7808004649fe2099cdf379f9235235b0b60fa8d7abb53f81628d7ef4a40,289,224,87,1006
348,Gao,348,,,1.52,Gao_0348,ce937e90c7a7e4220625e879c53d2eb581dfd175a8ff46fa7e90adaada93cfd5,0200210bcf15d900163b083f37822f819e4cacf358747423834334ad050b737f,92e72c2c4e95fb09cf063f21fd863f806efb5741e9f60a489d83d73ec4c80f7d,729f47906e1d137a1991c7f5020b7aaf89b6426c4931134b181334fe65efa61e,5bf2bb1fcd76fa6668cc97d94972aa2994119d00814492801b331272853eb0eb,669,553,412,1007
349,Gao,349,,,1.59,Gao_0349,977c574f634df3bf49ef90ef718497b4bd252d2ec8c02e1e06a863baac8024e8,0200210bcf15d900163b083f37822f819e4cacf358747423834334ad050b737f,eea9f842695826f32d04512f265dacf5558a60a3b749c2e32cc85ba73d678467,f9941c0c0e893de7f9548fa5f7be6388b4bcf29f07024e56c0074985af5125df,8fe18f844c2676d575d755902c92e40deb1a981641667cd8967039155c598c18,1125,1163,644,1008
350,Gao,350,,,5.03,Gao_0350,541e45838aae9a0cc229cf43a4f3ccff5e62ec3e2a397861fe839ae8f98105c3,0200210bcf15d900163b083f37822f819e4cacf358747423834334ad050b737f,bec3f24233da60884004327bc5c76d0702aacf19353a51b763edfe8a68889910,151cd153d2dcc4c199edd22dd5d0c36a03697bdc412cc34b173aba9f7757c91a,a3c20fe20cfa668a6bd99939ef7a1e8aecd2861ae13caf875bd2ac2cb79a409c,905,104,749,1009
351,Gao,351,,,2.34,Gao_0351,d5e922a17ff3c801a073660d65456478314712bbeef2f1dfe6f975b661fe005d,0200210bcf15d900163b083f37822f819e4cacf358747423834334ad050b737f,061a9dd9928c933abc50e8b94e78168976b58abc0ef2854f4743790866a8e41a,269cf1cb53ac76cada7eaa1789a08d9a68bdb6219140aa64a418ba4c1c9f9acf,e9cb859b77df5fcfeab727c9db5579d83e64e26947823b7c4ec0a44b0693c091,27,193,1088,1010
352,Gao,352,,,5.51,Gao_0352,d2951b676df44d8da65615037fdce7c643f75e61cd2b5446569e7616908c12a4,0cc00e1ba2d95fe8288dc072edf395ee6fc3678daa4e12f6703c7be7d2c5a409,b3ebbb061779261b3011fe5e748b6c72ce684c5ba045ce0256ef92f01d8e6f27,6e1862e6a940809cebd4e2cd747948307598ee8fcf1a4c367274f2e452f26470,952d80dbb2a24e29c0f6b7a727507e067758d478b723fab99f2a11a733a75c52,838,532,680,1011
353,Gao,353,,,2.7,Gao_0353,dc930b002dfdc0a76cdfe99b90e41e853c7cb2fb302663c72ef3d2bc2201d1e5,79a9af327ea103eba28cd661ee4a5fbd1877d89cc8909ddb6038947c6ef598a9,ddb23d90596d0f211b9091e47d01a2a58a79d51210889ecb72e66179e1fc7fc8,75b0f94a340bf00c11c01b8bf35d743f34bbed92c7be49b03b0ec8e40b2bc22f,9225e465f7a7e7bff4d86472921a69967639f3243b55d687a7cb700193339333,1052,568,666,1012
354,Gao,354,,,4.2,Gao_0354,b7e50deaabe226743d51f805244fba68d2caa178b9f349e8b0a4e89844e22412,79a9af327ea103eba28cd661ee4a5fbd1877d89cc8909ddb6038947c6ef598a9,0d220a7c069dcff07555e417d680df37f9dc0fad591dabce696995a8114002ed,91ec4aafeb90c47a30c1a1f68a0e50895066549c3ad3515f1c58f1148ea7c412,44a402e11147757e65ac993a4533243d432e1c1b6f97299f407b7e0f350718b5,60,684,299,1013
355,Gao,355,,,0.5,Gao_0355,fb358acc4e0357bce65a598cb737da7025ef498b7c6aece173a9cc5c15b3c5b0,79a9af327ea103eba28cd661ee4a5fbd1877d89cc8909ddb6038947c6ef598a9,cba1229c76925a35396ac7a5078f7d4a81d87a7b477549c1237fe818655919ef,1402f95ba9d5c73ff45ed99552a9f25a6f6838355168eab82d1c2461929e136f,b067cb8cd3ae5163d1f180effca02e6350647ffdb86adea057b2a06c645d3ed0,969,96,812,1014
356,Gao,356,,,2.48,Gao_0356,d5eaabf9ad8d6172d63458db2a28a3b7cd894dc4e619888c6f471fad54dfcece,662249b27f71717e6cd10bc40d9d82bd63bbfc14fed03ba60280ffb003a773e7,88971f5fa937431c1a6f48011a318cb54a13e6b03c147dc555a3a4ced06c635b,8f50659c093320729574874aef90861803fef2910fd9d1bb266e01f391732009,e5164183b1571995ce3edce2f1f096e53c9c66338197ab4c547c863e54e06457,624,672,1063,1015
357,Gao,357,,,3.6,Gao_0357,d5eaabf9ad8d6172d63458db2a28a3b7cd894dc4e619888c6f471fad54dfcece,662249b27f71717e6cd10bc40d9d82bd63bbfc14fed03ba60280ffb003a773e7,88971f5fa937431c1a6f48011a318cb54a13e6b03c147dc555a3a4ced06c635b,8f50659c093320729574874aef90861803fef2910fd9d1bb266e01f391732009,e5164183b1571995ce3edce2f1f096e53c9c66338197ab4c547c863e54e06457,624,672,1063,1015
358,Gao,358,,,2.17,Gao_0358,c8a83680dc390e7560a40d14ff7a48c7e383debbee8c17e2850148328e81d793,662249b27f71717e6cd10bc40d9d82bd63bbfc14fed03ba60280ffb003a773e7,7bd2c218a3440de87b873bd28a7a5546a8e94b5e2761d3ddd56b0a23a956b101,db988d777534b8c7e3fe6cd732a217a0fb361f3f55c952b7617d9cea284d2c73,59077ca3fcaa1fadb49fc8063b44722ae24547c71c7763f80210c79e1b6bd456,568,1013,400,1016
359,Gao,359,,,2.09,Gao_0359,7884d31701e2ca9052664ec2cdde63b09de8bb6ffc73eba137bebe2a401e21d4,662249b27f71717e6cd10bc40d9d82bd63bbfc14fed03ba60280ffb003a773e7,b36445f29c6ae5cc7f7146b49eee7a21851ec6bcd0657d4da12908b642c49292,657d16df18f93e49edc2916debaf5a40c0181fbbb4cc0b7505dc3606321b4815,fce89638c7038a1805057b310cdb024ccd3f15f3b6b74626894e7d6a1e5209cd,834,485,1179,1017
360,Gao,360,,,1.42,Gao_0360,cb2f4fec4e8049d2975ebc2a21c1283852ba5504760d88ee32d1903753906fe1,662249b27f71717e6cd10bc40d9d82bd63bbfc14fed03ba60280ffb003a773e7,8531e2fe5e3fc4cee6c9831de58fa0dbfb49c2a1dbf3bd4184043709e4976765,8625333d175e09cb23b0d4510cfccb5ed466e6eadbdb8d8f1a187c8b241a72b6,5c4220affb4298b3d79fb2be913fb0ca4349976268c3495c59312b16c5da185e,607,629,415,1018
361,Gao,361,,,6.3,Gao_0361,a214bd9888165246f62452050e4d8ad4b322e719763b0458a7092ca734b457c0,0200210bcf15d900163b083f37822f819e4cacf358747423834334ad050b737f,16926b35efc1a380f908c0b388c0789f26e89b146c4c05fbb2a92876312afb30,f4c1283552d8fdd7da163dd79bd116ae4cc8794f5c252ae167b41b7e66ba0cac,b1866f348aa983ffcd9fa20118599c77f53ca733b1a2188d57ab0fdaae70911e,105,1138,819,1019
362,Gao,362,,,7.3,Gao_0362,07d48aa15cbecfc609164455e0727b6bc037c322c803f4d9392fe12fabca4ad2,0200210bcf15d900163b083f37822f819e4cacf358747423834334ad050b737f,3aa8505d7005fc4397d271173b6c1cc2e3583dc7e73e98f2bd60cea00904114c,27cf2f3f5e4f642cfb5a68806f4d5c2b4487e08229bce97e0214b55412cd5c11,8fe44c510f8ad49e3277143de52d638560f8064811733ac2d59cd67463e25b2c,261,197,645,1020
363,Gao,363,,,1.03,Gao_0363,2532402c6ff8d32aa6affa150c1606084121566441644b27e147dabdd751c272,0200210bcf15d900163b083f37822f819e4cacf358747423834334ad050b737f,5f0cca8ba0ee00ba044a213da38448fb726a054b964a3be4f2e7d33eb39444a4,3dee63d7a4265059cecf1a3858644a0905a84a951613025fc992fa41e7d85b41,d843f0e9557ee3d22cb6b270426316ac0a113d1b485391845487ea390c92e953,428,302,993,1021
364,Gao,364,,,0.12,Gao_0364,8578413d81df5699a13647d9a08970788784287b820b62eec168f50e8ab669f4,0200210bcf15d900163b083f37822f819e4cacf358747423834334ad050b737f,996fcc6335e42ab9cc977c0cf7f97e37c580e3029af364769579b63638a2f086,eb075b1603815b99bafcff54a325c65ede40147a1be5f9d81d818405c607bb46,7324f9d623e330ad04f40388bfe470ba1df8b07316d630413bc271b4c5cb6612,702,1083,520,1022
365,Gao,365,,,0.41,Gao_0365,3dedb92f0deedf634e8a055341bb8789ea9fecf1535234db6c4ca3ed89d6504a,0200210bcf15d900163b083f37822f819e4cacf358747423834334ad050b737f,70b84d1491c7428486afe2ef50cc68edc2e3f5690c2b3a37676e7308acbfdb9d,462fe4fd965e587dd51282de73d6442216b88239a856bd5243ab65abfcb5e468,d8438a126b8e503516fd05576235dfb857d568aadfcf5a65e630b348e4149cf2,510,335,992,1023
366,Gao,366,,,2.69,Gao_0366,8e1c901785318866c3de8e9bf86fbc08e26bcc1d1f6acd85d652c0e34bef211d,0200210bcf15d900163b083f37822f819e4cacf358747423834334ad050b737f,ddb0d6ced72421863f7ac19aa237fa8b918927d0c3603a99e3d6cd5d1814a21e,5dd763415f2e92ea86c9a997269e7ec17313a9b0bc512660c40a21728ef3bc8a,7839d9d4ee858a9932d9b70baede7251cea6efdb607976c11beb00469bc0baf8,1051,444,541,1024
367,Gao,367,,,2.68,Gao_0367,8e1c901785318866c3de8e9bf86fbc08e26bcc1d1f6acd85d652c0e34bef211d,79a9af327ea103eba28cd661ee4a5fbd1877d89cc8909ddb6038947c6ef598a9,dfeb578a3ebfc3632e58573af776c630712425e8bc871263c237e19f4a6c192e,8ac0adfcf5d096ef41781c7efcee5cd199b055dc44c318908710ad8811d20e6e,bd6ed8f425c7fa6c22c97ff6ec06080218819d1bb83dbf7b1bcec2ee7d9dc589,1059,654,876,1025
368,Gao,368,,,7.7,Gao_0368,d3ec65425bb627d3c3dc5045a646d1c522c69de2fc910d51cfdebc3bd622da40,79a9af327ea103eba28cd661ee4a5fbd1877d89cc8909ddb6038947c6ef598a9,5e44819331331399b909d4da5c436ad8db161ddaf4ffbc276ad5dd2118643a48,61472c725908bb5e06a25c56f0695456bdd71ca590e0cf0f56bb58b983fde79d,41e76c0f2f22cc1533a8b7eca33cf0a94122e3d58c1699fbcd0e9c2a0ecae1e1,423,463,288,1026
369,Gao,369,,,8.23,Gao_0369,792f1775cbbe0bd4a2538913d2723028e2451833ce6233dea6b72d786de4ecb5,79a9af327ea103eba28cd661ee4a5fbd1877d89cc8909ddb6038947c6ef598a9,75ac7611a9d6aa1d2bd9196d9811bd79884a1ebfb5ecbdfad753611b5d987433,3e9ed38e88eb5325ad92ce8e5970fd8385fd827776279b3b5753632273ab2102,cbc09930db878b37b3f3d7459b742c2af8de754d04b8072f68c8727e2afea235,532,306,934,1027
370,Gao,370,,,0.01,Gao_0370,85834d44c46a25cc188911e1c301ad06e84c951de55f24f130025adf7382b7c3,79a9af327ea103eba28cd661ee4a5fbd1877d89cc8909ddb6038947c6ef598a9,eea08f41c9b1927c57b8aee3ef3a46cee2a3e220b88206121939c4e00fe84919,b820b3a1817975773ed480146e0ba42744262611ef5925d01b38fc26da0c0481,9a722d31720514059fe3c8c9cc286ed246cc7bd9f14fc0c25afe4b3c951d9546,1124,836,699,1028
371,Gao,371,,,5.57,Gao_0371,bb58cf07b183095dee4cea4533fd9b664cd82ab8dc9b8adb4b975d41c409a21b,79a9af327ea103eba28cd661ee4a5fbd1877d89cc8909ddb6038947c6ef598a9,53ee51b12041eb28482d7c7618cf14101c76d7bfdc9f206c54e9fc944ab36241,3257ad906b6932d17a82ebd867ceb450cb9fcf7ec6f919387d4bad77caf72854,4eff70ac0f055af18c87c53fc2e1921f831b43e9d0d840777d8fc05d52cf91fb,384,258,348,1029
372,Gao,372,,,0.004,Gao_0372,a36064b7c1fcb3cbdd1574111859409cca827b84808cd597fb089e222529868b,79a9af327ea103eba28cd661ee4a5fbd1877d89cc8909ddb6038947c6ef598a9,198173ed00c73a28b238ecaf71a81196a30fbed6a68bd60854ae391686c1d1fd,03003ce21e9a9538badeb4ef3c6cdc451035f7b474036cf48541a0d8d5ab6cd6,c6b3ebc6847b6179eac6d3a3c95b1f3da849534b5529cf6086663e38ca38e696,121,16,910,1030
373,Gao,373,,,1.3,Gao_0373,26e29b89ebfee4fd71656c3da19abb9eae0e3acdb4b12d77d6a63ce17b45fb44,79a9af327ea103eba28cd661ee4a5fbd1877d89cc8909ddb6038947c6ef598a9,14ad23bd47d3a75bf1a4b64682c1d8d09e2fd46174abc2816486727b7fab625b,c969c649d03aadea06c966941806f48fff1fc69824512e96c8fd48f518a28f6f,78dcbfcd5f9c417b2226575bddb67449ad32d618783ef44b1c4eac102a2ce895,95,923,546,1031
374,Gao,374,,,3.72,Gao_0374,07a6b269633dc8c91f95dd23d7b674f7b27be6c79b826300034a9b1d6d3e1dee,79a9af327ea103eba28cd661ee4a5fbd1877d89cc8909ddb6038947c6ef598a9,94cca960ce2186ad6e78e48d186085ccfae291cea03b05fd132117323d7605cb,adf13ca56f410b628a8013768db446a8c0107702be1f2a38d064c26cfd5ea07d,fb40619970791e8b8c78222b60bcf7235fd28102a02d63edd564227034b1933b,680,794,1171,1032
375,Gao,375,,,1.52,Gao_0375,e7ad0182c3e3e0da4d41e4e9012d03ff94eb80a8da7fd86d8a7b6ff802a1ad2d,79a9af327ea103eba28cd661ee4a5fbd1877d89cc8909ddb6038947c6ef598a9,b0c1a2f38d715e72f0bba1932e56c4f01da397755a266f154fbd6bf857d9e4cf,c4ced2ffeae740dd80796c8b760c2d3226fc0ceabbd779da15b52809037ac04a,743aa4452e3d49e2cc68c64f53c4cbcf919b77b59fe190644908083dc5b91832,818,906,529,1033
376,Gao,376,,,0.93,Gao_0376,732bd5c647343b697a8d9b70e8dc80f9981cd8b0fd658861a435ae1aef97facb,79a9af327ea103eba28cd661ee4a5fbd1877d89cc8909ddb6038947c6ef598a9,08631eda19f4f86d1db9139b9096c22b76fd609f70241dd6d0fede828305928e,569832aec978f092a989b172815c3364ba6d8fa7de2f2fdf2a1a65fe5361cd68,2331b1c2809e0f33fa7e913ae8a5f96db6206fada06b725a543ffa36836c98fd,36,416,144,1034
377,Gao,377,,,1.32,Gao_0377,d9a52e49ce74df267c59905a8e13bc09fea41f0e59bd94c105b65bd8022b8aa3,79a9af327ea103eba28cd661ee4a5fbd1877d89cc8909ddb6038947c6ef598a9,80087a316546e8fa92b22e47c688ec0c97e181f90432600420f10f4814c9e9f7,53d22ebab0967b36f73196cb5b9dc1a596f770255d4716861811f20cefa04d51,54e6d1c34dca10b80a076f97224b381c09758a95fced535d4e0c280f7f4e31db,585,401,383,1035
378,Gao,378,,,1.34,Gao_0378,7881390fb69bc2de94c85a2a54d0a0a2cc2c56895ea2846463d6d5b63f4739f4,79a9af327ea103eba28cd661ee4a5fbd1877d89cc8909ddb6038947c6ef598a9,75d5c18742eae322e9806659021daf43b6ab84dbf47c493ffeae647e2dba8bf4,425136b6df094a1f35f717d5b2d49236d1f8f21a48d19e6c3992d3f9e860565b,f315c7ec593f290167dda51795b2e5fd5873bb1533664810c9c20bb71a33cc12,533,319,1137,1036
379,Gao,379,,,0.27,Gao_0379,20e99f7dbbb4a489b9556665b9c1d27ee012c5c6c1a6304d5e1e15cc4adbec16,79a9af327ea103eba28cd661ee4a5fbd1877d89cc8909ddb6038947c6ef598a9,9758cadb9f46a4a88831176b36391b5a0e6defc2b10c249271bb96853c0c1229,81342d8ec816778008a21b8c6b1570c4da40de677f4a16677fd8bf49ae9b3d2d,5a5bf132a60e5db02708ebd81326ee4bd203ddac60b5af764d2dbe006991625d,692,617,404,1037
380,Gao,380,,,1.25,Gao_0380,ef994fd777987bad0f8f35398ef3b2bc47278c3e05a4febd79d2474a539fa588,0200210bcf15d900163b083f37822f819e4cacf358747423834334ad050b737f,7767b01b8c0a3accbf4cfa3cdcf8cea3cb6ebabf510bdc0404a8ff06a7e54aa7,32401933e7cc11da497b1b53ef3e2db96f2dcdca72aa5bfe07a721c5615421c8,9482454534d7939102ebd645e3f3d4657f23d7c488009447ae6c33815c6b8ed0,545,257,676,1038
381,Gao,381,,,0.003,Gao_0381,b0bb02823878d95c21fafa826aca7ffff226124061d12ccce540cda913ec1ec9,79a9af327ea103eba28cd661ee4a5fbd1877d89cc8909ddb6038947c6ef598a9,45f6a2cc6ff8a2d577c5c0c6fe053d0c15be948a5278d26248147a55bb6a8c36,a7dc8c580b7d957244472d7c51097a8cd7802bddd48ba485e365ce0e307054ef,c7bb13dc22bb60de32efa67676d401734ab83b3bedbcb7ac530cd23d3cb7b798,320,770,916,1039
382,Gao,382,,,0.04,Gao_0382,36e29334fae21893e934b8d7b7ecfca378aa3972942d5bc6d1f7e1c9b8106fd5,0200210bcf15d900163b083f37822f819e4cacf358747423834334ad050b737f,68d2c2cecebf5bbd08560566e6a6f5bbd3665b986bb6f17f48576bb3d4c83eeb,ba8c7a07e97539637d7219d66775bb2fb80255de26ecbe8c99be3b8a37e3bb74,4c87533d71710f69d308f1c53305979b26dd8f27e3077d0656139150b66acb41,472,854,333,1040
383,Gao,383,,,0.65,Gao_0383,963f23c0ebcb1ed9ce28648437d65ecd71339e4ebcfb2d71b2e70f1c73703784,0200210bcf15d900163b083f37822f819e4cacf358747423834334ad050b737f,7d03a7b8a9629666c6fb36655a04841b12603e897022a20230cac7311d7f9814,4d9915645887052dfb810664744a11400de5d2caa5d99f4dc4a215ad18159b18,037bd76d484a0f084cdc0dd5ad5675c52567bcd35ab2811bf67e252c3558f7cb,573,367,16,1041
384,Gao,384,,,0.42,Gao_0384,9f5315600bd783579316731c5b09ea26d88ef7b93c33fb5f7258a9e5a9127acf,0200210bcf15d900163b083f37822f819e4cacf358747423834334ad050b737f,c452438830045f9656917f0e33440a395030725044287c95454a6b38d3854e90,1388720ec9e9c03d3faf51e9c3eec93a0d882dcf856469f9f32f7b8aad9716ae,0c568a946cf062c6ba57f2cdb35817525e7595b92fff540e191379e44cbe9fb8,941,94,61,1042
385,Gao,385,,,0.04,Gao_0385,5081da9ecbb2ee8c877783a932102124ba602a5183e20cc4b370ffe6d41361d4,0200210bcf15d900163b083f37822f819e4cacf358747423834334ad050b737f,868794cfb23c5c24fe6837c5a2e388ecb246663ad2b53b6a5361603cc570f4d8,0cfa09d3769b5a2618245892bc6981b64fa231fdcd6392dc769432224b729593,6408b26f1dd1317626e3065ebb431ae555c92375d0478e9d18f4709fa3e62206,617,64,453,1043
386,Gao,386,,,0.67,Gao_0386,3336573287cadadea664612a80b5059a164ae7469766f9e6b6b8b30f1979abaf,0200210bcf15d900163b083f37822f819e4cacf358747423834334ad050b737f,2009801adcd0f53334602e8e985f24b330d04822fbad73c5aa6d4bede1b1dbb3,f036cd6e45301f4c635961628fbea869a0856e79b0f409370e6756dff3335d2a,34c51145fa1483630a0d6cd979a8feb6b7636b40b69a33d2e2d95bf0c0e928af,148,1117,237,1044
387,Gao,387,,,8.26,Gao_0387,fcd59c5e1fb0fe1123372c5e84eecdbacfc5c9be010822a693a050ef27359b5f,79a9af327ea103eba28cd661ee4a5fbd1877d89cc8909ddb6038947c6ef598a9,bd15c2e3657e0524cb5d3f06419a9eda442f3727170efcbd876a2a81808b719e,5f6248ed067bca4b2760367433489ddcbcd1ee72ce745b85d5526999fdee0b01,e3a2508d0a21ea856b83693154272435e4b18cf0a4ad223c6c9eb8583ef27e0a,901,452,1060,1045
388,Gao,388,,,7.83,Gao_0388,c25e3117b6bfa231409ec9c9e1824f0cccb63a9c6ef7c5fdbb8c64cd2dfc12e9,79a9af327ea103eba28cd661ee4a5fbd1877d89cc8909ddb6038947c6ef598a9,a6073e97928fe7ce44ff2b7b5d6e873111450d1278ffd33c4af7c85f97f20ac7,ebcb230cab93cd007a54238908f24c694432d9ece44d1ea338cb7922d1846c5a,ca34af8d13510a7a810227fd29366f1d4d067c3db43004c7ca467adc814c95de,771,1089,927,1046
389,Gao,389,,,6.98,Gao_0389,15b81fe42b19c97f9e3b92a0e6639926f1f6a3b8eecd29bdae1d7297ed8dac78,0200210bcf15d900163b083f37822f819e4cacf358747423834334ad050b737f,632fda71024dab01da3b00eedcd1af5670ffe6980c84529a5a7ec3e01d2804b8,a35b5a26c715db6fb6adbbd0f57f8c9c65ba699d24cb0946c614f68cf39258c3,b2f8362923219c70c9d98ac71e83360ee4729dc876076fb6a21498040b5cabaf,448,762,827,1047
390,Gao,390,,,0.94,Gao_0390,aa4529dafd22e181edcba1ad97f0bd698c774b49cb32a2600365a71453ed23e5,79a9af327ea103eba28cd661ee4a5fbd1877d89cc8909ddb6038947c6ef598a9,e4ba810fe649b3f5cc7a7fd06888bf73955ced7810d777fac6917d4a8de85bc0,ecf3ea32c671049c208717755fb90dcb6a09ebf1a4ad6847df7c57c64d1bbf56,8cf04e1b8eb5477db0383756a78a58d1c88d67f2bea4ef472cf319fbe2e4add0,1083,1096,637,1048
391,Gao,391,,,5.04,Gao_0391,4dcf34766d61f907be5c6aa0e303130c96cff50f0d8f53a352545db5d9bf90d4,79a9af327ea103eba28cd661ee4a5fbd1877d89cc8909ddb6038947c6ef598a9,d044400a1af1fbf340e35b87a457991b3f8898dca2314bf4f1f6bfca99b4a502,d6dcb3d5c7a4471fbb6cbb972755092188f7df4ba87c2c6fa9986c6dfcc343fb,de93b85a2fd728dc420c37e50b14980205d743f3722c844093c46b243ecd53fa,991,995,1035,1049
392,Gao,392,,,2.28,Gao_0392,9be1365369b4172e958ea964dd9010a42e73dc4b940de2e20fa6be71f016c099,79a9af327ea103eba28cd661ee4a5fbd1877d89cc8909ddb6038947c6ef598a9,8b61ece768908079dc632f2576c1391e15c4dcb5ee04aeadb2738f4eaa48ee69,8f669ef3249c0b24878d2ecb6886adae52faf402c067e75560cb766b32a7466c,a2d95944eec6452a43b3ad58283e76bdf2a69d9b9f7d87fec4355577abb8fafc,640,673,742,1050
393,Gao,393,,,5.06,Gao_0393,9b1de60a59a242cda29163d9146dcf751bae97e3d330a5672ce11255e8aa4277,79a9af327ea103eba28cd661ee4a5fbd1877d89cc8909ddb6038947c6ef598a9,3964694feac95090c33133a097205f2bd58d552569234b38bcd0c85cff85e436,93bd82cb248d211ecbe2c59796ed2f0e40b3309464f2467ce816949f64998547,52d4c008210684c893d30fe59d8ab57667ea72bc4c1c63a95f214632c6883c60,255,695,372,1051
394,Gao,394,,,4.5,Gao_0394,9f6dbe0f44fea6bda3f7b758f40c8d658396182954973562a6f0d4f9f4129483,0200210bcf15d900163b083f37822f819e4cacf358747423834334ad050b737f,e0a7063e9bcb9f0788a019f43f4f91a4941d17d2e0e8dd802e7764f089405d96,7c63d9e80f17671e4e3aba3a9901d564b928670f538155742f0c1b8ff289235c,bd8a7ca3d7169e352d0861df953c428591c2e7990625c351cb4a7432c70a2143,1064,594,877,1052
395,Gao,395,,,5.5,Gao_0395,261ee38789709f72ac27311ec8f9b2abfb598efffbc34ded8db913cf0c0307db,0200210bcf15d900163b083f37822f819e4cacf358747423834334ad050b737f,8cbd4a5a7849f967c8b23459d8d33e08e1555bfdb952ec810e20fa39eef45b42,866ba260cc78b125a4853d34ae387bc2ccebbd4d5f32e1fced2bad3bf78635ce,d849752da705d83f415c5030fb394a911b4be54d9f4954c24df22e8aefbb7df4,648,631,994,1053
396,Gao,396,,,6.42,Gao_0396,b96b01c477161db9710996f909dfa67e3977b982843539adfbeec6dc067bd1fa,0200210bcf15d900163b083f37822f819e4cacf358747423834334ad050b737f,b272e54d513facb74876a8430725783cb930054fe584b8050b9f323df7685d2c,454d223bc2fd5896bf6c45b008ec650216f8f84b1a84cc04fe9cf1317e40d85c,e4d5bb7459077f7dcd2f7df7a73a139bb86372eb175b0bf507e04b942fb07afe,829,332,1062,1054
397,Gao,397,,,3.6,Gao_0397,97cd569d98bcd4111d0cc19c168e3c0294ffb40133d5267957566c4ab0824b3a,79a9af327ea103eba28cd661ee4a5fbd1877d89cc8909ddb6038947c6ef598a9,3dbef65836cc735170450f5d3436fb23331c1e0b6b75ccdafb0c0787bb924e40,ceeb7048ddb74636262e858d0fbc8a71d075898a4b8fbcebbf3ac44980790517,ea64c819b7e1b987400ce114e67cbe1452b584a86811c37c155fd75be3000ee1,274,952,1092,1055
398,Gao,398,,,5.78,Gao_0398,4cf1b73be53f6aacf715b887bdabad991622ff5819d46003ed520ab04cb926b0,0cc00e1ba2d95fe8288dc072edf395ee6fc3678daa4e12f6703c7be7d2c5a409,3a603f94894e37b8849d5c1906b479255019659a27b09e2ee8243964fdba20d7,b75dbaa415e4305cbc4e919704a938f86a5f6152d841a1f0ca9bb12cd1f25406,a3ff5cf269fb25edccef751bebb99cd23a612500b0085e4c3ce3129b2e65779f,259,832,752,1056
399,Gao,399,,,7.7,Gao_0399,2ec6a70db1a3731ed6e690aada67733005e8913a722278aafc3a921b4153fa4d,79a9af327ea103eba28cd661ee4a5fbd1877d89cc8909ddb6038947c6ef598a9,a87612d80d492bf754570a27f93a077acc37f35feae7fd3d44d41e6a47eabb05,89e805a60b6f0b02a7d0b3f8332fb89772d92291e0c618abfad00968335a00b9,5020b32b34508ff0308db90c1f0d1d3fb50bfeeaca3708ab8cff0850ffefb1d5,775,651,355,1057
400,Gao,400,,,1.49,Gao_0400,b8b7d185b0715af753e532005dd0804a483459fbd4cac88e8d0b8c5c518ad0e6,0200210bcf15d900163b083f37822f819e4cacf358747423834334ad050b737f,e5c55d0f3653c5e937dcaff7f1aa7420ffbf13318e2c31e1845ba23ae30b7a11,caafb488878030cdad0fd43f8d5556c01f89ce89db3c2b75dfd89b3338457a2c,d914f653e9742ef172457883f1cd124cb173d95602441883302624d29246d195,1086,933,996,1058
401,Gao,401,,,4.36,Gao_0401,2c84d395238da6c81467ac04f82774c1a2f37d70ffcc5a72697fe9cb179f3cd4,79a9af327ea103eba28cd661ee4a5fbd1877d89cc8909ddb6038947c6ef598a9,76ce15debc0df08e61f5e9ecf80d2a2e55400b63a9ca763a0da1f52ceda64862,ce747a1be66b9f07ceeb8baa44e4cff1ee48f48662aac652f1829bd9fa76856b,0a87994757159cb0113837a007ad0a66ef2425d5312cd8b248697346139fcd6b,540,949,53,1059
402,Gao,402,,,4.51,Gao_0402,6ca3573a702ae158b351252d1cd065264e25ba14ad129fc947534e985a9746a4,79a9af327ea103eba28cd661ee4a5fbd1877d89cc8909ddb6038947c6ef598a9,499366304050dcf20cb8077812a2d7818eab5373e5e5dae234fe1b5f89e39fd2,55bcb5f756910bf4c6e7c87a0c8528c0c350d520c4add10564b64c27f38b14bc,dc3fab798270a5f31e3dcb187b69f391e4f00e2b5f00a983449948aaf0572bb6,343,412,1020,1060
403,Gao,403,,,6.18,Gao_0403,ab5601d9ce379e8d66b40e15137b79da529e37a8b66812a6947e9407a826c6bd,79a9af327ea103eba28cd661ee4a5fbd1877d89cc8909ddb6038947c6ef598a9,d635b63700b09e6549bc8b015ede48bc49175ce271b50139e0097efe220c5994,b7255a28bda29fa5657e30ea74af7c222a8c99e5b9d1cc4cbdfd667de5106969,258e5295d22d2de3d6e1b8d6a9a128385ab4d2b11d53ad6bd75b1f6e2265821b,1015,831,154,1061
404,Gao,404,,,4.1,Gao_0404,1cb58dc94a561949ca98e57b293fd8209f6f8506e94cd7b62772788ae4bd1549,79a9af327ea103eba28cd661ee4a5fbd1877d89cc8909ddb6038947c6ef598a9,2a5c2657b8821ac8bae20ecf2e410bd7bfe722012ddd2952404bb60b9abe252d,5f0f7db4aab83968586672ee749419b840fd37022194ee09002f3fd704ef7be3,8965c25405b80167b5d8bf624297771a22772fb2734be9d8d640fd0019f3ba05,183,450,619,1062
405,Gao,405,,,2.8,Gao_0405,57f7169d61591625731094fd0b2ab0afc7da6cf8fbfd518b73a9c5ffb6aee624,79a9af327ea103eba28cd661ee4a5fbd1877d89cc8909ddb6038947c6ef598a9,31c42607aa47a7f7ce27963952ce32ecbde8edd903b52b8db4e454ef8cd0dd73,ae3ae1eb83de68b3845b7859c39007cc1ffb7b5717d568bad021c2ee3d16b3b9,2c430613cdf6b7d4fbee1ec3f65eaf9494f2c9d58ce213d37da84d26b9c44c12,220,795,193,1063
406,Gao,406,,,2.1,Gao_0406,6c50e22076b7d27f45d40dbc0ef2fca6bc07a23b7edc8000e61828a29ea7ab6c,79a9af327ea103eba28cd661ee4a5fbd1877d89cc8909ddb6038947c6ef598a9,b38713a81db8ded92b55602b84380eeacb4464bd56efd6862c51df0945c1d34f,3e4fcc185305e3a71efecf27f904a8b7f9de1f21c542afb9a6efc20091b2b5f3,814baa956fe523ec3972c43716f87d2df499bf87127a091c764bbd313599aaa3,835,303,587,1064
407,Gao,407,,,6.02,Gao_0407,b7254d0674e4926c9552f0fc8bbf7875caadc9a2b68cb130bfbe91a8008293e3,0200210bcf15d900163b083f37822f819e4cacf358747423834334ad050b737f,103c6d6acce9887c8bece964673ffdb8bdaaacdd6b5d3eb04463dfaa882578ee,a655d6d831d5ec2621ab6990810584ac30d74d1906b2b84a572ca54ca829c976,61bf5fcf580eb5a6e6ea6b8162cbb95074140b57246b348e74df42b2636ebe46,72,769,440,1065
408,Gao,408,,,4.71,Gao_0408,39eb1e0dea99c197a7cfea9ffb90895a2cff52c14eb2a315c4639db26cfaad7c,0200210bcf15d900163b083f37822f819e4cacf358747423834334ad050b737f,02a615f3f9f35c3a41d99edba09f7b98d39539e09168b4b04b2ecbd45110c75f,4ad70539683f1b679dc766e41453586f37de0b26cad978802c3becd5b4464f11,90cead91e1655cc4092b61f8401916b65fbfbf889ed79f040d11753b91b1a74c,13,356,655,1066
409,Gao,409,,,4.42,Gao_0409,55877d35d791d2c013cb350d51e3f9030d4d7b2c54c6ea7680df75da0ff35379,0200210bcf15d900163b083f37822f819e4cacf358747423834334ad050b737f,197eea33728299885520a3d6ead28b9b2fe33b9dfd8fab62f172af65ac72ed65,9915ec941a8617459d1fbbfc97de4158dceb282fb79920ca8365c1f28739ed09,4adce44d88b362e0d9465e83463e3201a0a979547774b1db8a91ae25d8e0c68e,120,716,327,1067
410,Gao,410,,,5.51,Gao_0410,31c0d5fefe174be47615645e55a760e295c653b60281ac96aeadcc9e830d1a39,0200210bcf15d900163b083f37822f819e4cacf358747423834334ad050b737f,580a7c0c6afc11dfb0e72ef2a2419a0d42f6e254b6c1c95c330bfb29974b1241,99029b0768ffe99e18168be25415a3c2219756805151499ef2e93631dde2211e,9ddd0e3c0276a0e880cedaa49efb8dc5370791b534340781d168c7640bf88d75,396,715,720,1068
411,Gao,411,,,3.75,Gao_0411,93552ee77c100c3cd7f3dfed0ec65f1c6703bd21b51dbf1b32678ffea90befd4,0200210bcf15d900163b083f37822f819e4cacf358747423834334ad050b737f,85ea4e0c65868cafe347e2e48798f238349f378336c163442469daab83394b3f,dfa612ed9e08f9965dd8ce469d036948dc73b6db9b3bb6c0a5d6b5a5e5b81330,cd2566d7290190a6ff487f8c59f0ad26512307867a9c59fa43086b9f7ffd3cc7,611,1027,943,1069
412,Gao,412,,,0.72,Gao_0412,f87100a9121213d79f144d03bd0434fbf7c4807853fc738e4be10c42c730e045,662249b27f71717e6cd10bc40d9d82bd63bbfc14fed03ba60280ffb003a773e7,93b5636dd5dd159287caa6e39352ce74ee5c3ff96671c6587af60fceab0594ee,7fa1695d8088116542fd83ce9afedea523a4b3574fd21a2226be82bfe09334f1,befb907f1bec9701af228e82414a69d60d484960377cfba40dc581628c2edba4,675,610,884,1070
413,Gao,413,,,1.5,Gao_0413,c8f9c4a5cbaadc916219c53484952dce5d6ea8b4b215f531484b9ab09479c4c9,79a9af327ea103eba28cd661ee4a5fbd1877d89cc8909ddb6038947c6ef598a9,0433a2b3528163216155e193e9fa8fd8d70e4f1dbf600dee427aa64c8a7ca41d,55a06f92125e23f2269705d876a28596163cd05aeca10a7296de178ed1e5b4ab,d44c99d81ad72cb80bbc4c1117f88ae6d31a74113f3ab8a14fc912ca2285d51d,18,411,967,1071
414,Gao,414,,,1.8,Gao_0414,e955da59a8e369b249492d0d67622546cd97ebea28fdc589d1b2614178d8fefd,79a9af327ea103eba28cd661ee4a5fbd1877d89cc8909ddb6038947c6ef598a9,20a51c14bbdffd58fc305e7cdd51dcecba21e94bffabb5d049dd11d8acfaa57d,a869a3b2ae6a48c73c096f513a21dc669423ce9ddc8469defa8631b709d76e8c,52d9fcef56bc1843432c543efe03350d25303dc06cf7b3c102cbb579f6027956,151,772,373,1072
415,Gao,415,,,5.69,Gao_0415,a5172e3c28d79bb097448baab25ef5a59cd2a94cb6c0fac390ff992c2c5f340b,b9afae764cb8f6ade853cbac8fff44086d407d103df13aeada8b53598af921c7,6a865c5d02c106c0a671f043d07ffa45a2acd1b3202328883ca95f735b877c5d,554844b8d3b658ce7d7cd5af8576a796b15bf0108f9e252ea9c6bb8f5488fd97,8728ed6432bdde0efb329c1281ec0f61ea6d186c19bea4692f40303152c9b89a,485,406,614,1073
416,Gao,416,,,6.28,Gao_0416,a5172e3c28d79bb097448baab25ef5a59cd2a94cb6c0fac390ff992c2c5f340b,65cbd9711ab8b9355f5ea044e2474f4adcf7d2a4e0ff1e511b27c793b2b55b04,4090313cbd001ef99c90c94df14ce37f465324e03d7426510b5387d4967ede64,a9bf463bb02059a698703fd4c280264cf4b1cdaca02764b8f1e77553690b4718,5206a994b2d03811fe7a69cab69d34a2800d6887eee6ba69bdbbddd6db8ad666,293,779,367,1074
417,Gao,417,,,0.1,Gao_0417,65fea3ea7cce2251304409441f1a058e88f0cbf3597d8f7bf07102f7a619beae,0200210bcf15d900163b083f37822f819e4cacf358747423834334ad050b737f,faa15f1b0b299fb303da1ade387814d1fccaf7ca29941fd296808e675cc46750,9f66e5774659f94948690c7cd96130515d9f3de54c86e5778a77b9a53ed48329,0654fdbd0a19487473b4f9c418fd615676d7b44d9cb4eccd695d5926acb1a1eb,1168,744,28,1075
418,Gao,418,,,5.32,Gao_0418,dcf7c5a4446bf92eedc79473a921c0a4ea351cb45c9aa16f96cf937c2cd41f72,0cc00e1ba2d95fe8288dc072edf395ee6fc3678daa4e12f6703c7be7d2c5a409,1add0418d9545b5bcaf51b224bc8e186eed8b767d15ae05996ee9608b496b44e,f51d395fab19d3707298f567a9612ab68dc4ad01f990765ad8d902fb9b228b3e,c0b09e54f4dfb4f3cf6819c9829c2f1e7205f15b404f5148ffa6657afeddf790,128,1141,891,1076
419,Gao,419,,,6.32,Gao_0419,18a0510bd9c23fd41a1529f6ddb5ebc9ed293a211c7b72f680009290e1dc9ad9,79a9af327ea103eba28cd661ee4a5fbd1877d89cc8909ddb6038947c6ef598a9,25b64befc21404a1eee612e9d596363f76c1b340a341462cabb986e1526c578f,9160407b21d925b989700a0e96f4f456779f6d7336eceb010f5b379ff3811de5,b0c7280cc48319dd0b973b05c0f7c25140d24507f50787a0ac5386cd95734aeb,168,681,815,1077
420,Gao,420,,,7.65,Gao_0420,cbdeabcbf6664015c3234a9b5af61cc00091a862b26fb49526e0a94c247df7a7,79a9af327ea103eba28cd661ee4a5fbd1877d89cc8909ddb6038947c6ef598a9,0c5b4385d343331694c7a0840f4dfe2c79e67240cfedb4a9247dd9117520edec,f8737ef325a6329c193322d915404bdf65e3c424ce24be3e00ff861ee118cf8a,dee77bdf4b6965d017f289fd1b63eee7bafc3381a3fa1615f38d87f60b716c24,52,1155,1036,1078
421,Gao,421,,,4.4,Gao_0421,a4dcc039da82b725fb1b2fad22a622efbf6862ccd805dde203b8061c9f50259f,79a9af327ea103eba28cd661ee4a5fbd1877d89cc8909ddb6038947c6ef598a9,2efd47910ea88b8f190ca26939862f61e38e37b543560aa6e60d7ff8ec5a34fb,5d06326a5e49e6fce17adbe5a5fbc281124b502357b25b20e8d6ea424293d757,d2d926865a7f70429901c89a6b6a9d9c0e992d252eff8d01412d2a97476be78c,206,442,959,1079
422,Gao,422,,,1.82,Gao_0422,97bec8f09b20f18b297818d0cead334579ff7b6113ac1905ab6b270293d079fc,79a9af327ea103eba28cd661ee4a5fbd1877d89cc8909ddb6038947c6ef598a9,71a3858913f878c4ff50f93ff4bd82d24e8b005ed8e40c1f701116015cc15e5e,1a1fb7f06b07afcf63b25b5b7dbc2c5a70e7880b5a39024cd23670d0923a20d3,b4c6071e6d4a317610c3363d02949797574b8d5cd445fa0c33a65dfe46a763e3,515,133,835,1080
423,Gao,423,,,4.4,Gao_0423,8faf1d6b143c4b0de16a8c46273a6af13b329c0dd65c4306b9417a25dcbc6b89,0200210bcf15d900163b083f37822f819e4cacf358747423834334ad050b737f,150269c1383aa6f7dc717d1e939ad72b047ac9fe2290d93367e468e8d6520ec9,c7502c4dda59448e8ef7d35eac6d2222de3307fcfef5602a179199bdb19b4d33,ba4172bc083fad598b8cddc961715adf589621661786c530b33e89adfe995ee5,99,916,863,1081
424,Gao,424,,,2.92,Gao_0424,10b22f5368cef31760abaa25ca840018ab98c24f5af37e814ae9f6be956d2231,79a9af327ea103eba28cd661ee4a5fbd1877d89cc8909ddb6038947c6ef598a9,7e695387e213e271a7237cef0fbbde335b6df56a9464213c7908252e29bd08dd,44ea1621e0cdf496a53d66382f8d3a5a218690e186ba1836006014b69e01a9b5,ba13775ef7fe5adb6af3c0d101c362f7083d06552a22f490154094914084078b,577,330,862,1082
425,Gao,425,,,0.01,Gao_0425,a0880493930e102152a95eabff1b2f2e78d8a3c212cca1f5fea99ee5b1fcc6d4,0200210bcf15d900163b083f37822f819e4cacf358747423834334ad050b737f,eab76a46d1b65d579310cdea7675b3f0e6cfdf42b7e728cef2889c057539bde9,589698a525406ad06a7a4c1185c0b4e74b733bcfcf181de60c8a398391634e50,6e359217337911c3dd4d2233ff88020348cc9ef2ccc284f766485dd0e71672dd,1106,419,500,1083
426,Gao,426,,,0.06,Gao_0426,085933ba7d681a22ec8fe833ee75493bd44213f10b894b90a310e02344573d8a,0200210bcf15d900163b083f37822f819e4cacf358747423834334ad050b737f,9ed1ac189609c0698dad2c221b21b78e63e24545821ebd340dfc0b2ab01d9fcf,24588c9c95b52b46082c59a216adba0fc09248e4db8c3bc475f15c1b200df27c,ea67f39177a3b5c5a0a83bbd6d8de411419ef4134a8ca3d2059caf1d5b53acbb,726,178,1093,1084
427,Gao,427,,,0.82,Gao_0427,79638c18c877c01d17cfbb0a31a56eec0b7de82e7437accce17ee4006660170d,0200210bcf15d900163b083f37822f819e4cacf358747423834334ad050b737f,aaf1466e490c92bd73aeee5e116d95666116e8920d4339b9ba693315d001458c,c9a33c316b47a730ac34f68dd0cd2882f1d34fcd1ff90ec87f1a0bd20613f818,be9287c05dbbcd74f43e8a6bbef2a7851e489668c28b83a815c6c98d404cd2ad,794,925,881,1085
428,Gao,428,,,0.12,Gao_0428,0bac79cec070cf3ae2f94ec47fcb4ff82569fe22117b301e8fbc18d177bebf6c,0200210bcf15d900163b083f37822f819e4cacf358747423834334ad050b737f,16f1521e3cc4284b4b2285e78b1cdebeaf61d1329b293aea9b9afa7b7ce1a728,58fd4d4376f6693fff520b6ed580a14cb46990c4d7723e585b15142127501f1d,7f4c7c6675a8ea05f933cb52c7cf5acb92e316ad2b96236d79b90a7c51efaf53,107,422,577,1086
429,Gao,429,,,5.45,Gao_0429,bef567d806e1ebb61f149ee63bc8493fca8b29513f8968f2edbd1a1563d165b8,79a9af327ea103eba28cd661ee4a5fbd1877d89cc8909ddb6038947c6ef598a9,78385a29c486a34b66d729989902584d7496d1a07645319db6e8594f697da290,fc587dc7339b9f4e309928b35121b064d758dab3dc30a2caf3a52f47bd3cc4a9,7111e4d1ba93ae22e2dac72e87c6acd3f812a93c861566e9462b10e78c44995f,551,1171,512,1087
430,Gao,430,,,7.16,Gao_0430,cb8754f9b973764a867b28d6e8cdc3e7e1343b48375ef3c2548416a1c212d9a9,79a9af327ea103eba28cd661ee4a5fbd1877d89cc8909ddb6038947c6ef598a9,46582884247ebdc863429dc80554768d454947660f1e12a3aca6b60729908024,b42d99687b6b492da4d25b239db8fcbc852d04d995455a2de35ba94de42d73fc,690a332d9ac509f35f031b8488a1e8ff2f783e7fff2e4d485fc55fc399022fa4,323,813,476,1088
431,Gao,431,,,6.27,Gao_0431,c5aaad274cf0611034d03f75b82c67b10f2b78cdfc2c9cf75abe386965b35337,79a9af327ea103eba28cd661ee4a5fbd1877d89cc8909ddb6038947c6ef598a9,bd6eb2a60b170a07c1f26d2c3d35d889da257e57822724c913df953f78853d87,e6f869006e6dda8c81ce2b4e39464215ed8999fd22a1226e2dd2c5a250affbcc,4033a67ded827aafd7cbb5c75c3b49cd006ca82aef1b10c0014cbdcfcdb0d568,902,1063,280,1089
432,Gao,432,,,2.13,Gao_0432,c4ae9baea9ff37eba84d40899e43d736e652c05f3ed3e1e5f22319fc801237bd,79a9af327ea103eba28cd661ee4a5fbd1877d89cc8909ddb6038947c6ef598a9,b94189bea922d864a4cc1bc9811445afe88cfb09812e05abb70bad325a87e243,d0e21abcb42a57c612398ec6d24e13e8eb40f69ea9c2db9de7e9e96c18853de3,2b28a536ac27422b3012951bedd2824994ef9323daf0ff04195159d873bbaa03,873,965,187,1090
433,Gao,433,,,4.2,Gao_0433,f579a379a56c2b3a8c50421e33a47c2049de59bc3f712389e27b6faac98c1d1c,79a9af327ea103eba28cd661ee4a5fbd1877d89cc8909ddb6038947c6ef598a9,d235c1dc7e931ae86dd286d837e0d90cc32ed730a324fb81c09593cce9db3962,e46cdfeb37325e180697f7e5aac1d5b986295c1b4f3bb7a5f013871bff7ea5d2,04aff5ded99f82925f4af6693c6490e44d4542404e61b36d6decdc83ae62e60f,1002,1053,20,1091
434,Gao,434,,,1.97,Gao_0434,358ea263c814ff965de7ce66952a89eb06dcf755eccb4c5c4448122883e904ac,0200210bcf15d900163b083f37822f819e4cacf358747423834334ad050b737f,0304518811ac1e9c326cb5bab5e4091e2e63ca90837e688c1552fabcc5b75b06,bd36edefe7bb1f399b8cb3ebddd0a32f06e8a5213cdd71200c86e1461c6b19aa,512e7b6aa4bc10814afe8269753732fd142443c1f9b54f14f9ee4e0d249a93f4,15,871,364,1092
435,Gao,435,,,2.42,Gao_0435,358ea263c814ff965de7ce66952a89eb06dcf755eccb4c5c4448122883e904ac,79a9af327ea103eba28cd661ee4a5fbd1877d89cc8909ddb6038947c6ef598a9,c9f92acd3a2867be7816a0d0a882c9fb59d5fa027bce32775fd1139917836483,9cc858984f054d48d57fe93b9bfc4e86fa8fc8ad9ee3f114c33fe83e7ac15572,185c4b73437e2f412b226e51d152fd9d54a08dd02b1289ec54a1eae3456116ba,963,730,109,1093
436,Gao,436,,,0.59,Gao_0436,fcc18953d1cba9a91603fa443668944e6881d840c4fef147dcb7c14c2e24ddea,0200210bcf15d900163b083f37822f819e4cacf358747423834334ad050b737f,6e90645f48b0c48c526b2e7992dabd29588136a3933adad0d08da4e1da00adef,e053cf1360aec56f8f3f40521fbe46b12561e6c5bd1de700dc27c716a2c66687,935233f1e1ca25905518c6bcf78086c3a81ebc052178a0c0763f0a6c3bd174a3,500,1031,671,1094
437,Gao,437,,,0.48,Gao_0437,72495b8daebf8c340ae2d29e24c06a20372c44192c6a78893d2251a053a71dbe,0200210bcf15d900163b083f37822f819e4cacf358747423834334ad050b737f,a398776910af2be153bdf61d54e448e2c5246c279e166c9e6caca04e12d87db7,a1f47fbc1c7dd10cdac8310e74a19538576768c3787f2b2d9242e3193585d8ad,f6a0c622f46339e41e83d624e9a9fe275b00ec70aa5c6cffa4f9a367dd6ceffd,758,757,1154,1095
438,Gao,438,,,0.4,Gao_0438,f389daf6b0c476cb3666b723eba275ca5e6aca4608b5200408c21b5231d4d783,0200210bcf15d900163b083f37822f819e4cacf358747423834334ad050b737f,5dfc9a019aab23664a6148dd91a7718c5dbb2d77da6d01b8646ac3142d1732b1,8814a6c1973bfd587126990565e38990c85ec12b8b1f88bd831b06b3fa555fb5,6574054c0d4e9dfed20849eaff582b96f3ac386578493f15c9fda891027470ed,421,639,460,1096
439,Gao,439,,,2.64,Gao_0439,9f82ebbb1abc9d5e183db8f8c739e564a16b8224708ea136ba19fd63273bda07,0200210bcf15d900163b083f37822f819e4cacf358747423834334ad050b737f,b4171d8a23a60530c4129e7931e96f539ef167008d072c33a3a9056bed9052a4,1735a26c530b48c3b6becd6dbfb7a1d642c813a5516e5d7bb248ee121f0210d3,ed85784ec49a7e9939b002f0e388b15595fffd8d2b834af93163de7168ae15fc,839,115,1115,1097
440,Gao,440,,,2.31,Gao_0440,9f82ebbb1abc9d5e183db8f8c739e564a16b8224708ea136ba19fd63273bda07,79a9af327ea103eba28cd661ee4a5fbd1877d89cc8909ddb6038947c6ef598a9,e851ed4898742d6740341ced03a8748ec6aa98e31f7b8cee492e8fca7866c7af,14c29c659f2b0cc4c8460098c8edf0e8e22b36f37ef87229bfab8f3c2b57c4be,e5d705b4cf826d11237902e5fd6c3dfa77604491af4ebf3645d519f8fa7ddd4e,1096,102,1069,1098
441,Gao,441,,,0.05,Gao_0441,0553079d5336bae39b773b4e4b39c7ca23e3d399f69b8329dc62dc10503e600a,0200210bcf15d900163b083f37822f819e4cacf358747423834334ad050b737f,0dd243a7c26e04bd51dd40f462f79bbaedf674a6d896d482a0a1e2c16c5d4642,327429a1b0862028d557551374d342a0d62441ae2d287496b33f0f6cc38a81d8,e114b1ac9a25be021e2362ef5f1df034c3ee43a3d49efe375d47dc2c5df48744,66,260,1046,1099
442,Gao,442,,,0.02,Gao_0442,ac3f23a122b79575ca97f7a6a9bacc2f635061afe5ade9bf819d102dfe638fbb,0200210bcf15d900163b083f37822f819e4cacf358747423834334ad050b737f,dd919336100679abdc6e1ed5f43369a7cc60e9c5d63d621120c9ce87f8006e21,193aa97bea8c74d4728f69340ee815165fffab17f88434cb3955463da4c856b7,3edb8791b2cc8ecccee42bcbf3e5ff72d5e8a0f7df95f56bca7d2a2c5779f2d4,1049,126,273,1100
443,Gao,443,,,3.53,Gao_0443,4291763919a317dc4144446a746c0166cb764de2ceb2fceed6bf69644178901d,0200210bcf15d900163b083f37822f819e4cacf358747423834334ad050b737f,cb392e0865b2472f80191f8e4f710578c7fc0030785f542594353067cfe4c18f,44cb5b3d19008f5773473156bf84678e4b6e51fae8460b871f86a7d02a59a140,253db9582fb2351d934b9ead01910c6de184c1cc6b6f97b1982d90c4fbe55c19,967,328,153,1101
444,Gao,444,,,5.81,Gao_0444,97643ed1bd7499d9bf23c7881ee205d1da929fcddb1d09fcfa1657384ec60a22,79a9af327ea103eba28cd661ee4a5fbd1877d89cc8909ddb6038947c6ef598a9,17c953b306b21e1e939635c97bf58c5df39cdbd4b67fe0279b0354ffea006a1e,a223e3492703b719838449ec09d0cb7c5103935b343929af8b406de54feee754,9cc88e8a5c237c668c5ad1982dcf122c14e09cf9496dc76388c2f736cf7c0255,112,759,713,803
445,Gao,445,,,6.22,Gao_0445,97643ed1bd7499d9bf23c7881ee205d1da929fcddb1d09fcfa1657384ec60a22,79a9af327ea103eba28cd661ee4a5fbd1877d89cc8909ddb6038947c6ef598a9,17c953b306b21e1e939635c97bf58c5df39cdbd4b67fe0279b0354ffea006a1e,a223e3492703b719838449ec09d0cb7c5103935b343929af8b406de54feee754,9cc88e8a5c237c668c5ad1982dcf122c14e09cf9496dc76388c2f736cf7c0255,112,759,713,803
446,Gao,446,,,9.08,Gao_0446,219dc7a54281cbec062aa98e3c45d0274d62fc7022d7089832fc79425bd9e794,0cc00e1ba2d95fe8288dc072edf395ee6fc3678daa4e12f6703c7be7d2c5a409,47cd2ca3652424120fb4345ff83d72afec0c5e853ec2364d704a7d573b8fddde,a065716af22b6bf619c9f03fa6a0e192e8b628bc29e69957b1272e413b9dc66b,e151657e59cc83dbb98a6e73913620d4ac7289cbe377ee9e06aae6e4de465875,336,750,1047,1102
447,Gao,447,,,9.23,Gao_0447,a0d7dacb17a2edcb807094d8c0bf88ba764a719abfc2ce4d17731143a11793c0,79a9af327ea103eba28cd661ee4a5fbd1877d89cc8909ddb6038947c6ef598a9,35b5a2e4819c4395cbcab9bb00328113c4607a2bff7c93e261a4948370fb78c2,2042935d18d4db23ff6d7f8a896f814ed6fafea4aa75caee88337ced9b12f920,97fc99d0c6333349f8b11c2e6fa42b3109ef3beb4ddb43f8167164144aa972c3,235,155,689,1103
448,Gao,448,,,9.68,Gao_0448,33342c6d2edfd7d61d569f21152569767b7d536a7d89e655b1d9e30d75920e92,79a9af327ea103eba28cd661ee4a5fbd1877d89cc8909ddb6038947c6ef598a9,9d17f886535d117aa187aac46c7ec56640a250f759f26c8427f76d79e540596f,c4eaae05a878413ed65c5280aa642724e42ff7b4140818b70f4c9bfaa2248314,828324eb0f0d6e5b2d2cb0e2961dcf0c2ee9d37b01a432eede3eebcf25d6b664,716,907,592,1104
449,Gao,449,,,9.87,Gao_0449,501b2aab8fd6715163223f46a3f4f1a7cc32504ae79df6ba6e164c2e875c4bc1,79a9af327ea103eba28cd661ee4a5fbd1877d89cc8909ddb6038947c6ef598a9,7ea90e1ac41f5379dc1c2faf632448165b3a862103eb7a86698ec301f36b8a99,e1792afd112804ec7a01ac59e9d7e15834bc61e69df4818b37bb921c79dc08fe,f75cf98b5a756e28f0d9c5161b25123a3116163fca237b9eb081130ae25116c1,579,1039,1158,1105
450,Gao,450,,,9.89,Gao_0450,155cd05d90b21d998a59b1337a0865bfc866088b454b75420bfd7d85167a6888,79a9af327ea103eba28cd661ee4a5fbd1877d89cc8909ddb6038947c6ef598a9,d4002ff483f634a57fbc7c7dd851b485578029c39ff231d20645d74df1eff776,622be026012c596d7cd99637db9a2d8ab4a75a6399acf1dbf47b70f34401dbf2,e681b879573c482dd95b1fb89860db24eecd5934dd060fd7b3031ef30aed36b2,1008,467,1073,1106
451,Gao,451,,,7.35,Gao_0451,63d3db3b42565db9359a2ff5d6afcd1672fe08bacce89e6168af993c65f06b9b,79a9af327ea103eba28cd661ee4a5fbd1877d89cc8909ddb6038947c6ef598a9,b43ff70d327b79045a4c5d2ef25a31ff4f53111c84f47066bbe15d73c01cef3a,0984f3250fdb85b4a0532e3950a1b0e7ea28ae8ec19e2dc6cce9a38db4686572,6b0557b8062472fc74d2f46b0f00c5448f50f824e57634eb11e72f612bd0e811,840,49,485,1107
452,Gao,452,,,2.19,Gao_0452,37f43b2d8c33a8a8c30cfb293c8758a25d5433b707b5e8e137370f1792cfb007,0200210bcf15d900163b083f37822f819e4cacf358747423834334ad050b737f,242e700e026c86b3bbe19e2de36deefd956a103d7aa930e15b0bd43ada2a92b2,4681d8970f908d2d8f8a8eaf6e39c638a763b438d508c973a8d7293ee81ffcca,95411033ac0560b90f32b0ead027706e6dbd899b6a50b55915054c505cab8013,162,340,681,1108
453,Gao,453,,,6.42,Gao_0453,166b2d281759d2a5c0e27cf35cfe87f9600a5244257bcdbf2443abaec83c3a42,0cc00e1ba2d95fe8288dc072edf395ee6fc3678daa4e12f6703c7be7d2c5a409,c4b9ea97ffdbb7471771366a5333abe2754f257347c9a6595edaf4df250d6bab,e299978f1619b69706fd1f3c4838cd96b8d06d107ee99a474431d14392076b7f,0247d075e6d640e6295e66b72b67f76ee29ae367a9cc28dcdfa4f341f6369e36,944,1045,11,1109
454,Gao,454,,,7.62,Gao_0454,524ac92b1d27eca839cdd7c2e7a9f6788488adc3871e7b0a19c8cdd2a3a0d4de,0cc00e1ba2d95fe8288dc072edf395ee6fc3678daa4e12f6703c7be7d2c5a409,863cb9b4494ccf33e9954c4121fce567f7df5b4bab60a80600235cefd3038c03,06afe0d4bf32b9b87a5a28daa567f4f2abb4a2a8fcc5eeb1eba113d396d8a5d0,3d693226930e1cb697eaeaa98bf1c36e60771e381528759edd4926b4352272e9,614,31,265,1110
455,Gao,455,,,10.29,Gao_0455,c6d359d197739e5092747f1b9842e570dbcc1719bd84db166594d1ddc75cab31,0cc00e1ba2d95fe8288dc072edf395ee6fc3678daa4e12f6703c7be7d2c5a409,e569e386b10736a3ec03fe0f28b4afb1d09f3f83e9b0bec1625ce8436dd3dd79,c1b16c33f783eb724aed25ba01a64fb3b33c74441a41fb0aa2d0955889845052,b9f6e35b77109bdcce9fa51ca2f9b76a1bd4dd453fcd8b9c5b8f80fbef154d38,1085,889,861,1111
456,Gao,456,,,2.28,Gao_0456,2711ef2b1b345bef177dc5e98454d1d12f6e5643840c83e2a14f1f650f8dd234,662249b27f71717e6cd10bc40d9d82bd63bbfc14fed03ba60280ffb003a773e7,ed7d4beb7cb1c511224c60dba62e88d9b99b48989b6f3771aba22c03cd011e66,99cb8a370f9cf87cae7d6ae09cf61f7044b7850dea41f79a7c25a7e57d645f20,09f9cb8d16a1dfc424d4b74a91c13a04ce0e39ff672eb7bedffd089f3fc541f0,1119,718,50,1112
457,Gao,457,,,1.5,Gao_0457,2711ef2b1b345bef177dc5e98454d1d12f6e5643840c83e2a14f1f650f8dd234,65cbd9711ab8b9355f5ea044e2474f4adcf7d2a4e0ff1e511b27c793b2b55b04,a52e78f0b74ae7b31cd29e8c32aecc799802cbbea404c6d4320607655a33074c,4a7db36c98f892b47ae39f42c5d938bd54ff0ceb0fb885190d0ce1abb47df1e1,eccbd78832a5ef2848d669d780d1ed3fd34a6b384bc0ea36cc5106642f91c17f,762,354,1112,1113
458,Gao,458,,,4.02,Gao_0458,4bed881ec4f5fac3c4cb20c02860829b6ecaf4ba2dbabc1e5542f3d108aa0bbf,662249b27f71717e6cd10bc40d9d82bd63bbfc14fed03ba60280ffb003a773e7,dca657da144eac3c68585e3e8f0cd2e0a291fa18066e309128c40915da0592e2,610c0c2267663927ff9caae6feb94beabffb6764fed7fa5d5ed0616edf431863,b523d7a044f9674ee5e8169ead30f6554550ca9bfe3820bad06ddbdc4b58c2db,1046,461,838,1114
459,Gao,459,,,3.28,Gao_0459,bc5a8d406db88a9ff379b66eaffa68f391ed8641b5e3a55b6cc9b22f921d959b,662249b27f71717e6cd10bc40d9d82bd63bbfc14fed03ba60280ffb003a773e7,49656ae2e9d72c1432064f645de55e1ab4dcf3da7ab18bf4f3cf0b869db6a2e8,907828c141a879def7bbb1b8524fcd1ee703255c7b9baf28a295ad5ecbcc7653,613604e117935812f0b686439aef1e3f9911940fd651554215926465b5930480,341,677,436,1115
460,Gao,460,,,4.74,Gao_0460,a7478c66628088d6e87ae2924c6a2ba2badbb0ce424e96d28364dadd1c9f921e,662249b27f71717e6cd10bc40d9d82bd63bbfc14fed03ba60280ffb003a773e7,d648a29ef462c025fff18a24e6538db659cf2fc465970534ef183eb0201e61b6,0917dac68c52569b1343fae1abfd58b53581a2a1fd46e0342aaa195f9caa7cb9,7b39a3b1dc27c1bc95b3c84905c597405d736796525b67680d0125fdc016002e,1018,46,557,1116
461,Gao,461,,,2.36,Gao_0461,5be11316f34be900464912ed56f2f6f37cfff3a9d3cf631b54c2be80966324ba,662249b27f71717e6cd10bc40d9d82bd63bbfc14fed03ba60280ffb003a773e7,66c8a010ba4a7393045217398cea28efefa0d937d04ff423210dfa65fcba8366,2fa99939b0ea052aeccf9b94414e51780e0f4b1a3c06514d852eaada5bd938bf,9f1c666d44242ba98e61a969bb3979f49f30fb654949682aca7b387a9a23a075,465,233,725,1117
462,Gao,462,,,4.52,Gao_0462,2acdc5ee83c492080016d35dd125833a33a283bdbfe9daacf7e4e36d0f9d3995,0cc00e1ba2d95fe8288dc072edf395ee6fc3678daa4e12f6703c7be7d2c5a409,7d5852a3aab13fe38417e77b7fb797f9f41d73b362348de7619ffdf5331d5d46,c04b7ddd248142a0c3d5c11830298dc2b848f7448ac3aea47470673e57d4d015,8f8fa6c6dcff142df7a7508029c3e38706213cdc69e1565e32d789ae56f08e62,574,884,643,1118
463,Gao,463,,,2.79,Gao_0463,1b1f01521440d2339758dd706075211bdd2e612bfcf249c63826da56cc2444da,0cc00e1ba2d95fe8288dc072edf395ee6fc3678daa4e12f6703c7be7d2c5a409,3f9efc105eaa572101ce7611515ad85997aba91ec64f2a1dc38c7c74fbfcfe49,0a7791600ee1f94c35e7f1040e944b82df75eb5b657b4ab24f4707359f8cfe9d,c8eeaa5c95b530af610d91a18748ac77ebe8be5ce73cb5130f9eb830724575ac,286,55,921,1119
464,Gao,464,,,1.04,Gao_0464,548e3f23500e9d95c6852250de7824874dba335ad0fdf7098565d180ee19d219,0200210bcf15d900163b083f37822f819e4cacf358747423834334ad050b737f,c8cb5a921ad3d58dd8afd1a891d5b8e91e275ef99f98462b10b34e5f77b8d41d,104131685a4d5aef87ae4387a80b0a384ca6725f6111cbfcaa7394765e3c7742,41262a332f3a255582ba12c5fe914f6219b58ee3854868160fc955b98686e546,959,80,282,1120
465,Gao,465,,,2.45,Gao_0465,cf2789b080781e73794e48d9bc0c0922fdab74cd01afb31ffddd501c768e8afc,79a9af327ea103eba28cd661ee4a5fbd1877d89cc8909ddb6038947c6ef598a9,50b23b6d941d3bfc187e907c51f07718a39aa4c3ee3343956872abdf908764c9,ddc77971537931ac0d13ae948229a0301a3c80089dbc1b2fb1cfa2ce1dd9f431,68cfa0fcd845d44158e68a3a7337175488f2f76fb7fca550350aea6e81aa056f,373,1018,474,1121
466,Gao,466,,,2.57,Gao_0466,6fde34825f858f6a9d3717074fd34f3af5c948d7216dcc9aef02c6ef82e1c286,79a9af327ea103eba28cd661ee4a5fbd1877d89cc8909ddb6038947c6ef598a9,70e174fbd2248350d5bc0ccf5589afaf17b5b47b664dfe77a572180f9b4dbf0b,3ac388607ee1fef415220d2b881b215ef83e236ed2d2dae5f7e553aa531dbe69,dfcdf228d3520aac6661fa74180713350d4d2c555f438d1a34082114fb630b41,512,286,1038,1122
467,Gao,467,,,2.7,Gao_0467,98f88a52f5f8d1e93f0547afbd0dba75d379bad324fe9fb9827bc5c6d4e60047,79a9af327ea103eba28cd661ee4a5fbd1877d89cc8909ddb6038947c6ef598a9,a8e66417a77a35316479057ec0f75f995de44ab606f48969386e656da0cb90dc,97daec806a327e6fb20299d02d86f0dda1255252cd2c3127349d1716ba781722,484380397c644ad93c75fa02d97ec4999edfc41f9ae5b12332494d227afa86b9,778,711,323,1123
468,Gao,468,,,5.5,Gao_0468,a96cae50cfe3b9f7870141b7b62342fb5f3a137efce2b6de46b7b75d7a282cf4,79a9af327ea103eba28cd661ee4a5fbd1877d89cc8909ddb6038947c6ef598a9,2cf41bdafd0c77c4d751f9100eeb8d4007c6330c3f2dcc7c42f592ba9471e40a,299cfbd08f2172ce97cc4171f37c6677c0d8fcdd776c4cb2719b89a4367cb3fa,13300ae9a3f8807dad8afa255e9cc7035ab8d1d1e7a1dad80abfcae45bbf5f2b,196,202,83,1124
469,Gao,469,,,4.0,Gao_0469,b00a9a6049914a1a3dbe7a85466a9fdf75e05b04823666a429c24b7278143097,79a9af327ea103eba28cd661ee4a5fbd1877d89cc8909ddb6038947c6ef598a9,7f435fa36b73ac2e50b1eeb301b55f4e18d9cd5b55fa82d69e792a97ca99d7cd,ec7c81d0882c514c24b215bfb8550a38d04d662673f2e0b7a23f8e17c8a47e7c,d3e29479fe33ce8abf2be5b358f40f837b6ab4d1e92816e57b9275ebe16b6ba6,582,1094,964,1125
470,Gao,470,,,5.8,Gao_0470,436a15943bc7924792b5a99305b767261908f0e51f66380eb27bfe9466700fc6,79a9af327ea103eba28cd661ee4a5fbd1877d89cc8909ddb6038947c6ef598a9,bc12141ebcb96a44976c403839c90cc865cae80c0c5abca5cfcf61d87a0fdc48,4651c8fad95edbff57e81f18df79be0edf4332e2dec5a496609ba7aba2d8971d,c0a10de37cd8471cd4b2c6e3fc107f9be810969a4c176a1660d2d4f5fa0ec524,891,336,890,1126
471,Gao,471,,,0.59,Gao_0471,5467263e46335d95387dfa363067419d9b60b2e20d256a0e833d331e060d9a0e,0200210bcf15d900163b083f37822f819e4cacf358747423834334ad050b737f,ee6085ce84b082aba932333615ea927b6a199eb5bdd9f38751186640a5274d1e,6fa52ad23f02418a1de925a527ce9c6f9b6e8a0924f695022696285e9742492a,1eb3da2beac615b39f25e3dfddb79a0b121f57a96d0d744f2738ba193411733f,1121,544,130,1127
472,Gao,472,,,1.23,Gao_0472,a13629204c12f05d3760260276f2c54db497ca2a53aa62e94126113df8f9bd79,0200210bcf15d900163b083f37822f819e4cacf358747423834334ad050b737f,a072f6fc751070e3a452f8339535aa6ae43f06376165232be2685044aa7eff18,2e3745e8dcebbd453ab9b06ac80f922fc524ed88d641a9ffc7f2314bcd05a1f6,8fe45b279373fa46b5ffd81b6829ae9389ee405c69ef0f686f2fde1b36e9f3b5,740,226,646,1128
473,Gao,473,,,0.7,Gao_0473,5467263e46335d95387dfa363067419d9b60b2e20d256a0e833d331e060d9a0e,0200210bcf15d900163b083f37822f819e4cacf358747423834334ad050b737f,ee6085ce84b082aba932333615ea927b6a199eb5bdd9f38751186640a5274d1e,6fa52ad23f02418a1de925a527ce9c6f9b6e8a0924f695022696285e9742492a,1eb3da2beac615b39f25e3dfddb79a0b121f57a96d0d744f2738ba193411733f,1121,544,130,1127
474,Gao,474,,,1.33,Gao_0474,1e9718515d7d38d0ed078c0549e7f56cc362edbd2786b42b5a2a440ac967b715,0200210bcf15d900163b083f37822f819e4cacf358747423834334ad050b737f,14aff9fca0d00ec10457e70c18b83caa3c87528fc48bdf2175e043b68c5f1eac,226a9f11ff9890d28d73e77fe8e084041f607b95c9471d445a3d9d075df10517,7eb2bfb1ef19c112a0ebe583c614a29b3b3b03d8c5c9bf72aaa1671621dc62bd,96,166,575,1129
475,Gao,475,,,5.69,Gao_0475,8272d7f5eed4a57a98958a9ec070a0bd39afcde42019b38c4c6aeb0e7a26e720,0cc00e1ba2d95fe8288dc072edf395ee6fc3678daa4e12f6703c7be7d2c5a409,ba04980204275fdc8f568360159a2ffdcc72200dcf79d83236cc3e82f3f5869c,49d091e95bb5c15196a1684a36df953d322a2b34361a0a87cc67e22491adef09,6ca75d3ded769570221350921f3d89962b2ea67f77d7c01f712ce5ee5211ef4a,879,349,492,1130
476,Gao,476,,,7.4,Gao_0476,e46932aaab68e0359048d8f4f3f028af39e3ace1affc329eaf1e0f7ae95a06ff,79a9af327ea103eba28cd661ee4a5fbd1877d89cc8909ddb6038947c6ef598a9,3eca28e08f07fa465e302b1ccedcf42f9b16c09019c343adf3531bff336daef5,2cc9a9db83f76a4755907d9a1d82851acae3a38d4920d87621372b06d5288b31,645b0e9557f8fe7c3d65afa35e4244c2342d04356540f2043f12b0f7bb856159,281,211,455,1131
477,Gao,477,,,4.2,Gao_0477,e46932aaab68e0359048d8f4f3f028af39e3ace1affc329eaf1e0f7ae95a06ff,c67b311bb15a63b3ba415d55561900d7ceb1b98a023b73169bbc1070d1a6b7d8,a5ff494bafca0b83c1b7bc60bc2ad6da82afd8a6e4460198bf6a306ff002dc24,e62922cc67c1ddd896a097f39377bc035867d449f2e61ee5fdeb73d00616f68a,3c547f65b88d3c651e5ec73c3f4e844326e8b392a2f7b94420fbdfc513f2fe05,770,1060,261,1132
478,Gao,478,,,9.2,Gao_0478,f7a0bbf71a903dfffa1bbe1b912638f02c4d9073443b8d30ac1d9470ec972a26,0cc00e1ba2d95fe8288dc072edf395ee6fc3678daa4e12f6703c7be7d2c5a409,7333c0573a4999e50c075a0e52d3a1828b575d69181f9d615ee9083a71178a93,382cd2ead0ace22458124ded935a463683752fb1f506fa2e648dc710840c1ba0,3359f31a4e19bad64e10e9192a7a7c4adf0dea1e771c227e12265bbec0eeda60,520,278,230,1133
479,Gao,479,,,6.87,Gao_0479,49f6e31ae0911172ad158e457fec17c1add4822222f090436bf3542c417c386b,79a9af327ea103eba28cd661ee4a5fbd1877d89cc8909ddb6038947c6ef598a9,632f45adba75e7954374c31cd08c23ce4c43b5091d8aba5b7294a05765c27096,0011069c42da5873385a345a0c9e2d994f686213f1e28d8d3b2eebca77a544a5,7b1d3f65b84b876d9f8ec27f859be0f70276b3ffde204c5bb83500cb2ff116c1,447,0,556,1134
480,Gao,480,,,6.63,Gao_0480,49f6e31ae0911172ad158e457fec17c1add4822222f090436bf3542c417c386b,0cc00e1ba2d95fe8288dc072edf395ee6fc3678daa4e12f6703c7be7d2c5a409,3e7375dcce2ae718ee83377c639d9eddade5b895321b53e1f91785398bfee6c2,08dac01ba5cca409ded9137db0f64b0509efddd60d5d6e11004fcbc926ce72b1,285f790b3a5c9f8decd550af569302e0061db4b222c2f03b4bf05e20ed0667dc,278,44,173,1135
481,Gao,481,,,6.84,Gao_0481,6353f322ee14e2295a5901d6047dcc92f52bc84f6d07d8582570251482ef95f5,79a9af327ea103eba28cd661ee4a5fbd1877d89cc8909ddb6038947c6ef598a9,5974f50dce3b9e5cb37f2238028e11750c4901f8de307c46842b779fe04b0367,1552268f1c2615929be7ced5329c5e64774270c5bcca0d83e1c0ada60b75017e,fa38ccd02da744a8d013d9016725d9118c16dfb211a40750566500b6db6cdc88,402,106,1166,1136
482,Gao,482,,,6.51,Gao_0482,6353f322ee14e2295a5901d6047dcc92f52bc84f6d07d8582570251482ef95f5,0cc00e1ba2d95fe8288dc072edf395ee6fc3678daa4e12f6703c7be7d2c5a409,460140e62048d945e70d7bb472a96de92f8f68b7dbecc4c052f11e5beafcf7cd,6faa9c154a206f4bd7ce8b631ebbcc7413788bf26140f158caffba2a408408a6,3f3557f00b4d34cb73e53d5d29bf330d71de242f012fc7851be7dc99dd0c963c,321,545,275,1137
483,Gao,483,,,4.8,Gao_0483,c7a19bffe9edcff1fbaa501122071159dff5d590447bf69ca5d6ae9f0bfb5893,0cc00e1ba2d95fe8288dc072edf395ee6fc3678daa4e12f6703c7be7d2c5a409,72c780f2722b8c117a63fab5d1c4633b65af87d131d182262dbbd006f5030102,fc53d2d75ce765fe1a33066925a8eff8f71eb320c6b009bef5a38da0a9704b39,1c9a002e2dc61dec9e2abab4675459eb4e17836ca3b4a12afc12ba1722c213f9,518,1170,121,1138
484,Gao,484,,,5.48,Gao_0484,ede5b4930cbcbe42b0706c316b04740f35f4d89f246506361f4d887bf051205e,0cc00e1ba2d95fe8288dc072edf395ee6fc3678daa4e12f6703c7be7d2c5a409,d298e6955f619517e87bab06a8d8f6515a1526c00ac4a4d31e92e06dec046528,348fe6b5d187381263a01498eda165d7405353ce335b9ded12e16841ccc88e50,64a9c41240710277d41ae6ecbd77b5984aec37b755c67d6f7f8e39ddd3f45233,1005,267,456,1139
485,Gao,485,,,3.02,Gao_0485,efc847c490630a6522d98c698c2e42a320ac5836e8d0f15d8125f2b86015eb80,79a9af327ea103eba28cd661ee4a5fbd1877d89cc8909ddb6038947c6ef598a9,ced14e1bda34dbc2886bc22ae7e11ddfc0a86d7bccf75ff567171a188e425434,0c1fddffc394d4027e5403161dbe37c40a4e9027e54b0fd2111bab11abfdc7ac,7c0626de9b9e864efbd81b29934a55530ef70e577cfb61cfe9f32461aeb040cc,984,59,564,1140
486,Gao,486,,,2.0,Gao_0486,5d6501979d62bac79a0139870d57c4020c46411918d531648aa853fcf9589e94,79a9af327ea103eba28cd661ee4a5fbd1877d89cc8909ddb6038947c6ef598a9,fd0cd9fb56c4ab2e84953df86d5210c077a4442b55f92650274d326666dcfdd9,a4ff624d5ded8213273d602e8a4429b8f9a7ef0fd93ed254ab0104aa1499d071,557e62e0ae2e444795fd5ec765ba5529610db45ec69a48bf0b25de2a6a16319c,1180,765,386,1141
487,Gao,487,,,5.7,Gao_0487,32245f0414851f94ac3ee66c9e22fb9fdff876e056c6f6351fffe4137e987d99,79a9af327ea103eba28cd661ee4a5fbd1877d89cc8909ddb6038947c6ef598a9,3ec17df4b8f18ca8d934b91724f97447af12da636851f3b6b5c99ddf635bf3e0,2cf4b4aca282883c61a9f138dc473f3cf03e30d59810f55a2c1d6c15d63d39ca,c3b2ddd13ad90ed0ce160354fbee66088fb061bb102ee3e50ccacde66782911a,280,215,900,1142
488,Gao,488,,,6.7,Gao_0488,735a6167a2956d6bf867f465195103ec2bd4f324fce7482eb803bfdf9de718c8,79a9af327ea103eba28cd661ee4a5fbd1877d89cc8909ddb6038947c6ef598a9,94c1b0f6adda2831a1bea79479159d4d4b593e7a2844ff8087e367586c204acf,54fcf8fd95f29fc4d0298bfc0a88eca554e31133afefb218f1621d1f77119605,2b53a9c00cef3923b9161a6c0bec47672e3d10fd6401a0194f20b0af76efc17d,679,405,189,1143
489,Gao,489,,,5.0,Gao_0489,735a6167a2956d6bf867f465195103ec2bd4f324fce7482eb803bfdf9de718c8,79a9af327ea103eba28cd661ee4a5fbd1877d89cc8909ddb6038947c6ef598a9,94c1b0f6adda2831a1bea79479159d4d4b593e7a2844ff8087e367586c204acf,54fcf8fd95f29fc4d0298bfc0a88eca554e31133afefb218f1621d1f77119605,2b53a9c00cef3923b9161a6c0bec47672e3d10fd6401a0194f20b0af76efc17d,679,405,189,1143
490,Gao,490,,,8.45,Gao_0490,274147d0bca93f698c7bbe368e79d8748d3a3157e38156b7a1fd80706786a99e,0200210bcf15d900163b083f37822f819e4cacf358747423834334ad050b737f,cf01f7985ee039a3456ec3f70ea0d5e09ab36b1b8f370d1847a0c9da28bdccc2,e0f5ca1578252e4cf16a165bc54fe1227743fcf01a63ea932054b9ee25030706,bacd1bc7fdd71acc5f0bac7d6bf7b2d8df07d7bdc9bb2bcc68eaf361ef850079,986,1035,866,1144
491,Gao,491,,,3.13,Gao_0491,1f00ff366bd2c5f9c74cc5a561a12209f0ab0fb14d06d709175825205964ea25,79a9af327ea103eba28cd661ee4a5fbd1877d89cc8909ddb6038947c6ef598a9,0cd29f157e7e2f6ca781b8f2437b116befefdc3a2a304ef22611dacec49c95c5,d92945e020f51eef28550c4047073dcdeef5b40f7850126aa079f94c64b02e91,5743bbbb0db92d769f604c2fbf856bdf9bf8c9c7d9c97d940006826a38bd5861,57,1005,390,1145
492,Gao,492,,,1.9,Gao_0492,665a0b9cbcb55eebdc035adcd3599929c260a2fa31e5b8fc51f33d2c83a60beb,79a9af327ea103eba28cd661ee4a5fbd1877d89cc8909ddb6038947c6ef598a9,6d55ff9fc1be2303ec937991e50e60121a367acabbf72d5cf3bbad30879b86a7,1938d587325033fe3133f898bfa966cba869d5459ab1f4bb40d82e6b7a8c545b,a9edacb9c1d7ed0e7464b61463e49ea2104219e453eb5cff3127d20eb97184dd,496,125,782,1146
493,Gao,493,,,0.7,Gao_0493,ccbb23796b570cbb263bab2b0414d43c86258ea155439cd9f5f6359f2f46d3c8,0200210bcf15d900163b083f37822f819e4cacf358747423834334ad050b737f,da43aacfd0b0dafb8213ea3767436122270318f77754330f200a50ee4482908a,cf72d9b8407557e1a56b8d6dcef5c473ea0923ea8d98b715b5aeb5389bf885a3,2ead352c7c40371b7b397cc9744a199efcbdc22d8bdb3438e69bf2aeee156acc,1033,954,211,1147
494,Gao,494,,,6.19,Gao_0494,47a3f93a048c151c49aa18f64e1834c41c65f6ab4d90c5ab6887e40ef52ce901,79a9af327ea103eba28cd661ee4a5fbd1877d89cc8909ddb6038947c6ef598a9,413315b4bc912f18d74c9648cee71cc604e0580e688564b6ef01e998133a3fe7,d3f444397293ef1feca2f0c7336425ee05c2b21d78d9559e34bc6a14d0b4bee1,0132f84cc81d96ee812d33ebaea8c48c4f5535368dc59b8e66b8f6920822f4e0,297,978,6,1148
495,Gao,495,,,5.13,Gao_0495,219e19360cd217bf89ffde118ae63363bd13d0f34ab355450b9bd214005bc349,79a9af327ea103eba28cd661ee4a5fbd1877d89cc8909ddb6038947c6ef598a9,4154ee6c2a08d351d5ccfbc2f6b7b5254786885fc9c62328eba86f0bb6bbf7ed,302e7de5c87fec6be6333595453d506925e1343d7d3967826d41998cffab4917,1141106b5c413ce92cf9550740d775f64bd1fc61bd4054c9b8004681f1be05c8,299,241,75,1149
496,Gao,496,,,4.8,Gao_0496,f15cd42b4fdf9a9bbc4553326bf407c507d137b185755e7ec9173797fdf4bc77,79a9af327ea103eba28cd661ee4a5fbd1877d89cc8909ddb6038947c6ef598a9,60c76cb080fe12ff0e20af1d6be24680cd93f24b1c3b1c7e5cc14da55fd09604,6dfbd66deaf6655339d22d248d371ac52720936e66adbe3ad02f7b2c0cd5f73c,2bb0edc84c3e2e2642e7aaee317a7b1c50ba6a030b33fd2ebfe0baf1d0e231ba,435,531,190,1150
497,Gao,497,,,3.16,Gao_0497,b5bf5f8361a448f6149e35acc0e61744e0e6f1b983dc3ae6bdaafae268113813,79a9af327ea103eba28cd661ee4a5fbd1877d89cc8909ddb6038947c6ef598a9,147109ab34d009dce5116d4cab9dc9d438b0e0a7bb973ae163b3002dde7595e4,378e1bb7bcd801280cc7db7966b8a17863704ea28b0fb8b1c4dd8bd6b9311303,d53ea511a80b7cfc073b07094664e0e341ee6ae608433324df15b4fb5519f3cd,93,275,978,1151
498,Gao,498,,,7.26,Gao_0498,956d00c1abb0835a7cb5e337c0fbcd41b4c8679a130ba71ff3a1099539cd33de,79a9af327ea103eba28cd661ee4a5fbd1877d89cc8909ddb6038947c6ef598a9,74201d2d05905b904d1f1f60d53cb75d1171485ea9099014918ba6971cc15e87,1ca558c8bc82ab8b8cf69218d6f0df76d985ac1461c2b7275db6c519270fa769,eac98674c70e82022f3c5d1b9b4560217653078d34c5031847e9c6290f1ac6f6,525,142,1099,1152
499,Gao,499,,,0.51,Gao_0499,49fdf26c613363d0fbcf4f849600f9b8e3be069d2ea09858fb29fe95ceab94c3,0200210bcf15d900163b083f37822f819e4cacf358747423834334ad050b737f,01b3345e8925f00bcb63edabe06920fa8761417b19c4ea141568dbfeb41f8884,75f19cdf2a598dfa42c92a3bd7e5ff812c7022543b072ed9552c66a70501d8ff,2e6d1c6bc6e4236b8565b0e59a704a77c0768b2bb198e3623fef2d017896ce8f,5,569,207,1153
500,Gao,500,,,9.14,Gao_0500,1f4f14da4675914bac80924620bafbdfa594a8b284bdcd640dc0b919fe521311,8e6a13bb59fadec7c01c97377532e60f6812eba5c6ab9196e52704d23b89aa88,3c4fffe9bc7825caaaad3a73eb514c566b68295a94ad5c3cb37c0a07c141bc86,b47103a283951e6519d1aafa072a029f49f53f6252b52d83bfe7afc781b981f1,fb2f3e6c6ab2a1f7cbfcff4c601833071ddee78bd79490e89959c21df02d7452,269,815,1170,1154
501,Gao,501,,,5.88,Gao_0501,1f4f14da4675914bac80924620bafbdfa594a8b284bdcd640dc0b919fe521311,79a9af327ea103eba28cd661ee4a5fbd1877d89cc8909ddb6038947c6ef598a9,5c88a54eae499a35b616b90ff72196822d640add8d5a554f3fb3ef23b6d90d20,db0809c178ffdcf259988ef041d2328412995354e55ec6024134aad67eaa5101,f769dfd51ec09dace391e442acc4be8a9c0e87446aa8cec60feb607bc9f49983,415,1012,1159,1155
502,Gao,502,,,1.14,Gao_0502,46544962b98e5c81620071b527e7b5e3a372c5c71898427503d7b825122e0b1f,662249b27f71717e6cd10bc40d9d82bd63bbfc14fed03ba60280ffb003a773e7,95e7aa58c176c114f8ec5015f370124582e05921040d9a2451968322e14c79df,ba290d204a7c8bbe6eff32b12265951855492d73e5b74e57fe77d5c842899f08,ff4cb6215e8e819627558a697eeac9aa53fb62dbc73479aa924edb6308322d6f,685,850,1186,1156
503,Gao,503,,,1.26,Gao_0503,b3a44aa03d8c2f71995650db518b8391e03ab6d5b19c008898d00098ee49032e,662249b27f71717e6cd10bc40d9d82bd63bbfc14fed03ba60280ffb003a773e7,6a0b39fe42b6bc1f56f37ddcf08c46458070b99bcf9a0b488831dc22523f734f,f3e29e38647f794be13ba6a64a59b6a447ea1dde22de6a20f5768d874142388f,b0170fe6ef8118fd09d68c0be0f40ae180bc34ba19c0809b5c975d57ea4964e9,482,1136,808,1157
504,Gao,504,,,7.2,Gao_0504,fa90eb7389021084032763ce70f5d342077b1a7b181b6e55ad3f504a8ea5ecae,0cc00e1ba2d95fe8288dc072edf395ee6fc3678daa4e12f6703c7be7d2c5a409,bca6d0f5ba2aa0371311a2ce0eef9b24d01c752da706955096c66b6eccbdc677,14ebf1d3df6a984277af8c07d380ba2b47408391541baee5e3d2af8c42efa083,70c0eb599120ff235326d68c302a639df12a9fa82c543e2cdd4ab35423c4465a,898,103,510,1158
505,Gao,505,,,5.23,Gao_0505,3335b52d5ec40d620a19abbf5736861dd738cd454dddbda42236cf0489b63b19,79a9af327ea103eba28cd661ee4a5fbd1877d89cc8909ddb6038947c6ef598a9,7f37f7ff430b7aed038c7f935189051e5fcb3ed05e0ca97a08f9e35ea115401a,c4a40333da8ecdf487e2c6bcc18572db230a0afd73506190324e7b755480017f,82ab376265ec3051520e8ec7014498b1ffea374336409bd9093cc0ada693418d,581,904,593,1159
506,Gao,506,,,7.21,Gao_0506,a809f6b54723fc711160be75ccaad9f4dab10cdce6d824884c9a4f5d3e5e95b7,79a9af327ea103eba28cd661ee4a5fbd1877d89cc8909ddb6038947c6ef598a9,6676caf9c345b320d5a17db64f13b832a7f5f59d1529c51d35fdaf71a38bf005,431391346f3657fdd7486b26afdc5a8e59a0c47275e5815448b402c7d89d9157,2400b6f8db42888bbdfcc061d6c0f91770968e5ec3423fe10c6f32f9cef87794,463,321,147,1160
507,Gao,507,,,6.11,Gao_0507,42858c2244f9728ce07ba1c400549379626a0d2c2f01682c767f95bb13e5b547,79a9af327ea103eba28cd661ee4a5fbd1877d89cc8909ddb6038947c6ef598a9,d19da06b189e298ab36115785d4434428f60916d3891a7d72fbba3c0e775ee4c,97d49793dd6cf6021dfe998f9cd13d2f0168f52c8bd926c8583769c6cce8bd2e,e29621026e8dfc930def37b7659d9c798a4e012aa7c5a43492367b845a47f2ac,998,710,1055,1161
508,Gao,508,,,7.37,Gao_0508,1e22b0d748409422b68cab7f032790eddaf99b8056c2b7c418e81660a43cfa8b,79a9af327ea103eba28cd661ee4a5fbd1877d89cc8909ddb6038947c6ef598a9,142f6a1eeb0e75817aed3190a20966b7422f9312c79d91fcdcd0a1cc5241383a,f9bbebad98462c50f0cbc43b055256f9a93c5e2ae96a48e363391672a1840ccf,c982b97123c23cd4f09df23aeac45b506bd9780f9cc64f6d0e1399614e4936b3,91,1164,923,1162
509,Gao,509,,,4.72,Gao_0509,de1563f4bf992f3fb4d5b06f77a45d5e2b815eaf1310fb9c8eb179c5422dc956,79a9af327ea103eba28cd661ee4a5fbd1877d89cc8909ddb6038947c6ef598a9,661b08ef517125c3210d80a7945447ae2722c48e70b3146b18a3e825e44c9486,e25a70a9076ad1dab8fff66d575df3900bcf42fb6a8f796f177cbd75f0546734,2a9ce0893ab4ac6f046c65720f441b26ab0ad5fcac27ee286ea38c76f5125437,461,1043,183,1163
510,Gao,510,,,7.24,Gao_0510,b5d5a579e55b39fde6c8c75f104a2d26dda63d24b8d56511d9a312cb1da6496f,79a9af327ea103eba28cd661ee4a5fbd1877d89cc8909ddb6038947c6ef598a9,d68526ae9cdf20660ee57771c767f534d6703f0092dc0ca34bffdb8efa08d4fa,bd1b548fecede6800d03fcd06a97f270b11826d16879f542480a17a1b6206e21,b6157dbba3a8f463a5faedbb17428ec6292a8405ac2d01e69cb9a55571ce3137,1020,870,841,1164
511,Gao,511,,,3.76,Gao_0511,d0ff251b68f752179f5a6b17efe15e3f34f341d1386938df890033290eac821c,79a9af327ea103eba28cd661ee4a5fbd1877d89cc8909ddb6038947c6ef598a9,9821632b97e3456e0d72578169675d1bf172b022e32b24e352d02a8e94a77412,b69748606764dd7c48f9e52f4ede20915e9fd9392d0b636be822dcd4658fa4e1,626cb70f87a85154e11b8a29f5ea6de9b36271a066e96d3ed7b9e162e879fcef,695,827,444,1165
512,Gao,512,,,5.54,Gao_0512,019ae9becf46c0eaf944e99f907ecc7c91562d6586d250173ddc9b57449f164e,79a9af327ea103eba28cd661ee4a5fbd1877d89cc8909ddb6038947c6ef598a9,dc9c757e7f9235979a3914ad6a2bb4dc869902d0659533c02e789416cf29478d,eee1778fcdb8f063cb062ba80641f8152cb54b3c599509de542002f46f21ef03,4b851495dccbf956bf719ebdcb6310c335f5f8c84e552608a0b2fa2d7836970d,1045,1111,329,1166
513,Gao,513,,,9.14,Gao_0513,999517be4db4e43bc1a6734774173e365da1b5d925e485e4d2a29fe48bc12299,79a9af327ea103eba28cd661ee4a5fbd1877d89cc8909ddb6038947c6ef598a9,d4ceaf9c7d4c64d3d2f76f071552bf6baf2b37bd08bf8633a528a0c8200252ba,e2d03c1c74e925950cea0e9883aa46eb4913cc799155606cdf7e45ef3dbd1919,5e1ab6e2a3bdc63f48a1592c82f3c0f751529ab53301127a484931f50645e397,1011,1047,424,1167
514,Gao,514,,,5.7,Gao_0514,3236424f347b1f97de1d8b61fbd46579645db67edd3e6813d9867b86b4f8a9b1,79a9af327ea103eba28cd661ee4a5fbd1877d89cc8909ddb6038947c6ef598a9,46088b9129570256911817b484c15bb17eaf72f21037b5861c64ca6c9253fff0,0e883ef9bfbc0f7815eca7aa1bdd95f08157113a69a91e68ec90572a1790a9a8,97696e3002fccf044a1d1a33ad5a2e3b1de12c36961532e59c6a094b77feb148,322,73,684,1168
515,Gao,515,,,5.43,Gao_0515,2e8ab46fb5e6474ad16953895e5537bd6d8c70e984edb2fbf06810f9ca0bcaf5,79a9af327ea103eba28cd661ee4a5fbd1877d89cc8909ddb6038947c6ef598a9,cb7993b2c77577af905563cb3efd22a61d3676b1ae461ed11c579d2020b0064a,f017a1832035af63580099ddaa2e9f34c3dd4ceee5f36a8c948dfa71cbbb482a,076e286793f85df124e0932eaf2308aa5ff8d1b9ba43579bbba9c44c7ad0184e,968,1115,36,1169
516,Gao,516,,,1.46,Gao_0516,cce760d1bdf06d16927edb6b838724d202fb302f371916e2fc0160e23b8f1c71,79a9af327ea103eba28cd661ee4a5fbd1877d89cc8909ddb6038947c6ef598a9,eb764d5e7f4d16e0e28583b4b3dff6998848c8e4da857e7c2677cead2622e5c1,d9aee649c9e957f640df5e63a01f8ff95bea417d792b56e8f2a49656697c451f,72800557770170fd9cd6a7d79069de5cd1933f85e4139c5c8be1403bfdd00c6f,1109,1007,514,1170
517,Gao,517,,,1.91,Gao_0517,d75753d4f6be48bd3e3b5f712a75bdec3ecd0e390c73d3dbc6208c75acf0d469,79a9af327ea103eba28cd661ee4a5fbd1877d89cc8909ddb6038947c6ef598a9,9299d9cdd1eed0347a074805f8b76d05a3b9ec9c3e41d5bc5497d75ba794ecf0,8e8a8574d67bd5ee6396b5eca77bba44528fcbebc20ba17fa2cacfab2353da89,c3db63fe4965a9dfb207096b7f99a11f52d580009e09b76800abfaa1256031db,668,669,901,1171
518,Gao,518,,,4.58,Gao_0518,595a9f5ac24b4536942709d803eb29431c74c1332e0cbac92914fb0d44e5cf32,79a9af327ea103eba28cd661ee4a5fbd1877d89cc8909ddb6038947c6ef598a9,4f11ce6e09012c608e9a0836906f08d6e95722371df4194b9accc22a77f6aeb0,f5be39a122784c869607acf04360b749c8c77d0cd57488f17d455a990f065302,7408414f74a5c2db0eab06dfbabbfda7ebfcf3fa53944730f39e3b1b3ddb4460,365,1144,528,1172
519,Gao,519,,,2.03,Gao_0519,012be3771d6b9b32f9c76edfe4e5930a82fa6561b925a0787ea8b25f04969695,79a9af327ea103eba28cd661ee4a5fbd1877d89cc8909ddb6038947c6ef598a9,47741eb4f8e01f6e8e8888d3cedd6dddd1f84b633e2c491b9dfa2450a46a3271,236ec14a52b074fd57e5e1c47ba84fef9e549c9913ba2283a02adacc72d00e60,688ce516d273a6f62ac48bd9235d7309f89e8c113de94f0757e71722a0706936,333,173,470,1173
520,Gao,520,,,4.22,Gao_0520,3e3e21e6f8a6469a5439fa14275bd0531125b5f3557509e52b990a7ae5061f79,79a9af327ea103eba28cd661ee4a5fbd1877d89cc8909ddb6038947c6ef598a9,44764eecd4f5baf509ab6b77403a0cb90599a73bcec315ba26aac037251e0429,868005220faea49b51cf6905b708dcab22f8e0eda2fd0aad17f744ba39cc4070,d9be382c8f0ae3b85ba5021fce12946e13d25a16325ca6289e32a1c795e50ea7,310,632,999,1174
521,Gao,521,,,4.5,Gao_0521,616a353329b269c30b05664f3b93cd84dcacc4db66bfc783e4b79a9aae83625d,0200210bcf15d900163b083f37822f819e4cacf358747423834334ad050b737f,12019b3d9bcb8480ff36b295b4264cf634d1e9d23797be4986f000163eb53c6b,08206ec0cc804f1132ffd0fead812e6aa542abaaa1533d8b2d1d0519edbe839b,1e441e22f14e3780bad759e7f08646de8e2f6e9060f9c2d5bcfb12f7b1c1346e,78,39,128,1175
522,Gao,522,,,0.65,Gao_0522,a53e0d15fb0e9d536aeb1159838a96c5df43de9756b0978e05aa5a9d6d017c5b,79a9af327ea103eba28cd661ee4a5fbd1877d89cc8909ddb6038947c6ef598a9,563d680a3b97fde30c4e5329db3e2bd11ef07b031433ee7b1c4508ef20f05e27,bf46dc51bc0c07d460bb811b780726924750c9ab4f4912f31a5b2e2301847aca,bee1dedb47903408ff77b28e8381ee1433f2b61c162d18fb54516bb76d852992,393,879,882,1176
523,Gao,523,,,0.39,Gao_0523,14a93b9dbbf9ff4ce38a4e8d15be3234d9b0d9317f4c645c663bb650638e26b0,79a9af327ea103eba28cd661ee4a5fbd1877d89cc8909ddb6038947c6ef598a9,3eb6f8b61b36f90d7b0628fbbd81dbe6f59a168201d0804ff1a9273ac004eb42,32de52d88c7577fb2db3c76ce8ce4113c09861975828a768119d652f33bb368b,be382325e8795c6f8654e505518e9233fde40bb4f42572f80bb3ef9489cd8a74,279,261,879,1177
524,Gao,524,,,0.53,Gao_0524,69ff3b3ba0b53c430e74af1c6942dd5319ec254064440723fa27a4dc0e5dd195,79a9af327ea103eba28cd661ee4a5fbd1877d89cc8909ddb6038947c6ef598a9,18383e1a7d7bb0afe2f0d7011ae3742623b958ed0d7cbcf7fa6909e879fd0752,9d8f3fb80339803d4722485e5246b9c8126b930788696f27792c4b747fa89b97,4db3087c616a5f0655599b321113c6ccee70307cc7bd6560fe9e193ebdc6acba,115,734,342,1178
525,Gao,525,,,0.39,Gao_0525,502f7c6e255bb1f9a458280bf2a2ea1a10762063a7ed3f52eb21a29333ecd7ac,79a9af327ea103eba28cd661ee4a5fbd1877d89cc8909ddb6038947c6ef598a9,5703457e5781d804d2c43b81b021b558d0fefc52d5927f7f715be6a04ea11021,48633287b9048ca68a5d32131351f53fc4d1111b401125a3f20467246c92fc75,ac077d7af19518a727272c2031ad6114531c8ef6b02424357a5f0b939983d36c,395,346,791,1179
526,Gao,526,,,3.12,Gao_0526,25f0753fa5b40c1f20c572aaac35fd0b22267a37e23657635d83daab6bf99559,79a9af327ea103eba28cd661ee4a5fbd1877d89cc8909ddb6038947c6ef598a9,18b13c0f76ab19c0322b3e2f6a730826f2b98d74a3a156bf3c5200303e3da1ae,6b58369e227892243d86fab175fe1c20f7fce7b93c39325796194dad5b81e314,07414f8a720fe11d2ce022c206d48f666355acbe131b4d85cacf8b0e43ec097d,117,521,34,1180
527,Gao,527,,,4.58,Gao_0527,d96ad6acdddd74183f063bb3b12a59187a8d1ffe4abfae07c43f2a416df67c91,79a9af327ea103eba28cd661ee4a5fbd1877d89cc8909ddb6038947c6ef598a9,f73e90c8b819a80de27470e17e5361a51209734fa3deaa75d9d60a9002a48c02,3c99008a3a2227a704eb48d7de7a8504ba751d6efc5514c7b55ec9dd18a3f696,c7ed626e9016adc8fbd327094f98e4923865dbcab3648ca271b5bd1ca7ecf16f,1155,295,917,1181
528,Gao,528,,,0.61,Gao_0528,71ae2fa56cb3be30fc5041383244744e6fdb4f79a738ff0756ee358a10982266,79a9af327ea103eba28cd661ee4a5fbd1877d89cc8909ddb6038947c6ef598a9,c1a09b3a82a88a7dccf1abd4abc4d0623488b251cd7c3f081502ebaab9daf2bd,2e43564f8ee70695d7a060381e8f4dd1a6034296b0318b9cb747a4f231d797ea,314a969296204a6275105eb7b0ed3460ea8247df542f3a743c3a39c37024d3e0,924,228,222,1182
529,Gao,529,,,7.8,Gao_0529,1dd23687e60bbaf055b3b4e77db17424df4410cd8931c6bd554fa3ed61dda416,79a9af327ea103eba28cd661ee4a5fbd1877d89cc8909ddb6038947c6ef598a9,e94d8861767abc728c29d9db750c6c90082baf3299e07df3b62207a956a2cf0c,6994fbebbece4f3b5caec89b6713488a41ae9ad4cc06bd3d8a9efe8dba21b111,557d1abb7da4653b5e3975b512f87047792ba2fc43472b70a3deed3a3157bd62,1101,510,385,1183
530,Gao,530,,,4.5,Gao_0530,e72f281cc50999b0c12d6ba8ba1f41629ec64f6e5965d3c552378e1c8d49394a,210877c4b04772d8b326273494450f9eacce726e6f980ba733b1f8e765600eef,989ff6e855e6fb87e42de27e9ace5b5fbef2faa8066de95f789f4d5032fe0b4d,38299c52a15c728f507743429d0da96a36c0f2730ff3224168b13eb6409b914c,00888d9808e8c48bf4445cad94b977a6d21eeef99ccab84ed37a0faa56d48a76,696,277,2,1184
531,Gao,531,,,4.3,Gao_0531,e72f281cc50999b0c12d6ba8ba1f41629ec64f6e5965d3c552378e1c8d49394a,79a9af327ea103eba28cd661ee4a5fbd1877d89cc8909ddb6038947c6ef598a9,e2faabfa2b7046f170c0421558b83e91184f0d7e33a7ab6afad4eb7ccaaa3818,3c605f372a9c5ab3687b664418536d261ce83b237d3e28ffdcaf6d813fc003ce,a56d979b76c94ed42315ae18c581a5374c16de6cbe583ea555f3e1d31442b424,1075,294,760,691
532,Gao,532,,,1.7,Gao_0532,97643ed1bd7499d9bf23c7881ee205d1da929fcddb1d09fcfa1657384ec60a22,a433e8dda363706531619e2d0b0b70340c238a7fbfbf37dd65e5dd78ad71135a,089eb1f627d9c2575de2f9b73cc450995edb022327a1aaecb914470212937f08,e4e1711ee62b31e5dafaa328150bdcca28f80aef94c0e35aa258f39a0ee155ce,4eaff9e19f9eb23fe87184d856a1a413f138bc718f279867000798be7d440d13,38,1056,347,1185
533,Gao,533,,,10.52,Gao_0533,219dc7a54281cbec062aa98e3c45d0274d62fc7022d7089832fc79425bd9e794,69e17d1724b4236f68d0c6efb6ad16969f13f8980d301d0056747038b20f0c8d,a224d7c5ed886bb11dd1a42857ebd0df74efb9eebe557232b03efe80ba09920e,6707aa77d6ca08849edcb9169e74bf9c7d98d3505aaff3cca52e902511647c13,c73b1296daff4a590e33b6bc3bdf0175b4f389c845bfc6a9127a4f5c9d7c35df,752,493,912,1186
534,Gao,534,,,7.06,Gao_0534,ff6b78613b36e83839769cd8cdb580da51566c3903caa34ecdbca9cb4548b383,6521827127d40868f575056da1c1f9eaa548506fcf63f2eb6a23ca5118c7aea3,d10fb1a7d2052b6201bd7fb0afe39d1426f8804939c1bc025beef0f336f40597,b70a099ecc3f2f16fa81d8607799f5667c2e49e285371cd3c2eb57581995d463,a488e8285967e379f365b664b00fdfc46c98d1c0f8d01d0f4fe515cd41464f2e,996,829,755,1187
