array_index,source,source_row,donor_smiles,acceptor_smiles,experimental_PCE,pair_key,donor_fp_hash,acceptor_fp_hash,pair_fp_hash,legacy_sequence_hash,role_aware_sequence_hash,pair_fp_group_id,legacy_sequence_group_id,role_aware_sequence_group_id,safe_any_encoding_group_id
0,in-house,0,FC(C=C1C(C2=C3SC=C2)=C4SC(C5=C(CC(CCCCCC)CCCC)C=C(C6=CC7=C(S6)C8=C(C=C(S8)C9=CC(CC(CCCCCC)CCCC)=C(S9)C)C%10=NSN=C7%10)S5)=CC4=C3C%11=CC(F)=C(S%11)CC(CCCC)CC)=C(S1)CC(CC)CCCC,O=C(C/1=C\C2=C(C3=C(S2)C(N4C5=CC=C(CCCCCC)C=C5)=C(C6=C4C7=C(C8=NSN=C68)C(SC9=C%10SC(/C=C%11C(C%12=CC(F)=C(C=C%12C\%11=C(C#N)/C#N)F)=O)=C9CCCCCCCCCCC)=C%10N7C%13=CC=C(CCCCCC)C=C%13)S3)CCCCCCCCCCC)C%14=CC(F)=C(F)C=C%14C1=C(C#N)/C#N,18.22,FC(C=C1C(C2=C3SC=C2)=C4SC(C5=C(CC(CCCCCC)CCCC)C=C(C6=CC7=C(S6)C8=C(C=C(S8)C9=CC(CC(CCCCCC)CCCC)=C(S9)C)C%10=NSN=C7%10)S5)=CC4=C3C%11=CC(F)=C(S%11)CC(CCCC)CC)=C(S1)CC(CC)CCCC||O=C(C/1=C\C2=C(C3=C(S2)C(N4C5=CC=C(CCCCCC)C=C5)=C(C6=C4C7=C(C8=NSN=C68)C(SC9=C%10SC(/C=C%11C(C%12=CC(F)=C(C=C%12C\%11=C(C#N)/C#N)F)=O)=C9CCCCCCCCCCC)=C%10N7C%13=CC=C(CCCCCC)C=C%13)S3)CCCCCCCCCCC)C%14=CC(F)=C(F)C=C%14C1=C(C#N)/C#N,9663e40435b44e94bd438e3e2b6a24f8a820a6f60e2b387bb8029a41246ab608,3bc5e962960694d5a8c90d751d3f10c939059169c6882aed8bdcfb92d36d6776,fea6155c76a18268d2d00c2205f69e6a0499ced4e533b236a01a9eb9ec185b0d,41f3c1644f62770e610825a7d69747a98f59b289c80557f1e35db507a5c273ed,3f360cc2dcae48ba593729fd1567b1907ba7eecc8bcff58f52b7bd3b450d35bc,1184,316,276,0
1,in-house,1,O=C1C2=C(CC(CC)CCCC)SC(CC(CC)CCCC)=C2C(C3=C(C4=CC=C(C5=CC(C(C6=CC(F)=C(CC(CC)CCCC)S6)=C(SC=C7)C7=C8C9=CC(F)=C(CC(CC)CCCC)S9)=C8S5)S4)SC(C%10=CC=CS%10)=C31)=O,O=C(C/1=C\C2=C(C3=C(S2)C(N4C5=CC=C(CCCCCC)C=C5)=C(C6=C4C7=C(C8=NSN=C68)C(SC9=C%10SC(/C=C%11C(C%12=CC(F)=C(C=C%12C\%11=C(C#N)/C#N)F)=O)=C9CCCCCCCCCCC)=C%10N7C%13=CC=C(CCCCCC)C=C%13)S3)CCCCCCCCCCC)C%14=CC(F)=C(F)C=C%14C1=C(C#N)/C#N,17.72,O=C1C2=C(CC(CC)CCCC)SC(CC(CC)CCCC)=C2C(C3=C(C4=CC=C(C5=CC(C(C6=CC(F)=C(CC(CC)CCCC)S6)=C(SC=C7)C7=C8C9=CC(F)=C(CC(CC)CCCC)S9)=C8S5)S4)SC(C%10=CC=CS%10)=C31)=O||O=C(C/1=C\C2=C(C3=C(S2)C(N4C5=CC=C(CCCCCC)C=C5)=C(C6=C4C7=C(C8=NSN=C68)C(SC9=C%10SC(/C=C%11C(C%12=CC(F)=C(C=C%12C\%11=C(C#N)/C#N)F)=O)=C9CCCCCCCCCCC)=C%10N7C%13=CC=C(CCCCCC)C=C%13)S3)CCCCCCCCCCC)C%14=CC(F)=C(F)C=C%14C1=C(C#N)/C#N,65482d735aa1f382b817dd8d95b1689b39b0b3c26138949c2680844f1b1f5ea0,3bc5e962960694d5a8c90d751d3f10c939059169c6882aed8bdcfb92d36d6776,a8fe58cf7177708e6c1c7ac2edac71da7db8c4c991d13b1b00662254713e9133,7f0071b1a4879710f99fe7aae914f7e159fa89a797d49c77090e15141f1631e8,bf861cc31449c495bfb0ffc259f715db2f1df334b6311ff795255dfd269d5cf2,780,605,886,1
2,in-house,2,O=C1C2=C(CC(CC)CCCC)SC(CC(CC)CCCC)=C2C(C3=C(C4=CC=C(C5=CC(C(C6=CC(F)=C(CC(CC)CCCC)S6)=C(SC=C7)C7=C8C9=CC(F)=C(CC(CC)CCCC)S9)=C8S5)S4)SC(C%10=CC=CS%10)=C31)=O,ClC1=CC2=C(C(C(/C2=C(C#N)\C#N)=C\C3=C(CCCCCCCCC)C4=C(C(N(CC(CCCCCC)CCCC)C5=C6C7=NSN=C7C8=C5N(CC(CCCCCC)CCCC)C9=C8SC%10=C9SC(/C=C(C%11=O)/C(C%12=C%11C=C(Cl)C(Cl)=C%12)=C(C#N)\C#N)=C%10CCCCCCCCC)=C6S4)S3)=O)C=C1Cl,17.46,O=C1C2=C(CC(CC)CCCC)SC(CC(CC)CCCC)=C2C(C3=C(C4=CC=C(C5=CC(C(C6=CC(F)=C(CC(CC)CCCC)S6)=C(SC=C7)C7=C8C9=CC(F)=C(CC(CC)CCCC)S9)=C8S5)S4)SC(C%10=CC=CS%10)=C31)=O||ClC1=CC2=C(C(C(/C2=C(C#N)\C#N)=C\C3=C(CCCCCCCCC)C4=C(C(N(CC(CCCCCC)CCCC)C5=C6C7=NSN=C7C8=C5N(CC(CCCCCC)CCCC)C9=C8SC%10=C9SC(/C=C(C%11=O)/C(C%12=C%11C=C(Cl)C(Cl)=C%12)=C(C#N)\C#N)=C%10CCCCCCCCC)=C6S4)S3)=O)C=C1Cl,65482d735aa1f382b817dd8d95b1689b39b0b3c26138949c2680844f1b1f5ea0,d83c83d828218ad56b8d287b5f714686e4da46e4ae7015004fa90caf28b22e51,710a61414634b5e4b5f5bc76959adbf35b9dc7dc2c164496ac1523674f4277b2,ef5286a8e5b062f9310c0393b91e66fa56afeb0b7c335463eb7343a420c1ad5d,ee9b2a65d76c8646ab1771681b4249d45b487aa4dd813d4414e91f7270303de8,513,1113,1119,2
3,in-house,3,FC1=C(F)C=C(N=C(OCC(CCCCCC)CCCCCCCC)C=N2)C2=C1C3=CC=CS3,FC1=CC2=C(C(/C(C2=O)=C/C3=C(C4=CC=C(CCCCCC)C=C4)C5=C(S3)C6=C(S5)C7=C(N6CC(CC)CCCC)C(N8CC(CC)CCCC)=C(C9=C8C%10=C(S9)C(C%11=CC=C(CCCCCC)C=C%11)=C(S%10)/C=C%12/C(C%13=C(C%12=O)C=C(F)C(F)=C%13)=C(C#N)\C#N)C%14=NSN=C7%14)=C(C#N)/C#N)C=C1F,17.1,FC1=C(F)C=C(N=C(OCC(CCCCCC)CCCCCCCC)C=N2)C2=C1C3=CC=CS3||FC1=CC2=C(C(/C(C2=O)=C/C3=C(C4=CC=C(CCCCCC)C=C4)C5=C(S3)C6=C(S5)C7=C(N6CC(CC)CCCC)C(N8CC(CC)CCCC)=C(C9=C8C%10=C(S9)C(C%11=CC=C(CCCCCC)C=C%11)=C(S%10)/C=C%12/C(C%13=C(C%12=O)C=C(F)C(F)=C%13)=C(C#N)\C#N)C%14=NSN=C7%14)=C(C#N)/C#N)C=C1F,6d0ebf843ec88894476605165efae2bf8fd910afe87a5868bc4b56e85a61a93d,3f9300bf9a747cfabbbd0d2952a974af42505f100da47e331a1b58a2e5943173,b2a7080272dde57d905b3095d2c39d8e7e7adb4356c19c3ff97251ea554dd1c8,dd499ecfefe2f15a9d50d582204a31851e8da6693b8170502028522fb6f04b1c,31d238cc31c8ae19ac2f9ebe0af681e05d3aa03223295b280f88fa0f32383086,831,1015,225,3
4,in-house,4,O=C1C2=C(CC(CC)CCCC)SC(CC(CC)CCCC)=C2C(C3=C(C4=CC=C(C5=CC(C(C6=CC(F)=C(CC(CC)CCCC)S6)=C(SC=C7)C7=C8C9=CC(F)=C(CC(CC)CCCC)S9)=C8S5)S4)SC(C%10=CC=CS%10)=C31)=O,CCCCCCC(CCCC)CC1=C(/C=C(C2=O)/C(C3=C2C=CC(F)=C3)=C([N+]#[C-])/[N+]#[C-])SC4=C1SC5=C4N(CC(CCCC)CC)C6=C5C7=NSN=C7C8=C6N(CC(CCCC)CC)C9=C8SC%10=C9SC(/C=C(C%11=O)/C(C%12=C%11C=CC(F)=C%12)=C(C#N)\C#N)=C%10CC(CCCCCC)CCCC,16.82,O=C1C2=C(CC(CC)CCCC)SC(CC(CC)CCCC)=C2C(C3=C(C4=CC=C(C5=CC(C(C6=CC(F)=C(CC(CC)CCCC)S6)=C(SC=C7)C7=C8C9=CC(F)=C(CC(CC)CCCC)S9)=C8S5)S4)SC(C%10=CC=CS%10)=C31)=O||CCCCCCC(CCCC)CC1=C(/C=C(C2=O)/C(C3=C2C=CC(F)=C3)=C([N+]#[C-])/[N+]#[C-])SC4=C1SC5=C4N(CC(CCCC)CC)C6=C5C7=NSN=C7C8=C6N(CC(CCCC)CC)C9=C8SC%10=C9SC(/C=C(C%11=O)/C(C%12=C%11C=CC(F)=C%12)=C(C#N)\C#N)=C%10CC(CCCCCC)CCCC,65482d735aa1f382b817dd8d95b1689b39b0b3c26138949c2680844f1b1f5ea0,ca23fcb6955965091e97f9a6c4796de846688661ed43b7278cc994ab01f672ff,0272d3ca0ed219abeabbc0a9f16ca281f24af766d6f0881174eac963a825bf96,b1a348fb9478a3a1eaba40b939f8ebd119599244e5b4ad39ffa4b69573025ad3,23152338fa1e77ef4ade24a9fd6d0105ee2e5c349c4d49d5411085d0523900ea,11,806,142,4
5,in-house,5,FC1=C(F)C=C(N=C(OCC(CCCCCC)CCCCCCCC)C=N2)C2=C1C3=CC=CS3,FC1=CC2=C(C=C1F)C(/C(C2=O)=C/C3=C(C4=C(C5=C(C(C6=NSN=C6C(C7=C8C9=C(C(C%10=CC=C(CCCCCCCC)S%10)=C(/C=C%11/C(C(C=C(C(F)=C%12)F)=C%12C%11=O)=C(C#N)\C#N)S9)S7)=C%13N8CC(CCCC)CC)=C%13N5CC(CCCC)CC)S4)S3)C%14=CC=C(CCCCCCCC)S%14)=C(C#N)\C#N,16.8,FC1=C(F)C=C(N=C(OCC(CCCCCC)CCCCCCCC)C=N2)C2=C1C3=CC=CS3||FC1=CC2=C(C=C1F)C(/C(C2=O)=C/C3=C(C4=C(C5=C(C(C6=NSN=C6C(C7=C8C9=C(C(C%10=CC=C(CCCCCCCC)S%10)=C(/C=C%11/C(C(C=C(C(F)=C%12)F)=C%12C%11=O)=C(C#N)\C#N)S9)S7)=C%13N8CC(CCCC)CC)=C%13N5CC(CCCC)CC)S4)S3)C%14=CC=C(CCCCCCCC)S%14)=C(C#N)\C#N,6d0ebf843ec88894476605165efae2bf8fd910afe87a5868bc4b56e85a61a93d,343d268347814ff535d188e2cad0cc6ce6ef546fcb9a438f0a9a9f29bb65f004,2aa3c5aa7ef7d11e2b8f18029831c0fa122836929cccbab94b8d58c21cf0a506,c0e1df12aa7d88e92f09992f390e7b02c4f2649bf961d4ba6e2502aa1374166a,09a8c86acfe31677aa657bd14dbc4def3512fad116a2e709c1ed9810f3d3ecea,185,886,46,5
6,in-house,6,FC1=C(F)C=C(N=C(OCC(CCCCCC)CCCCCCCC)C=N2)C2=C1C3=CC=CS3,O=C(C/1=C\C2=C(C3=C(S2)C(N4C5=CC=C(CCCCCC)C=C5)=C(C6=C4C7=C(C8=NSN=C68)C(SC9=C%10SC(/C=C%11C(C%12=CC(F)=C(C=C%12C\%11=C(C#N)/C#N)F)=O)=C9CCCCCCCCCCC)=C%10N7C%13=CC=C(CCCCCC)C=C%13)S3)CCCCCCCCCCC)C%14=CC(F)=C(F)C=C%14C1=C(C#N)/C#N,16.53,FC1=C(F)C=C(N=C(OCC(CCCCCC)CCCCCCCC)C=N2)C2=C1C3=CC=CS3||O=C(C/1=C\C2=C(C3=C(S2)C(N4C5=CC=C(CCCCCC)C=C5)=C(C6=C4C7=C(C8=NSN=C68)C(SC9=C%10SC(/C=C%11C(C%12=CC(F)=C(C=C%12C\%11=C(C#N)/C#N)F)=O)=C9CCCCCCCCCCC)=C%10N7C%13=CC=C(CCCCCC)C=C%13)S3)CCCCCCCCCCC)C%14=CC(F)=C(F)C=C%14C1=C(C#N)/C#N,6d0ebf843ec88894476605165efae2bf8fd910afe87a5868bc4b56e85a61a93d,3bc5e962960694d5a8c90d751d3f10c939059169c6882aed8bdcfb92d36d6776,aa8caee834a8ac7a818c77abd7c64e6da3c2b37b7dc232cd707903895f2f53e3,8cc12069c0f0b321f9a41101b3245b5cb4ad7edf56a34d77c67d9c41e2c9d50a,8f41735b6fd0815dbaf0b2dc9e6b05f86318e49d40cf203e7032ca1700a89553,789,659,641,6
7,in-house,7,FC(C=C(C1=C2SC=CC2=C(C3=CC(F)=C(CC(CCCC)CC)S3)C4=C1C=C(C5=CC=C(C6=C(C(C(C7=C(CC(CCCC)CC)SC(CC(CC)CCCC)=C78)=O)=C(C9=CC=CC9)S6)C8=O)S5)S4)S%10)=C%10CC(CC)CCCC,O=C(C(/C1=C(C#N)/C#N)=C\C2=C(CCCCCCCCCCC)C3=C(C(N(CCCCCCCC)C4=C5C6=NSN=C6C7=C4N(C8=C7SC9=C8SC(/C=C(C%10=O)/C(C%11=C%10C=C(C(Cl)=C%11)Cl)=C(C#N)\C#N)=C9CCCCCCCCCCC)CCCCCCCC)=C5S3)S2)C%12=C1C=C(Cl)C(Cl)=C%12,16.5,FC(C=C(C1=C2SC=CC2=C(C3=CC(F)=C(CC(CCCC)CC)S3)C4=C1C=C(C5=CC=C(C6=C(C(C(C7=C(CC(CCCC)CC)SC(CC(CC)CCCC)=C78)=O)=C(C9=CC=CC9)S6)C8=O)S5)S4)S%10)=C%10CC(CC)CCCC||O=C(C(/C1=C(C#N)/C#N)=C\C2=C(CCCCCCCCCCC)C3=C(C(N(CCCCCCCC)C4=C5C6=NSN=C6C7=C4N(C8=C7SC9=C8SC(/C=C(C%10=O)/C(C%11=C%10C=C(C(Cl)=C%11)Cl)=C(C#N)\C#N)=C9CCCCCCCCCCC)CCCCCCCC)=C5S3)S2)C%12=C1C=C(Cl)C(Cl)=C%12,61eee9608e36bdb1d3a96a3ad1baa39916f3a546e29d11481966a5a2d3d30f3c,106ec9326f6c2014124a3ccaa07a70df3e915cb48e0279a6f7708463db258b52,363e5e3ac4cbab00538d525a30d3fe7e6dc76a4e0fa015e7a131092f60d5ba21,4f4aec9775b2911f4ba59537d9005c14793400a32dc1e47e40c37326ae5cec06,809320f008d149ff690998785f5530a9f36844d88205e8a909a849b2208dc551,238,379,579,7
8,in-house,8,FC(C=C(C1=C2SC=CC2=C(C3=CC(F)=C(CC(CCCC)CC)S3)C4=C1C=C(C5=CC=C(C6=C(C(C(C7=C(CC(CCCC)CC)SC(CC(CC)CCCC)=C78)=O)=C(C9=CC=CC9)S6)C8=O)S5)S4)S%10)=C%10CC(CC)CCCC,O=C(C(C=C(F)C(F)=C1)=C1C/2=C(C#N)/C#N)C2=C/C3=C(CCCCCCCCCCC)C(SC4=C5N(C6=C4C7=NSN=C7C8=C6N(CCCCCCCCCCCC)C9=C8SC%10=C9SC(/C=C%11C(C%12=C(C=C(F)C(F)=C%12)C\%11=C(C#N)/C#N)=O)=C%10CCCCCCCCCCC)CCCCCCCCCCCC)=C5S3,16.4,FC(C=C(C1=C2SC=CC2=C(C3=CC(F)=C(CC(CCCC)CC)S3)C4=C1C=C(C5=CC=C(C6=C(C(C(C7=C(CC(CCCC)CC)SC(CC(CC)CCCC)=C78)=O)=C(C9=CC=CC9)S6)C8=O)S5)S4)S%10)=C%10CC(CC)CCCC||O=C(C(C=C(F)C(F)=C1)=C1C/2=C(C#N)/C#N)C2=C/C3=C(CCCCCCCCCCC)C(SC4=C5N(C6=C4C7=NSN=C7C8=C6N(CCCCCCCCCCCC)C9=C8SC%10=C9SC(/C=C%11C(C%12=C(C=C(F)C(F)=C%12)C\%11=C(C#N)/C#N)=O)=C%10CCCCCCCCCCC)CCCCCCCCCCCC)=C5S3,61eee9608e36bdb1d3a96a3ad1baa39916f3a546e29d11481966a5a2d3d30f3c,de4e860247d6911ac58654a900686048b79309d8c2ae954b384f40e8b3491fa4,78938ec5eef8d4ff09fdd23e9d1ef5b525351926e91f14083005f1c6225aa293,6a880976122b2dc1c3a7b505862167de16befdfc8252c55986ae9ef40266fab6,ecf7dc51cb5cc4d0976a13e798329f97938bb79656a504afd41012dd3a2364de,553,518,1113,8
9,in-house,9,FC1=C(F)C=C(N=C(OCC(CCCCCC)CCCCCCCC)C=N2)C2=C1C3=CC=CS3,CCCCCCCCCCCC(C(SC(C1=C2C3=C(C4=C(N3CC(CCCC)CC)C5=C(C(CCCCCCCCCCC)=C(S5)/C=C6C(C(C=C(C(F)=C7)F)=C7C\6=C(C#N)\C#N)=O)S4)C8=NSN=C18)=C9N2CC(CCCC)CC)=C9S%10)=C%10/C=C%11C(C(C=C(C(F)=C%12)F)=C%12C\%11=C(C#N)/C#N)=O,16.4,FC1=C(F)C=C(N=C(OCC(CCCCCC)CCCCCCCC)C=N2)C2=C1C3=CC=CS3||CCCCCCCCCCCC(C(SC(C1=C2C3=C(C4=C(N3CC(CCCC)CC)C5=C(C(CCCCCCCCCCC)=C(S5)/C=C6C(C(C=C(C(F)=C7)F)=C7C\6=C(C#N)\C#N)=O)S4)C8=NSN=C18)=C9N2CC(CCCC)CC)=C9S%10)=C%10/C=C%11C(C(C=C(C(F)=C%12)F)=C%12C\%11=C(C#N)/C#N)=O,6d0ebf843ec88894476605165efae2bf8fd910afe87a5868bc4b56e85a61a93d,f9b7041ba9536f137f807b97bf21e4234605bdbac0b792ddb30b9b465d5f5586,3f6df0e592af64a8e2bba296412afdf7fb07ad93f2763b2dc21664b9649a3cc4,14b0cc9fe2cfcea70b3f1e76555aac2b47475d3472cce81a2df33a16292679f5,919dde5670d2302a847aae446152ce35cbe09f39369969a34b885674ae5113c0,285,101,662,9
10,in-house,10,O=C1C2=C(CC(CC)CCCC)SC(CC(CC)CCCC)=C2C(C3=C(C4=CC=C(C5=CC(C(C6=CC(F)=C(CC(CC)CCCC)S6)=C(SC=C7)C7=C8C9=CC(F)=C(CC(CC)CCCC)S9)=C8S5)S4)SC(C%10=CC=CS%10)=C31)=O,CCCCC(CN1N=C2C3=C(C4=C(C5=C(N4CC(CCCC)CC)C6=C(C(CCCCCC)=C(S6)/C=C7C(C(C=C(F)C(F)=C8)=C8C\7=C(C#N)\C#N)=O)S5)C2=N1)N(CC(CCCC)CC)C9=C3SC%10=C9SC(/C=C%11C(C%12=C(C=C(F)C(F)=C%12)C\%11=C(C#N)/C#N)=O)=C%10CCCCCC)CC,16.37,O=C1C2=C(CC(CC)CCCC)SC(CC(CC)CCCC)=C2C(C3=C(C4=CC=C(C5=CC(C(C6=CC(F)=C(CC(CC)CCCC)S6)=C(SC=C7)C7=C8C9=CC(F)=C(CC(CC)CCCC)S9)=C8S5)S4)SC(C%10=CC=CS%10)=C31)=O||CCCCC(CN1N=C2C3=C(C4=C(C5=C(N4CC(CCCC)CC)C6=C(C(CCCCCC)=C(S6)/C=C7C(C(C=C(F)C(F)=C8)=C8C\7=C(C#N)\C#N)=O)S5)C2=N1)N(CC(CCCC)CC)C9=C3SC%10=C9SC(/C=C%11C(C%12=C(C=C(F)C(F)=C%12)C\%11=C(C#N)/C#N)=O)=C%10CCCCCC)CC,65482d735aa1f382b817dd8d95b1689b39b0b3c26138949c2680844f1b1f5ea0,72510025151e6e2a8dbf6a569a3de7a647a5c1c0fd51866fa40aee115ff60386,e402e4dd08dae0ac2cda41476ef14d0fefdfc3ca478fefdc1e0a09cd79ca131d,e4a7eb49f2cef95e537d0aa64325072adb41f2cc23305f645b4d61dc8df7bf6f,1a1c3dbff251758cf264a0a4fccb444df72a8f4b5ad83dbc1dfb3547140f8adc,1078,1055,112,10
11,in-house,11,CC(C(F)=C(C(C1=CC=C(S1)C)=C2N=C3[Mg])F)=C2N=C3OCC(CCCCCC)CCCCCCCC,O=C(C1=CC=CC=C1C/2=C(C#N)\C#N)C2=C/C3=C(CCCCCCCCCCC)C(SC(C4=C5C6=C(C7=C(N6CC(CC)CCCC)C8=C(C(CCCCCCCCCCC)=C(S8)/C=C9C(C(C=CC=C%10)=C%10C\9=C(C#N)\C#N)=O)S7)C%11=NSN=C4%11)=C%12N5CC(CC)CCCC)=C%12S3,16.32,CC(C(F)=C(C(C1=CC=C(S1)C)=C2N=C3[Mg])F)=C2N=C3OCC(CCCCCC)CCCCCCCC||O=C(C1=CC=CC=C1C/2=C(C#N)\C#N)C2=C/C3=C(CCCCCCCCCCC)C(SC(C4=C5C6=C(C7=C(N6CC(CC)CCCC)C8=C(C(CCCCCCCCCCC)=C(S8)/C=C9C(C(C=CC=C%10)=C%10C\9=C(C#N)\C#N)=O)S7)C%11=NSN=C4%11)=C%12N5CC(CC)CCCC)=C%12S3,ed38df7957efa2935cc0192dd1e74636af51d1066b05ef0f91b178ecc3432ea8,3bccd6c9cc22d1152938bdd23acfe9c3c778dc8316063d8fa195ae94d9f0e7a2,2d410a8353364cd909f76cfbe1f5d1fbd8d2d37125ceb5ba08b157b38e5e1301,4b8bafe45870c3957cbad667cf1b0b329e365308c5881f098617403121bb63af,d4ec155ce1ba89454915ae6dddb1432b4e827482bd92c24faca8f91cb1be2d0e,197,361,974,11
12,in-house,12,O=C1C2=C(CC(CC)CCCC)SC(CC(CC)CCCC)=C2C(C3=C(C4=CC=C(C5=CC(C(C6=CC(F)=C(CC(CC)CCCC)S6)=C(SC=C7)C7=C8C9=CC(F)=C(CC(CC)CCCC)S9)=C8S5)S4)SC(C%10=CC=CS%10)=C31)=O,O=C(C1=CC=CC=C1C/2=C(C#N)\C#N)C2=C/C3=C(CCCCCCCCCCC)C(SC(C4=C5C6=C(C7=C(N6CC(CC)CCCC)C8=C(C(CCCCCCCCCCC)=C(S8)/C=C9C(C(C=CC=C%10)=C%10C\9=C(C#N)\C#N)=O)S7)C%11=NSN=C4%11)=C%12N5CC(CC)CCCC)=C%12S3,16.26,O=C1C2=C(CC(CC)CCCC)SC(CC(CC)CCCC)=C2C(C3=C(C4=CC=C(C5=CC(C(C6=CC(F)=C(CC(CC)CCCC)S6)=C(SC=C7)C7=C8C9=CC(F)=C(CC(CC)CCCC)S9)=C8S5)S4)SC(C%10=CC=CS%10)=C31)=O||O=C(C1=CC=CC=C1C/2=C(C#N)\C#N)C2=C/C3=C(CCCCCCCCCCC)C(SC(C4=C5C6=C(C7=C(N6CC(CC)CCCC)C8=C(C(CCCCCCCCCCC)=C(S8)/C=C9C(C(C=CC=C%10)=C%10C\9=C(C#N)\C#N)=O)S7)C%11=NSN=C4%11)=C%12N5CC(CC)CCCC)=C%12S3,65482d735aa1f382b817dd8d95b1689b39b0b3c26138949c2680844f1b1f5ea0,3bccd6c9cc22d1152938bdd23acfe9c3c778dc8316063d8fa195ae94d9f0e7a2,0cd8812aff63af954f6a4493ca62cd53ab6bb26d5417c7efe6f5e96bd9d2c034,14a55f0d286f3669b0972f12869095db753f1feec32a8edd68b7d1d423ee5b95,142bb7392c652fc719397f95fb5b008205ed3b2d8240fddbadb2fd1ea7f401d1,58,99,90,12
13,in-house,13,O=C1C2=C(CC(CC)CCCC)SC(CC(CC)CCCC)=C2C(C3=C(C4=CC=C(C5=CC(C(C6=CC(F)=C(CC(CC)CCCC)S6)=C(SC=C7)C7=C8C9=CC(F)=C(CC(CC)CCCC)S9)=C8S5)S4)SC(C%10=CC=CS%10)=C31)=O,CCC(CN1N=C2C3=C(C4=C(C5=C(N4CC(CCCC)CC)C(SC(/C=C6/C(C7=C(C6=O)C=C(C(F)=C7)F)=C(C#N)/C#N)=C8CCCCCC)=C8S5)C2=N1)N(CC(CCCC)CC)C9=C3SC%10=C9SC(/C=C%11C(C%12=C(C=C(F)C(F)=C%12)C\%11=C(C#N)\C#N)=O)=C%10CCCCCC)CCCC,16.17,O=C1C2=C(CC(CC)CCCC)SC(CC(CC)CCCC)=C2C(C3=C(C4=CC=C(C5=CC(C(C6=CC(F)=C(CC(CC)CCCC)S6)=C(SC=C7)C7=C8C9=CC(F)=C(CC(CC)CCCC)S9)=C8S5)S4)SC(C%10=CC=CS%10)=C31)=O||CCC(CN1N=C2C3=C(C4=C(C5=C(N4CC(CCCC)CC)C(SC(/C=C6/C(C7=C(C6=O)C=C(C(F)=C7)F)=C(C#N)/C#N)=C8CCCCCC)=C8S5)C2=N1)N(CC(CCCC)CC)C9=C3SC%10=C9SC(/C=C%11C(C%12=C(C=C(F)C(F)=C%12)C\%11=C(C#N)\C#N)=O)=C%10CCCCCC)CCCC,65482d735aa1f382b817dd8d95b1689b39b0b3c26138949c2680844f1b1f5ea0,72510025151e6e2a8dbf6a569a3de7a647a5c1c0fd51866fa40aee115ff60386,e402e4dd08dae0ac2cda41476ef14d0fefdfc3ca478fefdc1e0a09cd79ca131d,e4a7eb49f2cef95e537d0aa64325072adb41f2cc23305f645b4d61dc8df7bf6f,1a1c3dbff251758cf264a0a4fccb444df72a8f4b5ad83dbc1dfb3547140f8adc,1078,1055,112,10
14,in-house,14,FC(C=C(C1=C2SC=CC2=C(C3=CC(F)=C(CC(CCCC)CC)S3)C4=C1C=C(C5=CC=C(C6=C(C(C(C7=C(CC(CCCC)CC)SC(CC(CC)CCCC)=C78)=O)=C(C9=CC=CC9)S6)C8=O)S5)S4)S%10)=C%10CC(CC)CCCC,O=C(C(C=CC(Br)=C1)=C1C/2=C(C#N)/C#N)C2=C/C3=C(CCCCCCCCCCC)C(SC(C4=C5C6=C(C7=C(N6CCCCCCCC)C8=C(C(CCCCCCCCCCC)=C(S8)/C=C9C(C%10=C(C=CC(Br)=C%10)C\9=C(C#N)/C#N)=O)S7)C%11=NSN=C%114)=C%12N5CCCCCCCC)=C%12S3,16.11,FC(C=C(C1=C2SC=CC2=C(C3=CC(F)=C(CC(CCCC)CC)S3)C4=C1C=C(C5=CC=C(C6=C(C(C(C7=C(CC(CCCC)CC)SC(CC(CC)CCCC)=C78)=O)=C(C9=CC=CC9)S6)C8=O)S5)S4)S%10)=C%10CC(CC)CCCC||O=C(C(C=CC(Br)=C1)=C1C/2=C(C#N)/C#N)C2=C/C3=C(CCCCCCCCCCC)C(SC(C4=C5C6=C(C7=C(N6CCCCCCCC)C8=C(C(CCCCCCCCCCC)=C(S8)/C=C9C(C%10=C(C=CC(Br)=C%10)C\9=C(C#N)/C#N)=O)S7)C%11=NSN=C%114)=C%12N5CCCCCCCC)=C%12S3,61eee9608e36bdb1d3a96a3ad1baa39916f3a546e29d11481966a5a2d3d30f3c,60cdeaa32aefd46c5a4b4881f6aea5476e207e9cc06c15685d4286832263261e,6b446967350a281042ed00b8d1b09f0ca178e0337f1bb9310fe3aaa6a14d0fce,31b3a2bbd608463ba5198265af812bde59b2a68755f52e99e90b41b388688c30,bc01a586b8c844731940de4b26fa87c2eba1eb0fca29d2f89879e05fad3bce63,486,251,871,13
15,in-house,15,CC1=CC(B(N2CC(CCCCCCCC)CCCCCC)C3=CC=CC=C3)=C(S1)C(C=C4N(B5C6=CC=CC=C6)CC(CCCCCC)CCCCCCCC)=C2C=C4C(S7)=C5C=C7C8=CC=C(C9=C%10C(C(C%11=C(SC(CC(CCCC)CC)C%11C%10=O)CC(CC)CCCC)=O)=C(S9)C%12=CC=C(C)S%12)S8,O=C(C1=C(C=C(F)C(F)=C1)C/2=C(C#N)\C#N)C2=C/C3=C(CCCCCCCCCCC)C(SC(C4=C5C6=C(C7=C(N6CC(CCCC)CCCCCC)C8=C(C(CCCCCCCCCCC)=C(S8)/C=C9C(C(C=C(F)C(F)=C%10)=C%10C\9=C(C#N)\C#N)=O)S7)C%11=NSN=C4%11)=C%12N5CC(CCCCCC)CCCC)=C%12S3,16.1,CC1=CC(B(N2CC(CCCCCCCC)CCCCCC)C3=CC=CC=C3)=C(S1)C(C=C4N(B5C6=CC=CC=C6)CC(CCCCCC)CCCCCCCC)=C2C=C4C(S7)=C5C=C7C8=CC=C(C9=C%10C(C(C%11=C(SC(CC(CCCC)CC)C%11C%10=O)CC(CC)CCCC)=O)=C(S9)C%12=CC=C(C)S%12)S8||O=C(C1=C(C=C(F)C(F)=C1)C/2=C(C#N)\C#N)C2=C/C3=C(CCCCCCCCCCC)C(SC(C4=C5C6=C(C7=C(N6CC(CCCC)CCCCCC)C8=C(C(CCCCCCCCCCC)=C(S8)/C=C9C(C(C=C(F)C(F)=C%10)=C%10C\9=C(C#N)\C#N)=O)S7)C%11=NSN=C4%11)=C%12N5CC(CCCCCC)CCCC)=C%12S3,569c1c0e8da581be218cbf9ac1515609c38d60e7b0bd227c3ccf0f619008e639,cce4daef3466912115114a47937759c5e11908ec4ef6f39cc24019bc556cf85b,6580ef777caca2f7a428efceea79b79f639719fca592e30f6a2040ba060eaf84,c419f1f7d7f4a4c7ff670f868642c0fcbd21b7f18da689cda7c15cbde1e5a26f,3d0d7ac13a9cdbfddb82524d8734a4008360361bdbfdea217d785a0e0697a6bc,457,900,262,14
16,in-house,16,[F]C1=C(CC)SC(C2=C3C(C=C(C)C3)C(C4=CC([F])=C(S4)CC)=C5SC(C6=CC=C(S6)C7=C(C(C8=C(SC(CC)=C8C9=O)CC)=O)C9=C(C%10=CC=C(S%10)C)S7)=CC25)=C1,O=C(C/1=C\C2=C(C3=C(S2)C(N4C5=CC=C(CCCCCC)C=C5)=C(C6=C4C7=C(C8=NSN=C68)C(SC9=C%10SC(/C=C%11C(C%12=CC(F)=C(C=C%12C\%11=C(C#N)/C#N)F)=O)=C9CCCCCCCCCCC)=C%10N7C%13=CC=C(CCCCCC)C=C%13)S3)CCCCCCCCCCC)C%14=CC(F)=C(F)C=C%14C1=C(C#N)/C#N,16.09,[F]C1=C(CC)SC(C2=C3C(C=C(C)C3)C(C4=CC([F])=C(S4)CC)=C5SC(C6=CC=C(S6)C7=C(C(C8=C(SC(CC)=C8C9=O)CC)=O)C9=C(C%10=CC=C(S%10)C)S7)=CC25)=C1||O=C(C/1=C\C2=C(C3=C(S2)C(N4C5=CC=C(CCCCCC)C=C5)=C(C6=C4C7=C(C8=NSN=C68)C(SC9=C%10SC(/C=C%11C(C%12=CC(F)=C(C=C%12C\%11=C(C#N)/C#N)F)=O)=C9CCCCCCCCCCC)=C%10N7C%13=CC=C(CCCCCC)C=C%13)S3)CCCCCCCCCCC)C%14=CC(F)=C(F)C=C%14C1=C(C#N)/C#N,6213dd4049a47a1d3ddd86c99b799fe4ba312bdc695c607b0b6163384ca5ea00,3bc5e962960694d5a8c90d751d3f10c939059169c6882aed8bdcfb92d36d6776,319a651fb4a3d8428568b22f9e9b00fcc96224596fb81e897432005ce0cc5153,d848731cc437c9fd3ac7ab983c683f10d64a05bdc77c79c2b88aaf392ee0b135,20a240f4d991e312f085e9800f24f6f73b48c9c8fbade90e86d84e55a2fdb376,219,1000,135,15
17,in-house,17,O=C1C2=C(CC(CC)CCCC)SC(CC(CC)CCCC)=C2C(C3=C(C4=CC=C(C5=CC(C(C6=CC(F)=C(CC(CC)CCCC)S6)=C(SC=C7)C7=C8C9=CC(F)=C(CC(CC)CCCC)S9)=C8S5)S4)SC(C%10=CC=CS%10)=C31)=O,O=C(C1=C(C=C(F)C(F)=C1)C/2=C(C#N)\C#N)C2=C/C3=C(CCCCCCCCCCC)C(SC(C4=C5C6=C(C7=C(N6CC(CCCC)CCCCCC)C8=C(C(CCCCCCCCCCC)=C(S8)/C=C9C(C(C=C(F)C(F)=C%10)=C%10C\9=C(C#N)\C#N)=O)S7)C%11=NSN=C4%11)=C%12N5CC(CCCCCC)CCCC)=C%12S3,16.0,O=C1C2=C(CC(CC)CCCC)SC(CC(CC)CCCC)=C2C(C3=C(C4=CC=C(C5=CC(C(C6=CC(F)=C(CC(CC)CCCC)S6)=C(SC=C7)C7=C8C9=CC(F)=C(CC(CC)CCCC)S9)=C8S5)S4)SC(C%10=CC=CS%10)=C31)=O||O=C(C1=C(C=C(F)C(F)=C1)C/2=C(C#N)\C#N)C2=C/C3=C(CCCCCCCCCCC)C(SC(C4=C5C6=C(C7=C(N6CC(CCCC)CCCCCC)C8=C(C(CCCCCCCCCCC)=C(S8)/C=C9C(C(C=C(F)C(F)=C%10)=C%10C\9=C(C#N)\C#N)=O)S7)C%11=NSN=C4%11)=C%12N5CC(CCCCCC)CCCC)=C%12S3,65482d735aa1f382b817dd8d95b1689b39b0b3c26138949c2680844f1b1f5ea0,cce4daef3466912115114a47937759c5e11908ec4ef6f39cc24019bc556cf85b,6f3e01ab771911b69962d4803b4ce9059012d08e7e69727fc05279245c27a284,31cc87d11e77699854407788c3defb6a097e7c40e98eb177e3343cae76a8fc36,ecb6751eac88c0ef6741ac5561018a1fd8713a0763aba2ac55ab332547dcf135,503,252,1111,16
18,in-house,18,CC1=CC=C(S1)C2=C3C(C(N(C3=O)CCCCCCCC)=O)=C(C4=NN(N=C24)CCC(CC)CCCC)C5=CC=C(S5)C6=CC7=C(C8=C(C(C9=CC(F)=C(C(F)=C9)CC(CC)CCCC)=C7S6)C=C(C)S8)C%10=CC(F)=C(C(F)=C%10)CC(CC)CCCC,O=C(C/1=C\C2=C(C3=C(S2)C(N4C5=CC=C(CCCCCC)C=C5)=C(C6=C4C7=C(C8=NSN=C68)C(SC9=C%10SC(/C=C%11C(C%12=CC(F)=C(C=C%12C\%11=C(C#N)/C#N)F)=O)=C9CCCCCCCCCCC)=C%10N7C%13=CC=C(CCCCCC)C=C%13)S3)CCCCCCCCCCC)C%14=CC(F)=C(F)C=C%14C1=C(C#N)/C#N,15.65,CC1=CC=C(S1)C2=C3C(C(N(C3=O)CCCCCCCC)=O)=C(C4=NN(N=C24)CCC(CC)CCCC)C5=CC=C(S5)C6=CC7=C(C8=C(C(C9=CC(F)=C(C(F)=C9)CC(CC)CCCC)=C7S6)C=C(C)S8)C%10=CC(F)=C(C(F)=C%10)CC(CC)CCCC||O=C(C/1=C\C2=C(C3=C(S2)C(N4C5=CC=C(CCCCCC)C=C5)=C(C6=C4C7=C(C8=NSN=C68)C(SC9=C%10SC(/C=C%11C(C%12=CC(F)=C(C=C%12C\%11=C(C#N)/C#N)F)=O)=C9CCCCCCCCCCC)=C%10N7C%13=CC=C(CCCCCC)C=C%13)S3)CCCCCCCCCCC)C%14=CC(F)=C(F)C=C%14C1=C(C#N)/C#N,f4d083348f5eafef9d4e9ed457922c2bb117750cd5ddfb6d97de115d669521a9,3bc5e962960694d5a8c90d751d3f10c939059169c6882aed8bdcfb92d36d6776,14a293d5430455f90053ac7422a22563cea57af8a7ba53610b47f70f20c21006,25ce325567cbf73da437b468dfc8e7edf63a39d7ad5aee9e16a7aa0ac982bf4d,d1224e624f9d6775b638a2861d601d9c7a80f1828ac73b71d9f7399fdb32e303,94,185,952,17
19,in-house,19,O=C1C2=C(CC(CC)CCCC)SC(CC(CC)CCCC)=C2C(C3=C(C4=CC=C(C5=CC(C(C6=CC(F)=C(CC(CC)CCCC)S6)=C(SC=C7)C7=C8C9=CC(F)=C(CC(CC)CCCC)S9)=C8S5)S4)SC(C%10=CC=CS%10)=C31)=O,CCCCC(CN1N=C2C3=C(C4=C(C5=C(N4CC(CCCC)CC)C6=C(C(CCCCCCCCCCC)=C(S6)/C=C7C(C(C=C(F)C(F)=C8)=C8C\7=C(C#N)\C#N)=O)S5)C2=N1)N(CC(CCCC)CC)C9=C3SC%10=C9SC(/C=C%11C(C%12=C(C=C(F)C(F)=C%12)C\%11=C(C#N)/C#N)=O)=C%10CCCCCCCCCCC)CC,15.65,O=C1C2=C(CC(CC)CCCC)SC(CC(CC)CCCC)=C2C(C3=C(C4=CC=C(C5=CC(C(C6=CC(F)=C(CC(CC)CCCC)S6)=C(SC=C7)C7=C8C9=CC(F)=C(CC(CC)CCCC)S9)=C8S5)S4)SC(C%10=CC=CS%10)=C31)=O||CCCCC(CN1N=C2C3=C(C4=C(C5=C(N4CC(CCCC)CC)C6=C(C(CCCCCCCCCCC)=C(S6)/C=C7C(C(C=C(F)C(F)=C8)=C8C\7=C(C#N)\C#N)=O)S5)C2=N1)N(CC(CCCC)CC)C9=C3SC%10=C9SC(/C=C%11C(C%12=C(C=C(F)C(F)=C%12)C\%11=C(C#N)/C#N)=O)=C%10CCCCCCCCCCC)CC,65482d735aa1f382b817dd8d95b1689b39b0b3c26138949c2680844f1b1f5ea0,72510025151e6e2a8dbf6a569a3de7a647a5c1c0fd51866fa40aee115ff60386,e402e4dd08dae0ac2cda41476ef14d0fefdfc3ca478fefdc1e0a09cd79ca131d,e4a7eb49f2cef95e537d0aa64325072adb41f2cc23305f645b4d61dc8df7bf6f,1a1c3dbff251758cf264a0a4fccb444df72a8f4b5ad83dbc1dfb3547140f8adc,1078,1055,112,10
20,in-house,20,FC(C=C(C1=C2SC=CC2=C(C3=CC(F)=C(CC(CCCC)CC)S3)C4=C1C=C(C5=CC=C(C6=C(C(C(C7=C(CC(CCCC)CC)SC(CC(CC)CCCC)=C78)=O)=C(C9=CC=CC9)S6)C8=O)S5)S4)S%10)=C%10CC(CC)CCCC,O=C(C(/C1=C(C#N)/C#N)=C\C2=C(CCCCCCCCCCC)C3=C(C(N(CCCCCCCC)C4=C5C6=NSN=C6C7=C4N(C8=C7SC9=C8SC(/C=C(C%10=O)/C(C%11=C%10C=C(C(F)=C%11)F)=C(C#N)\C#N)=C9CCCCCCCCCCC)CCCCCCCC)=C5S3)S2)C%12=C1C=C(F)C(F)=C%12,15.6,FC(C=C(C1=C2SC=CC2=C(C3=CC(F)=C(CC(CCCC)CC)S3)C4=C1C=C(C5=CC=C(C6=C(C(C(C7=C(CC(CCCC)CC)SC(CC(CC)CCCC)=C78)=O)=C(C9=CC=CC9)S6)C8=O)S5)S4)S%10)=C%10CC(CC)CCCC||O=C(C(/C1=C(C#N)/C#N)=C\C2=C(CCCCCCCCCCC)C3=C(C(N(CCCCCCCC)C4=C5C6=NSN=C6C7=C4N(C8=C7SC9=C8SC(/C=C(C%10=O)/C(C%11=C%10C=C(C(F)=C%11)F)=C(C#N)\C#N)=C9CCCCCCCCCCC)CCCCCCCC)=C5S3)S2)C%12=C1C=C(F)C(F)=C%12,61eee9608e36bdb1d3a96a3ad1baa39916f3a546e29d11481966a5a2d3d30f3c,de4e860247d6911ac58654a900686048b79309d8c2ae954b384f40e8b3491fa4,78938ec5eef8d4ff09fdd23e9d1ef5b525351926e91f14083005f1c6225aa293,6a880976122b2dc1c3a7b505862167de16befdfc8252c55986ae9ef40266fab6,ecf7dc51cb5cc4d0976a13e798329f97938bb79656a504afd41012dd3a2364de,553,518,1113,8
21,in-house,21,[F]C1=C(CC)SC(C2=C3C(C=C(C)C3)C(C4=CC([F])=C(S4)CC)=C5SC(C6=CC=C(S6)C7=C(C(C8=C(SC(CC)=C8C9=O)CC)=O)C9=C(C%10=CC=C(S%10)C)S7)=CC25)=C1,O=C(C(/C1=C(C#N)/C#N)=C\C2=C(CCCCCCCCCCC)C3=C(C(N(CCCCCCCC)C4=C5C6=NSN=C6C7=C4N(C8=C7SC9=C8SC(/C=C(C%10=O)/C(C%11=C%10C=C(C(F)=C%11)F)=C(C#N)\C#N)=C9CCCCCCCCCCC)CCCCCCCC)=C5S3)S2)C%12=C1C=C(F)C(F)=C%12,15.4,[F]C1=C(CC)SC(C2=C3C(C=C(C)C3)C(C4=CC([F])=C(S4)CC)=C5SC(C6=CC=C(S6)C7=C(C(C8=C(SC(CC)=C8C9=O)CC)=O)C9=C(C%10=CC=C(S%10)C)S7)=CC25)=C1||O=C(C(/C1=C(C#N)/C#N)=C\C2=C(CCCCCCCCCCC)C3=C(C(N(CCCCCCCC)C4=C5C6=NSN=C6C7=C4N(C8=C7SC9=C8SC(/C=C(C%10=O)/C(C%11=C%10C=C(C(F)=C%11)F)=C(C#N)\C#N)=C9CCCCCCCCCCC)CCCCCCCC)=C5S3)S2)C%12=C1C=C(F)C(F)=C%12,6213dd4049a47a1d3ddd86c99b799fe4ba312bdc695c607b0b6163384ca5ea00,de4e860247d6911ac58654a900686048b79309d8c2ae954b384f40e8b3491fa4,a047780a8ef518b9340f147c89ef98cd36250b50e54169ffb4ac2b56df5b214c,b91c176b2a5f4a7dbedb24c72e230f09e9d4a314489fde93e44d2f21b427b37d,6119dd0cdb472ef0aa25383700aed158e950d3f0fb32e1463d237d2a4ecc4222,738,844,435,18
22,in-house,23,S=C(N(C/1=O)CCCC)SC1=C/C(S2)=CC=C2C(S3)=C(CCCCCC)C=C3C(S4)=C(CCCCCC)C=C4C5=CC(C(S5)=C(C6=C7SC(C8=CC(CCCCCC)=C(S8)C9=CC(CCCCCC)=C(C%10=CC=C(S%10)/C=C%11SC(N(CCCC)C\%11=O)=S)S9)=C6)C%12=CC=C(C=C%12)SCC(CCCC)CC)=C7C(C=C%13)=CC=C%13SCC(CCCC)CC,O=C(C(C=C(C(Cl)=C1)Cl)=C1C/2=C(C#N)\C#N)C2=C/C3=C(CCCCCCCCCCC)C(SC4=C5N(CCC(CCCC)CCCCCC)C6=C4C7=NSN=C7C8=C6N(CCC(CCCC)CCCCCC)C9=C8SC%10=C9SC(/C=C%11C(C(C=C(C(Cl)=C%12)Cl)=C%12C\%11=C(C#N)\C#N)=O)=C%10CCCCCCCCCCC)=C5S3,15.3,S=C(N(C/1=O)CCCC)SC1=C/C(S2)=CC=C2C(S3)=C(CCCCCC)C=C3C(S4)=C(CCCCCC)C=C4C5=CC(C(S5)=C(C6=C7SC(C8=CC(CCCCCC)=C(S8)C9=CC(CCCCCC)=C(C%10=CC=C(S%10)/C=C%11SC(N(CCCC)C\%11=O)=S)S9)=C6)C%12=CC=C(C=C%12)SCC(CCCC)CC)=C7C(C=C%13)=CC=C%13SCC(CCCC)CC||O=C(C(C=C(C(Cl)=C1)Cl)=C1C/2=C(C#N)\C#N)C2=C/C3=C(CCCCCCCCCCC)C(SC4=C5N(CCC(CCCC)CCCCCC)C6=C4C7=NSN=C7C8=C6N(CCC(CCCC)CCCCCC)C9=C8SC%10=C9SC(/C=C%11C(C(C=C(C(Cl)=C%12)Cl)=C%12C\%11=C(C#N)\C#N)=O)=C%10CCCCCCCCCCC)=C5S3,aec1d41e5d41eb8a365f161066d5deb8fa359f966616efc2d5cd2aae78d404a0,868a476517eeeb55f3cc12a9b6a21b910c45a6b357534c92000c2ab6d1045958,95f5d3d1e989ffc62f1e3397f2d4a177d444b6706d36debde3b18dbc098f590d,88980f3879e22da3bdd717d4013109fcd1ea6bc8813cc5bf95ff3e021404ca69,8a03dc9a8c3e96ec676a5041e60e9c487ec4b254473fa0515ac459736afd4ed5,686,642,622,19
23,in-house,24,FC(C=C(C1=C2SC=CC2=C(C3=CC(F)=C(CC(CCCC)CC)S3)C4=C1C=C(C5=CC=C(C6=C(C(C(C7=C(CC(CCCC)CC)SC(CC(CC)CCCC)=C78)=O)=C(C9=CC=CC9)S6)C8=O)S5)S4)S%10)=C%10CC(CC)CCCC,O=C(C(C=C(F)C(F)=C1)=C1C/2=C(C#N)/C#N)C2=C/C3=C(CCCCCCCCCCC)C(SC4=C5N(C6=C4C7=NSN=C7C8=C6N(CCCCCCCC)C9=C8SC%10=C9SC(/C=C%11C(C%12=C(C=C(F)C(F)=C%12)C\%11=C(C#N)/C#N)=O)=C%10CCCCCCCCCCC)CCCCCCCC)=C5S3,15.3,FC(C=C(C1=C2SC=CC2=C(C3=CC(F)=C(CC(CCCC)CC)S3)C4=C1C=C(C5=CC=C(C6=C(C(C(C7=C(CC(CCCC)CC)SC(CC(CC)CCCC)=C78)=O)=C(C9=CC=CC9)S6)C8=O)S5)S4)S%10)=C%10CC(CC)CCCC||O=C(C(C=C(F)C(F)=C1)=C1C/2=C(C#N)/C#N)C2=C/C3=C(CCCCCCCCCCC)C(SC4=C5N(C6=C4C7=NSN=C7C8=C6N(CCCCCCCC)C9=C8SC%10=C9SC(/C=C%11C(C%12=C(C=C(F)C(F)=C%12)C\%11=C(C#N)/C#N)=O)=C%10CCCCCCCCCCC)CCCCCCCC)=C5S3,61eee9608e36bdb1d3a96a3ad1baa39916f3a546e29d11481966a5a2d3d30f3c,de4e860247d6911ac58654a900686048b79309d8c2ae954b384f40e8b3491fa4,78938ec5eef8d4ff09fdd23e9d1ef5b525351926e91f14083005f1c6225aa293,6a880976122b2dc1c3a7b505862167de16befdfc8252c55986ae9ef40266fab6,ecf7dc51cb5cc4d0976a13e798329f97938bb79656a504afd41012dd3a2364de,553,518,1113,8
24,in-house,25,FC(C=C(C1=C2SC=CC2=C(C3=CC(F)=C(CC(CCCC)CC)S3)C4=C1C=C(C5=CC=C(C6=C(C(C(C7=C(CC(CCCC)CC)SC(CC(CC)CCCC)=C78)=O)=C(C9=CC=CC9)S6)C8=O)S5)S4)S%10)=C%10CC(CC)CCCC,O=C(C/1=C\C2=C(C3=C(S2)C(N4C5=CC=C(CCCCCC)C=C5)=C(C6=C4C7=C(C8=NSN=C68)C(SC9=C%10SC(/C=C%11C(C%12=CC(F)=C(C=C%12C\%11=C(C#N)/C#N)F)=O)=C9CCCCCCCCCCC)=C%10N7C%13=CC=C(CCCCCC)C=C%13)S3)CCCCCCCCCCC)C%14=CC(F)=C(F)C=C%14C1=C(C#N)/C#N,15.3,FC(C=C(C1=C2SC=CC2=C(C3=CC(F)=C(CC(CCCC)CC)S3)C4=C1C=C(C5=CC=C(C6=C(C(C(C7=C(CC(CCCC)CC)SC(CC(CC)CCCC)=C78)=O)=C(C9=CC=CC9)S6)C8=O)S5)S4)S%10)=C%10CC(CC)CCCC||O=C(C/1=C\C2=C(C3=C(S2)C(N4C5=CC=C(CCCCCC)C=C5)=C(C6=C4C7=C(C8=NSN=C68)C(SC9=C%10SC(/C=C%11C(C%12=CC(F)=C(C=C%12C\%11=C(C#N)/C#N)F)=O)=C9CCCCCCCCCCC)=C%10N7C%13=CC=C(CCCCCC)C=C%13)S3)CCCCCCCCCCC)C%14=CC(F)=C(F)C=C%14C1=C(C#N)/C#N,61eee9608e36bdb1d3a96a3ad1baa39916f3a546e29d11481966a5a2d3d30f3c,3bc5e962960694d5a8c90d751d3f10c939059169c6882aed8bdcfb92d36d6776,bfa75e48d842717222ebe609e773163fe00ad0ec4b672ffdd3f5ed86e73ecd35,6666db864e57fccca7ec2e9fb525c856890532c8a8b1ad9deea5dd8276d2cfa0,6ed2bf1d33bf8240c4287d3c4a4c18652e269cfc65fdc3a5d6af0ced70d1c7f4,909,490,504,20
25,in-house,26,O=C(C1=C(SC(C2=CC=C(S2)C3=CC(C(C4=CC(F)=C(S4)SCCCCCCCC)=C5SC(C)=CC5=C6C7=CC(F)=C(S7)SCCCCCCCC)=C6S3)=C18)C9=CC=C(S9)C)C%10=C(SC(CCCCCCCC)=C%10C8=O)CCCCCCCC,O=C(C/1=C\C2=C(C3=C(S2)C(N4C5=CC=C(CCCCCC)C=C5)=C(C6=C4C7=C(C8=NSN=C68)C(SC9=C%10SC(/C=C%11C(C%12=CC(F)=C(C=C%12C\%11=C(C#N)/C#N)F)=O)=C9CCCCCCCCCCC)=C%10N7C%13=CC=C(CCCCCC)C=C%13)S3)CCCCCCCCCCC)C%14=CC(F)=C(F)C=C%14C1=C(C#N)/C#N,15.18,O=C(C1=C(SC(C2=CC=C(S2)C3=CC(C(C4=CC(F)=C(S4)SCCCCCCCC)=C5SC(C)=CC5=C6C7=CC(F)=C(S7)SCCCCCCCC)=C6S3)=C18)C9=CC=C(S9)C)C%10=C(SC(CCCCCCCC)=C%10C8=O)CCCCCCCC||O=C(C/1=C\C2=C(C3=C(S2)C(N4C5=CC=C(CCCCCC)C=C5)=C(C6=C4C7=C(C8=NSN=C68)C(SC9=C%10SC(/C=C%11C(C%12=CC(F)=C(C=C%12C\%11=C(C#N)/C#N)F)=O)=C9CCCCCCCCCCC)=C%10N7C%13=CC=C(CCCCCC)C=C%13)S3)CCCCCCCCCCC)C%14=CC(F)=C(F)C=C%14C1=C(C#N)/C#N,f99b7ce32848c40274f819691abe7f2348a9c079e1da0cb5c1ae130ebdd8408c,3bc5e962960694d5a8c90d751d3f10c939059169c6882aed8bdcfb92d36d6776,6f38b4411ff93fe3dd5e472014f45e0d09f7ce1dc0fd07a4461ddca14e476fb9,703745bb4ee0318de3f9bccaca6420a605900a86bb6e90d8075ad6afddf266f4,da9f220418e31f185ca18914ca26a6f6b9c4921f8d15ad01d61bbe2a1f5fdbd2,502,549,1010,21
26,in-house,27,O=C1C2=C(CC(CC)CCCC)SC(CC(CC)CCCC)=C2C(C3=C(C4=CC=C(C5=CC(C(C6=CC(F)=C(CC(CC)CCCC)S6)=C(SC=C7)C7=C8C9=CC(F)=C(CC(CC)CCCC)S9)=C8S5)S4)SC(C%10=CC=CS%10)=C31)=O,CCC(CN1N=C2C3=C(C4=C(C5=C(N4CC(CCCC)CC)C(SC(/C=C6/C(C7=C(C6=O)C=C(C(F)=C7)F)=C(C#N)/C#N)=C8CCCCCC)=C8S5)C2=N1)N(CC(CCCC)CC)C9=C3SC(/C=C%10C(C(C=C(F)C(F)=C%11)=C%11C\%10=C(C#N)/C#N)=O)=C9CCCCCC)CCCC,15.14,O=C1C2=C(CC(CC)CCCC)SC(CC(CC)CCCC)=C2C(C3=C(C4=CC=C(C5=CC(C(C6=CC(F)=C(CC(CC)CCCC)S6)=C(SC=C7)C7=C8C9=CC(F)=C(CC(CC)CCCC)S9)=C8S5)S4)SC(C%10=CC=CS%10)=C31)=O||CCC(CN1N=C2C3=C(C4=C(C5=C(N4CC(CCCC)CC)C(SC(/C=C6/C(C7=C(C6=O)C=C(C(F)=C7)F)=C(C#N)/C#N)=C8CCCCCC)=C8S5)C2=N1)N(CC(CCCC)CC)C9=C3SC(/C=C%10C(C(C=C(F)C(F)=C%11)=C%11C\%10=C(C#N)/C#N)=O)=C9CCCCCC)CCCC,65482d735aa1f382b817dd8d95b1689b39b0b3c26138949c2680844f1b1f5ea0,6047dca06660dd5db11d716a06302d88c202b495c72f99dfcede81322f73fa55,bbdad9ed3d6d35b6fd068991d7b33baa9670360156f9ee17cedd332eb03c26a7,1106b69e5d6f0dcf29a588390df6964e234c531d0d4dbdf1fa34dba758ea1c43,70962d5dcbfcb290307ca627c37a7bd4b50499f930d2a8f0c0d8cad58b6d7ae1,888,84,509,22
27,in-house,28,CC(S1)=CC=C1C(C(C(C(C(S2)=CC=C2C3=CC4=C(C5=CC(Cl)=C(CC(CCCC)CC)S5)C6=C(C=C(C)S6)C(C7=CC(Cl)=C(CC(CC)CCCC)C7)=C4S3)=C8C9=O)=N%10)=NN%10CCC(CCCC)CC)=C8C(N9CCCCCCCC)=O,O=C(C/1=C\C2=C(C3=C(S2)C(N4C5=CC=C(CCCCCC)C=C5)=C(C6=C4C7=C(C8=NSN=C68)C(SC9=C%10SC(/C=C%11C(C%12=CC(F)=C(C=C%12C\%11=C(C#N)/C#N)F)=O)=C9CCCCCCCCCCC)=C%10N7C%13=CC=C(CCCCCC)C=C%13)S3)CCCCCCCCCCC)C%14=CC(F)=C(F)C=C%14C1=C(C#N)/C#N,15.06,CC(S1)=CC=C1C(C(C(C(C(S2)=CC=C2C3=CC4=C(C5=CC(Cl)=C(CC(CCCC)CC)S5)C6=C(C=C(C)S6)C(C7=CC(Cl)=C(CC(CC)CCCC)C7)=C4S3)=C8C9=O)=N%10)=NN%10CCC(CCCC)CC)=C8C(N9CCCCCCCC)=O||O=C(C/1=C\C2=C(C3=C(S2)C(N4C5=CC=C(CCCCCC)C=C5)=C(C6=C4C7=C(C8=NSN=C68)C(SC9=C%10SC(/C=C%11C(C%12=CC(F)=C(C=C%12C\%11=C(C#N)/C#N)F)=O)=C9CCCCCCCCCCC)=C%10N7C%13=CC=C(CCCCCC)C=C%13)S3)CCCCCCCCCCC)C%14=CC(F)=C(F)C=C%14C1=C(C#N)/C#N,57cc61b904720172a28f34105f5b34b334f82c6a5143d8df2f47e116924c8f4b,3bc5e962960694d5a8c90d751d3f10c939059169c6882aed8bdcfb92d36d6776,3ce07e6811e6553d16c440c3820ebb2a393a917e5a0fbd9b0677ba8b0b7d2574,682ad87bbadc48240f4b02716f36e2cc1b99214ae094ec91002487f8c91f3d34,fd9eba1cc4f9152c7b2f64903b571d22585b078c9c6eb4d031d54bc897c9f0a6,272,498,1183,23
28,in-house,29,O=C1C2=C(CC(CC)CCCC)SC(CC(CC)CCCC)=C2C(C3=C(C4=CC=C(C5=CC(C(C6=CC(F)=C(CC(CC)CCCC)S6)=C(SC=C7)C7=C8C9=CC(F)=C(CC(CC)CCCC)S9)=C8S5)S4)SC(C%10=CC=CS%10)=C31)=O,[F]C1=CC2=C(C(/C(C2=O)=C/C3=CC4=C(C5=C(N4C(CCCCCC)CCCC)C6=C(C(OCC(CCCC)CC)=C7C8=C(C9=C(N8CC(CCCCCC)CCCC)C=C(/C=C%10C(C%11=CC([F])=C(C=C%11C\%10=C(C#N)\C#N)[F])=O)S9)SC7=C6OCC(CCCC)CC)S5)S3)=C(C#N)\C#N)C=C1[F],14.83,O=C1C2=C(CC(CC)CCCC)SC(CC(CC)CCCC)=C2C(C3=C(C4=CC=C(C5=CC(C(C6=CC(F)=C(CC(CC)CCCC)S6)=C(SC=C7)C7=C8C9=CC(F)=C(CC(CC)CCCC)S9)=C8S5)S4)SC(C%10=CC=CS%10)=C31)=O||[F]C1=CC2=C(C(/C(C2=O)=C/C3=CC4=C(C5=C(N4C(CCCCCC)CCCC)C6=C(C(OCC(CCCC)CC)=C7C8=C(C9=C(N8CC(CCCCCC)CCCC)C=C(/C=C%10C(C%11=CC([F])=C(C=C%11C\%10=C(C#N)\C#N)[F])=O)S9)SC7=C6OCC(CCCC)CC)S5)S3)=C(C#N)\C#N)C=C1[F],65482d735aa1f382b817dd8d95b1689b39b0b3c26138949c2680844f1b1f5ea0,5014b53db4f4692e088c0e1ee6f58986ad745545c920be9a8d04826790dc7ccc,4ae07a6ec2ff7773342e483c59c2f3ba04dbf51b1aa3af2ba0df7a2871c21081,3cbc265a446dea9198a8771c775845e3c7a912b4d12f7766b4f46cba79cc06b7,e9c337ec75d4050a7929bbf258f6a0252fea681865d248a5883877a9c8be03a3,348,296,1087,24
29,in-house,30,O=C1C2=C(CC(CC)CCCC)SC(CC(CC)CCCC)=C2C(C3=C(C4=CC=C(C5=CC(C(C6=CC(F)=C(CC(CC)CCCC)S6)=C(SC=C7)C7=C8C9=CC(F)=C(CC(CC)CCCC)S9)=C8S5)S4)SC(C%10=CC=CS%10)=C31)=O,O=C1C2=C(C=C(C(Cl)=C2)Cl)C(/C1=C/C(SC3=C4N(CC(CCCCCC)CCCC)C5=C3C6=NSN=C6C7=C5N(CC(CCCCCC)CCCC)C8=C7SC9=C8N(CC(CCCC)CC)C%10=C9SC(/C=C%11/C(C(C=C(Cl)C(Cl)=C%12)=C%12C%11=O)=C(C#N)/C#N)=C%10)=C4CCCCCCCC)=C(C#N)/[N+]#[C-],14.81,O=C1C2=C(CC(CC)CCCC)SC(CC(CC)CCCC)=C2C(C3=C(C4=CC=C(C5=CC(C(C6=CC(F)=C(CC(CC)CCCC)S6)=C(SC=C7)C7=C8C9=CC(F)=C(CC(CC)CCCC)S9)=C8S5)S4)SC(C%10=CC=CS%10)=C31)=O||O=C1C2=C(C=C(C(Cl)=C2)Cl)C(/C1=C/C(SC3=C4N(CC(CCCCCC)CCCC)C5=C3C6=NSN=C6C7=C5N(CC(CCCCCC)CCCC)C8=C7SC9=C8N(CC(CCCC)CC)C%10=C9SC(/C=C%11/C(C(C=C(Cl)C(Cl)=C%12)=C%12C%11=O)=C(C#N)/C#N)=C%10)=C4CCCCCCCC)=C(C#N)/[N+]#[C-],65482d735aa1f382b817dd8d95b1689b39b0b3c26138949c2680844f1b1f5ea0,7430aeb7a3c2694eca9ac06ce0b8ecc25fb7d892fdb8e729713afb5e6b8a27c7,6a1a1a41b31f247e24e4fbe227394ccf2d3bb75b49606b124f9254f90ccf6caa,24a9ce0c67ce5fe4e775d37be6d197c6c9c048e78a8ac8e33ca2d8d6171b1dc5,253b7d6038fc25775d87f1f0e35ce76e1fecc482694066c0b24d1aff480bd1c3,483,179,152,25
30,in-house,31,CC1=CC(C(C2=CC(F)=C(S2)CC(CC)CCCC)=C3SC(C4=CC=C(S4)C5=C(C(C6=C(SC(CC(CCCC)CC)=C6C7=O)CC(CC)CCCC)=O)C7=C(C8=CC=C(S8)C)S5)=CC3=C9C%10=CC(F)=C(S%10)CC(CCCC)CC)=C9S1,O=C(C1=CC(F)=C(C=C1C/2=C(C#N)\C#N)F)C2=C/C3=CC(SC(C4=C5C6=C(C7=C(N6CC(CCC)CCCC)C8=C(C=C(S8)/C=C9C(C%10=CC(F)=C(C=C%10C\9=C(C#N)\C#N)F)=O)S7)C%11=NN(N=C4%11)CC(CC)CCCC)=C%12N5CC(CCCC)CC)=C%12S3,14.8,CC1=CC(C(C2=CC(F)=C(S2)CC(CC)CCCC)=C3SC(C4=CC=C(S4)C5=C(C(C6=C(SC(CC(CCCC)CC)=C6C7=O)CC(CC)CCCC)=O)C7=C(C8=CC=C(S8)C)S5)=CC3=C9C%10=CC(F)=C(S%10)CC(CCCC)CC)=C9S1||O=C(C1=CC(F)=C(C=C1C/2=C(C#N)\C#N)F)C2=C/C3=CC(SC(C4=C5C6=C(C7=C(N6CC(CCC)CCCC)C8=C(C=C(S8)/C=C9C(C%10=CC(F)=C(C=C%10C\9=C(C#N)\C#N)F)=O)S7)C%11=NN(N=C4%11)CC(CC)CCCC)=C%12N5CC(CCCC)CC)=C%12S3,a9401d5944a76c5bf0f1f3df5cbca21a56e54adb0b9ac4d09b3e51f693306032,c7dba4d8a1fd22c881b3a61725da6ef55598ab2c35290a5a37efd2d566d39093,b6a722b747f61045453351c263925c0a2036b80fd357eb22ffa08204ad7ea740,23251aedb0ad6712c4d4835228602d70207c2cc400213e5bad471d0872ad30f5,459e3884fd302c7fc117aacef6024ed65ebb41c191605d3ca7363f647c428f8a,861,169,308,26
31,in-house,32,CC(SC1=C(C2=C3SC(C4=CC=C(C)S4)=C2)C5=CC(F)=C(S5)CC(CCCC)CC)=CC1=C3C6=CC(F)=C(S6)CC(CC)CCCC.CC(OCC)=O,c1(cc2c(cc1F)C(=O)/C(=C\c1cc3c(s1)c1c(s3)c3c(C1(c1ccc(cc1)CCCCCC)c1ccc(cc1)CCCCCC)cc1c(c3)C(c3c1sc1c3sc(c1)/C=C/1\C(=O)c3c(C1=C(C#N)C#N)cc(c(c3)F)F)(c1ccc(cc1)CCCCCC)c1ccc(cc1)CCCCCC)/C2=C(C#N)C#N)F,14.7,CC(SC1=C(C2=C3SC(C4=CC=C(C)S4)=C2)C5=CC(F)=C(S5)CC(CCCC)CC)=CC1=C3C6=CC(F)=C(S6)CC(CC)CCCC.CC(OCC)=O||c1(cc2c(cc1F)C(=O)/C(=C\c1cc3c(s1)c1c(s3)c3c(C1(c1ccc(cc1)CCCCCC)c1ccc(cc1)CCCCCC)cc1c(c3)C(c3c1sc1c3sc(c1)/C=C/1\C(=O)c3c(C1=C(C#N)C#N)cc(c(c3)F)F)(c1ccc(cc1)CCCCCC)c1ccc(cc1)CCCCCC)/C2=C(C#N)C#N)F,030f9bd91071974d03639c6813a374465c6e2d3872c4cd78adba1f24bb447b74,69e17d1724b4236f68d0c6efb6ad16969f13f8980d301d0056747038b20f0c8d,73ec93dc8b32c49d5207983c84481de784f84d97624df396f1bb93f2f8306847,697af0c0ed93c3934a62fd78dddaf29c9c02ba501e66f3586a8a7b52078a4998,15e1f8e3126e9678a1712b134224e1531b6854d8ebb9ae97642b0cad55fca107,524,509,97,27
32,in-house,33,O=C1C2=C(CC(CC)CCCC)SC(CC(CC)CCCC)=C2C(C3=C(C4=CC=C(C5=CC(C(C6=CC(F)=C(CC(CC)CCCC)S6)=C(SC=C7)C7=C8C9=CC(F)=C(CC(CC)CCCC)S9)=C8S5)S4)SC(C%10=CC=CS%10)=C31)=O,C=C(C/1=C\C2=C(CCCCCCCCCCC)C(SC3=C4N(C5=C3C6=NSN=C6C7=C5N(C8=C7SC9=C8SC(/C=C%10/C(C%11=C(C%10=O)C(Cl)=C(Cl)C=C%11)=C(C#N)\C#N)=C9CCCCCCCCCCC)CC(CCCC)CC)CC(CC)CCCC)=C4S2)C%12=C(C1=C(C#N)/C#N)C=C(Cl)C(Cl)=C%12,14.5,O=C1C2=C(CC(CC)CCCC)SC(CC(CC)CCCC)=C2C(C3=C(C4=CC=C(C5=CC(C(C6=CC(F)=C(CC(CC)CCCC)S6)=C(SC=C7)C7=C8C9=CC(F)=C(CC(CC)CCCC)S9)=C8S5)S4)SC(C%10=CC=CS%10)=C31)=O||C=C(C/1=C\C2=C(CCCCCCCCCCC)C(SC3=C4N(C5=C3C6=NSN=C6C7=C5N(C8=C7SC9=C8SC(/C=C%10/C(C%11=C(C%10=O)C(Cl)=C(Cl)C=C%11)=C(C#N)\C#N)=C9CCCCCCCCCCC)CC(CCCC)CC)CC(CC)CCCC)=C4S2)C%12=C(C1=C(C#N)/C#N)C=C(Cl)C(Cl)=C%12,65482d735aa1f382b817dd8d95b1689b39b0b3c26138949c2680844f1b1f5ea0,48d2fa8cbf713d09419d1f338df62498f2fc865eae771a1579399246a78d1334,8f877e7e63bf3ce41e80881cda4bae1033d7adc2405ebbc194fc5c43d3067be3,1ddfa3b9ab1d0f48de9c52f24df4e727ee96f75044c2483baba339b579cd3c8e,f566eed42d1763a39d1224e2d6d23ebf534a5aa4104ac9652901b503d4a75059,661,148,1149,28
33,in-house,35,O=C1C2=C(CC(CC)CCCC)SC(CC(CC)CCCC)=C2C(C3=C(C4=CC=C(C5=CC(C(C6=CC(F)=C(CC(CC)CCCC)S6)=C(SC=C7)C7=C8C9=CC(F)=C(CC(CC)CCCC)S9)=C8S5)S4)SC(C%10=CC=CS%10)=C31)=O,O=C(C1=C2C=C(Cl)C(Cl)=C1)C(/C2=C(C#N)/C#N)=C\C3=C(CCCCCCCC)C(SC4=C5N(C6=C4C7=NSN=C7C8=C6N(CC(CCCC)CC)C9=C8SC(/C=C%10/C(C%11=C(C%10=O)C=C(Cl)C(Cl)=C%11)=C(C#N)\[N+]#[C-])=C9CCCCCCCC)CC(CCCC)CC)=C5S3,14.45,O=C1C2=C(CC(CC)CCCC)SC(CC(CC)CCCC)=C2C(C3=C(C4=CC=C(C5=CC(C(C6=CC(F)=C(CC(CC)CCCC)S6)=C(SC=C7)C7=C8C9=CC(F)=C(CC(CC)CCCC)S9)=C8S5)S4)SC(C%10=CC=CS%10)=C31)=O||O=C(C1=C2C=C(Cl)C(Cl)=C1)C(/C2=C(C#N)/C#N)=C\C3=C(CCCCCCCC)C(SC4=C5N(C6=C4C7=NSN=C7C8=C6N(CC(CCCC)CC)C9=C8SC(/C=C%10/C(C%11=C(C%10=O)C=C(Cl)C(Cl)=C%11)=C(C#N)\[N+]#[C-])=C9CCCCCCCC)CC(CCCC)CC)=C5S3,65482d735aa1f382b817dd8d95b1689b39b0b3c26138949c2680844f1b1f5ea0,ab1410c5a541f03da9a96601621ba506339e360092b3eafe6f0e218796b3b060,f0b5731b4b97a057fccb9aaa49e034845cbce1999b79913c9dcadb27d0565423,2ca377e0f3c7c4799e52c2d4fdf422186579da70fa094f26a59db6e75d64e8e2,e0af34fbee4279e13cd3ad97480b4ff6c24917be4b25d5712a1af4abc77289be,1133,210,1040,29
34,in-house,36,O=C1C2=C(CC(CC)CCCC)SC(CC(CC)CCCC)=C2C(C3=C(C4=CC=C(C5=CC(C(C6=CC(F)=C(CC(CC)CCCC)S6)=C(SC=C7)C7=C8C9=CC(F)=C(CC(CC)CCCC)S9)=C8S5)S4)SC(C%10=CC=CS%10)=C31)=O,ClC1=CC2=C(C(C(/C2=C(C#N)\C#N)=C\C3=C(CCCCCCCCCCC)C4=C(C(N(CC(CCCCCC)CCCC)C5=C6C7=NSN=C7C8=C5N(CC(CCCCCC)CCCC)C9=C8SC%10=C9SC(/C=C(C%11=O)/C(C%12=C%11C=C(Cl)C(Cl)=C%12)=C(C#N)\C#N)=C%10CCCCCCCCCCC)=C6S4)S3)=O)C=C1Cl,14.4,O=C1C2=C(CC(CC)CCCC)SC(CC(CC)CCCC)=C2C(C3=C(C4=CC=C(C5=CC(C(C6=CC(F)=C(CC(CC)CCCC)S6)=C(SC=C7)C7=C8C9=CC(F)=C(CC(CC)CCCC)S9)=C8S5)S4)SC(C%10=CC=CS%10)=C31)=O||ClC1=CC2=C(C(C(/C2=C(C#N)\C#N)=C\C3=C(CCCCCCCCCCC)C4=C(C(N(CC(CCCCCC)CCCC)C5=C6C7=NSN=C7C8=C5N(CC(CCCCCC)CCCC)C9=C8SC%10=C9SC(/C=C(C%11=O)/C(C%12=C%11C=C(Cl)C(Cl)=C%12)=C(C#N)\C#N)=C%10CCCCCCCCCCC)=C6S4)S3)=O)C=C1Cl,65482d735aa1f382b817dd8d95b1689b39b0b3c26138949c2680844f1b1f5ea0,d83c83d828218ad56b8d287b5f714686e4da46e4ae7015004fa90caf28b22e51,710a61414634b5e4b5f5bc76959adbf35b9dc7dc2c164496ac1523674f4277b2,ef5286a8e5b062f9310c0393b91e66fa56afeb0b7c335463eb7343a420c1ad5d,ee9b2a65d76c8646ab1771681b4249d45b487aa4dd813d4414e91f7270303de8,513,1113,1119,2
35,in-house,37,[F]C1=C(CC)SC(C2=C3C(C=C(C)C3)C(C4=CC([F])=C(S4)CC)=C5SC(C6=CC=C(S6)C7=C(C(C8=C(SC(CC)=C8C9=O)CC)=O)C9=C(C%10=CC=C(S%10)C)S7)=CC25)=C1,c1(cc2c(cc1F)C(=O)/C(=C\c1cc3c(s1)c1c(s3)c3c(C1(c1ccc(cc1)CCCCCC)c1ccc(cc1)CCCCCC)cc1c(c3)C(c3c1sc1c3sc(c1)/C=C/1\C(=O)c3c(C1=C(C#N)C#N)cc(c(c3)F)F)(c1ccc(cc1)CCCCCC)c1ccc(cc1)CCCCCC)/C2=C(C#N)C#N)F,14.4,[F]C1=C(CC)SC(C2=C3C(C=C(C)C3)C(C4=CC([F])=C(S4)CC)=C5SC(C6=CC=C(S6)C7=C(C(C8=C(SC(CC)=C8C9=O)CC)=O)C9=C(C%10=CC=C(S%10)C)S7)=CC25)=C1||c1(cc2c(cc1F)C(=O)/C(=C\c1cc3c(s1)c1c(s3)c3c(C1(c1ccc(cc1)CCCCCC)c1ccc(cc1)CCCCCC)cc1c(c3)C(c3c1sc1c3sc(c1)/C=C/1\C(=O)c3c(C1=C(C#N)C#N)cc(c(c3)F)F)(c1ccc(cc1)CCCCCC)c1ccc(cc1)CCCCCC)/C2=C(C#N)C#N)F,6213dd4049a47a1d3ddd86c99b799fe4ba312bdc695c607b0b6163384ca5ea00,69e17d1724b4236f68d0c6efb6ad16969f13f8980d301d0056747038b20f0c8d,31604af84fc6b4df4539d49579aea20bf59b5450a08d5ce8048036407c7139dc,cd88694cfecfbf0093a23e6a69f7da278af0c7d5f364d2c26b8a444aecb4539f,f14755fc90bb91836c49bf75aca2b70c55a8d7acd96fac86bf4205df8afe5739,218,946,1126,30
36,in-house,38,[Cl]C1=C(CC)SC(C2=C3C(C=C(C)C3)C(C4=CC([Cl])=C(S4)CC)=C5SC(C6=CC=C(S6)C7=C(C(C8=C(SC(CC)=C8C9=O)CC)=O)C9=C(C%10=CC=C(S%10)C)S7)=CC25)=C1,c1(cc2c(cc1F)C(=O)/C(=C\c1cc3c(s1)c1c(s3)c3c(C1(c1ccc(cc1)CCCCCC)c1ccc(cc1)CCCCCC)cc1c(c3)C(c3c1sc1c3sc(c1)/C=C/1\C(=O)c3c(C1=C(C#N)C#N)cc(c(c3)F)F)(c1ccc(cc1)CCCCCC)c1ccc(cc1)CCCCCC)/C2=C(C#N)C#N)F,14.4,[Cl]C1=C(CC)SC(C2=C3C(C=C(C)C3)C(C4=CC([Cl])=C(S4)CC)=C5SC(C6=CC=C(S6)C7=C(C(C8=C(SC(CC)=C8C9=O)CC)=O)C9=C(C%10=CC=C(S%10)C)S7)=CC25)=C1||c1(cc2c(cc1F)C(=O)/C(=C\c1cc3c(s1)c1c(s3)c3c(C1(c1ccc(cc1)CCCCCC)c1ccc(cc1)CCCCCC)cc1c(c3)C(c3c1sc1c3sc(c1)/C=C/1\C(=O)c3c(C1=C(C#N)C#N)cc(c(c3)F)F)(c1ccc(cc1)CCCCCC)c1ccc(cc1)CCCCCC)/C2=C(C#N)C#N)F,7a11f928c0e326f5a997d7edb123c3e2980ed2dc99d8540493801d0b5415b33f,69e17d1724b4236f68d0c6efb6ad16969f13f8980d301d0056747038b20f0c8d,0d5a46ef25f4ca95f8714782832669d56e784debcf87c17ee1c64bfc3e08020e,1a8b60ef70fc9d5a858f2eba16e5ef90d47423db547ecdac4736414157096b56,2b2f227d2ab286235a1fecc6080bfc8bf510c3116c3c5066b21ba9613f47b10d,62,135,188,31
37,in-house,40,CC(S1)=CC=C1C(C(C(C(C(S2)=CC=C2C3=CC4=C(C5=CC(F)=C(CC(CCCC)CC)S5)C6=C(C=C(C)S6)C(C7=CC(F)=C(CC(CC)CCCC)C7)=C4S3)=C8C9=O)=N%10)=NN%10CCC(CCCC)CC)=C8C(N9CCCCCCCC)=O,O=C(C/1=C\C2=C(C3=C(S2)C(N4C5=CC=C(CCCCCC)C=C5)=C(C6=C4C7=C(C8=NSN=C68)C(SC9=C%10SC(/C=C%11C(C%12=CC(F)=C(C=C%12C\%11=C(C#N)/C#N)F)=O)=C9CCCCCCCCCCC)=C%10N7C%13=CC=C(CCCCCC)C=C%13)S3)CCCCCCCCCCC)C%14=CC(F)=C(F)C=C%14C1=C(C#N)/C#N,14.16,CC(S1)=CC=C1C(C(C(C(C(S2)=CC=C2C3=CC4=C(C5=CC(F)=C(CC(CCCC)CC)S5)C6=C(C=C(C)S6)C(C7=CC(F)=C(CC(CC)CCCC)C7)=C4S3)=C8C9=O)=N%10)=NN%10CCC(CCCC)CC)=C8C(N9CCCCCCCC)=O||O=C(C/1=C\C2=C(C3=C(S2)C(N4C5=CC=C(CCCCCC)C=C5)=C(C6=C4C7=C(C8=NSN=C68)C(SC9=C%10SC(/C=C%11C(C%12=CC(F)=C(C=C%12C\%11=C(C#N)/C#N)F)=O)=C9CCCCCCCCCCC)=C%10N7C%13=CC=C(CCCCCC)C=C%13)S3)CCCCCCCCCCC)C%14=CC(F)=C(F)C=C%14C1=C(C#N)/C#N,4cab1ee65d7f5853baa9e92d20773e797dd398d7543bf61127401e16d962649d,3bc5e962960694d5a8c90d751d3f10c939059169c6882aed8bdcfb92d36d6776,c8f680614a47e9a871527c922f361ed771658356c8d47d2416a73ece5b9b506a,fb170db1d8d582a153c96b36b9053b5e031024ce3804bd7c112971f239797b13,e5b6a1ca05bbc33698f6fd177e24e9425f2f3fb39d9416b71816952a82548550,960,1166,1067,32
38,in-house,42,FC(C=C(C1=C2SC=CC2=C(C3=CC(F)=C(CC(CCCC)CC)S3)C4=C1C=C(C5=CC=C(C6=C(C(C(C7=C(CC(CCCC)CC)SC(CC(CC)CCCC)=C78)=O)=C(C9=CC=CC9)S6)C8=O)S5)S4)S%10)=C%10CC(CC)CCCC,O=C(C(C=C(C(Br)=C1)Br)=C1C/2=C(C#N)/C#N)C2=C/C3=C(CCCCCCCCCCC)C(SC(C4=C5C6=C(C7=C(N6CCCCCCCCCCCC)C8=C(C(CCCCCCCCCCC)=C(S8)/C=C9C(C%10=C(C=C(Br)C(Br)=C%10)C\9=C(C#N)/C#N)=O)S7)C%11=NSN=C%114)=C%12N5CCCCCCCCCCCC)=C%12S3,14.03,FC(C=C(C1=C2SC=CC2=C(C3=CC(F)=C(CC(CCCC)CC)S3)C4=C1C=C(C5=CC=C(C6=C(C(C(C7=C(CC(CCCC)CC)SC(CC(CC)CCCC)=C78)=O)=C(C9=CC=CC9)S6)C8=O)S5)S4)S%10)=C%10CC(CC)CCCC||O=C(C(C=C(C(Br)=C1)Br)=C1C/2=C(C#N)/C#N)C2=C/C3=C(CCCCCCCCCCC)C(SC(C4=C5C6=C(C7=C(N6CCCCCCCCCCCC)C8=C(C(CCCCCCCCCCC)=C(S8)/C=C9C(C%10=C(C=C(Br)C(Br)=C%10)C\9=C(C#N)/C#N)=O)S7)C%11=NSN=C%114)=C%12N5CCCCCCCCCCCC)=C%12S3,61eee9608e36bdb1d3a96a3ad1baa39916f3a546e29d11481966a5a2d3d30f3c,61e1083ae266a0c0d0562f5978ecf2ec4d01974439c1e3d455b138ce4d181741,dfddec171cf5b907634b3cfa86ae2f60a5ca0d06e64dba8008bb5a7dfb986dfd,1007fcb65d03ac3eeffadbcf7be9e35f5be3e82b10b7b415fcc3c39c62d68d0a,4a49993e99cf73bd0b6b87efb3bce026b4400c5ec011d9f500e4b2d22c88bd9b,1058,77,326,33
39,in-house,43,CC1=CC(C(C2=CC(Cl)=C(CC)S2)=C(C(C)=C3C4=CC(Cl)=C(S4)CC)SCC5=C(CCCCCC)C6=C(C=C(S6)C7=C(C(F)=C(C8=NN(N=C78)CC(CCCCCC)CCCCCCCC)C9=CC%10=C(S9)C(CCCCCC)=C(C)S%10)F)S5)=C3S1,O=C(C/1=C\C2=C(C3=C(S2)C(N4C5=CC=C(CCCCCC)C=C5)=C(C6=C4C7=C(C8=NSN=C68)C(SC9=C%10SC(/C=C%11C(C%12=CC(F)=C(C=C%12C\%11=C(C#N)/C#N)F)=O)=C9CCCCCCCCCCC)=C%10N7C%13=CC=C(CCCCCC)C=C%13)S3)CCCCCCCCCCC)C%14=CC(F)=C(F)C=C%14C1=C(C#N)/C#N,14.02,CC1=CC(C(C2=CC(Cl)=C(CC)S2)=C(C(C)=C3C4=CC(Cl)=C(S4)CC)SCC5=C(CCCCCC)C6=C(C=C(S6)C7=C(C(F)=C(C8=NN(N=C78)CC(CCCCCC)CCCCCCCC)C9=CC%10=C(S9)C(CCCCCC)=C(C)S%10)F)S5)=C3S1||O=C(C/1=C\C2=C(C3=C(S2)C(N4C5=CC=C(CCCCCC)C=C5)=C(C6=C4C7=C(C8=NSN=C68)C(SC9=C%10SC(/C=C%11C(C%12=CC(F)=C(C=C%12C\%11=C(C#N)/C#N)F)=O)=C9CCCCCCCCCCC)=C%10N7C%13=CC=C(CCCCCC)C=C%13)S3)CCCCCCCCCCC)C%14=CC(F)=C(F)C=C%14C1=C(C#N)/C#N,57903c9a84bb91e441054c12bbb26b6095b096a5a18dec459d979080c8e52500,3bc5e962960694d5a8c90d751d3f10c939059169c6882aed8bdcfb92d36d6776,6514c44b4103d99113580d241c0dd7067924017cca8a5916abacb3174fe66529,8b6c28eb0185732e2b5b48fb04fc7d527bb8cf36c5915d57eccb3d42849873eb,f2f2ac41a675ce31bdf1b934b47a22978cb5d0f4bf581b9c19dced530de13b5e,455,655,1136,34
40,in-house,45,O=C(C1=C(CCC(CCCC)CC)SC(CCC(CC)CCCC)=C1C2=O)C(C2=C(C3)C(C4)=CC=C4C5=CC6=C(C(C7=CC=C(CCC(CCCC)CC)S7)=C8C=CSC8=C6C9=CC=C(CCC(CCCC)CC)S9)S5)=C3C%10=CC=CS%10,CCCCCCC1=CC=C(C2(C3=CC=C(C=C3)CCCCCC)C4=C(C=C(C5=C4)C(C(C=C6)=CC=C6CCCCCC)(C7=C5SC(/C=C8/C(C9=C(C8=O)C=C(F)C=C9)=C(C#N)\C#N)=C7)C(C=C%10)=CC=C%10CCCCCC)C%11=C2C%12=C(C(SC(/C=C(C%13=O)/C(C%14=C%13C=C(F)C=C%14)=C(C#N)\C#N)=C%15)=C%15N%12CCCCCCCC)S%11)C=C1,14.0,O=C(C1=C(CCC(CCCC)CC)SC(CCC(CC)CCCC)=C1C2=O)C(C2=C(C3)C(C4)=CC=C4C5=CC6=C(C(C7=CC=C(CCC(CCCC)CC)S7)=C8C=CSC8=C6C9=CC=C(CCC(CCCC)CC)S9)S5)=C3C%10=CC=CS%10||CCCCCCC1=CC=C(C2(C3=CC=C(C=C3)CCCCCC)C4=C(C=C(C5=C4)C(C(C=C6)=CC=C6CCCCCC)(C7=C5SC(/C=C8/C(C9=C(C8=O)C=C(F)C=C9)=C(C#N)\C#N)=C7)C(C=C%10)=CC=C%10CCCCCC)C%11=C2C%12=C(C(SC(/C=C(C%13=O)/C(C%14=C%13C=C(F)C=C%14)=C(C#N)\C#N)=C%15)=C%15N%12CCCCCCCC)S%11)C=C1,6f31f3770fd225e382586e20513744e11a328b7cc74c758d48628417c600a02b,aae7c036f50c84dd7d6739aad596ce6f0f64ca992761de8f4abce3a6fded56cd,f7aa181157ebfcc1f03031618ea39465e66ae63b4925359728626dcbb42f5b72,f8d826ff0c6cab552c1ec35930770530439e1d1ec959d171d15c4b059021ac48,866e01139c26eef2b6ebe41398a1d8d67a278177545411bec20a506a46ea7796,1156,1160,608,35
41,in-house,46,O=C1C2=C(CC(CC)CCCC)SC(CC(CC)CCCC)=C2C(C3=C(C4=CC=C(C5=CC(C(C6=CC(F)=C(CC(CC)CCCC)S6)=C(SC=C7)C7=C8C9=CC(F)=C(CC(CC)CCCC)S9)=C8S5)S4)SC(C%10=CC=CS%10)=C31)=O,FC1=CC(C(/C2=C/C3=C(CCCCCCCC)C4=C(S3)C(C(C5=CC=C(CCCCCC)C=C5)(C6=CC=C(CCCCCC)C=C6)C(C7=C8C)=C9SC7=CC%10=C8SC%11=C%10[C@](C%12=CC=C(CCCCCC)C=C%12)(C%13=C%11SC%14=C%13SC(/C=C%15/C(C%16=C(C%15=O)C=C(F)C(F)=C%16)=C(C#N)\[N+]#[C-])=C%14CCCCCCCC)C)=C9S4)=C(C#N)/C#N)=C(C2=O)C=C1F,13.95,O=C1C2=C(CC(CC)CCCC)SC(CC(CC)CCCC)=C2C(C3=C(C4=CC=C(C5=CC(C(C6=CC(F)=C(CC(CC)CCCC)S6)=C(SC=C7)C7=C8C9=CC(F)=C(CC(CC)CCCC)S9)=C8S5)S4)SC(C%10=CC=CS%10)=C31)=O||FC1=CC(C(/C2=C/C3=C(CCCCCCCC)C4=C(S3)C(C(C5=CC=C(CCCCCC)C=C5)(C6=CC=C(CCCCCC)C=C6)C(C7=C8C)=C9SC7=CC%10=C8SC%11=C%10[C@](C%12=CC=C(CCCCCC)C=C%12)(C%13=C%11SC%14=C%13SC(/C=C%15/C(C%16=C(C%15=O)C=C(F)C(F)=C%16)=C(C#N)\[N+]#[C-])=C%14CCCCCCCC)C)=C9S4)=C(C#N)/C#N)=C(C2=O)C=C1F,65482d735aa1f382b817dd8d95b1689b39b0b3c26138949c2680844f1b1f5ea0,116596b3c0bf5392305dd7a9038cea9b7842a248ef0ff307a76793926dc41fde,b22cef58ec7cfac39705fe113999e5f0d7ccd8ddb0529e74aa7c5d95b01ae27e,ccadeab06fe0d22661c54cf46f26ab11bac8ab9ae86b5968982b866f28f40ae8,cbf0f12d5ec0c3cb2d107a991a82bf9dbbcd62a7c76f6730cd02747073721746,827,942,936,36
42,in-house,47,O=C1C2=C(CC(CC)CCCC)SC(CC(CC)CCCC)=C2C(C3=C(C4=CC=C(C5=CC(C(C6=CC(F)=C(CC(CC)CCCC)S6)=C(SC=C7)C7=C8C9=CC(F)=C(CC(CC)CCCC)S9)=C8S5)S4)SC(C%10=CC=CS%10)=C31)=O,O=C(C1=CC(F)=C(C=C1C/2=C(C#N)\C#N)F)C2=C/C3=CC(C(C4=CC=C(CCCCCC)C=C4)(C5=CC=C(CCCCCC)C=C5)C6=C7SC8=C6C(C9=CC=C(C=C9)CC(CC)CCCC)=C(CC%10=C%11C(C%12=CC=C(CCCCCC)C=C%12)(C%13=CC(CCCCCC)=CC=C%13)C%14=C%10SC(/C=C%15C(C%16=C(C=C(F)C(F)=C%16)C\%15=C(C#N)\C#N)=O)=C%14)C%11=C8C%17=CC=C(C=C%17)CC(CC)CCCC)=C7S3,13.9,O=C1C2=C(CC(CC)CCCC)SC(CC(CC)CCCC)=C2C(C3=C(C4=CC=C(C5=CC(C(C6=CC(F)=C(CC(CC)CCCC)S6)=C(SC=C7)C7=C8C9=CC(F)=C(CC(CC)CCCC)S9)=C8S5)S4)SC(C%10=CC=CS%10)=C31)=O||O=C(C1=CC(F)=C(C=C1C/2=C(C#N)\C#N)F)C2=C/C3=CC(C(C4=CC=C(CCCCCC)C=C4)(C5=CC=C(CCCCCC)C=C5)C6=C7SC8=C6C(C9=CC=C(C=C9)CC(CC)CCCC)=C(CC%10=C%11C(C%12=CC=C(CCCCCC)C=C%12)(C%13=CC(CCCCCC)=CC=C%13)C%14=C%10SC(/C=C%15C(C%16=C(C=C(F)C(F)=C%16)C\%15=C(C#N)\C#N)=O)=C%14)C%11=C8C%17=CC=C(C=C%17)CC(CC)CCCC)=C7S3,65482d735aa1f382b817dd8d95b1689b39b0b3c26138949c2680844f1b1f5ea0,f8ad36986ac2ec03e7ce6e3ecfb32f1e01af31190d3900d35f6e614d8b61d2fe,474e52f038d1557eddca595d00e83f3df8aa95146062573c162ead2be9530ac7,8fea1f3f19d73ab2eb0b0915fe662fda66eaed1e474dabfadb7cbe4b1160e742,2e2ad3f91c326211ba942a0037a587fde91a6f5dc65c2a63f30dffa532712c0a,331,676,204,37
43,in-house,48,O=C1C2=C(CC(CC)CCCC)SC(CC(CC)CCCC)=C2C(C3=C(C4=CC=C(C5=CC(C(C6=CC(F)=C(CC(CC)CCCC)S6)=C(SC=C7)C7=C8C9=CC(F)=C(CC(CC)CCCC)S9)=C8S5)S4)SC(C%10=CC=CS%10)=C31)=O,O=C(C(C=C(F)C(F)=C1)=C1C/2=C(C#N)\C#N)C2=C/C3=CC4=C(C5=C(S4)C(C6(C7=CC=C(CCCCCCCC)C=C7)C8=CC=C(CCCCCCCC)C=C8)=C(C9=CC%10=C(C%11=C(C%10(C%12=CC=C(C=C%12)CCCCCCCC)C%13=CC=C(C=C%13)CCCCCCCC)C(SC%14=C%15SC(/C=C%16C(C%17=CC(F)=C(C=C%17C\%16=C(C#N)\C#N)F)=O)=C%14)=C%15S%11)C=C96)S5)S3,13.9,O=C1C2=C(CC(CC)CCCC)SC(CC(CC)CCCC)=C2C(C3=C(C4=CC=C(C5=CC(C(C6=CC(F)=C(CC(CC)CCCC)S6)=C(SC=C7)C7=C8C9=CC(F)=C(CC(CC)CCCC)S9)=C8S5)S4)SC(C%10=CC=CS%10)=C31)=O||O=C(C(C=C(F)C(F)=C1)=C1C/2=C(C#N)\C#N)C2=C/C3=CC4=C(C5=C(S4)C(C6(C7=CC=C(CCCCCCCC)C=C7)C8=CC=C(CCCCCCCC)C=C8)=C(C9=CC%10=C(C%11=C(C%10(C%12=CC=C(C=C%12)CCCCCCCC)C%13=CC=C(C=C%13)CCCCCCCC)C(SC%14=C%15SC(/C=C%16C(C%17=CC(F)=C(C=C%17C\%16=C(C#N)\C#N)F)=O)=C%14)=C%15S%11)C=C96)S5)S3,65482d735aa1f382b817dd8d95b1689b39b0b3c26138949c2680844f1b1f5ea0,7aeedf63c12b736e34a0a615914b84cd46e154b936481a9e59697139a182b618,dcd6bec6e559f9fc7c6eaa246047ec416b5602494c64b681efb6ac8cd0b0dc37,809af065b9b31be8b05a13f1cdb84852f3b4c1378f3fd1e0657449717b9207bc,dc3744ff1429bf4e028ea25dbfc7e80b538a8444c0645728194ab115a7ec5775,1047,614,1019,38
44,in-house,49,O=C1C2=C(CC(CC)CCCC)SC(CC(CC)CCCC)=C2C(C3=C(C4=CC=C(C5=CC(C(C6=CC(F)=C(CC(CC)CCCC)S6)=C(SC=C7)C7=C8C9=CC(F)=C(CC(CC)CCCC)S9)=C8S5)S4)SC(C%10=CC=CS%10)=C31)=O,[Cl]C1=CC2=C(C(/C(C2=O)=C/C3=CC4=C(C5=C(N4C(CCCCCC)CCCC)C6=C(C(OCC(CCCC)CC)=C7C8=C(C9=C(N8CC(CCCCCC)CCCC)C=C(/C=C%10C(C%11=CC([Cl])=C(C=C%11C\%10=C(C#N)\C#N)[Cl])=O)S9)SC7=C6OCC(CCCC)CC)S5)S3)=C(C#N)\C#N)C=C1[Cl],13.87,O=C1C2=C(CC(CC)CCCC)SC(CC(CC)CCCC)=C2C(C3=C(C4=CC=C(C5=CC(C(C6=CC(F)=C(CC(CC)CCCC)S6)=C(SC=C7)C7=C8C9=CC(F)=C(CC(CC)CCCC)S9)=C8S5)S4)SC(C%10=CC=CS%10)=C31)=O||[Cl]C1=CC2=C(C(/C(C2=O)=C/C3=CC4=C(C5=C(N4C(CCCCCC)CCCC)C6=C(C(OCC(CCCC)CC)=C7C8=C(C9=C(N8CC(CCCCCC)CCCC)C=C(/C=C%10C(C%11=CC([Cl])=C(C=C%11C\%10=C(C#N)\C#N)[Cl])=O)S9)SC7=C6OCC(CCCC)CC)S5)S3)=C(C#N)\C#N)C=C1[Cl],65482d735aa1f382b817dd8d95b1689b39b0b3c26138949c2680844f1b1f5ea0,8444f3747a43afd10a878cafdba29754b28d8458950b60f0883dbef199ecf1f7,bee71710ab3d4f553e569d3a71cbe1abcb86fe3e61aed91db5430c59b36455c7,7d55d7dba9c11a829a03cac366b98574c4c3f93c82c86893d700aac29feef0c3,4caa892d25a81ab1ff15b12888264d311b189681ffdcde4099a8e74dcc77e844,906,598,336,39
45,in-house,50,O=C1C2=C(CC(CC)CCCC)SC(CC(CC)CCCC)=C2C(C3=C(C4=CC=C(C5=CC(C(C6=CC(F)=C(CC(CC)CCCC)S6)=C(SC=C7)C7=C8C9=CC(F)=C(CC(CC)CCCC)S9)=C8S5)S4)SC(C%10=CC=CS%10)=C31)=O,CCCCC(CN1N=C2C3=C(C4=C(C5=C(N4CC(CCCC)CC)C6=C(C=C(S6)/C=C7C(C(C=C(F)C(F)=C8)=C8C\7=C(C#N)\C#N)=O)S5)C2=N1)N(CC(CCCC)CC)C9=C3SC%10=C9SC(/C=C%11C(C%12=C(C=C(F)C(F)=C%12)C\%11=C(C#N)/C#N)=O)=C%10)CC,13.76,O=C1C2=C(CC(CC)CCCC)SC(CC(CC)CCCC)=C2C(C3=C(C4=CC=C(C5=CC(C(C6=CC(F)=C(CC(CC)CCCC)S6)=C(SC=C7)C7=C8C9=CC(F)=C(CC(CC)CCCC)S9)=C8S5)S4)SC(C%10=CC=CS%10)=C31)=O||CCCCC(CN1N=C2C3=C(C4=C(C5=C(N4CC(CCCC)CC)C6=C(C=C(S6)/C=C7C(C(C=C(F)C(F)=C8)=C8C\7=C(C#N)\C#N)=O)S5)C2=N1)N(CC(CCCC)CC)C9=C3SC%10=C9SC(/C=C%11C(C%12=C(C=C(F)C(F)=C%12)C\%11=C(C#N)/C#N)=O)=C%10)CC,65482d735aa1f382b817dd8d95b1689b39b0b3c26138949c2680844f1b1f5ea0,094aff468a13aa103ac638f3699a00a853dfb2daf9ea8a3d720b92b7d8d24d90,8155123787a56b5ac9499e699dc1f574cbe60f8d16662a0683114f0452505c71,72e40ff97572974db75905e77259180816b8f3a825de31a19e419c1729e7bafc,05f7709a1be1457f46d6e71e27651baa777ced3ec9d2fb2e1fba3ea7de4ac7f1,591,554,23,40
46,in-house,51,O=C1C2=C(CC(CC)CCCC)SC(CC(CC)CCCC)=C2C(C3=C(C4=CC=C(C5=CC(C(C6=CC(F)=C(CC(CC)CCCC)S6)=C(SC=C7)C7=C8C9=CC(F)=C(CC(CC)CCCC)S9)=C8S5)S4)SC(C%10=CC=CS%10)=C31)=O,O=C(C(C=C(F)C(F)=C1)=C1C/2=C(C#N)/C#N)C2=C/C3=C(CCCCCC)C(S4)=C(S3)C5=C4C6=C(N5CC(CCCC)CCCCCCCCCC)C7=C(C(SC8=C9SC(/C=C%10/C(C(C=C(F)C(F)=C%11)=C%11C%10=O)=C(C#N)\C#N)=C8CCCCCC)=C9N7C(CCCCCCCCCC)CCCC)C%12=NSN=C6%12,13.74,O=C1C2=C(CC(CC)CCCC)SC(CC(CC)CCCC)=C2C(C3=C(C4=CC=C(C5=CC(C(C6=CC(F)=C(CC(CC)CCCC)S6)=C(SC=C7)C7=C8C9=CC(F)=C(CC(CC)CCCC)S9)=C8S5)S4)SC(C%10=CC=CS%10)=C31)=O||O=C(C(C=C(F)C(F)=C1)=C1C/2=C(C#N)/C#N)C2=C/C3=C(CCCCCC)C(S4)=C(S3)C5=C4C6=C(N5CC(CCCC)CCCCCCCCCC)C7=C(C(SC8=C9SC(/C=C%10/C(C(C=C(F)C(F)=C%11)=C%11C%10=O)=C(C#N)\C#N)=C8CCCCCC)=C9N7C(CCCCCCCCCC)CCCC)C%12=NSN=C6%12,65482d735aa1f382b817dd8d95b1689b39b0b3c26138949c2680844f1b1f5ea0,6cfa7f27313a0f8bfad18d397d169cf19617303be7453b0fcd6f5ba213663cf7,87277d68a3f63be2be4086c189da6611ccc33e0f2a1cf69f85eb1a71cc427513,15fc6b54962bbdbe1d57b6cdc2bd44143b023ab8cac50a6472ea33a142ab6a16,80d2a88fa850723fd646056c7c8546b82c8231cdc50ac45846133a75b3765053,620,111,583,41
47,in-house,52,FC(C=C(C1=C2SC=CC2=C(C3=CC(F)=C(CC(CCCC)CC)S3)C4=C1C=C(C5=CC=C(C6=C(C(C(C7=C(CC(CCCC)CC)SC(CC(CC)CCCC)=C78)=O)=C(C9=CC=CC9)S6)C8=O)S5)S4)S%10)=C%10CC(CC)CCCC,O=C(C/1=C\C2=CC3=C(S2)C(C4(C5=CC=C(CCCCCC)C=C5)C6=CC=C(CCCCCC)C=C6)=C(S3)C7=CC8=C(C=C74)C9=C(C%10=C(S9)C=C(/C=C%11C(C%12=CC=C(Cl)C=C%12C\%11=C(C#N)/C#N)=O)S%10)C8(C%13=CC=C(CCCCCC)C=C%13)C%14=CC=C(CCCCCC)C=C%14)C%15=CC=C(Cl)C=C%15C1=C(C#N)/C#N,13.74,FC(C=C(C1=C2SC=CC2=C(C3=CC(F)=C(CC(CCCC)CC)S3)C4=C1C=C(C5=CC=C(C6=C(C(C(C7=C(CC(CCCC)CC)SC(CC(CC)CCCC)=C78)=O)=C(C9=CC=CC9)S6)C8=O)S5)S4)S%10)=C%10CC(CC)CCCC||O=C(C/1=C\C2=CC3=C(S2)C(C4(C5=CC=C(CCCCCC)C=C5)C6=CC=C(CCCCCC)C=C6)=C(S3)C7=CC8=C(C=C74)C9=C(C%10=C(S9)C=C(/C=C%11C(C%12=CC=C(Cl)C=C%12C\%11=C(C#N)/C#N)=O)S%10)C8(C%13=CC=C(CCCCCC)C=C%13)C%14=CC=C(CCCCCC)C=C%14)C%15=CC=C(Cl)C=C%15C1=C(C#N)/C#N,61eee9608e36bdb1d3a96a3ad1baa39916f3a546e29d11481966a5a2d3d30f3c,13ae1148b228a4ab05940b3f9c909bea4a2b70c2f7a8fba669a2215eb652c86d,8a6cf037e25bf02d6f97b91086c707aebb65fc6ed83a350e1a8f1351e18cfdeb,a9799e7d8694f5732414039f9b8cfa5de9d77738da611ab5ae99fc5539e4b78a,2a86e7091557c77a36921eaedbdba49b79c296bdecd893889974d6b12b40cbcd,630,777,182,42
48,in-house,54,O=C(C1=C(CCC(CCCC)CC)SC(CCC(CC)CCCC)=C1C2=O)C(C2=C(C3)C(C4)=CC=C4C5=CC6=C(C(C7=CC=C(CCC(CCCC)CC)S7)=C8C=CSC8=C6C9=CC=C(CCC(CCCC)CC)S9)S5)=C3C%10=CC=CS%10,O=C(C(C=C(C(F)=C1)F)=C1C/2=C(C#N)\C#N)C2=C/C3=CSC(C4=CC(C5(C6=CC=C(C=C6)CCCCCC)C7=CC=C(CCCCCC)C=C7)=C(C8=CC9=C(C%10=C(C9(C%11=CC=C(CCCCCC)C=C%11)C%12=CC=C(CCCCCC)C=C%12)C=C(C%13=C(SCC(CC)CCCC)C(/C=C%14C(C(C=C(C(F)=C%15)F)=C%15C\%14=C(C#N)\C#N)=O)=CS%13)S%10)C=C85)S4)=C3SCC(CCCC)CC,13.72,O=C(C1=C(CCC(CCCC)CC)SC(CCC(CC)CCCC)=C1C2=O)C(C2=C(C3)C(C4)=CC=C4C5=CC6=C(C(C7=CC=C(CCC(CCCC)CC)S7)=C8C=CSC8=C6C9=CC=C(CCC(CCCC)CC)S9)S5)=C3C%10=CC=CS%10||O=C(C(C=C(C(F)=C1)F)=C1C/2=C(C#N)\C#N)C2=C/C3=CSC(C4=CC(C5(C6=CC=C(C=C6)CCCCCC)C7=CC=C(CCCCCC)C=C7)=C(C8=CC9=C(C%10=C(C9(C%11=CC=C(CCCCCC)C=C%11)C%12=CC=C(CCCCCC)C=C%12)C=C(C%13=C(SCC(CC)CCCC)C(/C=C%14C(C(C=C(C(F)=C%15)F)=C%15C\%14=C(C#N)\C#N)=O)=CS%13)S%10)C=C85)S4)=C3SCC(CCCC)CC,6f31f3770fd225e382586e20513744e11a328b7cc74c758d48628417c600a02b,3f8642ff9e055c0c4c56e89d1a84ab68f140999bebd9b169f9df2e09d096b2e3,fb8ee0ea3c67079be7bf5c73b06146a8c4158209995824d2f605e2573e0ce9be,4fd3ac4d2046a35b3b9df148c7be962dd65ff19b670d68f2c49354a8273813e7,1d5ba696e1b8085457cdf89eff6223f9ee0cbb3e0ad00049b6c7ee568b1595b1,1174,383,124,43
49,in-house,55,O=C1C2=C(CC(CC)CCCC)SC(CC(CC)CCCC)=C2C(C3=C(C4=CC=C(C5=CC(C(C6=CC(F)=C(CC(CC)CCCC)S6)=C(SC=C7)C7=C8C9=CC(F)=C(CC(CC)CCCC)S9)=C8S5)S4)SC(C%10=CC=CS%10)=C31)=O,O=C(C1=CSC=C1C/2=C(C#N)\C#N)C2=C/C3=CC(SC(C4=CC5=C(C6=C(C5(C7=CC=C(C=C7)CCCCCC)C8=CC=C(C=C8)CCCCCC)C9=C(C=C([Se]9)/C=C%10C(C%11=CSC=C%11C\%10=C(C#N)\C#N)=O)S6)C=C4%12)=C%13C%12(C%14=CC=C(C=C%14)CCCCCC)C(C=C%15)=CC=C%15CCCCCC)=C%13[Se]3,13.71,O=C1C2=C(CC(CC)CCCC)SC(CC(CC)CCCC)=C2C(C3=C(C4=CC=C(C5=CC(C(C6=CC(F)=C(CC(CC)CCCC)S6)=C(SC=C7)C7=C8C9=CC(F)=C(CC(CC)CCCC)S9)=C8S5)S4)SC(C%10=CC=CS%10)=C31)=O||O=C(C1=CSC=C1C/2=C(C#N)\C#N)C2=C/C3=CC(SC(C4=CC5=C(C6=C(C5(C7=CC=C(C=C7)CCCCCC)C8=CC=C(C=C8)CCCCCC)C9=C(C=C([Se]9)/C=C%10C(C%11=CSC=C%11C\%10=C(C#N)\C#N)=O)S6)C=C4%12)=C%13C%12(C%14=CC=C(C=C%14)CCCCCC)C(C=C%15)=CC=C%15CCCCCC)=C%13[Se]3,65482d735aa1f382b817dd8d95b1689b39b0b3c26138949c2680844f1b1f5ea0,2db3f2d08098c7cd10ae0e703445e4bb6fbca5b604868d79e420ffbc5f43f677,b50bc33856540a8948f988f268735f93a84113612a20a9075d83c6fbe7a1c060,58db1f8fd4e553a31d4b86ac02c471e2f4b67fef20028d1969f60eb018ba73b8,6568288c8a254866c540b030888b47c2e685779e40e4e039225ecc29c31ca086,847,421,459,44
50,in-house,56,FC1=C(C(OCC(CCCC)CC)=O)SC2=CSC(C3=CC4=C(C5=C(C(C6=CC=C(CC(CC)CCCC)S6)=C4S3)C=CS5)C7=CC=C(CC(CC)CCCC)S7)=C12,O=C1C(/C(C2=CC(F)=C(C=C21)F)=C(C#N)\C#N)=C\C3=CC4=C(S3)C5=C(C6=C(C7=C(C8=C(C=C9C%10=C(C(C%11=CC=C(C=C%11)CCCCCC)(C9=C8)C%12=CC=C(C=C%12)CCCCCC)C=C(/C=C%13/C(C%14=CC(F)=C(F)C=C%14C%13=O)=C(C#N)/C#N)S%10)C7(C%15=CC=C(C=C%15)CCCCCC)C%16=CC=C(C=C%16)CCCCCC)S6)C5(C%17=CC=C(C=C%17)CCCCCC)C%18=CC=C(C=C%18)CCCCCC)S4,13.7,FC1=C(C(OCC(CCCC)CC)=O)SC2=CSC(C3=CC4=C(C5=C(C(C6=CC=C(CC(CC)CCCC)S6)=C4S3)C=CS5)C7=CC=C(CC(CC)CCCC)S7)=C12||O=C1C(/C(C2=CC(F)=C(C=C21)F)=C(C#N)\C#N)=C\C3=CC4=C(S3)C5=C(C6=C(C7=C(C8=C(C=C9C%10=C(C(C%11=CC=C(C=C%11)CCCCCC)(C9=C8)C%12=CC=C(C=C%12)CCCCCC)C=C(/C=C%13/C(C%14=CC(F)=C(F)C=C%14C%13=O)=C(C#N)/C#N)S%10)C7(C%15=CC=C(C=C%15)CCCCCC)C%16=CC=C(C=C%16)CCCCCC)S6)C5(C%17=CC=C(C=C%17)CCCCCC)C%18=CC=C(C=C%18)CCCCCC)S4,2249a87c8fc0450476e55f070a85b71ffa6beb368356c28f1302bad8bac422cb,c7df5537a4c20c78bf5aecc0e5b2996e11f8cbf8e0b5438a1cfac5ac6e36bf28,72cbb1861893d14bde6a9c317698c6fc42fdcccf8ca1707c88bedc4c94ed285c,5991d7b9e6be948df2e5931fbd7e9cc1f5aaf20d6fcab86248d2d9d3a689b031,8960ede5b54a98ab9a3338511d434e9ca2c3fe9740086fb8ae7311a9bba38261,519,424,618,45
51,in-house,57,FC(C=C(C1=C2SC=CC2=C(C3=CC(F)=C(CC(CCCC)CC)S3)C4=C1C=C(C5=CC=C(C6=C(C(C(C7=C(CC(CCCC)CC)SC(CC(CC)CCCC)=C78)=O)=C(C9=CC=CC9)S6)C8=O)S5)S4)S%10)=C%10CC(CC)CCCC,c1(cc2c(cc1F)C(=O)/C(=C\c1cc3c(s1)c1c(s3)c3c(C1(c1ccc(cc1)CCCCCC)c1ccc(cc1)CCCCCC)cc1c(c3)C(c3c1sc1c3sc(c1)/C=C/1\C(=O)c3c(C1=C(C#N)C#N)cc(c(c3)F)F)(c1ccc(cc1)CCCCCC)c1ccc(cc1)CCCCCC)/C2=C(C#N)C#N)F,13.7,FC(C=C(C1=C2SC=CC2=C(C3=CC(F)=C(CC(CCCC)CC)S3)C4=C1C=C(C5=CC=C(C6=C(C(C(C7=C(CC(CCCC)CC)SC(CC(CC)CCCC)=C78)=O)=C(C9=CC=CC9)S6)C8=O)S5)S4)S%10)=C%10CC(CC)CCCC||c1(cc2c(cc1F)C(=O)/C(=C\c1cc3c(s1)c1c(s3)c3c(C1(c1ccc(cc1)CCCCCC)c1ccc(cc1)CCCCCC)cc1c(c3)C(c3c1sc1c3sc(c1)/C=C/1\C(=O)c3c(C1=C(C#N)C#N)cc(c(c3)F)F)(c1ccc(cc1)CCCCCC)c1ccc(cc1)CCCCCC)/C2=C(C#N)C#N)F,61eee9608e36bdb1d3a96a3ad1baa39916f3a546e29d11481966a5a2d3d30f3c,69e17d1724b4236f68d0c6efb6ad16969f13f8980d301d0056747038b20f0c8d,8bec497a2f67d57557bd2c414dc7829fe5234d459e9585c7938691e926e2d530,4f0dd00439145cd1959f74ef621699a620ce798d08c8f026cf007e7405ab1f51,2c891aa382de52315f57720d3ab6d3cb89d1b684543d285dd37cc39553129adc,643,376,194,46
52,in-house,58,FC(C=C(C1=C2SC=CC2=C(C3=CC(F)=C(CC(CCCC)CC)S3)C4=C1C=C(C5=CC=C(C6=C(C(C(C7=C(CC(CCCC)CC)SC(CC(CC)CCCC)=C78)=O)=C(C9=CC=CC9)S6)C8=O)S5)S4)S%10)=C%10CC(CC)CCCC,O=C1C(/C(C2=C1C=C(F)C=C2)=C(C#N)/C#N)=C\C3=CC4=C(S3)C(C(C5=CC=C(CCCCCC)C=C5)(C(C=C6C7=C8C9=C(C=C(S9)/C=C%10C(C(C(F)=CC=C%11)=C%11C\%10=C(C#N)\C#N)=O)S7)=C%12C=C6C8(C%13=CC=C(C=C%13)CCCCCC)C%14=CC=C(C=C%14)CCCCCC)C%15=CC=C(CCCCCC)C=C%15)=C%12S4,13.68,FC(C=C(C1=C2SC=CC2=C(C3=CC(F)=C(CC(CCCC)CC)S3)C4=C1C=C(C5=CC=C(C6=C(C(C(C7=C(CC(CCCC)CC)SC(CC(CC)CCCC)=C78)=O)=C(C9=CC=CC9)S6)C8=O)S5)S4)S%10)=C%10CC(CC)CCCC||O=C1C(/C(C2=C1C=C(F)C=C2)=C(C#N)/C#N)=C\C3=CC4=C(S3)C(C(C5=CC=C(CCCCCC)C=C5)(C(C=C6C7=C8C9=C(C=C(S9)/C=C%10C(C(C(F)=CC=C%11)=C%11C\%10=C(C#N)\C#N)=O)S7)=C%12C=C6C8(C%13=CC=C(C=C%13)CCCCCC)C%14=CC=C(C=C%14)CCCCCC)C%15=CC=C(CCCCCC)C=C%15)=C%12S4,61eee9608e36bdb1d3a96a3ad1baa39916f3a546e29d11481966a5a2d3d30f3c,9ba3923f4354aa0f199a64e59d7ee05205ef6951eb86d4ec2d5125f3443a7569,56283eb8c1cb29c1771dda4eb25ae8f531261bfe019749977e005c8df9888b52,0e2789018f410ea105a7feec2174cc83c541da5e9100bd8aebea586c87cb37be,dcd012e3c35a9d8c36f06214da55327b442e4258fe5a9a12869bc2151b4f8b88,391,71,1024,47
53,in-house,60,CC1=CC(F)=C(S1)C2=C(F)C=C(C3=C(CC(CCCCCCCC)CCCCCC)C=C(C4=CC(CC(CCCCCC)CCCCCCCC)=C(S4)C)S3)S2,O=C(C1=C(C=C(F)C(F)=C1)C/2=C(C#N)\C#N)C2=C/C3=C(CCCCCCCCCCC)C(SC(C4=C5C6=C(C7=C(N6CC(CCCC)CCCCCC)C8=C(C(CCCCCCCCCCC)=C(S8)/C=C9C(C(C=C(F)C(F)=C%10)=C%10C\9=C(C#N)\C#N)=O)S7)C%11=NSN=C4%11)=C%12N5CC(CCCCCC)CCCC)=C%12S3,13.6,CC1=CC(F)=C(S1)C2=C(F)C=C(C3=C(CC(CCCCCCCC)CCCCCC)C=C(C4=CC(CC(CCCCCC)CCCCCCCC)=C(S4)C)S3)S2||O=C(C1=C(C=C(F)C(F)=C1)C/2=C(C#N)\C#N)C2=C/C3=C(CCCCCCCCCCC)C(SC(C4=C5C6=C(C7=C(N6CC(CCCC)CCCCCC)C8=C(C(CCCCCCCCCCC)=C(S8)/C=C9C(C(C=C(F)C(F)=C%10)=C%10C\9=C(C#N)\C#N)=O)S7)C%11=NSN=C4%11)=C%12N5CC(CCCCCC)CCCC)=C%12S3,95ebe4a75259709fc493a63e8cd4d205a98f8d110da04b2647a245126190cf48,cce4daef3466912115114a47937759c5e11908ec4ef6f39cc24019bc556cf85b,227c47a40cb81add009be9167856927b9ddba01863a9d23c7c1381349547eeed,a525ffe6256fc3e6e1a1daa3821248eb3fb769cf20e9530fb476380d48539ce2,126c701a6a723b9627fe9d87d6ff2ac66d317de34390a276f0df52761dcd808a,159,766,80,48
54,in-house,61,O=C1C2=C(CC(CC)CCCC)SC(CC(CC)CCCC)=C2C(C3=C(C4=CC=C(C5=CC(C(C6=CC(F)=C(CC(CC)CCCC)S6)=C(SC=C7)C7=C8C9=CC(F)=C(CC(CC)CCCC)S9)=C8S5)S4)SC(C%10=CC=CS%10)=C31)=O,O=C(C1=C(SC=C1C/2=C(C#N)\C#N)Cl)C2=C/C3=CC(CC4=C5C(C(C=C6)=CC=C6CCCCCC)(C(C4=C7)=CC8=C7C(C9=CC=C(C=C9)CCCCCC)(C%10=CC=C(C=C%10)CCCCCC)C%11=C8SC%12=C%11SC(/C=C%13C(C%14=C(SC=C%14C\%13=C(C#N)\C#N)Cl)=O)=C%12)C%15=CC=C(C=C%15)CCCCCC)=C5S3,13.6,O=C1C2=C(CC(CC)CCCC)SC(CC(CC)CCCC)=C2C(C3=C(C4=CC=C(C5=CC(C(C6=CC(F)=C(CC(CC)CCCC)S6)=C(SC=C7)C7=C8C9=CC(F)=C(CC(CC)CCCC)S9)=C8S5)S4)SC(C%10=CC=CS%10)=C31)=O||O=C(C1=C(SC=C1C/2=C(C#N)\C#N)Cl)C2=C/C3=CC(CC4=C5C(C(C=C6)=CC=C6CCCCCC)(C(C4=C7)=CC8=C7C(C9=CC=C(C=C9)CCCCCC)(C%10=CC=C(C=C%10)CCCCCC)C%11=C8SC%12=C%11SC(/C=C%13C(C%14=C(SC=C%14C\%13=C(C#N)\C#N)Cl)=O)=C%12)C%15=CC=C(C=C%15)CCCCCC)=C5S3,65482d735aa1f382b817dd8d95b1689b39b0b3c26138949c2680844f1b1f5ea0,8f8ab7cec5eb51f7df0e7d0997d394ffd1f6e0f9b108fd422d75d07c5414f3b1,4fea9e961a6ac45d53265be94affc0672c4bd48bc23fc0b02475a7481e95ace1,309d20bf8d9beec5c8efdfbfd626def3b171eb46f879b8b09acbc748c1b914c6,2f7af376acb288d7896addfb2666d47fce800ddc235c7b187cb70ef9347a6dd2,368,245,215,49
55,in-house,62,O=C(C1=C(CCC(CCCC)CC)SC(CCC(CC)CCCC)=C1C2=O)C(C2=C(C3)C(C4)=CC=C4C5=CC6=C(C(C7=CC=C(CCC(CCCC)CC)S7)=C8C=CSC8=C6C9=CC=C(CCC(CCCC)CC)S9)S5)=C3C%10=CC=CS%10,O=C1C2=C(C)SC=C2C(/C1=C/C3=CC4=C(S3)C(SC5=C6C(C7=CC=C(CCCCCCCC)S7)=C8SC9=C(C8=C5C%10=CC=C(CCCCCCCC)S%10)C(C%11=CC=C(CCCCCC)C=C%11)(C%12=CC=C(CCCCCC)C=C%12)C%13=C9SC%14=C%13SC(/C=C%15/C(C%16=CSC(C)=C%16C%15=O)=C(C#N)\C#N)=C%14)=C6C4(C%17=CC=C(CCCCCC)C=C%17)C%18=CC=C(CCCCCC)C=C%18)=C(C#N)/C#N,13.6,O=C(C1=C(CCC(CCCC)CC)SC(CCC(CC)CCCC)=C1C2=O)C(C2=C(C3)C(C4)=CC=C4C5=CC6=C(C(C7=CC=C(CCC(CCCC)CC)S7)=C8C=CSC8=C6C9=CC=C(CCC(CCCC)CC)S9)S5)=C3C%10=CC=CS%10||O=C1C2=C(C)SC=C2C(/C1=C/C3=CC4=C(S3)C(SC5=C6C(C7=CC=C(CCCCCCCC)S7)=C8SC9=C(C8=C5C%10=CC=C(CCCCCCCC)S%10)C(C%11=CC=C(CCCCCC)C=C%11)(C%12=CC=C(CCCCCC)C=C%12)C%13=C9SC%14=C%13SC(/C=C%15/C(C%16=CSC(C)=C%16C%15=O)=C(C#N)\C#N)=C%14)=C6C4(C%17=CC=C(CCCCCC)C=C%17)C%18=CC=C(CCCCCC)C=C%18)=C(C#N)/C#N,6f31f3770fd225e382586e20513744e11a328b7cc74c758d48628417c600a02b,da49acc0c32764f49ef5f7c6c53b79cd6171630924ad3757ac8631268113f665,5989a86cb5d874a852d6ea622920ecf253f9d861aebeb400a44988b50e93f872,69b0746443d4630e19cfc7107ecdf50bf56e945989d640337f228790c66c06cd,9aee65e28409856a9fd2bea812c0bfe3f08dbe91220ca49ef4ec57904a15f332,403,512,703,50
56,in-house,63,O=C1C2=C(CC(CC)CCCC)SC(CC(CC)CCCC)=C2C(C3=C(C4=CC=C(C5=CC(C(C6=CC(F)=C(CC(CC)CCCC)S6)=C(SC=C7)C7=C8C9=CC(F)=C(CC(CC)CCCC)S9)=C8S5)S4)SC(C%10=CC=CS%10)=C31)=O,O=C(C1=C(C=C(Cl)C(Cl)=C1)C/2=C(C#N)\C#N)C2=C/C3=CC4=C(C5=C(C(C6=CC=C(CCCCCC)C=C6)4C7=CC=C(CCCCCC)C=C7)C8=C(S5)C(CCCCCCCC)=C9C(C(C%10=CC=C(CCCCCC)C=C%10)(C%11=C%12SC(/C=C%13C(C%14=C(C=C(Cl)C(Cl)=C%14)C\%13=C(C#N)\C#N)=O)=C%11)C%15=CC=C(CCCCCC)C=C%15)=C%12SC9=C8[O]CCCCCCCC)S3,13.5,O=C1C2=C(CC(CC)CCCC)SC(CC(CC)CCCC)=C2C(C3=C(C4=CC=C(C5=CC(C(C6=CC(F)=C(CC(CC)CCCC)S6)=C(SC=C7)C7=C8C9=CC(F)=C(CC(CC)CCCC)S9)=C8S5)S4)SC(C%10=CC=CS%10)=C31)=O||O=C(C1=C(C=C(Cl)C(Cl)=C1)C/2=C(C#N)\C#N)C2=C/C3=CC4=C(C5=C(C(C6=CC=C(CCCCCC)C=C6)4C7=CC=C(CCCCCC)C=C7)C8=C(S5)C(CCCCCCCC)=C9C(C(C%10=CC=C(CCCCCC)C=C%10)(C%11=C%12SC(/C=C%13C(C%14=C(C=C(Cl)C(Cl)=C%14)C\%13=C(C#N)\C#N)=O)=C%11)C%15=CC=C(CCCCCC)C=C%15)=C%12SC9=C8[O]CCCCCCCC)S3,65482d735aa1f382b817dd8d95b1689b39b0b3c26138949c2680844f1b1f5ea0,12bf4cb7502de2c8a516d1f4d01976012ad922106db871c8ac821d2deed5ba6b,2811d7eb636e5d07e8c2918c7148e9abeafc370dec87205f8296c63a51c194b5,2cd685cf774e4cf265cd600499bbf6bbe4ec21a0b2c58deb64b8157a0a36b7a0,9f4698931a707388b397e5a0fbbd73932120ebdf5a80f01822763eaa46589459,172,213,727,51
57,in-house,64,FC1=C(F)C=C(N=C(OCC(CCCCCC)CCCCCCCC)C=N2)C2=C1C3=CC=CS3,O=C1C(/C(C2=C1C=CC(F)=C2)=C(C#N)\C#N)=C\C3=CC(C(CCCCCC)(CCCCCC)C4=C5C(OC)=C(C6(CCCCCC)CCCCCC)C(C(S7)=C6C=C7/C=C(/C(C8=C9C=CC(F)=C8)=C(C#N)\C#N)C9=O)=C4OC)=C5S3,13.46,FC1=C(F)C=C(N=C(OCC(CCCCCC)CCCCCCCC)C=N2)C2=C1C3=CC=CS3||O=C1C(/C(C2=C1C=CC(F)=C2)=C(C#N)\C#N)=C\C3=CC(C(CCCCCC)(CCCCCC)C4=C5C(OC)=C(C6(CCCCCC)CCCCCC)C(C(S7)=C6C=C7/C=C(/C(C8=C9C=CC(F)=C8)=C(C#N)\C#N)C9=O)=C4OC)=C5S3,6d0ebf843ec88894476605165efae2bf8fd910afe87a5868bc4b56e85a61a93d,8bbd00caead5459a7af8a8caf89f90e563a29b7887205e9ea065f3bb7c4e84c0,5a9da9aac234b601fedf2026fc6a624139a36eaf3aa13120ded507888085a9ba,14abe720e88e8e5042d2ec232037ee19bdf9aa4b80591eb9d6b890e6e3d86791,d6dfa3a3e04c9d9104b66efa5222badc01a0cd6a0599d874784f78e35ebac83b,409,100,988,52
58,in-house,65,CC(S1)=CC=C1C(C2=NN(CC(CCCCCCCC)CCCCCCCC)N=C32)=C(F)C(F)=C3C4=CC=C(S4)C5=CC(C(C6=CC(CCCCCCCC)=C(S6)Cl)=C7SC(C)=CC7=C8C9=CC(CCCCCCCC)=C(S9)Cl)=C8S5,O=C(C1=CSC=C1C/2=C(C#N)\C#N)C2=C/C3=C(CCCCCCCCCCC)C(SC(C4=C5C(N(CCC(CC)CCCC)C6=C7CC8=C6SC(/C=C9C(C%10=CSC=C%10C\9=C(C#N)\C#N)=O)=C8CCCCCCCCCCC)=C7C%11=NSN=C4%11)=C%12N5CCC(CC)CCCC)=C%12S3,13.46,CC(S1)=CC=C1C(C2=NN(CC(CCCCCCCC)CCCCCCCC)N=C32)=C(F)C(F)=C3C4=CC=C(S4)C5=CC(C(C6=CC(CCCCCCCC)=C(S6)Cl)=C7SC(C)=CC7=C8C9=CC(CCCCCCCC)=C(S9)Cl)=C8S5||O=C(C1=CSC=C1C/2=C(C#N)\C#N)C2=C/C3=C(CCCCCCCCCCC)C(SC(C4=C5C(N(CCC(CC)CCCC)C6=C7CC8=C6SC(/C=C9C(C%10=CSC=C%10C\9=C(C#N)\C#N)=O)=C8CCCCCCCCCCC)=C7C%11=NSN=C4%11)=C%12N5CCC(CC)CCCC)=C%12S3,4e7a251cab1eb4b42a33ea7e508322053fbb801c542611c217f41210cee0cc6f,d27a4e75e1683572524d8c818df5e25f6ce226827ffaa1005ae5e6456bca12ce,01f75497f6834797eef5a518fe048fee54ca63a1cfce71c8d60cda8b1980479a,f7f2c5421fc845198d073e853393e07d3be7113bebd8d21a70ddf9a50443b7ea,e5d0d684e8c23a60bd764b1eb6e944486233713aa44a3d3c535f5473983cdc5a,8,1152,1068,53
59,in-house,66,O=C(C1=C(SC(CCCCCCCC)=C12)CCCCCCCC)C3=C(SC(C4=CC=C(C)S4)=C3C2=O)C(S5)=CC=C5C6=CC7C(C8=CC(F)=C(CCCCCCCC)C8)C9C(C=C(S9)C)C(C%10=CC(F)=C(S%10)CCCCCCCC)=C7S6,O=C(C1=CC(Cl)=C(C=C1C/2=C(C#N)\C#N)Cl)C2=C/C3=CC4=C(C(C5(C6=CC=C(C=C6)CCCCCC)C(C=C7)=CC=C7CCCCCC)=C(C8=CC9=C(C%10=C(C9(C%11=CC=C(C=C%11)CCCCCC)C%12=CC=C(C=C%12)CCCCCC)C%13=C(C=C(S%13)/C=C%14C(C%15=CC(Cl)=C(C=C%15C\%14=C(C#N)\C#N)Cl)=O)S%10)C=C85)S4)S3,13.45,O=C(C1=C(SC(CCCCCCCC)=C12)CCCCCCCC)C3=C(SC(C4=CC=C(C)S4)=C3C2=O)C(S5)=CC=C5C6=CC7C(C8=CC(F)=C(CCCCCCCC)C8)C9C(C=C(S9)C)C(C%10=CC(F)=C(S%10)CCCCCCCC)=C7S6||O=C(C1=CC(Cl)=C(C=C1C/2=C(C#N)\C#N)Cl)C2=C/C3=CC4=C(C(C5(C6=CC=C(C=C6)CCCCCC)C(C=C7)=CC=C7CCCCCC)=C(C8=CC9=C(C%10=C(C9(C%11=CC=C(C=C%11)CCCCCC)C%12=CC=C(C=C%12)CCCCCC)C%13=C(C=C(S%13)/C=C%14C(C%15=CC(Cl)=C(C=C%15C\%14=C(C#N)\C#N)Cl)=O)S%10)C=C85)S4)S3,e792d3c9cd416343b01f391920341dced2a7a213c67cb046f49990cbb2fa765d,dcf842694d53827077961931c0e460a45a792bc12c0b37ed12451efc871162d4,0424e3982a9dc0117816ed4e988053890ea3b26a2e350619e826155fcf34d5ec,ace101d50ecdd4057f78e911cd542e0b681923d4481c3b28cf57ff559e29bfcc,e36c798751db450508bf0bc60b442289f0bc438bcda8829f751e1e4caa13b9cd,16,790,1058,54
60,in-house,67,O=C(C1=C(CCC(CCCC)CC)SC(CCC(CC)CCCC)=C1C2=O)C(C2=C(C3)C(C4)=CC=C4C5=CC6=C(C(C7=CC=C(CCC(CCCC)CC)S7)=C8C=CSC8=C6C9=CC=C(CCC(CCCC)CC)S9)S5)=C3C%10=CC=CS%10,O=C(C(C=CC=C1)=C1C/2=C(C#N)\C#N)C2=C/C3=CC(SC(C4=C5C6=C(C7=C(N6CC(CCCC)CC)C8=C(C=C(S8)/C=C9C(C%10=C(C=CC=C%10)C\9=C(C#N)\C#N)=O)S7)C%11=NN(N=C4%11)CC(CC)CCCC)=C%12N5CC(CC)CCCC)=C%12S3,13.42,O=C(C1=C(CCC(CCCC)CC)SC(CCC(CC)CCCC)=C1C2=O)C(C2=C(C3)C(C4)=CC=C4C5=CC6=C(C(C7=CC=C(CCC(CCCC)CC)S7)=C8C=CSC8=C6C9=CC=C(CCC(CCCC)CC)S9)S5)=C3C%10=CC=CS%10||O=C(C(C=CC=C1)=C1C/2=C(C#N)\C#N)C2=C/C3=CC(SC(C4=C5C6=C(C7=C(N6CC(CCCC)CC)C8=C(C=C(S8)/C=C9C(C%10=C(C=CC=C%10)C\9=C(C#N)\C#N)=O)S7)C%11=NN(N=C4%11)CC(CC)CCCC)=C%12N5CC(CC)CCCC)=C%12S3,6f31f3770fd225e382586e20513744e11a328b7cc74c758d48628417c600a02b,e5f12c951c5adcdfd4eac67bc10465ca7f49794f5e71f06d11ef0c578dfac549,38effca90ac791b7fd1b81532d3be8fd28a286e67fc554e6528b3d0f63a88a41,a111047cb73af90738e56642885f2ce783d37908d4d8e2ed5dd947982538d397,8cef7324683af67e52bb22536685422391c506f7fd623f752d4cbb0a487b2b5b,253,753,636,55
61,in-house,68,O=C(C1=C(CCC(CCCC)CC)SC(CCC(CC)CCCC)=C1C2=O)C(C2=C(C3)C(C4)=CC=C4C5=CC6=C(C(C7=CC=C(CCC(CCCC)CC)S7)=C8C=CSC8=C6C9=CC=C(CCC(CCCC)CC)S9)S5)=C3C%10=CC=CS%10,O=C(C1=CC=CC=C1C/2=C(C#N)\C#N)C2=C/C3=C(CCCCCCCCCCC)C(SC(C4=C5C6=C(C7=C(N6CC(CC)CCCC)C8=C(C(CCCCCCCCCCC)=C(S8)/C=C9C(C(C=CC=C%10)=C%10C\9=C(C#N)\C#N)=O)S7)C%11=NSN=C4%11)=C%12N5CC(CC)CCCC)=C%12S3,13.41,O=C(C1=C(CCC(CCCC)CC)SC(CCC(CC)CCCC)=C1C2=O)C(C2=C(C3)C(C4)=CC=C4C5=CC6=C(C(C7=CC=C(CCC(CCCC)CC)S7)=C8C=CSC8=C6C9=CC=C(CCC(CCCC)CC)S9)S5)=C3C%10=CC=CS%10||O=C(C1=CC=CC=C1C/2=C(C#N)\C#N)C2=C/C3=C(CCCCCCCCCCC)C(SC(C4=C5C6=C(C7=C(N6CC(CC)CCCC)C8=C(C(CCCCCCCCCCC)=C(S8)/C=C9C(C(C=CC=C%10)=C%10C\9=C(C#N)\C#N)=O)S7)C%11=NSN=C4%11)=C%12N5CC(CC)CCCC)=C%12S3,6f31f3770fd225e382586e20513744e11a328b7cc74c758d48628417c600a02b,3bccd6c9cc22d1152938bdd23acfe9c3c778dc8316063d8fa195ae94d9f0e7a2,3aa9e8584ace2f6c62f8600fd34a0c27ad6cdda390052f3b48bad1cd21c88a25,8020cffca9d8ea8e19adf2df64bee5620ad39591755e513041b41691fbfbe866,c9abd22f47931bf6235b5581ce7dd0813d0cc5216007489b32fdae03078a6846,262,612,925,56
62,in-house,70,O=C(C1=C(CCC(CCCC)CC)SC(CCC(CC)CCCC)=C1C2=O)C(C2=C(C3)C(C4)=CC=C4C5=CC6=C(C(C7=CC=C(CCC(CCCC)CC)S7)=C8C=CSC8=C6C9=CC=C(CCC(CCCC)CC)S9)S5)=C3C%10=CC=CS%10,O=C(C(C=C(Cl)C(Cl)=C1)=C1C/2=C(C#N)/C#N)C2=C/C3=CC4=C(S3)C5=C(N4CC(CCCCCC)CCCC)C6=C(S5)C(C(C(C7=CC=C(C=C7)CCCCCC)6C8=CC=C(C=C8)CCCCCC)=C9)=CC%10=C9C%11=C(C(C%12=CC=C(CCCCCC)C=C%12)%10C%13=CC=C(CCCCCC)C=C%13)C(N%14CC(CCCCCC)CCCC)=C(S%11)C(S%15)=C%14C=C%15/C=C(C(C%16=C%17C=C(Cl)C(Cl)=C%16)=O)/C%17=C(C#N)/C#N,13.4,O=C(C1=C(CCC(CCCC)CC)SC(CCC(CC)CCCC)=C1C2=O)C(C2=C(C3)C(C4)=CC=C4C5=CC6=C(C(C7=CC=C(CCC(CCCC)CC)S7)=C8C=CSC8=C6C9=CC=C(CCC(CCCC)CC)S9)S5)=C3C%10=CC=CS%10||O=C(C(C=C(Cl)C(Cl)=C1)=C1C/2=C(C#N)/C#N)C2=C/C3=CC4=C(S3)C5=C(N4CC(CCCCCC)CCCC)C6=C(S5)C(C(C(C7=CC=C(C=C7)CCCCCC)6C8=CC=C(C=C8)CCCCCC)=C9)=CC%10=C9C%11=C(C(C%12=CC=C(CCCCCC)C=C%12)%10C%13=CC=C(CCCCCC)C=C%13)C(N%14CC(CCCCCC)CCCC)=C(S%11)C(S%15)=C%14C=C%15/C=C(C(C%16=C%17C=C(Cl)C(Cl)=C%16)=O)/C%17=C(C#N)/C#N,6f31f3770fd225e382586e20513744e11a328b7cc74c758d48628417c600a02b,f5cc737066a29aa88dd00fba806ea1091478fd001abf93e7b112896e7411244a,38d1c00246eabed77ef1ac04a505d82acf9471991971e8379638071b19e029ca,7e6ca6e961f227cbef5460f7803571b0f9e9ab0c726fdb3113a4155d7813903d,392a14006c99013bff4dda6f59868dd6f8f0508f610742a9ca42a4ba17b4b2c3,252,602,250,57
63,in-house,71,O=C(C1=C(CCC(CCCC)CC)SC(CCC(CC)CCCC)=C1C2=O)C(C2=C(C3)C(C4)=CC=C4C5=CC6=C(C(C7=CC=C(CCC(CCCC)CC)S7)=C8C=CSC8=C6C9=CC=C(CCC(CCCC)CC)S9)S5)=C3C%10=CC=CS%10,O=C(C1=CSC=C1C/2=C(C#N)\C#N)C2=C/C3=CC(SC(C4=C5C6=C(C7=C(N6CC(CC)CCCC)C8=C(C=C(S8)/C=C9C(C%10=CSC=C%10C\9=C(C#N)\C#N)=O)S7)C%11=NN(N=C4%11)CC(CC)CCCC)=C%12N5CC(CCCC)CC)=C%12S3,13.4,O=C(C1=C(CCC(CCCC)CC)SC(CCC(CC)CCCC)=C1C2=O)C(C2=C(C3)C(C4)=CC=C4C5=CC6=C(C(C7=CC=C(CCC(CCCC)CC)S7)=C8C=CSC8=C6C9=CC=C(CCC(CCCC)CC)S9)S5)=C3C%10=CC=CS%10||O=C(C1=CSC=C1C/2=C(C#N)\C#N)C2=C/C3=CC(SC(C4=C5C6=C(C7=C(N6CC(CC)CCCC)C8=C(C=C(S8)/C=C9C(C%10=CSC=C%10C\9=C(C#N)\C#N)=O)S7)C%11=NN(N=C4%11)CC(CC)CCCC)=C%12N5CC(CCCC)CC)=C%12S3,6f31f3770fd225e382586e20513744e11a328b7cc74c758d48628417c600a02b,e7a6a8d9705b0ea18ddac386ea0f8a60314dd27c8784821c118bf2032be3e6b3,767aa3971f18159d7a32940d1e58a8e23f435e5fad43ab19589aa380931e9465,9523b91c4d1d37f997cf805f39613d51cca5c0bd401b6a69aa779049f13d16fe,77f227101912848f81ee64b7ce8260587143aaf6d4c9a1091da56957437b51e0,536,699,540,58
64,in-house,72,CC1=CC(C(S1)=C(C2=C3SC(C(S4)=CC=C4C5=C6C(C(C7=C(SC(CCCCCCCC)=C7C6=O)CCCCCCCC)=O)=C(S5)C8=CC=C(C)S8)=C2)C9=CC=C(S9)CC)=C3C%10=CC=C(S%10)CC,O=C(C(C=C(C(F)=C1)F)=C1C/2=C(C#N)/C#N)C2=C/C3=CC(SC4=C5C(CC6=CC=C(C=C6)CCCCCC)(C7=CC8=C(C(CC9=CC=C(C=C9)CCCCCC)(C%10=C8SC%11=C%10CC(/C=C%12C(C(C=C(C(F)=C%13)F)=C%13C\%12=C(C#N)/C#N)=O)=C%11)CC%14=CC=C(C=C%14)CCCCCC)C=C74)CC(C=C%15)=CC=C%15CCCCCC)=C5S3,13.36,CC1=CC(C(S1)=C(C2=C3SC(C(S4)=CC=C4C5=C6C(C(C7=C(SC(CCCCCCCC)=C7C6=O)CCCCCCCC)=O)=C(S5)C8=CC=C(C)S8)=C2)C9=CC=C(S9)CC)=C3C%10=CC=C(S%10)CC||O=C(C(C=C(C(F)=C1)F)=C1C/2=C(C#N)/C#N)C2=C/C3=CC(SC4=C5C(CC6=CC=C(C=C6)CCCCCC)(C7=CC8=C(C(CC9=CC=C(C=C9)CCCCCC)(C%10=C8SC%11=C%10CC(/C=C%12C(C(C=C(C(F)=C%13)F)=C%13C\%12=C(C#N)/C#N)=O)=C%11)CC%14=CC=C(C=C%14)CCCCCC)C=C74)CC(C=C%15)=CC=C%15CCCCCC)=C5S3,5ba336b2d6695e02422d91b15e24ea12b84fce25456dd3726f19d85ab0bacc59,f82b7a926ec2df76a24788ec2f0b1cd9e766f71a7c2368765b0e92a9c0257f5b,c3d0da101c3fbc9fd2e203da367767b0b8e40840af767e82732fd32a25939d1f,d547764ab63466ee6dfc8aee7b1b0ffa1c2eabf83f705ee9c9d121612dd15816,5978c63e07f6c11787f0df7eefc7ce94184d128e4b2020af20556842e9f81a29,935,987,402,59
65,in-house,73,O=C1C2=C(CC(CC)CCCC)SC(CC(CC)CCCC)=C2C(C3=C(C4=CC=C(C5=CC(C(C6=CC(F)=C(CC(CC)CCCC)S6)=C(SC=C7)C7=C8C9=CC(F)=C(CC(CC)CCCC)S9)=C8S5)S4)SC(C%10=CC=CS%10)=C31)=O,c1c(c(cc2c1C(=C(C#N)C#N)/C(=C/c1cc3c(s1)c1c([se]3)c3c(C1(c1ccc(cc1)CCCCCC)c1ccc(cc1)CCCCCC)cc1c(c3)C(c3c1[se]c1c3sc(c1)/C=C\1/C(=C(C#N)C#N)c3c(C1=O)cc(c(c3)Cl)Cl)(c1ccc(cc1)CCCCCC)c1ccc(cc1)CCCCCC)/C2=O)Cl)Cl,13.32,O=C1C2=C(CC(CC)CCCC)SC(CC(CC)CCCC)=C2C(C3=C(C4=CC=C(C5=CC(C(C6=CC(F)=C(CC(CC)CCCC)S6)=C(SC=C7)C7=C8C9=CC(F)=C(CC(CC)CCCC)S9)=C8S5)S4)SC(C%10=CC=CS%10)=C31)=O||c1c(c(cc2c1C(=C(C#N)C#N)/C(=C/c1cc3c(s1)c1c([se]3)c3c(C1(c1ccc(cc1)CCCCCC)c1ccc(cc1)CCCCCC)cc1c(c3)C(c3c1[se]c1c3sc(c1)/C=C\1/C(=C(C#N)C#N)c3c(C1=O)cc(c(c3)Cl)Cl)(c1ccc(cc1)CCCCCC)c1ccc(cc1)CCCCCC)/C2=O)Cl)Cl,65482d735aa1f382b817dd8d95b1689b39b0b3c26138949c2680844f1b1f5ea0,0c4ccd118c6e141ce1e434fc6dc7513f237348a59a3dda82f0dd8f949ed54d31,823ad635033adbb212acfe26ad30dcc02afbc20d0c2c7933b440aaf36301b569,f230caccbf35a1fac20638439e4b49516546635874009221a41ccb083b3e2578,f4a48e08b4e9f50548614648c8e763bec0faa8829cdc7d30c8de973f8187c4c4,595,1128,1147,60
66,in-house,74,FC1=C(C(S2)=CC=C2C3=C(CCCCCCCCCCCCCCCC)C=C(C)S3)C4=NSN=C4C(C5=CC=C(S5)C6=C(CCCCCCCCCCCCCCCC)C=C(C7=C(C([H])=C(C8=C7C(N(C8=O)CCCCCCCCCCCCCCCC)=O)C)[H])S6)=C1F,c1(cc2c(cc1F)C(=O)/C(=C\c1cc3c(s1)c1c(s3)c3c(C1(c1ccc(cc1)CCCCCC)c1ccc(cc1)CCCCCC)cc1c(c3)C(c3c1sc1c3sc(c1)/C=C/1\C(=O)c3c(C1=C(C#N)C#N)cc(c(c3)F)F)(c1ccc(cc1)CCCCCC)c1ccc(cc1)CCCCCC)/C2=C(C#N)C#N)F,13.31,FC1=C(C(S2)=CC=C2C3=C(CCCCCCCCCCCCCCCC)C=C(C)S3)C4=NSN=C4C(C5=CC=C(S5)C6=C(CCCCCCCCCCCCCCCC)C=C(C7=C(C([H])=C(C8=C7C(N(C8=O)CCCCCCCCCCCCCCCC)=O)C)[H])S6)=C1F||c1(cc2c(cc1F)C(=O)/C(=C\c1cc3c(s1)c1c(s3)c3c(C1(c1ccc(cc1)CCCCCC)c1ccc(cc1)CCCCCC)cc1c(c3)C(c3c1sc1c3sc(c1)/C=C/1\C(=O)c3c(C1=C(C#N)C#N)cc(c(c3)F)F)(c1ccc(cc1)CCCCCC)c1ccc(cc1)CCCCCC)/C2=C(C#N)C#N)F,fe2e9725e17b0aaddb2fcaeeebd2d9079747076f1fa0acfe941629c38413962e,69e17d1724b4236f68d0c6efb6ad16969f13f8980d301d0056747038b20f0c8d,3e32e550e535e162c76c43c60b828ed0d0f21b4c403505c04eda27e3bc66c45f,395b4e6b48f5ff812009dd8c4a2a7a36886ddc7432ca7156e32488b452b76315,f615194b3691945be9f84d0af4db86518c5a8d97a086351eb12565929bbdc13a,276,282,1152,61
67,in-house,75,O=C1C2=C(CC(CC)CCCC)SC(CC(CC)CCCC)=C2C(C3=C(C4=CC=C(C5=CC(C(C6=CC(F)=C(CC(CC)CCCC)S6)=C(SC=C7)C7=C8C9=CC(F)=C(CC(CC)CCCC)S9)=C8S5)S4)SC(C%10=CC=CS%10)=C31)=O,O=C(C1=C(C=C(C(F)(F)F)C=C1)C/2=C(C#N)\C#N)C2=C/C3=CC4=C(C(C5(C6=CC=C(CCCCCC)C=C6)C7=CC=C(CCCCCC)C=C7)=C(C(C=C8C9(C%10=CC=C(C=C%10)CCCCCC)C%11=CC=C(CCCCCC)C=C%11)=C5C=C8C%12=C9C%13=C(C=C(S%13)/C=C%14C(C%15=C(C=C(C(F)(F)F)C=C%15)C\%14=C(C#N)\C#N)=O)S%12)S4)S3,13.3,O=C1C2=C(CC(CC)CCCC)SC(CC(CC)CCCC)=C2C(C3=C(C4=CC=C(C5=CC(C(C6=CC(F)=C(CC(CC)CCCC)S6)=C(SC=C7)C7=C8C9=CC(F)=C(CC(CC)CCCC)S9)=C8S5)S4)SC(C%10=CC=CS%10)=C31)=O||O=C(C1=C(C=C(C(F)(F)F)C=C1)C/2=C(C#N)\C#N)C2=C/C3=CC4=C(C(C5(C6=CC=C(CCCCCC)C=C6)C7=CC=C(CCCCCC)C=C7)=C(C(C=C8C9(C%10=CC=C(C=C%10)CCCCCC)C%11=CC=C(CCCCCC)C=C%11)=C5C=C8C%12=C9C%13=C(C=C(S%13)/C=C%14C(C%15=C(C=C(C(F)(F)F)C=C%15)C\%14=C(C#N)\C#N)=O)S%12)S4)S3,65482d735aa1f382b817dd8d95b1689b39b0b3c26138949c2680844f1b1f5ea0,6acc30d16636045690837076412db5701081bc88b8dff8da0644c68458904ca2,b25a7fbb300f6b97bf0bcf9d99368a347e3a8e0f1e469e9bbf8ce332a0979d87,9c26f606fb97ee76055dc82cefaf4ad7d6886c7e24090efda47da203c9093d94,965f99958818442cb6e8047d64d1d736a92391ce2159dd64a5d76dc4619a07f7,828,726,683,62
68,in-house,76,O=C(C1=C(CCC(CCCC)CC)SC(CCC(CC)CCCC)=C1C2=O)C(C2=C(C3)C(C4)=CC=C4C5=CC6=C(C(C7=CC=C(CCC(CCCC)CC)S7)=C8C=CSC8=C6C9=CC=C(CCC(CCCC)CC)S9)S5)=C3C%10=CC=CS%10,O=C(C1=C(C/2=C(C#N)\C#N)C=C(F)C(F)=C1)C2=C/C3=C(OCCCCCC)C=C(C4=CC(C5(C(C=C6)=CC=C6CCCCCC)C7=CC=C(C=C7)CCCCCC)=C(C(SC8=C9)=C5C8=CC%10=C9C(C(C%11=CC=C(C=C%11)CCCCCC)(C%12=C%13SC(C%14=CC(OCCCCCC)=C(/C=C(C%15=O)/C(C%16=C%15C=C(F)C(F)=C%16)=C(C#N)/C#N)S%14)=C%12)C%17=CC=C(C=C%17)CCCCCC)=C%13S%10)S4)S3,13.28,O=C(C1=C(CCC(CCCC)CC)SC(CCC(CC)CCCC)=C1C2=O)C(C2=C(C3)C(C4)=CC=C4C5=CC6=C(C(C7=CC=C(CCC(CCCC)CC)S7)=C8C=CSC8=C6C9=CC=C(CCC(CCCC)CC)S9)S5)=C3C%10=CC=CS%10||O=C(C1=C(C/2=C(C#N)\C#N)C=C(F)C(F)=C1)C2=C/C3=C(OCCCCCC)C=C(C4=CC(C5(C(C=C6)=CC=C6CCCCCC)C7=CC=C(C=C7)CCCCCC)=C(C(SC8=C9)=C5C8=CC%10=C9C(C(C%11=CC=C(C=C%11)CCCCCC)(C%12=C%13SC(C%14=CC(OCCCCCC)=C(/C=C(C%15=O)/C(C%16=C%15C=C(F)C(F)=C%16)=C(C#N)/C#N)S%14)=C%12)C%17=CC=C(C=C%17)CCCCCC)=C%13S%10)S4)S3,6f31f3770fd225e382586e20513744e11a328b7cc74c758d48628417c600a02b,638a222559ab2aeb819c87531e3ce899dc6f7d50cb52eac2215965472a4a7fb9,b61e91cf9bb661dc32f1ff2275a6f916c373708579805181bbfe2829f24e089a,b4441be4c2c17a6cac8f792841d44c7353b718d3e8deced57915ddb018672fa3,9131e771b4990d8487a117cd30eeb66b3a74d091518154d30236083dd58d0a31,856,814,658,63
69,in-house,77,FC(C=C(C1=C2SC=CC2=C(C3=CC(F)=C(CC(CCCC)CC)S3)C4=C1C=C(C5=CC=C(C6=C(C(C(C7=C(CC(CCCC)CC)SC(CC(CC)CCCC)=C78)=O)=C(C9=CC=CC9)S6)C8=O)S5)S4)S%10)=C%10CC(CC)CCCC,O=C(C(C=C(Cl)C(Cl)=C1)=C1C/2=C(C#N)/C#N)C2=C/C3=CC4=C(C5=C(C4(C(C=C6)=CC=C6OCC(CCCCCC)CCCC)C(C=C7)=CC=C7OCC(CCCC)CCCCCC)C8=CC(C(C=C8C=C5)=C9%10)=CC=C9C%11=C(C=C(S%11)/C=C%12C(C(C=C(Cl)C(Cl)=C%13)=C%13C\%12=C(C#N)/C#N)=O)C%10(C%14=CC=C(C=C%14)OCC(CCCCCC)CCCC)C(C=C%15)=CC=C%15OCC(CCCCCC)CCCC)S3,13.27,FC(C=C(C1=C2SC=CC2=C(C3=CC(F)=C(CC(CCCC)CC)S3)C4=C1C=C(C5=CC=C(C6=C(C(C(C7=C(CC(CCCC)CC)SC(CC(CC)CCCC)=C78)=O)=C(C9=CC=CC9)S6)C8=O)S5)S4)S%10)=C%10CC(CC)CCCC||O=C(C(C=C(Cl)C(Cl)=C1)=C1C/2=C(C#N)/C#N)C2=C/C3=CC4=C(C5=C(C4(C(C=C6)=CC=C6OCC(CCCCCC)CCCC)C(C=C7)=CC=C7OCC(CCCC)CCCCCC)C8=CC(C(C=C8C=C5)=C9%10)=CC=C9C%11=C(C=C(S%11)/C=C%12C(C(C=C(Cl)C(Cl)=C%13)=C%13C\%12=C(C#N)/C#N)=O)C%10(C%14=CC=C(C=C%14)OCC(CCCCCC)CCCC)C(C=C%15)=CC=C%15OCC(CCCCCC)CCCC)S3,61eee9608e36bdb1d3a96a3ad1baa39916f3a546e29d11481966a5a2d3d30f3c,14a472e51a08d75dfac23946a9b7f6c0e027f7ef2b395b1c525c51014d418599,28c93907e62b5f18189d635e75ccf2dcc060593bcc967c439ef2bf9000103092,f1bb33f9aad04381c4868f29832ba343dda5cda2ade54a75120f52f6ccb158e9,4e11627f31d57089ea60438ed5d7476ce1dd6821efbe72ef22048c2dad91786c,177,1126,345,64
70,in-house,78,CC1=CC(C(S1)=C(C2=C3SC(C4=CC=C(C(C5=NN(CC(CCCCCC)CCCC)N=C65)=CC(C7=NN(CC(CCCCCC)CCCC)N=C87)=C6C=C8C9=CC=C(C)S9)S4)=C2)C%10=CC([H])=C(SCC(CCCC)CCCCCC)S%10)=C3C%11=CC([H])=C(S%11)SCC(CCCCCC)CCCC,c1(cc2c(cc1F)C(=O)/C(=C\c1cc3c(s1)c1c(s3)c3c(C1(c1ccc(cc1)CCCCCC)c1ccc(cc1)CCCCCC)cc1c(c3)C(c3c1sc1c3sc(c1)/C=C/1\C(=O)c3c(C1=C(C#N)C#N)cc(c(c3)F)F)(c1ccc(cc1)CCCCCC)c1ccc(cc1)CCCCCC)/C2=C(C#N)C#N)F,13.25,CC1=CC(C(S1)=C(C2=C3SC(C4=CC=C(C(C5=NN(CC(CCCCCC)CCCC)N=C65)=CC(C7=NN(CC(CCCCCC)CCCC)N=C87)=C6C=C8C9=CC=C(C)S9)S4)=C2)C%10=CC([H])=C(SCC(CCCC)CCCCCC)S%10)=C3C%11=CC([H])=C(S%11)SCC(CCCCCC)CCCC||c1(cc2c(cc1F)C(=O)/C(=C\c1cc3c(s1)c1c(s3)c3c(C1(c1ccc(cc1)CCCCCC)c1ccc(cc1)CCCCCC)cc1c(c3)C(c3c1sc1c3sc(c1)/C=C/1\C(=O)c3c(C1=C(C#N)C#N)cc(c(c3)F)F)(c1ccc(cc1)CCCCCC)c1ccc(cc1)CCCCCC)/C2=C(C#N)C#N)F,39fcc08df7230256e4760f8ca2cfbd5e92232065f9e51708a43961f99e5623c6,69e17d1724b4236f68d0c6efb6ad16969f13f8980d301d0056747038b20f0c8d,a594acf8764f86b0e7852485e61f709551fe86a16deddf3a04edd32e0d98fa1f,ed79776ac6ae1d221fe60775c0863d4d928398fb7c20666e355c4b20c880b0c7,ebf74db7dafe7605cefee4e66841b4a31e61187c2692e479f66269fddcc6648a,766,1100,1104,65
71,in-house,79,O=C1C2=C(CC(CC)CCCC)SC(CC(CC)CCCC)=C2C(C3=C(C4=CC=C(C5=CC(C(C6=CC(F)=C(CC(CC)CCCC)S6)=C(SC=C7)C7=C8C9=CC(F)=C(CC(CC)CCCC)S9)=C8S5)S4)SC(C%10=CC=CS%10)=C31)=O,FC1=CC(C(/C2=C/C3=C(CCCCCC)C4=C(S3)C(C(C5=CC=C(CCCCCC)C=C5)(C6=CC=C(CCCCCC)C=C6)C(C7=C8C)=C9SC7=CC%10=C8SC%11=C%10[C@](C%12=CC=C(CCCCCC)C=C%12)(C%13=C%11SC%14=C%13SC(/C=C%15/C(C%16=C(C%15=O)C=C(F)C(F)=C%16)=C(C#N)\[N+]#[C-])=C%14CCCCCC)C)=C9S4)=C(C#N)/C#N)=C(C2=O)C=C1F,13.24,O=C1C2=C(CC(CC)CCCC)SC(CC(CC)CCCC)=C2C(C3=C(C4=CC=C(C5=CC(C(C6=CC(F)=C(CC(CC)CCCC)S6)=C(SC=C7)C7=C8C9=CC(F)=C(CC(CC)CCCC)S9)=C8S5)S4)SC(C%10=CC=CS%10)=C31)=O||FC1=CC(C(/C2=C/C3=C(CCCCCC)C4=C(S3)C(C(C5=CC=C(CCCCCC)C=C5)(C6=CC=C(CCCCCC)C=C6)C(C7=C8C)=C9SC7=CC%10=C8SC%11=C%10[C@](C%12=CC=C(CCCCCC)C=C%12)(C%13=C%11SC%14=C%13SC(/C=C%15/C(C%16=C(C%15=O)C=C(F)C(F)=C%16)=C(C#N)\[N+]#[C-])=C%14CCCCCC)C)=C9S4)=C(C#N)/C#N)=C(C2=O)C=C1F,65482d735aa1f382b817dd8d95b1689b39b0b3c26138949c2680844f1b1f5ea0,116596b3c0bf5392305dd7a9038cea9b7842a248ef0ff307a76793926dc41fde,b22cef58ec7cfac39705fe113999e5f0d7ccd8ddb0529e74aa7c5d95b01ae27e,ccadeab06fe0d22661c54cf46f26ab11bac8ab9ae86b5968982b866f28f40ae8,cbf0f12d5ec0c3cb2d107a991a82bf9dbbcd62a7c76f6730cd02747073721746,827,942,936,36
72,in-house,80,FC1=C(C2=CC=C(C3=CC4=C(C(C(C=C5F)=CC(F)=C5CC(CCCC)CC)=C6C=C(OC6=C4C(C=C7F)=CC(F)=C7CC(CC)CCCC)C)O3)S2)C8=NN(CC(CCCCCCCC)CCCCCC)N=C8C(C9=CC=C(C)S9)=C1F,O=C(C/1=C\C2=C(C3=C(S2)C(N4C5=CC=C(CCCCCC)C=C5)=C(C6=C4C7=C(C8=NSN=C68)C(SC9=C%10SC(/C=C%11C(C%12=CC(F)=C(C=C%12C\%11=C(C#N)/C#N)F)=O)=C9CCCCCCCCCCC)=C%10N7C%13=CC=C(CCCCCC)C=C%13)S3)CCCCCCCCCCC)C%14=CC(F)=C(F)C=C%14C1=C(C#N)/C#N,13.22,FC1=C(C2=CC=C(C3=CC4=C(C(C(C=C5F)=CC(F)=C5CC(CCCC)CC)=C6C=C(OC6=C4C(C=C7F)=CC(F)=C7CC(CC)CCCC)C)O3)S2)C8=NN(CC(CCCCCCCC)CCCCCC)N=C8C(C9=CC=C(C)S9)=C1F||O=C(C/1=C\C2=C(C3=C(S2)C(N4C5=CC=C(CCCCCC)C=C5)=C(C6=C4C7=C(C8=NSN=C68)C(SC9=C%10SC(/C=C%11C(C%12=CC(F)=C(C=C%12C\%11=C(C#N)/C#N)F)=O)=C9CCCCCCCCCCC)=C%10N7C%13=CC=C(CCCCCC)C=C%13)S3)CCCCCCCCCCC)C%14=CC(F)=C(F)C=C%14C1=C(C#N)/C#N,0eba39b92d3306533f37e1089333de7bf54469696f9634a85ef7c679c887edab,3bc5e962960694d5a8c90d751d3f10c939059169c6882aed8bdcfb92d36d6776,9ab63027ad8001727279933ec0d54192e59dcc97ec91cfd101885041ac846d14,151f1cd5e4b1ca5e94f334c5e773a72fe7018b3c65f786cc680559043ed889a9,2969717bdbfd392c6b33fe35ff9ba66f50ff1a03a093d95264e7f37a47283cde,704,105,177,66
73,in-house,81,[H]C(C=C1C(C2=C3SC(C4=C(F)C=C(C5=C(C(C6=C(SC(CCCCCCCC)=C6C7=O)CCCCCCCC)=O)C7=C(C8=CC(F)=CS8)S5)S4)=C2)=C9SC(C)=CC9=C3C%10=CC([H])=C(S%10)CCCCCCCC)=C(S1)CCCCCCCC,O=C1C(/C(C2=CC=CC=C21)=C(C#N)/C#N)=C/C3=CC(SC(C4=CC(C5(CCCCCCCC)CCCCCCCC)=C(C6=C5C7=C(C=C(/C=C8C(C9=CC=CC=C9C/8=C(C#N)/C#N)=O)S7)S6)C=C4%10)=C%11C%10(CCCCCCCC)CCCCCCCC)=C%11S3,13.2,[H]C(C=C1C(C2=C3SC(C4=C(F)C=C(C5=C(C(C6=C(SC(CCCCCCCC)=C6C7=O)CCCCCCCC)=O)C7=C(C8=CC(F)=CS8)S5)S4)=C2)=C9SC(C)=CC9=C3C%10=CC([H])=C(S%10)CCCCCCCC)=C(S1)CCCCCCCC||O=C1C(/C(C2=CC=CC=C21)=C(C#N)/C#N)=C/C3=CC(SC(C4=CC(C5(CCCCCCCC)CCCCCCCC)=C(C6=C5C7=C(C=C(/C=C8C(C9=CC=CC=C9C/8=C(C#N)/C#N)=O)S7)S6)C=C4%10)=C%11C%10(CCCCCCCC)CCCCCCCC)=C%11S3,207c5374cab9cab480ca09069403e45fa26ce90f96e97882a56aeac2c45d119c,15e629060f4bd1f16881c65603cd331ef5c9cf39120d5d0edf91eb3b1b6fe797,e5e22aaee613e8cce74d2088a8b63e0659a99b168073ae9721f0f494fcaa46ab,6f6641aa476b24ce08b16fdc700fd1a88e0b16d138231d46c02bd5ace04e95bc,7bf19c957f9f0a8f0230965aa3c87f9ec0ff4608555f1b1d261be436e970915b,1087,542,562,67
74,in-house,82,CC(S1)=CC=C1C2=C3C(C(C4=C(SC(CC(CC)CCCC)=C4C3=O)CC(CCCC)CC)=O)=C(S2)C(S5)=CC=C5C6=CC7=C(C8=CC(Cl)=C(CCCCCBr)C8)C9=C(C=C(S9)C)C(C%10=CC(Cl)=C(CCCCCBr)C%10)=C7S6,O=C(C/1=C\C2=C(C3=C(S2)C(N4C5=CC=C(CCCCCC)C=C5)=C(C6=C4C7=C(C8=NSN=C68)C(SC9=C%10SC(/C=C%11C(C%12=CC(F)=C(C=C%12C\%11=C(C#N)/C#N)F)=O)=C9CCCCCCCCCCC)=C%10N7C%13=CC=C(CCCCCC)C=C%13)S3)CCCCCCCCCCC)C%14=CC(F)=C(F)C=C%14C1=C(C#N)/C#N,13.2,CC(S1)=CC=C1C2=C3C(C(C4=C(SC(CC(CC)CCCC)=C4C3=O)CC(CCCC)CC)=O)=C(S2)C(S5)=CC=C5C6=CC7=C(C8=CC(Cl)=C(CCCCCBr)C8)C9=C(C=C(S9)C)C(C%10=CC(Cl)=C(CCCCCBr)C%10)=C7S6||O=C(C/1=C\C2=C(C3=C(S2)C(N4C5=CC=C(CCCCCC)C=C5)=C(C6=C4C7=C(C8=NSN=C68)C(SC9=C%10SC(/C=C%11C(C%12=CC(F)=C(C=C%12C\%11=C(C#N)/C#N)F)=O)=C9CCCCCCCCCCC)=C%10N7C%13=CC=C(CCCCCC)C=C%13)S3)CCCCCCCCCCC)C%14=CC(F)=C(F)C=C%14C1=C(C#N)/C#N,42bfb5715ae351be46fadb245f5d3fc09b1862c6168b75686e973f5a35385044,3bc5e962960694d5a8c90d751d3f10c939059169c6882aed8bdcfb92d36d6776,503b3c87a1a5143e1ddaf70ff638331b03ccad257de21038feb8b7c84b450759,d9ffaac3966ff79d46fd8b5e52967379a2e773cc95c15980b3bf5b92501894fa,5dfff92921414be369efa60d53f88727ddea4cfb4aaad90bbf8386c59c776eb6,369,1008,423,68
75,in-house,83,O=C(C1=C(CCC(CCCC)CC)SC(CCC(CC)CCCC)=C1C2=O)C(C2=C(C3)C(C4)=CC=C4C5=CC6=C(C(C7=CC=C(CCC(CCCC)CC)S7)=C8C=CSC8=C6C9=CC=C(CCC(CCCC)CC)S9)S5)=C3C%10=CC=CS%10,[F]C1=CC2=C(C(/C(C2=O)=C/C3=CC4=C(C5=C(N4C(CCCCCCCC)CCCCCCCC)C(SC6=C7N(C(CCCCCCCC)CCCCCCCC)C8=C6SC(/C=C9C(C(C=C(C([F])=C%10)[F])=C%10C\9=C(C#N)\C#N)=O)=C8)=C7S5)S3)=C(C#N)\C#N)C=C1[F],13.2,O=C(C1=C(CCC(CCCC)CC)SC(CCC(CC)CCCC)=C1C2=O)C(C2=C(C3)C(C4)=CC=C4C5=CC6=C(C(C7=CC=C(CCC(CCCC)CC)S7)=C8C=CSC8=C6C9=CC=C(CCC(CCCC)CC)S9)S5)=C3C%10=CC=CS%10||[F]C1=CC2=C(C(/C(C2=O)=C/C3=CC4=C(C5=C(N4C(CCCCCCCC)CCCCCCCC)C(SC6=C7N(C(CCCCCCCC)CCCCCCCC)C8=C6SC(/C=C9C(C(C=C(C([F])=C%10)[F])=C%10C\9=C(C#N)\C#N)=O)=C8)=C7S5)S3)=C(C#N)\C#N)C=C1[F],6f31f3770fd225e382586e20513744e11a328b7cc74c758d48628417c600a02b,75aa4e9186b82f3220097d36f018a2d94743ec76fe4d1dfe0715cf1d3946927a,ec31d262a0ca517840559008c71ff618d14cd0df0c88e01532129efab12ee3f9,8de7d11b852dafec68aafe3be33f0fbab59bcaf4057088998f9b9bea6d75f7d2,53365353df88da29c5e61c61af5177cc356edb54155b8a59b66da848bbdc4a6d,1114,667,375,69
76,in-house,84,FC1=C(C(OCC(CCCC)CC)=O)SC2=CSC(C3=CC4=C(C5=C(C(C6=CC=C(CC(CC)CCCC)S6)=C4S3)C=CS5)C7=CC=C(CC(CC)CCCC)S7)=C12,FC1=C(C=C(C(C/2C(C#N)C#N)=C1)C(C2=C/C(S3)=CC(SCCCCCCCC)=C3C(S4)=CC5=C4C6=CC(C7(C8=CC=C(CCCCCC)C=C8)C9=CC=C(CCCCCC)C=C9)=C(C=C6C5(C%10=CC=C(CCCCCC)C=C%10)C%11=CC=C(CCCCCC)C=C%11)C(S%12)=C7C=C%12C(S%13)=C(SCCCCCCCC)C=C%13/C=C%14/C(C%15=CC(F)=C(F)C=C%15C%14=O)=C(C#N)/C#N)=O)F,13.2,FC1=C(C(OCC(CCCC)CC)=O)SC2=CSC(C3=CC4=C(C5=C(C(C6=CC=C(CC(CC)CCCC)S6)=C4S3)C=CS5)C7=CC=C(CC(CC)CCCC)S7)=C12||FC1=C(C=C(C(C/2C(C#N)C#N)=C1)C(C2=C/C(S3)=CC(SCCCCCCCC)=C3C(S4)=CC5=C4C6=CC(C7(C8=CC=C(CCCCCC)C=C8)C9=CC=C(CCCCCC)C=C9)=C(C=C6C5(C%10=CC=C(CCCCCC)C=C%10)C%11=CC=C(CCCCCC)C=C%11)C(S%12)=C7C=C%12C(S%13)=C(SCCCCCCCC)C=C%13/C=C%14/C(C%15=CC(F)=C(F)C=C%15C%14=O)=C(C#N)/C#N)=O)F,2249a87c8fc0450476e55f070a85b71ffa6beb368356c28f1302bad8bac422cb,7b75cfe835f1e6ac2d973b92f7bbc53ca2ce7a9602309923b961c94d6270797e,1b2770db01019226c73ac07ec236a800d8d4c89685eb94a29171b8aaba83ed29,bf4b8ef13ee5ba0d08b6d096cc7641ceeba1e4f60759b1dace08f559d62a05ed,4753febd6798a2be0a7a298680fa07ffeba1a602e29f6fd09cd455134c1cff2a,130,880,318,70
77,in-house,85,O=C1C2=C(CC(CC)CCCC)SC(CC(CC)CCCC)=C2C(C3=C(C4=CC=C(C5=CC(C(C6=CC(F)=C(CC(CC)CCCC)S6)=C(SC=C7)C7=C8C9=CC(F)=C(CC(CC)CCCC)S9)=C8S5)S4)SC(C%10=CC=CS%10)=C31)=O,FC1=CC(C(/C2=C/C3=C(CCCCCCCCCC)C4=C(S3)C(C(C5=CC=C(CCCCCC)C=C5)(C6=CC=C(CCCCCC)C=C6)C(C7=C8C)=C9SC7=CC%10=C8SC%11=C%10[C@](C%12=CC=C(CCCCCC)C=C%12)(C%13=C%11SC%14=C%13SC(/C=C%15/C(C%16=C(C%15=O)C=C(F)C(F)=C%16)=C(C#N)\[N+]#[C-])=C%14CCCCCCCCCC)C)=C9S4)=C(C#N)/C#N)=C(C2=O)C=C1F,13.2,O=C1C2=C(CC(CC)CCCC)SC(CC(CC)CCCC)=C2C(C3=C(C4=CC=C(C5=CC(C(C6=CC(F)=C(CC(CC)CCCC)S6)=C(SC=C7)C7=C8C9=CC(F)=C(CC(CC)CCCC)S9)=C8S5)S4)SC(C%10=CC=CS%10)=C31)=O||FC1=CC(C(/C2=C/C3=C(CCCCCCCCCC)C4=C(S3)C(C(C5=CC=C(CCCCCC)C=C5)(C6=CC=C(CCCCCC)C=C6)C(C7=C8C)=C9SC7=CC%10=C8SC%11=C%10[C@](C%12=CC=C(CCCCCC)C=C%12)(C%13=C%11SC%14=C%13SC(/C=C%15/C(C%16=C(C%15=O)C=C(F)C(F)=C%16)=C(C#N)\[N+]#[C-])=C%14CCCCCCCCCC)C)=C9S4)=C(C#N)/C#N)=C(C2=O)C=C1F,65482d735aa1f382b817dd8d95b1689b39b0b3c26138949c2680844f1b1f5ea0,116596b3c0bf5392305dd7a9038cea9b7842a248ef0ff307a76793926dc41fde,b22cef58ec7cfac39705fe113999e5f0d7ccd8ddb0529e74aa7c5d95b01ae27e,ccadeab06fe0d22661c54cf46f26ab11bac8ab9ae86b5968982b866f28f40ae8,cbf0f12d5ec0c3cb2d107a991a82bf9dbbcd62a7c76f6730cd02747073721746,827,942,936,36
78,in-house,86,FC1=C(F)C=C(N=C(OCC(CCCCCC)CCCCCCCC)C=N2)C2=C1C3=CC=CS3,N#C/C(C#N)=C(C1=CC=CC=C1C2=O)/C2=C/C3=CC4=C(C5=C(C=C6C(C(CCCCCC)(CCCCCC)C7=C6SC(/C=C8/C(C9=CC=CC=C9C8=O)=C(C#N)/C#N)=C7)=C5)C4(CCCCCC)CCCCCC)S3,13.19,FC1=C(F)C=C(N=C(OCC(CCCCCC)CCCCCCCC)C=N2)C2=C1C3=CC=CS3||N#C/C(C#N)=C(C1=CC=CC=C1C2=O)/C2=C/C3=CC4=C(C5=C(C=C6C(C(CCCCCC)(CCCCCC)C7=C6SC(/C=C8/C(C9=CC=CC=C9C8=O)=C(C#N)/C#N)=C7)=C5)C4(CCCCCC)CCCCCC)S3,6d0ebf843ec88894476605165efae2bf8fd910afe87a5868bc4b56e85a61a93d,0cc00e1ba2d95fe8288dc072edf395ee6fc3678daa4e12f6703c7be7d2c5a409,2fb35be756cc728ab1b9f9df45f992a91878a39dadfbe6bdb20836bd5e7c60d5,110cd94368ec72b02b7125a7df1e112be2cef3fa7ff2ee6bb2627a22ce817373,d46b07cad5c868ee4eadca49e9fb164bf48e28278d9628f97eaf2b7d80c5e86e,212,85,969,71
79,in-house,88,O=C(C1=C(CCC(CCCC)CC)SC(CCC(CC)CCCC)=C1C2=O)C(C2=C(C3)C(C4)=CC=C4C5=CC6=C(C(C7=CC=C(CCC(CCCC)CC)S7)=C8C=CSC8=C6C9=CC=C(CCC(CCCC)CC)S9)S5)=C3C%10=CC=CS%10,O=C1C2=C(C)SC=C2C(/C1=C/C(S3)=CC4=C3C(S5)=C(C4(C6=CC=C(CCCCCC)C=C6)C7=CC=C(CCCCCC)C=C7)C(C5=C8C9=CC=C(CC(CCCC)CC)S9)=C(C%10=CC=C(CC(CCCC)CC)S%10)C%11=C8C(C%12(C%13=CC=C(CCCCCC)C=C%13)C%14=CC=C(CCCCCC)C=C%14)=C(S%11)C%15=C%12C=C(/C=C%16C(C%17=C(C)SC=C%17C\%16=C(C#N)\C#N)=O)S%15)=C(C#N)\C#N,13.18,O=C(C1=C(CCC(CCCC)CC)SC(CCC(CC)CCCC)=C1C2=O)C(C2=C(C3)C(C4)=CC=C4C5=CC6=C(C(C7=CC=C(CCC(CCCC)CC)S7)=C8C=CSC8=C6C9=CC=C(CCC(CCCC)CC)S9)S5)=C3C%10=CC=CS%10||O=C1C2=C(C)SC=C2C(/C1=C/C(S3)=CC4=C3C(S5)=C(C4(C6=CC=C(CCCCCC)C=C6)C7=CC=C(CCCCCC)C=C7)C(C5=C8C9=CC=C(CC(CCCC)CC)S9)=C(C%10=CC=C(CC(CCCC)CC)S%10)C%11=C8C(C%12(C%13=CC=C(CCCCCC)C=C%13)C%14=CC=C(CCCCCC)C=C%14)=C(S%11)C%15=C%12C=C(/C=C%16C(C%17=C(C)SC=C%17C\%16=C(C#N)\C#N)=O)S%15)=C(C#N)\C#N,6f31f3770fd225e382586e20513744e11a328b7cc74c758d48628417c600a02b,0277c9b68eca8fccb206e3036b0829f4d42fd858d55dd7c70dbccacb07ba592a,dab8515cd28fde6a96c617c31a5899ad7ed0319a2d10815845d137598cc41480,6ebea4e21d3ddd14fe6e878ff6d9fc825d248cab25914b43a1726d147efd4e59,5d7523c961ac25f3f2a98774a4f8734f5c7532d8cc652e1e459b3b758d430bd7,1037,537,421,72
80,in-house,89,O=C(C1=C(SC(CCCCCCCC)=C12)CCCCCCCC)C3=C(SC(C4=CC=C(C)S4)=C3C2=O)C(S5)=CC=C5C6=CC7C(C8=CC(F)=C(CCCCCCCC)C8)C9C(C=C(S9)C)C(C%10=CC(F)=C(S%10)CCCCCCCC)=C7S6,O=C(C/1=C\C2=CC3=C(S2)C(C4(C5=CC=C(CCCCCC)C=C5)C6=CC=C(CCCCCC)C=C6)=C(S3)C7=CC8=C(C=C74)C9=C(C%10=C(S9)C=C(/C=C%11C(C%12=CC=C(Cl)C=C%12C\%11=C(C#N)/C#N)=O)S%10)C8(C%13=CC=C(CCCCCC)C=C%13)C%14=CC=C(CCCCCC)C=C%14)C%15=CC=C(Cl)C=C%15C1=C(C#N)/C#N,13.16,O=C(C1=C(SC(CCCCCCCC)=C12)CCCCCCCC)C3=C(SC(C4=CC=C(C)S4)=C3C2=O)C(S5)=CC=C5C6=CC7C(C8=CC(F)=C(CCCCCCCC)C8)C9C(C=C(S9)C)C(C%10=CC(F)=C(S%10)CCCCCCCC)=C7S6||O=C(C/1=C\C2=CC3=C(S2)C(C4(C5=CC=C(CCCCCC)C=C5)C6=CC=C(CCCCCC)C=C6)=C(S3)C7=CC8=C(C=C74)C9=C(C%10=C(S9)C=C(/C=C%11C(C%12=CC=C(Cl)C=C%12C\%11=C(C#N)/C#N)=O)S%10)C8(C%13=CC=C(CCCCCC)C=C%13)C%14=CC=C(CCCCCC)C=C%14)C%15=CC=C(Cl)C=C%15C1=C(C#N)/C#N,e792d3c9cd416343b01f391920341dced2a7a213c67cb046f49990cbb2fa765d,13ae1148b228a4ab05940b3f9c909bea4a2b70c2f7a8fba669a2215eb652c86d,cccf67d767df147d076018c161cbf5fe42f029b4af5d25973848ee4c3abec9c4,82b752106d0226949191795db79c358eacfdba7ee4d43e578d0c4a652c766d67,dce63bd7161f8b973323b3e416ed06b6e3e733d02283ec7498eb1b84bbd86d10,977,622,1025,73
81,in-house,91,O=C(C1=C(CCC(CCCC)CC)SC(CCC(CC)CCCC)=C1C2=O)C(C2=C(C3)C(C4)=CC=C4C5=CC6=C(C(C7=CC=C(CCC(CCCC)CC)S7)=C8C=CSC8=C6C9=CC=C(CCC(CCCC)CC)S9)S5)=C3C%10=CC=CS%10,O=C(C1=C(C)SC([H])=C1C/2=C(C#N)\C#N)C2=C/C3=CC(C(C4=CC=C(CCCCCC)C=C4)(C5=CC=C(CCCCCC)C=C5)C6=C7SC8=C6C(C9=CC=C(S9)CC(CCCC)CC)=C%10SC(C%11=C(C%12(C%13=CC=C(CCCCCC)C=C%13)C%14=CC=C(CCCCCC)C=C%14)C=C(/C=C%15C(C%16=C(SC([H])=C%16C\%15=C(C#N)\C#N)[CH3])=O)S%11)=C%12C%10=C8C%17=CC=C(CC(CC)CCCC)S%17)=C7S3,13.15,O=C(C1=C(CCC(CCCC)CC)SC(CCC(CC)CCCC)=C1C2=O)C(C2=C(C3)C(C4)=CC=C4C5=CC6=C(C(C7=CC=C(CCC(CCCC)CC)S7)=C8C=CSC8=C6C9=CC=C(CCC(CCCC)CC)S9)S5)=C3C%10=CC=CS%10||O=C(C1=C(C)SC([H])=C1C/2=C(C#N)\C#N)C2=C/C3=CC(C(C4=CC=C(CCCCCC)C=C4)(C5=CC=C(CCCCCC)C=C5)C6=C7SC8=C6C(C9=CC=C(S9)CC(CCCC)CC)=C%10SC(C%11=C(C%12(C%13=CC=C(CCCCCC)C=C%13)C%14=CC=C(CCCCCC)C=C%14)C=C(/C=C%15C(C%16=C(SC([H])=C%16C\%15=C(C#N)\C#N)[CH3])=O)S%11)=C%12C%10=C8C%17=CC=C(CC(CC)CCCC)S%17)=C7S3,6f31f3770fd225e382586e20513744e11a328b7cc74c758d48628417c600a02b,0277c9b68eca8fccb206e3036b0829f4d42fd858d55dd7c70dbccacb07ba592a,dab8515cd28fde6a96c617c31a5899ad7ed0319a2d10815845d137598cc41480,6ebea4e21d3ddd14fe6e878ff6d9fc825d248cab25914b43a1726d147efd4e59,5d7523c961ac25f3f2a98774a4f8734f5c7532d8cc652e1e459b3b758d430bd7,1037,537,421,72
82,in-house,92,FC1=C(F)C=C(N=C(OCC(CCCCCC)CCCCCCCC)C=N2)C2=C1C3=CC=CS3,O=C(C1=CC=CC=C1C/2=C(C#N)\C#N)C2=C/C3=C(CCCCCCCCCCC)C(SC(C4=C5C6=C(C7=C(N6CC(CC)CCCC)C8=C(C(CCCCCCCCCCC)=C(S8)/C=C9C(C(C=CC=C%10)=C%10C\9=C(C#N)\C#N)=O)S7)C%11=NSN=C4%11)=C%12N5CC(CC)CCCC)=C%12S3,13.14,FC1=C(F)C=C(N=C(OCC(CCCCCC)CCCCCCCC)C=N2)C2=C1C3=CC=CS3||O=C(C1=CC=CC=C1C/2=C(C#N)\C#N)C2=C/C3=C(CCCCCCCCCCC)C(SC(C4=C5C6=C(C7=C(N6CC(CC)CCCC)C8=C(C(CCCCCCCCCCC)=C(S8)/C=C9C(C(C=CC=C%10)=C%10C\9=C(C#N)\C#N)=O)S7)C%11=NSN=C4%11)=C%12N5CC(CC)CCCC)=C%12S3,6d0ebf843ec88894476605165efae2bf8fd910afe87a5868bc4b56e85a61a93d,3bccd6c9cc22d1152938bdd23acfe9c3c778dc8316063d8fa195ae94d9f0e7a2,09b69f55e53efd26073183614a01b005a2e05767de76537fa0e15252fca2bebc,aae0173ec36b777079e168f7024c882295044c7b40f1bdff3f2c65ebc811d1f8,26cb4525bede665a03f63609be52d8cb39469aeacdaae80b269190770749a996,41,786,163,74
83,in-house,93,O=C(C1=C(CCC(CCCC)CC)SC(CCC(CC)CCCC)=C1C2=O)C(C2=C(C3)C(C4)=CC=C4C5=CC6=C(C(C7=CC=C(CCC(CCCC)CC)S7)=C8C=CSC8=C6C9=CC=C(CCC(CCCC)CC)S9)S5)=C3C%10=CC=CS%10,c1(c(cc2c(c1)C(=C(C2=O)[CH]c1sc2c(c1)n(c1c2sc2c1C(c1c2cc2c(c1)c1c(C2(c2ccc(cc2)CCCCCC)c2ccc(cc2)CCCCCC)c2c(s1)c1c(n2CCCCCCCC)cc(s1)/C=C\1/C(=C(C#N)C#N)c2c(C1=O)cc(c(c2)F)F)(c1ccc(cc1)CCCCCC)c1ccc(cc1)CCCCCC)CCCCCCCC)[C](C#N)C#N)F)F,13.13,O=C(C1=C(CCC(CCCC)CC)SC(CCC(CC)CCCC)=C1C2=O)C(C2=C(C3)C(C4)=CC=C4C5=CC6=C(C(C7=CC=C(CCC(CCCC)CC)S7)=C8C=CSC8=C6C9=CC=C(CCC(CCCC)CC)S9)S5)=C3C%10=CC=CS%10||c1(c(cc2c(c1)C(=C(C2=O)[CH]c1sc2c(c1)n(c1c2sc2c1C(c1c2cc2c(c1)c1c(C2(c2ccc(cc2)CCCCCC)c2ccc(cc2)CCCCCC)c2c(s1)c1c(n2CCCCCCCC)cc(s1)/C=C\1/C(=C(C#N)C#N)c2c(C1=O)cc(c(c2)F)F)(c1ccc(cc1)CCCCCC)c1ccc(cc1)CCCCCC)CCCCCCCC)[C](C#N)C#N)F)F,6f31f3770fd225e382586e20513744e11a328b7cc74c758d48628417c600a02b,db60cc5b4f1b07435af3f0ce439c46bbbfcf8f1e669bb2c871e9e26486542011,01c070df2a85f362469b93137c1d96d23f5ca1b7333aa2325319dc929761bf8c,d433e2924b4e095ae219edaacbb70c8309301470891fbee56c4411395b6edafc,c48e866bf0c07b316c9209dee1dda96f7838f1fb8d08728b97dff7bca1092243,6,980,903,75
84,in-house,94,FC1=C(F)C=C(N=C(OCC(CCCCCC)CCCCCCCC)C=N2)C2=C1C3=CC=CS3,O=C(C1=CC(F)=C(C=C1C/2=C(C#N)/C#N)F)C2=C/C3=CC([CH2]4)=C(S3)C5=C4C=C(C6=C7C8=CC([CH2]C9=C%10SC(/C=C%11C(C%12=CC(F)=C(C=C%12C\%11=C(C#N)/C#N)F)=O)=C9)=C%10C=C8C(B=O)6B=O)C(C7(B=O)B=O)=C5,13.13,FC1=C(F)C=C(N=C(OCC(CCCCCC)CCCCCCCC)C=N2)C2=C1C3=CC=CS3||O=C(C1=CC(F)=C(C=C1C/2=C(C#N)/C#N)F)C2=C/C3=CC([CH2]4)=C(S3)C5=C4C=C(C6=C7C8=CC([CH2]C9=C%10SC(/C=C%11C(C%12=CC(F)=C(C=C%12C\%11=C(C#N)/C#N)F)=O)=C9)=C%10C=C8C(B=O)6B=O)C(C7(B=O)B=O)=C5,6d0ebf843ec88894476605165efae2bf8fd910afe87a5868bc4b56e85a61a93d,28d0029dea8c5c0babe62172d65ee6b5e5a0fde21762921454e3c4403c97b025,600be7f041e3241bc9c587d859fe9b85b4ff32a46268841610b70bf444ec01a4,ebf95a33ea8abbbf147cd178a31dd26c123269cdd3fd31cde813d1b0d9ba5e94,eab8e64a11df5845d4d2f20ec98d3456c0ac5cfc379de3c57b30da8ac31b1d67,432,1090,1098,76
85,in-house,95,O=C1C2=C(CC(CC)CCCC)SC(CC(CC)CCCC)=C2C(C3=C(C4=CC=C(C5=CC(C(C6=CC(F)=C(CC(CC)CCCC)S6)=C(SC=C7)C7=C8C9=CC(F)=C(CC(CC)CCCC)S9)=C8S5)S4)SC(C%10=CC=CS%10)=C31)=O,c1(cc2c(cc1F)C(=O)/C(=C\c1cc3c(s1)c1c(s3)c3c(C1(c1ccc(cc1)CCCCCC)c1ccc(cc1)CCCCCC)cc1c(c3)C(c3c1sc1c3sc(c1)/C=C/1\C(=O)c3c(C1=C(C#N)C#N)cc(c(c3)F)F)(c1ccc(cc1)CCCCCC)c1ccc(cc1)CCCCCC)/C2=C(C#N)C#N)F,13.1,O=C1C2=C(CC(CC)CCCC)SC(CC(CC)CCCC)=C2C(C3=C(C4=CC=C(C5=CC(C(C6=CC(F)=C(CC(CC)CCCC)S6)=C(SC=C7)C7=C8C9=CC(F)=C(CC(CC)CCCC)S9)=C8S5)S4)SC(C%10=CC=CS%10)=C31)=O||c1(cc2c(cc1F)C(=O)/C(=C\c1cc3c(s1)c1c(s3)c3c(C1(c1ccc(cc1)CCCCCC)c1ccc(cc1)CCCCCC)cc1c(c3)C(c3c1sc1c3sc(c1)/C=C/1\C(=O)c3c(C1=C(C#N)C#N)cc(c(c3)F)F)(c1ccc(cc1)CCCCCC)c1ccc(cc1)CCCCCC)/C2=C(C#N)C#N)F,65482d735aa1f382b817dd8d95b1689b39b0b3c26138949c2680844f1b1f5ea0,69e17d1724b4236f68d0c6efb6ad16969f13f8980d301d0056747038b20f0c8d,6072df2b6bd02bc85f7319bd6bc942c7211fb3f54bf49e3a709e5d4b22e49bb3,c15f3f1e8845ab24b6fb279eb5ef9b0a9b3c5c983d765f7b12120bda83fb6d7a,d51766b005f03f939e0d28e8b4e67c5ee225b504e4a0245cc01453083e3ee9cd,433,888,977,77
86,in-house,97,CC(SC1=C(C2=C3SC(C4=CC=C(S4)C5=C(C(F)=C(C(N=C6C7=CC=CC(OCCCCCCCC)=C7)=C5N=C6C8=CC=CC(OCCCCCCCC)=C8)C9=CC=C(C)S9)F)=C2)C%10=CC(F)=C(S%10)SC)=CC1=C3C(S%11)=CC(F)=C%11SC,O=C(C/1=C\C2=C(C3=C(S2)C(N4C5=CC=C(CCCCCC)C=C5)=C(C6=C4C7=C(C8=NSN=C68)C(SC9=C%10SC(/C=C%11C(C%12=CC(F)=C(C=C%12C\%11=C(C#N)/C#N)F)=O)=C9CCCCCCCCCCC)=C%10N7C%13=CC=C(CCCCCC)C=C%13)S3)CCCCCCCCCCC)C%14=CC(F)=C(F)C=C%14C1=C(C#N)/C#N,13.1,CC(SC1=C(C2=C3SC(C4=CC=C(S4)C5=C(C(F)=C(C(N=C6C7=CC=CC(OCCCCCCCC)=C7)=C5N=C6C8=CC=CC(OCCCCCCCC)=C8)C9=CC=C(C)S9)F)=C2)C%10=CC(F)=C(S%10)SC)=CC1=C3C(S%11)=CC(F)=C%11SC||O=C(C/1=C\C2=C(C3=C(S2)C(N4C5=CC=C(CCCCCC)C=C5)=C(C6=C4C7=C(C8=NSN=C68)C(SC9=C%10SC(/C=C%11C(C%12=CC(F)=C(C=C%12C\%11=C(C#N)/C#N)F)=O)=C9CCCCCCCCCCC)=C%10N7C%13=CC=C(CCCCCC)C=C%13)S3)CCCCCCCCCCC)C%14=CC(F)=C(F)C=C%14C1=C(C#N)/C#N,0779effe8a88016874d12ec9fde4ea4630357eb216bdc5765da42d58e7ca4a11,3bc5e962960694d5a8c90d751d3f10c939059169c6882aed8bdcfb92d36d6776,6f194efe32c826e905572bc64d3964b1256ff9b21678f0f4f58ea1fdb8afab78,86b0adfcb399fa1dfcd25341e225509c27c12b6edcbbae6b961f64a780b670a2,7ab4f3e5834f279f2b544fe4f714c2d8651dba4c9934f728a37868247e628880,501,633,553,78
87,in-house,98,O=C(C1=C(SC(C2=CC=C(S2)C3=CC(C(C4=CC(F)=C(S4)SCCCCCCCC)=C5SC(C)=CC5=C6C7=CC(F)=C(S7)SCCCCCCCC)=C6S3)=C18)C9=CC=C(S9)C)C%10=C(SC(CCCCCCCC)=C%10C8=O)CCCCCCCC,c1(cc2c(cc1F)C(=O)/C(=C\c1cc3c(s1)c1c(s3)c3c(C1(c1ccc(cc1)CCCCCC)c1ccc(cc1)CCCCCC)cc1c(c3)C(c3c1sc1c3sc(c1)/C=C/1\C(=O)c3c(C1=C(C#N)C#N)cc(c(c3)F)F)(c1ccc(cc1)CCCCCC)c1ccc(cc1)CCCCCC)/C2=C(C#N)C#N)F,13.1,O=C(C1=C(SC(C2=CC=C(S2)C3=CC(C(C4=CC(F)=C(S4)SCCCCCCCC)=C5SC(C)=CC5=C6C7=CC(F)=C(S7)SCCCCCCCC)=C6S3)=C18)C9=CC=C(S9)C)C%10=C(SC(CCCCCCCC)=C%10C8=O)CCCCCCCC||c1(cc2c(cc1F)C(=O)/C(=C\c1cc3c(s1)c1c(s3)c3c(C1(c1ccc(cc1)CCCCCC)c1ccc(cc1)CCCCCC)cc1c(c3)C(c3c1sc1c3sc(c1)/C=C/1\C(=O)c3c(C1=C(C#N)C#N)cc(c(c3)F)F)(c1ccc(cc1)CCCCCC)c1ccc(cc1)CCCCCC)/C2=C(C#N)C#N)F,f99b7ce32848c40274f819691abe7f2348a9c079e1da0cb5c1ae130ebdd8408c,69e17d1724b4236f68d0c6efb6ad16969f13f8980d301d0056747038b20f0c8d,e660ffa7d68b48a7b91d21803ed4d8a4fe313a5212e619e7d9f48f180c4d7b31,7f1c64dcde85b119aba57b5ac7862824c48a5c7c8929ee07cb17f7790bb9a5f3,4cd0cd8caad7daac2c02fdd7420a3333f415fc14ee6bfc31d491fb284f4f8e93,1089,607,337,79
88,in-house,99,[F]C1=C(CC)SC(C2=C3C(C=C(C)C3)C(C4=CC([F])=C(S4)CC)=C5SC(C6=CC=C(S6)C7=C(C(C8=C(SC(CC)=C8C9=O)CC)=O)C9=C(C%10=CC=C(S%10)C)S7)=CC25)=C1,O=C(C1=C(C=C(F)C(F)=C1)C/2=C(C#N)\C#N)C2=C/C3=CC4=C(C(C=C(C(CCCCCCCC)(CCCCCCCC)C5=C6C=C7C(C8=CC(C(CCCCCCCC)(CCCCCCCC)C9=C%10SC(/C=C%11C(C%12=C(C=C(F)C(F)=C%12)C\%11=C(C#N)\C#N)=O)=C9)=C%10C=C8C7(CCCCCCCC)CCCCCCCC)=C5)C6=C%13)=C%13C4(CCCCCCCC)CCCCCCCC)S3,13.1,[F]C1=C(CC)SC(C2=C3C(C=C(C)C3)C(C4=CC([F])=C(S4)CC)=C5SC(C6=CC=C(S6)C7=C(C(C8=C(SC(CC)=C8C9=O)CC)=O)C9=C(C%10=CC=C(S%10)C)S7)=CC25)=C1||O=C(C1=C(C=C(F)C(F)=C1)C/2=C(C#N)\C#N)C2=C/C3=CC4=C(C(C=C(C(CCCCCCCC)(CCCCCCCC)C5=C6C=C7C(C8=CC(C(CCCCCCCC)(CCCCCCCC)C9=C%10SC(/C=C%11C(C%12=C(C=C(F)C(F)=C%12)C\%11=C(C#N)\C#N)=O)=C9)=C%10C=C8C7(CCCCCCCC)CCCCCCCC)=C5)C6=C%13)=C%13C4(CCCCCCCC)CCCCCCCC)S3,6213dd4049a47a1d3ddd86c99b799fe4ba312bdc695c607b0b6163384ca5ea00,f45ec173413f94fa442cc0893b6923ce8e0f21dce05140c2d29958680c0c1ead,b22be38d2b2bc6aeec4f44be21af7f3e8a6de121466a313cfa04c63cb0b6990c,bc9627a0118dca8403a82797476d3b5973f1e7c4397dd6a4de70a6d201c1647c,7c75abba8976a937b7f11df5f99bf40a1ac694d2dd62783c391482d1e8cf6d88,826,867,567,80
89,in-house,100,CC1=CC=C(S1)C2=C(C(C(C=C(C(SCC(CCCC)CC)=C3)SCC(CCCC)CC)=C3C4=O)=O)C4=C(C5=CC=C(S5)C6=CC7=C(C8=C(C(C9=CC(F)=C(S9)CC(CCCC)CC)=C7S6)C=C(C)S8)C%10=CC(F)=C(S%10)CC(CCCC)CC)S2,c1(cc2c(cc1F)C(=O)/C(=C\c1cc3c(s1)c1c(s3)c3c(C1(c1ccc(cc1)CCCCCC)c1ccc(cc1)CCCCCC)cc1c(c3)C(c3c1sc1c3sc(c1)/C=C/1\C(=O)c3c(C1=C(C#N)C#N)cc(c(c3)F)F)(c1ccc(cc1)CCCCCC)c1ccc(cc1)CCCCCC)/C2=C(C#N)C#N)F,13.1,CC1=CC=C(S1)C2=C(C(C(C=C(C(SCC(CCCC)CC)=C3)SCC(CCCC)CC)=C3C4=O)=O)C4=C(C5=CC=C(S5)C6=CC7=C(C8=C(C(C9=CC(F)=C(S9)CC(CCCC)CC)=C7S6)C=C(C)S8)C%10=CC(F)=C(S%10)CC(CCCC)CC)S2||c1(cc2c(cc1F)C(=O)/C(=C\c1cc3c(s1)c1c(s3)c3c(C1(c1ccc(cc1)CCCCCC)c1ccc(cc1)CCCCCC)cc1c(c3)C(c3c1sc1c3sc(c1)/C=C/1\C(=O)c3c(C1=C(C#N)C#N)cc(c(c3)F)F)(c1ccc(cc1)CCCCCC)c1ccc(cc1)CCCCCC)/C2=C(C#N)C#N)F,5990813d2cd8ea568051d5ccea93854177de79e3e6c420b7c6c196e95c0b05c9,69e17d1724b4236f68d0c6efb6ad16969f13f8980d301d0056747038b20f0c8d,a18919992ef5c47aef3afe190839a372e9312854b185184876008ce7b038656c,acd0ff068ce022ac75f03986c9e57a0402a62e4f50fedd55e6a4baf69d43b1c5,b36c39db145d458abfd57ac56b5903f3e02dfdb58ef4977c1fcd44d465ce149e,749,789,830,81
90,in-house,101,[F]C1=C(CC)SC(C2=C3C(C=C(C)C3)C(C4=CC([F])=C(S4)CC)=C5SC(C6=CC=C(S6)C7=C(C(C8=C(SC(CC)=C8C9=O)CC)=O)C9=C(C%10=CC=C(S%10)C)S7)=CC25)=C1,O=C1C2=C(C=C(F)C(F)=C2)C(/C1=C/C([Se]3)=CC4=C3C(C5(C6=CC=C(CCCCCC)C=C6)C7=CC=C(CCCCCC)C=C7)=C(S4)C(C5=C8)=CC9=C8C(S%10)=C(C9(C%11=CC=C(CCCCCC)C=C%11)C%12=CC=C(CCCCCC)C=C%12)C%13=C%10C=C([Se]%13)/C=C(/C%14=C(C#N)\C#N)C(C%15=C%14C=C(F)C(F)=C%15)=C)=C(C#N)/C#N,13.05,[F]C1=C(CC)SC(C2=C3C(C=C(C)C3)C(C4=CC([F])=C(S4)CC)=C5SC(C6=CC=C(S6)C7=C(C(C8=C(SC(CC)=C8C9=O)CC)=O)C9=C(C%10=CC=C(S%10)C)S7)=CC25)=C1||O=C1C2=C(C=C(F)C(F)=C2)C(/C1=C/C([Se]3)=CC4=C3C(C5(C6=CC=C(CCCCCC)C=C6)C7=CC=C(CCCCCC)C=C7)=C(S4)C(C5=C8)=CC9=C8C(S%10)=C(C9(C%11=CC=C(CCCCCC)C=C%11)C%12=CC=C(CCCCCC)C=C%12)C%13=C%10C=C([Se]%13)/C=C(/C%14=C(C#N)\C#N)C(C%15=C%14C=C(F)C(F)=C%15)=C)=C(C#N)/C#N,6213dd4049a47a1d3ddd86c99b799fe4ba312bdc695c607b0b6163384ca5ea00,9d5fa5d5f3e2d09ae81817d0d9fd8098d538c6b880a0d19d35601ba999abe089,5ef021c7faac5a33266fe6153034070262b54d0b40f07dd72e228f5ba2baf7ed,f4871acdfa0f2b0f2f1fb31bcbc78c1a2c301178f5f5f01a068a8a358bc36f7d,dcbc8b39d7fd118a23b336048361eac6233456c62c13c9a3b9ce9281449cfcdd,427,1137,1023,82
91,in-house,102,FC1=C(F)C=C(N=C(OCC(CCCCCC)CCCCCCCC)C=N2)C2=C1C3=CC=CS3,O=C(C1=CC(Cl)=C(C=C1C/2=C(C#N)\C#N)Cl)C2=C/C3=CC4=C(C(C5(C6=CC=C(C=C6)CCCCCC)C(C=C7)=CC=C7CCCCCC)=C(C8=CC9=C(C%10=C(C9(C%11=CC=C(C=C%11)CCCCCC)C%12=CC=C(C=C%12)CCCCCC)C%13=C(C=C(S%13)/C=C%14C(C%15=CC(Cl)=C(C=C%15C\%14=C(C#N)\C#N)Cl)=O)S%10)C=C85)S4)S3,13.04,FC1=C(F)C=C(N=C(OCC(CCCCCC)CCCCCCCC)C=N2)C2=C1C3=CC=CS3||O=C(C1=CC(Cl)=C(C=C1C/2=C(C#N)\C#N)Cl)C2=C/C3=CC4=C(C(C5(C6=CC=C(C=C6)CCCCCC)C(C=C7)=CC=C7CCCCCC)=C(C8=CC9=C(C%10=C(C9(C%11=CC=C(C=C%11)CCCCCC)C%12=CC=C(C=C%12)CCCCCC)C%13=C(C=C(S%13)/C=C%14C(C%15=CC(Cl)=C(C=C%15C\%14=C(C#N)\C#N)Cl)=O)S%10)C=C85)S4)S3,6d0ebf843ec88894476605165efae2bf8fd910afe87a5868bc4b56e85a61a93d,dcf842694d53827077961931c0e460a45a792bc12c0b37ed12451efc871162d4,d99b6fbf451edacb397d6ff8484f26a3e82e0b1beb234c54919dcc8e59cd8828,7a7708eee8c42655466c87a92c943803f22fc978eec2ff7422042ff9a1438ca6,0673aeac6824edd762f00459083218b2f324574af4fedba44d788e0750d9aa39,1030,587,31,83
92,in-house,103,O=C(C1=C(CCC(CCCC)CC)SC(CCC(CC)CCCC)=C1C2=O)C(C2=C(C3)C(C4)=CC=C4C5=CC6=C(C(C7=CC=C(CCC(CCCC)CC)S7)=C8C=CSC8=C6C9=CC=C(CCC(CCCC)CC)S9)S5)=C3C%10=CC=CS%10,COC1=C(/C=C(C(C2=C3C=C(F)C(F)=C2)=O)/C3=C(C#N)/C#N)SC(C4=CC(C5(C(C=C6)=CC=C6CCCCCC)C7=CC=C(C=C7)CCCCCC)=C(C8=CC9=C(C%10=C(C9(C%11=CC=C(C=C%11)CCCCCC)C%12=CC=C(C=C%12)CCCCCC)C=C(C%13=C(OC)C(OC)=C(/C=C(C(C%14=C%15C=C(F)C(F)=C%14)=O)\C%15=C(C#N)\C#N)S%13)S%10)C=C85)S4)=C1OC,13.01,O=C(C1=C(CCC(CCCC)CC)SC(CCC(CC)CCCC)=C1C2=O)C(C2=C(C3)C(C4)=CC=C4C5=CC6=C(C(C7=CC=C(CCC(CCCC)CC)S7)=C8C=CSC8=C6C9=CC=C(CCC(CCCC)CC)S9)S5)=C3C%10=CC=CS%10||COC1=C(/C=C(C(C2=C3C=C(F)C(F)=C2)=O)/C3=C(C#N)/C#N)SC(C4=CC(C5(C(C=C6)=CC=C6CCCCCC)C7=CC=C(C=C7)CCCCCC)=C(C8=CC9=C(C%10=C(C9(C%11=CC=C(C=C%11)CCCCCC)C%12=CC=C(C=C%12)CCCCCC)C=C(C%13=C(OC)C(OC)=C(/C=C(C(C%14=C%15C=C(F)C(F)=C%14)=O)\C%15=C(C#N)\C#N)S%13)S%10)C=C85)S4)=C1OC,6f31f3770fd225e382586e20513744e11a328b7cc74c758d48628417c600a02b,44538635d79edc705b529cf17afc1f33ae880a2424d6daa97d2559d16e86d4fe,3ae972233d6946a37e9b7b0d021e327f4192e9fca03fdcb477156abe45225c65,32732d31c6c32daa53aef84985b932252dd4537b269a88fa749fd0db038a8c39,20aedb4c2369ad103adb20403568045003958855ba4627ba9500642948b3e450,264,259,136,84
93,in-house,104,FC1=C(F)C=C(N=C(OCC(CCCCCC)CCCCCCCC)C=N2)C2=C1C3=CC=CS3,CF.O=C(C1=C2C=CC=C1)C(/C2=C(C#N)\[N+]#[C-])=C\C3=CC(C4(CCCCCC)CCCCCC)=C(C5=C4C=C(C6=C5)C7=C(C6(CCCCCC)CCCCCC)C=C(/C=C(/C8=C(C#N)/[N+]#[C-])C(C9=C8C=CC=C9)=O)S7)S3.CF,13.01,FC1=C(F)C=C(N=C(OCC(CCCCCC)CCCCCCCC)C=N2)C2=C1C3=CC=CS3||CF.O=C(C1=C2C=CC=C1)C(/C2=C(C#N)\[N+]#[C-])=C\C3=CC(C4(CCCCCC)CCCCCC)=C(C5=C4C=C(C6=C5)C7=C(C6(CCCCCC)CCCCCC)C=C(/C=C(/C8=C(C#N)/[N+]#[C-])C(C9=C8C=CC=C9)=O)S7)S3.CF,6d0ebf843ec88894476605165efae2bf8fd910afe87a5868bc4b56e85a61a93d,f3b1d6ca237d7ffabb8ed778d5a187ef9257cf264b90b10b392609e85c4aaf57,0701e6dfc54cc964b0bf45f6f95a7d4adb9c5e2df2235f76ade2e39555bae8fd,181768f6066cf277df726f31234d154a518374122772721d160e3a9420f69ce5,0f2b3fd677c62ec55d01c520393c49f0dc393e59b2d6b3669a1f408833aaeafe,28,121,73,85
94,in-house,105,FC1=C(C(OCC(CCCC)CC)=O)SC2=CSC(C3=CC4=C(C5=C(C(C6=CC=C(CC(CC)CCCC)S6)=C4S3)C=CS5)C7=CC=C(CC(CC)CCCC)S7)=C12,CCCCCCC(S1)=CC=C1C(C2=C3SC4=C2SC5=C4C(C6=CC=C(CCCCCC)C=C6)(C7=CC=C(CCCCCC)C=C7)C8=C5SC(C9=C(F)C(F)=CC%10=C9C(C/C%10=C(C#N)/C#N)=O)=C8)=C%11SC%12=C(C%11=C3C%13=CC=C(S%13)CCCCCC)SC%14=C%12C(C%15=CC=C(CCCCCC)C=C%15)(C%16=CC=C(CCCCCC)C=C%16)C%17=C%14SC(C%18=C(F)C(F)=CC(/C(C%19)=C(C#N)/C#N)=C%18C%19=O)=C%17,13.0,FC1=C(C(OCC(CCCC)CC)=O)SC2=CSC(C3=CC4=C(C5=C(C(C6=CC=C(CC(CC)CCCC)S6)=C4S3)C=CS5)C7=CC=C(CC(CC)CCCC)S7)=C12||CCCCCCC(S1)=CC=C1C(C2=C3SC4=C2SC5=C4C(C6=CC=C(CCCCCC)C=C6)(C7=CC=C(CCCCCC)C=C7)C8=C5SC(C9=C(F)C(F)=CC%10=C9C(C/C%10=C(C#N)/C#N)=O)=C8)=C%11SC%12=C(C%11=C3C%13=CC=C(S%13)CCCCCC)SC%14=C%12C(C%15=CC=C(CCCCCC)C=C%15)(C%16=CC=C(CCCCCC)C=C%16)C%17=C%14SC(C%18=C(F)C(F)=CC(/C(C%19)=C(C#N)/C#N)=C%18C%19=O)=C%17,2249a87c8fc0450476e55f070a85b71ffa6beb368356c28f1302bad8bac422cb,e3da7520f253a38f763523e9a8a42d801220e67b07af45a731aae3d73c948457,9499ff0f534520f8ba4bf7b2222edbde8d30f68a3f00c4d054323bcadb8cb9bb,758d6581062f97a1f7ed12e781078d9a852d09c3c570793656524c4735273993,e100e2387667a3b0352d157eef55142a6be86bd4b44882b9e0eaf9d4c94e0222,677,567,1045,86
95,in-house,106,O=C1C2=C(CC(CC)CCCC)SC(CC(CC)CCCC)=C2C(C3=C(C4=CC=C(C5=CC(C(C6=CC(F)=C(CC(CC)CCCC)S6)=C(SC=C7)C7=C8C9=CC(F)=C(CC(CC)CCCC)S9)=C8S5)S4)SC(C%10=CC=CS%10)=C31)=O,O=C(C1=C(C=C(F)C(F)=C1)C/2=C(C#N)\C#N)C2=C/C3=CC4=C(C(C5(C6=CC=C(CCCCCCCC)C=C6)C7=CC=C(CCCCCCCC)C=C7)=C(C8=C5C(C(C9=CC=C(S9)[Si](CCC)(CCC)CCC)=C%10SC%11=C(C(C%12=CC=C(C=C%12)CCCCCCCCC)(C%13=C%11SC%14=C%13SC(/C=C%15C(C%16=C(C=C(F)C(F)=C%16)C\%15=C(C#N)\C#N)=O)=C%14)C%17=CC=C(C=C%17)CCCCCCCC)C%10=C%18C%19=CC=C([Si](CCC)(CCC)CCC)S%19)=C%18S8)S4)S3,13.0,O=C1C2=C(CC(CC)CCCC)SC(CC(CC)CCCC)=C2C(C3=C(C4=CC=C(C5=CC(C(C6=CC(F)=C(CC(CC)CCCC)S6)=C(SC=C7)C7=C8C9=CC(F)=C(CC(CC)CCCC)S9)=C8S5)S4)SC(C%10=CC=CS%10)=C31)=O||O=C(C1=C(C=C(F)C(F)=C1)C/2=C(C#N)\C#N)C2=C/C3=CC4=C(C(C5(C6=CC=C(CCCCCCCC)C=C6)C7=CC=C(CCCCCCCC)C=C7)=C(C8=C5C(C(C9=CC=C(S9)[Si](CCC)(CCC)CCC)=C%10SC%11=C(C(C%12=CC=C(C=C%12)CCCCCCCCC)(C%13=C%11SC%14=C%13SC(/C=C%15C(C%16=C(C=C(F)C(F)=C%16)C\%15=C(C#N)\C#N)=O)=C%14)C%17=CC=C(C=C%17)CCCCCCCC)C%10=C%18C%19=CC=C([Si](CCC)(CCC)CCC)S%19)=C%18S8)S4)S3,65482d735aa1f382b817dd8d95b1689b39b0b3c26138949c2680844f1b1f5ea0,8c3bbd24758b8511d10bb608a3ccbd9afe1dacfa3a21e831160955d7db865b3a,bac58e4b28425ecdcffbe1a00e04bfc65af64692a4fcac671af0d6dee6da9a5c,b1659c69c483bbb0226f608ae2695d7628ce2b0d1798605a6e990812a41906f3,245aa3ee81671ab98c5858cea7766d4ac0c3c2619927923676890955c9ebfa03,883,805,149,87
96,in-house,107,CC1=CC(C(C2=CC=C(S2)CC(CCCC)CC)=C3S4)=C(S1)C(C5=CC=C(S5)CC(CC)CCCC)=C3C=C4C6=CC(NC(OCC(CCCCCCCC)CCCCCCCCCC)=O)=C(C(S7)=NC(S8)=C7N=C8C(SC(C)=C9)=C9NC(OCC(CCCCCCCCCC)CCCCCCCC)=O)S6,O=C(C/1=C\C2=C(C3=C(S2)C(N4C5=CC=C(CCCCCC)C=C5)=C(C6=C4C7=C(C8=NSN=C68)C(SC9=C%10SC(/C=C%11C(C%12=CC(F)=C(C=C%12C\%11=C(C#N)/C#N)F)=O)=C9CCCCCCCCCCC)=C%10N7C%13=CC=C(CCCCCC)C=C%13)S3)CCCCCCCCCCC)C%14=CC(F)=C(F)C=C%14C1=C(C#N)/C#N,12.9,CC1=CC(C(C2=CC=C(S2)CC(CCCC)CC)=C3S4)=C(S1)C(C5=CC=C(S5)CC(CC)CCCC)=C3C=C4C6=CC(NC(OCC(CCCCCCCC)CCCCCCCCCC)=O)=C(C(S7)=NC(S8)=C7N=C8C(SC(C)=C9)=C9NC(OCC(CCCCCCCCCC)CCCCCCCC)=O)S6||O=C(C/1=C\C2=C(C3=C(S2)C(N4C5=CC=C(CCCCCC)C=C5)=C(C6=C4C7=C(C8=NSN=C68)C(SC9=C%10SC(/C=C%11C(C%12=CC(F)=C(C=C%12C\%11=C(C#N)/C#N)F)=O)=C9CCCCCCCCCCC)=C%10N7C%13=CC=C(CCCCCC)C=C%13)S3)CCCCCCCCCCC)C%14=CC(F)=C(F)C=C%14C1=C(C#N)/C#N,3562c526c550f1718b0284de8104ab3b2a55f3c6c07c501032ad28bebd5743bd,3bc5e962960694d5a8c90d751d3f10c939059169c6882aed8bdcfb92d36d6776,a124fbb00b6434b9b1d105eaf2b26c70264d5bb95c054a4af6fda646bd600642,bf8f235fc9de172988024958c7c0270ef1fb40ae7d27d9b9c0a3625130e9c02a,8a16c978a82aac9f2d1b22b30fa2b3b304b3ab4cf9e8fef4b64b5cea99d4339c,747,882,623,88
97,in-house,108,FC(C=C(C1=C2SC=CC2=C(C3=CC(F)=C(CC(CCCC)CC)S3)C4=C1C=C(C5=CC=C(C6=C(C(C(C7=C(CC(CCCC)CC)SC(CC(CC)CCCC)=C78)=O)=C(C9=CC=CC9)S6)C8=O)S5)S4)S%10)=C%10CC(CC)CCCC,O=C(C1=CC(Cl)=C(C=C1C/2=C(C#N)\C#N)Cl)C2=C/C3=CC4=C(C(C5(C6=CC=C(C=C6)CCCCCC)C(C=C7)=CC=C7CCCCCC)=C(C8=CC9=C(C%10=C(C9(C%11=CC=C(C=C%11)CCCCCC)C%12=CC=C(C=C%12)CCCCCC)C%13=C(C=C(S%13)/C=C%14C(C%15=CC(Cl)=C(C=C%15C\%14=C(C#N)\C#N)Cl)=O)S%10)C=C85)S4)S3,12.87,FC(C=C(C1=C2SC=CC2=C(C3=CC(F)=C(CC(CCCC)CC)S3)C4=C1C=C(C5=CC=C(C6=C(C(C(C7=C(CC(CCCC)CC)SC(CC(CC)CCCC)=C78)=O)=C(C9=CC=CC9)S6)C8=O)S5)S4)S%10)=C%10CC(CC)CCCC||O=C(C1=CC(Cl)=C(C=C1C/2=C(C#N)\C#N)Cl)C2=C/C3=CC4=C(C(C5(C6=CC=C(C=C6)CCCCCC)C(C=C7)=CC=C7CCCCCC)=C(C8=CC9=C(C%10=C(C9(C%11=CC=C(C=C%11)CCCCCC)C%12=CC=C(C=C%12)CCCCCC)C%13=C(C=C(S%13)/C=C%14C(C%15=CC(Cl)=C(C=C%15C\%14=C(C#N)\C#N)Cl)=O)S%10)C=C85)S4)S3,61eee9608e36bdb1d3a96a3ad1baa39916f3a546e29d11481966a5a2d3d30f3c,dcf842694d53827077961931c0e460a45a792bc12c0b37ed12451efc871162d4,aa9e22ca7a204561fb6c9ef5f173a0823b6e5a6742d985f733f5461808d81b74,157f8269a245b3e25ba2c18b826eb36944c214d8b5ef60328ea54ef7d8a906be,af9af251c42ee997c316e71dad54895735ba3110671f148d44e366cd5bdcf310,791,107,802,89
98,in-house,109,O=C1C2=C(CC(CC)CCCC)SC(CC(CC)CCCC)=C2C(C3=C(C4=CC=C(C5=CC(C(C6=CC(F)=C(CC(CC)CCCC)S6)=C(SC=C7)C7=C8C9=CC(F)=C(CC(CC)CCCC)S9)=C8S5)S4)SC(C%10=CC=CS%10)=C31)=O,CCC(CN1N=C2C3=C(C4=C(C5=C(N4CC(CCCC)CC)C(CCCCCC)=C(/C=C6C(C7=C(C=C(F)C(F)=C7)C\6=C(C#N)\C#N)=O)S5)C2=N1)N(CC(CCCC)CC)C8=C3SC(/C=C9C(C(C=C(F)C(F)=C%10)=C%10C\9=C(C#N)/C#N)=O)=C8CCCCCC)CCCC,12.86,O=C1C2=C(CC(CC)CCCC)SC(CC(CC)CCCC)=C2C(C3=C(C4=CC=C(C5=CC(C(C6=CC(F)=C(CC(CC)CCCC)S6)=C(SC=C7)C7=C8C9=CC(F)=C(CC(CC)CCCC)S9)=C8S5)S4)SC(C%10=CC=CS%10)=C31)=O||CCC(CN1N=C2C3=C(C4=C(C5=C(N4CC(CCCC)CC)C(CCCCCC)=C(/C=C6C(C7=C(C=C(F)C(F)=C7)C\6=C(C#N)\C#N)=O)S5)C2=N1)N(CC(CCCC)CC)C8=C3SC(/C=C9C(C(C=C(F)C(F)=C%10)=C%10C\9=C(C#N)/C#N)=O)=C8CCCCCC)CCCC,65482d735aa1f382b817dd8d95b1689b39b0b3c26138949c2680844f1b1f5ea0,f8f3d8034bf2709a2fccbd5651a24c7f29c8dfcb262e1eb849ee4c668a59db75,894942ca21b228c28b3b88c2a818c117a9c88dede09f04ba650f583ab30ec95e,07cd061b78999322818a5a3154265950b3b2ab9ede2971a9c77f537f55ffc4af,678a048ba7aeb0614d847070e3b518d46b646c8cdff9746024c14a0b9568117b,625,38,467,90
99,in-house,110,CC1=CC(C(S1)=C(C2=C3SC(C(S4)=CC=C4C5=C6C(C(C7=C(SC(CCCCCCCC)=C7C6=O)CCCCCCCC)=O)=C(S5)C8=CC=C(C)S8)=C2)C9=CC=C(S9)CC)=C3C%10=CC=C(S%10)CC,c1(cc2c(cc1F)C(=O)/C(=C\c1cc3c(s1)c1c(s3)c3c(C1(c1ccc(cc1)CCCCCC)c1ccc(cc1)CCCCCC)cc1c(c3)C(c3c1sc1c3sc(c1)/C=C/1\C(=O)c3c(C1=C(C#N)C#N)cc(c(c3)F)F)(c1ccc(cc1)CCCCCC)c1ccc(cc1)CCCCCC)/C2=C(C#N)C#N)F,12.85,CC1=CC(C(S1)=C(C2=C3SC(C(S4)=CC=C4C5=C6C(C(C7=C(SC(CCCCCCCC)=C7C6=O)CCCCCCCC)=O)=C(S5)C8=CC=C(C)S8)=C2)C9=CC=C(S9)CC)=C3C%10=CC=C(S%10)CC||c1(cc2c(cc1F)C(=O)/C(=C\c1cc3c(s1)c1c(s3)c3c(C1(c1ccc(cc1)CCCCCC)c1ccc(cc1)CCCCCC)cc1c(c3)C(c3c1sc1c3sc(c1)/C=C/1\C(=O)c3c(C1=C(C#N)C#N)cc(c(c3)F)F)(c1ccc(cc1)CCCCCC)c1ccc(cc1)CCCCCC)/C2=C(C#N)C#N)F,5ba336b2d6695e02422d91b15e24ea12b84fce25456dd3726f19d85ab0bacc59,69e17d1724b4236f68d0c6efb6ad16969f13f8980d301d0056747038b20f0c8d,f6d2f7727f03a8714c28f1942db5e578abbc6131206fbe0d16195f577ee3ee09,4e620f3474132b68ca0c737cf574729ba6c3192de17d53f0f05ed117dff3f0fe,203bc98bf535b968bca30ba8817d25e9ef55f4c8d2378d84b38182b37aa9d997,1154,372,134,91
100,in-house,111,O=C1C2=C(CC(CC)CCCC)SC(CC(CC)CCCC)=C2C(C3=C(C4=CC=C(C5=CC(C(C6=CC(F)=C(CC(CC)CCCC)S6)=C(SC=C7)C7=C8C9=CC(F)=C(CC(CC)CCCC)S9)=C8S5)S4)SC(C%10=CC=CS%10)=C31)=O,O=C(C1=CC(Cl)=C(Cl)C=C1C/2=C(C#N)/C#N)C2=C/C3=CC4=C(S3)C5=CC6=C(C=C5C4(CCCCCCCC)CCCCCCCC)C7=C(C=C8C9=C(C=C(S9)/C=C%10C(C%11=CC(Cl)=C(Cl)C=C%11C\%10=C(C#N)/C#N)=O)C(CCCCCCCC)(CCCCCCCC)C8=C7)C(CCCCCCCC)6CCCCCCCC,12.83,O=C1C2=C(CC(CC)CCCC)SC(CC(CC)CCCC)=C2C(C3=C(C4=CC=C(C5=CC(C(C6=CC(F)=C(CC(CC)CCCC)S6)=C(SC=C7)C7=C8C9=CC(F)=C(CC(CC)CCCC)S9)=C8S5)S4)SC(C%10=CC=CS%10)=C31)=O||O=C(C1=CC(Cl)=C(Cl)C=C1C/2=C(C#N)/C#N)C2=C/C3=CC4=C(S3)C5=CC6=C(C=C5C4(CCCCCCCC)CCCCCCCC)C7=C(C=C8C9=C(C=C(S9)/C=C%10C(C%11=CC(Cl)=C(Cl)C=C%11C\%10=C(C#N)/C#N)=O)C(CCCCCCCC)(CCCCCCCC)C8=C7)C(CCCCCCCC)6CCCCCCCC,65482d735aa1f382b817dd8d95b1689b39b0b3c26138949c2680844f1b1f5ea0,67c8cface601826cbe0b79183d87ab3b3ea8fae9d30ec9fbae02a933514c2cf3,c01e9f7a5cbab1e56157b547f5c055e1d42c11c2bf2c67be5f4421c3cac51d13,91fda92d9297d1ea8f6e763d928a9daf5cd435bb0d4eeb753fd3fe5c22eaf2cc,12c439327bbbe37e4581b5b65626875dbfb0306e995b8b0358ecdf4edb0950f0,913,686,81,92
101,in-house,112,O=C(C1=C(CCC(CCCC)CC)SC(CCC(CC)CCCC)=C1C2=O)C(C2=C(C3)C(C4)=CC=C4C5=CC6=C(C(C7=CC=C(CCC(CCCC)CC)S7)=C8C=CSC8=C6C9=CC=C(CCC(CCCC)CC)S9)S5)=C3C%10=CC=CS%10,O=C(C1=CC(F)=C(C=C1C/2=C(C#N)\C#N)F)C2=C/C3=CC4=C(S3)C(CC5=C6C(C7=CC=CC(OCCCCCC)=C7)(C8=CC(OCCCCCC)=CC=C8)C9=C5C=C%10C(C%11=CC(OCCCCCC)=CC=C%11)(C%12=CC=CC(OCCCCCC)=C%12)C%13=C(SC%14=C%13N(CCCCCCCC)C%15=C%14SC(/C=C%16C(C%17=CC(F)=C(C=C%17C\%16=C(C#N)\C#N)F)=O)=C%15)C%10=C9)=C6N4CCCCCCCC,12.8,O=C(C1=C(CCC(CCCC)CC)SC(CCC(CC)CCCC)=C1C2=O)C(C2=C(C3)C(C4)=CC=C4C5=CC6=C(C(C7=CC=C(CCC(CCCC)CC)S7)=C8C=CSC8=C6C9=CC=C(CCC(CCCC)CC)S9)S5)=C3C%10=CC=CS%10||O=C(C1=CC(F)=C(C=C1C/2=C(C#N)\C#N)F)C2=C/C3=CC4=C(S3)C(CC5=C6C(C7=CC=CC(OCCCCCC)=C7)(C8=CC(OCCCCCC)=CC=C8)C9=C5C=C%10C(C%11=CC(OCCCCCC)=CC=C%11)(C%12=CC=CC(OCCCCCC)=C%12)C%13=C(SC%14=C%13N(CCCCCCCC)C%15=C%14SC(/C=C%16C(C%17=CC(F)=C(C=C%17C\%16=C(C#N)\C#N)F)=O)=C%15)C%10=C9)=C6N4CCCCCCCC,6f31f3770fd225e382586e20513744e11a328b7cc74c758d48628417c600a02b,3d57e8b121bd381f8e8a6e529cf1ee2eb6aca31ed512c63d2dd65ef9693d21ba,aa7f5b81e58e4bb05ae833fe37a60fae5ce23c8e849206db85da1baa40b378fa,472ad6557030a3b4acd6ad036a6c5fe2fb407b119831ae8a98efe9bf712704dc,cc8d91af4b946022a01ef32f89f229eac6da6f62f6f241ee0bf87ff2bc5c20bf,788,342,939,93
102,in-house,113,FC1=C(C(OCC(CCCC)CC)=O)SC2=CSC(C3=CC4=C(C5=C(C(C6=CC=C(CC(CC)CCCC)S6)=C4S3)C=CS5)C7=CC=C(CC(CC)CCCC)S7)=C12,FC1=CC2=C(C(/C(C2=O)=C/C3=CC(OCC(CC)CCCC)=C(S3)C4=CC5=C(S4)C6=CC(C7(C8=CC=C(CCCCCC)C=C8)C9=CC=C(CCCCCC)C=C9)=C(C%10=C7C=C(S%10)C%11=C(OCC(CC)CCCC)C=C(S%11)/C=C(/C(C%12=C%13C=C(F)C(F)=C%12)=C(C#N)\C#N)C%13=O)C=C6C5(C%14=CC=C(CCCCCC)C=C%14)C%15=CC=C(CCCCCC)C=C%15)=C(C#N)/C#N)C=C1F,12.8,FC1=C(C(OCC(CCCC)CC)=O)SC2=CSC(C3=CC4=C(C5=C(C(C6=CC=C(CC(CC)CCCC)S6)=C4S3)C=CS5)C7=CC=C(CC(CC)CCCC)S7)=C12||FC1=CC2=C(C(/C(C2=O)=C/C3=CC(OCC(CC)CCCC)=C(S3)C4=CC5=C(S4)C6=CC(C7(C8=CC=C(CCCCCC)C=C8)C9=CC=C(CCCCCC)C=C9)=C(C%10=C7C=C(S%10)C%11=C(OCC(CC)CCCC)C=C(S%11)/C=C(/C(C%12=C%13C=C(F)C(F)=C%12)=C(C#N)\C#N)C%13=O)C=C6C5(C%14=CC=C(CCCCCC)C=C%14)C%15=CC=C(CCCCCC)C=C%15)=C(C#N)/C#N)C=C1F,2249a87c8fc0450476e55f070a85b71ffa6beb368356c28f1302bad8bac422cb,0a6189846e89cf828a3f20d50d9d712b7538b2d40776aced38f06bfa2a63caa3,ef2a3f1a57f973a4decc367338259a9f1c7a8e9b3698a6d541b94658513eb148,4b210cb77cd34f5fab88cccba999c877ae7d5c71a1d7c666ac12384dbcff512f,e0f78589b4d54979baeeca807f6bdd933cf7e233ad32b8a64ed9dfd7905fbe2c,1126,358,1044,94
103,in-house,114,CC1=CC(C(C2=CC=C(SCC(CCCCCC)CCCC)S2)=C3SC(C4=C(CCCCCCCC)C=C(C5=NN=C(S5)C6=CC(CCCCCCCC)=C(S6)C)S4)=CC3=C7C8=CC=C(SCC(CCCC)CCCCCC)S8)=C7S1,c12cc3c(cc1C(c1c2sc2c1sc(c2)/C=C\1/C(=C(C#N)C#N)c2c(C1=O)cccc2)(c1ccc(cc1)CCCCCC)c1ccc(cc1)CCCCCC)c1c(C3(c2ccc(cc2)CCCCCC)c2ccc(cc2)CCCCCC)c2c(s1)cc(s2)/C=C\1/C(=C(C#N)C#N)c2c(C1=O)cccc2,12.8,CC1=CC(C(C2=CC=C(SCC(CCCCCC)CCCC)S2)=C3SC(C4=C(CCCCCCCC)C=C(C5=NN=C(S5)C6=CC(CCCCCCCC)=C(S6)C)S4)=CC3=C7C8=CC=C(SCC(CCCC)CCCCCC)S8)=C7S1||c12cc3c(cc1C(c1c2sc2c1sc(c2)/C=C\1/C(=C(C#N)C#N)c2c(C1=O)cccc2)(c1ccc(cc1)CCCCCC)c1ccc(cc1)CCCCCC)c1c(C3(c2ccc(cc2)CCCCCC)c2ccc(cc2)CCCCCC)c2c(s1)cc(s2)/C=C\1/C(=C(C#N)C#N)c2c(C1=O)cccc2,2d16d228a65948a81f911b762710b75e469912df4814adbfb31120bd9d23c1ae,202f8607af2cecb83e86b2e4305f8c7e2852bc709bb805b9055691d46a9081c5,fb7c2745858ed1dbb545a2236a17d9a64364b6db8fcc5f23d795b5f8b23019ab,977fec2d2666a82402178ed68c741a6a0d8a853c290ab385fcb906f90340fdf7,cae6c7e26845b1133514eb4750d8d814d87892284c9fc24b72d85e63089a644d,1173,706,931,95
104,in-house,115,O=C(C1=C(CCC(CCCC)CC)SC(CCC(CC)CCCC)=C1C2=O)C(C2=C(C3)C(C4)=CC=C4C5=CC6=C(C(C7=CC=C(CCC(CCCC)CC)S7)=C8C=CSC8=C6C9=CC=C(CCC(CCCC)CC)S9)S5)=C3C%10=CC=CS%10,O=C(C1=C(C/2=C(C#N)/C#N)C=C(F)C(F)=C1)C2=C/C3=CC=C(C4=C(OCCCCCC)C(C(C5=C6C=C7C(C(SC(C8=CC=C(/C=C9C(C(C=C(F)C(F)=C%10)=C%10C\9=C(C#N)\C#N)=O)S8)=C%11OCCCCCC)=C%11C7(C%12=CC=C(CCCCCC)C=C%12)C%13=CC=C(CCCCCC)C=C%13)=C5)(C%14=CC=C(CCCCCC)C=C%14)C%15=CC=C(CCCCCC)C=C%15)=C6S4)S3,12.79,O=C(C1=C(CCC(CCCC)CC)SC(CCC(CC)CCCC)=C1C2=O)C(C2=C(C3)C(C4)=CC=C4C5=CC6=C(C(C7=CC=C(CCC(CCCC)CC)S7)=C8C=CSC8=C6C9=CC=C(CCC(CCCC)CC)S9)S5)=C3C%10=CC=CS%10||O=C(C1=C(C/2=C(C#N)/C#N)C=C(F)C(F)=C1)C2=C/C3=CC=C(C4=C(OCCCCCC)C(C(C5=C6C=C7C(C(SC(C8=CC=C(/C=C9C(C(C=C(F)C(F)=C%10)=C%10C\9=C(C#N)\C#N)=O)S8)=C%11OCCCCCC)=C%11C7(C%12=CC=C(CCCCCC)C=C%12)C%13=CC=C(CCCCCC)C=C%13)=C5)(C%14=CC=C(CCCCCC)C=C%14)C%15=CC=C(CCCCCC)C=C%15)=C6S4)S3,6f31f3770fd225e382586e20513744e11a328b7cc74c758d48628417c600a02b,7fd7152960d461aad0cae81dada91b334edc13b9e13eddb9762ee0fed754b055,5ab55cb46b8f0ff467a7b39d3d468ce04f501ac8b46417a9cf6f45a75fb6ec8c,dde96b481487fb8ccb9f3ddcf54d87fd36fcba3367bce75a4d63aa07d011987c,79e42a8eb5e9574f8c288cd151d700a23a39711b44d680b97b0ebbd6adfc9762,410,1020,549,96
105,in-house,116,CC(S1)=CC=C1C2=C3C(C(C4=C(SC(CC(CC)CCCC)=C4C3=O)CC(CCCC)CC)=O)=C(S2)C(S5)=CC=C5C6=CC7=C(C8=CC(Cl)=C(CCCCCOC)C8)C9=C(C=C(S9)C)C(C%10=CC(Cl)=C(CCCCCOC)C%10)=C7S6,O=C(C/1=C\C2=C(C3=C(S2)C(N4C5=CC=C(CCCCCC)C=C5)=C(C6=C4C7=C(C8=NSN=C68)C(SC9=C%10SC(/C=C%11C(C%12=CC(F)=C(C=C%12C\%11=C(C#N)/C#N)F)=O)=C9CCCCCCCCCCC)=C%10N7C%13=CC=C(CCCCCC)C=C%13)S3)CCCCCCCCCCC)C%14=CC(F)=C(F)C=C%14C1=C(C#N)/C#N,12.75,CC(S1)=CC=C1C2=C3C(C(C4=C(SC(CC(CC)CCCC)=C4C3=O)CC(CCCC)CC)=O)=C(S2)C(S5)=CC=C5C6=CC7=C(C8=CC(Cl)=C(CCCCCOC)C8)C9=C(C=C(S9)C)C(C%10=CC(Cl)=C(CCCCCOC)C%10)=C7S6||O=C(C/1=C\C2=C(C3=C(S2)C(N4C5=CC=C(CCCCCC)C=C5)=C(C6=C4C7=C(C8=NSN=C68)C(SC9=C%10SC(/C=C%11C(C%12=CC(F)=C(C=C%12C\%11=C(C#N)/C#N)F)=O)=C9CCCCCCCCCCC)=C%10N7C%13=CC=C(CCCCCC)C=C%13)S3)CCCCCCCCCCC)C%14=CC(F)=C(F)C=C%14C1=C(C#N)/C#N,9a89199ea3ac1e740e66d410b07c5f3d22d5c5b4dbd5b0e90fabe971a52615b4,3bc5e962960694d5a8c90d751d3f10c939059169c6882aed8bdcfb92d36d6776,29106d22ce7c602efef1d9a26852e1cf3956dc9dcafc92ead0e1aa4b8da31500,22ac8ff49f28f9ee27c634c9e7568072a6982f50d9acc157c7d273707828c593,d34084bb0a84d0b018b569c220b05ed0a3c3cf80c408278e61c79583b6713117,179,168,961,97
106,in-house,117,FC1=C(C(S2)=CC=C2C3=C(CCCCCCCCCCCCCCCC)C=C(C)S3)C4=NSN=C4C(C5=CC=C(S5)C6=C(CCCCCCCCCCCCCCCC)C=C(C7=C(C([F])=C(C8=C7C(N(C8=O)CCCCCCCCCCCCCCCC)=O)C)[F])S6)=C1F,c1(cc2c(cc1F)C(=O)/C(=C\c1cc3c(s1)c1c(s3)c3c(C1(c1ccc(cc1)CCCCCC)c1ccc(cc1)CCCCCC)cc1c(c3)C(c3c1sc1c3sc(c1)/C=C/1\C(=O)c3c(C1=C(C#N)C#N)cc(c(c3)F)F)(c1ccc(cc1)CCCCCC)c1ccc(cc1)CCCCCC)/C2=C(C#N)C#N)F,12.74,FC1=C(C(S2)=CC=C2C3=C(CCCCCCCCCCCCCCCC)C=C(C)S3)C4=NSN=C4C(C5=CC=C(S5)C6=C(CCCCCCCCCCCCCCCC)C=C(C7=C(C([F])=C(C8=C7C(N(C8=O)CCCCCCCCCCCCCCCC)=O)C)[F])S6)=C1F||c1(cc2c(cc1F)C(=O)/C(=C\c1cc3c(s1)c1c(s3)c3c(C1(c1ccc(cc1)CCCCCC)c1ccc(cc1)CCCCCC)cc1c(c3)C(c3c1sc1c3sc(c1)/C=C/1\C(=O)c3c(C1=C(C#N)C#N)cc(c(c3)F)F)(c1ccc(cc1)CCCCCC)c1ccc(cc1)CCCCCC)/C2=C(C#N)C#N)F,f3683e5cce4570112ecb2f645aec0bd819273513241c73496c5712b8c34dfcd8,69e17d1724b4236f68d0c6efb6ad16969f13f8980d301d0056747038b20f0c8d,0f24890705e50cad55f97e3c2853fcf45383894fd97ea0fcd8aabf8fe9a38798,7de31c0a24e68c3082f86675b733fb17bd0dc6a9149b33148c4ab0c9eb665bfe,e0c8cb4cc471c9cf2a8c5c918d0f6def9dbdd6a8c0aeea95f60a96d4fd506d81,67,601,1043,98
107,in-house,118,O=C(C1=C(CC(CCCC)CC)SC(CC(CCCC)CC)=C12)C3=C(C4=CC=CS4)SC(C(S5)=CC=C5C6=CC7=C(C8=CC=C(CC(CCCC)CCCCCC)C=C8)C(SC=C9)=C9C(C%10=CC=C(CC(CCCCCC)CCCC)C=C%10)=C7S6)=C3C2=O,O=C1C(/C(C2=C1C=CC(F)=C2)=C(C#N)\C#N)=C\C3=CC=C(S3)C4=CC5=C(C(C=C6C(C7=CC=C(CCCCCC)C=C7)(C8=CC=C(CCCCCC)C=C8)C9=C(SC%10=C9SC(/C=C%11C(C%12=C(C=C(F)C=C%12)C\%11=C(C#N)/C#N)=O)=C%10)C6=C%13)=C%13C5(C%14=CC=C(C=C%14)CCCCCC)C%15=CC=C(CCCCCC)C=C%15)S4,12.71,O=C(C1=C(CC(CCCC)CC)SC(CC(CCCC)CC)=C12)C3=C(C4=CC=CS4)SC(C(S5)=CC=C5C6=CC7=C(C8=CC=C(CC(CCCC)CCCCCC)C=C8)C(SC=C9)=C9C(C%10=CC=C(CC(CCCCCC)CCCC)C=C%10)=C7S6)=C3C2=O||O=C1C(/C(C2=C1C=CC(F)=C2)=C(C#N)\C#N)=C\C3=CC=C(S3)C4=CC5=C(C(C=C6C(C7=CC=C(CCCCCC)C=C7)(C8=CC=C(CCCCCC)C=C8)C9=C(SC%10=C9SC(/C=C%11C(C%12=C(C=C(F)C=C%12)C\%11=C(C#N)/C#N)=O)=C%10)C6=C%13)=C%13C5(C%14=CC=C(C=C%14)CCCCCC)C%15=CC=C(CCCCCC)C=C%15)S4,826e531b71e4c0ef06b575364b50a339b3da70c19584a5cd5231c22bd6d85201,faac020d378eab76dec21c8d4b3954cb56230c3c8f5db33f405e1e903548dad1,9dccc0cbc324ce2d633461ad5806f09b2807c3da4572f80a8e20898059a47ee2,d3e0cf1cdc64642e86d357d7d80bffd044cc604eb838d9649287b1d3e21531ac,d4231dacc77eddbd3f8e4fd0082b93fb007d71f109d2abc299f3ef3c88a46575,721,977,965,99
108,in-house,119,FC(C=C(C1=C2SC=CC2=C(C3=CC(F)=C(CC(CCCC)CC)S3)C4=C1C=C(C5=CC=C(C6=C(C(C(C7=C(CC(CCCC)CC)SC(CC(CC)CCCC)=C78)=O)=C(C9=CC=CC9)S6)C8=O)S5)S4)S%10)=C%10CC(CC)CCCC,O=C(C1=C(C/2=C(C#N)/C#N)C=C([Cl])S1)C2=C/C3=CC4=C(C5=C(S4)C(C(C5(CCCCCCCCC)CCCCCCCCC)=C6)=CC(C7(CCCCCCCCC)CCCCCCCCC)=C6C8=C7C9=C(C=C(S9)/C=C%10C(C(CC(Cl)=C%11)=C%11C\%10=C(C#N)\C#N)=O)S8)S3,12.7,FC(C=C(C1=C2SC=CC2=C(C3=CC(F)=C(CC(CCCC)CC)S3)C4=C1C=C(C5=CC=C(C6=C(C(C(C7=C(CC(CCCC)CC)SC(CC(CC)CCCC)=C78)=O)=C(C9=CC=CC9)S6)C8=O)S5)S4)S%10)=C%10CC(CC)CCCC||O=C(C1=C(C/2=C(C#N)/C#N)C=C([Cl])S1)C2=C/C3=CC4=C(C5=C(S4)C(C(C5(CCCCCCCCC)CCCCCCCCC)=C6)=CC(C7(CCCCCCCCC)CCCCCCCCC)=C6C8=C7C9=C(C=C(S9)/C=C%10C(C(CC(Cl)=C%11)=C%11C\%10=C(C#N)\C#N)=O)S8)S3,61eee9608e36bdb1d3a96a3ad1baa39916f3a546e29d11481966a5a2d3d30f3c,b2f3b7973ccc5724ad7b9219675bbe38d179c3ce44d4f3e7344e6721a6c68c6f,32ccea0c35d7b93b5754818583c7d0223f585cc5f08bd24b1ac6a6c196fcef7c,23aeea651f615687942a6112f826fd274ecf3f5f267d3f6841a189c4dfbd36ff,1387ae7d89f848b8b922d57a80e0685109dc98a3498acc7c98d6c1b9a05e2492,226,177,84,100
109,in-house,120,O=C1C2=C(CC(CC)CCCC)SC(CC(CC)CCCC)=C2C(C3=C(C4=CC=C(C5=CC(C(C6=CC(F)=C(CC(CC)CCCC)S6)=C(SC=C7)C7=C8C9=CC(F)=C(CC(CC)CCCC)S9)=C8S5)S4)SC(C%10=CC=CS%10)=C31)=O,FC1=CC(C(/C2=C/C3=C(CCCC)C4=C(S3)C(C(C5=CC=C(CCCCCC)C=C5)(C6=CC=C(CCCCCC)C=C6)C(C7=C8C)=C9SC7=CC%10=C8SC%11=C%10[C@](C%12=CC=C(CCCCCC)C=C%12)(C%13=C%11SC%14=C%13SC(/C=C%15/C(C%16=C(C%15=O)C=C(F)C(F)=C%16)=C(C#N)\[N+]#[C-])=C%14CCCC)C)=C9S4)=C(C#N)/C#N)=C(C2=O)C=C1F,12.68,O=C1C2=C(CC(CC)CCCC)SC(CC(CC)CCCC)=C2C(C3=C(C4=CC=C(C5=CC(C(C6=CC(F)=C(CC(CC)CCCC)S6)=C(SC=C7)C7=C8C9=CC(F)=C(CC(CC)CCCC)S9)=C8S5)S4)SC(C%10=CC=CS%10)=C31)=O||FC1=CC(C(/C2=C/C3=C(CCCC)C4=C(S3)C(C(C5=CC=C(CCCCCC)C=C5)(C6=CC=C(CCCCCC)C=C6)C(C7=C8C)=C9SC7=CC%10=C8SC%11=C%10[C@](C%12=CC=C(CCCCCC)C=C%12)(C%13=C%11SC%14=C%13SC(/C=C%15/C(C%16=C(C%15=O)C=C(F)C(F)=C%16)=C(C#N)\[N+]#[C-])=C%14CCCC)C)=C9S4)=C(C#N)/C#N)=C(C2=O)C=C1F,65482d735aa1f382b817dd8d95b1689b39b0b3c26138949c2680844f1b1f5ea0,05d49f45a8d38fddb2170bb0a25540f34baaaf9efa0152783d98d9d57ad31346,e2f46d3ac14df20c99832003cfe87097d415e1118c2f576f54884276e50e61a5,a81d13ab10511fcbfee7a73406e970c8f85285e57153432bb234756455a128ae,78bcff95a59fbaf6961ba46c300544496cd49b049b10de0fd5b13b36b26a5051,1074,771,545,101
110,in-house,121,O=C1C2=C(CC(CC)CCCC)SC(CC(CC)CCCC)=C2C(C3=C(C4=CC=C(C5=CC(C(C6=CC(F)=C(CC(CC)CCCC)S6)=C(SC=C7)C7=C8C9=CC(F)=C(CC(CC)CCCC)S9)=C8S5)S4)SC(C%10=CC=CS%10)=C31)=O,O=C1C2=C(C=CC(F)=C2)C(/C1=C/C(S3)=CC4=C3C(S5)=C(C4(C6=CC=C(CCCCCC)C=C6)C7=CC=C(CCCCCC)C=C7)C(C5=C8C9=CC(SC(CCC(CCCC)CC)=C%10)=C%10S9)=C(C%11=CC(SC(CC(CC)CCCC)=C%12)=C%12S%11)C%13=C8C(C%14(C%15=CC=C(CCCCCC)C=C%15)C%16=CC=CC(CCCCCC)=C%16)=C(S%13)C(S%17)=C%14C=C%17/C=C%18/C(C%19=C(C%18=O)C=C(F)C=C%19)=C(C#N)\C#N)=C(C#N)\C#N,12.65,O=C1C2=C(CC(CC)CCCC)SC(CC(CC)CCCC)=C2C(C3=C(C4=CC=C(C5=CC(C(C6=CC(F)=C(CC(CC)CCCC)S6)=C(SC=C7)C7=C8C9=CC(F)=C(CC(CC)CCCC)S9)=C8S5)S4)SC(C%10=CC=CS%10)=C31)=O||O=C1C2=C(C=CC(F)=C2)C(/C1=C/C(S3)=CC4=C3C(S5)=C(C4(C6=CC=C(CCCCCC)C=C6)C7=CC=C(CCCCCC)C=C7)C(C5=C8C9=CC(SC(CCC(CCCC)CC)=C%10)=C%10S9)=C(C%11=CC(SC(CC(CC)CCCC)=C%12)=C%12S%11)C%13=C8C(C%14(C%15=CC=C(CCCCCC)C=C%15)C%16=CC=CC(CCCCCC)=C%16)=C(S%13)C(S%17)=C%14C=C%17/C=C%18/C(C%19=C(C%18=O)C=C(F)C=C%19)=C(C#N)\C#N)=C(C#N)\C#N,65482d735aa1f382b817dd8d95b1689b39b0b3c26138949c2680844f1b1f5ea0,cb7182af9b7778ae44f8fb9b7052f133fd2105b33b593edebb6a6cd2fd975826,a26eeaa14f1d8ec25aa8a91535ca789a9be764722b008ea154077f611ab37918,d8be52d1f1159b3678cda8020aadfcb7e6ce3455e3d593ea4b43744796c676a2,82c9487a0f43feeec9715a15531b10094a56c184b035af30e9211030fac67b5a,755,1003,595,102
111,in-house,122,CC(S1)=CC=C1C2=C3C(C(C4=C(SC(CC(CC)CCCC)=C4C3=O)CC(CCCC)CC)=O)=C(S2)C(S5)=CC=C5C6=CC7=C(C8=CC(Cl)=C(CCCCCCI)C8)C9=C(C=C(S9)C)C(C%10=CC(Cl)=C(CCCCCCI)C%10)=C7S6,O=C(C/1=C\C2=C(C3=C(S2)C(N4C5=CC=C(CCCCCC)C=C5)=C(C6=C4C7=C(C8=NSN=C68)C(SC9=C%10SC(/C=C%11C(C%12=CC(F)=C(C=C%12C\%11=C(C#N)/C#N)F)=O)=C9CCCCCCCCCCC)=C%10N7C%13=CC=C(CCCCCC)C=C%13)S3)CCCCCCCCCCC)C%14=CC(F)=C(F)C=C%14C1=C(C#N)/C#N,12.63,CC(S1)=CC=C1C2=C3C(C(C4=C(SC(CC(CC)CCCC)=C4C3=O)CC(CCCC)CC)=O)=C(S2)C(S5)=CC=C5C6=CC7=C(C8=CC(Cl)=C(CCCCCCI)C8)C9=C(C=C(S9)C)C(C%10=CC(Cl)=C(CCCCCCI)C%10)=C7S6||O=C(C/1=C\C2=C(C3=C(S2)C(N4C5=CC=C(CCCCCC)C=C5)=C(C6=C4C7=C(C8=NSN=C68)C(SC9=C%10SC(/C=C%11C(C%12=CC(F)=C(C=C%12C\%11=C(C#N)/C#N)F)=O)=C9CCCCCCCCCCC)=C%10N7C%13=CC=C(CCCCCC)C=C%13)S3)CCCCCCCCCCC)C%14=CC(F)=C(F)C=C%14C1=C(C#N)/C#N,0984012b660694622e1577619d7838a7924ddb7cfa9c17ce5210043195830dbd,3bc5e962960694d5a8c90d751d3f10c939059169c6882aed8bdcfb92d36d6776,16ec2bfd276e002ae730c135f3607240bad565c7ed1626df0add80a4cef9ba59,5578648a095603e427191a860944d1de6f045e1b0d96ea202e1e8b01bf07dd2a,fcefb2b85547bc87200239ff7f70916a950d01d94de25e9ca839f25c05677026,106,410,1180,103
112,in-house,123,O=C(C1=C(CCC(CCCC)CC)SC(CCC(CC)CCCC)=C1C2=O)C(C2=C(C3)C(C4)=CC=C4C5=CC6=C(C(C7=CC=C(CCC(CCCC)CC)S7)=C8C=CSC8=C6C9=CC=C(CCC(CCCC)CC)S9)S5)=C3C%10=CC=CS%10,O=C(C(C=C(C(F)=C1)F)=C1C/2=C(C#N)\C#N)C2=C/C(S3)=CC=C3C(SC4=C5C(C6=CC=C(CCCCCC)C=C6)(C7=CC=C(CCCCCC)C=C7)C(C4=C8)=CC9=C8C(C%10=CC=C(CCCCCC)C=C%10)(C%11=CC=C(CCCCCC)C=C%11)C%12=C9SC(C%13=CC=C(S%13)/C=C%14C(C(C=C(C(F)=C%15)F)=C%15C\%14=C(C#N)\C#N)=O)=C%12OCCCCCCCC)=C5OCCCCCCCC,12.62,O=C(C1=C(CCC(CCCC)CC)SC(CCC(CC)CCCC)=C1C2=O)C(C2=C(C3)C(C4)=CC=C4C5=CC6=C(C(C7=CC=C(CCC(CCCC)CC)S7)=C8C=CSC8=C6C9=CC=C(CCC(CCCC)CC)S9)S5)=C3C%10=CC=CS%10||O=C(C(C=C(C(F)=C1)F)=C1C/2=C(C#N)\C#N)C2=C/C(S3)=CC=C3C(SC4=C5C(C6=CC=C(CCCCCC)C=C6)(C7=CC=C(CCCCCC)C=C7)C(C4=C8)=CC9=C8C(C%10=CC=C(CCCCCC)C=C%10)(C%11=CC=C(CCCCCC)C=C%11)C%12=C9SC(C%13=CC=C(S%13)/C=C%14C(C(C=C(C(F)=C%15)F)=C%15C\%14=C(C#N)\C#N)=O)=C%12OCCCCCCCC)=C5OCCCCCCCC,6f31f3770fd225e382586e20513744e11a328b7cc74c758d48628417c600a02b,7fd7152960d461aad0cae81dada91b334edc13b9e13eddb9762ee0fed754b055,5ab55cb46b8f0ff467a7b39d3d468ce04f501ac8b46417a9cf6f45a75fb6ec8c,dde96b481487fb8ccb9f3ddcf54d87fd36fcba3367bce75a4d63aa07d011987c,79e42a8eb5e9574f8c288cd151d700a23a39711b44d680b97b0ebbd6adfc9762,410,1020,549,96
113,in-house,124,O=C1C2=C(CC(CC)CCCC)SC(CC(CC)CCCC)=C2C(C3=C(C4=CC=C(C5=CC(C(C6=CC(F)=C(CC(CC)CCCC)S6)=C(SC=C7)C7=C8C9=CC(F)=C(CC(CC)CCCC)S9)=C8S5)S4)SC(C%10=CC=CS%10)=C31)=O,O=C(C1=C(C=C(Cl)C(Cl)=C1)C/2=C(C#N)\C#N)C2=C/C3=CC4=C(C5=C(C(C6=CC=C(CCCCCC)C=C6)4C7=CC=C(CCCCCC)C=C7)C8=C(S5)C(C9=CC=C(CCCCCC)C=C9)=C%10C(C(C%11=CC=C(CCCCCC)C=C%11)(C%12=C%13SC(/C=C%14C(C%15=C(C=C(Cl)C(Cl)=C%15)C\%14=C(C#N)\C#N)=O)=C%12)C%16=CC=C(CCCCCC)C=C%16)=C%13SC%10=C8[O]CCCCCCCC)S3,12.6,O=C1C2=C(CC(CC)CCCC)SC(CC(CC)CCCC)=C2C(C3=C(C4=CC=C(C5=CC(C(C6=CC(F)=C(CC(CC)CCCC)S6)=C(SC=C7)C7=C8C9=CC(F)=C(CC(CC)CCCC)S9)=C8S5)S4)SC(C%10=CC=CS%10)=C31)=O||O=C(C1=C(C=C(Cl)C(Cl)=C1)C/2=C(C#N)\C#N)C2=C/C3=CC4=C(C5=C(C(C6=CC=C(CCCCCC)C=C6)4C7=CC=C(CCCCCC)C=C7)C8=C(S5)C(C9=CC=C(CCCCCC)C=C9)=C%10C(C(C%11=CC=C(CCCCCC)C=C%11)(C%12=C%13SC(/C=C%14C(C%15=C(C=C(Cl)C(Cl)=C%15)C\%14=C(C#N)\C#N)=O)=C%12)C%16=CC=C(CCCCCC)C=C%16)=C%13SC%10=C8[O]CCCCCCCC)S3,65482d735aa1f382b817dd8d95b1689b39b0b3c26138949c2680844f1b1f5ea0,51ce1abe8c33e07072e1cec8fac6b15ae9df2e9bab5a669b29b0ff89000aabef,599d44bb8ed0128434dd7c1a91a37245dd9e52e56e8f709a905dcd8eaa509e8e,634b2f08070b011d9bb3ab3ef81085def109ef3b202017231fd8265528e550fa,2f55eb19281d68c2fa4c5b3670a47d9d10ffbf34fa8f46bb31b1cfac8ae384fd,406,470,214,104
114,in-house,125,CC(S1)=CC=C1C2=C3C(C(C4=C(SC(CC(CC)CCCC)=C4C3=O)CC(CCCC)CC)=O)=C(S2)C(S5)=CC=C5C6=CC7=C(C8=CC(Cl)=C(CCCCCCOC(C)=O)C8)C9=C(C=C(S9)C)C(C%10=CC(Cl)=C(CCCCCCOC(C)=O)C%10)=C7S6,O=C(C/1=C\C2=C(C3=C(S2)C(N4C5=CC=C(CCCCCC)C=C5)=C(C6=C4C7=C(C8=NSN=C68)C(SC9=C%10SC(/C=C%11C(C%12=CC(F)=C(C=C%12C\%11=C(C#N)/C#N)F)=O)=C9CCCCCCCCCCC)=C%10N7C%13=CC=C(CCCCCC)C=C%13)S3)CCCCCCCCCCC)C%14=CC(F)=C(F)C=C%14C1=C(C#N)/C#N,12.59,CC(S1)=CC=C1C2=C3C(C(C4=C(SC(CC(CC)CCCC)=C4C3=O)CC(CCCC)CC)=O)=C(S2)C(S5)=CC=C5C6=CC7=C(C8=CC(Cl)=C(CCCCCCOC(C)=O)C8)C9=C(C=C(S9)C)C(C%10=CC(Cl)=C(CCCCCCOC(C)=O)C%10)=C7S6||O=C(C/1=C\C2=C(C3=C(S2)C(N4C5=CC=C(CCCCCC)C=C5)=C(C6=C4C7=C(C8=NSN=C68)C(SC9=C%10SC(/C=C%11C(C%12=CC(F)=C(C=C%12C\%11=C(C#N)/C#N)F)=O)=C9CCCCCCCCCCC)=C%10N7C%13=CC=C(CCCCCC)C=C%13)S3)CCCCCCCCCCC)C%14=CC(F)=C(F)C=C%14C1=C(C#N)/C#N,5c37f0c3a687815989ed742dc0209f8b2f4472069f26bd6170b6ebe487aac768,3bc5e962960694d5a8c90d751d3f10c939059169c6882aed8bdcfb92d36d6776,a066ec31cc89b143ed303d547ca8174f497910bbd9038b21f4b786c342b6f374,5276e50bb5d6bb3646272cda04dac3bcf3494dcbf4cd9cc4fb9b5d5adb3c9937,4151b00be7ab841d7a21f5b054dc199e4af72284ce0ab38ca597d87998c22228,739,394,283,105
115,in-house,126,CC1=CC2=C(S1)C(C3=CC=C([Si](CCC)(CCC)CCC)S3)=C4C=C(C5=CC=C(C6=C(F)C(F)=C(C7=CC=C(S7)C)C8=NN(CC(CCCCCCCC)CCCCCC)N=C68)S5)SC4=C2C9=CC=C([Si](CCC)(CCC)CCC)S9,[CH3]C1=C(C(C(/C2=C(C#N)/C#N)=C\C3=CC4=C(S3)C(C(C(C=C5)=CC=C5CCCCCC)(C6=CC7=C8C(C9=CC=C(C=C9)CCCCCC)(C%10=CC=C(C=C%10)CCCCCC)C%11=C7SC%12=C%11SC(/C=C%13C(C%14=C([CH3])SC=C%14C\%13=C(C#N)\C#N)=O)=C%12)C(C=C%15)=CC=C%15CCCCCC)=C(C6=C8)S4)=O)C2=CS1,12.54,CC1=CC2=C(S1)C(C3=CC=C([Si](CCC)(CCC)CCC)S3)=C4C=C(C5=CC=C(C6=C(F)C(F)=C(C7=CC=C(S7)C)C8=NN(CC(CCCCCCCC)CCCCCC)N=C68)S5)SC4=C2C9=CC=C([Si](CCC)(CCC)CCC)S9||[CH3]C1=C(C(C(/C2=C(C#N)/C#N)=C\C3=CC4=C(S3)C(C(C(C=C5)=CC=C5CCCCCC)(C6=CC7=C8C(C9=CC=C(C=C9)CCCCCC)(C%10=CC=C(C=C%10)CCCCCC)C%11=C7SC%12=C%11SC(/C=C%13C(C%14=C([CH3])SC=C%14C\%13=C(C#N)\C#N)=O)=C%12)C(C=C%15)=CC=C%15CCCCCC)=C(C6=C8)S4)=O)C2=CS1,eaf1916a35a7483d8caf5815ff5e1ea653d31569a8b350b0b99530cf692c3bfb,a54b17d22bddcb758f5f8948a3890484beeb462eed284edcd84f6298e1d7320b,dacbe655935824ed9939144b29f67257e57da840a8ff2f8026d5407139cc0922,aa03d1edaaf7c980301c81eadf3e260b9ae823b37374e1fb5ece2993f31ee4f7,9ca559e62c02be440e50fe92cee11b10a4cd9dcfb2b685b7999a73d774c53c94,1038,780,711,106
116,in-house,127,FC1=C(F)C=C(N=C(OCC(CCCCCC)CCCCCCCC)C=N2)C2=C1C3=CC=CS3,O=C(C1=C2C=C(F)C=C1)C(/C2=C(C#N)\C#N)=C\C3=CC(SC4=C5C(C6=CC=CC(CCCCCC)=C6)(C7=CC(CCCCCC)=CC=C7)C8=C4C=C9C(C%10=CC=CC(CCCCCC)=C%10)(C%11=CC=CC(CCCCCC)=C%11)C%12=C(SC%13=C%12SC(/C=C(/C%14=C(C#N)\C#N)C(C%15=C%14C=C(F)C=C%15)=O)=C%13)C9=C8)=C5S3,12.53,FC1=C(F)C=C(N=C(OCC(CCCCCC)CCCCCCCC)C=N2)C2=C1C3=CC=CS3||O=C(C1=C2C=C(F)C=C1)C(/C2=C(C#N)\C#N)=C\C3=CC(SC4=C5C(C6=CC=CC(CCCCCC)=C6)(C7=CC(CCCCCC)=CC=C7)C8=C4C=C9C(C%10=CC=CC(CCCCCC)=C%10)(C%11=CC=CC(CCCCCC)=C%11)C%12=C(SC%13=C%12SC(/C=C(/C%14=C(C#N)\C#N)C(C%15=C%14C=C(F)C=C%15)=O)=C%13)C9=C8)=C5S3,6d0ebf843ec88894476605165efae2bf8fd910afe87a5868bc4b56e85a61a93d,bbea6493c2d2102810ef8cbaec163146c2986ade056ada8f80510fdad96b8e37,a0cf2cbf749a09ea1e5d250e444c89925bb8c8e0ffe6c65a02a5da3efed285b1,205a3cde3805838244c8cc66109c6f684433e41d68d5ca4d458c946fb26057f0,3d9e78d2283dc3c0631eab7ed841da6944249737bad3357464defd4934a8d5e2,743,156,266,107
117,in-house,128,O=C1C2=C(CC(CC)CCCC)SC(CC(CC)CCCC)=C2C(C3=C(C4=CC=C(C5=CC(C(C6=CC(F)=C(CC(CC)CCCC)S6)=C(SC=C7)C7=C8C9=CC(F)=C(CC(CC)CCCC)S9)=C8S5)S4)SC(C%10=CC=CS%10)=C31)=O,FC1=CC(C(/C2=C/C3=C(CCCCCCCCCCCC)C4=C(S3)C(C(C5=CC=C(CCCCCC)C=C5)(C6=CC=C(CCCCCC)C=C6)C(C7=C8C)=C9SC7=CC%10=C8SC%11=C%10[C@](C%12=CC=C(CCCCCC)C=C%12)(C%13=C%11SC%14=C%13SC(/C=C%15/C(C%16=C(C%15=O)C=C(F)C(F)=C%16)=C(C#N)\[N+]#[C-])=C%14CCCCCCCCCCCC)C)=C9S4)=C(C#N)/C#N)=C(C2=O)C=C1F,12.53,O=C1C2=C(CC(CC)CCCC)SC(CC(CC)CCCC)=C2C(C3=C(C4=CC=C(C5=CC(C(C6=CC(F)=C(CC(CC)CCCC)S6)=C(SC=C7)C7=C8C9=CC(F)=C(CC(CC)CCCC)S9)=C8S5)S4)SC(C%10=CC=CS%10)=C31)=O||FC1=CC(C(/C2=C/C3=C(CCCCCCCCCCCC)C4=C(S3)C(C(C5=CC=C(CCCCCC)C=C5)(C6=CC=C(CCCCCC)C=C6)C(C7=C8C)=C9SC7=CC%10=C8SC%11=C%10[C@](C%12=CC=C(CCCCCC)C=C%12)(C%13=C%11SC%14=C%13SC(/C=C%15/C(C%16=C(C%15=O)C=C(F)C(F)=C%16)=C(C#N)\[N+]#[C-])=C%14CCCCCCCCCCCC)C)=C9S4)=C(C#N)/C#N)=C(C2=O)C=C1F,65482d735aa1f382b817dd8d95b1689b39b0b3c26138949c2680844f1b1f5ea0,116596b3c0bf5392305dd7a9038cea9b7842a248ef0ff307a76793926dc41fde,b22cef58ec7cfac39705fe113999e5f0d7ccd8ddb0529e74aa7c5d95b01ae27e,ccadeab06fe0d22661c54cf46f26ab11bac8ab9ae86b5968982b866f28f40ae8,cbf0f12d5ec0c3cb2d107a991a82bf9dbbcd62a7c76f6730cd02747073721746,827,942,936,36
118,in-house,129,FC1=C(F)C=C(N=C(OCC(CCCCCC)CCCCCCCC)C=N2)C2=C1C3=CC=CS3,O=C(C1=C2C=C(F)C(F)=C1)C(/C2=C(C#N)\C#N)=C\C3=CC(SC4=C5C(C6=CC=CC(CCCCCC)=C6)(C7=CC(CCCCCC)=CC=C7)C8=C4C=C9C(C%10=CC=CC(CCCCCC)=C%10)(C%11=CC=CC(CCCCCC)=C%11)C%12=C(SC%13=C%12SC(/C=C(/C%14=C(C#N)\C#N)C(C%15=C%14C=C(F)C(F)=C%15)=O)=C%13)C9=C8)=C5S3,12.53,FC1=C(F)C=C(N=C(OCC(CCCCCC)CCCCCCCC)C=N2)C2=C1C3=CC=CS3||O=C(C1=C2C=C(F)C(F)=C1)C(/C2=C(C#N)\C#N)=C\C3=CC(SC4=C5C(C6=CC=CC(CCCCCC)=C6)(C7=CC(CCCCCC)=CC=C7)C8=C4C=C9C(C%10=CC=CC(CCCCCC)=C%10)(C%11=CC=CC(CCCCCC)=C%11)C%12=C(SC%13=C%12SC(/C=C(/C%14=C(C#N)\C#N)C(C%15=C%14C=C(F)C(F)=C%15)=O)=C%13)C9=C8)=C5S3,6d0ebf843ec88894476605165efae2bf8fd910afe87a5868bc4b56e85a61a93d,a40eb4a7ac36c39fcab1222b3f3382a58e3de952475368cbbe02d739721dde9c,1628c79ac017215f7c207440309635c92844a424d45536221801d2a641717ed4,96e7b37014183a2bfd5a50ae94b5603831495cd7d17130949b8b5135d9f8a922,9cf59d63b555e4b286a6b7677f359810e8e397bca3f218a556375b142bdd3da5,102,704,714,108
119,in-house,130,O=C1C2=C(CC(CC)CCCC)SC(CC(CC)CCCC)=C2C(C3=C(C4=CC=C(C5=CC(C(C6=CC(F)=C(CC(CC)CCCC)S6)=C(SC=C7)C7=C8C9=CC(F)=C(CC(CC)CCCC)S9)=C8S5)S4)SC(C%10=CC=CS%10)=C31)=O,O=C1C2=C(C=C(Cl)C(Cl)=C2)C(/C1=C/C(S3)=CC4=C3C5=C(N4CC(CCCC)CC)C(N(C6=C7C8=NSN=C8C9=C6N(CC(CCCCCC)CCCC)C%10=C9SC%11=C%10CC(/C=C(/C%12=C([N+]#[C-])/C#N)C(C%13=C%12C=C(Cl)C(Cl)=C%13)=O)=C%11CCCCCCCCCCC)CC(CCCCCC)CCCC)=C7S5)=C(C#N)\C#N,12.51,O=C1C2=C(CC(CC)CCCC)SC(CC(CC)CCCC)=C2C(C3=C(C4=CC=C(C5=CC(C(C6=CC(F)=C(CC(CC)CCCC)S6)=C(SC=C7)C7=C8C9=CC(F)=C(CC(CC)CCCC)S9)=C8S5)S4)SC(C%10=CC=CS%10)=C31)=O||O=C1C2=C(C=C(Cl)C(Cl)=C2)C(/C1=C/C(S3)=CC4=C3C5=C(N4CC(CCCC)CC)C(N(C6=C7C8=NSN=C8C9=C6N(CC(CCCCCC)CCCC)C%10=C9SC%11=C%10CC(/C=C(/C%12=C([N+]#[C-])/C#N)C(C%13=C%12C=C(Cl)C(Cl)=C%13)=O)=C%11CCCCCCCCCCC)CC(CCCCCC)CCCC)=C7S5)=C(C#N)\C#N,65482d735aa1f382b817dd8d95b1689b39b0b3c26138949c2680844f1b1f5ea0,c013a49c13cbf7daa26d03e035a31e1cb0fddc6d6f0b05a3e559e5f6c081f6a9,9954e3a5f6db900a80665c0ae7316b6b0ccae6ce6ae8d3c60c4bde2943039d89,9dbb276492abcef4059bcb534a97f667d0361a95c7f2802e516122629c447de0,f47c4312c2451b3e2d376984a242e5aacd5a8e844dc82eae55ce52ef5b6416ad,701,735,1144,109
120,in-house,131,FC(C(F)=C(C1=NN(N=C21)CCC(CCCC)CCCCCC)C3=CC=C(S3)C)=C2C(S4)=CC=C4C5=CC(C(CCCC(CCCCCC)CCCC)=C6SC(C)=CC6=C7CCCC(CCCC)CCCCCC)=C7S5,N#C/C(C#N)=C(C1=CC=CC=C1C2=O)/C2=C/C3=CC4=C(C5=C(C=C6C(C(CCCCCC)(CCCCCC)C7=C6SC(/C=C8/C(C9=CC=CC=C9C8=O)=C(C#N)/C#N)=C7)=C5)C4(CCCCCC)CCCCCC)S3,12.5,FC(C(F)=C(C1=NN(N=C21)CCC(CCCC)CCCCCC)C3=CC=C(S3)C)=C2C(S4)=CC=C4C5=CC(C(CCCC(CCCCCC)CCCC)=C6SC(C)=CC6=C7CCCC(CCCC)CCCCCC)=C7S5||N#C/C(C#N)=C(C1=CC=CC=C1C2=O)/C2=C/C3=CC4=C(C5=C(C=C6C(C(CCCCCC)(CCCCCC)C7=C6SC(/C=C8/C(C9=CC=CC=C9C8=O)=C(C#N)/C#N)=C7)=C5)C4(CCCCCC)CCCCCC)S3,45e95ea37da5bc3e18f2c067cb95f73c851335176098d8fca22fcb29952b2779,0cc00e1ba2d95fe8288dc072edf395ee6fc3678daa4e12f6703c7be7d2c5a409,9dea12cc7393bebb6bb2cf06a5374cc62f76a5f03aaeb094415bc19551541144,c4801fe70edfb04966ad692b65b865628c80c2ef2d716733f3eafa283f6252d6,dbdaac0cdfe4e5b0c15a9b450fd798959a023a02d69a8552323a4d189a2affca,722,903,1016,110
121,in-house,132,O=C1C2=C(CC(CC)CCCC)SC(CC(CC)CCCC)=C2C(C3=C(C4=CC=C(C5=CC(C(C6=CC(F)=C(CC(CC)CCCC)S6)=C(SC=C7)C7=C8C9=CC(F)=C(CC(CC)CCCC)S9)=C8S5)S4)SC(C%10=CC=CS%10)=C31)=O,CCCCCCC(C=C1)=CC=C1C2(C3=C(C4=C2C(C=C([Se]C5=C6C(C7=CC=C(C=C7)CCCCCC)(C8=C5SC(/C=C9/C(C%10=CC(Br)=CC=C%10C9=O)=C(C#N)/C#N)=C8)C%11=CC=C(C=C%11)CCCCCC)C6=C%12)=C%12[Se]4)SC(/C=C%13C(C%14=CC(Br)=CC=C%14C/%13=C(C#N)/C#N)=O)=C3)C(C=C%15)=CC=C%15CCCCCC,12.5,O=C1C2=C(CC(CC)CCCC)SC(CC(CC)CCCC)=C2C(C3=C(C4=CC=C(C5=CC(C(C6=CC(F)=C(CC(CC)CCCC)S6)=C(SC=C7)C7=C8C9=CC(F)=C(CC(CC)CCCC)S9)=C8S5)S4)SC(C%10=CC=CS%10)=C31)=O||CCCCCCC(C=C1)=CC=C1C2(C3=C(C4=C2C(C=C([Se]C5=C6C(C7=CC=C(C=C7)CCCCCC)(C8=C5SC(/C=C9/C(C%10=CC(Br)=CC=C%10C9=O)=C(C#N)/C#N)=C8)C%11=CC=C(C=C%11)CCCCCC)C6=C%12)=C%12[Se]4)SC(/C=C%13C(C%14=CC(Br)=CC=C%14C/%13=C(C#N)/C#N)=O)=C3)C(C=C%15)=CC=C%15CCCCCC,65482d735aa1f382b817dd8d95b1689b39b0b3c26138949c2680844f1b1f5ea0,71454ee78af745c2fcff9f0667d6db36d0102b37e700170e51f71ea321e40fb4,ebf92b489c2eef9ac3ea7456952927dedc76e25c908b39b9a13a7624d359be9f,b804838ed0a2d1463caf65f0fbcd69e6e5901618689b4297d21c81c810907a34,888c0f763ed23dfc8ab3460a5849e79ba5813e39e190abd303c4171d4a2d5b5b,1111,835,616,111
122,in-house,133,O=C1C2=C(CC(CC)CCCC)SC(CC(CC)CCCC)=C2C(C3=C(C4=CC=C(C5=CC(C(C6=CC(F)=C(CC(CC)CCCC)S6)=C(SC=C7)C7=C8C9=CC(F)=C(CC(CC)CCCC)S9)=C8S5)S4)SC(C%10=CC=CS%10)=C31)=O,O=C(C1=CC=C(Cl)C=C1C/2=C(C#N)/C#N)C2=C/C3=CC4=C(S3)C5=CC6=C(C=C5C4(CCCCCCCC)CCCCCCCC)C7=C(C=C8C9=C(C=C(S9)/C=C%10C(C%11=CC=C(Cl)C=C%11C\%10=C(C#N)/C#N)=O)C(CCCCCCCC)(CCCCCCCC)C8=C7)C(CCCCCCCC)6CCCCCCCC,12.5,O=C1C2=C(CC(CC)CCCC)SC(CC(CC)CCCC)=C2C(C3=C(C4=CC=C(C5=CC(C(C6=CC(F)=C(CC(CC)CCCC)S6)=C(SC=C7)C7=C8C9=CC(F)=C(CC(CC)CCCC)S9)=C8S5)S4)SC(C%10=CC=CS%10)=C31)=O||O=C(C1=CC=C(Cl)C=C1C/2=C(C#N)/C#N)C2=C/C3=CC4=C(S3)C5=CC6=C(C=C5C4(CCCCCCCC)CCCCCCCC)C7=C(C=C8C9=C(C=C(S9)/C=C%10C(C%11=CC=C(Cl)C=C%11C\%10=C(C#N)/C#N)=O)C(CCCCCCCC)(CCCCCCCC)C8=C7)C(CCCCCCCC)6CCCCCCCC,65482d735aa1f382b817dd8d95b1689b39b0b3c26138949c2680844f1b1f5ea0,b3e40ff429e054dc684a6361009cc39219423b0b1a0291f248d2d008df89e511,5edf37839fd3ba3d2bf06a00ffe93badb0e14113c180b3d86dac50539169d0ff,948d6edd8f9772026e912cd5e25f104a9888d924915ec46eccb19e9388fe12d6,a6de1f197b4f9364a56b7240e0de5bf8479bb83956ed141f8e0deec2471eb5cc,426,697,768,112
123,in-house,134,CC1=CC2=C(C3=C(C(C4=CC=C(S4)C)=C2S1)C=C(C5=CC6=C(S5)C7=C(C=C(S7)C)C8=NN(C)N=C68)S3)C9=CC=C(S9)C,c12cc3c(cc1C(c1c2sc2c1sc(c2)/C=C\1/C(=C(C#N)C#N)c2c(C1=O)cccc2)(c1ccc(cc1)CCCCCC)c1ccc(cc1)CCCCCC)c1c(C3(c2ccc(cc2)CCCCCC)c2ccc(cc2)CCCCCC)c2c(s1)cc(s2)/C=C\1/C(=C(C#N)C#N)c2c(C1=O)cccc2,12.49,CC1=CC2=C(C3=C(C(C4=CC=C(S4)C)=C2S1)C=C(C5=CC6=C(S5)C7=C(C=C(S7)C)C8=NN(C)N=C68)S3)C9=CC=C(S9)C||c12cc3c(cc1C(c1c2sc2c1sc(c2)/C=C\1/C(=C(C#N)C#N)c2c(C1=O)cccc2)(c1ccc(cc1)CCCCCC)c1ccc(cc1)CCCCCC)c1c(C3(c2ccc(cc2)CCCCCC)c2ccc(cc2)CCCCCC)c2c(s1)cc(s2)/C=C\1/C(=C(C#N)C#N)c2c(C1=O)cccc2,44b95dbbd90abc3e4f64cde301bbd2ef097e2f2976c28d058173da3c1f967af4,202f8607af2cecb83e86b2e4305f8c7e2852bc709bb805b9055691d46a9081c5,49309ee479fd8bfabab0c91176e7167c0c0bfc76acf3ef0e0e0e6e33f5e0b4a5,44d0dea0e3c8cb0fae6f4dfcfd407256f31ae2949983387ef4356016b9daf1c1,ce491660bd51e513ea656948639679b2c87df9f52bd7c433999778d7c0a92c0c,339,329,947,113
124,in-house,135,CC(S1)=CC=C1C(C2=NN(CC(CCCCCCCC)CCCCCC)N=C32)=C(F)C(F)=C3C4=CC=C(C(S5)=CC(C5=C6C7=CC=C(SCC(CCCC)CCCCCC)S7)=C(C8=CC=C(SCC(CCCC)CCCCCC)S8)C9=C6C=C(C)S9)S4,O=C(C(C=C(C=CC=C1)C1=C2)=C2C/3=C(C#N)\C#N)C3=C\C4=CC(C(C5=CC=C(CCCCCC)C=C5)(C6=CC=C(CCCCCC)C=C6)C7=C8SC9=C7C(C%10=CC=C(C=C%10)SCC(CC)CCCC)=C%11C(C(SC%12=C%13C(C%14=CC=C(C=C%14)CCCCCC)(C%15=C%12SC(/C=C%16C(C(C=C(C=CC=C%17)C%17=C%18)=C%18C/%16=C(C#N)/C#N)=O)=C%15)C%19=CC=C(C=C%19)CCCCCC)=C%13S%11)=C9C%20=CC=C(C=C%20)SCC(CCCC)CC)=C8S4,12.47,CC(S1)=CC=C1C(C2=NN(CC(CCCCCCCC)CCCCCC)N=C32)=C(F)C(F)=C3C4=CC=C(C(S5)=CC(C5=C6C7=CC=C(SCC(CCCC)CCCCCC)S7)=C(C8=CC=C(SCC(CCCC)CCCCCC)S8)C9=C6C=C(C)S9)S4||O=C(C(C=C(C=CC=C1)C1=C2)=C2C/3=C(C#N)\C#N)C3=C\C4=CC(C(C5=CC=C(CCCCCC)C=C5)(C6=CC=C(CCCCCC)C=C6)C7=C8SC9=C7C(C%10=CC=C(C=C%10)SCC(CC)CCCC)=C%11C(C(SC%12=C%13C(C%14=CC=C(C=C%14)CCCCCC)(C%15=C%12SC(/C=C%16C(C(C=C(C=CC=C%17)C%17=C%18)=C%18C/%16=C(C#N)/C#N)=O)=C%15)C%19=CC=C(C=C%19)CCCCCC)=C%13S%11)=C9C%20=CC=C(C=C%20)SCC(CCCC)CC)=C8S4,40564853f4ed37b96eff95ced732e076e847dfc607b73dc305f6ef354c6ebb08,6b978688789f9e924a67017267066659e2bdb72d0d61ac52c2f7a56e724f095e,b80580aa67500649074f1a152c81fbccb93c63bc20995c601feb2428d930a48f,d7ccdd1dad2f3301b3c86157d33cc73425c4a1ad0b22edf5bbcfda2678c218c3,d266d1f036bdda238ad30a85d33f0501ad7c7b5a3956afe3421caf8d9b32a6b2,868,998,956,114
125,in-house,136,CC(S1)=CC=C1C2=C3C(C(C4=C(SC(CC(CC)CCCC)=C4C3=O)CC(CCCC)CC)=O)=C(S2)C(S5)=CC=C5C6=CC7=C(C8=CC(Cl)=C(CCCCCC9=CC=C(CCCCCC)S9)C8)C%10=C(C=C(S%10)C)C(C%11=CC(Cl)=C(CCCCCC%12=CC=C(CCCCCC)S%12)C%11)=C7S6,O=C(C/1=C\C2=C(C3=C(S2)C(N4C5=CC=C(CCCCCC)C=C5)=C(C6=C4C7=C(C8=NSN=C68)C(SC9=C%10SC(/C=C%11C(C%12=CC(F)=C(C=C%12C\%11=C(C#N)/C#N)F)=O)=C9CCCCCCCCCCC)=C%10N7C%13=CC=C(CCCCCC)C=C%13)S3)CCCCCCCCCCC)C%14=CC(F)=C(F)C=C%14C1=C(C#N)/C#N,12.46,CC(S1)=CC=C1C2=C3C(C(C4=C(SC(CC(CC)CCCC)=C4C3=O)CC(CCCC)CC)=O)=C(S2)C(S5)=CC=C5C6=CC7=C(C8=CC(Cl)=C(CCCCCC9=CC=C(CCCCCC)S9)C8)C%10=C(C=C(S%10)C)C(C%11=CC(Cl)=C(CCCCCC%12=CC=C(CCCCCC)S%12)C%11)=C7S6||O=C(C/1=C\C2=C(C3=C(S2)C(N4C5=CC=C(CCCCCC)C=C5)=C(C6=C4C7=C(C8=NSN=C68)C(SC9=C%10SC(/C=C%11C(C%12=CC(F)=C(C=C%12C\%11=C(C#N)/C#N)F)=O)=C9CCCCCCCCCCC)=C%10N7C%13=CC=C(CCCCCC)C=C%13)S3)CCCCCCCCCCC)C%14=CC(F)=C(F)C=C%14C1=C(C#N)/C#N,d47d7da4f0d058cb918a767d5d9d3792664c601386ff36b57ceae709acbf75f2,3bc5e962960694d5a8c90d751d3f10c939059169c6882aed8bdcfb92d36d6776,bcbb7c992605339d1555871c39daa8c74f115844fbf2fe4738ff87f817cbaf7e,4de0b11b53ad5e9090e7d1cb77394e8499fe969542c472056fdaf8b447de098e,4fc3cc72ef0cdafcf540b84d85ea0036fa66a3f245a706c7aa8fcb801a396cfc,899,368,351,115
126,in-house,137,O=C(C1=C(CCC(CCCC)CC)SC(CCC(CC)CCCC)=C1C2=O)C(C2=C(C3)C(C4)=CC=C4C5=CC6=C(C(C7=CC=C(CCC(CCCC)CC)S7)=C8C=CSC8=C6C9=CC=C(CCC(CCCC)CC)S9)S5)=C3C%10=CC=CS%10,O=C(C1=C(C=CC(C)=C1)C/2=C(C#N)\C#N)C2=C/C3=CC(SC4=C5C(C6=CC=C(CCCCCC)C=C6)(C7=CC=C(CCCCCC)C=C7)C8=C4C=C9C(C%10=C(C9(C%11=CC=C(CCCCCC)C=C%11)C%12=CC=C(CCCCCC)C=C%12)C(SC%13=C%14SC(/C=C%15C(C(C=C(C)C=C%16)=C%16C\%15=C(C#N)\C#N)=O)=C%13)=C%14S%10)=C8)=C5S3,12.43,O=C(C1=C(CCC(CCCC)CC)SC(CCC(CC)CCCC)=C1C2=O)C(C2=C(C3)C(C4)=CC=C4C5=CC6=C(C(C7=CC=C(CCC(CCCC)CC)S7)=C8C=CSC8=C6C9=CC=C(CCC(CCCC)CC)S9)S5)=C3C%10=CC=CS%10||O=C(C1=C(C=CC(C)=C1)C/2=C(C#N)\C#N)C2=C/C3=CC(SC4=C5C(C6=CC=C(CCCCCC)C=C6)(C7=CC=C(CCCCCC)C=C7)C8=C4C=C9C(C%10=C(C9(C%11=CC=C(CCCCCC)C=C%11)C%12=CC=C(CCCCCC)C=C%12)C(SC%13=C%14SC(/C=C%15C(C(C=C(C)C=C%16)=C%16C\%15=C(C#N)\C#N)=O)=C%13)=C%14S%10)=C8)=C5S3,6f31f3770fd225e382586e20513744e11a328b7cc74c758d48628417c600a02b,9ed8865cadaa9773b283e2d5723fd51629a348eb4d96b159e1559c786101d4f3,ba955d2617fd0713e1801546bdd58dfaecb3fca428da6a55883ee9cf3fbd01f3,3b8dea479d28f6e3f3a5ae5f2a9bcdfb7f42b33314a00d62b069b27aef34a9e3,14e7ed229175b7df1eb560a339bdeb21f262f073953df02db1c7790e8f866edf,881,288,94,116
127,in-house,138,FC1=C(F)C=C(N=C(OCC(CCCCCC)CCCCCCCC)C=N2)C2=C1C3=CC=CS3,O=C(C1=C2C=CC=C1)C(/C2=C([N+]#[C-])\C#N)=C\C3=CC(C4(CCCCCC)CCCCCC)=C(C5=C(C6=C(C(OCCCCCC)=C45)C7=C(C=C(S7)/C=C(/C8=C(C#N)\C#N)C(C9=C8C=CC=C9)=O)C6(CCCCCC)CCCCCC)OCCCCCC)S3.CF.CF,12.43,FC1=C(F)C=C(N=C(OCC(CCCCCC)CCCCCCCC)C=N2)C2=C1C3=CC=CS3||O=C(C1=C2C=CC=C1)C(/C2=C([N+]#[C-])\C#N)=C\C3=CC(C4(CCCCCC)CCCCCC)=C(C5=C(C6=C(C(OCCCCCC)=C45)C7=C(C=C(S7)/C=C(/C8=C(C#N)\C#N)C(C9=C8C=CC=C9)=O)C6(CCCCCC)CCCCCC)OCCCCCC)S3.CF.CF,6d0ebf843ec88894476605165efae2bf8fd910afe87a5868bc4b56e85a61a93d,2d5ef56efd8d73b6be59238f93ae238648bfb64ad9aa95084c3a711fce35ab19,dadee4b8a26376f829221963ac61c75e692b4e6f894f3edf4c467cb535f10f6f,da8fe38611ea2e7e0d1fdcba20f6445b510191e5f235f657654faccf3f3883ff,cd735f6d97be1ac43f8bb807c0f82db3c27a257763289a344ce4b6bd7470c852,1039,1009,944,117
128,in-house,139,O=C(C1=C(CCC(CCCC)CC)SC(CCC(CC)CCCC)=C1C2=O)C(C2=C(C3)C(C4)=CC=C4C5=CC6=C(C(C7=CC=C(CCC(CCCC)CC)S7)=C8C=CSC8=C6C9=CC=C(CCC(CCCC)CC)S9)S5)=C3C%10=CC=CS%10,O=C1C(/C(C2=CC=CC=C21)=C(C#N)/C#N)=C/C3=CC(SC(C4=CC(C5(CCCCCCCC)CCCCCCCC)=C(C6=C5C7=C(C=C(/C=C8C(C9=CC=CC=C9C/8=C(C#N)/C#N)=O)S7)S6)C=C4%10)=C%11C%10(CCCCCCCC)CCCCCCCC)=C%11S3,12.41,O=C(C1=C(CCC(CCCC)CC)SC(CCC(CC)CCCC)=C1C2=O)C(C2=C(C3)C(C4)=CC=C4C5=CC6=C(C(C7=CC=C(CCC(CCCC)CC)S7)=C8C=CSC8=C6C9=CC=C(CCC(CCCC)CC)S9)S5)=C3C%10=CC=CS%10||O=C1C(/C(C2=CC=CC=C21)=C(C#N)/C#N)=C/C3=CC(SC(C4=CC(C5(CCCCCCCC)CCCCCCCC)=C(C6=C5C7=C(C=C(/C=C8C(C9=CC=CC=C9C/8=C(C#N)/C#N)=O)S7)S6)C=C4%10)=C%11C%10(CCCCCCCC)CCCCCCCC)=C%11S3,6f31f3770fd225e382586e20513744e11a328b7cc74c758d48628417c600a02b,15e629060f4bd1f16881c65603cd331ef5c9cf39120d5d0edf91eb3b1b6fe797,170eaf5b2cb52230d8008d68dc9dbe7a4e637faca102e2ba5f5a7dc91f093b2e,933636bd76cf7b923af2cacbbb7506ff11426d1b14da0b564722ca7279ccae89,e21faff6ee5b9ca50e5e7deabaafe9fa1ce00e43471a215f2c170f928e8c498f,108,693,1052,118
129,in-house,140,O=C(C1=C(CCC(CCCC)CC)SC(CCC(CC)CCCC)=C1C2=O)C(C2=C(C3)C(C4)=CC=C4C5=CC6=C(C(C7=CC=C(CCC(CCCC)CC)S7)=C8C=CSC8=C6C9=CC=C(CCC(CCCC)CC)S9)S5)=C3C%10=CC=CS%10,O=C(/C(S/1)=C/C2=C3SC(C(CC(CC)CCCCC)OO)=CC3=C(C4=CC(C5(CCCCCC)CCCCCC)=C(C(C5=C6)=CC7=C6C8=C(C=C(C9=C%10C=C(C(CC(CC)CCCCC)OO)SC%10=C(/C=C(C(N/%11CC)=O)\SC%11=C(C#N)\C#N)S9)S8)C7(CCCCCC)CCCCCC)S4)S2)N(C1=C(C#N)/C#N)CC,12.36,O=C(C1=C(CCC(CCCC)CC)SC(CCC(CC)CCCC)=C1C2=O)C(C2=C(C3)C(C4)=CC=C4C5=CC6=C(C(C7=CC=C(CCC(CCCC)CC)S7)=C8C=CSC8=C6C9=CC=C(CCC(CCCC)CC)S9)S5)=C3C%10=CC=CS%10||O=C(/C(S/1)=C/C2=C3SC(C(CC(CC)CCCCC)OO)=CC3=C(C4=CC(C5(CCCCCC)CCCCCC)=C(C(C5=C6)=CC7=C6C8=C(C=C(C9=C%10C=C(C(CC(CC)CCCCC)OO)SC%10=C(/C=C(C(N/%11CC)=O)\SC%11=C(C#N)\C#N)S9)S8)C7(CCCCCC)CCCCCC)S4)S2)N(C1=C(C#N)/C#N)CC,6f31f3770fd225e382586e20513744e11a328b7cc74c758d48628417c600a02b,fac982e14bd1374749af091281ce19555c5d2043f604d648ba9d28b5b8aece01,129d49aa28543c82300681acf6e4c0d9782c51c6d8775d49f81f95e6d9d96b5c,284da9dc839e4560298098d5d07aba20bc318038f14f133d5bb11f377db99641,aab8da1028ca4c6620b8af4a6cf19b1277925aad7a7984427a58722f472f6e29,82,200,787,119
130,in-house,141,[F]C1=C(CC)SC(C2=C3C(C=C(C)C3)C(C4=CC([F])=C(S4)CC)=C5SC(C6=CC=C(S6)C7=C(C(C8=C(SC(CC)=C8C9=O)CC)=O)C9=C(C%10=CC=C(S%10)C)S7)=CC25)=C1,O=C1C2=C(C=C(Cl)C(Cl)=C2)C(/C1=C/C(S3)=CC4=C3C(S5)=C(C4(C6=CC=C(CCCCCC)C=C6)C7=CC=C(CCCCCC)C=C7)C8=C5C(C9=CC(F)=C(CC(CC)CCCC)S9)=C(C(C%10(C%11=CC=C(CCCCCC)C=C%11)C%12=CC=C(CCCCCC)C=C%12)=C(S%13)C%14=C%10C=C(/C=C(/C%15=C(C#N)\C#N)C(C%16=C%15C=C(Cl)C(Cl)=C%16)=O)S%14)C%13=C8C%17=CC(F)=C(CC(CC)CCCC)S%17)=C(C#N)/C#N,12.36,[F]C1=C(CC)SC(C2=C3C(C=C(C)C3)C(C4=CC([F])=C(S4)CC)=C5SC(C6=CC=C(S6)C7=C(C(C8=C(SC(CC)=C8C9=O)CC)=O)C9=C(C%10=CC=C(S%10)C)S7)=CC25)=C1||O=C1C2=C(C=C(Cl)C(Cl)=C2)C(/C1=C/C(S3)=CC4=C3C(S5)=C(C4(C6=CC=C(CCCCCC)C=C6)C7=CC=C(CCCCCC)C=C7)C8=C5C(C9=CC(F)=C(CC(CC)CCCC)S9)=C(C(C%10(C%11=CC=C(CCCCCC)C=C%11)C%12=CC=C(CCCCCC)C=C%12)=C(S%13)C%14=C%10C=C(/C=C(/C%15=C(C#N)\C#N)C(C%16=C%15C=C(Cl)C(Cl)=C%16)=O)S%14)C%13=C8C%17=CC(F)=C(CC(CC)CCCC)S%17)=C(C#N)/C#N,6213dd4049a47a1d3ddd86c99b799fe4ba312bdc695c607b0b6163384ca5ea00,34d2cd04a004feac7af6b3d002c1a29b3d3e5b4eeec4e693ba521b6cd46353ee,7e8b1c933bc84e997f0b677409930e1a74ad0ef38fb30afdbbb7d34769f18d49,bed380b1658aed568ed1d1df99790524fe6092574b5fcd020807fed2c756c7e3,cb39896facc5d988e52337a9850ae65e926b6a9577d3268bdb0e4f03e82407b3,578,877,933,120
131,in-house,142,CC(S1)=C(CCCCCCCC)C=C1C(O2)=NN=C2C3=CC(CCCCCCCC)=C(C4=CC5=C(C6=C(C(C7=CC=C(S7)CC(CCCCCC)CCCCCCCC)=C5S4)C=C(C)S6)C8=CC=C(S8)CC(CCCCCCCC)CCCCCC)S3,O=C(C1=CC=CC=C1C/2=C(C#N)\C#N)C2=C/C3=CC4=C(C(C(C5=CC=C(CCCCCC)S5)(C6=C7C=C8C(C9=CC=C(S9)CCCCCC)(C%10=CC=C(S%10)CCCCCC)C%11=C(SC%12=C%11SC(/C=C%13C(C%14=CC=CC=C%14C\%13=C(C#N)\C#N)=O)=C%12)C8=C6)C(S%15)=CC=C%15CCCCCC)=C7S4)S3,12.34,CC(S1)=C(CCCCCCCC)C=C1C(O2)=NN=C2C3=CC(CCCCCCCC)=C(C4=CC5=C(C6=C(C(C7=CC=C(S7)CC(CCCCCC)CCCCCCCC)=C5S4)C=C(C)S6)C8=CC=C(S8)CC(CCCCCCCC)CCCCCC)S3||O=C(C1=CC=CC=C1C/2=C(C#N)\C#N)C2=C/C3=CC4=C(C(C(C5=CC=C(CCCCCC)S5)(C6=C7C=C8C(C9=CC=C(S9)CCCCCC)(C%10=CC=C(S%10)CCCCCC)C%11=C(SC%12=C%11SC(/C=C%13C(C%14=CC=CC=C%14C\%13=C(C#N)\C#N)=O)=C%12)C8=C6)C(S%15)=CC=C%15CCCCCC)=C7S4)S3,a04c51e6bd347e6cece84a232f021f05db9e2baf971db564ca6b025e3809005a,324d6e5b76a9400503a81056ec0f63ac76d712428565dd1fa4bf1871d8f66e0c,4f37decc4bf306e25987cd452c6ccb4f11db3447441532a580496c870cbc303e,9d7c6ee9ac3f2f401f83ffd90c58f6a79849ed202cd75dbebd191469486d64b4,f451913b0920d46e73d17a520536459d6a4feb3dcb1058eaff238cef8fe938e2,367,733,1143,121
132,in-house,143,[F]C1=C(CC)SC(C2=C3C(C=C(C)C3)C(C4=CC([F])=C(S4)CC)=C5SC(C6=CC=C(S6)C7=C(C(C8=C(SC(CC)=C8C9=O)CC)=O)C9=C(C%10=CC=C(S%10)C)S7)=CC25)=C1,O=C1C2=C(C=C(F)C(F)=C2)C(/C1=C/C(S3)=CC4=C3C(C5(C6=CC=C(CCCCCC)C=C6)C7=CC=C(CCCCCC)C=C7)=C([Se]4)C(C5=C8)=CC9=C8C([Se]%10)=C(C9(C%11=CC=C(CCCCCC)C=C%11)C%12=CC=C(CCCCCC)C=C%12)C%13=C%10C=C(S%13)/C=C(/C%14=C(C#N)\C#N)C(C%15=C%14C=C(F)C(F)=C%15)=C)=C(C#N)/C#N,12.33,[F]C1=C(CC)SC(C2=C3C(C=C(C)C3)C(C4=CC([F])=C(S4)CC)=C5SC(C6=CC=C(S6)C7=C(C(C8=C(SC(CC)=C8C9=O)CC)=O)C9=C(C%10=CC=C(S%10)C)S7)=CC25)=C1||O=C1C2=C(C=C(F)C(F)=C2)C(/C1=C/C(S3)=CC4=C3C(C5(C6=CC=C(CCCCCC)C=C6)C7=CC=C(CCCCCC)C=C7)=C([Se]4)C(C5=C8)=CC9=C8C([Se]%10)=C(C9(C%11=CC=C(CCCCCC)C=C%11)C%12=CC=C(CCCCCC)C=C%12)C%13=C%10C=C(S%13)/C=C(/C%14=C(C#N)\C#N)C(C%15=C%14C=C(F)C(F)=C%15)=C)=C(C#N)/C#N,6213dd4049a47a1d3ddd86c99b799fe4ba312bdc695c607b0b6163384ca5ea00,d187c0c670522e827eb7fe78236bf8db19f8ea98cb0721de64c2de8ca55b8e32,291690b197fe1097a6699dd05e7137be55d037c130687ceef38f6be794b1b65a,baf0a49aed4fabcac0b61e9cec81b6046f710f8b54e017c7b52b6d92acfbe275,13e70ed0e0f67509959d94486d7609c058ab33422f27ef954788eecd4d7f467b,180,856,86,122
133,in-house,144,FC(C(OCC(CCCCCC)CCCCCCCC)=C(C1=NSN=C21)C3=CC=C(S3)C4=CC5=C(C6=C(C(C7=CC=C(S7)CC(CCCC)CC)=C5S4)C=C(C)S6)C8=CC=C(S8)CC(CC)CCCC)=C2C9=CC=C(C)S9,O=C(C1=C(C=C(F)C(F)=C1)C/2=C(C#N)\C#N)C2=C/C(S3)=C(OCCCCCC)C=C3C4=CC(C5(C6=CC=C(C=C6)CCCCCC)C7=CC=C(CCCCCC)C=C7)=C(C(C=C8C9(C%10=CC=C(CCCCCC)C=C%10)C%11=CC=C(CCCCCC)C=C%11)=C5C=C8C%12=C9C=C(C%13=CC(OCCCCCC)=C(S%13)/C=C%14C(C%15=C(C=C(F)C(F)=C%15)C\%14=C(C#N)\C#N)=O)S%12)S4,12.33,FC(C(OCC(CCCCCC)CCCCCCCC)=C(C1=NSN=C21)C3=CC=C(S3)C4=CC5=C(C6=C(C(C7=CC=C(S7)CC(CCCC)CC)=C5S4)C=C(C)S6)C8=CC=C(S8)CC(CC)CCCC)=C2C9=CC=C(C)S9||O=C(C1=C(C=C(F)C(F)=C1)C/2=C(C#N)\C#N)C2=C/C(S3)=C(OCCCCCC)C=C3C4=CC(C5(C6=CC=C(C=C6)CCCCCC)C7=CC=C(CCCCCC)C=C7)=C(C(C=C8C9(C%10=CC=C(CCCCCC)C=C%10)C%11=CC=C(CCCCCC)C=C%11)=C5C=C8C%12=C9C=C(C%13=CC(OCCCCCC)=C(S%13)/C=C%14C(C%15=C(C=C(F)C(F)=C%15)C\%14=C(C#N)\C#N)=O)S%12)S4,24d3b6c278d224ca08137e08291886ccaa368c83f90ad2b57be3ad85da1304f1,05a55d032efa360e1edf2f644a1966bec2ba8711fd8960fb2a76f01cea375031,0a066b8b949a8b8f41600876949641ca077993a12335e5d6cb3c49b17214f89f,ef4586f3c8e23eff04502b2e94ccbcd789f43646b380f69b6aaf80145baf5d6c,25c36d651300c78a4b22bb7dc0b8f5c3afe961bdb24163e8b16556f27ce3268f,43,1112,155,123
134,in-house,146,FC(C(F)=C(C1=NN(N=C21)CCC(CCCC)CCCCCC)C3=CC=C(S3)C)=C2C(S4)=CC=C4C5=CC(C(CCCC(CCCCCC)CCCC)=C6SC(C)=CC6=C7CCCC(CCCC)CCCCCC)=C7S5,O=C(C(C=C(C(F)=C1)F)=C1C/2=C(C#N)\C#N)C2=C/C3=CC(C(C4=CC=C(CCCCCC)C=C4)(C5=CC=C(CCCCCC)C=C5)C6=C7SC8=C6C(CCCCCC)=CC9=C8C=C(CCCCCC)C%10=C9SC%11=C%10C(C%12=CC=C(CCCCCC)C=C%12)(C%13=CC=C(CCCCCC)C=C%13)C%14=C%11SC(/C=C%15C(C(C=C(C(F)=C%16)F)=C%16C\%15=C(C#N)\C#N)=O)=C%14)=C7S3,12.3,FC(C(F)=C(C1=NN(N=C21)CCC(CCCC)CCCCCC)C3=CC=C(S3)C)=C2C(S4)=CC=C4C5=CC(C(CCCC(CCCCCC)CCCC)=C6SC(C)=CC6=C7CCCC(CCCC)CCCCCC)=C7S5||O=C(C(C=C(C(F)=C1)F)=C1C/2=C(C#N)\C#N)C2=C/C3=CC(C(C4=CC=C(CCCCCC)C=C4)(C5=CC=C(CCCCCC)C=C5)C6=C7SC8=C6C(CCCCCC)=CC9=C8C=C(CCCCCC)C%10=C9SC%11=C%10C(C%12=CC=C(CCCCCC)C=C%12)(C%13=CC=C(CCCCCC)C=C%13)C%14=C%11SC(/C=C%15C(C(C=C(C(F)=C%16)F)=C%16C\%15=C(C#N)\C#N)=O)=C%14)=C7S3,45e95ea37da5bc3e18f2c067cb95f73c851335176098d8fca22fcb29952b2779,ac9c25165043dcce54bc01ac0c46459dcb55c5b10abc9514866777298843a38a,b523aa6a54f961421e9851bbe1d5ffc8c29db4123eccec3ffcb61810dfde14fd,2248e6de3ff3308b8ae6f25e8d603824134b0aa99d7550084ed927003e009119,c6361883fada34314581a3161c1456442a2005382c603b98262d0eafe58196fa,851,164,909,124
135,in-house,147,O=C1C2=C(CC(CC)CCCC)SC(CC(CC)CCCC)=C2C(C3=C(C4=CC=C(C5=CC(C(C6=CC(F)=C(CC(CC)CCCC)S6)=C(SC=C7)C7=C8C9=CC(F)=C(CC(CC)CCCC)S9)=C8S5)S4)SC(C%10=CC=CS%10)=C31)=O,O=C(C1=CSC=C1C/2=C(C#N)\C#N)C2=C/C3=CC(SC(C(C=C4C5(C6=CC=C(C=C6)CCCCCCCC)C7=CC=C(CCCCCCCC)C=C7)=C8C=C4C9=C5C%10=C(C=C(S%10)/C=C%11C(C%12=CSC=C%12C\%11=C(C#N)\C#N)=O)S9)=C%13C8(C%14=CC=C(C=C%14)CCCCCCCC)C%15=CC=C(CCCCCCCC)C=C%15)=C%13S3,12.3,O=C1C2=C(CC(CC)CCCC)SC(CC(CC)CCCC)=C2C(C3=C(C4=CC=C(C5=CC(C(C6=CC(F)=C(CC(CC)CCCC)S6)=C(SC=C7)C7=C8C9=CC(F)=C(CC(CC)CCCC)S9)=C8S5)S4)SC(C%10=CC=CS%10)=C31)=O||O=C(C1=CSC=C1C/2=C(C#N)\C#N)C2=C/C3=CC(SC(C(C=C4C5(C6=CC=C(C=C6)CCCCCCCC)C7=CC=C(CCCCCCCC)C=C7)=C8C=C4C9=C5C%10=C(C=C(S%10)/C=C%11C(C%12=CSC=C%12C\%11=C(C#N)\C#N)=O)S9)=C%13C8(C%14=CC=C(C=C%14)CCCCCCCC)C%15=CC=C(CCCCCCCC)C=C%15)=C%13S3,65482d735aa1f382b817dd8d95b1689b39b0b3c26138949c2680844f1b1f5ea0,a3406b5e4edefe3e2c4839b86eca3cc419dcab58dd63484cd2852f990ceb7789,e091c792995186f3134a74b0515b34ae370929c3fe63d539e590a95490aa44a4,f392a33f43ef35d60e2189892b0bb2e377102b3cdb62961f7f37b57cd5f653a3,5ad363a06bd7e8f73a385118c2b74d44545fa7d327409c5c1eca796d7487b0e8,1063,1134,407,125
136,in-house,148,O=C1C2=C(CC(CC)CCCC)SC(CC(CC)CCCC)=C2C(C3=C(C4=CC=C(C5=CC(C(C6=CC(F)=C(CC(CC)CCCC)S6)=C(SC=C7)C7=C8C9=CC(F)=C(CC(CC)CCCC)S9)=C8S5)S4)SC(C%10=CC=CS%10)=C31)=O,O=C(C(C=C(F)C(F)=C1)=C1C/2=C(C#N)\C#N)C2=C/C3=CC(SC4=C5C(C6=C4C([O]CC(CC)CCCC)=C7C(C([O]CC(CCCC)CC)=C8C(SC9=C%10SC(/C=C%11C(C(C=C(F)C(F)=C%12)=C%12C\%11=C(C#N)\C#N)=O)=C9)=C%10C(C%13=CC=C(CCCCCC)C=C%13)(C%14=CC=C(CCCCCC)C=C%14)C8=C7)=C6)(C%15=CC=C(CCCCCC)C=C%15)C%16=CC=C(CCCCCC)C=C%16)=C5S3,12.3,O=C1C2=C(CC(CC)CCCC)SC(CC(CC)CCCC)=C2C(C3=C(C4=CC=C(C5=CC(C(C6=CC(F)=C(CC(CC)CCCC)S6)=C(SC=C7)C7=C8C9=CC(F)=C(CC(CC)CCCC)S9)=C8S5)S4)SC(C%10=CC=CS%10)=C31)=O||O=C(C(C=C(F)C(F)=C1)=C1C/2=C(C#N)\C#N)C2=C/C3=CC(SC4=C5C(C6=C4C([O]CC(CC)CCCC)=C7C(C([O]CC(CCCC)CC)=C8C(SC9=C%10SC(/C=C%11C(C(C=C(F)C(F)=C%12)=C%12C\%11=C(C#N)\C#N)=O)=C9)=C%10C(C%13=CC=C(CCCCCC)C=C%13)(C%14=CC=C(CCCCCC)C=C%14)C8=C7)=C6)(C%15=CC=C(CCCCCC)C=C%15)C%16=CC=C(CCCCCC)C=C%16)=C5S3,65482d735aa1f382b817dd8d95b1689b39b0b3c26138949c2680844f1b1f5ea0,aa86616e25ef432d511625f97d7fd0e62ae00bca48df88f8ae5e8b010ae85860,8e94bfb368408f17929fcbd5ab12c0f3be9056563371a135a64214d9793dc92c,ef8d6059596d356d5c18694d1fe215127dc6373f534f98971c4fb9b7966ecd7c,a9fb2aaac1a192c7d64eb574ded32b69b0b8d5a37d714585953bbbbedc6c5ec7,658,1114,783,126
137,in-house,149,O=C(C1=C(CCC(CCCC)CC)SC(CCC(CC)CCCC)=C1C2=O)C(C2=C(C3)C(C4)=CC=C4C5=CC6=C(C(C7=CC=C(CCC(CCCC)CC)S7)=C8C=CSC8=C6C9=CC=C(CCC(CCCC)CC)S9)S5)=C3C%10=CC=CS%10,O=C(C(C=C(F)C=C1)=C1C/2=C(C#N)\C#N)C2=C/C3=CC(N4CCCCCCCC)=C(C5=C4C(C(C(C=C6)=CC=C6CCCCCC)(C(C=C7C8=C9C(SC%10=C%11SC(/C=C%12C(C(C=C(F)C=C%13)=C%13C\%12=C(C#N)/C#N)=O)=C%10)=C%11S8)=C%14C=C7C9(C%15=CC=C(C=C%15)CCCCCC)C%16=CC=C(C=C%16)CCCCCC)C%17=CC=C(C=C%17)CCCCCC)=C%14S5)S3,12.3,O=C(C1=C(CCC(CCCC)CC)SC(CCC(CC)CCCC)=C1C2=O)C(C2=C(C3)C(C4)=CC=C4C5=CC6=C(C(C7=CC=C(CCC(CCCC)CC)S7)=C8C=CSC8=C6C9=CC=C(CCC(CCCC)CC)S9)S5)=C3C%10=CC=CS%10||O=C(C(C=C(F)C=C1)=C1C/2=C(C#N)\C#N)C2=C/C3=CC(N4CCCCCCCC)=C(C5=C4C(C(C(C=C6)=CC=C6CCCCCC)(C(C=C7C8=C9C(SC%10=C%11SC(/C=C%12C(C(C=C(F)C=C%13)=C%13C\%12=C(C#N)/C#N)=O)=C%10)=C%11S8)=C%14C=C7C9(C%15=CC=C(C=C%15)CCCCCC)C%16=CC=C(C=C%16)CCCCCC)C%17=CC=C(C=C%17)CCCCCC)=C%14S5)S3,6f31f3770fd225e382586e20513744e11a328b7cc74c758d48628417c600a02b,9e322b31359411c8e5e3ac14745b9b781fee7bc7c0047e81d90133b7ead45400,7c81c4427dcb0ea6f121d867917b4fe00238200c8095ed6777ba948152e78f8f,5cae925bddb629ced024a8960304350a6b5d7820a2de7c1d83a7998a4f1eb0e3,a71abf74e2379b14020db2af820e6f0fc982cd1b863eedb4417edd1a4a3f75c5,571,438,770,127
138,in-house,150,FC(C=C(C1=C2SC=CC2=C(C3=CC(F)=C(CC(CCCC)CC)S3)C4=C1C=C(C5=CC=C(C6=C(C(C(C7=C(CC(CCCC)CC)SC(CC(CC)CCCC)=C78)=O)=C(C9=CC=CC9)S6)C8=O)S5)S4)S%10)=C%10CC(CC)CCCC,O=C1C(/C(C2=CC=C(Cl)C=C21)=C(C#N)/C#N)=C\C3=CC4=C(C5=C(S4)C(C(C(C6=CC=C(C=C6)CCCCCC)5C7=CC=C(CCCCCC)C=C7)=C8)=CC9=C8C%10=C(C(C%11=CC=C(CCCCCC)C=C%11)9C%12=CC=C(CCCCCC)C=C%12)C(S%13)=C(S%10)C=C%13/C=C%14/C(C%15=CSC=C%15C%14=O)=C(C#N)/C#N)S3,12.25,FC(C=C(C1=C2SC=CC2=C(C3=CC(F)=C(CC(CCCC)CC)S3)C4=C1C=C(C5=CC=C(C6=C(C(C(C7=C(CC(CCCC)CC)SC(CC(CC)CCCC)=C78)=O)=C(C9=CC=CC9)S6)C8=O)S5)S4)S%10)=C%10CC(CC)CCCC||O=C1C(/C(C2=CC=C(Cl)C=C21)=C(C#N)/C#N)=C\C3=CC4=C(C5=C(S4)C(C(C(C6=CC=C(C=C6)CCCCCC)5C7=CC=C(CCCCCC)C=C7)=C8)=CC9=C8C%10=C(C(C%11=CC=C(CCCCCC)C=C%11)9C%12=CC=C(CCCCCC)C=C%12)C(S%13)=C(S%10)C=C%13/C=C%14/C(C%15=CSC=C%15C%14=O)=C(C#N)/C#N)S3,61eee9608e36bdb1d3a96a3ad1baa39916f3a546e29d11481966a5a2d3d30f3c,746cb16499e6dcd5103611efd6953f1f791ce8811389cb264ff8747f1b9e48a2,4f2bb67c52ab0e620c1a26915f45d2915e87a67827103134062c470585833292,c2a164db5441b8986aaf65a9b7ab264ae6153ff6216b08a37bc4dc42d8ecb60f,0778c86e71133ab31cfc022ff279c267f872537e6c55e1d011e68eff848b908a,366,894,38,128
139,in-house,151,ClC1=C(C2=CC(C(C3=CC=C(C=C3)CC(CCCCCC)CCCC)=C4SC(C)=CC4=C5C6=CC=C(C=C6)CC(CCCC)CCCCCC)=C5S2)SC(C7=C8C(C(C9=C(SC(CC(CCCC)CC)=C9C8=O)CC(CCCC)CC)=O)=C(S7)C%10=CC(Cl)=C(C)S%10)=C1,O=C(C1=CSC=C1C/2=C(C#N)\C#N)C2=C/C3=CC(SC(C(C=C4C5(C6=CC=C(C=C6)CCCCCCCC)C7=CC=C(CCCCCCCC)C=C7)=C8C=C4C9=C5C%10=C(C=C(S%10)/C=C%11C(C%12=CSC=C%12C\%11=C(C#N)\C#N)=O)S9)=C%13C8(C%14=CC=C(C=C%14)CCCCCCCC)C%15=CC=C(CCCCCCCC)C=C%15)=C%13S3,12.24,ClC1=C(C2=CC(C(C3=CC=C(C=C3)CC(CCCCCC)CCCC)=C4SC(C)=CC4=C5C6=CC=C(C=C6)CC(CCCC)CCCCCC)=C5S2)SC(C7=C8C(C(C9=C(SC(CC(CCCC)CC)=C9C8=O)CC(CCCC)CC)=O)=C(S7)C%10=CC(Cl)=C(C)S%10)=C1||O=C(C1=CSC=C1C/2=C(C#N)\C#N)C2=C/C3=CC(SC(C(C=C4C5(C6=CC=C(C=C6)CCCCCCCC)C7=CC=C(CCCCCCCC)C=C7)=C8C=C4C9=C5C%10=C(C=C(S%10)/C=C%11C(C%12=CSC=C%12C\%11=C(C#N)\C#N)=O)S9)=C%13C8(C%14=CC=C(C=C%14)CCCCCCCC)C%15=CC=C(CCCCCCCC)C=C%15)=C%13S3,69943fc8755ccfbf537d0934713510e88d5ffcde083a6c1f9f7607b7f94d1700,a3406b5e4edefe3e2c4839b86eca3cc419dcab58dd63484cd2852f990ceb7789,cbd78848a01b1f6a48abb18d6a06d9c50af6c73c8e53c5faf446df964b6263b1,173c3b0887687bdbbe9f62d2725baf1aa164719b2017316bd3c4dc94e0a4d711,16adb3ae21a6f84c5716b1ef290d75a4d4b5f1389c63c1831e51bdd22a456a4f,971,116,99,129
140,in-house,152,[F]C1=C(CC)SC(C2=C3C(C=C(C)C3)C(C4=CC([F])=C(S4)CC)=C5SC(C6=CC=C(S6)C7=C(C(C8=C(SC(CC)=C8C9=O)CC)=O)C9=C(C%10=CC=C(S%10)C)S7)=CC25)=C1,O=C1C(/C(C2=CC=CC=C21)=C(C#N)/C#N)=C\C3=CC4=C(S3)C(C(C5=CC=C(C=C5)CCCCCC)(C6=C7C=C(C(C8=CC=C(CCCCCC)C=C8)(C9=CC=C(CCCCCC)C=C9)C%10=C%11SC%12=C%10SC(/C=C%13C(C%14=CC(Cl)=C(C=C%14C\%13=C(C#N)\C#N)Cl)=O)=C%12)C%11=C6)C%15=CC=C(C=C%15)CCCCCC)=C7S4,12.23,[F]C1=C(CC)SC(C2=C3C(C=C(C)C3)C(C4=CC([F])=C(S4)CC)=C5SC(C6=CC=C(S6)C7=C(C(C8=C(SC(CC)=C8C9=O)CC)=O)C9=C(C%10=CC=C(S%10)C)S7)=CC25)=C1||O=C1C(/C(C2=CC=CC=C21)=C(C#N)/C#N)=C\C3=CC4=C(S3)C(C(C5=CC=C(C=C5)CCCCCC)(C6=C7C=C(C(C8=CC=C(CCCCCC)C=C8)(C9=CC=C(CCCCCC)C=C9)C%10=C%11SC%12=C%10SC(/C=C%13C(C%14=CC(Cl)=C(C=C%14C\%13=C(C#N)\C#N)Cl)=O)=C%12)C%11=C6)C%15=CC=C(C=C%15)CCCCCC)=C7S4,6213dd4049a47a1d3ddd86c99b799fe4ba312bdc695c607b0b6163384ca5ea00,2435ddaf7bec2053e0afd53c213b3563d631d4a00b887a80a3e7951a601f71b4,c410304417553f309faa35d42c2a6ecd63345d6b82ec6bc4d66d075d62591802,769e7e8026cc89d8bd2da51a5a7b6556bab5cefa8fcd3f387f88a4779fc93f69,b3395f0ea853888760d227f3b97277de0d4b9468f624d188f09a0c26e7d485c9,938,572,828,130
141,in-house,153,OC1=C(C(C2=C(SC(C3=CC=C(C)S3)=C2C4=O)C5=CC=C(S5)C6=CC7=C(C8=C(C(C9=CC=C(C(SC%10=CC=C(C=C%10)CCCCCC)=C9[H])[H])=C7S6)C=C(C)S8)C%11=CC=C(C(SC%12=CC=C(C=C%12)CCCCCC)=C%11[H])[H])=O)C4=C(O)S1,O=C(C1=CSC=C1C/2=C(C#N)\C#N)C2=C/C3=CC(SC(C(C=C4C5(C6=CC=C(C=C6)CCCCCCCC)C7=CC=C(CCCCCCCC)C=C7)=C8C=C4C9=C5C%10=C(C=C(S%10)/C=C%11C(C%12=CSC=C%12C\%11=C(C#N)\C#N)=O)S9)=C%13C8(C%14=CC=C(C=C%14)CCCCCCCC)C%15=CC=C(CCCCCCCC)C=C%15)=C%13S3,12.22,OC1=C(C(C2=C(SC(C3=CC=C(C)S3)=C2C4=O)C5=CC=C(S5)C6=CC7=C(C8=C(C(C9=CC=C(C(SC%10=CC=C(C=C%10)CCCCCC)=C9[H])[H])=C7S6)C=C(C)S8)C%11=CC=C(C(SC%12=CC=C(C=C%12)CCCCCC)=C%11[H])[H])=O)C4=C(O)S1||O=C(C1=CSC=C1C/2=C(C#N)\C#N)C2=C/C3=CC(SC(C(C=C4C5(C6=CC=C(C=C6)CCCCCCCC)C7=CC=C(CCCCCCCC)C=C7)=C8C=C4C9=C5C%10=C(C=C(S%10)/C=C%11C(C%12=CSC=C%12C\%11=C(C#N)\C#N)=O)S9)=C%13C8(C%14=CC=C(C=C%14)CCCCCCCC)C%15=CC=C(CCCCCCCC)C=C%15)=C%13S3,4c3f69864cdb95aa54cbcb2597aae41ace7a7d35257e73eb14f8c916e3b1f70f,a3406b5e4edefe3e2c4839b86eca3cc419dcab58dd63484cd2852f990ceb7789,2c90ef69a64480e350924842504b6f37ff11cef6c186287778f09bdcd1938700,4ea4caa9185e4e695cc3c71ce2cbb27a9fea809d0a6c9afd3da133dbfb520e11,9a5a0da696a4293ee5c8337e035c1da173ad5e357590034d9f56d95a435f2dcb,194,374,698,131
142,in-house,155,FC(C=C(C1=C2SC=CC2=C(C3=CC(F)=C(CC(CCCC)CC)S3)C4=C1C=C(C5=CC=C(C6=C(C(C(C7=C(CC(CCCC)CC)SC(CC(CC)CCCC)=C78)=O)=C(C9=CC=CC9)S6)C8=O)S5)S4)S%10)=C%10CC(CC)CCCC,O=C(C1=C(C=C(C=CC=C2)C2=C1)C/3=C(C#N)\C#N)C3=C/C4=CC(C5(C6=CC=C(CCCCCC)C=C6)C(C=C7)=CC=C7CCCCCC)=C(C8=CC(C(C9=CC=C(C=C9)CCCCCC)(C%10=C%11SC(/C=C%12C(C%13=C(C=C(C=CC=C%14)C%14=C%13)C\%12=C(C#N)\C#N)=O)=C%10)C%15=CC=C(C=C%15)CCCCCC)=C%11C=C58)S4,12.2,FC(C=C(C1=C2SC=CC2=C(C3=CC(F)=C(CC(CCCC)CC)S3)C4=C1C=C(C5=CC=C(C6=C(C(C(C7=C(CC(CCCC)CC)SC(CC(CC)CCCC)=C78)=O)=C(C9=CC=CC9)S6)C8=O)S5)S4)S%10)=C%10CC(CC)CCCC||O=C(C1=C(C=C(C=CC=C2)C2=C1)C/3=C(C#N)\C#N)C3=C/C4=CC(C5(C6=CC=C(CCCCCC)C=C6)C(C=C7)=CC=C7CCCCCC)=C(C8=CC(C(C9=CC=C(C=C9)CCCCCC)(C%10=C%11SC(/C=C%12C(C%13=C(C=C(C=CC=C%14)C%14=C%13)C\%12=C(C#N)\C#N)=O)=C%10)C%15=CC=C(C=C%15)CCCCCC)=C%11C=C58)S4,61eee9608e36bdb1d3a96a3ad1baa39916f3a546e29d11481966a5a2d3d30f3c,24129537716343b6e8373f699534e83e035b9db95fe6bcf8bbc834cd4c1c999b,8af756557610cd84a16cbf696f449c65880640f270be803291e1b8b0387137f6,c33ec35db6549e2d9ff722747f4d58ca795477a95b979faba975314e82415469,36f4731f57241af9e6c8748be64d544fdb5ddbd0439c0d2f3f4cdd57ead7201f,637,897,244,132
143,in-house,157,FC1=C(F)C=C(N=C(OCC(CCCCCC)CCCCCCCC)C=N2)C2=C1C3=CC=CS3,O=C(C1=CSC=C1C/2=C(C#N)\C#N)C2=C/C3=CC(C4(CCCCCC)CCCCCC)=C(C5=CC6=C(C7=C(C6(CCCCCC)CCCCCC)C=C(/C=C8C(C9=CSC=C9C\8=C(C#N)\C#N)=O)S7)C=C54)S3,12.2,FC1=C(F)C=C(N=C(OCC(CCCCCC)CCCCCCCC)C=N2)C2=C1C3=CC=CS3||O=C(C1=CSC=C1C/2=C(C#N)\C#N)C2=C/C3=CC(C4(CCCCCC)CCCCCC)=C(C5=CC6=C(C7=C(C6(CCCCCC)CCCCCC)C=C(/C=C8C(C9=CSC=C9C\8=C(C#N)\C#N)=O)S7)C=C54)S3,6d0ebf843ec88894476605165efae2bf8fd910afe87a5868bc4b56e85a61a93d,46e87fc26e2af0d38a700e6984a08e418bc3905b14cc318246f6eb739ec956bf,fc527fbb5dacb007dcc74fcdcc138de7abf85fecb2ba37401023213e555c5a27,78ff3eb0dcf6950279c2427ad1deded96f3af6d8a35f9f61458050f51d00a4b4,26e167f43ab408acdd73d5ca9a0ea5b01162dc55fcdc89413332bf5a92e57f54,1177,577,164,133
144,in-house,158,FC1=C(F)C=C(N=C(OCC(CCCCCC)CCCCCCCC)C=N2)C2=C1C3=CC=CS3,O=C(C1=CC(F)=C(C=C1C/2=C(C#N)\C#N)F)C2=C/C3=CSC(C4=CC(C5(C6=CC=C(C=C6)CCCCCC)C7=CC=C(CCCCCC)C=C7)=C(C8=CC9=C(C%10=C(C9(C%11=CC=C(C=C%11)CCCCCC)C%12=CC=C(C=C%12)CCCCCC)C=C(C%13=C(SCC(CCCC)CC)C(/C=C%14C(C%15=CC(F)=C(C=C%15C\%14=C(C#N)\C#N)F)=O)=CS%13)S%10)C=C85)S4)=C3SCC(CC)CCCC,12.2,FC1=C(F)C=C(N=C(OCC(CCCCCC)CCCCCCCC)C=N2)C2=C1C3=CC=CS3||O=C(C1=CC(F)=C(C=C1C/2=C(C#N)\C#N)F)C2=C/C3=CSC(C4=CC(C5(C6=CC=C(C=C6)CCCCCC)C7=CC=C(CCCCCC)C=C7)=C(C8=CC9=C(C%10=C(C9(C%11=CC=C(C=C%11)CCCCCC)C%12=CC=C(C=C%12)CCCCCC)C=C(C%13=C(SCC(CCCC)CC)C(/C=C%14C(C%15=CC(F)=C(C=C%15C\%14=C(C#N)\C#N)F)=O)=CS%13)S%10)C=C85)S4)=C3SCC(CC)CCCC,6d0ebf843ec88894476605165efae2bf8fd910afe87a5868bc4b56e85a61a93d,3f8642ff9e055c0c4c56e89d1a84ab68f140999bebd9b169f9df2e09d096b2e3,fcb01cb06e4b599c67f30809c601ea3a9ecdc890668b4f75cd2e9c27e28dff83,194172cdf9efa3b55b8f4ec7d1128609e92f5a73b8e1bed5112a14d00917c5ef,dd9bff3e88889c00d5c6fda66e9692dcf9bdbd9f35c773e350d61b99baa15e5e,1178,128,1030,134
145,in-house,159,O=C(C1=C(CCC(CCCC)CC)SC(CCC(CC)CCCC)=C1C2=O)C(C2=C(C3)C(C4)=CC=C4C5=CC6=C(C(C7=CC=C(CCC(CCCC)CC)S7)=C8C=CSC8=C6C9=CC=C(CCC(CCCC)CC)S9)S5)=C3C%10=CC=CS%10,c12cc3c(cc1C(c1c2sc2c1sc(c2)/C=C\1/C(=C(C#N)C#N)c2c(C1=O)cccc2)(c1ccc(cc1)CCCCCC)c1ccc(cc1)CCCCCC)c1c(C3(c2ccc(cc2)CCCCCC)c2ccc(cc2)CCCCCC)c2c(s1)cc(s2)/C=C\1/C(=C(C#N)C#N)c2c(C1=O)cccc2,12.18,O=C(C1=C(CCC(CCCC)CC)SC(CCC(CC)CCCC)=C1C2=O)C(C2=C(C3)C(C4)=CC=C4C5=CC6=C(C(C7=CC=C(CCC(CCCC)CC)S7)=C8C=CSC8=C6C9=CC=C(CCC(CCCC)CC)S9)S5)=C3C%10=CC=CS%10||c12cc3c(cc1C(c1c2sc2c1sc(c2)/C=C\1/C(=C(C#N)C#N)c2c(C1=O)cccc2)(c1ccc(cc1)CCCCCC)c1ccc(cc1)CCCCCC)c1c(C3(c2ccc(cc2)CCCCCC)c2ccc(cc2)CCCCCC)c2c(s1)cc(s2)/C=C\1/C(=C(C#N)C#N)c2c(C1=O)cccc2,6f31f3770fd225e382586e20513744e11a328b7cc74c758d48628417c600a02b,202f8607af2cecb83e86b2e4305f8c7e2852bc709bb805b9055691d46a9081c5,6e59144dfa18bf9091c64669c7869c773ce28dd7a7e136091ecbbd3e45e5a0fe,23a4b1cc1f961ec4c5cd20bcaf48419d99f024c659bd5d67f2e9e55073273857,e8122ae1b698558b61b378eff95f7e8c5b8a522eb971600d57385b49810ab002,499,176,1079,135
146,in-house,160,O=C1C2=C(CC(CC)CCCC)SC(CC(CC)CCCC)=C2C(C3=C(C4=CC=C(C5=CC(C(C6=CC(F)=C(CC(CC)CCCC)S6)=C(SC=C7)C7=C8C9=CC(F)=C(CC(CC)CCCC)S9)=C8S5)S4)SC(C%10=CC=CS%10)=C31)=O,O=C1C2=C(C=C(C(F)=C2)F)C(/C1=C\C([Se]3)=CC=C3C4=CC(C5=C(OCCCCCC)C=CC=C5OCCCCCC)=C(C6=C(C7=C(OCCCCCC)C=CC=C7OCCCCCC)C=C(C8=CC=C([Se]8)/C=C(/C9=C([N+]#[C-])/C#N)C(C%10=C9C=C(F)C(F)=C%10)=O)S6)S4)=C(C#N)/[N+]#[C-],12.17,O=C1C2=C(CC(CC)CCCC)SC(CC(CC)CCCC)=C2C(C3=C(C4=CC=C(C5=CC(C(C6=CC(F)=C(CC(CC)CCCC)S6)=C(SC=C7)C7=C8C9=CC(F)=C(CC(CC)CCCC)S9)=C8S5)S4)SC(C%10=CC=CS%10)=C31)=O||O=C1C2=C(C=C(C(F)=C2)F)C(/C1=C\C([Se]3)=CC=C3C4=CC(C5=C(OCCCCCC)C=CC=C5OCCCCCC)=C(C6=C(C7=C(OCCCCCC)C=CC=C7OCCCCCC)C=C(C8=CC=C([Se]8)/C=C(/C9=C([N+]#[C-])/C#N)C(C%10=C9C=C(F)C(F)=C%10)=O)S6)S4)=C(C#N)/[N+]#[C-],65482d735aa1f382b817dd8d95b1689b39b0b3c26138949c2680844f1b1f5ea0,eaa12a22249220790bec5ce8f590df9a3d62d80c8014b87c6f45b143788e30fd,07bfb7589aa3837d6cf97e15a752c988f64305b9c22f5820e09741c2de51b520,01fbd0fa43323e2432cbb5e0d319e564f600b0cd1ab1444163850034a47115a2,df17571f7fe61154f7616e32bba4a85edd853a1fc0f3ae3396862d767635ffba,31,9,1037,136
147,in-house,161,CC1=CC(C(S1)=C(C2=C3SC(C4=CC=C(C(C5=NN(CC(CCCCCC)CCCC)N=C65)=CC(C7=NN(CC(CCCCCC)CCCC)N=C87)=C6C=C8C9=CC=C(C)S9)S4)=C2)C%10=CC([H])=C(SCC(CCCC)CCCCCC)S%10)=C3C%11=CC([H])=C(S%11)SCC(CCCCCC)CCCC,c12cc3c(cc1C(c1c2sc2c1sc(c2)/C=C\1/C(=C(C#N)C#N)c2c(C1=O)cccc2)(c1ccc(cc1)CCCCCC)c1ccc(cc1)CCCCCC)c1c(C3(c2ccc(cc2)CCCCCC)c2ccc(cc2)CCCCCC)c2c(s1)cc(s2)/C=C\1/C(=C(C#N)C#N)c2c(C1=O)cccc2,12.16,CC1=CC(C(S1)=C(C2=C3SC(C4=CC=C(C(C5=NN(CC(CCCCCC)CCCC)N=C65)=CC(C7=NN(CC(CCCCCC)CCCC)N=C87)=C6C=C8C9=CC=C(C)S9)S4)=C2)C%10=CC([H])=C(SCC(CCCC)CCCCCC)S%10)=C3C%11=CC([H])=C(S%11)SCC(CCCCCC)CCCC||c12cc3c(cc1C(c1c2sc2c1sc(c2)/C=C\1/C(=C(C#N)C#N)c2c(C1=O)cccc2)(c1ccc(cc1)CCCCCC)c1ccc(cc1)CCCCCC)c1c(C3(c2ccc(cc2)CCCCCC)c2ccc(cc2)CCCCCC)c2c(s1)cc(s2)/C=C\1/C(=C(C#N)C#N)c2c(C1=O)cccc2,39fcc08df7230256e4760f8ca2cfbd5e92232065f9e51708a43961f99e5623c6,202f8607af2cecb83e86b2e4305f8c7e2852bc709bb805b9055691d46a9081c5,7012bd18dbe448254191074a015165089aecd80a6148fff7fa53c470d3aa8910,a326122f697d53f1c6c0bd38aaa718e3c909cde4c638b7d60569f51aa4d36871,dd5def545dfa118b2a6202556fa0d92095d9021a3e9dff0c21643bf611b51424,507,761,1028,137
148,in-house,163,O=C(C1=C(CCC(CCCC)CC)SC(CCC(CC)CCCC)=C1C2=O)C(C2=C(C3)C(C4)=CC=C4C5=CC6=C(C(C7=CC=C(CCC(CCCC)CC)S7)=C8C=CSC8=C6C9=CC=C(CCC(CCCC)CC)S9)S5)=C3C%10=CC=CS%10,FC(C=C1)=CC2=C1C(C(/C2=C(C#N)/C#N)CC(S3)=CC4=C3C(S5)=C(C(C6=CC=C(CCCCCC)C=C6)4C7=CC=C(CCCCCC)C=C7)C(C5=C8CCCCCCCC)=C(CCCCCCCC)C9=C8C(C%10(C%11=CC=C(CCCCCC)C=C%11)C%12=CC=C(CCCCCC)C=C%12)=C(S9)C(S%13)=C%10C=C%13/C=C(/C%14=C(C#N)\C#N)C(C%15=C%14C=C(F)C=C%15)=O)=O,12.12,O=C(C1=C(CCC(CCCC)CC)SC(CCC(CC)CCCC)=C1C2=O)C(C2=C(C3)C(C4)=CC=C4C5=CC6=C(C(C7=CC=C(CCC(CCCC)CC)S7)=C8C=CSC8=C6C9=CC=C(CCC(CCCC)CC)S9)S5)=C3C%10=CC=CS%10||FC(C=C1)=CC2=C1C(C(/C2=C(C#N)/C#N)CC(S3)=CC4=C3C(S5)=C(C(C6=CC=C(CCCCCC)C=C6)4C7=CC=C(CCCCCC)C=C7)C(C5=C8CCCCCCCC)=C(CCCCCCCC)C9=C8C(C%10(C%11=CC=C(CCCCCC)C=C%11)C%12=CC=C(CCCCCC)C=C%12)=C(S9)C(S%13)=C%10C=C%13/C=C(/C%14=C(C#N)\C#N)C(C%15=C%14C=C(F)C=C%15)=O)=O,6f31f3770fd225e382586e20513744e11a328b7cc74c758d48628417c600a02b,57dd4a7618def0fe8ac5b4d499438c8b69d6732d6d98a3a4f3d3844f70348cc1,165a5f409f4c4395c2f772ce6de74a322def76bd6c760b135797c496def43b85,3513548cc8c373a567cea02672660793368024ca512247b6eabce56f81809235,8ca3724b08e2e788140cade8e651903e7385ec7a7b39009d5aa1481cf24dbb1c,104,269,635,138
149,in-house,164,FC1=C(C2=CC(CC(CCCCCCCCCC)CCCCCCCCCCCC)=C(C)S2)C3=NSN=C3C(C4=CC=C(C)S4)=C1,FC1=CC2=C(C(/C(C2=O)=C/C3=CC(OCC(CC)CCCC)=C(S3)C4=CC5=C(S4)C6=CC(C7(C8=CC=C(CCCCCC)C=C8)C9=CC=C(CCCCCC)C=C9)=C(C%10=C7C=C(S%10)C%11=C(OCC(CC)CCCC)C=C(S%11)/C=C(/C(C%12=C%13C=C(F)C(F)=C%12)=C(C#N)\C#N)C%13=O)C=C6C5(C%14=CC=C(CCCCCC)C=C%14)C%15=CC=C(CCCCCC)C=C%15)=C(C#N)/C#N)C=C1F,12.1,FC1=C(C2=CC(CC(CCCCCCCCCC)CCCCCCCCCCCC)=C(C)S2)C3=NSN=C3C(C4=CC=C(C)S4)=C1||FC1=CC2=C(C(/C(C2=O)=C/C3=CC(OCC(CC)CCCC)=C(S3)C4=CC5=C(S4)C6=CC(C7(C8=CC=C(CCCCCC)C=C8)C9=CC=C(CCCCCC)C=C9)=C(C%10=C7C=C(S%10)C%11=C(OCC(CC)CCCC)C=C(S%11)/C=C(/C(C%12=C%13C=C(F)C(F)=C%12)=C(C#N)\C#N)C%13=O)C=C6C5(C%14=CC=C(CCCCCC)C=C%14)C%15=CC=C(CCCCCC)C=C%15)=C(C#N)/C#N)C=C1F,66cb9863e36843e0afb25bd1792f7f7f5fbaf5292c0b9d00ee9dedd78ae56530,0a6189846e89cf828a3f20d50d9d712b7538b2d40776aced38f06bfa2a63caa3,c000cf6b584314d25709855a21d4cdace6f7421a155179cd7041a403070ef353,c59735a496c77fb44922a9cdd89a3a1b94d2f37ab6d19f1504092be75c02c5a1,43f16bf07221b2f412fb608c2a5863ff43444382d10072ffd2b9da0acb3c538b,912,909,297,139
150,in-house,166,O=C(C1=C(CCC(CCCC)CC)SC(CCC(CC)CCCC)=C1C2=O)C(C2=C(C3)C(C4)=CC=C4C5=CC6=C(C(C7=CC=C(CCC(CCCC)CC)S7)=C8C=CSC8=C6C9=CC=C(CCC(CCCC)CC)S9)S5)=C3C%10=CC=CS%10,O=C(C1=CC=CC=C1C/2=C(C#N)/C#N)C2=C/C3=CC(SC4C5C(C)=C(C(C6=CC=C(C=C6)CCCCCC)(C7=CC=C(C=C7)CCCCCC)C8=CSC9=C8SC(/C=C%10C(C(C=CC=C%11)=C%11C\%10=C(C#N)/C#N)=C)=C9)C=C(C)C5C(C%12=CC=C(C=C%12)CCCCCC)(C%13=CC=C(C=C%13)CCCCCC)C%144)=C%14S3,12.1,O=C(C1=C(CCC(CCCC)CC)SC(CCC(CC)CCCC)=C1C2=O)C(C2=C(C3)C(C4)=CC=C4C5=CC6=C(C(C7=CC=C(CCC(CCCC)CC)S7)=C8C=CSC8=C6C9=CC=C(CCC(CCCC)CC)S9)S5)=C3C%10=CC=CS%10||O=C(C1=CC=CC=C1C/2=C(C#N)/C#N)C2=C/C3=CC(SC4C5C(C)=C(C(C6=CC=C(C=C6)CCCCCC)(C7=CC=C(C=C7)CCCCCC)C8=CSC9=C8SC(/C=C%10C(C(C=CC=C%11)=C%11C\%10=C(C#N)/C#N)=C)=C9)C=C(C)C5C(C%12=CC=C(C=C%12)CCCCCC)(C%13=CC=C(C=C%13)CCCCCC)C%144)=C%14S3,6f31f3770fd225e382586e20513744e11a328b7cc74c758d48628417c600a02b,83d12c8a518aebb2c9e097cdd9cd4e855fadbb8bad16c860293e67b74eecaf00,83e2880308090855287decda57a8910d5eb34019a90dfe020ec789d602e3379a,8935d09f47c7dceae59e709e03ea3e84a442cd5d161b36f14fceac9991de7f1f,f393543c28a2f86a6b275fe2753dd055d04550e9c35d0a021e074ea15e7ceac3,600,645,1139,140
151,in-house,167,FC1=C(C(OCC(CCCC)CC)=O)SC2=CSC(C3=CC4=C(C5=C(C(C6=CC=C(CC(CC)CCCC)S6)=C4S3)C=CS5)C7=CC=C(CC(CC)CCCC)S7)=C12,O=C(C1=C(C=CC=C1F)C/2=C(C#N)/C#N)C2=C/C3=CC(OCC(CCCC)CC)=C(C4=CC5=C(C6=CC(C(C7=CC=C(C=C7)CCCCCC)(C8=C9SC(C%10=C(OCC(CC)CC)C=C(/C=C%11C(C(C(F)=CC=C%12)=C%12C\%11=C(C#N)\[N+]#[C-])=O)S%10)=C8)C%13=CC=C(C=C%13)CCCCCC)=C9C=C6C(C%14=CC=C(C=C%14)CCCCCC)5C%15=CC=C(C=C%15)CCCCCC)S4)S3,12.1,FC1=C(C(OCC(CCCC)CC)=O)SC2=CSC(C3=CC4=C(C5=C(C(C6=CC=C(CC(CC)CCCC)S6)=C4S3)C=CS5)C7=CC=C(CC(CC)CCCC)S7)=C12||O=C(C1=C(C=CC=C1F)C/2=C(C#N)/C#N)C2=C/C3=CC(OCC(CCCC)CC)=C(C4=CC5=C(C6=CC(C(C7=CC=C(C=C7)CCCCCC)(C8=C9SC(C%10=C(OCC(CC)CC)C=C(/C=C%11C(C(C(F)=CC=C%12)=C%12C\%11=C(C#N)\[N+]#[C-])=O)S%10)=C8)C%13=CC=C(C=C%13)CCCCCC)=C9C=C6C(C%14=CC=C(C=C%14)CCCCCC)5C%15=CC=C(C=C%15)CCCCCC)S4)S3,2249a87c8fc0450476e55f070a85b71ffa6beb368356c28f1302bad8bac422cb,1f4bb12ffeb3ee6abfe0c874779869595ce73f8caf9333f4e87d8115647d391d,5998b178af6efdb203c004d5c6493dbea6138bf6a65227898ad31c7dd9950e5d,afbccef8b7da8356fe4c9edc191d9174c3a1f4b09da0f4ef22ac1dfa83eef4ad,f49c9dfa21be475f2774e3db8423b3cd163d4ff97a290d0bb021a1a76521dcff,405,800,1146,141
152,in-house,168,O=C(C1=C(CCC(CCCC)CC)SC(CCC(CC)CCCC)=C1C2=O)C(C2=C(C3)C(C4)=CC=C4C5=CC6=C(C(C7=CC=C(CCC(CCCC)CC)S7)=C8C=CSC8=C6C9=CC=C(CCC(CCCC)CC)S9)S5)=C3C%10=CC=CS%10,O=C(C1=C(C=C(Cl)C(Cl)=C1)C/2=C(C#N)\C#N)C2=C/C3=CC(C4(CCCCCCCC)CCCCCCCC)=C(S3)C(S5)=C4C=C5C(C6=NSN=C6C(C7=CC8=C(C9=C(C8(CCCCCCCC)CCCCCCCC)C=C(/C=C%10C(C(C=C(Cl)C(Cl)=C%11)=C%11C\%10=C(C#N)\C#N)=O)S9)S7)=C%12OCCCCCCCC)=C%12OCCCCCCCC,12.1,O=C(C1=C(CCC(CCCC)CC)SC(CCC(CC)CCCC)=C1C2=O)C(C2=C(C3)C(C4)=CC=C4C5=CC6=C(C(C7=CC=C(CCC(CCCC)CC)S7)=C8C=CSC8=C6C9=CC=C(CCC(CCCC)CC)S9)S5)=C3C%10=CC=CS%10||O=C(C1=C(C=C(Cl)C(Cl)=C1)C/2=C(C#N)\C#N)C2=C/C3=CC(C4(CCCCCCCC)CCCCCCCC)=C(S3)C(S5)=C4C=C5C(C6=NSN=C6C(C7=CC8=C(C9=C(C8(CCCCCCCC)CCCCCCCC)C=C(/C=C%10C(C(C=C(Cl)C(Cl)=C%11)=C%11C\%10=C(C#N)\C#N)=O)S9)S7)=C%12OCCCCCCCC)=C%12OCCCCCCCC,6f31f3770fd225e382586e20513744e11a328b7cc74c758d48628417c600a02b,7499c831ed58587f7922ba05152e3fb4241d09003a6ca62d789e85bca6bb454f,c10743854323f926c536e147f43926ad84deeca3fb2d3b924f68b1e1c5d68290,cf76da62abfd680dd32a9a6085a134f37624cecd7ea1378184b20c5841944276,947c51a7055b9f78d4f1e7fedae066bf9c31c5a2d9fa5e12ee244964e190b00c,917,956,675,142
153,in-house,169,CC1=CC(C(S1)=C(C2=C3SC(C(S4)=CC=C4C5=C6C(C(C7=C(SC(CC(CC)CCCCC)=C7C6=O)CC(CC)CCCCC)=O)=C(C8=CC=C(C)S8)S5)=C2)C9=CC(C=C(C=C%10)B=O)=C%10S9)=C3C%11=CC(C=C(C=C%12)B=O)=C%12S%11,O=C(C1=CC=CC=C1C/2=C(C#N)/C#N)C2=C/C3=CC(SC4C5C(C)=C(C(C6=CC=C(C=C6)CCCCCC)(C7=CC=C(C=C7)CCCCCC)C8=CSC9=C8SC(/C=C%10C(C(C=CC=C%11)=C%11C\%10=C(C#N)/C#N)=C)=C9)C=C(C)C5C(C%12=CC=C(C=C%12)CCCCCC)(C%13=CC=C(C=C%13)CCCCCC)C%144)=C%14S3,12.1,CC1=CC(C(S1)=C(C2=C3SC(C(S4)=CC=C4C5=C6C(C(C7=C(SC(CC(CC)CCCCC)=C7C6=O)CC(CC)CCCCC)=O)=C(C8=CC=C(C)S8)S5)=C2)C9=CC(C=C(C=C%10)B=O)=C%10S9)=C3C%11=CC(C=C(C=C%12)B=O)=C%12S%11||O=C(C1=CC=CC=C1C/2=C(C#N)/C#N)C2=C/C3=CC(SC4C5C(C)=C(C(C6=CC=C(C=C6)CCCCCC)(C7=CC=C(C=C7)CCCCCC)C8=CSC9=C8SC(/C=C%10C(C(C=CC=C%11)=C%11C\%10=C(C#N)/C#N)=C)=C9)C=C(C)C5C(C%12=CC=C(C=C%12)CCCCCC)(C%13=CC=C(C=C%13)CCCCCC)C%144)=C%14S3,e1ef03cb2737237547b8f659bb0c27d945e07cc4eebc1a75c4c26dd6b549d6a0,83d12c8a518aebb2c9e097cdd9cd4e855fadbb8bad16c860293e67b74eecaf00,34d1bf80da5d4c94878c31563e4d77d8504924042d91bf15f3cf547628977948,68a22d83caf22e4fc0ae4a6d23e9bedcb40e499a8453a3594e1af6740a149c0b,fc4757068a2be763eeaead732ff5c4df1457e520b6bb0ebebbda494c53cadf8b,234,505,1177,143
154,in-house,170,FC(C(F)=C(C1=N2)C3=CC=C(S3)C4=CC5=C(C6=C(C(C7=CC(Cl)=C(S7)CC(CCCC)CC)=C5S4)C=C(C)S6)C8=CC(Cl)=C(S8)CC(CCCC)CC)=C(C9=CC=C(C)S9)C1=NN2CCC(CCCCCCCCCC)CCCCCCCC,c1(cc2c(cc1F)C(=O)/C(=C\c1cc3c(s1)c1c(s3)c3c(C1(c1ccc(cc1)CCCCCC)c1ccc(cc1)CCCCCC)cc1c(c3)C(c3c1sc1c3sc(c1)/C=C/1\C(=O)c3c(C1=C(C#N)C#N)cc(c(c3)F)F)(c1ccc(cc1)CCCCCC)c1ccc(cc1)CCCCCC)/C2=C(C#N)C#N)F,12.1,FC(C(F)=C(C1=N2)C3=CC=C(S3)C4=CC5=C(C6=C(C(C7=CC(Cl)=C(S7)CC(CCCC)CC)=C5S4)C=C(C)S6)C8=CC(Cl)=C(S8)CC(CCCC)CC)=C(C9=CC=C(C)S9)C1=NN2CCC(CCCCCCCCCC)CCCCCCCC||c1(cc2c(cc1F)C(=O)/C(=C\c1cc3c(s1)c1c(s3)c3c(C1(c1ccc(cc1)CCCCCC)c1ccc(cc1)CCCCCC)cc1c(c3)C(c3c1sc1c3sc(c1)/C=C/1\C(=O)c3c(C1=C(C#N)C#N)cc(c(c3)F)F)(c1ccc(cc1)CCCCCC)c1ccc(cc1)CCCCCC)/C2=C(C#N)C#N)F,b24b4e9aa4a16946a0c7c88634b4e17dcd8edc4c5829fff92fa8d0153f9bda5f,69e17d1724b4236f68d0c6efb6ad16969f13f8980d301d0056747038b20f0c8d,28b55f5b9f85e9c457287eafcce22d5755dbbc6d3f6b8927bf44384b8f6fd36f,ecc17bfcc47bd3721f3f4df6b8e0ab02efd80bdc3d7e6cb188e9d92d7079ff63,21dbce05cc4c37297a77239175630beee17579749b12c60d59373610bafa1107,175,1095,138,144
155,in-house,171,FC(C(F)=C(C1=NN(N=C21)CCC(CCCC)CCCCCC)C3=CC=C(S3)C)=C2C(S4)=CC=C4C5=CC(C(CCCC(CCCCCC)CCCC)=C6SC(C)=CC6=C7CCCC(CCCC)CCCCCC)=C7S5,O=C(C1=C(C=CC(F)=C1)C/2=C(C#N)\C#N)C2=C/C3=CC4=C(C(C5(C6=CC=C(S6)CCCCCC)C(S7)=CC=C7CCCCCC)=C(C(C=C8C9(C%10=CC=C(S%10)CCCCCC)C%11=CC=C(S%11)CCCCCC)=C5C=C8C%12=C9C%13=C(C=C(S%13)/C=C%14C(C%15=C(C=CC(F)=C%15)C\%14=C(C#N)\C#N)=O)S%12)S4)S3,12.1,FC(C(F)=C(C1=NN(N=C21)CCC(CCCC)CCCCCC)C3=CC=C(S3)C)=C2C(S4)=CC=C4C5=CC(C(CCCC(CCCCCC)CCCC)=C6SC(C)=CC6=C7CCCC(CCCC)CCCCCC)=C7S5||O=C(C1=C(C=CC(F)=C1)C/2=C(C#N)\C#N)C2=C/C3=CC4=C(C(C5(C6=CC=C(S6)CCCCCC)C(S7)=CC=C7CCCCCC)=C(C(C=C8C9(C%10=CC=C(S%10)CCCCCC)C%11=CC=C(S%11)CCCCCC)=C5C=C8C%12=C9C%13=C(C=C(S%13)/C=C%14C(C%15=C(C=CC(F)=C%15)C\%14=C(C#N)\C#N)=O)S%12)S4)S3,45e95ea37da5bc3e18f2c067cb95f73c851335176098d8fca22fcb29952b2779,7bfd69f27d6b0351dc30d0a0759e92f60141f7c70bda35cd3ee2c2b4e0155935,8439d21537f625593e72dc0b03facd62879fc938b01360ed3ae4848526bb5a3e,6bf40a3e188b66cae50f5eb36dc1ab08ab81a5515c7d9527e4c06842d99308b2,d4b64e34aa113163de951e4e89fcae524e30e1b8a237f1cb09a1da539c75aae9,604,524,973,145
156,in-house,172,FC(C(F)=C(C1=N2)C3=CC=C(S3)C4=CC5=C(C6=C(C(C(C=C7)=CC=C7C(C=C8)=CC=C8[S]CC(CCCCCC)CCCCCCCC)=C5S4)C=C(C)S6)C9=CC=C(C=C9)C%10=CC=C(C=C%10)[S]CC(CCCCCC)CCCCCCCC)=C(C%11=CC=C(C)S%11)C1=NN2CCC(CCCCCC)CCCCCCCC,c12cc3c(cc1C(c1c2sc2c1sc(c2)/C=C\1/C(=C(C#N)C#N)c2c(C1=O)cccc2)(c1ccc(cc1)CCCCCC)c1ccc(cc1)CCCCCC)c1c(C3(c2ccc(cc2)CCCCCC)c2ccc(cc2)CCCCCC)c2c(s1)cc(s2)/C=C\1/C(=C(C#N)C#N)c2c(C1=O)cccc2,12.09,FC(C(F)=C(C1=N2)C3=CC=C(S3)C4=CC5=C(C6=C(C(C(C=C7)=CC=C7C(C=C8)=CC=C8[S]CC(CCCCCC)CCCCCCCC)=C5S4)C=C(C)S6)C9=CC=C(C=C9)C%10=CC=C(C=C%10)[S]CC(CCCCCC)CCCCCCCC)=C(C%11=CC=C(C)S%11)C1=NN2CCC(CCCCCC)CCCCCCCC||c12cc3c(cc1C(c1c2sc2c1sc(c2)/C=C\1/C(=C(C#N)C#N)c2c(C1=O)cccc2)(c1ccc(cc1)CCCCCC)c1ccc(cc1)CCCCCC)c1c(C3(c2ccc(cc2)CCCCCC)c2ccc(cc2)CCCCCC)c2c(s1)cc(s2)/C=C\1/C(=C(C#N)C#N)c2c(C1=O)cccc2,d7622b27b612a35db25ae99958ddc49f2b5e7f3440a80b0ac39b41c29eec3a7a,202f8607af2cecb83e86b2e4305f8c7e2852bc709bb805b9055691d46a9081c5,c7116db2efc4ee428d371261f552935d733fd6e0674c5fea3c91f58ea7976bbe,f57eb143be45a759ec0c14cf503d748fb50dbcbb6ced1181ac322fddf148bd37,0bb2ecaa2b1ae524632a52860a755ae3cddc61d8e84bb70ae5c200e33cd61772,953,1143,59,146
157,in-house,173,CC1=CC2=C(S1)C(C3=CC=C([Si](CCC)(CCC)CCC)S3)=C4C=C(C5=CC=C(C6=C(F)C(F)=C(C7=CC=C(S7)C)C8=NN(CC(CCCCCCCC)CCCCCC)N=C68)S5)SC4=C2C9=CC=C([Si](CCC)(CCC)CCC)S9,O=C(C1=C(C)SC=C1C/2=C(C#N)\C#N)C2=C\C3=CC(SC4=C5C(C6=CC(CCCCCC)=CC=C6)(C7=CC=CC(CCCCCC)=C7)C(C4=C8)=CC9=C8C(C%10=CC(CCCCCC)=CC=C%10)(C%11=CC=CC(CCCCCC)=C%11)C%12=C9SC%13=C%12SC(/C=C%14C(C%15=C(C)SC=C%15C/%14=C(C#N)/C)=O)=C%13)=C5S3,12.08,CC1=CC2=C(S1)C(C3=CC=C([Si](CCC)(CCC)CCC)S3)=C4C=C(C5=CC=C(C6=C(F)C(F)=C(C7=CC=C(S7)C)C8=NN(CC(CCCCCCCC)CCCCCC)N=C68)S5)SC4=C2C9=CC=C([Si](CCC)(CCC)CCC)S9||O=C(C1=C(C)SC=C1C/2=C(C#N)\C#N)C2=C\C3=CC(SC4=C5C(C6=CC(CCCCCC)=CC=C6)(C7=CC=CC(CCCCCC)=C7)C(C4=C8)=CC9=C8C(C%10=CC(CCCCCC)=CC=C%10)(C%11=CC=CC(CCCCCC)=C%11)C%12=C9SC%13=C%12SC(/C=C%14C(C%15=C(C)SC=C%15C/%14=C(C#N)/C)=O)=C%13)=C5S3,eaf1916a35a7483d8caf5815ff5e1ea653d31569a8b350b0b99530cf692c3bfb,62ee87c3b4e940d4ddb918ce052acd78ac32943fc2f6a111e69904245d974104,b644e75d329ab672a0c21dbfef6ac599dce1c792b7823c9eeda05b98c06abbe8,69fa458d479c8fd9d5537e3c262d2e61744fd609da6f2ba7aef95a20764e3b6d,e7943dee0f682c4693a75fa9b4c53420bc0184aeab573f91e5c4a415ab341f0b,858,516,1077,147
158,in-house,174,O=C1C2=C(CC(CC)CCCC)SC(CC(CC)CCCC)=C2C(C3=C(C4=CC=C(C5=CC(C(C6=CC(F)=C(CC(CC)CCCC)S6)=C(SC=C7)C7=C8C9=CC(F)=C(CC(CC)CCCC)S9)=C8S5)S4)SC(C%10=CC=CS%10)=C31)=O,CCC(CCCC)CN1C2=C(C=C(C(C3=CC=C(CCCCCC)C=C3)(C4=CC=C(CCCCCC)C=C4)C5=C6SC7=C5SC(/C=C8C(C(C=C(F)C(F)=C9)=C9C\8=C(C#N)\C#N)=O)=C7)C6=C2)C%10=C1C=C(C%11=C%12C%13=C(C=C(S%13)/C=C%14C(C%15=CC([F])=C(C=C%15C\%14=C(C#N)/C#N)[F])=O)S%11)C(C%12(C%16=CC=C(CCCCCC)C=C%16)C%17CC=C(C=C%17)CCCCCC)=C%10,12.07,O=C1C2=C(CC(CC)CCCC)SC(CC(CC)CCCC)=C2C(C3=C(C4=CC=C(C5=CC(C(C6=CC(F)=C(CC(CC)CCCC)S6)=C(SC=C7)C7=C8C9=CC(F)=C(CC(CC)CCCC)S9)=C8S5)S4)SC(C%10=CC=CS%10)=C31)=O||CCC(CCCC)CN1C2=C(C=C(C(C3=CC=C(CCCCCC)C=C3)(C4=CC=C(CCCCCC)C=C4)C5=C6SC7=C5SC(/C=C8C(C(C=C(F)C(F)=C9)=C9C\8=C(C#N)\C#N)=O)=C7)C6=C2)C%10=C1C=C(C%11=C%12C%13=C(C=C(S%13)/C=C%14C(C%15=CC([F])=C(C=C%15C\%14=C(C#N)/C#N)[F])=O)S%11)C(C%12(C%16=CC=C(CCCCCC)C=C%16)C%17CC=C(C=C%17)CCCCCC)=C%10,65482d735aa1f382b817dd8d95b1689b39b0b3c26138949c2680844f1b1f5ea0,1eb9f9285acab9c61692d63082d3e5a2593a76024732c9b378f06d67375c43b9,b4ca651fc6368380bbdc81ef3733ccdb6670f10fc53be9d4396e88c16800337d,5572d9ea676f6ee70fc7bae921df97d9ae4cede08e96de005cbe6c4cbdd86243,1409199962d6071e8d18f121ce4a9386a1dc53db9ae02ed2f579f599fb994650,846,409,88,148
159,in-house,175,O=C(C1=C(CCC(CCCC)CC)SC(CCC(CC)CCCC)=C1C2=O)C(C2=C(C3)C(C4)=CC=C4C5=CC6=C(C(C7=CC=C(CCC(CCCC)CC)S7)=C8C=CSC8=C6C9=CC=C(CCC(CCCC)CC)S9)S5)=C3C%10=CC=CS%10,O=C(C(C=CC=C1)=C1C/2=C(C#N)\C#N)C2=C/C3=CC4=C(C5=C(S4)C6=C(C(C7=CC=C(CCCCCC)C=C7)5C8=CC=C(CCCCCC)C=C8)C=C(C9=C(C(C%10=CC=C(C=C%10)CCCCCC)%11C%12=CC=C(C=C%12)CCCCCC)C(S%13)=C(S9)C=C%13/C=C(C%14=O)/C(C(C=C%15OC)=C%14C=C%15OC)=C(C#N)\C#N)C%11=C6)S3,12.07,O=C(C1=C(CCC(CCCC)CC)SC(CCC(CC)CCCC)=C1C2=O)C(C2=C(C3)C(C4)=CC=C4C5=CC6=C(C(C7=CC=C(CCC(CCCC)CC)S7)=C8C=CSC8=C6C9=CC=C(CCC(CCCC)CC)S9)S5)=C3C%10=CC=CS%10||O=C(C(C=CC=C1)=C1C/2=C(C#N)\C#N)C2=C/C3=CC4=C(C5=C(S4)C6=C(C(C7=CC=C(CCCCCC)C=C7)5C8=CC=C(CCCCCC)C=C8)C=C(C9=C(C(C%10=CC=C(C=C%10)CCCCCC)%11C%12=CC=C(C=C%12)CCCCCC)C(S%13)=C(S9)C=C%13/C=C(C%14=O)/C(C(C=C%15OC)=C%14C=C%15OC)=C(C#N)\C#N)C%11=C6)S3,6f31f3770fd225e382586e20513744e11a328b7cc74c758d48628417c600a02b,8726e834581d20b8d3fed5716de664f1fa1c0e0dd81a7d6e4958ce75eba92d80,803b9635ee93c831861d67f50cd50931a07e98713d44f4471fc6b3c7afaf63c3,9fd80e66667d909536d05c8fafbb85c7406da2272ac0ac4760c66b4daa5e7f3d,00f6699231feeb50d70bfc979e442a7fd8336e33e940f969e0d97eb40a19b3cb,586,748,4,149
160,in-house,176,O=C(C1=C(CCC(CCCC)CC)SC(CCC(CC)CCCC)=C1C2=O)C(C2=C(C3)C(C4)=CC=C4C5=CC6=C(C(C7=CC=C(CCC(CCCC)CC)S7)=C8C=CSC8=C6C9=CC=C(CCC(CCCC)CC)S9)S5)=C3C%10=CC=CS%10,c1cc(c2c(c1C=C(C#N)C#N)nsn2)c1sc(cc1)c1cc2c(cc1)c1c([C@@]2(C[C@@H](CC)CCCC)C[C@H](CC)CCCC)cc(s1)c1c2c(c(cc1)C=C(C#N)C#N)nsn2,12.07,O=C(C1=C(CCC(CCCC)CC)SC(CCC(CC)CCCC)=C1C2=O)C(C2=C(C3)C(C4)=CC=C4C5=CC6=C(C(C7=CC=C(CCC(CCCC)CC)S7)=C8C=CSC8=C6C9=CC=C(CCC(CCCC)CC)S9)S5)=C3C%10=CC=CS%10||c1cc(c2c(c1C=C(C#N)C#N)nsn2)c1sc(cc1)c1cc2c(cc1)c1c([C@@]2(C[C@@H](CC)CCCC)C[C@H](CC)CCCC)cc(s1)c1c2c(c(cc1)C=C(C#N)C#N)nsn2,6f31f3770fd225e382586e20513744e11a328b7cc74c758d48628417c600a02b,bedf5079ebc0e6d10806aa1c5a2e9a6816472a6ac3cd0bb1088e66dd908b9154,39f8cfcb597cd9a855e5c7ec8b352d5bac7938a91a062b1c37284e3996556460,56de1ed3d892e06760e4c30ec32e02a229e7ba337ed0d3eef4d1e99b39b61913,7360072039ffa5d7aed7f7a02b77f3f54014708482f5a90a9dea29f3aa905999,256,417,524,150
161,in-house,177,O=C(C1=C(CCC(CCCC)CC)SC(CCC(CC)CCCC)=C1C2=O)C(C2=C(C3)C(C4)=CC=C4C5=CC6=C(C(C7=CC=C(CCC(CCCC)CC)S7)=C8C=CSC8=C6C9=CC=C(CCC(CCCC)CC)S9)S5)=C3C%10=CC=CS%10,O=C(C1=C(C(C=CC=C2)=C2S1)C/3=C(C#N)/C#N)C3=C/C4=CC5=C(C6=C(C5(C7=CC=C(C=C7)CCCCCCCC)C8=CC=C(C=C8)CCCCCCCC)C9=C(C=C%10C%11=C(SC%10=C9)C%12=C(C=C(/C=C%13/C(C%14=C(C%13=O)C(C=CC=C%15)=C%15S%14)=C(C#N)\C#N)S%12)C%11(C(C=C%16)=CC=C%16CCCCCCCC)C%17=CC=C(C=C%17)CCCCCCCC)S6)S4,12.07,O=C(C1=C(CCC(CCCC)CC)SC(CCC(CC)CCCC)=C1C2=O)C(C2=C(C3)C(C4)=CC=C4C5=CC6=C(C(C7=CC=C(CCC(CCCC)CC)S7)=C8C=CSC8=C6C9=CC=C(CCC(CCCC)CC)S9)S5)=C3C%10=CC=CS%10||O=C(C1=C(C(C=CC=C2)=C2S1)C/3=C(C#N)/C#N)C3=C/C4=CC5=C(C6=C(C5(C7=CC=C(C=C7)CCCCCCCC)C8=CC=C(C=C8)CCCCCCCC)C9=C(C=C%10C%11=C(SC%10=C9)C%12=C(C=C(/C=C%13/C(C%14=C(C%13=O)C(C=CC=C%15)=C%15S%14)=C(C#N)\C#N)S%12)C%11(C(C=C%16)=CC=C%16CCCCCCCC)C%17=CC=C(C=C%17)CCCCCCCC)S6)S4,6f31f3770fd225e382586e20513744e11a328b7cc74c758d48628417c600a02b,0050e7086793fda1270635c2dba417675d8dec9855ab600970483eec52839ca0,ef4341f833071d21e32968bd75cff00dba52fedd6ee3cebe0e02aa755acfd445,5fda9dd99ba5c1ce977c0448f9e163abda9b2ddc72eb619dac0f2cce9701c073,2e51c7bb495b7fd4da8f7349ba3a8916466d26ffcc5c6fdc81953977b30f1f58,1127,456,206,151
162,in-house,178,O=C(C1=C(CCC(CCCC)CC)SC(CCC(CC)CCCC)=C1C2=O)C(C2=C(C3)C(C4)=CC=C4C5=CC6=C(C(C7=CC=C(CCC(CCCC)CC)S7)=C8C=CSC8=C6C9=CC=C(CCC(CCCC)CC)S9)S5)=C3C%10=CC=CS%10,O=C(C1=CC=C(Br)C=C1C/2=C(C#N)/C#N)C2=C/C3=CC4=C(S3)C5=CC6=C(C=C5C4(CCCCCCCC)CCCCCCCC)C7=C(C=C8C9=C(C=C(S9)/C=C%10C(C%11=CC=C(Br)C=C%11C\%10=C(C#N)/C#N)=O)C(CCCCCCCC)(CCCCCCCC)C8=C7)C(CCCCCCCC)6CCCCCCCC,12.05,O=C(C1=C(CCC(CCCC)CC)SC(CCC(CC)CCCC)=C1C2=O)C(C2=C(C3)C(C4)=CC=C4C5=CC6=C(C(C7=CC=C(CCC(CCCC)CC)S7)=C8C=CSC8=C6C9=CC=C(CCC(CCCC)CC)S9)S5)=C3C%10=CC=CS%10||O=C(C1=CC=C(Br)C=C1C/2=C(C#N)/C#N)C2=C/C3=CC4=C(S3)C5=CC6=C(C=C5C4(CCCCCCCC)CCCCCCCC)C7=C(C=C8C9=C(C=C(S9)/C=C%10C(C%11=CC=C(Br)C=C%11C\%10=C(C#N)/C#N)=O)C(CCCCCCCC)(CCCCCCCC)C8=C7)C(CCCCCCCC)6CCCCCCCC,6f31f3770fd225e382586e20513744e11a328b7cc74c758d48628417c600a02b,623327283cbedaa67576c620ab49d7433371d101f7f3a4a5d921af497dd94ada,d8d2d0ebf59076aa93fd21d785bac405201f8dcce8940b6a08a3bf7d22db0415,7cec4ba9315534c72c86221d56937da26eda15659591242905fb1f1c6c26cf98,bfb9701328eadaab6238981f00acd1b4353c901e84241c94384ea0d41f5c1e4d,1027,596,887,152
163,in-house,179,O=C(C1=C(CC(CCCC)CC)SC(CC(CCCC)CC)=C12)C3=C(C4=CC=CS4)SC(C(S5)=CC=C5C6=CC7=C(C8=CC=C(CC(CCCC)CCCCCC)C=C8)C(SC=C9)=C9C(C%10=CC=C(CC(CCCCCC)CCCC)C=C%10)=C7S6)=C3C2=O,O=C1C(/C(C2=C1C=C(F)C(F)=C2)=C(C#N)/C#N)=C\C3=CC4=C(S3)C(C(C5=CC=C(CCCCCC)C=C5)(C6=CC7=C(C(C8=CC=C(CCCCCC)C=C8)(C9=C7SC%10=C9SC%11=C%10SC(/C=C%12C(C(C=C(F)C(F)=C%13)=C%13C\%12=C(C#N)\C#N)=O)=C%11)C%14=CC=C(CCCCCC)C=C%14)C=C6%15)C%16=CC=C(CCCCCC)C=C%16)=C%15S4,12.05,O=C(C1=C(CC(CCCC)CC)SC(CC(CCCC)CC)=C12)C3=C(C4=CC=CS4)SC(C(S5)=CC=C5C6=CC7=C(C8=CC=C(CC(CCCC)CCCCCC)C=C8)C(SC=C9)=C9C(C%10=CC=C(CC(CCCCCC)CCCC)C=C%10)=C7S6)=C3C2=O||O=C1C(/C(C2=C1C=C(F)C(F)=C2)=C(C#N)/C#N)=C\C3=CC4=C(S3)C(C(C5=CC=C(CCCCCC)C=C5)(C6=CC7=C(C(C8=CC=C(CCCCCC)C=C8)(C9=C7SC%10=C9SC%11=C%10SC(/C=C%12C(C(C=C(F)C(F)=C%13)=C%13C\%12=C(C#N)\C#N)=O)=C%11)C%14=CC=C(CCCCCC)C=C%14)C=C6%15)C%16=CC=C(CCCCCC)C=C%16)=C%15S4,826e531b71e4c0ef06b575364b50a339b3da70c19584a5cd5231c22bd6d85201,132c1283d735deec68066958536132894af7531d023de53166a6731adbe26e7f,f4eea236b4f4401677784edc0cdffe5212048cb6a619564798bff3709994f7d0,f0d2434ef0bba0043271a81dc231b32d973374a71d25a8715eac58305aa864e7,5496d12ac2ecd696be9cca93874b59fe28aa6c212baa22f97b2da53452890aac,1147,1120,380,153
164,in-house,180,O=C1C2=C(CC(CC)CCCC)SC(CC(CC)CCCC)=C2C(C3=C(C4=CC=C(C5=CC(C(C6=CC(F)=C(CC(CC)CCCC)S6)=C(SC=C7)C7=C8C9=CC(F)=C(CC(CC)CCCC)S9)=C8S5)S4)SC(C%10=CC=CS%10)=C31)=O,O=C(C1=CSC=C1C/2=C(C#N)\C#N)C2=C/C3=CC(SC(C4=CC5=C(C6=C(C5(C7=CC=C(C=C7)CCCCCC)C8=CC=C(C=C8)CCCCCC)C9=C(C=C(S9)/C=C%10C(C%11=CSC=C%11C\%10=C(C#N)\C#N)=O)S6)C=C4%12)=C%13C%12(C%14=CC=C(C=C%14)CCCCCC)C(C=C%15)=CC=C%15CCCCCC)=C%13S3,12.05,O=C1C2=C(CC(CC)CCCC)SC(CC(CC)CCCC)=C2C(C3=C(C4=CC=C(C5=CC(C(C6=CC(F)=C(CC(CC)CCCC)S6)=C(SC=C7)C7=C8C9=CC(F)=C(CC(CC)CCCC)S9)=C8S5)S4)SC(C%10=CC=CS%10)=C31)=O||O=C(C1=CSC=C1C/2=C(C#N)\C#N)C2=C/C3=CC(SC(C4=CC5=C(C6=C(C5(C7=CC=C(C=C7)CCCCCC)C8=CC=C(C=C8)CCCCCC)C9=C(C=C(S9)/C=C%10C(C%11=CSC=C%11C\%10=C(C#N)\C#N)=O)S6)C=C4%12)=C%13C%12(C%14=CC=C(C=C%14)CCCCCC)C(C=C%15)=CC=C%15CCCCCC)=C%13S3,65482d735aa1f382b817dd8d95b1689b39b0b3c26138949c2680844f1b1f5ea0,a3406b5e4edefe3e2c4839b86eca3cc419dcab58dd63484cd2852f990ceb7789,e091c792995186f3134a74b0515b34ae370929c3fe63d539e590a95490aa44a4,f392a33f43ef35d60e2189892b0bb2e377102b3cdb62961f7f37b57cd5f653a3,5ad363a06bd7e8f73a385118c2b74d44545fa7d327409c5c1eca796d7487b0e8,1063,1134,407,125
165,in-house,181,FC(C=C(C1=C2C(C=C(S2)CSC3=C(CCCCCC)C(SC(C4=CC=C(/C(C(N5CC(CCCCCC)CCCCCCCC)=O)=C6C(N(CC(CCCCCC)CCCCCCCC)C7=C\6C=CC(C8=CC9=C(C(CCCCCC)=C(C)S9)S8)=C7)=O)C5=C4)=C%10)=C%10S3)=C(C%11=CC(F)=C(SCC(CC)CC)S%11)C%12=C1C=C(C)S%12)S%13)=C%13SCC(CCCC)CC,O=C(C/1=C\C2=C(C3=C(S2)C(N4C5=CC=C(CCCCCC)C=C5)=C(C6=C4C7=C(C8=NSN=C68)C(SC9=C%10SC(/C=C%11C(C%12=CC(F)=C(C=C%12C\%11=C(C#N)/C#N)F)=O)=C9CCCCCCCCCCC)=C%10N7C%13=CC=C(CCCCCC)C=C%13)S3)CCCCCCCCCCC)C%14=CC(F)=C(F)C=C%14C1=C(C#N)/C#N,12.03,FC(C=C(C1=C2C(C=C(S2)CSC3=C(CCCCCC)C(SC(C4=CC=C(/C(C(N5CC(CCCCCC)CCCCCCCC)=O)=C6C(N(CC(CCCCCC)CCCCCCCC)C7=C\6C=CC(C8=CC9=C(C(CCCCCC)=C(C)S9)S8)=C7)=O)C5=C4)=C%10)=C%10S3)=C(C%11=CC(F)=C(SCC(CC)CC)S%11)C%12=C1C=C(C)S%12)S%13)=C%13SCC(CCCC)CC||O=C(C/1=C\C2=C(C3=C(S2)C(N4C5=CC=C(CCCCCC)C=C5)=C(C6=C4C7=C(C8=NSN=C68)C(SC9=C%10SC(/C=C%11C(C%12=CC(F)=C(C=C%12C\%11=C(C#N)/C#N)F)=O)=C9CCCCCCCCCCC)=C%10N7C%13=CC=C(CCCCCC)C=C%13)S3)CCCCCCCCCCC)C%14=CC(F)=C(F)C=C%14C1=C(C#N)/C#N,347b7afeb07292ecd70df1f3496576eb973345888c3e67495806412c0b26ffe4,3bc5e962960694d5a8c90d751d3f10c939059169c6882aed8bdcfb92d36d6776,8a047934b60cc03943a4906ed2f31aaac3120aed302f2ee380ad8acd68515117,d54ee48652720333d9482fdbb6663cfcda59efa379f5c9172be2d4d4f88ce7bd,4b8b6a0bab80ad94a1b746e9547cb5572b474b615c7f864620f8da8c8d34ac4a,628,988,330,154
166,in-house,182,O=C(C1=C(CC(CCCC)CC)SC(CC(CCCC)CC)=C12)C3=C(C4=CC=CS4)SC(C(S5)=CC=C5C6=CC7=C(C8=CC=C(CC(CCCC)CCCCCC)C=C8)C(SC=C9)=C9C(C%10=CC=C(CC(CCCCCC)CCCC)C=C%10)=C7S6)=C3C2=O,O=C(C1=C(C=C(F)C=C1)C/2=C(C#N)\C#N)C2=C/C3=CC(C4(C5=CC=C(C=C5)CCCCCC)C(C=C6)=CC=C6CCCCCC)=C(C(C=C7C8(C9=CC=C(CCCCCC)C=C9)C%10=CC=C(CCCCCC)C=C%10)=C4C=C7C%11=C8C%12=C(C(SC(/C=C%13C(C%14=C(C=CC(F)=C%14)C\%13=C(C#N)\C#N)=O)=C%15)=C%15S%12)S%11)S3,12.03,O=C(C1=C(CC(CCCC)CC)SC(CC(CCCC)CC)=C12)C3=C(C4=CC=CS4)SC(C(S5)=CC=C5C6=CC7=C(C8=CC=C(CC(CCCC)CCCCCC)C=C8)C(SC=C9)=C9C(C%10=CC=C(CC(CCCCCC)CCCC)C=C%10)=C7S6)=C3C2=O||O=C(C1=C(C=C(F)C=C1)C/2=C(C#N)\C#N)C2=C/C3=CC(C4(C5=CC=C(C=C5)CCCCCC)C(C=C6)=CC=C6CCCCCC)=C(C(C=C7C8(C9=CC=C(CCCCCC)C=C9)C%10=CC=C(CCCCCC)C=C%10)=C4C=C7C%11=C8C%12=C(C(SC(/C=C%13C(C%14=C(C=CC(F)=C%14)C\%13=C(C#N)\C#N)=O)=C%15)=C%15S%12)S%11)S3,826e531b71e4c0ef06b575364b50a339b3da70c19584a5cd5231c22bd6d85201,2f91cf219817274de9e022cb33d1290f06a84045b74706319eb233824da17bbc,f969e65b84f3d967e41282960df4d6e80ecf642197636eb0f440c0667064b17b,d4a6e1cf7c4d1a45dfe85825116355a003c1cedc20f80327b525c1918b5a9e61,62c4fcc4219197624e16054f9366789cef999ed92f043f11270b94dd5af54b42,1162,982,446,155
167,in-house,183,CC1=C(F)C=C(S1)C2=C3C=C(SC3=C(C4=C2SC(C5=CC=C(S5)C6=C(C(F)=C(C(N=C7C8=CC=CC(OCCCCCCCC)=C8)=C6N=C7C9=CC=CC(OCCCCCCCC)=C9)C%10=CC=C(C)S%10)F)=C4)C%11=CC(F)=C(S%11)C)C,O=C(C/1=C\C2=C(C3=C(S2)C(N4C5=CC=C(CCCCCC)C=C5)=C(C6=C4C7=C(C8=NSN=C68)C(SC9=C%10SC(/C=C%11C(C%12=CC(F)=C(C=C%12C\%11=C(C#N)/C#N)F)=O)=C9CCCCCCCCCCC)=C%10N7C%13=CC=C(CCCCCC)C=C%13)S3)CCCCCCCCCCC)C%14=CC(F)=C(F)C=C%14C1=C(C#N)/C#N,12.02,CC1=C(F)C=C(S1)C2=C3C=C(SC3=C(C4=C2SC(C5=CC=C(S5)C6=C(C(F)=C(C(N=C7C8=CC=CC(OCCCCCCCC)=C8)=C6N=C7C9=CC=CC(OCCCCCCCC)=C9)C%10=CC=C(C)S%10)F)=C4)C%11=CC(F)=C(S%11)C)C||O=C(C/1=C\C2=C(C3=C(S2)C(N4C5=CC=C(CCCCCC)C=C5)=C(C6=C4C7=C(C8=NSN=C68)C(SC9=C%10SC(/C=C%11C(C%12=CC(F)=C(C=C%12C\%11=C(C#N)/C#N)F)=O)=C9CCCCCCCCCCC)=C%10N7C%13=CC=C(CCCCCC)C=C%13)S3)CCCCCCCCCCC)C%14=CC(F)=C(F)C=C%14C1=C(C#N)/C#N,a34a1dafe7b3c6d66491950f892e8ca24375c2bb07400aa9ecf7dfe9f9e82581,3bc5e962960694d5a8c90d751d3f10c939059169c6882aed8bdcfb92d36d6776,07b706956c0b24bc701c0df612b9e5a5f8eefe39420be37d62e68d6300a8b4ac,ec0eea871d2660661668bf82f17af5e1cc2cda121243fedcd8a90854d2626d49,66816da5c61ecef624f63e6ed3afa5e807cea54a0a49c1b5bc253c6a715c28f3,30,1091,464,156
168,in-house,185,c1(c2c3c(c(c4c2cc(s4)c2ccc(s2)c2sc(c4c2C(=O)c2c(C4=O)c(sc2C[C@H](CCCC)CC)C[C@@H](CCCC)CC)c2cccs2)c2ccc(s2)[Si](CCC)(CCC)CCC)ccs3)ccc(s1)[Si](CCC)(CCC)CCC,N#C/C(C#N)=C(C1=CC=CC=C1C2=O)/C2=C/C3=CC4=C(C5=C(C=C6C(C(CCCCCC)(CCCCCC)C7=C6SC(/C=C8/C(C9=CC=CC=C9C8=O)=C(C#N)/C#N)=C7)=C5)C4(CCCCCC)CCCCCC)S3,12.01,c1(c2c3c(c(c4c2cc(s4)c2ccc(s2)c2sc(c4c2C(=O)c2c(C4=O)c(sc2C[C@H](CCCC)CC)C[C@@H](CCCC)CC)c2cccs2)c2ccc(s2)[Si](CCC)(CCC)CCC)ccs3)ccc(s1)[Si](CCC)(CCC)CCC||N#C/C(C#N)=C(C1=CC=CC=C1C2=O)/C2=C/C3=CC4=C(C5=C(C=C6C(C(CCCCCC)(CCCCCC)C7=C6SC(/C=C8/C(C9=CC=CC=C9C8=O)=C(C#N)/C#N)=C7)=C5)C4(CCCCCC)CCCCCC)S3,a1d99e49289aef264947fc7e358f0fa69e4dfc20aab51cea09200c8d35b55854,0cc00e1ba2d95fe8288dc072edf395ee6fc3678daa4e12f6703c7be7d2c5a409,31ced5837cf48d93a4bbcce3c506d2e866357b8e0a5dd9d42db3e279d33e7355,cc79344abf9f23acaa44ab4b1fb70de0f38c3e142fb9edb2912304a739c47522,2c0ad098445d95586ebb43621e50e4943e0bbae967f43d512904b66d3567d735,221,941,192,157
169,in-house,187,O=C(C1=C(CCC(CCCC)CC)SC(CCC(CC)CCCC)=C1C2=O)C(C2=C(C3)C(C4)=CC=C4C5=CC6=C(C(C7=CC=C(CCC(CCCC)CC)S7)=C8C=CSC8=C6C9=CC=C(CCC(CCCC)CC)S9)S5)=C3C%10=CC=CS%10,O=C(C1=C(C/2=C(C#N)\C#N)C=C(F)C(F)=C1)C2=C/C3=C(CCCCCC)C=C(C4=CC(C(C5=CC=C(C=C5)CCCCCC)(C(C=C6)=CC=C6CCCCCC)C(C7=C8)=C9SC7=CC%10=C8SC%11=C%10C(C%12=CC=C(C=C%12)CCCCCC)(C%13=CC=C(C=C%13)CCCCCC)C%14=C%11SC(C%15=CC(CCCCCC)=C(/C=C(C%16=O)/C(C%17=C%16C=C(F)C(F)=C%17)=C(C#N)/C#N)S%15)=C%14)=C9S4)S3,11.92,O=C(C1=C(CCC(CCCC)CC)SC(CCC(CC)CCCC)=C1C2=O)C(C2=C(C3)C(C4)=CC=C4C5=CC6=C(C(C7=CC=C(CCC(CCCC)CC)S7)=C8C=CSC8=C6C9=CC=C(CCC(CCCC)CC)S9)S5)=C3C%10=CC=CS%10||O=C(C1=C(C/2=C(C#N)\C#N)C=C(F)C(F)=C1)C2=C/C3=C(CCCCCC)C=C(C4=CC(C(C5=CC=C(C=C5)CCCCCC)(C(C=C6)=CC=C6CCCCCC)C(C7=C8)=C9SC7=CC%10=C8SC%11=C%10C(C%12=CC=C(C=C%12)CCCCCC)(C%13=CC=C(C=C%13)CCCCCC)C%14=C%11SC(C%15=CC(CCCCCC)=C(/C=C(C%16=O)/C(C%17=C%16C=C(F)C(F)=C%17)=C(C#N)/C#N)S%15)=C%14)=C9S4)S3,6f31f3770fd225e382586e20513744e11a328b7cc74c758d48628417c600a02b,f5b3744c5fc5bf6b858131c3a6a442a5c4726cbff036c95cf29761667c5fe9fd,99200ebcf23989042bdaa360d3a707533834c614428d40ccce3c76fc3c66bdb0,7db15bf476b75e1bfb3d251f43cb25e21fd49e4f6886c2771ae25a6d96bf2e4f,19fdd78abe0b20c69b27fcf7d1207412412982b6f13c623ebba261cbd865e6a2,700,600,111,158
170,in-house,189,O=C(C1=C(CCC(CCCC)CC)SC(CCC(CC)CCCC)=C1C2=O)C(C2=C(C3)C(C4)=CC=C4C5=CC6=C(C(C7=CC=C(CCC(CCCC)CC)S7)=C8C=CSC8=C6C9=CC=C(CCC(CCCC)CC)S9)S5)=C3C%10=CC=CS%10,CCCCCCC(C=C1)=CC=C1C2(C(C3=C(S4)C=C(S3)/C=C(C(C5=C6C=C(OC)C=C5)=O)\C6=C(C#N)\C#N)=C4C7=C2C=C(C8=C7)C9=C(C8(C%10=CC=C(C=C%10)CCCCCC)C%11=CC=C(C=C%11)CCCCCC)C%12=C(C=C(S%12)/C=C(/C(C%13=C%14C=CC(OC)=C%13)=C(C#N)\C#N)C%14=O)S9)C(C=C%15)=CC=C%15CCCCCC,11.9,O=C(C1=C(CCC(CCCC)CC)SC(CCC(CC)CCCC)=C1C2=O)C(C2=C(C3)C(C4)=CC=C4C5=CC6=C(C(C7=CC=C(CCC(CCCC)CC)S7)=C8C=CSC8=C6C9=CC=C(CCC(CCCC)CC)S9)S5)=C3C%10=CC=CS%10||CCCCCCC(C=C1)=CC=C1C2(C(C3=C(S4)C=C(S3)/C=C(C(C5=C6C=C(OC)C=C5)=O)\C6=C(C#N)\C#N)=C4C7=C2C=C(C8=C7)C9=C(C8(C%10=CC=C(C=C%10)CCCCCC)C%11=CC=C(C=C%11)CCCCCC)C%12=C(C=C(S%12)/C=C(/C(C%13=C%14C=CC(OC)=C%13)=C(C#N)\C#N)C%14=O)S9)C(C=C%15)=CC=C%15CCCCCC,6f31f3770fd225e382586e20513744e11a328b7cc74c758d48628417c600a02b,90b66b990952c976b5805cf32f37160a30a2cac3cf120fa1be31ef333c74460d,44fa7cda6ee1eaa553e8a0b31fe3c7267eecd5d18e6e3489e02b45f67d9ad0b5,cdbc4c184ea76d0de81b066cb2ff11190abb9246cd0383278267b118b0727658,11ffe63d57a74d6ecff01586c6e9c2e33ff6786a3c70ac3ce131699164d2e1d3,313,947,79,159
171,in-house,190,O=C(OCC(CCCC)CC)C(C=C(C)S1)=C1C2=CC=C(S2)C3=C(C(OCC(CCCC)CC)=O)C=C(C4=CC(C(C5=CC=C(S5)SCCCCCCCC)=C6SC(C)=CC6=C7C8=CC=C(S8)SCCCCCCCC)=C7S4)S3,O=C(C1=CC=CC=C1C/2=C(C#N)/C#N)C2=C/C3=CC(SC4C5C(C)=C(C(C6=CC=C(C=C6)CCCCCC)(C7=CC=C(C=C7)CCCCCC)C8=CSC9=C8SC(/C=C%10C(C(C=CC=C%11)=C%11C\%10=C(C#N)/C#N)=C)=C9)C=C(C)C5C(C%12=CC=C(C=C%12)CCCCCC)(C%13=CC=C(C=C%13)CCCCCC)C%144)=C%14S3,11.9,O=C(OCC(CCCC)CC)C(C=C(C)S1)=C1C2=CC=C(S2)C3=C(C(OCC(CCCC)CC)=O)C=C(C4=CC(C(C5=CC=C(S5)SCCCCCCCC)=C6SC(C)=CC6=C7C8=CC=C(S8)SCCCCCCCC)=C7S4)S3||O=C(C1=CC=CC=C1C/2=C(C#N)/C#N)C2=C/C3=CC(SC4C5C(C)=C(C(C6=CC=C(C=C6)CCCCCC)(C7=CC=C(C=C7)CCCCCC)C8=CSC9=C8SC(/C=C%10C(C(C=CC=C%11)=C%11C\%10=C(C#N)/C#N)=C)=C9)C=C(C)C5C(C%12=CC=C(C=C%12)CCCCCC)(C%13=CC=C(C=C%13)CCCCCC)C%144)=C%14S3,e9c866b85e2fb52ea87e023dc805f8b19801d0dceceb3bf4b9790d98cb31a343,83d12c8a518aebb2c9e097cdd9cd4e855fadbb8bad16c860293e67b74eecaf00,69c9137e4748df1cbbfd175148712bd740648ec08f7e2e8917c612db82b38921,69ebfa37e973fe02a12d3f4901cd025069856cc8a9577f486faabc61a277a586,b1ff3902740d12cb880a70880cbbee73b4da55319d97ec7f9b1b62ce5b8fadb9,480,514,821,160
172,in-house,191,S=C(N1CCCCCC)S/C(C1=O)=C\C(S2)=CC=C2C3=C(CCCCCC)C=C(S3)C(SC(C4=CC5=C(C(C6=CC(CC(CC)CCCC)=C(CCCCCC)S6)=C7C=C(SC7=C5C8=CC(CCCCCC)=C(CC(CCCC)CC)S8)C9=CC(CCCCCC)=C(C%10=CC(CCCCCC)=C(C%11=CC=C(/C=C(C%12=O)\SC(N%12CCCCCC)=S)S%11)S%10)S9)C4)=C%13)=C%13CCCCCC,O=C(C/1=C\C2=C(C3=C(S2)C(N4C5=CC=C(CCCCCC)C=C5)=C(C6=C4C7=C(C8=NSN=C68)C(SC9=C%10SC(/C=C%11C(C%12=CC(F)=C(C=C%12C\%11=C(C#N)/C#N)F)=O)=C9CCCCCCCCCCC)=C%10N7C%13=CC=C(CCCCCC)C=C%13)S3)CCCCCCCCCCC)C%14=CC(F)=C(F)C=C%14C1=C(C#N)/C#N,11.88,S=C(N1CCCCCC)S/C(C1=O)=C\C(S2)=CC=C2C3=C(CCCCCC)C=C(S3)C(SC(C4=CC5=C(C(C6=CC(CC(CC)CCCC)=C(CCCCCC)S6)=C7C=C(SC7=C5C8=CC(CCCCCC)=C(CC(CCCC)CC)S8)C9=CC(CCCCCC)=C(C%10=CC(CCCCCC)=C(C%11=CC=C(/C=C(C%12=O)\SC(N%12CCCCCC)=S)S%11)S%10)S9)C4)=C%13)=C%13CCCCCC||O=C(C/1=C\C2=C(C3=C(S2)C(N4C5=CC=C(CCCCCC)C=C5)=C(C6=C4C7=C(C8=NSN=C68)C(SC9=C%10SC(/C=C%11C(C%12=CC(F)=C(C=C%12C\%11=C(C#N)/C#N)F)=O)=C9CCCCCCCCCCC)=C%10N7C%13=CC=C(CCCCCC)C=C%13)S3)CCCCCCCCCCC)C%14=CC(F)=C(F)C=C%14C1=C(C#N)/C#N,d279afbc7d9951cc1d0009b02969711f20e04d713152003c95be1b3d2ff8a2b3,3bc5e962960694d5a8c90d751d3f10c939059169c6882aed8bdcfb92d36d6776,33c9ed7afafa5e8ca457a86c8a6c2f06ea8410d06023d5d95ef4f5ab60ef4980,20278f116611ed2f86965a971b704c42b44715b0c6d4fc061755a60076c98cc6,534f8b3e226aea98f3acce641ed13af689840594208fcd1130bf38acb92d331a,232,154,376,161
173,in-house,192,O=C(C1=C(CCC(CCCC)CC)SC(CCC(CC)CCCC)=C1C2=O)C(C2=C(C3)C(C4)=CC=C4C5=CC6=C(C(C7=CC=C(CCC(CCCC)CC)S7)=C8C=CSC8=C6C9=CC=C(CCC(CCCC)CC)S9)S5)=C3C%10=CC=CS%10,O=C(C1=C([H])SC([H])=C1C/2=C(C#N)\C#N)C2=C/C3=CC(C(C4=CC=C(CCCCCC)C=C4)(C5=CC=C(CCCCCC)C=C5)C6=C7SC8=C6C(C9=CC=C(S9)CC(CCCC)CC)=C%10SC(C%11=C(C%12(C%13=CC=C(CCCCCC)C=C%13)C%14=CC=C(CCCCCC)C=C%14)C=C(/C=C%15C(C%16=C(SC([H])=C%16C\%15=C(C#N)\C#N)[H])=O)S%11)=C%12C%10=C8C%17=CC=C(CC(CC)CCCC)S%17)=C7S3,11.87,O=C(C1=C(CCC(CCCC)CC)SC(CCC(CC)CCCC)=C1C2=O)C(C2=C(C3)C(C4)=CC=C4C5=CC6=C(C(C7=CC=C(CCC(CCCC)CC)S7)=C8C=CSC8=C6C9=CC=C(CCC(CCCC)CC)S9)S5)=C3C%10=CC=CS%10||O=C(C1=C([H])SC([H])=C1C/2=C(C#N)\C#N)C2=C/C3=CC(C(C4=CC=C(CCCCCC)C=C4)(C5=CC=C(CCCCCC)C=C5)C6=C7SC8=C6C(C9=CC=C(S9)CC(CCCC)CC)=C%10SC(C%11=C(C%12(C%13=CC=C(CCCCCC)C=C%13)C%14=CC=C(CCCCCC)C=C%14)C=C(/C=C%15C(C%16=C(SC([H])=C%16C\%15=C(C#N)\C#N)[H])=O)S%11)=C%12C%10=C8C%17=CC=C(CC(CC)CCCC)S%17)=C7S3,6f31f3770fd225e382586e20513744e11a328b7cc74c758d48628417c600a02b,53a63543023146609e5d5829c195d729ca5497a4fd55d58ac566b14816efcec1,36b0f3f604f6bff2fb51b767599a7adc526029cb0ec03e60d1d8ff2ad5cc865f,3a2f7006ec468a55b43a0d80ac822a92bfd2b79c2ada47f3bdfb6c227e7d74cd,bbd98a247379f20e171473fe81e76e1ed06bc2a3cb12f8b397c8e325368dc824,239,285,870,162
174,in-house,193,CC1=CC(C(C2=CC=C(S2)[Si](CCC)(CCC)CCC)=C3SC(C4=CC=C(S4)C5=C(C(Cl)=C(C6=NN(N=C56)CC(C)C)C7=CC=C(S7)C)Cl)=CC3=C8C9=CC=C(S9)[Si](CCC)(CCC)CCC)=C8S1,[CH3]C1=C(C(C(/C2=C(C#N)/C#N)=C\C3=CC4=C(S3)C(C(C(C=C5)=CC=C5CCCCCC)(C6=CC7=C8C(C9=CC=C(C=C9)CCCCCC)(C%10=CC=C(C=C%10)CCCCCC)C%11=C7SC%12=C%11SC(/C=C%13C(C%14=C([CH3])SC=C%14C\%13=C(C#N)\C#N)=O)=C%12)C(C=C%15)=CC=C%15CCCCCC)=C(C6=C8)S4)=O)C2=CS1,11.83,CC1=CC(C(C2=CC=C(S2)[Si](CCC)(CCC)CCC)=C3SC(C4=CC=C(S4)C5=C(C(Cl)=C(C6=NN(N=C56)CC(C)C)C7=CC=C(S7)C)Cl)=CC3=C8C9=CC=C(S9)[Si](CCC)(CCC)CCC)=C8S1||[CH3]C1=C(C(C(/C2=C(C#N)/C#N)=C\C3=CC4=C(S3)C(C(C(C=C5)=CC=C5CCCCCC)(C6=CC7=C8C(C9=CC=C(C=C9)CCCCCC)(C%10=CC=C(C=C%10)CCCCCC)C%11=C7SC%12=C%11SC(/C=C%13C(C%14=C([CH3])SC=C%14C\%13=C(C#N)\C#N)=O)=C%12)C(C=C%15)=CC=C%15CCCCCC)=C(C6=C8)S4)=O)C2=CS1,db2269db09e8f14e89b5d57bf06902207b8acbcf5a571b8def3ebbca415dbfb7,a54b17d22bddcb758f5f8948a3890484beeb462eed284edcd84f6298e1d7320b,f24227b8300200e1e9628e0f24f8b1d3f4bb76cb6607f8ad7991fdc49ad326cb,b926bd901917fc63fff090388a2680613dbaa7395f1b48ed4816725966ee72f9,582b94ff700736a2326cbe0aa5c40c13a2ef37dc456a9834ab14569847a6fd66,1140,845,393,163
175,in-house,194,CCC(S1)=CC=C1C(C2=C3SC(C(SC4=C(C5=C6SC(C)=C5)C7=CC=C(S7)CC)=CC4=C6C8=CC=C(CC)S8)=C2)=C9SC(C%10=C(C(C%11=C(SC(CC)=C%11C%12=O)CC)=O)C%12=C(C)S%10)=CC9=C3C%13=CC=C(CC)S%13,c1(cc2c(cc1F)C(=O)/C(=C\c1cc3c(s1)c1c(s3)c3c(C1(c1ccc(cc1)CCCCCC)c1ccc(cc1)CCCCCC)cc1c(c3)C(c3c1sc1c3sc(c1)/C=C/1\C(=O)c3c(C1=C(C#N)C#N)cc(c(c3)F)F)(c1ccc(cc1)CCCCCC)c1ccc(cc1)CCCCCC)/C2=C(C#N)C#N)F,11.82,CCC(S1)=CC=C1C(C2=C3SC(C(SC4=C(C5=C6SC(C)=C5)C7=CC=C(S7)CC)=CC4=C6C8=CC=C(CC)S8)=C2)=C9SC(C%10=C(C(C%11=C(SC(CC)=C%11C%12=O)CC)=O)C%12=C(C)S%10)=CC9=C3C%13=CC=C(CC)S%13||c1(cc2c(cc1F)C(=O)/C(=C\c1cc3c(s1)c1c(s3)c3c(C1(c1ccc(cc1)CCCCCC)c1ccc(cc1)CCCCCC)cc1c(c3)C(c3c1sc1c3sc(c1)/C=C/1\C(=O)c3c(C1=C(C#N)C#N)cc(c(c3)F)F)(c1ccc(cc1)CCCCCC)c1ccc(cc1)CCCCCC)/C2=C(C#N)C#N)F,83a7511e04879d8bebd04b2888e4a72628f04d168047b7c8b6e90cf08f7974a1,69e17d1724b4236f68d0c6efb6ad16969f13f8980d301d0056747038b20f0c8d,a4988a68bbc8f005b36a5e2da07058f6661a3d18effa3d895bc971931654888b,e417f90a4523cd42af975b774ceb0fc14a1b4c219bfa30a59e1cbcaad1c0896f,2283d48efc24f46be334c4003c04d667bb8968c374856759ca2993886588650f,759,1051,139,164
176,in-house,195,FC(C(F)=C(C1=NN(N=C21)CCC(CCCC)CCCCCC)C3=CC=C(S3)C)=C2C(S4)=CC=C4C5=CC(C(CCCC(CCCCCC)CCCC)=C6SC(C)=CC6=C7CCCC(CCCC)CCCCCC)=C7S5,O=C(C1=CC=CC=C1C/2=C(C#N)/C#N)C2=C/C3=CC(SC4C5C(C)=C(C(C6=CC=C(C=C6)CCCCCC)(C7=CC=C(C=C7)CCCCCC)C8=CSC9=C8SC(/C=C%10C(C(C=CC=C%11)=C%11C\%10=C(C#N)/C#N)=C)=C9)C=C(C)C5C(C%12=CC=C(C=C%12)CCCCCC)(C%13=CC=C(C=C%13)CCCCCC)C%144)=C%14S3,11.8,FC(C(F)=C(C1=NN(N=C21)CCC(CCCC)CCCCCC)C3=CC=C(S3)C)=C2C(S4)=CC=C4C5=CC(C(CCCC(CCCCCC)CCCC)=C6SC(C)=CC6=C7CCCC(CCCC)CCCCCC)=C7S5||O=C(C1=CC=CC=C1C/2=C(C#N)/C#N)C2=C/C3=CC(SC4C5C(C)=C(C(C6=CC=C(C=C6)CCCCCC)(C7=CC=C(C=C7)CCCCCC)C8=CSC9=C8SC(/C=C%10C(C(C=CC=C%11)=C%11C\%10=C(C#N)/C#N)=C)=C9)C=C(C)C5C(C%12=CC=C(C=C%12)CCCCCC)(C%13=CC=C(C=C%13)CCCCCC)C%144)=C%14S3,45e95ea37da5bc3e18f2c067cb95f73c851335176098d8fca22fcb29952b2779,83d12c8a518aebb2c9e097cdd9cd4e855fadbb8bad16c860293e67b74eecaf00,6184c89781a0c90bee4ba9d831586fab0983803a1e0fadbc77fcc2f105ce8a2d,bdec4138788f59285d41deef9a3b63ed1f7017a6945aacb21e06f9ad364ec4a3,8b7a81b71602fd72a95ed06a72f3d2573514c982d364337d8b4d59c66a05e7cb,439,874,631,165
177,in-house,196,CC1=C(C)C(Cl)=C(C2=CC3=C(C(C4=CC(F)=C(CCCCCCCC)S4)=C5C=C(C)SC5=C3C6=CC(F)=C(CCCCCCCC)S6)S2)S1,c1(cc2c(cc1F)C(=O)/C(=C\c1cc3c(s1)c1c(s3)c3c(C1(c1ccc(cc1)CCCCCC)c1ccc(cc1)CCCCCC)cc1c(c3)C(c3c1sc1c3sc(c1)/C=C/1\C(=O)c3c(C1=C(C#N)C#N)cc(c(c3)F)F)(c1ccc(cc1)CCCCCC)c1ccc(cc1)CCCCCC)/C2=C(C#N)C#N)F,11.8,CC1=C(C)C(Cl)=C(C2=CC3=C(C(C4=CC(F)=C(CCCCCCCC)S4)=C5C=C(C)SC5=C3C6=CC(F)=C(CCCCCCCC)S6)S2)S1||c1(cc2c(cc1F)C(=O)/C(=C\c1cc3c(s1)c1c(s3)c3c(C1(c1ccc(cc1)CCCCCC)c1ccc(cc1)CCCCCC)cc1c(c3)C(c3c1sc1c3sc(c1)/C=C/1\C(=O)c3c(C1=C(C#N)C#N)cc(c(c3)F)F)(c1ccc(cc1)CCCCCC)c1ccc(cc1)CCCCCC)/C2=C(C#N)C#N)F,6d36fea9185a67245b8915576b88b692cc6163ae17e2a8bd408960ccacaa4c3c,69e17d1724b4236f68d0c6efb6ad16969f13f8980d301d0056747038b20f0c8d,cd5840c4c2829e0533bc85f29ec454d41d19d140468c3011236aac558dcd7384,8001a6c9ff9a358d4562b80e4904ceb6521bba50908fc4eb0acd757c85a12aa1,916f9d94e95c7ff98b2bd523742fcb30903719bd2b4e8ea1e4293fbd6a39c326,979,611,661,166
178,in-house,198,FC(C=C(C1=C2SC=CC2=C(C3=CC(F)=C(CC(CCCC)CC)S3)C4=C1C=C(C5=CC=C(C6=C(C(C(C7=C(CC(CCCC)CC)SC(CC(CC)CCCC)=C78)=O)=C(C9=CC=CC9)S6)C8=O)S5)S4)S%10)=C%10CC(CC)CCCC,FC(C=C1C2=CC(C3(CC(CCCC)CC)CC(CCCC)CC)=C(S2)C(S4)=C3C=C4/C=C(C(C5=CC(Cl)=C(C=C56)Cl)=O)/C6=C(C#N)/C#N)=C(C=C1F)C7=CC8=C(C9=C(C8(CC(CCCC)CC)CC(CCCC)CC)C=C(/C=C%10C(C%11=CC(Cl)=C(C=C%11C\%10=C(C#N)\C#N)Cl)=O)S9)S7,11.75,FC(C=C(C1=C2SC=CC2=C(C3=CC(F)=C(CC(CCCC)CC)S3)C4=C1C=C(C5=CC=C(C6=C(C(C(C7=C(CC(CCCC)CC)SC(CC(CC)CCCC)=C78)=O)=C(C9=CC=CC9)S6)C8=O)S5)S4)S%10)=C%10CC(CC)CCCC||FC(C=C1C2=CC(C3(CC(CCCC)CC)CC(CCCC)CC)=C(S2)C(S4)=C3C=C4/C=C(C(C5=CC(Cl)=C(C=C56)Cl)=O)/C6=C(C#N)/C#N)=C(C=C1F)C7=CC8=C(C9=C(C8(CC(CCCC)CC)CC(CCCC)CC)C=C(/C=C%10C(C%11=CC(Cl)=C(C=C%11C\%10=C(C#N)\C#N)Cl)=O)S9)S7,61eee9608e36bdb1d3a96a3ad1baa39916f3a546e29d11481966a5a2d3d30f3c,a7c4b5541b8a9fcdc451b3fdf50c088a6f31721140ab77690d39d1dcc9517b61,3307ac0204404a81aae89f938831277a98741a1d776541315ce4974ffb9c9c1a,526ca4cc3e9418df3b04607a8e43401f0be72eb541ef580b6ff5a75d530d7452,850b48db2efdb9ea3deba3b8314dd60c27b94956c8d56609c1ea0c7ea64da114,229,393,604,167
179,in-house,199,CC1=CC2=C(S1)C(C3=CC=C([Si](CCC)(CCC)CCC)S3)=C4C=C(C5=CC=C(C6=C(F)C(F)=C(C7=CC=C(S7)C)C8=NN(CC(CCCCCCCC)CCCCCC)N=C68)S5)SC4=C2C9=CC=C([Si](CCC)(CCC)CCC)S9,c12cc3c(cc1C(c1c2sc2c1sc(c2)/C=C\1/C(=C(C#N)C#N)c2c(C1=O)cccc2)(c1cccc(c1)CCCCCC)c1cc(ccc1)CCCCCC)c1c(C3(c2cc(ccc2)CCCCCC)c2cccc(c2)CCCCCC)c2c(s1)cc(s2)/C=C\1/C(=C(C#N)C#N)c2c(C1=O)cccc2,11.73,CC1=CC2=C(S1)C(C3=CC=C([Si](CCC)(CCC)CCC)S3)=C4C=C(C5=CC=C(C6=C(F)C(F)=C(C7=CC=C(S7)C)C8=NN(CC(CCCCCCCC)CCCCCC)N=C68)S5)SC4=C2C9=CC=C([Si](CCC)(CCC)CCC)S9||c12cc3c(cc1C(c1c2sc2c1sc(c2)/C=C\1/C(=C(C#N)C#N)c2c(C1=O)cccc2)(c1cccc(c1)CCCCCC)c1cc(ccc1)CCCCCC)c1c(C3(c2cc(ccc2)CCCCCC)c2cccc(c2)CCCCCC)c2c(s1)cc(s2)/C=C\1/C(=C(C#N)C#N)c2c(C1=O)cccc2,eaf1916a35a7483d8caf5815ff5e1ea653d31569a8b350b0b99530cf692c3bfb,50864152acede518837f13b246d168a2c910162b60d24eaca8a12069a3584c43,07db890d972feefbbb982790d2dce24ee5ccce3b6f4e415eebaa1feef397b1be,2fbbe6432021e68178ddc465dbad1d4d47502ee213ab9c0740f3acbf6f7165c4,fd8634df5fc7f44e5f3364c837053c77fffb43ffb46d3a9c294ac379123e1295,33,234,1182,168
180,in-house,200,CC1=CC(C(C2=CC=C(CC(CCCC)CCCCCC)S2)=C3SC(C4=C(CCCCCCCC)C=C(C5=NN=C(S5)C6=CC(CCCCCCCC)=C(S6)C)S4)=CC3=C7C8=CC=C(CC(CCCCCC)CCCC)S8)=C7S1,c12cc3c(cc1C(c1c2sc2c1sc(c2)/C=C\1/C(=C(C#N)C#N)c2c(C1=O)cccc2)(c1ccc(cc1)CCCCCC)c1ccc(cc1)CCCCCC)c1c(C3(c2ccc(cc2)CCCCCC)c2ccc(cc2)CCCCCC)c2c(s1)cc(s2)/C=C\1/C(=C(C#N)C#N)c2c(C1=O)cccc2,11.72,CC1=CC(C(C2=CC=C(CC(CCCC)CCCCCC)S2)=C3SC(C4=C(CCCCCCCC)C=C(C5=NN=C(S5)C6=CC(CCCCCCCC)=C(S6)C)S4)=CC3=C7C8=CC=C(CC(CCCCCC)CCCC)S8)=C7S1||c12cc3c(cc1C(c1c2sc2c1sc(c2)/C=C\1/C(=C(C#N)C#N)c2c(C1=O)cccc2)(c1ccc(cc1)CCCCCC)c1ccc(cc1)CCCCCC)c1c(C3(c2ccc(cc2)CCCCCC)c2ccc(cc2)CCCCCC)c2c(s1)cc(s2)/C=C\1/C(=C(C#N)C#N)c2c(C1=O)cccc2,efc289814132e55a4e56f309e876f92b73bef5e38f2eaeb0853591cde3b0f995,202f8607af2cecb83e86b2e4305f8c7e2852bc709bb805b9055691d46a9081c5,201d366f5e529c27bec03bda1075d3c81057035b674569c0f7e7f188dc096f1d,dfdd92e38f67ac8792ea8f529452eae57a863d4deb8e6e66b095b5065e28ce83,de0b08d78042a3b4911c908395d0e476d3ea811514f0a992fc0caf3ee040a7f6,149,1028,1033,169
181,in-house,201,[H]C(C=C1C(C2=C3SC(C4=C(F)C=C(C5=C(C(C6=C(SC(CCCCCCCC)=C6C7=O)CCCCCCCC)=O)C7=C(C8=CC(F)=CS8)S5)S4)=C2)=C9SC(C)=CC9=C3C%10=CC([H])=C(S%10)CCCCCCCC)=C(S1)CCCCCCCC,c12cc3c(cc1C(c1c2sc2c1sc(c2)/C=C\1/C(=C(C#N)C#N)c2c(C1=O)cccc2)(c1ccc(cc1)CCCCCC)c1ccc(cc1)CCCCCC)c1c(C3(c2ccc(cc2)CCCCCC)c2ccc(cc2)CCCCCC)c2c(s1)cc(s2)/C=C\1/C(=C(C#N)C#N)c2c(C1=O)cccc2,11.71,[H]C(C=C1C(C2=C3SC(C4=C(F)C=C(C5=C(C(C6=C(SC(CCCCCCCC)=C6C7=O)CCCCCCCC)=O)C7=C(C8=CC(F)=CS8)S5)S4)=C2)=C9SC(C)=CC9=C3C%10=CC([H])=C(S%10)CCCCCCCC)=C(S1)CCCCCCCC||c12cc3c(cc1C(c1c2sc2c1sc(c2)/C=C\1/C(=C(C#N)C#N)c2c(C1=O)cccc2)(c1ccc(cc1)CCCCCC)c1ccc(cc1)CCCCCC)c1c(C3(c2ccc(cc2)CCCCCC)c2ccc(cc2)CCCCCC)c2c(s1)cc(s2)/C=C\1/C(=C(C#N)C#N)c2c(C1=O)cccc2,207c5374cab9cab480ca09069403e45fa26ce90f96e97882a56aeac2c45d119c,202f8607af2cecb83e86b2e4305f8c7e2852bc709bb805b9055691d46a9081c5,7018965e36ecd2b79a75df6f9d05821daf93164c453151717adf761f8b86772a,19508310c6faf2cb7304934a63c2da0ea74a4a24fb083ac9062a5868016b4498,bcc70c534c4ba1e9765335edbcaab9f5fb8d1e4c2b7c3c77583b49b5a20d7668,508,129,872,170
182,in-house,202,CC1=CC(C(C2=CC(F)=C(SCC(CCCC)CCCCCC)S2)=C3SC(C4=C(CCCCCCCC)C=C(C5=C(C(F)=C(C6=NSN=C56)C7=CC(CCCCCCCC)=C(S7)C)F)S4)=CC3=C8C9=CC(F)=C(SCC(CCCCCC)CCCC)S9)=C8S1,c12cc3c(cc1C(c1c2sc2c1sc(c2)/C=C\1/C(=C(C#N)C#N)c2c(C1=O)cccc2)(c1ccc(cc1)CCCCCC)c1ccc(cc1)CCCCCC)c1c(C3(c2ccc(cc2)CCCCCC)c2ccc(cc2)CCCCCC)c2c(s1)cc(s2)/C=C\1/C(=C(C#N)C#N)c2c(C1=O)cccc2,11.66,CC1=CC(C(C2=CC(F)=C(SCC(CCCC)CCCCCC)S2)=C3SC(C4=C(CCCCCCCC)C=C(C5=C(C(F)=C(C6=NSN=C56)C7=CC(CCCCCCCC)=C(S7)C)F)S4)=CC3=C8C9=CC(F)=C(SCC(CCCCCC)CCCC)S9)=C8S1||c12cc3c(cc1C(c1c2sc2c1sc(c2)/C=C\1/C(=C(C#N)C#N)c2c(C1=O)cccc2)(c1ccc(cc1)CCCCCC)c1ccc(cc1)CCCCCC)c1c(C3(c2ccc(cc2)CCCCCC)c2ccc(cc2)CCCCCC)c2c(s1)cc(s2)/C=C\1/C(=C(C#N)C#N)c2c(C1=O)cccc2,efde33f5fb783dd19e489bbc9ba188b6b483712a78330380673405de80512d62,202f8607af2cecb83e86b2e4305f8c7e2852bc709bb805b9055691d46a9081c5,0af0913681c2bb97b7900a72f74966de3c3f3e54e7bcfd5d5ddad70d0972698c,c85ea5560193f3cdc99e46022b3defec97ad5288c316a3ff62005f31d70e28e6,a3a36ec1cf831977185f85e1800b6c1be6b5843ee82e0b89a8358e48c07fc8ca,47,918,748,171
183,in-house,203,[F]C1=C(CC)SC(C2=C3C(C=C(C)C3)C(C4=CC([F])=C(S4)CC)=C5SC(C6=CC=C(S6)C7=C(C(C8=C(SC(CC)=C8C9=O)CC)=O)C9=C(C%10=CC=C(S%10)C)S7)=CC25)=C1,O=C1C2=C(C=C(Cl)C(Cl)=C2)C(/C1=C/C(S3)=CC4=C3C(S5)=C(C4(C6=CC=C(CCCCCC)C=C6)C7=CC=C(CCCCCC)C=C7)C8=C5C(C9=CC(Cl)=C(CC(CC)CCCC)S9)=C(C(C%10(C%11=CC=C(CCCCCC)C=C%11)C%12=CC=C(CCCCCC)C=C%12)=C(S%13)C%14=C%10C=C(/C=C(/C%15=C(C#N)\C#N)C(C%16=C%15C=C(Cl)C(Cl)=C%16)=O)S%14)C%13=C8C%17=CC(Cl)=C(CC(CC)CCCC)S%17)=C(C#N)/C#N,11.65,[F]C1=C(CC)SC(C2=C3C(C=C(C)C3)C(C4=CC([F])=C(S4)CC)=C5SC(C6=CC=C(S6)C7=C(C(C8=C(SC(CC)=C8C9=O)CC)=O)C9=C(C%10=CC=C(S%10)C)S7)=CC25)=C1||O=C1C2=C(C=C(Cl)C(Cl)=C2)C(/C1=C/C(S3)=CC4=C3C(S5)=C(C4(C6=CC=C(CCCCCC)C=C6)C7=CC=C(CCCCCC)C=C7)C8=C5C(C9=CC(Cl)=C(CC(CC)CCCC)S9)=C(C(C%10(C%11=CC=C(CCCCCC)C=C%11)C%12=CC=C(CCCCCC)C=C%12)=C(S%13)C%14=C%10C=C(/C=C(/C%15=C(C#N)\C#N)C(C%16=C%15C=C(Cl)C(Cl)=C%16)=O)S%14)C%13=C8C%17=CC(Cl)=C(CC(CC)CCCC)S%17)=C(C#N)/C#N,6213dd4049a47a1d3ddd86c99b799fe4ba312bdc695c607b0b6163384ca5ea00,d8a6b95bf314ba6272a65c11a6b0834c4fea41aded7f5542bc2a6528439455e7,6908c5f9115394d15b84185e9011b4d16ff7cf9cea76762282cea6a455223f61,07c9fe94def1a10242beec006df5425f1ab7f81c654e7e69a0796eb4539f1cd7,16f6053ddbace6dfa7d32ac10b2f0176b0c53d2368a6a743ad1cac13c4581954,474,37,102,172
184,in-house,204,CC1=CC2=C(S1)C(C3=CC=C([Si](CCC)(CCC)CCC)S3)=C4C=C(C5=CC=C(C6=C(F)C(F)=C(C7=CC=C(S7)C)C8=NN(CC(CCCCCCCC)CCCCCC)N=C68)S5)SC4=C2C9=CC=C([Si](CCC)(CCC)CCC)S9,O=C(C1=CSC=C1C/2=C(C#N)\C#N)C2=C/C3=CC(SC(C(C=C4C5(C6=CC=C(C=C6)CCCCCCCC)C7=CC=C(CCCCCCCC)C=C7)=C8C=C4C9=C5C%10=C(C=C(S%10)/C=C%11C(C%12=CSC=C%12C\%11=C(C#N)\C#N)=O)S9)=C%13C8(C%14=CC=C(C=C%14)CCCCCCCC)C%15=CC=C(CCCCCCCC)C=C%15)=C%13S3,11.63,CC1=CC2=C(S1)C(C3=CC=C([Si](CCC)(CCC)CCC)S3)=C4C=C(C5=CC=C(C6=C(F)C(F)=C(C7=CC=C(S7)C)C8=NN(CC(CCCCCCCC)CCCCCC)N=C68)S5)SC4=C2C9=CC=C([Si](CCC)(CCC)CCC)S9||O=C(C1=CSC=C1C/2=C(C#N)\C#N)C2=C/C3=CC(SC(C(C=C4C5(C6=CC=C(C=C6)CCCCCCCC)C7=CC=C(CCCCCCCC)C=C7)=C8C=C4C9=C5C%10=C(C=C(S%10)/C=C%11C(C%12=CSC=C%12C\%11=C(C#N)\C#N)=O)S9)=C%13C8(C%14=CC=C(C=C%14)CCCCCCCC)C%15=CC=C(CCCCCCCC)C=C%15)=C%13S3,eaf1916a35a7483d8caf5815ff5e1ea653d31569a8b350b0b99530cf692c3bfb,a3406b5e4edefe3e2c4839b86eca3cc419dcab58dd63484cd2852f990ceb7789,767a639e3b6c958839cfa2abfecc2214fd6cf167bb6aee1e5795913fe9812a46,6b755cec1f87bb01e6690fbba2b9f996968ee4f7db67a99ccef945a074433207,d37705d8e37b2647f7d32bcad6597f493bd8d6b2e5f2628c3fc144a573ad6c15,535,522,962,173
185,in-house,205,O=C(C1=C(CCC(CCCC)CC)SC(CCC(CC)CCCC)=C1C2=O)C(C2=C(C3)C(C4)=CC=C4C5=CC6=C(C(C7=CC=C(CCC(CCCC)CC)S7)=C8C=CSC8=C6C9=CC=C(CCC(CCCC)CC)S9)S5)=C3C%10=CC=CS%10,CCCCCCC(C(SC1=C2C(C3=CC=C(C=C3)CCCCCC)(C(C=C4C5=C6C7=C(C(CCCCCC)=C(S7)/C=C8C(C(C=CC=C9)=C9C\8=C(C#N)\C#N)=O)S5)=C1C=C4C6(C(C=C%10)=CC=C%10CCCCCC)C(C=C%11)=CC=C%11CCCCCC)C(C=C%12)=CC=C%12CCCCCC)=C2S%13)=C%13/C=C%14C(C(C=CC=C%15)=C%15C\%14=C(C#N)/C#N)=O,11.61,O=C(C1=C(CCC(CCCC)CC)SC(CCC(CC)CCCC)=C1C2=O)C(C2=C(C3)C(C4)=CC=C4C5=CC6=C(C(C7=CC=C(CCC(CCCC)CC)S7)=C8C=CSC8=C6C9=CC=C(CCC(CCCC)CC)S9)S5)=C3C%10=CC=CS%10||CCCCCCC(C(SC1=C2C(C3=CC=C(C=C3)CCCCCC)(C(C=C4C5=C6C7=C(C(CCCCCC)=C(S7)/C=C8C(C(C=CC=C9)=C9C\8=C(C#N)\C#N)=O)S5)=C1C=C4C6(C(C=C%10)=CC=C%10CCCCCC)C(C=C%11)=CC=C%11CCCCCC)C(C=C%12)=CC=C%12CCCCCC)=C2S%13)=C%13/C=C%14C(C(C=CC=C%15)=C%15C\%14=C(C#N)/C#N)=O,6f31f3770fd225e382586e20513744e11a328b7cc74c758d48628417c600a02b,c997a1e7769bc1f8237531ecc6396255481a25c0465bbd2f1c5354c862dc4b6e,769f0c14822425f3f30a0a3f04081a62e3d2f51aa7ee77a81abbcb96aa73397c,2cd3dcd14c4636335fa5bac7c4f5ed2a2f077f00f05160e5cf8e2650e0c88755,7315683488c968695a6fa9e615135cd5d801d1800f56733404e83b6d7f681f77,538,212,519,174
186,in-house,207,O=C(C1=C(SC(C2=CC=C(S2)C3=CC(C(C4=CC(F)=C(S4)SCCCCCCCC)=C5SC(C)=CC5=C6C7=CC(F)=C(S7)SCCCCCCCC)=C6S3)=C18)C9=CC=C(S9)C)C%10=C(SC(CCCCCCCC)=C%10C8=O)CCCCCCCC,O=C(C1=C(C=CC=C1)C/2=C(C#N)/C#N)C2=C\C3=CC4=C(C5=C(C(C6=CC=C(CCCCCC)C=C6)4C7=CC=C(CCCCCC)C=C7)C8=C(S5)C(C9=CC=C(S9)SCC(CCCC)CC)=C%10C(C(C%11=CC=C(CCCCCC)C=C%11)(C%12=CC=C(CCCCCC)C=C%12)C%13=C%14SC(/C=C%15C(C%16=C(C=CC=C%16)C/%15=C(C#N)\C#N)=O)=C%13)=C%14SC%10=C8C(S%17)=CC=C%17SCC(CC)CCCC)S3,11.6,O=C(C1=C(SC(C2=CC=C(S2)C3=CC(C(C4=CC(F)=C(S4)SCCCCCCCC)=C5SC(C)=CC5=C6C7=CC(F)=C(S7)SCCCCCCCC)=C6S3)=C18)C9=CC=C(S9)C)C%10=C(SC(CCCCCCCC)=C%10C8=O)CCCCCCCC||O=C(C1=C(C=CC=C1)C/2=C(C#N)/C#N)C2=C\C3=CC4=C(C5=C(C(C6=CC=C(CCCCCC)C=C6)4C7=CC=C(CCCCCC)C=C7)C8=C(S5)C(C9=CC=C(S9)SCC(CCCC)CC)=C%10C(C(C%11=CC=C(CCCCCC)C=C%11)(C%12=CC=C(CCCCCC)C=C%12)C%13=C%14SC(/C=C%15C(C%16=C(C=CC=C%16)C/%15=C(C#N)\C#N)=O)=C%13)=C%14SC%10=C8C(S%17)=CC=C%17SCC(CC)CCCC)S3,f99b7ce32848c40274f819691abe7f2348a9c079e1da0cb5c1ae130ebdd8408c,d41cfbfa89bc916e1b17241640748c532819126dae3642ed1223776ddc3c48d1,cc6f7bfc75edd84cfd5d7c098ad52a0d427c8623c43026e3268d5173549a8aae,ed79ffc834779d84dfbfc6f0c16861e59e924afccc8e9dd50b2950fa971244fb,a4baa868c6ed33da8cadf4502cae9d5cd36454fe0a891f448389d9c49801379a,973,1101,758,175
187,in-house,208,FC(C(F)=C(C1=NN(N=C21)CC(CCCCCC)CCCCCCCC)C3=CCC(C)S3)=C2C(S4)=CC=C4C(OC5=C(C6=C7OC(C)=C6)C8=CC(Cl)=C(CC(CC)CCCC)S8)=CC5=C7C9=CC(Cl)=C(S9)CC(CC)CCCC,c12cc3c(cc1C(c1c2sc2c1sc(c2)/C=C\1/C(=C(C#N)C#N)c2c(C1=O)cccc2)(c1cccc(c1)CCCCCC)c1cc(ccc1)CCCCCC)c1c(C3(c2cc(ccc2)CCCCCC)c2cccc(c2)CCCCCC)c2c(s1)cc(s2)/C=C\1/C(=C(C#N)C#N)c2c(C1=O)cccc2,11.59,FC(C(F)=C(C1=NN(N=C21)CC(CCCCCC)CCCCCCCC)C3=CCC(C)S3)=C2C(S4)=CC=C4C(OC5=C(C6=C7OC(C)=C6)C8=CC(Cl)=C(CC(CC)CCCC)S8)=CC5=C7C9=CC(Cl)=C(S9)CC(CC)CCCC||c12cc3c(cc1C(c1c2sc2c1sc(c2)/C=C\1/C(=C(C#N)C#N)c2c(C1=O)cccc2)(c1cccc(c1)CCCCCC)c1cc(ccc1)CCCCCC)c1c(C3(c2cc(ccc2)CCCCCC)c2cccc(c2)CCCCCC)c2c(s1)cc(s2)/C=C\1/C(=C(C#N)C#N)c2c(C1=O)cccc2,3d9a3a0dcbed6405c766d56db0cb7a4bde351b1ea16bc38b35556778887dabc7,50864152acede518837f13b246d168a2c910162b60d24eaca8a12069a3584c43,6d52d59c130582c7526abe5b7e5ff029ca0b6408826a3aa368716f61d3ef8355,2fdefc34ea11d6205b0527ff6ed1fc6cedde366bd4fa26aa8ea3930a4e97b0c7,f496f8fb65403a44979b39afd4b92b2cfa930479fc1a225d67a2942f92ea056e,495,236,1145,176
188,in-house,209,O=C1C2=C(CC(CC)CCCC)SC(CC(CC)CCCC)=C2C(C3=C(C4=CC=C(C5=CC(C(C6=CC(F)=C(CC(CC)CCCC)S6)=C(SC=C7)C7=C8C9=CC(F)=C(CC(CC)CCCC)S9)=C8S5)S4)SC(C%10=CC=CS%10)=C31)=O,O=C(C(C=C(F)C(F)=C1)=C1C/2=C(C#N)\C#N)C2=C/C3=CC(N4CC(CCCCCC)CCCC)=C(C(SC5=C6OCCCCCCCC)=C4C5=C(C7=C6C8=C(C9=C(N8CC(CCCCCC)CCCC)C=C(/C=C%10C(C(C=C(F)C(F)=C%11)=C%11C\%10=C(C#N)\C#N)=O)S9)S7)OC)S3,11.54,O=C1C2=C(CC(CC)CCCC)SC(CC(CC)CCCC)=C2C(C3=C(C4=CC=C(C5=CC(C(C6=CC(F)=C(CC(CC)CCCC)S6)=C(SC=C7)C7=C8C9=CC(F)=C(CC(CC)CCCC)S9)=C8S5)S4)SC(C%10=CC=CS%10)=C31)=O||O=C(C(C=C(F)C(F)=C1)=C1C/2=C(C#N)\C#N)C2=C/C3=CC(N4CC(CCCCCC)CCCC)=C(C(SC5=C6OCCCCCCCC)=C4C5=C(C7=C6C8=C(C9=C(N8CC(CCCCCC)CCCC)C=C(/C=C%10C(C(C=C(F)C(F)=C%11)=C%11C\%10=C(C#N)\C#N)=O)S9)S7)OC)S3,65482d735aa1f382b817dd8d95b1689b39b0b3c26138949c2680844f1b1f5ea0,08b63024aa62a4b50ec436a196055f42b172c3b039bff5866457b25c8e11a936,e759bc3c5e9f2479feee062ae2e0cdf7159e5e7c382e9ce3943d7a98c1b2a7e1,3e7dadc209e8ca2e763f78103bde1fadcfdad1d0ce3ee0c2fb2cbebbd437057d,900f58832d98bd8d82c7f7c624e8e98969f0a41ab78e272b3c02675f9aa7838c,1092,305,649,177
189,in-house,210,O=C(C1=C(CCC(CCCC)CC)SC(CCC(CC)CCCC)=C1C2=O)C(C2=C(C3)C(C4)=CC=C4C5=CC6=C(C(C7=CC=C(CCC(CCCC)CC)S7)=C8C=CSC8=C6C9=CC=C(CCC(CCCC)CC)S9)S5)=C3C%10=CC=CS%10,CC1=C(C(C(/C2=C(C#N)/C#N)=C\C3=CC4=C(C(C=C5C(C(C=C6)=CC=C6CCCCCC)(C(C=C7)=CC=C7CCCCCC)C8=C(SC9=C8SC%10=C9SC(/C=C%11C(C%12=C(C)SC=C%12C\%11=C(C#N)\C#N)=O)=C%10)C5=C%13)=C%13C4(C%14=CC=C(C=C%14)CCCCCC)C%15=CC=C(C=C%15)CCCCCC)S3)=O)C2=CS1,11.53,O=C(C1=C(CCC(CCCC)CC)SC(CCC(CC)CCCC)=C1C2=O)C(C2=C(C3)C(C4)=CC=C4C5=CC6=C(C(C7=CC=C(CCC(CCCC)CC)S7)=C8C=CSC8=C6C9=CC=C(CCC(CCCC)CC)S9)S5)=C3C%10=CC=CS%10||CC1=C(C(C(/C2=C(C#N)/C#N)=C\C3=CC4=C(C(C=C5C(C(C=C6)=CC=C6CCCCCC)(C(C=C7)=CC=C7CCCCCC)C8=C(SC9=C8SC%10=C9SC(/C=C%11C(C%12=C(C)SC=C%12C\%11=C(C#N)\C#N)=O)=C%10)C5=C%13)=C%13C4(C%14=CC=C(C=C%14)CCCCCC)C%15=CC=C(C=C%15)CCCCCC)S3)=O)C2=CS1,6f31f3770fd225e382586e20513744e11a328b7cc74c758d48628417c600a02b,569d817f32e5ffc575992a2fe0755b312902be4fd087e41b58f9bbcfa93eebcc,9f26cb567303af35174b387c7efef56b728b9d32dc4149d0192d4921bc183066,508299978f2cc21ceb5b9f18dab5e39a6b7956009254d076a8601172a4ccac17,f678e7c8164f2f0d1b3a6e76cd93e69d5572f4da58768dc23fead18caa176f35,728,388,1153,178
190,in-house,211,FC(C(F)=C(C1=CC=C(C2=CC3=C(C(C4=CC(Cl)=C(CC(CC)CCCCCC)S4)=C(C=CS5)C5=C3C6=CC(Cl)=C(CC(CCCCCC)CC)S6)S2)S1)C7=NN(CC(CCCCCCCC)CCCCCC)N=C78)=C8C9=CC=CS9,c12cc3c(cc1C(c1c2sc2c1sc(c2)/C=C\1/C(=C(C#N)C#N)c2c(C1=O)cccc2)(c1ccc(cc1)CCCCCC)c1ccc(cc1)CCCCCC)c1c(C3(c2ccc(cc2)CCCCCC)c2ccc(cc2)CCCCCC)c2c(s1)cc(s2)/C=C\1/C(=C(C#N)C#N)c2c(C1=O)cccc2,11.53,FC(C(F)=C(C1=CC=C(C2=CC3=C(C(C4=CC(Cl)=C(CC(CC)CCCCCC)S4)=C(C=CS5)C5=C3C6=CC(Cl)=C(CC(CCCCCC)CC)S6)S2)S1)C7=NN(CC(CCCCCCCC)CCCCCC)N=C78)=C8C9=CC=CS9||c12cc3c(cc1C(c1c2sc2c1sc(c2)/C=C\1/C(=C(C#N)C#N)c2c(C1=O)cccc2)(c1ccc(cc1)CCCCCC)c1ccc(cc1)CCCCCC)c1c(C3(c2ccc(cc2)CCCCCC)c2ccc(cc2)CCCCCC)c2c(s1)cc(s2)/C=C\1/C(=C(C#N)C#N)c2c(C1=O)cccc2,3ce616c394cbfe400c8ad6baf517dec843bf76152a4dfc9da7677dac6266645a,202f8607af2cecb83e86b2e4305f8c7e2852bc709bb805b9055691d46a9081c5,3a78acd0e55b8af35fc8bb87fa90ab9a5910cc5f812518123b7ded4009c3d59a,269997c8d7426cabca24ab2370d4eb6209d41d41cfdb0283985cb0fb38a2556d,6e86da3d32392a132c52d44a1e3ecc75f2a60034d9930a97ed0d07673170a5e0,260,192,503,179
191,in-house,212,O=C(C1=C(CC(CCCC)CC)SC(CC(CCCC)CC)=C12)C3=C(C4=CC=CS4)SC(C(S5)=CC=C5C6=CC7=C(C8=CC=C(CC(CCCC)CCCCCC)C=C8)C(SC=C9)=C9C(C%10=CC=C(CC(CCCCCC)CCCC)C=C%10)=C7S6)=C3C2=O,O=C1C(/C(C2=C1C=CC(F)=C2)=C(C#N)/C#N)=C\C3=CC4=C(S3)C(C(C5=CC=C(CCCCCC)C=C5)(C6=CC7=C(C(C8=CC=C(CCCCCC)C=C8)(C9=C7SC%10=C9SC%11=C%10SC(/C=C%12C(C(C=C(F)C=C%13)=C%13C\%12=C(C#N)\C#N)=O)=C%11)C%14=CC=C(CCCCCC)C=C%14)C=C6%15)C%16=CC=C(CCCCCC)C=C%16)=C%15S4,11.52,O=C(C1=C(CC(CCCC)CC)SC(CC(CCCC)CC)=C12)C3=C(C4=CC=CS4)SC(C(S5)=CC=C5C6=CC7=C(C8=CC=C(CC(CCCC)CCCCCC)C=C8)C(SC=C9)=C9C(C%10=CC=C(CC(CCCCCC)CCCC)C=C%10)=C7S6)=C3C2=O||O=C1C(/C(C2=C1C=CC(F)=C2)=C(C#N)/C#N)=C\C3=CC4=C(S3)C(C(C5=CC=C(CCCCCC)C=C5)(C6=CC7=C(C(C8=CC=C(CCCCCC)C=C8)(C9=C7SC%10=C9SC%11=C%10SC(/C=C%12C(C(C=C(F)C=C%13)=C%13C\%12=C(C#N)\C#N)=O)=C%11)C%14=CC=C(CCCCCC)C=C%14)C=C6%15)C%16=CC=C(CCCCCC)C=C%16)=C%15S4,826e531b71e4c0ef06b575364b50a339b3da70c19584a5cd5231c22bd6d85201,4d4b770eb23020c06f35a5307dcfcdb22f36481f21efe4502c3a2834046a5e0c,180fd6428059fb86b05391f3126ffbe5e3e253cb402256ee0f550b31e0a94af2,1a89ca0eeaed234d3bbe21f1a74863697e64e7e76de3cb1462384825d83798c6,481beff25f31fffb3a783835f12f961db092fcb0f86b9f57b1d78dc226a62eb3,114,134,322,180
192,in-house,213,O=C1C2=C(CC(CC)CCCC)SC(CC(CC)CCCC)=C2C(C3=C(C4=CC=C(C5=CC(C(C6=CC(F)=C(CC(CC)CCCC)S6)=C(SC=C7)C7=C8C9=CC(F)=C(CC(CC)CCCC)S9)=C8S5)S4)SC(C%10=CC=CS%10)=C31)=O,N#C/C(C#N)=C(C1=CC=CC=C1C2=O)/C2=C/C3=CC4=C(C5=C(C=C6C(C(CCCCCC)(CCCCCC)C7=C6SC(/C=C8/C(C9=CC=CC=C9C8=O)=C(C#N)/C#N)=C7)=C5)C4(CCCCCC)CCCCCC)S3,11.5,O=C1C2=C(CC(CC)CCCC)SC(CC(CC)CCCC)=C2C(C3=C(C4=CC=C(C5=CC(C(C6=CC(F)=C(CC(CC)CCCC)S6)=C(SC=C7)C7=C8C9=CC(F)=C(CC(CC)CCCC)S9)=C8S5)S4)SC(C%10=CC=CS%10)=C31)=O||N#C/C(C#N)=C(C1=CC=CC=C1C2=O)/C2=C/C3=CC4=C(C5=C(C=C6C(C(CCCCCC)(CCCCCC)C7=C6SC(/C=C8/C(C9=CC=CC=C9C8=O)=C(C#N)/C#N)=C7)=C5)C4(CCCCCC)CCCCCC)S3,65482d735aa1f382b817dd8d95b1689b39b0b3c26138949c2680844f1b1f5ea0,0cc00e1ba2d95fe8288dc072edf395ee6fc3678daa4e12f6703c7be7d2c5a409,9dbd40e47554dae7bdeca24a43d666a5de8e72e96c1b06961367b39e71f359bc,ee87a86cf0456873c2c4ad6bb4a143421e6580941ee02aff36d4607c15ca9d59,6141bdfc88b894f14efe2c8a00d11d905300153f6d72a93d4da46233279b8db6,720,1108,438,181
193,in-house,214,FC(C(OCC(CCCCCC)CCCCCCCC)=C(C1=NSN=C21)C3=CC=C(S3)C4=CC5=C(C6=C(C(C7=CC=C(S7)CC(CCCC)CC)=C5S4)C=C(C)S6)C8=CC=C(S8)CC(CC)CCCC)=C2C9=CC=C(C)S9,c12cc(c(cc1C(=O)/C(=C\c1sc(c(c1OCCCCCC)OCCCCCC)c1cc3c(s1)c1c(C3(c3ccc(cc3)CCCCCC)c3ccc(cc3)CCCCCC)cc3c(c1)C(c1c3sc(c1)c1c(c(c(s1)/C=C\1/C(=C(C#N)C#N)c3c(C1=O)cc(c(c3)F)F)OCCCCCC)OCCCCCC)(c1ccc(cc1)CCCCCC)c1ccc(cc1)CCCCCC)/C2=C(C#N)C#N)F)F,11.5,FC(C(OCC(CCCCCC)CCCCCCCC)=C(C1=NSN=C21)C3=CC=C(S3)C4=CC5=C(C6=C(C(C7=CC=C(S7)CC(CCCC)CC)=C5S4)C=C(C)S6)C8=CC=C(S8)CC(CC)CCCC)=C2C9=CC=C(C)S9||c12cc(c(cc1C(=O)/C(=C\c1sc(c(c1OCCCCCC)OCCCCCC)c1cc3c(s1)c1c(C3(c3ccc(cc3)CCCCCC)c3ccc(cc3)CCCCCC)cc3c(c1)C(c1c3sc(c1)c1c(c(c(s1)/C=C\1/C(=C(C#N)C#N)c3c(C1=O)cc(c(c3)F)F)OCCCCCC)OCCCCCC)(c1ccc(cc1)CCCCCC)c1ccc(cc1)CCCCCC)/C2=C(C#N)C#N)F)F,24d3b6c278d224ca08137e08291886ccaa368c83f90ad2b57be3ad85da1304f1,6d984ed54d172c1a7c57b38a7b3a5f5ffd4e55c4120f904df671bbf0db0f3e7f,f95808e52f8b643689dbf6e1e5c1ebb6cca2d83855f75bd1852b9115e80a7501,f79b5c4b96c034f1fe11b9ccb8d08e7c0770698f392d411c540938a023fd4987,a570826d18a280a4f3c6d7af5238c16ba44e8740f85e6ea1e36dd56c390f8787,1161,1151,761,182
194,in-house,215,CC1=CC(C(C2=CC=C(S2)CC(CCCC)CCCCCC)=C3S4)=C(S1)C(C5=CC=C(CC(CCCCCC)CCCC)S5)=C3C=C4C(S6)=C(CC(CCCC)CC)C=C6C7=NC8=C(S7)N=C(C9=CC(CC(CC)CCCC)=C(C)S9)S8,N#C/C(C#N)=C(C1=CC=CC=C1C2=O)/C2=C/C3=CC4=C(C5=C(C=C6C(C(CCCCCC)(CCCCCC)C7=C6SC(/C=C8/C(C9=CC=CC=C9C8=O)=C(C#N)/C#N)=C7)=C5)C4(CCCCCC)CCCCCC)S3,11.5,CC1=CC(C(C2=CC=C(S2)CC(CCCC)CCCCCC)=C3S4)=C(S1)C(C5=CC=C(CC(CCCCCC)CCCC)S5)=C3C=C4C(S6)=C(CC(CCCC)CC)C=C6C7=NC8=C(S7)N=C(C9=CC(CC(CC)CCCC)=C(C)S9)S8||N#C/C(C#N)=C(C1=CC=CC=C1C2=O)/C2=C/C3=CC4=C(C5=C(C=C6C(C(CCCCCC)(CCCCCC)C7=C6SC(/C=C8/C(C9=CC=CC=C9C8=O)=C(C#N)/C#N)=C7)=C5)C4(CCCCCC)CCCCCC)S3,8f6cafe8ebe10757524f8cc1eb7884c6bab3d8e28854f9290d99fa46c9bb5c56,0cc00e1ba2d95fe8288dc072edf395ee6fc3678daa4e12f6703c7be7d2c5a409,d6b272fc75520f85487a089d1f174038f5e38d3b42851b0c072c8d32d40e3e8b,9ed287c480ea21ff33a7009862ef7de4fbff4db533ae8c731800a155ccc51e77,4d1ec4bf390cc4030df9f5f9c07d0a04b978eeb6a5a6717cb52f8ec9f63c3f08,1021,741,338,183
195,in-house,216,[H]C(C=C1C(C2=C3SC(C4=C(F)C=C(C5=C(C(C6=C(SC(CCCCCCCC)=C6C7=O)CCCCCCCC)=O)C7=C(C8=CC(F)=CS8)S5)S4)=C2)=C9SC(C)=CC9=C3C%10=CC([H])=C(S%10)CCCCCCCC)=C(S1)CCCCCCCC,O=C(C(C=CC=C1)=C1C/2=C(C#N)\C#N)C2=C/C3=CC4=C(C(C5(CCCCCCCC)CCCCCCCC)=C(C6=C5C7=C(C=C(S7)/C=C8C(C9=C(C=CC=C9)C\8=C(C#N)\C#N)=O)S6)S4)S3,11.5,[H]C(C=C1C(C2=C3SC(C4=C(F)C=C(C5=C(C(C6=C(SC(CCCCCCCC)=C6C7=O)CCCCCCCC)=O)C7=C(C8=CC(F)=CS8)S5)S4)=C2)=C9SC(C)=CC9=C3C%10=CC([H])=C(S%10)CCCCCCCC)=C(S1)CCCCCCCC||O=C(C(C=CC=C1)=C1C/2=C(C#N)\C#N)C2=C/C3=CC4=C(C(C5(CCCCCCCC)CCCCCCCC)=C(C6=C5C7=C(C=C(S7)/C=C8C(C9=C(C=CC=C9)C\8=C(C#N)\C#N)=O)S6)S4)S3,207c5374cab9cab480ca09069403e45fa26ce90f96e97882a56aeac2c45d119c,bb601cf1c9ccbc7bc8fc4ac9869e9976f6338ce336b3430fa947c3a07ee1784b,e8e7a92d2181b45bbbe7bd316b48c4b89ca0f44b28f95a93845778dd4942596b,65c1985fe77aeaa4ff85e6a891629a27997ad78a6e957c6bafed9a923cdf7b61,b06160b887c780d6c7f95bc8ebe71a5f8b465591100107256a738d9550b543b2,1098,486,811,184
196,in-house,217,FC(C=C(C1=C2SC=CC2=C(C3=CC(F)=C(CC(CCCC)CC)S3)C4=C1C=C(C5=CC=C(C6=C(C(C(C7=C(CC(CCCC)CC)SC(CC(CC)CCCC)=C78)=O)=C(C9=CC=CC9)S6)C8=O)S5)S4)S%10)=C%10CC(CC)CCCC,[H]C1=C(C(F)=C(C(C2=CC(C(CC(CCCC)CC)(CC(CCCC)CC)C3=C4SC(/C=C5C(C6=CC(F)=C(C=C6C\5=C(C#N)\C#N)F)=O)=C3)=C4S2)=C1F)[H])C7=CC8=C(C9=C(C8(CC(CCCC)CC)CC(CCCC)CC)C=C(/C=C%10C(C%11=CC(F)=C(C=C%11C\%10=C(C#N)/C#N)S)=O)S9)S7,11.49,FC(C=C(C1=C2SC=CC2=C(C3=CC(F)=C(CC(CCCC)CC)S3)C4=C1C=C(C5=CC=C(C6=C(C(C(C7=C(CC(CCCC)CC)SC(CC(CC)CCCC)=C78)=O)=C(C9=CC=CC9)S6)C8=O)S5)S4)S%10)=C%10CC(CC)CCCC||[H]C1=C(C(F)=C(C(C2=CC(C(CC(CCCC)CC)(CC(CCCC)CC)C3=C4SC(/C=C5C(C6=CC(F)=C(C=C6C\5=C(C#N)\C#N)F)=O)=C3)=C4S2)=C1F)[H])C7=CC8=C(C9=C(C8(CC(CCCC)CC)CC(CCCC)CC)C=C(/C=C%10C(C%11=CC(F)=C(C=C%11C\%10=C(C#N)/C#N)S)=O)S9)S7,61eee9608e36bdb1d3a96a3ad1baa39916f3a546e29d11481966a5a2d3d30f3c,fe6ed285eec600eba55999980aea61977732103855d0aec642f160b3c1387a9c,108c59ee50e993052e9e69515789c4055866c9b58c2d5175a553854716433316,b3e3f38c3eb07f15bf75ac0998f4c858d135a53532fbf870683106e1be44a818,ed20cd9cc90afdfa30a27fb366c4c447fec352a8f390f2fe092df2b84267900c,73,812,1114,185
197,in-house,218,CC1=CC=C(C2=CC(C(N=C(C(C3=CC=C(S3)CCCCCCCC)=N4)C5=CC=C(S5)CCCCCCCC)=C4C(C6=CC=C(C7=CC8=C(C9=CC=C(SCC(CCCC)CCCCCC)S9)C(SC(C)=C%10)=C%10C(C%11=CC=C(SCC(CCCC)CCCCCC)S%11)=C8S7)S6)=C%12)=C%12C%13=C2N=C(C%14=CC=C(S%14)CCCCCCCC)C(C%15=CC=C(S%15)CCCCCCCC)=N%13)S1,c12cc3c(cc1C(c1c2sc2c1sc(c2)/C=C\1/C(=C(C#N)C#N)c2c(C1=O)cccc2)(c1ccc(cc1)CCCCCC)c1ccc(cc1)CCCCCC)c1c(C3(c2ccc(cc2)CCCCCC)c2ccc(cc2)CCCCCC)c2c(s1)cc(s2)/C=C\1/C(=C(C#N)C#N)c2c(C1=O)cccc2,11.47,CC1=CC=C(C2=CC(C(N=C(C(C3=CC=C(S3)CCCCCCCC)=N4)C5=CC=C(S5)CCCCCCCC)=C4C(C6=CC=C(C7=CC8=C(C9=CC=C(SCC(CCCC)CCCCCC)S9)C(SC(C)=C%10)=C%10C(C%11=CC=C(SCC(CCCC)CCCCCC)S%11)=C8S7)S6)=C%12)=C%12C%13=C2N=C(C%14=CC=C(S%14)CCCCCCCC)C(C%15=CC=C(S%15)CCCCCCCC)=N%13)S1||c12cc3c(cc1C(c1c2sc2c1sc(c2)/C=C\1/C(=C(C#N)C#N)c2c(C1=O)cccc2)(c1ccc(cc1)CCCCCC)c1ccc(cc1)CCCCCC)c1c(C3(c2ccc(cc2)CCCCCC)c2ccc(cc2)CCCCCC)c2c(s1)cc(s2)/C=C\1/C(=C(C#N)C#N)c2c(C1=O)cccc2,6dcc5b863690afca4dd789eee22417813b9af7fa02fe78e252229a14222cd301,202f8607af2cecb83e86b2e4305f8c7e2852bc709bb805b9055691d46a9081c5,e98c623b51f2aea4046b2894f0b0768ed9e2009ef86e0682e3bf2a8b24870e4c,ca578e4a32940912ad8d37d3597723420bf16088f941a0c55783eb2487a96d7b,d48d952594fc8fa28993ad73cb2700fd1416130d37c62add31c948a40d0ac597,1102,929,970,186
198,in-house,220,O=C(C1=C(CCC(CCCC)CC)SC(CCC(CC)CCCC)=C1C2=O)C(C2=C(C3)C(C4)=CC=C4C5=CC6=C(C(C7=CC=C(CCC(CCCC)CC)S7)=C8C=CSC8=C6C9=CC=C(CCC(CCCC)CC)S9)S5)=C3C%10=CC=CS%10,O=C(C1=CC=C(Cl)C=C1C/2=C(C#N)/C#N)C2=C/C3=CC4=C(S3)C5=CC6=C(C=C5C4(CCCCCCCC)CCCCCCCC)C7=C(C=C8C9=C(C=C(S9)/C=C%10C(C%11=CC=C(Cl)C=C%11C\%10=C(C#N)/C#N)=O)C(CCCCCCCC)(CCCCCCCC)C8=C7)C(CCCCCCCC)6CCCCCCCC,11.47,O=C(C1=C(CCC(CCCC)CC)SC(CCC(CC)CCCC)=C1C2=O)C(C2=C(C3)C(C4)=CC=C4C5=CC6=C(C(C7=CC=C(CCC(CCCC)CC)S7)=C8C=CSC8=C6C9=CC=C(CCC(CCCC)CC)S9)S5)=C3C%10=CC=CS%10||O=C(C1=CC=C(Cl)C=C1C/2=C(C#N)/C#N)C2=C/C3=CC4=C(S3)C5=CC6=C(C=C5C4(CCCCCCCC)CCCCCCCC)C7=C(C=C8C9=C(C=C(S9)/C=C%10C(C%11=CC=C(Cl)C=C%11C\%10=C(C#N)/C#N)=O)C(CCCCCCCC)(CCCCCCCC)C8=C7)C(CCCCCCCC)6CCCCCCCC,6f31f3770fd225e382586e20513744e11a328b7cc74c758d48628417c600a02b,b3e40ff429e054dc684a6361009cc39219423b0b1a0291f248d2d008df89e511,ce438dc43abf6f768a971fc6ee61ec38bbe9c7a33d6d1c7a6d8a5ff6ef89148a,4fabd9a8cdcd2d033589984e670976ee3f5c8453722da68e49d0b1e402179462,588f33bebbcb2b62f8515e2515a730da52527cff2179a623fbc185a973a6bd44,982,382,394,187
199,in-house,221,FC(C=C(C1=C2SC=CC2=C(C3=CC(F)=C(CC(CCCC)CC)S3)C4=C1C=C(C5=CC=C(C6=C(C(C(C7=C(CC(CCCC)CC)SC(CC(CC)CCCC)=C78)=O)=C(C9=CC=CC9)S6)C8=O)S5)S4)S%10)=C%10CC(CC)CCCC,O=C1C(/C(C2=CC(Cl)=C(Cl)C=C21)=C(C#N)/C#N)=C\C3=CC4=C(C5=C(S4)C(C(C(C6=CC=C(C=C6)CCCCCC)5C7=CC=C(CCCCCC)C=C7)=C8)=CC9=C8C%10=C(C(C%11=CC=C(CCCCCC)C=C%11)9C%12=CC=C(CCCCCC)C=C%12)C(S%13)=C(S%10)C=C%13/C=C%14/C(C%15=CSC=C%15C%14=O)=C(C#N)/C#N)S3,11.45,FC(C=C(C1=C2SC=CC2=C(C3=CC(F)=C(CC(CCCC)CC)S3)C4=C1C=C(C5=CC=C(C6=C(C(C(C7=C(CC(CCCC)CC)SC(CC(CC)CCCC)=C78)=O)=C(C9=CC=CC9)S6)C8=O)S5)S4)S%10)=C%10CC(CC)CCCC||O=C1C(/C(C2=CC(Cl)=C(Cl)C=C21)=C(C#N)/C#N)=C\C3=CC4=C(C5=C(S4)C(C(C(C6=CC=C(C=C6)CCCCCC)5C7=CC=C(CCCCCC)C=C7)=C8)=CC9=C8C%10=C(C(C%11=CC=C(CCCCCC)C=C%11)9C%12=CC=C(CCCCCC)C=C%12)C(S%13)=C(S%10)C=C%13/C=C%14/C(C%15=CSC=C%15C%14=O)=C(C#N)/C#N)S3,61eee9608e36bdb1d3a96a3ad1baa39916f3a546e29d11481966a5a2d3d30f3c,d401c50bb0adb3ddbcde1681793259cd392a5fb38250f372c367ea2394e26cd5,b890e833bfa1a299d0b7b423cc0ecd8057ee659ee12718c91461d0c378239940,fec8be625a5c944e38b9308a80a1d21726b3e2aa8179c38d45391ec7e57a4cfd,39b71f83cff3076965df17de24864ae8b9c282861af4065f04945ba094a0686a,869,1184,252,188
200,in-house,223,O=C1C2=C(CC(CC)CCCC)SC(CC(CC)CCCC)=C2C(C3=C(C4=CC=C(C5=CC(C(C6=CC(F)=C(CC(CC)CCCC)S6)=C(SC=C7)C7=C8C9=CC(F)=C(CC(CC)CCCC)S9)=C8S5)S4)SC(C%10=CC=CS%10)=C31)=O,CCCCCCC1=CC=CC=C1.FC2=CC(C(/C3=C/C4=C(CC)C5=C(S4)C(C(C6=CC=C(CCCCCC)C=C6)(C7=CC=C(CCCCCC)C=C7)C(C8=C9C)=C%10SC8=CC%11=C9SC%12=C%11[C@](C%13=CC=C(CCCCCC)C=C%13)(C%14=C%12SC%15=C%14SC(/C=C%16/C(C%17=C(C%16=O)C=C(F)C(F)=C%17)=C(C#N)\[N+]#[C-])=C%15CC)C)=C%10S5)=C(C#N)/C#N)=C(C3=O)C=C2F,11.43,O=C1C2=C(CC(CC)CCCC)SC(CC(CC)CCCC)=C2C(C3=C(C4=CC=C(C5=CC(C(C6=CC(F)=C(CC(CC)CCCC)S6)=C(SC=C7)C7=C8C9=CC(F)=C(CC(CC)CCCC)S9)=C8S5)S4)SC(C%10=CC=CS%10)=C31)=O||CCCCCCC1=CC=CC=C1.FC2=CC(C(/C3=C/C4=C(CC)C5=C(S4)C(C(C6=CC=C(CCCCCC)C=C6)(C7=CC=C(CCCCCC)C=C7)C(C8=C9C)=C%10SC8=CC%11=C9SC%12=C%11[C@](C%13=CC=C(CCCCCC)C=C%13)(C%14=C%12SC%15=C%14SC(/C=C%16/C(C%17=C(C%16=O)C=C(F)C(F)=C%17)=C(C#N)\[N+]#[C-])=C%15CC)C)=C%10S5)=C(C#N)/C#N)=C(C3=O)C=C2F,65482d735aa1f382b817dd8d95b1689b39b0b3c26138949c2680844f1b1f5ea0,36098c82c1229a3cfab4c26b1419d9ff3999b93ed0c6b67a1c28259e118b6ce0,8e2004241b1bad52a1bcb0863aab6af8e18373516e2e53e9a93ba01b1f2c0c36,cb7c0dd706dac91c3c4d7727a0b13e7cf16bf7e628eed5c0dc45e0257e0ba6f4,eed723fa531f6427aa9bb325b731d58d1cf20fbc545c66d881c2e668710bd87f,656,936,1120,189
201,in-house,224,CC1=CC2=C(S1)C(C3=CC=C([Si](CCC)(CCC)CCC)S3)=C4C=C(C5=CC=C(C6=C(F)C(F)=C(C7=CC=C(S7)C)C8=NN(CC(CCCCCCCC)CCCCCC)N=C68)S5)SC4=C2C9=CC=C([Si](CCC)(CCC)CCC)S9,c12cc3c(cc1C(c1c2sc2c1sc(c2)/C=C\1/C(=C(C#N)C#N)c2c(C1=O)cccc2)(c1ccc(cc1)CCCCCC)c1ccc(cc1)CCCCCC)c1c(C3(c2ccc(cc2)CCCCCC)c2ccc(cc2)CCCCCC)c2c(s1)cc(s2)/C=C\1/C(=C(C#N)C#N)c2c(C1=O)cccc2,11.41,CC1=CC2=C(S1)C(C3=CC=C([Si](CCC)(CCC)CCC)S3)=C4C=C(C5=CC=C(C6=C(F)C(F)=C(C7=CC=C(S7)C)C8=NN(CC(CCCCCCCC)CCCCCC)N=C68)S5)SC4=C2C9=CC=C([Si](CCC)(CCC)CCC)S9||c12cc3c(cc1C(c1c2sc2c1sc(c2)/C=C\1/C(=C(C#N)C#N)c2c(C1=O)cccc2)(c1ccc(cc1)CCCCCC)c1ccc(cc1)CCCCCC)c1c(C3(c2ccc(cc2)CCCCCC)c2ccc(cc2)CCCCCC)c2c(s1)cc(s2)/C=C\1/C(=C(C#N)C#N)c2c(C1=O)cccc2,eaf1916a35a7483d8caf5815ff5e1ea653d31569a8b350b0b99530cf692c3bfb,202f8607af2cecb83e86b2e4305f8c7e2852bc709bb805b9055691d46a9081c5,8cef40b055d4e0ec062aea51be137f1d18e05e0edef4b9f0e1bbf8bde1300ec0,ab38bfd9d36816b427af166cfaee06d96fded9df5f76149451109cb1f87b6b54,7b41f473e28aac3df3cd3e32b8d25d7ec8a2f48d5b7722612137a9f7a7fcc9d6,649,787,558,190
202,in-house,225,CC1=CC2=C(C(C([Se]3)=CC=C3[Si](CCC)(CCC)CCC)=C4C=C(SC4=C2C5=CC=C([Se]5)[Si](CCC)(CCC)CCC)C6=CC=C(S6)C(C7[N]N([N]C7C(C8=CC=C(C)S8)=C9F)CC(CCCCCC)CCCCCCCC)=C9F)S1,c12cc3c(cc1C(c1c2sc2c1sc(c2)/C=C\1/C(=C(C#N)C#N)c2c(C1=O)cccc2)(c1cccc(c1)CCCCCC)c1cc(ccc1)CCCCCC)c1c(C3(c2cc(ccc2)CCCCCC)c2cccc(c2)CCCCCC)c2c(s1)cc(s2)/C=C\1/C(=C(C#N)C#N)c2c(C1=O)cccc2,11.41,CC1=CC2=C(C(C([Se]3)=CC=C3[Si](CCC)(CCC)CCC)=C4C=C(SC4=C2C5=CC=C([Se]5)[Si](CCC)(CCC)CCC)C6=CC=C(S6)C(C7[N]N([N]C7C(C8=CC=C(C)S8)=C9F)CC(CCCCCC)CCCCCCCC)=C9F)S1||c12cc3c(cc1C(c1c2sc2c1sc(c2)/C=C\1/C(=C(C#N)C#N)c2c(C1=O)cccc2)(c1cccc(c1)CCCCCC)c1cc(ccc1)CCCCCC)c1c(C3(c2cc(ccc2)CCCCCC)c2cccc(c2)CCCCCC)c2c(s1)cc(s2)/C=C\1/C(=C(C#N)C#N)c2c(C1=O)cccc2,6cc8dffccccdd1d9658e08570b70f136ec4f0a8e26c06f3663376390b36152b2,50864152acede518837f13b246d168a2c910162b60d24eaca8a12069a3584c43,79f571d0bdbb613d5f796a5f619ae8dc7fc2650e40adf66d08f9158923ea044a,895a93a2c60ff4822dfb298be4cb95ce27afe4705d5c408380c087d0c85e5a34,76bb24ce65c1d80a6ad7abf4b0e02a07e6b633c06dd689f1df3039e451e06f77,560,647,533,191
203,in-house,226,O=C(C1=C(CCC(CCCC)CC)SC(CCC(CC)CCCC)=C1C2=O)C(C2=C(C3)C(C4)=CC=C4C5=CC6=C(C(C7=CC=C(CCC(CCCC)CC)S7)=C8C=CSC8=C6C9=CC=C(CCC(CCCC)CC)S9)S5)=C3C%10=CC=CS%10,CCCCCCC1=CC=C(C2(C3=CC=C(C=C3)CCCCCC)C4=C(C=C(C5=C4)C(C(C=C6)=CC=C6CCCCCC)(C7=C5SC8=C7SC(/C=C9C(C%10=C(C\9=C(C#N)/C#N)C=CC(F)=C%10)=O)=C8)C(C=C%11)=CC=C%11CCCCCC)C%12=C2C%13=C(C(SC(/C=C(C%14=O)/C(C%15=C%14C=C(F)C=C%15)=C(C#N)\C#N)=C%16)=C%16N%13CCCCCCCC)S%12)C=C1,11.4,O=C(C1=C(CCC(CCCC)CC)SC(CCC(CC)CCCC)=C1C2=O)C(C2=C(C3)C(C4)=CC=C4C5=CC6=C(C(C7=CC=C(CCC(CCCC)CC)S7)=C8C=CSC8=C6C9=CC=C(CCC(CCCC)CC)S9)S5)=C3C%10=CC=CS%10||CCCCCCC1=CC=C(C2(C3=CC=C(C=C3)CCCCCC)C4=C(C=C(C5=C4)C(C(C=C6)=CC=C6CCCCCC)(C7=C5SC8=C7SC(/C=C9C(C%10=C(C\9=C(C#N)/C#N)C=CC(F)=C%10)=O)=C8)C(C=C%11)=CC=C%11CCCCCC)C%12=C2C%13=C(C(SC(/C=C(C%14=O)/C(C%15=C%14C=C(F)C=C%15)=C(C#N)\C#N)=C%16)=C%16N%13CCCCCCCC)S%12)C=C1,6f31f3770fd225e382586e20513744e11a328b7cc74c758d48628417c600a02b,d6e935ff0ea864ea15b4a4980832bb8a2378121499d0f2ede0da96f20cee6772,2fba24e23d98d16805a6e11ad06923154b83f2aa2e6d4b4c21e25ec1279c1dca,10874ad090bd311583f80b412d4725c26291bb6ac6ba0eda09b4ca02dbbe59a5,da288162a8dbf79a8a2f91305da2e0b3da49aff370eb739b6e6fecb9b0d83274,213,81,1004,192
204,in-house,227,O=C1C2=C(CC(CC)CCCC)SC(CC(CC)CCCC)=C2C(C3=C(C4=CC=C(C5=CC(C(C6=CC(F)=C(CC(CC)CCCC)S6)=C(SC=C7)C7=C8C9=CC(F)=C(CC(CC)CCCC)S9)=C8S5)S4)SC(C%10=CC=CS%10)=C31)=O,O=C(C1=C(C=C(Cl)C(Cl)=C1)C/2=C(C#N)\C#N)C2=C/C3=CC4=C(C5=C(C(C6=CC=C(CCCCCC)C=C6)4C7=CC=C(CCCCCC)C=C7)C8=C(S5)C(C9=CC=C(CCCCCC)C=C9)=C%10C(C(C%11=CC=C(CCCCCC)C=C%11)(C%12=C%13SC(/C=C%14C(C%15=C(C=C(Cl)C(Cl)=C%15)C\%14=C(C#N)\C#N)=O)=C%12)C%16=CC=C(CCCCCC)C=C%16)=C%13SC%10=C8C%17=CC=C(CCCCCC)C=C%17)S3,11.4,O=C1C2=C(CC(CC)CCCC)SC(CC(CC)CCCC)=C2C(C3=C(C4=CC=C(C5=CC(C(C6=CC(F)=C(CC(CC)CCCC)S6)=C(SC=C7)C7=C8C9=CC(F)=C(CC(CC)CCCC)S9)=C8S5)S4)SC(C%10=CC=CS%10)=C31)=O||O=C(C1=C(C=C(Cl)C(Cl)=C1)C/2=C(C#N)\C#N)C2=C/C3=CC4=C(C5=C(C(C6=CC=C(CCCCCC)C=C6)4C7=CC=C(CCCCCC)C=C7)C8=C(S5)C(C9=CC=C(CCCCCC)C=C9)=C%10C(C(C%11=CC=C(CCCCCC)C=C%11)(C%12=C%13SC(/C=C%14C(C%15=C(C=C(Cl)C(Cl)=C%15)C\%14=C(C#N)\C#N)=O)=C%12)C%16=CC=C(CCCCCC)C=C%16)=C%13SC%10=C8C%17=CC=C(CCCCCC)C=C%17)S3,65482d735aa1f382b817dd8d95b1689b39b0b3c26138949c2680844f1b1f5ea0,5b0e7bfc820ab116e1e8c33b33d190dc0e12297599c5266ea938bb7b208039d7,a234030cdcc9ff4bb712d65ba6e6f40e81b218bea414a39f584ce627bcb9b9b9,1e645f6b5c794ff90d81eb9275a1bf0db900b0d4c12167fcc5989e51227c5f96,a496a7bc7a88d353cb42befed24a7d34535753d574716d5255d8b660b525dfa6,753,150,756,193
205,in-house,228,O=C(C1=C(CCC(CCCC)CC)SC(CCC(CC)CCCC)=C1C2=O)C(C2=C(C3)C(C4)=CC=C4C5=CC6=C(C(C7=CC=C(CCC(CCCC)CC)S7)=C8C=CSC8=C6C9=CC=C(CCC(CCCC)CC)S9)S5)=C3C%10=CC=CS%10,O=C(C1=C(C/2=C(C#N)/C#N)C=CS1)C2=C/C3=CC(SC4=C5C(C6=CC=C(C=C6)CCCCCC)(C7=C4C=C8C(C(C=C9)=CC=C9CCCCCC)(C%10=C(C8=C7)SC%11=C%10SC(/C=C%12C(C%13=C(C\%12=C(C#N)/C#N)C=CS%13)=O)=C%11)C%14=CC=C(C=C%14)CCCCCC)C%15=CC=C(CCCCCC)C=C%15)=C5S3,11.4,O=C(C1=C(CCC(CCCC)CC)SC(CCC(CC)CCCC)=C1C2=O)C(C2=C(C3)C(C4)=CC=C4C5=CC6=C(C(C7=CC=C(CCC(CCCC)CC)S7)=C8C=CSC8=C6C9=CC=C(CCC(CCCC)CC)S9)S5)=C3C%10=CC=CS%10||O=C(C1=C(C/2=C(C#N)/C#N)C=CS1)C2=C/C3=CC(SC4=C5C(C6=CC=C(C=C6)CCCCCC)(C7=C4C=C8C(C(C=C9)=CC=C9CCCCCC)(C%10=C(C8=C7)SC%11=C%10SC(/C=C%12C(C%13=C(C\%12=C(C#N)/C#N)C=CS%13)=O)=C%11)C%14=CC=C(C=C%14)CCCCCC)C%15=CC=C(CCCCCC)C=C%15)=C5S3,6f31f3770fd225e382586e20513744e11a328b7cc74c758d48628417c600a02b,7d6d487d6182ffc91e3d540c6b4e194236c4a5c6de58c9f73b2fe82fecf56c74,61d2b074b0d28ffd7eb508531e6006e2bde9a3eb56503e3ad898c018e48258f9,dbda4f6bf9ee4417ba7ada56b6826ffa80334347fd13a24504474d75e8bccb8a,7394fb00c77b394d8c6b16576ba1347a87fccbc7e1d048119935d80fa9f86408,442,1014,527,194
206,in-house,231,CC1=CC2=C(S1)C(C3=CC=C([Si](CCC)(CCC)CCC)S3)=C4C=C(C5=CC=C(C6=C(F)C(F)=C(C7=CC=C(S7)C)C8=NN(CC(CCCCCCCC)CCCCCC)N=C68)S5)SC4=C2C9=CC=C([Si](CCC)(CCC)CCC)S9,CCCCCCC(C(SC1=C2C(C3=CC=C(C=C3)CCCCCC)(C(C=C4C5=C6C7=C(C(CCCCCC)=C(S7)/C=C8C(C(C=CC=C9)=C9C\8=C(C#N)\C#N)=O)S5)=C1C=C4C6(C(C=C%10)=CC=C%10CCCCCC)C(C=C%11)=CC=C%11CCCCCC)C(C=C%12)=CC=C%12CCCCCC)=C2S%13)=C%13/C=C%14C(C(C=CC=C%15)=C%15C\%14=C(C#N)/C#N)=O,11.32,CC1=CC2=C(S1)C(C3=CC=C([Si](CCC)(CCC)CCC)S3)=C4C=C(C5=CC=C(C6=C(F)C(F)=C(C7=CC=C(S7)C)C8=NN(CC(CCCCCCCC)CCCCCC)N=C68)S5)SC4=C2C9=CC=C([Si](CCC)(CCC)CCC)S9||CCCCCCC(C(SC1=C2C(C3=CC=C(C=C3)CCCCCC)(C(C=C4C5=C6C7=C(C(CCCCCC)=C(S7)/C=C8C(C(C=CC=C9)=C9C\8=C(C#N)\C#N)=O)S5)=C1C=C4C6(C(C=C%10)=CC=C%10CCCCCC)C(C=C%11)=CC=C%11CCCCCC)C(C=C%12)=CC=C%12CCCCCC)=C2S%13)=C%13/C=C%14C(C(C=CC=C%15)=C%15C\%14=C(C#N)/C#N)=O,eaf1916a35a7483d8caf5815ff5e1ea653d31569a8b350b0b99530cf692c3bfb,c997a1e7769bc1f8237531ecc6396255481a25c0465bbd2f1c5354c862dc4b6e,008d67bf983b2bdd69090a8502c144581b886d93ab087bab11af92c3fc3f6fb0,a5dd0dc025d119f5eb6efd384dbdfb39fca385a85e3f381d897debf2e9efa7d6,a01e1dbd1f1b74f69c84f7ea10d77b731a718df55e011f34aecc99e9fa4a58f9,0,768,730,195
207,in-house,232,CC1=CC2=C(S1)C(C3=CC=C([Si](CCC)(CCC)CCC)S3)=C4C=C(C5=CC=C(C6=C(F)C(F)=C(C7=CC=C(S7)C)C8=NN(CC(CCCCCCCC)CCCCCC)N=C68)S5)SC4=C2C9=CC=C([Si](CCC)(CCC)CCC)S9,O=C1C2=C(C=C(F)C(F)=C2)C(/C1=C/C(S3)=CC4=C3C5=CC(C6(C7=CC=C(CCCCCC)C=C7)C8=CC=C(CCCCCC)C=C8)=C(C=C5C4(C9=CC=C(CCCCCC)C=C9)C%10=CC=C(CCCCCC)C=C%10)C%11=C6C(S%12)=C(S%11)C%13=C%12C%14=CC(C%15(C%16=CC=C(CCCCCC)C=C%16)C%17=CC=C(CCCCCC)C=C%17)=C(C=C%14C%13(C%18=CC=C(CCCCCC)C=C%18)C%19=CC=C(CCCCCC)C=C%19)C%20=C%15C=C(/C=C%21/C(C(C=C(F)C(F)=C%22)=C%22C%21=O)=C(C#N)/C#N)S%20)=C(C#N)\C#N,11.32,CC1=CC2=C(S1)C(C3=CC=C([Si](CCC)(CCC)CCC)S3)=C4C=C(C5=CC=C(C6=C(F)C(F)=C(C7=CC=C(S7)C)C8=NN(CC(CCCCCCCC)CCCCCC)N=C68)S5)SC4=C2C9=CC=C([Si](CCC)(CCC)CCC)S9||O=C1C2=C(C=C(F)C(F)=C2)C(/C1=C/C(S3)=CC4=C3C5=CC(C6(C7=CC=C(CCCCCC)C=C7)C8=CC=C(CCCCCC)C=C8)=C(C=C5C4(C9=CC=C(CCCCCC)C=C9)C%10=CC=C(CCCCCC)C=C%10)C%11=C6C(S%12)=C(S%11)C%13=C%12C%14=CC(C%15(C%16=CC=C(CCCCCC)C=C%16)C%17=CC=C(CCCCCC)C=C%17)=C(C=C%14C%13(C%18=CC=C(CCCCCC)C=C%18)C%19=CC=C(CCCCCC)C=C%19)C%20=C%15C=C(/C=C%21/C(C(C=C(F)C(F)=C%22)=C%22C%21=O)=C(C#N)/C#N)S%20)=C(C#N)\C#N,eaf1916a35a7483d8caf5815ff5e1ea653d31569a8b350b0b99530cf692c3bfb,ab7cb66d9a608c83f77f5465dc2b3858025f4a31c3e8ce381374c3158bcb6283,8bb9088e83c3c969cfa5e6e1e09071bb04a198e1d788c5bd027633150f6ef296,8f70a2312517617122818f73f1f35f4ebff46e0ef91a1a6101945ebe9b245628,0d46dc3fb4f6ac6fe924d41a8c8fd57e492bc1f1a00f79aea807c178a96cac90,642,674,65,196
208,in-house,233,CC1=CC(C(S1)=C(C2=C3SC(C4=C(CC(CCCC)CCCCCC)C=C(C5=NC6=C(C=C(N=C(C7=CC(CC(CCCC)CCCCCC)=C(C)S7)S8)C8=C6)S5)S4)=C2)C9=CC=C(S9)CC(CCCC)CC)=C3C%10=CC=C(S%10)CC(CC)CCCC,O=C(C1=C(C=CC(F)=C1)C/2=C(C#N)\C#N)C2=C/C3=CC(SC4=C5C(C6=CC=C(CCCCCC)C=C6)(C7=CC=C(CCCCCC)C=C7)C8=C4C=C9C(C%10=CC=C(CCCCCC)C=C%10)(C%11=CC=C(C=C%11)CCCCCC)C%12=C(SC%13=C%12SC(/C=C%14C(C%15=C(C=CC(F)=C%15)C\%14=C(C#N)\C#N)=O)=C%13)C9=C8)=C5S3,11.3,CC1=CC(C(S1)=C(C2=C3SC(C4=C(CC(CCCC)CCCCCC)C=C(C5=NC6=C(C=C(N=C(C7=CC(CC(CCCC)CCCCCC)=C(C)S7)S8)C8=C6)S5)S4)=C2)C9=CC=C(S9)CC(CCCC)CC)=C3C%10=CC=C(S%10)CC(CC)CCCC||O=C(C1=C(C=CC(F)=C1)C/2=C(C#N)\C#N)C2=C/C3=CC(SC4=C5C(C6=CC=C(CCCCCC)C=C6)(C7=CC=C(CCCCCC)C=C7)C8=C4C=C9C(C%10=CC=C(CCCCCC)C=C%10)(C%11=CC=C(C=C%11)CCCCCC)C%12=C(SC%13=C%12SC(/C=C%14C(C%15=C(C=CC(F)=C%15)C\%14=C(C#N)\C#N)=O)=C%13)C9=C8)=C5S3,f423d2f2b91cf140967cbfc6005aac4da6da33fda7abf38523066815bc79fdc7,d9ce3028b8032645a15bd52f29a24add951be555bdcb6b242a5386de4a975e5c,9ea02f84a93b0dd4b4ab8b31ae620e6a0d6e9625c2b112ceeda264d815784ee3,846ff3eb4ba4ae7335dbd95855ce3d85dfbcaa7d71dcf508dfc305ff1d51f04f,77ef6ac82f28e577a3c5e142c76b7b76466a005383f20696a8a218c1bc7fb786,723,625,539,197
209,in-house,235,O=C(C1=C(CCC(CCCC)CC)SC(CCC(CC)CCCC)=C1C2=O)C(C2=C(C3)C(C4)=CC=C4C5=CC6=C(C(C7=CC=C(CCC(CCCC)CC)S7)=C8C=CSC8=C6C9=CC=C(CCC(CCCC)CC)S9)S5)=C3C%10=CC=CS%10,O=C(C(C(C/1=C(C#N)/C#N)=C2)=CC(F)=C2F)C1=C/C(S3)=CC4=C3C5=CC(C6(CCCCCCCC)CCCCCCCC)=C(C=C5C4(C7=CC=C(CCCCCC)C=C7)C8=CC=C(CCCCCC)C=C8)C9=C6C(C%10(CCCCCCCC)CCCCCCCC)=C(S9)C%11=C%10C=C(C(SC(/C=C%12/C(C%13=CC(F)=C(F)C=C%13C%12=O)=C(C#N)/C#N)=C%14)=C%14C%15(C%16=CC=C(CCCCCC)C=C%16)C%17=CC=C(CCCCCC)C=C%17)C%15=C%11,11.29,O=C(C1=C(CCC(CCCC)CC)SC(CCC(CC)CCCC)=C1C2=O)C(C2=C(C3)C(C4)=CC=C4C5=CC6=C(C(C7=CC=C(CCC(CCCC)CC)S7)=C8C=CSC8=C6C9=CC=C(CCC(CCCC)CC)S9)S5)=C3C%10=CC=CS%10||O=C(C(C(C/1=C(C#N)/C#N)=C2)=CC(F)=C2F)C1=C/C(S3)=CC4=C3C5=CC(C6(CCCCCCCC)CCCCCCCC)=C(C=C5C4(C7=CC=C(CCCCCC)C=C7)C8=CC=C(CCCCCC)C=C8)C9=C6C(C%10(CCCCCCCC)CCCCCCCC)=C(S9)C%11=C%10C=C(C(SC(/C=C%12/C(C%13=CC(F)=C(F)C=C%13C%12=O)=C(C#N)/C#N)=C%14)=C%14C%15(C%16=CC=C(CCCCCC)C=C%16)C%17=CC=C(CCCCCC)C=C%17)C%15=C%11,6f31f3770fd225e382586e20513744e11a328b7cc74c758d48628417c600a02b,455dc544484dc911d5fb24de681ea60c9584a939a7970e296fb00f1e1008a9a7,0588b9b41419ef3b3334348d398eeee46911caf9ec9ef53911b0e1b570adb2e2,55e491de8b7d25237c1d3934fc1c87465d5d89ff0ab4df05e99c48f728da935f,786b04eb8f2a80fbdf835984b6c9cc80a2bda5d6b49c5c3910431a4de516207d,26,413,543,198
210,in-house,236,O=C(C1=C(CCC(CCCC)CC)SC(CCC(CC)CCCC)=C1C2=O)C(C2=C(C3)C(C4)=CC=C4C5=CC6=C(C(C7=CC=C(CCC(CCCC)CC)S7)=C8C=CSC8=C6C9=CC=C(CCC(CCCC)CC)S9)S5)=C3C%10=CC=CS%10,O=C(C1=C(C/2=C(C#N)\C#N)C=C(C)C(C)=C1)C2=C/C3=CC(SC4=C5C(C6=CC=C(CCCCCC)C=C6)(C7=CC=C(CCCCCC)C=C7)C8=C4C=C9C(C%10=C(C(C%11=CC=C(CCCCCC)C=C%11)9C%12=CC=C(CCCCCC)C=C%12)C(S%13)=C(S%10)C=C%13/C=C(C%14=O)/C(C%15=C%14C=C(C)C(C)=C%15)=C(C#N)/C#N)=C8)=C5S3,11.29,O=C(C1=C(CCC(CCCC)CC)SC(CCC(CC)CCCC)=C1C2=O)C(C2=C(C3)C(C4)=CC=C4C5=CC6=C(C(C7=CC=C(CCC(CCCC)CC)S7)=C8C=CSC8=C6C9=CC=C(CCC(CCCC)CC)S9)S5)=C3C%10=CC=CS%10||O=C(C1=C(C/2=C(C#N)\C#N)C=C(C)C(C)=C1)C2=C/C3=CC(SC4=C5C(C6=CC=C(CCCCCC)C=C6)(C7=CC=C(CCCCCC)C=C7)C8=C4C=C9C(C%10=C(C(C%11=CC=C(CCCCCC)C=C%11)9C%12=CC=C(CCCCCC)C=C%12)C(S%13)=C(S%10)C=C%13/C=C(C%14=O)/C(C%15=C%14C=C(C)C(C)=C%15)=C(C#N)/C#N)=C8)=C5S3,6f31f3770fd225e382586e20513744e11a328b7cc74c758d48628417c600a02b,e1ed0d7508fe9338016c40aca899ff487c08cb54576930e86ea992ff12094bb1,d458f6887fe8cfdd30df712ed4142f19e06c02f6a318241cfca80fdb83a9693d,d264e9671ed04c4fddd10a211e7091b9eb2a87a6551e38feb01d09d5bf3fcf91,5598d6758f8c164e58249ac6cd35d5dba0cbab9510118a28d982a93a0115d195,1010,972,387,199
211,in-house,237,O=C(C1=C(CCC(CCCC)CC)SC(CCC(CC)CCCC)=C1C2=O)C(C2=C(C3)C(C4)=CC=C4C5=CC6=C(C(C7=CC=C(CCC(CCCC)CC)S7)=C8C=CSC8=C6C9=CC=C(CCC(CCCC)CC)S9)S5)=C3C%10=CC=CS%10,O=C(C1=C2C=CS1)C(/C2=C(C#N)\C#N)=C\C3=CC4=C(S3)C(C(C5=CC=C(CCCCCC)C=C5)(C6=CC=C(CCCCCC)C=C6)C7=C8C=C(C(C9=C%10C%11=C(C=C(S%11)/C=C(/C%12=C(C#N)\[N+]#[C-])C(C%13=C%12C=CS%13)=O)S9)=C7)C%10(C%14=CC=C(CCCCCC)C=C%14)C%15=CC=C(CCCCCC)C=C%15)=C8S4,11.27,O=C(C1=C(CCC(CCCC)CC)SC(CCC(CC)CCCC)=C1C2=O)C(C2=C(C3)C(C4)=CC=C4C5=CC6=C(C(C7=CC=C(CCC(CCCC)CC)S7)=C8C=CSC8=C6C9=CC=C(CCC(CCCC)CC)S9)S5)=C3C%10=CC=CS%10||O=C(C1=C2C=CS1)C(/C2=C(C#N)\C#N)=C\C3=CC4=C(S3)C(C(C5=CC=C(CCCCCC)C=C5)(C6=CC=C(CCCCCC)C=C6)C7=C8C=C(C(C9=C%10C%11=C(C=C(S%11)/C=C(/C%12=C(C#N)\[N+]#[C-])C(C%13=C%12C=CS%13)=O)S9)=C7)C%10(C%14=CC=C(CCCCCC)C=C%14)C%15=CC=C(CCCCCC)C=C%15)=C8S4,6f31f3770fd225e382586e20513744e11a328b7cc74c758d48628417c600a02b,ac6855b2f7be76612673208e20fb98b2b88962ccfd601a89b0591d6e05c6efbb,b79b1fc6ff1abfc96f96fb4d458964728bcebf955ca20ac5d686bb4f8c824f97,d89204e77eb9c42ebd1687b710b76587f274b2ae8276f1e48e571e100c3b6ab8,6d983b83b63d83e1cc4278fc0a6f134d47fde59ac34485d4611d361949b19046,866,1002,496,200
212,in-house,238,O=C(C1=C(CCC(CCCC)CC)SC(CCC(CC)CCCC)=C1C2=O)C(C2=C(C3)C(C4)=CC=C4C5=CC6=C(C(C7=CC=C(CCC(CCCC)CC)S7)=C8C=CSC8=C6C9=CC=C(CCC(CCCC)CC)S9)S5)=C3C%10=CC=CS%10,c1(cc2c(cc1F)C(=O)/C(=C\c1cc3c(s1)c1c(s3)c3c(C1(c1ccc(cc1)CCCCCC)c1ccc(cc1)CCCCCC)cc1c(c3)C(c3c1sc1c3sc(c1)/C=C/1\C(=O)c3c(C1=C(C#N)C#N)cc(c(c3)F)F)(c1ccc(cc1)CCCCCC)c1ccc(cc1)CCCCCC)/C2=C(C#N)C#N)F,11.26,O=C(C1=C(CCC(CCCC)CC)SC(CCC(CC)CCCC)=C1C2=O)C(C2=C(C3)C(C4)=CC=C4C5=CC6=C(C(C7=CC=C(CCC(CCCC)CC)S7)=C8C=CSC8=C6C9=CC=C(CCC(CCCC)CC)S9)S5)=C3C%10=CC=CS%10||c1(cc2c(cc1F)C(=O)/C(=C\c1cc3c(s1)c1c(s3)c3c(C1(c1ccc(cc1)CCCCCC)c1ccc(cc1)CCCCCC)cc1c(c3)C(c3c1sc1c3sc(c1)/C=C/1\C(=O)c3c(C1=C(C#N)C#N)cc(c(c3)F)F)(c1ccc(cc1)CCCCCC)c1ccc(cc1)CCCCCC)/C2=C(C#N)C#N)F,6f31f3770fd225e382586e20513744e11a328b7cc74c758d48628417c600a02b,69e17d1724b4236f68d0c6efb6ad16969f13f8980d301d0056747038b20f0c8d,8332b22ad63e13f9b15c75f9f23319c3bcc64b52cea2954ad652267fde2e4b46,28637e448c04e46259c5b0ad9c4b6def7346f4a3b8d2b5a13a3d3759ec108315,04aadc213b7bc50b11a865ef0d356e8d79017db2726b499f18b3e4565b2bbc74,597,201,19,201
213,in-house,239,O=C(C1=C(CCC(CCCC)CC)SC(CCC(CC)CCCC)=C1C2=O)C(C2=C(C3)C(C4)=CC=C4C5=CC6=C(C(C7=CC=C(CCC(CCCC)CC)S7)=C8C=CSC8=C6C9=CC=C(CCC(CCCC)CC)S9)S5)=C3C%10=CC=CS%10,O=C(C1=CSC=C1C/2=C(C#N)/C#N)C2=C/C3=CC4=C(S3)C5=CC6=C(C=C5C4(C7=CC=C(CC(CCCCCC)CCCC)C=C7)C8=CC=C(CC(CCCC)CCCCCC)C=C8)C9=C(C=C%10C%11=C(C=C(S%11)/C=C%12C(C%13=CSC=C%13C\%12=C(C#N)/C#N)=O)C(C%14=CC=C(CC(CCCCCC)CCCC)C=C%14)(C%15=CC=C(CC(CCCC)CCCCCC)C=C%15)C%10=C9)S6,11.25,O=C(C1=C(CCC(CCCC)CC)SC(CCC(CC)CCCC)=C1C2=O)C(C2=C(C3)C(C4)=CC=C4C5=CC6=C(C(C7=CC=C(CCC(CCCC)CC)S7)=C8C=CSC8=C6C9=CC=C(CCC(CCCC)CC)S9)S5)=C3C%10=CC=CS%10||O=C(C1=CSC=C1C/2=C(C#N)/C#N)C2=C/C3=CC4=C(S3)C5=CC6=C(C=C5C4(C7=CC=C(CC(CCCCCC)CCCC)C=C7)C8=CC=C(CC(CCCC)CCCCCC)C=C8)C9=C(C=C%10C%11=C(C=C(S%11)/C=C%12C(C%13=CSC=C%13C\%12=C(C#N)/C#N)=O)C(C%14=CC=C(CC(CCCCCC)CCCC)C=C%14)(C%15=CC=C(CC(CCCC)CCCCCC)C=C%15)C%10=C9)S6,6f31f3770fd225e382586e20513744e11a328b7cc74c758d48628417c600a02b,4b4b4d45c3a2304021b5e137277785f90932d296c2c10d946b851bdfa21bb304,b12d52a55e5a76664fd8bf7b3c6f72636e39c696efc461215c20935e8100606e,3b4aaaf2c6b6164b430b82419e419dee103f834eb8328e13742a43159a8e9063,9155953056ce58314fb8664da9c6843acd4a0aaaaf79c4e280d72d0f2f2e6372,822,287,660,202
214,in-house,240,O=C(C1=C(CCC(CCCC)CC)SC(CCC(CC)CCCC)=C1C2=O)C(C2=C(C3)C(C4)=CC=C4C5=CC6=C(C(C7=CC=C(CCC(CCCC)CC)S7)=C8C=CSC8=C6C9=CC=C(CCC(CCCC)CC)S9)S5)=C3C%10=CC=CS%10,O=C(C(C=CC(C)=C1)=C1C/2=C(C#N)/C#N)C2=C/C3=CC4=C(S3)C5=C(C=C6C(SC7=C8SC(/C=C9C(C%10=C(C=C(C)C=C%10)C\9=C(C#N)/C#N)=O)=C7)=C8C(C%11=CC=C(CCCCCC)C=C%11)(C%12=CC=C(CCCCCC)C=C%12)C6=C5)C4(C%13=CC=C(CCCCCC)C=C%13)C%14=CC=C(CCCCCC)C=C%14,11.23,O=C(C1=C(CCC(CCCC)CC)SC(CCC(CC)CCCC)=C1C2=O)C(C2=C(C3)C(C4)=CC=C4C5=CC6=C(C(C7=CC=C(CCC(CCCC)CC)S7)=C8C=CSC8=C6C9=CC=C(CCC(CCCC)CC)S9)S5)=C3C%10=CC=CS%10||O=C(C(C=CC(C)=C1)=C1C/2=C(C#N)/C#N)C2=C/C3=CC4=C(S3)C5=C(C=C6C(SC7=C8SC(/C=C9C(C%10=C(C=C(C)C=C%10)C\9=C(C#N)/C#N)=O)=C7)=C8C(C%11=CC=C(CCCCCC)C=C%11)(C%12=CC=C(CCCCCC)C=C%12)C6=C5)C4(C%13=CC=C(CCCCCC)C=C%13)C%14=CC=C(CCCCCC)C=C%14,6f31f3770fd225e382586e20513744e11a328b7cc74c758d48628417c600a02b,a5b9075c8252f8cd969e6017bf8b3188162cedc58a6eaeca12a7a76449ea69da,58ecf4c36c6bdd13337183413167920bcd112d135a73c84b2f67770ddbab6624,5675d7f31dd3f9f567869ef1ea9bcf3b04b0a5ad6576113763efc0957d36331c,07e073d7b4cc47bd2e02d2e080c5efca02a25015d8236eb1fff39eddc2bbc667,400,415,41,203
215,in-house,241,O=C(C1=C(CCC(CCCC)CC)SC(CCC(CC)CCCC)=C1C2=O)C(C2=C(C3)C(C4)=CC=C4C5=CC6=C(C(C7=CC=C(CCC(CCCC)CC)S7)=C8C=CSC8=C6C9=CC=C(CCC(CCCC)CC)S9)S5)=C3C%10=CC=CS%10,O=C(/C(S/1)=C/C2=C3SC(C(CCCCCCC)OO)=CC3=C(C4=CC(C5(CCCCCC)CCCCCC)=C(C(C5=C6)=CC7=C6C8=C(C=C(C9=C%10C=C(C(CCCCCCC)OO)SC%10=C(/C=C(C(N/%11CC)=O)\SC%11=C(C#N)\C#N)S9)S8)C7(CCCCCC)CCCCCC)S4)S2)N(C1=C(C#N)/C#N)CC,11.22,O=C(C1=C(CCC(CCCC)CC)SC(CCC(CC)CCCC)=C1C2=O)C(C2=C(C3)C(C4)=CC=C4C5=CC6=C(C(C7=CC=C(CCC(CCCC)CC)S7)=C8C=CSC8=C6C9=CC=C(CCC(CCCC)CC)S9)S5)=C3C%10=CC=CS%10||O=C(/C(S/1)=C/C2=C3SC(C(CCCCCCC)OO)=CC3=C(C4=CC(C5(CCCCCC)CCCCCC)=C(C(C5=C6)=CC7=C6C8=C(C=C(C9=C%10C=C(C(CCCCCCC)OO)SC%10=C(/C=C(C(N/%11CC)=O)\SC%11=C(C#N)\C#N)S9)S8)C7(CCCCCC)CCCCCC)S4)S2)N(C1=C(C#N)/C#N)CC,6f31f3770fd225e382586e20513744e11a328b7cc74c758d48628417c600a02b,c0d03c88c020abf58da6af76c9cb1e05bf4dab19d562eff4670db9bb99b16df8,909d396b4ce99cc4f122741807235fc7e33d730ad098a352f42564bbac1c87d6,ce74ad45c3ed46913609ffa12b103159479887845964af34d3ce2cfceced9267,a582321f52b8c01a2e7a0ffa3749b7c94d04ec4895c8021e97a7609479ca1302,664,950,762,204
216,in-house,242,O=C(C1=C(CCC(CCCC)CC)SC(CCC(CC)CCCC)=C1C2=O)C(C2=C(C3)C(C4)=CC=C4C5=CC6=C(C(C7=CC=C(CCC(CCCC)CC)S7)=C8C=CSC8=C6C9=CC=C(CCC(CCCC)CC)S9)S5)=C3C%10=CC=CS%10,O=C(C(C=CC=C1)=C1C/2=C(C#N)/C#N)C2=C/C3=CC(S4)=C(S3)C5=C4C6=CC7=C(C=C6C5(CCCCCCCCCCCCCCCC)CCCCCCCCCCCCCCCC)C8=C(C(SC(/C=C9C(C(C=CC=C%10)=C%10C\9=C(C#N)\C#N)=O)=C%11)=C%11S8)C7(CCCCCCCCCCCCCCCC)CCCCCCCCCCCCCCCC,11.2,O=C(C1=C(CCC(CCCC)CC)SC(CCC(CC)CCCC)=C1C2=O)C(C2=C(C3)C(C4)=CC=C4C5=CC6=C(C(C7=CC=C(CCC(CCCC)CC)S7)=C8C=CSC8=C6C9=CC=C(CCC(CCCC)CC)S9)S5)=C3C%10=CC=CS%10||O=C(C(C=CC=C1)=C1C/2=C(C#N)/C#N)C2=C/C3=CC(S4)=C(S3)C5=C4C6=CC7=C(C=C6C5(CCCCCCCCCCCCCCCC)CCCCCCCCCCCCCCCC)C8=C(C(SC(/C=C9C(C(C=CC=C%10)=C%10C\9=C(C#N)\C#N)=O)=C%11)=C%11S8)C7(CCCCCCCCCCCCCCCC)CCCCCCCCCCCCCCCC,6f31f3770fd225e382586e20513744e11a328b7cc74c758d48628417c600a02b,15e629060f4bd1f16881c65603cd331ef5c9cf39120d5d0edf91eb3b1b6fe797,170eaf5b2cb52230d8008d68dc9dbe7a4e637faca102e2ba5f5a7dc91f093b2e,933636bd76cf7b923af2cacbbb7506ff11426d1b14da0b564722ca7279ccae89,e21faff6ee5b9ca50e5e7deabaafe9fa1ce00e43471a215f2c170f928e8c498f,108,693,1052,118
217,in-house,244,FC1=C(C(OCC(CCCC)CC)=O)SC2=CSC(C3=CC4=C(C5=C(C(C6=CC=C(CC(CC)CCCC)S6)=C4S3)C=CS5)C7=CC=C(CC(CC)CCCC)S7)=C12,c1c(c(cc2c1C(=C(C2=O)[CH]c1cc2c(s1)c1c(C2(c2ccc(cc2)CCCCCC)c2ccc(cc2)CCCCCC)c2c(s1)c(c1c(c2O[C@H](CCCC)CC)sc2c1C(c1c2sc(c1)/C=C\1/C(=C(C#N)C#N)c2c(C1=O)cc(c(c2)Cl)Cl)(c1ccc(cc1)CCCCCC)c1ccc(cc1)CCCCCC)O[C@@H](CC)CCCC)[C](C#N)C#N)Cl)Cl,11.2,FC1=C(C(OCC(CCCC)CC)=O)SC2=CSC(C3=CC4=C(C5=C(C(C6=CC=C(CC(CC)CCCC)S6)=C4S3)C=CS5)C7=CC=C(CC(CC)CCCC)S7)=C12||c1c(c(cc2c1C(=C(C2=O)[CH]c1cc2c(s1)c1c(C2(c2ccc(cc2)CCCCCC)c2ccc(cc2)CCCCCC)c2c(s1)c(c1c(c2O[C@H](CCCC)CC)sc2c1C(c1c2sc(c1)/C=C\1/C(=C(C#N)C#N)c2c(C1=O)cc(c(c2)Cl)Cl)(c1ccc(cc1)CCCCCC)c1ccc(cc1)CCCCCC)O[C@@H](CC)CCCC)[C](C#N)C#N)Cl)Cl,2249a87c8fc0450476e55f070a85b71ffa6beb368356c28f1302bad8bac422cb,7f57a22df801a82d2b06747f2cebc02406fe45353637e5707d6d77895b958a9c,b1165feea60fd18d90e32bb783bfb1fc7d8fd25d1798face13651891d532847d,9ccaf76e488f08d07e440a0a9b270dc84e66b0fd6e05d2fd61d2f34360c6082f,a79f2975593c70913995190bd55963015451d1e0d590c4170751f4117138da16,821,731,771,205
218,in-house,245,FC1=C(C(OCC(CCCC)CC)=O)SC2=CSC(C3=CC4=C(C5=C(C(C6=CC=C(CC(CC)CCCC)S6)=C4S3)C=CS5)C7=CC=C(CC(CC)CCCC)S7)=C12,FC1=CC(C2=O)=C(C=C1F)C(/C2=C/C3=CC4=C(C5=C(C6=C(C(SC7=C8C(C9=CC=C(CCCCCC)C=C9)(C%10=C7SC%11=C%10SC(C%12=C%13C%14=C(C=C(/C=C(/C(C(C=C%15F)=C%16C=C%15F)=C(C#N)\C#N)C%16=O)S%14)S%12)=C%11C%13(C%17=CC=C(CCCCCC)C=C%17)C%18=CC=C(CCCCCC)C=C%18)C%19=CC=C(CCCCCC)C=C%19)=C8S6)C(C%20=CC=C(CCCCCC)C=C%20)5C%21=CC=C(CCCCCC)C=C%21)S4)S3)=C(C#N)/C#N,11.2,FC1=C(C(OCC(CCCC)CC)=O)SC2=CSC(C3=CC4=C(C5=C(C(C6=CC=C(CC(CC)CCCC)S6)=C4S3)C=CS5)C7=CC=C(CC(CC)CCCC)S7)=C12||FC1=CC(C2=O)=C(C=C1F)C(/C2=C/C3=CC4=C(C5=C(C6=C(C(SC7=C8C(C9=CC=C(CCCCCC)C=C9)(C%10=C7SC%11=C%10SC(C%12=C%13C%14=C(C=C(/C=C(/C(C(C=C%15F)=C%16C=C%15F)=C(C#N)\C#N)C%16=O)S%14)S%12)=C%11C%13(C%17=CC=C(CCCCCC)C=C%17)C%18=CC=C(CCCCCC)C=C%18)C%19=CC=C(CCCCCC)C=C%19)=C8S6)C(C%20=CC=C(CCCCCC)C=C%20)5C%21=CC=C(CCCCCC)C=C%21)S4)S3)=C(C#N)/C#N,2249a87c8fc0450476e55f070a85b71ffa6beb368356c28f1302bad8bac422cb,ca0cc70b423e5aeb50406f41af9735b882456f21d047ea02e63562caa21215b0,84a2590ded2b8e27bf202f069e3631a236a03c2954fc130381e95ffed41fd26a,e82a37a941b81ab5b10553abd3cb42af1cb87fa4d7d74edb89032a6cffd14d95,dceb0faf84407c985c73e31341a19ee932fdd5b914464301125fa88a10ebb62a,605,1070,1026,206
219,in-house,246,CCC(S1)=CC=C1C(C2=C3SC(C(SC4=C(C5=C6SC(C(SC7=C(C8=C9SC(C)=C8)C%10=CC=C(S%10)CC)=CC7=C9C%11=CC=C(CC)S%11)=C5)C%12=CC=C(S%12)CC)=CC4=C6C%13=CC=C(CC)S%13)=C2)=C%14SC(C%15=C(C(C%16=C(SC(CC)=C%16C%17=O)CC)=O)C%17=C(C)S%15)=CC%14=C3C%18=CC=C(CC)S%18,c1(cc2c(cc1F)C(=O)/C(=C\c1cc3c(s1)c1c(s3)c3c(C1(c1ccc(cc1)CCCCCC)c1ccc(cc1)CCCCCC)cc1c(c3)C(c3c1sc1c3sc(c1)/C=C/1\C(=O)c3c(C1=C(C#N)C#N)cc(c(c3)F)F)(c1ccc(cc1)CCCCCC)c1ccc(cc1)CCCCCC)/C2=C(C#N)C#N)F,11.19,CCC(S1)=CC=C1C(C2=C3SC(C(SC4=C(C5=C6SC(C(SC7=C(C8=C9SC(C)=C8)C%10=CC=C(S%10)CC)=CC7=C9C%11=CC=C(CC)S%11)=C5)C%12=CC=C(S%12)CC)=CC4=C6C%13=CC=C(CC)S%13)=C2)=C%14SC(C%15=C(C(C%16=C(SC(CC)=C%16C%17=O)CC)=O)C%17=C(C)S%15)=CC%14=C3C%18=CC=C(CC)S%18||c1(cc2c(cc1F)C(=O)/C(=C\c1cc3c(s1)c1c(s3)c3c(C1(c1ccc(cc1)CCCCCC)c1ccc(cc1)CCCCCC)cc1c(c3)C(c3c1sc1c3sc(c1)/C=C/1\C(=O)c3c(C1=C(C#N)C#N)cc(c(c3)F)F)(c1ccc(cc1)CCCCCC)c1ccc(cc1)CCCCCC)/C2=C(C#N)C#N)F,83a7511e04879d8bebd04b2888e4a72628f04d168047b7c8b6e90cf08f7974a1,69e17d1724b4236f68d0c6efb6ad16969f13f8980d301d0056747038b20f0c8d,a4988a68bbc8f005b36a5e2da07058f6661a3d18effa3d895bc971931654888b,e417f90a4523cd42af975b774ceb0fc14a1b4c219bfa30a59e1cbcaad1c0896f,2283d48efc24f46be334c4003c04d667bb8968c374856759ca2993886588650f,759,1051,139,164
220,in-house,247,O=C(C1=C(CCC(CCCC)CC)SC(CCC(CC)CCCC)=C1C2=O)C(C2=C(C3)C(C4)=CC=C4C5=CC6=C(C(C7=CC=C(CCC(CCCC)CC)S7)=C8C=CSC8=C6C9=CC=C(CCC(CCCC)CC)S9)S5)=C3C%10=CC=CS%10,O=C(C(C=CC(C)=C1)=C1C/2=C(C#N)\C#N)C2=C/C3=CC(CC4=C5C(C6=CC=C(CCCCCC)C=C6)(CCCCCCCC)C7=CC(C8=C(C9(C%10=CC=C(C=C%10)CCCCCC)CCCCCCCC)C%11=C(C=C(S%11)/C=C%12C(C(C=CC(C)=C%13)=C%13C\%12=C(C#N)\C#N)=O)S8)=C9C=C47)=C5S3,11.19,O=C(C1=C(CCC(CCCC)CC)SC(CCC(CC)CCCC)=C1C2=O)C(C2=C(C3)C(C4)=CC=C4C5=CC6=C(C(C7=CC=C(CCC(CCCC)CC)S7)=C8C=CSC8=C6C9=CC=C(CCC(CCCC)CC)S9)S5)=C3C%10=CC=CS%10||O=C(C(C=CC(C)=C1)=C1C/2=C(C#N)\C#N)C2=C/C3=CC(CC4=C5C(C6=CC=C(CCCCCC)C=C6)(CCCCCCCC)C7=CC(C8=C(C9(C%10=CC=C(C=C%10)CCCCCC)CCCCCCCC)C%11=C(C=C(S%11)/C=C%12C(C(C=CC(C)=C%13)=C%13C\%12=C(C#N)\C#N)=O)S8)=C9C=C47)=C5S3,6f31f3770fd225e382586e20513744e11a328b7cc74c758d48628417c600a02b,39f21fcfd9cc5f6e55f040f13d68c44e7530ef47b169eaffb87a607e623ba6d1,18fe6268d08a75a6a42c77f0ae858d8b55bc63b26743d9625af44256997bfa4e,33cd7e36aa2c2252678d946d8a270d32c296ed0f6b2102061d3f7297a041b4de,91215023ff26a9e1c1061f5d560dfbff8ec5f85f9ef23eb89e575ebd0d5bc9bb,119,265,657,207
221,in-house,248,O=C(C1=C(CCC(CCCC)CC)SC(CCC(CC)CCCC)=C1C2=O)C(C2=C(C3)C(C4)=CC=C4C5=CC6=C(C(C7=CC=C(CCC(CCCC)CC)S7)=C8C=CSC8=C6C9=CC=C(CCC(CCCC)CC)S9)S5)=C3C%10=CC=CS%10,c1(cc2c(cc1F)C(=O)/C(=C\c1ccc([se]1)c1sc3c(c1)C(c1c3cc3c(c1)c1c(C3(c3ccc(cc3)CCCCCC)c3ccc(cc3)CCCCCC)cc(s1)c1[se]c(cc1)/C=C/1\C(=O)c3c(C1=C(C#N)C#N)cc(c(c3)F)F)(c1ccc(cc1)CCCCCC)c1ccc(cc1)CCCCCC)/C2=C(C#N)C#N)F,11.19,O=C(C1=C(CCC(CCCC)CC)SC(CCC(CC)CCCC)=C1C2=O)C(C2=C(C3)C(C4)=CC=C4C5=CC6=C(C(C7=CC=C(CCC(CCCC)CC)S7)=C8C=CSC8=C6C9=CC=C(CCC(CCCC)CC)S9)S5)=C3C%10=CC=CS%10||c1(cc2c(cc1F)C(=O)/C(=C\c1ccc([se]1)c1sc3c(c1)C(c1c3cc3c(c1)c1c(C3(c3ccc(cc3)CCCCCC)c3ccc(cc3)CCCCCC)cc(s1)c1[se]c(cc1)/C=C/1\C(=O)c3c(C1=C(C#N)C#N)cc(c(c3)F)F)(c1ccc(cc1)CCCCCC)c1ccc(cc1)CCCCCC)/C2=C(C#N)C#N)F,6f31f3770fd225e382586e20513744e11a328b7cc74c758d48628417c600a02b,a8731b761eeaca4a0c4c9d0956f25212d8a2423d94a33fa7d4f9105213cb42fd,4b9983af08e326643395e7d3cd71e5860ab1d3378dfa2277a4b9da9c0c62226b,cebf378b56f6ee650e3815706d00c891241cd0cea5953b6f6cdde8ac0f747c03,90385f50fd6e82afac25b4604e46363844777911f28513019d9fd12895403c6f,352,951,650,208
222,in-house,249,CC1=CC2=C(S1)C(C3=CC=C([Si](CCC)(CCC)CCC)S3)=C4C=C(C5=CC=C(C6=C(F)C(F)=C(C7=CC=C(S7)C)C8=NN(CC(CCCCCCCC)CCCCCC)N=C68)S5)SC4=C2C9=CC=C([Si](CCC)(CCC)CCC)S9,O=C(C1=C(C=C(F)C(F)=C1)C/2=C(C#N)/C#N)C2=C/C3=CC4=C(S3)C5=CC6=C(C=C5C4(C7=CC=C(CCCCCC)C=C7)C8=CC=C(CCCCCC)C=C8)C9=CC(C(C%10=CC=C(CCCCCC)C=C%10)(C%11=C%12SC(/C=C%13C(C(C=C(F)C(F)=C%14)=C%14C\%13=C(C#N)/C#N)=O)=C%11)C%15=CC=C(CCCCCC)C=C%15)=C%12C=C9N6CCCCCCCCCCCCCCCC,11.18,CC1=CC2=C(S1)C(C3=CC=C([Si](CCC)(CCC)CCC)S3)=C4C=C(C5=CC=C(C6=C(F)C(F)=C(C7=CC=C(S7)C)C8=NN(CC(CCCCCCCC)CCCCCC)N=C68)S5)SC4=C2C9=CC=C([Si](CCC)(CCC)CCC)S9||O=C(C1=C(C=C(F)C(F)=C1)C/2=C(C#N)/C#N)C2=C/C3=CC4=C(S3)C5=CC6=C(C=C5C4(C7=CC=C(CCCCCC)C=C7)C8=CC=C(CCCCCC)C=C8)C9=CC(C(C%10=CC=C(CCCCCC)C=C%10)(C%11=C%12SC(/C=C%13C(C(C=C(F)C(F)=C%14)=C%14C\%13=C(C#N)/C#N)=O)=C%11)C%15=CC=C(CCCCCC)C=C%15)=C%12C=C9N6CCCCCCCCCCCCCCCC,eaf1916a35a7483d8caf5815ff5e1ea653d31569a8b350b0b99530cf692c3bfb,5606192844d6548822c9586cb191f2cc2867900e553a7f90c743b89703e3d271,7ce5d6b846070ecd55ac843bb18b6d7e414656385d3cf0d32980337a6f2efa1c,aa83249dd6c74702e70f99db8f399c1ae23a5e1647344861683837c6aac1ff7c,fd22021f3851e19fbac2923b4f5befdf078457d4d88f0e32aabc2ddd424a7abf,572,783,1181,209
223,in-house,250,FC1=C(F)C=C(N=C(OCC(CCCCCC)CCCCCCCC)C=N2)C2=C1C3=CC=CS3,O=C1C(/C(C2=C1C=CC=C2)=C(C#N)\C#N)=C\C3=CC(C(CCCCCC)(CCCCCC)C4=C5C(OC)=C(C6(CCCCCC)CCCCCC)C(C(S7)=C6C=C7/C=C(/C(C8=C9C=CC=C8)=C(C#N)\C#N)C9=O)=C4OC)=C5S3,11.16,FC1=C(F)C=C(N=C(OCC(CCCCCC)CCCCCCCC)C=N2)C2=C1C3=CC=CS3||O=C1C(/C(C2=C1C=CC=C2)=C(C#N)\C#N)=C\C3=CC(C(CCCCCC)(CCCCCC)C4=C5C(OC)=C(C6(CCCCCC)CCCCCC)C(C(S7)=C6C=C7/C=C(/C(C8=C9C=CC=C8)=C(C#N)\C#N)C9=O)=C4OC)=C5S3,6d0ebf843ec88894476605165efae2bf8fd910afe87a5868bc4b56e85a61a93d,0ca2c6d278fed300a5f8ad24315a05a116bb509d29c702eaa0dbf88b9db646ca,face10c577c3fb4576a838dd5911ffde938a57a135ea7d4e1e1a0a40fae5d5d9,654d99393aeb8cbb7009b5272890f2871dcdd5ffded393e465f7a56695930b41,3d27caba5e0faedab64748b23e0bcb042b2583578c371c6d997da9b56d38735a,1169,484,264,210
224,in-house,251,FC(C=C(C1=C2SC=CC2=C(C3=CC(F)=C(CC(CCCC)CC)S3)C4=C1C=C(C5=CC=C(C6=C(C(C(C7=C(CC(CCCC)CC)SC(CC(CC)CCCC)=C78)=O)=C(C9=CC=CC9)S6)C8=O)S5)S4)S%10)=C%10CC(CC)CCCC,O=C1C(/C(C2=CC(Cl)=CC=C21)=C(C#N)/C#N)=C\C3=CC4=C(C5=C(S4)C(C(C(C6=CC=C(C=C6)CCCCCC)5C7=CC=C(CCCCCC)C=C7)=C8)=CC9=C8C%10=C(C(C%11=CC=C(CCCCCC)C=C%11)9C%12=CC=C(CCCCCC)C=C%12)C(S%13)=C(S%10)C=C%13/C=C%14/C(C%15=CSC=C%15C%14=O)=C(C#N)/C#N)S3,11.13,FC(C=C(C1=C2SC=CC2=C(C3=CC(F)=C(CC(CCCC)CC)S3)C4=C1C=C(C5=CC=C(C6=C(C(C(C7=C(CC(CCCC)CC)SC(CC(CC)CCCC)=C78)=O)=C(C9=CC=CC9)S6)C8=O)S5)S4)S%10)=C%10CC(CC)CCCC||O=C1C(/C(C2=CC(Cl)=CC=C21)=C(C#N)/C#N)=C\C3=CC4=C(C5=C(S4)C(C(C(C6=CC=C(C=C6)CCCCCC)5C7=CC=C(CCCCCC)C=C7)=C8)=CC9=C8C%10=C(C(C%11=CC=C(CCCCCC)C=C%11)9C%12=CC=C(CCCCCC)C=C%12)C(S%13)=C(S%10)C=C%13/C=C%14/C(C%15=CSC=C%15C%14=O)=C(C#N)/C#N)S3,61eee9608e36bdb1d3a96a3ad1baa39916f3a546e29d11481966a5a2d3d30f3c,dab01e4b0a8b0dd08326085a08e57c6021f9f81df96205f4cc81e9536d80fc54,b50e4d4d4f3bd0dba1a81fe8937a0232b18b72317c5f2e728c6afb783642b1ad,af12fea8a4c85e400f676b06ec0d1ea418b64636ad9384df5d57019e8d57ca2b,326910b815628a73991fe751d139d3756ea39c2c592635258034ef95de9c0cd2,848,797,227,211
225,in-house,252,O=C(C1=C(CCC(CCCC)CC)SC(CCC(CC)CCCC)=C1C2=O)C(C2=C(C3)C(C4)=CC=C4C5=CC6=C(C(C7=CC=C(CCC(CCCC)CC)S7)=C8C=CSC8=C6C9=CC=C(CCC(CCCC)CC)S9)S5)=C3C%10=CC=CS%10,O=C(C1=C(C=CC=C1)C/2=C(C#N)/C#N)C2=C/C3=CC4=C(S3)C5=CC6=C(C=C5C4(CCCCCCCC)CCCCCCCC)C7=C(C=C8C9=C(C=C(S9)/C=C%10C(C%11=CC=CC=C%11C\%10=C(C#N)/C#N)=O)C(CCCCCCCC)(CCCCCCCC)C8=C7)C6(CCCCCC)CCCCCC,11.12,O=C(C1=C(CCC(CCCC)CC)SC(CCC(CC)CCCC)=C1C2=O)C(C2=C(C3)C(C4)=CC=C4C5=CC6=C(C(C7=CC=C(CCC(CCCC)CC)S7)=C8C=CSC8=C6C9=CC=C(CCC(CCCC)CC)S9)S5)=C3C%10=CC=CS%10||O=C(C1=C(C=CC=C1)C/2=C(C#N)/C#N)C2=C/C3=CC4=C(S3)C5=CC6=C(C=C5C4(CCCCCCCC)CCCCCCCC)C7=C(C=C8C9=C(C=C(S9)/C=C%10C(C%11=CC=CC=C%11C\%10=C(C#N)/C#N)=O)C(CCCCCCCC)(CCCCCCCC)C8=C7)C6(CCCCCC)CCCCCC,6f31f3770fd225e382586e20513744e11a328b7cc74c758d48628417c600a02b,a6ee7eac000b55438368ee0be0ea7692e3d98de164d7b03c27c0579b9c98612f,d29f9c5fa7ffc524237d6a6476bc8b0cd885bb1ab11a5c1ace37ca0df625ab37,1e36190890eba7c0e188275c10c7ac47164c3f30fd31498eb936f33a00429b03,b8263ae601b90b00e6b6b8b63a2d6a59754a73a3afc214c5a76e3639e4faae29,1006,149,853,212
226,in-house,253,O=C(C1=C(CCC(CCCC)CC)SC(CCC(CC)CCCC)=C1C2=O)C(C2=C(C3)C(C4)=CC=C4C5=CC6=C(C(C7=CC=C(CCC(CCCC)CC)S7)=C8C=CSC8=C6C9=CC=C(CCC(CCCC)CC)S9)S5)=C3C%10=CC=CS%10,FC1=C(C=CC(CCCCCC)=C1)C2(C3=C(C=C(C4=C3)C(C(C=CC(CCCCCC)=C5)=C5F)(C(C=CC(CCCCCC)=C6)=C6F)C7=C4SC8=C7SC(/C=C9C(C%10=CC=CC=C%10C\9=C(C#N)\C#N)=O)=C8)C%11=C2C%12=C(C=C(S%12)/C=C%13C(C%14=CC=CC=C%14C\%13=C(C#N)/C#N)=O)S%11)C(C=CC(CCCCCC)=C%15)=C%15F,11.11,O=C(C1=C(CCC(CCCC)CC)SC(CCC(CC)CCCC)=C1C2=O)C(C2=C(C3)C(C4)=CC=C4C5=CC6=C(C(C7=CC=C(CCC(CCCC)CC)S7)=C8C=CSC8=C6C9=CC=C(CCC(CCCC)CC)S9)S5)=C3C%10=CC=CS%10||FC1=C(C=CC(CCCCCC)=C1)C2(C3=C(C=C(C4=C3)C(C(C=CC(CCCCCC)=C5)=C5F)(C(C=CC(CCCCCC)=C6)=C6F)C7=C4SC8=C7SC(/C=C9C(C%10=CC=CC=C%10C\9=C(C#N)\C#N)=O)=C8)C%11=C2C%12=C(C=C(S%12)/C=C%13C(C%14=CC=CC=C%14C\%13=C(C#N)/C#N)=O)S%11)C(C=CC(CCCCCC)=C%15)=C%15F,6f31f3770fd225e382586e20513744e11a328b7cc74c758d48628417c600a02b,853278b079a340c84aa12dd8578dc69619fbb32c4b944b436af99f98a81b3743,6fc270aacfa06e54d5752351a973158d1784a997f174180ce23b0774fb6eb596,04172774753e75f82e53461c2db551b3eb423bf7176016dd4a4f9f58842f0dfc,2cdc404afc7f6f187bb0cc40257dfd8536613b41d6a5e8368bf4796c268f1022,506,21,195,213
227,in-house,255,O=C(C1=C(CCC(CCCC)CC)SC(CCC(CC)CCCC)=C1C2=O)C(C2=C(C3)C(C4)=CC=C4C5=CC6=C(C(C7=CC=C(CCC(CCCC)CC)S7)=C8C=CSC8=C6C9=CC=C(CCC(CCCC)CC)S9)S5)=C3C%10=CC=CS%10,O=C(C1=C(C=C(Cl)C(Cl)=C1)C/2=C(C#N)\C#N)C2=C/C3=CC(CCCCCCCC)=C(C4=CC5=C(C(C=C6C(C7=CC=C(CCCCCC)C=C7)(C8=CC=C(CCCCCC)C=C8)C9=C(SC(C%10=C(CCCCCCCC)C=C(/C=C%11C(C%12=C(C=C(Cl)C(Cl)=C%12)C\%11=C(C#N)\C#N)=O)S%10)=C9)C6=C%13)=C%13C5(C%14=CC=C(C=C%14)CCCCCC)C%15=CC=C(CCCCCC)C=C%15)S4)S3,11.1,O=C(C1=C(CCC(CCCC)CC)SC(CCC(CC)CCCC)=C1C2=O)C(C2=C(C3)C(C4)=CC=C4C5=CC6=C(C(C7=CC=C(CCC(CCCC)CC)S7)=C8C=CSC8=C6C9=CC=C(CCC(CCCC)CC)S9)S5)=C3C%10=CC=CS%10||O=C(C1=C(C=C(Cl)C(Cl)=C1)C/2=C(C#N)\C#N)C2=C/C3=CC(CCCCCCCC)=C(C4=CC5=C(C(C=C6C(C7=CC=C(CCCCCC)C=C7)(C8=CC=C(CCCCCC)C=C8)C9=C(SC(C%10=C(CCCCCCCC)C=C(/C=C%11C(C%12=C(C=C(Cl)C(Cl)=C%12)C\%11=C(C#N)\C#N)=O)S%10)=C9)C6=C%13)=C%13C5(C%14=CC=C(C=C%14)CCCCCC)C%15=CC=C(CCCCCC)C=C%15)S4)S3,6f31f3770fd225e382586e20513744e11a328b7cc74c758d48628417c600a02b,5ce871f244ea936874e770a3ad0f9068799cd24b7e2aba1e9b1833c643850b26,fe01c0413ffc902a1141ff42f7845f6349b171bca2a81549f9e0a82b3f8eae81,914ff92a61d83fb31967b110ca3860b19c47282d37f1d3ad53f4201d6008a0bb,05eed4dcd2b85f8547b80cae86eb49a35a2a1464dfd6b1a452a77ee6893da4c8,1182,679,22,214
228,in-house,256,FC1=C(C(OCC(CCCC)CC)=O)SC2=CSC(C3=CC4=C(C5=C(C(C6=CC=C(CC(CC)CCCC)S6)=C4S3)C=CS5)C7=CC=C(CC(CC)CCCC)S7)=C12,N#C/C(C#N)=C/C(C1=NSN=C21)=CC=C2C3=CC(C4(CCCCCCCC)CCCCCCCC)=C(C5=CC6=C(C7=C(C6(CCCCCCCC)CCCCCCCC)C=C(C8=CC=C(C9=NSN=C89)/C=C(C#N)\C#N)S7)C=C54)S3,11.1,FC1=C(C(OCC(CCCC)CC)=O)SC2=CSC(C3=CC4=C(C5=C(C(C6=CC=C(CC(CC)CCCC)S6)=C4S3)C=CS5)C7=CC=C(CC(CC)CCCC)S7)=C12||N#C/C(C#N)=C/C(C1=NSN=C21)=CC=C2C3=CC(C4(CCCCCCCC)CCCCCCCC)=C(C5=CC6=C(C7=C(C6(CCCCCCCC)CCCCCCCC)C=C(C8=CC=C(C9=NSN=C89)/C=C(C#N)\C#N)S7)C=C54)S3,2249a87c8fc0450476e55f070a85b71ffa6beb368356c28f1302bad8bac422cb,a943d19034f7608f62678640ae9a9a80d049106aa826f089174d7d912ad5f65c,4b458a52f5c28a55353564dcdebe87f5ecd72f19a2f631a393be32de9713d87b,964fdb9df23bb7d7d6dcbbff5af4900cb8de39a21cda8f13bc5ddbddcea104cd,17d293cff0e95ae5a7dee4df7c68ea15278d06deecab9865fa5487560ff0429b,349,702,107,215
229,in-house,257,CCCCCCC1=C(SC(C2=CC(C(C3=CC=C(S3)CC(CCCC)CC)=C4SC(C)=CC4=C5C6=CC=C(S6)CC(CCCC)CC)=C5S2)=C1F)C,O=C(C1=CC=CC=C1C/2=C(C#N)\C#N)C2=C/C3=CC4=C(C(C(C5=CC=C(CCCCCC)S5)(C6=C7C=C8C(C9=CC=C(S9)CCCCCC)(C%10=CC=C(S%10)CCCCCC)C%11=C(SC%12=C%11SC(/C=C%13C(C%14=CC=CC=C%14C\%13=C(C#N)\C#N)=O)=C%12)C8=C6)C(S%15)=CC=C%15CCCCCC)=C7S4)S3,11.1,CCCCCCC1=C(SC(C2=CC(C(C3=CC=C(S3)CC(CCCC)CC)=C4SC(C)=CC4=C5C6=CC=C(S6)CC(CCCC)CC)=C5S2)=C1F)C||O=C(C1=CC=CC=C1C/2=C(C#N)\C#N)C2=C/C3=CC4=C(C(C(C5=CC=C(CCCCCC)S5)(C6=C7C=C8C(C9=CC=C(S9)CCCCCC)(C%10=CC=C(S%10)CCCCCC)C%11=C(SC%12=C%11SC(/C=C%13C(C%14=CC=CC=C%14C\%13=C(C#N)\C#N)=O)=C%12)C8=C6)C(S%15)=CC=C%15CCCCCC)=C7S4)S3,e42504c3a08118c7ff1885b85aa2049b0d7b767c2fd0102bb885ee023618a57f,324d6e5b76a9400503a81056ec0f63ac76d712428565dd1fa4bf1871d8f66e0c,734bb77706cf489fc40651a164e86ac084cccaa2a904d2110670ec1671c2da6f,28382af0fe18a8238f8761f6aafff53825dcf6bfd298729e8f7f133a8fd013c4,6333deb302e0fb9d0bb51875b052f85df0ad41bd7c2e779c43773b8c1e9af6f5,521,199,449,216
230,in-house,258,O=C(C1=C(CC(CCCC)CC)SC(CC(CCCC)CC)=C12)C3=C(C4=CC=CS4)SC(C(S5)=CC=C5C6=CC7=C(C8=CC=C(CC(CCCC)CCCCCC)C=C8)C(SC=C9)=C9C(C%10=CC=C(CC(CCCCCC)CCCC)C=C%10)=C7S6)=C3C2=O,O=C(C(C=C(Cl)C=C1)=C1C/2=C(C#N)/C#N)C2=C/C3=CC(SC4=C5C(C6=CC=C(CCCCCC)C=C6)(C7=CC=C(CCCCCC)C=C7)C(C4=C8)=CC9=C8C(C%10=CC=C(C=C%10)CCCCCC)(C%11=CC=C(C=C%11)CCCCCC)C%12=C9SC%13=C%12SC(/C=C(C(C%14=C%15C=CC(Cl)=C%14)=O)/C%15=C(C#N)/C#N)=C%13)=C5S3,11.1,O=C(C1=C(CC(CCCC)CC)SC(CC(CCCC)CC)=C12)C3=C(C4=CC=CS4)SC(C(S5)=CC=C5C6=CC7=C(C8=CC=C(CC(CCCC)CCCCCC)C=C8)C(SC=C9)=C9C(C%10=CC=C(CC(CCCCCC)CCCC)C=C%10)=C7S6)=C3C2=O||O=C(C(C=C(Cl)C=C1)=C1C/2=C(C#N)/C#N)C2=C/C3=CC(SC4=C5C(C6=CC=C(CCCCCC)C=C6)(C7=CC=C(CCCCCC)C=C7)C(C4=C8)=CC9=C8C(C%10=CC=C(C=C%10)CCCCCC)(C%11=CC=C(C=C%11)CCCCCC)C%12=C9SC%13=C%12SC(/C=C(C(C%14=C%15C=CC(Cl)=C%14)=O)/C%15=C(C#N)/C#N)=C%13)=C5S3,826e531b71e4c0ef06b575364b50a339b3da70c19584a5cd5231c22bd6d85201,c5521b66e888c41bf932fdf631f7e2b101cf7e75f3daeb6f3b9112e7bcb0f5b6,ee9f0cf67a991abb32305a85aedc1cb3530a4e5fa6011e8deea232233825578c,171429a9837a3e98ad6b6a7756291d6abbde23058c09151e1046119481a2b789,bf6b3f0da9ff4a1d1f669840f986270727321187ad18356b3a9f0321d40e0912,1123,114,885,217
231,in-house,259,O=C(C1=C(CCC(CCCC)CC)SC(CCC(CC)CCCC)=C1C2=O)C(C2=C(C3)C(C4)=CC=C4C5=CC6=C(C(C7=CC=C(CCC(CCCC)CC)S7)=C8C=CSC8=C6C9=CC=C(CCC(CCCC)CC)S9)S5)=C3C%10=CC=CS%10,O=C(C(C=C(F)C(F)=C1)=C1C/2=C(C#N)/C#N)C2=C/C3=CC4=C(S3)C5=C(N4CC(CCCCCC)CCCC)C6=C(S5)C(C(C(C7=CC=C(C=C7)CCCCCC)6C8=CC=C(C=C8)CCCCCC)=C9)=CC%10=C9C%11=C(C(C%12=CC=C(CCCCCC)C=C%12)%10C%13=CC=C(CCCCCC)C=C%13)C(N%14CC(CCCCCC)CCCC)=C(S%11)C(S%15)=C%14C=C%15/C=C(C(C%16=C%17C=C(F)C(F)=C%16)=O)/C%17=C(C#N)/C#N,11.1,O=C(C1=C(CCC(CCCC)CC)SC(CCC(CC)CCCC)=C1C2=O)C(C2=C(C3)C(C4)=CC=C4C5=CC6=C(C(C7=CC=C(CCC(CCCC)CC)S7)=C8C=CSC8=C6C9=CC=C(CCC(CCCC)CC)S9)S5)=C3C%10=CC=CS%10||O=C(C(C=C(F)C(F)=C1)=C1C/2=C(C#N)/C#N)C2=C/C3=CC4=C(S3)C5=C(N4CC(CCCCCC)CCCC)C6=C(S5)C(C(C(C7=CC=C(C=C7)CCCCCC)6C8=CC=C(C=C8)CCCCCC)=C9)=CC%10=C9C%11=C(C(C%12=CC=C(CCCCCC)C=C%12)%10C%13=CC=C(CCCCCC)C=C%13)C(N%14CC(CCCCCC)CCCC)=C(S%11)C(S%15)=C%14C=C%15/C=C(C(C%16=C%17C=C(F)C(F)=C%16)=O)/C%17=C(C#N)/C#N,6f31f3770fd225e382586e20513744e11a328b7cc74c758d48628417c600a02b,e9386d659f5468d65d15c5a5c584c768cb0e9c8b82ef5c61a19265b9d68c0e34,a96dd64574e8610a16907b0e28a87fde14bd066a6a2fde92518016360ed63f89,c87ad1d85200bc46106123424a257ad352daf96fb6e640b08296c5c0efd14c17,5047186952a6385cc5bb2f7f0ae9c9b04338076d935570ac081f5ad90e12738f,781,919,357,218
232,in-house,260,FC(C(F)=C(C1=NN(N=C21)CC(CCCCCC)CCCCCCCC)C3=CCC(C)S3)=C2C(S4)=CC=C4C(OC5=C(C6=C7OC(C)=C6)C8=CC(F)=C(CC(CC)CCCC)S8)=CC5=C7C9=CC(F)=C(S9)CC(CC)CCCC,c12cc3c(cc1C(c1c2sc2c1sc(c2)/C=C\1/C(=C(C#N)C#N)c2c(C1=O)cccc2)(c1cccc(c1)CCCCCC)c1cc(ccc1)CCCCCC)c1c(C3(c2cc(ccc2)CCCCCC)c2cccc(c2)CCCCCC)c2c(s1)cc(s2)/C=C\1/C(=C(C#N)C#N)c2c(C1=O)cccc2,11.1,FC(C(F)=C(C1=NN(N=C21)CC(CCCCCC)CCCCCCCC)C3=CCC(C)S3)=C2C(S4)=CC=C4C(OC5=C(C6=C7OC(C)=C6)C8=CC(F)=C(CC(CC)CCCC)S8)=CC5=C7C9=CC(F)=C(S9)CC(CC)CCCC||c12cc3c(cc1C(c1c2sc2c1sc(c2)/C=C\1/C(=C(C#N)C#N)c2c(C1=O)cccc2)(c1cccc(c1)CCCCCC)c1cc(ccc1)CCCCCC)c1c(C3(c2cc(ccc2)CCCCCC)c2cccc(c2)CCCCCC)c2c(s1)cc(s2)/C=C\1/C(=C(C#N)C#N)c2c(C1=O)cccc2,6cb9c2c24836a9542be1a9565ff1b1e3eef04b608c5a783188e9af85bef72b6f,50864152acede518837f13b246d168a2c910162b60d24eaca8a12069a3584c43,54d0126ffd4a83e26415d550925559261866d681e84b0d7cb77ce0a3f082e8cf,c1cce8236e3088b7e8ea917ebe148a2aecdae3c85e767909ff3795e84a00a189,97e864d3fb59ef174d80a14fdb583821b062989115a14e5fd1d0db3b3de6657f,386,890,687,219
233,in-house,263,CC1=CC(C(C2=CC=C(S2)[Si](CCC)(CCC)CCC)=C3OC(C4=CC=C(S4)C5=C(C(F)=C(C6=NN(N=C56)CC(CCCCCCCC)CCCCCC)C7=CC=C(C)S7)F)=CC3=C8C9=CC=C(S9)[Si](CCC)(CCC)CCC)=C8O1,c12cc3c(cc1C(c1c2sc2c1sc(c2)/C=C\1/C(=C(C#N)C#N)c2c(C1=O)cccc2)(c1cccc(c1)CCCCCC)c1cc(ccc1)CCCCCC)c1c(C3(c2cc(ccc2)CCCCCC)c2cccc(c2)CCCCCC)c2c(s1)cc(s2)/C=C\1/C(=C(C#N)C#N)c2c(C1=O)cccc2,11.05,CC1=CC(C(C2=CC=C(S2)[Si](CCC)(CCC)CCC)=C3OC(C4=CC=C(S4)C5=C(C(F)=C(C6=NN(N=C56)CC(CCCCCCCC)CCCCCC)C7=CC=C(C)S7)F)=CC3=C8C9=CC=C(S9)[Si](CCC)(CCC)CCC)=C8O1||c12cc3c(cc1C(c1c2sc2c1sc(c2)/C=C\1/C(=C(C#N)C#N)c2c(C1=O)cccc2)(c1cccc(c1)CCCCCC)c1cc(ccc1)CCCCCC)c1c(C3(c2cc(ccc2)CCCCCC)c2cccc(c2)CCCCCC)c2c(s1)cc(s2)/C=C\1/C(=C(C#N)C#N)c2c(C1=O)cccc2,0d8f9d70c9b87f26f29ef30c4c4554b1070cfbc2c08022205ba2f0071089ceac,50864152acede518837f13b246d168a2c910162b60d24eaca8a12069a3584c43,15377f21be6699009a8c540b9c09dd1cfdf1a3ed2716225f43d0f0e9a8b06ddc,e84c33b223de2395d10a25d22347fd7da419d1e20a3688c0783eb715cebb9eee,37ba3f1b1d3dee011b6f8fbd07b1c00e3375ffe28bad8fb637b50cc7f25d714f,100,1071,247,220
234,in-house,264,CC1=CC2=C(S1)C(C(C3=CC=C(CCCCCC)C=C3)(C4=CC5=C(C(C6=CC=C(CCCCCC)C=C6)(C7=C5SC8=C7SC(C9=CC=C(S9)C%10=C(C(F)=C(C%11=NN(CC(CCCC)CCCCCC)N=C%10%11)C%12=CC=C(S%12)C)F)=C8)C%13=CC=C(CCCCCC)C=C%13)C=C4%14)C%15=CC=C(CCCCCC)C=C%15)=C%14S2,O=C(C/1=C\C2=C(C3=C(S2)C(N4C5=CC=C(CCCCCC)C=C5)=C(C6=C4C7=C(C8=NSN=C68)C(SC9=C%10SC(/C=C%11C(C%12=CC(F)=C(C=C%12C\%11=C(C#N)/C#N)F)=O)=C9CCCCCCCCCCC)=C%10N7C%13=CC=C(CCCCCC)C=C%13)S3)CCCCCCCCCCC)C%14=CC(F)=C(F)C=C%14C1=C(C#N)/C#N,11.05,CC1=CC2=C(S1)C(C(C3=CC=C(CCCCCC)C=C3)(C4=CC5=C(C(C6=CC=C(CCCCCC)C=C6)(C7=C5SC8=C7SC(C9=CC=C(S9)C%10=C(C(F)=C(C%11=NN(CC(CCCC)CCCCCC)N=C%10%11)C%12=CC=C(S%12)C)F)=C8)C%13=CC=C(CCCCCC)C=C%13)C=C4%14)C%15=CC=C(CCCCCC)C=C%15)=C%14S2||O=C(C/1=C\C2=C(C3=C(S2)C(N4C5=CC=C(CCCCCC)C=C5)=C(C6=C4C7=C(C8=NSN=C68)C(SC9=C%10SC(/C=C%11C(C%12=CC(F)=C(C=C%12C\%11=C(C#N)/C#N)F)=O)=C9CCCCCCCCCCC)=C%10N7C%13=CC=C(CCCCCC)C=C%13)S3)CCCCCCCCCCC)C%14=CC(F)=C(F)C=C%14C1=C(C#N)/C#N,5fd5651297caf484702087e525a0f6eb963196cc4e359f623c9279a1c4bd0c42,3bc5e962960694d5a8c90d751d3f10c939059169c6882aed8bdcfb92d36d6776,2aaf174898f80e2b60d56bd2ac710a2cbaa2edc24357c115b3a15572deb19c35,f794728192205675bc7c67ac788a87c2c159a2badc1e652f5d3ad25eb40d5943,55d562a6a956f7ec50ae768ab29e5c72799402c1f2ebb3a8b2cc21d69aa4a882,186,1150,388,221
235,in-house,265,O=C(C1=C(CC(CCCC)CC)SC(CC(CCCC)CC)=C12)C3=C(C4=CC=CS4)SC(C(S5)=CC=C5C6=CC7=C(C8=CC=C(CC(CCCC)CCCCCC)C=C8)C(SC=C9)=C9C(C%10=CC=C(CC(CCCCCC)CCCC)C=C%10)=C7S6)=C3C2=O,O=C1C(/C(C2=C1C=C(F)C=C2)=C(C#N)/C#N)=C\C3=CC4=C(S3)C(C(C5=CC=C(CCCCCC)C=C5)(C(C=C6C7=C8C9=C(C=C(S9)/C=C%10C(C(C(F)=CC=C%11)=C%11C\%10=C(C#N)\C#N)=O)S7)=C%12C=C6C8(C%13=CC=C(C=C%13)CCCCCC)C%14=CC=C(C=C%14)CCCCCC)C%15=CC=C(CCCCCC)C=C%15)=C%12S4,11.04,O=C(C1=C(CC(CCCC)CC)SC(CC(CCCC)CC)=C12)C3=C(C4=CC=CS4)SC(C(S5)=CC=C5C6=CC7=C(C8=CC=C(CC(CCCC)CCCCCC)C=C8)C(SC=C9)=C9C(C%10=CC=C(CC(CCCCCC)CCCC)C=C%10)=C7S6)=C3C2=O||O=C1C(/C(C2=C1C=C(F)C=C2)=C(C#N)/C#N)=C\C3=CC4=C(S3)C(C(C5=CC=C(CCCCCC)C=C5)(C(C=C6C7=C8C9=C(C=C(S9)/C=C%10C(C(C(F)=CC=C%11)=C%11C\%10=C(C#N)\C#N)=O)S7)=C%12C=C6C8(C%13=CC=C(C=C%13)CCCCCC)C%14=CC=C(C=C%14)CCCCCC)C%15=CC=C(CCCCCC)C=C%15)=C%12S4,826e531b71e4c0ef06b575364b50a339b3da70c19584a5cd5231c22bd6d85201,9ba3923f4354aa0f199a64e59d7ee05205ef6951eb86d4ec2d5125f3443a7569,380e6196aaae2825a96c572d4217ddd5c940e709527654285b73dd6514910b6b,d4fa7640120aaceeaa3aa6db81040ec268bc1b20e6cf06fd38973ab2a3eca70f,2d8175c7b2b20e7c45beb73944c578a9ef6fa7a8e75aea6ce2c3fbf34c42dd8e,249,984,199,222
236,in-house,266,CC1=CC2=C(C(C(S3)=CC=C3[Si](CCC)(CCC)CCC)=C4C=C(SC4=C2C5=CC=C(S5)[Si](CCC)(CCC)CCC)C6=CC=C([Se]6)C(C7[N]N([N]C7C(C8=CC=C(C)[Se]8)=C9F)CC(CCCCCC)CCCCCCCC)=C9F)S1,c12cc3c(cc1C(c1c2sc2c1sc(c2)/C=C\1/C(=C(C#N)C#N)c2c(C1=O)cccc2)(c1cccc(c1)CCCCCC)c1cc(ccc1)CCCCCC)c1c(C3(c2cc(ccc2)CCCCCC)c2cccc(c2)CCCCCC)c2c(s1)cc(s2)/C=C\1/C(=C(C#N)C#N)c2c(C1=O)cccc2,11.04,CC1=CC2=C(C(C(S3)=CC=C3[Si](CCC)(CCC)CCC)=C4C=C(SC4=C2C5=CC=C(S5)[Si](CCC)(CCC)CCC)C6=CC=C([Se]6)C(C7[N]N([N]C7C(C8=CC=C(C)[Se]8)=C9F)CC(CCCCCC)CCCCCCCC)=C9F)S1||c12cc3c(cc1C(c1c2sc2c1sc(c2)/C=C\1/C(=C(C#N)C#N)c2c(C1=O)cccc2)(c1cccc(c1)CCCCCC)c1cc(ccc1)CCCCCC)c1c(C3(c2cc(ccc2)CCCCCC)c2cccc(c2)CCCCCC)c2c(s1)cc(s2)/C=C\1/C(=C(C#N)C#N)c2c(C1=O)cccc2,fe4c204f503fee53727a70458563f8cf166f10fe63e6cd5f0358982dd3eda75f,50864152acede518837f13b246d168a2c910162b60d24eaca8a12069a3584c43,0adf68c59417f836311e6a07a4e792e871be66928780422280464f4c599bac4f,97f51b6835fb6d54d2ecc1d22ac361f11f1f5413b51bea38a5521fffa47e97ed,1e29036a2674872e17c21b015ddfe022c4509c8a0bb994d8fef8dd28f864ea53,46,712,126,223
237,in-house,268,CC1=CC2=C(C3=C(C(C4=CC(F)=C(S4)CC(CC)CCCC)=C2S1)C=C(C5=CC=C(S5)C6=CC7=C(C8=NN(N=C68)CC(CCCCCC)CCCC)C=C(C9=NN(N=C79)CC(CCCC)CCCCCC)C%10=CC=C(S%10)C)S3)C%11=CC(F)=C(S%11)CC(CC)CCCC,c12cc3c(cc1C(c1c2sc2c1sc(c2)/C=C\1/C(=C(C#N)C#N)c2c(C1=O)cccc2)(c1cccc(c1)CCCCCC)c1cc(ccc1)CCCCCC)c1c(C3(c2cc(ccc2)CCCCCC)c2cccc(c2)CCCCCC)c2c(s1)cc(s2)/C=C\1/C(=C(C#N)C#N)c2c(C1=O)cccc2,11.02,CC1=CC2=C(C3=C(C(C4=CC(F)=C(S4)CC(CC)CCCC)=C2S1)C=C(C5=CC=C(S5)C6=CC7=C(C8=NN(N=C68)CC(CCCCCC)CCCC)C=C(C9=NN(N=C79)CC(CCCC)CCCCCC)C%10=CC=C(S%10)C)S3)C%11=CC(F)=C(S%11)CC(CC)CCCC||c12cc3c(cc1C(c1c2sc2c1sc(c2)/C=C\1/C(=C(C#N)C#N)c2c(C1=O)cccc2)(c1cccc(c1)CCCCCC)c1cc(ccc1)CCCCCC)c1c(C3(c2cc(ccc2)CCCCCC)c2cccc(c2)CCCCCC)c2c(s1)cc(s2)/C=C\1/C(=C(C#N)C#N)c2c(C1=O)cccc2,13edbb7e468fc6545491cbe5de81c9f8e058f5e14050c870a0854dc997320bb2,50864152acede518837f13b246d168a2c910162b60d24eaca8a12069a3584c43,043774cd4ff7301c064f906dd13e391485a1e06cd441be8e78afe7f71bd0fa0f,502b7767b10192f94bbe65a6a5b797b7b22771bf668a61ed679a092f967de7b5,1517d80d5af7bf637d643648e0d2c039567d750522843a8acafb030028aa63a5,19,386,95,224
238,in-house,269,O=C(C1=C(CCC(CCCC)CC)SC(CCC(CC)CCCC)=C1C2=O)C(C2=C(C3)C(C4)=CC=C4C5=CC6=C(C(C7=CC=C(CCC(CCCC)CC)S7)=C8C=CSC8=C6C9=CC=C(CCC(CCCC)CC)S9)S5)=C3C%10=CC=CS%10,c1(c(cc2c(c1)C(=C(C#N)C#N)/C(=C\c1c(c(sc1)c1sc3c(c1)C(c1c3cc3c(c1)c1c(C3(c3ccc(cc3)CCCCCC)c3ccc(cc3)CCCCCC)cc(s1)c1scc(c1OC[C@H](CCCC)CC)/C=C/1\C(=C(C#N)C#N)c3c(C1=O)cc(c(c3)F)F)(c1ccc(cc1)CCCCCC)c1ccc(cc1)CCCCCC)OC[C@@H](CC)CCCC)/C2=O)F)F,11.0,O=C(C1=C(CCC(CCCC)CC)SC(CCC(CC)CCCC)=C1C2=O)C(C2=C(C3)C(C4)=CC=C4C5=CC6=C(C(C7=CC=C(CCC(CCCC)CC)S7)=C8C=CSC8=C6C9=CC=C(CCC(CCCC)CC)S9)S5)=C3C%10=CC=CS%10||c1(c(cc2c(c1)C(=C(C#N)C#N)/C(=C\c1c(c(sc1)c1sc3c(c1)C(c1c3cc3c(c1)c1c(C3(c3ccc(cc3)CCCCCC)c3ccc(cc3)CCCCCC)cc(s1)c1scc(c1OC[C@H](CCCC)CC)/C=C/1\C(=C(C#N)C#N)c3c(C1=O)cc(c(c3)F)F)(c1ccc(cc1)CCCCCC)c1ccc(cc1)CCCCCC)OC[C@@H](CC)CCCC)/C2=O)F)F,6f31f3770fd225e382586e20513744e11a328b7cc74c758d48628417c600a02b,432f31cf63941666734e1694d47bff4b1abe9c98313fc3a3c80a3b0ab9c42121,fad8fee92f7354a53c2b70140961db6d8ef50ef05886d465ec160e0fc3f2dd92,d99f08b0a79514ea3d8ea1ed2b0b14c950d091099f854d8b38c6e5e154ceeb70,acef741a9ceb113b1fd17958451f303466fcdf9d0077476b6adb81636c1de7a2,1170,1006,794,225
239,in-house,271,FC(C(F)=C(C1=NN(N=C21)CCC(CCCC)CCCCCC)C3=CC=C(S3)C)=C2C(S4)=CC=C4C5=CC(C(CCCC(CCCCCC)CCCC)=C6SC(C)=CC6=C7CCCC(CCCC)CCCCCC)=C7S5,O=C(C1=C(C=CC=C1)C/2=C(C#N)\C#N)C2=C/C3=CC(C4(C5=CC=C(CCCCCC)C=C5)C6=CC=C(CCCCCC)C=C6)=C(C7=C4C(C(C8=CC=C(S8)CC(CCCC)CC)=C9SC%10=C(C(C%11=CC=C(CCCCCC)C=C%11)(C%12=CC=C(CCCCCC)C=C%12)C%13=C%10SC(/C=C%14C(C%15=C(C=CC=C%15)C\%14=C(C#N)\C#N)=O)=C%13)C9=C%16C%17=CC=C(S%17)CC(CC)CCCC)=C%16S7)S3,11.0,FC(C(F)=C(C1=NN(N=C21)CCC(CCCC)CCCCCC)C3=CC=C(S3)C)=C2C(S4)=CC=C4C5=CC(C(CCCC(CCCCCC)CCCC)=C6SC(C)=CC6=C7CCCC(CCCC)CCCCCC)=C7S5||O=C(C1=C(C=CC=C1)C/2=C(C#N)\C#N)C2=C/C3=CC(C4(C5=CC=C(CCCCCC)C=C5)C6=CC=C(CCCCCC)C=C6)=C(C7=C4C(C(C8=CC=C(S8)CC(CCCC)CC)=C9SC%10=C(C(C%11=CC=C(CCCCCC)C=C%11)(C%12=CC=C(CCCCCC)C=C%12)C%13=C%10SC(/C=C%14C(C%15=C(C=CC=C%15)C\%14=C(C#N)\C#N)=O)=C%13)C9=C%16C%17=CC=C(S%17)CC(CC)CCCC)=C%16S7)S3,45e95ea37da5bc3e18f2c067cb95f73c851335176098d8fca22fcb29952b2779,38d2024abe2e419ffc5b37cade8ebf33a4403119a58c17458c228c40829b7c78,cf7ece4ed27af0df36596671db5819d3adcec3e8a83b8d6a790e254bd853b56e,50e113dffaa244d50d96c06c4780e3b1450523a258a37e676c7600ef3ebbeac7,7240e370ef9abb980b4e7fc81f40b8766cb6d4ebad2a514821bf5a89ba359372,988,390,513,226
240,in-house,272,O=C(C1=C(CCC(CCCC)CC)SC(CCC(CC)CCCC)=C1C2=O)C(C2=C(C3)C(C4)=CC=C4C5=CC6=C(C(C7=CC=C(CCC(CCCC)CC)S7)=C8C=CSC8=C6C9=CC=C(CCC(CCCC)CC)S9)S5)=C3C%10=CC=CS%10,O=C(C1=C(C/2=C(C#N)\C#N)C3=C(C=CC=C3)S1)C2=C/C4=CC(SC5=C6C(C7=CC=C(C=C7)CCCCCC)(C(C=C8C9=C%10C%11=C(C=C(S%11)/C=C%12C(C%13=C(C\%12=C(C#N)\C#N)C%14=C(C=CC=C%14)S%13)=O)S9)=C5C=C8C%10(C(C=C%15)=CC=C%15CCCCCC)C(C=C%16)=CC=C%16CCCCCC)C(C=C%17)=CC=C%17CCCCCC)=C6S4,10.99,O=C(C1=C(CCC(CCCC)CC)SC(CCC(CC)CCCC)=C1C2=O)C(C2=C(C3)C(C4)=CC=C4C5=CC6=C(C(C7=CC=C(CCC(CCCC)CC)S7)=C8C=CSC8=C6C9=CC=C(CCC(CCCC)CC)S9)S5)=C3C%10=CC=CS%10||O=C(C1=C(C/2=C(C#N)\C#N)C3=C(C=CC=C3)S1)C2=C/C4=CC(SC5=C6C(C7=CC=C(C=C7)CCCCCC)(C(C=C8C9=C%10C%11=C(C=C(S%11)/C=C%12C(C%13=C(C\%12=C(C#N)\C#N)C%14=C(C=CC=C%14)S%13)=O)S9)=C5C=C8C%10(C(C=C%15)=CC=C%15CCCCCC)C(C=C%16)=CC=C%16CCCCCC)C(C=C%17)=CC=C%17CCCCCC)=C6S4,6f31f3770fd225e382586e20513744e11a328b7cc74c758d48628417c600a02b,3d31ff6e1d8f31781ebb115e25e27f03833145c25bcaf37e4b1af6c69de89570,8cabe6765c58521ff11a1a4b8d0da1f46a4b532e1989d4068fece7100a62bd27,cb38a911a180c376f31608fea86a4160223865ac4442ed384fb7163635b57b57,445898bc4f5ff250fbf124c480bf24498caaa3420b5a59905eb40953cd3e7b4f,647,935,298,227
241,in-house,273,O=C1C2=C(CC(CC)CCCC)SC(CC(CC)CCCC)=C2C(C3=C(C4=CC=C(C5=CC(C(C6=CC(F)=C(CC(CC)CCCC)S6)=C(SC=C7)C7=C8C9=CC(F)=C(CC(CC)CCCC)S9)=C8S5)S4)SC(C%10=CC=CS%10)=C31)=O,O=C(C/1=C/C(C2=NSN=C32)=CC=C3C4=CC5=C(C6=C(S5)C(C(C(C7=CC=C(CCCCCCCC)C=C7)6C8=CC=C(CCCCCCCC)C=C8)=C9)=CC(C(C%10=CC=C(CCCCCCCC)C=C%10)%11C%12=CC=C(CCCCCCCC)C=C%12)=C9C%13=C%11C%14=C(C=C(S%14)C%15=CC=C(C%16=NSN=C%15%16)/C=C(C(C%17=C%18C=CC=C%17)=O)/C%18=C(C#N)/C#N)S%13)S4)C%19=C(C=CC=C%19)C1=C(C#N)\C#N,10.98,O=C1C2=C(CC(CC)CCCC)SC(CC(CC)CCCC)=C2C(C3=C(C4=CC=C(C5=CC(C(C6=CC(F)=C(CC(CC)CCCC)S6)=C(SC=C7)C7=C8C9=CC(F)=C(CC(CC)CCCC)S9)=C8S5)S4)SC(C%10=CC=CS%10)=C31)=O||O=C(C/1=C/C(C2=NSN=C32)=CC=C3C4=CC5=C(C6=C(S5)C(C(C(C7=CC=C(CCCCCCCC)C=C7)6C8=CC=C(CCCCCCCC)C=C8)=C9)=CC(C(C%10=CC=C(CCCCCCCC)C=C%10)%11C%12=CC=C(CCCCCCCC)C=C%12)=C9C%13=C%11C%14=C(C=C(S%14)C%15=CC=C(C%16=NSN=C%15%16)/C=C(C(C%17=C%18C=CC=C%17)=O)/C%18=C(C#N)/C#N)S%13)S4)C%19=C(C=CC=C%19)C1=C(C#N)\C#N,65482d735aa1f382b817dd8d95b1689b39b0b3c26138949c2680844f1b1f5ea0,d647a126ac6916d032cbfccea4dfb5a9eeae08ca95de0846c49b0a0a1c533a55,21dccb186c13b267eaaebdd169ce64c39acba6a35211527860556e762d9a0456,23465f026137002f89595b8111c25599967363012bab4e7e8fb28b907ba518c7,3377c3f162db516b76bafa7d0a030e58ca7bbd68d606ce8865549b7a00325183,156,171,232,228
242,in-house,275,O=C(C1=C(CCC(CCCC)CC)SC(CCC(CC)CCCC)=C1C2=O)C(C2=C(C3)C(C4)=CC=C4C5=CC6=C(C(C7=CC=C(CCC(CCCC)CC)S7)=C8C=CSC8=C6C9=CC=C(CCC(CCCC)CC)S9)S5)=C3C%10=CC=CS%10,O=C1C2=C(C)SC=C2C(/C1=C/C(S3)=CC4=C3C(S5)=C(C4(C6=CC=C(CCCCCC)C=C6)C7=CC=C(CCCCCC)C=C7)C(C5=C8OCC(CC)CCCC)=C(OCC(CCCC)CC)C9=C8C(C%10(C%11=CC=C(CCCCCC)C=C%11)C%12=CC=C(CCCCCC)C=C%12)=C(S9)C%13=C%10C=C(/C=C%14C(C%15=C(C)SC=C%15C\%14=C(C#N)\C#N)=O)S%13)=C(C#N)\C#N,10.96,O=C(C1=C(CCC(CCCC)CC)SC(CCC(CC)CCCC)=C1C2=O)C(C2=C(C3)C(C4)=CC=C4C5=CC6=C(C(C7=CC=C(CCC(CCCC)CC)S7)=C8C=CSC8=C6C9=CC=C(CCC(CCCC)CC)S9)S5)=C3C%10=CC=CS%10||O=C1C2=C(C)SC=C2C(/C1=C/C(S3)=CC4=C3C(S5)=C(C4(C6=CC=C(CCCCCC)C=C6)C7=CC=C(CCCCCC)C=C7)C(C5=C8OCC(CC)CCCC)=C(OCC(CCCC)CC)C9=C8C(C%10(C%11=CC=C(CCCCCC)C=C%11)C%12=CC=C(CCCCCC)C=C%12)=C(S9)C%13=C%10C=C(/C=C%14C(C%15=C(C)SC=C%15C\%14=C(C#N)\C#N)=O)S%13)=C(C#N)\C#N,6f31f3770fd225e382586e20513744e11a328b7cc74c758d48628417c600a02b,4a2b807b0d207b4fd0b9f13b3e90a3a5289e898e4f7039245c0e1aac785ced7c,8c049bfd67135fb6e56970713fa90d7161804c9f05823a501e71a0695f5d6ad8,6f0b09b066c7e19c536bc452975b543ed0780aa1312af6448b01831f561ff20c,6b48d55293469353e661d4acdd77c0f48cda8eba88129a0cb203cafcef3acb27,644,539,487,229
243,in-house,276,O=C(C1=C(CCC(CCCC)CC)SC(CCC(CC)CCCC)=C1C2=O)C(C2=C(C3)C(C4)=CC=C4C5=CC6=C(C(C7=CC=C(CCC(CCCC)CC)S7)=C8C=CSC8=C6C9=CC=C(CCC(CCCC)CC)S9)S5)=C3C%10=CC=CS%10,O=C(C1=C(C)SC=C1C/2=C(C#N)\C#N)C2=C\C3=CC(SC4=C5C(C6=CC(CCCCCC)=CC=C6)(C7=CC=CC(CCCCCC)=C7)C(C4=C8)=CC9=C8C(C%10=CC(CCCCCC)=CC=C%10)(C%11=CC=CC(CCCCCC)=C%11)C%12=C9SC%13=C%12SC(/C=C%14C(C%15=C(C)SC=C%15C/%14=C(C#N)/C)=O)=C%13)=C5S3,10.93,O=C(C1=C(CCC(CCCC)CC)SC(CCC(CC)CCCC)=C1C2=O)C(C2=C(C3)C(C4)=CC=C4C5=CC6=C(C(C7=CC=C(CCC(CCCC)CC)S7)=C8C=CSC8=C6C9=CC=C(CCC(CCCC)CC)S9)S5)=C3C%10=CC=CS%10||O=C(C1=C(C)SC=C1C/2=C(C#N)\C#N)C2=C\C3=CC(SC4=C5C(C6=CC(CCCCCC)=CC=C6)(C7=CC=CC(CCCCCC)=C7)C(C4=C8)=CC9=C8C(C%10=CC(CCCCCC)=CC=C%10)(C%11=CC=CC(CCCCCC)=C%11)C%12=C9SC%13=C%12SC(/C=C%14C(C%15=C(C)SC=C%15C/%14=C(C#N)/C)=O)=C%13)=C5S3,6f31f3770fd225e382586e20513744e11a328b7cc74c758d48628417c600a02b,62ee87c3b4e940d4ddb918ce052acd78ac32943fc2f6a111e69904245d974104,e1a214d796ede623a9f7cce4a07cf63dc844e7d7cc04ae9694197bbb1c914696,e8a57c23396937dd74bfb434b705ea5e1c4e62a95de9c1be5fb00a0f4accddc0,d320c39108a3099c577fb4a1617a8f7a76d07aba632fc87f9d84659f0a5ba986,1070,1072,960,230
244,in-house,277,O=C(C1=C(SC(C2=CC=C(S2)C3=CC(C(C4=CC(F)=C(S4)SCCCCCCCC)=C5SC(C)=CC5=C6C7=CC(F)=C(S7)SCCCCCCCC)=C6S3)=C18)C9=CC=C(S9)C)C%10=C(SC(CCCCCCCC)=C%10C8=O)CCCCCCCC,O=C(C1=C2C=CS1)C(/C2=C(C#N)\C#N)=C\C3=CC4=C(S3)C(C(C5=CC=C(CCCCCC)C=C5)(C6=CC=C(CCCCCC)C=C6)C7=C8C=C(C(C9=C%10C%11=C(C=C(S%11)/C=C(/C%12=C(C#N)\[N+]#[C-])C(C%13=C%12C=CS%13)=O)S9)=C7)C%10(C%14=CC=C(CCCCCC)C=C%14)C%15=CC=C(CCCCCC)C=C%15)=C8S4,10.92,O=C(C1=C(SC(C2=CC=C(S2)C3=CC(C(C4=CC(F)=C(S4)SCCCCCCCC)=C5SC(C)=CC5=C6C7=CC(F)=C(S7)SCCCCCCCC)=C6S3)=C18)C9=CC=C(S9)C)C%10=C(SC(CCCCCCCC)=C%10C8=O)CCCCCCCC||O=C(C1=C2C=CS1)C(/C2=C(C#N)\C#N)=C\C3=CC4=C(S3)C(C(C5=CC=C(CCCCCC)C=C5)(C6=CC=C(CCCCCC)C=C6)C7=C8C=C(C(C9=C%10C%11=C(C=C(S%11)/C=C(/C%12=C(C#N)\[N+]#[C-])C(C%13=C%12C=CS%13)=O)S9)=C7)C%10(C%14=CC=C(CCCCCC)C=C%14)C%15=CC=C(CCCCCC)C=C%15)=C8S4,f99b7ce32848c40274f819691abe7f2348a9c079e1da0cb5c1ae130ebdd8408c,ac6855b2f7be76612673208e20fb98b2b88962ccfd601a89b0591d6e05c6efbb,63bb4a0a43fda254b19dd7bfbfd3221f4c3fb20e22e3d4741f065db1a7a5fe6b,ff763ce20581783e51263be1a7b923a2f7a283984dfb2e37424e7454c07b83b0,e60ebe80933d5c3d424d6dd8933599f73b52f1ea73e7fec11cd1743c62d9372a,451,1186,1072,231
245,in-house,278,O=C(C1=C(CCC(CCCC)CC)SC(CCC(CC)CCCC)=C1C2=O)C(C2=C(C3)C(C4)=CC=C4C5=CC6=C(C(C7=CC=C(CCC(CCCC)CC)S7)=C8C=CSC8=C6C9=CC=C(CCC(CCCC)CC)S9)S5)=C3C%10=CC=CS%10,O=C(C(C=C(C=CC=C1)C1=C2)=C2C/3=C(C#N)/C#N)C3=C/C4=CC5=C(C6=C(C5(C(C=C7)=CC=C7OCC(CCCCCC)CCCC)C(C=C8)=CC=C8OCC(CCCC)CCCCCC)C9=CC(C(C=C9C=C6)=C%10%11)=CC=C%10C%12=C(C=C(S%12)/C=C%13C(C(C=C(C=CC=C%14)C%14=C%15)=C%15C\%13=C(C#N)/C#N)=O)C%11(C%16=CC=C(C=C%16)OCC(CCCCCC)CCCC)C(C=C%17)=CC=C%17OCC(CCCCCC)CCCC)S4,10.91,O=C(C1=C(CCC(CCCC)CC)SC(CCC(CC)CCCC)=C1C2=O)C(C2=C(C3)C(C4)=CC=C4C5=CC6=C(C(C7=CC=C(CCC(CCCC)CC)S7)=C8C=CSC8=C6C9=CC=C(CCC(CCCC)CC)S9)S5)=C3C%10=CC=CS%10||O=C(C(C=C(C=CC=C1)C1=C2)=C2C/3=C(C#N)/C#N)C3=C/C4=CC5=C(C6=C(C5(C(C=C7)=CC=C7OCC(CCCCCC)CCCC)C(C=C8)=CC=C8OCC(CCCC)CCCCCC)C9=CC(C(C=C9C=C6)=C%10%11)=CC=C%10C%12=C(C=C(S%12)/C=C%13C(C(C=C(C=CC=C%14)C%14=C%15)=C%15C\%13=C(C#N)/C#N)=O)C%11(C%16=CC=C(C=C%16)OCC(CCCCCC)CCCC)C(C=C%17)=CC=C%17OCC(CCCCCC)CCCC)S4,6f31f3770fd225e382586e20513744e11a328b7cc74c758d48628417c600a02b,9df269850253245309841913d0708545aa38b32ea388e30bdb1a97594a6d7776,5f81ddc8398b725dbb328fc706141b6699869a8ec56d366ed6ef412d9039a6dc,2004c99d371828f42214f0f626853a2dec87914541c7c19eab1fa9d3eed773f3,17940e890fd5ca4dea463e54edf879d0921789e7b1e26155e1c95591e9830e31,431,152,106,232
246,in-house,279,FC1=C(F)C=C(N=C(OCC(CCCCCC)CCCCCCCC)C=N2)C2=C1C3=CC=CS3,c12cc3c(cc1C(c1c2sc2c1sc(c2)/C=C\1/C(=C(C#N)C#N)c2c(C1=O)cccc2)(c1ccc(cc1)CCCCCC)c1ccc(cc1)CCCCCC)c1c(C3(c2ccc(cc2)CCCCCC)c2ccc(cc2)CCCCCC)c2c(s1)cc(s2)/C=C\1/C(=C(C#N)C#N)c2c(C1=O)cccc2,10.9,FC1=C(F)C=C(N=C(OCC(CCCCCC)CCCCCCCC)C=N2)C2=C1C3=CC=CS3||c12cc3c(cc1C(c1c2sc2c1sc(c2)/C=C\1/C(=C(C#N)C#N)c2c(C1=O)cccc2)(c1ccc(cc1)CCCCCC)c1ccc(cc1)CCCCCC)c1c(C3(c2ccc(cc2)CCCCCC)c2ccc(cc2)CCCCCC)c2c(s1)cc(s2)/C=C\1/C(=C(C#N)C#N)c2c(C1=O)cccc2,6d0ebf843ec88894476605165efae2bf8fd910afe87a5868bc4b56e85a61a93d,202f8607af2cecb83e86b2e4305f8c7e2852bc709bb805b9055691d46a9081c5,436e11fbfda1c98836fffd1bd469b9e18621a2b1f4c7de24a1f3535f12f614f6,fbda6d7abeba047f6d6585035ef11daf705b48471d4daefa0a4f27634469a46e,d73e1324c23212066cdc562dc96e69fa561c13557f326464792b528783089070,307,1168,989,233
247,in-house,280,ClC1=C(C2=CC(C(C3=CC=C(C=C3)CC(CCCCCC)CCCC)=C4SC(C)=CC4=C5C6=CC=C(C=C6)CC(CCCC)CCCCCC)=C5S2)SC(C7=C8C(C(C9=C(SC(CC(CCCC)CC)=C9C8=O)CC(CCCC)CC)=O)=C(S7)C%10=CC(Cl)=C(C)S%10)=C1,O=C1C(/C(C2=CSC=C21)=C(C#N)/C#N)=C\C3=CC4=C(S3)C(C(C5=CC=C(CCCCCC)C=C5)(C(C=C6C7=C8C9=C(C=C(S9)/C=C%10C(C%11=CC(F)=C(C=C%11C\%10=C(C#N)\C#N)F)=O)S7)=C%12C=C6C8(C%13=CC=C(CCCCCC)C=C%13)C%14=CC=C(CCCCCC)C=C%14)C%15=CC=C(CCCCCC)C=C%15)=C%12S4,10.9,ClC1=C(C2=CC(C(C3=CC=C(C=C3)CC(CCCCCC)CCCC)=C4SC(C)=CC4=C5C6=CC=C(C=C6)CC(CCCC)CCCCCC)=C5S2)SC(C7=C8C(C(C9=C(SC(CC(CCCC)CC)=C9C8=O)CC(CCCC)CC)=O)=C(S7)C%10=CC(Cl)=C(C)S%10)=C1||O=C1C(/C(C2=CSC=C21)=C(C#N)/C#N)=C\C3=CC4=C(S3)C(C(C5=CC=C(CCCCCC)C=C5)(C(C=C6C7=C8C9=C(C=C(S9)/C=C%10C(C%11=CC(F)=C(C=C%11C\%10=C(C#N)\C#N)F)=O)S7)=C%12C=C6C8(C%13=CC=C(CCCCCC)C=C%13)C%14=CC=C(CCCCCC)C=C%14)C%15=CC=C(CCCCCC)C=C%15)=C%12S4,69943fc8755ccfbf537d0934713510e88d5ffcde083a6c1f9f7607b7f94d1700,859dd5aef9e9173d5e3d4206bb0ecdad7ec83f7a48253d0b1353d5079ef1302b,ba5b675790f6b6714e138d9c91d80bd10ee394e45ef2f697085554a6610d9337,2696e963bc1dbfaa118e362c3a30753538ffed111d3bfb5cc6c123f3e721e048,ea73a7d84876199330323e48945c25fc143b9b681ececd2f0d8a6c5140fb1f9d,880,191,1094,234
248,in-house,281,CC1=CC=C(S1)C2=CC=C(C(F)=C2F)C3=CC=C(S3)C4=C(CC(CCCCCCCCCCCC)CCCCCCCCCC)C=C(C5=C(C(F)=C(C6=NN(N=C56)CCC)C7=CC(CC(CCCCCCCCCC)CCCCCCCCCCCC)=C(S7)C)F)S4,O=C(C1=CC=CC=C1C/2=C(C#N)\C#N)C2=C/C3=CC4=C(C(C(C5=CC=C(CCCCCC)S5)(C6=C7C=C8C(C9=CC=C(S9)CCCCCC)(C%10=CC=C(S%10)CCCCCC)C%11=C(SC%12=C%11SC(/C=C%13C(C%14=CC=CC=C%14C\%13=C(C#N)\C#N)=O)=C%12)C8=C6)C(S%15)=CC=C%15CCCCCC)=C7S4)S3,10.9,CC1=CC=C(S1)C2=CC=C(C(F)=C2F)C3=CC=C(S3)C4=C(CC(CCCCCCCCCCCC)CCCCCCCCCC)C=C(C5=C(C(F)=C(C6=NN(N=C56)CCC)C7=CC(CC(CCCCCCCCCC)CCCCCCCCCCCC)=C(S7)C)F)S4||O=C(C1=CC=CC=C1C/2=C(C#N)\C#N)C2=C/C3=CC4=C(C(C(C5=CC=C(CCCCCC)S5)(C6=C7C=C8C(C9=CC=C(S9)CCCCCC)(C%10=CC=C(S%10)CCCCCC)C%11=C(SC%12=C%11SC(/C=C%13C(C%14=CC=CC=C%14C\%13=C(C#N)\C#N)=O)=C%12)C8=C6)C(S%15)=CC=C%15CCCCCC)=C7S4)S3,50751842c150480647ffcd5d01de53f701ea69ffc6517212af47da055926937f,324d6e5b76a9400503a81056ec0f63ac76d712428565dd1fa4bf1871d8f66e0c,18027f042de9561d154d0315e0f739557f1e8f8d9451401ac526c09824fc49b7,6e69a8c468097df12200b242138ce140c55df710e51cea69a9209eaaf1f99751,a643800297199e84860b47c9e04d06a93b4e8ba98bfccf36d3c223c99dcd9966,113,534,765,235
249,in-house,282,FC1=C(C(OCC(CCCC)CC)=O)SC2=CSC(C3=CC4=C(C5=C(C(C6=CC=C(CC(CC)CCCC)S6)=C4S3)C=CS5)C7=CC=C(CC(CC)CCCC)S7)=C12,O=C(C/1=C\C2=C(SC(C(OC(CC)CCCCC)=O)=C3F)C3=C(C4=CC(C5(C6=CC=C(C(CCCCC)=O)C=C6)C7=CC=C(C(CCCCC)=O)C=C7)=C(C8=C5C=C(C9=C%10C=C(C%11=C%12C(SC(C(OC(CC)CCCCC)=O)=C%12F)=C(/C=C%13C(C%14=C(C\%13=C(C#N)/C#N)C=C([H])C(F)=C%14)=O)S%11)S9)C(C%10(C%15=CC=C(C(CCCCC)=O)C=C%15)C%16C=CC(C(CCCCC)=O)=CC%16)=C8)S4)S2)C%17=C(C1=C(C#N)/C#N)C=C([H])C(F)=C%17,10.87,FC1=C(C(OCC(CCCC)CC)=O)SC2=CSC(C3=CC4=C(C5=C(C(C6=CC=C(CC(CC)CCCC)S6)=C4S3)C=CS5)C7=CC=C(CC(CC)CCCC)S7)=C12||O=C(C/1=C\C2=C(SC(C(OC(CC)CCCCC)=O)=C3F)C3=C(C4=CC(C5(C6=CC=C(C(CCCCC)=O)C=C6)C7=CC=C(C(CCCCC)=O)C=C7)=C(C8=C5C=C(C9=C%10C=C(C%11=C%12C(SC(C(OC(CC)CCCCC)=O)=C%12F)=C(/C=C%13C(C%14=C(C\%13=C(C#N)/C#N)C=C([H])C(F)=C%14)=O)S%11)S9)C(C%10(C%15=CC=C(C(CCCCC)=O)C=C%15)C%16C=CC(C(CCCCC)=O)=CC%16)=C8)S4)S2)C%17=C(C1=C(C#N)/C#N)C=C([H])C(F)=C%17,2249a87c8fc0450476e55f070a85b71ffa6beb368356c28f1302bad8bac422cb,1b0a2ad307d19d044110b2219fb1240a708734d3c679b5d023fa9036e5305c71,1bfee0632fd3769e95d832463f9d66b6b9a78e94511353126db7b1cfb3fa4870,b10074d1613ecb5097fc5a322a19c330b18a9ddede63e30de0da135477367eb9,e27a340a4c612b3bb7e34326bc25cb1df5194f24cde4973070cce1102a8c50d9,135,802,1054,236
250,in-house,284,O=C(C1=C(CCC(CCCC)CC)SC(CCC(CC)CCCC)=C1C2=O)C(C2=C(C3)C(C4)=CC=C4C5=CC6=C(C(C7=CC=C(CCC(CCCC)CC)S7)=C8C=CSC8=C6C9=CC=C(CCC(CCCC)CC)S9)S5)=C3C%10=CC=CS%10,O=C(C1=CC=C(F)C=C1C/2=C(C#N)/C#N)C2=C/C3=CC4=C(S3)C5=CC6=C(C=C5C4(CCCCCCCC)CCCCCCCC)C7=C(C=C8C9=C(C=C(S9)/C=C%10C(C%11=CC=C(F)C=C%11C\%10=C(C#N)/C#N)=O)C(CCCCCCCC)(CCCCCCCC)C8=C7)C(CCCCCCCC)6CCCCCCCC,10.85,O=C(C1=C(CCC(CCCC)CC)SC(CCC(CC)CCCC)=C1C2=O)C(C2=C(C3)C(C4)=CC=C4C5=CC6=C(C(C7=CC=C(CCC(CCCC)CC)S7)=C8C=CSC8=C6C9=CC=C(CCC(CCCC)CC)S9)S5)=C3C%10=CC=CS%10||O=C(C1=CC=C(F)C=C1C/2=C(C#N)/C#N)C2=C/C3=CC4=C(S3)C5=CC6=C(C=C5C4(CCCCCCCC)CCCCCCCC)C7=C(C=C8C9=C(C=C(S9)/C=C%10C(C%11=CC=C(F)C=C%11C\%10=C(C#N)/C#N)=O)C(CCCCCCCC)(CCCCCCCC)C8=C7)C(CCCCCCCC)6CCCCCCCC,6f31f3770fd225e382586e20513744e11a328b7cc74c758d48628417c600a02b,114a1d292fca53d6d7b76d672b63e0a5f193be7a212a1ccf54ba08afd0de98fb,8311cac431398e1534625b28060f6790c3a6537d1700633e09a94dff35d10c7c,92a4d81928e1e3e1385cd65aa4ebabeb159c7e0b4b8383e548e7345b650d4925,2a3f8a21cf90cc8d6fbb2da5c5a0098b0c04636ba97d3dff3c1cfba490b84c0f,596,690,181,237
251,in-house,285,O=C(C1=C(CCC(CCCC)CC)SC(CCC(CC)CCCC)=C1C2=O)C(C2=C(C3)C(C4)=CC=C4C5=CC6=C(C(C7=CC=C(CCC(CCCC)CC)S7)=C8C=CSC8=C6C9=CC=C(CCC(CCCC)CC)S9)S5)=C3C%10=CC=CS%10,O=C(C1=C(SC2=C1C=CC=C2)C/3=C(C#N)\C#N)C3=C/C4=CC(C5(C(C=C6)=CC=C6CCCCCC)C7=CC=C(C=C7)CCCCCC)=C(C(SC8=C9)=C5C8=CC%10=C9C(C(C%11=CC=C(C=C%11)CCCCCC)(C%12=C%13SC(/C=C%14C(C%15=C(C(C=CC=C%16)=C%16S%15)C\%14=C(C#N)\C#N)=O)=C%12)C%17=CC=C(C=C%17)CCCCCC)=C%13S%10)S4,10.82,O=C(C1=C(CCC(CCCC)CC)SC(CCC(CC)CCCC)=C1C2=O)C(C2=C(C3)C(C4)=CC=C4C5=CC6=C(C(C7=CC=C(CCC(CCCC)CC)S7)=C8C=CSC8=C6C9=CC=C(CCC(CCCC)CC)S9)S5)=C3C%10=CC=CS%10||O=C(C1=C(SC2=C1C=CC=C2)C/3=C(C#N)\C#N)C3=C/C4=CC(C5(C(C=C6)=CC=C6CCCCCC)C7=CC=C(C=C7)CCCCCC)=C(C(SC8=C9)=C5C8=CC%10=C9C(C(C%11=CC=C(C=C%11)CCCCCC)(C%12=C%13SC(/C=C%14C(C%15=C(C(C=CC=C%16)=C%16S%15)C\%14=C(C#N)\C#N)=O)=C%12)C%17=CC=C(C=C%17)CCCCCC)=C%13S%10)S4,6f31f3770fd225e382586e20513744e11a328b7cc74c758d48628417c600a02b,0050e7086793fda1270635c2dba417675d8dec9855ab600970483eec52839ca0,ef4341f833071d21e32968bd75cff00dba52fedd6ee3cebe0e02aa755acfd445,5fda9dd99ba5c1ce977c0448f9e163abda9b2ddc72eb619dac0f2cce9701c073,2e51c7bb495b7fd4da8f7349ba3a8916466d26ffcc5c6fdc81953977b30f1f58,1127,456,206,151
252,in-house,286,FC(C(F)=C(C1=NN(N=C21)CCC(CCCC)CCCCCC)C3=CC=C(S3)C)=C2C(S4)=CC=C4C5=CC(C(CCCC(CCCCCC)CCCC)=C6SC(C)=CC6=C7CCCC(CCCC)CCCCCC)=C7S5,O=C(C(C=C(F)C=C1)=C1C/2=C(C#N)\C#N)C2=C/C(S3)=CC4=C3C(C5(C6=CC=C(CCC)C=C6)C7=CC=C(CCC)C=C7)=C(S4)C8=C5C9=C(CCCCCCCCCCCC)C(S%10)=C(C(CCCCCCCCCCCC)=C9S8)C%11=C%10C(S%12)=C(C%11(C%13=CC=C(CCC)C=C%13)C%14=CC=C(CCC)C=C%14)C%15=C%12C=C(/C=C%16C(C(C=C(F)C=C%17)=C%17C\%16=C(C#N)/C#N)=O)S%15,10.81,FC(C(F)=C(C1=NN(N=C21)CCC(CCCC)CCCCCC)C3=CC=C(S3)C)=C2C(S4)=CC=C4C5=CC(C(CCCC(CCCCCC)CCCC)=C6SC(C)=CC6=C7CCCC(CCCC)CCCCCC)=C7S5||O=C(C(C=C(F)C=C1)=C1C/2=C(C#N)\C#N)C2=C/C(S3)=CC4=C3C(C5(C6=CC=C(CCC)C=C6)C7=CC=C(CCC)C=C7)=C(S4)C8=C5C9=C(CCCCCCCCCCCC)C(S%10)=C(C(CCCCCCCCCCCC)=C9S8)C%11=C%10C(S%12)=C(C%11(C%13=CC=C(CCC)C=C%13)C%14=CC=C(CCC)C=C%14)C%15=C%12C=C(/C=C%16C(C(C=C(F)C=C%17)=C%17C\%16=C(C#N)/C#N)=O)S%15,45e95ea37da5bc3e18f2c067cb95f73c851335176098d8fca22fcb29952b2779,17d034eb1cd30144a89114684bc532a082f6814a6f919992a7aa25518449cbb1,fd7ed0c56704feda9d7555ba8ae14004d5b82bddfa9d89fd9cd006158ca1ebf6,89c92d509b8bc32c2d8a69b89ad27e9323f93422c1108c849f7993b4188d5f2f,08199214f3fc77a88e37db655bc66b2a14a7b03703d609d7b3ac53d2637a6e7f,1181,650,42,238
253,in-house,288,CC1=CC(C(S1)=C(C2=C3SC(C(S4)=CC=C4C5=C6C(C(C7=C(SC(CC(CC)CCCC)=C7C6=O)CC(CC)CCCC)=O)=C(S5)C8=CC=C(C)S8)=C2)C9=CC=CC(OCC(CC)CCCC)=C9)=C3C%10=CC=CC(OCC(CC)CCCC)=C%10,c12cc3c(cc1C(c1c2sc2c1sc(c2)/C=C\1/C(=C(C#N)C#N)c2c(C1=O)cccc2)(c1ccc(cc1)CCCCCC)c1ccc(cc1)CCCCCC)c1c(C3(c2ccc(cc2)CCCCCC)c2ccc(cc2)CCCCCC)c2c(s1)cc(s2)/C=C\1/C(=C(C#N)C#N)c2c(C1=O)cccc2,10.8,CC1=CC(C(S1)=C(C2=C3SC(C(S4)=CC=C4C5=C6C(C(C7=C(SC(CC(CC)CCCC)=C7C6=O)CC(CC)CCCC)=O)=C(S5)C8=CC=C(C)S8)=C2)C9=CC=CC(OCC(CC)CCCC)=C9)=C3C%10=CC=CC(OCC(CC)CCCC)=C%10||c12cc3c(cc1C(c1c2sc2c1sc(c2)/C=C\1/C(=C(C#N)C#N)c2c(C1=O)cccc2)(c1ccc(cc1)CCCCCC)c1ccc(cc1)CCCCCC)c1c(C3(c2ccc(cc2)CCCCCC)c2ccc(cc2)CCCCCC)c2c(s1)cc(s2)/C=C\1/C(=C(C#N)C#N)c2c(C1=O)cccc2,fc8d3ed6c26947761c4355c80014ed583cbc7d49b868cc729e48885568aac209,202f8607af2cecb83e86b2e4305f8c7e2852bc709bb805b9055691d46a9081c5,2806c2f5be79f3438284515567aaa0260892953663706e9a396a06e14742fb20,bc8789c9baa0dbec8da4f177f42174f3922bd8ee16090845e6a0c4e8d2955652,65ed0fab8b620c1be874a95389682249cde6557e5b81fdc4dbcd58ac7f82c9ec,171,866,462,239
254,in-house,289,FC(C=C(C1=C2SC=CC2=C(C3=CC(F)=C(CC(CCCC)CC)S3)C4=C1C=C(C5=CC=C(C6=C(C(C(C7=C(CC(CCCC)CC)SC(CC(CC)CCCC)=C78)=O)=C(C9=CC=CC9)S6)C8=O)S5)S4)S%10)=C%10CC(CC)CCCC,O=C(C1=C(C/2=C(C#N)/C#N)C=C([H])S1)C2=C/C3=CC4=C(C5=C(S4)C(C(C5(CCCCCCCCC)CCCCCCCCC)=C6)=CC(C7(CCCCCCCCC)CCCCCCCCC)=C6C8=C7C9=C(C=C(S9)/C=C%10C(C(CC([H])=C%11)=C%11C\%10=C(C#N)\C#N)=O)S8)S3,10.8,FC(C=C(C1=C2SC=CC2=C(C3=CC(F)=C(CC(CCCC)CC)S3)C4=C1C=C(C5=CC=C(C6=C(C(C(C7=C(CC(CCCC)CC)SC(CC(CC)CCCC)=C78)=O)=C(C9=CC=CC9)S6)C8=O)S5)S4)S%10)=C%10CC(CC)CCCC||O=C(C1=C(C/2=C(C#N)/C#N)C=C([H])S1)C2=C/C3=CC4=C(C5=C(S4)C(C(C5(CCCCCCCCC)CCCCCCCCC)=C6)=CC(C7(CCCCCCCCC)CCCCCCCCC)=C6C8=C7C9=C(C=C(S9)/C=C%10C(C(CC([H])=C%11)=C%11C\%10=C(C#N)\C#N)=O)S8)S3,61eee9608e36bdb1d3a96a3ad1baa39916f3a546e29d11481966a5a2d3d30f3c,b5a8f8a16b6db18036f5d06fff26ef7971e18c2cb4360910b4585dd75b2e5a1b,aaa79a822ca93bd7d1208e102280d9036080365ccc8c36edc7a1e05c4752aa9c,e45af90d296447f40e310f3801f5aadcf8ad993e5907f130256afe25dc1e1186,91d08934b9a159136a9a37e455873b378d0756869e955f9313c60db04c485d04,793,1052,665,240
255,in-house,290,FC(C=C(C1=C2SC=CC2=C(C3=CC(F)=C(CC(CCCC)CC)S3)C4=C1C=C(C5=CC=C(C6=C(C(C(C7=C(CC(CCCC)CC)SC(CC(CC)CCCC)=C78)=O)=C(C9=CC=CC9)S6)C8=O)S5)S4)S%10)=C%10CC(CC)CCCC,O=C(C1=C(C=C(F)C(F)=C1)C/2=C(C#N)\C#N)C2=C/C3=CC(CCCCCCCC)=C(C4=CC5=C(C(C=C6C(C7=CC=C(CCCCCC)C=C7)(C8=CC=C(CCCCCC)C=C8)C9=C(SC(C%10=C(CCCCCCCC)C=C(/C=C%11C(C%12=C(C=C(F)C(F)=C%12)C\%11=C(C#N)\C#N)=O)S%10)=C9)C6=C%13)=C%13C5(C%14=CC=C(C=C%14)CCCCCC)C%15=CC=C(CCCCCC)C=C%15)S4)S3,10.8,FC(C=C(C1=C2SC=CC2=C(C3=CC(F)=C(CC(CCCC)CC)S3)C4=C1C=C(C5=CC=C(C6=C(C(C(C7=C(CC(CCCC)CC)SC(CC(CC)CCCC)=C78)=O)=C(C9=CC=CC9)S6)C8=O)S5)S4)S%10)=C%10CC(CC)CCCC||O=C(C1=C(C=C(F)C(F)=C1)C/2=C(C#N)\C#N)C2=C/C3=CC(CCCCCCCC)=C(C4=CC5=C(C(C=C6C(C7=CC=C(CCCCCC)C=C7)(C8=CC=C(CCCCCC)C=C8)C9=C(SC(C%10=C(CCCCCCCC)C=C(/C=C%11C(C%12=C(C=C(F)C(F)=C%12)C\%11=C(C#N)\C#N)=O)S%10)=C9)C6=C%13)=C%13C5(C%14=CC=C(C=C%14)CCCCCC)C%15=CC=C(CCCCCC)C=C%15)S4)S3,61eee9608e36bdb1d3a96a3ad1baa39916f3a546e29d11481966a5a2d3d30f3c,661edd328cc92ba955bd04372380cf3cde4508f354b76b7c4cfa5dc2ee53d62c,2e5990f998768d5359a9e3795bd105e65ab9e70c08058223fa81263bcd28d851,d065b5f9db636725b97ec3ec688f5d5c276a7ebb6d23c8eeb37901b4af9461ac,cb012777f72991b0a57418bcd262ea57187fb5625c6a074533b22ddbf50aa701,204,959,932,241
256,in-house,291,O=C(C1=C(CCC(CCCC)CC)SC(CCC(CC)CCCC)=C1C2=O)C(C2=C(C3)C(C4)=CC=C4C5=CC6=C(C(C7=CC=C(CCC(CCCC)CC)S7)=C8C=CSC8=C6C9=CC=C(CCC(CCCC)CC)S9)S5)=C3C%10=CC=CS%10,CCCCCCC(C=C1)=CC=C1C2(C(C3=C(S4)C=C(S3)/C=C(C(C5=C6C=CC(OC)=C5)=O)\C6=C(C#N)\C#N)=C4C7=C2C=C(C8=C7)C9=C(C8(C%10=CC=C(C=C%10)CCCCCC)C%11=CC=C(C=C%11)CCCCCC)C%12=C(C=C(S%12)/C=C(/C(C%13=C%14C=C(OC)C=C%13)=C(C#N)\C#N)C%14=O)S9)C(C=C%15)=CC=C%15CCCCCC,10.8,O=C(C1=C(CCC(CCCC)CC)SC(CCC(CC)CCCC)=C1C2=O)C(C2=C(C3)C(C4)=CC=C4C5=CC6=C(C(C7=CC=C(CCC(CCCC)CC)S7)=C8C=CSC8=C6C9=CC=C(CCC(CCCC)CC)S9)S5)=C3C%10=CC=CS%10||CCCCCCC(C=C1)=CC=C1C2(C(C3=C(S4)C=C(S3)/C=C(C(C5=C6C=CC(OC)=C5)=O)\C6=C(C#N)\C#N)=C4C7=C2C=C(C8=C7)C9=C(C8(C%10=CC=C(C=C%10)CCCCCC)C%11=CC=C(C=C%11)CCCCCC)C%12=C(C=C(S%12)/C=C(/C(C%13=C%14C=C(OC)C=C%13)=C(C#N)\C#N)C%14=O)S9)C(C=C%15)=CC=C%15CCCCCC,6f31f3770fd225e382586e20513744e11a328b7cc74c758d48628417c600a02b,cef579d5a3f625a055384644babd4b0c76289952b588aa9e5beeb65e46f7d49d,5455708416b0ff94d0827355106fd9ec88944b03b88acb186b5c44bb2c713d60,683d41bfa0acf1b0c48b9da2f9e4edb2768144fe7a86764545aeb55230385051,5cb3b2a7dbb83bf6c90e658d387dbbaaf27a3464909f58b35d8d23f15ccbb86e,385,500,418,242
257,in-house,292,FC(C(F)=C(C1=NN(N=C21)CC(CCCCCC)CCCCCCCC)C3=CCC(C)S3)=C2C(S4)=CC=C4C(OC5=C(C6=C7OC(C)=C6)C8=CC(Cl)=C(CC(CC)CCCC)S8)=CC5=C7C9=CC(Cl)=C(S9)CC(CC)CCCC,O=C(C/1=C\C2=C(C3=C(S2)C(N4C5=CC=C(CCCCCC)C=C5)=C(C6=C4C7=C(C8=NSN=C68)C(SC9=C%10SC(/C=C%11C(C%12=CC(F)=C(C=C%12C\%11=C(C#N)/C#N)F)=O)=C9CCCCCCCCCCC)=C%10N7C%13=CC=C(CCCCCC)C=C%13)S3)CCCCCCCCCCC)C%14=CC(F)=C(F)C=C%14C1=C(C#N)/C#N,10.79,FC(C(F)=C(C1=NN(N=C21)CC(CCCCCC)CCCCCCCC)C3=CCC(C)S3)=C2C(S4)=CC=C4C(OC5=C(C6=C7OC(C)=C6)C8=CC(Cl)=C(CC(CC)CCCC)S8)=CC5=C7C9=CC(Cl)=C(S9)CC(CC)CCCC||O=C(C/1=C\C2=C(C3=C(S2)C(N4C5=CC=C(CCCCCC)C=C5)=C(C6=C4C7=C(C8=NSN=C68)C(SC9=C%10SC(/C=C%11C(C%12=CC(F)=C(C=C%12C\%11=C(C#N)/C#N)F)=O)=C9CCCCCCCCCCC)=C%10N7C%13=CC=C(CCCCCC)C=C%13)S3)CCCCCCCCCCC)C%14=CC(F)=C(F)C=C%14C1=C(C#N)/C#N,3d9a3a0dcbed6405c766d56db0cb7a4bde351b1ea16bc38b35556778887dabc7,3bc5e962960694d5a8c90d751d3f10c939059169c6882aed8bdcfb92d36d6776,cbcc695c26fd15a2b13ddc044a3d4fc22e48a210a22b3e1d99abe0517f9a2e5e,d6ac11fe89ea0ed1d0f2b42e15a701fedeba61f71db7092acd05d5dbe5b92706,26c7f5cf49a72ed3dc2df4deb205aa373256a4c87585ba7d0688a60c0bfdbf21,970,994,162,243
258,in-house,293,CC1=CC(C(S1)=C(C2=C3SC(C(S4)=CC=C4C5=C6C(C(C7=C(SC(CC)=C7C6=O)CC)=O)=C(S5)C8=CC=C(C)S8)=C2)C9=CC=C(S9)B=O)=C3C%10=CC=C(S%10)O[B],O=C(C1=CC=CC=C1C/2=C(C#N)/C#N)C2=C/C3=CC(SC4C5C(C)=C(C(C6=CC=C(C=C6)CCCCCC)(C7=CC=C(C=C7)CCCCCC)C8=CSC9=C8SC(/C=C%10C(C(C=CC=C%11)=C%11C\%10=C(C#N)/C#N)=C)=C9)C=C(C)C5C(C%12=CC=C(C=C%12)CCCCCC)(C%13=CC=C(C=C%13)CCCCCC)C%144)=C%14S3,10.78,CC1=CC(C(S1)=C(C2=C3SC(C(S4)=CC=C4C5=C6C(C(C7=C(SC(CC)=C7C6=O)CC)=O)=C(S5)C8=CC=C(C)S8)=C2)C9=CC=C(S9)B=O)=C3C%10=CC=C(S%10)O[B]||O=C(C1=CC=CC=C1C/2=C(C#N)/C#N)C2=C/C3=CC(SC4C5C(C)=C(C(C6=CC=C(C=C6)CCCCCC)(C7=CC=C(C=C7)CCCCCC)C8=CSC9=C8SC(/C=C%10C(C(C=CC=C%11)=C%11C\%10=C(C#N)/C#N)=C)=C9)C=C(C)C5C(C%12=CC=C(C=C%12)CCCCCC)(C%13=CC=C(C=C%13)CCCCCC)C%144)=C%14S3,4f04b73a83a61e03069ba2ac11699ffe2c827bd4b67ed442c7f0b66fa4ced108,83d12c8a518aebb2c9e097cdd9cd4e855fadbb8bad16c860293e67b74eecaf00,28ce829c59f683b4983634a887cdbea74c04800a09759f10b67047ed6d43bca7,824363dd3b1c467179348f3670b58998b6f2512c4b9378aee7905e6257bcb567,cacede2edbc3bb915622f9a8f668ba49cb23ad0a90d7f23b677e1d88b856d54b,178,618,930,244
259,in-house,295,O=C(C1=C(CCC(CCCC)CC)SC(CCC(CC)CCCC)=C1C2=O)C(C2=C(C3)C(C4)=CC=C4C5=CC6=C(C(C7=CC=C(CCC(CCCC)CC)S7)=C8C=CSC8=C6C9=CC=C(CCC(CCCC)CC)S9)S5)=C3C%10=CC=CS%10,c1cccc2c1C(=C(C#N)C#N)/C(=C/c1cc3c(s1)c1c(C3(c3ccc(cc3)CCCCCC)c3ccc(cc3)CCCCCC)c3c(s1)c(c1c(c3O[C@H](CCCC)CC)sc3c1C(c1c3sc(c1)/C=C\1/C(=C(C#N)C#N)c3c(C1=O)cccc3)(c1ccc(cc1)CCCCCC)c1ccc(cc1)CCCCCC)O[C@@H](CC)CCCC)/C2=O,10.76,O=C(C1=C(CCC(CCCC)CC)SC(CCC(CC)CCCC)=C1C2=O)C(C2=C(C3)C(C4)=CC=C4C5=CC6=C(C(C7=CC=C(CCC(CCCC)CC)S7)=C8C=CSC8=C6C9=CC=C(CCC(CCCC)CC)S9)S5)=C3C%10=CC=CS%10||c1cccc2c1C(=C(C#N)C#N)/C(=C/c1cc3c(s1)c1c(C3(c3ccc(cc3)CCCCCC)c3ccc(cc3)CCCCCC)c3c(s1)c(c1c(c3O[C@H](CCCC)CC)sc3c1C(c1c3sc(c1)/C=C\1/C(=C(C#N)C#N)c3c(C1=O)cccc3)(c1ccc(cc1)CCCCCC)c1ccc(cc1)CCCCCC)O[C@@H](CC)CCCC)/C2=O,6f31f3770fd225e382586e20513744e11a328b7cc74c758d48628417c600a02b,d1a126af3815b29b84c426ad8f166ac76b2a31cbf5264c92372d7d416f6fb85e,f06df4faba3371da7fea8b1fc582a0ecc0f0eecaea6b59c494686207a7e8b0dd,61ca6d7267bc12a50d068149131a7337bbe199fa81cc4bbe19164a8ea5d25ae8,582a3997260600c9310205f6570dfe7d53a2350529d5a6adc2a9441c37797ef8,1132,465,392,245
260,in-house,296,O=C(C1=C(CCC(CCCC)CC)SC(CCC(CC)CCCC)=C1C2=O)C(C2=C(C3)C(C4)=CC=C4C5=CC6=C(C(C7=CC=C(CCC(CCCC)CC)S7)=C8C=CSC8=C6C9=CC=C(CCC(CCCC)CC)S9)S5)=C3C%10=CC=CS%10,FC1=CC(C(/C2=C/C(SC3=C4SC5=C3C(C6=CC=C(CCCCCC)C=C6)(C7=CC=C(CCCCCC)C=C7)C8=C5SC9=C8C(OCCCCCCCC)=C(SC%10=C%11C(C%12=CC=C(CCCCCC)C=C%12)(C%13=CC=C(CCCCCC)C=C%13)C%14=C%10SC%15=C%14SC(/C=C%16/C(C%17=C(C%16=O)C=C(F)C(F)=C%17)=C(C#N)\[N+]#[C-])=C%15CCCCCCCC)C%11=C9OCCCCCCCC)=C4CCCCCCCC)=C(C#N)/C#N)=C(C2=O)C=C1F,10.75,O=C(C1=C(CCC(CCCC)CC)SC(CCC(CC)CCCC)=C1C2=O)C(C2=C(C3)C(C4)=CC=C4C5=CC6=C(C(C7=CC=C(CCC(CCCC)CC)S7)=C8C=CSC8=C6C9=CC=C(CCC(CCCC)CC)S9)S5)=C3C%10=CC=CS%10||FC1=CC(C(/C2=C/C(SC3=C4SC5=C3C(C6=CC=C(CCCCCC)C=C6)(C7=CC=C(CCCCCC)C=C7)C8=C5SC9=C8C(OCCCCCCCC)=C(SC%10=C%11C(C%12=CC=C(CCCCCC)C=C%12)(C%13=CC=C(CCCCCC)C=C%13)C%14=C%10SC%15=C%14SC(/C=C%16/C(C%17=C(C%16=O)C=C(F)C(F)=C%17)=C(C#N)\[N+]#[C-])=C%15CCCCCCCC)C%11=C9OCCCCCCCC)=C4CCCCCCCC)=C(C#N)/C#N)=C(C2=O)C=C1F,6f31f3770fd225e382586e20513744e11a328b7cc74c758d48628417c600a02b,f960f1688320c0c0de02531a306703ca26288dcabb42326027bf417874d7b9a0,dbf8a45de600696c8440ceaf5b615cbc65c43434a787c686f9b8c374db2568be,9f8c8b9cb7ad6a691dd627751bb15ec91433ab33ce08e0d3ef2a1c461c1ce938,92cc00a8ba7f74e8c69f5bfaab291553f8971c82779179d4613b661748d8fea8,1043,745,667,246
261,in-house,297,FC(C=C(C1=C2SC=CC2=C(C3=CC(F)=C(CC(CCCC)CC)S3)C4=C1C=C(C5=CC=C(C6=C(C(C(C7=C(CC(CCCC)CC)SC(CC(CC)CCCC)=C78)=O)=C(C9=CC=CC9)S6)C8=O)S5)S4)S%10)=C%10CC(CC)CCCC,c12cc3c(cc1C(c1c2sc2c1sc(c2)/C=C\1/C(=C(C#N)C#N)c2c(C1=O)cccc2)(c1ccc(cc1)CCCCCC)c1ccc(cc1)CCCCCC)c1c(C3(c2ccc(cc2)CCCCCC)c2ccc(cc2)CCCCCC)c2c(s1)cc(s2)/C=C\1/C(=C(C#N)C#N)c2c(C1=O)cccc2,10.75,FC(C=C(C1=C2SC=CC2=C(C3=CC(F)=C(CC(CCCC)CC)S3)C4=C1C=C(C5=CC=C(C6=C(C(C(C7=C(CC(CCCC)CC)SC(CC(CC)CCCC)=C78)=O)=C(C9=CC=CC9)S6)C8=O)S5)S4)S%10)=C%10CC(CC)CCCC||c12cc3c(cc1C(c1c2sc2c1sc(c2)/C=C\1/C(=C(C#N)C#N)c2c(C1=O)cccc2)(c1ccc(cc1)CCCCCC)c1ccc(cc1)CCCCCC)c1c(C3(c2ccc(cc2)CCCCCC)c2ccc(cc2)CCCCCC)c2c(s1)cc(s2)/C=C\1/C(=C(C#N)C#N)c2c(C1=O)cccc2,61eee9608e36bdb1d3a96a3ad1baa39916f3a546e29d11481966a5a2d3d30f3c,202f8607af2cecb83e86b2e4305f8c7e2852bc709bb805b9055691d46a9081c5,8af16a03f48a8c4c8f52818c45a57ec0b0cbb4df411ad7222f8321d1f2f73616,0962aa3d91cf78113a8cb42c57f61e270ac200523648dc5ccdfd9e770dd77be9,3fafb15a92d49a67bd284101d110488aaa47f9f31554ad9555fe6e58913352be,636,48,277,247
262,in-house,298,O=C(C1=C(CCC(CCCC)CC)SC(CCC(CC)CCCC)=C1C2=O)C(C2=C(C3)C(C4)=CC=C4C5=CC6=C(C(C7=CC=C(CCC(CCCC)CC)S7)=C8C=CSC8=C6C9=CC=C(CCC(CCCC)CC)S9)S5)=C3C%10=CC=CS%10,O=C(C1=CSC=C1C/2=C(C#N)\C#N)C2=C/C3=CC(SC(C(C=C4C5(C6=CC=C(C=C6)CCCCCCCC)C7=CC=C(CCCCCCCC)C=C7)=C8C=C4C9=C5C%10=C(C=C(S%10)/C=C%11C(C%12=CSC=C%12C\%11=C(C#N)\C#N)=O)S9)=C%13C8(C%14=CC=C(C=C%14)CCCCCCCC)C%15=CC=C(CCCCCCCC)C=C%15)=C%13S3,10.74,O=C(C1=C(CCC(CCCC)CC)SC(CCC(CC)CCCC)=C1C2=O)C(C2=C(C3)C(C4)=CC=C4C5=CC6=C(C(C7=CC=C(CCC(CCCC)CC)S7)=C8C=CSC8=C6C9=CC=C(CCC(CCCC)CC)S9)S5)=C3C%10=CC=CS%10||O=C(C1=CSC=C1C/2=C(C#N)\C#N)C2=C/C3=CC(SC(C(C=C4C5(C6=CC=C(C=C6)CCCCCCCC)C7=CC=C(CCCCCCCC)C=C7)=C8C=C4C9=C5C%10=C(C=C(S%10)/C=C%11C(C%12=CSC=C%12C\%11=C(C#N)\C#N)=O)S9)=C%13C8(C%14=CC=C(C=C%14)CCCCCCCC)C%15=CC=C(CCCCCCCC)C=C%15)=C%13S3,6f31f3770fd225e382586e20513744e11a328b7cc74c758d48628417c600a02b,a3406b5e4edefe3e2c4839b86eca3cc419dcab58dd63484cd2852f990ceb7789,5374d9104d755720f3ac993f129fa9a7282316a0edb86c49d08956b629b41774,d10001b4cae93cbd8ecb3aafed30b29d298adb385eee8c27126f89ca3b656756,eb6b70f5f8c28749a24c8def6848747eda30f7ae7851f5468ee14a98b719c6a7,379,967,1100,248
263,in-house,299,O=C(C1=C(CC(CCCC)CC)SC(CC(CCCC)CC)=C12)C3=C(C4=CC=CS4)SC(C(S5)=CC=C5C6=CC7=C(C8=CC=C(CC(CCCC)CCCCCC)C=C8)C(SC=C9)=C9C(C%10=CC=C(CC(CCCCCC)CCCC)C=C%10)=C7S6)=C3C2=O,O=C1C(/C(C2=C1C=CC(F)=C2)=C(C#N)\C#N)=C\C3=CC=C(S3)C4=CC5=C(C(C=C6C(C7=CC=C(CCCCCC)C=C7)(C8=CC=C(CCCCCC)C=C8)C(C=C(C9=CC=C(S9)/C=C%10C(C%11=C(C=C(F)C=C%11)C\%10=C(C#N)/C#N)=O)S%12)=C%12C6=C%13)=C%13C5(C%14=CC=C(C=C%14)CCCCCC)C%15=CC=C(CCCCCC)C=C%15)S4,10.71,O=C(C1=C(CC(CCCC)CC)SC(CC(CCCC)CC)=C12)C3=C(C4=CC=CS4)SC(C(S5)=CC=C5C6=CC7=C(C8=CC=C(CC(CCCC)CCCCCC)C=C8)C(SC=C9)=C9C(C%10=CC=C(CC(CCCCCC)CCCC)C=C%10)=C7S6)=C3C2=O||O=C1C(/C(C2=C1C=CC(F)=C2)=C(C#N)\C#N)=C\C3=CC=C(S3)C4=CC5=C(C(C=C6C(C7=CC=C(CCCCCC)C=C7)(C8=CC=C(CCCCCC)C=C8)C(C=C(C9=CC=C(S9)/C=C%10C(C%11=C(C=C(F)C=C%11)C\%10=C(C#N)/C#N)=O)S%12)=C%12C6=C%13)=C%13C5(C%14=CC=C(C=C%14)CCCCCC)C%15=CC=C(CCCCCC)C=C%15)S4,826e531b71e4c0ef06b575364b50a339b3da70c19584a5cd5231c22bd6d85201,9cd2f93646ade7ee8d2e17a83c5bd7cb70fa0fea966a3cb3ffc575c58a53161d,478d800f1858def63e898987490a666320f564de7bda87f5cc1c076916f7673b,9e67ffba498795a765bd89a6c69b61272644aa206512642bdc22f404de81ff8c,6d042ddd9614271b8570ef3f93ca0ec61ed9f1f1318af00e0aa68bff51f15de2,335,738,493,249
264,in-house,300,O=C(C1=C(CCC(CCCC)CC)SC(CCC(CC)CCCC)=C1C2=O)C(C2=C(C3)C(C4)=CC=C4C5=CC6=C(C(C7=CC=C(CCC(CCCC)CC)S7)=C8C=CSC8=C6C9=CC=C(CCC(CCCC)CC)S9)S5)=C3C%10=CC=CS%10,O=C(C(C=CC(F)=C1)=C1C/2=C(C#N)/C#N)C2=C/C3=CC(N4CC(CCCCCC)CCCC)=C(S3)C5=C4C6=C(OCCCCCC)C(S7)=C(C(OCCCCCC)=C6S5)C8=C7C(S9)=C(N8CC(CCCC)CCCCCC)C=C9/C=C(C%10=O)/C(C%11=C%10C=CC(F)=C%11)=C(C#N)/C#N,10.71,O=C(C1=C(CCC(CCCC)CC)SC(CCC(CC)CCCC)=C1C2=O)C(C2=C(C3)C(C4)=CC=C4C5=CC6=C(C(C7=CC=C(CCC(CCCC)CC)S7)=C8C=CSC8=C6C9=CC=C(CCC(CCCC)CC)S9)S5)=C3C%10=CC=CS%10||O=C(C(C=CC(F)=C1)=C1C/2=C(C#N)/C#N)C2=C/C3=CC(N4CC(CCCCCC)CCCC)=C(S3)C5=C4C6=C(OCCCCCC)C(S7)=C(C(OCCCCCC)=C6S5)C8=C7C(S9)=C(N8CC(CCCC)CCCCCC)C=C9/C=C(C%10=O)/C(C%11=C%10C=CC(F)=C%11)=C(C#N)/C#N,6f31f3770fd225e382586e20513744e11a328b7cc74c758d48628417c600a02b,8f837c0afe21e5913faa47b34c5741192788ab04e6d1d3aedf36c8cbbe5eb9bb,2882d43ffee462e8a2b9e6c781d39c5ad2ace9985932a463c9ae0e15e1a22b5c,8ce3bd2a0bcb050db09b96deeed3393e8a53f1416412167690295739b62a424b,8b57d94c2d02826fb29a1187eaedecee84c1d8af49347096835faa027ab80528,174,660,630,250
265,in-house,301,O=C(C1=C(CCC(CCCC)CC)SC(CCC(CC)CCCC)=C1C2=O)C(C2=C(C3)C(C4)=CC=C4C5=CC6=C(C(C7=CC=C(CCC(CCCC)CC)S7)=C8C=CSC8=C6C9=CC=C(CCC(CCCC)CC)S9)S5)=C3C%10=CC=CS%10,ClC(C(Cl)=C1)=CC2=C1C(/C(C2=O)=C/C3=CC(C4(C5=CC=C(CCCCCC)C=C5)C6=CC=C(CCCCCC)C=C6)=C(S3)C(C4=C7)=CC8=C7C(S9)=C(C8(C%10=CC=C(CCCCCC)C=C%10)C%11=CC=C(CCCCCC)C=C%11)C%12=C9C(C%13(C%14=CC=C(CCCCCC)C=C%14)C%15=CC=C(CCCCCC)C=C%15)=C(S%12)C(C%13=C%16)=CC%17=C%16C%18=C(C%17(C%19=CC=C(CCCCCC)C=C%19)C%20=CC=C(CCCCCC)C=C%20)C=C(/C=C%21C(C(C=C(Cl)C(Cl)=C%22)=C%22C\%21=C(C#N)\C#N)=O)S%18)=C(C#N)/C#N,10.7,O=C(C1=C(CCC(CCCC)CC)SC(CCC(CC)CCCC)=C1C2=O)C(C2=C(C3)C(C4)=CC=C4C5=CC6=C(C(C7=CC=C(CCC(CCCC)CC)S7)=C8C=CSC8=C6C9=CC=C(CCC(CCCC)CC)S9)S5)=C3C%10=CC=CS%10||ClC(C(Cl)=C1)=CC2=C1C(/C(C2=O)=C/C3=CC(C4(C5=CC=C(CCCCCC)C=C5)C6=CC=C(CCCCCC)C=C6)=C(S3)C(C4=C7)=CC8=C7C(S9)=C(C8(C%10=CC=C(CCCCCC)C=C%10)C%11=CC=C(CCCCCC)C=C%11)C%12=C9C(C%13(C%14=CC=C(CCCCCC)C=C%14)C%15=CC=C(CCCCCC)C=C%15)=C(S%12)C(C%13=C%16)=CC%17=C%16C%18=C(C%17(C%19=CC=C(CCCCCC)C=C%19)C%20=CC=C(CCCCCC)C=C%20)C=C(/C=C%21C(C(C=C(Cl)C(Cl)=C%22)=C%22C\%21=C(C#N)\C#N)=O)S%18)=C(C#N)/C#N,6f31f3770fd225e382586e20513744e11a328b7cc74c758d48628417c600a02b,24c8ef55629e8a7a5f9e3fdf17ee3729a57feb8b25d3d40a77160d51a69fd921,cc0e9e93c44953b8741d8652d38cea5e71b372a5b035c56477dff12849dc88a2,5cc21932b3f14cb7e53b01731b41b1a307327915e47fb2527107e868bead3c78,dc2b951d1b3cde93c934e2661d2a6f6395889ee7416aa3bc9e163ffd2c9372d7,972,440,1018,251
266,in-house,302,O=C(C1=C(CCC(CCCC)CC)SC(CCC(CC)CCCC)=C1C2=O)C(C2=C(C3)C(C4)=CC=C4C5=CC6=C(C(C7=CC=C(CCC(CCCC)CC)S7)=C8C=CSC8=C6C9=CC=C(CCC(CCCC)CC)S9)S5)=C3C%10=CC=CS%10,O=C(N(C1=O)CC(CCCCCCCC)CCCCCCCCCC)C2=C3C1=CC(C4=CC=C(S4)C5=CC=C(C)S5)=C(C(N(C6=O)CC(CCCCCCCCCC)CCCCCCCC)=O)C3=C6C=C2C,10.7,O=C(C1=C(CCC(CCCC)CC)SC(CCC(CC)CCCC)=C1C2=O)C(C2=C(C3)C(C4)=CC=C4C5=CC6=C(C(C7=CC=C(CCC(CCCC)CC)S7)=C8C=CSC8=C6C9=CC=C(CCC(CCCC)CC)S9)S5)=C3C%10=CC=CS%10||O=C(N(C1=O)CC(CCCCCCCC)CCCCCCCCCC)C2=C3C1=CC(C4=CC=C(S4)C5=CC=C(C)S5)=C(C(N(C6=O)CC(CCCCCCCCCC)CCCCCCCC)=O)C3=C6C=C2C,6f31f3770fd225e382586e20513744e11a328b7cc74c758d48628417c600a02b,67096308c55a26128622ec9b815a0cd723d977553f068a8caf89ccdd119c12c3,f9cb3ee195d7c0ffcb0f4f8b033147fedc6e75f08b19c228ce068ead5d40127f,798fcef8e84c85119d6c0f1d08eaa60aee96f0bfa583744b5fd3e77171d4d8c7,9c4b5cb8dfe993555a10b078974964b97c1a5c8f8e6db1add460eca86bc8890a,1163,581,710,252
267,in-house,303,FC1=C(F)C=C(N=C(OCC(CCCCCC)CCCCCCCC)C=N2)C2=C1C3=CC=CS3,O=C(C1=CC(F)=C(C=C1C/2=C(C#N)/C#N)F)C2=C/C3=CC([N]4C)=C(S3)C(C=C5C6(B=O)B=O)=C4C=C5C(C7(B=O)B=O)=C6C(C=C8[N]9C)=C7C=C8C(S%10)=C9C=C%10/C=C(CC%11=CC(F)=C(C=C%11%12)F)/C%12=C(C#N)\C#N,10.69,FC1=C(F)C=C(N=C(OCC(CCCCCC)CCCCCCCC)C=N2)C2=C1C3=CC=CS3||O=C(C1=CC(F)=C(C=C1C/2=C(C#N)/C#N)F)C2=C/C3=CC([N]4C)=C(S3)C(C=C5C6(B=O)B=O)=C4C=C5C(C7(B=O)B=O)=C6C(C=C8[N]9C)=C7C=C8C(S%10)=C9C=C%10/C=C(CC%11=CC(F)=C(C=C%11%12)F)/C%12=C(C#N)\C#N,6d0ebf843ec88894476605165efae2bf8fd910afe87a5868bc4b56e85a61a93d,d796f5fd33c2adb8c9c84bb3a954a9a9d61b2f5013c6a34cf9b745e028609069,bc383c69ec27259bf56d699706f1085e4349d4ea1cd9c85436b20da86c27c28b,03499fe6e82391acd2f60000f2f8ac88b981b692315fb97e480692260afd6152,e9ed0636e7852b22e742c635cc531d22eb6d65d77d2aa0ec11d079e2997a0ffd,892,18,1090,253
268,in-house,304,CC1=CC2=C(S1)C(C3=CC=C([Si](CCC)(CCC)CCC)S3)=C4C=C(C5=CC=C(C6=C(F)C(F)=C(C7=CC=C(S7)C)C8=NN(CC(CCCCCCCC)CCCCCC)N=C68)S5)SC4=C2C9=CC=C([Si](CCC)(CCC)CCC)S9,O=C(C1=CC=CC=C1C/2=C(C#N)/C#N)C2=C/C3=CC(SC4C5C(C)=C(C(C6=CC=C(C=C6)CCCCCC)(C7=CC=C(C=C7)CCCCCC)C8=CSC9=C8SC(/C=C%10C(C(C=CC=C%11)=C%11C\%10=C(C#N)/C#N)=C)=C9)C=C(C)C5C(C%12=CC=C(C=C%12)CCCCCC)(C%13=CC=C(C=C%13)CCCCCC)C%144)=C%14S3,10.68,CC1=CC2=C(S1)C(C3=CC=C([Si](CCC)(CCC)CCC)S3)=C4C=C(C5=CC=C(C6=C(F)C(F)=C(C7=CC=C(S7)C)C8=NN(CC(CCCCCCCC)CCCCCC)N=C68)S5)SC4=C2C9=CC=C([Si](CCC)(CCC)CCC)S9||O=C(C1=CC=CC=C1C/2=C(C#N)/C#N)C2=C/C3=CC(SC4C5C(C)=C(C(C6=CC=C(C=C6)CCCCCC)(C7=CC=C(C=C7)CCCCCC)C8=CSC9=C8SC(/C=C%10C(C(C=CC=C%11)=C%11C\%10=C(C#N)/C#N)=C)=C9)C=C(C)C5C(C%12=CC=C(C=C%12)CCCCCC)(C%13=CC=C(C=C%13)CCCCCC)C%144)=C%14S3,eaf1916a35a7483d8caf5815ff5e1ea653d31569a8b350b0b99530cf692c3bfb,83d12c8a518aebb2c9e097cdd9cd4e855fadbb8bad16c860293e67b74eecaf00,c3d187d214da2f8c299e749515e7bad4d4bb7e6836af3b48a7fb541f560acd25,e70c0a43ceeaffb701409d7a2c9ec3a56cfbcf39166b63a84f9afff6d52fbe00,ec4b66a97044ece199e2b949209392a8cf4d7871743062b25ab521daad723a1c,936,1064,1107,254
269,in-house,305,O=C(C1=C(CCC(CCCC)CC)SC(CCC(CC)CCCC)=C1C2=O)C(C2=C(C3)C(C4)=CC=C4C5=CC6=C(C(C7=CC=C(CCC(CCCC)CC)S7)=C8C=CSC8=C6C9=CC=C(CCC(CCCC)CC)S9)S5)=C3C%10=CC=CS%10,O=C(C(C=C(C(F)=C1)F)=C1C/2=C(C#N)\C#N)C2=C/C([Se]3)=CC=C3C(SC4=C5C(C6=CC=C(CCCCCC)C=C6)(C7=CC=C(CCCCCC)C=C7)C(C4=C8)=CC9=C8C(C%10=CC=C(CCCCCC)C=C%10)(C%11=CC=C(CCCCCC)C=C%11)C%12=C9SC(C%13=CC=C([Se]%13)/C=C%14C(C(C=C(C(F)=C%15)F)=C%15C\%14=C(C#N)\C#N)=O)=C%12OCCCCCCCC)=C5OCCCCCCCC,10.67,O=C(C1=C(CCC(CCCC)CC)SC(CCC(CC)CCCC)=C1C2=O)C(C2=C(C3)C(C4)=CC=C4C5=CC6=C(C(C7=CC=C(CCC(CCCC)CC)S7)=C8C=CSC8=C6C9=CC=C(CCC(CCCC)CC)S9)S5)=C3C%10=CC=CS%10||O=C(C(C=C(C(F)=C1)F)=C1C/2=C(C#N)\C#N)C2=C/C([Se]3)=CC=C3C(SC4=C5C(C6=CC=C(CCCCCC)C=C6)(C7=CC=C(CCCCCC)C=C7)C(C4=C8)=CC9=C8C(C%10=CC=C(CCCCCC)C=C%10)(C%11=CC=C(CCCCCC)C=C%11)C%12=C9SC(C%13=CC=C([Se]%13)/C=C%14C(C(C=C(C(F)=C%15)F)=C%15C\%14=C(C#N)\C#N)=O)=C%12OCCCCCCCC)=C5OCCCCCCCC,6f31f3770fd225e382586e20513744e11a328b7cc74c758d48628417c600a02b,76a46a64a08012ae47aa61bed9433fea5bf7ee5b3031da4f6ea1bf3d76257076,d72d42c79393561a77aa6fff1933b26acb2056e61dc5b12076fec8d19b49093e,400ebd9ce35de215062ec604472b39b0ae720670e7f46d0a34876bd3798f5c12,fa764610202730cb0e5039e8927b544870d83fd579e753317e8d98a04d61cc9e,1023,310,1167,255
270,in-house,306,FC(C=C1C(S2)=C(OCCCCCCCCCCCC)C=C2C(C3C(N4CC(CCCCCC)CCCCCCCC)=O)=CC=C(C)C3C4=O)=C(C=C1F)C5=C(OCCCCCCCCCCCC)C=C(C)S5,c1(cc2c(cc1F)C(=O)/C(=C\c1cc3c(s1)c1c(s3)c3c(C1(c1ccc(cc1)CCCCCC)c1ccc(cc1)CCCCCC)cc1c(c3)C(c3c1sc1c3sc(c1)/C=C/1\C(=O)c3c(C1=C(C#N)C#N)cc(c(c3)F)F)(c1ccc(cc1)CCCCCC)c1ccc(cc1)CCCCCC)/C2=C(C#N)C#N)F,10.65,FC(C=C1C(S2)=C(OCCCCCCCCCCCC)C=C2C(C3C(N4CC(CCCCCC)CCCCCCCC)=O)=CC=C(C)C3C4=O)=C(C=C1F)C5=C(OCCCCCCCCCCCC)C=C(C)S5||c1(cc2c(cc1F)C(=O)/C(=C\c1cc3c(s1)c1c(s3)c3c(C1(c1ccc(cc1)CCCCCC)c1ccc(cc1)CCCCCC)cc1c(c3)C(c3c1sc1c3sc(c1)/C=C/1\C(=O)c3c(C1=C(C#N)C#N)cc(c(c3)F)F)(c1ccc(cc1)CCCCCC)c1ccc(cc1)CCCCCC)/C2=C(C#N)C#N)F,fbe9acfa00806607dc35b00e768d9676e76b8e29086e683f75fd17c4d9774d1a,69e17d1724b4236f68d0c6efb6ad16969f13f8980d301d0056747038b20f0c8d,f1a1de717b0ccc07b57dc5194bce680ad7c3d9f529a4538902108103072ac319,b67c3cc3175fe82f3476f0e48959d4663717ac7c32d2305d70f700f59e87a60f,7d41dda45b1e93dc10dcf38d5104c2dab40fa219c08aded5a8abe7126750bd8d,1137,826,570,256
271,in-house,307,O=C(C1=C(CCC(CCCC)CC)SC(CCC(CC)CCCC)=C1C2=O)C(C2=C(C3)C(C4)=CC=C4C5=CC6=C(C(C7=CC=C(CCC(CCCC)CC)S7)=C8C=CSC8=C6C9=CC=C(CCC(CCCC)CC)S9)S5)=C3C%10=CC=CS%10,O=C(C1=C(SC(C2=CC3=C(C4=C(C3(CC(CCCC)CC)CC(CCCC)CC)C=C(/C=C5C(C6=CC(F)=C(C=C6C\5=C([N+]#[C-])\C#N)F)=O)S4)S2)=C17)C8=CC9=C(C%10=C(C9(CC(CCCC)CC)CC(CCCC)CC)C=C(/C=C%11/C(C%12=CC(F)=C(C=C%12C%11=O)F)=C(C#N)/[N+]#[C-])S%10)S8)C%13=C(CC(CCCC)CC)SC(CC(CCCC)CC)=C%13C7=O,10.65,O=C(C1=C(CCC(CCCC)CC)SC(CCC(CC)CCCC)=C1C2=O)C(C2=C(C3)C(C4)=CC=C4C5=CC6=C(C(C7=CC=C(CCC(CCCC)CC)S7)=C8C=CSC8=C6C9=CC=C(CCC(CCCC)CC)S9)S5)=C3C%10=CC=CS%10||O=C(C1=C(SC(C2=CC3=C(C4=C(C3(CC(CCCC)CC)CC(CCCC)CC)C=C(/C=C5C(C6=CC(F)=C(C=C6C\5=C([N+]#[C-])\C#N)F)=O)S4)S2)=C17)C8=CC9=C(C%10=C(C9(CC(CCCC)CC)CC(CCCC)CC)C=C(/C=C%11/C(C%12=CC(F)=C(C=C%12C%11=O)F)=C(C#N)/[N+]#[C-])S%10)S8)C%13=C(CC(CCCC)CC)SC(CC(CCCC)CC)=C%13C7=O,6f31f3770fd225e382586e20513744e11a328b7cc74c758d48628417c600a02b,9dbf8c86915e20fb8cc097ef996ab1bbcb019ec85d05ac978e72430af5a4b678,58c6fa224868dad64b457936b9e5d4700c3821d01d09df3a06ae5ed98c3603c7,b8e708941574053618716d091108d37f2086be27878236be46b8cf67b198e4ed,d593309afe191c80c2ef448a6ae7e4038e41f957dad62a067191ec23d050f061,398,839,983,257
272,in-house,308,CC1=CC(C(C2=CC=C(S2)[Si](CCC)(CCC)CCC)=C3OC(C4=CC=C(S4)C5=C(C(F)=C(C6=NN(N=C56)CC(CCCCCCCC)CCCCCC)C7=CC=C(C)S7)F)=CC3=C8C9=CC=C(S9)[Si](CCC)(CCC)CCC)=C8O1,c12cc3c(cc1C(c1c2sc2c1sc(c2)/C=C\1/C(=C(C#N)C#N)c2c(C1=O)cccc2)(c1ccc(cc1)CCCCCC)c1ccc(cc1)CCCCCC)c1c(C3(c2ccc(cc2)CCCCCC)c2ccc(cc2)CCCCCC)c2c(s1)cc(s2)/C=C\1/C(=C(C#N)C#N)c2c(C1=O)cccc2,10.6,CC1=CC(C(C2=CC=C(S2)[Si](CCC)(CCC)CCC)=C3OC(C4=CC=C(S4)C5=C(C(F)=C(C6=NN(N=C56)CC(CCCCCCCC)CCCCCC)C7=CC=C(C)S7)F)=CC3=C8C9=CC=C(S9)[Si](CCC)(CCC)CCC)=C8O1||c12cc3c(cc1C(c1c2sc2c1sc(c2)/C=C\1/C(=C(C#N)C#N)c2c(C1=O)cccc2)(c1ccc(cc1)CCCCCC)c1ccc(cc1)CCCCCC)c1c(C3(c2ccc(cc2)CCCCCC)c2ccc(cc2)CCCCCC)c2c(s1)cc(s2)/C=C\1/C(=C(C#N)C#N)c2c(C1=O)cccc2,0d8f9d70c9b87f26f29ef30c4c4554b1070cfbc2c08022205ba2f0071089ceac,202f8607af2cecb83e86b2e4305f8c7e2852bc709bb805b9055691d46a9081c5,f461e629e0acf2daa7162a4dc4d4da8c355f37870d90fdbfea4dc7e34c2f1cf1,0385a85d97272010019114f9a0e948c8a0d481d0102e86c21cab619c3bf391dc,99c08e54e8c16912912965f32b27591a01426bbed382857d6aa18928bf52219a,1145,19,695,258
273,in-house,309,O=C(C1=C(CCC(CCCC)CC)SC(CCC(CC)CCCC)=C1C2=O)C(C2=C(C3)C(C4)=CC=C4C5=CC6=C(C(C7=CC=C(CCC(CCCC)CC)S7)=C8C=CSC8=C6C9=CC=C(CCC(CCCC)CC)S9)S5)=C3C%10=CC=CS%10,CCCCCCCCN1C2=C(SC(/C=C3/C(C4=CC(F)=C(C=C4C3=O)F)=C(C#N)\C#N)=C2)C5=C1C6=C(C5)C(C=C7C(C8=CC=C(OCCCCCC)C=C8)(C9=C(C7=C%10)SC%11=C9N(C%12=C%11SC(/C=C%13/C(C%14=CC(F)=C(C=C%14C%13=O)F)=C(C#N)\C#N)=C%12)CCCCCCCC)C(C=C%15)=CC=C%15OCCCCCC)=C%10C(C%16=CC=C(C=C%16)OCCCCCC)6C%17=CC=C(C=C%17)OCCCCCC,10.6,O=C(C1=C(CCC(CCCC)CC)SC(CCC(CC)CCCC)=C1C2=O)C(C2=C(C3)C(C4)=CC=C4C5=CC6=C(C(C7=CC=C(CCC(CCCC)CC)S7)=C8C=CSC8=C6C9=CC=C(CCC(CCCC)CC)S9)S5)=C3C%10=CC=CS%10||CCCCCCCCN1C2=C(SC(/C=C3/C(C4=CC(F)=C(C=C4C3=O)F)=C(C#N)\C#N)=C2)C5=C1C6=C(C5)C(C=C7C(C8=CC=C(OCCCCCC)C=C8)(C9=C(C7=C%10)SC%11=C9N(C%12=C%11SC(/C=C%13/C(C%14=CC(F)=C(C=C%14C%13=O)F)=C(C#N)\C#N)=C%12)CCCCCCCC)C(C=C%15)=CC=C%15OCCCCCC)=C%10C(C%16=CC=C(C=C%16)OCCCCCC)6C%17=CC=C(C=C%17)OCCCCCC,6f31f3770fd225e382586e20513744e11a328b7cc74c758d48628417c600a02b,895a03db15c0102b035952d812c25412f1297bdff15c8c6e43e1dc9dc38f7d04,ad059580ea04564bd871761a6378a14129102a51e904d858259faa177c96a80f,4cc98d36bbd72789eb7c377c7a6424a50252c37705e15cae3fa7ad3fb4a60374,e553ffde7e98eaedf496a015efb3450cf53a599a097b9d42e9b5e762ab315492,806,365,1064,259
274,in-house,310,FC(C(F)=C(C(F)=C1F)C2=CC=C(S2)C3=C(C4=CC=C(S4)C(CCCCCCCCCCCC)CCCCCCCCCC)C=C(C5=C(C(F)=C(C6=NN(N=C56)CCCCCCCC)C7=CC(C8=CC=C(S8)CC(CCCCCCCCCCCC)CCCCCCCCCC)=C(S7)C)F)S3)=C1C9=CC=C(C)S9,N#C/C(C#N)=C(C1=CC=CC=C1C2=O)/C2=C/C3=CC4=C(C5=C(C=C6C(C(CCCCCC)(CCCCCC)C7=C6SC(/C=C8/C(C9=CC=CC=C9C8=O)=C(C#N)/C#N)=C7)=C5)C4(CCCCCC)CCCCCC)S3,10.6,FC(C(F)=C(C(F)=C1F)C2=CC=C(S2)C3=C(C4=CC=C(S4)C(CCCCCCCCCCCC)CCCCCCCCCC)C=C(C5=C(C(F)=C(C6=NN(N=C56)CCCCCCCC)C7=CC(C8=CC=C(S8)CC(CCCCCCCCCCCC)CCCCCCCCCC)=C(S7)C)F)S3)=C1C9=CC=C(C)S9||N#C/C(C#N)=C(C1=CC=CC=C1C2=O)/C2=C/C3=CC4=C(C5=C(C=C6C(C(CCCCCC)(CCCCCC)C7=C6SC(/C=C8/C(C9=CC=CC=C9C8=O)=C(C#N)/C#N)=C7)=C5)C4(CCCCCC)CCCCCC)S3,eb0a716bea7c939c82112a5cca777f6fad36e2b3134585b909d7a89b433d9803,0cc00e1ba2d95fe8288dc072edf395ee6fc3678daa4e12f6703c7be7d2c5a409,9bb96a880a17e836a78a121e463276f6e6f642c58458d85a477cfa4e1186eaf7,28366aa382863212d789e3883713f558de91650a5694891137acfc1575172696,b3e7438ea92dc45e6fcd5e0f4fcf8a34398eddcf5424b992926fb70f5f7dce8b,711,198,832,260
275,in-house,311,FC1=C(C(OCC(CCCC)CC)=O)SC2=CSC(C3=CC4=C(C5=C(C(C6=CC=C(CC(CC)CCCC)S6)=C4S3)C=CS5)C7=CC=C(CC(CC)CCCC)S7)=C12,O=C1C2=C(C=CC=C2)C(/C1=C\C3=CC4=C(C5=C(C4(C6=CC=C(C=C6)CCCCCC)C7=CC=C(C=C7)CCCCCC)C(SC8=C9C(C%10=CC=C(C=C%10)CCCCCC)(C%11=C8SC(/C=C%12C(C(C=CC=C%13)=C%13C\%12=C(C#N)\C#N)=O)=C%11)C%14=CC=C(C=C%14)CCCCCC)=C9S5)S3)=C(C#N)\C#N,10.6,FC1=C(C(OCC(CCCC)CC)=O)SC2=CSC(C3=CC4=C(C5=C(C(C6=CC=C(CC(CC)CCCC)S6)=C4S3)C=CS5)C7=CC=C(CC(CC)CCCC)S7)=C12||O=C1C2=C(C=CC=C2)C(/C1=C\C3=CC4=C(C5=C(C4(C6=CC=C(C=C6)CCCCCC)C7=CC=C(C=C7)CCCCCC)C(SC8=C9C(C%10=CC=C(C=C%10)CCCCCC)(C%11=C8SC(/C=C%12C(C(C=CC=C%13)=C%13C\%12=C(C#N)\C#N)=O)=C%11)C%14=CC=C(C=C%14)CCCCCC)=C9S5)S3)=C(C#N)\C#N,2249a87c8fc0450476e55f070a85b71ffa6beb368356c28f1302bad8bac422cb,3ff68d236418d8bd4170d01331d6711334ea5a29e4acfcd2bab55d14fb95eb52,377efec39075e14c2ac5ec7552b21162391ae8abfe91a8fa355309cadcf76a9c,4a036cddc9292346c2e7a71b5025ffdc9cf43f93816fed6d445bc2d3d5f261ae,3fc0e4e28dbc190ff1fc538e22f8350b259cc2862061a447ae205e6634f30709,243,351,278,261
276,in-house,312,O=C(C1=C(CCC(CCCC)CC)SC(CCC(CC)CCCC)=C1C2=O)C(C2=C(C3)C(C4)=CC=C4C5=CC6=C(C(C7=CC=C(CCC(CCCC)CC)S7)=C8C=CSC8=C6C9=CC=C(CCC(CCCC)CC)S9)S5)=C3C%10=CC=CS%10,O=C(C1=C(C/2=C(C#N)\C#N)C=C(F)C(F)=C1)C2=C/C3=C(OCCCCCC)C=C(C4=CC(C(C5=CC=C(C=C5)CCCCCC)(C(C=C6)=CC=C6CCCCCC)C(C7=C8)=C9SC7=CC%10=C8SC%11=C%10C(C%12=CC=C(C=C%12)CCCCCC)(C%13=CC=C(C=C%13)CCCCCC)C%14=C%11SC(C%15=CC(OCCCCCC)=C(/C=C(C%16=O)/C(C%17=C%16C=C(F)C(F)=C%17)=C(C#N)/C#N)S%15)=C%14)=C9S4)S3,10.6,O=C(C1=C(CCC(CCCC)CC)SC(CCC(CC)CCCC)=C1C2=O)C(C2=C(C3)C(C4)=CC=C4C5=CC6=C(C(C7=CC=C(CCC(CCCC)CC)S7)=C8C=CSC8=C6C9=CC=C(CCC(CCCC)CC)S9)S5)=C3C%10=CC=CS%10||O=C(C1=C(C/2=C(C#N)\C#N)C=C(F)C(F)=C1)C2=C/C3=C(OCCCCCC)C=C(C4=CC(C(C5=CC=C(C=C5)CCCCCC)(C(C=C6)=CC=C6CCCCCC)C(C7=C8)=C9SC7=CC%10=C8SC%11=C%10C(C%12=CC=C(C=C%12)CCCCCC)(C%13=CC=C(C=C%13)CCCCCC)C%14=C%11SC(C%15=CC(OCCCCCC)=C(/C=C(C%16=O)/C(C%17=C%16C=C(F)C(F)=C%17)=C(C#N)/C#N)S%15)=C%14)=C9S4)S3,6f31f3770fd225e382586e20513744e11a328b7cc74c758d48628417c600a02b,638a222559ab2aeb819c87531e3ce899dc6f7d50cb52eac2215965472a4a7fb9,b61e91cf9bb661dc32f1ff2275a6f916c373708579805181bbfe2829f24e089a,b4441be4c2c17a6cac8f792841d44c7353b718d3e8deced57915ddb018672fa3,9131e771b4990d8487a117cd30eeb66b3a74d091518154d30236083dd58d0a31,856,814,658,63
277,in-house,313,CC(S1)=CC=C1C(C2=NN(CC(CCCCCCCC)CCCCCC)N=C32)=C(F)C(F)=C3C4=CC=C(C(S5)=CC(C5=C6C7=CC=C(SCC(CCCC)CCCCCC)S7)=C(C8=CC=C(SCC(CCCC)CCCCCC)S8)C9=C6C=C(C)S9)S4,O=C(C(C=CC=C1)=C1C/2=C(C#N)\C#N)C2=C\C3=CC(C(C4=CC=C(CCCCCC)C=C4)(C5=CC=C(CCCCCC)C=C5)C6=C7SC8=C6C(C9=CC=C(C=C9)SCC(CC)CCCC)=C%10SC(C%11=C(C%12(C%13=CC=C(CCCCCC)C=C%13)C%14=CC=C(CCCCCC)C=C%14)C=C(/C=C%15C(C(C=CC=C%16)=C%16C/%15=C(C#N)/C#N)=O)S%11)=C%12C%10=C8C%17=CC=C(C=C%17)SCC(CCCC)CC)=C7S3,10.59,CC(S1)=CC=C1C(C2=NN(CC(CCCCCCCC)CCCCCC)N=C32)=C(F)C(F)=C3C4=CC=C(C(S5)=CC(C5=C6C7=CC=C(SCC(CCCC)CCCCCC)S7)=C(C8=CC=C(SCC(CCCC)CCCCCC)S8)C9=C6C=C(C)S9)S4||O=C(C(C=CC=C1)=C1C/2=C(C#N)\C#N)C2=C\C3=CC(C(C4=CC=C(CCCCCC)C=C4)(C5=CC=C(CCCCCC)C=C5)C6=C7SC8=C6C(C9=CC=C(C=C9)SCC(CC)CCCC)=C%10SC(C%11=C(C%12(C%13=CC=C(CCCCCC)C=C%13)C%14=CC=C(CCCCCC)C=C%14)C=C(/C=C%15C(C(C=CC=C%16)=C%16C/%15=C(C#N)/C#N)=O)S%11)=C%12C%10=C8C%17=CC=C(C=C%17)SCC(CCCC)CC)=C7S3,40564853f4ed37b96eff95ced732e076e847dfc607b73dc305f6ef354c6ebb08,55167f572b713447105cc62fe0309a0802498aafaf2ea96ab4f52272135993f6,4232a232d090f4c4711fc85a11002af2a43ec6b7aa717e5efc3d6955fcce46be,51386846c57217836bd242229e81c52f763a045abb3ff63a1265905486152cea,14ad1cceb667ad1698ed3dca86910ba521a0f17837cdfded4a98a33a913587d9,301,391,93,262
278,in-house,314,O=C1C2=C(CC(CC)CCCC)SC(CC(CC)CCCC)=C2C(C3=C(C4=CC=C(C5=CC(C(C6=CC(F)=C(CC(CC)CCCC)S6)=C(SC=C7)C7=C8C9=CC(F)=C(CC(CC)CCCC)S9)=C8S5)S4)SC(C%10=CC=CS%10)=C31)=O,FC1=CC(C(/C2=C/C3=CC4=C(S3)C(C(C5=CC=C(CCCCCC)C=C5)(C6=CC=C(CCCCCC)C=C6)C(C7=C8C)=C9SC7=CC%10=C8SC%11=C%10[C@](C%12=CC=C(CCCCCC)C=C%12)(C%13=C%11SC%14=C%13SC(/C=C%15/C(C%16=C(C%15=O)C=C(F)C(F)=C%16)=C(C#N)\[N+]#[C-])=C%14)C)=C9S4)=C(C#N)/C#N)=C(C2=O)C=C1F,10.59,O=C1C2=C(CC(CC)CCCC)SC(CC(CC)CCCC)=C2C(C3=C(C4=CC=C(C5=CC(C(C6=CC(F)=C(CC(CC)CCCC)S6)=C(SC=C7)C7=C8C9=CC(F)=C(CC(CC)CCCC)S9)=C8S5)S4)SC(C%10=CC=CS%10)=C31)=O||FC1=CC(C(/C2=C/C3=CC4=C(S3)C(C(C5=CC=C(CCCCCC)C=C5)(C6=CC=C(CCCCCC)C=C6)C(C7=C8C)=C9SC7=CC%10=C8SC%11=C%10[C@](C%12=CC=C(CCCCCC)C=C%12)(C%13=C%11SC%14=C%13SC(/C=C%15/C(C%16=C(C%15=O)C=C(F)C(F)=C%16)=C(C#N)\[N+]#[C-])=C%14)C)=C9S4)=C(C#N)/C#N)=C(C2=O)C=C1F,65482d735aa1f382b817dd8d95b1689b39b0b3c26138949c2680844f1b1f5ea0,4308d92db22ef9cfde5e5c7cab34d0fc577526377cd2671c611dfa7006ccf340,0427c4cfc3ad5acee2ab8911df056159074867d63f07b767b2279ae1211489a3,2ef59b4bdf28ab180b359ff150b2dd8320a5d84b104d73930140c50adc9df7e3,c62667470252df6ffa674e937efeded1468ce28d04f37951c3ec96ef6049fce7,17,231,908,263
279,in-house,316,O=C(C1=C(CCC(CCCC)CC)SC(CCC(CC)CCCC)=C1C2=O)C(C2=C(C3)C(C4)=CC=C4C5=CC6=C(C(C7=CC=C(CCC(CCCC)CC)S7)=C8C=CSC8=C6C9=CC=C(CCC(CCCC)CC)S9)S5)=C3C%10=CC=CS%10,c1(sc(c2c1C(=C(C#N)C#N)/C(=C/c1cc3c(s1)c1c(s3)c3c(C1(c1ccc(cc1)CCCCCC)c1ccc(cc1)CCCCCC)cc1c(c3)C(c3c1sc1c3sc(c1)/C=C\1/C(=C(C#N)C#N)c3c(C1=O)c(sc3C)C)(c1ccc(cc1)CCCCCC)c1ccc(cc1)CCCCCC)/C2=O)C)C,10.56,O=C(C1=C(CCC(CCCC)CC)SC(CCC(CC)CCCC)=C1C2=O)C(C2=C(C3)C(C4)=CC=C4C5=CC6=C(C(C7=CC=C(CCC(CCCC)CC)S7)=C8C=CSC8=C6C9=CC=C(CCC(CCCC)CC)S9)S5)=C3C%10=CC=CS%10||c1(sc(c2c1C(=C(C#N)C#N)/C(=C/c1cc3c(s1)c1c(s3)c3c(C1(c1ccc(cc1)CCCCCC)c1ccc(cc1)CCCCCC)cc1c(c3)C(c3c1sc1c3sc(c1)/C=C\1/C(=C(C#N)C#N)c3c(C1=O)c(sc3C)C)(c1ccc(cc1)CCCCCC)c1ccc(cc1)CCCCCC)/C2=O)C)C,6f31f3770fd225e382586e20513744e11a328b7cc74c758d48628417c600a02b,a14b4270120c8b22f7d6dde4817a233c93487e2fda6f8f10ec22ec5abe602945,4320a4203b8adc0d12f3e0d07ebd3759d67ffdf271ef0276f35e63472158318c,ee11ac790a2775cc84d4d0d7ffcbf0529e17c709b5f90a733b0d8f6f1e075f5d,001259d3ad4d45f8a70ccbed0e1e864525b6f62f4d7dddb9c77a7712407011fe,305,1103,0,264
280,in-house,317,FC(C(F)=C(C1=NN(N=C21)CCC(CCCC)CCCCCC)C3=CC=C(S3)C)=C2C(S4)=CC=C4C5=CC(C(CCCC(CCCCCC)CCCC)=C6SC(C)=CC6=C7CCCC(CCCC)CCCCCC)=C7S5,O=C(C(C=C(F)C=C1)=C1C/2=C(C#N)\C#N)C2=C/C(S3)=CC4=C3C(C5(C6=CC=C(CCCCCC)C=C6)C7=CC=C(CCCCCC)C=C7)=C(S4)C8=C5C9=C(CCCCCC)C(S%10)=C(C(CCCCCC)=C9S8)C%11=C%10C(S%12)=C(C%11(C%13=CC=C(CCCCCC)C=C%13)C%14=CC=C(CCCCCC)C=C%14)C%15=C%12C=C(/C=C%16C(C(C=C(F)C=C%17)=C%17C\%16=C(C#N)/C#N)=O)S%15,10.56,FC(C(F)=C(C1=NN(N=C21)CCC(CCCC)CCCCCC)C3=CC=C(S3)C)=C2C(S4)=CC=C4C5=CC(C(CCCC(CCCCCC)CCCC)=C6SC(C)=CC6=C7CCCC(CCCC)CCCCCC)=C7S5||O=C(C(C=C(F)C=C1)=C1C/2=C(C#N)\C#N)C2=C/C(S3)=CC4=C3C(C5(C6=CC=C(CCCCCC)C=C6)C7=CC=C(CCCCCC)C=C7)=C(S4)C8=C5C9=C(CCCCCC)C(S%10)=C(C(CCCCCC)=C9S8)C%11=C%10C(S%12)=C(C%11(C%13=CC=C(CCCCCC)C=C%13)C%14=CC=C(CCCCCC)C=C%14)C%15=C%12C=C(/C=C%16C(C(C=C(F)C=C%17)=C%17C\%16=C(C#N)/C#N)=O)S%15,45e95ea37da5bc3e18f2c067cb95f73c851335176098d8fca22fcb29952b2779,584d18a54cda29e39584acace3dd42d114fb8e15e5ce0c6d6ef862c4824c0a5c,8acbefde3ccc413a2f9b5dd2454b313ea009563052da150bf371701b116fe40f,90ab22e3374b2fba6ce6b44bb659d949d1337b2f4446191e097ef4ca0d88075c,1327b5a3b4eeffce25d4cd14a0f14c892598159b3346a3bdbfab678ee91d356d,632,678,82,265
281,in-house,318,FC1=C(C(OCC(CCCC)CC)=O)SC2=CSC(C3=CC4=C(C5=C(C(C6=CC=C(CC(CC)CCCC)S6)=C4S3)C=CS5)C7=CC=C(CC(CC)CCCC)S7)=C12,O=C(C1=CC=CC=C1C/2=C(C#N)/C#N)C2=C/C3=CC4=C(C5=C(C(C6=CC=C(C=C6)CCCCCC)4C7=CC=C(C=C7)CCCCCC)C8=C(S5)C(OCCCCCCCC)=C9C(C(C%10=CC=C(C=C%10)CCCCCC)(C%11=C%12SC(/C=C%13C(C%14=CC=CC=C%14C\%13=C(C#N)/C#N)=O)=C%11)C%15=CC=C(CCCCCC)C=C%15)=C%12SC9=C8OCCCCCCCC)S3,10.55,FC1=C(C(OCC(CCCC)CC)=O)SC2=CSC(C3=CC4=C(C5=C(C(C6=CC=C(CC(CC)CCCC)S6)=C4S3)C=CS5)C7=CC=C(CC(CC)CCCC)S7)=C12||O=C(C1=CC=CC=C1C/2=C(C#N)/C#N)C2=C/C3=CC4=C(C5=C(C(C6=CC=C(C=C6)CCCCCC)4C7=CC=C(C=C7)CCCCCC)C8=C(S5)C(OCCCCCCCC)=C9C(C(C%10=CC=C(C=C%10)CCCCCC)(C%11=C%12SC(/C=C%13C(C%14=CC=CC=C%14C\%13=C(C#N)/C#N)=O)=C%11)C%15=CC=C(CCCCCC)C=C%15)=C%12SC9=C8OCCCCCCCC)S3,2249a87c8fc0450476e55f070a85b71ffa6beb368356c28f1302bad8bac422cb,fd380d78f0752a1d8f5ee6cd01a65d144d410ba65f767cbf2ed76831ffc16b59,e4906c0223633cea19a24dc719d83569788227ce39b5306b08f21e4d767966a2,a8e9b4ddbe6a595e9de2129ee2f599dcae2af49c266af92bac8a0359d7528743,7ac8fdbf577b4ce0fda0a3d23fd3d696e874687c7e042a0bcd6e70131df2c336,1082,775,554,266
282,in-house,320,O=C(C1=C(CC(CCCC)CC)SC(CC(CCCC)CC)=C12)C3=C(C4=CC=CS4)SC(C(S5)=CC=C5C6=CC7=C(C8=CC=C(CC(CCCC)CCCCCC)C=C8)C(SC=C9)=C9C(C%10=CC=C(CC(CCCCCC)CCCC)C=C%10)=C7S6)=C3C2=O,O=C1C(/C(C2=C1C=C(F)C=C2)=C(C#N)/C#N)=C\C3=CC4=C(S3)C(C(C5=CC=C(CCCCCC)C=C5)(C(C=C6C7=C8C9=C(C=C(S9)/C=C%10C(C(C=C(F)C=C%11)=C%11C\%10=C(C#N)\C#N)=O)S7)=C%12C=C6C8(C%13=CC=C(CCCCCC)C=C%13)C%14=CC=C(C=C%14)CCCCCC)C%15=CC=C(CCCCCC)C=C%15)=C%12S4,10.54,O=C(C1=C(CC(CCCC)CC)SC(CC(CCCC)CC)=C12)C3=C(C4=CC=CS4)SC(C(S5)=CC=C5C6=CC7=C(C8=CC=C(CC(CCCC)CCCCCC)C=C8)C(SC=C9)=C9C(C%10=CC=C(CC(CCCCCC)CCCC)C=C%10)=C7S6)=C3C2=O||O=C1C(/C(C2=C1C=C(F)C=C2)=C(C#N)/C#N)=C\C3=CC4=C(S3)C(C(C5=CC=C(CCCCCC)C=C5)(C(C=C6C7=C8C9=C(C=C(S9)/C=C%10C(C(C=C(F)C=C%11)=C%11C\%10=C(C#N)\C#N)=O)S7)=C%12C=C6C8(C%13=CC=C(CCCCCC)C=C%13)C%14=CC=C(C=C%14)CCCCCC)C%15=CC=C(CCCCCC)C=C%15)=C%12S4,826e531b71e4c0ef06b575364b50a339b3da70c19584a5cd5231c22bd6d85201,d9ce3028b8032645a15bd52f29a24add951be555bdcb6b242a5386de4a975e5c,10d3239d26b14aba615e7c92a86c77b340f64844896af328f18842a0769801ae,893f3083c9595a9f0da1e7e0f86fdedc6d6889d706194dc84a4d1064253228cc,728327f7fabc521faacd52afa4a14f65584865660130f547022298f0f32cf9bc,74,646,515,267
283,in-house,323,FC(C(F)=C(C1=NN(N=C21)CC(CCCCCC)CCCCCCCC)C3=CCC(C)S3)=C2C(S4)=CC=C4C(OC5=C(C6=C7OC(C)=C6)C8=CC(F)=C(CC(CC)CCCC)S8)=CC5=C7C9=CC(F)=C(S9)CC(CC)CCCC,O=C(C/1=C\C2=C(C3=C(S2)C(N4C5=CC=C(CCCCCC)C=C5)=C(C6=C4C7=C(C8=NSN=C68)C(SC9=C%10SC(/C=C%11C(C%12=CC(F)=C(C=C%12C\%11=C(C#N)/C#N)F)=O)=C9CCCCCCCCCCC)=C%10N7C%13=CC=C(CCCCCC)C=C%13)S3)CCCCCCCCCCC)C%14=CC(F)=C(F)C=C%14C1=C(C#N)/C#N,10.52,FC(C(F)=C(C1=NN(N=C21)CC(CCCCCC)CCCCCCCC)C3=CCC(C)S3)=C2C(S4)=CC=C4C(OC5=C(C6=C7OC(C)=C6)C8=CC(F)=C(CC(CC)CCCC)S8)=CC5=C7C9=CC(F)=C(S9)CC(CC)CCCC||O=C(C/1=C\C2=C(C3=C(S2)C(N4C5=CC=C(CCCCCC)C=C5)=C(C6=C4C7=C(C8=NSN=C68)C(SC9=C%10SC(/C=C%11C(C%12=CC(F)=C(C=C%12C\%11=C(C#N)/C#N)F)=O)=C9CCCCCCCCCCC)=C%10N7C%13=CC=C(CCCCCC)C=C%13)S3)CCCCCCCCCCC)C%14=CC(F)=C(F)C=C%14C1=C(C#N)/C#N,6cb9c2c24836a9542be1a9565ff1b1e3eef04b608c5a783188e9af85bef72b6f,3bc5e962960694d5a8c90d751d3f10c939059169c6882aed8bdcfb92d36d6776,97e82a2d2790878187d9411e370c49ca87fef5fcfa4a1036e0a7dddbf893333c,53bcc35b7187621dc5b91d0dda2fbd1193678e32ace398083fc632915a4e52a2,90d288a13f16ef91ab069d11125835bf04abfbbe871f7426b67fe6c3d67044cd,694,400,656,268
284,in-house,324,CC(S1)=CC=C1C(C2=NN3CC(CCCCCC)CCCC)=C(C(F)=C(C2=N3)C4=CC=C(S4)C5=CC6=C(C7=C(C(CCCCCCCC)(CCCCCCCC)S6)C=C(C)S7)S5)F,O=C(C1=CC=CC=C1C/2=C(C#N)/C#N)C2=C/C3=CC(SC4C5C(C)=C(C(C6=CC=C(C=C6)CCCCCC)(C7=CC=C(C=C7)CCCCCC)C8=CSC9=C8SC(/C=C%10C(C(C=CC=C%11)=C%11C\%10=C(C#N)/C#N)=C)=C9)C=C(C)C5C(C%12=CC=C(C=C%12)CCCCCC)(C%13=CC=C(C=C%13)CCCCCC)C%144)=C%14S3,10.51,CC(S1)=CC=C1C(C2=NN3CC(CCCCCC)CCCC)=C(C(F)=C(C2=N3)C4=CC=C(S4)C5=CC6=C(C7=C(C(CCCCCCCC)(CCCCCCCC)S6)C=C(C)S7)S5)F||O=C(C1=CC=CC=C1C/2=C(C#N)/C#N)C2=C/C3=CC(SC4C5C(C)=C(C(C6=CC=C(C=C6)CCCCCC)(C7=CC=C(C=C7)CCCCCC)C8=CSC9=C8SC(/C=C%10C(C(C=CC=C%11)=C%11C\%10=C(C#N)/C#N)=C)=C9)C=C(C)C5C(C%12=CC=C(C=C%12)CCCCCC)(C%13=CC=C(C=C%13)CCCCCC)C%144)=C%14S3,34e28d6f7d5a05d7da4df4ab8878e6bdfe7a40d55b2d88f5538fd9cf969d57af,83d12c8a518aebb2c9e097cdd9cd4e855fadbb8bad16c860293e67b74eecaf00,eba1a48b443aa09f26eaf1ebf1a19ce5ed3177d292848ec1095b828c8928ec35,b5f37f351d4d6f230490dd8bec812f1bb483a690ad7e7f819e5d32d4d1710041,de07d11d870f262191671fc730d6432288b428512cdf09ad4834f80fb5e35a78,1110,823,1032,269
285,in-house,325,O=C(C1=CC2=C(SC(C3=NC=C(S3)C4=CC5=C(C6=C(C(C7=CC=C(S7)CC(CCCC)CC)=C5S4)C=C(C)S6)C8=CC=C(S8)CC(CCCC)CC)=C2S1)C9=NC=C(C)S9)OCC(CCCCCCCC)CCCCCCCCCC,O=C(C1=CC=CC=C1C/2=C(C#N)/C#N)C2=C/C3=CC(SC4C5C(C)=C(C(C6=CC=C(C=C6)CCCCCC)(C7=CC=C(C=C7)CCCCCC)C8=CSC9=C8SC(/C=C%10C(C(C=CC=C%11)=C%11C\%10=C(C#N)/C#N)=C)=C9)C=C(C)C5C(C%12=CC=C(C=C%12)CCCCCC)(C%13=CC=C(C=C%13)CCCCCC)C%144)=C%14S3,10.51,O=C(C1=CC2=C(SC(C3=NC=C(S3)C4=CC5=C(C6=C(C(C7=CC=C(S7)CC(CCCC)CC)=C5S4)C=C(C)S6)C8=CC=C(S8)CC(CCCC)CC)=C2S1)C9=NC=C(C)S9)OCC(CCCCCCCC)CCCCCCCCCC||O=C(C1=CC=CC=C1C/2=C(C#N)/C#N)C2=C/C3=CC(SC4C5C(C)=C(C(C6=CC=C(C=C6)CCCCCC)(C7=CC=C(C=C7)CCCCCC)C8=CSC9=C8SC(/C=C%10C(C(C=CC=C%11)=C%11C\%10=C(C#N)/C#N)=C)=C9)C=C(C)C5C(C%12=CC=C(C=C%12)CCCCCC)(C%13=CC=C(C=C%13)CCCCCC)C%144)=C%14S3,2cdb0739f7ad6b59598c67dbc173eea39ef8b9101834cc57a32319f01dcef9d1,83d12c8a518aebb2c9e097cdd9cd4e855fadbb8bad16c860293e67b74eecaf00,ccc27dded30ccbdcd64b5b3bebf0f53ae2b561fcbc20351f895d52fad46e3030,02ee4efe2c43e3b9ca1951b233c309100501d5d5e9de74303e56a231467ecfe2,8e631cc7d909f6e2142833a8a0ec92fe434b3da7135b4405e81962a5c3116ee8,976,15,640,270
286,in-house,327,CC(S1)=CC=C1C(C2=NC(CC(CCCC)CCCCCC)N=C32)=C(F)C(F)=C3C(S4)=CC=C4C5=CC(C(C6=CC=C(SCC(CCCCCC)CCCC)S6)=C(SC(C)=C7)C7=C8C9=CC=C(SCC(CCCCCC)CCCC)S9)=C8S5,c12cc3c(cc1C(c1c2sc2c1sc(c2)/C=C\1/C(=C(C#N)C#N)c2c(C1=O)cccc2)(c1ccc(cc1)CCCCCC)c1ccc(cc1)CCCCCC)c1c(C3(c2ccc(cc2)CCCCCC)c2ccc(cc2)CCCCCC)c2c(s1)cc(s2)/C=C\1/C(=C(C#N)C#N)c2c(C1=O)cccc2,10.5,CC(S1)=CC=C1C(C2=NC(CC(CCCC)CCCCCC)N=C32)=C(F)C(F)=C3C(S4)=CC=C4C5=CC(C(C6=CC=C(SCC(CCCCCC)CCCC)S6)=C(SC(C)=C7)C7=C8C9=CC=C(SCC(CCCCCC)CCCC)S9)=C8S5||c12cc3c(cc1C(c1c2sc2c1sc(c2)/C=C\1/C(=C(C#N)C#N)c2c(C1=O)cccc2)(c1ccc(cc1)CCCCCC)c1ccc(cc1)CCCCCC)c1c(C3(c2ccc(cc2)CCCCCC)c2ccc(cc2)CCCCCC)c2c(s1)cc(s2)/C=C\1/C(=C(C#N)C#N)c2c(C1=O)cccc2,c73f2546e71e7709500e82f27359567867fce814707c3d9532a05dfcf462f7b9,202f8607af2cecb83e86b2e4305f8c7e2852bc709bb805b9055691d46a9081c5,9fdab3aea417ea5446715ec50377a49c3253e910f93e9e23d782b332083bcce4,40d83879bd372fb0f046f77bd20c14a83a0bf0070758e7a2c10131d4ab328ca6,f8f24a838614af2bf84cdbce6fdaf88c9152f9d68a7c91103efac66a8826abcb,733,314,1162,271
287,in-house,328,FC1=C(C(OCC(CCCC)CC)=O)SC2=CSC(C3=CC4=C(C5=C(C(C6=CC=C(CC(CC)CCCC)S6)=C4S3)C=CS5)C7=CC=C(CC(CC)CCCC)S7)=C12,O=C(C1=CC(F)=C(C=C1C/2=C(C#N)\C#N)F)C2=C/C3=CC(CC(CC)CCCC)=C(S3)C4=CC(C5(CC(CC)CCCC)CC(CC)CCCC)=C(C6=C5C=C(C7=C(CC(CC)CCCC)C=C(/C=C8C(C9=CC(F)=C(C=C9C\8=C(C#N)\C#N)F)=O)S7)S6)S4,10.5,FC1=C(C(OCC(CCCC)CC)=O)SC2=CSC(C3=CC4=C(C5=C(C(C6=CC=C(CC(CC)CCCC)S6)=C4S3)C=CS5)C7=CC=C(CC(CC)CCCC)S7)=C12||O=C(C1=CC(F)=C(C=C1C/2=C(C#N)\C#N)F)C2=C/C3=CC(CC(CC)CCCC)=C(S3)C4=CC(C5(CC(CC)CCCC)CC(CC)CCCC)=C(C6=C5C=C(C7=C(CC(CC)CCCC)C=C(/C=C8C(C9=CC(F)=C(C=C9C\8=C(C#N)\C#N)F)=O)S7)S6)S4,2249a87c8fc0450476e55f070a85b71ffa6beb368356c28f1302bad8bac422cb,b9ceb2a9f08d54c9a3d4fec9d527c13e7cf13fa472a53c1280bbf5e2b89e9d49,a5d8e1f123263b4961cf1e835b7f05fb151b10bf8c275b4d315e245aeee67415,f1a1ea945049cb51471a6e6a4f546d16ca48d9f2ab582094c842e4b839f8881f,7f0515bd6a2af5b76f7f9f646cb265ee1425d5331892ff0e1fb3a6f5e932e370,768,1125,576,272
288,in-house,329,CC1=CC=C(C2=C(F)C=C(C3=C2N=CC(OCC(CCCCCC)CCCCCCCC)=N3)C)S1,O=C(C/1=C\C2=C(C3=C(S2)C(N4C5=CC=C(CCCCCC)C=C5)=C(C6=C4C7=C(C8=NSN=C68)C(SC9=C%10SC(/C=C%11C(C%12=CC(F)=C(C=C%12C\%11=C(C#N)/C#N)F)=O)=C9CCCCCCCCCCC)=C%10N7C%13=CC=C(CCCCCC)C=C%13)S3)CCCCCCCCCCC)C%14=CC(F)=C(F)C=C%14C1=C(C#N)/C#N,10.5,CC1=CC=C(C2=C(F)C=C(C3=C2N=CC(OCC(CCCCCC)CCCCCCCC)=N3)C)S1||O=C(C/1=C\C2=C(C3=C(S2)C(N4C5=CC=C(CCCCCC)C=C5)=C(C6=C4C7=C(C8=NSN=C68)C(SC9=C%10SC(/C=C%11C(C%12=CC(F)=C(C=C%12C\%11=C(C#N)/C#N)F)=O)=C9CCCCCCCCCCC)=C%10N7C%13=CC=C(CCCCCC)C=C%13)S3)CCCCCCCCCCC)C%14=CC(F)=C(F)C=C%14C1=C(C#N)/C#N,7084c3f91c564ae016e20bbd0564b75cf6e59259f3333c394c0c524f7c2ff6b5,3bc5e962960694d5a8c90d751d3f10c939059169c6882aed8bdcfb92d36d6776,b4a9c72f6867cce1b323a5631837181ffdc8ede9064989dd272729230a1e85b1,6da36661202725ceed11645cdde0fb6b0adba0744969d1aa2568e3bfb60aa03d,41bae0898b7cfb0f1ec173a7a8d92a0be4b66c4ecb5ae1b76dba5af491e85db3,843,530,287,273
289,in-house,330,FC(C=C(C1=C2SC=CC2=C(C3=CC(F)=C(CC(CCCC)CC)S3)C4=C1C=C(C5=CC=C(C6=C(C(C(C7=C(CC(CCCC)CC)SC(CC(CC)CCCC)=C78)=O)=C(C9=CC=CC9)S6)C8=O)S5)S4)S%10)=C%10CC(CC)CCCC,O=C(C1=CC=CC=C1C/2=C(C#N)/C#N)C2=C/C3=CC(SC4C5C(C)=C(C(C6=CC=C(C=C6)CCCCCC)(C7=CC=C(C=C7)CCCCCC)C8=CSC9=C8SC(/C=C%10C(C(C=CC=C%11)=C%11C\%10=C(C#N)/C#N)=C)=C9)C=C(C)C5C(C%12=CC=C(C=C%12)CCCCCC)(C%13=CC=C(C=C%13)CCCCCC)C%144)=C%14S3,10.5,FC(C=C(C1=C2SC=CC2=C(C3=CC(F)=C(CC(CCCC)CC)S3)C4=C1C=C(C5=CC=C(C6=C(C(C(C7=C(CC(CCCC)CC)SC(CC(CC)CCCC)=C78)=O)=C(C9=CC=CC9)S6)C8=O)S5)S4)S%10)=C%10CC(CC)CCCC||O=C(C1=CC=CC=C1C/2=C(C#N)/C#N)C2=C/C3=CC(SC4C5C(C)=C(C(C6=CC=C(C=C6)CCCCCC)(C7=CC=C(C=C7)CCCCCC)C8=CSC9=C8SC(/C=C%10C(C(C=CC=C%11)=C%11C\%10=C(C#N)/C#N)=C)=C9)C=C(C)C5C(C%12=CC=C(C=C%12)CCCCCC)(C%13=CC=C(C=C%13)CCCCCC)C%144)=C%14S3,61eee9608e36bdb1d3a96a3ad1baa39916f3a546e29d11481966a5a2d3d30f3c,83d12c8a518aebb2c9e097cdd9cd4e855fadbb8bad16c860293e67b74eecaf00,7b0be2ae9b96db0994726bf5845f9d6bd74953d81095877107bcfa0e976b8603,e02d574cdc59c8f11c2d7804eb254e8aad210f4d4397733ae3ef669f77a1c4c3,dd2889b1574a381e96b8cf3b2b5a1f82900b462fea7b28956cf5cb5cc1c6b709,566,1029,1027,274
290,in-house,331,[Cl]C1=C(CC)SC(C2=C3C(C=C(C)C3)C(C4=CC([Cl])=C(S4)CC)=C5SC(C6=CC=C(S6)C7=C(C(C8=C(SC(CC)=C8C9=O)CC)=O)C9=C(C%10=CC=C(S%10)C)S7)=CC25)=C1,O=C(C1=C(C=C(Cl)C(Cl)=C1)C/2=C(C#N)\C#N)C2=C/C3=CC(C4(CC(CC)CCCC)CC(CC)CCCC)=C(S3)C(S5)=C4C=C5C(C6=NSN=C76)=CC=C7C8=CC9=C(C%10=C(C9(CC(CCC)CCCC)CC(CC)CCCC)C=C(/C=C%11C(C%12=C(C=C(Cl)C(Cl)=C%12)C\%11=C(C#N)\C#N)=O)S%10)S8,10.5,[Cl]C1=C(CC)SC(C2=C3C(C=C(C)C3)C(C4=CC([Cl])=C(S4)CC)=C5SC(C6=CC=C(S6)C7=C(C(C8=C(SC(CC)=C8C9=O)CC)=O)C9=C(C%10=CC=C(S%10)C)S7)=CC25)=C1||O=C(C1=C(C=C(Cl)C(Cl)=C1)C/2=C(C#N)\C#N)C2=C/C3=CC(C4(CC(CC)CCCC)CC(CC)CCCC)=C(S3)C(S5)=C4C=C5C(C6=NSN=C76)=CC=C7C8=CC9=C(C%10=C(C9(CC(CCC)CCCC)CC(CC)CCCC)C=C(/C=C%11C(C%12=C(C=C(Cl)C(Cl)=C%12)C\%11=C(C#N)\C#N)=O)S%10)S8,7a11f928c0e326f5a997d7edb123c3e2980ed2dc99d8540493801d0b5415b33f,ecca12b886f1a6da9f22f23a538d8d63f4f5a3848ccea19d72d59ddb82a5e598,8b352bc57993513c13d06c5d54bc6bfe5935aeb2bc66f5bcc5e5e444e2686b97,1c93ec79232e02f0a09075cf362d84127c1d5b1162aca3506d7a74e2983074c1,37062cf3d2267e1cb3fc567fbef3d86ca116b977bcb85bc7b610d26f92a7ce06,639,141,245,275
291,in-house,332,CCC(SC1=CC=C(C2=C3C(SC(C4=CC=C(C(SC(C5=CC=C(C)S5)=C6C7=O)=C6C(C8=C(SC(CC(CCCC)CC)=C87)CC(CC)CCCC)=O)S4)=C3)=C(C9=C2SC(C)=C9)C(S%10)=CC=C%10SC(CCCC)CC)S1)CCCC,c12cc3c(cc1C(c1c2sc2c1sc(c2)/C=C\1/C(=C(C#N)C#N)c2c(C1=O)cccc2)(c1ccc(cc1)CCCCCC)c1ccc(cc1)CCCCCC)c1c(C3(c2ccc(cc2)CCCCCC)c2ccc(cc2)CCCCCC)c2c(s1)cc(s2)/C=C\1/C(=C(C#N)C#N)c2c(C1=O)cccc2,10.49,CCC(SC1=CC=C(C2=C3C(SC(C4=CC=C(C(SC(C5=CC=C(C)S5)=C6C7=O)=C6C(C8=C(SC(CC(CCCC)CC)=C87)CC(CC)CCCC)=O)S4)=C3)=C(C9=C2SC(C)=C9)C(S%10)=CC=C%10SC(CCCC)CC)S1)CCCC||c12cc3c(cc1C(c1c2sc2c1sc(c2)/C=C\1/C(=C(C#N)C#N)c2c(C1=O)cccc2)(c1ccc(cc1)CCCCCC)c1ccc(cc1)CCCCCC)c1c(C3(c2ccc(cc2)CCCCCC)c2ccc(cc2)CCCCCC)c2c(s1)cc(s2)/C=C\1/C(=C(C#N)C#N)c2c(C1=O)cccc2,0911e1e0f49a8c6abef0f8fd27e419838693aad057b566b3966109afc59459a6,202f8607af2cecb83e86b2e4305f8c7e2852bc709bb805b9055691d46a9081c5,884b5b280190699a03ec73a837b3e9eea265db6ed92dc5cf61f7f64cbbb418ff,b6d03852263287f380241d32cd676c485ec5d4b4d0ab0320ea6541a383cf0ea9,8355c6622c61ea9f278a8ca28272927581b111aff40ffe31362886e10081e381,623,828,598,276
292,in-house,334,CC1=CC2=C(S1)C(C3=CC=C([Si](CCC)(CCC)CCC)S3)=C4C=C(C5=CC=C(C6=C(F)C(F)=C(C7=CC=C(S7)C)C8=NN(CC(CCCCCCCC)CCCCCC)N=C68)S5)SC4=C2C9=CC=C([Si](CCC)(CCC)CCC)S9,c1cccc2c1C(=C(C#N)C#N)/C(=C/c1cc3c(s1)c1c(C3(c3ccc(cc3)CCCCCC)c3ccc(cc3)CCCCCC)c3c(s1)c(c1c(c3O[C@H](CCCC)CC)sc3c1C(c1c3sc(c1)/C=C\1/C(=C(C#N)C#N)c3c(C1=O)cccc3)(c1ccc(cc1)CCCCCC)c1ccc(cc1)CCCCCC)O[C@@H](CC)CCCC)/C2=O,10.46,CC1=CC2=C(S1)C(C3=CC=C([Si](CCC)(CCC)CCC)S3)=C4C=C(C5=CC=C(C6=C(F)C(F)=C(C7=CC=C(S7)C)C8=NN(CC(CCCCCCCC)CCCCCC)N=C68)S5)SC4=C2C9=CC=C([Si](CCC)(CCC)CCC)S9||c1cccc2c1C(=C(C#N)C#N)/C(=C/c1cc3c(s1)c1c(C3(c3ccc(cc3)CCCCCC)c3ccc(cc3)CCCCCC)c3c(s1)c(c1c(c3O[C@H](CCCC)CC)sc3c1C(c1c3sc(c1)/C=C\1/C(=C(C#N)C#N)c3c(C1=O)cccc3)(c1ccc(cc1)CCCCCC)c1ccc(cc1)CCCCCC)O[C@@H](CC)CCCC)/C2=O,eaf1916a35a7483d8caf5815ff5e1ea653d31569a8b350b0b99530cf692c3bfb,d1a126af3815b29b84c426ad8f166ac76b2a31cbf5264c92372d7d416f6fb85e,58e278061f87e5b19ec1ab34e919477d7a1d53b336d1d3fdb76c6d29ca426ce0,4f2e1093d717b4f87420039c896c6e57ba885be6435e2f438d2b712d9c5acec3,f05e64a497611762a93e18857216893a51d35e91b40e4173518e3fa8b6aeb236,399,377,1124,277
293,in-house,335,O=C(C1=C(CCC(CCCC)CC)SC(CCC(CC)CCCC)=C1C2=O)C(C2=C(C3)C(C4)=CC=C4C5=CC6=C(C(C7=CC=C(CCC(CCCC)CC)S7)=C8C=CSC8=C6C9=CC=C(CCC(CCCC)CC)S9)S5)=C3C%10=CC=CS%10,O=C(C1=C(C=CC=C1)C/2=C(C#N)/C#N)C2=C/C3=CC4=C(S3)C5=CC6=C(C=C5C4(CCCCCC)CCCCCC)C7=C(C=C8C9=C(C=C(S9)/C=C%10C(C%11=CC=CC=C%11C\%10=C(C#N)/C#N)=O)C(CCCCCC)(CCCCCC)C8=C7)C6(CCCCCCCC)CCCCCCCC,10.45,O=C(C1=C(CCC(CCCC)CC)SC(CCC(CC)CCCC)=C1C2=O)C(C2=C(C3)C(C4)=CC=C4C5=CC6=C(C(C7=CC=C(CCC(CCCC)CC)S7)=C8C=CSC8=C6C9=CC=C(CCC(CCCC)CC)S9)S5)=C3C%10=CC=CS%10||O=C(C1=C(C=CC=C1)C/2=C(C#N)/C#N)C2=C/C3=CC4=C(S3)C5=CC6=C(C=C5C4(CCCCCC)CCCCCC)C7=C(C=C8C9=C(C=C(S9)/C=C%10C(C%11=CC=CC=C%11C\%10=C(C#N)/C#N)=O)C(CCCCCC)(CCCCCC)C8=C7)C6(CCCCCCCC)CCCCCCCC,6f31f3770fd225e382586e20513744e11a328b7cc74c758d48628417c600a02b,a6ee7eac000b55438368ee0be0ea7692e3d98de164d7b03c27c0579b9c98612f,d29f9c5fa7ffc524237d6a6476bc8b0cd885bb1ab11a5c1ace37ca0df625ab37,1e36190890eba7c0e188275c10c7ac47164c3f30fd31498eb936f33a00429b03,b8263ae601b90b00e6b6b8b63a2d6a59754a73a3afc214c5a76e3639e4faae29,1006,149,853,212
294,in-house,336,FC(C(F)=C(C1=NN(N=C21)CCC(CCCC)CCCCCC)C3=CC=C(S3)C)=C2C(S4)=CC=C4C5=CC(C(CCCC(CCCCCC)CCCC)=C6SC(C)=CC6=C7CCCC(CCCC)CCCCCC)=C7S5,O=C(C1=CC=CC=C1C/2=C(C#N)\C#N)C2=C/C3=CC4=C(C(C(C5=CC=C(CCCCCC)S5)(C6=C7C=C8C(C9=CC=C(S9)CCCCCC)(C%10=CC=C(S%10)CCCCCC)C%11=C(SC%12=C%11SC(/C=C%13C(C%14=CC=CC=C%14C\%13=C(C#N)\C#N)=O)=C%12)C8=C6)C(S%15)=CC=C%15CCCCCC)=C7S4)S3,10.44,FC(C(F)=C(C1=NN(N=C21)CCC(CCCC)CCCCCC)C3=CC=C(S3)C)=C2C(S4)=CC=C4C5=CC(C(CCCC(CCCCCC)CCCC)=C6SC(C)=CC6=C7CCCC(CCCC)CCCCCC)=C7S5||O=C(C1=CC=CC=C1C/2=C(C#N)\C#N)C2=C/C3=CC4=C(C(C(C5=CC=C(CCCCCC)S5)(C6=C7C=C8C(C9=CC=C(S9)CCCCCC)(C%10=CC=C(S%10)CCCCCC)C%11=C(SC%12=C%11SC(/C=C%13C(C%14=CC=CC=C%14C\%13=C(C#N)\C#N)=O)=C%12)C8=C6)C(S%15)=CC=C%15CCCCCC)=C7S4)S3,45e95ea37da5bc3e18f2c067cb95f73c851335176098d8fca22fcb29952b2779,324d6e5b76a9400503a81056ec0f63ac76d712428565dd1fa4bf1871d8f66e0c,f4dfd72e6ecbc6fb25dfdc08d571f7fd4a61edaa2a84dfe521f5bf79e0167c7f,6be980b58f63349a257565624ed8c9ad9228f978049bf33ddd90866a1661d17a,b500df9a6f83b1be84080fd40b4f3c354bd9e4b4e89052466fd85c39bdff1c2d,1146,523,837,278
295,in-house,337,O=C(C1=C(CCC(CCCC)CC)SC(CCC(CC)CCCC)=C1C2=O)C(C2=C(C3)C(C4)=CC=C4C5=CC6=C(C(C7=CC=C(CCC(CCCC)CC)S7)=C8C=CSC8=C6C9=CC=C(CCC(CCCC)CC)S9)S5)=C3C%10=CC=CS%10,[H]C1=C2C(C(C(C3=C4SC(CC5/C(C(C=C([H])C=C6)=C6C5=O)=C(C#N)/C#N)=C3)(C7=CC=C(CCCCCC)C=C7)C8=CC=C(CCCCCC)C=C8)=C4S2)=C([H])C9=C1C(C%10(C%11=CC=C(CCCCCC)C=C%11)C%12=CC=C(CCCCCC)C=C%12)=C(S9)C(S%13)=C%10C=C%13/C=C(/C%14=C(C#N)\C#N)C(C%15=C%14C=C([H])C=C%15)=O,10.42,O=C(C1=C(CCC(CCCC)CC)SC(CCC(CC)CCCC)=C1C2=O)C(C2=C(C3)C(C4)=CC=C4C5=CC6=C(C(C7=CC=C(CCC(CCCC)CC)S7)=C8C=CSC8=C6C9=CC=C(CCC(CCCC)CC)S9)S5)=C3C%10=CC=CS%10||[H]C1=C2C(C(C(C3=C4SC(CC5/C(C(C=C([H])C=C6)=C6C5=O)=C(C#N)/C#N)=C3)(C7=CC=C(CCCCCC)C=C7)C8=CC=C(CCCCCC)C=C8)=C4S2)=C([H])C9=C1C(C%10(C%11=CC=C(CCCCCC)C=C%11)C%12=CC=C(CCCCCC)C=C%12)=C(S9)C(S%13)=C%10C=C%13/C=C(/C%14=C(C#N)\C#N)C(C%15=C%14C=C([H])C=C%15)=O,6f31f3770fd225e382586e20513744e11a328b7cc74c758d48628417c600a02b,3cb607f4c55fdda1d2bb2644a9c0abc2e7e7349da4c9c292a21c54c0e652f040,9acf6c4f2aa64731c61ae0495a29e94298d2acd568d769af304cf194c6c50b36,b55ef007856b32732752a0c3c33c4ce3c0645283e5978e1c060aacc4ba4b17c2,8b1d40a3d6e666baad9ad918d17e1623da962b006f99297e2b6f4c0996fe3838,706,818,629,279
296,in-house,338,FC1=C(F)C=C(N=C(OCC(CCCCCC)CCCCCCCC)C=N2)C2=C1C3=CC=CS3,O=C(C1=CC=CC=C1C/2=C(C#N)/C#N)C2=C/C3=CC4=C(S3)C5=CC(C(CCCCCCCC)(CCCCCCCC)OC6=C7SC(/C=C8C(C9=CC=CC=C9C\8=C(C#N)/C#N)=O)=C6)=C7C=C5C(CCCCCCCC)(CCCCCCCC)O4,10.42,FC1=C(F)C=C(N=C(OCC(CCCCCC)CCCCCCCC)C=N2)C2=C1C3=CC=CS3||O=C(C1=CC=CC=C1C/2=C(C#N)/C#N)C2=C/C3=CC4=C(S3)C5=CC(C(CCCCCCCC)(CCCCCCCC)OC6=C7SC(/C=C8C(C9=CC=CC=C9C\8=C(C#N)/C#N)=O)=C6)=C7C=C5C(CCCCCCCC)(CCCCCCCC)O4,6d0ebf843ec88894476605165efae2bf8fd910afe87a5868bc4b56e85a61a93d,11ea132c36850886a4da32a9d5df84d54cc87fbdcfa7535fb517f2e28b6adf44,98f396848ac20bb8ab156078f9da48124727ccc95deb8787cea15660fa72a904,635e1941ed8c11650a9f9be02b68ab0ac5f89f6fa5161ac74b54729e3167b6fd,fba02f1e5ddd4176c775901ad01a925dc31f5e6665de816a43ef57d980595953,698,471,1173,280
297,in-house,339,FC1=C(C(OCC(CCCC)CC)=O)SC2=CSC(C3=CC4=C(C5=C(C(C6=CC=C(CC(CC)CCCC)S6)=C4S3)C=CS5)C7=CC=C(CC(CC)CCCC)S7)=C12,O=C(C1=C2C=CS1)C(/C2=C(C#N)\C#N)=C\C3=CC4=C(S3)C(C(C5=CC=C(CCCCCC)C=C5)(C6=CC=C(CCCCCC)C=C6)C7=C8C=C(C(C9=C%10C%11=C(C=C(S%11)/C=C(/C%12=C(C#N)\[N+]#[C-])C(C%13=C%12C=CS%13)=O)S9)=C7)C%10(C%14=CC=C(CCCCCC)C=C%14)C%15=CC=C(CCCCCC)C=C%15)=C8S4,10.42,FC1=C(C(OCC(CCCC)CC)=O)SC2=CSC(C3=CC4=C(C5=C(C(C6=CC=C(CC(CC)CCCC)S6)=C4S3)C=CS5)C7=CC=C(CC(CC)CCCC)S7)=C12||O=C(C1=C2C=CS1)C(/C2=C(C#N)\C#N)=C\C3=CC4=C(S3)C(C(C5=CC=C(CCCCCC)C=C5)(C6=CC=C(CCCCCC)C=C6)C7=C8C=C(C(C9=C%10C%11=C(C=C(S%11)/C=C(/C%12=C(C#N)\[N+]#[C-])C(C%13=C%12C=CS%13)=O)S9)=C7)C%10(C%14=CC=C(CCCCCC)C=C%14)C%15=CC=C(CCCCCC)C=C%15)=C8S4,2249a87c8fc0450476e55f070a85b71ffa6beb368356c28f1302bad8bac422cb,ac6855b2f7be76612673208e20fb98b2b88962ccfd601a89b0591d6e05c6efbb,c3694c6540b1ad0ce60dcbf4d00c90aced3367173811bb4dba41455aa08064dc,667cb58ffac4b5b55ba30a286ad334300fbca087e4c903ed295d7bb9d9415ec2,4b1ca8c416256377187ee7c8ebb058e863dc5a9b02e61576b8d5024211b7ca81,933,491,328,281
298,in-house,340,FC1=C(F)C=C(N=C(OCC(CCCCCC)CCCCCCCC)C=N2)C2=C1C3=CC=CS3,FC(C=C1C2=CC(C3(CC(CCCC)CC)CC(CCCC)CC)=C(S2)C(S4)=C3C=C4/C=C(C(C5=CC(Cl)=C(C=C56)Cl)=O)/C6=C(C#N)/C#N)=C(C=C1F)C7=CC8=C(C9=C(C8(CC(CCCC)CC)CC(CCCC)CC)C=C(/C=C%10C(C%11=CC(Cl)=C(C=C%11C\%10=C(C#N)\C#N)Cl)=O)S9)S7,10.42,FC1=C(F)C=C(N=C(OCC(CCCCCC)CCCCCCCC)C=N2)C2=C1C3=CC=CS3||FC(C=C1C2=CC(C3(CC(CCCC)CC)CC(CCCC)CC)=C(S2)C(S4)=C3C=C4/C=C(C(C5=CC(Cl)=C(C=C56)Cl)=O)/C6=C(C#N)/C#N)=C(C=C1F)C7=CC8=C(C9=C(C8(CC(CCCC)CC)CC(CCCC)CC)C=C(/C=C%10C(C%11=CC(Cl)=C(C=C%11C\%10=C(C#N)\C#N)Cl)=O)S9)S7,6d0ebf843ec88894476605165efae2bf8fd910afe87a5868bc4b56e85a61a93d,a7c4b5541b8a9fcdc451b3fdf50c088a6f31721140ab77690d39d1dcc9517b61,436f4cf797f6aea78a302e8ba7921e7dbfd166ac8af60adb5bed5c005999d50a,2d07d3bac87d3e601347ce0e76a94ce220455c02c840baab25d72b908ce77610,014d60ba993de23f70093e8c8a23617a32fc10e3031c0526016e9b9e66e83ce9,308,216,7,282
299,in-house,341,O=C(C1=C(CCC(CCCC)CC)SC(CCC(CC)CCCC)=C1C2=O)C(C2=C(C3)C(C4)=CC=C4C5=CC6=C(C(C7=CC=C(CCC(CCCC)CC)S7)=C8C=CSC8=C6C9=CC=C(CCC(CCCC)CC)S9)S5)=C3C%10=CC=CS%10,O=C1C(/C(C2=CSC=C21)=C(C#N)\C#N)=C\C3=CC4=C(C(C=C5C(C6=CC=C(S6)CCCCCC)(C7=CC=C(S7)CCCCCC)C8=C(SC9=C8SC(/C=C%10C(C%11=CSC=C%11C\%10=C(C#N)/C#N)=O)=C9)C5=C%12)=C%12C4(C%13=CC=C(S%13)CCCCCC)C%14=CC=C(S%14)CCCCCC)S3,10.41,O=C(C1=C(CCC(CCCC)CC)SC(CCC(CC)CCCC)=C1C2=O)C(C2=C(C3)C(C4)=CC=C4C5=CC6=C(C(C7=CC=C(CCC(CCCC)CC)S7)=C8C=CSC8=C6C9=CC=C(CCC(CCCC)CC)S9)S5)=C3C%10=CC=CS%10||O=C1C(/C(C2=CSC=C21)=C(C#N)\C#N)=C\C3=CC4=C(C(C=C5C(C6=CC=C(S6)CCCCCC)(C7=CC=C(S7)CCCCCC)C8=C(SC9=C8SC(/C=C%10C(C%11=CSC=C%11C\%10=C(C#N)/C#N)=O)=C9)C5=C%12)=C%12C4(C%13=CC=C(S%13)CCCCCC)C%14=CC=C(S%14)CCCCCC)S3,6f31f3770fd225e382586e20513744e11a328b7cc74c758d48628417c600a02b,c291dd65a6c52e9a0fb94eceaa849eec84698b18c45d9416af6543502a2614b1,62add7e2dc9c504855d5f57d6fbe6d02454e56458911366b2cef2f4095ba9a4f,61457426a3734014e9d5412273f6e073ce53769f0a5a88fa98050fbd85fb768a,6e7a650005c0dea0b05aed08224d5ae8e25b418fbf4559d79078e9b1c5d82988,444,462,502,283
300,in-house,343,S=C(N1CCCCCC)S/C(C1=O)=C\C(S2)=CC=C2C3=C(CCCCCC)C=C(S3)C(SC(C4=CC5=C(C(C6=CC(CC(CC)CCCC)=C(CCCCCC)S6)=C7C=C(SC7=C5C8=CC(CCCCCC)=C(CC(CCCC)CC)S8)C9=CC(CCCCCC)=C(C%10=CC(CCCCCC)=C(C%11=CC=C(/C=C(C%12=O)\SC(N%12CCCCCC)=S)S%11)S%10)S9)C4)=C%13)=C%13CCCCCC,O=C(C(C=C(C(Cl)=C1)Cl)=C1C/2=C(C#N)\C#N)C2=C/C3=C(CCCCCCCCCCC)C(SC4=C5N(CCC(CCCC)CCCCCC)C6=C4C7=NSN=C7C8=C6N(CCC(CCCC)CCCCCC)C9=C8SC%10=C9SC(/C=C%11C(C(C=C(C(Cl)=C%12)Cl)=C%12C\%11=C(C#N)\C#N)=O)=C%10CCCCCCCCCCC)=C5S3,10.4,S=C(N1CCCCCC)S/C(C1=O)=C\C(S2)=CC=C2C3=C(CCCCCC)C=C(S3)C(SC(C4=CC5=C(C(C6=CC(CC(CC)CCCC)=C(CCCCCC)S6)=C7C=C(SC7=C5C8=CC(CCCCCC)=C(CC(CCCC)CC)S8)C9=CC(CCCCCC)=C(C%10=CC(CCCCCC)=C(C%11=CC=C(/C=C(C%12=O)\SC(N%12CCCCCC)=S)S%11)S%10)S9)C4)=C%13)=C%13CCCCCC||O=C(C(C=C(C(Cl)=C1)Cl)=C1C/2=C(C#N)\C#N)C2=C/C3=C(CCCCCCCCCCC)C(SC4=C5N(CCC(CCCC)CCCCCC)C6=C4C7=NSN=C7C8=C6N(CCC(CCCC)CCCCCC)C9=C8SC%10=C9SC(/C=C%11C(C(C=C(C(Cl)=C%12)Cl)=C%12C\%11=C(C#N)\C#N)=O)=C%10CCCCCCCCCCC)=C5S3,d279afbc7d9951cc1d0009b02969711f20e04d713152003c95be1b3d2ff8a2b3,868a476517eeeb55f3cc12a9b6a21b910c45a6b357534c92000c2ab6d1045958,8c2ad6ad3d0d633fe192a7c9e62891707a53e12f1f9d7ec1c6b6e41c621e4b1e,3cd8f7c19d3b209dae41bd95e849d1a66dcb7e16468a7e7c2f4a9f7e74934682,f39bad137d3a1bb7d37e915e5e123d1716e9cd39e2b41b61fb03ef786c533c9d,645,299,1140,284
301,in-house,344,FC1=C(F)C=C(N=C(OCC(CCCCCC)CCCCCCCC)C=N2)C2=C1C3=CC=CS3,O=C(N1CCCCCCCC)C2=C(/C=C3C(C(C=CC=C4)=C4C\3=C(C#N)\C#N)=O)SC(C5=CC(C6(C7=CC=C(C=C7)CCCCCC)C8=CC=C(CCCCCC)C=C8)=C(S5)C(C=C9C%10(C%11=CC=C(CCCCCC)C=C%11)C%12=CC=C(CCCCCC)C=C%12)=C6C=C9C%13=C%10C=C(C%14=C(C%15=O)C(C(N%15CCCCCCCC)=O)=C(/C=C%16C(C(C=CC=C%17)=C%17C\%16=C(C#N)/C#N)=O)S%14)C%13)=C2C1=O,10.4,FC1=C(F)C=C(N=C(OCC(CCCCCC)CCCCCCCC)C=N2)C2=C1C3=CC=CS3||O=C(N1CCCCCCCC)C2=C(/C=C3C(C(C=CC=C4)=C4C\3=C(C#N)\C#N)=O)SC(C5=CC(C6(C7=CC=C(C=C7)CCCCCC)C8=CC=C(CCCCCC)C=C8)=C(S5)C(C=C9C%10(C%11=CC=C(CCCCCC)C=C%11)C%12=CC=C(CCCCCC)C=C%12)=C6C=C9C%13=C%10C=C(C%14=C(C%15=O)C(C(N%15CCCCCCCC)=O)=C(/C=C%16C(C(C=CC=C%17)=C%17C\%16=C(C#N)/C#N)=O)S%14)C%13)=C2C1=O,6d0ebf843ec88894476605165efae2bf8fd910afe87a5868bc4b56e85a61a93d,536544fa2779a93f4504582f5238f8ab39c98a02be9a8b23c8fa6b4dedacb345,00fc4ac7aae7c61f72e51496d5a8b0b0dcbe0dafe030b65b140d776fc98b1f5d,40c6e5256659246649f107080f62920d87d3862318b78c4f02934e93894f6849,f9eac7eb373260de182f6ce5d17bd18a1b262d7662975d8813431209c8c518db,1,313,1164,285
302,in-house,345,O=C(C1=C(CCC(CCCC)CC)SC(CCC(CC)CCCC)=C1C2=O)C(C2=C(C3)C(C4)=CC=C4C5=CC6=C(C(C7=CC=C(CCC(CCCC)CC)S7)=C8C=CSC8=C6C9=CC=C(CCC(CCCC)CC)S9)S5)=C3C%10=CC=CS%10,O=C(C(C=C(F)C(F)=C1)=C1C/2=C(C#N)\C#N)C2=C/C3=C4C(OCCO4)=C(S3)C5=CC(C6(C7=CC=C(CCCCCC)C=C7)C8=CC=C(CCCCCC)C=C8)=C(C9=CC%10=C(C%11=C(C%10(C%12=CC=C(C=C%12)CCCCCC)C%13=CC=C(CCCCCC)C=C%13)C=C(C%14=C(OCCO%15)C%15=C(/C=C%16C(C(C=C(F)C(F)=C%17)=C%17C\%16=C(C#N)\C#N)=O)S%14)S%11)C=C96)S5,10.4,O=C(C1=C(CCC(CCCC)CC)SC(CCC(CC)CCCC)=C1C2=O)C(C2=C(C3)C(C4)=CC=C4C5=CC6=C(C(C7=CC=C(CCC(CCCC)CC)S7)=C8C=CSC8=C6C9=CC=C(CCC(CCCC)CC)S9)S5)=C3C%10=CC=CS%10||O=C(C(C=C(F)C(F)=C1)=C1C/2=C(C#N)\C#N)C2=C/C3=C4C(OCCO4)=C(S3)C5=CC(C6(C7=CC=C(CCCCCC)C=C7)C8=CC=C(CCCCCC)C=C8)=C(C9=CC%10=C(C%11=C(C%10(C%12=CC=C(C=C%12)CCCCCC)C%13=CC=C(CCCCCC)C=C%13)C=C(C%14=C(OCCO%15)C%15=C(/C=C%16C(C(C=C(F)C(F)=C%17)=C%17C\%16=C(C#N)\C#N)=O)S%14)S%11)C=C96)S5,6f31f3770fd225e382586e20513744e11a328b7cc74c758d48628417c600a02b,98614b38d9013707d6771839dd9aeab168443845c1444467b691243d47d65c2e,ae5ae5548d91026e43a436c9183e8974348268f3df4b6872e3583fbb00d151d7,bc61d859ad47fb3d3ebb688240630360f46b597781e314b91e33365985566bf8,1c4cac592c2f5382abb5e0e4fe83dddfed8195097e34efb6eb5de5e4a4473189,809,864,119,286
303,in-house,346,O=C(C1=C(CCC(CCCC)CC)SC(CCC(CC)CCCC)=C1C2=O)C(C2=C(C3)C(C4)=CC=C4C5=CC6=C(C(C7=CC=C(CCC(CCCC)CC)S7)=C8C=CSC8=C6C9=CC=C(CCC(CCCC)CC)S9)S5)=C3C%10=CC=CS%10,O=C(C1=C(C/2=C(C#N)\C#N)C=CC=C1)C2=C/C3=CC4=C(C(C(C5=C6C=C7C(C(SC8=C9SC(/C=C(C%10=O)/C(C%11=C%10C=CC=C%11)=C(C#N)/C#N)=C8)=C9C7(C%12=CC=C(COCCOC)C=C%12)C%13=CC=C(COCCOC)C=C%13)=C5)(C%14=CC=C(COCCOC)C=C%14)C%15=CC=C(COCCOC)C=C%15)=C6S4)S3,10.4,O=C(C1=C(CCC(CCCC)CC)SC(CCC(CC)CCCC)=C1C2=O)C(C2=C(C3)C(C4)=CC=C4C5=CC6=C(C(C7=CC=C(CCC(CCCC)CC)S7)=C8C=CSC8=C6C9=CC=C(CCC(CCCC)CC)S9)S5)=C3C%10=CC=CS%10||O=C(C1=C(C/2=C(C#N)\C#N)C=CC=C1)C2=C/C3=CC4=C(C(C(C5=C6C=C7C(C(SC8=C9SC(/C=C(C%10=O)/C(C%11=C%10C=CC=C%11)=C(C#N)/C#N)=C8)=C9C7(C%12=CC=C(COCCOC)C=C%12)C%13=CC=C(COCCOC)C=C%13)=C5)(C%14=CC=C(COCCOC)C=C%14)C%15=CC=C(COCCOC)C=C%15)=C6S4)S3,6f31f3770fd225e382586e20513744e11a328b7cc74c758d48628417c600a02b,842cab26e0af87b030883df32a672dfc334f23abf67ee1e09aa497b9c1e8dd7f,2a54a6b0289711854a25a4b6a8b593c722093519f40429e2a89d9870a59d097d,8de7afa90acea9d08ad699a28620d935009c2cdd2bca46ff82ce0d1b78041144,6acc49a7b41d85a928e068b8fff0aaebd02f4427edd4f119e6e2a409a60440b9,182,666,482,287
304,in-house,347,O=C(C1=C(CCC(CCCC)CC)SC(CCC(CC)CCCC)=C1C2=O)C(C2=C(C3)C(C4)=CC=C4C5=CC6=C(C(C7=CC=C(CCC(CCCC)CC)S7)=C8C=CSC8=C6C9=CC=C(CCC(CCCC)CC)S9)S5)=C3C%10=CC=CS%10,FC1=CC2=C(C(/C(C2=O)=C/C3=C(C(OC)=C(C4=CC(SC5=C6C(C7=CC=C(C=C7)CCCCCC)(C8=C5C=C(C9=C8)C(C(C=C%10)=CC=C%10CCCCCC)(C%11=CC=C(CCCCCC)C=C%11)C%12=C9SC%13=C%12SC(C%14=C(OC)C(OC)=C(/C=C%15/C(C(C=C(F)C(F)=C%16)=C%16C%15=O)=C(C#N)/C#N)S%14)=C%13)C%17=CC=C(CCCCCC)C=C%17)=C6S4)S3)OC)=C(C#N)\C#N)C=C1F,10.4,O=C(C1=C(CCC(CCCC)CC)SC(CCC(CC)CCCC)=C1C2=O)C(C2=C(C3)C(C4)=CC=C4C5=CC6=C(C(C7=CC=C(CCC(CCCC)CC)S7)=C8C=CSC8=C6C9=CC=C(CCC(CCCC)CC)S9)S5)=C3C%10=CC=CS%10||FC1=CC2=C(C(/C(C2=O)=C/C3=C(C(OC)=C(C4=CC(SC5=C6C(C7=CC=C(C=C7)CCCCCC)(C8=C5C=C(C9=C8)C(C(C=C%10)=CC=C%10CCCCCC)(C%11=CC=C(CCCCCC)C=C%11)C%12=C9SC%13=C%12SC(C%14=C(OC)C(OC)=C(/C=C%15/C(C(C=C(F)C(F)=C%16)=C%16C%15=O)=C(C#N)/C#N)S%14)=C%13)C%17=CC=C(CCCCCC)C=C%17)=C6S4)S3)OC)=C(C#N)\C#N)C=C1F,6f31f3770fd225e382586e20513744e11a328b7cc74c758d48628417c600a02b,e31a5d158f1518feb2da651f90bdcb4b788e09e4273fcd6c66bdd2c397164eda,c5b554cfc1b55fc26a44a69df34b19cab944e42efa5d960da20d29890962d4d7,4e244264d6308bc155969756b3442b99d6c25580674fd0fc9b2311de72edb136,457c1f154b92a4c9fa550590366f1c2a1e0704acdac4751268d88621cfc7dda7,949,370,307,288
305,in-house,348,O=C(C1=C(CCC(CCCC)CC)SC(CCC(CC)CCCC)=C1C2=O)C(C2=C(C3)C(C4)=CC=C4C5=CC6=C(C(C7=CC=C(CCC(CCCC)CC)S7)=C8C=CSC8=C6C9=CC=C(CCC(CCCC)CC)S9)S5)=C3C%10=CC=CS%10,O=C(C(C=CC=C1)=C1C/2=C(C#N)\C#N)C2=C/C3=CC(C4(C(C=C5)=CC=C5CCCCCC)C6=CC=C(C=C6)CCCCCC)=C(C(C=C7)=C8C4=CC9=CC=C%10C%11C9C8=C7C=C%11C(C%12=CC=C(CCCCCC)C=C%12)(C%13=CC=C(CCCCCC)C=C%13)C%14=C%10SC(/C=C%15C(C(C=CC=C%16)=C%16C\%15=C(C#N)/C#N)=O)=C%14)S3,10.37,O=C(C1=C(CCC(CCCC)CC)SC(CCC(CC)CCCC)=C1C2=O)C(C2=C(C3)C(C4)=CC=C4C5=CC6=C(C(C7=CC=C(CCC(CCCC)CC)S7)=C8C=CSC8=C6C9=CC=C(CCC(CCCC)CC)S9)S5)=C3C%10=CC=CS%10||O=C(C(C=CC=C1)=C1C/2=C(C#N)\C#N)C2=C/C3=CC(C4(C(C=C5)=CC=C5CCCCCC)C6=CC=C(C=C6)CCCCCC)=C(C(C=C7)=C8C4=CC9=CC=C%10C%11C9C8=C7C=C%11C(C%12=CC=C(CCCCCC)C=C%12)(C%13=CC=C(CCCCCC)C=C%13)C%14=C%10SC(/C=C%15C(C(C=CC=C%16)=C%16C\%15=C(C#N)/C#N)=O)=C%14)S3,6f31f3770fd225e382586e20513744e11a328b7cc74c758d48628417c600a02b,6a9c35554f33a4db7609000941ab1f1678a88f18645190bbb2e51acb8c5388b8,4a9dda0a7b92e7f3a96d14af409021cd9046543cfa265f0e89cc2d96d5fcb920,50695030c65412c552423feae91b6dc766a0f9d1a83b9cca66277410aa9c328c,5114ec0f90228c1d1728f9b1af48c2ae575983847dc4a9beed463b2d81a05767,346,387,363,289
306,in-house,349,[F]C1=C(CC)SC(C2=C3C(C=C(C)C3)C(C4=CC([F])=C(S4)CC)=C5SC(C6=CC=C(S6)C7=C(C(C8=C(SC(CC)=C8C9=O)CC)=O)C9=C(C%10=CC=C(S%10)C)S7)=CC25)=C1,O=C1C2=C(C=C(Cl)C(Cl)=C2)C(/C1=C/C(S3)=CC4=C3C(S5)=C(C4(C6=CC=C(CCCCCC)C=C6)C7=CC=C(CCCCCC)C=C7)C8=C5C(C9=CC([H])=C(CC(CC)CCCC)S9)=C(C(C%10(C%11=CC=C(CCCCCC)C=C%11)C%12=CC=C(CCCCCC)C=C%12)=C(S%13)C%14=C%10C=C(/C=C(/C%15=C(C#N)\C#N)C(C%16=C%15C=C(Cl)C(Cl)=C%16)=O)S%14)C%13=C8C%17=CC([H])=C(CC(CC)CCCC)S%17)=C(C#N)/C#N,10.35,[F]C1=C(CC)SC(C2=C3C(C=C(C)C3)C(C4=CC([F])=C(S4)CC)=C5SC(C6=CC=C(S6)C7=C(C(C8=C(SC(CC)=C8C9=O)CC)=O)C9=C(C%10=CC=C(S%10)C)S7)=CC25)=C1||O=C1C2=C(C=C(Cl)C(Cl)=C2)C(/C1=C/C(S3)=CC4=C3C(S5)=C(C4(C6=CC=C(CCCCCC)C=C6)C7=CC=C(CCCCCC)C=C7)C8=C5C(C9=CC([H])=C(CC(CC)CCCC)S9)=C(C(C%10(C%11=CC=C(CCCCCC)C=C%11)C%12=CC=C(CCCCCC)C=C%12)=C(S%13)C%14=C%10C=C(/C=C(/C%15=C(C#N)\C#N)C(C%16=C%15C=C(Cl)C(Cl)=C%16)=O)S%14)C%13=C8C%17=CC([H])=C(CC(CC)CCCC)S%17)=C(C#N)/C#N,6213dd4049a47a1d3ddd86c99b799fe4ba312bdc695c607b0b6163384ca5ea00,a9ca5ab4eb5cf77d7a51d8ecbba91e0c0150822d567d2b74f5b8f4a18f40ad34,a1f14e254fc8d45075b61de95e50fa67956d114f708eb37def1031104a9ac36f,6e2d02ff6758b1f7c414fbb0112256ebd083e97817169b5725b39e3b8312557b,b148c2f74a0dcaf6e327df8caadec5f61620cc15c9000635313f38879f931447,751,533,817,290
307,in-house,350,O=C(C1=C(SC(C2=CC=C(S2)C3=CC(C(C4=CC(F)=C(S4)SCCCCCCCC)=C5SC(C)=CC5=C6C7=CC(F)=C(S7)SCCCCCCCC)=C6S3)=C18)C9=CC=C(S9)C)C%10=C(SC(CCCCCCCC)=C%10C8=O)CCCCCCCC,[F]C1=CC2=C(C(/C(C2=O)=C/C3=CC4=C(C(C=C5C(CCCCCC)(CCCCCC)C6=C(SC(/C=C7C(C8=C(C=C(F)C(F)=C8)C\7=C(C#N)\C#N)=O)=C6)C5=C9)=C9C4(CCCCCC)CCCCCC)S3)=C(C#N)\C#N)C=C1[F],10.35,O=C(C1=C(SC(C2=CC=C(S2)C3=CC(C(C4=CC(F)=C(S4)SCCCCCCCC)=C5SC(C)=CC5=C6C7=CC(F)=C(S7)SCCCCCCCC)=C6S3)=C18)C9=CC=C(S9)C)C%10=C(SC(CCCCCCCC)=C%10C8=O)CCCCCCCC||[F]C1=CC2=C(C(/C(C2=O)=C/C3=CC4=C(C(C=C5C(CCCCCC)(CCCCCC)C6=C(SC(/C=C7C(C8=C(C=C(F)C(F)=C8)C\7=C(C#N)\C#N)=O)=C6)C5=C9)=C9C4(CCCCCC)CCCCCC)S3)=C(C#N)\C#N)C=C1[F],f99b7ce32848c40274f819691abe7f2348a9c079e1da0cb5c1ae130ebdd8408c,d454e81ee005a8f82a56c7e684c6d26d074e358b862e4dd99c9fe1affe1d39ff,89fdc1f0050881e7f0bae627c1763c47ccf0aa7d16c0e493aa781234f597cb61,0cc2713a37279a75a32a3aa83eefb9f3dfc2ec3fc8d20be1b0ccc4b71be2a5b4,94df652502204f3c0f7c5386b0ab050e933a0b47c0172dd774906b8a83d5cd9d,627,62,678,291
308,in-house,351,c1(c2c3c(c(c4c2cc(s4)c2ccc(s2)c2sc(c4c2C(=O)c2c(C4=O)c(sc2C[C@H](CCCC)CC)C[C@@H](CCCC)CC)c2cccs2)c2ccc(s2)[Si](CCC)(CCC)CCC)ccs3)ccc(s1)[Si](CCC)(CCC)CCC,c12cc3c(cc1C(c1c2sc2c1sc(c2)/C=C\1/C(=C(C#N)C#N)c2c(C1=O)cccc2)(c1cccc(c1)CCCCCC)c1cc(ccc1)CCCCCC)c1c(C3(c2cc(ccc2)CCCCCC)c2cccc(c2)CCCCCC)c2c(s1)cc(s2)/C=C\1/C(=C(C#N)C#N)c2c(C1=O)cccc2,10.34,c1(c2c3c(c(c4c2cc(s4)c2ccc(s2)c2sc(c4c2C(=O)c2c(C4=O)c(sc2C[C@H](CCCC)CC)C[C@@H](CCCC)CC)c2cccs2)c2ccc(s2)[Si](CCC)(CCC)CCC)ccs3)ccc(s1)[Si](CCC)(CCC)CCC||c12cc3c(cc1C(c1c2sc2c1sc(c2)/C=C\1/C(=C(C#N)C#N)c2c(C1=O)cccc2)(c1cccc(c1)CCCCCC)c1cc(ccc1)CCCCCC)c1c(C3(c2cc(ccc2)CCCCCC)c2cccc(c2)CCCCCC)c2c(s1)cc(s2)/C=C\1/C(=C(C#N)C#N)c2c(C1=O)cccc2,a1d99e49289aef264947fc7e358f0fa69e4dfc20aab51cea09200c8d35b55854,50864152acede518837f13b246d168a2c910162b60d24eaca8a12069a3584c43,8f4a9de9ba29ee7205e77235df55507335fbd4a5e0b623a3b9d82d35783114b1,5903ca27dce047898ca90eb6757fc04a535769868a7d204c7b03d4cb9c757f78,0a10ffee0d0a6b9606da133cbfe5c637cbbf1311df29d62f45256bf4a4812750,660,423,51,292
309,in-house,352,O=C(C1=C(CCC(CCCC)CC)SC(CCC(CC)CCCC)=C1C2=O)C(C2=C(C3)C(C4)=CC=C4C5=CC6=C(C(C7=CC=C(CCC(CCCC)CC)S7)=C8C=CSC8=C6C9=CC=C(CCC(CCCC)CC)S9)S5)=C3C%10=CC=CS%10,O=C(C1=CC(Cl)=C(Cl)C=C1C/2=C(C#N)/C#N)C2=C/C3=CC4=C(S3)C5=CC6=C(C=C5C4(CCCCCCCC)CCCCCCCC)C7=C(C=C8C9=C(C=C(S9)/C=C%10C(C%11=CC(Cl)=C(Cl)C=C%11C\%10=C(C#N)/C#N)=O)C(CCCCCCCC)(CCCCCCCC)C8=C7)C(CCCCCCCC)6CCCCCCCC,10.34,O=C(C1=C(CCC(CCCC)CC)SC(CCC(CC)CCCC)=C1C2=O)C(C2=C(C3)C(C4)=CC=C4C5=CC6=C(C(C7=CC=C(CCC(CCCC)CC)S7)=C8C=CSC8=C6C9=CC=C(CCC(CCCC)CC)S9)S5)=C3C%10=CC=CS%10||O=C(C1=CC(Cl)=C(Cl)C=C1C/2=C(C#N)/C#N)C2=C/C3=CC4=C(S3)C5=CC6=C(C=C5C4(CCCCCCCC)CCCCCCCC)C7=C(C=C8C9=C(C=C(S9)/C=C%10C(C%11=CC(Cl)=C(Cl)C=C%11C\%10=C(C#N)/C#N)=O)C(CCCCCCCC)(CCCCCCCC)C8=C7)C(CCCCCCCC)6CCCCCCCC,6f31f3770fd225e382586e20513744e11a328b7cc74c758d48628417c600a02b,67c8cface601826cbe0b79183d87ab3b3ea8fae9d30ec9fbae02a933514c2cf3,667b06b68dea1b8b0d12c14ac912f7847bed9f872e90f371ef01e50c44a1b02d,2609ebdb305246c2bb10a9a398d27bcb84ff111029406efe9f02765620a9d5a4,15a15dff805acd533d2916c40ae796648f8dc51ea9f15daed57417f38d39a51e,464,186,96,293
310,in-house,353,CC1=CC2=C(C3=C(C(C4=CC=C(S4)CC(CC)CCCC)=C2S1)C=C(C5=C(CCCCCCCC)C=C(C6=CC7=C(S6)C8=C(C=C(S8)C9=CC(CCCCCCCC)=C(C)S9)N(CC(CCCCCCCC)CCCCCC)C7=O)S5)S3)C%10=CC=C(S%10)CC(CCCC)CC,O=C(C1=CC=CC=C1C/2=C(C#N)/C#N)C2=C/C3=CC(SC4C5C(C)=C(C(C6=CC=C(C=C6)CCCCCC)(C7=CC=C(C=C7)CCCCCC)C8=CSC9=C8SC(/C=C%10C(C(C=CC=C%11)=C%11C\%10=C(C#N)/C#N)=C)=C9)C=C(C)C5C(C%12=CC=C(C=C%12)CCCCCC)(C%13=CC=C(C=C%13)CCCCCC)C%144)=C%14S3,10.34,CC1=CC2=C(C3=C(C(C4=CC=C(S4)CC(CC)CCCC)=C2S1)C=C(C5=C(CCCCCCCC)C=C(C6=CC7=C(S6)C8=C(C=C(S8)C9=CC(CCCCCCCC)=C(C)S9)N(CC(CCCCCCCC)CCCCCC)C7=O)S5)S3)C%10=CC=C(S%10)CC(CCCC)CC||O=C(C1=CC=CC=C1C/2=C(C#N)/C#N)C2=C/C3=CC(SC4C5C(C)=C(C(C6=CC=C(C=C6)CCCCCC)(C7=CC=C(C=C7)CCCCCC)C8=CSC9=C8SC(/C=C%10C(C(C=CC=C%11)=C%11C\%10=C(C#N)/C#N)=C)=C9)C=C(C)C5C(C%12=CC=C(C=C%12)CCCCCC)(C%13=CC=C(C=C%13)CCCCCC)C%144)=C%14S3,de691e8d3d956130c59c5b6b041ce63227fa96ca34377c6e4c61ceb1a9409d2a,83d12c8a518aebb2c9e097cdd9cd4e855fadbb8bad16c860293e67b74eecaf00,2f2ab4ea31ddbf876a4fd1f394758d1209519ed3b6947019e56ba2fffb77a21c,59bd2493569ebdc77866f6b77220749b5947976b55b78bdcad48f778d5a066d6,db39da00feda29b145f4757a567dae2a5d8bd1915b0862a8491b975036d49523,207,425,1012,294
311,in-house,354,O=C1C2=C(CC(CC)CCCC)SC(CC(CC)CCCC)=C2C(C3=C(C4=CC=C(C5=CC(C(C6=CC(F)=C(CC(CC)CCCC)S6)=C(SC=C7)C7=C8C9=CC(F)=C(CC(CC)CCCC)S9)=C8S5)S4)SC(C%10=CC=CS%10)=C31)=O,O=C(C1=C(C=C(F)C(F)=C1)C/2=C(C#N)\C#N)C2=C/C3=CC(C4(C5=CC=C(C=C5)CCCCCC)C6=CC=C(CCCCCC)C=C6)=C(C7=C4C=C(C8=CN=C(C9=CC%10=C(C%11=C(C%10(C%12=CC=C(CCCCCC)C=C%12)C%13=CC=C(CCCCCC)C=C%13)C=C(/C=C%14C(C%15=C(C=C(F)C(F)=C%15)C\%14=C(C#N)\C#N)=O)S%11)S9)C=N8)S7)S3,10.32,O=C1C2=C(CC(CC)CCCC)SC(CC(CC)CCCC)=C2C(C3=C(C4=CC=C(C5=CC(C(C6=CC(F)=C(CC(CC)CCCC)S6)=C(SC=C7)C7=C8C9=CC(F)=C(CC(CC)CCCC)S9)=C8S5)S4)SC(C%10=CC=CS%10)=C31)=O||O=C(C1=C(C=C(F)C(F)=C1)C/2=C(C#N)\C#N)C2=C/C3=CC(C4(C5=CC=C(C=C5)CCCCCC)C6=CC=C(CCCCCC)C=C6)=C(C7=C4C=C(C8=CN=C(C9=CC%10=C(C%11=C(C%10(C%12=CC=C(CCCCCC)C=C%12)C%13=CC=C(CCCCCC)C=C%13)C=C(/C=C%14C(C%15=C(C=C(F)C(F)=C%15)C\%14=C(C#N)\C#N)=O)S%11)S9)C=N8)S7)S3,65482d735aa1f382b817dd8d95b1689b39b0b3c26138949c2680844f1b1f5ea0,8d2bff5d14bf38058e77163b0fd8a51614e11ce5de2d2e92d99312dc128b9c86,5d635d1a014f5fb707b9721c8f52d90ed2c99bda53380238a1f9e1d5b3d676e6,148afc187ec9170970da16869418c3ebe6eda0ffbf07c99aabfd81dd788643c1,7b59d4b399a81536d43e3f95fe80f7cd258e14e8f9303eda0de2a9578d6f1e9c,419,98,559,295
312,in-house,355,FC1=C(C(OCC(CCCC)CC)=O)SC2=CSC(C3=CC4=C(C5=C(C(C6=CC=C(CC(CC)CCCC)S6)=C4S3)C=CS5)C7=CC=C(CC(CC)CCCC)S7)=C12,CCCCCCC1=CC=C(C2=C3SC4=C(C3=C(C5=C2C6SC7=C(C6C5)C(C8=C7SC(C9=C(/C(CC%10=O)=C(C#N)\C#N)C%10=CC(F)=C9F)=C8)(C%11=CC=C(C)C=C%11)C%12=CC=C(CCCCCC)C=C%12)C%13=CC=C(S%13)CCCCCC)SC%14C4C(C%15=CC=C(C)C=C%15)(C%16=CC=C(CCCCCC)C=C%16)C%17=C%14SC(C%18=C(F)C(F)=CC(/C(C%19)=C(C#N)/C#N)=C%18C%19=O)=C%17)S1,10.3,FC1=C(C(OCC(CCCC)CC)=O)SC2=CSC(C3=CC4=C(C5=C(C(C6=CC=C(CC(CC)CCCC)S6)=C4S3)C=CS5)C7=CC=C(CC(CC)CCCC)S7)=C12||CCCCCCC1=CC=C(C2=C3SC4=C(C3=C(C5=C2C6SC7=C(C6C5)C(C8=C7SC(C9=C(/C(CC%10=O)=C(C#N)\C#N)C%10=CC(F)=C9F)=C8)(C%11=CC=C(C)C=C%11)C%12=CC=C(CCCCCC)C=C%12)C%13=CC=C(S%13)CCCCCC)SC%14C4C(C%15=CC=C(C)C=C%15)(C%16=CC=C(CCCCCC)C=C%16)C%17=C%14SC(C%18=C(F)C(F)=CC(/C(C%19)=C(C#N)/C#N)=C%18C%19=O)=C%17)S1,2249a87c8fc0450476e55f070a85b71ffa6beb368356c28f1302bad8bac422cb,6f761a9497382f5366c94222a5326d3bd6db3a178ec7d0fd619e16d7d4f502c5,ba9c9c4dae9162eea635766edc6a8b1223288ed41fd7f8b27a1fd92b30acd22c,1b49aab1abe7fb834d27ccbc357ae0dd06de74bdbc301a68a222c46665a42379,b23e65c53d9f5381e50be14448cb392bfde156b8afa0633014790df5a26868dd,882,136,823,296
313,in-house,357,FC1=C(C(OCC(CCCC)CC)=O)SC2=CSC(C3=CC4=C(C5=C(C(C6=CC=C(CC(CC)CCCC)S6)=C4S3)C=CS5)C7=CC=C(CC(CC)CCCC)S7)=C12,FC1=CC(C2=O)=C(C=C1F)C(/C2=C/C3=CC4=C(C(C(C5=CC=C(CCCCCC)C=C5)6C7=CC=C(CCCCCC)C=C7)=C(C8=C6C9=C(C(C%10(C%11=CC=C(CCCCCC)C=C%11)C%12=CC=C(CCCCCC)C=C%12)=C(C%13=C%10C%14=C(C(C(C%15=CC=C(CCCCCC)C=C%15)%16C%17=CC=C(CCCCCC)C=C%17)=C(C%18=C%16C%19=C(C(/C=C(/C(C(C=C%20F)=C%21C=C%20F)=C(C#N)\C#N)C%21=O)=CS%19)S%18)S%14)S%13)S9)S8)S4)S3)=C(C#N)/C#N,10.3,FC1=C(C(OCC(CCCC)CC)=O)SC2=CSC(C3=CC4=C(C5=C(C(C6=CC=C(CC(CC)CCCC)S6)=C4S3)C=CS5)C7=CC=C(CC(CC)CCCC)S7)=C12||FC1=CC(C2=O)=C(C=C1F)C(/C2=C/C3=CC4=C(C(C(C5=CC=C(CCCCCC)C=C5)6C7=CC=C(CCCCCC)C=C7)=C(C8=C6C9=C(C(C%10(C%11=CC=C(CCCCCC)C=C%11)C%12=CC=C(CCCCCC)C=C%12)=C(C%13=C%10C%14=C(C(C(C%15=CC=C(CCCCCC)C=C%15)%16C%17=CC=C(CCCCCC)C=C%17)=C(C%18=C%16C%19=C(C(/C=C(/C(C(C=C%20F)=C%21C=C%20F)=C(C#N)\C#N)C%21=O)=CS%19)S%18)S%14)S%13)S9)S8)S4)S3)=C(C#N)/C#N,2249a87c8fc0450476e55f070a85b71ffa6beb368356c28f1302bad8bac422cb,d43ade4aee9f589a9d46c9abb0a1402c6a57de020be0f40adf1500e85472b08e,4eabe16f94464a3b28ddfdb603d55dd6750213ead13e3e3c1ab30446270bd9ed,0185bbc4b0b30a6630e6b5537a6f748aca59708e4b3d6acfa5e8439e93ab116f,6e44d74b28c68c17752ea0157f6ae17ab3ffc983513b38db2635d21e21c31e9f,362,6,501,297
314,in-house,358,FC1=C(C(OCC(CCCC)CC)=O)SC2=CSC(C3=CC4=C(C5=C(C(C6=CC=C(CC(CC)CCCC)S6)=C4S3)C=CS5)C7=CC=C(CC(CC)CCCC)S7)=C12,O=C(C1=CC(Cl)=C(C=C1C/2=C(C#N)\C#N)Cl)C2=C/C3=CC(OCCCCCCCC)=C(C4=CC5=C(C6=CC7=C(C8=C(C7(C9=CC=C(C=C9)CCCCCC)C%10=CC=C(C=C%10)CCCCCC)C=C(C%11=C(OCCCCCCCC)C=C(/C=C%12C(C%13=CC(Cl)=C(C=C%13C\%12=C(C#N)\C#N)Cl)=O)S%11)S8)C=C6C5(C%14=CC=C(C=C%14)CCCCCC)C%15=CC=C(C=C%15)CCCCCC)S4)S3,10.3,FC1=C(C(OCC(CCCC)CC)=O)SC2=CSC(C3=CC4=C(C5=C(C(C6=CC=C(CC(CC)CCCC)S6)=C4S3)C=CS5)C7=CC=C(CC(CC)CCCC)S7)=C12||O=C(C1=CC(Cl)=C(C=C1C/2=C(C#N)\C#N)Cl)C2=C/C3=CC(OCCCCCCCC)=C(C4=CC5=C(C6=CC7=C(C8=C(C7(C9=CC=C(C=C9)CCCCCC)C%10=CC=C(C=C%10)CCCCCC)C=C(C%11=C(OCCCCCCCC)C=C(/C=C%12C(C%13=CC(Cl)=C(C=C%13C\%12=C(C#N)\C#N)Cl)=O)S%11)S8)C=C6C5(C%14=CC=C(C=C%14)CCCCCC)C%15=CC=C(C=C%15)CCCCCC)S4)S3,2249a87c8fc0450476e55f070a85b71ffa6beb368356c28f1302bad8bac422cb,a6653ba0f41ec6ed2c028fe1a640d1c79bd52becd21ec5d4ad7bdcdff8383e80,ff1787545175dd6c981154a90567f464942711b674787d3141dbb490ab135049,2d2f852f9b6ca51fdeae6031351c9753e0d1f3d43b1553a6f394e0310f1151c1,050dced227bc84e60b0d122f0768836265126e64f07769b9370b2f5dad2b24d5,1185,217,21,298
315,in-house,359,O=C(C1=C(CCC(CCCC)CC)SC(CCC(CC)CCCC)=C1C2=O)C(C2=C(C3)C(C4)=CC=C4C5=CC6=C(C(C7=CC=C(CCC(CCCC)CC)S7)=C8C=CSC8=C6C9=CC=C(CCC(CCCC)CC)S9)S5)=C3C%10=CC=CS%10,O=C(C1=C(SC2=C1SC=C2)C/3=C(C#N)\C#N)C3=C/C4=CC(C5(C(C=C6)=CC=C6CCCCCC)C(C=C7)=CC=C7CCCCCC)=C(C(SC8=C9)=C5C8=CC%10=C9C%11=C(C(SC(/C=C%12/C(C(SC%13=C%14SC=C%13)=C%14C%12=O)=C(C#N)/C#N)=C%15)=C%15C%11(C(C=C%16)=CC=C%16CCCCCC)C%17=CC=C(C=C%17)CCCCCC)S%10)S4,10.29,O=C(C1=C(CCC(CCCC)CC)SC(CCC(CC)CCCC)=C1C2=O)C(C2=C(C3)C(C4)=CC=C4C5=CC6=C(C(C7=CC=C(CCC(CCCC)CC)S7)=C8C=CSC8=C6C9=CC=C(CCC(CCCC)CC)S9)S5)=C3C%10=CC=CS%10||O=C(C1=C(SC2=C1SC=C2)C/3=C(C#N)\C#N)C3=C/C4=CC(C5(C(C=C6)=CC=C6CCCCCC)C(C=C7)=CC=C7CCCCCC)=C(C(SC8=C9)=C5C8=CC%10=C9C%11=C(C(SC(/C=C%12/C(C(SC%13=C%14SC=C%13)=C%14C%12=O)=C(C#N)/C#N)=C%15)=C%15C%11(C(C=C%16)=CC=C%16CCCCCC)C%17=CC=C(C=C%17)CCCCCC)S%10)S4,6f31f3770fd225e382586e20513744e11a328b7cc74c758d48628417c600a02b,79f386677bca8a8161a4ea1a46529e44eb92f1cf24d4cccb92c4bae50475b7cb,ce0fe8d1c480b9a5b3f3baf22ef0302daf98cd5fdbf91c09b08a3cec4ca4c5ce,7383c6629ff914867da224dae2b065d6808a651e79b13ba76aeb9c3aa69adead,038a8c5f9163141946b68f6b38691890debad1e4d575acc0623143effd323afb,981,556,17,299
316,in-house,360,O=C(C1=C(CCC(CCCC)CC)SC(CCC(CC)CCCC)=C1C2=O)C(C2=C(C3)C(C4)=CC=C4C5=CC6=C(C(C7=CC=C(CCC(CCCC)CC)S7)=C8C=CSC8=C6C9=CC=C(CCC(CCCC)CC)S9)S5)=C3C%10=CC=CS%10,O=C(C1=C(C=CC(C)=C1)C/2=C(C#N)/C#N)C2=C/C3=CC4=C(S3)C5=CC6=C(C=C5C4(CCCCCCCC)CCCCCCCC)C7=C(C=C8C9=C(C=C(S9)/C=C%10C(C(C=C(C)C=C%11)=C%11C\%10=C(C#N)/C#N)=O)C(CCCCCCCC)(CCCCCCCC)C8=C7)C6(CCCCCCCC)CCCCCCCC,10.29,O=C(C1=C(CCC(CCCC)CC)SC(CCC(CC)CCCC)=C1C2=O)C(C2=C(C3)C(C4)=CC=C4C5=CC6=C(C(C7=CC=C(CCC(CCCC)CC)S7)=C8C=CSC8=C6C9=CC=C(CCC(CCCC)CC)S9)S5)=C3C%10=CC=CS%10||O=C(C1=C(C=CC(C)=C1)C/2=C(C#N)/C#N)C2=C/C3=CC4=C(S3)C5=CC6=C(C=C5C4(CCCCCCCC)CCCCCCCC)C7=C(C=C8C9=C(C=C(S9)/C=C%10C(C(C=C(C)C=C%11)=C%11C\%10=C(C#N)/C#N)=O)C(CCCCCCCC)(CCCCCCCC)C8=C7)C6(CCCCCCCC)CCCCCCCC,6f31f3770fd225e382586e20513744e11a328b7cc74c758d48628417c600a02b,1c06e839a4669b6ffc99ff829565766c34a2d1eb9b51900ac1d5155c772d2714,132a75ba34ea6eac2ad64191dda141a1848dd7760af4dddf776b7079ceae76e1,4b124e5057b77747138b3775ef210f22a3ebd2b8f5fbe271cafc158ecb7127e9,931239b536c97c83cbaf02866bd48584b415bc7e618c1929857928f8131b7d5e,89,357,668,300
317,in-house,361,O=C(C1=C(CCC(CCCC)CC)SC(CCC(CC)CCCC)=C1C2=O)C(C2=C(C3)C(C4)=CC=C4C5=CC6=C(C(C7=CC=C(CCC(CCCC)CC)S7)=C8C=CSC8=C6C9=CC=C(CCC(CCCC)CC)S9)S5)=C3C%10=CC=CS%10,[F]C1=CC2=C(C(/C(C2=O)=C/C3=CC4=C(S3)C(C(C5=CC=C(C=C5)CCCCCC)(C6=CC7=C(C(C8=CC=C(CCCCCC)C=C8)(C9=C7SC%10=C9SC(/C=C%11C(C(C=CC=C%12)=C%12C\%11=C(C#N)/C#N)=O)=C%10)C%13=CC=C(CCCCCC)C=C%13)C=C6%14)C%15=CC=C(C=C%15)CCCCCC)=C%14S4)=C(C#N)/C#N)C=C1[F],10.28,O=C(C1=C(CCC(CCCC)CC)SC(CCC(CC)CCCC)=C1C2=O)C(C2=C(C3)C(C4)=CC=C4C5=CC6=C(C(C7=CC=C(CCC(CCCC)CC)S7)=C8C=CSC8=C6C9=CC=C(CCC(CCCC)CC)S9)S5)=C3C%10=CC=CS%10||[F]C1=CC2=C(C(/C(C2=O)=C/C3=CC4=C(S3)C(C(C5=CC=C(C=C5)CCCCCC)(C6=CC7=C(C(C8=CC=C(CCCCCC)C=C8)(C9=C7SC%10=C9SC(/C=C%11C(C(C=CC=C%12)=C%12C\%11=C(C#N)/C#N)=O)=C%10)C%13=CC=C(CCCCCC)C=C%13)C=C6%14)C%15=CC=C(C=C%15)CCCCCC)=C%14S4)=C(C#N)/C#N)C=C1[F],6f31f3770fd225e382586e20513744e11a328b7cc74c758d48628417c600a02b,b47d5c36af270bdf3be98e96544e96b75701734a6fecebce71767f73969b5fb6,8dd99805d150c5d5f760aab7c61f4e954a4e4c5ac43b322d4b4dee5ba6b325e0,d0724a65b59627a7058cde065881b8f5dfafe4880c36b027c1d87b2f9c3367ab,869e1badb4f6c33738fb498b700daf5c54f65dc0d61b8ec83bf238bf2b3d5158,654,961,609,301
318,in-house,362,FC(C=C(C1=C2SC=CC2=C(C3=CC(F)=C(CC(CCCC)CC)S3)C4=C1C=C(C5=CC=C(C6=C(C(C(C7=C(CC(CCCC)CC)SC(CC(CC)CCCC)=C78)=O)=C(C9=CC=CC9)S6)C8=O)S5)S4)S%10)=C%10CC(CC)CCCC,O=CC(S1)=C(CCCCCC)C=C1C(C(OCCCCCCCCCCCCCCCC)=C2)=CC(OCCCCCCCCCCCCCCCC)=C2C3=CC(CCCCCC)=C(S3)C=O,10.27,FC(C=C(C1=C2SC=CC2=C(C3=CC(F)=C(CC(CCCC)CC)S3)C4=C1C=C(C5=CC=C(C6=C(C(C(C7=C(CC(CCCC)CC)SC(CC(CC)CCCC)=C78)=O)=C(C9=CC=CC9)S6)C8=O)S5)S4)S%10)=C%10CC(CC)CCCC||O=CC(S1)=C(CCCCCC)C=C1C(C(OCCCCCCCCCCCCCCCC)=C2)=CC(OCCCCCCCCCCCCCCCC)=C2C3=CC(CCCCCC)=C(S3)C=O,61eee9608e36bdb1d3a96a3ad1baa39916f3a546e29d11481966a5a2d3d30f3c,1fac2bcdbb52026e5bf7052c26060fe44e7fbcf617f905a07de50d4d08185f02,921a98376fd033faa9e333ad75128705adaaccc288a97c1aebca2280358d026b,b148a36776f585b2da9cf10c910db10801789aa6d9e76b71b3d6433ab0729051,3005a6fc0726fab0454a94c95bc833061f4e3e487e0c00bd99ade2afc25024bc,667,804,218,302
319,in-house,363,CC1=CC2=C(C(C(C3=CC=C(S3)CC(CCCC)CC)=C4SC(C=C5C(S6)=CC=C6C(C7=NN(CCCCCCCC)N=C87)=C(C(N(C9=O)CCCCCCCC)=O)C9=C8C%10=CC=C(C)S%10)=C(S5)C4=C%11C%12=CC=C(S%12)CC(CCCC)CC)=C%11S2)S1,c12cc3c(cc1C(c1c2sc2c1sc(c2)/C=C\1/C(=C(C#N)C#N)c2c(C1=O)cccc2)(c1ccc(cc1)CCCCCC)c1ccc(cc1)CCCCCC)c1c(C3(c2ccc(cc2)CCCCCC)c2ccc(cc2)CCCCCC)c2c(s1)cc(s2)/C=C\1/C(=C(C#N)C#N)c2c(C1=O)cccc2,10.24,CC1=CC2=C(C(C(C3=CC=C(S3)CC(CCCC)CC)=C4SC(C=C5C(S6)=CC=C6C(C7=NN(CCCCCCCC)N=C87)=C(C(N(C9=O)CCCCCCCC)=O)C9=C8C%10=CC=C(C)S%10)=C(S5)C4=C%11C%12=CC=C(S%12)CC(CCCC)CC)=C%11S2)S1||c12cc3c(cc1C(c1c2sc2c1sc(c2)/C=C\1/C(=C(C#N)C#N)c2c(C1=O)cccc2)(c1ccc(cc1)CCCCCC)c1ccc(cc1)CCCCCC)c1c(C3(c2ccc(cc2)CCCCCC)c2ccc(cc2)CCCCCC)c2c(s1)cc(s2)/C=C\1/C(=C(C#N)C#N)c2c(C1=O)cccc2,47b3edf6344c3e65cf1d111b002f4b9fc13430d20d21dfbf76af9b2cba9c5de0,202f8607af2cecb83e86b2e4305f8c7e2852bc709bb805b9055691d46a9081c5,3f50416095ec39ee246eebffb38538b22404e113bb31ed643e88a161fd39dc48,4bdbfd7b38e4030ea504ea7b1bdec5084a7bc73adb4fd4020e9016ccd8c3c423,c74a667d48201ee639964dae6dde487cdf45a75ee552dd3e9feb6245b08e0839,284,363,913,303
320,in-house,365,O=C(C1=C(CCC(CCCC)CC)SC(CCC(CC)CCCC)=C1C2=O)C(C2=C(C3)C(C4)=CC=C4C5=CC6=C(C(C7=CC=C(CCC(CCCC)CC)S7)=C8C=CSC8=C6C9=CC=C(CCC(CCCC)CC)S9)S5)=C3C%10=CC=CS%10,O=C(C(C=C(C(F)=C1)F)=C1C/2=C(C#N)/C#N)C2=C/C3=CC(S4)=C(S3)C=C4C5=C(OCCCCCCCC)C6=C(C(C=C(C(C7=CC=C(CCCCCC)C=C7)(C8=CC=C(CCCCCC)C=C8)C9=C%10SC(C%11=CC%12=C(S%11)C=C(/C=C%13C(C(C=C(C(F)=C%14)F)=C%14C\%13=C(C#N)\C#N)=O)S%12)=C9OCCCCCCCC)C%10=C%15)=C%15C6(C%16=CC=C(CCCCCC)C=C%16)C%17=CC=C(CCCCCC)C=C%17)S5,10.21,O=C(C1=C(CCC(CCCC)CC)SC(CCC(CC)CCCC)=C1C2=O)C(C2=C(C3)C(C4)=CC=C4C5=CC6=C(C(C7=CC=C(CCC(CCCC)CC)S7)=C8C=CSC8=C6C9=CC=C(CCC(CCCC)CC)S9)S5)=C3C%10=CC=CS%10||O=C(C(C=C(C(F)=C1)F)=C1C/2=C(C#N)/C#N)C2=C/C3=CC(S4)=C(S3)C=C4C5=C(OCCCCCCCC)C6=C(C(C=C(C(C7=CC=C(CCCCCC)C=C7)(C8=CC=C(CCCCCC)C=C8)C9=C%10SC(C%11=CC%12=C(S%11)C=C(/C=C%13C(C(C=C(C(F)=C%14)F)=C%14C\%13=C(C#N)\C#N)=O)S%12)=C9OCCCCCCCC)C%10=C%15)=C%15C6(C%16=CC=C(CCCCCC)C=C%16)C%17=CC=C(CCCCCC)C=C%17)S5,6f31f3770fd225e382586e20513744e11a328b7cc74c758d48628417c600a02b,e6800585bbbe14622771aeff606632effa56767c0921d6d04cc6006ee7219bca,371296e98a0568f6c17c1b48fbaadc1871c19e3c50616ea3073583802eceb988,06b05e430133e4e949283cffb4dadfd2868f8e8605fd7ef87da21d7ff463d423,fdce6bba8c1ebedf25e37c28f57ee6c87676677bf444567f66cec180db143ffb,241,32,1184,304
321,in-house,366,FC1=C(C(OCC(CCCC)CC)=O)SC2=CSC(C3=CC4=C(C5=C(C(C6=CC=C(CC(CC)CCCC)S6)=C4S3)C=CS5)C7=CC=C(CC(CC)CCCC)S7)=C12,O=C(C1=CC(F)=C(F)C=C1C/2=C(C#N)\C#N)C2=C/C3=CC(OCC(CC)CCCC)=C(C4=CC5=C(C6=CC7=C(C8=C(C7(C9=CC=C(C=C9)CCCCCC)C%10=CC=C(C=C%10)CCCCCC)C=C(C%11=C(OCC(CC)CCCC)C=C(/C=C%12C(C%13=CC(F)=C(F)C=C%13C\%12=C(C#N)\C#N)=O)S%11)S8)C=C6C5(C%14=CC=C(C=C%14)CCCCCC)C%15=CC=C(C=C%15)CCCCCC)S4)S3,10.2,FC1=C(C(OCC(CCCC)CC)=O)SC2=CSC(C3=CC4=C(C5=C(C(C6=CC=C(CC(CC)CCCC)S6)=C4S3)C=CS5)C7=CC=C(CC(CC)CCCC)S7)=C12||O=C(C1=CC(F)=C(F)C=C1C/2=C(C#N)\C#N)C2=C/C3=CC(OCC(CC)CCCC)=C(C4=CC5=C(C6=CC7=C(C8=C(C7(C9=CC=C(C=C9)CCCCCC)C%10=CC=C(C=C%10)CCCCCC)C=C(C%11=C(OCC(CC)CCCC)C=C(/C=C%12C(C%13=CC(F)=C(F)C=C%13C\%12=C(C#N)\C#N)=O)S%11)S8)C=C6C5(C%14=CC=C(C=C%14)CCCCCC)C%15=CC=C(C=C%15)CCCCCC)S4)S3,2249a87c8fc0450476e55f070a85b71ffa6beb368356c28f1302bad8bac422cb,0a6189846e89cf828a3f20d50d9d712b7538b2d40776aced38f06bfa2a63caa3,ef2a3f1a57f973a4decc367338259a9f1c7a8e9b3698a6d541b94658513eb148,4b210cb77cd34f5fab88cccba999c877ae7d5c71a1d7c666ac12384dbcff512f,e0f78589b4d54979baeeca807f6bdd933cf7e233ad32b8a64ed9dfd7905fbe2c,1126,358,1044,94
322,in-house,367,FC1=C(C(OCC(CCCC)CC)=O)SC2=CSC(C3=CC4=C(C5=C(C(C6=CC=C(CC(CC)CCCC)S6)=C4S3)C=CS5)C7=CC=C(CC(CC)CCCC)S7)=C12,O=C(C1=CC(F)=C(C=C1C/2=C(C#N)\C#N)F)C2=C/C3=CC(OCC(CCCC)CC)=C(C4=CC5=C(C6=C(C5(CC(CCCC)CC)CC(CC)CCCC)C=C(C7=C(CC(CCCC)CC)C=C(/C=C8C(C9=CC(F)=C(C=C9C\8=C(C#N)\C#N)F)=O)S7)S6)S4)S3,10.2,FC1=C(C(OCC(CCCC)CC)=O)SC2=CSC(C3=CC4=C(C5=C(C(C6=CC=C(CC(CC)CCCC)S6)=C4S3)C=CS5)C7=CC=C(CC(CC)CCCC)S7)=C12||O=C(C1=CC(F)=C(C=C1C/2=C(C#N)\C#N)F)C2=C/C3=CC(OCC(CCCC)CC)=C(C4=CC5=C(C6=C(C5(CC(CCCC)CC)CC(CC)CCCC)C=C(C7=C(CC(CCCC)CC)C=C(/C=C8C(C9=CC(F)=C(C=C9C\8=C(C#N)\C#N)F)=O)S7)S6)S4)S3,2249a87c8fc0450476e55f070a85b71ffa6beb368356c28f1302bad8bac422cb,d9c2b5ccfd17eed0deee5be55d6b3126d6cbab3cb2b09cb5a3cf0d98e3ef3d77,b951484443bf29d963d0c35dae303b30a799cd9920974826a95b55832f1c4a0f,11e7a45e1d39a135c23c494a97f1684a92fd78e8592b365dfc8bbefeab614c90,f86ebbaccebdc9533596b5dd95fad5e4321aa94e026b926f33939bcedff7cfb3,874,87,1161,305
323,in-house,368,CC1=C(C)C(Cl)=C(C2=CC3=C(C(C4=CC(Cl)=C(CCCCCCCC)S4)=C5C=C(C)SC5=C3C6=CC(Cl)=C(CCCCCCCC)S6)S2)S1,c1(cc2c(cc1F)C(=O)/C(=C\c1cc3c(s1)c1c(s3)c3c(C1(c1ccc(cc1)CCCCCC)c1ccc(cc1)CCCCCC)cc1c(c3)C(c3c1sc1c3sc(c1)/C=C/1\C(=O)c3c(C1=C(C#N)C#N)cc(c(c3)F)F)(c1ccc(cc1)CCCCCC)c1ccc(cc1)CCCCCC)/C2=C(C#N)C#N)F,10.2,CC1=C(C)C(Cl)=C(C2=CC3=C(C(C4=CC(Cl)=C(CCCCCCCC)S4)=C5C=C(C)SC5=C3C6=CC(Cl)=C(CCCCCCCC)S6)S2)S1||c1(cc2c(cc1F)C(=O)/C(=C\c1cc3c(s1)c1c(s3)c3c(C1(c1ccc(cc1)CCCCCC)c1ccc(cc1)CCCCCC)cc1c(c3)C(c3c1sc1c3sc(c1)/C=C/1\C(=O)c3c(C1=C(C#N)C#N)cc(c(c3)F)F)(c1ccc(cc1)CCCCCC)c1ccc(cc1)CCCCCC)/C2=C(C#N)C#N)F,4e77efcbdcac8c0b75c893518c57c231d17b2df8d41ed525b661c17c13395fe7,69e17d1724b4236f68d0c6efb6ad16969f13f8980d301d0056747038b20f0c8d,8707dd76590635f9f017ec43392cdf1c8965cfed92f29adb638e18f8c15f8be2,cd2545c370b4a055bdb459c28006f830e3cb31921fc9fae5803bb2afb0169703,77e16288e2d8f3e1d4cbacb3134e6b49bb3529de4d1c95d95150204e4185c581,618,945,538,306
324,in-house,369,FC(C=C1C2=C(OCCCCCCCC)C(OCCCCCCCC)=C(C)C3=NON=C23)=C(S1)C4=C(F)C=C(C)S4,c1(cc2c(cc1F)C(=C(C#N)C#N)/C(=C\c1sc3c(c1)sc1c3C(c3c1cc1c(c3)c3c(C1(c1ccc(cc1)CCCCCC)c1ccc(cc1)CCCCCC)c1c(s3)cc(s1)/C=C/1\C(=C(C#N)C#N)c3c(C1=O)cc(c(c3)F)F)(c1ccc(cc1)CCCCCC)c1ccc(cc1)CCCCCC)/C2=O)F,10.2,FC(C=C1C2=C(OCCCCCCCC)C(OCCCCCCCC)=C(C)C3=NON=C23)=C(S1)C4=C(F)C=C(C)S4||c1(cc2c(cc1F)C(=C(C#N)C#N)/C(=C\c1sc3c(c1)sc1c3C(c3c1cc1c(c3)c3c(C1(c1ccc(cc1)CCCCCC)c1ccc(cc1)CCCCCC)c1c(s3)cc(s1)/C=C/1\C(=C(C#N)C#N)c3c(C1=O)cc(c(c3)F)F)(c1ccc(cc1)CCCCCC)c1ccc(cc1)CCCCCC)/C2=O)F,efb8140f8bda03dced56a2c03d1b9178b4cd7aa74b34212681758769228d9eab,69e17d1724b4236f68d0c6efb6ad16969f13f8980d301d0056747038b20f0c8d,2d812eea203870f16a90eb981e104945a21b36ecf9f1855ad5bab8d260cd0ae0,7748aa66b233b6ad5f9b255b50beb1945fae4c44f3e92e553f5dc6cab5654096,b4b4139581764d6928ece43361ed3017330c5a6230efc740c8bf03432ab44641,199,575,834,307
325,in-house,371,O=C(C1=C(CCC(CCCC)CC)SC(CCC(CC)CCCC)=C1C2=O)C(C2=C(C3)C(C4)=CC=C4C5=CC6=C(C(C7=CC=C(CCC(CCCC)CC)S7)=C8C=CSC8=C6C9=CC=C(CCC(CCCC)CC)S9)S5)=C3C%10=CC=CS%10,O=C(C1=C(C=C(Cl)C(Cl)=C1)C/2=C(C#N)\C#N)C2=C/C3=CC(C4(CC(CC)CCCC)CC(CC)CCCC)=C(S3)C(S5)=C4C=C5C(C6=NSN=C76)=CC=C7C8=CC9=C(C%10=C(C9(CC(CCC)CCCC)CC(CC)CCCC)C=C(/C=C%11C(C%12=C(C=C(Cl)C(Cl)=C%12)C\%11=C(C#N)\C#N)=O)S%10)S8,10.2,O=C(C1=C(CCC(CCCC)CC)SC(CCC(CC)CCCC)=C1C2=O)C(C2=C(C3)C(C4)=CC=C4C5=CC6=C(C(C7=CC=C(CCC(CCCC)CC)S7)=C8C=CSC8=C6C9=CC=C(CCC(CCCC)CC)S9)S5)=C3C%10=CC=CS%10||O=C(C1=C(C=C(Cl)C(Cl)=C1)C/2=C(C#N)\C#N)C2=C/C3=CC(C4(CC(CC)CCCC)CC(CC)CCCC)=C(S3)C(S5)=C4C=C5C(C6=NSN=C76)=CC=C7C8=CC9=C(C%10=C(C9(CC(CCC)CCCC)CC(CC)CCCC)C=C(/C=C%11C(C%12=C(C=C(Cl)C(Cl)=C%12)C\%11=C(C#N)\C#N)=O)S%10)S8,6f31f3770fd225e382586e20513744e11a328b7cc74c758d48628417c600a02b,ecca12b886f1a6da9f22f23a538d8d63f4f5a3848ccea19d72d59ddb82a5e598,9ea2f56ba25d4dd613e4b5ddc6efbf1bcb998cd69102911469a23e2724d9baab,4a7741c5c7336610a6d22311ef9a970b689e5a97b35d47ea11296ca96b08ee1c,a12225afb720d4ce6c87acb4d4060cb620a8e6a8c2f2345c7162795b9ca98b82,724,353,735,308
326,in-house,372,O=C(C1=C(CC(CCCC)CC)SC(CC(CCCC)CC)=C12)C3=C(C4=CC=CS4)SC(C(S5)=CC=C5C6=CC7=C(C8=CC=C(CC(CCCC)CCCCCC)C=C8)C(SC=C9)=C9C(C%10=CC=C(CC(CCCCCC)CCCC)C=C%10)=C7S6)=C3C2=O,O=C(C(C=C(C=CC=C1)C1=C2)=C2C/3=C(C#N)\C#N)C3=C/C4=CC(C5(C6=CC=C(CCCCCC)C=C6)C7=CC=C(CCCCCC)C=C7)=C(C8=CC9=C(C%10=C(C9(C%11=CC=C(C=C%11)CCCCCC)C%12=CC=C(C=C%12)CCCCCC)C=C(/C=C%13C(C(C=C(C=CC=C%14)C%14=C%15)=C%15C\%13=C(C#N)\C#N)=O)S%10)C=C85)[Se]4,10.2,O=C(C1=C(CC(CCCC)CC)SC(CC(CCCC)CC)=C12)C3=C(C4=CC=CS4)SC(C(S5)=CC=C5C6=CC7=C(C8=CC=C(CC(CCCC)CCCCCC)C=C8)C(SC=C9)=C9C(C%10=CC=C(CC(CCCCCC)CCCC)C=C%10)=C7S6)=C3C2=O||O=C(C(C=C(C=CC=C1)C1=C2)=C2C/3=C(C#N)\C#N)C3=C/C4=CC(C5(C6=CC=C(CCCCCC)C=C6)C7=CC=C(CCCCCC)C=C7)=C(C8=CC9=C(C%10=C(C9(C%11=CC=C(C=C%11)CCCCCC)C%12=CC=C(C=C%12)CCCCCC)C=C(/C=C%13C(C(C=C(C=CC=C%14)C%14=C%15)=C%15C\%13=C(C#N)\C#N)=O)S%10)C=C85)[Se]4,826e531b71e4c0ef06b575364b50a339b3da70c19584a5cd5231c22bd6d85201,4c0b3b1832dbe874f59270da98457d1a6cd5e37d2ad7e7018579ee731b97f5d7,e329a699fdc904b7d55e917c79ffe9b4e053eb58ed76bb6404701444b80fdfe8,cc11c35c9ee780434d239f6d486a195e4f114fd59418defa27c2c94f264d9d98,61c2cb3e2803b0d9717fcf095fd7281884440967f94a2291eae30f5656fa6a42,1077,939,441,309
327,in-house,373,CCCCCCC1=C(C2=CC3=C(C4=C(C(C5=CC=C(CC(CC)CCCC)S5)=C3S2)C=CS4)C6=CC=C(CC(CCCC)CC)S6)SC(C7=C(C(C8=O)=C(C9=CC(CCCCCC)=CS9)S7)C(N8CCCCCCCC)=O)=C1,c12cc3c(cc1C(c1c2sc2c1sc(c2)/C=C\1/C(=C(C#N)C#N)c2c(C1=O)cccc2)(c1ccc(cc1)CCCCCC)c1ccc(cc1)CCCCCC)c1c(C3(c2ccc(cc2)CCCCCC)c2ccc(cc2)CCCCCC)c2c(s1)cc(s2)/C=C\1/C(=C(C#N)C#N)c2c(C1=O)cccc2,10.2,CCCCCCC1=C(C2=CC3=C(C4=C(C(C5=CC=C(CC(CC)CCCC)S5)=C3S2)C=CS4)C6=CC=C(CC(CCCC)CC)S6)SC(C7=C(C(C8=O)=C(C9=CC(CCCCCC)=CS9)S7)C(N8CCCCCCCC)=O)=C1||c12cc3c(cc1C(c1c2sc2c1sc(c2)/C=C\1/C(=C(C#N)C#N)c2c(C1=O)cccc2)(c1ccc(cc1)CCCCCC)c1ccc(cc1)CCCCCC)c1c(C3(c2ccc(cc2)CCCCCC)c2ccc(cc2)CCCCCC)c2c(s1)cc(s2)/C=C\1/C(=C(C#N)C#N)c2c(C1=O)cccc2,ca97edccf754ecc9978810579e60e36507daf44bdcaa5927347f8b308b77d182,202f8607af2cecb83e86b2e4305f8c7e2852bc709bb805b9055691d46a9081c5,ceb7b218d9051a54e5ca350f8e215b8f02bd0966a0c10808ca38286ab838367d,ffc2d4e8a040d14584b61bd6876ea0d6ec7037023ed460f1ee1cc7a49ec7ccd0,3a6314977519cee197a72ed95376102042fe8ce35a39b8fc7056fbce272a1014,983,1187,253,310
328,in-house,374,CC1=CC(C(C2=CC=C(C=C2)CC(CCCC)CC)=C3S4)=C(S1)C(C5=CC=C(C=C5)CC(CC)CCCC)=C3C=C4C(S6)=CC=C6C(C7=NN(N=C87)CCCCCCCC)=C(C(N(C9=O)CCCCCCCC)=O)C9=C8C%10=CC=C(C)S%10,c12cc3c(cc1C(c1c2sc2c1sc(c2)/C=C\1/C(=C(C#N)C#N)c2c(C1=O)cccc2)(c1ccc(cc1)CCCCCC)c1ccc(cc1)CCCCCC)c1c(C3(c2ccc(cc2)CCCCCC)c2ccc(cc2)CCCCCC)c2c(s1)cc(s2)/C=C\1/C(=C(C#N)C#N)c2c(C1=O)cccc2,10.19,CC1=CC(C(C2=CC=C(C=C2)CC(CCCC)CC)=C3S4)=C(S1)C(C5=CC=C(C=C5)CC(CC)CCCC)=C3C=C4C(S6)=CC=C6C(C7=NN(N=C87)CCCCCCCC)=C(C(N(C9=O)CCCCCCCC)=O)C9=C8C%10=CC=C(C)S%10||c12cc3c(cc1C(c1c2sc2c1sc(c2)/C=C\1/C(=C(C#N)C#N)c2c(C1=O)cccc2)(c1ccc(cc1)CCCCCC)c1ccc(cc1)CCCCCC)c1c(C3(c2ccc(cc2)CCCCCC)c2ccc(cc2)CCCCCC)c2c(s1)cc(s2)/C=C\1/C(=C(C#N)C#N)c2c(C1=O)cccc2,9b5336f012e34ed1875feba75c398f9e861dbb2dac095e2b65eaa7c3e3217c54,202f8607af2cecb83e86b2e4305f8c7e2852bc709bb805b9055691d46a9081c5,9032367a5de6023f3e1606009347cc1e02a092e0b823de38454384b1059ce3fc,e0c0efe235576d058a0407d035b4cb38abcc7309ef7261447dfa41804bd6eca5,e6c88e529c5433c6e1b3a85e98e6dbd4b7c8a48d06bf86f47e39e623d45aa85f,663,1033,1074,311
329,in-house,375,O=C(C1=C(CC(CCCC)CC)SC(CC(CCCC)CC)=C12)C3=C(C4=CC=CS4)SC(C(S5)=CC=C5C6=CC7=C(C8=CC=C(CC(CCCC)CCCCCC)C=C8)C(SC=C9)=C9C(C%10=CC=C(CC(CCCCCC)CCCC)C=C%10)=C7S6)=C3C2=O,O=C(C1=C(C=C(F)C=C1)C/2=C(C#N)\C#N)C2=C/C3=CC(C4(C5=CC=C(C=C5)CCCCCC)C(C=C6)=CC=C6CCCCCC)=C(C(C=C7C8(C9=CC=C(CCCCCC)C=C9)C%10=CC=C(CCCCCC)C=C%10)=C4C=C7C%11=C8C%12=C(C=C(/C=C%13/C(C%14=C(C%13=O)C=C(C=C%14)F)=C(C#N)/C#N)S%12)S%11)S3,10.17,O=C(C1=C(CC(CCCC)CC)SC(CC(CCCC)CC)=C12)C3=C(C4=CC=CS4)SC(C(S5)=CC=C5C6=CC7=C(C8=CC=C(CC(CCCC)CCCCCC)C=C8)C(SC=C9)=C9C(C%10=CC=C(CC(CCCCCC)CCCC)C=C%10)=C7S6)=C3C2=O||O=C(C1=C(C=C(F)C=C1)C/2=C(C#N)\C#N)C2=C/C3=CC(C4(C5=CC=C(C=C5)CCCCCC)C(C=C6)=CC=C6CCCCCC)=C(C(C=C7C8(C9=CC=C(CCCCCC)C=C9)C%10=CC=C(CCCCCC)C=C%10)=C4C=C7C%11=C8C%12=C(C=C(/C=C%13/C(C%14=C(C%13=O)C=C(C=C%14)F)=C(C#N)/C#N)S%12)S%11)S3,826e531b71e4c0ef06b575364b50a339b3da70c19584a5cd5231c22bd6d85201,84f3f51739087118e5b0854d9bcc923d53c7a278c9af3962449e061c9400137d,32174e92dc4cda3937fdcdce2d736b440079b15e7db5440596c9a59eaa0b5896,9facf3cd6b66958a3145fe98f129ef96243befa7a1d93ec83cf2f3501d8d2098,1a6b687557c6cee758ab9e01f3be944c99ce169399816ba2c3c8bd09f54329ab,223,746,113,312
330,in-house,376,FC1=C(C(OCC(CCCC)CC)=O)SC2=CSC(C3=CC4=C(C5=C(C(C6=CC=C(CC(CC)CCCC)S6)=C4S3)C=CS5)C7=CC=C(CC(CC)CCCC)S7)=C12,c1c(c2c(c(c1)c1ccc3c(c1)C(c1c3c3c(c4c1c1c(C4(CCCC)CCCC)cc(cc1)c1ccc(c4c1nsn4)/C=c/1\sc(=C(C#N)C#N)n(c1=O)CC)c1c(C3(CCCC)CCCC)cc(cc1)c1ccc(c3c1nsn3)/C=c/1\sc(=C(C#N)C#N)n(c1=O)CC)(CCCC)CCCC)nsn2)/C=c/1\sc(=C(C#N)C#N)n(c1=O)CC,10.15,FC1=C(C(OCC(CCCC)CC)=O)SC2=CSC(C3=CC4=C(C5=C(C(C6=CC=C(CC(CC)CCCC)S6)=C4S3)C=CS5)C7=CC=C(CC(CC)CCCC)S7)=C12||c1c(c2c(c(c1)c1ccc3c(c1)C(c1c3c3c(c4c1c1c(C4(CCCC)CCCC)cc(cc1)c1ccc(c4c1nsn4)/C=c/1\sc(=C(C#N)C#N)n(c1=O)CC)c1c(C3(CCCC)CCCC)cc(cc1)c1ccc(c3c1nsn3)/C=c/1\sc(=C(C#N)C#N)n(c1=O)CC)(CCCC)CCCC)nsn2)/C=c/1\sc(=C(C#N)C#N)n(c1=O)CC,2249a87c8fc0450476e55f070a85b71ffa6beb368356c28f1302bad8bac422cb,a222cc557aecf625c4e545abe4e40ffb0793f72ebace37d4abe040cc1b9df824,1b658d46b79618f53e3cbce363e33f2470b1bd03d77df460de71e8e1ca5be3b2,21ca568fe29ad99369f07c6a3c73f7894f9f2e7e9e86badc0871e5ee24dbc7a5,5ab220271ca0dd30f5d901679d180914cb38eec749f4087eb876f7cb165e0568,132,159,405,313
331,in-house,377,CC(S1)=CC=C1C(C2=NN(CC(CCCCCCCC)CCCCCC)N=C32)=C(F)C(F)=C3C4=CC=C(C(S5)=CC(C5=C6C7=CC=C(SCC(CCCC)CCCCCC)S7)=C(C8=CC=C(SCC(CCCC)CCCCCC)S8)C9=C6C=C(C)S9)S4,O=C(C(C=C(C=CC=C1)C1=C2)=C2C/3=C(C#N)\C#N)C3=C\C4=CC(C(C5=CC=C(CCCCCC)C=C5)(C6=CC=C(CCCCCC)C=C6)C7=C8SC9=C7C(C%10=CC=C(C=C%10)SCC(CC)CCCC)=C%11SC(C%12=C(C%13(C%14=CC=C(CCCCCC)C=C%14)C%15=CC=C(CCCCCC)C=C%15)C=C(/C=C%16C(C(C=C(C=CC=C%17)C%17=C%18)=C%18C/%16=C(C#N)/C#N)=O)S%12)=C%13C%11=C9C%19=CC=C(C=C%19)SCC(CCCC)CC)=C8S4,10.14,CC(S1)=CC=C1C(C2=NN(CC(CCCCCCCC)CCCCCC)N=C32)=C(F)C(F)=C3C4=CC=C(C(S5)=CC(C5=C6C7=CC=C(SCC(CCCC)CCCCCC)S7)=C(C8=CC=C(SCC(CCCC)CCCCCC)S8)C9=C6C=C(C)S9)S4||O=C(C(C=C(C=CC=C1)C1=C2)=C2C/3=C(C#N)\C#N)C3=C\C4=CC(C(C5=CC=C(CCCCCC)C=C5)(C6=CC=C(CCCCCC)C=C6)C7=C8SC9=C7C(C%10=CC=C(C=C%10)SCC(CC)CCCC)=C%11SC(C%12=C(C%13(C%14=CC=C(CCCCCC)C=C%14)C%15=CC=C(CCCCCC)C=C%15)C=C(/C=C%16C(C(C=C(C=CC=C%17)C%17=C%18)=C%18C/%16=C(C#N)/C#N)=O)S%12)=C%13C%11=C9C%19=CC=C(C=C%19)SCC(CCCC)CC)=C8S4,40564853f4ed37b96eff95ced732e076e847dfc607b73dc305f6ef354c6ebb08,5355c1397adf88c9e98719700f7ae56ff1b9e7f058930fcba5d25282ad610a02,e0b23e2a8142bc099fab8dd867ec7f633d4ab38ef89108783798cae8683f3a09,ca5d8225d48aad368c1eb98824268903a2907aba82bf374af403059538d70559,5bb234916040e175988f44378b07eb5ebc08191441e24d061ef551422abd53ca,1067,930,411,314
332,in-house,378,O=C(C1=C(CCC(CCCC)CC)SC(CCC(CC)CCCC)=C1C2=O)C(C2=C(C3)C(C4)=CC=C4C5=CC6=C(C(C7=CC=C(CCC(CCCC)CC)S7)=C8C=CSC8=C6C9=CC=C(CCC(CCCC)CC)S9)S5)=C3C%10=CC=CS%10,FC(C=C1C2=CC(C3(CC(CCCC)CC)CC(CCCC)CC)=C(S2)C(S4)=C3C=C4/C=C(C(C5=CC([H])=C(C=C56)[H])=O)/C6=C(C#N)/C#N)=C(C=C1F)C7=CC8=C(C9=C(C8(CC(CCCC)CC)CC(CCCC)CC)C=C(/C=C%10C(C%11=CC([H])=C(C=C%11C\%10=C(C#N)\C#N)[H])=O)S9)S7,10.14,O=C(C1=C(CCC(CCCC)CC)SC(CCC(CC)CCCC)=C1C2=O)C(C2=C(C3)C(C4)=CC=C4C5=CC6=C(C(C7=CC=C(CCC(CCCC)CC)S7)=C8C=CSC8=C6C9=CC=C(CCC(CCCC)CC)S9)S5)=C3C%10=CC=CS%10||FC(C=C1C2=CC(C3(CC(CCCC)CC)CC(CCCC)CC)=C(S2)C(S4)=C3C=C4/C=C(C(C5=CC([H])=C(C=C56)[H])=O)/C6=C(C#N)/C#N)=C(C=C1F)C7=CC8=C(C9=C(C8(CC(CCCC)CC)CC(CCCC)CC)C=C(/C=C%10C(C%11=CC([H])=C(C=C%11C\%10=C(C#N)\C#N)[H])=O)S9)S7,6f31f3770fd225e382586e20513744e11a328b7cc74c758d48628417c600a02b,4487d83c68fc5795ef17f1e4dca84a002509182c1d6648ae33d44cbb6f1ce7c6,52c27669243a28cf1181ccc75962e2e18bc89cf8d564f5819ecb21be69a799c5,2e91a245356ff28776986d5f8b338bfe8eb425e5a3e36d103034cfe1871c7f91,6b0f98c76e2ea36a6a0172ac08c68df2c95cb58912495babaf520c9d7b60c70d,376,230,486,315
333,in-house,379,CC1=CC=C(S1)C2=CC=C(C(F)=C2F)C3=CC=C(S3)C4=C(CC(CCCCCCCCCCCC)CCCCCCCCCC)C=C(C5=C(C(F)=C(C6=NN(N=C56)CCC)C7=CC(CC(CCCCCCCCCC)CCCCCCCCCCCC)=C(S7)C)F)S4,c12cc3c(cc1C(c1c2sc2c1sc(c2)/C=C\1/C(=C(C#N)C#N)c2c(C1=O)cccc2)(c1ccc(cc1)CCCCCC)c1ccc(cc1)CCCCCC)c1c(C3(c2ccc(cc2)CCCCCC)c2ccc(cc2)CCCCCC)c2c(s1)cc(s2)/C=C\1/C(=C(C#N)C#N)c2c(C1=O)cccc2,10.13,CC1=CC=C(S1)C2=CC=C(C(F)=C2F)C3=CC=C(S3)C4=C(CC(CCCCCCCCCCCC)CCCCCCCCCC)C=C(C5=C(C(F)=C(C6=NN(N=C56)CCC)C7=CC(CC(CCCCCCCCCC)CCCCCCCCCCCC)=C(S7)C)F)S4||c12cc3c(cc1C(c1c2sc2c1sc(c2)/C=C\1/C(=C(C#N)C#N)c2c(C1=O)cccc2)(c1ccc(cc1)CCCCCC)c1ccc(cc1)CCCCCC)c1c(C3(c2ccc(cc2)CCCCCC)c2ccc(cc2)CCCCCC)c2c(s1)cc(s2)/C=C\1/C(=C(C#N)C#N)c2c(C1=O)cccc2,50751842c150480647ffcd5d01de53f701ea69ffc6517212af47da055926937f,202f8607af2cecb83e86b2e4305f8c7e2852bc709bb805b9055691d46a9081c5,ad5ccbb63b6aa1d92fc8b569dec754a162a7e9109ad84ab0ad773a5de0e9fccc,9c2f76083715d7f820ab20f8911f21fa6ad0db76f2e4f931a131d27e6f513226,542381694fbeac7b7891a4d435ae3a24f41493eb472bd746c65fcbff1442e396,807,727,379,316
334,in-house,380,O=C(C1=C(CCC(CCCC)CC)SC(CCC(CC)CCCC)=C1C2=O)C(C2=C(C3)C(C4)=CC=C4C5=CC6=C(C(C7=CC=C(CCC(CCCC)CC)S7)=C8C=CSC8=C6C9=CC=C(CCC(CCCC)CC)S9)S5)=C3C%10=CC=CS%10,N#C/C(C#N)=C1C(C=CC=C2)=C2C(C/1=C\C(S3)=CC(C4(CCCCCCCC)C5=CC=C(CCCCCC)C=C5)=C3C(C=C67)=C4C=C7C(SC(/C=C8C(C9=C(C\8=C(C#N)\C#N)C=CC=C9)=O)=C%10)=C%10C6(C%11=CC=C(CCCCCC)C=C%11)CCCCCCCC)=O,10.12,O=C(C1=C(CCC(CCCC)CC)SC(CCC(CC)CCCC)=C1C2=O)C(C2=C(C3)C(C4)=CC=C4C5=CC6=C(C(C7=CC=C(CCC(CCCC)CC)S7)=C8C=CSC8=C6C9=CC=C(CCC(CCCC)CC)S9)S5)=C3C%10=CC=CS%10||N#C/C(C#N)=C1C(C=CC=C2)=C2C(C/1=C\C(S3)=CC(C4(CCCCCCCC)C5=CC=C(CCCCCC)C=C5)=C3C(C=C67)=C4C=C7C(SC(/C=C8C(C9=C(C\8=C(C#N)\C#N)C=CC=C9)=O)=C%10)=C%10C6(C%11=CC=C(CCCCCC)C=C%11)CCCCCCCC)=O,6f31f3770fd225e382586e20513744e11a328b7cc74c758d48628417c600a02b,30b3649e9fcf05dc96728be3ba4dfb436e3c5e47fc28dd38071fc66d9135773a,405295e8f91a620b0c0f32a17096c8f825ab4640de6ab54c2ee45e60def2047c,074cd29d8c63ffec18ba85be6584d5c78e9164cd06950034e7f0f2178e5266b4,0668ce36d662cd6450ccd9304ad3eedbaf02e1e320b9a37d0beb4f523828b524,291,34,30,317
335,in-house,381,CC1=CC(C(C2=CC=C(S2)SC(CC)CCCC)=C3SC(C4=CC(C(OCC(CCCCCC)CCCC)=O)=C(S4)C5=CC=C(S5)C)=CC3=C6C7=CC=C(S7)SC(CCCC)CC)=C6S1,c12cc3c(cc1C(c1c2sc2c1sc(c2)/C=C\1/C(=C(C#N)C#N)c2c(C1=O)cccc2)(c1ccc(cc1)CCCCCC)c1ccc(cc1)CCCCCC)c1c(C3(c2ccc(cc2)CCCCCC)c2ccc(cc2)CCCCCC)c2c(s1)cc(s2)/C=C\1/C(=C(C#N)C#N)c2c(C1=O)cccc2,10.12,CC1=CC(C(C2=CC=C(S2)SC(CC)CCCC)=C3SC(C4=CC(C(OCC(CCCCCC)CCCC)=O)=C(S4)C5=CC=C(S5)C)=CC3=C6C7=CC=C(S7)SC(CCCC)CC)=C6S1||c12cc3c(cc1C(c1c2sc2c1sc(c2)/C=C\1/C(=C(C#N)C#N)c2c(C1=O)cccc2)(c1ccc(cc1)CCCCCC)c1ccc(cc1)CCCCCC)c1c(C3(c2ccc(cc2)CCCCCC)c2ccc(cc2)CCCCCC)c2c(s1)cc(s2)/C=C\1/C(=C(C#N)C#N)c2c(C1=O)cccc2,bf1fba1513a4ce6e0ec45f460ea6a278a985257daf89ac000e7478db01727b81,202f8607af2cecb83e86b2e4305f8c7e2852bc709bb805b9055691d46a9081c5,9db15ffe33f4addd96fba5a3f2794a7f10604a4e848d2ef1b7df45c21ade125d,cd07a91ca58ffa602eaa02e83779671be5e60b4b9297dc55750a83827f967add,1c9d8886f5956a338b91042d1233e3a76fafb0e875c06a9c697b2e72784ba5da,719,944,122,318
336,in-house,384,O=C(C1=C(SC(C2=CC=C(S2)C3=CC(C(C4=CC(F)=C(S4)SCCCCCCCC)=C5SC(C)=CC5=C6C7=CC(F)=C(S7)SCCCCCCCC)=C6S3)=C18)C9=CC=C(S9)C)C%10=C(SC(CCCCCCCC)=C%10C8=O)CCCCCCCC,O=C(C1=C(C=CC=C1)C/2=C(C#N)\C#N)C2=C/C3=CC(C4(C5=CC=C(CCCCCC)C=C5)C6=CC=C(CCCCCC)C=C6)=C(C7=C4C(C(C8=CC=C(S8)CC(CCCC)CC)=C9SC%10=C(C(C%11=CC=C(CCCCCC)C=C%11)(C%12=CC=C(CCCCCC)C=C%12)C%13=C%10SC(/C=C%14C(C%15=C(C=CC=C%15)C\%14=C(C#N)\C#N)=O)=C%13)C9=C%16C%17=CC=C(S%17)CC(CC)CCCC)=C%16S7)S3,10.1,O=C(C1=C(SC(C2=CC=C(S2)C3=CC(C(C4=CC(F)=C(S4)SCCCCCCCC)=C5SC(C)=CC5=C6C7=CC(F)=C(S7)SCCCCCCCC)=C6S3)=C18)C9=CC=C(S9)C)C%10=C(SC(CCCCCCCC)=C%10C8=O)CCCCCCCC||O=C(C1=C(C=CC=C1)C/2=C(C#N)\C#N)C2=C/C3=CC(C4(C5=CC=C(CCCCCC)C=C5)C6=CC=C(CCCCCC)C=C6)=C(C7=C4C(C(C8=CC=C(S8)CC(CCCC)CC)=C9SC%10=C(C(C%11=CC=C(CCCCCC)C=C%11)(C%12=CC=C(CCCCCC)C=C%12)C%13=C%10SC(/C=C%14C(C%15=C(C=CC=C%15)C\%14=C(C#N)\C#N)=O)=C%13)C9=C%16C%17=CC=C(S%17)CC(CC)CCCC)=C%16S7)S3,f99b7ce32848c40274f819691abe7f2348a9c079e1da0cb5c1ae130ebdd8408c,38d2024abe2e419ffc5b37cade8ebf33a4403119a58c17458c228c40829b7c78,e9453dd38b2ff9ee3baf623224903a0f57ce9bf30567409e6f4c65cb9cf95a89,8ea161eea51aa5e4b0ebd9e856b9997a9926c0524f13730d3afde852e4adeeae,32338ef76702a50dd6e0d2884a5ff14f1e66484832aa07c7db0e3ba551e5ae2d,1100,670,226,319
337,in-house,385,CC(S1)=C(CCCCC(CC)CC)C=C1C2=NC(S3)=C(S2)N=C3C4=CC(CCCCC(CC)CC)=C(S4)C5=CC(C(S5)=C(C6=C7SC(C)=C6)C8=CC(Cl)=C(S8)CC(CCCC)CC)=C7C9=CC(Cl)=C(CC(CC)CCCC)S9,c1(cc2c(cc1F)C(=O)/C(=C\c1cc3c(s1)c1c(s3)c3c(C1(c1ccc(cc1)CCCCCC)c1ccc(cc1)CCCCCC)cc1c(c3)C(c3c1sc1c3sc(c1)/C=C/1\C(=O)c3c(C1=C(C#N)C#N)cc(c(c3)F)F)(c1ccc(cc1)CCCCCC)c1ccc(cc1)CCCCCC)/C2=C(C#N)C#N)F,10.1,CC(S1)=C(CCCCC(CC)CC)C=C1C2=NC(S3)=C(S2)N=C3C4=CC(CCCCC(CC)CC)=C(S4)C5=CC(C(S5)=C(C6=C7SC(C)=C6)C8=CC(Cl)=C(S8)CC(CCCC)CC)=C7C9=CC(Cl)=C(CC(CC)CCCC)S9||c1(cc2c(cc1F)C(=O)/C(=C\c1cc3c(s1)c1c(s3)c3c(C1(c1ccc(cc1)CCCCCC)c1ccc(cc1)CCCCCC)cc1c(c3)C(c3c1sc1c3sc(c1)/C=C/1\C(=O)c3c(C1=C(C#N)C#N)cc(c(c3)F)F)(c1ccc(cc1)CCCCCC)c1ccc(cc1)CCCCCC)/C2=C(C#N)C#N)F,fc14ce45a09c3314c3446196c8f1fd54ab69e8e427badb3be53f4d9ea12ea9a3,69e17d1724b4236f68d0c6efb6ad16969f13f8980d301d0056747038b20f0c8d,c0915520dda7c0ce42062f1ebb06bddac5603860d47c1dd8d7173dc60745e871,1bda3a3749d52fc53e9bc117e383f3d1aacc2fbe29bcb777d712e085af10095f,99a3ed67fb9463652c979a6e94a896215bdc6d2137cedd7adac2226e42dbf5ca,915,138,694,320
338,in-house,388,FC1=C(C(OCC(CCCC)CC)=O)SC2=CSC(C3=CC4=C(C5=C(C(C6=CC=C(CC(CC)CCCC)S6)=C4S3)C=CS5)C7=CC=C(CC(CC)CCCC)S7)=C12,CCN(C/1=O)/C(SC1=C/C2=C3SC(C(OCCCCCCCC)=O)=CC3=C(C4=CC5=C(C6=CC(C(C7=C8SC(C9=C%10C=C(C(OCCCCCCCC)=O)SC%10=C(/C=C(C%11=O)\S/C(N%11CC)=C(C#N)/C#N)S9)=C7)(C%12=CC=C(CCCCCC)C=C%12)C%13=CC=C(CCCCCC)C=C%13)=C8C=C6C5(C%14=CC=C(CCCCCC)C=C%14)C%15=CC=C(C=C%15)CCCCCC)S4)S2)=C(C#N)/C#N,10.07,FC1=C(C(OCC(CCCC)CC)=O)SC2=CSC(C3=CC4=C(C5=C(C(C6=CC=C(CC(CC)CCCC)S6)=C4S3)C=CS5)C7=CC=C(CC(CC)CCCC)S7)=C12||CCN(C/1=O)/C(SC1=C/C2=C3SC(C(OCCCCCCCC)=O)=CC3=C(C4=CC5=C(C6=CC(C(C7=C8SC(C9=C%10C=C(C(OCCCCCCCC)=O)SC%10=C(/C=C(C%11=O)\S/C(N%11CC)=C(C#N)/C#N)S9)=C7)(C%12=CC=C(CCCCCC)C=C%12)C%13=CC=C(CCCCCC)C=C%13)=C8C=C6C5(C%14=CC=C(CCCCCC)C=C%14)C%15=CC=C(C=C%15)CCCCCC)S4)S2)=C(C#N)/C#N,2249a87c8fc0450476e55f070a85b71ffa6beb368356c28f1302bad8bac422cb,6308558cb1f38fc08de8933996776902f72fd92a825c1cb858eef5eee15f4070,b4b132e5b5351c1bad2bbb0161b1254807a28cb3edc784c300464fbf8d1778f1,ba19540f5ce855a906d62655c3c30d5b034409eae10aaef297304680e3fe3cb1,00f88d4cfbe7a5d0322b00c75517739e449db70c563b814198673ab0295b2719,845,849,5,321
339,in-house,390,O=C(C1=C(CCC(CCCC)CC)SC(CCC(CC)CCCC)=C1C2=O)C(C2=C(C3)C(C4)=CC=C4C5=CC6=C(C(C7=CC=C(CCC(CCCC)CC)S7)=C8C=CSC8=C6C9=CC=C(CCC(CCCC)CC)S9)S5)=C3C%10=CC=CS%10,c1ccc2c(c1)C(=C(C#N)C#N)/C(=C/c1cc3c(s1)c1c(C3(CCCCCCCC)CCCCCCCC)cc3c(c1)C(c1c3cc3c(c1)c1c(C3(CCCCCCCC)CCCCCCCC)cc(s1)/C=C/1\C(=O)c3c(C1=C(C#N)C#N)cccc3)(CCCCCCCC)CCCCCCCC)/C2=O,10.06,O=C(C1=C(CCC(CCCC)CC)SC(CCC(CC)CCCC)=C1C2=O)C(C2=C(C3)C(C4)=CC=C4C5=CC6=C(C(C7=CC=C(CCC(CCCC)CC)S7)=C8C=CSC8=C6C9=CC=C(CCC(CCCC)CC)S9)S5)=C3C%10=CC=CS%10||c1ccc2c(c1)C(=C(C#N)C#N)/C(=C/c1cc3c(s1)c1c(C3(CCCCCCCC)CCCCCCCC)cc3c(c1)C(c1c3cc3c(c1)c1c(C3(CCCCCCCC)CCCCCCCC)cc(s1)/C=C/1\C(=O)c3c(C1=C(C#N)C#N)cccc3)(CCCCCCCC)CCCCCCCC)/C2=O,6f31f3770fd225e382586e20513744e11a328b7cc74c758d48628417c600a02b,a6ee7eac000b55438368ee0be0ea7692e3d98de164d7b03c27c0579b9c98612f,d29f9c5fa7ffc524237d6a6476bc8b0cd885bb1ab11a5c1ace37ca0df625ab37,1e36190890eba7c0e188275c10c7ac47164c3f30fd31498eb936f33a00429b03,b8263ae601b90b00e6b6b8b63a2d6a59754a73a3afc214c5a76e3639e4faae29,1006,149,853,212
340,in-house,391,O=C(C1=C(CCC(CCCC)CC)SC(CCC(CC)CCCC)=C1C2=O)C(C2=C(C3)C(C4)=CC=C4C5=CC6=C(C(C7=CC=C(CCC(CCCC)CC)S7)=C8C=CSC8=C6C9=CC=C(CCC(CCCC)CC)S9)S5)=C3C%10=CC=CS%10,O=C(C1=CC=C([H])C=C1C/2=C(C#N)/C#N)C2=C/C3=CC4=C(S3)C5=CC6=C(C=C5C4(CCCCCCCC)CCCCCCCC)C7=C(C=C8C9=C(C=C(S9)/C=C%10C(C%11=CC=C([H])C=C%11C\%10=C(C#N)/C#N)=O)C(CCCCCCCC)(CCCCCCCC)C8=C7)C(CCCCCCCC)6CCCCCCCC,10.06,O=C(C1=C(CCC(CCCC)CC)SC(CCC(CC)CCCC)=C1C2=O)C(C2=C(C3)C(C4)=CC=C4C5=CC6=C(C(C7=CC=C(CCC(CCCC)CC)S7)=C8C=CSC8=C6C9=CC=C(CCC(CCCC)CC)S9)S5)=C3C%10=CC=CS%10||O=C(C1=CC=C([H])C=C1C/2=C(C#N)/C#N)C2=C/C3=CC4=C(S3)C5=CC6=C(C=C5C4(CCCCCCCC)CCCCCCCC)C7=C(C=C8C9=C(C=C(S9)/C=C%10C(C%11=CC=C([H])C=C%11C\%10=C(C#N)/C#N)=O)C(CCCCCCCC)(CCCCCCCC)C8=C7)C(CCCCCCCC)6CCCCCCCC,6f31f3770fd225e382586e20513744e11a328b7cc74c758d48628417c600a02b,a6ee7eac000b55438368ee0be0ea7692e3d98de164d7b03c27c0579b9c98612f,d29f9c5fa7ffc524237d6a6476bc8b0cd885bb1ab11a5c1ace37ca0df625ab37,1e36190890eba7c0e188275c10c7ac47164c3f30fd31498eb936f33a00429b03,b8263ae601b90b00e6b6b8b63a2d6a59754a73a3afc214c5a76e3639e4faae29,1006,149,853,212
341,in-house,392,O=C(C1=C(CCC(CCCC)CC)SC(CCC(CC)CCCC)=C1C2=O)C(C2=C(C3)C(C4)=CC=C4C5=CC6=C(C(C7=CC=C(CCC(CCCC)CC)S7)=C8C=CSC8=C6C9=CC=C(CCC(CCCC)CC)S9)S5)=C3C%10=CC=CS%10,O=C(C1=C(C=CC=C1)C/2=C(C#N)/C#N)C2=C/C3=CC(C4(C5=CC=C(C=C5)OCCCCCCCC)C6=CC=C(C=C6)OCCCCCCCC)=C(S3)C(C=C78)=C4C=C8C9=CC(C(C%10=CC=C(C=C%10)CCCCCCCCC)(C%11=C%12SC(/C=C%13C(C(C=CC=C%14)=C%14C\%13=C(C#N)/C#N)=O)=C%11)C%15=CC=C(C=C%15)OCCCCCCCC)=C%12C=C9N7CCCCCCCC,10.05,O=C(C1=C(CCC(CCCC)CC)SC(CCC(CC)CCCC)=C1C2=O)C(C2=C(C3)C(C4)=CC=C4C5=CC6=C(C(C7=CC=C(CCC(CCCC)CC)S7)=C8C=CSC8=C6C9=CC=C(CCC(CCCC)CC)S9)S5)=C3C%10=CC=CS%10||O=C(C1=C(C=CC=C1)C/2=C(C#N)/C#N)C2=C/C3=CC(C4(C5=CC=C(C=C5)OCCCCCCCC)C6=CC=C(C=C6)OCCCCCCCC)=C(S3)C(C=C78)=C4C=C8C9=CC(C(C%10=CC=C(C=C%10)CCCCCCCCC)(C%11=C%12SC(/C=C%13C(C(C=CC=C%14)=C%14C\%13=C(C#N)/C#N)=O)=C%11)C%15=CC=C(C=C%15)OCCCCCCCC)=C%12C=C9N7CCCCCCCC,6f31f3770fd225e382586e20513744e11a328b7cc74c758d48628417c600a02b,50666df5c0d901a9c34ba63546401b9c7ac8dc8ab4af0ebf5c4801b82aa4189a,097a5f125ff3b9c0565c9dc2fa520a98f762d6aef333196cc1a00d83ae339fe7,649d1510cf23c2f9c66e62195c7f78fac66a980d492b586dfb8fd2eeafe3ccee,4d34793860bfcd0d8a939a87e088ae70118ff04e5349b7c83a68f3f6fe40d3f3,40,479,339,322
342,in-house,393,FC(C(C1=C(OCCCCCCCCCCCC)C=C(C2=C(C(N(C3=O)CC(CCCCCC)CCCCCCCC)=O)C3=C(C)S2)S1)=C4)=CC(C5=C(OCCCCCCCCCCCC)C=C(C)S5)=C4F,c1(cc2c(cc1F)C(=O)/C(=C\c1cc3c(s1)c1c(s3)c3c(C1(c1ccc(cc1)CCCCCC)c1ccc(cc1)CCCCCC)cc1c(c3)C(c3c1sc1c3sc(c1)/C=C/1\C(=O)c3c(C1=C(C#N)C#N)cc(c(c3)F)F)(c1ccc(cc1)CCCCCC)c1ccc(cc1)CCCCCC)/C2=C(C#N)C#N)F,10.04,FC(C(C1=C(OCCCCCCCCCCCC)C=C(C2=C(C(N(C3=O)CC(CCCCCC)CCCCCCCC)=O)C3=C(C)S2)S1)=C4)=CC(C5=C(OCCCCCCCCCCCC)C=C(C)S5)=C4F||c1(cc2c(cc1F)C(=O)/C(=C\c1cc3c(s1)c1c(s3)c3c(C1(c1ccc(cc1)CCCCCC)c1ccc(cc1)CCCCCC)cc1c(c3)C(c3c1sc1c3sc(c1)/C=C/1\C(=O)c3c(C1=C(C#N)C#N)cc(c(c3)F)F)(c1ccc(cc1)CCCCCC)c1ccc(cc1)CCCCCC)/C2=C(C#N)C#N)F,0abdf14072aed8ed2cde776181e9cb8218d968c46dfb98e81ad582ab9a80a655,69e17d1724b4236f68d0c6efb6ad16969f13f8980d301d0056747038b20f0c8d,6598339406afbf3b27f79dc0459cc1d817aac6a56c778960836402c2f6d8e2a4,4f7975f84a783881712a09ed02b0d54097cf3b7ece1f42fb23dd9c85cf2ebfa8,8e20b1d8ce4d48cc2a9c948035dc93d62717b51452da844cfeeec43cda8a947a,458,381,639,323
343,in-house,395,O=C(C1=C(CCC(CCCC)CC)SC(CCC(CC)CCCC)=C1C2=O)C(C2=C(C3)C(C4)=CC=C4C5=CC6=C(C(C7=CC=C(CCC(CCCC)CC)S7)=C8C=CSC8=C6C9=CC=C(CCC(CCCC)CC)S9)S5)=C3C%10=CC=CS%10,[H]C1=CC2=C(C(/C(C2=O)=C/C3=C(C(OC)=C(C4=CC(SC5=C6C(C7=CC=C(C=C7)CCCCCC)(C8=C5C=C(C9=C8)C(C(C=C%10)=CC=C%10CCCCCC)(C%11=CC=C(CCCCCC)C=C%11)C%12=C9SC%13=C%12SC(C%14=C(OC)C(OC)=C(/C=C%15/C(C(C=C(F)C([H])=C%16)=C%16C%15=O)=C(C#N)/C#N)S%14)=C%13)C%17=CC=C(CCCCCC)C=C%17)=C6S4)S3)OC)=C(C#N)\C#N)C=C1F,10.04,O=C(C1=C(CCC(CCCC)CC)SC(CCC(CC)CCCC)=C1C2=O)C(C2=C(C3)C(C4)=CC=C4C5=CC6=C(C(C7=CC=C(CCC(CCCC)CC)S7)=C8C=CSC8=C6C9=CC=C(CCC(CCCC)CC)S9)S5)=C3C%10=CC=CS%10||[H]C1=CC2=C(C(/C(C2=O)=C/C3=C(C(OC)=C(C4=CC(SC5=C6C(C7=CC=C(C=C7)CCCCCC)(C8=C5C=C(C9=C8)C(C(C=C%10)=CC=C%10CCCCCC)(C%11=CC=C(CCCCCC)C=C%11)C%12=C9SC%13=C%12SC(C%14=C(OC)C(OC)=C(/C=C%15/C(C(C=C(F)C([H])=C%16)=C%16C%15=O)=C(C#N)/C#N)S%14)=C%13)C%17=CC=C(CCCCCC)C=C%17)=C6S4)S3)OC)=C(C#N)\C#N)C=C1F,6f31f3770fd225e382586e20513744e11a328b7cc74c758d48628417c600a02b,8e8b8df49425a0dc8d48da06efefee519a5ea106dda60c521e7847648020877d,6a0343389e99de53a3a7c7928d6c1ed1af8d3b6b5c5d41b273b708a9a7db3273,aea954a03bd4d813863126b56d3033b3628a43a893fd9670e07e84c1a422ae10,b6bf21a17f4b775dd158cc958aab2240b54a5b344ea02e7252cc84497f218ed8,481,796,844,324
344,in-house,396,O=C1C2=C(CC(CC)CCCC)SC(CC(CC)CCCC)=C2C(C3=C(C4=CC=C(C5=CC(C(C6=CC(F)=C(CC(CC)CCCC)S6)=C(SC=C7)C7=C8C9=CC(F)=C(CC(CC)CCCC)S9)=C8S5)S4)SC(C%10=CC=CS%10)=C31)=O,O=C1C2=C(C=CC(C)=C2)C(/C1=C/C(S3)=CC4=C3C(S5)=C(C4(C6=CC=C(CCCCCC)C=C6)C7=CC=C(CCCCCC)C=C7)C(C5=C8C9=CC(SC(CCC(CCCC)CC)=C%10)=C%10S9)=C(C%11=CC(SC(CC(CC)CCCC)=C%12)=C%12S%11)C%13=C8C(C%14(C%15=CC=C(CCCCCC)C=C%15)C%16=CC=CC(CCCCCC)=C%16)=C(S%13)C(S%17)=C%14C=C%17/C=C%18/C(C%19=C(C%18=O)C=C(C)C=C%19)=C(C#N)\C#N)=C(C#N)\C#N,10.04,O=C1C2=C(CC(CC)CCCC)SC(CC(CC)CCCC)=C2C(C3=C(C4=CC=C(C5=CC(C(C6=CC(F)=C(CC(CC)CCCC)S6)=C(SC=C7)C7=C8C9=CC(F)=C(CC(CC)CCCC)S9)=C8S5)S4)SC(C%10=CC=CS%10)=C31)=O||O=C1C2=C(C=CC(C)=C2)C(/C1=C/C(S3)=CC4=C3C(S5)=C(C4(C6=CC=C(CCCCCC)C=C6)C7=CC=C(CCCCCC)C=C7)C(C5=C8C9=CC(SC(CCC(CCCC)CC)=C%10)=C%10S9)=C(C%11=CC(SC(CC(CC)CCCC)=C%12)=C%12S%11)C%13=C8C(C%14(C%15=CC=C(CCCCCC)C=C%15)C%16=CC=CC(CCCCCC)=C%16)=C(S%13)C(S%17)=C%14C=C%17/C=C%18/C(C%19=C(C%18=O)C=C(C)C=C%19)=C(C#N)\C#N)=C(C#N)\C#N,65482d735aa1f382b817dd8d95b1689b39b0b3c26138949c2680844f1b1f5ea0,cdcd1d23d07e5406bc96ec9e74e0fe4e2fa22e3f599ba70baee968f748d6f754,1a094d4bc4eeccb3490e97d163b8e0732f1e8bd0b7aa1c8707b86b327ca66092,9bbbb379cbe85ea3a4c1ab74ff64ff82bd94c9ee1c044a19ae32dabfee9479c8,a342960bbaa4dd63cc4e5c15e17db487a4bf8cebb6ba20e7b10a2382796f1aa8,125,724,746,325
345,in-house,397,O=C(C1=C(CCC(CCCC)CC)SC(CCC(CC)CCCC)=C1C2=O)C(C2=C(C3)C(C4)=CC=C4C5=CC6=C(C(C7=CC=C(CCC(CCCC)CC)S7)=C8C=CSC8=C6C9=CC=C(CCC(CCCC)CC)S9)S5)=C3C%10=CC=CS%10,FC1=CC2=C(C(/C(C2=O)=C/C3=CC(OCC(CC)CCCC)=C(S3)C4=CC5=C(S4)C6=CC(C7(C8=CC=C(CCCCCC)C=C8)C9=CC=C(CCCCCC)C=C9)=C(C%10=C7C=C(S%10)C%11=C(OCC(CC)CCCC)C=C(S%11)/C=C(/C(C%12=C%13C=C(F)C(F)=C%12)=C(C#N)\C#N)C%13=O)C=C6C5(C%14=CC=C(CCCCCC)C=C%14)C%15=CC=C(CCCCCC)C=C%15)=C(C#N)/C#N)C=C1F,9.98,O=C(C1=C(CCC(CCCC)CC)SC(CCC(CC)CCCC)=C1C2=O)C(C2=C(C3)C(C4)=CC=C4C5=CC6=C(C(C7=CC=C(CCC(CCCC)CC)S7)=C8C=CSC8=C6C9=CC=C(CCC(CCCC)CC)S9)S5)=C3C%10=CC=CS%10||FC1=CC2=C(C(/C(C2=O)=C/C3=CC(OCC(CC)CCCC)=C(S3)C4=CC5=C(S4)C6=CC(C7(C8=CC=C(CCCCCC)C=C8)C9=CC=C(CCCCCC)C=C9)=C(C%10=C7C=C(S%10)C%11=C(OCC(CC)CCCC)C=C(S%11)/C=C(/C(C%12=C%13C=C(F)C(F)=C%12)=C(C#N)\C#N)C%13=O)C=C6C5(C%14=CC=C(CCCCCC)C=C%14)C%15=CC=C(CCCCCC)C=C%15)=C(C#N)/C#N)C=C1F,6f31f3770fd225e382586e20513744e11a328b7cc74c758d48628417c600a02b,0a6189846e89cf828a3f20d50d9d712b7538b2d40776aced38f06bfa2a63caa3,da92c6da1337fbe8ce12d7b550c237d97fcc3bf7db6f2150ec2cec0d3a4ecdf8,9949fc41fc62d17b12ff11a91daf733bf0e2d6df344787d66efb31b5206fed4e,a94934a06ea9ef8fa29d67ef5965d008842e78928867c74c0b7144bf13bd11b0,1036,717,780,326
346,in-house,398,O=C1C2=C(CC(CC)CCCC)SC(CC(CC)CCCC)=C2C(C3=C(C4=CC=C(C5=CC(C(C6=CC(F)=C(CC(CC)CCCC)S6)=C(SC=C7)C7=C8C9=CC(F)=C(CC(CC)CCCC)S9)=C8S5)S4)SC(C%10=CC=CS%10)=C31)=O,N#C/C(C#N)=C/C(C1=NSN=C21)=CC=C2C3=CC(SC4=C5C(C6=CC=C(CCCCCCCC)C=C6)(C(C=C7C8=C9C%10=C(C=C(S%10)C%11=CC=C(C%12=NSN=C%11%12)/C=C(C#N)\C#N)S8)=C4C=C7C9(C%13=CC=C(CCCCCCCC)C=C%13)C%14=CC=C(CCCCCCCC)C=C%14)C%15=CC=C(CCCCCCCC)C=C%15)=C5S3,9.95,O=C1C2=C(CC(CC)CCCC)SC(CC(CC)CCCC)=C2C(C3=C(C4=CC=C(C5=CC(C(C6=CC(F)=C(CC(CC)CCCC)S6)=C(SC=C7)C7=C8C9=CC(F)=C(CC(CC)CCCC)S9)=C8S5)S4)SC(C%10=CC=CS%10)=C31)=O||N#C/C(C#N)=C/C(C1=NSN=C21)=CC=C2C3=CC(SC4=C5C(C6=CC=C(CCCCCCCC)C=C6)(C(C=C7C8=C9C%10=C(C=C(S%10)C%11=CC=C(C%12=NSN=C%11%12)/C=C(C#N)\C#N)S8)=C4C=C7C9(C%13=CC=C(CCCCCCCC)C=C%13)C%14=CC=C(CCCCCCCC)C=C%14)C%15=CC=C(CCCCCCCC)C=C%15)=C5S3,65482d735aa1f382b817dd8d95b1689b39b0b3c26138949c2680844f1b1f5ea0,6d5fa2be3664e03f8aefbbb15d8f15ad3d28455b2e9314974b2e9106b8b58548,8af872000d054b535472464f29a7bb1308cb3d4339ecd1356c0027f274e54fb5,a46786d56879df2af9ea6bea6c3b16922a4f7452e0d61338622786ce4d86eed4,497e4d738a2fc6794a324a62bf839eb87360c59e9f119d438ef663370525b5c5,638,763,325,327
347,in-house,399,CC(S1)=CC=C1C2=C3C(C(C4=C(SC(CC(CC)CCCC)=C4C3=O)CC(CCCC)CC)=O)=C(S2)C(S5)=CC=C5C6=CC7=C(C8=CC(Cl)=C(CCCCCC[H])C8)C9=C(C=C(S9)C)C(C%10=CC(Cl)=C(CCCCCC[H])C%10)=C7S6,O=C(C/1=C\C2=C(C3=C(S2)C(N4C5=CC=C(CCCCCC)C=C5)=C(C6=C4C7=C(C8=NSN=C68)C(SC9=C%10SC(/C=C%11C(C%12=CC(F)=C(C=C%12C\%11=C(C#N)/C#N)F)=O)=C9CCCCCCCCCCC)=C%10N7C%13=CC=C(CCCCCC)C=C%13)S3)CCCCCCCCCCC)C%14=CC(F)=C(F)C=C%14C1=C(C#N)/C#N,9.94,CC(S1)=CC=C1C2=C3C(C(C4=C(SC(CC(CC)CCCC)=C4C3=O)CC(CCCC)CC)=O)=C(S2)C(S5)=CC=C5C6=CC7=C(C8=CC(Cl)=C(CCCCCC[H])C8)C9=C(C=C(S9)C)C(C%10=CC(Cl)=C(CCCCCC[H])C%10)=C7S6||O=C(C/1=C\C2=C(C3=C(S2)C(N4C5=CC=C(CCCCCC)C=C5)=C(C6=C4C7=C(C8=NSN=C68)C(SC9=C%10SC(/C=C%11C(C%12=CC(F)=C(C=C%12C\%11=C(C#N)/C#N)F)=O)=C9CCCCCCCCCCC)=C%10N7C%13=CC=C(CCCCCC)C=C%13)S3)CCCCCCCCCCC)C%14=CC(F)=C(F)C=C%14C1=C(C#N)/C#N,8b29d3d5301cf2d653354de8d3aaa7257489649af4af132858ce9d7190182aeb,3bc5e962960694d5a8c90d751d3f10c939059169c6882aed8bdcfb92d36d6776,c48c419210053590d16cf032d67cc029a35dd4ddb24f9adfadc92310e088c79f,811678e23af12f80039d8229d64bf8022abeb598750df9184c79a248775fcc55,ec64b345b9ec85a4351c21d81febc659c063b55dd4fe2a684e02c6f3640199ce,943,616,1108,328
348,in-house,400,O=C(C1=C(CCC(CCCC)CC)SC(CCC(CC)CCCC)=C1C2=O)C(C2=C(C3)C(C4)=CC=C4C5=CC6=C(C(C7=CC=C(CCC(CCCC)CC)S7)=C8C=CSC8=C6C9=CC=C(CCC(CCCC)CC)S9)S5)=C3C%10=CC=CS%10,O=C1C2=C(C=CC=C2)C(/C1=C/C(S3)=CC4=C3C(S5)=C(C4(C6=CC=C(CCCCCC)C=C6)C7=CC=C(CCCCCC)C=C7)C8=C5C9=C(C%10=C%11%12)C%13=C8C=CC%14=C%13C%11=C(C(CC(CCCCCC)CCCC)=N%14)C%15=C(C(C(C%16=CC=C(CCCCCC)C=C%16)(C%17=CC=C(CCCCCC)C=C%17)C%18=C%19SC(/C=C%20/C(C(C=CC=C%21)=C%21C%20=O)=C(C#N)\C#N)=C%18)=C%19S%15)C%12=CC=C%10N=C9CC(CCCC)CCCCCC)=C(C#N)\C#N,9.92,O=C(C1=C(CCC(CCCC)CC)SC(CCC(CC)CCCC)=C1C2=O)C(C2=C(C3)C(C4)=CC=C4C5=CC6=C(C(C7=CC=C(CCC(CCCC)CC)S7)=C8C=CSC8=C6C9=CC=C(CCC(CCCC)CC)S9)S5)=C3C%10=CC=CS%10||O=C1C2=C(C=CC=C2)C(/C1=C/C(S3)=CC4=C3C(S5)=C(C4(C6=CC=C(CCCCCC)C=C6)C7=CC=C(CCCCCC)C=C7)C8=C5C9=C(C%10=C%11%12)C%13=C8C=CC%14=C%13C%11=C(C(CC(CCCCCC)CCCC)=N%14)C%15=C(C(C(C%16=CC=C(CCCCCC)C=C%16)(C%17=CC=C(CCCCCC)C=C%17)C%18=C%19SC(/C=C%20/C(C(C=CC=C%21)=C%21C%20=O)=C(C#N)\C#N)=C%18)=C%19S%15)C%12=CC=C%10N=C9CC(CCCC)CCCCCC)=C(C#N)\C#N,6f31f3770fd225e382586e20513744e11a328b7cc74c758d48628417c600a02b,fa064b8cba3f6bc2218d6bda9688e5358ae450a49fb42ebd9d6efc1d89b23653,526b637bba7e40303d7f49cdbb00c5c1bed0705ab01e2b1e437898a368eb28b2,c0630f7d35aec799e130cca3ce6a278f2410da2dd64f7b5fdf3cbfbc0fbd58b4,a62d166b6a7dd48f86c58c721876a6bf63de6dae3d7e8b8ab789708f6993521e,375,885,763,329
349,in-house,401,O=C(C1=C(CCC(CCCC)CC)SC(CCC(CC)CCCC)=C1C2=O)C(C2=C(C3)C(C4)=CC=C4C5=CC6=C(C(C7=CC=C(CCC(CCCC)CC)S7)=C8C=CSC8=C6C9=CC=C(CCC(CCCC)CC)S9)S5)=C3C%10=CC=CS%10,O=C(C1=CC(F)=C(C=C1C/2=C(C#N)\C#N)F)C2=C/C3=CC(SC(C4=C5C6=C(C7=C(N6CC(CCC)CCCC)C8=C(C=C(S8)/C=C9C(C%10=CC(F)=C(C=C%10C\9=C(C#N)\C#N)F)=O)S7)C%11=NN(N=C4%11)CC(CC)CCCC)=C%12N5CC(CCCC)CC)=C%12S3,9.9,O=C(C1=C(CCC(CCCC)CC)SC(CCC(CC)CCCC)=C1C2=O)C(C2=C(C3)C(C4)=CC=C4C5=CC6=C(C(C7=CC=C(CCC(CCCC)CC)S7)=C8C=CSC8=C6C9=CC=C(CCC(CCCC)CC)S9)S5)=C3C%10=CC=CS%10||O=C(C1=CC(F)=C(C=C1C/2=C(C#N)\C#N)F)C2=C/C3=CC(SC(C4=C5C6=C(C7=C(N6CC(CCC)CCCC)C8=C(C=C(S8)/C=C9C(C%10=CC(F)=C(C=C%10C\9=C(C#N)\C#N)F)=O)S7)C%11=NN(N=C4%11)CC(CC)CCCC)=C%12N5CC(CCCC)CC)=C%12S3,6f31f3770fd225e382586e20513744e11a328b7cc74c758d48628417c600a02b,c7dba4d8a1fd22c881b3a61725da6ef55598ab2c35290a5a37efd2d566d39093,d285b0cbfd24eb645bcf1ffccfd234422a0aee9d8dd92f4fba65f1f08b7a6c7b,3ff7cb3e0a6917cf169ebd9b9950e6fd254b3f36a0abb0ccbc218992fa5df84c,e778f935ada253264b74667682f89398aba2572891b537a5d5cd41f2ba663f7e,1004,309,1076,330
350,in-house,402,O=C(C1=C(CCC(CCCC)CC)SC(CCC(CC)CCCC)=C1C2=O)C(C2=C(C3)C(C4)=CC=C4C5=CC6=C(C(C7=CC=C(CCC(CCCC)CC)S7)=C8C=CSC8=C6C9=CC=C(CCC(CCCC)CC)S9)S5)=C3C%10=CC=CS%10,O=C(C1=C2C=CC=C1)C(/C2=C(C#N)/[N+]#[C-])=C\C3=CC(N(CC(CC)CCCC)C4=C5SC6=C4C(OCC(CCCC)CC)=C7SC(C(SC(/C=C(/C8=C(C#N)\[N+]#[C-])C(C9=C8C=CC=C9)=O)=C%10)=C%10N%11CC(CC)CCCC)=C%11C7=C6OCC(CC)CCCC)=C5S3,9.9,O=C(C1=C(CCC(CCCC)CC)SC(CCC(CC)CCCC)=C1C2=O)C(C2=C(C3)C(C4)=CC=C4C5=CC6=C(C(C7=CC=C(CCC(CCCC)CC)S7)=C8C=CSC8=C6C9=CC=C(CCC(CCCC)CC)S9)S5)=C3C%10=CC=CS%10||O=C(C1=C2C=CC=C1)C(/C2=C(C#N)/[N+]#[C-])=C\C3=CC(N(CC(CC)CCCC)C4=C5SC6=C4C(OCC(CCCC)CC)=C7SC(C(SC(/C=C(/C8=C(C#N)\[N+]#[C-])C(C9=C8C=CC=C9)=O)=C%10)=C%10N%11CC(CC)CCCC)=C%11C7=C6OCC(CC)CCCC)=C5S3,6f31f3770fd225e382586e20513744e11a328b7cc74c758d48628417c600a02b,f3c9cd93d4b9894dbe44088d6fcf60b3403354cfeb0230d7a9859f7a59c2caf9,37fadedb6988c0a6f1c5411981381515a900329b31c4c972a9f550d595a3ef88,08565f51cdbbbda2d4c9382096690f282b8f7fb340a7a565386d6693aa196fb2,da154291d30e8664489efcf24103b93fd11bdafdd3714a51d8c0af296d94940e,248,41,1002,331
351,in-house,404,O=C1C2=C(CC(CC)CCCC)SC(CC(CC)CCCC)=C2C(C3=C(C4=CC=C(C5=CC(C(C6=CC(F)=C(CC(CC)CCCC)S6)=C(SC=C7)C7=C8C9=CC(F)=C(CC(CC)CCCC)S9)=C8S5)S4)SC(C%10=CC=CS%10)=C31)=O,O=C(C1=C(C=C(F)C(F)=C1)C/2=C(C#N)\C#N)C2=C/C3=CC(C4(C5=CC=C(C=C5)CCCCCC)C6=CC=C(CCCCCC)C=C6)=C(C7=C4C=C(C8=NN=C(C9=CC%10=C(C%11=C(C%10(C%12=CC=C(CCCCCC)C=C%12)C%13=CC=C(CCCCCC)C=C%13)C=C(/C=C%14C(C%15=C(C=C(F)C(F)=C%15)C\%14=C(C#N)\C#N)=O)S%11)S9)C=C8)S7)S3,9.89,O=C1C2=C(CC(CC)CCCC)SC(CC(CC)CCCC)=C2C(C3=C(C4=CC=C(C5=CC(C(C6=CC(F)=C(CC(CC)CCCC)S6)=C(SC=C7)C7=C8C9=CC(F)=C(CC(CC)CCCC)S9)=C8S5)S4)SC(C%10=CC=CS%10)=C31)=O||O=C(C1=C(C=C(F)C(F)=C1)C/2=C(C#N)\C#N)C2=C/C3=CC(C4(C5=CC=C(C=C5)CCCCCC)C6=CC=C(CCCCCC)C=C6)=C(C7=C4C=C(C8=NN=C(C9=CC%10=C(C%11=C(C%10(C%12=CC=C(CCCCCC)C=C%12)C%13=CC=C(CCCCCC)C=C%13)C=C(/C=C%14C(C%15=C(C=C(F)C(F)=C%15)C\%14=C(C#N)\C#N)=O)S%11)S9)C=C8)S7)S3,65482d735aa1f382b817dd8d95b1689b39b0b3c26138949c2680844f1b1f5ea0,0509823377c044dfdeb3a7341d3f4d67a53be90d34debbf3ee442b2c796a54df,b68d9ea913e0b34a919171631ee50ffc5fa3179d5f0aa1da0be872609b241c5b,caa77e2a286e28ba18687851eac35988c661663c808e9742cf72c7375b07ecc3,6e0439d2a2337d36b8376d41179a4191513782263e9b76b53492db1c39d74c6a,860,932,498,332
352,in-house,405,FC1=C(C(OCC(CCCC)CC)=O)SC2=CSC(C3=CC4=C(C5=C(C(C6=CC=C(CC(CC)CCCC)S6)=C4S3)C=CS5)C7=CC=C(CC(CC)CCCC)S7)=C12,FC(C=C1)=CC2=C1C(C(/C2=C(C#N)/C#N)CC(S3)=CC4=C3C(S5)=C(C(C6=CC=C(CCCCCC)C=C6)4C7=CC=C(CCCCCC)C=C7)C(C5=C8CCCCCCCC)=C(CCCCCCCC)C9=C8C(C%10(C%11=CC=C(CCCCCC)C=C%11)C%12=CC=C(CCCCCC)C=C%12)=C(S9)C(S%13)=C%10C=C%13/C=C(/C%14=C(C#N)\C#N)C(C%15=C%14C=C(F)C=C%15)=O)=O,9.89,FC1=C(C(OCC(CCCC)CC)=O)SC2=CSC(C3=CC4=C(C5=C(C(C6=CC=C(CC(CC)CCCC)S6)=C4S3)C=CS5)C7=CC=C(CC(CC)CCCC)S7)=C12||FC(C=C1)=CC2=C1C(C(/C2=C(C#N)/C#N)CC(S3)=CC4=C3C(S5)=C(C(C6=CC=C(CCCCCC)C=C6)4C7=CC=C(CCCCCC)C=C7)C(C5=C8CCCCCCCC)=C(CCCCCCCC)C9=C8C(C%10(C%11=CC=C(CCCCCC)C=C%11)C%12=CC=C(CCCCCC)C=C%12)=C(S9)C(S%13)=C%10C=C%13/C=C(/C%14=C(C#N)\C#N)C(C%15=C%14C=C(F)C=C%15)=O)=O,2249a87c8fc0450476e55f070a85b71ffa6beb368356c28f1302bad8bac422cb,57dd4a7618def0fe8ac5b4d499438c8b69d6732d6d98a3a4f3d3844f70348cc1,1bcf9b33bb5711b515a32f231aae5b0c5849e15656e25eed5cb5bccea0bb354b,3675f9c446ca34edb60cb0d29f2cb0ca5c24f04aa3080dbc313aa44863fb87b1,41e9580850f3bbfec133e085861d9a21e9dd05244706053f84d6054e436fde15,134,272,290,333
353,in-house,406,O=C(C1=C(CCC(CCCC)CC)SC(CCC(CC)CCCC)=C1C2=O)C(C2=C(C3)C(C4)=CC=C4C5=CC6=C(C(C7=CC=C(CCC(CCCC)CC)S7)=C8C=CSC8=C6C9=CC=C(CCC(CCCC)CC)S9)S5)=C3C%10=CC=CS%10,CCC(CCCC)CN1C2=C(C=C(C(C3=CC=C(CCCCCC)C=C3)(C4=CC=C(CCCCCC)C=C4)C5=C6SC7=C5SC(/C=C8C(C(C=C([H])C([H])=C9)=C9C\8=C(C#N)\C#N)=O)=C7)C6=C2)C%10=C1C=C(C%11=C%12C%13=C(C=C(S%13)/C=C%14C(C%15=CC([H])=C(C=C%15C\%14=C(C#N)/C#N)[H])=O)S%11)C(C%12(C%16=CC=C(CCCCCC)C=C%16)C%17CC=C(C=C%17)CCCCCC)=C%10,9.87,O=C(C1=C(CCC(CCCC)CC)SC(CCC(CC)CCCC)=C1C2=O)C(C2=C(C3)C(C4)=CC=C4C5=CC6=C(C(C7=CC=C(CCC(CCCC)CC)S7)=C8C=CSC8=C6C9=CC=C(CCC(CCCC)CC)S9)S5)=C3C%10=CC=CS%10||CCC(CCCC)CN1C2=C(C=C(C(C3=CC=C(CCCCCC)C=C3)(C4=CC=C(CCCCCC)C=C4)C5=C6SC7=C5SC(/C=C8C(C(C=C([H])C([H])=C9)=C9C\8=C(C#N)\C#N)=O)=C7)C6=C2)C%10=C1C=C(C%11=C%12C%13=C(C=C(S%13)/C=C%14C(C%15=CC([H])=C(C=C%15C\%14=C(C#N)/C#N)[H])=O)S%11)C(C%12(C%16=CC=C(CCCCCC)C=C%16)C%17CC=C(C=C%17)CCCCCC)=C%10,6f31f3770fd225e382586e20513744e11a328b7cc74c758d48628417c600a02b,19c62e91031c92373ebf8c12d4bfef7d111bd0c3018983991e7c6bf8dc1f2f1e,cfed4aa17e59c867ae023ab904364691bc0b02276e5893f8bf1b507f5c6ee08e,3907e019c46bfbb6b1898a909bbdba282df30f9681ef98e98db110a6c1f39c07,d1f32bdab382411cd5ac716272c803f156fbdf7fc20862b964bc279be8dc009d,990,281,955,334
354,in-house,407,O=C1C2=C(CC(CC)CCCC)SC(CC(CC)CCCC)=C2C(C3=C(C4=CC=C(C5=CC(C(C6=CC(F)=C(CC(CC)CCCC)S6)=C(SC=C7)C7=C8C9=CC(F)=C(CC(CC)CCCC)S9)=C8S5)S4)SC(C%10=CC=CS%10)=C31)=O,O=C(C1=CC=C(Br)C=C1C/2=C(C#N)\C#N)C2=C/C(S3)=CC=C3C4=CC=C5C(N(C(CCCCCCCC)CCCCCCCC)C6=CC(C7=CC=C(S7)/C=C8C(C9=CC=C(Br)C=C9C\8=C(C#N)\C#N)=O)=CC=C56)=C4,9.85,O=C1C2=C(CC(CC)CCCC)SC(CC(CC)CCCC)=C2C(C3=C(C4=CC=C(C5=CC(C(C6=CC(F)=C(CC(CC)CCCC)S6)=C(SC=C7)C7=C8C9=CC(F)=C(CC(CC)CCCC)S9)=C8S5)S4)SC(C%10=CC=CS%10)=C31)=O||O=C(C1=CC=C(Br)C=C1C/2=C(C#N)\C#N)C2=C/C(S3)=CC=C3C4=CC=C5C(N(C(CCCCCCCC)CCCCCCCC)C6=CC(C7=CC=C(S7)/C=C8C(C9=CC=C(Br)C=C9C\8=C(C#N)\C#N)=O)=CC=C56)=C4,65482d735aa1f382b817dd8d95b1689b39b0b3c26138949c2680844f1b1f5ea0,dcc5e08a3390981e3f2c42a193f76528876d4639a7782f91b8e760f4e32d6940,614c3f9edfe7ab03084480f382d2361cf9f0f3407d391060af0130f73c3d3119,2f77787b15d865c386ba0bacde40c05b1c6a63b3217debdec703ac8abe8cb051,b80fec64e78dc856c226f9cd69db6c78a719ca0f8adfdaf9a04fe9a8e629db0a,436,232,852,335
355,in-house,409,FC1=C(C(OCC(CCCC)CC)=O)SC2=CSC(C3=CC4=C(C5=C(C(C6=CC=C(CC(CC)CCCC)S6)=C4S3)C=CS5)C7=CC=C(CC(CC)CCCC)S7)=C12,FC1=C(C(OC(CC)CCCCC)=O)SC2=C(/C=C3C(C4=C(C=C(C([H])=C4)[H])C\3=C(C#N)\C#N)=O)SC(C5=CC6=C(S5)C7=C(C=C(C(C8(C9C=CC(CCCCCC)=CC9)C%10=CC=C(C=C%10)CCCCCC)=C7)C%11=C8C=C(S%11)C%12=C%13C(SC(C(OC(CC)CCCCC)=O)=C%13F)=C(S%12)/C=C%14C(C%15=C(C=C(C([H])=C%15)[H])C\%14=C(C#N)\C#N)=O)C6(C%16=CC=C(C=C%16)CCCCCC)C%17=CC=C(C=C%17)CCCCCC)=C12,9.82,FC1=C(C(OCC(CCCC)CC)=O)SC2=CSC(C3=CC4=C(C5=C(C(C6=CC=C(CC(CC)CCCC)S6)=C4S3)C=CS5)C7=CC=C(CC(CC)CCCC)S7)=C12||FC1=C(C(OC(CC)CCCCC)=O)SC2=C(/C=C3C(C4=C(C=C(C([H])=C4)[H])C\3=C(C#N)\C#N)=O)SC(C5=CC6=C(S5)C7=C(C=C(C(C8(C9C=CC(CCCCCC)=CC9)C%10=CC=C(C=C%10)CCCCCC)=C7)C%11=C8C=C(S%11)C%12=C%13C(SC(C(OC(CC)CCCCC)=O)=C%13F)=C(S%12)/C=C%14C(C%15=C(C=C(C([H])=C%15)[H])C\%14=C(C#N)\C#N)=O)C6(C%16=CC=C(C=C%16)CCCCCC)C%17=CC=C(C=C%17)CCCCCC)=C12,2249a87c8fc0450476e55f070a85b71ffa6beb368356c28f1302bad8bac422cb,744f630a6b1d67c8823d0029f233a6ce86135152a2212d9930127e19d63dba24,4daa3ade6ee136d252538f249b0ced2190bfbb8431fba32469414b1a660e954e,302822de49a917335c3fc17f164bad1feae02f67857b28c113a5d7bcd23b4b62,a7e7f2b387d877bf3390c236768d6503c8c84e31fe28c9cde39c31aff89dde2d,358,239,774,336
356,in-house,410,FC(C(F)=C(C1=NN(N=C21)CCCCCCCC)C3=CC(CC(CCCCCCCCCC)CCCCCCCCCCCC)=C(S3)C4=CC=C(S4)C5=C(C(F)=C(C(F)=C5F)C6=CC=C(S6)C)F)=C2C7=CC(CC(CCCCCCCCCC)CCCCCCCCCCCC)=C(C)S7,N#C/C(C#N)=C(C1=CC=CC=C1C2=O)/C2=C/C3=CC4=C(C5=C(C=C6C(C(CCCCCC)(CCCCCC)C7=C6SC(/C=C8/C(C9=CC=CC=C9C8=O)=C(C#N)/C#N)=C7)=C5)C4(CCCCCC)CCCCCC)S3,9.81,FC(C(F)=C(C1=NN(N=C21)CCCCCCCC)C3=CC(CC(CCCCCCCCCC)CCCCCCCCCCCC)=C(S3)C4=CC=C(S4)C5=C(C(F)=C(C(F)=C5F)C6=CC=C(S6)C)F)=C2C7=CC(CC(CCCCCCCCCC)CCCCCCCCCCCC)=C(C)S7||N#C/C(C#N)=C(C1=CC=CC=C1C2=O)/C2=C/C3=CC4=C(C5=C(C=C6C(C(CCCCCC)(CCCCCC)C7=C6SC(/C=C8/C(C9=CC=CC=C9C8=O)=C(C#N)/C#N)=C7)=C5)C4(CCCCCC)CCCCCC)S3,376f03863e5d9891ff87ce2a78a4c4cc85fc12f7e02cb1caae199e0588954a90,0cc00e1ba2d95fe8288dc072edf395ee6fc3678daa4e12f6703c7be7d2c5a409,b1f0fd58be75d0a6c1859a28697fa0d33ec787d9c7ba0d3b488b037f08ea3582,24b677701fc848cfcab52a70ef35fe08800ab62b2c0580bc5a00f800cb3993ee,ca19011c255b13173ceba2c56b4d0b6ec68c444ef5975cf950fdf7007d73dc9a,824,180,926,337
357,in-house,411,O=C(C1=C(CCC(CCCC)CC)SC(CCC(CC)CCCC)=C1C2=O)C(C2=C(C3)C(C4)=CC=C4C5=CC6=C(C(C7=CC=C(CCC(CCCC)CC)S7)=C8C=CSC8=C6C9=CC=C(CCC(CCCC)CC)S9)S5)=C3C%10=CC=CS%10,CCC(CCCC)CN1C2=C(C=C(C(C3=CC=C(CCCCCC)C=C3)(C4=CC=C(CCCCCC)C=C4)C5=C6SC7=C5SC(/C=C8C(C(C=C(F)C(F)=C9)=C9C\8=C(C#N)\C#N)=O)=C7)C6=C2)C%10=C1C=C(C%11=C%12C%13=C(C=C(S%13)/C=C%14C(C%15=CC([F])=C(C=C%15C\%14=C(C#N)/C#N)[F])=O)S%11)C(C%12(C%16=CC=C(CCCCCC)C=C%16)C%17CC=C(C=C%17)CCCCCC)=C%10,9.81,O=C(C1=C(CCC(CCCC)CC)SC(CCC(CC)CCCC)=C1C2=O)C(C2=C(C3)C(C4)=CC=C4C5=CC6=C(C(C7=CC=C(CCC(CCCC)CC)S7)=C8C=CSC8=C6C9=CC=C(CCC(CCCC)CC)S9)S5)=C3C%10=CC=CS%10||CCC(CCCC)CN1C2=C(C=C(C(C3=CC=C(CCCCCC)C=C3)(C4=CC=C(CCCCCC)C=C4)C5=C6SC7=C5SC(/C=C8C(C(C=C(F)C(F)=C9)=C9C\8=C(C#N)\C#N)=O)=C7)C6=C2)C%10=C1C=C(C%11=C%12C%13=C(C=C(S%13)/C=C%14C(C%15=CC([F])=C(C=C%15C\%14=C(C#N)/C#N)[F])=O)S%11)C(C%12(C%16=CC=C(CCCCCC)C=C%16)C%17CC=C(C=C%17)CCCCCC)=C%10,6f31f3770fd225e382586e20513744e11a328b7cc74c758d48628417c600a02b,1eb9f9285acab9c61692d63082d3e5a2593a76024732c9b378f06d67375c43b9,3fe92d112a611a08998f0c87b08d8654568a32a8f6b6adee31c2584071bff4b6,5b160aa4d10c7b9f6d80c00759a811399989723116109b2a75452ffab71f79e1,67e55f4582cccd1c7663564817fe2bf7051b9a1585a38c7afb89facd0e25190e,287,427,469,338
358,in-house,412,O=C(C1=C(CCC(CCCC)CC)SC(CCC(CC)CCCC)=C1C2=O)C(C2=C(C3)C(C4)=CC=C4C5=CC6=C(C(C7=CC=C(CCC(CCCC)CC)S7)=C8C=CSC8=C6C9=CC=C(CCC(CCCC)CC)S9)S5)=C3C%10=CC=CS%10,O=C(C(C(C/1=C(C#N)/C#N)=C2)=CC([H])=C2[H])C1=C/C(S3)=CC4=C3C5=CC(C6(CCCCCCCC)CCCCCCCC)=C(C=C5C4(C7=CC=C(CCCCCC)C=C7)C8=CC=C(CCCCCC)C=C8)C9=C6C(C%10(CCCCCCCC)CCCCCCCC)=C(S9)C%11=C%10C=C(C(SC(/C=C%12/C(C%13=CC([H])=C([H])C=C%13C%12=O)=C(C#N)/C#N)=C%14)=C%14C%15(C%16=CC=C(CCCCCC)C=C%16)C%17=CC=C(CCCCCC)C=C%17)C%15=C%11,9.79,O=C(C1=C(CCC(CCCC)CC)SC(CCC(CC)CCCC)=C1C2=O)C(C2=C(C3)C(C4)=CC=C4C5=CC6=C(C(C7=CC=C(CCC(CCCC)CC)S7)=C8C=CSC8=C6C9=CC=C(CCC(CCCC)CC)S9)S5)=C3C%10=CC=CS%10||O=C(C(C(C/1=C(C#N)/C#N)=C2)=CC([H])=C2[H])C1=C/C(S3)=CC4=C3C5=CC(C6(CCCCCCCC)CCCCCCCC)=C(C=C5C4(C7=CC=C(CCCCCC)C=C7)C8=CC=C(CCCCCC)C=C8)C9=C6C(C%10(CCCCCCCC)CCCCCCCC)=C(S9)C%11=C%10C=C(C(SC(/C=C%12/C(C%13=CC([H])=C([H])C=C%13C%12=O)=C(C#N)/C#N)=C%14)=C%14C%15(C%16=CC=C(CCCCCC)C=C%16)C%17=CC=C(CCCCCC)C=C%17)C%15=C%11,6f31f3770fd225e382586e20513744e11a328b7cc74c758d48628417c600a02b,46a1be63c2bfe8bb489b123c9003cb850366fbfec87e56db611412a7a5ff2381,e0b1b407414df9b644f5dff28507c64735f4c4ed65a81ca45abf5a2dd49717f2,a53279abea5ea3bc4b187ce5ce52edd534dd8b7a4d48ff94329a0a4d46ba24c8,f20c2a8898bafb64dd16884d3c52949b7810de4fd7cc02cb019dc31acb5bad64,1066,767,1131,339
359,in-house,413,O=C(C1=C(CCC(CCCC)CC)SC(CCC(CC)CCCC)=C1C2=O)C(C2=C(C3)C(C4)=CC=C4C5=CC6=C(C(C7=CC=C(CCC(CCCC)CC)S7)=C8C=CSC8=C6C9=CC=C(CCC(CCCC)CC)S9)S5)=C3C%10=CC=CS%10,O=C(C1=CC=CC=C1C/2=C(C#N)/C#N)C2=C/C3=CSC4=C3SC5=C4C(C6=CC7=C(C(C8=CC=CC(COCC(CC)CCC)=C8)(C9=CC(COCC(CC)CCC)=CC=C9)C%10=C7SC%11=C%10SC=C%11/C=C%12C(C%13=CC=CC=C%13C\%12=C(C#N)/C#N)=O)C=C65)(C%14=CC(COCC(CC)CCC)=CC=C%14)C%15=CC=CC(COCC(CC)CCC)=C%15,9.77,O=C(C1=C(CCC(CCCC)CC)SC(CCC(CC)CCCC)=C1C2=O)C(C2=C(C3)C(C4)=CC=C4C5=CC6=C(C(C7=CC=C(CCC(CCCC)CC)S7)=C8C=CSC8=C6C9=CC=C(CCC(CCCC)CC)S9)S5)=C3C%10=CC=CS%10||O=C(C1=CC=CC=C1C/2=C(C#N)/C#N)C2=C/C3=CSC4=C3SC5=C4C(C6=CC7=C(C(C8=CC=CC(COCC(CC)CCC)=C8)(C9=CC(COCC(CC)CCC)=CC=C9)C%10=C7SC%11=C%10SC=C%11/C=C%12C(C%13=CC=CC=C%13C\%12=C(C#N)/C#N)=O)C=C65)(C%14=CC(COCC(CC)CCC)=CC=C%14)C%15=CC=CC(COCC(CC)CCC)=C%15,6f31f3770fd225e382586e20513744e11a328b7cc74c758d48628417c600a02b,dfaf899c64ae68cac54377c0941c0b8bac85d0c14868a21e70b91777257926cf,70b9e47d04d473c920218a7eafce21c3c5730cc18903eb33047c5d2d67b30f24,441341a11527f59bd7216bd39ff7c70df1a47d92e63b65a3ade5a731ee59c7a9,7b8dde1f1639dd3943b2d6b410c9ee0e44754c014347ca58436376d9e40fc9d6,511,326,561,340
360,in-house,414,O=C(C1=C(CCC(CCCC)CC)SC(CCC(CC)CCCC)=C1C2=O)C(C2=C(C3)C(C4)=CC=C4C5=CC6=C(C(C7=CC=C(CCC(CCCC)CC)S7)=C8C=CSC8=C6C9=CC=C(CCC(CCCC)CC)S9)S5)=C3C%10=CC=CS%10,O=C(C1=C(C=CC=C1)C/2=C(C#N)/C#N)C2=C/C3=CC4=C(S3)C5=CC6=C(C=C5C4(CCCCCC)CCCCCC)C7=C(C=C8C9=C(C=C(S9)/C=C%10C(C%11=CC=CC=C%11C\%10=C(C#N)/C#N)=O)C(CCCCCC)(CCCCCC)C8=C7)C6(CCCCCC)CCCCCC,9.75,O=C(C1=C(CCC(CCCC)CC)SC(CCC(CC)CCCC)=C1C2=O)C(C2=C(C3)C(C4)=CC=C4C5=CC6=C(C(C7=CC=C(CCC(CCCC)CC)S7)=C8C=CSC8=C6C9=CC=C(CCC(CCCC)CC)S9)S5)=C3C%10=CC=CS%10||O=C(C1=C(C=CC=C1)C/2=C(C#N)/C#N)C2=C/C3=CC4=C(S3)C5=CC6=C(C=C5C4(CCCCCC)CCCCCC)C7=C(C=C8C9=C(C=C(S9)/C=C%10C(C%11=CC=CC=C%11C\%10=C(C#N)/C#N)=O)C(CCCCCC)(CCCCCC)C8=C7)C6(CCCCCC)CCCCCC,6f31f3770fd225e382586e20513744e11a328b7cc74c758d48628417c600a02b,a6ee7eac000b55438368ee0be0ea7692e3d98de164d7b03c27c0579b9c98612f,d29f9c5fa7ffc524237d6a6476bc8b0cd885bb1ab11a5c1ace37ca0df625ab37,1e36190890eba7c0e188275c10c7ac47164c3f30fd31498eb936f33a00429b03,b8263ae601b90b00e6b6b8b63a2d6a59754a73a3afc214c5a76e3639e4faae29,1006,149,853,212
361,in-house,415,FC(C=C(C1=C2C(C=C(S2)CSC3=C(CCCCCCCCCCC)C(SC(C4=CC=C(/C(C(N5CC(CCCCCC)CCCCCCCC)=O)=C6C(N(CC(CCCCCC)CCCCCCCC)C7=C\6C=CC(C8=CC9=C(C(CCCCCCCCCCC)=C(C)S9)S8)=C7)=O)C5=C4)=C%10)=C%10S3)=C(C%11=CC(F)=C(SCC(CC)CC)S%11)C%12=C1C=C(C)S%12)S%13)=C%13SCC(CCCC)CC,O=C(C/1=C\C2=C(C3=C(S2)C(N4C5=CC=C(CCCCCC)C=C5)=C(C6=C4C7=C(C8=NSN=C68)C(SC9=C%10SC(/C=C%11C(C%12=CC(F)=C(C=C%12C\%11=C(C#N)/C#N)F)=O)=C9CCCCCCCCCCC)=C%10N7C%13=CC=C(CCCCCC)C=C%13)S3)CCCCCCCCCCC)C%14=CC(F)=C(F)C=C%14C1=C(C#N)/C#N,9.74,FC(C=C(C1=C2C(C=C(S2)CSC3=C(CCCCCCCCCCC)C(SC(C4=CC=C(/C(C(N5CC(CCCCCC)CCCCCCCC)=O)=C6C(N(CC(CCCCCC)CCCCCCCC)C7=C\6C=CC(C8=CC9=C(C(CCCCCCCCCCC)=C(C)S9)S8)=C7)=O)C5=C4)=C%10)=C%10S3)=C(C%11=CC(F)=C(SCC(CC)CC)S%11)C%12=C1C=C(C)S%12)S%13)=C%13SCC(CCCC)CC||O=C(C/1=C\C2=C(C3=C(S2)C(N4C5=CC=C(CCCCCC)C=C5)=C(C6=C4C7=C(C8=NSN=C68)C(SC9=C%10SC(/C=C%11C(C%12=CC(F)=C(C=C%12C\%11=C(C#N)/C#N)F)=O)=C9CCCCCCCCCCC)=C%10N7C%13=CC=C(CCCCCC)C=C%13)S3)CCCCCCCCCCC)C%14=CC(F)=C(F)C=C%14C1=C(C#N)/C#N,347b7afeb07292ecd70df1f3496576eb973345888c3e67495806412c0b26ffe4,3bc5e962960694d5a8c90d751d3f10c939059169c6882aed8bdcfb92d36d6776,8a047934b60cc03943a4906ed2f31aaac3120aed302f2ee380ad8acd68515117,d54ee48652720333d9482fdbb6663cfcda59efa379f5c9172be2d4d4f88ce7bd,4b8b6a0bab80ad94a1b746e9547cb5572b474b615c7f864620f8da8c8d34ac4a,628,988,330,154
362,in-house,416,FC1=C(C(OCC(CCCC)CC)=O)SC2=CSC(C3=CC4=C(C5=C(C(C6=CC=C(CC(CC)CCCC)S6)=C4S3)C=CS5)C7=CC=C(CC(CC)CCCC)S7)=C12,O=C(C1=CC(F)=C(C=C1C/2=C(C#N)\C#N)F)C2=C/C3=CC(SCCCCCCCC)=C(C4=CC5=C(C6=CC7=C(C8=C(OC7(C9=CC=C(CCCCCC)C=C9)C%10=CC=C(CCCCCC)C=C%10)C=C(C%11=C(SCCCCCCCC)C=C(/C=C%12C(C%13=CC(F)=C(C=C%13C\%12=C(C#N)\C#N)F)=O)S%11)S8)C=C6C(C%14=CC=C(CCCCCC)C=C%14)(O5)C%15=CC=C(CCCCCC)C=C%15)S4)S3,9.73,FC1=C(C(OCC(CCCC)CC)=O)SC2=CSC(C3=CC4=C(C5=C(C(C6=CC=C(CC(CC)CCCC)S6)=C4S3)C=CS5)C7=CC=C(CC(CC)CCCC)S7)=C12||O=C(C1=CC(F)=C(C=C1C/2=C(C#N)\C#N)F)C2=C/C3=CC(SCCCCCCCC)=C(C4=CC5=C(C6=CC7=C(C8=C(OC7(C9=CC=C(CCCCCC)C=C9)C%10=CC=C(CCCCCC)C=C%10)C=C(C%11=C(SCCCCCCCC)C=C(/C=C%12C(C%13=CC(F)=C(C=C%13C\%12=C(C#N)\C#N)F)=O)S%11)S8)C=C6C(C%14=CC=C(CCCCCC)C=C%14)(O5)C%15=CC=C(CCCCCC)C=C%15)S4)S3,2249a87c8fc0450476e55f070a85b71ffa6beb368356c28f1302bad8bac422cb,a1260183677f4f3162c4592a5b243004695334fbf63748d79768f1900c5028f8,92ffea293aa48e9d9577ac6675357c0b4538af217a56ad3c15ceb86e3ec16feb,bd966a96854aa3b22f788201d479344eb34654e85b16edbb115d4f5f9d4ac16c,63044fe27b7e9d4ceafc789efcfbdbe2a2467031d47d895715d0cb6e7211f769,671,873,448,341
363,in-house,417,CC1=CC2=C(C3=CC=C(SCC(CC)CCCC)S3)C=C4C5=C(C=C(S5)C6=C(C=C(S6)C7=C(C8=C(S7)C9=CC(CCCCCCCC)=C([*])S9)C(C%10=C(CC(CC)CCCC)SC(CC(CC)CCCC)=C%10C8=O)=O)CCCCCCCC)C(C%11=CC=C(SCC(CC)CCCC)S%11)=CC4=C2S1,N#C/C(C#N)=C(C1=CC=CC=C1C2=O)/C2=C/C3=CC4=C(C5=C(C=C6C(C(CCCCCC)(CCCCCC)C7=C6SC(/C=C8/C(C9=CC=CC=C9C8=O)=C(C#N)/C#N)=C7)=C5)C4(CCCCCC)CCCCCC)S3,9.72,CC1=CC2=C(C3=CC=C(SCC(CC)CCCC)S3)C=C4C5=C(C=C(S5)C6=C(C=C(S6)C7=C(C8=C(S7)C9=CC(CCCCCCCC)=C([*])S9)C(C%10=C(CC(CC)CCCC)SC(CC(CC)CCCC)=C%10C8=O)=O)CCCCCCCC)C(C%11=CC=C(SCC(CC)CCCC)S%11)=CC4=C2S1||N#C/C(C#N)=C(C1=CC=CC=C1C2=O)/C2=C/C3=CC4=C(C5=C(C=C6C(C(CCCCCC)(CCCCCC)C7=C6SC(/C=C8/C(C9=CC=CC=C9C8=O)=C(C#N)/C#N)=C7)=C5)C4(CCCCCC)CCCCCC)S3,cf33d12a02c035f0b7d35e9ff1817fab3c52bf748aa5c51f1343fc132d419969,0cc00e1ba2d95fe8288dc072edf395ee6fc3678daa4e12f6703c7be7d2c5a409,d4f252a152fd0aaf35942f5ffb161937b7985676a5ce756d6e012913206e5403,5f93ad691cd2971265909b92399c93b21d095a9f9d9d3688922affc51a12bdda,47e1970a90c0117d1f6262d777bd0081a9c7fda70c85e1f19cb1d09eccdfbc82,1012,455,321,342
364,in-house,418,O=C1C2=C(CC(CC)CCCC)SC(CC(CC)CCCC)=C2C(C3=C(C4=CC=C(C5=CC(C(C6=CC(F)=C(CC(CC)CCCC)S6)=C(SC=C7)C7=C8C9=CC(F)=C(CC(CC)CCCC)S9)=C8S5)S4)SC(C%10=CC=CS%10)=C31)=O,O=C(C1=CC=C(Br)C=C1C/2=C(C#N)\C#N)C2=C/C(S3)=CC=C3C4=CC=C(C5=CC=C(C=C56)C7=CC=C(S7)/C=C8C(C9=CC=C(Br)C=C9C\8=C(C#N)\C#N)=O)C(C6(CCCCCCCC)CCCCCCCC)=C4,9.7,O=C1C2=C(CC(CC)CCCC)SC(CC(CC)CCCC)=C2C(C3=C(C4=CC=C(C5=CC(C(C6=CC(F)=C(CC(CC)CCCC)S6)=C(SC=C7)C7=C8C9=CC(F)=C(CC(CC)CCCC)S9)=C8S5)S4)SC(C%10=CC=CS%10)=C31)=O||O=C(C1=CC=C(Br)C=C1C/2=C(C#N)\C#N)C2=C/C(S3)=CC=C3C4=CC=C(C5=CC=C(C=C56)C7=CC=C(S7)/C=C8C(C9=CC=C(Br)C=C9C\8=C(C#N)\C#N)=O)C(C6(CCCCCCCC)CCCCCCCC)=C4,65482d735aa1f382b817dd8d95b1689b39b0b3c26138949c2680844f1b1f5ea0,bd445a0a564bf4b61b58e01f9d87fed9cc8fe9586a8438ff4f68f35b5ef8730e,c174f761bd97e5940f72aeeb0631967fbfccbc88f02ef26b13b1838c3c4aec7e,222b3996011d0233d2a489c23fc05d43b501611e309c7af88721bee60bb678a1,243ee274ad4b4c9e628c1ed8e73048948d19baca94283a972ad04388e018e933,922,162,148,343
365,in-house,421,O=C(C1=C(CCC(CCCC)CC)SC(CCC(CC)CCCC)=C1C2=O)C(C2=C(C3)C(C4)=CC=C4C5=CC6=C(C(C7=CC=C(CCC(CCCC)CC)S7)=C8C=CSC8=C6C9=CC=C(CCC(CCCC)CC)S9)S5)=C3C%10=CC=CS%10,O=C(C1=CC(Cl)=C(C=C1C/2=C(C#N)\C#N)Cl)C2=C/C3=CC(OCCCCCCCC)=C(C4=CC5=C(C6=CC7=C(C8=C(C7(C9=CC=C(C=C9)CCCCCC)C%10=CC=C(C=C%10)CCCCCC)C=C(C%11=C(OCCCCCCCC)C=C(/C=C%12C(C%13=CC(Cl)=C(C=C%13C\%12=C(C#N)\C#N)Cl)=O)S%11)S8)C=C6C5(C%14=CC=C(C=C%14)CCCCCC)C%15=CC=C(C=C%15)CCCCCC)S4)S3,9.67,O=C(C1=C(CCC(CCCC)CC)SC(CCC(CC)CCCC)=C1C2=O)C(C2=C(C3)C(C4)=CC=C4C5=CC6=C(C(C7=CC=C(CCC(CCCC)CC)S7)=C8C=CSC8=C6C9=CC=C(CCC(CCCC)CC)S9)S5)=C3C%10=CC=CS%10||O=C(C1=CC(Cl)=C(C=C1C/2=C(C#N)\C#N)Cl)C2=C/C3=CC(OCCCCCCCC)=C(C4=CC5=C(C6=CC7=C(C8=C(C7(C9=CC=C(C=C9)CCCCCC)C%10=CC=C(C=C%10)CCCCCC)C=C(C%11=C(OCCCCCCCC)C=C(/C=C%12C(C%13=CC(Cl)=C(C=C%13C\%12=C(C#N)\C#N)Cl)=O)S%11)S8)C=C6C5(C%14=CC=C(C=C%14)CCCCCC)C%15=CC=C(C=C%15)CCCCCC)S4)S3,6f31f3770fd225e382586e20513744e11a328b7cc74c758d48628417c600a02b,a6653ba0f41ec6ed2c028fe1a640d1c79bd52becd21ec5d4ad7bdcdff8383e80,504432f21d2f761a07ad882b7e7b43d917c93b5e348c5349ef9887069b958e61,43a7d8635af12937dd5f85f62b82d814a803f95e05794ba97247d5f7e38537cb,9b8c38fb0b293277f204444cd8cebad684818bcb21a370e6392ebc986d9738d7,370,323,707,344
366,in-house,422,O=C(C1=C(CCC(CCCC)CC)SC(CCC(CC)CCCC)=C1C2=O)C(C2=C(C3)C(C4)=CC=C4C5=CC6=C(C(C7=CC=C(CCC(CCCC)CC)S7)=C8C=CSC8=C6C9=CC=C(CCC(CCCC)CC)S9)S5)=C3C%10=CC=CS%10,O=C(C(C=C(C([H])=C1)[H])=C1C/2=C(C#N)/C#N)C2=C/C3=CC4=C(S3)C5=CC6=C(C=C5C4(C7=CC=C(CC(CCCCCC)CCCC)C=C7)C8=CC=C(CC(CCCCCC)CCCC)C=C8)C9=C(C=C%10C%11=C(C=C(S%11)/C=C%12C(C(C=C(C([H])=C%13)[H])=C%13C\%12=C(C#N)/C#N)=O)C(C%14=CC=C(CC(CCCCCC)CCCC)C=C%14)(C%15=CC=C(CC(CCCCCC)CCCC)C=C%15)C%10=C9)S6,9.66,O=C(C1=C(CCC(CCCC)CC)SC(CCC(CC)CCCC)=C1C2=O)C(C2=C(C3)C(C4)=CC=C4C5=CC6=C(C(C7=CC=C(CCC(CCCC)CC)S7)=C8C=CSC8=C6C9=CC=C(CCC(CCCC)CC)S9)S5)=C3C%10=CC=CS%10||O=C(C(C=C(C([H])=C1)[H])=C1C/2=C(C#N)/C#N)C2=C/C3=CC4=C(S3)C5=CC6=C(C=C5C4(C7=CC=C(CC(CCCCCC)CCCC)C=C7)C8=CC=C(CC(CCCCCC)CCCC)C=C8)C9=C(C=C%10C%11=C(C=C(S%11)/C=C%12C(C(C=C(C([H])=C%13)[H])=C%13C\%12=C(C#N)/C#N)=O)C(C%14=CC=C(CC(CCCCCC)CCCC)C=C%14)(C%15=CC=C(CC(CCCCCC)CCCC)C=C%15)C%10=C9)S6,6f31f3770fd225e382586e20513744e11a328b7cc74c758d48628417c600a02b,092342653c7c402f736b06267a57d0031fed8a2f4b6dfe78262b24d53542d9cd,c115145a5dd809b6e291ae7b1f8f7b4d60d223502bbde92646ae2dd9d5e6c001,0500e04d8b09feaba4b6bf5afbe808317a6a7c72cd6ce41ffd751cb070f7cb11,ebd73288a2130b150b77999ad8eac536c584ecaa641afcdafe817dd0104f4f54,918,26,1103,345
367,in-house,423,O=C(C1=C(CCC(CCCC)CC)SC(CCC(CC)CCCC)=C1C2=O)C(C2=C(C3)C(C4)=CC=C4C5=CC6=C(C(C7=CC=C(CCC(CCCC)CC)S7)=C8C=CSC8=C6C9=CC=C(CCC(CCCC)CC)S9)S5)=C3C%10=CC=CS%10,O=C(C1=C(C=C(F)C(F)=C1)C/2=C(C#N)\C#N)C2=C/C3=CC(C4(CCCCCCCC)CCCCCCCC)=C(S3)C(S5)=C4C=C5C(C6=NSN=C6C(C7=CC8=C(C9=C(C8(CCCCCCCC)CCCCCCCC)C=C(/C=C%10C(C(C=C(F)C(F)=C%11)=C%11C\%10=C(C#N)\C#N)=O)S9)S7)=C%12OCCCCCCCC)=C%12OCCCCCCCC,9.65,O=C(C1=C(CCC(CCCC)CC)SC(CCC(CC)CCCC)=C1C2=O)C(C2=C(C3)C(C4)=CC=C4C5=CC6=C(C(C7=CC=C(CCC(CCCC)CC)S7)=C8C=CSC8=C6C9=CC=C(CCC(CCCC)CC)S9)S5)=C3C%10=CC=CS%10||O=C(C1=C(C=C(F)C(F)=C1)C/2=C(C#N)\C#N)C2=C/C3=CC(C4(CCCCCCCC)CCCCCCCC)=C(S3)C(S5)=C4C=C5C(C6=NSN=C6C(C7=CC8=C(C9=C(C8(CCCCCCCC)CCCCCCCC)C=C(/C=C%10C(C(C=C(F)C(F)=C%11)=C%11C\%10=C(C#N)\C#N)=O)S9)S7)=C%12OCCCCCCCC)=C%12OCCCCCCCC,6f31f3770fd225e382586e20513744e11a328b7cc74c758d48628417c600a02b,adce1fc2db641b8974b4737ceaced735c05096d3b0f34b221ed0f035a931dd69,59c5226269c3a50c8f1ab8b2a71a8d94a6334cce6a480e20f416828db85bc2d4,7f1b4d5ca76ab711d0a399cfefd3b8bb95050fe37ad47523dcf028b249c0cb23,6f97d5da5212ebe46ae09053c53d75092a70b5906ea91a27ebd61035d6bb4a5b,408,606,505,346
368,in-house,424,CC1=CC2=C(C3=C(C(C4=CC=C(S4)SCC)=C2S1)C=C(C5=C(CC6CCCCC6)C=C(C7=C(C(C8=C(SC(CC(CCCC)CC)=C8C9=O)CC(CCCC)CC)=O)C9=C(C%10=CC(CC%11CCCCC%11)=C(S%10)C)S7)S5)S3)C%12=CC=C(S%12)SCC,c12cc3c(cc1C(c1c2sc2c1sc(c2)/C=C\1/C(=C(C#N)C#N)c2c(C1=O)cccc2)(c1ccc(cc1)CCCCCC)c1ccc(cc1)CCCCCC)c1c(C3(c2ccc(cc2)CCCCCC)c2ccc(cc2)CCCCCC)c2c(s1)cc(s2)/C=C\1/C(=C(C#N)C#N)c2c(C1=O)cccc2,9.63,CC1=CC2=C(C3=C(C(C4=CC=C(S4)SCC)=C2S1)C=C(C5=C(CC6CCCCC6)C=C(C7=C(C(C8=C(SC(CC(CCCC)CC)=C8C9=O)CC(CCCC)CC)=O)C9=C(C%10=CC(CC%11CCCCC%11)=C(S%10)C)S7)S5)S3)C%12=CC=C(S%12)SCC||c12cc3c(cc1C(c1c2sc2c1sc(c2)/C=C\1/C(=C(C#N)C#N)c2c(C1=O)cccc2)(c1ccc(cc1)CCCCCC)c1ccc(cc1)CCCCCC)c1c(C3(c2ccc(cc2)CCCCCC)c2ccc(cc2)CCCCCC)c2c(s1)cc(s2)/C=C\1/C(=C(C#N)C#N)c2c(C1=O)cccc2,e9012489a8fbf448ad97b58deaf5a228c251126bf52d5b301c169a36bae05798,202f8607af2cecb83e86b2e4305f8c7e2852bc709bb805b9055691d46a9081c5,e874eddd23a369c20ab4d3ffa09ddfd9f65c825695544992a34e4dcf0cff7989,fe3554eecc7d91f44cd65b885880607ec0d3adbdd5dccb9f4f5ad8b12dfda3f9,ab891cb2b2fe655ebafb51eee965ae33cfeb757aa7949fe0b36aebe459361b66,1097,1182,790,347
369,in-house,425,FC1=C(C(OCC(CCCC)CC)=O)SC2=CSC(C3=CC4=C(C5=C(C(C6=CC=C(CC(CC)CCCC)S6)=C4S3)C=CS5)C7=CC=C(CC(CC)CCCC)S7)=C12,O=C(C/1=C\C2=CC3=C(S2)C(SC4=C5C(C6=CC=C(CC(CC)CCCC)S6)=C7SC8=C(C7=C4C9=CC=C(CC(CC)CCCC)S9)C(C%10=CC=C(CCCCCC)C=C%10)(C%11=CC=C(CCCCCC)C=C%11)C%12=C8SC(/C=C%13C(C%14=CC(F)=C(F)C=C%14C\%13=C(C#N)/C#N)=O)=C%12)=C5C3(C%15=CC=C(CCCCCC)C=C%15)C%16=CC=C(CCCCCC)C=C%16)C%17=CC(F)=C(F)C=C%17C1=C(C#N)/C#N,9.61,FC1=C(C(OCC(CCCC)CC)=O)SC2=CSC(C3=CC4=C(C5=C(C(C6=CC=C(CC(CC)CCCC)S6)=C4S3)C=CS5)C7=CC=C(CC(CC)CCCC)S7)=C12||O=C(C/1=C\C2=CC3=C(S2)C(SC4=C5C(C6=CC=C(CC(CC)CCCC)S6)=C7SC8=C(C7=C4C9=CC=C(CC(CC)CCCC)S9)C(C%10=CC=C(CCCCCC)C=C%10)(C%11=CC=C(CCCCCC)C=C%11)C%12=C8SC(/C=C%13C(C%14=CC(F)=C(F)C=C%14C\%13=C(C#N)/C#N)=O)=C%12)=C5C3(C%15=CC=C(CCCCCC)C=C%15)C%16=CC=C(CCCCCC)C=C%16)C%17=CC(F)=C(F)C=C%17C1=C(C#N)/C#N,2249a87c8fc0450476e55f070a85b71ffa6beb368356c28f1302bad8bac422cb,82546fb7749514056e9e8fc71442d052b231e3cb110450172d169d523f8a4bc6,2f802080cf17a8d49f7cb70400b49f19e26431f6619805f3ef0795e142634ff8,06debcab2022fa99f97a86409aa4d577286cd7de2a6dd88ec984c1ebee2edcf1,3e1eb5b00d81e9ca23e614b07351782a0232b94c71bdc84526f568ad7231c94b,210,33,267,348
370,in-house,426,O=C(C1=C(CCC(CCCC)CC)SC(CCC(CC)CCCC)=C1C2=O)C(C2=C(C3)C(C4)=CC=C4C5=CC6=C(C(C7=CC=C(CCC(CCCC)CC)S7)=C8C=CSC8=C6C9=CC=C(CCC(CCCC)CC)S9)S5)=C3C%10=CC=CS%10,O=C(C1=C(C)SC([CH3])=C1C/2=C(C#N)\C#N)C2=C/C3=CC(C(C4=CC=C(CCCCCC)C=C4)(C5=CC=C(CCCCCC)C=C5)C6=C7SC8=C6C(C9=CC=C(S9)CC(CCCC)CC)=C%10SC(C%11=C(C%12(C%13=CC=C(CCCCCC)C=C%13)C%14=CC=C(CCCCCC)C=C%14)C=C(/C=C%15C(C%16=C(SC([CH3])=C%16C\%15=C(C#N)\C#N)[CH3])=O)S%11)=C%12C%10=C8C%17=CC=C(CC(CC)CCCC)S%17)=C7S3,9.6,O=C(C1=C(CCC(CCCC)CC)SC(CCC(CC)CCCC)=C1C2=O)C(C2=C(C3)C(C4)=CC=C4C5=CC6=C(C(C7=CC=C(CCC(CCCC)CC)S7)=C8C=CSC8=C6C9=CC=C(CCC(CCCC)CC)S9)S5)=C3C%10=CC=CS%10||O=C(C1=C(C)SC([CH3])=C1C/2=C(C#N)\C#N)C2=C/C3=CC(C(C4=CC=C(CCCCCC)C=C4)(C5=CC=C(CCCCCC)C=C5)C6=C7SC8=C6C(C9=CC=C(S9)CC(CCCC)CC)=C%10SC(C%11=C(C%12(C%13=CC=C(CCCCCC)C=C%13)C%14=CC=C(CCCCCC)C=C%14)C=C(/C=C%15C(C%16=C(SC([CH3])=C%16C\%15=C(C#N)\C#N)[CH3])=O)S%11)=C%12C%10=C8C%17=CC=C(CC(CC)CCCC)S%17)=C7S3,6f31f3770fd225e382586e20513744e11a328b7cc74c758d48628417c600a02b,5ea0f8257575f8e436f61dc78805fa9c31620726de1b32f222fb1fed14e5d873,7115cd3e96401654fc7352a798a5f52fd79ce6bc5e88f1f55fabd9770e9f93ba,d49f7b54e5ee0a2c57897b457c8191092f731e0b30996d03b38b214e6bd8d001,06b305c53348db59762ffa8716438c70bda3d6d13a7c7432bf4d0762bd8b4629,514,981,32,349
371,in-house,427,O=C(C1=C(CCC(CCCC)CC)SC(CCC(CC)CCCC)=C1C2=O)C(C2=C(C3)C(C4)=CC=C4C5=CC6=C(C(C7=CC=C(CCC(CCCC)CC)S7)=C8C=CSC8=C6C9=CC=C(CCC(CCCC)CC)S9)S5)=C3C%10=CC=CS%10,O=C(C(C=C(C(Cl)=C1)Cl)=C1C/2=C(C#N)\C#N)C2=C/C3=CC4=C(C(C5(C(C=C6)=CC=C6CCCCCC)C7=CC=C(C=C7)CCCCCC)=C(C(C=C8C9(C%10=CC=C(C=C%10)CCCCCC)C%11=CC=C(C=C%11)CCCCCC)=C5C=C8C%12=C9C%13=C(C=C(S%13)/C=C%14C(C(C=C(C(Cl)=C%15)Cl)=C%15C\%14=C(C#N)\C#N)=O)S%12)S4)S3,9.6,O=C(C1=C(CCC(CCCC)CC)SC(CCC(CC)CCCC)=C1C2=O)C(C2=C(C3)C(C4)=CC=C4C5=CC6=C(C(C7=CC=C(CCC(CCCC)CC)S7)=C8C=CSC8=C6C9=CC=C(CCC(CCCC)CC)S9)S5)=C3C%10=CC=CS%10||O=C(C(C=C(C(Cl)=C1)Cl)=C1C/2=C(C#N)\C#N)C2=C/C3=CC4=C(C(C5(C(C=C6)=CC=C6CCCCCC)C7=CC=C(C=C7)CCCCCC)=C(C(C=C8C9(C%10=CC=C(C=C%10)CCCCCC)C%11=CC=C(C=C%11)CCCCCC)=C5C=C8C%12=C9C%13=C(C=C(S%13)/C=C%14C(C(C=C(C(Cl)=C%15)Cl)=C%15C\%14=C(C#N)\C#N)=O)S%12)S4)S3,6f31f3770fd225e382586e20513744e11a328b7cc74c758d48628417c600a02b,dcf842694d53827077961931c0e460a45a792bc12c0b37ed12451efc871162d4,b905cfd92074c07c944339d53966cdc74f3cd82c0a9e32230e5522c66c258a83,4675368c6d9329a9277293b1a9c6acf0f8dc3baa1865a1957efaff572da376c0,a64b3c6ec8d1f6d06e97dd89d532530c42662656baef0fb31543407ece71a689,871,339,766,350
372,in-house,428,O=C1C2=C(CC(CC)CCCC)SC(CC(CC)CCCC)=C2C(C3=C(C4=CC=C(C5=CC(C(C6=CC(F)=C(CC(CC)CCCC)S6)=C(SC=C7)C7=C8C9=CC(F)=C(CC(CC)CCCC)S9)=C8S5)S4)SC(C%10=CC=CS%10)=C31)=O,CCCCCCC(C=C1)=CC=C1C2(C3=C(C4=C2C(C=C([Se]C5=C6C(C7=CC=C(C=C7)CCCCCC)(C8=C5SC(/C=C9/C(C%10=CC(Br)=C(Br)C=C%10C9=O)=C(C#N)/C#N)=C8)C%11=CC=C(C=C%11)CCCCCC)C6=C%12)=C%12[Se]4)SC(/C=C%13C(C%14=CC(Br)=C(Br)C=C%14C/%13=C(C#N)/C#N)=O)=C3)C(C=C%15)=CC=C%15CCCCCC,9.6,O=C1C2=C(CC(CC)CCCC)SC(CC(CC)CCCC)=C2C(C3=C(C4=CC=C(C5=CC(C(C6=CC(F)=C(CC(CC)CCCC)S6)=C(SC=C7)C7=C8C9=CC(F)=C(CC(CC)CCCC)S9)=C8S5)S4)SC(C%10=CC=CS%10)=C31)=O||CCCCCCC(C=C1)=CC=C1C2(C3=C(C4=C2C(C=C([Se]C5=C6C(C7=CC=C(C=C7)CCCCCC)(C8=C5SC(/C=C9/C(C%10=CC(Br)=C(Br)C=C%10C9=O)=C(C#N)/C#N)=C8)C%11=CC=C(C=C%11)CCCCCC)C6=C%12)=C%12[Se]4)SC(/C=C%13C(C%14=CC(Br)=C(Br)C=C%14C/%13=C(C#N)/C#N)=O)=C3)C(C=C%15)=CC=C%15CCCCCC,65482d735aa1f382b817dd8d95b1689b39b0b3c26138949c2680844f1b1f5ea0,bb569252532d4c713b2f1d1e0bcedb68756a561ae5b7ec548e66afb1fd977a92,be0c0845f16e2c84d12562fd6db09b203ca5aa0599ebe2bd5776128965d954f4,915277fb1cb55f92def01bf09936f2c25b968facc044e4741d2896273b615306,ba565292e3edbe32133690523c0f5172f71ba81257f02c3c81295ec669a704b9,904,680,864,351
373,in-house,429,FC1=C(C(OCC(CCCC)CC)=O)SC2=CSC(C3=CC4=C(C5=C(C(C6=CC=C(CC(CC)CCCC)S6)=C4S3)C=CS5)C7=CC=C(CC(CC)CCCC)S7)=C12,c12cc(c(cc1C(=O)/C(=C\c1sc3c(c1)[Si](c1c3sc3c1c(c1c(c3OC[C@@H](CC)CCCC)c3c(s1)c1c([Si]3(CCCCCCCC)CCCCCCCC)cc(s1)/C=C\1/C(=C(C#N)C#N)c3c(C1=O)cc(c(c3)F)F)OC[C@@H](CC)CCCC)(CCCCCCCC)CCCCCCCC)/C2=C(C#N)C#N)F)F,9.6,FC1=C(C(OCC(CCCC)CC)=O)SC2=CSC(C3=CC4=C(C5=C(C(C6=CC=C(CC(CC)CCCC)S6)=C4S3)C=CS5)C7=CC=C(CC(CC)CCCC)S7)=C12||c12cc(c(cc1C(=O)/C(=C\c1sc3c(c1)[Si](c1c3sc3c1c(c1c(c3OC[C@@H](CC)CCCC)c3c(s1)c1c([Si]3(CCCCCCCC)CCCCCCCC)cc(s1)/C=C\1/C(=C(C#N)C#N)c3c(C1=O)cc(c(c3)F)F)OC[C@@H](CC)CCCC)(CCCCCCCC)CCCCCCCC)/C2=C(C#N)C#N)F)F,2249a87c8fc0450476e55f070a85b71ffa6beb368356c28f1302bad8bac422cb,9110f0f3e3bdbcab6f4961acb09579665ccdf427e94d271af7144908b5430aac,217c64cd749151fae2d21fe07ad62c442e4f1bfc55107e027fd5367f23ce26a8,e131f417270d05b285d1c3fe62300e6c30d621cff31171108bf1ac51ea2f40cc,2e87178f4370c5e64a6b057eb535bb8a2e67c4da37c8fb304d81ff2bc4307e3a,154,1036,208,352
374,in-house,430,O=C(C1=C(CCC(CCCC)CC)SC(CCC(CC)CCCC)=C1C2=O)C(C2=C(C3)C(C4)=CC=C4C5=CC6=C(C(C7=CC=C(CCC(CCCC)CC)S7)=C8C=CSC8=C6C9=CC=C(CCC(CCCC)CC)S9)S5)=C3C%10=CC=CS%10,[H]C1=CC2=C(C(/C(C2=O)=C/C3=CC4=C(C5=C(N4C(CCCCCCCC)CCCCCCCC)C(SC6=C7N(C(CCCCCCCC)CCCCCCCC)C8=C6SC(/C=C9C(C(C=C(C([H])=C%10)[H])=C%10C\9=C(C#N)\C#N)=O)=C8)=C7S5)S3)=C(C#N)\C#N)C=C1[H],9.6,O=C(C1=C(CCC(CCCC)CC)SC(CCC(CC)CCCC)=C1C2=O)C(C2=C(C3)C(C4)=CC=C4C5=CC6=C(C(C7=CC=C(CCC(CCCC)CC)S7)=C8C=CSC8=C6C9=CC=C(CCC(CCCC)CC)S9)S5)=C3C%10=CC=CS%10||[H]C1=CC2=C(C(/C(C2=O)=C/C3=CC4=C(C5=C(N4C(CCCCCCCC)CCCCCCCC)C(SC6=C7N(C(CCCCCCCC)CCCCCCCC)C8=C6SC(/C=C9C(C(C=C(C([H])=C%10)[H])=C%10C\9=C(C#N)\C#N)=O)=C8)=C7S5)S3)=C(C#N)\C#N)C=C1[H],6f31f3770fd225e382586e20513744e11a328b7cc74c758d48628417c600a02b,bc752cb9cda63ac914609afcfc3bec68bc6b8a353fd150a3b61f873a15276e76,393a77e895725abaed1fd2114f64ef4447847e101b858465a6fe4f721500a7a5,d0c39243482526faf5497fd9b2de5974f8dc66fa5413315adf7dea27cc18e1c7,ebc5ad01215d6729d41767d351b63b0ac5780b855881e8451544d01a635a94bd,254,964,1101,353
375,in-house,431,O=C1C2=C(CC(CC)CCCC)SC(CC(CC)CCCC)=C2C(C3=C(C4=CC=C(C5=CC(C(C6=CC(F)=C(CC(CC)CCCC)S6)=C(SC=C7)C7=C8C9=CC(F)=C(CC(CC)CCCC)S9)=C8S5)S4)SC(C%10=CC=CS%10)=C31)=O,O=C(C1=C(Cl)SC=C1C/2=C(C#N)\C#N)C2=C/C3=CC(SC4=C5C(C6=C4C([O]CC(CC)CCCC)=C7C(C([O]CC(CCCC)CC)=C8C(SC9=C%10SC(/C=C%11C(C%12=C(Cl)SC=C%12C\%11=C(C#N)\C#N)=O)=C9)=C%10C(C%13=CC=C(CCCCCC)C=C%13)(C%14=CC=C(CCCCCC)C=C%14)C8=C7)=C6)(C%15=CC=C(CCCCCC)C=C%15)C%16=CC=C(CCCCCC)C=C%16)=C5S3,9.58,O=C1C2=C(CC(CC)CCCC)SC(CC(CC)CCCC)=C2C(C3=C(C4=CC=C(C5=CC(C(C6=CC(F)=C(CC(CC)CCCC)S6)=C(SC=C7)C7=C8C9=CC(F)=C(CC(CC)CCCC)S9)=C8S5)S4)SC(C%10=CC=CS%10)=C31)=O||O=C(C1=C(Cl)SC=C1C/2=C(C#N)\C#N)C2=C/C3=CC(SC4=C5C(C6=C4C([O]CC(CC)CCCC)=C7C(C([O]CC(CCCC)CC)=C8C(SC9=C%10SC(/C=C%11C(C%12=C(Cl)SC=C%12C\%11=C(C#N)\C#N)=O)=C9)=C%10C(C%13=CC=C(CCCCCC)C=C%13)(C%14=CC=C(CCCCCC)C=C%14)C8=C7)=C6)(C%15=CC=C(CCCCCC)C=C%15)C%16=CC=C(CCCCCC)C=C%16)=C5S3,65482d735aa1f382b817dd8d95b1689b39b0b3c26138949c2680844f1b1f5ea0,f5ac6d763c84f84a4fce46cad4cb9665e9136215465d8efea03755cfe16d42ce,8ad8fef2dae3805bf5243b95cd82f550bed46510b42aa9444dbbd8a61a0dbe44,f4de05f8cacb3742f9fdae268bcdd859ad3bacc2fa9b4ecc76a2503502bf20e2,c81bc0988449844db3aedc347223f05f5c8e696247e0bfc8c707d6558e472b3f,634,1139,920,354
376,in-house,432,O=C(C1=C(CCC(CCCC)CC)SC(CCC(CC)CCCC)=C1C2=O)C(C2=C(C3)C(C4)=CC=C4C5=CC6=C(C(C7=CC=C(CCC(CCCC)CC)S7)=C8C=CSC8=C6C9=CC=C(CCC(CCCC)CC)S9)S5)=C3C%10=CC=CS%10,O=C(C(C=C(C(F)=C1)F)=C1C/2=C(C#N)\C#N)C2=C/C3=CC(C4(C5=CC=C(CCCCCC)C=C5)C6=CC=C(CCCCCC)C=C6)=C(S3)C7=C4C(C=C8C9(CCCCCCCC)CCCCCCCC)=C(C=C8C%10=CC%11=C(C=C%109)C%12=C(C%13=C(C%12(C%14=CC=C(CCCCCC)C=C%14)C%15=CC=C(CCCCCC)C=C%15)C=C(/C=C%16C(C(C=C(C(F)=C%17)F)=C%17C\%16=C(C#N)\C#N)=O)S%13)S%11)S7,9.58,O=C(C1=C(CCC(CCCC)CC)SC(CCC(CC)CCCC)=C1C2=O)C(C2=C(C3)C(C4)=CC=C4C5=CC6=C(C(C7=CC=C(CCC(CCCC)CC)S7)=C8C=CSC8=C6C9=CC=C(CCC(CCCC)CC)S9)S5)=C3C%10=CC=CS%10||O=C(C(C=C(C(F)=C1)F)=C1C/2=C(C#N)\C#N)C2=C/C3=CC(C4(C5=CC=C(CCCCCC)C=C5)C6=CC=C(CCCCCC)C=C6)=C(S3)C7=C4C(C=C8C9(CCCCCCCC)CCCCCCCC)=C(C=C8C%10=CC%11=C(C=C%109)C%12=C(C%13=C(C%12(C%14=CC=C(CCCCCC)C=C%14)C%15=CC=C(CCCCCC)C=C%15)C=C(/C=C%16C(C(C=C(C(F)=C%17)F)=C%17C\%16=C(C#N)\C#N)=O)S%13)S%11)S7,6f31f3770fd225e382586e20513744e11a328b7cc74c758d48628417c600a02b,ae4f384c027106c85e8f80c1ed0cce9b8b818112acc6251e45bd16482b206c5f,842b1de489916ef7b22265779a764111e15f62715d88a288c68d4eebb16241d7,eb27e072c6f7f40783bb2235eddeccabb78ea487b10a30bf9fb3c5332c1f0382,37bb8b62b7cf1e9e7de9054c32aaffe610ea6e60c3aed0d764adfbd3d8cb99f0,603,1084,248,355
377,in-house,433,CC1=CC=C(S1)C2=C(C(C3=C(SC(CC(CC)CCCC)=C3C4=O)CC(CCCC)CC)=O)C4=C(C5=CC=C(S5)C6=CC7=C(C8=C(C(C9=CC=C(S9)CC(CCCC)CC)=C7S6)C=C(C)S8)C%10=CC=C(S%10)CC(CCCC)CC)S2,c12cc3c(cc1C(c1c2sc2c1sc(c2)/C=C\1/C(=C(C#N)C#N)c2c(C1=O)cccc2)(c1ccc(cc1)CCCCCC)c1ccc(cc1)CCCCCC)c1c(C3(c2ccc(cc2)CCCCCC)c2ccc(cc2)CCCCCC)c2c(s1)cc(s2)/C=C\1/C(=C(C#N)C#N)c2c(C1=O)cccc2,9.56,CC1=CC=C(S1)C2=C(C(C3=C(SC(CC(CC)CCCC)=C3C4=O)CC(CCCC)CC)=O)C4=C(C5=CC=C(S5)C6=CC7=C(C8=C(C(C9=CC=C(S9)CC(CCCC)CC)=C7S6)C=C(C)S8)C%10=CC=C(S%10)CC(CCCC)CC)S2||c12cc3c(cc1C(c1c2sc2c1sc(c2)/C=C\1/C(=C(C#N)C#N)c2c(C1=O)cccc2)(c1ccc(cc1)CCCCCC)c1ccc(cc1)CCCCCC)c1c(C3(c2ccc(cc2)CCCCCC)c2ccc(cc2)CCCCCC)c2c(s1)cc(s2)/C=C\1/C(=C(C#N)C#N)c2c(C1=O)cccc2,e5537f8ae8f45e9b9c5ee1b749efc13847af7ee1a16cbb7b0f44cca9f10a59a5,202f8607af2cecb83e86b2e4305f8c7e2852bc709bb805b9055691d46a9081c5,2bc254339eefabff2cf38f313d80f76eb0a555158e00315d476a05aa8b04814f,fd356af2e33e581f192b91d6ff0cec02594e3b2b556548229b57d6a1e033d6dd,b5ad0ba928ad88f1da409d50ab65d43b3d0ecfdba815e383a09586928702e5df,191,1178,840,356
378,in-house,435,O=C(C1=C(CCC(CCCC)CC)SC(CCC(CC)CCCC)=C1C2=O)C(C2=C(C3)C(C4)=CC=C4C5=CC6=C(C(C7=CC=C(CCC(CCCC)CC)S7)=C8C=CSC8=C6C9=CC=C(CCC(CCCC)CC)S9)S5)=C3C%10=CC=CS%10,O=C(C(C=CC(C)=C1)=C1C/2=C(C#N)\C#N)C2=C/C3=CC4=C(C(C5(C(C=C6)=CC=C6CCCCCC)C7=CC=C(C=C7)CCCCCC)=C(C(C=C8C9(C%10=CC=C(C=C%10)CCCCCC)C%11=CC=C(C=C%11)CCCCCC)=C5C=C8C%12=C9C%13=C(C=C(S%13)/C=C%14C(C(C=CC(C)=C%15)=C%15C\%14=C(C#N)\C#N)=O)S%12)S4)S3,9.55,O=C(C1=C(CCC(CCCC)CC)SC(CCC(CC)CCCC)=C1C2=O)C(C2=C(C3)C(C4)=CC=C4C5=CC6=C(C(C7=CC=C(CCC(CCCC)CC)S7)=C8C=CSC8=C6C9=CC=C(CCC(CCCC)CC)S9)S5)=C3C%10=CC=CS%10||O=C(C(C=CC(C)=C1)=C1C/2=C(C#N)\C#N)C2=C/C3=CC4=C(C(C5(C(C=C6)=CC=C6CCCCCC)C7=CC=C(C=C7)CCCCCC)=C(C(C=C8C9(C%10=CC=C(C=C%10)CCCCCC)C%11=CC=C(C=C%11)CCCCCC)=C5C=C8C%12=C9C%13=C(C=C(S%13)/C=C%14C(C(C=CC(C)=C%15)=C%15C\%14=C(C#N)\C#N)=O)S%12)S4)S3,6f31f3770fd225e382586e20513744e11a328b7cc74c758d48628417c600a02b,cde7b4c6e67e08b94794272f876a911efd95a80db6963e3814f33de0c9b21cdb,a0e072be53d08a6994145fca2f517fe867bb0a4cf036501fe153cf62dfc715bc,ec52bacb6177305ea5d3bf5ab7785eee8fcce9679fb4cae1472862462b9c21f5,2f500362a69e12a018090e2fb19135297b9b5b2acb6f49c30136f698cda74011,744,1093,213,357
379,in-house,436,O=C(C1=C(CCC(CCCC)CC)SC(CCC(CC)CCCC)=C1C2=O)C(C2=C(C3)C(C4)=CC=C4C5=CC6=C(C(C7=CC=C(CCC(CCCC)CC)S7)=C8C=CSC8=C6C9=CC=C(CCC(CCCC)CC)S9)S5)=C3C%10=CC=CS%10,O=C(C1=CC=CC=C1C/2=C(C#N)/C#N)C2=C/C3=CSC4=C3SC5=C4C(C6=CC7=C(C(C8=CC=CC(COCCCCC)=C8)(C9=CC(COCCCCC)=CC=C9)C%10=C7SC%11=C%10SC=C%11/C=C%12C(C%13=CC=CC=C%13C\%12=C(C#N)/C#N)=O)C=C65)(C%14=CC(COCCCCC)=CC=C%14)C%15=CC=CC(COCCCCC)=C%15,9.55,O=C(C1=C(CCC(CCCC)CC)SC(CCC(CC)CCCC)=C1C2=O)C(C2=C(C3)C(C4)=CC=C4C5=CC6=C(C(C7=CC=C(CCC(CCCC)CC)S7)=C8C=CSC8=C6C9=CC=C(CCC(CCCC)CC)S9)S5)=C3C%10=CC=CS%10||O=C(C1=CC=CC=C1C/2=C(C#N)/C#N)C2=C/C3=CSC4=C3SC5=C4C(C6=CC7=C(C(C8=CC=CC(COCCCCC)=C8)(C9=CC(COCCCCC)=CC=C9)C%10=C7SC%11=C%10SC=C%11/C=C%12C(C%13=CC=CC=C%13C\%12=C(C#N)/C#N)=O)C=C65)(C%14=CC(COCCCCC)=CC=C%14)C%15=CC=CC(COCCCCC)=C%15,6f31f3770fd225e382586e20513744e11a328b7cc74c758d48628417c600a02b,ee46860a254a2993b3290b02e2ef13fb22a899e414e8e5871ba25261a907c1e7,2bb6a252ce5ac73a679863022638c721afe33c8b74ef7400c0df9778377a4ec9,0e487eb9ac11a4b3bc433a7696f7c89a822412d7736a532b23888066d15fd277,9b877779494dad098a2cad98da123e4d51cd1d76ea891909715a82ea79413aa3,190,72,706,358
380,in-house,437,O=C(C1=C(CCC(CCCC)CC)SC(CCC(CC)CCCC)=C1C2=O)C(C2=C(C3)C(C4)=CC=C4C5=CC6=C(C(C7=CC=C(CCC(CCCC)CC)S7)=C8C=CSC8=C6C9=CC=C(CCC(CCCC)CC)S9)S5)=C3C%10=CC=CS%10,O=C(C/1=C\C2=C(C3=C(S2)C(N4C5=CC=C(CCCCCC)C=C5)=C(C6=C4C7=C(C8=NSN=C68)C(SC9=C%10SC(/C=C%11C(C%12=CC(F)=C(C=C%12C\%11=C(C#N)/C#N)F)=O)=C9CCCCCCCCCCC)=C%10N7C%13=CC=C(CCCCCC)C=C%13)S3)CCCCCCCCCCC)C%14=CC(F)=C(F)C=C%14C1=C(C#N)/C#N,9.55,O=C(C1=C(CCC(CCCC)CC)SC(CCC(CC)CCCC)=C1C2=O)C(C2=C(C3)C(C4)=CC=C4C5=CC6=C(C(C7=CC=C(CCC(CCCC)CC)S7)=C8C=CSC8=C6C9=CC=C(CCC(CCCC)CC)S9)S5)=C3C%10=CC=CS%10||O=C(C/1=C\C2=C(C3=C(S2)C(N4C5=CC=C(CCCCCC)C=C5)=C(C6=C4C7=C(C8=NSN=C68)C(SC9=C%10SC(/C=C%11C(C%12=CC(F)=C(C=C%12C\%11=C(C#N)/C#N)F)=O)=C9CCCCCCCCCCC)=C%10N7C%13=CC=C(CCCCCC)C=C%13)S3)CCCCCCCCCCC)C%14=CC(F)=C(F)C=C%14C1=C(C#N)/C#N,6f31f3770fd225e382586e20513744e11a328b7cc74c758d48628417c600a02b,3bc5e962960694d5a8c90d751d3f10c939059169c6882aed8bdcfb92d36d6776,a534277e810461cdf43bffd5784d3e5a6aad3cfe9e12349adbae57591c2e68c1,36db7398f7c4327e22c986b4b0f35d3fd0b7972867263b3a2818ce5402b89424,229fff0e78d5ee68e9748641daaefa7ac3eeded8e8476cfbb21b530ba8ba4604,764,274,141,359
381,in-house,438,FC(C(F)=C(C1=NN(N=C21)CCC(CCCC)CCCCCC)C3=CC=C(S3)C)=C2C(S4)=CC=C4C5=CC(C(CCCC(CCCCCC)CCCC)=C6SC(C)=CC6=C7CCCC(CCCC)CCCCCC)=C7S5,O=C(C(C=C(F)C=C1)=C1C/2=C(C#N)\C#N)C2=C/C(S3)=CC4=C3C(C5(C6=CC=C(CCCCCC)C=C6)C7=CC=C(CCCCCC)C=C7)=C(S4)C8=C5C9=C(CCCCCCCCCCCC)C(S%10)=C(C(CCCCCCCCCCCC)=C9S8)C%11=C%10C(S%12)=C(C%11(C%13=CC=C(CCCCCC)C=C%13)C%14=CC=C(CCCCCC)C=C%14)C%15=C%12C=C(/C=C%16C(C(C=C(F)C=C%17)=C%17C\%16=C(C#N)/C#N)=O)S%15,9.54,FC(C(F)=C(C1=NN(N=C21)CCC(CCCC)CCCCCC)C3=CC=C(S3)C)=C2C(S4)=CC=C4C5=CC(C(CCCC(CCCCCC)CCCC)=C6SC(C)=CC6=C7CCCC(CCCC)CCCCCC)=C7S5||O=C(C(C=C(F)C=C1)=C1C/2=C(C#N)\C#N)C2=C/C(S3)=CC4=C3C(C5(C6=CC=C(CCCCCC)C=C6)C7=CC=C(CCCCCC)C=C7)=C(S4)C8=C5C9=C(CCCCCCCCCCCC)C(S%10)=C(C(CCCCCCCCCCCC)=C9S8)C%11=C%10C(S%12)=C(C%11(C%13=CC=C(CCCCCC)C=C%13)C%14=CC=C(CCCCCC)C=C%14)C%15=C%12C=C(/C=C%16C(C(C=C(F)C=C%17)=C%17C\%16=C(C#N)/C#N)=O)S%15,45e95ea37da5bc3e18f2c067cb95f73c851335176098d8fca22fcb29952b2779,584d18a54cda29e39584acace3dd42d114fb8e15e5ce0c6d6ef862c4824c0a5c,8acbefde3ccc413a2f9b5dd2454b313ea009563052da150bf371701b116fe40f,90ab22e3374b2fba6ce6b44bb659d949d1337b2f4446191e097ef4ca0d88075c,1327b5a3b4eeffce25d4cd14a0f14c892598159b3346a3bdbfab678ee91d356d,632,678,82,265
382,in-house,439,FC(C(F)=C(C1=NN(N=C21)CCC(CCCC)CCCCCC)C3=CC=C(S3)C)=C2C(S4)=CC=C4C5=CC(C(CCCC(CCCCCC)CCCC)=C6SC(C)=CC6=C7CCCC(CCCC)CCCCCC)=C7S5,O=C(C(C=C(F)C=C1)=C1C/2=C(C#N)\C#N)C2=C/C(S3)=CC4=C3C(C5(C6=CC=C(CCCCCC)C=C6)C7=CC=C(CCCCCC)C=C7)=C(S4)C8=C5C9=C(C)C(S%10)=C(C(C)=C9S8)C%11=C%10C(S%12)=C(C%11(C%13=CC=C(CCCCCC)C=C%13)C%14=CC=C(CCCCCC)C=C%14)C%15=C%12C=C(/C=C%16C(C(C=C(F)C=C%17)=C%17C\%16=C(C#N)/C#N)=O)S%15,9.52,FC(C(F)=C(C1=NN(N=C21)CCC(CCCC)CCCCCC)C3=CC=C(S3)C)=C2C(S4)=CC=C4C5=CC(C(CCCC(CCCCCC)CCCC)=C6SC(C)=CC6=C7CCCC(CCCC)CCCCCC)=C7S5||O=C(C(C=C(F)C=C1)=C1C/2=C(C#N)\C#N)C2=C/C(S3)=CC4=C3C(C5(C6=CC=C(CCCCCC)C=C6)C7=CC=C(CCCCCC)C=C7)=C(S4)C8=C5C9=C(C)C(S%10)=C(C(C)=C9S8)C%11=C%10C(S%12)=C(C%11(C%13=CC=C(CCCCCC)C=C%13)C%14=CC=C(CCCCCC)C=C%14)C%15=C%12C=C(/C=C%16C(C(C=C(F)C=C%17)=C%17C\%16=C(C#N)/C#N)=O)S%15,45e95ea37da5bc3e18f2c067cb95f73c851335176098d8fca22fcb29952b2779,42725007662ea87d0f202b8705aebecabb60efac20730af20b536334f23baebc,e18842cbf68bea59292f6d00902138a649eda0c590e6b554a41789944a8283d6,320e1676045ad9ef2ed1318e191007bc8558258a594ccd1b12de01164318c8de,ab1a8498878c93d8c7475f2fa0515a60bbf24092473889805ca91653d0008296,1069,256,789,360
383,in-house,440,O=C(C1=C(CCC(CCCC)CC)SC(CCC(CC)CCCC)=C1C2=O)C(C2=C(C3)C(C4)=CC=C4C5=CC6=C(C(C7=CC=C(CCC(CCCC)CC)S7)=C8C=CSC8=C6C9=CC=C(CCC(CCCC)CC)S9)S5)=C3C%10=CC=CS%10,O=C(C1=CSC=C1C/2=C(C#N)\C#N)C2=C/C3=CSC(C4=CC5=C(C(C=C6C(C7=CC=C(C=C7)CCCCCC)(C8=CC=C(C=C8)CCCCCC)C9=C(SC(C%10=C(OCCCCCCCC)C(/C=C%11C(C%12=CSC=C%12C\%11=C(C#N)\C#N)=O)=CS%10)=C9)C6=C%13)=C%13C5(C(C=C%14)=CC=C%14CCCCCC)C(C=C%15)=CC=C%15CCCCCC)S4)=C3OCCCCCCCC,9.51,O=C(C1=C(CCC(CCCC)CC)SC(CCC(CC)CCCC)=C1C2=O)C(C2=C(C3)C(C4)=CC=C4C5=CC6=C(C(C7=CC=C(CCC(CCCC)CC)S7)=C8C=CSC8=C6C9=CC=C(CCC(CCCC)CC)S9)S5)=C3C%10=CC=CS%10||O=C(C1=CSC=C1C/2=C(C#N)\C#N)C2=C/C3=CSC(C4=CC5=C(C(C=C6C(C7=CC=C(C=C7)CCCCCC)(C8=CC=C(C=C8)CCCCCC)C9=C(SC(C%10=C(OCCCCCCCC)C(/C=C%11C(C%12=CSC=C%12C\%11=C(C#N)\C#N)=O)=CS%10)=C9)C6=C%13)=C%13C5(C(C=C%14)=CC=C%14CCCCCC)C(C=C%15)=CC=C%15CCCCCC)S4)=C3OCCCCCCCC,6f31f3770fd225e382586e20513744e11a328b7cc74c758d48628417c600a02b,4ad1ac36aa75eed78d5df97d867564fa1a85a158e9e971b8382bc18ee822b001,93a7f30eb7183865a398a9759b5973f4207c30790491116a1e6cbb5e8ff5918d,2598bc4ac20e8f43765a93b335f9ce43d372cd901f03b69b8c6eebdfb37e9209,730a8e3b3de7001f6da81c28c2b30217015965ce49cb641d69fa814d0c08f2a6,674,182,518,361
384,in-house,441,FC(C=C(C1=C2SC=CC2=C(C3=CC(F)=C(CC(CCCC)CC)S3)C4=C1C=C(C5=CC=C(C6=C(C(C(C7=C(CC(CCCC)CC)SC(CC(CC)CCCC)=C78)=O)=C(C9=CC=CC9)S6)C8=O)S5)S4)S%10)=C%10CC(CC)CCCC,O=C(C1=C(C/2=C(C#N)/C#N)C=CS1)C2=C/C3=CC(SC4=C5C(C6=CC=C(C=C6)CCCCCC)(C7=C4C=C8C(C(C=C9)=CC=C9CCCCCC)(C%10=C(C8=C7)SC%11=C%10SC(/C=C%12C(C%13=C(C\%12=C(C#N)/C#N)C=CS%13)=O)=C%11)C%14=CC=C(C=C%14)CCCCCC)C%15=CC=C(CCCCCC)C=C%15)=C5S3,9.51,FC(C=C(C1=C2SC=CC2=C(C3=CC(F)=C(CC(CCCC)CC)S3)C4=C1C=C(C5=CC=C(C6=C(C(C(C7=C(CC(CCCC)CC)SC(CC(CC)CCCC)=C78)=O)=C(C9=CC=CC9)S6)C8=O)S5)S4)S%10)=C%10CC(CC)CCCC||O=C(C1=C(C/2=C(C#N)/C#N)C=CS1)C2=C/C3=CC(SC4=C5C(C6=CC=C(C=C6)CCCCCC)(C7=C4C=C8C(C(C=C9)=CC=C9CCCCCC)(C%10=C(C8=C7)SC%11=C%10SC(/C=C%12C(C%13=C(C\%12=C(C#N)/C#N)C=CS%13)=O)=C%11)C%14=CC=C(C=C%14)CCCCCC)C%15=CC=C(CCCCCC)C=C%15)=C5S3,61eee9608e36bdb1d3a96a3ad1baa39916f3a546e29d11481966a5a2d3d30f3c,7d6d487d6182ffc91e3d540c6b4e194236c4a5c6de58c9f73b2fe82fecf56c74,1bb2abfe664d38d85682d0b4807ab87355ca84a17704b44384b88b9788583feb,b7c253335f66f834dcff8b590c45acd0d83938b9a1082c0162a1fe8101eb18ac,ad82f28fde37d3b305fd5a5533a8989c93f1080d39c48e07ac9723f9316d541b,133,834,798,362
385,in-house,443,CC1=CC2=C(C3=C(C(C4=CC=C(S4)CC(CCCC)CC)=C2S1)C=C(C5=C6SC(C(OCCCCCCCC)=O)=C(F)C6=C(C)S5)S3)C7=CC=C(S7)CC(CC)CCCC,O=C1C(/C(C2=C1C=CC=C2)=C(C#N)\C#N)=C\C3=CC(OCC(CCCC)CC)=C(C4=CC(C(C5=CC(C6=C7C=C(C8=C(C=C(/C=C(C9=O)/C(C%10=C9C=CC=C%10)=C(C#N)\C#N)S8)OCC(CCCC)CC)S6)=C(C7(C%11=CC=C(C=C%11)CCCCCC)C%12=CC=C(C=C%12)CCCCCC)C=C%135)(C%14=CC=C(C=C%14)CCCCCC)C(C=C%15)=CC=C%15CCCCCC)=C%13S4)S3,9.5,CC1=CC2=C(C3=C(C(C4=CC=C(S4)CC(CCCC)CC)=C2S1)C=C(C5=C6SC(C(OCCCCCCCC)=O)=C(F)C6=C(C)S5)S3)C7=CC=C(S7)CC(CC)CCCC||O=C1C(/C(C2=C1C=CC=C2)=C(C#N)\C#N)=C\C3=CC(OCC(CCCC)CC)=C(C4=CC(C(C5=CC(C6=C7C=C(C8=C(C=C(/C=C(C9=O)/C(C%10=C9C=CC=C%10)=C(C#N)\C#N)S8)OCC(CCCC)CC)S6)=C(C7(C%11=CC=C(C=C%11)CCCCCC)C%12=CC=C(C=C%12)CCCCCC)C=C%135)(C%14=CC=C(C=C%14)CCCCCC)C(C=C%15)=CC=C%15CCCCCC)=C%13S4)S3,3d9c0befa06bb2810ddc9e4032d74c65ab7eb2f94d7fa02e1bf3d1ba983cc011,87476fb90d0db17e58b2a62e38ecc6765e2842c257a662603688167ffd1038b6,bb4dceadcfbf4995fa7fc395e1b4dc9ec2354f4f0dc14ad149a088a5d0718fd0,302683f784d269d0652a6122edb9577df458b9ddaedfe6cad96d484cf50eeaed,6aaeff1770234017229ac885ca50d0c3f267f5b1b3b4bccca00c9f6d614cf22a,886,238,481,363
386,in-house,444,O=C(C1=C(CCC(CCCC)CC)SC(CCC(CC)CCCC)=C1C2=O)C(C2=C(C3)C(C4)=CC=C4C5=CC6=C(C(C7=CC=C(CCC(CCCC)CC)S7)=C8C=CSC8=C6C9=CC=C(CCC(CCCC)CC)S9)S5)=C3C%10=CC=CS%10,[F]C1=CC2=C(C(/C(C2=O)=C/C3=CC4=C(C5=C(C4(CCCCCC)CCCCCC)C=C(C6=CC7=C(C8=C(C7(CCCCCC)CCCCCC)C=C(/C=C9C(C(C=C(C([F])=C%10)[F])=C%10C\9=C(C#N)\C#N)=O)S8)S6)S5)S3)=C(C#N)\C#N)C=C1[F],9.47,O=C(C1=C(CCC(CCCC)CC)SC(CCC(CC)CCCC)=C1C2=O)C(C2=C(C3)C(C4)=CC=C4C5=CC6=C(C(C7=CC=C(CCC(CCCC)CC)S7)=C8C=CSC8=C6C9=CC=C(CCC(CCCC)CC)S9)S5)=C3C%10=CC=CS%10||[F]C1=CC2=C(C(/C(C2=O)=C/C3=CC4=C(C5=C(C4(CCCCCC)CCCCCC)C=C(C6=CC7=C(C8=C(C7(CCCCCC)CCCCCC)C=C(/C=C9C(C(C=C(C([F])=C%10)[F])=C%10C\9=C(C#N)\C#N)=O)S8)S6)S5)S3)=C(C#N)\C#N)C=C1[F],6f31f3770fd225e382586e20513744e11a328b7cc74c758d48628417c600a02b,7fac24195f2a86ebc6a005d23a8ac9f1db14af3b4b858a0670055dd5d4a36abc,8aefedfff906f7e8def727236aaba4b33d1e987dfe66a1c087ab71d00abee6ea,9579821c211bf43dec573bec64861c076bedd33e2e4eaed58bbfa096673fa2f4,5b52c1680a5e83dfef13b8df9450c86cd99676f65b71ba90f59c4f49fc76a8f9,635,700,410,364
387,in-house,447,CC1=CC2=C(C(C(C3=CC(CCCCCC)=C(S3)CC(CCCC)CC)=C4SC(C=C5C(S6)=CC=C6C(C7=NN(CCCCCCCC)N=C87)=C(C(N(C9=O)CCCCCCCC)=O)C9=C8C%10=CC=C(C)S%10)=C(S5)C4=C%11C%12=CC(CCCCCC)=C(S%12)CC(CCCC)CC)=C%11S2)S1,c12cc3c(cc1C(c1c2sc2c1sc(c2)/C=C\1/C(=C(C#N)C#N)c2c(C1=O)cccc2)(c1ccc(cc1)CCCCCC)c1ccc(cc1)CCCCCC)c1c(C3(c2ccc(cc2)CCCCCC)c2ccc(cc2)CCCCCC)c2c(s1)cc(s2)/C=C\1/C(=C(C#N)C#N)c2c(C1=O)cccc2,9.43,CC1=CC2=C(C(C(C3=CC(CCCCCC)=C(S3)CC(CCCC)CC)=C4SC(C=C5C(S6)=CC=C6C(C7=NN(CCCCCCCC)N=C87)=C(C(N(C9=O)CCCCCCCC)=O)C9=C8C%10=CC=C(C)S%10)=C(S5)C4=C%11C%12=CC(CCCCCC)=C(S%12)CC(CCCC)CC)=C%11S2)S1||c12cc3c(cc1C(c1c2sc2c1sc(c2)/C=C\1/C(=C(C#N)C#N)c2c(C1=O)cccc2)(c1ccc(cc1)CCCCCC)c1ccc(cc1)CCCCCC)c1c(C3(c2ccc(cc2)CCCCCC)c2ccc(cc2)CCCCCC)c2c(s1)cc(s2)/C=C\1/C(=C(C#N)C#N)c2c(C1=O)cccc2,22965a3dce4f0b256c343c6b58862359cb6eb21353205d3fc4e572cc9f729e19,202f8607af2cecb83e86b2e4305f8c7e2852bc709bb805b9055691d46a9081c5,525ab77ce43b8a266c61844359ea604246f40a26bed5a39ec8f5b7828bf589d0,5cb49cddcbf556d38135e1fe2d0321eba604bde0538e3ee082649b3bf38041e1,812042f68c71a834475f232104052fa316b7f6b277d33eabdd712d483c536274,374,439,585,365
388,in-house,448,O=C(C1=C(CCC(CCCC)CC)SC(CCC(CC)CCCC)=C1C2=O)C(C2=C(C3)C(C4)=CC=C4C5=CC6=C(C(C7=CC=C(CCC(CCCC)CC)S7)=C8C=CSC8=C6C9=CC=C(CCC(CCCC)CC)S9)S5)=C3C%10=CC=CS%10,CC1(C(C=C(C=C2C3=C(C=C(S3)/C=C4C(C(C=CC=C5)=C5C\4=C(C#N)\C#N)=O)C(CCCCCCCC)(CCCCCCCC)C2=C6)C6=C7)=C7C8=C1C=C(/C=C9C(C(C=CC=C%10)=C%10C\9=C(C#N)/C#N)=O)S8)CCCCCCCC,9.43,O=C(C1=C(CCC(CCCC)CC)SC(CCC(CC)CCCC)=C1C2=O)C(C2=C(C3)C(C4)=CC=C4C5=CC6=C(C(C7=CC=C(CCC(CCCC)CC)S7)=C8C=CSC8=C6C9=CC=C(CCC(CCCC)CC)S9)S5)=C3C%10=CC=CS%10||CC1(C(C=C(C=C2C3=C(C=C(S3)/C=C4C(C(C=CC=C5)=C5C\4=C(C#N)\C#N)=O)C(CCCCCCCC)(CCCCCCCC)C2=C6)C6=C7)=C7C8=C1C=C(/C=C9C(C(C=CC=C%10)=C%10C\9=C(C#N)/C#N)=O)S8)CCCCCCCC,6f31f3770fd225e382586e20513744e11a328b7cc74c758d48628417c600a02b,4511daa0ef15ade5c3a81c23389a571affb1cf62ef675b489e7331ac38eaf638,eb1dec02f4fa2a52db18c19ef658b6e02836a1b1cc47d54600266268b28cfa82,3f2c4ef84e4a5305d7d3a616a580ea683ce9f6e4c608a70362e8494ef276049e,e069feb96a8e5eeb1817e5bde17307115c24de8dcbd1cb7a6b8ef8d34fe97dd0,1107,308,1039,366
389,in-house,449,FC1=C(C(OCC(CCCC)CC)=O)SC2=CSC(C3=CC4=C(C5=C(C(C6=CC=C(CC(CC)CCCC)S6)=C4S3)C=CS5)C7=CC=C(CC(CC)CCCC)S7)=C12,FC1=C(C(OC(CC)CCCCC)=O)SC2=C(/C=C3C(C4=C(C=C(C(F)=C4)F)C\3=C(C#N)\C#N)=O)SC(C5=CC6=C(S5)C7=C(C=C(C(C8(C9C=CC(CCCCCC)=CC9)C%10=CC=C(C=C%10)CCCCCC)=C7)C%11=C8C=C(S%11)C%12=C%13C(SC(C(OC(CC)CCCCC)=O)=C%13F)=C(S%12)/C=C%14C(C%15=C(C=C(C(F)=C%15)F)C\%14=C(C#N)\C#N)=O)C6(C%16=CC=C(C=C%16)CCCCCC)C%17=CC=C(C=C%17)CCCCCC)=C12,9.43,FC1=C(C(OCC(CCCC)CC)=O)SC2=CSC(C3=CC4=C(C5=C(C(C6=CC=C(CC(CC)CCCC)S6)=C4S3)C=CS5)C7=CC=C(CC(CC)CCCC)S7)=C12||FC1=C(C(OC(CC)CCCCC)=O)SC2=C(/C=C3C(C4=C(C=C(C(F)=C4)F)C\3=C(C#N)\C#N)=O)SC(C5=CC6=C(S5)C7=C(C=C(C(C8(C9C=CC(CCCCCC)=CC9)C%10=CC=C(C=C%10)CCCCCC)=C7)C%11=C8C=C(S%11)C%12=C%13C(SC(C(OC(CC)CCCCC)=O)=C%13F)=C(S%12)/C=C%14C(C%15=C(C=C(C(F)=C%15)F)C\%14=C(C#N)\C#N)=O)C6(C%16=CC=C(C=C%16)CCCCCC)C%17=CC=C(C=C%17)CCCCCC)=C12,2249a87c8fc0450476e55f070a85b71ffa6beb368356c28f1302bad8bac422cb,063f788ba366c87fe91c24396de8949b086efbb7616e8cd0836445ad42f7065f,0496f11eecddd65162d7027a05d8207b146216698c463ccf01767ae3b0a98982,b8efae3fb4c197e2c26ff34ea841ac1a142dfb6d00acbb5489fea542cd8eb6c1,e1b81fd1d50899c73eb75646c1673ebdb6d74f892a8619970c22563cf31c13f8,21,840,1051,367
390,in-house,452,FC(C(OCC(CCCCCC)CCCCCCCC)=C(C1=NSN=C21)C3=CC=C(S3)C4=CC5=C(C6=C(C(C7=CC=C(S7)CC(CCCC)CC)=C5S4)C=C(C)S6)C8=CC=C(S8)CC(CC)CCCC)=C2C9=CC=C(C)S9,FC1=CC2=C(C(/C(C2=O)=C/C3=CC(OCC(CC)CCCC)=C(S3)C4=CC5=C(S4)C6=CC(C7(C8=CC=C(CCCCCC)C=C8)C9=CC=C(CCCCCC)C=C9)=C(C%10=C7C=C(S%10)C%11=C(OCC(CC)CCCC)C=C(S%11)/C=C(/C(C%12=C%13C=C(F)C(F)=C%12)=C(C#N)\C#N)C%13=O)C=C6C5(C%14=CC=C(CCCCCC)C=C%14)C%15=CC=C(CCCCCC)C=C%15)=C(C#N)/C#N)C=C1F,9.4,FC(C(OCC(CCCCCC)CCCCCCCC)=C(C1=NSN=C21)C3=CC=C(S3)C4=CC5=C(C6=C(C(C7=CC=C(S7)CC(CCCC)CC)=C5S4)C=C(C)S6)C8=CC=C(S8)CC(CC)CCCC)=C2C9=CC=C(C)S9||FC1=CC2=C(C(/C(C2=O)=C/C3=CC(OCC(CC)CCCC)=C(S3)C4=CC5=C(S4)C6=CC(C7(C8=CC=C(CCCCCC)C=C8)C9=CC=C(CCCCCC)C=C9)=C(C%10=C7C=C(S%10)C%11=C(OCC(CC)CCCC)C=C(S%11)/C=C(/C(C%12=C%13C=C(F)C(F)=C%12)=C(C#N)\C#N)C%13=O)C=C6C5(C%14=CC=C(CCCCCC)C=C%14)C%15=CC=C(CCCCCC)C=C%15)=C(C#N)/C#N)C=C1F,24d3b6c278d224ca08137e08291886ccaa368c83f90ad2b57be3ad85da1304f1,0a6189846e89cf828a3f20d50d9d712b7538b2d40776aced38f06bfa2a63caa3,4eb6571773ec5d07a6a97e738ca4a9e5fe616c9ffd04b33fbe212345697d21d9,3867c63cfb265a54c218582ebc94ec1b0a9dc46d0165429dafe3139589b1490a,e5f56db3ad2b9989bb6fb44ade46678069d262609b0c3bb0030b79af02921b3c,363,279,1071,368
391,in-house,453,FC1=C(C(OCC(CCCC)CC)=O)SC2=CSC(C3=CC4=C(C5=C(C(C6=CC=C(CC(CC)CCCC)S6)=C4S3)C=CS5)C7=CC=C(CC(CC)CCCC)S7)=C12,C1(=S)S/C(=C/c2oc(cc2)c2ccc(c3c2nsn3)c2cc3c(cc2)c2c([C@@]3(C[C@@H](CC)CCCC)C[C@H](CC)CCCC)cc(cc2)c2c3c(c(cc2)c2ccc(o2)/C=C/2\C(=O)N(C(=S)S2)CC)nsn3)/C(=O)N1CC,9.4,FC1=C(C(OCC(CCCC)CC)=O)SC2=CSC(C3=CC4=C(C5=C(C(C6=CC=C(CC(CC)CCCC)S6)=C4S3)C=CS5)C7=CC=C(CC(CC)CCCC)S7)=C12||C1(=S)S/C(=C/c2oc(cc2)c2ccc(c3c2nsn3)c2cc3c(cc2)c2c([C@@]3(C[C@@H](CC)CCCC)C[C@H](CC)CCCC)cc(cc2)c2c3c(c(cc2)c2ccc(o2)/C=C/2\C(=O)N(C(=S)S2)CC)nsn3)/C(=O)N1CC,2249a87c8fc0450476e55f070a85b71ffa6beb368356c28f1302bad8bac422cb,dc89b6d48d63d84a4e7a6c663579b03b650814a938f2693faba3392c2e4c8c04,f393d1d0c6f1d35d75c1672161936a0ff6abdd575068b3bc8a382b4e6839b1c4,2689d348d9772dd4d59c56d3344c026ced8d222ce98a83a5e9584f51cc47e3f2,368adbbbe44a13d381167fcebd7d4ec53bbddf0c9e04c8a9919cef2fae3afa7f,1144,190,243,369
392,in-house,454,O=C(C1=C(CCC(CCCC)CC)SC(CCC(CC)CCCC)=C1C2=O)C(C2=C(C3)C(C4)=CC=C4C5=CC6=C(C(C7=CC=C(CCC(CCCC)CC)S7)=C8C=CSC8=C6C9=CC=C(CCC(CCCC)CC)S9)S5)=C3C%10=CC=CS%10,CCN(C/1=O)/C(SC1=C/C(C2=NSN=C32)=CC=C3C(C=C4)=CC5=C4C(C=CC(C6=CC=C(C7=NSN=C67)/C=C8S/C(N(C\8=O)CC)=C(C#N)\C#N)=C9)=C9C5%10C%11=C(C=C(C=C%11)OCCCCCCCC)C%12=C%10C=CC(OCCCCCCCC)=C%12)=C(C#N)\C#N,9.39,O=C(C1=C(CCC(CCCC)CC)SC(CCC(CC)CCCC)=C1C2=O)C(C2=C(C3)C(C4)=CC=C4C5=CC6=C(C(C7=CC=C(CCC(CCCC)CC)S7)=C8C=CSC8=C6C9=CC=C(CCC(CCCC)CC)S9)S5)=C3C%10=CC=CS%10||CCN(C/1=O)/C(SC1=C/C(C2=NSN=C32)=CC=C3C(C=C4)=CC5=C4C(C=CC(C6=CC=C(C7=NSN=C67)/C=C8S/C(N(C\8=O)CC)=C(C#N)\C#N)=C9)=C9C5%10C%11=C(C=C(C=C%11)OCCCCCCCC)C%12=C%10C=CC(OCCCCCCCC)=C%12)=C(C#N)\C#N,6f31f3770fd225e382586e20513744e11a328b7cc74c758d48628417c600a02b,487e399f84ae3cdd5548164a7569da9645a4a8a16104e2ffdf46c1cb1d095450,328b56c274d267ce68c44d38ee075a7c859cfa4f091190bb1153ad05c2da752f,a19fc6408e42f599e73946c44a53fdd1be8a11e3e525f480dba8f88efbc4f6e3,c771d567b0b963e8d28acfa57dd6ecd3d482270164711d8f35c0c29c4e0331f4,225,756,914,370
393,in-house,455,O=C(C1=C(CCC(CCCC)CC)SC(CCC(CC)CCCC)=C1C2=O)C(C2=C(C3)C(C4)=CC=C4C5=CC6=C(C(C7=CC=C(CCC(CCCC)CC)S7)=C8C=CSC8=C6C9=CC=C(CCC(CCCC)CC)S9)S5)=C3C%10=CC=CS%10,O=C(C1=CC(C)=CC=C1C/2=C(C#N)/C#N)C2=C/C3=CC(CC(CCCCCCCC)(CCCCCCCC)C4=CC(C5=C(OC6(CCCCCCCC)CCCCCCCC)C=C(/C=C7C(C8=CC(C)=CC=C8C\7=C(C#N)/C#N)=O)S5)=C6C=C94)=C9S3,9.39,O=C(C1=C(CCC(CCCC)CC)SC(CCC(CC)CCCC)=C1C2=O)C(C2=C(C3)C(C4)=CC=C4C5=CC6=C(C(C7=CC=C(CCC(CCCC)CC)S7)=C8C=CSC8=C6C9=CC=C(CCC(CCCC)CC)S9)S5)=C3C%10=CC=CS%10||O=C(C1=CC(C)=CC=C1C/2=C(C#N)/C#N)C2=C/C3=CC(CC(CCCCCCCC)(CCCCCCCC)C4=CC(C5=C(OC6(CCCCCCCC)CCCCCCCC)C=C(/C=C7C(C8=CC(C)=CC=C8C\7=C(C#N)/C#N)=O)S5)=C6C=C94)=C9S3,6f31f3770fd225e382586e20513744e11a328b7cc74c758d48628417c600a02b,f2c79108b32662224666d12d2fc8d6c3f2d2944685f476890bd4487116dce41f,b48a7e4f71a332e5857966941c4685e353acd4f82808d655f3bc6c11a1bf9594,8d6bb5de0cfa38c56dd1f8992d07c32e7552d873fe095b758e76367d1af18885,b96cef5541aea8ecbff56dfbc5825a56ab5af19c4d49e03c49cd13393117d5ed,842,663,859,371
394,in-house,456,O=C(C1=C(SC(C2=CC=C(S2)C3=CC(C(C4=CC(F)=C(S4)SCCCCCCCC)=C5SC(C)=CC5=C6C7=CC(F)=C(S7)SCCCCCCCC)=C6S3)=C18)C9=CC=C(S9)C)C%10=C(SC(CCCCCCCC)=C%10C8=O)CCCCCCCC,N#C/C(C#N)=C(C1=CC=CC=C1C2=O)/C2=C/C3=CC4=C(C5=C(C=C6C(C(CCCCCC)(CCCCCC)C7=C6SC(/C=C8/C(C9=CC=CC=C9C8=O)=C(C#N)/C#N)=C7)=C5)C4(CCCCCC)CCCCCC)S3,9.39,O=C(C1=C(SC(C2=CC=C(S2)C3=CC(C(C4=CC(F)=C(S4)SCCCCCCCC)=C5SC(C)=CC5=C6C7=CC(F)=C(S7)SCCCCCCCC)=C6S3)=C18)C9=CC=C(S9)C)C%10=C(SC(CCCCCCCC)=C%10C8=O)CCCCCCCC||N#C/C(C#N)=C(C1=CC=CC=C1C2=O)/C2=C/C3=CC4=C(C5=C(C=C6C(C(CCCCCC)(CCCCCC)C7=C6SC(/C=C8/C(C9=CC=CC=C9C8=O)=C(C#N)/C#N)=C7)=C5)C4(CCCCCC)CCCCCC)S3,f99b7ce32848c40274f819691abe7f2348a9c079e1da0cb5c1ae130ebdd8408c,0cc00e1ba2d95fe8288dc072edf395ee6fc3678daa4e12f6703c7be7d2c5a409,4700beddc75a87cb8707eefafb53eadbe5b7f9a9c50a60743cdd3d3e34c3d565,d6fcb5066777219b8f3a65a0224d0294b06ebd6552b1d49086d2b19bdca6af7b,79c2f9528f9fc2865aadf11baf9142691dbf4b2214f4e3f84d2d39fdd78e2faa,330,997,548,372
395,in-house,457,FC1=C(C(OCC(CCCC)CC)=O)SC2=CSC(C3=CC4=C(C5=C(C(C6=CC=C(CC(CC)CCCC)S6)=C4S3)C=CS5)C7=CC=C(CC(CC)CCCC)S7)=C12,O=C(/C(SC1=S)=C/C2=CC=C(S2)C3=CC=C(S3)/C=C4SC(N(C\4=O)CCCCCCCC)=S)N1CCCCCCCC,9.39,FC1=C(C(OCC(CCCC)CC)=O)SC2=CSC(C3=CC4=C(C5=C(C(C6=CC=C(CC(CC)CCCC)S6)=C4S3)C=CS5)C7=CC=C(CC(CC)CCCC)S7)=C12||O=C(/C(SC1=S)=C/C2=CC=C(S2)C3=CC=C(S3)/C=C4SC(N(C\4=O)CCCCCCCC)=S)N1CCCCCCCC,2249a87c8fc0450476e55f070a85b71ffa6beb368356c28f1302bad8bac422cb,4b70166cd807d42aa9b9b76e9a26b8b7a45ad6705dc61ff7e0cf491cb076b017,5d49a9663a78f30fc16b195f1775f5176306c7970a8970f59e7a3329d86d70e0,f72db3f4a6de49cc438204b758be14a64fa7bdce64367ea86411e7e38c13061a,bb43d36f8ef3a91099901ecac55bcf5d7f9df6322929d76ed564be87d80b3c58,418,1149,868,373
396,in-house,458,CCCCCCC(C=C1)=CC=C1SC(C([H])=C2[H])=CC=C2C(C3=C(C(C4=CC=C(C([H])=C4[H])SC5=CC=C(C=C5)CCCCCC)=C6S7)C=C(C)S3)=C6C=C7C(S8)=CC=C8C(SC(C9=CC=C(C)S9)=C%10%11)=C%10C(C%12=C(CC(CC)CCCCCC)SC(CC(CC)CCCCCC)=C%12C%11=O)=O,O=C(C1=CSC=C1C/2=C(C#N)\C#N)C2=C/C3=CC(SC(C(C=C4C5(C6=CC=C(C=C6)CCCCCCCC)C7=CC=C(CCCCCCCC)C=C7)=C8C=C4C9=C5C%10=C(C=C(S%10)/C=C%11C(C%12=CSC=C%12C\%11=C(C#N)\C#N)=O)S9)=C%13C8(C%14=CC=C(C=C%14)CCCCCCCC)C%15=CC=C(CCCCCCCC)C=C%15)=C%13S3,9.36,CCCCCCC(C=C1)=CC=C1SC(C([H])=C2[H])=CC=C2C(C3=C(C(C4=CC=C(C([H])=C4[H])SC5=CC=C(C=C5)CCCCCC)=C6S7)C=C(C)S3)=C6C=C7C(S8)=CC=C8C(SC(C9=CC=C(C)S9)=C%10%11)=C%10C(C%12=C(CC(CC)CCCCCC)SC(CC(CC)CCCCCC)=C%12C%11=O)=O||O=C(C1=CSC=C1C/2=C(C#N)\C#N)C2=C/C3=CC(SC(C(C=C4C5(C6=CC=C(C=C6)CCCCCCCC)C7=CC=C(CCCCCCCC)C=C7)=C8C=C4C9=C5C%10=C(C=C(S%10)/C=C%11C(C%12=CSC=C%12C\%11=C(C#N)\C#N)=O)S9)=C%13C8(C%14=CC=C(C=C%14)CCCCCCCC)C%15=CC=C(CCCCCCCC)C=C%15)=C%13S3,f078f23ee3a2e1cd74b80258546b1eaeb268624075c8632f98e1bb8e8504ef59,a3406b5e4edefe3e2c4839b86eca3cc419dcab58dd63484cd2852f990ceb7789,32d2e589c7fe4d43adf60722a4e8fcd7a8684d49fa87a213917a8cbfec2d4ec3,03f50e4daf54f524f0c08f37d9a32c09b201bf8ee5dddd9de0493b302c592706,3b41de6d2892dabbeefa2e61d8174494e57898408d6b92d0a18430a70d7f739d,227,20,254,374
397,in-house,459,O=C(C1=C(CCC(CCCC)CC)SC(CCC(CC)CCCC)=C1C2=O)C(C2=C(C3)C(C4)=CC=C4C5=CC6=C(C(C7=CC=C(CCC(CCCC)CC)S7)=C8C=CSC8=C6C9=CC=C(CCC(CCCC)CC)S9)S5)=C3C%10=CC=CS%10,c1cc2c(cc1)C(=O)/C(=C\c1ccc([se]1)c1sc3c(c1)C(c1c3cc3c(c1)c1c(C3(c3ccc(cc3)CCCCCC)c3ccc(cc3)CCCCCC)cc(s1)c1[se]c(cc1)/C=C/1\C(=O)c3c(C1=C(C#N)C#N)cccc3)(c1ccc(cc1)CCCCCC)c1ccc(cc1)CCCCCC)/C2=C(C#N)C#N,9.36,O=C(C1=C(CCC(CCCC)CC)SC(CCC(CC)CCCC)=C1C2=O)C(C2=C(C3)C(C4)=CC=C4C5=CC6=C(C(C7=CC=C(CCC(CCCC)CC)S7)=C8C=CSC8=C6C9=CC=C(CCC(CCCC)CC)S9)S5)=C3C%10=CC=CS%10||c1cc2c(cc1)C(=O)/C(=C\c1ccc([se]1)c1sc3c(c1)C(c1c3cc3c(c1)c1c(C3(c3ccc(cc3)CCCCCC)c3ccc(cc3)CCCCCC)cc(s1)c1[se]c(cc1)/C=C/1\C(=O)c3c(C1=C(C#N)C#N)cccc3)(c1ccc(cc1)CCCCCC)c1ccc(cc1)CCCCCC)/C2=C(C#N)C#N,6f31f3770fd225e382586e20513744e11a328b7cc74c758d48628417c600a02b,7496d2abd556cb84bab05b74a0dd7c55fd32ca187e623041cad0e76947e4b799,3c7da7134508ea9436ee171f9dc3137bb7686370b45f3fd41d9d96b79318a00d,13705ba87fe102e0a2b3d9ee70f9a158f4ffacafc59fbfb06d255e6d4dc407a6,826794d4278c55f56f891e8d64ac945c1b009e8775791aa703fe934dd4ab2ae0,270,93,591,375
398,in-house,460,CC1=CC(C(C2=CC=C(S2)CC(CC)CCCC)=C3SC(C4=CC(C(OCC(CCCCCC)CCCC)=O)=C(S4)C5=CC=C(S5)C)=CC3=C6C7=CC=C(S7)CC(CCCC)CC)=C6S1,c12cc3c(cc1C(c1c2sc2c1sc(c2)/C=C\1/C(=C(C#N)C#N)c2c(C1=O)cccc2)(c1ccc(cc1)CCCCCC)c1ccc(cc1)CCCCCC)c1c(C3(c2ccc(cc2)CCCCCC)c2ccc(cc2)CCCCCC)c2c(s1)cc(s2)/C=C\1/C(=C(C#N)C#N)c2c(C1=O)cccc2,9.35,CC1=CC(C(C2=CC=C(S2)CC(CC)CCCC)=C3SC(C4=CC(C(OCC(CCCCCC)CCCC)=O)=C(S4)C5=CC=C(S5)C)=CC3=C6C7=CC=C(S7)CC(CCCC)CC)=C6S1||c12cc3c(cc1C(c1c2sc2c1sc(c2)/C=C\1/C(=C(C#N)C#N)c2c(C1=O)cccc2)(c1ccc(cc1)CCCCCC)c1ccc(cc1)CCCCCC)c1c(C3(c2ccc(cc2)CCCCCC)c2ccc(cc2)CCCCCC)c2c(s1)cc(s2)/C=C\1/C(=C(C#N)C#N)c2c(C1=O)cccc2,6ca824fba3d8bb1874e65311753d9136e38ceb9a7db5b5c79b2606bce986e9f3,202f8607af2cecb83e86b2e4305f8c7e2852bc709bb805b9055691d46a9081c5,46a31e96d2be80f8582a1db31f67a289d6409a11f2209dc9be11e2d134fb624f,d90a949c912f3c68433874385c6716f8d4b345bc8bd13a44ffa51b9be56ee112,034bd48d640d610b344e38dc2f2a7b9a5d7e1f8151a8af87a172804433895aa9,326,1004,15,376
399,in-house,461,O=C(C1=C(CCC(CCCC)CC)SC(CCC(CC)CCCC)=C1C2=O)C(C2=C(C3)C(C4)=CC=C4C5=CC6=C(C(C7=CC=C(CCC(CCCC)CC)S7)=C8C=CSC8=C6C9=CC=C(CCC(CCCC)CC)S9)S5)=C3C%10=CC=CS%10,O=C(C1=C(C=CC=C1)C/2=C(C#N)\C#N)C2=C/C3=CC(C4(C(C=C5)=CC=C5CCCCCC)C(C=C6)=CC=C6CCCCCC)=C(C(SC7=C8)=C4C7=CC9=C8C%10=C(C(SC(/C=C%11/C(C(C=CC=C%12)=C%12C%11=O)=C(C#N)/C#N)=C%13)=C%13C%10(C(C=C%14)=CC=C%14CCCCCC)C%15=CC=C(C=C%15)CCCCCC)S9)S3,9.33,O=C(C1=C(CCC(CCCC)CC)SC(CCC(CC)CCCC)=C1C2=O)C(C2=C(C3)C(C4)=CC=C4C5=CC6=C(C(C7=CC=C(CCC(CCCC)CC)S7)=C8C=CSC8=C6C9=CC=C(CCC(CCCC)CC)S9)S5)=C3C%10=CC=CS%10||O=C(C1=C(C=CC=C1)C/2=C(C#N)\C#N)C2=C/C3=CC(C4(C(C=C5)=CC=C5CCCCCC)C(C=C6)=CC=C6CCCCCC)=C(C(SC7=C8)=C4C7=CC9=C8C%10=C(C(SC(/C=C%11/C(C(C=CC=C%12)=C%12C%11=O)=C(C#N)/C#N)=C%13)=C%13C%10(C(C=C%14)=CC=C%14CCCCCC)C%15=CC=C(C=C%15)CCCCCC)S9)S3,6f31f3770fd225e382586e20513744e11a328b7cc74c758d48628417c600a02b,fccd9469e6ad6b5ec1899ac6ac224940a70adb353dab04f5475171d72d654a42,2295bde152ab9b1c109828478a637b0c70c6fbb1dc4cbbb4f240209fa4bdee6a,079843abdcdbc9fe5c62248bb0849015a278ed176c61f798fd14cebbf4a4ef77,a8884b12f5499c21b9fd68eaa0ebf762a9a202e66cebf4a4261e213686750507,160,36,776,377
400,in-house,462,CC1=CC2=C(C3=C(C(C4=CC=C(S4)CC(CCCC)CC)=C2C1)C=C(C5=CC=C(C)S5C(C)=O)S3)C6=CC=C(S6)CC(CCCC)CC,c12cc3c(cc1C(c1c2sc2c1sc(c2)/C=C\1/C(=C(C#N)C#N)c2c(C1=O)cccc2)(c1ccc(cc1)CCCCCC)c1ccc(cc1)CCCCCC)c1c(C3(c2ccc(cc2)CCCCCC)c2ccc(cc2)CCCCCC)c2c(s1)cc(s2)/C=C\1/C(=C(C#N)C#N)c2c(C1=O)cccc2,9.33,CC1=CC2=C(C3=C(C(C4=CC=C(S4)CC(CCCC)CC)=C2C1)C=C(C5=CC=C(C)S5C(C)=O)S3)C6=CC=C(S6)CC(CCCC)CC||c12cc3c(cc1C(c1c2sc2c1sc(c2)/C=C\1/C(=C(C#N)C#N)c2c(C1=O)cccc2)(c1ccc(cc1)CCCCCC)c1ccc(cc1)CCCCCC)c1c(C3(c2ccc(cc2)CCCCCC)c2ccc(cc2)CCCCCC)c2c(s1)cc(s2)/C=C\1/C(=C(C#N)C#N)c2c(C1=O)cccc2,f5101417d3407acb3b90d1f7120e1e838e19e510225b435176e99a2d81eac3d5,202f8607af2cecb83e86b2e4305f8c7e2852bc709bb805b9055691d46a9081c5,0c9a7f4e34bd5ba30a4ea31de0362a0ab6ffd3b4353a680c232dd008b505d7c2,84c442f1dfef6123dcd18526e38caea2f53056e1244e050ffed7d754efdda6df,c58e258e04fd0c3abddfb749d3479ab180b1f1fccee2b109a03ac0a2011ee3b0,55,627,905,378
401,in-house,463,O=C(C1=C(CCC(CCCC)CC)SC(CCC(CC)CCCC)=C1C2=O)C(C2=C(C3)C(C4)=CC=C4C5=CC6=C(C(C7=CC=C(CCC(CCCC)CC)S7)=C8C=CSC8=C6C9=CC=C(CCC(CCCC)CC)S9)S5)=C3C%10=CC=CS%10,O=C(C(C=CC=C1)=C1C/2=C(C#N)\C#N)C2=C/C3=CC(C4(C(C=C5)=CC=C5CCCCCC)C6=CC=C(C=C6)CCCCCC)=C(C(SC7=C8)=C4C7=CC9=C8C(C(C%10=CC=C(C=C%10)CCCCCC)(C%11=C%12SC(/C=C%13C(C(C=CC=C%14)=C%14C\%13=C(C#N)\C#N)=O)=C%11)C%15=CC=C(C=C%15)CCCCCC)=C%12S9)S3,9.33,O=C(C1=C(CCC(CCCC)CC)SC(CCC(CC)CCCC)=C1C2=O)C(C2=C(C3)C(C4)=CC=C4C5=CC6=C(C(C7=CC=C(CCC(CCCC)CC)S7)=C8C=CSC8=C6C9=CC=C(CCC(CCCC)CC)S9)S5)=C3C%10=CC=CS%10||O=C(C(C=CC=C1)=C1C/2=C(C#N)\C#N)C2=C/C3=CC(C4(C(C=C5)=CC=C5CCCCCC)C6=CC=C(C=C6)CCCCCC)=C(C(SC7=C8)=C4C7=CC9=C8C(C(C%10=CC=C(C=C%10)CCCCCC)(C%11=C%12SC(/C=C%13C(C(C=CC=C%14)=C%14C\%13=C(C#N)\C#N)=O)=C%11)C%15=CC=C(C=C%15)CCCCCC)=C%12S9)S3,6f31f3770fd225e382586e20513744e11a328b7cc74c758d48628417c600a02b,fccd9469e6ad6b5ec1899ac6ac224940a70adb353dab04f5475171d72d654a42,2295bde152ab9b1c109828478a637b0c70c6fbb1dc4cbbb4f240209fa4bdee6a,079843abdcdbc9fe5c62248bb0849015a278ed176c61f798fd14cebbf4a4ef77,a8884b12f5499c21b9fd68eaa0ebf762a9a202e66cebf4a4261e213686750507,160,36,776,377
402,in-house,464,O=C(C1=C(CCC(CCCC)CC)SC(CCC(CC)CCCC)=C1C2=O)C(C2=C(C3)C(C4)=CC=C4C5=CC6=C(C(C7=CC=C(CCC(CCCC)CC)S7)=C8C=CSC8=C6C9=CC=C(CCC(CCCC)CC)S9)S5)=C3C%10=CC=CS%10,N#CC(C(C#N)=N1)=NC2=C1/C(C3=C2C=CC=C3)=C\C4=CC(C(C5=CC=C(CCCCCC)C=C5)(C6=CC=C(CCCCCC)C=C6)C7=C8SC9=C7C(OCC(CCCC)CC)=C%10SC%11=C(C(C%12=CC=C(CCCCCC)C=C%12)(C%13=CC=C(CCCCCC)C=C%13)C%14=C%11SC(/C=C%15C(C=CC=C%16)=C%16C(N=C%17C#N)=C/%15N=C%17C#N)=C%14)C%10=C9OCC(CCCC)CC)=C8S4,9.31,O=C(C1=C(CCC(CCCC)CC)SC(CCC(CC)CCCC)=C1C2=O)C(C2=C(C3)C(C4)=CC=C4C5=CC6=C(C(C7=CC=C(CCC(CCCC)CC)S7)=C8C=CSC8=C6C9=CC=C(CCC(CCCC)CC)S9)S5)=C3C%10=CC=CS%10||N#CC(C(C#N)=N1)=NC2=C1/C(C3=C2C=CC=C3)=C\C4=CC(C(C5=CC=C(CCCCCC)C=C5)(C6=CC=C(CCCCCC)C=C6)C7=C8SC9=C7C(OCC(CCCC)CC)=C%10SC%11=C(C(C%12=CC=C(CCCCCC)C=C%12)(C%13=CC=C(CCCCCC)C=C%13)C%14=C%11SC(/C=C%15C(C=CC=C%16)=C%16C(N=C%17C#N)=C/%15N=C%17C#N)=C%14)C%10=C9OCC(CCCC)CC)=C8S4,6f31f3770fd225e382586e20513744e11a328b7cc74c758d48628417c600a02b,5d0e3099476bcec1a9f66724f034c33f4061b269229e5f2c07501294dd2730fe,d17c11580a44bf77f4e8d24eafd7db65adf7a56b10e01682195af9255bbfca22,d4ec2e500205afc40c1453002e4624549ea800132368d76d582c88a605467679,7339b9f9fee868382db0b421ea9a8f726fe7866cb1cb95205e144a5a139950e9,997,983,521,379
403,in-house,465,FC(C(F)=C(C1=N2)C3=CC=C(S3)C4=CC5=C(C6=C(C(C7=CC(Cl)=C(S7)CC(CCCC)CC)=C5S4)C=C(C)S6)C8=CC(Cl)=C(S8)CC(CCCC)CC)=C(C9=CC=C(C)S9)C1=NN2CCC(CCCCCC)CCCCCCCC,c1(cc2c(cc1F)C(=O)/C(=C\c1cc3c(s1)c1c(s3)c3c(C1(c1ccc(cc1)CCCCCC)c1ccc(cc1)CCCCCC)cc1c(c3)C(c3c1sc1c3sc(c1)/C=C/1\C(=O)c3c(C1=C(C#N)C#N)cc(c(c3)F)F)(c1ccc(cc1)CCCCCC)c1ccc(cc1)CCCCCC)/C2=C(C#N)C#N)F,9.3,FC(C(F)=C(C1=N2)C3=CC=C(S3)C4=CC5=C(C6=C(C(C7=CC(Cl)=C(S7)CC(CCCC)CC)=C5S4)C=C(C)S6)C8=CC(Cl)=C(S8)CC(CCCC)CC)=C(C9=CC=C(C)S9)C1=NN2CCC(CCCCCC)CCCCCCCC||c1(cc2c(cc1F)C(=O)/C(=C\c1cc3c(s1)c1c(s3)c3c(C1(c1ccc(cc1)CCCCCC)c1ccc(cc1)CCCCCC)cc1c(c3)C(c3c1sc1c3sc(c1)/C=C/1\C(=O)c3c(C1=C(C#N)C#N)cc(c(c3)F)F)(c1ccc(cc1)CCCCCC)c1ccc(cc1)CCCCCC)/C2=C(C#N)C#N)F,b24b4e9aa4a16946a0c7c88634b4e17dcd8edc4c5829fff92fa8d0153f9bda5f,69e17d1724b4236f68d0c6efb6ad16969f13f8980d301d0056747038b20f0c8d,28b55f5b9f85e9c457287eafcce22d5755dbbc6d3f6b8927bf44384b8f6fd36f,ecc17bfcc47bd3721f3f4df6b8e0ab02efd80bdc3d7e6cb188e9d92d7079ff63,21dbce05cc4c37297a77239175630beee17579749b12c60d59373610bafa1107,175,1095,138,144
404,in-house,466,O=C(C1=C(CCC(CCCC)CC)SC(CCC(CC)CCCC)=C1C2=O)C(C2=C(C3)C(C4)=CC=C4C5=CC6=C(C(C7=CC=C(CCC(CCCC)CC)S7)=C8C=CSC8=C6C9=CC=C(CCC(CCCC)CC)S9)S5)=C3C%10=CC=CS%10,O=C(C1=C(C=C([H])C([H])=C1)C/2=C(C#N)\C#N)C2=C/C3=CC(C4(CC(CC)CCCC)CC(CC)CCCC)=C(S3)C(S5)=C4C=C5C(C6=NSN=C76)=CC=C7C8=CC9=C(C%10=C(C9(CC(CCC)CCCC)CC(CC)CCCC)C=C(/C=C%11C(C%12=C(C=C([H])C([H])=C%12)C\%11=C(C#N)\C#N)=O)S%10)S8,9.3,O=C(C1=C(CCC(CCCC)CC)SC(CCC(CC)CCCC)=C1C2=O)C(C2=C(C3)C(C4)=CC=C4C5=CC6=C(C(C7=CC=C(CCC(CCCC)CC)S7)=C8C=CSC8=C6C9=CC=C(CCC(CCCC)CC)S9)S5)=C3C%10=CC=CS%10||O=C(C1=C(C=C([H])C([H])=C1)C/2=C(C#N)\C#N)C2=C/C3=CC(C4(CC(CC)CCCC)CC(CC)CCCC)=C(S3)C(S5)=C4C=C5C(C6=NSN=C76)=CC=C7C8=CC9=C(C%10=C(C9(CC(CCC)CCCC)CC(CC)CCCC)C=C(/C=C%11C(C%12=C(C=C([H])C([H])=C%12)C\%11=C(C#N)\C#N)=O)S%10)S8,6f31f3770fd225e382586e20513744e11a328b7cc74c758d48628417c600a02b,75617b583cfeca897da8a2acc04ff02bc43b805a188900af4dcb909f083d7191,478669af5d601a275846c92934ffb00f600ee6cd26dec7981f27eea62faa9872,d7cd83a5d80ed833011f42d105ae75659377dd31d08444c8a96b5dd51792a415,6504327b3a342e334aaf01e4f1266cfd11ffee7a4921bfa59fc48248bdfdefee,334,999,457,380
405,in-house,467,O=C(C1=C(CCC(CCCC)CC)SC(CCC(CC)CCCC)=C1C2=O)C(C2=C(C3)C(C4)=CC=C4C5=CC6=C(C(C7=CC=C(CCC(CCCC)CC)S7)=C8C=CSC8=C6C9=CC=C(CCC(CCCC)CC)S9)S5)=C3C%10=CC=CS%10,O=C(C1=C(C=C(F)C(F)=C1)C/2=C(C#N)\C#N)C2=C/C3=CC(CCCCCCCC)=C(C4=CC5=C(C(C=C6C(C7=CC=C(CCCCCC)C=C7)(C8=CC=C(CCCCCC)C=C8)C9=C(SC(C%10=C(CCCCCCCC)C=C(/C=C%11C(C%12=C(C=C(F)C(F)=C%12)C\%11=C(C#N)\C#N)=O)S%10)=C9)C6=C%13)=C%13C5(C%14=CC=C(C=C%14)CCCCCC)C%15=CC=C(CCCCCC)C=C%15)S4)S3,9.3,O=C(C1=C(CCC(CCCC)CC)SC(CCC(CC)CCCC)=C1C2=O)C(C2=C(C3)C(C4)=CC=C4C5=CC6=C(C(C7=CC=C(CCC(CCCC)CC)S7)=C8C=CSC8=C6C9=CC=C(CCC(CCCC)CC)S9)S5)=C3C%10=CC=CS%10||O=C(C1=C(C=C(F)C(F)=C1)C/2=C(C#N)\C#N)C2=C/C3=CC(CCCCCCCC)=C(C4=CC5=C(C(C=C6C(C7=CC=C(CCCCCC)C=C7)(C8=CC=C(CCCCCC)C=C8)C9=C(SC(C%10=C(CCCCCCCC)C=C(/C=C%11C(C%12=C(C=C(F)C(F)=C%12)C\%11=C(C#N)\C#N)=O)S%10)=C9)C6=C%13)=C%13C5(C%14=CC=C(C=C%14)CCCCCC)C%15=CC=C(CCCCCC)C=C%15)S4)S3,6f31f3770fd225e382586e20513744e11a328b7cc74c758d48628417c600a02b,661edd328cc92ba955bd04372380cf3cde4508f354b76b7c4cfa5dc2ee53d62c,402c8ba54d60923e92d2eec1b81d3e6b514995d4816e4eeb17e816b5c3b236f8,7a9129d867abfa47f6f43f191c3ebe2c2e2d0ffb55fae4043c50cc2bdea963c3,c72e95e923eac5aa844be42cdab3341c18491887852c9a3c1effd59b73ec3403,288,588,911,381
406,in-house,468,O=C(C1=C(CCC(CCCC)CC)SC(CCC(CC)CCCC)=C1C2=O)C(C2=C(C3)C(C4)=CC=C4C5=CC6=C(C(C7=CC=C(CCC(CCCC)CC)S7)=C8C=CSC8=C6C9=CC=C(CCC(CCCC)CC)S9)S5)=C3C%10=CC=CS%10,ClC(C(Cl)=C1)=CC2=C1C(/C(C2=O)=C/C(S3)=CC4=C3C(C(C5=CC=C(CCCCCC)C=C5)(C6=CC=C(CCCCCC)C=C6)C7=C8C=C9C(C(SC%10=C%11SC%12=C%10C(C%13=CC=C(CCCCCC)C=C%13)(C%14=CC=C(CCCCCC)C=C%14)C%15=C%12C=C%16C(C(SC%17=C%18SC(/C=C%19C(C(C=C(Cl)C(Cl)=C%20)=C%20C\%19=C(C#N)\C#N)=O)=C%17)=C%18C%16(C%21=CC=C(CCCCCC)C=C%21)C%22=CC=C(CCCCCC)C=C%22)=C%15)=C%11C9(C%23=CC=C(CCCCCC)C=C%23)C%24=CC=C(CCCCCC)C=C%24)=C7)=C8S4)=C(C#N)/C#N,9.3,O=C(C1=C(CCC(CCCC)CC)SC(CCC(CC)CCCC)=C1C2=O)C(C2=C(C3)C(C4)=CC=C4C5=CC6=C(C(C7=CC=C(CCC(CCCC)CC)S7)=C8C=CSC8=C6C9=CC=C(CCC(CCCC)CC)S9)S5)=C3C%10=CC=CS%10||ClC(C(Cl)=C1)=CC2=C1C(/C(C2=O)=C/C(S3)=CC4=C3C(C(C5=CC=C(CCCCCC)C=C5)(C6=CC=C(CCCCCC)C=C6)C7=C8C=C9C(C(SC%10=C%11SC%12=C%10C(C%13=CC=C(CCCCCC)C=C%13)(C%14=CC=C(CCCCCC)C=C%14)C%15=C%12C=C%16C(C(SC%17=C%18SC(/C=C%19C(C(C=C(Cl)C(Cl)=C%20)=C%20C\%19=C(C#N)\C#N)=O)=C%17)=C%18C%16(C%21=CC=C(CCCCCC)C=C%21)C%22=CC=C(CCCCCC)C=C%22)=C%15)=C%11C9(C%23=CC=C(CCCCCC)C=C%23)C%24=CC=C(CCCCCC)C=C%24)=C7)=C8S4)=C(C#N)/C#N,6f31f3770fd225e382586e20513744e11a328b7cc74c758d48628417c600a02b,5198039f6ab01650dcfec979ad640aed885437d4772f7461b636c35320a72f75,da9075fe03b6cb4fa556ed9b28ce145ee1e443111f434f611643350490605b8c,0abd52263025c6bbc2886684544aa3ccc19adb746091bef06006d37d888a5510,382b8cea53881bc44b0afaa9db675cf8d818e2339462605dc780d148baeda323,1035,56,249,382
407,in-house,469,O=C(C1=C(CCC(CCCC)CC)SC(CCC(CC)CCCC)=C1C2=O)C(C2=C(C3)C(C4)=CC=C4C5=CC6=C(C(C7=CC=C(CCC(CCCC)CC)S7)=C8C=CSC8=C6C9=CC=C(CCC(CCCC)CC)S9)S5)=C3C%10=CC=CS%10,O=C(/C(S/1)=C/C(C2=NSN=C32)=CC=C3C4=CC(SC5=C6C(C(C=C7)=CC=C7CCCCCC)(C(C=C8)=CC=C8CCCCCC)C(C5=C9)=CC%10=C9C(C%11=CC=C(CCCCCC)C=C%11)(C%12=CC=C(C=C%12)CCCCCC)C%13=C%10SC%14=C%13SC(C(C%15=NSN=C%16%15)=CC=C%16/C=C(C%17=O)\S/C(N%17CCCCCCCC)=C(C#N)/C#N)=C%14)=C6S4)N(CCCCCCCC)C1=C(C#N)\C#N,9.29,O=C(C1=C(CCC(CCCC)CC)SC(CCC(CC)CCCC)=C1C2=O)C(C2=C(C3)C(C4)=CC=C4C5=CC6=C(C(C7=CC=C(CCC(CCCC)CC)S7)=C8C=CSC8=C6C9=CC=C(CCC(CCCC)CC)S9)S5)=C3C%10=CC=CS%10||O=C(/C(S/1)=C/C(C2=NSN=C32)=CC=C3C4=CC(SC5=C6C(C(C=C7)=CC=C7CCCCCC)(C(C=C8)=CC=C8CCCCCC)C(C5=C9)=CC%10=C9C(C%11=CC=C(CCCCCC)C=C%11)(C%12=CC=C(C=C%12)CCCCCC)C%13=C%10SC%14=C%13SC(C(C%15=NSN=C%16%15)=CC=C%16/C=C(C%17=O)\S/C(N%17CCCCCCCC)=C(C#N)/C#N)=C%14)=C6S4)N(CCCCCCCC)C1=C(C#N)\C#N,6f31f3770fd225e382586e20513744e11a328b7cc74c758d48628417c600a02b,4da3cebe78c96a8bee5c1562cc09c06cd7e893c3670f05122be6e03840af6f22,a0acdf2ad7f0ed4bd72ea71895835293921b6c20e616e90ab1254463481ade12,15cf52e456acacfb4c3bd7ac271e1814fb18dac5b89c80a3cc74fd56dad955d2,97e001f840015da66161c01434b73a15bfcaef6ae9dba5491141af98822635a4,741,109,686,383
408,in-house,470,O=C(C1=C(CCC(CCCC)CC)SC(CCC(CC)CCCC)=C1C2=O)C(C2=C(C3)C(C4)=CC=C4C5=CC6=C(C(C7=CC=C(CCC(CCCC)CC)S7)=C8C=CSC8=C6C9=CC=C(CCC(CCCC)CC)S9)S5)=C3C%10=CC=CS%10,[Cl]C1=CC2=C(C(/C(C2=O)=C/C3=CC4=C(C5=C(C4(CCCCCC)CCCCCC)C=C(C6=CC7=C(C8=C(C7(CCCCCC)CCCCCC)C=C(/C=C9C(C(C=C(C([Cl])=C%10)[Cl])=C%10C\9=C(C#N)\C#N)=O)S8)S6)S5)S3)=C(C#N)\C#N)C=C1[Cl],9.28,O=C(C1=C(CCC(CCCC)CC)SC(CCC(CC)CCCC)=C1C2=O)C(C2=C(C3)C(C4)=CC=C4C5=CC6=C(C(C7=CC=C(CCC(CCCC)CC)S7)=C8C=CSC8=C6C9=CC=C(CCC(CCCC)CC)S9)S5)=C3C%10=CC=CS%10||[Cl]C1=CC2=C(C(/C(C2=O)=C/C3=CC4=C(C5=C(C4(CCCCCC)CCCCCC)C=C(C6=CC7=C(C8=C(C7(CCCCCC)CCCCCC)C=C(/C=C9C(C(C=C(C([Cl])=C%10)[Cl])=C%10C\9=C(C#N)\C#N)=O)S8)S6)S5)S3)=C(C#N)\C#N)C=C1[Cl],6f31f3770fd225e382586e20513744e11a328b7cc74c758d48628417c600a02b,0c8045910c9e63c0e2e8d25416bf345455591b92eb3e7d39a417a9ce95c446b5,99757bf996986e13a26d894e44298501e7061782316d565521034e950fff88dd,7d7fea9769a3c9b91f68a5ad6073cb3098e24242ae875791295c38bdc546d9f5,521b69f9f3632a132b9162fd3fcfbd8d559f1d756be10534e5ad427c9055beb1,703,599,368,384
409,in-house,471,c1csc2c1c(c1c(c2c2cc(c(s2)CCCCCCCC)CCCCCCCC)cc(s1)c1sc(c(c1)CCCCCC)c1sc2c(n1)sc(n2)c1sccc1CCCCCC)c1cc(c(s1)CCCCCCCC)CCCCCCCC,c12cc3c(cc1C(c1c2sc2c1sc(c2)/C=C\1/C(=C(C#N)C#N)c2c(C1=O)cccc2)(c1cccc(c1)OCCCCCC)c1cc(ccc1)OCCCCCC)c1c(C3(c2cc(ccc2)OCCCCCC)c2cccc(c2)OCCCCCC)c2c(s1)cc(s2)/C=C\1/C(=C(C#N)C#N)c2c(C1=O)cccc2,9.28,c1csc2c1c(c1c(c2c2cc(c(s2)CCCCCCCC)CCCCCCCC)cc(s1)c1sc(c(c1)CCCCCC)c1sc2c(n1)sc(n2)c1sccc1CCCCCC)c1cc(c(s1)CCCCCCCC)CCCCCCCC||c12cc3c(cc1C(c1c2sc2c1sc(c2)/C=C\1/C(=C(C#N)C#N)c2c(C1=O)cccc2)(c1cccc(c1)OCCCCCC)c1cc(ccc1)OCCCCCC)c1c(C3(c2cc(ccc2)OCCCCCC)c2cccc(c2)OCCCCCC)c2c(s1)cc(s2)/C=C\1/C(=C(C#N)C#N)c2c(C1=O)cccc2,7ef4e8f49637126dc67c9159eaedd500d4beeced87b4940d8372cd582ad7778e,64e6ad49f7de4f8b7c206fc28a03021cda0145e055cb58618774c8fd0bda684a,a0b23cfe72a6aeb4a7dd6fe97b36401de05a554311ab8cb6d37f105d5fae9cbf,3179f555487456f96e56242261dfa50070c346e69e12648ede225d04d74dac72,8ff81cbebac210221ab56f1bb383f0479453232985fee63c6da258aa31999d77,742,249,647,385
410,in-house,472,c1cc2c(s1)c(c1c(c2c2ccc(s2)C[C@@H](CC)CCCC)sc(c1)c1ccc(s1)c1sc(c2c1C(=O)c1c(C2=O)c(sc1C[C@@H](CC)CCCC)C[C@H](CC)CCCC)c1cccs1)c1ccc(s1)C[C@@H](CC)CCCC,c12cc3c(cc1C(c1c2sc2c1sc(c2)/C=C\1/C(=C(C#N)C#N)c2c(C1=O)cccc2)(c1ccc(cc1)CCCCCC)c1ccc(cc1)CCCCCC)c1c(C3(c2ccc(cc2)CCCCCC)c2ccc(cc2)CCCCCC)c2c(s1)cc(s2)/C=C\1/C(=C(C#N)C#N)c2c(C1=O)cccc2,9.26,c1cc2c(s1)c(c1c(c2c2ccc(s2)C[C@@H](CC)CCCC)sc(c1)c1ccc(s1)c1sc(c2c1C(=O)c1c(C2=O)c(sc1C[C@@H](CC)CCCC)C[C@H](CC)CCCC)c1cccs1)c1ccc(s1)C[C@@H](CC)CCCC||c12cc3c(cc1C(c1c2sc2c1sc(c2)/C=C\1/C(=C(C#N)C#N)c2c(C1=O)cccc2)(c1ccc(cc1)CCCCCC)c1ccc(cc1)CCCCCC)c1c(C3(c2ccc(cc2)CCCCCC)c2ccc(cc2)CCCCCC)c2c(s1)cc(s2)/C=C\1/C(=C(C#N)C#N)c2c(C1=O)cccc2,358cc19c5d8f2445017e9aada83cdfbad4d85678cb406695a980027d4a37d8cf,202f8607af2cecb83e86b2e4305f8c7e2852bc709bb805b9055691d46a9081c5,593319318fd1d397204f6e0f5d2df62776f8036586d70b992d7147cc076f15da,eb5977eaa87714f14fb1a2c8b7c09e3f8a3339b6100ad96dd4a5792f427192fa,dddf07f37849660469698c8a5bdb197bad7ae922015e93f523206fb037a1cb48,401,1087,1031,386
411,in-house,474,[H]C1=C(SC(CC(CC)CCCC)=C1[Cl])C(C2=C3SC(C)=C2)=C4SC(C5=CC=C(S5)C6=C(C(F)=C(C7=NN(N=C67)CC(CCCCCCCC)CCCCCC)C8=CC=C(C)S8)F)=CC4=C3C9=C([H])C([Cl])=C(CC(CCCC)CC)S9,c1(cc2c(cc1F)C(=O)/C(=C\c1cc3c(s1)c1c(s3)c3c(C1(c1ccc(cc1)CCCCCC)c1ccc(cc1)CCCCCC)cc1c(c3)C(c3c1sc1c3sc(c1)/C=C/1\C(=O)c3c(C1=C(C#N)C#N)cc(c(c3)F)F)(c1ccc(cc1)CCCCCC)c1ccc(cc1)CCCCCC)/C2=C(C#N)C#N)F,9.25,[H]C1=C(SC(CC(CC)CCCC)=C1[Cl])C(C2=C3SC(C)=C2)=C4SC(C5=CC=C(S5)C6=C(C(F)=C(C7=NN(N=C67)CC(CCCCCCCC)CCCCCC)C8=CC=C(C)S8)F)=CC4=C3C9=C([H])C([Cl])=C(CC(CCCC)CC)S9||c1(cc2c(cc1F)C(=O)/C(=C\c1cc3c(s1)c1c(s3)c3c(C1(c1ccc(cc1)CCCCCC)c1ccc(cc1)CCCCCC)cc1c(c3)C(c3c1sc1c3sc(c1)/C=C/1\C(=O)c3c(C1=C(C#N)C#N)cc(c(c3)F)F)(c1ccc(cc1)CCCCCC)c1ccc(cc1)CCCCCC)/C2=C(C#N)C#N)F,21eca652f2c0b958f87da9c7d50d4af3b0e5fc1c57c8e9ab7c5dbf780ba37eec,69e17d1724b4236f68d0c6efb6ad16969f13f8980d301d0056747038b20f0c8d,d94b0ff0fd642424742e703489174e1d4ab6de2a398c9ddc168c876befedfeb6,7d5081e27f777d2ae53f9968ab85d33b79bc1b616d4c761003373f65422104c3,2af5ecbcb0887ffa7ec7ef2ffbf35af3fc4c8714afbf6d473626641478f6684e,1029,597,186,387
412,in-house,475,O=C(C1=C(CCC(CCCC)CC)SC(CCC(CC)CCCC)=C1C2=O)C(C2=C(C3)C(C4)=CC=C4C5=CC6=C(C(C7=CC=C(CCC(CCCC)CC)S7)=C8C=CSC8=C6C9=CC=C(CCC(CCCC)CC)S9)S5)=C3C%10=CC=CS%10,O=C(C(C=CC(F)=C1)=C1C/2=C(C#N)/C#N)C2=C/C3=CC(N4CC(CCCCCCCC)CCCCCC)=C(S3)C5=C4C6=C(OCCCCCC)C(S7)=C(C(OCCCCCC)=C6S5)C8=C7C(S9)=C(N8CC(CCCCCC)CCCCCCCC)C=C9/C=C(C%10=O)/C(C%11=C%10C=CC(F)=C%11)=C(C#N)/C#N,9.25,O=C(C1=C(CCC(CCCC)CC)SC(CCC(CC)CCCC)=C1C2=O)C(C2=C(C3)C(C4)=CC=C4C5=CC6=C(C(C7=CC=C(CCC(CCCC)CC)S7)=C8C=CSC8=C6C9=CC=C(CCC(CCCC)CC)S9)S5)=C3C%10=CC=CS%10||O=C(C(C=CC(F)=C1)=C1C/2=C(C#N)/C#N)C2=C/C3=CC(N4CC(CCCCCCCC)CCCCCC)=C(S3)C5=C4C6=C(OCCCCCC)C(S7)=C(C(OCCCCCC)=C6S5)C8=C7C(S9)=C(N8CC(CCCCCC)CCCCCCCC)C=C9/C=C(C%10=O)/C(C%11=C%10C=CC(F)=C%11)=C(C#N)/C#N,6f31f3770fd225e382586e20513744e11a328b7cc74c758d48628417c600a02b,1931b23f376caae4ab54a5e77c492b4b44512727e09171557e8be7bf04284a99,773b101690c15f989f815eeed495ceeb9730c213b5b3794331c7c1f8a55d523f,4f43e910c6af3a52b2f69e45d7ab12423d03627950f5a1b4b807f644566791e7,a4390ff32610664e295233ee6596b03bfbb1dce889f9872566baee0614e4da1b,544,378,754,388
413,in-house,476,[Cl]C1=C(CC)SC(C2=C3C(C=C(C)C3)C(C4=CC([Cl])=C(S4)CC)=C5SC(C6=CC=C(S6)C7=C(C(C8=C(SC(CC)=C8C9=O)CC)=O)C9=C(C%10=CC=C(S%10)C)S7)=CC25)=C1,O=C(C(C=C(C(Cl)=C1)Cl)=C1C/2=C(C#N)\C#N)C2=C/C3=CC(C4(C5=CC=C(C=C5)CCCCCC)C(C=C6)=CC=C6CCCCCC)=C(C(C=C7C8(C(C=C9)=CC=C9CCCCCC)C(C=C%10)=CC=C%10CCCCCC)=C4C=C7C%11=C8C=C(/C=C%12C(C(C=C(C(Cl)=C%13)Cl)=C%13C\%12=C(C#N)\C#N)=O)S%11)S3,9.24,[Cl]C1=C(CC)SC(C2=C3C(C=C(C)C3)C(C4=CC([Cl])=C(S4)CC)=C5SC(C6=CC=C(S6)C7=C(C(C8=C(SC(CC)=C8C9=O)CC)=O)C9=C(C%10=CC=C(S%10)C)S7)=CC25)=C1||O=C(C(C=C(C(Cl)=C1)Cl)=C1C/2=C(C#N)\C#N)C2=C/C3=CC(C4(C5=CC=C(C=C5)CCCCCC)C(C=C6)=CC=C6CCCCCC)=C(C(C=C7C8(C(C=C9)=CC=C9CCCCCC)C(C=C%10)=CC=C%10CCCCCC)=C4C=C7C%11=C8C=C(/C=C%12C(C(C=C(C(Cl)=C%13)Cl)=C%13C\%12=C(C#N)\C#N)=O)S%11)S3,7a11f928c0e326f5a997d7edb123c3e2980ed2dc99d8540493801d0b5415b33f,1deed1f0d0fb5917a5688be3b10705c3a9716618064f4fe6ff1d92b887f11460,d50461ad90b0273c2be4a5307b7615e5a4cd6cde775a6de6cc16e3ebe907b87a,31fae172152c19286525e3c726ed638cc13576c9f8c13b0044e83aa81e272767,a921ddd706f2aee528e5db62317cf440e74516074d5d715e94fb3ad49877473a,1013,254,779,389
414,in-house,477,CC(SC1=C2C3=CC=C(S3)CC(CCCC)CC)=CC1=C(C4=CC=C(S4)CC(CC)CCCC)C(S5)=C2C=C5C6=CC=C(C(C7=NN(N=C87)CC(CCCCCC)CCCC)=CC(C9=NN(N=C%109)CC(CCCC)CCCCCC)=C8C=C%10C%11=CC=C(C)S%11)S6,c12cc3c(cc1C(c1c2sc2c1sc(c2)/C=C\1/C(=C(C#N)C#N)c2c(C1=O)cccc2)(c1cccc(c1)CCCCCC)c1cc(ccc1)CCCCCC)c1c(C3(c2cc(ccc2)CCCCCC)c2cccc(c2)CCCCCC)c2c(s1)cc(s2)/C=C\1/C(=C(C#N)C#N)c2c(C1=O)cccc2,9.23,CC(SC1=C2C3=CC=C(S3)CC(CCCC)CC)=CC1=C(C4=CC=C(S4)CC(CC)CCCC)C(S5)=C2C=C5C6=CC=C(C(C7=NN(N=C87)CC(CCCCCC)CCCC)=CC(C9=NN(N=C%109)CC(CCCC)CCCCCC)=C8C=C%10C%11=CC=C(C)S%11)S6||c12cc3c(cc1C(c1c2sc2c1sc(c2)/C=C\1/C(=C(C#N)C#N)c2c(C1=O)cccc2)(c1cccc(c1)CCCCCC)c1cc(ccc1)CCCCCC)c1c(C3(c2cc(ccc2)CCCCCC)c2cccc(c2)CCCCCC)c2c(s1)cc(s2)/C=C\1/C(=C(C#N)C#N)c2c(C1=O)cccc2,cd8382239c352f5a16df256a1143db0d53941c928c93ebabaffc39e7eeba9c96,50864152acede518837f13b246d168a2c910162b60d24eaca8a12069a3584c43,f56d909ae6905ded7c4f3c92c8abe9ede122fc7c2b9c3bf44891c1fbc31dba67,b47cecd516128e8245868bf1757a3c226076d77d70a1661faf80d234b40af223,f1e8286d9603050798b3c69605ee8a18fa3b792cb865345b2d9537825eca22ff,1149,816,1129,390
415,in-house,478,CC1=CC2=C(C3=C(C(C4=CC=C(S4)CC)=C2S1)C=C(C5=C(CCCCCC)C6=C(C=C(S6)C7=C(C(C8=C(SC(CCCCCCCC)=C8C9=O)CCCCCCCC)=O)C9=C(C%10=CC%11=C(S%10)C(CCCCCC)=C(C)S%11)S7)S5)S3)C%12=CC=C(S%12)CC,c12cc3c(cc1C(c1c2sc2c1sc(c2)/C=C\1/C(=C(C#N)C#N)c2c(C1=O)cccc2)(c1ccc(cc1)CCCCCC)c1ccc(cc1)CCCCCC)c1c(C3(c2ccc(cc2)CCCCCC)c2ccc(cc2)CCCCCC)c2c(s1)cc(s2)/C=C\1/C(=C(C#N)C#N)c2c(C1=O)cccc2,9.22,CC1=CC2=C(C3=C(C(C4=CC=C(S4)CC)=C2S1)C=C(C5=C(CCCCCC)C6=C(C=C(S6)C7=C(C(C8=C(SC(CCCCCCCC)=C8C9=O)CCCCCCCC)=O)C9=C(C%10=CC%11=C(S%10)C(CCCCCC)=C(C)S%11)S7)S5)S3)C%12=CC=C(S%12)CC||c12cc3c(cc1C(c1c2sc2c1sc(c2)/C=C\1/C(=C(C#N)C#N)c2c(C1=O)cccc2)(c1ccc(cc1)CCCCCC)c1ccc(cc1)CCCCCC)c1c(C3(c2ccc(cc2)CCCCCC)c2ccc(cc2)CCCCCC)c2c(s1)cc(s2)/C=C\1/C(=C(C#N)C#N)c2c(C1=O)cccc2,7621d2f2101f11f144cfe6e765ac9dd5ebbf2124121a36d7e430c7082a15ce91,202f8607af2cecb83e86b2e4305f8c7e2852bc709bb805b9055691d46a9081c5,8a32527c0350ab1a2477dd5e19a2aefe9b809b6d2ee07ab8093724920b5f867b,54b23c38e3018f3d9286a29a10ba472c96901de0eae4a75c5496d11cf3e2efd8,46d78d2c9d377f48b556ca314152acb84df8662c0318bf6053ac2216c90aed48,629,403,314,391
416,in-house,480,O=C(C1=C(CCC(CCCC)CC)SC(CCC(CC)CCCC)=C1C2=O)C(C2=C(C3)C(C4)=CC=C4C5=CC6=C(C(C7=CC=C(CCC(CCCC)CC)S7)=C8C=CSC8=C6C9=CC=C(CCC(CCCC)CC)S9)S5)=C3C%10=CC=CS%10,N#C/C(C#N)=C(C1=CC=CC=C1C2=O)\C2=C\C3=CC=C(C4=CC(OC5(C6=CC=C(CCCCCC)C=C6)C7=CC=C(CCCCCC)C=C7)=C(S4)C(C=C89)=C5C=C8C%10=C(C=C(C%11=CC=C(/C=C%12/C(C%13=CC=CC=C%13C%12=O)=C(C#N)\C#N)S%11)S%10)OC9(C%14=CC=C(C=C%14)CCCCCC)C%15=CC=C(CCCCCC)C=C%15)S3,9.21,O=C(C1=C(CCC(CCCC)CC)SC(CCC(CC)CCCC)=C1C2=O)C(C2=C(C3)C(C4)=CC=C4C5=CC6=C(C(C7=CC=C(CCC(CCCC)CC)S7)=C8C=CSC8=C6C9=CC=C(CCC(CCCC)CC)S9)S5)=C3C%10=CC=CS%10||N#C/C(C#N)=C(C1=CC=CC=C1C2=O)\C2=C\C3=CC=C(C4=CC(OC5(C6=CC=C(CCCCCC)C=C6)C7=CC=C(CCCCCC)C=C7)=C(S4)C(C=C89)=C5C=C8C%10=C(C=C(C%11=CC=C(/C=C%12/C(C%13=CC=CC=C%13C%12=O)=C(C#N)\C#N)S%11)S%10)OC9(C%14=CC=C(C=C%14)CCCCCC)C%15=CC=C(CCCCCC)C=C%15)S3,6f31f3770fd225e382586e20513744e11a328b7cc74c758d48628417c600a02b,720c433b1295de8dbfcb34e941c22e39526df0fe8e411ccff5f457ed50ac3ecd,1ed62bb3feb7b9f1ae2c13e799113957ff14d69811190895084469bf679c6e04,7328a903bc0e414fa13dbaedbce2b1800a3c1f7fc001a6c39f068358b161cdf0,51d7867d3dff7ec6b5d777cd5a068e17655ce5e162e74b18b8e0a0b93b70ab92,141,555,365,392
417,in-house,481,FC(C(F)=C(C1=NN(N=C21)CCC)C3=CC(CC(CCCCCCCCCC)CCCCCCCCCCCC)=C(S3)C4=CC=C(S4)C5=CC(F)=C(C=C5F)C6=CC=C(C)S6)=C2C7=CC(CC(CCCCCCCCCCCC)CCCCCCCCCC)=C(C)S7,O=C(C1=CC=CC=C1C/2=C(C#N)\C#N)C2=C/C3=CC4=C(C(C(C5=CC=C(CCCCCC)S5)(C6=C7C=C8C(C9=CC=C(S9)CCCCCC)(C%10=CC=C(S%10)CCCCCC)C%11=C(SC%12=C%11SC(/C=C%13C(C%14=CC=CC=C%14C\%13=C(C#N)\C#N)=O)=C%12)C8=C6)C(S%15)=CC=C%15CCCCCC)=C7S4)S3,9.2,FC(C(F)=C(C1=NN(N=C21)CCC)C3=CC(CC(CCCCCCCCCC)CCCCCCCCCCCC)=C(S3)C4=CC=C(S4)C5=CC(F)=C(C=C5F)C6=CC=C(C)S6)=C2C7=CC(CC(CCCCCCCCCCCC)CCCCCCCCCC)=C(C)S7||O=C(C1=CC=CC=C1C/2=C(C#N)\C#N)C2=C/C3=CC4=C(C(C(C5=CC=C(CCCCCC)S5)(C6=C7C=C8C(C9=CC=C(S9)CCCCCC)(C%10=CC=C(S%10)CCCCCC)C%11=C(SC%12=C%11SC(/C=C%13C(C%14=CC=CC=C%14C\%13=C(C#N)\C#N)=O)=C%12)C8=C6)C(S%15)=CC=C%15CCCCCC)=C7S4)S3,9a8df04966ed33d348b6c32ec29968e5c9f9a947ba20227865e8f68e6506e7d2,324d6e5b76a9400503a81056ec0f63ac76d712428565dd1fa4bf1871d8f66e0c,9d772aa4e62cfed3ebee0f0243b1d51ed295f5b1069e81da586f63509a81d7ec,b1f2e5a41dfc1ead679123a5c1d4c9398ccf2c598f7f1f3ef5d88b2131a1d37c,fb21d5b04f099d8bf3fd59d599e1adfb87ecdf53b5cbb2d826f62b7fd9051cdf,717,807,1168,393
418,in-house,482,O=C(C1=C(CCC(CCCC)CC)SC(CCC(CC)CCCC)=C1C2=O)C(C2=C(C3)C(C4)=CC=C4C5=CC6=C(C(C7=CC=C(CCC(CCCC)CC)S7)=C8C=CSC8=C6C9=CC=C(CCC(CCCC)CC)S9)S5)=C3C%10=CC=CS%10,O=C1C(/C(C2=CSC=C21)=C(C#N)\C#N)=C\C3=CC4=C(C(C=C5C(C6=CC=C(CCCCCC)C=C6)(C7=CC=C(CCCCCC)C=C7)C8=C(SC9=C8SC(/C=C%10C(C%11=CSC=C%11C\%10=C(C#N)/C#N)=O)=C9)C5=C%12)=C%12C4(C%13=CC=C(CCCCCC)C=C%13)C%14=CC=C(CCCCCC)C=C%14)S3,9.2,O=C(C1=C(CCC(CCCC)CC)SC(CCC(CC)CCCC)=C1C2=O)C(C2=C(C3)C(C4)=CC=C4C5=CC6=C(C(C7=CC=C(CCC(CCCC)CC)S7)=C8C=CSC8=C6C9=CC=C(CCC(CCCC)CC)S9)S5)=C3C%10=CC=CS%10||O=C1C(/C(C2=CSC=C21)=C(C#N)\C#N)=C\C3=CC4=C(C(C=C5C(C6=CC=C(CCCCCC)C=C6)(C7=CC=C(CCCCCC)C=C7)C8=C(SC9=C8SC(/C=C%10C(C%11=CSC=C%11C\%10=C(C#N)/C#N)=O)=C9)C5=C%12)=C%12C4(C%13=CC=C(CCCCCC)C=C%13)C%14=CC=C(CCCCCC)C=C%14)S3,6f31f3770fd225e382586e20513744e11a328b7cc74c758d48628417c600a02b,dd8b6bed37d09ecab0cbb55cab8737534c3645713d8a7938e6148245365fcab5,ec2d89a89746db25b0a596b8cda9e221f15320372a930cef49e300ac53075039,480b9d4b614e69d7f86d4ec1c7b6d03f4ba04a23e13f03bf093044f16ad788f2,913f5c4acb5acd3b9d7e6f8d15f3add7f86e867a2eb3cc420803c0a0a6f7b41f,1113,343,659,394
419,in-house,483,O=C(C1=C(CCC(CCCC)CC)SC(CCC(CC)CCCC)=C1C2=O)C(C2=C(C3)C(C4)=CC=C4C5=CC6=C(C(C7=CC=C(CCC(CCCC)CC)S7)=C8C=CSC8=C6C9=CC=C(CCC(CCCC)CC)S9)S5)=C3C%10=CC=CS%10,N#C/C(C#N)=C(C1=CC=CC=C1C2=O)/C2=C/C3=CC4=C(C5=C(C=C6C(C(CCCCCC)(CCCCCC)C7=C6SC(/C=C8/C(C9=CC=CC=C9C8=O)=C(C#N)/C#N)=C7)=C5)C4(CCCCCC)CCCCCC)S3,9.19,O=C(C1=C(CCC(CCCC)CC)SC(CCC(CC)CCCC)=C1C2=O)C(C2=C(C3)C(C4)=CC=C4C5=CC6=C(C(C7=CC=C(CCC(CCCC)CC)S7)=C8C=CSC8=C6C9=CC=C(CCC(CCCC)CC)S9)S5)=C3C%10=CC=CS%10||N#C/C(C#N)=C(C1=CC=CC=C1C2=O)/C2=C/C3=CC4=C(C5=C(C=C6C(C(CCCCCC)(CCCCCC)C7=C6SC(/C=C8/C(C9=CC=CC=C9C8=O)=C(C#N)/C#N)=C7)=C5)C4(CCCCCC)CCCCCC)S3,6f31f3770fd225e382586e20513744e11a328b7cc74c758d48628417c600a02b,0cc00e1ba2d95fe8288dc072edf395ee6fc3678daa4e12f6703c7be7d2c5a409,2e04d14dd450a0193aa5384d4e2543c6e5910fef19bc229cba5eef79ad8b8300,32009831a6351f02a68cb2910a7b563f3286ef21e8c7d5ed69cae15ab5884891,7de2f922f7bf3fc40af78adfc935fa05cd30577855405d82236cc71c573cf43b,203,255,574,395
420,in-house,484,CC1=CC(C(C2=CC=C(CC(CCCC)CCCCCC)S2)=C3SC(C4=C(CCCCCCCC)C=C(C5=C(C(F)=C(C6=NSN=C56)C7=CC(CCCCCCCC)=C(S7)C)F)S4)=CC3=C8C9=CC=C(CC(CCCC)CCCCCC)S9)=C8S1,c12cc3c(cc1C(c1c2sc2c1sc(c2)/C=C\1/C(=C(C#N)C#N)c2c(C1=O)cccc2)(c1ccc(cc1)CCCCCC)c1ccc(cc1)CCCCCC)c1c(C3(c2ccc(cc2)CCCCCC)c2ccc(cc2)CCCCCC)c2c(s1)cc(s2)/C=C\1/C(=C(C#N)C#N)c2c(C1=O)cccc2,9.17,CC1=CC(C(C2=CC=C(CC(CCCC)CCCCCC)S2)=C3SC(C4=C(CCCCCCCC)C=C(C5=C(C(F)=C(C6=NSN=C56)C7=CC(CCCCCCCC)=C(S7)C)F)S4)=CC3=C8C9=CC=C(CC(CCCC)CCCCCC)S9)=C8S1||c12cc3c(cc1C(c1c2sc2c1sc(c2)/C=C\1/C(=C(C#N)C#N)c2c(C1=O)cccc2)(c1ccc(cc1)CCCCCC)c1ccc(cc1)CCCCCC)c1c(C3(c2ccc(cc2)CCCCCC)c2ccc(cc2)CCCCCC)c2c(s1)cc(s2)/C=C\1/C(=C(C#N)C#N)c2c(C1=O)cccc2,96dcb1674b3eff239b7d3ad33da2a6ab1436bd71b17b251962e7c495b103642b,202f8607af2cecb83e86b2e4305f8c7e2852bc709bb805b9055691d46a9081c5,afe0b4be3afddda120ae4bbc2950664a129bc4209f969b8d7a36c0e218121559,102141dd606d75057f480d71a55cbd982a6e8071d9edc53333958d53ade035ef,e16bddcd14bd9d04c9df94ac4d850efa3ef544af67f5f960838e1a8a250c6db5,814,79,1049,396
421,in-house,485,FC1=C(C(OCC(CCCC)CC)=O)SC2=CSC(C3=CC4=C(C5=C(C(C6=CC=C(CC(CC)CCCC)S6)=C4S3)C=CS5)C7=CC=C(CC(CC)CCCC)S7)=C12,FC1=C(C2=CC=C(S2)/C=C3S/C(N(C/3=O)CCCCCCCC)=C(C#N)\C#N)C4=NSN=C4C(C5=CC(C6(C7=CC=C(C=C7)CCCCCC)C(C=C8)=CC=C8CCCCCC)=C(C9=C6C=C%10C(C(C(C=C%11)=CC=C%11CCCCCC)(C%12=C%10SC(C%13=CC(F)=C(C%14=NSN=C%13%14)C%15=CC=C(S%15)/C=C%16S/C(N(C/%16=O)CCCCCCCC)=C(C#N)/C#N)=C%12)C(C=C%17)=CC=C%17CCCCCC)=C9)S5)=C1,9.14,FC1=C(C(OCC(CCCC)CC)=O)SC2=CSC(C3=CC4=C(C5=C(C(C6=CC=C(CC(CC)CCCC)S6)=C4S3)C=CS5)C7=CC=C(CC(CC)CCCC)S7)=C12||FC1=C(C2=CC=C(S2)/C=C3S/C(N(C/3=O)CCCCCCCC)=C(C#N)\C#N)C4=NSN=C4C(C5=CC(C6(C7=CC=C(C=C7)CCCCCC)C(C=C8)=CC=C8CCCCCC)=C(C9=C6C=C%10C(C(C(C=C%11)=CC=C%11CCCCCC)(C%12=C%10SC(C%13=CC(F)=C(C%14=NSN=C%13%14)C%15=CC=C(S%15)/C=C%16S/C(N(C/%16=O)CCCCCCCC)=C(C#N)/C#N)=C%12)C(C=C%17)=CC=C%17CCCCCC)=C9)S5)=C1,2249a87c8fc0450476e55f070a85b71ffa6beb368356c28f1302bad8bac422cb,a23c4337b9d6db7664381055bc9b7d17559050a748715362b2f989aa1501bf53,27aab5de7441d5ab374ac0f263a1c7e7947806ae5b2dab6592405d506a614658,b8f80c65b3780f6570a52bc7b0643739bd78fbe7f66e0dbbe49cf9bbe444b113,9ca7b413f21c7a7aacb2b4e15688a38fd2a1a7cc96b9a5450a926978496a431b,170,841,712,397
422,in-house,486,O=C(C1=C(CCC(CCCC)CC)SC(CCC(CC)CCCC)=C1C2=O)C(C2=C(C3)C(C4)=CC=C4C5=CC6=C(C(C7=CC=C(CCC(CCCC)CC)S7)=C8C=CSC8=C6C9=CC=C(CCC(CCCC)CC)S9)S5)=C3C%10=CC=CS%10,c1(c(cc2c(c1)C(=O)/C(=C\c1sc3c(c1)sc1c3C(c3c1cc1c(c3)c3c(C1(c1ccc(cc1)C)c1ccc(cc1)C)c1c(s3)cc(s1)c1sc(cc1)c1c(c(c(c3c1nsn3)c1ccc(s1)c1sc3c(c1)sc1c3C(c3c1cc1c(c3)c3c(C1(c1ccc(cc1)C)c1ccc(cc1)C)c1c(s3)cc(s1)/C=C/1\C(=O)c3c(C1=C(C#N)C#N)cc(c(c3)F)F)(c1ccc(cc1)C)c1ccc(cc1)C)C#N)C#N)(c1ccc(cc1)C)c1ccc(cc1)C)/C2=C(C#N)C#N)F)F,9.13,O=C(C1=C(CCC(CCCC)CC)SC(CCC(CC)CCCC)=C1C2=O)C(C2=C(C3)C(C4)=CC=C4C5=CC6=C(C(C7=CC=C(CCC(CCCC)CC)S7)=C8C=CSC8=C6C9=CC=C(CCC(CCCC)CC)S9)S5)=C3C%10=CC=CS%10||c1(c(cc2c(c1)C(=O)/C(=C\c1sc3c(c1)sc1c3C(c3c1cc1c(c3)c3c(C1(c1ccc(cc1)C)c1ccc(cc1)C)c1c(s3)cc(s1)c1sc(cc1)c1c(c(c(c3c1nsn3)c1ccc(s1)c1sc3c(c1)sc1c3C(c3c1cc1c(c3)c3c(C1(c1ccc(cc1)C)c1ccc(cc1)C)c1c(s3)cc(s1)/C=C/1\C(=O)c3c(C1=C(C#N)C#N)cc(c(c3)F)F)(c1ccc(cc1)C)c1ccc(cc1)C)C#N)C#N)(c1ccc(cc1)C)c1ccc(cc1)C)/C2=C(C#N)C#N)F)F,6f31f3770fd225e382586e20513744e11a328b7cc74c758d48628417c600a02b,846af8f4c28170a1553adc394500d06581f6110b446b96c6338fdc5ca5efe776,67dae5a2bea405f3b17538acf204688e7bca53190b5aebe32f47835c29c0b454,d0b98b36359aab61eee999f5c02aef7a6c555fdea5d213498f54a78318255624,837637be636601e1cf8f354dc904cbb967eb85f6906833344b65b16cea389b0c,471,963,599,398
423,in-house,487,CC1=CC=C(S1)C2=C3C(C(N(C3=O)CCCCCCCC)=O)=C(C4=NN(N=C24)CCCCCCCC)C5=CC=C(S5)C6=CC7=C(C8=C(C(C9=CC=C(S9)SCC(CC)CCCC)=C7S6)C=C(C)S8)C%10=CC=C(S%10)SCC(CCCC)CC,c12cc3c(cc1C(c1c2sc2c1sc(c2)/C=C\1/C(=C(C#N)C#N)c2c(C1=O)cccc2)(c1ccc(cc1)CCCCCC)c1ccc(cc1)CCCCCC)c1c(C3(c2ccc(cc2)CCCCCC)c2ccc(cc2)CCCCCC)c2c(s1)cc(s2)/C=C\1/C(=C(C#N)C#N)c2c(C1=O)cccc2,9.12,CC1=CC=C(S1)C2=C3C(C(N(C3=O)CCCCCCCC)=O)=C(C4=NN(N=C24)CCCCCCCC)C5=CC=C(S5)C6=CC7=C(C8=C(C(C9=CC=C(S9)SCC(CC)CCCC)=C7S6)C=C(C)S8)C%10=CC=C(S%10)SCC(CCCC)CC||c12cc3c(cc1C(c1c2sc2c1sc(c2)/C=C\1/C(=C(C#N)C#N)c2c(C1=O)cccc2)(c1ccc(cc1)CCCCCC)c1ccc(cc1)CCCCCC)c1c(C3(c2ccc(cc2)CCCCCC)c2ccc(cc2)CCCCCC)c2c(s1)cc(s2)/C=C\1/C(=C(C#N)C#N)c2c(C1=O)cccc2,25e8da70e7bd27bdfb933e9221d463fe870c6e9cc34de93e80bee4129dd46792,202f8607af2cecb83e86b2e4305f8c7e2852bc709bb805b9055691d46a9081c5,d04c1950419c42e3287944e90bf2da374e2fdccad6b9715e7d4045062f547f5c,5f63f111494f67a783811f1c2c1adfc7669e1697d6605ff0357e3382f0e66e1a,6c1117dbe4dc418bb8ada6ff86dba96ffa623b8420b9b7bb88deed0ad92c4441,992,453,491,399
424,in-house,488,CC1=CC(C(S1)=C(C2=C3SC(C4=CC=C(C5=C6C(C(C7=C(SC(CCCCCCCC)=C7C6=O)CCCCCCCC)=O)=C(C8=CC=C(C)S8)S5)S4)=C2)C9=CC=C(S9)CC(CC)CCCC)=C3C%10=CC=C(S%10)CC(CCCC)CC,O=C(C(C=CC=C1)=C1C/2=C(C#N)\C#N)C2=C/C(S3)=CC=C3C4=CC5=C(C(C6(C7=CC=C(C=C7)CCCCCC)C(C=C8)=CC=C8CCCCCC)=C(C(C=C9C%10(C(C=C%11)=CC=C%11CCCCCC)C(C=C%12)=CC=C%12CCCCCC)=C6C=C9C%13=C%10C%14=C(C=C(S%14)C%15=CC=C(S%15)/C=C%16C(C%17=C(C=CC=C%17)C\%16=C(C#N)\C#N)=O)S%13)S5)S4,9.12,CC1=CC(C(S1)=C(C2=C3SC(C4=CC=C(C5=C6C(C(C7=C(SC(CCCCCCCC)=C7C6=O)CCCCCCCC)=O)=C(C8=CC=C(C)S8)S5)S4)=C2)C9=CC=C(S9)CC(CC)CCCC)=C3C%10=CC=C(S%10)CC(CCCC)CC||O=C(C(C=CC=C1)=C1C/2=C(C#N)\C#N)C2=C/C(S3)=CC=C3C4=CC5=C(C(C6(C7=CC=C(C=C7)CCCCCC)C(C=C8)=CC=C8CCCCCC)=C(C(C=C9C%10(C(C=C%11)=CC=C%11CCCCCC)C(C=C%12)=CC=C%12CCCCCC)=C6C=C9C%13=C%10C%14=C(C=C(S%14)C%15=CC=C(S%15)/C=C%16C(C%17=C(C=CC=C%17)C\%16=C(C#N)\C#N)=O)S%13)S5)S4,3d2964df018da7416712535bee785ad82cc65b6266b1700967597b351c1ccdfd,cb4624e459d88ee87628bc50d34138f9ee91249e0acaf914183b47fabde35540,f9df0bff907fb3e567f4941d8f20e997755a7ce6addbb5974bf0c20ed5d5cd2c,01d01d4718b3a83952a9871b25bf4dbe41dfbf8a5816dd01d17ad8815dc9d6d6,375dafafd122ee12a1f2ad7aab76a286209d206dad99f2926416ded1f9b1e98a,1165,8,246,400
425,in-house,489,FC(C(F)=C(C1=NN(N=C21)CCC(CCCC)CCCCCC)C3=CC=C(S3)C)=C2C(S4)=CC=C4C5=CC(C(CCCC(CCCCCC)CCCC)=C6SC(C)=CC6=C7CCCC(CCCC)CCCCCC)=C7S5,O=C1C2=C(C=C(F)C=C2)C(/C1=C/C(S3)=CC4=C3C(SC5=C6SC7=C5OC(C8=CC=C(CCCCCC)C=C8)(C9=CC=C(CCCCCC)C=C9)C%10=C7SC(/C=C%11/C(C(C=CC(F)=C%12)=C%12C%11=O)=C(C#N)\C#N)=C%10)=C6OC4(C%13=CC=C(CCCCCC)C=C%13)C%14=CC=C(CCCCCC)C=C%14)=C(C#N)/C#N,9.12,FC(C(F)=C(C1=NN(N=C21)CCC(CCCC)CCCCCC)C3=CC=C(S3)C)=C2C(S4)=CC=C4C5=CC(C(CCCC(CCCCCC)CCCC)=C6SC(C)=CC6=C7CCCC(CCCC)CCCCCC)=C7S5||O=C1C2=C(C=C(F)C=C2)C(/C1=C/C(S3)=CC4=C3C(SC5=C6SC7=C5OC(C8=CC=C(CCCCCC)C=C8)(C9=CC=C(CCCCCC)C=C9)C%10=C7SC(/C=C%11/C(C(C=CC(F)=C%12)=C%12C%11=O)=C(C#N)\C#N)=C%10)=C6OC4(C%13=CC=C(CCCCCC)C=C%13)C%14=CC=C(CCCCCC)C=C%14)=C(C#N)/C#N,45e95ea37da5bc3e18f2c067cb95f73c851335176098d8fca22fcb29952b2779,9b32ab6fe99218e450196f03c323ab90d19901cf835dd04fa263e1171b59f8fa,b999aa1801a5895a37b85f54822d668abd246c8710a4c41216e0ae5355625780,00f7924ab5f417c71eb907e2c8046e629e35de7f530d83ab6b5a3fe8a6520752,01c6a9f2b9bc11d46405563ec812bb95e7efdbedda9f3b17e5f8c7f98c84a74e,877,4,9,401
426,in-house,490,FC1=C(C(OCC(CCCC)CC)=O)SC2=CSC(C3=CC4=C(C5=C(C(C6=CC=C(CC(CC)CCCC)S6)=C4S3)C=CS5)C7=CC=C(CC(CC)CCCC)S7)=C12,CCC(CC)(O1)C2=CC(C3=C(OC4(CC)CC)C=C(C5=C6C=C(C(OCCCCCCCC)=O)SC6=C(/C=C7/C(C(C=C(F)C=C8)=C8C7=O)=C(C#N)/C#N)S5)S3)=C4C=C2C(S9)=C1C=C9C(SC(/C=C%10C(C%11=C(C/%10=C(C#N)\C#N)C=C(F)C=C%11)=O)=C%12S%13)=C%12C=C%13C(OCCCCCCCC)=O,9.11,FC1=C(C(OCC(CCCC)CC)=O)SC2=CSC(C3=CC4=C(C5=C(C(C6=CC=C(CC(CC)CCCC)S6)=C4S3)C=CS5)C7=CC=C(CC(CC)CCCC)S7)=C12||CCC(CC)(O1)C2=CC(C3=C(OC4(CC)CC)C=C(C5=C6C=C(C(OCCCCCCCC)=O)SC6=C(/C=C7/C(C(C=C(F)C=C8)=C8C7=O)=C(C#N)/C#N)S5)S3)=C4C=C2C(S9)=C1C=C9C(SC(/C=C%10C(C%11=C(C/%10=C(C#N)\C#N)C=C(F)C=C%11)=O)=C%12S%13)=C%12C=C%13C(OCCCCCCCC)=O,2249a87c8fc0450476e55f070a85b71ffa6beb368356c28f1302bad8bac422cb,be0f7023a7a860300786ec16e00e252a02e372ca96c37c56d6a0d3cf49ac0ef1,630a9d446a0176085c8ca8f7d6aa6db899d8b4ce31e765ef33526d56938f9ce3,c94beb7581c21a549effb4e14868044d598492bf12414e564163623cb9563b68,5af65a24dcbc9735ecb7fed06c9df496df79328e5730ab20f98217117ab914e7,446,921,408,402
427,in-house,491,CC1=CC=C(C2=CC(C(N=C(C(C3=CC=C(S3)CCCCCCCC)=N4)C5=CC=C(S5)CCCCCCCC)=C4C(C6=CC=C(C7=CC8=C(C9=CC=C(CC(CCCCCC)CCCC)S9)C(SC(C)=C%10)=C%10C(C%11=CC=C(CC(CCCCCC)CCCC)S%11)=C8S7)S6)=C%12)=C%12C%13=C2N=C(C%14=CC=C(S%14)CCCCCCCC)C(C%15=CC=C(S%15)CCCCCCCC)=N%13)S1,c12cc3c(cc1C(c1c2sc2c1sc(c2)/C=C\1/C(=C(C#N)C#N)c2c(C1=O)cccc2)(c1ccc(cc1)CCCCCC)c1ccc(cc1)CCCCCC)c1c(C3(c2ccc(cc2)CCCCCC)c2ccc(cc2)CCCCCC)c2c(s1)cc(s2)/C=C\1/C(=C(C#N)C#N)c2c(C1=O)cccc2,9.11,CC1=CC=C(C2=CC(C(N=C(C(C3=CC=C(S3)CCCCCCCC)=N4)C5=CC=C(S5)CCCCCCCC)=C4C(C6=CC=C(C7=CC8=C(C9=CC=C(CC(CCCCCC)CCCC)S9)C(SC(C)=C%10)=C%10C(C%11=CC=C(CC(CCCCCC)CCCC)S%11)=C8S7)S6)=C%12)=C%12C%13=C2N=C(C%14=CC=C(S%14)CCCCCCCC)C(C%15=CC=C(S%15)CCCCCCCC)=N%13)S1||c12cc3c(cc1C(c1c2sc2c1sc(c2)/C=C\1/C(=C(C#N)C#N)c2c(C1=O)cccc2)(c1ccc(cc1)CCCCCC)c1ccc(cc1)CCCCCC)c1c(C3(c2ccc(cc2)CCCCCC)c2ccc(cc2)CCCCCC)c2c(s1)cc(s2)/C=C\1/C(=C(C#N)C#N)c2c(C1=O)cccc2,1519c1b11144cc93a45edc711cef34662ab5071d4beaf772bf8b2cb83b5dc12b,202f8607af2cecb83e86b2e4305f8c7e2852bc709bb805b9055691d46a9081c5,1f6a4d39874d5367a3726e28027079c0ad86e95b03b459e2f86934b57ee73b60,08b45f03f09326576ad2df01e331b0e30dbf3d18ba01b2c7307560cc0e4fb5f5,4c893f0a3f18f0131358ec1fefabbe0527986f67ea21474b4265e83267e86dd1,145,42,334,403
428,in-house,492,FC1=C(C(OCC(CCCC)CC)=O)SC2=CSC(C3=CC4=C(C5=C(C(C6=CC=C(CC(CC)CCCC)S6)=C4S3)C=CS5)C7=CC=C(CC(CC)CCCC)S7)=C12,O=C(N(C(N(C/1=O)CC)=S)CC)C1=C\C(S2)=CC3=C2C4=C(S3)C(C=C5C(C6=CC=C(C=C6)CCCCCC)(C7=CC=C(C=C7)CCCCCC)C8=C(SC9=C8SC(/C=C%10C(N(C(N(C\%10=O)CC)=S)CC)=O)=C9)C5=C%11)=C%11C(C%12=CC=C(C=C%12)CCCCCC)4C(C=C%13)=CC=C%13CCCCCC,9.1,FC1=C(C(OCC(CCCC)CC)=O)SC2=CSC(C3=CC4=C(C5=C(C(C6=CC=C(CC(CC)CCCC)S6)=C4S3)C=CS5)C7=CC=C(CC(CC)CCCC)S7)=C12||O=C(N(C(N(C/1=O)CC)=S)CC)C1=C\C(S2)=CC3=C2C4=C(S3)C(C=C5C(C6=CC=C(C=C6)CCCCCC)(C7=CC=C(C=C7)CCCCCC)C8=C(SC9=C8SC(/C=C%10C(N(C(N(C\%10=O)CC)=S)CC)=O)=C9)C5=C%11)=C%11C(C%12=CC=C(C=C%12)CCCCCC)4C(C=C%13)=CC=C%13CCCCCC,2249a87c8fc0450476e55f070a85b71ffa6beb368356c28f1302bad8bac422cb,15f7b220ce04916dd1366abdcb9f720ae255f6f6c43694d1a488b35086363d6a,e9fb00bc01eedc795d57339a73f0f8d164cea337977cd3467490bdd0f301c2f7,2575ec053ba1973074c08d8f8b1c424eb562bf7c0b8742e27986e29342ef24ee,ad66e97a837bfb16e9b4ea5fdcdb8e304b3174ed7fd4e61cec0131a4dbefe1b8,1103,181,797,404
429,in-house,493,CC1=CC(C(C2=CC=C(S2)CC(CCCC)CC)=C3SC(C4=C(F)C(F)=C(C)S4)=CC3=C5C6=CC=C(S6)CC(CCCC)CC)=C5S1,c12cc3c(cc1C(c1c2sc2c1sc(c2)/C=C\1/C(=C(C#N)C#N)c2c(C1=O)cccc2)(c1ccc(cc1)CCCCCC)c1ccc(cc1)CCCCCC)c1c(C3(c2ccc(cc2)CCCCCC)c2ccc(cc2)CCCCCC)c2c(s1)cc(s2)/C=C\1/C(=C(C#N)C#N)c2c(C1=O)cccc2,9.1,CC1=CC(C(C2=CC=C(S2)CC(CCCC)CC)=C3SC(C4=C(F)C(F)=C(C)S4)=CC3=C5C6=CC=C(S6)CC(CCCC)CC)=C5S1||c12cc3c(cc1C(c1c2sc2c1sc(c2)/C=C\1/C(=C(C#N)C#N)c2c(C1=O)cccc2)(c1ccc(cc1)CCCCCC)c1ccc(cc1)CCCCCC)c1c(C3(c2ccc(cc2)CCCCCC)c2ccc(cc2)CCCCCC)c2c(s1)cc(s2)/C=C\1/C(=C(C#N)C#N)c2c(C1=O)cccc2,d0b149c1386bc945c90bae2b1334f3d8fe0956e33e95f41bc245edf56e54efe4,202f8607af2cecb83e86b2e4305f8c7e2852bc709bb805b9055691d46a9081c5,756f02d871a05d9e3ab9e05194fe729fdc2801047adbff0fee75c9c3dea53ca2,929d521b50eef6774a0ed649a3064a6d6b8e841c2b6bac0e70c1505324e0bb05,c7f98697b26413e4fe7bc03a7a1a5bc387905fe3274091d0e40b69f9a8aaa9b7,531,689,918,405
430,in-house,494,FC(C=C(C1=C2SC=CC2=C(C3=CC(F)=C(CC(CCCC)CC)S3)C4=C1C=C(C5=CC=C(C6=C(C(C(C7=C(CC(CCCC)CC)SC(CC(CC)CCCC)=C78)=O)=C(C9=CC=CC9)S6)C8=O)S5)S4)S%10)=C%10CC(CC)CCCC,[F]C1=C(C(F)=C(C(C2=CC(C(CC(CCCC)CC)(CC(CCCC)CC)C3=C4SC(/C=C5C(C6=CC(F)=C(C=C6C\5=C(C#N)\C#N)F)=O)=C3)=C4S2)=C1F)[F])C7=CC8=C(C9=C(C8(CC(CCCC)CC)CC(CCCC)CC)C=C(/C=C%10C(C%11=CC(F)=C(C=C%11C\%10=C(C#N)/C#N)S)=O)S9)S7,9.09,FC(C=C(C1=C2SC=CC2=C(C3=CC(F)=C(CC(CCCC)CC)S3)C4=C1C=C(C5=CC=C(C6=C(C(C(C7=C(CC(CCCC)CC)SC(CC(CC)CCCC)=C78)=O)=C(C9=CC=CC9)S6)C8=O)S5)S4)S%10)=C%10CC(CC)CCCC||[F]C1=C(C(F)=C(C(C2=CC(C(CC(CCCC)CC)(CC(CCCC)CC)C3=C4SC(/C=C5C(C6=CC(F)=C(C=C6C\5=C(C#N)\C#N)F)=O)=C3)=C4S2)=C1F)[F])C7=CC8=C(C9=C(C8(CC(CCCC)CC)CC(CCCC)CC)C=C(/C=C%10C(C%11=CC(F)=C(C=C%11C\%10=C(C#N)/C#N)S)=O)S9)S7,61eee9608e36bdb1d3a96a3ad1baa39916f3a546e29d11481966a5a2d3d30f3c,db6e55e19b955541153e3586ccdfaf2d6b81a3b211d8827c73781e91aa285e89,3733c63849f8be9d9b1f0345dbcf8884f527afc50febc88941ef17c944470d70,e78e8546302456a858d3c27c0a6d20f20ca0a7f0f1893dfc02ab6a050cb1b510,ebd55e0289b660ee81c8419271bd8d1c287d7cefd7d3a46434ddd21436ac801b,242,1068,1102,406
431,in-house,495,CC1=CC(C(S1)=C(C2=C3SC(C4=CC=C(C5=C6C(C(C7=C(SC(CCCCCCCC)=C7C6=O)CCCCCCCC)=O)=C(C8=CC=C(C)S8)S5)S4)=C2)C9=CC=C(S9)CC(CC)CCCC)=C3C%10=CC=C(S%10)CC(CCCC)CC,c12cc3c(cc1C(c1c2sc2c1sc(c2)/C=C\1/C(=C(C#N)C#N)c2c(C1=O)cccc2)(c1ccc(cc1)CCCCCC)c1ccc(cc1)CCCCCC)c1c(C3(c2ccc(cc2)CCCCCC)c2ccc(cc2)CCCCCC)c2c(s1)cc(s2)/C=C\1/C(=C(C#N)C#N)c2c(C1=O)cccc2,9.05,CC1=CC(C(S1)=C(C2=C3SC(C4=CC=C(C5=C6C(C(C7=C(SC(CCCCCCCC)=C7C6=O)CCCCCCCC)=O)=C(C8=CC=C(C)S8)S5)S4)=C2)C9=CC=C(S9)CC(CC)CCCC)=C3C%10=CC=C(S%10)CC(CCCC)CC||c12cc3c(cc1C(c1c2sc2c1sc(c2)/C=C\1/C(=C(C#N)C#N)c2c(C1=O)cccc2)(c1ccc(cc1)CCCCCC)c1ccc(cc1)CCCCCC)c1c(C3(c2ccc(cc2)CCCCCC)c2ccc(cc2)CCCCCC)c2c(s1)cc(s2)/C=C\1/C(=C(C#N)C#N)c2c(C1=O)cccc2,3d2964df018da7416712535bee785ad82cc65b6266b1700967597b351c1ccdfd,202f8607af2cecb83e86b2e4305f8c7e2852bc709bb805b9055691d46a9081c5,28ba53a3c91ad8a057db57d30c4afa377762bf85961098a89de95beb8d1690d9,d0e3a0fa2bb06124e26d74f996a4ccf2935d5f186dd3569511b3663a4692ab78,11d78e9c29b3c63f0a440a7b54bbca77c9df1b6691abf42c5bc856fa944b699f,176,966,77,407
432,in-house,496,c1csc2c1c(c1c(c2c2cc(c(s2)CCCCCCCC)CCCCCCCC)cc(s1)c1sc(c(c1)CCCCCC)c1sc2c(n1)sc(n2)c1sccc1CCCCCC)c1cc(c(s1)CCCCCCCC)CCCCCCCC,c12cc3c(cc1C(c1c2sc2c1sc(c2)/C=C\1/C(=C(C#N)C#N)c2c(C1=O)cccc2)(c1ccc(cc1)OCCCCCC)c1ccc(cc1)OCCCCCC)c1c(C3(c2ccc(cc2)OCCCCCC)c2ccc(cc2)OCCCCCC)c2c(s1)cc(s2)/C=C\1/C(=C(C#N)C#N)c2c(C1=O)cccc2,9.03,c1csc2c1c(c1c(c2c2cc(c(s2)CCCCCCCC)CCCCCCCC)cc(s1)c1sc(c(c1)CCCCCC)c1sc2c(n1)sc(n2)c1sccc1CCCCCC)c1cc(c(s1)CCCCCCCC)CCCCCCCC||c12cc3c(cc1C(c1c2sc2c1sc(c2)/C=C\1/C(=C(C#N)C#N)c2c(C1=O)cccc2)(c1ccc(cc1)OCCCCCC)c1ccc(cc1)OCCCCCC)c1c(C3(c2ccc(cc2)OCCCCCC)c2ccc(cc2)OCCCCCC)c2c(s1)cc(s2)/C=C\1/C(=C(C#N)C#N)c2c(C1=O)cccc2,7ef4e8f49637126dc67c9159eaedd500d4beeced87b4940d8372cd582ad7778e,2fc7b353270f61ced8b2448b3caced6f270384248a93de6efbe60c799205a6dc,98dbb84cea39fa6b8bda49e17d4f04668852d8f04abc167a5eced77f0fb94340,c9d5aaf48d9ba1bc9fd929e0af5cd96ec263057b8e41b1a4aab325d5a26e1bea,0ff426f1f71b87f32e5c533722c7e12204853d8d53c4477c4a1b46b5613f2e88,697,928,74,408
433,in-house,497,O=C(C1=C(CCC(CCCC)CC)SC(CCC(CC)CCCC)=C1C2=O)C(C2=C(C3)C(C4)=CC=C4C5=CC6=C(C(C7=CC=C(CCC(CCCC)CC)S7)=C8C=CSC8=C6C9=CC=C(CCC(CCCC)CC)S9)S5)=C3C%10=CC=CS%10,FC(C=C1C2=CC(C3(CC(CCCC)CC)CC(CCCC)CC)=C(S2)C(S4)=C3C=C4/C=C(C(C5=CC(Cl)=C(C=C56)Cl)=O)/C6=C(C#N)/C#N)=C(C=C1F)C7=CC8=C(C9=C(C8(CC(CCCC)CC)CC(CCCC)CC)C=C(/C=C%10C(C%11=CC(Cl)=C(C=C%11C\%10=C(C#N)\C#N)Cl)=O)S9)S7,9.03,O=C(C1=C(CCC(CCCC)CC)SC(CCC(CC)CCCC)=C1C2=O)C(C2=C(C3)C(C4)=CC=C4C5=CC6=C(C(C7=CC=C(CCC(CCCC)CC)S7)=C8C=CSC8=C6C9=CC=C(CCC(CCCC)CC)S9)S5)=C3C%10=CC=CS%10||FC(C=C1C2=CC(C3(CC(CCCC)CC)CC(CCCC)CC)=C(S2)C(S4)=C3C=C4/C=C(C(C5=CC(Cl)=C(C=C56)Cl)=O)/C6=C(C#N)/C#N)=C(C=C1F)C7=CC8=C(C9=C(C8(CC(CCCC)CC)CC(CCCC)CC)C=C(/C=C%10C(C%11=CC(Cl)=C(C=C%11C\%10=C(C#N)\C#N)Cl)=O)S9)S7,6f31f3770fd225e382586e20513744e11a328b7cc74c758d48628417c600a02b,a7c4b5541b8a9fcdc451b3fdf50c088a6f31721140ab77690d39d1dcc9517b61,9d7c5c31eb97de02884f121f2acced01e10a1058d5e920928391f3fa7e39bf36,688465db3e3753072bff61a8617f174dd86d46eda8ab1acdf5670dacf201932f,608ad3f139b359fe1423a371f832308404afeb0ee8180e7ec08d2d053388d44a,718,504,433,409
434,in-house,498,CC1=CC(C(S1)=C(C2=C3SC(C(S4)=CC=C4C5=C6C(C(C7=C(SC(CCCCCCCC)=C7C6=O)CCCCCCCC)=O)=C(S5)C8=CC=C(C)S8)=C2)C9=CC=C(S9)CC)=C3C%10=CC=C(S%10)CC,c12cc3c(cc1C(c1c2sc2c1sc(c2)/C=C\1/C(=C(C#N)C#N)c2c(C1=O)cccc2)(c1ccc(cc1)CCCCCC)c1ccc(cc1)CCCCCC)c1c(C3(c2ccc(cc2)CCCCCC)c2ccc(cc2)CCCCCC)c2c(s1)cc(s2)/C=C\1/C(=C(C#N)C#N)c2c(C1=O)cccc2,9.01,CC1=CC(C(S1)=C(C2=C3SC(C(S4)=CC=C4C5=C6C(C(C7=C(SC(CCCCCCCC)=C7C6=O)CCCCCCCC)=O)=C(S5)C8=CC=C(C)S8)=C2)C9=CC=C(S9)CC)=C3C%10=CC=C(S%10)CC||c12cc3c(cc1C(c1c2sc2c1sc(c2)/C=C\1/C(=C(C#N)C#N)c2c(C1=O)cccc2)(c1ccc(cc1)CCCCCC)c1ccc(cc1)CCCCCC)c1c(C3(c2ccc(cc2)CCCCCC)c2ccc(cc2)CCCCCC)c2c(s1)cc(s2)/C=C\1/C(=C(C#N)C#N)c2c(C1=O)cccc2,5ba336b2d6695e02422d91b15e24ea12b84fce25456dd3726f19d85ab0bacc59,202f8607af2cecb83e86b2e4305f8c7e2852bc709bb805b9055691d46a9081c5,7eca11b3044d01e6af0186a47fdbfa053a52e769dd1aed2587c8357307ad4100,0aebc2b21a0d5c3c9c4ccef93ea95ca1cd46cc3739e0f768c8b2efa5f5f72a11,1e39710f4f3973fee0115a4317b4ddabacb44b2d7c63d411e256450e9c1cf444,580,57,127,410
435,in-house,500,O=C(C1=C(CCC(CCCC)CC)SC(CCC(CC)CCCC)=C1C2=O)C(C2=C(C3)C(C4)=CC=C4C5=CC6=C(C(C7=CC=C(CCC(CCCC)CC)S7)=C8C=CSC8=C6C9=CC=C(CCC(CCCC)CC)S9)S5)=C3C%10=CC=CS%10,O=C(C1=CC=CC=C1C/2=C(C#N)/C#N)C2=C/C3=CC(SC4=C5C(CCCCCCCC)(CCCCCCCC)C6=C4C=C7C(C8=CC(C(C9=C%10SC%11=C9SC(/C=C%12C(C%13=C(C=CC=C%13)C\%12=C(C#N)/C#N)=O)=C%11)(CCCCCCCC)CCCCCCCC)=C%10C=C8C7(CCCCCCCC)CCCCCCCC)=C6)=C5S3,9.0,O=C(C1=C(CCC(CCCC)CC)SC(CCC(CC)CCCC)=C1C2=O)C(C2=C(C3)C(C4)=CC=C4C5=CC6=C(C(C7=CC=C(CCC(CCCC)CC)S7)=C8C=CSC8=C6C9=CC=C(CCC(CCCC)CC)S9)S5)=C3C%10=CC=CS%10||O=C(C1=CC=CC=C1C/2=C(C#N)/C#N)C2=C/C3=CC(SC4=C5C(CCCCCCCC)(CCCCCCCC)C6=C4C=C7C(C8=CC(C(C9=C%10SC%11=C9SC(/C=C%12C(C%13=C(C=CC=C%13)C\%12=C(C#N)/C#N)=O)=C%11)(CCCCCCCC)CCCCCCCC)=C%10C=C8C7(CCCCCCCC)CCCCCCCC)=C6)=C5S3,6f31f3770fd225e382586e20513744e11a328b7cc74c758d48628417c600a02b,10ccc085e86003224445ea8551ba233d373f1bd4cd3b832aa2c0bf3775f351cf,ee913480f354a49a7fa7f92e3e260df27c43c0c15c73da268352d6bcdc9a0522,4b88840a98e85f60251108e9cd8f721d8c4006f22f1d4fbeaf49166e9e0d6e94,a4ec1f61b37eba4fbfd3018baeaed639427fdf99700a4aa5da20d567f3a4db63,1122,360,759,411
436,in-house,501,FC1=C(C(OCC(CCCC)CC)=O)SC2=CSC(C3=CC4=C(C5=C(C(C6=CC=C(CC(CC)CCCC)S6)=C4S3)C=CS5)C7=CC=C(CC(CC)CCCC)S7)=C12,c1c2c(cc(c1F)F)C(=O)/C(=C\c1cc(c(s1)c1sc3c(c1)[Si@](c1c3sc(c1)c1c(cc(s1)/C=C\1/C(=C(C#N)C#N)c3c(C1=O)cc(c(c3)F)F)OC[C@H](CCCC)CC)(C[C@@H](CC)CCCC)C[C@H](CC)CCCC)OC[C@H](CCCC)CC)/C2=C(C#N)C#N,9.0,FC1=C(C(OCC(CCCC)CC)=O)SC2=CSC(C3=CC4=C(C5=C(C(C6=CC=C(CC(CC)CCCC)S6)=C4S3)C=CS5)C7=CC=C(CC(CC)CCCC)S7)=C12||c1c2c(cc(c1F)F)C(=O)/C(=C\c1cc(c(s1)c1sc3c(c1)[Si@](c1c3sc(c1)c1c(cc(s1)/C=C\1/C(=C(C#N)C#N)c3c(C1=O)cc(c(c3)F)F)OC[C@H](CCCC)CC)(C[C@@H](CC)CCCC)C[C@H](CC)CCCC)OC[C@H](CCCC)CC)/C2=C(C#N)C#N,2249a87c8fc0450476e55f070a85b71ffa6beb368356c28f1302bad8bac422cb,34a3aefa4fe2f936b756109fe17b9e924116f99947a52ca37a9bd7a112b23441,ea577ca93acfaf016da85c2a97de1556d38e8a486b6221a48a490f5198b94a89,b02f8dc969f02d2d24c2eff09797650fef0e91df8ae27b71bd5c27a6f3cfb45e,9d4ea727b57defb95aad0a30334ffb39172879035fed4268c54a545d3bfc42c8,1104,801,715,412
437,in-house,502,O=C1C2=C(CC(CC)CCCC)SC(CC(CC)CCCC)=C2C(C3=C(C4=CC=C(C5=CC(C(C6=CC(F)=C(CC(CC)CCCC)S6)=C(SC=C7)C7=C8C9=CC(F)=C(CC(CC)CCCC)S9)=C8S5)S4)SC(C%10=CC=CS%10)=C31)=O,O=C(C(C=CC=C1)=C1C/2=C(C#N)\C#N)C2=C/C3=CC4=C(C5=C(S4)C(C6(C7=CC=C(CCCCCCCC)C=C7)C8=CC=C(CCCCCCCC)C=C8)=C(C9=CC%10=C(C%11=C(C%10(C%12=CC=C(C=C%12)CCCCCCCC)C%13=CC=C(C=C%13)CCCCCCCC)C(SC%14=C%15SC(/C=C%16C(C%17=CC=CC=C%17C\%16=C(C#N)\C#N)=O)=C%14)=C%15S%11)C=C96)S5)S3,9.0,O=C1C2=C(CC(CC)CCCC)SC(CC(CC)CCCC)=C2C(C3=C(C4=CC=C(C5=CC(C(C6=CC(F)=C(CC(CC)CCCC)S6)=C(SC=C7)C7=C8C9=CC(F)=C(CC(CC)CCCC)S9)=C8S5)S4)SC(C%10=CC=CS%10)=C31)=O||O=C(C(C=CC=C1)=C1C/2=C(C#N)\C#N)C2=C/C3=CC4=C(C5=C(S4)C(C6(C7=CC=C(CCCCCCCC)C=C7)C8=CC=C(CCCCCCCC)C=C8)=C(C9=CC%10=C(C%11=C(C%10(C%12=CC=C(C=C%12)CCCCCCCC)C%13=CC=C(C=C%13)CCCCCCCC)C(SC%14=C%15SC(/C=C%16C(C%17=CC=CC=C%17C\%16=C(C#N)\C#N)=O)=C%14)=C%15S%11)C=C96)S5)S3,65482d735aa1f382b817dd8d95b1689b39b0b3c26138949c2680844f1b1f5ea0,a3637cd0f303af0727e0eb310ba69c4c9a2e3f1e56eb259138c33035542cb18e,efc0a2b3b0ab147d0d82cb7a7264cdd8a5441f38e31a5b92d1efdf0706aad5e8,403753ac761c930be4998ee9c7e637811522dd94257b71e5384ca357a97d853f,f59be9584582f36d0a588b8e4916ed02ddfde868f586d61b7015a2c2666c3728,1129,311,1150,413
438,in-house,503,O=C(C1=C(CCC(CCCC)CC)SC(CCC(CC)CCCC)=C1C2=O)C(C2=C(C3)C(C4)=CC=C4C5=CC6=C(C(C7=CC=C(CCC(CCCC)CC)S7)=C8C=CSC8=C6C9=CC=C(CCC(CCCC)CC)S9)S5)=C3C%10=CC=CS%10,CCN(C/1=O)/C(SC1=C/C2=C3SC(C(OCCCCCCCC)=O)=CC3=C(C4=CC5=C(C6=CC(C(C7=C8SC(C9=C%10C=C(C(OCCCCCCCC)=O)SC%10=C(/C=C(C%11=O)\S/C(N%11CC)=C(C#N)/C#N)S9)=C7)(C%12=CC=C(CCCCCC)C=C%12)C%13=CC=C(CCCCCC)C=C%13)=C8C=C6C5(C%14=CC=C(CCCCCC)C=C%14)C%15=CC=C(C=C%15)CCCCCC)S4)S2)=C(C#N)/C#N,9.0,O=C(C1=C(CCC(CCCC)CC)SC(CCC(CC)CCCC)=C1C2=O)C(C2=C(C3)C(C4)=CC=C4C5=CC6=C(C(C7=CC=C(CCC(CCCC)CC)S7)=C8C=CSC8=C6C9=CC=C(CCC(CCCC)CC)S9)S5)=C3C%10=CC=CS%10||CCN(C/1=O)/C(SC1=C/C2=C3SC(C(OCCCCCCCC)=O)=CC3=C(C4=CC5=C(C6=CC(C(C7=C8SC(C9=C%10C=C(C(OCCCCCCCC)=O)SC%10=C(/C=C(C%11=O)\S/C(N%11CC)=C(C#N)/C#N)S9)=C7)(C%12=CC=C(CCCCCC)C=C%12)C%13=CC=C(CCCCCC)C=C%13)=C8C=C6C5(C%14=CC=C(CCCCCC)C=C%14)C%15=CC=C(C=C%15)CCCCCC)S4)S2)=C(C#N)/C#N,6f31f3770fd225e382586e20513744e11a328b7cc74c758d48628417c600a02b,6308558cb1f38fc08de8933996776902f72fd92a825c1cb858eef5eee15f4070,c505e621e23bbad6a084d5ca4d9fc15a7aaaaa6ecebdcb1804feaaf632bda6ee,2e262b36b759c3797913a959838ad157cf5841f49aa89dedd0cd24fd29e7a5a7,8708ac0b191e1aecb9a7d488ad90f791e80b14f3b352fba21709786f26e457c1,946,225,613,414
439,in-house,504,CC1=CC=C(S1)C2=C(C(F)=C(C3=NSN=C23)C4=CC=C(S4)C5=C(CC(CCCCCC)CCCCCCCC)C=C(C6=C(CC(CCCCCCCC)CCCCCC)C=C(C(C7=NON=C78)=C(C(F)=C8C9=CC(CC(CCCCCC)CCCCCCCC)=C(C%10=CC(CC(CCCCCC)CCCCCCCC)=C(C)S%10)S9)F)S6)S5)F,O=C(C1=CC=CC=C1C/2=C(C#N)\C#N)C2=C/C3=CC4=C(C(C(C5=CC=C(CCCCCC)S5)(C6=C7C=C8C(C9=CC=C(S9)CCCCCC)(C%10=CC=C(S%10)CCCCCC)C%11=C(SC%12=C%11SC(/C=C%13C(C%14=CC=CC=C%14C\%13=C(C#N)\C#N)=O)=C%12)C8=C6)C(S%15)=CC=C%15CCCCCC)=C7S4)S3,9.0,CC1=CC=C(S1)C2=C(C(F)=C(C3=NSN=C23)C4=CC=C(S4)C5=C(CC(CCCCCC)CCCCCCCC)C=C(C6=C(CC(CCCCCCCC)CCCCCC)C=C(C(C7=NON=C78)=C(C(F)=C8C9=CC(CC(CCCCCC)CCCCCCCC)=C(C%10=CC(CC(CCCCCC)CCCCCCCC)=C(C)S%10)S9)F)S6)S5)F||O=C(C1=CC=CC=C1C/2=C(C#N)\C#N)C2=C/C3=CC4=C(C(C(C5=CC=C(CCCCCC)S5)(C6=C7C=C8C(C9=CC=C(S9)CCCCCC)(C%10=CC=C(S%10)CCCCCC)C%11=C(SC%12=C%11SC(/C=C%13C(C%14=CC=CC=C%14C\%13=C(C#N)\C#N)=O)=C%12)C8=C6)C(S%15)=CC=C%15CCCCCC)=C7S4)S3,3255e78f6e60ea325171d9acd8a051f0425e6a3730b7e446fc4ca3b7a2f7ef3a,324d6e5b76a9400503a81056ec0f63ac76d712428565dd1fa4bf1871d8f66e0c,a11a5bc199fe111f323dd61dbbf15430408372f063205a01494990456c801dd6,8c8289f607298ebd4f5fd521f7301d37990edcae078015f6e0edd0d9f0939a32,0783ba0ace2affc7e42b8ae68853146281e639ecb16b475f266680fd0e5b455f,746,657,39,415
440,in-house,507,FC1=C(C2=CC=C(C3=CC4=C(C(C(C=C5F)=CC(F)=C5CC(CCCC)CC)=C6C=C(OC6=C4C(C=C7F)=CC(F)=C7CC(CC)CCCC)C)O3)S2)C8=NN(CC(CCCCCCCC)CCCCCC)N=C8C(C9=CC=C(C)S9)=C1F,c12cc3c(cc1C(c1c2sc2c1sc(c2)/C=C\1/C(=C(C#N)C#N)c2c(C1=O)cccc2)(c1cccc(c1)CCCCCC)c1cc(ccc1)CCCCCC)c1c(C3(c2cc(ccc2)CCCCCC)c2cccc(c2)CCCCCC)c2c(s1)cc(s2)/C=C\1/C(=C(C#N)C#N)c2c(C1=O)cccc2,8.96,FC1=C(C2=CC=C(C3=CC4=C(C(C(C=C5F)=CC(F)=C5CC(CCCC)CC)=C6C=C(OC6=C4C(C=C7F)=CC(F)=C7CC(CC)CCCC)C)O3)S2)C8=NN(CC(CCCCCCCC)CCCCCC)N=C8C(C9=CC=C(C)S9)=C1F||c12cc3c(cc1C(c1c2sc2c1sc(c2)/C=C\1/C(=C(C#N)C#N)c2c(C1=O)cccc2)(c1cccc(c1)CCCCCC)c1cc(ccc1)CCCCCC)c1c(C3(c2cc(ccc2)CCCCCC)c2cccc(c2)CCCCCC)c2c(s1)cc(s2)/C=C\1/C(=C(C#N)C#N)c2c(C1=O)cccc2,0eba39b92d3306533f37e1089333de7bf54469696f9634a85ef7c679c887edab,50864152acede518837f13b246d168a2c910162b60d24eaca8a12069a3584c43,b06dee734ea17d87c49bd4da3ee0020df7c73b8adb89a121df5b668ad131327f,02764a75072ff9d34206dc05d5000d1937ebac74d94bda8b9149b2e473dc26de,b1a1d93b3f1d603c69af53616e6349e15636e66963a693e45a08103bc4cc93af,816,12,820,416
441,in-house,508,c1(c2c3c(c(c4c2cc(s4)c2ccc(s2)c2sc(c4c2C(=O)c2c(C4=O)c(sc2C[C@@H](CC)CCCC)C[C@H](CC)CCCC)c2cccs2)c2ccc(s2)SC[C@@H](CC)CCCC)ccs3)ccc(s1)SC[C@@H](CC)CCCC,c1ccc2c(c1)C(=O)/C(=C/c1cc3c(s1)c1c(s3)c3c([C@@]1(c1ccc(cc1)SC[C@@H](CC)CCCC)c1ccc(cc1)SC[C@@H](CC)CCCC)cc1c(c3)[C@](c3c1sc1c3sc(c1)/C=C\1/C(=O)c3c(C1=C(C#N)C#N)cccc3)(c1ccc(cc1)SC[C@@H](CC)CCCC)c1ccc(cc1)SC[C@@H](CC)CCCC)/C2=C(C#N)C#N,8.94,c1(c2c3c(c(c4c2cc(s4)c2ccc(s2)c2sc(c4c2C(=O)c2c(C4=O)c(sc2C[C@@H](CC)CCCC)C[C@H](CC)CCCC)c2cccs2)c2ccc(s2)SC[C@@H](CC)CCCC)ccs3)ccc(s1)SC[C@@H](CC)CCCC||c1ccc2c(c1)C(=O)/C(=C/c1cc3c(s1)c1c(s3)c3c([C@@]1(c1ccc(cc1)SC[C@@H](CC)CCCC)c1ccc(cc1)SC[C@@H](CC)CCCC)cc1c(c3)[C@](c3c1sc1c3sc(c1)/C=C\1/C(=O)c3c(C1=C(C#N)C#N)cccc3)(c1ccc(cc1)SC[C@@H](CC)CCCC)c1ccc(cc1)SC[C@@H](CC)CCCC)/C2=C(C#N)C#N,19e710b4ae822cb0d1a4a237526a2bd04d89a2f16abfce3f0be979376c78b19e,0c3b1c6f43980bf6880a6a393969ae35b943f17056413c39979d308555963f1a,408b0b7fe2043a10e18e6d7dabaa40c31bd10f18d0f9179c7aefc32b3eb71b61,4b41ccd8d11fffdfe4eafe92bd1562475ccc04f6b2f2546f2e2f111e30cd5b5d,0c351a8dbd9a1ecc909a95629324d6d44b338406d54c45180a8348a87035f4b5,292,359,60,417
442,in-house,509,O=C(C1=C(CC(CCCC)CC)SC(CC(CCCC)CC)=C12)C3=C(C4=CC=CS4)SC(C(S5)=CC=C5C6=CC7=C(C8=CC=C(CC(CCCC)CCCCCC)C=C8)C(SC=C9)=C9C(C%10=CC=C(CC(CCCCCC)CCCC)C=C%10)=C7S6)=C3C2=O,O=C(C(C=C(C=CC=C1)C1=C2)=C2C/3=C(C#N)\C#N)C3=C/C4=CC(C5(C6=CC=C(CCCCCC)C=C6)C7=CC=C(CCCCCC)C=C7)=C(C8=CC9=C(C%10=C(C9(C%11=CC=C(C=C%11)CCCCCC)C%12=CC=C(C=C%12)CCCCCC)C=C(/C=C%13C(C(C=C(C=CC=C%14)C%14=C%15)=C%15C\%13=C(C#N)\C#N)=O)S%10)C=C85)S4,8.91,O=C(C1=C(CC(CCCC)CC)SC(CC(CCCC)CC)=C12)C3=C(C4=CC=CS4)SC(C(S5)=CC=C5C6=CC7=C(C8=CC=C(CC(CCCC)CCCCCC)C=C8)C(SC=C9)=C9C(C%10=CC=C(CC(CCCCCC)CCCC)C=C%10)=C7S6)=C3C2=O||O=C(C(C=C(C=CC=C1)C1=C2)=C2C/3=C(C#N)\C#N)C3=C/C4=CC(C5(C6=CC=C(CCCCCC)C=C6)C7=CC=C(CCCCCC)C=C7)=C(C8=CC9=C(C%10=C(C9(C%11=CC=C(C=C%11)CCCCCC)C%12=CC=C(C=C%12)CCCCCC)C=C(/C=C%13C(C(C=C(C=CC=C%14)C%14=C%15)=C%15C\%13=C(C#N)\C#N)=O)S%10)C=C85)S4,826e531b71e4c0ef06b575364b50a339b3da70c19584a5cd5231c22bd6d85201,24129537716343b6e8373f699534e83e035b9db95fe6bcf8bbc834cd4c1c999b,b8ff5d273d41871eb8189288455d762b6cd287a63b991cfbbe431f1c8ec04c0a,e1dcd5ee365eeee5411b9ef225e69e2a3faae3de3659743bac23d7c85fb0dbba,5389971e6b9481b4efdecdcc9fd5ba59ac21c12f438d74c8a1a0accddc4428ea,870,1041,378,418
443,in-house,510,O=C(C1=C(CCC(CCCC)CC)SC(CCC(CC)CCCC)=C1C2=O)C(C2=C(C3)C(C4)=CC=C4C5=CC6=C(C(C7=CC=C(CCC(CCCC)CC)S7)=C8C=CSC8=C6C9=CC=C(CCC(CCCC)CC)S9)S5)=C3C%10=CC=CS%10,O=C(C1=CC=CC=C1C/2=C(C#N)/C#N)C2=C/C3=CC(SC4=C5C(C(C=C6)=CC(F)=C6CCCCCC)(C(C=C7)=CC(F)=C7CCCCCC)C(C4=C8)=CC(C9=C%10C%11=C(C=C(S%11)/C=C%12C(C%13=CC=CC=C%13C\%12=C(C#N)/C#N)=O)S9)=C8C%10(C(C=C%14)=CC(F)=C%14CCCCCC)C%15=CC(F)=C(C=C%15)CCCCCC)=C5S3,8.9,O=C(C1=C(CCC(CCCC)CC)SC(CCC(CC)CCCC)=C1C2=O)C(C2=C(C3)C(C4)=CC=C4C5=CC6=C(C(C7=CC=C(CCC(CCCC)CC)S7)=C8C=CSC8=C6C9=CC=C(CCC(CCCC)CC)S9)S5)=C3C%10=CC=CS%10||O=C(C1=CC=CC=C1C/2=C(C#N)/C#N)C2=C/C3=CC(SC4=C5C(C(C=C6)=CC(F)=C6CCCCCC)(C(C=C7)=CC(F)=C7CCCCCC)C(C4=C8)=CC(C9=C%10C%11=C(C=C(S%11)/C=C%12C(C%13=CC=CC=C%13C\%12=C(C#N)/C#N)=O)S9)=C8C%10(C(C=C%14)=CC(F)=C%14CCCCCC)C%15=CC(F)=C(C=C%15)CCCCCC)=C5S3,6f31f3770fd225e382586e20513744e11a328b7cc74c758d48628417c600a02b,a4dda487aa934747f7ffc8c615af02f58acb3ac110acd550165fb083e60bb007,b9f1310b613a5f83f90e9127184753f559e506157ddd88c8694b11af77cae9b7,2bd3c2cf4dc0dc7b9d8e52ec38bc4a8c3db2c19cf6127cf8672c9096091e396c,2e50f077de1aeb514468cc91d74ccdd4cb073c63fe251a4a2b1288e091b9cf57,878,208,205,419
444,in-house,512,O=C(C1=C(CCC(CCCC)CC)SC(CCC(CC)CCCC)=C1C2=O)C(C2=C(C3)C(C4)=CC=C4C5=CC6=C(C(C7=CC=C(CCC(CCCC)CC)S7)=C8C=CSC8=C6C9=CC=C(CCC(CCCC)CC)S9)S5)=C3C%10=CC=CS%10,O=C(C1=CC([H])=CC=C1C/2=C(C#N)/C#N)C2=C/C3=CC(CC(CCCCCCCC)(CCCCCCCC)C4=CC(C5=C(OC6(CCCCCCCC)CCCCCCCC)C=C(/C=C7C(C8=CC([H])=CC=C8C\7=C(C#N)/C#N)=O)S5)=C6C=C94)=C9S3,8.88,O=C(C1=C(CCC(CCCC)CC)SC(CCC(CC)CCCC)=C1C2=O)C(C2=C(C3)C(C4)=CC=C4C5=CC6=C(C(C7=CC=C(CCC(CCCC)CC)S7)=C8C=CSC8=C6C9=CC=C(CCC(CCCC)CC)S9)S5)=C3C%10=CC=CS%10||O=C(C1=CC([H])=CC=C1C/2=C(C#N)/C#N)C2=C/C3=CC(CC(CCCCCCCC)(CCCCCCCC)C4=CC(C5=C(OC6(CCCCCCCC)CCCCCCCC)C=C(/C=C7C(C8=CC([H])=CC=C8C\7=C(C#N)/C#N)=O)S5)=C6C=C94)=C9S3,6f31f3770fd225e382586e20513744e11a328b7cc74c758d48628417c600a02b,a463e8a2a688d32c8288991134de054eef6a258f6bf883c70fce797128263c3d,5ca8ec2f3bb4def14381fcc9972756f5426f1eb920970733cd83fa13e9ac728b,0b39b7a97023f4ee4214165ae9a15c2b3a513c11ca075966a5dc063193df0b75,43a9f40a22459bbc7b739c8a3a1b2c8b05f33b86ffb437fcf8b4fd26f06fe2c2,416,58,296,420
445,in-house,513,O=C(C1=C(CCC(CCCC)CC)SC(CCC(CC)CCCC)=C1C2=O)C(C2=C(C3)C(C4)=CC=C4C5=CC6=C(C(C7=CC=C(CCC(CCCC)CC)S7)=C8C=CSC8=C6C9=CC=C(CCC(CCCC)CC)S9)S5)=C3C%10=CC=CS%10,O=C(C1=C(C/2=C(C#N)/C#N)C=C(F)C(F)=C1)C2=C/C3=CC=C(C4=CC(C(C5=C6C=C7C(C(SC(C8=CC=C(/C=C9C(C(C=C(F)C(F)=C%10)=C%10C\9=C(C#N)\C#N)=O)S8)=C%11)=C%11C7(C%12=CC=C(CCCCCC)C=C%12)C%13=CC=C(CCCCCC)C=C%13)=C5)(C%14=CC=C(CCCCCC)C=C%14)C%15=CC=C(CCCCCC)C=C%15)=C6S4)S3,8.85,O=C(C1=C(CCC(CCCC)CC)SC(CCC(CC)CCCC)=C1C2=O)C(C2=C(C3)C(C4)=CC=C4C5=CC6=C(C(C7=CC=C(CCC(CCCC)CC)S7)=C8C=CSC8=C6C9=CC=C(CCC(CCCC)CC)S9)S5)=C3C%10=CC=CS%10||O=C(C1=C(C/2=C(C#N)/C#N)C=C(F)C(F)=C1)C2=C/C3=CC=C(C4=CC(C(C5=C6C=C7C(C(SC(C8=CC=C(/C=C9C(C(C=C(F)C(F)=C%10)=C%10C\9=C(C#N)\C#N)=O)S8)=C%11)=C%11C7(C%12=CC=C(CCCCCC)C=C%12)C%13=CC=C(CCCCCC)C=C%13)=C5)(C%14=CC=C(CCCCCC)C=C%14)C%15=CC=C(CCCCCC)C=C%15)=C6S4)S3,6f31f3770fd225e382586e20513744e11a328b7cc74c758d48628417c600a02b,2de2de31b3f3eb8ef18cc0a661004b9ab59f27067252561b9e290cdded71b940,a756e0807ae57d992f7b66ceb9edf414dd6b9dffe5ac93896dc215254a92fb04,ba3f488afe02afdc95f27010647018a02809bef5896baa91179f48ad964ba499,8762041b2e52caf4904cd7b6ffef945e4f615bb364bb30b35ebcb1238d3f8f03,774,851,615,421
446,in-house,514,s1cccc1c1sc(cc1C(=O)OC[C@H](CCCCCC)CCCC)c1cc(c(s1)c1sccc1)C(=O)OC[C@H](CCCCCC)CCCC,c12cc3c(cc1C(c1c2sc2c1sc(c2)/C=C\1/C(=C(C#N)C#N)c2c(C1=O)cccc2)(c1ccc(cc1)CCCCCC)c1ccc(cc1)CCCCCC)c1c(C3(c2ccc(cc2)CCCCCC)c2ccc(cc2)CCCCCC)c2c(s1)cc(s2)/C=C\1/C(=C(C#N)C#N)c2c(C1=O)cccc2,8.82,s1cccc1c1sc(cc1C(=O)OC[C@H](CCCCCC)CCCC)c1cc(c(s1)c1sccc1)C(=O)OC[C@H](CCCCCC)CCCC||c12cc3c(cc1C(c1c2sc2c1sc(c2)/C=C\1/C(=C(C#N)C#N)c2c(C1=O)cccc2)(c1ccc(cc1)CCCCCC)c1ccc(cc1)CCCCCC)c1c(C3(c2ccc(cc2)CCCCCC)c2ccc(cc2)CCCCCC)c2c(s1)cc(s2)/C=C\1/C(=C(C#N)C#N)c2c(C1=O)cccc2,2261ed85cd04ddfff555547fb1db00a6162ceb09e1bdcfaa229fd28701a8f288,202f8607af2cecb83e86b2e4305f8c7e2852bc709bb805b9055691d46a9081c5,12ec3f54339797d976292deba892711c396ea7b51215d2cd6768ffae4ef4bb96,a1829ba8b68b840c500e311b1879f97fdaba45eb92bf9dcc1fd7fc307196d8df,9a7db7df92bb3d83dce8604585ad98cd65caa9f6ddde488508eb091c00b798c9,86,755,700,422
447,in-house,515,O=C(C1=C(CCC(CCCC)CC)SC(CCC(CC)CCCC)=C1C2=O)C(C2=C(C3)C(C4)=CC=C4C5=CC6=C(C(C7=CC=C(CCC(CCCC)CC)S7)=C8C=CSC8=C6C9=CC=C(CCC(CCCC)CC)S9)S5)=C3C%10=CC=CS%10,[H]C1=C(C(F)=C(C(C2=CC(C(CC(CCCC)CC)(CC(CCCC)CC)C3=C4SC(/C=C5C(C6=CC(F)=C(C=C6C\5=C(C#N)\C#N)F)=O)=C3)=C4S2)=C1F)[H])C7=CC8=C(C9=C(C8(CC(CCCC)CC)CC(CCCC)CC)C=C(/C=C%10C(C%11=CC(F)=C(C=C%11C\%10=C(C#N)/C#N)S)=O)S9)S7,8.82,O=C(C1=C(CCC(CCCC)CC)SC(CCC(CC)CCCC)=C1C2=O)C(C2=C(C3)C(C4)=CC=C4C5=CC6=C(C(C7=CC=C(CCC(CCCC)CC)S7)=C8C=CSC8=C6C9=CC=C(CCC(CCCC)CC)S9)S5)=C3C%10=CC=CS%10||[H]C1=C(C(F)=C(C(C2=CC(C(CC(CCCC)CC)(CC(CCCC)CC)C3=C4SC(/C=C5C(C6=CC(F)=C(C=C6C\5=C(C#N)\C#N)F)=O)=C3)=C4S2)=C1F)[H])C7=CC8=C(C9=C(C8(CC(CCCC)CC)CC(CCCC)CC)C=C(/C=C%10C(C%11=CC(F)=C(C=C%11C\%10=C(C#N)/C#N)S)=O)S9)S7,6f31f3770fd225e382586e20513744e11a328b7cc74c758d48628417c600a02b,fe6ed285eec600eba55999980aea61977732103855d0aec642f160b3c1387a9c,bc4d10c5f66e7ff753c517965a4eabbb1e79dd930630dcd58d53e2e3e84c451d,222b3b451ee2e6ab8586f06e6b96b7c24874501e545f740ca54df6d2398d2528,b6dbb6ed6d204faa74cf10f057cddc7623d576fec0f8afef544617b000013d98,893,163,846,423
448,in-house,516,ClC1=C(C2=CC=C(S2)C(OC)=O)SC3=C(C)SC(C4=CC(C(S4)=C(C5=C6SC(C)=C5)C7=CC=C(S7)CC(CC)CCCC)=C6C8=CC=C(S8)CC(CCCCC)CC)=C13,c12cc3c(cc1C(c1c2sc2c1sc(c2)/C=C\1/C(=C(C#N)C#N)c2c(C1=O)cccc2)(c1ccc(cc1)CCCCCC)c1ccc(cc1)CCCCCC)c1c(C3(c2ccc(cc2)CCCCCC)c2ccc(cc2)CCCCCC)c2c(s1)cc(s2)/C=C\1/C(=C(C#N)C#N)c2c(C1=O)cccc2,8.81,ClC1=C(C2=CC=C(S2)C(OC)=O)SC3=C(C)SC(C4=CC(C(S4)=C(C5=C6SC(C)=C5)C7=CC=C(S7)CC(CC)CCCC)=C6C8=CC=C(S8)CC(CCCCC)CC)=C13||c12cc3c(cc1C(c1c2sc2c1sc(c2)/C=C\1/C(=C(C#N)C#N)c2c(C1=O)cccc2)(c1ccc(cc1)CCCCCC)c1ccc(cc1)CCCCCC)c1c(C3(c2ccc(cc2)CCCCCC)c2ccc(cc2)CCCCCC)c2c(s1)cc(s2)/C=C\1/C(=C(C#N)C#N)c2c(C1=O)cccc2,a7811521b0e2dc660500ea34b50d830b517abba8fe0b3cfd24377aa3ccb278b7,202f8607af2cecb83e86b2e4305f8c7e2852bc709bb805b9055691d46a9081c5,7634cddc753009dc4ac745c56e7b957e6ba88e920ac7516a7163347288402843,193d945d88ed1a7cc63d17ffb1ce40975a66e95ff4fd6dc7d347564248908266,276a17e7f1b4ddd96ffb4801c78ed4f7214026ae96c4a42839cb0fca3a284225,534,127,169,424
449,in-house,517,O=C1C2=C(CC(CC)CCCC)SC(CC(CC)CCCC)=C2C(C3=C(C4=CC=C(C5=CC(C(C6=CC(F)=C(CC(CC)CCCC)S6)=C(SC=C7)C7=C8C9=CC(F)=C(CC(CC)CCCC)S9)=C8S5)S4)SC(C%10=CC=CS%10)=C31)=O,C=C(C(C=CC=C1)=C1C/2=C(C#N)\C#N)C2=C/C(SC3=C4SC5=C3N(CC(CCCC)CC)C6=C5C7=NSN=C7C8=C6N(CC(CC)CCCC)C9=C8SC%10=C9SC(/C=C%11/C(C(C=CC=C%12)=C%12C%11=O)=C(C#N)/C#N)=C%10CCCCCCCCCCC)=C4CCCCCCCCCCC,8.8,O=C1C2=C(CC(CC)CCCC)SC(CC(CC)CCCC)=C2C(C3=C(C4=CC=C(C5=CC(C(C6=CC(F)=C(CC(CC)CCCC)S6)=C(SC=C7)C7=C8C9=CC(F)=C(CC(CC)CCCC)S9)=C8S5)S4)SC(C%10=CC=CS%10)=C31)=O||C=C(C(C=CC=C1)=C1C/2=C(C#N)\C#N)C2=C/C(SC3=C4SC5=C3N(CC(CCCC)CC)C6=C5C7=NSN=C7C8=C6N(CC(CC)CCCC)C9=C8SC%10=C9SC(/C=C%11/C(C(C=CC=C%12)=C%12C%11=O)=C(C#N)/C#N)=C%10CCCCCCCCCCC)=C4CCCCCCCCCCC,65482d735aa1f382b817dd8d95b1689b39b0b3c26138949c2680844f1b1f5ea0,5e6793dff4ed807f13c81422631b0ad63a30f63f71f47f9842e177dab2804728,15010427b4e483346fd95cc30c057628c67f5362e776c3ca5326753ddc10ff8a,0a28672735244815642a918548fb0863bf40cf43bf55c9ad469d94063f2bd8b7,9351d0cce6f02ff869f318e5db4725e74f26a047a6ae91dc3efbc45e7f0cda3b,98,51,670,425
450,in-house,518,FC1=C(C(OCC(CCCC)CC)=O)SC2=CSC(C3=CC4=C(C5=C(C(C6=CC=C(CC(CC)CCCC)S6)=C4S3)C=CS5)C7=CC=C(CC(CC)CCCC)S7)=C12,O=C(C1=CSC=C1C/2=C(C#N)\C#N)C2=C/C(S3)=CC=C3C(C=C4)=CC5=C4C(C=CC(C6=CC=C(S6)/C=C7C(C8=CSC=C8C\7=C(C#N)\C#N)=O)=C9)=C9C(CCCCCCCC)5CCCCCCCC,8.8,FC1=C(C(OCC(CCCC)CC)=O)SC2=CSC(C3=CC4=C(C5=C(C(C6=CC=C(CC(CC)CCCC)S6)=C4S3)C=CS5)C7=CC=C(CC(CC)CCCC)S7)=C12||O=C(C1=CSC=C1C/2=C(C#N)\C#N)C2=C/C(S3)=CC=C3C(C=C4)=CC5=C4C(C=CC(C6=CC=C(S6)/C=C7C(C8=CSC=C8C\7=C(C#N)\C#N)=O)=C9)=C9C(CCCCCCCC)5CCCCCCCC,2249a87c8fc0450476e55f070a85b71ffa6beb368356c28f1302bad8bac422cb,7effe7dc024d420fcabc3d24a016b91cf20236e81aa07b85fc93ef0d4220f24a,c6c70b6343740b7f964c8f388cc21b60631276625c4470725c3c2b07ce5ce35b,ca91bbe3c3d075560d33cd9af50ade0af3d7547375e8bb314966b7e7cd97e9d1,a7ce587288d6538144b6b8e28fff406c8051cec442917e8150a5b3ce9008434e,952,931,773,426
451,in-house,519,O=C(C1=C(CCC(CCCC)CC)SC(CCC(CC)CCCC)=C1C2=O)C(C2=C(C3)C(C4)=CC=C4C5=CC6=C(C(C7=CC=C(CCC(CCCC)CC)S7)=C8C=CSC8=C6C9=CC=C(CCC(CCCC)CC)S9)S5)=C3C%10=CC=CS%10,O=C1C(/C(C2=C1C=CC=C2)=C(C#N)\C#N)=C\C3=CC(OCC(CCCC)CC)=C(C4=CC(C(C5=CC(C6=C7C=C(C8=C(C=C(/C=C(C9=O)/C(C%10=C9C=CC=C%10)=C(C#N)\C#N)S8)OCC(CCCC)CC)S6)=C(C7(C%11=CC=C(C=C%11)CCCCCC)C%12=CC=C(C=C%12)CCCCCC)C=C%135)(C%14=CC=C(C=C%14)CCCCCC)C(C=C%15)=CC=C%15CCCCCC)=C%13S4)S3,8.79,O=C(C1=C(CCC(CCCC)CC)SC(CCC(CC)CCCC)=C1C2=O)C(C2=C(C3)C(C4)=CC=C4C5=CC6=C(C(C7=CC=C(CCC(CCCC)CC)S7)=C8C=CSC8=C6C9=CC=C(CCC(CCCC)CC)S9)S5)=C3C%10=CC=CS%10||O=C1C(/C(C2=C1C=CC=C2)=C(C#N)\C#N)=C\C3=CC(OCC(CCCC)CC)=C(C4=CC(C(C5=CC(C6=C7C=C(C8=C(C=C(/C=C(C9=O)/C(C%10=C9C=CC=C%10)=C(C#N)\C#N)S8)OCC(CCCC)CC)S6)=C(C7(C%11=CC=C(C=C%11)CCCCCC)C%12=CC=C(C=C%12)CCCCCC)C=C%135)(C%14=CC=C(C=C%14)CCCCCC)C(C=C%15)=CC=C%15CCCCCC)=C%13S4)S3,6f31f3770fd225e382586e20513744e11a328b7cc74c758d48628417c600a02b,87476fb90d0db17e58b2a62e38ecc6765e2842c257a662603688167ffd1038b6,c29245d1bbf4c187b9df735d4328f2e8991e088de2a2d484f937aef7fa928b4b,a88ba12a97b6ad6e31a60a91acae8032dd1ba570fb45a0a939a2a13b1c4f666e,0a460d4e5c5f12386533d0a4826783b777b3a382f787f41b2a306fef18d5e52a,928,774,52,427
452,in-house,520,O=C(C1=C(CCC(CCCC)CC)SC(CCC(CC)CCCC)=C1C2=O)C(C2=C(C3)C(C4)=CC=C4C5=CC6=C(C(C7=CC=C(CCC(CCCC)CC)S7)=C8C=CSC8=C6C9=CC=C(CCC(CCCC)CC)S9)S5)=C3C%10=CC=CS%10,O=C(C(C=CC=C1)=C1C/2=C(C#N)\C#N)C2=C\C3=CSC(C4=CC5=C(C(C=C6C(C7=CC=C(C=C7)CCCCCC)(C8=CC=C(C=C8)CCCCCC)C9=C(SC(C%10=C(OCCCCCCCC)C(/C=C%11C(C(C=CC=C%12)=C%12C/%11=C(C#N)/C#N)=O)=CS%10)=C9)C6=C%13)=C%13C5(C%14=CC=C(CCCCCC)C=C%14)C(C=C%15)=CC=C%15CCCCCC)S4)=C3OCCCCCCCC,8.79,O=C(C1=C(CCC(CCCC)CC)SC(CCC(CC)CCCC)=C1C2=O)C(C2=C(C3)C(C4)=CC=C4C5=CC6=C(C(C7=CC=C(CCC(CCCC)CC)S7)=C8C=CSC8=C6C9=CC=C(CCC(CCCC)CC)S9)S5)=C3C%10=CC=CS%10||O=C(C(C=CC=C1)=C1C/2=C(C#N)\C#N)C2=C\C3=CSC(C4=CC5=C(C(C=C6C(C7=CC=C(C=C7)CCCCCC)(C8=CC=C(C=C8)CCCCCC)C9=C(SC(C%10=C(OCCCCCCCC)C(/C=C%11C(C(C=CC=C%12)=C%12C/%11=C(C#N)/C#N)=O)=CS%10)=C9)C6=C%13)=C%13C5(C%14=CC=C(CCCCCC)C=C%14)C(C=C%15)=CC=C%15CCCCCC)S4)=C3OCCCCCCCC,6f31f3770fd225e382586e20513744e11a328b7cc74c758d48628417c600a02b,c011096250e87b2429fba3d65fb93dbe78333932313fc52542086860f0dd954f,49491188eccc58c0cc432d52a98bfb3e40506d4085e3b71336afba572c0d4da8,881288fe5848b4b18bf247d871f4cfa703215e24408e372663eee1d8d38f958e,1d36d24be0c155da4c7c27471f6749f7669714412852c3f381940a62857b96d4,340,638,123,428
453,in-house,521,CC1=CC2=C(S1)C(C3=CC=C([Si](CCC)(CCC)CCC)S3)=C4C=C(C5=CC=C(C6=C(F)C(F)=C(C7=CC=C(S7)C)C8=NN(CC(CCCCCCCC)CCCCCC)N=C68)S5)SC4=C2C9=CC=C([Si](CCC)(CCC)CCC)S9,c1c(c2c(c(c1)c1sc(c(c1)C[C@@H](CCCCCC)CCCC)c1nc3c(s1)nc(s3)c1c(cc(s1)c1ccc(c3c1nsn3)C=C(C#N)C#N)C[C@@H](CCCC)CCCCCC)nsn2)C=C(C#N)C#N,8.77,CC1=CC2=C(S1)C(C3=CC=C([Si](CCC)(CCC)CCC)S3)=C4C=C(C5=CC=C(C6=C(F)C(F)=C(C7=CC=C(S7)C)C8=NN(CC(CCCCCCCC)CCCCCC)N=C68)S5)SC4=C2C9=CC=C([Si](CCC)(CCC)CCC)S9||c1c(c2c(c(c1)c1sc(c(c1)C[C@@H](CCCCCC)CCCC)c1nc3c(s1)nc(s3)c1c(cc(s1)c1ccc(c3c1nsn3)C=C(C#N)C#N)C[C@@H](CCCC)CCCCCC)nsn2)C=C(C#N)C#N,eaf1916a35a7483d8caf5815ff5e1ea653d31569a8b350b0b99530cf692c3bfb,b2cdc5412753978885b9c4aafdc101b43612695af7af67c34a597f24636b3dcc,6484e219655d4d621de2e035f5ba931346d40f31e75edbaf33f353096210fe76,60abeff17acad22f7d0e921e37542947a3853ed6d6e33ad39c5d3cc67ebba7e2,b175275ff59f9d787549b6bca9c09d06a1fd9d830c477a763c16abdb345c7f81,453,460,818,429
454,in-house,522,CC(SC1=C(C2=C3SC(C4=CC5C(C=C(C6=C7C(C(N(CC(CCCCCCCC)CCCCCCCCCC)C7=O)=O)=C(C8=CC(SC(C(SC9=C(C%10=C%11SC(C%12=C%13C(C(F)=C(C(OCC(CC)CCCC)=O)S%13)=C(C)S%12)=C%10)C%14=CC=C(CC(CCCC)CC)S%14)=CC9=C%11C%15=CC=C(CC(CCCC)CC)S%15)=C%16)C%16S8)N6CCCCCCCC)S5)S4)=C2)C%17=CC=C(CC(CCCC)CC)S%17)=CC1=C3C%18=CC=C(CC(CCCC)CC)S%18,FC1=CC2=C(C(/C(C2=O)=C/C3=CC(OCC(CC)CCCC)=C(S3)C4=CC5=C(S4)C6=CC(C7(C8=CC=C(CCCCCC)C=C8)C9=CC=C(CCCCCC)C=C9)=C(C%10=C7C=C(S%10)C%11=C(OCC(CC)CCCC)C=C(S%11)/C=C(/C(C%12=C%13C=C(F)C(F)=C%12)=C(C#N)\C#N)C%13=O)C=C6C5(C%14=CC=C(CCCCCC)C=C%14)C%15=CC=C(CCCCCC)C=C%15)=C(C#N)/C#N)C=C1F,8.73,CC(SC1=C(C2=C3SC(C4=CC5C(C=C(C6=C7C(C(N(CC(CCCCCCCC)CCCCCCCCCC)C7=O)=O)=C(C8=CC(SC(C(SC9=C(C%10=C%11SC(C%12=C%13C(C(F)=C(C(OCC(CC)CCCC)=O)S%13)=C(C)S%12)=C%10)C%14=CC=C(CC(CCCC)CC)S%14)=CC9=C%11C%15=CC=C(CC(CCCC)CC)S%15)=C%16)C%16S8)N6CCCCCCCC)S5)S4)=C2)C%17=CC=C(CC(CCCC)CC)S%17)=CC1=C3C%18=CC=C(CC(CCCC)CC)S%18||FC1=CC2=C(C(/C(C2=O)=C/C3=CC(OCC(CC)CCCC)=C(S3)C4=CC5=C(S4)C6=CC(C7(C8=CC=C(CCCCCC)C=C8)C9=CC=C(CCCCCC)C=C9)=C(C%10=C7C=C(S%10)C%11=C(OCC(CC)CCCC)C=C(S%11)/C=C(/C(C%12=C%13C=C(F)C(F)=C%12)=C(C#N)\C#N)C%13=O)C=C6C5(C%14=CC=C(CCCCCC)C=C%14)C%15=CC=C(CCCCCC)C=C%15)=C(C#N)/C#N)C=C1F,9c47c2287213d16dbbee1a947a365892c8cefae4464964f46648235935f72475,0a6189846e89cf828a3f20d50d9d712b7538b2d40776aced38f06bfa2a63caa3,a574a83da258b9decc259a7749a5dc47f548071e2f16b965d8b2e079c3757d18,890eb2a8c49839d182e644bc146929f117c285b9fc3031048f673752c9611235,da8479c78df0b3c3637ab6df24c8e5b3ef35714599026226d4ed00c0804b4136,765,644,1007,430
455,in-house,523,FC1=C(C(OCC(CCCC)CC)=O)SC2=CSC(C3=CC4=C(C5=C(C(C6=CC=C(CC(CC)CCCC)S6)=C4S3)C=CS5)C7=CC=C(CC(CC)CCCC)S7)=C12,c12cc3c(cc1C(c1c2sc2c1sc(c2)/C=C\1/C(=C(C#N)C#N)c2c(C1=O)cccc2)(c1ccc(cc1)CCCCCC)c1ccc(cc1)CCCCCC)c1c(C3(c2ccc(cc2)CCCCCC)c2ccc(cc2)CCCCCC)c2c(s1)cc(s2)/C=C\1/C(=C(C#N)C#N)c2c(C1=O)cccc2,8.73,FC1=C(C(OCC(CCCC)CC)=O)SC2=CSC(C3=CC4=C(C5=C(C(C6=CC=C(CC(CC)CCCC)S6)=C4S3)C=CS5)C7=CC=C(CC(CC)CCCC)S7)=C12||c12cc3c(cc1C(c1c2sc2c1sc(c2)/C=C\1/C(=C(C#N)C#N)c2c(C1=O)cccc2)(c1ccc(cc1)CCCCCC)c1ccc(cc1)CCCCCC)c1c(C3(c2ccc(cc2)CCCCCC)c2ccc(cc2)CCCCCC)c2c(s1)cc(s2)/C=C\1/C(=C(C#N)C#N)c2c(C1=O)cccc2,2249a87c8fc0450476e55f070a85b71ffa6beb368356c28f1302bad8bac422cb,202f8607af2cecb83e86b2e4305f8c7e2852bc709bb805b9055691d46a9081c5,384a96b675df0055bb925c624d5f6c1b6649658427c37d69ae1a3495e2f4b37c,fc0bf77242d0af8fc2bac7db5f7171698140f4455d3109497e0a4c75461c907e,4d44d3846da095d099292362f0f37382f54fe8d3de24c849c3a9eeddeef108cd,251,1169,340,431
456,in-house,524,FC1=C(C(OCC(CCCC)CC)=O)SC2=CSC(C3=CC4=C(C5=C(C(C6=CC=C(CC(CC)CCCC)S6)=C4S3)C=CS5)C7=CC=C(CC(CC)CCCC)S7)=C12,O=C(/C(SC1=S)=C\C2=CC=C(C3=NSN=C23)C4=CC=C(S4)C5=CC=C6C(C(C7=CC=C(C=C7)CCCCCC)(C8=C6SC(C9=CC=C(C%10=NSN=C9%10)/C=C%11SC(N(C/%11=O)CC)=S)=C8)C%12=CC=C(C=C%12)CCCCCC)=C5)N1CC,8.7,FC1=C(C(OCC(CCCC)CC)=O)SC2=CSC(C3=CC4=C(C5=C(C(C6=CC=C(CC(CC)CCCC)S6)=C4S3)C=CS5)C7=CC=C(CC(CC)CCCC)S7)=C12||O=C(/C(SC1=S)=C\C2=CC=C(C3=NSN=C23)C4=CC=C(S4)C5=CC=C6C(C(C7=CC=C(C=C7)CCCCCC)(C8=C6SC(C9=CC=C(C%10=NSN=C9%10)/C=C%11SC(N(C/%11=O)CC)=S)=C8)C%12=CC=C(C=C%12)CCCCCC)=C5)N1CC,2249a87c8fc0450476e55f070a85b71ffa6beb368356c28f1302bad8bac422cb,5f52ab950f036a1d2a8a8b1a30a724d384ed28f370b5ff88113fac0d98926e47,95b7d59ff882fc0d2be391e33f222ee5d8a54adefb340f320bb24d95944d9058,d1217d4881f9bdd2be619415ab2a5bf33baa5306f0e9a276da710402ec9dc523,53613e367692ebfa8214f973e65ac0d9a5ae3a6710749c6accdfb36169fb7cc3,683,968,377,432
457,in-house,525,FC1=C(C(OCC(CCCC)CC)=O)SC2=CSC(C3=CC4=C(C5=C(C(C6=CC=C(CC(CC)CCCC)S6)=C4S3)C=CS5)C7=CC=C(CC(CC)CCCC)S7)=C12,O=C(C1=C(F)C=CC=C1C/2=C(C#N)\C#N)C2=C/C3=CC(SC4=C5C(C6=CC=C(C=C6)CCCCCC)(C7=CC(C8=C(C9(C%10=CC=C(C=C%10)CCCCCC)C%11=CC=C(C=C%11)CCCCCC)C%12=C(C=C(S%12)/C=C%13C(C(C(C\%13=C(C#N)\C#N)=CC=C%14)=C%14F)=O)S8)=C9C=C74)C(C=C%15)=CC=C%15CCCCCC)=C5S3,8.7,FC1=C(C(OCC(CCCC)CC)=O)SC2=CSC(C3=CC4=C(C5=C(C(C6=CC=C(CC(CC)CCCC)S6)=C4S3)C=CS5)C7=CC=C(CC(CC)CCCC)S7)=C12||O=C(C1=C(F)C=CC=C1C/2=C(C#N)\C#N)C2=C/C3=CC(SC4=C5C(C6=CC=C(C=C6)CCCCCC)(C7=CC(C8=C(C9(C%10=CC=C(C=C%10)CCCCCC)C%11=CC=C(C=C%11)CCCCCC)C%12=C(C=C(S%12)/C=C%13C(C(C(C\%13=C(C#N)\C#N)=CC=C%14)=C%14F)=O)S8)=C9C=C74)C(C=C%15)=CC=C%15CCCCCC)=C5S3,2249a87c8fc0450476e55f070a85b71ffa6beb368356c28f1302bad8bac422cb,12ce6a985451dd7a7c406045022b5f983a1a8761de69a8bce32ffb027a42de44,1886a2a635a514c2ee69fedf50ad2e180ee971997ef208bdb8a0577bd7313640,9e316e1a936c4000a659585c2f14a730b3ba913adcf0bf31fa1a5db72f2cbb49,0ad62b405ea68e87515547323399ce9fe10c13a680598ba598185ddded5b14b8,116,737,55,433
458,in-house,529,O=C(C1=C(CCC(CCCC)CC)SC(CCC(CC)CCCC)=C1C2=O)C(C2=C(C3)C(C4)=CC=C4C5=CC6=C(C(C7=CC=C(CCC(CCCC)CC)S7)=C8C=CSC8=C6C9=CC=C(CCC(CCCC)CC)S9)S5)=C3C%10=CC=CS%10,O=C(C1=C(C=C([H])C=C1)C/2=C(C#N)\C#N)C2=C/C3=CC4=C(C(C=C(C=C(C(C5=CC=C(C=C5)CCCCCC)(C6=C7SC(/C=C8C(C9=C(C=C([H])C=C9)C\8=C(C#N)\C#N)=O)=C6)C%10=CC=C(C=C%10)CCCCCC)C7=C%11)C%11=C%12)=C%12C4(C%13=CC=C(CCCCCC)C=C%13)C%14=CC=C(CCCCCC)C=C%14)C3,8.63,O=C(C1=C(CCC(CCCC)CC)SC(CCC(CC)CCCC)=C1C2=O)C(C2=C(C3)C(C4)=CC=C4C5=CC6=C(C(C7=CC=C(CCC(CCCC)CC)S7)=C8C=CSC8=C6C9=CC=C(CCC(CCCC)CC)S9)S5)=C3C%10=CC=CS%10||O=C(C1=C(C=C([H])C=C1)C/2=C(C#N)\C#N)C2=C/C3=CC4=C(C(C=C(C=C(C(C5=CC=C(C=C5)CCCCCC)(C6=C7SC(/C=C8C(C9=C(C=C([H])C=C9)C\8=C(C#N)\C#N)=O)=C6)C%10=CC=C(C=C%10)CCCCCC)C7=C%11)C%11=C%12)=C%12C4(C%13=CC=C(CCCCCC)C=C%13)C%14=CC=C(CCCCCC)C=C%14)C3,6f31f3770fd225e382586e20513744e11a328b7cc74c758d48628417c600a02b,be82316b742620b79339b3efd5563bc14a02e8d9ec7bea5ba1a5f320a0e4626d,55798999931101324d4120589b1d83538c68a46a9f09b87e2508c02fd10f98d4,79464f2f1736dd7ad663510c03383b93e739990d8dbecd40e46cdaedd3ab3f80,275519b045f9056a9077213c05f6bb45a0a5a74937238fa9e598481f1c96c952,389,579,167,434
459,in-house,530,O=C(C1=C(CCC(CCCC)CC)SC(CCC(CC)CCCC)=C1C2=O)C(C2=C(C3)C(C4)=CC=C4C5=CC6=C(C(C7=CC=C(CCC(CCCC)CC)S7)=C8C=CSC8=C6C9=CC=C(CCC(CCCC)CC)S9)S5)=C3C%10=CC=CS%10,O=C(C1=C(C=C(OC)C=C1)C/2=C(C#N)\C#N)C2=C/C3=CC4=C(C(C=C(C=C(C(C5=CC=C(C=C5)CCCCCC)(C6=C7SC(/C=C8C(C9=C(C=C(OC)C=C9)C\8=C(C#N)\C#N)=O)=C6)C%10=CC=C(C=C%10)CCCCCC)C7=C%11)C%11=C%12)=C%12C4(C%13=CC=C(CCCCCC)C=C%13)C%14=CC=C(CCCCCC)C=C%14)C3,8.61,O=C(C1=C(CCC(CCCC)CC)SC(CCC(CC)CCCC)=C1C2=O)C(C2=C(C3)C(C4)=CC=C4C5=CC6=C(C(C7=CC=C(CCC(CCCC)CC)S7)=C8C=CSC8=C6C9=CC=C(CCC(CCCC)CC)S9)S5)=C3C%10=CC=CS%10||O=C(C1=C(C=C(OC)C=C1)C/2=C(C#N)\C#N)C2=C/C3=CC4=C(C(C=C(C=C(C(C5=CC=C(C=C5)CCCCCC)(C6=C7SC(/C=C8C(C9=C(C=C(OC)C=C9)C\8=C(C#N)\C#N)=O)=C6)C%10=CC=C(C=C%10)CCCCCC)C7=C%11)C%11=C%12)=C%12C4(C%13=CC=C(CCCCCC)C=C%13)C%14=CC=C(CCCCCC)C=C%14)C3,6f31f3770fd225e382586e20513744e11a328b7cc74c758d48628417c600a02b,a647a0dd423764c812c9eb525de52707c1befe43b785aeaad1f7c0e6a7d197d5,8f48b5044240dfe1fc23add0c5795dfec795f96ead3394d6c16998fe39553f45,10d1172248486e1014e57bed62734669acce33694d3de1547840ed48f7f77b11,73790547be40f2709d5175407e90dd780294c51ed21823959d1cfa490cc12311,659,82,526,435
460,in-house,531,CC1=CC=C(S1)C2=C3C=C(SC3=C(C4=C2SC(C5=CC=C(S5)C6=C(C(F)=C(C(N=C7C8=CC=CC(OCCCCCCCC)=C8)=C6N=C7C9=CC=CC(OCCCCCCCC)=C9)C%10=CC=C(C)S%10)F)=C4)C%11=CC=C(S%11)C)C,O=C(C/1=C\C2=C(C3=C(S2)C(N4C5=CC=C(CCCCCC)C=C5)=C(C6=C4C7=C(C8=NSN=C68)C(SC9=C%10SC(/C=C%11C(C%12=CC(F)=C(C=C%12C\%11=C(C#N)/C#N)F)=O)=C9CCCCCCCCCCC)=C%10N7C%13=CC=C(CCCCCC)C=C%13)S3)CCCCCCCCCCC)C%14=CC(F)=C(F)C=C%14C1=C(C#N)/C#N,8.61,CC1=CC=C(S1)C2=C3C=C(SC3=C(C4=C2SC(C5=CC=C(S5)C6=C(C(F)=C(C(N=C7C8=CC=CC(OCCCCCCCC)=C8)=C6N=C7C9=CC=CC(OCCCCCCCC)=C9)C%10=CC=C(C)S%10)F)=C4)C%11=CC=C(S%11)C)C||O=C(C/1=C\C2=C(C3=C(S2)C(N4C5=CC=C(CCCCCC)C=C5)=C(C6=C4C7=C(C8=NSN=C68)C(SC9=C%10SC(/C=C%11C(C%12=CC(F)=C(C=C%12C\%11=C(C#N)/C#N)F)=O)=C9CCCCCCCCCCC)=C%10N7C%13=CC=C(CCCCCC)C=C%13)S3)CCCCCCCCCCC)C%14=CC(F)=C(F)C=C%14C1=C(C#N)/C#N,10c5457df92578377cfb47c3f579aed7b25f1c5c26447cba5001d2bd8bc92d44,3bc5e962960694d5a8c90d751d3f10c939059169c6882aed8bdcfb92d36d6776,e22880f6c1b2a88cf11f3e4e4bcfa79932666988ae1791749338521b14c66a6d,b28df0380b2c9ff52de08b42b13a0542e7a75d7188ea9da7779281fa3984a63e,269977663eae952ef29cef5e1a27453ff02fd13825c639b6addc2896b3fd4fe6,1071,808,160,436
461,in-house,532,CC1=CC(C(C2=CC=C(SCC(CCCC)CCCCCC)S2)=C3SC(C4=C(CCCCCCCC)C=C(C5=C(C(F)=C(C6=NSN=C56)C7=CC(CCCCCCCC)=C(S7)C)F)S4)=CC3=C8C9=CC=C(SCC(CCCCCC)CCCC)S9)=C8S1,c12cc3c(cc1C(c1c2sc2c1sc(c2)/C=C\1/C(=C(C#N)C#N)c2c(C1=O)cccc2)(c1ccc(cc1)CCCCCC)c1ccc(cc1)CCCCCC)c1c(C3(c2ccc(cc2)CCCCCC)c2ccc(cc2)CCCCCC)c2c(s1)cc(s2)/C=C\1/C(=C(C#N)C#N)c2c(C1=O)cccc2,8.58,CC1=CC(C(C2=CC=C(SCC(CCCC)CCCCCC)S2)=C3SC(C4=C(CCCCCCCC)C=C(C5=C(C(F)=C(C6=NSN=C56)C7=CC(CCCCCCCC)=C(S7)C)F)S4)=CC3=C8C9=CC=C(SCC(CCCCCC)CCCC)S9)=C8S1||c12cc3c(cc1C(c1c2sc2c1sc(c2)/C=C\1/C(=C(C#N)C#N)c2c(C1=O)cccc2)(c1ccc(cc1)CCCCCC)c1ccc(cc1)CCCCCC)c1c(C3(c2ccc(cc2)CCCCCC)c2ccc(cc2)CCCCCC)c2c(s1)cc(s2)/C=C\1/C(=C(C#N)C#N)c2c(C1=O)cccc2,49911975a83e1b0011730fc11fabc12e0d47a09b687b1b764394be409b5b0b85,202f8607af2cecb83e86b2e4305f8c7e2852bc709bb805b9055691d46a9081c5,5ed55b86d5004c2e7e15d31c11283c474b27393c1cfbbe713ad1086dad666111,4e78fd63dba528b292d433035d45b388adb4f254d554c2c6dfc3dcdee1e89787,641c5e7854a50e83cb379bcdc4ccefa99b676c2e2cd3645c192612e803fc607c,425,373,454,437
462,in-house,534,O=C(C1=C(CCC(CCCC)CC)SC(CCC(CC)CCCC)=C1C2=O)C(C2=C(C3)C(C4)=CC=C4C5=CC6=C(C(C7=CC=C(CCC(CCCC)CC)S7)=C8C=CSC8=C6C9=CC=C(CCC(CCCC)CC)S9)S5)=C3C%10=CC=CS%10,O=C(C1=CC=CC=C1C/2=C(C#N)/C#N)C2=C/C3=CSC4=C3SC5=C4C(C6=CC7=C(C(C8=CC=CC(CCCCCCC)=C8)(C9=CC(CCCCCCC)=CC=C9)C%10=C7SC%11=C%10SC=C%11/C=C%12C(C%13=CC=CC=C%13C\%12=C(C#N)/C#N)=O)C=C65)(C%14=CC(CCCCCCC)=CC=C%14)C%15=CC=CC(CCCCCCC)=C%15,8.54,O=C(C1=C(CCC(CCCC)CC)SC(CCC(CC)CCCC)=C1C2=O)C(C2=C(C3)C(C4)=CC=C4C5=CC6=C(C(C7=CC=C(CCC(CCCC)CC)S7)=C8C=CSC8=C6C9=CC=C(CCC(CCCC)CC)S9)S5)=C3C%10=CC=CS%10||O=C(C1=CC=CC=C1C/2=C(C#N)/C#N)C2=C/C3=CSC4=C3SC5=C4C(C6=CC7=C(C(C8=CC=CC(CCCCCCC)=C8)(C9=CC(CCCCCCC)=CC=C9)C%10=C7SC%11=C%10SC=C%11/C=C%12C(C%13=CC=CC=C%13C\%12=C(C#N)/C#N)=O)C=C65)(C%14=CC(CCCCCCC)=CC=C%14)C%15=CC=CC(CCCCCCC)=C%15,6f31f3770fd225e382586e20513744e11a328b7cc74c758d48628417c600a02b,7aba1b576383b89467d84be9c75f4484528c95661e290041f0616c0636c12e54,66da326d6e4f68bd2c6529b3458d90cd97f139b73047cffc29361296d68c899c,d33104f34640de46c44645b80256a8a4b1b755ee69b9d199b90f15b299a31719,9d750be3ff3153ea27902255b76e520d4138d4278023a26e4175ae914417e4c1,466,976,716,438
463,in-house,535,FC1=C(C(OCC(CCCC)CC)=O)SC2=CSC(C3=CC4=C(C5=C(C(C6=CC=C(CC(CC)CCCC)S6)=C4S3)C=CS5)C7=CC=C(CC(CC)CCCC)S7)=C12,CCC(CC)(O1)C2=CC(C3=C(OC4(CC)CC)C=C(C5=C6C=C(C(OCCCCCCCC)=O)SC6=C(/C=C7/C(C(C=CC=C8)=C8C7=O)=C(C#N)/C#N)S5)S3)=C4C=C2C(S9)=C1C=C9C(SC(/C=C%10C(C%11=C(C/%10=C(C#N)\C#N)C=CC=C%11)=O)=C%12S%13)=C%12C=C%13C(OCCCCCCCC)=O,8.54,FC1=C(C(OCC(CCCC)CC)=O)SC2=CSC(C3=CC4=C(C5=C(C(C6=CC=C(CC(CC)CCCC)S6)=C4S3)C=CS5)C7=CC=C(CC(CC)CCCC)S7)=C12||CCC(CC)(O1)C2=CC(C3=C(OC4(CC)CC)C=C(C5=C6C=C(C(OCCCCCCCC)=O)SC6=C(/C=C7/C(C(C=CC=C8)=C8C7=O)=C(C#N)/C#N)S5)S3)=C4C=C2C(S9)=C1C=C9C(SC(/C=C%10C(C%11=C(C/%10=C(C#N)\C#N)C=CC=C%11)=O)=C%12S%13)=C%12C=C%13C(OCCCCCCCC)=O,2249a87c8fc0450476e55f070a85b71ffa6beb368356c28f1302bad8bac422cb,313d0de9b4ea70a76d1fd57fd4aa4aac4e4fa85bcd31ec9182868bda3a7c1857,0b67a020398e7f7812eed0fb6ec4a1867f983dbcd4dd19673f22578bd6bbff13,16e208219bfd1baea6b666257f62244393330ca6311ca756cd4b621ec5c8acbe,5d4474fe4175d1e0da4d991e8801d45bdd59b46dd4b7fafc34962afbfe4b872d,49,113,419,439
464,in-house,536,FC1=C(C2=C(F)C=C(C)S2)SC(C3=C(CC(CCCCCC)CCCCCCCC)C=C(S3)C4=CC(N(C5=O)CC(CCCCCCCC)CCCCCC)=C(C6=C5C=C(C=C6)C7=CC(CC(CCCCCC)CCCCCCCC)=C(C)C7)C=C4)=C1,c1(cc2c(cc1F)C(=O)/C(=C\c1cc3c(s1)c1c(s3)c3c(C1(c1ccc(cc1)CCCCCC)c1ccc(cc1)CCCCCC)cc1c(c3)C(c3c1sc1c3sc(c1)/C=C/1\C(=O)c3c(C1=C(C#N)C#N)cc(c(c3)F)F)(c1ccc(cc1)CCCCCC)c1ccc(cc1)CCCCCC)/C2=C(C#N)C#N)F,8.54,FC1=C(C2=C(F)C=C(C)S2)SC(C3=C(CC(CCCCCC)CCCCCCCC)C=C(S3)C4=CC(N(C5=O)CC(CCCCCCCC)CCCCCC)=C(C6=C5C=C(C=C6)C7=CC(CC(CCCCCC)CCCCCCCC)=C(C)C7)C=C4)=C1||c1(cc2c(cc1F)C(=O)/C(=C\c1cc3c(s1)c1c(s3)c3c(C1(c1ccc(cc1)CCCCCC)c1ccc(cc1)CCCCCC)cc1c(c3)C(c3c1sc1c3sc(c1)/C=C/1\C(=O)c3c(C1=C(C#N)C#N)cc(c(c3)F)F)(c1ccc(cc1)CCCCCC)c1ccc(cc1)CCCCCC)/C2=C(C#N)C#N)F,10bd26c78832fb1bc7888a3dc7bf87a9759ec619383bbbccae3afa6f1a11c3ca,69e17d1724b4236f68d0c6efb6ad16969f13f8980d301d0056747038b20f0c8d,f4f3d3fcf2f3e10ce96d602ff0fab62166f1af0447c2a17ff0de6087f3d204d1,89a004f36fb63b8deb7ea0505033db922654cd2204ca4370c21d78437423bb49,ad1f44d4a91ab786daead886acc9a2bb5cf6281e4321ed18eb6d70bfe5e16f04,1148,648,795,440
465,in-house,537,CC1=CC2=C(S1)C(C3=CC=C([Si](CCC)(CCC)CCC)S3)=C4C=C(C5=CC=C(C6=C(F)C(F)=C(C7=CC=C(S7)C)C8=NN(CC(CCCCCCCC)CCCCCC)N=C68)S5)SC4=C2C9=CC=C([Si](CCC)(CCC)CCC)S9,O=C(C1=CSC=C1C/2=C(C#N)\C#N)C2=C/C3=CC(SC4=C5C(C6=CC=C(C=C6)CCCCCC)(C(C=C7)=CC=C7CCCCCC)C8=CC(C9=C(C%10(C%11=CC=C(C=C%11)CCCCCC)C%12=CC=C(C=C%12)CCCCCC)C%13=C(SC(/C=C%14C(C%15=CSC=C%15C\%14=C(C#N)\C#N)=O)=C%13)S9)=C%10C=C48)=C5S3,8.52,CC1=CC2=C(S1)C(C3=CC=C([Si](CCC)(CCC)CCC)S3)=C4C=C(C5=CC=C(C6=C(F)C(F)=C(C7=CC=C(S7)C)C8=NN(CC(CCCCCCCC)CCCCCC)N=C68)S5)SC4=C2C9=CC=C([Si](CCC)(CCC)CCC)S9||O=C(C1=CSC=C1C/2=C(C#N)\C#N)C2=C/C3=CC(SC4=C5C(C6=CC=C(C=C6)CCCCCC)(C(C=C7)=CC=C7CCCCCC)C8=CC(C9=C(C%10(C%11=CC=C(C=C%11)CCCCCC)C%12=CC=C(C=C%12)CCCCCC)C%13=C(SC(/C=C%14C(C%15=CSC=C%15C\%14=C(C#N)\C#N)=O)=C%13)S9)=C%10C=C48)=C5S3,eaf1916a35a7483d8caf5815ff5e1ea653d31569a8b350b0b99530cf692c3bfb,574dae62678553be62690d68b6312087cee01a3b983f3591718144a2ebd2f63a,62127dae3f16e1a1cfc2ca455adfa73bcdf561464f9f5eac2392b77fe884114a,1780bbe5dc93dd135745fdf8b097ca79b8b2bacb03b0fd1748ce790fc19f9af6,34aaeb5cde0e1466fb83fbd935a21788d2be1b9c950412704b73679118cf3625,443,118,235,441
466,in-house,538,CC(SC1=C(C2=C3SC(C4=CC5=C(C6=C(C(C7=CC(F)=C(S7)CC(CCCC)CC)=C5S4)C=C(C)S6)C8=CC(F)=C(S8)CC(CCCC)CC)=C2)C9=CC=C(S9)CC(CCCC)CC)=CC1=C3C%10=CC=C(S%10)CC(CC)CCCC,N#C/C(C#N)=C(C1=CC=CC=C1C2=O)/C2=C/C3=CC4=C(C5=C(C=C6C(C(CCCCCC)(CCCCCC)C7=C6SC(/C=C8/C(C9=CC=CC=C9C8=O)=C(C#N)/C#N)=C7)=C5)C4(CCCCCC)CCCCCC)S3,8.5,CC(SC1=C(C2=C3SC(C4=CC5=C(C6=C(C(C7=CC(F)=C(S7)CC(CCCC)CC)=C5S4)C=C(C)S6)C8=CC(F)=C(S8)CC(CCCC)CC)=C2)C9=CC=C(S9)CC(CCCC)CC)=CC1=C3C%10=CC=C(S%10)CC(CC)CCCC||N#C/C(C#N)=C(C1=CC=CC=C1C2=O)/C2=C/C3=CC4=C(C5=C(C=C6C(C(CCCCCC)(CCCCCC)C7=C6SC(/C=C8/C(C9=CC=CC=C9C8=O)=C(C#N)/C#N)=C7)=C5)C4(CCCCCC)CCCCCC)S3,03f97dc374c625bfb53729481dcf036864f3706176f325d5d2d94714f7152cc9,0cc00e1ba2d95fe8288dc072edf395ee6fc3678daa4e12f6703c7be7d2c5a409,a99aa57dbca131a710bb3ee1f47b874c957b3fc3075606265da9aadfbcbac5a4,c1f9e0a6be722402ddb4cc2a1ca45483cf71f97e30833d85fc25fd5fbbb77be0,0213a1374c86e8024f40494b4ad5aa53c7ad89c80c26ef2705b4ab4b55e2778b,782,891,10,442
467,in-house,539,FC1=C(C(OCC(CCCC)CC)=O)SC2=CSC(C3=CC4=C(C5=C(C(C6=CC=C(CC(CC)CCCC)S6)=C4S3)C=CS5)C7=CC=C(CC(CC)CCCC)S7)=C12,O=C(C1=CC=CC=C1C/2=C(C#N)\C#N)C2=C/C3=CC4=C(C(C(C5=CC=C(CCCCCC)S5)(C6=C7C=C8C(C9=CC=C(S9)CCCCCC)(C%10=CC=C(S%10)CCCCCC)C%11=C(SC%12=C%11SC(/C=C%13C(C%14=CC=CC=C%14C\%13=C(C#N)\C#N)=O)=C%12)C8=C6)C(S%15)=CC=C%15CCCCCC)=C7S4)S3,8.5,FC1=C(C(OCC(CCCC)CC)=O)SC2=CSC(C3=CC4=C(C5=C(C(C6=CC=C(CC(CC)CCCC)S6)=C4S3)C=CS5)C7=CC=C(CC(CC)CCCC)S7)=C12||O=C(C1=CC=CC=C1C/2=C(C#N)\C#N)C2=C/C3=CC4=C(C(C(C5=CC=C(CCCCCC)S5)(C6=C7C=C8C(C9=CC=C(S9)CCCCCC)(C%10=CC=C(S%10)CCCCCC)C%11=C(SC%12=C%11SC(/C=C%13C(C%14=CC=CC=C%14C\%13=C(C#N)\C#N)=O)=C%12)C8=C6)C(S%15)=CC=C%15CCCCCC)=C7S4)S3,2249a87c8fc0450476e55f070a85b71ffa6beb368356c28f1302bad8bac422cb,324d6e5b76a9400503a81056ec0f63ac76d712428565dd1fa4bf1871d8f66e0c,7c2ec44bb57bb5f7ed090ce32ce4327131d07f1be0378b23b2ca5a71b453776c,8870baccbc72ee84113f7cae0c6d75b30d37248ea827fab3ee4f868e191aa3de,453a07ef11de754c369bc16ff79d96d244f0b8374823e5a7fd00e8fcd26db2b2,570,640,306,443
468,in-house,540,FC(C(F)=C(C1=NSN=C21)C3=CC(CCCCCCCCCCCCCCCCCCCC)=C(S3)C)=C2C4=CC(C#CC#CC#CC#CC#CC#CC#CC#CC#CC#C)=C(S4)C(S5)=CC=C5C6=CC7=C(SC(C)=C7)C=C6.[HH].[HH].[HH].[HH].[HH].[HH].[HH].[HH].[HH].[HH],N#C/C(C#N)=C(C1=CC=CC=C1C2=O)/C2=C/C3=CC4=C(C5=C(C=C6C(C(CCCCCC)(CCCCCC)C7=C6SC(/C=C8/C(C9=CC=CC=C9C8=O)=C(C#N)/C#N)=C7)=C5)C4(CCCCCC)CCCCCC)S3,8.5,FC(C(F)=C(C1=NSN=C21)C3=CC(CCCCCCCCCCCCCCCCCCCC)=C(S3)C)=C2C4=CC(C#CC#CC#CC#CC#CC#CC#CC#CC#CC#C)=C(S4)C(S5)=CC=C5C6=CC7=C(SC(C)=C7)C=C6.[HH].[HH].[HH].[HH].[HH].[HH].[HH].[HH].[HH].[HH]||N#C/C(C#N)=C(C1=CC=CC=C1C2=O)/C2=C/C3=CC4=C(C5=C(C=C6C(C(CCCCCC)(CCCCCC)C7=C6SC(/C=C8/C(C9=CC=CC=C9C8=O)=C(C#N)/C#N)=C7)=C5)C4(CCCCCC)CCCCCC)S3,5720aee2a2a66d9124b18859c017dac89e6fa8f72912d6b9d5b9753447490b09,0cc00e1ba2d95fe8288dc072edf395ee6fc3678daa4e12f6703c7be7d2c5a409,dd901d85276a71549bcfc11718adfa1b49fa1f172f851edaa12bfcadfb404294,5b3d7237e812f87c9def647a48e6b994ad1b3fe76b94ddd514950b090179833a,69ba9c8b170233528afc9c7457be90b40046ebf27eaf404aa456bf61ed9539f3,1048,428,478,444
469,in-house,541,FC1=C(C(OCC(CCCC)CC)=O)SC2=CSC(C3=CC4=C(C5=C(C(C6=CC=C(CC(CC)CCCC)S6)=C4S3)C=CS5)C7=CC=C(CC(CC)CCCC)S7)=C12,O=C(C1=CC=CC=C1C/2=C(C#N)/C#N)C2=C/C3=CC(SC4=C5C(CCCCCCCC)(CCCCCCCC)C6=C4C=C7C(C8=CC(C(C9=C%10SC%11=C9SC(/C=C%12C(C%13=C(C=CC=C%13)C\%12=C(C#N)/C#N)=O)=C%11)(CCCCCCCC)CCCCCCCC)=C%10C=C8C7(CCCCCCCC)CCCCCCCC)=C6)=C5S3,8.47,FC1=C(C(OCC(CCCC)CC)=O)SC2=CSC(C3=CC4=C(C5=C(C(C6=CC=C(CC(CC)CCCC)S6)=C4S3)C=CS5)C7=CC=C(CC(CC)CCCC)S7)=C12||O=C(C1=CC=CC=C1C/2=C(C#N)/C#N)C2=C/C3=CC(SC4=C5C(CCCCCCCC)(CCCCCCCC)C6=C4C=C7C(C8=CC(C(C9=C%10SC%11=C9SC(/C=C%12C(C%13=C(C=CC=C%13)C\%12=C(C#N)/C#N)=O)=C%11)(CCCCCCCC)CCCCCCCC)=C%10C=C8C7(CCCCCCCC)CCCCCCCC)=C6)=C5S3,2249a87c8fc0450476e55f070a85b71ffa6beb368356c28f1302bad8bac422cb,10ccc085e86003224445ea8551ba233d373f1bd4cd3b832aa2c0bf3775f351cf,9cae802857141f4cf5984ec5d77eeba6b90788dddee3c24a65817985b5e33fe2,37bfe6db0f8b1deb8e0e623f2eb66ffa35d9483d0386258d7c1cd368deb29167,2ddb84d2f8d78a8c1797fff536e48b5318e01fa2e60ebe65193b1eb52b92cdd2,715,276,201,445
470,in-house,542,ClC(C=C1C(C2=C(C(C3=CC(Cl)=C(S3)CC(CC)CCCC)=C4S5)C=C(C)S2)=C4C=C5C6=C7C(SC(C(OCC)=O)=C7F)=CS6)=C(S1)CC(CCCC)CC,c12cc3c(cc1C(c1c2sc2c1sc(c2)/C=C\1/C(=C(C#N)C#N)c2c(C1=O)cccc2)(c1ccc(cc1)CCCCCC)c1ccc(cc1)CCCCCC)c1c(C3(c2ccc(cc2)CCCCCC)c2ccc(cc2)CCCCCC)c2c(s1)cc(s2)/C=C\1/C(=C(C#N)C#N)c2c(C1=O)cccc2,8.46,ClC(C=C1C(C2=C(C(C3=CC(Cl)=C(S3)CC(CC)CCCC)=C4S5)C=C(C)S2)=C4C=C5C6=C7C(SC(C(OCC)=O)=C7F)=CS6)=C(S1)CC(CCCC)CC||c12cc3c(cc1C(c1c2sc2c1sc(c2)/C=C\1/C(=C(C#N)C#N)c2c(C1=O)cccc2)(c1ccc(cc1)CCCCCC)c1ccc(cc1)CCCCCC)c1c(C3(c2ccc(cc2)CCCCCC)c2ccc(cc2)CCCCCC)c2c(s1)cc(s2)/C=C\1/C(=C(C#N)C#N)c2c(C1=O)cccc2,9a5e9d3542d144b506262a01bd546da147729e08f166704f0dc1d6e97593d3c5,202f8607af2cecb83e86b2e4305f8c7e2852bc709bb805b9055691d46a9081c5,777aab786edaf0f7c4f3ef586658fd1f1f321023ae96843af3316c614c40525f,cb9f0d704616675e7d6a7666422e6c79449b689348270d0fbc220c087773e4e6,a3fee1535cd91d569fcd48b7029071bc5c37291097867705dbb6d9738f41e26e,546,937,751,446
471,in-house,543,FC1=C(C(OCC(CCCC)CC)=O)SC2=CSC(C3=CC4=C(C5=C(C(C6=CC=C(CC(CC)CCCC)S6)=C4S3)C=CS5)C7=CC=C(CC(CC)CCCC)S7)=C12,FC(C(F)=C1)=CC(C/2=C(C#N)/C#N)=C1C(C2=C/C3=CC4=C(S3)C(C(C5=CC=C(C=C5)CCCCCC)(C6=CC=C(C=C6)CCCCCC)C7=C8C=C9C%10=C%11C(C=C%12C%13=C(C(C%14=CC=C(C=C%14)CCCCCC)(C%15=CC=C(C=C%15)CCCCCC)C%12=C%11C=C9)C(SC(/C=C%16C(C%17=C(C\%16=C(C#N)\C#N)C=C(C(F)=C%17)F)=O)=C%18)=C%18S%13)=CC=C7%10)=C8S4)=O,8.45,FC1=C(C(OCC(CCCC)CC)=O)SC2=CSC(C3=CC4=C(C5=C(C(C6=CC=C(CC(CC)CCCC)S6)=C4S3)C=CS5)C7=CC=C(CC(CC)CCCC)S7)=C12||FC(C(F)=C1)=CC(C/2=C(C#N)/C#N)=C1C(C2=C/C3=CC4=C(S3)C(C(C5=CC=C(C=C5)CCCCCC)(C6=CC=C(C=C6)CCCCCC)C7=C8C=C9C%10=C%11C(C=C%12C%13=C(C(C%14=CC=C(C=C%14)CCCCCC)(C%15=CC=C(C=C%15)CCCCCC)C%12=C%11C=C9)C(SC(/C=C%16C(C%17=C(C\%16=C(C#N)\C#N)C=C(C(F)=C%17)F)=O)=C%18)=C%18S%13)=CC=C7%10)=C8S4)=O,2249a87c8fc0450476e55f070a85b71ffa6beb368356c28f1302bad8bac422cb,9e7388dee4714d0dcafe633f25949fd272f8eaf0569b40551702dc836cada83a,48cb644584c2ec323c36e382be31c2636a45f1797e671914fc57ebbc8089e966,b9440fc2a12a4f57ff148ac0156b511311447e90db12c1a0db9d26445f603769,f323f097b1e231fef97d1b64bbe74aa02efac91d2615928a91769eec44a3691b,338,847,1138,447
472,in-house,544,FC(C(F)=C(C1=NN(N=C21)CCC(CCCC)CCCCCC)C3=CC=C(S3)C)=C2C(S4)=CC=C4C5=CC(C(CCCC(CCCCCC)CCCC)=C6SC(C)=CC6=C7CCCC(CCCC)CCCCCC)=C7S5,O=C1C2=C(C=CC=C2)C(/C1=C/C(S3)=CC4=C3C(SC5=C6SC7=C5OC(C8=CC=C(CCCCCC)C=C8)(C9=CC=C(CCCCCC)C=C9)C%10=C7SC(/C=C%11/C(C(C=CC=C%12)=C%12C%11=O)=C(C#N)\C#N)=C%10)=C6OC4(C%13=CC=C(CCCCCC)C=C%13)C%14=CC=C(CCCCCC)C=C%14)=C(C#N)/C#N,8.43,FC(C(F)=C(C1=NN(N=C21)CCC(CCCC)CCCCCC)C3=CC=C(S3)C)=C2C(S4)=CC=C4C5=CC(C(CCCC(CCCCCC)CCCC)=C6SC(C)=CC6=C7CCCC(CCCC)CCCCCC)=C7S5||O=C1C2=C(C=CC=C2)C(/C1=C/C(S3)=CC4=C3C(SC5=C6SC7=C5OC(C8=CC=C(CCCCCC)C=C8)(C9=CC=C(CCCCCC)C=C9)C%10=C7SC(/C=C%11/C(C(C=CC=C%12)=C%12C%11=O)=C(C#N)\C#N)=C%10)=C6OC4(C%13=CC=C(CCCCCC)C=C%13)C%14=CC=C(CCCCCC)C=C%14)=C(C#N)/C#N,45e95ea37da5bc3e18f2c067cb95f73c851335176098d8fca22fcb29952b2779,958c05579ac95bcc7de8741ddddbe7e87c7dc6a8970469b134fd47ea0d739414,c240fff88eb5fbffeed8d67c0aa13fea5f6eee89819002a9e3f0d4e49052dac9,bc530c3976e51fff6afa431f2e6cb4b203872e532391b7cf93c2515844dfb483,033451167354ec805cb78c119e91997323c40f640875508a4885a3055a51b518,927,863,14,448
473,in-house,545,O=C1C2=C(CC(CC)CCCC)SC(CC(CC)CCCC)=C2C(C3=C(C4=CC=C(C5=CC(C(C6=CC(F)=C(CC(CC)CCCC)S6)=C(SC=C7)C7=C8C9=CC(F)=C(CC(CC)CCCC)S9)=C8S5)S4)SC(C%10=CC=CS%10)=C31)=O,c12cc3c(cc1C(c1c2sc2c1sc(c2)/C=C\1/C(=C(C#N)C#N)c2c(C1=O)cccc2)(c1ccc(cc1)CCCCCC)c1ccc(cc1)CCCCCC)c1c(C3(c2ccc(cc2)CCCCCC)c2ccc(cc2)CCCCCC)c2c(s1)cc(s2)/C=C\1/C(=C(C#N)C#N)c2c(C1=O)cccc2,8.4,O=C1C2=C(CC(CC)CCCC)SC(CC(CC)CCCC)=C2C(C3=C(C4=CC=C(C5=CC(C(C6=CC(F)=C(CC(CC)CCCC)S6)=C(SC=C7)C7=C8C9=CC(F)=C(CC(CC)CCCC)S9)=C8S5)S4)SC(C%10=CC=CS%10)=C31)=O||c12cc3c(cc1C(c1c2sc2c1sc(c2)/C=C\1/C(=C(C#N)C#N)c2c(C1=O)cccc2)(c1ccc(cc1)CCCCCC)c1ccc(cc1)CCCCCC)c1c(C3(c2ccc(cc2)CCCCCC)c2ccc(cc2)CCCCCC)c2c(s1)cc(s2)/C=C\1/C(=C(C#N)C#N)c2c(C1=O)cccc2,65482d735aa1f382b817dd8d95b1689b39b0b3c26138949c2680844f1b1f5ea0,202f8607af2cecb83e86b2e4305f8c7e2852bc709bb805b9055691d46a9081c5,bc5bd7b75e4a5b3ce65983b8e0705ddcda5af358a704095e0d4330f37e5ea594,6f41a72e9b9b1068c1c45af4fd809c0874066a325a6de28e9531f37e8c400a45,c919a9f6614c3d12b6be730d45112b5574d2f5d8107142c76ea99b1ec4c8e41c,894,540,922,449
474,in-house,546,CC(S1)=CC=C1C(C2=NN3CC(CCCCCC)CCCC)=C(C(F)=C(C2=N3)C4=CC=C(S4)C5=CC6=C(C7=C(C(CCCCCCCC)(CCCCCCCC)O6)C=C(C)S7)S5)F,O=C(C1=CC=CC=C1C/2=C(C#N)/C#N)C2=C/C3=CC(SC4C5C(C)=C(C(C6=CC=C(C=C6)CCCCCC)(C7=CC=C(C=C7)CCCCCC)C8=CSC9=C8SC(/C=C%10C(C(C=CC=C%11)=C%11C\%10=C(C#N)/C#N)=C)=C9)C=C(C)C5C(C%12=CC=C(C=C%12)CCCCCC)(C%13=CC=C(C=C%13)CCCCCC)C%144)=C%14S3,8.38,CC(S1)=CC=C1C(C2=NN3CC(CCCCCC)CCCC)=C(C(F)=C(C2=N3)C4=CC=C(S4)C5=CC6=C(C7=C(C(CCCCCCCC)(CCCCCCCC)O6)C=C(C)S7)S5)F||O=C(C1=CC=CC=C1C/2=C(C#N)/C#N)C2=C/C3=CC(SC4C5C(C)=C(C(C6=CC=C(C=C6)CCCCCC)(C7=CC=C(C=C7)CCCCCC)C8=CSC9=C8SC(/C=C%10C(C(C=CC=C%11)=C%11C\%10=C(C#N)/C#N)=C)=C9)C=C(C)C5C(C%12=CC=C(C=C%12)CCCCCC)(C%13=CC=C(C=C%13)CCCCCC)C%144)=C%14S3,5c4425c3122bec59452b900cbdfc8e4338cb83cbc5ce49805fab75e7f1ff1477,83d12c8a518aebb2c9e097cdd9cd4e855fadbb8bad16c860293e67b74eecaf00,946a939b9ada77b7ce303e522051d6debe65e1734924b8c2a11725b2ef594d69,e1400dd5d0d93d296213307455c094dc885b50dd68c58c1be7283c4183c843fd,14287c4218b3b78ed6b80663911342c1da1d47e93000013d0d79c91dc5771551,676,1037,89,450
475,in-house,547,FC(C(F)=C(C1=NN(N=C21)CCC(CCCC)CCCCCC)C3=CC=C(S3)C)=C2C(S4)=CC=C4C5=CC(C(CCCC(CCCCCC)CCCC)=C6SC(C)=CC6=C7CCCC(CCCC)CCCCCC)=C7S5,c12cc3c(cc1C(c1c2sc2c1sc(c2)/C=C\1/C(=C(C#N)C#N)c2c(C1=O)cccc2)(c1ccc(cc1)CCCCCC)c1ccc(cc1)CCCCCC)c1c(C3(c2ccc(cc2)CCCCCC)c2ccc(cc2)CCCCCC)c2c(s1)cc(s2)/C=C\1/C(=C(C#N)C#N)c2c(C1=O)cccc2,8.37,FC(C(F)=C(C1=NN(N=C21)CCC(CCCC)CCCCCC)C3=CC=C(S3)C)=C2C(S4)=CC=C4C5=CC(C(CCCC(CCCCCC)CCCC)=C6SC(C)=CC6=C7CCCC(CCCC)CCCCCC)=C7S5||c12cc3c(cc1C(c1c2sc2c1sc(c2)/C=C\1/C(=C(C#N)C#N)c2c(C1=O)cccc2)(c1ccc(cc1)CCCCCC)c1ccc(cc1)CCCCCC)c1c(C3(c2ccc(cc2)CCCCCC)c2ccc(cc2)CCCCCC)c2c(s1)cc(s2)/C=C\1/C(=C(C#N)C#N)c2c(C1=O)cccc2,45e95ea37da5bc3e18f2c067cb95f73c851335176098d8fca22fcb29952b2779,202f8607af2cecb83e86b2e4305f8c7e2852bc709bb805b9055691d46a9081c5,b7f618e943aa06e8885f76ea166a5249d0548acde8e010c8066936bc609e73b9,e29fa4228be4bd609c05761d15525edf2fc635908a09ff96e2352d2039a92c94,9fdb4d9d1169d38feb90a423bbd797656402eb6cec156bb908953735e0e05ef2,867,1046,729,451
476,in-house,548,FC(C=C(C1=C2SC=CC2=C(C3=CC(F)=C(CC(CCCC)CC)S3)C4=C1C=C(C5=CC=C(C6=C(C(C(C7=C(CC(CCCC)CC)SC(CC(CC)CCCC)=C78)=O)=C(C9=CC=CC9)S6)C8=O)S5)S4)S%10)=C%10CC(CC)CCCC,O=C(C1=CC(F)=C(C=C1C/2=C(C#N)\C#N)S)C2=C/C3=CC(C4(CC(CCCC)CC)CC(CCCC)CC)=C(S3)C(S5)=C4C=C5C(C(F)=C(C(C6=CC(C(CC(CCCC)CC)(CC(CCCC)CC)C7=C8SC(/C=C9C(C%10=CC(F)=C(C=C%10C\9=C(C#N)\C#N)F)=O)=C7)=C8S6)=C%11F)O[Mg])=C%11O[Mg],8.36,FC(C=C(C1=C2SC=CC2=C(C3=CC(F)=C(CC(CCCC)CC)S3)C4=C1C=C(C5=CC=C(C6=C(C(C(C7=C(CC(CCCC)CC)SC(CC(CC)CCCC)=C78)=O)=C(C9=CC=CC9)S6)C8=O)S5)S4)S%10)=C%10CC(CC)CCCC||O=C(C1=CC(F)=C(C=C1C/2=C(C#N)\C#N)S)C2=C/C3=CC(C4(CC(CCCC)CC)CC(CCCC)CC)=C(S3)C(S5)=C4C=C5C(C(F)=C(C(C6=CC(C(CC(CCCC)CC)(CC(CCCC)CC)C7=C8SC(/C=C9C(C%10=CC(F)=C(C=C%10C\9=C(C#N)\C#N)F)=O)=C7)=C8S6)=C%11F)O[Mg])=C%11O[Mg],61eee9608e36bdb1d3a96a3ad1baa39916f3a546e29d11481966a5a2d3d30f3c,31e62a0d91ad6beedb3e9d46f39d26522a8a0a6c97458dbd1d2d813503917d97,b4ac3522ce7a71ca9b3107dc1481ab2ce507014b69cfaeba2bcd86704aa6d0c8,528cc412461bbaddbadb26301286bf319469f1de880139b0a9733ee52c9c10fc,c4674c8fa5f0ba029f79285d48fffc7ee04bb9a33f96e56b773c9ee146158476,844,395,902,452
477,in-house,549,FC1=C(C(OCC(CCCC)CC)=O)SC2=CSC(C3=CC4=C(C5=C(C(C6=CC=C(CC(CC)CCCC)S6)=C4S3)C=CS5)C7=CC=C(CC(CC)CCCC)S7)=C12,O=C(C1=C(C)SC=C1C/2=C(C#N)\C#N)C2=C\C3=CC(SC4=C5C(C6=CC(CCCCCC)=CC=C6)(C7=CC=CC(CCCCCC)=C7)C(C4=C8)=CC9=C8C(C%10=CC(CCCCCC)=CC=C%10)(C%11=CC=CC(CCCCCC)=C%11)C%12=C9SC%13=C%12SC(/C=C%14C(C%15=C(C)SC=C%15C/%14=C(C#N)/C)=O)=C%13)=C5S3,8.34,FC1=C(C(OCC(CCCC)CC)=O)SC2=CSC(C3=CC4=C(C5=C(C(C6=CC=C(CC(CC)CCCC)S6)=C4S3)C=CS5)C7=CC=C(CC(CC)CCCC)S7)=C12||O=C(C1=C(C)SC=C1C/2=C(C#N)\C#N)C2=C\C3=CC(SC4=C5C(C6=CC(CCCCCC)=CC=C6)(C7=CC=CC(CCCCCC)=C7)C(C4=C8)=CC9=C8C(C%10=CC(CCCCCC)=CC=C%10)(C%11=CC=CC(CCCCCC)=C%11)C%12=C9SC%13=C%12SC(/C=C%14C(C%15=C(C)SC=C%15C/%14=C(C#N)/C)=O)=C%13)=C5S3,2249a87c8fc0450476e55f070a85b71ffa6beb368356c28f1302bad8bac422cb,62ee87c3b4e940d4ddb918ce052acd78ac32943fc2f6a111e69904245d974104,9ba37aeb78baaff109d7b769e920194ff12d8287a2439aa2065658362bf8c1c4,637d83270a0cd967046fef4b6d1cfe0a4d9363e5d9984cae2a1339f7a704d0a9,e2a88420946de55b1e0153dea5303100d58a1558a920c771c16b4f5fb0f0a309,709,473,1057,453
478,in-house,550,O=C1C(C=C2C3=CC4=C(S3)C(C5=CC=C(S5)CC(CCCC)CC)=C6C=C(C)SC6=C4C7=CC=C(S7)CC(CC)CCCC)=C(S2)C8=C(C=C(S8)C)N1CC(CCCCCCCC)CCCCCC,O=C(C1=CC=CC=C1C/2=C(C#N)/C#N)C2=C/C3=CC(SC4C5C(C)=C(C(C6=CC=C(C=C6)CCCCCC)(C7=CC=C(C=C7)CCCCCC)C8=CSC9=C8SC(/C=C%10C(C(C=CC=C%11)=C%11C\%10=C(C#N)/C#N)=C)=C9)C=C(C)C5C(C%12=CC=C(C=C%12)CCCCCC)(C%13=CC=C(C=C%13)CCCCCC)C%144)=C%14S3,8.33,O=C1C(C=C2C3=CC4=C(S3)C(C5=CC=C(S5)CC(CCCC)CC)=C6C=C(C)SC6=C4C7=CC=C(S7)CC(CC)CCCC)=C(S2)C8=C(C=C(S8)C)N1CC(CCCCCCCC)CCCCCC||O=C(C1=CC=CC=C1C/2=C(C#N)/C#N)C2=C/C3=CC(SC4C5C(C)=C(C(C6=CC=C(C=C6)CCCCCC)(C7=CC=C(C=C7)CCCCCC)C8=CSC9=C8SC(/C=C%10C(C(C=CC=C%11)=C%11C\%10=C(C#N)/C#N)=C)=C9)C=C(C)C5C(C%12=CC=C(C=C%12)CCCCCC)(C%13=CC=C(C=C%13)CCCCCC)C%144)=C%14S3,a14127f85438fe62298bab2e8bbdfa0cf21cdd0d8e6c820b7a8c6c729bb3bf92,83d12c8a518aebb2c9e097cdd9cd4e855fadbb8bad16c860293e67b74eecaf00,95e4cf435b03cb40ca0504eb8a44941be8db00172094802471627bb154f06d4e,85b114c3f22dc2025b9cdf5e810bf5053f18353a9bacb6c6793a2e41f896d2d2,0e09177a0b9010824877c775359df919dd7a65b27ff10401959f39cb191b8fb5,684,628,69,454
479,in-house,551,O=C(C1=C(CC(CCCC)CC)SC(CC(CCCC)CC)=C12)C3=C(C4=CC=CS4)SC(C(S5)=CC=C5C6=CC7=C(C8=CC=C(CC(CCCC)CCCCCC)C=C8)C(SC=C9)=C9C(C%10=CC=C(CC(CCCCCC)CCCC)C=C%10)=C7S6)=C3C2=O,O=C(C1=C(C=C(F)C=C1)C/2=C(C#N)\C#N)C2=C/C3=CC(C4(C5=CC=C(C=C5)CCCCCC)C(C=C6)=CC=C6CCCCCC)=C(C(C=C7C8(C9=CC=C(CCCCCC)C=C9)C%10=CC=C(CCCCCC)C=C%10)=C4C=C7C%11=C8C=C(/C=C%12C(C%13=C(C=CC(F)=C%13)C\%12=C(C#N)\C#N)=O)S%11)S3,8.33,O=C(C1=C(CC(CCCC)CC)SC(CC(CCCC)CC)=C12)C3=C(C4=CC=CS4)SC(C(S5)=CC=C5C6=CC7=C(C8=CC=C(CC(CCCC)CCCCCC)C=C8)C(SC=C9)=C9C(C%10=CC=C(CC(CCCCCC)CCCC)C=C%10)=C7S6)=C3C2=O||O=C(C1=C(C=C(F)C=C1)C/2=C(C#N)\C#N)C2=C/C3=CC(C4(C5=CC=C(C=C5)CCCCCC)C(C=C6)=CC=C6CCCCCC)=C(C(C=C7C8(C9=CC=C(CCCCCC)C=C9)C%10=CC=C(CCCCCC)C=C%10)=C4C=C7C%11=C8C=C(/C=C%12C(C%13=C(C=CC(F)=C%13)C\%12=C(C#N)\C#N)=O)S%11)S3,826e531b71e4c0ef06b575364b50a339b3da70c19584a5cd5231c22bd6d85201,57331ab81447a10c187509f7681c424b34e2885c64bc2ecf5873f5285e011e1e,22cd80d0bf86ba68b5bde24e991fc3c7f70578575122308fa3c540183de715e4,6042d4e67904b5534dc7f682cb32eb5e6137c43fa29ed5fd6da98aa313fc536a,f205197f05f7f6e28432d371c444e5ca8f3c5d0520c8a7b31cb3d9dfec4d0b06,161,459,1130,455
480,in-house,552,FC1=C(C2=CC=C(C3=CC4=C(C5=CC=C(S5)O)C(SC=C6)=C6C(C7=CC=C(O)S7)=C4O3)S2)C8=NN(CC(CCCCCCCC)CCCCCC)N=C8C(C9=CC=CS9)=C1F,c12cc3c(cc1C(c1c2sc2c1sc(c2)/C=C\1/C(=C(C#N)C#N)c2c(C1=O)cccc2)(c1ccc(cc1)CCCCCC)c1ccc(cc1)CCCCCC)c1c(C3(c2ccc(cc2)CCCCCC)c2ccc(cc2)CCCCCC)c2c(s1)cc(s2)/C=C\1/C(=C(C#N)C#N)c2c(C1=O)cccc2,8.33,FC1=C(C2=CC=C(C3=CC4=C(C5=CC=C(S5)O)C(SC=C6)=C6C(C7=CC=C(O)S7)=C4O3)S2)C8=NN(CC(CCCCCCCC)CCCCCC)N=C8C(C9=CC=CS9)=C1F||c12cc3c(cc1C(c1c2sc2c1sc(c2)/C=C\1/C(=C(C#N)C#N)c2c(C1=O)cccc2)(c1ccc(cc1)CCCCCC)c1ccc(cc1)CCCCCC)c1c(C3(c2ccc(cc2)CCCCCC)c2ccc(cc2)CCCCCC)c2c(s1)cc(s2)/C=C\1/C(=C(C#N)C#N)c2c(C1=O)cccc2,31425f3e85c7a374569642b718d1607afe408cd4f1445b4da842fdbb16b61494,202f8607af2cecb83e86b2e4305f8c7e2852bc709bb805b9055691d46a9081c5,24b47475e386e599a1cfc5a8cc4756c8786819c46f1ce4e30f1708e6ca868c46,b2d6266533842de1984db0d94d6aaba1ce8d754d1bfc590b5bb2d8f2395a0fae,957ce134cf23313f71a4dc845ad5fba2379e0b7f43414aca55e536074e95e1c4,163,809,682,456
481,in-house,553,FC1=C(C(OCC(CCCC)CC)=O)SC2=CSC(C3=CC4=C(C5=C(C(C6=CC=C(CC(CC)CCCC)S6)=C4S3)C=CS5)C7=CC=C(CC(CC)CCCC)S7)=C12,[F]C1=CC2=C(C(/C(C2)=C/C3=CC4=C(S3)C(C(C5=CC=C(CCCCCC)C=C5)(OC6=CC7=C(OC(C8=CC=C(CCCCCC)C=C8)(C9=C7SC%10=C9SC(/C=C%11C(C%12=CC([F])=C(C=C%12C\%11=C(C#N)\C#N)[F])=O)=C%10)C%13=CC=C(CCCCCC)C=C%13)C=C6%14)C%15=CC=C(CCCCCC)C=C%15)=C%14S4)=C(C#N)\C#N)C=C1[F],8.32,FC1=C(C(OCC(CCCC)CC)=O)SC2=CSC(C3=CC4=C(C5=C(C(C6=CC=C(CC(CC)CCCC)S6)=C4S3)C=CS5)C7=CC=C(CC(CC)CCCC)S7)=C12||[F]C1=CC2=C(C(/C(C2)=C/C3=CC4=C(S3)C(C(C5=CC=C(CCCCCC)C=C5)(OC6=CC7=C(OC(C8=CC=C(CCCCCC)C=C8)(C9=C7SC%10=C9SC(/C=C%11C(C%12=CC([F])=C(C=C%12C\%11=C(C#N)\C#N)[F])=O)=C%10)C%13=CC=C(CCCCCC)C=C%13)C=C6%14)C%15=CC=C(CCCCCC)C=C%15)=C%14S4)=C(C#N)\C#N)C=C1[F],2249a87c8fc0450476e55f070a85b71ffa6beb368356c28f1302bad8bac422cb,9f16195b93067e241687397017bcc47bfab774ff0632c132e25d968d0b6e4e8d,80e2ea285d01a78d854ef0bfd9c56d224b1f71682b8e774bcc1ab0a135f58177,344c315c337b4b5ee2aa4d407f6dd9bd0ff958d5d5ee1e0b21bf2a095384ba94,94d1e0969e6623859d483e923388d282fb1254796c92ebd8879419e8227ab55a,590,266,677,457
482,in-house,554,O=C(C1=C(CCC(CCCC)CC)SC(CCC(CC)CCCC)=C1C2=O)C(C2=C(C3)C(C4)=CC=C4C5=CC6=C(C(C7=CC=C(CCC(CCCC)CC)S7)=C8C=CSC8=C6C9=CC=C(CCC(CCCC)CC)S9)S5)=C3C%10=CC=CS%10,FC(C=C1C2=CC(C3(CC(CCCC)CC)CC(CCCC)CC)=C(S2)C(S4)=C3C=C4/C=C(C(C5=C6C=C(F)C(OC)=C5)=O)/C6=C(C#N)/C#N)=C(C=C1F)C7=CC8=C(C9=C(C8(CC(CCCC)CC)CC(CCCC)CC)C=C(/C=C%10C(C(C=C(OC)C(F)=C%11)=C%11C\%10=C(C#N)\C#N)=O)S9)S7,8.32,O=C(C1=C(CCC(CCCC)CC)SC(CCC(CC)CCCC)=C1C2=O)C(C2=C(C3)C(C4)=CC=C4C5=CC6=C(C(C7=CC=C(CCC(CCCC)CC)S7)=C8C=CSC8=C6C9=CC=C(CCC(CCCC)CC)S9)S5)=C3C%10=CC=CS%10||FC(C=C1C2=CC(C3(CC(CCCC)CC)CC(CCCC)CC)=C(S2)C(S4)=C3C=C4/C=C(C(C5=C6C=C(F)C(OC)=C5)=O)/C6=C(C#N)/C#N)=C(C=C1F)C7=CC8=C(C9=C(C8(CC(CCCC)CC)CC(CCCC)CC)C=C(/C=C%10C(C(C=C(OC)C(F)=C%11)=C%11C\%10=C(C#N)\C#N)=O)S9)S7,6f31f3770fd225e382586e20513744e11a328b7cc74c758d48628417c600a02b,efde95dcadea966ddcffbdad2e5a630254561ab89c0c325d4403d61e57e32952,0a7f8f58a563e19f28069b6dc20c0884d321ad626b97a76622ad06513c3dbbfd,f19536c8dd0f8859c7c8cafa30e0c6d25fa0575d266ecbbb270e28acdfc58564,e9e95a7620b0ce3f902e0e753fef9731b3cd964ff23c61446307bd226463a143,45,1124,1089,458
483,in-house,555,O=C(C1=C(CCC(CCCC)CC)SC(CCC(CC)CCCC)=C1C2=O)C(C2=C(C3)C(C4)=CC=C4C5=CC6=C(C(C7=CC=C(CCC(CCCC)CC)S7)=C8C=CSC8=C6C9=CC=C(CCC(CCCC)CC)S9)S5)=C3C%10=CC=CS%10,O=C(C1=C(C=C(C)C=C1)C/2=C(C#N)\C#N)C2=C/C3=CC4=C(C(C=C(C=C(C(C5=CC=C(C=C5)CCCCCC)(C6=C7SC(/C=C8C(C9=C(C=C(C)C=C9)C\8=C(C#N)\C#N)=O)=C6)C%10=CC=C(C=C%10)CCCCCC)C7=C%11)C%11=C%12)=C%12C4(C%13=CC=C(CCCCCC)C=C%13)C%14=CC=C(CCCCCC)C=C%14)C3,8.3,O=C(C1=C(CCC(CCCC)CC)SC(CCC(CC)CCCC)=C1C2=O)C(C2=C(C3)C(C4)=CC=C4C5=CC6=C(C(C7=CC=C(CCC(CCCC)CC)S7)=C8C=CSC8=C6C9=CC=C(CCC(CCCC)CC)S9)S5)=C3C%10=CC=CS%10||O=C(C1=C(C=C(C)C=C1)C/2=C(C#N)\C#N)C2=C/C3=CC4=C(C(C=C(C=C(C(C5=CC=C(C=C5)CCCCCC)(C6=C7SC(/C=C8C(C9=C(C=C(C)C=C9)C\8=C(C#N)\C#N)=O)=C6)C%10=CC=C(C=C%10)CCCCCC)C7=C%11)C%11=C%12)=C%12C4(C%13=CC=C(CCCCCC)C=C%13)C%14=CC=C(CCCCCC)C=C%14)C3,6f31f3770fd225e382586e20513744e11a328b7cc74c758d48628417c600a02b,39c1670b09f9397538f05463c3a814817fd3d5be7f4dd7016101fad6dc0fe0ed,a5f6d66f221530a1dbffb46762270129fd11075ce662e904dae40989eb769a57,193216d415d03b1ed438fb139d176104861177b327a5b6fe11fccd59c1b02b72,7f60d5169ccea0b8d172a0b0a432bdd77805d3f590890b62e4db44f10b30a953,769,124,578,459
484,in-house,556,FC1=C(C(OCC(CCCC)CC)=O)SC2=CSC(C3=CC4=C(C5=C(C(C6=CC=C(CC(CC)CCCC)S6)=C4S3)C=CS5)C7=CC=C(CC(CC)CCCC)S7)=C12,c1cccc2c1C(=C(C#N)C#N)/C(=C/c1cc3c(s1)c1c(C3(c3ccc(cc3)CCCCCC)c3ccc(cc3)CCCCCC)c3c(s1)c(c1c(c3O[C@H](CCCC)CC)sc3c1C(c1c3sc(c1)/C=C\1/C(=C(C#N)C#N)c3c(C1=O)cccc3)(c1ccc(cc1)CCCCCC)c1ccc(cc1)CCCCCC)O[C@@H](CC)CCCC)/C2=O,8.3,FC1=C(C(OCC(CCCC)CC)=O)SC2=CSC(C3=CC4=C(C5=C(C(C6=CC=C(CC(CC)CCCC)S6)=C4S3)C=CS5)C7=CC=C(CC(CC)CCCC)S7)=C12||c1cccc2c1C(=C(C#N)C#N)/C(=C/c1cc3c(s1)c1c(C3(c3ccc(cc3)CCCCCC)c3ccc(cc3)CCCCCC)c3c(s1)c(c1c(c3O[C@H](CCCC)CC)sc3c1C(c1c3sc(c1)/C=C\1/C(=C(C#N)C#N)c3c(C1=O)cccc3)(c1ccc(cc1)CCCCCC)c1ccc(cc1)CCCCCC)O[C@@H](CC)CCCC)/C2=O,2249a87c8fc0450476e55f070a85b71ffa6beb368356c28f1302bad8bac422cb,d1a126af3815b29b84c426ad8f166ac76b2a31cbf5264c92372d7d416f6fb85e,46df992472156f29239e6d07c932f86f2f5498808bd663f35cdb2ad331643643,97b2082e1788009d6cf60300be68a1283e1338cf080693261d0b9c0411442762,74546ded8dfb743c47b0697cd213df479caa0edba2852f2a43f1e923b179c2c9,327,709,530,460
485,in-house,557,FC1=C(C(OCC(CCCC)CC)=O)SC2=CSC(C3=CC4=C(C5=C(C(C6=CC=C(CC(CC)CCCC)S6)=C4S3)C=CS5)C7=CC=C(CC(CC)CCCC)S7)=C12,c1c(cc2c(c1)C(c1c2c2c(c3c1c1c(C3(CCCC)CCCC)ccc(c1)c1ccc(c3c1nsn3)/C=c/1\sc(=C(C#N)C#N)n(c1=O)CC)c1c(C2(CCCC)CCCC)ccc(c1)c1ccc(c2c1nsn2)/C=c/1\sc(=C(C#N)C#N)n(c1=O)CC)(CCCC)CCCC)c1ccc(c2c1nsn2)/C=c/1\sc(=C(C#N)C#N)n(c1=O)CC,8.29,FC1=C(C(OCC(CCCC)CC)=O)SC2=CSC(C3=CC4=C(C5=C(C(C6=CC=C(CC(CC)CCCC)S6)=C4S3)C=CS5)C7=CC=C(CC(CC)CCCC)S7)=C12||c1c(cc2c(c1)C(c1c2c2c(c3c1c1c(C3(CCCC)CCCC)ccc(c1)c1ccc(c3c1nsn3)/C=c/1\sc(=C(C#N)C#N)n(c1=O)CC)c1c(C2(CCCC)CCCC)ccc(c1)c1ccc(c2c1nsn2)/C=c/1\sc(=C(C#N)C#N)n(c1=O)CC)(CCCC)CCCC)c1ccc(c2c1nsn2)/C=c/1\sc(=C(C#N)C#N)n(c1=O)CC,2249a87c8fc0450476e55f070a85b71ffa6beb368356c28f1302bad8bac422cb,f2886c8d9f05dd0c6d4e40ab88c044221d59cd94e3ab3bc81e7b0f4b76e24664,4be2b85afec5f2146036506b8ff8dc78d84ba49b431c5359e2011f031ad5a829,d52995b45662fcce8d8315823a2cb1d2190d357b72a206476814ec4096765bf6,61cb180285e0318f42651b6f153f48a8a47c45821896b352db2fcbca1dc2d2a7,353,986,442,461
486,in-house,558,CC1=C(CC(CCCC)CC)C=C(C2=CC=C(C3=NSN=C23)C4=CC(CC(CCCC)CC)=C(S4)C5=CC6=C(C7=C(C(C8=CC=C(S8)SC(CCCC)CC)=C6S5)C=C(C)S7)C9=CC=C(S9)SC(CCCC)CC)S1,c12cc3c(cc1C(c1c2sc2c1sc(c2)/C=C\1/C(=C(C#N)C#N)c2c(C1=O)cccc2)(c1ccc(cc1)CCCCCC)c1ccc(cc1)CCCCCC)c1c(C3(c2ccc(cc2)CCCCCC)c2ccc(cc2)CCCCCC)c2c(s1)cc(s2)/C=C\1/C(=C(C#N)C#N)c2c(C1=O)cccc2,8.28,CC1=C(CC(CCCC)CC)C=C(C2=CC=C(C3=NSN=C23)C4=CC(CC(CCCC)CC)=C(S4)C5=CC6=C(C7=C(C(C8=CC=C(S8)SC(CCCC)CC)=C6S5)C=C(C)S7)C9=CC=C(S9)SC(CCCC)CC)S1||c12cc3c(cc1C(c1c2sc2c1sc(c2)/C=C\1/C(=C(C#N)C#N)c2c(C1=O)cccc2)(c1ccc(cc1)CCCCCC)c1ccc(cc1)CCCCCC)c1c(C3(c2ccc(cc2)CCCCCC)c2ccc(cc2)CCCCCC)c2c(s1)cc(s2)/C=C\1/C(=C(C#N)C#N)c2c(C1=O)cccc2,bd31cd0b76e14c04a4c868f5f5243d63feeb41292290137ecfb7094495d79e47,202f8607af2cecb83e86b2e4305f8c7e2852bc709bb805b9055691d46a9081c5,933bad4492a6aaeb63299454cf5fc8938b832cda0e209ed6bd30df6b7b4e3ed2,ea4f64f9723f91e09409565f75600d77abfd7bf2665508b55e578375f1dbf54b,a698c0fbab9df719a034f36b1701ad61976911a9bea1b9c6f3fa20554f1a6be2,673,1080,767,462
487,in-house,559,O=C(C1=C(CCC(CCCC)CC)SC(CCC(CC)CCCC)=C1C2=O)C(C2=C(C3)C(C4)=CC=C4C5=CC6=C(C(C7=CC=C(CCC(CCCC)CC)S7)=C8C=CSC8=C6C9=CC=C(CCC(CCCC)CC)S9)S5)=C3C%10=CC=CS%10,O=C(/C(S/1)=C/C(C2=NSN=C32)=CC=C3C4=CC(SC5=C6C(C(C=C7)=CC=C7CCCCCC)(C(C=C8)=CC=C8CCCCCC)C(C5=C9)=CC%10=C9C(C%11=CC=C(CCCCCC)C=C%11)(C%12=CC=C(C=C%12)CCCCCC)C%13=C%10SC%14=C%13SC(C(C%15=NSN=C%16%15)=CC=C%16/C=C(C%17=O)\S/C(N%17CCCCCC)=C(C#N)/C#N)=C%14)=C6S4)N(CCCCCC)C1=C(C#N)\C#N,8.26,O=C(C1=C(CCC(CCCC)CC)SC(CCC(CC)CCCC)=C1C2=O)C(C2=C(C3)C(C4)=CC=C4C5=CC6=C(C(C7=CC=C(CCC(CCCC)CC)S7)=C8C=CSC8=C6C9=CC=C(CCC(CCCC)CC)S9)S5)=C3C%10=CC=CS%10||O=C(/C(S/1)=C/C(C2=NSN=C32)=CC=C3C4=CC(SC5=C6C(C(C=C7)=CC=C7CCCCCC)(C(C=C8)=CC=C8CCCCCC)C(C5=C9)=CC%10=C9C(C%11=CC=C(CCCCCC)C=C%11)(C%12=CC=C(C=C%12)CCCCCC)C%13=C%10SC%14=C%13SC(C(C%15=NSN=C%16%15)=CC=C%16/C=C(C%17=O)\S/C(N%17CCCCCC)=C(C#N)/C#N)=C%14)=C6S4)N(CCCCCC)C1=C(C#N)\C#N,6f31f3770fd225e382586e20513744e11a328b7cc74c758d48628417c600a02b,4da3cebe78c96a8bee5c1562cc09c06cd7e893c3670f05122be6e03840af6f22,a0acdf2ad7f0ed4bd72ea71895835293921b6c20e616e90ab1254463481ade12,15cf52e456acacfb4c3bd7ac271e1814fb18dac5b89c80a3cc74fd56dad955d2,97e001f840015da66161c01434b73a15bfcaef6ae9dba5491141af98822635a4,741,109,686,383
488,in-house,561,FC(C(F)=C(C1=NN(N=C21)CCC(CCCC)CCCCCC)C3=CC=C(S3)C)=C2C(S4)=CC=C4C5=CC(C(CCCC(CCCCCC)CCCC)=C6SC(C)=CC6=C7CCCC(CCCC)CCCCCC)=C7S5,O=C1C2=C(C=C(F)C(F)=C2)C(/C1=C/C(S3)=CC4=C3C(SC5=C6SC7=C5OC(C8=CC=C(CCCCCC)C=C8)(C9=CC=C(CCCCCC)C=C9)C%10=C7SC(/C=C%11/C(C(C=C(F)C(F)=C%12)=C%12C%11=O)=C(C#N)\C#N)=C%10)=C6OC4(C%13=CC=C(CCCCCC)C=C%13)C%14=CC=C(CCCCCC)C=C%14)=C(C#N)/C#N,8.25,FC(C(F)=C(C1=NN(N=C21)CCC(CCCC)CCCCCC)C3=CC=C(S3)C)=C2C(S4)=CC=C4C5=CC(C(CCCC(CCCCCC)CCCC)=C6SC(C)=CC6=C7CCCC(CCCC)CCCCCC)=C7S5||O=C1C2=C(C=C(F)C(F)=C2)C(/C1=C/C(S3)=CC4=C3C(SC5=C6SC7=C5OC(C8=CC=C(CCCCCC)C=C8)(C9=CC=C(CCCCCC)C=C9)C%10=C7SC(/C=C%11/C(C(C=C(F)C(F)=C%12)=C%12C%11=O)=C(C#N)\C#N)=C%10)=C6OC4(C%13=CC=C(CCCCCC)C=C%13)C%14=CC=C(CCCCCC)C=C%14)=C(C#N)/C#N,45e95ea37da5bc3e18f2c067cb95f73c851335176098d8fca22fcb29952b2779,6736e5e8962acf57e916d4fd26398c0fe28531637902f144f596ecb3b9a9743b,60c09edd69ea6ec193b8a03465dad09dac48326e6ba407b219f7ec78863e1c82,136417250b9d6ed5cfaa8e27073c73bf4e3bb31397a78fab5d20f2f6d20e6888,b0c4426d7c1d6fcf29f5c239c0649d7f5e6afd10d5ba3d71668dd2030a64ddf5,434,92,814,463
489,in-house,562,CC1=CC(C(C2=CC=C(S2)SCCCCCCCCCCCC)=C3SC(C4=CC=C(C5=C(C(F)=C(C6=NN(CC(CCCCCCCC)CCCCCC)N=C56)C7=CC=C(C)O7)F)O4)=CC3=C8C9=CC=C(SCCCCCCCCCCCC)S9)=C8S1,c12cc3c(cc1C(c1c2sc2c1sc(c2)/C=C\1/C(=C(C#N)C#N)c2c(C1=O)cccc2)(c1ccc(cc1)CCCCCC)c1ccc(cc1)CCCCCC)c1c(C3(c2ccc(cc2)CCCCCC)c2ccc(cc2)CCCCCC)c2c(s1)cc(s2)/C=C\1/C(=C(C#N)C#N)c2c(C1=O)cccc2,8.24,CC1=CC(C(C2=CC=C(S2)SCCCCCCCCCCCC)=C3SC(C4=CC=C(C5=C(C(F)=C(C6=NN(CC(CCCCCCCC)CCCCCC)N=C56)C7=CC=C(C)O7)F)O4)=CC3=C8C9=CC=C(SCCCCCCCCCCCC)S9)=C8S1||c12cc3c(cc1C(c1c2sc2c1sc(c2)/C=C\1/C(=C(C#N)C#N)c2c(C1=O)cccc2)(c1ccc(cc1)CCCCCC)c1ccc(cc1)CCCCCC)c1c(C3(c2ccc(cc2)CCCCCC)c2ccc(cc2)CCCCCC)c2c(s1)cc(s2)/C=C\1/C(=C(C#N)C#N)c2c(C1=O)cccc2,4497fd791f9cfe040b309345416d8ca7a84b0475c9b50055f1ef81aeda81f58e,202f8607af2cecb83e86b2e4305f8c7e2852bc709bb805b9055691d46a9081c5,b954a91b4a5a777cb22910a3f6ce17d14331918a0fd874aa7beafaf1500f67a4,ed7908cf2363a441fa2d23594b9d7b82d5beeee487a1795ca01df95bc20c46c8,2d80d4582cfdb1440eff6ab1ed00f5c028923b56329918a811c70a0e0035f119,875,1099,198,464
490,in-house,563,FC1=C(C2=CC=C(C3=CC4=C(C(C(C=C5)=CC=C5CC(CCCC)CC)=C6C=C(OC6=C4C(C=C7)=CC=C7CC(CC)CCCC)C)O3)S2)C8=NN(CC(CCCCCCCC)CCCCCC)N=C8C(C9=CC=C(C)S9)=C1F,O=C(C/1=C\C2=C(C3=C(S2)C(N4C5=CC=C(CCCCCC)C=C5)=C(C6=C4C7=C(C8=NSN=C68)C(SC9=C%10SC(/C=C%11C(C%12=CC(F)=C(C=C%12C\%11=C(C#N)/C#N)F)=O)=C9CCCCCCCCCCC)=C%10N7C%13=CC=C(CCCCCC)C=C%13)S3)CCCCCCCCCCC)C%14=CC(F)=C(F)C=C%14C1=C(C#N)/C#N,8.22,FC1=C(C2=CC=C(C3=CC4=C(C(C(C=C5)=CC=C5CC(CCCC)CC)=C6C=C(OC6=C4C(C=C7)=CC=C7CC(CC)CCCC)C)O3)S2)C8=NN(CC(CCCCCCCC)CCCCCC)N=C8C(C9=CC=C(C)S9)=C1F||O=C(C/1=C\C2=C(C3=C(S2)C(N4C5=CC=C(CCCCCC)C=C5)=C(C6=C4C7=C(C8=NSN=C68)C(SC9=C%10SC(/C=C%11C(C%12=CC(F)=C(C=C%12C\%11=C(C#N)/C#N)F)=O)=C9CCCCCCCCCCC)=C%10N7C%13=CC=C(CCCCCC)C=C%13)S3)CCCCCCCCCCC)C%14=CC(F)=C(F)C=C%14C1=C(C#N)/C#N,ed97929031a5a290acf5412c3611db2f212266556cd8e75045cfffab5e7dbcc1,3bc5e962960694d5a8c90d751d3f10c939059169c6882aed8bdcfb92d36d6776,840b517bb09e441613b387a242cc1714e4f5126ad5d8bced7d3b0b904080fd5d,5338462202804d657afdad9b4248913505ba6adb4870d2cd35651babf3b10422,7dd4335e84decc1a8d562aa7693ca2c00bd1f11695c3f9fb4572a290dcb7d1b8,601,397,573,465
491,in-house,564,CC1=CC2=C(C3=C(C(C4=CC=C(S4)C)=C2S1)C=C(C5=C(CC6CCCCC6)C=C(C7=C(C(C8=C(SC(CC(CCCC)CC)=C8C9=O)CC(CCCC)CC)=O)C9=C(C%10=CC(CC%11CCCCC%11)=C(S%10)C)S7)S5)S3)C%12=CC=C(S%12)C,c12cc3c(cc1C(c1c2sc2c1sc(c2)/C=C\1/C(=C(C#N)C#N)c2c(C1=O)cccc2)(c1ccc(cc1)CCCCCC)c1ccc(cc1)CCCCCC)c1c(C3(c2ccc(cc2)CCCCCC)c2ccc(cc2)CCCCCC)c2c(s1)cc(s2)/C=C\1/C(=C(C#N)C#N)c2c(C1=O)cccc2,8.21,CC1=CC2=C(C3=C(C(C4=CC=C(S4)C)=C2S1)C=C(C5=C(CC6CCCCC6)C=C(C7=C(C(C8=C(SC(CC(CCCC)CC)=C8C9=O)CC(CCCC)CC)=O)C9=C(C%10=CC(CC%11CCCCC%11)=C(S%10)C)S7)S5)S3)C%12=CC=C(S%12)C||c12cc3c(cc1C(c1c2sc2c1sc(c2)/C=C\1/C(=C(C#N)C#N)c2c(C1=O)cccc2)(c1ccc(cc1)CCCCCC)c1ccc(cc1)CCCCCC)c1c(C3(c2ccc(cc2)CCCCCC)c2ccc(cc2)CCCCCC)c2c(s1)cc(s2)/C=C\1/C(=C(C#N)C#N)c2c(C1=O)cccc2,4f538a2d344425a19fc843077e35c05d01416ad5f7b3540f54fd0b4479f2c87d,202f8607af2cecb83e86b2e4305f8c7e2852bc709bb805b9055691d46a9081c5,bbb62bcdf37d08cafbaaca37c6d747ab65a6b5fcd5767124d3c6cf60485634b6,2d8cddd6911c09729cb972d1a7a68760b3a63200d0352e99ad596e07991b3c03,50ef12f1be89e76e46f71941aaab2cc0ea0b7f1027cf6e5d48f1c21e64ff9386,887,219,361,466
492,in-house,566,CC1=CC=C(S1)C2=CC=C(S2)C(SC(C3=CC4=C(S3)C(SC(C5=CC(CC(CCCCCCCCCCCC)CCCCCCCCCC)=C(C)S5)=C6)=C6C7=NON=C47)=C8)=C8CC(CCCCCCCCCCCC)CCCCCCCCCC,N#C/C(C#N)=C(C1=CC=CC=C1C2=O)/C2=C/C3=CC4=C(C5=C(C=C6C(C(CCCCCC)(CCCCCC)C7=C6SC(/C=C8/C(C9=CC=CC=C9C8=O)=C(C#N)/C#N)=C7)=C5)C4(CCCCCC)CCCCCC)S3,8.19,CC1=CC=C(S1)C2=CC=C(S2)C(SC(C3=CC4=C(S3)C(SC(C5=CC(CC(CCCCCCCCCCCC)CCCCCCCCCC)=C(C)S5)=C6)=C6C7=NON=C47)=C8)=C8CC(CCCCCCCCCCCC)CCCCCCCCCC||N#C/C(C#N)=C(C1=CC=CC=C1C2=O)/C2=C/C3=CC4=C(C5=C(C=C6C(C(CCCCCC)(CCCCCC)C7=C6SC(/C=C8/C(C9=CC=CC=C9C8=O)=C(C#N)/C#N)=C7)=C5)C4(CCCCCC)CCCCCC)S3,542258326ce839e462eabd0c9566cada606b504893f47edf559c20e466b61636,0cc00e1ba2d95fe8288dc072edf395ee6fc3678daa4e12f6703c7be7d2c5a409,cd75b3c3b25adc488bc0802124eee32f41b08db5c6e9984652a5aa66f948259f,6fa19a6f49937c510dc8e34943cda96c0d14b8c8b6efa0efe075cb5f2f9c3549,a18cf14c490be4b6db7044dc99d75b3fe7e0c4ba524e1ff38bdd2491eae04778,980,543,736,467
493,in-house,567,FC1=C(C(OCC(CCCC)CC)=O)SC2=CSC(C3=CC4=C(C5=C(C(C6=CC=C(CC(CC)CCCC)S6)=C4S3)C=CS5)C7=CC=C(CC(CC)CCCC)S7)=C12,S=C(N(C/1=O)CC)SC1=C/C(S2)=CC=C2C(C3=NSN=C3C(C4=CC=C(S4)/C=C5SC(N(C\5=O)CC)=S)=C6OCCCCCC)=C6OCCCCCC,8.19,FC1=C(C(OCC(CCCC)CC)=O)SC2=CSC(C3=CC4=C(C5=C(C(C6=CC=C(CC(CC)CCCC)S6)=C4S3)C=CS5)C7=CC=C(CC(CC)CCCC)S7)=C12||S=C(N(C/1=O)CC)SC1=C/C(S2)=CC=C2C(C3=NSN=C3C(C4=CC=C(S4)/C=C5SC(N(C\5=O)CC)=S)=C6OCCCCCC)=C6OCCCCCC,2249a87c8fc0450476e55f070a85b71ffa6beb368356c28f1302bad8bac422cb,5847951d6ab75777acbaad206d376bee07ebba29ae6e3476ba52e131c1ff47cc,d23481f9dd685054705d727fb123281bf5111ea27f2db04401653a50e9499db6,43fb7ba1605c9682b6e29a730f615df0cb7b943cc0a224e57618e4c0d1bafc5e,b0c22f17362919b342216dfecd40c69395bb0936a7a8cd06651b261fd35a7e7a,1001,324,813,468
494,in-house,568,CC(SC1=C(C2=C3SC(C4=CC5C(C=C(C6=C7C(C(N(CC(CCCCCCCC)CCCCCCCCCC)C7=O)=O)=C(C8=CC(SC(C(SC9=C(C%10=C%11SC(C%12=C%13C(C(F)=C(C(OCC(CC)CCCC)=O)S%13)=C(C)S%12)=C%10)C%14=CC=C(CC(CCCC)CC)S%14)=CC9=C%11C%15=CC=C(CC(CCCC)CC)S%15)=C%16)C%16S8)N6CCCCCCCC)S5)S4)=C2)C%17=CC=C(CC(CCCC)CC)S%17)=CC1=C3C%18=CC=C(CC(CCCC)CC)S%18,c12cc3c(cc1C(c1c2sc2c1sc(c2)/C=C\1/C(=C(C#N)C#N)c2c(C1=O)cccc2)(c1ccc(cc1)CCCCCC)c1ccc(cc1)CCCCCC)c1c(C3(c2ccc(cc2)CCCCCC)c2ccc(cc2)CCCCCC)c2c(s1)cc(s2)/C=C\1/C(=C(C#N)C#N)c2c(C1=O)cccc2,8.18,CC(SC1=C(C2=C3SC(C4=CC5C(C=C(C6=C7C(C(N(CC(CCCCCCCC)CCCCCCCCCC)C7=O)=O)=C(C8=CC(SC(C(SC9=C(C%10=C%11SC(C%12=C%13C(C(F)=C(C(OCC(CC)CCCC)=O)S%13)=C(C)S%12)=C%10)C%14=CC=C(CC(CCCC)CC)S%14)=CC9=C%11C%15=CC=C(CC(CCCC)CC)S%15)=C%16)C%16S8)N6CCCCCCCC)S5)S4)=C2)C%17=CC=C(CC(CCCC)CC)S%17)=CC1=C3C%18=CC=C(CC(CCCC)CC)S%18||c12cc3c(cc1C(c1c2sc2c1sc(c2)/C=C\1/C(=C(C#N)C#N)c2c(C1=O)cccc2)(c1ccc(cc1)CCCCCC)c1ccc(cc1)CCCCCC)c1c(C3(c2ccc(cc2)CCCCCC)c2ccc(cc2)CCCCCC)c2c(s1)cc(s2)/C=C\1/C(=C(C#N)C#N)c2c(C1=O)cccc2,9c47c2287213d16dbbee1a947a365892c8cefae4464964f46648235935f72475,202f8607af2cecb83e86b2e4305f8c7e2852bc709bb805b9055691d46a9081c5,017e12c7f0412810ae493f8fc411b1b9dbb1aa93dab92987994da30129de7e26,663a025ac176557d731062233a97b1310407632eb4ac8a6a667dd23050b946da,44e3cea1a89e1e95673a162d8fec501b1e3c91b85c30ffa32624061e4da605d6,4,488,304,469
495,in-house,569,O=C(C1=C(CCC(CCCC)CC)SC(CCC(CC)CCCC)=C1C2=O)C(C2=C(C3)C(C4)=CC=C4C5=CC6=C(C(C7=CC=C(CCC(CCCC)CC)S7)=C8C=CSC8=C6C9=CC=C(CCC(CCCC)CC)S9)S5)=C3C%10=CC=CS%10,CCCCCC[Si]1(CCCCCC)C2=C(C=C3[Si](CCCCCC)(CCCCCC)C4=C(SC(/C=C5C(C(C=CC=C6)=C6C/5=C(C#N)/C#N)=O)=C4)C3=C2)C(S7)=C1C=C7/C=C(C(C8=C9C=CC=C8)=O)\C9=C(C#N)\C#N,8.16,O=C(C1=C(CCC(CCCC)CC)SC(CCC(CC)CCCC)=C1C2=O)C(C2=C(C3)C(C4)=CC=C4C5=CC6=C(C(C7=CC=C(CCC(CCCC)CC)S7)=C8C=CSC8=C6C9=CC=C(CCC(CCCC)CC)S9)S5)=C3C%10=CC=CS%10||CCCCCC[Si]1(CCCCCC)C2=C(C=C3[Si](CCCCCC)(CCCCCC)C4=C(SC(/C=C5C(C(C=CC=C6)=C6C/5=C(C#N)/C#N)=O)=C4)C3=C2)C(S7)=C1C=C7/C=C(C(C8=C9C=CC=C8)=O)\C9=C(C#N)\C#N,6f31f3770fd225e382586e20513744e11a328b7cc74c758d48628417c600a02b,d96cd68db58eaaf577eab9b748c3827c298984becc2c7378408eb6fec0fc308e,bfd117df436a3b2ab298cd63ddb994f8e9b17c37375ad76f9cf327d85a56cf8e,df595c4cd42c1fdcc458a9bc5aa2cce13a4546c4626f99e3143b6c39c00e711e,a3e8a3b4158409abd82ce0c9f8c9f316f89ca496bfaa36dbd197571100208ee9,910,1026,750,470
496,in-house,571,CC1=CC(C(S1)=C(C2=C3SC(C4=CC=C(C5=C6C(C(N5CC(CCCCCC)CCCC)=O)=C(C7=CC=C(C)S7)N(CC(CCCC)CCCCCC)C6=O)S4)=C2)C8=CC=C(S8)CC(CCCC)CC)=C3C9=CC=C(CC(CC)CCCC)S9,FC1=CC2=C(C(/C(C2=O)=C/C3=CC(OCC(CC)CCCC)=C(S3)C4=CC5=C(S4)C6=CC(C7(C8=CC=C(CCCCCC)C=C8)C9=CC=C(CCCCCC)C=C9)=C(C%10=C7C=C(S%10)C%11=C(OCC(CC)CCCC)C=C(S%11)/C=C(/C(C%12=C%13C=C(F)C(F)=C%12)=C(C#N)\C#N)C%13=O)C=C6C5(C%14=CC=C(CCCCCC)C=C%14)C%15=CC=C(CCCCCC)C=C%15)=C(C#N)/C#N)C=C1F,8.14,CC1=CC(C(S1)=C(C2=C3SC(C4=CC=C(C5=C6C(C(N5CC(CCCCCC)CCCC)=O)=C(C7=CC=C(C)S7)N(CC(CCCC)CCCCCC)C6=O)S4)=C2)C8=CC=C(S8)CC(CCCC)CC)=C3C9=CC=C(CC(CC)CCCC)S9||FC1=CC2=C(C(/C(C2=O)=C/C3=CC(OCC(CC)CCCC)=C(S3)C4=CC5=C(S4)C6=CC(C7(C8=CC=C(CCCCCC)C=C8)C9=CC=C(CCCCCC)C=C9)=C(C%10=C7C=C(S%10)C%11=C(OCC(CC)CCCC)C=C(S%11)/C=C(/C(C%12=C%13C=C(F)C(F)=C%12)=C(C#N)\C#N)C%13=O)C=C6C5(C%14=CC=C(CCCCCC)C=C%14)C%15=CC=C(CCCCCC)C=C%15)=C(C#N)/C#N)C=C1F,260f404ef04c4d8b331f502aa616de9b4e55e13a624dc07cb015a27913b098e1,0a6189846e89cf828a3f20d50d9d712b7538b2d40776aced38f06bfa2a63caa3,63efef4a6b9bd349d6929648490e3fed8df4f62587020cea9240d56cfee31956,743af2cd759d19dfc011e610ee341b0bf58667d1e034de9338635d778f39c8d2,9e5b1d73150ae4326bb5ece3425f16a347a548ee58ed09ca1f03c53b6873550a,452,562,724,471
497,in-house,572,FC(C(F)=C(C1=NC(C2=CC=C(C(OCCCCCCCC)=C2)OCCCCCCCC)=C(N=C31)C(C=C4)=CC(OCCCCCCCC)=C4OCCCCCCCC)C)=C3C(S5)=CC=C5C6=CC=C(C7=CC=C(C)S7)S6,c12cc3c(cc1C(c1c2sc2c1sc(c2)/C=C\1/C(=C(C#N)C#N)c2c(C1=O)cccc2)(c1ccc(cc1)CCCCCC)c1ccc(cc1)CCCCCC)c1c(C3(c2ccc(cc2)CCCCCC)c2ccc(cc2)CCCCCC)c2c(s1)cc(s2)/C=C\1/C(=C(C#N)C#N)c2c(C1=O)cccc2,8.13,FC(C(F)=C(C1=NC(C2=CC=C(C(OCCCCCCCC)=C2)OCCCCCCCC)=C(N=C31)C(C=C4)=CC(OCCCCCCCC)=C4OCCCCCCCC)C)=C3C(S5)=CC=C5C6=CC=C(C7=CC=C(C)S7)S6||c12cc3c(cc1C(c1c2sc2c1sc(c2)/C=C\1/C(=C(C#N)C#N)c2c(C1=O)cccc2)(c1ccc(cc1)CCCCCC)c1ccc(cc1)CCCCCC)c1c(C3(c2ccc(cc2)CCCCCC)c2ccc(cc2)CCCCCC)c2c(s1)cc(s2)/C=C\1/C(=C(C#N)C#N)c2c(C1=O)cccc2,9be3a799f36f109765d4e8ae36f25d89a41b7dc77ec671142a87b7cccdfb57b1,202f8607af2cecb83e86b2e4305f8c7e2852bc709bb805b9055691d46a9081c5,89c6015e4a31fc08e4f224f0c61ddf0e1d76d909f32e156e361ec86ad7ae6f83,bdf416a30abb5e0648c943431d21011dfa80e4326f286f48ce0e13a1899e8b6e,8b1574aa815a0e8871419fb9c94c23e58f627372fbf109f57229b7ca94c5c1fc,626,875,627,472
498,in-house,573,O=C(C1=C(CCC(CCCC)CC)SC(CCC(CC)CCCC)=C1C2=O)C(C2=C(C3)C(C4)=CC=C4C5=CC6=C(C(C7=CC=C(CCC(CCCC)CC)S7)=C8C=CSC8=C6C9=CC=C(CCC(CCCC)CC)S9)S5)=C3C%10=CC=CS%10,n1(c(=O)/c(=C/c2c3c(c(cc2)c2sc4c(c2)C(c2c4cc4c(c2)c2c(C4(c4ccc(cc4)CCCCCC)c4ccc(cc4)CCCCCC)cc(s2)c2ccc(c4c2nsn4)/C=c/2\sc(=C(C#N)C#N)n(c2=O)CC)(c2ccc(cc2)CCCCCC)c2ccc(cc2)CCCCCC)nsn3)/sc1=C(C#N)C#N)CC,8.13,O=C(C1=C(CCC(CCCC)CC)SC(CCC(CC)CCCC)=C1C2=O)C(C2=C(C3)C(C4)=CC=C4C5=CC6=C(C(C7=CC=C(CCC(CCCC)CC)S7)=C8C=CSC8=C6C9=CC=C(CCC(CCCC)CC)S9)S5)=C3C%10=CC=CS%10||n1(c(=O)/c(=C/c2c3c(c(cc2)c2sc4c(c2)C(c2c4cc4c(c2)c2c(C4(c4ccc(cc4)CCCCCC)c4ccc(cc4)CCCCCC)cc(s2)c2ccc(c4c2nsn4)/C=c/2\sc(=C(C#N)C#N)n(c2=O)CC)(c2ccc(cc2)CCCCCC)c2ccc(cc2)CCCCCC)nsn3)/sc1=C(C#N)C#N)CC,6f31f3770fd225e382586e20513744e11a328b7cc74c758d48628417c600a02b,f2528a17d4a51c10ba92e92f40c583249f6abcef70ee40862cfde9b0b05df0aa,7e587ee8fc2b02dcfba1fb4bcd3b6c6bc59a3b9d299c29ebc2057805dfd8437c,428ba638d2de72f773cf7c6a34c65ed27200fa7b687b943474ee84f915d921a9,42881ea74e656da4706cfc3b7a871f5117c044313d9e01b275802d8e108baaa7,576,320,293,473
499,in-house,574,O=C(C1=C(CCC(CCCC)CC)SC(CCC(CC)CCCC)=C1C2=O)C(C2=C(C3)C(C4)=CC=C4C5=CC6=C(C(C7=CC=C(CCC(CCCC)CC)S7)=C8C=CSC8=C6C9=CC=C(CCC(CCCC)CC)S9)S5)=C3C%10=CC=CS%10,O=C(C1=C(C=C(F)C(F)=C1)C/2=C(C#N)\C#N)C2=C/C3=CC(C4(C(C=C5)=CC=C5CCCCCC)C(C=C6)=CC=C6CCCCCC)=C(C(SC7=C8)=C4C7=CC9=C8C%10=C(C(SC(/C=C%11/C(C(C=C(F)C(F)=C%12)=C%12C%11=O)=C(C#N)/C#N)=C%13)=C%13C%10(C(C=C%14)=CC=C%14CCCCCC)C%15=CC=C(C=C%15)CCCCCC)S9)S3,8.12,O=C(C1=C(CCC(CCCC)CC)SC(CCC(CC)CCCC)=C1C2=O)C(C2=C(C3)C(C4)=CC=C4C5=CC6=C(C(C7=CC=C(CCC(CCCC)CC)S7)=C8C=CSC8=C6C9=CC=C(CCC(CCCC)CC)S9)S5)=C3C%10=CC=CS%10||O=C(C1=C(C=C(F)C(F)=C1)C/2=C(C#N)\C#N)C2=C/C3=CC(C4(C(C=C5)=CC=C5CCCCCC)C(C=C6)=CC=C6CCCCCC)=C(C(SC7=C8)=C4C7=CC9=C8C%10=C(C(SC(/C=C%11/C(C(C=C(F)C(F)=C%12)=C%12C%11=O)=C(C#N)/C#N)=C%13)=C%13C%10(C(C=C%14)=CC=C%14CCCCCC)C%15=CC=C(C=C%15)CCCCCC)S9)S3,6f31f3770fd225e382586e20513744e11a328b7cc74c758d48628417c600a02b,5a50743e7550aad0c262205fb50e3c0e8d08de60b9b67d5600322eff19eee597,ab129fc7822758ff5d30ff171e6d33afca3d0c09a96570bf0dd92646e9ae67d5,44946bb213a0c0cb52a663f1efa05a35b44f3895a4763bf243fb55c7dab1267d,9afef1f51dfb843fc931943f78be84d86266d2ac7e69727b7407390282ad9727,795,327,704,474
500,in-house,575,CC1=C(C2=C(S1)C=C(C3=C(C4=C(S3)C5=CC6=C(C(CCCCCCCC)=C(S6)C7=CC8=C(C9=CC=C(SCC(CC)CCCC)S9)C=C%10C%11=C(C=C(S%11)C)C(C%12=CC=C(SCC(CC)CCCC)S%12)=CC%10=C8S7)S5)C(C%13=C(CC(CCCC)CC)SC(CC(CC)CCCC)=C%13C4=O)=O)S2)CCCCCCCC,N#C/C(C#N)=C(C1=CC=CC=C1C2=O)/C2=C/C3=CC4=C(C5=C(C=C6C(C(CCCCCC)(CCCCCC)C7=C6SC(/C=C8/C(C9=CC=CC=C9C8=O)=C(C#N)/C#N)=C7)=C5)C4(CCCCCC)CCCCCC)S3,8.12,CC1=C(C2=C(S1)C=C(C3=C(C4=C(S3)C5=CC6=C(C(CCCCCCCC)=C(S6)C7=CC8=C(C9=CC=C(SCC(CC)CCCC)S9)C=C%10C%11=C(C=C(S%11)C)C(C%12=CC=C(SCC(CC)CCCC)S%12)=CC%10=C8S7)S5)C(C%13=C(CC(CCCC)CC)SC(CC(CC)CCCC)=C%13C4=O)=O)S2)CCCCCCCC||N#C/C(C#N)=C(C1=CC=CC=C1C2=O)/C2=C/C3=CC4=C(C5=C(C=C6C(C(CCCCCC)(CCCCCC)C7=C6SC(/C=C8/C(C9=CC=CC=C9C8=O)=C(C#N)/C#N)=C7)=C5)C4(CCCCCC)CCCCCC)S3,a9e269e99906a1caa57bf8e123499f0f919a24f430004c540a082f984b9d136d,0cc00e1ba2d95fe8288dc072edf395ee6fc3678daa4e12f6703c7be7d2c5a409,aa09fb98f6d835fc020f44b368026be62b912594cb4563988dac9410973852c6,0d13f5e760c4215ceb32537b327ffc85a40f1137f53c1975821c9739bbc585f5,5e1acd2634b8b9155fa88e49f7d5d49060b60f9cd9642f92ae521ca931941c51,785,65,425,475
501,in-house,576,FC(C(F)=C(C1=NN(N=C21)CCC(CCCC)CCCCCC)C3=CC=C(S3)C)=C2C(S4)=CC=C4C5=CC(C(CCCC(CCCCCC)CCCC)=C6SC(C)=CC6=C7CCCC(CCCC)CCCCCC)=C7S5,c1cc2c(cc1)C(=O)/C(=C\c1cc3c(s1)c1c(C3(c3ccc(cc3)CCCCCC)c3ccc(cc3)CCCCCC)c3c(s1)cc1c(c3)sc3c1C(c1c3sc(c1)/C=C/1\C(=O)c3c(C1=C(C#N)C#N)cccc3)(c1ccc(cc1)CCCCCC)c1ccc(cc1)CCCCCC)/C2=C(C#N)C#N,8.11,FC(C(F)=C(C1=NN(N=C21)CCC(CCCC)CCCCCC)C3=CC=C(S3)C)=C2C(S4)=CC=C4C5=CC(C(CCCC(CCCCCC)CCCC)=C6SC(C)=CC6=C7CCCC(CCCC)CCCCCC)=C7S5||c1cc2c(cc1)C(=O)/C(=C\c1cc3c(s1)c1c(C3(c3ccc(cc3)CCCCCC)c3ccc(cc3)CCCCCC)c3c(s1)cc1c(c3)sc3c1C(c1c3sc(c1)/C=C/1\C(=O)c3c(C1=C(C#N)C#N)cccc3)(c1ccc(cc1)CCCCCC)c1ccc(cc1)CCCCCC)/C2=C(C#N)C#N,45e95ea37da5bc3e18f2c067cb95f73c851335176098d8fca22fcb29952b2779,fccd9469e6ad6b5ec1899ac6ac224940a70adb353dab04f5475171d72d654a42,ecd3275e4ed6e25e9dc55479e3a0128f3215ab4adc4e5cabbac79028f539f260,3395fa83f056fe9a07864c82734d53008ad1d55293277ce6e3338e1f6bf5d7e0,4f6eba5dc3f020affe6b84917d888c887bfaccdafac6e9b9c4f53743a1921fde,1115,264,349,476
502,in-house,577,c1(c2c3c(c(c4c2cc(s4)c2c(cc(s2)c2c(c(c(c4c2nsn4)c2cc(cs2)C[C@@H](CCCCCCCCCC)CCCCCCCC)F)F)C[C@H](CCCCCCCC)CCCCCCCCCC)c2ccc(s2)[Si](CCC)(CCC)CCC)ccs3)ccc(s1)[Si](CCC)(CCC)CCC,N#C/C(C#N)=C(C1=CC=CC=C1C2=O)/C2=C/C3=CC4=C(C5=C(C=C6C(C(CCCCCC)(CCCCCC)C7=C6SC(/C=C8/C(C9=CC=CC=C9C8=O)=C(C#N)/C#N)=C7)=C5)C4(CCCCCC)CCCCCC)S3,8.11,c1(c2c3c(c(c4c2cc(s4)c2c(cc(s2)c2c(c(c(c4c2nsn4)c2cc(cs2)C[C@@H](CCCCCCCCCC)CCCCCCCC)F)F)C[C@H](CCCCCCCC)CCCCCCCCCC)c2ccc(s2)[Si](CCC)(CCC)CCC)ccs3)ccc(s1)[Si](CCC)(CCC)CCC||N#C/C(C#N)=C(C1=CC=CC=C1C2=O)/C2=C/C3=CC4=C(C5=C(C=C6C(C(CCCCCC)(CCCCCC)C7=C6SC(/C=C8/C(C9=CC=CC=C9C8=O)=C(C#N)/C#N)=C7)=C5)C4(CCCCCC)CCCCCC)S3,b42ea0ae3741b97555d1816df9457f759351b16ad3083a679b53283d83ef14af,0cc00e1ba2d95fe8288dc072edf395ee6fc3678daa4e12f6703c7be7d2c5a409,37e10e8e8f9262212d28589424ac17c780c94fcd893a704f7556ef6969f6090f,7b46e4804a001e4aff7d0e08bcf24b09db8c8beb9df0b63d061f023f1d231f3a,b61efdc7e0d949aa09d7e56842e1b7e5b67dbc134d0d90c087451877e517f4ec,245,590,842,477
503,in-house,579,O=C(C1=C(CCC(CCCC)CC)SC(CCC(CC)CCCC)=C1C2=O)C(C2=C(C3)C(C4)=CC=C4C5=CC6=C(C(C7=CC=C(CCC(CCCC)CC)S7)=C8C=CSC8=C6C9=CC=C(CCC(CCCC)CC)S9)S5)=C3C%10=CC=CS%10,O=C(C1=C(C=C(F)C=C1)C/2=C(C#N)\C#N)C2=C/C3=CC4=C(C(C=C(C=C(C(C5=CC=C(C=C5)CCCCCC)(C6=C7SC(/C=C8C(C9=C(C=C(F)C=C9)C\8=C(C#N)\C#N)=O)=C6)C%10=CC=C(C=C%10)CCCCCC)C7=C%11)C%11=C%12)=C%12C4(C%13=CC=C(CCCCCC)C=C%13)C%14=CC=C(CCCCCC)C=C%14)C3,8.1,O=C(C1=C(CCC(CCCC)CC)SC(CCC(CC)CCCC)=C1C2=O)C(C2=C(C3)C(C4)=CC=C4C5=CC6=C(C(C7=CC=C(CCC(CCCC)CC)S7)=C8C=CSC8=C6C9=CC=C(CCC(CCCC)CC)S9)S5)=C3C%10=CC=CS%10||O=C(C1=C(C=C(F)C=C1)C/2=C(C#N)\C#N)C2=C/C3=CC4=C(C(C=C(C=C(C(C5=CC=C(C=C5)CCCCCC)(C6=C7SC(/C=C8C(C9=C(C=C(F)C=C9)C\8=C(C#N)\C#N)=O)=C6)C%10=CC=C(C=C%10)CCCCCC)C7=C%11)C%11=C%12)=C%12C4(C%13=CC=C(CCCCCC)C=C%13)C%14=CC=C(CCCCCC)C=C%14)C3,6f31f3770fd225e382586e20513744e11a328b7cc74c758d48628417c600a02b,955dc6d9f28102be4b654a7faf4f948b8211e078e635f21e6a71a83bf950820c,bdc76f5666a4a4e76632e7e8827d65febe8385bcb4e5301cc3fdd19eee6d11b4,64f5347c3e509270d735412ed644315d645cc7fb963c81497b89d92b22ad0fd2,afa49a3d317ed2ebc32122a55891ab7f066a1896968df918499d112fb6839943,903,482,803,478
504,in-house,581,c1csc2c1c(c1c(c2c2cc(c(s2)CCCCCCCC)CCCCCCCC)cc(s1)c1sc(c(c1)CCCCCC)c1sc2c(n1)sc(n2)c1sccc1CCCCCC)c1cc(c(s1)CCCCCCCC)CCCCCCCC,c12cc3c(cc1C(c1c2sc2c1sc(c2)/C=C\1/C(=C(C#N)C#N)c2c(C1=O)cccc2)(c1ccc(cc1)CCCCCC)c1ccc(cc1)CCCCCC)c1c(C3(c2ccc(cc2)CCCCCC)c2ccc(cc2)CCCCCC)c2c(s1)cc(s2)/C=C\1/C(=C(C#N)C#N)c2c(C1=O)cccc2,8.05,c1csc2c1c(c1c(c2c2cc(c(s2)CCCCCCCC)CCCCCCCC)cc(s1)c1sc(c(c1)CCCCCC)c1sc2c(n1)sc(n2)c1sccc1CCCCCC)c1cc(c(s1)CCCCCCCC)CCCCCCCC||c12cc3c(cc1C(c1c2sc2c1sc(c2)/C=C\1/C(=C(C#N)C#N)c2c(C1=O)cccc2)(c1ccc(cc1)CCCCCC)c1ccc(cc1)CCCCCC)c1c(C3(c2ccc(cc2)CCCCCC)c2ccc(cc2)CCCCCC)c2c(s1)cc(s2)/C=C\1/C(=C(C#N)C#N)c2c(C1=O)cccc2,7ef4e8f49637126dc67c9159eaedd500d4beeced87b4940d8372cd582ad7778e,202f8607af2cecb83e86b2e4305f8c7e2852bc709bb805b9055691d46a9081c5,3ccb96d661b1bc60a939aa5cceda9ff3bd55e875a019391eff454c39e7a4a162,64a5b4dca4788de7854f7fd4f219805ac2c8f5d2c2d6c58074f169c2ca54fd6b,a315853769ee34dd855ab7745d40e5d4933769e8f55b8565cb952a38d90a005e,271,480,743,479
505,in-house,582,FC(C(F)=C(C1=N2)C3=CC=C(S3)C4=CC5=C(C6=C(C(C(C=C7)=CC=C7C(C=C8)=CC=C8[O]CC(CCCCCC)CCCCCCCC)=C5S4)C=C(C)S6)C9=CC=C(C=C9)C%10=CC=C(C=C%10)[O]CC(CCCCCC)CCCCCCCC)=C(C%11=CC=C(C)S%11)C1=NN2CCC(CCCCCC)CCCCCCCC,c12cc3c(cc1C(c1c2sc2c1sc(c2)/C=C\1/C(=C(C#N)C#N)c2c(C1=O)cccc2)(c1ccc(cc1)CCCCCC)c1ccc(cc1)CCCCCC)c1c(C3(c2ccc(cc2)CCCCCC)c2ccc(cc2)CCCCCC)c2c(s1)cc(s2)/C=C\1/C(=C(C#N)C#N)c2c(C1=O)cccc2,8.03,FC(C(F)=C(C1=N2)C3=CC=C(S3)C4=CC5=C(C6=C(C(C(C=C7)=CC=C7C(C=C8)=CC=C8[O]CC(CCCCCC)CCCCCCCC)=C5S4)C=C(C)S6)C9=CC=C(C=C9)C%10=CC=C(C=C%10)[O]CC(CCCCCC)CCCCCCCC)=C(C%11=CC=C(C)S%11)C1=NN2CCC(CCCCCC)CCCCCCCC||c12cc3c(cc1C(c1c2sc2c1sc(c2)/C=C\1/C(=C(C#N)C#N)c2c(C1=O)cccc2)(c1ccc(cc1)CCCCCC)c1ccc(cc1)CCCCCC)c1c(C3(c2ccc(cc2)CCCCCC)c2ccc(cc2)CCCCCC)c2c(s1)cc(s2)/C=C\1/C(=C(C#N)C#N)c2c(C1=O)cccc2,8cc723ac82c52f880acf564b858ff3572f1a845b5a72f0450c5e323937104296,202f8607af2cecb83e86b2e4305f8c7e2852bc709bb805b9055691d46a9081c5,0d73f49dbb0aa67bfb56b46c59a39c78d08b3d085ac5c068496c18fae83ed00b,0a39cc10735fa4bf5ef9f1b5157d228463920c231b60a0da9173a3189d737741,4353294b75e9f8ef2a982c59f0c4dfd9c72289e7b53024ad4970f82f48256a53,63,53,294,480
506,in-house,583,O=C(C1=C(F)C2=C(C)SC(C3=CC4=C(C5=C(C(C6=CC=C(CCCCCCCC)S6)=C4S3)C=C(C)S5)C7=CC=C(CCCCCCCC)S7)=C2S1)[O]CCCCCCCC,O=C(C1=CC=CC=C1C/2=C(C#N)\C#N)C2=C/C3=CC4=C(C(C(C5=CC=C(CCCCCC)S5)(C6=C7C=C8C(C9=CC=C(S9)CCCCCC)(C%10=CC=C(S%10)CCCCCC)C%11=C(SC%12=C%11SC(/C=C%13C(C%14=CC=CC=C%14C\%13=C(C#N)\C#N)=O)=C%12)C8=C6)C(S%15)=CC=C%15CCCCCC)=C7S4)S3,8.02,O=C(C1=C(F)C2=C(C)SC(C3=CC4=C(C5=C(C(C6=CC=C(CCCCCCCC)S6)=C4S3)C=C(C)S5)C7=CC=C(CCCCCCCC)S7)=C2S1)[O]CCCCCCCC||O=C(C1=CC=CC=C1C/2=C(C#N)\C#N)C2=C/C3=CC4=C(C(C(C5=CC=C(CCCCCC)S5)(C6=C7C=C8C(C9=CC=C(S9)CCCCCC)(C%10=CC=C(S%10)CCCCCC)C%11=C(SC%12=C%11SC(/C=C%13C(C%14=CC=CC=C%14C\%13=C(C#N)\C#N)=O)=C%12)C8=C6)C(S%15)=CC=C%15CCCCCC)=C7S4)S3,534bb6d02aac8e9c30d399cde3f39bd846e1201cccf5ea56315fc2c8cd716a3c,324d6e5b76a9400503a81056ec0f63ac76d712428565dd1fa4bf1871d8f66e0c,ab41662ad4d9436995f1972cf570073f49085d62f99dc363ebc30ead5081489c,cf24de4f5fbf9354f855a89cc221e60c6a0de2022ec58c6ed13472a058b12027,7c31e3849ffe9b13229eac72936a6e3c4f7b49dfdf39fb0892952e405132978c,796,953,565,481
507,in-house,584,O=C(C1=C(CCC(CCCC)CC)SC(CCC(CC)CCCC)=C1C2=O)C(C2=C(C3)C(C4)=CC=C4C5=CC6=C(C(C7=CC=C(CCC(CCCC)CC)S7)=C8C=CSC8=C6C9=CC=C(CCC(CCCC)CC)S9)S5)=C3C%10=CC=CS%10,O=C1C(/C(C2=C1C=CC=C2)=C(C#N)/C#N)=C\C3=CC=C(S3)C4=CC=C(S4)C5=CC=C6C(C(CC(CCCC)CC)(C7=C6SC(C8=CC=C(S8)/C=C9C(C(C=CC=C%10)=C%10C\9=C(C#N)\C#N)=O)=C7)CC(CCCC)CC)=C5,8.0,O=C(C1=C(CCC(CCCC)CC)SC(CCC(CC)CCCC)=C1C2=O)C(C2=C(C3)C(C4)=CC=C4C5=CC6=C(C(C7=CC=C(CCC(CCCC)CC)S7)=C8C=CSC8=C6C9=CC=C(CCC(CCCC)CC)S9)S5)=C3C%10=CC=CS%10||O=C1C(/C(C2=C1C=CC=C2)=C(C#N)/C#N)=C\C3=CC=C(S3)C4=CC=C(S4)C5=CC=C6C(C(CC(CCCC)CC)(C7=C6SC(C8=CC=C(S8)/C=C9C(C(C=CC=C%10)=C%10C\9=C(C#N)\C#N)=O)=C7)CC(CCCC)CC)=C5,6f31f3770fd225e382586e20513744e11a328b7cc74c758d48628417c600a02b,39c8a0f47f19701a24ebbf8614e8f6ba0494373a435e08036ea0a0fc07d79af5,b3d5716646ddfed9c2f4a2f1a7489b1842b22e055905648ae76d707485d7d829,077de14b6eb03b008943906e83ba31183b832c0af465dca57cb4d7ffe2742635,1f7e7ae3ba158cb4a549ef774d93a6035bca5a7553bf846c67cfabc9a1e86448,836,35,133,482
508,in-house,585,CC1=CC=C(S1)C2=C(C(F)=C(C3=NSN=C23)C4=CC=C(S4)C5=C(CC(CCCCCC)CCCCCCCC)C=C(C6=C(CC(CCCCCCCC)CCCCCC)C=C(C(C7=NSN=C78)=C(C(F)=C8C9=CC(CC(CCCCCC)CCCCCCCC)=C(C%10=CC(CC(CCCCCC)CCCCCCCC)=C(C)S%10)S9)F)S6)S5)F,O=C(C1=CC=CC=C1C/2=C(C#N)\C#N)C2=C/C3=CC4=C(C(C(C5=CC=C(CCCCCC)S5)(C6=C7C=C8C(C9=CC=C(S9)CCCCCC)(C%10=CC=C(S%10)CCCCCC)C%11=C(SC%12=C%11SC(/C=C%13C(C%14=CC=CC=C%14C\%13=C(C#N)\C#N)=O)=C%12)C8=C6)C(S%15)=CC=C%15CCCCCC)=C7S4)S3,8.0,CC1=CC=C(S1)C2=C(C(F)=C(C3=NSN=C23)C4=CC=C(S4)C5=C(CC(CCCCCC)CCCCCCCC)C=C(C6=C(CC(CCCCCCCC)CCCCCC)C=C(C(C7=NSN=C78)=C(C(F)=C8C9=CC(CC(CCCCCC)CCCCCCCC)=C(C%10=CC(CC(CCCCCC)CCCCCCCC)=C(C)S%10)S9)F)S6)S5)F||O=C(C1=CC=CC=C1C/2=C(C#N)\C#N)C2=C/C3=CC4=C(C(C(C5=CC=C(CCCCCC)S5)(C6=C7C=C8C(C9=CC=C(S9)CCCCCC)(C%10=CC=C(S%10)CCCCCC)C%11=C(SC%12=C%11SC(/C=C%13C(C%14=CC=CC=C%14C\%13=C(C#N)\C#N)=O)=C%12)C8=C6)C(S%15)=CC=C%15CCCCCC)=C7S4)S3,3cb0c9ad025ea36cb11952abd0ed4903fd317c0d2d3a1978d43e09b67904674e,324d6e5b76a9400503a81056ec0f63ac76d712428565dd1fa4bf1871d8f66e0c,fb29c9b2df47eb72306f8a411578b8e2295293e354c3e8907cd7b84c4bdfad49,8dd1f11de91df0efa741df91861c25e30cbc4caddf80deeaf11a61293fc73cf8,5066625b5e84b55e9caac9eea19251eb737d5b81936168e1dccb3cc85f81e92d,1171,665,359,483
509,in-house,586,FC1=C(C(OCC(CCCC)CC)=O)SC2=CSC(C3=CC4=C(C5=C(C(C6=CC=C(CC(CC)CCCC)S6)=C4S3)C=CS5)C7=CC=C(CC(CC)CCCC)S7)=C12,CCC(CC)(O1)C2=CC(C3=C(OC4(CC)CC)C=C(C5=C6C=C(C(OCCCCCCCC)=O)SC6=C(/C=C7/C(C(C=C(F)C(F)=C8)=C8C7=O)=C(C#N)/C#N)S5)S3)=C4C=C2C(S9)=C1C=C9C(SC(/C=C%10C(C%11=C(C/%10=C(C#N)\C#N)C=C(F)C(F)=C%11)=O)=C%12S%13)=C%12C=C%13C(OCCCCCCCC)=O,7.96,FC1=C(C(OCC(CCCC)CC)=O)SC2=CSC(C3=CC4=C(C5=C(C(C6=CC=C(CC(CC)CCCC)S6)=C4S3)C=CS5)C7=CC=C(CC(CC)CCCC)S7)=C12||CCC(CC)(O1)C2=CC(C3=C(OC4(CC)CC)C=C(C5=C6C=C(C(OCCCCCCCC)=O)SC6=C(/C=C7/C(C(C=C(F)C(F)=C8)=C8C7=O)=C(C#N)/C#N)S5)S3)=C4C=C2C(S9)=C1C=C9C(SC(/C=C%10C(C%11=C(C/%10=C(C#N)\C#N)C=C(F)C(F)=C%11)=O)=C%12S%13)=C%12C=C%13C(OCCCCCCCC)=O,2249a87c8fc0450476e55f070a85b71ffa6beb368356c28f1302bad8bac422cb,d0177b49d8d02e17791148b3bc8999359f13581dbbd944e94f8722023648424b,78e77216990ca0689513c42f46e07811028e46bded2bfe84d03ee38119d4f87f,f8f9b06008917ee07ebbed9425ad11dede77d36f392941311a27d1170619139c,aa03cde2408434bed02bdbe2f6232339215177edad42ae8960aca4d832b41e50,555,1161,784,484
510,in-house,587,O=C(C1=C(CC(CCCC)CC)SC(CC(CCCC)CC)=C12)C3=C(C4=CC=CS4)SC(C(S5)=CC=C5C6=CC7=C(C8=CC=C(CC(CCCC)CCCCCC)C=C8)C(SC=C9)=C9C(C%10=CC=C(CC(CCCCCC)CCCC)C=C%10)=C7S6)=C3C2=O,O=C1C(/C(C2=C1C=CC=C2)=C(C#N)/C#N)=C\C3=CC4=C(S3)C(C(C5=CC=C(CCCCCC)C=C5)(C6=CC7=C(C(C8=CC=C(CCCCCC)C=C8)(C9=C7SC%10=C9SC%11=C%10SC(/C=C%12C(C(C=CC=C%13)=C%13C\%12=C(C#N)\C#N)=O)=C%11)C%14=CC=C(CCCCCC)C=C%14)C=C6%15)C%16=CC=C(CCCCCC)C=C%16)=C%15S4,7.91,O=C(C1=C(CC(CCCC)CC)SC(CC(CCCC)CC)=C12)C3=C(C4=CC=CS4)SC(C(S5)=CC=C5C6=CC7=C(C8=CC=C(CC(CCCC)CCCCCC)C=C8)C(SC=C9)=C9C(C%10=CC=C(CC(CCCCCC)CCCC)C=C%10)=C7S6)=C3C2=O||O=C1C(/C(C2=C1C=CC=C2)=C(C#N)/C#N)=C\C3=CC4=C(S3)C(C(C5=CC=C(CCCCCC)C=C5)(C6=CC7=C(C(C8=CC=C(CCCCCC)C=C8)(C9=C7SC%10=C9SC%11=C%10SC(/C=C%12C(C(C=CC=C%13)=C%13C\%12=C(C#N)\C#N)=O)=C%11)C%14=CC=C(CCCCCC)C=C%14)C=C6%15)C%16=CC=C(CCCCCC)C=C%16)=C%15S4,826e531b71e4c0ef06b575364b50a339b3da70c19584a5cd5231c22bd6d85201,648304533d94b36f635982974b2c46a428e80505ab020af47e563bb275105e67,d63e3b90ac98ac6ba10beafc11388260fc4c4adb27aaf239ee4a0aa7e5df962c,a8737347f4c606d08fca2b4ae25f898194c577989d5b096caaa2aa9fbfcec46c,da2491d5687c0dcb9d1ebc1907c742814cb60a920315099252a8b8bfbc158481,1016,773,1003,485
511,in-house,588,FC1=C(C2=CC=C(C3=CC4=C(C(C(C=C5)=CC=C5CC(CCCC)CC)=C6C=C(OC6=C4C(C=C7)=CC=C7CC(CC)CCCC)C)O3)S2)C8=NN(CC(CCCCCCCC)CCCCCC)N=C8C(C9=CC=C(C)S9)=C1F,c12cc3c(cc1C(c1c2sc2c1sc(c2)/C=C\1/C(=C(C#N)C#N)c2c(C1=O)cccc2)(c1cccc(c1)CCCCCC)c1cc(ccc1)CCCCCC)c1c(C3(c2cc(ccc2)CCCCCC)c2cccc(c2)CCCCCC)c2c(s1)cc(s2)/C=C\1/C(=C(C#N)C#N)c2c(C1=O)cccc2,7.91,FC1=C(C2=CC=C(C3=CC4=C(C(C(C=C5)=CC=C5CC(CCCC)CC)=C6C=C(OC6=C4C(C=C7)=CC=C7CC(CC)CCCC)C)O3)S2)C8=NN(CC(CCCCCCCC)CCCCCC)N=C8C(C9=CC=C(C)S9)=C1F||c12cc3c(cc1C(c1c2sc2c1sc(c2)/C=C\1/C(=C(C#N)C#N)c2c(C1=O)cccc2)(c1cccc(c1)CCCCCC)c1cc(ccc1)CCCCCC)c1c(C3(c2cc(ccc2)CCCCCC)c2cccc(c2)CCCCCC)c2c(s1)cc(s2)/C=C\1/C(=C(C#N)C#N)c2c(C1=O)cccc2,ed97929031a5a290acf5412c3611db2f212266556cd8e75045cfffab5e7dbcc1,50864152acede518837f13b246d168a2c910162b60d24eaca8a12069a3584c43,78545d61285b636b4e9270e6804c9360339fe92d615c68d49f9b3d3f92535293,8a904ca6197a6e71bc6e96b466a9d44250a4153b25edd760bd80d5ece099035b,15f0cc792ed8ccc4432b08066611cc50d2d2274bda6606b510302afb05db0526,552,652,98,486
512,in-house,589,O=C(C1=C(CCC(CCCC)CC)SC(CCC(CC)CCCC)=C1C2=O)C(C2=C(C3)C(C4)=CC=C4C5=CC6=C(C(C7=CC=C(CCC(CCCC)CC)S7)=C8C=CSC8=C6C9=CC=C(CCC(CCCC)CC)S9)S5)=C3C%10=CC=CS%10,CCCCCCC(C=C1)=CC=C1C2(C(C3=C(S4)C=C(S3)/C=C(C(C5=C6C=CC=C5OC)=O)\C6=C(C#N)\C#N)=C4C7=C2C=C(C8=C7)C9=C(C8(C%10=CC=C(C=C%10)CCCCCC)C%11=CC=C(C=C%11)CCCCCC)C%12=C(C=C(S%12)/C=C(/C(C%13=C%14C(OC)=CC=C%13)=C(C#N)\C#N)C%14=O)S9)C(C=C%15)=CC=C%15CCCCCC,7.9,O=C(C1=C(CCC(CCCC)CC)SC(CCC(CC)CCCC)=C1C2=O)C(C2=C(C3)C(C4)=CC=C4C5=CC6=C(C(C7=CC=C(CCC(CCCC)CC)S7)=C8C=CSC8=C6C9=CC=C(CCC(CCCC)CC)S9)S5)=C3C%10=CC=CS%10||CCCCCCC(C=C1)=CC=C1C2(C(C3=C(S4)C=C(S3)/C=C(C(C5=C6C=CC=C5OC)=O)\C6=C(C#N)\C#N)=C4C7=C2C=C(C8=C7)C9=C(C8(C%10=CC=C(C=C%10)CCCCCC)C%11=CC=C(C=C%11)CCCCCC)C%12=C(C=C(S%12)/C=C(/C(C%13=C%14C(OC)=CC=C%13)=C(C#N)\C#N)C%14=O)S9)C(C=C%15)=CC=C%15CCCCCC,6f31f3770fd225e382586e20513744e11a328b7cc74c758d48628417c600a02b,3060687913689d40f13167f2ea2d78aaaa2ca97498ed3b060c00ea040897beb7,c356ffeb2e5c3f75555f89349812e50e119e8a48a3ccee27e8158cfed6ad42e8,68431ff113f1671fbefacf1ba848e126d350a8ef0620c1f3874e1f25792c9ce8,fcd4248c948d4bd4209a1057c88c14eca5c8973c45bcc2007c8f803ee3fbd804,931,501,1178,487
513,in-house,590,O=C(C1=C(F)C2=C(C)SC(C3=CC4=C(C5=C(C(C6=CC(F)=C(CCCCCCCC)S6)=C4S3)C=C(C)S5)C7=CC(F)=C(CCCCCCCC)S7)=C2S1)[O]CCCCCCCC,O=C(C1=CC=CC=C1C/2=C(C#N)\C#N)C2=C/C3=CC4=C(C(C(C5=CC=C(CCCCCC)S5)(C6=C7C=C8C(C9=CC=C(S9)CCCCCC)(C%10=CC=C(S%10)CCCCCC)C%11=C(SC%12=C%11SC(/C=C%13C(C%14=CC=CC=C%14C\%13=C(C#N)\C#N)=O)=C%12)C8=C6)C(S%15)=CC=C%15CCCCCC)=C7S4)S3,7.9,O=C(C1=C(F)C2=C(C)SC(C3=CC4=C(C5=C(C(C6=CC(F)=C(CCCCCCCC)S6)=C4S3)C=C(C)S5)C7=CC(F)=C(CCCCCCCC)S7)=C2S1)[O]CCCCCCCC||O=C(C1=CC=CC=C1C/2=C(C#N)\C#N)C2=C/C3=CC4=C(C(C(C5=CC=C(CCCCCC)S5)(C6=C7C=C8C(C9=CC=C(S9)CCCCCC)(C%10=CC=C(S%10)CCCCCC)C%11=C(SC%12=C%11SC(/C=C%13C(C%14=CC=CC=C%14C\%13=C(C#N)\C#N)=O)=C%12)C8=C6)C(S%15)=CC=C%15CCCCCC)=C7S4)S3,e600cd2514b2c2423c744e4b235d4418c409e88c41946e275b1fff289f955e7e,324d6e5b76a9400503a81056ec0f63ac76d712428565dd1fa4bf1871d8f66e0c,31e7b5e0d38464a921160b880afc2341d39dba831d7ac2f51f59c683bf5c013d,4ad3eff60b3e9a1d93199b2418dcc8642f204862021f935afae0f0d2ddc1c98b,0036e84481ae46ca3a44e65db3e1c69bd93013235d4fc4ab08e5e0a998ee8f79,222,355,1,488
514,in-house,591,FC(C(F)=C(C1=NN(N=C21)CCC)C3=CC(CC(CCCCCCCCCC)CCCCCCCCCCCC)=C(S3)C4=CC=C(S4)C5=CC(F)=C(C=C5F)C6=CC=C(C)S6)=C2C7=CC(CC(CCCCCCCCCCCC)CCCCCCCCCC)=C(C)S7,c12cc3c(cc1C(c1c2sc2c1sc(c2)/C=C\1/C(=C(C#N)C#N)c2c(C1=O)cccc2)(c1ccc(cc1)CCCCCC)c1ccc(cc1)CCCCCC)c1c(C3(c2ccc(cc2)CCCCCC)c2ccc(cc2)CCCCCC)c2c(s1)cc(s2)/C=C\1/C(=C(C#N)C#N)c2c(C1=O)cccc2,7.85,FC(C(F)=C(C1=NN(N=C21)CCC)C3=CC(CC(CCCCCCCCCC)CCCCCCCCCCCC)=C(S3)C4=CC=C(S4)C5=CC(F)=C(C=C5F)C6=CC=C(C)S6)=C2C7=CC(CC(CCCCCCCCCCCC)CCCCCCCCCC)=C(C)S7||c12cc3c(cc1C(c1c2sc2c1sc(c2)/C=C\1/C(=C(C#N)C#N)c2c(C1=O)cccc2)(c1ccc(cc1)CCCCCC)c1ccc(cc1)CCCCCC)c1c(C3(c2ccc(cc2)CCCCCC)c2ccc(cc2)CCCCCC)c2c(s1)cc(s2)/C=C\1/C(=C(C#N)C#N)c2c(C1=O)cccc2,9a8df04966ed33d348b6c32ec29968e5c9f9a947ba20227865e8f68e6506e7d2,202f8607af2cecb83e86b2e4305f8c7e2852bc709bb805b9055691d46a9081c5,b51f1b68e7095fc7572a7a2932a4e276c549edeb34610b1eaa932b01b908f533,6fcbdb896d1015dee2a854178c8962f11e192f614c7c9680dbd07a61b01de16a,a8ae158141568dbe062d7216f4ffe0c377ff95d4e336078e535f7409f070a7d4,850,546,777,489
515,in-house,592,FC1=CC(C2=CCC(C)S2)=C3C(N=C(C(C4=CC=CC(OCCCCCCCC)=C4)=N3)C5=CC=CC(OCCCCCCCC)=C5)=C1C6=CC=C(S6)C7=CC8=C(C9=C(C(C%10=CC(CCCCCCCC)=C(S%10)CCCCCCCC)=C8S7)C=C(C)S9)C%11=CC(CCCCCCCC)=C(S%11)CCCCCCCC,O=C(C1=CC=CC=C1C/2=C(C#N)\C#N)C2=C/C3=CC4=C(C(C(C5=CC=C(CCCCCC)S5)(C6=C7C=C8C(C9=CC=C(S9)CCCCCC)(C%10=CC=C(S%10)CCCCCC)C%11=C(SC%12=C%11SC(/C=C%13C(C%14=CC=CC=C%14C\%13=C(C#N)\C#N)=O)=C%12)C8=C6)C(S%15)=CC=C%15CCCCCC)=C7S4)S3,7.81,FC1=CC(C2=CCC(C)S2)=C3C(N=C(C(C4=CC=CC(OCCCCCCCC)=C4)=N3)C5=CC=CC(OCCCCCCCC)=C5)=C1C6=CC=C(S6)C7=CC8=C(C9=C(C(C%10=CC(CCCCCCCC)=C(S%10)CCCCCCCC)=C8S7)C=C(C)S9)C%11=CC(CCCCCCCC)=C(S%11)CCCCCCCC||O=C(C1=CC=CC=C1C/2=C(C#N)\C#N)C2=C/C3=CC4=C(C(C(C5=CC=C(CCCCCC)S5)(C6=C7C=C8C(C9=CC=C(S9)CCCCCC)(C%10=CC=C(S%10)CCCCCC)C%11=C(SC%12=C%11SC(/C=C%13C(C%14=CC=CC=C%14C\%13=C(C#N)\C#N)=O)=C%12)C8=C6)C(S%15)=CC=C%15CCCCCC)=C7S4)S3,c582506937fb6891c8afbb2f9020f0bb189637c5f1e88b4a3bb55e23cfa09329,324d6e5b76a9400503a81056ec0f63ac76d712428565dd1fa4bf1871d8f66e0c,46873e37d0389f38e4a3983b7ea5f0181416476c5ff4f6985e48af31ddc95218,0483e454bb855998bf4ac2fd232375cbc2450d63316aa22679fa5c2e44952a3e,1bf8bbd26416fbdf5de8a2c39acf906f8eb87c2d58983731b612d19878e39451,325,24,116,490
516,in-house,593,O=C1C2=C(C3=C(N1CC(CCCCCC)CCCCCCCC)C=C(C4=CC(CC(CCCCCC)CCCCCCCC)=C(S4)C5=CC=C(S5)C6=C(C(F)=C(C7=NSN=C67)C8=CC=C(C)S8)F)S3)SC(C9=CC(CC(CCCCCCCC)CCCCCC)=C(C)S9)=C2,c12cc3c(cc1C(c1c2sc2c1sc(c2)/C=C\1/C(=C(C#N)C#N)c2c(C1=O)cccc2)(c1ccc(cc1)CCCCCC)c1ccc(cc1)CCCCCC)c1c(C3(c2ccc(cc2)CCCCCC)c2ccc(cc2)CCCCCC)c2c(s1)cc(s2)/C=C\1/C(=C(C#N)C#N)c2c(C1=O)cccc2,7.8,O=C1C2=C(C3=C(N1CC(CCCCCC)CCCCCCCC)C=C(C4=CC(CC(CCCCCC)CCCCCCCC)=C(S4)C5=CC=C(S5)C6=C(C(F)=C(C7=NSN=C67)C8=CC=C(C)S8)F)S3)SC(C9=CC(CC(CCCCCCCC)CCCCCC)=C(C)S9)=C2||c12cc3c(cc1C(c1c2sc2c1sc(c2)/C=C\1/C(=C(C#N)C#N)c2c(C1=O)cccc2)(c1ccc(cc1)CCCCCC)c1ccc(cc1)CCCCCC)c1c(C3(c2ccc(cc2)CCCCCC)c2ccc(cc2)CCCCCC)c2c(s1)cc(s2)/C=C\1/C(=C(C#N)C#N)c2c(C1=O)cccc2,decf900cda5d29f9e5acf02e8124907ca819abd321ebfda1a0b2baaa19679218,202f8607af2cecb83e86b2e4305f8c7e2852bc709bb805b9055691d46a9081c5,748f882608cdce4142d1160b5b96f53cfb7c47d32bd64213e67c08f14243e669,6c429a843a12646dc06360241cfa3c7cc3a040c08f59f4a859cba43c0b8fb445,c795419044b68da2969d3c3bf6f29937bd08f1f81fb2d7c91581a9c7710d1f48,527,525,915,491
517,in-house,594,c1(c2c3c(c(c4c2cc(s4)c2c(cc(s2)c2c(c(c(c4c2nsn4)c2cc(cs2)C[C@@H](CCCCCCCCCC)CCCCCCCC)F)F)C[C@H](CCCCCCCC)CCCCCCCCCC)c2ccc(s2)[Si](CCC)(CCC)CCC)ccs3)ccc(s1)[Si](CCC)(CCC)CCC,c12cc3c(cc1C(c1c2sc2c1sc(c2)/C=C\1/C(=C(C#N)C#N)c2c(C1=O)cccc2)(c1cccc(c1)CCCCCC)c1cc(ccc1)CCCCCC)c1c(C3(c2cc(ccc2)CCCCCC)c2cccc(c2)CCCCCC)c2c(s1)cc(s2)/C=C\1/C(=C(C#N)C#N)c2c(C1=O)cccc2,7.76,c1(c2c3c(c(c4c2cc(s4)c2c(cc(s2)c2c(c(c(c4c2nsn4)c2cc(cs2)C[C@@H](CCCCCCCCCC)CCCCCCCC)F)F)C[C@H](CCCCCCCC)CCCCCCCCCC)c2ccc(s2)[Si](CCC)(CCC)CCC)ccs3)ccc(s1)[Si](CCC)(CCC)CCC||c12cc3c(cc1C(c1c2sc2c1sc(c2)/C=C\1/C(=C(C#N)C#N)c2c(C1=O)cccc2)(c1cccc(c1)CCCCCC)c1cc(ccc1)CCCCCC)c1c(C3(c2cc(ccc2)CCCCCC)c2cccc(c2)CCCCCC)c2c(s1)cc(s2)/C=C\1/C(=C(C#N)C#N)c2c(C1=O)cccc2,b42ea0ae3741b97555d1816df9457f759351b16ad3083a679b53283d83ef14af,50864152acede518837f13b246d168a2c910162b60d24eaca8a12069a3584c43,f0daf2ead8c093bdf78cf21f0444f14b56c9be5a933afd600a181b855d5f2cca,9f0b3b06c307c46d4a96606f0503c0e4d8754c84d36874ec68801670cde0281b,474b063e29a9363c49d0961cc770b67c911115f86a51567ab41d33da95ff11e1,1134,743,317,492
518,in-house,596,O=C(C1=C(CCC(CCCC)CC)SC(CCC(CC)CCCC)=C1C2=O)C(C2=C(C3)C(C4)=CC=C4C5=CC6=C(C(C7=CC=C(CCC(CCCC)CC)S7)=C8C=CSC8=C6C9=CC=C(CCC(CCCC)CC)S9)S5)=C3C%10=CC=CS%10,S=C(N(C/1=O)CC)SC1=C/C(C2=N[O]N=C23)=CC=C3C4=CC(C5(CCCCCCCC)CCCCCCCC)=C(C(C=C6C7(CCCCCCCC)CCCCCCCC)=C5C=C6C8=C7C=C(C9=CC=C(C%10=N[O]N=C%109)/C=C%11SC(N(C\%11=O)CC)=S)S8)S4,7.74,O=C(C1=C(CCC(CCCC)CC)SC(CCC(CC)CCCC)=C1C2=O)C(C2=C(C3)C(C4)=CC=C4C5=CC6=C(C(C7=CC=C(CCC(CCCC)CC)S7)=C8C=CSC8=C6C9=CC=C(CCC(CCCC)CC)S9)S5)=C3C%10=CC=CS%10||S=C(N(C/1=O)CC)SC1=C/C(C2=N[O]N=C23)=CC=C3C4=CC(C5(CCCCCCCC)CCCCCCCC)=C(C(C=C6C7(CCCCCCCC)CCCCCCCC)=C5C=C6C8=C7C=C(C9=CC=C(C%10=N[O]N=C%109)/C=C%11SC(N(C\%11=O)CC)=S)S8)S4,6f31f3770fd225e382586e20513744e11a328b7cc74c758d48628417c600a02b,ed59c7edc47ec56aba54a1c561d35a95ee793f5f2abad2a0a6000199313dc6fe,0a50debfa5e65f3e7085a862ae705bceaacc79380ce9abc09e3bb569be2bcf7f,1b9d68cd9f30ef2c141660e5aabb17b45949b2a5aeb4bb6192e0fd615492e2dd,a09fa4b0053ef983b5de044fc79f326cd8d60a7097b3e73171d37e2ae15d8553,44,137,732,493
519,in-house,597,O=C(C1=C(CCC(CCCC)CC)SC(CCC(CC)CCCC)=C1C2=O)C(C2=C(C3)C(C4)=CC=C4C5=CC6=C(C(C7=CC=C(CCC(CCCC)CC)S7)=C8C=CSC8=C6C9=CC=C(CCC(CCCC)CC)S9)S5)=C3C%10=CC=CS%10,O=C(C1=CC=CC=C1C/2=C(C#N)/C#N)C2=C/C3=CC(OC4(C5=CC=C(C=C5)CCCCCC)C6=CC=C(CCCCCC)C=C6)=C(C7=CC8=C(C9=C(OC8(C%10=CC=C(CCCCCC)C=C%10)C%11=CC=C(CCCCCC)C=C%11)C=C(/C=C%12C(C%13=CC=CC=C%13C\%12=C(C#N)/C#N)=O)S9)C=C74)S3,7.73,O=C(C1=C(CCC(CCCC)CC)SC(CCC(CC)CCCC)=C1C2=O)C(C2=C(C3)C(C4)=CC=C4C5=CC6=C(C(C7=CC=C(CCC(CCCC)CC)S7)=C8C=CSC8=C6C9=CC=C(CCC(CCCC)CC)S9)S5)=C3C%10=CC=CS%10||O=C(C1=CC=CC=C1C/2=C(C#N)/C#N)C2=C/C3=CC(OC4(C5=CC=C(C=C5)CCCCCC)C6=CC=C(CCCCCC)C=C6)=C(C7=CC8=C(C9=C(OC8(C%10=CC=C(CCCCCC)C=C%10)C%11=CC=C(CCCCCC)C=C%11)C=C(/C=C%12C(C%13=CC=CC=C%13C\%12=C(C#N)/C#N)=O)S9)C=C74)S3,6f31f3770fd225e382586e20513744e11a328b7cc74c758d48628417c600a02b,7b786ba5e3054041af559d7eebd95d1a8e248f86e0d3e87adf57e886f8903f32,256bc7ed1893db7e0e2ae48f88d7b0f5350a3a508fd4333e8ec68343b4f726c5,e4f54f338771305fd45d56a46b57047097dc2ba03ba3a2591b601fbb6a28fa16,0b21b46eeeed4bd66f994bcee9a6c775e382ff8147b8c350e582710e19b3ffe3,166,1058,58,494
520,in-house,598,FC(C(OCC(CCCCCCCCCCCC)CCCCCCCCCC)=C(C1=CC=C(C)S1)C2=NSN=C32)=C3C4=CC=C(S4)C5=CC6=C(C7=C(C(C8=CC=C(C=C8)SCC(CCCC)CC)=C6S5)C=C(C)S7)C9=CC=C(C=C9)SCC(CCCC)CC,c12cc3c(cc1C(c1c2sc2c1sc(c2)/C=C\1/C(=C(C#N)C#N)c2c(C1=O)cccc2)(c1ccc(cc1)CCCCCC)c1ccc(cc1)CCCCCC)c1c(C3(c2ccc(cc2)CCCCCC)c2ccc(cc2)CCCCCC)c2c(s1)cc(s2)/C=C\1/C(=C(C#N)C#N)c2c(C1=O)cccc2,7.72,FC(C(OCC(CCCCCCCCCCCC)CCCCCCCCCC)=C(C1=CC=C(C)S1)C2=NSN=C32)=C3C4=CC=C(S4)C5=CC6=C(C7=C(C(C8=CC=C(C=C8)SCC(CCCC)CC)=C6S5)C=C(C)S7)C9=CC=C(C=C9)SCC(CCCC)CC||c12cc3c(cc1C(c1c2sc2c1sc(c2)/C=C\1/C(=C(C#N)C#N)c2c(C1=O)cccc2)(c1ccc(cc1)CCCCCC)c1ccc(cc1)CCCCCC)c1c(C3(c2ccc(cc2)CCCCCC)c2ccc(cc2)CCCCCC)c2c(s1)cc(s2)/C=C\1/C(=C(C#N)C#N)c2c(C1=O)cccc2,9e9f8a8861af40fe7bc73186442497ce84fd864e953403b57697d8c6bf580bc6,202f8607af2cecb83e86b2e4305f8c7e2852bc709bb805b9055691d46a9081c5,ae696950f29ce729ff98f91ed223940e9c3c72048b10ea36c70a5cd131c926df,c6bfcc6eaacfa2dd5f3d059923e942405a320c210d93660610d5faf584dbc00f,83d11bf60edef30a0556441bf42ded773155db9a769645a02cef5920a4bf8fd6,810,914,601,495
521,in-house,599,O=C(C1=C(CCC(CCCC)CC)SC(CCC(CC)CCCC)=C1C2=O)C(C2=C(C3)C(C4)=CC=C4C5=CC6=C(C(C7=CC=C(CCC(CCCC)CC)S7)=C8C=CSC8=C6C9=CC=C(CCC(CCCC)CC)S9)S5)=C3C%10=CC=CS%10,O=CC(S1)=C(CCCCCC)C=C1C(C(OCCCCCCCCCCCCCCCC)=C2)=CC(OCCCCCCCCCCCCCCCC)=C2C3=CC(CCCCCC)=C(S3)C=O,7.66,O=C(C1=C(CCC(CCCC)CC)SC(CCC(CC)CCCC)=C1C2=O)C(C2=C(C3)C(C4)=CC=C4C5=CC6=C(C(C7=CC=C(CCC(CCCC)CC)S7)=C8C=CSC8=C6C9=CC=C(CCC(CCCC)CC)S9)S5)=C3C%10=CC=CS%10||O=CC(S1)=C(CCCCCC)C=C1C(C(OCCCCCCCCCCCCCCCC)=C2)=CC(OCCCCCCCCCCCCCCCC)=C2C3=CC(CCCCCC)=C(S3)C=O,6f31f3770fd225e382586e20513744e11a328b7cc74c758d48628417c600a02b,1fac2bcdbb52026e5bf7052c26060fe44e7fbcf617f905a07de50d4d08185f02,4551ee988895844c7fb4592dbddd217db90c01b4bf43164a79bd5824dbc8a770,f02e2fd116084581e03f0c6d00d6594e91e83f7dfba26cd78f107d516122657b,ec00737af3c2d6827eb0a121eef75b893e5186e084b6cb7bb22b64974a072be6,316,1116,1105,496
522,in-house,601,[H]C(C([H])=C(C1=NN(N=C21)CC(CCCCCC)CCCCCCCC)C3=CC=C(C4=CC(C(C5=CC(Cl)=C(S5)CC)=C6SC(C)=CC6=C7C8=CC(Cl)=C(S8)CC)=C7S4)S3)=C2C9=CC=C(C)S9,O=C(C/1=C\C2=C(C3=C(S2)C(N4C5=CC=C(CCCCCC)C=C5)=C(C6=C4C7=C(C8=NSN=C68)C(SC9=C%10SC(/C=C%11C(C%12=CC(F)=C(C=C%12C\%11=C(C#N)/C#N)F)=O)=C9CCCCCCCCCCC)=C%10N7C%13=CC=C(CCCCCC)C=C%13)S3)CCCCCCCCCCC)C%14=CC(F)=C(F)C=C%14C1=C(C#N)/C#N,7.62,[H]C(C([H])=C(C1=NN(N=C21)CC(CCCCCC)CCCCCCCC)C3=CC=C(C4=CC(C(C5=CC(Cl)=C(S5)CC)=C6SC(C)=CC6=C7C8=CC(Cl)=C(S8)CC)=C7S4)S3)=C2C9=CC=C(C)S9||O=C(C/1=C\C2=C(C3=C(S2)C(N4C5=CC=C(CCCCCC)C=C5)=C(C6=C4C7=C(C8=NSN=C68)C(SC9=C%10SC(/C=C%11C(C%12=CC(F)=C(C=C%12C\%11=C(C#N)/C#N)F)=O)=C9CCCCCCCCCCC)=C%10N7C%13=CC=C(CCCCCC)C=C%13)S3)CCCCCCCCCCC)C%14=CC(F)=C(F)C=C%14C1=C(C#N)/C#N,e4343ce707ce6bbafac65ba10b8d9f2030381aa6f2cbe372f84e9bbf01363c8b,3bc5e962960694d5a8c90d751d3f10c939059169c6882aed8bdcfb92d36d6776,0457a5cb15580af8008e822d074bb790873268d48c9ee95e0bf909d210c19e27,2629dc30d9b3ac0343aef678ac88195af60f1e6f6e0b43e9f3424cfbf899a6e9,aea43cf644869f84225e9fd34f4d2fb6547424eb336190806dc162fcbc649017,20,188,799,497
523,in-house,603,[H]C1=C(SC(CC(CC)CCCC)=C1[Cl])C(C2=C3SC(C)=C2)=C4SC(C5=CC=C(S5)C6=C(C(F)=C(C7=NN(N=C67)CC(CCCCCCCC)CCCCCC)C8=CC=C(C)S8)F)=CC4=C3C9=C([H])C([H])=C(CC(CCCC)CC)S9,c1(cc2c(cc1F)C(=O)/C(=C\c1cc3c(s1)c1c(s3)c3c(C1(c1ccc(cc1)CCCCCC)c1ccc(cc1)CCCCCC)cc1c(c3)C(c3c1sc1c3sc(c1)/C=C/1\C(=O)c3c(C1=C(C#N)C#N)cc(c(c3)F)F)(c1ccc(cc1)CCCCCC)c1ccc(cc1)CCCCCC)/C2=C(C#N)C#N)F,7.6,[H]C1=C(SC(CC(CC)CCCC)=C1[Cl])C(C2=C3SC(C)=C2)=C4SC(C5=CC=C(S5)C6=C(C(F)=C(C7=NN(N=C67)CC(CCCCCCCC)CCCCCC)C8=CC=C(C)S8)F)=CC4=C3C9=C([H])C([H])=C(CC(CCCC)CC)S9||c1(cc2c(cc1F)C(=O)/C(=C\c1cc3c(s1)c1c(s3)c3c(C1(c1ccc(cc1)CCCCCC)c1ccc(cc1)CCCCCC)cc1c(c3)C(c3c1sc1c3sc(c1)/C=C/1\C(=O)c3c(C1=C(C#N)C#N)cc(c(c3)F)F)(c1ccc(cc1)CCCCCC)c1ccc(cc1)CCCCCC)/C2=C(C#N)C#N)F,0c41752953b176dce92170e3cd48559f30ae1b63091efbd84e3a329b15ec1046,69e17d1724b4236f68d0c6efb6ad16969f13f8980d301d0056747038b20f0c8d,db186e7237edc92fdff8ca55c2051f0672599f2559da5faeb9633bb214385af4,62cf9a3f3369f3a4c5660ed62a67e9eb6e080f7ab73765984cec460e1b293fc8,c1494a4ebf4d5204664ec771aa1ba0fa02a5ff3af7ade87ebf580d744f455b1f,1040,468,894,498
524,in-house,604,CC(SC(C1=CC2=C(S1)C(C3=CC=C(S3)CC(CC)CCCC)=C4C=C(C)SC4=C2C5=CC=C(S5)CC(CCCC)CC)=C67)=C7SC(C(OCC(CC)CCCC)=O)=C6[Cl],c12cc3c(cc1C(c1c2sc2c1sc(c2)/C=C\1/C(=C(C#N)C#N)c2c(C1=O)cccc2)(c1ccc(cc1)CCCCCC)c1ccc(cc1)CCCCCC)c1c(C3(c2ccc(cc2)CCCCCC)c2ccc(cc2)CCCCCC)c2c(s1)cc(s2)/C=C\1/C(=C(C#N)C#N)c2c(C1=O)cccc2,7.57,CC(SC(C1=CC2=C(S1)C(C3=CC=C(S3)CC(CC)CCCC)=C4C=C(C)SC4=C2C5=CC=C(S5)CC(CCCC)CC)=C67)=C7SC(C(OCC(CC)CCCC)=O)=C6[Cl]||c12cc3c(cc1C(c1c2sc2c1sc(c2)/C=C\1/C(=C(C#N)C#N)c2c(C1=O)cccc2)(c1ccc(cc1)CCCCCC)c1ccc(cc1)CCCCCC)c1c(C3(c2ccc(cc2)CCCCCC)c2ccc(cc2)CCCCCC)c2c(s1)cc(s2)/C=C\1/C(=C(C#N)C#N)c2c(C1=O)cccc2,71ca57b86449ad3c531dbb49472feb8f4518b96b6b5a4d79812723da5f69e71c,202f8607af2cecb83e86b2e4305f8c7e2852bc709bb805b9055691d46a9081c5,e8335e4c9be17d1f9e35c327ee128075260a9bbe248529970bfff167fae8c466,96c50fa186f63ed374044b1a0d8c635de8c92a632762abce6e7b944e2033a0c0,80ab9119aa6b7b0bfd860e51a1e9bd497ee91e15f0a546d3bbb5d3fc6eeb3bd3,1095,703,581,499
525,in-house,605,FC(C(F)=C(C1=NN(N=C21)CCC(CCCC)CCCCCC)C3=CC=C(S3)C)=C2C(S4)=CC=C4C5=CC(C(CCCC(CCCCCC)CCCC)=C6SC(C)=CC6=C7CCCC(CCCC)CCCCCC)=C7S5,O=C(C(C=C(F)C=C1)=C1C/2=C(C#N)\C#N)C2=C/C(S3)=CC4=C3C(C5(C6=CC=C(CCC)C=C6)C7=CC=C(CCC)C=C7)=C(S4)C8=C5C9=C(CCCCCC)C(S%10)=C(C(CCCCCC)=C9S8)C%11=C%10C(S%12)=C(C%11(C%13=CC=C(CCC)C=C%13)C%14=CC=C(CCC)C=C%14)C%15=C%12C=C(/C=C%16C(C(C=C(F)C=C%17)=C%17C\%16=C(C#N)/C#N)=O)S%15,7.56,FC(C(F)=C(C1=NN(N=C21)CCC(CCCC)CCCCCC)C3=CC=C(S3)C)=C2C(S4)=CC=C4C5=CC(C(CCCC(CCCCCC)CCCC)=C6SC(C)=CC6=C7CCCC(CCCC)CCCCCC)=C7S5||O=C(C(C=C(F)C=C1)=C1C/2=C(C#N)\C#N)C2=C/C(S3)=CC4=C3C(C5(C6=CC=C(CCC)C=C6)C7=CC=C(CCC)C=C7)=C(S4)C8=C5C9=C(CCCCCC)C(S%10)=C(C(CCCCCC)=C9S8)C%11=C%10C(S%12)=C(C%11(C%13=CC=C(CCC)C=C%13)C%14=CC=C(CCC)C=C%14)C%15=C%12C=C(/C=C%16C(C(C=C(F)C=C%17)=C%17C\%16=C(C#N)/C#N)=O)S%15,45e95ea37da5bc3e18f2c067cb95f73c851335176098d8fca22fcb29952b2779,17d034eb1cd30144a89114684bc532a082f6814a6f919992a7aa25518449cbb1,fd7ed0c56704feda9d7555ba8ae14004d5b82bddfa9d89fd9cd006158ca1ebf6,89c92d509b8bc32c2d8a69b89ad27e9323f93422c1108c849f7993b4188d5f2f,08199214f3fc77a88e37db655bc66b2a14a7b03703d609d7b3ac53d2637a6e7f,1181,650,42,238
526,in-house,606,O=C(C1=C(CCC(CCCC)CC)SC(CCC(CC)CCCC)=C1C2=O)C(C2=C(C3)C(C4)=CC=C4C5=CC6=C(C(C7=CC=C(CCC(CCCC)CC)S7)=C8C=CSC8=C6C9=CC=C(CCC(CCCC)CC)S9)S5)=C3C%10=CC=CS%10,c1ccc2c(c1)C(=C(C#N)C#N)/C(=C/c1ccc(s1)c1c(cc(s1)c1sc3c(c1)C(c1c3cc3c(c1)c1c(C3(c3ccc(cc3)CCCCCC)c3ccc(cc3)CCCCCC)cc(s1)c1cc(c(s1)c1ccc(s1)/C=C/1\C(=O)c3c(C1=C(C#N)C#N)cccc3)c1ccc(s1)/C=C/1\C(=O)c3c(C1=C(C#N)C#N)cccc3)(c1ccc(cc1)CCCCCC)c1ccc(cc1)CCCCCC)c1sc(cc1)/C=C\1/C(=C(C#N)C#N)c3c(C1=O)cccc3)/C2=O,7.54,O=C(C1=C(CCC(CCCC)CC)SC(CCC(CC)CCCC)=C1C2=O)C(C2=C(C3)C(C4)=CC=C4C5=CC6=C(C(C7=CC=C(CCC(CCCC)CC)S7)=C8C=CSC8=C6C9=CC=C(CCC(CCCC)CC)S9)S5)=C3C%10=CC=CS%10||c1ccc2c(c1)C(=C(C#N)C#N)/C(=C/c1ccc(s1)c1c(cc(s1)c1sc3c(c1)C(c1c3cc3c(c1)c1c(C3(c3ccc(cc3)CCCCCC)c3ccc(cc3)CCCCCC)cc(s1)c1cc(c(s1)c1ccc(s1)/C=C/1\C(=O)c3c(C1=C(C#N)C#N)cccc3)c1ccc(s1)/C=C/1\C(=O)c3c(C1=C(C#N)C#N)cccc3)(c1ccc(cc1)CCCCCC)c1ccc(cc1)CCCCCC)c1sc(cc1)/C=C\1/C(=C(C#N)C#N)c3c(C1=O)cccc3)/C2=O,6f31f3770fd225e382586e20513744e11a328b7cc74c758d48628417c600a02b,31aa1fac03738d0f45fc300c085c24b9f3d3b6db71c48d3464f6f4056b75bc33,d7a7437787077ac0be1fac623132a55927fc917508304f4faf115b5e2beefd5e,226f62df0bff0d728afc52b61acf0229a2e33a8cff91bf39ffafcf77a0db2f51,1702ada80c8e0cb963f7ecfa5214eb561045d81c9ff81ad22940464b91a9bf51,1024,167,103,500
527,in-house,607,O=C(C1=C(CCC(CCCC)CC)SC(CCC(CC)CCCC)=C1C2=O)C(C2=C(C3)C(C4)=CC=C4C5=CC6=C(C(C7=CC=C(CCC(CCCC)CC)S7)=C8C=CSC8=C6C9=CC=C(CCC(CCCC)CC)S9)S5)=C3C%10=CC=CS%10,O=C(C1=C(SC(C2=CC3=C(C4=C(C3(CCCCCC)CCCCCC)C=C(/C=C5C(C6=CC(F)=C(C=C6C\5=C([N+]#[C-])\C#N)F)=O)S4)S2)=C17)C8=CC9=C(C%10=C(C9(CCCCCC)CCCCCC)C=C(/C=C%11/C(C%12=CC(F)=C(C=C%12C%11=O)F)=C(C#N)/[N+]#[C-])S%10)S8)C%13=C(CC(CCCC)CC)SC(CC(CCCC)CC)=C%13C7=O,7.54,O=C(C1=C(CCC(CCCC)CC)SC(CCC(CC)CCCC)=C1C2=O)C(C2=C(C3)C(C4)=CC=C4C5=CC6=C(C(C7=CC=C(CCC(CCCC)CC)S7)=C8C=CSC8=C6C9=CC=C(CCC(CCCC)CC)S9)S5)=C3C%10=CC=CS%10||O=C(C1=C(SC(C2=CC3=C(C4=C(C3(CCCCCC)CCCCCC)C=C(/C=C5C(C6=CC(F)=C(C=C6C\5=C([N+]#[C-])\C#N)F)=O)S4)S2)=C17)C8=CC9=C(C%10=C(C9(CCCCCC)CCCCCC)C=C(/C=C%11/C(C%12=CC(F)=C(C=C%12C%11=O)F)=C(C#N)/[N+]#[C-])S%10)S8)C%13=C(CC(CCCC)CC)SC(CC(CCCC)CC)=C%13C7=O,6f31f3770fd225e382586e20513744e11a328b7cc74c758d48628417c600a02b,4f51f3740def94358e50b66eedb93f4baaad0293cdc5c0e38fa8e7f0bc4f8921,588fd52b41785d54b78b742c877b37782bf0011101555b5dfcdb99aa6f936063,02c354ba9826fd7758b5b10e179772c9791f11acf463e2f3bc51de17d593b060,f082d7b5394555f75565d499aebda224ffc95bc925397c046ed017d5576c8488,397,14,1125,501
528,in-house,608,FC1=C(C(OCC(CCCC)CC)=O)SC2=CSC(C3=CC4=C(C5=C(C(C6=CC=C(CC(CC)CCCC)S6)=C4S3)C=CS5)C7=CC=C(CC(CC)CCCC)S7)=C12,O=C(C1=CSC=C1C/2=C(C#N)\C#N)C2=C/C(O3)=CC=C3C(C=C4)=CC5=C4C(C=CC(C6=CC=C(O6)/C=C7C(C8=CSC=C8C\7=C(C#N)\C#N)=O)=C9)=C9C(CCCCCCCC)5CCCCCCCC,7.53,FC1=C(C(OCC(CCCC)CC)=O)SC2=CSC(C3=CC4=C(C5=C(C(C6=CC=C(CC(CC)CCCC)S6)=C4S3)C=CS5)C7=CC=C(CC(CC)CCCC)S7)=C12||O=C(C1=CSC=C1C/2=C(C#N)\C#N)C2=C/C(O3)=CC=C3C(C=C4)=CC5=C4C(C=CC(C6=CC=C(O6)/C=C7C(C8=CSC=C8C\7=C(C#N)\C#N)=O)=C9)=C9C(CCCCCCCC)5CCCCCCCC,2249a87c8fc0450476e55f070a85b71ffa6beb368356c28f1302bad8bac422cb,4c5d6372a9b2250ed5db8080a6b8d801491bbd56dbc616c9ec5493176aaf353c,ab88329989c8fcc00080682553a133bc7f8369d912f5b5d510dbe2586b9eda84,75ff746a89bada8b3f85d166d564ed99d68aedddc4a6b684e00cbc2df19816fb,7a7b8ab1785eeb9cc6cba6adbd2a000c84877e85a82bec0ea9b144dac4c1612e,798,570,552,502
529,in-house,609,O=C(C1=C(CCC(CCCC)CC)SC(CCC(CC)CCCC)=C1C2=O)C(C2=C(C3)C(C4)=CC=C4C5=CC6=C(C(C7=CC=C(CCC(CCCC)CC)S7)=C8C=CSC8=C6C9=CC=C(CCC(CCCC)CC)S9)S5)=C3C%10=CC=CS%10,O=C(C1=C(C=C(F)C(F)=C1)C/2=C(C#N)\C#N)C2=C/C3=CC(C4(C5=CC=C(C=C5)CCCCCC)C6=CC=C(CCCCCC)C=C6)=C(C7=C4C(C=C(C8=C9C(CCCCCCCCCCCC)=CC%10=C8SC%11=C%10C(C%12=CC=C(CCCCCC)C=C%12)(C%13=CC=C(CCCCCC)C=C%13)C%14=C%11SC(/C=C%15C(C%16=C(C=C(F)C(F)=C%16)C\%15=C(C#N)\C#N)=O)=C%14)C)=C9S7)S3,7.52,O=C(C1=C(CCC(CCCC)CC)SC(CCC(CC)CCCC)=C1C2=O)C(C2=C(C3)C(C4)=CC=C4C5=CC6=C(C(C7=CC=C(CCC(CCCC)CC)S7)=C8C=CSC8=C6C9=CC=C(CCC(CCCC)CC)S9)S5)=C3C%10=CC=CS%10||O=C(C1=C(C=C(F)C(F)=C1)C/2=C(C#N)\C#N)C2=C/C3=CC(C4(C5=CC=C(C=C5)CCCCCC)C6=CC=C(CCCCCC)C=C6)=C(C7=C4C(C=C(C8=C9C(CCCCCCCCCCCC)=CC%10=C8SC%11=C%10C(C%12=CC=C(CCCCCC)C=C%12)(C%13=CC=C(CCCCCC)C=C%13)C%14=C%11SC(/C=C%15C(C%16=C(C=C(F)C(F)=C%16)C\%15=C(C#N)\C#N)=O)=C%14)C)=C9S7)S3,6f31f3770fd225e382586e20513744e11a328b7cc74c758d48628417c600a02b,a728759945203e4fd18d07402a168fda9afe75e3d56e5d96494b0f502ccd3ce5,5ab84a585afe324649c2c1ce150de64000e4450576672fd7bfb6722cf86f020e,4d4e29f8ef348fb1b6612e67e9144910f7e93ac188cefbeda6cae579dde5bd4e,6afd757d1e0ae4d5d7bf09e78750d22adf2cf49c78384855bac49e33b1448f9c,411,366,484,503
530,in-house,610,FC(C=C(C1=C2SC=CC2=C(C3=CC(F)=C(CC(CCCC)CC)S3)C4=C1C=C(C5=CC=C(C6=C(C(C(C7=C(CC(CCCC)CC)SC(CC(CC)CCCC)=C78)=O)=C(C9=CC=CC9)S6)C8=O)S5)S4)S%10)=C%10CC(CC)CCCC,O=C(C(C=C(C(Br)=C1)Br)=C1C/2=C(C#N)/C#N)C2=C/C3=C(CCCCCCCCCCC)C(SC(C4=C5C6=C(C7=C(N6CCCCCCCC)C8=C(C(CCCCCCCCCCC)=C(S8)/C=C9C(C%10=C(C=C(Br)C(Br)=C%10)C\9=C(C#N)/C#N)=O)S7)C%11=NSN=C%114)=C%12N5CCCCCCCC)=C%12S3,7.51,FC(C=C(C1=C2SC=CC2=C(C3=CC(F)=C(CC(CCCC)CC)S3)C4=C1C=C(C5=CC=C(C6=C(C(C(C7=C(CC(CCCC)CC)SC(CC(CC)CCCC)=C78)=O)=C(C9=CC=CC9)S6)C8=O)S5)S4)S%10)=C%10CC(CC)CCCC||O=C(C(C=C(C(Br)=C1)Br)=C1C/2=C(C#N)/C#N)C2=C/C3=C(CCCCCCCCCCC)C(SC(C4=C5C6=C(C7=C(N6CCCCCCCC)C8=C(C(CCCCCCCCCCC)=C(S8)/C=C9C(C%10=C(C=C(Br)C(Br)=C%10)C\9=C(C#N)/C#N)=O)S7)C%11=NSN=C%114)=C%12N5CCCCCCCC)=C%12S3,61eee9608e36bdb1d3a96a3ad1baa39916f3a546e29d11481966a5a2d3d30f3c,61e1083ae266a0c0d0562f5978ecf2ec4d01974439c1e3d455b138ce4d181741,dfddec171cf5b907634b3cfa86ae2f60a5ca0d06e64dba8008bb5a7dfb986dfd,1007fcb65d03ac3eeffadbcf7be9e35f5be3e82b10b7b415fcc3c39c62d68d0a,4a49993e99cf73bd0b6b87efb3bce026b4400c5ec011d9f500e4b2d22c88bd9b,1058,77,326,33
531,in-house,611,FC(C(F)=C(C1=NN(N=C21)CC(CCCCCCCC)CCCCCC)C3=CC=C(S3)C4=CC5=C(C6=C(C(C7=CC=C(S7)C#C[Si](C(C)C)(C(C)C)C(C)C)=C5S4)C=C(C)S6)C8=CC=C(S8)C#C[Si](C(C)C)(C(C)C)C(C)C)=C2C9=CC=C(C)S9,c12cc3c(cc1C(c1c2sc2c1sc(c2)/C=C\1/C(=C(C#N)C#N)c2c(C1=O)cccc2)(c1ccc(cc1)CCCCCC)c1ccc(cc1)CCCCCC)c1c(C3(c2ccc(cc2)CCCCCC)c2ccc(cc2)CCCCCC)c2c(s1)cc(s2)/C=C\1/C(=C(C#N)C#N)c2c(C1=O)cccc2,7.51,FC(C(F)=C(C1=NN(N=C21)CC(CCCCCCCC)CCCCCC)C3=CC=C(S3)C4=CC5=C(C6=C(C(C7=CC=C(S7)C#C[Si](C(C)C)(C(C)C)C(C)C)=C5S4)C=C(C)S6)C8=CC=C(S8)C#C[Si](C(C)C)(C(C)C)C(C)C)=C2C9=CC=C(C)S9||c12cc3c(cc1C(c1c2sc2c1sc(c2)/C=C\1/C(=C(C#N)C#N)c2c(C1=O)cccc2)(c1ccc(cc1)CCCCCC)c1ccc(cc1)CCCCCC)c1c(C3(c2ccc(cc2)CCCCCC)c2ccc(cc2)CCCCCC)c2c(s1)cc(s2)/C=C\1/C(=C(C#N)C#N)c2c(C1=O)cccc2,f2f8ec2112bb99b698dd8a2cc2879481bb8730f200e2ff36bacfbc26d3239e1d,202f8607af2cecb83e86b2e4305f8c7e2852bc709bb805b9055691d46a9081c5,c5ced6c29aad919ff49101ca235ed9108edc9b3851d4bd0a92794b24504ffd2f,4f6291b70abacc3c40516e8ec5e735c85b2f22d9296c7f80eea9e2c6cc5c613a,f5bd1982f6f3b152d8ef73ca6b10ce428cf1b47c572ac8f02a09ce262da7cb15,950,380,1151,504
532,in-house,612,FC1=C(C(OCC(CCCC)CC)=O)SC2=CSC(C3=CC4=C(C5=C(C(C6=CC=C(CC(CC)CCCC)S6)=C4S3)C=CS5)C7=CC=C(CC(CC)CCCC)S7)=C12,c12cc3c(cc1C(c1c2sc2c1sc(c2)/C=C\1/C(=C(C#N)C#N)c2c(C1=O)cccc2)(c1ccc(cc1)OCCCCCC)c1ccc(cc1)OCCCCCC)c1c(C3(c2ccc(cc2)OCCCCCC)c2ccc(cc2)OCCCCCC)c2c(s1)cc(s2)/C=C\1/C(=C(C#N)C#N)c2c(C1=O)cccc2,7.51,FC1=C(C(OCC(CCCC)CC)=O)SC2=CSC(C3=CC4=C(C5=C(C(C6=CC=C(CC(CC)CCCC)S6)=C4S3)C=CS5)C7=CC=C(CC(CC)CCCC)S7)=C12||c12cc3c(cc1C(c1c2sc2c1sc(c2)/C=C\1/C(=C(C#N)C#N)c2c(C1=O)cccc2)(c1ccc(cc1)OCCCCCC)c1ccc(cc1)OCCCCCC)c1c(C3(c2ccc(cc2)OCCCCCC)c2ccc(cc2)OCCCCCC)c2c(s1)cc(s2)/C=C\1/C(=C(C#N)C#N)c2c(C1=O)cccc2,2249a87c8fc0450476e55f070a85b71ffa6beb368356c28f1302bad8bac422cb,2fc7b353270f61ced8b2448b3caced6f270384248a93de6efbe60c799205a6dc,0b01775e8f00cd515043736c5a8043a7387147f9d1aa930c2e71d420a97531b2,97a6d1f7a547b22a9cdb9821410f7e4ca9bdfe0cc11c37737c9459c0423202a2,d4ec76e3dee6882885e0b12598fda6e77e6fd31f96245bd6116d62a69c0a8ee8,48,708,975,505
533,in-house,613,O=C(C1=C(CCC(CCCC)CC)SC(CCC(CC)CCCC)=C1C2=O)C(C2=C(C3)C(C4)=CC=C4C5=CC6=C(C(C7=CC=C(CCC(CCCC)CC)S7)=C8C=CSC8=C6C9=CC=C(CCC(CCCC)CC)S9)S5)=C3C%10=CC=CS%10,O=C(C1=C(C=C(F)C(F)=C1)C/2=C/C#N)C2=C/C3=C4C(OCCO4)=C(S3)C(C=C5)=CC6=C5C7=CC8=C(C(C=CC(C9=C(OCCO%10)C%10=C(/C=C%11C(C%12=C(C=C(F)C(F)=C%12)C\%11=C(C#N)\C#N)=O)S9)=C%13)=C%13C8(CCCCCCCC)CCCCCCCC)C=C7C6(CCCCCCCC)CCCCCCCC,7.5,O=C(C1=C(CCC(CCCC)CC)SC(CCC(CC)CCCC)=C1C2=O)C(C2=C(C3)C(C4)=CC=C4C5=CC6=C(C(C7=CC=C(CCC(CCCC)CC)S7)=C8C=CSC8=C6C9=CC=C(CCC(CCCC)CC)S9)S5)=C3C%10=CC=CS%10||O=C(C1=C(C=C(F)C(F)=C1)C/2=C/C#N)C2=C/C3=C4C(OCCO4)=C(S3)C(C=C5)=CC6=C5C7=CC8=C(C(C=CC(C9=C(OCCO%10)C%10=C(/C=C%11C(C%12=C(C=C(F)C(F)=C%12)C\%11=C(C#N)\C#N)=O)S9)=C%13)=C%13C8(CCCCCCCC)CCCCCCCC)C=C7C6(CCCCCCCC)CCCCCCCC,6f31f3770fd225e382586e20513744e11a328b7cc74c758d48628417c600a02b,e6431031e10882aa15ec447979a453fc025da28a376aaa0c65be4fa625de9310,b63dae53f9384f2c883a8852db5d109b7c332040efd2db4c4eeb8aa4254cb533,7acdb7f6f9fc33a1764bfe6114c7629f2782db9603a588ab652fa41841d10082,6bc647d3fc7202163a415c41cfaef5e17d120e14b92a746ac1f268aa52e42430,857,589,488,506
534,in-house,614,FC1=C(C(OCC(CCCC)CC)=O)SC2=CSC(C3=CC4=C(C5=C(C(C6=CC=C(CC(CC)CCCC)S6)=C4S3)C=CS5)C7=CC=C(CC(CC)CCCC)S7)=C12,O=C(C1=CC(F)=C(C=C1C/2=C(C#N)\C#N)F)C2=C/C3=CC(SCC(CC)CCCC)=C(C4=CC5=C(C6=CC7=C(C8=C(C7(C9=CC=C(CCCCCC)C=C9)C%10=CC=C(CCCCCC)C=C%10)C=C(C%11=C(SCC(CCCC)CC)C=C(/C=C%12C(C%13=CC(F)=C(C=C%13C\%12=C(C#N)\C#N)F)=O)S%11)S8)C=C6C5(C%14=CC=C(CCCCCC)C=C%14)C%15=CC=C(CCCCCC)C=C%15)S4)S3,7.5,FC1=C(C(OCC(CCCC)CC)=O)SC2=CSC(C3=CC4=C(C5=C(C(C6=CC=C(CC(CC)CCCC)S6)=C4S3)C=CS5)C7=CC=C(CC(CC)CCCC)S7)=C12||O=C(C1=CC(F)=C(C=C1C/2=C(C#N)\C#N)F)C2=C/C3=CC(SCC(CC)CCCC)=C(C4=CC5=C(C6=CC7=C(C8=C(C7(C9=CC=C(CCCCCC)C=C9)C%10=CC=C(CCCCCC)C=C%10)C=C(C%11=C(SCC(CCCC)CC)C=C(/C=C%12C(C%13=CC(F)=C(C=C%13C\%12=C(C#N)\C#N)F)=O)S%11)S8)C=C6C5(C%14=CC=C(CCCCCC)C=C%14)C%15=CC=C(CCCCCC)C=C%15)S4)S3,2249a87c8fc0450476e55f070a85b71ffa6beb368356c28f1302bad8bac422cb,259fd3db3075d8452efb787236a19e9602d04af7b8803d9af6ab2f766b7cf831,4b504ab6afc25dd6ece37187c926eee7a18dd8305477a6bf1b9471911f413dc5,3c5c1a683164b3d1e2fe78715ddbc5ee9b10fc7913d695d6dfe9943691b65162,91b9f627b7c741e07d9f8eb47e2b6a48fe1e0de21e24102337b97648a9ab5f56,350,292,664,507
535,in-house,615,c1(c2c3c(c(c4c2cc(s4)c2ccc(s2)c2sc(c4c2C(=O)c2c(C4=O)c(sc2C[C@@H](CC)CCCC)C[C@H](CC)CCCC)c2cccs2)c2ccc(s2)SC[C@@H](CC)CCCC)ccs3)ccc(s1)SC[C@@H](CC)CCCC,c1ccc2c(c1)C(=O)[C](C2=C(C#N)C#N)[CH]c1cc2c(s1)c1c(s2)c2c(C1(c1ccc(cc1)SCCCCCCCC)c1ccc(cc1)SCCCCCCCC)cc1c(c2)C(c2c1sc1c2sc(c1)/C=C\1/C(=O)c2c(C1=C(C#N)C#N)cccc2)(c1ccc(cc1)SCCCCCCCC)c1ccc(cc1)SCCCCCCCC,7.49,c1(c2c3c(c(c4c2cc(s4)c2ccc(s2)c2sc(c4c2C(=O)c2c(C4=O)c(sc2C[C@@H](CC)CCCC)C[C@H](CC)CCCC)c2cccs2)c2ccc(s2)SC[C@@H](CC)CCCC)ccs3)ccc(s1)SC[C@@H](CC)CCCC||c1ccc2c(c1)C(=O)[C](C2=C(C#N)C#N)[CH]c1cc2c(s1)c1c(s2)c2c(C1(c1ccc(cc1)SCCCCCCCC)c1ccc(cc1)SCCCCCCCC)cc1c(c2)C(c2c1sc1c2sc(c1)/C=C\1/C(=O)c2c(C1=C(C#N)C#N)cccc2)(c1ccc(cc1)SCCCCCCCC)c1ccc(cc1)SCCCCCCCC,19e710b4ae822cb0d1a4a237526a2bd04d89a2f16abfce3f0be979376c78b19e,e5226368370f86334ea87c6412b034a9e262496fcf8d2efb2d24de536e2403a6,2bc5b1394d23163fdce7b7ec5b79f5f2f0dca2fc6236a5ee12146bc6ea39c28f,2ffee6a9161a38d05713f182d8acef5b7531fdaeeff629ecf6be7785b6cf3cc3,891acf1b669f53703f43e7f2e71328d64f7ce72ca5dc18d5018140cb3a2e50fd,192,237,617,508
536,in-house,616,O=C1C2=C(CC(CC)CCCC)SC(CC(CC)CCCC)=C2C(C3=C(C4=CC=C(C5=CC(C(C6=CC(F)=C(CC(CC)CCCC)S6)=C(SC=C7)C7=C8C9=CC(F)=C(CC(CC)CCCC)S9)=C8S5)S4)SC(C%10=CC=CS%10)=C31)=O,c1cccc2c1C(=C(C#N)C#N)/C(=C/c1cc3c(s1)c1c([se]3)c3c(C1(c1ccc(cc1)CCCCCC)c1ccc(cc1)CCCCCC)cc1c(c3)C(c3c1[se]c1c3sc(c1)/C=C\1/C(=C(C#N)C#N)c3c(C1=O)cccc3)(c1ccc(cc1)CCCCCC)c1ccc(cc1)CCCCCC)/C2=O,7.46,O=C1C2=C(CC(CC)CCCC)SC(CC(CC)CCCC)=C2C(C3=C(C4=CC=C(C5=CC(C(C6=CC(F)=C(CC(CC)CCCC)S6)=C(SC=C7)C7=C8C9=CC(F)=C(CC(CC)CCCC)S9)=C8S5)S4)SC(C%10=CC=CS%10)=C31)=O||c1cccc2c1C(=C(C#N)C#N)/C(=C/c1cc3c(s1)c1c([se]3)c3c(C1(c1ccc(cc1)CCCCCC)c1ccc(cc1)CCCCCC)cc1c(c3)C(c3c1[se]c1c3sc(c1)/C=C\1/C(=C(C#N)C#N)c3c(C1=O)cccc3)(c1ccc(cc1)CCCCCC)c1ccc(cc1)CCCCCC)/C2=O,65482d735aa1f382b817dd8d95b1689b39b0b3c26138949c2680844f1b1f5ea0,c27f15446f15731f9bdb3617f03f47b80b0f7acf0fcc0376b614f2a9afa38f07,49714f25cd1a138188bee35759d20d503afe170bb68f28e6e73346035793c780,2fcbca0db6b984a632b21c9711b05dc96f87bfcbd74b9983f8c02183b77d0148,ee26c7914883215ec8704258a9d75c8077881d0530b4be1e9bec8095b2d51e2e,342,235,1116,509
537,in-house,617,FC(C(F)=C(C1=NN(N=C21)CCC(CCCC)CCCCCC)C3=CC=C(S3)C)=C2C(S4)=CC=C4C5=CC(C(CCCC(CCCCCC)CCCC)=C6SC(C)=CC6=C7CCCC(CCCC)CCCCCC)=C7S5,O=C(C(C=C(C(F)=C1)F)=C1C/2=C(C#N)\C#N)C2=C/C3=CC(C(C4=CC=C(CCCCCC)C=C4)(C5=CC=C(CCCCCC)C=C5)C6=C7C=CC8=C6C=CC9=C8C(C%10=CC=C(CCCCCC)C=C%10)(C%11=C9SC(/C=C%12C(C(C=C(C(F)=C%13)F)=C%13C\%12=C(C#N)\C#N)=O)=C%11)C%14=CC=C(CCCCCC)C=C%14)=C7S3,7.45,FC(C(F)=C(C1=NN(N=C21)CCC(CCCC)CCCCCC)C3=CC=C(S3)C)=C2C(S4)=CC=C4C5=CC(C(CCCC(CCCCCC)CCCC)=C6SC(C)=CC6=C7CCCC(CCCC)CCCCCC)=C7S5||O=C(C(C=C(C(F)=C1)F)=C1C/2=C(C#N)\C#N)C2=C/C3=CC(C(C4=CC=C(CCCCCC)C=C4)(C5=CC=C(CCCCCC)C=C5)C6=C7C=CC8=C6C=CC9=C8C(C%10=CC=C(CCCCCC)C=C%10)(C%11=C9SC(/C=C%12C(C(C=C(C(F)=C%13)F)=C%13C\%12=C(C#N)\C#N)=O)=C%11)C%14=CC=C(CCCCCC)C=C%14)=C7S3,45e95ea37da5bc3e18f2c067cb95f73c851335176098d8fca22fcb29952b2779,59ce73222bfac4222d116f8bedf9b80dc5113aac2be73270fce668b5df45a210,8acc1111b78358b031879f1209ff0e83626ed1e32fd921ff8ca5e3ea30612dfa,0efe9e287381dee360bedfbef4e8a970fb039a458e3ef4a00f998aef83946aaf,d2bdc4be8163e2d541d15aefabf3478b27535bc2976a6c1d05e941f420c3df16,633,74,958,510
538,in-house,618,O=C(C1=C(CCC(CCCC)CC)SC(CCC(CC)CCCC)=C1C2=O)C(C2=C(C3)C(C4)=CC=C4C5=CC6=C(C(C7=CC=C(CCC(CCCC)CC)S7)=C8C=CSC8=C6C9=CC=C(CCC(CCCC)CC)S9)S5)=C3C%10=CC=CS%10,O=C(/C(S/1)=C/C(C2=NSN=C32)=CC=C3C4=CC(SC5=C6C(C(C=C7)=CC=C7CCCCCC)(C(C=C8)=CC=C8CCCCCC)C(C5=C9)=CC%10=C9C(C%11=CC=C(CCCCCC)C=C%11)(C%12=CC=C(C=C%12)CCCCCC)C%13=C%10SC%14=C%13SC(C(C%15=NSN=C%16%15)=CC=C%16/C=C(C%17=O)\S/C(N%17CCCC)=C(C#N)/C#N)=C%14)=C6S4)N(CCCC)C1=C(C#N)\C#N,7.43,O=C(C1=C(CCC(CCCC)CC)SC(CCC(CC)CCCC)=C1C2=O)C(C2=C(C3)C(C4)=CC=C4C5=CC6=C(C(C7=CC=C(CCC(CCCC)CC)S7)=C8C=CSC8=C6C9=CC=C(CCC(CCCC)CC)S9)S5)=C3C%10=CC=CS%10||O=C(/C(S/1)=C/C(C2=NSN=C32)=CC=C3C4=CC(SC5=C6C(C(C=C7)=CC=C7CCCCCC)(C(C=C8)=CC=C8CCCCCC)C(C5=C9)=CC%10=C9C(C%11=CC=C(CCCCCC)C=C%11)(C%12=CC=C(C=C%12)CCCCCC)C%13=C%10SC%14=C%13SC(C(C%15=NSN=C%16%15)=CC=C%16/C=C(C%17=O)\S/C(N%17CCCC)=C(C#N)/C#N)=C%14)=C6S4)N(CCCC)C1=C(C#N)\C#N,6f31f3770fd225e382586e20513744e11a328b7cc74c758d48628417c600a02b,dd6274390b0a1030fe50fce5ffc914984b0fd21a80a5f44cd2883b9e76102933,433fcfb2fc8f22c694a05ed9d37dc44e86e2c56dd04995244e51a3a2c84147a3,554f67b31e740f3a3a99b7849e978272e2fbbf7fa5fea00ba6ea56e9a4b69146,79f6871c729e7a7ac24740bf6c15a3f81a57ae5115ad669c0a4209457397f91b,306,407,550,511
539,in-house,619,O=C(C1=C(F)C2=C(C)SC(C3=CC4=C(C5=C(C(C6=CC=C(CCCCCCCC)[Se]6)=C4S3)C=C(C)S5)C7=CC=C(CCCCCCCC)[Se]7)=C2S1)[O]CCCCCCCC,O=C(C1=CC=CC=C1C/2=C(C#N)\C#N)C2=C/C3=CC4=C(C(C(C5=CC=C(CCCCCC)S5)(C6=C7C=C8C(C9=CC=C(S9)CCCCCC)(C%10=CC=C(S%10)CCCCCC)C%11=C(SC%12=C%11SC(/C=C%13C(C%14=CC=CC=C%14C\%13=C(C#N)\C#N)=O)=C%12)C8=C6)C(S%15)=CC=C%15CCCCCC)=C7S4)S3,7.42,O=C(C1=C(F)C2=C(C)SC(C3=CC4=C(C5=C(C(C6=CC=C(CCCCCCCC)[Se]6)=C4S3)C=C(C)S5)C7=CC=C(CCCCCCCC)[Se]7)=C2S1)[O]CCCCCCCC||O=C(C1=CC=CC=C1C/2=C(C#N)\C#N)C2=C/C3=CC4=C(C(C(C5=CC=C(CCCCCC)S5)(C6=C7C=C8C(C9=CC=C(S9)CCCCCC)(C%10=CC=C(S%10)CCCCCC)C%11=C(SC%12=C%11SC(/C=C%13C(C%14=CC=CC=C%14C\%13=C(C#N)\C#N)=O)=C%12)C8=C6)C(S%15)=CC=C%15CCCCCC)=C7S4)S3,6946c097d27a0bf5faab874875329a5029ea62fb69f996cf973e2d03e4090954,324d6e5b76a9400503a81056ec0f63ac76d712428565dd1fa4bf1871d8f66e0c,7a7d0c50f8af4100b102e907f33c94b0de2b9b10d32bf0ff085f4cf018916b95,5178137f1e1903bc2a2b6b60cb2fcc875e204d68d1e19b0454ffee733984d754,1e12beec335ddce6351c0dacbbd5827356c2339ad720366075579be2c950f2b9,563,392,125,512
540,in-house,620,FC1=C(C(OCC(CCCC)CC)=O)SC2=CSC(C3=CC4=C(C5=C(C(C6=CC=C(CC(CC)CCCC)S6)=C4S3)C=CS5)C7=CC=C(CC(CC)CCCC)S7)=C12,c1c2c(cc(c1F)F)C(=O)/C(=C\c1cc(c(s1)c1sc3c(c1)[C@](c1c3sc(c1)c1c(cc(s1)/C=C\1/C(=C(C#N)C#N)c3c(C1=O)cc(c(c3)F)F)OC[C@H](CCCC)CC)(C[C@@H](CC)CCCC)C[C@H](CC)CCCC)OC[C@H](CCCC)CC)/C2=C(C#N)C#N,7.4,FC1=C(C(OCC(CCCC)CC)=O)SC2=CSC(C3=CC4=C(C5=C(C(C6=CC=C(CC(CC)CCCC)S6)=C4S3)C=CS5)C7=CC=C(CC(CC)CCCC)S7)=C12||c1c2c(cc(c1F)F)C(=O)/C(=C\c1cc(c(s1)c1sc3c(c1)[C@](c1c3sc(c1)c1c(cc(s1)/C=C\1/C(=C(C#N)C#N)c3c(C1=O)cc(c(c3)F)F)OC[C@H](CCCC)CC)(C[C@@H](CC)CCCC)C[C@H](CC)CCCC)OC[C@H](CCCC)CC)/C2=C(C#N)C#N,2249a87c8fc0450476e55f070a85b71ffa6beb368356c28f1302bad8bac422cb,9bbab002a3b89eab8ed09bc06729970df3c545253740e412e43ae2a1a783869d,c99e2be8995d827f5a5193d1dbda73e37c88dad9affb2e58794dafd4904324b5,e9bd94f15da44dbdbc43160053bdecdb4b86a27b8b02a113104fcf9efb9008b7,a0a973d2d9d1d126b41df6aa4e1507ac6c2881d59d9a9224a523b3d0e710e58f,961,1076,733,513
541,in-house,622,CC1=CC=C(S1)C2=C(C(F)=C(C3=NON=C23)C4=CC=C(S4)C5=C(CC(CCCCCC)CCCCCCCC)C=C(C6=C(CC(CCCCCCCC)CCCCCC)C=C(C(C7=NON=C78)=C(C(F)=C8C9=CC(CC(CCCCCC)CCCCCCCC)=C(C%10=CC(CC(CCCCCC)CCCCCCCC)=C(C)S%10)S9)F)S6)S5)F,O=C(C1=CC=CC=C1C/2=C(C#N)\C#N)C2=C/C3=CC4=C(C(C(C5=CC=C(CCCCCC)S5)(C6=C7C=C8C(C9=CC=C(S9)CCCCCC)(C%10=CC=C(S%10)CCCCCC)C%11=C(SC%12=C%11SC(/C=C%13C(C%14=CC=CC=C%14C\%13=C(C#N)\C#N)=O)=C%12)C8=C6)C(S%15)=CC=C%15CCCCCC)=C7S4)S3,7.4,CC1=CC=C(S1)C2=C(C(F)=C(C3=NON=C23)C4=CC=C(S4)C5=C(CC(CCCCCC)CCCCCCCC)C=C(C6=C(CC(CCCCCCCC)CCCCCC)C=C(C(C7=NON=C78)=C(C(F)=C8C9=CC(CC(CCCCCC)CCCCCCCC)=C(C%10=CC(CC(CCCCCC)CCCCCCCC)=C(C)S%10)S9)F)S6)S5)F||O=C(C1=CC=CC=C1C/2=C(C#N)\C#N)C2=C/C3=CC4=C(C(C(C5=CC=C(CCCCCC)S5)(C6=C7C=C8C(C9=CC=C(S9)CCCCCC)(C%10=CC=C(S%10)CCCCCC)C%11=C(SC%12=C%11SC(/C=C%13C(C%14=CC=CC=C%14C\%13=C(C#N)\C#N)=O)=C%12)C8=C6)C(S%15)=CC=C%15CCCCCC)=C7S4)S3,f1e09c4d11828693e1ebf147195a992aca3612e0557d94b0790140557a3319fb,324d6e5b76a9400503a81056ec0f63ac76d712428565dd1fa4bf1871d8f66e0c,f94af0aa14858bc641d6e9ca4871fe376137816d45d4a1338a16ec67e5a8e720,15adf33948df438470572775668a48eecff5154a80d90cd943d49b006734e185,cc1de87b7e0f4d85a35cdfa92b8b64c4923ce8e6bb1c059c28d98c251c17a997,1160,108,937,514
542,in-house,623,FC1=C(F)C=C(N=C(OCC(CCCCCC)CCCCCCCC)C=N2)C2=C1C3=CC=CS3,c1scc2c1C(=C(C#N)C#N)/C(=C/c1cc3c(s1)c1c(C3(c3ccc(cc3)CCCCCC)c3ccc(cc3)CCCCCC)cc3c(c1)C(c1c3sc(c1)/C=C\1/C(=C(C#N)C#N)c3c(C1=O)csc3)(c1ccc(cc1)CCCCCC)c1ccc(cc1)CCCCCC)/C2=O,7.4,FC1=C(F)C=C(N=C(OCC(CCCCCC)CCCCCCCC)C=N2)C2=C1C3=CC=CS3||c1scc2c1C(=C(C#N)C#N)/C(=C/c1cc3c(s1)c1c(C3(c3ccc(cc3)CCCCCC)c3ccc(cc3)CCCCCC)cc3c(c1)C(c1c3sc(c1)/C=C\1/C(=C(C#N)C#N)c3c(C1=O)csc3)(c1ccc(cc1)CCCCCC)c1ccc(cc1)CCCCCC)/C2=O,6d0ebf843ec88894476605165efae2bf8fd910afe87a5868bc4b56e85a61a93d,7b8170e4e7be3fca11002a032129edf1366c5fdfe6de6f81fba917a703b6e4d0,d0959ff894647e89b0bd89daa565ee5c3765b3f718c1767cd1ad48e61326baf1,7c390fe279a52271c10ccc22abd651bab18ed9cde6bfbab958c72bf23ea5796c,27be3ff5338bf440bc6999a5dd126af4a1a9fd713235cc8edc184856eaf988d5,994,593,171,515
543,in-house,624,CC(S1)=CC=C1C(C2=C(C(C3=CC=C(S3)C)=C4S5)C=C(C)S2)=C4C=C5C(S6)=CC=C6C(C7=NN(N=C87)C)=CC=C8C9=CC=C(C)S9,c12cc3c(cc1C(c1c2sc2c1sc(c2)/C=C\1/C(=C(C#N)C#N)c2c(C1=O)cccc2)(c1ccc(cc1)CCCCCC)c1ccc(cc1)CCCCCC)c1c(C3(c2ccc(cc2)CCCCCC)c2ccc(cc2)CCCCCC)c2c(s1)cc(s2)/C=C\1/C(=C(C#N)C#N)c2c(C1=O)cccc2,7.39,CC(S1)=CC=C1C(C2=C(C(C3=CC=C(S3)C)=C4S5)C=C(C)S2)=C4C=C5C(S6)=CC=C6C(C7=NN(N=C87)C)=CC=C8C9=CC=C(C)S9||c12cc3c(cc1C(c1c2sc2c1sc(c2)/C=C\1/C(=C(C#N)C#N)c2c(C1=O)cccc2)(c1ccc(cc1)CCCCCC)c1ccc(cc1)CCCCCC)c1c(C3(c2ccc(cc2)CCCCCC)c2ccc(cc2)CCCCCC)c2c(s1)cc(s2)/C=C\1/C(=C(C#N)C#N)c2c(C1=O)cccc2,dfeb8a632de88c5db98c3c74a1e815fac2a150d46557a16a463ea02a34f90c9d,202f8607af2cecb83e86b2e4305f8c7e2852bc709bb805b9055691d46a9081c5,6b671e0e62c5e65a25fa5dd18de558b69d0bc51de07de7dd1a11dbb374e517ca,e3e835719770b2be569cfb9daf1a7ced4f9e72629a8b57f890258b662b411a06,6364db4d84ddb18837818afe40ea2a5ff35091fd866ecfb9d60f6767ff78a260,487,1049,450,516
544,in-house,625,FC1=C(F)C=C(N=C(OCC(CCCCCC)CCCCCCCC)C=N2)C2=C1C3=CC=CS3,O=C(C1=CC(F)=C(C=C1C/2=C(C#N)/C#N)F)C2=C/C3=CC([N]4[Mg])=C(S3)C5=C4C=C(C6=C7C8=CC([N]([Mg])C9=C%10SC(/C=C%11C(C%12=CC(F)=C(C=C%12C\%11=C(C#N)/C#N)F)=O)=C9)=C%10C=C8C(B=O)6B=O)C(C7(B=O)B=O)=C5,7.39,FC1=C(F)C=C(N=C(OCC(CCCCCC)CCCCCCCC)C=N2)C2=C1C3=CC=CS3||O=C(C1=CC(F)=C(C=C1C/2=C(C#N)/C#N)F)C2=C/C3=CC([N]4[Mg])=C(S3)C5=C4C=C(C6=C7C8=CC([N]([Mg])C9=C%10SC(/C=C%11C(C%12=CC(F)=C(C=C%12C\%11=C(C#N)/C#N)F)=O)=C9)=C%10C=C8C(B=O)6B=O)C(C7(B=O)B=O)=C5,6d0ebf843ec88894476605165efae2bf8fd910afe87a5868bc4b56e85a61a93d,85842ff67719440ecb68ca971229031fe45b0df49cad34369e42cde19035df3e,e026c0cb3b6e319debddc6014440553acb3e23fc20bb5a37e7f84f0e5a06c6f9,3c5e53d882f7bdaba2874ede532a540c112ee9e223a69acc68b553b87df02de1,552a95b0136459e884a53a1a41f5284e4ee8af1ee2dd6a35a7bd8e32892db3bd,1060,293,384,517
545,in-house,626,ClC1=C(C2=C(Cl)C=C(S2)C(OC)=O)SC3=C(C)SC(C4=CC(C(S4)=C(C5=C6SC(C)=C5)C7=CC=C(S7)CC(CC)CCCC)=C6C8=CC=C(S8)CC(CCCCC)CC)=C13,c12cc3c(cc1C(c1c2sc2c1sc(c2)/C=C\1/C(=C(C#N)C#N)c2c(C1=O)cccc2)(c1ccc(cc1)CCCCCC)c1ccc(cc1)CCCCCC)c1c(C3(c2ccc(cc2)CCCCCC)c2ccc(cc2)CCCCCC)c2c(s1)cc(s2)/C=C\1/C(=C(C#N)C#N)c2c(C1=O)cccc2,7.38,ClC1=C(C2=C(Cl)C=C(S2)C(OC)=O)SC3=C(C)SC(C4=CC(C(S4)=C(C5=C6SC(C)=C5)C7=CC=C(S7)CC(CC)CCCC)=C6C8=CC=C(S8)CC(CCCCC)CC)=C13||c12cc3c(cc1C(c1c2sc2c1sc(c2)/C=C\1/C(=C(C#N)C#N)c2c(C1=O)cccc2)(c1ccc(cc1)CCCCCC)c1ccc(cc1)CCCCCC)c1c(C3(c2ccc(cc2)CCCCCC)c2ccc(cc2)CCCCCC)c2c(s1)cc(s2)/C=C\1/C(=C(C#N)C#N)c2c(C1=O)cccc2,9704602dcbd819e51e3f620e44208e08015da604dd2b6731853dec3b5209b5f9,202f8607af2cecb83e86b2e4305f8c7e2852bc709bb805b9055691d46a9081c5,baf1be75b2be487f7a27f4dd07122d3574ac5d7df9aa4f68b5cc975a131a185b,f6801c73f30a16a0761bc28ddd2fc43e7e77263344b2ea1ec5d61e419b0bde68,fc46d7454d62f1034d8fdf25a4be56e91262e3dde6773992ae1e201aa089714f,884,1146,1176,518
546,in-house,627,O=C(C1=C(CCC(CCCC)CC)SC(CCC(CC)CCCC)=C1C2=O)C(C2=C(C3)C(C4)=CC=C4C5=CC6=C(C(C7=CC=C(CCC(CCCC)CC)S7)=C8C=CSC8=C6C9=CC=C(CCC(CCCC)CC)S9)S5)=C3C%10=CC=CS%10,O=C(C1=C(C/2=C(C#N)\C#N)C=CS1)C2=C/C3=CSC(C4=CC5=C(C(C=C6C(C7=CC=C(C=C7)CCCCCC)(C8=CC=C(C=C8)CCCCCC)C9=C(SC(C%10=C(OCCCCCCCC)C(/C=C%11C(C%12=C(C\%11=C(C#N)\C#N)C=CS%12)=O)=CS%10)=C9)C6=C%13)=C%13C5(C(C=C%14)=CC=C%14CCCCCC)C(C=C%15)=CC=C%15CCCCCC)S4)=C3OCCCCCCCC,7.34,O=C(C1=C(CCC(CCCC)CC)SC(CCC(CC)CCCC)=C1C2=O)C(C2=C(C3)C(C4)=CC=C4C5=CC6=C(C(C7=CC=C(CCC(CCCC)CC)S7)=C8C=CSC8=C6C9=CC=C(CCC(CCCC)CC)S9)S5)=C3C%10=CC=CS%10||O=C(C1=C(C/2=C(C#N)\C#N)C=CS1)C2=C/C3=CSC(C4=CC5=C(C(C=C6C(C7=CC=C(C=C7)CCCCCC)(C8=CC=C(C=C8)CCCCCC)C9=C(SC(C%10=C(OCCCCCCCC)C(/C=C%11C(C%12=C(C\%11=C(C#N)\C#N)C=CS%12)=O)=CS%10)=C9)C6=C%13)=C%13C5(C(C=C%14)=CC=C%14CCCCCC)C(C=C%15)=CC=C%15CCCCCC)S4)=C3OCCCCCCCC,6f31f3770fd225e382586e20513744e11a328b7cc74c758d48628417c600a02b,3a8898cc094398fce4288c2933a4a448e17ec0959fadc7e0b28dd98356465f5d,cabceb72ba9ae171ef3a4f4866cf0085b1e975039c6254db292aa8326f0e8ce5,31ea4045f3adc4d8d7940a204d939f9f011e5df03717708a8ae305f9fda39e6b,e947a99965ef73bef16722af4acd56c5d63b387b9ec0eece971e74e5c71e0bc3,966,253,1084,519
547,in-house,628,FC1=C(C(OCC(CCCC)CC)=O)SC2=CSC(C3=CC4=C(C5=C(C(C6=CC=C(CC(CC)CCCC)S6)=C4S3)C=CS5)C7=CC=C(CC(CC)CCCC)S7)=C12,c12cc3c(cc1C(c1c2sc2c1sc(c2)/C=C\1/C(=C(C#N)C#N)c2c(C1=O)cccc2)(c1cccc(c1)OCCCCCC)c1cc(ccc1)OCCCCCC)c1c(C3(c2cc(ccc2)OCCCCCC)c2cccc(c2)OCCCCCC)c2c(s1)cc(s2)/C=C\1/C(=C(C#N)C#N)c2c(C1=O)cccc2,7.33,FC1=C(C(OCC(CCCC)CC)=O)SC2=CSC(C3=CC4=C(C5=C(C(C6=CC=C(CC(CC)CCCC)S6)=C4S3)C=CS5)C7=CC=C(CC(CC)CCCC)S7)=C12||c12cc3c(cc1C(c1c2sc2c1sc(c2)/C=C\1/C(=C(C#N)C#N)c2c(C1=O)cccc2)(c1cccc(c1)OCCCCCC)c1cc(ccc1)OCCCCCC)c1c(C3(c2cc(ccc2)OCCCCCC)c2cccc(c2)OCCCCCC)c2c(s1)cc(s2)/C=C\1/C(=C(C#N)C#N)c2c(C1=O)cccc2,2249a87c8fc0450476e55f070a85b71ffa6beb368356c28f1302bad8bac422cb,64e6ad49f7de4f8b7c206fc28a03021cda0145e055cb58618774c8fd0bda684a,4d2c96914fcff6a827570aeb38d102e548e8e832d2cb0cdd3b4ef3773a47094b,fe4c0fa6796dd9ea3c88d34281337cd29016c593c651355b61da6f72c86773f8,5f1e04ca9770dd1959cda67ba42e8ea2434eed7af969771783c12a77ec440ac1,357,1183,428,520
548,in-house,629,O=C(C1=C(CCC(CCCC)CC)SC(CCC(CC)CCCC)=C1C2=O)C(C2=C(C3)C(C4)=CC=C4C5=CC6=C(C(C7=CC=C(CCC(CCCC)CC)S7)=C8C=CSC8=C6C9=CC=C(CCC(CCCC)CC)S9)S5)=C3C%10=CC=CS%10,O=C(C1=C(C=CC=C1)C/2=C(C#N)\C#N)C2=C/C3=CC(C4(C5=CC=C(C=C5)CCCCCC)C6=CC=C(CCCCCC)C=C6)=C(C7=C4C(C=C(C8=C9C(CCCCCCCCCCCC)=CC%10=C8SC%11=C%10C(C%12=CC=C(CCCCCC)C=C%12)(C%13=CC=C(CCCCCC)C=C%13)C%14=C%11SC(/C=C%15C(C%16=C(C=CC=C%16)C\%15=C(C#N)\C#N)=O)=C%14)CCCCCCCCCCCC)=C9S7)S3,7.31,O=C(C1=C(CCC(CCCC)CC)SC(CCC(CC)CCCC)=C1C2=O)C(C2=C(C3)C(C4)=CC=C4C5=CC6=C(C(C7=CC=C(CCC(CCCC)CC)S7)=C8C=CSC8=C6C9=CC=C(CCC(CCCC)CC)S9)S5)=C3C%10=CC=CS%10||O=C(C1=C(C=CC=C1)C/2=C(C#N)\C#N)C2=C/C3=CC(C4(C5=CC=C(C=C5)CCCCCC)C6=CC=C(CCCCCC)C=C6)=C(C7=C4C(C=C(C8=C9C(CCCCCCCCCCCC)=CC%10=C8SC%11=C%10C(C%12=CC=C(CCCCCC)C=C%12)(C%13=CC=C(CCCCCC)C=C%13)C%14=C%11SC(/C=C%15C(C%16=C(C=CC=C%16)C\%15=C(C#N)\C#N)=O)=C%14)CCCCCCCCCCCC)=C9S7)S3,6f31f3770fd225e382586e20513744e11a328b7cc74c758d48628417c600a02b,35df1b2f253b6f61c91c4a3ace2fb9e727e53d8b5f77f355eaf45f479fff9b6e,771680f1a132f6e78145b1f4467755fbe0e16deea6d563b3ff7bac0b9e107e7a,f88726ffbbd6b83b6f7adc5bc69df03b00e82909256fa69ef6df1ffb6fe2e3d1,415ee22d1a267605609b215f5506b4db20e466f6f336788b8dbb37572535cb14,543,1157,284,521
549,in-house,630,ClC(C=C1C(C2=C3SC(C4=CC=C(S4)C(C5=NN(N=C65)CC(CCCCCC)CCCCCCCC)=C(OC)C(OC)=C6C7=CC=C(C)S7)=C2)=C8SC(C)=CC8=C3C9=CC(Cl)=C(S9)CC)=C(S1)CC,O=C(C/1=C\C2=C(C3=C(S2)C(N4C5=CC=C(CCCCCC)C=C5)=C(C6=C4C7=C(C8=NSN=C68)C(SC9=C%10SC(/C=C%11C(C%12=CC(F)=C(C=C%12C\%11=C(C#N)/C#N)F)=O)=C9CCCCCCCCCCC)=C%10N7C%13=CC=C(CCCCCC)C=C%13)S3)CCCCCCCCCCC)C%14=CC(F)=C(F)C=C%14C1=C(C#N)/C#N,7.31,ClC(C=C1C(C2=C3SC(C4=CC=C(S4)C(C5=NN(N=C65)CC(CCCCCC)CCCCCCCC)=C(OC)C(OC)=C6C7=CC=C(C)S7)=C2)=C8SC(C)=CC8=C3C9=CC(Cl)=C(S9)CC)=C(S1)CC||O=C(C/1=C\C2=C(C3=C(S2)C(N4C5=CC=C(CCCCCC)C=C5)=C(C6=C4C7=C(C8=NSN=C68)C(SC9=C%10SC(/C=C%11C(C%12=CC(F)=C(C=C%12C\%11=C(C#N)/C#N)F)=O)=C9CCCCCCCCCCC)=C%10N7C%13=CC=C(CCCCCC)C=C%13)S3)CCCCCCCCCCC)C%14=CC(F)=C(F)C=C%14C1=C(C#N)/C#N,f7d10e57e79bc1db8f02efa68272c3df35ac20828882b721032838c624f10e28,3bc5e962960694d5a8c90d751d3f10c939059169c6882aed8bdcfb92d36d6776,56bbb9b7572b6d03312745cbcc3956f6dd1de515b05e725db07ac34d3c48b624,3654393fb27bc27da48cec1d307a2b3dfc619f7df2c3926717d8f051bfa3df0a,4384ab7bfa49eba36565fd352ebce04ca24fc35765866b500eb09863362fee68,394,271,295,522
550,in-house,632,O=C(C1=C(CCC(CCCC)CC)SC(CCC(CC)CCCC)=C1C2=O)C(C2=C(C3)C(C4)=CC=C4C5=CC6=C(C(C7=CC=C(CCC(CCCC)CC)S7)=C8C=CSC8=C6C9=CC=C(CCC(CCCC)CC)S9)S5)=C3C%10=CC=CS%10,O=C(C1=CC=CC=C1C/2=C(C#N)\C#N)C2=C/C3=CC(CC(CCCC)CC)=C(S3)C4=CC(C5(C6=CC=C(CCCCCC)C=C6)C7=CC=C(CCCCCC)C=C7)=C(C8=CC9=C(C%10=C(C9(C%11=CC=C(CCCCCC)C=C%11)C%12=CC=C(C=C%12)CCCCCC)C=C(C%13=C(CC(CC)CCCC)C=C(/C=C%14C(C%15=CC=CC=C%15C\%14=C(C#N)\C#N)=O)S%13)S%10)C=C85)S4,7.3,O=C(C1=C(CCC(CCCC)CC)SC(CCC(CC)CCCC)=C1C2=O)C(C2=C(C3)C(C4)=CC=C4C5=CC6=C(C(C7=CC=C(CCC(CCCC)CC)S7)=C8C=CSC8=C6C9=CC=C(CCC(CCCC)CC)S9)S5)=C3C%10=CC=CS%10||O=C(C1=CC=CC=C1C/2=C(C#N)\C#N)C2=C/C3=CC(CC(CCCC)CC)=C(S3)C4=CC(C5(C6=CC=C(CCCCCC)C=C6)C7=CC=C(CCCCCC)C=C7)=C(C8=CC9=C(C%10=C(C9(C%11=CC=C(CCCCCC)C=C%11)C%12=CC=C(C=C%12)CCCCCC)C=C(C%13=C(CC(CC)CCCC)C=C(/C=C%14C(C%15=CC=CC=C%15C\%14=C(C#N)\C#N)=O)S%13)S%10)C=C85)S4,6f31f3770fd225e382586e20513744e11a328b7cc74c758d48628417c600a02b,344dccdd28ddc82b85da7719e7bd4ac1ccc795da467b0d375664dbc2a9934c67,c0411ccfe3a6938a9159055fde2a6abe25e9d7220c84051235b19facb5a20555,3f1b4b4f4e9736929cdb14aa13313a9a250da1cc041bf323e710321faa431fdf,4238a3abbe81c369e4480827c837240f82d33484a760dc76f8ae531ecd88cf03,914,307,292,523
551,in-house,633,FC1=C(C2=CC(CC(CCCCCCCCCC)CCCCCCCCCCCC)=C(C3=CC(F)=C(C4=C(F)C=C(C)S4)S3)S2)C5=NN(CCCC)N=C5C(C6=CC(CC(CCCCCCCCCC)CCCCCCCCCCCC)=C(S6)C)=C1F,O=C(C1=CC=CC=C1C/2=C(C#N)\C#N)C2=C/C3=CC(CC(CCCC)CC)=C(S3)C4=CC(C5(C6=CC=C(CCCCCC)C=C6)C7=CC=C(CCCCCC)C=C7)=C(C8=CC9=C(C%10=C(C9(C%11=CC=C(CCCCCC)C=C%11)C%12=CC=C(C=C%12)CCCCCC)C=C(C%13=C(CC(CC)CCCC)C=C(/C=C%14C(C%15=CC=CC=C%15C\%14=C(C#N)\C#N)=O)S%13)S%10)C=C85)S4,7.3,FC1=C(C2=CC(CC(CCCCCCCCCC)CCCCCCCCCCCC)=C(C3=CC(F)=C(C4=C(F)C=C(C)S4)S3)S2)C5=NN(CCCC)N=C5C(C6=CC(CC(CCCCCCCCCC)CCCCCCCCCCCC)=C(S6)C)=C1F||O=C(C1=CC=CC=C1C/2=C(C#N)\C#N)C2=C/C3=CC(CC(CCCC)CC)=C(S3)C4=CC(C5(C6=CC=C(CCCCCC)C=C6)C7=CC=C(CCCCCC)C=C7)=C(C8=CC9=C(C%10=C(C9(C%11=CC=C(CCCCCC)C=C%11)C%12=CC=C(C=C%12)CCCCCC)C=C(C%13=C(CC(CC)CCCC)C=C(/C=C%14C(C%15=CC=CC=C%15C\%14=C(C#N)\C#N)=O)S%13)S%10)C=C85)S4,a84f1c9fdbf6d3b110bf3c318efd5b1d277a2034e8fa231da737c7fb01c07117,344dccdd28ddc82b85da7719e7bd4ac1ccc795da467b0d375664dbc2a9934c67,a141f92bc800b88d2bffb4e0a2294bee3c0d8a395f5203b74cdf2f5389597396,a1013fea265a0447fd2fd59b35c00032436e553b1dca992b89ee9106d960e9ab,63f4580b809446e07014ec1413c71eb2328924134858f3de8659c4efd2cdfed1,748,752,452,524
552,in-house,634,FC1=C(C(OCC(CCCC)CC)=O)SC2=CSC(C3=CC4=C(C5=C(C(C6=CC=C(CC(CC)CCCC)S6)=C4S3)C=CS5)C7=CC=C(CC(CC)CCCC)S7)=C12,O=C1C(/C(C2=C1C=CC=C2)=C(C#N)\C#N)=C\C3=CC(OCC(CCCC)CC)=C(C4=CC(C(C5=CC(C6=C7C=C(C8=C(C=C(/C=C(C9=O)/C(C%10=C9C=CC=C%10)=C(C#N)\C#N)S8)OCC(CCCC)CC)S6)=C(C7(C%11=CC=C(C=C%11)CCCCCC)C%12=CC=C(C=C%12)CCCCCC)C=C%135)(C%14=CC=C(C=C%14)CCCCCC)C(C=C%15)=CC=C%15CCCCCC)=C%13S4)S3,7.3,FC1=C(C(OCC(CCCC)CC)=O)SC2=CSC(C3=CC4=C(C5=C(C(C6=CC=C(CC(CC)CCCC)S6)=C4S3)C=CS5)C7=CC=C(CC(CC)CCCC)S7)=C12||O=C1C(/C(C2=C1C=CC=C2)=C(C#N)\C#N)=C\C3=CC(OCC(CCCC)CC)=C(C4=CC(C(C5=CC(C6=C7C=C(C8=C(C=C(/C=C(C9=O)/C(C%10=C9C=CC=C%10)=C(C#N)\C#N)S8)OCC(CCCC)CC)S6)=C(C7(C%11=CC=C(C=C%11)CCCCCC)C%12=CC=C(C=C%12)CCCCCC)C=C%135)(C%14=CC=C(C=C%14)CCCCCC)C(C=C%15)=CC=C%15CCCCCC)=C%13S4)S3,2249a87c8fc0450476e55f070a85b71ffa6beb368356c28f1302bad8bac422cb,87476fb90d0db17e58b2a62e38ecc6765e2842c257a662603688167ffd1038b6,25a093e759cef0f6da4142ee23ee7c6c7679bb114baec61c113b71109e23954f,224fdf9582811e4c66604a5a21305c80c3dd0129eb7bcc219ff492cbcfbf76f1,17165216c0e0a0502487bfc02d3e9d7fce6ef55c484b3f10df5a3fbac449859d,167,165,104,525
553,in-house,635,O=C(C1=C(CCC(CCCC)CC)SC(CCC(CC)CCCC)=C1C2=O)C(C2=C(C3)C(C4)=CC=C4C5=CC6=C(C(C7=CC=C(CCC(CCCC)CC)S7)=C8C=CSC8=C6C9=CC=C(CCC(CCCC)CC)S9)S5)=C3C%10=CC=CS%10,O=C(C1=CC(F)=C(F)C=C1C/2=C(C#N)\C#N)C2=C/C3=CC4=C(C(C(C5=CC=C(CCCCCC)C=C5)(C6=CC=C(CCCCCC)C=C6)C7=C8C=C9C(C(SC%10=C%11SC(C%12=CC=C(C%13=C(F)C(F)=C(C%14=CC=C(C%15=CC%16=C(C(C(C%17=CC=C(CCCCCC)C=C%17)(C%18=CC=C(CCCCCC)C=C%18)C%19=C%20C=C%21C(C(SC%22=C%23SC(/C=C%24C(C(C=C(F)C(F)=C%25)=C%25C\%24=C(C#N)\C#N)=O)=C%22)=C%23C%21(C%26=CC=C(CCCCCC)C=C%26)C%27=CC=C(CCCCCC)C=C%27)=C%19)=C%20S%16)S%15)S%14)C%28=NSN=C%13%28)S%12)=C%10)=C%11C9(C%29=CC=C(CCCCCC)C=C%29)C%30=CC=C(CCCCCC)C=C%30)=C7)=C8S4)S3,7.27,O=C(C1=C(CCC(CCCC)CC)SC(CCC(CC)CCCC)=C1C2=O)C(C2=C(C3)C(C4)=CC=C4C5=CC6=C(C(C7=CC=C(CCC(CCCC)CC)S7)=C8C=CSC8=C6C9=CC=C(CCC(CCCC)CC)S9)S5)=C3C%10=CC=CS%10||O=C(C1=CC(F)=C(F)C=C1C/2=C(C#N)\C#N)C2=C/C3=CC4=C(C(C(C5=CC=C(CCCCCC)C=C5)(C6=CC=C(CCCCCC)C=C6)C7=C8C=C9C(C(SC%10=C%11SC(C%12=CC=C(C%13=C(F)C(F)=C(C%14=CC=C(C%15=CC%16=C(C(C(C%17=CC=C(CCCCCC)C=C%17)(C%18=CC=C(CCCCCC)C=C%18)C%19=C%20C=C%21C(C(SC%22=C%23SC(/C=C%24C(C(C=C(F)C(F)=C%25)=C%25C\%24=C(C#N)\C#N)=O)=C%22)=C%23C%21(C%26=CC=C(CCCCCC)C=C%26)C%27=CC=C(CCCCCC)C=C%27)=C%19)=C%20S%16)S%15)S%14)C%28=NSN=C%13%28)S%12)=C%10)=C%11C9(C%29=CC=C(CCCCCC)C=C%29)C%30=CC=C(CCCCCC)C=C%30)=C7)=C8S4)S3,6f31f3770fd225e382586e20513744e11a328b7cc74c758d48628417c600a02b,c12fbc4cf6cb12121cc755b8914580ed4513d8da27ec82c16f11e442d8ee106f,2a6c408785108f8e320ea360a7f2fee908ee660f5f2c6555603c49d71a890785,2627dcba11bbb5d6c22cac5f7c06d2daa4e7d18aa1437c692ae5d9be2c034c92,3b9cab39ed8553b5753a132078d976367346fcc03643414f09bf882c30b0d869,184,187,255,526
554,in-house,636,FC(C=C(C1=C2SC=CC2=C(C3=CC(F)=C(CC(CCCC)CC)S3)C4=C1C=C(C5=CC=C(C6=C(C(C(C7=C(CC(CCCC)CC)SC(CC(CC)CCCC)=C78)=O)=C(C9=CC=CC9)S6)C8=O)S5)S4)S%10)=C%10CC(CC)CCCC,O=C(C(C=C(F)C(F)=C1)=C1C/2=C(C#N)/C#N)C2=C/C3=CC(SC(C4=C5C6=C(S4)C(OC7(C8=CC=C(CCCCCC)C=C8)C9=CC=C(CCCCCC)C=C9)=C(C%10=C7C%11=C(C=C(S%11)/C=C%12C(C(C=C(F)C(F)=C%13)=C%13C\%12=C(C#N)/C#N)=O)S%10)S6)=C%14C(C%15=CC=C(CCCCCC)C=C%15)(O5)C%16=CC=C(CCCCCC)C=C%16)=C%14S3,7.22,FC(C=C(C1=C2SC=CC2=C(C3=CC(F)=C(CC(CCCC)CC)S3)C4=C1C=C(C5=CC=C(C6=C(C(C(C7=C(CC(CCCC)CC)SC(CC(CC)CCCC)=C78)=O)=C(C9=CC=CC9)S6)C8=O)S5)S4)S%10)=C%10CC(CC)CCCC||O=C(C(C=C(F)C(F)=C1)=C1C/2=C(C#N)/C#N)C2=C/C3=CC(SC(C4=C5C6=C(S4)C(OC7(C8=CC=C(CCCCCC)C=C8)C9=CC=C(CCCCCC)C=C9)=C(C%10=C7C%11=C(C=C(S%11)/C=C%12C(C(C=C(F)C(F)=C%13)=C%13C\%12=C(C#N)/C#N)=O)S%10)S6)=C%14C(C%15=CC=C(CCCCCC)C=C%15)(O5)C%16=CC=C(CCCCCC)C=C%16)=C%14S3,61eee9608e36bdb1d3a96a3ad1baa39916f3a546e29d11481966a5a2d3d30f3c,d14c824268ea3d728ff01ba95c8e56ca2f1067f31e069a6669701a6edc8cad7b,332c1fe22d1b98f73a74350e359809a4fbcebadf89511d9411185467cea418e0,7916b92b0f19fdc57dc4c7e6b536f17c7dc766f6b2ed246bc6423d2528b3df46,60364cdaab9a5f997107ede3ef4c9b11a67e656af886301cc80c8339143e602a,231,578,432,527
555,in-house,639,O=C(OCC)/C(C#N)=C/C1=CC(CCCCCCCC)=C(S1)C2=CC(CCCCCCCC)=C(S2)C3=CC(CCCCCCCC)=C(S3)C4=CC=C(C5=C(CCCCCCCC)C=C(C6=C(CCCCCCCC)C=C(C7=C(CCCCCCCC)C=C(/C=C(C(OCC)=O)\C#N)S7)S6)S5)S4,O=C(C/1=C\C2=C(C3=C(S2)C(N4C5=CC=C(CCCCCC)C=C5)=C(C6=C4C7=C(C8=NSN=C68)C(SC9=C%10SC(/C=C%11C(C%12=CC(F)=C(C=C%12C\%11=C(C#N)/C#N)F)=O)=C9CCCCCCCCCCC)=C%10N7C%13=CC=C(CCCCCC)C=C%13)S3)CCCCCCCCCCC)C%14=CC(F)=C(F)C=C%14C1=C(C#N)/C#N,7.2,O=C(OCC)/C(C#N)=C/C1=CC(CCCCCCCC)=C(S1)C2=CC(CCCCCCCC)=C(S2)C3=CC(CCCCCCCC)=C(S3)C4=CC=C(C5=C(CCCCCCCC)C=C(C6=C(CCCCCCCC)C=C(C7=C(CCCCCCCC)C=C(/C=C(C(OCC)=O)\C#N)S7)S6)S5)S4||O=C(C/1=C\C2=C(C3=C(S2)C(N4C5=CC=C(CCCCCC)C=C5)=C(C6=C4C7=C(C8=NSN=C68)C(SC9=C%10SC(/C=C%11C(C%12=CC(F)=C(C=C%12C\%11=C(C#N)/C#N)F)=O)=C9CCCCCCCCCCC)=C%10N7C%13=CC=C(CCCCCC)C=C%13)S3)CCCCCCCCCCC)C%14=CC(F)=C(F)C=C%14C1=C(C#N)/C#N,f81f1963094ce78be377dca4caefb20950f9f957350ba2dd52e3f1f7d0759936,3bc5e962960694d5a8c90d751d3f10c939059169c6882aed8bdcfb92d36d6776,9fb6dfb2a5063fb7079af83e63864252505785d2f82c0ecacbf5b1188d6aecb9,1d77c45e3dfe749c3d03bf5564b835686afff6653de15a7f798cd046b020e6a2,978ed22b30082d01686643768295025301761ab65f352df259dd946c5b79a207,731,145,685,528
556,in-house,640,FC1=C(C(OCC(CCCC)CC)=O)SC2=CSC(C3=CC4=C(C5=C(C(C6=CC=C(CC(CC)CCCC)S6)=C4S3)C=CS5)C7=CC=C(CC(CC)CCCC)S7)=C12,O=C(C1=CC=C(F)C=C1C/2=C(C#N)\C#N)C2=C/C3=CC(OCC(CC)CCCC)=C(C4=CC5=C(C6=CC7=C(C8=C(C7(C9=CC=C(C=C9)CCCCCC)C%10=CC=C(C=C%10)CCCCCC)C=C(C%11=C(OCC(CC)CCCC)C=C(/C=C%12C(C%13=CC=C(F)C=C%13C\%12=C(C#N)\C#N)=O)S%11)S8)C=C6C5(C%14=CC=C(C=C%14)CCCCCC)C%15=CC=C(C=C%15)CCCCCC)S4)S3,7.2,FC1=C(C(OCC(CCCC)CC)=O)SC2=CSC(C3=CC4=C(C5=C(C(C6=CC=C(CC(CC)CCCC)S6)=C4S3)C=CS5)C7=CC=C(CC(CC)CCCC)S7)=C12||O=C(C1=CC=C(F)C=C1C/2=C(C#N)\C#N)C2=C/C3=CC(OCC(CC)CCCC)=C(C4=CC5=C(C6=CC7=C(C8=C(C7(C9=CC=C(C=C9)CCCCCC)C%10=CC=C(C=C%10)CCCCCC)C=C(C%11=C(OCC(CC)CCCC)C=C(/C=C%12C(C%13=CC=C(F)C=C%13C\%12=C(C#N)\C#N)=O)S%11)S8)C=C6C5(C%14=CC=C(C=C%14)CCCCCC)C%15=CC=C(C=C%15)CCCCCC)S4)S3,2249a87c8fc0450476e55f070a85b71ffa6beb368356c28f1302bad8bac422cb,b7c5914d96328dfe377a33c39899e8c69180de6ad3d193151f37d24acb652d11,129ea8984fd784ab8ed45b1bcb0da8fda35df4b829fc83b9c3daa3ddb9114200,15f5a56aaa7a3c384736049dc7dac66d2d9fd49dd69d3e91e94d2200d13487a6,8ff9299a788cac46e2cbe37333f569b0a59de5b8d61498c4dcebbaac20a671ee,84,110,648,529
557,in-house,643,c1(c2c3c(c(c4c2cc(s4)c2ccc(s2)c2sc(c4c2C(=O)c2c(C4=O)c(sc2C[C@@H](CC)CCCC)C[C@H](CC)CCCC)c2cccs2)c2ccc(s2)SC[C@@H](CC)CCCC)ccs3)ccc(s1)SC[C@@H](CC)CCCC,c1ccc2c(c1)C(=O)/C(=C/c1cc3c(s1)c1c(s3)c3c(C1(c1ccc(cc1)SCCCCCC)c1ccc(cc1)SCCCCCC)cc1c(c3)C(c3c1sc1c3sc(c1)/C=C\1/C(=O)c3c(C1=C(C#N)C#N)cccc3)(c1ccc(cc1)SCCCCCC)c1ccc(cc1)SCCCCCC)/C2=C(C#N)C#N,7.17,c1(c2c3c(c(c4c2cc(s4)c2ccc(s2)c2sc(c4c2C(=O)c2c(C4=O)c(sc2C[C@@H](CC)CCCC)C[C@H](CC)CCCC)c2cccs2)c2ccc(s2)SC[C@@H](CC)CCCC)ccs3)ccc(s1)SC[C@@H](CC)CCCC||c1ccc2c(c1)C(=O)/C(=C/c1cc3c(s1)c1c(s3)c3c(C1(c1ccc(cc1)SCCCCCC)c1ccc(cc1)SCCCCCC)cc1c(c3)C(c3c1sc1c3sc(c1)/C=C\1/C(=O)c3c(C1=C(C#N)C#N)cccc3)(c1ccc(cc1)SCCCCCC)c1ccc(cc1)SCCCCCC)/C2=C(C#N)C#N,19e710b4ae822cb0d1a4a237526a2bd04d89a2f16abfce3f0be979376c78b19e,0f396e867ab1555e0345c0dcc407832658dd65ccd8af96d421975e836d9d7654,c5939a47a829294748d8030fc8b785dc6c324dd275962994b98ca422df01c721,640199ef1086c951f206f191923e6641c4315dcedddddffdcb5b6fd0985e9464,f9f83974458c11e627b24f647ccf2e56b1085d981015e9e48b3d1d342d3b9082,948,477,1165,530
558,in-house,645,CC1=CC(C(C2=CC=C(CC(CCCCCC)CCCC)S2)=C3SC(C4=C(CCCCCCCC)C=C(C5=C(C(F)=C(C6=NSN=C56)C7=CC(CCCCCCCC)=C(S7)C)F)S4)=CC3=C8C9=CC=C(CC(CCCC)CCCCCC)S9)=C8S1,c12cc3c(cc1C(c1c2sc2c1sc(c2)/C=C\1/C(=C(C#N)C#N)c2c(C1=O)cccc2)(c1ccc(cc1)CCCCCC)c1ccc(cc1)CCCCCC)c1c(C3(c2ccc(cc2)CCCCCC)c2ccc(cc2)CCCCCC)c2c(s1)cc(s2)/C=C\1/C(=C(C#N)C#N)c2c(C1=O)cccc2,7.15,CC1=CC(C(C2=CC=C(CC(CCCCCC)CCCC)S2)=C3SC(C4=C(CCCCCCCC)C=C(C5=C(C(F)=C(C6=NSN=C56)C7=CC(CCCCCCCC)=C(S7)C)F)S4)=CC3=C8C9=CC=C(CC(CCCC)CCCCCC)S9)=C8S1||c12cc3c(cc1C(c1c2sc2c1sc(c2)/C=C\1/C(=C(C#N)C#N)c2c(C1=O)cccc2)(c1ccc(cc1)CCCCCC)c1ccc(cc1)CCCCCC)c1c(C3(c2ccc(cc2)CCCCCC)c2ccc(cc2)CCCCCC)c2c(s1)cc(s2)/C=C\1/C(=C(C#N)C#N)c2c(C1=O)cccc2,96dcb1674b3eff239b7d3ad33da2a6ab1436bd71b17b251962e7c495b103642b,202f8607af2cecb83e86b2e4305f8c7e2852bc709bb805b9055691d46a9081c5,afe0b4be3afddda120ae4bbc2950664a129bc4209f969b8d7a36c0e218121559,102141dd606d75057f480d71a55cbd982a6e8071d9edc53333958d53ade035ef,e16bddcd14bd9d04c9df94ac4d850efa3ef544af67f5f960838e1a8a250c6db5,814,79,1049,396
559,in-house,646,CC1=CC(C(C2=CC=C(S2)CCCCCCCCCCCC)=C3SC(C4=C(C(N(C5=O)CCCCCCCC)=O)C5=C(C)S4)=CC3=C6C7=CC=C(S7)CCCCCCCCCCCC)=C6S1,N#C/C(C#N)=C(C1=CC=CC=C1C2=O)/C2=C/C3=CC4=C(C5=C(C=C6C(C(CCCCCC)(CCCCCC)C7=C6SC(/C=C8/C(C9=CC=CC=C9C8=O)=C(C#N)/C#N)=C7)=C5)C4(CCCCCC)CCCCCC)S3,7.15,CC1=CC(C(C2=CC=C(S2)CCCCCCCCCCCC)=C3SC(C4=C(C(N(C5=O)CCCCCCCC)=O)C5=C(C)S4)=CC3=C6C7=CC=C(S7)CCCCCCCCCCCC)=C6S1||N#C/C(C#N)=C(C1=CC=CC=C1C2=O)/C2=C/C3=CC4=C(C5=C(C=C6C(C(CCCCCC)(CCCCCC)C7=C6SC(/C=C8/C(C9=CC=CC=C9C8=O)=C(C#N)/C#N)=C7)=C5)C4(CCCCCC)CCCCCC)S3,bd1dbd53c330e31b23e5d1dc4a937f5649d7f9e6beeaf8b2d11b9e91ff5affca,0cc00e1ba2d95fe8288dc072edf395ee6fc3678daa4e12f6703c7be7d2c5a409,538b830b217e89cc4c6bf9464342b7bfed17a03994b981c60a60b958347e2d6c,d58832d809662c88fe259ee81b707f22d811489b323ac146461509010e7ec7cc,e5e9e5cbce0b210bfa12fd4b6979f4528e8c8f1b4cd326a4fc3b005483261c8c,380,990,1070,531
560,in-house,648,O=C1C2=C(CC(CC)CCCC)SC(CC(CC)CCCC)=C2C(C3=C(C4=CC=C(C5=CC(C(C6=CC(F)=C(CC(CC)CCCC)S6)=C(SC=C7)C7=C8C9=CC(F)=C(CC(CC)CCCC)S9)=C8S5)S4)SC(C%10=CC=CS%10)=C31)=O,CCCCCCC(C=C1)=CC=C1C2(C3=C(C4=C2C(C=C([Se]C5=C6C(C7=CC=C(C=C7)CCCCCC)(C8=C5SC(/C=C9/C(C%10=CC=CC=C%10C9=O)=C(C#N)/C#N)=C8)C%11=CC=C(C=C%11)CCCCCC)C6=C%12)=C%12[Se]4)SC(/C=C%13C(C%14=CC=CC=C%14C/%13=C(C#N)/C#N)=O)=C3)C(C=C%15)=CC=C%15CCCCCC,7.1,O=C1C2=C(CC(CC)CCCC)SC(CC(CC)CCCC)=C2C(C3=C(C4=CC=C(C5=CC(C(C6=CC(F)=C(CC(CC)CCCC)S6)=C(SC=C7)C7=C8C9=CC(F)=C(CC(CC)CCCC)S9)=C8S5)S4)SC(C%10=CC=CS%10)=C31)=O||CCCCCCC(C=C1)=CC=C1C2(C3=C(C4=C2C(C=C([Se]C5=C6C(C7=CC=C(C=C7)CCCCCC)(C8=C5SC(/C=C9/C(C%10=CC=CC=C%10C9=O)=C(C#N)/C#N)=C8)C%11=CC=C(C=C%11)CCCCCC)C6=C%12)=C%12[Se]4)SC(/C=C%13C(C%14=CC=CC=C%14C/%13=C(C#N)/C#N)=O)=C3)C(C=C%15)=CC=C%15CCCCCC,65482d735aa1f382b817dd8d95b1689b39b0b3c26138949c2680844f1b1f5ea0,5c7678f0fae57a787f08041d91107d4161f488720dc68daa6b2fd746f109ec45,d816f0e425ffa66f39b0e9cc2a5d8131e187446a005e0790bb5e186e05c0ac00,0c81fe9269beb6b30a4b57299d257dcb3ad650df22748f434f0183ecc69b436b,bd0ce7cceb61a19689f454434f94721d4a36de9b3da4a9bf5d6ae27129d01810,1025,60,874,532
561,in-house,649,CC1=CC(C(C2=CC(F)=C(S2)CC(CC)CCCC)=C3SC(C4=CC=C(S4)C5=C(C(C6=C(SC(CC(CCCC)CC)=C6C7=O)CC(CC)CCCC)=O)C7=C(C8=CC=C(S8)C)S5)=CC3=C9C%10=CC(F)=C(S%10)CC(CCCC)CC)=C9S1,O=C(C(C=CC=C1)=C1C/2=C(C#N)\C#N)C2=C/C3=CC(SC(C4=C5C6=C(C7=C(N6CC(CCCC)CC)C8=C(C=C(S8)/C=C9C(C%10=C(C=CC=C%10)C\9=C(C#N)\C#N)=O)S7)C%11=NN(N=C4%11)CC(CC)CCCC)=C%12N5CC(CC)CCCC)=C%12S3,7.1,CC1=CC(C(C2=CC(F)=C(S2)CC(CC)CCCC)=C3SC(C4=CC=C(S4)C5=C(C(C6=C(SC(CC(CCCC)CC)=C6C7=O)CC(CC)CCCC)=O)C7=C(C8=CC=C(S8)C)S5)=CC3=C9C%10=CC(F)=C(S%10)CC(CCCC)CC)=C9S1||O=C(C(C=CC=C1)=C1C/2=C(C#N)\C#N)C2=C/C3=CC(SC(C4=C5C6=C(C7=C(N6CC(CCCC)CC)C8=C(C=C(S8)/C=C9C(C%10=C(C=CC=C%10)C\9=C(C#N)\C#N)=O)S7)C%11=NN(N=C4%11)CC(CC)CCCC)=C%12N5CC(CC)CCCC)=C%12S3,a9401d5944a76c5bf0f1f3df5cbca21a56e54adb0b9ac4d09b3e51f693306032,e5f12c951c5adcdfd4eac67bc10465ca7f49794f5e71f06d11ef0c578dfac549,fa0db403dcd8bfa0b7d61dc5d415d14b2073476b2862d6658a8f0e83d3d9dffe,ad54d42235359e1b71c009631982893e22855e2ea800187d190fc659bca33194,8b8be1dc090c0da09fc531945212dbad69b777c664d4d621f0394a694a8100fa,1166,792,633,533
562,in-house,650,[Cl]C1=C(CC)SC(C2=C3C(C=C(C)C3)C(C4=CC([Cl])=C(S4)CC)=C5SC(C6=CC=C(S6)C7=C(C(C8=C(SC(CC)=C8C9=O)CC)=O)C9=C(C%10=CC=C(S%10)C)S7)=CC25)=C1,O=C(C(C=C(C(F)=C1)F)=C1C/2=C(C#N)\C#N)C2=C/C3=CC(C4(C5=CC=C(C=C5)CCCCCC)C(C=C6)=CC=C6CCCCCC)=C(C(C=C7C8(C(C=C9)=CC=C9CCCCCC)C(C=C%10)=CC=C%10CCCCCC)=C4C=C7C%11=C8C=C(/C=C%12C(C(C=C(C(F)=C%13)F)=C%13C\%12=C(C#N)\C#N)=O)S%11)S3,7.1,[Cl]C1=C(CC)SC(C2=C3C(C=C(C)C3)C(C4=CC([Cl])=C(S4)CC)=C5SC(C6=CC=C(S6)C7=C(C(C8=C(SC(CC)=C8C9=O)CC)=O)C9=C(C%10=CC=C(S%10)C)S7)=CC25)=C1||O=C(C(C=C(C(F)=C1)F)=C1C/2=C(C#N)\C#N)C2=C/C3=CC(C4(C5=CC=C(C=C5)CCCCCC)C(C=C6)=CC=C6CCCCCC)=C(C(C=C7C8(C(C=C9)=CC=C9CCCCCC)C(C=C%10)=CC=C%10CCCCCC)=C4C=C7C%11=C8C=C(/C=C%12C(C(C=C(C(F)=C%13)F)=C%13C\%12=C(C#N)\C#N)=O)S%11)S3,7a11f928c0e326f5a997d7edb123c3e2980ed2dc99d8540493801d0b5415b33f,5dd72b469419f06dd944afe0bc8e7e8bb16f3ff221417ffdebe530c976c2699e,c821aad24e0184012ba3879f7d93001b72a5252c3ecd1fd3d4a5ea94c6f135bb,1836776e034fd17959f4ed98403d77acd72598235e4087c7781ba02353db301f,72d943a47765883594369188a0d0324dbb9db907801a4755f87693ee04419586,955,122,516,534
563,in-house,651,O=C(C1=C(CCC(CCCC)CC)SC(CCC(CC)CCCC)=C1C2=O)C(C2=C(C3)C(C4)=CC=C4C5=CC6=C(C(C7=CC=C(CCC(CCCC)CC)S7)=C8C=CSC8=C6C9=CC=C(CCC(CCCC)CC)S9)S5)=C3C%10=CC=CS%10,O=C(C1=CC(F)=C(C=C1C/2=C(C#N)\C#N)F)C2=C\C3=CC4=C(S3)C(OCC)=C5C(N(C(CC)CCCC)C6=C7C8=NSN=C8C9=C6N(C(CC)CCCC)C%10=C9SC%11=C%10C(OCC)=C%12SC(/C=C%13C(C%14=CC(F)=C(C=C%14C/%13=C(C#N)/C#N)F)=O)=CC%12=C%11OCC)=C7SC5=C4OCC,7.08,O=C(C1=C(CCC(CCCC)CC)SC(CCC(CC)CCCC)=C1C2=O)C(C2=C(C3)C(C4)=CC=C4C5=CC6=C(C(C7=CC=C(CCC(CCCC)CC)S7)=C8C=CSC8=C6C9=CC=C(CCC(CCCC)CC)S9)S5)=C3C%10=CC=CS%10||O=C(C1=CC(F)=C(C=C1C/2=C(C#N)\C#N)F)C2=C\C3=CC4=C(S3)C(OCC)=C5C(N(C(CC)CCCC)C6=C7C8=NSN=C8C9=C6N(C(CC)CCCC)C%10=C9SC%11=C%10C(OCC)=C%12SC(/C=C%13C(C%14=CC(F)=C(C=C%14C/%13=C(C#N)/C#N)F)=O)=CC%12=C%11OCC)=C7SC5=C4OCC,6f31f3770fd225e382586e20513744e11a328b7cc74c758d48628417c600a02b,fea690cc452b868f157dbf4a6a0ff0aaa0ece73a6fa4be2fd3443baa06afaf14,3c11629f9ad6469813884e8cfb4414682b47562362ae0755f49382faf6c420dc,d312bf0459bb02ed76414b527f7e332a691a65fd06f016f6db41087c8a998846,47ba7c396cb773e7a974c9c42d0afcbddf63ffc437b72dfcd1c9212a785e1e6f,266,974,320,535
564,in-house,652,FC1=C(C2=CC=C(C)S2)C3=NN(CCOC)N=C3C(C4=CC=C(C5=CC6=C(C7=C(C(CCC(CCCCCC)CCCC)=C6S5)C=C(C)S7)CCC(CCCC)CCCCCC)S4)=C1F,O=C(C1=CC=CC=C1C/2=C(C#N)/C#N)C2=C/C3=CC(SC4C5C(C)=C(C(C6=CC=C(C=C6)CCCCCC)(C7=CC=C(C=C7)CCCCCC)C8=CSC9=C8SC(/C=C%10C(C(C=CC=C%11)=C%11C\%10=C(C#N)/C#N)=C)=C9)C=C(C)C5C(C%12=CC=C(C=C%12)CCCCCC)(C%13=CC=C(C=C%13)CCCCCC)C%144)=C%14S3,7.06,FC1=C(C2=CC=C(C)S2)C3=NN(CCOC)N=C3C(C4=CC=C(C5=CC6=C(C7=C(C(CCC(CCCCCC)CCCC)=C6S5)C=C(C)S7)CCC(CCCC)CCCCCC)S4)=C1F||O=C(C1=CC=CC=C1C/2=C(C#N)/C#N)C2=C/C3=CC(SC4C5C(C)=C(C(C6=CC=C(C=C6)CCCCCC)(C7=CC=C(C=C7)CCCCCC)C8=CSC9=C8SC(/C=C%10C(C(C=CC=C%11)=C%11C\%10=C(C#N)/C#N)=C)=C9)C=C(C)C5C(C%12=CC=C(C=C%12)CCCCCC)(C%13=CC=C(C=C%13)CCCCCC)C%144)=C%14S3,9443e249ba69f955f3e85e7e28bc529c2fbcd958a79cc1662e571c4d9dc71d62,83d12c8a518aebb2c9e097cdd9cd4e855fadbb8bad16c860293e67b74eecaf00,f1c107c4e24342cd880b613b72a9a043ff6fed431c95c17ec1875c9ba83abed7,84c07154ce9cb35113e47cee21574911daeac1621ba8acb8f9ad5ad9d37744cf,2a2b3a7f0bd568c3cd594623ed6169ba9524879dfffc096d612b94b13c380e91,1139,626,180,536
565,in-house,653,FC1=C(F)C=C(N=C(OCC(CCCCCC)CCCCCCCC)C=N2)C2=C1C3=CC=CS3,O=C(C1=CC(F)=C(C=C1C/2=C(C#N)/C#N)F)C2=C/C3=CC([S]4)=C(S3)C(C=C5C6(B=O)B=O)=C4C=C5C(C7(B=O)B=O)=C6C(C=C8[S]9)=C7C=C8C(S%10)=C9C=C%10/C=C(CC%11=CC(F)=C(C=C%11%12)F)/C%12=C(C#N)\C#N,7.06,FC1=C(F)C=C(N=C(OCC(CCCCCC)CCCCCCCC)C=N2)C2=C1C3=CC=CS3||O=C(C1=CC(F)=C(C=C1C/2=C(C#N)/C#N)F)C2=C/C3=CC([S]4)=C(S3)C(C=C5C6(B=O)B=O)=C4C=C5C(C7(B=O)B=O)=C6C(C=C8[S]9)=C7C=C8C(S%10)=C9C=C%10/C=C(CC%11=CC(F)=C(C=C%11%12)F)/C%12=C(C#N)\C#N,6d0ebf843ec88894476605165efae2bf8fd910afe87a5868bc4b56e85a61a93d,afd06ca1a91c994e7d30acd22fe510b6846798a3a48f184cb072d3f148672c1b,14cb0b17d8a41d91a162d82a7e4093fbbf640d0ba566b42dd1a61fd2d17a2ffe,d4195eef2784570817c7f78e5b55101d40c02a92ed00c456694d2209119c523c,1c918d006221e2befa7314b6fe4eb1ac8e349e0fe0e5a032a5b10a1d2248204e,97,979,120,537
566,in-house,654,CC1=CC=C(S1)C2=CC=C(S2)C(SC(C3=CC4=C(S3)C(SC(C5=CC(CC(CCCCCCCCCCCC)CCCCCCCCCC)=C(C)S5)=C6)=C6C7=NON=C47)=C8)=C8CC(CCCCCCCCCCCC)CCCCCCCCCC,c12cc3c(cc1C(c1c2sc2c1sc(c2)/C=C\1/C(=C(C#N)C#N)c2c(C1=O)cccc2)(c1ccc(cc1)CCCCCC)c1ccc(cc1)CCCCCC)c1c(C3(c2ccc(cc2)CCCCCC)c2ccc(cc2)CCCCCC)c2c(s1)cc(s2)/C=C\1/C(=C(C#N)C#N)c2c(C1=O)cccc2,7.06,CC1=CC=C(S1)C2=CC=C(S2)C(SC(C3=CC4=C(S3)C(SC(C5=CC(CC(CCCCCCCCCCCC)CCCCCCCCCC)=C(C)S5)=C6)=C6C7=NON=C47)=C8)=C8CC(CCCCCCCCCCCC)CCCCCCCCCC||c12cc3c(cc1C(c1c2sc2c1sc(c2)/C=C\1/C(=C(C#N)C#N)c2c(C1=O)cccc2)(c1ccc(cc1)CCCCCC)c1ccc(cc1)CCCCCC)c1c(C3(c2ccc(cc2)CCCCCC)c2ccc(cc2)CCCCCC)c2c(s1)cc(s2)/C=C\1/C(=C(C#N)C#N)c2c(C1=O)cccc2,542258326ce839e462eabd0c9566cada606b504893f47edf559c20e466b61636,202f8607af2cecb83e86b2e4305f8c7e2852bc709bb805b9055691d46a9081c5,1a4fff6a44264a8d034475b38b9f290505c89037ee479ab962a07d98c439e474,8311f06e9fc1905e91b61c163fd587aac85bb99cfea1dadcf80674e7deeda0e3,b017066159460c799ce0b1b42307869e9550ce6fca7f99e4cbbbd716f4ef3af5,126,623,807,538
567,in-house,655,O=C(C1=C(CCC(CCCC)CC)SC(CCC(CC)CCCC)=C1C2=O)C(C2=C(C3)C(C4)=CC=C4C5=CC6=C(C(C7=CC=C(CCC(CCCC)CC)S7)=C8C=CSC8=C6C9=CC=C(CCC(CCCC)CC)S9)S5)=C3C%10=CC=CS%10,O=C(/C(S/1)=C/C(C2=NSN=C32)=CC=C3C4=CC(SC5=C6C(C(C=C7)=CC=C7CCCCCC)(C(C=C8)=CC=C8CCCCCC)C(C5=C9)=CC%10=C9C(C%11=CC=C(CCCCCC)C=C%11)(C%12=CC=C(C=C%12)CCCCCC)C%13=C%10SC%14=C%13SC(C(C%15=NSN=C%16%15)=CC=C%16/C=C(C%17=O)\S/C(N%17CC)=C(C#N)/C#N)=C%14)=C6S4)N(CC)C1=C(C#N)\C#N,7.04,O=C(C1=C(CCC(CCCC)CC)SC(CCC(CC)CCCC)=C1C2=O)C(C2=C(C3)C(C4)=CC=C4C5=CC6=C(C(C7=CC=C(CCC(CCCC)CC)S7)=C8C=CSC8=C6C9=CC=C(CCC(CCCC)CC)S9)S5)=C3C%10=CC=CS%10||O=C(/C(S/1)=C/C(C2=NSN=C32)=CC=C3C4=CC(SC5=C6C(C(C=C7)=CC=C7CCCCCC)(C(C=C8)=CC=C8CCCCCC)C(C5=C9)=CC%10=C9C(C%11=CC=C(CCCCCC)C=C%11)(C%12=CC=C(C=C%12)CCCCCC)C%13=C%10SC%14=C%13SC(C(C%15=NSN=C%16%15)=CC=C%16/C=C(C%17=O)\S/C(N%17CC)=C(C#N)/C#N)=C%14)=C6S4)N(CC)C1=C(C#N)\C#N,6f31f3770fd225e382586e20513744e11a328b7cc74c758d48628417c600a02b,b12d61d217b346c84d8c4cbf98104f80c2f3e037d46042ffb1acaf2a210cb47d,54eb10780d551a107114d8ebad352226cd9da3cb619b7ca9b2c0772c80880370,fc5bc3b259d14512e13d89e42d3d340296ce865752fbdb39bf7b13591a94f3aa,2949c93826a8e764efa482173a21b011efda9ce5e1b94b3d18d510aeab6c8fcf,387,1172,175,539
568,in-house,657,O=C1C2=C(CC(CC)CCCC)SC(CC(CC)CCCC)=C2C(C3=C(C4=CC=C(C5=CC(C(C6=CC(F)=C(CC(CC)CCCC)S6)=C(SC=C7)C7=C8C9=CC(F)=C(CC(CC)CCCC)S9)=C8S5)S4)SC(C%10=CC=CS%10)=C31)=O,CCC(CCCC)CN1C2=C(C=C(C(C3=CC=C(CCCCCC)C=C3)(C4=CC=C(CCCCCC)C=C4)C5=C6SC7=C5SC(/C=C8C(C(C=C([H])C([H])=C9)=C9C\8=C(C#N)\C#N)=O)=C7)C6=C2)C%10=C1C=C(C%11=C%12C%13=C(C=C(S%13)/C=C%14C(C%15=CC([H])=C(C=C%15C\%14=C(C#N)/C#N)[H])=O)S%11)C(C%12(C%16=CC=C(CCCCCC)C=C%16)C%17CC=C(C=C%17)CCCCCC)=C%10,7.02,O=C1C2=C(CC(CC)CCCC)SC(CC(CC)CCCC)=C2C(C3=C(C4=CC=C(C5=CC(C(C6=CC(F)=C(CC(CC)CCCC)S6)=C(SC=C7)C7=C8C9=CC(F)=C(CC(CC)CCCC)S9)=C8S5)S4)SC(C%10=CC=CS%10)=C31)=O||CCC(CCCC)CN1C2=C(C=C(C(C3=CC=C(CCCCCC)C=C3)(C4=CC=C(CCCCCC)C=C4)C5=C6SC7=C5SC(/C=C8C(C(C=C([H])C([H])=C9)=C9C\8=C(C#N)\C#N)=O)=C7)C6=C2)C%10=C1C=C(C%11=C%12C%13=C(C=C(S%13)/C=C%14C(C%15=CC([H])=C(C=C%15C\%14=C(C#N)/C#N)[H])=O)S%11)C(C%12(C%16=CC=C(CCCCCC)C=C%16)C%17CC=C(C=C%17)CCCCCC)=C%10,65482d735aa1f382b817dd8d95b1689b39b0b3c26138949c2680844f1b1f5ea0,19c62e91031c92373ebf8c12d4bfef7d111bd0c3018983991e7c6bf8dc1f2f1e,654b0755237e540211f6b7154c922fe23e8d6bc9c6ab5980e2c196a660ab6f12,1dcbd8e84611d11cc7c3fde9e9178cd690a4dc65c7741f15634985bb09bcbc13,c81444e5118f44c419711086fd838e1a97dd8e7d2f9e3b9db8ba702068472ac8,456,146,919,540
569,in-house,658,FC1=C(C(OCC(CCCC)CC)=O)SC2=CSC(C3=CC4=C(C5=C(C(C6=CC=C(CC(CC)CCCC)S6)=C4S3)C=CS5)C7=CC=C(CC(CC)CCCC)S7)=C12,FC1=CC(C(C2=C/C3=C4C(C(F)=C(C(OC(CC)CCCCC)=O)S4)=C(C5=CC6=C(C7=C(C6(C8=CC=C(CCCCCC)C=C8)C9=CC=C(CCCCCC)C=C9)C=C(C%10=C%11C=C(C%12=C%13C(SC(C(OC(CC)CCCCC)=O)=C%13F)=C(/C=C%14C(C%15=C(C\%14=C(C#N)\C#N)C=C([H])C(F)=C%15)=O)S%12)S%10)C(C%11(C%16=CC=C(CCCCCC)C=C%16)C%17C=CC(CCCCCC)=CC%17)=C7)S5)S3)=O)=C(C/2=C(C#N)/C#N)C=C1[H],7.01,FC1=C(C(OCC(CCCC)CC)=O)SC2=CSC(C3=CC4=C(C5=C(C(C6=CC=C(CC(CC)CCCC)S6)=C4S3)C=CS5)C7=CC=C(CC(CC)CCCC)S7)=C12||FC1=CC(C(C2=C/C3=C4C(C(F)=C(C(OC(CC)CCCCC)=O)S4)=C(C5=CC6=C(C7=C(C6(C8=CC=C(CCCCCC)C=C8)C9=CC=C(CCCCCC)C=C9)C=C(C%10=C%11C=C(C%12=C%13C(SC(C(OC(CC)CCCCC)=O)=C%13F)=C(/C=C%14C(C%15=C(C\%14=C(C#N)\C#N)C=C([H])C(F)=C%15)=O)S%12)S%10)C(C%11(C%16=CC=C(CCCCCC)C=C%16)C%17C=CC(CCCCCC)=CC%17)=C7)S5)S3)=O)=C(C/2=C(C#N)/C#N)C=C1[H],2249a87c8fc0450476e55f070a85b71ffa6beb368356c28f1302bad8bac422cb,7d3f85cd4b5f553dc272c78b8df50bdf363f8fc86549b3b2f4542b2660446199,532d21b4f2123c7d49788f110f9903f7e45492239109a69787e99ad237fac1b6,2a707dc7b66e38862a1f82e00ec8897dca94b7082862b992f616ab015351f438,5e6ffa9cb44b9f2f59150e97561ff96a1998c9bd6119d43ffdabbe7993b0bd4b,377,203,427,541
570,in-house,660,O=C(C1=C(CCC(CCCC)CC)SC(CCC(CC)CCCC)=C1C2=O)C(C2=C(C3)C(C4)=CC=C4C5=CC6=C(C(C7=CC=C(CCC(CCCC)CC)S7)=C8C=CSC8=C6C9=CC=C(CCC(CCCC)CC)S9)S5)=C3C%10=CC=CS%10,S=C(N(C/1=O)CC)SC1=C/C(C2=N[Se]N=C23)=CC=C3C4=CC(C5(CCCCCCCC)CCCCCCCC)=C(C(C=C6C7(CCCCCCCC)CCCCCCCC)=C5C=C6C8=C7C=C(C9=CC=C(C%10=N[Se]N=C%109)/C=C%11SC(N(C\%11=O)CC)=S)S8)S4,6.95,O=C(C1=C(CCC(CCCC)CC)SC(CCC(CC)CCCC)=C1C2=O)C(C2=C(C3)C(C4)=CC=C4C5=CC6=C(C(C7=CC=C(CCC(CCCC)CC)S7)=C8C=CSC8=C6C9=CC=C(CCC(CCCC)CC)S9)S5)=C3C%10=CC=CS%10||S=C(N(C/1=O)CC)SC1=C/C(C2=N[Se]N=C23)=CC=C3C4=CC(C5(CCCCCCCC)CCCCCCCC)=C(C(C=C6C7(CCCCCCCC)CCCCCCCC)=C5C=C6C8=C7C=C(C9=CC=C(C%10=N[Se]N=C%109)/C=C%11SC(N(C\%11=O)CC)=S)S8)S4,6f31f3770fd225e382586e20513744e11a328b7cc74c758d48628417c600a02b,c6e66935a98e84803134af237c5c61b641a5831e34174fed94795d472c517446,aa339b1e1683b80fdc247ec788a8ef6ee7707a1e2b9ee24e36782b001e0faf42,cf73d36894c487dfefda3ad413849b6151e48fc9d19b56664803681de77fe325,ea7b7fc687177730bcc2a559ec0f28193f9d4aeac83c89d83cba43e32af58232,787,955,1095,542
571,in-house,662,FC1=C(C(OCC(CCCC)CC)=O)SC2=CSC(C3=CC4=C(C5=C(C(C6=CC=C(CC(CC)CCCC)S6)=C4S3)C=CS5)C7=CC=C(CC(CC)CCCC)S7)=C12,c1c2c(ccc1)C(=O)/C(=C\c1sc(cc1)c1ccc3c(c1)C(c1c3ccc(c1)c1sc(cc1)/C=C\1/C(=C(C#N)C#N)c3c(C1=O)cccc3)(CCCCCCCCCC)CCCCCCCCCC)/C2=C(C#N)C#N,6.93,FC1=C(C(OCC(CCCC)CC)=O)SC2=CSC(C3=CC4=C(C5=C(C(C6=CC=C(CC(CC)CCCC)S6)=C4S3)C=CS5)C7=CC=C(CC(CC)CCCC)S7)=C12||c1c2c(ccc1)C(=O)/C(=C\c1sc(cc1)c1ccc3c(c1)C(c1c3ccc(c1)c1sc(cc1)/C=C\1/C(=C(C#N)C#N)c3c(C1=O)cccc3)(CCCCCCCCCC)CCCCCCCCCC)/C2=C(C#N)C#N,2249a87c8fc0450476e55f070a85b71ffa6beb368356c28f1302bad8bac422cb,0a452daaf72c74134111fc3310c6ba6cb926f64ff60537393de01a0f30de446b,7225f429000506a8bf58dca1679294189fb4b523ef7e9db87673c1100f8839a8,6924a9b3a80cb5b38ed9a101e24d0e893212f972746dea9787de0ab58a0a82ab,dbf6343e878c91df1ffd14ae31746555cc66961160e0ac14f89b260b64871074,516,508,1017,543
572,in-house,663,FC1=CC(C2=CCC(C)S2)=C3C(N=C(C(C4=CC=CC(OCCCCCCCC)=C4)=N3)C5=CC=CC(OCCCCCCCC)=C5)=C1C6=CC=C(S6)C7=CC8=C(C9=C(C(C%10=CC(CCCCCCCC)=C(S%10)CCCCCCCC)=C8S7)C=C(C)S9)C%11=CC(CCCCCCCC)=C(S%11)CCCCCCCC,O=C(C1=C(C=CC(F)=C1)C/2=C(C#N)\C#N)C2=C/C3=CC4=C(C(C5(C6=CC=C(S6)CCCCCC)C(S7)=CC=C7CCCCCC)=C(C(C=C8C9(C%10=CC=C(S%10)CCCCCC)C%11=CC=C(S%11)CCCCCC)=C5C=C8C%12=C9C%13=C(C=C(S%13)/C=C%14C(C%15=C(C=CC(F)=C%15)C\%14=C(C#N)\C#N)=O)S%12)S4)S3,6.92,FC1=CC(C2=CCC(C)S2)=C3C(N=C(C(C4=CC=CC(OCCCCCCCC)=C4)=N3)C5=CC=CC(OCCCCCCCC)=C5)=C1C6=CC=C(S6)C7=CC8=C(C9=C(C(C%10=CC(CCCCCCCC)=C(S%10)CCCCCCCC)=C8S7)C=C(C)S9)C%11=CC(CCCCCCCC)=C(S%11)CCCCCCCC||O=C(C1=C(C=CC(F)=C1)C/2=C(C#N)\C#N)C2=C/C3=CC4=C(C(C5(C6=CC=C(S6)CCCCCC)C(S7)=CC=C7CCCCCC)=C(C(C=C8C9(C%10=CC=C(S%10)CCCCCC)C%11=CC=C(S%11)CCCCCC)=C5C=C8C%12=C9C%13=C(C=C(S%13)/C=C%14C(C%15=C(C=CC(F)=C%15)C\%14=C(C#N)\C#N)=O)S%12)S4)S3,c582506937fb6891c8afbb2f9020f0bb189637c5f1e88b4a3bb55e23cfa09329,7bfd69f27d6b0351dc30d0a0759e92f60141f7c70bda35cd3ee2c2b4e0155935,2919769c7150cafdb8662306cdc907e57912903795a83b9e9eac034d9e589f77,1dd163be4ff443c534542ab1c1a1281c504dae0e1ff5143c7aec26817cfd1bd4,1c0556e690710f7bcbb81668b2d20039240d39f92e5b9246b92e3710e2297793,181,147,117,544
573,in-house,664,FC1=C(C(OCC(CCCC)CC)=O)SC2=CSC(C3=CC4=C(C5=C(C(C6=CC=C(CC(CC)CCCC)S6)=C4S3)C=CS5)C7=CC=C(CC(CC)CCCC)S7)=C12,O=C(C(C=CC=C1)=C1C/2=C(C#N)/C#N)C2=C/C3=CC(C4(CCCCCCCC)CCCCCCCC)=C(C3)C(C4=C5)=CC(C5=C6)=CC7=C6C8=C(C7(CCCCCCCC)CCCCCCCC)C=C(/C=C9C(C(C=CC=C%10)=C%10C\9=C(C#N)/C#N)=O)C8,6.91,FC1=C(C(OCC(CCCC)CC)=O)SC2=CSC(C3=CC4=C(C5=C(C(C6=CC=C(CC(CC)CCCC)S6)=C4S3)C=CS5)C7=CC=C(CC(CC)CCCC)S7)=C12||O=C(C(C=CC=C1)=C1C/2=C(C#N)/C#N)C2=C/C3=CC(C4(CCCCCCCC)CCCCCCCC)=C(C3)C(C4=C5)=CC(C5=C6)=CC7=C6C8=C(C7(CCCCCCCC)CCCCCCCC)C=C(/C=C9C(C(C=CC=C%10)=C%10C\9=C(C#N)/C#N)=O)C8,2249a87c8fc0450476e55f070a85b71ffa6beb368356c28f1302bad8bac422cb,6fd7b9022c4e8d50654d336c7fc1dc040fdd18878b79832df76600a4ffb19869,07fd2183eeb9a3fd8567aa6e6acf8e68ffb3f15a1944461c8dbf3db93d0881d6,12f93de56e6853f3eeb822328edbfcd4f2d34afb3f74dcf4d3d42d58f543262f,b736347468d29c8ee96067782c80edee2ab58cd45a4ccf0a6944dd5e2b976d91,34,89,847,545
574,in-house,665,FC1=C(F)C=C(N=C(OCC(CCCCCC)CCCCCCCC)C=N2)C2=C1C3=CC=CS3,O=C(C1=CC(F)=C(C=C1C/2=C(C#N)\C#N)F)C2=C/C3=CC(SC(C4=C5C6=C(C7=C(N6CC(CCC)CCCC)C8=C(C=C(S8)/C=C9C(C%10=CC(F)=C(C=C%10C\9=C(C#N)\C#N)F)=O)S7)C%11=NN(N=C4%11)CC(CC)CCCC)=C%12N5CC(CCCC)CC)=C%12S3,6.9,FC1=C(F)C=C(N=C(OCC(CCCCCC)CCCCCCCC)C=N2)C2=C1C3=CC=CS3||O=C(C1=CC(F)=C(C=C1C/2=C(C#N)\C#N)F)C2=C/C3=CC(SC(C4=C5C6=C(C7=C(N6CC(CCC)CCCC)C8=C(C=C(S8)/C=C9C(C%10=CC(F)=C(C=C%10C\9=C(C#N)\C#N)F)=O)S7)C%11=NN(N=C4%11)CC(CC)CCCC)=C%12N5CC(CCCC)CC)=C%12S3,6d0ebf843ec88894476605165efae2bf8fd910afe87a5868bc4b56e85a61a93d,c7dba4d8a1fd22c881b3a61725da6ef55598ab2c35290a5a37efd2d566d39093,9b3cb86c291560c6a7705876c4a1b4b810d797c4b2ce1ef5b6a6c41afb009fa2,c4b3297dc613572d2baa49dd7930fcb47452f5db2ec8c2ee7932e7e168926758,e29c890e91e32cce368116f011e918a44207f8e15a19a63602584304f4369cab,707,905,1056,546
575,in-house,667,FC(C(F)=C(C1=NSN=C21)C3=CC(CCCCCCCCCCCCCCCCCCCC)=C(S3)C)=C2C4=CC(C#CC#CC#CC#CC#CC#CC#CC#CC#CC#C)=C(S4)C(S5)=CC=C5C6=CC=C7C=C(C)SC7=C6.[HH].[HH].[HH].[HH].[HH].[HH].[HH].[HH].[HH].[HH],c12cc3c(cc1C(c1c2sc2c1sc(c2)/C=C\1/C(=C(C#N)C#N)c2c(C1=O)cccc2)(c1ccc(cc1)CCCCCC)c1ccc(cc1)CCCCCC)c1c(C3(c2ccc(cc2)CCCCCC)c2ccc(cc2)CCCCCC)c2c(s1)cc(s2)/C=C\1/C(=C(C#N)C#N)c2c(C1=O)cccc2,6.9,FC(C(F)=C(C1=NSN=C21)C3=CC(CCCCCCCCCCCCCCCCCCCC)=C(S3)C)=C2C4=CC(C#CC#CC#CC#CC#CC#CC#CC#CC#CC#C)=C(S4)C(S5)=CC=C5C6=CC=C7C=C(C)SC7=C6.[HH].[HH].[HH].[HH].[HH].[HH].[HH].[HH].[HH].[HH]||c12cc3c(cc1C(c1c2sc2c1sc(c2)/C=C\1/C(=C(C#N)C#N)c2c(C1=O)cccc2)(c1ccc(cc1)CCCCCC)c1ccc(cc1)CCCCCC)c1c(C3(c2ccc(cc2)CCCCCC)c2ccc(cc2)CCCCCC)c2c(s1)cc(s2)/C=C\1/C(=C(C#N)C#N)c2c(C1=O)cccc2,ad56ba1ef81d40d2e6a98d31ba98fb61313a3ee239ba8bf44d485362c31fe8f3,202f8607af2cecb83e86b2e4305f8c7e2852bc709bb805b9055691d46a9081c5,12330a812f7e854524b24c3c7f5f29fd1ad54de1f21c9798c1ee411fbac73716,63e90d4f2acdf4c79b1232875f504674865a3edd07e52090bafc1ca1bc3fabb9,da882428b0f58c4f823ef4e3f0873cdeea9f638cfb9d04b33ae21e17a32a3931,79,476,1008,547
576,in-house,668,FC(C=C(C1=C2SC=CC2=C(C3=CC(F)=C(CC(CCCC)CC)S3)C4=C1C=C(C5=CC=C(C6=C(C(C(C7=C(CC(CCCC)CC)SC(CC(CC)CCCC)=C78)=O)=C(C9=CC=CC9)S6)C8=O)S5)S4)S%10)=C%10CC(CC)CCCC,[F]C1=CC2=C(C(/C(C2=O)=C/C3=CC4=C(C(C=C5C(CCCCCC)(CCCCCC)C6=C(SC(/C=C7C(C8=C(C=C(F)C(F)=C8)C\7=C(C#N)\C#N)=O)=C6)C5=C9)=C9C4(CCCCCC)CCCCCC)S3)=C(C#N)\C#N)C=C1[F],6.88,FC(C=C(C1=C2SC=CC2=C(C3=CC(F)=C(CC(CCCC)CC)S3)C4=C1C=C(C5=CC=C(C6=C(C(C(C7=C(CC(CCCC)CC)SC(CC(CC)CCCC)=C78)=O)=C(C9=CC=CC9)S6)C8=O)S5)S4)S%10)=C%10CC(CC)CCCC||[F]C1=CC2=C(C(/C(C2=O)=C/C3=CC4=C(C(C=C5C(CCCCCC)(CCCCCC)C6=C(SC(/C=C7C(C8=C(C=C(F)C(F)=C8)C\7=C(C#N)\C#N)=O)=C6)C5=C9)=C9C4(CCCCCC)CCCCCC)S3)=C(C#N)\C#N)C=C1[F],61eee9608e36bdb1d3a96a3ad1baa39916f3a546e29d11481966a5a2d3d30f3c,d454e81ee005a8f82a56c7e684c6d26d074e358b862e4dd99c9fe1affe1d39ff,f8e1bb4073ad85ff8ea245c556fbab96691ef19902429a17f3f9a236b63261fd,71a064b661e2bd71257234cfc92fbc4afed84f1efe335127157e51d0e4cdc693,9f4deca80ad8935f72f93ee853deae641bcbc088e67d701b7b21ad6437eff60a,1158,551,728,548
577,in-house,669,O=C(C1=C(CCC(CCCC)CC)SC(CCC(CC)CCCC)=C1C2=O)C(C2=C(C3)C(C4)=CC=C4C5=CC6=C(C(C7=CC=C(CCC(CCCC)CC)S7)=C8C=CSC8=C6C9=CC=C(CCC(CCCC)CC)S9)S5)=C3C%10=CC=CS%10,O=C(C(C=C(C([F])=C1)[F])=C1C/2=C(C#N)/C#N)C2=C/C3=CC4=C(S3)C5=CC6=C(C=C5C4(C7=CC=C(CC(CCCCCC)CCCC)C=C7)C8=CC=C(CC(CCCCCC)CCCC)C=C8)C9=C(C=C%10C%11=C(C=C(S%11)/C=C%12C(C(C=C(C([F])=C%13)[F])=C%13C\%12=C(C#N)/C#N)=O)C(C%14=CC=C(CC(CCCCCC)CCCC)C=C%14)(C%15=CC=C(CC(CCCCCC)CCCC)C=C%15)C%10=C9)S6,6.81,O=C(C1=C(CCC(CCCC)CC)SC(CCC(CC)CCCC)=C1C2=O)C(C2=C(C3)C(C4)=CC=C4C5=CC6=C(C(C7=CC=C(CCC(CCCC)CC)S7)=C8C=CSC8=C6C9=CC=C(CCC(CCCC)CC)S9)S5)=C3C%10=CC=CS%10||O=C(C(C=C(C([F])=C1)[F])=C1C/2=C(C#N)/C#N)C2=C/C3=CC4=C(S3)C5=CC6=C(C=C5C4(C7=CC=C(CC(CCCCCC)CCCC)C=C7)C8=CC=C(CC(CCCCCC)CCCC)C=C8)C9=C(C=C%10C%11=C(C=C(S%11)/C=C%12C(C(C=C(C([F])=C%13)[F])=C%13C\%12=C(C#N)/C#N)=O)C(C%14=CC=C(CC(CCCCCC)CCCC)C=C%14)(C%15=CC=C(CC(CCCCCC)CCCC)C=C%15)C%10=C9)S6,6f31f3770fd225e382586e20513744e11a328b7cc74c758d48628417c600a02b,485937b5e464794d744c5fc432174fe395651654ec2a7ee506e8f05f4f877d5b,ffaf7efbd044c1958a6607ba0d473ef057f5ef28f6f1aa1fd25ef87ac2f95432,2d447fd2020d3a9352f958acf2649a790ee949e83b3d4afa0d4d0b9656c7bd3f,93bc6d7f7cc9f71dd78ae36613a0f62127e7095c663fbff8997af62e996abbed,1186,218,673,549
578,in-house,670,FC(C(F)=C(C1=NSN=C21)C3=CC(CCCCCCCCCCCCCCCCCCCC)=C(S3)C)=C2C4=CC(C#CC#CC#CC#CC#CC#CC#CC#CC#CC#C)=C(S4)C(S5)=CC=C5C6=CC7=C(SC(C)=C7)C=C6.[HH].[HH].[HH].[HH].[HH].[HH].[HH].[HH].[HH].[HH],c12cc3c(cc1C(c1c2sc2c1sc(c2)/C=C\1/C(=C(C#N)C#N)c2c(C1=O)cccc2)(c1ccc(cc1)CCCCCC)c1ccc(cc1)CCCCCC)c1c(C3(c2ccc(cc2)CCCCCC)c2ccc(cc2)CCCCCC)c2c(s1)cc(s2)/C=C\1/C(=C(C#N)C#N)c2c(C1=O)cccc2,6.8,FC(C(F)=C(C1=NSN=C21)C3=CC(CCCCCCCCCCCCCCCCCCCC)=C(S3)C)=C2C4=CC(C#CC#CC#CC#CC#CC#CC#CC#CC#CC#C)=C(S4)C(S5)=CC=C5C6=CC7=C(SC(C)=C7)C=C6.[HH].[HH].[HH].[HH].[HH].[HH].[HH].[HH].[HH].[HH]||c12cc3c(cc1C(c1c2sc2c1sc(c2)/C=C\1/C(=C(C#N)C#N)c2c(C1=O)cccc2)(c1ccc(cc1)CCCCCC)c1ccc(cc1)CCCCCC)c1c(C3(c2ccc(cc2)CCCCCC)c2ccc(cc2)CCCCCC)c2c(s1)cc(s2)/C=C\1/C(=C(C#N)C#N)c2c(C1=O)cccc2,5720aee2a2a66d9124b18859c017dac89e6fa8f72912d6b9d5b9753447490b09,202f8607af2cecb83e86b2e4305f8c7e2852bc709bb805b9055691d46a9081c5,62b37ec8585c84f12d28f7458c094ebdcd00fe571a37a4ca1d95ee1a91784f75,dd97e6398d33b33f9a2c05d2dd699cbcdf48cad6c2fe11322d0d95aab774f894,8c0a1f03dda34ab71c96f9bf35a7035f47a3b11db61d081e2d326e32775b40a8,445,1016,634,550
579,in-house,671,FC(C(F)=C(C1=NSN=C21)C3=CC(CCCCCCCCCCCCCCCCCCCC)=C(S3)C)=C2C4=CC(C#CC#CC#CC#CC#CC#CC#CC#CC#CC#C)=C(S4)C(S5)=CC=C5C6=CC=C7C=C(C)SC7=C6.[HH].[HH].[HH].[HH].[HH].[HH].[HH].[HH].[HH].[HH],N#C/C(C#N)=C(C1=CC=CC=C1C2=O)/C2=C/C3=CC4=C(C5=C(C=C6C(C(CCCCCC)(CCCCCC)C7=C6SC(/C=C8/C(C9=CC=CC=C9C8=O)=C(C#N)/C#N)=C7)=C5)C4(CCCCCC)CCCCCC)S3,6.8,FC(C(F)=C(C1=NSN=C21)C3=CC(CCCCCCCCCCCCCCCCCCCC)=C(S3)C)=C2C4=CC(C#CC#CC#CC#CC#CC#CC#CC#CC#CC#C)=C(S4)C(S5)=CC=C5C6=CC=C7C=C(C)SC7=C6.[HH].[HH].[HH].[HH].[HH].[HH].[HH].[HH].[HH].[HH]||N#C/C(C#N)=C(C1=CC=CC=C1C2=O)/C2=C/C3=CC4=C(C5=C(C=C6C(C(CCCCCC)(CCCCCC)C7=C6SC(/C=C8/C(C9=CC=CC=C9C8=O)=C(C#N)/C#N)=C7)=C5)C4(CCCCCC)CCCCCC)S3,ad56ba1ef81d40d2e6a98d31ba98fb61313a3ee239ba8bf44d485362c31fe8f3,0cc00e1ba2d95fe8288dc072edf395ee6fc3678daa4e12f6703c7be7d2c5a409,91a31a2bf3a76946211b41fbec2fcc738cfe05b97428b1989715818fcbdf0e8f,6521ef4e9e8849bbd4df2a7410d759fb2fd45a0a20417dab39e53dd9fa762f99,9b480ae11ab2eed13efd88ebe1748e8ebaf1b9abf31a991be65efa7b50494260,666,483,705,551
580,in-house,672,FC1=C(C(OCC(CCCC)CC)=O)SC2=CSC(C3=CC4=C(C5=C(C(C6=CC=C(CC(CC)CCCC)S6)=C4S3)C=CS5)C7=CC=C(CC(CC)CCCC)S7)=C12,[H]C1=C2C(C(C(C3=C4SC(CC5/C(C(C=C([H])C=C6)=C6C5=O)=C(C#N)/C#N)=C3)(C7=CC=C(CCCCCC)C=C7)C8=CC=C(CCCCCC)C=C8)=C4S2)=C([H])C9=C1C(C%10(C%11=CC=C(CCCCCC)C=C%11)C%12=CC=C(CCCCCC)C=C%12)=C(S9)C(S%13)=C%10C=C%13/C=C(/C%14=C(C#N)\C#N)C(C%15=C%14C=C([H])C=C%15)=O,6.74,FC1=C(C(OCC(CCCC)CC)=O)SC2=CSC(C3=CC4=C(C5=C(C(C6=CC=C(CC(CC)CCCC)S6)=C4S3)C=CS5)C7=CC=C(CC(CC)CCCC)S7)=C12||[H]C1=C2C(C(C(C3=C4SC(CC5/C(C(C=C([H])C=C6)=C6C5=O)=C(C#N)/C#N)=C3)(C7=CC=C(CCCCCC)C=C7)C8=CC=C(CCCCCC)C=C8)=C4S2)=C([H])C9=C1C(C%10(C%11=CC=C(CCCCCC)C=C%11)C%12=CC=C(CCCCCC)C=C%12)=C(S9)C(S%13)=C%10C=C%13/C=C(/C%14=C(C#N)\C#N)C(C%15=C%14C=C([H])C=C%15)=O,2249a87c8fc0450476e55f070a85b71ffa6beb368356c28f1302bad8bac422cb,3cb607f4c55fdda1d2bb2644a9c0abc2e7e7349da4c9c292a21c54c0e652f040,792fcd503c1046c60476f7b5aa1a2f7b5751e3ce940302248678a2f5f9019496,c13f6681851afcc944aad9d623a90388771a46369f25e660d99e1ca22205bfbe,50d373b9acc16ca2732bda744d2c0ed63f05ac13048e83a178e3fc489c867b51,558,887,360,552
581,in-house,673,c1csc2c1c(c1c(c2c2cc(c(s2)CCCCCCCC)CCCCCCCC)cc(s1)c1sc(c(c1)CCCCCC)c1sc2c(n1)sc(n2)c1sccc1CCCCCC)c1cc(c(s1)CCCCCCCC)CCCCCCCC,c12cc3c(cc1C(c1c2sc2c1sc(c2)/C=C\1/C(=C(C#N)C#N)c2c(C1=O)cccc2)(c1ccc(c(c1)F)OCCCCCC)c1cc(c(cc1)OCCCCCC)F)c1c(C3(c2cc(c(cc2)OCCCCCC)F)c2ccc(c(c2)F)OCCCCCC)c2c(s1)cc(s2)/C=C\1/C(=C(C#N)C#N)c2c(C1=O)cccc2,6.69,c1csc2c1c(c1c(c2c2cc(c(s2)CCCCCCCC)CCCCCCCC)cc(s1)c1sc(c(c1)CCCCCC)c1sc2c(n1)sc(n2)c1sccc1CCCCCC)c1cc(c(s1)CCCCCCCC)CCCCCCCC||c12cc3c(cc1C(c1c2sc2c1sc(c2)/C=C\1/C(=C(C#N)C#N)c2c(C1=O)cccc2)(c1ccc(c(c1)F)OCCCCCC)c1cc(c(cc1)OCCCCCC)F)c1c(C3(c2cc(c(cc2)OCCCCCC)F)c2ccc(c(c2)F)OCCCCCC)c2c(s1)cc(s2)/C=C\1/C(=C(C#N)C#N)c2c(C1=O)cccc2,7ef4e8f49637126dc67c9159eaedd500d4beeced87b4940d8372cd582ad7778e,9fb56fb1c2cba87179da435c7f61a3fe8ecb8988bf7e5c89d554e84929b345c2,7b31fd880c1c5b72c7f19bddef490233d55bccf4e63d6dc242005b09c1912e44,9a28866d99dcf0c6e3efd2766877508e5278b38834c8184da2134a4bcf440e11,50080dec4f76eaa557b682cbf6a55a95001074e92f044c72748e4077b92be526,567,722,353,553
582,in-house,674,O=C(OC1=CC=C(CCCCCC)C=C1)C2=C(C)SC(C(S3)=CC(C(OC4=CC=C(CCCCCC)C=C4)=O)=C3C(S5)=CC=C5C(C6=NSN=C6C(C(S7)=CC=C7C)=C8F)=C8F)=C2,c1(cc2c(cc1F)C(=C(C#N)C#N)/C(=C\c1sc3c(c1)sc1c3C(c3c1cc1c(c3)c3c(C1(c1ccc(cc1)CCCCCC)c1ccc(cc1)CCCCCC)c1c(s3)cc(s1)/C=C/1\C(=C(C#N)C#N)c3c(C1=O)cc(c(c3)F)F)(c1ccc(cc1)CCCCCC)c1ccc(cc1)CCCCCC)/C2=O)F,6.69,O=C(OC1=CC=C(CCCCCC)C=C1)C2=C(C)SC(C(S3)=CC(C(OC4=CC=C(CCCCCC)C=C4)=O)=C3C(S5)=CC=C5C(C6=NSN=C6C(C(S7)=CC=C7C)=C8F)=C8F)=C2||c1(cc2c(cc1F)C(=C(C#N)C#N)/C(=C\c1sc3c(c1)sc1c3C(c3c1cc1c(c3)c3c(C1(c1ccc(cc1)CCCCCC)c1ccc(cc1)CCCCCC)c1c(s3)cc(s1)/C=C/1\C(=C(C#N)C#N)c3c(C1=O)cc(c(c3)F)F)(c1ccc(cc1)CCCCCC)c1ccc(cc1)CCCCCC)/C2=O)F,f7f976cc43cd7ea9f7ff8dbe82963eb440d875e9dae2c27ee97be953adc5fa42,69e17d1724b4236f68d0c6efb6ad16969f13f8980d301d0056747038b20f0c8d,a8f1bb678d2116df72b66ee0e9954106fb253bf0476215433bb1ccccfc74c932,ea448b38939a22f09dd3f4e6e7992b2349dc861f92d15d5c4924bdc3165e5127,82f468680658d5c9cdd60c843304fbea624363df9f2d9e7947241e014184440d,779,1079,597,554
583,in-house,675,FC(C=C(C1=C2SC=CC2=C(C3=CC(F)=C(CC(CCCC)CC)S3)C4=C1C=C(C5=CC=C(C6=C(C(C(C7=C(CC(CCCC)CC)SC(CC(CC)CCCC)=C78)=O)=C(C9=CC=CC9)S6)C8=O)S5)S4)S%10)=C%10CC(CC)CCCC,O=CC(S1)=C(OCCCCCC)C=C1C(C(OCCCCCCCCCCCCCCCC)=C2)=CC(OCCCCCCCCCCCCCCCC)=C2C3=CC(OCCCCCC)=C(S3)C=O,6.62,FC(C=C(C1=C2SC=CC2=C(C3=CC(F)=C(CC(CCCC)CC)S3)C4=C1C=C(C5=CC=C(C6=C(C(C(C7=C(CC(CCCC)CC)SC(CC(CC)CCCC)=C78)=O)=C(C9=CC=CC9)S6)C8=O)S5)S4)S%10)=C%10CC(CC)CCCC||O=CC(S1)=C(OCCCCCC)C=C1C(C(OCCCCCCCCCCCCCCCC)=C2)=CC(OCCCCCCCCCCCCCCCC)=C2C3=CC(OCCCCCC)=C(S3)C=O,61eee9608e36bdb1d3a96a3ad1baa39916f3a546e29d11481966a5a2d3d30f3c,503ae4db80ff2f6a4f37c79b86634a97580a3258b2a3dda6df4b76eae92461f0,4b8d6a473b6d838df4bc9f332fd9fbb0b7af6a3004bbe6126cdd4f8add5c1897,88c6eefc1ade4f33137e910d01e1d7fe0ab7f7b8518f785380405dd6d459f2e6,a416a655ea30fb31a3c50fed26310e0fd0b99a48e419cb4da4647bf9693095f2,351,643,753,555
584,in-house,676,c1scc(c1)CCCCCC,O=C(C(C=CC=C1)=C1C/2=C(C#N)/C#N)C2=C/C(C3=NSN=C43)=CC=C4C(C=C5)=CC(C(CCCC)(CCCC)C6=C7C8=C(C=C(C=C8)C9=CC=C(C%10=NSN=C9%10)/C=C%11C(C(C=CC=C%12)=C%12C\%11=C(C#N)\C#N)=O)C(CCCC)(CCCC)C7=C%13C%14=C%15C=C(C=C%14)C%16=CC=C(C%17=NSN=C%16%17)/C=C%18C(C(C=CC=C%19)=C%19C\%18=C(C#N)\C#N)=O)=C5C6=C%13C%15(CCCC)CCCC,6.62,c1scc(c1)CCCCCC||O=C(C(C=CC=C1)=C1C/2=C(C#N)/C#N)C2=C/C(C3=NSN=C43)=CC=C4C(C=C5)=CC(C(CCCC)(CCCC)C6=C7C8=C(C=C(C=C8)C9=CC=C(C%10=NSN=C9%10)/C=C%11C(C(C=CC=C%12)=C%12C\%11=C(C#N)\C#N)=O)C(CCCC)(CCCC)C7=C%13C%14=C%15C=C(C=C%14)C%16=CC=C(C%17=NSN=C%16%17)/C=C%18C(C(C=CC=C%19)=C%19C\%18=C(C#N)\C#N)=O)=C5C6=C%13C%15(CCCC)CCCC,dcfe55e25105351ae9c8ad52944bf5ab5d7d9aabff6bbd3f76ff805bf8820852,3e4d608b9e7452d544fa01fc59745224b3dbb46e55a46d76d8aea52e05966d39,05610875d478664c1013ea992d85451c21c9b5d31bef363ae9976347040992a3,80d9c0f9245c856739e07b507b3f4b92cd9d116f26260f110a3a6c4fab0e1c03,e3712fc8a3841bbcf38e494676a951c1c753779ed0ed78409ebbca745ad8265b,25,615,1059,556
585,in-house,677,FC(C(F)=C(C1=NN(N=C21)CC(CCCCCCC)CCCC)C3=CC=C(S3)C)=C2C(S4)=CC=C4C5=CC6=C(C(C=CC7=C8)=CC7=CC=C8OCC(CCCCCC)CCCCCCCC)C9=C(C=C(C)S9)C(C%10=CC%11=CC=C(OCC(CCCCCCCC)CCCCCC)C=C%11C=C%10)=C6S5,c12cc3c(cc1C(c1c2sc2c1sc(c2)/C=C\1/C(=C(C#N)C#N)c2c(C1=O)cccc2)(c1ccc(cc1)CCCCCC)c1ccc(cc1)CCCCCC)c1c(C3(c2ccc(cc2)CCCCCC)c2ccc(cc2)CCCCCC)c2c(s1)cc(s2)/C=C\1/C(=C(C#N)C#N)c2c(C1=O)cccc2,6.61,FC(C(F)=C(C1=NN(N=C21)CC(CCCCCCC)CCCC)C3=CC=C(S3)C)=C2C(S4)=CC=C4C5=CC6=C(C(C=CC7=C8)=CC7=CC=C8OCC(CCCCCC)CCCCCCCC)C9=C(C=C(C)S9)C(C%10=CC%11=CC=C(OCC(CCCCCCCC)CCCCCC)C=C%11C=C%10)=C6S5||c12cc3c(cc1C(c1c2sc2c1sc(c2)/C=C\1/C(=C(C#N)C#N)c2c(C1=O)cccc2)(c1ccc(cc1)CCCCCC)c1ccc(cc1)CCCCCC)c1c(C3(c2ccc(cc2)CCCCCC)c2ccc(cc2)CCCCCC)c2c(s1)cc(s2)/C=C\1/C(=C(C#N)C#N)c2c(C1=O)cccc2,5281779752e62d5bc2df5d5b56f2379d9aeb8d701214884d1963eadc3e20d44b,202f8607af2cecb83e86b2e4305f8c7e2852bc709bb805b9055691d46a9081c5,7939a8380c6279584f717d0ec2c11565ca21f7097155b5de56b4e5b68887b4e9,b4ffddd74e43765666e687b0bba52e87e84cf4ae95d23a8a89814c11bbd209c0,52c3678faf43918535f8480ed72e0cfb866788a0d0db48f6316abaed566684be,559,817,371,557
586,in-house,678,CC1=C(CC(CCCC)CC)C=C(C2=CC=C(C3=NSN=C23)C4=CC(CC(CCCC)CC)=C(S4)C5=CC6=C(C7=C(C(C8=CC=C(S8)CC(CCCC)CC)=C6S5)C=C(C)S7)C9=CC=C(S9)CC(CCCC)CC)S1,c12cc3c(cc1C(c1c2sc2c1sc(c2)/C=C\1/C(=C(C#N)C#N)c2c(C1=O)cccc2)(c1ccc(cc1)CCCCCC)c1ccc(cc1)CCCCCC)c1c(C3(c2ccc(cc2)CCCCCC)c2ccc(cc2)CCCCCC)c2c(s1)cc(s2)/C=C\1/C(=C(C#N)C#N)c2c(C1=O)cccc2,6.61,CC1=C(CC(CCCC)CC)C=C(C2=CC=C(C3=NSN=C23)C4=CC(CC(CCCC)CC)=C(S4)C5=CC6=C(C7=C(C(C8=CC=C(S8)CC(CCCC)CC)=C6S5)C=C(C)S7)C9=CC=C(S9)CC(CCCC)CC)S1||c12cc3c(cc1C(c1c2sc2c1sc(c2)/C=C\1/C(=C(C#N)C#N)c2c(C1=O)cccc2)(c1ccc(cc1)CCCCCC)c1ccc(cc1)CCCCCC)c1c(C3(c2ccc(cc2)CCCCCC)c2ccc(cc2)CCCCCC)c2c(s1)cc(s2)/C=C\1/C(=C(C#N)C#N)c2c(C1=O)cccc2,d307b33c639be81ea5ef4acfbb16031728de37dd1529f4e144bf2d1748d03ad3,202f8607af2cecb83e86b2e4305f8c7e2852bc709bb805b9055691d46a9081c5,9f67d9e8f36062b826487b6eb051571763cb36c1f4b2019b6f01da50c8a8a60e,63b8d7f48adec939e990e77c57640c9b971a6d354df67f4985b8f25ee8e864b3,3be70fe63b2d7628804ba8e03c3662bb30ce8e89983d97cb1fb09af7a10bceec,730,475,257,558
587,in-house,680,FC(C=C1C2=CC=C(C)S2)=C(C=C1F)C3=CC=C(S3)C4=C(CC(CCCC)CC)C=C(C5=C(C(C6=C(SC(CC(CCCC)CC)=C6C7=O)CC(CCCC)CC)=O)C7=C(C8=CC(CC(CCCC)CC)=C(S8)C)S5)S4,c12cc3c(cc1C(c1c2sc2c1sc(c2)/C=C\1/C(=C(C#N)C#N)c2c(C1=O)cccc2)(c1ccc(cc1)CCCCCC)c1ccc(cc1)CCCCCC)c1c(C3(c2ccc(cc2)CCCCCC)c2ccc(cc2)CCCCCC)c2c(s1)cc(s2)/C=C\1/C(=C(C#N)C#N)c2c(C1=O)cccc2,6.6,FC(C=C1C2=CC=C(C)S2)=C(C=C1F)C3=CC=C(S3)C4=C(CC(CCCC)CC)C=C(C5=C(C(C6=C(SC(CC(CCCC)CC)=C6C7=O)CC(CCCC)CC)=O)C7=C(C8=CC(CC(CCCC)CC)=C(S8)C)S5)S4||c12cc3c(cc1C(c1c2sc2c1sc(c2)/C=C\1/C(=C(C#N)C#N)c2c(C1=O)cccc2)(c1ccc(cc1)CCCCCC)c1ccc(cc1)CCCCCC)c1c(C3(c2ccc(cc2)CCCCCC)c2ccc(cc2)CCCCCC)c2c(s1)cc(s2)/C=C\1/C(=C(C#N)C#N)c2c(C1=O)cccc2,4fba5a5e08eb443ece6ef74d58baa1b582d7b8e513731c9f8b6c7f1fe79b9714,202f8607af2cecb83e86b2e4305f8c7e2852bc709bb805b9055691d46a9081c5,c9c3aa6286c2321478b00bab240681bc49c518a9c74bf0cc1680c53f4ed319b7,173e087b284ddf8c01deff260bb89b74b6a998f09996b9f034d71e1584942d26,2d7929d911725fe87356f805a44ff5cdfe4c373f8ab7a450691d6e4e88194a8c,962,117,197,559
588,in-house,681,c1ccc(s1)c1c2c(c(c3c1nn(n3)C[C@@H](CCCCCCCC)CCCCCC)c1sc(cc1)c1sc3c(c1)c(c1c(c3c3cc(c(s3)C[C@@H](CCCC)CC)F)ccs1)c1cc(c(s1)C[C@H](CC)CCCC)F)cc(s2)F,c12cc3c(cc1C(c1c2sc2c1sc(c2)/C=C\1/C(=C(C#N)C#N)c2c(C1=O)cccc2)(c1ccc(cc1)CCCCCC)c1ccc(cc1)CCCCCC)c1c(C3(c2ccc(cc2)CCCCCC)c2ccc(cc2)CCCCCC)c2c(s1)cc(s2)/C=C\1/C(=C(C#N)C#N)c2c(C1=O)cccc2,6.59,c1ccc(s1)c1c2c(c(c3c1nn(n3)C[C@@H](CCCCCCCC)CCCCCC)c1sc(cc1)c1sc3c(c1)c(c1c(c3c3cc(c(s3)C[C@@H](CCCC)CC)F)ccs1)c1cc(c(s1)C[C@H](CC)CCCC)F)cc(s2)F||c12cc3c(cc1C(c1c2sc2c1sc(c2)/C=C\1/C(=C(C#N)C#N)c2c(C1=O)cccc2)(c1ccc(cc1)CCCCCC)c1ccc(cc1)CCCCCC)c1c(C3(c2ccc(cc2)CCCCCC)c2ccc(cc2)CCCCCC)c2c(s1)cc(s2)/C=C\1/C(=C(C#N)C#N)c2c(C1=O)cccc2,8ce0d3860269092a691b24d55088925a60816f32c3b06528fde0d4856b68b81b,202f8607af2cecb83e86b2e4305f8c7e2852bc709bb805b9055691d46a9081c5,c5cf81cd555cd34f8c446649c94f803a59527147d4cd68deb98383d7e5105d61,af53c89afc30a0e264e5a305af16adb02ade2968ab62c8522c9b5d3e083fa75d,e0bf94523e87b8ce2b772bab853daff365ba46e8464a2aa8ac4852e6862d00da,951,798,1042,560
589,in-house,682,FC1=C(C(OCC(CCCC)CC)=O)SC2=CSC(C3=CC4=C(C5=C(C(C6=CC=C(CC(CC)CCCC)S6)=C4S3)C=CS5)C7=CC=C(CC(CC)CCCC)S7)=C12,CCCCCCC(C=C1)=CC=C1C2(C3=CC=C(C=C3)CCCCCC)C4=CC(C(S5)=CC=C5C(C6=NSN=C76)=CC=C7/C=C(C#N)/C#N)=CC=C4C8=C2C=C(S8)C9=CC=C(C%10=NSN=C9%10)/C=C(C#N)\C#N,6.57,FC1=C(C(OCC(CCCC)CC)=O)SC2=CSC(C3=CC4=C(C5=C(C(C6=CC=C(CC(CC)CCCC)S6)=C4S3)C=CS5)C7=CC=C(CC(CC)CCCC)S7)=C12||CCCCCCC(C=C1)=CC=C1C2(C3=CC=C(C=C3)CCCCCC)C4=CC(C(S5)=CC=C5C(C6=NSN=C76)=CC=C7/C=C(C#N)/C#N)=CC=C4C8=C2C=C(S8)C9=CC=C(C%10=NSN=C9%10)/C=C(C#N)\C#N,2249a87c8fc0450476e55f070a85b71ffa6beb368356c28f1302bad8bac422cb,3d4f29a6b931801643c802a2bd625f83f544a476e0559f7960a3b162627d47dc,32d71218ec92b324e03c0a0468292f82bde36af77e3803e4ac98d1531d6dc61b,64afb68b7aad7c518c19c4865acb5d99ec0913fd74f2b6b2f643dd6b47c928ca,d4fafb60cba9b16fb658b02c8ce29cca546d674d268050d5b6669953ba604470,228,481,976,561
590,in-house,686,CC1=CC(C(C2=CC=C(S2)CC(CCCCCCCC)CCCCCCCCCC)=C3S4)=C(S1)C(C5=CC=C(S5)CC(CCCCCCCC)CCCCCCCCCC)=C3C=C4C6=CC([F])=C(S6)/C=C/C7=C(F)C=C(C)S7,c12cc3c(cc1C(c1c2sc2c1sc(c2)/C=C\1/C(=C(C#N)C#N)c2c(C1=O)cccc2)(c1ccc(cc1)CCCCCC)c1ccc(cc1)CCCCCC)c1c(C3(c2ccc(cc2)CCCCCC)c2ccc(cc2)CCCCCC)c2c(s1)cc(s2)/C=C\1/C(=C(C#N)C#N)c2c(C1=O)cccc2,6.5,CC1=CC(C(C2=CC=C(S2)CC(CCCCCCCC)CCCCCCCCCC)=C3S4)=C(S1)C(C5=CC=C(S5)CC(CCCCCCCC)CCCCCCCCCC)=C3C=C4C6=CC([F])=C(S6)/C=C/C7=C(F)C=C(C)S7||c12cc3c(cc1C(c1c2sc2c1sc(c2)/C=C\1/C(=C(C#N)C#N)c2c(C1=O)cccc2)(c1ccc(cc1)CCCCCC)c1ccc(cc1)CCCCCC)c1c(C3(c2ccc(cc2)CCCCCC)c2ccc(cc2)CCCCCC)c2c(s1)cc(s2)/C=C\1/C(=C(C#N)C#N)c2c(C1=O)cccc2,f6c06ccbcd046739bbb380a96d9bcfe597f96f9850baa0bc8c8e94dadf37a841,202f8607af2cecb83e86b2e4305f8c7e2852bc709bb805b9055691d46a9081c5,48b5ed78536dfc1d99dba5ad6ed48dce44d34dc7cb6f26c51c0c05f32a7fdf43,4fde4315ba9b799f8d71fb21013ffa108d21d26481d6e5d0fb3fd5d84c1476f3,2bd1b02d1ab73861e9e3951db04c10d0a15a51166635a2f1093774cb9ad9ff76,337,384,191,562
591,in-house,688,CC(S1)=CC=C1C(C2=NN(CC(CC)CCCC)N=C32)=C(F)C(F)=C3C4=CC=C(S4)C5=CC6=C(C7=C(C(C8=CC=C(S8)CC(CCCCCCCCCC)CCCCCCCC)=C6S5)C=C(C)S7)C9=CC=C(S9)CC(CCCCCCCC)CCCCCCCCCC,c12cc3c(cc1C(c1c2sc2c1sc(c2)/C=C\1/C(=C(C#N)C#N)c2c(C1=O)cccc2)(c1ccc(cc1)CCCCCC)c1ccc(cc1)CCCCCC)c1c(C3(c2ccc(cc2)CCCCCC)c2ccc(cc2)CCCCCC)c2c(s1)cc(s2)/C=C\1/C(=C(C#N)C#N)c2c(C1=O)cccc2,6.48,CC(S1)=CC=C1C(C2=NN(CC(CC)CCCC)N=C32)=C(F)C(F)=C3C4=CC=C(S4)C5=CC6=C(C7=C(C(C8=CC=C(S8)CC(CCCCCCCCCC)CCCCCCCC)=C6S5)C=C(C)S7)C9=CC=C(S9)CC(CCCCCCCC)CCCCCCCCCC||c12cc3c(cc1C(c1c2sc2c1sc(c2)/C=C\1/C(=C(C#N)C#N)c2c(C1=O)cccc2)(c1ccc(cc1)CCCCCC)c1ccc(cc1)CCCCCC)c1c(C3(c2ccc(cc2)CCCCCC)c2ccc(cc2)CCCCCC)c2c(s1)cc(s2)/C=C\1/C(=C(C#N)C#N)c2c(C1=O)cccc2,a274858087d1d5db333488cb0a7603dab0154d1f26bdfb7121d654961d0ee00b,202f8607af2cecb83e86b2e4305f8c7e2852bc709bb805b9055691d46a9081c5,2ca20dfcd30a3ffebe3ee97b48b85896f521ed216bd46789c7639b78dfb73933,f8afd97cbefff7039f119111c9f1fafaca93c52e13bea1403c1ff3d0974987bb,a262c8b20d905c0879495267fd898a6348700e561ac44f96bd6546bc5062d14a,195,1158,740,563
592,in-house,690,O=C(C1=C(CCC(CCCC)CC)SC(CCC(CC)CCCC)=C1C2=O)C(C2=C(C3)C(C4)=CC=C4C5=CC6=C(C(C7=CC=C(CCC(CCCC)CC)S7)=C8C=CSC8=C6C9=CC=C(CCC(CCCC)CC)S9)S5)=C3C%10=CC=CS%10,[H]C1=CC2=C(C(/C(C2=O)=C/C3=C(C(OC)=C(C4=CC(SC5=C6C(C7=CC=C(C=C7)CCCCCC)(C8=C5C=C(C9=C8)C(C(C=C%10)=CC=C%10CCCCCC)(C%11=CC=C(CCCCCC)C=C%11)C%12=C9SC%13=C%12SC(C%14=C(OC)C(OC)=C(/C=C%15/C(C(C=C([H])C([H])=C%16)=C%16C%15=O)=C(C#N)/C#N)S%14)=C%13)C%17=CC=C(CCCCCC)C=C%17)=C6S4)S3)OC)=C(C#N)\C#N)C=C1[H],6.46,O=C(C1=C(CCC(CCCC)CC)SC(CCC(CC)CCCC)=C1C2=O)C(C2=C(C3)C(C4)=CC=C4C5=CC6=C(C(C7=CC=C(CCC(CCCC)CC)S7)=C8C=CSC8=C6C9=CC=C(CCC(CCCC)CC)S9)S5)=C3C%10=CC=CS%10||[H]C1=CC2=C(C(/C(C2=O)=C/C3=C(C(OC)=C(C4=CC(SC5=C6C(C7=CC=C(C=C7)CCCCCC)(C8=C5C=C(C9=C8)C(C(C=C%10)=CC=C%10CCCCCC)(C%11=CC=C(CCCCCC)C=C%11)C%12=C9SC%13=C%12SC(C%14=C(OC)C(OC)=C(/C=C%15/C(C(C=C([H])C([H])=C%16)=C%16C%15=O)=C(C#N)/C#N)S%14)=C%13)C%17=CC=C(CCCCCC)C=C%17)=C6S4)S3)OC)=C(C#N)\C#N)C=C1[H],6f31f3770fd225e382586e20513744e11a328b7cc74c758d48628417c600a02b,a28c85a21585775d8bfdc83471270e7a0f1e3790032b6829d8ac57531de16ae4,96dc4d857f855920e4aac56033f08d705999c2c15bf27923149c212f47a658a8,4e31fe79226c0c97623956c49f7ca3ba190b5f300ce4b22eb66c365da409addf,18646c07ce676782b219a9f06286f28dd5aff2026d50b1373a28c51fb478be05,690,371,110,564
593,in-house,691,CC1=C(C(N(C2=O)CC(CCCCCCCC)CCCCCCCCCC)=O)C(C2=CC(C(S3)=CC=C3C4=CC=C(C)S4)=C5C(N(C6=O)CC(CCCCCCCCCC)CCCCCCCC)=O)=C5C6=C1,c12cc3c(cc1C(c1c2sc2c1sc(c2)/C=C\1/C(=C(C#N)C#N)c2c(C1=O)cccc2)(c1ccc(cc1)CCCCCC)c1ccc(cc1)CCCCCC)c1c(C3(c2ccc(cc2)CCCCCC)c2ccc(cc2)CCCCCC)c2c(s1)cc(s2)/C=C\1/C(=C(C#N)C#N)c2c(C1=O)cccc2,6.44,CC1=C(C(N(C2=O)CC(CCCCCCCC)CCCCCCCCCC)=O)C(C2=CC(C(S3)=CC=C3C4=CC=C(C)S4)=C5C(N(C6=O)CC(CCCCCCCCCC)CCCCCCCC)=O)=C5C6=C1||c12cc3c(cc1C(c1c2sc2c1sc(c2)/C=C\1/C(=C(C#N)C#N)c2c(C1=O)cccc2)(c1ccc(cc1)CCCCCC)c1ccc(cc1)CCCCCC)c1c(C3(c2ccc(cc2)CCCCCC)c2ccc(cc2)CCCCCC)c2c(s1)cc(s2)/C=C\1/C(=C(C#N)C#N)c2c(C1=O)cccc2,67096308c55a26128622ec9b815a0cd723d977553f068a8caf89ccdd119c12c3,202f8607af2cecb83e86b2e4305f8c7e2852bc709bb805b9055691d46a9081c5,a6a2251b9e1c16bd85fafe037fdd1825de231bb5d1eebe5ae10cbbd73c33c6ae,63866edaef3f8052219c557c5924514cab475dad7f1153fab6821a6f9493b7f0,ad3a46a6f835e9d98ff801e0c0302627291f42f144f4561243512b0adfbdd89f,773,474,796,565
594,in-house,692,s1c2c(cc1)sc1c2c(c2c(c1c1ccc(s1)CCCCCCCC)c1c(s2)cc(s1)c1sc(cc1)c1sc(c2c1C(=O)c1c(C2=O)c(sc1C[C@@H](CCCC)CC)C[C@H](CCCC)CC)c1sccc1)c1ccc(s1)CCCCCCCC,O=C(C1=CC=CC=C1C/2=C(C#N)\C#N)C2=C/C3=CC4=C(C(C(C5=CC=C(CCCCCC)S5)(C6=C7C=C8C(C9=CC=C(S9)CCCCCC)(C%10=CC=C(S%10)CCCCCC)C%11=C(SC%12=C%11SC(/C=C%13C(C%14=CC=CC=C%14C\%13=C(C#N)\C#N)=O)=C%12)C8=C6)C(S%15)=CC=C%15CCCCCC)=C7S4)S3,6.43,s1c2c(cc1)sc1c2c(c2c(c1c1ccc(s1)CCCCCCCC)c1c(s2)cc(s1)c1sc(cc1)c1sc(c2c1C(=O)c1c(C2=O)c(sc1C[C@@H](CCCC)CC)C[C@H](CCCC)CC)c1sccc1)c1ccc(s1)CCCCCCCC||O=C(C1=CC=CC=C1C/2=C(C#N)\C#N)C2=C/C3=CC4=C(C(C(C5=CC=C(CCCCCC)S5)(C6=C7C=C8C(C9=CC=C(S9)CCCCCC)(C%10=CC=C(S%10)CCCCCC)C%11=C(SC%12=C%11SC(/C=C%13C(C%14=CC=CC=C%14C\%13=C(C#N)\C#N)=O)=C%12)C8=C6)C(S%15)=CC=C%15CCCCCC)=C7S4)S3,f2835193f0a6c478b0180480960a81c5170353a82ce10f8a826b600cf43108a1,324d6e5b76a9400503a81056ec0f63ac76d712428565dd1fa4bf1871d8f66e0c,8043425b763fd01ebc6a80c7855594b49395254dd3c93e9722944d41e5841731,fda0bd895e04cf3a85f200dfa60532e0f05118187b912346022163dcfbad321b,7739d01d27252da5a258db4b904d140a95d321d12d80eab182564b002179c236,587,1180,536,566
595,in-house,693,c1(c2c3c(c(c4c2cc(s4)c2cc(c(s2)c2sc(c4c2C(=O)N(C4=O)C[C@H](CCCCCCCC)CCCCCC)c2c(ccs2)CCCCCCCCCCCC)CCCCCCCCCCCC)c2ccc(s2)[Si](CCC)(CCC)CCC)ccs3)ccc(s1)[Si](CCC)(CCC)CCC,c12cc3c(cc1C(c1c2sc2c1sc(c2)/C=C\1/C(=C(C#N)C#N)c2c(C1=O)cccc2)(c1cccc(c1)CCCCCC)c1cc(ccc1)CCCCCC)c1c(C3(c2cc(ccc2)CCCCCC)c2cccc(c2)CCCCCC)c2c(s1)cc(s2)/C=C\1/C(=C(C#N)C#N)c2c(C1=O)cccc2,6.41,c1(c2c3c(c(c4c2cc(s4)c2cc(c(s2)c2sc(c4c2C(=O)N(C4=O)C[C@H](CCCCCCCC)CCCCCC)c2c(ccs2)CCCCCCCCCCCC)CCCCCCCCCCCC)c2ccc(s2)[Si](CCC)(CCC)CCC)ccs3)ccc(s1)[Si](CCC)(CCC)CCC||c12cc3c(cc1C(c1c2sc2c1sc(c2)/C=C\1/C(=C(C#N)C#N)c2c(C1=O)cccc2)(c1cccc(c1)CCCCCC)c1cc(ccc1)CCCCCC)c1c(C3(c2cc(ccc2)CCCCCC)c2cccc(c2)CCCCCC)c2c(s1)cc(s2)/C=C\1/C(=C(C#N)C#N)c2c(C1=O)cccc2,16a6cdde0ea74dae7837faa513103a575deb93b5218f64d82e1136856b902fe2,50864152acede518837f13b246d168a2c910162b60d24eaca8a12069a3584c43,b45196938062e1a8b50e8f9f4c11a2ad780b6b372c727bfadca096e768637934,54f5bdd909ee66d94b7862ff1e6207986aa05014e2d73162e340f01bc8811b99,b3cbdf7ebab6de92f57cafd4b28d5b9712fba97cd7e6c2699e171d7c11057a14,841,404,831,567
596,in-house,694,O=C(C1=C(CCC(CCCC)CC)SC(CCC(CC)CCCC)=C1C2=O)C(C2=C(C3)C(C4)=CC=C4C5=CC6=C(C(C7=CC=C(CCC(CCCC)CC)S7)=C8C=CSC8=C6C9=CC=C(CCC(CCCC)CC)S9)S5)=C3C%10=CC=CS%10,c1scc2c1C(=C(C#N)C#N)/C(=C/c1cc3c(s1)c1c(C3(c3ccc(cc3)CCCCCC)c3ccc(cc3)CCCCCC)cc3c(c1)C(c1c3sc(c1)/C=C\1/C(=C(C#N)C#N)c3c(C1=O)csc3)(c1ccc(cc1)CCCCCC)c1ccc(cc1)CCCCCC)/C2=O,6.4,O=C(C1=C(CCC(CCCC)CC)SC(CCC(CC)CCCC)=C1C2=O)C(C2=C(C3)C(C4)=CC=C4C5=CC6=C(C(C7=CC=C(CCC(CCCC)CC)S7)=C8C=CSC8=C6C9=CC=C(CCC(CCCC)CC)S9)S5)=C3C%10=CC=CS%10||c1scc2c1C(=C(C#N)C#N)/C(=C/c1cc3c(s1)c1c(C3(c3ccc(cc3)CCCCCC)c3ccc(cc3)CCCCCC)cc3c(c1)C(c1c3sc(c1)/C=C\1/C(=C(C#N)C#N)c3c(C1=O)csc3)(c1ccc(cc1)CCCCCC)c1ccc(cc1)CCCCCC)/C2=O,6f31f3770fd225e382586e20513744e11a328b7cc74c758d48628417c600a02b,7b8170e4e7be3fca11002a032129edf1366c5fdfe6de6f81fba917a703b6e4d0,c0eae63eb6d58741af5d5f3fe8c9ea314939af776072e2ec1fa4dadd75e7dc0b,5c18a9e189fe1c444bd3dcd40d3b920834017aa5098db6c4417c0677e13dacb1,80c8db4c8bd61d4985c5b44da1366c6f9f9d82b078b8d885cfe37d1d6c49257c,916,433,582,568
597,in-house,695,FC1=C(C(OCC(CCCC)CC)=O)SC2=CSC(C3=CC4=C(C5=C(C(C6=CC=C(CC(CC)CCCC)S6)=C4S3)C=CS5)C7=CC=C(CC(CC)CCCC)S7)=C12,[H]C1=CC2=C(C(/C(C2)=C/C3=CC4=C(S3)C(C(C5=CC=C(CCCCCC)C=C5)(OC6=CC7=C(OC(C8=CC=C(CCCCCC)C=C8)(C9=C7SC%10=C9SC(/C=C%11C(C%12=CC([H])=C(C=C%12C\%11=C(C#N)\C#N)[H])=O)=C%10)C%13=CC=C(CCCCCC)C=C%13)C=C6%14)C%15=CC=C(CCCCCC)C=C%15)=C%14S4)=C(C#N)\C#N)C=C1[H],6.36,FC1=C(C(OCC(CCCC)CC)=O)SC2=CSC(C3=CC4=C(C5=C(C(C6=CC=C(CC(CC)CCCC)S6)=C4S3)C=CS5)C7=CC=C(CC(CC)CCCC)S7)=C12||[H]C1=CC2=C(C(/C(C2)=C/C3=CC4=C(S3)C(C(C5=CC=C(CCCCCC)C=C5)(OC6=CC7=C(OC(C8=CC=C(CCCCCC)C=C8)(C9=C7SC%10=C9SC(/C=C%11C(C%12=CC([H])=C(C=C%12C\%11=C(C#N)\C#N)[H])=O)=C%10)C%13=CC=C(CCCCCC)C=C%13)C=C6%14)C%15=CC=C(CCCCCC)C=C%15)=C%14S4)=C(C#N)\C#N)C=C1[H],2249a87c8fc0450476e55f070a85b71ffa6beb368356c28f1302bad8bac422cb,d78eb0723692d7656428456703164433d67b341e5576c3e60f60e313aa3d6df8,ac740aa927a94d94a11f1d35305f720082c9d0889ea432b660dbfb4b68c285bf,9fb075843af47b2096785c64950fcbc13b678d7d0f26229746a105504c84bc15,61f9925470126f32e88781d6334ef48b6350bbcba2e8a392a4f1a990c82589fe,803,747,443,569
598,in-house,697,O=C(C1=C(CCC(CCCC)CC)SC(CCC(CC)CCCC)=C1C2=O)C(C2=C(C3)C(C4)=CC=C4C5=CC6=C(C(C7=CC=C(CCC(CCCC)CC)S7)=C8C=CSC8=C6C9=CC=C(CCC(CCCC)CC)S9)S5)=C3C%10=CC=CS%10,O=C(C1=CC=CC=C1C/2=C(C#N)\C#N)C2=C/C3=CC(CC(CC)CCCC)=C(C4=CC5=C(S4)C(C(C6=CC=C(C=C6)CCCCCC)(C7=CC8=C9C(C(C=C%10)=CC=C%10CCCCCC)(C%11=CC=C(C=C%11)CCCCCC)C%12=C8SC%13=C%12SC(C%14=C(CC(CC)CCCC)C=C(/C=C%15C(C(C=CC=C%16)=C%16C\%15=C(C#N)\C#N)=O)S%14)=C%13)C(C=C%17)=CC=C%17CCCCCC)=C(C7=C9)S5)S3,6.33,O=C(C1=C(CCC(CCCC)CC)SC(CCC(CC)CCCC)=C1C2=O)C(C2=C(C3)C(C4)=CC=C4C5=CC6=C(C(C7=CC=C(CCC(CCCC)CC)S7)=C8C=CSC8=C6C9=CC=C(CCC(CCCC)CC)S9)S5)=C3C%10=CC=CS%10||O=C(C1=CC=CC=C1C/2=C(C#N)\C#N)C2=C/C3=CC(CC(CC)CCCC)=C(C4=CC5=C(S4)C(C(C6=CC=C(C=C6)CCCCCC)(C7=CC8=C9C(C(C=C%10)=CC=C%10CCCCCC)(C%11=CC=C(C=C%11)CCCCCC)C%12=C8SC%13=C%12SC(C%14=C(CC(CC)CCCC)C=C(/C=C%15C(C(C=CC=C%16)=C%16C\%15=C(C#N)\C#N)=O)S%14)=C%13)C(C=C%17)=CC=C%17CCCCCC)=C(C7=C9)S5)S3,6f31f3770fd225e382586e20513744e11a328b7cc74c758d48628417c600a02b,0019c3741072559bae93879c6b207c3c8dab1e49a272fadcedab8351ff73da97,0f72b035798f5e21d471cb66005a4aa12f77f82dd9370f0020395a17ea07aeb4,3cbcfded7fb8114a5d42d48140a79976fca87a97150ec26ae72ccef753505c05,aad84376f9cc37a449d4795f78e7046b7585282550a41b56a1baf0f98478a214,69,297,788,570
599,in-house,698,c1scc(c1)CCCCCC,O=C(/C(S/1)=C\C(C2=NN(N=C32)CCCCCCCC)=CC=C3C4=CC5=C(S4)C6=C(C(C7=CC=C(C=C7)OCCCCCC)(C8=CC=C(C=C8)OCCCCCC)O5)C=C(C(S9)=C%10C=C9C(C%11=NN%12CCCCCCCC)=CC=C(C%11=N%12)/C=C%13S/C(N(CC)C/%13=O)=C(C#N)\C#N)C(C(C(C=C%14)=CC=C%14OCCCCCC)(C(C=C%15)=CC=C%15OCCCCCC)O%10)=C6)N(CC)C1=C(C#N)/C#N,6.31,c1scc(c1)CCCCCC||O=C(/C(S/1)=C\C(C2=NN(N=C32)CCCCCCCC)=CC=C3C4=CC5=C(S4)C6=C(C(C7=CC=C(C=C7)OCCCCCC)(C8=CC=C(C=C8)OCCCCCC)O5)C=C(C(S9)=C%10C=C9C(C%11=NN%12CCCCCCCC)=CC=C(C%11=N%12)/C=C%13S/C(N(CC)C/%13=O)=C(C#N)\C#N)C(C(C(C=C%14)=CC=C%14OCCCCCC)(C(C=C%15)=CC=C%15OCCCCCC)O%10)=C6)N(CC)C1=C(C#N)/C#N,dcfe55e25105351ae9c8ad52944bf5ab5d7d9aabff6bbd3f76ff805bf8820852,b322cb60763e835433b8a4220f34cfb8e18f1537cf578957a70a8edba8896b0d,3dd7533413980a95e392c4c467feead28981d3a97bcc9de80f749e40c6abbfb0,33938f04df165769a93f862d216bb08dcd81ae852f15fde66d2d1a564156c67f,e8aba4ff07d577eaf12c0e7840a1570014842a985902842e2bdffd8e026f3cf7,275,263,1082,571
600,in-house,699,FC1=C(C(OCC(CCCC)CC)=O)SC2=CSC(C3=CC4=C(C5=C(C(C6=CC=C(CC(CC)CCCC)S6)=C4S3)C=CS5)C7=CC=C(CC(CC)CCCC)S7)=C12,O=C(C1=CC=CC=C1C/2=C(C#N)\C#N)C2=C/C3=CC(CC(CCCC)CC)=C(S3)C4=CC(C5(C6=CC=C(CCCCCC)C=C6)C7=CC=C(CCCCCC)C=C7)=C(C8=CC9=C(C%10=C(C9(C%11=CC=C(CCCCCC)C=C%11)C%12=CC=C(C=C%12)CCCCCC)C=C(C%13=C(CC(CC)CCCC)C=C(/C=C%14C(C%15=CC=CC=C%15C\%14=C(C#N)\C#N)=O)S%13)S%10)C=C85)S4,6.31,FC1=C(C(OCC(CCCC)CC)=O)SC2=CSC(C3=CC4=C(C5=C(C(C6=CC=C(CC(CC)CCCC)S6)=C4S3)C=CS5)C7=CC=C(CC(CC)CCCC)S7)=C12||O=C(C1=CC=CC=C1C/2=C(C#N)\C#N)C2=C/C3=CC(CC(CCCC)CC)=C(S3)C4=CC(C5(C6=CC=C(CCCCCC)C=C6)C7=CC=C(CCCCCC)C=C7)=C(C8=CC9=C(C%10=C(C9(C%11=CC=C(CCCCCC)C=C%11)C%12=CC=C(C=C%12)CCCCCC)C=C(C%13=C(CC(CC)CCCC)C=C(/C=C%14C(C%15=CC=CC=C%15C\%14=C(C#N)\C#N)=O)S%13)S%10)C=C85)S4,2249a87c8fc0450476e55f070a85b71ffa6beb368356c28f1302bad8bac422cb,344dccdd28ddc82b85da7719e7bd4ac1ccc795da467b0d375664dbc2a9934c67,65fb69bca42dc7042fd5f48043adc1937b4d96a1ca313fc18c77f6c0c08419e6,b57fd6ad817efbb9e5f9a7c2d6429ee55aa557fd5b21f55371bb38d8ca516bcc,be3d400b974a32302364e0f2d1c0f5b8407ee91c697ee4638e289392b03aedb6,460,819,880,572
601,in-house,701,CC1=CC2=C(S1)C(C3=CC=C([Si](CCC)(CCC)CCC)S3)=C4C=C(C5=CC=C(C6=C(F)C(F)=C(C7=CC=C(S7)C)C8=NN(CC(CCCCCCCC)CCCCCC)N=C68)S5)SC4=C2C9=CC=C([Si](CCC)(CCC)CCC)S9,c1c(c2c(c(c1)c1sc(c(c1)C[C@H](CCCCCC)CCCC)c1nc3c(s1)nc(s3)c1c(cc(s1)c1ccc(c3c1nsn3)/C=c/1\sc(=C(C#N)C#N)n(c1=O)CC)C[C@H](CCCC)CCCCCC)nsn2)/C=c/1\sc(=C(C#N)C#N)n(c1=O)CC,6.3,CC1=CC2=C(S1)C(C3=CC=C([Si](CCC)(CCC)CCC)S3)=C4C=C(C5=CC=C(C6=C(F)C(F)=C(C7=CC=C(S7)C)C8=NN(CC(CCCCCCCC)CCCCCC)N=C68)S5)SC4=C2C9=CC=C([Si](CCC)(CCC)CCC)S9||c1c(c2c(c(c1)c1sc(c(c1)C[C@H](CCCCCC)CCCC)c1nc3c(s1)nc(s3)c1c(cc(s1)c1ccc(c3c1nsn3)/C=c/1\sc(=C(C#N)C#N)n(c1=O)CC)C[C@H](CCCC)CCCCCC)nsn2)/C=c/1\sc(=C(C#N)C#N)n(c1=O)CC,eaf1916a35a7483d8caf5815ff5e1ea653d31569a8b350b0b99530cf692c3bfb,a0689a04684362d88aa8ba72f2a861917eb6c777f0c8d9361945f048c1409c67,37bf411e9cffb857748744347ef32c0778b4d4c62ae73ed2e56d49a0e35af842,decf49024993cd3ce2b429f2fc0c957ad9bc8cdeed9bf617291e0fb401d700b7,471be9a1a33561861d26d741744c86f625c5d4f056fce1b350b8b183f32ccdb1,244,1025,315,573
602,in-house,702,O=C(C1=C(CCC(CCCC)CC)SC(CCC(CC)CCCC)=C1C2=O)C(C2=C(C3)C(C4)=CC=C4C5=CC6=C(C(C7=CC=C(CCC(CCCC)CC)S7)=C8C=CSC8=C6C9=CC=C(CCC(CCCC)CC)S9)S5)=C3C%10=CC=CS%10,CCCCCCC(C=C1)=CC=C1C2(C(C3=C(S4)C=C(S3)/C=C(C(C5=C6C(OC)=CC=C5)=O)\C6=C(C#N)\C#N)=C4C7=C2C=C(C8=C7)C9=C(C8(C%10=CC=C(C=C%10)CCCCCC)C%11=CC=C(C=C%11)CCCCCC)C%12=C(C=C(S%12)/C=C(/C(C%13=C%14C=CC=C%13OC)=C(C#N)\C#N)C%14=O)S9)C(C=C%15)=CC=C%15CCCCCC,6.3,O=C(C1=C(CCC(CCCC)CC)SC(CCC(CC)CCCC)=C1C2=O)C(C2=C(C3)C(C4)=CC=C4C5=CC6=C(C(C7=CC=C(CCC(CCCC)CC)S7)=C8C=CSC8=C6C9=CC=C(CCC(CCCC)CC)S9)S5)=C3C%10=CC=CS%10||CCCCCCC(C=C1)=CC=C1C2(C(C3=C(S4)C=C(S3)/C=C(C(C5=C6C(OC)=CC=C5)=O)\C6=C(C#N)\C#N)=C4C7=C2C=C(C8=C7)C9=C(C8(C%10=CC=C(C=C%10)CCCCCC)C%11=CC=C(C=C%11)CCCCCC)C%12=C(C=C(S%12)/C=C(/C(C%13=C%14C=CC=C%13OC)=C(C#N)\C#N)C%14=O)S9)C(C=C%15)=CC=C%15CCCCCC,6f31f3770fd225e382586e20513744e11a328b7cc74c758d48628417c600a02b,d0010a2fec7ea286576eb91f1322e9e965fbcbfce9abefd3b82040c38b269dad,d0597ccd6a17a827266949b8dbd86515968399d441583e4d96c08d82308bc0e1,f91e1bdbf0f78b9a31b1ce9f2d9fe5edc242cd3416685dcd1997379b785c2cc9,f4114b3ca73ce889717e4e2d588cbf9ae1ec29071b6eb96bb42ca9f7a7b25c9d,993,1162,1142,574
603,in-house,704,O=C(C1=C(CCC(CCCC)CC)SC(CCC(CC)CCCC)=C1C2=O)C(C2=C(C3)C(C4)=CC=C4C5=CC6=C(C(C7=CC=C(CCC(CCCC)CC)S7)=C8C=CSC8=C6C9=CC=C(CCC(CCCC)CC)S9)S5)=C3C%10=CC=CS%10,O=C(C1=CC=CC=C1C/2=C(C#N)\C#N)C2=C\C3=CC4=C(S3)C(OCC)=C5C(N(C(CC)CCCC)C6=C7C8=NSN=C8C9=C6N(C(CC)CCCC)C%10=C9SC%11=C%10C(OCC)=C%12SC(/C=C%13C(C%14=CC=CC=C%14C/%13=C(C#N)/C#N)=O)=CC%12=C%11OCC)=C7SC5=C4OCC,6.29,O=C(C1=C(CCC(CCCC)CC)SC(CCC(CC)CCCC)=C1C2=O)C(C2=C(C3)C(C4)=CC=C4C5=CC6=C(C(C7=CC=C(CCC(CCCC)CC)S7)=C8C=CSC8=C6C9=CC=C(CCC(CCCC)CC)S9)S5)=C3C%10=CC=CS%10||O=C(C1=CC=CC=C1C/2=C(C#N)\C#N)C2=C\C3=CC4=C(S3)C(OCC)=C5C(N(C(CC)CCCC)C6=C7C8=NSN=C8C9=C6N(C(CC)CCCC)C%10=C9SC%11=C%10C(OCC)=C%12SC(/C=C%13C(C%14=CC=CC=C%14C/%13=C(C#N)/C#N)=O)=CC%12=C%11OCC)=C7SC5=C4OCC,6f31f3770fd225e382586e20513744e11a328b7cc74c758d48628417c600a02b,e7f03818f9fe4d24c7b832596a05a6bfe3d6d5beca53c9ce3b84177aec0449ef,a269f8f9e9f79e498a012a36b0077e66bda985577d3cdb93828e0bd7c8cf052b,8f5051ba251ed03d58b680f89116db03e7208d021bb01ec375adb89e74584e87,3c10fc10dd63d279f841ea9c1c907b9893a631b6c88452f5b870461d451cc608,754,671,258,575
604,in-house,705,c1scc(c1)CCCCCC,S=C(N(C/1=O)CC)SC1=C/C2=C3SC(C(OCCCCCCCC)=O)=CC3=C(S2)C4=CC(C5(C6=CC=C(CCCCCC)C=C6)C7=CC=C(CCCCCC)C=C7)=C(S4)C(C=C8C9(C%10=CC=C(CCCCCC)C=C%10)C%11=CC=C(CCCCCC)C=C%11)=C5C=C8C(S%12)=C9C=C%12C%13=C%14C=C(C(OCCCCCCCC)=O)SC%14=C(/C=C%15SC(N(C\%15=O)CC)=S)S%13,6.26,c1scc(c1)CCCCCC||S=C(N(C/1=O)CC)SC1=C/C2=C3SC(C(OCCCCCCCC)=O)=CC3=C(S2)C4=CC(C5(C6=CC=C(CCCCCC)C=C6)C7=CC=C(CCCCCC)C=C7)=C(S4)C(C=C8C9(C%10=CC=C(CCCCCC)C=C%10)C%11=CC=C(CCCCCC)C=C%11)=C5C=C8C(S%12)=C9C=C%12C%13=C%14C=C(C(OCCCCCCCC)=O)SC%14=C(/C=C%15SC(N(C\%15=O)CC)=S)S%13,dcfe55e25105351ae9c8ad52944bf5ab5d7d9aabff6bbd3f76ff805bf8820852,dd16d7cb7b38889e94c3ef742ba8aef818c3ed6efff93bc3a6886c98fabc09f5,08d979299c1186067b2ea703c2c33a1c9c33ea8735d3b3e0d61f851e3504fd2d,c3f2a5ed0b6553f31c8b149a1405b4a3af1682fb9ee0e8f73f563c6037649987,0e6aeb37fb58a74afaa361e43173c293514adf02fc25d979211f8dac64a59146,39,899,71,576
605,in-house,707,c1(c2c3c(c(c4c2cc(s4)c2cc(c(s2)c2sc(c4c2C(=O)N(C4=O)C[C@H](CCCCCCCC)CCCCCC)c2c(ccs2)CCCCCCCCCCCC)CCCCCCCCCCCC)c2ccc(s2)[Si](CCC)(CCC)CCC)ccs3)ccc(s1)[Si](CCC)(CCC)CCC,N#C/C(C#N)=C(C1=CC=CC=C1C2=O)/C2=C/C3=CC4=C(C5=C(C=C6C(C(CCCCCC)(CCCCCC)C7=C6SC(/C=C8/C(C9=CC=CC=C9C8=O)=C(C#N)/C#N)=C7)=C5)C4(CCCCCC)CCCCCC)S3,6.18,c1(c2c3c(c(c4c2cc(s4)c2cc(c(s2)c2sc(c4c2C(=O)N(C4=O)C[C@H](CCCCCCCC)CCCCCC)c2c(ccs2)CCCCCCCCCCCC)CCCCCCCCCCCC)c2ccc(s2)[Si](CCC)(CCC)CCC)ccs3)ccc(s1)[Si](CCC)(CCC)CCC||N#C/C(C#N)=C(C1=CC=CC=C1C2=O)/C2=C/C3=CC4=C(C5=C(C=C6C(C(CCCCCC)(CCCCCC)C7=C6SC(/C=C8/C(C9=CC=CC=C9C8=O)=C(C#N)/C#N)=C7)=C5)C4(CCCCCC)CCCCCC)S3,16a6cdde0ea74dae7837faa513103a575deb93b5218f64d82e1136856b902fe2,0cc00e1ba2d95fe8288dc072edf395ee6fc3678daa4e12f6703c7be7d2c5a409,451d902dce90859db44a7438e6905063a6ae6478df0b2cbfd4794048dc3a35d3,c95f3e436441ef42fa60f3fc6afe634440b4ffc302b2817d84be4b6edd29d951,bee4d403fec3ec970f04eb8c483729fa380464b327729c33a5eaf7b1d325f8ce,315,922,883,577
606,in-house,708,CC1=CC(C(C2=CC=C(S2)CCCCCCCCCCCC)=C3SC(C4=C(C(N(C5=O)CCCCCCCC)=O)C5=C(C)S4)=CC3=C6C7=CC=C(S7)CCCCCCCCCCCC)=C6S1,c12cc3c(cc1C(c1c2sc2c1sc(c2)/C=C\1/C(=C(C#N)C#N)c2c(C1=O)cccc2)(c1ccc(cc1)CCCCCC)c1ccc(cc1)CCCCCC)c1c(C3(c2ccc(cc2)CCCCCC)c2ccc(cc2)CCCCCC)c2c(s1)cc(s2)/C=C\1/C(=C(C#N)C#N)c2c(C1=O)cccc2,6.17,CC1=CC(C(C2=CC=C(S2)CCCCCCCCCCCC)=C3SC(C4=C(C(N(C5=O)CCCCCCCC)=O)C5=C(C)S4)=CC3=C6C7=CC=C(S7)CCCCCCCCCCCC)=C6S1||c12cc3c(cc1C(c1c2sc2c1sc(c2)/C=C\1/C(=C(C#N)C#N)c2c(C1=O)cccc2)(c1ccc(cc1)CCCCCC)c1ccc(cc1)CCCCCC)c1c(C3(c2ccc(cc2)CCCCCC)c2ccc(cc2)CCCCCC)c2c(s1)cc(s2)/C=C\1/C(=C(C#N)C#N)c2c(C1=O)cccc2,bd1dbd53c330e31b23e5d1dc4a937f5649d7f9e6beeaf8b2d11b9e91ff5affca,202f8607af2cecb83e86b2e4305f8c7e2852bc709bb805b9055691d46a9081c5,0102aeab31811ad70f161c41e84bcd748eb9644fde6a34f2b70eee47a75c1052,ec2ecad971c72541170d96ff5c6d1710954003ff6827f27be154c967e8b2dfeb,bcf9b7abd3943534c0821b701119dc07ff87e7c7814ae67ce0e2df13cf60502e,2,1092,873,578
607,in-house,709,FC1=C(C(OCC(CCCC)CC)=O)SC2=CSC(C3=CC4=C(C5=C(C(C6=CC=C(CC(CC)CCCC)S6)=C4S3)C=CS5)C7=CC=C(CC(CC)CCCC)S7)=C12,c12cc3c(cc1C(c1c2sc2c1sc(c2)/C=C\1/C(=C(C#N)C#N)c2c(C1=O)cccc2)(c1ccc(c(c1)F)OCCCCCC)c1cc(c(cc1)OCCCCCC)F)c1c(C3(c2cc(c(cc2)OCCCCCC)F)c2ccc(c(c2)F)OCCCCCC)c2c(s1)cc(s2)/C=C\1/C(=C(C#N)C#N)c2c(C1=O)cccc2,6.17,FC1=C(C(OCC(CCCC)CC)=O)SC2=CSC(C3=CC4=C(C5=C(C(C6=CC=C(CC(CC)CCCC)S6)=C4S3)C=CS5)C7=CC=C(CC(CC)CCCC)S7)=C12||c12cc3c(cc1C(c1c2sc2c1sc(c2)/C=C\1/C(=C(C#N)C#N)c2c(C1=O)cccc2)(c1ccc(c(c1)F)OCCCCCC)c1cc(c(cc1)OCCCCCC)F)c1c(C3(c2cc(c(cc2)OCCCCCC)F)c2ccc(c(c2)F)OCCCCCC)c2c(s1)cc(s2)/C=C\1/C(=C(C#N)C#N)c2c(C1=O)cccc2,2249a87c8fc0450476e55f070a85b71ffa6beb368356c28f1302bad8bac422cb,9fb56fb1c2cba87179da435c7f61a3fe8ecb8988bf7e5c89d554e84929b345c2,ec1cbbec1c2aeeadfb7e2851b416150aa0a13b63178f91327fc5afcf2f6e0c5a,ee6e13ce0abee00b6771e1bb1c7012682c8c6913f2756d77d455ddf74efa7a69,b21b9118a2215e3f9a5cb16ba74bcc8f6f1e5ac303a92e348f5ed1d8ab0c16f1,1112,1107,822,579
608,in-house,711,O=C(C1=C(CCC(CCCC)CC)SC(CCC(CC)CCCC)=C1C2=O)C(C2=C(C3)C(C4)=CC=C4C5=CC6=C(C(C7=CC=C(CCC(CCCC)CC)S7)=C8C=CSC8=C6C9=CC=C(CCC(CCCC)CC)S9)S5)=C3C%10=CC=CS%10,O=C(C(C=CC=C1)=C1C/2=C(C#N)\C#N)C2=C/C(SC3C4=CC=C5C6=C4C7=C8C(C=CC=C8)=C6C9=C(C5(C%10=CC=C(C=C%10)CCCCCC)C%11=CC=C(C=C%11)CCCCCC)C=C(/C=C%12C(C(C=CC=C%13)=C%13C\%12=C(C#N)\C#N)=O)S9)=CC3C7(C(C=C%14)=CC=C%14CCCCCC)C%15=CC=C(C=C%15)CCCCCC,6.09,O=C(C1=C(CCC(CCCC)CC)SC(CCC(CC)CCCC)=C1C2=O)C(C2=C(C3)C(C4)=CC=C4C5=CC6=C(C(C7=CC=C(CCC(CCCC)CC)S7)=C8C=CSC8=C6C9=CC=C(CCC(CCCC)CC)S9)S5)=C3C%10=CC=CS%10||O=C(C(C=CC=C1)=C1C/2=C(C#N)\C#N)C2=C/C(SC3C4=CC=C5C6=C4C7=C8C(C=CC=C8)=C6C9=C(C5(C%10=CC=C(C=C%10)CCCCCC)C%11=CC=C(C=C%11)CCCCCC)C=C(/C=C%12C(C(C=CC=C%13)=C%13C\%12=C(C#N)\C#N)=O)S9)=CC3C7(C(C=C%14)=CC=C%14CCCCCC)C%15=CC=C(C=C%15)CCCCCC,6f31f3770fd225e382586e20513744e11a328b7cc74c758d48628417c600a02b,6eb7f2b45107478a65521f55ef6f43621e519a1641e13e75779da6830a271c95,792c207779820093742ec4fb6c4200a72503b0415c947641403b03f1280d1e82,23983b343ff7005ec2e4876b253347a1a659cefba441f65531ea2b46ec07014b,3e2737d9243831e20d63179c5c30311d13f9babfd21415fa2c64cd60ec1ac35a,557,175,268,580
609,in-house,713,c1ccc(s1)c1c2c(c(c3c1nn(n3)C[C@@H](CCCCCCCC)CCCCCC)c1sc(cc1)c1sc3c(c1)c(c1c(c3c3ccc(s3)C[C@H](CCCC)CC)ccs1)c1ccc(s1)C[C@@H](CC)CCCC)cc(s2)F,c12cc3c(cc1C(c1c2sc2c1sc(c2)/C=C\1/C(=C(C#N)C#N)c2c(C1=O)cccc2)(c1ccc(cc1)CCCCCC)c1ccc(cc1)CCCCCC)c1c(C3(c2ccc(cc2)CCCCCC)c2ccc(cc2)CCCCCC)c2c(s1)cc(s2)/C=C\1/C(=C(C#N)C#N)c2c(C1=O)cccc2,6.04,c1ccc(s1)c1c2c(c(c3c1nn(n3)C[C@@H](CCCCCCCC)CCCCCC)c1sc(cc1)c1sc3c(c1)c(c1c(c3c3ccc(s3)C[C@H](CCCC)CC)ccs1)c1ccc(s1)C[C@@H](CC)CCCC)cc(s2)F||c12cc3c(cc1C(c1c2sc2c1sc(c2)/C=C\1/C(=C(C#N)C#N)c2c(C1=O)cccc2)(c1ccc(cc1)CCCCCC)c1ccc(cc1)CCCCCC)c1c(C3(c2ccc(cc2)CCCCCC)c2ccc(cc2)CCCCCC)c2c(s1)cc(s2)/C=C\1/C(=C(C#N)C#N)c2c(C1=O)cccc2,f3b17c5053da780ec9275187eb2988bef1d8dcf7bba880ae72a348ef82806c25,202f8607af2cecb83e86b2e4305f8c7e2852bc709bb805b9055691d46a9081c5,1ffd302df89268b71194b17e4e644a9c6381c006c6a1cefe913f0fe9fb0ca532,ba483220668ad285c107de643b79d5af056a750fae1e85c636c5712352c00184,46b7e40588e97896a71eb7e4ef103dee2574a5e336cb612f1105c84d0f72abe7,147,852,313,581
610,in-house,714,O=C1C2=C(C3=C(N1CC(CCCCCCCCCC)CCCCCCCC)C=C(C)S3)C=C(C(N4CC(CCCCCCCCCC)CCCCCCCC)=O)C(C5=C4C=C(C(SC(C6=C(C(F)=C(C7=NSN=C67)C8=CC(CCCCCC)=C(C8)C)F)=C9)=C9CCCCCC)S5)=C2,c12cc3c(cc1C(c1c2sc2c1sc(c2)/C=C\1/C(=C(C#N)C#N)c2c(C1=O)cccc2)(c1ccc(cc1)CCCCCC)c1ccc(cc1)CCCCCC)c1c(C3(c2ccc(cc2)CCCCCC)c2ccc(cc2)CCCCCC)c2c(s1)cc(s2)/C=C\1/C(=C(C#N)C#N)c2c(C1=O)cccc2,6.03,O=C1C2=C(C3=C(N1CC(CCCCCCCCCC)CCCCCCCC)C=C(C)S3)C=C(C(N4CC(CCCCCCCCCC)CCCCCCCC)=O)C(C5=C4C=C(C(SC(C6=C(C(F)=C(C7=NSN=C67)C8=CC(CCCCCC)=C(C8)C)F)=C9)=C9CCCCCC)S5)=C2||c12cc3c(cc1C(c1c2sc2c1sc(c2)/C=C\1/C(=C(C#N)C#N)c2c(C1=O)cccc2)(c1ccc(cc1)CCCCCC)c1ccc(cc1)CCCCCC)c1c(C3(c2ccc(cc2)CCCCCC)c2ccc(cc2)CCCCCC)c2c(s1)cc(s2)/C=C\1/C(=C(C#N)C#N)c2c(C1=O)cccc2,533486bc3b4bc970a95db7276f7dcec2e2f4b53b5a891a07ccab98ac977fce6c,202f8607af2cecb83e86b2e4305f8c7e2852bc709bb805b9055691d46a9081c5,7694f447b3301280d85635c201e30c79e9f3f2f84df966a70db4eace52ae6cae,21b0e932528daa38db0e2466df0b08d949839e0335cafe1aeaba1d118b485d48,e0bcfb62970185ed492e2d59d632a5cd166e56d30eab5a6cffd7fedd095a4482,537,158,1041,582
611,in-house,715,FC1=C(C(OCC(CCCC)CC)=O)SC2=CSC(C3=CC4=C(C5=C(C(C6=CC=C(CC(CC)CCCC)S6)=C4S3)C=CS5)C7=CC=C(CC(CC)CCCC)S7)=C12,O=C(N(C)C(C(C#N)=C/1C)=O)C1=C/C2=CC(CCCCCC)=C(S2)C3=CC(CCCCCC)=C(S3)C4=CC(N5C(CCCCCCCC)CCCCCCCC)=C(C6=C5C=C(C7=C(CCCCCC)C=C(C8=C(CCCCCC)C=C(/C=C9C(N(C(C(C#N)=C\9C)=O)CCCC)=O)S8)S7)S6)S4,6.03,FC1=C(C(OCC(CCCC)CC)=O)SC2=CSC(C3=CC4=C(C5=C(C(C6=CC=C(CC(CC)CCCC)S6)=C4S3)C=CS5)C7=CC=C(CC(CC)CCCC)S7)=C12||O=C(N(C)C(C(C#N)=C/1C)=O)C1=C/C2=CC(CCCCCC)=C(S2)C3=CC(CCCCCC)=C(S3)C4=CC(N5C(CCCCCCCC)CCCCCCCC)=C(C6=C5C=C(C7=C(CCCCCC)C=C(C8=C(CCCCCC)C=C(/C=C9C(N(C(C(C#N)=C\9C)=O)CCCC)=O)S8)S7)S6)S4,2249a87c8fc0450476e55f070a85b71ffa6beb368356c28f1302bad8bac422cb,26ca3d950731d43bdc8cfd64d89f142cdea636fa64caf0f661ae0b05b23866fc,0fa906566bf71d61db022338615a6fc68f45ac726bbd290e74fb926cde4da19b,8cbda102f855e35be8bdab0ff5a0d969d7292ce584de072b74ff58df6fb31a55,395fdf9fd0daf6db76a0a80ac1a2a606e82805d9b81b5d71b0bc51b936ac3471,70,658,251,583
612,in-house,716,FC1=C(C(OCC(CCCC)CC)=O)SC2=CSC(C3=CC4=C(C5=C(C(C6=CC=C(CC(CC)CCCC)S6)=C4S3)C=CS5)C7=CC=C(CC(CC)CCCC)S7)=C12,O=C(C1=CC=CC=C1C/2=C(C#N)\C#N)C2=C/C3=CC(OCC(CC)CCCC)=C(C4=CC5=C(C6=CC7=C(C8=C(C7(C9=CC=C(C=C9)CCCCCC)C%10=CC=C(C=C%10)CCCCCC)C=C(C%11=C(OCC(CC)CCCC)C=C(/C=C%12C(C%13=CC=CC=C%13C\%12=C(C#N)\C#N)=O)S%11)S8)C=C6C5(C%14=CC=C(C=C%14)CCCCCC)C%15=CC=C(C=C%15)CCCCCC)S4)S3,6.0,FC1=C(C(OCC(CCCC)CC)=O)SC2=CSC(C3=CC4=C(C5=C(C(C6=CC=C(CC(CC)CCCC)S6)=C4S3)C=CS5)C7=CC=C(CC(CC)CCCC)S7)=C12||O=C(C1=CC=CC=C1C/2=C(C#N)\C#N)C2=C/C3=CC(OCC(CC)CCCC)=C(C4=CC5=C(C6=CC7=C(C8=C(C7(C9=CC=C(C=C9)CCCCCC)C%10=CC=C(C=C%10)CCCCCC)C=C(C%11=C(OCC(CC)CCCC)C=C(/C=C%12C(C%13=CC=CC=C%13C\%12=C(C#N)\C#N)=O)S%11)S8)C=C6C5(C%14=CC=C(C=C%14)CCCCCC)C%15=CC=C(C=C%15)CCCCCC)S4)S3,2249a87c8fc0450476e55f070a85b71ffa6beb368356c28f1302bad8bac422cb,87476fb90d0db17e58b2a62e38ecc6765e2842c257a662603688167ffd1038b6,25a093e759cef0f6da4142ee23ee7c6c7679bb114baec61c113b71109e23954f,224fdf9582811e4c66604a5a21305c80c3dd0129eb7bcc219ff492cbcfbf76f1,17165216c0e0a0502487bfc02d3e9d7fce6ef55c484b3f10df5a3fbac449859d,167,165,104,525
613,in-house,717,FC1=C(C(OCC(CCCC)CC)=O)SC2=CSC(C3=CC4=C(C5=C(C(C6=CC=C(CC(CC)CCCC)S6)=C4S3)C=CS5)C7=CC=C(CC(CC)CCCC)S7)=C12,O=C(C1=C(C=CC=C1)C/2=C(C#N)/C#N)C2=C/C3=CC(C4(C5=CC=C(C=C5)OCCCCCCCC)C6=CC=C(C=C6)OCCCCCCCC)=C(S3)C(C=C78)=C4C=C8C9=CC(C(C%10=CC=C(C=C%10)CCCCCCCCC)(C%11=C%12SC(/C=C%13C(C(C=CC=C%14)=C%14C\%13=C(C#N)/C#N)=O)=C%11)C%15=CC=C(C=C%15)OCCCCCCCC)=C%12C=C9N7CCCCCCCC,6.0,FC1=C(C(OCC(CCCC)CC)=O)SC2=CSC(C3=CC4=C(C5=C(C(C6=CC=C(CC(CC)CCCC)S6)=C4S3)C=CS5)C7=CC=C(CC(CC)CCCC)S7)=C12||O=C(C1=C(C=CC=C1)C/2=C(C#N)/C#N)C2=C/C3=CC(C4(C5=CC=C(C=C5)OCCCCCCCC)C6=CC=C(C=C6)OCCCCCCCC)=C(S3)C(C=C78)=C4C=C8C9=CC(C(C%10=CC=C(C=C%10)CCCCCCCCC)(C%11=C%12SC(/C=C%13C(C(C=CC=C%14)=C%14C\%13=C(C#N)/C#N)=O)=C%11)C%15=CC=C(C=C%15)OCCCCCCCC)=C%12C=C9N7CCCCCCCC,2249a87c8fc0450476e55f070a85b71ffa6beb368356c28f1302bad8bac422cb,50666df5c0d901a9c34ba63546401b9c7ac8dc8ab4af0ebf5c4801b82aa4189a,8414d6679da96ab427ba9d2a5b2fb36e2ddf8c91a4ccf28aeb391798260f109a,aab2e8eb73034ab0479ca0d68eb61c5867860713dceac04f1112f1a07ccef1d8,60f656f7ba7b6aed92a686ad8424bc234de177da7b6aea76d1f2e3e6fc957b75,602,785,434,584
614,in-house,719,O=C(C1=C(F)C2=C(C)SC(C3=CC4=C(C5=C(C(C6=CC=C(SCCCCCCCC)S6)=C4S3)C=C(C)S5)C7=CC=C(SCCCCCCCC)S7)=C2S1)[O]CCCCCCCC,O=C(C1=CC=CC=C1C/2=C(C#N)\C#N)C2=C/C3=CC4=C(C(C(C5=CC=C(CCCCCC)S5)(C6=C7C=C8C(C9=CC=C(S9)CCCCCC)(C%10=CC=C(S%10)CCCCCC)C%11=C(SC%12=C%11SC(/C=C%13C(C%14=CC=CC=C%14C\%13=C(C#N)\C#N)=O)=C%12)C8=C6)C(S%15)=CC=C%15CCCCCC)=C7S4)S3,5.95,O=C(C1=C(F)C2=C(C)SC(C3=CC4=C(C5=C(C(C6=CC=C(SCCCCCCCC)S6)=C4S3)C=C(C)S5)C7=CC=C(SCCCCCCCC)S7)=C2S1)[O]CCCCCCCC||O=C(C1=CC=CC=C1C/2=C(C#N)\C#N)C2=C/C3=CC4=C(C(C(C5=CC=C(CCCCCC)S5)(C6=C7C=C8C(C9=CC=C(S9)CCCCCC)(C%10=CC=C(S%10)CCCCCC)C%11=C(SC%12=C%11SC(/C=C%13C(C%14=CC=CC=C%14C\%13=C(C#N)\C#N)=O)=C%12)C8=C6)C(S%15)=CC=C%15CCCCCC)=C7S4)S3,8a58736baa02ff17d2544e39459e76f1896e33e6efa8899ff3135b51461be417,324d6e5b76a9400503a81056ec0f63ac76d712428565dd1fa4bf1871d8f66e0c,0c6555fa9364ce8df48f9cf49525b07d6b13723f23248461065b4ca762c791ce,c44355602c32c2f01f7bab5353a87b0f5f7afada5b81d8e9d476883372a28982,9bd3f30e7a2033eb92683879f2e5016289be0041e645f6210176164526364819,53,902,709,585
615,in-house,720,O=C(C1=C(CCC(CCCC)CC)SC(CCC(CC)CCCC)=C1C2=O)C(C2=C(C3)C(C4)=CC=C4C5=CC6=C(C(C7=CC=C(CCC(CCCC)CC)S7)=C8C=CSC8=C6C9=CC=C(CCC(CCCC)CC)S9)S5)=C3C%10=CC=CS%10,c1ccc2c(c1)C(=C(C#N)C#N)/C(=C/c1ccc(s1)c1ccc3c(c1)C(c1c3ccc(c1)c1ccc(s1)/C=C/1\C(=O)c3c(C1=C(C#N)C#N)cccc3)(CCCCCCCC)CCCCCCCC)/C2=O,5.93,O=C(C1=C(CCC(CCCC)CC)SC(CCC(CC)CCCC)=C1C2=O)C(C2=C(C3)C(C4)=CC=C4C5=CC6=C(C(C7=CC=C(CCC(CCCC)CC)S7)=C8C=CSC8=C6C9=CC=C(CCC(CCCC)CC)S9)S5)=C3C%10=CC=CS%10||c1ccc2c(c1)C(=C(C#N)C#N)/C(=C/c1ccc(s1)c1ccc3c(c1)C(c1c3ccc(c1)c1ccc(s1)/C=C/1\C(=O)c3c(C1=C(C#N)C#N)cccc3)(CCCCCCCC)CCCCCCCC)/C2=O,6f31f3770fd225e382586e20513744e11a328b7cc74c758d48628417c600a02b,0a452daaf72c74134111fc3310c6ba6cb926f64ff60537393de01a0f30de446b,2e00cabb1565342781d0531535b0b626a2c849c72491e8cac5118c1f98965efa,0934c4a322b5b3d9ec748e1271228ed854c42c5af6783ee0ea013e4a7efb9592,25c47369f9aac155096f62b6dcb787436c922b8c416ec23189f559ae8fbf1df8,202,47,156,586
616,in-house,721,CC1=CC2=C(C3=CC=C(CC(CC)CCCC)S3)C4=C(C=C(S4)C5=CC=C(S5)C)C(C6=CC=C(CC(CCCC)CC)S6)=C2S1C(CCCCCCCC)=O,c12cc3c(cc1C(c1c2sc2c1sc(c2)/C=C\1/C(=C(C#N)C#N)c2c(C1=O)cccc2)(c1ccc(cc1)CCCCCC)c1ccc(cc1)CCCCCC)c1c(C3(c2ccc(cc2)CCCCCC)c2ccc(cc2)CCCCCC)c2c(s1)cc(s2)/C=C\1/C(=C(C#N)C#N)c2c(C1=O)cccc2,5.91,CC1=CC2=C(C3=CC=C(CC(CC)CCCC)S3)C4=C(C=C(S4)C5=CC=C(S5)C)C(C6=CC=C(CC(CCCC)CC)S6)=C2S1C(CCCCCCCC)=O||c12cc3c(cc1C(c1c2sc2c1sc(c2)/C=C\1/C(=C(C#N)C#N)c2c(C1=O)cccc2)(c1ccc(cc1)CCCCCC)c1ccc(cc1)CCCCCC)c1c(C3(c2ccc(cc2)CCCCCC)c2ccc(cc2)CCCCCC)c2c(s1)cc(s2)/C=C\1/C(=C(C#N)C#N)c2c(C1=O)cccc2,f8b26d9b6e594b12cce254061255e8b350b78136612dd8ea412746926ddd8473,202f8607af2cecb83e86b2e4305f8c7e2852bc709bb805b9055691d46a9081c5,4122ca1a4e7cb53a8148c24ba1e72a81309ba5b24dc1a5a864d140db4ebe6cf9,e25be796794b051ca7db834ef9b5ae65d226dec5a6902e26f7a014a7912bbb1a,0cac2aad221ba610dd03943931f2c6e66c29affa6c5f020f525cf48ea29e500a,296,1044,62,587
617,in-house,722,[F]C1=C(CC)SC(C2=C3C(C=C(C)C3)C(C4=CC([F])=C(S4)CC)=C5SC(C6=CC=C(S6)C7=C(C(C8=C(SC(CC)=C8C9=O)CC)=O)C9=C(C%10=CC=C(S%10)C)S7)=CC25)=C1,O=C(C1=C(C=CC=C1)C/2=C(C#N)\C#N)C2=C/C3=CC4=C(C(C=C(C(CCCCCCCC)(CCCCCCCC)C5=C6C=C7C(C8=CC(C(CCCCCCCC)(CCCCCCCC)C9=C%10SC(/C=C%11C(C%12=C(C=CC=C%12)C\%11=C(C#N)\C#N)=O)=C9)=C%10C=C8C7(CCCCCCCC)CCCCCCCC)=C5)C6=C%13)=C%13C4(CCCCCCCC)CCCCCCCC)S3,5.9,[F]C1=C(CC)SC(C2=C3C(C=C(C)C3)C(C4=CC([F])=C(S4)CC)=C5SC(C6=CC=C(S6)C7=C(C(C8=C(SC(CC)=C8C9=O)CC)=O)C9=C(C%10=CC=C(S%10)C)S7)=CC25)=C1||O=C(C1=C(C=CC=C1)C/2=C(C#N)\C#N)C2=C/C3=CC4=C(C(C=C(C(CCCCCCCC)(CCCCCCCC)C5=C6C=C7C(C8=CC(C(CCCCCCCC)(CCCCCCCC)C9=C%10SC(/C=C%11C(C%12=C(C=CC=C%12)C\%11=C(C#N)\C#N)=O)=C9)=C%10C=C8C7(CCCCCCCC)CCCCCCCC)=C5)C6=C%13)=C%13C4(CCCCCCCC)CCCCCCCC)S3,6213dd4049a47a1d3ddd86c99b799fe4ba312bdc695c607b0b6163384ca5ea00,a6ee7eac000b55438368ee0be0ea7692e3d98de164d7b03c27c0579b9c98612f,1cb51129d7058d8c9c7827c5c83748d1da39f9c510955a960a211e9000d9531b,99f337dafe3126f82a051f028f012fef0970eb1c677735f8c21df92cd0d66f92,99d1c3e42717ebb05285649e40d3d1f522f884bd0367a068c3f75c114e25b8cb,136,720,696,588
618,in-house,723,CC1=CC=C(S1)C2=CC=C(C)C3=C2N=CC(OCC(CCCCCC)CCCCCCCC)=N3,O=C(C/1=C\C2=C(C3=C(S2)C(N4C5=CC=C(CCCCCC)C=C5)=C(C6=C4C7=C(C8=NSN=C68)C(SC9=C%10SC(/C=C%11C(C%12=CC(F)=C(C=C%12C\%11=C(C#N)/C#N)F)=O)=C9CCCCCCCCCCC)=C%10N7C%13=CC=C(CCCCCC)C=C%13)S3)CCCCCCCCCCC)C%14=CC(F)=C(F)C=C%14C1=C(C#N)/C#N,5.75,CC1=CC=C(S1)C2=CC=C(C)C3=C2N=CC(OCC(CCCCCC)CCCCCCCC)=N3||O=C(C/1=C\C2=C(C3=C(S2)C(N4C5=CC=C(CCCCCC)C=C5)=C(C6=C4C7=C(C8=NSN=C68)C(SC9=C%10SC(/C=C%11C(C%12=CC(F)=C(C=C%12C\%11=C(C#N)/C#N)F)=O)=C9CCCCCCCCCCC)=C%10N7C%13=CC=C(CCCCCC)C=C%13)S3)CCCCCCCCCCC)C%14=CC(F)=C(F)C=C%14C1=C(C#N)/C#N,e6e91b38c6efae03849059b196826c8afa6651c00c97bde05439ecc8a6efefcf,3bc5e962960694d5a8c90d751d3f10c939059169c6882aed8bdcfb92d36d6776,b2f5965ae8bf9adbaee82a8d402399ab4087fc15fdc33c8240e2f78e9b21b4d1,8896f886baeedf5f8509abbc23ec692b296303e6e049359cd0f0f1b791b21b04,fc0fe1becdc5d702fc07d4f4298e0130b3cb5a02a4fc46e23eefa6cd5fa37f44,833,641,1175,589
619,in-house,724,CC1=C2C(C(C3=C(SC(CC)=C3C2=O)CC)=O)=C(S1)C(SC4=C(C5=C6SC(C)=C5)C7=CC=C(S7)CC)=CC4=C6C8=CC=C(CC)S8,c1(cc2c(cc1F)C(=O)/C(=C\c1cc3c(s1)c1c(s3)c3c(C1(c1ccc(cc1)CCCCCC)c1ccc(cc1)CCCCCC)cc1c(c3)C(c3c1sc1c3sc(c1)/C=C/1\C(=O)c3c(C1=C(C#N)C#N)cc(c(c3)F)F)(c1ccc(cc1)CCCCCC)c1ccc(cc1)CCCCCC)/C2=C(C#N)C#N)F,5.68,CC1=C2C(C(C3=C(SC(CC)=C3C2=O)CC)=O)=C(S1)C(SC4=C(C5=C6SC(C)=C5)C7=CC=C(S7)CC)=CC4=C6C8=CC=C(CC)S8||c1(cc2c(cc1F)C(=O)/C(=C\c1cc3c(s1)c1c(s3)c3c(C1(c1ccc(cc1)CCCCCC)c1ccc(cc1)CCCCCC)cc1c(c3)C(c3c1sc1c3sc(c1)/C=C/1\C(=O)c3c(C1=C(C#N)C#N)cc(c(c3)F)F)(c1ccc(cc1)CCCCCC)c1ccc(cc1)CCCCCC)/C2=C(C#N)C#N)F,e677484505f85cfe03b1269e1614066c1a1bd3e6fd7267479f4c7aacc6c8ca2f,69e17d1724b4236f68d0c6efb6ad16969f13f8980d301d0056747038b20f0c8d,19a23ed6154a4ad68b4e737d70a2fcfa60d028a4884b0b641d0a4905578a21fc,f36e82bd80341defc9e75b68ad4a33130185fdd33eda19716763aa5aa999aaca,d85aa213754421ac49708e889a281b7dbff4084a58a5d843880566bbc8ebb192,122,1133,995,590
620,in-house,725,O=C(C1=C(CCC(CCCC)CC)SC(CCC(CC)CCCC)=C1C2=O)C(C2=C(C3)C(C4)=CC=C4C5=CC6=C(C(C7=CC=C(CCC(CCCC)CC)S7)=C8C=CSC8=C6C9=CC=C(CCC(CCCC)CC)S9)S5)=C3C%10=CC=CS%10,O=C(C(C=CC=C1)=C1C/2=C(C#N)/C#N)C2=C/C3=CC4=C(S3)C5=CC6=C(C=C5C4(CCCCCCCCCCCCCCCC)CCCCCCCCCCCCCCCC)C7=C(C=C(S7)/C=C8C(C(C=CC=C9)=C9C\8=C(C#N)/C#N)=O)C6(CCCCCCCCCCCCCCCC)CCCCCCCCCCCCCCCC,5.67,O=C(C1=C(CCC(CCCC)CC)SC(CCC(CC)CCCC)=C1C2=O)C(C2=C(C3)C(C4)=CC=C4C5=CC6=C(C(C7=CC=C(CCC(CCCC)CC)S7)=C8C=CSC8=C6C9=CC=C(CCC(CCCC)CC)S9)S5)=C3C%10=CC=CS%10||O=C(C(C=CC=C1)=C1C/2=C(C#N)/C#N)C2=C/C3=CC4=C(S3)C5=CC6=C(C=C5C4(CCCCCCCCCCCCCCCC)CCCCCCCCCCCCCCCC)C7=C(C=C(S7)/C=C8C(C(C=CC=C9)=C9C\8=C(C#N)/C#N)=O)C6(CCCCCCCCCCCCCCCC)CCCCCCCCCCCCCCCC,6f31f3770fd225e382586e20513744e11a328b7cc74c758d48628417c600a02b,0cc00e1ba2d95fe8288dc072edf395ee6fc3678daa4e12f6703c7be7d2c5a409,2e04d14dd450a0193aa5384d4e2543c6e5910fef19bc229cba5eef79ad8b8300,32009831a6351f02a68cb2910a7b563f3286ef21e8c7d5ed69cae15ab5884891,7de2f922f7bf3fc40af78adfc935fa05cd30577855405d82236cc71c573cf43b,203,255,574,395
621,in-house,727,CC1=CC(C(C2=CC=C(S2)CC(CCCCCCCC)CCCCCCCCCC)=C3S4)=C(S1)C(C5=CC=C(S5)CC(CCCCCCCC)CCCCCCCCCC)=C3C=C4C6=CC([H])=C(S6)/C=C/C7=C([H])C=C(C)S7,c12cc3c(cc1C(c1c2sc2c1sc(c2)/C=C\1/C(=C(C#N)C#N)c2c(C1=O)cccc2)(c1ccc(cc1)CCCCCC)c1ccc(cc1)CCCCCC)c1c(C3(c2ccc(cc2)CCCCCC)c2ccc(cc2)CCCCCC)c2c(s1)cc(s2)/C=C\1/C(=C(C#N)C#N)c2c(C1=O)cccc2,5.62,CC1=CC(C(C2=CC=C(S2)CC(CCCCCCCC)CCCCCCCCCC)=C3S4)=C(S1)C(C5=CC=C(S5)CC(CCCCCCCC)CCCCCCCCCC)=C3C=C4C6=CC([H])=C(S6)/C=C/C7=C([H])C=C(C)S7||c12cc3c(cc1C(c1c2sc2c1sc(c2)/C=C\1/C(=C(C#N)C#N)c2c(C1=O)cccc2)(c1ccc(cc1)CCCCCC)c1ccc(cc1)CCCCCC)c1c(C3(c2ccc(cc2)CCCCCC)c2ccc(cc2)CCCCCC)c2c(s1)cc(s2)/C=C\1/C(=C(C#N)C#N)c2c(C1=O)cccc2,7a354e849f1f51d00e67d5ebb40205330addf3c5926bf1c767486b7fa94770c2,202f8607af2cecb83e86b2e4305f8c7e2852bc709bb805b9055691d46a9081c5,e6802736c44b6b13dbebeb547e92c6abd86620cae30028865e231329dee48db8,2203fa71279bcac9136a3e2c10cb89fcf2d8f3cc511ba1f157a859b95d979664,afc4a6d19f98461c529fe2ba0aefa4a6e6d45bfecab5712544de1f52b2061f5a,1090,161,805,591
622,in-house,728,FC1=C(C(OCC(CCCC)CC)=O)SC2=CSC(C3=CC4=C(C5=C(C(C6=CC=C(CC(CC)CCCC)S6)=C4S3)C=CS5)C7=CC=C(CC(CC)CCCC)S7)=C12,N#C/C(C#N)=C1C2=CC(F)=C(F)C=C2C(C\1=C/C3=CC(C(C4=CC=C(CCCCCC)C=C4)(C(C=C5C6=C7C=C(/C=C8/C(C(C(C8=O)=C9)=CC(F)=C9F)=C(C#N)/C#N)S6)=C%10C=C5C7(C%11=CC=C(CCCCCC)C=C%11)C%12=CC=C(CCCCCC)C=C%12)C%13=CC=C(CCCCCC)C=C%13)=C%10S3)=O,5.61,FC1=C(C(OCC(CCCC)CC)=O)SC2=CSC(C3=CC4=C(C5=C(C(C6=CC=C(CC(CC)CCCC)S6)=C4S3)C=CS5)C7=CC=C(CC(CC)CCCC)S7)=C12||N#C/C(C#N)=C1C2=CC(F)=C(F)C=C2C(C\1=C/C3=CC(C(C4=CC=C(CCCCCC)C=C4)(C(C=C5C6=C7C=C(/C=C8/C(C(C(C8=O)=C9)=CC(F)=C9F)=C(C#N)/C#N)S6)=C%10C=C5C7(C%11=CC=C(CCCCCC)C=C%11)C%12=CC=C(CCCCCC)C=C%12)C%13=CC=C(CCCCCC)C=C%13)=C%10S3)=O,2249a87c8fc0450476e55f070a85b71ffa6beb368356c28f1302bad8bac422cb,5dd72b469419f06dd944afe0bc8e7e8bb16f3ff221417ffdebe530c976c2699e,2b214c6f91a336e97fc3414a6dbb6517d5e8822c77306f239552fd240dc45dae,bc250400a604502fa555886148dbaff3691f3b9422ed4c841ef9f6a625cf54c5,60133fd4159aecedd83d645a6c1918259a7f6d75501524f3df650b406d458b46,187,862,431,592
623,in-house,729,FC1=C(C(OCC(CCCC)CC)=O)SC2=CSC(C3=CC4=C(C5=C(C(C6=CC=C(CC(CC)CCCC)S6)=C4S3)C=CS5)C7=CC=C(CC(CC)CCCC)S7)=C12,O=C(/C(SC1=S)=C\C2=CC=C(C3=NSN=C23)C4=CC=C(S4)C5=CC=C6C(C(C7=CC=C(C=C7)CCCCCC)(C8=C6SC(C9=CC=C(C%10=NSN=C9%10)/C=C%11SC(N(C/%11=O)CCCCCC)=S)=C8)C%12=CC=C(C=C%12)CCCCCC)=C5)N1CCCCCC,5.6,FC1=C(C(OCC(CCCC)CC)=O)SC2=CSC(C3=CC4=C(C5=C(C(C6=CC=C(CC(CC)CCCC)S6)=C4S3)C=CS5)C7=CC=C(CC(CC)CCCC)S7)=C12||O=C(/C(SC1=S)=C\C2=CC=C(C3=NSN=C23)C4=CC=C(S4)C5=CC=C6C(C(C7=CC=C(C=C7)CCCCCC)(C8=C6SC(C9=CC=C(C%10=NSN=C9%10)/C=C%11SC(N(C/%11=O)CCCCCC)=S)=C8)C%12=CC=C(C=C%12)CCCCCC)=C5)N1CCCCCC,2249a87c8fc0450476e55f070a85b71ffa6beb368356c28f1302bad8bac422cb,29f579cd2adcf485f51fb333c6d50e22f01267bb82c61737e0875c3c071d4a15,b6bf7644069054aa073a71874e144d1eb3b1822ddff50fa7e975e5aac46565c0,69d1d09333067d0509f08be208e5025132e4221cd5ac63f8cbc5357b674b3d0e,daa8339eb5545334dfaa8ba7964c65ebac69b9f1501a18b86adad4e4a81efe31,862,513,1011,593
624,in-house,730,CC1=CC(C(OCC(CCCC)CC)=C2SC(C3=C(F)C(F)=C(C)S3)=CC2=C4OCC(CCCC)CC)=C4S1,c12cc3c(cc1C(c1c2sc2c1sc(c2)/C=C\1/C(=C(C#N)C#N)c2c(C1=O)cccc2)(c1ccc(cc1)CCCCCC)c1ccc(cc1)CCCCCC)c1c(C3(c2ccc(cc2)CCCCCC)c2ccc(cc2)CCCCCC)c2c(s1)cc(s2)/C=C\1/C(=C(C#N)C#N)c2c(C1=O)cccc2,5.6,CC1=CC(C(OCC(CCCC)CC)=C2SC(C3=C(F)C(F)=C(C)S3)=CC2=C4OCC(CCCC)CC)=C4S1||c12cc3c(cc1C(c1c2sc2c1sc(c2)/C=C\1/C(=C(C#N)C#N)c2c(C1=O)cccc2)(c1ccc(cc1)CCCCCC)c1ccc(cc1)CCCCCC)c1c(C3(c2ccc(cc2)CCCCCC)c2ccc(cc2)CCCCCC)c2c(s1)cc(s2)/C=C\1/C(=C(C#N)C#N)c2c(C1=O)cccc2,c87e84ac149833b1b7f7d5e557b243383b73ffeef12e356e15a888c5ba1a2aba,202f8607af2cecb83e86b2e4305f8c7e2852bc709bb805b9055691d46a9081c5,80d24c9b29d92019b134700e8dd34e18c1827f936c5ea9aeed44f239c5a2b301,eb3243d4e8c2a0fa36c7bd0ca46ef4278ae8760646e7dee9da9ca499ebc289b2,bd2b39fd1b2c5330d3eabebe8c208100e718f21205f093c7a40194c62e03c12c,589,1085,875,594
625,in-house,731,FC1=C(C(OCC(CCCC)CC)=O)SC2=CSC(C3=CC4=C(C5=C(C(C6=CC=C(CC(CC)CCCC)S6)=C4S3)C=CS5)C7=CC=C(CC(CC)CCCC)S7)=C12,O=C(C1=CC(F)=C(C=C1C/2=C(C#N)/C#N)F)C2=C/C3=CC(O4)=C(S3)C5=CC(C(C6=CC=C(CCCCCC)C=C6)(OC7=C8SC(/C=C9C(C%10=CC(F)=C(C=C%10C\9=C(C#N)/C#N)F)=O)=C7)C%11=CC=C(CCCCCC)C=C%11)=C8C=C5C4(C%12=CC=C(CCCCCC)C=C%12)C%13=CC=C(CCCCCC)C=C%13,5.58,FC1=C(C(OCC(CCCC)CC)=O)SC2=CSC(C3=CC4=C(C5=C(C(C6=CC=C(CC(CC)CCCC)S6)=C4S3)C=CS5)C7=CC=C(CC(CC)CCCC)S7)=C12||O=C(C1=CC(F)=C(C=C1C/2=C(C#N)/C#N)F)C2=C/C3=CC(O4)=C(S3)C5=CC(C(C6=CC=C(CCCCCC)C=C6)(OC7=C8SC(/C=C9C(C%10=CC(F)=C(C=C%10C\9=C(C#N)/C#N)F)=O)=C7)C%11=CC=C(CCCCCC)C=C%11)=C8C=C5C4(C%12=CC=C(CCCCCC)C=C%12)C%13=CC=C(CCCCCC)C=C%13,2249a87c8fc0450476e55f070a85b71ffa6beb368356c28f1302bad8bac422cb,470d10eab4d065823fadb93f66fff61a007bb8406845bf3027178973bef42d8e,dc939cbbb18d445eacdec19d42de399d72b8c4a11135b437d11b35ba41f8a157,6642258737ef0c56e233f2a48f2f3ef8cdca21bd43434c4e4ccad694976527dc,f19f0852d3a6a0841d877dafad8401bddfee96d1270f346c240d4eac7652bc98,1044,489,1128,595
626,in-house,732,c1(c2c3c(c(c4c2cc(s4)c2ccc(s2)c2sc(c4c2C(=O)c2c(C4=O)c(sc2C[C@H](CCCC)CC)C[C@@H](CCCC)CC)c2cccs2)c2ccc(s2)[Si](CCC)(CCC)CCC)ccs3)ccc(s1)[Si](CCC)(CCC)CCC,C(=C\1/C(=C(C#N)C#N)c2c(C1=O)cccc2)\c1ccc(s1)c1ccc2c(c1)C(c1c2sc(c1)/C=C\1/C(=C(C#N)C#N)c2c(C1=O)cccc2)(CCCCCC)CCCCCC,5.56,c1(c2c3c(c(c4c2cc(s4)c2ccc(s2)c2sc(c4c2C(=O)c2c(C4=O)c(sc2C[C@H](CCCC)CC)C[C@@H](CCCC)CC)c2cccs2)c2ccc(s2)[Si](CCC)(CCC)CCC)ccs3)ccc(s1)[Si](CCC)(CCC)CCC||C(=C\1/C(=C(C#N)C#N)c2c(C1=O)cccc2)\c1ccc(s1)c1ccc2c(c1)C(c1c2sc(c1)/C=C\1/C(=C(C#N)C#N)c2c(C1=O)cccc2)(CCCCCC)CCCCCC,a1d99e49289aef264947fc7e358f0fa69e4dfc20aab51cea09200c8d35b55854,7795c1c41f4925dbb2f7c7c54229ed4c2549bee8ffe75a2e8aa4334fe4cbca08,92ee88c54d7adb8724fd60d07923e8f86fca874c56a38c49d281338ed3398aba,c236fff77ff7544cb29d24e0d82c6fbbfe7b05c3d3f37a90c67edca9f72f3a9f,2348cfc8db0d7ca7df382809c7c218cbf08d691b6d7c500dd564679893ae55a1,670,892,145,596
627,in-house,734,CC1=CC2=C(S1)C(C3=CC=C([Si](CCC)(CCC)CCC)S3)=C4C=C(C5=CC=C(C6=C(F)C(F)=C(C7=CC=C(S7)C)C8=NN(CC(CCCCCCCC)CCCCCC)N=C68)S5)SC4=C2C9=CC=C([Si](CCC)(CCC)CCC)S9,O=C(C1=C(C=CC=C1)C/2=C(C#N)/C#N)C2=C/C3=CC4=C(S3)C5=CC6=C(C=C5C4(C7=CC=C(CCCCCC)C=C7)C8=CC=C(CCCCCC)C=C8)C9=CC(C(C%10=CC=C(CCCCCC)C=C%10)(C%11=C%12SC(/C=C%13C(C(C=CC=C%14)=C%14C\%13=C(C#N)/C#N)=O)=C%11)C%15=CC=C(CCCCCC)C=C%15)=C%12C=C9N6CCCCCCCCCCCCCCCC,5.51,CC1=CC2=C(S1)C(C3=CC=C([Si](CCC)(CCC)CCC)S3)=C4C=C(C5=CC=C(C6=C(F)C(F)=C(C7=CC=C(S7)C)C8=NN(CC(CCCCCCCC)CCCCCC)N=C68)S5)SC4=C2C9=CC=C([Si](CCC)(CCC)CCC)S9||O=C(C1=C(C=CC=C1)C/2=C(C#N)/C#N)C2=C/C3=CC4=C(S3)C5=CC6=C(C=C5C4(C7=CC=C(CCCCCC)C=C7)C8=CC=C(CCCCCC)C=C8)C9=CC(C(C%10=CC=C(CCCCCC)C=C%10)(C%11=C%12SC(/C=C%13C(C(C=CC=C%14)=C%14C\%13=C(C#N)/C#N)=O)=C%11)C%15=CC=C(CCCCCC)C=C%15)=C%12C=C9N6CCCCCCCCCCCCCCCC,eaf1916a35a7483d8caf5815ff5e1ea653d31569a8b350b0b99530cf692c3bfb,8d78500a5865e16c0602e7a8920cfca4146b0745ad21cbbdd15588826642d8c0,5cebe64452137623542abaf4c77cc6f4b8aa159dcbc1da1d09af43df470ade07,1358b47a6f55d93ab4416ef1f5db830351913ae6980cc0c754a6857e93c3a6b2,aa3a08954e3adc26aeb3580f019b4671934da681dfd29f7c44bdf85d1cabd597,417,91,785,597
628,in-house,735,FC(C(F)=C1C2=CC(C)=CS2)=C(C=C1)C3=CC=C(S3)C4=C(CC(CCCC)CC)C=C(C5=C(C(C6=C(SC(CC(CCCC)CC)=C6C7=O)CC(CCCC)CC)=O)C7=C(C8=CC(CC(CCCC)CC)=C(S8)C)S5)S4,c12cc3c(cc1C(c1c2sc2c1sc(c2)/C=C\1/C(=C(C#N)C#N)c2c(C1=O)cccc2)(c1ccc(cc1)CCCCCC)c1ccc(cc1)CCCCCC)c1c(C3(c2ccc(cc2)CCCCCC)c2ccc(cc2)CCCCCC)c2c(s1)cc(s2)/C=C\1/C(=C(C#N)C#N)c2c(C1=O)cccc2,5.47,FC(C(F)=C1C2=CC(C)=CS2)=C(C=C1)C3=CC=C(S3)C4=C(CC(CCCC)CC)C=C(C5=C(C(C6=C(SC(CC(CCCC)CC)=C6C7=O)CC(CCCC)CC)=O)C7=C(C8=CC(CC(CCCC)CC)=C(S8)C)S5)S4||c12cc3c(cc1C(c1c2sc2c1sc(c2)/C=C\1/C(=C(C#N)C#N)c2c(C1=O)cccc2)(c1ccc(cc1)CCCCCC)c1ccc(cc1)CCCCCC)c1c(C3(c2ccc(cc2)CCCCCC)c2ccc(cc2)CCCCCC)c2c(s1)cc(s2)/C=C\1/C(=C(C#N)C#N)c2c(C1=O)cccc2,944a33ef1b14fe4790775a05c955d139af89f1ede9ed38d4f2234ce6c73891b3,202f8607af2cecb83e86b2e4305f8c7e2852bc709bb805b9055691d46a9081c5,2f64ba2353df111633c8cfd0c7ae2d372174e7f5b80a37d3fa45689ddd9759bd,195f0d22611ff05dab95f635ff68e96fccad6e8907bd4e0e4cdd4c879ea94f39,0618356dffc0e7454098a384c3a579f00e15c3b5f089094e538a9820c4300860,208,131,25,598
629,in-house,736,O=C(C1=C(CCC(CCCC)CC)SC(CCC(CC)CCCC)=C1C2=O)C(C2=C(C3)C(C4)=CC=C4C5=CC6=C(C(C7=CC=C(CCC(CCCC)CC)S7)=C8C=CSC8=C6C9=CC=C(CCC(CCCC)CC)S9)S5)=C3C%10=CC=CS%10,O=C(C(C=C(C(F)=C1)F)=C1C/2=C(C#N)\C#N)C2=C/C3=CC(CC(CCCC)CC)=C(S3)C4=CC(C=C5C6(CCCCCCCC)CCCCCCCC)=C(C=C5C7=CC8=C(C=C76)C=C(C9=C(CC(CCCC)CC)C=C(/C=C%10C(C(C=C(C(F)=C%11)F)=C%11C\%10=C(C#N)\C#N)=O)S9)S8)S4,5.45,O=C(C1=C(CCC(CCCC)CC)SC(CCC(CC)CCCC)=C1C2=O)C(C2=C(C3)C(C4)=CC=C4C5=CC6=C(C(C7=CC=C(CCC(CCCC)CC)S7)=C8C=CSC8=C6C9=CC=C(CCC(CCCC)CC)S9)S5)=C3C%10=CC=CS%10||O=C(C(C=C(C(F)=C1)F)=C1C/2=C(C#N)\C#N)C2=C/C3=CC(CC(CCCC)CC)=C(S3)C4=CC(C=C5C6(CCCCCCCC)CCCCCCCC)=C(C=C5C7=CC8=C(C=C76)C=C(C9=C(CC(CCCC)CC)C=C(/C=C%10C(C(C=C(C(F)=C%11)F)=C%11C\%10=C(C#N)\C#N)=O)S9)S8)S4,6f31f3770fd225e382586e20513744e11a328b7cc74c758d48628417c600a02b,c9e6294713837892ba1875a60d23aa9aa54f510958efca585727e94e8fd74515,5b7789340d5782b0242536025665d386005f34cf3461025e9e9fd7e13b1aa760,b82a6879d6ac516d215727f9189842f5d35c32a908267678a12d0a8f485e13a9,75930bc583d4afbea7f52ccdd77e67328107a230a1018dd9ef94c89905b4ab35,414,837,531,599
630,in-house,737,O=C(C1=C(CCC(CCCC)CC)SC(CCC(CC)CCCC)=C1C2=O)C(C2=C(C3)C(C4)=CC=C4C5=CC6=C(C(C7=CC=C(CCC(CCCC)CC)S7)=C8C=CSC8=C6C9=CC=C(CCC(CCCC)CC)S9)S5)=C3C%10=CC=CS%10,O=C(C(C=CC=C1)=C1C/2=C(C#N)\C#N)C2=C/C3=CC(C4(C(C=C5)=CC=C5CCCCCC)C6=CC=C(C=C6)CCCCCC)=C(C7=CC=C8C9=C7C4=CC=C9C%10=C(C8(C%11=CC=C(C=C%11)CCCCCC)C%12=CC=C(C=C%12)CCCCCC)C=C(/C=C%13C(C(C=CC=C%14)=C%14C\%13=C(C#N)\C#N)=O)S%10)S3,5.45,O=C(C1=C(CCC(CCCC)CC)SC(CCC(CC)CCCC)=C1C2=O)C(C2=C(C3)C(C4)=CC=C4C5=CC6=C(C(C7=CC=C(CCC(CCCC)CC)S7)=C8C=CSC8=C6C9=CC=C(CCC(CCCC)CC)S9)S5)=C3C%10=CC=CS%10||O=C(C(C=CC=C1)=C1C/2=C(C#N)\C#N)C2=C/C3=CC(C4(C(C=C5)=CC=C5CCCCCC)C6=CC=C(C=C6)CCCCCC)=C(C7=CC=C8C9=C7C4=CC=C9C%10=C(C8(C%11=CC=C(C=C%11)CCCCCC)C%12=CC=C(C=C%12)CCCCCC)C=C(/C=C%13C(C(C=CC=C%14)=C%14C\%13=C(C#N)\C#N)=O)S%10)S3,6f31f3770fd225e382586e20513744e11a328b7cc74c758d48628417c600a02b,c52cf2f53d3d56307f0154a8c9fb2d0e1fe240b17936c6851fba489cc8b990cc,2088565e1ba0f05869ef436c6424e07dafff815a3c78ac0cdfbb55f0b7bf0aef,987df14f606c52de34008ee1ea9526ac0488837a49690fefc8e614f0463964de,9aebddb8df7d5c215d6b090e6a49020153f38f79aecd95814e271b52bf65f49b,150,713,702,600
631,in-house,738,FC(C(F)=C(C1=N2)C3=CC=C(S3)C4=CC=C(S4)/C(C#N)=C/C5=CC(OCC(CCCCCCCC)CCCCCC)=C(C=C5OCC(CCCCCCCC)CCCCCC)/C=C(C6=CC=C(S6)C)\C#N)=C(C7=CC=C(C)S7)C1=NN2CC(CCCCCCCCCC)CCCCCCCCCCCC,c12cc3c(cc1C(c1c2sc2c1sc(c2)/C=C\1/C(=C(C#N)C#N)c2c(C1=O)cccc2)(c1ccc(cc1)CCCCCC)c1ccc(cc1)CCCCCC)c1c(C3(c2ccc(cc2)CCCCCC)c2ccc(cc2)CCCCCC)c2c(s1)cc(s2)/C=C\1/C(=C(C#N)C#N)c2c(C1=O)cccc2,5.44,FC(C(F)=C(C1=N2)C3=CC=C(S3)C4=CC=C(S4)/C(C#N)=C/C5=CC(OCC(CCCCCCCC)CCCCCC)=C(C=C5OCC(CCCCCCCC)CCCCCC)/C=C(C6=CC=C(S6)C)\C#N)=C(C7=CC=C(C)S7)C1=NN2CC(CCCCCCCCCC)CCCCCCCCCCCC||c12cc3c(cc1C(c1c2sc2c1sc(c2)/C=C\1/C(=C(C#N)C#N)c2c(C1=O)cccc2)(c1ccc(cc1)CCCCCC)c1ccc(cc1)CCCCCC)c1c(C3(c2ccc(cc2)CCCCCC)c2ccc(cc2)CCCCCC)c2c(s1)cc(s2)/C=C\1/C(=C(C#N)C#N)c2c(C1=O)cccc2,606c5b5e45dec737a9b79e528ad8fdadfb090425e63c4749c1faf916c139aa8e,202f8607af2cecb83e86b2e4305f8c7e2852bc709bb805b9055691d46a9081c5,b3e34c9801ebd081f2ce33612d0f6cd7ab599ccab99cac410acad29e5f8287e1,b3c5801423c9c2e876de121417bf94685e244196d7c544852ed8958ac7be7f60,16db6ee94032d154aba68ca2180273c445775e0de187340bb2fa5a3ca314acf8,837,811,100,601
632,in-house,739,c1scc(c1)CCCCCC,c1c(cc2c(c1)C1C(=C2C2=c3c(=C4C2=CC(C=C4)c2ccc(c4n(c(=O)c5c4c(=O)n(c5c4sccc4)C[C@@H](CCCC)CC)C[C@H](CCCC)CC)s2)ccc(c3)c2ccc(s2)c2n(c(=O)c3c2c(=O)n(c3c2sccc2)C[C@H](CC)CCCC)C[C@H](CCCC)CC)C=C(C=C1)c1ccc(s1)c1n(c(=O)c2c1c(=O)n(c2c1sccc1)C[C@@H](CCCC)CC)C[C@@H](CC)CCCC)c1ccc(s1)c1n(c(=O)c2c1c(=O)n(c2c1sccc1)C[C@H](CC)CCCC)C[C@H](CCCC)CC,5.42,c1scc(c1)CCCCCC||c1c(cc2c(c1)C1C(=C2C2=c3c(=C4C2=CC(C=C4)c2ccc(c4n(c(=O)c5c4c(=O)n(c5c4sccc4)C[C@@H](CCCC)CC)C[C@H](CCCC)CC)s2)ccc(c3)c2ccc(s2)c2n(c(=O)c3c2c(=O)n(c3c2sccc2)C[C@H](CC)CCCC)C[C@H](CCCC)CC)C=C(C=C1)c1ccc(s1)c1n(c(=O)c2c1c(=O)n(c2c1sccc1)C[C@@H](CCCC)CC)C[C@@H](CC)CCCC)c1ccc(s1)c1n(c(=O)c2c1c(=O)n(c2c1sccc1)C[C@H](CC)CCCC)C[C@H](CCCC)CC,dcfe55e25105351ae9c8ad52944bf5ab5d7d9aabff6bbd3f76ff805bf8820852,a52d02fdd2f826a5327dfc546a6755d8cc3aac2425fa86de22ff10376ae78b9a,3014e84f86c666f14225b6014f726af4f3543ad182e02b62f24992d5ab30184c,e1c9ce7c26e22eef5bbeb6d0fe1152625ade7466d699c69e25032ae50fafa541,d499535f7270d2d740e620a508d492380c36a851b509e868b739c83a1f30fd2a,215,1040,971,602
633,in-house,741,CC1=C(OCC(CCCCCC)CCCC)C(OCC(CCCC)CCCCCC)=C(C2=CC=C(S2)C3=CC=C(S3)C)C4=NSN=C14,c12cc3c(cc1C(c1c2sc2c1sc(c2)/C=C\1/C(=C(C#N)C#N)c2c(C1=O)cccc2)(c1ccc(cc1)CCCCCC)c1ccc(cc1)CCCCCC)c1c(C3(c2ccc(cc2)CCCCCC)c2ccc(cc2)CCCCCC)c2c(s1)cc(s2)/C=C\1/C(=C(C#N)C#N)c2c(C1=O)cccc2,5.41,CC1=C(OCC(CCCCCC)CCCC)C(OCC(CCCC)CCCCCC)=C(C2=CC=C(S2)C3=CC=C(S3)C)C4=NSN=C14||c12cc3c(cc1C(c1c2sc2c1sc(c2)/C=C\1/C(=C(C#N)C#N)c2c(C1=O)cccc2)(c1ccc(cc1)CCCCCC)c1ccc(cc1)CCCCCC)c1c(C3(c2ccc(cc2)CCCCCC)c2ccc(cc2)CCCCCC)c2c(s1)cc(s2)/C=C\1/C(=C(C#N)C#N)c2c(C1=O)cccc2,f7b9e1e592ca599ef9600fc87924d04cf0336456564e21a30f9ddb59399bc4a1,202f8607af2cecb83e86b2e4305f8c7e2852bc709bb805b9055691d46a9081c5,3f11fd1a16012a4e66b882f343888854e0d644f394dc950dd6f0772404533ec3,52e2d975772254bb4b55935ba243c5631392ed0c6956b0483357b583ce1f50bc,9da61dad03d409038c6bfdfa66a0616ca9da7e1bc1b88e0518eedd10a9eb68f3,282,396,719,603
634,in-house,743,CC1=CC=C(S1)C2=C3SC(C(OCC(CCCCCCCCCC)CCCCCCCC)=O)=CC3=C(C4=CC=C(S4)C5=CC6=C(C7=C(C(C8=CC=C(S8)SC(CCCC)CC)=C6S5)C=C(C)S7)C9=CC=C(S9)SC(CCCC)CC)S2,c12cc3c(cc1C(c1c2sc2c1sc(c2)/C=C\1/C(=C(C#N)C#N)c2c(C1=O)cccc2)(c1ccc(cc1)CCCCCC)c1ccc(cc1)CCCCCC)c1c(C3(c2ccc(cc2)CCCCCC)c2ccc(cc2)CCCCCC)c2c(s1)cc(s2)/C=C\1/C(=C(C#N)C#N)c2c(C1=O)cccc2,5.35,CC1=CC=C(S1)C2=C3SC(C(OCC(CCCCCCCCCC)CCCCCCCC)=O)=CC3=C(C4=CC=C(S4)C5=CC6=C(C7=C(C(C8=CC=C(S8)SC(CCCC)CC)=C6S5)C=C(C)S7)C9=CC=C(S9)SC(CCCC)CC)S2||c12cc3c(cc1C(c1c2sc2c1sc(c2)/C=C\1/C(=C(C#N)C#N)c2c(C1=O)cccc2)(c1ccc(cc1)CCCCCC)c1ccc(cc1)CCCCCC)c1c(C3(c2ccc(cc2)CCCCCC)c2ccc(cc2)CCCCCC)c2c(s1)cc(s2)/C=C\1/C(=C(C#N)C#N)c2c(C1=O)cccc2,fc4609eb100c78e3e872de1321388255bc4a83d81696a022a1490e8165289ec8,202f8607af2cecb83e86b2e4305f8c7e2852bc709bb805b9055691d46a9081c5,d89f34fda129e45b682323e4860722e3c0d9edc625adae5430c6f9b98d6c1b60,31299b42a948e58aab512d52d54242aea759893235c5d2c3655d2d1c13e9208b,68c2e42a9463a14fa91e58313e2ab7f510807b4f0f2a2db34ff6ae13f8e3a993,1026,247,471,604
635,in-house,744,FC1=C(C(OCC(CCCC)CC)=O)SC2=CSC(C3=CC4=C(C5=C(C(C6=CC=C(CC(CC)CCCC)S6)=C4S3)C=CS5)C7=CC=C(CC(CC)CCCC)S7)=C12,N#C/C(C#N)=C/C1=CC=C(C2=CC=C3C4=CC=C(C5=CC=C(/C=C(C#N)/C#N)C6=NSN=C56)C=C4N(C(CCCCCCCC)CCCCCCCC)C3=C2)C7=NSN=C17,5.3,FC1=C(C(OCC(CCCC)CC)=O)SC2=CSC(C3=CC4=C(C5=C(C(C6=CC=C(CC(CC)CCCC)S6)=C4S3)C=CS5)C7=CC=C(CC(CC)CCCC)S7)=C12||N#C/C(C#N)=C/C1=CC=C(C2=CC=C3C4=CC=C(C5=CC=C(/C=C(C#N)/C#N)C6=NSN=C56)C=C4N(C(CCCCCCCC)CCCCCCCC)C3=C2)C7=NSN=C17,2249a87c8fc0450476e55f070a85b71ffa6beb368356c28f1302bad8bac422cb,43a8977716227c2c20c9b97b07d65287220f138498fe08a5a395375e1f7a97f5,b5905afbe87fa759f8b15d46b62e13b9ad0ffa4e2d16131ceb33224bc82c49d4,7a190e97a6b413d6f77cc6e1da12a3a85f16348655087a8c6e3773f165e23f7a,d0c8d1943b155044134529358647ed17bf2ef0010b80e894a7cbf768d9765410,855,585,951,605
636,in-house,745,CC(SC1=C(C2=C3SC(C)=C2)C4=CC=C(S4)CC(CCCC)CC)=CC1=C3C5=CC=C(S5)CC(CC)CCCC,N#C/C(C#N)=C(C1=CC=CC=C1C2=O)/C2=C/C3=CC4=C(C5=C(C=C6C(C(CCCCCC)(CCCCCC)C7=C6SC(/C=C8/C(C9=CC=CC=C9C8=O)=C(C#N)/C#N)=C7)=C5)C4(CCCCCC)CCCCCC)S3,5.3,CC(SC1=C(C2=C3SC(C)=C2)C4=CC=C(S4)CC(CCCC)CC)=CC1=C3C5=CC=C(S5)CC(CC)CCCC||N#C/C(C#N)=C(C1=CC=CC=C1C2=O)/C2=C/C3=CC4=C(C5=C(C=C6C(C(CCCCCC)(CCCCCC)C7=C6SC(/C=C8/C(C9=CC=CC=C9C8=O)=C(C#N)/C#N)=C7)=C5)C4(CCCCCC)CCCCCC)S3,89151ef2140251de918276663a7de2703f6bd6414b8817d99f8b9650d996c4cf,0cc00e1ba2d95fe8288dc072edf395ee6fc3678daa4e12f6703c7be7d2c5a409,f2f0efc37bbe0822b43add33616cde5c3c840f7835f1057159342b6f72d81b2f,e5c25554adcf71e16046de6f46dfd6613754f4374a4088467489806fe08675ed,98c38131ec06874cca6bea40bbe8d9958d7ba51e89dcbfbacf68305df167aa9b,1143,1059,692,606
637,in-house,746,CC(S1)=C(CCCCCCCC)C=C1C2=CC(/C=C3S/C(N(C/3=O)CC)=C(C#N)\C#N)=C(S2)C4=CC(CCCCCCCC)=C(S4)C(SC5=C(C6=C7SC(C)=C6)C8=CC=C(S8)CCCCCCCC)=CC5=C7C9=CC=C(CCCCCCCC)S9,c12cc3c(cc1C(c1c2sc2c1sc(c2)/C=C\1/C(=C(C#N)C#N)c2c(C1=O)cccc2)(c1ccc(cc1)CCCCCC)c1ccc(cc1)CCCCCC)c1c(C3(c2ccc(cc2)CCCCCC)c2ccc(cc2)CCCCCC)c2c(s1)cc(s2)/C=C\1/C(=C(C#N)C#N)c2c(C1=O)cccc2,5.3,CC(S1)=C(CCCCCCCC)C=C1C2=CC(/C=C3S/C(N(C/3=O)CC)=C(C#N)\C#N)=C(S2)C4=CC(CCCCCCCC)=C(S4)C(SC5=C(C6=C7SC(C)=C6)C8=CC=C(S8)CCCCCCCC)=CC5=C7C9=CC=C(CCCCCCCC)S9||c12cc3c(cc1C(c1c2sc2c1sc(c2)/C=C\1/C(=C(C#N)C#N)c2c(C1=O)cccc2)(c1ccc(cc1)CCCCCC)c1ccc(cc1)CCCCCC)c1c(C3(c2ccc(cc2)CCCCCC)c2ccc(cc2)CCCCCC)c2c(s1)cc(s2)/C=C\1/C(=C(C#N)C#N)c2c(C1=O)cccc2,b90767f322227fc68f0d442254377e876519f4c7100fc98af3434576ee3d49a2,202f8607af2cecb83e86b2e4305f8c7e2852bc709bb805b9055691d46a9081c5,82178eab40411602cfafdff40b267108e8a2987b459d9b34710b242ea31cd995,316eb447cc3203ce03e56bede77bb05a11263d2b7f74ff597d4bc224f5c4059a,7d94c47b6aad330318ab452c18b88a7595e959e70b679695b4bde7a306c8e898,594,248,572,607
638,in-house,747,c1scc(c1)CCCCCC,S=C(N(C/1=O)CC)SC1=C\C(C2=NN(CCCCCCCC)N=C32)=CC=C3C4=CC(C5(C(C=C6)=CC=C6CCCCCC)C7=CC=C(C=C7)CCCCCC)=C(C8=CC9=C(C%10=C(C9(C%11=CC=C(C=C%11)CCCCCC)C%12=CC=C(C=C%12)CCCCCC)C=C(C%13=CC=C(C%14=NN(N=C%13%14)CCCCCCCC)/C=C%15SC(N(C/%15=O)C#C)=S)S%10)C=C85)S4,5.24,c1scc(c1)CCCCCC||S=C(N(C/1=O)CC)SC1=C\C(C2=NN(CCCCCCCC)N=C32)=CC=C3C4=CC(C5(C(C=C6)=CC=C6CCCCCC)C7=CC=C(C=C7)CCCCCC)=C(C8=CC9=C(C%10=C(C9(C%11=CC=C(C=C%11)CCCCCC)C%12=CC=C(C=C%12)CCCCCC)C=C(C%13=CC=C(C%14=NN(N=C%13%14)CCCCCCCC)/C=C%15SC(N(C/%15=O)C#C)=S)S%10)C=C85)S4,dcfe55e25105351ae9c8ad52944bf5ab5d7d9aabff6bbd3f76ff805bf8820852,f89c93963c48a19c063c0f4d6b58c802680d8e5063121a06a395761e1ffe74e1,c4bf1e7f005e020c19e188ccdce36b1d304fe467a7ef9c28ea0f686f163d8e17,f81a1bb79b2f5bca68bb75e37b44ceb1c4b4d645fc238e1d0ad3729f0b949b0a,7342964bae6e1272b2af13c5807812879d7cf37673d8d969dde53663470d4ad8,945,1154,523,608
639,in-house,748,CC(S1)=C(CCCCC(CC)CCCCCC)C=C1C2=NC(S3)=C(S2)N=C3C4=CC(CCCCC(CCCCCC)CC)=C(S4)C5=CC(C(S5)=C(C6=C7SC(C)=C6)C8=CC(Cl)=C(S8)CC(CCCC)CC)=C7C9=CC(Cl)=C(CC(CC)CCCC)S9,c1(cc2c(cc1F)C(=O)/C(=C\c1cc3c(s1)c1c(s3)c3c(C1(c1ccc(cc1)CCCCCC)c1ccc(cc1)CCCCCC)cc1c(c3)C(c3c1sc1c3sc(c1)/C=C/1\C(=O)c3c(C1=C(C#N)C#N)cc(c(c3)F)F)(c1ccc(cc1)CCCCCC)c1ccc(cc1)CCCCCC)/C2=C(C#N)C#N)F,5.23,CC(S1)=C(CCCCC(CC)CCCCCC)C=C1C2=NC(S3)=C(S2)N=C3C4=CC(CCCCC(CCCCCC)CC)=C(S4)C5=CC(C(S5)=C(C6=C7SC(C)=C6)C8=CC(Cl)=C(S8)CC(CCCC)CC)=C7C9=CC(Cl)=C(CC(CC)CCCC)S9||c1(cc2c(cc1F)C(=O)/C(=C\c1cc3c(s1)c1c(s3)c3c(C1(c1ccc(cc1)CCCCCC)c1ccc(cc1)CCCCCC)cc1c(c3)C(c3c1sc1c3sc(c1)/C=C/1\C(=O)c3c(C1=C(C#N)C#N)cc(c(c3)F)F)(c1ccc(cc1)CCCCCC)c1ccc(cc1)CCCCCC)/C2=C(C#N)C#N)F,d2db47a1de123b9347d2ddf618c1a801ab53c4d92b4344f4922c9a2cdc1e005f,69e17d1724b4236f68d0c6efb6ad16969f13f8980d301d0056747038b20f0c8d,1d1f3d08da8cbf49d3f75c0dc79c07cc116e0d2088c8c16ed2c9eaecee5c333d,caeec8008c574875708aa28052b115bad6a2efd9fa5d8f5e5f2b2bbdced87101,67ba371073f9deebbd481f2eda443d7c389651a2bf06587ef23a5e256e2eaa40,138,934,468,609
640,in-house,750,O=C(C1=C(CCC(CCCC)CC)SC(CCC(CC)CCCC)=C1C2=O)C(C2=C(C3)C(C4)=CC=C4C5=CC6=C(C(C7=CC=C(CCC(CCCC)CC)S7)=C8C=CSC8=C6C9=CC=C(CCC(CCCC)CC)S9)S5)=C3C%10=CC=CS%10,CCCCCCOC(C=C1)=CC=C1C2(C3=CC=C(C=C3)OCCCCCC)C4=C(C=C5C(C(CC6)CCC6OCCCCCC)(C(C=C7)=CC=C7OCCCCCC)C8=C(SC(/C=C9C(C(C=CC=C%10)=C%10C\9=C(C#N)\C#N)=O)=C8)C5=C4)C(S%11)=C2C=C%11/C=C(C(C%12=C%13C=CC=C%12)=O)/C%13=C(C#N)/C#N,5.11,O=C(C1=C(CCC(CCCC)CC)SC(CCC(CC)CCCC)=C1C2=O)C(C2=C(C3)C(C4)=CC=C4C5=CC6=C(C(C7=CC=C(CCC(CCCC)CC)S7)=C8C=CSC8=C6C9=CC=C(CCC(CCCC)CC)S9)S5)=C3C%10=CC=CS%10||CCCCCCOC(C=C1)=CC=C1C2(C3=CC=C(C=C3)OCCCCCC)C4=C(C=C5C(C(CC6)CCC6OCCCCCC)(C(C=C7)=CC=C7OCCCCCC)C8=C(SC(/C=C9C(C(C=CC=C%10)=C%10C\9=C(C#N)\C#N)=O)=C8)C5=C4)C(S%11)=C2C=C%11/C=C(C(C%12=C%13C=CC=C%12)=O)/C%13=C(C#N)/C#N,6f31f3770fd225e382586e20513744e11a328b7cc74c758d48628417c600a02b,edb4a9121c6aee5d43566a53fe99724a853cc0533615a2e326cff78f4b97dd0b,9f5b1a6faca52088ce8b9f0a6c874c6e6e899b20a93673446cf67c2f9868c8c0,484548dad16a06844e59745ff4ecbdbe58288e6d53d67ad3692e3aea766d9fff,171d4f8656e07ebec35e7c07a82eb1d3c6aabcde6165e920a5b8ad4b924befe5,729,345,105,610
641,in-house,751,FC1=C(C(OCC(CCCC)CC)=O)SC2=CSC(C3=CC4=C(C5=C(C(C6=CC=C(CC(CC)CCCC)S6)=C4S3)C=CS5)C7=CC=C(CC(CC)CCCC)S7)=C12,N#C/C(C#N)=C/C(C1=NSN=C21)=CC=C2C3=CC=C(C4=CC=C(C=C45)C6=CC=C(C7=NSN=C67)/C=C(C#N)\C#N)C(C5(CCCCCCCC)CCCCCCCC)=C3,5.1,FC1=C(C(OCC(CCCC)CC)=O)SC2=CSC(C3=CC4=C(C5=C(C(C6=CC=C(CC(CC)CCCC)S6)=C4S3)C=CS5)C7=CC=C(CC(CC)CCCC)S7)=C12||N#C/C(C#N)=C/C(C1=NSN=C21)=CC=C2C3=CC=C(C4=CC=C(C=C45)C6=CC=C(C7=NSN=C67)/C=C(C#N)\C#N)C(C5(CCCCCCCC)CCCCCCCC)=C3,2249a87c8fc0450476e55f070a85b71ffa6beb368356c28f1302bad8bac422cb,3a89b040e23ebe901ad3f92147c43058fcc484a598a9de8a919fbb8052037a25,6342e7a69c2ca1e400096cfd52cf3d0ad5695dbfcf051af6badba2ee21cc0019,5f0316399a55671d1d523323b90fe29a486c1ff9d8dd7bd6cb312d7f883effef,b0234681d8935121073a590e228315048fc6b93f21a0378b601f51df59e27cf8,450,449,809,611
642,in-house,752,c1scc(c1)CCCCCC,S=C(N(C/1=O)CC)SC1=C/C(S2)=CC=C2C(C3=NSN=C3C(C4=CC=C(S4)/C=C5SC(N(C\5=O)CC)=S)=C6OCCCCCC)=C6OCCCCCC,5.09,c1scc(c1)CCCCCC||S=C(N(C/1=O)CC)SC1=C/C(S2)=CC=C2C(C3=NSN=C3C(C4=CC=C(S4)/C=C5SC(N(C\5=O)CC)=S)=C6OCCCCCC)=C6OCCCCCC,dcfe55e25105351ae9c8ad52944bf5ab5d7d9aabff6bbd3f76ff805bf8820852,5847951d6ab75777acbaad206d376bee07ebba29ae6e3476ba52e131c1ff47cc,252bc915d1c06e8d17349a74b03822562f429e9f6311c00ac883ca1c7cca5b29,4837413b9569cdd185f1127ecd72226ec41a69af1dea4a41497c2ca8e669bc26,1f38b10850135bc7884a30dea56296e0a19c0c1d71749737f2f1c93bf8662390,165,344,132,612
643,in-house,753,O=C(C1=C(CCC(CCCC)CC)SC(CCC(CC)CCCC)=C1C2=O)C(C2=C(C3)C(C4)=CC=C4C5=CC6=C(C(C7=CC=C(CCC(CCCC)CC)S7)=C8C=CSC8=C6C9=CC=C(CCC(CCCC)CC)S9)S5)=C3C%10=CC=CS%10,c1(cc2c(cc1F)C(=C(C#N)C#N)/C(=C\c1sc3c(c1)sc1c3C(c3c1cc1c(c3)c3c(C1(c1ccc(cc1)CCCCCC)c1ccc(cc1)CCCCCC)c1c(s3)cc(s1)/C=C/1\C(=C(C#N)C#N)c3c(C1=O)cc(c(c3)F)F)(c1ccc(cc1)CCCCCC)c1ccc(cc1)CCCCCC)/C2=O)F,5.02,O=C(C1=C(CCC(CCCC)CC)SC(CCC(CC)CCCC)=C1C2=O)C(C2=C(C3)C(C4)=CC=C4C5=CC6=C(C(C7=CC=C(CCC(CCCC)CC)S7)=C8C=CSC8=C6C9=CC=C(CCC(CCCC)CC)S9)S5)=C3C%10=CC=CS%10||c1(cc2c(cc1F)C(=C(C#N)C#N)/C(=C\c1sc3c(c1)sc1c3C(c3c1cc1c(c3)c3c(C1(c1ccc(cc1)CCCCCC)c1ccc(cc1)CCCCCC)c1c(s3)cc(s1)/C=C/1\C(=C(C#N)C#N)c3c(C1=O)cc(c(c3)F)F)(c1ccc(cc1)CCCCCC)c1ccc(cc1)CCCCCC)/C2=O)F,6f31f3770fd225e382586e20513744e11a328b7cc74c758d48628417c600a02b,69e17d1724b4236f68d0c6efb6ad16969f13f8980d301d0056747038b20f0c8d,8332b22ad63e13f9b15c75f9f23319c3bcc64b52cea2954ad652267fde2e4b46,28637e448c04e46259c5b0ad9c4b6def7346f4a3b8d2b5a13a3d3759ec108315,04aadc213b7bc50b11a865ef0d356e8d79017db2726b499f18b3e4565b2bbc74,597,201,19,201
644,in-house,754,c1scc(c1)CCCCCC,S=C(N(C/1=O)CC)SC1=C\C(S2)=CN=C2C3=CC(C4(C5=CC=C(CCCCCC)C=C5)C6=CC=C(CCCCCC)C=C6)=C(C(C=C7C8(C9=CC=C(CCCCCC)C=C9)C%10=CC=C(CCCCCC)C=C%10)=C4C=C7C%11=C8C=C(C%12=NC=C(S%12)/C=C%13SC(N(C/%13=O)CC)=S)S%11)S3,5.01,c1scc(c1)CCCCCC||S=C(N(C/1=O)CC)SC1=C\C(S2)=CN=C2C3=CC(C4(C5=CC=C(CCCCCC)C=C5)C6=CC=C(CCCCCC)C=C6)=C(C(C=C7C8(C9=CC=C(CCCCCC)C=C9)C%10=CC=C(CCCCCC)C=C%10)=C4C=C7C%11=C8C=C(C%12=NC=C(S%12)/C=C%13SC(N(C/%13=O)CC)=S)S%11)S3,dcfe55e25105351ae9c8ad52944bf5ab5d7d9aabff6bbd3f76ff805bf8820852,e4404e788e875b4b04d1bbdc78ce312ec04353f3bce52081bf2183394b98a22d,bc7bfc821384be901a62eae94654c1cc8e1a7d9e3b256a6c1561782f06a73545,708789d39950b7542a0df540f42555de5ac118abf58df5edbd04badb62b75bb2,0ddc13ae8edaaf5466443f33764769bcf0c6d1af09b5a2f7b89f8529ca8d3406,896,550,67,613
645,in-house,755,FC1=C(C(OCC(CCCC)CC)=O)SC2=CSC(C3=CC4=C(C5=C(C(C6=CC=C(CC(CC)CCCC)S6)=C4S3)C=CS5)C7=CC=C(CC(CC)CCCC)S7)=C12,N#C/C(C#N)=C/C(C1=NSN=C21)=CC=C2C3=CC(C4(CCCCCCCC)CCCCCCCC)=C(C5=C4C=C(C6=CC=C(C7=NSN=C67)/C=C(C#N)\C#N)S5)S3,5.0,FC1=C(C(OCC(CCCC)CC)=O)SC2=CSC(C3=CC4=C(C5=C(C(C6=CC=C(CC(CC)CCCC)S6)=C4S3)C=CS5)C7=CC=C(CC(CC)CCCC)S7)=C12||N#C/C(C#N)=C/C(C1=NSN=C21)=CC=C2C3=CC(C4(CCCCCCCC)CCCCCCCC)=C(C5=C4C=C(C6=CC=C(C7=NSN=C67)/C=C(C#N)\C#N)S5)S3,2249a87c8fc0450476e55f070a85b71ffa6beb368356c28f1302bad8bac422cb,75bb0d51864105efcd58ab66fd3d6941c978d0f104918194de0c2f63ecc65b2c,476f624042074cd6483fc93fb7f3525416dd384a4c4527439948b656cf479df8,5e7513cbb7437e55d17855083cb5fcbd8db2f944de3d2fd9b30bce39fc1e2495,b89cc574a2c5075b99baa763f3baffd1fc98d927a6c24e654e6b1a2b9acecd57,332,448,855,614
646,in-house,756,FC(C(F)=C(C1=NC(C2=CC=C(C(OCCCCCCCC)=C2)OCCCCCCCC)=C(N=C31)C(C=C4)=CC(OCCCCCCCC)=C4OCCCCCCCC)C)=C3C(S5)=CC(F)=C5C6=C(F)C=C(C)S6,c12cc3c(cc1C(c1c2sc2c1sc(c2)/C=C\1/C(=C(C#N)C#N)c2c(C1=O)cccc2)(c1ccc(cc1)CCCCCC)c1ccc(cc1)CCCCCC)c1c(C3(c2ccc(cc2)CCCCCC)c2ccc(cc2)CCCCCC)c2c(s1)cc(s2)/C=C\1/C(=C(C#N)C#N)c2c(C1=O)cccc2,4.93,FC(C(F)=C(C1=NC(C2=CC=C(C(OCCCCCCCC)=C2)OCCCCCCCC)=C(N=C31)C(C=C4)=CC(OCCCCCCCC)=C4OCCCCCCCC)C)=C3C(S5)=CC(F)=C5C6=C(F)C=C(C)S6||c12cc3c(cc1C(c1c2sc2c1sc(c2)/C=C\1/C(=C(C#N)C#N)c2c(C1=O)cccc2)(c1ccc(cc1)CCCCCC)c1ccc(cc1)CCCCCC)c1c(C3(c2ccc(cc2)CCCCCC)c2ccc(cc2)CCCCCC)c2c(s1)cc(s2)/C=C\1/C(=C(C#N)C#N)c2c(C1=O)cccc2,9c2c01c633f5e0f7cb8396151d8ceae64558337d08664b6ab37e0bf446e9327c,202f8607af2cecb83e86b2e4305f8c7e2852bc709bb805b9055691d46a9081c5,022052d707f0a15491e28888961abfa4e443b4bbaedc8ab5a6f9b48f380fe32c,de0cbad4ae3e5a3bb7e005cb2e9581d3edbb432eb1562e434846204eb09f015d,4fbf45f228dde7c0370bb410eadf2e4b303622cd762c6f1884f9d9315bc6775b,9,1021,350,615
647,in-house,760,FC(C(F)=C(C1=NC(C2=CC=C(C(OCCCCCCCC)=C2)OCCCCCCCC)=C(N=C31)C(C=C4)=CC(OCCCCCCCC)=C4OCCCCCCCC)C)=C3C(S5)=CC=C5C6=CC=C(C)S6,c12cc3c(cc1C(c1c2sc2c1sc(c2)/C=C\1/C(=C(C#N)C#N)c2c(C1=O)cccc2)(c1ccc(cc1)CCCCCC)c1ccc(cc1)CCCCCC)c1c(C3(c2ccc(cc2)CCCCCC)c2ccc(cc2)CCCCCC)c2c(s1)cc(s2)/C=C\1/C(=C(C#N)C#N)c2c(C1=O)cccc2,4.82,FC(C(F)=C(C1=NC(C2=CC=C(C(OCCCCCCCC)=C2)OCCCCCCCC)=C(N=C31)C(C=C4)=CC(OCCCCCCCC)=C4OCCCCCCCC)C)=C3C(S5)=CC=C5C6=CC=C(C)S6||c12cc3c(cc1C(c1c2sc2c1sc(c2)/C=C\1/C(=C(C#N)C#N)c2c(C1=O)cccc2)(c1ccc(cc1)CCCCCC)c1ccc(cc1)CCCCCC)c1c(C3(c2ccc(cc2)CCCCCC)c2ccc(cc2)CCCCCC)c2c(s1)cc(s2)/C=C\1/C(=C(C#N)C#N)c2c(C1=O)cccc2,9be3a799f36f109765d4e8ae36f25d89a41b7dc77ec671142a87b7cccdfb57b1,202f8607af2cecb83e86b2e4305f8c7e2852bc709bb805b9055691d46a9081c5,89c6015e4a31fc08e4f224f0c61ddf0e1d76d909f32e156e361ec86ad7ae6f83,bdf416a30abb5e0648c943431d21011dfa80e4326f286f48ce0e13a1899e8b6e,8b1574aa815a0e8871419fb9c94c23e58f627372fbf109f57229b7ca94c5c1fc,626,875,627,472
648,in-house,761,c1scc(c1)CCCCCC,S1/C(=C/c2c3c(c(cc2)c2sc4c(c2)C(c2c4cc4c(c2)c2c(C4(CCCCCCCC)CCCCCCCC)cc(s2)c2ccc(c4c2nc(c(n4)c2ccccc2)c2ccccc2)/C=C/2\C(=O)N(C(=S)S2)CC)(CCCCCCCC)CCCCCCCC)nc(c(n3)c2ccccc2)c2ccccc2)/C(=O)N(C1=S)CC,4.81,c1scc(c1)CCCCCC||S1/C(=C/c2c3c(c(cc2)c2sc4c(c2)C(c2c4cc4c(c2)c2c(C4(CCCCCCCC)CCCCCCCC)cc(s2)c2ccc(c4c2nc(c(n4)c2ccccc2)c2ccccc2)/C=C/2\C(=O)N(C(=S)S2)CC)(CCCCCCCC)CCCCCCCC)nc(c(n3)c2ccccc2)c2ccccc2)/C(=O)N(C1=S)CC,dcfe55e25105351ae9c8ad52944bf5ab5d7d9aabff6bbd3f76ff805bf8820852,eb411833346911002e5c6b29d13d052358c805b4935ee3e1b64e5adf01a4ba1c,b109a818fbcfe395aab9164217e72ba23580ad816b93ac3a2870e61b54bd7301,0dc517ba618d4ffe858b24121a94775bbf87b71d0a2ab3f0d5b55b1f6479bfdb,814c43702acfd8c556801c77ec3505f1e476d389bcc8365ca328845cbe8bd76f,819,68,588,616
649,in-house,763,c1scc(c1)CCCCCC,[S]=C(N(C/1=O)CCCCCCCC)SC1=C/C(S2)=C(CCCCCCCC)C=C2C3=CC=C(C4=CC=C(C=C45)C6=CC(CCCCCCCC)=C(S6)/C=C7SC(N(C\7=O)CCCCCCCC)=[S])C(C85C(C=C(C=C9)C%10=CC(CCCCCCCC)=C(S%10)/C=C%11SC(N(C\%11=O)CCCCCCCC)=[S])=C9C(C=C%12)=C8C=C%12C%13=CC(CCCCCCCC)=C(S%13)/C=C%14SC(N(C\%14=O)CCCCCCCC)=[S])=C3,4.66,c1scc(c1)CCCCCC||[S]=C(N(C/1=O)CCCCCCCC)SC1=C/C(S2)=C(CCCCCCCC)C=C2C3=CC=C(C4=CC=C(C=C45)C6=CC(CCCCCCCC)=C(S6)/C=C7SC(N(C\7=O)CCCCCCCC)=[S])C(C85C(C=C(C=C9)C%10=CC(CCCCCCCC)=C(S%10)/C=C%11SC(N(C\%11=O)CCCCCCCC)=[S])=C9C(C=C%12)=C8C=C%12C%13=CC(CCCCCCCC)=C(S%13)/C=C%14SC(N(C\%14=O)CCCCCCCC)=[S])=C3,dcfe55e25105351ae9c8ad52944bf5ab5d7d9aabff6bbd3f76ff805bf8820852,4b7037adf62fc90d64fb70ce292c7317e2c4a8181c7eef6b3cefffcce6f96dc0,6900eb4469a30d06111f39374c5cd893c5dd197dca45f6dd39f66acc759d8956,f1eb33dc4b764ed270c6f7a2b9aa77217d732a77dbfeb9c2b5ac9afd0be50ec0,ce4d26dce3d6344dcc3c4d93a433ff603eb140d705beb381c169b5c14e71e027,473,1127,948,617
650,in-house,764,CC1=C(CCCCCCCC)C=C(C2=C(C(C3=C(CC(CCCC)CC)SC(CC(C)CCCC)=C34)=O)C(C4=O)=C(C5=CC(CCCCCCCC)=C(S5)C6=CC7=C(S6)C8=C(C=C7C9=CC=C(SCC(CC)CCCC)C=C9)C%10=C(C=C(C)S%10)C(C%11=CC=C(SCC(CCCC)C)C=C%11)=C8)S2)S1,N#C/C(C#N)=C(C1=CC=CC=C1C2=O)/C2=C/C3=CC4=C(C5=C(C=C6C(C(CCCCCC)(CCCCCC)C7=C6SC(/C=C8/C(C9=CC=CC=C9C8=O)=C(C#N)/C#N)=C7)=C5)C4(CCCCCC)CCCCCC)S3,4.62,CC1=C(CCCCCCCC)C=C(C2=C(C(C3=C(CC(CCCC)CC)SC(CC(C)CCCC)=C34)=O)C(C4=O)=C(C5=CC(CCCCCCCC)=C(S5)C6=CC7=C(S6)C8=C(C=C7C9=CC=C(SCC(CC)CCCC)C=C9)C%10=C(C=C(C)S%10)C(C%11=CC=C(SCC(CCCC)C)C=C%11)=C8)S2)S1||N#C/C(C#N)=C(C1=CC=CC=C1C2=O)/C2=C/C3=CC4=C(C5=C(C=C6C(C(CCCCCC)(CCCCCC)C7=C6SC(/C=C8/C(C9=CC=CC=C9C8=O)=C(C#N)/C#N)=C7)=C5)C4(CCCCCC)CCCCCC)S3,a515fb0b734f8c4a1632db94c99ee462f4e1c9c36240c164c53b04d61631c5f6,0cc00e1ba2d95fe8288dc072edf395ee6fc3678daa4e12f6703c7be7d2c5a409,d0d223f9132388ceed0a7c6736078ebe8bc78f95b1afdbac2113ffa9fe3746d3,fbafbc78b99254cf5d25e1206ddc5b2d666c7da95888e11f47a17d68c3440784,eca4a9e6c44d1cfe421c7ee4d21af6a8b8e70ad5ab1575b4d6a0d0a68d6af767,995,1167,1110,618
651,in-house,765,[Cl]C1=C(CC)SC(C2=C3C(C=C(C)C3)C(C4=CC([Cl])=C(S4)CC)=C5SC(C6=CC=C(S6)C7=C(C(C8=C(SC(CC)=C8C9=O)CC)=O)C9=C(C%10=CC=C(S%10)C)S7)=CC25)=C1,O=C(C(C=C(C([H])=C1)[H])=C1C/2=C(C#N)\C#N)C2=C/C3=CC(C4(C5=CC=C(C=C5)CCCCCC)C(C=C6)=CC=C6CCCCCC)=C(C(C=C7C8(C(C=C9)=CC=C9CCCCCC)C(C=C%10)=CC=C%10CCCCCC)=C4C=C7C%11=C8C=C(/C=C%12C(C(C=C(C([H])=C%13)[H])=C%13C\%12=C(C#N)\C#N)=O)S%11)S3,4.57,[Cl]C1=C(CC)SC(C2=C3C(C=C(C)C3)C(C4=CC([Cl])=C(S4)CC)=C5SC(C6=CC=C(S6)C7=C(C(C8=C(SC(CC)=C8C9=O)CC)=O)C9=C(C%10=CC=C(S%10)C)S7)=CC25)=C1||O=C(C(C=C(C([H])=C1)[H])=C1C/2=C(C#N)\C#N)C2=C/C3=CC(C4(C5=CC=C(C=C5)CCCCCC)C(C=C6)=CC=C6CCCCCC)=C(C(C=C7C8(C(C=C9)=CC=C9CCCCCC)C(C=C%10)=CC=C%10CCCCCC)=C4C=C7C%11=C8C=C(/C=C%12C(C(C=C(C([H])=C%13)[H])=C%13C\%12=C(C#N)\C#N)=O)S%11)S3,7a11f928c0e326f5a997d7edb123c3e2980ed2dc99d8540493801d0b5415b33f,891d46e7b9c8a3db43e8e0cb202032b061ab614c7fc08b446d539071d8de8871,c84608b0e76872921862e8e5de7f4691d8103a16ffaaa45c2cf64d7084bf7aca,dad6d1757d8392fb0e05ef932e321aa1078d22ea51c79c804ba9f466bb146853,e844b15d369be44ec054180e194537af74fee207a263eac6fcaa4b02a9412263,956,1011,1080,619
652,in-house,766,c1scc(c1)CCCCCC,O=C(N(C/1=O)CC)SC1=C\C(C2=NN(CCCCCCCC)N=C32)=CC=C3C4=CC(C5(C(C=C6)=CC=C6CCCCCC)C7=CC=C(C=C7)CCCCCC)=C(C8=CC9=C(C%10=C(C9(C%11=CC=C(C=C%11)CCCCCC)C%12=CC=C(C=C%12)CCCCCC)C=C(C%13=CC=C(C%14=NN(N=C%13%14)CCCCCCCC)/C=C%15SC(N(C/%15=O)C#C)=O)S%10)C=C85)S4,4.5,c1scc(c1)CCCCCC||O=C(N(C/1=O)CC)SC1=C\C(C2=NN(CCCCCCCC)N=C32)=CC=C3C4=CC(C5(C(C=C6)=CC=C6CCCCCC)C7=CC=C(C=C7)CCCCCC)=C(C8=CC9=C(C%10=C(C9(C%11=CC=C(C=C%11)CCCCCC)C%12=CC=C(C=C%12)CCCCCC)C=C(C%13=CC=C(C%14=NN(N=C%13%14)CCCCCCCC)/C=C%15SC(N(C/%15=O)C#C)=O)S%10)C=C85)S4,dcfe55e25105351ae9c8ad52944bf5ab5d7d9aabff6bbd3f76ff805bf8820852,3acd1b7de755335ccb3aa684e5528aa6efa23a7817a475e7e58198b7826f5e54,63315b21587c4b4ca53a696f9262dd31b074ec13051831ad4a8af1e1e77cc3ce,c66de751c2432aba8069701c96145b6f83990e5ce57e65fb1cd0c8e335649f18,4e39971716b47490abcd50b5978b61cf88de00b6a7c6cec8d4120b33dec8822b,449,910,346,620
653,in-house,767,FC1=C(C(OCC(CCCC)CC)=O)SC2=CSC(C3=CC4=C(C5=C(C(C6=CC=C(CC(CC)CCCC)S6)=C4S3)C=CS5)C7=CC=C(CC(CC)CCCC)S7)=C12,FC1=C(/C=C(C#N)/C#N)SC(C(SC(C(SC(C2=C(CCCCCCCC)C(F)=C(C3=C(CCCCCCCC)C(F)=C(/C=C(C#N)\C#N)S3)S2)=C4F)=C4F)=C5CCCCCCCC)=C5F)=C1CCCCCCCC,4.5,FC1=C(C(OCC(CCCC)CC)=O)SC2=CSC(C3=CC4=C(C5=C(C(C6=CC=C(CC(CC)CCCC)S6)=C4S3)C=CS5)C7=CC=C(CC(CC)CCCC)S7)=C12||FC1=C(/C=C(C#N)/C#N)SC(C(SC(C(SC(C2=C(CCCCCCCC)C(F)=C(C3=C(CCCCCCCC)C(F)=C(/C=C(C#N)\C#N)S3)S2)=C4F)=C4F)=C5CCCCCCCC)=C5F)=C1CCCCCCCC,2249a87c8fc0450476e55f070a85b71ffa6beb368356c28f1302bad8bac422cb,efa31494e430a74fc125499b59a7a23819e58ff6c66e0301963323cf9f4c7fa5,1354a1880f70906a513bb1a36892ead199b71358b54660aab253166cde490b7c,364a9c632a43753130903e59ea9979542f50fe86fdeb3b90f8366bc809b09f83,2512cbb8ddd9a786a70e504c15dde4981716001d73fcc117bdb40272ea8b6dfa,90,270,151,621
654,in-house,768,FC1=C(C(OCC(CCCC)CC)=O)SC2=CSC(C3=CC4=C(C5=C(C(C6=CC=C(CC(CC)CCCC)S6)=C4S3)C=CS5)C7=CC=C(CC(CC)CCCC)S7)=C12,O=C1C(/C(C2=CC(F)=C(F)C=C21)=C(C#N)\C#N)=C\C3=CC4=C(C5=C(S4)C6=C(C5(C7=CC=C(CCCCCC)C=C7)C8=CC=C(CCCCCC)C=C8)C9=C(S6)C%10=CC%11=C(C=C%10C9(C%12=CC=C(CCCCCC)C=C%12)C%13=CC=C(CCCCCC)C=C%13)C(S%14)=C(C%11(C%15=CC=C(CCCCCC)C=C%15)C%16=CC=C(CCCCCC)C=C%16)C%17=C%14C%18=C(C%19=C(S%18)C=C(/C=C%20/C(C(C(C%20=O)=C%21)=CC(F)=C%21F)=C(C#N)/C#N)S%19)C%17(C%22=CC=C(CCCCCC)C=C%22)C%23=CC=C(CCCCCC)C=C%23)S3,4.48,FC1=C(C(OCC(CCCC)CC)=O)SC2=CSC(C3=CC4=C(C5=C(C(C6=CC=C(CC(CC)CCCC)S6)=C4S3)C=CS5)C7=CC=C(CC(CC)CCCC)S7)=C12||O=C1C(/C(C2=CC(F)=C(F)C=C21)=C(C#N)\C#N)=C\C3=CC4=C(C5=C(S4)C6=C(C5(C7=CC=C(CCCCCC)C=C7)C8=CC=C(CCCCCC)C=C8)C9=C(S6)C%10=CC%11=C(C=C%10C9(C%12=CC=C(CCCCCC)C=C%12)C%13=CC=C(CCCCCC)C=C%13)C(S%14)=C(C%11(C%15=CC=C(CCCCCC)C=C%15)C%16=CC=C(CCCCCC)C=C%16)C%17=C%14C%18=C(C%19=C(S%18)C=C(/C=C%20/C(C(C(C%20=O)=C%21)=CC(F)=C%21F)=C(C#N)/C#N)S%19)C%17(C%22=CC=C(CCCCCC)C=C%22)C%23=CC=C(CCCCCC)C=C%23)S3,2249a87c8fc0450476e55f070a85b71ffa6beb368356c28f1302bad8bac422cb,4c202bfbc444a4a4e9517c0340dff0d718d4ec18e442197e3d81e2350b86e311,8d30084fef039907498f883049c77fe62de22010647dfceb5eec3a37ed63218b,c25ab565a3311acf859368917342f91342be2215e4f7f357d9bcaaaf114f56bc,73678bcb33f6fe4641ad30a0a0ec62eeb3dae354dbfdba6b9d7c3d750f41a3c3,651,893,525,622
655,in-house,769,c1scc(c1)CCCCCC,O=C(/C(S/1)=C/C(S2)=C(CCCCCCCC)C=C2C3=CC=C(C4=CC=C(C=C45)C6=CC(CCCCCCCC)=C(S6)/C=C7S/C(N(C\7=O)CCCCCCCC)=C(C#N)\C#N)C(C85C(C=C(C=C9)C%10=CC(CCCCCCCC)=C(S%10)/C=C%11S/C(N(C\%11=O)CCCCCCCC)=C(C#N)/C#N)=C9C(C=C%12)=C8C=C%12C%13=CC(CCCCCCCC)=C(S%13)/C=C%14S/C(N(C\%14=O)CCCCCCCC)=C(C#N)\C#N)=C3)N(CCCCCCCC)C1=C(C#N)/C#N,4.48,c1scc(c1)CCCCCC||O=C(/C(S/1)=C/C(S2)=C(CCCCCCCC)C=C2C3=CC=C(C4=CC=C(C=C45)C6=CC(CCCCCCCC)=C(S6)/C=C7S/C(N(C\7=O)CCCCCCCC)=C(C#N)\C#N)C(C85C(C=C(C=C9)C%10=CC(CCCCCCCC)=C(S%10)/C=C%11S/C(N(C\%11=O)CCCCCCCC)=C(C#N)/C#N)=C9C(C=C%12)=C8C=C%12C%13=CC(CCCCCCCC)=C(S%13)/C=C%14S/C(N(C\%14=O)CCCCCCCC)=C(C#N)\C#N)=C3)N(CCCCCCCC)C1=C(C#N)/C#N,dcfe55e25105351ae9c8ad52944bf5ab5d7d9aabff6bbd3f76ff805bf8820852,199e656560b80e41263444c7f339d0c55d94be4630ec3611d6dbb06a46553af4,424c2374f862b6a5518764e1d37d9e4f5367cb7b3bc1c424b9a8f20342ab707b,30a5ba50d1dca0d6c95e393656b41ce2e22d2c9221dbc9f78411ee25ec79bfbe,b4d235d3ca616fb28d59b3752c640d28c2fd5cfd0a13979d61b80c5ff3404c28,302,246,836,623
656,in-house,770,[Cl]C1=C(SC(CC(CC)CCCC)=C1[Cl])C(C2=C3SC(C)=C2)=C4SC(C5=CC=C(S5)C6=C(C(F)=C(C7=NN(N=C67)CC(CCCCCCCC)CCCCCC)C8=CC=C(C)S8)F)=CC4=C3C9=C([H])C([H])=C(CC(CCCC)CC)S9,c1(cc2c(cc1F)C(=O)/C(=C\c1cc3c(s1)c1c(s3)c3c(C1(c1ccc(cc1)CCCCCC)c1ccc(cc1)CCCCCC)cc1c(c3)C(c3c1sc1c3sc(c1)/C=C/1\C(=O)c3c(C1=C(C#N)C#N)cc(c(c3)F)F)(c1ccc(cc1)CCCCCC)c1ccc(cc1)CCCCCC)/C2=C(C#N)C#N)F,4.43,[Cl]C1=C(SC(CC(CC)CCCC)=C1[Cl])C(C2=C3SC(C)=C2)=C4SC(C5=CC=C(S5)C6=C(C(F)=C(C7=NN(N=C67)CC(CCCCCCCC)CCCCCC)C8=CC=C(C)S8)F)=CC4=C3C9=C([H])C([H])=C(CC(CCCC)CC)S9||c1(cc2c(cc1F)C(=O)/C(=C\c1cc3c(s1)c1c(s3)c3c(C1(c1ccc(cc1)CCCCCC)c1ccc(cc1)CCCCCC)cc1c(c3)C(c3c1sc1c3sc(c1)/C=C/1\C(=O)c3c(C1=C(C#N)C#N)cc(c(c3)F)F)(c1ccc(cc1)CCCCCC)c1ccc(cc1)CCCCCC)/C2=C(C#N)C#N)F,c322d30eb9e6e2889ae4c12c7a979d14fddd151f17d9222ae87d785b3e5d2cc8,69e17d1724b4236f68d0c6efb6ad16969f13f8980d301d0056747038b20f0c8d,b17efbe99c636e6e014149816674c6c286445cc7540c8fb8d223a6bf22af8398,5b5f16c096d9302a83da4825de7625ca71f38933f2f448ff949c6cd318068b9d,146203c34738ad0990375faad367f236b50724eb7e1aab7f559fb2fd474402a8,823,429,91,624
657,in-house,771,CC1=CC(C(OCC(CCCC)CC)=C2SC(C3=C(C(N(C4=O)CCCCCCCC)=O)C4=C(C)S3)=CC2=C5OC(CCCC)CC)=C5S1,c12cc3c(cc1C(c1c2sc2c1sc(c2)/C=C\1/C(=C(C#N)C#N)c2c(C1=O)cccc2)(c1ccc(cc1)CCCCCC)c1ccc(cc1)CCCCCC)c1c(C3(c2ccc(cc2)CCCCCC)c2ccc(cc2)CCCCCC)c2c(s1)cc(s2)/C=C\1/C(=C(C#N)C#N)c2c(C1=O)cccc2,4.43,CC1=CC(C(OCC(CCCC)CC)=C2SC(C3=C(C(N(C4=O)CCCCCCCC)=O)C4=C(C)S3)=CC2=C5OC(CCCC)CC)=C5S1||c12cc3c(cc1C(c1c2sc2c1sc(c2)/C=C\1/C(=C(C#N)C#N)c2c(C1=O)cccc2)(c1ccc(cc1)CCCCCC)c1ccc(cc1)CCCCCC)c1c(C3(c2ccc(cc2)CCCCCC)c2ccc(cc2)CCCCCC)c2c(s1)cc(s2)/C=C\1/C(=C(C#N)C#N)c2c(C1=O)cccc2,7542fc42398c7d491ae85810c88ead266e5fec6922a48c8a1d48fb722e5a800a,202f8607af2cecb83e86b2e4305f8c7e2852bc709bb805b9055691d46a9081c5,086f43bf0ab2e7ef341ef9bd6f73c5c22a071d76c7c3013357b3e7ec03afc810,5c38b7a0940c18b9c3876a521b88a0cd54b8e0c6736c716fd553cfde3e289d97,b8b1797570eeccb6c58e92fe8e343407f0d6f023ab6fec4a71cdf91fa96ea1e2,37,435,856,625
658,in-house,772,FC(C(F)=C(C1=C2C=C(C3=CC=CC(OCCCCCCCC)=C3)C(C4=CC(OCCCCCCCC)=CC=C4)=C1)C5=CC=C(S5)C6=CC7=C(C8=C(C(C9=CC=C(S9)C#C[Si](C(C)C)(C(C)C)C(C)C)=C7S6)C=C(C)S8)C%10=CC=C(S%10)C#C[Si](C(C)C)(C(C)C)C(C)C)=C2C%11=CC=C(C)S%11,c12cc3c(cc1C(c1c2sc2c1sc(c2)/C=C\1/C(=C(C#N)C#N)c2c(C1=O)cccc2)(c1ccc(cc1)CCCCCC)c1ccc(cc1)CCCCCC)c1c(C3(c2ccc(cc2)CCCCCC)c2ccc(cc2)CCCCCC)c2c(s1)cc(s2)/C=C\1/C(=C(C#N)C#N)c2c(C1=O)cccc2,4.38,FC(C(F)=C(C1=C2C=C(C3=CC=CC(OCCCCCCCC)=C3)C(C4=CC(OCCCCCCCC)=CC=C4)=C1)C5=CC=C(S5)C6=CC7=C(C8=C(C(C9=CC=C(S9)C#C[Si](C(C)C)(C(C)C)C(C)C)=C7S6)C=C(C)S8)C%10=CC=C(S%10)C#C[Si](C(C)C)(C(C)C)C(C)C)=C2C%11=CC=C(C)S%11||c12cc3c(cc1C(c1c2sc2c1sc(c2)/C=C\1/C(=C(C#N)C#N)c2c(C1=O)cccc2)(c1ccc(cc1)CCCCCC)c1ccc(cc1)CCCCCC)c1c(C3(c2ccc(cc2)CCCCCC)c2ccc(cc2)CCCCCC)c2c(s1)cc(s2)/C=C\1/C(=C(C#N)C#N)c2c(C1=O)cccc2,60ea3bb3808eb501cf15fbcfb8f199d2ed4503cc36cb636523e1c26d8535e464,202f8607af2cecb83e86b2e4305f8c7e2852bc709bb805b9055691d46a9081c5,3089d0af1826eb36e79a2270918d0300835fe3c444402c5ada015e3b58faa961,d0432eaaf4dca21c98ceb97050d6c2c33ab510b2aee2e40e7269e199852b54d4,76fa419ec4afb5c487a9a1b236c7b3b9667c69ea0088961ec97785d86cce3e74,217,958,534,626
659,in-house,773,CC1=CC(C(OCC(CCCC)CC)=C2SC(C3=C(C(N(C4=O)CCCCCCCC)=O)C4=C(C)S3)=CC2=C5OC(CCCC)CC)=C5S1,N#C/C(C#N)=C(C1=CC=CC=C1C2=O)/C2=C/C3=CC4=C(C5=C(C=C6C(C(CCCCCC)(CCCCCC)C7=C6SC(/C=C8/C(C9=CC=CC=C9C8=O)=C(C#N)/C#N)=C7)=C5)C4(CCCCCC)CCCCCC)S3,4.36,CC1=CC(C(OCC(CCCC)CC)=C2SC(C3=C(C(N(C4=O)CCCCCCCC)=O)C4=C(C)S3)=CC2=C5OC(CCCC)CC)=C5S1||N#C/C(C#N)=C(C1=CC=CC=C1C2=O)/C2=C/C3=CC4=C(C5=C(C=C6C(C(CCCCCC)(CCCCCC)C7=C6SC(/C=C8/C(C9=CC=CC=C9C8=O)=C(C#N)/C#N)=C7)=C5)C4(CCCCCC)CCCCCC)S3,7542fc42398c7d491ae85810c88ead266e5fec6922a48c8a1d48fb722e5a800a,0cc00e1ba2d95fe8288dc072edf395ee6fc3678daa4e12f6703c7be7d2c5a409,1e8ac92f11f7d613d242e04084d3221f797d5e7829b7246d6fcc91cf35235918,cce793fe6ac2c5f223cbe91ab666920804a275899489f19526f8ab59262c08ff,a3986b7dba5ce95fa893daae6a94755836843cbe95d02a398b65d366e6081764,139,943,747,627
660,in-house,774,O=C(C1=C(CCC(CCCC)CC)SC(CCC(CC)CCCC)=C1C2=O)C(C2=C(C3)C(C4)=CC=C4C5=CC6=C(C(C7=CC=C(CCC(CCCC)CC)S7)=C8C=CSC8=C6C9=CC=C(CCC(CCCC)CC)S9)S5)=C3C%10=CC=CS%10,c1ccc2c(c1)C(=C(C2=O)[CH]c1sc2c(c1)n(c1c2sc2c1C(c1c2cc2c(c1)c1c(C2(c2ccc(cc2)CCCCCC)c2ccc(cc2)CCCCCC)c2c(s1)c1c(n2CCCCCCCC)cc(s1)/C=C\1/C(=C(C#N)C#N)c2c(C1=O)cccc2)(c1ccc(cc1)CCCCCC)c1ccc(cc1)CCCCCC)CCCCCCCC)[C](C#N)C#N,4.31,O=C(C1=C(CCC(CCCC)CC)SC(CCC(CC)CCCC)=C1C2=O)C(C2=C(C3)C(C4)=CC=C4C5=CC6=C(C(C7=CC=C(CCC(CCCC)CC)S7)=C8C=CSC8=C6C9=CC=C(CCC(CCCC)CC)S9)S5)=C3C%10=CC=CS%10||c1ccc2c(c1)C(=C(C2=O)[CH]c1sc2c(c1)n(c1c2sc2c1C(c1c2cc2c(c1)c1c(C2(c2ccc(cc2)CCCCCC)c2ccc(cc2)CCCCCC)c2c(s1)c1c(n2CCCCCCCC)cc(s1)/C=C\1/C(=C(C#N)C#N)c2c(C1=O)cccc2)(c1ccc(cc1)CCCCCC)c1ccc(cc1)CCCCCC)CCCCCCCC)[C](C#N)C#N,6f31f3770fd225e382586e20513744e11a328b7cc74c758d48628417c600a02b,0f712aada6add9897e4a6ea2424218d4163f13a3bb458fce004f58f285459e02,a0037a89bbbc2ec4b3186ceabed0e9a8aef2ae1c87087cccfd32f12df47d0a5e,6fefd2acee1e27262a5d5085e027121d1d738f16e5cc858c8289d92266108ee1,b7e441c1937ba2d0e34f5b1e21b8212179cddcd1f8201457d8bf9c019b4445c0,736,547,851,628
661,in-house,775,CC(S1)=CC=C1C2=C3C(C(C4=C(SC(CC(CCCC)CC)=C4C3=O)CC(CCCC)CC)=O)=C(S2)C5=CC=C(C6=CC7=C(C(C8=CC=C(CC(CCCC)CC)S8)=C(C=C(C)S9)C9=C7C%10=CC=C(CC(CCCC)CC)S%10)S6)S5,O=C1C(/C(C2=C1C=CC=C2)=C(C#N)\C#N)=C\C3=CC(OCC(CCCC)CC)=C(C4=CC(C(C5=CC(C6=C7C=C(C8=C(C=C(/C=C(C9=O)/C(C%10=C9C=CC=C%10)=C(C#N)\C#N)S8)OCC(CCCC)CC)S6)=C(C7(C%11=CC=C(C=C%11)CCCCCC)C%12=CC=C(C=C%12)CCCCCC)C=C%135)(C%14=CC=C(C=C%14)CCCCCC)C(C=C%15)=CC=C%15CCCCCC)=C%13S4)S3,4.31,CC(S1)=CC=C1C2=C3C(C(C4=C(SC(CC(CCCC)CC)=C4C3=O)CC(CCCC)CC)=O)=C(S2)C5=CC=C(C6=CC7=C(C(C8=CC=C(CC(CCCC)CC)S8)=C(C=C(C)S9)C9=C7C%10=CC=C(CC(CCCC)CC)S%10)S6)S5||O=C1C(/C(C2=C1C=CC=C2)=C(C#N)\C#N)=C\C3=CC(OCC(CCCC)CC)=C(C4=CC(C(C5=CC(C6=C7C=C(C8=C(C=C(/C=C(C9=O)/C(C%10=C9C=CC=C%10)=C(C#N)\C#N)S8)OCC(CCCC)CC)S6)=C(C7(C%11=CC=C(C=C%11)CCCCCC)C%12=CC=C(C=C%12)CCCCCC)C=C%135)(C%14=CC=C(C=C%14)CCCCCC)C(C=C%15)=CC=C%15CCCCCC)=C%13S4)S3,e5537f8ae8f45e9b9c5ee1b749efc13847af7ee1a16cbb7b0f44cca9f10a59a5,87476fb90d0db17e58b2a62e38ecc6765e2842c257a662603688167ffd1038b6,09bc3ecaf5df0a59ebf7163e80bc767930d838b5970bbfcb131260fd54f6777d,39827393690b54da98a74aa4e72528e5cc1292f2b8b9b850bd0608e7c118c240,dcad8f94430f4d7d43dec66a090b8269e9853d9098ddb009497d62ba2e5d9262,42,283,1022,629
662,in-house,776,[H]C(C([H])=C(C1=NN(N=C21)CCC(CCCC)CCCCCC)C3=CC=C(S3)C)=C2C(S4)=CC=C4C5=CC(C(CCCC(CCCCCC)CCCC)=C6SC(C)=CC6=C7CCCC(CCCC)CCCCCC)=C7S5,c12cc3c(cc1C(c1c2sc2c1sc(c2)/C=C\1/C(=C(C#N)C#N)c2c(C1=O)cccc2)(c1ccc(cc1)CCCCCC)c1ccc(cc1)CCCCCC)c1c(C3(c2ccc(cc2)CCCCCC)c2ccc(cc2)CCCCCC)c2c(s1)cc(s2)/C=C\1/C(=C(C#N)C#N)c2c(C1=O)cccc2,4.26,[H]C(C([H])=C(C1=NN(N=C21)CCC(CCCC)CCCCCC)C3=CC=C(S3)C)=C2C(S4)=CC=C4C5=CC(C(CCCC(CCCCCC)CCCC)=C6SC(C)=CC6=C7CCCC(CCCC)CCCCCC)=C7S5||c12cc3c(cc1C(c1c2sc2c1sc(c2)/C=C\1/C(=C(C#N)C#N)c2c(C1=O)cccc2)(c1ccc(cc1)CCCCCC)c1ccc(cc1)CCCCCC)c1c(C3(c2ccc(cc2)CCCCCC)c2ccc(cc2)CCCCCC)c2c(s1)cc(s2)/C=C\1/C(=C(C#N)C#N)c2c(C1=O)cccc2,b6a11521a79b6d6901809d82753c83d1c639339c55b8f76dc4cb76ff9d81922b,202f8607af2cecb83e86b2e4305f8c7e2852bc709bb805b9055691d46a9081c5,3db8d40ee8bc9f39f64c19d470822236bb12516f1601e4af03e249bbb1b2a36f,c3351b726629024b726fc7f0364f70ed5f8290d2b7873fe7b40eeb72ea2a7b30,8f872c0aa235e77d42d077c1f36d6fa8e08678c7d159feecf0eb81576318c61c,273,896,642,630
663,in-house,777,O=C(C1=C(CCC(CCCC)CC)SC(CCC(CC)CCCC)=C1C2=O)C(C2=C(C3)C(C4)=CC=C4C5=CC6=C(C(C7=CC=C(CCC(CCCC)CC)S7)=C8C=CSC8=C6C9=CC=C(CCC(CCCC)CC)S9)S5)=C3C%10=CC=CS%10,O=C(C(C=CC(F)=C1)=C1C/2=C(C#N)/C#N)C2=C/C3=CC(N4CC(CCCC)CC)=C(S3)C5=C4C6=C(OCCCCCC)C(S7)=C(C(OCCCCCC)=C6S5)C8=C7C(S9)=C(N8CC(CC)CCCC)C=C9/C=C(C%10=O)/C(C%11=C%10C=CC(F)=C%11)=C(C#N)/C#N,4.25,O=C(C1=C(CCC(CCCC)CC)SC(CCC(CC)CCCC)=C1C2=O)C(C2=C(C3)C(C4)=CC=C4C5=CC6=C(C(C7=CC=C(CCC(CCCC)CC)S7)=C8C=CSC8=C6C9=CC=C(CCC(CCCC)CC)S9)S5)=C3C%10=CC=CS%10||O=C(C(C=CC(F)=C1)=C1C/2=C(C#N)/C#N)C2=C/C3=CC(N4CC(CCCC)CC)=C(S3)C5=C4C6=C(OCCCCCC)C(S7)=C(C(OCCCCCC)=C6S5)C8=C7C(S9)=C(N8CC(CC)CCCC)C=C9/C=C(C%10=O)/C(C%11=C%10C=CC(F)=C%11)=C(C#N)/C#N,6f31f3770fd225e382586e20513744e11a328b7cc74c758d48628417c600a02b,a692810514c1f160fe177aba70e9c3437f19d0282433f0434ecfc8b24b530838,f91db6e308eb388456b08ccbb92e27b9535be738323854eaa3a46b1fb21db941,ee4e140b1f0c05dda3c15facbf8b5c7530b6c1b3bd4dd5d1a28f4d053235706a,aef8cede826c70e4d253bf4cbdd166cbd1d5d608c54b6193ee015a3cb45521f2,1159,1105,800,631
664,in-house,779,FC(C(F)=C(C1=NN(N=C21)CCC(CCCC)CCCCCC)C3=CC=C(S3)C)=C2C(S4)=CC=C4C5=CC(C(CCCC(CCCCCC)CCCC)=C6SC(C)=CC6=C7CCCC(CCCC)CCCCCC)=C7S5,c1cc(c2c(c1C=C(C#N)C#N)nsn2)c1sc(cc1)c1cc2c(cc1)c1c([C@@]2(C[C@@H](CC)CCCC)C[C@H](CC)CCCC)cc(s1)c1c2c(c(cc1)C=C(C#N)C#N)nsn2,4.17,FC(C(F)=C(C1=NN(N=C21)CCC(CCCC)CCCCCC)C3=CC=C(S3)C)=C2C(S4)=CC=C4C5=CC(C(CCCC(CCCCCC)CCCC)=C6SC(C)=CC6=C7CCCC(CCCC)CCCCCC)=C7S5||c1cc(c2c(c1C=C(C#N)C#N)nsn2)c1sc(cc1)c1cc2c(cc1)c1c([C@@]2(C[C@@H](CC)CCCC)C[C@H](CC)CCCC)cc(s1)c1c2c(c(cc1)C=C(C#N)C#N)nsn2,45e95ea37da5bc3e18f2c067cb95f73c851335176098d8fca22fcb29952b2779,bedf5079ebc0e6d10806aa1c5a2e9a6816472a6ac3cd0bb1088e66dd908b9154,fcee86807ff665c6a7ec509f53aaf4e7280a75f00e6293e2d19faee0e8af930d,e47011f91109e98c6dde4bb80da883a44f7c86791e11800f6f2194f8f7f0f77f,b9cd0276da8d5d5995ed120bdbf996c5444101b6c949e282d96188cd5dba44fb,1179,1054,860,632
665,in-house,780,c1scc(c1)CCCCCC,CCN1C(/C(SC1=S)=C/C2=CC=C(C3=NSN=C23)C4=CC=C5C(C(C6=C5C=CC(C7=CC=C(C8=NSN=C78)/C=C9SC(N(C\9=O)CC)=S)=C6)(CCCCCCCC)CCCCCCCC)=C4)=O,4.11,c1scc(c1)CCCCCC||CCN1C(/C(SC1=S)=C/C2=CC=C(C3=NSN=C23)C4=CC=C5C(C(C6=C5C=CC(C7=CC=C(C8=NSN=C78)/C=C9SC(N(C\9=O)CC)=S)=C6)(CCCCCCCC)CCCCCCCC)=C4)=O,dcfe55e25105351ae9c8ad52944bf5ab5d7d9aabff6bbd3f76ff805bf8820852,74c50f5d8591db9b71ccd5edb0036fd694a56202baf278c69e6fbfcda30e86ad,1186989d43c41a881d06f5190519a0a4be90807982eed6c60ea8a0244009dfcb,b934206829fe1cc4e3fbcdcb659f5399b0774dae9b017aed77377ff2010fce42,30b5cb18d2eff2d9618b60473613280c508c8fbcd2de418d1747e8ccaf31bda0,76,846,220,633
666,in-house,781,CC1=CC=C(C(N(CC(CCCCCC)CCCCCCCC)C2=O)=C(C(N3CC(CCCCCCCC)CCCCCC)=O)C2=C3C4=CC=C(C5=CC(CCCCCC)=C(C6=CC=C(S6)C7=C(C=C(S7)C)CCCCCC)S5)S4)S1,c12cc3c(cc1C(c1c2sc2c1sc(c2)/C=C\1/C(=C(C#N)C#N)c2c(C1=O)cccc2)(c1ccc(cc1)CCCCCC)c1ccc(cc1)CCCCCC)c1c(C3(c2ccc(cc2)CCCCCC)c2ccc(cc2)CCCCCC)c2c(s1)cc(s2)/C=C\1/C(=C(C#N)C#N)c2c(C1=O)cccc2,4.1,CC1=CC=C(C(N(CC(CCCCCC)CCCCCCCC)C2=O)=C(C(N3CC(CCCCCCCC)CCCCCC)=O)C2=C3C4=CC=C(C5=CC(CCCCCC)=C(C6=CC=C(S6)C7=C(C=C(S7)C)CCCCCC)S5)S4)S1||c12cc3c(cc1C(c1c2sc2c1sc(c2)/C=C\1/C(=C(C#N)C#N)c2c(C1=O)cccc2)(c1ccc(cc1)CCCCCC)c1ccc(cc1)CCCCCC)c1c(C3(c2ccc(cc2)CCCCCC)c2ccc(cc2)CCCCCC)c2c(s1)cc(s2)/C=C\1/C(=C(C#N)C#N)c2c(C1=O)cccc2,ed3bdd79c421e42ed5848fa3ddce4daa759764c87b9eeeed7e8f884dd2f1c928,202f8607af2cecb83e86b2e4305f8c7e2852bc709bb805b9055691d46a9081c5,b0a704a06b840841e05aa9a84a586f19b8dfda97f6ff53d46586b78667386bb8,684ebde7eeb794d536c03059b5bdf20fbb0c6d4543291339dd0a1ffec852e007,7855ffce88ce188d713a8d9749950615d941bd60d5b42be5f544e7ce3a8f1a9d,817,502,542,634
667,in-house,782,FC(C=C(C1=C2SC=CC2=C(C3=CC(F)=C(CC(CCCC)CC)S3)C4=C1C=C(C5=CC=C(C6=C(C(C(C7=C(CC(CCCC)CC)SC(CC(CC)CCCC)=C78)=O)=C(C9=CC=CC9)S6)C8=O)S5)S4)S%10)=C%10CC(CC)CCCC,[H]C(C=C1C(C(OCCCCCCCCCCCCCCCC)=C2)=CC(OCCCCCCCCCCCCCCCC)=C2C3=CC([H])=C(S3)C=O)=C(S1)C=O,4.08,FC(C=C(C1=C2SC=CC2=C(C3=CC(F)=C(CC(CCCC)CC)S3)C4=C1C=C(C5=CC=C(C6=C(C(C(C7=C(CC(CCCC)CC)SC(CC(CC)CCCC)=C78)=O)=C(C9=CC=CC9)S6)C8=O)S5)S4)S%10)=C%10CC(CC)CCCC||[H]C(C=C1C(C(OCCCCCCCCCCCCCCCC)=C2)=CC(OCCCCCCCCCCCCCCCC)=C2C3=CC([H])=C(S3)C=O)=C(S1)C=O,61eee9608e36bdb1d3a96a3ad1baa39916f3a546e29d11481966a5a2d3d30f3c,3668cefdf05ec5ca375c41265f57a9af97f0e8fe62c8f4dedc59fee8dbcaf401,dfc2fccd693556c8a1d61a2370019d17a5e4f8651ee57b0cce61f4f026d613ab,051e5de708c45ad87b09698d524db6e14cc87b169413b4ddd1fca38fae9d2af2,65235fda106953b18fab4e9ff2d91d2eeceb6435d599557b44c242e9a22fced7,1057,28,458,635
668,in-house,783,CCCCCCC1=CC=C(C2=C3C(CC(C)=C3)=C(C4=C2SC(C5=CC=C(S5CCCCCCCC)C)=C4)C6=CC=C(CC(CC)CCCC)S6)S1,c12cc3c(cc1C(c1c2sc2c1sc(c2)/C=C\1/C(=C(C#N)C#N)c2c(C1=O)cccc2)(c1ccc(cc1)CCCCCC)c1ccc(cc1)CCCCCC)c1c(C3(c2ccc(cc2)CCCCCC)c2ccc(cc2)CCCCCC)c2c(s1)cc(s2)/C=C\1/C(=C(C#N)C#N)c2c(C1=O)cccc2,4.04,CCCCCCC1=CC=C(C2=C3C(CC(C)=C3)=C(C4=C2SC(C5=CC=C(S5CCCCCCCC)C)=C4)C6=CC=C(CC(CC)CCCC)S6)S1||c12cc3c(cc1C(c1c2sc2c1sc(c2)/C=C\1/C(=C(C#N)C#N)c2c(C1=O)cccc2)(c1ccc(cc1)CCCCCC)c1ccc(cc1)CCCCCC)c1c(C3(c2ccc(cc2)CCCCCC)c2ccc(cc2)CCCCCC)c2c(s1)cc(s2)/C=C\1/C(=C(C#N)C#N)c2c(C1=O)cccc2,9211f7cbdbddde1b62c17a0c22459e5a6c54685257381319aee30be5b4c56c6e,202f8607af2cecb83e86b2e4305f8c7e2852bc709bb805b9055691d46a9081c5,c458b515d5e0aa164015b500dfa88f6b9f91c9bbce430daf6017796c1bda3dd2,f0736b56f920329241632ac9e7eb880d1a0247c5031cf6f3bf03052b103046dc,eaae3c41fc154434ce3b845cf1c03907640828df7ffa7283392982ed10cd39f9,942,1119,1096,636
669,in-house,784,c1scc(c1)CCCCCC,S1/C(=C\c2c3c(c(cc2)c2sc4c(c2)C(c2c4cc4c(c2)c2c(C4(c4ccc(cc4)CCCCCC)c4ccc(cc4)CCCCCC)cc(s2)c2ccc(c4c2nc(c(n4)c2ccccc2)c2ccccc2)/C=C/2\C(=O)N(C(=S)S2)CC)(c2ccc(cc2)CCCCCC)c2ccc(cc2)CCCCCC)nc(c(n3)c2ccccc2)c2ccccc2)/C(=O)N(C1=S)CC,4.03,c1scc(c1)CCCCCC||S1/C(=C\c2c3c(c(cc2)c2sc4c(c2)C(c2c4cc4c(c2)c2c(C4(c4ccc(cc4)CCCCCC)c4ccc(cc4)CCCCCC)cc(s2)c2ccc(c4c2nc(c(n4)c2ccccc2)c2ccccc2)/C=C/2\C(=O)N(C(=S)S2)CC)(c2ccc(cc2)CCCCCC)c2ccc(cc2)CCCCCC)nc(c(n3)c2ccccc2)c2ccccc2)/C(=O)N(C1=S)CC,dcfe55e25105351ae9c8ad52944bf5ab5d7d9aabff6bbd3f76ff805bf8820852,27919f396e7451e6b6bfd90b17b399b8037c978837d52192f3785a96d02483de,40e4d3eb277024603c7269d4364f24ab37635404f86a0c1bfdd5bc4b4a0a6209,2dd646662ca6891d7fedaa2ff532e212e99ff63a2aeb1b0541ed8c6db026f50f,52ea26abbfc4e0a232c7ccb5acc45bde921512d55f510c036c25fcda6fca1cc2,294,221,374,637
670,in-house,785,O=C(C1=C(CCC(CCCC)CC)SC(CCC(CC)CCCC)=C1C2=O)C(C2=C(C3)C(C4)=CC=C4C5=CC6=C(C(C7=CC=C(CCC(CCCC)CC)S7)=C8C=CSC8=C6C9=CC=C(CCC(CCCC)CC)S9)S5)=C3C%10=CC=CS%10,O=C(C1=CC=CC=C1C/2=C(C#N)\C#N)C2=C/C(S3)=CC4=C3C=C(C5=CC(OC6(C7=CC=C(CCCCCC)C=C7)C8=CC=C(CCCCCC)C=C8)=C(S5)C(C=C9%10)=C6C=C9C%11=C(C=C(C%12=CC%13=C(C=C(/C=C%14C(C%15=CC=CC=C%15C\%14=C(C#N)/C#N)=O)S%13)S%12)S%11)OC%10(C%16=CC=C(C=C%16)CCCCCC)C%17=CC=C(CCCCCC)C=C%17)S4,4.02,O=C(C1=C(CCC(CCCC)CC)SC(CCC(CC)CCCC)=C1C2=O)C(C2=C(C3)C(C4)=CC=C4C5=CC6=C(C(C7=CC=C(CCC(CCCC)CC)S7)=C8C=CSC8=C6C9=CC=C(CCC(CCCC)CC)S9)S5)=C3C%10=CC=CS%10||O=C(C1=CC=CC=C1C/2=C(C#N)\C#N)C2=C/C(S3)=CC4=C3C=C(C5=CC(OC6(C7=CC=C(CCCCCC)C=C7)C8=CC=C(CCCCCC)C=C8)=C(S5)C(C=C9%10)=C6C=C9C%11=C(C=C(C%12=CC%13=C(C=C(/C=C%14C(C%15=CC=CC=C%15C\%14=C(C#N)/C#N)=O)S%13)S%12)S%11)OC%10(C%16=CC=C(C=C%16)CCCCCC)C%17=CC=C(CCCCCC)C=C%17)S4,6f31f3770fd225e382586e20513744e11a328b7cc74c758d48628417c600a02b,27f9c03b3eaa51956ee73ccbe206d37c8c10e9646ce8527b784bf8c287519ce3,da669ece5e80c1a8a2d7b2c5a83437fdaf13978a415b4cb27fe33443b9aee073,6864d1177c977374bf4b93f2caae547b180117fa07791fc56470300f46cf3a63,cbd51ee478788df932a6dd6d7ad278f58f709b5f646bafc733549d8e564c7e91,1034,503,935,638
671,in-house,786,c1scc(c1)CCCCCC,S=C(N(C/1=O)CCCCCC)SC1=C/C(S2)=CC=C2C(C=C3)=CC4=C3C(C=CC(C5=CC=C(/C=C6SC(N(C\6=O)CCCCCC)=S)S5)=C7)=C7C4(C8=C9C=CC(C%10=CC=C(/C=C%11SC(N(C\%11=O)CCCCCC)=S)S%10)=C8)C%12=C9C=CC(C%13=CC=C(S%13)/C=C%14SC(N(C\%14=O)CCCCCC)=S)=C%12,4.01,c1scc(c1)CCCCCC||S=C(N(C/1=O)CCCCCC)SC1=C/C(S2)=CC=C2C(C=C3)=CC4=C3C(C=CC(C5=CC=C(/C=C6SC(N(C\6=O)CCCCCC)=S)S5)=C7)=C7C4(C8=C9C=CC(C%10=CC=C(/C=C%11SC(N(C\%11=O)CCCCCC)=S)S%10)=C8)C%12=C9C=CC(C%13=CC=C(S%13)/C=C%14SC(N(C\%14=O)CCCCCC)=S)=C%12,dcfe55e25105351ae9c8ad52944bf5ab5d7d9aabff6bbd3f76ff805bf8820852,471bebbfcb1f78e0627e59e27766deea34338e28682d42efad008203dc84dda6,2118f6944f8aad2858dfc38a63611a17c4c2d79e751d6d0ce41142bba487b209,12c0916c69725471f7998c72bb9f3e27b5d75154920a6d940d3d107d801f1926,e59ae614b25be3e97f31fc0f9e3ea32f325bcef63d0a15592d896078533dc9d4,153,88,1066,639
672,in-house,787,O=C(C1=C(CCC(CCCC)CC)SC(CCC(CC)CCCC)=C1C2=O)C(C2=C(C3)C(C4)=CC=C4C5=CC6=C(C(C7=CC=C(CCC(CCCC)CC)S7)=C8C=CSC8=C6C9=CC=C(CCC(CCCC)CC)S9)S5)=C3C%10=CC=CS%10,O=C(C(C=C([H])C([H])=C1)=C1C/2=C(C#N)/C#N)C2=C/C3=CC4=C(S3)C5=C(N4CC(CCCCCC)CCCC)C6=C(S5)C(C(C(C7=CC=C(C=C7)CCCCCC)6C8=CC=C(C=C8)CCCCCC)=C9)=CC%10=C9C%11=C(C(C%12=CC=C(CCCCCC)C=C%12)%10C%13=CC=C(CCCCCC)C=C%13)C(N%14CC(CCCCCC)CCCC)=C(S%11)C(S%15)=C%14C=C%15/C=C(C(C%16=C%17C=C([H])C([H])=C%16)=O)/C%17=C(C#N)/C#N,3.98,O=C(C1=C(CCC(CCCC)CC)SC(CCC(CC)CCCC)=C1C2=O)C(C2=C(C3)C(C4)=CC=C4C5=CC6=C(C(C7=CC=C(CCC(CCCC)CC)S7)=C8C=CSC8=C6C9=CC=C(CCC(CCCC)CC)S9)S5)=C3C%10=CC=CS%10||O=C(C(C=C([H])C([H])=C1)=C1C/2=C(C#N)/C#N)C2=C/C3=CC4=C(S3)C5=C(N4CC(CCCCCC)CCCC)C6=C(S5)C(C(C(C7=CC=C(C=C7)CCCCCC)6C8=CC=C(C=C8)CCCCCC)=C9)=CC%10=C9C%11=C(C(C%12=CC=C(CCCCCC)C=C%12)%10C%13=CC=C(CCCCCC)C=C%13)C(N%14CC(CCCCCC)CCCC)=C(S%11)C(S%15)=C%14C=C%15/C=C(C(C%16=C%17C=C([H])C([H])=C%16)=O)/C%17=C(C#N)/C#N,6f31f3770fd225e382586e20513744e11a328b7cc74c758d48628417c600a02b,e36563b84df3b98f527d4a656819036c3160a12c570cfa1e78aaa6623383dbaa,e91495b41cb1642c6357eade1bc59e9cefa33a55433294526289254200e67fd3,3bbbdf4a5de8f077bf2f0983761dfd3800a0e1e50acb39ebdb8fa975e3064f6e,0af81d84e4bf45f5644826a55b9ae5668cedd6a928e0097fb47cd1daed48ed83,1099,289,56,640
673,in-house,789,CC1=CC=C(C(N(CC(CCCCCCCCCC)CCCCCCCCCCCC)C2=O)=C(C(N3CC(CCCCCCCCCCCC)CCCCCCCCCC)=O)C2=C3C4=CC=C(C5=CC=C(C6=CC=C(S6)C)S5)S4)S1,c12cc3c(cc1C(c1c2sc2c1sc(c2)/C=C\1/C(=C(C#N)C#N)c2c(C1=O)cccc2)(c1ccc(cc1)CCCCCC)c1ccc(cc1)CCCCCC)c1c(C3(c2ccc(cc2)CCCCCC)c2ccc(cc2)CCCCCC)c2c(s1)cc(s2)/C=C\1/C(=C(C#N)C#N)c2c(C1=O)cccc2,3.9,CC1=CC=C(C(N(CC(CCCCCCCCCC)CCCCCCCCCCCC)C2=O)=C(C(N3CC(CCCCCCCCCCCC)CCCCCCCCCC)=O)C2=C3C4=CC=C(C5=CC=C(C6=CC=C(S6)C)S5)S4)S1||c12cc3c(cc1C(c1c2sc2c1sc(c2)/C=C\1/C(=C(C#N)C#N)c2c(C1=O)cccc2)(c1ccc(cc1)CCCCCC)c1ccc(cc1)CCCCCC)c1c(C3(c2ccc(cc2)CCCCCC)c2ccc(cc2)CCCCCC)c2c(s1)cc(s2)/C=C\1/C(=C(C#N)C#N)c2c(C1=O)cccc2,bf0e0e61ed47e4e20154269d262f3e86eabb0c57769d8f383201e78c5fff76ac,202f8607af2cecb83e86b2e4305f8c7e2852bc709bb805b9055691d46a9081c5,69b2b83fb6b5cea97ef1298e70dc61cab3b871c1afd26f7f1faa57e8f9ad4e0c,8c714217657af4e94df7868667b948af2ed2dc2e0268afcba9998343250da00c,a8ee33ea373740a21952ce2e9768009105da7288ff612c7bc6ed82e2b659fc5a,478,656,778,641
674,in-house,790,FC(C=C(C1=C2SC=CC2=C(C3=CC(F)=C(CC(CCCC)CC)S3)C4=C1C=C(C5=CC=C(C6=C(C(C(C7=C(CC(CCCC)CC)SC(CC(CC)CCCC)=C78)=O)=C(C9=CC=CC9)S6)C8=O)S5)S4)S%10)=C%10CC(CC)CCCC,O=C(C1=CC=CC=C1C/2=C(C#N)\C#N)C2=C/C3=CC(CC(CCCC)CC)=C(S3)C4=CC(C5(C6=CC=C(CCCCCC)C=C6)C7=CC=C(CCCCCC)C=C7)=C(C8=CC9=C(C%10=C(C9(C%11=CC=C(CCCCCC)C=C%11)C%12=CC=C(C=C%12)CCCCCC)C=C(C%13=C(CC(CC)CCCC)C=C(/C=C%14C(C%15=CC=CC=C%15C\%14=C(C#N)\C#N)=O)S%13)S%10)C=C85)S4,3.8,FC(C=C(C1=C2SC=CC2=C(C3=CC(F)=C(CC(CCCC)CC)S3)C4=C1C=C(C5=CC=C(C6=C(C(C(C7=C(CC(CCCC)CC)SC(CC(CC)CCCC)=C78)=O)=C(C9=CC=CC9)S6)C8=O)S5)S4)S%10)=C%10CC(CC)CCCC||O=C(C1=CC=CC=C1C/2=C(C#N)\C#N)C2=C/C3=CC(CC(CCCC)CC)=C(S3)C4=CC(C5(C6=CC=C(CCCCCC)C=C6)C7=CC=C(CCCCCC)C=C7)=C(C8=CC9=C(C%10=C(C9(C%11=CC=C(CCCCCC)C=C%11)C%12=CC=C(C=C%12)CCCCCC)C=C(C%13=C(CC(CC)CCCC)C=C(/C=C%14C(C%15=CC=CC=C%15C\%14=C(C#N)\C#N)=O)S%13)S%10)C=C85)S4,61eee9608e36bdb1d3a96a3ad1baa39916f3a546e29d11481966a5a2d3d30f3c,344dccdd28ddc82b85da7719e7bd4ac1ccc795da467b0d375664dbc2a9934c67,f067da62a81bc2e5874826e66d952fdc0d9f797a96ef3599d7d86a6c6e7d077e,f3b47736d27be1ea969b315b205e8ecfff8f77a4c2c258a02dd440dac76721f4,54c6f113c702ce5ab1c0ecc12f68ab526f729b6842e64bdefd231b27ba33e9b3,1131,1135,382,642
675,in-house,791,CC(S1)=CC=C1C(N(C2=O)CC(CCCCCCCCCCCC)CCCCCCCCCC)=C3C2=C(C4=CC=C(S4)C5=CC(CCCCCC)=C(S5)C6=CC=C(C7=CC=C(C8=C(CCCCCC)C=CS8)S7)S6)N(C3=O)CC(CCCCCCCCCC)CCCCCCCCCCCC,c12cc3c(cc1C(c1c2sc2c1sc(c2)/C=C\1/C(=C(C#N)C#N)c2c(C1=O)cccc2)(c1ccc(cc1)CCCCCC)c1ccc(cc1)CCCCCC)c1c(C3(c2ccc(cc2)CCCCCC)c2ccc(cc2)CCCCCC)c2c(s1)cc(s2)/C=C\1/C(=C(C#N)C#N)c2c(C1=O)cccc2,3.8,CC(S1)=CC=C1C(N(C2=O)CC(CCCCCCCCCCCC)CCCCCCCCCC)=C3C2=C(C4=CC=C(S4)C5=CC(CCCCCC)=C(S5)C6=CC=C(C7=CC=C(C8=C(CCCCCC)C=CS8)S7)S6)N(C3=O)CC(CCCCCCCCCC)CCCCCCCCCCCC||c12cc3c(cc1C(c1c2sc2c1sc(c2)/C=C\1/C(=C(C#N)C#N)c2c(C1=O)cccc2)(c1ccc(cc1)CCCCCC)c1ccc(cc1)CCCCCC)c1c(C3(c2ccc(cc2)CCCCCC)c2ccc(cc2)CCCCCC)c2c(s1)cc(s2)/C=C\1/C(=C(C#N)C#N)c2c(C1=O)cccc2,0ba8033f397694a916acdc0770bf5d3b39dfa74657856c3fc8650839718f038d,202f8607af2cecb83e86b2e4305f8c7e2852bc709bb805b9055691d46a9081c5,59abd1fdf062f0159361eb2fe86d35c747e7af620e79f4db8cec814f55af767d,2e12a944c42b2e7dbebc28b08222bca601cf7f6b42a49ec28ea8a9dc0445b696,ac86e4d6162080e8fc73666cda808a156b0b539b12be249a692ddf53c6170ba8,407,223,793,643
676,in-house,792,CC1=CC=C(S1)C2=C3SC(C(OCC(CCCCCCCCCC)CCCCCCCC)=O)=CC3=C(C4=CC=C(S4)C5=CC6=C(C7=C(C(C8=CC=C(S8)CC(CCCC)CC)=C6S5)C=C(C)S7)C9=CC=C(S9)CC(CCCC)CC)S2,c12cc3c(cc1C(c1c2sc2c1sc(c2)/C=C\1/C(=C(C#N)C#N)c2c(C1=O)cccc2)(c1ccc(cc1)CCCCCC)c1ccc(cc1)CCCCCC)c1c(C3(c2ccc(cc2)CCCCCC)c2ccc(cc2)CCCCCC)c2c(s1)cc(s2)/C=C\1/C(=C(C#N)C#N)c2c(C1=O)cccc2,3.72,CC1=CC=C(S1)C2=C3SC(C(OCC(CCCCCCCCCC)CCCCCCCC)=O)=CC3=C(C4=CC=C(S4)C5=CC6=C(C7=C(C(C8=CC=C(S8)CC(CCCC)CC)=C6S5)C=C(C)S7)C9=CC=C(S9)CC(CCCC)CC)S2||c12cc3c(cc1C(c1c2sc2c1sc(c2)/C=C\1/C(=C(C#N)C#N)c2c(C1=O)cccc2)(c1ccc(cc1)CCCCCC)c1ccc(cc1)CCCCCC)c1c(C3(c2ccc(cc2)CCCCCC)c2ccc(cc2)CCCCCC)c2c(s1)cc(s2)/C=C\1/C(=C(C#N)C#N)c2c(C1=O)cccc2,aaa7d7c80d2f6923b71cc1c42f786c8e4c8a11b124267689e4f3a668664b4f6d,202f8607af2cecb83e86b2e4305f8c7e2852bc709bb805b9055691d46a9081c5,96812504e31f3363fef0903fe93e7a5b094847301dea8248ca4288e66e444b64,fd5d10fc9f9f54088ac517d90d1a1069d2484bd4a65bb883f7c324281143603a,41ec9b2ec11252e86dc18b5035183cd7e1eb44545e039763420754140a44a2ac,689,1179,291,644
677,in-house,794,FC1=C(C(OCC(CCCC)CC)=O)SC2=CSC(C3=CC4=C(C5=C(C(C6=CC=C(CC(CC)CCCC)S6)=C4S3)C=CS5)C7=CC=C(CC(CC)CCCC)S7)=C12,O=C(C1=C(F)C=CC=C1C/2=C(C#N)\C#N)C2=C/C3=CC(OCC(CC)CCCC)=C(C4=CC5=C(S4)C(C(C6=CC=C(C=C6)CCCCCC)(C7=C8C=C9C(C%10=C(C9(C%11=CC=C(C=C%11)CCCCCC)C%12=CC=C(C=C%12)CCCCCC)C%13=C(C=C(S%13)C%14=C(OCC(CCCC)CC)C=C(/C=C%15C(C%16=C(F)C=CC=C%16C\%15=C(C#N)\C#N)=O)S%14)S%10)=C7)C%17=CC=C(C=C%17)CCCCCC)=C8S5)S3,3.7,FC1=C(C(OCC(CCCC)CC)=O)SC2=CSC(C3=CC4=C(C5=C(C(C6=CC=C(CC(CC)CCCC)S6)=C4S3)C=CS5)C7=CC=C(CC(CC)CCCC)S7)=C12||O=C(C1=C(F)C=CC=C1C/2=C(C#N)\C#N)C2=C/C3=CC(OCC(CC)CCCC)=C(C4=CC5=C(S4)C(C(C6=CC=C(C=C6)CCCCCC)(C7=C8C=C9C(C%10=C(C9(C%11=CC=C(C=C%11)CCCCCC)C%12=CC=C(C=C%12)CCCCCC)C%13=C(C=C(S%13)C%14=C(OCC(CCCC)CC)C=C(/C=C%15C(C%16=C(F)C=CC=C%16C\%15=C(C#N)\C#N)=O)S%14)S%10)=C7)C%17=CC=C(C=C%17)CCCCCC)=C8S5)S3,2249a87c8fc0450476e55f070a85b71ffa6beb368356c28f1302bad8bac422cb,13599f86570746c863e35f87b6555666ade30e5a9ed25fddd87c3cb413bd6ddb,f1bfdf47fa7d884e357621c04da0ada8282b1b89454d9b4ef5528dd46ffa8122,3d8eae7837ba1c9cb8a2eda1c7c10b097ceff351f86949d1861e6073e901dad6,f1828fb4406d3678ceac98124a855cfa9ad1649d4267f29ab0a8cc6f15a865c1,1138,301,1127,645
678,in-house,795,CC1=CC(C(S1)=C(C2=C3SC(C4=CC=C(C5=C6C(C(N5CC(CCCCCC)CCCC)=O)=C(C7=CC=C(C)S7)N(CC(CCCC)CCCCCC)C6=O)S4)=C2)C8=CC=C(S8)CC(CCCC)CC)=C3C9=CC=C(CC(CC)CCCC)S9,c12cc3c(cc1C(c1c2sc2c1sc(c2)/C=C\1/C(=C(C#N)C#N)c2c(C1=O)cccc2)(c1ccc(cc1)CCCCCC)c1ccc(cc1)CCCCCC)c1c(C3(c2ccc(cc2)CCCCCC)c2ccc(cc2)CCCCCC)c2c(s1)cc(s2)/C=C\1/C(=C(C#N)C#N)c2c(C1=O)cccc2,3.7,CC1=CC(C(S1)=C(C2=C3SC(C4=CC=C(C5=C6C(C(N5CC(CCCCCC)CCCC)=O)=C(C7=CC=C(C)S7)N(CC(CCCC)CCCCCC)C6=O)S4)=C2)C8=CC=C(S8)CC(CCCC)CC)=C3C9=CC=C(CC(CC)CCCC)S9||c12cc3c(cc1C(c1c2sc2c1sc(c2)/C=C\1/C(=C(C#N)C#N)c2c(C1=O)cccc2)(c1ccc(cc1)CCCCCC)c1ccc(cc1)CCCCCC)c1c(C3(c2ccc(cc2)CCCCCC)c2ccc(cc2)CCCCCC)c2c(s1)cc(s2)/C=C\1/C(=C(C#N)C#N)c2c(C1=O)cccc2,260f404ef04c4d8b331f502aa616de9b4e55e13a624dc07cb015a27913b098e1,202f8607af2cecb83e86b2e4305f8c7e2852bc709bb805b9055691d46a9081c5,2f7c56cddbfacddc790f22cfab0c879f36a0b05bb8cda4f926d43245a6dc4b04,19bca508a3cb9f1aa6404043f7fdeec2a421f0e80c19d33affe5017b63b9438d,27f7dd578ccbd7e2e587216894e01e67ab0c6f1b73f95b3fe36ff4ee6a962795,209,132,172,646
679,in-house,796,FC1=C(F)C=C(N=C(OCC(CCCCCC)CCCCCCCC)C=N2)C2=C1C3=CC=CS3,FC(C=C1C2=CC(C3(CC(CCCC)CC)CC(CCCC)CC)=C(S2)C(S4)=C3C=C4/C=C(C(C5=CC([H])=C(C=C56)[H])=O)/C6=C(C#N)/C#N)=C(C=C1F)C7=CC8=C(C9=C(C8(CC(CCCC)CC)CC(CCCC)CC)C=C(/C=C%10C(C%11=CC([H])=C(C=C%11C\%10=C(C#N)\C#N)[H])=O)S9)S7,3.68,FC1=C(F)C=C(N=C(OCC(CCCCCC)CCCCCCCC)C=N2)C2=C1C3=CC=CS3||FC(C=C1C2=CC(C3(CC(CCCC)CC)CC(CCCC)CC)=C(S2)C(S4)=C3C=C4/C=C(C(C5=CC([H])=C(C=C56)[H])=O)/C6=C(C#N)/C#N)=C(C=C1F)C7=CC8=C(C9=C(C8(CC(CCCC)CC)CC(CCCC)CC)C=C(/C=C%10C(C%11=CC([H])=C(C=C%11C\%10=C(C#N)\C#N)[H])=O)S9)S7,6d0ebf843ec88894476605165efae2bf8fd910afe87a5868bc4b56e85a61a93d,4487d83c68fc5795ef17f1e4dca84a002509182c1d6648ae33d44cbb6f1ce7c6,4a8be13a1847148472e8bfefc45f654a0c510f524f8692a4af50e19c8ad08b01,b71e6ea621cb9fd027bbc895b490b71426574294c7ca85a9f1cd9b5ec5559970,33d28aa206dcbdb5ec56d07205a317b0f27cac5758e50e90d321eab8b0a1910f,345,830,233,647
680,in-house,798,CC(SC(C1=C(F)C(F)=C(C2=CC(C(OC3=CC=C(CCCCCC)C=C3)=O)=C(C4=CC=C(C5=CC=C(C)S5)S4)S2)C6=NSN=C16)=C7)=C7C(OC8=CC=C(CCCCCC)C=C8)=O,c1(cc2c(cc1F)C(=C(C#N)C#N)/C(=C\c1sc3c(c1)sc1c3C(c3c1cc1c(c3)c3c(C1(c1ccc(cc1)CCCCCC)c1ccc(cc1)CCCCCC)c1c(s3)cc(s1)/C=C/1\C(=C(C#N)C#N)c3c(C1=O)cc(c(c3)F)F)(c1ccc(cc1)CCCCCC)c1ccc(cc1)CCCCCC)/C2=O)F,3.61,CC(SC(C1=C(F)C(F)=C(C2=CC(C(OC3=CC=C(CCCCCC)C=C3)=O)=C(C4=CC=C(C5=CC=C(C)S5)S4)S2)C6=NSN=C16)=C7)=C7C(OC8=CC=C(CCCCCC)C=C8)=O||c1(cc2c(cc1F)C(=C(C#N)C#N)/C(=C\c1sc3c(c1)sc1c3C(c3c1cc1c(c3)c3c(C1(c1ccc(cc1)CCCCCC)c1ccc(cc1)CCCCCC)c1c(s3)cc(s1)/C=C/1\C(=C(C#N)C#N)c3c(C1=O)cc(c(c3)F)F)(c1ccc(cc1)CCCCCC)c1ccc(cc1)CCCCCC)/C2=O)F,da7bcd5b457622214cc76b17f6b94aed25002e8b9942dcc2a17161e4959dd55f,69e17d1724b4236f68d0c6efb6ad16969f13f8980d301d0056747038b20f0c8d,6b68c701bc27e5bfd72b946e677589b9a5878311569a5f70951706af62ab721c,5383d30941d31b7af26a36e1c59a9ee57adf33ae8d7c4dcb6e1415d4fa950718,f78d3221f014b2929cdfae935a07ea33f46b0a4529ce5a804d798d29f8f3f8af,488,399,1160,648
681,in-house,799,c1scc(c1)CCCCCC,O=C(C(C=CC=C1)=C1C/2=C(C#N)\C#N)C2=C/C3=CC4=C(S3)C5=C(C=C6C(SC7=C8CC9C7C(C%10=CC=C(C=C%10)CCCCCC)(C(C=C%11C%12=C%13C=C(S%12)/C=C%14C(C(C=CC=C%15)=C%15C\%14=C(C#N)\C#N)=O)=C9C=C%11C%13(C%16=CC=C(C=C%16)CCCCCC)C%17=CC=C(C=C%17)CCCCCC)C%18=CC=C(C=C%18)CCCCCC)=C8C(C%19=CC=C(C=C%19)CCCCCC)(C%20=CC=C(C=C%20)CCCCCC)C6=C5)C(C%21=CC=C(C=C%21)CCCCCC)4C%22=CC=C(CCCCCC)C=C%22,3.58,c1scc(c1)CCCCCC||O=C(C(C=CC=C1)=C1C/2=C(C#N)\C#N)C2=C/C3=CC4=C(S3)C5=C(C=C6C(SC7=C8CC9C7C(C%10=CC=C(C=C%10)CCCCCC)(C(C=C%11C%12=C%13C=C(S%12)/C=C%14C(C(C=CC=C%15)=C%15C\%14=C(C#N)\C#N)=O)=C9C=C%11C%13(C%16=CC=C(C=C%16)CCCCCC)C%17=CC=C(C=C%17)CCCCCC)C%18=CC=C(C=C%18)CCCCCC)=C8C(C%19=CC=C(C=C%19)CCCCCC)(C%20=CC=C(C=C%20)CCCCCC)C6=C5)C(C%21=CC=C(C=C%21)CCCCCC)4C%22=CC=C(CCCCCC)C=C%22,dcfe55e25105351ae9c8ad52944bf5ab5d7d9aabff6bbd3f76ff805bf8820852,03ebd486441b6be95d4efb0e631a8c27448bef881982bd6f7af6da4bab1eb5ce,b576ae9b1a78c2411e74e41386d97b64837e8578886db8fd158b6fe8d15a09b8,eb6f87a0847f636b5aca6a2f62c66c373ca03c202434409ed64e903def23ca28,d5acbb26feed013fbe8a9e72ffb6948c18c46a14d8398b9e8624e2f6a9d0615a,854,1088,984,649
682,in-house,800,CC(S1)=CC=C1C2C3=NN(CC(CCCC)CCCCCC)N=C3C(C4=CC=C(S4)C5=CC6=C(C7=C(C(CCC(CCCC)CCCCCC)=C6S5)C=C(C)S7)CCC(CCCC)CCCCCC)=C(C2OCCOC)OCCOC,O=C(C1=CC=CC=C1C/2=C(C#N)/C#N)C2=C/C3=CC(SC4C5C(C)=C(C(C6=CC=C(C=C6)CCCCCC)(C7=CC=C(C=C7)CCCCCC)C8=CSC9=C8SC(/C=C%10C(C(C=CC=C%11)=C%11C\%10=C(C#N)/C#N)=C)=C9)C=C(C)C5C(C%12=CC=C(C=C%12)CCCCCC)(C%13=CC=C(C=C%13)CCCCCC)C%144)=C%14S3,3.57,CC(S1)=CC=C1C2C3=NN(CC(CCCC)CCCCCC)N=C3C(C4=CC=C(S4)C5=CC6=C(C7=C(C(CCC(CCCC)CCCCCC)=C6S5)C=C(C)S7)CCC(CCCC)CCCCCC)=C(C2OCCOC)OCCOC||O=C(C1=CC=CC=C1C/2=C(C#N)/C#N)C2=C/C3=CC(SC4C5C(C)=C(C(C6=CC=C(C=C6)CCCCCC)(C7=CC=C(C=C7)CCCCCC)C8=CSC9=C8SC(/C=C%10C(C(C=CC=C%11)=C%11C\%10=C(C#N)/C#N)=C)=C9)C=C(C)C5C(C%12=CC=C(C=C%12)CCCCCC)(C%13=CC=C(C=C%13)CCCCCC)C%144)=C%14S3,fa726ad63a8f04324f339097ed875c2b530f3e3bfa43ce3ece5248ed373b630c,83d12c8a518aebb2c9e097cdd9cd4e855fadbb8bad16c860293e67b74eecaf00,df3c8be9d88b39c6f21e3b51a9d9bef225202c9836a845c5f74ac68081ac62e4,2ce23629c8ffb07cb21d5c69a52d55555d7cf9d2da38a4fd0237d76cb85602ac,68efb8b420d3d7477a3e780524ccf7c097a3c2ba6a95ac31f5e312dafd2d6783,1056,214,475,650
683,in-house,801,c1scc(c1)CCCCCC,S=C(N(C/1=O)CC)SC1=C\C(S2)=CN=C2C3=CC(C4(CCCCCC)CCCCCC)=C(C(C=C5C6(CCCCCC)CCCCCC)=C4C=C5C7=C6C=C(C8=NC=C(S8)/C=C9SC(N(C/9=O)CC)=S)S7)S3,3.53,c1scc(c1)CCCCCC||S=C(N(C/1=O)CC)SC1=C\C(S2)=CN=C2C3=CC(C4(CCCCCC)CCCCCC)=C(C(C=C5C6(CCCCCC)CCCCCC)=C4C=C5C7=C6C=C(C8=NC=C(S8)/C=C9SC(N(C/9=O)CC)=S)S7)S3,dcfe55e25105351ae9c8ad52944bf5ab5d7d9aabff6bbd3f76ff805bf8820852,3080425c3769c1d174295c64438b25d0977bcca50adba6bb3520f8369b5bb740,9ac2f29a1024d5236bfe749bc0fdafdaca12769a1abc0797c3da7f91a09d63fb,cbaa36fc33087037f248f08751d2a4e1aacfb63324a4af179541dd100edba420,fbe625ff182a8bd7b63472f0cf7a0fd81a9cbb9f04df1e5a6da5ec3233b79901,705,938,1174,651
684,in-house,802,FC1=C(C(OCC(CCCC)CC)=O)SC2=CSC(C3=CC4=C(C5=C(C(C6=CC=C(CC(CC)CCCC)S6)=C4S3)C=CS5)C7=CC=C(CC(CC)CCCC)S7)=C12,n1(c(=C(C#N)C#N)s/c(=C\c2c3c(c(cc2)c2ccc4c(c2)C(c2c4ccc(c2)c2c4c(c(cc2)/C=c/2\sc(=C(C#N)C#N)n(c2=O)CC)nsn4)(CCCCCCCC)CCCCCCCC)nsn3)/c1=O)CC,3.3,FC1=C(C(OCC(CCCC)CC)=O)SC2=CSC(C3=CC4=C(C5=C(C(C6=CC=C(CC(CC)CCCC)S6)=C4S3)C=CS5)C7=CC=C(CC(CC)CCCC)S7)=C12||n1(c(=C(C#N)C#N)s/c(=C\c2c3c(c(cc2)c2ccc4c(c2)C(c2c4ccc(c2)c2c4c(c(cc2)/C=c/2\sc(=C(C#N)C#N)n(c2=O)CC)nsn4)(CCCCCCCC)CCCCCCCC)nsn3)/c1=O)CC,2249a87c8fc0450476e55f070a85b71ffa6beb368356c28f1302bad8bac422cb,78f477c537e6b0b2dc88cd3c45e98b5e828744c98b38fddd8576bae921afdc55,67cd12e4c82f520d3b9a275603494e161116e73b64f3bf925945f115af1afeea,7ef48c09e7f3d1974746b60a53f3f45c66aba323eeb623b443add55a1485397a,2f7f948a09754ea61ad822da3e154a87ca8fd487f0050cc74948e81a8a5e172f,470,604,216,652
685,in-house,803,c1scc(c1)CCCCCC,S=C(S/C1=C/C2=CC=C(C3=CC4=C(C5=C(C46C7=C(C8=C6C=CC=C8)C=CC=C7)C=C(C9=CC=C(/C=C%10SC(N(CC)C/%10=O)=S)C%11=NN(CCCCCCCC)N=C9%11)C=C5)C=C3)C%12=NN(CCCCCCCC)N=C2%12)N(CC)C1=O,3.28,c1scc(c1)CCCCCC||S=C(S/C1=C/C2=CC=C(C3=CC4=C(C5=C(C46C7=C(C8=C6C=CC=C8)C=CC=C7)C=C(C9=CC=C(/C=C%10SC(N(CC)C/%10=O)=S)C%11=NN(CCCCCCCC)N=C9%11)C=C5)C=C3)C%12=NN(CCCCCCCC)N=C2%12)N(CC)C1=O,dcfe55e25105351ae9c8ad52944bf5ab5d7d9aabff6bbd3f76ff805bf8820852,04b7586bc527e4f60d29a0516305d7eb4160059f20dd270357015ce06fa9a548,6a4031d84230312490c2c35aec787ca945c10f391c0497199f61ce06aeb41cea,91ec775e8ffece7883d21612d7d9e436ecd3ce4d7a828ff10289245ee9c98484,bb54c05ab35d3c6799a4710e3d4d6bb3fc3ae7aca85e34fe01d56a87872a856d,484,685,869,653
686,in-house,804,O=C(C1=C(CCC(CCCC)CC)SC(CCC(CC)CCCC)=C1C2=O)C(C2=C(C3)C(C4)=CC=C4C5=CC6=C(C(C7=CC=C(CCC(CCCC)CC)S7)=C8C=CSC8=C6C9=CC=C(CCC(CCCC)CC)S9)S5)=C3C%10=CC=CS%10,CCOC1=C2C(N(C(CC)CCCC)C3=C4C5=NSN=C5C6=C3N(C(CC)CCCC)C7=C6SC8=C7C(OCC)=C9SC(C%10=C(CCCCCCCC)C=C(/C=C%11C(C%12=CC(F)=C(F)C=C%12C\%11=C(C#N)/C#N)=O)S%10)=CC9=C8OC)=C4SC2=C(OCC)C%13=C1SC(C%14=C(CCCCCCCC)C=C(/C=C%15C(C%16=CC(F)=C(F)C=C%16C/%15=C(C#N)\C#N)=O)S%14)=C%13,3.22,O=C(C1=C(CCC(CCCC)CC)SC(CCC(CC)CCCC)=C1C2=O)C(C2=C(C3)C(C4)=CC=C4C5=CC6=C(C(C7=CC=C(CCC(CCCC)CC)S7)=C8C=CSC8=C6C9=CC=C(CCC(CCCC)CC)S9)S5)=C3C%10=CC=CS%10||CCOC1=C2C(N(C(CC)CCCC)C3=C4C5=NSN=C5C6=C3N(C(CC)CCCC)C7=C6SC8=C7C(OCC)=C9SC(C%10=C(CCCCCCCC)C=C(/C=C%11C(C%12=CC(F)=C(F)C=C%12C\%11=C(C#N)/C#N)=O)S%10)=CC9=C8OC)=C4SC2=C(OCC)C%13=C1SC(C%14=C(CCCCCCCC)C=C(/C=C%15C(C%16=CC(F)=C(F)C=C%16C/%15=C(C#N)\C#N)=O)S%14)=C%13,6f31f3770fd225e382586e20513744e11a328b7cc74c758d48628417c600a02b,021dad87ce38ed6fe3e3c4d21a15b1717ceaa0b867517bfdb526bd2fede794cd,4ebbd4c9697f99d5244be002dbb5cafc1485cc6b2203420f36ec5068be401233,186ac7ac7e3ec091fd3cfc10096a0b9d4f3f828857f39b706ac51b7dd10512c0,44c7b541743b1eb6a320702745b1fcf0fac8f1a6b05b3296ea83710700adde5c,364,123,302,654
687,in-house,805,OC1=C(C(C2=C(SC(C3=CC=C(C)S3)=C2C4=O)C5=CC=C(S5)C6=CC7=C(C8=C(C(C9=CC=C(C([H])=C9SC%10=CC=C(C=C%10)CCCCCC)[H])=C7S6)C=C(C)S8)C%11=CC=C(C([H])=C%11SC%12=CC=C(C=C%12)CCCCCC)[H])=O)C4=C(O)S1,O=C(C1=CSC=C1C/2=C(C#N)\C#N)C2=C/C3=CC(SC(C(C=C4C5(C6=CC=C(C=C6)CCCCCCCC)C7=CC=C(CCCCCCCC)C=C7)=C8C=C4C9=C5C%10=C(C=C(S%10)/C=C%11C(C%12=CSC=C%12C\%11=C(C#N)\C#N)=O)S9)=C%13C8(C%14=CC=C(C=C%14)CCCCCCCC)C%15=CC=C(CCCCCCCC)C=C%15)=C%13S3,3.09,OC1=C(C(C2=C(SC(C3=CC=C(C)S3)=C2C4=O)C5=CC=C(S5)C6=CC7=C(C8=C(C(C9=CC=C(C([H])=C9SC%10=CC=C(C=C%10)CCCCCC)[H])=C7S6)C=C(C)S8)C%11=CC=C(C([H])=C%11SC%12=CC=C(C=C%12)CCCCCC)[H])=O)C4=C(O)S1||O=C(C1=CSC=C1C/2=C(C#N)\C#N)C2=C/C3=CC(SC(C(C=C4C5(C6=CC=C(C=C6)CCCCCCCC)C7=CC=C(CCCCCCCC)C=C7)=C8C=C4C9=C5C%10=C(C=C(S%10)/C=C%11C(C%12=CSC=C%12C\%11=C(C#N)\C#N)=O)S9)=C%13C8(C%14=CC=C(C=C%14)CCCCCCCC)C%15=CC=C(CCCCCCCC)C=C%15)=C%13S3,3b0710bca44be00eb180bbe0c403c4e4abff7c0c5d6913d8eb27d021042bd5ed,a3406b5e4edefe3e2c4839b86eca3cc419dcab58dd63484cd2852f990ceb7789,4a0e1a0d25985a3347d9994d386fcac6a384bf9447bb57475a50eb7e99415d9b,c81973e6d5748c38e6478c120d51d3ed276fc5bb05b0d075f2ff82826a0a32c2,9ae2ad1c425389871c2702ca6afee95106b514269767e63bf5d9438fd31d6aaf,344,917,701,655
688,in-house,807,CC(SC(C1=C(F)C(F)=C(C2=CC(C(OC3=CC=C(CCCCCC)C=C3)=O)=C(C4=CC=C(C5=CC=C(C)S5)S4)S2)C6=NSN=C16)=C7)=C7C(OC8=CC=C(CCCCCC)C=C8)=O,c12cc3c(cc1C(c1c2sc2c1sc(c2)/C=C\1/C(=C(C#N)C#N)c2c(C1=O)cccc2)(c1ccc(cc1)CCCCCC)c1ccc(cc1)CCCCCC)c1c(C3(c2ccc(cc2)CCCCCC)c2ccc(cc2)CCCCCC)c2c(s1)cc(s2)/C=C\1/C(=C(C#N)C#N)c2c(C1=O)cccc2,2.93,CC(SC(C1=C(F)C(F)=C(C2=CC(C(OC3=CC=C(CCCCCC)C=C3)=O)=C(C4=CC=C(C5=CC=C(C)S5)S4)S2)C6=NSN=C16)=C7)=C7C(OC8=CC=C(CCCCCC)C=C8)=O||c12cc3c(cc1C(c1c2sc2c1sc(c2)/C=C\1/C(=C(C#N)C#N)c2c(C1=O)cccc2)(c1ccc(cc1)CCCCCC)c1ccc(cc1)CCCCCC)c1c(C3(c2ccc(cc2)CCCCCC)c2ccc(cc2)CCCCCC)c2c(s1)cc(s2)/C=C\1/C(=C(C#N)C#N)c2c(C1=O)cccc2,da7bcd5b457622214cc76b17f6b94aed25002e8b9942dcc2a17161e4959dd55f,202f8607af2cecb83e86b2e4305f8c7e2852bc709bb805b9055691d46a9081c5,ddc5f43b769019b01392183fb8196dda961a0ff9fb7ea7fdf172a38a05e5df2c,8f9f16b4fe53ed767f24491bbe659a2ef5b3ccafa680e009c9291ec59b599194,6db06b1e019f03e7d79ec350dabf15e7fefc6473146f2aae025330e8fa0bd531,1053,675,497,656
689,in-house,808,CC1=CC(F)=C(S1)C2=C(F)C=C(C3=C(CC(CCCCCCCC)CCCCCC)C=C(C4=CC(CC(CCCCCC)CCCCCCCC)=C(S4)C)S3)S2,O=C(C/1=C\C2=C(C3=C(S2)C(N4C5=CC=C(CCCCCC)C=C5)=C(C6=C4C7=C(C8=NSN=C68)C(SC9=C%10SC(/C=C%11C(C%12=CC(F)=C(C=C%12C\%11=C(C#N)/C#N)F)=O)=C9CCCCCCCCCCC)=C%10N7C%13=CC=C(CCCCCC)C=C%13)S3)CCCCCCCCCCC)C%14=CC(F)=C(F)C=C%14C1=C(C#N)/C#N,2.9,CC1=CC(F)=C(S1)C2=C(F)C=C(C3=C(CC(CCCCCCCC)CCCCCC)C=C(C4=CC(CC(CCCCCC)CCCCCCCC)=C(S4)C)S3)S2||O=C(C/1=C\C2=C(C3=C(S2)C(N4C5=CC=C(CCCCCC)C=C5)=C(C6=C4C7=C(C8=NSN=C68)C(SC9=C%10SC(/C=C%11C(C%12=CC(F)=C(C=C%12C\%11=C(C#N)/C#N)F)=O)=C9CCCCCCCCCCC)=C%10N7C%13=CC=C(CCCCCC)C=C%13)S3)CCCCCCCCCCC)C%14=CC(F)=C(F)C=C%14C1=C(C#N)/C#N,95ebe4a75259709fc493a63e8cd4d205a98f8d110da04b2647a245126190cf48,3bc5e962960694d5a8c90d751d3f10c939059169c6882aed8bdcfb92d36d6776,44aeda06663cda30479c7f7ad94ac747408ae9403d670ce433243b54efedb031,be378e2f35e08f907f206b28270ad659ed20de08425f84ec9d8313777bec2d1f,ac7273c8c2d34473d1574674e6665b1add3a8c5f406dc5e38deb144e8e909c69,311,876,792,657
690,in-house,809,FC1=CC(C2=CCC(C)S2)=C3C(N=C(C(C4=CC=CC(OCCCCCCCC)=C4)=N3)C5=CC=CC(OCCCCCCCC)=C5)=C1C6=CC=C(S6)C7=CC8=C(C9=C(C(C%10=CC(CCCCCCCC)=C(S%10)CCCCCCCC)=C8S7)C=C(C)S9)C%11=CC(CCCCCCCC)=C(S%11)CCCCCCCC,c12cc3c(cc1C(c1c2sc2c1sc(c2)/C=C\1/C(=C(C#N)C#N)c2c(C1=O)cccc2)(c1ccc(cc1)CCCCCC)c1ccc(cc1)CCCCCC)c1c(C3(c2ccc(cc2)CCCCCC)c2ccc(cc2)CCCCCC)c2c(s1)cc(s2)/C=C\1/C(=C(C#N)C#N)c2c(C1=O)cccc2,2.85,FC1=CC(C2=CCC(C)S2)=C3C(N=C(C(C4=CC=CC(OCCCCCCCC)=C4)=N3)C5=CC=CC(OCCCCCCCC)=C5)=C1C6=CC=C(S6)C7=CC8=C(C9=C(C(C%10=CC(CCCCCCCC)=C(S%10)CCCCCCCC)=C8S7)C=C(C)S9)C%11=CC(CCCCCCCC)=C(S%11)CCCCCCCC||c12cc3c(cc1C(c1c2sc2c1sc(c2)/C=C\1/C(=C(C#N)C#N)c2c(C1=O)cccc2)(c1ccc(cc1)CCCCCC)c1ccc(cc1)CCCCCC)c1c(C3(c2ccc(cc2)CCCCCC)c2ccc(cc2)CCCCCC)c2c(s1)cc(s2)/C=C\1/C(=C(C#N)C#N)c2c(C1=O)cccc2,c582506937fb6891c8afbb2f9020f0bb189637c5f1e88b4a3bb55e23cfa09329,202f8607af2cecb83e86b2e4305f8c7e2852bc709bb805b9055691d46a9081c5,1f2a2de7ca324123fc261161e8f6edf98d0570760c99afece43541028c2d6c50,a4d87ba81b5fe27a4a8a4c57bfa4fad702161edae6d43d0839294b936bd631a9,65a5627ba4fb1ab10839ee4c4e83080304a79f7312538a63adb043e23ff9a1e0,142,764,461,658
691,in-house,810,c1scc(c1)CCCCCC,O=C(C(C=CC=C1)=C1C/2=O)C2=C\C(S3)=CC=C3C(C=C4)=CC5=C4C(C=CC(C6=CC=C(S6)/C=C7C(C(C=CC=C8)=C8C\7=O)=O)=C9)=C9[Si](CCCCCCCC)5CCCCCCCC,2.85,c1scc(c1)CCCCCC||O=C(C(C=CC=C1)=C1C/2=O)C2=C\C(S3)=CC=C3C(C=C4)=CC5=C4C(C=CC(C6=CC=C(S6)/C=C7C(C(C=CC=C8)=C8C\7=O)=O)=C9)=C9[Si](CCCCCCCC)5CCCCCCCC,dcfe55e25105351ae9c8ad52944bf5ab5d7d9aabff6bbd3f76ff805bf8820852,1f39b047feb32e15f82959687c308543fbdc5cbe922eb9b2ea64cd9d315a650d,ea919a9d96e095dfbd3ad88f8c2214011ec86422c499606f1c12e3e069d52d1c,0436ea194aeede3f099e6702f8f872a864bf68e8c9c56ae155d82704654f3bfb,d9ca7afc5e8ab9ce024031999c89ee490ab7d9d81ef46c4ee9d2121050467deb,1105,22,1000,659
692,in-house,811,FC1=C(C)C2=NSN=C2C(C3=CC(CC(CCCCCCCCCC)CCCCCCCCCCCC)=C(C)S3)=C1,FC1=CC2=C(C(/C(C2=O)=C/C3=CC(OCC(CC)CCCC)=C(S3)C4=CC5=C(S4)C6=CC(C7(C8=CC=C(CCCCCC)C=C8)C9=CC=C(CCCCCC)C=C9)=C(C%10=C7C=C(S%10)C%11=C(OCC(CC)CCCC)C=C(S%11)/C=C(/C(C%12=C%13C=C(F)C(F)=C%12)=C(C#N)\C#N)C%13=O)C=C6C5(C%14=CC=C(CCCCCC)C=C%14)C%15=CC=C(CCCCCC)C=C%15)=C(C#N)/C#N)C=C1F,2.85,FC1=C(C)C2=NSN=C2C(C3=CC(CC(CCCCCCCCCC)CCCCCCCCCCCC)=C(C)S3)=C1||FC1=CC2=C(C(/C(C2=O)=C/C3=CC(OCC(CC)CCCC)=C(S3)C4=CC5=C(S4)C6=CC(C7(C8=CC=C(CCCCCC)C=C8)C9=CC=C(CCCCCC)C=C9)=C(C%10=C7C=C(S%10)C%11=C(OCC(CC)CCCC)C=C(S%11)/C=C(/C(C%12=C%13C=C(F)C(F)=C%12)=C(C#N)\C#N)C%13=O)C=C6C5(C%14=CC=C(CCCCCC)C=C%14)C%15=CC=C(CCCCCC)C=C%15)=C(C#N)/C#N)C=C1F,56dd0667e462fda8c7e56d643f097a987c60cf7d0d0e7f6afd9f6a163f120ff4,0a6189846e89cf828a3f20d50d9d712b7538b2d40776aced38f06bfa2a63caa3,5ae0af86a8152f0feff402989ff28252b3bb5d9dc0dde7c09f7811c93fba2623,ba59dfaf4130b4435ec053a65390caaed97d95bccbaac5b02ffb23b571fc7e7c,cc990f26b6580c814c98faecfa2f6ff91f47236eead6ae0c394dbb95b718fa6a,412,853,941,660
693,in-house,812,O=C(C1=C(CCC(CCCC)CC)SC(CCC(CC)CCCC)=C1C2=O)C(C2=C(C3)C(C4)=CC=C4C5=CC6=C(C(C7=CC=C(CCC(CCCC)CC)S7)=C8C=CSC8=C6C9=CC=C(CCC(CCCC)CC)S9)S5)=C3C%10=CC=CS%10,O=C1C2=C(C=CC=C2)C(/C1=C/C3=CC(S4)=C(S3)C5=C4C6=CC(C7(C8=CC=C(CCCCCC)C=C8)C9=CC=C(CCCCCC)C=C9)=C(C=C6C5(C%10=CC=C(CCCCCC)C=C%10)C%11=CC=C(CCCCCC)C=C%11)C%12=C7C(S%13)=C(S%12)C=C%13/C=C(/C%14=C(C%15=CC(F)=CC(F)=C%15)/C#N)C(C%16=C%14C=CC=C%16)=O)=C(C#N)/C%17=CC(F)=CC(F)=C%17,2.85,O=C(C1=C(CCC(CCCC)CC)SC(CCC(CC)CCCC)=C1C2=O)C(C2=C(C3)C(C4)=CC=C4C5=CC6=C(C(C7=CC=C(CCC(CCCC)CC)S7)=C8C=CSC8=C6C9=CC=C(CCC(CCCC)CC)S9)S5)=C3C%10=CC=CS%10||O=C1C2=C(C=CC=C2)C(/C1=C/C3=CC(S4)=C(S3)C5=C4C6=CC(C7(C8=CC=C(CCCCCC)C=C8)C9=CC=C(CCCCCC)C=C9)=C(C=C6C5(C%10=CC=C(CCCCCC)C=C%10)C%11=CC=C(CCCCCC)C=C%11)C%12=C7C(S%13)=C(S%12)C=C%13/C=C(/C%14=C(C%15=CC(F)=CC(F)=C%15)/C#N)C(C%16=C%14C=CC=C%16)=O)=C(C#N)/C%17=CC(F)=CC(F)=C%17,6f31f3770fd225e382586e20513744e11a328b7cc74c758d48628417c600a02b,3cf30fd7d996160089de636ee1696a6f9bacc6c471b120b12d883d9d77e811b4,072cd4343bef3b9c71b8449f6ed1813278ddcce8a96fcff7f985ef1f4ddb07cb,b8a3697287d3cd4d51a192de9ad9cb4f20503aee82936900f79ca9463e17e865,098e81d4963fa59326d25c5569f2cc56f6413ea7ff28d1c8ff7c872afe3bd7c4,29,838,45,661
694,in-house,813,O=C1C2=C(C3=C(N1CC(CCCCCCCCCC)CCCCCCCC)C=C(C)S3)C=C(C(N4CC(CCCCCCCCCC)CCCCCCCC)=O)C(C5=C4C=C(C6=CC=C(C7=C(C8=C(C9=CC=C(S9)C)S7)C(C%10=C(SC(CC(CC)CCCC)=C%10C8=O)CC(CCCC)CC)=O)S6)S5)=C2,c12cc3c(cc1C(c1c2sc2c1sc(c2)/C=C\1/C(=C(C#N)C#N)c2c(C1=O)cccc2)(c1ccc(cc1)CCCCCC)c1ccc(cc1)CCCCCC)c1c(C3(c2ccc(cc2)CCCCCC)c2ccc(cc2)CCCCCC)c2c(s1)cc(s2)/C=C\1/C(=C(C#N)C#N)c2c(C1=O)cccc2,2.73,O=C1C2=C(C3=C(N1CC(CCCCCCCCCC)CCCCCCCC)C=C(C)S3)C=C(C(N4CC(CCCCCCCCCC)CCCCCCCC)=O)C(C5=C4C=C(C6=CC=C(C7=C(C8=C(C9=CC=C(S9)C)S7)C(C%10=C(SC(CC(CC)CCCC)=C%10C8=O)CC(CCCC)CC)=O)S6)S5)=C2||c12cc3c(cc1C(c1c2sc2c1sc(c2)/C=C\1/C(=C(C#N)C#N)c2c(C1=O)cccc2)(c1ccc(cc1)CCCCCC)c1ccc(cc1)CCCCCC)c1c(C3(c2ccc(cc2)CCCCCC)c2ccc(cc2)CCCCCC)c2c(s1)cc(s2)/C=C\1/C(=C(C#N)C#N)c2c(C1=O)cccc2,c86bfee62051e7fac06dc3dd5246aa28f89296706a00d6f01b4c3fdb47c91f49,202f8607af2cecb83e86b2e4305f8c7e2852bc709bb805b9055691d46a9081c5,37f9bfeaa96ceda33738470c68f8afd3df4f517186b8847664d525d711a8183c,5c9791cd6daf92b3a1d63296501d8dcb49eeea44fcbeac84af8e7a34c448ea86,aaaa394b4d34f39d5dfd5c671f8a38498821d01cc95b9892a5dc3cb5cafc167c,247,437,786,662
695,in-house,814,FC1=C(C(OCC(CCCC)CC)=O)SC2=CSC(C3=CC4=C(C5=C(C(C6=CC=C(CC(CC)CCCC)S6)=C4S3)C=CS5)C7=CC=C(CC(CC)CCCC)S7)=C12,O=C(C1=CSC=C1C/2=C(C#N)\C#N)C2=C/C(O3)=CC=C3C(C=C4)=CC5=C4C(C=CC(C6=CC=C(O6)/C=C7C(C8=CSC=C8C\7=C(C#N)\C#N)=O)=C9)=C9N5C(CCCCCCCC)CCCCCCCC,2.7,FC1=C(C(OCC(CCCC)CC)=O)SC2=CSC(C3=CC4=C(C5=C(C(C6=CC=C(CC(CC)CCCC)S6)=C4S3)C=CS5)C7=CC=C(CC(CC)CCCC)S7)=C12||O=C(C1=CSC=C1C/2=C(C#N)\C#N)C2=C/C(O3)=CC=C3C(C=C4)=CC5=C4C(C=CC(C6=CC=C(O6)/C=C7C(C8=CSC=C8C\7=C(C#N)\C#N)=O)=C9)=C9N5C(CCCCCCCC)CCCCCCCC,2249a87c8fc0450476e55f070a85b71ffa6beb368356c28f1302bad8bac422cb,8e7996421688dec82fa85e6131a91692206a028317881f660793258f1db397ba,a9fe1a0d19762a07d1cb0ce44785880d19b3122cdc7dd08e7e186647bd49a604,4388bf7b13e59b1db1f730d1ccd8581840b251e3c1117bdb452fa3e6a681b1a4,b75b9814206dfe470ec23a7f72ec5a7f8e603ec37c9d856e736004bc20d459ff,784,322,848,663
696,in-house,815,c1scc(c1)CCCCCC,O=C(C(S/1)CC2=CC=C(C3=CC4=C(C(C(C4(C5=CC=C(CCCCCC)C=C5)C6=CC=C(CCCCCC)C=C6)=C7)=CC(C8(C9=CC=C(CCCCCC)C=C9)C%10=CC=C(CCCCCC)C=C%10)=C7C%11=C8C=C(S%11)C%12=CC=C(CC%13S/C(N(CC)C%13=O)=C(C#N)/C#N)C%14=NSN=C%12%14)S3)C%15=NSN=C2%15)N(CC)C1=C(C#N)/C#N,2.55,c1scc(c1)CCCCCC||O=C(C(S/1)CC2=CC=C(C3=CC4=C(C(C(C4(C5=CC=C(CCCCCC)C=C5)C6=CC=C(CCCCCC)C=C6)=C7)=CC(C8(C9=CC=C(CCCCCC)C=C9)C%10=CC=C(CCCCCC)C=C%10)=C7C%11=C8C=C(S%11)C%12=CC=C(CC%13S/C(N(CC)C%13=O)=C(C#N)/C#N)C%14=NSN=C%12%14)S3)C%15=NSN=C2%15)N(CC)C1=C(C#N)/C#N,dcfe55e25105351ae9c8ad52944bf5ab5d7d9aabff6bbd3f76ff805bf8820852,9236e018950a38a5060ce9b091a774e6990c16a6b6e1118118dafd69f2420a49,01e5cea62fbbd7bf3013e8f9bdda92f715bfba8ef9dfb7cbdc0db7bbb802ccd8,a979b279586dce600e5cb114ecfbcc35d856aae127244e3bb256135ffe4dc501,d54a7c0a7e4298daeb06fb2246a67fa1f4c923ac432dc6dbc906cbca4bce2753,7,778,979,664
697,in-house,817,O=C(C1=C(CCC(CCCC)CC)SC(CCC(CC)CCCC)=C1C2=O)C(C2=C(C3)C(C4)=CC=C4C5=CC6=C(C(C7=CC=C(CCC(CCCC)CC)S7)=C8C=CSC8=C6C9=CC=C(CCC(CCCC)CC)S9)S5)=C3C%10=CC=CS%10,CCOC1=C2C(N(C(CC)CCCC)C3=C4C5=NSN=C5C6=C3N(C(CC)CCCC)C7=C6SC8=C7C(OCC)=C9SC(/C=C%10C(N(CC)/C(S/%10)=C(C#N)/C#N)=C)=CC9=C8OCC)=C4SC2=C(OCC)C%11=C1SC(/C=C%12S/C(N(CC)C/%12=C)=C(C#N)/C#N)=C%11,2.48,O=C(C1=C(CCC(CCCC)CC)SC(CCC(CC)CCCC)=C1C2=O)C(C2=C(C3)C(C4)=CC=C4C5=CC6=C(C(C7=CC=C(CCC(CCCC)CC)S7)=C8C=CSC8=C6C9=CC=C(CCC(CCCC)CC)S9)S5)=C3C%10=CC=CS%10||CCOC1=C2C(N(C(CC)CCCC)C3=C4C5=NSN=C5C6=C3N(C(CC)CCCC)C7=C6SC8=C7C(OCC)=C9SC(/C=C%10C(N(CC)/C(S/%10)=C(C#N)/C#N)=C)=CC9=C8OCC)=C4SC2=C(OCC)C%11=C1SC(/C=C%12S/C(N(CC)C/%12=C)=C(C#N)/C#N)=C%11,6f31f3770fd225e382586e20513744e11a328b7cc74c758d48628417c600a02b,4fb2d9ec3bf135cdec32813971d3ba6aabd67242ad6b9309d793c5459e76d322,6160d8847fef3b09e6d4a44cfdefc7cce637aed8f086ccbe37ec5d1e27981ff5,2351a9f8e56d8dc6a1992276c5ca835e5f12280246aefdd011a0040668355cea,331b5e88a77448517d444c639bf4a2ed12478617c4087e75e27fa6b138bec7de,437,172,229,665
698,in-house,818,CC1=C(OCC(CCCCCC)CCCC)C(OCC(CCCC)CCCCCC)=C(C2=CC(F)=C(S2)C3=C(F)C=C(S3)C)C4=NSN=C14,c12cc3c(cc1C(c1c2sc2c1sc(c2)/C=C\1/C(=C(C#N)C#N)c2c(C1=O)cccc2)(c1ccc(cc1)CCCCCC)c1ccc(cc1)CCCCCC)c1c(C3(c2ccc(cc2)CCCCCC)c2ccc(cc2)CCCCCC)c2c(s1)cc(s2)/C=C\1/C(=C(C#N)C#N)c2c(C1=O)cccc2,2.46,CC1=C(OCC(CCCCCC)CCCC)C(OCC(CCCC)CCCCCC)=C(C2=CC(F)=C(S2)C3=C(F)C=C(S3)C)C4=NSN=C14||c12cc3c(cc1C(c1c2sc2c1sc(c2)/C=C\1/C(=C(C#N)C#N)c2c(C1=O)cccc2)(c1ccc(cc1)CCCCCC)c1ccc(cc1)CCCCCC)c1c(C3(c2ccc(cc2)CCCCCC)c2ccc(cc2)CCCCCC)c2c(s1)cc(s2)/C=C\1/C(=C(C#N)C#N)c2c(C1=O)cccc2,33e69b71f8665506112a10044dcc03111577075291ec5eea23088ebc103c5105,202f8607af2cecb83e86b2e4305f8c7e2852bc709bb805b9055691d46a9081c5,42e2f28e459ba6095f2da0d0dd77efc888ba37f5efef54f9eadc4aad8d060b27,6a3764e1e4b74d99bb185acfa473dc83b3256b13b4ef6a27c7a90e79976aea5d,932bf40d46b35711e921a486d8f1c74b8cebd094d6d0ceb114a581291fb6e56b,304,517,669,666
699,in-house,819,c1scc(c1)CCCCCC,O=C(N1CCCCCCCC)C(C(C2=CC=CS2)=C3C4=CC=C5C(C=C6)=CC=C6C=O)=C(C(C7=CC=CS7)=C3C8=C4C5=CC=C8)C1=O,2.4,c1scc(c1)CCCCCC||O=C(N1CCCCCCCC)C(C(C2=CC=CS2)=C3C4=CC=C5C(C=C6)=CC=C6C=O)=C(C(C7=CC=CS7)=C3C8=C4C5=CC=C8)C1=O,dcfe55e25105351ae9c8ad52944bf5ab5d7d9aabff6bbd3f76ff805bf8820852,42d50859a14e6ff0e120faebec5cb0ed19b727c7a6353978ab8e1dc4d0e10250,cf7ea3bcdafcc22fed10d37c702fee1e5eb9eda5d8e5f9225fa741af3bee0e9e,5e164267d4e72aa5a9619545c161702ff23eda359a95a339cd2444c7dd2870c7,db50d43ee30ea8f355c926a37332acce71ca77ffe412af291a272cbb1393e389,987,446,1013,667
700,in-house,820,CC1=CC2=C(S1)C(C3=CC=C([Si](CCC)(CCC)CCC)S3)=C4C=C(C5=CC=C(C6=C(F)C(F)=C(C7=CC=C(S7)C)C8=NN(CC(CCCCCCCC)CCCCCC)N=C68)S5)SC4=C2C9=CC=C([Si](CCC)(CCC)CCC)S9,O=C(C1=C(C=CC=C1)C/2=C(C#N)/C#N)C2=C/C3=CC4=C(S3)C5=CC6=C(C=C5C4(C7=CC=C(CCCCCC)C=C7)C8=CC=C(CCCCCC)C=C8)C9=CC(C(C%10=CC=C(CCCCCC)C=C%10)(C%11=C%12SC(/C=C%13C(C(C=CC=C%14)=C%14C\%13=C(C#N)/C#N)=O)=C%11)C%15=CC=C(CCCCCC)C=C%15)=C%12C=C9N6CCCCCCCC,2.38,CC1=CC2=C(S1)C(C3=CC=C([Si](CCC)(CCC)CCC)S3)=C4C=C(C5=CC=C(C6=C(F)C(F)=C(C7=CC=C(S7)C)C8=NN(CC(CCCCCCCC)CCCCCC)N=C68)S5)SC4=C2C9=CC=C([Si](CCC)(CCC)CCC)S9||O=C(C1=C(C=CC=C1)C/2=C(C#N)/C#N)C2=C/C3=CC4=C(S3)C5=CC6=C(C=C5C4(C7=CC=C(CCCCCC)C=C7)C8=CC=C(CCCCCC)C=C8)C9=CC(C(C%10=CC=C(CCCCCC)C=C%10)(C%11=C%12SC(/C=C%13C(C(C=CC=C%14)=C%14C\%13=C(C#N)/C#N)=O)=C%11)C%15=CC=C(CCCCCC)C=C%15)=C%12C=C9N6CCCCCCCC,eaf1916a35a7483d8caf5815ff5e1ea653d31569a8b350b0b99530cf692c3bfb,8d78500a5865e16c0602e7a8920cfca4146b0745ad21cbbdd15588826642d8c0,5cebe64452137623542abaf4c77cc6f4b8aa159dcbc1da1d09af43df470ade07,1358b47a6f55d93ab4416ef1f5db830351913ae6980cc0c754a6857e93c3a6b2,aa3a08954e3adc26aeb3580f019b4671934da681dfd29f7c44bdf85d1cabd597,417,91,785,597
701,in-house,821,CC(S1)=C(CCCCCC)C=C1C2=NC(S3)=C(S2)N=C3C4=CC(CCCCCC)=C(S4)C5=CC(C(S5)=C(C6=C7SC(C)=C6)C8=CC=C(S8)SCC(CCCCCC)CCCC)=C7C9=CC=C(S9)SCC(CCCC)CCCCCC,c1(cc2c(cc1F)C(=O)/C(=C\c1cc3c(s1)c1c(s3)c3c(C1(c1ccc(cc1)CCCCCC)c1ccc(cc1)CCCCCC)cc1c(c3)C(c3c1sc1c3sc(c1)/C=C/1\C(=O)c3c(C1=C(C#N)C#N)cc(c(c3)F)F)(c1ccc(cc1)CCCCCC)c1ccc(cc1)CCCCCC)/C2=C(C#N)C#N)F,2.34,CC(S1)=C(CCCCCC)C=C1C2=NC(S3)=C(S2)N=C3C4=CC(CCCCCC)=C(S4)C5=CC(C(S5)=C(C6=C7SC(C)=C6)C8=CC=C(S8)SCC(CCCCCC)CCCC)=C7C9=CC=C(S9)SCC(CCCC)CCCCCC||c1(cc2c(cc1F)C(=O)/C(=C\c1cc3c(s1)c1c(s3)c3c(C1(c1ccc(cc1)CCCCCC)c1ccc(cc1)CCCCCC)cc1c(c3)C(c3c1sc1c3sc(c1)/C=C/1\C(=O)c3c(C1=C(C#N)C#N)cc(c(c3)F)F)(c1ccc(cc1)CCCCCC)c1ccc(cc1)CCCCCC)/C2=C(C#N)C#N)F,e18e764c91c3ca88f2096b822a2a1ed7bb753adf0055a0cf5df399d2ba7736f9,69e17d1724b4236f68d0c6efb6ad16969f13f8980d301d0056747038b20f0c8d,9ff16ae54766634aee5e014a1f82af90486fcb81607b9da478b3c13f0838cf4e,99f860d4b708c7377991450c5ea9b8b9a0f918dba7949fa8ee884437603c82a2,3c2492f312ed2256273b47fd9189f10d45aa7a31a784170d0791cca3cf13613e,734,721,259,668
702,in-house,822,c1scc(c1)CCCCCC,O=C(C(C=CC(C)=C1)=C1C/2=C(C#N)\C#N)C2=C/C3=CC(CC4=C5C(C6=CC=C(C=C6)CCCCCC)(C7=C4C=C8C(C(C=C9)=CC=C9CCCCCC)(C%10=CC=C(C=C%10)CCCCCC)C%11=C(SC%12=C%11SC(/C=C%13C(C(C=CC(C)=C%14)=C%14C\%13=C(C#N)\C#N)=O)=C%12)C8=C7)C%15=CC=C(CCCCCC)C=C%15)=C5S3,2.3,c1scc(c1)CCCCCC||O=C(C(C=CC(C)=C1)=C1C/2=C(C#N)\C#N)C2=C/C3=CC(CC4=C5C(C6=CC=C(C=C6)CCCCCC)(C7=C4C=C8C(C(C=C9)=CC=C9CCCCCC)(C%10=CC=C(C=C%10)CCCCCC)C%11=C(SC%12=C%11SC(/C=C%13C(C(C=CC(C)=C%14)=C%14C\%13=C(C#N)\C#N)=O)=C%12)C8=C7)C%15=CC=C(CCCCCC)C=C%15)=C5S3,dcfe55e25105351ae9c8ad52944bf5ab5d7d9aabff6bbd3f76ff805bf8820852,8a33f373e57c857504aae6a9bca29c43da1729f2551bbae4fd54b51b7b88b2fd,f184f5181405e1550d78d079b27e37bb33f9970aa1ba18e6ec22a3fb4e996dae,0f4859fc3f2e68d4e275f3087f4a5429e771ffeeb8d3e54ced8a210ae4b33b9c,d7bcdbe1d19628738b125241741eaf86fefde44232052d5abbaf4aabce0a052b,1136,75,990,669
703,in-house,823,O=C(OC1=CC=C(CCCCCC)C=C1)C2=C(C)SC(C(S3)=CC(C(OC4=CC=C(CCCCCC)C=C4)=O)=C3C(S5)=CC=C5C(C6=NSN=C6C(C(S7)=CC=C7C)=C8F)=C8F)=C2,c12cc3c(cc1C(c1c2sc2c1sc(c2)/C=C\1/C(=C(C#N)C#N)c2c(C1=O)cccc2)(c1ccc(cc1)CCCCCC)c1ccc(cc1)CCCCCC)c1c(C3(c2ccc(cc2)CCCCCC)c2ccc(cc2)CCCCCC)c2c(s1)cc(s2)/C=C\1/C(=C(C#N)C#N)c2c(C1=O)cccc2,2.3,O=C(OC1=CC=C(CCCCCC)C=C1)C2=C(C)SC(C(S3)=CC(C(OC4=CC=C(CCCCCC)C=C4)=O)=C3C(S5)=CC=C5C(C6=NSN=C6C(C(S7)=CC=C7C)=C8F)=C8F)=C2||c12cc3c(cc1C(c1c2sc2c1sc(c2)/C=C\1/C(=C(C#N)C#N)c2c(C1=O)cccc2)(c1ccc(cc1)CCCCCC)c1ccc(cc1)CCCCCC)c1c(C3(c2ccc(cc2)CCCCCC)c2ccc(cc2)CCCCCC)c2c(s1)cc(s2)/C=C\1/C(=C(C#N)C#N)c2c(C1=O)cccc2,f7f976cc43cd7ea9f7ff8dbe82963eb440d875e9dae2c27ee97be953adc5fa42,202f8607af2cecb83e86b2e4305f8c7e2852bc709bb805b9055691d46a9081c5,66f58ca65946efbef7b29302893789adf2baf8f64c90d3061f3386f1ad149eca,f0eea6fe1f7e910304b24788e1e72701d9bcace466ae06497c9df904ae5415f9,78a309fe55cb7cdd62745bb91bdb20966e0e8e4871b401010c804d3c5cac3d5f,467,1121,544,670
704,in-house,824,CC(S1)=C(CCCCCCC)C=C1C2=NC(S3)=C(S2)N=C3C4=CC(CCCCCCC)=C(S4)C5=CC(C(S5)=C(C6=C7SC(C)=C6)C8=CC(Cl)=C(S8)CC(CCCC)CC)=C7C9=CC(Cl)=C(CC(CC)CCCC)S9,c1(cc2c(cc1F)C(=O)/C(=C\c1cc3c(s1)c1c(s3)c3c(C1(c1ccc(cc1)CCCCCC)c1ccc(cc1)CCCCCC)cc1c(c3)C(c3c1sc1c3sc(c1)/C=C/1\C(=O)c3c(C1=C(C#N)C#N)cc(c(c3)F)F)(c1ccc(cc1)CCCCCC)c1ccc(cc1)CCCCCC)/C2=C(C#N)C#N)F,2.15,CC(S1)=C(CCCCCCC)C=C1C2=NC(S3)=C(S2)N=C3C4=CC(CCCCCCC)=C(S4)C5=CC(C(S5)=C(C6=C7SC(C)=C6)C8=CC(Cl)=C(S8)CC(CCCC)CC)=C7C9=CC(Cl)=C(CC(CC)CCCC)S9||c1(cc2c(cc1F)C(=O)/C(=C\c1cc3c(s1)c1c(s3)c3c(C1(c1ccc(cc1)CCCCCC)c1ccc(cc1)CCCCCC)cc1c(c3)C(c3c1sc1c3sc(c1)/C=C/1\C(=O)c3c(C1=C(C#N)C#N)cc(c(c3)F)F)(c1ccc(cc1)CCCCCC)c1ccc(cc1)CCCCCC)/C2=C(C#N)C#N)F,35dd410f34ff9f1c7561f73c00ed52e5a16c0fcc3863a8890f348b925e7b2f45,69e17d1724b4236f68d0c6efb6ad16969f13f8980d301d0056747038b20f0c8d,ac5edb9ad479bd24c171740f5ce0072a686b30f37b38cac94f44a1ea72fb20ff,a2d0c41b9d26ee4d2910eba6cb5c0d379bd7d931139ea4671f31efdf9319bc33,0e5ef8f9c511b4a7b3126b9dbf4bbdc12ea226db711c91ea8a0488f461a5aea2,802,760,70,671
705,in-house,825,CCC1=CC=C(C2=C(C3)C(C=C3C)=C(C(S4)=C2C=C4C5=C6C(C(C7=C(SC(CCCCCCCC)=C7C6=O)CCCCCCCC)=O)=C(C)S5)C(S8)=CC=C8CC)S1,c12cc3c(cc1C(c1c2sc2c1sc(c2)/C=C\1/C(=C(C#N)C#N)c2c(C1=O)cccc2)(c1ccc(cc1)CCCCCC)c1ccc(cc1)CCCCCC)c1c(C3(c2ccc(cc2)CCCCCC)c2ccc(cc2)CCCCCC)c2c(s1)cc(s2)/C=C\1/C(=C(C#N)C#N)c2c(C1=O)cccc2,2.13,CCC1=CC=C(C2=C(C3)C(C=C3C)=C(C(S4)=C2C=C4C5=C6C(C(C7=C(SC(CCCCCCCC)=C7C6=O)CCCCCCCC)=O)=C(C)S5)C(S8)=CC=C8CC)S1||c12cc3c(cc1C(c1c2sc2c1sc(c2)/C=C\1/C(=C(C#N)C#N)c2c(C1=O)cccc2)(c1ccc(cc1)CCCCCC)c1ccc(cc1)CCCCCC)c1c(C3(c2ccc(cc2)CCCCCC)c2ccc(cc2)CCCCCC)c2c(s1)cc(s2)/C=C\1/C(=C(C#N)C#N)c2c(C1=O)cccc2,9691973173a50ad9b63ce038d6c67dae725764005700270b3ec9917fadbba04a,202f8607af2cecb83e86b2e4305f8c7e2852bc709bb805b9055691d46a9081c5,35bc535313612f58540e5d60b034c7246ac03f0cccfb17c42f8d4782083fdf06,1791e8b0b0ef14a294b2b8c89498feb8932ad5e9610140cf6bb1c4ff05f0c7fe,5c52246b93839068f407a2931c466213bec2833f17b85aaf86b21a09bdf34c85,236,119,417,672
706,in-house,826,CC1=CC=C(C2=CC=C(S2)C(N(CC(CCCCCCCC)CCCCCC)C3=O)=C4C(N(C(C5=CC=C(C)S5)=C43)CC(CCCCCC)CCCCCCCC)=O)S1,c12cc3c(cc1C(c1c2sc2c1sc(c2)/C=C\1/C(=C(C#N)C#N)c2c(C1=O)cccc2)(c1ccc(cc1)CCCCCC)c1ccc(cc1)CCCCCC)c1c(C3(c2ccc(cc2)CCCCCC)c2ccc(cc2)CCCCCC)c2c(s1)cc(s2)/C=C\1/C(=C(C#N)C#N)c2c(C1=O)cccc2,1.9,CC1=CC=C(C2=CC=C(S2)C(N(CC(CCCCCCCC)CCCCCC)C3=O)=C4C(N(C(C5=CC=C(C)S5)=C43)CC(CCCCCC)CCCCCCCC)=O)S1||c12cc3c(cc1C(c1c2sc2c1sc(c2)/C=C\1/C(=C(C#N)C#N)c2c(C1=O)cccc2)(c1ccc(cc1)CCCCCC)c1ccc(cc1)CCCCCC)c1c(C3(c2ccc(cc2)CCCCCC)c2ccc(cc2)CCCCCC)c2c(s1)cc(s2)/C=C\1/C(=C(C#N)C#N)c2c(C1=O)cccc2,bf0e0e61ed47e4e20154269d262f3e86eabb0c57769d8f383201e78c5fff76ac,202f8607af2cecb83e86b2e4305f8c7e2852bc709bb805b9055691d46a9081c5,69b2b83fb6b5cea97ef1298e70dc61cab3b871c1afd26f7f1faa57e8f9ad4e0c,8c714217657af4e94df7868667b948af2ed2dc2e0268afcba9998343250da00c,a8ee33ea373740a21952ce2e9768009105da7288ff612c7bc6ed82e2b659fc5a,478,656,778,641
707,in-house,827,CC(C1=NSN=C21)=C(OCC(CCCCCC)CCCC)C(OCC(CCCC)CCCCCC)=C2C3=CC4=C(S3)C=C(C)S4,c12cc3c(cc1C(c1c2sc2c1sc(c2)/C=C\1/C(=C(C#N)C#N)c2c(C1=O)cccc2)(c1ccc(cc1)CCCCCC)c1ccc(cc1)CCCCCC)c1c(C3(c2ccc(cc2)CCCCCC)c2ccc(cc2)CCCCCC)c2c(s1)cc(s2)/C=C\1/C(=C(C#N)C#N)c2c(C1=O)cccc2,1.57,CC(C1=NSN=C21)=C(OCC(CCCCCC)CCCC)C(OCC(CCCC)CCCCCC)=C2C3=CC4=C(S3)C=C(C)S4||c12cc3c(cc1C(c1c2sc2c1sc(c2)/C=C\1/C(=C(C#N)C#N)c2c(C1=O)cccc2)(c1ccc(cc1)CCCCCC)c1ccc(cc1)CCCCCC)c1c(C3(c2ccc(cc2)CCCCCC)c2ccc(cc2)CCCCCC)c2c(s1)cc(s2)/C=C\1/C(=C(C#N)C#N)c2c(C1=O)cccc2,c5665117252b66e0eb51612cee9cae2631554632bad62171f669477489b25dac,202f8607af2cecb83e86b2e4305f8c7e2852bc709bb805b9055691d46a9081c5,050f805c05a0a95249a115513a09e01de84a8ff1a4ddcdcd5e112693e1c8a363,9f01665cd309cd97e7668881975ccec11cc538940213a935edadd11b9a8d4a71,4010100198030229575ed4f5b23c5ef06eeb5c02e23b4729c97cba132a2e2c0b,23,742,279,673
708,in-house,828,O=C(C1=C(CCC(CCCC)CC)SC(CCC(CC)CCCC)=C1C2=O)C(C2=C(C3)C(C4)=CC=C4C5=CC6=C(C(C7=CC=C(CCC(CCCC)CC)S7)=C8C=CSC8=C6C9=CC=C(CCC(CCCC)CC)S9)S5)=C3C%10=CC=CS%10,O=C(C(C=C(F)C(F)=C1)=C1C/2=C(C#N)/C#N)C2=C/C3=C4C(OCCO4)=C(S3)C5=CC(C6(C7=CC=C(C=C7)CCCCCC)C8=CC=C(CCCCCC)C=C8)=C(S5)C(C=C9%10)=C6C=C9C%11=C(C(SC=C%12)=C%12S%11)C%10(C%13=CC=C(CCCCCC)C=C%13)C%14=CC=C(CCCCCC)C=C%14,1.5,O=C(C1=C(CCC(CCCC)CC)SC(CCC(CC)CCCC)=C1C2=O)C(C2=C(C3)C(C4)=CC=C4C5=CC6=C(C(C7=CC=C(CCC(CCCC)CC)S7)=C8C=CSC8=C6C9=CC=C(CCC(CCCC)CC)S9)S5)=C3C%10=CC=CS%10||O=C(C(C=C(F)C(F)=C1)=C1C/2=C(C#N)/C#N)C2=C/C3=C4C(OCCO4)=C(S3)C5=CC(C6(C7=CC=C(C=C7)CCCCCC)C8=CC=C(CCCCCC)C=C8)=C(S5)C(C=C9%10)=C6C=C9C%11=C(C(SC=C%12)=C%12S%11)C%10(C%13=CC=C(CCCCCC)C=C%13)C%14=CC=C(CCCCCC)C=C%14,6f31f3770fd225e382586e20513744e11a328b7cc74c758d48628417c600a02b,c14f352234a334fdbdca4741f5b14f987ef01a0f0b5d35fbab621d04ad628918,44ee6d37c8940cf556ceeb81a5013e035bdeea65dbef78dfb131fb31c9607dc1,47142ab1179755420e6b41771991aece33d8a9271320c22ad93295909d57712b,26f6a1bf39d743e2368c765bdc2f3b4a181db56bd81c024d313f6bad84ac1a91,312,341,165,674
709,in-house,829,c1scc(c1)CCCCCC,c12cc3c(cc1C(c1c2sc2c1sc(c2)/C=C\1/C(=C(C#N)C#N)c2c(C1=O)cccc2)(c1ccc(cc1)CCCCCC)c1ccc(cc1)CCCCCC)c1c(C3(c2ccc(cc2)CCCCCC)c2ccc(cc2)CCCCCC)c2c(s1)cc(s2)/C=C\1/C(=C(C#N)C#N)c2c(C1=O)cccc2,1.5,c1scc(c1)CCCCCC||c12cc3c(cc1C(c1c2sc2c1sc(c2)/C=C\1/C(=C(C#N)C#N)c2c(C1=O)cccc2)(c1ccc(cc1)CCCCCC)c1ccc(cc1)CCCCCC)c1c(C3(c2ccc(cc2)CCCCCC)c2ccc(cc2)CCCCCC)c2c(s1)cc(s2)/C=C\1/C(=C(C#N)C#N)c2c(C1=O)cccc2,dcfe55e25105351ae9c8ad52944bf5ab5d7d9aabff6bbd3f76ff805bf8820852,202f8607af2cecb83e86b2e4305f8c7e2852bc709bb805b9055691d46a9081c5,dd94a683d5de3dd325c3ff0f0c5ae207d6d3de92486ca47797cad7ebad4f6197,92d5147071d11729c8f514a2d2e995fed8abfaee7735cb347f7628a021150e31,a9e092066ad19f115d1ea102ee4b0a0c7ae93b58bc03782faf7cc296c335465f,1050,692,781,675
710,in-house,830,FC1=C(F)C=C(N=C(OCC(CCCCCC)CCCCCCCC)C=N2)C2=C1C3=CC=CS3,O=C(C1=CC=CC=C1C/2=C(C#N)/C#N)C2=C/C3=CC4=C(S3)C5=CC(OC6(CCCCCCCC)CCCCCCCC)=C(C7=C6C=C(/C=C8C(C9=CC=CC=C9C\8=C(C#N)/C#N)=O)S7)C=C5OC4(CCCCCCCC)CCCCCCCC,1.36,FC1=C(F)C=C(N=C(OCC(CCCCCC)CCCCCCCC)C=N2)C2=C1C3=CC=CS3||O=C(C1=CC=CC=C1C/2=C(C#N)/C#N)C2=C/C3=CC4=C(S3)C5=CC(OC6(CCCCCCCC)CCCCCCCC)=C(C7=C6C=C(/C=C8C(C9=CC=CC=C9C\8=C(C#N)/C#N)=O)S7)C=C5OC4(CCCCCCCC)CCCCCCCC,6d0ebf843ec88894476605165efae2bf8fd910afe87a5868bc4b56e85a61a93d,d975e4323dd1af2100740b7ac4f84ac48650a181482f9d704322d02f41c1ed40,bc7ea06ed9f80a1bd5a9b7d98946ecbea08e98e35c831e7b05377e3e37390126,f0fd22841c9b3977b2e0dba2272f1415a418c656b4ed0fe8c52d9847646b926f,fb726182e9a2efc265a38e3750687abaf4e506c3a8d2f1e97142eb6541c5897f,897,1122,1172,676
711,in-house,831,FC(C(F)=C(C1=N2)C3=CC=C(S3)C4=CC5=C(C6=C(C(C7=CC(Cl)=C(S7)CC(CCCC)CC)=C5S4)C=C(C)S6)C8=CC(Cl)=C(S8)CC(CCCC)CC)=C(C9=CC=C(C)S9)C1=NN2CCC(CC)CCCC,c1(cc2c(cc1F)C(=O)/C(=C\c1cc3c(s1)c1c(s3)c3c(C1(c1ccc(cc1)CCCCCC)c1ccc(cc1)CCCCCC)cc1c(c3)C(c3c1sc1c3sc(c1)/C=C/1\C(=O)c3c(C1=C(C#N)C#N)cc(c(c3)F)F)(c1ccc(cc1)CCCCCC)c1ccc(cc1)CCCCCC)/C2=C(C#N)C#N)F,1.33,FC(C(F)=C(C1=N2)C3=CC=C(S3)C4=CC5=C(C6=C(C(C7=CC(Cl)=C(S7)CC(CCCC)CC)=C5S4)C=C(C)S6)C8=CC(Cl)=C(S8)CC(CCCC)CC)=C(C9=CC=C(C)S9)C1=NN2CCC(CC)CCCC||c1(cc2c(cc1F)C(=O)/C(=C\c1cc3c(s1)c1c(s3)c3c(C1(c1ccc(cc1)CCCCCC)c1ccc(cc1)CCCCCC)cc1c(c3)C(c3c1sc1c3sc(c1)/C=C/1\C(=O)c3c(C1=C(C#N)C#N)cc(c(c3)F)F)(c1ccc(cc1)CCCCCC)c1ccc(cc1)CCCCCC)/C2=C(C#N)C#N)F,2853980a107f5fbcc49721549bff0ae304858a0f1e18482df2efc03aafa5d939,69e17d1724b4236f68d0c6efb6ad16969f13f8980d301d0056747038b20f0c8d,c1321b86f2e7f563eb17fa1cac3b2a7aaed58c26c345c3f725303196855c56fe,bfed9754e89bf3b47a70b63bb776d3621e8edb25c03d8ce6ef226bd2ecafe3e5,34b5f2fbcb91b436978cce59375ff0cce1d58b7edf584097ae6dac6113f868cc,920,883,236,677
712,in-house,833,COCCOC(C1=C(C(OCCOC)=C2S3)C=C(C)S1)=C2C=C3C(S4)=CC=C4C(C5=NN(N=C5C6C7=CC=C(S7)C)CC(CCCC)CCCCCC)=C(C6OCCOC)OCCOC,O=C(C1=CC=CC=C1C/2=C(C#N)/C#N)C2=C/C3=CC(SC4C5C(C)=C(C(C6=CC=C(C=C6)CCCCCC)(C7=CC=C(C=C7)CCCCCC)C8=CSC9=C8SC(/C=C%10C(C(C=CC=C%11)=C%11C\%10=C(C#N)/C#N)=C)=C9)C=C(C)C5C(C%12=CC=C(C=C%12)CCCCCC)(C%13=CC=C(C=C%13)CCCCCC)C%144)=C%14S3,1.23,COCCOC(C1=C(C(OCCOC)=C2S3)C=C(C)S1)=C2C=C3C(S4)=CC=C4C(C5=NN(N=C5C6C7=CC=C(S7)C)CC(CCCC)CCCCCC)=C(C6OCCOC)OCCOC||O=C(C1=CC=CC=C1C/2=C(C#N)/C#N)C2=C/C3=CC(SC4C5C(C)=C(C(C6=CC=C(C=C6)CCCCCC)(C7=CC=C(C=C7)CCCCCC)C8=CSC9=C8SC(/C=C%10C(C(C=CC=C%11)=C%11C\%10=C(C#N)/C#N)=C)=C9)C=C(C)C5C(C%12=CC=C(C=C%12)CCCCCC)(C%13=CC=C(C=C%13)CCCCCC)C%144)=C%14S3,55df02ba84836c28e27d5e5151ad4c5d691951c5ab3a5039bbc579c46aed905a,83d12c8a518aebb2c9e097cdd9cd4e855fadbb8bad16c860293e67b74eecaf00,e683883becdfdc8311bc7550395c4a4f21214947faaf11d059e495502ac14bfa,3c42fc976dd575d1abe4cf3696bc8a3545d92eb4393502a05ea0d52525f59772,db8634b2680c0699c519e1084d0471d00a4c10004310c66c51ec2be769aee374,1091,291,1014,678
713,in-house,834,CC1=C(F)C(F)=C(S1)C2=CC=C(C)C3=C2N=CC(OCC(CCCCCC)CCCCCCCC)=N3,O=C(C/1=C\C2=C(C3=C(S2)C(N4C5=CC=C(CCCCCC)C=C5)=C(C6=C4C7=C(C8=NSN=C68)C(SC9=C%10SC(/C=C%11C(C%12=CC(F)=C(C=C%12C\%11=C(C#N)/C#N)F)=O)=C9CCCCCCCCCCC)=C%10N7C%13=CC=C(CCCCCC)C=C%13)S3)CCCCCCCCCCC)C%14=CC(F)=C(F)C=C%14C1=C(C#N)/C#N,0.9,CC1=C(F)C(F)=C(S1)C2=CC=C(C)C3=C2N=CC(OCC(CCCCCC)CCCCCCCC)=N3||O=C(C/1=C\C2=C(C3=C(S2)C(N4C5=CC=C(CCCCCC)C=C5)=C(C6=C4C7=C(C8=NSN=C68)C(SC9=C%10SC(/C=C%11C(C%12=CC(F)=C(C=C%12C\%11=C(C#N)/C#N)F)=O)=C9CCCCCCCCCCC)=C%10N7C%13=CC=C(CCCCCC)C=C%13)S3)CCCCCCCCCCC)C%14=CC(F)=C(F)C=C%14C1=C(C#N)/C#N,2821f3ea321b69a3e83d18ffef8f26287210fe250a5d0b647ab9918c2b2ea8b3,3bc5e962960694d5a8c90d751d3f10c939059169c6882aed8bdcfb92d36d6776,3a5ba45bf0e95c6a035550149baa6dc0bdb99ec0cdc1e046e3cf9b9d795c1144,d6e7463ca9d1940045ae1158e10b07faa306163e6edcca7b3b437a1f484cb9f8,82c41fd5c57c05f08be5dcab6db853508e3a780ed029fbbe7a110bd0c8945bb3,258,996,594,679
714,in-house,835,c1scc(c1)CCCCCC,N#C/C(C#N)=C/C(C1=NN(N=C21)CCCCCCCC)=CC=C2C(C=C3)=CC4=C3C(C=CC(C5=CC=C(C6=NN(N=C56)CCCCCCCC)/C=C(C#N)/C#N)=C7)=C7C48C(C=CC=C9)=C9C%10=C8C=CC=C%10,0.2,c1scc(c1)CCCCCC||N#C/C(C#N)=C/C(C1=NN(N=C21)CCCCCCCC)=CC=C2C(C=C3)=CC4=C3C(C=CC(C5=CC=C(C6=NN(N=C56)CCCCCCCC)/C=C(C#N)/C#N)=C7)=C7C48C(C=CC=C9)=C9C%10=C8C=CC=C%10,dcfe55e25105351ae9c8ad52944bf5ab5d7d9aabff6bbd3f76ff805bf8820852,e60dce9cc8fcea892d714f0fa8abc78209977bafca7977100143f4ed844ff8b6,6ddcab853d25432df0d2446a2cb7b758eb8f95fbbc4346ce019592297e77f922,e9d123c39e8234b2fd67442f793ea314d62b7ce8f8771eb0804e9472bd80dfe8,846a3190c76557cf5151668d3b8442827ae51c4ef80a702310cc350b9a7cb359,497,1077,603,680
715,Gao,0,,,1.36,Gao_0000,8e2c74235925f35938df5fd53afb7dd4249fdbc0860494df9e1e5d7079af21ef,0200210bcf15d900163b083f37822f819e4cacf358747423834334ad050b737f,6dff0764c8d46d844ff19cecd54e299c7e1f57ed2557cae2f67c7367b6dba3b3,ff268e1b0dc984e06a7a0bcd3a9ca4f278b2755f4c546572956b8163293f3958,2df6bbd16f0dbd6c089686f6f243788f7916115e843a1ed2afa8626d98f74830,498,1185,202,681
716,Gao,1,,,1.24,Gao_0001,8e2c74235925f35938df5fd53afb7dd4249fdbc0860494df9e1e5d7079af21ef,79a9af327ea103eba28cd661ee4a5fbd1877d89cc8909ddb6038947c6ef598a9,f24724ae874376042bfaaf4ccdf7770e51d2c09dc26f5e646db1528ce2c9b980,162611000c73392a34641ca68831d35e4a8def580e60469aaf6cbe0ea6dca16f,b0490166a65e9ccad667bb75d9a20a68f0dd1bd41fef7d2c9d24e27707127753,1141,112,810,682
717,Gao,2,,,3.16,Gao_0002,45428086e8de51c3bb1ea293c4626e0b3d077f672497a36ee5758bf15731f519,79a9af327ea103eba28cd661ee4a5fbd1877d89cc8909ddb6038947c6ef598a9,618830620e25dbca559a2acad00ce8663c907b9a661f2c9a76d51d2994c33a14,eabc3a2e4e84da18bde75f5abcc543a618d715465bb41371dadb466e4a4a8193,1eb9d96ce8a9e2c74dcf658ee209d91635dd055675f7098b1c7173fb1f37a7ac,440,1081,131,683
718,Gao,3,,,2.1,Gao_0003,af9d145acd5ddab33d6c9b614d07abc41bd22ba261a87131a03b2ebe187ea8bf,0200210bcf15d900163b083f37822f819e4cacf358747423834334ad050b737f,ab8db180121a5c084069499f727ce871a0b87fbb9fd651379fe5f15371508a33,c2d3f08546c7c299bf4e61db1b9e5671e74810ffbb7419b7ef89f20916c1fda1,fde94584fb4768a1861a1b0212c2183e94554b333b42e437f479e5f6cd9a8f13,799,895,1185,684
719,Gao,4,,,2.7,Gao_0004,af9d145acd5ddab33d6c9b614d07abc41bd22ba261a87131a03b2ebe187ea8bf,0200210bcf15d900163b083f37822f819e4cacf358747423834334ad050b737f,ab8db180121a5c084069499f727ce871a0b87fbb9fd651379fe5f15371508a33,c2d3f08546c7c299bf4e61db1b9e5671e74810ffbb7419b7ef89f20916c1fda1,fde94584fb4768a1861a1b0212c2183e94554b333b42e437f479e5f6cd9a8f13,799,895,1185,684
720,Gao,5,,,2.9,Gao_0005,f25af6eb278da6543adfc9ca5c2ff86842370bc2bf521dc59d4edf8e12250035,0200210bcf15d900163b083f37822f819e4cacf358747423834334ad050b737f,73c41fedf3fbfbf162ce3ec9f83645352d53c4a546fc75834bc1217140ada0f0,e8ab2018525cadf3eb1490e9b7e567d758c5906e6106e1fb596b05676d7b0d2c,7058f7cf87a24cbfaf61b8c6511a593102a688cf6e884d2cb9a50bb9212ad115,523,1073,508,685
721,Gao,6,,,0.5,Gao_0006,a6cf1ab48f543788309e498021cc9a7e206cf0189e09fae3aa9eaab834e81668,0200210bcf15d900163b083f37822f819e4cacf358747423834334ad050b737f,efef5dd8256f3faa8a933ca17336d0c411da64f95c22972a83c58b5f7f56e36f,ddd60fe76fdef2dc6798027ec7285d8290586e6a260f41255cae7dba7d6df025,da5c53cf5bab6b75020db5ac2f3f9455310429bf12b6a0169817c40e975a4497,1130,1019,1006,686
722,Gao,7,,,1.55,Gao_0007,1f6211df7014f9018a4e135878abeeb19402346dc9859199b5383e816e8bd97b,662249b27f71717e6cd10bc40d9d82bd63bbfc14fed03ba60280ffb003a773e7,0bbbbb9eba2cfbedbe67b20e44c6f4f3a9b7dc5ca2d48a68a074245b0f10be15,2bdaa99a462a51b0a66d05843a94413a1357b81192d97d2df681d7f6b90c9ec5,58a9713ec5a8bf3f4a64be3aeb272583a88880c25c8f1f7e4c3934a07f549636,50,209,396,687
723,Gao,8,,,3.52,Gao_0008,1f6211df7014f9018a4e135878abeeb19402346dc9859199b5383e816e8bd97b,662249b27f71717e6cd10bc40d9d82bd63bbfc14fed03ba60280ffb003a773e7,0bbbbb9eba2cfbedbe67b20e44c6f4f3a9b7dc5ca2d48a68a074245b0f10be15,2bdaa99a462a51b0a66d05843a94413a1357b81192d97d2df681d7f6b90c9ec5,58a9713ec5a8bf3f4a64be3aeb272583a88880c25c8f1f7e4c3934a07f549636,50,209,396,687
724,Gao,9,,,1.72,Gao_0009,156a36df8b6890c00b722f209a78386e57bed3d66c72ea4eb1628f8b6aa0bdc6,662249b27f71717e6cd10bc40d9d82bd63bbfc14fed03ba60280ffb003a773e7,9591aff4aafcbd45fc16e532b3e20109815c0c3506820989c2d38a3cf51a7450,d2456367e7ba040aa0dc69278c6ed94350313e52dae2749f69efe1f8a19971a1,09df32f417a371c70266767dcdc8e07bdafae38f5c82d2a9b2b58c8d9b5d9159,682,971,49,688
725,Gao,10,,,1.48,Gao_0010,51adf7a87b24832f75ab46b189b8a1e2466f492853d757bf379af1b27b0765ff,662249b27f71717e6cd10bc40d9d82bd63bbfc14fed03ba60280ffb003a773e7,f281a8d4cf4547a47d63973e62c7bea7679fb965bd08e3fcfa07b83aa89c00cb,9cb9587607483306e109f49e29b4cf17ac84230ae613c731ffe1f24b5080e681,a19e171071cffabf3ba080c75d84dd1872f6f80810fc801f314deccd3d88fb0b,1142,729,739,689
726,Gao,11,,,2.09,Gao_0011,a2b06273ef482d6c34673ad930fb3b9b91a2c4a027ef540c74cf57624d74bb9c,c974279b3978329f1ff6eb86effe3f4876852e90b6dfe8871e8072e64e9417ab,414defe8b4c4e50c30581832c0490bbf88a1708e20f9db07422688efa735785e,cdf05379e710714135a660125bba7ffd7342168f37e250c7fb8bc9299e1f43c7,cc7124019f3b0e8febbf3c72829b707d117b6f90543805d2bbb891445e3294ad,298,948,938,690
727,Gao,12,,,9.2,Gao_0012,e72f281cc50999b0c12d6ba8ba1f41629ec64f6e5965d3c552378e1c8d49394a,79a9af327ea103eba28cd661ee4a5fbd1877d89cc8909ddb6038947c6ef598a9,e2faabfa2b7046f170c0421558b83e91184f0d7e33a7ab6afad4eb7ccaaa3818,3c605f372a9c5ab3687b664418536d261ce83b237d3e28ffdcaf6d813fc003ce,a56d979b76c94ed42315ae18c581a5374c16de6cbe583ea555f3e1d31442b424,1075,294,760,691
728,Gao,13,,,1.4,Gao_0013,15c55b41ed46414b691d6c4f9b5949cae571472a6db0368941e0e33b29aba964,79a9af327ea103eba28cd661ee4a5fbd1877d89cc8909ddb6038947c6ef598a9,4287c4dfa18c8b4454ca41625863806c644bba5b8e7be52c1248ffb9691b9729,917cec9b49c5cd9a2c07d90ca2b478e2f68b274dadd2e04b00921b8fc30da3f2,e7c63baab16065036e5750a49f9c1662d6be971f5f029938654fee175327894b,303,682,1078,692
729,Gao,14,,,2.4,Gao_0014,c2556d93b1549bc7fdb40cc0d6d512df479a2da1ce193bb799446ddb7d7c57b7,79a9af327ea103eba28cd661ee4a5fbd1877d89cc8909ddb6038947c6ef598a9,e4626df64145485423f176867f544fe11cbefa75a5a5354bf786fe4ca636df51,1d1649c1fcb03e52b25836ad14ed7c57b02aa74be7c44f320624ab837659c761,665bcd7af5683f739724983dd82c6090143627885cb5d0798b6c1769cc1b2eff,1080,143,463,693
730,Gao,15,,,2.8,Gao_0015,7e726857fc0ac32532860051ca2d2ff6bd5b6d12e168b21321afdcd30c253f2c,79a9af327ea103eba28cd661ee4a5fbd1877d89cc8909ddb6038947c6ef598a9,c42621613b0c43787bef317934fb73de07d6d00a0a11861e6a5098c6a1e4321d,fc916b9c73cd604583e87374265adaf5e74b081fbd937efa92568f2731ae2a4f,698bcec9b3e09d9caba0b0deb1e55282a40dff1c0c3d63cf0a18dba69080ce3d,939,1174,477,694
731,Gao,16,,,5.16,Gao_0016,60514640fc94b611db593716d3d4503a30a3dc396027177ce901f14080ad5272,79a9af327ea103eba28cd661ee4a5fbd1877d89cc8909ddb6038947c6ef598a9,804745ca8144cf16540b20922bc8a06587c3e308c8f49cd3bbc0f06cb748e8fd,b1235d0f2e0d6a1ebfc2cb82e6f08fbc081b0b5be241b76276573016d2875d29,a7c867df87082e2aaf7f907d0e5054fb9f2cd3bd252a6981b8a10d2db44d60eb,588,803,772,695
732,Gao,17,,,4.08,Gao_0017,9cec661afa522d145e8429f682d8e84bb6a039ec157a7b101bc7a11daa82cf4a,79a9af327ea103eba28cd661ee4a5fbd1877d89cc8909ddb6038947c6ef598a9,19ab942d7c6e9bb7facdc163397f920237c87c6b208d3ed77f8469d5a8d25806,06ac7d92538d91b49e1245bd86ea296d7f8d36253e9cd8271c552c2235e917ea,a112bd780bbd1e0c85c5d99bf6ca46dadd45ab81ec0f1cacc5a458cc7e0c0452,123,30,734,696
733,Gao,18,,,5.69,Gao_0018,168e2b1d0723b27f9cad8856f242bb040323a347ef127604c69a673f86c1ff37,79a9af327ea103eba28cd661ee4a5fbd1877d89cc8909ddb6038947c6ef598a9,3c32c3d5630d015f603cbe46f51a1aea6f3e625b8a242fd97e562b0ee4e99c3e,e63a13765ebb824cbbeadbe40dfe8dc9108e054638fc030db13180835e6d2e51,d9f49d8cdbd8d19f17e8cff6c33d0874f76c56b760b434a0239607d71c376fa0,267,1062,1001,697
734,Gao,19,,,4.34,Gao_0019,11d8e33a91921c32a77947109d8c28c62988d9583156e987f0af9dea9868c397,0200210bcf15d900163b083f37822f819e4cacf358747423834334ad050b737f,282de9897d5cbf210ef9c615b1a5891292b7ae879ea0669f9e198eb6e9b73995,92c46206b66f0a1e4f238e3c7d0882371b8c8fab81d337ce6d7a2b5f3d4abda3,5028bd533745fb0a0b76488e16dd0c2242bbb1e1fae59f1abd37d925a8e70dbe,173,691,356,698
735,Gao,20,,,2.43,Gao_0020,fc945ff50c7820fa8010c52c30a49c6d5c2e9a7446f0548435a0aeb41a4fa3c8,79a9af327ea103eba28cd661ee4a5fbd1877d89cc8909ddb6038947c6ef598a9,46eb406024e2429fa324255efa48a00318fa6ea72edccdf7fbe5e1ff3f5fd489,555a135d33064c833910280b519c1b6e8beaefb4d80afdc98bcb21c61e7cdd62,06e7235fdb0ed3758eb787796ece49543094a7f97a25d8205bf427234a0049c0,328,408,33,699
736,Gao,21,,,1.1,Gao_0021,f7dea8a85fe8a651f3b56497ff8ab540086c28ceeb51ef0a8fe0ea28f29c715c,0200210bcf15d900163b083f37822f819e4cacf358747423834334ad050b737f,b9622a8ac416c44d1862b3ca3857cf1658b0c243797524dc382ed5adbe3bfe66,30538af46050e791541af3c99e6aecfda7859d388229de509505ced6066a103f,c3a269bbd4e57619f476cf747429765be57da378231c285b4452f12aa5f264a3,876,244,899,700
737,Gao,22,,,1.94,Gao_0022,ae2fbc3797382ff6659283418c844c33027ff910db5e780da484650da8d536d1,0200210bcf15d900163b083f37822f819e4cacf358747423834334ad050b737f,6ce994fc5b278b6981d6d93d4b4181d155f7d7f9163692b8408da1959c2fb7a9,233fa35662cf23ed2cd4e8dd862d759d889ca18688bfd194253d78b5fb4b17a1,c0c1c158a74cd0f95d436c25cf4110e7ee5d2ad31b501aa9ad49a03a33a3afbe,494,170,892,701
738,Gao,23,,,3.94,Gao_0023,a3ac5136aaa7b0202de2b36c537240646b8036fbd8436757fb7574d387c53ff2,79a9af327ea103eba28cd661ee4a5fbd1877d89cc8909ddb6038947c6ef598a9,5991b378dc2c8ca15858c5ccf862511eb7e2259f9866f2bc52ad788c70d943a9,41fbae44cfaf9c16719861b058885ca1ee9780647b7af6382fb38d2f11235aba,b52a6449be1f8c22cd79fd750a423449c08a53902d5abcba2e8f774cf3ea67a8,404,317,839,702
739,Gao,24,,,7.03,Gao_0024,b45dd9993a2a522babfd0c325e13e70f7d76dc27fea3996726937a9cf8082680,79a9af327ea103eba28cd661ee4a5fbd1877d89cc8909ddb6038947c6ef598a9,25f8697a2b6ff05329ce0fb1ac9f9950c11ad0840c06fca88ed13fcddc2bc91a,d57e4ad633acea2ca60199a67ac63f794bfac7e4155b0efa9282797db0ee5c67,35922f3dd010ba3bf72652be21db8f3d1cb9d8ddaadc2e4e21dd7a02ffb913ff,169,989,240,703
740,Gao,25,,,2.76,Gao_0025,1d3d23f9a373d200240609719390e74d28b6866b74c1639f4477478aeee236ed,79a9af327ea103eba28cd661ee4a5fbd1877d89cc8909ddb6038947c6ef598a9,bf91a53d3c26c6c9f8233d001fc63e967ea39467cc8a4db85a180ef5d9939b7b,440b62d9d912f32efd2856cc9788136bc052383af1608df19ecb499611e3bede,86ceec95f1771bcadd0a97eccda9d78a9acf09207e65e0f64b26e5a19e97997e,908,325,612,704
741,Gao,26,,,3.61,Gao_0026,569cc5045237e0e2e7a067d1a46628a71d248aca2842abf513f87213e2e21a5d,79a9af327ea103eba28cd661ee4a5fbd1877d89cc8909ddb6038947c6ef598a9,f62e25d2999dca45e84cbe58d07a2f43504ffac45b3ca3ed2b3bc79c9a206050,c96cb3bef06cc8f4a03ebdd85a6200bdbb2cff928d510f727a59a32d7cba8652,d008d2f1bb5f2add0107bf563d991b6f76158ac8e878bdc837a6148aa6e64692,1151,924,950,705
742,Gao,27,,,3.15,Gao_0027,81c2da12bf8be4d31eea119f04fc3ac7a1296a0c71749815dc8b64237344621f,79a9af327ea103eba28cd661ee4a5fbd1877d89cc8909ddb6038947c6ef598a9,025c8af4cbd8b051115b6723c8f285a057656ebc43049236bd3a7b2e0f38834b,6caaa9e0470b26f8c41158b44ccdde84b154fb35fa3a54581d788daa458a36ff,d6a007e5a02d2b343ccab390487c24cc8812a2ec443f6b8ce8840ae32c9295af,10,528,985,706
743,Gao,28,,,2.56,Gao_0028,db2c9209b930517d33ee940b9257715d6f4fa6a164829ffd9876e63b23aae4c0,79a9af327ea103eba28cd661ee4a5fbd1877d89cc8909ddb6038947c6ef598a9,a8d79dfd3b4dbaa35639fd835fc6f64d1f096ca79ac7cf5b30b8806db91619a5,bb8d6877bfd55688e52f6a7ec31fa2fd3e9e33c735ff9f3246c890a363361383,d6de8d33bce3dcab8b6890ea54784d70d280fac8c60851b98d51165e0451f899,777,860,987,707
744,Gao,29,,,3.68,Gao_0029,97b5eb5d93249fc070b45dd673098a2665e7ed2fdbd9c94a4630e497ac69f6e3,79a9af327ea103eba28cd661ee4a5fbd1877d89cc8909ddb6038947c6ef598a9,74ea2331137036730da1b093c8f126abd950e6e978153bb4c8138d885f8c7209,f4facbe3579ef1218fbedbe7c72dc50ee2c80f76d6e3d7a1be1e633ef19b8f8a,468d84def8e5613d8fe86dc7430feccdda8e29007de35fe370c8eef2cc15daf9,530,1140,312,708
745,Gao,30,,,0.01,Gao_0030,648b0853188dc1fbde2b38c7df1ae92d5e6d3c990f8c26f8f5cdfaaf753ec44d,79a9af327ea103eba28cd661ee4a5fbd1877d89cc8909ddb6038947c6ef598a9,a66c916da7ca3ddf19e8c9843636e905cd47c909e33cf028611bbec13c61586a,00270d7277e1c340736f85286396034300e0e6cea247a738310af368faf8cfd9,91b69139ae5be5b2f6fa780d87666c7fd3ae94cea47cf6d8ebc3f411c6562170,772,1,663,709
746,Gao,31,,,2.09,Gao_0031,44c07647e56ce0b1829aec9741ebe0c32b803a6f5be31ba5d3a3c9a5b73a2b74,79a9af327ea103eba28cd661ee4a5fbd1877d89cc8909ddb6038947c6ef598a9,94ce84d77364f7496f28d0bc8f8805ae1aea4fe1ef6e7e141a4e717ce5526c37,6996ebb610bb22b5dea9eca1441efff41ce1d704d2ca2f8f53a4fadc35592399,9d8f415d5e6107810e2094e42c2f4f5e7d4b527bc21eba3ca8fe346b39133c08,681,511,718,710
747,Gao,32,,,4.26,Gao_0032,a21845df9ee8016166b985ba8391c9534a5a6c1685306f54c101b503e0d31060,79a9af327ea103eba28cd661ee4a5fbd1877d89cc8909ddb6038947c6ef598a9,2b9a15cd5bad00c0c73330bfd67ab2ae64ed06c4c9c12b4b5ad46f182a8dbb6b,50209e6369ad8b2eea7c03a990fb793827ff8440a336bfbdb3544e6f8629d3f9,d560dbe454da193686ee7fba87929e364c9f2af83667de743a53c03b6b644967,189,385,980,711
748,Gao,33,,,2.23,Gao_0033,f23be6c4e45696556a096cac087405d43104d173bf1bde0a61bfc292d7c39924,79a9af327ea103eba28cd661ee4a5fbd1877d89cc8909ddb6038947c6ef598a9,d642926748379632af907ec70ae44a6d32659c4c07913c5b2ca1ca5503ecc30f,e35ee5eeea1eed3d960e361ecd80fc3674e9905b77034711b0779d17981b5417,4165779d95192e8cbb24d3557cab94850fc779443bce1d1d5f9d02062041fa75,1017,1048,285,712
749,Gao,34,,,2.43,Gao_0034,21f2b072ddf80509f7a26c16e9d7b746fc759cce061694263ef4479c5eaf50f4,79a9af327ea103eba28cd661ee4a5fbd1877d89cc8909ddb6038947c6ef598a9,69ad7b17e063e2363cfe28b5490d065f8a1fab768fcb3492e93fb6443d37e361,5a30aa78df0ffb1ef729407cb0d99277ed298cb644e19497e5d59b9c9f490269,fb289fe79284d30ffc11a4df4e960fd6e22a123bb44694de0e36519841373f2d,477,426,1169,713
750,Gao,35,,,3.25,Gao_0035,7dd746d119f21beb11e13b3005cee20e0d38f2760e1fdfc1c3aeb095820b6ba6,79a9af327ea103eba28cd661ee4a5fbd1877d89cc8909ddb6038947c6ef598a9,4aa3e8c07a6aaa566beefea76bd539d1f4118d9d72628b778f3101550c36519c,e62e138f14f15cc9b711206f17fa4963bcab0c6f438881aba5b970769f0fcb80,c9a46e954d1a896437e78c30987601e10aa77c395c3284e820333ec134b73ab8,347,1061,924,714
751,Gao,36,,,1.71,Gao_0036,d8a863957d32709ef2d86480befa75941b875dfdd9986d4456f0dae8d46d84af,79a9af327ea103eba28cd661ee4a5fbd1877d89cc8909ddb6038947c6ef598a9,4cb292ca080cf542cb251fe077107de0013a11a02dc9e83ab983f3ac2c8a9fae,57b8d5a98fa5b3943f2969586a2b02d0012e73e9951b784e59b6e6ebe0ad1213,de79c38459743d3b439746657aa910cd1fac1301ef7f3400404fded6a9f3ab70,355,418,1034,715
752,Gao,37,,,2.58,Gao_0037,f95970defaf2c06a84db98a48bdcc0487ec16c351d38060c279618c36a950caa,0200210bcf15d900163b083f37822f819e4cacf358747423834334ad050b737f,4cd0eb4dc7d1232c62959707a98f12047e0ead03cdcdf03fee1bb80c9fc0f991,0ce0a5fe479762f05d972702bfa99206c2afb177374b6589f56793c52c48812c,f2c6c8755be11e668f2f2d93e8cae74e6181b8d0718aff8d8cbc4bc7882d712d,356,63,1135,716
753,Gao,38,,,3.11,Gao_0038,464ed43b9123098ba5a55bc82d2a2530748d8272e2952e4cad38e892d011537e,662249b27f71717e6cd10bc40d9d82bd63bbfc14fed03ba60280ffb003a773e7,1f48b19b9c6eb813abf2a522494da28568f02642266b492666e00869933ce4d6,d6219d065e172c5b69206b87a71ee0ff6edb1dafd40f065c76afb6e0aa32de4b,9e02a1d5a53de7c214db8db00d14aeef1b19ad06acb20aa4685abbc384550934,144,993,722,717
754,Gao,39,,,4.13,Gao_0039,8c36a90f9e45f84a8101f9757368588929cb9ffebbf84b5d644c7b6a351bb0c5,662249b27f71717e6cd10bc40d9d82bd63bbfc14fed03ba60280ffb003a773e7,9ff6d1c185ceb739823f0ddb6c9dfb199bcebe0c16c7bb3cc1a8368c477668ea,d3142cd4b13ccdf762349d8351025e1e7890d9066f33adba5a925377a6723e28,a1969236f6a0e02878f2d2f74efcd5213a5471f0a70e0a228190c94158557cc8,735,975,738,718
755,Gao,40,,,12.08,Gao_0040,88396f3ea512153dba9e47b29c009cdfdceac03900ac3a0a545fb8f3b09f7fb5,46c1ec8aefca77a3dcc9ae1567e1a8d482734bcb2bba851c9b52d07de0c53a40,4442d28c10f07c727cb7eef4d7344f0042c57fac0779ca2f547d552ffb66b813,084fe666d6724dff734278493cb7341214641ec15d8f1997893f6681a2a44baf,dc7719200f45fc513cfab0b9ef2f977b963775bf8c4203ae6c9c5159eff9ac50,309,40,1021,719
756,Gao,41,,,1.04,Gao_0041,79418b87387c597467e864eba74f6cd9dff6050c031f24de3b21ff4b25ea0762,79a9af327ea103eba28cd661ee4a5fbd1877d89cc8909ddb6038947c6ef598a9,2fd462e1db765980d4ee4a73d1e84eb7aa46dbf242af10b345fbdc461ca2c110,6ea9bb16f6b8b0926db7a9f18372cc90275bad35611405d8c6b164775cc30153,da49efb53f1b0f9827f4c228ae19a9323c11f934ffe7371392fea32ce4c7ce37,214,536,1005,720
757,Gao,42,,,1.51,Gao_0042,542c6d0becb44143c0bd3c3aaf7bb3957231b15d356d0b1783eaa40024c479f2,79a9af327ea103eba28cd661ee4a5fbd1877d89cc8909ddb6038947c6ef598a9,3ae10de8eefd9a3e737fb9647a437b771898b1ccc1f80d43a36a939e274983c8,99def5d14404dcc905f7ce28f4c5fcc2ef505dec868c99181506f0b7ba195838,7760a259a460a2708cd96b00951a7ebd4eab11c1daa9730235bfdf2a7e348513,263,719,537,721
758,Gao,43,,,1.14,Gao_0043,250c6a95912683951caf34161302ecd79249ef11c80435dc2baa85fe418f94a7,79a9af327ea103eba28cd661ee4a5fbd1877d89cc8909ddb6038947c6ef598a9,3838948c1e0968484fdde754fefc0f2c4e61e2286f53c8edad2e2b7158622340,66373e0e88d5279999d891406a529fe6c36d7c3235a748946b37c9be1186095d,b7d6e7e373aa27c507d2f2882ea1528c1a7d6027ca5f40697d1b02a10404bf51,250,487,850,722
759,Gao,44,,,1.27,Gao_0044,96227cd640baf569104fad88a83983f4b0b91b5c46709c1a8136b722163a8bc4,79a9af327ea103eba28cd661ee4a5fbd1877d89cc8909ddb6038947c6ef598a9,bffd4b2971a533d872f7cbc21e93efa3b77a148123571ff76e3328ef2b9feea3,3e6ab2e928a68a9efa89703e7a74088d4b57a6a1cae1520415bd7ef996aadd2b,c0e9a9d734c2e777fe6292d26a65a0d8aadb0c8d77fd8d13531c317e04da2705,911,304,893,723
760,Gao,45,,,3.29,Gao_0045,d38bf10da3c784b04f29d1a5d4a52a57c56c728bc1e6ccb93a11ac2e810297b9,662249b27f71717e6cd10bc40d9d82bd63bbfc14fed03ba60280ffb003a773e7,e77c6ad83c1aa341b2aaf69a4daf11d09efb5dedf0ec7262c4f73694f517cc18,265ccf25a9bff9c0007057b456789dd9d46766edd9e6e264216b1d4bdb83752b,1eb2d4d3e5987ed34d2cd2d7394923c0ed6004697d82a62ad9c705ba46746c62,1094,189,129,724
761,Gao,46,,,9.8,Gao_0046,4cf1b73be53f6aacf715b887bdabad991622ff5819d46003ed520ab04cb926b0,79a9af327ea103eba28cd661ee4a5fbd1877d89cc8909ddb6038947c6ef598a9,8aad78d982e8433f12072628b546d4fa2cbb7d67bf7545e4694c209645e61872,eae0aab4d4a2e4628c5e4017fc567a26ef5771095d6792b00efb10a989ae74cf,c1b9c499b92a5fb7d7f2ec2d60d3e1870c9ff3c557c6a998c20db0a7efaf010c,631,1082,895,725
762,Gao,47,,,7.8,Gao_0047,e214fcaee0bbdb1d18943a942a637bb74b819f0026270cf873b1bae2dc69f6e7,0cc00e1ba2d95fe8288dc072edf395ee6fc3678daa4e12f6703c7be7d2c5a409,af2677efd027aeffcb6132da0179adbc825484383f022e6b6cbacc43236bf657,bcc8f9749ecaf396bfad984efb37e97987eca8d2c639dce04fbfa0bfd579bae3,360526db9b8e60b81ca3d40237c976424cf52a2f5f3c99c61493990f9a144786,812,869,241,726
763,Gao,48,,,9.05,Gao_0048,8dad7c7fc9d04a7022e4f0481b8d958a52d567d442560c38a2ebcd60aefacffd,79a9af327ea103eba28cd661ee4a5fbd1877d89cc8909ddb6038947c6ef598a9,85e69d48d1806e29aab1dd2ea118c2f9375d11027016c6ded0e50b38b1a9ba19,7b4b818002b2d763415b6748985ebcac76849b5db4b3c038c38730ff9ded3b23,4d528d0928cc702bb8db6ba4fbd2a28bc18911fa3acf5c4ebf0b1e8366ed00c0,610,591,341,727
764,Gao,49,,,6.37,Gao_0049,ed341b96b55d4c09d46feba8738fa5cf9982a99c8f9826869550247c01874351,79a9af327ea103eba28cd661ee4a5fbd1877d89cc8909ddb6038947c6ef598a9,18eb26f113eae2aa0f78e5ff178509e5a9cd493b2e360af09af4c7c73ba9b9b6,86bcc9f28bc6f76240bafe14dc707330457ba37cc2472957a50f08ff978d4e75,6005c4e7c2efc5ada4374187877f6a4d261404a98ba70881393fdce80c53d743,118,634,430,728
765,Gao,50,,,7.62,Gao_0050,18f9a9636b4af42a897e457bcb2aad3df4966a1a61bdd0b11a09d25498141797,79a9af327ea103eba28cd661ee4a5fbd1877d89cc8909ddb6038947c6ef598a9,619ebae9cb8c7498d18e1a2729854a473578f7225721485f82f00841c6aa204a,a9413cfcbdfad63b12c4e4f45b46074908a67bcb5c4f3ada4b1517b6418438d6,d1e160c06a4c451d36d0b907ab599bf336c8edccf88c50ab0e485f427c2c5f97,441,776,954,729
766,Gao,51,,,0.07,Gao_0051,2dc7c945b9ff6f322132448c2a3906820172cdc018db09951be2550c687fc721,79a9af327ea103eba28cd661ee4a5fbd1877d89cc8909ddb6038947c6ef598a9,a0054ad314caf41460bf9e074977cc541651d1e5ad86b955387ce73bec14c5b2,0322565a74ba12e7414c0784404a1d6124b7e67bec876e1bacf5a4c12433de60,279fdcf00415403f62d1760d2f0950b541a89bf9ac51308df00aa2cb1d4afaa8,737,17,170,730
767,Gao,52,,,0.22,Gao_0052,18d2e23b6262ee2208285b810495bdf2f1d3af70ad537fbcbfd7455082c6034b,79a9af327ea103eba28cd661ee4a5fbd1877d89cc8909ddb6038947c6ef598a9,acff60253ba5e6c5de7e45f7ba324064f276dcf231c79e0e4ce0cba45e1b338b,b8fcf1aa50ae1b36981ffacd01160bf7cb26592fa71912e948b809a0b454ff47,09194bdfaf3643811478860a9cdedcb48b9ab960fca031728facd8f1754b0824,804,842,43,731
768,Gao,53,,,0.31,Gao_0053,2362b5257a93627c5b1914a59044132490a188bcf2001d2847599e1397caa0ca,79a9af327ea103eba28cd661ee4a5fbd1877d89cc8909ddb6038947c6ef598a9,177f78956095d8d9a7523549d0ce2f0e04062f616bac019443f7fbc553d88970,a1578aaf7431b717f74e8a4ccadecc544f7194d025c60d880802bc198d6556d3,72de94aff0deb47e967224af7df4c53d9320ac96ae1cdbfa4935eca11175a436,110,754,517,732
769,Gao,54,,,0.63,Gao_0054,7f81183abaab0ef70976b120ce0f6d0709e392eb87dd745426e5c63a0f878b51,0200210bcf15d900163b083f37822f819e4cacf358747423834334ad050b737f,bc75d5c4195ac053ee8a6ba31747c9e6e58d20a8acd2abbe82c73fae37f22b7c,74c060c9049288b8ebff01b814ffa71249d2bb039b7f7176871d8cc0e51bec99,c2a84b161fbbaf62af2373d6a6b3f424c41f3ec9d70d5b5e9b5ac8db6b435521,895,563,898,733
770,Gao,55,,,1.43,Gao_0055,7f81183abaab0ef70976b120ce0f6d0709e392eb87dd745426e5c63a0f878b51,79a9af327ea103eba28cd661ee4a5fbd1877d89cc8909ddb6038947c6ef598a9,e64fe7f027fb091c34ec8549a09a8ef0981efb56b4a7cd3168f0e431cb86fc27,fcf36029f338047bed15f8314d949d29aeaaa55a798c06879133191054d5406d,855741f4d4c9982ee2758f963eb239899f27ddb50ff9f29a33ede39d32b437ee,1088,1175,607,734
771,Gao,56,,,0.27,Gao_0056,393868b7348e0c4f9c53d58d0a56d82c5b69bb253a8709dd758e93f21e9ffe8f,0200210bcf15d900163b083f37822f819e4cacf358747423834334ad050b737f,21d699ad697c3400997f4264d78c148a01dc80fa0f8f95135369703456a26d0e,73fd41261826dcfb3f6b5eb13e2d8022bcaebfcfabf2e6ac82804a0f1d691a87,1ac28dae69cfb7f245710e83e55cbafa2e67f2c01b492749ea768948e5c1afe4,155,560,114,735
772,Gao,57,,,0.85,Gao_0057,393868b7348e0c4f9c53d58d0a56d82c5b69bb253a8709dd758e93f21e9ffe8f,79a9af327ea103eba28cd661ee4a5fbd1877d89cc8909ddb6038947c6ef598a9,0c275578850b0b169b304687f66e6adc862d75c8b8d9b3a8656986e333778eb8,b785bf34113e4c0b69ff98459b88b07f2975a39bf992c80dd0806bc65fe173fb,e89bd8fc56d9a7bb292cac81b17c33750e7989eb11e9e1ba3a5796657e8b1de8,51,833,1081,736
773,Gao,58,,,0.6,Gao_0058,40f456e730d72687ec6be0e32804fcfa206d759201a98c1e0b7e161fd33bbb75,0200210bcf15d900163b083f37822f819e4cacf358747423834334ad050b737f,9c6e5add0bacc860e27fdf32f9d4eed3edd21f9f76ce0e79c818a5d6b0acb8ef,e9f6ca43c3ac123c20e83601ad86e9a54f084abeac8ccb137d81006d001a91a9,cfb64415d7ef985fa785a349a403d13f8913e3d0cdef7d192ef565ba1f039c48,714,1078,949,737
774,Gao,59,,,0.91,Gao_0059,40f456e730d72687ec6be0e32804fcfa206d759201a98c1e0b7e161fd33bbb75,79a9af327ea103eba28cd661ee4a5fbd1877d89cc8909ddb6038947c6ef598a9,46fd9593554bb1e15b5ce93b476c32442effc8127484fc40f1dd09fb01076b66,4b9b175e93755fb5fca1fc40b9f4b0f323177d0058dd74c03a302f71596a6f2f,353e61635d91b6292084944e2775c1e0580ebca3e23e70a51da0f0aad08ce98e,329,362,238,738
775,Gao,60,,,8.03,Gao_0060,6eb8fafb00bfd4885f51f8fe00078e82c3a26eb3346ec79c42f5396d7d766ca1,0cc00e1ba2d95fe8288dc072edf395ee6fc3678daa4e12f6703c7be7d2c5a409,ccabd5ffed71984ca03a0c57bfda72f09428df54c2aef62420d06e346f44ad53,08da408babe54a6f401026883361ed6bb0ae446cde8729cadaa74e800970623f,d575af11d37684318d1b2a9aaaf8cd50b753b09d945320fca6b64342c37a0781,975,43,981,739
776,Gao,61,,,4.64,Gao_0061,74e70aed8722003457fb8860b788f537e5df6894264b66d3f4fa15d9d0d7ee17,79a9af327ea103eba28cd661ee4a5fbd1877d89cc8909ddb6038947c6ef598a9,da07b4bd2f4938175e3f7e45b4bc4f03fb41ac4c7986b05a227a2effdff9126d,020fff424ab1e7e552299b0ff11bfeac4b5a1d00dbac22a498dce46bc31cac30,b292250e7d48199212c4b764a4c323451a6a62d6576b86a234654bdfa0a3ce2c,1032,10,825,740
777,Gao,62,,,5.87,Gao_0062,a375b61beda3552576c5d08f8e414e56ab97147a4b728d09230351aaa29a0505,79a9af327ea103eba28cd661ee4a5fbd1877d89cc8909ddb6038947c6ef598a9,d23280bd0c665cb872a9d9c72f8c8a0258c9d0e7058b059181693ede8199205b,10f5a9e0c6e5ea45c3e34d5d028711fe4fe0105acfc8e1602f068c4696e38c68,41a36137330b32a8aeb06d2a416f9f7b616e23a7283e10763fcfe05cf6711cbd,1000,83,286,741
778,Gao,63,,,2.23,Gao_0063,c5c82eaa6311f3ee9286c3f12f5406fc0719d9677ccc97f0f8db7cfa0167afc4,79a9af327ea103eba28cd661ee4a5fbd1877d89cc8909ddb6038947c6ef598a9,fc2fcd5532b2ddce553f2dc4127062ac055d25c7daaa3928057ea2283cb079de,04e4648d2f7035448bf0a395a5382ce0f696868c430bf201b9a14c56fc6eaa92,52c02ec42305e4b70eaff1c9d7d832a07f4fe80230a4c29617b20ea2cba8720a,1176,25,370,742
779,Gao,64,,,4.3,Gao_0064,8aa543d125c45966628245005e58dc49406f704a9519d66a52b9fd9ed0389336,79a9af327ea103eba28cd661ee4a5fbd1877d89cc8909ddb6038947c6ef598a9,864bbfc1b24e4fad1b07134ac1665917717e4a4249b44b2ee1e83b8002a81775,757769b7ac7a0a1887462f4c44831b1c2ecac724d572db8f0cee848a28a49cdc,16e3a59ce8f0ae402107e1727d3d3327c834753dd83db93219f86bd1e284ba35,615,566,101,743
780,Gao,65,,,1.33,Gao_0065,22798e75061fe92a3693bddff5d78bd21e6159115db33246c4ed56d0958b1307,79a9af327ea103eba28cd661ee4a5fbd1877d89cc8909ddb6038947c6ef598a9,b537b28f6a53aabe956a2cdfc15c9f235d428c62f187ac5cd807e68b9e23e262,f6b726df01ffdc55b5903ed252539f1824d151cbf28677f16885f24ec8668a95,297eee04378743641231accd13992f026559759c185d6a79aeb93db001c6730c,852,1148,178,744
781,Gao,66,,,2.86,Gao_0066,819895aa8bd87f71c5fa08c3cbb67f92e505f39703cdd7d0047817363e96ad44,79a9af327ea103eba28cd661ee4a5fbd1877d89cc8909ddb6038947c6ef598a9,45d4adaccc50d9af98b9c58cddb7ee20275e6eed0c441bd25aa611bdd6e6b384,c6a3d49827bae73bdcc560cc3de4a50e66bbb1ae2337e5e2b9022e469aed3c9a,7aea3cfc28707933a42525b4393586f4658cf2894476026ebe1290471506e0d8,319,912,555,745
782,Gao,67,,,2.89,Gao_0067,c12e830e6001ddf57686f629fd4d612da52bfd7034e5a593491d8497736bca6a,79a9af327ea103eba28cd661ee4a5fbd1877d89cc8909ddb6038947c6ef598a9,1292422864c84a8761e0b18dd9cf2b92e15a44d16b68e5b8170c3f77f1f2a4f1,013f996ef0f14e15f92baf7ad6d986b4f7a298b1cef68f5ade93f736ef428e1f,6aa43877427b38b49fae298250d788425759448291b5ba7f3032b64d9b33ebac,81,5,480,746
783,Gao,68,,,3.55,Gao_0068,33cf40262c824b176f7b169b60058141bee484c227a91ef39d5641a9485a4e86,79a9af327ea103eba28cd661ee4a5fbd1877d89cc8909ddb6038947c6ef598a9,9efdc71f3a199425f87c851704b3eb63bcc899ae0c6600c0daed2c3b9f56e3b9,fc6d57b6cc1b0b1ecd1e45bbcc6f679f73d1c4ff9035c4f2745ab26abeb27836,0634f1c412dea8bda2c6b8dc6a169645ed2f943704720baa95dff4939f41bb0c,727,1173,26,747
784,Gao,69,,,3.05,Gao_0069,b10e5e6977ccd9c267d5b551b219b9bc0ed73609eaff368f91480bde8e95fc0d,79a9af327ea103eba28cd661ee4a5fbd1877d89cc8909ddb6038947c6ef598a9,7091e0e45e8020b545fa3c7356c1876c72707541a657bf43c867ca8ad49ab3c3,4ea5eae9715f2083b1b313b25ab20c5da2fb58d7047c8d72a9012d4eac03172c,db8c549fbcff9d910c99fb71dde16201fa19765e6716b044579b4ff775b746f6,509,375,1015,748
785,Gao,70,,,4.46,Gao_0070,8337a03c4fc76619fcf88cb6543d3feb18954d9e07a77af6f7113c1cd09636c2,79a9af327ea103eba28cd661ee4a5fbd1877d89cc8909ddb6038947c6ef598a9,b6e3e107209e4f9af161693d40ca2804f16411bdf5ad6ec3f4421be76f1827ea,7f1da8d8b773f9c3287793a8792f7ae440f637c6c744507a6213071d860eff74,909709153b150c1c63d26ad67f9bf7108800030271b8987b64cbc082f0f3c00f,863,608,652,749
786,Gao,71,,,5.38,Gao_0071,d05f3d9efb9ea3ba3fac64fbdd20961ed43e6fde92d816711366df655b172bf4,79a9af327ea103eba28cd661ee4a5fbd1877d89cc8909ddb6038947c6ef598a9,d57044fe6e69f60252ab3813b9e4ea2a591bbe7a6ddb84af9b660a34fc8a2d3b,7528b99b222a09706950f55b0ba64e207531d902be9d7b443974373e38e346b5,ca41345eaccc969400661692df433a1ec1f7809cbe3f9d3215da173b47642676,1014,564,928,750
787,Gao,72,,,4.56,Gao_0072,4be9e1299c4deed8d8d05e2d3395a66ee37005091a9bfbfd4c351cd05bd7f980,79a9af327ea103eba28cd661ee4a5fbd1877d89cc8909ddb6038947c6ef598a9,ed6dc49e2a9f43eeb5fe3f5ffcc2f94c9e49376706f2b3f11d0b068d0fb4ac19,f31888ba893fbc944f0b87633b39bbfbb1b14250cb04b214a666b353587a694f,5dc19d1776b1a3a7d5291d88fa94fc68512024c5ff03292578646565093b0f7f,1117,1131,422,751
788,Gao,73,,,5.24,Gao_0073,06cca5d1dff0775c47652a8619e427f7a2727b3bcb988ead7d444220e12cd54e,79a9af327ea103eba28cd661ee4a5fbd1877d89cc8909ddb6038947c6ef598a9,4db17dd7ccf0ff4d72f02d413a0e6a7b3244711a40a14906e0b59a8bb2254f50,8022094aaaa338679c888b3a3a73b6aca1cde4c4c1c09b38a9744430993dbe53,6ad3ed42c5bc9df3cbf8a16fb2046e52422ec129a836460055dac2fded067366,359,613,483,752
789,Gao,74,,,6.76,Gao_0074,70127f28da62251db6e415cb157de830390e3d6a6544f920e2cdce686db40af1,79a9af327ea103eba28cd661ee4a5fbd1877d89cc8909ddb6038947c6ef598a9,128c2d0137ee3a497d4d09bcc9b38800cc3fa835e5550fb0e42a40297e273192,2df099a7610c3380aea355ab9ba71ccdb5093a108dad9781e2b6faecbd9053ae,e2730bbc9dfed0ff6bdc41b47fa33685d834ee8a4221e1abc9fe008fae5e1d14,80,222,1053,753
790,Gao,75,,,5.25,Gao_0075,576d1621622aa01ca84bfbbadc18f1d8f336d82a5df51832577a740f52109bfc,79a9af327ea103eba28cd661ee4a5fbd1877d89cc8909ddb6038947c6ef598a9,129e2a72852cf22003f840a2ecaed0a2dbdc3ba2fd97049985c40e57bbdd81ab,ed689ca2f4706bbd3ce38634a225685eafa16ca81b92828a657f823112826415,b28ec9048c7749a20dc5db02b2416ae8ecc3dbb6d091b8cf864ac8b88dd818c5,83,1098,824,754
791,Gao,76,,,6.07,Gao_0076,e1f6269bf52eadad4ea1f3dcfed902a7f4c1b2bc3fd324964848c6ae475a34dd,79a9af327ea103eba28cd661ee4a5fbd1877d89cc8909ddb6038947c6ef598a9,132a033c897436a772379ab12379bc4cc610e84c99e807ad3357cf89fbf06a9a,0ddb4a0dd26696f6dcc609b6ba63c275c9050b3889ec7d4a6d65aa959dd0cfe0,86c0cdc29c14aec805d5f0d2c9bc10fb32a8f9e13c92f018a204f7731ba3f999,88,69,611,755
792,Gao,77,,,5.98,Gao_0077,ff60af83a35b41ea539f8edb21861c86157c7758ab8ca667fb25bfb00aed4f99,79a9af327ea103eba28cd661ee4a5fbd1877d89cc8909ddb6038947c6ef598a9,ddd24fb5c2b06cfe924e39c42af5c0afadb7a71d6ce8b22cddf340689a29c848,2b938f6e4af25b28e99e10bc5cb03d5f7e8deba062c47fbc24658def8c70848e,7b868ba2cf07c7db3b080cb384a846e76609dd217a0354ff7e5b47f2bd5517fb,1054,206,560,756
793,Gao,78,,,3.58,Gao_0078,a2b06273ef482d6c34673ad930fb3b9b91a2c4a027ef540c74cf57624d74bb9c,5965ce27aa90e34d82a35a095818c8c716191f57eaf12aa9edb440398ad0c13b,224a16ad2b74e5b8b3f3e08d8b9a9c1c06bd7d70a827108dd39e0a155f9f30a6,76f2b5e059fa9aa1ddbb67939a645c8179f91f9b72a64f9fe68bfe5283fe0610,336e58a91000b74ca732805da1701235f2db1ea81e3e917b2f791f176805014a,158,573,231,757
794,Gao,79,,,1.31,Gao_0079,251248def65eede9248ea47941079028374ec2775fe71efa2352c1412d51c228,0200210bcf15d900163b083f37822f819e4cacf358747423834334ad050b737f,f663ac740428226e45f70d4ff1da221a387461986f7de08cffc2b4e39b8f347c,ed419b09c292d5e375481fe7ffdefabc285b821069db684da89f269b49595b08,31170114baa7e2a39810be947ed16d5a3624b7b6e2f9142239d5fb5b4a694722,1152,1097,221,758
795,Gao,80,,,2.75,Gao_0080,7fa734e0510a313e4ab97602cff654e4090c241fdab66b0f460722e8593fcaba,0200210bcf15d900163b083f37822f819e4cacf358747423834334ad050b737f,7f43d61fd7a0b3c4924207f9e20ed2071b8eb1e7d1fd790c82b2bdae910e4fe9,024bd3819e68019841298d054f0737de2d6e61cbac40494aa69018d7c39fa606,33ebac6e36c841fd79c9f5dd9fe1f4ca8b730f2016a96b30f9eeefb021ab856b,583,11,234,759
796,Gao,81,,,6.5,Gao_0081,b99f56cafda2667bd8d239fba9a92408a2744e744f4e8ce25f4a2283431e3bd7,0200210bcf15d900163b083f37822f819e4cacf358747423834334ad050b737f,bd04cd61ced37164e4824a71133912acaddc8929ed2b65c97619ad13ea62c2d2,e7fa61fecffaa4f648a22ba92bc1b44fab4f1c78b1fb7bab6a124a55116b4687,0a98a54444ffafab45ed3a1f8e98e1dfe3774fed74acab92a0bdc5d7918f6290,900,1069,54,760
797,Gao,82,,,4.89,Gao_0082,0393f8d48df9735726a19526827ba2084182139e9eaadff90afae211882a34af,79a9af327ea103eba28cd661ee4a5fbd1877d89cc8909ddb6038947c6ef598a9,913255420d356ce85d07e1283f627cf47a7892fba93b7bffecc07b99905012ea,39b137dc7e866a686e886b945c0daf35092427b78c3408ae73969f0b8199ddee,d832b879510b4b7140d84628aaff5e2532275d3432bb885438f66faae72649b6,665,284,991,761
798,Gao,83,,,1.71,Gao_0083,e80bd24aee29a5ba8e8df20720f80b347ea216ea981000aaefa02a25a9275d14,0200210bcf15d900163b083f37822f819e4cacf358747423834334ad050b737f,12be107085722c5cc8efb8e54f2b19e921a4328d8ee18a6754f6c50d2b665f60,a0e1bb1f014a3f0535351b4cdd3113c34cb6a302b9f8fc57cdf3f6d3359a5f6f,58a4197a7ca10bc509742783720723cc6b518898cc7f77be7b27a43a62dc3274,85,751,395,762
799,Gao,84,,,1.26,Gao_0084,e80bd24aee29a5ba8e8df20720f80b347ea216ea981000aaefa02a25a9275d14,79a9af327ea103eba28cd661ee4a5fbd1877d89cc8909ddb6038947c6ef598a9,6979809849b6c58b4e652b9e9f08289130909780d72a37c7e997be4dd0dda405,9a4d11e8d9c7c4811ea521dc95e22cb44fa6a5eabeebed3b622987a4302075fa,811b98a885ffbabb172bde0aa1127a382fe15452294759268c92f4359d4f979d,475,723,584,763
800,Gao,85,,,0.97,Gao_0085,471ad3d43fdf26456b14895f23221eca11e905d639d266f968f6712e164eb052,0200210bcf15d900163b083f37822f819e4cacf358747423834334ad050b737f,b71ba03471698e3d21656b66381bfe04e598b2ec8d6083793bd8963c47f2feb3,84548fb98258a8df4bb8226f884e2eefd860394539ef42af0b4c3ec3d00b6998,f03f8366fe2583eb2e5c887900d4715acde6535f6e77b58e345f0890573cb3fd,865,624,1122,764
801,Gao,86,,,1.21,Gao_0086,471ad3d43fdf26456b14895f23221eca11e905d639d266f968f6712e164eb052,79a9af327ea103eba28cd661ee4a5fbd1877d89cc8909ddb6038947c6ef598a9,ee23231d3fa3e8f7a7ddbf405ba81fff3a2e0f831bf640188089ea0bff61b343,683802b4b637f980e901293edd12d6664f7c9b9a423e96f3810dbe7691f7ccf8,4793fd8d17ba42f2c1cd3abefe0b88d4abaa665216886771d3a076cf0359d91b,1120,499,319,765
802,Gao,87,,,0.48,Gao_0087,9d537cd0491ef815c2c7d21febacfbed0f445d183c702821cb8d9c8f9a2c10b3,0200210bcf15d900163b083f37822f819e4cacf358747423834334ad050b737f,73b0a330857017d3be31d1ca63522b0da032007be80b2d2eaeb9890a60a2b84a,93bd4fbaa69c10f99bbc12772b4d71ca34d6646b6f452847d5c7e9c4a05ba4ca,68cae5d5b82e5902980cdd086621bae790bd0dd4c331fea47a50bcc83fa9a820,522,694,472,766
803,Gao,88,,,2.0,Gao_0088,6dfb915c87016a58fea34c00926de2be603238cb9f1ada7cd7e6ce82e8c4705f,79a9af327ea103eba28cd661ee4a5fbd1877d89cc8909ddb6038947c6ef598a9,833d05d9dba2334fe35a6681bfcadc6c3d1f510e55c6aea3170badf6cc2ae3f5,6ec938e3721602ad626f2886bd5f09ae6953b9bee441b3b70f44ac93ad8f84e9,273c4cecd81260c3b8c710c2b1dbe1a254a157af0fec9774d643afd74856df8e,598,538,166,767
804,Gao,89,,,2.03,Gao_0089,e92beba2fad0ebc223a6d1357b0f7ba8c9daa318add557f3997a8479303c172e,79a9af327ea103eba28cd661ee4a5fbd1877d89cc8909ddb6038947c6ef598a9,3045ae3759fb7f9c57c1fd4fcfeb877113ef4ef0035025a374aff45636dd2ffe,ee38e10e92ff96979cb608d0b433468921ea25baf243b0e3165f3d8219871599,b6c3b90ef2ab17dd3432e05f6c9702e8fb940c6ad50a7ce8519700fb582ac68c,216,1104,845,768
805,Gao,90,,,1.98,Gao_0090,e92beba2fad0ebc223a6d1357b0f7ba8c9daa318add557f3997a8479303c172e,79a9af327ea103eba28cd661ee4a5fbd1877d89cc8909ddb6038947c6ef598a9,3045ae3759fb7f9c57c1fd4fcfeb877113ef4ef0035025a374aff45636dd2ffe,ee38e10e92ff96979cb608d0b433468921ea25baf243b0e3165f3d8219871599,b6c3b90ef2ab17dd3432e05f6c9702e8fb940c6ad50a7ce8519700fb582ac68c,216,1104,845,768
806,Gao,91,,,0.5,Gao_0091,a2b06273ef482d6c34673ad930fb3b9b91a2c4a027ef540c74cf57624d74bb9c,41189abf5055219dd1599f8326138a24c83c1c1bb60513aa8b92e2ec59566d41,6f4ca337e41d8576d6dd58196a3af364e3217392fbbaca935cd439de6bf9d62b,c3c23f48438d23d55442a48dc79dd09cbf003037bc0449215d663ffda3f6c452,771d206628ff2e76568602b8abf5250ca4fa21615718d2ebe3382bece2dfcebf,504,898,535,769
807,Gao,92,,,0.46,Gao_0092,a2b06273ef482d6c34673ad930fb3b9b91a2c4a027ef540c74cf57624d74bb9c,d8363dab4439c2c0e8420f87145968adf8d071f5ba7179bc5233b376cbd04fbe,6b7556013b059c498749e3b6db051454f43391656ce606eb7e0b7306dcbd0a5a,674bc7c077b0d1b755726d150b33820a5ae223e1905c426fc0bef1b5d5d43855,a64288f3b9504c9ac45c409e0fe6b5b5ca55f46fd0ab076f7d80288002c645f3,489,495,764,770
808,Gao,93,,,9.73,Gao_0093,89017adb7458f7704510e8c1187f5a9dee1006af8e444c3dc56f01c1d0360cda,0cc00e1ba2d95fe8288dc072edf395ee6fc3678daa4e12f6703c7be7d2c5a409,5da2f8159f3f8892defae7d713a8fb374c40e0b169379bc360e672bfc11b5a7b,b5c98d1244ce591777ea9e2bc91158719cf534f67883d1b52200839dc1343dd1,cdb39ba9af41cbcb17ba1614cd461f7d1f9c896de2fbbe2a6e157cfddbdab53d,420,822,945,771
809,Gao,94,,,4.33,Gao_0094,918d67791972811d8ce2743336a331efeb8bc0af3750543bd4799abe7aa1870b,79a9af327ea103eba28cd661ee4a5fbd1877d89cc8909ddb6038947c6ef598a9,fe9e95d08271f77aff88ce0525434e8bac69c120115115faba4e93e3fc990125,05424049f463b04148cc625bc69ba8e1f83ba274634308dab0c7e29386460409,7c4e46039fd6910a0aaa022630e545a49ade4797f1da730af5d3a047a761f0c6,1183,29,566,772
810,Gao,95,,,2.84,Gao_0095,73684c1245ef4c148eb16cd8185bdd6432158d9fffc904ae4783819c07b9a78e,79a9af327ea103eba28cd661ee4a5fbd1877d89cc8909ddb6038947c6ef598a9,84ad95ed4894a590a91c6876dcf11dbaef64893cb28e54146230da19773cc938,2e6c444758da04199a75daa31c8143474c008c36c0d609bd3248b6262f1a6f2f,50523636c5680b38e29a9cd8bef9a350b6487480af83a78ccc0113dc2fc007cc,606,229,358,773
811,Gao,96,,,5.26,Gao_0096,258f756fb6d2d76e237fa230f3f218259d26a5798b2dbf3b2e87f197a999f09f,0200210bcf15d900163b083f37822f819e4cacf358747423834334ad050b737f,783822b5fb8015db8b084b064e2675feb8dbf2dbddec5db27851833a8e0d8f00,34cee176fddc55a2b3121aa5259e90adac0dd30f9a778e1b87414f68f26bd2ea,019a348411ad76f50d156a3a7a9b494de739924a3d57772fa95b95670782286c,550,268,8,774
812,Gao,97,,,3.44,Gao_0097,280607954fb145e0a095fca0f08003d1585dc1d29e2c5ca126b3604938cd417a,79a9af327ea103eba28cd661ee4a5fbd1877d89cc8909ddb6038947c6ef598a9,bc09c805d33878e03266f1e1060282120ad72e1809d37d81a7e84d1a05f39417,2135e59226586cb52530b2c81cf2541b3d4d57e84d309870de2b86d28e233442,51e5624f3ed3a18b5c86288e49c720c1a9f9cc8b791a0b3272fcc224c253fed1,890,157,366,775
813,Gao,98,,,3.34,Gao_0098,bc8ca8ff8287ffd6bdf836e1f0f300f341cc107009d23617153c8c590a889b68,79a9af327ea103eba28cd661ee4a5fbd1877d89cc8909ddb6038947c6ef598a9,976c76d44abc671192739c0ec16060b5dec7eefa6c81a371cd71d6f8aefc3afe,82a56eeacc2ffbebd5326d13e5e7b9022276020edc07a2547d357e4c51f4a8f5,599ad234b9df2aee1c0e6027842b8aaf2b5f138b83b2b9fffdf295c4a482aa98,693,621,403,776
814,Gao,99,,,1.72,Gao_0099,574f10c6458deabb13b4123234e17cc0fe6bc26a06f449746cfa5a5c9d0b85ae,79a9af327ea103eba28cd661ee4a5fbd1877d89cc8909ddb6038947c6ef598a9,b913f04dc8b7211c86198a401e37d34e3119081576616c3b34c61ef60834c4a2,147a21bf862f37790808bf8c03e307604da9e88f51311560df2063fc546d3454,62b8e574d862c7e783d9db2c24bce427ef2583c0bb1467baeded49b36166c6f7,872,97,445,777
815,Gao,100,,,0.85,Gao_0100,8bd75b6e8603dd000df05e511e3dfdd5ad97829f3e6d48ea1b047ee0e5d59051,79a9af327ea103eba28cd661ee4a5fbd1877d89cc8909ddb6038947c6ef598a9,081b816d4e76c323b9171e5ce99715c0913afdd4a298c042093b15cbd6c29361,5d05a93db2d70a1e388d1939f2084693620c20026018b5cabf1327c341949040,dd7e08ce260380088320dc10d0f9e3d8b70d51b17c5b862f54e3b782c7d21c05,35,441,1029,778
816,Gao,101,,,2.45,Gao_0101,3630d246a8f09f8a4d45e0c2f78db00fb052fe6ca71ce1b3aec3bd5fb1d1d117,79a9af327ea103eba28cd661ee4a5fbd1877d89cc8909ddb6038947c6ef598a9,3b46f3139e55ca922146d8a9b99b796d91e5edec1aadfb787c0d4cce285d4d8c,5f3e9d0b14ae37b058c22a3a0b26729bcaf5439139e0a1a54f29186c2a1a97ea,838447becdeeb9daf084d1cd20f431d4e22d9681592a426c968a69e3e1200395,265,451,600,779
817,Gao,102,,,3.7,Gao_0102,0ef596687abfe15bf8e485008f6f602482162fc1981f7a7e6967312896b861b9,79a9af327ea103eba28cd661ee4a5fbd1877d89cc8909ddb6038947c6ef598a9,2c73de7fbad34c25b6e3bbc9df26d365becfafcca3b1fa65faa8933b29e2b929,eeb28bc6b5c5640fc6f77282cef6f91289585096665858014ba28b6609467572,4ca5d461659561c72a4cc6204f53c152bcca5a6aa0c2c05117fa49c49be80822,193,1109,335,780
818,Gao,103,,,1.5,Gao_0103,0ef596687abfe15bf8e485008f6f602482162fc1981f7a7e6967312896b861b9,79a9af327ea103eba28cd661ee4a5fbd1877d89cc8909ddb6038947c6ef598a9,2c73de7fbad34c25b6e3bbc9df26d365becfafcca3b1fa65faa8933b29e2b929,eeb28bc6b5c5640fc6f77282cef6f91289585096665858014ba28b6609467572,4ca5d461659561c72a4cc6204f53c152bcca5a6aa0c2c05117fa49c49be80822,193,1109,335,780
819,Gao,104,,,0.8,Gao_0104,0ef596687abfe15bf8e485008f6f602482162fc1981f7a7e6967312896b861b9,79a9af327ea103eba28cd661ee4a5fbd1877d89cc8909ddb6038947c6ef598a9,2c73de7fbad34c25b6e3bbc9df26d365becfafcca3b1fa65faa8933b29e2b929,eeb28bc6b5c5640fc6f77282cef6f91289585096665858014ba28b6609467572,4ca5d461659561c72a4cc6204f53c152bcca5a6aa0c2c05117fa49c49be80822,193,1109,335,780
820,Gao,105,,,1.1,Gao_0105,f6c4ee4cb0513dbe599ad6dc912c2e32d2c5c76a3a470bedda83a0cf0bc51741,79a9af327ea103eba28cd661ee4a5fbd1877d89cc8909ddb6038947c6ef598a9,d710701bda8ea17b7eeb1ccc55e68d0fcbe5a70a438ca5ac1692f99c9ea5d711,7b623da1b4383792a5e22c3ef6433a164d1df386c6d5b71f66e84efe381cea38,02795838ff295a6fe6288817da2250ca4ea939a58abf3f8e01116e09d46b6be6,1022,592,13,781
821,Gao,106,,,1.5,Gao_0106,cd1bb1fc83c70b020aeec4adde7e93fe309293e6bbd734b4a875c87e1e9cea09,79a9af327ea103eba28cd661ee4a5fbd1877d89cc8909ddb6038947c6ef598a9,d9cae3db95727dc57b30dd1a0408ad0d143650bd71dd15141216389c7686372a,25cb60f03e8f024139e6e4d9178b82d775e265be553abe085ea11a9a749368df,ee6543f0001fa75d6ece157471d6412c0239ec0e7278771f4f9b6e95c05e20fa,1031,184,1117,782
822,Gao,107,,,4.9,Gao_0107,80186d4c328fd2ab1a667acf6621c0ca46723ab6fd64206fa954c6b0c1a1ac2a,79a9af327ea103eba28cd661ee4a5fbd1877d89cc8909ddb6038947c6ef598a9,456e564c593f35a6c18757eede52b5a6bc3e4f15213b3f2dc439f5d4167b35d7,388e8cdaf92df1cc90fde6eca103fcb7a53d4f0c931aef5ad989e4e2ae857666,97f082297991f156d49542b8978061118848427fb71f35a3ed3daa338cfd699e,317,280,688,783
823,Gao,108,,,6.2,Gao_0108,4e228b69883806ef9fa63a41f8619393d2b8dcc34b0c2609ea9f186bfb67f05c,79a9af327ea103eba28cd661ee4a5fbd1877d89cc8909ddb6038947c6ef598a9,c2ae873a4742826995746815bace74c83f64707c5043bce94e301c2f5cb11090,2b7fec56416458c57db513d8d4341596baf813c7f5d59b4e71048dbad4524aec,90a0c9277332055af8b420038b918358e4133dc47dc566374baf78be846065bc,929,205,653,784
824,Gao,109,,,1.94,Gao_0109,f5ae8b7460a2b9570e11a8cd8b2fec46166f8dc9200eb5da3577e5fd3d0710b4,0200210bcf15d900163b083f37822f819e4cacf358747423834334ad050b737f,adfb53c99bd695fde8f9ee46497c5faa5e1098c25a07632eda86bb8feb1ff0b1,13104ad62c73d22050e1bfa3398da1877ab2b93989060ed9fae0bc9be8ab60c2,f7413344b04e3c88c291b7fc2fccd1b5ea9b10743e6d825855c2f68058ea959d,808,90,1157,785
825,Gao,110,,,2.69,Gao_0110,b57596ea6528dede357d0141a2b2ca80561d8d56661903ec5411d365805801d9,0200210bcf15d900163b083f37822f819e4cacf358747423834334ad050b737f,5f36748b1f5a0d74d6e1febfec24131644a1c05b89178a6c4550806e65328456,8e73268d2a28a59fb893df1e6b7931b4d17ea9d7285559a4d6c8c249a8cd7a22,8ab414833868ac2c29631d74417e65ea1d8cf9581bb3d8476b8779d0ebe6f54c,429,668,625,786
826,Gao,111,,,0.71,Gao_0111,4101490927f18957dc61f81466e3e97d67addd3230f162b00adbf3dcee60077c,79a9af327ea103eba28cd661ee4a5fbd1877d89cc8909ddb6038947c6ef598a9,4dec9c70bfc62ce1c33c5adb98e3e4f20fea704e6bfd5539c0720f108291862e,49e50c4478a1bf215f778ff63c62e595a8065e49c4fecf051b44f3fc191a8f3a,89e261706841a4ec2a78d375fd84ff69d72cf6a7319c9ab72d2b98ad6b91ea7e,360,350,621,787
827,Gao,112,,,7.8,Gao_0112,7921533956c1fb45d98563bbc907c680a6aa4d3d9838eaf7aca544abc1ff09cc,79a9af327ea103eba28cd661ee4a5fbd1877d89cc8909ddb6038947c6ef598a9,37e3884350aeec6d75f9f43bfc410f6e859255bdf02d3716a04e70ee4e87808f,978f8192530d149974716199d1f9cb32b09ff205b8520ad54c45581fe9b92cbf,f9af9fe110ac0210dc690d849688c375881c53636a5b53055d21ed0f81fd91a8,246,707,1163,788
828,Gao,113,,,0.55,Gao_0113,0319e6f3b4f50a35dc84de126d2cc6052a34e4775817bc0bf220882108279d0e,0200210bcf15d900163b083f37822f819e4cacf358747423834334ad050b737f,78f8bd0f7d2e517f9b88f723b0a1cc4ab4940374d4d527fe215a438c7f4054ba,050612aec1185b308e48866e93d4c9a20aba1de7a450184f2dd7ec408a74220b,9827d7609694fdb327098a1478b4af3069b68c1afd67e92d1c2eb8b86d472c21,556,27,690,789
829,Gao,114,,,1.73,Gao_0114,e7766cd6847339c7f8a0632070fd053b8990ac4a5c8333fa2d5c50fbc891650d,0200210bcf15d900163b083f37822f819e4cacf358747423834334ad050b737f,c13979f4d03a8594a13e2cffc73ba1a89a7616a61acd89ca205551cd4cbdfcd9,0f7fe77fa42f33ee248fe461fad0d121db44aa47fca47c391989f22da75e713d,590c544865d81238fdd8d34e68f80231e7ec3fbfbdf060b4075b92f092317367,921,76,401,790
830,Gao,115,,,5.25,Gao_0115,9e6b49be1274e71b58cf66a2b82cb6fef6070d95b9a41ef50e0f3c56d8116b9d,79a9af327ea103eba28cd661ee4a5fbd1877d89cc8909ddb6038947c6ef598a9,857ba348f4be7c078d0b702059e4725052c78b44cb0d5a82b102f742b4a0f451,6da0eaba828ac9439f91dda0e9f379171b41cbbbbaf1174af35abd86a35fac61,6c0a0513d209e8d9200b3575f37c6e5ae7353671cdb6cd05cb0e72f69634a5e9,609,529,490,791
831,Gao,116,,,1.19,Gao_0116,113d560e424c7b6893012e68060d637c338317cae88dcd8e674480cc259535e8,79a9af327ea103eba28cd661ee4a5fbd1877d89cc8909ddb6038947c6ef598a9,ae730bea701f4273789d01679f227fe74b54da8ad2391bff51be6d6e6c36a4ca,f3346f926147116b8667f29010e5fb34fdbf08055be74a0caad706234068be2e,a4a07546ad70f11e21b6360a4ca41135e282aa2beddd855feddc8c016189e508,811,1132,757,792
832,Gao,117,,,4.99,Gao_0117,cedd22eb497e9596a8740ae3b09435f314213e7320a098b5a402052044dc8f75,79a9af327ea103eba28cd661ee4a5fbd1877d89cc8909ddb6038947c6ef598a9,a270a519300ac7c3b49fab10a71df0fd5cf9776c45030b1919ff1099ab1467ea,45ff350f6138d28ccc55718872b956d5b52ad40c6702f1c51fd30fce8254ff63,eff5f15c4215b6f211c56b6f748542a290ebb928ec0574a6e86d4baeb35bee52,756,334,1121,793
833,Gao,118,,,5.0,Gao_0118,a3c1faea2f03606e3c3032770d1193aaea974eff5502d791d87e2c92ca548adc,79a9af327ea103eba28cd661ee4a5fbd1877d89cc8909ddb6038947c6ef598a9,b2dfef2002c5b8bb0c68863888d5897e156c8f8afc263d78ff858bd4fcfd8ec9,6c6ae2536016965e6517ba84b558fe550a9939d14f7a4e10a1d9122921cf68fb,a8537444cfae9be68b67e466167b72d0bffbf11b5d0ff8323e0fb0019dc07e98,832,527,775,794
834,Gao,119,,,1.23,Gao_0119,7c275c8f54ee97bba0f0b35cdd9fe83aa8b0210f2d9229ef75dae02718b5e5a3,0200210bcf15d900163b083f37822f819e4cacf358747423834334ad050b737f,7a6c956f24b3d25cfc393de66e915ee5411fbbdbd4a6aa6ee358b642811d0247,73a1f1e6615ee702ecba49b2a476b01967608109608cb13a0f9d721a2fffd5ab,4667c8b00b0c15352e5f0a7afc475088c86d28d53bfef249c5161b0c479a8762,561,557,311,795
835,Gao,120,,,1.08,Gao_0120,324c547b2cbdbfe82938005244090c8c2e8491bd56774a3f73908a7ba1c751b3,0200210bcf15d900163b083f37822f819e4cacf358747423834334ad050b737f,a9e91f3a84da8b90820332c5be00b3d20682a33674b656b67eedd4ca6d341e22,fda484548d8ecd820d57850904312c9f08da6011864f9e626e25787b615eefa8,e8f305f3fd6b8bdb1da4f70c51a3e422d2e7450b5fff5e6cea33471dbfb60963,783,1181,1083,796
836,Gao,121,,,1.57,Gao_0121,324c547b2cbdbfe82938005244090c8c2e8491bd56774a3f73908a7ba1c751b3,79a9af327ea103eba28cd661ee4a5fbd1877d89cc8909ddb6038947c6ef598a9,8812e2d3b7315044e4b02a2fba0b9ac5563a0fb7a1060badd51df4c20ff726d7,bac627c706dbc5fe6bcdc1f98c2bb28cfaa6dfb0617188827db0f2a8942441a9,d42a67062f94ba1497281dde49ee8f928ce3c5281e0d55b4cd1abe4b74229dfc,622,855,966,797
837,Gao,122,,,0.79,Gao_0122,b4b5b1b9e3538bbfccb34a8b7c27a2bb167e09be270126209b8243cfc92e4355,0200210bcf15d900163b083f37822f819e4cacf358747423834334ad050b737f,a59f62f8a64a64c7b705d69b1f0ceaae44db14ef40938088ce5f80006f932cf7,b672c4b61a53e2832d6fdae6de76d7c6cea92ecf4ee4159e7a0ea597f1c0c12c,3bb575eeab66fb1fa71d9f26344d7aad92ae6b89eea6ad10d4033f313b0380cb,767,825,256,798
838,Gao,123,,,1.14,Gao_0123,b4b5b1b9e3538bbfccb34a8b7c27a2bb167e09be270126209b8243cfc92e4355,79a9af327ea103eba28cd661ee4a5fbd1877d89cc8909ddb6038947c6ef598a9,53c0350830283913ff7dc924f15651abe0ec14e94f28950d92fd885829f848a6,25b52cb73480a5891e6ea38e00b9c1388ecfff2651c413c8f747bdeea998e184,0d3835331c11da18e4b9ae42e186974b7e616cbc368dac3ecd897b6671993c27,382,183,64,799
839,Gao,124,,,0.24,Gao_0124,0344bfb1f71277b39dce982c8412cbacbf7da40c036814ee25b50e43198241ff,0200210bcf15d900163b083f37822f819e4cacf358747423834334ad050b737f,3e573b033a7cc6a1d2cc9c8adf7690d2636ca0b1834313ed145f73254d7e00b8,d50cf879b4159a52a846413e7da47e33a6423670f9eb8528bb048bb4d6d5f950,e9ba8815f23df915a5c803adbf373d28ed68cdc5fe192b6417b2923dd187d5dd,277,985,1086,800
840,Gao,125,,,0.39,Gao_0125,0344bfb1f71277b39dce982c8412cbacbf7da40c036814ee25b50e43198241ff,79a9af327ea103eba28cd661ee4a5fbd1877d89cc8909ddb6038947c6ef598a9,857a7a947a2c1f177823267b43b200e98830d0a0b0b2be595b903c80fc590ace,68ae429a3a2510b49344da60f6063654fc21479fe7f3a11c6d9bd049a60dd7b6,146f8323196eb5a0e9b478a8e632d047b3a7c8f34ef1152c3a06c99f9b8eebc0,608,506,92,801
841,Gao,126,,,5.61,Gao_0126,83f2807df8f78ac3aaf92571e0cb3d61485e0c01f2d0770cdbd0ddadb87c74eb,79a9af327ea103eba28cd661ee4a5fbd1877d89cc8909ddb6038947c6ef598a9,9720ce48b1c213c55ef9b43e27f0e93dfedef49920abfe7e8124cafcfdaa3122,e1f135fc12bc32b794c7d5b30c285bcecb83f6437e56cc0736cff1fadbd135e7,d4a53b7d5085ea962e99f8913eef5ec4717ac217c2a797877a92c0f7cbbbb0f5,691,1042,972,802
842,Gao,127,,,3.09,Gao_0127,97643ed1bd7499d9bf23c7881ee205d1da929fcddb1d09fcfa1657384ec60a22,79a9af327ea103eba28cd661ee4a5fbd1877d89cc8909ddb6038947c6ef598a9,17c953b306b21e1e939635c97bf58c5df39cdbd4b67fe0279b0354ffea006a1e,a223e3492703b719838449ec09d0cb7c5103935b343929af8b406de54feee754,9cc88e8a5c237c668c5ad1982dcf122c14e09cf9496dc76388c2f736cf7c0255,112,759,713,803
843,Gao,128,,,0.85,Gao_0128,e9e023d1cbce6760893be036f68ad7d7d30fec1ae1c09fabb069ad144ade0ec0,79a9af327ea103eba28cd661ee4a5fbd1877d89cc8909ddb6038947c6ef598a9,4e758f97d1e01f950d30744c021b70349e82f85c896dfba23a74b83b121fd911,0a4f17463dbba8c1617b5013dc5b09859dc126182f29ea236bac5e5c420d1c1e,b364fe08882a3a543e5243240171cd2b83d325da742347346a9d00f0c6b7f1b4,361,54,829,804
844,Gao,129,,,0.47,Gao_0129,13855abefc055affa56a8efdeea6515dd7c20d2a8175bf3a18f38a78562ae4e5,79a9af327ea103eba28cd661ee4a5fbd1877d89cc8909ddb6038947c6ef598a9,f57d63787411d185dfdac286e7431bd6c660cf5b9c4aa9ab4635206c26e3cd9f,bc7196134951070106793c839fde42fb7832843e4e8ae1a5a0f77a3983359a70,d585d1dc116c48a193d30eaf0c7f10c9d1ebc78c1cefd449dfa94163f9cc3f9d,1150,865,982,805
845,Gao,130,,,0.8,Gao_0130,13855abefc055affa56a8efdeea6515dd7c20d2a8175bf3a18f38a78562ae4e5,79a9af327ea103eba28cd661ee4a5fbd1877d89cc8909ddb6038947c6ef598a9,f57d63787411d185dfdac286e7431bd6c660cf5b9c4aa9ab4635206c26e3cd9f,bc7196134951070106793c839fde42fb7832843e4e8ae1a5a0f77a3983359a70,d585d1dc116c48a193d30eaf0c7f10c9d1ebc78c1cefd449dfa94163f9cc3f9d,1150,865,982,805
846,Gao,131,,,0.69,Gao_0131,02c51c556a74cc0ca4a7a250804fdd86a165a0494d730455efaccb0d5a8e5897,79a9af327ea103eba28cd661ee4a5fbd1877d89cc8909ddb6038947c6ef598a9,c317df8784919a812ceed7c528247bc7ccfc8750f222edbe6cc0cf8f8041b26d,13f36a792c5587a9aebfa7e3d56e98f5c04a7670b57d7b1990558663eb310517,81f5c74d0efc5bbcca423423e8e65a819ac12eb818a53d9e32d39011c70619f6,930,95,589,806
847,Gao,132,,,5.21,Gao_0132,a59954e11d006577fe6b0aceeff35fd90a19c1786b8eacbd7135c968ab7854da,79a9af327ea103eba28cd661ee4a5fbd1877d89cc8909ddb6038947c6ef598a9,9eaaa77166ac47be1b858c576bc1608cd40582a661c2658300e9b921ba77e0ca,e159e95ef813647d7afc5d5bd7c99f78bdad16a492a0cb7da76e7d586a225a68,c296c84440065b01a62b228e0af12cc464a72f8c781573f7979939abd6165417,725,1038,896,807
848,Gao,133,,,4.83,Gao_0133,9f90cfa70e2cf33a26362718c468f7531af04193b41db41434f179cc90b19fee,79a9af327ea103eba28cd661ee4a5fbd1877d89cc8909ddb6038947c6ef598a9,ad040850fe076f7b81edc89fdea1119a821ad9d1d99be28fd41643417d504359,e93ec2246c0af4fe52bdfe1629ceac32f224f1cbea6a7d6d0239ee3dcf86ad26,7bf7264ea2e7e8e65c1c237dbe3b9e758a6b7521ecd080d6a46f5f0bf7945bf2,805,1075,563,808
849,Gao,134,,,6.05,Gao_0134,7d2b9b0d117dcfb55c681222cb53a01340c8546c685f2c8c8d3445080ccac915,79a9af327ea103eba28cd661ee4a5fbd1877d89cc8909ddb6038947c6ef598a9,0da231fbde72aef53a30f94daf160bbd6fe908590935b31b177eb6727e8ab5b9,f06b7cc4b0b64d64440fb7a4e91d82c4f845e0b12e672d35bf141254f619aed3,2e9c89706c927d2d84c8f3e6d1b303d4182766a7d2a8aaa6afb3a4c7560d7d5b,64,1118,210,809
850,Gao,135,,,3.1,Gao_0135,70830667ae087b533231a0e7087dcb1d6626805fd1dcd433b93e3f6565edcc67,79a9af327ea103eba28cd661ee4a5fbd1877d89cc8909ddb6038947c6ef598a9,74df3413b73197d40abb5f6c0eee0363cd70db016c8fd423efdc5c1555118187,5c2662a56ec123bd960c78765983e4516a1ecdd720c34d51670fdcfeab777962,26a7739cf7247b8ab63211cf41cecab6aa88fa4856e21a9692ad1ce1e8b5d4cb,529,434,161,810
851,Gao,136,,,6.5,Gao_0136,1c742257e7fe70912d94cf4164ea081f01c4ed64ada13bfb7dca20640063338e,79a9af327ea103eba28cd661ee4a5fbd1877d89cc8909ddb6038947c6ef598a9,ccef8b78299fad02767b50bfb87466c4a1679f1f6ee8f0cdf332190fd18f9017,eeb3677cfd8ca7a6b1d71edae89be917b2bf48629ee42946ff1bd76688c3ac02,29565d825266e6210677dd1b33391988f8f0cc4590f527eb2db7953308a0b9f9,978,1110,176,811
852,Gao,137,,,2.5,Gao_0137,19cc897812768a292c2c8fa96aeb22e8da80d44f67d714d30ed1435c28e8eb13,79a9af327ea103eba28cd661ee4a5fbd1877d89cc8909ddb6038947c6ef598a9,ecec2b7b97c6f11f150907c09c66a0d5df4e8f3e4e2f70646605f614f23fa4ba,702bc5c0f6bc65eb320175d88a1b94319b886ff7abcee5d4c221a096a92f2c25,af10529cc8adc1a07c1e4d136c9858c3ba6793feedcd1b8fd5ebc167c367faf9,1116,548,801,812
853,Gao,138,,,3.58,Gao_0138,c9457a72a8d6d2bb0a15631439d29bc2254f68bbc07a220c1fd1d00039546954,79a9af327ea103eba28cd661ee4a5fbd1877d89cc8909ddb6038947c6ef598a9,5e2427533e1ab4dc4a1983fdd602b99a84d4094c17c92ecaa2d5bbb9e763bd52,a20b715cfa03333603363b7149a4a1ab75b021adf998960c727a84b344e6261e,11d8535de9099ea2f33bd0abd3b307970ae6e8319bc8b90955abc3a2d6a34228,422,758,78,813
854,Gao,139,,,3.19,Gao_0139,bb71b80695fd22e11a9f4e4edc2631f3e837586e13e0d0fe51a308fecefec679,79a9af327ea103eba28cd661ee4a5fbd1877d89cc8909ddb6038947c6ef598a9,0d453c6c08de1563585e507489738d8330528b294897511a8f1a63779222e6f5,7a144e6592248ea217632af2d08fec6d7c971cfd4968f5a09997d483443479a2,3c2abf9c7c5e907f748a82bbc8e71be6de92a01b91c354d720135121fcea9ec1,61,584,260,814
855,Gao,140,,,5.42,Gao_0140,937c5f33be7a6c45c24a48e39b107480f5530c82729ea3c464e2ac531d25ae2c,79a9af327ea103eba28cd661ee4a5fbd1877d89cc8909ddb6038947c6ef598a9,8d3d50f8c4cd7dc6fe916df3320d0f2e657f0589a2e92c139459ccee67ae9ca9,36919f966b4be74da836000c633a71e7fd8eec982a89a962611c387b57690815,13e338388cabfac123c896ab7e55068562710316e4991377626a1d77924ba570,652,273,85,815
856,Gao,141,,,1.48,Gao_0141,21a22d066d55eb617b66b608cf8398e44c3528fe24c51e2434487cb9a0e6d167,79a9af327ea103eba28cd661ee4a5fbd1877d89cc8909ddb6038947c6ef598a9,9bb084b48cc0fe7c6cdbb300a0a68340f0974b8263a0c28dd76acd15ed281ef4,73d8955852e3a7cd2b40ef80222a75941795c2ad4530a5ca87442c844886b3e4,1c0a6f1cf9a01fe326cf2525eee619c519b3869e72ace91f6e53dffe916faa9b,710,559,118,816
857,Gao,142,,,1.21,Gao_0142,3e779f3b62470063086bcd593a485fa5c28ed4e86d15fc66aaf12d01544cd252,79a9af327ea103eba28cd661ee4a5fbd1877d89cc8909ddb6038947c6ef598a9,130ed585b6e1a25a43efacba8b0ce27fd564aea2079891326d938191a913adf2,7ce207ccde3544b4d22cb2f00424abf6f1d193e33d0c887d1f48ade5a023d407,44c66acb32a7dc37414422df1db4fb7529f75b2b5b8509e0c70b3d621f45a160,87,595,301,817
858,Gao,143,,,3.84,Gao_0143,34114b9db4e422c58fff591b3203fca464b928587d8d01b7cccbb4bccdb676e1,79a9af327ea103eba28cd661ee4a5fbd1877d89cc8909ddb6038947c6ef598a9,017ca2dad6f907cef1d365f524ca9c6a69e738aecbb3c06122d6f1daed2c0d25,8808bade6f298fa9fd8dd14fad0a30f95d82b7570ef6d751c43e2d0ec49412a8,5ac03643f209358f2d1b9bf3ad0cd3700a85e406b79c8a3bd3cfea1571554a6a,3,637,406,818
859,Gao,144,,,4.34,Gao_0144,9e916c699e9571d47d5e715f24a14a25731a0acb27c62c1f6174499b62bf153d,79a9af327ea103eba28cd661ee4a5fbd1877d89cc8909ddb6038947c6ef598a9,0fcf7261dc5ca660f251301e757b2955a2dede2f119a4bebdf4f71f28cbb3d11,d1c46a6a694ae0dbfb4951ce2c23d90ce82293fc812f0042f72cf8e9b9da7900,4ff1384b3c72b88e5777097d08e5b8baebb9a57672ba3905dbdb073fd8f9faef,71,970,352,819
860,Gao,145,,,4.87,Gao_0145,de45e6d91af04eafbe75449ec08322fcef2ac56d9e1ee2b9fafc76ec442383f6,79a9af327ea103eba28cd661ee4a5fbd1877d89cc8909ddb6038947c6ef598a9,5e93c0ae39122291a5b65954a776e35a3b3c351e0e9f4ddaaae1e9187853fcf5,de2211e866f6951e0860303e27b18dfa847d0cefa5573c4c75695d414cbfb53d,cc8db3ca93535becae8431ede463c20215f36f9e7c86559f6c1980f369304315,424,1022,940,820
861,Gao,146,,,3.53,Gao_0146,2cb3494ebc714f06d765367eba09284f29c5214205863b5d619618f37e989a3b,79a9af327ea103eba28cd661ee4a5fbd1877d89cc8909ddb6038947c6ef598a9,9b9b24fe199787cf8942330143219e98a0569ce053704a6d4ba5f662fe3fc764,61b1efd904743440acc4b1e719b91d17e4016715d31ed7e362c76d0bea1ad9d7,356220e8753e2a36fdfe98bdc8be02ea314519fad220a2bb7c7e5d684798e6da,708,464,239,821
862,Gao,147,,,3.69,Gao_0147,1866d655f119dd8f042d839bd8ecb83afc1deaa6f96401d320c39c83294ba85b,79a9af327ea103eba28cd661ee4a5fbd1877d89cc8909ddb6038947c6ef598a9,5b1f0f9325fd7934d75cb935bfab2bebfee09c75dbd29d74d68a3d39069d2dcd,97149cfe160ee2422c07d342ad3a06bd164010815100df6b3bdc45d6545aa9fd,b2a186ec001402de34c09c21709a719ad2bee406f1eb59f1d3ffd59bfbcc57e1,413,705,826,822
863,Gao,148,,,3.31,Gao_0148,0990409f48b6fb52fa7202b1f6d1c6c1f2b3e2bb2a94cdd8008c1542c63c75cc,79a9af327ea103eba28cd661ee4a5fbd1877d89cc8909ddb6038947c6ef598a9,99107fbedf0bd89f738e7311dd8285a77bb57f40fa1e25f03ce63543e612c6bd,b9a6eabcf916a39092cc27860f680868c6573cd2de13e51f545189811b5c326b,212df0805a9f49680cdcf053cb54dea855d3f40d8b77000f1212f5a1b5267541,699,848,137,823
864,Gao,149,,,3.22,Gao_0149,596dfe981dd4019afbc746ddf3f2d865a47895de4f9d9df3090084fb926b7560,79a9af327ea103eba28cd661ee4a5fbd1877d89cc8909ddb6038947c6ef598a9,cfdb2ac4640a857b8d68d0b3808cbfeed612d6de6bf23a37b99c9822c9f86cb2,0c832f3c2da3c6b01abea49dcf77e95923335b98b5e3ffc8a4ae29308557d21f,2f0e79abd6aa63db77a65fcdba88a090189c08606de051a6ae25dda38d8a629b,989,61,212,824
865,Gao,150,,,3.53,Gao_0150,0deb1c2111976ecac7ae039c251cbdc2be1370c22d0b35f58c59619323a6fe83,79a9af327ea103eba28cd661ee4a5fbd1877d89cc8909ddb6038947c6ef598a9,115dfc81333fba7e1fbe15d5e28525b355d00f799d233fd87ee80708d0a9bae1,e7212e788763bbbdfcd0888fe22acf6926744f3c8177d4f32d7f38e25e1eec7f,8b1c24a01743d5a87f5eaf6d2792eba6fde454e9e78d83baa0d3f9ca9ebdbdfb,75,1065,628,825
866,Gao,151,,,3.08,Gao_0151,3d6901426682882dc71df0d5784d555d65dc5e571adac2d4dc8379d5f184c7ee,79a9af327ea103eba28cd661ee4a5fbd1877d89cc8909ddb6038947c6ef598a9,6cad7308723ec91f47c779023f5a380e41f779bae6b5196e3e115df8a2e2b7f4,d00c8888d5bb5f93eb2b12d0c538d1ba90ada48e3addd85a145183e237df99c8,9041929ed9514715f3a3b616778fff6b702df4a01aac0920c684f3a9e3ef1a85,493,957,651,826
867,Gao,152,,,3.9,Gao_0152,b2e4b30a14da04527d474228aa9624ad1b621d3bd8e08af639ee46c947189d07,0200210bcf15d900163b083f37822f819e4cacf358747423834334ad050b737f,930e855a1792f0a4946859c76159d492873218505a36f69341f7b84ff79a302a,00ef88f5c44924beb0b2c47c2d177f07645d5ad5df653c02481a66fa8a26bc54,62f291e7e4808333540ba5b623e01d06f4835ace52c8fe3b81aa2a01fff62454,672,3,447,827
868,Gao,153,,,1.8,Gao_0153,484234dc75a476d1c78553c32edd693cc846c5b1cb9955aa5efd12f309df496e,79a9af327ea103eba28cd661ee4a5fbd1877d89cc8909ddb6038947c6ef598a9,f1661061016806ce3d911b18c3815930bfa7d5fc2569666c8da1fbec11ccf67a,de9db45af5852d26aa0705f92a56d0682ef44e0973553c1e5107cb6167da38fe,ff5ec38bf8bbda2e092f6119a6e7becba3b45644ca033bc47d2f8aec085895f2,1135,1024,1187,828
869,Gao,154,,,2.87,Gao_0154,cee0ade1adedac4f1c350e305dcd1e81a22bd11836bc2ff5390b807f3313e84e,79a9af327ea103eba28cd661ee4a5fbd1877d89cc8909ddb6038947c6ef598a9,9be27402d8c63fab6396827e7de984f270384e99c6de4f13f113e7509fe1ebac,4a438bbf8f06b20c3c4071fc35700375fe00e523d4604b8032978bd882d8bb59,0d73f7074413951eb9803af133f16b075ecbd4413725d52d7662db0a24d38f2d,712,352,66,829
870,Gao,155,,,2.98,Gao_0155,4dd0ed61d69ee5c705eeabd61027df4461fe8d322b826bd4bb17390990db4086,79a9af327ea103eba28cd661ee4a5fbd1877d89cc8909ddb6038947c6ef598a9,346dadf77f091da904a0cad5a320346fa209c6e8c442287762bde6c0e889a839,f8cb6bac5f50bc6a160e72d00683cd7b9a95a03606c1ae32a7f18245a9d8de81,5b21b22f21b12d6d16c5d5863b2a03235edc76a21b06c4f6407558e20914519c,233,1159,409,830
871,Gao,156,,,2.51,Gao_0156,cee0ade1adedac4f1c350e305dcd1e81a22bd11836bc2ff5390b807f3313e84e,79a9af327ea103eba28cd661ee4a5fbd1877d89cc8909ddb6038947c6ef598a9,9be27402d8c63fab6396827e7de984f270384e99c6de4f13f113e7509fe1ebac,4a438bbf8f06b20c3c4071fc35700375fe00e523d4604b8032978bd882d8bb59,0d73f7074413951eb9803af133f16b075ecbd4413725d52d7662db0a24d38f2d,712,352,66,829
872,Gao,157,,,2.36,Gao_0157,951c82496be4c564a0aff4daf41f72ea2353ff8902ec7a1020c5a255a374dea6,79a9af327ea103eba28cd661ee4a5fbd1877d89cc8909ddb6038947c6ef598a9,b29bc15e970629ee2f2a69b7f26db8ea649045ad316615f3d7060ffd1971288a,3379a025406695b1e26aad63b88598f0441dcb20c7372d151c28e5ac314018ab,0745aeee5eb47b4a9fe0c4d059f80e2c3b00dbe601da73f814bdb3a4e3b3564b,830,262,35,831
873,Gao,158,,,1.04,Gao_0158,1c8f708d8095b8b8f3a223fd4d592b04be16f5436fa320ef06cf3cf3aac06ec2,79a9af327ea103eba28cd661ee4a5fbd1877d89cc8909ddb6038947c6ef598a9,053aaab9baa88244292e0c09a1e056cbd5f8b84f8daf90e7519a132636bd6d4c,5bd839de61c20abc412a3bb5154e0cb975f5c49a9d0ed145ca426ce763871c87,1bd19e7b958cf23e503cd76deab6377d50def9b51365a1f2e8a6cccc0152382b,24,432,115,832
874,Gao,159,,,1.54,Gao_0159,5c4c2d47379d6675f56ed3cc561c1de2d1ede0ab65ba623918e3bba87b6eea61,79a9af327ea103eba28cd661ee4a5fbd1877d89cc8909ddb6038947c6ef598a9,e5444ff6fb588d1bf0dda9b868decbb43a80deaaaf5d01082467c83db8352db8,636259ed9d24a104bfd8bed5bf66964bf3f31698e58c11b90f3d01d0491f48e2,5c37dffc4fe0f3b8868a18da62157a8f560e460764a63395347f50253b35663a,1084,472,414,833
875,Gao,160,,,1.95,Gao_0160,5c4c2d47379d6675f56ed3cc561c1de2d1ede0ab65ba623918e3bba87b6eea61,79a9af327ea103eba28cd661ee4a5fbd1877d89cc8909ddb6038947c6ef598a9,e5444ff6fb588d1bf0dda9b868decbb43a80deaaaf5d01082467c83db8352db8,636259ed9d24a104bfd8bed5bf66964bf3f31698e58c11b90f3d01d0491f48e2,5c37dffc4fe0f3b8868a18da62157a8f560e460764a63395347f50253b35663a,1084,472,414,833
876,Gao,161,,,4.25,Gao_0161,555005dca41aa13c02860543e1c61c03ecdb013a7754a9af22a37fd792b42a4b,79a9af327ea103eba28cd661ee4a5fbd1877d89cc8909ddb6038947c6ef598a9,ed7a66caf8e0eb2ac01cf3959dcd1c69e9a7b79f1b0406f7fd5a5e8154ba3396,e4e4a1dc92e77fa5ee5e1290558c9079dbc5a10514a726b213d1a2d4d347a537,854c2918ce8b2c181f5d14ee1bd73100e5e833ffbedd7f6f0de4050689df7163,1118,1057,606,834
877,Gao,162,,,7.91,Gao_0162,cfd8d39b1dc61de23961f92728349682b90189ad355597fe7cd2294b5e72c5cc,79a9af327ea103eba28cd661ee4a5fbd1877d89cc8909ddb6038947c6ef598a9,1af375ece02676bb59fd61ec138ec178f5325609419666c52df5f9ab9bedbb4e,563d7a044aa3f559f588694b55fa389144ad27de7d6d0329cd3b376ae5547efb,40a59a215f5a4eae7ddba63e5aa98ca5fcd6caef4b17fbd4abc79ba15ee0ea0a,129,414,281,835
878,Gao,163,,,5.55,Gao_0163,fbf7288edce5523081e3471d501c47674507ea1c3e543a1fb86bfa65b4dad186,79a9af327ea103eba28cd661ee4a5fbd1877d89cc8909ddb6038947c6ef598a9,c1cb3edc4699e8699053605fb81b860df40b82bbc5ab79166cbcc5248c582f76,76732dbbbd08096c814ed20f178dc75ba75027840e574d6f9dd374c13342cf9a,5fc754149f852fd1e8e9695d14d64690e75af400bd6043fc209e8ba2ee5ba716,926,571,429,836
879,Gao,164,,,3.54,Gao_0164,1ae5e2e0bd8933d6522e160019cd1bab3712eddaa8aec2e87a0bd10bd8548519,79a9af327ea103eba28cd661ee4a5fbd1877d89cc8909ddb6038947c6ef598a9,8e57189f683b134e5c6befa07bbb9d5f388d43d4aedc602d25e7724a3510441f,c8b6c0473e418a5f4df8d5128338f84da95a849f82858385098e20f59103843f,da92526a3141ff73bdf892181e4d865a4cd303011c4f770e39a9cd406d9908e3,657,920,1009,837
880,Gao,165,,,0.5,Gao_0165,35b5678ded9165aefb744ce7c4219be44c173e859e31aa160c6b53e8a0050ff3,79a9af327ea103eba28cd661ee4a5fbd1877d89cc8909ddb6038947c6ef598a9,507494009a292020ec268246a6168a1b1294bc9082565618fd5ffc31f95e6f12,87a36919919dce3260b5e042aea63dcba879cacab151ca6e6490c416b8ac4938,6fad3d35a2ba9f7f023d548585acef02b90e3bdc06f7ad32ce79de606ff92e5a,371,636,506,838
881,Gao,166,,,0.7,Gao_0166,907df83babdf5eea703f8f88a501fce5ee9a6ee8d2fe039802994e4c996b3e78,79a9af327ea103eba28cd661ee4a5fbd1877d89cc8909ddb6038947c6ef598a9,fa360cdbdb07938e265ae5014a86e164e13ed5a95272a280ccf74f45d548dd4c,e8c88a43b15863f357debf9abae66fee98efd7180d1d348c8e0e030e417ff9df,3ed6cfbc415ff064e36d4ffc5aeaa5e65455eead04b38a02aa30f63e18318f89,1167,1074,272,839
882,Gao,167,,,8.01,Gao_0167,c0f72a8a0040b1248381a34b9ba9a722d59b730d20051d070c1fa219274bca30,79a9af327ea103eba28cd661ee4a5fbd1877d89cc8909ddb6038947c6ef598a9,c119789f8b1aff9d96e3ee38edef3e963560dd56f83c0d04e9dfcd8abef1f2ce,79625f8bd5b99aaf229fd457f17e81dbd0283af253d9218719cf001b6b8b2c91,d4584a09fcd6b6a8903b6ae8323c4e25ad684b3aeb1fa5ae0cdfcd616b253c21,919,580,968,840
883,Gao,168,,,2.8,Gao_0168,9a975fda8393ce6da4f6240a47de9867336f847225f4bfa3e558558cd6f4f615,79a9af327ea103eba28cd661ee4a5fbd1877d89cc8909ddb6038947c6ef598a9,0f369e7b0e6c083ac9da8ec022f42c3b5cfa865b8726c8f6f90717b45d8ed0cc,9c6f6f5ab3cc7c851d08eef5686d0ab63074f25b818d72c3feee2f797ce76ad5,23ca02514253c2a30c0f7c2a3431da1c8cc82d4ad5a4391ee0ee44960e6f2f91,68,728,146,841
884,Gao,169,,,8.56,Gao_0169,874c330757bac48a1f2ffd1b07c90e148ab1141d3ce23324c99262b2f19f7669,79a9af327ea103eba28cd661ee4a5fbd1877d89cc8909ddb6038947c6ef598a9,b659442daa460053af34cd29ae2f70a06f7c2a187b5cfb2fe38f5ff1de402c24,bf8eeec9716aaf7c05f41a39bba9dc802c12b02f492f80174249d69afb8369f5,54aef9fc78b1f7c9ddc794faa913acd7c5592adb94dd8d9a82c49ff3f9bd1ed2,859,881,381,842
885,Gao,170,,,7.14,Gao_0170,874c330757bac48a1f2ffd1b07c90e148ab1141d3ce23324c99262b2f19f7669,79a9af327ea103eba28cd661ee4a5fbd1877d89cc8909ddb6038947c6ef598a9,b659442daa460053af34cd29ae2f70a06f7c2a187b5cfb2fe38f5ff1de402c24,bf8eeec9716aaf7c05f41a39bba9dc802c12b02f492f80174249d69afb8369f5,54aef9fc78b1f7c9ddc794faa913acd7c5592adb94dd8d9a82c49ff3f9bd1ed2,859,881,381,842
886,Gao,171,,,6.96,Gao_0171,874c330757bac48a1f2ffd1b07c90e148ab1141d3ce23324c99262b2f19f7669,c67b311bb15a63b3ba415d55561900d7ceb1b98a023b73169bbc1070d1a6b7d8,19e2305308b1e7d1ee1c33bf22bc1e09806f29c4f996a0688f717af7355af5ec,6c478ba349a7d8532816e95ebb2d60171633824499607276ae798d9ae09cc0c1,ea0b1d36f83dbfb434a7947007922299e0bd63c534e496ce6932f910a5657c69,124,526,1091,843
887,Gao,172,,,2.5,Gao_0172,b0978c9ef08b2842cd0515e143433ab5dcf1aa85494676fc09a78effb3f1cae0,79a9af327ea103eba28cd661ee4a5fbd1877d89cc8909ddb6038947c6ef598a9,a0e5e3c73a3a4ec643f30f3a582c914ec9a67621b490f97aac8aba5c5383ca03,a023ca28e6c7f7c60f5488d1161ee1e39ec185bd7556b4507ac5af0d32216e59,b8c2b3714a18b58da1255461fafff122816487188ac3f8a29ed19a718e2884a9,745,749,857,844
888,Gao,173,,,5.21,Gao_0173,a84f8673a8c1102bf7364f085f1201f0aa12454610ae33f9a9a5b4472cbcc73d,79a9af327ea103eba28cd661ee4a5fbd1877d89cc8909ddb6038947c6ef598a9,2214d03497fded62d375444b51858a437bc5af105f17f3751eba1ee5df0fedcf,bcae5c6828415df52bfe500db6dd874eff4f2e754194bbdbc0562dd7f5922af9,9f382e46738d7227140fa24a243c07a0229a960bbc2f4bf2125558d55007fb63,157,868,726,845
889,Gao,174,,,5.9,Gao_0174,fe9127ad7216cd502a6e055dbc328dbe09495011dfd99d3a01c10accd6624fa2,79a9af327ea103eba28cd661ee4a5fbd1877d89cc8909ddb6038947c6ef598a9,6f63404a8d7265b30f603b71bea0ca5a54fcdf6cdcfedce371c05d9a56416cc7,6ea9ac0bb6af69995fd1b5ce211247ae22878624dc86a185466380e29865f452,94680516bea593fa08133b7fed00acbe89b40489f30206363c164b69b725d9c2,505,535,674,846
890,Gao,175,,,4.88,Gao_0175,913f1d9da1183fbd7f073b622c1505838497867ee765f23c69a340a5e54acdf0,79a9af327ea103eba28cd661ee4a5fbd1877d89cc8909ddb6038947c6ef598a9,5534f39b9352ae99ba593fcad9b8de4ab7c0a33bac86ae5b44a115b1087f9e75,2e406e800f430ffb07d9e0bd0704d62b113d34a39bfc6c59762dc21b21080f90,f25001cde9d6ab72719079764021d51786f66f8d7efadbe8b1745109bf32ca92,388,227,1132,847
891,Gao,176,,,7.2,Gao_0176,0245fd26bf56ce3c8a3d7bc48ca8e5c0d8a8c3632a52312958154092a893d584,662249b27f71717e6cd10bc40d9d82bd63bbfc14fed03ba60280ffb003a773e7,bc075becc9b7388613f2fab65b85b66e133761792e07d1f093667ea75ed91942,6435f9cf9bd904ffe16dc8dec7e6deb26438c3352b590660e538cf4389e914e9,58fdba572cb507cdaeaf2045ae1b43ed47f7eafd5ce5ba9bd6c62e7600611969,889,478,399,848
892,Gao,177,,,6.1,Gao_0177,81118b06a17c39dff2e7b0ccca5b7355c489f202ca153d6e0568e2f775f7f954,662249b27f71717e6cd10bc40d9d82bd63bbfc14fed03ba60280ffb003a773e7,45cbd178aa4fcaaa3979c130b5525b70729e2084d89bb698fc63e7be4e664a63,f2a49c76e7f624758e7d5c8b62a265df08b1aa266506977956c8e057520fcf1d,471e5c2a9112cb60e66a910aaa00410c60d88321e122810b3e4fe610319403ad,318,1129,316,849
893,Gao,178,,,5.1,Gao_0178,e55c0622dcb583e93c80dd12cb6bae5d8be7ed4abf89d80bd21601c1c6ecebc1,662249b27f71717e6cd10bc40d9d82bd63bbfc14fed03ba60280ffb003a773e7,76b6585fa7a3a733524e9ca98ed0bf029be7d2cb78da24fa697ee2868dd7e74e,9226e06987a51f3136796380b860dbdc7d7b4abe9d310d8e28c4ca91ae0fb131,8138f258e8c6b3b93279f8c137c8eae5bb4290ce74b298549f39624bc1b92a6c,539,687,586,850
894,Gao,179,,,2.09,Gao_0179,0c5c81b3b358ed6b3ca9ac528c1e352ae072a9353ed94ee6573eec4dc7c0aaf9,79a9af327ea103eba28cd661ee4a5fbd1877d89cc8909ddb6038947c6ef598a9,6169d35464cfd82a05a08c712da85373b1d2b7f024bc6d99e0a4250f2549a1c9,62d4dbcc2f12e854a7924caf850594b01b46446e1c0e5f1271514e19044678a8,d6c05b4df5786b561daef695e4d7eb2a15148bbce60cbf68c3ce8cef85f81787,438,469,986,851
895,Gao,180,,,0.36,Gao_0180,82ab1f6c29ad36135b85d9bd3db7e516ac67db7036e97dca29702d06a0734e3b,79a9af327ea103eba28cd661ee4a5fbd1877d89cc8909ddb6038947c6ef598a9,b2151d888434da4fe50e54f1b9fe5f43939347a04ca1884c53406110c0aeb436,69208e1497365262d5967e27b1096f8f5b2830f58b5f2515db020bd044f56549,3ee8d303afd6b8902a611858c553cb5a54ee908e11e37bafd4f2045415c97902,825,507,274,852
896,Gao,181,,,4.06,Gao_0181,ab1c2599249756d606ae81caba7871940a18f1526471cca5013d9c8a73bfb984,662249b27f71717e6cd10bc40d9d82bd63bbfc14fed03ba60280ffb003a773e7,e0431fb7f20b2e44ff432877fc130914acc6067f255f5894dd5fce25a7fcce38,b58bf5b184f59f4540c5f2d646e93835d9ae8dfdefe5b9d98921a0fab5378c42,e6e67804014da3497a2e9ae4a7012d49030d7b36d4ffc17ea965464ecff36877,1061,820,1075,853
897,Gao,182,,,2.99,Gao_0182,124d475dd467620cec6ad6efea8e304920f6c9c57d13143ab3d0b5cf0e8797c0,662249b27f71717e6cd10bc40d9d82bd63bbfc14fed03ba60280ffb003a773e7,e2efc32537843b3bbfdeb0a13fab0028b89cf4f1772a03a6d795b988811fb749,58c456969597b5bc75cd47c53e03045e67fd3173b5be4f5408397020bca16032,b941d575955d044cc0513bc9f0b96c5cc6ce70dc5cb02a3388196ffc87314540,1073,420,858,854
898,Gao,183,,,1.66,Gao_0183,fc0b10903075854f65744f24c8699fdecb5daa6102b7cadbdaef4d910bde83ff,662249b27f71717e6cd10bc40d9d82bd63bbfc14fed03ba60280ffb003a773e7,41040c6d25181a6f24d110638352af34e616f675109567f856be2ed1ac5035b0,1d6ff06969ee2a1b42fc705ee8307e97840ee275baa6edda98e14a759fd794ff,c5e667d9eb7ec4b041bf39c935d70b2f5d5d9f71a6dd67d2b24e46e5f37a0c19,295,144,907,855
899,Gao,184,,,1.11,Gao_0184,4075d78f2f61dd2cb7acdb8e4a8f9473d226c03dd6bfe112725bf40245f02f54,79a9af327ea103eba28cd661ee4a5fbd1877d89cc8909ddb6038947c6ef598a9,f9cd854ee8fcc052b67e93d092d4207e83ee222c2be1916777716842cde91d4c,d1620e64f3f8f4de5b4003efc2f8ba3f4b727c4ff1e171dfc502101d98b09fcc,f6b8e22cc09539d092cde86ed5deeecc128a1c67eea8876eb0c6c5511ee09752,1164,969,1155,856
900,Gao,185,,,3.7,Gao_0185,52a9eaf8db688012914f052e735eba758dbe4d41788f5cefa354959a714d265b,79a9af327ea103eba28cd661ee4a5fbd1877d89cc8909ddb6038947c6ef598a9,15c76e68c08e93db55ef96bcb651eefebfe9a8e955930c76c7602de931ec1acd,5bd0dab5da87cf75059f5a3ddc611f69b36c6748bcc442ce3062aad239c5c525,b894373da09c074980847c35ced835495dcb7ba6951044bc2c978605d3b80f39,101,431,854,857
901,Gao,186,,,5.2,Gao_0186,91ae723a8c0799551ff13f3f3433652c8dae654c233417c031de0aef1e470643,79a9af327ea103eba28cd661ee4a5fbd1877d89cc8909ddb6038947c6ef598a9,e46576f4244600ef94856f88b24259182b936a9c6d4be2bf8319965c590159a1,c43b18447cde62a937236592643436180a1035f3737555ecb889a094299a1840,794d8b2d698b98375a8b16ba79e4cf9cdb914d10a679607053d39b188e24b5fc,1081,901,547,858
902,Gao,187,,,4.8,Gao_0187,575bf90a1478f6486b19f690608d276b03fc59331c85e181f6b0ae7343a0105e,0200210bcf15d900163b083f37822f819e4cacf358747423834334ad050b737f,7b092698ad438692626acf21071aaa6df060051d2821cbee51d6e1896214342f,1c4e06d19df1cbec448c8cf212b0e2abc9d7a984256228c7efe3775265ffe338,b799e8045288e81997609e7ef5b3acb6ebb14c95114cd4cd5d8dd5e85dbbcac7,565,140,849,859
903,Gao,188,,,2.4,Gao_0188,575bf90a1478f6486b19f690608d276b03fc59331c85e181f6b0ae7343a0105e,ea5b1ead939875833f4d73078e55f254fb780e53d613d3fbc14a6e613b57ee13,6c8c13e2bae769578872e3f794b3fcd2b8c163b03c94a63ace33aafc2f11f4a9,0d69afe9f5770160994047711ed0f8ea0387f9bc0385fc65ff7e7aa4f01ebbe9,562112bc50933142f2d5b40892b5d294417a4afe70385bafe31aad437dc9d05f,492,67,389,860
904,Gao,189,,,6.6,Gao_0189,88396f3ea512153dba9e47b29c009cdfdceac03900ac3a0a545fb8f3b09f7fb5,0200210bcf15d900163b083f37822f819e4cacf358747423834334ad050b737f,164b177b6e79bea4f320a7ad8608ee2acfe95080927a3a3651cfd51541d44b70,9476cf0bb11409650641023a10cfbc00236a3c23c53ecc031786e47fc740a44e,58b3743fb7d0a04a11b4d3cbe7f3f78d1bb29724b3a239edf116dd9aec928143,103,696,397,861
905,Gao,190,,,6.67,Gao_0190,b046dd0c2c94bbc6191d84c33ea187725005dc9d4e99b95219f157e50ea0bda4,79a9af327ea103eba28cd661ee4a5fbd1877d89cc8909ddb6038947c6ef598a9,ced807292367529ebdaf4741a2e62684a3f97d389fd3e1e0fcc259ac7ae26f0a,456da2a60ef9ccbaa210378f0f65e50274fa8a715d05110a6cbe9dc46b6b9750,68cb4531040acf2a90d88cf998491af1fa16aa533bc3443c89489d0c324ba67a,985,333,473,862
906,Gao,191,,,5.36,Gao_0191,7284e212b9c46bcca3f72722050c1c37a391ee1c0579d1d7608f04ff699ebf23,79a9af327ea103eba28cd661ee4a5fbd1877d89cc8909ddb6038947c6ef598a9,81d98978b6c48ceb3f71e273ac990fea79aae505f317f3cf5eaeb1dd90406783,7418cfdf3d39fea154dd265985545fe59c14f7a83ae2a5422a130799192e6d03,364fb40b3dc7b2a0d703d155f0cfea62ec23a4c3e2bb2287b25eeb549f9a6938,592,561,242,863
907,Gao,192,,,6.02,Gao_0192,0af28cb32ff0a36afe4309907261e9e1e8a95d7cfefb960433f6ea8a111b4b70,79a9af327ea103eba28cd661ee4a5fbd1877d89cc8909ddb6038947c6ef598a9,b51b7521e46c7f5d7d7516234d00bbd7ed03b47be617cad35675c5f7ee84042c,422b962418fffd1550d6296c75b5471e79a2e93d10d0b9a36f558c203c4d78a9,ec2572654eb6777791fcefabc8501ea31d35aaad11c888dc9f3a669e2f62068c,849,318,1106,864
908,Gao,193,,,0.76,Gao_0193,e47f54cb864fb7c0a387969d200545f41f39333e629c6f76ded9a08fb1309b0f,79a9af327ea103eba28cd661ee4a5fbd1877d89cc8909ddb6038947c6ef598a9,41830b39764d780169decbd037df8df8d2d3c1dc4840ea5b27e6402a3d0ac142,3ccb9e335e69c8f726accef54c625df4d08eb1ea8b05d1aae8c135989b1a3553,6d80add0ad02516f4a997044f0647feb847781fa2bca4b25760817e2f4cb9446,300,298,495,865
909,Gao,194,,,3.52,Gao_0194,cdffef50665049416eb383716ba6b938fc3589b675f0164a05394f5407f00b0f,79a9af327ea103eba28cd661ee4a5fbd1877d89cc8909ddb6038947c6ef598a9,2b797c8540c0271196a097ee5470e9a7b487fd4af11972449ff1ca0b2e19bf22,6ae627b00867fafd81a40d089dcddb3bc022f773d580351fb83a48fe33ec6d02,7111db06ede954544cb3784c01417ce1bef762cd6e91635ff89a2dc84152a35a,188,520,511,866
910,Gao,195,,,2.36,Gao_0195,95e66ce96dbafc90f7356da023ff14e0f3f80604d2a9aaa736b3874ad042f10e,79a9af327ea103eba28cd661ee4a5fbd1877d89cc8909ddb6038947c6ef598a9,e3256460e151a3da26275431e6f8f884f74c601b11ecf8ce77567078def2e72c,d3112403960916beafb5f783eff82619277dfe7f5545d432645e4144638fb524,afc4f3c87336cc720cf8068c2dffc3760e2834fda27634bdedaa1c7323c2cf5b,1076,973,806,867
911,Gao,196,,,1.15,Gao_0196,71d152cb857c17e5049fd3fc839e66d64d3fe7d701749be1effbbf5f9c606217,79a9af327ea103eba28cd661ee4a5fbd1877d89cc8909ddb6038947c6ef598a9,53e918b25dfbc20260a7991c62cbdbb0f823dd6c84e0e2571ab838d9ee341258,f68c6a475dec566c62334a2d60a2f325505db68f4bd24f48548fd20046371fb6,9d76b974a9bf50299a3bd8e2575a53032485ad25af89fc65e695162ce40c0a41,383,1147,717,868
912,Gao,197,,,1.63,Gao_0197,fad6d6c7f9804cead11a4ef36c89c143f6fd92ad560c10beb447727396d96cca,79a9af327ea103eba28cd661ee4a5fbd1877d89cc8909ddb6038947c6ef598a9,c198c56571f5b2754c5d3475b62ce2cfce93241fb9be0a44fd4c880971c5bad9,4debd9f12864b8fe1e9415a9b9a39a0000096b174d5167527e973eb5241e4fb1,f045b6ea28c5e30f45fec2b232094dfca4bd773dfa5ba9e9bc028a562b75eb47,923,369,1123,869
913,Gao,198,,,4.64,Gao_0198,01be3c76b47da706099df19e8b06b1f0444c9d17016529ceb84f5c144477933a,0200210bcf15d900163b083f37822f819e4cacf358747423834334ad050b737f,55a13f94f5545e18eb3cc0d56e5bc25db4bd475d75e9850d0cbf0d2cb83dde19,029d253b6a648da11339d6a73b9b7939b2120a234b842b6e8307a40bcf130cb8,57e37bc6bce60516233b6528aab91274d5777593281bdfd566f0e1250445b5e0,390,13,391,870
914,Gao,199,,,3.48,Gao_0199,ef0d287d5fde7330ef29baba60cdd8d00a12840aa7bc933c164df3e6db773005,79a9af327ea103eba28cd661ee4a5fbd1877d89cc8909ddb6038947c6ef598a9,a2745ffc0341a2ca936eba3a8e4cdf3d9e520f1f6e1f91f38940805f44e1bd9b,5f6ee0503b4780d227b5aa9caae9f19789ab596ad503b4bd6305f82336127d47,231c0521065736c81be3609b3a1a4e7518d03c17ad31535149b4d47d8c6b37b6,757,454,143,871
915,Gao,200,,,3.01,Gao_0200,297fc6f93155e582f1f7e32b06822c30781f25a9994654498ab12b3513b5376f,79a9af327ea103eba28cd661ee4a5fbd1877d89cc8909ddb6038947c6ef598a9,7703b58fa7ffbe6f216a33b5ec1707b720b1641f41c8f9d8b1e1860f8b41be67,2371e84963bc38fbc00747e5a773b2cd830d0d56c82b9684418eb731e45b0552,b6283ffa294ddca185ef645f3093ce853c93ce1575d2e2478b2c92552dac54da,542,174,843,872
916,Gao,201,,,2.45,Gao_0201,e1be0d1bc09dad5d00148f1d307c65da1f164661e70c9cfaaa03b191a20240b0,79a9af327ea103eba28cd661ee4a5fbd1877d89cc8909ddb6038947c6ef598a9,d1cdcb937e95e11fc7b5ad94d9df9b85a42ae6f2f5f000c9c98537ccab0e721d,672683cf2edf9b9785cf94910675e2967eb21d804d69b47334ba15faf86203a8,a6e9e2580ab6b05fc0f419972940922ca6584cb8f15c599f9843884bd5103b2c,999,494,769,873
917,Gao,202,,,0.83,Gao_0202,89eaea9e4e53ec04c8c2e8c217f23dfe4295d33ec0414b20fd6aa580ba44a123,79a9af327ea103eba28cd661ee4a5fbd1877d89cc8909ddb6038947c6ef598a9,94a978618b39832cf0dac4a46d88f798835b1bdd5778bd40093d2e2d4795db09,0a3486358f2246f0dfb316352ba56e70a96fdace288d7c04861350b7e2f8decf,063a0ba49c134ce0b28deb1bb52083530832442a5d92a4da96dc3df0c67a391a,678,52,27,874
918,Gao,203,,,0.94,Gao_0203,c3599485ef89dc90845e1a28f58e785d2db1fb05c44998f54236e6d9f0805905,0200210bcf15d900163b083f37822f819e4cacf358747423834334ad050b737f,fb9f2f5c20575439e3f294a3d308dae6db46516fe53a80df75f9dd12191b2932,6023be3a32e1369fc5817ffdea1d17af908f3cf478759f8ad40ebe457d1cde49,30168f3b48605f4d31648c899c5f3453c0254cd93a1501b05b289aad6f269559,1175,457,219,875
919,Gao,204,,,4.62,Gao_0204,b2104d5dc2ef906df1378599c44cc203b05deab6b24503be87e5cbaba8370c64,0200210bcf15d900163b083f37822f819e4cacf358747423834334ad050b737f,78236b6bb36bda8d921282f6df5b6281c7e4ad9f20bb7569a627cc8982fc96dd,bbe36ef6f527b90334b5d0deedd5fb808eb15938e5cac3142a71a53d6dd23ce0,45d3e7ca02f51c99052f2c84c1b0556f941d1711cbe8837f0541c5af6c66baae,549,861,309,876
920,Gao,205,,,5.89,Gao_0205,7e2ee7f1d910363ad38cb5826d8a5435becbba81ae35b2559b1e03b98e7b4d19,0200210bcf15d900163b083f37822f819e4cacf358747423834334ad050b737f,ac106968bafc7b98a27f260ca8bddd3f6ed38e6ddac476fa6a63beb88f05e174,69eddf0cac9bb6f69f404ef317b9cbc60db5de367fc1d02ebaae3b56344ecbad,2e918935e7a5d7ba3f5d3f51a456204466748f994504eac2942332c3021aaea1,801,515,209,877
921,Gao,206,,,6.26,Gao_0206,2ad699a64dd177b20769bcc59898409c4f3c1445a33667c5762932fded1f7848,0200210bcf15d900163b083f37822f819e4cacf358747423834334ad050b737f,8dfdf71fd2832841c5beef52995d07d1d0ebbd8f93103c6d25143a70c3532b39,f81190c442e2f607b6aaec58deb498a8fc2d04041ef81d688e0ebe407df38f50,6bff63a2697a403bc1a1af9a9f648a075e1b463e245820f593371b442027f658,655,1153,489,878
922,Gao,207,,,2.26,Gao_0207,2366cbb47114de1f82b18ec6e9c5fdc6be38db3229198fa2638ac222237ae91d,79a9af327ea103eba28cd661ee4a5fbd1877d89cc8909ddb6038947c6ef598a9,04cda27ca551b7a40978a9a15f8447c07c6d8067e94e2339dd3cb445a596c4de,7f44e0c45ab15af5d1b9785b4d8678c5a59cbfa052b6c19ce1b90a0e09163535,2755386c9f74015ebef924cd6f95c8bfe4edce53df5e26812ec6b6346cd6f4db,22,609,168,879
923,Gao,208,,,5.07,Gao_0208,2366cbb47114de1f82b18ec6e9c5fdc6be38db3229198fa2638ac222237ae91d,79a9af327ea103eba28cd661ee4a5fbd1877d89cc8909ddb6038947c6ef598a9,04cda27ca551b7a40978a9a15f8447c07c6d8067e94e2339dd3cb445a596c4de,7f44e0c45ab15af5d1b9785b4d8678c5a59cbfa052b6c19ce1b90a0e09163535,2755386c9f74015ebef924cd6f95c8bfe4edce53df5e26812ec6b6346cd6f4db,22,609,168,879
924,Gao,209,,,4.19,Gao_0209,90a88362a87929ad19c5dfae814c2f66365207c1006e4337875c08044c839f12,79a9af327ea103eba28cd661ee4a5fbd1877d89cc8909ddb6038947c6ef598a9,53b952e8efcfd95d95731ab1032c3d710b9e4cc696cc65da2cb561e70f15d229,c6e134c75c8eecf1b3c3769c23e9fbcac7301ec07f4625aa5eac31c7baa13609,44d8e36091f76dd6722e9f2f0282136d6e9bccc258195ad5596554ea54527791,381,915,303,880
925,Gao,210,,,7.12,Gao_0210,70434df1d77b34cea0072e83e5f534b0dd5983fdbb8b40708881f75ac4755396,79a9af327ea103eba28cd661ee4a5fbd1877d89cc8909ddb6038947c6ef598a9,96714894e17bb3d90b223d2b769b11fdadd7a924fed3a729ed5fd996114437df,195b55d13d31703a65a2cc535f115befde5baf0fe0528e53ef63e40e759138b4,452ec8d42c4a84b51e55abfda07c3f916fb576f4fed95d5cc2bedd87bfca2ffc,688,130,305,881
926,Gao,211,,,6.01,Gao_0211,54a5f59df902cef33e997fb7a72905e6514991bca5c6a9a66bbeb323a90bc729,79a9af327ea103eba28cd661ee4a5fbd1877d89cc8909ddb6038947c6ef598a9,3f136c6440a6d7e7e267ec5fb66ab6c990681eb6a18c81446ae564cd7b8fffd6,79acf90af40b1654acde3b76b8ba0598519ef368306d7c5141fa15aaac2dbed6,262d942daa6643125309676c9394ce8f9a9ac77cdaf1aa5fb7297ec6705d93d1,283,582,157,882
927,Gao,212,,,4.75,Gao_0212,45367b42f754d807db4d2be7d46f8bfe031e7b23a4420d10713f7e5d53fbbb27,79a9af327ea103eba28cd661ee4a5fbd1877d89cc8909ddb6038947c6ef598a9,c802ae42164a3fe065223cc1dc15ad5768b14553405b51937748bafae0c56373,cc12dbd54c2d4075d68ef325688b145230e5fc24a50e4f8d433df1b715de6bb1,6d5f22b9252d2ae90ac7bb210c70b4957d3d0b934d0e7f7c18ba20fa7c53029e,954,940,494,883
928,Gao,213,,,6.3,Gao_0213,a5172e3c28d79bb097448baab25ef5a59cd2a94cb6c0fac390ff992c2c5f340b,79a9af327ea103eba28cd661ee4a5fbd1877d89cc8909ddb6038947c6ef598a9,3a10b1eda8b2867b8439daf93a98e37c6ca791ecac9dce8f0e4adc448e612aee,2d9a44852a4ec96e58aebb4d27adc0bcc4ea8d1418e90f055c689b18e937391b,32ad3c8e7dce743d19047c4abe58f51ba0b9500f8b4c316da00b4da7c6240de9,257,220,228,884
929,Gao,214,,,5.82,Gao_0214,23001b502b454f3b06eab8dc108460190ba6fd334136334defaa10f1f31d8153,79a9af327ea103eba28cd661ee4a5fbd1877d89cc8909ddb6038947c6ef598a9,d666965cb43d3cb2bac9813d205ffc1f9fac71a9680106bad5f05ad72d372904,3cfd8f610d6c0c3dffaf24401bb34132d4341aedfc995f0736b01618458de74c,29ff797abdabe8e9a26b6f489262da8dc34374945c1945340dcd85031e067cae,1019,300,179,885
930,Gao,215,,,3.29,Gao_0215,3ff18903bf47f38d267e6f4cd8e1074fd673bf73414851caf0911c57c1112f9f,79a9af327ea103eba28cd661ee4a5fbd1877d89cc8909ddb6038947c6ef598a9,e76a70dd86bf7d826b7c79147f2cc84dafe6a5ddf573685c9125182d27dc2498,c9afdf036c9acccf63df26908905fd6be3106c5062ca2ae2aeb2868c6f60fe3b,8ad19038258fc95af507f2548b6fad607c8edd45d548413c99d86b378850c428,1093,927,626,886
931,Gao,216,,,3.37,Gao_0216,fca6e943384b24aad2fd297a3bd2d6c1e393f861fda49e613cd312289e26b59d,79a9af327ea103eba28cd661ee4a5fbd1877d89cc8909ddb6038947c6ef598a9,defc9b459ed52f6dce2d950a6546df24d610b305c9018ae2721696bf26ac37dc,31a0f70ef12cdf79093853feb89ae24479cf9d73a5514b324cc689538eb311bf,7a3819cd6e48f9cba290f11d960bffadac921740a4c657da7694c0b945c85b86,1055,250,551,887
932,Gao,217,,,2.69,Gao_0217,9c2105546582da43179924c2dbcc8ef7bdbec5a238350ac8ff27a0cd5652e69f,79a9af327ea103eba28cd661ee4a5fbd1877d89cc8909ddb6038947c6ef598a9,db4bac349ac53ded6464a58c36a2c17e04bee8bdcd13cdec47fb0ef1ecef8ccf,71e44ce342151ec67ef03e321c0a16ea243d6a29335b4c41e556b8985eb7d56d,8b8660aba22bd4a7dc0e117c6f33513e5de7d9ee5f4156f0bba8fe442e71f4e0,1041,552,632,888
933,Gao,218,,,2.5,Gao_0218,b68eb4abe8ebd747ab7c2f30651057e2dfff5525807f0805aa2794bd8e7d88db,79a9af327ea103eba28cd661ee4a5fbd1877d89cc8909ddb6038947c6ef598a9,9c4521bc2b68405292651e8154d20ab860418cf52d257099c59c052d98166c49,ad3d4c95cf3ceebe5b36b065f5de1248ddbb067b42b160661fa000ad7443ab14,f3a30e8050cc9575968973d3c9b83809c6095e593c3b48d45e87b4f4173faafe,713,791,1141,889
934,Gao,219,,,2.68,Gao_0219,51e16e2516b0c9835dd0cb5c60e877c4886d39f0ba1d472be4e21cdf7b0a1910,79a9af327ea103eba28cd661ee4a5fbd1877d89cc8909ddb6038947c6ef598a9,85fd92ac4e45cd352f65e7b39963391ab64788a3365bf07421acbf1440633f63,f9f0eca69c61a7cd29c1d97f7936394ccf223efb78bdc843be41b530ee14e377,5e2e454f88b437f149ccb469b548dd6b7034982b5d32d8df1e46bd4e676228ff,612,1165,426,890
935,Gao,220,,,1.73,Gao_0220,c4f073a8986ba0dfb350514809a16757d64991245d738d0d33bebfa688774c85,79a9af327ea103eba28cd661ee4a5fbd1877d89cc8909ddb6038947c6ef598a9,b112829b1bc5431afcf527fab6dbf1a05ed8918c061d96066a1cd1f8ff31d045,002a76c0aff4a69b702caa9d8adfe3572644af051e4bea69e800c15d40012bf1,e44e60f2d83d23a0bd342a081f2aaf53a6859a3d8dedafd68336169ffd28c29e,820,2,1061,891
936,Gao,221,,,3.24,Gao_0221,a2b06273ef482d6c34673ad930fb3b9b91a2c4a027ef540c74cf57624d74bb9c,c974279b3978329f1ff6eb86effe3f4876852e90b6dfe8871e8072e64e9417ab,414defe8b4c4e50c30581832c0490bbf88a1708e20f9db07422688efa735785e,cdf05379e710714135a660125bba7ffd7342168f37e250c7fb8bc9299e1f43c7,cc7124019f3b0e8febbf3c72829b707d117b6f90543805d2bbb891445e3294ad,298,948,938,690
937,Gao,222,,,6.4,Gao_0222,a2b06273ef482d6c34673ad930fb3b9b91a2c4a027ef540c74cf57624d74bb9c,c974279b3978329f1ff6eb86effe3f4876852e90b6dfe8871e8072e64e9417ab,414defe8b4c4e50c30581832c0490bbf88a1708e20f9db07422688efa735785e,cdf05379e710714135a660125bba7ffd7342168f37e250c7fb8bc9299e1f43c7,cc7124019f3b0e8febbf3c72829b707d117b6f90543805d2bbb891445e3294ad,298,948,938,690
938,Gao,223,,,6.9,Gao_0223,a2b06273ef482d6c34673ad930fb3b9b91a2c4a027ef540c74cf57624d74bb9c,c974279b3978329f1ff6eb86effe3f4876852e90b6dfe8871e8072e64e9417ab,414defe8b4c4e50c30581832c0490bbf88a1708e20f9db07422688efa735785e,cdf05379e710714135a660125bba7ffd7342168f37e250c7fb8bc9299e1f43c7,cc7124019f3b0e8febbf3c72829b707d117b6f90543805d2bbb891445e3294ad,298,948,938,690
939,Gao,224,,,1.87,Gao_0224,93afc131b110eadace278552863a41d2e2880913bcdade2f33c0e57168d8939b,79a9af327ea103eba28cd661ee4a5fbd1877d89cc8909ddb6038947c6ef598a9,a49f2f58c55e2efc604ede27521d68c9861bd59751e72ce9703f635711473341,602ecbdce1f69bea8ef8af80e460f381e459b657975d8eb64c122979a7f630d8,6a342ee038aaf91a5dc9a94b83a4591b332980eec7051dc7db9b6fe15915bbe5,760,458,479,892
940,Gao,225,,,1.16,Gao_0225,3843ae1ad8b7c5a0232ebe8c5ed3e64efddbc4598d7eda17b64367fd44d3e965,79a9af327ea103eba28cd661ee4a5fbd1877d89cc8909ddb6038947c6ef598a9,76d5336b8f9a44a9323e3fc9563a71e01534e3196b31f9f9e512c8adbb4e19f6,e0c2dc649b3ebec541caf70ee4ded2c537a00f0ccd2a5f54de197d521611c8a7,733dff226850cd88d5c2a62b72de3039452610987b97dad47e5264b82633c709,541,1034,522,893
941,Gao,226,,,7.43,Gao_0226,92781bd81e932361b13bb1f8ad14d1079d3c4213eb759690de5ff4a2080e895b,79a9af327ea103eba28cd661ee4a5fbd1877d89cc8909ddb6038947c6ef598a9,403e7bccf48f6a584d192bfdaf9107d1131052b3a316668b2f98d281139c86fb,5dc1d8fa6b7b818e23973c44653eae5e66f5bc237c251dc0b8d2aeecbacf6129,4c0bb01a3260c29b34de0cb8b528b52ed1f24a8098a51da5d8f34818de71db82,290,443,331,894
942,Gao,227,,,0.52,Gao_0227,11e55ee450d21615fd8fabb45ffeb78aa2014697101bb31b25f8bd9a6ddc36e9,0200210bcf15d900163b083f37822f819e4cacf358747423834334ad050b737f,1f6f0c5fb9a9771e69f903d8b8d183b7d77ddb265234f2662ea2c8c7d2cbe524,aa04242d1cbd03646b4678997dbc87dba39eec0143856c97f8bf6b0c5aa9372f,0b1d8f410f3ede85fb78bede2c5c4d413be228a7fccfa5f5c4119a25c5108fdf,146,781,57,895
943,Gao,228,,,3.66,Gao_0228,e00a95a19083701b08b8b738c73f77b2504b932a7a05d222103ab86251e4e1dd,0200210bcf15d900163b083f37822f819e4cacf358747423834334ad050b737f,b561985fec9ffb8dde6c7757f7bf791e276e0ce8ec2c9142038dc05cbfba3351,4651dd261e604af543259b84d3101628554371dd9e967b3345291070eb086aec,09d758bd3017cbe3d43431a0c2793c7cc7a56876a592663afe81d8d4bf0b13d9,853,337,47,896
944,Gao,229,,,2.7,Gao_0229,10ba5fd892cf1e7e789e20066bb438055add81570284b423c42b43bcb15f18f7,0200210bcf15d900163b083f37822f819e4cacf358747423834334ad050b737f,bb484afe6e984f6dea47e75c20311ee2e83681a4a8d51f185b5972a9f7c7f47b,b913a19a77d09a522d8bd4ca39593b012fadcc8de83b1136982d4222b6521994,09dea536ec21ac92de8104d8ea3a67522bcef4eb052ad30e68017c10bd81f573,885,843,48,897
945,Gao,230,,,5.05,Gao_0230,2b0ae1ccadb4d34755bc7a089f14c499a291a60ff8a65f67e8f68d2627d19355,79a9af327ea103eba28cd661ee4a5fbd1877d89cc8909ddb6038947c6ef598a9,3c4184ae2a76d56147847048a38724bb0d53cf484f98973754bb7eaa8eb056bb,67c50cc87e07074ced0398b6f76cb25fb006969f875c4d10fb39a4f60299688d,4c34ab11fd815301c734862e55ea968e48ea5a11acfe5255f66f6e06727b774f,268,496,332,898
946,Gao,231,,,2.08,Gao_0231,e12c937c3cc2e1796437a157c014ba28ad62a0de5ccbd1dd6e3e0bcfd7330f0c,79a9af327ea103eba28cd661ee4a5fbd1877d89cc8909ddb6038947c6ef598a9,c8489834b57ddf49646771e24c9b9c5846c6f3df17dfae8fdfe71d59fc0e9e5a,ed807a0d2124255d046fe728f2df5e6bbb5e839cbc90f1fe52961de7bded68a9,9df40f41244908e5de4ab4c8317ef9eb4689a34d2684df569f6833971aea70a4,957,1102,721,899
947,Gao,232,,,1.17,Gao_0232,ca830159e994db4eacfdb81d0931c5e61803827daff84030e0fcaacff149f050,79a9af327ea103eba28cd661ee4a5fbd1877d89cc8909ddb6038947c6ef598a9,6c3275f47024075e70329f41cdff7d48666cc39c1657f68cbf7639076e8c5475,af557980f1f5a9328a1650d4d5d806679771a55235cfca0b0f2a3cb9bfcec1fd,984b1b85c5259fe8fc8127040f50f38a8a77f40199265a550e4bcfdaa3be1dac,491,799,691,900
948,Gao,233,,,1.85,Gao_0233,2cc7fe924219f19a4197916277931bdaf43fdef42734e7e1381d9e798b43b45e,79a9af327ea103eba28cd661ee4a5fbd1877d89cc8909ddb6038947c6ef598a9,5f4ccf59e425419973cb0e80fb5b842e235818a39561ca1538e793d7031dca53,17e45239935035789cfcd1c336e94f1147c1b24c2f95960c696b04bcc996acef,3ea3a499ec3e7a6cc70bc9c5c6c4bddea4d88d16dee3022440d627bb664dfcdf,430,120,270,901
949,Gao,234,,,1.02,Gao_0234,2de551292816eafdfeeee7b0aaffcdb2bdbdbdcfaab7e42b469f929347df39e1,79a9af327ea103eba28cd661ee4a5fbd1877d89cc8909ddb6038947c6ef598a9,81f6e823f14bafd77252e3c59cf7bcbf21409d6fa8166593e74942818a58c6b3,9e087c453c6bf882739d66da0ed8f1400ad5e220317b8be41b68d4abe92dad19,09323cdfeb62998d64c83ae9ec81f6a4aebccec9dc9b08e3e7bfd0595c07f957,593,736,44,902
950,Gao,235,,,3.62,Gao_0235,bbd11424e199392c6fb77e27e2156185518fff5be2effb8d47dbe6c4712eaa1b,79a9af327ea103eba28cd661ee4a5fbd1877d89cc8909ddb6038947c6ef598a9,bf3c7c2bd13824cd35d255e3846c865d32752d828119bf12c66c3f2bbeebc8ae,50c85fcdf762f991e4b1a1b20c0681436f969d127ac2e1c169a38415fd069a1e,319d94d83e66483cfad7a9595dcec5bdf8eacabbf4604b8bd0dd7e01b6f8285a,907,389,224,903
951,Gao,236,,,4.18,Gao_0236,64eced34e1f07792a3167227bbee4ac6d1cd1bf0571d4d520a795570316fa2b7,79a9af327ea103eba28cd661ee4a5fbd1877d89cc8909ddb6038947c6ef598a9,8626f561a715c323ad03abfd7f302be2ce50e0c5de80a4d7ca6912f6860ea6c3,73cc8c0283abfb98c6bd349f7588b101c7ff0a27e59e8de86cf68dc0324d1bfb,0774eb8462436ae729945cf47a3751aa6b92ebbdef26f5f092fd95c693c904f7,613,558,37,904
952,Gao,237,,,5.94,Gao_0237,c64a3aa0a9d0d379f57f0089cf2bd0328f40c3af874fb0d1eb1348ca273bdd02,79a9af327ea103eba28cd661ee4a5fbd1877d89cc8909ddb6038947c6ef598a9,1eb0b665138d7a5e495e8d9aab1157520aea494974741ce8fbd0b2568459f1c6,eb413f865b6015fce488ddcd229f759fe9f3eebe7a4ab632fb1dd5ddcf73ec42,2ad0e5782737ec5002a9d3bd6ad81a95e30537f1116336cdd29166fe0ccb5ea8,140,1086,184,905
953,Gao,238,,,5.26,Gao_0238,c64a3aa0a9d0d379f57f0089cf2bd0328f40c3af874fb0d1eb1348ca273bdd02,0cc00e1ba2d95fe8288dc072edf395ee6fc3678daa4e12f6703c7be7d2c5a409,8713ecc1aaa82fe41b73893c0b520a55a44c8a76ee692076cfa44eba4df99a31,f57b1b23a9e07bd5b013fa9db10f87382c0e69a0601c36110c4184fa52ab23b9,bdbab77380e6358a7a25a7e10af4bf290fde7f37864694128d3f45b0c6edd15c,619,1142,878,906
954,Gao,239,,,3.89,Gao_0239,c64a3aa0a9d0d379f57f0089cf2bd0328f40c3af874fb0d1eb1348ca273bdd02,a433e8dda363706531619e2d0b0b70340c238a7fbfbf37dd65e5dd78ad71135a,7d79dd6c7fb0da865b6e1197b4da77adeea06d643b79d72c3748a30b2368a865,d5dd26556d6774090ad061f54d34cab1afb63aa499441f58cb5504443e2fe94c,c02166fcc08f6b685fee3d377945170d41ebb36f2fddfe40bf5d91fdef2db1f1,575,992,888,907
955,Gao,240,,,11.02,Gao_0240,74ea1d527e86a831da4cda8d1afd3b9630614156b1f8f5f7debf82b09dca0dd2,d41caf510bcd6bd6e786cf62cb2dea4cabb7cae99fa17c4378ffbfe087db763b,ca1a013570f00a6b36b1ee218b55d03411d132f02f2e989bf435e9b291e9dcf9,871eaa2813313aaadcf09aa11cc49b142d3dbd9cea520e39ffc5d6aff4e7631f,3e7a1fae41ba15c1df4f9ccce81dee6668614fbf6da51c91554bdd6c44c28dec,965,635,269,908
956,Gao,241,,,4.02,Gao_0241,6ffacbe11173334e4988fe7a9b71b41e3a1e6b0fd5bc907eb023122833ac7d07,79a9af327ea103eba28cd661ee4a5fbd1877d89cc8909ddb6038947c6ef598a9,c3a86152fe43e084171ef5ef254699571beb3a3cf31c8771f17f77d0ec08b42c,ab84c31626b608004af7a39b9a2ccc7ad1bdfe58df4f284ab12960daf1096b0a,2af2930fcca3cdbe8b60e5d2c85a8b9b38a3d640afa97a33047bf3a6783daf1f,934,788,185,909
957,Gao,242,,,5.06,Gao_0242,4b5b167143d55c3605bdfea8c623886c00867007bb7045533678fce2a600c67f,0200210bcf15d900163b083f37822f819e4cacf358747423834334ad050b737f,e0f6a373e7ea7fad4ef5835cc97354721e15e0feda9902fa757337814ca14613,825cc17f9c04a8dd3bd63d3619ba1f2d41290768f8a6f32845688b0db3ea53d8,2d09807d995880f8b958a78ac1ce4f7c803fe6099bc79223500004dad5e8065d,1068,619,196,910
958,Gao,243,,,6.26,Gao_0243,f6c74556ddcbbeb8959f84bf657ae8940f2fd10975852456d78b5ae22c5203f8,79a9af327ea103eba28cd661ee4a5fbd1877d89cc8909ddb6038947c6ef598a9,cca68fdf5bfa0f346dfdf7226ddbf424cd7a56acbb1cd55813a26bbfd6585dd0,4c1bb43554ae2b4598a8e2e91cc76598a9fe734710bf9074b66d8c4423231160,17d97a7f39039f99d1662fe4463ae10a0047cec344ae293a9a0536fc0f6f25f6,974,364,108,911
959,Gao,244,,,3.01,Gao_0244,794e9e061e273c73ff7ad6cbd17cba865ca3b57c19e967a72372e004b27eb945,79a9af327ea103eba28cd661ee4a5fbd1877d89cc8909ddb6038947c6ef598a9,2d50d92059553feac060e1925f789a260abd07b2169c93119fa1050fd2105e5a,e3fe61c360390d05d804154a0ff06267641ffa5cb1473ace27e4223c6b9227a1,025064028f942b0e646d4b9b450c04ee25c07670bf323b0ecc536472500ba562,198,1050,12,912
960,Gao,245,,,3.91,Gao_0245,e685d947584b0d4a48f0afb3d15430bb77d6b9cc51054541b1329dd9754ec736,79a9af327ea103eba28cd661ee4a5fbd1877d89cc8909ddb6038947c6ef598a9,d93b09bc269f8c06745da3ae51bcef5a08bea2fa5dd51908a099ded472520a18,09d02e2ea9ab29fa17ed721c923e4a3276ebca62deb48d38aa53e4fe51804bbb,24e02e03016970abf6a562ceb22dd5137c6fb7c963e4f54aa8c330edc662a61f,1028,50,150,913
961,Gao,246,,,3.5,Gao_0246,1bf2976241dd2d00af6561112a0257e1ecf191516c7131a5c5ba459f9586fb0f,79a9af327ea103eba28cd661ee4a5fbd1877d89cc8909ddb6038947c6ef598a9,e066aec1470cf49960229eff2b313baa6c7212e9c5344821c441593b6a6feb1f,94d1e564041d461316a188d2cf2399e88e390c0a74145c74b18eb0b8387d33b4,118e70e75685e6d9da339482731683254504ce191eaf9670f5c88425ca168acb,1062,698,76,914
962,Gao,247,,,4.38,Gao_0247,e9ca22d19655542e257ff54ee985d7008592df559342aa377d1fa3b8d3fde4e9,79a9af327ea103eba28cd661ee4a5fbd1877d89cc8909ddb6038947c6ef598a9,c8c4ceeac376da25a47021fa21955b710722804d98a3257116c5db29d93d24a9,fd2a3da0c52070f7ff29e1e44242f2dfc6f86dc39324782b7d6722dfeb535f5f,bb172a3e7cec7ddd1c05d568340045ac53fe09e47ad2cdef72a28da91af6cb87,958,1177,867,915
963,Gao,248,,,3.64,Gao_0248,23001b502b454f3b06eab8dc108460190ba6fd334136334defaa10f1f31d8153,167ae0df2105657392a9981ec46512446ff361ba6458d46da2e1d23c784d11c4,17c041f1dc9b66afde8180952f0a5d56b61f373a2a86342e5f4a2c7ec0166444,2756bcc88f1abc719f691688fed5089bf7d4bd957f1974661eb6d863c706d328,48d4f847a8dbc426b0b9eb15434f30d75efd61eb0d9fc21c244124248af4e41f,111,196,324,916
964,Gao,249,,,4.65,Gao_0249,64d74cad6757862fc1abb1f576837496574d1413f3be12f5c50c14a3c29c4e90,79a9af327ea103eba28cd661ee4a5fbd1877d89cc8909ddb6038947c6ef598a9,1f34ef2540a5ac4f2279b0fd8a10a379e29e766befa38060fc640deac630c2f5,540ad16ae46a9c2af122fe17f05823b36cd43e375d97fd5dbea0695e0b144895,f280db391d38d46bee13c7f1dce9c3e3501f2c693da32758c538467416fe9b42,143,402,1134,917
965,Gao,250,,,5.73,Gao_0250,bb20ea582c5faf364d5b9603be6a4413bac1e9c3bd663094920f9d72de034a14,79a9af327ea103eba28cd661ee4a5fbd1877d89cc8909ddb6038947c6ef598a9,865b36e508d215c2df540a3453dabace24b63860c51f2011b1586addbdbcb84b,f874e7f7392cbab0bd134f5489b644cfedb60ff56d85c9edad1b2f6034c296fa,61407a69c7f624f545edaeacc490e60880ff9cd4836810c5956d272779287468,616,1156,437,918
966,Gao,251,,,3.35,Gao_0251,ea45ceac36af43dba156d0986bc5ece44eddb7f260d09f4032787ee4b7b88e83,79a9af327ea103eba28cd661ee4a5fbd1877d89cc8909ddb6038947c6ef598a9,7795f5e2dfcae4e51a873211698c264bec83f6c38e59f8553a92d27cc0bbf325,26d6a4358b9c9a9bda8e9dbcc0a732a05be485b72426299f418f3fc02dbf2090,6193823451c0126ce74165c1100dd3564757d4377a78cd4976ddcb053705ba66,547,194,439,919
967,Gao,252,,,2.95,Gao_0252,742beffed1f3578de850a1dabbd1e7a40af07f441ac9822e6613686c2356ba10,79a9af327ea103eba28cd661ee4a5fbd1877d89cc8909ddb6038947c6ef598a9,6bbb4c3b7657bff74f2b36c1d21a6c2f1f753092ec21db0bda4cc1be427fce85,2b9afd6d13647be342730cc711ee8e75848849960d622e8f3de9a6b85d0d984b,0416df5c51bbfe3fa77074cdefad0c08066f22224f32183ee6648e6a81c5d7d9,490,207,18,920
968,Gao,253,,,5.45,Gao_0253,a880a4f55bc48a886a360569828e0375ee8cff7c15ca7384f21b5eb08536240e,79a9af327ea103eba28cd661ee4a5fbd1877d89cc8909ddb6038947c6ef598a9,7f9293ec0a5475ea3213a03a98d7b87afdcebab87a4a041e4329f378e3de6d49,9e85556e8411b3a29280dc85973076d80e7931e5d1f4085dc0d2d1ee3bc5d662,8d839d80aab13b5882b4971b5ea2b6a5f54bdcf480594d5abac5eac2bb384938,584,739,638,921
969,Gao,254,,,0.49,Gao_0254,30c1e6afb1c70e375f9fc3566a5e1ebf08aeb0e12bc21587375c41e0810d2b5d,0200210bcf15d900163b083f37822f819e4cacf358747423834334ad050b737f,46787b153e5911482c02ec9fdbfcffc7aa39bc762cb80077b6da49ce2ec38b8f,100fdfa8f9dfef3123e977d61ff0faed6ebe937c2140a582600e83547ff50694,4debee9aba700ea9c878c5355da564c0c5fd583094b0ab3107f7e18b2645e6d1,324,78,344,922
970,Gao,255,,,2.6,Gao_0255,993ac8512bc2d0ce45270e8ed53279d6def061a83804f610695d0dad723de3ec,0200210bcf15d900163b083f37822f819e4cacf358747423834334ad050b737f,562f859cc1306f8662650d87201459dc9f211acf8c0e0bf083b952e959ff42dc,d06a3b018bec521b868fa98dfbdb63efb3514f886ca579bec1940e9c6e032a07,ca45115a6eab6c148e2dd8107deea0afeb167829d6dc89aceb85b8145130044e,392,960,929,923
971,Gao,256,,,3.1,Gao_0256,83e7069142a1068c7361d6b1074625a93cb4397f3792132f339034dc9e27bee9,0200210bcf15d900163b083f37822f819e4cacf358747423834334ad050b737f,0dbf25e61010daf4fc029a3f50d4645a6b45e80623c5a6b9d8ebe7cb25aa8768,bb10f4575755ba0ef8d823b92beea09193c3f05350ec243eabda7d1e8ce0559a,9935805a5ed8feb5e36356d741d87fbf44fdf8768d3920aade54ff57018d59d5,65,859,693,924
972,Gao,257,,,4.53,Gao_0257,8c2d65a2149123286b4648f637bd1edb3c055e38e19302c23bc58a3ebd29e285,79a9af327ea103eba28cd661ee4a5fbd1877d89cc8909ddb6038947c6ef598a9,836dada8a4a6348129f39eaa60a57f7689a37b8406af10ab1a50a74357031ab5,b64fb8e47b5f8f0e5ea7c22b4464a193ca501d4975861a65e87b73dcb6402720,2696cc96544d4b7dde7f411bd4afe75633abcd95440c7ae994223c0e68734408,599,824,159,925
973,Gao,258,,,1.58,Gao_0258,ff6b78613b36e83839769cd8cdb580da51566c3903caa34ecdbca9cb4548b383,79a9af327ea103eba28cd661ee4a5fbd1877d89cc8909ddb6038947c6ef598a9,8c3bea74e26791946a58ac1a42253cbb4897d381061407e9864fefb451f413cf,53780e6dd99451036c81f3dd675146b0b63ada9c8e973178316aa3cc1631731f,2287b0f2cbae0df037a729019ee3368014767ddc595ddb10cee9a05d3e660350,646,398,140,926
974,Gao,259,,,1.2,Gao_0259,92cf5a71862e9a36e73af49803ca5e95d53558b28268d662089c5c85cd2273bd,662249b27f71717e6cd10bc40d9d82bd63bbfc14fed03ba60280ffb003a773e7,9659a9a16b7284c883606d34e01dde65ba2ee6d49f9ad1c2c7f3f881376c1e04,3bf15b9735ffbc587f7e9bd65ae546e10c45464cb5b981deee8a0ccb23afc9de,f526d8fa7ee64999dba722962c4065b2cd37132c65bb14f9d17363842d0cf8fa,687,290,1148,927
975,Gao,260,,,5.3,Gao_0260,a2b06273ef482d6c34673ad930fb3b9b91a2c4a027ef540c74cf57624d74bb9c,546bf0c0e150946fd7194907a242e709163127b0a5f9f55b6054047cbf98eece,aaa68783a57e45b7d58d56601f4c45279cf205afaf61141245c5f386e07aaebc,bafcef9a86338ab28d6840cc2d703aaec97c5bd19fe94098b119bfdbfd753dcb,d187559598b09e00e022d61721c437c56c4dae1d337bd1f7f5ccc6b51f8a376c,792,858,953,928
976,Gao,261,,,5.64,Gao_0261,862cf3e45e992b090b036ec7d29a56988375fa6b4b622e6c47a71754ec875423,79a9af327ea103eba28cd661ee4a5fbd1877d89cc8909ddb6038947c6ef598a9,1779327ae51fd0a5e1a8a66468c54b4fcdb34865e786f8a92e363fa1a5d2bfd7,ee537f83117496a00c3752693cdcc42ff1a28d726b98b4014fb76bdcde215142,7d5c5ae00d2f511b928dbdf3013502a9540adec591e2051a83e50c902ce8c028,109,1106,571,929
977,Gao,262,,,4.24,Gao_0262,67613a1f85d29f49b127bff13969956c4f02f8b94f0aa593d53686f6a6d7854e,79a9af327ea103eba28cd661ee4a5fbd1877d89cc8909ddb6038947c6ef598a9,c43fe80b514556362793113ec399e69d9ac402affa7372899b7d209cbe047c09,08e02618c58798c36bf10464fb51cb5baa6626f25ad9c09f73abd0d5524705d2,eab871b05d63a78ca4d9ba63d278f56bbdcc249ad2ada2d8748761ce12536cfd,940,45,1097,930
978,Gao,263,,,6.64,Gao_0263,991d0b3711de649c7896b64350a328e550231b322e7b44381e0ffff52847c433,79a9af327ea103eba28cd661ee4a5fbd1877d89cc8909ddb6038947c6ef598a9,0c832e85c19b1291edbcc1ecd39e1f291a00a22b0a153292efac8df339522883,668b7020b316351d63ec425593f00248ccd151b502c08853e336b09872d9d3a6,d91d1fb023a2f6a57567bc4d2f2679d167c5ccdb96cbba0557bdf14a33625da0,54,492,997,931
979,Gao,264,,,5.1,Gao_0264,3df78d646127f6bc6d1736f8b50add69dc8d3f2db4d7279855ba6dfd256f42a0,662249b27f71717e6cd10bc40d9d82bd63bbfc14fed03ba60280ffb003a773e7,67c00dd8d558da61211ccd978dafc8fae78932bbfa8c52bbfe9a7bec4472f4a4,771a4aefef07bd52f490a7f169b6709757cd42d9bc96d20b6e8d7745115a871e,935cc6a51870733e434fc4aa8f395a6e75274c649d26bcaef21d16b49f496e31,469,574,672,932
980,Gao,265,,,4.3,Gao_0265,f6abd0dc5655a647019028f15337503f23242de0fb9bf5eaf8b14e1c75029379,662249b27f71717e6cd10bc40d9d82bd63bbfc14fed03ba60280ffb003a773e7,b70070172873691b72d09dff8f88de1f055f6f83cbd2fa23c31871bf7b038b10,e76eb91787410233545f7f1121939751b3a0ff17776a623d5a0ea07c80b2ef09,a2cdc6592504ca2ab2e6f37bad82c9905da67663d41d9408527f865e292e23bd,864,1067,741,933
981,Gao,266,,,5.02,Gao_0266,f2f20f35455865f95381498145d2c8c7c5d8565f5860390c721bff8995f43926,662249b27f71717e6cd10bc40d9d82bd63bbfc14fed03ba60280ffb003a773e7,a533102210ef8938e51eecefe5f56b7ce8b10f015d10f3d5143193f139ffe103,c54756680d86f36db4283dadb0e5b46220c0841c865b0a304eca5fe329001074,07d980317915fc65adf5aeba290a6de751d3027495a9031e10a0fae7b690f969,763,908,40,934
982,Gao,267,,,4.01,Gao_0267,6ffacbe11173334e4988fe7a9b71b41e3a1e6b0fd5bc907eb023122833ac7d07,79a9af327ea103eba28cd661ee4a5fbd1877d89cc8909ddb6038947c6ef598a9,c3a86152fe43e084171ef5ef254699571beb3a3cf31c8771f17f77d0ec08b42c,ab84c31626b608004af7a39b9a2ccc7ad1bdfe58df4f284ab12960daf1096b0a,2af2930fcca3cdbe8b60e5d2c85a8b9b38a3d640afa97a33047bf3a6783daf1f,934,788,185,909
983,Gao,268,,,2.83,Gao_0268,8b56c66d04880ce3fd1e85e207ecf671662746e9c0a60a7d510f532d93beda11,79a9af327ea103eba28cd661ee4a5fbd1877d89cc8909ddb6038947c6ef598a9,0d024e5c6f7fdc62e09ff1d6a09e7e9dfc893b45c227a47f083ba8f21314dede,26dc15ce21fb1f9553fc82f889c3b7fb743fb173af994b617144380c66bc4528,4db3536f6ea30e65d93959905651e3bc7c3997549569331da5be22b79584fcfa,59,195,343,935
984,Gao,269,,,1.34,Gao_0269,4546ae53203c5c08bf15677cefa79b3a61cd23910f2c0eb0278a766978c000a8,79a9af327ea103eba28cd661ee4a5fbd1877d89cc8909ddb6038947c6ef598a9,c3f40a67b5b7e091394faadbc89c3c2804e405b31bb10ad34960144bdbdc67f0,bd80359add8e958cec1600a56585c030aa4056d493ec783ae8abc47a8b05f9bd,263c51936bdd41ad74945edc49333d2fe9dd0a0ab5c9235543da2ccc9bc4917c,937,872,158,936
985,Gao,270,,,2.63,Gao_0270,eba31cc9feef54707da5722b6aa66445720298d05892d2d41561fd0e35693692,79a9af327ea103eba28cd661ee4a5fbd1877d89cc8909ddb6038947c6ef598a9,abbf05535b9aa57c9d95ba0f24ecc1831e3357925957571dbdde84530ffbd251,92294c2b2ffbc112064e3a811b58d23acbd4dfb505aa4c17ee4e27cf8119ee42,e9ab2686e82cc1c3a85e2c286dff9f73647484e62cc3732791c8687419a0517c,800,688,1085,937
986,Gao,271,,,0.71,Gao_0271,22f25f41611f79ef0990b3c3d77edeb7fc9f5c1c01938726b1a42847ab3d7b5e,79a9af327ea103eba28cd661ee4a5fbd1877d89cc8909ddb6038947c6ef598a9,7448525138c07885afa94e05b7e1b25d0df5dadbbb43190b4dcaafb1c697322b,bf34bab4ad4e80620c64a7bcbfddecccd00e8f50ff73106b0e42d6574db7c75e,44c3f496b83c6cc659182e1bccdca1b6bedfddeb813d6a50d24b679f320284dc,526,878,300,938
987,Gao,272,,,1.98,Gao_0272,a4464d7d587779a217c3e9f465a2e790bb12a19ea42aae0e6fd02b3f1b377623,79a9af327ea103eba28cd661ee4a5fbd1877d89cc8909ddb6038947c6ef598a9,02e12e5ef4e1143249c639d8e64c3f7c990b66cedbf44d29d13fefe80c9fb6cc,48cb54a39cfbbfc97804258ef0749df65aa4716a22adf1a3fcaf6ee12efb7e8f,9e3b15551774ffde55709ca714f45ccb766f96fb4ea6538db398ab06c2b7a788,14,348,723,939
988,Gao,273,,,3.68,Gao_0273,b3c2523522154beaf1f054306629b8fad220673786f9d269a0dd8f9bf068a789,79a9af327ea103eba28cd661ee4a5fbd1877d89cc8909ddb6038947c6ef598a9,2df73843ee9567db97a648217cd048847833b06013e838dc16dc7bb3e0937f3f,f188ad35e1a55754584a062510297276ce8982f1acae55250357deedc23f41df,66c47212b1372eb8d05e298cda28cbc46ea198b84d1ef331fe6c627da9f6a5f2,201,1123,466,940
989,Gao,274,,,7.97,Gao_0274,55cbc28e8ae238037986818fc49b24737de70ca5c2f98ae9682763af7f4996a9,79a9af327ea103eba28cd661ee4a5fbd1877d89cc8909ddb6038947c6ef598a9,327441582543d65e53fae3d0255521e0088b7cddff9bf7bc68bc9fd046f442c7,c9ab8f456f259064455dcc2778fec1aac4bfe6021a809c1ff23de62b9fffbb28,9a0097bdd2045f13a493ec38926bd5b25488651f44607f61b3d12f2c8591b120,224,926,697,941
990,Gao,275,,,0.2,Gao_0275,05dcaa257b716e03628913880461b2794ff27e5433f96b287980030967a8d035,79a9af327ea103eba28cd661ee4a5fbd1877d89cc8909ddb6038947c6ef598a9,44fa7d6a5e66db3a81d8514607d5ea3b8dc470e88593a9fa6f3e216c78c34ecd,01b47410ee02462ad487d13699fc7f36c5c6694c321dc67117c2c0d99338cb08,e15ecb2bc9c99e23d240381c7a5d894996489f22a5da0f3a842836f6164222c0,314,7,1048,942
991,Gao,276,,,0.35,Gao_0276,d8b0a72fef2c3c46a9c29973f4e8324ecc924e74c05c605fbc6bb10775250243,79a9af327ea103eba28cd661ee4a5fbd1877d89cc8909ddb6038947c6ef598a9,65bd90b75ecc6d46aaabd3d2868d7aad0c860955807fdad816700c71cda117fa,baf9696a19402674966e3411dd4715a19ea1baaa9834ef3db20a8d47caa05d15,761542864f0b42a8e5b2c6df934357c518db96144b245f48290ba6f1b0646e99,459,857,532,943
992,Gao,277,,,3.21,Gao_0277,3056fff04d4498bb6cebfb48a97b2ec188d1adb404ba7cf573f42f44e21adb2b,79a9af327ea103eba28cd661ee4a5fbd1877d89cc8909ddb6038947c6ef598a9,35fbd6f9dfb7f3d8ecd56396a0d6e9454b1596d2c4020a1f58116b92ab1b380a,1e765628f9d8d8234987735404f90187f2e20ccb1e8a4fb34aea573bd21f7e9e,a32f41262ddc7deaf852d80f2b2377b1c907e005b8282152a6c8c884bb42f57a,237,151,744,944
993,Gao,278,,,5.07,Gao_0278,756a20dd54c5e4f6d85be055d20e9793a272b45972cb9c6e23cec8108e01a1f8,79a9af327ea103eba28cd661ee4a5fbd1877d89cc8909ddb6038947c6ef598a9,07d48c2dfd1ba21a08c23ec8211826bff0c9aaa00e5d9655eaae1d520a8e1e93,9cfe7d4ccf3db74b77543853caa441574b15e4c20f35c49243eb3e224b4c0981,ec850b163a3ed45c39b8e5ddd8e5caab4f62e7f6016982ff1baf2e4f363fca0d,32,732,1109,945
994,Gao,279,,,7.63,Gao_0279,1c742257e7fe70912d94cf4164ea081f01c4ed64ada13bfb7dca20640063338e,79a9af327ea103eba28cd661ee4a5fbd1877d89cc8909ddb6038947c6ef598a9,ccef8b78299fad02767b50bfb87466c4a1679f1f6ee8f0cdf332190fd18f9017,eeb3677cfd8ca7a6b1d71edae89be917b2bf48629ee42946ff1bd76688c3ac02,29565d825266e6210677dd1b33391988f8f0cc4590f527eb2db7953308a0b9f9,978,1110,176,811
995,Gao,280,,,4.97,Gao_0280,7b5c7533890c45416746363462dbe72491f3567507b2f45e258e02697d55e3fc,79a9af327ea103eba28cd661ee4a5fbd1877d89cc8909ddb6038947c6ef598a9,878ee8d9ffa1659e4cbfa95d4b7cf0d3860f0638f7b3171317099395908ae1e6,200c59a229538ee2582d0e9e4c504ff7a66a1b99ed65e86e2bf57d34b03fffa5,f72fdbe50cf701854f21dcb28757caf572fa889770bac9950e0077128ec4e8e9,621,153,1156,946
996,Gao,281,,,7.57,Gao_0281,5050cb6fdcd263fccbd8a8f028a33f9a019017a691c9f0dbb5234cd9d0a48346,79a9af327ea103eba28cd661ee4a5fbd1877d89cc8909ddb6038947c6ef598a9,d258a8a3212dbbbc89f1ff2638f538f920590022048c1d70dc9776c305de49a3,0d14edc81a785983b22fa81cd390f7ae052de847900f7af3bf06373dae3172a1,5c032f30c969e181c597f71817e97e37a0f7875f93c90e225b7af0fe9257a2f1,1003,66,413,947
997,Gao,282,,,5.34,Gao_0282,87520d9ad69f0faf71bd09d3c175f83af2e4ae3b2db3c68dcb6eaca817bed27a,79a9af327ea103eba28cd661ee4a5fbd1877d89cc8909ddb6038947c6ef598a9,dbf33d1abe70b1574623463a48ea0ac18625bc51bcd12d65023e3f536e9e0175,c6a945bf65d9b25f1a72d71d51e64a8d9640009562c68bebe38649ec37dab90d,5d4e1b0363eaa5fac9a805c2661df7db622905ede8e169a903a9cf9b7bddd866,1042,913,420,948
998,Gao,283,,,5.07,Gao_0283,0c36cab5a9a852294b170d8672e897770cf4da978f4801d384e6359c24f3562f,79a9af327ea103eba28cd661ee4a5fbd1877d89cc8909ddb6038947c6ef598a9,7aa9bab1b6e322720cf71825854d241495b9156c3543a10bca7663e8a0d4c9e8,8d35695dc52425c58d7878f77c93f96d1dafc289fbc1b714780d2797b4b9649d,6e325f7e44e23509c2c20f48f630046542887969c7e743c5bca82ecfa40ee72c,564,662,499,949
999,Gao,284,,,2.48,Gao_0284,c15f28bf5c36e32faec52aca909f11fce4149bd7908d942c821402e54552903d,79a9af327ea103eba28cd661ee4a5fbd1877d89cc8909ddb6038947c6ef598a9,370b7fc62e5bb8b24526e33a02d8dce7f2c53f2d05d820f12abfe8da110c04f7,6f5175bd2819090c341b4144a36864152532b733444cd49deb2a7be109ab4992,afadca2b3f9ad601109de45adfb816c6f7dd5d02125c02b3deb39f894801c1c2,240,541,804,950
1000,Gao,285,,,5.96,Gao_0285,3b832f75aab651b7ca5efe2bb1ad99c8a89fee27dc4dcb1055f4ec022d8aa3d0,662249b27f71717e6cd10bc40d9d82bd63bbfc14fed03ba60280ffb003a773e7,d40e3a5e7c60db303af1be064c59928970f4807d3c8e267caca7892ddbc3f74b,c68849bba94436e372c54dd2d5da3747c42aa2a0d656d320c0174874ad479415,82caed1db3c79c6a9c0b9329442b3569e2096ab20e622e8e8a1c51eb0cee9595,1009,911,596,951
1001,Gao,286,,,5.72,Gao_0286,0c9c95dc3e1ecdd546dc55e0a2bd605bb61b3e499cda3402a07981d76fa75c61,79a9af327ea103eba28cd661ee4a5fbd1877d89cc8909ddb6038947c6ef598a9,ca19686eb05aeb1d1bd81c37aeaf56a234adfab8688a32667f941159f2785619,61eab8863dea55d1179653d5267201b5c151ef035d9ff3c874c98e8bde7b68f7,a3322399e09109d1d04060b2cb187189d30b6a5c3fc5ee28bb66543be670c50b,964,466,745,952
1002,Gao,287,,,5.1,Gao_0287,9ff94dcfd4573344a1ba9c635409277df70d857158080c9bcb0b115492562190,79a9af327ea103eba28cd661ee4a5fbd1877d89cc8909ddb6038947c6ef598a9,789a39088cc504e80f2a836a99bf6a2d2f44bcb9730a05c7901f636a99f90bd2,ddb2d8b61ddb4ec7cca9aa23137e52ebc6497720ad31c50dbae66ccc06b940d6,41e8a4e3fa7c68e198c8532feb961bd10455e5b3c1021ddb59fcf49b3b338671,554,1017,289,953
1003,Gao,288,,,5.6,Gao_0288,503c9299ddf4f3933267604f3b639a6e8b40852ceaeb5e0880f3d895caa29004,79a9af327ea103eba28cd661ee4a5fbd1877d89cc8909ddb6038947c6ef598a9,c35fda56f2002abc737a07e7086936194658a5387156d7454570b3a6b8eef5d1,963b7b4d6fd6e7127c71f82eace906f7357d14eb83084636dce95bc94fd4314f,2fc9e7c556a7209c51bffadc1c931a1985ad082594c146e4807cf0f82c17c86f,932,701,217,954
1004,Gao,289,,,2.0,Gao_0289,503c9299ddf4f3933267604f3b639a6e8b40852ceaeb5e0880f3d895caa29004,79a9af327ea103eba28cd661ee4a5fbd1877d89cc8909ddb6038947c6ef598a9,c35fda56f2002abc737a07e7086936194658a5387156d7454570b3a6b8eef5d1,963b7b4d6fd6e7127c71f82eace906f7357d14eb83084636dce95bc94fd4314f,2fc9e7c556a7209c51bffadc1c931a1985ad082594c146e4807cf0f82c17c86f,932,701,217,954
1005,Gao,290,,,2.69,Gao_0290,6737dc82cc9900d369e64da24c3ba5284c1c7bbbd5a06b3ad014827e0b23521b,0200210bcf15d900163b083f37822f819e4cacf358747423834334ad050b737f,eb5db58520448fef5328654fa499000e015cac0a8a128ad7dfaf82496c6c817d,d09319fd46d4041b09c36364276ed27df628e78196f527c61176b382ed50ca16,c5c702be24382e1ea9c6e53002a45538ab565f9d25ad3f1be48c943ffbe14d17,1108,962,906,955
1006,Gao,291,,,2.99,Gao_0291,6737dc82cc9900d369e64da24c3ba5284c1c7bbbd5a06b3ad014827e0b23521b,79a9af327ea103eba28cd661ee4a5fbd1877d89cc8909ddb6038947c6ef598a9,e0b0a20fb07fb7880551fc6fc6df18d21a53e863d24d9740b6a31f5993b50e58,0e0748ee2bf54f1c585e8a648e8c4df7096c6a948ccaf82a4a5c53946f86fd62,d3a06412d0c230bd754b81b9acadcfb42ba809b8762e111069496ce7c71b6968,1065,70,963,956
1007,Gao,292,,,3.14,Gao_0292,6737dc82cc9900d369e64da24c3ba5284c1c7bbbd5a06b3ad014827e0b23521b,0200210bcf15d900163b083f37822f819e4cacf358747423834334ad050b737f,eb5db58520448fef5328654fa499000e015cac0a8a128ad7dfaf82496c6c817d,d09319fd46d4041b09c36364276ed27df628e78196f527c61176b382ed50ca16,c5c702be24382e1ea9c6e53002a45538ab565f9d25ad3f1be48c943ffbe14d17,1108,962,906,955
1008,Gao,293,,,3.34,Gao_0293,6737dc82cc9900d369e64da24c3ba5284c1c7bbbd5a06b3ad014827e0b23521b,79a9af327ea103eba28cd661ee4a5fbd1877d89cc8909ddb6038947c6ef598a9,e0b0a20fb07fb7880551fc6fc6df18d21a53e863d24d9740b6a31f5993b50e58,0e0748ee2bf54f1c585e8a648e8c4df7096c6a948ccaf82a4a5c53946f86fd62,d3a06412d0c230bd754b81b9acadcfb42ba809b8762e111069496ce7c71b6968,1065,70,963,956
1009,Gao,294,,,4.56,Gao_0294,6737dc82cc9900d369e64da24c3ba5284c1c7bbbd5a06b3ad014827e0b23521b,0200210bcf15d900163b083f37822f819e4cacf358747423834334ad050b737f,eb5db58520448fef5328654fa499000e015cac0a8a128ad7dfaf82496c6c817d,d09319fd46d4041b09c36364276ed27df628e78196f527c61176b382ed50ca16,c5c702be24382e1ea9c6e53002a45538ab565f9d25ad3f1be48c943ffbe14d17,1108,962,906,955
1010,Gao,295,,,4.99,Gao_0295,6737dc82cc9900d369e64da24c3ba5284c1c7bbbd5a06b3ad014827e0b23521b,79a9af327ea103eba28cd661ee4a5fbd1877d89cc8909ddb6038947c6ef598a9,e0b0a20fb07fb7880551fc6fc6df18d21a53e863d24d9740b6a31f5993b50e58,0e0748ee2bf54f1c585e8a648e8c4df7096c6a948ccaf82a4a5c53946f86fd62,d3a06412d0c230bd754b81b9acadcfb42ba809b8762e111069496ce7c71b6968,1065,70,963,956
1011,Gao,296,,,5.2,Gao_0296,450932e86bf1da0e1f7bccd85fcf12b0ff8384e7447e40c6c077a961cb0ddd5c,0200210bcf15d900163b083f37822f819e4cacf358747423834334ad050b737f,e268403764d3c0975902120330ffc574cddc2647fef694bc64384c470f6c137e,f2d21503596409dda6e945da0acdedaf88433903c27d96685920e7a78643d04f,28c1fb75437e05537587378b0dc21f1055c1ac4ae2170e6624007d219aedebd0,1072,1130,174,957
1012,Gao,297,,,7.72,Gao_0297,d10254e2afaf10814a4bcc10b75a099d78dd9af5436998511733e94ba8eb070a,0200210bcf15d900163b083f37822f819e4cacf358747423834334ad050b737f,4be5efdf9b96e495ce792acce7f5e14274b5c0d0972e47e49b43752917a945fe,d87008344ceab746ae82f1d97969bb0d598fadd3e5e6568670c390db89fe5bf2,66930d2268b6068537fed312d1882040c87018b4e8470ff03d7e228a64b0a986,354,1001,465,958
1013,Gao,298,,,3.5,Gao_0298,1cd2cccbaff920b5283c684687ffacc5d25c5868210e1c01af118cd0362e1674,0200210bcf15d900163b083f37822f819e4cacf358747423834334ad050b737f,7c21d057745506dd88f2d1af226e618e3c9e84ef83201fcdd5ecc35581613017,5e2e22e7207db04bbfa801dcbda3a86730f98153329661f57a5e26f644d14b57,3d21ca5c41dfaf85b041236f2fab366ff3d981af7a0fe14bcc9c5e4ca47b24be,569,447,263,959
1014,Gao,299,,,4.54,Gao_0299,4ba77310824b30dc20fe05eb47cfafa5f68b7e3f88b011dc7a818317404433c4,662249b27f71717e6cd10bc40d9d82bd63bbfc14fed03ba60280ffb003a773e7,a18f224fd4a5892673aef101368e06ff276b245cf77f3eb2708e4ed8521c0ffa,e079360851f051208c3f6ab7f25507ccebdc021f7cf413521951ebe007c70f9a,63cbe40406534390f48bbf95dab7d8769a9e279e5c4474db5c9c074c36045772,750,1032,451,960
1015,Gao,300,,,6.55,Gao_0300,76c664da055da4a266a000e75d467a2ea800db41b7b0267d7dcf5b1413a076a6,662249b27f71717e6cd10bc40d9d82bd63bbfc14fed03ba60280ffb003a773e7,e43a3576a190b9733041900174ebfdc56da8ed467b73d3d2a5bdf8b188b1f4bb,48c19074e5ec5c1f5f62c3dd0e2fdf1b4bd4ee825552692e58eb8a1b32d06d31,90bf71e50ef28241569d6afe682c825692368d4f018c1e6d71164a396491350e,1079,347,654,961
1016,Gao,301,,,4.4,Gao_0301,2ed3a3cc7d8786e6f861dc065f6efea3894048e5b37d53cc7b355704e89b3fdf,662249b27f71717e6cd10bc40d9d82bd63bbfc14fed03ba60280ffb003a773e7,f69cfd7d896b03e084bb8b95433f2a916e34209f85a7378691d0c08a34583e96,7539ccaa8ea014268cd35bda8fb2bf67ce2d50366bc0aefdd9192a1e3657e354,0d1c71e6861ad482e234740f43fa60b6eea22f4ce9b1f205390529db4feeda65,1153,565,63,962
1017,Gao,302,,,8.06,Gao_0302,ea49c52d36b25995bdf69af9d550a26d82ff4d29d413ad0eec0a5c37aa9ca6af,79a9af327ea103eba28cd661ee4a5fbd1877d89cc8909ddb6038947c6ef598a9,ab870f83d81fc20f2fce83ea50639813211ee00489f3df58ded43cf8aa2d9a5d,de667c24c048ba94ab6ba7a9b13a487ff1a0421a32e219f3721c9e19d7ac39d5,cdc3fa78da8f053e73d43d15672194a88d422bdcda231136f769a77d3aeb08ba,797,1023,946,963
1018,Gao,303,,,6.3,Gao_0303,064f2f531a2cf9dfc888cba6978b041917553b4c584d3c53a9d7f0908e2d12e2,79a9af327ea103eba28cd661ee4a5fbd1877d89cc8909ddb6038947c6ef598a9,7a7b0723edfabdd893412ab89e73da4d8f70aa5aa005571bafb3398e3e2efd27,8a95e68f24c54c0d327dd7f61f0b31543abb59d9fa3c1c8ce1b3134650ff9586,9ba7a3bb2c1649fb1f34ca394824fd42b10a5f94d939f1bda93f6feadd8026ad,562,653,708,964
1019,Gao,304,,,3.21,Gao_0304,73b7c91360ad26789d7bf91072dea1fe81d7e1157a5073b3d56cdc30d6604457,79a9af327ea103eba28cd661ee4a5fbd1877d89cc8909ddb6038947c6ef598a9,9fd135c0a1f725fc1931a1804396ff7670cbf5572e1f5d501fd0bd9765d1ac95,8cfc9850b893485faea03b390ad25276d16851f98c3385abc4c440cd7a6a4537,c49de9c1ee3a57e47e701717b42352a52130fd7a05162475307689af61448f6f,732,661,904,965
1020,Gao,305,,,2.2,Gao_0305,ce4e721e6823a0e3267a45b5bf3313b76d5c081c8b792f2793bae70a01f1583b,79a9af327ea103eba28cd661ee4a5fbd1877d89cc8909ddb6038947c6ef598a9,533521459ddc9d476fa9cb8ec3ca316f6342fbdc1caabd303116d4d4d19baf2d,4152f18c312df30d9d6b60dd3a0dc27d6a3dd8b5e3823421e54047d2efbd4239,ccfda48a00c4fd917a42560a800056845fb5e39d08f2bbf6ffee1fdf434ef995,378,315,942,966
1021,Gao,306,,,0.27,Gao_0306,36be1566525e31fcf85cedfe055b7e2ddf1c34aec3e5467504a8bbd63dc73908,0200210bcf15d900163b083f37822f819e4cacf358747423834334ad050b737f,f8bfcfe81ce6be70d57217bed838a8abc2e92cc3a1e5245441e64001654bb737,d5b0f78bc738f2890166368f0361e7672f7b2a996a0fd53280ece2fe8adb5351,06593e436bdc7add2672e7e659f324d411e73d9211000953b49184278d52e5c7,1157,991,29,967
1022,Gao,307,,,0.55,Gao_0307,2e7d48f791eac222064433089ff9f39d9572a192f384c21e19d29911d1a03760,0200210bcf15d900163b083f37822f819e4cacf358747423834334ad050b737f,fb77cb13c97fc39af2c8343bb8514159b378cc3c462e324c940d18a50f950f78,1176165fe5896b4d95d4ccaff88fb0f3cd6ffa877b4193dae1ab5a7465f6eb5f,c2a1d8c32ec7cd4d2811dee3b8f41a0f1db0f3bb0e94c817c762e52c86e37e94,1172,86,897,968
1023,Gao,308,,,7.17,Gao_0308,28ce4819603885a06b0d07962924c46fb385b75e08ff3783a2556db8db5466a4,79a9af327ea103eba28cd661ee4a5fbd1877d89cc8909ddb6038947c6ef598a9,c556dc6cab6f93395ced214a6f74ce192f12fa2cf506ce51c9d13085dbbd8905,6ad3cdaf0baef59ac3c9b709a6f94c6ad0b3e45f737b21705c39fa339d74901e,896fea22774564fcf975fc02ffecde0b8e795f94de5d447382f58e4fee87e8c5,947,519,620,969
1024,Gao,309,,,7.42,Gao_0309,7afeb13d4a11539ae9ebd61294446732423c395d6e4bcb467db062ef62cf8de7,79a9af327ea103eba28cd661ee4a5fbd1877d89cc8909ddb6038947c6ef598a9,781dbcf7d5cfda35f25ef4ac623516c3ea3a861006344bd2f09dc7b1d1bc057a,5de6960c21c22b04e167bc7a630f289e2d6370ebd65bc5dd892c7548d7658ae6,8518b5ff161b1ee0b837fbd924f9fd25b0b099318ec50382d7dff2be4ca9b20c,548,445,605,970
1025,Gao,310,,,6.61,Gao_0310,cdb1e472403b1548605a0a76d75917e9327bc0044ad07e45a1bf8cdab01e33fc,79a9af327ea103eba28cd661ee4a5fbd1877d89cc8909ddb6038947c6ef598a9,69b93e20c31bd01cd0dc4ad40ff3fcf40010d214fc65b5ef362d65c095c01a68,1c21fb357d5b14c3a3716fb3c24501386679e11a84aa860b9d09fddaa61272e2,2e0979352632247bf71c33c2f2ff885dc4621a693211de62d7b78bee0cc45e62,479,139,203,971
1026,Gao,311,,,2.73,Gao_0311,873b23ae23e906b08be3c9bbbe2fcd0b5a5aa55c317640f5b15c0176d44ec658,79a9af327ea103eba28cd661ee4a5fbd1877d89cc8909ddb6038947c6ef598a9,d3b949323d4f7250ae1e7e12e4b13bb8f0dee90c2b6f49fccfce0f02780d1c26,21f4a0e86556dc1edb64d6dc71bd7c66fd5de5ea9daafc583a161c1092182ca8,501f1935a5720531714a2c36129ae51e3befcf0b613988374edd99b4d12bfeda,1007,160,354,972
1027,Gao,312,,,4.08,Gao_0312,34ea0b3f0b23567e4612dcfed7b1284d26665cc4275a47ab05287b296eb7ec3a,79a9af327ea103eba28cd661ee4a5fbd1877d89cc8909ddb6038947c6ef598a9,0274a949ce7231efad28fcb5fadc99d66893d759d1444272e50a58fa1440bc17,2b5e9d71ecaca998fb2c75cc1db9e079847ff54b599b7f5aa831f5ad050c1814,b4a7db88e6d5c04612428bc49eef3b684a8715717f1e2ea14620c165fa6c6d88,12,204,833,973
1028,Gao,313,,,3.03,Gao_0313,ce71f48488762d8b68f881c0cca14aaa856aaad026ca97b6801418d53acf7191,79a9af327ea103eba28cd661ee4a5fbd1877d89cc8909ddb6038947c6ef598a9,0ccfce8e8f3095ce0f15302e3af16a3ca7bdc8ea31a899334e667c998444ced8,e7526c711c13700b2ce462450fe3f50ec115cd92ef8d852e7a9e33396552d2a8,a06efbfea91413b5560d873d564b90dcb26dcefa804e6d38e0bfb03a87c22899,56,1066,731,974
1029,Gao,314,,,4.77,Gao_0314,677477610fe6ca2289d5a9a3ccba7c8383c543983bb4067cb31f1cf5ec479772,79a9af327ea103eba28cd661ee4a5fbd1877d89cc8909ddb6038947c6ef598a9,14416aa5525a6276316b447cdbce64734601507130087e27a7491258a46949e2,91e9a78b8b9913c2e274f4678c8cbd1a688c5f302c7754757dd183cbaac675d0,52411397f8c93a0f5ea5ffa886516e1d9476ca43b35ac45e70d6f24c8a00d1cf,92,683,369,975
1030,Gao,315,,,6.33,Gao_0315,80ddad8b5f123822406dde619b434cf58dae85210d7d29977e0a7d0b22a873bb,79a9af327ea103eba28cd661ee4a5fbd1877d89cc8909ddb6038947c6ef598a9,aa91d502c6af30a01da990efcdb03165378873605e86dbba0f19730f05f3c3de,304a8fc706548f007942520c5efc069b867887f0e236765967fdc02f74877d75,86a22df0c6f3efc73995436b96155f69d1d59c5f696608d9f327250723549811,790,243,610,976
1031,Gao,316,,,1.16,Gao_0316,5fa9cfcace2e8108214bcd125bdacebc7394a23cf1f97118494ac1ca76383573,0200210bcf15d900163b083f37822f819e4cacf358747423834334ad050b737f,1a83798f7b63b5f9ff18d2502cdd8eae25692ccca0ea1e988dd59141630546e4,8669a2c9828b5adefb57cb58658350ced2ddc992956dfdabea5e01e3c59c8a44,7d35f285dbb350161e9719dd06516cf9e241ffcd7e3be8bb1fb75ee9a9367069,127,630,569,977
1032,Gao,317,,,0.25,Gao_0317,fa6c04902000ea19b6ac4e673992e7625f168231976094b7977967a5c0b52d2b,0200210bcf15d900163b083f37822f819e4cacf358747423834334ad050b737f,33098727dd6bd933c7f4228965d0d395500d931f291bac68f088fce6631aaac1,aa5d0aa3f70ecca82995799626d8d3de402b0576914ebd1d90a1cdabef64f5fa,7d1cf2c4f1ce48e6d5c54beffa3858281837f6600c2cea5de89e694b922f841f,230,782,568,978
1033,Gao,318,,,6.85,Gao_0318,49300ea87acb9671c768eaa3a303d2cfb3bfcdd0bcbf8e535fbbf9d21b627ed5,79a9af327ea103eba28cd661ee4a5fbd1877d89cc8909ddb6038947c6ef598a9,af4c8c0e4d3e9d4ae1122f9709f15ef726f7de540c53d85d9c0c2d8a13713537,5c8a02a3025f5f7c9463465e5f85eb625525cd8e2a62d5eb7a1c2eca27b7605a,6fd3b45b13f5ca65a9a4bf70a060fcbd02c53f5760f78931eee1253bb385afa7,813,436,507,979
1034,Gao,319,,,4.57,Gao_0319,455038948002712c9980dbf69f6d97c7593fbec7373933b23f476714463bc13b,79a9af327ea103eba28cd661ee4a5fbd1877d89cc8909ddb6038947c6ef598a9,8d21a718dd8c81cadb565052488d7e20a6a5630665afaa6251fb9171e1bde134,04590632dad2798881ef5916a6dbf94e0a9b4338b3971d5671bc5a12c4a447e6,c08d5af94235fd81b785eed4db841e70acd851da588b591b34ea631f9395e4b0,650,23,889,980
1035,Gao,320,,,3.37,Gao_0320,e7d661de70177d86b50b57163ccc57c253849400145b150c41ca197ccfa5c435,0200210bcf15d900163b083f37822f819e4cacf358747423834334ad050b737f,900557818cd61d08fd597fc0b24671a5b76af8c872b8ec940be22506a2d24e9f,82727d506a864cf1eea5ea544e2758b7221692b34b6bb45ed4273382ca5f9618,809d1989b87499e27a23c18b56f4788d6889c2a6811d7e7f8b496d25c2c2b09c,662,620,580,981
1036,Gao,321,,,4.86,Gao_0321,c7260e62d2baee51f5a52119e8ab07fc5206edf87242ddf6767951c6f71ae157,0200210bcf15d900163b083f37822f819e4cacf358747423834334ad050b737f,2eddc51725d30375727511ea67e7e59e61c9826575299bfef3a53e41bf4812b1,daca73120e96867d96ade0563c023f86dbe3f84722e7ca8b2256ab9ac1815e71,e17e50e310d04e74e4b5fb5ed31affee4903a7920b6cbc081546731fa6c2e647,205,1010,1050,982
1037,Gao,322,,,4.02,Gao_0322,6715473cd83f6b682b59370323dc8e288a8906a4bc5772a8964262018ea1a99b,79a9af327ea103eba28cd661ee4a5fbd1877d89cc8909ddb6038947c6ef598a9,c1c9c3c148f4c916654cae139a210f0690660d9924fc175dc09a86a3ffc37615,4541aa1ec168b0be53cb6da61dbd04bcac532194e16cee8552d1785f22b885bd,3eb208b0111f96299489ddeb8a56e794b90dfc797f8d36e88ee6abf511a0c8d7,925,331,271,983
1038,Gao,323,,,4.22,Gao_0323,6715473cd83f6b682b59370323dc8e288a8906a4bc5772a8964262018ea1a99b,79a9af327ea103eba28cd661ee4a5fbd1877d89cc8909ddb6038947c6ef598a9,c1c9c3c148f4c916654cae139a210f0690660d9924fc175dc09a86a3ffc37615,4541aa1ec168b0be53cb6da61dbd04bcac532194e16cee8552d1785f22b885bd,3eb208b0111f96299489ddeb8a56e794b90dfc797f8d36e88ee6abf511a0c8d7,925,331,271,983
1039,Gao,324,,,3.95,Gao_0324,9da8afe95c3475a8c6889e5eb3a448b7a0fc323c03b0ff3b1818d2fe53f0f850,0200210bcf15d900163b083f37822f819e4cacf358747423834334ad050b737f,69a8ce4b6869de923c61331e7376a61c6cc0baefd2be5be7995bb8082e8f0dd1,780bcdb25ce6281b07f61cffb43b5f8f359a4e148c5473ec0d593c1aa33972b3,ee66f0ac878e5d721e9cbece1baeb1aa83647a4bf61a2a0da14fcab74cd39ef7,476,576,1118,984
1040,Gao,325,,,5.04,Gao_0325,c7a19bffe9edcff1fbaa501122071159dff5d590447bf69ca5d6ae9f0bfb5893,0200210bcf15d900163b083f37822f819e4cacf358747423834334ad050b737f,ef80a4b84aec4e884439eeb6572413d205f963e507ba6ef826cb002f6ac38eaa,f5fb165034d30071600d7fec16b09813a5aa8fcc19d4573c3e36f063c228879f,83f3b84e123803396d65a98e096bce1fb8188a813b61de328cc8fcdb8ca578fc,1128,1145,602,985
1041,Gao,326,,,6.04,Gao_0326,c7a19bffe9edcff1fbaa501122071159dff5d590447bf69ca5d6ae9f0bfb5893,0200210bcf15d900163b083f37822f819e4cacf358747423834334ad050b737f,ef80a4b84aec4e884439eeb6572413d205f963e507ba6ef826cb002f6ac38eaa,f5fb165034d30071600d7fec16b09813a5aa8fcc19d4573c3e36f063c228879f,83f3b84e123803396d65a98e096bce1fb8188a813b61de328cc8fcdb8ca578fc,1128,1145,602,985
1042,Gao,327,,,4.82,Gao_0327,09959a4a7c3edbea799a5515f0bc0caeabeee58f47223bfc683eca038449fc2b,79a9af327ea103eba28cd661ee4a5fbd1877d89cc8909ddb6038947c6ef598a9,67238733ae2efe61f66c8a77bbe0bbffd5425cfef866aeb0503b3bea81507e19,b2e4ddbcc960a31ab1926fd7b81156e3edcdee54dc1cd53686f936f6482534e5,823ad1ff46affdeb7ffabd1a04ff77df04a7fd599f4dc577e2a0697a1cffe1cc,468,810,590,986
1043,Gao,328,,,5.39,Gao_0328,a5a38ca921c70d1cb2313c138655e3ba2d7efe2d36c8f3a6162092828d6c9fbe,79a9af327ea103eba28cd661ee4a5fbd1877d89cc8909ddb6038947c6ef598a9,2dc39b76a186a3dd071556e9c1e6ba44f3febe1d761a2454eb25344eacab03de,989eecb51ae3e230edf5f9d056b0c5eafd28d3fd36f177f46bcac97f65bdeaa9,0ecd880601672e52754d2c5b8ed4cb4293086963432f72d920e5f47f1f971f25,200,714,72,987
1044,Gao,329,,,0.7,Gao_0329,a633cc3268c29ce8644618c3903134ff25b44b844e1ec73e0b0e92b8a977ee24,0200210bcf15d900163b083f37822f819e4cacf358747423834334ad050b737f,663047c975e86dbf6c044a47d340dc75285ffe5ea618151c149d1de938bfb600,7e729099e73f522bf1113d7db1ad0dea8d275fe8bbd5835e03572ef6929a7474,45e062bc86d1e5b1539e1d8a94ee91e863c6ce95211a652a8de98e08b62f4371,462,603,310,988
1045,Gao,330,,,0.68,Gao_0330,8c8298df19599170ef0eef3371112a9565028420052fe977d6bdc9d520fbd873,0200210bcf15d900163b083f37822f819e4cacf358747423834334ad050b737f,1cc55b873fa5f974922c755ddbcf03611fbe6acedbc1dcae5d4b182a6e76a606,67dac994ea169cbf8f7cb8fd42991e3bc96897c7001549e6178fcafb2fd9b90d,e5618eb6486fdb06321be05a11eaba7d77c5846dec1e50d0523c0b0b355bf630,137,497,1065,989
1046,Gao,331,,,0.98,Gao_0331,965d82fde0065e069c34abf845d843ac0e013556a2014746d37ac34bc95861d2,0200210bcf15d900163b083f37822f819e4cacf358747423834334ad050b737f,728a65f20e15644305e16f259dbeb2dbe5caeeae2d947fff8dfaf434199b10da,7a4b4d66f2ef9a5061b394917681c2a86f53a8d76bbd5e8163bc3c0e381e2313,8a1dfdb5332f1c8dcfc2ca341b349b88a247d7dd92b41f6ef069f6bbb7ecb4df,517,586,624,990
1047,Gao,332,,,0.74,Gao_0332,3b4434c0742e9937fa4934d868648748096f3f5f655cdc2d991cfe119a7dd49a,0200210bcf15d900163b083f37822f819e4cacf358747423834334ad050b737f,74d8311baa3cbccc4db47f4144dd231cdc5c4a539a3858c783f3783a475f625d,8dbb9e2a08b79b5bcdc039aab27dd16367e404dc06c8a20661792845bfb96078,d99a98382c71efa0f0b113285c42f740d1ce6abf412e22326ad702be30f37f7c,528,664,998,991
1048,Gao,333,,,0.86,Gao_0333,8dd9371816ab37b57041f8e3a0f126c2943f3a316cb5975f9f6a38bc3c5ef4cc,0200210bcf15d900163b083f37822f819e4cacf358747423834334ad050b737f,affe2aef923cb2bf8027e25a009d04601b125c510de2ca38a28ef81ca72f6fd1,3041ba1dce03f137d6b580ecb09ce01450507968c4f25bbc50014144dc49b6a5,5c471f40e7153edf98a6c5586efe2565cc6fa2c7cd508c0f13a4cf472a975db8,815,242,416,992
1049,Gao,334,,,4.71,Gao_0334,c89e65df2314c05124e4c3f20dd3925b2208064fa7b747000606bbe67b8e3a08,79a9af327ea103eba28cd661ee4a5fbd1877d89cc8909ddb6038947c6ef598a9,fffdbdd053b930507556353dba50de9f63a30b6c40449067be8daa881eeffc81,404e0668d30af178bf3d4382034fc0df1eb12adde4d896801ad4c299389857e2,58d87a0561e54012d12912e12fc3f7851510606d02c6a7425fa2ce1010094c2c,1187,312,398,993
1050,Gao,335,,,6.24,Gao_0335,f2dc56822190a6f97cd24b74c1b1e6e6da04970c02b59e8b8a68f1a1c0bc5896,79a9af327ea103eba28cd661ee4a5fbd1877d89cc8909ddb6038947c6ef598a9,1b50b7c1fbb81b71fd3f97de6fbb4ab2f7cb3a897d25fdaed71ebae4778cbf30,aa932e4e71702a8411e79ac1fdbe9bf89ea33d6ec8660333e409c0ac8709cb01,314ebed91e4e1ff02494159d3e8487f8a2314c700593d4db05e8be7010789e3d,131,784,223,994
1051,Gao,336,,,0.33,Gao_0336,6ced32f44dba03d1475bedb753dd5e684e822148abe49c8c32268ba03e1f6cbe,0200210bcf15d900163b083f37822f819e4cacf358747423834334ad050b737f,8bb1de67da1b14b25bade115479bf9fa27057d867cb61ffd793a769d856d3fb1,b5bf863bf436e431f7c52ff72b8ad9c6bda2c00ddb9bb84565177db469b96398,00d4450f772c3d3ae25561fdfc63dc935bf941481fe058529706cc455c84560a,641,821,3,995
1052,Gao,337,,,0.51,Gao_0337,b3deed26e682e4a457175bcd96abccd1b99ec38a7e198d3fa0b56d22b213d6d8,0200210bcf15d900163b083f37822f819e4cacf358747423834334ad050b737f,8d9629f49a6f11fda758efe2203a99713f995561a326389fc3d63af89c675667,e03da326891c09daaf24301d3208d30f7148a5e3adb72b9beccfdbb7aa59c199,a190d6a37dd95c8922a70bd8ec4e2dc4aee0233032e1e59c9bad45b25f258268,653,1030,737,996
1053,Gao,338,,,3.66,Gao_0338,b9dbdf3c4e3638807ae49b062390af089cfc16012f44a63b7e40d1fd896dc439,0200210bcf15d900163b083f37822f819e4cacf358747423834334ad050b737f,11b99517d5ad01d252182f6fa988909c6b861ebd5c11edf65081d41ea97417c0,5b99abb4cdbfa6ee9de8d7007f5ccf125f47557470bbf9fc9400de3453f9ef83,d280c881bf716b33d79fbdbbf24ac612e7fa357659b360c4edf0f19db566f414,77,430,957,997
1054,Gao,339,,,4.92,Gao_0339,5e381b3c836935fd143fa5215961e8093eaadf0683159903d992a0282fa2a30b,0200210bcf15d900163b083f37822f819e4cacf358747423834334ad050b737f,252393828a8a883d8c256f1d9f17176a9d5c6b86ccf4027f2b6b3e35acca70ca,9ec4d258abff056567849b6413a9c2d055c02f2eab424316f8f91da145dd8d78,babb140fe52423d417b8b71de80adde2efc64c8d662150f63080b0c85e124b08,164,740,865,998
1055,Gao,340,,,3.73,Gao_0340,d4fa0da7ee8e40cffcf8d3cf58b5b079c634ca013f1578675ef6d01ea87f6ad6,0200210bcf15d900163b083f37822f819e4cacf358747423834334ad050b737f,6491c15bbde8969c4ffd1de96bf19b34e770ee7587604a55d6be5ddf2e8a846d,79e7ddabe8acb87aa51ef4ede4d4bd1a3b5624b924e058a9df33bdff17a0e911,95117467ac979a561fc7ad725f81f31e0329a41427fd2154e022ae77153286a4,454,583,679,999
1056,Gao,341,,,3.83,Gao_0341,582a5a5702b1e77152c9f498195dd36ff0086047ff8df005a6ce26c5e3b4c7a7,0200210bcf15d900163b083f37822f819e4cacf358747423834334ad050b737f,a8a2c57d29606131d72b3ec4f9dec6c2f8cbc8d3e7098e6eab88500f1a1b9cb4,4658f288f844328c2d6bbc32ad7869d75d874865d202872373ada7d048672436,50f30001c268d5f15be198c23d262fa1447128f51ec3fe49eeb4d8d619d8c123,776,338,362,1000
1057,Gao,342,,,4.54,Gao_0342,3eab74a82c25a0c56ab0e77cad9cd3da00c7ede9e91d7a346ebbfc5e4513ec6e,0200210bcf15d900163b083f37822f819e4cacf358747423834334ad050b737f,2f88b066903ce914c2eebf492e1c68f200f4ffea41aba3e8ace20bf712dfbfe6,89ac8b0297d5cb702591876d36014077249b336cd1beb9b9b4b82b1787415224,2dc6a0832177ccb84c1946493ee2d9da262884ada9a7b4d4438b7d1ffd6d8cdf,211,649,200,1001
1058,Gao,343,,,0.6,Gao_0343,858a0ee57da1501d9a881e0b3f0d51b583c1cac75e33f1f0db933060eea71639,0200210bcf15d900163b083f37822f819e4cacf358747423834334ad050b737f,a513d42b819a3387714b4ae4e896c70e2e1c81b46062327eb99ae6e4cae7f8e4,fcf7c2023fac8fc66a439ebb2bf04a7b1100710683ab8c678b7c0717a70e6316,f26729935b437867b08f64af3376afa9c607b570f69f5ba8029ae0f10a3779d1,761,1176,1133,1002
1059,Gao,344,,,0.96,Gao_0344,b62559473f5485f5dd53fb1ef334fa3fb565c1aef7fad57f315dac2882deafb0,0200210bcf15d900163b083f37822f819e4cacf358747423834334ad050b737f,aa1090168526d9d382795bef028450c5f3517b95e013a82e5f5b5ad45587e2c3,adc0102361a6d936f54d830a41c9744ac508d4b4cca7ca9aad1e80c137b9111b,0df3d26a7bc6fbfa4f48045f1be173c10153ab4b459e7a62eb134fa85e75bf29,786,793,68,1003
1060,Gao,345,,,1.6,Gao_0345,91bb6e22096fd853944f2c3c76fd223e33bc2376684fee11d87d8c8dde8b1cca,0200210bcf15d900163b083f37822f819e4cacf358747423834334ad050b737f,507c82804404b80101e605324a9034a3c3f04d420c5a4e36ff92ab9201fb3184,9c12304d334ce596358166041b3665b6ae6c9a30e257f70c8e90343b546269b8,b0cb8d13b4b54beafde4a367388275e365cf4ee03047e454d291198894f3e575,372,725,816,1004
1061,Gao,346,,,5.73,Gao_0346,fa49397b6b849caf048a3042a312b323cf505fe02f400a6908cfd8a9b8e1668d,79a9af327ea103eba28cd661ee4a5fbd1877d89cc8909ddb6038947c6ef598a9,20a66941e16b4dcd9e05f195b2804f0415dd7def04bbdd4626eaff9338e14311,30297d8858f1855499d811b9ef59b133967e7a0fee95c24178c927599667831a,0617a2f431e05bf6818fb9befbfe1ece214e1bfd521fb4f6ff8ba47cb3dd33e6,152,240,24,1005
1062,Gao,347,,,7.81,Gao_0347,22257d81e436c3a85e786f5a25ec0e6f9c68e91f2a22ecad96af162010e828f1,79a9af327ea103eba28cd661ee4a5fbd1877d89cc8909ddb6038947c6ef598a9,40332d72f39cee0743fe210f28d43da063da48f8dcf9689285dc8a5131359163,2e1650bbf1e10ed76da75c06251d66a8382b0e531804f768c1a1640df327436e,13fbd7808004649fe2099cdf379f9235235b0b60fa8d7abb53f81628d7ef4a40,289,224,87,1006
1063,Gao,348,,,1.52,Gao_0348,ce937e90c7a7e4220625e879c53d2eb581dfd175a8ff46fa7e90adaada93cfd5,0200210bcf15d900163b083f37822f819e4cacf358747423834334ad050b737f,92e72c2c4e95fb09cf063f21fd863f806efb5741e9f60a489d83d73ec4c80f7d,729f47906e1d137a1991c7f5020b7aaf89b6426c4931134b181334fe65efa61e,5bf2bb1fcd76fa6668cc97d94972aa2994119d00814492801b331272853eb0eb,669,553,412,1007
1064,Gao,349,,,1.59,Gao_0349,977c574f634df3bf49ef90ef718497b4bd252d2ec8c02e1e06a863baac8024e8,0200210bcf15d900163b083f37822f819e4cacf358747423834334ad050b737f,eea9f842695826f32d04512f265dacf5558a60a3b749c2e32cc85ba73d678467,f9941c0c0e893de7f9548fa5f7be6388b4bcf29f07024e56c0074985af5125df,8fe18f844c2676d575d755902c92e40deb1a981641667cd8967039155c598c18,1125,1163,644,1008
1065,Gao,350,,,5.03,Gao_0350,541e45838aae9a0cc229cf43a4f3ccff5e62ec3e2a397861fe839ae8f98105c3,0200210bcf15d900163b083f37822f819e4cacf358747423834334ad050b737f,bec3f24233da60884004327bc5c76d0702aacf19353a51b763edfe8a68889910,151cd153d2dcc4c199edd22dd5d0c36a03697bdc412cc34b173aba9f7757c91a,a3c20fe20cfa668a6bd99939ef7a1e8aecd2861ae13caf875bd2ac2cb79a409c,905,104,749,1009
1066,Gao,351,,,2.34,Gao_0351,d5e922a17ff3c801a073660d65456478314712bbeef2f1dfe6f975b661fe005d,0200210bcf15d900163b083f37822f819e4cacf358747423834334ad050b737f,061a9dd9928c933abc50e8b94e78168976b58abc0ef2854f4743790866a8e41a,269cf1cb53ac76cada7eaa1789a08d9a68bdb6219140aa64a418ba4c1c9f9acf,e9cb859b77df5fcfeab727c9db5579d83e64e26947823b7c4ec0a44b0693c091,27,193,1088,1010
1067,Gao,352,,,5.51,Gao_0352,d2951b676df44d8da65615037fdce7c643f75e61cd2b5446569e7616908c12a4,0cc00e1ba2d95fe8288dc072edf395ee6fc3678daa4e12f6703c7be7d2c5a409,b3ebbb061779261b3011fe5e748b6c72ce684c5ba045ce0256ef92f01d8e6f27,6e1862e6a940809cebd4e2cd747948307598ee8fcf1a4c367274f2e452f26470,952d80dbb2a24e29c0f6b7a727507e067758d478b723fab99f2a11a733a75c52,838,532,680,1011
1068,Gao,353,,,2.7,Gao_0353,dc930b002dfdc0a76cdfe99b90e41e853c7cb2fb302663c72ef3d2bc2201d1e5,79a9af327ea103eba28cd661ee4a5fbd1877d89cc8909ddb6038947c6ef598a9,ddb23d90596d0f211b9091e47d01a2a58a79d51210889ecb72e66179e1fc7fc8,75b0f94a340bf00c11c01b8bf35d743f34bbed92c7be49b03b0ec8e40b2bc22f,9225e465f7a7e7bff4d86472921a69967639f3243b55d687a7cb700193339333,1052,568,666,1012
1069,Gao,354,,,4.2,Gao_0354,b7e50deaabe226743d51f805244fba68d2caa178b9f349e8b0a4e89844e22412,79a9af327ea103eba28cd661ee4a5fbd1877d89cc8909ddb6038947c6ef598a9,0d220a7c069dcff07555e417d680df37f9dc0fad591dabce696995a8114002ed,91ec4aafeb90c47a30c1a1f68a0e50895066549c3ad3515f1c58f1148ea7c412,44a402e11147757e65ac993a4533243d432e1c1b6f97299f407b7e0f350718b5,60,684,299,1013
1070,Gao,355,,,0.5,Gao_0355,fb358acc4e0357bce65a598cb737da7025ef498b7c6aece173a9cc5c15b3c5b0,79a9af327ea103eba28cd661ee4a5fbd1877d89cc8909ddb6038947c6ef598a9,cba1229c76925a35396ac7a5078f7d4a81d87a7b477549c1237fe818655919ef,1402f95ba9d5c73ff45ed99552a9f25a6f6838355168eab82d1c2461929e136f,b067cb8cd3ae5163d1f180effca02e6350647ffdb86adea057b2a06c645d3ed0,969,96,812,1014
1071,Gao,356,,,2.48,Gao_0356,d5eaabf9ad8d6172d63458db2a28a3b7cd894dc4e619888c6f471fad54dfcece,662249b27f71717e6cd10bc40d9d82bd63bbfc14fed03ba60280ffb003a773e7,88971f5fa937431c1a6f48011a318cb54a13e6b03c147dc555a3a4ced06c635b,8f50659c093320729574874aef90861803fef2910fd9d1bb266e01f391732009,e5164183b1571995ce3edce2f1f096e53c9c66338197ab4c547c863e54e06457,624,672,1063,1015
1072,Gao,357,,,3.6,Gao_0357,d5eaabf9ad8d6172d63458db2a28a3b7cd894dc4e619888c6f471fad54dfcece,662249b27f71717e6cd10bc40d9d82bd63bbfc14fed03ba60280ffb003a773e7,88971f5fa937431c1a6f48011a318cb54a13e6b03c147dc555a3a4ced06c635b,8f50659c093320729574874aef90861803fef2910fd9d1bb266e01f391732009,e5164183b1571995ce3edce2f1f096e53c9c66338197ab4c547c863e54e06457,624,672,1063,1015
1073,Gao,358,,,2.17,Gao_0358,c8a83680dc390e7560a40d14ff7a48c7e383debbee8c17e2850148328e81d793,662249b27f71717e6cd10bc40d9d82bd63bbfc14fed03ba60280ffb003a773e7,7bd2c218a3440de87b873bd28a7a5546a8e94b5e2761d3ddd56b0a23a956b101,db988d777534b8c7e3fe6cd732a217a0fb361f3f55c952b7617d9cea284d2c73,59077ca3fcaa1fadb49fc8063b44722ae24547c71c7763f80210c79e1b6bd456,568,1013,400,1016
1074,Gao,359,,,2.09,Gao_0359,7884d31701e2ca9052664ec2cdde63b09de8bb6ffc73eba137bebe2a401e21d4,662249b27f71717e6cd10bc40d9d82bd63bbfc14fed03ba60280ffb003a773e7,b36445f29c6ae5cc7f7146b49eee7a21851ec6bcd0657d4da12908b642c49292,657d16df18f93e49edc2916debaf5a40c0181fbbb4cc0b7505dc3606321b4815,fce89638c7038a1805057b310cdb024ccd3f15f3b6b74626894e7d6a1e5209cd,834,485,1179,1017
1075,Gao,360,,,1.42,Gao_0360,cb2f4fec4e8049d2975ebc2a21c1283852ba5504760d88ee32d1903753906fe1,662249b27f71717e6cd10bc40d9d82bd63bbfc14fed03ba60280ffb003a773e7,8531e2fe5e3fc4cee6c9831de58fa0dbfb49c2a1dbf3bd4184043709e4976765,8625333d175e09cb23b0d4510cfccb5ed466e6eadbdb8d8f1a187c8b241a72b6,5c4220affb4298b3d79fb2be913fb0ca4349976268c3495c59312b16c5da185e,607,629,415,1018
1076,Gao,361,,,6.3,Gao_0361,a214bd9888165246f62452050e4d8ad4b322e719763b0458a7092ca734b457c0,0200210bcf15d900163b083f37822f819e4cacf358747423834334ad050b737f,16926b35efc1a380f908c0b388c0789f26e89b146c4c05fbb2a92876312afb30,f4c1283552d8fdd7da163dd79bd116ae4cc8794f5c252ae167b41b7e66ba0cac,b1866f348aa983ffcd9fa20118599c77f53ca733b1a2188d57ab0fdaae70911e,105,1138,819,1019
1077,Gao,362,,,7.3,Gao_0362,07d48aa15cbecfc609164455e0727b6bc037c322c803f4d9392fe12fabca4ad2,0200210bcf15d900163b083f37822f819e4cacf358747423834334ad050b737f,3aa8505d7005fc4397d271173b6c1cc2e3583dc7e73e98f2bd60cea00904114c,27cf2f3f5e4f642cfb5a68806f4d5c2b4487e08229bce97e0214b55412cd5c11,8fe44c510f8ad49e3277143de52d638560f8064811733ac2d59cd67463e25b2c,261,197,645,1020
1078,Gao,363,,,1.03,Gao_0363,2532402c6ff8d32aa6affa150c1606084121566441644b27e147dabdd751c272,0200210bcf15d900163b083f37822f819e4cacf358747423834334ad050b737f,5f0cca8ba0ee00ba044a213da38448fb726a054b964a3be4f2e7d33eb39444a4,3dee63d7a4265059cecf1a3858644a0905a84a951613025fc992fa41e7d85b41,d843f0e9557ee3d22cb6b270426316ac0a113d1b485391845487ea390c92e953,428,302,993,1021
1079,Gao,364,,,0.12,Gao_0364,8578413d81df5699a13647d9a08970788784287b820b62eec168f50e8ab669f4,0200210bcf15d900163b083f37822f819e4cacf358747423834334ad050b737f,996fcc6335e42ab9cc977c0cf7f97e37c580e3029af364769579b63638a2f086,eb075b1603815b99bafcff54a325c65ede40147a1be5f9d81d818405c607bb46,7324f9d623e330ad04f40388bfe470ba1df8b07316d630413bc271b4c5cb6612,702,1083,520,1022
1080,Gao,365,,,0.41,Gao_0365,3dedb92f0deedf634e8a055341bb8789ea9fecf1535234db6c4ca3ed89d6504a,0200210bcf15d900163b083f37822f819e4cacf358747423834334ad050b737f,70b84d1491c7428486afe2ef50cc68edc2e3f5690c2b3a37676e7308acbfdb9d,462fe4fd965e587dd51282de73d6442216b88239a856bd5243ab65abfcb5e468,d8438a126b8e503516fd05576235dfb857d568aadfcf5a65e630b348e4149cf2,510,335,992,1023
1081,Gao,366,,,2.69,Gao_0366,8e1c901785318866c3de8e9bf86fbc08e26bcc1d1f6acd85d652c0e34bef211d,0200210bcf15d900163b083f37822f819e4cacf358747423834334ad050b737f,ddb0d6ced72421863f7ac19aa237fa8b918927d0c3603a99e3d6cd5d1814a21e,5dd763415f2e92ea86c9a997269e7ec17313a9b0bc512660c40a21728ef3bc8a,7839d9d4ee858a9932d9b70baede7251cea6efdb607976c11beb00469bc0baf8,1051,444,541,1024
1082,Gao,367,,,2.68,Gao_0367,8e1c901785318866c3de8e9bf86fbc08e26bcc1d1f6acd85d652c0e34bef211d,79a9af327ea103eba28cd661ee4a5fbd1877d89cc8909ddb6038947c6ef598a9,dfeb578a3ebfc3632e58573af776c630712425e8bc871263c237e19f4a6c192e,8ac0adfcf5d096ef41781c7efcee5cd199b055dc44c318908710ad8811d20e6e,bd6ed8f425c7fa6c22c97ff6ec06080218819d1bb83dbf7b1bcec2ee7d9dc589,1059,654,876,1025
1083,Gao,368,,,7.7,Gao_0368,d3ec65425bb627d3c3dc5045a646d1c522c69de2fc910d51cfdebc3bd622da40,79a9af327ea103eba28cd661ee4a5fbd1877d89cc8909ddb6038947c6ef598a9,5e44819331331399b909d4da5c436ad8db161ddaf4ffbc276ad5dd2118643a48,61472c725908bb5e06a25c56f0695456bdd71ca590e0cf0f56bb58b983fde79d,41e76c0f2f22cc1533a8b7eca33cf0a94122e3d58c1699fbcd0e9c2a0ecae1e1,423,463,288,1026
1084,Gao,369,,,8.23,Gao_0369,792f1775cbbe0bd4a2538913d2723028e2451833ce6233dea6b72d786de4ecb5,79a9af327ea103eba28cd661ee4a5fbd1877d89cc8909ddb6038947c6ef598a9,75ac7611a9d6aa1d2bd9196d9811bd79884a1ebfb5ecbdfad753611b5d987433,3e9ed38e88eb5325ad92ce8e5970fd8385fd827776279b3b5753632273ab2102,cbc09930db878b37b3f3d7459b742c2af8de754d04b8072f68c8727e2afea235,532,306,934,1027
1085,Gao,370,,,0.01,Gao_0370,85834d44c46a25cc188911e1c301ad06e84c951de55f24f130025adf7382b7c3,79a9af327ea103eba28cd661ee4a5fbd1877d89cc8909ddb6038947c6ef598a9,eea08f41c9b1927c57b8aee3ef3a46cee2a3e220b88206121939c4e00fe84919,b820b3a1817975773ed480146e0ba42744262611ef5925d01b38fc26da0c0481,9a722d31720514059fe3c8c9cc286ed246cc7bd9f14fc0c25afe4b3c951d9546,1124,836,699,1028
1086,Gao,371,,,5.57,Gao_0371,bb58cf07b183095dee4cea4533fd9b664cd82ab8dc9b8adb4b975d41c409a21b,79a9af327ea103eba28cd661ee4a5fbd1877d89cc8909ddb6038947c6ef598a9,53ee51b12041eb28482d7c7618cf14101c76d7bfdc9f206c54e9fc944ab36241,3257ad906b6932d17a82ebd867ceb450cb9fcf7ec6f919387d4bad77caf72854,4eff70ac0f055af18c87c53fc2e1921f831b43e9d0d840777d8fc05d52cf91fb,384,258,348,1029
1087,Gao,372,,,0.004,Gao_0372,a36064b7c1fcb3cbdd1574111859409cca827b84808cd597fb089e222529868b,79a9af327ea103eba28cd661ee4a5fbd1877d89cc8909ddb6038947c6ef598a9,198173ed00c73a28b238ecaf71a81196a30fbed6a68bd60854ae391686c1d1fd,03003ce21e9a9538badeb4ef3c6cdc451035f7b474036cf48541a0d8d5ab6cd6,c6b3ebc6847b6179eac6d3a3c95b1f3da849534b5529cf6086663e38ca38e696,121,16,910,1030
1088,Gao,373,,,1.3,Gao_0373,26e29b89ebfee4fd71656c3da19abb9eae0e3acdb4b12d77d6a63ce17b45fb44,79a9af327ea103eba28cd661ee4a5fbd1877d89cc8909ddb6038947c6ef598a9,14ad23bd47d3a75bf1a4b64682c1d8d09e2fd46174abc2816486727b7fab625b,c969c649d03aadea06c966941806f48fff1fc69824512e96c8fd48f518a28f6f,78dcbfcd5f9c417b2226575bddb67449ad32d618783ef44b1c4eac102a2ce895,95,923,546,1031
1089,Gao,374,,,3.72,Gao_0374,07a6b269633dc8c91f95dd23d7b674f7b27be6c79b826300034a9b1d6d3e1dee,79a9af327ea103eba28cd661ee4a5fbd1877d89cc8909ddb6038947c6ef598a9,94cca960ce2186ad6e78e48d186085ccfae291cea03b05fd132117323d7605cb,adf13ca56f410b628a8013768db446a8c0107702be1f2a38d064c26cfd5ea07d,fb40619970791e8b8c78222b60bcf7235fd28102a02d63edd564227034b1933b,680,794,1171,1032
1090,Gao,375,,,1.52,Gao_0375,e7ad0182c3e3e0da4d41e4e9012d03ff94eb80a8da7fd86d8a7b6ff802a1ad2d,79a9af327ea103eba28cd661ee4a5fbd1877d89cc8909ddb6038947c6ef598a9,b0c1a2f38d715e72f0bba1932e56c4f01da397755a266f154fbd6bf857d9e4cf,c4ced2ffeae740dd80796c8b760c2d3226fc0ceabbd779da15b52809037ac04a,743aa4452e3d49e2cc68c64f53c4cbcf919b77b59fe190644908083dc5b91832,818,906,529,1033
1091,Gao,376,,,0.93,Gao_0376,732bd5c647343b697a8d9b70e8dc80f9981cd8b0fd658861a435ae1aef97facb,79a9af327ea103eba28cd661ee4a5fbd1877d89cc8909ddb6038947c6ef598a9,08631eda19f4f86d1db9139b9096c22b76fd609f70241dd6d0fede828305928e,569832aec978f092a989b172815c3364ba6d8fa7de2f2fdf2a1a65fe5361cd68,2331b1c2809e0f33fa7e913ae8a5f96db6206fada06b725a543ffa36836c98fd,36,416,144,1034
1092,Gao,377,,,1.32,Gao_0377,d9a52e49ce74df267c59905a8e13bc09fea41f0e59bd94c105b65bd8022b8aa3,79a9af327ea103eba28cd661ee4a5fbd1877d89cc8909ddb6038947c6ef598a9,80087a316546e8fa92b22e47c688ec0c97e181f90432600420f10f4814c9e9f7,53d22ebab0967b36f73196cb5b9dc1a596f770255d4716861811f20cefa04d51,54e6d1c34dca10b80a076f97224b381c09758a95fced535d4e0c280f7f4e31db,585,401,383,1035
1093,Gao,378,,,1.34,Gao_0378,7881390fb69bc2de94c85a2a54d0a0a2cc2c56895ea2846463d6d5b63f4739f4,79a9af327ea103eba28cd661ee4a5fbd1877d89cc8909ddb6038947c6ef598a9,75d5c18742eae322e9806659021daf43b6ab84dbf47c493ffeae647e2dba8bf4,425136b6df094a1f35f717d5b2d49236d1f8f21a48d19e6c3992d3f9e860565b,f315c7ec593f290167dda51795b2e5fd5873bb1533664810c9c20bb71a33cc12,533,319,1137,1036
1094,Gao,379,,,0.27,Gao_0379,20e99f7dbbb4a489b9556665b9c1d27ee012c5c6c1a6304d5e1e15cc4adbec16,79a9af327ea103eba28cd661ee4a5fbd1877d89cc8909ddb6038947c6ef598a9,9758cadb9f46a4a88831176b36391b5a0e6defc2b10c249271bb96853c0c1229,81342d8ec816778008a21b8c6b1570c4da40de677f4a16677fd8bf49ae9b3d2d,5a5bf132a60e5db02708ebd81326ee4bd203ddac60b5af764d2dbe006991625d,692,617,404,1037
1095,Gao,380,,,1.25,Gao_0380,ef994fd777987bad0f8f35398ef3b2bc47278c3e05a4febd79d2474a539fa588,0200210bcf15d900163b083f37822f819e4cacf358747423834334ad050b737f,7767b01b8c0a3accbf4cfa3cdcf8cea3cb6ebabf510bdc0404a8ff06a7e54aa7,32401933e7cc11da497b1b53ef3e2db96f2dcdca72aa5bfe07a721c5615421c8,9482454534d7939102ebd645e3f3d4657f23d7c488009447ae6c33815c6b8ed0,545,257,676,1038
1096,Gao,381,,,0.003,Gao_0381,b0bb02823878d95c21fafa826aca7ffff226124061d12ccce540cda913ec1ec9,79a9af327ea103eba28cd661ee4a5fbd1877d89cc8909ddb6038947c6ef598a9,45f6a2cc6ff8a2d577c5c0c6fe053d0c15be948a5278d26248147a55bb6a8c36,a7dc8c580b7d957244472d7c51097a8cd7802bddd48ba485e365ce0e307054ef,c7bb13dc22bb60de32efa67676d401734ab83b3bedbcb7ac530cd23d3cb7b798,320,770,916,1039
1097,Gao,382,,,0.04,Gao_0382,36e29334fae21893e934b8d7b7ecfca378aa3972942d5bc6d1f7e1c9b8106fd5,0200210bcf15d900163b083f37822f819e4cacf358747423834334ad050b737f,68d2c2cecebf5bbd08560566e6a6f5bbd3665b986bb6f17f48576bb3d4c83eeb,ba8c7a07e97539637d7219d66775bb2fb80255de26ecbe8c99be3b8a37e3bb74,4c87533d71710f69d308f1c53305979b26dd8f27e3077d0656139150b66acb41,472,854,333,1040
1098,Gao,383,,,0.65,Gao_0383,963f23c0ebcb1ed9ce28648437d65ecd71339e4ebcfb2d71b2e70f1c73703784,0200210bcf15d900163b083f37822f819e4cacf358747423834334ad050b737f,7d03a7b8a9629666c6fb36655a04841b12603e897022a20230cac7311d7f9814,4d9915645887052dfb810664744a11400de5d2caa5d99f4dc4a215ad18159b18,037bd76d484a0f084cdc0dd5ad5675c52567bcd35ab2811bf67e252c3558f7cb,573,367,16,1041
1099,Gao,384,,,0.42,Gao_0384,9f5315600bd783579316731c5b09ea26d88ef7b93c33fb5f7258a9e5a9127acf,0200210bcf15d900163b083f37822f819e4cacf358747423834334ad050b737f,c452438830045f9656917f0e33440a395030725044287c95454a6b38d3854e90,1388720ec9e9c03d3faf51e9c3eec93a0d882dcf856469f9f32f7b8aad9716ae,0c568a946cf062c6ba57f2cdb35817525e7595b92fff540e191379e44cbe9fb8,941,94,61,1042
1100,Gao,385,,,0.04,Gao_0385,5081da9ecbb2ee8c877783a932102124ba602a5183e20cc4b370ffe6d41361d4,0200210bcf15d900163b083f37822f819e4cacf358747423834334ad050b737f,868794cfb23c5c24fe6837c5a2e388ecb246663ad2b53b6a5361603cc570f4d8,0cfa09d3769b5a2618245892bc6981b64fa231fdcd6392dc769432224b729593,6408b26f1dd1317626e3065ebb431ae555c92375d0478e9d18f4709fa3e62206,617,64,453,1043
1101,Gao,386,,,0.67,Gao_0386,3336573287cadadea664612a80b5059a164ae7469766f9e6b6b8b30f1979abaf,0200210bcf15d900163b083f37822f819e4cacf358747423834334ad050b737f,2009801adcd0f53334602e8e985f24b330d04822fbad73c5aa6d4bede1b1dbb3,f036cd6e45301f4c635961628fbea869a0856e79b0f409370e6756dff3335d2a,34c51145fa1483630a0d6cd979a8feb6b7636b40b69a33d2e2d95bf0c0e928af,148,1117,237,1044
1102,Gao,387,,,8.26,Gao_0387,fcd59c5e1fb0fe1123372c5e84eecdbacfc5c9be010822a693a050ef27359b5f,79a9af327ea103eba28cd661ee4a5fbd1877d89cc8909ddb6038947c6ef598a9,bd15c2e3657e0524cb5d3f06419a9eda442f3727170efcbd876a2a81808b719e,5f6248ed067bca4b2760367433489ddcbcd1ee72ce745b85d5526999fdee0b01,e3a2508d0a21ea856b83693154272435e4b18cf0a4ad223c6c9eb8583ef27e0a,901,452,1060,1045
1103,Gao,388,,,7.83,Gao_0388,c25e3117b6bfa231409ec9c9e1824f0cccb63a9c6ef7c5fdbb8c64cd2dfc12e9,79a9af327ea103eba28cd661ee4a5fbd1877d89cc8909ddb6038947c6ef598a9,a6073e97928fe7ce44ff2b7b5d6e873111450d1278ffd33c4af7c85f97f20ac7,ebcb230cab93cd007a54238908f24c694432d9ece44d1ea338cb7922d1846c5a,ca34af8d13510a7a810227fd29366f1d4d067c3db43004c7ca467adc814c95de,771,1089,927,1046
1104,Gao,389,,,6.98,Gao_0389,15b81fe42b19c97f9e3b92a0e6639926f1f6a3b8eecd29bdae1d7297ed8dac78,0200210bcf15d900163b083f37822f819e4cacf358747423834334ad050b737f,632fda71024dab01da3b00eedcd1af5670ffe6980c84529a5a7ec3e01d2804b8,a35b5a26c715db6fb6adbbd0f57f8c9c65ba699d24cb0946c614f68cf39258c3,b2f8362923219c70c9d98ac71e83360ee4729dc876076fb6a21498040b5cabaf,448,762,827,1047
1105,Gao,390,,,0.94,Gao_0390,aa4529dafd22e181edcba1ad97f0bd698c774b49cb32a2600365a71453ed23e5,79a9af327ea103eba28cd661ee4a5fbd1877d89cc8909ddb6038947c6ef598a9,e4ba810fe649b3f5cc7a7fd06888bf73955ced7810d777fac6917d4a8de85bc0,ecf3ea32c671049c208717755fb90dcb6a09ebf1a4ad6847df7c57c64d1bbf56,8cf04e1b8eb5477db0383756a78a58d1c88d67f2bea4ef472cf319fbe2e4add0,1083,1096,637,1048
1106,Gao,391,,,5.04,Gao_0391,4dcf34766d61f907be5c6aa0e303130c96cff50f0d8f53a352545db5d9bf90d4,79a9af327ea103eba28cd661ee4a5fbd1877d89cc8909ddb6038947c6ef598a9,d044400a1af1fbf340e35b87a457991b3f8898dca2314bf4f1f6bfca99b4a502,d6dcb3d5c7a4471fbb6cbb972755092188f7df4ba87c2c6fa9986c6dfcc343fb,de93b85a2fd728dc420c37e50b14980205d743f3722c844093c46b243ecd53fa,991,995,1035,1049
1107,Gao,392,,,2.28,Gao_0392,9be1365369b4172e958ea964dd9010a42e73dc4b940de2e20fa6be71f016c099,79a9af327ea103eba28cd661ee4a5fbd1877d89cc8909ddb6038947c6ef598a9,8b61ece768908079dc632f2576c1391e15c4dcb5ee04aeadb2738f4eaa48ee69,8f669ef3249c0b24878d2ecb6886adae52faf402c067e75560cb766b32a7466c,a2d95944eec6452a43b3ad58283e76bdf2a69d9b9f7d87fec4355577abb8fafc,640,673,742,1050
1108,Gao,393,,,5.06,Gao_0393,9b1de60a59a242cda29163d9146dcf751bae97e3d330a5672ce11255e8aa4277,79a9af327ea103eba28cd661ee4a5fbd1877d89cc8909ddb6038947c6ef598a9,3964694feac95090c33133a097205f2bd58d552569234b38bcd0c85cff85e436,93bd82cb248d211ecbe2c59796ed2f0e40b3309464f2467ce816949f64998547,52d4c008210684c893d30fe59d8ab57667ea72bc4c1c63a95f214632c6883c60,255,695,372,1051
1109,Gao,394,,,4.5,Gao_0394,9f6dbe0f44fea6bda3f7b758f40c8d658396182954973562a6f0d4f9f4129483,0200210bcf15d900163b083f37822f819e4cacf358747423834334ad050b737f,e0a7063e9bcb9f0788a019f43f4f91a4941d17d2e0e8dd802e7764f089405d96,7c63d9e80f17671e4e3aba3a9901d564b928670f538155742f0c1b8ff289235c,bd8a7ca3d7169e352d0861df953c428591c2e7990625c351cb4a7432c70a2143,1064,594,877,1052
1110,Gao,395,,,5.5,Gao_0395,261ee38789709f72ac27311ec8f9b2abfb598efffbc34ded8db913cf0c0307db,0200210bcf15d900163b083f37822f819e4cacf358747423834334ad050b737f,8cbd4a5a7849f967c8b23459d8d33e08e1555bfdb952ec810e20fa39eef45b42,866ba260cc78b125a4853d34ae387bc2ccebbd4d5f32e1fced2bad3bf78635ce,d849752da705d83f415c5030fb394a911b4be54d9f4954c24df22e8aefbb7df4,648,631,994,1053
1111,Gao,396,,,6.42,Gao_0396,b96b01c477161db9710996f909dfa67e3977b982843539adfbeec6dc067bd1fa,0200210bcf15d900163b083f37822f819e4cacf358747423834334ad050b737f,b272e54d513facb74876a8430725783cb930054fe584b8050b9f323df7685d2c,454d223bc2fd5896bf6c45b008ec650216f8f84b1a84cc04fe9cf1317e40d85c,e4d5bb7459077f7dcd2f7df7a73a139bb86372eb175b0bf507e04b942fb07afe,829,332,1062,1054
1112,Gao,397,,,3.6,Gao_0397,97cd569d98bcd4111d0cc19c168e3c0294ffb40133d5267957566c4ab0824b3a,79a9af327ea103eba28cd661ee4a5fbd1877d89cc8909ddb6038947c6ef598a9,3dbef65836cc735170450f5d3436fb23331c1e0b6b75ccdafb0c0787bb924e40,ceeb7048ddb74636262e858d0fbc8a71d075898a4b8fbcebbf3ac44980790517,ea64c819b7e1b987400ce114e67cbe1452b584a86811c37c155fd75be3000ee1,274,952,1092,1055
1113,Gao,398,,,5.78,Gao_0398,4cf1b73be53f6aacf715b887bdabad991622ff5819d46003ed520ab04cb926b0,0cc00e1ba2d95fe8288dc072edf395ee6fc3678daa4e12f6703c7be7d2c5a409,3a603f94894e37b8849d5c1906b479255019659a27b09e2ee8243964fdba20d7,b75dbaa415e4305cbc4e919704a938f86a5f6152d841a1f0ca9bb12cd1f25406,a3ff5cf269fb25edccef751bebb99cd23a612500b0085e4c3ce3129b2e65779f,259,832,752,1056
1114,Gao,399,,,7.7,Gao_0399,2ec6a70db1a3731ed6e690aada67733005e8913a722278aafc3a921b4153fa4d,79a9af327ea103eba28cd661ee4a5fbd1877d89cc8909ddb6038947c6ef598a9,a87612d80d492bf754570a27f93a077acc37f35feae7fd3d44d41e6a47eabb05,89e805a60b6f0b02a7d0b3f8332fb89772d92291e0c618abfad00968335a00b9,5020b32b34508ff0308db90c1f0d1d3fb50bfeeaca3708ab8cff0850ffefb1d5,775,651,355,1057
1115,Gao,400,,,1.49,Gao_0400,b8b7d185b0715af753e532005dd0804a483459fbd4cac88e8d0b8c5c518ad0e6,0200210bcf15d900163b083f37822f819e4cacf358747423834334ad050b737f,e5c55d0f3653c5e937dcaff7f1aa7420ffbf13318e2c31e1845ba23ae30b7a11,caafb488878030cdad0fd43f8d5556c01f89ce89db3c2b75dfd89b3338457a2c,d914f653e9742ef172457883f1cd124cb173d95602441883302624d29246d195,1086,933,996,1058
1116,Gao,401,,,4.36,Gao_0401,2c84d395238da6c81467ac04f82774c1a2f37d70ffcc5a72697fe9cb179f3cd4,79a9af327ea103eba28cd661ee4a5fbd1877d89cc8909ddb6038947c6ef598a9,76ce15debc0df08e61f5e9ecf80d2a2e55400b63a9ca763a0da1f52ceda64862,ce747a1be66b9f07ceeb8baa44e4cff1ee48f48662aac652f1829bd9fa76856b,0a87994757159cb0113837a007ad0a66ef2425d5312cd8b248697346139fcd6b,540,949,53,1059
1117,Gao,402,,,4.51,Gao_0402,6ca3573a702ae158b351252d1cd065264e25ba14ad129fc947534e985a9746a4,79a9af327ea103eba28cd661ee4a5fbd1877d89cc8909ddb6038947c6ef598a9,499366304050dcf20cb8077812a2d7818eab5373e5e5dae234fe1b5f89e39fd2,55bcb5f756910bf4c6e7c87a0c8528c0c350d520c4add10564b64c27f38b14bc,dc3fab798270a5f31e3dcb187b69f391e4f00e2b5f00a983449948aaf0572bb6,343,412,1020,1060
1118,Gao,403,,,6.18,Gao_0403,ab5601d9ce379e8d66b40e15137b79da529e37a8b66812a6947e9407a826c6bd,79a9af327ea103eba28cd661ee4a5fbd1877d89cc8909ddb6038947c6ef598a9,d635b63700b09e6549bc8b015ede48bc49175ce271b50139e0097efe220c5994,b7255a28bda29fa5657e30ea74af7c222a8c99e5b9d1cc4cbdfd667de5106969,258e5295d22d2de3d6e1b8d6a9a128385ab4d2b11d53ad6bd75b1f6e2265821b,1015,831,154,1061
1119,Gao,404,,,4.1,Gao_0404,1cb58dc94a561949ca98e57b293fd8209f6f8506e94cd7b62772788ae4bd1549,79a9af327ea103eba28cd661ee4a5fbd1877d89cc8909ddb6038947c6ef598a9,2a5c2657b8821ac8bae20ecf2e410bd7bfe722012ddd2952404bb60b9abe252d,5f0f7db4aab83968586672ee749419b840fd37022194ee09002f3fd704ef7be3,8965c25405b80167b5d8bf624297771a22772fb2734be9d8d640fd0019f3ba05,183,450,619,1062
1120,Gao,405,,,2.8,Gao_0405,57f7169d61591625731094fd0b2ab0afc7da6cf8fbfd518b73a9c5ffb6aee624,79a9af327ea103eba28cd661ee4a5fbd1877d89cc8909ddb6038947c6ef598a9,31c42607aa47a7f7ce27963952ce32ecbde8edd903b52b8db4e454ef8cd0dd73,ae3ae1eb83de68b3845b7859c39007cc1ffb7b5717d568bad021c2ee3d16b3b9,2c430613cdf6b7d4fbee1ec3f65eaf9494f2c9d58ce213d37da84d26b9c44c12,220,795,193,1063
1121,Gao,406,,,2.1,Gao_0406,6c50e22076b7d27f45d40dbc0ef2fca6bc07a23b7edc8000e61828a29ea7ab6c,79a9af327ea103eba28cd661ee4a5fbd1877d89cc8909ddb6038947c6ef598a9,b38713a81db8ded92b55602b84380eeacb4464bd56efd6862c51df0945c1d34f,3e4fcc185305e3a71efecf27f904a8b7f9de1f21c542afb9a6efc20091b2b5f3,814baa956fe523ec3972c43716f87d2df499bf87127a091c764bbd313599aaa3,835,303,587,1064
1122,Gao,407,,,6.02,Gao_0407,b7254d0674e4926c9552f0fc8bbf7875caadc9a2b68cb130bfbe91a8008293e3,0200210bcf15d900163b083f37822f819e4cacf358747423834334ad050b737f,103c6d6acce9887c8bece964673ffdb8bdaaacdd6b5d3eb04463dfaa882578ee,a655d6d831d5ec2621ab6990810584ac30d74d1906b2b84a572ca54ca829c976,61bf5fcf580eb5a6e6ea6b8162cbb95074140b57246b348e74df42b2636ebe46,72,769,440,1065
1123,Gao,408,,,4.71,Gao_0408,39eb1e0dea99c197a7cfea9ffb90895a2cff52c14eb2a315c4639db26cfaad7c,0200210bcf15d900163b083f37822f819e4cacf358747423834334ad050b737f,02a615f3f9f35c3a41d99edba09f7b98d39539e09168b4b04b2ecbd45110c75f,4ad70539683f1b679dc766e41453586f37de0b26cad978802c3becd5b4464f11,90cead91e1655cc4092b61f8401916b65fbfbf889ed79f040d11753b91b1a74c,13,356,655,1066
1124,Gao,409,,,4.42,Gao_0409,55877d35d791d2c013cb350d51e3f9030d4d7b2c54c6ea7680df75da0ff35379,0200210bcf15d900163b083f37822f819e4cacf358747423834334ad050b737f,197eea33728299885520a3d6ead28b9b2fe33b9dfd8fab62f172af65ac72ed65,9915ec941a8617459d1fbbfc97de4158dceb282fb79920ca8365c1f28739ed09,4adce44d88b362e0d9465e83463e3201a0a979547774b1db8a91ae25d8e0c68e,120,716,327,1067
1125,Gao,410,,,5.51,Gao_0410,31c0d5fefe174be47615645e55a760e295c653b60281ac96aeadcc9e830d1a39,0200210bcf15d900163b083f37822f819e4cacf358747423834334ad050b737f,580a7c0c6afc11dfb0e72ef2a2419a0d42f6e254b6c1c95c330bfb29974b1241,99029b0768ffe99e18168be25415a3c2219756805151499ef2e93631dde2211e,9ddd0e3c0276a0e880cedaa49efb8dc5370791b534340781d168c7640bf88d75,396,715,720,1068
1126,Gao,411,,,3.75,Gao_0411,93552ee77c100c3cd7f3dfed0ec65f1c6703bd21b51dbf1b32678ffea90befd4,0200210bcf15d900163b083f37822f819e4cacf358747423834334ad050b737f,85ea4e0c65868cafe347e2e48798f238349f378336c163442469daab83394b3f,dfa612ed9e08f9965dd8ce469d036948dc73b6db9b3bb6c0a5d6b5a5e5b81330,cd2566d7290190a6ff487f8c59f0ad26512307867a9c59fa43086b9f7ffd3cc7,611,1027,943,1069
1127,Gao,412,,,0.72,Gao_0412,f87100a9121213d79f144d03bd0434fbf7c4807853fc738e4be10c42c730e045,662249b27f71717e6cd10bc40d9d82bd63bbfc14fed03ba60280ffb003a773e7,93b5636dd5dd159287caa6e39352ce74ee5c3ff96671c6587af60fceab0594ee,7fa1695d8088116542fd83ce9afedea523a4b3574fd21a2226be82bfe09334f1,befb907f1bec9701af228e82414a69d60d484960377cfba40dc581628c2edba4,675,610,884,1070
1128,Gao,413,,,1.5,Gao_0413,c8f9c4a5cbaadc916219c53484952dce5d6ea8b4b215f531484b9ab09479c4c9,79a9af327ea103eba28cd661ee4a5fbd1877d89cc8909ddb6038947c6ef598a9,0433a2b3528163216155e193e9fa8fd8d70e4f1dbf600dee427aa64c8a7ca41d,55a06f92125e23f2269705d876a28596163cd05aeca10a7296de178ed1e5b4ab,d44c99d81ad72cb80bbc4c1117f88ae6d31a74113f3ab8a14fc912ca2285d51d,18,411,967,1071
1129,Gao,414,,,1.8,Gao_0414,e955da59a8e369b249492d0d67622546cd97ebea28fdc589d1b2614178d8fefd,79a9af327ea103eba28cd661ee4a5fbd1877d89cc8909ddb6038947c6ef598a9,20a51c14bbdffd58fc305e7cdd51dcecba21e94bffabb5d049dd11d8acfaa57d,a869a3b2ae6a48c73c096f513a21dc669423ce9ddc8469defa8631b709d76e8c,52d9fcef56bc1843432c543efe03350d25303dc06cf7b3c102cbb579f6027956,151,772,373,1072
1130,Gao,415,,,5.69,Gao_0415,a5172e3c28d79bb097448baab25ef5a59cd2a94cb6c0fac390ff992c2c5f340b,b9afae764cb8f6ade853cbac8fff44086d407d103df13aeada8b53598af921c7,6a865c5d02c106c0a671f043d07ffa45a2acd1b3202328883ca95f735b877c5d,554844b8d3b658ce7d7cd5af8576a796b15bf0108f9e252ea9c6bb8f5488fd97,8728ed6432bdde0efb329c1281ec0f61ea6d186c19bea4692f40303152c9b89a,485,406,614,1073
1131,Gao,416,,,6.28,Gao_0416,a5172e3c28d79bb097448baab25ef5a59cd2a94cb6c0fac390ff992c2c5f340b,65cbd9711ab8b9355f5ea044e2474f4adcf7d2a4e0ff1e511b27c793b2b55b04,4090313cbd001ef99c90c94df14ce37f465324e03d7426510b5387d4967ede64,a9bf463bb02059a698703fd4c280264cf4b1cdaca02764b8f1e77553690b4718,5206a994b2d03811fe7a69cab69d34a2800d6887eee6ba69bdbbddd6db8ad666,293,779,367,1074
1132,Gao,417,,,0.1,Gao_0417,65fea3ea7cce2251304409441f1a058e88f0cbf3597d8f7bf07102f7a619beae,0200210bcf15d900163b083f37822f819e4cacf358747423834334ad050b737f,faa15f1b0b299fb303da1ade387814d1fccaf7ca29941fd296808e675cc46750,9f66e5774659f94948690c7cd96130515d9f3de54c86e5778a77b9a53ed48329,0654fdbd0a19487473b4f9c418fd615676d7b44d9cb4eccd695d5926acb1a1eb,1168,744,28,1075
1133,Gao,418,,,5.32,Gao_0418,dcf7c5a4446bf92eedc79473a921c0a4ea351cb45c9aa16f96cf937c2cd41f72,0cc00e1ba2d95fe8288dc072edf395ee6fc3678daa4e12f6703c7be7d2c5a409,1add0418d9545b5bcaf51b224bc8e186eed8b767d15ae05996ee9608b496b44e,f51d395fab19d3707298f567a9612ab68dc4ad01f990765ad8d902fb9b228b3e,c0b09e54f4dfb4f3cf6819c9829c2f1e7205f15b404f5148ffa6657afeddf790,128,1141,891,1076
1134,Gao,419,,,6.32,Gao_0419,18a0510bd9c23fd41a1529f6ddb5ebc9ed293a211c7b72f680009290e1dc9ad9,79a9af327ea103eba28cd661ee4a5fbd1877d89cc8909ddb6038947c6ef598a9,25b64befc21404a1eee612e9d596363f76c1b340a341462cabb986e1526c578f,9160407b21d925b989700a0e96f4f456779f6d7336eceb010f5b379ff3811de5,b0c7280cc48319dd0b973b05c0f7c25140d24507f50787a0ac5386cd95734aeb,168,681,815,1077
1135,Gao,420,,,7.65,Gao_0420,cbdeabcbf6664015c3234a9b5af61cc00091a862b26fb49526e0a94c247df7a7,79a9af327ea103eba28cd661ee4a5fbd1877d89cc8909ddb6038947c6ef598a9,0c5b4385d343331694c7a0840f4dfe2c79e67240cfedb4a9247dd9117520edec,f8737ef325a6329c193322d915404bdf65e3c424ce24be3e00ff861ee118cf8a,dee77bdf4b6965d017f289fd1b63eee7bafc3381a3fa1615f38d87f60b716c24,52,1155,1036,1078
1136,Gao,421,,,4.4,Gao_0421,a4dcc039da82b725fb1b2fad22a622efbf6862ccd805dde203b8061c9f50259f,79a9af327ea103eba28cd661ee4a5fbd1877d89cc8909ddb6038947c6ef598a9,2efd47910ea88b8f190ca26939862f61e38e37b543560aa6e60d7ff8ec5a34fb,5d06326a5e49e6fce17adbe5a5fbc281124b502357b25b20e8d6ea424293d757,d2d926865a7f70429901c89a6b6a9d9c0e992d252eff8d01412d2a97476be78c,206,442,959,1079
1137,Gao,422,,,1.82,Gao_0422,97bec8f09b20f18b297818d0cead334579ff7b6113ac1905ab6b270293d079fc,79a9af327ea103eba28cd661ee4a5fbd1877d89cc8909ddb6038947c6ef598a9,71a3858913f878c4ff50f93ff4bd82d24e8b005ed8e40c1f701116015cc15e5e,1a1fb7f06b07afcf63b25b5b7dbc2c5a70e7880b5a39024cd23670d0923a20d3,b4c6071e6d4a317610c3363d02949797574b8d5cd445fa0c33a65dfe46a763e3,515,133,835,1080
1138,Gao,423,,,4.4,Gao_0423,8faf1d6b143c4b0de16a8c46273a6af13b329c0dd65c4306b9417a25dcbc6b89,0200210bcf15d900163b083f37822f819e4cacf358747423834334ad050b737f,150269c1383aa6f7dc717d1e939ad72b047ac9fe2290d93367e468e8d6520ec9,c7502c4dda59448e8ef7d35eac6d2222de3307fcfef5602a179199bdb19b4d33,ba4172bc083fad598b8cddc961715adf589621661786c530b33e89adfe995ee5,99,916,863,1081
1139,Gao,424,,,2.92,Gao_0424,10b22f5368cef31760abaa25ca840018ab98c24f5af37e814ae9f6be956d2231,79a9af327ea103eba28cd661ee4a5fbd1877d89cc8909ddb6038947c6ef598a9,7e695387e213e271a7237cef0fbbde335b6df56a9464213c7908252e29bd08dd,44ea1621e0cdf496a53d66382f8d3a5a218690e186ba1836006014b69e01a9b5,ba13775ef7fe5adb6af3c0d101c362f7083d06552a22f490154094914084078b,577,330,862,1082
1140,Gao,425,,,0.01,Gao_0425,a0880493930e102152a95eabff1b2f2e78d8a3c212cca1f5fea99ee5b1fcc6d4,0200210bcf15d900163b083f37822f819e4cacf358747423834334ad050b737f,eab76a46d1b65d579310cdea7675b3f0e6cfdf42b7e728cef2889c057539bde9,589698a525406ad06a7a4c1185c0b4e74b733bcfcf181de60c8a398391634e50,6e359217337911c3dd4d2233ff88020348cc9ef2ccc284f766485dd0e71672dd,1106,419,500,1083
1141,Gao,426,,,0.06,Gao_0426,085933ba7d681a22ec8fe833ee75493bd44213f10b894b90a310e02344573d8a,0200210bcf15d900163b083f37822f819e4cacf358747423834334ad050b737f,9ed1ac189609c0698dad2c221b21b78e63e24545821ebd340dfc0b2ab01d9fcf,24588c9c95b52b46082c59a216adba0fc09248e4db8c3bc475f15c1b200df27c,ea67f39177a3b5c5a0a83bbd6d8de411419ef4134a8ca3d2059caf1d5b53acbb,726,178,1093,1084
1142,Gao,427,,,0.82,Gao_0427,79638c18c877c01d17cfbb0a31a56eec0b7de82e7437accce17ee4006660170d,0200210bcf15d900163b083f37822f819e4cacf358747423834334ad050b737f,aaf1466e490c92bd73aeee5e116d95666116e8920d4339b9ba693315d001458c,c9a33c316b47a730ac34f68dd0cd2882f1d34fcd1ff90ec87f1a0bd20613f818,be9287c05dbbcd74f43e8a6bbef2a7851e489668c28b83a815c6c98d404cd2ad,794,925,881,1085
1143,Gao,428,,,0.12,Gao_0428,0bac79cec070cf3ae2f94ec47fcb4ff82569fe22117b301e8fbc18d177bebf6c,0200210bcf15d900163b083f37822f819e4cacf358747423834334ad050b737f,16f1521e3cc4284b4b2285e78b1cdebeaf61d1329b293aea9b9afa7b7ce1a728,58fd4d4376f6693fff520b6ed580a14cb46990c4d7723e585b15142127501f1d,7f4c7c6675a8ea05f933cb52c7cf5acb92e316ad2b96236d79b90a7c51efaf53,107,422,577,1086
1144,Gao,429,,,5.45,Gao_0429,bef567d806e1ebb61f149ee63bc8493fca8b29513f8968f2edbd1a1563d165b8,79a9af327ea103eba28cd661ee4a5fbd1877d89cc8909ddb6038947c6ef598a9,78385a29c486a34b66d729989902584d7496d1a07645319db6e8594f697da290,fc587dc7339b9f4e309928b35121b064d758dab3dc30a2caf3a52f47bd3cc4a9,7111e4d1ba93ae22e2dac72e87c6acd3f812a93c861566e9462b10e78c44995f,551,1171,512,1087
1145,Gao,430,,,7.16,Gao_0430,cb8754f9b973764a867b28d6e8cdc3e7e1343b48375ef3c2548416a1c212d9a9,79a9af327ea103eba28cd661ee4a5fbd1877d89cc8909ddb6038947c6ef598a9,46582884247ebdc863429dc80554768d454947660f1e12a3aca6b60729908024,b42d99687b6b492da4d25b239db8fcbc852d04d995455a2de35ba94de42d73fc,690a332d9ac509f35f031b8488a1e8ff2f783e7fff2e4d485fc55fc399022fa4,323,813,476,1088
1146,Gao,431,,,6.27,Gao_0431,c5aaad274cf0611034d03f75b82c67b10f2b78cdfc2c9cf75abe386965b35337,79a9af327ea103eba28cd661ee4a5fbd1877d89cc8909ddb6038947c6ef598a9,bd6eb2a60b170a07c1f26d2c3d35d889da257e57822724c913df953f78853d87,e6f869006e6dda8c81ce2b4e39464215ed8999fd22a1226e2dd2c5a250affbcc,4033a67ded827aafd7cbb5c75c3b49cd006ca82aef1b10c0014cbdcfcdb0d568,902,1063,280,1089
1147,Gao,432,,,2.13,Gao_0432,c4ae9baea9ff37eba84d40899e43d736e652c05f3ed3e1e5f22319fc801237bd,79a9af327ea103eba28cd661ee4a5fbd1877d89cc8909ddb6038947c6ef598a9,b94189bea922d864a4cc1bc9811445afe88cfb09812e05abb70bad325a87e243,d0e21abcb42a57c612398ec6d24e13e8eb40f69ea9c2db9de7e9e96c18853de3,2b28a536ac27422b3012951bedd2824994ef9323daf0ff04195159d873bbaa03,873,965,187,1090
1148,Gao,433,,,4.2,Gao_0433,f579a379a56c2b3a8c50421e33a47c2049de59bc3f712389e27b6faac98c1d1c,79a9af327ea103eba28cd661ee4a5fbd1877d89cc8909ddb6038947c6ef598a9,d235c1dc7e931ae86dd286d837e0d90cc32ed730a324fb81c09593cce9db3962,e46cdfeb37325e180697f7e5aac1d5b986295c1b4f3bb7a5f013871bff7ea5d2,04aff5ded99f82925f4af6693c6490e44d4542404e61b36d6decdc83ae62e60f,1002,1053,20,1091
1149,Gao,434,,,1.97,Gao_0434,358ea263c814ff965de7ce66952a89eb06dcf755eccb4c5c4448122883e904ac,0200210bcf15d900163b083f37822f819e4cacf358747423834334ad050b737f,0304518811ac1e9c326cb5bab5e4091e2e63ca90837e688c1552fabcc5b75b06,bd36edefe7bb1f399b8cb3ebddd0a32f06e8a5213cdd71200c86e1461c6b19aa,512e7b6aa4bc10814afe8269753732fd142443c1f9b54f14f9ee4e0d249a93f4,15,871,364,1092
1150,Gao,435,,,2.42,Gao_0435,358ea263c814ff965de7ce66952a89eb06dcf755eccb4c5c4448122883e904ac,79a9af327ea103eba28cd661ee4a5fbd1877d89cc8909ddb6038947c6ef598a9,c9f92acd3a2867be7816a0d0a882c9fb59d5fa027bce32775fd1139917836483,9cc858984f054d48d57fe93b9bfc4e86fa8fc8ad9ee3f114c33fe83e7ac15572,185c4b73437e2f412b226e51d152fd9d54a08dd02b1289ec54a1eae3456116ba,963,730,109,1093
1151,Gao,436,,,0.59,Gao_0436,fcc18953d1cba9a91603fa443668944e6881d840c4fef147dcb7c14c2e24ddea,0200210bcf15d900163b083f37822f819e4cacf358747423834334ad050b737f,6e90645f48b0c48c526b2e7992dabd29588136a3933adad0d08da4e1da00adef,e053cf1360aec56f8f3f40521fbe46b12561e6c5bd1de700dc27c716a2c66687,935233f1e1ca25905518c6bcf78086c3a81ebc052178a0c0763f0a6c3bd174a3,500,1031,671,1094
1152,Gao,437,,,0.48,Gao_0437,72495b8daebf8c340ae2d29e24c06a20372c44192c6a78893d2251a053a71dbe,0200210bcf15d900163b083f37822f819e4cacf358747423834334ad050b737f,a398776910af2be153bdf61d54e448e2c5246c279e166c9e6caca04e12d87db7,a1f47fbc1c7dd10cdac8310e74a19538576768c3787f2b2d9242e3193585d8ad,f6a0c622f46339e41e83d624e9a9fe275b00ec70aa5c6cffa4f9a367dd6ceffd,758,757,1154,1095
1153,Gao,438,,,0.4,Gao_0438,f389daf6b0c476cb3666b723eba275ca5e6aca4608b5200408c21b5231d4d783,0200210bcf15d900163b083f37822f819e4cacf358747423834334ad050b737f,5dfc9a019aab23664a6148dd91a7718c5dbb2d77da6d01b8646ac3142d1732b1,8814a6c1973bfd587126990565e38990c85ec12b8b1f88bd831b06b3fa555fb5,6574054c0d4e9dfed20849eaff582b96f3ac386578493f15c9fda891027470ed,421,639,460,1096
1154,Gao,439,,,2.64,Gao_0439,9f82ebbb1abc9d5e183db8f8c739e564a16b8224708ea136ba19fd63273bda07,0200210bcf15d900163b083f37822f819e4cacf358747423834334ad050b737f,b4171d8a23a60530c4129e7931e96f539ef167008d072c33a3a9056bed9052a4,1735a26c530b48c3b6becd6dbfb7a1d642c813a5516e5d7bb248ee121f0210d3,ed85784ec49a7e9939b002f0e388b15595fffd8d2b834af93163de7168ae15fc,839,115,1115,1097
1155,Gao,440,,,2.31,Gao_0440,9f82ebbb1abc9d5e183db8f8c739e564a16b8224708ea136ba19fd63273bda07,79a9af327ea103eba28cd661ee4a5fbd1877d89cc8909ddb6038947c6ef598a9,e851ed4898742d6740341ced03a8748ec6aa98e31f7b8cee492e8fca7866c7af,14c29c659f2b0cc4c8460098c8edf0e8e22b36f37ef87229bfab8f3c2b57c4be,e5d705b4cf826d11237902e5fd6c3dfa77604491af4ebf3645d519f8fa7ddd4e,1096,102,1069,1098
1156,Gao,441,,,0.05,Gao_0441,0553079d5336bae39b773b4e4b39c7ca23e3d399f69b8329dc62dc10503e600a,0200210bcf15d900163b083f37822f819e4cacf358747423834334ad050b737f,0dd243a7c26e04bd51dd40f462f79bbaedf674a6d896d482a0a1e2c16c5d4642,327429a1b0862028d557551374d342a0d62441ae2d287496b33f0f6cc38a81d8,e114b1ac9a25be021e2362ef5f1df034c3ee43a3d49efe375d47dc2c5df48744,66,260,1046,1099
1157,Gao,442,,,0.02,Gao_0442,ac3f23a122b79575ca97f7a6a9bacc2f635061afe5ade9bf819d102dfe638fbb,0200210bcf15d900163b083f37822f819e4cacf358747423834334ad050b737f,dd919336100679abdc6e1ed5f43369a7cc60e9c5d63d621120c9ce87f8006e21,193aa97bea8c74d4728f69340ee815165fffab17f88434cb3955463da4c856b7,3edb8791b2cc8ecccee42bcbf3e5ff72d5e8a0f7df95f56bca7d2a2c5779f2d4,1049,126,273,1100
1158,Gao,443,,,3.53,Gao_0443,4291763919a317dc4144446a746c0166cb764de2ceb2fceed6bf69644178901d,0200210bcf15d900163b083f37822f819e4cacf358747423834334ad050b737f,cb392e0865b2472f80191f8e4f710578c7fc0030785f542594353067cfe4c18f,44cb5b3d19008f5773473156bf84678e4b6e51fae8460b871f86a7d02a59a140,253db9582fb2351d934b9ead01910c6de184c1cc6b6f97b1982d90c4fbe55c19,967,328,153,1101
1159,Gao,444,,,5.81,Gao_0444,97643ed1bd7499d9bf23c7881ee205d1da929fcddb1d09fcfa1657384ec60a22,79a9af327ea103eba28cd661ee4a5fbd1877d89cc8909ddb6038947c6ef598a9,17c953b306b21e1e939635c97bf58c5df39cdbd4b67fe0279b0354ffea006a1e,a223e3492703b719838449ec09d0cb7c5103935b343929af8b406de54feee754,9cc88e8a5c237c668c5ad1982dcf122c14e09cf9496dc76388c2f736cf7c0255,112,759,713,803
1160,Gao,445,,,6.22,Gao_0445,97643ed1bd7499d9bf23c7881ee205d1da929fcddb1d09fcfa1657384ec60a22,79a9af327ea103eba28cd661ee4a5fbd1877d89cc8909ddb6038947c6ef598a9,17c953b306b21e1e939635c97bf58c5df39cdbd4b67fe0279b0354ffea006a1e,a223e3492703b719838449ec09d0cb7c5103935b343929af8b406de54feee754,9cc88e8a5c237c668c5ad1982dcf122c14e09cf9496dc76388c2f736cf7c0255,112,759,713,803
1161,Gao,446,,,9.08,Gao_0446,219dc7a54281cbec062aa98e3c45d0274d62fc7022d7089832fc79425bd9e794,0cc00e1ba2d95fe8288dc072edf395ee6fc3678daa4e12f6703c7be7d2c5a409,47cd2ca3652424120fb4345ff83d72afec0c5e853ec2364d704a7d573b8fddde,a065716af22b6bf619c9f03fa6a0e192e8b628bc29e69957b1272e413b9dc66b,e151657e59cc83dbb98a6e73913620d4ac7289cbe377ee9e06aae6e4de465875,336,750,1047,1102
1162,Gao,447,,,9.23,Gao_0447,a0d7dacb17a2edcb807094d8c0bf88ba764a719abfc2ce4d17731143a11793c0,79a9af327ea103eba28cd661ee4a5fbd1877d89cc8909ddb6038947c6ef598a9,35b5a2e4819c4395cbcab9bb00328113c4607a2bff7c93e261a4948370fb78c2,2042935d18d4db23ff6d7f8a896f814ed6fafea4aa75caee88337ced9b12f920,97fc99d0c6333349f8b11c2e6fa42b3109ef3beb4ddb43f8167164144aa972c3,235,155,689,1103
1163,Gao,448,,,9.68,Gao_0448,33342c6d2edfd7d61d569f21152569767b7d536a7d89e655b1d9e30d75920e92,79a9af327ea103eba28cd661ee4a5fbd1877d89cc8909ddb6038947c6ef598a9,9d17f886535d117aa187aac46c7ec56640a250f759f26c8427f76d79e540596f,c4eaae05a878413ed65c5280aa642724e42ff7b4140818b70f4c9bfaa2248314,828324eb0f0d6e5b2d2cb0e2961dcf0c2ee9d37b01a432eede3eebcf25d6b664,716,907,592,1104
1164,Gao,449,,,9.87,Gao_0449,501b2aab8fd6715163223f46a3f4f1a7cc32504ae79df6ba6e164c2e875c4bc1,79a9af327ea103eba28cd661ee4a5fbd1877d89cc8909ddb6038947c6ef598a9,7ea90e1ac41f5379dc1c2faf632448165b3a862103eb7a86698ec301f36b8a99,e1792afd112804ec7a01ac59e9d7e15834bc61e69df4818b37bb921c79dc08fe,f75cf98b5a756e28f0d9c5161b25123a3116163fca237b9eb081130ae25116c1,579,1039,1158,1105
1165,Gao,450,,,9.89,Gao_0450,155cd05d90b21d998a59b1337a0865bfc866088b454b75420bfd7d85167a6888,79a9af327ea103eba28cd661ee4a5fbd1877d89cc8909ddb6038947c6ef598a9,d4002ff483f634a57fbc7c7dd851b485578029c39ff231d20645d74df1eff776,622be026012c596d7cd99637db9a2d8ab4a75a6399acf1dbf47b70f34401dbf2,e681b879573c482dd95b1fb89860db24eecd5934dd060fd7b3031ef30aed36b2,1008,467,1073,1106
1166,Gao,451,,,7.35,Gao_0451,63d3db3b42565db9359a2ff5d6afcd1672fe08bacce89e6168af993c65f06b9b,79a9af327ea103eba28cd661ee4a5fbd1877d89cc8909ddb6038947c6ef598a9,b43ff70d327b79045a4c5d2ef25a31ff4f53111c84f47066bbe15d73c01cef3a,0984f3250fdb85b4a0532e3950a1b0e7ea28ae8ec19e2dc6cce9a38db4686572,6b0557b8062472fc74d2f46b0f00c5448f50f824e57634eb11e72f612bd0e811,840,49,485,1107
1167,Gao,452,,,2.19,Gao_0452,37f43b2d8c33a8a8c30cfb293c8758a25d5433b707b5e8e137370f1792cfb007,0200210bcf15d900163b083f37822f819e4cacf358747423834334ad050b737f,242e700e026c86b3bbe19e2de36deefd956a103d7aa930e15b0bd43ada2a92b2,4681d8970f908d2d8f8a8eaf6e39c638a763b438d508c973a8d7293ee81ffcca,95411033ac0560b90f32b0ead027706e6dbd899b6a50b55915054c505cab8013,162,340,681,1108
1168,Gao,453,,,6.42,Gao_0453,166b2d281759d2a5c0e27cf35cfe87f9600a5244257bcdbf2443abaec83c3a42,0cc00e1ba2d95fe8288dc072edf395ee6fc3678daa4e12f6703c7be7d2c5a409,c4b9ea97ffdbb7471771366a5333abe2754f257347c9a6595edaf4df250d6bab,e299978f1619b69706fd1f3c4838cd96b8d06d107ee99a474431d14392076b7f,0247d075e6d640e6295e66b72b67f76ee29ae367a9cc28dcdfa4f341f6369e36,944,1045,11,1109
1169,Gao,454,,,7.62,Gao_0454,524ac92b1d27eca839cdd7c2e7a9f6788488adc3871e7b0a19c8cdd2a3a0d4de,0cc00e1ba2d95fe8288dc072edf395ee6fc3678daa4e12f6703c7be7d2c5a409,863cb9b4494ccf33e9954c4121fce567f7df5b4bab60a80600235cefd3038c03,06afe0d4bf32b9b87a5a28daa567f4f2abb4a2a8fcc5eeb1eba113d396d8a5d0,3d693226930e1cb697eaeaa98bf1c36e60771e381528759edd4926b4352272e9,614,31,265,1110
1170,Gao,455,,,10.29,Gao_0455,c6d359d197739e5092747f1b9842e570dbcc1719bd84db166594d1ddc75cab31,0cc00e1ba2d95fe8288dc072edf395ee6fc3678daa4e12f6703c7be7d2c5a409,e569e386b10736a3ec03fe0f28b4afb1d09f3f83e9b0bec1625ce8436dd3dd79,c1b16c33f783eb724aed25ba01a64fb3b33c74441a41fb0aa2d0955889845052,b9f6e35b77109bdcce9fa51ca2f9b76a1bd4dd453fcd8b9c5b8f80fbef154d38,1085,889,861,1111
1171,Gao,456,,,2.28,Gao_0456,2711ef2b1b345bef177dc5e98454d1d12f6e5643840c83e2a14f1f650f8dd234,662249b27f71717e6cd10bc40d9d82bd63bbfc14fed03ba60280ffb003a773e7,ed7d4beb7cb1c511224c60dba62e88d9b99b48989b6f3771aba22c03cd011e66,99cb8a370f9cf87cae7d6ae09cf61f7044b7850dea41f79a7c25a7e57d645f20,09f9cb8d16a1dfc424d4b74a91c13a04ce0e39ff672eb7bedffd089f3fc541f0,1119,718,50,1112
1172,Gao,457,,,1.5,Gao_0457,2711ef2b1b345bef177dc5e98454d1d12f6e5643840c83e2a14f1f650f8dd234,65cbd9711ab8b9355f5ea044e2474f4adcf7d2a4e0ff1e511b27c793b2b55b04,a52e78f0b74ae7b31cd29e8c32aecc799802cbbea404c6d4320607655a33074c,4a7db36c98f892b47ae39f42c5d938bd54ff0ceb0fb885190d0ce1abb47df1e1,eccbd78832a5ef2848d669d780d1ed3fd34a6b384bc0ea36cc5106642f91c17f,762,354,1112,1113
1173,Gao,458,,,4.02,Gao_0458,4bed881ec4f5fac3c4cb20c02860829b6ecaf4ba2dbabc1e5542f3d108aa0bbf,662249b27f71717e6cd10bc40d9d82bd63bbfc14fed03ba60280ffb003a773e7,dca657da144eac3c68585e3e8f0cd2e0a291fa18066e309128c40915da0592e2,610c0c2267663927ff9caae6feb94beabffb6764fed7fa5d5ed0616edf431863,b523d7a044f9674ee5e8169ead30f6554550ca9bfe3820bad06ddbdc4b58c2db,1046,461,838,1114
1174,Gao,459,,,3.28,Gao_0459,bc5a8d406db88a9ff379b66eaffa68f391ed8641b5e3a55b6cc9b22f921d959b,662249b27f71717e6cd10bc40d9d82bd63bbfc14fed03ba60280ffb003a773e7,49656ae2e9d72c1432064f645de55e1ab4dcf3da7ab18bf4f3cf0b869db6a2e8,907828c141a879def7bbb1b8524fcd1ee703255c7b9baf28a295ad5ecbcc7653,613604e117935812f0b686439aef1e3f9911940fd651554215926465b5930480,341,677,436,1115
1175,Gao,460,,,4.74,Gao_0460,a7478c66628088d6e87ae2924c6a2ba2badbb0ce424e96d28364dadd1c9f921e,662249b27f71717e6cd10bc40d9d82bd63bbfc14fed03ba60280ffb003a773e7,d648a29ef462c025fff18a24e6538db659cf2fc465970534ef183eb0201e61b6,0917dac68c52569b1343fae1abfd58b53581a2a1fd46e0342aaa195f9caa7cb9,7b39a3b1dc27c1bc95b3c84905c597405d736796525b67680d0125fdc016002e,1018,46,557,1116
1176,Gao,461,,,2.36,Gao_0461,5be11316f34be900464912ed56f2f6f37cfff3a9d3cf631b54c2be80966324ba,662249b27f71717e6cd10bc40d9d82bd63bbfc14fed03ba60280ffb003a773e7,66c8a010ba4a7393045217398cea28efefa0d937d04ff423210dfa65fcba8366,2fa99939b0ea052aeccf9b94414e51780e0f4b1a3c06514d852eaada5bd938bf,9f1c666d44242ba98e61a969bb3979f49f30fb654949682aca7b387a9a23a075,465,233,725,1117
1177,Gao,462,,,4.52,Gao_0462,2acdc5ee83c492080016d35dd125833a33a283bdbfe9daacf7e4e36d0f9d3995,0cc00e1ba2d95fe8288dc072edf395ee6fc3678daa4e12f6703c7be7d2c5a409,7d5852a3aab13fe38417e77b7fb797f9f41d73b362348de7619ffdf5331d5d46,c04b7ddd248142a0c3d5c11830298dc2b848f7448ac3aea47470673e57d4d015,8f8fa6c6dcff142df7a7508029c3e38706213cdc69e1565e32d789ae56f08e62,574,884,643,1118
1178,Gao,463,,,2.79,Gao_0463,1b1f01521440d2339758dd706075211bdd2e612bfcf249c63826da56cc2444da,0cc00e1ba2d95fe8288dc072edf395ee6fc3678daa4e12f6703c7be7d2c5a409,3f9efc105eaa572101ce7611515ad85997aba91ec64f2a1dc38c7c74fbfcfe49,0a7791600ee1f94c35e7f1040e944b82df75eb5b657b4ab24f4707359f8cfe9d,c8eeaa5c95b530af610d91a18748ac77ebe8be5ce73cb5130f9eb830724575ac,286,55,921,1119
1179,Gao,464,,,1.04,Gao_0464,548e3f23500e9d95c6852250de7824874dba335ad0fdf7098565d180ee19d219,0200210bcf15d900163b083f37822f819e4cacf358747423834334ad050b737f,c8cb5a921ad3d58dd8afd1a891d5b8e91e275ef99f98462b10b34e5f77b8d41d,104131685a4d5aef87ae4387a80b0a384ca6725f6111cbfcaa7394765e3c7742,41262a332f3a255582ba12c5fe914f6219b58ee3854868160fc955b98686e546,959,80,282,1120
1180,Gao,465,,,2.45,Gao_0465,cf2789b080781e73794e48d9bc0c0922fdab74cd01afb31ffddd501c768e8afc,79a9af327ea103eba28cd661ee4a5fbd1877d89cc8909ddb6038947c6ef598a9,50b23b6d941d3bfc187e907c51f07718a39aa4c3ee3343956872abdf908764c9,ddc77971537931ac0d13ae948229a0301a3c80089dbc1b2fb1cfa2ce1dd9f431,68cfa0fcd845d44158e68a3a7337175488f2f76fb7fca550350aea6e81aa056f,373,1018,474,1121
1181,Gao,466,,,2.57,Gao_0466,6fde34825f858f6a9d3717074fd34f3af5c948d7216dcc9aef02c6ef82e1c286,79a9af327ea103eba28cd661ee4a5fbd1877d89cc8909ddb6038947c6ef598a9,70e174fbd2248350d5bc0ccf5589afaf17b5b47b664dfe77a572180f9b4dbf0b,3ac388607ee1fef415220d2b881b215ef83e236ed2d2dae5f7e553aa531dbe69,dfcdf228d3520aac6661fa74180713350d4d2c555f438d1a34082114fb630b41,512,286,1038,1122
1182,Gao,467,,,2.7,Gao_0467,98f88a52f5f8d1e93f0547afbd0dba75d379bad324fe9fb9827bc5c6d4e60047,79a9af327ea103eba28cd661ee4a5fbd1877d89cc8909ddb6038947c6ef598a9,a8e66417a77a35316479057ec0f75f995de44ab606f48969386e656da0cb90dc,97daec806a327e6fb20299d02d86f0dda1255252cd2c3127349d1716ba781722,484380397c644ad93c75fa02d97ec4999edfc41f9ae5b12332494d227afa86b9,778,711,323,1123
1183,Gao,468,,,5.5,Gao_0468,a96cae50cfe3b9f7870141b7b62342fb5f3a137efce2b6de46b7b75d7a282cf4,79a9af327ea103eba28cd661ee4a5fbd1877d89cc8909ddb6038947c6ef598a9,2cf41bdafd0c77c4d751f9100eeb8d4007c6330c3f2dcc7c42f592ba9471e40a,299cfbd08f2172ce97cc4171f37c6677c0d8fcdd776c4cb2719b89a4367cb3fa,13300ae9a3f8807dad8afa255e9cc7035ab8d1d1e7a1dad80abfcae45bbf5f2b,196,202,83,1124
1184,Gao,469,,,4.0,Gao_0469,b00a9a6049914a1a3dbe7a85466a9fdf75e05b04823666a429c24b7278143097,79a9af327ea103eba28cd661ee4a5fbd1877d89cc8909ddb6038947c6ef598a9,7f435fa36b73ac2e50b1eeb301b55f4e18d9cd5b55fa82d69e792a97ca99d7cd,ec7c81d0882c514c24b215bfb8550a38d04d662673f2e0b7a23f8e17c8a47e7c,d3e29479fe33ce8abf2be5b358f40f837b6ab4d1e92816e57b9275ebe16b6ba6,582,1094,964,1125
1185,Gao,470,,,5.8,Gao_0470,436a15943bc7924792b5a99305b767261908f0e51f66380eb27bfe9466700fc6,79a9af327ea103eba28cd661ee4a5fbd1877d89cc8909ddb6038947c6ef598a9,bc12141ebcb96a44976c403839c90cc865cae80c0c5abca5cfcf61d87a0fdc48,4651c8fad95edbff57e81f18df79be0edf4332e2dec5a496609ba7aba2d8971d,c0a10de37cd8471cd4b2c6e3fc107f9be810969a4c176a1660d2d4f5fa0ec524,891,336,890,1126
1186,Gao,471,,,0.59,Gao_0471,5467263e46335d95387dfa363067419d9b60b2e20d256a0e833d331e060d9a0e,0200210bcf15d900163b083f37822f819e4cacf358747423834334ad050b737f,ee6085ce84b082aba932333615ea927b6a199eb5bdd9f38751186640a5274d1e,6fa52ad23f02418a1de925a527ce9c6f9b6e8a0924f695022696285e9742492a,1eb3da2beac615b39f25e3dfddb79a0b121f57a96d0d744f2738ba193411733f,1121,544,130,1127
1187,Gao,472,,,1.23,Gao_0472,a13629204c12f05d3760260276f2c54db497ca2a53aa62e94126113df8f9bd79,0200210bcf15d900163b083f37822f819e4cacf358747423834334ad050b737f,a072f6fc751070e3a452f8339535aa6ae43f06376165232be2685044aa7eff18,2e3745e8dcebbd453ab9b06ac80f922fc524ed88d641a9ffc7f2314bcd05a1f6,8fe45b279373fa46b5ffd81b6829ae9389ee405c69ef0f686f2fde1b36e9f3b5,740,226,646,1128
1188,Gao,473,,,0.7,Gao_0473,5467263e46335d95387dfa363067419d9b60b2e20d256a0e833d331e060d9a0e,0200210bcf15d900163b083f37822f819e4cacf358747423834334ad050b737f,ee6085ce84b082aba932333615ea927b6a199eb5bdd9f38751186640a5274d1e,6fa52ad23f02418a1de925a527ce9c6f9b6e8a0924f695022696285e9742492a,1eb3da2beac615b39f25e3dfddb79a0b121f57a96d0d744f2738ba193411733f,1121,544,130,1127
1189,Gao,474,,,1.33,Gao_0474,1e9718515d7d38d0ed078c0549e7f56cc362edbd2786b42b5a2a440ac967b715,0200210bcf15d900163b083f37822f819e4cacf358747423834334ad050b737f,14aff9fca0d00ec10457e70c18b83caa3c87528fc48bdf2175e043b68c5f1eac,226a9f11ff9890d28d73e77fe8e084041f607b95c9471d445a3d9d075df10517,7eb2bfb1ef19c112a0ebe583c614a29b3b3b03d8c5c9bf72aaa1671621dc62bd,96,166,575,1129
1190,Gao,475,,,5.69,Gao_0475,8272d7f5eed4a57a98958a9ec070a0bd39afcde42019b38c4c6aeb0e7a26e720,0cc00e1ba2d95fe8288dc072edf395ee6fc3678daa4e12f6703c7be7d2c5a409,ba04980204275fdc8f568360159a2ffdcc72200dcf79d83236cc3e82f3f5869c,49d091e95bb5c15196a1684a36df953d322a2b34361a0a87cc67e22491adef09,6ca75d3ded769570221350921f3d89962b2ea67f77d7c01f712ce5ee5211ef4a,879,349,492,1130
1191,Gao,476,,,7.4,Gao_0476,e46932aaab68e0359048d8f4f3f028af39e3ace1affc329eaf1e0f7ae95a06ff,79a9af327ea103eba28cd661ee4a5fbd1877d89cc8909ddb6038947c6ef598a9,3eca28e08f07fa465e302b1ccedcf42f9b16c09019c343adf3531bff336daef5,2cc9a9db83f76a4755907d9a1d82851acae3a38d4920d87621372b06d5288b31,645b0e9557f8fe7c3d65afa35e4244c2342d04356540f2043f12b0f7bb856159,281,211,455,1131
1192,Gao,477,,,4.2,Gao_0477,e46932aaab68e0359048d8f4f3f028af39e3ace1affc329eaf1e0f7ae95a06ff,c67b311bb15a63b3ba415d55561900d7ceb1b98a023b73169bbc1070d1a6b7d8,a5ff494bafca0b83c1b7bc60bc2ad6da82afd8a6e4460198bf6a306ff002dc24,e62922cc67c1ddd896a097f39377bc035867d449f2e61ee5fdeb73d00616f68a,3c547f65b88d3c651e5ec73c3f4e844326e8b392a2f7b94420fbdfc513f2fe05,770,1060,261,1132
1193,Gao,478,,,9.2,Gao_0478,f7a0bbf71a903dfffa1bbe1b912638f02c4d9073443b8d30ac1d9470ec972a26,0cc00e1ba2d95fe8288dc072edf395ee6fc3678daa4e12f6703c7be7d2c5a409,7333c0573a4999e50c075a0e52d3a1828b575d69181f9d615ee9083a71178a93,382cd2ead0ace22458124ded935a463683752fb1f506fa2e648dc710840c1ba0,3359f31a4e19bad64e10e9192a7a7c4adf0dea1e771c227e12265bbec0eeda60,520,278,230,1133
1194,Gao,479,,,6.87,Gao_0479,49f6e31ae0911172ad158e457fec17c1add4822222f090436bf3542c417c386b,79a9af327ea103eba28cd661ee4a5fbd1877d89cc8909ddb6038947c6ef598a9,632f45adba75e7954374c31cd08c23ce4c43b5091d8aba5b7294a05765c27096,0011069c42da5873385a345a0c9e2d994f686213f1e28d8d3b2eebca77a544a5,7b1d3f65b84b876d9f8ec27f859be0f70276b3ffde204c5bb83500cb2ff116c1,447,0,556,1134
1195,Gao,480,,,6.63,Gao_0480,49f6e31ae0911172ad158e457fec17c1add4822222f090436bf3542c417c386b,0cc00e1ba2d95fe8288dc072edf395ee6fc3678daa4e12f6703c7be7d2c5a409,3e7375dcce2ae718ee83377c639d9eddade5b895321b53e1f91785398bfee6c2,08dac01ba5cca409ded9137db0f64b0509efddd60d5d6e11004fcbc926ce72b1,285f790b3a5c9f8decd550af569302e0061db4b222c2f03b4bf05e20ed0667dc,278,44,173,1135
1196,Gao,481,,,6.84,Gao_0481,6353f322ee14e2295a5901d6047dcc92f52bc84f6d07d8582570251482ef95f5,79a9af327ea103eba28cd661ee4a5fbd1877d89cc8909ddb6038947c6ef598a9,5974f50dce3b9e5cb37f2238028e11750c4901f8de307c46842b779fe04b0367,1552268f1c2615929be7ced5329c5e64774270c5bcca0d83e1c0ada60b75017e,fa38ccd02da744a8d013d9016725d9118c16dfb211a40750566500b6db6cdc88,402,106,1166,1136
1197,Gao,482,,,6.51,Gao_0482,6353f322ee14e2295a5901d6047dcc92f52bc84f6d07d8582570251482ef95f5,0cc00e1ba2d95fe8288dc072edf395ee6fc3678daa4e12f6703c7be7d2c5a409,460140e62048d945e70d7bb472a96de92f8f68b7dbecc4c052f11e5beafcf7cd,6faa9c154a206f4bd7ce8b631ebbcc7413788bf26140f158caffba2a408408a6,3f3557f00b4d34cb73e53d5d29bf330d71de242f012fc7851be7dc99dd0c963c,321,545,275,1137
1198,Gao,483,,,4.8,Gao_0483,c7a19bffe9edcff1fbaa501122071159dff5d590447bf69ca5d6ae9f0bfb5893,0cc00e1ba2d95fe8288dc072edf395ee6fc3678daa4e12f6703c7be7d2c5a409,72c780f2722b8c117a63fab5d1c4633b65af87d131d182262dbbd006f5030102,fc53d2d75ce765fe1a33066925a8eff8f71eb320c6b009bef5a38da0a9704b39,1c9a002e2dc61dec9e2abab4675459eb4e17836ca3b4a12afc12ba1722c213f9,518,1170,121,1138
1199,Gao,484,,,5.48,Gao_0484,ede5b4930cbcbe42b0706c316b04740f35f4d89f246506361f4d887bf051205e,0cc00e1ba2d95fe8288dc072edf395ee6fc3678daa4e12f6703c7be7d2c5a409,d298e6955f619517e87bab06a8d8f6515a1526c00ac4a4d31e92e06dec046528,348fe6b5d187381263a01498eda165d7405353ce335b9ded12e16841ccc88e50,64a9c41240710277d41ae6ecbd77b5984aec37b755c67d6f7f8e39ddd3f45233,1005,267,456,1139
1200,Gao,485,,,3.02,Gao_0485,efc847c490630a6522d98c698c2e42a320ac5836e8d0f15d8125f2b86015eb80,79a9af327ea103eba28cd661ee4a5fbd1877d89cc8909ddb6038947c6ef598a9,ced14e1bda34dbc2886bc22ae7e11ddfc0a86d7bccf75ff567171a188e425434,0c1fddffc394d4027e5403161dbe37c40a4e9027e54b0fd2111bab11abfdc7ac,7c0626de9b9e864efbd81b29934a55530ef70e577cfb61cfe9f32461aeb040cc,984,59,564,1140
1201,Gao,486,,,2.0,Gao_0486,5d6501979d62bac79a0139870d57c4020c46411918d531648aa853fcf9589e94,79a9af327ea103eba28cd661ee4a5fbd1877d89cc8909ddb6038947c6ef598a9,fd0cd9fb56c4ab2e84953df86d5210c077a4442b55f92650274d326666dcfdd9,a4ff624d5ded8213273d602e8a4429b8f9a7ef0fd93ed254ab0104aa1499d071,557e62e0ae2e444795fd5ec765ba5529610db45ec69a48bf0b25de2a6a16319c,1180,765,386,1141
1202,Gao,487,,,5.7,Gao_0487,32245f0414851f94ac3ee66c9e22fb9fdff876e056c6f6351fffe4137e987d99,79a9af327ea103eba28cd661ee4a5fbd1877d89cc8909ddb6038947c6ef598a9,3ec17df4b8f18ca8d934b91724f97447af12da636851f3b6b5c99ddf635bf3e0,2cf4b4aca282883c61a9f138dc473f3cf03e30d59810f55a2c1d6c15d63d39ca,c3b2ddd13ad90ed0ce160354fbee66088fb061bb102ee3e50ccacde66782911a,280,215,900,1142
1203,Gao,488,,,6.7,Gao_0488,735a6167a2956d6bf867f465195103ec2bd4f324fce7482eb803bfdf9de718c8,79a9af327ea103eba28cd661ee4a5fbd1877d89cc8909ddb6038947c6ef598a9,94c1b0f6adda2831a1bea79479159d4d4b593e7a2844ff8087e367586c204acf,54fcf8fd95f29fc4d0298bfc0a88eca554e31133afefb218f1621d1f77119605,2b53a9c00cef3923b9161a6c0bec47672e3d10fd6401a0194f20b0af76efc17d,679,405,189,1143
1204,Gao,489,,,5.0,Gao_0489,735a6167a2956d6bf867f465195103ec2bd4f324fce7482eb803bfdf9de718c8,79a9af327ea103eba28cd661ee4a5fbd1877d89cc8909ddb6038947c6ef598a9,94c1b0f6adda2831a1bea79479159d4d4b593e7a2844ff8087e367586c204acf,54fcf8fd95f29fc4d0298bfc0a88eca554e31133afefb218f1621d1f77119605,2b53a9c00cef3923b9161a6c0bec47672e3d10fd6401a0194f20b0af76efc17d,679,405,189,1143
1205,Gao,490,,,8.45,Gao_0490,274147d0bca93f698c7bbe368e79d8748d3a3157e38156b7a1fd80706786a99e,0200210bcf15d900163b083f37822f819e4cacf358747423834334ad050b737f,cf01f7985ee039a3456ec3f70ea0d5e09ab36b1b8f370d1847a0c9da28bdccc2,e0f5ca1578252e4cf16a165bc54fe1227743fcf01a63ea932054b9ee25030706,bacd1bc7fdd71acc5f0bac7d6bf7b2d8df07d7bdc9bb2bcc68eaf361ef850079,986,1035,866,1144
1206,Gao,491,,,3.13,Gao_0491,1f00ff366bd2c5f9c74cc5a561a12209f0ab0fb14d06d709175825205964ea25,79a9af327ea103eba28cd661ee4a5fbd1877d89cc8909ddb6038947c6ef598a9,0cd29f157e7e2f6ca781b8f2437b116befefdc3a2a304ef22611dacec49c95c5,d92945e020f51eef28550c4047073dcdeef5b40f7850126aa079f94c64b02e91,5743bbbb0db92d769f604c2fbf856bdf9bf8c9c7d9c97d940006826a38bd5861,57,1005,390,1145
1207,Gao,492,,,1.9,Gao_0492,665a0b9cbcb55eebdc035adcd3599929c260a2fa31e5b8fc51f33d2c83a60beb,79a9af327ea103eba28cd661ee4a5fbd1877d89cc8909ddb6038947c6ef598a9,6d55ff9fc1be2303ec937991e50e60121a367acabbf72d5cf3bbad30879b86a7,1938d587325033fe3133f898bfa966cba869d5459ab1f4bb40d82e6b7a8c545b,a9edacb9c1d7ed0e7464b61463e49ea2104219e453eb5cff3127d20eb97184dd,496,125,782,1146
1208,Gao,493,,,0.7,Gao_0493,ccbb23796b570cbb263bab2b0414d43c86258ea155439cd9f5f6359f2f46d3c8,0200210bcf15d900163b083f37822f819e4cacf358747423834334ad050b737f,da43aacfd0b0dafb8213ea3767436122270318f77754330f200a50ee4482908a,cf72d9b8407557e1a56b8d6dcef5c473ea0923ea8d98b715b5aeb5389bf885a3,2ead352c7c40371b7b397cc9744a199efcbdc22d8bdb3438e69bf2aeee156acc,1033,954,211,1147
1209,Gao,494,,,6.19,Gao_0494,47a3f93a048c151c49aa18f64e1834c41c65f6ab4d90c5ab6887e40ef52ce901,79a9af327ea103eba28cd661ee4a5fbd1877d89cc8909ddb6038947c6ef598a9,413315b4bc912f18d74c9648cee71cc604e0580e688564b6ef01e998133a3fe7,d3f444397293ef1feca2f0c7336425ee05c2b21d78d9559e34bc6a14d0b4bee1,0132f84cc81d96ee812d33ebaea8c48c4f5535368dc59b8e66b8f6920822f4e0,297,978,6,1148
1210,Gao,495,,,5.13,Gao_0495,219e19360cd217bf89ffde118ae63363bd13d0f34ab355450b9bd214005bc349,79a9af327ea103eba28cd661ee4a5fbd1877d89cc8909ddb6038947c6ef598a9,4154ee6c2a08d351d5ccfbc2f6b7b5254786885fc9c62328eba86f0bb6bbf7ed,302e7de5c87fec6be6333595453d506925e1343d7d3967826d41998cffab4917,1141106b5c413ce92cf9550740d775f64bd1fc61bd4054c9b8004681f1be05c8,299,241,75,1149
1211,Gao,496,,,4.8,Gao_0496,f15cd42b4fdf9a9bbc4553326bf407c507d137b185755e7ec9173797fdf4bc77,79a9af327ea103eba28cd661ee4a5fbd1877d89cc8909ddb6038947c6ef598a9,60c76cb080fe12ff0e20af1d6be24680cd93f24b1c3b1c7e5cc14da55fd09604,6dfbd66deaf6655339d22d248d371ac52720936e66adbe3ad02f7b2c0cd5f73c,2bb0edc84c3e2e2642e7aaee317a7b1c50ba6a030b33fd2ebfe0baf1d0e231ba,435,531,190,1150
1212,Gao,497,,,3.16,Gao_0497,b5bf5f8361a448f6149e35acc0e61744e0e6f1b983dc3ae6bdaafae268113813,79a9af327ea103eba28cd661ee4a5fbd1877d89cc8909ddb6038947c6ef598a9,147109ab34d009dce5116d4cab9dc9d438b0e0a7bb973ae163b3002dde7595e4,378e1bb7bcd801280cc7db7966b8a17863704ea28b0fb8b1c4dd8bd6b9311303,d53ea511a80b7cfc073b07094664e0e341ee6ae608433324df15b4fb5519f3cd,93,275,978,1151
1213,Gao,498,,,7.26,Gao_0498,956d00c1abb0835a7cb5e337c0fbcd41b4c8679a130ba71ff3a1099539cd33de,79a9af327ea103eba28cd661ee4a5fbd1877d89cc8909ddb6038947c6ef598a9,74201d2d05905b904d1f1f60d53cb75d1171485ea9099014918ba6971cc15e87,1ca558c8bc82ab8b8cf69218d6f0df76d985ac1461c2b7275db6c519270fa769,eac98674c70e82022f3c5d1b9b4560217653078d34c5031847e9c6290f1ac6f6,525,142,1099,1152
1214,Gao,499,,,0.51,Gao_0499,49fdf26c613363d0fbcf4f849600f9b8e3be069d2ea09858fb29fe95ceab94c3,0200210bcf15d900163b083f37822f819e4cacf358747423834334ad050b737f,01b3345e8925f00bcb63edabe06920fa8761417b19c4ea141568dbfeb41f8884,75f19cdf2a598dfa42c92a3bd7e5ff812c7022543b072ed9552c66a70501d8ff,2e6d1c6bc6e4236b8565b0e59a704a77c0768b2bb198e3623fef2d017896ce8f,5,569,207,1153
1215,Gao,500,,,9.14,Gao_0500,1f4f14da4675914bac80924620bafbdfa594a8b284bdcd640dc0b919fe521311,8e6a13bb59fadec7c01c97377532e60f6812eba5c6ab9196e52704d23b89aa88,3c4fffe9bc7825caaaad3a73eb514c566b68295a94ad5c3cb37c0a07c141bc86,b47103a283951e6519d1aafa072a029f49f53f6252b52d83bfe7afc781b981f1,fb2f3e6c6ab2a1f7cbfcff4c601833071ddee78bd79490e89959c21df02d7452,269,815,1170,1154
1216,Gao,501,,,5.88,Gao_0501,1f4f14da4675914bac80924620bafbdfa594a8b284bdcd640dc0b919fe521311,79a9af327ea103eba28cd661ee4a5fbd1877d89cc8909ddb6038947c6ef598a9,5c88a54eae499a35b616b90ff72196822d640add8d5a554f3fb3ef23b6d90d20,db0809c178ffdcf259988ef041d2328412995354e55ec6024134aad67eaa5101,f769dfd51ec09dace391e442acc4be8a9c0e87446aa8cec60feb607bc9f49983,415,1012,1159,1155
1217,Gao,502,,,1.14,Gao_0502,46544962b98e5c81620071b527e7b5e3a372c5c71898427503d7b825122e0b1f,662249b27f71717e6cd10bc40d9d82bd63bbfc14fed03ba60280ffb003a773e7,95e7aa58c176c114f8ec5015f370124582e05921040d9a2451968322e14c79df,ba290d204a7c8bbe6eff32b12265951855492d73e5b74e57fe77d5c842899f08,ff4cb6215e8e819627558a697eeac9aa53fb62dbc73479aa924edb6308322d6f,685,850,1186,1156
1218,Gao,503,,,1.26,Gao_0503,b3a44aa03d8c2f71995650db518b8391e03ab6d5b19c008898d00098ee49032e,662249b27f71717e6cd10bc40d9d82bd63bbfc14fed03ba60280ffb003a773e7,6a0b39fe42b6bc1f56f37ddcf08c46458070b99bcf9a0b488831dc22523f734f,f3e29e38647f794be13ba6a64a59b6a447ea1dde22de6a20f5768d874142388f,b0170fe6ef8118fd09d68c0be0f40ae180bc34ba19c0809b5c975d57ea4964e9,482,1136,808,1157
1219,Gao,504,,,7.2,Gao_0504,fa90eb7389021084032763ce70f5d342077b1a7b181b6e55ad3f504a8ea5ecae,0cc00e1ba2d95fe8288dc072edf395ee6fc3678daa4e12f6703c7be7d2c5a409,bca6d0f5ba2aa0371311a2ce0eef9b24d01c752da706955096c66b6eccbdc677,14ebf1d3df6a984277af8c07d380ba2b47408391541baee5e3d2af8c42efa083,70c0eb599120ff235326d68c302a639df12a9fa82c543e2cdd4ab35423c4465a,898,103,510,1158
1220,Gao,505,,,5.23,Gao_0505,3335b52d5ec40d620a19abbf5736861dd738cd454dddbda42236cf0489b63b19,79a9af327ea103eba28cd661ee4a5fbd1877d89cc8909ddb6038947c6ef598a9,7f37f7ff430b7aed038c7f935189051e5fcb3ed05e0ca97a08f9e35ea115401a,c4a40333da8ecdf487e2c6bcc18572db230a0afd73506190324e7b755480017f,82ab376265ec3051520e8ec7014498b1ffea374336409bd9093cc0ada693418d,581,904,593,1159
1221,Gao,506,,,7.21,Gao_0506,a809f6b54723fc711160be75ccaad9f4dab10cdce6d824884c9a4f5d3e5e95b7,79a9af327ea103eba28cd661ee4a5fbd1877d89cc8909ddb6038947c6ef598a9,6676caf9c345b320d5a17db64f13b832a7f5f59d1529c51d35fdaf71a38bf005,431391346f3657fdd7486b26afdc5a8e59a0c47275e5815448b402c7d89d9157,2400b6f8db42888bbdfcc061d6c0f91770968e5ec3423fe10c6f32f9cef87794,463,321,147,1160
1222,Gao,507,,,6.11,Gao_0507,42858c2244f9728ce07ba1c400549379626a0d2c2f01682c767f95bb13e5b547,79a9af327ea103eba28cd661ee4a5fbd1877d89cc8909ddb6038947c6ef598a9,d19da06b189e298ab36115785d4434428f60916d3891a7d72fbba3c0e775ee4c,97d49793dd6cf6021dfe998f9cd13d2f0168f52c8bd926c8583769c6cce8bd2e,e29621026e8dfc930def37b7659d9c798a4e012aa7c5a43492367b845a47f2ac,998,710,1055,1161
1223,Gao,508,,,7.37,Gao_0508,1e22b0d748409422b68cab7f032790eddaf99b8056c2b7c418e81660a43cfa8b,79a9af327ea103eba28cd661ee4a5fbd1877d89cc8909ddb6038947c6ef598a9,142f6a1eeb0e75817aed3190a20966b7422f9312c79d91fcdcd0a1cc5241383a,f9bbebad98462c50f0cbc43b055256f9a93c5e2ae96a48e363391672a1840ccf,c982b97123c23cd4f09df23aeac45b506bd9780f9cc64f6d0e1399614e4936b3,91,1164,923,1162
1224,Gao,509,,,4.72,Gao_0509,de1563f4bf992f3fb4d5b06f77a45d5e2b815eaf1310fb9c8eb179c5422dc956,79a9af327ea103eba28cd661ee4a5fbd1877d89cc8909ddb6038947c6ef598a9,661b08ef517125c3210d80a7945447ae2722c48e70b3146b18a3e825e44c9486,e25a70a9076ad1dab8fff66d575df3900bcf42fb6a8f796f177cbd75f0546734,2a9ce0893ab4ac6f046c65720f441b26ab0ad5fcac27ee286ea38c76f5125437,461,1043,183,1163
1225,Gao,510,,,7.24,Gao_0510,b5d5a579e55b39fde6c8c75f104a2d26dda63d24b8d56511d9a312cb1da6496f,79a9af327ea103eba28cd661ee4a5fbd1877d89cc8909ddb6038947c6ef598a9,d68526ae9cdf20660ee57771c767f534d6703f0092dc0ca34bffdb8efa08d4fa,bd1b548fecede6800d03fcd06a97f270b11826d16879f542480a17a1b6206e21,b6157dbba3a8f463a5faedbb17428ec6292a8405ac2d01e69cb9a55571ce3137,1020,870,841,1164
1226,Gao,511,,,3.76,Gao_0511,d0ff251b68f752179f5a6b17efe15e3f34f341d1386938df890033290eac821c,79a9af327ea103eba28cd661ee4a5fbd1877d89cc8909ddb6038947c6ef598a9,9821632b97e3456e0d72578169675d1bf172b022e32b24e352d02a8e94a77412,b69748606764dd7c48f9e52f4ede20915e9fd9392d0b636be822dcd4658fa4e1,626cb70f87a85154e11b8a29f5ea6de9b36271a066e96d3ed7b9e162e879fcef,695,827,444,1165
1227,Gao,512,,,5.54,Gao_0512,019ae9becf46c0eaf944e99f907ecc7c91562d6586d250173ddc9b57449f164e,79a9af327ea103eba28cd661ee4a5fbd1877d89cc8909ddb6038947c6ef598a9,dc9c757e7f9235979a3914ad6a2bb4dc869902d0659533c02e789416cf29478d,eee1778fcdb8f063cb062ba80641f8152cb54b3c599509de542002f46f21ef03,4b851495dccbf956bf719ebdcb6310c335f5f8c84e552608a0b2fa2d7836970d,1045,1111,329,1166
1228,Gao,513,,,9.14,Gao_0513,999517be4db4e43bc1a6734774173e365da1b5d925e485e4d2a29fe48bc12299,79a9af327ea103eba28cd661ee4a5fbd1877d89cc8909ddb6038947c6ef598a9,d4ceaf9c7d4c64d3d2f76f071552bf6baf2b37bd08bf8633a528a0c8200252ba,e2d03c1c74e925950cea0e9883aa46eb4913cc799155606cdf7e45ef3dbd1919,5e1ab6e2a3bdc63f48a1592c82f3c0f751529ab53301127a484931f50645e397,1011,1047,424,1167
1229,Gao,514,,,5.7,Gao_0514,3236424f347b1f97de1d8b61fbd46579645db67edd3e6813d9867b86b4f8a9b1,79a9af327ea103eba28cd661ee4a5fbd1877d89cc8909ddb6038947c6ef598a9,46088b9129570256911817b484c15bb17eaf72f21037b5861c64ca6c9253fff0,0e883ef9bfbc0f7815eca7aa1bdd95f08157113a69a91e68ec90572a1790a9a8,97696e3002fccf044a1d1a33ad5a2e3b1de12c36961532e59c6a094b77feb148,322,73,684,1168
1230,Gao,515,,,5.43,Gao_0515,2e8ab46fb5e6474ad16953895e5537bd6d8c70e984edb2fbf06810f9ca0bcaf5,79a9af327ea103eba28cd661ee4a5fbd1877d89cc8909ddb6038947c6ef598a9,cb7993b2c77577af905563cb3efd22a61d3676b1ae461ed11c579d2020b0064a,f017a1832035af63580099ddaa2e9f34c3dd4ceee5f36a8c948dfa71cbbb482a,076e286793f85df124e0932eaf2308aa5ff8d1b9ba43579bbba9c44c7ad0184e,968,1115,36,1169
1231,Gao,516,,,1.46,Gao_0516,cce760d1bdf06d16927edb6b838724d202fb302f371916e2fc0160e23b8f1c71,79a9af327ea103eba28cd661ee4a5fbd1877d89cc8909ddb6038947c6ef598a9,eb764d5e7f4d16e0e28583b4b3dff6998848c8e4da857e7c2677cead2622e5c1,d9aee649c9e957f640df5e63a01f8ff95bea417d792b56e8f2a49656697c451f,72800557770170fd9cd6a7d79069de5cd1933f85e4139c5c8be1403bfdd00c6f,1109,1007,514,1170
1232,Gao,517,,,1.91,Gao_0517,d75753d4f6be48bd3e3b5f712a75bdec3ecd0e390c73d3dbc6208c75acf0d469,79a9af327ea103eba28cd661ee4a5fbd1877d89cc8909ddb6038947c6ef598a9,9299d9cdd1eed0347a074805f8b76d05a3b9ec9c3e41d5bc5497d75ba794ecf0,8e8a8574d67bd5ee6396b5eca77bba44528fcbebc20ba17fa2cacfab2353da89,c3db63fe4965a9dfb207096b7f99a11f52d580009e09b76800abfaa1256031db,668,669,901,1171
1233,Gao,518,,,4.58,Gao_0518,595a9f5ac24b4536942709d803eb29431c74c1332e0cbac92914fb0d44e5cf32,79a9af327ea103eba28cd661ee4a5fbd1877d89cc8909ddb6038947c6ef598a9,4f11ce6e09012c608e9a0836906f08d6e95722371df4194b9accc22a77f6aeb0,f5be39a122784c869607acf04360b749c8c77d0cd57488f17d455a990f065302,7408414f74a5c2db0eab06dfbabbfda7ebfcf3fa53944730f39e3b1b3ddb4460,365,1144,528,1172
1234,Gao,519,,,2.03,Gao_0519,012be3771d6b9b32f9c76edfe4e5930a82fa6561b925a0787ea8b25f04969695,79a9af327ea103eba28cd661ee4a5fbd1877d89cc8909ddb6038947c6ef598a9,47741eb4f8e01f6e8e8888d3cedd6dddd1f84b633e2c491b9dfa2450a46a3271,236ec14a52b074fd57e5e1c47ba84fef9e549c9913ba2283a02adacc72d00e60,688ce516d273a6f62ac48bd9235d7309f89e8c113de94f0757e71722a0706936,333,173,470,1173
1235,Gao,520,,,4.22,Gao_0520,3e3e21e6f8a6469a5439fa14275bd0531125b5f3557509e52b990a7ae5061f79,79a9af327ea103eba28cd661ee4a5fbd1877d89cc8909ddb6038947c6ef598a9,44764eecd4f5baf509ab6b77403a0cb90599a73bcec315ba26aac037251e0429,868005220faea49b51cf6905b708dcab22f8e0eda2fd0aad17f744ba39cc4070,d9be382c8f0ae3b85ba5021fce12946e13d25a16325ca6289e32a1c795e50ea7,310,632,999,1174
1236,Gao,521,,,4.5,Gao_0521,616a353329b269c30b05664f3b93cd84dcacc4db66bfc783e4b79a9aae83625d,0200210bcf15d900163b083f37822f819e4cacf358747423834334ad050b737f,12019b3d9bcb8480ff36b295b4264cf634d1e9d23797be4986f000163eb53c6b,08206ec0cc804f1132ffd0fead812e6aa542abaaa1533d8b2d1d0519edbe839b,1e441e22f14e3780bad759e7f08646de8e2f6e9060f9c2d5bcfb12f7b1c1346e,78,39,128,1175
1237,Gao,522,,,0.65,Gao_0522,a53e0d15fb0e9d536aeb1159838a96c5df43de9756b0978e05aa5a9d6d017c5b,79a9af327ea103eba28cd661ee4a5fbd1877d89cc8909ddb6038947c6ef598a9,563d680a3b97fde30c4e5329db3e2bd11ef07b031433ee7b1c4508ef20f05e27,bf46dc51bc0c07d460bb811b780726924750c9ab4f4912f31a5b2e2301847aca,bee1dedb47903408ff77b28e8381ee1433f2b61c162d18fb54516bb76d852992,393,879,882,1176
1238,Gao,523,,,0.39,Gao_0523,14a93b9dbbf9ff4ce38a4e8d15be3234d9b0d9317f4c645c663bb650638e26b0,79a9af327ea103eba28cd661ee4a5fbd1877d89cc8909ddb6038947c6ef598a9,3eb6f8b61b36f90d7b0628fbbd81dbe6f59a168201d0804ff1a9273ac004eb42,32de52d88c7577fb2db3c76ce8ce4113c09861975828a768119d652f33bb368b,be382325e8795c6f8654e505518e9233fde40bb4f42572f80bb3ef9489cd8a74,279,261,879,1177
1239,Gao,524,,,0.53,Gao_0524,69ff3b3ba0b53c430e74af1c6942dd5319ec254064440723fa27a4dc0e5dd195,79a9af327ea103eba28cd661ee4a5fbd1877d89cc8909ddb6038947c6ef598a9,18383e1a7d7bb0afe2f0d7011ae3742623b958ed0d7cbcf7fa6909e879fd0752,9d8f3fb80339803d4722485e5246b9c8126b930788696f27792c4b747fa89b97,4db3087c616a5f0655599b321113c6ccee70307cc7bd6560fe9e193ebdc6acba,115,734,342,1178
1240,Gao,525,,,0.39,Gao_0525,502f7c6e255bb1f9a458280bf2a2ea1a10762063a7ed3f52eb21a29333ecd7ac,79a9af327ea103eba28cd661ee4a5fbd1877d89cc8909ddb6038947c6ef598a9,5703457e5781d804d2c43b81b021b558d0fefc52d5927f7f715be6a04ea11021,48633287b9048ca68a5d32131351f53fc4d1111b401125a3f20467246c92fc75,ac077d7af19518a727272c2031ad6114531c8ef6b02424357a5f0b939983d36c,395,346,791,1179
1241,Gao,526,,,3.12,Gao_0526,25f0753fa5b40c1f20c572aaac35fd0b22267a37e23657635d83daab6bf99559,79a9af327ea103eba28cd661ee4a5fbd1877d89cc8909ddb6038947c6ef598a9,18b13c0f76ab19c0322b3e2f6a730826f2b98d74a3a156bf3c5200303e3da1ae,6b58369e227892243d86fab175fe1c20f7fce7b93c39325796194dad5b81e314,07414f8a720fe11d2ce022c206d48f666355acbe131b4d85cacf8b0e43ec097d,117,521,34,1180
1242,Gao,527,,,4.58,Gao_0527,d96ad6acdddd74183f063bb3b12a59187a8d1ffe4abfae07c43f2a416df67c91,79a9af327ea103eba28cd661ee4a5fbd1877d89cc8909ddb6038947c6ef598a9,f73e90c8b819a80de27470e17e5361a51209734fa3deaa75d9d60a9002a48c02,3c99008a3a2227a704eb48d7de7a8504ba751d6efc5514c7b55ec9dd18a3f696,c7ed626e9016adc8fbd327094f98e4923865dbcab3648ca271b5bd1ca7ecf16f,1155,295,917,1181
1243,Gao,528,,,0.61,Gao_0528,71ae2fa56cb3be30fc5041383244744e6fdb4f79a738ff0756ee358a10982266,79a9af327ea103eba28cd661ee4a5fbd1877d89cc8909ddb6038947c6ef598a9,c1a09b3a82a88a7dccf1abd4abc4d0623488b251cd7c3f081502ebaab9daf2bd,2e43564f8ee70695d7a060381e8f4dd1a6034296b0318b9cb747a4f231d797ea,314a969296204a6275105eb7b0ed3460ea8247df542f3a743c3a39c37024d3e0,924,228,222,1182
1244,Gao,529,,,7.8,Gao_0529,1dd23687e60bbaf055b3b4e77db17424df4410cd8931c6bd554fa3ed61dda416,79a9af327ea103eba28cd661ee4a5fbd1877d89cc8909ddb6038947c6ef598a9,e94d8861767abc728c29d9db750c6c90082baf3299e07df3b62207a956a2cf0c,6994fbebbece4f3b5caec89b6713488a41ae9ad4cc06bd3d8a9efe8dba21b111,557d1abb7da4653b5e3975b512f87047792ba2fc43472b70a3deed3a3157bd62,1101,510,385,1183
1245,Gao,530,,,4.5,Gao_0530,e72f281cc50999b0c12d6ba8ba1f41629ec64f6e5965d3c552378e1c8d49394a,210877c4b04772d8b326273494450f9eacce726e6f980ba733b1f8e765600eef,989ff6e855e6fb87e42de27e9ace5b5fbef2faa8066de95f789f4d5032fe0b4d,38299c52a15c728f507743429d0da96a36c0f2730ff3224168b13eb6409b914c,00888d9808e8c48bf4445cad94b977a6d21eeef99ccab84ed37a0faa56d48a76,696,277,2,1184
1246,Gao,531,,,4.3,Gao_0531,e72f281cc50999b0c12d6ba8ba1f41629ec64f6e5965d3c552378e1c8d49394a,79a9af327ea103eba28cd661ee4a5fbd1877d89cc8909ddb6038947c6ef598a9,e2faabfa2b7046f170c0421558b83e91184f0d7e33a7ab6afad4eb7ccaaa3818,3c605f372a9c5ab3687b664418536d261ce83b237d3e28ffdcaf6d813fc003ce,a56d979b76c94ed42315ae18c581a5374c16de6cbe583ea555f3e1d31442b424,1075,294,760,691
1247,Gao,532,,,1.7,Gao_0532,97643ed1bd7499d9bf23c7881ee205d1da929fcddb1d09fcfa1657384ec60a22,a433e8dda363706531619e2d0b0b70340c238a7fbfbf37dd65e5dd78ad71135a,089eb1f627d9c2575de2f9b73cc450995edb022327a1aaecb914470212937f08,e4e1711ee62b31e5dafaa328150bdcca28f80aef94c0e35aa258f39a0ee155ce,4eaff9e19f9eb23fe87184d856a1a413f138bc718f279867000798be7d440d13,38,1056,347,1185
1248,Gao,533,,,10.52,Gao_0533,219dc7a54281cbec062aa98e3c45d0274d62fc7022d7089832fc79425bd9e794,69e17d1724b4236f68d0c6efb6ad16969f13f8980d301d0056747038b20f0c8d,a224d7c5ed886bb11dd1a42857ebd0df74efb9eebe557232b03efe80ba09920e,6707aa77d6ca08849edcb9169e74bf9c7d98d3505aaff3cca52e902511647c13,c73b1296daff4a590e33b6bc3bdf0175b4f389c845bfc6a9127a4f5c9d7c35df,752,493,912,1186
1249,Gao,534,,,7.06,Gao_0534,ff6b78613b36e83839769cd8cdb580da51566c3903caa34ecdbca9cb4548b383,6521827127d40868f575056da1c1f9eaa548506fcf63f2eb6a23ca5118c7aea3,d10fb1a7d2052b6201bd7fb0afe39d1426f8804939c1bc025beef0f336f40597,b70a099ecc3f2f16fa81d8607799f5667c2e49e285371cd3c2eb57581995d463,a488e8285967e379f365b664b00fdfc46c98d1c0f8d01d0f4fe515cd41464f2e,996,829,755,1187
