array_index,y_true,y_pred,residual_pred_minus_true,absolute_error,squared_error,relative_error_percent,source,source_row,donor_smiles,acceptor_smiles,experimental_PCE,pair_key,donor_fp_hash,acceptor_fp_hash,pair_fp_hash,legacy_sequence_hash,role_aware_sequence_hash,pair_fp_group_id,legacy_sequence_group_id,role_aware_sequence_group_id,safe_any_encoding_group_id
7,16.5,13.8280029296875,-2.6719970703125,2.6719970703125,7.139568343758583,16.193921638257574,in-house,7,FC(C=C(C1=C2SC=CC2=C(C3=CC(F)=C(CC(CCCC)CC)S3)C4=C1C=C(C5=CC=C(C6=C(C(C(C7=C(CC(CCCC)CC)SC(CC(CC)CCCC)=C78)=O)=C(C9=CC=CC9)S6)C8=O)S5)S4)S%10)=C%10CC(CC)CCCC,O=C(C(/C1=C(C#N)/C#N)=C\C2=C(CCCCCCCCCCC)C3=C(C(N(CCCCCCCC)C4=C5C6=NSN=C6C7=C4N(C8=C7SC9=C8SC(/C=C(C%10=O)/C(C%11=C%10C=C(C(Cl)=C%11)Cl)=C(C#N)\C#N)=C9CCCCCCCCCCC)CCCCCCCC)=C5S3)S2)C%12=C1C=C(Cl)C(Cl)=C%12,16.5,FC(C=C(C1=C2SC=CC2=C(C3=CC(F)=C(CC(CCCC)CC)S3)C4=C1C=C(C5=CC=C(C6=C(C(C(C7=C(CC(CCCC)CC)SC(CC(CC)CCCC)=C78)=O)=C(C9=CC=CC9)S6)C8=O)S5)S4)S%10)=C%10CC(CC)CCCC||O=C(C(/C1=C(C#N)/C#N)=C\C2=C(CCCCCCCCCCC)C3=C(C(N(CCCCCCCC)C4=C5C6=NSN=C6C7=C4N(C8=C7SC9=C8SC(/C=C(C%10=O)/C(C%11=C%10C=C(C(Cl)=C%11)Cl)=C(C#N)\C#N)=C9CCCCCCCCCCC)CCCCCCCC)=C5S3)S2)C%12=C1C=C(Cl)C(Cl)=C%12,61eee9608e36bdb1d3a96a3ad1baa39916f3a546e29d11481966a5a2d3d30f3c,106ec9326f6c2014124a3ccaa07a70df3e915cb48e0279a6f7708463db258b52,363e5e3ac4cbab00538d525a30d3fe7e6dc76a4e0fa015e7a131092f60d5ba21,4f4aec9775b2911f4ba59537d9005c14793400a32dc1e47e40c37326ae5cec06,809320f008d149ff690998785f5530a9f36844d88205e8a909a849b2208dc551,238,379,579,7
10,16.3700008392334,13.391546249389648,-2.97845458984375,2.97845458984375,8.871191743761301,18.19459033077991,in-house,10,O=C1C2=C(CC(CC)CCCC)SC(CC(CC)CCCC)=C2C(C3=C(C4=CC=C(C5=CC(C(C6=CC(F)=C(CC(CC)CCCC)S6)=C(SC=C7)C7=C8C9=CC(F)=C(CC(CC)CCCC)S9)=C8S5)S4)SC(C%10=CC=CS%10)=C31)=O,CCCCC(CN1N=C2C3=C(C4=C(C5=C(N4CC(CCCC)CC)C6=C(C(CCCCCC)=C(S6)/C=C7C(C(C=C(F)C(F)=C8)=C8C\7=C(C#N)\C#N)=O)S5)C2=N1)N(CC(CCCC)CC)C9=C3SC%10=C9SC(/C=C%11C(C%12=C(C=C(F)C(F)=C%12)C\%11=C(C#N)/C#N)=O)=C%10CCCCCC)CC,16.37,O=C1C2=C(CC(CC)CCCC)SC(CC(CC)CCCC)=C2C(C3=C(C4=CC=C(C5=CC(C(C6=CC(F)=C(CC(CC)CCCC)S6)=C(SC=C7)C7=C8C9=CC(F)=C(CC(CC)CCCC)S9)=C8S5)S4)SC(C%10=CC=CS%10)=C31)=O||CCCCC(CN1N=C2C3=C(C4=C(C5=C(N4CC(CCCC)CC)C6=C(C(CCCCCC)=C(S6)/C=C7C(C(C=C(F)C(F)=C8)=C8C\7=C(C#N)\C#N)=O)S5)C2=N1)N(CC(CCCC)CC)C9=C3SC%10=C9SC(/C=C%11C(C%12=C(C=C(F)C(F)=C%12)C\%11=C(C#N)/C#N)=O)=C%10CCCCCC)CC,65482d735aa1f382b817dd8d95b1689b39b0b3c26138949c2680844f1b1f5ea0,72510025151e6e2a8dbf6a569a3de7a647a5c1c0fd51866fa40aee115ff60386,e402e4dd08dae0ac2cda41476ef14d0fefdfc3ca478fefdc1e0a09cd79ca131d,e4a7eb49f2cef95e537d0aa64325072adb41f2cc23305f645b4d61dc8df7bf6f,1a1c3dbff251758cf264a0a4fccb444df72a8f4b5ad83dbc1dfb3547140f8adc,1078,1055,112,10
12,16.260000228881836,12.350356101989746,-3.90964412689209,3.90964412689209,15.285317198941812,24.044551487444522,in-house,12,O=C1C2=C(CC(CC)CCCC)SC(CC(CC)CCCC)=C2C(C3=C(C4=CC=C(C5=CC(C(C6=CC(F)=C(CC(CC)CCCC)S6)=C(SC=C7)C7=C8C9=CC(F)=C(CC(CC)CCCC)S9)=C8S5)S4)SC(C%10=CC=CS%10)=C31)=O,O=C(C1=CC=CC=C1C/2=C(C#N)\C#N)C2=C/C3=C(CCCCCCCCCCC)C(SC(C4=C5C6=C(C7=C(N6CC(CC)CCCC)C8=C(C(CCCCCCCCCCC)=C(S8)/C=C9C(C(C=CC=C%10)=C%10C\9=C(C#N)\C#N)=O)S7)C%11=NSN=C4%11)=C%12N5CC(CC)CCCC)=C%12S3,16.26,O=C1C2=C(CC(CC)CCCC)SC(CC(CC)CCCC)=C2C(C3=C(C4=CC=C(C5=CC(C(C6=CC(F)=C(CC(CC)CCCC)S6)=C(SC=C7)C7=C8C9=CC(F)=C(CC(CC)CCCC)S9)=C8S5)S4)SC(C%10=CC=CS%10)=C31)=O||O=C(C1=CC=CC=C1C/2=C(C#N)\C#N)C2=C/C3=C(CCCCCCCCCCC)C(SC(C4=C5C6=C(C7=C(N6CC(CC)CCCC)C8=C(C(CCCCCCCCCCC)=C(S8)/C=C9C(C(C=CC=C%10)=C%10C\9=C(C#N)\C#N)=O)S7)C%11=NSN=C4%11)=C%12N5CC(CC)CCCC)=C%12S3,65482d735aa1f382b817dd8d95b1689b39b0b3c26138949c2680844f1b1f5ea0,3bccd6c9cc22d1152938bdd23acfe9c3c778dc8316063d8fa195ae94d9f0e7a2,0cd8812aff63af954f6a4493ca62cd53ab6bb26d5417c7efe6f5e96bd9d2c034,14a55f0d286f3669b0972f12869095db753f1feec32a8edd68b7d1d423ee5b95,142bb7392c652fc719397f95fb5b008205ed3b2d8240fddbadb2fd1ea7f401d1,58,99,90,12
13,16.170000076293945,13.391546249389648,-2.778453826904297,2.778453826904297,7.7198056682391325,17.182769411223774,in-house,13,O=C1C2=C(CC(CC)CCCC)SC(CC(CC)CCCC)=C2C(C3=C(C4=CC=C(C5=CC(C(C6=CC(F)=C(CC(CC)CCCC)S6)=C(SC=C7)C7=C8C9=CC(F)=C(CC(CC)CCCC)S9)=C8S5)S4)SC(C%10=CC=CS%10)=C31)=O,CCC(CN1N=C2C3=C(C4=C(C5=C(N4CC(CCCC)CC)C(SC(/C=C6/C(C7=C(C6=O)C=C(C(F)=C7)F)=C(C#N)/C#N)=C8CCCCCC)=C8S5)C2=N1)N(CC(CCCC)CC)C9=C3SC%10=C9SC(/C=C%11C(C%12=C(C=C(F)C(F)=C%12)C\%11=C(C#N)\C#N)=O)=C%10CCCCCC)CCCC,16.17,O=C1C2=C(CC(CC)CCCC)SC(CC(CC)CCCC)=C2C(C3=C(C4=CC=C(C5=CC(C(C6=CC(F)=C(CC(CC)CCCC)S6)=C(SC=C7)C7=C8C9=CC(F)=C(CC(CC)CCCC)S9)=C8S5)S4)SC(C%10=CC=CS%10)=C31)=O||CCC(CN1N=C2C3=C(C4=C(C5=C(N4CC(CCCC)CC)C(SC(/C=C6/C(C7=C(C6=O)C=C(C(F)=C7)F)=C(C#N)/C#N)=C8CCCCCC)=C8S5)C2=N1)N(CC(CCCC)CC)C9=C3SC%10=C9SC(/C=C%11C(C%12=C(C=C(F)C(F)=C%12)C\%11=C(C#N)\C#N)=O)=C%10CCCCCC)CCCC,65482d735aa1f382b817dd8d95b1689b39b0b3c26138949c2680844f1b1f5ea0,72510025151e6e2a8dbf6a569a3de7a647a5c1c0fd51866fa40aee115ff60386,e402e4dd08dae0ac2cda41476ef14d0fefdfc3ca478fefdc1e0a09cd79ca131d,e4a7eb49f2cef95e537d0aa64325072adb41f2cc23305f645b4d61dc8df7bf6f,1a1c3dbff251758cf264a0a4fccb444df72a8f4b5ad83dbc1dfb3547140f8adc,1078,1055,112,10
17,16.0,15.389005661010742,-0.6109943389892578,0.6109943389892578,0.3733140822769201,3.8187146186828613,in-house,17,O=C1C2=C(CC(CC)CCCC)SC(CC(CC)CCCC)=C2C(C3=C(C4=CC=C(C5=CC(C(C6=CC(F)=C(CC(CC)CCCC)S6)=C(SC=C7)C7=C8C9=CC(F)=C(CC(CC)CCCC)S9)=C8S5)S4)SC(C%10=CC=CS%10)=C31)=O,O=C(C1=C(C=C(F)C(F)=C1)C/2=C(C#N)\C#N)C2=C/C3=C(CCCCCCCCCCC)C(SC(C4=C5C6=C(C7=C(N6CC(CCCC)CCCCCC)C8=C(C(CCCCCCCCCCC)=C(S8)/C=C9C(C(C=C(F)C(F)=C%10)=C%10C\9=C(C#N)\C#N)=O)S7)C%11=NSN=C4%11)=C%12N5CC(CCCCCC)CCCC)=C%12S3,16.0,O=C1C2=C(CC(CC)CCCC)SC(CC(CC)CCCC)=C2C(C3=C(C4=CC=C(C5=CC(C(C6=CC(F)=C(CC(CC)CCCC)S6)=C(SC=C7)C7=C8C9=CC(F)=C(CC(CC)CCCC)S9)=C8S5)S4)SC(C%10=CC=CS%10)=C31)=O||O=C(C1=C(C=C(F)C(F)=C1)C/2=C(C#N)\C#N)C2=C/C3=C(CCCCCCCCCCC)C(SC(C4=C5C6=C(C7=C(N6CC(CCCC)CCCCCC)C8=C(C(CCCCCCCCCCC)=C(S8)/C=C9C(C(C=C(F)C(F)=C%10)=C%10C\9=C(C#N)\C#N)=O)S7)C%11=NSN=C4%11)=C%12N5CC(CCCCCC)CCCC)=C%12S3,65482d735aa1f382b817dd8d95b1689b39b0b3c26138949c2680844f1b1f5ea0,cce4daef3466912115114a47937759c5e11908ec4ef6f39cc24019bc556cf85b,6f3e01ab771911b69962d4803b4ce9059012d08e7e69727fc05279245c27a284,31cc87d11e77699854407788c3defb6a097e7c40e98eb177e3343cae76a8fc36,ecb6751eac88c0ef6741ac5561018a1fd8713a0763aba2ac55ab332547dcf135,503,252,1111,16
19,15.649999618530272,13.391546249389648,-2.2584533691406232,2.2584533691406232,5.100611620582632,14.431012295147392,in-house,19,O=C1C2=C(CC(CC)CCCC)SC(CC(CC)CCCC)=C2C(C3=C(C4=CC=C(C5=CC(C(C6=CC(F)=C(CC(CC)CCCC)S6)=C(SC=C7)C7=C8C9=CC(F)=C(CC(CC)CCCC)S9)=C8S5)S4)SC(C%10=CC=CS%10)=C31)=O,CCCCC(CN1N=C2C3=C(C4=C(C5=C(N4CC(CCCC)CC)C6=C(C(CCCCCCCCCCC)=C(S6)/C=C7C(C(C=C(F)C(F)=C8)=C8C\7=C(C#N)\C#N)=O)S5)C2=N1)N(CC(CCCC)CC)C9=C3SC%10=C9SC(/C=C%11C(C%12=C(C=C(F)C(F)=C%12)C\%11=C(C#N)/C#N)=O)=C%10CCCCCCCCCCC)CC,15.65,O=C1C2=C(CC(CC)CCCC)SC(CC(CC)CCCC)=C2C(C3=C(C4=CC=C(C5=CC(C(C6=CC(F)=C(CC(CC)CCCC)S6)=C(SC=C7)C7=C8C9=CC(F)=C(CC(CC)CCCC)S9)=C8S5)S4)SC(C%10=CC=CS%10)=C31)=O||CCCCC(CN1N=C2C3=C(C4=C(C5=C(N4CC(CCCC)CC)C6=C(C(CCCCCCCCCCC)=C(S6)/C=C7C(C(C=C(F)C(F)=C8)=C8C\7=C(C#N)\C#N)=O)S5)C2=N1)N(CC(CCCC)CC)C9=C3SC%10=C9SC(/C=C%11C(C%12=C(C=C(F)C(F)=C%12)C\%11=C(C#N)/C#N)=O)=C%10CCCCCCCCCCC)CC,65482d735aa1f382b817dd8d95b1689b39b0b3c26138949c2680844f1b1f5ea0,72510025151e6e2a8dbf6a569a3de7a647a5c1c0fd51866fa40aee115ff60386,e402e4dd08dae0ac2cda41476ef14d0fefdfc3ca478fefdc1e0a09cd79ca131d,e4a7eb49f2cef95e537d0aa64325072adb41f2cc23305f645b4d61dc8df7bf6f,1a1c3dbff251758cf264a0a4fccb444df72a8f4b5ad83dbc1dfb3547140f8adc,1078,1055,112,10
26,15.140000343322754,13.389287948608398,-1.7507123947143555,1.7507123947143555,3.064993889006473,11.563489795338597,in-house,27,O=C1C2=C(CC(CC)CCCC)SC(CC(CC)CCCC)=C2C(C3=C(C4=CC=C(C5=CC(C(C6=CC(F)=C(CC(CC)CCCC)S6)=C(SC=C7)C7=C8C9=CC(F)=C(CC(CC)CCCC)S9)=C8S5)S4)SC(C%10=CC=CS%10)=C31)=O,CCC(CN1N=C2C3=C(C4=C(C5=C(N4CC(CCCC)CC)C(SC(/C=C6/C(C7=C(C6=O)C=C(C(F)=C7)F)=C(C#N)/C#N)=C8CCCCCC)=C8S5)C2=N1)N(CC(CCCC)CC)C9=C3SC(/C=C%10C(C(C=C(F)C(F)=C%11)=C%11C\%10=C(C#N)/C#N)=O)=C9CCCCCC)CCCC,15.14,O=C1C2=C(CC(CC)CCCC)SC(CC(CC)CCCC)=C2C(C3=C(C4=CC=C(C5=CC(C(C6=CC(F)=C(CC(CC)CCCC)S6)=C(SC=C7)C7=C8C9=CC(F)=C(CC(CC)CCCC)S9)=C8S5)S4)SC(C%10=CC=CS%10)=C31)=O||CCC(CN1N=C2C3=C(C4=C(C5=C(N4CC(CCCC)CC)C(SC(/C=C6/C(C7=C(C6=O)C=C(C(F)=C7)F)=C(C#N)/C#N)=C8CCCCCC)=C8S5)C2=N1)N(CC(CCCC)CC)C9=C3SC(/C=C%10C(C(C=C(F)C(F)=C%11)=C%11C\%10=C(C#N)/C#N)=O)=C9CCCCCC)CCCC,65482d735aa1f382b817dd8d95b1689b39b0b3c26138949c2680844f1b1f5ea0,6047dca06660dd5db11d716a06302d88c202b495c72f99dfcede81322f73fa55,bbdad9ed3d6d35b6fd068991d7b33baa9670360156f9ee17cedd332eb03c26a7,1106b69e5d6f0dcf29a588390df6964e234c531d0d4dbdf1fa34dba758ea1c43,70962d5dcbfcb290307ca627c37a7bd4b50499f930d2a8f0c0d8cad58b6d7ae1,888,84,509,22
28,14.829999923706056,12.65468692779541,-2.1753129959106463,2.1753129959106463,4.731986630177752,14.66832776198039,in-house,29,O=C1C2=C(CC(CC)CCCC)SC(CC(CC)CCCC)=C2C(C3=C(C4=CC=C(C5=CC(C(C6=CC(F)=C(CC(CC)CCCC)S6)=C(SC=C7)C7=C8C9=CC(F)=C(CC(CC)CCCC)S9)=C8S5)S4)SC(C%10=CC=CS%10)=C31)=O,[F]C1=CC2=C(C(/C(C2=O)=C/C3=CC4=C(C5=C(N4C(CCCCCC)CCCC)C6=C(C(OCC(CCCC)CC)=C7C8=C(C9=C(N8CC(CCCCCC)CCCC)C=C(/C=C%10C(C%11=CC([F])=C(C=C%11C\%10=C(C#N)\C#N)[F])=O)S9)SC7=C6OCC(CCCC)CC)S5)S3)=C(C#N)\C#N)C=C1[F],14.83,O=C1C2=C(CC(CC)CCCC)SC(CC(CC)CCCC)=C2C(C3=C(C4=CC=C(C5=CC(C(C6=CC(F)=C(CC(CC)CCCC)S6)=C(SC=C7)C7=C8C9=CC(F)=C(CC(CC)CCCC)S9)=C8S5)S4)SC(C%10=CC=CS%10)=C31)=O||[F]C1=CC2=C(C(/C(C2=O)=C/C3=CC4=C(C5=C(N4C(CCCCCC)CCCC)C6=C(C(OCC(CCCC)CC)=C7C8=C(C9=C(N8CC(CCCCCC)CCCC)C=C(/C=C%10C(C%11=CC([F])=C(C=C%11C\%10=C(C#N)\C#N)[F])=O)S9)SC7=C6OCC(CCCC)CC)S5)S3)=C(C#N)\C#N)C=C1[F],65482d735aa1f382b817dd8d95b1689b39b0b3c26138949c2680844f1b1f5ea0,5014b53db4f4692e088c0e1ee6f58986ad745545c920be9a8d04826790dc7ccc,4ae07a6ec2ff7773342e483c59c2f3ba04dbf51b1aa3af2ba0df7a2871c21081,3cbc265a446dea9198a8771c775845e3c7a912b4d12f7766b4f46cba79cc06b7,e9c337ec75d4050a7929bbf258f6a0252fea681865d248a5883877a9c8be03a3,348,296,1087,24
29,14.8100004196167,12.871593475341797,-1.9384069442749023,1.9384069442749023,3.7574214816131644,13.088500265721603,in-house,30,O=C1C2=C(CC(CC)CCCC)SC(CC(CC)CCCC)=C2C(C3=C(C4=CC=C(C5=CC(C(C6=CC(F)=C(CC(CC)CCCC)S6)=C(SC=C7)C7=C8C9=CC(F)=C(CC(CC)CCCC)S9)=C8S5)S4)SC(C%10=CC=CS%10)=C31)=O,O=C1C2=C(C=C(C(Cl)=C2)Cl)C(/C1=C/C(SC3=C4N(CC(CCCCCC)CCCC)C5=C3C6=NSN=C6C7=C5N(CC(CCCCCC)CCCC)C8=C7SC9=C8N(CC(CCCC)CC)C%10=C9SC(/C=C%11/C(C(C=C(Cl)C(Cl)=C%12)=C%12C%11=O)=C(C#N)/C#N)=C%10)=C4CCCCCCCC)=C(C#N)/[N+]#[C-],14.81,O=C1C2=C(CC(CC)CCCC)SC(CC(CC)CCCC)=C2C(C3=C(C4=CC=C(C5=CC(C(C6=CC(F)=C(CC(CC)CCCC)S6)=C(SC=C7)C7=C8C9=CC(F)=C(CC(CC)CCCC)S9)=C8S5)S4)SC(C%10=CC=CS%10)=C31)=O||O=C1C2=C(C=C(C(Cl)=C2)Cl)C(/C1=C/C(SC3=C4N(CC(CCCCCC)CCCC)C5=C3C6=NSN=C6C7=C5N(CC(CCCCCC)CCCC)C8=C7SC9=C8N(CC(CCCC)CC)C%10=C9SC(/C=C%11/C(C(C=C(Cl)C(Cl)=C%12)=C%12C%11=O)=C(C#N)/C#N)=C%10)=C4CCCCCCCC)=C(C#N)/[N+]#[C-],65482d735aa1f382b817dd8d95b1689b39b0b3c26138949c2680844f1b1f5ea0,7430aeb7a3c2694eca9ac06ce0b8ecc25fb7d892fdb8e729713afb5e6b8a27c7,6a1a1a41b31f247e24e4fbe227394ccf2d3bb75b49606b124f9254f90ccf6caa,24a9ce0c67ce5fe4e775d37be6d197c6c9c048e78a8ac8e33ca2d8d6171b1dc5,253b7d6038fc25775d87f1f0e35ce76e1fecc482694066c0b24d1aff480bd1c3,483,179,152,25
38,14.029999732971191,13.977107048034668,-0.05289268493652344,0.05289268493652344,0.0027976361197943334,0.37699704877558204,in-house,42,FC(C=C(C1=C2SC=CC2=C(C3=CC(F)=C(CC(CCCC)CC)S3)C4=C1C=C(C5=CC=C(C6=C(C(C(C7=C(CC(CCCC)CC)SC(CC(CC)CCCC)=C78)=O)=C(C9=CC=CC9)S6)C8=O)S5)S4)S%10)=C%10CC(CC)CCCC,O=C(C(C=C(C(Br)=C1)Br)=C1C/2=C(C#N)/C#N)C2=C/C3=C(CCCCCCCCCCC)C(SC(C4=C5C6=C(C7=C(N6CCCCCCCCCCCC)C8=C(C(CCCCCCCCCCC)=C(S8)/C=C9C(C%10=C(C=C(Br)C(Br)=C%10)C\9=C(C#N)/C#N)=O)S7)C%11=NSN=C%114)=C%12N5CCCCCCCCCCCC)=C%12S3,14.03,FC(C=C(C1=C2SC=CC2=C(C3=CC(F)=C(CC(CCCC)CC)S3)C4=C1C=C(C5=CC=C(C6=C(C(C(C7=C(CC(CCCC)CC)SC(CC(CC)CCCC)=C78)=O)=C(C9=CC=CC9)S6)C8=O)S5)S4)S%10)=C%10CC(CC)CCCC||O=C(C(C=C(C(Br)=C1)Br)=C1C/2=C(C#N)/C#N)C2=C/C3=C(CCCCCCCCCCC)C(SC(C4=C5C6=C(C7=C(N6CCCCCCCCCCCC)C8=C(C(CCCCCCCCCCC)=C(S8)/C=C9C(C%10=C(C=C(Br)C(Br)=C%10)C\9=C(C#N)/C#N)=O)S7)C%11=NSN=C%114)=C%12N5CCCCCCCCCCCC)=C%12S3,61eee9608e36bdb1d3a96a3ad1baa39916f3a546e29d11481966a5a2d3d30f3c,61e1083ae266a0c0d0562f5978ecf2ec4d01974439c1e3d455b138ce4d181741,dfddec171cf5b907634b3cfa86ae2f60a5ca0d06e64dba8008bb5a7dfb986dfd,1007fcb65d03ac3eeffadbcf7be9e35f5be3e82b10b7b415fcc3c39c62d68d0a,4a49993e99cf73bd0b6b87efb3bce026b4400c5ec011d9f500e4b2d22c88bd9b,1058,77,326,33
40,14.0,10.618719100952148,-3.3812808990478516,3.3812808990478516,11.433060518265847,24.15200642177037,in-house,45,O=C(C1=C(CCC(CCCC)CC)SC(CCC(CC)CCCC)=C1C2=O)C(C2=C(C3)C(C4)=CC=C4C5=CC6=C(C(C7=CC=C(CCC(CCCC)CC)S7)=C8C=CSC8=C6C9=CC=C(CCC(CCCC)CC)S9)S5)=C3C%10=CC=CS%10,CCCCCCC1=CC=C(C2(C3=CC=C(C=C3)CCCCCC)C4=C(C=C(C5=C4)C(C(C=C6)=CC=C6CCCCCC)(C7=C5SC(/C=C8/C(C9=C(C8=O)C=C(F)C=C9)=C(C#N)\C#N)=C7)C(C=C%10)=CC=C%10CCCCCC)C%11=C2C%12=C(C(SC(/C=C(C%13=O)/C(C%14=C%13C=C(F)C=C%14)=C(C#N)\C#N)=C%15)=C%15N%12CCCCCCCC)S%11)C=C1,14.0,O=C(C1=C(CCC(CCCC)CC)SC(CCC(CC)CCCC)=C1C2=O)C(C2=C(C3)C(C4)=CC=C4C5=CC6=C(C(C7=CC=C(CCC(CCCC)CC)S7)=C8C=CSC8=C6C9=CC=C(CCC(CCCC)CC)S9)S5)=C3C%10=CC=CS%10||CCCCCCC1=CC=C(C2(C3=CC=C(C=C3)CCCCCC)C4=C(C=C(C5=C4)C(C(C=C6)=CC=C6CCCCCC)(C7=C5SC(/C=C8/C(C9=C(C8=O)C=C(F)C=C9)=C(C#N)\C#N)=C7)C(C=C%10)=CC=C%10CCCCCC)C%11=C2C%12=C(C(SC(/C=C(C%13=O)/C(C%14=C%13C=C(F)C=C%14)=C(C#N)\C#N)=C%15)=C%15N%12CCCCCCCC)S%11)C=C1,6f31f3770fd225e382586e20513744e11a328b7cc74c758d48628417c600a02b,aae7c036f50c84dd7d6739aad596ce6f0f64ca992761de8f4abce3a6fded56cd,f7aa181157ebfcc1f03031618ea39465e66ae63b4925359728626dcbb42f5b72,f8d826ff0c6cab552c1ec35930770530439e1d1ec959d171d15c4b059021ac48,866e01139c26eef2b6ebe41398a1d8d67a278177545411bec20a506a46ea7796,1156,1160,608,35
41,13.949999809265137,12.85712432861328,-1.0928754806518572,1.0928754806518572,1.194376816210028,7.834232943329539,in-house,46,O=C1C2=C(CC(CC)CCCC)SC(CC(CC)CCCC)=C2C(C3=C(C4=CC=C(C5=CC(C(C6=CC(F)=C(CC(CC)CCCC)S6)=C(SC=C7)C7=C8C9=CC(F)=C(CC(CC)CCCC)S9)=C8S5)S4)SC(C%10=CC=CS%10)=C31)=O,FC1=CC(C(/C2=C/C3=C(CCCCCCCC)C4=C(S3)C(C(C5=CC=C(CCCCCC)C=C5)(C6=CC=C(CCCCCC)C=C6)C(C7=C8C)=C9SC7=CC%10=C8SC%11=C%10[C@](C%12=CC=C(CCCCCC)C=C%12)(C%13=C%11SC%14=C%13SC(/C=C%15/C(C%16=C(C%15=O)C=C(F)C(F)=C%16)=C(C#N)\[N+]#[C-])=C%14CCCCCCCC)C)=C9S4)=C(C#N)/C#N)=C(C2=O)C=C1F,13.95,O=C1C2=C(CC(CC)CCCC)SC(CC(CC)CCCC)=C2C(C3=C(C4=CC=C(C5=CC(C(C6=CC(F)=C(CC(CC)CCCC)S6)=C(SC=C7)C7=C8C9=CC(F)=C(CC(CC)CCCC)S9)=C8S5)S4)SC(C%10=CC=CS%10)=C31)=O||FC1=CC(C(/C2=C/C3=C(CCCCCCCC)C4=C(S3)C(C(C5=CC=C(CCCCCC)C=C5)(C6=CC=C(CCCCCC)C=C6)C(C7=C8C)=C9SC7=CC%10=C8SC%11=C%10[C@](C%12=CC=C(CCCCCC)C=C%12)(C%13=C%11SC%14=C%13SC(/C=C%15/C(C%16=C(C%15=O)C=C(F)C(F)=C%16)=C(C#N)\[N+]#[C-])=C%14CCCCCCCC)C)=C9S4)=C(C#N)/C#N)=C(C2=O)C=C1F,65482d735aa1f382b817dd8d95b1689b39b0b3c26138949c2680844f1b1f5ea0,116596b3c0bf5392305dd7a9038cea9b7842a248ef0ff307a76793926dc41fde,b22cef58ec7cfac39705fe113999e5f0d7ccd8ddb0529e74aa7c5d95b01ae27e,ccadeab06fe0d22661c54cf46f26ab11bac8ab9ae86b5968982b866f28f40ae8,cbf0f12d5ec0c3cb2d107a991a82bf9dbbcd62a7c76f6730cd02747073721746,827,942,936,36
43,13.899999618530272,13.054615020751951,-0.8453845977783203,0.8453845977783203,0.7146751181608124,6.0819037480499425,in-house,48,O=C1C2=C(CC(CC)CCCC)SC(CC(CC)CCCC)=C2C(C3=C(C4=CC=C(C5=CC(C(C6=CC(F)=C(CC(CC)CCCC)S6)=C(SC=C7)C7=C8C9=CC(F)=C(CC(CC)CCCC)S9)=C8S5)S4)SC(C%10=CC=CS%10)=C31)=O,O=C(C(C=C(F)C(F)=C1)=C1C/2=C(C#N)\C#N)C2=C/C3=CC4=C(C5=C(S4)C(C6(C7=CC=C(CCCCCCCC)C=C7)C8=CC=C(CCCCCCCC)C=C8)=C(C9=CC%10=C(C%11=C(C%10(C%12=CC=C(C=C%12)CCCCCCCC)C%13=CC=C(C=C%13)CCCCCCCC)C(SC%14=C%15SC(/C=C%16C(C%17=CC(F)=C(C=C%17C\%16=C(C#N)\C#N)F)=O)=C%14)=C%15S%11)C=C96)S5)S3,13.9,O=C1C2=C(CC(CC)CCCC)SC(CC(CC)CCCC)=C2C(C3=C(C4=CC=C(C5=CC(C(C6=CC(F)=C(CC(CC)CCCC)S6)=C(SC=C7)C7=C8C9=CC(F)=C(CC(CC)CCCC)S9)=C8S5)S4)SC(C%10=CC=CS%10)=C31)=O||O=C(C(C=C(F)C(F)=C1)=C1C/2=C(C#N)\C#N)C2=C/C3=CC4=C(C5=C(S4)C(C6(C7=CC=C(CCCCCCCC)C=C7)C8=CC=C(CCCCCCCC)C=C8)=C(C9=CC%10=C(C%11=C(C%10(C%12=CC=C(C=C%12)CCCCCCCC)C%13=CC=C(C=C%13)CCCCCCCC)C(SC%14=C%15SC(/C=C%16C(C%17=CC(F)=C(C=C%17C\%16=C(C#N)\C#N)F)=O)=C%14)=C%15S%11)C=C96)S5)S3,65482d735aa1f382b817dd8d95b1689b39b0b3c26138949c2680844f1b1f5ea0,7aeedf63c12b736e34a0a615914b84cd46e154b936481a9e59697139a182b618,dcd6bec6e559f9fc7c6eaa246047ec416b5602494c64b681efb6ac8cd0b0dc37,809af065b9b31be8b05a13f1cdb84852f3b4c1378f3fd1e0657449717b9207bc,dc3744ff1429bf4e028ea25dbfc7e80b538a8444c0645728194ab115a7ec5775,1047,614,1019,38
47,13.739999771118164,12.40946102142334,-1.3305387496948242,1.3305387496948242,1.770333364439466,9.683688295917232,in-house,52,FC(C=C(C1=C2SC=CC2=C(C3=CC(F)=C(CC(CCCC)CC)S3)C4=C1C=C(C5=CC=C(C6=C(C(C(C7=C(CC(CCCC)CC)SC(CC(CC)CCCC)=C78)=O)=C(C9=CC=CC9)S6)C8=O)S5)S4)S%10)=C%10CC(CC)CCCC,O=C(C/1=C\C2=CC3=C(S2)C(C4(C5=CC=C(CCCCCC)C=C5)C6=CC=C(CCCCCC)C=C6)=C(S3)C7=CC8=C(C=C74)C9=C(C%10=C(S9)C=C(/C=C%11C(C%12=CC=C(Cl)C=C%12C\%11=C(C#N)/C#N)=O)S%10)C8(C%13=CC=C(CCCCCC)C=C%13)C%14=CC=C(CCCCCC)C=C%14)C%15=CC=C(Cl)C=C%15C1=C(C#N)/C#N,13.74,FC(C=C(C1=C2SC=CC2=C(C3=CC(F)=C(CC(CCCC)CC)S3)C4=C1C=C(C5=CC=C(C6=C(C(C(C7=C(CC(CCCC)CC)SC(CC(CC)CCCC)=C78)=O)=C(C9=CC=CC9)S6)C8=O)S5)S4)S%10)=C%10CC(CC)CCCC||O=C(C/1=C\C2=CC3=C(S2)C(C4(C5=CC=C(CCCCCC)C=C5)C6=CC=C(CCCCCC)C=C6)=C(S3)C7=CC8=C(C=C74)C9=C(C%10=C(S9)C=C(/C=C%11C(C%12=CC=C(Cl)C=C%12C\%11=C(C#N)/C#N)=O)S%10)C8(C%13=CC=C(CCCCCC)C=C%13)C%14=CC=C(CCCCCC)C=C%14)C%15=CC=C(Cl)C=C%15C1=C(C#N)/C#N,61eee9608e36bdb1d3a96a3ad1baa39916f3a546e29d11481966a5a2d3d30f3c,13ae1148b228a4ab05940b3f9c909bea4a2b70c2f7a8fba669a2215eb652c86d,8a6cf037e25bf02d6f97b91086c707aebb65fc6ed83a350e1a8f1351e18cfdeb,a9799e7d8694f5732414039f9b8cfa5de9d77738da611ab5ae99fc5539e4b78a,2a86e7091557c77a36921eaedbdba49b79c296bdecd893889974d6b12b40cbcd,630,777,182,42
56,13.5,12.934649467468262,-0.5653505325317383,0.5653505325317383,0.31962122463392006,4.187781722457321,in-house,63,O=C1C2=C(CC(CC)CCCC)SC(CC(CC)CCCC)=C2C(C3=C(C4=CC=C(C5=CC(C(C6=CC(F)=C(CC(CC)CCCC)S6)=C(SC=C7)C7=C8C9=CC(F)=C(CC(CC)CCCC)S9)=C8S5)S4)SC(C%10=CC=CS%10)=C31)=O,O=C(C1=C(C=C(Cl)C(Cl)=C1)C/2=C(C#N)\C#N)C2=C/C3=CC4=C(C5=C(C(C6=CC=C(CCCCCC)C=C6)4C7=CC=C(CCCCCC)C=C7)C8=C(S5)C(CCCCCCCC)=C9C(C(C%10=CC=C(CCCCCC)C=C%10)(C%11=C%12SC(/C=C%13C(C%14=C(C=C(Cl)C(Cl)=C%14)C\%13=C(C#N)\C#N)=O)=C%11)C%15=CC=C(CCCCCC)C=C%15)=C%12SC9=C8[O]CCCCCCCC)S3,13.5,O=C1C2=C(CC(CC)CCCC)SC(CC(CC)CCCC)=C2C(C3=C(C4=CC=C(C5=CC(C(C6=CC(F)=C(CC(CC)CCCC)S6)=C(SC=C7)C7=C8C9=CC(F)=C(CC(CC)CCCC)S9)=C8S5)S4)SC(C%10=CC=CS%10)=C31)=O||O=C(C1=C(C=C(Cl)C(Cl)=C1)C/2=C(C#N)\C#N)C2=C/C3=CC4=C(C5=C(C(C6=CC=C(CCCCCC)C=C6)4C7=CC=C(CCCCCC)C=C7)C8=C(S5)C(CCCCCCCC)=C9C(C(C%10=CC=C(CCCCCC)C=C%10)(C%11=C%12SC(/C=C%13C(C%14=C(C=C(Cl)C(Cl)=C%14)C\%13=C(C#N)\C#N)=O)=C%11)C%15=CC=C(CCCCCC)C=C%15)=C%12SC9=C8[O]CCCCCCCC)S3,65482d735aa1f382b817dd8d95b1689b39b0b3c26138949c2680844f1b1f5ea0,12bf4cb7502de2c8a516d1f4d01976012ad922106db871c8ac821d2deed5ba6b,2811d7eb636e5d07e8c2918c7148e9abeafc370dec87205f8296c63a51c194b5,2cd685cf774e4cf265cd600499bbf6bbe4ec21a0b2c58deb64b8157a0a36b7a0,9f4698931a707388b397e5a0fbbd73932120ebdf5a80f01822763eaa46589459,172,213,727,51
59,13.449999809265137,11.776320457458496,-1.6736793518066406,1.6736793518066406,2.8012025726638967,12.44371282930215,in-house,66,O=C(C1=C(SC(CCCCCCCC)=C12)CCCCCCCC)C3=C(SC(C4=CC=C(C)S4)=C3C2=O)C(S5)=CC=C5C6=CC7C(C8=CC(F)=C(CCCCCCCC)C8)C9C(C=C(S9)C)C(C%10=CC(F)=C(S%10)CCCCCCCC)=C7S6,O=C(C1=CC(Cl)=C(C=C1C/2=C(C#N)\C#N)Cl)C2=C/C3=CC4=C(C(C5(C6=CC=C(C=C6)CCCCCC)C(C=C7)=CC=C7CCCCCC)=C(C8=CC9=C(C%10=C(C9(C%11=CC=C(C=C%11)CCCCCC)C%12=CC=C(C=C%12)CCCCCC)C%13=C(C=C(S%13)/C=C%14C(C%15=CC(Cl)=C(C=C%15C\%14=C(C#N)\C#N)Cl)=O)S%10)C=C85)S4)S3,13.45,O=C(C1=C(SC(CCCCCCCC)=C12)CCCCCCCC)C3=C(SC(C4=CC=C(C)S4)=C3C2=O)C(S5)=CC=C5C6=CC7C(C8=CC(F)=C(CCCCCCCC)C8)C9C(C=C(S9)C)C(C%10=CC(F)=C(S%10)CCCCCCCC)=C7S6||O=C(C1=CC(Cl)=C(C=C1C/2=C(C#N)\C#N)Cl)C2=C/C3=CC4=C(C(C5(C6=CC=C(C=C6)CCCCCC)C(C=C7)=CC=C7CCCCCC)=C(C8=CC9=C(C%10=C(C9(C%11=CC=C(C=C%11)CCCCCC)C%12=CC=C(C=C%12)CCCCCC)C%13=C(C=C(S%13)/C=C%14C(C%15=CC(Cl)=C(C=C%15C\%14=C(C#N)\C#N)Cl)=O)S%10)C=C85)S4)S3,e792d3c9cd416343b01f391920341dced2a7a213c67cb046f49990cbb2fa765d,dcf842694d53827077961931c0e460a45a792bc12c0b37ed12451efc871162d4,0424e3982a9dc0117816ed4e988053890ea3b26a2e350619e826155fcf34d5ec,ace101d50ecdd4057f78e911cd542e0b681923d4481c3b28cf57ff559e29bfcc,e36c798751db450508bf0bc60b442289f0bc438bcda8829f751e1e4caa13b9cd,16,790,1058,54
62,13.399999618530272,10.66602897644043,-2.733970642089842,2.733970642089842,7.474595471809143,20.402766566568808,in-house,70,O=C(C1=C(CCC(CCCC)CC)SC(CCC(CC)CCCC)=C1C2=O)C(C2=C(C3)C(C4)=CC=C4C5=CC6=C(C(C7=CC=C(CCC(CCCC)CC)S7)=C8C=CSC8=C6C9=CC=C(CCC(CCCC)CC)S9)S5)=C3C%10=CC=CS%10,O=C(C(C=C(Cl)C(Cl)=C1)=C1C/2=C(C#N)/C#N)C2=C/C3=CC4=C(S3)C5=C(N4CC(CCCCCC)CCCC)C6=C(S5)C(C(C(C7=CC=C(C=C7)CCCCCC)6C8=CC=C(C=C8)CCCCCC)=C9)=CC%10=C9C%11=C(C(C%12=CC=C(CCCCCC)C=C%12)%10C%13=CC=C(CCCCCC)C=C%13)C(N%14CC(CCCCCC)CCCC)=C(S%11)C(S%15)=C%14C=C%15/C=C(C(C%16=C%17C=C(Cl)C(Cl)=C%16)=O)/C%17=C(C#N)/C#N,13.4,O=C(C1=C(CCC(CCCC)CC)SC(CCC(CC)CCCC)=C1C2=O)C(C2=C(C3)C(C4)=CC=C4C5=CC6=C(C(C7=CC=C(CCC(CCCC)CC)S7)=C8C=CSC8=C6C9=CC=C(CCC(CCCC)CC)S9)S5)=C3C%10=CC=CS%10||O=C(C(C=C(Cl)C(Cl)=C1)=C1C/2=C(C#N)/C#N)C2=C/C3=CC4=C(S3)C5=C(N4CC(CCCCCC)CCCC)C6=C(S5)C(C(C(C7=CC=C(C=C7)CCCCCC)6C8=CC=C(C=C8)CCCCCC)=C9)=CC%10=C9C%11=C(C(C%12=CC=C(CCCCCC)C=C%12)%10C%13=CC=C(CCCCCC)C=C%13)C(N%14CC(CCCCCC)CCCC)=C(S%11)C(S%15)=C%14C=C%15/C=C(C(C%16=C%17C=C(Cl)C(Cl)=C%16)=O)/C%17=C(C#N)/C#N,6f31f3770fd225e382586e20513744e11a328b7cc74c758d48628417c600a02b,f5cc737066a29aa88dd00fba806ea1091478fd001abf93e7b112896e7411244a,38d1c00246eabed77ef1ac04a505d82acf9471991971e8379638071b19e029ca,7e6ca6e961f227cbef5460f7803571b0f9e9ab0c726fdb3113a4155d7813903d,392a14006c99013bff4dda6f59868dd6f8f0508f610742a9ca42a4ba17b4b2c3,252,602,250,57
71,13.239999771118164,12.85712432861328,-0.3828754425048846,0.3828754425048846,0.14659360447331118,2.891808528124691,in-house,79,O=C1C2=C(CC(CC)CCCC)SC(CC(CC)CCCC)=C2C(C3=C(C4=CC=C(C5=CC(C(C6=CC(F)=C(CC(CC)CCCC)S6)=C(SC=C7)C7=C8C9=CC(F)=C(CC(CC)CCCC)S9)=C8S5)S4)SC(C%10=CC=CS%10)=C31)=O,FC1=CC(C(/C2=C/C3=C(CCCCCC)C4=C(S3)C(C(C5=CC=C(CCCCCC)C=C5)(C6=CC=C(CCCCCC)C=C6)C(C7=C8C)=C9SC7=CC%10=C8SC%11=C%10[C@](C%12=CC=C(CCCCCC)C=C%12)(C%13=C%11SC%14=C%13SC(/C=C%15/C(C%16=C(C%15=O)C=C(F)C(F)=C%16)=C(C#N)\[N+]#[C-])=C%14CCCCCC)C)=C9S4)=C(C#N)/C#N)=C(C2=O)C=C1F,13.24,O=C1C2=C(CC(CC)CCCC)SC(CC(CC)CCCC)=C2C(C3=C(C4=CC=C(C5=CC(C(C6=CC(F)=C(CC(CC)CCCC)S6)=C(SC=C7)C7=C8C9=CC(F)=C(CC(CC)CCCC)S9)=C8S5)S4)SC(C%10=CC=CS%10)=C31)=O||FC1=CC(C(/C2=C/C3=C(CCCCCC)C4=C(S3)C(C(C5=CC=C(CCCCCC)C=C5)(C6=CC=C(CCCCCC)C=C6)C(C7=C8C)=C9SC7=CC%10=C8SC%11=C%10[C@](C%12=CC=C(CCCCCC)C=C%12)(C%13=C%11SC%14=C%13SC(/C=C%15/C(C%16=C(C%15=O)C=C(F)C(F)=C%16)=C(C#N)\[N+]#[C-])=C%14CCCCCC)C)=C9S4)=C(C#N)/C#N)=C(C2=O)C=C1F,65482d735aa1f382b817dd8d95b1689b39b0b3c26138949c2680844f1b1f5ea0,116596b3c0bf5392305dd7a9038cea9b7842a248ef0ff307a76793926dc41fde,b22cef58ec7cfac39705fe113999e5f0d7ccd8ddb0529e74aa7c5d95b01ae27e,ccadeab06fe0d22661c54cf46f26ab11bac8ab9ae86b5968982b866f28f40ae8,cbf0f12d5ec0c3cb2d107a991a82bf9dbbcd62a7c76f6730cd02747073721746,827,942,936,36
72,13.220000267028809,9.453752517700195,-3.7662477493286133,3.7662477493286133,14.184622109322845,28.4890141698543,in-house,80,FC1=C(C2=CC=C(C3=CC4=C(C(C(C=C5F)=CC(F)=C5CC(CCCC)CC)=C6C=C(OC6=C4C(C=C7F)=CC(F)=C7CC(CC)CCCC)C)O3)S2)C8=NN(CC(CCCCCCCC)CCCCCC)N=C8C(C9=CC=C(C)S9)=C1F,O=C(C/1=C\C2=C(C3=C(S2)C(N4C5=CC=C(CCCCCC)C=C5)=C(C6=C4C7=C(C8=NSN=C68)C(SC9=C%10SC(/C=C%11C(C%12=CC(F)=C(C=C%12C\%11=C(C#N)/C#N)F)=O)=C9CCCCCCCCCCC)=C%10N7C%13=CC=C(CCCCCC)C=C%13)S3)CCCCCCCCCCC)C%14=CC(F)=C(F)C=C%14C1=C(C#N)/C#N,13.22,FC1=C(C2=CC=C(C3=CC4=C(C(C(C=C5F)=CC(F)=C5CC(CCCC)CC)=C6C=C(OC6=C4C(C=C7F)=CC(F)=C7CC(CC)CCCC)C)O3)S2)C8=NN(CC(CCCCCCCC)CCCCCC)N=C8C(C9=CC=C(C)S9)=C1F||O=C(C/1=C\C2=C(C3=C(S2)C(N4C5=CC=C(CCCCCC)C=C5)=C(C6=C4C7=C(C8=NSN=C68)C(SC9=C%10SC(/C=C%11C(C%12=CC(F)=C(C=C%12C\%11=C(C#N)/C#N)F)=O)=C9CCCCCCCCCCC)=C%10N7C%13=CC=C(CCCCCC)C=C%13)S3)CCCCCCCCCCC)C%14=CC(F)=C(F)C=C%14C1=C(C#N)/C#N,0eba39b92d3306533f37e1089333de7bf54469696f9634a85ef7c679c887edab,3bc5e962960694d5a8c90d751d3f10c939059169c6882aed8bdcfb92d36d6776,9ab63027ad8001727279933ec0d54192e59dcc97ec91cfd101885041ac846d14,151f1cd5e4b1ca5e94f334c5e773a72fe7018b3c65f786cc680559043ed889a9,2969717bdbfd392c6b33fe35ff9ba66f50ff1a03a093d95264e7f37a47283cde,704,105,177,66
73,13.199999809265137,11.310855865478516,-1.889143943786621,1.889143943786621,3.568864840345668,14.311696750636488,in-house,81,[H]C(C=C1C(C2=C3SC(C4=C(F)C=C(C5=C(C(C6=C(SC(CCCCCCCC)=C6C7=O)CCCCCCCC)=O)C7=C(C8=CC(F)=CS8)S5)S4)=C2)=C9SC(C)=CC9=C3C%10=CC([H])=C(S%10)CCCCCCCC)=C(S1)CCCCCCCC,O=C1C(/C(C2=CC=CC=C21)=C(C#N)/C#N)=C/C3=CC(SC(C4=CC(C5(CCCCCCCC)CCCCCCCC)=C(C6=C5C7=C(C=C(/C=C8C(C9=CC=CC=C9C/8=C(C#N)/C#N)=O)S7)S6)C=C4%10)=C%11C%10(CCCCCCCC)CCCCCCCC)=C%11S3,13.2,[H]C(C=C1C(C2=C3SC(C4=C(F)C=C(C5=C(C(C6=C(SC(CCCCCCCC)=C6C7=O)CCCCCCCC)=O)C7=C(C8=CC(F)=CS8)S5)S4)=C2)=C9SC(C)=CC9=C3C%10=CC([H])=C(S%10)CCCCCCCC)=C(S1)CCCCCCCC||O=C1C(/C(C2=CC=CC=C21)=C(C#N)/C#N)=C/C3=CC(SC(C4=CC(C5(CCCCCCCC)CCCCCCCC)=C(C6=C5C7=C(C=C(/C=C8C(C9=CC=CC=C9C/8=C(C#N)/C#N)=O)S7)S6)C=C4%10)=C%11C%10(CCCCCCCC)CCCCCCCC)=C%11S3,207c5374cab9cab480ca09069403e45fa26ce90f96e97882a56aeac2c45d119c,15e629060f4bd1f16881c65603cd331ef5c9cf39120d5d0edf91eb3b1b6fe797,e5e22aaee613e8cce74d2088a8b63e0659a99b168073ae9721f0f494fcaa46ab,6f6641aa476b24ce08b16fdc700fd1a88e0b16d138231d46c02bd5ace04e95bc,7bf19c957f9f0a8f0230965aa3c87f9ec0ff4608555f1b1d261be436e970915b,1087,542,562,67
74,13.199999809265137,12.732708930969238,-0.46729087829589844,0.46729087829589844,0.21836076493855217,3.540082462485378,in-house,82,CC(S1)=CC=C1C2=C3C(C(C4=C(SC(CC(CC)CCCC)=C4C3=O)CC(CCCC)CC)=O)=C(S2)C(S5)=CC=C5C6=CC7=C(C8=CC(Cl)=C(CCCCCBr)C8)C9=C(C=C(S9)C)C(C%10=CC(Cl)=C(CCCCCBr)C%10)=C7S6,O=C(C/1=C\C2=C(C3=C(S2)C(N4C5=CC=C(CCCCCC)C=C5)=C(C6=C4C7=C(C8=NSN=C68)C(SC9=C%10SC(/C=C%11C(C%12=CC(F)=C(C=C%12C\%11=C(C#N)/C#N)F)=O)=C9CCCCCCCCCCC)=C%10N7C%13=CC=C(CCCCCC)C=C%13)S3)CCCCCCCCCCC)C%14=CC(F)=C(F)C=C%14C1=C(C#N)/C#N,13.2,CC(S1)=CC=C1C2=C3C(C(C4=C(SC(CC(CC)CCCC)=C4C3=O)CC(CCCC)CC)=O)=C(S2)C(S5)=CC=C5C6=CC7=C(C8=CC(Cl)=C(CCCCCBr)C8)C9=C(C=C(S9)C)C(C%10=CC(Cl)=C(CCCCCBr)C%10)=C7S6||O=C(C/1=C\C2=C(C3=C(S2)C(N4C5=CC=C(CCCCCC)C=C5)=C(C6=C4C7=C(C8=NSN=C68)C(SC9=C%10SC(/C=C%11C(C%12=CC(F)=C(C=C%12C\%11=C(C#N)/C#N)F)=O)=C9CCCCCCCCCCC)=C%10N7C%13=CC=C(CCCCCC)C=C%13)S3)CCCCCCCCCCC)C%14=CC(F)=C(F)C=C%14C1=C(C#N)/C#N,42bfb5715ae351be46fadb245f5d3fc09b1862c6168b75686e973f5a35385044,3bc5e962960694d5a8c90d751d3f10c939059169c6882aed8bdcfb92d36d6776,503b3c87a1a5143e1ddaf70ff638331b03ccad257de21038feb8b7c84b450759,d9ffaac3966ff79d46fd8b5e52967379a2e773cc95c15980b3bf5b92501894fa,5dfff92921414be369efa60d53f88727ddea4cfb4aaad90bbf8386c59c776eb6,369,1008,423,68
77,13.199999809265137,12.85712432861328,-0.34287548065185725,0.34287548065185725,0.11756359523224214,2.5975415576232925,in-house,85,O=C1C2=C(CC(CC)CCCC)SC(CC(CC)CCCC)=C2C(C3=C(C4=CC=C(C5=CC(C(C6=CC(F)=C(CC(CC)CCCC)S6)=C(SC=C7)C7=C8C9=CC(F)=C(CC(CC)CCCC)S9)=C8S5)S4)SC(C%10=CC=CS%10)=C31)=O,FC1=CC(C(/C2=C/C3=C(CCCCCCCCCC)C4=C(S3)C(C(C5=CC=C(CCCCCC)C=C5)(C6=CC=C(CCCCCC)C=C6)C(C7=C8C)=C9SC7=CC%10=C8SC%11=C%10[C@](C%12=CC=C(CCCCCC)C=C%12)(C%13=C%11SC%14=C%13SC(/C=C%15/C(C%16=C(C%15=O)C=C(F)C(F)=C%16)=C(C#N)\[N+]#[C-])=C%14CCCCCCCCCC)C)=C9S4)=C(C#N)/C#N)=C(C2=O)C=C1F,13.2,O=C1C2=C(CC(CC)CCCC)SC(CC(CC)CCCC)=C2C(C3=C(C4=CC=C(C5=CC(C(C6=CC(F)=C(CC(CC)CCCC)S6)=C(SC=C7)C7=C8C9=CC(F)=C(CC(CC)CCCC)S9)=C8S5)S4)SC(C%10=CC=CS%10)=C31)=O||FC1=CC(C(/C2=C/C3=C(CCCCCCCCCC)C4=C(S3)C(C(C5=CC=C(CCCCCC)C=C5)(C6=CC=C(CCCCCC)C=C6)C(C7=C8C)=C9SC7=CC%10=C8SC%11=C%10[C@](C%12=CC=C(CCCCCC)C=C%12)(C%13=C%11SC%14=C%13SC(/C=C%15/C(C%16=C(C%15=O)C=C(F)C(F)=C%16)=C(C#N)\[N+]#[C-])=C%14CCCCCCCCCC)C)=C9S4)=C(C#N)/C#N)=C(C2=O)C=C1F,65482d735aa1f382b817dd8d95b1689b39b0b3c26138949c2680844f1b1f5ea0,116596b3c0bf5392305dd7a9038cea9b7842a248ef0ff307a76793926dc41fde,b22cef58ec7cfac39705fe113999e5f0d7ccd8ddb0529e74aa7c5d95b01ae27e,ccadeab06fe0d22661c54cf46f26ab11bac8ab9ae86b5968982b866f28f40ae8,cbf0f12d5ec0c3cb2d107a991a82bf9dbbcd62a7c76f6730cd02747073721746,827,942,936,36
79,13.18000030517578,11.106193542480469,-2.0738067626953107,2.0738067626953107,4.300674489000805,15.734497076460066,in-house,88,O=C(C1=C(CCC(CCCC)CC)SC(CCC(CC)CCCC)=C1C2=O)C(C2=C(C3)C(C4)=CC=C4C5=CC6=C(C(C7=CC=C(CCC(CCCC)CC)S7)=C8C=CSC8=C6C9=CC=C(CCC(CCCC)CC)S9)S5)=C3C%10=CC=CS%10,O=C1C2=C(C)SC=C2C(/C1=C/C(S3)=CC4=C3C(S5)=C(C4(C6=CC=C(CCCCCC)C=C6)C7=CC=C(CCCCCC)C=C7)C(C5=C8C9=CC=C(CC(CCCC)CC)S9)=C(C%10=CC=C(CC(CCCC)CC)S%10)C%11=C8C(C%12(C%13=CC=C(CCCCCC)C=C%13)C%14=CC=C(CCCCCC)C=C%14)=C(S%11)C%15=C%12C=C(/C=C%16C(C%17=C(C)SC=C%17C\%16=C(C#N)\C#N)=O)S%15)=C(C#N)\C#N,13.18,O=C(C1=C(CCC(CCCC)CC)SC(CCC(CC)CCCC)=C1C2=O)C(C2=C(C3)C(C4)=CC=C4C5=CC6=C(C(C7=CC=C(CCC(CCCC)CC)S7)=C8C=CSC8=C6C9=CC=C(CCC(CCCC)CC)S9)S5)=C3C%10=CC=CS%10||O=C1C2=C(C)SC=C2C(/C1=C/C(S3)=CC4=C3C(S5)=C(C4(C6=CC=C(CCCCCC)C=C6)C7=CC=C(CCCCCC)C=C7)C(C5=C8C9=CC=C(CC(CCCC)CC)S9)=C(C%10=CC=C(CC(CCCC)CC)S%10)C%11=C8C(C%12(C%13=CC=C(CCCCCC)C=C%13)C%14=CC=C(CCCCCC)C=C%14)=C(S%11)C%15=C%12C=C(/C=C%16C(C%17=C(C)SC=C%17C\%16=C(C#N)\C#N)=O)S%15)=C(C#N)\C#N,6f31f3770fd225e382586e20513744e11a328b7cc74c758d48628417c600a02b,0277c9b68eca8fccb206e3036b0829f4d42fd858d55dd7c70dbccacb07ba592a,dab8515cd28fde6a96c617c31a5899ad7ed0319a2d10815845d137598cc41480,6ebea4e21d3ddd14fe6e878ff6d9fc825d248cab25914b43a1726d147efd4e59,5d7523c961ac25f3f2a98774a4f8734f5c7532d8cc652e1e459b3b758d430bd7,1037,537,421,72
81,13.149999618530272,11.106193542480469,-2.043806076049803,2.043806076049803,4.177143276498093,15.542251979762655,in-house,91,O=C(C1=C(CCC(CCCC)CC)SC(CCC(CC)CCCC)=C1C2=O)C(C2=C(C3)C(C4)=CC=C4C5=CC6=C(C(C7=CC=C(CCC(CCCC)CC)S7)=C8C=CSC8=C6C9=CC=C(CCC(CCCC)CC)S9)S5)=C3C%10=CC=CS%10,O=C(C1=C(C)SC([H])=C1C/2=C(C#N)\C#N)C2=C/C3=CC(C(C4=CC=C(CCCCCC)C=C4)(C5=CC=C(CCCCCC)C=C5)C6=C7SC8=C6C(C9=CC=C(S9)CC(CCCC)CC)=C%10SC(C%11=C(C%12(C%13=CC=C(CCCCCC)C=C%13)C%14=CC=C(CCCCCC)C=C%14)C=C(/C=C%15C(C%16=C(SC([H])=C%16C\%15=C(C#N)\C#N)[CH3])=O)S%11)=C%12C%10=C8C%17=CC=C(CC(CC)CCCC)S%17)=C7S3,13.15,O=C(C1=C(CCC(CCCC)CC)SC(CCC(CC)CCCC)=C1C2=O)C(C2=C(C3)C(C4)=CC=C4C5=CC6=C(C(C7=CC=C(CCC(CCCC)CC)S7)=C8C=CSC8=C6C9=CC=C(CCC(CCCC)CC)S9)S5)=C3C%10=CC=CS%10||O=C(C1=C(C)SC([H])=C1C/2=C(C#N)\C#N)C2=C/C3=CC(C(C4=CC=C(CCCCCC)C=C4)(C5=CC=C(CCCCCC)C=C5)C6=C7SC8=C6C(C9=CC=C(S9)CC(CCCC)CC)=C%10SC(C%11=C(C%12(C%13=CC=C(CCCCCC)C=C%13)C%14=CC=C(CCCCCC)C=C%14)C=C(/C=C%15C(C%16=C(SC([H])=C%16C\%15=C(C#N)\C#N)[CH3])=O)S%11)=C%12C%10=C8C%17=CC=C(CC(CC)CCCC)S%17)=C7S3,6f31f3770fd225e382586e20513744e11a328b7cc74c758d48628417c600a02b,0277c9b68eca8fccb206e3036b0829f4d42fd858d55dd7c70dbccacb07ba592a,dab8515cd28fde6a96c617c31a5899ad7ed0319a2d10815845d137598cc41480,6ebea4e21d3ddd14fe6e878ff6d9fc825d248cab25914b43a1726d147efd4e59,5d7523c961ac25f3f2a98774a4f8734f5c7532d8cc652e1e459b3b758d430bd7,1037,537,421,72
97,12.869999885559082,12.623143196105955,-0.24685668945312678,0.24685668945312678,0.06093822512775747,1.9180784121848742,in-house,108,FC(C=C(C1=C2SC=CC2=C(C3=CC(F)=C(CC(CCCC)CC)S3)C4=C1C=C(C5=CC=C(C6=C(C(C(C7=C(CC(CCCC)CC)SC(CC(CC)CCCC)=C78)=O)=C(C9=CC=CC9)S6)C8=O)S5)S4)S%10)=C%10CC(CC)CCCC,O=C(C1=CC(Cl)=C(C=C1C/2=C(C#N)\C#N)Cl)C2=C/C3=CC4=C(C(C5(C6=CC=C(C=C6)CCCCCC)C(C=C7)=CC=C7CCCCCC)=C(C8=CC9=C(C%10=C(C9(C%11=CC=C(C=C%11)CCCCCC)C%12=CC=C(C=C%12)CCCCCC)C%13=C(C=C(S%13)/C=C%14C(C%15=CC(Cl)=C(C=C%15C\%14=C(C#N)\C#N)Cl)=O)S%10)C=C85)S4)S3,12.87,FC(C=C(C1=C2SC=CC2=C(C3=CC(F)=C(CC(CCCC)CC)S3)C4=C1C=C(C5=CC=C(C6=C(C(C(C7=C(CC(CCCC)CC)SC(CC(CC)CCCC)=C78)=O)=C(C9=CC=CC9)S6)C8=O)S5)S4)S%10)=C%10CC(CC)CCCC||O=C(C1=CC(Cl)=C(C=C1C/2=C(C#N)\C#N)Cl)C2=C/C3=CC4=C(C(C5(C6=CC=C(C=C6)CCCCCC)C(C=C7)=CC=C7CCCCCC)=C(C8=CC9=C(C%10=C(C9(C%11=CC=C(C=C%11)CCCCCC)C%12=CC=C(C=C%12)CCCCCC)C%13=C(C=C(S%13)/C=C%14C(C%15=CC(Cl)=C(C=C%15C\%14=C(C#N)\C#N)Cl)=O)S%10)C=C85)S4)S3,61eee9608e36bdb1d3a96a3ad1baa39916f3a546e29d11481966a5a2d3d30f3c,dcf842694d53827077961931c0e460a45a792bc12c0b37ed12451efc871162d4,aa9e22ca7a204561fb6c9ef5f173a0823b6e5a6742d985f733f5461808d81b74,157f8269a245b3e25ba2c18b826eb36944c214d8b5ef60328ea54ef7d8a906be,af9af251c42ee997c316e71dad54895735ba3110671f148d44e366cd5bdcf310,791,107,802,89
102,12.800000190734863,8.609426498413086,-4.190573692321777,4.190573692321777,17.560907870779374,32.7388564834169,in-house,113,FC1=C(C(OCC(CCCC)CC)=O)SC2=CSC(C3=CC4=C(C5=C(C(C6=CC=C(CC(CC)CCCC)S6)=C4S3)C=CS5)C7=CC=C(CC(CC)CCCC)S7)=C12,FC1=CC2=C(C(/C(C2=O)=C/C3=CC(OCC(CC)CCCC)=C(S3)C4=CC5=C(S4)C6=CC(C7(C8=CC=C(CCCCCC)C=C8)C9=CC=C(CCCCCC)C=C9)=C(C%10=C7C=C(S%10)C%11=C(OCC(CC)CCCC)C=C(S%11)/C=C(/C(C%12=C%13C=C(F)C(F)=C%12)=C(C#N)\C#N)C%13=O)C=C6C5(C%14=CC=C(CCCCCC)C=C%14)C%15=CC=C(CCCCCC)C=C%15)=C(C#N)/C#N)C=C1F,12.8,FC1=C(C(OCC(CCCC)CC)=O)SC2=CSC(C3=CC4=C(C5=C(C(C6=CC=C(CC(CC)CCCC)S6)=C4S3)C=CS5)C7=CC=C(CC(CC)CCCC)S7)=C12||FC1=CC2=C(C(/C(C2=O)=C/C3=CC(OCC(CC)CCCC)=C(S3)C4=CC5=C(S4)C6=CC(C7(C8=CC=C(CCCCCC)C=C8)C9=CC=C(CCCCCC)C=C9)=C(C%10=C7C=C(S%10)C%11=C(OCC(CC)CCCC)C=C(S%11)/C=C(/C(C%12=C%13C=C(F)C(F)=C%12)=C(C#N)\C#N)C%13=O)C=C6C5(C%14=CC=C(CCCCCC)C=C%14)C%15=CC=C(CCCCCC)C=C%15)=C(C#N)/C#N)C=C1F,2249a87c8fc0450476e55f070a85b71ffa6beb368356c28f1302bad8bac422cb,0a6189846e89cf828a3f20d50d9d712b7538b2d40776aced38f06bfa2a63caa3,ef2a3f1a57f973a4decc367338259a9f1c7a8e9b3698a6d541b94658513eb148,4b210cb77cd34f5fab88cccba999c877ae7d5c71a1d7c666ac12384dbcff512f,e0f78589b4d54979baeeca807f6bdd933cf7e233ad32b8a64ed9dfd7905fbe2c,1126,358,1044,94
104,12.789999961853027,10.272869110107422,-2.5171308517456055,2.5171308517456055,6.335947724809557,19.680460197444138,in-house,115,O=C(C1=C(CCC(CCCC)CC)SC(CCC(CC)CCCC)=C1C2=O)C(C2=C(C3)C(C4)=CC=C4C5=CC6=C(C(C7=CC=C(CCC(CCCC)CC)S7)=C8C=CSC8=C6C9=CC=C(CCC(CCCC)CC)S9)S5)=C3C%10=CC=CS%10,O=C(C1=C(C/2=C(C#N)/C#N)C=C(F)C(F)=C1)C2=C/C3=CC=C(C4=C(OCCCCCC)C(C(C5=C6C=C7C(C(SC(C8=CC=C(/C=C9C(C(C=C(F)C(F)=C%10)=C%10C\9=C(C#N)\C#N)=O)S8)=C%11OCCCCCC)=C%11C7(C%12=CC=C(CCCCCC)C=C%12)C%13=CC=C(CCCCCC)C=C%13)=C5)(C%14=CC=C(CCCCCC)C=C%14)C%15=CC=C(CCCCCC)C=C%15)=C6S4)S3,12.79,O=C(C1=C(CCC(CCCC)CC)SC(CCC(CC)CCCC)=C1C2=O)C(C2=C(C3)C(C4)=CC=C4C5=CC6=C(C(C7=CC=C(CCC(CCCC)CC)S7)=C8C=CSC8=C6C9=CC=C(CCC(CCCC)CC)S9)S5)=C3C%10=CC=CS%10||O=C(C1=C(C/2=C(C#N)/C#N)C=C(F)C(F)=C1)C2=C/C3=CC=C(C4=C(OCCCCCC)C(C(C5=C6C=C7C(C(SC(C8=CC=C(/C=C9C(C(C=C(F)C(F)=C%10)=C%10C\9=C(C#N)\C#N)=O)S8)=C%11OCCCCCC)=C%11C7(C%12=CC=C(CCCCCC)C=C%12)C%13=CC=C(CCCCCC)C=C%13)=C5)(C%14=CC=C(CCCCCC)C=C%14)C%15=CC=C(CCCCCC)C=C%15)=C6S4)S3,6f31f3770fd225e382586e20513744e11a328b7cc74c758d48628417c600a02b,7fd7152960d461aad0cae81dada91b334edc13b9e13eddb9762ee0fed754b055,5ab55cb46b8f0ff467a7b39d3d468ce04f501ac8b46417a9cf6f45a75fb6ec8c,dde96b481487fb8ccb9f3ddcf54d87fd36fcba3367bce75a4d63aa07d011987c,79e42a8eb5e9574f8c288cd151d700a23a39711b44d680b97b0ebbd6adfc9762,410,1020,549,96
105,12.75,12.689735412597656,-0.06026458740234375,0.06026458740234375,0.003631820494774729,0.47266343060661764,in-house,116,CC(S1)=CC=C1C2=C3C(C(C4=C(SC(CC(CC)CCCC)=C4C3=O)CC(CCCC)CC)=O)=C(S2)C(S5)=CC=C5C6=CC7=C(C8=CC(Cl)=C(CCCCCOC)C8)C9=C(C=C(S9)C)C(C%10=CC(Cl)=C(CCCCCOC)C%10)=C7S6,O=C(C/1=C\C2=C(C3=C(S2)C(N4C5=CC=C(CCCCCC)C=C5)=C(C6=C4C7=C(C8=NSN=C68)C(SC9=C%10SC(/C=C%11C(C%12=CC(F)=C(C=C%12C\%11=C(C#N)/C#N)F)=O)=C9CCCCCCCCCCC)=C%10N7C%13=CC=C(CCCCCC)C=C%13)S3)CCCCCCCCCCC)C%14=CC(F)=C(F)C=C%14C1=C(C#N)/C#N,12.75,CC(S1)=CC=C1C2=C3C(C(C4=C(SC(CC(CC)CCCC)=C4C3=O)CC(CCCC)CC)=O)=C(S2)C(S5)=CC=C5C6=CC7=C(C8=CC(Cl)=C(CCCCCOC)C8)C9=C(C=C(S9)C)C(C%10=CC(Cl)=C(CCCCCOC)C%10)=C7S6||O=C(C/1=C\C2=C(C3=C(S2)C(N4C5=CC=C(CCCCCC)C=C5)=C(C6=C4C7=C(C8=NSN=C68)C(SC9=C%10SC(/C=C%11C(C%12=CC(F)=C(C=C%12C\%11=C(C#N)/C#N)F)=O)=C9CCCCCCCCCCC)=C%10N7C%13=CC=C(CCCCCC)C=C%13)S3)CCCCCCCCCCC)C%14=CC(F)=C(F)C=C%14C1=C(C#N)/C#N,9a89199ea3ac1e740e66d410b07c5f3d22d5c5b4dbd5b0e90fabe971a52615b4,3bc5e962960694d5a8c90d751d3f10c939059169c6882aed8bdcfb92d36d6776,29106d22ce7c602efef1d9a26852e1cf3956dc9dcafc92ead0e1aa4b8da31500,22ac8ff49f28f9ee27c634c9e7568072a6982f50d9acc157c7d273707828c593,d34084bb0a84d0b018b569c220b05ed0a3c3cf80c408278e61c79583b6713117,179,168,961,97
107,12.710000038146973,8.70391845703125,-4.006081581115723,4.006081581115723,16.04868963455465,31.51913114942666,in-house,118,O=C(C1=C(CC(CCCC)CC)SC(CC(CCCC)CC)=C12)C3=C(C4=CC=CS4)SC(C(S5)=CC=C5C6=CC7=C(C8=CC=C(CC(CCCC)CCCCCC)C=C8)C(SC=C9)=C9C(C%10=CC=C(CC(CCCCCC)CCCC)C=C%10)=C7S6)=C3C2=O,O=C1C(/C(C2=C1C=CC(F)=C2)=C(C#N)\C#N)=C\C3=CC=C(S3)C4=CC5=C(C(C=C6C(C7=CC=C(CCCCCC)C=C7)(C8=CC=C(CCCCCC)C=C8)C9=C(SC%10=C9SC(/C=C%11C(C%12=C(C=C(F)C=C%12)C\%11=C(C#N)/C#N)=O)=C%10)C6=C%13)=C%13C5(C%14=CC=C(C=C%14)CCCCCC)C%15=CC=C(CCCCCC)C=C%15)S4,12.71,O=C(C1=C(CC(CCCC)CC)SC(CC(CCCC)CC)=C12)C3=C(C4=CC=CS4)SC(C(S5)=CC=C5C6=CC7=C(C8=CC=C(CC(CCCC)CCCCCC)C=C8)C(SC=C9)=C9C(C%10=CC=C(CC(CCCCCC)CCCC)C=C%10)=C7S6)=C3C2=O||O=C1C(/C(C2=C1C=CC(F)=C2)=C(C#N)\C#N)=C\C3=CC=C(S3)C4=CC5=C(C(C=C6C(C7=CC=C(CCCCCC)C=C7)(C8=CC=C(CCCCCC)C=C8)C9=C(SC%10=C9SC(/C=C%11C(C%12=C(C=C(F)C=C%12)C\%11=C(C#N)/C#N)=O)=C%10)C6=C%13)=C%13C5(C%14=CC=C(C=C%14)CCCCCC)C%15=CC=C(CCCCCC)C=C%15)S4,826e531b71e4c0ef06b575364b50a339b3da70c19584a5cd5231c22bd6d85201,faac020d378eab76dec21c8d4b3954cb56230c3c8f5db33f405e1e903548dad1,9dccc0cbc324ce2d633461ad5806f09b2807c3da4572f80a8e20898059a47ee2,d3e0cf1cdc64642e86d357d7d80bffd044cc604eb838d9649287b1d3e21531ac,d4231dacc77eddbd3f8e4fd0082b93fb007d71f109d2abc299f3ef3c88a46575,721,977,965,99
112,12.619999885559082,10.272869110107422,-2.34713077545166,2.34713077545166,5.5090228770723115,18.598500766528964,in-house,123,O=C(C1=C(CCC(CCCC)CC)SC(CCC(CC)CCCC)=C1C2=O)C(C2=C(C3)C(C4)=CC=C4C5=CC6=C(C(C7=CC=C(CCC(CCCC)CC)S7)=C8C=CSC8=C6C9=CC=C(CCC(CCCC)CC)S9)S5)=C3C%10=CC=CS%10,O=C(C(C=C(C(F)=C1)F)=C1C/2=C(C#N)\C#N)C2=C/C(S3)=CC=C3C(SC4=C5C(C6=CC=C(CCCCCC)C=C6)(C7=CC=C(CCCCCC)C=C7)C(C4=C8)=CC9=C8C(C%10=CC=C(CCCCCC)C=C%10)(C%11=CC=C(CCCCCC)C=C%11)C%12=C9SC(C%13=CC=C(S%13)/C=C%14C(C(C=C(C(F)=C%15)F)=C%15C\%14=C(C#N)\C#N)=O)=C%12OCCCCCCCC)=C5OCCCCCCCC,12.62,O=C(C1=C(CCC(CCCC)CC)SC(CCC(CC)CCCC)=C1C2=O)C(C2=C(C3)C(C4)=CC=C4C5=CC6=C(C(C7=CC=C(CCC(CCCC)CC)S7)=C8C=CSC8=C6C9=CC=C(CCC(CCCC)CC)S9)S5)=C3C%10=CC=CS%10||O=C(C(C=C(C(F)=C1)F)=C1C/2=C(C#N)\C#N)C2=C/C(S3)=CC=C3C(SC4=C5C(C6=CC=C(CCCCCC)C=C6)(C7=CC=C(CCCCCC)C=C7)C(C4=C8)=CC9=C8C(C%10=CC=C(CCCCCC)C=C%10)(C%11=CC=C(CCCCCC)C=C%11)C%12=C9SC(C%13=CC=C(S%13)/C=C%14C(C(C=C(C(F)=C%15)F)=C%15C\%14=C(C#N)\C#N)=O)=C%12OCCCCCCCC)=C5OCCCCCCCC,6f31f3770fd225e382586e20513744e11a328b7cc74c758d48628417c600a02b,7fd7152960d461aad0cae81dada91b334edc13b9e13eddb9762ee0fed754b055,5ab55cb46b8f0ff467a7b39d3d468ce04f501ac8b46417a9cf6f45a75fb6ec8c,dde96b481487fb8ccb9f3ddcf54d87fd36fcba3367bce75a4d63aa07d011987c,79e42a8eb5e9574f8c288cd151d700a23a39711b44d680b97b0ebbd6adfc9762,410,1020,549,96
117,12.529999732971191,12.85712432861328,0.32712459564208807,0.32712459564208807,0.10701050107399962,2.6107310663487002,in-house,128,O=C1C2=C(CC(CC)CCCC)SC(CC(CC)CCCC)=C2C(C3=C(C4=CC=C(C5=CC(C(C6=CC(F)=C(CC(CC)CCCC)S6)=C(SC=C7)C7=C8C9=CC(F)=C(CC(CC)CCCC)S9)=C8S5)S4)SC(C%10=CC=CS%10)=C31)=O,FC1=CC(C(/C2=C/C3=C(CCCCCCCCCCCC)C4=C(S3)C(C(C5=CC=C(CCCCCC)C=C5)(C6=CC=C(CCCCCC)C=C6)C(C7=C8C)=C9SC7=CC%10=C8SC%11=C%10[C@](C%12=CC=C(CCCCCC)C=C%12)(C%13=C%11SC%14=C%13SC(/C=C%15/C(C%16=C(C%15=O)C=C(F)C(F)=C%16)=C(C#N)\[N+]#[C-])=C%14CCCCCCCCCCCC)C)=C9S4)=C(C#N)/C#N)=C(C2=O)C=C1F,12.53,O=C1C2=C(CC(CC)CCCC)SC(CC(CC)CCCC)=C2C(C3=C(C4=CC=C(C5=CC(C(C6=CC(F)=C(CC(CC)CCCC)S6)=C(SC=C7)C7=C8C9=CC(F)=C(CC(CC)CCCC)S9)=C8S5)S4)SC(C%10=CC=CS%10)=C31)=O||FC1=CC(C(/C2=C/C3=C(CCCCCCCCCCCC)C4=C(S3)C(C(C5=CC=C(CCCCCC)C=C5)(C6=CC=C(CCCCCC)C=C6)C(C7=C8C)=C9SC7=CC%10=C8SC%11=C%10[C@](C%12=CC=C(CCCCCC)C=C%12)(C%13=C%11SC%14=C%13SC(/C=C%15/C(C%16=C(C%15=O)C=C(F)C(F)=C%16)=C(C#N)\[N+]#[C-])=C%14CCCCCCCCCCCC)C)=C9S4)=C(C#N)/C#N)=C(C2=O)C=C1F,65482d735aa1f382b817dd8d95b1689b39b0b3c26138949c2680844f1b1f5ea0,116596b3c0bf5392305dd7a9038cea9b7842a248ef0ff307a76793926dc41fde,b22cef58ec7cfac39705fe113999e5f0d7ccd8ddb0529e74aa7c5d95b01ae27e,ccadeab06fe0d22661c54cf46f26ab11bac8ab9ae86b5968982b866f28f40ae8,cbf0f12d5ec0c3cb2d107a991a82bf9dbbcd62a7c76f6730cd02747073721746,827,942,936,36
118,12.529999732971191,12.483732223510742,-0.04626750946044922,0.04626750946044922,0.002140682431672758,0.36925387427345124,in-house,129,FC1=C(F)C=C(N=C(OCC(CCCCCC)CCCCCCCC)C=N2)C2=C1C3=CC=CS3,O=C(C1=C2C=C(F)C(F)=C1)C(/C2=C(C#N)\C#N)=C\C3=CC(SC4=C5C(C6=CC=CC(CCCCCC)=C6)(C7=CC(CCCCCC)=CC=C7)C8=C4C=C9C(C%10=CC=CC(CCCCCC)=C%10)(C%11=CC=CC(CCCCCC)=C%11)C%12=C(SC%13=C%12SC(/C=C(/C%14=C(C#N)\C#N)C(C%15=C%14C=C(F)C(F)=C%15)=O)=C%13)C9=C8)=C5S3,12.53,FC1=C(F)C=C(N=C(OCC(CCCCCC)CCCCCCCC)C=N2)C2=C1C3=CC=CS3||O=C(C1=C2C=C(F)C(F)=C1)C(/C2=C(C#N)\C#N)=C\C3=CC(SC4=C5C(C6=CC=CC(CCCCCC)=C6)(C7=CC(CCCCCC)=CC=C7)C8=C4C=C9C(C%10=CC=CC(CCCCCC)=C%10)(C%11=CC=CC(CCCCCC)=C%11)C%12=C(SC%13=C%12SC(/C=C(/C%14=C(C#N)\C#N)C(C%15=C%14C=C(F)C(F)=C%15)=O)=C%13)C9=C8)=C5S3,6d0ebf843ec88894476605165efae2bf8fd910afe87a5868bc4b56e85a61a93d,a40eb4a7ac36c39fcab1222b3f3382a58e3de952475368cbbe02d739721dde9c,1628c79ac017215f7c207440309635c92844a424d45536221801d2a641717ed4,96e7b37014183a2bfd5a50ae94b5603831495cd7d17130949b8b5135d9f8a922,9cf59d63b555e4b286a6b7677f359810e8e397bca3f218a556375b142bdd3da5,102,704,714,108
125,12.460000038146973,12.154939651489258,-0.30506038665771484,0.30506038665771484,0.09306183950775448,2.4483177024378473,in-house,136,CC(S1)=CC=C1C2=C3C(C(C4=C(SC(CC(CC)CCCC)=C4C3=O)CC(CCCC)CC)=O)=C(S2)C(S5)=CC=C5C6=CC7=C(C8=CC(Cl)=C(CCCCCC9=CC=C(CCCCCC)S9)C8)C%10=C(C=C(S%10)C)C(C%11=CC(Cl)=C(CCCCCC%12=CC=C(CCCCCC)S%12)C%11)=C7S6,O=C(C/1=C\C2=C(C3=C(S2)C(N4C5=CC=C(CCCCCC)C=C5)=C(C6=C4C7=C(C8=NSN=C68)C(SC9=C%10SC(/C=C%11C(C%12=CC(F)=C(C=C%12C\%11=C(C#N)/C#N)F)=O)=C9CCCCCCCCCCC)=C%10N7C%13=CC=C(CCCCCC)C=C%13)S3)CCCCCCCCCCC)C%14=CC(F)=C(F)C=C%14C1=C(C#N)/C#N,12.46,CC(S1)=CC=C1C2=C3C(C(C4=C(SC(CC(CC)CCCC)=C4C3=O)CC(CCCC)CC)=O)=C(S2)C(S5)=CC=C5C6=CC7=C(C8=CC(Cl)=C(CCCCCC9=CC=C(CCCCCC)S9)C8)C%10=C(C=C(S%10)C)C(C%11=CC(Cl)=C(CCCCCC%12=CC=C(CCCCCC)S%12)C%11)=C7S6||O=C(C/1=C\C2=C(C3=C(S2)C(N4C5=CC=C(CCCCCC)C=C5)=C(C6=C4C7=C(C8=NSN=C68)C(SC9=C%10SC(/C=C%11C(C%12=CC(F)=C(C=C%12C\%11=C(C#N)/C#N)F)=O)=C9CCCCCCCCCCC)=C%10N7C%13=CC=C(CCCCCC)C=C%13)S3)CCCCCCCCCCC)C%14=CC(F)=C(F)C=C%14C1=C(C#N)/C#N,d47d7da4f0d058cb918a767d5d9d3792664c601386ff36b57ceae709acbf75f2,3bc5e962960694d5a8c90d751d3f10c939059169c6882aed8bdcfb92d36d6776,bcbb7c992605339d1555871c39daa8c74f115844fbf2fe4738ff87f817cbaf7e,4de0b11b53ad5e9090e7d1cb77394e8499fe969542c472056fdaf8b447de098e,4fc3cc72ef0cdafcf540b84d85ea0036fa66a3f245a706c7aa8fcb801a396cfc,899,368,351,115
138,12.25,11.047924995422363,-1.2020750045776367,1.2020750045776367,1.4449843166303253,9.812857180225606,in-house,150,FC(C=C(C1=C2SC=CC2=C(C3=CC(F)=C(CC(CCCC)CC)S3)C4=C1C=C(C5=CC=C(C6=C(C(C(C7=C(CC(CCCC)CC)SC(CC(CC)CCCC)=C78)=O)=C(C9=CC=CC9)S6)C8=O)S5)S4)S%10)=C%10CC(CC)CCCC,O=C1C(/C(C2=CC=C(Cl)C=C21)=C(C#N)/C#N)=C\C3=CC4=C(C5=C(S4)C(C(C(C6=CC=C(C=C6)CCCCCC)5C7=CC=C(CCCCCC)C=C7)=C8)=CC9=C8C%10=C(C(C%11=CC=C(CCCCCC)C=C%11)9C%12=CC=C(CCCCCC)C=C%12)C(S%13)=C(S%10)C=C%13/C=C%14/C(C%15=CSC=C%15C%14=O)=C(C#N)/C#N)S3,12.25,FC(C=C(C1=C2SC=CC2=C(C3=CC(F)=C(CC(CCCC)CC)S3)C4=C1C=C(C5=CC=C(C6=C(C(C(C7=C(CC(CCCC)CC)SC(CC(CC)CCCC)=C78)=O)=C(C9=CC=CC9)S6)C8=O)S5)S4)S%10)=C%10CC(CC)CCCC||O=C1C(/C(C2=CC=C(Cl)C=C21)=C(C#N)/C#N)=C\C3=CC4=C(C5=C(S4)C(C(C(C6=CC=C(C=C6)CCCCCC)5C7=CC=C(CCCCCC)C=C7)=C8)=CC9=C8C%10=C(C(C%11=CC=C(CCCCCC)C=C%11)9C%12=CC=C(CCCCCC)C=C%12)C(S%13)=C(S%10)C=C%13/C=C%14/C(C%15=CSC=C%15C%14=O)=C(C#N)/C#N)S3,61eee9608e36bdb1d3a96a3ad1baa39916f3a546e29d11481966a5a2d3d30f3c,746cb16499e6dcd5103611efd6953f1f791ce8811389cb264ff8747f1b9e48a2,4f2bb67c52ab0e620c1a26915f45d2915e87a67827103134062c470585833292,c2a164db5441b8986aaf65a9b7ab264ae6153ff6216b08a37bc4dc42d8ecb60f,0778c86e71133ab31cfc022ff279c267f872537e6c55e1d011e68eff848b908a,366,894,38,128
139,12.239999771118164,9.012931823730469,-3.2270679473876953,3.2270679473876953,10.413967537057033,26.364934703694786,in-house,151,ClC1=C(C2=CC(C(C3=CC=C(C=C3)CC(CCCCCC)CCCC)=C4SC(C)=CC4=C5C6=CC=C(C=C6)CC(CCCC)CCCCCC)=C5S2)SC(C7=C8C(C(C9=C(SC(CC(CCCC)CC)=C9C8=O)CC(CCCC)CC)=O)=C(S7)C%10=CC(Cl)=C(C)S%10)=C1,O=C(C1=CSC=C1C/2=C(C#N)\C#N)C2=C/C3=CC(SC(C(C=C4C5(C6=CC=C(C=C6)CCCCCCCC)C7=CC=C(CCCCCCCC)C=C7)=C8C=C4C9=C5C%10=C(C=C(S%10)/C=C%11C(C%12=CSC=C%12C\%11=C(C#N)\C#N)=O)S9)=C%13C8(C%14=CC=C(C=C%14)CCCCCCCC)C%15=CC=C(CCCCCCCC)C=C%15)=C%13S3,12.24,ClC1=C(C2=CC(C(C3=CC=C(C=C3)CC(CCCCCC)CCCC)=C4SC(C)=CC4=C5C6=CC=C(C=C6)CC(CCCC)CCCCCC)=C5S2)SC(C7=C8C(C(C9=C(SC(CC(CCCC)CC)=C9C8=O)CC(CCCC)CC)=O)=C(S7)C%10=CC(Cl)=C(C)S%10)=C1||O=C(C1=CSC=C1C/2=C(C#N)\C#N)C2=C/C3=CC(SC(C(C=C4C5(C6=CC=C(C=C6)CCCCCCCC)C7=CC=C(CCCCCCCC)C=C7)=C8C=C4C9=C5C%10=C(C=C(S%10)/C=C%11C(C%12=CSC=C%12C\%11=C(C#N)\C#N)=O)S9)=C%13C8(C%14=CC=C(C=C%14)CCCCCCCC)C%15=CC=C(CCCCCCCC)C=C%15)=C%13S3,69943fc8755ccfbf537d0934713510e88d5ffcde083a6c1f9f7607b7f94d1700,a3406b5e4edefe3e2c4839b86eca3cc419dcab58dd63484cd2852f990ceb7789,cbd78848a01b1f6a48abb18d6a06d9c50af6c73c8e53c5faf446df964b6263b1,173c3b0887687bdbbe9f62d2725baf1aa164719b2017316bd3c4dc94e0a4d711,16adb3ae21a6f84c5716b1ef290d75a4d4b5f1389c63c1831e51bdd22a456a4f,971,116,99,129
145,12.18000030517578,8.761838912963867,-3.4181613922119123,3.4181613922119123,11.683827303208078,28.06372172880321,in-house,159,O=C(C1=C(CCC(CCCC)CC)SC(CCC(CC)CCCC)=C1C2=O)C(C2=C(C3)C(C4)=CC=C4C5=CC6=C(C(C7=CC=C(CCC(CCCC)CC)S7)=C8C=CSC8=C6C9=CC=C(CCC(CCCC)CC)S9)S5)=C3C%10=CC=CS%10,c12cc3c(cc1C(c1c2sc2c1sc(c2)/C=C\1/C(=C(C#N)C#N)c2c(C1=O)cccc2)(c1ccc(cc1)CCCCCC)c1ccc(cc1)CCCCCC)c1c(C3(c2ccc(cc2)CCCCCC)c2ccc(cc2)CCCCCC)c2c(s1)cc(s2)/C=C\1/C(=C(C#N)C#N)c2c(C1=O)cccc2,12.18,O=C(C1=C(CCC(CCCC)CC)SC(CCC(CC)CCCC)=C1C2=O)C(C2=C(C3)C(C4)=CC=C4C5=CC6=C(C(C7=CC=C(CCC(CCCC)CC)S7)=C8C=CSC8=C6C9=CC=C(CCC(CCCC)CC)S9)S5)=C3C%10=CC=CS%10||c12cc3c(cc1C(c1c2sc2c1sc(c2)/C=C\1/C(=C(C#N)C#N)c2c(C1=O)cccc2)(c1ccc(cc1)CCCCCC)c1ccc(cc1)CCCCCC)c1c(C3(c2ccc(cc2)CCCCCC)c2ccc(cc2)CCCCCC)c2c(s1)cc(s2)/C=C\1/C(=C(C#N)C#N)c2c(C1=O)cccc2,6f31f3770fd225e382586e20513744e11a328b7cc74c758d48628417c600a02b,202f8607af2cecb83e86b2e4305f8c7e2852bc709bb805b9055691d46a9081c5,6e59144dfa18bf9091c64669c7869c773ce28dd7a7e136091ecbbd3e45e5a0fe,23a4b1cc1f961ec4c5cd20bcaf48419d99f024c659bd5d67f2e9e55073273857,e8122ae1b698558b61b378eff95f7e8c5b8a522eb971600d57385b49810ab002,499,176,1079,135
154,12.100000381469728,6.501927375793457,-5.598073005676271,5.598073005676271,31.338421376881364,46.26506470404178,in-house,170,FC(C(F)=C(C1=N2)C3=CC=C(S3)C4=CC5=C(C6=C(C(C7=CC(Cl)=C(S7)CC(CCCC)CC)=C5S4)C=C(C)S6)C8=CC(Cl)=C(S8)CC(CCCC)CC)=C(C9=CC=C(C)S9)C1=NN2CCC(CCCCCCCCCC)CCCCCCCC,c1(cc2c(cc1F)C(=O)/C(=C\c1cc3c(s1)c1c(s3)c3c(C1(c1ccc(cc1)CCCCCC)c1ccc(cc1)CCCCCC)cc1c(c3)C(c3c1sc1c3sc(c1)/C=C/1\C(=O)c3c(C1=C(C#N)C#N)cc(c(c3)F)F)(c1ccc(cc1)CCCCCC)c1ccc(cc1)CCCCCC)/C2=C(C#N)C#N)F,12.1,FC(C(F)=C(C1=N2)C3=CC=C(S3)C4=CC5=C(C6=C(C(C7=CC(Cl)=C(S7)CC(CCCC)CC)=C5S4)C=C(C)S6)C8=CC(Cl)=C(S8)CC(CCCC)CC)=C(C9=CC=C(C)S9)C1=NN2CCC(CCCCCCCCCC)CCCCCCCC||c1(cc2c(cc1F)C(=O)/C(=C\c1cc3c(s1)c1c(s3)c3c(C1(c1ccc(cc1)CCCCCC)c1ccc(cc1)CCCCCC)cc1c(c3)C(c3c1sc1c3sc(c1)/C=C/1\C(=O)c3c(C1=C(C#N)C#N)cc(c(c3)F)F)(c1ccc(cc1)CCCCCC)c1ccc(cc1)CCCCCC)/C2=C(C#N)C#N)F,b24b4e9aa4a16946a0c7c88634b4e17dcd8edc4c5829fff92fa8d0153f9bda5f,69e17d1724b4236f68d0c6efb6ad16969f13f8980d301d0056747038b20f0c8d,28b55f5b9f85e9c457287eafcce22d5755dbbc6d3f6b8927bf44384b8f6fd36f,ecc17bfcc47bd3721f3f4df6b8e0ab02efd80bdc3d7e6cb188e9d92d7079ff63,21dbce05cc4c37297a77239175630beee17579749b12c60d59373610bafa1107,175,1095,138,144
159,12.06999969482422,8.754436492919922,-3.3155632019042987,3.3155632019042987,10.992959345821886,27.46945555703748,in-house,175,O=C(C1=C(CCC(CCCC)CC)SC(CCC(CC)CCCC)=C1C2=O)C(C2=C(C3)C(C4)=CC=C4C5=CC6=C(C(C7=CC=C(CCC(CCCC)CC)S7)=C8C=CSC8=C6C9=CC=C(CCC(CCCC)CC)S9)S5)=C3C%10=CC=CS%10,O=C(C(C=CC=C1)=C1C/2=C(C#N)\C#N)C2=C/C3=CC4=C(C5=C(S4)C6=C(C(C7=CC=C(CCCCCC)C=C7)5C8=CC=C(CCCCCC)C=C8)C=C(C9=C(C(C%10=CC=C(C=C%10)CCCCCC)%11C%12=CC=C(C=C%12)CCCCCC)C(S%13)=C(S9)C=C%13/C=C(C%14=O)/C(C(C=C%15OC)=C%14C=C%15OC)=C(C#N)\C#N)C%11=C6)S3,12.07,O=C(C1=C(CCC(CCCC)CC)SC(CCC(CC)CCCC)=C1C2=O)C(C2=C(C3)C(C4)=CC=C4C5=CC6=C(C(C7=CC=C(CCC(CCCC)CC)S7)=C8C=CSC8=C6C9=CC=C(CCC(CCCC)CC)S9)S5)=C3C%10=CC=CS%10||O=C(C(C=CC=C1)=C1C/2=C(C#N)\C#N)C2=C/C3=CC4=C(C5=C(S4)C6=C(C(C7=CC=C(CCCCCC)C=C7)5C8=CC=C(CCCCCC)C=C8)C=C(C9=C(C(C%10=CC=C(C=C%10)CCCCCC)%11C%12=CC=C(C=C%12)CCCCCC)C(S%13)=C(S9)C=C%13/C=C(C%14=O)/C(C(C=C%15OC)=C%14C=C%15OC)=C(C#N)\C#N)C%11=C6)S3,6f31f3770fd225e382586e20513744e11a328b7cc74c758d48628417c600a02b,8726e834581d20b8d3fed5716de664f1fa1c0e0dd81a7d6e4958ce75eba92d80,803b9635ee93c831861d67f50cd50931a07e98713d44f4471fc6b3c7afaf63c3,9fd80e66667d909536d05c8fafbb85c7406da2272ac0ac4760c66b4daa5e7f3d,00f6699231feeb50d70bfc979e442a7fd8336e33e940f969e0d97eb40a19b3cb,586,748,4,149
167,12.020000457763672,11.93031120300293,-0.08968925476074219,0.08968925476074219,0.008044162419537315,0.7461668165146553,in-house,183,CC1=C(F)C=C(S1)C2=C3C=C(SC3=C(C4=C2SC(C5=CC=C(S5)C6=C(C(F)=C(C(N=C7C8=CC=CC(OCCCCCCCC)=C8)=C6N=C7C9=CC=CC(OCCCCCCCC)=C9)C%10=CC=C(C)S%10)F)=C4)C%11=CC(F)=C(S%11)C)C,O=C(C/1=C\C2=C(C3=C(S2)C(N4C5=CC=C(CCCCCC)C=C5)=C(C6=C4C7=C(C8=NSN=C68)C(SC9=C%10SC(/C=C%11C(C%12=CC(F)=C(C=C%12C\%11=C(C#N)/C#N)F)=O)=C9CCCCCCCCCCC)=C%10N7C%13=CC=C(CCCCCC)C=C%13)S3)CCCCCCCCCCC)C%14=CC(F)=C(F)C=C%14C1=C(C#N)/C#N,12.02,CC1=C(F)C=C(S1)C2=C3C=C(SC3=C(C4=C2SC(C5=CC=C(S5)C6=C(C(F)=C(C(N=C7C8=CC=CC(OCCCCCCCC)=C8)=C6N=C7C9=CC=CC(OCCCCCCCC)=C9)C%10=CC=C(C)S%10)F)=C4)C%11=CC(F)=C(S%11)C)C||O=C(C/1=C\C2=C(C3=C(S2)C(N4C5=CC=C(CCCCCC)C=C5)=C(C6=C4C7=C(C8=NSN=C68)C(SC9=C%10SC(/C=C%11C(C%12=CC(F)=C(C=C%12C\%11=C(C#N)/C#N)F)=O)=C9CCCCCCCCCCC)=C%10N7C%13=CC=C(CCCCCC)C=C%13)S3)CCCCCCCCCCC)C%14=CC(F)=C(F)C=C%14C1=C(C#N)/C#N,a34a1dafe7b3c6d66491950f892e8ca24375c2bb07400aa9ecf7dfe9f9e82581,3bc5e962960694d5a8c90d751d3f10c939059169c6882aed8bdcfb92d36d6776,07b706956c0b24bc701c0df612b9e5a5f8eefe39420be37d62e68d6300a8b4ac,ec0eea871d2660661668bf82f17af5e1cc2cda121243fedcd8a90854d2626d49,66816da5c61ecef624f63e6ed3afa5e807cea54a0a49c1b5bc253c6a715c28f3,30,1091,464,156
169,11.920000076293944,10.13454246520996,-1.7854576110839844,1.7854576110839844,3.1878588809777284,14.97867113805508,in-house,187,O=C(C1=C(CCC(CCCC)CC)SC(CCC(CC)CCCC)=C1C2=O)C(C2=C(C3)C(C4)=CC=C4C5=CC6=C(C(C7=CC=C(CCC(CCCC)CC)S7)=C8C=CSC8=C6C9=CC=C(CCC(CCCC)CC)S9)S5)=C3C%10=CC=CS%10,O=C(C1=C(C/2=C(C#N)\C#N)C=C(F)C(F)=C1)C2=C/C3=C(CCCCCC)C=C(C4=CC(C(C5=CC=C(C=C5)CCCCCC)(C(C=C6)=CC=C6CCCCCC)C(C7=C8)=C9SC7=CC%10=C8SC%11=C%10C(C%12=CC=C(C=C%12)CCCCCC)(C%13=CC=C(C=C%13)CCCCCC)C%14=C%11SC(C%15=CC(CCCCCC)=C(/C=C(C%16=O)/C(C%17=C%16C=C(F)C(F)=C%17)=C(C#N)/C#N)S%15)=C%14)=C9S4)S3,11.92,O=C(C1=C(CCC(CCCC)CC)SC(CCC(CC)CCCC)=C1C2=O)C(C2=C(C3)C(C4)=CC=C4C5=CC6=C(C(C7=CC=C(CCC(CCCC)CC)S7)=C8C=CSC8=C6C9=CC=C(CCC(CCCC)CC)S9)S5)=C3C%10=CC=CS%10||O=C(C1=C(C/2=C(C#N)\C#N)C=C(F)C(F)=C1)C2=C/C3=C(CCCCCC)C=C(C4=CC(C(C5=CC=C(C=C5)CCCCCC)(C(C=C6)=CC=C6CCCCCC)C(C7=C8)=C9SC7=CC%10=C8SC%11=C%10C(C%12=CC=C(C=C%12)CCCCCC)(C%13=CC=C(C=C%13)CCCCCC)C%14=C%11SC(C%15=CC(CCCCCC)=C(/C=C(C%16=O)/C(C%17=C%16C=C(F)C(F)=C%17)=C(C#N)/C#N)S%15)=C%14)=C9S4)S3,6f31f3770fd225e382586e20513744e11a328b7cc74c758d48628417c600a02b,f5b3744c5fc5bf6b858131c3a6a442a5c4726cbff036c95cf29761667c5fe9fd,99200ebcf23989042bdaa360d3a707533834c614428d40ccce3c76fc3c66bdb0,7db15bf476b75e1bfb3d251f43cb25e21fd49e4f6886c2771ae25a6d96bf2e4f,19fdd78abe0b20c69b27fcf7d1207412412982b6f13c623ebba261cbd865e6a2,700,600,111,158
170,11.899999618530272,10.366579055786133,-1.5334205627441388,1.5334205627441388,2.3513786222465516,12.885887494957132,in-house,189,O=C(C1=C(CCC(CCCC)CC)SC(CCC(CC)CCCC)=C1C2=O)C(C2=C(C3)C(C4)=CC=C4C5=CC6=C(C(C7=CC=C(CCC(CCCC)CC)S7)=C8C=CSC8=C6C9=CC=C(CCC(CCCC)CC)S9)S5)=C3C%10=CC=CS%10,CCCCCCC(C=C1)=CC=C1C2(C(C3=C(S4)C=C(S3)/C=C(C(C5=C6C=C(OC)C=C5)=O)\C6=C(C#N)\C#N)=C4C7=C2C=C(C8=C7)C9=C(C8(C%10=CC=C(C=C%10)CCCCCC)C%11=CC=C(C=C%11)CCCCCC)C%12=C(C=C(S%12)/C=C(/C(C%13=C%14C=CC(OC)=C%13)=C(C#N)\C#N)C%14=O)S9)C(C=C%15)=CC=C%15CCCCCC,11.9,O=C(C1=C(CCC(CCCC)CC)SC(CCC(CC)CCCC)=C1C2=O)C(C2=C(C3)C(C4)=CC=C4C5=CC6=C(C(C7=CC=C(CCC(CCCC)CC)S7)=C8C=CSC8=C6C9=CC=C(CCC(CCCC)CC)S9)S5)=C3C%10=CC=CS%10||CCCCCCC(C=C1)=CC=C1C2(C(C3=C(S4)C=C(S3)/C=C(C(C5=C6C=C(OC)C=C5)=O)\C6=C(C#N)\C#N)=C4C7=C2C=C(C8=C7)C9=C(C8(C%10=CC=C(C=C%10)CCCCCC)C%11=CC=C(C=C%11)CCCCCC)C%12=C(C=C(S%12)/C=C(/C(C%13=C%14C=CC(OC)=C%13)=C(C#N)\C#N)C%14=O)S9)C(C=C%15)=CC=C%15CCCCCC,6f31f3770fd225e382586e20513744e11a328b7cc74c758d48628417c600a02b,90b66b990952c976b5805cf32f37160a30a2cac3cf120fa1be31ef333c74460d,44fa7cda6ee1eaa553e8a0b31fe3c7267eecd5d18e6e3489e02b45f67d9ad0b5,cdbc4c184ea76d0de81b066cb2ff11190abb9246cd0383278267b118b0727658,11ffe63d57a74d6ecff01586c6e9c2e33ff6786a3c70ac3ce131699164d2e1d3,313,947,79,159
178,11.75,11.408110618591309,-0.3418893814086914,0.3418893814086914,0.11688834912001766,2.9096968630526927,in-house,198,FC(C=C(C1=C2SC=CC2=C(C3=CC(F)=C(CC(CCCC)CC)S3)C4=C1C=C(C5=CC=C(C6=C(C(C(C7=C(CC(CCCC)CC)SC(CC(CC)CCCC)=C78)=O)=C(C9=CC=CC9)S6)C8=O)S5)S4)S%10)=C%10CC(CC)CCCC,FC(C=C1C2=CC(C3(CC(CCCC)CC)CC(CCCC)CC)=C(S2)C(S4)=C3C=C4/C=C(C(C5=CC(Cl)=C(C=C56)Cl)=O)/C6=C(C#N)/C#N)=C(C=C1F)C7=CC8=C(C9=C(C8(CC(CCCC)CC)CC(CCCC)CC)C=C(/C=C%10C(C%11=CC(Cl)=C(C=C%11C\%10=C(C#N)\C#N)Cl)=O)S9)S7,11.75,FC(C=C(C1=C2SC=CC2=C(C3=CC(F)=C(CC(CCCC)CC)S3)C4=C1C=C(C5=CC=C(C6=C(C(C(C7=C(CC(CCCC)CC)SC(CC(CC)CCCC)=C78)=O)=C(C9=CC=CC9)S6)C8=O)S5)S4)S%10)=C%10CC(CC)CCCC||FC(C=C1C2=CC(C3(CC(CCCC)CC)CC(CCCC)CC)=C(S2)C(S4)=C3C=C4/C=C(C(C5=CC(Cl)=C(C=C56)Cl)=O)/C6=C(C#N)/C#N)=C(C=C1F)C7=CC8=C(C9=C(C8(CC(CCCC)CC)CC(CCCC)CC)C=C(/C=C%10C(C%11=CC(Cl)=C(C=C%11C\%10=C(C#N)\C#N)Cl)=O)S9)S7,61eee9608e36bdb1d3a96a3ad1baa39916f3a546e29d11481966a5a2d3d30f3c,a7c4b5541b8a9fcdc451b3fdf50c088a6f31721140ab77690d39d1dcc9517b61,3307ac0204404a81aae89f938831277a98741a1d776541315ce4974ffb9c9c1a,526ca4cc3e9418df3b04607a8e43401f0be72eb541ef580b6ff5a75d530d7452,850b48db2efdb9ea3deba3b8314dd60c27b94956c8d56609c1ea0c7ea64da114,229,393,604,167
183,11.649999618530272,12.120136260986328,0.47013664245605646,0.47013664245605646,0.22102846257985387,4.035507792706413,in-house,203,[F]C1=C(CC)SC(C2=C3C(C=C(C)C3)C(C4=CC([F])=C(S4)CC)=C5SC(C6=CC=C(S6)C7=C(C(C8=C(SC(CC)=C8C9=O)CC)=O)C9=C(C%10=CC=C(S%10)C)S7)=CC25)=C1,O=C1C2=C(C=C(Cl)C(Cl)=C2)C(/C1=C/C(S3)=CC4=C3C(S5)=C(C4(C6=CC=C(CCCCCC)C=C6)C7=CC=C(CCCCCC)C=C7)C8=C5C(C9=CC(Cl)=C(CC(CC)CCCC)S9)=C(C(C%10(C%11=CC=C(CCCCCC)C=C%11)C%12=CC=C(CCCCCC)C=C%12)=C(S%13)C%14=C%10C=C(/C=C(/C%15=C(C#N)\C#N)C(C%16=C%15C=C(Cl)C(Cl)=C%16)=O)S%14)C%13=C8C%17=CC(Cl)=C(CC(CC)CCCC)S%17)=C(C#N)/C#N,11.65,[F]C1=C(CC)SC(C2=C3C(C=C(C)C3)C(C4=CC([F])=C(S4)CC)=C5SC(C6=CC=C(S6)C7=C(C(C8=C(SC(CC)=C8C9=O)CC)=O)C9=C(C%10=CC=C(S%10)C)S7)=CC25)=C1||O=C1C2=C(C=C(Cl)C(Cl)=C2)C(/C1=C/C(S3)=CC4=C3C(S5)=C(C4(C6=CC=C(CCCCCC)C=C6)C7=CC=C(CCCCCC)C=C7)C8=C5C(C9=CC(Cl)=C(CC(CC)CCCC)S9)=C(C(C%10(C%11=CC=C(CCCCCC)C=C%11)C%12=CC=C(CCCCCC)C=C%12)=C(S%13)C%14=C%10C=C(/C=C(/C%15=C(C#N)\C#N)C(C%16=C%15C=C(Cl)C(Cl)=C%16)=O)S%14)C%13=C8C%17=CC(Cl)=C(CC(CC)CCCC)S%17)=C(C#N)/C#N,6213dd4049a47a1d3ddd86c99b799fe4ba312bdc695c607b0b6163384ca5ea00,d8a6b95bf314ba6272a65c11a6b0834c4fea41aded7f5542bc2a6528439455e7,6908c5f9115394d15b84185e9011b4d16ff7cf9cea76762282cea6a455223f61,07c9fe94def1a10242beec006df5425f1ab7f81c654e7e69a0796eb4539f1cd7,16f6053ddbace6dfa7d32ac10b2f0176b0c53d2368a6a743ad1cac13c4581954,474,37,102,172
184,11.630000114440918,9.703822135925291,-1.9261779785156268,1.9261779785156268,3.710161604918546,16.562149265363292,in-house,204,CC1=CC2=C(S1)C(C3=CC=C([Si](CCC)(CCC)CCC)S3)=C4C=C(C5=CC=C(C6=C(F)C(F)=C(C7=CC=C(S7)C)C8=NN(CC(CCCCCCCC)CCCCCC)N=C68)S5)SC4=C2C9=CC=C([Si](CCC)(CCC)CCC)S9,O=C(C1=CSC=C1C/2=C(C#N)\C#N)C2=C/C3=CC(SC(C(C=C4C5(C6=CC=C(C=C6)CCCCCCCC)C7=CC=C(CCCCCCCC)C=C7)=C8C=C4C9=C5C%10=C(C=C(S%10)/C=C%11C(C%12=CSC=C%12C\%11=C(C#N)\C#N)=O)S9)=C%13C8(C%14=CC=C(C=C%14)CCCCCCCC)C%15=CC=C(CCCCCCCC)C=C%15)=C%13S3,11.63,CC1=CC2=C(S1)C(C3=CC=C([Si](CCC)(CCC)CCC)S3)=C4C=C(C5=CC=C(C6=C(F)C(F)=C(C7=CC=C(S7)C)C8=NN(CC(CCCCCCCC)CCCCCC)N=C68)S5)SC4=C2C9=CC=C([Si](CCC)(CCC)CCC)S9||O=C(C1=CSC=C1C/2=C(C#N)\C#N)C2=C/C3=CC(SC(C(C=C4C5(C6=CC=C(C=C6)CCCCCCCC)C7=CC=C(CCCCCCCC)C=C7)=C8C=C4C9=C5C%10=C(C=C(S%10)/C=C%11C(C%12=CSC=C%12C\%11=C(C#N)\C#N)=O)S9)=C%13C8(C%14=CC=C(C=C%14)CCCCCCCC)C%15=CC=C(CCCCCCCC)C=C%15)=C%13S3,eaf1916a35a7483d8caf5815ff5e1ea653d31569a8b350b0b99530cf692c3bfb,a3406b5e4edefe3e2c4839b86eca3cc419dcab58dd63484cd2852f990ceb7789,767a639e3b6c958839cfa2abfecc2214fd6cf167bb6aee1e5795913fe9812a46,6b755cec1f87bb01e6690fbba2b9f996968ee4f7db67a99ccef945a074433207,d37705d8e37b2647f7d32bcad6597f493bd8d6b2e5f2628c3fc144a573ad6c15,535,522,962,173
191,11.520000457763672,11.835596084594728,0.31559562683105646,0.31559562683105646,0.09960059967488745,2.739545262937617,in-house,212,O=C(C1=C(CC(CCCC)CC)SC(CC(CCCC)CC)=C12)C3=C(C4=CC=CS4)SC(C(S5)=CC=C5C6=CC7=C(C8=CC=C(CC(CCCC)CCCCCC)C=C8)C(SC=C9)=C9C(C%10=CC=C(CC(CCCCCC)CCCC)C=C%10)=C7S6)=C3C2=O,O=C1C(/C(C2=C1C=CC(F)=C2)=C(C#N)/C#N)=C\C3=CC4=C(S3)C(C(C5=CC=C(CCCCCC)C=C5)(C6=CC7=C(C(C8=CC=C(CCCCCC)C=C8)(C9=C7SC%10=C9SC%11=C%10SC(/C=C%12C(C(C=C(F)C=C%13)=C%13C\%12=C(C#N)\C#N)=O)=C%11)C%14=CC=C(CCCCCC)C=C%14)C=C6%15)C%16=CC=C(CCCCCC)C=C%16)=C%15S4,11.52,O=C(C1=C(CC(CCCC)CC)SC(CC(CCCC)CC)=C12)C3=C(C4=CC=CS4)SC(C(S5)=CC=C5C6=CC7=C(C8=CC=C(CC(CCCC)CCCCCC)C=C8)C(SC=C9)=C9C(C%10=CC=C(CC(CCCCCC)CCCC)C=C%10)=C7S6)=C3C2=O||O=C1C(/C(C2=C1C=CC(F)=C2)=C(C#N)/C#N)=C\C3=CC4=C(S3)C(C(C5=CC=C(CCCCCC)C=C5)(C6=CC7=C(C(C8=CC=C(CCCCCC)C=C8)(C9=C7SC%10=C9SC%11=C%10SC(/C=C%12C(C(C=C(F)C=C%13)=C%13C\%12=C(C#N)\C#N)=O)=C%11)C%14=CC=C(CCCCCC)C=C%14)C=C6%15)C%16=CC=C(CCCCCC)C=C%16)=C%15S4,826e531b71e4c0ef06b575364b50a339b3da70c19584a5cd5231c22bd6d85201,4d4b770eb23020c06f35a5307dcfcdb22f36481f21efe4502c3a2834046a5e0c,180fd6428059fb86b05391f3126ffbe5e3e253cb402256ee0f550b31e0a94af2,1a89ca0eeaed234d3bbe21f1a74863697e64e7e76de3cb1462384825d83798c6,481beff25f31fffb3a783835f12f961db092fcb0f86b9f57b1d78dc226a62eb3,114,134,322,180
199,11.449999809265137,11.24039077758789,-0.2096090316772461,0.2096090316772461,0.043935946160672756,1.8306465953618112,in-house,221,FC(C=C(C1=C2SC=CC2=C(C3=CC(F)=C(CC(CCCC)CC)S3)C4=C1C=C(C5=CC=C(C6=C(C(C(C7=C(CC(CCCC)CC)SC(CC(CC)CCCC)=C78)=O)=C(C9=CC=CC9)S6)C8=O)S5)S4)S%10)=C%10CC(CC)CCCC,O=C1C(/C(C2=CC(Cl)=C(Cl)C=C21)=C(C#N)/C#N)=C\C3=CC4=C(C5=C(S4)C(C(C(C6=CC=C(C=C6)CCCCCC)5C7=CC=C(CCCCCC)C=C7)=C8)=CC9=C8C%10=C(C(C%11=CC=C(CCCCCC)C=C%11)9C%12=CC=C(CCCCCC)C=C%12)C(S%13)=C(S%10)C=C%13/C=C%14/C(C%15=CSC=C%15C%14=O)=C(C#N)/C#N)S3,11.45,FC(C=C(C1=C2SC=CC2=C(C3=CC(F)=C(CC(CCCC)CC)S3)C4=C1C=C(C5=CC=C(C6=C(C(C(C7=C(CC(CCCC)CC)SC(CC(CC)CCCC)=C78)=O)=C(C9=CC=CC9)S6)C8=O)S5)S4)S%10)=C%10CC(CC)CCCC||O=C1C(/C(C2=CC(Cl)=C(Cl)C=C21)=C(C#N)/C#N)=C\C3=CC4=C(C5=C(S4)C(C(C(C6=CC=C(C=C6)CCCCCC)5C7=CC=C(CCCCCC)C=C7)=C8)=CC9=C8C%10=C(C(C%11=CC=C(CCCCCC)C=C%11)9C%12=CC=C(CCCCCC)C=C%12)C(S%13)=C(S%10)C=C%13/C=C%14/C(C%15=CSC=C%15C%14=O)=C(C#N)/C#N)S3,61eee9608e36bdb1d3a96a3ad1baa39916f3a546e29d11481966a5a2d3d30f3c,d401c50bb0adb3ddbcde1681793259cd392a5fb38250f372c367ea2394e26cd5,b890e833bfa1a299d0b7b423cc0ecd8057ee659ee12718c91461d0c378239940,fec8be625a5c944e38b9308a80a1d21726b3e2aa8179c38d45391ec7e57a4cfd,39b71f83cff3076965df17de24864ae8b9c282861af4065f04945ba094a0686a,869,1184,252,188
200,11.43000030517578,12.303756713867188,0.873756408691408,0.873756408691408,0.7634502617293069,7.644412820319436,in-house,223,O=C1C2=C(CC(CC)CCCC)SC(CC(CC)CCCC)=C2C(C3=C(C4=CC=C(C5=CC(C(C6=CC(F)=C(CC(CC)CCCC)S6)=C(SC=C7)C7=C8C9=CC(F)=C(CC(CC)CCCC)S9)=C8S5)S4)SC(C%10=CC=CS%10)=C31)=O,CCCCCCC1=CC=CC=C1.FC2=CC(C(/C3=C/C4=C(CC)C5=C(S4)C(C(C6=CC=C(CCCCCC)C=C6)(C7=CC=C(CCCCCC)C=C7)C(C8=C9C)=C%10SC8=CC%11=C9SC%12=C%11[C@](C%13=CC=C(CCCCCC)C=C%13)(C%14=C%12SC%15=C%14SC(/C=C%16/C(C%17=C(C%16=O)C=C(F)C(F)=C%17)=C(C#N)\[N+]#[C-])=C%15CC)C)=C%10S5)=C(C#N)/C#N)=C(C3=O)C=C2F,11.43,O=C1C2=C(CC(CC)CCCC)SC(CC(CC)CCCC)=C2C(C3=C(C4=CC=C(C5=CC(C(C6=CC(F)=C(CC(CC)CCCC)S6)=C(SC=C7)C7=C8C9=CC(F)=C(CC(CC)CCCC)S9)=C8S5)S4)SC(C%10=CC=CS%10)=C31)=O||CCCCCCC1=CC=CC=C1.FC2=CC(C(/C3=C/C4=C(CC)C5=C(S4)C(C(C6=CC=C(CCCCCC)C=C6)(C7=CC=C(CCCCCC)C=C7)C(C8=C9C)=C%10SC8=CC%11=C9SC%12=C%11[C@](C%13=CC=C(CCCCCC)C=C%13)(C%14=C%12SC%15=C%14SC(/C=C%16/C(C%17=C(C%16=O)C=C(F)C(F)=C%17)=C(C#N)\[N+]#[C-])=C%15CC)C)=C%10S5)=C(C#N)/C#N)=C(C3=O)C=C2F,65482d735aa1f382b817dd8d95b1689b39b0b3c26138949c2680844f1b1f5ea0,36098c82c1229a3cfab4c26b1419d9ff3999b93ed0c6b67a1c28259e118b6ce0,8e2004241b1bad52a1bcb0863aab6af8e18373516e2e53e9a93ba01b1f2c0c36,cb7c0dd706dac91c3c4d7727a0b13e7cf16bf7e628eed5c0dc45e0257e0ba6f4,eed723fa531f6427aa9bb325b731d58d1cf20fbc545c66d881c2e668710bd87f,656,936,1120,189
201,11.40999984741211,9.199302673339844,-2.2106971740722656,2.2106971740722656,4.887181995451101,19.37508504501577,in-house,224,CC1=CC2=C(S1)C(C3=CC=C([Si](CCC)(CCC)CCC)S3)=C4C=C(C5=CC=C(C6=C(F)C(F)=C(C7=CC=C(S7)C)C8=NN(CC(CCCCCCCC)CCCCCC)N=C68)S5)SC4=C2C9=CC=C([Si](CCC)(CCC)CCC)S9,c12cc3c(cc1C(c1c2sc2c1sc(c2)/C=C\1/C(=C(C#N)C#N)c2c(C1=O)cccc2)(c1ccc(cc1)CCCCCC)c1ccc(cc1)CCCCCC)c1c(C3(c2ccc(cc2)CCCCCC)c2ccc(cc2)CCCCCC)c2c(s1)cc(s2)/C=C\1/C(=C(C#N)C#N)c2c(C1=O)cccc2,11.41,CC1=CC2=C(S1)C(C3=CC=C([Si](CCC)(CCC)CCC)S3)=C4C=C(C5=CC=C(C6=C(F)C(F)=C(C7=CC=C(S7)C)C8=NN(CC(CCCCCCCC)CCCCCC)N=C68)S5)SC4=C2C9=CC=C([Si](CCC)(CCC)CCC)S9||c12cc3c(cc1C(c1c2sc2c1sc(c2)/C=C\1/C(=C(C#N)C#N)c2c(C1=O)cccc2)(c1ccc(cc1)CCCCCC)c1ccc(cc1)CCCCCC)c1c(C3(c2ccc(cc2)CCCCCC)c2ccc(cc2)CCCCCC)c2c(s1)cc(s2)/C=C\1/C(=C(C#N)C#N)c2c(C1=O)cccc2,eaf1916a35a7483d8caf5815ff5e1ea653d31569a8b350b0b99530cf692c3bfb,202f8607af2cecb83e86b2e4305f8c7e2852bc709bb805b9055691d46a9081c5,8cef40b055d4e0ec062aea51be137f1d18e05e0edef4b9f0e1bbf8bde1300ec0,ab38bfd9d36816b427af166cfaee06d96fded9df5f76149451109cb1f87b6b54,7b41f473e28aac3df3cd3e32b8d25d7ec8a2f48d5b7722612137a9f7a7fcc9d6,649,787,558,190
203,11.399999618530272,11.567880630493164,0.1678810119628924,0.1678810119628924,0.028184034177684822,1.4726405050927205,in-house,226,O=C(C1=C(CCC(CCCC)CC)SC(CCC(CC)CCCC)=C1C2=O)C(C2=C(C3)C(C4)=CC=C4C5=CC6=C(C(C7=CC=C(CCC(CCCC)CC)S7)=C8C=CSC8=C6C9=CC=C(CCC(CCCC)CC)S9)S5)=C3C%10=CC=CS%10,CCCCCCC1=CC=C(C2(C3=CC=C(C=C3)CCCCCC)C4=C(C=C(C5=C4)C(C(C=C6)=CC=C6CCCCCC)(C7=C5SC8=C7SC(/C=C9C(C%10=C(C\9=C(C#N)/C#N)C=CC(F)=C%10)=O)=C8)C(C=C%11)=CC=C%11CCCCCC)C%12=C2C%13=C(C(SC(/C=C(C%14=O)/C(C%15=C%14C=C(F)C=C%15)=C(C#N)\C#N)=C%16)=C%16N%13CCCCCCCC)S%12)C=C1,11.4,O=C(C1=C(CCC(CCCC)CC)SC(CCC(CC)CCCC)=C1C2=O)C(C2=C(C3)C(C4)=CC=C4C5=CC6=C(C(C7=CC=C(CCC(CCCC)CC)S7)=C8C=CSC8=C6C9=CC=C(CCC(CCCC)CC)S9)S5)=C3C%10=CC=CS%10||CCCCCCC1=CC=C(C2(C3=CC=C(C=C3)CCCCCC)C4=C(C=C(C5=C4)C(C(C=C6)=CC=C6CCCCCC)(C7=C5SC8=C7SC(/C=C9C(C%10=C(C\9=C(C#N)/C#N)C=CC(F)=C%10)=O)=C8)C(C=C%11)=CC=C%11CCCCCC)C%12=C2C%13=C(C(SC(/C=C(C%14=O)/C(C%15=C%14C=C(F)C=C%15)=C(C#N)\C#N)=C%16)=C%16N%13CCCCCCCC)S%12)C=C1,6f31f3770fd225e382586e20513744e11a328b7cc74c758d48628417c600a02b,d6e935ff0ea864ea15b4a4980832bb8a2378121499d0f2ede0da96f20cee6772,2fba24e23d98d16805a6e11ad06923154b83f2aa2e6d4b4c21e25ec1279c1dca,10874ad090bd311583f80b412d4725c26291bb6ac6ba0eda09b4ca02dbbe59a5,da288162a8dbf79a8a2f91305da2e0b3da49aff370eb739b6e6fecb9b0d83274,213,81,1004,192
204,11.399999618530272,13.03077507019043,1.630775451660158,1.630775451660158,2.6594285737373924,14.305048300259534,in-house,227,O=C1C2=C(CC(CC)CCCC)SC(CC(CC)CCCC)=C2C(C3=C(C4=CC=C(C5=CC(C(C6=CC(F)=C(CC(CC)CCCC)S6)=C(SC=C7)C7=C8C9=CC(F)=C(CC(CC)CCCC)S9)=C8S5)S4)SC(C%10=CC=CS%10)=C31)=O,O=C(C1=C(C=C(Cl)C(Cl)=C1)C/2=C(C#N)\C#N)C2=C/C3=CC4=C(C5=C(C(C6=CC=C(CCCCCC)C=C6)4C7=CC=C(CCCCCC)C=C7)C8=C(S5)C(C9=CC=C(CCCCCC)C=C9)=C%10C(C(C%11=CC=C(CCCCCC)C=C%11)(C%12=C%13SC(/C=C%14C(C%15=C(C=C(Cl)C(Cl)=C%15)C\%14=C(C#N)\C#N)=O)=C%12)C%16=CC=C(CCCCCC)C=C%16)=C%13SC%10=C8C%17=CC=C(CCCCCC)C=C%17)S3,11.4,O=C1C2=C(CC(CC)CCCC)SC(CC(CC)CCCC)=C2C(C3=C(C4=CC=C(C5=CC(C(C6=CC(F)=C(CC(CC)CCCC)S6)=C(SC=C7)C7=C8C9=CC(F)=C(CC(CC)CCCC)S9)=C8S5)S4)SC(C%10=CC=CS%10)=C31)=O||O=C(C1=C(C=C(Cl)C(Cl)=C1)C/2=C(C#N)\C#N)C2=C/C3=CC4=C(C5=C(C(C6=CC=C(CCCCCC)C=C6)4C7=CC=C(CCCCCC)C=C7)C8=C(S5)C(C9=CC=C(CCCCCC)C=C9)=C%10C(C(C%11=CC=C(CCCCCC)C=C%11)(C%12=C%13SC(/C=C%14C(C%15=C(C=C(Cl)C(Cl)=C%15)C\%14=C(C#N)\C#N)=O)=C%12)C%16=CC=C(CCCCCC)C=C%16)=C%13SC%10=C8C%17=CC=C(CCCCCC)C=C%17)S3,65482d735aa1f382b817dd8d95b1689b39b0b3c26138949c2680844f1b1f5ea0,5b0e7bfc820ab116e1e8c33b33d190dc0e12297599c5266ea938bb7b208039d7,a234030cdcc9ff4bb712d65ba6e6f40e81b218bea414a39f584ce627bcb9b9b9,1e645f6b5c794ff90d81eb9275a1bf0db900b0d4c12167fcc5989e51227c5f96,a496a7bc7a88d353cb42befed24a7d34535753d574716d5255d8b660b525dfa6,753,150,756,193
205,11.399999618530272,9.345133781433104,-2.054865837097168,2.054865837097168,4.222473608469045,18.02513952506683,in-house,228,O=C(C1=C(CCC(CCCC)CC)SC(CCC(CC)CCCC)=C1C2=O)C(C2=C(C3)C(C4)=CC=C4C5=CC6=C(C(C7=CC=C(CCC(CCCC)CC)S7)=C8C=CSC8=C6C9=CC=C(CCC(CCCC)CC)S9)S5)=C3C%10=CC=CS%10,O=C(C1=C(C/2=C(C#N)/C#N)C=CS1)C2=C/C3=CC(SC4=C5C(C6=CC=C(C=C6)CCCCCC)(C7=C4C=C8C(C(C=C9)=CC=C9CCCCCC)(C%10=C(C8=C7)SC%11=C%10SC(/C=C%12C(C%13=C(C\%12=C(C#N)/C#N)C=CS%13)=O)=C%11)C%14=CC=C(C=C%14)CCCCCC)C%15=CC=C(CCCCCC)C=C%15)=C5S3,11.4,O=C(C1=C(CCC(CCCC)CC)SC(CCC(CC)CCCC)=C1C2=O)C(C2=C(C3)C(C4)=CC=C4C5=CC6=C(C(C7=CC=C(CCC(CCCC)CC)S7)=C8C=CSC8=C6C9=CC=C(CCC(CCCC)CC)S9)S5)=C3C%10=CC=CS%10||O=C(C1=C(C/2=C(C#N)/C#N)C=CS1)C2=C/C3=CC(SC4=C5C(C6=CC=C(C=C6)CCCCCC)(C7=C4C=C8C(C(C=C9)=CC=C9CCCCCC)(C%10=C(C8=C7)SC%11=C%10SC(/C=C%12C(C%13=C(C\%12=C(C#N)/C#N)C=CS%13)=O)=C%11)C%14=CC=C(C=C%14)CCCCCC)C%15=CC=C(CCCCCC)C=C%15)=C5S3,6f31f3770fd225e382586e20513744e11a328b7cc74c758d48628417c600a02b,7d6d487d6182ffc91e3d540c6b4e194236c4a5c6de58c9f73b2fe82fecf56c74,61d2b074b0d28ffd7eb508531e6006e2bde9a3eb56503e3ad898c018e48258f9,dbda4f6bf9ee4417ba7ada56b6826ffa80334347fd13a24504474d75e8bccb8a,7394fb00c77b394d8c6b16576ba1347a87fccbc7e1d048119935d80fa9f86408,442,1014,527,194
212,11.260000228881836,10.60053253173828,-0.6594676971435565,0.6594676971435565,0.4348976435758255,5.856728985244828,in-house,238,O=C(C1=C(CCC(CCCC)CC)SC(CCC(CC)CCCC)=C1C2=O)C(C2=C(C3)C(C4)=CC=C4C5=CC6=C(C(C7=CC=C(CCC(CCCC)CC)S7)=C8C=CSC8=C6C9=CC=C(CCC(CCCC)CC)S9)S5)=C3C%10=CC=CS%10,c1(cc2c(cc1F)C(=O)/C(=C\c1cc3c(s1)c1c(s3)c3c(C1(c1ccc(cc1)CCCCCC)c1ccc(cc1)CCCCCC)cc1c(c3)C(c3c1sc1c3sc(c1)/C=C/1\C(=O)c3c(C1=C(C#N)C#N)cc(c(c3)F)F)(c1ccc(cc1)CCCCCC)c1ccc(cc1)CCCCCC)/C2=C(C#N)C#N)F,11.26,O=C(C1=C(CCC(CCCC)CC)SC(CCC(CC)CCCC)=C1C2=O)C(C2=C(C3)C(C4)=CC=C4C5=CC6=C(C(C7=CC=C(CCC(CCCC)CC)S7)=C8C=CSC8=C6C9=CC=C(CCC(CCCC)CC)S9)S5)=C3C%10=CC=CS%10||c1(cc2c(cc1F)C(=O)/C(=C\c1cc3c(s1)c1c(s3)c3c(C1(c1ccc(cc1)CCCCCC)c1ccc(cc1)CCCCCC)cc1c(c3)C(c3c1sc1c3sc(c1)/C=C/1\C(=O)c3c(C1=C(C#N)C#N)cc(c(c3)F)F)(c1ccc(cc1)CCCCCC)c1ccc(cc1)CCCCCC)/C2=C(C#N)C#N)F,6f31f3770fd225e382586e20513744e11a328b7cc74c758d48628417c600a02b,69e17d1724b4236f68d0c6efb6ad16969f13f8980d301d0056747038b20f0c8d,8332b22ad63e13f9b15c75f9f23319c3bcc64b52cea2954ad652267fde2e4b46,28637e448c04e46259c5b0ad9c4b6def7346f4a3b8d2b5a13a3d3759ec108315,04aadc213b7bc50b11a865ef0d356e8d79017db2726b499f18b3e4565b2bbc74,597,201,19,201
215,11.220000267028809,9.872634887695312,-1.347365379333496,1.347365379333496,1.8153934654264958,12.008603808084354,in-house,241,O=C(C1=C(CCC(CCCC)CC)SC(CCC(CC)CCCC)=C1C2=O)C(C2=C(C3)C(C4)=CC=C4C5=CC6=C(C(C7=CC=C(CCC(CCCC)CC)S7)=C8C=CSC8=C6C9=CC=C(CCC(CCCC)CC)S9)S5)=C3C%10=CC=CS%10,O=C(/C(S/1)=C/C2=C3SC(C(CCCCCCC)OO)=CC3=C(C4=CC(C5(CCCCCC)CCCCCC)=C(C(C5=C6)=CC7=C6C8=C(C=C(C9=C%10C=C(C(CCCCCCC)OO)SC%10=C(/C=C(C(N/%11CC)=O)\SC%11=C(C#N)\C#N)S9)S8)C7(CCCCCC)CCCCCC)S4)S2)N(C1=C(C#N)/C#N)CC,11.22,O=C(C1=C(CCC(CCCC)CC)SC(CCC(CC)CCCC)=C1C2=O)C(C2=C(C3)C(C4)=CC=C4C5=CC6=C(C(C7=CC=C(CCC(CCCC)CC)S7)=C8C=CSC8=C6C9=CC=C(CCC(CCCC)CC)S9)S5)=C3C%10=CC=CS%10||O=C(/C(S/1)=C/C2=C3SC(C(CCCCCCC)OO)=CC3=C(C4=CC(C5(CCCCCC)CCCCCC)=C(C(C5=C6)=CC7=C6C8=C(C=C(C9=C%10C=C(C(CCCCCCC)OO)SC%10=C(/C=C(C(N/%11CC)=O)\SC%11=C(C#N)\C#N)S9)S8)C7(CCCCCC)CCCCCC)S4)S2)N(C1=C(C#N)/C#N)CC,6f31f3770fd225e382586e20513744e11a328b7cc74c758d48628417c600a02b,c0d03c88c020abf58da6af76c9cb1e05bf4dab19d562eff4670db9bb99b16df8,909d396b4ce99cc4f122741807235fc7e33d730ad098a352f42564bbac1c87d6,ce74ad45c3ed46913609ffa12b103159479887845964af34d3ce2cfceced9267,a582321f52b8c01a2e7a0ffa3749b7c94d04ec4895c8021e97a7609479ca1302,664,950,762,204
218,11.199999809265137,10.19382381439209,-1.0061759948730469,1.0061759948730469,1.0123901326587657,8.983714392929663,in-house,245,FC1=C(C(OCC(CCCC)CC)=O)SC2=CSC(C3=CC4=C(C5=C(C(C6=CC=C(CC(CC)CCCC)S6)=C4S3)C=CS5)C7=CC=C(CC(CC)CCCC)S7)=C12,FC1=CC(C2=O)=C(C=C1F)C(/C2=C/C3=CC4=C(C5=C(C6=C(C(SC7=C8C(C9=CC=C(CCCCCC)C=C9)(C%10=C7SC%11=C%10SC(C%12=C%13C%14=C(C=C(/C=C(/C(C(C=C%15F)=C%16C=C%15F)=C(C#N)\C#N)C%16=O)S%14)S%12)=C%11C%13(C%17=CC=C(CCCCCC)C=C%17)C%18=CC=C(CCCCCC)C=C%18)C%19=CC=C(CCCCCC)C=C%19)=C8S6)C(C%20=CC=C(CCCCCC)C=C%20)5C%21=CC=C(CCCCCC)C=C%21)S4)S3)=C(C#N)/C#N,11.2,FC1=C(C(OCC(CCCC)CC)=O)SC2=CSC(C3=CC4=C(C5=C(C(C6=CC=C(CC(CC)CCCC)S6)=C4S3)C=CS5)C7=CC=C(CC(CC)CCCC)S7)=C12||FC1=CC(C2=O)=C(C=C1F)C(/C2=C/C3=CC4=C(C5=C(C6=C(C(SC7=C8C(C9=CC=C(CCCCCC)C=C9)(C%10=C7SC%11=C%10SC(C%12=C%13C%14=C(C=C(/C=C(/C(C(C=C%15F)=C%16C=C%15F)=C(C#N)\C#N)C%16=O)S%14)S%12)=C%11C%13(C%17=CC=C(CCCCCC)C=C%17)C%18=CC=C(CCCCCC)C=C%18)C%19=CC=C(CCCCCC)C=C%19)=C8S6)C(C%20=CC=C(CCCCCC)C=C%20)5C%21=CC=C(CCCCCC)C=C%21)S4)S3)=C(C#N)/C#N,2249a87c8fc0450476e55f070a85b71ffa6beb368356c28f1302bad8bac422cb,ca0cc70b423e5aeb50406f41af9735b882456f21d047ea02e63562caa21215b0,84a2590ded2b8e27bf202f069e3631a236a03c2954fc130381e95ffed41fd26a,e82a37a941b81ab5b10553abd3cb42af1cb87fa4d7d74edb89032a6cffd14d95,dceb0faf84407c985c73e31341a19ee932fdd5b914464301125fa88a10ebb62a,605,1070,1026,206
227,11.100000381469728,8.974454879760742,-2.125545501708986,2.125545501708986,4.517943679835306,19.14905791586601,in-house,255,O=C(C1=C(CCC(CCCC)CC)SC(CCC(CC)CCCC)=C1C2=O)C(C2=C(C3)C(C4)=CC=C4C5=CC6=C(C(C7=CC=C(CCC(CCCC)CC)S7)=C8C=CSC8=C6C9=CC=C(CCC(CCCC)CC)S9)S5)=C3C%10=CC=CS%10,O=C(C1=C(C=C(Cl)C(Cl)=C1)C/2=C(C#N)\C#N)C2=C/C3=CC(CCCCCCCC)=C(C4=CC5=C(C(C=C6C(C7=CC=C(CCCCCC)C=C7)(C8=CC=C(CCCCCC)C=C8)C9=C(SC(C%10=C(CCCCCCCC)C=C(/C=C%11C(C%12=C(C=C(Cl)C(Cl)=C%12)C\%11=C(C#N)\C#N)=O)S%10)=C9)C6=C%13)=C%13C5(C%14=CC=C(C=C%14)CCCCCC)C%15=CC=C(CCCCCC)C=C%15)S4)S3,11.1,O=C(C1=C(CCC(CCCC)CC)SC(CCC(CC)CCCC)=C1C2=O)C(C2=C(C3)C(C4)=CC=C4C5=CC6=C(C(C7=CC=C(CCC(CCCC)CC)S7)=C8C=CSC8=C6C9=CC=C(CCC(CCCC)CC)S9)S5)=C3C%10=CC=CS%10||O=C(C1=C(C=C(Cl)C(Cl)=C1)C/2=C(C#N)\C#N)C2=C/C3=CC(CCCCCCCC)=C(C4=CC5=C(C(C=C6C(C7=CC=C(CCCCCC)C=C7)(C8=CC=C(CCCCCC)C=C8)C9=C(SC(C%10=C(CCCCCCCC)C=C(/C=C%11C(C%12=C(C=C(Cl)C(Cl)=C%12)C\%11=C(C#N)\C#N)=O)S%10)=C9)C6=C%13)=C%13C5(C%14=CC=C(C=C%14)CCCCCC)C%15=CC=C(CCCCCC)C=C%15)S4)S3,6f31f3770fd225e382586e20513744e11a328b7cc74c758d48628417c600a02b,5ce871f244ea936874e770a3ad0f9068799cd24b7e2aba1e9b1833c643850b26,fe01c0413ffc902a1141ff42f7845f6349b171bca2a81549f9e0a82b3f8eae81,914ff92a61d83fb31967b110ca3860b19c47282d37f1d3ad53f4201d6008a0bb,05eed4dcd2b85f8547b80cae86eb49a35a2a1464dfd6b1a452a77ee6893da4c8,1182,679,22,214
232,11.100000381469728,9.179937362670898,-1.92006301879883,1.92006301879883,3.6866419961588757,17.297864439754175,in-house,260,FC(C(F)=C(C1=NN(N=C21)CC(CCCCCC)CCCCCCCC)C3=CCC(C)S3)=C2C(S4)=CC=C4C(OC5=C(C6=C7OC(C)=C6)C8=CC(F)=C(CC(CC)CCCC)S8)=CC5=C7C9=CC(F)=C(S9)CC(CC)CCCC,c12cc3c(cc1C(c1c2sc2c1sc(c2)/C=C\1/C(=C(C#N)C#N)c2c(C1=O)cccc2)(c1cccc(c1)CCCCCC)c1cc(ccc1)CCCCCC)c1c(C3(c2cc(ccc2)CCCCCC)c2cccc(c2)CCCCCC)c2c(s1)cc(s2)/C=C\1/C(=C(C#N)C#N)c2c(C1=O)cccc2,11.1,FC(C(F)=C(C1=NN(N=C21)CC(CCCCCC)CCCCCCCC)C3=CCC(C)S3)=C2C(S4)=CC=C4C(OC5=C(C6=C7OC(C)=C6)C8=CC(F)=C(CC(CC)CCCC)S8)=CC5=C7C9=CC(F)=C(S9)CC(CC)CCCC||c12cc3c(cc1C(c1c2sc2c1sc(c2)/C=C\1/C(=C(C#N)C#N)c2c(C1=O)cccc2)(c1cccc(c1)CCCCCC)c1cc(ccc1)CCCCCC)c1c(C3(c2cc(ccc2)CCCCCC)c2cccc(c2)CCCCCC)c2c(s1)cc(s2)/C=C\1/C(=C(C#N)C#N)c2c(C1=O)cccc2,6cb9c2c24836a9542be1a9565ff1b1e3eef04b608c5a783188e9af85bef72b6f,50864152acede518837f13b246d168a2c910162b60d24eaca8a12069a3584c43,54d0126ffd4a83e26415d550925559261866d681e84b0d7cb77ce0a3f082e8cf,c1cce8236e3088b7e8ea917ebe148a2aecdae3c85e767909ff3795e84a00a189,97e864d3fb59ef174d80a14fdb583821b062989115a14e5fd1d0db3b3de6657f,386,890,687,219
233,11.050000190734863,11.672405242919922,0.6224050521850586,0.6224050521850586,0.3873880489854855,5.632624809426963,in-house,263,CC1=CC(C(C2=CC=C(S2)[Si](CCC)(CCC)CCC)=C3OC(C4=CC=C(S4)C5=C(C(F)=C(C6=NN(N=C56)CC(CCCCCCCC)CCCCCC)C7=CC=C(C)S7)F)=CC3=C8C9=CC=C(S9)[Si](CCC)(CCC)CCC)=C8O1,c12cc3c(cc1C(c1c2sc2c1sc(c2)/C=C\1/C(=C(C#N)C#N)c2c(C1=O)cccc2)(c1cccc(c1)CCCCCC)c1cc(ccc1)CCCCCC)c1c(C3(c2cc(ccc2)CCCCCC)c2cccc(c2)CCCCCC)c2c(s1)cc(s2)/C=C\1/C(=C(C#N)C#N)c2c(C1=O)cccc2,11.05,CC1=CC(C(C2=CC=C(S2)[Si](CCC)(CCC)CCC)=C3OC(C4=CC=C(S4)C5=C(C(F)=C(C6=NN(N=C56)CC(CCCCCCCC)CCCCCC)C7=CC=C(C)S7)F)=CC3=C8C9=CC=C(S9)[Si](CCC)(CCC)CCC)=C8O1||c12cc3c(cc1C(c1c2sc2c1sc(c2)/C=C\1/C(=C(C#N)C#N)c2c(C1=O)cccc2)(c1cccc(c1)CCCCCC)c1cc(ccc1)CCCCCC)c1c(C3(c2cc(ccc2)CCCCCC)c2cccc(c2)CCCCCC)c2c(s1)cc(s2)/C=C\1/C(=C(C#N)C#N)c2c(C1=O)cccc2,0d8f9d70c9b87f26f29ef30c4c4554b1070cfbc2c08022205ba2f0071089ceac,50864152acede518837f13b246d168a2c910162b60d24eaca8a12069a3584c43,15377f21be6699009a8c540b9c09dd1cfdf1a3ed2716225f43d0f0e9a8b06ddc,e84c33b223de2395d10a25d22347fd7da419d1e20a3688c0783eb715cebb9eee,37ba3f1b1d3dee011b6f8fbd07b1c00e3375ffe28bad8fb637b50cc7f25d714f,100,1071,247,220
257,10.789999961853027,11.517463684082031,0.7274637222290039,0.7274637222290039,0.5292034671592774,6.742017838747725,in-house,292,FC(C(F)=C(C1=NN(N=C21)CC(CCCCCC)CCCCCCCC)C3=CCC(C)S3)=C2C(S4)=CC=C4C(OC5=C(C6=C7OC(C)=C6)C8=CC(Cl)=C(CC(CC)CCCC)S8)=CC5=C7C9=CC(Cl)=C(S9)CC(CC)CCCC,O=C(C/1=C\C2=C(C3=C(S2)C(N4C5=CC=C(CCCCCC)C=C5)=C(C6=C4C7=C(C8=NSN=C68)C(SC9=C%10SC(/C=C%11C(C%12=CC(F)=C(C=C%12C\%11=C(C#N)/C#N)F)=O)=C9CCCCCCCCCCC)=C%10N7C%13=CC=C(CCCCCC)C=C%13)S3)CCCCCCCCCCC)C%14=CC(F)=C(F)C=C%14C1=C(C#N)/C#N,10.79,FC(C(F)=C(C1=NN(N=C21)CC(CCCCCC)CCCCCCCC)C3=CCC(C)S3)=C2C(S4)=CC=C4C(OC5=C(C6=C7OC(C)=C6)C8=CC(Cl)=C(CC(CC)CCCC)S8)=CC5=C7C9=CC(Cl)=C(S9)CC(CC)CCCC||O=C(C/1=C\C2=C(C3=C(S2)C(N4C5=CC=C(CCCCCC)C=C5)=C(C6=C4C7=C(C8=NSN=C68)C(SC9=C%10SC(/C=C%11C(C%12=CC(F)=C(C=C%12C\%11=C(C#N)/C#N)F)=O)=C9CCCCCCCCCCC)=C%10N7C%13=CC=C(CCCCCC)C=C%13)S3)CCCCCCCCCCC)C%14=CC(F)=C(F)C=C%14C1=C(C#N)/C#N,3d9a3a0dcbed6405c766d56db0cb7a4bde351b1ea16bc38b35556778887dabc7,3bc5e962960694d5a8c90d751d3f10c939059169c6882aed8bdcfb92d36d6776,cbcc695c26fd15a2b13ddc044a3d4fc22e48a210a22b3e1d99abe0517f9a2e5e,d6ac11fe89ea0ed1d0f2b42e15a701fedeba61f71db7092acd05d5dbe5b92706,26c7f5cf49a72ed3dc2df4deb205aa373256a4c87585ba7d0688a60c0bfdbf21,970,994,162,243
264,10.710000038146973,9.600849151611328,-1.1091508865356445,1.1091508865356445,1.2302156891028062,10.356217391083671,in-house,300,O=C(C1=C(CCC(CCCC)CC)SC(CCC(CC)CCCC)=C1C2=O)C(C2=C(C3)C(C4)=CC=C4C5=CC6=C(C(C7=CC=C(CCC(CCCC)CC)S7)=C8C=CSC8=C6C9=CC=C(CCC(CCCC)CC)S9)S5)=C3C%10=CC=CS%10,O=C(C(C=CC(F)=C1)=C1C/2=C(C#N)/C#N)C2=C/C3=CC(N4CC(CCCCCC)CCCC)=C(S3)C5=C4C6=C(OCCCCCC)C(S7)=C(C(OCCCCCC)=C6S5)C8=C7C(S9)=C(N8CC(CCCC)CCCCCC)C=C9/C=C(C%10=O)/C(C%11=C%10C=CC(F)=C%11)=C(C#N)/C#N,10.71,O=C(C1=C(CCC(CCCC)CC)SC(CCC(CC)CCCC)=C1C2=O)C(C2=C(C3)C(C4)=CC=C4C5=CC6=C(C(C7=CC=C(CCC(CCCC)CC)S7)=C8C=CSC8=C6C9=CC=C(CCC(CCCC)CC)S9)S5)=C3C%10=CC=CS%10||O=C(C(C=CC(F)=C1)=C1C/2=C(C#N)/C#N)C2=C/C3=CC(N4CC(CCCCCC)CCCC)=C(S3)C5=C4C6=C(OCCCCCC)C(S7)=C(C(OCCCCCC)=C6S5)C8=C7C(S9)=C(N8CC(CCCC)CCCCCC)C=C9/C=C(C%10=O)/C(C%11=C%10C=CC(F)=C%11)=C(C#N)/C#N,6f31f3770fd225e382586e20513744e11a328b7cc74c758d48628417c600a02b,8f837c0afe21e5913faa47b34c5741192788ab04e6d1d3aedf36c8cbbe5eb9bb,2882d43ffee462e8a2b9e6c781d39c5ad2ace9985932a463c9ae0e15e1a22b5c,8ce3bd2a0bcb050db09b96deeed3393e8a53f1416412167690295739b62a424b,8b57d94c2d02826fb29a1187eaedecee84c1d8af49347096835faa027ab80528,174,660,630,250
273,10.600000381469728,12.057162284851074,1.4571619033813459,1.4571619033813459,2.1233208126659466,13.74680991454177,in-house,309,O=C(C1=C(CCC(CCCC)CC)SC(CCC(CC)CCCC)=C1C2=O)C(C2=C(C3)C(C4)=CC=C4C5=CC6=C(C(C7=CC=C(CCC(CCCC)CC)S7)=C8C=CSC8=C6C9=CC=C(CCC(CCCC)CC)S9)S5)=C3C%10=CC=CS%10,CCCCCCCCN1C2=C(SC(/C=C3/C(C4=CC(F)=C(C=C4C3=O)F)=C(C#N)\C#N)=C2)C5=C1C6=C(C5)C(C=C7C(C8=CC=C(OCCCCCC)C=C8)(C9=C(C7=C%10)SC%11=C9N(C%12=C%11SC(/C=C%13/C(C%14=CC(F)=C(C=C%14C%13=O)F)=C(C#N)\C#N)=C%12)CCCCCCCC)C(C=C%15)=CC=C%15OCCCCCC)=C%10C(C%16=CC=C(C=C%16)OCCCCCC)6C%17=CC=C(C=C%17)OCCCCCC,10.6,O=C(C1=C(CCC(CCCC)CC)SC(CCC(CC)CCCC)=C1C2=O)C(C2=C(C3)C(C4)=CC=C4C5=CC6=C(C(C7=CC=C(CCC(CCCC)CC)S7)=C8C=CSC8=C6C9=CC=C(CCC(CCCC)CC)S9)S5)=C3C%10=CC=CS%10||CCCCCCCCN1C2=C(SC(/C=C3/C(C4=CC(F)=C(C=C4C3=O)F)=C(C#N)\C#N)=C2)C5=C1C6=C(C5)C(C=C7C(C8=CC=C(OCCCCCC)C=C8)(C9=C(C7=C%10)SC%11=C9N(C%12=C%11SC(/C=C%13/C(C%14=CC(F)=C(C=C%14C%13=O)F)=C(C#N)\C#N)=C%12)CCCCCCCC)C(C=C%15)=CC=C%15OCCCCCC)=C%10C(C%16=CC=C(C=C%16)OCCCCCC)6C%17=CC=C(C=C%17)OCCCCCC,6f31f3770fd225e382586e20513744e11a328b7cc74c758d48628417c600a02b,895a03db15c0102b035952d812c25412f1297bdff15c8c6e43e1dc9dc38f7d04,ad059580ea04564bd871761a6378a14129102a51e904d858259faa177c96a80f,4cc98d36bbd72789eb7c377c7a6424a50252c37705e15cae3fa7ad3fb4a60374,e553ffde7e98eaedf496a015efb3450cf53a599a097b9d42e9b5e762ab315492,806,365,1064,259
277,10.59000015258789,10.8367919921875,0.24679183959960938,0.24679183959960938,0.06090621209295932,2.330423380960014,in-house,313,CC(S1)=CC=C1C(C2=NN(CC(CCCCCCCC)CCCCCC)N=C32)=C(F)C(F)=C3C4=CC=C(C(S5)=CC(C5=C6C7=CC=C(SCC(CCCC)CCCCCC)S7)=C(C8=CC=C(SCC(CCCC)CCCCCC)S8)C9=C6C=C(C)S9)S4,O=C(C(C=CC=C1)=C1C/2=C(C#N)\C#N)C2=C\C3=CC(C(C4=CC=C(CCCCCC)C=C4)(C5=CC=C(CCCCCC)C=C5)C6=C7SC8=C6C(C9=CC=C(C=C9)SCC(CC)CCCC)=C%10SC(C%11=C(C%12(C%13=CC=C(CCCCCC)C=C%13)C%14=CC=C(CCCCCC)C=C%14)C=C(/C=C%15C(C(C=CC=C%16)=C%16C/%15=C(C#N)/C#N)=O)S%11)=C%12C%10=C8C%17=CC=C(C=C%17)SCC(CCCC)CC)=C7S3,10.59,CC(S1)=CC=C1C(C2=NN(CC(CCCCCCCC)CCCCCC)N=C32)=C(F)C(F)=C3C4=CC=C(C(S5)=CC(C5=C6C7=CC=C(SCC(CCCC)CCCCCC)S7)=C(C8=CC=C(SCC(CCCC)CCCCCC)S8)C9=C6C=C(C)S9)S4||O=C(C(C=CC=C1)=C1C/2=C(C#N)\C#N)C2=C\C3=CC(C(C4=CC=C(CCCCCC)C=C4)(C5=CC=C(CCCCCC)C=C5)C6=C7SC8=C6C(C9=CC=C(C=C9)SCC(CC)CCCC)=C%10SC(C%11=C(C%12(C%13=CC=C(CCCCCC)C=C%13)C%14=CC=C(CCCCCC)C=C%14)C=C(/C=C%15C(C(C=CC=C%16)=C%16C/%15=C(C#N)/C#N)=O)S%11)=C%12C%10=C8C%17=CC=C(C=C%17)SCC(CCCC)CC)=C7S3,40564853f4ed37b96eff95ced732e076e847dfc607b73dc305f6ef354c6ebb08,55167f572b713447105cc62fe0309a0802498aafaf2ea96ab4f52272135993f6,4232a232d090f4c4711fc85a11002af2a43ec6b7aa717e5efc3d6955fcce46be,51386846c57217836bd242229e81c52f763a045abb3ff63a1265905486152cea,14ad1cceb667ad1698ed3dca86910ba521a0f17837cdfded4a98a33a913587d9,301,391,93,262
280,10.5600004196167,9.72695255279541,-0.8330478668212891,0.8330478668212891,0.6939687484155002,7.888710546580893,in-house,317,FC(C(F)=C(C1=NN(N=C21)CCC(CCCC)CCCCCC)C3=CC=C(S3)C)=C2C(S4)=CC=C4C5=CC(C(CCCC(CCCCCC)CCCC)=C6SC(C)=CC6=C7CCCC(CCCC)CCCCCC)=C7S5,O=C(C(C=C(F)C=C1)=C1C/2=C(C#N)\C#N)C2=C/C(S3)=CC4=C3C(C5(C6=CC=C(CCCCCC)C=C6)C7=CC=C(CCCCCC)C=C7)=C(S4)C8=C5C9=C(CCCCCC)C(S%10)=C(C(CCCCCC)=C9S8)C%11=C%10C(S%12)=C(C%11(C%13=CC=C(CCCCCC)C=C%13)C%14=CC=C(CCCCCC)C=C%14)C%15=C%12C=C(/C=C%16C(C(C=C(F)C=C%17)=C%17C\%16=C(C#N)/C#N)=O)S%15,10.56,FC(C(F)=C(C1=NN(N=C21)CCC(CCCC)CCCCCC)C3=CC=C(S3)C)=C2C(S4)=CC=C4C5=CC(C(CCCC(CCCCCC)CCCC)=C6SC(C)=CC6=C7CCCC(CCCC)CCCCCC)=C7S5||O=C(C(C=C(F)C=C1)=C1C/2=C(C#N)\C#N)C2=C/C(S3)=CC4=C3C(C5(C6=CC=C(CCCCCC)C=C6)C7=CC=C(CCCCCC)C=C7)=C(S4)C8=C5C9=C(CCCCCC)C(S%10)=C(C(CCCCCC)=C9S8)C%11=C%10C(S%12)=C(C%11(C%13=CC=C(CCCCCC)C=C%13)C%14=CC=C(CCCCCC)C=C%14)C%15=C%12C=C(/C=C%16C(C(C=C(F)C=C%17)=C%17C\%16=C(C#N)/C#N)=O)S%15,45e95ea37da5bc3e18f2c067cb95f73c851335176098d8fca22fcb29952b2779,584d18a54cda29e39584acace3dd42d114fb8e15e5ce0c6d6ef862c4824c0a5c,8acbefde3ccc413a2f9b5dd2454b313ea009563052da150bf371701b116fe40f,90ab22e3374b2fba6ce6b44bb659d949d1337b2f4446191e097ef4ca0d88075c,1327b5a3b4eeffce25d4cd14a0f14c892598159b3346a3bdbfab678ee91d356d,632,678,82,265
282,10.539999961853027,10.361082077026367,-0.17891788482666016,0.17891788482666016,0.03201160951084603,1.6975131449166039,in-house,320,O=C(C1=C(CC(CCCC)CC)SC(CC(CCCC)CC)=C12)C3=C(C4=CC=CS4)SC(C(S5)=CC=C5C6=CC7=C(C8=CC=C(CC(CCCC)CCCCCC)C=C8)C(SC=C9)=C9C(C%10=CC=C(CC(CCCCCC)CCCC)C=C%10)=C7S6)=C3C2=O,O=C1C(/C(C2=C1C=C(F)C=C2)=C(C#N)/C#N)=C\C3=CC4=C(S3)C(C(C5=CC=C(CCCCCC)C=C5)(C(C=C6C7=C8C9=C(C=C(S9)/C=C%10C(C(C=C(F)C=C%11)=C%11C\%10=C(C#N)\C#N)=O)S7)=C%12C=C6C8(C%13=CC=C(CCCCCC)C=C%13)C%14=CC=C(C=C%14)CCCCCC)C%15=CC=C(CCCCCC)C=C%15)=C%12S4,10.54,O=C(C1=C(CC(CCCC)CC)SC(CC(CCCC)CC)=C12)C3=C(C4=CC=CS4)SC(C(S5)=CC=C5C6=CC7=C(C8=CC=C(CC(CCCC)CCCCCC)C=C8)C(SC=C9)=C9C(C%10=CC=C(CC(CCCCCC)CCCC)C=C%10)=C7S6)=C3C2=O||O=C1C(/C(C2=C1C=C(F)C=C2)=C(C#N)/C#N)=C\C3=CC4=C(S3)C(C(C5=CC=C(CCCCCC)C=C5)(C(C=C6C7=C8C9=C(C=C(S9)/C=C%10C(C(C=C(F)C=C%11)=C%11C\%10=C(C#N)\C#N)=O)S7)=C%12C=C6C8(C%13=CC=C(CCCCCC)C=C%13)C%14=CC=C(C=C%14)CCCCCC)C%15=CC=C(CCCCCC)C=C%15)=C%12S4,826e531b71e4c0ef06b575364b50a339b3da70c19584a5cd5231c22bd6d85201,d9ce3028b8032645a15bd52f29a24add951be555bdcb6b242a5386de4a975e5c,10d3239d26b14aba615e7c92a86c77b340f64844896af328f18842a0769801ae,893f3083c9595a9f0da1e7e0f86fdedc6d6889d706194dc84a4d1064253228cc,728327f7fabc521faacd52afa4a14f65584865660130f547022298f0f32cf9bc,74,646,515,267
298,10.420000076293944,12.136832237243652,1.7168321609497088,1.7168321609497088,2.947512668871247,16.476316203256022,in-house,340,FC1=C(F)C=C(N=C(OCC(CCCCCC)CCCCCCCC)C=N2)C2=C1C3=CC=CS3,FC(C=C1C2=CC(C3(CC(CCCC)CC)CC(CCCC)CC)=C(S2)C(S4)=C3C=C4/C=C(C(C5=CC(Cl)=C(C=C56)Cl)=O)/C6=C(C#N)/C#N)=C(C=C1F)C7=CC8=C(C9=C(C8(CC(CCCC)CC)CC(CCCC)CC)C=C(/C=C%10C(C%11=CC(Cl)=C(C=C%11C\%10=C(C#N)\C#N)Cl)=O)S9)S7,10.42,FC1=C(F)C=C(N=C(OCC(CCCCCC)CCCCCCCC)C=N2)C2=C1C3=CC=CS3||FC(C=C1C2=CC(C3(CC(CCCC)CC)CC(CCCC)CC)=C(S2)C(S4)=C3C=C4/C=C(C(C5=CC(Cl)=C(C=C56)Cl)=O)/C6=C(C#N)/C#N)=C(C=C1F)C7=CC8=C(C9=C(C8(CC(CCCC)CC)CC(CCCC)CC)C=C(/C=C%10C(C%11=CC(Cl)=C(C=C%11C\%10=C(C#N)\C#N)Cl)=O)S9)S7,6d0ebf843ec88894476605165efae2bf8fd910afe87a5868bc4b56e85a61a93d,a7c4b5541b8a9fcdc451b3fdf50c088a6f31721140ab77690d39d1dcc9517b61,436f4cf797f6aea78a302e8ba7921e7dbfd166ac8af60adb5bed5c005999d50a,2d07d3bac87d3e601347ce0e76a94ce220455c02c840baab25d72b908ce77610,014d60ba993de23f70093e8c8a23617a32fc10e3031c0526016e9b9e66e83ce9,308,216,7,282
321,10.199999809265137,8.609426498413086,-1.5905733108520508,1.5905733108520508,2.5299234571948546,15.593856280342855,in-house,366,FC1=C(C(OCC(CCCC)CC)=O)SC2=CSC(C3=CC4=C(C5=C(C(C6=CC=C(CC(CC)CCCC)S6)=C4S3)C=CS5)C7=CC=C(CC(CC)CCCC)S7)=C12,O=C(C1=CC(F)=C(F)C=C1C/2=C(C#N)\C#N)C2=C/C3=CC(OCC(CC)CCCC)=C(C4=CC5=C(C6=CC7=C(C8=C(C7(C9=CC=C(C=C9)CCCCCC)C%10=CC=C(C=C%10)CCCCCC)C=C(C%11=C(OCC(CC)CCCC)C=C(/C=C%12C(C%13=CC(F)=C(F)C=C%13C\%12=C(C#N)\C#N)=O)S%11)S8)C=C6C5(C%14=CC=C(C=C%14)CCCCCC)C%15=CC=C(C=C%15)CCCCCC)S4)S3,10.2,FC1=C(C(OCC(CCCC)CC)=O)SC2=CSC(C3=CC4=C(C5=C(C(C6=CC=C(CC(CC)CCCC)S6)=C4S3)C=CS5)C7=CC=C(CC(CC)CCCC)S7)=C12||O=C(C1=CC(F)=C(F)C=C1C/2=C(C#N)\C#N)C2=C/C3=CC(OCC(CC)CCCC)=C(C4=CC5=C(C6=CC7=C(C8=C(C7(C9=CC=C(C=C9)CCCCCC)C%10=CC=C(C=C%10)CCCCCC)C=C(C%11=C(OCC(CC)CCCC)C=C(/C=C%12C(C%13=CC(F)=C(F)C=C%13C\%12=C(C#N)\C#N)=O)S%11)S8)C=C6C5(C%14=CC=C(C=C%14)CCCCCC)C%15=CC=C(C=C%15)CCCCCC)S4)S3,2249a87c8fc0450476e55f070a85b71ffa6beb368356c28f1302bad8bac422cb,0a6189846e89cf828a3f20d50d9d712b7538b2d40776aced38f06bfa2a63caa3,ef2a3f1a57f973a4decc367338259a9f1c7a8e9b3698a6d541b94658513eb148,4b210cb77cd34f5fab88cccba999c877ae7d5c71a1d7c666ac12384dbcff512f,e0f78589b4d54979baeeca807f6bdd933cf7e233ad32b8a64ed9dfd7905fbe2c,1126,358,1044,94
322,10.199999809265137,7.929058074951172,-2.270941734313965,2.270941734313965,5.1571763606489185,22.264135066465023,in-house,367,FC1=C(C(OCC(CCCC)CC)=O)SC2=CSC(C3=CC4=C(C5=C(C(C6=CC=C(CC(CC)CCCC)S6)=C4S3)C=CS5)C7=CC=C(CC(CC)CCCC)S7)=C12,O=C(C1=CC(F)=C(C=C1C/2=C(C#N)\C#N)F)C2=C/C3=CC(OCC(CCCC)CC)=C(C4=CC5=C(C6=C(C5(CC(CCCC)CC)CC(CC)CCCC)C=C(C7=C(CC(CCCC)CC)C=C(/C=C8C(C9=CC(F)=C(C=C9C\8=C(C#N)\C#N)F)=O)S7)S6)S4)S3,10.2,FC1=C(C(OCC(CCCC)CC)=O)SC2=CSC(C3=CC4=C(C5=C(C(C6=CC=C(CC(CC)CCCC)S6)=C4S3)C=CS5)C7=CC=C(CC(CC)CCCC)S7)=C12||O=C(C1=CC(F)=C(C=C1C/2=C(C#N)\C#N)F)C2=C/C3=CC(OCC(CCCC)CC)=C(C4=CC5=C(C6=C(C5(CC(CCCC)CC)CC(CC)CCCC)C=C(C7=C(CC(CCCC)CC)C=C(/C=C8C(C9=CC(F)=C(C=C9C\8=C(C#N)\C#N)F)=O)S7)S6)S4)S3,2249a87c8fc0450476e55f070a85b71ffa6beb368356c28f1302bad8bac422cb,d9c2b5ccfd17eed0deee5be55d6b3126d6cbab3cb2b09cb5a3cf0d98e3ef3d77,b951484443bf29d963d0c35dae303b30a799cd9920974826a95b55832f1c4a0f,11e7a45e1d39a135c23c494a97f1684a92fd78e8592b365dfc8bbefeab614c90,f86ebbaccebdc9533596b5dd95fad5e4321aa94e026b926f33939bcedff7cfb3,874,87,1161,305
325,10.199999809265137,10.344502449035645,0.1445026397705078,0.1445026397705078,0.020881012900645146,1.416692573261122,in-house,371,O=C(C1=C(CCC(CCCC)CC)SC(CCC(CC)CCCC)=C1C2=O)C(C2=C(C3)C(C4)=CC=C4C5=CC6=C(C(C7=CC=C(CCC(CCCC)CC)S7)=C8C=CSC8=C6C9=CC=C(CCC(CCCC)CC)S9)S5)=C3C%10=CC=CS%10,O=C(C1=C(C=C(Cl)C(Cl)=C1)C/2=C(C#N)\C#N)C2=C/C3=CC(C4(CC(CC)CCCC)CC(CC)CCCC)=C(S3)C(S5)=C4C=C5C(C6=NSN=C76)=CC=C7C8=CC9=C(C%10=C(C9(CC(CCC)CCCC)CC(CC)CCCC)C=C(/C=C%11C(C%12=C(C=C(Cl)C(Cl)=C%12)C\%11=C(C#N)\C#N)=O)S%10)S8,10.2,O=C(C1=C(CCC(CCCC)CC)SC(CCC(CC)CCCC)=C1C2=O)C(C2=C(C3)C(C4)=CC=C4C5=CC6=C(C(C7=CC=C(CCC(CCCC)CC)S7)=C8C=CSC8=C6C9=CC=C(CCC(CCCC)CC)S9)S5)=C3C%10=CC=CS%10||O=C(C1=C(C=C(Cl)C(Cl)=C1)C/2=C(C#N)\C#N)C2=C/C3=CC(C4(CC(CC)CCCC)CC(CC)CCCC)=C(S3)C(S5)=C4C=C5C(C6=NSN=C76)=CC=C7C8=CC9=C(C%10=C(C9(CC(CCC)CCCC)CC(CC)CCCC)C=C(/C=C%11C(C%12=C(C=C(Cl)C(Cl)=C%12)C\%11=C(C#N)\C#N)=O)S%10)S8,6f31f3770fd225e382586e20513744e11a328b7cc74c758d48628417c600a02b,ecca12b886f1a6da9f22f23a538d8d63f4f5a3848ccea19d72d59ddb82a5e598,9ea2f56ba25d4dd613e4b5ddc6efbf1bcb998cd69102911469a23e2724d9baab,4a7741c5c7336610a6d22311ef9a970b689e5a97b35d47ea11296ca96b08ee1c,a12225afb720d4ce6c87acb4d4060cb620a8e6a8c2f2345c7162795b9ca98b82,724,353,735,308
329,10.170000076293944,9.974254608154297,-0.19574546813964666,0.19574546813964666,0.03831628829720943,1.9247341855574343,in-house,375,O=C(C1=C(CC(CCCC)CC)SC(CC(CCCC)CC)=C12)C3=C(C4=CC=CS4)SC(C(S5)=CC=C5C6=CC7=C(C8=CC=C(CC(CCCC)CCCCCC)C=C8)C(SC=C9)=C9C(C%10=CC=C(CC(CCCCCC)CCCC)C=C%10)=C7S6)=C3C2=O,O=C(C1=C(C=C(F)C=C1)C/2=C(C#N)\C#N)C2=C/C3=CC(C4(C5=CC=C(C=C5)CCCCCC)C(C=C6)=CC=C6CCCCCC)=C(C(C=C7C8(C9=CC=C(CCCCCC)C=C9)C%10=CC=C(CCCCCC)C=C%10)=C4C=C7C%11=C8C%12=C(C=C(/C=C%13/C(C%14=C(C%13=O)C=C(C=C%14)F)=C(C#N)/C#N)S%12)S%11)S3,10.17,O=C(C1=C(CC(CCCC)CC)SC(CC(CCCC)CC)=C12)C3=C(C4=CC=CS4)SC(C(S5)=CC=C5C6=CC7=C(C8=CC=C(CC(CCCC)CCCCCC)C=C8)C(SC=C9)=C9C(C%10=CC=C(CC(CCCCCC)CCCC)C=C%10)=C7S6)=C3C2=O||O=C(C1=C(C=C(F)C=C1)C/2=C(C#N)\C#N)C2=C/C3=CC(C4(C5=CC=C(C=C5)CCCCCC)C(C=C6)=CC=C6CCCCCC)=C(C(C=C7C8(C9=CC=C(CCCCCC)C=C9)C%10=CC=C(CCCCCC)C=C%10)=C4C=C7C%11=C8C%12=C(C=C(/C=C%13/C(C%14=C(C%13=O)C=C(C=C%14)F)=C(C#N)/C#N)S%12)S%11)S3,826e531b71e4c0ef06b575364b50a339b3da70c19584a5cd5231c22bd6d85201,84f3f51739087118e5b0854d9bcc923d53c7a278c9af3962449e061c9400137d,32174e92dc4cda3937fdcdce2d736b440079b15e7db5440596c9a59eaa0b5896,9facf3cd6b66958a3145fe98f129ef96243befa7a1d93ec83cf2f3501d8d2098,1a6b687557c6cee758ab9e01f3be944c99ce169399816ba2c3c8bd09f54329ab,223,746,113,312
330,10.149999618530272,7.590535163879394,-2.559464454650878,2.559464454650878,6.5508582946213165,25.21639951570255,in-house,376,FC1=C(C(OCC(CCCC)CC)=O)SC2=CSC(C3=CC4=C(C5=C(C(C6=CC=C(CC(CC)CCCC)S6)=C4S3)C=CS5)C7=CC=C(CC(CC)CCCC)S7)=C12,c1c(c2c(c(c1)c1ccc3c(c1)C(c1c3c3c(c4c1c1c(C4(CCCC)CCCC)cc(cc1)c1ccc(c4c1nsn4)/C=c/1\sc(=C(C#N)C#N)n(c1=O)CC)c1c(C3(CCCC)CCCC)cc(cc1)c1ccc(c3c1nsn3)/C=c/1\sc(=C(C#N)C#N)n(c1=O)CC)(CCCC)CCCC)nsn2)/C=c/1\sc(=C(C#N)C#N)n(c1=O)CC,10.15,FC1=C(C(OCC(CCCC)CC)=O)SC2=CSC(C3=CC4=C(C5=C(C(C6=CC=C(CC(CC)CCCC)S6)=C4S3)C=CS5)C7=CC=C(CC(CC)CCCC)S7)=C12||c1c(c2c(c(c1)c1ccc3c(c1)C(c1c3c3c(c4c1c1c(C4(CCCC)CCCC)cc(cc1)c1ccc(c4c1nsn4)/C=c/1\sc(=C(C#N)C#N)n(c1=O)CC)c1c(C3(CCCC)CCCC)cc(cc1)c1ccc(c3c1nsn3)/C=c/1\sc(=C(C#N)C#N)n(c1=O)CC)(CCCC)CCCC)nsn2)/C=c/1\sc(=C(C#N)C#N)n(c1=O)CC,2249a87c8fc0450476e55f070a85b71ffa6beb368356c28f1302bad8bac422cb,a222cc557aecf625c4e545abe4e40ffb0793f72ebace37d4abe040cc1b9df824,1b658d46b79618f53e3cbce363e33f2470b1bd03d77df460de71e8e1ca5be3b2,21ca568fe29ad99369f07c6a3c73f7894f9f2e7e9e86badc0871e5ee24dbc7a5,5ab220271ca0dd30f5d901679d180914cb38eec749f4087eb876f7cb165e0568,132,159,405,313
331,10.140000343322754,11.414642333984377,1.2746419906616229,1.2746419906616229,1.6247122043578246,12.570433407341861,in-house,377,CC(S1)=CC=C1C(C2=NN(CC(CCCCCCCC)CCCCCC)N=C32)=C(F)C(F)=C3C4=CC=C(C(S5)=CC(C5=C6C7=CC=C(SCC(CCCC)CCCCCC)S7)=C(C8=CC=C(SCC(CCCC)CCCCCC)S8)C9=C6C=C(C)S9)S4,O=C(C(C=C(C=CC=C1)C1=C2)=C2C/3=C(C#N)\C#N)C3=C\C4=CC(C(C5=CC=C(CCCCCC)C=C5)(C6=CC=C(CCCCCC)C=C6)C7=C8SC9=C7C(C%10=CC=C(C=C%10)SCC(CC)CCCC)=C%11SC(C%12=C(C%13(C%14=CC=C(CCCCCC)C=C%14)C%15=CC=C(CCCCCC)C=C%15)C=C(/C=C%16C(C(C=C(C=CC=C%17)C%17=C%18)=C%18C/%16=C(C#N)/C#N)=O)S%12)=C%13C%11=C9C%19=CC=C(C=C%19)SCC(CCCC)CC)=C8S4,10.14,CC(S1)=CC=C1C(C2=NN(CC(CCCCCCCC)CCCCCC)N=C32)=C(F)C(F)=C3C4=CC=C(C(S5)=CC(C5=C6C7=CC=C(SCC(CCCC)CCCCCC)S7)=C(C8=CC=C(SCC(CCCC)CCCCCC)S8)C9=C6C=C(C)S9)S4||O=C(C(C=C(C=CC=C1)C1=C2)=C2C/3=C(C#N)\C#N)C3=C\C4=CC(C(C5=CC=C(CCCCCC)C=C5)(C6=CC=C(CCCCCC)C=C6)C7=C8SC9=C7C(C%10=CC=C(C=C%10)SCC(CC)CCCC)=C%11SC(C%12=C(C%13(C%14=CC=C(CCCCCC)C=C%14)C%15=CC=C(CCCCCC)C=C%15)C=C(/C=C%16C(C(C=C(C=CC=C%17)C%17=C%18)=C%18C/%16=C(C#N)/C#N)=O)S%12)=C%13C%11=C9C%19=CC=C(C=C%19)SCC(CCCC)CC)=C8S4,40564853f4ed37b96eff95ced732e076e847dfc607b73dc305f6ef354c6ebb08,5355c1397adf88c9e98719700f7ae56ff1b9e7f058930fcba5d25282ad610a02,e0b23e2a8142bc099fab8dd867ec7f633d4ab38ef89108783798cae8683f3a09,ca5d8225d48aad368c1eb98824268903a2907aba82bf374af403059538d70559,5bb234916040e175988f44378b07eb5ebc08191441e24d061ef551422abd53ca,1067,930,411,314
333,10.130000114440918,8.77155876159668,-1.3584413528442383,1.3584413528442383,1.8453629091172843,13.410082305011025,in-house,379,CC1=CC=C(S1)C2=CC=C(C(F)=C2F)C3=CC=C(S3)C4=C(CC(CCCCCCCCCCCC)CCCCCCCCCC)C=C(C5=C(C(F)=C(C6=NN(N=C56)CCC)C7=CC(CC(CCCCCCCCCC)CCCCCCCCCCCC)=C(S7)C)F)S4,c12cc3c(cc1C(c1c2sc2c1sc(c2)/C=C\1/C(=C(C#N)C#N)c2c(C1=O)cccc2)(c1ccc(cc1)CCCCCC)c1ccc(cc1)CCCCCC)c1c(C3(c2ccc(cc2)CCCCCC)c2ccc(cc2)CCCCCC)c2c(s1)cc(s2)/C=C\1/C(=C(C#N)C#N)c2c(C1=O)cccc2,10.13,CC1=CC=C(S1)C2=CC=C(C(F)=C2F)C3=CC=C(S3)C4=C(CC(CCCCCCCCCCCC)CCCCCCCCCC)C=C(C5=C(C(F)=C(C6=NN(N=C56)CCC)C7=CC(CC(CCCCCCCCCC)CCCCCCCCCCCC)=C(S7)C)F)S4||c12cc3c(cc1C(c1c2sc2c1sc(c2)/C=C\1/C(=C(C#N)C#N)c2c(C1=O)cccc2)(c1ccc(cc1)CCCCCC)c1ccc(cc1)CCCCCC)c1c(C3(c2ccc(cc2)CCCCCC)c2ccc(cc2)CCCCCC)c2c(s1)cc(s2)/C=C\1/C(=C(C#N)C#N)c2c(C1=O)cccc2,50751842c150480647ffcd5d01de53f701ea69ffc6517212af47da055926937f,202f8607af2cecb83e86b2e4305f8c7e2852bc709bb805b9055691d46a9081c5,ad5ccbb63b6aa1d92fc8b569dec754a162a7e9109ad84ab0ad773a5de0e9fccc,9c2f76083715d7f820ab20f8911f21fa6ad0db76f2e4f931a131d27e6f513226,542381694fbeac7b7891a4d435ae3a24f41493eb472bd746c65fcbff1442e396,807,727,379,316
343,10.039999961853027,9.130311965942385,-0.9096879959106428,0.9096879959106428,0.8275322499039216,9.06063744389444,in-house,395,O=C(C1=C(CCC(CCCC)CC)SC(CCC(CC)CCCC)=C1C2=O)C(C2=C(C3)C(C4)=CC=C4C5=CC6=C(C(C7=CC=C(CCC(CCCC)CC)S7)=C8C=CSC8=C6C9=CC=C(CCC(CCCC)CC)S9)S5)=C3C%10=CC=CS%10,[H]C1=CC2=C(C(/C(C2=O)=C/C3=C(C(OC)=C(C4=CC(SC5=C6C(C7=CC=C(C=C7)CCCCCC)(C8=C5C=C(C9=C8)C(C(C=C%10)=CC=C%10CCCCCC)(C%11=CC=C(CCCCCC)C=C%11)C%12=C9SC%13=C%12SC(C%14=C(OC)C(OC)=C(/C=C%15/C(C(C=C(F)C([H])=C%16)=C%16C%15=O)=C(C#N)/C#N)S%14)=C%13)C%17=CC=C(CCCCCC)C=C%17)=C6S4)S3)OC)=C(C#N)\C#N)C=C1F,10.04,O=C(C1=C(CCC(CCCC)CC)SC(CCC(CC)CCCC)=C1C2=O)C(C2=C(C3)C(C4)=CC=C4C5=CC6=C(C(C7=CC=C(CCC(CCCC)CC)S7)=C8C=CSC8=C6C9=CC=C(CCC(CCCC)CC)S9)S5)=C3C%10=CC=CS%10||[H]C1=CC2=C(C(/C(C2=O)=C/C3=C(C(OC)=C(C4=CC(SC5=C6C(C7=CC=C(C=C7)CCCCCC)(C8=C5C=C(C9=C8)C(C(C=C%10)=CC=C%10CCCCCC)(C%11=CC=C(CCCCCC)C=C%11)C%12=C9SC%13=C%12SC(C%14=C(OC)C(OC)=C(/C=C%15/C(C(C=C(F)C([H])=C%16)=C%16C%15=O)=C(C#N)/C#N)S%14)=C%13)C%17=CC=C(CCCCCC)C=C%17)=C6S4)S3)OC)=C(C#N)\C#N)C=C1F,6f31f3770fd225e382586e20513744e11a328b7cc74c758d48628417c600a02b,8e8b8df49425a0dc8d48da06efefee519a5ea106dda60c521e7847648020877d,6a0343389e99de53a3a7c7928d6c1ed1af8d3b6b5c5d41b273b708a9a7db3273,aea954a03bd4d813863126b56d3033b3628a43a893fd9670e07e84c1a422ae10,b6bf21a17f4b775dd158cc958aab2240b54a5b344ea02e7252cc84497f218ed8,481,796,844,324
344,10.039999961853027,12.082202911376951,2.042202949523924,2.042202949523924,4.170592887044215,20.34066690521188,in-house,396,O=C1C2=C(CC(CC)CCCC)SC(CC(CC)CCCC)=C2C(C3=C(C4=CC=C(C5=CC(C(C6=CC(F)=C(CC(CC)CCCC)S6)=C(SC=C7)C7=C8C9=CC(F)=C(CC(CC)CCCC)S9)=C8S5)S4)SC(C%10=CC=CS%10)=C31)=O,O=C1C2=C(C=CC(C)=C2)C(/C1=C/C(S3)=CC4=C3C(S5)=C(C4(C6=CC=C(CCCCCC)C=C6)C7=CC=C(CCCCCC)C=C7)C(C5=C8C9=CC(SC(CCC(CCCC)CC)=C%10)=C%10S9)=C(C%11=CC(SC(CC(CC)CCCC)=C%12)=C%12S%11)C%13=C8C(C%14(C%15=CC=C(CCCCCC)C=C%15)C%16=CC=CC(CCCCCC)=C%16)=C(S%13)C(S%17)=C%14C=C%17/C=C%18/C(C%19=C(C%18=O)C=C(C)C=C%19)=C(C#N)\C#N)=C(C#N)\C#N,10.04,O=C1C2=C(CC(CC)CCCC)SC(CC(CC)CCCC)=C2C(C3=C(C4=CC=C(C5=CC(C(C6=CC(F)=C(CC(CC)CCCC)S6)=C(SC=C7)C7=C8C9=CC(F)=C(CC(CC)CCCC)S9)=C8S5)S4)SC(C%10=CC=CS%10)=C31)=O||O=C1C2=C(C=CC(C)=C2)C(/C1=C/C(S3)=CC4=C3C(S5)=C(C4(C6=CC=C(CCCCCC)C=C6)C7=CC=C(CCCCCC)C=C7)C(C5=C8C9=CC(SC(CCC(CCCC)CC)=C%10)=C%10S9)=C(C%11=CC(SC(CC(CC)CCCC)=C%12)=C%12S%11)C%13=C8C(C%14(C%15=CC=C(CCCCCC)C=C%15)C%16=CC=CC(CCCCCC)=C%16)=C(S%13)C(S%17)=C%14C=C%17/C=C%18/C(C%19=C(C%18=O)C=C(C)C=C%19)=C(C#N)\C#N)=C(C#N)\C#N,65482d735aa1f382b817dd8d95b1689b39b0b3c26138949c2680844f1b1f5ea0,cdcd1d23d07e5406bc96ec9e74e0fe4e2fa22e3f599ba70baee968f748d6f754,1a094d4bc4eeccb3490e97d163b8e0732f1e8bd0b7aa1c8707b86b327ca66092,9bbbb379cbe85ea3a4c1ab74ff64ff82bd94c9ee1c044a19ae32dabfee9479c8,a342960bbaa4dd63cc4e5c15e17db487a4bf8cebb6ba20e7b10a2382796f1aa8,125,724,746,325
347,9.9399995803833,12.876216888427734,2.9362173080444336,2.9362173080444336,8.6213720800597,29.53941078467539,in-house,399,CC(S1)=CC=C1C2=C3C(C(C4=C(SC(CC(CC)CCCC)=C4C3=O)CC(CCCC)CC)=O)=C(S2)C(S5)=CC=C5C6=CC7=C(C8=CC(Cl)=C(CCCCCC[H])C8)C9=C(C=C(S9)C)C(C%10=CC(Cl)=C(CCCCCC[H])C%10)=C7S6,O=C(C/1=C\C2=C(C3=C(S2)C(N4C5=CC=C(CCCCCC)C=C5)=C(C6=C4C7=C(C8=NSN=C68)C(SC9=C%10SC(/C=C%11C(C%12=CC(F)=C(C=C%12C\%11=C(C#N)/C#N)F)=O)=C9CCCCCCCCCCC)=C%10N7C%13=CC=C(CCCCCC)C=C%13)S3)CCCCCCCCCCC)C%14=CC(F)=C(F)C=C%14C1=C(C#N)/C#N,9.94,CC(S1)=CC=C1C2=C3C(C(C4=C(SC(CC(CC)CCCC)=C4C3=O)CC(CCCC)CC)=O)=C(S2)C(S5)=CC=C5C6=CC7=C(C8=CC(Cl)=C(CCCCCC[H])C8)C9=C(C=C(S9)C)C(C%10=CC(Cl)=C(CCCCCC[H])C%10)=C7S6||O=C(C/1=C\C2=C(C3=C(S2)C(N4C5=CC=C(CCCCCC)C=C5)=C(C6=C4C7=C(C8=NSN=C68)C(SC9=C%10SC(/C=C%11C(C%12=CC(F)=C(C=C%12C\%11=C(C#N)/C#N)F)=O)=C9CCCCCCCCCCC)=C%10N7C%13=CC=C(CCCCCC)C=C%13)S3)CCCCCCCCCCC)C%14=CC(F)=C(F)C=C%14C1=C(C#N)/C#N,8b29d3d5301cf2d653354de8d3aaa7257489649af4af132858ce9d7190182aeb,3bc5e962960694d5a8c90d751d3f10c939059169c6882aed8bdcfb92d36d6776,c48c419210053590d16cf032d67cc029a35dd4ddb24f9adfadc92310e088c79f,811678e23af12f80039d8229d64bf8022abeb598750df9184c79a248775fcc55,ec64b345b9ec85a4351c21d81febc659c063b55dd4fe2a684e02c6f3640199ce,943,616,1108,328
351,9.890000343322754,11.57124137878418,1.6812410354614258,1.6812410354614258,2.826571419319407,16.99940320625487,in-house,404,O=C1C2=C(CC(CC)CCCC)SC(CC(CC)CCCC)=C2C(C3=C(C4=CC=C(C5=CC(C(C6=CC(F)=C(CC(CC)CCCC)S6)=C(SC=C7)C7=C8C9=CC(F)=C(CC(CC)CCCC)S9)=C8S5)S4)SC(C%10=CC=CS%10)=C31)=O,O=C(C1=C(C=C(F)C(F)=C1)C/2=C(C#N)\C#N)C2=C/C3=CC(C4(C5=CC=C(C=C5)CCCCCC)C6=CC=C(CCCCCC)C=C6)=C(C7=C4C=C(C8=NN=C(C9=CC%10=C(C%11=C(C%10(C%12=CC=C(CCCCCC)C=C%12)C%13=CC=C(CCCCCC)C=C%13)C=C(/C=C%14C(C%15=C(C=C(F)C(F)=C%15)C\%14=C(C#N)\C#N)=O)S%11)S9)C=C8)S7)S3,9.89,O=C1C2=C(CC(CC)CCCC)SC(CC(CC)CCCC)=C2C(C3=C(C4=CC=C(C5=CC(C(C6=CC(F)=C(CC(CC)CCCC)S6)=C(SC=C7)C7=C8C9=CC(F)=C(CC(CC)CCCC)S9)=C8S5)S4)SC(C%10=CC=CS%10)=C31)=O||O=C(C1=C(C=C(F)C(F)=C1)C/2=C(C#N)\C#N)C2=C/C3=CC(C4(C5=CC=C(C=C5)CCCCCC)C6=CC=C(CCCCCC)C=C6)=C(C7=C4C=C(C8=NN=C(C9=CC%10=C(C%11=C(C%10(C%12=CC=C(CCCCCC)C=C%12)C%13=CC=C(CCCCCC)C=C%13)C=C(/C=C%14C(C%15=C(C=C(F)C(F)=C%15)C\%14=C(C#N)\C#N)=O)S%11)S9)C=C8)S7)S3,65482d735aa1f382b817dd8d95b1689b39b0b3c26138949c2680844f1b1f5ea0,0509823377c044dfdeb3a7341d3f4d67a53be90d34debbf3ee442b2c796a54df,b68d9ea913e0b34a919171631ee50ffc5fa3179d5f0aa1da0be872609b241c5b,caa77e2a286e28ba18687851eac35988c661663c808e9742cf72c7375b07ecc3,6e0439d2a2337d36b8376d41179a4191513782263e9b76b53492db1c39d74c6a,860,932,498,332
355,9.81999969482422,7.982796669006348,-1.8372030258178729,1.8372030258178729,3.375314958074348,18.70878903169619,in-house,409,FC1=C(C(OCC(CCCC)CC)=O)SC2=CSC(C3=CC4=C(C5=C(C(C6=CC=C(CC(CC)CCCC)S6)=C4S3)C=CS5)C7=CC=C(CC(CC)CCCC)S7)=C12,FC1=C(C(OC(CC)CCCCC)=O)SC2=C(/C=C3C(C4=C(C=C(C([H])=C4)[H])C\3=C(C#N)\C#N)=O)SC(C5=CC6=C(S5)C7=C(C=C(C(C8(C9C=CC(CCCCCC)=CC9)C%10=CC=C(C=C%10)CCCCCC)=C7)C%11=C8C=C(S%11)C%12=C%13C(SC(C(OC(CC)CCCCC)=O)=C%13F)=C(S%12)/C=C%14C(C%15=C(C=C(C([H])=C%15)[H])C\%14=C(C#N)\C#N)=O)C6(C%16=CC=C(C=C%16)CCCCCC)C%17=CC=C(C=C%17)CCCCCC)=C12,9.82,FC1=C(C(OCC(CCCC)CC)=O)SC2=CSC(C3=CC4=C(C5=C(C(C6=CC=C(CC(CC)CCCC)S6)=C4S3)C=CS5)C7=CC=C(CC(CC)CCCC)S7)=C12||FC1=C(C(OC(CC)CCCCC)=O)SC2=C(/C=C3C(C4=C(C=C(C([H])=C4)[H])C\3=C(C#N)\C#N)=O)SC(C5=CC6=C(S5)C7=C(C=C(C(C8(C9C=CC(CCCCCC)=CC9)C%10=CC=C(C=C%10)CCCCCC)=C7)C%11=C8C=C(S%11)C%12=C%13C(SC(C(OC(CC)CCCCC)=O)=C%13F)=C(S%12)/C=C%14C(C%15=C(C=C(C([H])=C%15)[H])C\%14=C(C#N)\C#N)=O)C6(C%16=CC=C(C=C%16)CCCCCC)C%17=CC=C(C=C%17)CCCCCC)=C12,2249a87c8fc0450476e55f070a85b71ffa6beb368356c28f1302bad8bac422cb,744f630a6b1d67c8823d0029f233a6ce86135152a2212d9930127e19d63dba24,4daa3ade6ee136d252538f249b0ced2190bfbb8431fba32469414b1a660e954e,302822de49a917335c3fc17f164bad1feae02f67857b28c113a5d7bcd23b4b62,a7e7f2b387d877bf3390c236768d6503c8c84e31fe28c9cde39c31aff89dde2d,358,239,774,336
357,9.8100004196167,10.195669174194336,0.3856687545776367,0.3856687545776367,0.14874038825746538,3.931383670549381,in-house,411,O=C(C1=C(CCC(CCCC)CC)SC(CCC(CC)CCCC)=C1C2=O)C(C2=C(C3)C(C4)=CC=C4C5=CC6=C(C(C7=CC=C(CCC(CCCC)CC)S7)=C8C=CSC8=C6C9=CC=C(CCC(CCCC)CC)S9)S5)=C3C%10=CC=CS%10,CCC(CCCC)CN1C2=C(C=C(C(C3=CC=C(CCCCCC)C=C3)(C4=CC=C(CCCCCC)C=C4)C5=C6SC7=C5SC(/C=C8C(C(C=C(F)C(F)=C9)=C9C\8=C(C#N)\C#N)=O)=C7)C6=C2)C%10=C1C=C(C%11=C%12C%13=C(C=C(S%13)/C=C%14C(C%15=CC([F])=C(C=C%15C\%14=C(C#N)/C#N)[F])=O)S%11)C(C%12(C%16=CC=C(CCCCCC)C=C%16)C%17CC=C(C=C%17)CCCCCC)=C%10,9.81,O=C(C1=C(CCC(CCCC)CC)SC(CCC(CC)CCCC)=C1C2=O)C(C2=C(C3)C(C4)=CC=C4C5=CC6=C(C(C7=CC=C(CCC(CCCC)CC)S7)=C8C=CSC8=C6C9=CC=C(CCC(CCCC)CC)S9)S5)=C3C%10=CC=CS%10||CCC(CCCC)CN1C2=C(C=C(C(C3=CC=C(CCCCCC)C=C3)(C4=CC=C(CCCCCC)C=C4)C5=C6SC7=C5SC(/C=C8C(C(C=C(F)C(F)=C9)=C9C\8=C(C#N)\C#N)=O)=C7)C6=C2)C%10=C1C=C(C%11=C%12C%13=C(C=C(S%13)/C=C%14C(C%15=CC([F])=C(C=C%15C\%14=C(C#N)/C#N)[F])=O)S%11)C(C%12(C%16=CC=C(CCCCCC)C=C%16)C%17CC=C(C=C%17)CCCCCC)=C%10,6f31f3770fd225e382586e20513744e11a328b7cc74c758d48628417c600a02b,1eb9f9285acab9c61692d63082d3e5a2593a76024732c9b378f06d67375c43b9,3fe92d112a611a08998f0c87b08d8654568a32a8f6b6adee31c2584071bff4b6,5b160aa4d10c7b9f6d80c00759a811399989723116109b2a75452ffab71f79e1,67e55f4582cccd1c7663564817fe2bf7051b9a1585a38c7afb89facd0e25190e,287,427,469,338
366,9.65999984741211,7.737459659576416,-1.9225401878356934,1.9225401878356934,3.696160773843303,19.90207265221373,in-house,422,O=C(C1=C(CCC(CCCC)CC)SC(CCC(CC)CCCC)=C1C2=O)C(C2=C(C3)C(C4)=CC=C4C5=CC6=C(C(C7=CC=C(CCC(CCCC)CC)S7)=C8C=CSC8=C6C9=CC=C(CCC(CCCC)CC)S9)S5)=C3C%10=CC=CS%10,O=C(C(C=C(C([H])=C1)[H])=C1C/2=C(C#N)/C#N)C2=C/C3=CC4=C(S3)C5=CC6=C(C=C5C4(C7=CC=C(CC(CCCCCC)CCCC)C=C7)C8=CC=C(CC(CCCCCC)CCCC)C=C8)C9=C(C=C%10C%11=C(C=C(S%11)/C=C%12C(C(C=C(C([H])=C%13)[H])=C%13C\%12=C(C#N)/C#N)=O)C(C%14=CC=C(CC(CCCCCC)CCCC)C=C%14)(C%15=CC=C(CC(CCCCCC)CCCC)C=C%15)C%10=C9)S6,9.66,O=C(C1=C(CCC(CCCC)CC)SC(CCC(CC)CCCC)=C1C2=O)C(C2=C(C3)C(C4)=CC=C4C5=CC6=C(C(C7=CC=C(CCC(CCCC)CC)S7)=C8C=CSC8=C6C9=CC=C(CCC(CCCC)CC)S9)S5)=C3C%10=CC=CS%10||O=C(C(C=C(C([H])=C1)[H])=C1C/2=C(C#N)/C#N)C2=C/C3=CC4=C(S3)C5=CC6=C(C=C5C4(C7=CC=C(CC(CCCCCC)CCCC)C=C7)C8=CC=C(CC(CCCCCC)CCCC)C=C8)C9=C(C=C%10C%11=C(C=C(S%11)/C=C%12C(C(C=C(C([H])=C%13)[H])=C%13C\%12=C(C#N)/C#N)=O)C(C%14=CC=C(CC(CCCCCC)CCCC)C=C%14)(C%15=CC=C(CC(CCCCCC)CCCC)C=C%15)C%10=C9)S6,6f31f3770fd225e382586e20513744e11a328b7cc74c758d48628417c600a02b,092342653c7c402f736b06267a57d0031fed8a2f4b6dfe78262b24d53542d9cd,c115145a5dd809b6e291ae7b1f8f7b4d60d223502bbde92646ae2dd9d5e6c001,0500e04d8b09feaba4b6bf5afbe808317a6a7c72cd6ce41ffd751cb070f7cb11,ebd73288a2130b150b77999ad8eac536c584ecaa641afcdafe817dd0104f4f54,918,26,1103,345
367,9.649999618530272,10.96826171875,1.3182621002197283,1.3182621002197283,1.737814964875729,13.660747692552802,in-house,423,O=C(C1=C(CCC(CCCC)CC)SC(CCC(CC)CCCC)=C1C2=O)C(C2=C(C3)C(C4)=CC=C4C5=CC6=C(C(C7=CC=C(CCC(CCCC)CC)S7)=C8C=CSC8=C6C9=CC=C(CCC(CCCC)CC)S9)S5)=C3C%10=CC=CS%10,O=C(C1=C(C=C(F)C(F)=C1)C/2=C(C#N)\C#N)C2=C/C3=CC(C4(CCCCCCCC)CCCCCCCC)=C(S3)C(S5)=C4C=C5C(C6=NSN=C6C(C7=CC8=C(C9=C(C8(CCCCCCCC)CCCCCCCC)C=C(/C=C%10C(C(C=C(F)C(F)=C%11)=C%11C\%10=C(C#N)\C#N)=O)S9)S7)=C%12OCCCCCCCC)=C%12OCCCCCCCC,9.65,O=C(C1=C(CCC(CCCC)CC)SC(CCC(CC)CCCC)=C1C2=O)C(C2=C(C3)C(C4)=CC=C4C5=CC6=C(C(C7=CC=C(CCC(CCCC)CC)S7)=C8C=CSC8=C6C9=CC=C(CCC(CCCC)CC)S9)S5)=C3C%10=CC=CS%10||O=C(C1=C(C=C(F)C(F)=C1)C/2=C(C#N)\C#N)C2=C/C3=CC(C4(CCCCCCCC)CCCCCCCC)=C(S3)C(S5)=C4C=C5C(C6=NSN=C6C(C7=CC8=C(C9=C(C8(CCCCCCCC)CCCCCCCC)C=C(/C=C%10C(C(C=C(F)C(F)=C%11)=C%11C\%10=C(C#N)\C#N)=O)S9)S7)=C%12OCCCCCCCC)=C%12OCCCCCCCC,6f31f3770fd225e382586e20513744e11a328b7cc74c758d48628417c600a02b,adce1fc2db641b8974b4737ceaced735c05096d3b0f34b221ed0f035a931dd69,59c5226269c3a50c8f1ab8b2a71a8d94a6334cce6a480e20f416828db85bc2d4,7f1b4d5ca76ab711d0a399cfefd3b8bb95050fe37ad47523dcf028b249c0cb23,6f97d5da5212ebe46ae09053c53d75092a70b5906ea91a27ebd61035d6bb4a5b,408,606,505,346
368,9.630000114440918,7.624190330505371,-2.005809783935547,2.005809783935547,4.023272889331565,20.828761787112366,in-house,424,CC1=CC2=C(C3=C(C(C4=CC=C(S4)SCC)=C2S1)C=C(C5=C(CC6CCCCC6)C=C(C7=C(C(C8=C(SC(CC(CCCC)CC)=C8C9=O)CC(CCCC)CC)=O)C9=C(C%10=CC(CC%11CCCCC%11)=C(S%10)C)S7)S5)S3)C%12=CC=C(S%12)SCC,c12cc3c(cc1C(c1c2sc2c1sc(c2)/C=C\1/C(=C(C#N)C#N)c2c(C1=O)cccc2)(c1ccc(cc1)CCCCCC)c1ccc(cc1)CCCCCC)c1c(C3(c2ccc(cc2)CCCCCC)c2ccc(cc2)CCCCCC)c2c(s1)cc(s2)/C=C\1/C(=C(C#N)C#N)c2c(C1=O)cccc2,9.63,CC1=CC2=C(C3=C(C(C4=CC=C(S4)SCC)=C2S1)C=C(C5=C(CC6CCCCC6)C=C(C7=C(C(C8=C(SC(CC(CCCC)CC)=C8C9=O)CC(CCCC)CC)=O)C9=C(C%10=CC(CC%11CCCCC%11)=C(S%10)C)S7)S5)S3)C%12=CC=C(S%12)SCC||c12cc3c(cc1C(c1c2sc2c1sc(c2)/C=C\1/C(=C(C#N)C#N)c2c(C1=O)cccc2)(c1ccc(cc1)CCCCCC)c1ccc(cc1)CCCCCC)c1c(C3(c2ccc(cc2)CCCCCC)c2ccc(cc2)CCCCCC)c2c(s1)cc(s2)/C=C\1/C(=C(C#N)C#N)c2c(C1=O)cccc2,e9012489a8fbf448ad97b58deaf5a228c251126bf52d5b301c169a36bae05798,202f8607af2cecb83e86b2e4305f8c7e2852bc709bb805b9055691d46a9081c5,e874eddd23a369c20ab4d3ffa09ddfd9f65c825695544992a34e4dcf0cff7989,fe3554eecc7d91f44cd65b885880607ec0d3adbdd5dccb9f4f5ad8b12dfda3f9,ab891cb2b2fe655ebafb51eee965ae33cfeb757aa7949fe0b36aebe459361b66,1097,1182,790,347
371,9.600000381469728,11.112360000610352,1.5123596191406232,1.5123596191406232,2.287231617607171,15.753745406717224,in-house,427,O=C(C1=C(CCC(CCCC)CC)SC(CCC(CC)CCCC)=C1C2=O)C(C2=C(C3)C(C4)=CC=C4C5=CC6=C(C(C7=CC=C(CCC(CCCC)CC)S7)=C8C=CSC8=C6C9=CC=C(CCC(CCCC)CC)S9)S5)=C3C%10=CC=CS%10,O=C(C(C=C(C(Cl)=C1)Cl)=C1C/2=C(C#N)\C#N)C2=C/C3=CC4=C(C(C5(C(C=C6)=CC=C6CCCCCC)C7=CC=C(C=C7)CCCCCC)=C(C(C=C8C9(C%10=CC=C(C=C%10)CCCCCC)C%11=CC=C(C=C%11)CCCCCC)=C5C=C8C%12=C9C%13=C(C=C(S%13)/C=C%14C(C(C=C(C(Cl)=C%15)Cl)=C%15C\%14=C(C#N)\C#N)=O)S%12)S4)S3,9.6,O=C(C1=C(CCC(CCCC)CC)SC(CCC(CC)CCCC)=C1C2=O)C(C2=C(C3)C(C4)=CC=C4C5=CC6=C(C(C7=CC=C(CCC(CCCC)CC)S7)=C8C=CSC8=C6C9=CC=C(CCC(CCCC)CC)S9)S5)=C3C%10=CC=CS%10||O=C(C(C=C(C(Cl)=C1)Cl)=C1C/2=C(C#N)\C#N)C2=C/C3=CC4=C(C(C5(C(C=C6)=CC=C6CCCCCC)C7=CC=C(C=C7)CCCCCC)=C(C(C=C8C9(C%10=CC=C(C=C%10)CCCCCC)C%11=CC=C(C=C%11)CCCCCC)=C5C=C8C%12=C9C%13=C(C=C(S%13)/C=C%14C(C(C=C(C(Cl)=C%15)Cl)=C%15C\%14=C(C#N)\C#N)=O)S%12)S4)S3,6f31f3770fd225e382586e20513744e11a328b7cc74c758d48628417c600a02b,dcf842694d53827077961931c0e460a45a792bc12c0b37ed12451efc871162d4,b905cfd92074c07c944339d53966cdc74f3cd82c0a9e32230e5522c66c258a83,4675368c6d9329a9277293b1a9c6acf0f8dc3baa1865a1957efaff572da376c0,a64b3c6ec8d1f6d06e97dd89d532530c42662656baef0fb31543407ece71a689,871,339,766,350
372,9.600000381469728,11.81863784790039,2.2186374664306623,2.2186374664306623,4.922352207449868,23.11080602364514,in-house,428,O=C1C2=C(CC(CC)CCCC)SC(CC(CC)CCCC)=C2C(C3=C(C4=CC=C(C5=CC(C(C6=CC(F)=C(CC(CC)CCCC)S6)=C(SC=C7)C7=C8C9=CC(F)=C(CC(CC)CCCC)S9)=C8S5)S4)SC(C%10=CC=CS%10)=C31)=O,CCCCCCC(C=C1)=CC=C1C2(C3=C(C4=C2C(C=C([Se]C5=C6C(C7=CC=C(C=C7)CCCCCC)(C8=C5SC(/C=C9/C(C%10=CC(Br)=C(Br)C=C%10C9=O)=C(C#N)/C#N)=C8)C%11=CC=C(C=C%11)CCCCCC)C6=C%12)=C%12[Se]4)SC(/C=C%13C(C%14=CC(Br)=C(Br)C=C%14C/%13=C(C#N)/C#N)=O)=C3)C(C=C%15)=CC=C%15CCCCCC,9.6,O=C1C2=C(CC(CC)CCCC)SC(CC(CC)CCCC)=C2C(C3=C(C4=CC=C(C5=CC(C(C6=CC(F)=C(CC(CC)CCCC)S6)=C(SC=C7)C7=C8C9=CC(F)=C(CC(CC)CCCC)S9)=C8S5)S4)SC(C%10=CC=CS%10)=C31)=O||CCCCCCC(C=C1)=CC=C1C2(C3=C(C4=C2C(C=C([Se]C5=C6C(C7=CC=C(C=C7)CCCCCC)(C8=C5SC(/C=C9/C(C%10=CC(Br)=C(Br)C=C%10C9=O)=C(C#N)/C#N)=C8)C%11=CC=C(C=C%11)CCCCCC)C6=C%12)=C%12[Se]4)SC(/C=C%13C(C%14=CC(Br)=C(Br)C=C%14C/%13=C(C#N)/C#N)=O)=C3)C(C=C%15)=CC=C%15CCCCCC,65482d735aa1f382b817dd8d95b1689b39b0b3c26138949c2680844f1b1f5ea0,bb569252532d4c713b2f1d1e0bcedb68756a561ae5b7ec548e66afb1fd977a92,be0c0845f16e2c84d12562fd6db09b203ca5aa0599ebe2bd5776128965d954f4,915277fb1cb55f92def01bf09936f2c25b968facc044e4741d2896273b615306,ba565292e3edbe32133690523c0f5172f71ba81257f02c3c81295ec669a704b9,904,680,864,351
378,9.550000190734863,10.914632797241213,1.3646326065063494,1.3646326065063494,1.8622221507403132,14.28934637959774,in-house,435,O=C(C1=C(CCC(CCCC)CC)SC(CCC(CC)CCCC)=C1C2=O)C(C2=C(C3)C(C4)=CC=C4C5=CC6=C(C(C7=CC=C(CCC(CCCC)CC)S7)=C8C=CSC8=C6C9=CC=C(CCC(CCCC)CC)S9)S5)=C3C%10=CC=CS%10,O=C(C(C=CC(C)=C1)=C1C/2=C(C#N)\C#N)C2=C/C3=CC4=C(C(C5(C(C=C6)=CC=C6CCCCCC)C7=CC=C(C=C7)CCCCCC)=C(C(C=C8C9(C%10=CC=C(C=C%10)CCCCCC)C%11=CC=C(C=C%11)CCCCCC)=C5C=C8C%12=C9C%13=C(C=C(S%13)/C=C%14C(C(C=CC(C)=C%15)=C%15C\%14=C(C#N)\C#N)=O)S%12)S4)S3,9.55,O=C(C1=C(CCC(CCCC)CC)SC(CCC(CC)CCCC)=C1C2=O)C(C2=C(C3)C(C4)=CC=C4C5=CC6=C(C(C7=CC=C(CCC(CCCC)CC)S7)=C8C=CSC8=C6C9=CC=C(CCC(CCCC)CC)S9)S5)=C3C%10=CC=CS%10||O=C(C(C=CC(C)=C1)=C1C/2=C(C#N)\C#N)C2=C/C3=CC4=C(C(C5(C(C=C6)=CC=C6CCCCCC)C7=CC=C(C=C7)CCCCCC)=C(C(C=C8C9(C%10=CC=C(C=C%10)CCCCCC)C%11=CC=C(C=C%11)CCCCCC)=C5C=C8C%12=C9C%13=C(C=C(S%13)/C=C%14C(C(C=CC(C)=C%15)=C%15C\%14=C(C#N)\C#N)=O)S%12)S4)S3,6f31f3770fd225e382586e20513744e11a328b7cc74c758d48628417c600a02b,cde7b4c6e67e08b94794272f876a911efd95a80db6963e3814f33de0c9b21cdb,a0e072be53d08a6994145fca2f517fe867bb0a4cf036501fe153cf62dfc715bc,ec52bacb6177305ea5d3bf5ab7785eee8fcce9679fb4cae1472862462b9c21f5,2f500362a69e12a018090e2fb19135297b9b5b2acb6f49c30136f698cda74011,744,1093,213,357
381,9.539999961853027,9.72695255279541,0.1869525909423828,0.1869525909423828,0.034951271260069916,1.9596707724312146,in-house,438,FC(C(F)=C(C1=NN(N=C21)CCC(CCCC)CCCCCC)C3=CC=C(S3)C)=C2C(S4)=CC=C4C5=CC(C(CCCC(CCCCCC)CCCC)=C6SC(C)=CC6=C7CCCC(CCCC)CCCCCC)=C7S5,O=C(C(C=C(F)C=C1)=C1C/2=C(C#N)\C#N)C2=C/C(S3)=CC4=C3C(C5(C6=CC=C(CCCCCC)C=C6)C7=CC=C(CCCCCC)C=C7)=C(S4)C8=C5C9=C(CCCCCCCCCCCC)C(S%10)=C(C(CCCCCCCCCCCC)=C9S8)C%11=C%10C(S%12)=C(C%11(C%13=CC=C(CCCCCC)C=C%13)C%14=CC=C(CCCCCC)C=C%14)C%15=C%12C=C(/C=C%16C(C(C=C(F)C=C%17)=C%17C\%16=C(C#N)/C#N)=O)S%15,9.54,FC(C(F)=C(C1=NN(N=C21)CCC(CCCC)CCCCCC)C3=CC=C(S3)C)=C2C(S4)=CC=C4C5=CC(C(CCCC(CCCCCC)CCCC)=C6SC(C)=CC6=C7CCCC(CCCC)CCCCCC)=C7S5||O=C(C(C=C(F)C=C1)=C1C/2=C(C#N)\C#N)C2=C/C(S3)=CC4=C3C(C5(C6=CC=C(CCCCCC)C=C6)C7=CC=C(CCCCCC)C=C7)=C(S4)C8=C5C9=C(CCCCCCCCCCCC)C(S%10)=C(C(CCCCCCCCCCCC)=C9S8)C%11=C%10C(S%12)=C(C%11(C%13=CC=C(CCCCCC)C=C%13)C%14=CC=C(CCCCCC)C=C%14)C%15=C%12C=C(/C=C%16C(C(C=C(F)C=C%17)=C%17C\%16=C(C#N)/C#N)=O)S%15,45e95ea37da5bc3e18f2c067cb95f73c851335176098d8fca22fcb29952b2779,584d18a54cda29e39584acace3dd42d114fb8e15e5ce0c6d6ef862c4824c0a5c,8acbefde3ccc413a2f9b5dd2454b313ea009563052da150bf371701b116fe40f,90ab22e3374b2fba6ce6b44bb659d949d1337b2f4446191e097ef4ca0d88075c,1327b5a3b4eeffce25d4cd14a0f14c892598159b3346a3bdbfab678ee91d356d,632,678,82,265
382,9.520000457763672,9.470812797546388,-0.04918766021728338,0.04918766021728338,0.002419425917650922,0.5166770782786073,in-house,439,FC(C(F)=C(C1=NN(N=C21)CCC(CCCC)CCCCCC)C3=CC=C(S3)C)=C2C(S4)=CC=C4C5=CC(C(CCCC(CCCCCC)CCCC)=C6SC(C)=CC6=C7CCCC(CCCC)CCCCCC)=C7S5,O=C(C(C=C(F)C=C1)=C1C/2=C(C#N)\C#N)C2=C/C(S3)=CC4=C3C(C5(C6=CC=C(CCCCCC)C=C6)C7=CC=C(CCCCCC)C=C7)=C(S4)C8=C5C9=C(C)C(S%10)=C(C(C)=C9S8)C%11=C%10C(S%12)=C(C%11(C%13=CC=C(CCCCCC)C=C%13)C%14=CC=C(CCCCCC)C=C%14)C%15=C%12C=C(/C=C%16C(C(C=C(F)C=C%17)=C%17C\%16=C(C#N)/C#N)=O)S%15,9.52,FC(C(F)=C(C1=NN(N=C21)CCC(CCCC)CCCCCC)C3=CC=C(S3)C)=C2C(S4)=CC=C4C5=CC(C(CCCC(CCCCCC)CCCC)=C6SC(C)=CC6=C7CCCC(CCCC)CCCCCC)=C7S5||O=C(C(C=C(F)C=C1)=C1C/2=C(C#N)\C#N)C2=C/C(S3)=CC4=C3C(C5(C6=CC=C(CCCCCC)C=C6)C7=CC=C(CCCCCC)C=C7)=C(S4)C8=C5C9=C(C)C(S%10)=C(C(C)=C9S8)C%11=C%10C(S%12)=C(C%11(C%13=CC=C(CCCCCC)C=C%13)C%14=CC=C(CCCCCC)C=C%14)C%15=C%12C=C(/C=C%16C(C(C=C(F)C=C%17)=C%17C\%16=C(C#N)/C#N)=O)S%15,45e95ea37da5bc3e18f2c067cb95f73c851335176098d8fca22fcb29952b2779,42725007662ea87d0f202b8705aebecabb60efac20730af20b536334f23baebc,e18842cbf68bea59292f6d00902138a649eda0c590e6b554a41789944a8283d6,320e1676045ad9ef2ed1318e191007bc8558258a594ccd1b12de01164318c8de,ab1a8498878c93d8c7475f2fa0515a60bbf24092473889805ca91653d0008296,1069,256,789,360
403,9.300000190734863,6.501927375793457,-2.7980728149414062,2.7980728149414062,7.829211477714125,30.086803844681526,in-house,465,FC(C(F)=C(C1=N2)C3=CC=C(S3)C4=CC5=C(C6=C(C(C7=CC(Cl)=C(S7)CC(CCCC)CC)=C5S4)C=C(C)S6)C8=CC(Cl)=C(S8)CC(CCCC)CC)=C(C9=CC=C(C)S9)C1=NN2CCC(CCCCCC)CCCCCCCC,c1(cc2c(cc1F)C(=O)/C(=C\c1cc3c(s1)c1c(s3)c3c(C1(c1ccc(cc1)CCCCCC)c1ccc(cc1)CCCCCC)cc1c(c3)C(c3c1sc1c3sc(c1)/C=C/1\C(=O)c3c(C1=C(C#N)C#N)cc(c(c3)F)F)(c1ccc(cc1)CCCCCC)c1ccc(cc1)CCCCCC)/C2=C(C#N)C#N)F,9.3,FC(C(F)=C(C1=N2)C3=CC=C(S3)C4=CC5=C(C6=C(C(C7=CC(Cl)=C(S7)CC(CCCC)CC)=C5S4)C=C(C)S6)C8=CC(Cl)=C(S8)CC(CCCC)CC)=C(C9=CC=C(C)S9)C1=NN2CCC(CCCCCC)CCCCCCCC||c1(cc2c(cc1F)C(=O)/C(=C\c1cc3c(s1)c1c(s3)c3c(C1(c1ccc(cc1)CCCCCC)c1ccc(cc1)CCCCCC)cc1c(c3)C(c3c1sc1c3sc(c1)/C=C/1\C(=O)c3c(C1=C(C#N)C#N)cc(c(c3)F)F)(c1ccc(cc1)CCCCCC)c1ccc(cc1)CCCCCC)/C2=C(C#N)C#N)F,b24b4e9aa4a16946a0c7c88634b4e17dcd8edc4c5829fff92fa8d0153f9bda5f,69e17d1724b4236f68d0c6efb6ad16969f13f8980d301d0056747038b20f0c8d,28b55f5b9f85e9c457287eafcce22d5755dbbc6d3f6b8927bf44384b8f6fd36f,ecc17bfcc47bd3721f3f4df6b8e0ab02efd80bdc3d7e6cb188e9d92d7079ff63,21dbce05cc4c37297a77239175630beee17579749b12c60d59373610bafa1107,175,1095,138,144
406,9.300000190734863,11.396488189697266,2.0964879989624023,2.0964879989624023,4.395261929793378,22.54288124693837,in-house,468,O=C(C1=C(CCC(CCCC)CC)SC(CCC(CC)CCCC)=C1C2=O)C(C2=C(C3)C(C4)=CC=C4C5=CC6=C(C(C7=CC=C(CCC(CCCC)CC)S7)=C8C=CSC8=C6C9=CC=C(CCC(CCCC)CC)S9)S5)=C3C%10=CC=CS%10,ClC(C(Cl)=C1)=CC2=C1C(/C(C2=O)=C/C(S3)=CC4=C3C(C(C5=CC=C(CCCCCC)C=C5)(C6=CC=C(CCCCCC)C=C6)C7=C8C=C9C(C(SC%10=C%11SC%12=C%10C(C%13=CC=C(CCCCCC)C=C%13)(C%14=CC=C(CCCCCC)C=C%14)C%15=C%12C=C%16C(C(SC%17=C%18SC(/C=C%19C(C(C=C(Cl)C(Cl)=C%20)=C%20C\%19=C(C#N)\C#N)=O)=C%17)=C%18C%16(C%21=CC=C(CCCCCC)C=C%21)C%22=CC=C(CCCCCC)C=C%22)=C%15)=C%11C9(C%23=CC=C(CCCCCC)C=C%23)C%24=CC=C(CCCCCC)C=C%24)=C7)=C8S4)=C(C#N)/C#N,9.3,O=C(C1=C(CCC(CCCC)CC)SC(CCC(CC)CCCC)=C1C2=O)C(C2=C(C3)C(C4)=CC=C4C5=CC6=C(C(C7=CC=C(CCC(CCCC)CC)S7)=C8C=CSC8=C6C9=CC=C(CCC(CCCC)CC)S9)S5)=C3C%10=CC=CS%10||ClC(C(Cl)=C1)=CC2=C1C(/C(C2=O)=C/C(S3)=CC4=C3C(C(C5=CC=C(CCCCCC)C=C5)(C6=CC=C(CCCCCC)C=C6)C7=C8C=C9C(C(SC%10=C%11SC%12=C%10C(C%13=CC=C(CCCCCC)C=C%13)(C%14=CC=C(CCCCCC)C=C%14)C%15=C%12C=C%16C(C(SC%17=C%18SC(/C=C%19C(C(C=C(Cl)C(Cl)=C%20)=C%20C\%19=C(C#N)\C#N)=O)=C%17)=C%18C%16(C%21=CC=C(CCCCCC)C=C%21)C%22=CC=C(CCCCCC)C=C%22)=C%15)=C%11C9(C%23=CC=C(CCCCCC)C=C%23)C%24=CC=C(CCCCCC)C=C%24)=C7)=C8S4)=C(C#N)/C#N,6f31f3770fd225e382586e20513744e11a328b7cc74c758d48628417c600a02b,5198039f6ab01650dcfec979ad640aed885437d4772f7461b636c35320a72f75,da9075fe03b6cb4fa556ed9b28ce145ee1e443111f434f611643350490605b8c,0abd52263025c6bbc2886684544aa3ccc19adb746091bef06006d37d888a5510,382b8cea53881bc44b0afaa9db675cf8d818e2339462605dc780d148baeda323,1035,56,249,382
407,9.289999961853027,7.655611991882324,-1.6343879699707031,1.6343879699707031,2.671224036384956,17.592981449751267,in-house,469,O=C(C1=C(CCC(CCCC)CC)SC(CCC(CC)CCCC)=C1C2=O)C(C2=C(C3)C(C4)=CC=C4C5=CC6=C(C(C7=CC=C(CCC(CCCC)CC)S7)=C8C=CSC8=C6C9=CC=C(CCC(CCCC)CC)S9)S5)=C3C%10=CC=CS%10,O=C(/C(S/1)=C/C(C2=NSN=C32)=CC=C3C4=CC(SC5=C6C(C(C=C7)=CC=C7CCCCCC)(C(C=C8)=CC=C8CCCCCC)C(C5=C9)=CC%10=C9C(C%11=CC=C(CCCCCC)C=C%11)(C%12=CC=C(C=C%12)CCCCCC)C%13=C%10SC%14=C%13SC(C(C%15=NSN=C%16%15)=CC=C%16/C=C(C%17=O)\S/C(N%17CCCCCCCC)=C(C#N)/C#N)=C%14)=C6S4)N(CCCCCCCC)C1=C(C#N)\C#N,9.29,O=C(C1=C(CCC(CCCC)CC)SC(CCC(CC)CCCC)=C1C2=O)C(C2=C(C3)C(C4)=CC=C4C5=CC6=C(C(C7=CC=C(CCC(CCCC)CC)S7)=C8C=CSC8=C6C9=CC=C(CCC(CCCC)CC)S9)S5)=C3C%10=CC=CS%10||O=C(/C(S/1)=C/C(C2=NSN=C32)=CC=C3C4=CC(SC5=C6C(C(C=C7)=CC=C7CCCCCC)(C(C=C8)=CC=C8CCCCCC)C(C5=C9)=CC%10=C9C(C%11=CC=C(CCCCCC)C=C%11)(C%12=CC=C(C=C%12)CCCCCC)C%13=C%10SC%14=C%13SC(C(C%15=NSN=C%16%15)=CC=C%16/C=C(C%17=O)\S/C(N%17CCCCCCCC)=C(C#N)/C#N)=C%14)=C6S4)N(CCCCCCCC)C1=C(C#N)\C#N,6f31f3770fd225e382586e20513744e11a328b7cc74c758d48628417c600a02b,4da3cebe78c96a8bee5c1562cc09c06cd7e893c3670f05122be6e03840af6f22,a0acdf2ad7f0ed4bd72ea71895835293921b6c20e616e90ab1254463481ade12,15cf52e456acacfb4c3bd7ac271e1814fb18dac5b89c80a3cc74fd56dad955d2,97e001f840015da66161c01434b73a15bfcaef6ae9dba5491141af98822635a4,741,109,686,383
413,9.239999771118164,7.07332706451416,-2.166672706604004,2.166672706604004,4.69447061754272,23.44883939690626,in-house,476,[Cl]C1=C(CC)SC(C2=C3C(C=C(C)C3)C(C4=CC([Cl])=C(S4)CC)=C5SC(C6=CC=C(S6)C7=C(C(C8=C(SC(CC)=C8C9=O)CC)=O)C9=C(C%10=CC=C(S%10)C)S7)=CC25)=C1,O=C(C(C=C(C(Cl)=C1)Cl)=C1C/2=C(C#N)\C#N)C2=C/C3=CC(C4(C5=CC=C(C=C5)CCCCCC)C(C=C6)=CC=C6CCCCCC)=C(C(C=C7C8(C(C=C9)=CC=C9CCCCCC)C(C=C%10)=CC=C%10CCCCCC)=C4C=C7C%11=C8C=C(/C=C%12C(C(C=C(C(Cl)=C%13)Cl)=C%13C\%12=C(C#N)\C#N)=O)S%11)S3,9.24,[Cl]C1=C(CC)SC(C2=C3C(C=C(C)C3)C(C4=CC([Cl])=C(S4)CC)=C5SC(C6=CC=C(S6)C7=C(C(C8=C(SC(CC)=C8C9=O)CC)=O)C9=C(C%10=CC=C(S%10)C)S7)=CC25)=C1||O=C(C(C=C(C(Cl)=C1)Cl)=C1C/2=C(C#N)\C#N)C2=C/C3=CC(C4(C5=CC=C(C=C5)CCCCCC)C(C=C6)=CC=C6CCCCCC)=C(C(C=C7C8(C(C=C9)=CC=C9CCCCCC)C(C=C%10)=CC=C%10CCCCCC)=C4C=C7C%11=C8C=C(/C=C%12C(C(C=C(C(Cl)=C%13)Cl)=C%13C\%12=C(C#N)\C#N)=O)S%11)S3,7a11f928c0e326f5a997d7edb123c3e2980ed2dc99d8540493801d0b5415b33f,1deed1f0d0fb5917a5688be3b10705c3a9716618064f4fe6ff1d92b887f11460,d50461ad90b0273c2be4a5307b7615e5a4cd6cde775a6de6cc16e3ebe907b87a,31fae172152c19286525e3c726ed638cc13576c9f8c13b0044e83aa81e272767,a921ddd706f2aee528e5db62317cf440e74516074d5d715e94fb3ad49877473a,1013,254,779,389
417,9.199999809265137,9.358861923217772,0.15886211395263494,0.15886211395263494,0.02523717124949997,1.7267621439801342,in-house,481,FC(C(F)=C(C1=NN(N=C21)CCC)C3=CC(CC(CCCCCCCCCC)CCCCCCCCCCCC)=C(S3)C4=CC=C(S4)C5=CC(F)=C(C=C5F)C6=CC=C(C)S6)=C2C7=CC(CC(CCCCCCCCCCCC)CCCCCCCCCC)=C(C)S7,O=C(C1=CC=CC=C1C/2=C(C#N)\C#N)C2=C/C3=CC4=C(C(C(C5=CC=C(CCCCCC)S5)(C6=C7C=C8C(C9=CC=C(S9)CCCCCC)(C%10=CC=C(S%10)CCCCCC)C%11=C(SC%12=C%11SC(/C=C%13C(C%14=CC=CC=C%14C\%13=C(C#N)\C#N)=O)=C%12)C8=C6)C(S%15)=CC=C%15CCCCCC)=C7S4)S3,9.2,FC(C(F)=C(C1=NN(N=C21)CCC)C3=CC(CC(CCCCCCCCCC)CCCCCCCCCCCC)=C(S3)C4=CC=C(S4)C5=CC(F)=C(C=C5F)C6=CC=C(C)S6)=C2C7=CC(CC(CCCCCCCCCCCC)CCCCCCCCCC)=C(C)S7||O=C(C1=CC=CC=C1C/2=C(C#N)\C#N)C2=C/C3=CC4=C(C(C(C5=CC=C(CCCCCC)S5)(C6=C7C=C8C(C9=CC=C(S9)CCCCCC)(C%10=CC=C(S%10)CCCCCC)C%11=C(SC%12=C%11SC(/C=C%13C(C%14=CC=CC=C%14C\%13=C(C#N)\C#N)=O)=C%12)C8=C6)C(S%15)=CC=C%15CCCCCC)=C7S4)S3,9a8df04966ed33d348b6c32ec29968e5c9f9a947ba20227865e8f68e6506e7d2,324d6e5b76a9400503a81056ec0f63ac76d712428565dd1fa4bf1871d8f66e0c,9d772aa4e62cfed3ebee0f0243b1d51ed295f5b1069e81da586f63509a81d7ec,b1f2e5a41dfc1ead679123a5c1d4c9398ccf2c598f7f1f3ef5d88b2131a1d37c,fb21d5b04f099d8bf3fd59d599e1adfb87ecdf53b5cbb2d826f62b7fd9051cdf,717,807,1168,393
418,9.199999809265137,9.95842170715332,0.7584218978881836,0.7584218978881836,0.5752037751963144,8.243716452302445,in-house,482,O=C(C1=C(CCC(CCCC)CC)SC(CCC(CC)CCCC)=C1C2=O)C(C2=C(C3)C(C4)=CC=C4C5=CC6=C(C(C7=CC=C(CCC(CCCC)CC)S7)=C8C=CSC8=C6C9=CC=C(CCC(CCCC)CC)S9)S5)=C3C%10=CC=CS%10,O=C1C(/C(C2=CSC=C21)=C(C#N)\C#N)=C\C3=CC4=C(C(C=C5C(C6=CC=C(CCCCCC)C=C6)(C7=CC=C(CCCCCC)C=C7)C8=C(SC9=C8SC(/C=C%10C(C%11=CSC=C%11C\%10=C(C#N)/C#N)=O)=C9)C5=C%12)=C%12C4(C%13=CC=C(CCCCCC)C=C%13)C%14=CC=C(CCCCCC)C=C%14)S3,9.2,O=C(C1=C(CCC(CCCC)CC)SC(CCC(CC)CCCC)=C1C2=O)C(C2=C(C3)C(C4)=CC=C4C5=CC6=C(C(C7=CC=C(CCC(CCCC)CC)S7)=C8C=CSC8=C6C9=CC=C(CCC(CCCC)CC)S9)S5)=C3C%10=CC=CS%10||O=C1C(/C(C2=CSC=C21)=C(C#N)\C#N)=C\C3=CC4=C(C(C=C5C(C6=CC=C(CCCCCC)C=C6)(C7=CC=C(CCCCCC)C=C7)C8=C(SC9=C8SC(/C=C%10C(C%11=CSC=C%11C\%10=C(C#N)/C#N)=O)=C9)C5=C%12)=C%12C4(C%13=CC=C(CCCCCC)C=C%13)C%14=CC=C(CCCCCC)C=C%14)S3,6f31f3770fd225e382586e20513744e11a328b7cc74c758d48628417c600a02b,dd8b6bed37d09ecab0cbb55cab8737534c3645713d8a7938e6148245365fcab5,ec2d89a89746db25b0a596b8cda9e221f15320372a930cef49e300ac53075039,480b9d4b614e69d7f86d4ec1c7b6d03f4ba04a23e13f03bf093044f16ad788f2,913f5c4acb5acd3b9d7e6f8d15f3add7f86e867a2eb3cc420803c0a0a6f7b41f,1113,343,659,394
419,9.1899995803833,11.35464859008789,2.16464900970459,2.16464900970459,4.6857053352150615,23.55439726379515,in-house,483,O=C(C1=C(CCC(CCCC)CC)SC(CCC(CC)CCCC)=C1C2=O)C(C2=C(C3)C(C4)=CC=C4C5=CC6=C(C(C7=CC=C(CCC(CCCC)CC)S7)=C8C=CSC8=C6C9=CC=C(CCC(CCCC)CC)S9)S5)=C3C%10=CC=CS%10,N#C/C(C#N)=C(C1=CC=CC=C1C2=O)/C2=C/C3=CC4=C(C5=C(C=C6C(C(CCCCCC)(CCCCCC)C7=C6SC(/C=C8/C(C9=CC=CC=C9C8=O)=C(C#N)/C#N)=C7)=C5)C4(CCCCCC)CCCCCC)S3,9.19,O=C(C1=C(CCC(CCCC)CC)SC(CCC(CC)CCCC)=C1C2=O)C(C2=C(C3)C(C4)=CC=C4C5=CC6=C(C(C7=CC=C(CCC(CCCC)CC)S7)=C8C=CSC8=C6C9=CC=C(CCC(CCCC)CC)S9)S5)=C3C%10=CC=CS%10||N#C/C(C#N)=C(C1=CC=CC=C1C2=O)/C2=C/C3=CC4=C(C5=C(C=C6C(C(CCCCCC)(CCCCCC)C7=C6SC(/C=C8/C(C9=CC=CC=C9C8=O)=C(C#N)/C#N)=C7)=C5)C4(CCCCCC)CCCCCC)S3,6f31f3770fd225e382586e20513744e11a328b7cc74c758d48628417c600a02b,0cc00e1ba2d95fe8288dc072edf395ee6fc3678daa4e12f6703c7be7d2c5a409,2e04d14dd450a0193aa5384d4e2543c6e5910fef19bc229cba5eef79ad8b8300,32009831a6351f02a68cb2910a7b563f3286ef21e8c7d5ed69cae15ab5884891,7de2f922f7bf3fc40af78adfc935fa05cd30577855405d82236cc71c573cf43b,203,255,574,395
425,9.119999885559082,9.88323211669922,0.7632322311401385,0.7632322311401385,0.5825234386511537,8.368774569270187,in-house,489,FC(C(F)=C(C1=NN(N=C21)CCC(CCCC)CCCCCC)C3=CC=C(S3)C)=C2C(S4)=CC=C4C5=CC(C(CCCC(CCCCCC)CCCC)=C6SC(C)=CC6=C7CCCC(CCCC)CCCCCC)=C7S5,O=C1C2=C(C=C(F)C=C2)C(/C1=C/C(S3)=CC4=C3C(SC5=C6SC7=C5OC(C8=CC=C(CCCCCC)C=C8)(C9=CC=C(CCCCCC)C=C9)C%10=C7SC(/C=C%11/C(C(C=CC(F)=C%12)=C%12C%11=O)=C(C#N)\C#N)=C%10)=C6OC4(C%13=CC=C(CCCCCC)C=C%13)C%14=CC=C(CCCCCC)C=C%14)=C(C#N)/C#N,9.12,FC(C(F)=C(C1=NN(N=C21)CCC(CCCC)CCCCCC)C3=CC=C(S3)C)=C2C(S4)=CC=C4C5=CC(C(CCCC(CCCCCC)CCCC)=C6SC(C)=CC6=C7CCCC(CCCC)CCCCCC)=C7S5||O=C1C2=C(C=C(F)C=C2)C(/C1=C/C(S3)=CC4=C3C(SC5=C6SC7=C5OC(C8=CC=C(CCCCCC)C=C8)(C9=CC=C(CCCCCC)C=C9)C%10=C7SC(/C=C%11/C(C(C=CC(F)=C%12)=C%12C%11=O)=C(C#N)\C#N)=C%10)=C6OC4(C%13=CC=C(CCCCCC)C=C%13)C%14=CC=C(CCCCCC)C=C%14)=C(C#N)/C#N,45e95ea37da5bc3e18f2c067cb95f73c851335176098d8fca22fcb29952b2779,9b32ab6fe99218e450196f03c323ab90d19901cf835dd04fa263e1171b59f8fa,b999aa1801a5895a37b85f54822d668abd246c8710a4c41216e0ae5355625780,00f7924ab5f417c71eb907e2c8046e629e35de7f530d83ab6b5a3fe8a6520752,01c6a9f2b9bc11d46405563ec812bb95e7efdbedda9f3b17e5f8c7f98c84a74e,877,4,9,401
430,9.09000015258789,8.994897842407227,-0.09510231018066406,0.09510231018066406,0.00904444940169924,1.046230017428424,in-house,494,FC(C=C(C1=C2SC=CC2=C(C3=CC(F)=C(CC(CCCC)CC)S3)C4=C1C=C(C5=CC=C(C6=C(C(C(C7=C(CC(CCCC)CC)SC(CC(CC)CCCC)=C78)=O)=C(C9=CC=CC9)S6)C8=O)S5)S4)S%10)=C%10CC(CC)CCCC,[F]C1=C(C(F)=C(C(C2=CC(C(CC(CCCC)CC)(CC(CCCC)CC)C3=C4SC(/C=C5C(C6=CC(F)=C(C=C6C\5=C(C#N)\C#N)F)=O)=C3)=C4S2)=C1F)[F])C7=CC8=C(C9=C(C8(CC(CCCC)CC)CC(CCCC)CC)C=C(/C=C%10C(C%11=CC(F)=C(C=C%11C\%10=C(C#N)/C#N)S)=O)S9)S7,9.09,FC(C=C(C1=C2SC=CC2=C(C3=CC(F)=C(CC(CCCC)CC)S3)C4=C1C=C(C5=CC=C(C6=C(C(C(C7=C(CC(CCCC)CC)SC(CC(CC)CCCC)=C78)=O)=C(C9=CC=CC9)S6)C8=O)S5)S4)S%10)=C%10CC(CC)CCCC||[F]C1=C(C(F)=C(C(C2=CC(C(CC(CCCC)CC)(CC(CCCC)CC)C3=C4SC(/C=C5C(C6=CC(F)=C(C=C6C\5=C(C#N)\C#N)F)=O)=C3)=C4S2)=C1F)[F])C7=CC8=C(C9=C(C8(CC(CCCC)CC)CC(CCCC)CC)C=C(/C=C%10C(C%11=CC(F)=C(C=C%11C\%10=C(C#N)/C#N)S)=O)S9)S7,61eee9608e36bdb1d3a96a3ad1baa39916f3a546e29d11481966a5a2d3d30f3c,db6e55e19b955541153e3586ccdfaf2d6b81a3b211d8827c73781e91aa285e89,3733c63849f8be9d9b1f0345dbcf8884f527afc50febc88941ef17c944470d70,e78e8546302456a858d3c27c0a6d20f20ca0a7f0f1893dfc02ab6a050cb1b510,ebd55e0289b660ee81c8419271bd8d1c287d7cefd7d3a46434ddd21436ac801b,242,1068,1102,406
431,9.050000190734863,9.209641456604004,0.15964126586914062,0.15964126586914062,0.025485333768301643,1.7639918508794827,in-house,495,CC1=CC(C(S1)=C(C2=C3SC(C4=CC=C(C5=C6C(C(C7=C(SC(CCCCCCCC)=C7C6=O)CCCCCCCC)=O)=C(C8=CC=C(C)S8)S5)S4)=C2)C9=CC=C(S9)CC(CC)CCCC)=C3C%10=CC=C(S%10)CC(CCCC)CC,c12cc3c(cc1C(c1c2sc2c1sc(c2)/C=C\1/C(=C(C#N)C#N)c2c(C1=O)cccc2)(c1ccc(cc1)CCCCCC)c1ccc(cc1)CCCCCC)c1c(C3(c2ccc(cc2)CCCCCC)c2ccc(cc2)CCCCCC)c2c(s1)cc(s2)/C=C\1/C(=C(C#N)C#N)c2c(C1=O)cccc2,9.05,CC1=CC(C(S1)=C(C2=C3SC(C4=CC=C(C5=C6C(C(C7=C(SC(CCCCCCCC)=C7C6=O)CCCCCCCC)=O)=C(C8=CC=C(C)S8)S5)S4)=C2)C9=CC=C(S9)CC(CC)CCCC)=C3C%10=CC=C(S%10)CC(CCCC)CC||c12cc3c(cc1C(c1c2sc2c1sc(c2)/C=C\1/C(=C(C#N)C#N)c2c(C1=O)cccc2)(c1ccc(cc1)CCCCCC)c1ccc(cc1)CCCCCC)c1c(C3(c2ccc(cc2)CCCCCC)c2ccc(cc2)CCCCCC)c2c(s1)cc(s2)/C=C\1/C(=C(C#N)C#N)c2c(C1=O)cccc2,3d2964df018da7416712535bee785ad82cc65b6266b1700967597b351c1ccdfd,202f8607af2cecb83e86b2e4305f8c7e2852bc709bb805b9055691d46a9081c5,28ba53a3c91ad8a057db57d30c4afa377762bf85961098a89de95beb8d1690d9,d0e3a0fa2bb06124e26d74f996a4ccf2935d5f186dd3569511b3663a4692ab78,11d78e9c29b3c63f0a440a7b54bbca77c9df1b6691abf42c5bc856fa944b699f,176,966,77,407
432,9.029999732971191,8.576559066772461,-0.45344066619873047,0.45344066619873047,0.2056084377627485,5.021491468522251,in-house,496,c1csc2c1c(c1c(c2c2cc(c(s2)CCCCCCCC)CCCCCCCC)cc(s1)c1sc(c(c1)CCCCCC)c1sc2c(n1)sc(n2)c1sccc1CCCCCC)c1cc(c(s1)CCCCCCCC)CCCCCCCC,c12cc3c(cc1C(c1c2sc2c1sc(c2)/C=C\1/C(=C(C#N)C#N)c2c(C1=O)cccc2)(c1ccc(cc1)OCCCCCC)c1ccc(cc1)OCCCCCC)c1c(C3(c2ccc(cc2)OCCCCCC)c2ccc(cc2)OCCCCCC)c2c(s1)cc(s2)/C=C\1/C(=C(C#N)C#N)c2c(C1=O)cccc2,9.03,c1csc2c1c(c1c(c2c2cc(c(s2)CCCCCCCC)CCCCCCCC)cc(s1)c1sc(c(c1)CCCCCC)c1sc2c(n1)sc(n2)c1sccc1CCCCCC)c1cc(c(s1)CCCCCCCC)CCCCCCCC||c12cc3c(cc1C(c1c2sc2c1sc(c2)/C=C\1/C(=C(C#N)C#N)c2c(C1=O)cccc2)(c1ccc(cc1)OCCCCCC)c1ccc(cc1)OCCCCCC)c1c(C3(c2ccc(cc2)OCCCCCC)c2ccc(cc2)OCCCCCC)c2c(s1)cc(s2)/C=C\1/C(=C(C#N)C#N)c2c(C1=O)cccc2,7ef4e8f49637126dc67c9159eaedd500d4beeced87b4940d8372cd582ad7778e,2fc7b353270f61ced8b2448b3caced6f270384248a93de6efbe60c799205a6dc,98dbb84cea39fa6b8bda49e17d4f04668852d8f04abc167a5eced77f0fb94340,c9d5aaf48d9ba1bc9fd929e0af5cd96ec263057b8e41b1a4aab325d5a26e1bea,0ff426f1f71b87f32e5c533722c7e12204853d8d53c4477c4a1b46b5613f2e88,697,928,74,408
433,9.029999732971191,10.250843048095703,1.2208433151245117,1.2208433151245117,1.4904584000842078,13.519859924988179,in-house,497,O=C(C1=C(CCC(CCCC)CC)SC(CCC(CC)CCCC)=C1C2=O)C(C2=C(C3)C(C4)=CC=C4C5=CC6=C(C(C7=CC=C(CCC(CCCC)CC)S7)=C8C=CSC8=C6C9=CC=C(CCC(CCCC)CC)S9)S5)=C3C%10=CC=CS%10,FC(C=C1C2=CC(C3(CC(CCCC)CC)CC(CCCC)CC)=C(S2)C(S4)=C3C=C4/C=C(C(C5=CC(Cl)=C(C=C56)Cl)=O)/C6=C(C#N)/C#N)=C(C=C1F)C7=CC8=C(C9=C(C8(CC(CCCC)CC)CC(CCCC)CC)C=C(/C=C%10C(C%11=CC(Cl)=C(C=C%11C\%10=C(C#N)\C#N)Cl)=O)S9)S7,9.03,O=C(C1=C(CCC(CCCC)CC)SC(CCC(CC)CCCC)=C1C2=O)C(C2=C(C3)C(C4)=CC=C4C5=CC6=C(C(C7=CC=C(CCC(CCCC)CC)S7)=C8C=CSC8=C6C9=CC=C(CCC(CCCC)CC)S9)S5)=C3C%10=CC=CS%10||FC(C=C1C2=CC(C3(CC(CCCC)CC)CC(CCCC)CC)=C(S2)C(S4)=C3C=C4/C=C(C(C5=CC(Cl)=C(C=C56)Cl)=O)/C6=C(C#N)/C#N)=C(C=C1F)C7=CC8=C(C9=C(C8(CC(CCCC)CC)CC(CCCC)CC)C=C(/C=C%10C(C%11=CC(Cl)=C(C=C%11C\%10=C(C#N)\C#N)Cl)=O)S9)S7,6f31f3770fd225e382586e20513744e11a328b7cc74c758d48628417c600a02b,a7c4b5541b8a9fcdc451b3fdf50c088a6f31721140ab77690d39d1dcc9517b61,9d7c5c31eb97de02884f121f2acced01e10a1058d5e920928391f3fa7e39bf36,688465db3e3753072bff61a8617f174dd86d46eda8ab1acdf5670dacf201932f,608ad3f139b359fe1423a371f832308404afeb0ee8180e7ec08d2d053388d44a,718,504,433,409
435,9.0,11.46895694732666,2.46895694732666,2.46895694732666,6.0957484077525805,27.432854970296223,in-house,500,O=C(C1=C(CCC(CCCC)CC)SC(CCC(CC)CCCC)=C1C2=O)C(C2=C(C3)C(C4)=CC=C4C5=CC6=C(C(C7=CC=C(CCC(CCCC)CC)S7)=C8C=CSC8=C6C9=CC=C(CCC(CCCC)CC)S9)S5)=C3C%10=CC=CS%10,O=C(C1=CC=CC=C1C/2=C(C#N)/C#N)C2=C/C3=CC(SC4=C5C(CCCCCCCC)(CCCCCCCC)C6=C4C=C7C(C8=CC(C(C9=C%10SC%11=C9SC(/C=C%12C(C%13=C(C=CC=C%13)C\%12=C(C#N)/C#N)=O)=C%11)(CCCCCCCC)CCCCCCCC)=C%10C=C8C7(CCCCCCCC)CCCCCCCC)=C6)=C5S3,9.0,O=C(C1=C(CCC(CCCC)CC)SC(CCC(CC)CCCC)=C1C2=O)C(C2=C(C3)C(C4)=CC=C4C5=CC6=C(C(C7=CC=C(CCC(CCCC)CC)S7)=C8C=CSC8=C6C9=CC=C(CCC(CCCC)CC)S9)S5)=C3C%10=CC=CS%10||O=C(C1=CC=CC=C1C/2=C(C#N)/C#N)C2=C/C3=CC(SC4=C5C(CCCCCCCC)(CCCCCCCC)C6=C4C=C7C(C8=CC(C(C9=C%10SC%11=C9SC(/C=C%12C(C%13=C(C=CC=C%13)C\%12=C(C#N)/C#N)=O)=C%11)(CCCCCCCC)CCCCCCCC)=C%10C=C8C7(CCCCCCCC)CCCCCCCC)=C6)=C5S3,6f31f3770fd225e382586e20513744e11a328b7cc74c758d48628417c600a02b,10ccc085e86003224445ea8551ba233d373f1bd4cd3b832aa2c0bf3775f351cf,ee913480f354a49a7fa7f92e3e260df27c43c0c15c73da268352d6bcdc9a0522,4b88840a98e85f60251108e9cd8f721d8c4006f22f1d4fbeaf49166e9e0d6e94,a4ec1f61b37eba4fbfd3018baeaed639427fdf99700a4aa5da20d567f3a4db63,1122,360,759,411
440,8.960000038146973,8.525041580200195,-0.43495845794677734,0.43495845794677734,0.18918886013943848,4.854447054631169,in-house,507,FC1=C(C2=CC=C(C3=CC4=C(C(C(C=C5F)=CC(F)=C5CC(CCCC)CC)=C6C=C(OC6=C4C(C=C7F)=CC(F)=C7CC(CC)CCCC)C)O3)S2)C8=NN(CC(CCCCCCCC)CCCCCC)N=C8C(C9=CC=C(C)S9)=C1F,c12cc3c(cc1C(c1c2sc2c1sc(c2)/C=C\1/C(=C(C#N)C#N)c2c(C1=O)cccc2)(c1cccc(c1)CCCCCC)c1cc(ccc1)CCCCCC)c1c(C3(c2cc(ccc2)CCCCCC)c2cccc(c2)CCCCCC)c2c(s1)cc(s2)/C=C\1/C(=C(C#N)C#N)c2c(C1=O)cccc2,8.96,FC1=C(C2=CC=C(C3=CC4=C(C(C(C=C5F)=CC(F)=C5CC(CCCC)CC)=C6C=C(OC6=C4C(C=C7F)=CC(F)=C7CC(CC)CCCC)C)O3)S2)C8=NN(CC(CCCCCCCC)CCCCCC)N=C8C(C9=CC=C(C)S9)=C1F||c12cc3c(cc1C(c1c2sc2c1sc(c2)/C=C\1/C(=C(C#N)C#N)c2c(C1=O)cccc2)(c1cccc(c1)CCCCCC)c1cc(ccc1)CCCCCC)c1c(C3(c2cc(ccc2)CCCCCC)c2cccc(c2)CCCCCC)c2c(s1)cc(s2)/C=C\1/C(=C(C#N)C#N)c2c(C1=O)cccc2,0eba39b92d3306533f37e1089333de7bf54469696f9634a85ef7c679c887edab,50864152acede518837f13b246d168a2c910162b60d24eaca8a12069a3584c43,b06dee734ea17d87c49bd4da3ee0020df7c73b8adb89a121df5b668ad131327f,02764a75072ff9d34206dc05d5000d1937ebac74d94bda8b9149b2e473dc26de,b1a1d93b3f1d603c69af53616e6349e15636e66963a693e45a08103bc4cc93af,816,12,820,416
442,8.90999984741211,9.340618133544922,0.4306182861328125,0.4306182861328125,0.18543210835196078,4.832977480441649,in-house,509,O=C(C1=C(CC(CCCC)CC)SC(CC(CCCC)CC)=C12)C3=C(C4=CC=CS4)SC(C(S5)=CC=C5C6=CC7=C(C8=CC=C(CC(CCCC)CCCCCC)C=C8)C(SC=C9)=C9C(C%10=CC=C(CC(CCCCCC)CCCC)C=C%10)=C7S6)=C3C2=O,O=C(C(C=C(C=CC=C1)C1=C2)=C2C/3=C(C#N)\C#N)C3=C/C4=CC(C5(C6=CC=C(CCCCCC)C=C6)C7=CC=C(CCCCCC)C=C7)=C(C8=CC9=C(C%10=C(C9(C%11=CC=C(C=C%11)CCCCCC)C%12=CC=C(C=C%12)CCCCCC)C=C(/C=C%13C(C(C=C(C=CC=C%14)C%14=C%15)=C%15C\%13=C(C#N)\C#N)=O)S%10)C=C85)S4,8.91,O=C(C1=C(CC(CCCC)CC)SC(CC(CCCC)CC)=C12)C3=C(C4=CC=CS4)SC(C(S5)=CC=C5C6=CC7=C(C8=CC=C(CC(CCCC)CCCCCC)C=C8)C(SC=C9)=C9C(C%10=CC=C(CC(CCCCCC)CCCC)C=C%10)=C7S6)=C3C2=O||O=C(C(C=C(C=CC=C1)C1=C2)=C2C/3=C(C#N)\C#N)C3=C/C4=CC(C5(C6=CC=C(CCCCCC)C=C6)C7=CC=C(CCCCCC)C=C7)=C(C8=CC9=C(C%10=C(C9(C%11=CC=C(C=C%11)CCCCCC)C%12=CC=C(C=C%12)CCCCCC)C=C(/C=C%13C(C(C=C(C=CC=C%14)C%14=C%15)=C%15C\%13=C(C#N)\C#N)=O)S%10)C=C85)S4,826e531b71e4c0ef06b575364b50a339b3da70c19584a5cd5231c22bd6d85201,24129537716343b6e8373f699534e83e035b9db95fe6bcf8bbc834cd4c1c999b,b8ff5d273d41871eb8189288455d762b6cd287a63b991cfbbe431f1c8ec04c0a,e1dcd5ee365eeee5411b9ef225e69e2a3faae3de3659743bac23d7c85fb0dbba,5389971e6b9481b4efdecdcc9fd5ba59ac21c12f438d74c8a1a0accddc4428ea,870,1041,378,418
448,8.8100004196167,8.236371040344238,-0.5736293792724609,0.5736293792724609,0.32905066476450884,6.511116367204646,in-house,516,ClC1=C(C2=CC=C(S2)C(OC)=O)SC3=C(C)SC(C4=CC(C(S4)=C(C5=C6SC(C)=C5)C7=CC=C(S7)CC(CC)CCCC)=C6C8=CC=C(S8)CC(CCCCC)CC)=C13,c12cc3c(cc1C(c1c2sc2c1sc(c2)/C=C\1/C(=C(C#N)C#N)c2c(C1=O)cccc2)(c1ccc(cc1)CCCCCC)c1ccc(cc1)CCCCCC)c1c(C3(c2ccc(cc2)CCCCCC)c2ccc(cc2)CCCCCC)c2c(s1)cc(s2)/C=C\1/C(=C(C#N)C#N)c2c(C1=O)cccc2,8.81,ClC1=C(C2=CC=C(S2)C(OC)=O)SC3=C(C)SC(C4=CC(C(S4)=C(C5=C6SC(C)=C5)C7=CC=C(S7)CC(CC)CCCC)=C6C8=CC=C(S8)CC(CCCCC)CC)=C13||c12cc3c(cc1C(c1c2sc2c1sc(c2)/C=C\1/C(=C(C#N)C#N)c2c(C1=O)cccc2)(c1ccc(cc1)CCCCCC)c1ccc(cc1)CCCCCC)c1c(C3(c2ccc(cc2)CCCCCC)c2ccc(cc2)CCCCCC)c2c(s1)cc(s2)/C=C\1/C(=C(C#N)C#N)c2c(C1=O)cccc2,a7811521b0e2dc660500ea34b50d830b517abba8fe0b3cfd24377aa3ccb278b7,202f8607af2cecb83e86b2e4305f8c7e2852bc709bb805b9055691d46a9081c5,7634cddc753009dc4ac745c56e7b957e6ba88e920ac7516a7163347288402843,193d945d88ed1a7cc63d17ffb1ce40975a66e95ff4fd6dc7d347564248908266,276a17e7f1b4ddd96ffb4801c78ed4f7214026ae96c4a42839cb0fca3a284225,534,127,169,424
451,8.789999961853027,6.9568772315979,-1.833122730255127,1.833122730255127,3.360338944178011,20.85463865996064,in-house,519,O=C(C1=C(CCC(CCCC)CC)SC(CCC(CC)CCCC)=C1C2=O)C(C2=C(C3)C(C4)=CC=C4C5=CC6=C(C(C7=CC=C(CCC(CCCC)CC)S7)=C8C=CSC8=C6C9=CC=C(CCC(CCCC)CC)S9)S5)=C3C%10=CC=CS%10,O=C1C(/C(C2=C1C=CC=C2)=C(C#N)\C#N)=C\C3=CC(OCC(CCCC)CC)=C(C4=CC(C(C5=CC(C6=C7C=C(C8=C(C=C(/C=C(C9=O)/C(C%10=C9C=CC=C%10)=C(C#N)\C#N)S8)OCC(CCCC)CC)S6)=C(C7(C%11=CC=C(C=C%11)CCCCCC)C%12=CC=C(C=C%12)CCCCCC)C=C%135)(C%14=CC=C(C=C%14)CCCCCC)C(C=C%15)=CC=C%15CCCCCC)=C%13S4)S3,8.79,O=C(C1=C(CCC(CCCC)CC)SC(CCC(CC)CCCC)=C1C2=O)C(C2=C(C3)C(C4)=CC=C4C5=CC6=C(C(C7=CC=C(CCC(CCCC)CC)S7)=C8C=CSC8=C6C9=CC=C(CCC(CCCC)CC)S9)S5)=C3C%10=CC=CS%10||O=C1C(/C(C2=C1C=CC=C2)=C(C#N)\C#N)=C\C3=CC(OCC(CCCC)CC)=C(C4=CC(C(C5=CC(C6=C7C=C(C8=C(C=C(/C=C(C9=O)/C(C%10=C9C=CC=C%10)=C(C#N)\C#N)S8)OCC(CCCC)CC)S6)=C(C7(C%11=CC=C(C=C%11)CCCCCC)C%12=CC=C(C=C%12)CCCCCC)C=C%135)(C%14=CC=C(C=C%14)CCCCCC)C(C=C%15)=CC=C%15CCCCCC)=C%13S4)S3,6f31f3770fd225e382586e20513744e11a328b7cc74c758d48628417c600a02b,87476fb90d0db17e58b2a62e38ecc6765e2842c257a662603688167ffd1038b6,c29245d1bbf4c187b9df735d4328f2e8991e088de2a2d484f937aef7fa928b4b,a88ba12a97b6ad6e31a60a91acae8032dd1ba570fb45a0a939a2a13b1c4f666e,0a460d4e5c5f12386533d0a4826783b777b3a382f787f41b2a306fef18d5e52a,928,774,52,427
452,8.789999961853027,8.10281753540039,-0.6871824264526367,0.6871824264526367,0.4722196872253335,7.817775078895123,in-house,520,O=C(C1=C(CCC(CCCC)CC)SC(CCC(CC)CCCC)=C1C2=O)C(C2=C(C3)C(C4)=CC=C4C5=CC6=C(C(C7=CC=C(CCC(CCCC)CC)S7)=C8C=CSC8=C6C9=CC=C(CCC(CCCC)CC)S9)S5)=C3C%10=CC=CS%10,O=C(C(C=CC=C1)=C1C/2=C(C#N)\C#N)C2=C\C3=CSC(C4=CC5=C(C(C=C6C(C7=CC=C(C=C7)CCCCCC)(C8=CC=C(C=C8)CCCCCC)C9=C(SC(C%10=C(OCCCCCCCC)C(/C=C%11C(C(C=CC=C%12)=C%12C/%11=C(C#N)/C#N)=O)=CS%10)=C9)C6=C%13)=C%13C5(C%14=CC=C(CCCCCC)C=C%14)C(C=C%15)=CC=C%15CCCCCC)S4)=C3OCCCCCCCC,8.79,O=C(C1=C(CCC(CCCC)CC)SC(CCC(CC)CCCC)=C1C2=O)C(C2=C(C3)C(C4)=CC=C4C5=CC6=C(C(C7=CC=C(CCC(CCCC)CC)S7)=C8C=CSC8=C6C9=CC=C(CCC(CCCC)CC)S9)S5)=C3C%10=CC=CS%10||O=C(C(C=CC=C1)=C1C/2=C(C#N)\C#N)C2=C\C3=CSC(C4=CC5=C(C(C=C6C(C7=CC=C(C=C7)CCCCCC)(C8=CC=C(C=C8)CCCCCC)C9=C(SC(C%10=C(OCCCCCCCC)C(/C=C%11C(C(C=CC=C%12)=C%12C/%11=C(C#N)/C#N)=O)=CS%10)=C9)C6=C%13)=C%13C5(C%14=CC=C(CCCCCC)C=C%14)C(C=C%15)=CC=C%15CCCCCC)S4)=C3OCCCCCCCC,6f31f3770fd225e382586e20513744e11a328b7cc74c758d48628417c600a02b,c011096250e87b2429fba3d65fb93dbe78333932313fc52542086860f0dd954f,49491188eccc58c0cc432d52a98bfb3e40506d4085e3b71336afba572c0d4da8,881288fe5848b4b18bf247d871f4cfa703215e24408e372663eee1d8d38f958e,1d36d24be0c155da4c7c27471f6749f7669714412852c3f381940a62857b96d4,340,638,123,428
456,8.699999809265137,7.394789695739746,-1.3052101135253906,1.3052101135253906,1.703573440448963,15.002415426899162,in-house,524,FC1=C(C(OCC(CCCC)CC)=O)SC2=CSC(C3=CC4=C(C5=C(C(C6=CC=C(CC(CC)CCCC)S6)=C4S3)C=CS5)C7=CC=C(CC(CC)CCCC)S7)=C12,O=C(/C(SC1=S)=C\C2=CC=C(C3=NSN=C23)C4=CC=C(S4)C5=CC=C6C(C(C7=CC=C(C=C7)CCCCCC)(C8=C6SC(C9=CC=C(C%10=NSN=C9%10)/C=C%11SC(N(C/%11=O)CC)=S)=C8)C%12=CC=C(C=C%12)CCCCCC)=C5)N1CC,8.7,FC1=C(C(OCC(CCCC)CC)=O)SC2=CSC(C3=CC4=C(C5=C(C(C6=CC=C(CC(CC)CCCC)S6)=C4S3)C=CS5)C7=CC=C(CC(CC)CCCC)S7)=C12||O=C(/C(SC1=S)=C\C2=CC=C(C3=NSN=C23)C4=CC=C(S4)C5=CC=C6C(C(C7=CC=C(C=C7)CCCCCC)(C8=C6SC(C9=CC=C(C%10=NSN=C9%10)/C=C%11SC(N(C/%11=O)CC)=S)=C8)C%12=CC=C(C=C%12)CCCCCC)=C5)N1CC,2249a87c8fc0450476e55f070a85b71ffa6beb368356c28f1302bad8bac422cb,5f52ab950f036a1d2a8a8b1a30a724d384ed28f370b5ff88113fac0d98926e47,95b7d59ff882fc0d2be391e33f222ee5d8a54adefb340f320bb24d95944d9058,d1217d4881f9bdd2be619415ab2a5bf33baa5306f0e9a276da710402ec9dc523,53613e367692ebfa8214f973e65ac0d9a5ae3a6710749c6accdfb36169fb7cc3,683,968,377,432
460,8.609999656677246,11.458231925964355,2.8482322692871094,2.8482322692871094,8.112427059808397,33.0805154803722,in-house,531,CC1=CC=C(S1)C2=C3C=C(SC3=C(C4=C2SC(C5=CC=C(S5)C6=C(C(F)=C(C(N=C7C8=CC=CC(OCCCCCCCC)=C8)=C6N=C7C9=CC=CC(OCCCCCCCC)=C9)C%10=CC=C(C)S%10)F)=C4)C%11=CC=C(S%11)C)C,O=C(C/1=C\C2=C(C3=C(S2)C(N4C5=CC=C(CCCCCC)C=C5)=C(C6=C4C7=C(C8=NSN=C68)C(SC9=C%10SC(/C=C%11C(C%12=CC(F)=C(C=C%12C\%11=C(C#N)/C#N)F)=O)=C9CCCCCCCCCCC)=C%10N7C%13=CC=C(CCCCCC)C=C%13)S3)CCCCCCCCCCC)C%14=CC(F)=C(F)C=C%14C1=C(C#N)/C#N,8.61,CC1=CC=C(S1)C2=C3C=C(SC3=C(C4=C2SC(C5=CC=C(S5)C6=C(C(F)=C(C(N=C7C8=CC=CC(OCCCCCCCC)=C8)=C6N=C7C9=CC=CC(OCCCCCCCC)=C9)C%10=CC=C(C)S%10)F)=C4)C%11=CC=C(S%11)C)C||O=C(C/1=C\C2=C(C3=C(S2)C(N4C5=CC=C(CCCCCC)C=C5)=C(C6=C4C7=C(C8=NSN=C68)C(SC9=C%10SC(/C=C%11C(C%12=CC(F)=C(C=C%12C\%11=C(C#N)/C#N)F)=O)=C9CCCCCCCCCCC)=C%10N7C%13=CC=C(CCCCCC)C=C%13)S3)CCCCCCCCCCC)C%14=CC(F)=C(F)C=C%14C1=C(C#N)/C#N,10c5457df92578377cfb47c3f579aed7b25f1c5c26447cba5001d2bd8bc92d44,3bc5e962960694d5a8c90d751d3f10c939059169c6882aed8bdcfb92d36d6776,e22880f6c1b2a88cf11f3e4e4bcfa79932666988ae1791749338521b14c66a6d,b28df0380b2c9ff52de08b42b13a0542e7a75d7188ea9da7779281fa3984a63e,269977663eae952ef29cef5e1a27453ff02fd13825c639b6addc2896b3fd4fe6,1071,808,160,436
463,8.539999961853027,7.385055065155029,-1.154944896697998,1.154944896697998,1.3338977144087494,13.523944986615616,in-house,535,FC1=C(C(OCC(CCCC)CC)=O)SC2=CSC(C3=CC4=C(C5=C(C(C6=CC=C(CC(CC)CCCC)S6)=C4S3)C=CS5)C7=CC=C(CC(CC)CCCC)S7)=C12,CCC(CC)(O1)C2=CC(C3=C(OC4(CC)CC)C=C(C5=C6C=C(C(OCCCCCCCC)=O)SC6=C(/C=C7/C(C(C=CC=C8)=C8C7=O)=C(C#N)/C#N)S5)S3)=C4C=C2C(S9)=C1C=C9C(SC(/C=C%10C(C%11=C(C/%10=C(C#N)\C#N)C=CC=C%11)=O)=C%12S%13)=C%12C=C%13C(OCCCCCCCC)=O,8.54,FC1=C(C(OCC(CCCC)CC)=O)SC2=CSC(C3=CC4=C(C5=C(C(C6=CC=C(CC(CC)CCCC)S6)=C4S3)C=CS5)C7=CC=C(CC(CC)CCCC)S7)=C12||CCC(CC)(O1)C2=CC(C3=C(OC4(CC)CC)C=C(C5=C6C=C(C(OCCCCCCCC)=O)SC6=C(/C=C7/C(C(C=CC=C8)=C8C7=O)=C(C#N)/C#N)S5)S3)=C4C=C2C(S9)=C1C=C9C(SC(/C=C%10C(C%11=C(C/%10=C(C#N)\C#N)C=CC=C%11)=O)=C%12S%13)=C%12C=C%13C(OCCCCCCCC)=O,2249a87c8fc0450476e55f070a85b71ffa6beb368356c28f1302bad8bac422cb,313d0de9b4ea70a76d1fd57fd4aa4aac4e4fa85bcd31ec9182868bda3a7c1857,0b67a020398e7f7812eed0fb6ec4a1867f983dbcd4dd19673f22578bd6bbff13,16e208219bfd1baea6b666257f62244393330ca6311ca756cd4b621ec5c8acbe,5d4474fe4175d1e0da4d991e8801d45bdd59b46dd4b7fafc34962afbfe4b872d,49,113,419,439
468,8.5,7.645750522613525,-0.8542494773864746,0.8542494773864746,0.729742169615065,10.049993851605583,in-house,540,FC(C(F)=C(C1=NSN=C21)C3=CC(CCCCCCCCCCCCCCCCCCCC)=C(S3)C)=C2C4=CC(C#CC#CC#CC#CC#CC#CC#CC#CC#CC#C)=C(S4)C(S5)=CC=C5C6=CC7=C(SC(C)=C7)C=C6.[HH].[HH].[HH].[HH].[HH].[HH].[HH].[HH].[HH].[HH],N#C/C(C#N)=C(C1=CC=CC=C1C2=O)/C2=C/C3=CC4=C(C5=C(C=C6C(C(CCCCCC)(CCCCCC)C7=C6SC(/C=C8/C(C9=CC=CC=C9C8=O)=C(C#N)/C#N)=C7)=C5)C4(CCCCCC)CCCCCC)S3,8.5,FC(C(F)=C(C1=NSN=C21)C3=CC(CCCCCCCCCCCCCCCCCCCC)=C(S3)C)=C2C4=CC(C#CC#CC#CC#CC#CC#CC#CC#CC#CC#C)=C(S4)C(S5)=CC=C5C6=CC7=C(SC(C)=C7)C=C6.[HH].[HH].[HH].[HH].[HH].[HH].[HH].[HH].[HH].[HH]||N#C/C(C#N)=C(C1=CC=CC=C1C2=O)/C2=C/C3=CC4=C(C5=C(C=C6C(C(CCCCCC)(CCCCCC)C7=C6SC(/C=C8/C(C9=CC=CC=C9C8=O)=C(C#N)/C#N)=C7)=C5)C4(CCCCCC)CCCCCC)S3,5720aee2a2a66d9124b18859c017dac89e6fa8f72912d6b9d5b9753447490b09,0cc00e1ba2d95fe8288dc072edf395ee6fc3678daa4e12f6703c7be7d2c5a409,dd901d85276a71549bcfc11718adfa1b49fa1f172f851edaa12bfcadfb404294,5b3d7237e812f87c9def647a48e6b994ad1b3fe76b94ddd514950b090179833a,69ba9c8b170233528afc9c7457be90b40046ebf27eaf404aa456bf61ed9539f3,1048,428,478,444
473,8.399999618530273,10.133787155151367,1.7337875366210938,1.7337875366210938,3.0060192221426405,20.640328754258327,in-house,545,O=C1C2=C(CC(CC)CCCC)SC(CC(CC)CCCC)=C2C(C3=C(C4=CC=C(C5=CC(C(C6=CC(F)=C(CC(CC)CCCC)S6)=C(SC=C7)C7=C8C9=CC(F)=C(CC(CC)CCCC)S9)=C8S5)S4)SC(C%10=CC=CS%10)=C31)=O,c12cc3c(cc1C(c1c2sc2c1sc(c2)/C=C\1/C(=C(C#N)C#N)c2c(C1=O)cccc2)(c1ccc(cc1)CCCCCC)c1ccc(cc1)CCCCCC)c1c(C3(c2ccc(cc2)CCCCCC)c2ccc(cc2)CCCCCC)c2c(s1)cc(s2)/C=C\1/C(=C(C#N)C#N)c2c(C1=O)cccc2,8.4,O=C1C2=C(CC(CC)CCCC)SC(CC(CC)CCCC)=C2C(C3=C(C4=CC=C(C5=CC(C(C6=CC(F)=C(CC(CC)CCCC)S6)=C(SC=C7)C7=C8C9=CC(F)=C(CC(CC)CCCC)S9)=C8S5)S4)SC(C%10=CC=CS%10)=C31)=O||c12cc3c(cc1C(c1c2sc2c1sc(c2)/C=C\1/C(=C(C#N)C#N)c2c(C1=O)cccc2)(c1ccc(cc1)CCCCCC)c1ccc(cc1)CCCCCC)c1c(C3(c2ccc(cc2)CCCCCC)c2ccc(cc2)CCCCCC)c2c(s1)cc(s2)/C=C\1/C(=C(C#N)C#N)c2c(C1=O)cccc2,65482d735aa1f382b817dd8d95b1689b39b0b3c26138949c2680844f1b1f5ea0,202f8607af2cecb83e86b2e4305f8c7e2852bc709bb805b9055691d46a9081c5,bc5bd7b75e4a5b3ce65983b8e0705ddcda5af358a704095e0d4330f37e5ea594,6f41a72e9b9b1068c1c45af4fd809c0874066a325a6de28e9531f37e8c400a45,c919a9f6614c3d12b6be730d45112b5574d2f5d8107142c76ea99b1ec4c8e41c,894,540,922,449
483,8.300000190734863,9.0626802444458,0.7626800537109375,0.7626800537109375,0.5816808643285185,9.188916098608084,in-house,555,O=C(C1=C(CCC(CCCC)CC)SC(CCC(CC)CCCC)=C1C2=O)C(C2=C(C3)C(C4)=CC=C4C5=CC6=C(C(C7=CC=C(CCC(CCCC)CC)S7)=C8C=CSC8=C6C9=CC=C(CCC(CCCC)CC)S9)S5)=C3C%10=CC=CS%10,O=C(C1=C(C=C(C)C=C1)C/2=C(C#N)\C#N)C2=C/C3=CC4=C(C(C=C(C=C(C(C5=CC=C(C=C5)CCCCCC)(C6=C7SC(/C=C8C(C9=C(C=C(C)C=C9)C\8=C(C#N)\C#N)=O)=C6)C%10=CC=C(C=C%10)CCCCCC)C7=C%11)C%11=C%12)=C%12C4(C%13=CC=C(CCCCCC)C=C%13)C%14=CC=C(CCCCCC)C=C%14)C3,8.3,O=C(C1=C(CCC(CCCC)CC)SC(CCC(CC)CCCC)=C1C2=O)C(C2=C(C3)C(C4)=CC=C4C5=CC6=C(C(C7=CC=C(CCC(CCCC)CC)S7)=C8C=CSC8=C6C9=CC=C(CCC(CCCC)CC)S9)S5)=C3C%10=CC=CS%10||O=C(C1=C(C=C(C)C=C1)C/2=C(C#N)\C#N)C2=C/C3=CC4=C(C(C=C(C=C(C(C5=CC=C(C=C5)CCCCCC)(C6=C7SC(/C=C8C(C9=C(C=C(C)C=C9)C\8=C(C#N)\C#N)=O)=C6)C%10=CC=C(C=C%10)CCCCCC)C7=C%11)C%11=C%12)=C%12C4(C%13=CC=C(CCCCCC)C=C%13)C%14=CC=C(CCCCCC)C=C%14)C3,6f31f3770fd225e382586e20513744e11a328b7cc74c758d48628417c600a02b,39c1670b09f9397538f05463c3a814817fd3d5be7f4dd7016101fad6dc0fe0ed,a5f6d66f221530a1dbffb46762270129fd11075ce662e904dae40989eb769a57,193216d415d03b1ed438fb139d176104861177b327a5b6fe11fccd59c1b02b72,7f60d5169ccea0b8d172a0b0a432bdd77805d3f590890b62e4db44f10b30a953,769,124,578,459
487,8.260000228881836,7.655611991882324,-0.6043882369995117,0.6043882369995117,0.36528514102337795,7.3170486713331275,in-house,559,O=C(C1=C(CCC(CCCC)CC)SC(CCC(CC)CCCC)=C1C2=O)C(C2=C(C3)C(C4)=CC=C4C5=CC6=C(C(C7=CC=C(CCC(CCCC)CC)S7)=C8C=CSC8=C6C9=CC=C(CCC(CCCC)CC)S9)S5)=C3C%10=CC=CS%10,O=C(/C(S/1)=C/C(C2=NSN=C32)=CC=C3C4=CC(SC5=C6C(C(C=C7)=CC=C7CCCCCC)(C(C=C8)=CC=C8CCCCCC)C(C5=C9)=CC%10=C9C(C%11=CC=C(CCCCCC)C=C%11)(C%12=CC=C(C=C%12)CCCCCC)C%13=C%10SC%14=C%13SC(C(C%15=NSN=C%16%15)=CC=C%16/C=C(C%17=O)\S/C(N%17CCCCCC)=C(C#N)/C#N)=C%14)=C6S4)N(CCCCCC)C1=C(C#N)\C#N,8.26,O=C(C1=C(CCC(CCCC)CC)SC(CCC(CC)CCCC)=C1C2=O)C(C2=C(C3)C(C4)=CC=C4C5=CC6=C(C(C7=CC=C(CCC(CCCC)CC)S7)=C8C=CSC8=C6C9=CC=C(CCC(CCCC)CC)S9)S5)=C3C%10=CC=CS%10||O=C(/C(S/1)=C/C(C2=NSN=C32)=CC=C3C4=CC(SC5=C6C(C(C=C7)=CC=C7CCCCCC)(C(C=C8)=CC=C8CCCCCC)C(C5=C9)=CC%10=C9C(C%11=CC=C(CCCCCC)C=C%11)(C%12=CC=C(C=C%12)CCCCCC)C%13=C%10SC%14=C%13SC(C(C%15=NSN=C%16%15)=CC=C%16/C=C(C%17=O)\S/C(N%17CCCCCC)=C(C#N)/C#N)=C%14)=C6S4)N(CCCCCC)C1=C(C#N)\C#N,6f31f3770fd225e382586e20513744e11a328b7cc74c758d48628417c600a02b,4da3cebe78c96a8bee5c1562cc09c06cd7e893c3670f05122be6e03840af6f22,a0acdf2ad7f0ed4bd72ea71895835293921b6c20e616e90ab1254463481ade12,15cf52e456acacfb4c3bd7ac271e1814fb18dac5b89c80a3cc74fd56dad955d2,97e001f840015da66161c01434b73a15bfcaef6ae9dba5491141af98822635a4,741,109,686,383
499,8.119999885559082,10.196942329406738,2.0769424438476562,2.0769424438476562,4.313689915055875,25.578109274870435,in-house,574,O=C(C1=C(CCC(CCCC)CC)SC(CCC(CC)CCCC)=C1C2=O)C(C2=C(C3)C(C4)=CC=C4C5=CC6=C(C(C7=CC=C(CCC(CCCC)CC)S7)=C8C=CSC8=C6C9=CC=C(CCC(CCCC)CC)S9)S5)=C3C%10=CC=CS%10,O=C(C1=C(C=C(F)C(F)=C1)C/2=C(C#N)\C#N)C2=C/C3=CC(C4(C(C=C5)=CC=C5CCCCCC)C(C=C6)=CC=C6CCCCCC)=C(C(SC7=C8)=C4C7=CC9=C8C%10=C(C(SC(/C=C%11/C(C(C=C(F)C(F)=C%12)=C%12C%11=O)=C(C#N)/C#N)=C%13)=C%13C%10(C(C=C%14)=CC=C%14CCCCCC)C%15=CC=C(C=C%15)CCCCCC)S9)S3,8.12,O=C(C1=C(CCC(CCCC)CC)SC(CCC(CC)CCCC)=C1C2=O)C(C2=C(C3)C(C4)=CC=C4C5=CC6=C(C(C7=CC=C(CCC(CCCC)CC)S7)=C8C=CSC8=C6C9=CC=C(CCC(CCCC)CC)S9)S5)=C3C%10=CC=CS%10||O=C(C1=C(C=C(F)C(F)=C1)C/2=C(C#N)\C#N)C2=C/C3=CC(C4(C(C=C5)=CC=C5CCCCCC)C(C=C6)=CC=C6CCCCCC)=C(C(SC7=C8)=C4C7=CC9=C8C%10=C(C(SC(/C=C%11/C(C(C=C(F)C(F)=C%12)=C%12C%11=O)=C(C#N)/C#N)=C%13)=C%13C%10(C(C=C%14)=CC=C%14CCCCCC)C%15=CC=C(C=C%15)CCCCCC)S9)S3,6f31f3770fd225e382586e20513744e11a328b7cc74c758d48628417c600a02b,5a50743e7550aad0c262205fb50e3c0e8d08de60b9b67d5600322eff19eee597,ab129fc7822758ff5d30ff171e6d33afca3d0c09a96570bf0dd92646e9ae67d5,44946bb213a0c0cb52a663f1efa05a35b44f3895a4763bf243fb55c7dab1267d,9afef1f51dfb843fc931943f78be84d86266d2ac7e69727b7407390282ad9727,795,327,704,474
503,8.100000381469727,9.261066436767578,1.1610660552978516,1.1610660552978516,1.3480743847649137,14.334148155770565,in-house,579,O=C(C1=C(CCC(CCCC)CC)SC(CCC(CC)CCCC)=C1C2=O)C(C2=C(C3)C(C4)=CC=C4C5=CC6=C(C(C7=CC=C(CCC(CCCC)CC)S7)=C8C=CSC8=C6C9=CC=C(CCC(CCCC)CC)S9)S5)=C3C%10=CC=CS%10,O=C(C1=C(C=C(F)C=C1)C/2=C(C#N)\C#N)C2=C/C3=CC4=C(C(C=C(C=C(C(C5=CC=C(C=C5)CCCCCC)(C6=C7SC(/C=C8C(C9=C(C=C(F)C=C9)C\8=C(C#N)\C#N)=O)=C6)C%10=CC=C(C=C%10)CCCCCC)C7=C%11)C%11=C%12)=C%12C4(C%13=CC=C(CCCCCC)C=C%13)C%14=CC=C(CCCCCC)C=C%14)C3,8.1,O=C(C1=C(CCC(CCCC)CC)SC(CCC(CC)CCCC)=C1C2=O)C(C2=C(C3)C(C4)=CC=C4C5=CC6=C(C(C7=CC=C(CCC(CCCC)CC)S7)=C8C=CSC8=C6C9=CC=C(CCC(CCCC)CC)S9)S5)=C3C%10=CC=CS%10||O=C(C1=C(C=C(F)C=C1)C/2=C(C#N)\C#N)C2=C/C3=CC4=C(C(C=C(C=C(C(C5=CC=C(C=C5)CCCCCC)(C6=C7SC(/C=C8C(C9=C(C=C(F)C=C9)C\8=C(C#N)\C#N)=O)=C6)C%10=CC=C(C=C%10)CCCCCC)C7=C%11)C%11=C%12)=C%12C4(C%13=CC=C(CCCCCC)C=C%13)C%14=CC=C(CCCCCC)C=C%14)C3,6f31f3770fd225e382586e20513744e11a328b7cc74c758d48628417c600a02b,955dc6d9f28102be4b654a7faf4f948b8211e078e635f21e6a71a83bf950820c,bdc76f5666a4a4e76632e7e8827d65febe8385bcb4e5301cc3fdd19eee6d11b4,64f5347c3e509270d735412ed644315d645cc7fb963c81497b89d92b22ad0fd2,afa49a3d317ed2ebc32122a55891ab7f066a1896968df918499d112fb6839943,903,482,803,478
508,8.0,9.416465759277344,1.4164657592773438,1.4164657592773438,2.006375247205142,17.705821990966797,in-house,585,CC1=CC=C(S1)C2=C(C(F)=C(C3=NSN=C23)C4=CC=C(S4)C5=C(CC(CCCCCC)CCCCCCCC)C=C(C6=C(CC(CCCCCCCC)CCCCCC)C=C(C(C7=NSN=C78)=C(C(F)=C8C9=CC(CC(CCCCCC)CCCCCCCC)=C(C%10=CC(CC(CCCCCC)CCCCCCCC)=C(C)S%10)S9)F)S6)S5)F,O=C(C1=CC=CC=C1C/2=C(C#N)\C#N)C2=C/C3=CC4=C(C(C(C5=CC=C(CCCCCC)S5)(C6=C7C=C8C(C9=CC=C(S9)CCCCCC)(C%10=CC=C(S%10)CCCCCC)C%11=C(SC%12=C%11SC(/C=C%13C(C%14=CC=CC=C%14C\%13=C(C#N)\C#N)=O)=C%12)C8=C6)C(S%15)=CC=C%15CCCCCC)=C7S4)S3,8.0,CC1=CC=C(S1)C2=C(C(F)=C(C3=NSN=C23)C4=CC=C(S4)C5=C(CC(CCCCCC)CCCCCCCC)C=C(C6=C(CC(CCCCCCCC)CCCCCC)C=C(C(C7=NSN=C78)=C(C(F)=C8C9=CC(CC(CCCCCC)CCCCCCCC)=C(C%10=CC(CC(CCCCCC)CCCCCCCC)=C(C)S%10)S9)F)S6)S5)F||O=C(C1=CC=CC=C1C/2=C(C#N)\C#N)C2=C/C3=CC4=C(C(C(C5=CC=C(CCCCCC)S5)(C6=C7C=C8C(C9=CC=C(S9)CCCCCC)(C%10=CC=C(S%10)CCCCCC)C%11=C(SC%12=C%11SC(/C=C%13C(C%14=CC=CC=C%14C\%13=C(C#N)\C#N)=O)=C%12)C8=C6)C(S%15)=CC=C%15CCCCCC)=C7S4)S3,3cb0c9ad025ea36cb11952abd0ed4903fd317c0d2d3a1978d43e09b67904674e,324d6e5b76a9400503a81056ec0f63ac76d712428565dd1fa4bf1871d8f66e0c,fb29c9b2df47eb72306f8a411578b8e2295293e354c3e8907cd7b84c4bdfad49,8dd1f11de91df0efa741df91861c25e30cbc4caddf80deeaf11a61293fc73cf8,5066625b5e84b55e9caac9eea19251eb737d5b81936168e1dccb3cc85f81e92d,1171,665,359,483
509,7.960000038146973,9.13586139678955,1.1758613586425781,1.1758613586425781,1.3826499347487697,14.772127550344957,in-house,586,FC1=C(C(OCC(CCCC)CC)=O)SC2=CSC(C3=CC4=C(C5=C(C(C6=CC=C(CC(CC)CCCC)S6)=C4S3)C=CS5)C7=CC=C(CC(CC)CCCC)S7)=C12,CCC(CC)(O1)C2=CC(C3=C(OC4(CC)CC)C=C(C5=C6C=C(C(OCCCCCCCC)=O)SC6=C(/C=C7/C(C(C=C(F)C(F)=C8)=C8C7=O)=C(C#N)/C#N)S5)S3)=C4C=C2C(S9)=C1C=C9C(SC(/C=C%10C(C%11=C(C/%10=C(C#N)\C#N)C=C(F)C(F)=C%11)=O)=C%12S%13)=C%12C=C%13C(OCCCCCCCC)=O,7.96,FC1=C(C(OCC(CCCC)CC)=O)SC2=CSC(C3=CC4=C(C5=C(C(C6=CC=C(CC(CC)CCCC)S6)=C4S3)C=CS5)C7=CC=C(CC(CC)CCCC)S7)=C12||CCC(CC)(O1)C2=CC(C3=C(OC4(CC)CC)C=C(C5=C6C=C(C(OCCCCCCCC)=O)SC6=C(/C=C7/C(C(C=C(F)C(F)=C8)=C8C7=O)=C(C#N)/C#N)S5)S3)=C4C=C2C(S9)=C1C=C9C(SC(/C=C%10C(C%11=C(C/%10=C(C#N)\C#N)C=C(F)C(F)=C%11)=O)=C%12S%13)=C%12C=C%13C(OCCCCCCCC)=O,2249a87c8fc0450476e55f070a85b71ffa6beb368356c28f1302bad8bac422cb,d0177b49d8d02e17791148b3bc8999359f13581dbbd944e94f8722023648424b,78e77216990ca0689513c42f46e07811028e46bded2bfe84d03ee38119d4f87f,f8f9b06008917ee07ebbed9425ad11dede77d36f392941311a27d1170619139c,aa03cde2408434bed02bdbe2f6232339215177edad42ae8960aca4d832b41e50,555,1161,784,484
512,7.900000095367432,8.73687744140625,0.8368773460388184,0.8368773460388184,0.7003636923129761,10.593383999192154,in-house,589,O=C(C1=C(CCC(CCCC)CC)SC(CCC(CC)CCCC)=C1C2=O)C(C2=C(C3)C(C4)=CC=C4C5=CC6=C(C(C7=CC=C(CCC(CCCC)CC)S7)=C8C=CSC8=C6C9=CC=C(CCC(CCCC)CC)S9)S5)=C3C%10=CC=CS%10,CCCCCCC(C=C1)=CC=C1C2(C(C3=C(S4)C=C(S3)/C=C(C(C5=C6C=CC=C5OC)=O)\C6=C(C#N)\C#N)=C4C7=C2C=C(C8=C7)C9=C(C8(C%10=CC=C(C=C%10)CCCCCC)C%11=CC=C(C=C%11)CCCCCC)C%12=C(C=C(S%12)/C=C(/C(C%13=C%14C(OC)=CC=C%13)=C(C#N)\C#N)C%14=O)S9)C(C=C%15)=CC=C%15CCCCCC,7.9,O=C(C1=C(CCC(CCCC)CC)SC(CCC(CC)CCCC)=C1C2=O)C(C2=C(C3)C(C4)=CC=C4C5=CC6=C(C(C7=CC=C(CCC(CCCC)CC)S7)=C8C=CSC8=C6C9=CC=C(CCC(CCCC)CC)S9)S5)=C3C%10=CC=CS%10||CCCCCCC(C=C1)=CC=C1C2(C(C3=C(S4)C=C(S3)/C=C(C(C5=C6C=CC=C5OC)=O)\C6=C(C#N)\C#N)=C4C7=C2C=C(C8=C7)C9=C(C8(C%10=CC=C(C=C%10)CCCCCC)C%11=CC=C(C=C%11)CCCCCC)C%12=C(C=C(S%12)/C=C(/C(C%13=C%14C(OC)=CC=C%13)=C(C#N)\C#N)C%14=O)S9)C(C=C%15)=CC=C%15CCCCCC,6f31f3770fd225e382586e20513744e11a328b7cc74c758d48628417c600a02b,3060687913689d40f13167f2ea2d78aaaa2ca97498ed3b060c00ea040897beb7,c356ffeb2e5c3f75555f89349812e50e119e8a48a3ccee27e8158cfed6ad42e8,68431ff113f1671fbefacf1ba848e126d350a8ef0620c1f3874e1f25792c9ce8,fcd4248c948d4bd4209a1057c88c14eca5c8973c45bcc2007c8f803ee3fbd804,931,501,1178,487
523,7.599999904632568,8.083280563354492,0.48328065872192383,0.48328065872192383,0.2335601950946966,6.358956115609169,in-house,603,[H]C1=C(SC(CC(CC)CCCC)=C1[Cl])C(C2=C3SC(C)=C2)=C4SC(C5=CC=C(S5)C6=C(C(F)=C(C7=NN(N=C67)CC(CCCCCCCC)CCCCCC)C8=CC=C(C)S8)F)=CC4=C3C9=C([H])C([H])=C(CC(CCCC)CC)S9,c1(cc2c(cc1F)C(=O)/C(=C\c1cc3c(s1)c1c(s3)c3c(C1(c1ccc(cc1)CCCCCC)c1ccc(cc1)CCCCCC)cc1c(c3)C(c3c1sc1c3sc(c1)/C=C/1\C(=O)c3c(C1=C(C#N)C#N)cc(c(c3)F)F)(c1ccc(cc1)CCCCCC)c1ccc(cc1)CCCCCC)/C2=C(C#N)C#N)F,7.6,[H]C1=C(SC(CC(CC)CCCC)=C1[Cl])C(C2=C3SC(C)=C2)=C4SC(C5=CC=C(S5)C6=C(C(F)=C(C7=NN(N=C67)CC(CCCCCCCC)CCCCCC)C8=CC=C(C)S8)F)=CC4=C3C9=C([H])C([H])=C(CC(CCCC)CC)S9||c1(cc2c(cc1F)C(=O)/C(=C\c1cc3c(s1)c1c(s3)c3c(C1(c1ccc(cc1)CCCCCC)c1ccc(cc1)CCCCCC)cc1c(c3)C(c3c1sc1c3sc(c1)/C=C/1\C(=O)c3c(C1=C(C#N)C#N)cc(c(c3)F)F)(c1ccc(cc1)CCCCCC)c1ccc(cc1)CCCCCC)/C2=C(C#N)C#N)F,0c41752953b176dce92170e3cd48559f30ae1b63091efbd84e3a329b15ec1046,69e17d1724b4236f68d0c6efb6ad16969f13f8980d301d0056747038b20f0c8d,db186e7237edc92fdff8ca55c2051f0672599f2559da5faeb9633bb214385af4,62cf9a3f3369f3a4c5660ed62a67e9eb6e080f7ab73765984cec460e1b293fc8,c1494a4ebf4d5204664ec771aa1ba0fa02a5ff3af7ade87ebf580d744f455b1f,1040,468,894,498
527,7.539999961853027,10.165782928466797,2.6257829666137695,2.6257829666137695,6.894736187759008,34.82470795621143,in-house,607,O=C(C1=C(CCC(CCCC)CC)SC(CCC(CC)CCCC)=C1C2=O)C(C2=C(C3)C(C4)=CC=C4C5=CC6=C(C(C7=CC=C(CCC(CCCC)CC)S7)=C8C=CSC8=C6C9=CC=C(CCC(CCCC)CC)S9)S5)=C3C%10=CC=CS%10,O=C(C1=C(SC(C2=CC3=C(C4=C(C3(CCCCCC)CCCCCC)C=C(/C=C5C(C6=CC(F)=C(C=C6C\5=C([N+]#[C-])\C#N)F)=O)S4)S2)=C17)C8=CC9=C(C%10=C(C9(CCCCCC)CCCCCC)C=C(/C=C%11/C(C%12=CC(F)=C(C=C%12C%11=O)F)=C(C#N)/[N+]#[C-])S%10)S8)C%13=C(CC(CCCC)CC)SC(CC(CCCC)CC)=C%13C7=O,7.54,O=C(C1=C(CCC(CCCC)CC)SC(CCC(CC)CCCC)=C1C2=O)C(C2=C(C3)C(C4)=CC=C4C5=CC6=C(C(C7=CC=C(CCC(CCCC)CC)S7)=C8C=CSC8=C6C9=CC=C(CCC(CCCC)CC)S9)S5)=C3C%10=CC=CS%10||O=C(C1=C(SC(C2=CC3=C(C4=C(C3(CCCCCC)CCCCCC)C=C(/C=C5C(C6=CC(F)=C(C=C6C\5=C([N+]#[C-])\C#N)F)=O)S4)S2)=C17)C8=CC9=C(C%10=C(C9(CCCCCC)CCCCCC)C=C(/C=C%11/C(C%12=CC(F)=C(C=C%12C%11=O)F)=C(C#N)/[N+]#[C-])S%10)S8)C%13=C(CC(CCCC)CC)SC(CC(CCCC)CC)=C%13C7=O,6f31f3770fd225e382586e20513744e11a328b7cc74c758d48628417c600a02b,4f51f3740def94358e50b66eedb93f4baaad0293cdc5c0e38fa8e7f0bc4f8921,588fd52b41785d54b78b742c877b37782bf0011101555b5dfcdb99aa6f936063,02c354ba9826fd7758b5b10e179772c9791f11acf463e2f3bc51de17d593b060,f082d7b5394555f75565d499aebda224ffc95bc925397c046ed017d5576c8488,397,14,1125,501
530,7.510000228881836,13.977107048034668,6.467106819152832,6.467106819152832,41.82347061033306,86.11327059993606,in-house,610,FC(C=C(C1=C2SC=CC2=C(C3=CC(F)=C(CC(CCCC)CC)S3)C4=C1C=C(C5=CC=C(C6=C(C(C(C7=C(CC(CCCC)CC)SC(CC(CC)CCCC)=C78)=O)=C(C9=CC=CC9)S6)C8=O)S5)S4)S%10)=C%10CC(CC)CCCC,O=C(C(C=C(C(Br)=C1)Br)=C1C/2=C(C#N)/C#N)C2=C/C3=C(CCCCCCCCCCC)C(SC(C4=C5C6=C(C7=C(N6CCCCCCCC)C8=C(C(CCCCCCCCCCC)=C(S8)/C=C9C(C%10=C(C=C(Br)C(Br)=C%10)C\9=C(C#N)/C#N)=O)S7)C%11=NSN=C%114)=C%12N5CCCCCCCC)=C%12S3,7.51,FC(C=C(C1=C2SC=CC2=C(C3=CC(F)=C(CC(CCCC)CC)S3)C4=C1C=C(C5=CC=C(C6=C(C(C(C7=C(CC(CCCC)CC)SC(CC(CC)CCCC)=C78)=O)=C(C9=CC=CC9)S6)C8=O)S5)S4)S%10)=C%10CC(CC)CCCC||O=C(C(C=C(C(Br)=C1)Br)=C1C/2=C(C#N)/C#N)C2=C/C3=C(CCCCCCCCCCC)C(SC(C4=C5C6=C(C7=C(N6CCCCCCCC)C8=C(C(CCCCCCCCCCC)=C(S8)/C=C9C(C%10=C(C=C(Br)C(Br)=C%10)C\9=C(C#N)/C#N)=O)S7)C%11=NSN=C%114)=C%12N5CCCCCCCC)=C%12S3,61eee9608e36bdb1d3a96a3ad1baa39916f3a546e29d11481966a5a2d3d30f3c,61e1083ae266a0c0d0562f5978ecf2ec4d01974439c1e3d455b138ce4d181741,dfddec171cf5b907634b3cfa86ae2f60a5ca0d06e64dba8008bb5a7dfb986dfd,1007fcb65d03ac3eeffadbcf7be9e35f5be3e82b10b7b415fcc3c39c62d68d0a,4a49993e99cf73bd0b6b87efb3bce026b4400c5ec011d9f500e4b2d22c88bd9b,1058,77,326,33
532,7.510000228881836,8.19483470916748,0.6848344802856445,0.6848344802856445,0.46899826538810885,9.118967502183546,in-house,612,FC1=C(C(OCC(CCCC)CC)=O)SC2=CSC(C3=CC4=C(C5=C(C(C6=CC=C(CC(CC)CCCC)S6)=C4S3)C=CS5)C7=CC=C(CC(CC)CCCC)S7)=C12,c12cc3c(cc1C(c1c2sc2c1sc(c2)/C=C\1/C(=C(C#N)C#N)c2c(C1=O)cccc2)(c1ccc(cc1)OCCCCCC)c1ccc(cc1)OCCCCCC)c1c(C3(c2ccc(cc2)OCCCCCC)c2ccc(cc2)OCCCCCC)c2c(s1)cc(s2)/C=C\1/C(=C(C#N)C#N)c2c(C1=O)cccc2,7.51,FC1=C(C(OCC(CCCC)CC)=O)SC2=CSC(C3=CC4=C(C5=C(C(C6=CC=C(CC(CC)CCCC)S6)=C4S3)C=CS5)C7=CC=C(CC(CC)CCCC)S7)=C12||c12cc3c(cc1C(c1c2sc2c1sc(c2)/C=C\1/C(=C(C#N)C#N)c2c(C1=O)cccc2)(c1ccc(cc1)OCCCCCC)c1ccc(cc1)OCCCCCC)c1c(C3(c2ccc(cc2)OCCCCCC)c2ccc(cc2)OCCCCCC)c2c(s1)cc(s2)/C=C\1/C(=C(C#N)C#N)c2c(C1=O)cccc2,2249a87c8fc0450476e55f070a85b71ffa6beb368356c28f1302bad8bac422cb,2fc7b353270f61ced8b2448b3caced6f270384248a93de6efbe60c799205a6dc,0b01775e8f00cd515043736c5a8043a7387147f9d1aa930c2e71d420a97531b2,97a6d1f7a547b22a9cdb9821410f7e4ca9bdfe0cc11c37737c9459c0423202a2,d4ec76e3dee6882885e0b12598fda6e77e6fd31f96245bd6116d62a69c0a8ee8,48,708,975,505
541,7.400000095367432,8.708162307739258,1.3081622123718262,1.3081622123718262,1.7112883738775508,17.67786750693105,in-house,622,CC1=CC=C(S1)C2=C(C(F)=C(C3=NON=C23)C4=CC=C(S4)C5=C(CC(CCCCCC)CCCCCCCC)C=C(C6=C(CC(CCCCCCCC)CCCCCC)C=C(C(C7=NON=C78)=C(C(F)=C8C9=CC(CC(CCCCCC)CCCCCCCC)=C(C%10=CC(CC(CCCCCC)CCCCCCCC)=C(C)S%10)S9)F)S6)S5)F,O=C(C1=CC=CC=C1C/2=C(C#N)\C#N)C2=C/C3=CC4=C(C(C(C5=CC=C(CCCCCC)S5)(C6=C7C=C8C(C9=CC=C(S9)CCCCCC)(C%10=CC=C(S%10)CCCCCC)C%11=C(SC%12=C%11SC(/C=C%13C(C%14=CC=CC=C%14C\%13=C(C#N)\C#N)=O)=C%12)C8=C6)C(S%15)=CC=C%15CCCCCC)=C7S4)S3,7.4,CC1=CC=C(S1)C2=C(C(F)=C(C3=NON=C23)C4=CC=C(S4)C5=C(CC(CCCCCC)CCCCCCCC)C=C(C6=C(CC(CCCCCCCC)CCCCCC)C=C(C(C7=NON=C78)=C(C(F)=C8C9=CC(CC(CCCCCC)CCCCCCCC)=C(C%10=CC(CC(CCCCCC)CCCCCCCC)=C(C)S%10)S9)F)S6)S5)F||O=C(C1=CC=CC=C1C/2=C(C#N)\C#N)C2=C/C3=CC4=C(C(C(C5=CC=C(CCCCCC)S5)(C6=C7C=C8C(C9=CC=C(S9)CCCCCC)(C%10=CC=C(S%10)CCCCCC)C%11=C(SC%12=C%11SC(/C=C%13C(C%14=CC=CC=C%14C\%13=C(C#N)\C#N)=O)=C%12)C8=C6)C(S%15)=CC=C%15CCCCCC)=C7S4)S3,f1e09c4d11828693e1ebf147195a992aca3612e0557d94b0790140557a3319fb,324d6e5b76a9400503a81056ec0f63ac76d712428565dd1fa4bf1871d8f66e0c,f94af0aa14858bc641d6e9ca4871fe376137816d45d4a1338a16ec67e5a8e720,15adf33948df438470572775668a48eecff5154a80d90cd943d49b006734e185,cc1de87b7e0f4d85a35cdfa92b8b64c4923ce8e6bb1c059c28d98c251c17a997,1160,108,937,514
552,7.300000190734863,5.969187736511231,-1.330812454223632,1.330812454223632,1.7710617883167263,18.230307115781926,in-house,634,FC1=C(C(OCC(CCCC)CC)=O)SC2=CSC(C3=CC4=C(C5=C(C(C6=CC=C(CC(CC)CCCC)S6)=C4S3)C=CS5)C7=CC=C(CC(CC)CCCC)S7)=C12,O=C1C(/C(C2=C1C=CC=C2)=C(C#N)\C#N)=C\C3=CC(OCC(CCCC)CC)=C(C4=CC(C(C5=CC(C6=C7C=C(C8=C(C=C(/C=C(C9=O)/C(C%10=C9C=CC=C%10)=C(C#N)\C#N)S8)OCC(CCCC)CC)S6)=C(C7(C%11=CC=C(C=C%11)CCCCCC)C%12=CC=C(C=C%12)CCCCCC)C=C%135)(C%14=CC=C(C=C%14)CCCCCC)C(C=C%15)=CC=C%15CCCCCC)=C%13S4)S3,7.3,FC1=C(C(OCC(CCCC)CC)=O)SC2=CSC(C3=CC4=C(C5=C(C(C6=CC=C(CC(CC)CCCC)S6)=C4S3)C=CS5)C7=CC=C(CC(CC)CCCC)S7)=C12||O=C1C(/C(C2=C1C=CC=C2)=C(C#N)\C#N)=C\C3=CC(OCC(CCCC)CC)=C(C4=CC(C(C5=CC(C6=C7C=C(C8=C(C=C(/C=C(C9=O)/C(C%10=C9C=CC=C%10)=C(C#N)\C#N)S8)OCC(CCCC)CC)S6)=C(C7(C%11=CC=C(C=C%11)CCCCCC)C%12=CC=C(C=C%12)CCCCCC)C=C%135)(C%14=CC=C(C=C%14)CCCCCC)C(C=C%15)=CC=C%15CCCCCC)=C%13S4)S3,2249a87c8fc0450476e55f070a85b71ffa6beb368356c28f1302bad8bac422cb,87476fb90d0db17e58b2a62e38ecc6765e2842c257a662603688167ffd1038b6,25a093e759cef0f6da4142ee23ee7c6c7679bb114baec61c113b71109e23954f,224fdf9582811e4c66604a5a21305c80c3dd0129eb7bcc219ff492cbcfbf76f1,17165216c0e0a0502487bfc02d3e9d7fce6ef55c484b3f10df5a3fbac449859d,167,165,104,525
557,7.170000076293945,8.411380767822266,1.2413806915283203,1.2413806915283203,1.5410260212993308,17.31353805187084,in-house,643,c1(c2c3c(c(c4c2cc(s4)c2ccc(s2)c2sc(c4c2C(=O)c2c(C4=O)c(sc2C[C@@H](CC)CCCC)C[C@H](CC)CCCC)c2cccs2)c2ccc(s2)SC[C@@H](CC)CCCC)ccs3)ccc(s1)SC[C@@H](CC)CCCC,c1ccc2c(c1)C(=O)/C(=C/c1cc3c(s1)c1c(s3)c3c(C1(c1ccc(cc1)SCCCCCC)c1ccc(cc1)SCCCCCC)cc1c(c3)C(c3c1sc1c3sc(c1)/C=C\1/C(=O)c3c(C1=C(C#N)C#N)cccc3)(c1ccc(cc1)SCCCCCC)c1ccc(cc1)SCCCCCC)/C2=C(C#N)C#N,7.17,c1(c2c3c(c(c4c2cc(s4)c2ccc(s2)c2sc(c4c2C(=O)c2c(C4=O)c(sc2C[C@@H](CC)CCCC)C[C@H](CC)CCCC)c2cccs2)c2ccc(s2)SC[C@@H](CC)CCCC)ccs3)ccc(s1)SC[C@@H](CC)CCCC||c1ccc2c(c1)C(=O)/C(=C/c1cc3c(s1)c1c(s3)c3c(C1(c1ccc(cc1)SCCCCCC)c1ccc(cc1)SCCCCCC)cc1c(c3)C(c3c1sc1c3sc(c1)/C=C\1/C(=O)c3c(C1=C(C#N)C#N)cccc3)(c1ccc(cc1)SCCCCCC)c1ccc(cc1)SCCCCCC)/C2=C(C#N)C#N,19e710b4ae822cb0d1a4a237526a2bd04d89a2f16abfce3f0be979376c78b19e,0f396e867ab1555e0345c0dcc407832658dd65ccd8af96d421975e836d9d7654,c5939a47a829294748d8030fc8b785dc6c324dd275962994b98ca422df01c721,640199ef1086c951f206f191923e6641c4315dcedddddffdcb5b6fd0985e9464,f9f83974458c11e627b24f647ccf2e56b1085d981015e9e48b3d1d342d3b9082,948,477,1165,530
563,7.079999923706055,7.832384586334228,0.7523846626281729,0.7523846626281729,0.5660826805581096,10.626902129037513,in-house,651,O=C(C1=C(CCC(CCCC)CC)SC(CCC(CC)CCCC)=C1C2=O)C(C2=C(C3)C(C4)=CC=C4C5=CC6=C(C(C7=CC=C(CCC(CCCC)CC)S7)=C8C=CSC8=C6C9=CC=C(CCC(CCCC)CC)S9)S5)=C3C%10=CC=CS%10,O=C(C1=CC(F)=C(C=C1C/2=C(C#N)\C#N)F)C2=C\C3=CC4=C(S3)C(OCC)=C5C(N(C(CC)CCCC)C6=C7C8=NSN=C8C9=C6N(C(CC)CCCC)C%10=C9SC%11=C%10C(OCC)=C%12SC(/C=C%13C(C%14=CC(F)=C(C=C%14C/%13=C(C#N)/C#N)F)=O)=CC%12=C%11OCC)=C7SC5=C4OCC,7.08,O=C(C1=C(CCC(CCCC)CC)SC(CCC(CC)CCCC)=C1C2=O)C(C2=C(C3)C(C4)=CC=C4C5=CC6=C(C(C7=CC=C(CCC(CCCC)CC)S7)=C8C=CSC8=C6C9=CC=C(CCC(CCCC)CC)S9)S5)=C3C%10=CC=CS%10||O=C(C1=CC(F)=C(C=C1C/2=C(C#N)\C#N)F)C2=C\C3=CC4=C(S3)C(OCC)=C5C(N(C(CC)CCCC)C6=C7C8=NSN=C8C9=C6N(C(CC)CCCC)C%10=C9SC%11=C%10C(OCC)=C%12SC(/C=C%13C(C%14=CC(F)=C(C=C%14C/%13=C(C#N)/C#N)F)=O)=CC%12=C%11OCC)=C7SC5=C4OCC,6f31f3770fd225e382586e20513744e11a328b7cc74c758d48628417c600a02b,fea690cc452b868f157dbf4a6a0ff0aaa0ece73a6fa4be2fd3443baa06afaf14,3c11629f9ad6469813884e8cfb4414682b47562362ae0755f49382faf6c420dc,d312bf0459bb02ed76414b527f7e332a691a65fd06f016f6db41087c8a998846,47ba7c396cb773e7a974c9c42d0afcbddf63ffc437b72dfcd1c9212a785e1e6f,266,974,320,535
564,7.059999942779541,10.649805068969728,3.5898051261901873,3.5898051261901873,12.886700844021346,50.847098516786545,in-house,652,FC1=C(C2=CC=C(C)S2)C3=NN(CCOC)N=C3C(C4=CC=C(C5=CC6=C(C7=C(C(CCC(CCCCCC)CCCC)=C6S5)C=C(C)S7)CCC(CCCC)CCCCCC)S4)=C1F,O=C(C1=CC=CC=C1C/2=C(C#N)/C#N)C2=C/C3=CC(SC4C5C(C)=C(C(C6=CC=C(C=C6)CCCCCC)(C7=CC=C(C=C7)CCCCCC)C8=CSC9=C8SC(/C=C%10C(C(C=CC=C%11)=C%11C\%10=C(C#N)/C#N)=C)=C9)C=C(C)C5C(C%12=CC=C(C=C%12)CCCCCC)(C%13=CC=C(C=C%13)CCCCCC)C%144)=C%14S3,7.06,FC1=C(C2=CC=C(C)S2)C3=NN(CCOC)N=C3C(C4=CC=C(C5=CC6=C(C7=C(C(CCC(CCCCCC)CCCC)=C6S5)C=C(C)S7)CCC(CCCC)CCCCCC)S4)=C1F||O=C(C1=CC=CC=C1C/2=C(C#N)/C#N)C2=C/C3=CC(SC4C5C(C)=C(C(C6=CC=C(C=C6)CCCCCC)(C7=CC=C(C=C7)CCCCCC)C8=CSC9=C8SC(/C=C%10C(C(C=CC=C%11)=C%11C\%10=C(C#N)/C#N)=C)=C9)C=C(C)C5C(C%12=CC=C(C=C%12)CCCCCC)(C%13=CC=C(C=C%13)CCCCCC)C%144)=C%14S3,9443e249ba69f955f3e85e7e28bc529c2fbcd958a79cc1662e571c4d9dc71d62,83d12c8a518aebb2c9e097cdd9cd4e855fadbb8bad16c860293e67b74eecaf00,f1c107c4e24342cd880b613b72a9a043ff6fed431c95c17ec1875c9ba83abed7,84c07154ce9cb35113e47cee21574911daeac1621ba8acb8f9ad5ad9d37744cf,2a2b3a7f0bd568c3cd594623ed6169ba9524879dfffc096d612b94b13c380e91,1139,626,180,536
567,7.039999961853027,7.340402126312256,0.3004021644592285,0.3004021644592285,0.09024146041178938,4.267076222826547,in-house,655,O=C(C1=C(CCC(CCCC)CC)SC(CCC(CC)CCCC)=C1C2=O)C(C2=C(C3)C(C4)=CC=C4C5=CC6=C(C(C7=CC=C(CCC(CCCC)CC)S7)=C8C=CSC8=C6C9=CC=C(CCC(CCCC)CC)S9)S5)=C3C%10=CC=CS%10,O=C(/C(S/1)=C/C(C2=NSN=C32)=CC=C3C4=CC(SC5=C6C(C(C=C7)=CC=C7CCCCCC)(C(C=C8)=CC=C8CCCCCC)C(C5=C9)=CC%10=C9C(C%11=CC=C(CCCCCC)C=C%11)(C%12=CC=C(C=C%12)CCCCCC)C%13=C%10SC%14=C%13SC(C(C%15=NSN=C%16%15)=CC=C%16/C=C(C%17=O)\S/C(N%17CC)=C(C#N)/C#N)=C%14)=C6S4)N(CC)C1=C(C#N)\C#N,7.04,O=C(C1=C(CCC(CCCC)CC)SC(CCC(CC)CCCC)=C1C2=O)C(C2=C(C3)C(C4)=CC=C4C5=CC6=C(C(C7=CC=C(CCC(CCCC)CC)S7)=C8C=CSC8=C6C9=CC=C(CCC(CCCC)CC)S9)S5)=C3C%10=CC=CS%10||O=C(/C(S/1)=C/C(C2=NSN=C32)=CC=C3C4=CC(SC5=C6C(C(C=C7)=CC=C7CCCCCC)(C(C=C8)=CC=C8CCCCCC)C(C5=C9)=CC%10=C9C(C%11=CC=C(CCCCCC)C=C%11)(C%12=CC=C(C=C%12)CCCCCC)C%13=C%10SC%14=C%13SC(C(C%15=NSN=C%16%15)=CC=C%16/C=C(C%17=O)\S/C(N%17CC)=C(C#N)/C#N)=C%14)=C6S4)N(CC)C1=C(C#N)\C#N,6f31f3770fd225e382586e20513744e11a328b7cc74c758d48628417c600a02b,b12d61d217b346c84d8c4cbf98104f80c2f3e037d46042ffb1acaf2a210cb47d,54eb10780d551a107114d8ebad352226cd9da3cb619b7ca9b2c0772c80880370,fc5bc3b259d14512e13d89e42d3d340296ce865752fbdb39bf7b13591a94f3aa,2949c93826a8e764efa482173a21b011efda9ce5e1b94b3d18d510aeab6c8fcf,387,1172,175,539
568,7.019999980926514,9.697343826293944,2.67734384536743,2.67734384536743,7.168170066326856,38.13880131968418,in-house,657,O=C1C2=C(CC(CC)CCCC)SC(CC(CC)CCCC)=C2C(C3=C(C4=CC=C(C5=CC(C(C6=CC(F)=C(CC(CC)CCCC)S6)=C(SC=C7)C7=C8C9=CC(F)=C(CC(CC)CCCC)S9)=C8S5)S4)SC(C%10=CC=CS%10)=C31)=O,CCC(CCCC)CN1C2=C(C=C(C(C3=CC=C(CCCCCC)C=C3)(C4=CC=C(CCCCCC)C=C4)C5=C6SC7=C5SC(/C=C8C(C(C=C([H])C([H])=C9)=C9C\8=C(C#N)\C#N)=O)=C7)C6=C2)C%10=C1C=C(C%11=C%12C%13=C(C=C(S%13)/C=C%14C(C%15=CC([H])=C(C=C%15C\%14=C(C#N)/C#N)[H])=O)S%11)C(C%12(C%16=CC=C(CCCCCC)C=C%16)C%17CC=C(C=C%17)CCCCCC)=C%10,7.02,O=C1C2=C(CC(CC)CCCC)SC(CC(CC)CCCC)=C2C(C3=C(C4=CC=C(C5=CC(C(C6=CC(F)=C(CC(CC)CCCC)S6)=C(SC=C7)C7=C8C9=CC(F)=C(CC(CC)CCCC)S9)=C8S5)S4)SC(C%10=CC=CS%10)=C31)=O||CCC(CCCC)CN1C2=C(C=C(C(C3=CC=C(CCCCCC)C=C3)(C4=CC=C(CCCCCC)C=C4)C5=C6SC7=C5SC(/C=C8C(C(C=C([H])C([H])=C9)=C9C\8=C(C#N)\C#N)=O)=C7)C6=C2)C%10=C1C=C(C%11=C%12C%13=C(C=C(S%13)/C=C%14C(C%15=CC([H])=C(C=C%15C\%14=C(C#N)/C#N)[H])=O)S%11)C(C%12(C%16=CC=C(CCCCCC)C=C%16)C%17CC=C(C=C%17)CCCCCC)=C%10,65482d735aa1f382b817dd8d95b1689b39b0b3c26138949c2680844f1b1f5ea0,19c62e91031c92373ebf8c12d4bfef7d111bd0c3018983991e7c6bf8dc1f2f1e,654b0755237e540211f6b7154c922fe23e8d6bc9c6ab5980e2c196a660ab6f12,1dcbd8e84611d11cc7c3fde9e9178cd690a4dc65c7741f15634985bb09bcbc13,c81444e5118f44c419711086fd838e1a97dd8e7d2f9e3b9db8ba702068472ac8,456,146,919,540
569,7.010000228881836,8.52836799621582,1.5183677673339844,1.5183677673339844,2.3054406768787885,21.660024504395473,in-house,658,FC1=C(C(OCC(CCCC)CC)=O)SC2=CSC(C3=CC4=C(C5=C(C(C6=CC=C(CC(CC)CCCC)S6)=C4S3)C=CS5)C7=CC=C(CC(CC)CCCC)S7)=C12,FC1=CC(C(C2=C/C3=C4C(C(F)=C(C(OC(CC)CCCCC)=O)S4)=C(C5=CC6=C(C7=C(C6(C8=CC=C(CCCCCC)C=C8)C9=CC=C(CCCCCC)C=C9)C=C(C%10=C%11C=C(C%12=C%13C(SC(C(OC(CC)CCCCC)=O)=C%13F)=C(/C=C%14C(C%15=C(C\%14=C(C#N)\C#N)C=C([H])C(F)=C%15)=O)S%12)S%10)C(C%11(C%16=CC=C(CCCCCC)C=C%16)C%17C=CC(CCCCCC)=CC%17)=C7)S5)S3)=O)=C(C/2=C(C#N)/C#N)C=C1[H],7.01,FC1=C(C(OCC(CCCC)CC)=O)SC2=CSC(C3=CC4=C(C5=C(C(C6=CC=C(CC(CC)CCCC)S6)=C4S3)C=CS5)C7=CC=C(CC(CC)CCCC)S7)=C12||FC1=CC(C(C2=C/C3=C4C(C(F)=C(C(OC(CC)CCCCC)=O)S4)=C(C5=CC6=C(C7=C(C6(C8=CC=C(CCCCCC)C=C8)C9=CC=C(CCCCCC)C=C9)C=C(C%10=C%11C=C(C%12=C%13C(SC(C(OC(CC)CCCCC)=O)=C%13F)=C(/C=C%14C(C%15=C(C\%14=C(C#N)\C#N)C=C([H])C(F)=C%15)=O)S%12)S%10)C(C%11(C%16=CC=C(CCCCCC)C=C%16)C%17C=CC(CCCCCC)=CC%17)=C7)S5)S3)=O)=C(C/2=C(C#N)/C#N)C=C1[H],2249a87c8fc0450476e55f070a85b71ffa6beb368356c28f1302bad8bac422cb,7d3f85cd4b5f553dc272c78b8df50bdf363f8fc86549b3b2f4542b2660446199,532d21b4f2123c7d49788f110f9903f7e45492239109a69787e99ad237fac1b6,2a707dc7b66e38862a1f82e00ec8897dca94b7082862b992f616ab015351f438,5e6ffa9cb44b9f2f59150e97561ff96a1998c9bd6119d43ffdabbe7993b0bd4b,377,203,427,541
575,6.900000095367432,6.039175987243652,-0.8608241081237793,0.8608241081237793,0.7410181451271001,12.475711539507444,in-house,667,FC(C(F)=C(C1=NSN=C21)C3=CC(CCCCCCCCCCCCCCCCCCCC)=C(S3)C)=C2C4=CC(C#CC#CC#CC#CC#CC#CC#CC#CC#CC#C)=C(S4)C(S5)=CC=C5C6=CC=C7C=C(C)SC7=C6.[HH].[HH].[HH].[HH].[HH].[HH].[HH].[HH].[HH].[HH],c12cc3c(cc1C(c1c2sc2c1sc(c2)/C=C\1/C(=C(C#N)C#N)c2c(C1=O)cccc2)(c1ccc(cc1)CCCCCC)c1ccc(cc1)CCCCCC)c1c(C3(c2ccc(cc2)CCCCCC)c2ccc(cc2)CCCCCC)c2c(s1)cc(s2)/C=C\1/C(=C(C#N)C#N)c2c(C1=O)cccc2,6.9,FC(C(F)=C(C1=NSN=C21)C3=CC(CCCCCCCCCCCCCCCCCCCC)=C(S3)C)=C2C4=CC(C#CC#CC#CC#CC#CC#CC#CC#CC#CC#C)=C(S4)C(S5)=CC=C5C6=CC=C7C=C(C)SC7=C6.[HH].[HH].[HH].[HH].[HH].[HH].[HH].[HH].[HH].[HH]||c12cc3c(cc1C(c1c2sc2c1sc(c2)/C=C\1/C(=C(C#N)C#N)c2c(C1=O)cccc2)(c1ccc(cc1)CCCCCC)c1ccc(cc1)CCCCCC)c1c(C3(c2ccc(cc2)CCCCCC)c2ccc(cc2)CCCCCC)c2c(s1)cc(s2)/C=C\1/C(=C(C#N)C#N)c2c(C1=O)cccc2,ad56ba1ef81d40d2e6a98d31ba98fb61313a3ee239ba8bf44d485362c31fe8f3,202f8607af2cecb83e86b2e4305f8c7e2852bc709bb805b9055691d46a9081c5,12330a812f7e854524b24c3c7f5f29fd1ad54de1f21c9798c1ee411fbac73716,63e90d4f2acdf4c79b1232875f504674865a3edd07e52090bafc1ca1bc3fabb9,da882428b0f58c4f823ef4e3f0873cdeea9f638cfb9d04b33ae21e17a32a3931,79,476,1008,547
592,6.460000038146973,8.355195999145508,1.8951959609985352,1.8951959609985352,3.591767730585161,29.337398603826713,in-house,690,O=C(C1=C(CCC(CCCC)CC)SC(CCC(CC)CCCC)=C1C2=O)C(C2=C(C3)C(C4)=CC=C4C5=CC6=C(C(C7=CC=C(CCC(CCCC)CC)S7)=C8C=CSC8=C6C9=CC=C(CCC(CCCC)CC)S9)S5)=C3C%10=CC=CS%10,[H]C1=CC2=C(C(/C(C2=O)=C/C3=C(C(OC)=C(C4=CC(SC5=C6C(C7=CC=C(C=C7)CCCCCC)(C8=C5C=C(C9=C8)C(C(C=C%10)=CC=C%10CCCCCC)(C%11=CC=C(CCCCCC)C=C%11)C%12=C9SC%13=C%12SC(C%14=C(OC)C(OC)=C(/C=C%15/C(C(C=C([H])C([H])=C%16)=C%16C%15=O)=C(C#N)/C#N)S%14)=C%13)C%17=CC=C(CCCCCC)C=C%17)=C6S4)S3)OC)=C(C#N)\C#N)C=C1[H],6.46,O=C(C1=C(CCC(CCCC)CC)SC(CCC(CC)CCCC)=C1C2=O)C(C2=C(C3)C(C4)=CC=C4C5=CC6=C(C(C7=CC=C(CCC(CCCC)CC)S7)=C8C=CSC8=C6C9=CC=C(CCC(CCCC)CC)S9)S5)=C3C%10=CC=CS%10||[H]C1=CC2=C(C(/C(C2=O)=C/C3=C(C(OC)=C(C4=CC(SC5=C6C(C7=CC=C(C=C7)CCCCCC)(C8=C5C=C(C9=C8)C(C(C=C%10)=CC=C%10CCCCCC)(C%11=CC=C(CCCCCC)C=C%11)C%12=C9SC%13=C%12SC(C%14=C(OC)C(OC)=C(/C=C%15/C(C(C=C([H])C([H])=C%16)=C%16C%15=O)=C(C#N)/C#N)S%14)=C%13)C%17=CC=C(CCCCCC)C=C%17)=C6S4)S3)OC)=C(C#N)\C#N)C=C1[H],6f31f3770fd225e382586e20513744e11a328b7cc74c758d48628417c600a02b,a28c85a21585775d8bfdc83471270e7a0f1e3790032b6829d8ac57531de16ae4,96dc4d857f855920e4aac56033f08d705999c2c15bf27923149c212f47a658a8,4e31fe79226c0c97623956c49f7ca3ba190b5f300ce4b22eb66c365da409addf,18646c07ce676782b219a9f06286f28dd5aff2026d50b1373a28c51fb478be05,690,371,110,564
612,6.0,5.969226360321045,-0.030773639678955078,0.030773639678955078,0.0009470168990901584,0.5128939946492512,in-house,716,FC1=C(C(OCC(CCCC)CC)=O)SC2=CSC(C3=CC4=C(C5=C(C(C6=CC=C(CC(CC)CCCC)S6)=C4S3)C=CS5)C7=CC=C(CC(CC)CCCC)S7)=C12,O=C(C1=CC=CC=C1C/2=C(C#N)\C#N)C2=C/C3=CC(OCC(CC)CCCC)=C(C4=CC5=C(C6=CC7=C(C8=C(C7(C9=CC=C(C=C9)CCCCCC)C%10=CC=C(C=C%10)CCCCCC)C=C(C%11=C(OCC(CC)CCCC)C=C(/C=C%12C(C%13=CC=CC=C%13C\%12=C(C#N)\C#N)=O)S%11)S8)C=C6C5(C%14=CC=C(C=C%14)CCCCCC)C%15=CC=C(C=C%15)CCCCCC)S4)S3,6.0,FC1=C(C(OCC(CCCC)CC)=O)SC2=CSC(C3=CC4=C(C5=C(C(C6=CC=C(CC(CC)CCCC)S6)=C4S3)C=CS5)C7=CC=C(CC(CC)CCCC)S7)=C12||O=C(C1=CC=CC=C1C/2=C(C#N)\C#N)C2=C/C3=CC(OCC(CC)CCCC)=C(C4=CC5=C(C6=CC7=C(C8=C(C7(C9=CC=C(C=C9)CCCCCC)C%10=CC=C(C=C%10)CCCCCC)C=C(C%11=C(OCC(CC)CCCC)C=C(/C=C%12C(C%13=CC=CC=C%13C\%12=C(C#N)\C#N)=O)S%11)S8)C=C6C5(C%14=CC=C(C=C%14)CCCCCC)C%15=CC=C(C=C%15)CCCCCC)S4)S3,2249a87c8fc0450476e55f070a85b71ffa6beb368356c28f1302bad8bac422cb,87476fb90d0db17e58b2a62e38ecc6765e2842c257a662603688167ffd1038b6,25a093e759cef0f6da4142ee23ee7c6c7679bb114baec61c113b71109e23954f,224fdf9582811e4c66604a5a21305c80c3dd0129eb7bcc219ff492cbcfbf76f1,17165216c0e0a0502487bfc02d3e9d7fce6ef55c484b3f10df5a3fbac449859d,167,165,104,525
619,5.679999828338623,10.488324165344238,4.808324337005615,4.808324337005615,23.11998292984049,84.65360004090054,in-house,724,CC1=C2C(C(C3=C(SC(CC)=C3C2=O)CC)=O)=C(S1)C(SC4=C(C5=C6SC(C)=C5)C7=CC=C(S7)CC)=CC4=C6C8=CC=C(CC)S8,c1(cc2c(cc1F)C(=O)/C(=C\c1cc3c(s1)c1c(s3)c3c(C1(c1ccc(cc1)CCCCCC)c1ccc(cc1)CCCCCC)cc1c(c3)C(c3c1sc1c3sc(c1)/C=C/1\C(=O)c3c(C1=C(C#N)C#N)cc(c(c3)F)F)(c1ccc(cc1)CCCCCC)c1ccc(cc1)CCCCCC)/C2=C(C#N)C#N)F,5.68,CC1=C2C(C(C3=C(SC(CC)=C3C2=O)CC)=O)=C(S1)C(SC4=C(C5=C6SC(C)=C5)C7=CC=C(S7)CC)=CC4=C6C8=CC=C(CC)S8||c1(cc2c(cc1F)C(=O)/C(=C\c1cc3c(s1)c1c(s3)c3c(C1(c1ccc(cc1)CCCCCC)c1ccc(cc1)CCCCCC)cc1c(c3)C(c3c1sc1c3sc(c1)/C=C/1\C(=O)c3c(C1=C(C#N)C#N)cc(c(c3)F)F)(c1ccc(cc1)CCCCCC)c1ccc(cc1)CCCCCC)/C2=C(C#N)C#N)F,e677484505f85cfe03b1269e1614066c1a1bd3e6fd7267479f4c7aacc6c8ca2f,69e17d1724b4236f68d0c6efb6ad16969f13f8980d301d0056747038b20f0c8d,19a23ed6154a4ad68b4e737d70a2fcfa60d028a4884b0b641d0a4905578a21fc,f36e82bd80341defc9e75b68ad4a33130185fdd33eda19716763aa5aa999aaca,d85aa213754421ac49708e889a281b7dbff4084a58a5d843880566bbc8ebb192,122,1133,995,590
620,5.670000076293945,11.354681968688965,5.6846818923950195,5.6846818923950195,32.31560821772382,100.2589385520903,in-house,725,O=C(C1=C(CCC(CCCC)CC)SC(CCC(CC)CCCC)=C1C2=O)C(C2=C(C3)C(C4)=CC=C4C5=CC6=C(C(C7=CC=C(CCC(CCCC)CC)S7)=C8C=CSC8=C6C9=CC=C(CCC(CCCC)CC)S9)S5)=C3C%10=CC=CS%10,O=C(C(C=CC=C1)=C1C/2=C(C#N)/C#N)C2=C/C3=CC4=C(S3)C5=CC6=C(C=C5C4(CCCCCCCCCCCCCCCC)CCCCCCCCCCCCCCCC)C7=C(C=C(S7)/C=C8C(C(C=CC=C9)=C9C\8=C(C#N)/C#N)=O)C6(CCCCCCCCCCCCCCCC)CCCCCCCCCCCCCCCC,5.67,O=C(C1=C(CCC(CCCC)CC)SC(CCC(CC)CCCC)=C1C2=O)C(C2=C(C3)C(C4)=CC=C4C5=CC6=C(C(C7=CC=C(CCC(CCCC)CC)S7)=C8C=CSC8=C6C9=CC=C(CCC(CCCC)CC)S9)S5)=C3C%10=CC=CS%10||O=C(C(C=CC=C1)=C1C/2=C(C#N)/C#N)C2=C/C3=CC4=C(S3)C5=CC6=C(C=C5C4(CCCCCCCCCCCCCCCC)CCCCCCCCCCCCCCCC)C7=C(C=C(S7)/C=C8C(C(C=CC=C9)=C9C\8=C(C#N)/C#N)=O)C6(CCCCCCCCCCCCCCCC)CCCCCCCCCCCCCCCC,6f31f3770fd225e382586e20513744e11a328b7cc74c758d48628417c600a02b,0cc00e1ba2d95fe8288dc072edf395ee6fc3678daa4e12f6703c7be7d2c5a409,2e04d14dd450a0193aa5384d4e2543c6e5910fef19bc229cba5eef79ad8b8300,32009831a6351f02a68cb2910a7b563f3286ef21e8c7d5ed69cae15ab5884891,7de2f922f7bf3fc40af78adfc935fa05cd30577855405d82236cc71c573cf43b,203,255,574,395
638,5.239999771118164,4.741385459899902,-0.4986143112182617,0.4986143112182617,0.24861623135166155,9.515540706061183,in-house,747,c1scc(c1)CCCCCC,S=C(N(C/1=O)CC)SC1=C\C(C2=NN(CCCCCCCC)N=C32)=CC=C3C4=CC(C5(C(C=C6)=CC=C6CCCCCC)C7=CC=C(C=C7)CCCCCC)=C(C8=CC9=C(C%10=C(C9(C%11=CC=C(C=C%11)CCCCCC)C%12=CC=C(C=C%12)CCCCCC)C=C(C%13=CC=C(C%14=NN(N=C%13%14)CCCCCCCC)/C=C%15SC(N(C/%15=O)C#C)=S)S%10)C=C85)S4,5.24,c1scc(c1)CCCCCC||S=C(N(C/1=O)CC)SC1=C\C(C2=NN(CCCCCCCC)N=C32)=CC=C3C4=CC(C5(C(C=C6)=CC=C6CCCCCC)C7=CC=C(C=C7)CCCCCC)=C(C8=CC9=C(C%10=C(C9(C%11=CC=C(C=C%11)CCCCCC)C%12=CC=C(C=C%12)CCCCCC)C=C(C%13=CC=C(C%14=NN(N=C%13%14)CCCCCCCC)/C=C%15SC(N(C/%15=O)C#C)=S)S%10)C=C85)S4,dcfe55e25105351ae9c8ad52944bf5ab5d7d9aabff6bbd3f76ff805bf8820852,f89c93963c48a19c063c0f4d6b58c802680d8e5063121a06a395761e1ffe74e1,c4bf1e7f005e020c19e188ccdce36b1d304fe467a7ef9c28ea0f686f163d8e17,f81a1bb79b2f5bca68bb75e37b44ceb1c4b4d645fc238e1d0ad3729f0b949b0a,7342964bae6e1272b2af13c5807812879d7cf37673d8d969dde53663470d4ad8,945,1154,523,608
639,5.230000019073486,9.073715209960938,3.843715190887451,3.843715190887451,14.774146468658955,73.49359802810056,in-house,748,CC(S1)=C(CCCCC(CC)CCCCCC)C=C1C2=NC(S3)=C(S2)N=C3C4=CC(CCCCC(CCCCCC)CC)=C(S4)C5=CC(C(S5)=C(C6=C7SC(C)=C6)C8=CC(Cl)=C(S8)CC(CCCC)CC)=C7C9=CC(Cl)=C(CC(CC)CCCC)S9,c1(cc2c(cc1F)C(=O)/C(=C\c1cc3c(s1)c1c(s3)c3c(C1(c1ccc(cc1)CCCCCC)c1ccc(cc1)CCCCCC)cc1c(c3)C(c3c1sc1c3sc(c1)/C=C/1\C(=O)c3c(C1=C(C#N)C#N)cc(c(c3)F)F)(c1ccc(cc1)CCCCCC)c1ccc(cc1)CCCCCC)/C2=C(C#N)C#N)F,5.23,CC(S1)=C(CCCCC(CC)CCCCCC)C=C1C2=NC(S3)=C(S2)N=C3C4=CC(CCCCC(CCCCCC)CC)=C(S4)C5=CC(C(S5)=C(C6=C7SC(C)=C6)C8=CC(Cl)=C(S8)CC(CCCC)CC)=C7C9=CC(Cl)=C(CC(CC)CCCC)S9||c1(cc2c(cc1F)C(=O)/C(=C\c1cc3c(s1)c1c(s3)c3c(C1(c1ccc(cc1)CCCCCC)c1ccc(cc1)CCCCCC)cc1c(c3)C(c3c1sc1c3sc(c1)/C=C/1\C(=O)c3c(C1=C(C#N)C#N)cc(c(c3)F)F)(c1ccc(cc1)CCCCCC)c1ccc(cc1)CCCCCC)/C2=C(C#N)C#N)F,d2db47a1de123b9347d2ddf618c1a801ab53c4d92b4344f4922c9a2cdc1e005f,69e17d1724b4236f68d0c6efb6ad16969f13f8980d301d0056747038b20f0c8d,1d1f3d08da8cbf49d3f75c0dc79c07cc116e0d2088c8c16ed2c9eaecee5c333d,caeec8008c574875708aa28052b115bad6a2efd9fa5d8f5e5f2b2bbdced87101,67ba371073f9deebbd481f2eda443d7c389651a2bf06587ef23a5e256e2eaa40,138,934,468,609
643,5.019999980926514,10.600534439086914,5.5805344581604,5.5805344581604,31.142364838715594,111.1660254853314,in-house,753,O=C(C1=C(CCC(CCCC)CC)SC(CCC(CC)CCCC)=C1C2=O)C(C2=C(C3)C(C4)=CC=C4C5=CC6=C(C(C7=CC=C(CCC(CCCC)CC)S7)=C8C=CSC8=C6C9=CC=C(CCC(CCCC)CC)S9)S5)=C3C%10=CC=CS%10,c1(cc2c(cc1F)C(=C(C#N)C#N)/C(=C\c1sc3c(c1)sc1c3C(c3c1cc1c(c3)c3c(C1(c1ccc(cc1)CCCCCC)c1ccc(cc1)CCCCCC)c1c(s3)cc(s1)/C=C/1\C(=C(C#N)C#N)c3c(C1=O)cc(c(c3)F)F)(c1ccc(cc1)CCCCCC)c1ccc(cc1)CCCCCC)/C2=O)F,5.02,O=C(C1=C(CCC(CCCC)CC)SC(CCC(CC)CCCC)=C1C2=O)C(C2=C(C3)C(C4)=CC=C4C5=CC6=C(C(C7=CC=C(CCC(CCCC)CC)S7)=C8C=CSC8=C6C9=CC=C(CCC(CCCC)CC)S9)S5)=C3C%10=CC=CS%10||c1(cc2c(cc1F)C(=C(C#N)C#N)/C(=C\c1sc3c(c1)sc1c3C(c3c1cc1c(c3)c3c(C1(c1ccc(cc1)CCCCCC)c1ccc(cc1)CCCCCC)c1c(s3)cc(s1)/C=C/1\C(=C(C#N)C#N)c3c(C1=O)cc(c(c3)F)F)(c1ccc(cc1)CCCCCC)c1ccc(cc1)CCCCCC)/C2=O)F,6f31f3770fd225e382586e20513744e11a328b7cc74c758d48628417c600a02b,69e17d1724b4236f68d0c6efb6ad16969f13f8980d301d0056747038b20f0c8d,8332b22ad63e13f9b15c75f9f23319c3bcc64b52cea2954ad652267fde2e4b46,28637e448c04e46259c5b0ad9c4b6def7346f4a3b8d2b5a13a3d3759ec108315,04aadc213b7bc50b11a865ef0d356e8d79017db2726b499f18b3e4565b2bbc74,597,201,19,201
645,5.0,8.813629150390625,3.813629150390625,3.813629150390625,14.54376729670912,76.2725830078125,in-house,755,FC1=C(C(OCC(CCCC)CC)=O)SC2=CSC(C3=CC4=C(C5=C(C(C6=CC=C(CC(CC)CCCC)S6)=C4S3)C=CS5)C7=CC=C(CC(CC)CCCC)S7)=C12,N#C/C(C#N)=C/C(C1=NSN=C21)=CC=C2C3=CC(C4(CCCCCCCC)CCCCCCCC)=C(C5=C4C=C(C6=CC=C(C7=NSN=C67)/C=C(C#N)\C#N)S5)S3,5.0,FC1=C(C(OCC(CCCC)CC)=O)SC2=CSC(C3=CC4=C(C5=C(C(C6=CC=C(CC(CC)CCCC)S6)=C4S3)C=CS5)C7=CC=C(CC(CC)CCCC)S7)=C12||N#C/C(C#N)=C/C(C1=NSN=C21)=CC=C2C3=CC(C4(CCCCCCCC)CCCCCCCC)=C(C5=C4C=C(C6=CC=C(C7=NSN=C67)/C=C(C#N)\C#N)S5)S3,2249a87c8fc0450476e55f070a85b71ffa6beb368356c28f1302bad8bac422cb,75bb0d51864105efcd58ab66fd3d6941c978d0f104918194de0c2f63ecc65b2c,476f624042074cd6483fc93fb7f3525416dd384a4c4527439948b656cf479df8,5e7513cbb7437e55d17855083cb5fcbd8db2f944de3d2fd9b30bce39fc1e2495,b89cc574a2c5075b99baa763f3baffd1fc98d927a6c24e654e6b1a2b9acecd57,332,448,855,614
654,4.480000019073486,11.20443344116211,6.724433422088623,6.724433422088623,45.21800484810251,150.09895967543568,in-house,768,FC1=C(C(OCC(CCCC)CC)=O)SC2=CSC(C3=CC4=C(C5=C(C(C6=CC=C(CC(CC)CCCC)S6)=C4S3)C=CS5)C7=CC=C(CC(CC)CCCC)S7)=C12,O=C1C(/C(C2=CC(F)=C(F)C=C21)=C(C#N)\C#N)=C\C3=CC4=C(C5=C(S4)C6=C(C5(C7=CC=C(CCCCCC)C=C7)C8=CC=C(CCCCCC)C=C8)C9=C(S6)C%10=CC%11=C(C=C%10C9(C%12=CC=C(CCCCCC)C=C%12)C%13=CC=C(CCCCCC)C=C%13)C(S%14)=C(C%11(C%15=CC=C(CCCCCC)C=C%15)C%16=CC=C(CCCCCC)C=C%16)C%17=C%14C%18=C(C%19=C(S%18)C=C(/C=C%20/C(C(C(C%20=O)=C%21)=CC(F)=C%21F)=C(C#N)/C#N)S%19)C%17(C%22=CC=C(CCCCCC)C=C%22)C%23=CC=C(CCCCCC)C=C%23)S3,4.48,FC1=C(C(OCC(CCCC)CC)=O)SC2=CSC(C3=CC4=C(C5=C(C(C6=CC=C(CC(CC)CCCC)S6)=C4S3)C=CS5)C7=CC=C(CC(CC)CCCC)S7)=C12||O=C1C(/C(C2=CC(F)=C(F)C=C21)=C(C#N)\C#N)=C\C3=CC4=C(C5=C(S4)C6=C(C5(C7=CC=C(CCCCCC)C=C7)C8=CC=C(CCCCCC)C=C8)C9=C(S6)C%10=CC%11=C(C=C%10C9(C%12=CC=C(CCCCCC)C=C%12)C%13=CC=C(CCCCCC)C=C%13)C(S%14)=C(C%11(C%15=CC=C(CCCCCC)C=C%15)C%16=CC=C(CCCCCC)C=C%16)C%17=C%14C%18=C(C%19=C(S%18)C=C(/C=C%20/C(C(C(C%20=O)=C%21)=CC(F)=C%21F)=C(C#N)/C#N)S%19)C%17(C%22=CC=C(CCCCCC)C=C%22)C%23=CC=C(CCCCCC)C=C%23)S3,2249a87c8fc0450476e55f070a85b71ffa6beb368356c28f1302bad8bac422cb,4c202bfbc444a4a4e9517c0340dff0d718d4ec18e442197e3d81e2350b86e311,8d30084fef039907498f883049c77fe62de22010647dfceb5eec3a37ed63218b,c25ab565a3311acf859368917342f91342be2215e4f7f357d9bcaaaf114f56bc,73678bcb33f6fe4641ad30a0a0ec62eeb3dae354dbfdba6b9d7c3d750f41a3c3,651,893,525,622
663,4.25,9.71037483215332,5.46037483215332,5.46037483215332,29.8156933076134,128.47940781537224,in-house,777,O=C(C1=C(CCC(CCCC)CC)SC(CCC(CC)CCCC)=C1C2=O)C(C2=C(C3)C(C4)=CC=C4C5=CC6=C(C(C7=CC=C(CCC(CCCC)CC)S7)=C8C=CSC8=C6C9=CC=C(CCC(CCCC)CC)S9)S5)=C3C%10=CC=CS%10,O=C(C(C=CC(F)=C1)=C1C/2=C(C#N)/C#N)C2=C/C3=CC(N4CC(CCCC)CC)=C(S3)C5=C4C6=C(OCCCCCC)C(S7)=C(C(OCCCCCC)=C6S5)C8=C7C(S9)=C(N8CC(CC)CCCC)C=C9/C=C(C%10=O)/C(C%11=C%10C=CC(F)=C%11)=C(C#N)/C#N,4.25,O=C(C1=C(CCC(CCCC)CC)SC(CCC(CC)CCCC)=C1C2=O)C(C2=C(C3)C(C4)=CC=C4C5=CC6=C(C(C7=CC=C(CCC(CCCC)CC)S7)=C8C=CSC8=C6C9=CC=C(CCC(CCCC)CC)S9)S5)=C3C%10=CC=CS%10||O=C(C(C=CC(F)=C1)=C1C/2=C(C#N)/C#N)C2=C/C3=CC(N4CC(CCCC)CC)=C(S3)C5=C4C6=C(OCCCCCC)C(S7)=C(C(OCCCCCC)=C6S5)C8=C7C(S9)=C(N8CC(CC)CCCC)C=C9/C=C(C%10=O)/C(C%11=C%10C=CC(F)=C%11)=C(C#N)/C#N,6f31f3770fd225e382586e20513744e11a328b7cc74c758d48628417c600a02b,a692810514c1f160fe177aba70e9c3437f19d0282433f0434ecfc8b24b530838,f91db6e308eb388456b08ccbb92e27b9535be738323854eaa3a46b1fb21db941,ee4e140b1f0c05dda3c15facbf8b5c7530b6c1b3bd4dd5d1a28f4d053235706a,aef8cede826c70e4d253bf4cbdd166cbd1d5d608c54b6193ee015a3cb45521f2,1159,1105,800,631
672,3.9800000190734863,8.863412857055664,4.883412837982178,4.883412837982178,23.847720946169147,122.69881443666422,in-house,787,O=C(C1=C(CCC(CCCC)CC)SC(CCC(CC)CCCC)=C1C2=O)C(C2=C(C3)C(C4)=CC=C4C5=CC6=C(C(C7=CC=C(CCC(CCCC)CC)S7)=C8C=CSC8=C6C9=CC=C(CCC(CCCC)CC)S9)S5)=C3C%10=CC=CS%10,O=C(C(C=C([H])C([H])=C1)=C1C/2=C(C#N)/C#N)C2=C/C3=CC4=C(S3)C5=C(N4CC(CCCCCC)CCCC)C6=C(S5)C(C(C(C7=CC=C(C=C7)CCCCCC)6C8=CC=C(C=C8)CCCCCC)=C9)=CC%10=C9C%11=C(C(C%12=CC=C(CCCCCC)C=C%12)%10C%13=CC=C(CCCCCC)C=C%13)C(N%14CC(CCCCCC)CCCC)=C(S%11)C(S%15)=C%14C=C%15/C=C(C(C%16=C%17C=C([H])C([H])=C%16)=O)/C%17=C(C#N)/C#N,3.98,O=C(C1=C(CCC(CCCC)CC)SC(CCC(CC)CCCC)=C1C2=O)C(C2=C(C3)C(C4)=CC=C4C5=CC6=C(C(C7=CC=C(CCC(CCCC)CC)S7)=C8C=CSC8=C6C9=CC=C(CCC(CCCC)CC)S9)S5)=C3C%10=CC=CS%10||O=C(C(C=C([H])C([H])=C1)=C1C/2=C(C#N)/C#N)C2=C/C3=CC4=C(S3)C5=C(N4CC(CCCCCC)CCCC)C6=C(S5)C(C(C(C7=CC=C(C=C7)CCCCCC)6C8=CC=C(C=C8)CCCCCC)=C9)=CC%10=C9C%11=C(C(C%12=CC=C(CCCCCC)C=C%12)%10C%13=CC=C(CCCCCC)C=C%13)C(N%14CC(CCCCCC)CCCC)=C(S%11)C(S%15)=C%14C=C%15/C=C(C(C%16=C%17C=C([H])C([H])=C%16)=O)/C%17=C(C#N)/C#N,6f31f3770fd225e382586e20513744e11a328b7cc74c758d48628417c600a02b,e36563b84df3b98f527d4a656819036c3160a12c570cfa1e78aaa6623383dbaa,e91495b41cb1642c6357eade1bc59e9cefa33a55433294526289254200e67fd3,3bbbdf4a5de8f077bf2f0983761dfd3800a0e1e50acb39ebdb8fa975e3064f6e,0af81d84e4bf45f5644826a55b9ae5668cedd6a928e0097fb47cd1daed48ed83,1099,289,56,640
680,3.609999895095825,6.364592552185059,2.7545926570892334,2.7545926570892334,7.587780706489923,76.3045079539016,in-house,798,CC(SC(C1=C(F)C(F)=C(C2=CC(C(OC3=CC=C(CCCCCC)C=C3)=O)=C(C4=CC=C(C5=CC=C(C)S5)S4)S2)C6=NSN=C16)=C7)=C7C(OC8=CC=C(CCCCCC)C=C8)=O,c1(cc2c(cc1F)C(=C(C#N)C#N)/C(=C\c1sc3c(c1)sc1c3C(c3c1cc1c(c3)c3c(C1(c1ccc(cc1)CCCCCC)c1ccc(cc1)CCCCCC)c1c(s3)cc(s1)/C=C/1\C(=C(C#N)C#N)c3c(C1=O)cc(c(c3)F)F)(c1ccc(cc1)CCCCCC)c1ccc(cc1)CCCCCC)/C2=O)F,3.61,CC(SC(C1=C(F)C(F)=C(C2=CC(C(OC3=CC=C(CCCCCC)C=C3)=O)=C(C4=CC=C(C5=CC=C(C)S5)S4)S2)C6=NSN=C16)=C7)=C7C(OC8=CC=C(CCCCCC)C=C8)=O||c1(cc2c(cc1F)C(=C(C#N)C#N)/C(=C\c1sc3c(c1)sc1c3C(c3c1cc1c(c3)c3c(C1(c1ccc(cc1)CCCCCC)c1ccc(cc1)CCCCCC)c1c(s3)cc(s1)/C=C/1\C(=C(C#N)C#N)c3c(C1=O)cc(c(c3)F)F)(c1ccc(cc1)CCCCCC)c1ccc(cc1)CCCCCC)/C2=O)F,da7bcd5b457622214cc76b17f6b94aed25002e8b9942dcc2a17161e4959dd55f,69e17d1724b4236f68d0c6efb6ad16969f13f8980d301d0056747038b20f0c8d,6b68c701bc27e5bfd72b946e677589b9a5878311569a5f70951706af62ab721c,5383d30941d31b7af26a36e1c59a9ee57adf33ae8d7c4dcb6e1415d4fa950718,f78d3221f014b2929cdfae935a07ea33f46b0a4529ce5a804d798d29f8f3f8af,488,399,1160,648
703,2.299999952316284,2.984148502349853,0.6841485500335689,0.6841485500335689,0.4680592385130347,29.745589748581363,in-house,823,O=C(OC1=CC=C(CCCCCC)C=C1)C2=C(C)SC(C(S3)=CC(C(OC4=CC=C(CCCCCC)C=C4)=O)=C3C(S5)=CC=C5C(C6=NSN=C6C(C(S7)=CC=C7C)=C8F)=C8F)=C2,c12cc3c(cc1C(c1c2sc2c1sc(c2)/C=C\1/C(=C(C#N)C#N)c2c(C1=O)cccc2)(c1ccc(cc1)CCCCCC)c1ccc(cc1)CCCCCC)c1c(C3(c2ccc(cc2)CCCCCC)c2ccc(cc2)CCCCCC)c2c(s1)cc(s2)/C=C\1/C(=C(C#N)C#N)c2c(C1=O)cccc2,2.3,O=C(OC1=CC=C(CCCCCC)C=C1)C2=C(C)SC(C(S3)=CC(C(OC4=CC=C(CCCCCC)C=C4)=O)=C3C(S5)=CC=C5C(C6=NSN=C6C(C(S7)=CC=C7C)=C8F)=C8F)=C2||c12cc3c(cc1C(c1c2sc2c1sc(c2)/C=C\1/C(=C(C#N)C#N)c2c(C1=O)cccc2)(c1ccc(cc1)CCCCCC)c1ccc(cc1)CCCCCC)c1c(C3(c2ccc(cc2)CCCCCC)c2ccc(cc2)CCCCCC)c2c(s1)cc(s2)/C=C\1/C(=C(C#N)C#N)c2c(C1=O)cccc2,f7f976cc43cd7ea9f7ff8dbe82963eb440d875e9dae2c27ee97be953adc5fa42,202f8607af2cecb83e86b2e4305f8c7e2852bc709bb805b9055691d46a9081c5,66f58ca65946efbef7b29302893789adf2baf8f64c90d3061f3386f1ad149eca,f0eea6fe1f7e910304b24788e1e72701d9bcace466ae06497c9df904ae5415f9,78a309fe55cb7cdd62745bb91bdb20966e0e8e4871b401010c804d3c5cac3d5f,467,1121,544,670
704,2.150000095367432,8.941900253295898,6.791900157928467,6.791900157928467,46.12990775526873,315.9023189144436,in-house,824,CC(S1)=C(CCCCCCC)C=C1C2=NC(S3)=C(S2)N=C3C4=CC(CCCCCCC)=C(S4)C5=CC(C(S5)=C(C6=C7SC(C)=C6)C8=CC(Cl)=C(S8)CC(CCCC)CC)=C7C9=CC(Cl)=C(CC(CC)CCCC)S9,c1(cc2c(cc1F)C(=O)/C(=C\c1cc3c(s1)c1c(s3)c3c(C1(c1ccc(cc1)CCCCCC)c1ccc(cc1)CCCCCC)cc1c(c3)C(c3c1sc1c3sc(c1)/C=C/1\C(=O)c3c(C1=C(C#N)C#N)cc(c(c3)F)F)(c1ccc(cc1)CCCCCC)c1ccc(cc1)CCCCCC)/C2=C(C#N)C#N)F,2.15,CC(S1)=C(CCCCCCC)C=C1C2=NC(S3)=C(S2)N=C3C4=CC(CCCCCCC)=C(S4)C5=CC(C(S5)=C(C6=C7SC(C)=C6)C8=CC(Cl)=C(S8)CC(CCCC)CC)=C7C9=CC(Cl)=C(CC(CC)CCCC)S9||c1(cc2c(cc1F)C(=O)/C(=C\c1cc3c(s1)c1c(s3)c3c(C1(c1ccc(cc1)CCCCCC)c1ccc(cc1)CCCCCC)cc1c(c3)C(c3c1sc1c3sc(c1)/C=C/1\C(=O)c3c(C1=C(C#N)C#N)cc(c(c3)F)F)(c1ccc(cc1)CCCCCC)c1ccc(cc1)CCCCCC)/C2=C(C#N)C#N)F,35dd410f34ff9f1c7561f73c00ed52e5a16c0fcc3863a8890f348b925e7b2f45,69e17d1724b4236f68d0c6efb6ad16969f13f8980d301d0056747038b20f0c8d,ac5edb9ad479bd24c171740f5ce0072a686b30f37b38cac94f44a1ea72fb20ff,a2d0c41b9d26ee4d2910eba6cb5c0d379bd7d931139ea4671f31efdf9319bc33,0e5ef8f9c511b4a7b3126b9dbf4bbdc12ea226db711c91ea8a0488f461a5aea2,802,760,70,671
712,1.2300000190734863,5.954071521759033,4.724071502685547,4.724071502685547,22.31685156248568,384.07084792112573,in-house,833,COCCOC(C1=C(C(OCCOC)=C2S3)C=C(C)S1)=C2C=C3C(S4)=CC=C4C(C5=NN(N=C5C6C7=CC=C(S7)C)CC(CCCC)CCCCCC)=C(C6OCCOC)OCCOC,O=C(C1=CC=CC=C1C/2=C(C#N)/C#N)C2=C/C3=CC(SC4C5C(C)=C(C(C6=CC=C(C=C6)CCCCCC)(C7=CC=C(C=C7)CCCCCC)C8=CSC9=C8SC(/C=C%10C(C(C=CC=C%11)=C%11C\%10=C(C#N)/C#N)=C)=C9)C=C(C)C5C(C%12=CC=C(C=C%12)CCCCCC)(C%13=CC=C(C=C%13)CCCCCC)C%144)=C%14S3,1.23,COCCOC(C1=C(C(OCCOC)=C2S3)C=C(C)S1)=C2C=C3C(S4)=CC=C4C(C5=NN(N=C5C6C7=CC=C(S7)C)CC(CCCC)CCCCCC)=C(C6OCCOC)OCCOC||O=C(C1=CC=CC=C1C/2=C(C#N)/C#N)C2=C/C3=CC(SC4C5C(C)=C(C(C6=CC=C(C=C6)CCCCCC)(C7=CC=C(C=C7)CCCCCC)C8=CSC9=C8SC(/C=C%10C(C(C=CC=C%11)=C%11C\%10=C(C#N)/C#N)=C)=C9)C=C(C)C5C(C%12=CC=C(C=C%12)CCCCCC)(C%13=CC=C(C=C%13)CCCCCC)C%144)=C%14S3,55df02ba84836c28e27d5e5151ad4c5d691951c5ab3a5039bbc579c46aed905a,83d12c8a518aebb2c9e097cdd9cd4e855fadbb8bad16c860293e67b74eecaf00,e683883becdfdc8311bc7550395c4a4f21214947faaf11d059e495502ac14bfa,3c42fc976dd575d1abe4cf3696bc8a3545d92eb4393502a05ea0d52525f59772,db8634b2680c0699c519e1084d0471d00a4c10004310c66c51ec2be769aee374,1091,291,1014,678
