array_index,y_true,y_pred,residual_pred_minus_true,absolute_error,squared_error,relative_error_percent,source,source_row,donor_smiles,acceptor_smiles,experimental_PCE,pair_key,donor_fp_hash,acceptor_fp_hash,pair_fp_hash,legacy_sequence_hash,role_aware_sequence_hash,pair_fp_group_id,legacy_sequence_group_id,role_aware_sequence_group_id,safe_any_encoding_group_id,prediction_sd_across_model_seeds,branch
1,1.2400000095367432,3.1133905672790982,1.873390557742355,1.873390557742355,3.509592181838212,151.07988252695603,Gao,1,,,1.24,Gao_0001,8e2c74235925f35938df5fd53afb7dd4249fdbc0860494df9e1e5d7079af21ef,79a9af327ea103eba28cd661ee4a5fbd1877d89cc8909ddb6038947c6ef598a9,f24724ae874376042bfaaf4ccdf7770e51d2c09dc26f5e646db1528ce2c9b980,162611000c73392a34641ca68831d35e4a8def580e60469aaf6cbe0ea6dca16f,b0490166a65e9ccad667bb75d9a20a68f0dd1bd41fef7d2c9d24e27707127753,1141,112,810,682,0.613706499887655,gao_only
3,2.0999999046325684,2.103501566565863,0.0035016619332948,0.0035016619332948,1.2261636295086014e-05,0.1667458139198104,Gao,3,,,2.1,Gao_0003,af9d145acd5ddab33d6c9b614d07abc41bd22ba261a87131a03b2ebe187ea8bf,0200210bcf15d900163b083f37822f819e4cacf358747423834334ad050b737f,ab8db180121a5c084069499f727ce871a0b87fbb9fd651379fe5f15371508a33,c2d3f08546c7c299bf4e61db1b9e5671e74810ffbb7419b7ef89f20916c1fda1,fde94584fb4768a1861a1b0212c2183e94554b333b42e437f479e5f6cd9a8f13,799,895,1185,684,0.4163839012906603,gao_only
4,2.700000047683716,2.103501566565863,-0.5964984811178526,0.5964984811178526,0.3558104379759052,22.09253594753002,Gao,4,,,2.7,Gao_0004,af9d145acd5ddab33d6c9b614d07abc41bd22ba261a87131a03b2ebe187ea8bf,0200210bcf15d900163b083f37822f819e4cacf358747423834334ad050b737f,ab8db180121a5c084069499f727ce871a0b87fbb9fd651379fe5f15371508a33,c2d3f08546c7c299bf4e61db1b9e5671e74810ffbb7419b7ef89f20916c1fda1,fde94584fb4768a1861a1b0212c2183e94554b333b42e437f479e5f6cd9a8f13,799,895,1185,684,0.4163839012906603,gao_only
14,2.400000095367432,2.4082754626132474,0.0082753672458153,0.0082753672458153,6.848170305311346e-05,0.3448069548742419,Gao,14,,,2.4,Gao_0014,c2556d93b1549bc7fdb40cc0d6d512df479a2da1ce193bb799446ddb7d7c57b7,79a9af327ea103eba28cd661ee4a5fbd1877d89cc8909ddb6038947c6ef598a9,e4626df64145485423f176867f544fe11cbefa75a5a5354bf786fe4ca636df51,1d1649c1fcb03e52b25836ad14ed7c57b02aa74be7c44f320624ab837659c761,665bcd7af5683f739724983dd82c6090143627885cb5d0798b6c1769cc1b2eff,1080,143,463,693,0.5581926058849962,gao_only
26,3.609999895095825,3.099413357158699,-0.5105865379371264,0.5105865379371264,0.2606986127226206,14.143671822006333,Gao,26,,,3.61,Gao_0026,569cc5045237e0e2e7a067d1a46628a71d248aca2842abf513f87213e2e21a5d,79a9af327ea103eba28cd661ee4a5fbd1877d89cc8909ddb6038947c6ef598a9,f62e25d2999dca45e84cbe58d07a2f43504ffac45b3ca3ed2b3bc79c9a206050,c96cb3bef06cc8f4a03ebdd85a6200bdbb2cff928d510f727a59a32d7cba8652,d008d2f1bb5f2add0107bf563d991b6f76158ac8e878bdc837a6148aa6e64692,1151,924,950,705,0.4107749155485536,gao_only
29,3.680000066757202,2.68513822555542,-0.9948618412017822,0.9948618412017822,0.9897500830794002,27.034288672675206,Gao,29,,,3.68,Gao_0029,97b5eb5d93249fc070b45dd673098a2665e7ed2fdbd9c94a4630e497ac69f6e3,79a9af327ea103eba28cd661ee4a5fbd1877d89cc8909ddb6038947c6ef598a9,74ea2331137036730da1b093c8f126abd950e6e978153bb4c8138d885f8c7209,f4facbe3579ef1218fbedbe7c72dc50ee2c80f76d6e3d7a1be1e633ef19b8f8a,468d84def8e5613d8fe86dc7430feccdda8e29007de35fe370c8eef2cc15daf9,530,1140,312,708,0.4110822123063177,gao_only
31,2.0899999141693115,2.384454619766462,0.2944547055971505,0.2944547055971505,0.0867035736483045,14.088742473187327,Gao,31,,,2.09,Gao_0031,44c07647e56ce0b1829aec9741ebe0c32b803a6f5be31ba5d3a3c9a5b73a2b74,79a9af327ea103eba28cd661ee4a5fbd1877d89cc8909ddb6038947c6ef598a9,94ce84d77364f7496f28d0bc8f8805ae1aea4fe1ef6e7e141a4e717ce5526c37,6996ebb610bb22b5dea9eca1441efff41ce1d704d2ca2f8f53a4fadc35592399,9d8f415d5e6107810e2094e42c2f4f5e7d4b527bc21eba3ca8fe346b39133c08,681,511,718,710,0.8280070422680604,gao_only
32,4.260000228881836,4.189472540770427,-0.0705276881114089,0.0705276881114089,0.0049741547903401,1.6555794441804776,Gao,32,,,4.26,Gao_0032,a21845df9ee8016166b985ba8391c9534a5a6c1685306f54c101b503e0d31060,79a9af327ea103eba28cd661ee4a5fbd1877d89cc8909ddb6038947c6ef598a9,2b9a15cd5bad00c0c73330bfd67ab2ae64ed06c4c9c12b4b5ad46f182a8dbb6b,50209e6369ad8b2eea7c03a990fb793827ff8440a336bfbdb3544e6f8629d3f9,d560dbe454da193686ee7fba87929e364c9f2af83667de743a53c03b6b644967,189,385,980,711,0.4745749923675434,gao_only
33,2.2300000190734863,2.5454315619893597,0.3154315429158729,0.3154315429158729,0.0994970582662882,14.14491211739664,Gao,33,,,2.23,Gao_0033,f23be6c4e45696556a096cac087405d43104d173bf1bde0a61bfc292d7c39924,79a9af327ea103eba28cd661ee4a5fbd1877d89cc8909ddb6038947c6ef598a9,d642926748379632af907ec70ae44a6d32659c4c07913c5b2ca1ca5503ecc30f,e35ee5eeea1eed3d960e361ecd80fc3674e9905b77034711b0779d17981b5417,4165779d95192e8cbb24d3557cab94850fc779443bce1d1d5f9d02062041fa75,1017,1048,285,712,0.7826666378285624,gao_only
34,2.430000066757202,3.341872022883727,0.9118719561265248,0.9118719561265248,0.8315104643700146,37.52559387141927,Gao,34,,,2.43,Gao_0034,21f2b072ddf80509f7a26c16e9d7b746fc759cce061694263ef4479c5eaf50f4,79a9af327ea103eba28cd661ee4a5fbd1877d89cc8909ddb6038947c6ef598a9,69ad7b17e063e2363cfe28b5490d065f8a1fab768fcb3492e93fb6443d37e361,5a30aa78df0ffb1ef729407cb0d99277ed298cb644e19497e5d59b9c9f490269,fb289fe79284d30ffc11a4df4e960fd6e22a123bb44694de0e36519841373f2d,477,426,1169,713,0.5045359408236375,gao_only
36,1.7100000381469729,3.3245685667094618,1.614568528562489,1.614568528562489,2.6068315334244403,94.41921009031688,Gao,36,,,1.71,Gao_0036,d8a863957d32709ef2d86480befa75941b875dfdd9986d4456f0dae8d46d84af,79a9af327ea103eba28cd661ee4a5fbd1877d89cc8909ddb6038947c6ef598a9,4cb292ca080cf542cb251fe077107de0013a11a02dc9e83ab983f3ac2c8a9fae,57b8d5a98fa5b3943f2969586a2b02d0012e73e9951b784e59b6e6ebe0ad1213,de79c38459743d3b439746657aa910cd1fac1301ef7f3400404fded6a9f3ab70,355,418,1034,715,0.467312193476483,gao_only
41,1.0399999618530271,1.4225492176443044,0.3825492557912773,0.3825492557912773,0.1463439331064601,36.78358363683663,Gao,41,,,1.04,Gao_0041,79418b87387c597467e864eba74f6cd9dff6050c031f24de3b21ff4b25ea0762,79a9af327ea103eba28cd661ee4a5fbd1877d89cc8909ddb6038947c6ef598a9,2fd462e1db765980d4ee4a73d1e84eb7aa46dbf242af10b345fbdc461ca2c110,6ea9bb16f6b8b0926db7a9f18372cc90275bad35611405d8c6b164775cc30153,da49efb53f1b0f9827f4c228ae19a9323c11f934ffe7371392fea32ce4c7ce37,214,536,1005,720,0.7883690462699947,gao_only
46,9.800000190734863,3.897370411617921,-5.902629779116943,5.902629779116943,34.84103830931813,60.23091494117948,Gao,46,,,9.8,Gao_0046,4cf1b73be53f6aacf715b887bdabad991622ff5819d46003ed520ab04cb926b0,79a9af327ea103eba28cd661ee4a5fbd1877d89cc8909ddb6038947c6ef598a9,8aad78d982e8433f12072628b546d4fa2cbb7d67bf7545e4694c209645e61872,eae0aab4d4a2e4628c5e4017fc567a26ef5771095d6792b00efb10a989ae74cf,c1b9c499b92a5fb7d7f2ec2d60d3e1870c9ff3c557c6a998c20db0a7efaf010c,631,1082,895,725,0.471023278097288,gao_only
48,9.050000190734863,5.281614898455025,-3.768385292279838,3.768385292279838,14.200727711071,41.63961561169696,Gao,48,,,9.05,Gao_0048,8dad7c7fc9d04a7022e4f0481b8d958a52d567d442560c38a2ebcd60aefacffd,79a9af327ea103eba28cd661ee4a5fbd1877d89cc8909ddb6038947c6ef598a9,85e69d48d1806e29aab1dd2ea118c2f9375d11027016c6ded0e50b38b1a9ba19,7b4b818002b2d763415b6748985ebcac76849b5db4b3c038c38730ff9ded3b23,4d528d0928cc702bb8db6ba4fbd2a28bc18911fa3acf5c4ebf0b1e8366ed00c0,610,591,341,727,0.8279553920831723,gao_only
49,6.369999885559082,5.4856948522057865,-0.8843050333532956,0.8843050333532956,0.7819953920139732,13.882339862486228,Gao,49,,,6.37,Gao_0049,ed341b96b55d4c09d46feba8738fa5cf9982a99c8f9826869550247c01874351,79a9af327ea103eba28cd661ee4a5fbd1877d89cc8909ddb6038947c6ef598a9,18eb26f113eae2aa0f78e5ff178509e5a9cd493b2e360af09af4c7c73ba9b9b6,86bcc9f28bc6f76240bafe14dc707330457ba37cc2472957a50f08ff978d4e75,6005c4e7c2efc5ada4374187877f6a4d261404a98ba70881393fdce80c53d743,118,634,430,728,0.866956441531489,gao_only
61,4.639999866485596,4.177724099395299,-0.462275767090297,0.462275767090297,0.2136988848389225,9.962840094657835,Gao,61,,,4.64,Gao_0061,74e70aed8722003457fb8860b788f537e5df6894264b66d3f4fa15d9d0d7ee17,79a9af327ea103eba28cd661ee4a5fbd1877d89cc8909ddb6038947c6ef598a9,da07b4bd2f4938175e3f7e45b4bc4f03fb41ac4c7986b05a227a2effdff9126d,020fff424ab1e7e552299b0ff11bfeac4b5a1d00dbac22a498dce46bc31cac30,b292250e7d48199212c4b764a4c323451a6a62d6576b86a234654bdfa0a3ce2c,1032,10,825,740,0.4776515882219041,gao_only
64,4.300000190734863,2.96439792024027,-1.3356022704945931,1.3356022704945931,1.7838334249503125,31.06051654072929,Gao,64,,,4.3,Gao_0064,8aa543d125c45966628245005e58dc49406f704a9519d66a52b9fd9ed0389336,79a9af327ea103eba28cd661ee4a5fbd1877d89cc8909ddb6038947c6ef598a9,864bbfc1b24e4fad1b07134ac1665917717e4a4249b44b2ee1e83b8002a81775,757769b7ac7a0a1887462f4c44831b1c2ecac724d572db8f0cee848a28a49cdc,16e3a59ce8f0ae402107e1727d3d3327c834753dd83db93219f86bd1e284ba35,615,566,101,743,0.4345743259749571,gao_only
84,1.2599999904632568,2.876707394524376,1.6167074040611191,1.6167074040611191,2.613742830346043,128.31011240458133,Gao,84,,,1.26,Gao_0084,e80bd24aee29a5ba8e8df20720f80b347ea216ea981000aaefa02a25a9275d14,79a9af327ea103eba28cd661ee4a5fbd1877d89cc8909ddb6038947c6ef598a9,6979809849b6c58b4e652b9e9f08289130909780d72a37c7e997be4dd0dda405,9a4d11e8d9c7c4811ea521dc95e22cb44fa6a5eabeebed3b622987a4302075fa,811b98a885ffbabb172bde0aa1127a382fe15452294759268c92f4359d4f979d,475,723,584,763,0.7756108875006684,gao_only
85,0.9700000286102296,1.358505398920267,0.3885053703100373,0.3885053703100373,0.1509364227597392,40.05209885062266,Gao,85,,,0.97,Gao_0085,471ad3d43fdf26456b14895f23221eca11e905d639d266f968f6712e164eb052,0200210bcf15d900163b083f37822f819e4cacf358747423834334ad050b737f,b71ba03471698e3d21656b66381bfe04e598b2ec8d6083793bd8963c47f2feb3,84548fb98258a8df4bb8226f884e2eefd860394539ef42af0b4c3ec3d00b6998,f03f8366fe2583eb2e5c887900d4715acde6535f6e77b58e345f0890573cb3fd,865,624,1122,764,0.7234475049424428,gao_only
89,2.0299999713897705,3.832098172442748,1.8020982010529771,1.8020982010529771,3.247557926238377,88.77331164784363,Gao,89,,,2.03,Gao_0089,e92beba2fad0ebc223a6d1357b0f7ba8c9daa318add557f3997a8479303c172e,79a9af327ea103eba28cd661ee4a5fbd1877d89cc8909ddb6038947c6ef598a9,3045ae3759fb7f9c57c1fd4fcfeb877113ef4ef0035025a374aff45636dd2ffe,ee38e10e92ff96979cb608d0b433468921ea25baf243b0e3165f3d8219871599,b6c3b90ef2ab17dd3432e05f6c9702e8fb940c6ad50a7ce8519700fb582ac68c,216,1104,845,768,0.4897616272446053,gao_only
90,1.9800000190734863,3.832098172442748,1.852098153369261,1.852098153369261,3.4302675697138287,93.54030987514462,Gao,90,,,1.98,Gao_0090,e92beba2fad0ebc223a6d1357b0f7ba8c9daa318add557f3997a8479303c172e,79a9af327ea103eba28cd661ee4a5fbd1877d89cc8909ddb6038947c6ef598a9,3045ae3759fb7f9c57c1fd4fcfeb877113ef4ef0035025a374aff45636dd2ffe,ee38e10e92ff96979cb608d0b433468921ea25baf243b0e3165f3d8219871599,b6c3b90ef2ab17dd3432e05f6c9702e8fb940c6ad50a7ce8519700fb582ac68c,216,1104,845,768,0.4897616272446053,gao_only
93,9.729999542236328,5.89507016096965,-3.8349293812666794,3.8349293812666794,14.70668335930243,39.413459010145694,Gao,93,,,9.73,Gao_0093,89017adb7458f7704510e8c1187f5a9dee1006af8e444c3dc56f01c1d0360cda,0cc00e1ba2d95fe8288dc072edf395ee6fc3678daa4e12f6703c7be7d2c5a409,5da2f8159f3f8892defae7d713a8fb374c40e0b169379bc360e672bfc11b5a7b,b5c98d1244ce591777ea9e2bc91158719cf534f67883d1b52200839dc1343dd1,cdb39ba9af41cbcb17ba1614cd461f7d1f9c896de2fbbe2a6e157cfddbdab53d,420,822,945,771,0.6145147527180672,gao_only
98,3.3399999141693115,1.908408783449985,-1.4315911307193263,1.4315911307193263,2.04945316555424,42.8620110032361,Gao,98,,,3.34,Gao_0098,bc8ca8ff8287ffd6bdf836e1f0f300f341cc107009d23617153c8c590a889b68,79a9af327ea103eba28cd661ee4a5fbd1877d89cc8909ddb6038947c6ef598a9,976c76d44abc671192739c0ec16060b5dec7eefa6c81a371cd71d6f8aefc3afe,82a56eeacc2ffbebd5326d13e5e7b9022276020edc07a2547d357e4c51f4a8f5,599ad234b9df2aee1c0e6027842b8aaf2b5f138b83b2b9fffdf295c4a482aa98,693,621,403,776,0.6467208815820445,gao_only
114,1.7300000190734863,0.9028046807587736,-0.8271953383147126,0.8271953383147126,0.6842521277295919,47.81475891299255,Gao,114,,,1.73,Gao_0114,e7766cd6847339c7f8a0632070fd053b8990ac4a5c8333fa2d5c50fbc891650d,0200210bcf15d900163b083f37822f819e4cacf358747423834334ad050b737f,c13979f4d03a8594a13e2cffc73ba1a89a7616a61acd89ca205551cd4cbdfcd9,0f7fe77fa42f33ee248fe461fad0d121db44aa47fca47c391989f22da75e713d,590c544865d81238fdd8d34e68f80231e7ec3fbfbdf060b4075b92f092317367,921,76,401,790,0.487603388402904,gao_only
117,4.989999771118164,4.279945382977476,-0.710054388140688,0.710054388140688,0.5041772341178468,14.22954750920917,Gao,117,,,4.99,Gao_0117,cedd22eb497e9596a8740ae3b09435f314213e7320a098b5a402052044dc8f75,79a9af327ea103eba28cd661ee4a5fbd1877d89cc8909ddb6038947c6ef598a9,a270a519300ac7c3b49fab10a71df0fd5cf9776c45030b1919ff1099ab1467ea,45ff350f6138d28ccc55718872b956d5b52ad40c6702f1c51fd30fce8254ff63,eff5f15c4215b6f211c56b6f748542a290ebb928ec0574a6e86d4baeb35bee52,756,334,1121,793,0.4680097047170888,gao_only
127,3.0899999141693115,3.572372264201098,0.4823723500317864,0.4823723500317864,0.2326830840751883,15.61075609807786,Gao,127,,,3.09,Gao_0127,97643ed1bd7499d9bf23c7881ee205d1da929fcddb1d09fcfa1657384ec60a22,79a9af327ea103eba28cd661ee4a5fbd1877d89cc8909ddb6038947c6ef598a9,17c953b306b21e1e939635c97bf58c5df39cdbd4b67fe0279b0354ffea006a1e,a223e3492703b719838449ec09d0cb7c5103935b343929af8b406de54feee754,9cc88e8a5c237c668c5ad1982dcf122c14e09cf9496dc76388c2f736cf7c0255,112,759,713,803,0.4368041231344755,gao_only
131,0.6899999976158142,1.2698316720895249,0.5798316744737106,0.5798316744737106,0.3362047707229871,84.03357630104743,Gao,131,,,0.69,Gao_0131,02c51c556a74cc0ca4a7a250804fdd86a165a0494d730455efaccb0d5a8e5897,79a9af327ea103eba28cd661ee4a5fbd1877d89cc8909ddb6038947c6ef598a9,c317df8784919a812ceed7c528247bc7ccfc8750f222edbe6cc0cf8f8041b26d,13f36a792c5587a9aebfa7e3d56e98f5c04a7670b57d7b1990558663eb310517,81f5c74d0efc5bbcca423423e8e65a819ac12eb818a53d9e32d39011c70619f6,930,95,589,806,0.8967213893693661,gao_only
132,5.210000038146973,4.337970884719698,-0.8720291534272748,0.8720291534272748,0.7604348444270896,16.737603590064985,Gao,132,,,5.21,Gao_0132,a59954e11d006577fe6b0aceeff35fd90a19c1786b8eacbd7135c968ab7854da,79a9af327ea103eba28cd661ee4a5fbd1877d89cc8909ddb6038947c6ef598a9,9eaaa77166ac47be1b858c576bc1608cd40582a661c2658300e9b921ba77e0ca,e159e95ef813647d7afc5d5bd7c99f78bdad16a492a0cb7da76e7d586a225a68,c296c84440065b01a62b228e0af12cc464a72f8c781573f7979939abd6165417,725,1038,896,807,0.4903746230831142,gao_only
133,4.829999923706055,4.261580837835179,-0.5684190858708753,0.5684190858708753,0.3231002571822815,11.768511280528712,Gao,133,,,4.83,Gao_0133,9f90cfa70e2cf33a26362718c468f7531af04193b41db41434f179cc90b19fee,79a9af327ea103eba28cd661ee4a5fbd1877d89cc8909ddb6038947c6ef598a9,ad040850fe076f7b81edc89fdea1119a821ad9d1d99be28fd41643417d504359,e93ec2246c0af4fe52bdfe1629ceac32f224f1cbea6a7d6d0239ee3dcf86ad26,7bf7264ea2e7e8e65c1c237dbe3b9e758a6b7521ecd080d6a46f5f0bf7945bf2,805,1075,563,808,0.4808327803533516,gao_only
135,3.0999999046325684,5.018921509827718,1.9189216051951488,1.9189216051951488,3.682260126884728,61.90069884607277,Gao,135,,,3.1,Gao_0135,70830667ae087b533231a0e7087dcb1d6626805fd1dcd433b93e3f6565edcc67,79a9af327ea103eba28cd661ee4a5fbd1877d89cc8909ddb6038947c6ef598a9,74df3413b73197d40abb5f6c0eee0363cd70db016c8fd423efdc5c1555118187,5c2662a56ec123bd960c78765983e4516a1ecdd720c34d51670fdcfeab777962,26a7739cf7247b8ab63211cf41cecab6aa88fa4856e21a9692ad1ce1e8b5d4cb,529,434,161,810,0.5510950586232507,gao_only
136,6.5,4.995419159974202,-1.504580840025798,1.504580840025798,2.263763504172736,23.14739753885843,Gao,136,,,6.5,Gao_0136,1c742257e7fe70912d94cf4164ea081f01c4ed64ada13bfb7dca20640063338e,79a9af327ea103eba28cd661ee4a5fbd1877d89cc8909ddb6038947c6ef598a9,ccef8b78299fad02767b50bfb87466c4a1679f1f6ee8f0cdf332190fd18f9017,eeb3677cfd8ca7a6b1d71edae89be917b2bf48629ee42946ff1bd76688c3ac02,29565d825266e6210677dd1b33391988f8f0cc4590f527eb2db7953308a0b9f9,978,1110,176,811,0.5600484217093821,gao_only
142,1.2100000381469729,2.308795077965992,1.0987950398190185,1.0987950398190185,1.2073505395308783,90.80950456016043,Gao,142,,,1.21,Gao_0142,3e779f3b62470063086bcd593a485fa5c28ed4e86d15fc66aaf12d01544cd252,79a9af327ea103eba28cd661ee4a5fbd1877d89cc8909ddb6038947c6ef598a9,130ed585b6e1a25a43efacba8b0ce27fd564aea2079891326d938191a913adf2,7ce207ccde3544b4d22cb2f00424abf6f1d193e33d0c887d1f48ade5a023d407,44c66acb32a7dc37414422df1db4fb7529f75b2b5b8509e0c70b3d621f45a160,87,595,301,817,0.7205918781906852,gao_only
144,4.340000152587891,3.733746682063188,-0.6062534705247029,0.6062534705247029,0.3675432705232468,13.968973484095413,Gao,144,,,4.34,Gao_0144,9e916c699e9571d47d5e715f24a14a25731a0acb27c62c1f6174499b62bf153d,79a9af327ea103eba28cd661ee4a5fbd1877d89cc8909ddb6038947c6ef598a9,0fcf7261dc5ca660f251301e757b2955a2dede2f119a4bebdf4f71f28cbb3d11,d1c46a6a694ae0dbfb4951ce2c23d90ce82293fc812f0042f72cf8e9b9da7900,4ff1384b3c72b88e5777097d08e5b8baebb9a57672ba3905dbdb073fd8f9faef,71,970,352,819,0.4863634730038402,gao_only
146,3.5299999713897705,3.034393593816474,-0.4956063775732966,0.4956063775732966,0.245625681491325,14.039840838247232,Gao,146,,,3.53,Gao_0146,2cb3494ebc714f06d765367eba09284f29c5214205863b5d619618f37e989a3b,79a9af327ea103eba28cd661ee4a5fbd1877d89cc8909ddb6038947c6ef598a9,9b9b24fe199787cf8942330143219e98a0569ce053704a6d4ba5f662fe3fc764,61b1efd904743440acc4b1e719b91d17e4016715d31ed7e362c76d0bea1ad9d7,356220e8753e2a36fdfe98bdc8be02ea314519fad220a2bb7c7e5d684798e6da,708,464,239,821,0.4511384555216017,gao_only
147,3.690000057220459,2.761077627097026,-0.9289224301234328,0.9289224301234328,0.862896881186424,25.17404920646955,Gao,147,,,3.69,Gao_0147,1866d655f119dd8f042d839bd8ecb83afc1deaa6f96401d320c39c83294ba85b,79a9af327ea103eba28cd661ee4a5fbd1877d89cc8909ddb6038947c6ef598a9,5b1f0f9325fd7934d75cb935bfab2bebfee09c75dbd29d74d68a3d39069d2dcd,97149cfe160ee2422c07d342ad3a06bd164010815100df6b3bdc45d6545aa9fd,b2a186ec001402de34c09c21709a719ad2bee406f1eb59f1d3ffd59bfbcc57e1,413,705,826,822,0.4730399822005522,gao_only
154,2.869999885559082,2.9101587368710207,0.0401588513119386,0.0401588513119386,0.0016127333386943,1.3992631677096952,Gao,154,,,2.87,Gao_0154,cee0ade1adedac4f1c350e305dcd1e81a22bd11836bc2ff5390b807f3313e84e,79a9af327ea103eba28cd661ee4a5fbd1877d89cc8909ddb6038947c6ef598a9,9be27402d8c63fab6396827e7de984f270384e99c6de4f13f113e7509fe1ebac,4a438bbf8f06b20c3c4071fc35700375fe00e523d4604b8032978bd882d8bb59,0d73f7074413951eb9803af133f16b075ecbd4413725d52d7662db0a24d38f2d,712,352,66,829,0.447485886849418,gao_only
156,2.509999990463257,2.9101587368710207,0.4001587464077638,0.4001587464077638,0.160127022326633,15.94257959873174,Gao,156,,,2.51,Gao_0156,cee0ade1adedac4f1c350e305dcd1e81a22bd11836bc2ff5390b807f3313e84e,79a9af327ea103eba28cd661ee4a5fbd1877d89cc8909ddb6038947c6ef598a9,9be27402d8c63fab6396827e7de984f270384e99c6de4f13f113e7509fe1ebac,4a438bbf8f06b20c3c4071fc35700375fe00e523d4604b8032978bd882d8bb59,0d73f7074413951eb9803af133f16b075ecbd4413725d52d7662db0a24d38f2d,712,352,66,829,0.447485886849418,gao_only
158,1.0399999618530271,1.747807757689221,0.7078077958361939,0.7078077958361939,0.5009918758464912,68.05844440369522,Gao,158,,,1.04,Gao_0158,1c8f708d8095b8b8f3a223fd4d592b04be16f5436fa320ef06cf3cf3aac06ec2,79a9af327ea103eba28cd661ee4a5fbd1877d89cc8909ddb6038947c6ef598a9,053aaab9baa88244292e0c09a1e056cbd5f8b84f8daf90e7519a132636bd6d4c,5bd839de61c20abc412a3bb5154e0cb975f5c49a9d0ed145ca426ce763871c87,1bd19e7b958cf23e503cd76deab6377d50def9b51365a1f2e8a6cccc0152382b,24,432,115,832,0.5403174419508298,gao_only
161,4.25,4.464776558451133,0.2147765584511329,0.2147765584511329,0.0461289700601129,5.053566081203129,Gao,161,,,4.25,Gao_0161,555005dca41aa13c02860543e1c61c03ecdb013a7754a9af22a37fd792b42a4b,79a9af327ea103eba28cd661ee4a5fbd1877d89cc8909ddb6038947c6ef598a9,ed7a66caf8e0eb2ac01cf3959dcd1c69e9a7b79f1b0406f7fd5a5e8154ba3396,e4e4a1dc92e77fa5ee5e1290558c9079dbc5a10514a726b213d1a2d4d347a537,854c2918ce8b2c181f5d14ee1bd73100e5e833ffbedd7f6f0de4050689df7163,1118,1057,606,834,0.4998735926315081,gao_only
166,0.699999988079071,1.5711503695733475,0.8711503814942767,0.8711503814942767,0.7589029871776238,124.4500566185542,Gao,166,,,0.7,Gao_0166,907df83babdf5eea703f8f88a501fce5ee9a6ee8d2fe039802994e4c996b3e78,79a9af327ea103eba28cd661ee4a5fbd1877d89cc8909ddb6038947c6ef598a9,fa360cdbdb07938e265ae5014a86e164e13ed5a95272a280ccf74f45d548dd4c,e8c88a43b15863f357debf9abae66fee98efd7180d1d348c8e0e030e417ff9df,3ed6cfbc415ff064e36d4ffc5aeaa5e65455eead04b38a02aa30f63e18318f89,1167,1074,272,839,0.7784464254066634,gao_only
167,8.010000228881836,6.8378960401705,-1.1721041887113364,1.1721041887113364,1.37382822919466,14.633010676891796,Gao,167,,,8.01,Gao_0167,c0f72a8a0040b1248381a34b9ba9a722d59b730d20051d070c1fa219274bca30,79a9af327ea103eba28cd661ee4a5fbd1877d89cc8909ddb6038947c6ef598a9,c119789f8b1aff9d96e3ee38edef3e963560dd56f83c0d04e9dfcd8abef1f2ce,79625f8bd5b99aaf229fd457f17e81dbd0283af253d9218719cf001b6b8b2c91,d4584a09fcd6b6a8903b6ae8323c4e25ad684b3aeb1fa5ae0cdfcd616b253c21,919,580,968,840,0.800018586050769,gao_only
173,5.210000038146973,2.7000848645030864,-2.5099151736438863,2.5099151736438863,6.29967417888782,48.17495499552014,Gao,173,,,5.21,Gao_0173,a84f8673a8c1102bf7364f085f1201f0aa12454610ae33f9a9a5b4472cbcc73d,79a9af327ea103eba28cd661ee4a5fbd1877d89cc8909ddb6038947c6ef598a9,2214d03497fded62d375444b51858a437bc5af105f17f3751eba1ee5df0fedcf,bcae5c6828415df52bfe500db6dd874eff4f2e754194bbdbc0562dd7f5922af9,9f382e46738d7227140fa24a243c07a0229a960bbc2f4bf2125558d55007fb63,157,868,726,845,0.5589128029050646,gao_only
176,7.199999809265137,4.406243064615986,-2.7937567446491505,2.7937567446491505,7.805076748272619,38.80217803692266,Gao,176,,,7.2,Gao_0176,0245fd26bf56ce3c8a3d7bc48ca8e5c0d8a8c3632a52312958154092a893d584,662249b27f71717e6cd10bc40d9d82bd63bbfc14fed03ba60280ffb003a773e7,bc075becc9b7388613f2fab65b85b66e133761792e07d1f093667ea75ed91942,6435f9cf9bd904ffe16dc8dec7e6deb26438c3352b590660e538cf4389e914e9,58fdba572cb507cdaeaf2045ae1b43ed47f7eafd5ce5ba9bd6c62e7600611969,889,478,399,848,0.4854401823256693,gao_only
183,1.659999966621399,3.615270706686643,1.9552707400652445,1.9552707400652445,3.823083666955288,117.7873963482548,Gao,183,,,1.66,Gao_0183,fc0b10903075854f65744f24c8699fdecb5daa6102b7cadbdaef4d910bde83ff,662249b27f71717e6cd10bc40d9d82bd63bbfc14fed03ba60280ffb003a773e7,41040c6d25181a6f24d110638352af34e616f675109567f856be2ed1ac5035b0,1d6ff06969ee2a1b42fc705ee8307e97840ee275baa6edda98e14a759fd794ff,c5e667d9eb7ec4b041bf39c935d70b2f5d5d9f71a6dd67d2b24e46e5f37a0c19,295,144,907,855,0.499820702582161,gao_only
184,1.1100000143051147,3.70739205993048,2.5973920456253654,2.5973920456253654,6.74644543867792,233.999280374009,Gao,184,,,1.11,Gao_0184,4075d78f2f61dd2cb7acdb8e4a8f9473d226c03dd6bfe112725bf40245f02f54,79a9af327ea103eba28cd661ee4a5fbd1877d89cc8909ddb6038947c6ef598a9,f9cd854ee8fcc052b67e93d092d4207e83ee222c2be1916777716842cde91d4c,d1620e64f3f8f4de5b4003efc2f8ba3f4b727c4ff1e171dfc502101d98b09fcc,f6b8e22cc09539d092cde86ed5deeecc128a1c67eea8876eb0c6c5511ee09752,1164,969,1155,856,0.5195963066512472,gao_only
186,5.199999809265137,3.7296140288362407,-1.470385780428896,1.470385780428896,2.1620343432874938,28.276650660813974,Gao,186,,,5.2,Gao_0186,91ae723a8c0799551ff13f3f3433652c8dae654c233417c031de0aef1e470643,79a9af327ea103eba28cd661ee4a5fbd1877d89cc8909ddb6038947c6ef598a9,e46576f4244600ef94856f88b24259182b936a9c6d4be2bf8319965c590159a1,c43b18447cde62a937236592643436180a1035f3737555ecb889a094299a1840,794d8b2d698b98375a8b16ba79e4cf9cdb914d10a679607053d39b188e24b5fc,1081,901,547,858,0.506469961584696,gao_only
189,6.599999904632568,5.5661542155955095,-1.0338456890370589,1.0338456890370589,1.068836908740511,15.664328848117076,Gao,189,,,6.6,Gao_0189,88396f3ea512153dba9e47b29c009cdfdceac03900ac3a0a545fb8f3b09f7fb5,0200210bcf15d900163b083f37822f819e4cacf358747423834334ad050b737f,164b177b6e79bea4f320a7ad8608ee2acfe95080927a3a3651cfd51541d44b70,9476cf0bb11409650641023a10cfbc00236a3c23c53ecc031786e47fc740a44e,58b3743fb7d0a04a11b4d3cbe7f3f78d1bb29724b3a239edf116dd9aec928143,103,696,397,861,1.3254960889159602,gao_only
191,5.360000133514404,3.92812723924618,-1.4318728942682246,1.4318728942682246,2.0502599853400625,26.71404586942398,Gao,191,,,5.36,Gao_0191,7284e212b9c46bcca3f72722050c1c37a391ee1c0579d1d7608f04ff699ebf23,79a9af327ea103eba28cd661ee4a5fbd1877d89cc8909ddb6038947c6ef598a9,81d98978b6c48ceb3f71e273ac990fea79aae505f317f3cf5eaeb1dd90406783,7418cfdf3d39fea154dd265985545fe59c14f7a83ae2a5422a130799192e6d03,364fb40b3dc7b2a0d703d155f0cfea62ec23a4c3e2bb2287b25eeb549f9a6938,592,561,242,863,0.5597480039506475,gao_only
193,0.7599999904632568,4.445479102654033,3.685479112190776,3.685479112190776,13.582756286394508,484.9314682154532,Gao,193,,,0.76,Gao_0193,e47f54cb864fb7c0a387969d200545f41f39333e629c6f76ded9a08fb1309b0f,79a9af327ea103eba28cd661ee4a5fbd1877d89cc8909ddb6038947c6ef598a9,41830b39764d780169decbd037df8df8d2d3c1dc4840ea5b27e6402a3d0ac142,3ccb9e335e69c8f726accef54c625df4d08eb1ea8b05d1aae8c135989b1a3553,6d80add0ad02516f4a997044f0647feb847781fa2bca4b25760817e2f4cb9446,300,298,495,865,0.5683702300675574,gao_only
196,1.149999976158142,2.487976815440867,1.337976839282725,1.337976839282725,1.7901820224569909,116.34581452362858,Gao,196,,,1.15,Gao_0196,71d152cb857c17e5049fd3fc839e66d64d3fe7d701749be1effbbf5f9c606217,79a9af327ea103eba28cd661ee4a5fbd1877d89cc8909ddb6038947c6ef598a9,53e918b25dfbc20260a7991c62cbdbb0f823dd6c84e0e2571ab838d9ee341258,f68c6a475dec566c62334a2d60a2f325505db68f4bd24f48548fd20046371fb6,9d76b974a9bf50299a3bd8e2575a53032485ad25af89fc65e695162ce40c0a41,383,1147,717,868,0.6861779999455525,gao_only
200,3.009999990463257,4.063321387413705,1.053321396950448,1.053321396950448,1.1094859652736433,34.99406645474227,Gao,200,,,3.01,Gao_0200,297fc6f93155e582f1f7e32b06822c30781f25a9994654498ab12b3513b5376f,79a9af327ea103eba28cd661ee4a5fbd1877d89cc8909ddb6038947c6ef598a9,7703b58fa7ffbe6f216a33b5ec1707b720b1641f41c8f9d8b1e1860f8b41be67,2371e84963bc38fbc00747e5a773b2cd830d0d56c82b9684418eb731e45b0552,b6283ffa294ddca185ef645f3093ce853c93ce1575d2e2478b2c92552dac54da,542,174,843,872,0.4315867302901175,gao_only
201,2.450000047683716,3.5521512645305973,1.1021512168468814,1.1021512168468814,1.2147373047970615,44.98576307738767,Gao,201,,,2.45,Gao_0201,e1be0d1bc09dad5d00148f1d307c65da1f164661e70c9cfaaa03b191a20240b0,79a9af327ea103eba28cd661ee4a5fbd1877d89cc8909ddb6038947c6ef598a9,d1cdcb937e95e11fc7b5ad94d9df9b85a42ae6f2f5f000c9c98537ccab0e721d,672683cf2edf9b9785cf94910675e2967eb21d804d69b47334ba15faf86203a8,a6e9e2580ab6b05fc0f419972940922ca6584cb8f15c599f9843884bd5103b2c,999,494,769,873,0.5179140326753098,gao_only
202,0.8299999833106995,3.6429874519310377,2.812987468620338,2.812987468620338,7.912898498615058,338.9141596605712,Gao,202,,,0.83,Gao_0202,89eaea9e4e53ec04c8c2e8c217f23dfe4295d33ec0414b20fd6aa580ba44a123,79a9af327ea103eba28cd661ee4a5fbd1877d89cc8909ddb6038947c6ef598a9,94a978618b39832cf0dac4a46d88f798835b1bdd5778bd40093d2e2d4795db09,0a3486358f2246f0dfb316352ba56e70a96fdace288d7c04861350b7e2f8decf,063a0ba49c134ce0b28deb1bb52083530832442a5d92a4da96dc3df0c67a391a,678,52,27,874,0.5045707431994854,gao_only
211,6.010000228881836,4.473187427709599,-1.5368128011722373,1.5368128011722373,2.3617935858468586,25.570927498253397,Gao,211,,,6.01,Gao_0211,54a5f59df902cef33e997fb7a72905e6514991bca5c6a9a66bbeb323a90bc729,79a9af327ea103eba28cd661ee4a5fbd1877d89cc8909ddb6038947c6ef598a9,3f136c6440a6d7e7e267ec5fb66ab6c990681eb6a18c81446ae564cd7b8fffd6,79acf90af40b1654acde3b76b8ba0598519ef368306d7c5141fa15aaac2dbed6,262d942daa6643125309676c9394ce8f9a9ac77cdaf1aa5fb7297ec6705d93d1,283,582,157,882,0.521932281984287,gao_only
233,1.850000023841858,2.3561707451792047,0.5061707213373468,0.5061707213373468,0.2562087991391699,27.36057917913926,Gao,233,,,1.85,Gao_0233,2cc7fe924219f19a4197916277931bdaf43fdef42734e7e1381d9e798b43b45e,79a9af327ea103eba28cd661ee4a5fbd1877d89cc8909ddb6038947c6ef598a9,5f4ccf59e425419973cb0e80fb5b842e235818a39561ca1538e793d7031dca53,17e45239935035789cfcd1c336e94f1147c1b24c2f95960c696b04bcc996acef,3ea3a499ec3e7a6cc70bc9c5c6c4bddea4d88d16dee3022440d627bb664dfcdf,430,120,270,901,0.4844844387421793,gao_only
234,1.0199999809265137,1.804982062023465,0.7849820810969512,0.7849820810969512,0.6161968676433005,76.95902899761971,Gao,234,,,1.02,Gao_0234,2de551292816eafdfeeee7b0aaffcdb2bdbdbdcfaab7e42b469f929347df39e1,79a9af327ea103eba28cd661ee4a5fbd1877d89cc8909ddb6038947c6ef598a9,81f6e823f14bafd77252e3c59cf7bcbf21409d6fa8166593e74942818a58c6b3,9e087c453c6bf882739d66da0ed8f1400ad5e220317b8be41b68d4abe92dad19,09323cdfeb62998d64c83ae9ec81f6a4aebccec9dc9b08e3e7bfd0595c07f957,593,736,44,902,0.5360523314760365,gao_only
244,3.009999990463257,4.164401715344722,1.154401724881465,1.154401724881465,1.3326433424093018,38.35221689498397,Gao,244,,,3.01,Gao_0244,794e9e061e273c73ff7ad6cbd17cba865ca3b57c19e967a72372e004b27eb945,79a9af327ea103eba28cd661ee4a5fbd1877d89cc8909ddb6038947c6ef598a9,2d50d92059553feac060e1925f789a260abd07b2169c93119fa1050fd2105e5a,e3fe61c360390d05d804154a0ff06267641ffa5cb1473ace27e4223c6b9227a1,025064028f942b0e646d4b9b450c04ee25c07670bf323b0ecc536472500ba562,198,1050,12,912,0.5601759119638917,gao_only
250,5.730000019073486,3.596791357097059,-2.1332086619764272,2.1332086619764272,4.550579195531259,37.228772336397945,Gao,250,,,5.73,Gao_0250,bb20ea582c5faf364d5b9603be6a4413bac1e9c3bd663094920f9d72de034a14,79a9af327ea103eba28cd661ee4a5fbd1877d89cc8909ddb6038947c6ef598a9,865b36e508d215c2df540a3453dabace24b63860c51f2011b1586addbdbcb84b,f874e7f7392cbab0bd134f5489b644cfedb60ff56d85c9edad1b2f6034c296fa,61407a69c7f624f545edaeacc490e60880ff9cd4836810c5956d272779287468,616,1156,437,918,0.4402598406838821,gao_only
277,3.2100000381469727,4.693307801048355,1.483307762901382,1.483307762901382,2.2002019194835025,46.20896402722932,Gao,277,,,3.21,Gao_0277,3056fff04d4498bb6cebfb48a97b2ec188d1adb404ba7cf573f42f44e21adb2b,79a9af327ea103eba28cd661ee4a5fbd1877d89cc8909ddb6038947c6ef598a9,35fbd6f9dfb7f3d8ecd56396a0d6e9454b1596d2c4020a1f58116b92ab1b380a,1e765628f9d8d8234987735404f90187f2e20ccb1e8a4fb34aea573bd21f7e9e,a32f41262ddc7deaf852d80f2b2377b1c907e005b8282152a6c8c884bb42f57a,237,151,744,944,0.5210242819855724,gao_only
279,7.630000114440918,4.995419159974202,-2.634580954466716,2.634580954466716,6.9410168056387525,34.5292387280621,Gao,279,,,7.63,Gao_0279,1c742257e7fe70912d94cf4164ea081f01c4ed64ada13bfb7dca20640063338e,79a9af327ea103eba28cd661ee4a5fbd1877d89cc8909ddb6038947c6ef598a9,ccef8b78299fad02767b50bfb87466c4a1679f1f6ee8f0cdf332190fd18f9017,eeb3677cfd8ca7a6b1d71edae89be917b2bf48629ee42946ff1bd76688c3ac02,29565d825266e6210677dd1b33391988f8f0cc4590f527eb2db7953308a0b9f9,978,1110,176,811,0.5600484217093821,gao_only
280,4.96999979019165,4.822067258381607,-0.147932531810043,0.147932531810043,0.0218840339677294,2.976509820020305,Gao,280,,,4.97,Gao_0280,7b5c7533890c45416746363462dbe72491f3567507b2f45e258e02697d55e3fc,79a9af327ea103eba28cd661ee4a5fbd1877d89cc8909ddb6038947c6ef598a9,878ee8d9ffa1659e4cbfa95d4b7cf0d3860f0638f7b3171317099395908ae1e6,200c59a229538ee2582d0e9e4c504ff7a66a1b99ed65e86e2bf57d34b03fffa5,f72fdbe50cf701854f21dcb28757caf572fa889770bac9950e0077128ec4e8e9,621,153,1156,946,0.525761736463717,gao_only
287,5.099999904632568,4.122348513933692,-0.9776513906988766,0.9776513906988766,0.9558022417354476,19.16963547020521,Gao,287,,,5.1,Gao_0287,9ff94dcfd4573344a1ba9c635409277df70d857158080c9bcb0b115492562190,79a9af327ea103eba28cd661ee4a5fbd1877d89cc8909ddb6038947c6ef598a9,789a39088cc504e80f2a836a99bf6a2d2f44bcb9730a05c7901f636a99f90bd2,ddb2d8b61ddb4ec7cca9aa23137e52ebc6497720ad31c50dbae66ccc06b940d6,41e8a4e3fa7c68e198c8532feb961bd10455e5b3c1021ddb59fcf49b3b338671,554,1017,289,953,0.4717624642498889,gao_only
296,5.199999809265137,5.161745092656353,-0.0382547166087841,0.0382547166087841,0.0014634233428183,0.7356676540761307,Gao,296,,,5.2,Gao_0296,450932e86bf1da0e1f7bccd85fcf12b0ff8384e7447e40c6c077a961cb0ddd5c,0200210bcf15d900163b083f37822f819e4cacf358747423834334ad050b737f,e268403764d3c0975902120330ffc574cddc2647fef694bc64384c470f6c137e,f2d21503596409dda6e945da0acdedaf88433903c27d96685920e7a78643d04f,28c1fb75437e05537587378b0dc21f1055c1ac4ae2170e6624007d219aedebd0,1072,1130,174,957,1.316080677639469,gao_only
306,0.270000010728836,1.3075976371765137,1.0375976264476776,1.0375976264476776,1.0766088344098543,384.2954019323164,Gao,306,,,0.27,Gao_0306,36be1566525e31fcf85cedfe055b7e2ddf1c34aec3e5467504a8bbd63dc73908,0200210bcf15d900163b083f37822f819e4cacf358747423834334ad050b737f,f8bfcfe81ce6be70d57217bed838a8abc2e92cc3a1e5245441e64001654bb737,d5b0f78bc738f2890166368f0361e7672f7b2a996a0fd53280ece2fe8adb5351,06593e436bdc7add2672e7e659f324d411e73d9211000953b49184278d52e5c7,1157,991,29,967,0.4538638929263857,gao_only
315,6.329999923706055,4.407552195067453,-1.922447728638602,1.922447728638602,3.69580526934772,30.37042261942173,Gao,315,,,6.33,Gao_0315,80ddad8b5f123822406dde619b434cf58dae85210d7d29977e0a7d0b22a873bb,79a9af327ea103eba28cd661ee4a5fbd1877d89cc8909ddb6038947c6ef598a9,aa91d502c6af30a01da990efcdb03165378873605e86dbba0f19730f05f3c3de,304a8fc706548f007942520c5efc069b867887f0e236765967fdc02f74877d75,86a22df0c6f3efc73995436b96155f69d1d59c5f696608d9f327250723549811,790,243,610,976,0.5234088187196908,gao_only
318,6.849999904632568,5.482204968386357,-1.3677949362462112,1.3677949362462112,1.870862987620777,19.967809566262748,Gao,318,,,6.85,Gao_0318,49300ea87acb9671c768eaa3a303d2cfb3bfcdd0bcbf8e535fbbf9d21b627ed5,79a9af327ea103eba28cd661ee4a5fbd1877d89cc8909ddb6038947c6ef598a9,af4c8c0e4d3e9d4ae1122f9709f15ef726f7de540c53d85d9c0c2d8a13713537,5c8a02a3025f5f7c9463465e5f85eb625525cd8e2a62d5eb7a1c2eca27b7605a,6fd3b45b13f5ca65a9a4bf70a060fcbd02c53f5760f78931eee1253bb385afa7,813,436,507,979,0.8182898029717041,gao_only
320,3.369999885559082,3.199324391856052,-0.1706754937030301,0.1706754937030301,0.029130124150773,5.064554881274577,Gao,320,,,3.37,Gao_0320,e7d661de70177d86b50b57163ccc57c253849400145b150c41ca197ccfa5c435,0200210bcf15d900163b083f37822f819e4cacf358747423834334ad050b737f,900557818cd61d08fd597fc0b24671a5b76af8c872b8ec940be22506a2d24e9f,82727d506a864cf1eea5ea544e2758b7221692b34b6bb45ed4273382ca5f9618,809d1989b87499e27a23c18b56f4788d6889c2a6811d7e7f8b496d25c2c2b09c,662,620,580,981,0.6299797170397786,gao_only
325,5.039999961853027,3.532764819588992,-1.5072351422640358,1.5072351422640358,2.271757774075688,29.905459398255225,Gao,325,,,5.04,Gao_0325,c7a19bffe9edcff1fbaa501122071159dff5d590447bf69ca5d6ae9f0bfb5893,0200210bcf15d900163b083f37822f819e4cacf358747423834334ad050b737f,ef80a4b84aec4e884439eeb6572413d205f963e507ba6ef826cb002f6ac38eaa,f5fb165034d30071600d7fec16b09813a5aa8fcc19d4573c3e36f063c228879f,83f3b84e123803396d65a98e096bce1fb8188a813b61de328cc8fcdb8ca578fc,1128,1145,602,985,0.5768351898307809,gao_only
326,6.039999961853027,3.532764819588992,-2.507235142264036,2.507235142264036,6.28622805860376,41.510515862566905,Gao,326,,,6.04,Gao_0326,c7a19bffe9edcff1fbaa501122071159dff5d590447bf69ca5d6ae9f0bfb5893,0200210bcf15d900163b083f37822f819e4cacf358747423834334ad050b737f,ef80a4b84aec4e884439eeb6572413d205f963e507ba6ef826cb002f6ac38eaa,f5fb165034d30071600d7fec16b09813a5aa8fcc19d4573c3e36f063c228879f,83f3b84e123803396d65a98e096bce1fb8188a813b61de328cc8fcdb8ca578fc,1128,1145,602,985,0.5768351898307809,gao_only
335,6.239999771118164,3.9669375962550095,-2.2730621748631545,2.2730621748631545,5.166811650793614,36.42727977946444,Gao,335,,,6.24,Gao_0335,f2dc56822190a6f97cd24b74c1b1e6e6da04970c02b59e8b8a68f1a1c0bc5896,79a9af327ea103eba28cd661ee4a5fbd1877d89cc8909ddb6038947c6ef598a9,1b50b7c1fbb81b71fd3f97de6fbb4ab2f7cb3a897d25fdaed71ebae4778cbf30,aa932e4e71702a8411e79ac1fdbe9bf89ea33d6ec8660333e409c0ac8709cb01,314ebed91e4e1ff02494159d3e8487f8a2314c700593d4db05e8be7010789e3d,131,784,223,994,0.4694638160763685,gao_only
338,3.660000085830689,2.683810773462352,-0.9761893123683368,0.9761893123683368,0.952945573582166,26.67183851026541,Gao,338,,,3.66,Gao_0338,b9dbdf3c4e3638807ae49b062390af089cfc16012f44a63b7e40d1fd896dc439,0200210bcf15d900163b083f37822f819e4cacf358747423834334ad050b737f,11b99517d5ad01d252182f6fa988909c6b861ebd5c11edf65081d41ea97417c0,5b99abb4cdbfa6ee9de8d7007f5ccf125f47557470bbf9fc9400de3453f9ef83,d280c881bf716b33d79fbdbbf24ac612e7fa357659b360c4edf0f19db566f414,77,430,957,997,0.5044940636064341,gao_only
340,3.7300000190734863,2.542837661091644,-1.1871623579818422,1.1871623579818422,1.4093544642090077,31.82740889842482,Gao,340,,,3.73,Gao_0340,d4fa0da7ee8e40cffcf8d3cf58b5b079c634ca013f1578675ef6d01ea87f6ad6,0200210bcf15d900163b083f37822f819e4cacf358747423834334ad050b737f,6491c15bbde8969c4ffd1de96bf19b34e770ee7587604a55d6be5ddf2e8a846d,79e7ddabe8acb87aa51ef4ede4d4bd1a3b5624b924e058a9df33bdff17a0e911,95117467ac979a561fc7ad725f81f31e0329a41427fd2154e022ae77153286a4,454,583,679,999,0.4597136401352222,gao_only
344,0.959999978542328,2.680480632451501,1.7204806539091733,1.7204806539091733,2.9600536804757365,179.21673878801178,Gao,344,,,0.96,Gao_0344,b62559473f5485f5dd53fb1ef334fa3fb565c1aef7fad57f315dac2882deafb0,0200210bcf15d900163b083f37822f819e4cacf358747423834334ad050b737f,aa1090168526d9d382795bef028450c5f3517b95e013a82e5f5b5ad45587e2c3,adc0102361a6d936f54d830a41c9744ac508d4b4cca7ca9aad1e80c137b9111b,0df3d26a7bc6fbfa4f48045f1be173c10153ab4b459e7a62eb134fa85e75bf29,786,793,68,1003,0.5188032150388983,gao_only
350,5.03000020980835,2.053254803808609,-2.9767454059997407,2.9767454059997407,8.861013212140561,59.17982667665056,Gao,350,,,5.03,Gao_0350,541e45838aae9a0cc229cf43a4f3ccff5e62ec3e2a397861fe839ae8f98105c3,0200210bcf15d900163b083f37822f819e4cacf358747423834334ad050b737f,bec3f24233da60884004327bc5c76d0702aacf19353a51b763edfe8a68889910,151cd153d2dcc4c199edd22dd5d0c36a03697bdc412cc34b173aba9f7757c91a,a3c20fe20cfa668a6bd99939ef7a1e8aecd2861ae13caf875bd2ac2cb79a409c,905,104,749,1009,0.4406233234938086,gao_only
351,2.3399999141693115,2.547005560138438,0.2070056459691263,0.2070056459691263,0.0428513374630952,8.84639545136959,Gao,351,,,2.34,Gao_0351,d5e922a17ff3c801a073660d65456478314712bbeef2f1dfe6f975b661fe005d,0200210bcf15d900163b083f37822f819e4cacf358747423834334ad050b737f,061a9dd9928c933abc50e8b94e78168976b58abc0ef2854f4743790866a8e41a,269cf1cb53ac76cada7eaa1789a08d9a68bdb6219140aa64a418ba4c1c9f9acf,e9cb859b77df5fcfeab727c9db5579d83e64e26947823b7c4ec0a44b0693c091,27,193,1088,1010,0.5036699806343575,gao_only
362,7.300000190734863,3.5338502484973118,-3.766149942237552,3.766149942237552,14.183885387415916,51.59109375116917,Gao,362,,,7.3,Gao_0362,07d48aa15cbecfc609164455e0727b6bc037c322c803f4d9392fe12fabca4ad2,0200210bcf15d900163b083f37822f819e4cacf358747423834334ad050b737f,3aa8505d7005fc4397d271173b6c1cc2e3583dc7e73e98f2bd60cea00904114c,27cf2f3f5e4f642cfb5a68806f4d5c2b4487e08229bce97e0214b55412cd5c11,8fe44c510f8ad49e3277143de52d638560f8064811733ac2d59cd67463e25b2c,261,197,645,1020,0.8440197152791894,gao_only
373,1.2999999523162842,2.3618761572507347,1.0618762049344506,1.0618762049344506,1.127581074605991,81.68278799106454,Gao,373,,,1.3,Gao_0373,26e29b89ebfee4fd71656c3da19abb9eae0e3acdb4b12d77d6a63ce17b45fb44,79a9af327ea103eba28cd661ee4a5fbd1877d89cc8909ddb6038947c6ef598a9,14ad23bd47d3a75bf1a4b64682c1d8d09e2fd46174abc2816486727b7fab625b,c969c649d03aadea06c966941806f48fff1fc69824512e96c8fd48f518a28f6f,78dcbfcd5f9c417b2226575bddb67449ad32d618783ef44b1c4eac102a2ce895,95,923,546,1031,0.6152208258118012,gao_only
382,0.0399999991059303,0.6663279124341979,0.6263279133282675,0.6263279133282675,0.3922866550141418,1565.8198183194702,Gao,382,,,0.04,Gao_0382,36e29334fae21893e934b8d7b7ecfca378aa3972942d5bc6d1f7e1c9b8106fd5,0200210bcf15d900163b083f37822f819e4cacf358747423834334ad050b737f,68d2c2cecebf5bbd08560566e6a6f5bbd3665b986bb6f17f48576bb3d4c83eeb,ba8c7a07e97539637d7219d66775bb2fb80255de26ecbe8c99be3b8a37e3bb74,4c87533d71710f69d308f1c53305979b26dd8f27e3077d0656139150b66acb41,472,854,333,1040,0.473524860421334,gao_only
384,0.4199999868869781,1.1911710477111364,0.7711710608241582,0.7711710608241582,0.5947048050526575,183.6121630717289,Gao,384,,,0.42,Gao_0384,9f5315600bd783579316731c5b09ea26d88ef7b93c33fb5f7258a9e5a9127acf,0200210bcf15d900163b083f37822f819e4cacf358747423834334ad050b737f,c452438830045f9656917f0e33440a395030725044287c95454a6b38d3854e90,1388720ec9e9c03d3faf51e9c3eec93a0d882dcf856469f9f32f7b8aad9716ae,0c568a946cf062c6ba57f2cdb35817525e7595b92fff540e191379e44cbe9fb8,941,94,61,1042,0.5107071883230804,gao_only
396,6.420000076293945,4.674350020909073,-1.7456500553848722,1.7456500553848722,3.047294115865207,27.190810508410124,Gao,396,,,6.42,Gao_0396,b96b01c477161db9710996f909dfa67e3977b982843539adfbeec6dc067bd1fa,0200210bcf15d900163b083f37822f819e4cacf358747423834334ad050b737f,b272e54d513facb74876a8430725783cb930054fe584b8050b9f323df7685d2c,454d223bc2fd5896bf6c45b008ec650216f8f84b1a84cc04fe9cf1317e40d85c,e4d5bb7459077f7dcd2f7df7a73a139bb86372eb175b0bf507e04b942fb07afe,829,332,1062,1054,0.9838060046607208,gao_only
419,6.320000171661377,3.998213602764772,-2.3217865688966053,2.3217865688966053,5.390692871508671,36.737128256853566,Gao,419,,,6.32,Gao_0419,18a0510bd9c23fd41a1529f6ddb5ebc9ed293a211c7b72f680009290e1dc9ad9,79a9af327ea103eba28cd661ee4a5fbd1877d89cc8909ddb6038947c6ef598a9,25b64befc21404a1eee612e9d596363f76c1b340a341462cabb986e1526c578f,9160407b21d925b989700a0e96f4f456779f6d7336eceb010f5b379ff3811de5,b0c7280cc48319dd0b973b05c0f7c25140d24507f50787a0ac5386cd95734aeb,168,681,815,1077,0.5244724502823236,gao_only
422,1.820000052452088,4.394249573792561,2.574249521340474,2.574249521340474,6.626760598121659,141.44227731599156,Gao,422,,,1.82,Gao_0422,97bec8f09b20f18b297818d0cead334579ff7b6113ac1905ab6b270293d079fc,79a9af327ea103eba28cd661ee4a5fbd1877d89cc8909ddb6038947c6ef598a9,71a3858913f878c4ff50f93ff4bd82d24e8b005ed8e40c1f701116015cc15e5e,1a1fb7f06b07afcf63b25b5b7dbc2c5a70e7880b5a39024cd23670d0923a20d3,b4c6071e6d4a317610c3363d02949797574b8d5cd445fa0c33a65dfe46a763e3,515,133,835,1080,0.4619248029508396,gao_only
424,2.9200000762939453,4.395629691605521,1.4756296153115755,1.4756296153115755,2.1774827615845886,50.53525947795316,Gao,424,,,2.92,Gao_0424,10b22f5368cef31760abaa25ca840018ab98c24f5af37e814ae9f6be956d2231,79a9af327ea103eba28cd661ee4a5fbd1877d89cc8909ddb6038947c6ef598a9,7e695387e213e271a7237cef0fbbde335b6df56a9464213c7908252e29bd08dd,44ea1621e0cdf496a53d66382f8d3a5a218690e186ba1836006014b69e01a9b5,ba13775ef7fe5adb6af3c0d101c362f7083d06552a22f490154094914084078b,577,330,862,1082,0.5148269675341093,gao_only
425,0.0099999997764825,1.2029391716022302,1.1929391718257476,1.1929391718257476,1.4231038676763006,11929.39198490026,Gao,425,,,0.01,Gao_0425,a0880493930e102152a95eabff1b2f2e78d8a3c212cca1f5fea99ee5b1fcc6d4,0200210bcf15d900163b083f37822f819e4cacf358747423834334ad050b737f,eab76a46d1b65d579310cdea7675b3f0e6cfdf42b7e728cef2889c057539bde9,589698a525406ad06a7a4c1185c0b4e74b733bcfcf181de60c8a398391634e50,6e359217337911c3dd4d2233ff88020348cc9ef2ccc284f766485dd0e71672dd,1106,419,500,1083,0.4118768637219142,gao_only
429,5.449999809265137,5.237418861672429,-0.2125809475927074,0.2125809475927074,0.0451906592794134,3.900567982246797,Gao,429,,,5.45,Gao_0429,bef567d806e1ebb61f149ee63bc8493fca8b29513f8968f2edbd1a1563d165b8,79a9af327ea103eba28cd661ee4a5fbd1877d89cc8909ddb6038947c6ef598a9,78385a29c486a34b66d729989902584d7496d1a07645319db6e8594f697da290,fc587dc7339b9f4e309928b35121b064d758dab3dc30a2caf3a52f47bd3cc4a9,7111e4d1ba93ae22e2dac72e87c6acd3f812a93c861566e9462b10e78c44995f,551,1171,512,1087,0.6886180011001432,gao_only
437,0.4799999892711639,0.385386095852545,-0.0946138934186188,0.0946138934186188,0.0089517888278297,19.711228236125883,Gao,437,,,0.48,Gao_0437,72495b8daebf8c340ae2d29e24c06a20372c44192c6a78893d2251a053a71dbe,0200210bcf15d900163b083f37822f819e4cacf358747423834334ad050b737f,a398776910af2be153bdf61d54e448e2c5246c279e166c9e6caca04e12d87db7,a1f47fbc1c7dd10cdac8310e74a19538576768c3787f2b2d9242e3193585d8ad,f6a0c622f46339e41e83d624e9a9fe275b00ec70aa5c6cffa4f9a367dd6ceffd,758,757,1154,1095,0.4053838803924746,gao_only
438,0.4000000059604645,1.387631556185165,0.9876315502247008,0.9876315502247008,0.9754160789992458,246.90788387696105,Gao,438,,,0.4,Gao_0438,f389daf6b0c476cb3666b723eba275ca5e6aca4608b5200408c21b5231d4d783,0200210bcf15d900163b083f37822f819e4cacf358747423834334ad050b737f,5dfc9a019aab23664a6148dd91a7718c5dbb2d77da6d01b8646ac3142d1732b1,8814a6c1973bfd587126990565e38990c85ec12b8b1f88bd831b06b3fa555fb5,6574054c0d4e9dfed20849eaff582b96f3ac386578493f15c9fda891027470ed,421,639,460,1096,0.3447728130628509,gao_only
439,2.640000104904175,0.6054998279576844,-2.03450027694649,2.03450027694649,4.139191376895345,77.06440136752711,Gao,439,,,2.64,Gao_0439,9f82ebbb1abc9d5e183db8f8c739e564a16b8224708ea136ba19fd63273bda07,0200210bcf15d900163b083f37822f819e4cacf358747423834334ad050b737f,b4171d8a23a60530c4129e7931e96f539ef167008d072c33a3a9056bed9052a4,1735a26c530b48c3b6becd6dbfb7a1d642c813a5516e5d7bb248ee121f0210d3,ed85784ec49a7e9939b002f0e388b15595fffd8d2b834af93163de7168ae15fc,839,115,1115,1097,0.3410156366543557,gao_only
444,5.809999942779541,3.572372264201098,-2.237627678578443,2.237627678578443,5.006977627940352,38.51338555277072,Gao,444,,,5.81,Gao_0444,97643ed1bd7499d9bf23c7881ee205d1da929fcddb1d09fcfa1657384ec60a22,79a9af327ea103eba28cd661ee4a5fbd1877d89cc8909ddb6038947c6ef598a9,17c953b306b21e1e939635c97bf58c5df39cdbd4b67fe0279b0354ffea006a1e,a223e3492703b719838449ec09d0cb7c5103935b343929af8b406de54feee754,9cc88e8a5c237c668c5ad1982dcf122c14e09cf9496dc76388c2f736cf7c0255,112,759,713,803,0.4368041231344755,gao_only
445,6.21999979019165,3.572372264201098,-2.6476275259905524,2.6476275259905524,7.009931516382853,42.56636037457123,Gao,445,,,6.22,Gao_0445,97643ed1bd7499d9bf23c7881ee205d1da929fcddb1d09fcfa1657384ec60a22,79a9af327ea103eba28cd661ee4a5fbd1877d89cc8909ddb6038947c6ef598a9,17c953b306b21e1e939635c97bf58c5df39cdbd4b67fe0279b0354ffea006a1e,a223e3492703b719838449ec09d0cb7c5103935b343929af8b406de54feee754,9cc88e8a5c237c668c5ad1982dcf122c14e09cf9496dc76388c2f736cf7c0255,112,759,713,803,0.4368041231344755,gao_only
449,9.869999885559082,6.937211865245706,-2.9327880203133763,2.9327880203133763,8.601245572093653,29.71416468407841,Gao,449,,,9.87,Gao_0449,501b2aab8fd6715163223f46a3f4f1a7cc32504ae79df6ba6e164c2e875c4bc1,79a9af327ea103eba28cd661ee4a5fbd1877d89cc8909ddb6038947c6ef598a9,7ea90e1ac41f5379dc1c2faf632448165b3a862103eb7a86698ec301f36b8a99,e1792afd112804ec7a01ac59e9d7e15834bc61e69df4818b37bb921c79dc08fe,f75cf98b5a756e28f0d9c5161b25123a3116163fca237b9eb081130ae25116c1,579,1039,1158,1105,1.581999846180369,gao_only
464,1.0399999618530271,2.0345338706923,0.9945339088392732,0.9945339088392732,0.9890976958311236,95.62826397293856,Gao,464,,,1.04,Gao_0464,548e3f23500e9d95c6852250de7824874dba335ad0fdf7098565d180ee19d219,0200210bcf15d900163b083f37822f819e4cacf358747423834334ad050b737f,c8cb5a921ad3d58dd8afd1a891d5b8e91e275ef99f98462b10b34e5f77b8d41d,104131685a4d5aef87ae4387a80b0a384ca6725f6111cbfcaa7394765e3c7742,41262a332f3a255582ba12c5fe914f6219b58ee3854868160fc955b98686e546,959,80,282,1120,0.4247255088980246,gao_only
466,2.569999933242798,4.259093997502091,1.6890940642592929,1.6890940642592929,2.8530387579159764,65.72350615309209,Gao,466,,,2.57,Gao_0466,6fde34825f858f6a9d3717074fd34f3af5c948d7216dcc9aef02c6ef82e1c286,79a9af327ea103eba28cd661ee4a5fbd1877d89cc8909ddb6038947c6ef598a9,70e174fbd2248350d5bc0ccf5589afaf17b5b47b664dfe77a572180f9b4dbf0b,3ac388607ee1fef415220d2b881b215ef83e236ed2d2dae5f7e553aa531dbe69,dfcdf228d3520aac6661fa74180713350d4d2c555f438d1a34082114fb630b41,512,286,1038,1122,0.4967588249126182,gao_only
474,1.3300000429153442,1.1980702874093954,-0.1319297555059488,0.1319297555059488,0.0174054603878594,9.91953016909386,Gao,474,,,1.33,Gao_0474,1e9718515d7d38d0ed078c0549e7f56cc362edbd2786b42b5a2a440ac967b715,0200210bcf15d900163b083f37822f819e4cacf358747423834334ad050b737f,14aff9fca0d00ec10457e70c18b83caa3c87528fc48bdf2175e043b68c5f1eac,226a9f11ff9890d28d73e77fe8e084041f607b95c9471d445a3d9d075df10517,7eb2bfb1ef19c112a0ebe583c614a29b3b3b03d8c5c9bf72aaa1671621dc62bd,96,166,575,1129,0.4335921580175503,gao_only
483,4.800000190734863,6.114980060275238,1.314979869540375,1.314979869540375,1.7291720572964215,27.395412860161912,Gao,483,,,4.8,Gao_0483,c7a19bffe9edcff1fbaa501122071159dff5d590447bf69ca5d6ae9f0bfb5893,0cc00e1ba2d95fe8288dc072edf395ee6fc3678daa4e12f6703c7be7d2c5a409,72c780f2722b8c117a63fab5d1c4633b65af87d131d182262dbbd006f5030102,fc53d2d75ce765fe1a33066925a8eff8f71eb320c6b009bef5a38da0a9704b39,1c9a002e2dc61dec9e2abab4675459eb4e17836ca3b4a12afc12ba1722c213f9,518,1170,121,1138,0.6120661244497544,gao_only
487,5.699999809265137,5.783099936966849,0.0831001277017122,0.0831001277017122,0.0069056312240408,1.4578970260075468,Gao,487,,,5.7,Gao_0487,32245f0414851f94ac3ee66c9e22fb9fdff876e056c6f6351fffe4137e987d99,79a9af327ea103eba28cd661ee4a5fbd1877d89cc8909ddb6038947c6ef598a9,3ec17df4b8f18ca8d934b91724f97447af12da636851f3b6b5c99ddf635bf3e0,2cf4b4aca282883c61a9f138dc473f3cf03e30d59810f55a2c1d6c15d63d39ca,c3b2ddd13ad90ed0ce160354fbee66088fb061bb102ee3e50ccacde66782911a,280,215,900,1142,0.8593001607510302,gao_only
488,6.699999809265137,5.621170376787092,-1.0788294324780452,1.0788294324780452,1.163872944380901,16.101932286418563,Gao,488,,,6.7,Gao_0488,735a6167a2956d6bf867f465195103ec2bd4f324fce7482eb803bfdf9de718c8,79a9af327ea103eba28cd661ee4a5fbd1877d89cc8909ddb6038947c6ef598a9,94c1b0f6adda2831a1bea79479159d4d4b593e7a2844ff8087e367586c204acf,54fcf8fd95f29fc4d0298bfc0a88eca554e31133afefb218f1621d1f77119605,2b53a9c00cef3923b9161a6c0bec47672e3d10fd6401a0194f20b0af76efc17d,679,405,189,1143,0.7753829067651926,gao_only
489,5.0,5.621170376787092,0.6211703767870915,0.6211703767870915,0.3858526369978172,12.42340753574183,Gao,489,,,5.0,Gao_0489,735a6167a2956d6bf867f465195103ec2bd4f324fce7482eb803bfdf9de718c8,79a9af327ea103eba28cd661ee4a5fbd1877d89cc8909ddb6038947c6ef598a9,94c1b0f6adda2831a1bea79479159d4d4b593e7a2844ff8087e367586c204acf,54fcf8fd95f29fc4d0298bfc0a88eca554e31133afefb218f1621d1f77119605,2b53a9c00cef3923b9161a6c0bec47672e3d10fd6401a0194f20b0af76efc17d,679,405,189,1143,0.7753829067651926,gao_only
490,8.449999809265137,5.0273754006565206,-3.422624408608616,3.422624408608616,11.71435784240348,40.50443178538094,Gao,490,,,8.45,Gao_0490,274147d0bca93f698c7bbe368e79d8748d3a3157e38156b7a1fd80706786a99e,0200210bcf15d900163b083f37822f819e4cacf358747423834334ad050b737f,cf01f7985ee039a3456ec3f70ea0d5e09ab36b1b8f370d1847a0c9da28bdccc2,e0f5ca1578252e4cf16a165bc54fe1227743fcf01a63ea932054b9ee25030706,bacd1bc7fdd71acc5f0bac7d6bf7b2d8df07d7bdc9bb2bcc68eaf361ef850079,986,1035,866,1144,1.0782912900187545,gao_only
493,0.699999988079071,2.0322815781772725,1.3322815900982017,1.3322815900982017,1.774974235314592,190.3259446838317,Gao,493,,,0.7,Gao_0493,ccbb23796b570cbb263bab2b0414d43c86258ea155439cd9f5f6359f2f46d3c8,0200210bcf15d900163b083f37822f819e4cacf358747423834334ad050b737f,da43aacfd0b0dafb8213ea3767436122270318f77754330f200a50ee4482908a,cf72d9b8407557e1a56b8d6dcef5c473ea0923ea8d98b715b5aeb5389bf885a3,2ead352c7c40371b7b397cc9744a199efcbdc22d8bdb3438e69bf2aeee156acc,1033,954,211,1147,0.431941505073254,gao_only
510,7.239999771118164,3.8815958853995447,-3.35840388571862,3.35840388571862,11.27887665960992,46.38679546808796,Gao,510,,,7.24,Gao_0510,b5d5a579e55b39fde6c8c75f104a2d26dda63d24b8d56511d9a312cb1da6496f,79a9af327ea103eba28cd661ee4a5fbd1877d89cc8909ddb6038947c6ef598a9,d68526ae9cdf20660ee57771c767f534d6703f0092dc0ca34bffdb8efa08d4fa,bd1b548fecede6800d03fcd06a97f270b11826d16879f542480a17a1b6206e21,b6157dbba3a8f463a5faedbb17428ec6292a8405ac2d01e69cb9a55571ce3137,1020,870,841,1164,0.5477898883064023,gao_only
511,3.759999990463257,4.739615053233534,0.9796150627702768,0.9796150627702768,0.9596456712064136,26.053592161035667,Gao,511,,,3.76,Gao_0511,d0ff251b68f752179f5a6b17efe15e3f34f341d1386938df890033290eac821c,79a9af327ea103eba28cd661ee4a5fbd1877d89cc8909ddb6038947c6ef598a9,9821632b97e3456e0d72578169675d1bf172b022e32b24e352d02a8e94a77412,b69748606764dd7c48f9e52f4ede20915e9fd9392d0b636be822dcd4658fa4e1,626cb70f87a85154e11b8a29f5ea6de9b36271a066e96d3ed7b9e162e879fcef,695,827,444,1165,0.4993387521484092,gao_only
515,5.429999828338623,4.263199610285239,-1.1668002180533836,1.1668002180533836,1.3614227488494235,21.48803416095836,Gao,515,,,5.43,Gao_0515,2e8ab46fb5e6474ad16953895e5537bd6d8c70e984edb2fbf06810f9ca0bcaf5,79a9af327ea103eba28cd661ee4a5fbd1877d89cc8909ddb6038947c6ef598a9,cb7993b2c77577af905563cb3efd22a61d3676b1ae461ed11c579d2020b0064a,f017a1832035af63580099ddaa2e9f34c3dd4ceee5f36a8c948dfa71cbbb482a,076e286793f85df124e0932eaf2308aa5ff8d1b9ba43579bbba9c44c7ad0184e,968,1115,36,1169,0.667446310633012,gao_only
517,1.909999966621399,2.866172889671704,0.9561729230503048,0.9561729230503048,0.9142666587745638,50.06141045864414,Gao,517,,,1.91,Gao_0517,d75753d4f6be48bd3e3b5f712a75bdec3ecd0e390c73d3dbc6208c75acf0d469,79a9af327ea103eba28cd661ee4a5fbd1877d89cc8909ddb6038947c6ef598a9,9299d9cdd1eed0347a074805f8b76d05a3b9ec9c3e41d5bc5497d75ba794ecf0,8e8a8574d67bd5ee6396b5eca77bba44528fcbebc20ba17fa2cacfab2353da89,c3db63fe4965a9dfb207096b7f99a11f52d580009e09b76800abfaa1256031db,668,669,901,1171,0.4398558839110071,gao_only
523,0.3899999856948852,2.185205804239405,1.79520581854452,1.79520581854452,3.2227639309361,460.3092011262255,Gao,523,,,0.39,Gao_0523,14a93b9dbbf9ff4ce38a4e8d15be3234d9b0d9317f4c645c663bb650638e26b0,79a9af327ea103eba28cd661ee4a5fbd1877d89cc8909ddb6038947c6ef598a9,3eb6f8b61b36f90d7b0628fbbd81dbe6f59a168201d0804ff1a9273ac004eb42,32de52d88c7577fb2db3c76ce8ce4113c09861975828a768119d652f33bb368b,be382325e8795c6f8654e505518e9233fde40bb4f42572f80bb3ef9489cd8a74,279,261,879,1177,0.7098570212455163,gao_only
524,0.5299999713897705,1.670134740890843,1.1401347695010724,1.1401347695010724,1.2999072926252635,215.1197794428934,Gao,524,,,0.53,Gao_0524,69ff3b3ba0b53c430e74af1c6942dd5319ec254064440723fa27a4dc0e5dd195,79a9af327ea103eba28cd661ee4a5fbd1877d89cc8909ddb6038947c6ef598a9,18383e1a7d7bb0afe2f0d7011ae3742623b958ed0d7cbcf7fa6909e879fd0752,9d8f3fb80339803d4722485e5246b9c8126b930788696f27792c4b747fa89b97,4db3087c616a5f0655599b321113c6ccee70307cc7bd6560fe9e193ebdc6acba,115,734,342,1178,0.8245942515474591,gao_only
529,7.800000190734863,4.219232167347824,-3.58076802338704,3.58076802338704,12.821899637311128,45.90728122853653,Gao,529,,,7.8,Gao_0529,1dd23687e60bbaf055b3b4e77db17424df4410cd8931c6bd554fa3ed61dda416,79a9af327ea103eba28cd661ee4a5fbd1877d89cc8909ddb6038947c6ef598a9,e94d8861767abc728c29d9db750c6c90082baf3299e07df3b62207a956a2cf0c,6994fbebbece4f3b5caec89b6713488a41ae9ad4cc06bd3d8a9efe8dba21b111,557d1abb7da4653b5e3975b512f87047792ba2fc43472b70a3deed3a3157bd62,1101,510,385,1183,0.5914871089029708,gao_only
7,16.5,14.489352094064843,-2.010647905935155,2.010647905935155,4.042705001641424,12.185744884455485,in-house,7,FC(C=C(C1=C2SC=CC2=C(C3=CC(F)=C(CC(CCCC)CC)S3)C4=C1C=C(C5=CC=C(C6=C(C(C(C7=C(CC(CCCC)CC)SC(CC(CC)CCCC)=C78)=O)=C(C9=CC=CC9)S6)C8=O)S5)S4)S%10)=C%10CC(CC)CCCC,O=C(C(/C1=C(C#N)/C#N)=C\C2=C(CCCCCCCCCCC)C3=C(C(N(CCCCCCCC)C4=C5C6=NSN=C6C7=C4N(C8=C7SC9=C8SC(/C=C(C%10=O)/C(C%11=C%10C=C(C(Cl)=C%11)Cl)=C(C#N)\C#N)=C9CCCCCCCCCCC)CCCCCCCC)=C5S3)S2)C%12=C1C=C(Cl)C(Cl)=C%12,16.5,FC(C=C(C1=C2SC=CC2=C(C3=CC(F)=C(CC(CCCC)CC)S3)C4=C1C=C(C5=CC=C(C6=C(C(C(C7=C(CC(CCCC)CC)SC(CC(CC)CCCC)=C78)=O)=C(C9=CC=CC9)S6)C8=O)S5)S4)S%10)=C%10CC(CC)CCCC||O=C(C(/C1=C(C#N)/C#N)=C\C2=C(CCCCCCCCCCC)C3=C(C(N(CCCCCCCC)C4=C5C6=NSN=C6C7=C4N(C8=C7SC9=C8SC(/C=C(C%10=O)/C(C%11=C%10C=C(C(Cl)=C%11)Cl)=C(C#N)\C#N)=C9CCCCCCCCCCC)CCCCCCCC)=C5S3)S2)C%12=C1C=C(Cl)C(Cl)=C%12,61eee9608e36bdb1d3a96a3ad1baa39916f3a546e29d11481966a5a2d3d30f3c,106ec9326f6c2014124a3ccaa07a70df3e915cb48e0279a6f7708463db258b52,363e5e3ac4cbab00538d525a30d3fe7e6dc76a4e0fa015e7a131092f60d5ba21,4f4aec9775b2911f4ba59537d9005c14793400a32dc1e47e40c37326ae5cec06,809320f008d149ff690998785f5530a9f36844d88205e8a909a849b2208dc551,238,379,579,7,0.6477909656464871,inhouse_r2
10,16.3700008392334,13.56777283696845,-2.8022280022649486,2.8022280022649486,7.852481776677805,17.118068775836274,in-house,10,O=C1C2=C(CC(CC)CCCC)SC(CC(CC)CCCC)=C2C(C3=C(C4=CC=C(C5=CC(C(C6=CC(F)=C(CC(CC)CCCC)S6)=C(SC=C7)C7=C8C9=CC(F)=C(CC(CC)CCCC)S9)=C8S5)S4)SC(C%10=CC=CS%10)=C31)=O,CCCCC(CN1N=C2C3=C(C4=C(C5=C(N4CC(CCCC)CC)C6=C(C(CCCCCC)=C(S6)/C=C7C(C(C=C(F)C(F)=C8)=C8C\7=C(C#N)\C#N)=O)S5)C2=N1)N(CC(CCCC)CC)C9=C3SC%10=C9SC(/C=C%11C(C%12=C(C=C(F)C(F)=C%12)C\%11=C(C#N)/C#N)=O)=C%10CCCCCC)CC,16.37,O=C1C2=C(CC(CC)CCCC)SC(CC(CC)CCCC)=C2C(C3=C(C4=CC=C(C5=CC(C(C6=CC(F)=C(CC(CC)CCCC)S6)=C(SC=C7)C7=C8C9=CC(F)=C(CC(CC)CCCC)S9)=C8S5)S4)SC(C%10=CC=CS%10)=C31)=O||CCCCC(CN1N=C2C3=C(C4=C(C5=C(N4CC(CCCC)CC)C6=C(C(CCCCCC)=C(S6)/C=C7C(C(C=C(F)C(F)=C8)=C8C\7=C(C#N)\C#N)=O)S5)C2=N1)N(CC(CCCC)CC)C9=C3SC%10=C9SC(/C=C%11C(C%12=C(C=C(F)C(F)=C%12)C\%11=C(C#N)/C#N)=O)=C%10CCCCCC)CC,65482d735aa1f382b817dd8d95b1689b39b0b3c26138949c2680844f1b1f5ea0,72510025151e6e2a8dbf6a569a3de7a647a5c1c0fd51866fa40aee115ff60386,e402e4dd08dae0ac2cda41476ef14d0fefdfc3ca478fefdc1e0a09cd79ca131d,e4a7eb49f2cef95e537d0aa64325072adb41f2cc23305f645b4d61dc8df7bf6f,1a1c3dbff251758cf264a0a4fccb444df72a8f4b5ad83dbc1dfb3547140f8adc,1078,1055,112,10,0.6817317145209918,inhouse_r2
12,16.260000228881836,13.720719516867458,-2.539280712014378,2.539280712014378,6.447946534408246,15.616732326386924,in-house,12,O=C1C2=C(CC(CC)CCCC)SC(CC(CC)CCCC)=C2C(C3=C(C4=CC=C(C5=CC(C(C6=CC(F)=C(CC(CC)CCCC)S6)=C(SC=C7)C7=C8C9=CC(F)=C(CC(CC)CCCC)S9)=C8S5)S4)SC(C%10=CC=CS%10)=C31)=O,O=C(C1=CC=CC=C1C/2=C(C#N)\C#N)C2=C/C3=C(CCCCCCCCCCC)C(SC(C4=C5C6=C(C7=C(N6CC(CC)CCCC)C8=C(C(CCCCCCCCCCC)=C(S8)/C=C9C(C(C=CC=C%10)=C%10C\9=C(C#N)\C#N)=O)S7)C%11=NSN=C4%11)=C%12N5CC(CC)CCCC)=C%12S3,16.26,O=C1C2=C(CC(CC)CCCC)SC(CC(CC)CCCC)=C2C(C3=C(C4=CC=C(C5=CC(C(C6=CC(F)=C(CC(CC)CCCC)S6)=C(SC=C7)C7=C8C9=CC(F)=C(CC(CC)CCCC)S9)=C8S5)S4)SC(C%10=CC=CS%10)=C31)=O||O=C(C1=CC=CC=C1C/2=C(C#N)\C#N)C2=C/C3=C(CCCCCCCCCCC)C(SC(C4=C5C6=C(C7=C(N6CC(CC)CCCC)C8=C(C(CCCCCCCCCCC)=C(S8)/C=C9C(C(C=CC=C%10)=C%10C\9=C(C#N)\C#N)=O)S7)C%11=NSN=C4%11)=C%12N5CC(CC)CCCC)=C%12S3,65482d735aa1f382b817dd8d95b1689b39b0b3c26138949c2680844f1b1f5ea0,3bccd6c9cc22d1152938bdd23acfe9c3c778dc8316063d8fa195ae94d9f0e7a2,0cd8812aff63af954f6a4493ca62cd53ab6bb26d5417c7efe6f5e96bd9d2c034,14a55f0d286f3669b0972f12869095db753f1feec32a8edd68b7d1d423ee5b95,142bb7392c652fc719397f95fb5b008205ed3b2d8240fddbadb2fd1ea7f401d1,58,99,90,12,0.7426902684338336,inhouse_r2
13,16.170000076293945,13.56777283696845,-2.6022272393254955,2.6022272393254955,6.77158660508759,16.092932758488327,in-house,13,O=C1C2=C(CC(CC)CCCC)SC(CC(CC)CCCC)=C2C(C3=C(C4=CC=C(C5=CC(C(C6=CC(F)=C(CC(CC)CCCC)S6)=C(SC=C7)C7=C8C9=CC(F)=C(CC(CC)CCCC)S9)=C8S5)S4)SC(C%10=CC=CS%10)=C31)=O,CCC(CN1N=C2C3=C(C4=C(C5=C(N4CC(CCCC)CC)C(SC(/C=C6/C(C7=C(C6=O)C=C(C(F)=C7)F)=C(C#N)/C#N)=C8CCCCCC)=C8S5)C2=N1)N(CC(CCCC)CC)C9=C3SC%10=C9SC(/C=C%11C(C%12=C(C=C(F)C(F)=C%12)C\%11=C(C#N)\C#N)=O)=C%10CCCCCC)CCCC,16.17,O=C1C2=C(CC(CC)CCCC)SC(CC(CC)CCCC)=C2C(C3=C(C4=CC=C(C5=CC(C(C6=CC(F)=C(CC(CC)CCCC)S6)=C(SC=C7)C7=C8C9=CC(F)=C(CC(CC)CCCC)S9)=C8S5)S4)SC(C%10=CC=CS%10)=C31)=O||CCC(CN1N=C2C3=C(C4=C(C5=C(N4CC(CCCC)CC)C(SC(/C=C6/C(C7=C(C6=O)C=C(C(F)=C7)F)=C(C#N)/C#N)=C8CCCCCC)=C8S5)C2=N1)N(CC(CCCC)CC)C9=C3SC%10=C9SC(/C=C%11C(C%12=C(C=C(F)C(F)=C%12)C\%11=C(C#N)\C#N)=O)=C%10CCCCCC)CCCC,65482d735aa1f382b817dd8d95b1689b39b0b3c26138949c2680844f1b1f5ea0,72510025151e6e2a8dbf6a569a3de7a647a5c1c0fd51866fa40aee115ff60386,e402e4dd08dae0ac2cda41476ef14d0fefdfc3ca478fefdc1e0a09cd79ca131d,e4a7eb49f2cef95e537d0aa64325072adb41f2cc23305f645b4d61dc8df7bf6f,1a1c3dbff251758cf264a0a4fccb444df72a8f4b5ad83dbc1dfb3547140f8adc,1078,1055,112,10,0.6817317145209918,inhouse_r2
17,16.0,15.979233345182816,-0.0207666548171854,0.0207666548171854,0.0004312539522961,0.1297915926074089,in-house,17,O=C1C2=C(CC(CC)CCCC)SC(CC(CC)CCCC)=C2C(C3=C(C4=CC=C(C5=CC(C(C6=CC(F)=C(CC(CC)CCCC)S6)=C(SC=C7)C7=C8C9=CC(F)=C(CC(CC)CCCC)S9)=C8S5)S4)SC(C%10=CC=CS%10)=C31)=O,O=C(C1=C(C=C(F)C(F)=C1)C/2=C(C#N)\C#N)C2=C/C3=C(CCCCCCCCCCC)C(SC(C4=C5C6=C(C7=C(N6CC(CCCC)CCCCCC)C8=C(C(CCCCCCCCCCC)=C(S8)/C=C9C(C(C=C(F)C(F)=C%10)=C%10C\9=C(C#N)\C#N)=O)S7)C%11=NSN=C4%11)=C%12N5CC(CCCCCC)CCCC)=C%12S3,16.0,O=C1C2=C(CC(CC)CCCC)SC(CC(CC)CCCC)=C2C(C3=C(C4=CC=C(C5=CC(C(C6=CC(F)=C(CC(CC)CCCC)S6)=C(SC=C7)C7=C8C9=CC(F)=C(CC(CC)CCCC)S9)=C8S5)S4)SC(C%10=CC=CS%10)=C31)=O||O=C(C1=C(C=C(F)C(F)=C1)C/2=C(C#N)\C#N)C2=C/C3=C(CCCCCCCCCCC)C(SC(C4=C5C6=C(C7=C(N6CC(CCCC)CCCCCC)C8=C(C(CCCCCCCCCCC)=C(S8)/C=C9C(C(C=C(F)C(F)=C%10)=C%10C\9=C(C#N)\C#N)=O)S7)C%11=NSN=C4%11)=C%12N5CC(CCCCCC)CCCC)=C%12S3,65482d735aa1f382b817dd8d95b1689b39b0b3c26138949c2680844f1b1f5ea0,cce4daef3466912115114a47937759c5e11908ec4ef6f39cc24019bc556cf85b,6f3e01ab771911b69962d4803b4ce9059012d08e7e69727fc05279245c27a284,31cc87d11e77699854407788c3defb6a097e7c40e98eb177e3343cae76a8fc36,ecb6751eac88c0ef6741ac5561018a1fd8713a0763aba2ac55ab332547dcf135,503,252,1111,16,0.6847290894859549,inhouse_r2
19,15.649999618530272,13.56777283696845,-2.082226781561822,2.082226781561822,4.335668369853303,13.304963784768251,in-house,19,O=C1C2=C(CC(CC)CCCC)SC(CC(CC)CCCC)=C2C(C3=C(C4=CC=C(C5=CC(C(C6=CC(F)=C(CC(CC)CCCC)S6)=C(SC=C7)C7=C8C9=CC(F)=C(CC(CC)CCCC)S9)=C8S5)S4)SC(C%10=CC=CS%10)=C31)=O,CCCCC(CN1N=C2C3=C(C4=C(C5=C(N4CC(CCCC)CC)C6=C(C(CCCCCCCCCCC)=C(S6)/C=C7C(C(C=C(F)C(F)=C8)=C8C\7=C(C#N)\C#N)=O)S5)C2=N1)N(CC(CCCC)CC)C9=C3SC%10=C9SC(/C=C%11C(C%12=C(C=C(F)C(F)=C%12)C\%11=C(C#N)/C#N)=O)=C%10CCCCCCCCCCC)CC,15.65,O=C1C2=C(CC(CC)CCCC)SC(CC(CC)CCCC)=C2C(C3=C(C4=CC=C(C5=CC(C(C6=CC(F)=C(CC(CC)CCCC)S6)=C(SC=C7)C7=C8C9=CC(F)=C(CC(CC)CCCC)S9)=C8S5)S4)SC(C%10=CC=CS%10)=C31)=O||CCCCC(CN1N=C2C3=C(C4=C(C5=C(N4CC(CCCC)CC)C6=C(C(CCCCCCCCCCC)=C(S6)/C=C7C(C(C=C(F)C(F)=C8)=C8C\7=C(C#N)\C#N)=O)S5)C2=N1)N(CC(CCCC)CC)C9=C3SC%10=C9SC(/C=C%11C(C%12=C(C=C(F)C(F)=C%12)C\%11=C(C#N)/C#N)=O)=C%10CCCCCCCCCCC)CC,65482d735aa1f382b817dd8d95b1689b39b0b3c26138949c2680844f1b1f5ea0,72510025151e6e2a8dbf6a569a3de7a647a5c1c0fd51866fa40aee115ff60386,e402e4dd08dae0ac2cda41476ef14d0fefdfc3ca478fefdc1e0a09cd79ca131d,e4a7eb49f2cef95e537d0aa64325072adb41f2cc23305f645b4d61dc8df7bf6f,1a1c3dbff251758cf264a0a4fccb444df72a8f4b5ad83dbc1dfb3547140f8adc,1078,1055,112,10,0.6817317145209918,inhouse_r2
26,15.140000343322754,13.459027450863678,-1.680972892459076,1.680972892459076,2.8256698651822325,11.102859011495608,in-house,27,O=C1C2=C(CC(CC)CCCC)SC(CC(CC)CCCC)=C2C(C3=C(C4=CC=C(C5=CC(C(C6=CC(F)=C(CC(CC)CCCC)S6)=C(SC=C7)C7=C8C9=CC(F)=C(CC(CC)CCCC)S9)=C8S5)S4)SC(C%10=CC=CS%10)=C31)=O,CCC(CN1N=C2C3=C(C4=C(C5=C(N4CC(CCCC)CC)C(SC(/C=C6/C(C7=C(C6=O)C=C(C(F)=C7)F)=C(C#N)/C#N)=C8CCCCCC)=C8S5)C2=N1)N(CC(CCCC)CC)C9=C3SC(/C=C%10C(C(C=C(F)C(F)=C%11)=C%11C\%10=C(C#N)/C#N)=O)=C9CCCCCC)CCCC,15.14,O=C1C2=C(CC(CC)CCCC)SC(CC(CC)CCCC)=C2C(C3=C(C4=CC=C(C5=CC(C(C6=CC(F)=C(CC(CC)CCCC)S6)=C(SC=C7)C7=C8C9=CC(F)=C(CC(CC)CCCC)S9)=C8S5)S4)SC(C%10=CC=CS%10)=C31)=O||CCC(CN1N=C2C3=C(C4=C(C5=C(N4CC(CCCC)CC)C(SC(/C=C6/C(C7=C(C6=O)C=C(C(F)=C7)F)=C(C#N)/C#N)=C8CCCCCC)=C8S5)C2=N1)N(CC(CCCC)CC)C9=C3SC(/C=C%10C(C(C=C(F)C(F)=C%11)=C%11C\%10=C(C#N)/C#N)=O)=C9CCCCCC)CCCC,65482d735aa1f382b817dd8d95b1689b39b0b3c26138949c2680844f1b1f5ea0,6047dca06660dd5db11d716a06302d88c202b495c72f99dfcede81322f73fa55,bbdad9ed3d6d35b6fd068991d7b33baa9670360156f9ee17cedd332eb03c26a7,1106b69e5d6f0dcf29a588390df6964e234c531d0d4dbdf1fa34dba758ea1c43,70962d5dcbfcb290307ca627c37a7bd4b50499f930d2a8f0c0d8cad58b6d7ae1,888,84,509,22,0.6832348196097724,inhouse_r2
28,14.829999923706056,12.592836672716802,-2.237163250989255,2.237163250989255,5.004899411576812,15.08538949762976,in-house,29,O=C1C2=C(CC(CC)CCCC)SC(CC(CC)CCCC)=C2C(C3=C(C4=CC=C(C5=CC(C(C6=CC(F)=C(CC(CC)CCCC)S6)=C(SC=C7)C7=C8C9=CC(F)=C(CC(CC)CCCC)S9)=C8S5)S4)SC(C%10=CC=CS%10)=C31)=O,[F]C1=CC2=C(C(/C(C2=O)=C/C3=CC4=C(C5=C(N4C(CCCCCC)CCCC)C6=C(C(OCC(CCCC)CC)=C7C8=C(C9=C(N8CC(CCCCCC)CCCC)C=C(/C=C%10C(C%11=CC([F])=C(C=C%11C\%10=C(C#N)\C#N)[F])=O)S9)SC7=C6OCC(CCCC)CC)S5)S3)=C(C#N)\C#N)C=C1[F],14.83,O=C1C2=C(CC(CC)CCCC)SC(CC(CC)CCCC)=C2C(C3=C(C4=CC=C(C5=CC(C(C6=CC(F)=C(CC(CC)CCCC)S6)=C(SC=C7)C7=C8C9=CC(F)=C(CC(CC)CCCC)S9)=C8S5)S4)SC(C%10=CC=CS%10)=C31)=O||[F]C1=CC2=C(C(/C(C2=O)=C/C3=CC4=C(C5=C(N4C(CCCCCC)CCCC)C6=C(C(OCC(CCCC)CC)=C7C8=C(C9=C(N8CC(CCCCCC)CCCC)C=C(/C=C%10C(C%11=CC([F])=C(C=C%11C\%10=C(C#N)\C#N)[F])=O)S9)SC7=C6OCC(CCCC)CC)S5)S3)=C(C#N)\C#N)C=C1[F],65482d735aa1f382b817dd8d95b1689b39b0b3c26138949c2680844f1b1f5ea0,5014b53db4f4692e088c0e1ee6f58986ad745545c920be9a8d04826790dc7ccc,4ae07a6ec2ff7773342e483c59c2f3ba04dbf51b1aa3af2ba0df7a2871c21081,3cbc265a446dea9198a8771c775845e3c7a912b4d12f7766b4f46cba79cc06b7,e9c337ec75d4050a7929bbf258f6a0252fea681865d248a5883877a9c8be03a3,348,296,1087,24,0.7367286681869258,inhouse_r2
29,14.8100004196167,13.307464486301535,-1.5025359333151638,1.5025359333151638,2.25761423090327,10.145414522237072,in-house,30,O=C1C2=C(CC(CC)CCCC)SC(CC(CC)CCCC)=C2C(C3=C(C4=CC=C(C5=CC(C(C6=CC(F)=C(CC(CC)CCCC)S6)=C(SC=C7)C7=C8C9=CC(F)=C(CC(CC)CCCC)S9)=C8S5)S4)SC(C%10=CC=CS%10)=C31)=O,O=C1C2=C(C=C(C(Cl)=C2)Cl)C(/C1=C/C(SC3=C4N(CC(CCCCCC)CCCC)C5=C3C6=NSN=C6C7=C5N(CC(CCCCCC)CCCC)C8=C7SC9=C8N(CC(CCCC)CC)C%10=C9SC(/C=C%11/C(C(C=C(Cl)C(Cl)=C%12)=C%12C%11=O)=C(C#N)/C#N)=C%10)=C4CCCCCCCC)=C(C#N)/[N+]#[C-],14.81,O=C1C2=C(CC(CC)CCCC)SC(CC(CC)CCCC)=C2C(C3=C(C4=CC=C(C5=CC(C(C6=CC(F)=C(CC(CC)CCCC)S6)=C(SC=C7)C7=C8C9=CC(F)=C(CC(CC)CCCC)S9)=C8S5)S4)SC(C%10=CC=CS%10)=C31)=O||O=C1C2=C(C=C(C(Cl)=C2)Cl)C(/C1=C/C(SC3=C4N(CC(CCCCCC)CCCC)C5=C3C6=NSN=C6C7=C5N(CC(CCCCCC)CCCC)C8=C7SC9=C8N(CC(CCCC)CC)C%10=C9SC(/C=C%11/C(C(C=C(Cl)C(Cl)=C%12)=C%12C%11=O)=C(C#N)/C#N)=C%10)=C4CCCCCCCC)=C(C#N)/[N+]#[C-],65482d735aa1f382b817dd8d95b1689b39b0b3c26138949c2680844f1b1f5ea0,7430aeb7a3c2694eca9ac06ce0b8ecc25fb7d892fdb8e729713afb5e6b8a27c7,6a1a1a41b31f247e24e4fbe227394ccf2d3bb75b49606b124f9254f90ccf6caa,24a9ce0c67ce5fe4e775d37be6d197c6c9c048e78a8ac8e33ca2d8d6171b1dc5,253b7d6038fc25775d87f1f0e35ce76e1fecc482694066c0b24d1aff480bd1c3,483,179,152,25,0.7135578317841423,inhouse_r2
38,14.029999732971191,14.466882922861837,0.4368831898906435,0.4368831898906435,0.1908669216090241,3.1139215837898164,in-house,42,FC(C=C(C1=C2SC=CC2=C(C3=CC(F)=C(CC(CCCC)CC)S3)C4=C1C=C(C5=CC=C(C6=C(C(C(C7=C(CC(CCCC)CC)SC(CC(CC)CCCC)=C78)=O)=C(C9=CC=CC9)S6)C8=O)S5)S4)S%10)=C%10CC(CC)CCCC,O=C(C(C=C(C(Br)=C1)Br)=C1C/2=C(C#N)/C#N)C2=C/C3=C(CCCCCCCCCCC)C(SC(C4=C5C6=C(C7=C(N6CCCCCCCCCCCC)C8=C(C(CCCCCCCCCCC)=C(S8)/C=C9C(C%10=C(C=C(Br)C(Br)=C%10)C\9=C(C#N)/C#N)=O)S7)C%11=NSN=C%114)=C%12N5CCCCCCCCCCCC)=C%12S3,14.03,FC(C=C(C1=C2SC=CC2=C(C3=CC(F)=C(CC(CCCC)CC)S3)C4=C1C=C(C5=CC=C(C6=C(C(C(C7=C(CC(CCCC)CC)SC(CC(CC)CCCC)=C78)=O)=C(C9=CC=CC9)S6)C8=O)S5)S4)S%10)=C%10CC(CC)CCCC||O=C(C(C=C(C(Br)=C1)Br)=C1C/2=C(C#N)/C#N)C2=C/C3=C(CCCCCCCCCCC)C(SC(C4=C5C6=C(C7=C(N6CCCCCCCCCCCC)C8=C(C(CCCCCCCCCCC)=C(S8)/C=C9C(C%10=C(C=C(Br)C(Br)=C%10)C\9=C(C#N)/C#N)=O)S7)C%11=NSN=C%114)=C%12N5CCCCCCCCCCCC)=C%12S3,61eee9608e36bdb1d3a96a3ad1baa39916f3a546e29d11481966a5a2d3d30f3c,61e1083ae266a0c0d0562f5978ecf2ec4d01974439c1e3d455b138ce4d181741,dfddec171cf5b907634b3cfa86ae2f60a5ca0d06e64dba8008bb5a7dfb986dfd,1007fcb65d03ac3eeffadbcf7be9e35f5be3e82b10b7b415fcc3c39c62d68d0a,4a49993e99cf73bd0b6b87efb3bce026b4400c5ec011d9f500e4b2d22c88bd9b,1058,77,326,33,0.705728001364279,inhouse_r2
40,14.0,10.885757635135462,-3.1142423648645376,3.1142423648645376,9.698505507117067,22.244588320460984,in-house,45,O=C(C1=C(CCC(CCCC)CC)SC(CCC(CC)CCCC)=C1C2=O)C(C2=C(C3)C(C4)=CC=C4C5=CC6=C(C(C7=CC=C(CCC(CCCC)CC)S7)=C8C=CSC8=C6C9=CC=C(CCC(CCCC)CC)S9)S5)=C3C%10=CC=CS%10,CCCCCCC1=CC=C(C2(C3=CC=C(C=C3)CCCCCC)C4=C(C=C(C5=C4)C(C(C=C6)=CC=C6CCCCCC)(C7=C5SC(/C=C8/C(C9=C(C8=O)C=C(F)C=C9)=C(C#N)\C#N)=C7)C(C=C%10)=CC=C%10CCCCCC)C%11=C2C%12=C(C(SC(/C=C(C%13=O)/C(C%14=C%13C=C(F)C=C%14)=C(C#N)\C#N)=C%15)=C%15N%12CCCCCCCC)S%11)C=C1,14.0,O=C(C1=C(CCC(CCCC)CC)SC(CCC(CC)CCCC)=C1C2=O)C(C2=C(C3)C(C4)=CC=C4C5=CC6=C(C(C7=CC=C(CCC(CCCC)CC)S7)=C8C=CSC8=C6C9=CC=C(CCC(CCCC)CC)S9)S5)=C3C%10=CC=CS%10||CCCCCCC1=CC=C(C2(C3=CC=C(C=C3)CCCCCC)C4=C(C=C(C5=C4)C(C(C=C6)=CC=C6CCCCCC)(C7=C5SC(/C=C8/C(C9=C(C8=O)C=C(F)C=C9)=C(C#N)\C#N)=C7)C(C=C%10)=CC=C%10CCCCCC)C%11=C2C%12=C(C(SC(/C=C(C%13=O)/C(C%14=C%13C=C(F)C=C%14)=C(C#N)\C#N)=C%15)=C%15N%12CCCCCCCC)S%11)C=C1,6f31f3770fd225e382586e20513744e11a328b7cc74c758d48628417c600a02b,aae7c036f50c84dd7d6739aad596ce6f0f64ca992761de8f4abce3a6fded56cd,f7aa181157ebfcc1f03031618ea39465e66ae63b4925359728626dcbb42f5b72,f8d826ff0c6cab552c1ec35930770530439e1d1ec959d171d15c4b059021ac48,866e01139c26eef2b6ebe41398a1d8d67a278177545411bec20a506a46ea7796,1156,1160,608,35,0.5478379029661351,inhouse_r2
41,13.949999809265137,12.365249057807544,-1.5847507514575927,1.5847507514575927,2.511434944245405,11.360220595881678,in-house,46,O=C1C2=C(CC(CC)CCCC)SC(CC(CC)CCCC)=C2C(C3=C(C4=CC=C(C5=CC(C(C6=CC(F)=C(CC(CC)CCCC)S6)=C(SC=C7)C7=C8C9=CC(F)=C(CC(CC)CCCC)S9)=C8S5)S4)SC(C%10=CC=CS%10)=C31)=O,FC1=CC(C(/C2=C/C3=C(CCCCCCCC)C4=C(S3)C(C(C5=CC=C(CCCCCC)C=C5)(C6=CC=C(CCCCCC)C=C6)C(C7=C8C)=C9SC7=CC%10=C8SC%11=C%10[C@](C%12=CC=C(CCCCCC)C=C%12)(C%13=C%11SC%14=C%13SC(/C=C%15/C(C%16=C(C%15=O)C=C(F)C(F)=C%16)=C(C#N)\[N+]#[C-])=C%14CCCCCCCC)C)=C9S4)=C(C#N)/C#N)=C(C2=O)C=C1F,13.95,O=C1C2=C(CC(CC)CCCC)SC(CC(CC)CCCC)=C2C(C3=C(C4=CC=C(C5=CC(C(C6=CC(F)=C(CC(CC)CCCC)S6)=C(SC=C7)C7=C8C9=CC(F)=C(CC(CC)CCCC)S9)=C8S5)S4)SC(C%10=CC=CS%10)=C31)=O||FC1=CC(C(/C2=C/C3=C(CCCCCCCC)C4=C(S3)C(C(C5=CC=C(CCCCCC)C=C5)(C6=CC=C(CCCCCC)C=C6)C(C7=C8C)=C9SC7=CC%10=C8SC%11=C%10[C@](C%12=CC=C(CCCCCC)C=C%12)(C%13=C%11SC%14=C%13SC(/C=C%15/C(C%16=C(C%15=O)C=C(F)C(F)=C%16)=C(C#N)\[N+]#[C-])=C%14CCCCCCCC)C)=C9S4)=C(C#N)/C#N)=C(C2=O)C=C1F,65482d735aa1f382b817dd8d95b1689b39b0b3c26138949c2680844f1b1f5ea0,116596b3c0bf5392305dd7a9038cea9b7842a248ef0ff307a76793926dc41fde,b22cef58ec7cfac39705fe113999e5f0d7ccd8ddb0529e74aa7c5d95b01ae27e,ccadeab06fe0d22661c54cf46f26ab11bac8ab9ae86b5968982b866f28f40ae8,cbf0f12d5ec0c3cb2d107a991a82bf9dbbcd62a7c76f6730cd02747073721746,827,942,936,36,0.6934653829224814,inhouse_r2
43,13.899999618530272,12.846195513659184,-1.053804104871087,1.053804104871087,1.1105030914431535,7.581324703536303,in-house,48,O=C1C2=C(CC(CC)CCCC)SC(CC(CC)CCCC)=C2C(C3=C(C4=CC=C(C5=CC(C(C6=CC(F)=C(CC(CC)CCCC)S6)=C(SC=C7)C7=C8C9=CC(F)=C(CC(CC)CCCC)S9)=C8S5)S4)SC(C%10=CC=CS%10)=C31)=O,O=C(C(C=C(F)C(F)=C1)=C1C/2=C(C#N)\C#N)C2=C/C3=CC4=C(C5=C(S4)C(C6(C7=CC=C(CCCCCCCC)C=C7)C8=CC=C(CCCCCCCC)C=C8)=C(C9=CC%10=C(C%11=C(C%10(C%12=CC=C(C=C%12)CCCCCCCC)C%13=CC=C(C=C%13)CCCCCCCC)C(SC%14=C%15SC(/C=C%16C(C%17=CC(F)=C(C=C%17C\%16=C(C#N)\C#N)F)=O)=C%14)=C%15S%11)C=C96)S5)S3,13.9,O=C1C2=C(CC(CC)CCCC)SC(CC(CC)CCCC)=C2C(C3=C(C4=CC=C(C5=CC(C(C6=CC(F)=C(CC(CC)CCCC)S6)=C(SC=C7)C7=C8C9=CC(F)=C(CC(CC)CCCC)S9)=C8S5)S4)SC(C%10=CC=CS%10)=C31)=O||O=C(C(C=C(F)C(F)=C1)=C1C/2=C(C#N)\C#N)C2=C/C3=CC4=C(C5=C(S4)C(C6(C7=CC=C(CCCCCCCC)C=C7)C8=CC=C(CCCCCCCC)C=C8)=C(C9=CC%10=C(C%11=C(C%10(C%12=CC=C(C=C%12)CCCCCCCC)C%13=CC=C(C=C%13)CCCCCCCC)C(SC%14=C%15SC(/C=C%16C(C%17=CC(F)=C(C=C%17C\%16=C(C#N)\C#N)F)=O)=C%14)=C%15S%11)C=C96)S5)S3,65482d735aa1f382b817dd8d95b1689b39b0b3c26138949c2680844f1b1f5ea0,7aeedf63c12b736e34a0a615914b84cd46e154b936481a9e59697139a182b618,dcd6bec6e559f9fc7c6eaa246047ec416b5602494c64b681efb6ac8cd0b0dc37,809af065b9b31be8b05a13f1cdb84852f3b4c1378f3fd1e0657449717b9207bc,dc3744ff1429bf4e028ea25dbfc7e80b538a8444c0645728194ab115a7ec5775,1047,614,1019,38,0.5441888171295102,inhouse_r2
47,13.739999771118164,11.872335396190682,-1.8676643749274824,1.8676643749274824,3.488170217373264,13.59289960727191,in-house,52,FC(C=C(C1=C2SC=CC2=C(C3=CC(F)=C(CC(CCCC)CC)S3)C4=C1C=C(C5=CC=C(C6=C(C(C(C7=C(CC(CCCC)CC)SC(CC(CC)CCCC)=C78)=O)=C(C9=CC=CC9)S6)C8=O)S5)S4)S%10)=C%10CC(CC)CCCC,O=C(C/1=C\C2=CC3=C(S2)C(C4(C5=CC=C(CCCCCC)C=C5)C6=CC=C(CCCCCC)C=C6)=C(S3)C7=CC8=C(C=C74)C9=C(C%10=C(S9)C=C(/C=C%11C(C%12=CC=C(Cl)C=C%12C\%11=C(C#N)/C#N)=O)S%10)C8(C%13=CC=C(CCCCCC)C=C%13)C%14=CC=C(CCCCCC)C=C%14)C%15=CC=C(Cl)C=C%15C1=C(C#N)/C#N,13.74,FC(C=C(C1=C2SC=CC2=C(C3=CC(F)=C(CC(CCCC)CC)S3)C4=C1C=C(C5=CC=C(C6=C(C(C(C7=C(CC(CCCC)CC)SC(CC(CC)CCCC)=C78)=O)=C(C9=CC=CC9)S6)C8=O)S5)S4)S%10)=C%10CC(CC)CCCC||O=C(C/1=C\C2=CC3=C(S2)C(C4(C5=CC=C(CCCCCC)C=C5)C6=CC=C(CCCCCC)C=C6)=C(S3)C7=CC8=C(C=C74)C9=C(C%10=C(S9)C=C(/C=C%11C(C%12=CC=C(Cl)C=C%12C\%11=C(C#N)/C#N)=O)S%10)C8(C%13=CC=C(CCCCCC)C=C%13)C%14=CC=C(CCCCCC)C=C%14)C%15=CC=C(Cl)C=C%15C1=C(C#N)/C#N,61eee9608e36bdb1d3a96a3ad1baa39916f3a546e29d11481966a5a2d3d30f3c,13ae1148b228a4ab05940b3f9c909bea4a2b70c2f7a8fba669a2215eb652c86d,8a6cf037e25bf02d6f97b91086c707aebb65fc6ed83a350e1a8f1351e18cfdeb,a9799e7d8694f5732414039f9b8cfa5de9d77738da611ab5ae99fc5539e4b78a,2a86e7091557c77a36921eaedbdba49b79c296bdecd893889974d6b12b40cbcd,630,777,182,42,0.6377375859392695,inhouse_r2
56,13.5,12.719355054421,-0.7806449455790005,0.7806449455790005,0.6094065310580408,5.782555152437041,in-house,63,O=C1C2=C(CC(CC)CCCC)SC(CC(CC)CCCC)=C2C(C3=C(C4=CC=C(C5=CC(C(C6=CC(F)=C(CC(CC)CCCC)S6)=C(SC=C7)C7=C8C9=CC(F)=C(CC(CC)CCCC)S9)=C8S5)S4)SC(C%10=CC=CS%10)=C31)=O,O=C(C1=C(C=C(Cl)C(Cl)=C1)C/2=C(C#N)\C#N)C2=C/C3=CC4=C(C5=C(C(C6=CC=C(CCCCCC)C=C6)4C7=CC=C(CCCCCC)C=C7)C8=C(S5)C(CCCCCCCC)=C9C(C(C%10=CC=C(CCCCCC)C=C%10)(C%11=C%12SC(/C=C%13C(C%14=C(C=C(Cl)C(Cl)=C%14)C\%13=C(C#N)\C#N)=O)=C%11)C%15=CC=C(CCCCCC)C=C%15)=C%12SC9=C8[O]CCCCCCCC)S3,13.5,O=C1C2=C(CC(CC)CCCC)SC(CC(CC)CCCC)=C2C(C3=C(C4=CC=C(C5=CC(C(C6=CC(F)=C(CC(CC)CCCC)S6)=C(SC=C7)C7=C8C9=CC(F)=C(CC(CC)CCCC)S9)=C8S5)S4)SC(C%10=CC=CS%10)=C31)=O||O=C(C1=C(C=C(Cl)C(Cl)=C1)C/2=C(C#N)\C#N)C2=C/C3=CC4=C(C5=C(C(C6=CC=C(CCCCCC)C=C6)4C7=CC=C(CCCCCC)C=C7)C8=C(S5)C(CCCCCCCC)=C9C(C(C%10=CC=C(CCCCCC)C=C%10)(C%11=C%12SC(/C=C%13C(C%14=C(C=C(Cl)C(Cl)=C%14)C\%13=C(C#N)\C#N)=O)=C%11)C%15=CC=C(CCCCCC)C=C%15)=C%12SC9=C8[O]CCCCCCCC)S3,65482d735aa1f382b817dd8d95b1689b39b0b3c26138949c2680844f1b1f5ea0,12bf4cb7502de2c8a516d1f4d01976012ad922106db871c8ac821d2deed5ba6b,2811d7eb636e5d07e8c2918c7148e9abeafc370dec87205f8296c63a51c194b5,2cd685cf774e4cf265cd600499bbf6bbe4ec21a0b2c58deb64b8157a0a36b7a0,9f4698931a707388b397e5a0fbbd73932120ebdf5a80f01822763eaa46589459,172,213,727,51,0.5973772455973798,inhouse_r2
59,13.449999809265137,12.43226386532925,-1.017735943935886,1.017735943935886,1.035786451579069,7.566810099393538,in-house,66,O=C(C1=C(SC(CCCCCCCC)=C12)CCCCCCCC)C3=C(SC(C4=CC=C(C)S4)=C3C2=O)C(S5)=CC=C5C6=CC7C(C8=CC(F)=C(CCCCCCCC)C8)C9C(C=C(S9)C)C(C%10=CC(F)=C(S%10)CCCCCCCC)=C7S6,O=C(C1=CC(Cl)=C(C=C1C/2=C(C#N)\C#N)Cl)C2=C/C3=CC4=C(C(C5(C6=CC=C(C=C6)CCCCCC)C(C=C7)=CC=C7CCCCCC)=C(C8=CC9=C(C%10=C(C9(C%11=CC=C(C=C%11)CCCCCC)C%12=CC=C(C=C%12)CCCCCC)C%13=C(C=C(S%13)/C=C%14C(C%15=CC(Cl)=C(C=C%15C\%14=C(C#N)\C#N)Cl)=O)S%10)C=C85)S4)S3,13.45,O=C(C1=C(SC(CCCCCCCC)=C12)CCCCCCCC)C3=C(SC(C4=CC=C(C)S4)=C3C2=O)C(S5)=CC=C5C6=CC7C(C8=CC(F)=C(CCCCCCCC)C8)C9C(C=C(S9)C)C(C%10=CC(F)=C(S%10)CCCCCCCC)=C7S6||O=C(C1=CC(Cl)=C(C=C1C/2=C(C#N)\C#N)Cl)C2=C/C3=CC4=C(C(C5(C6=CC=C(C=C6)CCCCCC)C(C=C7)=CC=C7CCCCCC)=C(C8=CC9=C(C%10=C(C9(C%11=CC=C(C=C%11)CCCCCC)C%12=CC=C(C=C%12)CCCCCC)C%13=C(C=C(S%13)/C=C%14C(C%15=CC(Cl)=C(C=C%15C\%14=C(C#N)\C#N)Cl)=O)S%10)C=C85)S4)S3,e792d3c9cd416343b01f391920341dced2a7a213c67cb046f49990cbb2fa765d,dcf842694d53827077961931c0e460a45a792bc12c0b37ed12451efc871162d4,0424e3982a9dc0117816ed4e988053890ea3b26a2e350619e826155fcf34d5ec,ace101d50ecdd4057f78e911cd542e0b681923d4481c3b28cf57ff559e29bfcc,e36c798751db450508bf0bc60b442289f0bc438bcda8829f751e1e4caa13b9cd,16,790,1058,54,0.8105031929222846,inhouse_r2
62,13.399999618530272,11.231026460628698,-2.168973157901574,2.168973157901574,4.704444559697525,16.186367310803472,in-house,70,O=C(C1=C(CCC(CCCC)CC)SC(CCC(CC)CCCC)=C1C2=O)C(C2=C(C3)C(C4)=CC=C4C5=CC6=C(C(C7=CC=C(CCC(CCCC)CC)S7)=C8C=CSC8=C6C9=CC=C(CCC(CCCC)CC)S9)S5)=C3C%10=CC=CS%10,O=C(C(C=C(Cl)C(Cl)=C1)=C1C/2=C(C#N)/C#N)C2=C/C3=CC4=C(S3)C5=C(N4CC(CCCCCC)CCCC)C6=C(S5)C(C(C(C7=CC=C(C=C7)CCCCCC)6C8=CC=C(C=C8)CCCCCC)=C9)=CC%10=C9C%11=C(C(C%12=CC=C(CCCCCC)C=C%12)%10C%13=CC=C(CCCCCC)C=C%13)C(N%14CC(CCCCCC)CCCC)=C(S%11)C(S%15)=C%14C=C%15/C=C(C(C%16=C%17C=C(Cl)C(Cl)=C%16)=O)/C%17=C(C#N)/C#N,13.4,O=C(C1=C(CCC(CCCC)CC)SC(CCC(CC)CCCC)=C1C2=O)C(C2=C(C3)C(C4)=CC=C4C5=CC6=C(C(C7=CC=C(CCC(CCCC)CC)S7)=C8C=CSC8=C6C9=CC=C(CCC(CCCC)CC)S9)S5)=C3C%10=CC=CS%10||O=C(C(C=C(Cl)C(Cl)=C1)=C1C/2=C(C#N)/C#N)C2=C/C3=CC4=C(S3)C5=C(N4CC(CCCCCC)CCCC)C6=C(S5)C(C(C(C7=CC=C(C=C7)CCCCCC)6C8=CC=C(C=C8)CCCCCC)=C9)=CC%10=C9C%11=C(C(C%12=CC=C(CCCCCC)C=C%12)%10C%13=CC=C(CCCCCC)C=C%13)C(N%14CC(CCCCCC)CCCC)=C(S%11)C(S%15)=C%14C=C%15/C=C(C(C%16=C%17C=C(Cl)C(Cl)=C%16)=O)/C%17=C(C#N)/C#N,6f31f3770fd225e382586e20513744e11a328b7cc74c758d48628417c600a02b,f5cc737066a29aa88dd00fba806ea1091478fd001abf93e7b112896e7411244a,38d1c00246eabed77ef1ac04a505d82acf9471991971e8379638071b19e029ca,7e6ca6e961f227cbef5460f7803571b0f9e9ab0c726fdb3113a4155d7813903d,392a14006c99013bff4dda6f59868dd6f8f0508f610742a9ca42a4ba17b4b2c3,252,602,250,57,0.5722654654353213,inhouse_r2
71,13.239999771118164,12.365249057807544,-0.87475071331062,0.87475071331062,0.7651888104374386,6.606878613539012,in-house,79,O=C1C2=C(CC(CC)CCCC)SC(CC(CC)CCCC)=C2C(C3=C(C4=CC=C(C5=CC(C(C6=CC(F)=C(CC(CC)CCCC)S6)=C(SC=C7)C7=C8C9=CC(F)=C(CC(CC)CCCC)S9)=C8S5)S4)SC(C%10=CC=CS%10)=C31)=O,FC1=CC(C(/C2=C/C3=C(CCCCCC)C4=C(S3)C(C(C5=CC=C(CCCCCC)C=C5)(C6=CC=C(CCCCCC)C=C6)C(C7=C8C)=C9SC7=CC%10=C8SC%11=C%10[C@](C%12=CC=C(CCCCCC)C=C%12)(C%13=C%11SC%14=C%13SC(/C=C%15/C(C%16=C(C%15=O)C=C(F)C(F)=C%16)=C(C#N)\[N+]#[C-])=C%14CCCCCC)C)=C9S4)=C(C#N)/C#N)=C(C2=O)C=C1F,13.24,O=C1C2=C(CC(CC)CCCC)SC(CC(CC)CCCC)=C2C(C3=C(C4=CC=C(C5=CC(C(C6=CC(F)=C(CC(CC)CCCC)S6)=C(SC=C7)C7=C8C9=CC(F)=C(CC(CC)CCCC)S9)=C8S5)S4)SC(C%10=CC=CS%10)=C31)=O||FC1=CC(C(/C2=C/C3=C(CCCCCC)C4=C(S3)C(C(C5=CC=C(CCCCCC)C=C5)(C6=CC=C(CCCCCC)C=C6)C(C7=C8C)=C9SC7=CC%10=C8SC%11=C%10[C@](C%12=CC=C(CCCCCC)C=C%12)(C%13=C%11SC%14=C%13SC(/C=C%15/C(C%16=C(C%15=O)C=C(F)C(F)=C%16)=C(C#N)\[N+]#[C-])=C%14CCCCCC)C)=C9S4)=C(C#N)/C#N)=C(C2=O)C=C1F,65482d735aa1f382b817dd8d95b1689b39b0b3c26138949c2680844f1b1f5ea0,116596b3c0bf5392305dd7a9038cea9b7842a248ef0ff307a76793926dc41fde,b22cef58ec7cfac39705fe113999e5f0d7ccd8ddb0529e74aa7c5d95b01ae27e,ccadeab06fe0d22661c54cf46f26ab11bac8ab9ae86b5968982b866f28f40ae8,cbf0f12d5ec0c3cb2d107a991a82bf9dbbcd62a7c76f6730cd02747073721746,827,942,936,36,0.6934653829224814,inhouse_r2
72,13.220000267028809,9.754868922847333,-3.465131344181476,3.465131344181476,12.00713523242892,26.21128044016495,in-house,80,FC1=C(C2=CC=C(C3=CC4=C(C(C(C=C5F)=CC(F)=C5CC(CCCC)CC)=C6C=C(OC6=C4C(C=C7F)=CC(F)=C7CC(CC)CCCC)C)O3)S2)C8=NN(CC(CCCCCCCC)CCCCCC)N=C8C(C9=CC=C(C)S9)=C1F,O=C(C/1=C\C2=C(C3=C(S2)C(N4C5=CC=C(CCCCCC)C=C5)=C(C6=C4C7=C(C8=NSN=C68)C(SC9=C%10SC(/C=C%11C(C%12=CC(F)=C(C=C%12C\%11=C(C#N)/C#N)F)=O)=C9CCCCCCCCCCC)=C%10N7C%13=CC=C(CCCCCC)C=C%13)S3)CCCCCCCCCCC)C%14=CC(F)=C(F)C=C%14C1=C(C#N)/C#N,13.22,FC1=C(C2=CC=C(C3=CC4=C(C(C(C=C5F)=CC(F)=C5CC(CCCC)CC)=C6C=C(OC6=C4C(C=C7F)=CC(F)=C7CC(CC)CCCC)C)O3)S2)C8=NN(CC(CCCCCCCC)CCCCCC)N=C8C(C9=CC=C(C)S9)=C1F||O=C(C/1=C\C2=C(C3=C(S2)C(N4C5=CC=C(CCCCCC)C=C5)=C(C6=C4C7=C(C8=NSN=C68)C(SC9=C%10SC(/C=C%11C(C%12=CC(F)=C(C=C%12C\%11=C(C#N)/C#N)F)=O)=C9CCCCCCCCCCC)=C%10N7C%13=CC=C(CCCCCC)C=C%13)S3)CCCCCCCCCCC)C%14=CC(F)=C(F)C=C%14C1=C(C#N)/C#N,0eba39b92d3306533f37e1089333de7bf54469696f9634a85ef7c679c887edab,3bc5e962960694d5a8c90d751d3f10c939059169c6882aed8bdcfb92d36d6776,9ab63027ad8001727279933ec0d54192e59dcc97ec91cfd101885041ac846d14,151f1cd5e4b1ca5e94f334c5e773a72fe7018b3c65f786cc680559043ed889a9,2969717bdbfd392c6b33fe35ff9ba66f50ff1a03a093d95264e7f37a47283cde,704,105,177,66,0.9507951098794676,inhouse_r2
73,13.199999809265137,11.74785351517177,-1.4521462940933674,1.4521462940933674,2.1087288594491005,11.001108447547852,in-house,81,[H]C(C=C1C(C2=C3SC(C4=C(F)C=C(C5=C(C(C6=C(SC(CCCCCCCC)=C6C7=O)CCCCCCCC)=O)C7=C(C8=CC(F)=CS8)S5)S4)=C2)=C9SC(C)=CC9=C3C%10=CC([H])=C(S%10)CCCCCCCC)=C(S1)CCCCCCCC,O=C1C(/C(C2=CC=CC=C21)=C(C#N)/C#N)=C/C3=CC(SC(C4=CC(C5(CCCCCCCC)CCCCCCCC)=C(C6=C5C7=C(C=C(/C=C8C(C9=CC=CC=C9C/8=C(C#N)/C#N)=O)S7)S6)C=C4%10)=C%11C%10(CCCCCCCC)CCCCCCCC)=C%11S3,13.2,[H]C(C=C1C(C2=C3SC(C4=C(F)C=C(C5=C(C(C6=C(SC(CCCCCCCC)=C6C7=O)CCCCCCCC)=O)C7=C(C8=CC(F)=CS8)S5)S4)=C2)=C9SC(C)=CC9=C3C%10=CC([H])=C(S%10)CCCCCCCC)=C(S1)CCCCCCCC||O=C1C(/C(C2=CC=CC=C21)=C(C#N)/C#N)=C/C3=CC(SC(C4=CC(C5(CCCCCCCC)CCCCCCCC)=C(C6=C5C7=C(C=C(/C=C8C(C9=CC=CC=C9C/8=C(C#N)/C#N)=O)S7)S6)C=C4%10)=C%11C%10(CCCCCCCC)CCCCCCCC)=C%11S3,207c5374cab9cab480ca09069403e45fa26ce90f96e97882a56aeac2c45d119c,15e629060f4bd1f16881c65603cd331ef5c9cf39120d5d0edf91eb3b1b6fe797,e5e22aaee613e8cce74d2088a8b63e0659a99b168073ae9721f0f494fcaa46ab,6f6641aa476b24ce08b16fdc700fd1a88e0b16d138231d46c02bd5ace04e95bc,7bf19c957f9f0a8f0230965aa3c87f9ec0ff4608555f1b1d261be436e970915b,1087,542,562,67,0.7514973743918901,inhouse_r2
74,13.199999809265137,12.305198471144877,-0.8948013381202617,0.8948013381202617,0.800669434701811,6.7787981140135845,in-house,82,CC(S1)=CC=C1C2=C3C(C(C4=C(SC(CC(CC)CCCC)=C4C3=O)CC(CCCC)CC)=O)=C(S2)C(S5)=CC=C5C6=CC7=C(C8=CC(Cl)=C(CCCCCBr)C8)C9=C(C=C(S9)C)C(C%10=CC(Cl)=C(CCCCCBr)C%10)=C7S6,O=C(C/1=C\C2=C(C3=C(S2)C(N4C5=CC=C(CCCCCC)C=C5)=C(C6=C4C7=C(C8=NSN=C68)C(SC9=C%10SC(/C=C%11C(C%12=CC(F)=C(C=C%12C\%11=C(C#N)/C#N)F)=O)=C9CCCCCCCCCCC)=C%10N7C%13=CC=C(CCCCCC)C=C%13)S3)CCCCCCCCCCC)C%14=CC(F)=C(F)C=C%14C1=C(C#N)/C#N,13.2,CC(S1)=CC=C1C2=C3C(C(C4=C(SC(CC(CC)CCCC)=C4C3=O)CC(CCCC)CC)=O)=C(S2)C(S5)=CC=C5C6=CC7=C(C8=CC(Cl)=C(CCCCCBr)C8)C9=C(C=C(S9)C)C(C%10=CC(Cl)=C(CCCCCBr)C%10)=C7S6||O=C(C/1=C\C2=C(C3=C(S2)C(N4C5=CC=C(CCCCCC)C=C5)=C(C6=C4C7=C(C8=NSN=C68)C(SC9=C%10SC(/C=C%11C(C%12=CC(F)=C(C=C%12C\%11=C(C#N)/C#N)F)=O)=C9CCCCCCCCCCC)=C%10N7C%13=CC=C(CCCCCC)C=C%13)S3)CCCCCCCCCCC)C%14=CC(F)=C(F)C=C%14C1=C(C#N)/C#N,42bfb5715ae351be46fadb245f5d3fc09b1862c6168b75686e973f5a35385044,3bc5e962960694d5a8c90d751d3f10c939059169c6882aed8bdcfb92d36d6776,503b3c87a1a5143e1ddaf70ff638331b03ccad257de21038feb8b7c84b450759,d9ffaac3966ff79d46fd8b5e52967379a2e773cc95c15980b3bf5b92501894fa,5dfff92921414be369efa60d53f88727ddea4cfb4aaad90bbf8386c59c776eb6,369,1008,423,68,0.8158202940459034,inhouse_r2
77,13.199999809265137,12.365249057807544,-0.8347507514575927,0.8347507514575927,0.6968088170590157,6.32386942060164,in-house,85,O=C1C2=C(CC(CC)CCCC)SC(CC(CC)CCCC)=C2C(C3=C(C4=CC=C(C5=CC(C(C6=CC(F)=C(CC(CC)CCCC)S6)=C(SC=C7)C7=C8C9=CC(F)=C(CC(CC)CCCC)S9)=C8S5)S4)SC(C%10=CC=CS%10)=C31)=O,FC1=CC(C(/C2=C/C3=C(CCCCCCCCCC)C4=C(S3)C(C(C5=CC=C(CCCCCC)C=C5)(C6=CC=C(CCCCCC)C=C6)C(C7=C8C)=C9SC7=CC%10=C8SC%11=C%10[C@](C%12=CC=C(CCCCCC)C=C%12)(C%13=C%11SC%14=C%13SC(/C=C%15/C(C%16=C(C%15=O)C=C(F)C(F)=C%16)=C(C#N)\[N+]#[C-])=C%14CCCCCCCCCC)C)=C9S4)=C(C#N)/C#N)=C(C2=O)C=C1F,13.2,O=C1C2=C(CC(CC)CCCC)SC(CC(CC)CCCC)=C2C(C3=C(C4=CC=C(C5=CC(C(C6=CC(F)=C(CC(CC)CCCC)S6)=C(SC=C7)C7=C8C9=CC(F)=C(CC(CC)CCCC)S9)=C8S5)S4)SC(C%10=CC=CS%10)=C31)=O||FC1=CC(C(/C2=C/C3=C(CCCCCCCCCC)C4=C(S3)C(C(C5=CC=C(CCCCCC)C=C5)(C6=CC=C(CCCCCC)C=C6)C(C7=C8C)=C9SC7=CC%10=C8SC%11=C%10[C@](C%12=CC=C(CCCCCC)C=C%12)(C%13=C%11SC%14=C%13SC(/C=C%15/C(C%16=C(C%15=O)C=C(F)C(F)=C%16)=C(C#N)\[N+]#[C-])=C%14CCCCCCCCCC)C)=C9S4)=C(C#N)/C#N)=C(C2=O)C=C1F,65482d735aa1f382b817dd8d95b1689b39b0b3c26138949c2680844f1b1f5ea0,116596b3c0bf5392305dd7a9038cea9b7842a248ef0ff307a76793926dc41fde,b22cef58ec7cfac39705fe113999e5f0d7ccd8ddb0529e74aa7c5d95b01ae27e,ccadeab06fe0d22661c54cf46f26ab11bac8ab9ae86b5968982b866f28f40ae8,cbf0f12d5ec0c3cb2d107a991a82bf9dbbcd62a7c76f6730cd02747073721746,827,942,936,36,0.6934653829224814,inhouse_r2
79,13.18000030517578,10.860067055957153,-2.319933249218627,2.319933249218627,5.382090280830096,17.601921058435714,in-house,88,O=C(C1=C(CCC(CCCC)CC)SC(CCC(CC)CCCC)=C1C2=O)C(C2=C(C3)C(C4)=CC=C4C5=CC6=C(C(C7=CC=C(CCC(CCCC)CC)S7)=C8C=CSC8=C6C9=CC=C(CCC(CCCC)CC)S9)S5)=C3C%10=CC=CS%10,O=C1C2=C(C)SC=C2C(/C1=C/C(S3)=CC4=C3C(S5)=C(C4(C6=CC=C(CCCCCC)C=C6)C7=CC=C(CCCCCC)C=C7)C(C5=C8C9=CC=C(CC(CCCC)CC)S9)=C(C%10=CC=C(CC(CCCC)CC)S%10)C%11=C8C(C%12(C%13=CC=C(CCCCCC)C=C%13)C%14=CC=C(CCCCCC)C=C%14)=C(S%11)C%15=C%12C=C(/C=C%16C(C%17=C(C)SC=C%17C\%16=C(C#N)\C#N)=O)S%15)=C(C#N)\C#N,13.18,O=C(C1=C(CCC(CCCC)CC)SC(CCC(CC)CCCC)=C1C2=O)C(C2=C(C3)C(C4)=CC=C4C5=CC6=C(C(C7=CC=C(CCC(CCCC)CC)S7)=C8C=CSC8=C6C9=CC=C(CCC(CCCC)CC)S9)S5)=C3C%10=CC=CS%10||O=C1C2=C(C)SC=C2C(/C1=C/C(S3)=CC4=C3C(S5)=C(C4(C6=CC=C(CCCCCC)C=C6)C7=CC=C(CCCCCC)C=C7)C(C5=C8C9=CC=C(CC(CCCC)CC)S9)=C(C%10=CC=C(CC(CCCC)CC)S%10)C%11=C8C(C%12(C%13=CC=C(CCCCCC)C=C%13)C%14=CC=C(CCCCCC)C=C%14)=C(S%11)C%15=C%12C=C(/C=C%16C(C%17=C(C)SC=C%17C\%16=C(C#N)\C#N)=O)S%15)=C(C#N)\C#N,6f31f3770fd225e382586e20513744e11a328b7cc74c758d48628417c600a02b,0277c9b68eca8fccb206e3036b0829f4d42fd858d55dd7c70dbccacb07ba592a,dab8515cd28fde6a96c617c31a5899ad7ed0319a2d10815845d137598cc41480,6ebea4e21d3ddd14fe6e878ff6d9fc825d248cab25914b43a1726d147efd4e59,5d7523c961ac25f3f2a98774a4f8734f5c7532d8cc652e1e459b3b758d430bd7,1037,537,421,72,0.5668326801179482,inhouse_r2
81,13.149999618530272,10.860067055957153,-2.289932562573119,2.289932562573119,5.243791141132692,17.413936342220644,in-house,91,O=C(C1=C(CCC(CCCC)CC)SC(CCC(CC)CCCC)=C1C2=O)C(C2=C(C3)C(C4)=CC=C4C5=CC6=C(C(C7=CC=C(CCC(CCCC)CC)S7)=C8C=CSC8=C6C9=CC=C(CCC(CCCC)CC)S9)S5)=C3C%10=CC=CS%10,O=C(C1=C(C)SC([H])=C1C/2=C(C#N)\C#N)C2=C/C3=CC(C(C4=CC=C(CCCCCC)C=C4)(C5=CC=C(CCCCCC)C=C5)C6=C7SC8=C6C(C9=CC=C(S9)CC(CCCC)CC)=C%10SC(C%11=C(C%12(C%13=CC=C(CCCCCC)C=C%13)C%14=CC=C(CCCCCC)C=C%14)C=C(/C=C%15C(C%16=C(SC([H])=C%16C\%15=C(C#N)\C#N)[CH3])=O)S%11)=C%12C%10=C8C%17=CC=C(CC(CC)CCCC)S%17)=C7S3,13.15,O=C(C1=C(CCC(CCCC)CC)SC(CCC(CC)CCCC)=C1C2=O)C(C2=C(C3)C(C4)=CC=C4C5=CC6=C(C(C7=CC=C(CCC(CCCC)CC)S7)=C8C=CSC8=C6C9=CC=C(CCC(CCCC)CC)S9)S5)=C3C%10=CC=CS%10||O=C(C1=C(C)SC([H])=C1C/2=C(C#N)\C#N)C2=C/C3=CC(C(C4=CC=C(CCCCCC)C=C4)(C5=CC=C(CCCCCC)C=C5)C6=C7SC8=C6C(C9=CC=C(S9)CC(CCCC)CC)=C%10SC(C%11=C(C%12(C%13=CC=C(CCCCCC)C=C%13)C%14=CC=C(CCCCCC)C=C%14)C=C(/C=C%15C(C%16=C(SC([H])=C%16C\%15=C(C#N)\C#N)[CH3])=O)S%11)=C%12C%10=C8C%17=CC=C(CC(CC)CCCC)S%17)=C7S3,6f31f3770fd225e382586e20513744e11a328b7cc74c758d48628417c600a02b,0277c9b68eca8fccb206e3036b0829f4d42fd858d55dd7c70dbccacb07ba592a,dab8515cd28fde6a96c617c31a5899ad7ed0319a2d10815845d137598cc41480,6ebea4e21d3ddd14fe6e878ff6d9fc825d248cab25914b43a1726d147efd4e59,5d7523c961ac25f3f2a98774a4f8734f5c7532d8cc652e1e459b3b758d430bd7,1037,537,421,72,0.5668326801179482,inhouse_r2
97,12.869999885559082,12.437444573581809,-0.4325553119772731,0.4325553119772731,0.1871040979197561,3.3609581649074167,in-house,108,FC(C=C(C1=C2SC=CC2=C(C3=CC(F)=C(CC(CCCC)CC)S3)C4=C1C=C(C5=CC=C(C6=C(C(C(C7=C(CC(CCCC)CC)SC(CC(CC)CCCC)=C78)=O)=C(C9=CC=CC9)S6)C8=O)S5)S4)S%10)=C%10CC(CC)CCCC,O=C(C1=CC(Cl)=C(C=C1C/2=C(C#N)\C#N)Cl)C2=C/C3=CC4=C(C(C5(C6=CC=C(C=C6)CCCCCC)C(C=C7)=CC=C7CCCCCC)=C(C8=CC9=C(C%10=C(C9(C%11=CC=C(C=C%11)CCCCCC)C%12=CC=C(C=C%12)CCCCCC)C%13=C(C=C(S%13)/C=C%14C(C%15=CC(Cl)=C(C=C%15C\%14=C(C#N)\C#N)Cl)=O)S%10)C=C85)S4)S3,12.87,FC(C=C(C1=C2SC=CC2=C(C3=CC(F)=C(CC(CCCC)CC)S3)C4=C1C=C(C5=CC=C(C6=C(C(C(C7=C(CC(CCCC)CC)SC(CC(CC)CCCC)=C78)=O)=C(C9=CC=CC9)S6)C8=O)S5)S4)S%10)=C%10CC(CC)CCCC||O=C(C1=CC(Cl)=C(C=C1C/2=C(C#N)\C#N)Cl)C2=C/C3=CC4=C(C(C5(C6=CC=C(C=C6)CCCCCC)C(C=C7)=CC=C7CCCCCC)=C(C8=CC9=C(C%10=C(C9(C%11=CC=C(C=C%11)CCCCCC)C%12=CC=C(C=C%12)CCCCCC)C%13=C(C=C(S%13)/C=C%14C(C%15=CC(Cl)=C(C=C%15C\%14=C(C#N)\C#N)Cl)=O)S%10)C=C85)S4)S3,61eee9608e36bdb1d3a96a3ad1baa39916f3a546e29d11481966a5a2d3d30f3c,dcf842694d53827077961931c0e460a45a792bc12c0b37ed12451efc871162d4,aa9e22ca7a204561fb6c9ef5f173a0823b6e5a6742d985f733f5461808d81b74,157f8269a245b3e25ba2c18b826eb36944c214d8b5ef60328ea54ef7d8a906be,af9af251c42ee997c316e71dad54895735ba3110671f148d44e366cd5bdcf310,791,107,802,89,0.6164790524932706,inhouse_r2
102,12.800000190734863,8.542153079911033,-4.25784711082383,4.25784711082383,18.12926201915084,33.26443005763254,in-house,113,FC1=C(C(OCC(CCCC)CC)=O)SC2=CSC(C3=CC4=C(C5=C(C(C6=CC=C(CC(CC)CCCC)S6)=C4S3)C=CS5)C7=CC=C(CC(CC)CCCC)S7)=C12,FC1=CC2=C(C(/C(C2=O)=C/C3=CC(OCC(CC)CCCC)=C(S3)C4=CC5=C(S4)C6=CC(C7(C8=CC=C(CCCCCC)C=C8)C9=CC=C(CCCCCC)C=C9)=C(C%10=C7C=C(S%10)C%11=C(OCC(CC)CCCC)C=C(S%11)/C=C(/C(C%12=C%13C=C(F)C(F)=C%12)=C(C#N)\C#N)C%13=O)C=C6C5(C%14=CC=C(CCCCCC)C=C%14)C%15=CC=C(CCCCCC)C=C%15)=C(C#N)/C#N)C=C1F,12.8,FC1=C(C(OCC(CCCC)CC)=O)SC2=CSC(C3=CC4=C(C5=C(C(C6=CC=C(CC(CC)CCCC)S6)=C4S3)C=CS5)C7=CC=C(CC(CC)CCCC)S7)=C12||FC1=CC2=C(C(/C(C2=O)=C/C3=CC(OCC(CC)CCCC)=C(S3)C4=CC5=C(S4)C6=CC(C7(C8=CC=C(CCCCCC)C=C8)C9=CC=C(CCCCCC)C=C9)=C(C%10=C7C=C(S%10)C%11=C(OCC(CC)CCCC)C=C(S%11)/C=C(/C(C%12=C%13C=C(F)C(F)=C%12)=C(C#N)\C#N)C%13=O)C=C6C5(C%14=CC=C(CCCCCC)C=C%14)C%15=CC=C(CCCCCC)C=C%15)=C(C#N)/C#N)C=C1F,2249a87c8fc0450476e55f070a85b71ffa6beb368356c28f1302bad8bac422cb,0a6189846e89cf828a3f20d50d9d712b7538b2d40776aced38f06bfa2a63caa3,ef2a3f1a57f973a4decc367338259a9f1c7a8e9b3698a6d541b94658513eb148,4b210cb77cd34f5fab88cccba999c877ae7d5c71a1d7c666ac12384dbcff512f,e0f78589b4d54979baeeca807f6bdd933cf7e233ad32b8a64ed9dfd7905fbe2c,1126,358,1044,94,0.6526273556112577,inhouse_r2
104,12.789999961853027,10.320422899605024,-2.4695770622480038,2.4695770622480038,6.098810866381479,19.308655743656537,in-house,115,O=C(C1=C(CCC(CCCC)CC)SC(CCC(CC)CCCC)=C1C2=O)C(C2=C(C3)C(C4)=CC=C4C5=CC6=C(C(C7=CC=C(CCC(CCCC)CC)S7)=C8C=CSC8=C6C9=CC=C(CCC(CCCC)CC)S9)S5)=C3C%10=CC=CS%10,O=C(C1=C(C/2=C(C#N)/C#N)C=C(F)C(F)=C1)C2=C/C3=CC=C(C4=C(OCCCCCC)C(C(C5=C6C=C7C(C(SC(C8=CC=C(/C=C9C(C(C=C(F)C(F)=C%10)=C%10C\9=C(C#N)\C#N)=O)S8)=C%11OCCCCCC)=C%11C7(C%12=CC=C(CCCCCC)C=C%12)C%13=CC=C(CCCCCC)C=C%13)=C5)(C%14=CC=C(CCCCCC)C=C%14)C%15=CC=C(CCCCCC)C=C%15)=C6S4)S3,12.79,O=C(C1=C(CCC(CCCC)CC)SC(CCC(CC)CCCC)=C1C2=O)C(C2=C(C3)C(C4)=CC=C4C5=CC6=C(C(C7=CC=C(CCC(CCCC)CC)S7)=C8C=CSC8=C6C9=CC=C(CCC(CCCC)CC)S9)S5)=C3C%10=CC=CS%10||O=C(C1=C(C/2=C(C#N)/C#N)C=C(F)C(F)=C1)C2=C/C3=CC=C(C4=C(OCCCCCC)C(C(C5=C6C=C7C(C(SC(C8=CC=C(/C=C9C(C(C=C(F)C(F)=C%10)=C%10C\9=C(C#N)\C#N)=O)S8)=C%11OCCCCCC)=C%11C7(C%12=CC=C(CCCCCC)C=C%12)C%13=CC=C(CCCCCC)C=C%13)=C5)(C%14=CC=C(CCCCCC)C=C%14)C%15=CC=C(CCCCCC)C=C%15)=C6S4)S3,6f31f3770fd225e382586e20513744e11a328b7cc74c758d48628417c600a02b,7fd7152960d461aad0cae81dada91b334edc13b9e13eddb9762ee0fed754b055,5ab55cb46b8f0ff467a7b39d3d468ce04f501ac8b46417a9cf6f45a75fb6ec8c,dde96b481487fb8ccb9f3ddcf54d87fd36fcba3367bce75a4d63aa07d011987c,79e42a8eb5e9574f8c288cd151d700a23a39711b44d680b97b0ebbd6adfc9762,410,1020,549,96,0.5232117543617727,inhouse_r2
105,12.75,12.704737446095685,-0.0452625539043154,0.0452625539043154,0.002048698785941,0.3550004227789446,in-house,116,CC(S1)=CC=C1C2=C3C(C(C4=C(SC(CC(CC)CCCC)=C4C3=O)CC(CCCC)CC)=O)=C(S2)C(S5)=CC=C5C6=CC7=C(C8=CC(Cl)=C(CCCCCOC)C8)C9=C(C=C(S9)C)C(C%10=CC(Cl)=C(CCCCCOC)C%10)=C7S6,O=C(C/1=C\C2=C(C3=C(S2)C(N4C5=CC=C(CCCCCC)C=C5)=C(C6=C4C7=C(C8=NSN=C68)C(SC9=C%10SC(/C=C%11C(C%12=CC(F)=C(C=C%12C\%11=C(C#N)/C#N)F)=O)=C9CCCCCCCCCCC)=C%10N7C%13=CC=C(CCCCCC)C=C%13)S3)CCCCCCCCCCC)C%14=CC(F)=C(F)C=C%14C1=C(C#N)/C#N,12.75,CC(S1)=CC=C1C2=C3C(C(C4=C(SC(CC(CC)CCCC)=C4C3=O)CC(CCCC)CC)=O)=C(S2)C(S5)=CC=C5C6=CC7=C(C8=CC(Cl)=C(CCCCCOC)C8)C9=C(C=C(S9)C)C(C%10=CC(Cl)=C(CCCCCOC)C%10)=C7S6||O=C(C/1=C\C2=C(C3=C(S2)C(N4C5=CC=C(CCCCCC)C=C5)=C(C6=C4C7=C(C8=NSN=C68)C(SC9=C%10SC(/C=C%11C(C%12=CC(F)=C(C=C%12C\%11=C(C#N)/C#N)F)=O)=C9CCCCCCCCCCC)=C%10N7C%13=CC=C(CCCCCC)C=C%13)S3)CCCCCCCCCCC)C%14=CC(F)=C(F)C=C%14C1=C(C#N)/C#N,9a89199ea3ac1e740e66d410b07c5f3d22d5c5b4dbd5b0e90fabe971a52615b4,3bc5e962960694d5a8c90d751d3f10c939059169c6882aed8bdcfb92d36d6776,29106d22ce7c602efef1d9a26852e1cf3956dc9dcafc92ead0e1aa4b8da31500,22ac8ff49f28f9ee27c634c9e7568072a6982f50d9acc157c7d273707828c593,d34084bb0a84d0b018b569c220b05ed0a3c3cf80c408278e61c79583b6713117,179,168,961,97,0.8493427993716655,inhouse_r2
107,12.710000038146973,10.681116802857654,-2.028883235289319,2.028883235289319,4.116367182438054,15.962889293469395,in-house,118,O=C(C1=C(CC(CCCC)CC)SC(CC(CCCC)CC)=C12)C3=C(C4=CC=CS4)SC(C(S5)=CC=C5C6=CC7=C(C8=CC=C(CC(CCCC)CCCCCC)C=C8)C(SC=C9)=C9C(C%10=CC=C(CC(CCCCCC)CCCC)C=C%10)=C7S6)=C3C2=O,O=C1C(/C(C2=C1C=CC(F)=C2)=C(C#N)\C#N)=C\C3=CC=C(S3)C4=CC5=C(C(C=C6C(C7=CC=C(CCCCCC)C=C7)(C8=CC=C(CCCCCC)C=C8)C9=C(SC%10=C9SC(/C=C%11C(C%12=C(C=C(F)C=C%12)C\%11=C(C#N)/C#N)=O)=C%10)C6=C%13)=C%13C5(C%14=CC=C(C=C%14)CCCCCC)C%15=CC=C(CCCCCC)C=C%15)S4,12.71,O=C(C1=C(CC(CCCC)CC)SC(CC(CCCC)CC)=C12)C3=C(C4=CC=CS4)SC(C(S5)=CC=C5C6=CC7=C(C8=CC=C(CC(CCCC)CCCCCC)C=C8)C(SC=C9)=C9C(C%10=CC=C(CC(CCCCCC)CCCC)C=C%10)=C7S6)=C3C2=O||O=C1C(/C(C2=C1C=CC(F)=C2)=C(C#N)\C#N)=C\C3=CC=C(S3)C4=CC5=C(C(C=C6C(C7=CC=C(CCCCCC)C=C7)(C8=CC=C(CCCCCC)C=C8)C9=C(SC%10=C9SC(/C=C%11C(C%12=C(C=C(F)C=C%12)C\%11=C(C#N)/C#N)=O)=C%10)C6=C%13)=C%13C5(C%14=CC=C(C=C%14)CCCCCC)C%15=CC=C(CCCCCC)C=C%15)S4,826e531b71e4c0ef06b575364b50a339b3da70c19584a5cd5231c22bd6d85201,faac020d378eab76dec21c8d4b3954cb56230c3c8f5db33f405e1e903548dad1,9dccc0cbc324ce2d633461ad5806f09b2807c3da4572f80a8e20898059a47ee2,d3e0cf1cdc64642e86d357d7d80bffd044cc604eb838d9649287b1d3e21531ac,d4231dacc77eddbd3f8e4fd0082b93fb007d71f109d2abc299f3ef3c88a46575,721,977,965,99,0.6527507203020968,inhouse_r2
112,12.619999885559082,10.320422899605024,-2.299576985954058,2.299576985954058,5.28805431432955,18.221687851086568,in-house,123,O=C(C1=C(CCC(CCCC)CC)SC(CCC(CC)CCCC)=C1C2=O)C(C2=C(C3)C(C4)=CC=C4C5=CC6=C(C(C7=CC=C(CCC(CCCC)CC)S7)=C8C=CSC8=C6C9=CC=C(CCC(CCCC)CC)S9)S5)=C3C%10=CC=CS%10,O=C(C(C=C(C(F)=C1)F)=C1C/2=C(C#N)\C#N)C2=C/C(S3)=CC=C3C(SC4=C5C(C6=CC=C(CCCCCC)C=C6)(C7=CC=C(CCCCCC)C=C7)C(C4=C8)=CC9=C8C(C%10=CC=C(CCCCCC)C=C%10)(C%11=CC=C(CCCCCC)C=C%11)C%12=C9SC(C%13=CC=C(S%13)/C=C%14C(C(C=C(C(F)=C%15)F)=C%15C\%14=C(C#N)\C#N)=O)=C%12OCCCCCCCC)=C5OCCCCCCCC,12.62,O=C(C1=C(CCC(CCCC)CC)SC(CCC(CC)CCCC)=C1C2=O)C(C2=C(C3)C(C4)=CC=C4C5=CC6=C(C(C7=CC=C(CCC(CCCC)CC)S7)=C8C=CSC8=C6C9=CC=C(CCC(CCCC)CC)S9)S5)=C3C%10=CC=CS%10||O=C(C(C=C(C(F)=C1)F)=C1C/2=C(C#N)\C#N)C2=C/C(S3)=CC=C3C(SC4=C5C(C6=CC=C(CCCCCC)C=C6)(C7=CC=C(CCCCCC)C=C7)C(C4=C8)=CC9=C8C(C%10=CC=C(CCCCCC)C=C%10)(C%11=CC=C(CCCCCC)C=C%11)C%12=C9SC(C%13=CC=C(S%13)/C=C%14C(C(C=C(C(F)=C%15)F)=C%15C\%14=C(C#N)\C#N)=O)=C%12OCCCCCCCC)=C5OCCCCCCCC,6f31f3770fd225e382586e20513744e11a328b7cc74c758d48628417c600a02b,7fd7152960d461aad0cae81dada91b334edc13b9e13eddb9762ee0fed754b055,5ab55cb46b8f0ff467a7b39d3d468ce04f501ac8b46417a9cf6f45a75fb6ec8c,dde96b481487fb8ccb9f3ddcf54d87fd36fcba3367bce75a4d63aa07d011987c,79e42a8eb5e9574f8c288cd151d700a23a39711b44d680b97b0ebbd6adfc9762,410,1020,549,96,0.5232117543617727,inhouse_r2
117,12.529999732971191,12.365249057807544,-0.1647506751636474,0.1647506751636474,0.0271427849668776,1.3148497899016371,in-house,128,O=C1C2=C(CC(CC)CCCC)SC(CC(CC)CCCC)=C2C(C3=C(C4=CC=C(C5=CC(C(C6=CC(F)=C(CC(CC)CCCC)S6)=C(SC=C7)C7=C8C9=CC(F)=C(CC(CC)CCCC)S9)=C8S5)S4)SC(C%10=CC=CS%10)=C31)=O,FC1=CC(C(/C2=C/C3=C(CCCCCCCCCCCC)C4=C(S3)C(C(C5=CC=C(CCCCCC)C=C5)(C6=CC=C(CCCCCC)C=C6)C(C7=C8C)=C9SC7=CC%10=C8SC%11=C%10[C@](C%12=CC=C(CCCCCC)C=C%12)(C%13=C%11SC%14=C%13SC(/C=C%15/C(C%16=C(C%15=O)C=C(F)C(F)=C%16)=C(C#N)\[N+]#[C-])=C%14CCCCCCCCCCCC)C)=C9S4)=C(C#N)/C#N)=C(C2=O)C=C1F,12.53,O=C1C2=C(CC(CC)CCCC)SC(CC(CC)CCCC)=C2C(C3=C(C4=CC=C(C5=CC(C(C6=CC(F)=C(CC(CC)CCCC)S6)=C(SC=C7)C7=C8C9=CC(F)=C(CC(CC)CCCC)S9)=C8S5)S4)SC(C%10=CC=CS%10)=C31)=O||FC1=CC(C(/C2=C/C3=C(CCCCCCCCCCCC)C4=C(S3)C(C(C5=CC=C(CCCCCC)C=C5)(C6=CC=C(CCCCCC)C=C6)C(C7=C8C)=C9SC7=CC%10=C8SC%11=C%10[C@](C%12=CC=C(CCCCCC)C=C%12)(C%13=C%11SC%14=C%13SC(/C=C%15/C(C%16=C(C%15=O)C=C(F)C(F)=C%16)=C(C#N)\[N+]#[C-])=C%14CCCCCCCCCCCC)C)=C9S4)=C(C#N)/C#N)=C(C2=O)C=C1F,65482d735aa1f382b817dd8d95b1689b39b0b3c26138949c2680844f1b1f5ea0,116596b3c0bf5392305dd7a9038cea9b7842a248ef0ff307a76793926dc41fde,b22cef58ec7cfac39705fe113999e5f0d7ccd8ddb0529e74aa7c5d95b01ae27e,ccadeab06fe0d22661c54cf46f26ab11bac8ab9ae86b5968982b866f28f40ae8,cbf0f12d5ec0c3cb2d107a991a82bf9dbbcd62a7c76f6730cd02747073721746,827,942,936,36,0.6934653829224814,inhouse_r2
118,12.529999732971191,12.29147706173434,-0.2385226712368506,0.2385226712368506,0.0568930646939627,1.903612739984398,in-house,129,FC1=C(F)C=C(N=C(OCC(CCCCCC)CCCCCCCC)C=N2)C2=C1C3=CC=CS3,O=C(C1=C2C=C(F)C(F)=C1)C(/C2=C(C#N)\C#N)=C\C3=CC(SC4=C5C(C6=CC=CC(CCCCCC)=C6)(C7=CC(CCCCCC)=CC=C7)C8=C4C=C9C(C%10=CC=CC(CCCCCC)=C%10)(C%11=CC=CC(CCCCCC)=C%11)C%12=C(SC%13=C%12SC(/C=C(/C%14=C(C#N)\C#N)C(C%15=C%14C=C(F)C(F)=C%15)=O)=C%13)C9=C8)=C5S3,12.53,FC1=C(F)C=C(N=C(OCC(CCCCCC)CCCCCCCC)C=N2)C2=C1C3=CC=CS3||O=C(C1=C2C=C(F)C(F)=C1)C(/C2=C(C#N)\C#N)=C\C3=CC(SC4=C5C(C6=CC=CC(CCCCCC)=C6)(C7=CC(CCCCCC)=CC=C7)C8=C4C=C9C(C%10=CC=CC(CCCCCC)=C%10)(C%11=CC=CC(CCCCCC)=C%11)C%12=C(SC%13=C%12SC(/C=C(/C%14=C(C#N)\C#N)C(C%15=C%14C=C(F)C(F)=C%15)=O)=C%13)C9=C8)=C5S3,6d0ebf843ec88894476605165efae2bf8fd910afe87a5868bc4b56e85a61a93d,a40eb4a7ac36c39fcab1222b3f3382a58e3de952475368cbbe02d739721dde9c,1628c79ac017215f7c207440309635c92844a424d45536221801d2a641717ed4,96e7b37014183a2bfd5a50ae94b5603831495cd7d17130949b8b5135d9f8a922,9cf59d63b555e4b286a6b7677f359810e8e397bca3f218a556375b142bdd3da5,102,704,714,108,0.622905585073353,inhouse_r2
125,12.460000038146973,12.554986047272635,0.0949860091256624,0.0949860091256624,0.0090223419296204,0.762327518738825,in-house,136,CC(S1)=CC=C1C2=C3C(C(C4=C(SC(CC(CC)CCCC)=C4C3=O)CC(CCCC)CC)=O)=C(S2)C(S5)=CC=C5C6=CC7=C(C8=CC(Cl)=C(CCCCCC9=CC=C(CCCCCC)S9)C8)C%10=C(C=C(S%10)C)C(C%11=CC(Cl)=C(CCCCCC%12=CC=C(CCCCCC)S%12)C%11)=C7S6,O=C(C/1=C\C2=C(C3=C(S2)C(N4C5=CC=C(CCCCCC)C=C5)=C(C6=C4C7=C(C8=NSN=C68)C(SC9=C%10SC(/C=C%11C(C%12=CC(F)=C(C=C%12C\%11=C(C#N)/C#N)F)=O)=C9CCCCCCCCCCC)=C%10N7C%13=CC=C(CCCCCC)C=C%13)S3)CCCCCCCCCCC)C%14=CC(F)=C(F)C=C%14C1=C(C#N)/C#N,12.46,CC(S1)=CC=C1C2=C3C(C(C4=C(SC(CC(CC)CCCC)=C4C3=O)CC(CCCC)CC)=O)=C(S2)C(S5)=CC=C5C6=CC7=C(C8=CC(Cl)=C(CCCCCC9=CC=C(CCCCCC)S9)C8)C%10=C(C=C(S%10)C)C(C%11=CC(Cl)=C(CCCCCC%12=CC=C(CCCCCC)S%12)C%11)=C7S6||O=C(C/1=C\C2=C(C3=C(S2)C(N4C5=CC=C(CCCCCC)C=C5)=C(C6=C4C7=C(C8=NSN=C68)C(SC9=C%10SC(/C=C%11C(C%12=CC(F)=C(C=C%12C\%11=C(C#N)/C#N)F)=O)=C9CCCCCCCCCCC)=C%10N7C%13=CC=C(CCCCCC)C=C%13)S3)CCCCCCCCCCC)C%14=CC(F)=C(F)C=C%14C1=C(C#N)/C#N,d47d7da4f0d058cb918a767d5d9d3792664c601386ff36b57ceae709acbf75f2,3bc5e962960694d5a8c90d751d3f10c939059169c6882aed8bdcfb92d36d6776,bcbb7c992605339d1555871c39daa8c74f115844fbf2fe4738ff87f817cbaf7e,4de0b11b53ad5e9090e7d1cb77394e8499fe969542c472056fdaf8b447de098e,4fc3cc72ef0cdafcf540b84d85ea0036fa66a3f245a706c7aa8fcb801a396cfc,899,368,351,115,0.7801586629981233,inhouse_r2
138,12.25,11.18641710753488,-1.063582892465119,1.063582892465119,1.1312085691444689,8.682309326245868,in-house,150,FC(C=C(C1=C2SC=CC2=C(C3=CC(F)=C(CC(CCCC)CC)S3)C4=C1C=C(C5=CC=C(C6=C(C(C(C7=C(CC(CCCC)CC)SC(CC(CC)CCCC)=C78)=O)=C(C9=CC=CC9)S6)C8=O)S5)S4)S%10)=C%10CC(CC)CCCC,O=C1C(/C(C2=CC=C(Cl)C=C21)=C(C#N)/C#N)=C\C3=CC4=C(C5=C(S4)C(C(C(C6=CC=C(C=C6)CCCCCC)5C7=CC=C(CCCCCC)C=C7)=C8)=CC9=C8C%10=C(C(C%11=CC=C(CCCCCC)C=C%11)9C%12=CC=C(CCCCCC)C=C%12)C(S%13)=C(S%10)C=C%13/C=C%14/C(C%15=CSC=C%15C%14=O)=C(C#N)/C#N)S3,12.25,FC(C=C(C1=C2SC=CC2=C(C3=CC(F)=C(CC(CCCC)CC)S3)C4=C1C=C(C5=CC=C(C6=C(C(C(C7=C(CC(CCCC)CC)SC(CC(CC)CCCC)=C78)=O)=C(C9=CC=CC9)S6)C8=O)S5)S4)S%10)=C%10CC(CC)CCCC||O=C1C(/C(C2=CC=C(Cl)C=C21)=C(C#N)/C#N)=C\C3=CC4=C(C5=C(S4)C(C(C(C6=CC=C(C=C6)CCCCCC)5C7=CC=C(CCCCCC)C=C7)=C8)=CC9=C8C%10=C(C(C%11=CC=C(CCCCCC)C=C%11)9C%12=CC=C(CCCCCC)C=C%12)C(S%13)=C(S%10)C=C%13/C=C%14/C(C%15=CSC=C%15C%14=O)=C(C#N)/C#N)S3,61eee9608e36bdb1d3a96a3ad1baa39916f3a546e29d11481966a5a2d3d30f3c,746cb16499e6dcd5103611efd6953f1f791ce8811389cb264ff8747f1b9e48a2,4f2bb67c52ab0e620c1a26915f45d2915e87a67827103134062c470585833292,c2a164db5441b8986aaf65a9b7ab264ae6153ff6216b08a37bc4dc42d8ecb60f,0778c86e71133ab31cfc022ff279c267f872537e6c55e1d011e68eff848b908a,366,894,38,128,0.6070317279266688,inhouse_r2
139,12.239999771118164,8.85185429601386,-3.388145475104304,3.388145475104304,11.47952976046977,27.680927601804896,in-house,151,ClC1=C(C2=CC(C(C3=CC=C(C=C3)CC(CCCCCC)CCCC)=C4SC(C)=CC4=C5C6=CC=C(C=C6)CC(CCCC)CCCCCC)=C5S2)SC(C7=C8C(C(C9=C(SC(CC(CCCC)CC)=C9C8=O)CC(CCCC)CC)=O)=C(S7)C%10=CC(Cl)=C(C)S%10)=C1,O=C(C1=CSC=C1C/2=C(C#N)\C#N)C2=C/C3=CC(SC(C(C=C4C5(C6=CC=C(C=C6)CCCCCCCC)C7=CC=C(CCCCCCCC)C=C7)=C8C=C4C9=C5C%10=C(C=C(S%10)/C=C%11C(C%12=CSC=C%12C\%11=C(C#N)\C#N)=O)S9)=C%13C8(C%14=CC=C(C=C%14)CCCCCCCC)C%15=CC=C(CCCCCCCC)C=C%15)=C%13S3,12.24,ClC1=C(C2=CC(C(C3=CC=C(C=C3)CC(CCCCCC)CCCC)=C4SC(C)=CC4=C5C6=CC=C(C=C6)CC(CCCC)CCCCCC)=C5S2)SC(C7=C8C(C(C9=C(SC(CC(CCCC)CC)=C9C8=O)CC(CCCC)CC)=O)=C(S7)C%10=CC(Cl)=C(C)S%10)=C1||O=C(C1=CSC=C1C/2=C(C#N)\C#N)C2=C/C3=CC(SC(C(C=C4C5(C6=CC=C(C=C6)CCCCCCCC)C7=CC=C(CCCCCCCC)C=C7)=C8C=C4C9=C5C%10=C(C=C(S%10)/C=C%11C(C%12=CSC=C%12C\%11=C(C#N)\C#N)=O)S9)=C%13C8(C%14=CC=C(C=C%14)CCCCCCCC)C%15=CC=C(CCCCCCCC)C=C%15)=C%13S3,69943fc8755ccfbf537d0934713510e88d5ffcde083a6c1f9f7607b7f94d1700,a3406b5e4edefe3e2c4839b86eca3cc419dcab58dd63484cd2852f990ceb7789,cbd78848a01b1f6a48abb18d6a06d9c50af6c73c8e53c5faf446df964b6263b1,173c3b0887687bdbbe9f62d2725baf1aa164719b2017316bd3c4dc94e0a4d711,16adb3ae21a6f84c5716b1ef290d75a4d4b5f1389c63c1831e51bdd22a456a4f,971,116,99,129,0.5470750966620617,inhouse_r2
145,12.18000030517578,9.04531479826068,-3.1346855069150994,3.1346855069150994,9.826253227263576,25.73633356628935,in-house,159,O=C(C1=C(CCC(CCCC)CC)SC(CCC(CC)CCCC)=C1C2=O)C(C2=C(C3)C(C4)=CC=C4C5=CC6=C(C(C7=CC=C(CCC(CCCC)CC)S7)=C8C=CSC8=C6C9=CC=C(CCC(CCCC)CC)S9)S5)=C3C%10=CC=CS%10,c12cc3c(cc1C(c1c2sc2c1sc(c2)/C=C\1/C(=C(C#N)C#N)c2c(C1=O)cccc2)(c1ccc(cc1)CCCCCC)c1ccc(cc1)CCCCCC)c1c(C3(c2ccc(cc2)CCCCCC)c2ccc(cc2)CCCCCC)c2c(s1)cc(s2)/C=C\1/C(=C(C#N)C#N)c2c(C1=O)cccc2,12.18,O=C(C1=C(CCC(CCCC)CC)SC(CCC(CC)CCCC)=C1C2=O)C(C2=C(C3)C(C4)=CC=C4C5=CC6=C(C(C7=CC=C(CCC(CCCC)CC)S7)=C8C=CSC8=C6C9=CC=C(CCC(CCCC)CC)S9)S5)=C3C%10=CC=CS%10||c12cc3c(cc1C(c1c2sc2c1sc(c2)/C=C\1/C(=C(C#N)C#N)c2c(C1=O)cccc2)(c1ccc(cc1)CCCCCC)c1ccc(cc1)CCCCCC)c1c(C3(c2ccc(cc2)CCCCCC)c2ccc(cc2)CCCCCC)c2c(s1)cc(s2)/C=C\1/C(=C(C#N)C#N)c2c(C1=O)cccc2,6f31f3770fd225e382586e20513744e11a328b7cc74c758d48628417c600a02b,202f8607af2cecb83e86b2e4305f8c7e2852bc709bb805b9055691d46a9081c5,6e59144dfa18bf9091c64669c7869c773ce28dd7a7e136091ecbbd3e45e5a0fe,23a4b1cc1f961ec4c5cd20bcaf48419d99f024c659bd5d67f2e9e55073273857,e8122ae1b698558b61b378eff95f7e8c5b8a522eb971600d57385b49810ab002,499,176,1079,135,0.4352170419597166,inhouse_r2
154,12.100000381469728,8.121593862476916,-3.978406518992813,3.978406518992813,15.827718430364513,32.87939168237923,in-house,170,FC(C(F)=C(C1=N2)C3=CC=C(S3)C4=CC5=C(C6=C(C(C7=CC(Cl)=C(S7)CC(CCCC)CC)=C5S4)C=C(C)S6)C8=CC(Cl)=C(S8)CC(CCCC)CC)=C(C9=CC=C(C)S9)C1=NN2CCC(CCCCCCCCCC)CCCCCCCC,c1(cc2c(cc1F)C(=O)/C(=C\c1cc3c(s1)c1c(s3)c3c(C1(c1ccc(cc1)CCCCCC)c1ccc(cc1)CCCCCC)cc1c(c3)C(c3c1sc1c3sc(c1)/C=C/1\C(=O)c3c(C1=C(C#N)C#N)cc(c(c3)F)F)(c1ccc(cc1)CCCCCC)c1ccc(cc1)CCCCCC)/C2=C(C#N)C#N)F,12.1,FC(C(F)=C(C1=N2)C3=CC=C(S3)C4=CC5=C(C6=C(C(C7=CC(Cl)=C(S7)CC(CCCC)CC)=C5S4)C=C(C)S6)C8=CC(Cl)=C(S8)CC(CCCC)CC)=C(C9=CC=C(C)S9)C1=NN2CCC(CCCCCCCCCC)CCCCCCCC||c1(cc2c(cc1F)C(=O)/C(=C\c1cc3c(s1)c1c(s3)c3c(C1(c1ccc(cc1)CCCCCC)c1ccc(cc1)CCCCCC)cc1c(c3)C(c3c1sc1c3sc(c1)/C=C/1\C(=O)c3c(C1=C(C#N)C#N)cc(c(c3)F)F)(c1ccc(cc1)CCCCCC)c1ccc(cc1)CCCCCC)/C2=C(C#N)C#N)F,b24b4e9aa4a16946a0c7c88634b4e17dcd8edc4c5829fff92fa8d0153f9bda5f,69e17d1724b4236f68d0c6efb6ad16969f13f8980d301d0056747038b20f0c8d,28b55f5b9f85e9c457287eafcce22d5755dbbc6d3f6b8927bf44384b8f6fd36f,ecc17bfcc47bd3721f3f4df6b8e0ab02efd80bdc3d7e6cb188e9d92d7079ff63,21dbce05cc4c37297a77239175630beee17579749b12c60d59373610bafa1107,175,1095,138,144,1.3769098565842424,inhouse_r2
159,12.06999969482422,9.24983554311318,-2.8201641517110403,2.8201641517110403,7.953325842596051,23.36507227022023,in-house,175,O=C(C1=C(CCC(CCCC)CC)SC(CCC(CC)CCCC)=C1C2=O)C(C2=C(C3)C(C4)=CC=C4C5=CC6=C(C(C7=CC=C(CCC(CCCC)CC)S7)=C8C=CSC8=C6C9=CC=C(CCC(CCCC)CC)S9)S5)=C3C%10=CC=CS%10,O=C(C(C=CC=C1)=C1C/2=C(C#N)\C#N)C2=C/C3=CC4=C(C5=C(S4)C6=C(C(C7=CC=C(CCCCCC)C=C7)5C8=CC=C(CCCCCC)C=C8)C=C(C9=C(C(C%10=CC=C(C=C%10)CCCCCC)%11C%12=CC=C(C=C%12)CCCCCC)C(S%13)=C(S9)C=C%13/C=C(C%14=O)/C(C(C=C%15OC)=C%14C=C%15OC)=C(C#N)\C#N)C%11=C6)S3,12.07,O=C(C1=C(CCC(CCCC)CC)SC(CCC(CC)CCCC)=C1C2=O)C(C2=C(C3)C(C4)=CC=C4C5=CC6=C(C(C7=CC=C(CCC(CCCC)CC)S7)=C8C=CSC8=C6C9=CC=C(CCC(CCCC)CC)S9)S5)=C3C%10=CC=CS%10||O=C(C(C=CC=C1)=C1C/2=C(C#N)\C#N)C2=C/C3=CC4=C(C5=C(S4)C6=C(C(C7=CC=C(CCCCCC)C=C7)5C8=CC=C(CCCCCC)C=C8)C=C(C9=C(C(C%10=CC=C(C=C%10)CCCCCC)%11C%12=CC=C(C=C%12)CCCCCC)C(S%13)=C(S9)C=C%13/C=C(C%14=O)/C(C(C=C%15OC)=C%14C=C%15OC)=C(C#N)\C#N)C%11=C6)S3,6f31f3770fd225e382586e20513744e11a328b7cc74c758d48628417c600a02b,8726e834581d20b8d3fed5716de664f1fa1c0e0dd81a7d6e4958ce75eba92d80,803b9635ee93c831861d67f50cd50931a07e98713d44f4471fc6b3c7afaf63c3,9fd80e66667d909536d05c8fafbb85c7406da2272ac0ac4760c66b4daa5e7f3d,00f6699231feeb50d70bfc979e442a7fd8336e33e940f969e0d97eb40a19b3cb,586,748,4,149,0.5656214471582469,inhouse_r2
167,12.020000457763672,11.842122993846932,-0.1778774639167402,0.1778774639167402,0.0316403921694512,1.4798457332990351,in-house,183,CC1=C(F)C=C(S1)C2=C3C=C(SC3=C(C4=C2SC(C5=CC=C(S5)C6=C(C(F)=C(C(N=C7C8=CC=CC(OCCCCCCCC)=C8)=C6N=C7C9=CC=CC(OCCCCCCCC)=C9)C%10=CC=C(C)S%10)F)=C4)C%11=CC(F)=C(S%11)C)C,O=C(C/1=C\C2=C(C3=C(S2)C(N4C5=CC=C(CCCCCC)C=C5)=C(C6=C4C7=C(C8=NSN=C68)C(SC9=C%10SC(/C=C%11C(C%12=CC(F)=C(C=C%12C\%11=C(C#N)/C#N)F)=O)=C9CCCCCCCCCCC)=C%10N7C%13=CC=C(CCCCCC)C=C%13)S3)CCCCCCCCCCC)C%14=CC(F)=C(F)C=C%14C1=C(C#N)/C#N,12.02,CC1=C(F)C=C(S1)C2=C3C=C(SC3=C(C4=C2SC(C5=CC=C(S5)C6=C(C(F)=C(C(N=C7C8=CC=CC(OCCCCCCCC)=C8)=C6N=C7C9=CC=CC(OCCCCCCCC)=C9)C%10=CC=C(C)S%10)F)=C4)C%11=CC(F)=C(S%11)C)C||O=C(C/1=C\C2=C(C3=C(S2)C(N4C5=CC=C(CCCCCC)C=C5)=C(C6=C4C7=C(C8=NSN=C68)C(SC9=C%10SC(/C=C%11C(C%12=CC(F)=C(C=C%12C\%11=C(C#N)/C#N)F)=O)=C9CCCCCCCCCCC)=C%10N7C%13=CC=C(CCCCCC)C=C%13)S3)CCCCCCCCCCC)C%14=CC(F)=C(F)C=C%14C1=C(C#N)/C#N,a34a1dafe7b3c6d66491950f892e8ca24375c2bb07400aa9ecf7dfe9f9e82581,3bc5e962960694d5a8c90d751d3f10c939059169c6882aed8bdcfb92d36d6776,07b706956c0b24bc701c0df612b9e5a5f8eefe39420be37d62e68d6300a8b4ac,ec0eea871d2660661668bf82f17af5e1cc2cda121243fedcd8a90854d2626d49,66816da5c61ecef624f63e6ed3afa5e807cea54a0a49c1b5bc253c6a715c28f3,30,1091,464,156,0.8103013317640839,inhouse_r2
169,11.920000076293944,10.830562761514496,-1.089437314779449,1.089437314779449,1.186873662833856,9.13957472992036,in-house,187,O=C(C1=C(CCC(CCCC)CC)SC(CCC(CC)CCCC)=C1C2=O)C(C2=C(C3)C(C4)=CC=C4C5=CC6=C(C(C7=CC=C(CCC(CCCC)CC)S7)=C8C=CSC8=C6C9=CC=C(CCC(CCCC)CC)S9)S5)=C3C%10=CC=CS%10,O=C(C1=C(C/2=C(C#N)\C#N)C=C(F)C(F)=C1)C2=C/C3=C(CCCCCC)C=C(C4=CC(C(C5=CC=C(C=C5)CCCCCC)(C(C=C6)=CC=C6CCCCCC)C(C7=C8)=C9SC7=CC%10=C8SC%11=C%10C(C%12=CC=C(C=C%12)CCCCCC)(C%13=CC=C(C=C%13)CCCCCC)C%14=C%11SC(C%15=CC(CCCCCC)=C(/C=C(C%16=O)/C(C%17=C%16C=C(F)C(F)=C%17)=C(C#N)/C#N)S%15)=C%14)=C9S4)S3,11.92,O=C(C1=C(CCC(CCCC)CC)SC(CCC(CC)CCCC)=C1C2=O)C(C2=C(C3)C(C4)=CC=C4C5=CC6=C(C(C7=CC=C(CCC(CCCC)CC)S7)=C8C=CSC8=C6C9=CC=C(CCC(CCCC)CC)S9)S5)=C3C%10=CC=CS%10||O=C(C1=C(C/2=C(C#N)\C#N)C=C(F)C(F)=C1)C2=C/C3=C(CCCCCC)C=C(C4=CC(C(C5=CC=C(C=C5)CCCCCC)(C(C=C6)=CC=C6CCCCCC)C(C7=C8)=C9SC7=CC%10=C8SC%11=C%10C(C%12=CC=C(C=C%12)CCCCCC)(C%13=CC=C(C=C%13)CCCCCC)C%14=C%11SC(C%15=CC(CCCCCC)=C(/C=C(C%16=O)/C(C%17=C%16C=C(F)C(F)=C%17)=C(C#N)/C#N)S%15)=C%14)=C9S4)S3,6f31f3770fd225e382586e20513744e11a328b7cc74c758d48628417c600a02b,f5b3744c5fc5bf6b858131c3a6a442a5c4726cbff036c95cf29761667c5fe9fd,99200ebcf23989042bdaa360d3a707533834c614428d40ccce3c76fc3c66bdb0,7db15bf476b75e1bfb3d251f43cb25e21fd49e4f6886c2771ae25a6d96bf2e4f,19fdd78abe0b20c69b27fcf7d1207412412982b6f13c623ebba261cbd865e6a2,700,600,111,158,0.5862235524628598,inhouse_r2
170,11.899999618530272,10.48783045476026,-1.4121691637700131,1.4121691637700131,1.994221747102898,11.866968143184067,in-house,189,O=C(C1=C(CCC(CCCC)CC)SC(CCC(CC)CCCC)=C1C2=O)C(C2=C(C3)C(C4)=CC=C4C5=CC6=C(C(C7=CC=C(CCC(CCCC)CC)S7)=C8C=CSC8=C6C9=CC=C(CCC(CCCC)CC)S9)S5)=C3C%10=CC=CS%10,CCCCCCC(C=C1)=CC=C1C2(C(C3=C(S4)C=C(S3)/C=C(C(C5=C6C=C(OC)C=C5)=O)\C6=C(C#N)\C#N)=C4C7=C2C=C(C8=C7)C9=C(C8(C%10=CC=C(C=C%10)CCCCCC)C%11=CC=C(C=C%11)CCCCCC)C%12=C(C=C(S%12)/C=C(/C(C%13=C%14C=CC(OC)=C%13)=C(C#N)\C#N)C%14=O)S9)C(C=C%15)=CC=C%15CCCCCC,11.9,O=C(C1=C(CCC(CCCC)CC)SC(CCC(CC)CCCC)=C1C2=O)C(C2=C(C3)C(C4)=CC=C4C5=CC6=C(C(C7=CC=C(CCC(CCCC)CC)S7)=C8C=CSC8=C6C9=CC=C(CCC(CCCC)CC)S9)S5)=C3C%10=CC=CS%10||CCCCCCC(C=C1)=CC=C1C2(C(C3=C(S4)C=C(S3)/C=C(C(C5=C6C=C(OC)C=C5)=O)\C6=C(C#N)\C#N)=C4C7=C2C=C(C8=C7)C9=C(C8(C%10=CC=C(C=C%10)CCCCCC)C%11=CC=C(C=C%11)CCCCCC)C%12=C(C=C(S%12)/C=C(/C(C%13=C%14C=CC(OC)=C%13)=C(C#N)\C#N)C%14=O)S9)C(C=C%15)=CC=C%15CCCCCC,6f31f3770fd225e382586e20513744e11a328b7cc74c758d48628417c600a02b,90b66b990952c976b5805cf32f37160a30a2cac3cf120fa1be31ef333c74460d,44fa7cda6ee1eaa553e8a0b31fe3c7267eecd5d18e6e3489e02b45f67d9ad0b5,cdbc4c184ea76d0de81b066cb2ff11190abb9246cd0383278267b118b0727658,11ffe63d57a74d6ecff01586c6e9c2e33ff6786a3c70ac3ce131699164d2e1d3,313,947,79,159,0.5515260422873898,inhouse_r2
178,11.75,11.145945190203072,-0.6040548097969278,0.6040548097969278,0.3648822132388026,5.140891998271726,in-house,198,FC(C=C(C1=C2SC=CC2=C(C3=CC(F)=C(CC(CCCC)CC)S3)C4=C1C=C(C5=CC=C(C6=C(C(C(C7=C(CC(CCCC)CC)SC(CC(CC)CCCC)=C78)=O)=C(C9=CC=CC9)S6)C8=O)S5)S4)S%10)=C%10CC(CC)CCCC,FC(C=C1C2=CC(C3(CC(CCCC)CC)CC(CCCC)CC)=C(S2)C(S4)=C3C=C4/C=C(C(C5=CC(Cl)=C(C=C56)Cl)=O)/C6=C(C#N)/C#N)=C(C=C1F)C7=CC8=C(C9=C(C8(CC(CCCC)CC)CC(CCCC)CC)C=C(/C=C%10C(C%11=CC(Cl)=C(C=C%11C\%10=C(C#N)\C#N)Cl)=O)S9)S7,11.75,FC(C=C(C1=C2SC=CC2=C(C3=CC(F)=C(CC(CCCC)CC)S3)C4=C1C=C(C5=CC=C(C6=C(C(C(C7=C(CC(CCCC)CC)SC(CC(CC)CCCC)=C78)=O)=C(C9=CC=CC9)S6)C8=O)S5)S4)S%10)=C%10CC(CC)CCCC||FC(C=C1C2=CC(C3(CC(CCCC)CC)CC(CCCC)CC)=C(S2)C(S4)=C3C=C4/C=C(C(C5=CC(Cl)=C(C=C56)Cl)=O)/C6=C(C#N)/C#N)=C(C=C1F)C7=CC8=C(C9=C(C8(CC(CCCC)CC)CC(CCCC)CC)C=C(/C=C%10C(C%11=CC(Cl)=C(C=C%11C\%10=C(C#N)\C#N)Cl)=O)S9)S7,61eee9608e36bdb1d3a96a3ad1baa39916f3a546e29d11481966a5a2d3d30f3c,a7c4b5541b8a9fcdc451b3fdf50c088a6f31721140ab77690d39d1dcc9517b61,3307ac0204404a81aae89f938831277a98741a1d776541315ce4974ffb9c9c1a,526ca4cc3e9418df3b04607a8e43401f0be72eb541ef580b6ff5a75d530d7452,850b48db2efdb9ea3deba3b8314dd60c27b94956c8d56609c1ea0c7ea64da114,229,393,604,167,0.6186013678141602,inhouse_r2
183,11.649999618530272,11.809855829371084,0.1598562108408128,0.1598562108408128,0.0255540081443823,1.3721563611602916,in-house,203,[F]C1=C(CC)SC(C2=C3C(C=C(C)C3)C(C4=CC([F])=C(S4)CC)=C5SC(C6=CC=C(S6)C7=C(C(C8=C(SC(CC)=C8C9=O)CC)=O)C9=C(C%10=CC=C(S%10)C)S7)=CC25)=C1,O=C1C2=C(C=C(Cl)C(Cl)=C2)C(/C1=C/C(S3)=CC4=C3C(S5)=C(C4(C6=CC=C(CCCCCC)C=C6)C7=CC=C(CCCCCC)C=C7)C8=C5C(C9=CC(Cl)=C(CC(CC)CCCC)S9)=C(C(C%10(C%11=CC=C(CCCCCC)C=C%11)C%12=CC=C(CCCCCC)C=C%12)=C(S%13)C%14=C%10C=C(/C=C(/C%15=C(C#N)\C#N)C(C%16=C%15C=C(Cl)C(Cl)=C%16)=O)S%14)C%13=C8C%17=CC(Cl)=C(CC(CC)CCCC)S%17)=C(C#N)/C#N,11.65,[F]C1=C(CC)SC(C2=C3C(C=C(C)C3)C(C4=CC([F])=C(S4)CC)=C5SC(C6=CC=C(S6)C7=C(C(C8=C(SC(CC)=C8C9=O)CC)=O)C9=C(C%10=CC=C(S%10)C)S7)=CC25)=C1||O=C1C2=C(C=C(Cl)C(Cl)=C2)C(/C1=C/C(S3)=CC4=C3C(S5)=C(C4(C6=CC=C(CCCCCC)C=C6)C7=CC=C(CCCCCC)C=C7)C8=C5C(C9=CC(Cl)=C(CC(CC)CCCC)S9)=C(C(C%10(C%11=CC=C(CCCCCC)C=C%11)C%12=CC=C(CCCCCC)C=C%12)=C(S%13)C%14=C%10C=C(/C=C(/C%15=C(C#N)\C#N)C(C%16=C%15C=C(Cl)C(Cl)=C%16)=O)S%14)C%13=C8C%17=CC(Cl)=C(CC(CC)CCCC)S%17)=C(C#N)/C#N,6213dd4049a47a1d3ddd86c99b799fe4ba312bdc695c607b0b6163384ca5ea00,d8a6b95bf314ba6272a65c11a6b0834c4fea41aded7f5542bc2a6528439455e7,6908c5f9115394d15b84185e9011b4d16ff7cf9cea76762282cea6a455223f61,07c9fe94def1a10242beec006df5425f1ab7f81c654e7e69a0796eb4539f1cd7,16f6053ddbace6dfa7d32ac10b2f0176b0c53d2368a6a743ad1cac13c4581954,474,37,102,172,0.6786997884180477,inhouse_r2
184,11.630000114440918,9.972664785857248,-1.6573353285836705,1.6573353285836705,2.7467603913715424,14.250518592220516,in-house,204,CC1=CC2=C(S1)C(C3=CC=C([Si](CCC)(CCC)CCC)S3)=C4C=C(C5=CC=C(C6=C(F)C(F)=C(C7=CC=C(S7)C)C8=NN(CC(CCCCCCCC)CCCCCC)N=C68)S5)SC4=C2C9=CC=C([Si](CCC)(CCC)CCC)S9,O=C(C1=CSC=C1C/2=C(C#N)\C#N)C2=C/C3=CC(SC(C(C=C4C5(C6=CC=C(C=C6)CCCCCCCC)C7=CC=C(CCCCCCCC)C=C7)=C8C=C4C9=C5C%10=C(C=C(S%10)/C=C%11C(C%12=CSC=C%12C\%11=C(C#N)\C#N)=O)S9)=C%13C8(C%14=CC=C(C=C%14)CCCCCCCC)C%15=CC=C(CCCCCCCC)C=C%15)=C%13S3,11.63,CC1=CC2=C(S1)C(C3=CC=C([Si](CCC)(CCC)CCC)S3)=C4C=C(C5=CC=C(C6=C(F)C(F)=C(C7=CC=C(S7)C)C8=NN(CC(CCCCCCCC)CCCCCC)N=C68)S5)SC4=C2C9=CC=C([Si](CCC)(CCC)CCC)S9||O=C(C1=CSC=C1C/2=C(C#N)\C#N)C2=C/C3=CC(SC(C(C=C4C5(C6=CC=C(C=C6)CCCCCCCC)C7=CC=C(CCCCCCCC)C=C7)=C8C=C4C9=C5C%10=C(C=C(S%10)/C=C%11C(C%12=CSC=C%12C\%11=C(C#N)\C#N)=O)S9)=C%13C8(C%14=CC=C(C=C%14)CCCCCCCC)C%15=CC=C(CCCCCCCC)C=C%15)=C%13S3,eaf1916a35a7483d8caf5815ff5e1ea653d31569a8b350b0b99530cf692c3bfb,a3406b5e4edefe3e2c4839b86eca3cc419dcab58dd63484cd2852f990ceb7789,767a639e3b6c958839cfa2abfecc2214fd6cf167bb6aee1e5795913fe9812a46,6b755cec1f87bb01e6690fbba2b9f996968ee4f7db67a99ccef945a074433207,d37705d8e37b2647f7d32bcad6597f493bd8d6b2e5f2628c3fc144a573ad6c15,535,522,962,173,0.5841447774947978,inhouse_r2
191,11.520000457763672,11.534558418953774,0.0145579611901016,0.0145579611901016,0.0002119342340125,0.1263711858647594,in-house,212,O=C(C1=C(CC(CCCC)CC)SC(CC(CCCC)CC)=C12)C3=C(C4=CC=CS4)SC(C(S5)=CC=C5C6=CC7=C(C8=CC=C(CC(CCCC)CCCCCC)C=C8)C(SC=C9)=C9C(C%10=CC=C(CC(CCCCCC)CCCC)C=C%10)=C7S6)=C3C2=O,O=C1C(/C(C2=C1C=CC(F)=C2)=C(C#N)/C#N)=C\C3=CC4=C(S3)C(C(C5=CC=C(CCCCCC)C=C5)(C6=CC7=C(C(C8=CC=C(CCCCCC)C=C8)(C9=C7SC%10=C9SC%11=C%10SC(/C=C%12C(C(C=C(F)C=C%13)=C%13C\%12=C(C#N)\C#N)=O)=C%11)C%14=CC=C(CCCCCC)C=C%14)C=C6%15)C%16=CC=C(CCCCCC)C=C%16)=C%15S4,11.52,O=C(C1=C(CC(CCCC)CC)SC(CC(CCCC)CC)=C12)C3=C(C4=CC=CS4)SC(C(S5)=CC=C5C6=CC7=C(C8=CC=C(CC(CCCC)CCCCCC)C=C8)C(SC=C9)=C9C(C%10=CC=C(CC(CCCCCC)CCCC)C=C%10)=C7S6)=C3C2=O||O=C1C(/C(C2=C1C=CC(F)=C2)=C(C#N)/C#N)=C\C3=CC4=C(S3)C(C(C5=CC=C(CCCCCC)C=C5)(C6=CC7=C(C(C8=CC=C(CCCCCC)C=C8)(C9=C7SC%10=C9SC%11=C%10SC(/C=C%12C(C(C=C(F)C=C%13)=C%13C\%12=C(C#N)\C#N)=O)=C%11)C%14=CC=C(CCCCCC)C=C%14)C=C6%15)C%16=CC=C(CCCCCC)C=C%16)=C%15S4,826e531b71e4c0ef06b575364b50a339b3da70c19584a5cd5231c22bd6d85201,4d4b770eb23020c06f35a5307dcfcdb22f36481f21efe4502c3a2834046a5e0c,180fd6428059fb86b05391f3126ffbe5e3e253cb402256ee0f550b31e0a94af2,1a89ca0eeaed234d3bbe21f1a74863697e64e7e76de3cb1462384825d83798c6,481beff25f31fffb3a783835f12f961db092fcb0f86b9f57b1d78dc226a62eb3,114,134,322,180,0.598103299364682,inhouse_r2
199,11.449999809265137,11.752603804711068,0.3026039954459314,0.3026039954459314,0.0915691780598412,2.6428296985740527,in-house,221,FC(C=C(C1=C2SC=CC2=C(C3=CC(F)=C(CC(CCCC)CC)S3)C4=C1C=C(C5=CC=C(C6=C(C(C(C7=C(CC(CCCC)CC)SC(CC(CC)CCCC)=C78)=O)=C(C9=CC=CC9)S6)C8=O)S5)S4)S%10)=C%10CC(CC)CCCC,O=C1C(/C(C2=CC(Cl)=C(Cl)C=C21)=C(C#N)/C#N)=C\C3=CC4=C(C5=C(S4)C(C(C(C6=CC=C(C=C6)CCCCCC)5C7=CC=C(CCCCCC)C=C7)=C8)=CC9=C8C%10=C(C(C%11=CC=C(CCCCCC)C=C%11)9C%12=CC=C(CCCCCC)C=C%12)C(S%13)=C(S%10)C=C%13/C=C%14/C(C%15=CSC=C%15C%14=O)=C(C#N)/C#N)S3,11.45,FC(C=C(C1=C2SC=CC2=C(C3=CC(F)=C(CC(CCCC)CC)S3)C4=C1C=C(C5=CC=C(C6=C(C(C(C7=C(CC(CCCC)CC)SC(CC(CC)CCCC)=C78)=O)=C(C9=CC=CC9)S6)C8=O)S5)S4)S%10)=C%10CC(CC)CCCC||O=C1C(/C(C2=CC(Cl)=C(Cl)C=C21)=C(C#N)/C#N)=C\C3=CC4=C(C5=C(S4)C(C(C(C6=CC=C(C=C6)CCCCCC)5C7=CC=C(CCCCCC)C=C7)=C8)=CC9=C8C%10=C(C(C%11=CC=C(CCCCCC)C=C%11)9C%12=CC=C(CCCCCC)C=C%12)C(S%13)=C(S%10)C=C%13/C=C%14/C(C%15=CSC=C%15C%14=O)=C(C#N)/C#N)S3,61eee9608e36bdb1d3a96a3ad1baa39916f3a546e29d11481966a5a2d3d30f3c,d401c50bb0adb3ddbcde1681793259cd392a5fb38250f372c367ea2394e26cd5,b890e833bfa1a299d0b7b423cc0ecd8057ee659ee12718c91461d0c378239940,fec8be625a5c944e38b9308a80a1d21726b3e2aa8179c38d45391ec7e57a4cfd,39b71f83cff3076965df17de24864ae8b9c282861af4065f04945ba094a0686a,869,1184,252,188,0.5792927731806065,inhouse_r2
200,11.43000030517578,12.093554761150097,0.6635544559743156,0.6635544559743156,0.4403045160433699,5.805375662797158,in-house,223,O=C1C2=C(CC(CC)CCCC)SC(CC(CC)CCCC)=C2C(C3=C(C4=CC=C(C5=CC(C(C6=CC(F)=C(CC(CC)CCCC)S6)=C(SC=C7)C7=C8C9=CC(F)=C(CC(CC)CCCC)S9)=C8S5)S4)SC(C%10=CC=CS%10)=C31)=O,CCCCCCC1=CC=CC=C1.FC2=CC(C(/C3=C/C4=C(CC)C5=C(S4)C(C(C6=CC=C(CCCCCC)C=C6)(C7=CC=C(CCCCCC)C=C7)C(C8=C9C)=C%10SC8=CC%11=C9SC%12=C%11[C@](C%13=CC=C(CCCCCC)C=C%13)(C%14=C%12SC%15=C%14SC(/C=C%16/C(C%17=C(C%16=O)C=C(F)C(F)=C%17)=C(C#N)\[N+]#[C-])=C%15CC)C)=C%10S5)=C(C#N)/C#N)=C(C3=O)C=C2F,11.43,O=C1C2=C(CC(CC)CCCC)SC(CC(CC)CCCC)=C2C(C3=C(C4=CC=C(C5=CC(C(C6=CC(F)=C(CC(CC)CCCC)S6)=C(SC=C7)C7=C8C9=CC(F)=C(CC(CC)CCCC)S9)=C8S5)S4)SC(C%10=CC=CS%10)=C31)=O||CCCCCCC1=CC=CC=C1.FC2=CC(C(/C3=C/C4=C(CC)C5=C(S4)C(C(C6=CC=C(CCCCCC)C=C6)(C7=CC=C(CCCCCC)C=C7)C(C8=C9C)=C%10SC8=CC%11=C9SC%12=C%11[C@](C%13=CC=C(CCCCCC)C=C%13)(C%14=C%12SC%15=C%14SC(/C=C%16/C(C%17=C(C%16=O)C=C(F)C(F)=C%17)=C(C#N)\[N+]#[C-])=C%15CC)C)=C%10S5)=C(C#N)/C#N)=C(C3=O)C=C2F,65482d735aa1f382b817dd8d95b1689b39b0b3c26138949c2680844f1b1f5ea0,36098c82c1229a3cfab4c26b1419d9ff3999b93ed0c6b67a1c28259e118b6ce0,8e2004241b1bad52a1bcb0863aab6af8e18373516e2e53e9a93ba01b1f2c0c36,cb7c0dd706dac91c3c4d7727a0b13e7cf16bf7e628eed5c0dc45e0257e0ba6f4,eed723fa531f6427aa9bb325b731d58d1cf20fbc545c66d881c2e668710bd87f,656,936,1120,189,0.6561875778904078,inhouse_r2
201,11.40999984741211,9.025965926670793,-2.3840339207413166,2.3840339207413166,5.683617735245214,20.894250242098263,in-house,224,CC1=CC2=C(S1)C(C3=CC=C([Si](CCC)(CCC)CCC)S3)=C4C=C(C5=CC=C(C6=C(F)C(F)=C(C7=CC=C(S7)C)C8=NN(CC(CCCCCCCC)CCCCCC)N=C68)S5)SC4=C2C9=CC=C([Si](CCC)(CCC)CCC)S9,c12cc3c(cc1C(c1c2sc2c1sc(c2)/C=C\1/C(=C(C#N)C#N)c2c(C1=O)cccc2)(c1ccc(cc1)CCCCCC)c1ccc(cc1)CCCCCC)c1c(C3(c2ccc(cc2)CCCCCC)c2ccc(cc2)CCCCCC)c2c(s1)cc(s2)/C=C\1/C(=C(C#N)C#N)c2c(C1=O)cccc2,11.41,CC1=CC2=C(S1)C(C3=CC=C([Si](CCC)(CCC)CCC)S3)=C4C=C(C5=CC=C(C6=C(F)C(F)=C(C7=CC=C(S7)C)C8=NN(CC(CCCCCCCC)CCCCCC)N=C68)S5)SC4=C2C9=CC=C([Si](CCC)(CCC)CCC)S9||c12cc3c(cc1C(c1c2sc2c1sc(c2)/C=C\1/C(=C(C#N)C#N)c2c(C1=O)cccc2)(c1ccc(cc1)CCCCCC)c1ccc(cc1)CCCCCC)c1c(C3(c2ccc(cc2)CCCCCC)c2ccc(cc2)CCCCCC)c2c(s1)cc(s2)/C=C\1/C(=C(C#N)C#N)c2c(C1=O)cccc2,eaf1916a35a7483d8caf5815ff5e1ea653d31569a8b350b0b99530cf692c3bfb,202f8607af2cecb83e86b2e4305f8c7e2852bc709bb805b9055691d46a9081c5,8cef40b055d4e0ec062aea51be137f1d18e05e0edef4b9f0e1bbf8bde1300ec0,ab38bfd9d36816b427af166cfaee06d96fded9df5f76149451109cb1f87b6b54,7b41f473e28aac3df3cd3e32b8d25d7ec8a2f48d5b7722612137a9f7a7fcc9d6,649,787,558,190,0.5245168555349462,inhouse_r2
203,11.399999618530272,11.748328813231817,0.3483291947015452,0.3483291947015452,0.121333227881427,3.055519354012514,in-house,226,O=C(C1=C(CCC(CCCC)CC)SC(CCC(CC)CCCC)=C1C2=O)C(C2=C(C3)C(C4)=CC=C4C5=CC6=C(C(C7=CC=C(CCC(CCCC)CC)S7)=C8C=CSC8=C6C9=CC=C(CCC(CCCC)CC)S9)S5)=C3C%10=CC=CS%10,CCCCCCC1=CC=C(C2(C3=CC=C(C=C3)CCCCCC)C4=C(C=C(C5=C4)C(C(C=C6)=CC=C6CCCCCC)(C7=C5SC8=C7SC(/C=C9C(C%10=C(C\9=C(C#N)/C#N)C=CC(F)=C%10)=O)=C8)C(C=C%11)=CC=C%11CCCCCC)C%12=C2C%13=C(C(SC(/C=C(C%14=O)/C(C%15=C%14C=C(F)C=C%15)=C(C#N)\C#N)=C%16)=C%16N%13CCCCCCCC)S%12)C=C1,11.4,O=C(C1=C(CCC(CCCC)CC)SC(CCC(CC)CCCC)=C1C2=O)C(C2=C(C3)C(C4)=CC=C4C5=CC6=C(C(C7=CC=C(CCC(CCCC)CC)S7)=C8C=CSC8=C6C9=CC=C(CCC(CCCC)CC)S9)S5)=C3C%10=CC=CS%10||CCCCCCC1=CC=C(C2(C3=CC=C(C=C3)CCCCCC)C4=C(C=C(C5=C4)C(C(C=C6)=CC=C6CCCCCC)(C7=C5SC8=C7SC(/C=C9C(C%10=C(C\9=C(C#N)/C#N)C=CC(F)=C%10)=O)=C8)C(C=C%11)=CC=C%11CCCCCC)C%12=C2C%13=C(C(SC(/C=C(C%14=O)/C(C%15=C%14C=C(F)C=C%15)=C(C#N)\C#N)=C%16)=C%16N%13CCCCCCCC)S%12)C=C1,6f31f3770fd225e382586e20513744e11a328b7cc74c758d48628417c600a02b,d6e935ff0ea864ea15b4a4980832bb8a2378121499d0f2ede0da96f20cee6772,2fba24e23d98d16805a6e11ad06923154b83f2aa2e6d4b4c21e25ec1279c1dca,10874ad090bd311583f80b412d4725c26291bb6ac6ba0eda09b4ca02dbbe59a5,da288162a8dbf79a8a2f91305da2e0b3da49aff370eb739b6e6fecb9b0d83274,213,81,1004,192,0.5357426069193397,inhouse_r2
204,11.399999618530272,12.926038052776072,1.5260384342458,1.5260384342458,2.328793302795373,13.386302502723613,in-house,227,O=C1C2=C(CC(CC)CCCC)SC(CC(CC)CCCC)=C2C(C3=C(C4=CC=C(C5=CC(C(C6=CC(F)=C(CC(CC)CCCC)S6)=C(SC=C7)C7=C8C9=CC(F)=C(CC(CC)CCCC)S9)=C8S5)S4)SC(C%10=CC=CS%10)=C31)=O,O=C(C1=C(C=C(Cl)C(Cl)=C1)C/2=C(C#N)\C#N)C2=C/C3=CC4=C(C5=C(C(C6=CC=C(CCCCCC)C=C6)4C7=CC=C(CCCCCC)C=C7)C8=C(S5)C(C9=CC=C(CCCCCC)C=C9)=C%10C(C(C%11=CC=C(CCCCCC)C=C%11)(C%12=C%13SC(/C=C%14C(C%15=C(C=C(Cl)C(Cl)=C%15)C\%14=C(C#N)\C#N)=O)=C%12)C%16=CC=C(CCCCCC)C=C%16)=C%13SC%10=C8C%17=CC=C(CCCCCC)C=C%17)S3,11.4,O=C1C2=C(CC(CC)CCCC)SC(CC(CC)CCCC)=C2C(C3=C(C4=CC=C(C5=CC(C(C6=CC(F)=C(CC(CC)CCCC)S6)=C(SC=C7)C7=C8C9=CC(F)=C(CC(CC)CCCC)S9)=C8S5)S4)SC(C%10=CC=CS%10)=C31)=O||O=C(C1=C(C=C(Cl)C(Cl)=C1)C/2=C(C#N)\C#N)C2=C/C3=CC4=C(C5=C(C(C6=CC=C(CCCCCC)C=C6)4C7=CC=C(CCCCCC)C=C7)C8=C(S5)C(C9=CC=C(CCCCCC)C=C9)=C%10C(C(C%11=CC=C(CCCCCC)C=C%11)(C%12=C%13SC(/C=C%14C(C%15=C(C=C(Cl)C(Cl)=C%15)C\%14=C(C#N)\C#N)=O)=C%12)C%16=CC=C(CCCCCC)C=C%16)=C%13SC%10=C8C%17=CC=C(CCCCCC)C=C%17)S3,65482d735aa1f382b817dd8d95b1689b39b0b3c26138949c2680844f1b1f5ea0,5b0e7bfc820ab116e1e8c33b33d190dc0e12297599c5266ea938bb7b208039d7,a234030cdcc9ff4bb712d65ba6e6f40e81b218bea414a39f584ce627bcb9b9b9,1e645f6b5c794ff90d81eb9275a1bf0db900b0d4c12167fcc5989e51227c5f96,a496a7bc7a88d353cb42befed24a7d34535753d574716d5255d8b660b525dfa6,753,150,756,193,0.517943171667134,inhouse_r2
205,11.399999618530272,9.491025929403778,-1.908973689126494,1.908973689126494,3.6441805457772167,16.745383798290035,in-house,228,O=C(C1=C(CCC(CCCC)CC)SC(CCC(CC)CCCC)=C1C2=O)C(C2=C(C3)C(C4)=CC=C4C5=CC6=C(C(C7=CC=C(CCC(CCCC)CC)S7)=C8C=CSC8=C6C9=CC=C(CCC(CCCC)CC)S9)S5)=C3C%10=CC=CS%10,O=C(C1=C(C/2=C(C#N)/C#N)C=CS1)C2=C/C3=CC(SC4=C5C(C6=CC=C(C=C6)CCCCCC)(C7=C4C=C8C(C(C=C9)=CC=C9CCCCCC)(C%10=C(C8=C7)SC%11=C%10SC(/C=C%12C(C%13=C(C\%12=C(C#N)/C#N)C=CS%13)=O)=C%11)C%14=CC=C(C=C%14)CCCCCC)C%15=CC=C(CCCCCC)C=C%15)=C5S3,11.4,O=C(C1=C(CCC(CCCC)CC)SC(CCC(CC)CCCC)=C1C2=O)C(C2=C(C3)C(C4)=CC=C4C5=CC6=C(C(C7=CC=C(CCC(CCCC)CC)S7)=C8C=CSC8=C6C9=CC=C(CCC(CCCC)CC)S9)S5)=C3C%10=CC=CS%10||O=C(C1=C(C/2=C(C#N)/C#N)C=CS1)C2=C/C3=CC(SC4=C5C(C6=CC=C(C=C6)CCCCCC)(C7=C4C=C8C(C(C=C9)=CC=C9CCCCCC)(C%10=C(C8=C7)SC%11=C%10SC(/C=C%12C(C%13=C(C\%12=C(C#N)/C#N)C=CS%13)=O)=C%11)C%14=CC=C(C=C%14)CCCCCC)C%15=CC=C(CCCCCC)C=C%15)=C5S3,6f31f3770fd225e382586e20513744e11a328b7cc74c758d48628417c600a02b,7d6d487d6182ffc91e3d540c6b4e194236c4a5c6de58c9f73b2fe82fecf56c74,61d2b074b0d28ffd7eb508531e6006e2bde9a3eb56503e3ad898c018e48258f9,dbda4f6bf9ee4417ba7ada56b6826ffa80334347fd13a24504474d75e8bccb8a,7394fb00c77b394d8c6b16576ba1347a87fccbc7e1d048119935d80fa9f86408,442,1014,527,194,0.5571402552044018,inhouse_r2
212,11.260000228881836,11.405334982541529,0.1453347536596929,0.1453347536596929,0.0211221906213236,1.290717146585043,in-house,238,O=C(C1=C(CCC(CCCC)CC)SC(CCC(CC)CCCC)=C1C2=O)C(C2=C(C3)C(C4)=CC=C4C5=CC6=C(C(C7=CC=C(CCC(CCCC)CC)S7)=C8C=CSC8=C6C9=CC=C(CCC(CCCC)CC)S9)S5)=C3C%10=CC=CS%10,c1(cc2c(cc1F)C(=O)/C(=C\c1cc3c(s1)c1c(s3)c3c(C1(c1ccc(cc1)CCCCCC)c1ccc(cc1)CCCCCC)cc1c(c3)C(c3c1sc1c3sc(c1)/C=C/1\C(=O)c3c(C1=C(C#N)C#N)cc(c(c3)F)F)(c1ccc(cc1)CCCCCC)c1ccc(cc1)CCCCCC)/C2=C(C#N)C#N)F,11.26,O=C(C1=C(CCC(CCCC)CC)SC(CCC(CC)CCCC)=C1C2=O)C(C2=C(C3)C(C4)=CC=C4C5=CC6=C(C(C7=CC=C(CCC(CCCC)CC)S7)=C8C=CSC8=C6C9=CC=C(CCC(CCCC)CC)S9)S5)=C3C%10=CC=CS%10||c1(cc2c(cc1F)C(=O)/C(=C\c1cc3c(s1)c1c(s3)c3c(C1(c1ccc(cc1)CCCCCC)c1ccc(cc1)CCCCCC)cc1c(c3)C(c3c1sc1c3sc(c1)/C=C/1\C(=O)c3c(C1=C(C#N)C#N)cc(c(c3)F)F)(c1ccc(cc1)CCCCCC)c1ccc(cc1)CCCCCC)/C2=C(C#N)C#N)F,6f31f3770fd225e382586e20513744e11a328b7cc74c758d48628417c600a02b,69e17d1724b4236f68d0c6efb6ad16969f13f8980d301d0056747038b20f0c8d,8332b22ad63e13f9b15c75f9f23319c3bcc64b52cea2954ad652267fde2e4b46,28637e448c04e46259c5b0ad9c4b6def7346f4a3b8d2b5a13a3d3759ec108315,04aadc213b7bc50b11a865ef0d356e8d79017db2726b499f18b3e4565b2bbc74,597,201,19,201,0.4956963817582335,inhouse_r2
215,11.220000267028809,10.72104773190942,-0.498952535119388,0.498952535119388,0.248953632302064,4.446992185781085,in-house,241,O=C(C1=C(CCC(CCCC)CC)SC(CCC(CC)CCCC)=C1C2=O)C(C2=C(C3)C(C4)=CC=C4C5=CC6=C(C(C7=CC=C(CCC(CCCC)CC)S7)=C8C=CSC8=C6C9=CC=C(CCC(CCCC)CC)S9)S5)=C3C%10=CC=CS%10,O=C(/C(S/1)=C/C2=C3SC(C(CCCCCCC)OO)=CC3=C(C4=CC(C5(CCCCCC)CCCCCC)=C(C(C5=C6)=CC7=C6C8=C(C=C(C9=C%10C=C(C(CCCCCCC)OO)SC%10=C(/C=C(C(N/%11CC)=O)\SC%11=C(C#N)\C#N)S9)S8)C7(CCCCCC)CCCCCC)S4)S2)N(C1=C(C#N)/C#N)CC,11.22,O=C(C1=C(CCC(CCCC)CC)SC(CCC(CC)CCCC)=C1C2=O)C(C2=C(C3)C(C4)=CC=C4C5=CC6=C(C(C7=CC=C(CCC(CCCC)CC)S7)=C8C=CSC8=C6C9=CC=C(CCC(CCCC)CC)S9)S5)=C3C%10=CC=CS%10||O=C(/C(S/1)=C/C2=C3SC(C(CCCCCCC)OO)=CC3=C(C4=CC(C5(CCCCCC)CCCCCC)=C(C(C5=C6)=CC7=C6C8=C(C=C(C9=C%10C=C(C(CCCCCCC)OO)SC%10=C(/C=C(C(N/%11CC)=O)\SC%11=C(C#N)\C#N)S9)S8)C7(CCCCCC)CCCCCC)S4)S2)N(C1=C(C#N)/C#N)CC,6f31f3770fd225e382586e20513744e11a328b7cc74c758d48628417c600a02b,c0d03c88c020abf58da6af76c9cb1e05bf4dab19d562eff4670db9bb99b16df8,909d396b4ce99cc4f122741807235fc7e33d730ad098a352f42564bbac1c87d6,ce74ad45c3ed46913609ffa12b103159479887845964af34d3ce2cfceced9267,a582321f52b8c01a2e7a0ffa3749b7c94d04ec4895c8021e97a7609479ca1302,664,950,762,204,0.7298669164482566,inhouse_r2
218,11.199999809265137,10.41350803752937,-0.7864917717357667,0.7864917717357667,0.6185693070080653,7.022248081514661,in-house,245,FC1=C(C(OCC(CCCC)CC)=O)SC2=CSC(C3=CC4=C(C5=C(C(C6=CC=C(CC(CC)CCCC)S6)=C4S3)C=CS5)C7=CC=C(CC(CC)CCCC)S7)=C12,FC1=CC(C2=O)=C(C=C1F)C(/C2=C/C3=CC4=C(C5=C(C6=C(C(SC7=C8C(C9=CC=C(CCCCCC)C=C9)(C%10=C7SC%11=C%10SC(C%12=C%13C%14=C(C=C(/C=C(/C(C(C=C%15F)=C%16C=C%15F)=C(C#N)\C#N)C%16=O)S%14)S%12)=C%11C%13(C%17=CC=C(CCCCCC)C=C%17)C%18=CC=C(CCCCCC)C=C%18)C%19=CC=C(CCCCCC)C=C%19)=C8S6)C(C%20=CC=C(CCCCCC)C=C%20)5C%21=CC=C(CCCCCC)C=C%21)S4)S3)=C(C#N)/C#N,11.2,FC1=C(C(OCC(CCCC)CC)=O)SC2=CSC(C3=CC4=C(C5=C(C(C6=CC=C(CC(CC)CCCC)S6)=C4S3)C=CS5)C7=CC=C(CC(CC)CCCC)S7)=C12||FC1=CC(C2=O)=C(C=C1F)C(/C2=C/C3=CC4=C(C5=C(C6=C(C(SC7=C8C(C9=CC=C(CCCCCC)C=C9)(C%10=C7SC%11=C%10SC(C%12=C%13C%14=C(C=C(/C=C(/C(C(C=C%15F)=C%16C=C%15F)=C(C#N)\C#N)C%16=O)S%14)S%12)=C%11C%13(C%17=CC=C(CCCCCC)C=C%17)C%18=CC=C(CCCCCC)C=C%18)C%19=CC=C(CCCCCC)C=C%19)=C8S6)C(C%20=CC=C(CCCCCC)C=C%20)5C%21=CC=C(CCCCCC)C=C%21)S4)S3)=C(C#N)/C#N,2249a87c8fc0450476e55f070a85b71ffa6beb368356c28f1302bad8bac422cb,ca0cc70b423e5aeb50406f41af9735b882456f21d047ea02e63562caa21215b0,84a2590ded2b8e27bf202f069e3631a236a03c2954fc130381e95ffed41fd26a,e82a37a941b81ab5b10553abd3cb42af1cb87fa4d7d74edb89032a6cffd14d95,dceb0faf84407c985c73e31341a19ee932fdd5b914464301125fa88a10ebb62a,605,1070,1026,206,0.5378946107155117,inhouse_r2
227,11.100000381469728,9.40602951238651,-1.693970869083218,1.693970869083218,2.869537305302553,15.260998296100263,in-house,255,O=C(C1=C(CCC(CCCC)CC)SC(CCC(CC)CCCC)=C1C2=O)C(C2=C(C3)C(C4)=CC=C4C5=CC6=C(C(C7=CC=C(CCC(CCCC)CC)S7)=C8C=CSC8=C6C9=CC=C(CCC(CCCC)CC)S9)S5)=C3C%10=CC=CS%10,O=C(C1=C(C=C(Cl)C(Cl)=C1)C/2=C(C#N)\C#N)C2=C/C3=CC(CCCCCCCC)=C(C4=CC5=C(C(C=C6C(C7=CC=C(CCCCCC)C=C7)(C8=CC=C(CCCCCC)C=C8)C9=C(SC(C%10=C(CCCCCCCC)C=C(/C=C%11C(C%12=C(C=C(Cl)C(Cl)=C%12)C\%11=C(C#N)\C#N)=O)S%10)=C9)C6=C%13)=C%13C5(C%14=CC=C(C=C%14)CCCCCC)C%15=CC=C(CCCCCC)C=C%15)S4)S3,11.1,O=C(C1=C(CCC(CCCC)CC)SC(CCC(CC)CCCC)=C1C2=O)C(C2=C(C3)C(C4)=CC=C4C5=CC6=C(C(C7=CC=C(CCC(CCCC)CC)S7)=C8C=CSC8=C6C9=CC=C(CCC(CCCC)CC)S9)S5)=C3C%10=CC=CS%10||O=C(C1=C(C=C(Cl)C(Cl)=C1)C/2=C(C#N)\C#N)C2=C/C3=CC(CCCCCCCC)=C(C4=CC5=C(C(C=C6C(C7=CC=C(CCCCCC)C=C7)(C8=CC=C(CCCCCC)C=C8)C9=C(SC(C%10=C(CCCCCCCC)C=C(/C=C%11C(C%12=C(C=C(Cl)C(Cl)=C%12)C\%11=C(C#N)\C#N)=O)S%10)=C9)C6=C%13)=C%13C5(C%14=CC=C(C=C%14)CCCCCC)C%15=CC=C(CCCCCC)C=C%15)S4)S3,6f31f3770fd225e382586e20513744e11a328b7cc74c758d48628417c600a02b,5ce871f244ea936874e770a3ad0f9068799cd24b7e2aba1e9b1833c643850b26,fe01c0413ffc902a1141ff42f7845f6349b171bca2a81549f9e0a82b3f8eae81,914ff92a61d83fb31967b110ca3860b19c47282d37f1d3ad53f4201d6008a0bb,05eed4dcd2b85f8547b80cae86eb49a35a2a1464dfd6b1a452a77ee6893da4c8,1182,679,22,214,0.5591854296506796,inhouse_r2
232,11.100000381469728,9.675496115542874,-1.4245042659268543,1.4245042659268543,2.0292124036438066,12.833371324066915,in-house,260,FC(C(F)=C(C1=NN(N=C21)CC(CCCCCC)CCCCCCCC)C3=CCC(C)S3)=C2C(S4)=CC=C4C(OC5=C(C6=C7OC(C)=C6)C8=CC(F)=C(CC(CC)CCCC)S8)=CC5=C7C9=CC(F)=C(S9)CC(CC)CCCC,c12cc3c(cc1C(c1c2sc2c1sc(c2)/C=C\1/C(=C(C#N)C#N)c2c(C1=O)cccc2)(c1cccc(c1)CCCCCC)c1cc(ccc1)CCCCCC)c1c(C3(c2cc(ccc2)CCCCCC)c2cccc(c2)CCCCCC)c2c(s1)cc(s2)/C=C\1/C(=C(C#N)C#N)c2c(C1=O)cccc2,11.1,FC(C(F)=C(C1=NN(N=C21)CC(CCCCCC)CCCCCCCC)C3=CCC(C)S3)=C2C(S4)=CC=C4C(OC5=C(C6=C7OC(C)=C6)C8=CC(F)=C(CC(CC)CCCC)S8)=CC5=C7C9=CC(F)=C(S9)CC(CC)CCCC||c12cc3c(cc1C(c1c2sc2c1sc(c2)/C=C\1/C(=C(C#N)C#N)c2c(C1=O)cccc2)(c1cccc(c1)CCCCCC)c1cc(ccc1)CCCCCC)c1c(C3(c2cc(ccc2)CCCCCC)c2cccc(c2)CCCCCC)c2c(s1)cc(s2)/C=C\1/C(=C(C#N)C#N)c2c(C1=O)cccc2,6cb9c2c24836a9542be1a9565ff1b1e3eef04b608c5a783188e9af85bef72b6f,50864152acede518837f13b246d168a2c910162b60d24eaca8a12069a3584c43,54d0126ffd4a83e26415d550925559261866d681e84b0d7cb77ce0a3f082e8cf,c1cce8236e3088b7e8ea917ebe148a2aecdae3c85e767909ff3795e84a00a189,97e864d3fb59ef174d80a14fdb583821b062989115a14e5fd1d0db3b3de6657f,386,890,687,219,0.7743179208323828,inhouse_r2
233,11.050000190734863,11.064376849939327,0.0143766592044638,0.0143766592044638,0.0002066883298812,0.1301055109168079,in-house,263,CC1=CC(C(C2=CC=C(S2)[Si](CCC)(CCC)CCC)=C3OC(C4=CC=C(S4)C5=C(C(F)=C(C6=NN(N=C56)CC(CCCCCCCC)CCCCCC)C7=CC=C(C)S7)F)=CC3=C8C9=CC=C(S9)[Si](CCC)(CCC)CCC)=C8O1,c12cc3c(cc1C(c1c2sc2c1sc(c2)/C=C\1/C(=C(C#N)C#N)c2c(C1=O)cccc2)(c1cccc(c1)CCCCCC)c1cc(ccc1)CCCCCC)c1c(C3(c2cc(ccc2)CCCCCC)c2cccc(c2)CCCCCC)c2c(s1)cc(s2)/C=C\1/C(=C(C#N)C#N)c2c(C1=O)cccc2,11.05,CC1=CC(C(C2=CC=C(S2)[Si](CCC)(CCC)CCC)=C3OC(C4=CC=C(S4)C5=C(C(F)=C(C6=NN(N=C56)CC(CCCCCCCC)CCCCCC)C7=CC=C(C)S7)F)=CC3=C8C9=CC=C(S9)[Si](CCC)(CCC)CCC)=C8O1||c12cc3c(cc1C(c1c2sc2c1sc(c2)/C=C\1/C(=C(C#N)C#N)c2c(C1=O)cccc2)(c1cccc(c1)CCCCCC)c1cc(ccc1)CCCCCC)c1c(C3(c2cc(ccc2)CCCCCC)c2cccc(c2)CCCCCC)c2c(s1)cc(s2)/C=C\1/C(=C(C#N)C#N)c2c(C1=O)cccc2,0d8f9d70c9b87f26f29ef30c4c4554b1070cfbc2c08022205ba2f0071089ceac,50864152acede518837f13b246d168a2c910162b60d24eaca8a12069a3584c43,15377f21be6699009a8c540b9c09dd1cfdf1a3ed2716225f43d0f0e9a8b06ddc,e84c33b223de2395d10a25d22347fd7da419d1e20a3688c0783eb715cebb9eee,37ba3f1b1d3dee011b6f8fbd07b1c00e3375ffe28bad8fb637b50cc7f25d714f,100,1071,247,220,0.9583500361833808,inhouse_r2
257,10.789999961853027,11.85379667565374,1.0637967138007127,1.0637967138007127,1.1316634482931955,9.859098401868955,in-house,292,FC(C(F)=C(C1=NN(N=C21)CC(CCCCCC)CCCCCCCC)C3=CCC(C)S3)=C2C(S4)=CC=C4C(OC5=C(C6=C7OC(C)=C6)C8=CC(Cl)=C(CC(CC)CCCC)S8)=CC5=C7C9=CC(Cl)=C(S9)CC(CC)CCCC,O=C(C/1=C\C2=C(C3=C(S2)C(N4C5=CC=C(CCCCCC)C=C5)=C(C6=C4C7=C(C8=NSN=C68)C(SC9=C%10SC(/C=C%11C(C%12=CC(F)=C(C=C%12C\%11=C(C#N)/C#N)F)=O)=C9CCCCCCCCCCC)=C%10N7C%13=CC=C(CCCCCC)C=C%13)S3)CCCCCCCCCCC)C%14=CC(F)=C(F)C=C%14C1=C(C#N)/C#N,10.79,FC(C(F)=C(C1=NN(N=C21)CC(CCCCCC)CCCCCCCC)C3=CCC(C)S3)=C2C(S4)=CC=C4C(OC5=C(C6=C7OC(C)=C6)C8=CC(Cl)=C(CC(CC)CCCC)S8)=CC5=C7C9=CC(Cl)=C(S9)CC(CC)CCCC||O=C(C/1=C\C2=C(C3=C(S2)C(N4C5=CC=C(CCCCCC)C=C5)=C(C6=C4C7=C(C8=NSN=C68)C(SC9=C%10SC(/C=C%11C(C%12=CC(F)=C(C=C%12C\%11=C(C#N)/C#N)F)=O)=C9CCCCCCCCCCC)=C%10N7C%13=CC=C(CCCCCC)C=C%13)S3)CCCCCCCCCCC)C%14=CC(F)=C(F)C=C%14C1=C(C#N)/C#N,3d9a3a0dcbed6405c766d56db0cb7a4bde351b1ea16bc38b35556778887dabc7,3bc5e962960694d5a8c90d751d3f10c939059169c6882aed8bdcfb92d36d6776,cbcc695c26fd15a2b13ddc044a3d4fc22e48a210a22b3e1d99abe0517f9a2e5e,d6ac11fe89ea0ed1d0f2b42e15a701fedeba61f71db7092acd05d5dbe5b92706,26c7f5cf49a72ed3dc2df4deb205aa373256a4c87585ba7d0688a60c0bfdbf21,970,994,162,243,0.8024371541838028,inhouse_r2
264,10.710000038146973,9.428857208478568,-1.2811428296684042,1.2811428296684042,1.6413269500107657,11.962117881467956,in-house,300,O=C(C1=C(CCC(CCCC)CC)SC(CCC(CC)CCCC)=C1C2=O)C(C2=C(C3)C(C4)=CC=C4C5=CC6=C(C(C7=CC=C(CCC(CCCC)CC)S7)=C8C=CSC8=C6C9=CC=C(CCC(CCCC)CC)S9)S5)=C3C%10=CC=CS%10,O=C(C(C=CC(F)=C1)=C1C/2=C(C#N)/C#N)C2=C/C3=CC(N4CC(CCCCCC)CCCC)=C(S3)C5=C4C6=C(OCCCCCC)C(S7)=C(C(OCCCCCC)=C6S5)C8=C7C(S9)=C(N8CC(CCCC)CCCCCC)C=C9/C=C(C%10=O)/C(C%11=C%10C=CC(F)=C%11)=C(C#N)/C#N,10.71,O=C(C1=C(CCC(CCCC)CC)SC(CCC(CC)CCCC)=C1C2=O)C(C2=C(C3)C(C4)=CC=C4C5=CC6=C(C(C7=CC=C(CCC(CCCC)CC)S7)=C8C=CSC8=C6C9=CC=C(CCC(CCCC)CC)S9)S5)=C3C%10=CC=CS%10||O=C(C(C=CC(F)=C1)=C1C/2=C(C#N)/C#N)C2=C/C3=CC(N4CC(CCCCCC)CCCC)=C(S3)C5=C4C6=C(OCCCCCC)C(S7)=C(C(OCCCCCC)=C6S5)C8=C7C(S9)=C(N8CC(CCCC)CCCCCC)C=C9/C=C(C%10=O)/C(C%11=C%10C=CC(F)=C%11)=C(C#N)/C#N,6f31f3770fd225e382586e20513744e11a328b7cc74c758d48628417c600a02b,8f837c0afe21e5913faa47b34c5741192788ab04e6d1d3aedf36c8cbbe5eb9bb,2882d43ffee462e8a2b9e6c781d39c5ad2ace9985932a463c9ae0e15e1a22b5c,8ce3bd2a0bcb050db09b96deeed3393e8a53f1416412167690295739b62a424b,8b57d94c2d02826fb29a1187eaedecee84c1d8af49347096835faa027ab80528,174,660,630,250,0.6280620230607317,inhouse_r2
273,10.600000381469728,11.66006566982458,1.0600652883548527,1.0600652883548527,1.123738415574857,10.000615567976713,in-house,309,O=C(C1=C(CCC(CCCC)CC)SC(CCC(CC)CCCC)=C1C2=O)C(C2=C(C3)C(C4)=CC=C4C5=CC6=C(C(C7=CC=C(CCC(CCCC)CC)S7)=C8C=CSC8=C6C9=CC=C(CCC(CCCC)CC)S9)S5)=C3C%10=CC=CS%10,CCCCCCCCN1C2=C(SC(/C=C3/C(C4=CC(F)=C(C=C4C3=O)F)=C(C#N)\C#N)=C2)C5=C1C6=C(C5)C(C=C7C(C8=CC=C(OCCCCCC)C=C8)(C9=C(C7=C%10)SC%11=C9N(C%12=C%11SC(/C=C%13/C(C%14=CC(F)=C(C=C%14C%13=O)F)=C(C#N)\C#N)=C%12)CCCCCCCC)C(C=C%15)=CC=C%15OCCCCCC)=C%10C(C%16=CC=C(C=C%16)OCCCCCC)6C%17=CC=C(C=C%17)OCCCCCC,10.6,O=C(C1=C(CCC(CCCC)CC)SC(CCC(CC)CCCC)=C1C2=O)C(C2=C(C3)C(C4)=CC=C4C5=CC6=C(C(C7=CC=C(CCC(CCCC)CC)S7)=C8C=CSC8=C6C9=CC=C(CCC(CCCC)CC)S9)S5)=C3C%10=CC=CS%10||CCCCCCCCN1C2=C(SC(/C=C3/C(C4=CC(F)=C(C=C4C3=O)F)=C(C#N)\C#N)=C2)C5=C1C6=C(C5)C(C=C7C(C8=CC=C(OCCCCCC)C=C8)(C9=C(C7=C%10)SC%11=C9N(C%12=C%11SC(/C=C%13/C(C%14=CC(F)=C(C=C%14C%13=O)F)=C(C#N)\C#N)=C%12)CCCCCCCC)C(C=C%15)=CC=C%15OCCCCCC)=C%10C(C%16=CC=C(C=C%16)OCCCCCC)6C%17=CC=C(C=C%17)OCCCCCC,6f31f3770fd225e382586e20513744e11a328b7cc74c758d48628417c600a02b,895a03db15c0102b035952d812c25412f1297bdff15c8c6e43e1dc9dc38f7d04,ad059580ea04564bd871761a6378a14129102a51e904d858259faa177c96a80f,4cc98d36bbd72789eb7c377c7a6424a50252c37705e15cae3fa7ad3fb4a60374,e553ffde7e98eaedf496a015efb3450cf53a599a097b9d42e9b5e762ab315492,806,365,1064,259,0.5932843093401278,inhouse_r2
277,10.59000015258789,10.88393778848176,0.2939376358938688,0.2939376358938688,0.0863993337948765,2.775615029826405,in-house,313,CC(S1)=CC=C1C(C2=NN(CC(CCCCCCCC)CCCCCC)N=C32)=C(F)C(F)=C3C4=CC=C(C(S5)=CC(C5=C6C7=CC=C(SCC(CCCC)CCCCCC)S7)=C(C8=CC=C(SCC(CCCC)CCCCCC)S8)C9=C6C=C(C)S9)S4,O=C(C(C=CC=C1)=C1C/2=C(C#N)\C#N)C2=C\C3=CC(C(C4=CC=C(CCCCCC)C=C4)(C5=CC=C(CCCCCC)C=C5)C6=C7SC8=C6C(C9=CC=C(C=C9)SCC(CC)CCCC)=C%10SC(C%11=C(C%12(C%13=CC=C(CCCCCC)C=C%13)C%14=CC=C(CCCCCC)C=C%14)C=C(/C=C%15C(C(C=CC=C%16)=C%16C/%15=C(C#N)/C#N)=O)S%11)=C%12C%10=C8C%17=CC=C(C=C%17)SCC(CCCC)CC)=C7S3,10.59,CC(S1)=CC=C1C(C2=NN(CC(CCCCCCCC)CCCCCC)N=C32)=C(F)C(F)=C3C4=CC=C(C(S5)=CC(C5=C6C7=CC=C(SCC(CCCC)CCCCCC)S7)=C(C8=CC=C(SCC(CCCC)CCCCCC)S8)C9=C6C=C(C)S9)S4||O=C(C(C=CC=C1)=C1C/2=C(C#N)\C#N)C2=C\C3=CC(C(C4=CC=C(CCCCCC)C=C4)(C5=CC=C(CCCCCC)C=C5)C6=C7SC8=C6C(C9=CC=C(C=C9)SCC(CC)CCCC)=C%10SC(C%11=C(C%12(C%13=CC=C(CCCCCC)C=C%13)C%14=CC=C(CCCCCC)C=C%14)C=C(/C=C%15C(C(C=CC=C%16)=C%16C/%15=C(C#N)/C#N)=O)S%11)=C%12C%10=C8C%17=CC=C(C=C%17)SCC(CCCC)CC)=C7S3,40564853f4ed37b96eff95ced732e076e847dfc607b73dc305f6ef354c6ebb08,55167f572b713447105cc62fe0309a0802498aafaf2ea96ab4f52272135993f6,4232a232d090f4c4711fc85a11002af2a43ec6b7aa717e5efc3d6955fcce46be,51386846c57217836bd242229e81c52f763a045abb3ff63a1265905486152cea,14ad1cceb667ad1698ed3dca86910ba521a0f17837cdfded4a98a33a913587d9,301,391,93,262,0.7181356650887512,inhouse_r2
280,10.5600004196167,11.074219269327598,0.5142188497108986,0.5142188497108986,0.2644210253979997,4.869496489371953,in-house,317,FC(C(F)=C(C1=NN(N=C21)CCC(CCCC)CCCCCC)C3=CC=C(S3)C)=C2C(S4)=CC=C4C5=CC(C(CCCC(CCCCCC)CCCC)=C6SC(C)=CC6=C7CCCC(CCCC)CCCCCC)=C7S5,O=C(C(C=C(F)C=C1)=C1C/2=C(C#N)\C#N)C2=C/C(S3)=CC4=C3C(C5(C6=CC=C(CCCCCC)C=C6)C7=CC=C(CCCCCC)C=C7)=C(S4)C8=C5C9=C(CCCCCC)C(S%10)=C(C(CCCCCC)=C9S8)C%11=C%10C(S%12)=C(C%11(C%13=CC=C(CCCCCC)C=C%13)C%14=CC=C(CCCCCC)C=C%14)C%15=C%12C=C(/C=C%16C(C(C=C(F)C=C%17)=C%17C\%16=C(C#N)/C#N)=O)S%15,10.56,FC(C(F)=C(C1=NN(N=C21)CCC(CCCC)CCCCCC)C3=CC=C(S3)C)=C2C(S4)=CC=C4C5=CC(C(CCCC(CCCCCC)CCCC)=C6SC(C)=CC6=C7CCCC(CCCC)CCCCCC)=C7S5||O=C(C(C=C(F)C=C1)=C1C/2=C(C#N)\C#N)C2=C/C(S3)=CC4=C3C(C5(C6=CC=C(CCCCCC)C=C6)C7=CC=C(CCCCCC)C=C7)=C(S4)C8=C5C9=C(CCCCCC)C(S%10)=C(C(CCCCCC)=C9S8)C%11=C%10C(S%12)=C(C%11(C%13=CC=C(CCCCCC)C=C%13)C%14=CC=C(CCCCCC)C=C%14)C%15=C%12C=C(/C=C%16C(C(C=C(F)C=C%17)=C%17C\%16=C(C#N)/C#N)=O)S%15,45e95ea37da5bc3e18f2c067cb95f73c851335176098d8fca22fcb29952b2779,584d18a54cda29e39584acace3dd42d114fb8e15e5ce0c6d6ef862c4824c0a5c,8acbefde3ccc413a2f9b5dd2454b313ea009563052da150bf371701b116fe40f,90ab22e3374b2fba6ce6b44bb659d949d1337b2f4446191e097ef4ca0d88075c,1327b5a3b4eeffce25d4cd14a0f14c892598159b3346a3bdbfab678ee91d356d,632,678,82,265,0.5614985850352006,inhouse_r2
282,10.539999961853027,11.30387814210193,0.7638781802489021,0.7638781802489021,0.5835098742603742,7.247421091210378,in-house,320,O=C(C1=C(CC(CCCC)CC)SC(CC(CCCC)CC)=C12)C3=C(C4=CC=CS4)SC(C(S5)=CC=C5C6=CC7=C(C8=CC=C(CC(CCCC)CCCCCC)C=C8)C(SC=C9)=C9C(C%10=CC=C(CC(CCCCCC)CCCC)C=C%10)=C7S6)=C3C2=O,O=C1C(/C(C2=C1C=C(F)C=C2)=C(C#N)/C#N)=C\C3=CC4=C(S3)C(C(C5=CC=C(CCCCCC)C=C5)(C(C=C6C7=C8C9=C(C=C(S9)/C=C%10C(C(C=C(F)C=C%11)=C%11C\%10=C(C#N)\C#N)=O)S7)=C%12C=C6C8(C%13=CC=C(CCCCCC)C=C%13)C%14=CC=C(C=C%14)CCCCCC)C%15=CC=C(CCCCCC)C=C%15)=C%12S4,10.54,O=C(C1=C(CC(CCCC)CC)SC(CC(CCCC)CC)=C12)C3=C(C4=CC=CS4)SC(C(S5)=CC=C5C6=CC7=C(C8=CC=C(CC(CCCC)CCCCCC)C=C8)C(SC=C9)=C9C(C%10=CC=C(CC(CCCCCC)CCCC)C=C%10)=C7S6)=C3C2=O||O=C1C(/C(C2=C1C=C(F)C=C2)=C(C#N)/C#N)=C\C3=CC4=C(S3)C(C(C5=CC=C(CCCCCC)C=C5)(C(C=C6C7=C8C9=C(C=C(S9)/C=C%10C(C(C=C(F)C=C%11)=C%11C\%10=C(C#N)\C#N)=O)S7)=C%12C=C6C8(C%13=CC=C(CCCCCC)C=C%13)C%14=CC=C(C=C%14)CCCCCC)C%15=CC=C(CCCCCC)C=C%15)=C%12S4,826e531b71e4c0ef06b575364b50a339b3da70c19584a5cd5231c22bd6d85201,d9ce3028b8032645a15bd52f29a24add951be555bdcb6b242a5386de4a975e5c,10d3239d26b14aba615e7c92a86c77b340f64844896af328f18842a0769801ae,893f3083c9595a9f0da1e7e0f86fdedc6d6889d706194dc84a4d1064253228cc,728327f7fabc521faacd52afa4a14f65584865660130f547022298f0f32cf9bc,74,646,515,267,0.5577486600358501,inhouse_r2
298,10.420000076293944,11.345240215263743,0.9252401389698016,0.9252401389698016,0.8560693147608576,8.879463840645954,in-house,340,FC1=C(F)C=C(N=C(OCC(CCCCCC)CCCCCCCC)C=N2)C2=C1C3=CC=CS3,FC(C=C1C2=CC(C3(CC(CCCC)CC)CC(CCCC)CC)=C(S2)C(S4)=C3C=C4/C=C(C(C5=CC(Cl)=C(C=C56)Cl)=O)/C6=C(C#N)/C#N)=C(C=C1F)C7=CC8=C(C9=C(C8(CC(CCCC)CC)CC(CCCC)CC)C=C(/C=C%10C(C%11=CC(Cl)=C(C=C%11C\%10=C(C#N)\C#N)Cl)=O)S9)S7,10.42,FC1=C(F)C=C(N=C(OCC(CCCCCC)CCCCCCCC)C=N2)C2=C1C3=CC=CS3||FC(C=C1C2=CC(C3(CC(CCCC)CC)CC(CCCC)CC)=C(S2)C(S4)=C3C=C4/C=C(C(C5=CC(Cl)=C(C=C56)Cl)=O)/C6=C(C#N)/C#N)=C(C=C1F)C7=CC8=C(C9=C(C8(CC(CCCC)CC)CC(CCCC)CC)C=C(/C=C%10C(C%11=CC(Cl)=C(C=C%11C\%10=C(C#N)\C#N)Cl)=O)S9)S7,6d0ebf843ec88894476605165efae2bf8fd910afe87a5868bc4b56e85a61a93d,a7c4b5541b8a9fcdc451b3fdf50c088a6f31721140ab77690d39d1dcc9517b61,436f4cf797f6aea78a302e8ba7921e7dbfd166ac8af60adb5bed5c005999d50a,2d07d3bac87d3e601347ce0e76a94ce220455c02c840baab25d72b908ce77610,014d60ba993de23f70093e8c8a23617a32fc10e3031c0526016e9b9e66e83ce9,308,216,7,282,0.6579125819792419,inhouse_r2
321,10.199999809265137,8.542153079911033,-1.6578467293541037,1.6578467293541037,2.748455778030098,16.25339961132356,in-house,366,FC1=C(C(OCC(CCCC)CC)=O)SC2=CSC(C3=CC4=C(C5=C(C(C6=CC=C(CC(CC)CCCC)S6)=C4S3)C=CS5)C7=CC=C(CC(CC)CCCC)S7)=C12,O=C(C1=CC(F)=C(F)C=C1C/2=C(C#N)\C#N)C2=C/C3=CC(OCC(CC)CCCC)=C(C4=CC5=C(C6=CC7=C(C8=C(C7(C9=CC=C(C=C9)CCCCCC)C%10=CC=C(C=C%10)CCCCCC)C=C(C%11=C(OCC(CC)CCCC)C=C(/C=C%12C(C%13=CC(F)=C(F)C=C%13C\%12=C(C#N)\C#N)=O)S%11)S8)C=C6C5(C%14=CC=C(C=C%14)CCCCCC)C%15=CC=C(C=C%15)CCCCCC)S4)S3,10.2,FC1=C(C(OCC(CCCC)CC)=O)SC2=CSC(C3=CC4=C(C5=C(C(C6=CC=C(CC(CC)CCCC)S6)=C4S3)C=CS5)C7=CC=C(CC(CC)CCCC)S7)=C12||O=C(C1=CC(F)=C(F)C=C1C/2=C(C#N)\C#N)C2=C/C3=CC(OCC(CC)CCCC)=C(C4=CC5=C(C6=CC7=C(C8=C(C7(C9=CC=C(C=C9)CCCCCC)C%10=CC=C(C=C%10)CCCCCC)C=C(C%11=C(OCC(CC)CCCC)C=C(/C=C%12C(C%13=CC(F)=C(F)C=C%13C\%12=C(C#N)\C#N)=O)S%11)S8)C=C6C5(C%14=CC=C(C=C%14)CCCCCC)C%15=CC=C(C=C%15)CCCCCC)S4)S3,2249a87c8fc0450476e55f070a85b71ffa6beb368356c28f1302bad8bac422cb,0a6189846e89cf828a3f20d50d9d712b7538b2d40776aced38f06bfa2a63caa3,ef2a3f1a57f973a4decc367338259a9f1c7a8e9b3698a6d541b94658513eb148,4b210cb77cd34f5fab88cccba999c877ae7d5c71a1d7c666ac12384dbcff512f,e0f78589b4d54979baeeca807f6bdd933cf7e233ad32b8a64ed9dfd7905fbe2c,1126,358,1044,94,0.6526273556112577,inhouse_r2
322,10.199999809265137,8.290996409878872,-1.9090033993862647,1.9090033993862647,3.644293978868314,18.715719951800665,in-house,367,FC1=C(C(OCC(CCCC)CC)=O)SC2=CSC(C3=CC4=C(C5=C(C(C6=CC=C(CC(CC)CCCC)S6)=C4S3)C=CS5)C7=CC=C(CC(CC)CCCC)S7)=C12,O=C(C1=CC(F)=C(C=C1C/2=C(C#N)\C#N)F)C2=C/C3=CC(OCC(CCCC)CC)=C(C4=CC5=C(C6=C(C5(CC(CCCC)CC)CC(CC)CCCC)C=C(C7=C(CC(CCCC)CC)C=C(/C=C8C(C9=CC(F)=C(C=C9C\8=C(C#N)\C#N)F)=O)S7)S6)S4)S3,10.2,FC1=C(C(OCC(CCCC)CC)=O)SC2=CSC(C3=CC4=C(C5=C(C(C6=CC=C(CC(CC)CCCC)S6)=C4S3)C=CS5)C7=CC=C(CC(CC)CCCC)S7)=C12||O=C(C1=CC(F)=C(C=C1C/2=C(C#N)\C#N)F)C2=C/C3=CC(OCC(CCCC)CC)=C(C4=CC5=C(C6=C(C5(CC(CCCC)CC)CC(CC)CCCC)C=C(C7=C(CC(CCCC)CC)C=C(/C=C8C(C9=CC(F)=C(C=C9C\8=C(C#N)\C#N)F)=O)S7)S6)S4)S3,2249a87c8fc0450476e55f070a85b71ffa6beb368356c28f1302bad8bac422cb,d9c2b5ccfd17eed0deee5be55d6b3126d6cbab3cb2b09cb5a3cf0d98e3ef3d77,b951484443bf29d963d0c35dae303b30a799cd9920974826a95b55832f1c4a0f,11e7a45e1d39a135c23c494a97f1684a92fd78e8592b365dfc8bbefeab614c90,f86ebbaccebdc9533596b5dd95fad5e4321aa94e026b926f33939bcedff7cfb3,874,87,1161,305,0.6565443738067456,inhouse_r2
325,10.199999809265137,10.558421031083212,0.3584212218180749,0.3584212218180749,0.1284657722495616,3.5139336129448173,in-house,371,O=C(C1=C(CCC(CCCC)CC)SC(CCC(CC)CCCC)=C1C2=O)C(C2=C(C3)C(C4)=CC=C4C5=CC6=C(C(C7=CC=C(CCC(CCCC)CC)S7)=C8C=CSC8=C6C9=CC=C(CCC(CCCC)CC)S9)S5)=C3C%10=CC=CS%10,O=C(C1=C(C=C(Cl)C(Cl)=C1)C/2=C(C#N)\C#N)C2=C/C3=CC(C4(CC(CC)CCCC)CC(CC)CCCC)=C(S3)C(S5)=C4C=C5C(C6=NSN=C76)=CC=C7C8=CC9=C(C%10=C(C9(CC(CCC)CCCC)CC(CC)CCCC)C=C(/C=C%11C(C%12=C(C=C(Cl)C(Cl)=C%12)C\%11=C(C#N)\C#N)=O)S%10)S8,10.2,O=C(C1=C(CCC(CCCC)CC)SC(CCC(CC)CCCC)=C1C2=O)C(C2=C(C3)C(C4)=CC=C4C5=CC6=C(C(C7=CC=C(CCC(CCCC)CC)S7)=C8C=CSC8=C6C9=CC=C(CCC(CCCC)CC)S9)S5)=C3C%10=CC=CS%10||O=C(C1=C(C=C(Cl)C(Cl)=C1)C/2=C(C#N)\C#N)C2=C/C3=CC(C4(CC(CC)CCCC)CC(CC)CCCC)=C(S3)C(S5)=C4C=C5C(C6=NSN=C76)=CC=C7C8=CC9=C(C%10=C(C9(CC(CCC)CCCC)CC(CC)CCCC)C=C(/C=C%11C(C%12=C(C=C(Cl)C(Cl)=C%12)C\%11=C(C#N)\C#N)=O)S%10)S8,6f31f3770fd225e382586e20513744e11a328b7cc74c758d48628417c600a02b,ecca12b886f1a6da9f22f23a538d8d63f4f5a3848ccea19d72d59ddb82a5e598,9ea2f56ba25d4dd613e4b5ddc6efbf1bcb998cd69102911469a23e2724d9baab,4a7741c5c7336610a6d22311ef9a970b689e5a97b35d47ea11296ca96b08ee1c,a12225afb720d4ce6c87acb4d4060cb620a8e6a8c2f2345c7162795b9ca98b82,724,353,735,308,0.5775743867982454,inhouse_r2
329,10.170000076293944,11.347710845494037,1.1777107692000914,1.1777107692000914,1.387002655889871,11.580243464749922,in-house,375,O=C(C1=C(CC(CCCC)CC)SC(CC(CCCC)CC)=C12)C3=C(C4=CC=CS4)SC(C(S5)=CC=C5C6=CC7=C(C8=CC=C(CC(CCCC)CCCCCC)C=C8)C(SC=C9)=C9C(C%10=CC=C(CC(CCCCCC)CCCC)C=C%10)=C7S6)=C3C2=O,O=C(C1=C(C=C(F)C=C1)C/2=C(C#N)\C#N)C2=C/C3=CC(C4(C5=CC=C(C=C5)CCCCCC)C(C=C6)=CC=C6CCCCCC)=C(C(C=C7C8(C9=CC=C(CCCCCC)C=C9)C%10=CC=C(CCCCCC)C=C%10)=C4C=C7C%11=C8C%12=C(C=C(/C=C%13/C(C%14=C(C%13=O)C=C(C=C%14)F)=C(C#N)/C#N)S%12)S%11)S3,10.17,O=C(C1=C(CC(CCCC)CC)SC(CC(CCCC)CC)=C12)C3=C(C4=CC=CS4)SC(C(S5)=CC=C5C6=CC7=C(C8=CC=C(CC(CCCC)CCCCCC)C=C8)C(SC=C9)=C9C(C%10=CC=C(CC(CCCCCC)CCCC)C=C%10)=C7S6)=C3C2=O||O=C(C1=C(C=C(F)C=C1)C/2=C(C#N)\C#N)C2=C/C3=CC(C4(C5=CC=C(C=C5)CCCCCC)C(C=C6)=CC=C6CCCCCC)=C(C(C=C7C8(C9=CC=C(CCCCCC)C=C9)C%10=CC=C(CCCCCC)C=C%10)=C4C=C7C%11=C8C%12=C(C=C(/C=C%13/C(C%14=C(C%13=O)C=C(C=C%14)F)=C(C#N)/C#N)S%12)S%11)S3,826e531b71e4c0ef06b575364b50a339b3da70c19584a5cd5231c22bd6d85201,84f3f51739087118e5b0854d9bcc923d53c7a278c9af3962449e061c9400137d,32174e92dc4cda3937fdcdce2d736b440079b15e7db5440596c9a59eaa0b5896,9facf3cd6b66958a3145fe98f129ef96243befa7a1d93ec83cf2f3501d8d2098,1a6b687557c6cee758ab9e01f3be944c99ce169399816ba2c3c8bd09f54329ab,223,746,113,312,0.6273773747588175,inhouse_r2
330,10.149999618530272,7.23832891011002,-2.9116707084202518,2.9116707084202518,8.477826314272487,28.686411998524424,in-house,376,FC1=C(C(OCC(CCCC)CC)=O)SC2=CSC(C3=CC4=C(C5=C(C(C6=CC=C(CC(CC)CCCC)S6)=C4S3)C=CS5)C7=CC=C(CC(CC)CCCC)S7)=C12,c1c(c2c(c(c1)c1ccc3c(c1)C(c1c3c3c(c4c1c1c(C4(CCCC)CCCC)cc(cc1)c1ccc(c4c1nsn4)/C=c/1\sc(=C(C#N)C#N)n(c1=O)CC)c1c(C3(CCCC)CCCC)cc(cc1)c1ccc(c3c1nsn3)/C=c/1\sc(=C(C#N)C#N)n(c1=O)CC)(CCCC)CCCC)nsn2)/C=c/1\sc(=C(C#N)C#N)n(c1=O)CC,10.15,FC1=C(C(OCC(CCCC)CC)=O)SC2=CSC(C3=CC4=C(C5=C(C(C6=CC=C(CC(CC)CCCC)S6)=C4S3)C=CS5)C7=CC=C(CC(CC)CCCC)S7)=C12||c1c(c2c(c(c1)c1ccc3c(c1)C(c1c3c3c(c4c1c1c(C4(CCCC)CCCC)cc(cc1)c1ccc(c4c1nsn4)/C=c/1\sc(=C(C#N)C#N)n(c1=O)CC)c1c(C3(CCCC)CCCC)cc(cc1)c1ccc(c3c1nsn3)/C=c/1\sc(=C(C#N)C#N)n(c1=O)CC)(CCCC)CCCC)nsn2)/C=c/1\sc(=C(C#N)C#N)n(c1=O)CC,2249a87c8fc0450476e55f070a85b71ffa6beb368356c28f1302bad8bac422cb,a222cc557aecf625c4e545abe4e40ffb0793f72ebace37d4abe040cc1b9df824,1b658d46b79618f53e3cbce363e33f2470b1bd03d77df460de71e8e1ca5be3b2,21ca568fe29ad99369f07c6a3c73f7894f9f2e7e9e86badc0871e5ee24dbc7a5,5ab220271ca0dd30f5d901679d180914cb38eec749f4087eb876f7cb165e0568,132,159,405,313,0.6961711596638589,inhouse_r2
331,10.140000343322754,11.698056041604222,1.5580556982814675,1.5580556982814675,2.427537558947352,15.365440291207246,in-house,377,CC(S1)=CC=C1C(C2=NN(CC(CCCCCCCC)CCCCCC)N=C32)=C(F)C(F)=C3C4=CC=C(C(S5)=CC(C5=C6C7=CC=C(SCC(CCCC)CCCCCC)S7)=C(C8=CC=C(SCC(CCCC)CCCCCC)S8)C9=C6C=C(C)S9)S4,O=C(C(C=C(C=CC=C1)C1=C2)=C2C/3=C(C#N)\C#N)C3=C\C4=CC(C(C5=CC=C(CCCCCC)C=C5)(C6=CC=C(CCCCCC)C=C6)C7=C8SC9=C7C(C%10=CC=C(C=C%10)SCC(CC)CCCC)=C%11SC(C%12=C(C%13(C%14=CC=C(CCCCCC)C=C%14)C%15=CC=C(CCCCCC)C=C%15)C=C(/C=C%16C(C(C=C(C=CC=C%17)C%17=C%18)=C%18C/%16=C(C#N)/C#N)=O)S%12)=C%13C%11=C9C%19=CC=C(C=C%19)SCC(CCCC)CC)=C8S4,10.14,CC(S1)=CC=C1C(C2=NN(CC(CCCCCCCC)CCCCCC)N=C32)=C(F)C(F)=C3C4=CC=C(C(S5)=CC(C5=C6C7=CC=C(SCC(CCCC)CCCCCC)S7)=C(C8=CC=C(SCC(CCCC)CCCCCC)S8)C9=C6C=C(C)S9)S4||O=C(C(C=C(C=CC=C1)C1=C2)=C2C/3=C(C#N)\C#N)C3=C\C4=CC(C(C5=CC=C(CCCCCC)C=C5)(C6=CC=C(CCCCCC)C=C6)C7=C8SC9=C7C(C%10=CC=C(C=C%10)SCC(CC)CCCC)=C%11SC(C%12=C(C%13(C%14=CC=C(CCCCCC)C=C%14)C%15=CC=C(CCCCCC)C=C%15)C=C(/C=C%16C(C(C=C(C=CC=C%17)C%17=C%18)=C%18C/%16=C(C#N)/C#N)=O)S%12)=C%13C%11=C9C%19=CC=C(C=C%19)SCC(CCCC)CC)=C8S4,40564853f4ed37b96eff95ced732e076e847dfc607b73dc305f6ef354c6ebb08,5355c1397adf88c9e98719700f7ae56ff1b9e7f058930fcba5d25282ad610a02,e0b23e2a8142bc099fab8dd867ec7f633d4ab38ef89108783798cae8683f3a09,ca5d8225d48aad368c1eb98824268903a2907aba82bf374af403059538d70559,5bb234916040e175988f44378b07eb5ebc08191441e24d061ef551422abd53ca,1067,930,411,314,0.7496480955385584,inhouse_r2
333,10.130000114440918,8.623321485991525,-1.506678628449393,1.506678628449393,2.270080489426144,14.873431504719658,in-house,379,CC1=CC=C(S1)C2=CC=C(C(F)=C2F)C3=CC=C(S3)C4=C(CC(CCCCCCCCCCCC)CCCCCCCCCC)C=C(C5=C(C(F)=C(C6=NN(N=C56)CCC)C7=CC(CC(CCCCCCCCCC)CCCCCCCCCCCC)=C(S7)C)F)S4,c12cc3c(cc1C(c1c2sc2c1sc(c2)/C=C\1/C(=C(C#N)C#N)c2c(C1=O)cccc2)(c1ccc(cc1)CCCCCC)c1ccc(cc1)CCCCCC)c1c(C3(c2ccc(cc2)CCCCCC)c2ccc(cc2)CCCCCC)c2c(s1)cc(s2)/C=C\1/C(=C(C#N)C#N)c2c(C1=O)cccc2,10.13,CC1=CC=C(S1)C2=CC=C(C(F)=C2F)C3=CC=C(S3)C4=C(CC(CCCCCCCCCCCC)CCCCCCCCCC)C=C(C5=C(C(F)=C(C6=NN(N=C56)CCC)C7=CC(CC(CCCCCCCCCC)CCCCCCCCCCCC)=C(S7)C)F)S4||c12cc3c(cc1C(c1c2sc2c1sc(c2)/C=C\1/C(=C(C#N)C#N)c2c(C1=O)cccc2)(c1ccc(cc1)CCCCCC)c1ccc(cc1)CCCCCC)c1c(C3(c2ccc(cc2)CCCCCC)c2ccc(cc2)CCCCCC)c2c(s1)cc(s2)/C=C\1/C(=C(C#N)C#N)c2c(C1=O)cccc2,50751842c150480647ffcd5d01de53f701ea69ffc6517212af47da055926937f,202f8607af2cecb83e86b2e4305f8c7e2852bc709bb805b9055691d46a9081c5,ad5ccbb63b6aa1d92fc8b569dec754a162a7e9109ad84ab0ad773a5de0e9fccc,9c2f76083715d7f820ab20f8911f21fa6ad0db76f2e4f931a131d27e6f513226,542381694fbeac7b7891a4d435ae3a24f41493eb472bd746c65fcbff1442e396,807,727,379,316,0.5917656370993871,inhouse_r2
343,10.039999961853027,10.330484767951589,0.2904848060985596,0.2904848060985596,0.0843814225741177,2.8932749721340283,in-house,395,O=C(C1=C(CCC(CCCC)CC)SC(CCC(CC)CCCC)=C1C2=O)C(C2=C(C3)C(C4)=CC=C4C5=CC6=C(C(C7=CC=C(CCC(CCCC)CC)S7)=C8C=CSC8=C6C9=CC=C(CCC(CCCC)CC)S9)S5)=C3C%10=CC=CS%10,[H]C1=CC2=C(C(/C(C2=O)=C/C3=C(C(OC)=C(C4=CC(SC5=C6C(C7=CC=C(C=C7)CCCCCC)(C8=C5C=C(C9=C8)C(C(C=C%10)=CC=C%10CCCCCC)(C%11=CC=C(CCCCCC)C=C%11)C%12=C9SC%13=C%12SC(C%14=C(OC)C(OC)=C(/C=C%15/C(C(C=C(F)C([H])=C%16)=C%16C%15=O)=C(C#N)/C#N)S%14)=C%13)C%17=CC=C(CCCCCC)C=C%17)=C6S4)S3)OC)=C(C#N)\C#N)C=C1F,10.04,O=C(C1=C(CCC(CCCC)CC)SC(CCC(CC)CCCC)=C1C2=O)C(C2=C(C3)C(C4)=CC=C4C5=CC6=C(C(C7=CC=C(CCC(CCCC)CC)S7)=C8C=CSC8=C6C9=CC=C(CCC(CCCC)CC)S9)S5)=C3C%10=CC=CS%10||[H]C1=CC2=C(C(/C(C2=O)=C/C3=C(C(OC)=C(C4=CC(SC5=C6C(C7=CC=C(C=C7)CCCCCC)(C8=C5C=C(C9=C8)C(C(C=C%10)=CC=C%10CCCCCC)(C%11=CC=C(CCCCCC)C=C%11)C%12=C9SC%13=C%12SC(C%14=C(OC)C(OC)=C(/C=C%15/C(C(C=C(F)C([H])=C%16)=C%16C%15=O)=C(C#N)/C#N)S%14)=C%13)C%17=CC=C(CCCCCC)C=C%17)=C6S4)S3)OC)=C(C#N)\C#N)C=C1F,6f31f3770fd225e382586e20513744e11a328b7cc74c758d48628417c600a02b,8e8b8df49425a0dc8d48da06efefee519a5ea106dda60c521e7847648020877d,6a0343389e99de53a3a7c7928d6c1ed1af8d3b6b5c5d41b273b708a9a7db3273,aea954a03bd4d813863126b56d3033b3628a43a893fd9670e07e84c1a422ae10,b6bf21a17f4b775dd158cc958aab2240b54a5b344ea02e7252cc84497f218ed8,481,796,844,324,0.5597602568783034,inhouse_r2
344,10.039999961853027,12.09857401517358,2.058574053320553,2.058574053320553,4.237727133004613,20.503725708586696,in-house,396,O=C1C2=C(CC(CC)CCCC)SC(CC(CC)CCCC)=C2C(C3=C(C4=CC=C(C5=CC(C(C6=CC(F)=C(CC(CC)CCCC)S6)=C(SC=C7)C7=C8C9=CC(F)=C(CC(CC)CCCC)S9)=C8S5)S4)SC(C%10=CC=CS%10)=C31)=O,O=C1C2=C(C=CC(C)=C2)C(/C1=C/C(S3)=CC4=C3C(S5)=C(C4(C6=CC=C(CCCCCC)C=C6)C7=CC=C(CCCCCC)C=C7)C(C5=C8C9=CC(SC(CCC(CCCC)CC)=C%10)=C%10S9)=C(C%11=CC(SC(CC(CC)CCCC)=C%12)=C%12S%11)C%13=C8C(C%14(C%15=CC=C(CCCCCC)C=C%15)C%16=CC=CC(CCCCCC)=C%16)=C(S%13)C(S%17)=C%14C=C%17/C=C%18/C(C%19=C(C%18=O)C=C(C)C=C%19)=C(C#N)\C#N)=C(C#N)\C#N,10.04,O=C1C2=C(CC(CC)CCCC)SC(CC(CC)CCCC)=C2C(C3=C(C4=CC=C(C5=CC(C(C6=CC(F)=C(CC(CC)CCCC)S6)=C(SC=C7)C7=C8C9=CC(F)=C(CC(CC)CCCC)S9)=C8S5)S4)SC(C%10=CC=CS%10)=C31)=O||O=C1C2=C(C=CC(C)=C2)C(/C1=C/C(S3)=CC4=C3C(S5)=C(C4(C6=CC=C(CCCCCC)C=C6)C7=CC=C(CCCCCC)C=C7)C(C5=C8C9=CC(SC(CCC(CCCC)CC)=C%10)=C%10S9)=C(C%11=CC(SC(CC(CC)CCCC)=C%12)=C%12S%11)C%13=C8C(C%14(C%15=CC=C(CCCCCC)C=C%15)C%16=CC=CC(CCCCCC)=C%16)=C(S%13)C(S%17)=C%14C=C%17/C=C%18/C(C%19=C(C%18=O)C=C(C)C=C%19)=C(C#N)\C#N)=C(C#N)\C#N,65482d735aa1f382b817dd8d95b1689b39b0b3c26138949c2680844f1b1f5ea0,cdcd1d23d07e5406bc96ec9e74e0fe4e2fa22e3f599ba70baee968f748d6f754,1a094d4bc4eeccb3490e97d163b8e0732f1e8bd0b7aa1c8707b86b327ca66092,9bbbb379cbe85ea3a4c1ab74ff64ff82bd94c9ee1c044a19ae32dabfee9479c8,a342960bbaa4dd63cc4e5c15e17db487a4bf8cebb6ba20e7b10a2382796f1aa8,125,724,746,325,0.6067619445064858,inhouse_r2
347,9.9399995803833,12.877590198328,2.9375906179446982,2.9375906179446982,8.629438638636714,29.55322678023112,in-house,399,CC(S1)=CC=C1C2=C3C(C(C4=C(SC(CC(CC)CCCC)=C4C3=O)CC(CCCC)CC)=O)=C(S2)C(S5)=CC=C5C6=CC7=C(C8=CC(Cl)=C(CCCCCC[H])C8)C9=C(C=C(S9)C)C(C%10=CC(Cl)=C(CCCCCC[H])C%10)=C7S6,O=C(C/1=C\C2=C(C3=C(S2)C(N4C5=CC=C(CCCCCC)C=C5)=C(C6=C4C7=C(C8=NSN=C68)C(SC9=C%10SC(/C=C%11C(C%12=CC(F)=C(C=C%12C\%11=C(C#N)/C#N)F)=O)=C9CCCCCCCCCCC)=C%10N7C%13=CC=C(CCCCCC)C=C%13)S3)CCCCCCCCCCC)C%14=CC(F)=C(F)C=C%14C1=C(C#N)/C#N,9.94,CC(S1)=CC=C1C2=C3C(C(C4=C(SC(CC(CC)CCCC)=C4C3=O)CC(CCCC)CC)=O)=C(S2)C(S5)=CC=C5C6=CC7=C(C8=CC(Cl)=C(CCCCCC[H])C8)C9=C(C=C(S9)C)C(C%10=CC(Cl)=C(CCCCCC[H])C%10)=C7S6||O=C(C/1=C\C2=C(C3=C(S2)C(N4C5=CC=C(CCCCCC)C=C5)=C(C6=C4C7=C(C8=NSN=C68)C(SC9=C%10SC(/C=C%11C(C%12=CC(F)=C(C=C%12C\%11=C(C#N)/C#N)F)=O)=C9CCCCCCCCCCC)=C%10N7C%13=CC=C(CCCCCC)C=C%13)S3)CCCCCCCCCCC)C%14=CC(F)=C(F)C=C%14C1=C(C#N)/C#N,8b29d3d5301cf2d653354de8d3aaa7257489649af4af132858ce9d7190182aeb,3bc5e962960694d5a8c90d751d3f10c939059169c6882aed8bdcfb92d36d6776,c48c419210053590d16cf032d67cc029a35dd4ddb24f9adfadc92310e088c79f,811678e23af12f80039d8229d64bf8022abeb598750df9184c79a248775fcc55,ec64b345b9ec85a4351c21d81febc659c063b55dd4fe2a684e02c6f3640199ce,943,616,1108,328,0.7912242271760802,inhouse_r2
351,9.890000343322754,10.744106670417407,0.8541063270946534,0.8541063270946534,0.7294976179831191,8.636059630385194,in-house,404,O=C1C2=C(CC(CC)CCCC)SC(CC(CC)CCCC)=C2C(C3=C(C4=CC=C(C5=CC(C(C6=CC(F)=C(CC(CC)CCCC)S6)=C(SC=C7)C7=C8C9=CC(F)=C(CC(CC)CCCC)S9)=C8S5)S4)SC(C%10=CC=CS%10)=C31)=O,O=C(C1=C(C=C(F)C(F)=C1)C/2=C(C#N)\C#N)C2=C/C3=CC(C4(C5=CC=C(C=C5)CCCCCC)C6=CC=C(CCCCCC)C=C6)=C(C7=C4C=C(C8=NN=C(C9=CC%10=C(C%11=C(C%10(C%12=CC=C(CCCCCC)C=C%12)C%13=CC=C(CCCCCC)C=C%13)C=C(/C=C%14C(C%15=C(C=C(F)C(F)=C%15)C\%14=C(C#N)\C#N)=O)S%11)S9)C=C8)S7)S3,9.89,O=C1C2=C(CC(CC)CCCC)SC(CC(CC)CCCC)=C2C(C3=C(C4=CC=C(C5=CC(C(C6=CC(F)=C(CC(CC)CCCC)S6)=C(SC=C7)C7=C8C9=CC(F)=C(CC(CC)CCCC)S9)=C8S5)S4)SC(C%10=CC=CS%10)=C31)=O||O=C(C1=C(C=C(F)C(F)=C1)C/2=C(C#N)\C#N)C2=C/C3=CC(C4(C5=CC=C(C=C5)CCCCCC)C6=CC=C(CCCCCC)C=C6)=C(C7=C4C=C(C8=NN=C(C9=CC%10=C(C%11=C(C%10(C%12=CC=C(CCCCCC)C=C%12)C%13=CC=C(CCCCCC)C=C%13)C=C(/C=C%14C(C%15=C(C=C(F)C(F)=C%15)C\%14=C(C#N)\C#N)=O)S%11)S9)C=C8)S7)S3,65482d735aa1f382b817dd8d95b1689b39b0b3c26138949c2680844f1b1f5ea0,0509823377c044dfdeb3a7341d3f4d67a53be90d34debbf3ee442b2c796a54df,b68d9ea913e0b34a919171631ee50ffc5fa3179d5f0aa1da0be872609b241c5b,caa77e2a286e28ba18687851eac35988c661663c808e9742cf72c7375b07ecc3,6e0439d2a2337d36b8376d41179a4191513782263e9b76b53492db1c39d74c6a,860,932,498,332,0.6052988992292989,inhouse_r2
355,9.81999969482422,8.55921223139999,-1.260787463424231,1.260787463424231,1.5895850279277068,12.838976604945804,in-house,409,FC1=C(C(OCC(CCCC)CC)=O)SC2=CSC(C3=CC4=C(C5=C(C(C6=CC=C(CC(CC)CCCC)S6)=C4S3)C=CS5)C7=CC=C(CC(CC)CCCC)S7)=C12,FC1=C(C(OC(CC)CCCCC)=O)SC2=C(/C=C3C(C4=C(C=C(C([H])=C4)[H])C\3=C(C#N)\C#N)=O)SC(C5=CC6=C(S5)C7=C(C=C(C(C8(C9C=CC(CCCCCC)=CC9)C%10=CC=C(C=C%10)CCCCCC)=C7)C%11=C8C=C(S%11)C%12=C%13C(SC(C(OC(CC)CCCCC)=O)=C%13F)=C(S%12)/C=C%14C(C%15=C(C=C(C([H])=C%15)[H])C\%14=C(C#N)\C#N)=O)C6(C%16=CC=C(C=C%16)CCCCCC)C%17=CC=C(C=C%17)CCCCCC)=C12,9.82,FC1=C(C(OCC(CCCC)CC)=O)SC2=CSC(C3=CC4=C(C5=C(C(C6=CC=C(CC(CC)CCCC)S6)=C4S3)C=CS5)C7=CC=C(CC(CC)CCCC)S7)=C12||FC1=C(C(OC(CC)CCCCC)=O)SC2=C(/C=C3C(C4=C(C=C(C([H])=C4)[H])C\3=C(C#N)\C#N)=O)SC(C5=CC6=C(S5)C7=C(C=C(C(C8(C9C=CC(CCCCCC)=CC9)C%10=CC=C(C=C%10)CCCCCC)=C7)C%11=C8C=C(S%11)C%12=C%13C(SC(C(OC(CC)CCCCC)=O)=C%13F)=C(S%12)/C=C%14C(C%15=C(C=C(C([H])=C%15)[H])C\%14=C(C#N)\C#N)=O)C6(C%16=CC=C(C=C%16)CCCCCC)C%17=CC=C(C=C%17)CCCCCC)=C12,2249a87c8fc0450476e55f070a85b71ffa6beb368356c28f1302bad8bac422cb,744f630a6b1d67c8823d0029f233a6ce86135152a2212d9930127e19d63dba24,4daa3ade6ee136d252538f249b0ced2190bfbb8431fba32469414b1a660e954e,302822de49a917335c3fc17f164bad1feae02f67857b28c113a5d7bcd23b4b62,a7e7f2b387d877bf3390c236768d6503c8c84e31fe28c9cde39c31aff89dde2d,358,239,774,336,0.5868351754780489,inhouse_r2
357,9.8100004196167,10.47922417669013,0.6692237570734303,0.6692237570734303,0.4478604370314776,6.82185248162893,in-house,411,O=C(C1=C(CCC(CCCC)CC)SC(CCC(CC)CCCC)=C1C2=O)C(C2=C(C3)C(C4)=CC=C4C5=CC6=C(C(C7=CC=C(CCC(CCCC)CC)S7)=C8C=CSC8=C6C9=CC=C(CCC(CCCC)CC)S9)S5)=C3C%10=CC=CS%10,CCC(CCCC)CN1C2=C(C=C(C(C3=CC=C(CCCCCC)C=C3)(C4=CC=C(CCCCCC)C=C4)C5=C6SC7=C5SC(/C=C8C(C(C=C(F)C(F)=C9)=C9C\8=C(C#N)\C#N)=O)=C7)C6=C2)C%10=C1C=C(C%11=C%12C%13=C(C=C(S%13)/C=C%14C(C%15=CC([F])=C(C=C%15C\%14=C(C#N)/C#N)[F])=O)S%11)C(C%12(C%16=CC=C(CCCCCC)C=C%16)C%17CC=C(C=C%17)CCCCCC)=C%10,9.81,O=C(C1=C(CCC(CCCC)CC)SC(CCC(CC)CCCC)=C1C2=O)C(C2=C(C3)C(C4)=CC=C4C5=CC6=C(C(C7=CC=C(CCC(CCCC)CC)S7)=C8C=CSC8=C6C9=CC=C(CCC(CCCC)CC)S9)S5)=C3C%10=CC=CS%10||CCC(CCCC)CN1C2=C(C=C(C(C3=CC=C(CCCCCC)C=C3)(C4=CC=C(CCCCCC)C=C4)C5=C6SC7=C5SC(/C=C8C(C(C=C(F)C(F)=C9)=C9C\8=C(C#N)\C#N)=O)=C7)C6=C2)C%10=C1C=C(C%11=C%12C%13=C(C=C(S%13)/C=C%14C(C%15=CC([F])=C(C=C%15C\%14=C(C#N)/C#N)[F])=O)S%11)C(C%12(C%16=CC=C(CCCCCC)C=C%16)C%17CC=C(C=C%17)CCCCCC)=C%10,6f31f3770fd225e382586e20513744e11a328b7cc74c758d48628417c600a02b,1eb9f9285acab9c61692d63082d3e5a2593a76024732c9b378f06d67375c43b9,3fe92d112a611a08998f0c87b08d8654568a32a8f6b6adee31c2584071bff4b6,5b160aa4d10c7b9f6d80c00759a811399989723116109b2a75452ffab71f79e1,67e55f4582cccd1c7663564817fe2bf7051b9a1585a38c7afb89facd0e25190e,287,427,469,338,0.5539401208274292,inhouse_r2
366,9.65999984741211,8.060978034935376,-1.5990218124767337,1.5990218124767337,2.556870756776378,16.553021094561483,in-house,422,O=C(C1=C(CCC(CCCC)CC)SC(CCC(CC)CCCC)=C1C2=O)C(C2=C(C3)C(C4)=CC=C4C5=CC6=C(C(C7=CC=C(CCC(CCCC)CC)S7)=C8C=CSC8=C6C9=CC=C(CCC(CCCC)CC)S9)S5)=C3C%10=CC=CS%10,O=C(C(C=C(C([H])=C1)[H])=C1C/2=C(C#N)/C#N)C2=C/C3=CC4=C(S3)C5=CC6=C(C=C5C4(C7=CC=C(CC(CCCCCC)CCCC)C=C7)C8=CC=C(CC(CCCCCC)CCCC)C=C8)C9=C(C=C%10C%11=C(C=C(S%11)/C=C%12C(C(C=C(C([H])=C%13)[H])=C%13C\%12=C(C#N)/C#N)=O)C(C%14=CC=C(CC(CCCCCC)CCCC)C=C%14)(C%15=CC=C(CC(CCCCCC)CCCC)C=C%15)C%10=C9)S6,9.66,O=C(C1=C(CCC(CCCC)CC)SC(CCC(CC)CCCC)=C1C2=O)C(C2=C(C3)C(C4)=CC=C4C5=CC6=C(C(C7=CC=C(CCC(CCCC)CC)S7)=C8C=CSC8=C6C9=CC=C(CCC(CCCC)CC)S9)S5)=C3C%10=CC=CS%10||O=C(C(C=C(C([H])=C1)[H])=C1C/2=C(C#N)/C#N)C2=C/C3=CC4=C(S3)C5=CC6=C(C=C5C4(C7=CC=C(CC(CCCCCC)CCCC)C=C7)C8=CC=C(CC(CCCCCC)CCCC)C=C8)C9=C(C=C%10C%11=C(C=C(S%11)/C=C%12C(C(C=C(C([H])=C%13)[H])=C%13C\%12=C(C#N)/C#N)=O)C(C%14=CC=C(CC(CCCCCC)CCCC)C=C%14)(C%15=CC=C(CC(CCCCCC)CCCC)C=C%15)C%10=C9)S6,6f31f3770fd225e382586e20513744e11a328b7cc74c758d48628417c600a02b,092342653c7c402f736b06267a57d0031fed8a2f4b6dfe78262b24d53542d9cd,c115145a5dd809b6e291ae7b1f8f7b4d60d223502bbde92646ae2dd9d5e6c001,0500e04d8b09feaba4b6bf5afbe808317a6a7c72cd6ce41ffd751cb070f7cb11,ebd73288a2130b150b77999ad8eac536c584ecaa641afcdafe817dd0104f4f54,918,26,1103,345,0.5816716198727316,inhouse_r2
367,9.649999618530272,10.345682927877595,0.6956833093473236,0.6956833093473236,0.4839752669044439,7.2091537497208575,in-house,423,O=C(C1=C(CCC(CCCC)CC)SC(CCC(CC)CCCC)=C1C2=O)C(C2=C(C3)C(C4)=CC=C4C5=CC6=C(C(C7=CC=C(CCC(CCCC)CC)S7)=C8C=CSC8=C6C9=CC=C(CCC(CCCC)CC)S9)S5)=C3C%10=CC=CS%10,O=C(C1=C(C=C(F)C(F)=C1)C/2=C(C#N)\C#N)C2=C/C3=CC(C4(CCCCCCCC)CCCCCCCC)=C(S3)C(S5)=C4C=C5C(C6=NSN=C6C(C7=CC8=C(C9=C(C8(CCCCCCCC)CCCCCCCC)C=C(/C=C%10C(C(C=C(F)C(F)=C%11)=C%11C\%10=C(C#N)\C#N)=O)S9)S7)=C%12OCCCCCCCC)=C%12OCCCCCCCC,9.65,O=C(C1=C(CCC(CCCC)CC)SC(CCC(CC)CCCC)=C1C2=O)C(C2=C(C3)C(C4)=CC=C4C5=CC6=C(C(C7=CC=C(CCC(CCCC)CC)S7)=C8C=CSC8=C6C9=CC=C(CCC(CCCC)CC)S9)S5)=C3C%10=CC=CS%10||O=C(C1=C(C=C(F)C(F)=C1)C/2=C(C#N)\C#N)C2=C/C3=CC(C4(CCCCCCCC)CCCCCCCC)=C(S3)C(S5)=C4C=C5C(C6=NSN=C6C(C7=CC8=C(C9=C(C8(CCCCCCCC)CCCCCCCC)C=C(/C=C%10C(C(C=C(F)C(F)=C%11)=C%11C\%10=C(C#N)\C#N)=O)S9)S7)=C%12OCCCCCCCC)=C%12OCCCCCCCC,6f31f3770fd225e382586e20513744e11a328b7cc74c758d48628417c600a02b,adce1fc2db641b8974b4737ceaced735c05096d3b0f34b221ed0f035a931dd69,59c5226269c3a50c8f1ab8b2a71a8d94a6334cce6a480e20f416828db85bc2d4,7f1b4d5ca76ab711d0a399cfefd3b8bb95050fe37ad47523dcf028b249c0cb23,6f97d5da5212ebe46ae09053c53d75092a70b5906ea91a27ebd61035d6bb4a5b,408,606,505,346,0.556205336718858,inhouse_r2
368,9.630000114440918,7.97984786080842,-1.6501522536324984,1.6501522536324984,2.7230024601684133,17.135537217263057,in-house,424,CC1=CC2=C(C3=C(C(C4=CC=C(S4)SCC)=C2S1)C=C(C5=C(CC6CCCCC6)C=C(C7=C(C(C8=C(SC(CC(CCCC)CC)=C8C9=O)CC(CCCC)CC)=O)C9=C(C%10=CC(CC%11CCCCC%11)=C(S%10)C)S7)S5)S3)C%12=CC=C(S%12)SCC,c12cc3c(cc1C(c1c2sc2c1sc(c2)/C=C\1/C(=C(C#N)C#N)c2c(C1=O)cccc2)(c1ccc(cc1)CCCCCC)c1ccc(cc1)CCCCCC)c1c(C3(c2ccc(cc2)CCCCCC)c2ccc(cc2)CCCCCC)c2c(s1)cc(s2)/C=C\1/C(=C(C#N)C#N)c2c(C1=O)cccc2,9.63,CC1=CC2=C(C3=C(C(C4=CC=C(S4)SCC)=C2S1)C=C(C5=C(CC6CCCCC6)C=C(C7=C(C(C8=C(SC(CC(CCCC)CC)=C8C9=O)CC(CCCC)CC)=O)C9=C(C%10=CC(CC%11CCCCC%11)=C(S%10)C)S7)S5)S3)C%12=CC=C(S%12)SCC||c12cc3c(cc1C(c1c2sc2c1sc(c2)/C=C\1/C(=C(C#N)C#N)c2c(C1=O)cccc2)(c1ccc(cc1)CCCCCC)c1ccc(cc1)CCCCCC)c1c(C3(c2ccc(cc2)CCCCCC)c2ccc(cc2)CCCCCC)c2c(s1)cc(s2)/C=C\1/C(=C(C#N)C#N)c2c(C1=O)cccc2,e9012489a8fbf448ad97b58deaf5a228c251126bf52d5b301c169a36bae05798,202f8607af2cecb83e86b2e4305f8c7e2852bc709bb805b9055691d46a9081c5,e874eddd23a369c20ab4d3ffa09ddfd9f65c825695544992a34e4dcf0cff7989,fe3554eecc7d91f44cd65b885880607ec0d3adbdd5dccb9f4f5ad8b12dfda3f9,ab891cb2b2fe655ebafb51eee965ae33cfeb757aa7949fe0b36aebe459361b66,1097,1182,790,347,0.5951722316559627,inhouse_r2
371,9.600000381469728,11.51599914248627,1.9159987610165423,1.9159987610165423,3.671051252216925,19.95831963418328,in-house,427,O=C(C1=C(CCC(CCCC)CC)SC(CCC(CC)CCCC)=C1C2=O)C(C2=C(C3)C(C4)=CC=C4C5=CC6=C(C(C7=CC=C(CCC(CCCC)CC)S7)=C8C=CSC8=C6C9=CC=C(CCC(CCCC)CC)S9)S5)=C3C%10=CC=CS%10,O=C(C(C=C(C(Cl)=C1)Cl)=C1C/2=C(C#N)\C#N)C2=C/C3=CC4=C(C(C5(C(C=C6)=CC=C6CCCCCC)C7=CC=C(C=C7)CCCCCC)=C(C(C=C8C9(C%10=CC=C(C=C%10)CCCCCC)C%11=CC=C(C=C%11)CCCCCC)=C5C=C8C%12=C9C%13=C(C=C(S%13)/C=C%14C(C(C=C(C(Cl)=C%15)Cl)=C%15C\%14=C(C#N)\C#N)=O)S%12)S4)S3,9.6,O=C(C1=C(CCC(CCCC)CC)SC(CCC(CC)CCCC)=C1C2=O)C(C2=C(C3)C(C4)=CC=C4C5=CC6=C(C(C7=CC=C(CCC(CCCC)CC)S7)=C8C=CSC8=C6C9=CC=C(CCC(CCCC)CC)S9)S5)=C3C%10=CC=CS%10||O=C(C(C=C(C(Cl)=C1)Cl)=C1C/2=C(C#N)\C#N)C2=C/C3=CC4=C(C(C5(C(C=C6)=CC=C6CCCCCC)C7=CC=C(C=C7)CCCCCC)=C(C(C=C8C9(C%10=CC=C(C=C%10)CCCCCC)C%11=CC=C(C=C%11)CCCCCC)=C5C=C8C%12=C9C%13=C(C=C(S%13)/C=C%14C(C(C=C(C(Cl)=C%15)Cl)=C%15C\%14=C(C#N)\C#N)=O)S%12)S4)S3,6f31f3770fd225e382586e20513744e11a328b7cc74c758d48628417c600a02b,dcf842694d53827077961931c0e460a45a792bc12c0b37ed12451efc871162d4,b905cfd92074c07c944339d53966cdc74f3cd82c0a9e32230e5522c66c258a83,4675368c6d9329a9277293b1a9c6acf0f8dc3baa1865a1957efaff572da376c0,a64b3c6ec8d1f6d06e97dd89d532530c42662656baef0fb31543407ece71a689,871,339,766,350,0.5362190424888724,inhouse_r2
372,9.600000381469728,11.180911404071468,1.5809110226017395,1.5809110226017395,2.4992796613836776,16.467822497728974,in-house,428,O=C1C2=C(CC(CC)CCCC)SC(CC(CC)CCCC)=C2C(C3=C(C4=CC=C(C5=CC(C(C6=CC(F)=C(CC(CC)CCCC)S6)=C(SC=C7)C7=C8C9=CC(F)=C(CC(CC)CCCC)S9)=C8S5)S4)SC(C%10=CC=CS%10)=C31)=O,CCCCCCC(C=C1)=CC=C1C2(C3=C(C4=C2C(C=C([Se]C5=C6C(C7=CC=C(C=C7)CCCCCC)(C8=C5SC(/C=C9/C(C%10=CC(Br)=C(Br)C=C%10C9=O)=C(C#N)/C#N)=C8)C%11=CC=C(C=C%11)CCCCCC)C6=C%12)=C%12[Se]4)SC(/C=C%13C(C%14=CC(Br)=C(Br)C=C%14C/%13=C(C#N)/C#N)=O)=C3)C(C=C%15)=CC=C%15CCCCCC,9.6,O=C1C2=C(CC(CC)CCCC)SC(CC(CC)CCCC)=C2C(C3=C(C4=CC=C(C5=CC(C(C6=CC(F)=C(CC(CC)CCCC)S6)=C(SC=C7)C7=C8C9=CC(F)=C(CC(CC)CCCC)S9)=C8S5)S4)SC(C%10=CC=CS%10)=C31)=O||CCCCCCC(C=C1)=CC=C1C2(C3=C(C4=C2C(C=C([Se]C5=C6C(C7=CC=C(C=C7)CCCCCC)(C8=C5SC(/C=C9/C(C%10=CC(Br)=C(Br)C=C%10C9=O)=C(C#N)/C#N)=C8)C%11=CC=C(C=C%11)CCCCCC)C6=C%12)=C%12[Se]4)SC(/C=C%13C(C%14=CC(Br)=C(Br)C=C%14C/%13=C(C#N)/C#N)=O)=C3)C(C=C%15)=CC=C%15CCCCCC,65482d735aa1f382b817dd8d95b1689b39b0b3c26138949c2680844f1b1f5ea0,bb569252532d4c713b2f1d1e0bcedb68756a561ae5b7ec548e66afb1fd977a92,be0c0845f16e2c84d12562fd6db09b203ca5aa0599ebe2bd5776128965d954f4,915277fb1cb55f92def01bf09936f2c25b968facc044e4741d2896273b615306,ba565292e3edbe32133690523c0f5172f71ba81257f02c3c81295ec669a704b9,904,680,864,351,0.6989750432714569,inhouse_r2
378,9.550000190734863,11.428685377139857,1.8786851864049936,1.8786851864049936,3.5294580296175657,19.672095799826685,in-house,435,O=C(C1=C(CCC(CCCC)CC)SC(CCC(CC)CCCC)=C1C2=O)C(C2=C(C3)C(C4)=CC=C4C5=CC6=C(C(C7=CC=C(CCC(CCCC)CC)S7)=C8C=CSC8=C6C9=CC=C(CCC(CCCC)CC)S9)S5)=C3C%10=CC=CS%10,O=C(C(C=CC(C)=C1)=C1C/2=C(C#N)\C#N)C2=C/C3=CC4=C(C(C5(C(C=C6)=CC=C6CCCCCC)C7=CC=C(C=C7)CCCCCC)=C(C(C=C8C9(C%10=CC=C(C=C%10)CCCCCC)C%11=CC=C(C=C%11)CCCCCC)=C5C=C8C%12=C9C%13=C(C=C(S%13)/C=C%14C(C(C=CC(C)=C%15)=C%15C\%14=C(C#N)\C#N)=O)S%12)S4)S3,9.55,O=C(C1=C(CCC(CCCC)CC)SC(CCC(CC)CCCC)=C1C2=O)C(C2=C(C3)C(C4)=CC=C4C5=CC6=C(C(C7=CC=C(CCC(CCCC)CC)S7)=C8C=CSC8=C6C9=CC=C(CCC(CCCC)CC)S9)S5)=C3C%10=CC=CS%10||O=C(C(C=CC(C)=C1)=C1C/2=C(C#N)\C#N)C2=C/C3=CC4=C(C(C5(C(C=C6)=CC=C6CCCCCC)C7=CC=C(C=C7)CCCCCC)=C(C(C=C8C9(C%10=CC=C(C=C%10)CCCCCC)C%11=CC=C(C=C%11)CCCCCC)=C5C=C8C%12=C9C%13=C(C=C(S%13)/C=C%14C(C(C=CC(C)=C%15)=C%15C\%14=C(C#N)\C#N)=O)S%12)S4)S3,6f31f3770fd225e382586e20513744e11a328b7cc74c758d48628417c600a02b,cde7b4c6e67e08b94794272f876a911efd95a80db6963e3814f33de0c9b21cdb,a0e072be53d08a6994145fca2f517fe867bb0a4cf036501fe153cf62dfc715bc,ec52bacb6177305ea5d3bf5ab7785eee8fcce9679fb4cae1472862462b9c21f5,2f500362a69e12a018090e2fb19135297b9b5b2acb6f49c30136f698cda74011,744,1093,213,357,0.4666310746277931,inhouse_r2
381,9.539999961853027,11.074219269327598,1.5342193074745705,1.5342193074745705,2.3538288834277505,16.081963455024663,in-house,438,FC(C(F)=C(C1=NN(N=C21)CCC(CCCC)CCCCCC)C3=CC=C(S3)C)=C2C(S4)=CC=C4C5=CC(C(CCCC(CCCCCC)CCCC)=C6SC(C)=CC6=C7CCCC(CCCC)CCCCCC)=C7S5,O=C(C(C=C(F)C=C1)=C1C/2=C(C#N)\C#N)C2=C/C(S3)=CC4=C3C(C5(C6=CC=C(CCCCCC)C=C6)C7=CC=C(CCCCCC)C=C7)=C(S4)C8=C5C9=C(CCCCCCCCCCCC)C(S%10)=C(C(CCCCCCCCCCCC)=C9S8)C%11=C%10C(S%12)=C(C%11(C%13=CC=C(CCCCCC)C=C%13)C%14=CC=C(CCCCCC)C=C%14)C%15=C%12C=C(/C=C%16C(C(C=C(F)C=C%17)=C%17C\%16=C(C#N)/C#N)=O)S%15,9.54,FC(C(F)=C(C1=NN(N=C21)CCC(CCCC)CCCCCC)C3=CC=C(S3)C)=C2C(S4)=CC=C4C5=CC(C(CCCC(CCCCCC)CCCC)=C6SC(C)=CC6=C7CCCC(CCCC)CCCCCC)=C7S5||O=C(C(C=C(F)C=C1)=C1C/2=C(C#N)\C#N)C2=C/C(S3)=CC4=C3C(C5(C6=CC=C(CCCCCC)C=C6)C7=CC=C(CCCCCC)C=C7)=C(S4)C8=C5C9=C(CCCCCCCCCCCC)C(S%10)=C(C(CCCCCCCCCCCC)=C9S8)C%11=C%10C(S%12)=C(C%11(C%13=CC=C(CCCCCC)C=C%13)C%14=CC=C(CCCCCC)C=C%14)C%15=C%12C=C(/C=C%16C(C(C=C(F)C=C%17)=C%17C\%16=C(C#N)/C#N)=O)S%15,45e95ea37da5bc3e18f2c067cb95f73c851335176098d8fca22fcb29952b2779,584d18a54cda29e39584acace3dd42d114fb8e15e5ce0c6d6ef862c4824c0a5c,8acbefde3ccc413a2f9b5dd2454b313ea009563052da150bf371701b116fe40f,90ab22e3374b2fba6ce6b44bb659d949d1337b2f4446191e097ef4ca0d88075c,1327b5a3b4eeffce25d4cd14a0f14c892598159b3346a3bdbfab678ee91d356d,632,678,82,265,0.5614985850352006,inhouse_r2
382,9.520000457763672,10.907628597599444,1.3876281398357726,1.3876281398357726,1.9255118544640863,14.57592513773616,in-house,439,FC(C(F)=C(C1=NN(N=C21)CCC(CCCC)CCCCCC)C3=CC=C(S3)C)=C2C(S4)=CC=C4C5=CC(C(CCCC(CCCCCC)CCCC)=C6SC(C)=CC6=C7CCCC(CCCC)CCCCCC)=C7S5,O=C(C(C=C(F)C=C1)=C1C/2=C(C#N)\C#N)C2=C/C(S3)=CC4=C3C(C5(C6=CC=C(CCCCCC)C=C6)C7=CC=C(CCCCCC)C=C7)=C(S4)C8=C5C9=C(C)C(S%10)=C(C(C)=C9S8)C%11=C%10C(S%12)=C(C%11(C%13=CC=C(CCCCCC)C=C%13)C%14=CC=C(CCCCCC)C=C%14)C%15=C%12C=C(/C=C%16C(C(C=C(F)C=C%17)=C%17C\%16=C(C#N)/C#N)=O)S%15,9.52,FC(C(F)=C(C1=NN(N=C21)CCC(CCCC)CCCCCC)C3=CC=C(S3)C)=C2C(S4)=CC=C4C5=CC(C(CCCC(CCCCCC)CCCC)=C6SC(C)=CC6=C7CCCC(CCCC)CCCCCC)=C7S5||O=C(C(C=C(F)C=C1)=C1C/2=C(C#N)\C#N)C2=C/C(S3)=CC4=C3C(C5(C6=CC=C(CCCCCC)C=C6)C7=CC=C(CCCCCC)C=C7)=C(S4)C8=C5C9=C(C)C(S%10)=C(C(C)=C9S8)C%11=C%10C(S%12)=C(C%11(C%13=CC=C(CCCCCC)C=C%13)C%14=CC=C(CCCCCC)C=C%14)C%15=C%12C=C(/C=C%16C(C(C=C(F)C=C%17)=C%17C\%16=C(C#N)/C#N)=O)S%15,45e95ea37da5bc3e18f2c067cb95f73c851335176098d8fca22fcb29952b2779,42725007662ea87d0f202b8705aebecabb60efac20730af20b536334f23baebc,e18842cbf68bea59292f6d00902138a649eda0c590e6b554a41789944a8283d6,320e1676045ad9ef2ed1318e191007bc8558258a594ccd1b12de01164318c8de,ab1a8498878c93d8c7475f2fa0515a60bbf24092473889805ca91653d0008296,1069,256,789,360,0.5756431360284925,inhouse_r2
403,9.300000190734863,8.121593862476916,-1.1784063282579478,1.1784063282579478,1.3886414744783782,12.671035527848016,in-house,465,FC(C(F)=C(C1=N2)C3=CC=C(S3)C4=CC5=C(C6=C(C(C7=CC(Cl)=C(S7)CC(CCCC)CC)=C5S4)C=C(C)S6)C8=CC(Cl)=C(S8)CC(CCCC)CC)=C(C9=CC=C(C)S9)C1=NN2CCC(CCCCCC)CCCCCCCC,c1(cc2c(cc1F)C(=O)/C(=C\c1cc3c(s1)c1c(s3)c3c(C1(c1ccc(cc1)CCCCCC)c1ccc(cc1)CCCCCC)cc1c(c3)C(c3c1sc1c3sc(c1)/C=C/1\C(=O)c3c(C1=C(C#N)C#N)cc(c(c3)F)F)(c1ccc(cc1)CCCCCC)c1ccc(cc1)CCCCCC)/C2=C(C#N)C#N)F,9.3,FC(C(F)=C(C1=N2)C3=CC=C(S3)C4=CC5=C(C6=C(C(C7=CC(Cl)=C(S7)CC(CCCC)CC)=C5S4)C=C(C)S6)C8=CC(Cl)=C(S8)CC(CCCC)CC)=C(C9=CC=C(C)S9)C1=NN2CCC(CCCCCC)CCCCCCCC||c1(cc2c(cc1F)C(=O)/C(=C\c1cc3c(s1)c1c(s3)c3c(C1(c1ccc(cc1)CCCCCC)c1ccc(cc1)CCCCCC)cc1c(c3)C(c3c1sc1c3sc(c1)/C=C/1\C(=O)c3c(C1=C(C#N)C#N)cc(c(c3)F)F)(c1ccc(cc1)CCCCCC)c1ccc(cc1)CCCCCC)/C2=C(C#N)C#N)F,b24b4e9aa4a16946a0c7c88634b4e17dcd8edc4c5829fff92fa8d0153f9bda5f,69e17d1724b4236f68d0c6efb6ad16969f13f8980d301d0056747038b20f0c8d,28b55f5b9f85e9c457287eafcce22d5755dbbc6d3f6b8927bf44384b8f6fd36f,ecc17bfcc47bd3721f3f4df6b8e0ab02efd80bdc3d7e6cb188e9d92d7079ff63,21dbce05cc4c37297a77239175630beee17579749b12c60d59373610bafa1107,175,1095,138,144,1.3769098565842424,inhouse_r2
406,9.300000190734863,11.555290684841648,2.2552904941067844,2.2552904941067844,5.086335212808423,24.250434923147854,in-house,468,O=C(C1=C(CCC(CCCC)CC)SC(CCC(CC)CCCC)=C1C2=O)C(C2=C(C3)C(C4)=CC=C4C5=CC6=C(C(C7=CC=C(CCC(CCCC)CC)S7)=C8C=CSC8=C6C9=CC=C(CCC(CCCC)CC)S9)S5)=C3C%10=CC=CS%10,ClC(C(Cl)=C1)=CC2=C1C(/C(C2=O)=C/C(S3)=CC4=C3C(C(C5=CC=C(CCCCCC)C=C5)(C6=CC=C(CCCCCC)C=C6)C7=C8C=C9C(C(SC%10=C%11SC%12=C%10C(C%13=CC=C(CCCCCC)C=C%13)(C%14=CC=C(CCCCCC)C=C%14)C%15=C%12C=C%16C(C(SC%17=C%18SC(/C=C%19C(C(C=C(Cl)C(Cl)=C%20)=C%20C\%19=C(C#N)\C#N)=O)=C%17)=C%18C%16(C%21=CC=C(CCCCCC)C=C%21)C%22=CC=C(CCCCCC)C=C%22)=C%15)=C%11C9(C%23=CC=C(CCCCCC)C=C%23)C%24=CC=C(CCCCCC)C=C%24)=C7)=C8S4)=C(C#N)/C#N,9.3,O=C(C1=C(CCC(CCCC)CC)SC(CCC(CC)CCCC)=C1C2=O)C(C2=C(C3)C(C4)=CC=C4C5=CC6=C(C(C7=CC=C(CCC(CCCC)CC)S7)=C8C=CSC8=C6C9=CC=C(CCC(CCCC)CC)S9)S5)=C3C%10=CC=CS%10||ClC(C(Cl)=C1)=CC2=C1C(/C(C2=O)=C/C(S3)=CC4=C3C(C(C5=CC=C(CCCCCC)C=C5)(C6=CC=C(CCCCCC)C=C6)C7=C8C=C9C(C(SC%10=C%11SC%12=C%10C(C%13=CC=C(CCCCCC)C=C%13)(C%14=CC=C(CCCCCC)C=C%14)C%15=C%12C=C%16C(C(SC%17=C%18SC(/C=C%19C(C(C=C(Cl)C(Cl)=C%20)=C%20C\%19=C(C#N)\C#N)=O)=C%17)=C%18C%16(C%21=CC=C(CCCCCC)C=C%21)C%22=CC=C(CCCCCC)C=C%22)=C%15)=C%11C9(C%23=CC=C(CCCCCC)C=C%23)C%24=CC=C(CCCCCC)C=C%24)=C7)=C8S4)=C(C#N)/C#N,6f31f3770fd225e382586e20513744e11a328b7cc74c758d48628417c600a02b,5198039f6ab01650dcfec979ad640aed885437d4772f7461b636c35320a72f75,da9075fe03b6cb4fa556ed9b28ce145ee1e443111f434f611643350490605b8c,0abd52263025c6bbc2886684544aa3ccc19adb746091bef06006d37d888a5510,382b8cea53881bc44b0afaa9db675cf8d818e2339462605dc780d148baeda323,1035,56,249,382,0.5191038208136898,inhouse_r2
407,9.289999961853027,8.065422737952506,-1.2245772239005213,1.2245772239005213,1.4995893772959077,13.18167092496157,in-house,469,O=C(C1=C(CCC(CCCC)CC)SC(CCC(CC)CCCC)=C1C2=O)C(C2=C(C3)C(C4)=CC=C4C5=CC6=C(C(C7=CC=C(CCC(CCCC)CC)S7)=C8C=CSC8=C6C9=CC=C(CCC(CCCC)CC)S9)S5)=C3C%10=CC=CS%10,O=C(/C(S/1)=C/C(C2=NSN=C32)=CC=C3C4=CC(SC5=C6C(C(C=C7)=CC=C7CCCCCC)(C(C=C8)=CC=C8CCCCCC)C(C5=C9)=CC%10=C9C(C%11=CC=C(CCCCCC)C=C%11)(C%12=CC=C(C=C%12)CCCCCC)C%13=C%10SC%14=C%13SC(C(C%15=NSN=C%16%15)=CC=C%16/C=C(C%17=O)\S/C(N%17CCCCCCCC)=C(C#N)/C#N)=C%14)=C6S4)N(CCCCCCCC)C1=C(C#N)\C#N,9.29,O=C(C1=C(CCC(CCCC)CC)SC(CCC(CC)CCCC)=C1C2=O)C(C2=C(C3)C(C4)=CC=C4C5=CC6=C(C(C7=CC=C(CCC(CCCC)CC)S7)=C8C=CSC8=C6C9=CC=C(CCC(CCCC)CC)S9)S5)=C3C%10=CC=CS%10||O=C(/C(S/1)=C/C(C2=NSN=C32)=CC=C3C4=CC(SC5=C6C(C(C=C7)=CC=C7CCCCCC)(C(C=C8)=CC=C8CCCCCC)C(C5=C9)=CC%10=C9C(C%11=CC=C(CCCCCC)C=C%11)(C%12=CC=C(C=C%12)CCCCCC)C%13=C%10SC%14=C%13SC(C(C%15=NSN=C%16%15)=CC=C%16/C=C(C%17=O)\S/C(N%17CCCCCCCC)=C(C#N)/C#N)=C%14)=C6S4)N(CCCCCCCC)C1=C(C#N)\C#N,6f31f3770fd225e382586e20513744e11a328b7cc74c758d48628417c600a02b,4da3cebe78c96a8bee5c1562cc09c06cd7e893c3670f05122be6e03840af6f22,a0acdf2ad7f0ed4bd72ea71895835293921b6c20e616e90ab1254463481ade12,15cf52e456acacfb4c3bd7ac271e1814fb18dac5b89c80a3cc74fd56dad955d2,97e001f840015da66161c01434b73a15bfcaef6ae9dba5491141af98822635a4,741,109,686,383,0.6987022441546815,inhouse_r2
413,9.239999771118164,7.450638143142851,-1.789361627975313,1.789361627975313,3.201815035670463,19.36538606384377,in-house,476,[Cl]C1=C(CC)SC(C2=C3C(C=C(C)C3)C(C4=CC([Cl])=C(S4)CC)=C5SC(C6=CC=C(S6)C7=C(C(C8=C(SC(CC)=C8C9=O)CC)=O)C9=C(C%10=CC=C(S%10)C)S7)=CC25)=C1,O=C(C(C=C(C(Cl)=C1)Cl)=C1C/2=C(C#N)\C#N)C2=C/C3=CC(C4(C5=CC=C(C=C5)CCCCCC)C(C=C6)=CC=C6CCCCCC)=C(C(C=C7C8(C(C=C9)=CC=C9CCCCCC)C(C=C%10)=CC=C%10CCCCCC)=C4C=C7C%11=C8C=C(/C=C%12C(C(C=C(C(Cl)=C%13)Cl)=C%13C\%12=C(C#N)\C#N)=O)S%11)S3,9.24,[Cl]C1=C(CC)SC(C2=C3C(C=C(C)C3)C(C4=CC([Cl])=C(S4)CC)=C5SC(C6=CC=C(S6)C7=C(C(C8=C(SC(CC)=C8C9=O)CC)=O)C9=C(C%10=CC=C(S%10)C)S7)=CC25)=C1||O=C(C(C=C(C(Cl)=C1)Cl)=C1C/2=C(C#N)\C#N)C2=C/C3=CC(C4(C5=CC=C(C=C5)CCCCCC)C(C=C6)=CC=C6CCCCCC)=C(C(C=C7C8(C(C=C9)=CC=C9CCCCCC)C(C=C%10)=CC=C%10CCCCCC)=C4C=C7C%11=C8C=C(/C=C%12C(C(C=C(C(Cl)=C%13)Cl)=C%13C\%12=C(C#N)\C#N)=O)S%11)S3,7a11f928c0e326f5a997d7edb123c3e2980ed2dc99d8540493801d0b5415b33f,1deed1f0d0fb5917a5688be3b10705c3a9716618064f4fe6ff1d92b887f11460,d50461ad90b0273c2be4a5307b7615e5a4cd6cde775a6de6cc16e3ebe907b87a,31fae172152c19286525e3c726ed638cc13576c9f8c13b0044e83aa81e272767,a921ddd706f2aee528e5db62317cf440e74516074d5d715e94fb3ad49877473a,1013,254,779,389,0.6622540225123862,inhouse_r2
417,9.199999809265137,9.643535817023553,0.4435360077584143,0.4435360077584143,0.1967241901782721,4.82104366254158,in-house,481,FC(C(F)=C(C1=NN(N=C21)CCC)C3=CC(CC(CCCCCCCCCC)CCCCCCCCCCCC)=C(S3)C4=CC=C(S4)C5=CC(F)=C(C=C5F)C6=CC=C(C)S6)=C2C7=CC(CC(CCCCCCCCCCCC)CCCCCCCCCC)=C(C)S7,O=C(C1=CC=CC=C1C/2=C(C#N)\C#N)C2=C/C3=CC4=C(C(C(C5=CC=C(CCCCCC)S5)(C6=C7C=C8C(C9=CC=C(S9)CCCCCC)(C%10=CC=C(S%10)CCCCCC)C%11=C(SC%12=C%11SC(/C=C%13C(C%14=CC=CC=C%14C\%13=C(C#N)\C#N)=O)=C%12)C8=C6)C(S%15)=CC=C%15CCCCCC)=C7S4)S3,9.2,FC(C(F)=C(C1=NN(N=C21)CCC)C3=CC(CC(CCCCCCCCCC)CCCCCCCCCCCC)=C(S3)C4=CC=C(S4)C5=CC(F)=C(C=C5F)C6=CC=C(C)S6)=C2C7=CC(CC(CCCCCCCCCCCC)CCCCCCCCCC)=C(C)S7||O=C(C1=CC=CC=C1C/2=C(C#N)\C#N)C2=C/C3=CC4=C(C(C(C5=CC=C(CCCCCC)S5)(C6=C7C=C8C(C9=CC=C(S9)CCCCCC)(C%10=CC=C(S%10)CCCCCC)C%11=C(SC%12=C%11SC(/C=C%13C(C%14=CC=CC=C%14C\%13=C(C#N)\C#N)=O)=C%12)C8=C6)C(S%15)=CC=C%15CCCCCC)=C7S4)S3,9a8df04966ed33d348b6c32ec29968e5c9f9a947ba20227865e8f68e6506e7d2,324d6e5b76a9400503a81056ec0f63ac76d712428565dd1fa4bf1871d8f66e0c,9d772aa4e62cfed3ebee0f0243b1d51ed295f5b1069e81da586f63509a81d7ec,b1f2e5a41dfc1ead679123a5c1d4c9398ccf2c598f7f1f3ef5d88b2131a1d37c,fb21d5b04f099d8bf3fd59d599e1adfb87ecdf53b5cbb2d826f62b7fd9051cdf,717,807,1168,393,0.5995946119800041,inhouse_r2
418,9.199999809265137,10.151551983144024,0.9515521738788876,0.9515521738788876,0.9054515396136368,10.34295862615778,in-house,482,O=C(C1=C(CCC(CCCC)CC)SC(CCC(CC)CCCC)=C1C2=O)C(C2=C(C3)C(C4)=CC=C4C5=CC6=C(C(C7=CC=C(CCC(CCCC)CC)S7)=C8C=CSC8=C6C9=CC=C(CCC(CCCC)CC)S9)S5)=C3C%10=CC=CS%10,O=C1C(/C(C2=CSC=C21)=C(C#N)\C#N)=C\C3=CC4=C(C(C=C5C(C6=CC=C(CCCCCC)C=C6)(C7=CC=C(CCCCCC)C=C7)C8=C(SC9=C8SC(/C=C%10C(C%11=CSC=C%11C\%10=C(C#N)/C#N)=O)=C9)C5=C%12)=C%12C4(C%13=CC=C(CCCCCC)C=C%13)C%14=CC=C(CCCCCC)C=C%14)S3,9.2,O=C(C1=C(CCC(CCCC)CC)SC(CCC(CC)CCCC)=C1C2=O)C(C2=C(C3)C(C4)=CC=C4C5=CC6=C(C(C7=CC=C(CCC(CCCC)CC)S7)=C8C=CSC8=C6C9=CC=C(CCC(CCCC)CC)S9)S5)=C3C%10=CC=CS%10||O=C1C(/C(C2=CSC=C21)=C(C#N)\C#N)=C\C3=CC4=C(C(C=C5C(C6=CC=C(CCCCCC)C=C6)(C7=CC=C(CCCCCC)C=C7)C8=C(SC9=C8SC(/C=C%10C(C%11=CSC=C%11C\%10=C(C#N)/C#N)=O)=C9)C5=C%12)=C%12C4(C%13=CC=C(CCCCCC)C=C%13)C%14=CC=C(CCCCCC)C=C%14)S3,6f31f3770fd225e382586e20513744e11a328b7cc74c758d48628417c600a02b,dd8b6bed37d09ecab0cbb55cab8737534c3645713d8a7938e6148245365fcab5,ec2d89a89746db25b0a596b8cda9e221f15320372a930cef49e300ac53075039,480b9d4b614e69d7f86d4ec1c7b6d03f4ba04a23e13f03bf093044f16ad788f2,913f5c4acb5acd3b9d7e6f8d15f3add7f86e867a2eb3cc420803c0a0a6f7b41f,1113,343,659,394,0.5115933872302091,inhouse_r2
419,9.1899995803833,10.508797692780448,1.3187981123971468,1.3187981123971468,1.7392284612622777,14.35036096424002,in-house,483,O=C(C1=C(CCC(CCCC)CC)SC(CCC(CC)CCCC)=C1C2=O)C(C2=C(C3)C(C4)=CC=C4C5=CC6=C(C(C7=CC=C(CCC(CCCC)CC)S7)=C8C=CSC8=C6C9=CC=C(CCC(CCCC)CC)S9)S5)=C3C%10=CC=CS%10,N#C/C(C#N)=C(C1=CC=CC=C1C2=O)/C2=C/C3=CC4=C(C5=C(C=C6C(C(CCCCCC)(CCCCCC)C7=C6SC(/C=C8/C(C9=CC=CC=C9C8=O)=C(C#N)/C#N)=C7)=C5)C4(CCCCCC)CCCCCC)S3,9.19,O=C(C1=C(CCC(CCCC)CC)SC(CCC(CC)CCCC)=C1C2=O)C(C2=C(C3)C(C4)=CC=C4C5=CC6=C(C(C7=CC=C(CCC(CCCC)CC)S7)=C8C=CSC8=C6C9=CC=C(CCC(CCCC)CC)S9)S5)=C3C%10=CC=CS%10||N#C/C(C#N)=C(C1=CC=CC=C1C2=O)/C2=C/C3=CC4=C(C5=C(C=C6C(C(CCCCCC)(CCCCCC)C7=C6SC(/C=C8/C(C9=CC=CC=C9C8=O)=C(C#N)/C#N)=C7)=C5)C4(CCCCCC)CCCCCC)S3,6f31f3770fd225e382586e20513744e11a328b7cc74c758d48628417c600a02b,0cc00e1ba2d95fe8288dc072edf395ee6fc3678daa4e12f6703c7be7d2c5a409,2e04d14dd450a0193aa5384d4e2543c6e5910fef19bc229cba5eef79ad8b8300,32009831a6351f02a68cb2910a7b563f3286ef21e8c7d5ed69cae15ab5884891,7de2f922f7bf3fc40af78adfc935fa05cd30577855405d82236cc71c573cf43b,203,255,574,395,0.6391675986891483,inhouse_r2
425,9.119999885559082,9.962218152414454,0.8422182668553724,0.8422182668553724,0.7093316090248672,9.234849533155913,in-house,489,FC(C(F)=C(C1=NN(N=C21)CCC(CCCC)CCCCCC)C3=CC=C(S3)C)=C2C(S4)=CC=C4C5=CC(C(CCCC(CCCCCC)CCCC)=C6SC(C)=CC6=C7CCCC(CCCC)CCCCCC)=C7S5,O=C1C2=C(C=C(F)C=C2)C(/C1=C/C(S3)=CC4=C3C(SC5=C6SC7=C5OC(C8=CC=C(CCCCCC)C=C8)(C9=CC=C(CCCCCC)C=C9)C%10=C7SC(/C=C%11/C(C(C=CC(F)=C%12)=C%12C%11=O)=C(C#N)\C#N)=C%10)=C6OC4(C%13=CC=C(CCCCCC)C=C%13)C%14=CC=C(CCCCCC)C=C%14)=C(C#N)/C#N,9.12,FC(C(F)=C(C1=NN(N=C21)CCC(CCCC)CCCCCC)C3=CC=C(S3)C)=C2C(S4)=CC=C4C5=CC(C(CCCC(CCCCCC)CCCC)=C6SC(C)=CC6=C7CCCC(CCCC)CCCCCC)=C7S5||O=C1C2=C(C=C(F)C=C2)C(/C1=C/C(S3)=CC4=C3C(SC5=C6SC7=C5OC(C8=CC=C(CCCCCC)C=C8)(C9=CC=C(CCCCCC)C=C9)C%10=C7SC(/C=C%11/C(C(C=CC(F)=C%12)=C%12C%11=O)=C(C#N)\C#N)=C%10)=C6OC4(C%13=CC=C(CCCCCC)C=C%13)C%14=CC=C(CCCCCC)C=C%14)=C(C#N)/C#N,45e95ea37da5bc3e18f2c067cb95f73c851335176098d8fca22fcb29952b2779,9b32ab6fe99218e450196f03c323ab90d19901cf835dd04fa263e1171b59f8fa,b999aa1801a5895a37b85f54822d668abd246c8710a4c41216e0ae5355625780,00f7924ab5f417c71eb907e2c8046e629e35de7f530d83ab6b5a3fe8a6520752,01c6a9f2b9bc11d46405563ec812bb95e7efdbedda9f3b17e5f8c7f98c84a74e,877,4,9,401,0.6103239806163877,inhouse_r2
430,9.09000015258789,10.01404055038301,0.9240403977951192,0.9240403977951192,0.8538506567573623,10.165460751197548,in-house,494,FC(C=C(C1=C2SC=CC2=C(C3=CC(F)=C(CC(CCCC)CC)S3)C4=C1C=C(C5=CC=C(C6=C(C(C(C7=C(CC(CCCC)CC)SC(CC(CC)CCCC)=C78)=O)=C(C9=CC=CC9)S6)C8=O)S5)S4)S%10)=C%10CC(CC)CCCC,[F]C1=C(C(F)=C(C(C2=CC(C(CC(CCCC)CC)(CC(CCCC)CC)C3=C4SC(/C=C5C(C6=CC(F)=C(C=C6C\5=C(C#N)\C#N)F)=O)=C3)=C4S2)=C1F)[F])C7=CC8=C(C9=C(C8(CC(CCCC)CC)CC(CCCC)CC)C=C(/C=C%10C(C%11=CC(F)=C(C=C%11C\%10=C(C#N)/C#N)S)=O)S9)S7,9.09,FC(C=C(C1=C2SC=CC2=C(C3=CC(F)=C(CC(CCCC)CC)S3)C4=C1C=C(C5=CC=C(C6=C(C(C(C7=C(CC(CCCC)CC)SC(CC(CC)CCCC)=C78)=O)=C(C9=CC=CC9)S6)C8=O)S5)S4)S%10)=C%10CC(CC)CCCC||[F]C1=C(C(F)=C(C(C2=CC(C(CC(CCCC)CC)(CC(CCCC)CC)C3=C4SC(/C=C5C(C6=CC(F)=C(C=C6C\5=C(C#N)\C#N)F)=O)=C3)=C4S2)=C1F)[F])C7=CC8=C(C9=C(C8(CC(CCCC)CC)CC(CCCC)CC)C=C(/C=C%10C(C%11=CC(F)=C(C=C%11C\%10=C(C#N)/C#N)S)=O)S9)S7,61eee9608e36bdb1d3a96a3ad1baa39916f3a546e29d11481966a5a2d3d30f3c,db6e55e19b955541153e3586ccdfaf2d6b81a3b211d8827c73781e91aa285e89,3733c63849f8be9d9b1f0345dbcf8884f527afc50febc88941ef17c944470d70,e78e8546302456a858d3c27c0a6d20f20ca0a7f0f1893dfc02ab6a050cb1b510,ebd55e0289b660ee81c8419271bd8d1c287d7cefd7d3a46434ddd21436ac801b,242,1068,1102,406,0.6788701983423293,inhouse_r2
431,9.050000190734863,9.412957498342683,0.3629573076078198,0.3629573076078198,0.1317380071459175,4.010577900091156,in-house,495,CC1=CC(C(S1)=C(C2=C3SC(C4=CC=C(C5=C6C(C(C7=C(SC(CCCCCCCC)=C7C6=O)CCCCCCCC)=O)=C(C8=CC=C(C)S8)S5)S4)=C2)C9=CC=C(S9)CC(CC)CCCC)=C3C%10=CC=C(S%10)CC(CCCC)CC,c12cc3c(cc1C(c1c2sc2c1sc(c2)/C=C\1/C(=C(C#N)C#N)c2c(C1=O)cccc2)(c1ccc(cc1)CCCCCC)c1ccc(cc1)CCCCCC)c1c(C3(c2ccc(cc2)CCCCCC)c2ccc(cc2)CCCCCC)c2c(s1)cc(s2)/C=C\1/C(=C(C#N)C#N)c2c(C1=O)cccc2,9.05,CC1=CC(C(S1)=C(C2=C3SC(C4=CC=C(C5=C6C(C(C7=C(SC(CCCCCCCC)=C7C6=O)CCCCCCCC)=O)=C(C8=CC=C(C)S8)S5)S4)=C2)C9=CC=C(S9)CC(CC)CCCC)=C3C%10=CC=C(S%10)CC(CCCC)CC||c12cc3c(cc1C(c1c2sc2c1sc(c2)/C=C\1/C(=C(C#N)C#N)c2c(C1=O)cccc2)(c1ccc(cc1)CCCCCC)c1ccc(cc1)CCCCCC)c1c(C3(c2ccc(cc2)CCCCCC)c2ccc(cc2)CCCCCC)c2c(s1)cc(s2)/C=C\1/C(=C(C#N)C#N)c2c(C1=O)cccc2,3d2964df018da7416712535bee785ad82cc65b6266b1700967597b351c1ccdfd,202f8607af2cecb83e86b2e4305f8c7e2852bc709bb805b9055691d46a9081c5,28ba53a3c91ad8a057db57d30c4afa377762bf85961098a89de95beb8d1690d9,d0e3a0fa2bb06124e26d74f996a4ccf2935d5f186dd3569511b3663a4692ab78,11d78e9c29b3c63f0a440a7b54bbca77c9df1b6691abf42c5bc856fa944b699f,176,966,77,407,0.6050537005250768,inhouse_r2
432,9.029999732971191,8.241638447978708,-0.788361284992483,0.788361284992483,0.621513515674999,8.73046853051328,in-house,496,c1csc2c1c(c1c(c2c2cc(c(s2)CCCCCCCC)CCCCCCCC)cc(s1)c1sc(c(c1)CCCCCC)c1sc2c(n1)sc(n2)c1sccc1CCCCCC)c1cc(c(s1)CCCCCCCC)CCCCCCCC,c12cc3c(cc1C(c1c2sc2c1sc(c2)/C=C\1/C(=C(C#N)C#N)c2c(C1=O)cccc2)(c1ccc(cc1)OCCCCCC)c1ccc(cc1)OCCCCCC)c1c(C3(c2ccc(cc2)OCCCCCC)c2ccc(cc2)OCCCCCC)c2c(s1)cc(s2)/C=C\1/C(=C(C#N)C#N)c2c(C1=O)cccc2,9.03,c1csc2c1c(c1c(c2c2cc(c(s2)CCCCCCCC)CCCCCCCC)cc(s1)c1sc(c(c1)CCCCCC)c1sc2c(n1)sc(n2)c1sccc1CCCCCC)c1cc(c(s1)CCCCCCCC)CCCCCCCC||c12cc3c(cc1C(c1c2sc2c1sc(c2)/C=C\1/C(=C(C#N)C#N)c2c(C1=O)cccc2)(c1ccc(cc1)OCCCCCC)c1ccc(cc1)OCCCCCC)c1c(C3(c2ccc(cc2)OCCCCCC)c2ccc(cc2)OCCCCCC)c2c(s1)cc(s2)/C=C\1/C(=C(C#N)C#N)c2c(C1=O)cccc2,7ef4e8f49637126dc67c9159eaedd500d4beeced87b4940d8372cd582ad7778e,2fc7b353270f61ced8b2448b3caced6f270384248a93de6efbe60c799205a6dc,98dbb84cea39fa6b8bda49e17d4f04668852d8f04abc167a5eced77f0fb94340,c9d5aaf48d9ba1bc9fd929e0af5cd96ec263057b8e41b1a4aab325d5a26e1bea,0ff426f1f71b87f32e5c533722c7e12204853d8d53c4477c4a1b46b5613f2e88,697,928,74,408,0.6139491292774923,inhouse_r2
433,9.029999732971191,10.140509067195476,1.110509334224286,1.110509334224286,1.233230981399267,12.297999635254572,in-house,497,O=C(C1=C(CCC(CCCC)CC)SC(CCC(CC)CCCC)=C1C2=O)C(C2=C(C3)C(C4)=CC=C4C5=CC6=C(C(C7=CC=C(CCC(CCCC)CC)S7)=C8C=CSC8=C6C9=CC=C(CCC(CCCC)CC)S9)S5)=C3C%10=CC=CS%10,FC(C=C1C2=CC(C3(CC(CCCC)CC)CC(CCCC)CC)=C(S2)C(S4)=C3C=C4/C=C(C(C5=CC(Cl)=C(C=C56)Cl)=O)/C6=C(C#N)/C#N)=C(C=C1F)C7=CC8=C(C9=C(C8(CC(CCCC)CC)CC(CCCC)CC)C=C(/C=C%10C(C%11=CC(Cl)=C(C=C%11C\%10=C(C#N)\C#N)Cl)=O)S9)S7,9.03,O=C(C1=C(CCC(CCCC)CC)SC(CCC(CC)CCCC)=C1C2=O)C(C2=C(C3)C(C4)=CC=C4C5=CC6=C(C(C7=CC=C(CCC(CCCC)CC)S7)=C8C=CSC8=C6C9=CC=C(CCC(CCCC)CC)S9)S5)=C3C%10=CC=CS%10||FC(C=C1C2=CC(C3(CC(CCCC)CC)CC(CCCC)CC)=C(S2)C(S4)=C3C=C4/C=C(C(C5=CC(Cl)=C(C=C56)Cl)=O)/C6=C(C#N)/C#N)=C(C=C1F)C7=CC8=C(C9=C(C8(CC(CCCC)CC)CC(CCCC)CC)C=C(/C=C%10C(C%11=CC(Cl)=C(C=C%11C\%10=C(C#N)\C#N)Cl)=O)S9)S7,6f31f3770fd225e382586e20513744e11a328b7cc74c758d48628417c600a02b,a7c4b5541b8a9fcdc451b3fdf50c088a6f31721140ab77690d39d1dcc9517b61,9d7c5c31eb97de02884f121f2acced01e10a1058d5e920928391f3fa7e39bf36,688465db3e3753072bff61a8617f174dd86d46eda8ab1acdf5670dacf201932f,608ad3f139b359fe1423a371f832308404afeb0ee8180e7ec08d2d053388d44a,718,504,433,409,0.561396223106089,inhouse_r2
435,9.0,10.950365491432718,1.9503654914327184,1.9503654914327184,3.803925550171588,21.67072768258576,in-house,500,O=C(C1=C(CCC(CCCC)CC)SC(CCC(CC)CCCC)=C1C2=O)C(C2=C(C3)C(C4)=CC=C4C5=CC6=C(C(C7=CC=C(CCC(CCCC)CC)S7)=C8C=CSC8=C6C9=CC=C(CCC(CCCC)CC)S9)S5)=C3C%10=CC=CS%10,O=C(C1=CC=CC=C1C/2=C(C#N)/C#N)C2=C/C3=CC(SC4=C5C(CCCCCCCC)(CCCCCCCC)C6=C4C=C7C(C8=CC(C(C9=C%10SC%11=C9SC(/C=C%12C(C%13=C(C=CC=C%13)C\%12=C(C#N)/C#N)=O)=C%11)(CCCCCCCC)CCCCCCCC)=C%10C=C8C7(CCCCCCCC)CCCCCCCC)=C6)=C5S3,9.0,O=C(C1=C(CCC(CCCC)CC)SC(CCC(CC)CCCC)=C1C2=O)C(C2=C(C3)C(C4)=CC=C4C5=CC6=C(C(C7=CC=C(CCC(CCCC)CC)S7)=C8C=CSC8=C6C9=CC=C(CCC(CCCC)CC)S9)S5)=C3C%10=CC=CS%10||O=C(C1=CC=CC=C1C/2=C(C#N)/C#N)C2=C/C3=CC(SC4=C5C(CCCCCCCC)(CCCCCCCC)C6=C4C=C7C(C8=CC(C(C9=C%10SC%11=C9SC(/C=C%12C(C%13=C(C=CC=C%13)C\%12=C(C#N)/C#N)=O)=C%11)(CCCCCCCC)CCCCCCCC)=C%10C=C8C7(CCCCCCCC)CCCCCCCC)=C6)=C5S3,6f31f3770fd225e382586e20513744e11a328b7cc74c758d48628417c600a02b,10ccc085e86003224445ea8551ba233d373f1bd4cd3b832aa2c0bf3775f351cf,ee913480f354a49a7fa7f92e3e260df27c43c0c15c73da268352d6bcdc9a0522,4b88840a98e85f60251108e9cd8f721d8c4006f22f1d4fbeaf49166e9e0d6e94,a4ec1f61b37eba4fbfd3018baeaed639427fdf99700a4aa5da20d567f3a4db63,1122,360,759,411,0.5560217334361981,inhouse_r2
440,8.960000038146973,8.45026198944243,-0.5097380487045431,0.5097380487045431,0.2598328782971151,5.689040697927972,in-house,507,FC1=C(C2=CC=C(C3=CC4=C(C(C(C=C5F)=CC(F)=C5CC(CCCC)CC)=C6C=C(OC6=C4C(C=C7F)=CC(F)=C7CC(CC)CCCC)C)O3)S2)C8=NN(CC(CCCCCCCC)CCCCCC)N=C8C(C9=CC=C(C)S9)=C1F,c12cc3c(cc1C(c1c2sc2c1sc(c2)/C=C\1/C(=C(C#N)C#N)c2c(C1=O)cccc2)(c1cccc(c1)CCCCCC)c1cc(ccc1)CCCCCC)c1c(C3(c2cc(ccc2)CCCCCC)c2cccc(c2)CCCCCC)c2c(s1)cc(s2)/C=C\1/C(=C(C#N)C#N)c2c(C1=O)cccc2,8.96,FC1=C(C2=CC=C(C3=CC4=C(C(C(C=C5F)=CC(F)=C5CC(CCCC)CC)=C6C=C(OC6=C4C(C=C7F)=CC(F)=C7CC(CC)CCCC)C)O3)S2)C8=NN(CC(CCCCCCCC)CCCCCC)N=C8C(C9=CC=C(C)S9)=C1F||c12cc3c(cc1C(c1c2sc2c1sc(c2)/C=C\1/C(=C(C#N)C#N)c2c(C1=O)cccc2)(c1cccc(c1)CCCCCC)c1cc(ccc1)CCCCCC)c1c(C3(c2cc(ccc2)CCCCCC)c2cccc(c2)CCCCCC)c2c(s1)cc(s2)/C=C\1/C(=C(C#N)C#N)c2c(C1=O)cccc2,0eba39b92d3306533f37e1089333de7bf54469696f9634a85ef7c679c887edab,50864152acede518837f13b246d168a2c910162b60d24eaca8a12069a3584c43,b06dee734ea17d87c49bd4da3ee0020df7c73b8adb89a121df5b668ad131327f,02764a75072ff9d34206dc05d5000d1937ebac74d94bda8b9149b2e473dc26de,b1a1d93b3f1d603c69af53616e6349e15636e66963a693e45a08103bc4cc93af,816,12,820,416,0.7011615743927756,inhouse_r2
442,8.90999984741211,9.766477244915349,0.8564773975032391,0.8564773975032391,0.7335535324339215,9.612541101804858,in-house,509,O=C(C1=C(CC(CCCC)CC)SC(CC(CCCC)CC)=C12)C3=C(C4=CC=CS4)SC(C(S5)=CC=C5C6=CC7=C(C8=CC=C(CC(CCCC)CCCCCC)C=C8)C(SC=C9)=C9C(C%10=CC=C(CC(CCCCCC)CCCC)C=C%10)=C7S6)=C3C2=O,O=C(C(C=C(C=CC=C1)C1=C2)=C2C/3=C(C#N)\C#N)C3=C/C4=CC(C5(C6=CC=C(CCCCCC)C=C6)C7=CC=C(CCCCCC)C=C7)=C(C8=CC9=C(C%10=C(C9(C%11=CC=C(C=C%11)CCCCCC)C%12=CC=C(C=C%12)CCCCCC)C=C(/C=C%13C(C(C=C(C=CC=C%14)C%14=C%15)=C%15C\%13=C(C#N)\C#N)=O)S%10)C=C85)S4,8.91,O=C(C1=C(CC(CCCC)CC)SC(CC(CCCC)CC)=C12)C3=C(C4=CC=CS4)SC(C(S5)=CC=C5C6=CC7=C(C8=CC=C(CC(CCCC)CCCCCC)C=C8)C(SC=C9)=C9C(C%10=CC=C(CC(CCCCCC)CCCC)C=C%10)=C7S6)=C3C2=O||O=C(C(C=C(C=CC=C1)C1=C2)=C2C/3=C(C#N)\C#N)C3=C/C4=CC(C5(C6=CC=C(CCCCCC)C=C6)C7=CC=C(CCCCCC)C=C7)=C(C8=CC9=C(C%10=C(C9(C%11=CC=C(C=C%11)CCCCCC)C%12=CC=C(C=C%12)CCCCCC)C=C(/C=C%13C(C(C=C(C=CC=C%14)C%14=C%15)=C%15C\%13=C(C#N)\C#N)=O)S%10)C=C85)S4,826e531b71e4c0ef06b575364b50a339b3da70c19584a5cd5231c22bd6d85201,24129537716343b6e8373f699534e83e035b9db95fe6bcf8bbc834cd4c1c999b,b8ff5d273d41871eb8189288455d762b6cd287a63b991cfbbe431f1c8ec04c0a,e1dcd5ee365eeee5411b9ef225e69e2a3faae3de3659743bac23d7c85fb0dbba,5389971e6b9481b4efdecdcc9fd5ba59ac21c12f438d74c8a1a0accddc4428ea,870,1041,378,418,0.7185501565403378,inhouse_r2
448,8.8100004196167,7.9787105853014655,-0.8312898343152337,0.8312898343152337,0.6910427886358488,9.43575249399819,in-house,516,ClC1=C(C2=CC=C(S2)C(OC)=O)SC3=C(C)SC(C4=CC(C(S4)=C(C5=C6SC(C)=C5)C7=CC=C(S7)CC(CC)CCCC)=C6C8=CC=C(S8)CC(CCCCC)CC)=C13,c12cc3c(cc1C(c1c2sc2c1sc(c2)/C=C\1/C(=C(C#N)C#N)c2c(C1=O)cccc2)(c1ccc(cc1)CCCCCC)c1ccc(cc1)CCCCCC)c1c(C3(c2ccc(cc2)CCCCCC)c2ccc(cc2)CCCCCC)c2c(s1)cc(s2)/C=C\1/C(=C(C#N)C#N)c2c(C1=O)cccc2,8.81,ClC1=C(C2=CC=C(S2)C(OC)=O)SC3=C(C)SC(C4=CC(C(S4)=C(C5=C6SC(C)=C5)C7=CC=C(S7)CC(CC)CCCC)=C6C8=CC=C(S8)CC(CCCCC)CC)=C13||c12cc3c(cc1C(c1c2sc2c1sc(c2)/C=C\1/C(=C(C#N)C#N)c2c(C1=O)cccc2)(c1ccc(cc1)CCCCCC)c1ccc(cc1)CCCCCC)c1c(C3(c2ccc(cc2)CCCCCC)c2ccc(cc2)CCCCCC)c2c(s1)cc(s2)/C=C\1/C(=C(C#N)C#N)c2c(C1=O)cccc2,a7811521b0e2dc660500ea34b50d830b517abba8fe0b3cfd24377aa3ccb278b7,202f8607af2cecb83e86b2e4305f8c7e2852bc709bb805b9055691d46a9081c5,7634cddc753009dc4ac745c56e7b957e6ba88e920ac7516a7163347288402843,193d945d88ed1a7cc63d17ffb1ce40975a66e95ff4fd6dc7d347564248908266,276a17e7f1b4ddd96ffb4801c78ed4f7214026ae96c4a42839cb0fca3a284225,534,127,169,424,0.4733826280857476,inhouse_r2
451,8.789999961853027,7.213249249033408,-1.576750712819619,1.576750712819619,2.4861428103771765,17.938005911972983,in-house,519,O=C(C1=C(CCC(CCCC)CC)SC(CCC(CC)CCCC)=C1C2=O)C(C2=C(C3)C(C4)=CC=C4C5=CC6=C(C(C7=CC=C(CCC(CCCC)CC)S7)=C8C=CSC8=C6C9=CC=C(CCC(CCCC)CC)S9)S5)=C3C%10=CC=CS%10,O=C1C(/C(C2=C1C=CC=C2)=C(C#N)\C#N)=C\C3=CC(OCC(CCCC)CC)=C(C4=CC(C(C5=CC(C6=C7C=C(C8=C(C=C(/C=C(C9=O)/C(C%10=C9C=CC=C%10)=C(C#N)\C#N)S8)OCC(CCCC)CC)S6)=C(C7(C%11=CC=C(C=C%11)CCCCCC)C%12=CC=C(C=C%12)CCCCCC)C=C%135)(C%14=CC=C(C=C%14)CCCCCC)C(C=C%15)=CC=C%15CCCCCC)=C%13S4)S3,8.79,O=C(C1=C(CCC(CCCC)CC)SC(CCC(CC)CCCC)=C1C2=O)C(C2=C(C3)C(C4)=CC=C4C5=CC6=C(C(C7=CC=C(CCC(CCCC)CC)S7)=C8C=CSC8=C6C9=CC=C(CCC(CCCC)CC)S9)S5)=C3C%10=CC=CS%10||O=C1C(/C(C2=C1C=CC=C2)=C(C#N)\C#N)=C\C3=CC(OCC(CCCC)CC)=C(C4=CC(C(C5=CC(C6=C7C=C(C8=C(C=C(/C=C(C9=O)/C(C%10=C9C=CC=C%10)=C(C#N)\C#N)S8)OCC(CCCC)CC)S6)=C(C7(C%11=CC=C(C=C%11)CCCCCC)C%12=CC=C(C=C%12)CCCCCC)C=C%135)(C%14=CC=C(C=C%14)CCCCCC)C(C=C%15)=CC=C%15CCCCCC)=C%13S4)S3,6f31f3770fd225e382586e20513744e11a328b7cc74c758d48628417c600a02b,87476fb90d0db17e58b2a62e38ecc6765e2842c257a662603688167ffd1038b6,c29245d1bbf4c187b9df735d4328f2e8991e088de2a2d484f937aef7fa928b4b,a88ba12a97b6ad6e31a60a91acae8032dd1ba570fb45a0a939a2a13b1c4f666e,0a460d4e5c5f12386533d0a4826783b777b3a382f787f41b2a306fef18d5e52a,928,774,52,427,0.5577690231503297,inhouse_r2
452,8.789999961853027,8.582293458504251,-0.2077065033487759,0.2077065033487759,0.043141991533375,2.362986396475355,in-house,520,O=C(C1=C(CCC(CCCC)CC)SC(CCC(CC)CCCC)=C1C2=O)C(C2=C(C3)C(C4)=CC=C4C5=CC6=C(C(C7=CC=C(CCC(CCCC)CC)S7)=C8C=CSC8=C6C9=CC=C(CCC(CCCC)CC)S9)S5)=C3C%10=CC=CS%10,O=C(C(C=CC=C1)=C1C/2=C(C#N)\C#N)C2=C\C3=CSC(C4=CC5=C(C(C=C6C(C7=CC=C(C=C7)CCCCCC)(C8=CC=C(C=C8)CCCCCC)C9=C(SC(C%10=C(OCCCCCCCC)C(/C=C%11C(C(C=CC=C%12)=C%12C/%11=C(C#N)/C#N)=O)=CS%10)=C9)C6=C%13)=C%13C5(C%14=CC=C(CCCCCC)C=C%14)C(C=C%15)=CC=C%15CCCCCC)S4)=C3OCCCCCCCC,8.79,O=C(C1=C(CCC(CCCC)CC)SC(CCC(CC)CCCC)=C1C2=O)C(C2=C(C3)C(C4)=CC=C4C5=CC6=C(C(C7=CC=C(CCC(CCCC)CC)S7)=C8C=CSC8=C6C9=CC=C(CCC(CCCC)CC)S9)S5)=C3C%10=CC=CS%10||O=C(C(C=CC=C1)=C1C/2=C(C#N)\C#N)C2=C\C3=CSC(C4=CC5=C(C(C=C6C(C7=CC=C(C=C7)CCCCCC)(C8=CC=C(C=C8)CCCCCC)C9=C(SC(C%10=C(OCCCCCCCC)C(/C=C%11C(C(C=CC=C%12)=C%12C/%11=C(C#N)/C#N)=O)=CS%10)=C9)C6=C%13)=C%13C5(C%14=CC=C(CCCCCC)C=C%14)C(C=C%15)=CC=C%15CCCCCC)S4)=C3OCCCCCCCC,6f31f3770fd225e382586e20513744e11a328b7cc74c758d48628417c600a02b,c011096250e87b2429fba3d65fb93dbe78333932313fc52542086860f0dd954f,49491188eccc58c0cc432d52a98bfb3e40506d4085e3b71336afba572c0d4da8,881288fe5848b4b18bf247d871f4cfa703215e24408e372663eee1d8d38f958e,1d36d24be0c155da4c7c27471f6749f7669714412852c3f381940a62857b96d4,340,638,123,428,0.5079386241033251,inhouse_r2
456,8.699999809265137,7.372091236681041,-1.3279085725840956,1.3279085725840956,1.7633411771423302,15.263317260880031,in-house,524,FC1=C(C(OCC(CCCC)CC)=O)SC2=CSC(C3=CC4=C(C5=C(C(C6=CC=C(CC(CC)CCCC)S6)=C4S3)C=CS5)C7=CC=C(CC(CC)CCCC)S7)=C12,O=C(/C(SC1=S)=C\C2=CC=C(C3=NSN=C23)C4=CC=C(S4)C5=CC=C6C(C(C7=CC=C(C=C7)CCCCCC)(C8=C6SC(C9=CC=C(C%10=NSN=C9%10)/C=C%11SC(N(C/%11=O)CC)=S)=C8)C%12=CC=C(C=C%12)CCCCCC)=C5)N1CC,8.7,FC1=C(C(OCC(CCCC)CC)=O)SC2=CSC(C3=CC4=C(C5=C(C(C6=CC=C(CC(CC)CCCC)S6)=C4S3)C=CS5)C7=CC=C(CC(CC)CCCC)S7)=C12||O=C(/C(SC1=S)=C\C2=CC=C(C3=NSN=C23)C4=CC=C(S4)C5=CC=C6C(C(C7=CC=C(C=C7)CCCCCC)(C8=C6SC(C9=CC=C(C%10=NSN=C9%10)/C=C%11SC(N(C/%11=O)CC)=S)=C8)C%12=CC=C(C=C%12)CCCCCC)=C5)N1CC,2249a87c8fc0450476e55f070a85b71ffa6beb368356c28f1302bad8bac422cb,5f52ab950f036a1d2a8a8b1a30a724d384ed28f370b5ff88113fac0d98926e47,95b7d59ff882fc0d2be391e33f222ee5d8a54adefb340f320bb24d95944d9058,d1217d4881f9bdd2be619415ab2a5bf33baa5306f0e9a276da710402ec9dc523,53613e367692ebfa8214f973e65ac0d9a5ae3a6710749c6accdfb36169fb7cc3,683,968,377,432,0.6478874808096938,inhouse_r2
460,8.609999656677246,11.641186553652924,3.0311868969756777,3.0311868969756777,9.188094004397035,35.20542413291416,in-house,531,CC1=CC=C(S1)C2=C3C=C(SC3=C(C4=C2SC(C5=CC=C(S5)C6=C(C(F)=C(C(N=C7C8=CC=CC(OCCCCCCCC)=C8)=C6N=C7C9=CC=CC(OCCCCCCCC)=C9)C%10=CC=C(C)S%10)F)=C4)C%11=CC=C(S%11)C)C,O=C(C/1=C\C2=C(C3=C(S2)C(N4C5=CC=C(CCCCCC)C=C5)=C(C6=C4C7=C(C8=NSN=C68)C(SC9=C%10SC(/C=C%11C(C%12=CC(F)=C(C=C%12C\%11=C(C#N)/C#N)F)=O)=C9CCCCCCCCCCC)=C%10N7C%13=CC=C(CCCCCC)C=C%13)S3)CCCCCCCCCCC)C%14=CC(F)=C(F)C=C%14C1=C(C#N)/C#N,8.61,CC1=CC=C(S1)C2=C3C=C(SC3=C(C4=C2SC(C5=CC=C(S5)C6=C(C(F)=C(C(N=C7C8=CC=CC(OCCCCCCCC)=C8)=C6N=C7C9=CC=CC(OCCCCCCCC)=C9)C%10=CC=C(C)S%10)F)=C4)C%11=CC=C(S%11)C)C||O=C(C/1=C\C2=C(C3=C(S2)C(N4C5=CC=C(CCCCCC)C=C5)=C(C6=C4C7=C(C8=NSN=C68)C(SC9=C%10SC(/C=C%11C(C%12=CC(F)=C(C=C%12C\%11=C(C#N)/C#N)F)=O)=C9CCCCCCCCCCC)=C%10N7C%13=CC=C(CCCCCC)C=C%13)S3)CCCCCCCCCCC)C%14=CC(F)=C(F)C=C%14C1=C(C#N)/C#N,10c5457df92578377cfb47c3f579aed7b25f1c5c26447cba5001d2bd8bc92d44,3bc5e962960694d5a8c90d751d3f10c939059169c6882aed8bdcfb92d36d6776,e22880f6c1b2a88cf11f3e4e4bcfa79932666988ae1791749338521b14c66a6d,b28df0380b2c9ff52de08b42b13a0542e7a75d7188ea9da7779281fa3984a63e,269977663eae952ef29cef5e1a27453ff02fd13825c639b6addc2896b3fd4fe6,1071,808,160,436,0.7401593171102824,inhouse_r2
463,8.539999961853027,7.499677228455496,-1.040322733397531,1.040322733397531,1.0822713896237102,12.181765082488354,in-house,535,FC1=C(C(OCC(CCCC)CC)=O)SC2=CSC(C3=CC4=C(C5=C(C(C6=CC=C(CC(CC)CCCC)S6)=C4S3)C=CS5)C7=CC=C(CC(CC)CCCC)S7)=C12,CCC(CC)(O1)C2=CC(C3=C(OC4(CC)CC)C=C(C5=C6C=C(C(OCCCCCCCC)=O)SC6=C(/C=C7/C(C(C=CC=C8)=C8C7=O)=C(C#N)/C#N)S5)S3)=C4C=C2C(S9)=C1C=C9C(SC(/C=C%10C(C%11=C(C/%10=C(C#N)\C#N)C=CC=C%11)=O)=C%12S%13)=C%12C=C%13C(OCCCCCCCC)=O,8.54,FC1=C(C(OCC(CCCC)CC)=O)SC2=CSC(C3=CC4=C(C5=C(C(C6=CC=C(CC(CC)CCCC)S6)=C4S3)C=CS5)C7=CC=C(CC(CC)CCCC)S7)=C12||CCC(CC)(O1)C2=CC(C3=C(OC4(CC)CC)C=C(C5=C6C=C(C(OCCCCCCCC)=O)SC6=C(/C=C7/C(C(C=CC=C8)=C8C7=O)=C(C#N)/C#N)S5)S3)=C4C=C2C(S9)=C1C=C9C(SC(/C=C%10C(C%11=C(C/%10=C(C#N)\C#N)C=CC=C%11)=O)=C%12S%13)=C%12C=C%13C(OCCCCCCCC)=O,2249a87c8fc0450476e55f070a85b71ffa6beb368356c28f1302bad8bac422cb,313d0de9b4ea70a76d1fd57fd4aa4aac4e4fa85bcd31ec9182868bda3a7c1857,0b67a020398e7f7812eed0fb6ec4a1867f983dbcd4dd19673f22578bd6bbff13,16e208219bfd1baea6b666257f62244393330ca6311ca756cd4b621ec5c8acbe,5d4474fe4175d1e0da4d991e8801d45bdd59b46dd4b7fafc34962afbfe4b872d,49,113,419,439,0.6974278743406116,inhouse_r2
468,8.5,7.260220843966644,-1.2397791560333555,1.2397791560333555,1.5370523557347793,14.585637129804182,in-house,540,FC(C(F)=C(C1=NSN=C21)C3=CC(CCCCCCCCCCCCCCCCCCCC)=C(S3)C)=C2C4=CC(C#CC#CC#CC#CC#CC#CC#CC#CC#CC#C)=C(S4)C(S5)=CC=C5C6=CC7=C(SC(C)=C7)C=C6.[HH].[HH].[HH].[HH].[HH].[HH].[HH].[HH].[HH].[HH],N#C/C(C#N)=C(C1=CC=CC=C1C2=O)/C2=C/C3=CC4=C(C5=C(C=C6C(C(CCCCCC)(CCCCCC)C7=C6SC(/C=C8/C(C9=CC=CC=C9C8=O)=C(C#N)/C#N)=C7)=C5)C4(CCCCCC)CCCCCC)S3,8.5,FC(C(F)=C(C1=NSN=C21)C3=CC(CCCCCCCCCCCCCCCCCCCC)=C(S3)C)=C2C4=CC(C#CC#CC#CC#CC#CC#CC#CC#CC#CC#C)=C(S4)C(S5)=CC=C5C6=CC7=C(SC(C)=C7)C=C6.[HH].[HH].[HH].[HH].[HH].[HH].[HH].[HH].[HH].[HH]||N#C/C(C#N)=C(C1=CC=CC=C1C2=O)/C2=C/C3=CC4=C(C5=C(C=C6C(C(CCCCCC)(CCCCCC)C7=C6SC(/C=C8/C(C9=CC=CC=C9C8=O)=C(C#N)/C#N)=C7)=C5)C4(CCCCCC)CCCCCC)S3,5720aee2a2a66d9124b18859c017dac89e6fa8f72912d6b9d5b9753447490b09,0cc00e1ba2d95fe8288dc072edf395ee6fc3678daa4e12f6703c7be7d2c5a409,dd901d85276a71549bcfc11718adfa1b49fa1f172f851edaa12bfcadfb404294,5b3d7237e812f87c9def647a48e6b994ad1b3fe76b94ddd514950b090179833a,69ba9c8b170233528afc9c7457be90b40046ebf27eaf404aa456bf61ed9539f3,1048,428,478,444,0.6770094113944457,inhouse_r2
473,8.399999618530273,10.184455380581394,1.7844557620511203,1.7844557620511203,3.1842823667174445,21.24352194153245,in-house,545,O=C1C2=C(CC(CC)CCCC)SC(CC(CC)CCCC)=C2C(C3=C(C4=CC=C(C5=CC(C(C6=CC(F)=C(CC(CC)CCCC)S6)=C(SC=C7)C7=C8C9=CC(F)=C(CC(CC)CCCC)S9)=C8S5)S4)SC(C%10=CC=CS%10)=C31)=O,c12cc3c(cc1C(c1c2sc2c1sc(c2)/C=C\1/C(=C(C#N)C#N)c2c(C1=O)cccc2)(c1ccc(cc1)CCCCCC)c1ccc(cc1)CCCCCC)c1c(C3(c2ccc(cc2)CCCCCC)c2ccc(cc2)CCCCCC)c2c(s1)cc(s2)/C=C\1/C(=C(C#N)C#N)c2c(C1=O)cccc2,8.4,O=C1C2=C(CC(CC)CCCC)SC(CC(CC)CCCC)=C2C(C3=C(C4=CC=C(C5=CC(C(C6=CC(F)=C(CC(CC)CCCC)S6)=C(SC=C7)C7=C8C9=CC(F)=C(CC(CC)CCCC)S9)=C8S5)S4)SC(C%10=CC=CS%10)=C31)=O||c12cc3c(cc1C(c1c2sc2c1sc(c2)/C=C\1/C(=C(C#N)C#N)c2c(C1=O)cccc2)(c1ccc(cc1)CCCCCC)c1ccc(cc1)CCCCCC)c1c(C3(c2ccc(cc2)CCCCCC)c2ccc(cc2)CCCCCC)c2c(s1)cc(s2)/C=C\1/C(=C(C#N)C#N)c2c(C1=O)cccc2,65482d735aa1f382b817dd8d95b1689b39b0b3c26138949c2680844f1b1f5ea0,202f8607af2cecb83e86b2e4305f8c7e2852bc709bb805b9055691d46a9081c5,bc5bd7b75e4a5b3ce65983b8e0705ddcda5af358a704095e0d4330f37e5ea594,6f41a72e9b9b1068c1c45af4fd809c0874066a325a6de28e9531f37e8c400a45,c919a9f6614c3d12b6be730d45112b5574d2f5d8107142c76ea99b1ec4c8e41c,894,540,922,449,0.5778711954091797,inhouse_r2
483,8.300000190734863,9.37698265113453,1.076982460399666,1.076982460399666,1.1598912200085183,12.975691995789129,in-house,555,O=C(C1=C(CCC(CCCC)CC)SC(CCC(CC)CCCC)=C1C2=O)C(C2=C(C3)C(C4)=CC=C4C5=CC6=C(C(C7=CC=C(CCC(CCCC)CC)S7)=C8C=CSC8=C6C9=CC=C(CCC(CCCC)CC)S9)S5)=C3C%10=CC=CS%10,O=C(C1=C(C=C(C)C=C1)C/2=C(C#N)\C#N)C2=C/C3=CC4=C(C(C=C(C=C(C(C5=CC=C(C=C5)CCCCCC)(C6=C7SC(/C=C8C(C9=C(C=C(C)C=C9)C\8=C(C#N)\C#N)=O)=C6)C%10=CC=C(C=C%10)CCCCCC)C7=C%11)C%11=C%12)=C%12C4(C%13=CC=C(CCCCCC)C=C%13)C%14=CC=C(CCCCCC)C=C%14)C3,8.3,O=C(C1=C(CCC(CCCC)CC)SC(CCC(CC)CCCC)=C1C2=O)C(C2=C(C3)C(C4)=CC=C4C5=CC6=C(C(C7=CC=C(CCC(CCCC)CC)S7)=C8C=CSC8=C6C9=CC=C(CCC(CCCC)CC)S9)S5)=C3C%10=CC=CS%10||O=C(C1=C(C=C(C)C=C1)C/2=C(C#N)\C#N)C2=C/C3=CC4=C(C(C=C(C=C(C(C5=CC=C(C=C5)CCCCCC)(C6=C7SC(/C=C8C(C9=C(C=C(C)C=C9)C\8=C(C#N)\C#N)=O)=C6)C%10=CC=C(C=C%10)CCCCCC)C7=C%11)C%11=C%12)=C%12C4(C%13=CC=C(CCCCCC)C=C%13)C%14=CC=C(CCCCCC)C=C%14)C3,6f31f3770fd225e382586e20513744e11a328b7cc74c758d48628417c600a02b,39c1670b09f9397538f05463c3a814817fd3d5be7f4dd7016101fad6dc0fe0ed,a5f6d66f221530a1dbffb46762270129fd11075ce662e904dae40989eb769a57,193216d415d03b1ed438fb139d176104861177b327a5b6fe11fccd59c1b02b72,7f60d5169ccea0b8d172a0b0a432bdd77805d3f590890b62e4db44f10b30a953,769,124,578,459,0.5292394760809908,inhouse_r2
487,8.260000228881836,8.065422737952506,-0.1945774909293298,0.1945774909293298,0.0378603999763534,2.355659631206451,in-house,559,O=C(C1=C(CCC(CCCC)CC)SC(CCC(CC)CCCC)=C1C2=O)C(C2=C(C3)C(C4)=CC=C4C5=CC6=C(C(C7=CC=C(CCC(CCCC)CC)S7)=C8C=CSC8=C6C9=CC=C(CCC(CCCC)CC)S9)S5)=C3C%10=CC=CS%10,O=C(/C(S/1)=C/C(C2=NSN=C32)=CC=C3C4=CC(SC5=C6C(C(C=C7)=CC=C7CCCCCC)(C(C=C8)=CC=C8CCCCCC)C(C5=C9)=CC%10=C9C(C%11=CC=C(CCCCCC)C=C%11)(C%12=CC=C(C=C%12)CCCCCC)C%13=C%10SC%14=C%13SC(C(C%15=NSN=C%16%15)=CC=C%16/C=C(C%17=O)\S/C(N%17CCCCCC)=C(C#N)/C#N)=C%14)=C6S4)N(CCCCCC)C1=C(C#N)\C#N,8.26,O=C(C1=C(CCC(CCCC)CC)SC(CCC(CC)CCCC)=C1C2=O)C(C2=C(C3)C(C4)=CC=C4C5=CC6=C(C(C7=CC=C(CCC(CCCC)CC)S7)=C8C=CSC8=C6C9=CC=C(CCC(CCCC)CC)S9)S5)=C3C%10=CC=CS%10||O=C(/C(S/1)=C/C(C2=NSN=C32)=CC=C3C4=CC(SC5=C6C(C(C=C7)=CC=C7CCCCCC)(C(C=C8)=CC=C8CCCCCC)C(C5=C9)=CC%10=C9C(C%11=CC=C(CCCCCC)C=C%11)(C%12=CC=C(C=C%12)CCCCCC)C%13=C%10SC%14=C%13SC(C(C%15=NSN=C%16%15)=CC=C%16/C=C(C%17=O)\S/C(N%17CCCCCC)=C(C#N)/C#N)=C%14)=C6S4)N(CCCCCC)C1=C(C#N)\C#N,6f31f3770fd225e382586e20513744e11a328b7cc74c758d48628417c600a02b,4da3cebe78c96a8bee5c1562cc09c06cd7e893c3670f05122be6e03840af6f22,a0acdf2ad7f0ed4bd72ea71895835293921b6c20e616e90ab1254463481ade12,15cf52e456acacfb4c3bd7ac271e1814fb18dac5b89c80a3cc74fd56dad955d2,97e001f840015da66161c01434b73a15bfcaef6ae9dba5491141af98822635a4,741,109,686,383,0.6987022441546815,inhouse_r2
499,8.119999885559082,10.343530541599389,2.223530656040305,2.223530656040305,4.944088578351029,27.383382849483983,in-house,574,O=C(C1=C(CCC(CCCC)CC)SC(CCC(CC)CCCC)=C1C2=O)C(C2=C(C3)C(C4)=CC=C4C5=CC6=C(C(C7=CC=C(CCC(CCCC)CC)S7)=C8C=CSC8=C6C9=CC=C(CCC(CCCC)CC)S9)S5)=C3C%10=CC=CS%10,O=C(C1=C(C=C(F)C(F)=C1)C/2=C(C#N)\C#N)C2=C/C3=CC(C4(C(C=C5)=CC=C5CCCCCC)C(C=C6)=CC=C6CCCCCC)=C(C(SC7=C8)=C4C7=CC9=C8C%10=C(C(SC(/C=C%11/C(C(C=C(F)C(F)=C%12)=C%12C%11=O)=C(C#N)/C#N)=C%13)=C%13C%10(C(C=C%14)=CC=C%14CCCCCC)C%15=CC=C(C=C%15)CCCCCC)S9)S3,8.12,O=C(C1=C(CCC(CCCC)CC)SC(CCC(CC)CCCC)=C1C2=O)C(C2=C(C3)C(C4)=CC=C4C5=CC6=C(C(C7=CC=C(CCC(CCCC)CC)S7)=C8C=CSC8=C6C9=CC=C(CCC(CCCC)CC)S9)S5)=C3C%10=CC=CS%10||O=C(C1=C(C=C(F)C(F)=C1)C/2=C(C#N)\C#N)C2=C/C3=CC(C4(C(C=C5)=CC=C5CCCCCC)C(C=C6)=CC=C6CCCCCC)=C(C(SC7=C8)=C4C7=CC9=C8C%10=C(C(SC(/C=C%11/C(C(C=C(F)C(F)=C%12)=C%12C%11=O)=C(C#N)/C#N)=C%13)=C%13C%10(C(C=C%14)=CC=C%14CCCCCC)C%15=CC=C(C=C%15)CCCCCC)S9)S3,6f31f3770fd225e382586e20513744e11a328b7cc74c758d48628417c600a02b,5a50743e7550aad0c262205fb50e3c0e8d08de60b9b67d5600322eff19eee597,ab129fc7822758ff5d30ff171e6d33afca3d0c09a96570bf0dd92646e9ae67d5,44946bb213a0c0cb52a663f1efa05a35b44f3895a4763bf243fb55c7dab1267d,9afef1f51dfb843fc931943f78be84d86266d2ac7e69727b7407390282ad9727,795,327,704,474,0.584709421883734,inhouse_r2
503,8.100000381469727,9.451498626482367,1.3514982450126425,1.3514982450126425,1.8265475062722527,16.685162732886393,in-house,579,O=C(C1=C(CCC(CCCC)CC)SC(CCC(CC)CCCC)=C1C2=O)C(C2=C(C3)C(C4)=CC=C4C5=CC6=C(C(C7=CC=C(CCC(CCCC)CC)S7)=C8C=CSC8=C6C9=CC=C(CCC(CCCC)CC)S9)S5)=C3C%10=CC=CS%10,O=C(C1=C(C=C(F)C=C1)C/2=C(C#N)\C#N)C2=C/C3=CC4=C(C(C=C(C=C(C(C5=CC=C(C=C5)CCCCCC)(C6=C7SC(/C=C8C(C9=C(C=C(F)C=C9)C\8=C(C#N)\C#N)=O)=C6)C%10=CC=C(C=C%10)CCCCCC)C7=C%11)C%11=C%12)=C%12C4(C%13=CC=C(CCCCCC)C=C%13)C%14=CC=C(CCCCCC)C=C%14)C3,8.1,O=C(C1=C(CCC(CCCC)CC)SC(CCC(CC)CCCC)=C1C2=O)C(C2=C(C3)C(C4)=CC=C4C5=CC6=C(C(C7=CC=C(CCC(CCCC)CC)S7)=C8C=CSC8=C6C9=CC=C(CCC(CCCC)CC)S9)S5)=C3C%10=CC=CS%10||O=C(C1=C(C=C(F)C=C1)C/2=C(C#N)\C#N)C2=C/C3=CC4=C(C(C=C(C=C(C(C5=CC=C(C=C5)CCCCCC)(C6=C7SC(/C=C8C(C9=C(C=C(F)C=C9)C\8=C(C#N)\C#N)=O)=C6)C%10=CC=C(C=C%10)CCCCCC)C7=C%11)C%11=C%12)=C%12C4(C%13=CC=C(CCCCCC)C=C%13)C%14=CC=C(CCCCCC)C=C%14)C3,6f31f3770fd225e382586e20513744e11a328b7cc74c758d48628417c600a02b,955dc6d9f28102be4b654a7faf4f948b8211e078e635f21e6a71a83bf950820c,bdc76f5666a4a4e76632e7e8827d65febe8385bcb4e5301cc3fdd19eee6d11b4,64f5347c3e509270d735412ed644315d645cc7fb963c81497b89d92b22ad0fd2,afa49a3d317ed2ebc32122a55891ab7f066a1896968df918499d112fb6839943,903,482,803,478,0.514100096759557,inhouse_r2
508,8.0,9.460641011153117,1.4606410111531165,1.4606410111531165,2.1334721634623985,18.258012639413955,in-house,585,CC1=CC=C(S1)C2=C(C(F)=C(C3=NSN=C23)C4=CC=C(S4)C5=C(CC(CCCCCC)CCCCCCCC)C=C(C6=C(CC(CCCCCCCC)CCCCCC)C=C(C(C7=NSN=C78)=C(C(F)=C8C9=CC(CC(CCCCCC)CCCCCCCC)=C(C%10=CC(CC(CCCCCC)CCCCCCCC)=C(C)S%10)S9)F)S6)S5)F,O=C(C1=CC=CC=C1C/2=C(C#N)\C#N)C2=C/C3=CC4=C(C(C(C5=CC=C(CCCCCC)S5)(C6=C7C=C8C(C9=CC=C(S9)CCCCCC)(C%10=CC=C(S%10)CCCCCC)C%11=C(SC%12=C%11SC(/C=C%13C(C%14=CC=CC=C%14C\%13=C(C#N)\C#N)=O)=C%12)C8=C6)C(S%15)=CC=C%15CCCCCC)=C7S4)S3,8.0,CC1=CC=C(S1)C2=C(C(F)=C(C3=NSN=C23)C4=CC=C(S4)C5=C(CC(CCCCCC)CCCCCCCC)C=C(C6=C(CC(CCCCCCCC)CCCCCC)C=C(C(C7=NSN=C78)=C(C(F)=C8C9=CC(CC(CCCCCC)CCCCCCCC)=C(C%10=CC(CC(CCCCCC)CCCCCCCC)=C(C)S%10)S9)F)S6)S5)F||O=C(C1=CC=CC=C1C/2=C(C#N)\C#N)C2=C/C3=CC4=C(C(C(C5=CC=C(CCCCCC)S5)(C6=C7C=C8C(C9=CC=C(S9)CCCCCC)(C%10=CC=C(S%10)CCCCCC)C%11=C(SC%12=C%11SC(/C=C%13C(C%14=CC=CC=C%14C\%13=C(C#N)\C#N)=O)=C%12)C8=C6)C(S%15)=CC=C%15CCCCCC)=C7S4)S3,3cb0c9ad025ea36cb11952abd0ed4903fd317c0d2d3a1978d43e09b67904674e,324d6e5b76a9400503a81056ec0f63ac76d712428565dd1fa4bf1871d8f66e0c,fb29c9b2df47eb72306f8a411578b8e2295293e354c3e8907cd7b84c4bdfad49,8dd1f11de91df0efa741df91861c25e30cbc4caddf80deeaf11a61293fc73cf8,5066625b5e84b55e9caac9eea19251eb737d5b81936168e1dccb3cc85f81e92d,1171,665,359,483,0.5585461822671245,inhouse_r2
509,7.960000038146973,8.78369402649379,0.8236939883468182,0.8236939883468182,0.6784717864386882,10.347914376876911,in-house,586,FC1=C(C(OCC(CCCC)CC)=O)SC2=CSC(C3=CC4=C(C5=C(C(C6=CC=C(CC(CC)CCCC)S6)=C4S3)C=CS5)C7=CC=C(CC(CC)CCCC)S7)=C12,CCC(CC)(O1)C2=CC(C3=C(OC4(CC)CC)C=C(C5=C6C=C(C(OCCCCCCCC)=O)SC6=C(/C=C7/C(C(C=C(F)C(F)=C8)=C8C7=O)=C(C#N)/C#N)S5)S3)=C4C=C2C(S9)=C1C=C9C(SC(/C=C%10C(C%11=C(C/%10=C(C#N)\C#N)C=C(F)C(F)=C%11)=O)=C%12S%13)=C%12C=C%13C(OCCCCCCCC)=O,7.96,FC1=C(C(OCC(CCCC)CC)=O)SC2=CSC(C3=CC4=C(C5=C(C(C6=CC=C(CC(CC)CCCC)S6)=C4S3)C=CS5)C7=CC=C(CC(CC)CCCC)S7)=C12||CCC(CC)(O1)C2=CC(C3=C(OC4(CC)CC)C=C(C5=C6C=C(C(OCCCCCCCC)=O)SC6=C(/C=C7/C(C(C=C(F)C(F)=C8)=C8C7=O)=C(C#N)/C#N)S5)S3)=C4C=C2C(S9)=C1C=C9C(SC(/C=C%10C(C%11=C(C/%10=C(C#N)\C#N)C=C(F)C(F)=C%11)=O)=C%12S%13)=C%12C=C%13C(OCCCCCCCC)=O,2249a87c8fc0450476e55f070a85b71ffa6beb368356c28f1302bad8bac422cb,d0177b49d8d02e17791148b3bc8999359f13581dbbd944e94f8722023648424b,78e77216990ca0689513c42f46e07811028e46bded2bfe84d03ee38119d4f87f,f8f9b06008917ee07ebbed9425ad11dede77d36f392941311a27d1170619139c,aa03cde2408434bed02bdbe2f6232339215177edad42ae8960aca4d832b41e50,555,1161,784,484,0.6614443927335905,inhouse_r2
512,7.900000095367432,8.895450728954655,0.9954506335872236,0.9954506335872236,0.9909219639092048,12.600640779371089,in-house,589,O=C(C1=C(CCC(CCCC)CC)SC(CCC(CC)CCCC)=C1C2=O)C(C2=C(C3)C(C4)=CC=C4C5=CC6=C(C(C7=CC=C(CCC(CCCC)CC)S7)=C8C=CSC8=C6C9=CC=C(CCC(CCCC)CC)S9)S5)=C3C%10=CC=CS%10,CCCCCCC(C=C1)=CC=C1C2(C(C3=C(S4)C=C(S3)/C=C(C(C5=C6C=CC=C5OC)=O)\C6=C(C#N)\C#N)=C4C7=C2C=C(C8=C7)C9=C(C8(C%10=CC=C(C=C%10)CCCCCC)C%11=CC=C(C=C%11)CCCCCC)C%12=C(C=C(S%12)/C=C(/C(C%13=C%14C(OC)=CC=C%13)=C(C#N)\C#N)C%14=O)S9)C(C=C%15)=CC=C%15CCCCCC,7.9,O=C(C1=C(CCC(CCCC)CC)SC(CCC(CC)CCCC)=C1C2=O)C(C2=C(C3)C(C4)=CC=C4C5=CC6=C(C(C7=CC=C(CCC(CCCC)CC)S7)=C8C=CSC8=C6C9=CC=C(CCC(CCCC)CC)S9)S5)=C3C%10=CC=CS%10||CCCCCCC(C=C1)=CC=C1C2(C(C3=C(S4)C=C(S3)/C=C(C(C5=C6C=CC=C5OC)=O)\C6=C(C#N)\C#N)=C4C7=C2C=C(C8=C7)C9=C(C8(C%10=CC=C(C=C%10)CCCCCC)C%11=CC=C(C=C%11)CCCCCC)C%12=C(C=C(S%12)/C=C(/C(C%13=C%14C(OC)=CC=C%13)=C(C#N)\C#N)C%14=O)S9)C(C=C%15)=CC=C%15CCCCCC,6f31f3770fd225e382586e20513744e11a328b7cc74c758d48628417c600a02b,3060687913689d40f13167f2ea2d78aaaa2ca97498ed3b060c00ea040897beb7,c356ffeb2e5c3f75555f89349812e50e119e8a48a3ccee27e8158cfed6ad42e8,68431ff113f1671fbefacf1ba848e126d350a8ef0620c1f3874e1f25792c9ce8,fcd4248c948d4bd4209a1057c88c14eca5c8973c45bcc2007c8f803ee3fbd804,931,501,1178,487,0.7009017445929472,inhouse_r2
523,7.599999904632568,8.90711281087139,1.307112906238821,1.307112906238821,1.708544149656097,17.19885424527535,in-house,603,[H]C1=C(SC(CC(CC)CCCC)=C1[Cl])C(C2=C3SC(C)=C2)=C4SC(C5=CC=C(S5)C6=C(C(F)=C(C7=NN(N=C67)CC(CCCCCCCC)CCCCCC)C8=CC=C(C)S8)F)=CC4=C3C9=C([H])C([H])=C(CC(CCCC)CC)S9,c1(cc2c(cc1F)C(=O)/C(=C\c1cc3c(s1)c1c(s3)c3c(C1(c1ccc(cc1)CCCCCC)c1ccc(cc1)CCCCCC)cc1c(c3)C(c3c1sc1c3sc(c1)/C=C/1\C(=O)c3c(C1=C(C#N)C#N)cc(c(c3)F)F)(c1ccc(cc1)CCCCCC)c1ccc(cc1)CCCCCC)/C2=C(C#N)C#N)F,7.6,[H]C1=C(SC(CC(CC)CCCC)=C1[Cl])C(C2=C3SC(C)=C2)=C4SC(C5=CC=C(S5)C6=C(C(F)=C(C7=NN(N=C67)CC(CCCCCCCC)CCCCCC)C8=CC=C(C)S8)F)=CC4=C3C9=C([H])C([H])=C(CC(CCCC)CC)S9||c1(cc2c(cc1F)C(=O)/C(=C\c1cc3c(s1)c1c(s3)c3c(C1(c1ccc(cc1)CCCCCC)c1ccc(cc1)CCCCCC)cc1c(c3)C(c3c1sc1c3sc(c1)/C=C/1\C(=O)c3c(C1=C(C#N)C#N)cc(c(c3)F)F)(c1ccc(cc1)CCCCCC)c1ccc(cc1)CCCCCC)/C2=C(C#N)C#N)F,0c41752953b176dce92170e3cd48559f30ae1b63091efbd84e3a329b15ec1046,69e17d1724b4236f68d0c6efb6ad16969f13f8980d301d0056747038b20f0c8d,db186e7237edc92fdff8ca55c2051f0672599f2559da5faeb9633bb214385af4,62cf9a3f3369f3a4c5660ed62a67e9eb6e080f7ab73765984cec460e1b293fc8,c1494a4ebf4d5204664ec771aa1ba0fa02a5ff3af7ade87ebf580d744f455b1f,1040,468,894,498,0.8203637338917339,inhouse_r2
527,7.539999961853027,10.330888672630383,2.7908887107773577,2.7908887107773577,7.789059795944501,37.01443932224464,in-house,607,O=C(C1=C(CCC(CCCC)CC)SC(CCC(CC)CCCC)=C1C2=O)C(C2=C(C3)C(C4)=CC=C4C5=CC6=C(C(C7=CC=C(CCC(CCCC)CC)S7)=C8C=CSC8=C6C9=CC=C(CCC(CCCC)CC)S9)S5)=C3C%10=CC=CS%10,O=C(C1=C(SC(C2=CC3=C(C4=C(C3(CCCCCC)CCCCCC)C=C(/C=C5C(C6=CC(F)=C(C=C6C\5=C([N+]#[C-])\C#N)F)=O)S4)S2)=C17)C8=CC9=C(C%10=C(C9(CCCCCC)CCCCCC)C=C(/C=C%11/C(C%12=CC(F)=C(C=C%12C%11=O)F)=C(C#N)/[N+]#[C-])S%10)S8)C%13=C(CC(CCCC)CC)SC(CC(CCCC)CC)=C%13C7=O,7.54,O=C(C1=C(CCC(CCCC)CC)SC(CCC(CC)CCCC)=C1C2=O)C(C2=C(C3)C(C4)=CC=C4C5=CC6=C(C(C7=CC=C(CCC(CCCC)CC)S7)=C8C=CSC8=C6C9=CC=C(CCC(CCCC)CC)S9)S5)=C3C%10=CC=CS%10||O=C(C1=C(SC(C2=CC3=C(C4=C(C3(CCCCCC)CCCCCC)C=C(/C=C5C(C6=CC(F)=C(C=C6C\5=C([N+]#[C-])\C#N)F)=O)S4)S2)=C17)C8=CC9=C(C%10=C(C9(CCCCCC)CCCCCC)C=C(/C=C%11/C(C%12=CC(F)=C(C=C%12C%11=O)F)=C(C#N)/[N+]#[C-])S%10)S8)C%13=C(CC(CCCC)CC)SC(CC(CCCC)CC)=C%13C7=O,6f31f3770fd225e382586e20513744e11a328b7cc74c758d48628417c600a02b,4f51f3740def94358e50b66eedb93f4baaad0293cdc5c0e38fa8e7f0bc4f8921,588fd52b41785d54b78b742c877b37782bf0011101555b5dfcdb99aa6f936063,02c354ba9826fd7758b5b10e179772c9791f11acf463e2f3bc51de17d593b060,f082d7b5394555f75565d499aebda224ffc95bc925397c046ed017d5576c8488,397,14,1125,501,0.6457559097493479,inhouse_r2
530,7.510000228881836,14.466882922861837,6.956882693979999,6.956882693979999,48.39821681779841,92.63491986625158,in-house,610,FC(C=C(C1=C2SC=CC2=C(C3=CC(F)=C(CC(CCCC)CC)S3)C4=C1C=C(C5=CC=C(C6=C(C(C(C7=C(CC(CCCC)CC)SC(CC(CC)CCCC)=C78)=O)=C(C9=CC=CC9)S6)C8=O)S5)S4)S%10)=C%10CC(CC)CCCC,O=C(C(C=C(C(Br)=C1)Br)=C1C/2=C(C#N)/C#N)C2=C/C3=C(CCCCCCCCCCC)C(SC(C4=C5C6=C(C7=C(N6CCCCCCCC)C8=C(C(CCCCCCCCCCC)=C(S8)/C=C9C(C%10=C(C=C(Br)C(Br)=C%10)C\9=C(C#N)/C#N)=O)S7)C%11=NSN=C%114)=C%12N5CCCCCCCC)=C%12S3,7.51,FC(C=C(C1=C2SC=CC2=C(C3=CC(F)=C(CC(CCCC)CC)S3)C4=C1C=C(C5=CC=C(C6=C(C(C(C7=C(CC(CCCC)CC)SC(CC(CC)CCCC)=C78)=O)=C(C9=CC=CC9)S6)C8=O)S5)S4)S%10)=C%10CC(CC)CCCC||O=C(C(C=C(C(Br)=C1)Br)=C1C/2=C(C#N)/C#N)C2=C/C3=C(CCCCCCCCCCC)C(SC(C4=C5C6=C(C7=C(N6CCCCCCCC)C8=C(C(CCCCCCCCCCC)=C(S8)/C=C9C(C%10=C(C=C(Br)C(Br)=C%10)C\9=C(C#N)/C#N)=O)S7)C%11=NSN=C%114)=C%12N5CCCCCCCC)=C%12S3,61eee9608e36bdb1d3a96a3ad1baa39916f3a546e29d11481966a5a2d3d30f3c,61e1083ae266a0c0d0562f5978ecf2ec4d01974439c1e3d455b138ce4d181741,dfddec171cf5b907634b3cfa86ae2f60a5ca0d06e64dba8008bb5a7dfb986dfd,1007fcb65d03ac3eeffadbcf7be9e35f5be3e82b10b7b415fcc3c39c62d68d0a,4a49993e99cf73bd0b6b87efb3bce026b4400c5ec011d9f500e4b2d22c88bd9b,1058,77,326,33,0.705728001364279,inhouse_r2
532,7.510000228881836,7.966289043426514,0.4562888145446777,0.4562888145446777,0.2081994822785873,6.075749675611056,in-house,612,FC1=C(C(OCC(CCCC)CC)=O)SC2=CSC(C3=CC4=C(C5=C(C(C6=CC=C(CC(CC)CCCC)S6)=C4S3)C=CS5)C7=CC=C(CC(CC)CCCC)S7)=C12,c12cc3c(cc1C(c1c2sc2c1sc(c2)/C=C\1/C(=C(C#N)C#N)c2c(C1=O)cccc2)(c1ccc(cc1)OCCCCCC)c1ccc(cc1)OCCCCCC)c1c(C3(c2ccc(cc2)OCCCCCC)c2ccc(cc2)OCCCCCC)c2c(s1)cc(s2)/C=C\1/C(=C(C#N)C#N)c2c(C1=O)cccc2,7.51,FC1=C(C(OCC(CCCC)CC)=O)SC2=CSC(C3=CC4=C(C5=C(C(C6=CC=C(CC(CC)CCCC)S6)=C4S3)C=CS5)C7=CC=C(CC(CC)CCCC)S7)=C12||c12cc3c(cc1C(c1c2sc2c1sc(c2)/C=C\1/C(=C(C#N)C#N)c2c(C1=O)cccc2)(c1ccc(cc1)OCCCCCC)c1ccc(cc1)OCCCCCC)c1c(C3(c2ccc(cc2)OCCCCCC)c2ccc(cc2)OCCCCCC)c2c(s1)cc(s2)/C=C\1/C(=C(C#N)C#N)c2c(C1=O)cccc2,2249a87c8fc0450476e55f070a85b71ffa6beb368356c28f1302bad8bac422cb,2fc7b353270f61ced8b2448b3caced6f270384248a93de6efbe60c799205a6dc,0b01775e8f00cd515043736c5a8043a7387147f9d1aa930c2e71d420a97531b2,97a6d1f7a547b22a9cdb9821410f7e4ca9bdfe0cc11c37737c9459c0423202a2,d4ec76e3dee6882885e0b12598fda6e77e6fd31f96245bd6116d62a69c0a8ee8,48,708,975,505,0.5494949217104554,inhouse_r2
541,7.400000095367432,9.190102199516677,1.790102104149243,1.790102104149243,3.2044655432795475,24.190568663234043,in-house,622,CC1=CC=C(S1)C2=C(C(F)=C(C3=NON=C23)C4=CC=C(S4)C5=C(CC(CCCCCC)CCCCCCCC)C=C(C6=C(CC(CCCCCCCC)CCCCCC)C=C(C(C7=NON=C78)=C(C(F)=C8C9=CC(CC(CCCCCC)CCCCCCCC)=C(C%10=CC(CC(CCCCCC)CCCCCCCC)=C(C)S%10)S9)F)S6)S5)F,O=C(C1=CC=CC=C1C/2=C(C#N)\C#N)C2=C/C3=CC4=C(C(C(C5=CC=C(CCCCCC)S5)(C6=C7C=C8C(C9=CC=C(S9)CCCCCC)(C%10=CC=C(S%10)CCCCCC)C%11=C(SC%12=C%11SC(/C=C%13C(C%14=CC=CC=C%14C\%13=C(C#N)\C#N)=O)=C%12)C8=C6)C(S%15)=CC=C%15CCCCCC)=C7S4)S3,7.4,CC1=CC=C(S1)C2=C(C(F)=C(C3=NON=C23)C4=CC=C(S4)C5=C(CC(CCCCCC)CCCCCCCC)C=C(C6=C(CC(CCCCCCCC)CCCCCC)C=C(C(C7=NON=C78)=C(C(F)=C8C9=CC(CC(CCCCCC)CCCCCCCC)=C(C%10=CC(CC(CCCCCC)CCCCCCCC)=C(C)S%10)S9)F)S6)S5)F||O=C(C1=CC=CC=C1C/2=C(C#N)\C#N)C2=C/C3=CC4=C(C(C(C5=CC=C(CCCCCC)S5)(C6=C7C=C8C(C9=CC=C(S9)CCCCCC)(C%10=CC=C(S%10)CCCCCC)C%11=C(SC%12=C%11SC(/C=C%13C(C%14=CC=CC=C%14C\%13=C(C#N)\C#N)=O)=C%12)C8=C6)C(S%15)=CC=C%15CCCCCC)=C7S4)S3,f1e09c4d11828693e1ebf147195a992aca3612e0557d94b0790140557a3319fb,324d6e5b76a9400503a81056ec0f63ac76d712428565dd1fa4bf1871d8f66e0c,f94af0aa14858bc641d6e9ca4871fe376137816d45d4a1338a16ec67e5a8e720,15adf33948df438470572775668a48eecff5154a80d90cd943d49b006734e185,cc1de87b7e0f4d85a35cdfa92b8b64c4923ce8e6bb1c059c28d98c251c17a997,1160,108,937,514,0.6149186999150242,inhouse_r2
552,7.300000190734863,6.199884466605611,-1.1001157241292523,1.1001157241292523,1.2102546064764292,15.07007801897753,in-house,634,FC1=C(C(OCC(CCCC)CC)=O)SC2=CSC(C3=CC4=C(C5=C(C(C6=CC=C(CC(CC)CCCC)S6)=C4S3)C=CS5)C7=CC=C(CC(CC)CCCC)S7)=C12,O=C1C(/C(C2=C1C=CC=C2)=C(C#N)\C#N)=C\C3=CC(OCC(CCCC)CC)=C(C4=CC(C(C5=CC(C6=C7C=C(C8=C(C=C(/C=C(C9=O)/C(C%10=C9C=CC=C%10)=C(C#N)\C#N)S8)OCC(CCCC)CC)S6)=C(C7(C%11=CC=C(C=C%11)CCCCCC)C%12=CC=C(C=C%12)CCCCCC)C=C%135)(C%14=CC=C(C=C%14)CCCCCC)C(C=C%15)=CC=C%15CCCCCC)=C%13S4)S3,7.3,FC1=C(C(OCC(CCCC)CC)=O)SC2=CSC(C3=CC4=C(C5=C(C(C6=CC=C(CC(CC)CCCC)S6)=C4S3)C=CS5)C7=CC=C(CC(CC)CCCC)S7)=C12||O=C1C(/C(C2=C1C=CC=C2)=C(C#N)\C#N)=C\C3=CC(OCC(CCCC)CC)=C(C4=CC(C(C5=CC(C6=C7C=C(C8=C(C=C(/C=C(C9=O)/C(C%10=C9C=CC=C%10)=C(C#N)\C#N)S8)OCC(CCCC)CC)S6)=C(C7(C%11=CC=C(C=C%11)CCCCCC)C%12=CC=C(C=C%12)CCCCCC)C=C%135)(C%14=CC=C(C=C%14)CCCCCC)C(C=C%15)=CC=C%15CCCCCC)=C%13S4)S3,2249a87c8fc0450476e55f070a85b71ffa6beb368356c28f1302bad8bac422cb,87476fb90d0db17e58b2a62e38ecc6765e2842c257a662603688167ffd1038b6,25a093e759cef0f6da4142ee23ee7c6c7679bb114baec61c113b71109e23954f,224fdf9582811e4c66604a5a21305c80c3dd0129eb7bcc219ff492cbcfbf76f1,17165216c0e0a0502487bfc02d3e9d7fce6ef55c484b3f10df5a3fbac449859d,167,165,104,525,0.613828210405613,inhouse_r2
557,7.170000076293945,8.350940690182224,1.1809406138882783,1.1809406138882783,1.394620733530824,16.470580213699066,in-house,643,c1(c2c3c(c(c4c2cc(s4)c2ccc(s2)c2sc(c4c2C(=O)c2c(C4=O)c(sc2C[C@@H](CC)CCCC)C[C@H](CC)CCCC)c2cccs2)c2ccc(s2)SC[C@@H](CC)CCCC)ccs3)ccc(s1)SC[C@@H](CC)CCCC,c1ccc2c(c1)C(=O)/C(=C/c1cc3c(s1)c1c(s3)c3c(C1(c1ccc(cc1)SCCCCCC)c1ccc(cc1)SCCCCCC)cc1c(c3)C(c3c1sc1c3sc(c1)/C=C\1/C(=O)c3c(C1=C(C#N)C#N)cccc3)(c1ccc(cc1)SCCCCCC)c1ccc(cc1)SCCCCCC)/C2=C(C#N)C#N,7.17,c1(c2c3c(c(c4c2cc(s4)c2ccc(s2)c2sc(c4c2C(=O)c2c(C4=O)c(sc2C[C@@H](CC)CCCC)C[C@H](CC)CCCC)c2cccs2)c2ccc(s2)SC[C@@H](CC)CCCC)ccs3)ccc(s1)SC[C@@H](CC)CCCC||c1ccc2c(c1)C(=O)/C(=C/c1cc3c(s1)c1c(s3)c3c(C1(c1ccc(cc1)SCCCCCC)c1ccc(cc1)SCCCCCC)cc1c(c3)C(c3c1sc1c3sc(c1)/C=C\1/C(=O)c3c(C1=C(C#N)C#N)cccc3)(c1ccc(cc1)SCCCCCC)c1ccc(cc1)SCCCCCC)/C2=C(C#N)C#N,19e710b4ae822cb0d1a4a237526a2bd04d89a2f16abfce3f0be979376c78b19e,0f396e867ab1555e0345c0dcc407832658dd65ccd8af96d421975e836d9d7654,c5939a47a829294748d8030fc8b785dc6c324dd275962994b98ca422df01c721,640199ef1086c951f206f191923e6641c4315dcedddddffdcb5b6fd0985e9464,f9f83974458c11e627b24f647ccf2e56b1085d981015e9e48b3d1d342d3b9082,948,477,1165,530,0.6110087083513472,inhouse_r2
563,7.079999923706055,7.589848527813902,0.5098486041078472,0.5098486041078472,0.2599455991107202,7.201251548050368,in-house,651,O=C(C1=C(CCC(CCCC)CC)SC(CCC(CC)CCCC)=C1C2=O)C(C2=C(C3)C(C4)=CC=C4C5=CC6=C(C(C7=CC=C(CCC(CCCC)CC)S7)=C8C=CSC8=C6C9=CC=C(CCC(CCCC)CC)S9)S5)=C3C%10=CC=CS%10,O=C(C1=CC(F)=C(C=C1C/2=C(C#N)\C#N)F)C2=C\C3=CC4=C(S3)C(OCC)=C5C(N(C(CC)CCCC)C6=C7C8=NSN=C8C9=C6N(C(CC)CCCC)C%10=C9SC%11=C%10C(OCC)=C%12SC(/C=C%13C(C%14=CC(F)=C(C=C%14C/%13=C(C#N)/C#N)F)=O)=CC%12=C%11OCC)=C7SC5=C4OCC,7.08,O=C(C1=C(CCC(CCCC)CC)SC(CCC(CC)CCCC)=C1C2=O)C(C2=C(C3)C(C4)=CC=C4C5=CC6=C(C(C7=CC=C(CCC(CCCC)CC)S7)=C8C=CSC8=C6C9=CC=C(CCC(CCCC)CC)S9)S5)=C3C%10=CC=CS%10||O=C(C1=CC(F)=C(C=C1C/2=C(C#N)\C#N)F)C2=C\C3=CC4=C(S3)C(OCC)=C5C(N(C(CC)CCCC)C6=C7C8=NSN=C8C9=C6N(C(CC)CCCC)C%10=C9SC%11=C%10C(OCC)=C%12SC(/C=C%13C(C%14=CC(F)=C(C=C%14C/%13=C(C#N)/C#N)F)=O)=CC%12=C%11OCC)=C7SC5=C4OCC,6f31f3770fd225e382586e20513744e11a328b7cc74c758d48628417c600a02b,fea690cc452b868f157dbf4a6a0ff0aaa0ece73a6fa4be2fd3443baa06afaf14,3c11629f9ad6469813884e8cfb4414682b47562362ae0755f49382faf6c420dc,d312bf0459bb02ed76414b527f7e332a691a65fd06f016f6db41087c8a998846,47ba7c396cb773e7a974c9c42d0afcbddf63ffc437b72dfcd1c9212a785e1e6f,266,974,320,535,0.8604677179306237,inhouse_r2
564,7.059999942779541,10.396395022326177,3.3363950795466355,3.3363950795466355,11.131532126823,47.25772105648329,in-house,652,FC1=C(C2=CC=C(C)S2)C3=NN(CCOC)N=C3C(C4=CC=C(C5=CC6=C(C7=C(C(CCC(CCCCCC)CCCC)=C6S5)C=C(C)S7)CCC(CCCC)CCCCCC)S4)=C1F,O=C(C1=CC=CC=C1C/2=C(C#N)/C#N)C2=C/C3=CC(SC4C5C(C)=C(C(C6=CC=C(C=C6)CCCCCC)(C7=CC=C(C=C7)CCCCCC)C8=CSC9=C8SC(/C=C%10C(C(C=CC=C%11)=C%11C\%10=C(C#N)/C#N)=C)=C9)C=C(C)C5C(C%12=CC=C(C=C%12)CCCCCC)(C%13=CC=C(C=C%13)CCCCCC)C%144)=C%14S3,7.06,FC1=C(C2=CC=C(C)S2)C3=NN(CCOC)N=C3C(C4=CC=C(C5=CC6=C(C7=C(C(CCC(CCCCCC)CCCC)=C6S5)C=C(C)S7)CCC(CCCC)CCCCCC)S4)=C1F||O=C(C1=CC=CC=C1C/2=C(C#N)/C#N)C2=C/C3=CC(SC4C5C(C)=C(C(C6=CC=C(C=C6)CCCCCC)(C7=CC=C(C=C7)CCCCCC)C8=CSC9=C8SC(/C=C%10C(C(C=CC=C%11)=C%11C\%10=C(C#N)/C#N)=C)=C9)C=C(C)C5C(C%12=CC=C(C=C%12)CCCCCC)(C%13=CC=C(C=C%13)CCCCCC)C%144)=C%14S3,9443e249ba69f955f3e85e7e28bc529c2fbcd958a79cc1662e571c4d9dc71d62,83d12c8a518aebb2c9e097cdd9cd4e855fadbb8bad16c860293e67b74eecaf00,f1c107c4e24342cd880b613b72a9a043ff6fed431c95c17ec1875c9ba83abed7,84c07154ce9cb35113e47cee21574911daeac1621ba8acb8f9ad5ad9d37744cf,2a2b3a7f0bd568c3cd594623ed6169ba9524879dfffc096d612b94b13c380e91,1139,626,180,536,0.7307674327160287,inhouse_r2
567,7.039999961853027,7.989601569600625,0.9496016077475976,0.9496016077475976,0.901743213436822,13.488659274049898,in-house,655,O=C(C1=C(CCC(CCCC)CC)SC(CCC(CC)CCCC)=C1C2=O)C(C2=C(C3)C(C4)=CC=C4C5=CC6=C(C(C7=CC=C(CCC(CCCC)CC)S7)=C8C=CSC8=C6C9=CC=C(CCC(CCCC)CC)S9)S5)=C3C%10=CC=CS%10,O=C(/C(S/1)=C/C(C2=NSN=C32)=CC=C3C4=CC(SC5=C6C(C(C=C7)=CC=C7CCCCCC)(C(C=C8)=CC=C8CCCCCC)C(C5=C9)=CC%10=C9C(C%11=CC=C(CCCCCC)C=C%11)(C%12=CC=C(C=C%12)CCCCCC)C%13=C%10SC%14=C%13SC(C(C%15=NSN=C%16%15)=CC=C%16/C=C(C%17=O)\S/C(N%17CC)=C(C#N)/C#N)=C%14)=C6S4)N(CC)C1=C(C#N)\C#N,7.04,O=C(C1=C(CCC(CCCC)CC)SC(CCC(CC)CCCC)=C1C2=O)C(C2=C(C3)C(C4)=CC=C4C5=CC6=C(C(C7=CC=C(CCC(CCCC)CC)S7)=C8C=CSC8=C6C9=CC=C(CCC(CCCC)CC)S9)S5)=C3C%10=CC=CS%10||O=C(/C(S/1)=C/C(C2=NSN=C32)=CC=C3C4=CC(SC5=C6C(C(C=C7)=CC=C7CCCCCC)(C(C=C8)=CC=C8CCCCCC)C(C5=C9)=CC%10=C9C(C%11=CC=C(CCCCCC)C=C%11)(C%12=CC=C(C=C%12)CCCCCC)C%13=C%10SC%14=C%13SC(C(C%15=NSN=C%16%15)=CC=C%16/C=C(C%17=O)\S/C(N%17CC)=C(C#N)/C#N)=C%14)=C6S4)N(CC)C1=C(C#N)\C#N,6f31f3770fd225e382586e20513744e11a328b7cc74c758d48628417c600a02b,b12d61d217b346c84d8c4cbf98104f80c2f3e037d46042ffb1acaf2a210cb47d,54eb10780d551a107114d8ebad352226cd9da3cb619b7ca9b2c0772c80880370,fc5bc3b259d14512e13d89e42d3d340296ce865752fbdb39bf7b13591a94f3aa,2949c93826a8e764efa482173a21b011efda9ce5e1b94b3d18d510aeab6c8fcf,387,1172,175,539,0.7005078839284196,inhouse_r2
568,7.019999980926514,10.154305467511168,3.1343054865846547,3.1343054865846547,9.823870883234669,44.64822642593487,in-house,657,O=C1C2=C(CC(CC)CCCC)SC(CC(CC)CCCC)=C2C(C3=C(C4=CC=C(C5=CC(C(C6=CC(F)=C(CC(CC)CCCC)S6)=C(SC=C7)C7=C8C9=CC(F)=C(CC(CC)CCCC)S9)=C8S5)S4)SC(C%10=CC=CS%10)=C31)=O,CCC(CCCC)CN1C2=C(C=C(C(C3=CC=C(CCCCCC)C=C3)(C4=CC=C(CCCCCC)C=C4)C5=C6SC7=C5SC(/C=C8C(C(C=C([H])C([H])=C9)=C9C\8=C(C#N)\C#N)=O)=C7)C6=C2)C%10=C1C=C(C%11=C%12C%13=C(C=C(S%13)/C=C%14C(C%15=CC([H])=C(C=C%15C\%14=C(C#N)/C#N)[H])=O)S%11)C(C%12(C%16=CC=C(CCCCCC)C=C%16)C%17CC=C(C=C%17)CCCCCC)=C%10,7.02,O=C1C2=C(CC(CC)CCCC)SC(CC(CC)CCCC)=C2C(C3=C(C4=CC=C(C5=CC(C(C6=CC(F)=C(CC(CC)CCCC)S6)=C(SC=C7)C7=C8C9=CC(F)=C(CC(CC)CCCC)S9)=C8S5)S4)SC(C%10=CC=CS%10)=C31)=O||CCC(CCCC)CN1C2=C(C=C(C(C3=CC=C(CCCCCC)C=C3)(C4=CC=C(CCCCCC)C=C4)C5=C6SC7=C5SC(/C=C8C(C(C=C([H])C([H])=C9)=C9C\8=C(C#N)\C#N)=O)=C7)C6=C2)C%10=C1C=C(C%11=C%12C%13=C(C=C(S%13)/C=C%14C(C%15=CC([H])=C(C=C%15C\%14=C(C#N)/C#N)[H])=O)S%11)C(C%12(C%16=CC=C(CCCCCC)C=C%16)C%17CC=C(C=C%17)CCCCCC)=C%10,65482d735aa1f382b817dd8d95b1689b39b0b3c26138949c2680844f1b1f5ea0,19c62e91031c92373ebf8c12d4bfef7d111bd0c3018983991e7c6bf8dc1f2f1e,654b0755237e540211f6b7154c922fe23e8d6bc9c6ab5980e2c196a660ab6f12,1dcbd8e84611d11cc7c3fde9e9178cd690a4dc65c7741f15634985bb09bcbc13,c81444e5118f44c419711086fd838e1a97dd8e7d2f9e3b9db8ba702068472ac8,456,146,919,540,0.6623520298027566,inhouse_r2
569,7.010000228881836,9.374544172003718,2.364543943121882,2.364543943121882,5.591068058954379,33.73101092607311,in-house,658,FC1=C(C(OCC(CCCC)CC)=O)SC2=CSC(C3=CC4=C(C5=C(C(C6=CC=C(CC(CC)CCCC)S6)=C4S3)C=CS5)C7=CC=C(CC(CC)CCCC)S7)=C12,FC1=CC(C(C2=C/C3=C4C(C(F)=C(C(OC(CC)CCCCC)=O)S4)=C(C5=CC6=C(C7=C(C6(C8=CC=C(CCCCCC)C=C8)C9=CC=C(CCCCCC)C=C9)C=C(C%10=C%11C=C(C%12=C%13C(SC(C(OC(CC)CCCCC)=O)=C%13F)=C(/C=C%14C(C%15=C(C\%14=C(C#N)\C#N)C=C([H])C(F)=C%15)=O)S%12)S%10)C(C%11(C%16=CC=C(CCCCCC)C=C%16)C%17C=CC(CCCCCC)=CC%17)=C7)S5)S3)=O)=C(C/2=C(C#N)/C#N)C=C1[H],7.01,FC1=C(C(OCC(CCCC)CC)=O)SC2=CSC(C3=CC4=C(C5=C(C(C6=CC=C(CC(CC)CCCC)S6)=C4S3)C=CS5)C7=CC=C(CC(CC)CCCC)S7)=C12||FC1=CC(C(C2=C/C3=C4C(C(F)=C(C(OC(CC)CCCCC)=O)S4)=C(C5=CC6=C(C7=C(C6(C8=CC=C(CCCCCC)C=C8)C9=CC=C(CCCCCC)C=C9)C=C(C%10=C%11C=C(C%12=C%13C(SC(C(OC(CC)CCCCC)=O)=C%13F)=C(/C=C%14C(C%15=C(C\%14=C(C#N)\C#N)C=C([H])C(F)=C%15)=O)S%12)S%10)C(C%11(C%16=CC=C(CCCCCC)C=C%16)C%17C=CC(CCCCCC)=CC%17)=C7)S5)S3)=O)=C(C/2=C(C#N)/C#N)C=C1[H],2249a87c8fc0450476e55f070a85b71ffa6beb368356c28f1302bad8bac422cb,7d3f85cd4b5f553dc272c78b8df50bdf363f8fc86549b3b2f4542b2660446199,532d21b4f2123c7d49788f110f9903f7e45492239109a69787e99ad237fac1b6,2a707dc7b66e38862a1f82e00ec8897dca94b7082862b992f616ab015351f438,5e6ffa9cb44b9f2f59150e97561ff96a1998c9bd6119d43ffdabbe7993b0bd4b,377,203,427,541,0.5981674427340041,inhouse_r2
575,6.900000095367432,6.196041102456574,-0.7039589929108576,0.7039589929108576,0.4955582637000689,10.202304104075106,in-house,667,FC(C(F)=C(C1=NSN=C21)C3=CC(CCCCCCCCCCCCCCCCCCCC)=C(S3)C)=C2C4=CC(C#CC#CC#CC#CC#CC#CC#CC#CC#CC#C)=C(S4)C(S5)=CC=C5C6=CC=C7C=C(C)SC7=C6.[HH].[HH].[HH].[HH].[HH].[HH].[HH].[HH].[HH].[HH],c12cc3c(cc1C(c1c2sc2c1sc(c2)/C=C\1/C(=C(C#N)C#N)c2c(C1=O)cccc2)(c1ccc(cc1)CCCCCC)c1ccc(cc1)CCCCCC)c1c(C3(c2ccc(cc2)CCCCCC)c2ccc(cc2)CCCCCC)c2c(s1)cc(s2)/C=C\1/C(=C(C#N)C#N)c2c(C1=O)cccc2,6.9,FC(C(F)=C(C1=NSN=C21)C3=CC(CCCCCCCCCCCCCCCCCCCC)=C(S3)C)=C2C4=CC(C#CC#CC#CC#CC#CC#CC#CC#CC#CC#C)=C(S4)C(S5)=CC=C5C6=CC=C7C=C(C)SC7=C6.[HH].[HH].[HH].[HH].[HH].[HH].[HH].[HH].[HH].[HH]||c12cc3c(cc1C(c1c2sc2c1sc(c2)/C=C\1/C(=C(C#N)C#N)c2c(C1=O)cccc2)(c1ccc(cc1)CCCCCC)c1ccc(cc1)CCCCCC)c1c(C3(c2ccc(cc2)CCCCCC)c2ccc(cc2)CCCCCC)c2c(s1)cc(s2)/C=C\1/C(=C(C#N)C#N)c2c(C1=O)cccc2,ad56ba1ef81d40d2e6a98d31ba98fb61313a3ee239ba8bf44d485362c31fe8f3,202f8607af2cecb83e86b2e4305f8c7e2852bc709bb805b9055691d46a9081c5,12330a812f7e854524b24c3c7f5f29fd1ad54de1f21c9798c1ee411fbac73716,63e90d4f2acdf4c79b1232875f504674865a3edd07e52090bafc1ca1bc3fabb9,da882428b0f58c4f823ef4e3f0873cdeea9f638cfb9d04b33ae21e17a32a3931,79,476,1008,547,0.5373116112382075,inhouse_r2
592,6.460000038146973,9.331954214832573,2.8719541766855983,2.8719541766855983,8.248120792981853,44.45749473260697,in-house,690,O=C(C1=C(CCC(CCCC)CC)SC(CCC(CC)CCCC)=C1C2=O)C(C2=C(C3)C(C4)=CC=C4C5=CC6=C(C(C7=CC=C(CCC(CCCC)CC)S7)=C8C=CSC8=C6C9=CC=C(CCC(CCCC)CC)S9)S5)=C3C%10=CC=CS%10,[H]C1=CC2=C(C(/C(C2=O)=C/C3=C(C(OC)=C(C4=CC(SC5=C6C(C7=CC=C(C=C7)CCCCCC)(C8=C5C=C(C9=C8)C(C(C=C%10)=CC=C%10CCCCCC)(C%11=CC=C(CCCCCC)C=C%11)C%12=C9SC%13=C%12SC(C%14=C(OC)C(OC)=C(/C=C%15/C(C(C=C([H])C([H])=C%16)=C%16C%15=O)=C(C#N)/C#N)S%14)=C%13)C%17=CC=C(CCCCCC)C=C%17)=C6S4)S3)OC)=C(C#N)\C#N)C=C1[H],6.46,O=C(C1=C(CCC(CCCC)CC)SC(CCC(CC)CCCC)=C1C2=O)C(C2=C(C3)C(C4)=CC=C4C5=CC6=C(C(C7=CC=C(CCC(CCCC)CC)S7)=C8C=CSC8=C6C9=CC=C(CCC(CCCC)CC)S9)S5)=C3C%10=CC=CS%10||[H]C1=CC2=C(C(/C(C2=O)=C/C3=C(C(OC)=C(C4=CC(SC5=C6C(C7=CC=C(C=C7)CCCCCC)(C8=C5C=C(C9=C8)C(C(C=C%10)=CC=C%10CCCCCC)(C%11=CC=C(CCCCCC)C=C%11)C%12=C9SC%13=C%12SC(C%14=C(OC)C(OC)=C(/C=C%15/C(C(C=C([H])C([H])=C%16)=C%16C%15=O)=C(C#N)/C#N)S%14)=C%13)C%17=CC=C(CCCCCC)C=C%17)=C6S4)S3)OC)=C(C#N)\C#N)C=C1[H],6f31f3770fd225e382586e20513744e11a328b7cc74c758d48628417c600a02b,a28c85a21585775d8bfdc83471270e7a0f1e3790032b6829d8ac57531de16ae4,96dc4d857f855920e4aac56033f08d705999c2c15bf27923149c212f47a658a8,4e31fe79226c0c97623956c49f7ca3ba190b5f300ce4b22eb66c365da409addf,18646c07ce676782b219a9f06286f28dd5aff2026d50b1373a28c51fb478be05,690,371,110,564,0.5584414754936808,inhouse_r2
612,6.0,6.199880212840467,0.1998802128404673,0.1998802128404673,0.0399520994851505,3.331336880674455,in-house,716,FC1=C(C(OCC(CCCC)CC)=O)SC2=CSC(C3=CC4=C(C5=C(C(C6=CC=C(CC(CC)CCCC)S6)=C4S3)C=CS5)C7=CC=C(CC(CC)CCCC)S7)=C12,O=C(C1=CC=CC=C1C/2=C(C#N)\C#N)C2=C/C3=CC(OCC(CC)CCCC)=C(C4=CC5=C(C6=CC7=C(C8=C(C7(C9=CC=C(C=C9)CCCCCC)C%10=CC=C(C=C%10)CCCCCC)C=C(C%11=C(OCC(CC)CCCC)C=C(/C=C%12C(C%13=CC=CC=C%13C\%12=C(C#N)\C#N)=O)S%11)S8)C=C6C5(C%14=CC=C(C=C%14)CCCCCC)C%15=CC=C(C=C%15)CCCCCC)S4)S3,6.0,FC1=C(C(OCC(CCCC)CC)=O)SC2=CSC(C3=CC4=C(C5=C(C(C6=CC=C(CC(CC)CCCC)S6)=C4S3)C=CS5)C7=CC=C(CC(CC)CCCC)S7)=C12||O=C(C1=CC=CC=C1C/2=C(C#N)\C#N)C2=C/C3=CC(OCC(CC)CCCC)=C(C4=CC5=C(C6=CC7=C(C8=C(C7(C9=CC=C(C=C9)CCCCCC)C%10=CC=C(C=C%10)CCCCCC)C=C(C%11=C(OCC(CC)CCCC)C=C(/C=C%12C(C%13=CC=CC=C%13C\%12=C(C#N)\C#N)=O)S%11)S8)C=C6C5(C%14=CC=C(C=C%14)CCCCCC)C%15=CC=C(C=C%15)CCCCCC)S4)S3,2249a87c8fc0450476e55f070a85b71ffa6beb368356c28f1302bad8bac422cb,87476fb90d0db17e58b2a62e38ecc6765e2842c257a662603688167ffd1038b6,25a093e759cef0f6da4142ee23ee7c6c7679bb114baec61c113b71109e23954f,224fdf9582811e4c66604a5a21305c80c3dd0129eb7bcc219ff492cbcfbf76f1,17165216c0e0a0502487bfc02d3e9d7fce6ef55c484b3f10df5a3fbac449859d,167,165,104,525,0.6138186434659018,inhouse_r2
619,5.679999828338623,10.95762835398759,5.277628525648966,5.277628525648966,27.85336285474368,92.91599797799029,in-house,724,CC1=C2C(C(C3=C(SC(CC)=C3C2=O)CC)=O)=C(S1)C(SC4=C(C5=C6SC(C)=C5)C7=CC=C(S7)CC)=CC4=C6C8=CC=C(CC)S8,c1(cc2c(cc1F)C(=O)/C(=C\c1cc3c(s1)c1c(s3)c3c(C1(c1ccc(cc1)CCCCCC)c1ccc(cc1)CCCCCC)cc1c(c3)C(c3c1sc1c3sc(c1)/C=C/1\C(=O)c3c(C1=C(C#N)C#N)cc(c(c3)F)F)(c1ccc(cc1)CCCCCC)c1ccc(cc1)CCCCCC)/C2=C(C#N)C#N)F,5.68,CC1=C2C(C(C3=C(SC(CC)=C3C2=O)CC)=O)=C(S1)C(SC4=C(C5=C6SC(C)=C5)C7=CC=C(S7)CC)=CC4=C6C8=CC=C(CC)S8||c1(cc2c(cc1F)C(=O)/C(=C\c1cc3c(s1)c1c(s3)c3c(C1(c1ccc(cc1)CCCCCC)c1ccc(cc1)CCCCCC)cc1c(c3)C(c3c1sc1c3sc(c1)/C=C/1\C(=O)c3c(C1=C(C#N)C#N)cc(c(c3)F)F)(c1ccc(cc1)CCCCCC)c1ccc(cc1)CCCCCC)/C2=C(C#N)C#N)F,e677484505f85cfe03b1269e1614066c1a1bd3e6fd7267479f4c7aacc6c8ca2f,69e17d1724b4236f68d0c6efb6ad16969f13f8980d301d0056747038b20f0c8d,19a23ed6154a4ad68b4e737d70a2fcfa60d028a4884b0b641d0a4905578a21fc,f36e82bd80341defc9e75b68ad4a33130185fdd33eda19716763aa5aa999aaca,d85aa213754421ac49708e889a281b7dbff4084a58a5d843880566bbc8ebb192,122,1133,995,590,0.6381214447295804,inhouse_r2
620,5.670000076293945,10.508816794593736,4.838816718299791,4.838816718299791,23.414147233297555,85.34068171410965,in-house,725,O=C(C1=C(CCC(CCCC)CC)SC(CCC(CC)CCCC)=C1C2=O)C(C2=C(C3)C(C4)=CC=C4C5=CC6=C(C(C7=CC=C(CCC(CCCC)CC)S7)=C8C=CSC8=C6C9=CC=C(CCC(CCCC)CC)S9)S5)=C3C%10=CC=CS%10,O=C(C(C=CC=C1)=C1C/2=C(C#N)/C#N)C2=C/C3=CC4=C(S3)C5=CC6=C(C=C5C4(CCCCCCCCCCCCCCCC)CCCCCCCCCCCCCCCC)C7=C(C=C(S7)/C=C8C(C(C=CC=C9)=C9C\8=C(C#N)/C#N)=O)C6(CCCCCCCCCCCCCCCC)CCCCCCCCCCCCCCCC,5.67,O=C(C1=C(CCC(CCCC)CC)SC(CCC(CC)CCCC)=C1C2=O)C(C2=C(C3)C(C4)=CC=C4C5=CC6=C(C(C7=CC=C(CCC(CCCC)CC)S7)=C8C=CSC8=C6C9=CC=C(CCC(CCCC)CC)S9)S5)=C3C%10=CC=CS%10||O=C(C(C=CC=C1)=C1C/2=C(C#N)/C#N)C2=C/C3=CC4=C(S3)C5=CC6=C(C=C5C4(CCCCCCCCCCCCCCCC)CCCCCCCCCCCCCCCC)C7=C(C=C(S7)/C=C8C(C(C=CC=C9)=C9C\8=C(C#N)/C#N)=O)C6(CCCCCCCCCCCCCCCC)CCCCCCCCCCCCCCCC,6f31f3770fd225e382586e20513744e11a328b7cc74c758d48628417c600a02b,0cc00e1ba2d95fe8288dc072edf395ee6fc3678daa4e12f6703c7be7d2c5a409,2e04d14dd450a0193aa5384d4e2543c6e5910fef19bc229cba5eef79ad8b8300,32009831a6351f02a68cb2910a7b563f3286ef21e8c7d5ed69cae15ab5884891,7de2f922f7bf3fc40af78adfc935fa05cd30577855405d82236cc71c573cf43b,203,255,574,395,0.6391880074047909,inhouse_r2
638,5.239999771118164,4.2007151145746215,-1.0392846565435423,1.0392846565435423,1.080112597326829,19.833677517924198,in-house,747,c1scc(c1)CCCCCC,S=C(N(C/1=O)CC)SC1=C\C(C2=NN(CCCCCCCC)N=C32)=CC=C3C4=CC(C5(C(C=C6)=CC=C6CCCCCC)C7=CC=C(C=C7)CCCCCC)=C(C8=CC9=C(C%10=C(C9(C%11=CC=C(C=C%11)CCCCCC)C%12=CC=C(C=C%12)CCCCCC)C=C(C%13=CC=C(C%14=NN(N=C%13%14)CCCCCCCC)/C=C%15SC(N(C/%15=O)C#C)=S)S%10)C=C85)S4,5.24,c1scc(c1)CCCCCC||S=C(N(C/1=O)CC)SC1=C\C(C2=NN(CCCCCCCC)N=C32)=CC=C3C4=CC(C5(C(C=C6)=CC=C6CCCCCC)C7=CC=C(C=C7)CCCCCC)=C(C8=CC9=C(C%10=C(C9(C%11=CC=C(C=C%11)CCCCCC)C%12=CC=C(C=C%12)CCCCCC)C=C(C%13=CC=C(C%14=NN(N=C%13%14)CCCCCCCC)/C=C%15SC(N(C/%15=O)C#C)=S)S%10)C=C85)S4,dcfe55e25105351ae9c8ad52944bf5ab5d7d9aabff6bbd3f76ff805bf8820852,f89c93963c48a19c063c0f4d6b58c802680d8e5063121a06a395761e1ffe74e1,c4bf1e7f005e020c19e188ccdce36b1d304fe467a7ef9c28ea0f686f163d8e17,f81a1bb79b2f5bca68bb75e37b44ceb1c4b4d645fc238e1d0ad3729f0b949b0a,7342964bae6e1272b2af13c5807812879d7cf37673d8d969dde53663470d4ad8,945,1154,523,608,0.5396732186827131,inhouse_r2
639,5.230000019073486,10.18905783171701,4.959057812643524,4.959057812643524,24.59225438914077,94.81946069900854,in-house,748,CC(S1)=C(CCCCC(CC)CCCCCC)C=C1C2=NC(S3)=C(S2)N=C3C4=CC(CCCCC(CCCCCC)CC)=C(S4)C5=CC(C(S5)=C(C6=C7SC(C)=C6)C8=CC(Cl)=C(S8)CC(CCCC)CC)=C7C9=CC(Cl)=C(CC(CC)CCCC)S9,c1(cc2c(cc1F)C(=O)/C(=C\c1cc3c(s1)c1c(s3)c3c(C1(c1ccc(cc1)CCCCCC)c1ccc(cc1)CCCCCC)cc1c(c3)C(c3c1sc1c3sc(c1)/C=C/1\C(=O)c3c(C1=C(C#N)C#N)cc(c(c3)F)F)(c1ccc(cc1)CCCCCC)c1ccc(cc1)CCCCCC)/C2=C(C#N)C#N)F,5.23,CC(S1)=C(CCCCC(CC)CCCCCC)C=C1C2=NC(S3)=C(S2)N=C3C4=CC(CCCCC(CCCCCC)CC)=C(S4)C5=CC(C(S5)=C(C6=C7SC(C)=C6)C8=CC(Cl)=C(S8)CC(CCCC)CC)=C7C9=CC(Cl)=C(CC(CC)CCCC)S9||c1(cc2c(cc1F)C(=O)/C(=C\c1cc3c(s1)c1c(s3)c3c(C1(c1ccc(cc1)CCCCCC)c1ccc(cc1)CCCCCC)cc1c(c3)C(c3c1sc1c3sc(c1)/C=C/1\C(=O)c3c(C1=C(C#N)C#N)cc(c(c3)F)F)(c1ccc(cc1)CCCCCC)c1ccc(cc1)CCCCCC)/C2=C(C#N)C#N)F,d2db47a1de123b9347d2ddf618c1a801ab53c4d92b4344f4922c9a2cdc1e005f,69e17d1724b4236f68d0c6efb6ad16969f13f8980d301d0056747038b20f0c8d,1d1f3d08da8cbf49d3f75c0dc79c07cc116e0d2088c8c16ed2c9eaecee5c333d,caeec8008c574875708aa28052b115bad6a2efd9fa5d8f5e5f2b2bbdced87101,67ba371073f9deebbd481f2eda443d7c389651a2bf06587ef23a5e256e2eaa40,138,934,468,609,0.6068106917789574,inhouse_r2
643,5.019999980926514,11.405354424278334,6.385354443351821,6.385354443351821,40.77275136723284,127.19829616758904,in-house,753,O=C(C1=C(CCC(CCCC)CC)SC(CCC(CC)CCCC)=C1C2=O)C(C2=C(C3)C(C4)=CC=C4C5=CC6=C(C(C7=CC=C(CCC(CCCC)CC)S7)=C8C=CSC8=C6C9=CC=C(CCC(CCCC)CC)S9)S5)=C3C%10=CC=CS%10,c1(cc2c(cc1F)C(=C(C#N)C#N)/C(=C\c1sc3c(c1)sc1c3C(c3c1cc1c(c3)c3c(C1(c1ccc(cc1)CCCCCC)c1ccc(cc1)CCCCCC)c1c(s3)cc(s1)/C=C/1\C(=C(C#N)C#N)c3c(C1=O)cc(c(c3)F)F)(c1ccc(cc1)CCCCCC)c1ccc(cc1)CCCCCC)/C2=O)F,5.02,O=C(C1=C(CCC(CCCC)CC)SC(CCC(CC)CCCC)=C1C2=O)C(C2=C(C3)C(C4)=CC=C4C5=CC6=C(C(C7=CC=C(CCC(CCCC)CC)S7)=C8C=CSC8=C6C9=CC=C(CCC(CCCC)CC)S9)S5)=C3C%10=CC=CS%10||c1(cc2c(cc1F)C(=C(C#N)C#N)/C(=C\c1sc3c(c1)sc1c3C(c3c1cc1c(c3)c3c(C1(c1ccc(cc1)CCCCCC)c1ccc(cc1)CCCCCC)c1c(s3)cc(s1)/C=C/1\C(=C(C#N)C#N)c3c(C1=O)cc(c(c3)F)F)(c1ccc(cc1)CCCCCC)c1ccc(cc1)CCCCCC)/C2=O)F,6f31f3770fd225e382586e20513744e11a328b7cc74c758d48628417c600a02b,69e17d1724b4236f68d0c6efb6ad16969f13f8980d301d0056747038b20f0c8d,8332b22ad63e13f9b15c75f9f23319c3bcc64b52cea2954ad652267fde2e4b46,28637e448c04e46259c5b0ad9c4b6def7346f4a3b8d2b5a13a3d3759ec108315,04aadc213b7bc50b11a865ef0d356e8d79017db2726b499f18b3e4565b2bbc74,597,201,19,201,0.4957053511841501,inhouse_r2
645,5.0,8.58796767905207,3.5879676790520705,3.5879676790520705,12.873512065922302,71.75935358104141,in-house,755,FC1=C(C(OCC(CCCC)CC)=O)SC2=CSC(C3=CC4=C(C5=C(C(C6=CC=C(CC(CC)CCCC)S6)=C4S3)C=CS5)C7=CC=C(CC(CC)CCCC)S7)=C12,N#C/C(C#N)=C/C(C1=NSN=C21)=CC=C2C3=CC(C4(CCCCCCCC)CCCCCCCC)=C(C5=C4C=C(C6=CC=C(C7=NSN=C67)/C=C(C#N)\C#N)S5)S3,5.0,FC1=C(C(OCC(CCCC)CC)=O)SC2=CSC(C3=CC4=C(C5=C(C(C6=CC=C(CC(CC)CCCC)S6)=C4S3)C=CS5)C7=CC=C(CC(CC)CCCC)S7)=C12||N#C/C(C#N)=C/C(C1=NSN=C21)=CC=C2C3=CC(C4(CCCCCCCC)CCCCCCCC)=C(C5=C4C=C(C6=CC=C(C7=NSN=C67)/C=C(C#N)\C#N)S5)S3,2249a87c8fc0450476e55f070a85b71ffa6beb368356c28f1302bad8bac422cb,75bb0d51864105efcd58ab66fd3d6941c978d0f104918194de0c2f63ecc65b2c,476f624042074cd6483fc93fb7f3525416dd384a4c4527439948b656cf479df8,5e7513cbb7437e55d17855083cb5fcbd8db2f944de3d2fd9b30bce39fc1e2495,b89cc574a2c5075b99baa763f3baffd1fc98d927a6c24e654e6b1a2b9acecd57,332,448,855,614,0.7737815299154637,inhouse_r2
654,4.480000019073486,11.490598631377267,7.010598612303781,7.010598612303781,49.1484929028357,156.48657550125748,in-house,768,FC1=C(C(OCC(CCCC)CC)=O)SC2=CSC(C3=CC4=C(C5=C(C(C6=CC=C(CC(CC)CCCC)S6)=C4S3)C=CS5)C7=CC=C(CC(CC)CCCC)S7)=C12,O=C1C(/C(C2=CC(F)=C(F)C=C21)=C(C#N)\C#N)=C\C3=CC4=C(C5=C(S4)C6=C(C5(C7=CC=C(CCCCCC)C=C7)C8=CC=C(CCCCCC)C=C8)C9=C(S6)C%10=CC%11=C(C=C%10C9(C%12=CC=C(CCCCCC)C=C%12)C%13=CC=C(CCCCCC)C=C%13)C(S%14)=C(C%11(C%15=CC=C(CCCCCC)C=C%15)C%16=CC=C(CCCCCC)C=C%16)C%17=C%14C%18=C(C%19=C(S%18)C=C(/C=C%20/C(C(C(C%20=O)=C%21)=CC(F)=C%21F)=C(C#N)/C#N)S%19)C%17(C%22=CC=C(CCCCCC)C=C%22)C%23=CC=C(CCCCCC)C=C%23)S3,4.48,FC1=C(C(OCC(CCCC)CC)=O)SC2=CSC(C3=CC4=C(C5=C(C(C6=CC=C(CC(CC)CCCC)S6)=C4S3)C=CS5)C7=CC=C(CC(CC)CCCC)S7)=C12||O=C1C(/C(C2=CC(F)=C(F)C=C21)=C(C#N)\C#N)=C\C3=CC4=C(C5=C(S4)C6=C(C5(C7=CC=C(CCCCCC)C=C7)C8=CC=C(CCCCCC)C=C8)C9=C(S6)C%10=CC%11=C(C=C%10C9(C%12=CC=C(CCCCCC)C=C%12)C%13=CC=C(CCCCCC)C=C%13)C(S%14)=C(C%11(C%15=CC=C(CCCCCC)C=C%15)C%16=CC=C(CCCCCC)C=C%16)C%17=C%14C%18=C(C%19=C(S%18)C=C(/C=C%20/C(C(C(C%20=O)=C%21)=CC(F)=C%21F)=C(C#N)/C#N)S%19)C%17(C%22=CC=C(CCCCCC)C=C%22)C%23=CC=C(CCCCCC)C=C%23)S3,2249a87c8fc0450476e55f070a85b71ffa6beb368356c28f1302bad8bac422cb,4c202bfbc444a4a4e9517c0340dff0d718d4ec18e442197e3d81e2350b86e311,8d30084fef039907498f883049c77fe62de22010647dfceb5eec3a37ed63218b,c25ab565a3311acf859368917342f91342be2215e4f7f357d9bcaaaf114f56bc,73678bcb33f6fe4641ad30a0a0ec62eeb3dae354dbfdba6b9d7c3d750f41a3c3,651,893,525,622,0.6141840838247469,inhouse_r2
663,4.25,9.666955976202935,5.416955976202937,5.416955976202937,29.34341204812071,127.45778767536322,in-house,777,O=C(C1=C(CCC(CCCC)CC)SC(CCC(CC)CCCC)=C1C2=O)C(C2=C(C3)C(C4)=CC=C4C5=CC6=C(C(C7=CC=C(CCC(CCCC)CC)S7)=C8C=CSC8=C6C9=CC=C(CCC(CCCC)CC)S9)S5)=C3C%10=CC=CS%10,O=C(C(C=CC(F)=C1)=C1C/2=C(C#N)/C#N)C2=C/C3=CC(N4CC(CCCC)CC)=C(S3)C5=C4C6=C(OCCCCCC)C(S7)=C(C(OCCCCCC)=C6S5)C8=C7C(S9)=C(N8CC(CC)CCCC)C=C9/C=C(C%10=O)/C(C%11=C%10C=CC(F)=C%11)=C(C#N)/C#N,4.25,O=C(C1=C(CCC(CCCC)CC)SC(CCC(CC)CCCC)=C1C2=O)C(C2=C(C3)C(C4)=CC=C4C5=CC6=C(C(C7=CC=C(CCC(CCCC)CC)S7)=C8C=CSC8=C6C9=CC=C(CCC(CCCC)CC)S9)S5)=C3C%10=CC=CS%10||O=C(C(C=CC(F)=C1)=C1C/2=C(C#N)/C#N)C2=C/C3=CC(N4CC(CCCC)CC)=C(S3)C5=C4C6=C(OCCCCCC)C(S7)=C(C(OCCCCCC)=C6S5)C8=C7C(S9)=C(N8CC(CC)CCCC)C=C9/C=C(C%10=O)/C(C%11=C%10C=CC(F)=C%11)=C(C#N)/C#N,6f31f3770fd225e382586e20513744e11a328b7cc74c758d48628417c600a02b,a692810514c1f160fe177aba70e9c3437f19d0282433f0434ecfc8b24b530838,f91db6e308eb388456b08ccbb92e27b9535be738323854eaa3a46b1fb21db941,ee4e140b1f0c05dda3c15facbf8b5c7530b6c1b3bd4dd5d1a28f4d053235706a,aef8cede826c70e4d253bf4cbdd166cbd1d5d608c54b6193ee015a3cb45521f2,1159,1105,800,631,0.6066352745237378,inhouse_r2
672,3.9800000190734863,9.389947145292076,5.409947126218588,5.409947126218588,29.26752790848076,135.9283191028221,in-house,787,O=C(C1=C(CCC(CCCC)CC)SC(CCC(CC)CCCC)=C1C2=O)C(C2=C(C3)C(C4)=CC=C4C5=CC6=C(C(C7=CC=C(CCC(CCCC)CC)S7)=C8C=CSC8=C6C9=CC=C(CCC(CCCC)CC)S9)S5)=C3C%10=CC=CS%10,O=C(C(C=C([H])C([H])=C1)=C1C/2=C(C#N)/C#N)C2=C/C3=CC4=C(S3)C5=C(N4CC(CCCCCC)CCCC)C6=C(S5)C(C(C(C7=CC=C(C=C7)CCCCCC)6C8=CC=C(C=C8)CCCCCC)=C9)=CC%10=C9C%11=C(C(C%12=CC=C(CCCCCC)C=C%12)%10C%13=CC=C(CCCCCC)C=C%13)C(N%14CC(CCCCCC)CCCC)=C(S%11)C(S%15)=C%14C=C%15/C=C(C(C%16=C%17C=C([H])C([H])=C%16)=O)/C%17=C(C#N)/C#N,3.98,O=C(C1=C(CCC(CCCC)CC)SC(CCC(CC)CCCC)=C1C2=O)C(C2=C(C3)C(C4)=CC=C4C5=CC6=C(C(C7=CC=C(CCC(CCCC)CC)S7)=C8C=CSC8=C6C9=CC=C(CCC(CCCC)CC)S9)S5)=C3C%10=CC=CS%10||O=C(C(C=C([H])C([H])=C1)=C1C/2=C(C#N)/C#N)C2=C/C3=CC4=C(S3)C5=C(N4CC(CCCCCC)CCCC)C6=C(S5)C(C(C(C7=CC=C(C=C7)CCCCCC)6C8=CC=C(C=C8)CCCCCC)=C9)=CC%10=C9C%11=C(C(C%12=CC=C(CCCCCC)C=C%12)%10C%13=CC=C(CCCCCC)C=C%13)C(N%14CC(CCCCCC)CCCC)=C(S%11)C(S%15)=C%14C=C%15/C=C(C(C%16=C%17C=C([H])C([H])=C%16)=O)/C%17=C(C#N)/C#N,6f31f3770fd225e382586e20513744e11a328b7cc74c758d48628417c600a02b,e36563b84df3b98f527d4a656819036c3160a12c570cfa1e78aaa6623383dbaa,e91495b41cb1642c6357eade1bc59e9cefa33a55433294526289254200e67fd3,3bbbdf4a5de8f077bf2f0983761dfd3800a0e1e50acb39ebdb8fa975e3064f6e,0af81d84e4bf45f5644826a55b9ae5668cedd6a928e0097fb47cd1daed48ed83,1099,289,56,640,0.5157780521679893,inhouse_r2
680,3.609999895095825,6.578313865283929,2.9683139701881034,2.9683139701881034,8.810887825613861,82.22476610651844,in-house,798,CC(SC(C1=C(F)C(F)=C(C2=CC(C(OC3=CC=C(CCCCCC)C=C3)=O)=C(C4=CC=C(C5=CC=C(C)S5)S4)S2)C6=NSN=C16)=C7)=C7C(OC8=CC=C(CCCCCC)C=C8)=O,c1(cc2c(cc1F)C(=C(C#N)C#N)/C(=C\c1sc3c(c1)sc1c3C(c3c1cc1c(c3)c3c(C1(c1ccc(cc1)CCCCCC)c1ccc(cc1)CCCCCC)c1c(s3)cc(s1)/C=C/1\C(=C(C#N)C#N)c3c(C1=O)cc(c(c3)F)F)(c1ccc(cc1)CCCCCC)c1ccc(cc1)CCCCCC)/C2=O)F,3.61,CC(SC(C1=C(F)C(F)=C(C2=CC(C(OC3=CC=C(CCCCCC)C=C3)=O)=C(C4=CC=C(C5=CC=C(C)S5)S4)S2)C6=NSN=C16)=C7)=C7C(OC8=CC=C(CCCCCC)C=C8)=O||c1(cc2c(cc1F)C(=C(C#N)C#N)/C(=C\c1sc3c(c1)sc1c3C(c3c1cc1c(c3)c3c(C1(c1ccc(cc1)CCCCCC)c1ccc(cc1)CCCCCC)c1c(s3)cc(s1)/C=C/1\C(=C(C#N)C#N)c3c(C1=O)cc(c(c3)F)F)(c1ccc(cc1)CCCCCC)c1ccc(cc1)CCCCCC)/C2=O)F,da7bcd5b457622214cc76b17f6b94aed25002e8b9942dcc2a17161e4959dd55f,69e17d1724b4236f68d0c6efb6ad16969f13f8980d301d0056747038b20f0c8d,6b68c701bc27e5bfd72b946e677589b9a5878311569a5f70951706af62ab721c,5383d30941d31b7af26a36e1c59a9ee57adf33ae8d7c4dcb6e1415d4fa950718,f78d3221f014b2929cdfae935a07ea33f46b0a4529ce5a804d798d29f8f3f8af,488,399,1160,648,0.7796989940215142,inhouse_r2
703,2.299999952316284,3.4163278966847037,1.116327944368419,1.116327944368419,1.2461880793778202,48.535998587486375,in-house,823,O=C(OC1=CC=C(CCCCCC)C=C1)C2=C(C)SC(C(S3)=CC(C(OC4=CC=C(CCCCCC)C=C4)=O)=C3C(S5)=CC=C5C(C6=NSN=C6C(C(S7)=CC=C7C)=C8F)=C8F)=C2,c12cc3c(cc1C(c1c2sc2c1sc(c2)/C=C\1/C(=C(C#N)C#N)c2c(C1=O)cccc2)(c1ccc(cc1)CCCCCC)c1ccc(cc1)CCCCCC)c1c(C3(c2ccc(cc2)CCCCCC)c2ccc(cc2)CCCCCC)c2c(s1)cc(s2)/C=C\1/C(=C(C#N)C#N)c2c(C1=O)cccc2,2.3,O=C(OC1=CC=C(CCCCCC)C=C1)C2=C(C)SC(C(S3)=CC(C(OC4=CC=C(CCCCCC)C=C4)=O)=C3C(S5)=CC=C5C(C6=NSN=C6C(C(S7)=CC=C7C)=C8F)=C8F)=C2||c12cc3c(cc1C(c1c2sc2c1sc(c2)/C=C\1/C(=C(C#N)C#N)c2c(C1=O)cccc2)(c1ccc(cc1)CCCCCC)c1ccc(cc1)CCCCCC)c1c(C3(c2ccc(cc2)CCCCCC)c2ccc(cc2)CCCCCC)c2c(s1)cc(s2)/C=C\1/C(=C(C#N)C#N)c2c(C1=O)cccc2,f7f976cc43cd7ea9f7ff8dbe82963eb440d875e9dae2c27ee97be953adc5fa42,202f8607af2cecb83e86b2e4305f8c7e2852bc709bb805b9055691d46a9081c5,66f58ca65946efbef7b29302893789adf2baf8f64c90d3061f3386f1ad149eca,f0eea6fe1f7e910304b24788e1e72701d9bcace466ae06497c9df904ae5415f9,78a309fe55cb7cdd62745bb91bdb20966e0e8e4871b401010c804d3c5cac3d5f,467,1121,544,670,0.6370141011141792,inhouse_r2
704,2.150000095367432,10.101426851631391,7.95142675626396,7.95142675626396,63.2251874602304,369.8337862122314,in-house,824,CC(S1)=C(CCCCCCC)C=C1C2=NC(S3)=C(S2)N=C3C4=CC(CCCCCCC)=C(S4)C5=CC(C(S5)=C(C6=C7SC(C)=C6)C8=CC(Cl)=C(S8)CC(CCCC)CC)=C7C9=CC(Cl)=C(CC(CC)CCCC)S9,c1(cc2c(cc1F)C(=O)/C(=C\c1cc3c(s1)c1c(s3)c3c(C1(c1ccc(cc1)CCCCCC)c1ccc(cc1)CCCCCC)cc1c(c3)C(c3c1sc1c3sc(c1)/C=C/1\C(=O)c3c(C1=C(C#N)C#N)cc(c(c3)F)F)(c1ccc(cc1)CCCCCC)c1ccc(cc1)CCCCCC)/C2=C(C#N)C#N)F,2.15,CC(S1)=C(CCCCCCC)C=C1C2=NC(S3)=C(S2)N=C3C4=CC(CCCCCCC)=C(S4)C5=CC(C(S5)=C(C6=C7SC(C)=C6)C8=CC(Cl)=C(S8)CC(CCCC)CC)=C7C9=CC(Cl)=C(CC(CC)CCCC)S9||c1(cc2c(cc1F)C(=O)/C(=C\c1cc3c(s1)c1c(s3)c3c(C1(c1ccc(cc1)CCCCCC)c1ccc(cc1)CCCCCC)cc1c(c3)C(c3c1sc1c3sc(c1)/C=C/1\C(=O)c3c(C1=C(C#N)C#N)cc(c(c3)F)F)(c1ccc(cc1)CCCCCC)c1ccc(cc1)CCCCCC)/C2=C(C#N)C#N)F,35dd410f34ff9f1c7561f73c00ed52e5a16c0fcc3863a8890f348b925e7b2f45,69e17d1724b4236f68d0c6efb6ad16969f13f8980d301d0056747038b20f0c8d,ac5edb9ad479bd24c171740f5ce0072a686b30f37b38cac94f44a1ea72fb20ff,a2d0c41b9d26ee4d2910eba6cb5c0d379bd7d931139ea4671f31efdf9319bc33,0e5ef8f9c511b4a7b3126b9dbf4bbdc12ea226db711c91ea8a0488f461a5aea2,802,760,70,671,0.5964689137885291,inhouse_r2
712,1.2300000190734863,5.841895462262748,4.611895443189262,4.611895443189262,21.26957957890988,374.95084322545233,in-house,833,COCCOC(C1=C(C(OCCOC)=C2S3)C=C(C)S1)=C2C=C3C(S4)=CC=C4C(C5=NN(N=C5C6C7=CC=C(S7)C)CC(CCCC)CCCCCC)=C(C6OCCOC)OCCOC,O=C(C1=CC=CC=C1C/2=C(C#N)/C#N)C2=C/C3=CC(SC4C5C(C)=C(C(C6=CC=C(C=C6)CCCCCC)(C7=CC=C(C=C7)CCCCCC)C8=CSC9=C8SC(/C=C%10C(C(C=CC=C%11)=C%11C\%10=C(C#N)/C#N)=C)=C9)C=C(C)C5C(C%12=CC=C(C=C%12)CCCCCC)(C%13=CC=C(C=C%13)CCCCCC)C%144)=C%14S3,1.23,COCCOC(C1=C(C(OCCOC)=C2S3)C=C(C)S1)=C2C=C3C(S4)=CC=C4C(C5=NN(N=C5C6C7=CC=C(S7)C)CC(CCCC)CCCCCC)=C(C6OCCOC)OCCOC||O=C(C1=CC=CC=C1C/2=C(C#N)/C#N)C2=C/C3=CC(SC4C5C(C)=C(C(C6=CC=C(C=C6)CCCCCC)(C7=CC=C(C=C7)CCCCCC)C8=CSC9=C8SC(/C=C%10C(C(C=CC=C%11)=C%11C\%10=C(C#N)/C#N)=C)=C9)C=C(C)C5C(C%12=CC=C(C=C%12)CCCCCC)(C%13=CC=C(C=C%13)CCCCCC)C%144)=C%14S3,55df02ba84836c28e27d5e5151ad4c5d691951c5ab3a5039bbc579c46aed905a,83d12c8a518aebb2c9e097cdd9cd4e855fadbb8bad16c860293e67b74eecaf00,e683883becdfdc8311bc7550395c4a4f21214947faaf11d059e495502ac14bfa,3c42fc976dd575d1abe4cf3696bc8a3545d92eb4393502a05ea0d52525f59772,db8634b2680c0699c519e1084d0471d00a4c10004310c66c51ec2be769aee374,1091,291,1014,678,0.8761439078373975,inhouse_r2
7,16.5,14.654462464965215,-1.845537535034785,1.845537535034785,3.406008793222269,11.185075969907786,in-house,7,FC(C=C(C1=C2SC=CC2=C(C3=CC(F)=C(CC(CCCC)CC)S3)C4=C1C=C(C5=CC=C(C6=C(C(C(C7=C(CC(CCCC)CC)SC(CC(CC)CCCC)=C78)=O)=C(C9=CC=CC9)S6)C8=O)S5)S4)S%10)=C%10CC(CC)CCCC,O=C(C(/C1=C(C#N)/C#N)=C\C2=C(CCCCCCCCCCC)C3=C(C(N(CCCCCCCC)C4=C5C6=NSN=C6C7=C4N(C8=C7SC9=C8SC(/C=C(C%10=O)/C(C%11=C%10C=C(C(Cl)=C%11)Cl)=C(C#N)\C#N)=C9CCCCCCCCCCC)CCCCCCCC)=C5S3)S2)C%12=C1C=C(Cl)C(Cl)=C%12,16.5,FC(C=C(C1=C2SC=CC2=C(C3=CC(F)=C(CC(CCCC)CC)S3)C4=C1C=C(C5=CC=C(C6=C(C(C(C7=C(CC(CCCC)CC)SC(CC(CC)CCCC)=C78)=O)=C(C9=CC=CC9)S6)C8=O)S5)S4)S%10)=C%10CC(CC)CCCC||O=C(C(/C1=C(C#N)/C#N)=C\C2=C(CCCCCCCCCCC)C3=C(C(N(CCCCCCCC)C4=C5C6=NSN=C6C7=C4N(C8=C7SC9=C8SC(/C=C(C%10=O)/C(C%11=C%10C=C(C(Cl)=C%11)Cl)=C(C#N)\C#N)=C9CCCCCCCCCCC)CCCCCCCC)=C5S3)S2)C%12=C1C=C(Cl)C(Cl)=C%12,61eee9608e36bdb1d3a96a3ad1baa39916f3a546e29d11481966a5a2d3d30f3c,106ec9326f6c2014124a3ccaa07a70df3e915cb48e0279a6f7708463db258b52,363e5e3ac4cbab00538d525a30d3fe7e6dc76a4e0fa015e7a131092f60d5ba21,4f4aec9775b2911f4ba59537d9005c14793400a32dc1e47e40c37326ae5cec06,809320f008d149ff690998785f5530a9f36844d88205e8a909a849b2208dc551,238,379,579,7,0.5570429724883963,joint_inhouse_gao
9,16.399999618530273,16.000727370233818,-0.3992722482964552,0.3992722482964552,0.1594183282597062,2.434586936485777,in-house,9,FC1=C(F)C=C(N=C(OCC(CCCCCC)CCCCCCCC)C=N2)C2=C1C3=CC=CS3,CCCCCCCCCCCC(C(SC(C1=C2C3=C(C4=C(N3CC(CCCC)CC)C5=C(C(CCCCCCCCCCC)=C(S5)/C=C6C(C(C=C(C(F)=C7)F)=C7C\6=C(C#N)\C#N)=O)S4)C8=NSN=C18)=C9N2CC(CCCC)CC)=C9S%10)=C%10/C=C%11C(C(C=C(C(F)=C%12)F)=C%12C\%11=C(C#N)/C#N)=O,16.4,FC1=C(F)C=C(N=C(OCC(CCCCCC)CCCCCCCC)C=N2)C2=C1C3=CC=CS3||CCCCCCCCCCCC(C(SC(C1=C2C3=C(C4=C(N3CC(CCCC)CC)C5=C(C(CCCCCCCCCCC)=C(S5)/C=C6C(C(C=C(C(F)=C7)F)=C7C\6=C(C#N)\C#N)=O)S4)C8=NSN=C18)=C9N2CC(CCCC)CC)=C9S%10)=C%10/C=C%11C(C(C=C(C(F)=C%12)F)=C%12C\%11=C(C#N)/C#N)=O,6d0ebf843ec88894476605165efae2bf8fd910afe87a5868bc4b56e85a61a93d,f9b7041ba9536f137f807b97bf21e4234605bdbac0b792ddb30b9b465d5f5586,3f6df0e592af64a8e2bba296412afdf7fb07ad93f2763b2dc21664b9649a3cc4,14b0cc9fe2cfcea70b3f1e76555aac2b47475d3472cce81a2df33a16292679f5,919dde5670d2302a847aae446152ce35cbe09f39369969a34b885674ae5113c0,285,101,662,9,0.5709515387883504,joint_inhouse_gao
10,16.3700008392334,13.747756174295256,-2.622244664938142,2.622244664938142,6.876167082796549,16.018598231549884,in-house,10,O=C1C2=C(CC(CC)CCCC)SC(CC(CC)CCCC)=C2C(C3=C(C4=CC=C(C5=CC(C(C6=CC(F)=C(CC(CC)CCCC)S6)=C(SC=C7)C7=C8C9=CC(F)=C(CC(CC)CCCC)S9)=C8S5)S4)SC(C%10=CC=CS%10)=C31)=O,CCCCC(CN1N=C2C3=C(C4=C(C5=C(N4CC(CCCC)CC)C6=C(C(CCCCCC)=C(S6)/C=C7C(C(C=C(F)C(F)=C8)=C8C\7=C(C#N)\C#N)=O)S5)C2=N1)N(CC(CCCC)CC)C9=C3SC%10=C9SC(/C=C%11C(C%12=C(C=C(F)C(F)=C%12)C\%11=C(C#N)/C#N)=O)=C%10CCCCCC)CC,16.37,O=C1C2=C(CC(CC)CCCC)SC(CC(CC)CCCC)=C2C(C3=C(C4=CC=C(C5=CC(C(C6=CC(F)=C(CC(CC)CCCC)S6)=C(SC=C7)C7=C8C9=CC(F)=C(CC(CC)CCCC)S9)=C8S5)S4)SC(C%10=CC=CS%10)=C31)=O||CCCCC(CN1N=C2C3=C(C4=C(C5=C(N4CC(CCCC)CC)C6=C(C(CCCCCC)=C(S6)/C=C7C(C(C=C(F)C(F)=C8)=C8C\7=C(C#N)\C#N)=O)S5)C2=N1)N(CC(CCCC)CC)C9=C3SC%10=C9SC(/C=C%11C(C%12=C(C=C(F)C(F)=C%12)C\%11=C(C#N)/C#N)=O)=C%10CCCCCC)CC,65482d735aa1f382b817dd8d95b1689b39b0b3c26138949c2680844f1b1f5ea0,72510025151e6e2a8dbf6a569a3de7a647a5c1c0fd51866fa40aee115ff60386,e402e4dd08dae0ac2cda41476ef14d0fefdfc3ca478fefdc1e0a09cd79ca131d,e4a7eb49f2cef95e537d0aa64325072adb41f2cc23305f645b4d61dc8df7bf6f,1a1c3dbff251758cf264a0a4fccb444df72a8f4b5ad83dbc1dfb3547140f8adc,1078,1055,112,10,0.5509248179240166,joint_inhouse_gao
13,16.170000076293945,13.747756174295256,-2.422243901998689,2.422243901998689,5.867265520769834,14.979863268830924,in-house,13,O=C1C2=C(CC(CC)CCCC)SC(CC(CC)CCCC)=C2C(C3=C(C4=CC=C(C5=CC(C(C6=CC(F)=C(CC(CC)CCCC)S6)=C(SC=C7)C7=C8C9=CC(F)=C(CC(CC)CCCC)S9)=C8S5)S4)SC(C%10=CC=CS%10)=C31)=O,CCC(CN1N=C2C3=C(C4=C(C5=C(N4CC(CCCC)CC)C(SC(/C=C6/C(C7=C(C6=O)C=C(C(F)=C7)F)=C(C#N)/C#N)=C8CCCCCC)=C8S5)C2=N1)N(CC(CCCC)CC)C9=C3SC%10=C9SC(/C=C%11C(C%12=C(C=C(F)C(F)=C%12)C\%11=C(C#N)\C#N)=O)=C%10CCCCCC)CCCC,16.17,O=C1C2=C(CC(CC)CCCC)SC(CC(CC)CCCC)=C2C(C3=C(C4=CC=C(C5=CC(C(C6=CC(F)=C(CC(CC)CCCC)S6)=C(SC=C7)C7=C8C9=CC(F)=C(CC(CC)CCCC)S9)=C8S5)S4)SC(C%10=CC=CS%10)=C31)=O||CCC(CN1N=C2C3=C(C4=C(C5=C(N4CC(CCCC)CC)C(SC(/C=C6/C(C7=C(C6=O)C=C(C(F)=C7)F)=C(C#N)/C#N)=C8CCCCCC)=C8S5)C2=N1)N(CC(CCCC)CC)C9=C3SC%10=C9SC(/C=C%11C(C%12=C(C=C(F)C(F)=C%12)C\%11=C(C#N)\C#N)=O)=C%10CCCCCC)CCCC,65482d735aa1f382b817dd8d95b1689b39b0b3c26138949c2680844f1b1f5ea0,72510025151e6e2a8dbf6a569a3de7a647a5c1c0fd51866fa40aee115ff60386,e402e4dd08dae0ac2cda41476ef14d0fefdfc3ca478fefdc1e0a09cd79ca131d,e4a7eb49f2cef95e537d0aa64325072adb41f2cc23305f645b4d61dc8df7bf6f,1a1c3dbff251758cf264a0a4fccb444df72a8f4b5ad83dbc1dfb3547140f8adc,1078,1055,112,10,0.5509248179240166,joint_inhouse_gao
17,16.0,16.50686015705071,0.5068601570507099,0.5068601570507099,0.2569072188054702,3.1678759815669366,in-house,17,O=C1C2=C(CC(CC)CCCC)SC(CC(CC)CCCC)=C2C(C3=C(C4=CC=C(C5=CC(C(C6=CC(F)=C(CC(CC)CCCC)S6)=C(SC=C7)C7=C8C9=CC(F)=C(CC(CC)CCCC)S9)=C8S5)S4)SC(C%10=CC=CS%10)=C31)=O,O=C(C1=C(C=C(F)C(F)=C1)C/2=C(C#N)\C#N)C2=C/C3=C(CCCCCCCCCCC)C(SC(C4=C5C6=C(C7=C(N6CC(CCCC)CCCCCC)C8=C(C(CCCCCCCCCCC)=C(S8)/C=C9C(C(C=C(F)C(F)=C%10)=C%10C\9=C(C#N)\C#N)=O)S7)C%11=NSN=C4%11)=C%12N5CC(CCCCCC)CCCC)=C%12S3,16.0,O=C1C2=C(CC(CC)CCCC)SC(CC(CC)CCCC)=C2C(C3=C(C4=CC=C(C5=CC(C(C6=CC(F)=C(CC(CC)CCCC)S6)=C(SC=C7)C7=C8C9=CC(F)=C(CC(CC)CCCC)S9)=C8S5)S4)SC(C%10=CC=CS%10)=C31)=O||O=C(C1=C(C=C(F)C(F)=C1)C/2=C(C#N)\C#N)C2=C/C3=C(CCCCCCCCCCC)C(SC(C4=C5C6=C(C7=C(N6CC(CCCC)CCCCCC)C8=C(C(CCCCCCCCCCC)=C(S8)/C=C9C(C(C=C(F)C(F)=C%10)=C%10C\9=C(C#N)\C#N)=O)S7)C%11=NSN=C4%11)=C%12N5CC(CCCCCC)CCCC)=C%12S3,65482d735aa1f382b817dd8d95b1689b39b0b3c26138949c2680844f1b1f5ea0,cce4daef3466912115114a47937759c5e11908ec4ef6f39cc24019bc556cf85b,6f3e01ab771911b69962d4803b4ce9059012d08e7e69727fc05279245c27a284,31cc87d11e77699854407788c3defb6a097e7c40e98eb177e3343cae76a8fc36,ecb6751eac88c0ef6741ac5561018a1fd8713a0763aba2ac55ab332547dcf135,503,252,1111,16,0.5502890234077348,joint_inhouse_gao
19,15.649999618530272,13.747756174295256,-1.9022434442350156,1.9022434442350156,3.6185301211350938,12.154910483081911,in-house,19,O=C1C2=C(CC(CC)CCCC)SC(CC(CC)CCCC)=C2C(C3=C(C4=CC=C(C5=CC(C(C6=CC(F)=C(CC(CC)CCCC)S6)=C(SC=C7)C7=C8C9=CC(F)=C(CC(CC)CCCC)S9)=C8S5)S4)SC(C%10=CC=CS%10)=C31)=O,CCCCC(CN1N=C2C3=C(C4=C(C5=C(N4CC(CCCC)CC)C6=C(C(CCCCCCCCCCC)=C(S6)/C=C7C(C(C=C(F)C(F)=C8)=C8C\7=C(C#N)\C#N)=O)S5)C2=N1)N(CC(CCCC)CC)C9=C3SC%10=C9SC(/C=C%11C(C%12=C(C=C(F)C(F)=C%12)C\%11=C(C#N)/C#N)=O)=C%10CCCCCCCCCCC)CC,15.65,O=C1C2=C(CC(CC)CCCC)SC(CC(CC)CCCC)=C2C(C3=C(C4=CC=C(C5=CC(C(C6=CC(F)=C(CC(CC)CCCC)S6)=C(SC=C7)C7=C8C9=CC(F)=C(CC(CC)CCCC)S9)=C8S5)S4)SC(C%10=CC=CS%10)=C31)=O||CCCCC(CN1N=C2C3=C(C4=C(C5=C(N4CC(CCCC)CC)C6=C(C(CCCCCCCCCCC)=C(S6)/C=C7C(C(C=C(F)C(F)=C8)=C8C\7=C(C#N)\C#N)=O)S5)C2=N1)N(CC(CCCC)CC)C9=C3SC%10=C9SC(/C=C%11C(C%12=C(C=C(F)C(F)=C%12)C\%11=C(C#N)/C#N)=O)=C%10CCCCCCCCCCC)CC,65482d735aa1f382b817dd8d95b1689b39b0b3c26138949c2680844f1b1f5ea0,72510025151e6e2a8dbf6a569a3de7a647a5c1c0fd51866fa40aee115ff60386,e402e4dd08dae0ac2cda41476ef14d0fefdfc3ca478fefdc1e0a09cd79ca131d,e4a7eb49f2cef95e537d0aa64325072adb41f2cc23305f645b4d61dc8df7bf6f,1a1c3dbff251758cf264a0a4fccb444df72a8f4b5ad83dbc1dfb3547140f8adc,1078,1055,112,10,0.5509248179240166,joint_inhouse_gao
26,15.140000343322754,13.492143470462006,-1.647856872860748,1.647856872860748,2.715432273434404,10.884127050812836,in-house,27,O=C1C2=C(CC(CC)CCCC)SC(CC(CC)CCCC)=C2C(C3=C(C4=CC=C(C5=CC(C(C6=CC(F)=C(CC(CC)CCCC)S6)=C(SC=C7)C7=C8C9=CC(F)=C(CC(CC)CCCC)S9)=C8S5)S4)SC(C%10=CC=CS%10)=C31)=O,CCC(CN1N=C2C3=C(C4=C(C5=C(N4CC(CCCC)CC)C(SC(/C=C6/C(C7=C(C6=O)C=C(C(F)=C7)F)=C(C#N)/C#N)=C8CCCCCC)=C8S5)C2=N1)N(CC(CCCC)CC)C9=C3SC(/C=C%10C(C(C=C(F)C(F)=C%11)=C%11C\%10=C(C#N)/C#N)=O)=C9CCCCCC)CCCC,15.14,O=C1C2=C(CC(CC)CCCC)SC(CC(CC)CCCC)=C2C(C3=C(C4=CC=C(C5=CC(C(C6=CC(F)=C(CC(CC)CCCC)S6)=C(SC=C7)C7=C8C9=CC(F)=C(CC(CC)CCCC)S9)=C8S5)S4)SC(C%10=CC=CS%10)=C31)=O||CCC(CN1N=C2C3=C(C4=C(C5=C(N4CC(CCCC)CC)C(SC(/C=C6/C(C7=C(C6=O)C=C(C(F)=C7)F)=C(C#N)/C#N)=C8CCCCCC)=C8S5)C2=N1)N(CC(CCCC)CC)C9=C3SC(/C=C%10C(C(C=C(F)C(F)=C%11)=C%11C\%10=C(C#N)/C#N)=O)=C9CCCCCC)CCCC,65482d735aa1f382b817dd8d95b1689b39b0b3c26138949c2680844f1b1f5ea0,6047dca06660dd5db11d716a06302d88c202b495c72f99dfcede81322f73fa55,bbdad9ed3d6d35b6fd068991d7b33baa9670360156f9ee17cedd332eb03c26a7,1106b69e5d6f0dcf29a588390df6964e234c531d0d4dbdf1fa34dba758ea1c43,70962d5dcbfcb290307ca627c37a7bd4b50499f930d2a8f0c0d8cad58b6d7ae1,888,84,509,22,0.5771944363186698,joint_inhouse_gao
33,14.449999809265137,15.38319454570808,0.9331947364429444,0.9331947364429444,0.8708524161248162,6.458095147133449,in-house,35,O=C1C2=C(CC(CC)CCCC)SC(CC(CC)CCCC)=C2C(C3=C(C4=CC=C(C5=CC(C(C6=CC(F)=C(CC(CC)CCCC)S6)=C(SC=C7)C7=C8C9=CC(F)=C(CC(CC)CCCC)S9)=C8S5)S4)SC(C%10=CC=CS%10)=C31)=O,O=C(C1=C2C=C(Cl)C(Cl)=C1)C(/C2=C(C#N)/C#N)=C\C3=C(CCCCCCCC)C(SC4=C5N(C6=C4C7=NSN=C7C8=C6N(CC(CCCC)CC)C9=C8SC(/C=C%10/C(C%11=C(C%10=O)C=C(Cl)C(Cl)=C%11)=C(C#N)\[N+]#[C-])=C9CCCCCCCC)CC(CCCC)CC)=C5S3,14.45,O=C1C2=C(CC(CC)CCCC)SC(CC(CC)CCCC)=C2C(C3=C(C4=CC=C(C5=CC(C(C6=CC(F)=C(CC(CC)CCCC)S6)=C(SC=C7)C7=C8C9=CC(F)=C(CC(CC)CCCC)S9)=C8S5)S4)SC(C%10=CC=CS%10)=C31)=O||O=C(C1=C2C=C(Cl)C(Cl)=C1)C(/C2=C(C#N)/C#N)=C\C3=C(CCCCCCCC)C(SC4=C5N(C6=C4C7=NSN=C7C8=C6N(CC(CCCC)CC)C9=C8SC(/C=C%10/C(C%11=C(C%10=O)C=C(Cl)C(Cl)=C%11)=C(C#N)\[N+]#[C-])=C9CCCCCCCC)CC(CCCC)CC)=C5S3,65482d735aa1f382b817dd8d95b1689b39b0b3c26138949c2680844f1b1f5ea0,ab1410c5a541f03da9a96601621ba506339e360092b3eafe6f0e218796b3b060,f0b5731b4b97a057fccb9aaa49e034845cbce1999b79913c9dcadb27d0565423,2ca377e0f3c7c4799e52c2d4fdf422186579da70fa094f26a59db6e75d64e8e2,e0af34fbee4279e13cd3ad97480b4ff6c24917be4b25d5712a1af4abc77289be,1133,210,1040,29,0.447841206138011,joint_inhouse_gao
38,14.029999732971191,14.664602629028924,0.6346028960577339,0.6346028960577339,0.402720835684863,4.523185375167084,in-house,42,FC(C=C(C1=C2SC=CC2=C(C3=CC(F)=C(CC(CCCC)CC)S3)C4=C1C=C(C5=CC=C(C6=C(C(C(C7=C(CC(CCCC)CC)SC(CC(CC)CCCC)=C78)=O)=C(C9=CC=CC9)S6)C8=O)S5)S4)S%10)=C%10CC(CC)CCCC,O=C(C(C=C(C(Br)=C1)Br)=C1C/2=C(C#N)/C#N)C2=C/C3=C(CCCCCCCCCCC)C(SC(C4=C5C6=C(C7=C(N6CCCCCCCCCCCC)C8=C(C(CCCCCCCCCCC)=C(S8)/C=C9C(C%10=C(C=C(Br)C(Br)=C%10)C\9=C(C#N)/C#N)=O)S7)C%11=NSN=C%114)=C%12N5CCCCCCCCCCCC)=C%12S3,14.03,FC(C=C(C1=C2SC=CC2=C(C3=CC(F)=C(CC(CCCC)CC)S3)C4=C1C=C(C5=CC=C(C6=C(C(C(C7=C(CC(CCCC)CC)SC(CC(CC)CCCC)=C78)=O)=C(C9=CC=CC9)S6)C8=O)S5)S4)S%10)=C%10CC(CC)CCCC||O=C(C(C=C(C(Br)=C1)Br)=C1C/2=C(C#N)/C#N)C2=C/C3=C(CCCCCCCCCCC)C(SC(C4=C5C6=C(C7=C(N6CCCCCCCCCCCC)C8=C(C(CCCCCCCCCCC)=C(S8)/C=C9C(C%10=C(C=C(Br)C(Br)=C%10)C\9=C(C#N)/C#N)=O)S7)C%11=NSN=C%114)=C%12N5CCCCCCCCCCCC)=C%12S3,61eee9608e36bdb1d3a96a3ad1baa39916f3a546e29d11481966a5a2d3d30f3c,61e1083ae266a0c0d0562f5978ecf2ec4d01974439c1e3d455b138ce4d181741,dfddec171cf5b907634b3cfa86ae2f60a5ca0d06e64dba8008bb5a7dfb986dfd,1007fcb65d03ac3eeffadbcf7be9e35f5be3e82b10b7b415fcc3c39c62d68d0a,4a49993e99cf73bd0b6b87efb3bce026b4400c5ec011d9f500e4b2d22c88bd9b,1058,77,326,33,0.5653089549045167,joint_inhouse_gao
40,14.0,10.203678348276874,-3.796321651723126,3.796321651723126,14.412058083341805,27.116583226593757,in-house,45,O=C(C1=C(CCC(CCCC)CC)SC(CCC(CC)CCCC)=C1C2=O)C(C2=C(C3)C(C4)=CC=C4C5=CC6=C(C(C7=CC=C(CCC(CCCC)CC)S7)=C8C=CSC8=C6C9=CC=C(CCC(CCCC)CC)S9)S5)=C3C%10=CC=CS%10,CCCCCCC1=CC=C(C2(C3=CC=C(C=C3)CCCCCC)C4=C(C=C(C5=C4)C(C(C=C6)=CC=C6CCCCCC)(C7=C5SC(/C=C8/C(C9=C(C8=O)C=C(F)C=C9)=C(C#N)\C#N)=C7)C(C=C%10)=CC=C%10CCCCCC)C%11=C2C%12=C(C(SC(/C=C(C%13=O)/C(C%14=C%13C=C(F)C=C%14)=C(C#N)\C#N)=C%15)=C%15N%12CCCCCCCC)S%11)C=C1,14.0,O=C(C1=C(CCC(CCCC)CC)SC(CCC(CC)CCCC)=C1C2=O)C(C2=C(C3)C(C4)=CC=C4C5=CC6=C(C(C7=CC=C(CCC(CCCC)CC)S7)=C8C=CSC8=C6C9=CC=C(CCC(CCCC)CC)S9)S5)=C3C%10=CC=CS%10||CCCCCCC1=CC=C(C2(C3=CC=C(C=C3)CCCCCC)C4=C(C=C(C5=C4)C(C(C=C6)=CC=C6CCCCCC)(C7=C5SC(/C=C8/C(C9=C(C8=O)C=C(F)C=C9)=C(C#N)\C#N)=C7)C(C=C%10)=CC=C%10CCCCCC)C%11=C2C%12=C(C(SC(/C=C(C%13=O)/C(C%14=C%13C=C(F)C=C%14)=C(C#N)\C#N)=C%15)=C%15N%12CCCCCCCC)S%11)C=C1,6f31f3770fd225e382586e20513744e11a328b7cc74c758d48628417c600a02b,aae7c036f50c84dd7d6739aad596ce6f0f64ca992761de8f4abce3a6fded56cd,f7aa181157ebfcc1f03031618ea39465e66ae63b4925359728626dcbb42f5b72,f8d826ff0c6cab552c1ec35930770530439e1d1ec959d171d15c4b059021ac48,866e01139c26eef2b6ebe41398a1d8d67a278177545411bec20a506a46ea7796,1156,1160,608,35,0.4536851907686761,joint_inhouse_gao
41,13.949999809265137,12.38733156600801,-1.5626682432571268,1.5626682432571268,2.441932038484315,11.201923043893188,in-house,46,O=C1C2=C(CC(CC)CCCC)SC(CC(CC)CCCC)=C2C(C3=C(C4=CC=C(C5=CC(C(C6=CC(F)=C(CC(CC)CCCC)S6)=C(SC=C7)C7=C8C9=CC(F)=C(CC(CC)CCCC)S9)=C8S5)S4)SC(C%10=CC=CS%10)=C31)=O,FC1=CC(C(/C2=C/C3=C(CCCCCCCC)C4=C(S3)C(C(C5=CC=C(CCCCCC)C=C5)(C6=CC=C(CCCCCC)C=C6)C(C7=C8C)=C9SC7=CC%10=C8SC%11=C%10[C@](C%12=CC=C(CCCCCC)C=C%12)(C%13=C%11SC%14=C%13SC(/C=C%15/C(C%16=C(C%15=O)C=C(F)C(F)=C%16)=C(C#N)\[N+]#[C-])=C%14CCCCCCCC)C)=C9S4)=C(C#N)/C#N)=C(C2=O)C=C1F,13.95,O=C1C2=C(CC(CC)CCCC)SC(CC(CC)CCCC)=C2C(C3=C(C4=CC=C(C5=CC(C(C6=CC(F)=C(CC(CC)CCCC)S6)=C(SC=C7)C7=C8C9=CC(F)=C(CC(CC)CCCC)S9)=C8S5)S4)SC(C%10=CC=CS%10)=C31)=O||FC1=CC(C(/C2=C/C3=C(CCCCCCCC)C4=C(S3)C(C(C5=CC=C(CCCCCC)C=C5)(C6=CC=C(CCCCCC)C=C6)C(C7=C8C)=C9SC7=CC%10=C8SC%11=C%10[C@](C%12=CC=C(CCCCCC)C=C%12)(C%13=C%11SC%14=C%13SC(/C=C%15/C(C%16=C(C%15=O)C=C(F)C(F)=C%16)=C(C#N)\[N+]#[C-])=C%14CCCCCCCC)C)=C9S4)=C(C#N)/C#N)=C(C2=O)C=C1F,65482d735aa1f382b817dd8d95b1689b39b0b3c26138949c2680844f1b1f5ea0,116596b3c0bf5392305dd7a9038cea9b7842a248ef0ff307a76793926dc41fde,b22cef58ec7cfac39705fe113999e5f0d7ccd8ddb0529e74aa7c5d95b01ae27e,ccadeab06fe0d22661c54cf46f26ab11bac8ab9ae86b5968982b866f28f40ae8,cbf0f12d5ec0c3cb2d107a991a82bf9dbbcd62a7c76f6730cd02747073721746,827,942,936,36,0.612641690202876,joint_inhouse_gao
43,13.899999618530272,13.299738704568089,-0.6002609139621828,0.6002609139621828,0.360313164830715,4.318423959968799,in-house,48,O=C1C2=C(CC(CC)CCCC)SC(CC(CC)CCCC)=C2C(C3=C(C4=CC=C(C5=CC(C(C6=CC(F)=C(CC(CC)CCCC)S6)=C(SC=C7)C7=C8C9=CC(F)=C(CC(CC)CCCC)S9)=C8S5)S4)SC(C%10=CC=CS%10)=C31)=O,O=C(C(C=C(F)C(F)=C1)=C1C/2=C(C#N)\C#N)C2=C/C3=CC4=C(C5=C(S4)C(C6(C7=CC=C(CCCCCCCC)C=C7)C8=CC=C(CCCCCCCC)C=C8)=C(C9=CC%10=C(C%11=C(C%10(C%12=CC=C(C=C%12)CCCCCCCC)C%13=CC=C(C=C%13)CCCCCCCC)C(SC%14=C%15SC(/C=C%16C(C%17=CC(F)=C(C=C%17C\%16=C(C#N)\C#N)F)=O)=C%14)=C%15S%11)C=C96)S5)S3,13.9,O=C1C2=C(CC(CC)CCCC)SC(CC(CC)CCCC)=C2C(C3=C(C4=CC=C(C5=CC(C(C6=CC(F)=C(CC(CC)CCCC)S6)=C(SC=C7)C7=C8C9=CC(F)=C(CC(CC)CCCC)S9)=C8S5)S4)SC(C%10=CC=CS%10)=C31)=O||O=C(C(C=C(F)C(F)=C1)=C1C/2=C(C#N)\C#N)C2=C/C3=CC4=C(C5=C(S4)C(C6(C7=CC=C(CCCCCCCC)C=C7)C8=CC=C(CCCCCCCC)C=C8)=C(C9=CC%10=C(C%11=C(C%10(C%12=CC=C(C=C%12)CCCCCCCC)C%13=CC=C(C=C%13)CCCCCCCC)C(SC%14=C%15SC(/C=C%16C(C%17=CC(F)=C(C=C%17C\%16=C(C#N)\C#N)F)=O)=C%14)=C%15S%11)C=C96)S5)S3,65482d735aa1f382b817dd8d95b1689b39b0b3c26138949c2680844f1b1f5ea0,7aeedf63c12b736e34a0a615914b84cd46e154b936481a9e59697139a182b618,dcd6bec6e559f9fc7c6eaa246047ec416b5602494c64b681efb6ac8cd0b0dc37,809af065b9b31be8b05a13f1cdb84852f3b4c1378f3fd1e0657449717b9207bc,dc3744ff1429bf4e028ea25dbfc7e80b538a8444c0645728194ab115a7ec5775,1047,614,1019,38,0.4872053131175237,joint_inhouse_gao
44,13.869999885559082,13.37604577470534,-0.4939541108537426,0.4939541108537426,0.2439906636293114,3.5613130131891992,in-house,49,O=C1C2=C(CC(CC)CCCC)SC(CC(CC)CCCC)=C2C(C3=C(C4=CC=C(C5=CC(C(C6=CC(F)=C(CC(CC)CCCC)S6)=C(SC=C7)C7=C8C9=CC(F)=C(CC(CC)CCCC)S9)=C8S5)S4)SC(C%10=CC=CS%10)=C31)=O,[Cl]C1=CC2=C(C(/C(C2=O)=C/C3=CC4=C(C5=C(N4C(CCCCCC)CCCC)C6=C(C(OCC(CCCC)CC)=C7C8=C(C9=C(N8CC(CCCCCC)CCCC)C=C(/C=C%10C(C%11=CC([Cl])=C(C=C%11C\%10=C(C#N)\C#N)[Cl])=O)S9)SC7=C6OCC(CCCC)CC)S5)S3)=C(C#N)\C#N)C=C1[Cl],13.87,O=C1C2=C(CC(CC)CCCC)SC(CC(CC)CCCC)=C2C(C3=C(C4=CC=C(C5=CC(C(C6=CC(F)=C(CC(CC)CCCC)S6)=C(SC=C7)C7=C8C9=CC(F)=C(CC(CC)CCCC)S9)=C8S5)S4)SC(C%10=CC=CS%10)=C31)=O||[Cl]C1=CC2=C(C(/C(C2=O)=C/C3=CC4=C(C5=C(N4C(CCCCCC)CCCC)C6=C(C(OCC(CCCC)CC)=C7C8=C(C9=C(N8CC(CCCCCC)CCCC)C=C(/C=C%10C(C%11=CC([Cl])=C(C=C%11C\%10=C(C#N)\C#N)[Cl])=O)S9)SC7=C6OCC(CCCC)CC)S5)S3)=C(C#N)\C#N)C=C1[Cl],65482d735aa1f382b817dd8d95b1689b39b0b3c26138949c2680844f1b1f5ea0,8444f3747a43afd10a878cafdba29754b28d8458950b60f0883dbef199ecf1f7,bee71710ab3d4f553e569d3a71cbe1abcb86fe3e61aed91db5430c59b36455c7,7d55d7dba9c11a829a03cac366b98574c4c3f93c82c86893d700aac29feef0c3,4caa892d25a81ab1ff15b12888264d311b189681ffdcde4099a8e74dcc77e844,906,598,336,39,0.5371138835610456,joint_inhouse_gao
47,13.739999771118164,11.738935819946894,-2.00106395117127,2.00106395117127,4.004256936677175,14.5637844578248,in-house,52,FC(C=C(C1=C2SC=CC2=C(C3=CC(F)=C(CC(CCCC)CC)S3)C4=C1C=C(C5=CC=C(C6=C(C(C(C7=C(CC(CCCC)CC)SC(CC(CC)CCCC)=C78)=O)=C(C9=CC=CC9)S6)C8=O)S5)S4)S%10)=C%10CC(CC)CCCC,O=C(C/1=C\C2=CC3=C(S2)C(C4(C5=CC=C(CCCCCC)C=C5)C6=CC=C(CCCCCC)C=C6)=C(S3)C7=CC8=C(C=C74)C9=C(C%10=C(S9)C=C(/C=C%11C(C%12=CC=C(Cl)C=C%12C\%11=C(C#N)/C#N)=O)S%10)C8(C%13=CC=C(CCCCCC)C=C%13)C%14=CC=C(CCCCCC)C=C%14)C%15=CC=C(Cl)C=C%15C1=C(C#N)/C#N,13.74,FC(C=C(C1=C2SC=CC2=C(C3=CC(F)=C(CC(CCCC)CC)S3)C4=C1C=C(C5=CC=C(C6=C(C(C(C7=C(CC(CCCC)CC)SC(CC(CC)CCCC)=C78)=O)=C(C9=CC=CC9)S6)C8=O)S5)S4)S%10)=C%10CC(CC)CCCC||O=C(C/1=C\C2=CC3=C(S2)C(C4(C5=CC=C(CCCCCC)C=C5)C6=CC=C(CCCCCC)C=C6)=C(S3)C7=CC8=C(C=C74)C9=C(C%10=C(S9)C=C(/C=C%11C(C%12=CC=C(Cl)C=C%12C\%11=C(C#N)/C#N)=O)S%10)C8(C%13=CC=C(CCCCCC)C=C%13)C%14=CC=C(CCCCCC)C=C%14)C%15=CC=C(Cl)C=C%15C1=C(C#N)/C#N,61eee9608e36bdb1d3a96a3ad1baa39916f3a546e29d11481966a5a2d3d30f3c,13ae1148b228a4ab05940b3f9c909bea4a2b70c2f7a8fba669a2215eb652c86d,8a6cf037e25bf02d6f97b91086c707aebb65fc6ed83a350e1a8f1351e18cfdeb,a9799e7d8694f5732414039f9b8cfa5de9d77738da611ab5ae99fc5539e4b78a,2a86e7091557c77a36921eaedbdba49b79c296bdecd893889974d6b12b40cbcd,630,777,182,42,0.5178603857525624,joint_inhouse_gao
59,13.449999809265137,12.438105913672116,-1.0118938955930208,1.0118938955930208,1.0239292559384192,7.523374795113155,in-house,66,O=C(C1=C(SC(CCCCCCCC)=C12)CCCCCCCC)C3=C(SC(C4=CC=C(C)S4)=C3C2=O)C(S5)=CC=C5C6=CC7C(C8=CC(F)=C(CCCCCCCC)C8)C9C(C=C(S9)C)C(C%10=CC(F)=C(S%10)CCCCCCCC)=C7S6,O=C(C1=CC(Cl)=C(C=C1C/2=C(C#N)\C#N)Cl)C2=C/C3=CC4=C(C(C5(C6=CC=C(C=C6)CCCCCC)C(C=C7)=CC=C7CCCCCC)=C(C8=CC9=C(C%10=C(C9(C%11=CC=C(C=C%11)CCCCCC)C%12=CC=C(C=C%12)CCCCCC)C%13=C(C=C(S%13)/C=C%14C(C%15=CC(Cl)=C(C=C%15C\%14=C(C#N)\C#N)Cl)=O)S%10)C=C85)S4)S3,13.45,O=C(C1=C(SC(CCCCCCCC)=C12)CCCCCCCC)C3=C(SC(C4=CC=C(C)S4)=C3C2=O)C(S5)=CC=C5C6=CC7C(C8=CC(F)=C(CCCCCCCC)C8)C9C(C=C(S9)C)C(C%10=CC(F)=C(S%10)CCCCCCCC)=C7S6||O=C(C1=CC(Cl)=C(C=C1C/2=C(C#N)\C#N)Cl)C2=C/C3=CC4=C(C(C5(C6=CC=C(C=C6)CCCCCC)C(C=C7)=CC=C7CCCCCC)=C(C8=CC9=C(C%10=C(C9(C%11=CC=C(C=C%11)CCCCCC)C%12=CC=C(C=C%12)CCCCCC)C%13=C(C=C(S%13)/C=C%14C(C%15=CC(Cl)=C(C=C%15C\%14=C(C#N)\C#N)Cl)=O)S%10)C=C85)S4)S3,e792d3c9cd416343b01f391920341dced2a7a213c67cb046f49990cbb2fa765d,dcf842694d53827077961931c0e460a45a792bc12c0b37ed12451efc871162d4,0424e3982a9dc0117816ed4e988053890ea3b26a2e350619e826155fcf34d5ec,ace101d50ecdd4057f78e911cd542e0b681923d4481c3b28cf57ff559e29bfcc,e36c798751db450508bf0bc60b442289f0bc438bcda8829f751e1e4caa13b9cd,16,790,1058,54,0.6528431547814185,joint_inhouse_gao
60,13.420000076293944,11.452885504996422,-1.9671145712975215,1.9671145712975215,3.8695397366110327,14.658081670002185,in-house,67,O=C(C1=C(CCC(CCCC)CC)SC(CCC(CC)CCCC)=C1C2=O)C(C2=C(C3)C(C4)=CC=C4C5=CC6=C(C(C7=CC=C(CCC(CCCC)CC)S7)=C8C=CSC8=C6C9=CC=C(CCC(CCCC)CC)S9)S5)=C3C%10=CC=CS%10,O=C(C(C=CC=C1)=C1C/2=C(C#N)\C#N)C2=C/C3=CC(SC(C4=C5C6=C(C7=C(N6CC(CCCC)CC)C8=C(C=C(S8)/C=C9C(C%10=C(C=CC=C%10)C\9=C(C#N)\C#N)=O)S7)C%11=NN(N=C4%11)CC(CC)CCCC)=C%12N5CC(CC)CCCC)=C%12S3,13.42,O=C(C1=C(CCC(CCCC)CC)SC(CCC(CC)CCCC)=C1C2=O)C(C2=C(C3)C(C4)=CC=C4C5=CC6=C(C(C7=CC=C(CCC(CCCC)CC)S7)=C8C=CSC8=C6C9=CC=C(CCC(CCCC)CC)S9)S5)=C3C%10=CC=CS%10||O=C(C(C=CC=C1)=C1C/2=C(C#N)\C#N)C2=C/C3=CC(SC(C4=C5C6=C(C7=C(N6CC(CCCC)CC)C8=C(C=C(S8)/C=C9C(C%10=C(C=CC=C%10)C\9=C(C#N)\C#N)=O)S7)C%11=NN(N=C4%11)CC(CC)CCCC)=C%12N5CC(CC)CCCC)=C%12S3,6f31f3770fd225e382586e20513744e11a328b7cc74c758d48628417c600a02b,e5f12c951c5adcdfd4eac67bc10465ca7f49794f5e71f06d11ef0c578dfac549,38effca90ac791b7fd1b81532d3be8fd28a286e67fc554e6528b3d0f63a88a41,a111047cb73af90738e56642885f2ce783d37908d4d8e2ed5dd947982538d397,8cef7324683af67e52bb22536685422391c506f7fd623f752d4cbb0a487b2b5b,253,753,636,55,0.6126575696065442,joint_inhouse_gao
62,13.399999618530272,11.041868851916623,-2.3581307666136464,2.3581307666136464,5.560780712449864,17.59799129660191,in-house,70,O=C(C1=C(CCC(CCCC)CC)SC(CCC(CC)CCCC)=C1C2=O)C(C2=C(C3)C(C4)=CC=C4C5=CC6=C(C(C7=CC=C(CCC(CCCC)CC)S7)=C8C=CSC8=C6C9=CC=C(CCC(CCCC)CC)S9)S5)=C3C%10=CC=CS%10,O=C(C(C=C(Cl)C(Cl)=C1)=C1C/2=C(C#N)/C#N)C2=C/C3=CC4=C(S3)C5=C(N4CC(CCCCCC)CCCC)C6=C(S5)C(C(C(C7=CC=C(C=C7)CCCCCC)6C8=CC=C(C=C8)CCCCCC)=C9)=CC%10=C9C%11=C(C(C%12=CC=C(CCCCCC)C=C%12)%10C%13=CC=C(CCCCCC)C=C%13)C(N%14CC(CCCCCC)CCCC)=C(S%11)C(S%15)=C%14C=C%15/C=C(C(C%16=C%17C=C(Cl)C(Cl)=C%16)=O)/C%17=C(C#N)/C#N,13.4,O=C(C1=C(CCC(CCCC)CC)SC(CCC(CC)CCCC)=C1C2=O)C(C2=C(C3)C(C4)=CC=C4C5=CC6=C(C(C7=CC=C(CCC(CCCC)CC)S7)=C8C=CSC8=C6C9=CC=C(CCC(CCCC)CC)S9)S5)=C3C%10=CC=CS%10||O=C(C(C=C(Cl)C(Cl)=C1)=C1C/2=C(C#N)/C#N)C2=C/C3=CC4=C(S3)C5=C(N4CC(CCCCCC)CCCC)C6=C(S5)C(C(C(C7=CC=C(C=C7)CCCCCC)6C8=CC=C(C=C8)CCCCCC)=C9)=CC%10=C9C%11=C(C(C%12=CC=C(CCCCCC)C=C%12)%10C%13=CC=C(CCCCCC)C=C%13)C(N%14CC(CCCCCC)CCCC)=C(S%11)C(S%15)=C%14C=C%15/C=C(C(C%16=C%17C=C(Cl)C(Cl)=C%16)=O)/C%17=C(C#N)/C#N,6f31f3770fd225e382586e20513744e11a328b7cc74c758d48628417c600a02b,f5cc737066a29aa88dd00fba806ea1091478fd001abf93e7b112896e7411244a,38d1c00246eabed77ef1ac04a505d82acf9471991971e8379638071b19e029ca,7e6ca6e961f227cbef5460f7803571b0f9e9ab0c726fdb3113a4155d7813903d,392a14006c99013bff4dda6f59868dd6f8f0508f610742a9ca42a4ba17b4b2c3,252,602,250,57,0.4556037930412708,joint_inhouse_gao
71,13.239999771118164,12.38733156600801,-0.8526682051101542,0.8526682051101542,0.7270430680057719,6.440092294942263,in-house,79,O=C1C2=C(CC(CC)CCCC)SC(CC(CC)CCCC)=C2C(C3=C(C4=CC=C(C5=CC(C(C6=CC(F)=C(CC(CC)CCCC)S6)=C(SC=C7)C7=C8C9=CC(F)=C(CC(CC)CCCC)S9)=C8S5)S4)SC(C%10=CC=CS%10)=C31)=O,FC1=CC(C(/C2=C/C3=C(CCCCCC)C4=C(S3)C(C(C5=CC=C(CCCCCC)C=C5)(C6=CC=C(CCCCCC)C=C6)C(C7=C8C)=C9SC7=CC%10=C8SC%11=C%10[C@](C%12=CC=C(CCCCCC)C=C%12)(C%13=C%11SC%14=C%13SC(/C=C%15/C(C%16=C(C%15=O)C=C(F)C(F)=C%16)=C(C#N)\[N+]#[C-])=C%14CCCCCC)C)=C9S4)=C(C#N)/C#N)=C(C2=O)C=C1F,13.24,O=C1C2=C(CC(CC)CCCC)SC(CC(CC)CCCC)=C2C(C3=C(C4=CC=C(C5=CC(C(C6=CC(F)=C(CC(CC)CCCC)S6)=C(SC=C7)C7=C8C9=CC(F)=C(CC(CC)CCCC)S9)=C8S5)S4)SC(C%10=CC=CS%10)=C31)=O||FC1=CC(C(/C2=C/C3=C(CCCCCC)C4=C(S3)C(C(C5=CC=C(CCCCCC)C=C5)(C6=CC=C(CCCCCC)C=C6)C(C7=C8C)=C9SC7=CC%10=C8SC%11=C%10[C@](C%12=CC=C(CCCCCC)C=C%12)(C%13=C%11SC%14=C%13SC(/C=C%15/C(C%16=C(C%15=O)C=C(F)C(F)=C%16)=C(C#N)\[N+]#[C-])=C%14CCCCCC)C)=C9S4)=C(C#N)/C#N)=C(C2=O)C=C1F,65482d735aa1f382b817dd8d95b1689b39b0b3c26138949c2680844f1b1f5ea0,116596b3c0bf5392305dd7a9038cea9b7842a248ef0ff307a76793926dc41fde,b22cef58ec7cfac39705fe113999e5f0d7ccd8ddb0529e74aa7c5d95b01ae27e,ccadeab06fe0d22661c54cf46f26ab11bac8ab9ae86b5968982b866f28f40ae8,cbf0f12d5ec0c3cb2d107a991a82bf9dbbcd62a7c76f6730cd02747073721746,827,942,936,36,0.612641690202876,joint_inhouse_gao
72,13.220000267028809,9.83052378361768,-3.389476483411128,3.389476483411128,11.488550831597069,25.639004651645987,in-house,80,FC1=C(C2=CC=C(C3=CC4=C(C(C(C=C5F)=CC(F)=C5CC(CCCC)CC)=C6C=C(OC6=C4C(C=C7F)=CC(F)=C7CC(CC)CCCC)C)O3)S2)C8=NN(CC(CCCCCCCC)CCCCCC)N=C8C(C9=CC=C(C)S9)=C1F,O=C(C/1=C\C2=C(C3=C(S2)C(N4C5=CC=C(CCCCCC)C=C5)=C(C6=C4C7=C(C8=NSN=C68)C(SC9=C%10SC(/C=C%11C(C%12=CC(F)=C(C=C%12C\%11=C(C#N)/C#N)F)=O)=C9CCCCCCCCCCC)=C%10N7C%13=CC=C(CCCCCC)C=C%13)S3)CCCCCCCCCCC)C%14=CC(F)=C(F)C=C%14C1=C(C#N)/C#N,13.22,FC1=C(C2=CC=C(C3=CC4=C(C(C(C=C5F)=CC(F)=C5CC(CCCC)CC)=C6C=C(OC6=C4C(C=C7F)=CC(F)=C7CC(CC)CCCC)C)O3)S2)C8=NN(CC(CCCCCCCC)CCCCCC)N=C8C(C9=CC=C(C)S9)=C1F||O=C(C/1=C\C2=C(C3=C(S2)C(N4C5=CC=C(CCCCCC)C=C5)=C(C6=C4C7=C(C8=NSN=C68)C(SC9=C%10SC(/C=C%11C(C%12=CC(F)=C(C=C%12C\%11=C(C#N)/C#N)F)=O)=C9CCCCCCCCCCC)=C%10N7C%13=CC=C(CCCCCC)C=C%13)S3)CCCCCCCCCCC)C%14=CC(F)=C(F)C=C%14C1=C(C#N)/C#N,0eba39b92d3306533f37e1089333de7bf54469696f9634a85ef7c679c887edab,3bc5e962960694d5a8c90d751d3f10c939059169c6882aed8bdcfb92d36d6776,9ab63027ad8001727279933ec0d54192e59dcc97ec91cfd101885041ac846d14,151f1cd5e4b1ca5e94f334c5e773a72fe7018b3c65f786cc680559043ed889a9,2969717bdbfd392c6b33fe35ff9ba66f50ff1a03a093d95264e7f37a47283cde,704,105,177,66,0.8037623647322092,joint_inhouse_gao
73,13.199999809265137,11.500574036399916,-1.6994257728652205,1.6994257728652205,2.888047957478552,12.874437859251984,in-house,81,[H]C(C=C1C(C2=C3SC(C4=C(F)C=C(C5=C(C(C6=C(SC(CCCCCCCC)=C6C7=O)CCCCCCCC)=O)C7=C(C8=CC(F)=CS8)S5)S4)=C2)=C9SC(C)=CC9=C3C%10=CC([H])=C(S%10)CCCCCCCC)=C(S1)CCCCCCCC,O=C1C(/C(C2=CC=CC=C21)=C(C#N)/C#N)=C/C3=CC(SC(C4=CC(C5(CCCCCCCC)CCCCCCCC)=C(C6=C5C7=C(C=C(/C=C8C(C9=CC=CC=C9C/8=C(C#N)/C#N)=O)S7)S6)C=C4%10)=C%11C%10(CCCCCCCC)CCCCCCCC)=C%11S3,13.2,[H]C(C=C1C(C2=C3SC(C4=C(F)C=C(C5=C(C(C6=C(SC(CCCCCCCC)=C6C7=O)CCCCCCCC)=O)C7=C(C8=CC(F)=CS8)S5)S4)=C2)=C9SC(C)=CC9=C3C%10=CC([H])=C(S%10)CCCCCCCC)=C(S1)CCCCCCCC||O=C1C(/C(C2=CC=CC=C21)=C(C#N)/C#N)=C/C3=CC(SC(C4=CC(C5(CCCCCCCC)CCCCCCCC)=C(C6=C5C7=C(C=C(/C=C8C(C9=CC=CC=C9C/8=C(C#N)/C#N)=O)S7)S6)C=C4%10)=C%11C%10(CCCCCCCC)CCCCCCCC)=C%11S3,207c5374cab9cab480ca09069403e45fa26ce90f96e97882a56aeac2c45d119c,15e629060f4bd1f16881c65603cd331ef5c9cf39120d5d0edf91eb3b1b6fe797,e5e22aaee613e8cce74d2088a8b63e0659a99b168073ae9721f0f494fcaa46ab,6f6641aa476b24ce08b16fdc700fd1a88e0b16d138231d46c02bd5ace04e95bc,7bf19c957f9f0a8f0230965aa3c87f9ec0ff4608555f1b1d261be436e970915b,1087,542,562,67,0.5663569634620844,joint_inhouse_gao
74,13.199999809265137,12.32549779722006,-0.8745020120450757,0.8745020120450757,0.7647537690708858,6.625015338494619,in-house,82,CC(S1)=CC=C1C2=C3C(C(C4=C(SC(CC(CC)CCCC)=C4C3=O)CC(CCCC)CC)=O)=C(S2)C(S5)=CC=C5C6=CC7=C(C8=CC(Cl)=C(CCCCCBr)C8)C9=C(C=C(S9)C)C(C%10=CC(Cl)=C(CCCCCBr)C%10)=C7S6,O=C(C/1=C\C2=C(C3=C(S2)C(N4C5=CC=C(CCCCCC)C=C5)=C(C6=C4C7=C(C8=NSN=C68)C(SC9=C%10SC(/C=C%11C(C%12=CC(F)=C(C=C%12C\%11=C(C#N)/C#N)F)=O)=C9CCCCCCCCCCC)=C%10N7C%13=CC=C(CCCCCC)C=C%13)S3)CCCCCCCCCCC)C%14=CC(F)=C(F)C=C%14C1=C(C#N)/C#N,13.2,CC(S1)=CC=C1C2=C3C(C(C4=C(SC(CC(CC)CCCC)=C4C3=O)CC(CCCC)CC)=O)=C(S2)C(S5)=CC=C5C6=CC7=C(C8=CC(Cl)=C(CCCCCBr)C8)C9=C(C=C(S9)C)C(C%10=CC(Cl)=C(CCCCCBr)C%10)=C7S6||O=C(C/1=C\C2=C(C3=C(S2)C(N4C5=CC=C(CCCCCC)C=C5)=C(C6=C4C7=C(C8=NSN=C68)C(SC9=C%10SC(/C=C%11C(C%12=CC(F)=C(C=C%12C\%11=C(C#N)/C#N)F)=O)=C9CCCCCCCCCCC)=C%10N7C%13=CC=C(CCCCCC)C=C%13)S3)CCCCCCCCCCC)C%14=CC(F)=C(F)C=C%14C1=C(C#N)/C#N,42bfb5715ae351be46fadb245f5d3fc09b1862c6168b75686e973f5a35385044,3bc5e962960694d5a8c90d751d3f10c939059169c6882aed8bdcfb92d36d6776,503b3c87a1a5143e1ddaf70ff638331b03ccad257de21038feb8b7c84b450759,d9ffaac3966ff79d46fd8b5e52967379a2e773cc95c15980b3bf5b92501894fa,5dfff92921414be369efa60d53f88727ddea4cfb4aaad90bbf8386c59c776eb6,369,1008,423,68,0.6945310550521369,joint_inhouse_gao
77,13.199999809265137,12.38733156600801,-0.8126682432571268,0.8126682432571268,0.6604296735986247,6.156577689392931,in-house,85,O=C1C2=C(CC(CC)CCCC)SC(CC(CC)CCCC)=C2C(C3=C(C4=CC=C(C5=CC(C(C6=CC(F)=C(CC(CC)CCCC)S6)=C(SC=C7)C7=C8C9=CC(F)=C(CC(CC)CCCC)S9)=C8S5)S4)SC(C%10=CC=CS%10)=C31)=O,FC1=CC(C(/C2=C/C3=C(CCCCCCCCCC)C4=C(S3)C(C(C5=CC=C(CCCCCC)C=C5)(C6=CC=C(CCCCCC)C=C6)C(C7=C8C)=C9SC7=CC%10=C8SC%11=C%10[C@](C%12=CC=C(CCCCCC)C=C%12)(C%13=C%11SC%14=C%13SC(/C=C%15/C(C%16=C(C%15=O)C=C(F)C(F)=C%16)=C(C#N)\[N+]#[C-])=C%14CCCCCCCCCC)C)=C9S4)=C(C#N)/C#N)=C(C2=O)C=C1F,13.2,O=C1C2=C(CC(CC)CCCC)SC(CC(CC)CCCC)=C2C(C3=C(C4=CC=C(C5=CC(C(C6=CC(F)=C(CC(CC)CCCC)S6)=C(SC=C7)C7=C8C9=CC(F)=C(CC(CC)CCCC)S9)=C8S5)S4)SC(C%10=CC=CS%10)=C31)=O||FC1=CC(C(/C2=C/C3=C(CCCCCCCCCC)C4=C(S3)C(C(C5=CC=C(CCCCCC)C=C5)(C6=CC=C(CCCCCC)C=C6)C(C7=C8C)=C9SC7=CC%10=C8SC%11=C%10[C@](C%12=CC=C(CCCCCC)C=C%12)(C%13=C%11SC%14=C%13SC(/C=C%15/C(C%16=C(C%15=O)C=C(F)C(F)=C%16)=C(C#N)\[N+]#[C-])=C%14CCCCCCCCCC)C)=C9S4)=C(C#N)/C#N)=C(C2=O)C=C1F,65482d735aa1f382b817dd8d95b1689b39b0b3c26138949c2680844f1b1f5ea0,116596b3c0bf5392305dd7a9038cea9b7842a248ef0ff307a76793926dc41fde,b22cef58ec7cfac39705fe113999e5f0d7ccd8ddb0529e74aa7c5d95b01ae27e,ccadeab06fe0d22661c54cf46f26ab11bac8ab9ae86b5968982b866f28f40ae8,cbf0f12d5ec0c3cb2d107a991a82bf9dbbcd62a7c76f6730cd02747073721746,827,942,936,36,0.612641690202876,joint_inhouse_gao
79,13.18000030517578,11.03792962933531,-2.14207067584047,2.14207067584047,4.588466780295649,16.25243267254918,in-house,88,O=C(C1=C(CCC(CCCC)CC)SC(CCC(CC)CCCC)=C1C2=O)C(C2=C(C3)C(C4)=CC=C4C5=CC6=C(C(C7=CC=C(CCC(CCCC)CC)S7)=C8C=CSC8=C6C9=CC=C(CCC(CCCC)CC)S9)S5)=C3C%10=CC=CS%10,O=C1C2=C(C)SC=C2C(/C1=C/C(S3)=CC4=C3C(S5)=C(C4(C6=CC=C(CCCCCC)C=C6)C7=CC=C(CCCCCC)C=C7)C(C5=C8C9=CC=C(CC(CCCC)CC)S9)=C(C%10=CC=C(CC(CCCC)CC)S%10)C%11=C8C(C%12(C%13=CC=C(CCCCCC)C=C%13)C%14=CC=C(CCCCCC)C=C%14)=C(S%11)C%15=C%12C=C(/C=C%16C(C%17=C(C)SC=C%17C\%16=C(C#N)\C#N)=O)S%15)=C(C#N)\C#N,13.18,O=C(C1=C(CCC(CCCC)CC)SC(CCC(CC)CCCC)=C1C2=O)C(C2=C(C3)C(C4)=CC=C4C5=CC6=C(C(C7=CC=C(CCC(CCCC)CC)S7)=C8C=CSC8=C6C9=CC=C(CCC(CCCC)CC)S9)S5)=C3C%10=CC=CS%10||O=C1C2=C(C)SC=C2C(/C1=C/C(S3)=CC4=C3C(S5)=C(C4(C6=CC=C(CCCCCC)C=C6)C7=CC=C(CCCCCC)C=C7)C(C5=C8C9=CC=C(CC(CCCC)CC)S9)=C(C%10=CC=C(CC(CCCC)CC)S%10)C%11=C8C(C%12(C%13=CC=C(CCCCCC)C=C%13)C%14=CC=C(CCCCCC)C=C%14)=C(S%11)C%15=C%12C=C(/C=C%16C(C%17=C(C)SC=C%17C\%16=C(C#N)\C#N)=O)S%15)=C(C#N)\C#N,6f31f3770fd225e382586e20513744e11a328b7cc74c758d48628417c600a02b,0277c9b68eca8fccb206e3036b0829f4d42fd858d55dd7c70dbccacb07ba592a,dab8515cd28fde6a96c617c31a5899ad7ed0319a2d10815845d137598cc41480,6ebea4e21d3ddd14fe6e878ff6d9fc825d248cab25914b43a1726d147efd4e59,5d7523c961ac25f3f2a98774a4f8734f5c7532d8cc652e1e459b3b758d430bd7,1037,537,421,72,0.4951538930229754,joint_inhouse_gao
81,13.149999618530272,11.03792962933531,-2.1120699891949624,2.1120699891949624,4.460839639258008,16.061369205051133,in-house,91,O=C(C1=C(CCC(CCCC)CC)SC(CCC(CC)CCCC)=C1C2=O)C(C2=C(C3)C(C4)=CC=C4C5=CC6=C(C(C7=CC=C(CCC(CCCC)CC)S7)=C8C=CSC8=C6C9=CC=C(CCC(CCCC)CC)S9)S5)=C3C%10=CC=CS%10,O=C(C1=C(C)SC([H])=C1C/2=C(C#N)\C#N)C2=C/C3=CC(C(C4=CC=C(CCCCCC)C=C4)(C5=CC=C(CCCCCC)C=C5)C6=C7SC8=C6C(C9=CC=C(S9)CC(CCCC)CC)=C%10SC(C%11=C(C%12(C%13=CC=C(CCCCCC)C=C%13)C%14=CC=C(CCCCCC)C=C%14)C=C(/C=C%15C(C%16=C(SC([H])=C%16C\%15=C(C#N)\C#N)[CH3])=O)S%11)=C%12C%10=C8C%17=CC=C(CC(CC)CCCC)S%17)=C7S3,13.15,O=C(C1=C(CCC(CCCC)CC)SC(CCC(CC)CCCC)=C1C2=O)C(C2=C(C3)C(C4)=CC=C4C5=CC6=C(C(C7=CC=C(CCC(CCCC)CC)S7)=C8C=CSC8=C6C9=CC=C(CCC(CCCC)CC)S9)S5)=C3C%10=CC=CS%10||O=C(C1=C(C)SC([H])=C1C/2=C(C#N)\C#N)C2=C/C3=CC(C(C4=CC=C(CCCCCC)C=C4)(C5=CC=C(CCCCCC)C=C5)C6=C7SC8=C6C(C9=CC=C(S9)CC(CCCC)CC)=C%10SC(C%11=C(C%12(C%13=CC=C(CCCCCC)C=C%13)C%14=CC=C(CCCCCC)C=C%14)C=C(/C=C%15C(C%16=C(SC([H])=C%16C\%15=C(C#N)\C#N)[CH3])=O)S%11)=C%12C%10=C8C%17=CC=C(CC(CC)CCCC)S%17)=C7S3,6f31f3770fd225e382586e20513744e11a328b7cc74c758d48628417c600a02b,0277c9b68eca8fccb206e3036b0829f4d42fd858d55dd7c70dbccacb07ba592a,dab8515cd28fde6a96c617c31a5899ad7ed0319a2d10815845d137598cc41480,6ebea4e21d3ddd14fe6e878ff6d9fc825d248cab25914b43a1726d147efd4e59,5d7523c961ac25f3f2a98774a4f8734f5c7532d8cc652e1e459b3b758d430bd7,1037,537,421,72,0.4951538930229754,joint_inhouse_gao
83,13.130000114440918,9.29228170319359,-3.837718411247328,3.837718411247328,14.72808260402672,29.228624354895828,in-house,93,O=C(C1=C(CCC(CCCC)CC)SC(CCC(CC)CCCC)=C1C2=O)C(C2=C(C3)C(C4)=CC=C4C5=CC6=C(C(C7=CC=C(CCC(CCCC)CC)S7)=C8C=CSC8=C6C9=CC=C(CCC(CCCC)CC)S9)S5)=C3C%10=CC=CS%10,c1(c(cc2c(c1)C(=C(C2=O)[CH]c1sc2c(c1)n(c1c2sc2c1C(c1c2cc2c(c1)c1c(C2(c2ccc(cc2)CCCCCC)c2ccc(cc2)CCCCCC)c2c(s1)c1c(n2CCCCCCCC)cc(s1)/C=C\1/C(=C(C#N)C#N)c2c(C1=O)cc(c(c2)F)F)(c1ccc(cc1)CCCCCC)c1ccc(cc1)CCCCCC)CCCCCCCC)[C](C#N)C#N)F)F,13.13,O=C(C1=C(CCC(CCCC)CC)SC(CCC(CC)CCCC)=C1C2=O)C(C2=C(C3)C(C4)=CC=C4C5=CC6=C(C(C7=CC=C(CCC(CCCC)CC)S7)=C8C=CSC8=C6C9=CC=C(CCC(CCCC)CC)S9)S5)=C3C%10=CC=CS%10||c1(c(cc2c(c1)C(=C(C2=O)[CH]c1sc2c(c1)n(c1c2sc2c1C(c1c2cc2c(c1)c1c(C2(c2ccc(cc2)CCCCCC)c2ccc(cc2)CCCCCC)c2c(s1)c1c(n2CCCCCCCC)cc(s1)/C=C\1/C(=C(C#N)C#N)c2c(C1=O)cc(c(c2)F)F)(c1ccc(cc1)CCCCCC)c1ccc(cc1)CCCCCC)CCCCCCCC)[C](C#N)C#N)F)F,6f31f3770fd225e382586e20513744e11a328b7cc74c758d48628417c600a02b,db60cc5b4f1b07435af3f0ce439c46bbbfcf8f1e669bb2c871e9e26486542011,01c070df2a85f362469b93137c1d96d23f5ca1b7333aa2325319dc929761bf8c,d433e2924b4e095ae219edaacbb70c8309301470891fbee56c4411395b6edafc,c48e866bf0c07b316c9209dee1dda96f7838f1fb8d08728b97dff7bca1092243,6,980,903,75,0.6764325021188035,joint_inhouse_gao
97,12.869999885559082,12.203278296064624,-0.6667215894944594,0.6667215894944594,0.4445176778980184,5.180431976868634,in-house,108,FC(C=C(C1=C2SC=CC2=C(C3=CC(F)=C(CC(CCCC)CC)S3)C4=C1C=C(C5=CC=C(C6=C(C(C(C7=C(CC(CCCC)CC)SC(CC(CC)CCCC)=C78)=O)=C(C9=CC=CC9)S6)C8=O)S5)S4)S%10)=C%10CC(CC)CCCC,O=C(C1=CC(Cl)=C(C=C1C/2=C(C#N)\C#N)Cl)C2=C/C3=CC4=C(C(C5(C6=CC=C(C=C6)CCCCCC)C(C=C7)=CC=C7CCCCCC)=C(C8=CC9=C(C%10=C(C9(C%11=CC=C(C=C%11)CCCCCC)C%12=CC=C(C=C%12)CCCCCC)C%13=C(C=C(S%13)/C=C%14C(C%15=CC(Cl)=C(C=C%15C\%14=C(C#N)\C#N)Cl)=O)S%10)C=C85)S4)S3,12.87,FC(C=C(C1=C2SC=CC2=C(C3=CC(F)=C(CC(CCCC)CC)S3)C4=C1C=C(C5=CC=C(C6=C(C(C(C7=C(CC(CCCC)CC)SC(CC(CC)CCCC)=C78)=O)=C(C9=CC=CC9)S6)C8=O)S5)S4)S%10)=C%10CC(CC)CCCC||O=C(C1=CC(Cl)=C(C=C1C/2=C(C#N)\C#N)Cl)C2=C/C3=CC4=C(C(C5(C6=CC=C(C=C6)CCCCCC)C(C=C7)=CC=C7CCCCCC)=C(C8=CC9=C(C%10=C(C9(C%11=CC=C(C=C%11)CCCCCC)C%12=CC=C(C=C%12)CCCCCC)C%13=C(C=C(S%13)/C=C%14C(C%15=CC(Cl)=C(C=C%15C\%14=C(C#N)\C#N)Cl)=O)S%10)C=C85)S4)S3,61eee9608e36bdb1d3a96a3ad1baa39916f3a546e29d11481966a5a2d3d30f3c,dcf842694d53827077961931c0e460a45a792bc12c0b37ed12451efc871162d4,aa9e22ca7a204561fb6c9ef5f173a0823b6e5a6742d985f733f5461808d81b74,157f8269a245b3e25ba2c18b826eb36944c214d8b5ef60328ea54ef7d8a906be,af9af251c42ee997c316e71dad54895735ba3110671f148d44e366cd5bdcf310,791,107,802,89,0.4822219093514157,joint_inhouse_gao
102,12.800000190734863,8.978049079970559,-3.8219511107643047,3.8219511107643047,14.607310293072503,29.85899260791247,in-house,113,FC1=C(C(OCC(CCCC)CC)=O)SC2=CSC(C3=CC4=C(C5=C(C(C6=CC=C(CC(CC)CCCC)S6)=C4S3)C=CS5)C7=CC=C(CC(CC)CCCC)S7)=C12,FC1=CC2=C(C(/C(C2=O)=C/C3=CC(OCC(CC)CCCC)=C(S3)C4=CC5=C(S4)C6=CC(C7(C8=CC=C(CCCCCC)C=C8)C9=CC=C(CCCCCC)C=C9)=C(C%10=C7C=C(S%10)C%11=C(OCC(CC)CCCC)C=C(S%11)/C=C(/C(C%12=C%13C=C(F)C(F)=C%12)=C(C#N)\C#N)C%13=O)C=C6C5(C%14=CC=C(CCCCCC)C=C%14)C%15=CC=C(CCCCCC)C=C%15)=C(C#N)/C#N)C=C1F,12.8,FC1=C(C(OCC(CCCC)CC)=O)SC2=CSC(C3=CC4=C(C5=C(C(C6=CC=C(CC(CC)CCCC)S6)=C4S3)C=CS5)C7=CC=C(CC(CC)CCCC)S7)=C12||FC1=CC2=C(C(/C(C2=O)=C/C3=CC(OCC(CC)CCCC)=C(S3)C4=CC5=C(S4)C6=CC(C7(C8=CC=C(CCCCCC)C=C8)C9=CC=C(CCCCCC)C=C9)=C(C%10=C7C=C(S%10)C%11=C(OCC(CC)CCCC)C=C(S%11)/C=C(/C(C%12=C%13C=C(F)C(F)=C%12)=C(C#N)\C#N)C%13=O)C=C6C5(C%14=CC=C(CCCCCC)C=C%14)C%15=CC=C(CCCCCC)C=C%15)=C(C#N)/C#N)C=C1F,2249a87c8fc0450476e55f070a85b71ffa6beb368356c28f1302bad8bac422cb,0a6189846e89cf828a3f20d50d9d712b7538b2d40776aced38f06bfa2a63caa3,ef2a3f1a57f973a4decc367338259a9f1c7a8e9b3698a6d541b94658513eb148,4b210cb77cd34f5fab88cccba999c877ae7d5c71a1d7c666ac12384dbcff512f,e0f78589b4d54979baeeca807f6bdd933cf7e233ad32b8a64ed9dfd7905fbe2c,1126,358,1044,94,0.5001476791534122,joint_inhouse_gao
104,12.789999961853027,10.053634360285088,-2.73636560156794,2.73636560156794,7.487696705444272,21.394570834474752,in-house,115,O=C(C1=C(CCC(CCCC)CC)SC(CCC(CC)CCCC)=C1C2=O)C(C2=C(C3)C(C4)=CC=C4C5=CC6=C(C(C7=CC=C(CCC(CCCC)CC)S7)=C8C=CSC8=C6C9=CC=C(CCC(CCCC)CC)S9)S5)=C3C%10=CC=CS%10,O=C(C1=C(C/2=C(C#N)/C#N)C=C(F)C(F)=C1)C2=C/C3=CC=C(C4=C(OCCCCCC)C(C(C5=C6C=C7C(C(SC(C8=CC=C(/C=C9C(C(C=C(F)C(F)=C%10)=C%10C\9=C(C#N)\C#N)=O)S8)=C%11OCCCCCC)=C%11C7(C%12=CC=C(CCCCCC)C=C%12)C%13=CC=C(CCCCCC)C=C%13)=C5)(C%14=CC=C(CCCCCC)C=C%14)C%15=CC=C(CCCCCC)C=C%15)=C6S4)S3,12.79,O=C(C1=C(CCC(CCCC)CC)SC(CCC(CC)CCCC)=C1C2=O)C(C2=C(C3)C(C4)=CC=C4C5=CC6=C(C(C7=CC=C(CCC(CCCC)CC)S7)=C8C=CSC8=C6C9=CC=C(CCC(CCCC)CC)S9)S5)=C3C%10=CC=CS%10||O=C(C1=C(C/2=C(C#N)/C#N)C=C(F)C(F)=C1)C2=C/C3=CC=C(C4=C(OCCCCCC)C(C(C5=C6C=C7C(C(SC(C8=CC=C(/C=C9C(C(C=C(F)C(F)=C%10)=C%10C\9=C(C#N)\C#N)=O)S8)=C%11OCCCCCC)=C%11C7(C%12=CC=C(CCCCCC)C=C%12)C%13=CC=C(CCCCCC)C=C%13)=C5)(C%14=CC=C(CCCCCC)C=C%14)C%15=CC=C(CCCCCC)C=C%15)=C6S4)S3,6f31f3770fd225e382586e20513744e11a328b7cc74c758d48628417c600a02b,7fd7152960d461aad0cae81dada91b334edc13b9e13eddb9762ee0fed754b055,5ab55cb46b8f0ff467a7b39d3d468ce04f501ac8b46417a9cf6f45a75fb6ec8c,dde96b481487fb8ccb9f3ddcf54d87fd36fcba3367bce75a4d63aa07d011987c,79e42a8eb5e9574f8c288cd151d700a23a39711b44d680b97b0ebbd6adfc9762,410,1020,549,96,0.4563978004427294,joint_inhouse_gao
105,12.75,12.792708038103465,0.0427080381034628,0.0427080381034628,0.0018239765186468,0.3349650047330416,in-house,116,CC(S1)=CC=C1C2=C3C(C(C4=C(SC(CC(CC)CCCC)=C4C3=O)CC(CCCC)CC)=O)=C(S2)C(S5)=CC=C5C6=CC7=C(C8=CC(Cl)=C(CCCCCOC)C8)C9=C(C=C(S9)C)C(C%10=CC(Cl)=C(CCCCCOC)C%10)=C7S6,O=C(C/1=C\C2=C(C3=C(S2)C(N4C5=CC=C(CCCCCC)C=C5)=C(C6=C4C7=C(C8=NSN=C68)C(SC9=C%10SC(/C=C%11C(C%12=CC(F)=C(C=C%12C\%11=C(C#N)/C#N)F)=O)=C9CCCCCCCCCCC)=C%10N7C%13=CC=C(CCCCCC)C=C%13)S3)CCCCCCCCCCC)C%14=CC(F)=C(F)C=C%14C1=C(C#N)/C#N,12.75,CC(S1)=CC=C1C2=C3C(C(C4=C(SC(CC(CC)CCCC)=C4C3=O)CC(CCCC)CC)=O)=C(S2)C(S5)=CC=C5C6=CC7=C(C8=CC(Cl)=C(CCCCCOC)C8)C9=C(C=C(S9)C)C(C%10=CC(Cl)=C(CCCCCOC)C%10)=C7S6||O=C(C/1=C\C2=C(C3=C(S2)C(N4C5=CC=C(CCCCCC)C=C5)=C(C6=C4C7=C(C8=NSN=C68)C(SC9=C%10SC(/C=C%11C(C%12=CC(F)=C(C=C%12C\%11=C(C#N)/C#N)F)=O)=C9CCCCCCCCCCC)=C%10N7C%13=CC=C(CCCCCC)C=C%13)S3)CCCCCCCCCCC)C%14=CC(F)=C(F)C=C%14C1=C(C#N)/C#N,9a89199ea3ac1e740e66d410b07c5f3d22d5c5b4dbd5b0e90fabe971a52615b4,3bc5e962960694d5a8c90d751d3f10c939059169c6882aed8bdcfb92d36d6776,29106d22ce7c602efef1d9a26852e1cf3956dc9dcafc92ead0e1aa4b8da31500,22ac8ff49f28f9ee27c634c9e7568072a6982f50d9acc157c7d273707828c593,d34084bb0a84d0b018b569c220b05ed0a3c3cf80c408278e61c79583b6713117,179,168,961,97,0.6873653396719658,joint_inhouse_gao
107,12.710000038146973,10.276304726553436,-2.433695311593537,2.433695311593537,5.9228728696723625,19.147878082527157,in-house,118,O=C(C1=C(CC(CCCC)CC)SC(CC(CCCC)CC)=C12)C3=C(C4=CC=CS4)SC(C(S5)=CC=C5C6=CC7=C(C8=CC=C(CC(CCCC)CCCCCC)C=C8)C(SC=C9)=C9C(C%10=CC=C(CC(CCCCCC)CCCC)C=C%10)=C7S6)=C3C2=O,O=C1C(/C(C2=C1C=CC(F)=C2)=C(C#N)\C#N)=C\C3=CC=C(S3)C4=CC5=C(C(C=C6C(C7=CC=C(CCCCCC)C=C7)(C8=CC=C(CCCCCC)C=C8)C9=C(SC%10=C9SC(/C=C%11C(C%12=C(C=C(F)C=C%12)C\%11=C(C#N)/C#N)=O)=C%10)C6=C%13)=C%13C5(C%14=CC=C(C=C%14)CCCCCC)C%15=CC=C(CCCCCC)C=C%15)S4,12.71,O=C(C1=C(CC(CCCC)CC)SC(CC(CCCC)CC)=C12)C3=C(C4=CC=CS4)SC(C(S5)=CC=C5C6=CC7=C(C8=CC=C(CC(CCCC)CCCCCC)C=C8)C(SC=C9)=C9C(C%10=CC=C(CC(CCCCCC)CCCC)C=C%10)=C7S6)=C3C2=O||O=C1C(/C(C2=C1C=CC(F)=C2)=C(C#N)\C#N)=C\C3=CC=C(S3)C4=CC5=C(C(C=C6C(C7=CC=C(CCCCCC)C=C7)(C8=CC=C(CCCCCC)C=C8)C9=C(SC%10=C9SC(/C=C%11C(C%12=C(C=C(F)C=C%12)C\%11=C(C#N)/C#N)=O)=C%10)C6=C%13)=C%13C5(C%14=CC=C(C=C%14)CCCCCC)C%15=CC=C(CCCCCC)C=C%15)S4,826e531b71e4c0ef06b575364b50a339b3da70c19584a5cd5231c22bd6d85201,faac020d378eab76dec21c8d4b3954cb56230c3c8f5db33f405e1e903548dad1,9dccc0cbc324ce2d633461ad5806f09b2807c3da4572f80a8e20898059a47ee2,d3e0cf1cdc64642e86d357d7d80bffd044cc604eb838d9649287b1d3e21531ac,d4231dacc77eddbd3f8e4fd0082b93fb007d71f109d2abc299f3ef3c88a46575,721,977,965,99,0.7415888819581175,joint_inhouse_gao
110,12.649999618530272,10.830204387702564,-1.819795230827708,1.819795230827708,3.3116546821432715,14.385733483833413,in-house,121,O=C1C2=C(CC(CC)CCCC)SC(CC(CC)CCCC)=C2C(C3=C(C4=CC=C(C5=CC(C(C6=CC(F)=C(CC(CC)CCCC)S6)=C(SC=C7)C7=C8C9=CC(F)=C(CC(CC)CCCC)S9)=C8S5)S4)SC(C%10=CC=CS%10)=C31)=O,O=C1C2=C(C=CC(F)=C2)C(/C1=C/C(S3)=CC4=C3C(S5)=C(C4(C6=CC=C(CCCCCC)C=C6)C7=CC=C(CCCCCC)C=C7)C(C5=C8C9=CC(SC(CCC(CCCC)CC)=C%10)=C%10S9)=C(C%11=CC(SC(CC(CC)CCCC)=C%12)=C%12S%11)C%13=C8C(C%14(C%15=CC=C(CCCCCC)C=C%15)C%16=CC=CC(CCCCCC)=C%16)=C(S%13)C(S%17)=C%14C=C%17/C=C%18/C(C%19=C(C%18=O)C=C(F)C=C%19)=C(C#N)\C#N)=C(C#N)\C#N,12.65,O=C1C2=C(CC(CC)CCCC)SC(CC(CC)CCCC)=C2C(C3=C(C4=CC=C(C5=CC(C(C6=CC(F)=C(CC(CC)CCCC)S6)=C(SC=C7)C7=C8C9=CC(F)=C(CC(CC)CCCC)S9)=C8S5)S4)SC(C%10=CC=CS%10)=C31)=O||O=C1C2=C(C=CC(F)=C2)C(/C1=C/C(S3)=CC4=C3C(S5)=C(C4(C6=CC=C(CCCCCC)C=C6)C7=CC=C(CCCCCC)C=C7)C(C5=C8C9=CC(SC(CCC(CCCC)CC)=C%10)=C%10S9)=C(C%11=CC(SC(CC(CC)CCCC)=C%12)=C%12S%11)C%13=C8C(C%14(C%15=CC=C(CCCCCC)C=C%15)C%16=CC=CC(CCCCCC)=C%16)=C(S%13)C(S%17)=C%14C=C%17/C=C%18/C(C%19=C(C%18=O)C=C(F)C=C%19)=C(C#N)\C#N)=C(C#N)\C#N,65482d735aa1f382b817dd8d95b1689b39b0b3c26138949c2680844f1b1f5ea0,cb7182af9b7778ae44f8fb9b7052f133fd2105b33b593edebb6a6cd2fd975826,a26eeaa14f1d8ec25aa8a91535ca789a9be764722b008ea154077f611ab37918,d8be52d1f1159b3678cda8020aadfcb7e6ce3455e3d593ea4b43744796c676a2,82c9487a0f43feeec9715a15531b10094a56c184b035af30e9211030fac67b5a,755,1003,595,102,0.6144447907964194,joint_inhouse_gao
112,12.619999885559082,10.053634360285088,-2.5663655252739943,2.5663655252739943,6.586232009314864,20.3357016525068,in-house,123,O=C(C1=C(CCC(CCCC)CC)SC(CCC(CC)CCCC)=C1C2=O)C(C2=C(C3)C(C4)=CC=C4C5=CC6=C(C(C7=CC=C(CCC(CCCC)CC)S7)=C8C=CSC8=C6C9=CC=C(CCC(CCCC)CC)S9)S5)=C3C%10=CC=CS%10,O=C(C(C=C(C(F)=C1)F)=C1C/2=C(C#N)\C#N)C2=C/C(S3)=CC=C3C(SC4=C5C(C6=CC=C(CCCCCC)C=C6)(C7=CC=C(CCCCCC)C=C7)C(C4=C8)=CC9=C8C(C%10=CC=C(CCCCCC)C=C%10)(C%11=CC=C(CCCCCC)C=C%11)C%12=C9SC(C%13=CC=C(S%13)/C=C%14C(C(C=C(C(F)=C%15)F)=C%15C\%14=C(C#N)\C#N)=O)=C%12OCCCCCCCC)=C5OCCCCCCCC,12.62,O=C(C1=C(CCC(CCCC)CC)SC(CCC(CC)CCCC)=C1C2=O)C(C2=C(C3)C(C4)=CC=C4C5=CC6=C(C(C7=CC=C(CCC(CCCC)CC)S7)=C8C=CSC8=C6C9=CC=C(CCC(CCCC)CC)S9)S5)=C3C%10=CC=CS%10||O=C(C(C=C(C(F)=C1)F)=C1C/2=C(C#N)\C#N)C2=C/C(S3)=CC=C3C(SC4=C5C(C6=CC=C(CCCCCC)C=C6)(C7=CC=C(CCCCCC)C=C7)C(C4=C8)=CC9=C8C(C%10=CC=C(CCCCCC)C=C%10)(C%11=CC=C(CCCCCC)C=C%11)C%12=C9SC(C%13=CC=C(S%13)/C=C%14C(C(C=C(C(F)=C%15)F)=C%15C\%14=C(C#N)\C#N)=O)=C%12OCCCCCCCC)=C5OCCCCCCCC,6f31f3770fd225e382586e20513744e11a328b7cc74c758d48628417c600a02b,7fd7152960d461aad0cae81dada91b334edc13b9e13eddb9762ee0fed754b055,5ab55cb46b8f0ff467a7b39d3d468ce04f501ac8b46417a9cf6f45a75fb6ec8c,dde96b481487fb8ccb9f3ddcf54d87fd36fcba3367bce75a4d63aa07d011987c,79e42a8eb5e9574f8c288cd151d700a23a39711b44d680b97b0ebbd6adfc9762,410,1020,549,96,0.4563978004427294,joint_inhouse_gao
113,12.600000381469728,11.600667179220974,-0.9993332022487548,0.9993332022487548,0.9986668491167504,7.931215650742603,in-house,124,O=C1C2=C(CC(CC)CCCC)SC(CC(CC)CCCC)=C2C(C3=C(C4=CC=C(C5=CC(C(C6=CC(F)=C(CC(CC)CCCC)S6)=C(SC=C7)C7=C8C9=CC(F)=C(CC(CC)CCCC)S9)=C8S5)S4)SC(C%10=CC=CS%10)=C31)=O,O=C(C1=C(C=C(Cl)C(Cl)=C1)C/2=C(C#N)\C#N)C2=C/C3=CC4=C(C5=C(C(C6=CC=C(CCCCCC)C=C6)4C7=CC=C(CCCCCC)C=C7)C8=C(S5)C(C9=CC=C(CCCCCC)C=C9)=C%10C(C(C%11=CC=C(CCCCCC)C=C%11)(C%12=C%13SC(/C=C%14C(C%15=C(C=C(Cl)C(Cl)=C%15)C\%14=C(C#N)\C#N)=O)=C%12)C%16=CC=C(CCCCCC)C=C%16)=C%13SC%10=C8[O]CCCCCCCC)S3,12.6,O=C1C2=C(CC(CC)CCCC)SC(CC(CC)CCCC)=C2C(C3=C(C4=CC=C(C5=CC(C(C6=CC(F)=C(CC(CC)CCCC)S6)=C(SC=C7)C7=C8C9=CC(F)=C(CC(CC)CCCC)S9)=C8S5)S4)SC(C%10=CC=CS%10)=C31)=O||O=C(C1=C(C=C(Cl)C(Cl)=C1)C/2=C(C#N)\C#N)C2=C/C3=CC4=C(C5=C(C(C6=CC=C(CCCCCC)C=C6)4C7=CC=C(CCCCCC)C=C7)C8=C(S5)C(C9=CC=C(CCCCCC)C=C9)=C%10C(C(C%11=CC=C(CCCCCC)C=C%11)(C%12=C%13SC(/C=C%14C(C%15=C(C=C(Cl)C(Cl)=C%15)C\%14=C(C#N)\C#N)=O)=C%12)C%16=CC=C(CCCCCC)C=C%16)=C%13SC%10=C8[O]CCCCCCCC)S3,65482d735aa1f382b817dd8d95b1689b39b0b3c26138949c2680844f1b1f5ea0,51ce1abe8c33e07072e1cec8fac6b15ae9df2e9bab5a669b29b0ff89000aabef,599d44bb8ed0128434dd7c1a91a37245dd9e52e56e8f709a905dcd8eaa509e8e,634b2f08070b011d9bb3ab3ef81085def109ef3b202017231fd8265528e550fa,2f55eb19281d68c2fa4c5b3670a47d9d10ffbf34fa8f46bb31b1cfac8ae384fd,406,470,214,104,0.6158846534937893,joint_inhouse_gao
117,12.529999732971191,12.38733156600801,-0.1426681669631815,0.1426681669631815,0.0203542058646342,1.138612689573866,in-house,128,O=C1C2=C(CC(CC)CCCC)SC(CC(CC)CCCC)=C2C(C3=C(C4=CC=C(C5=CC(C(C6=CC(F)=C(CC(CC)CCCC)S6)=C(SC=C7)C7=C8C9=CC(F)=C(CC(CC)CCCC)S9)=C8S5)S4)SC(C%10=CC=CS%10)=C31)=O,FC1=CC(C(/C2=C/C3=C(CCCCCCCCCCCC)C4=C(S3)C(C(C5=CC=C(CCCCCC)C=C5)(C6=CC=C(CCCCCC)C=C6)C(C7=C8C)=C9SC7=CC%10=C8SC%11=C%10[C@](C%12=CC=C(CCCCCC)C=C%12)(C%13=C%11SC%14=C%13SC(/C=C%15/C(C%16=C(C%15=O)C=C(F)C(F)=C%16)=C(C#N)\[N+]#[C-])=C%14CCCCCCCCCCCC)C)=C9S4)=C(C#N)/C#N)=C(C2=O)C=C1F,12.53,O=C1C2=C(CC(CC)CCCC)SC(CC(CC)CCCC)=C2C(C3=C(C4=CC=C(C5=CC(C(C6=CC(F)=C(CC(CC)CCCC)S6)=C(SC=C7)C7=C8C9=CC(F)=C(CC(CC)CCCC)S9)=C8S5)S4)SC(C%10=CC=CS%10)=C31)=O||FC1=CC(C(/C2=C/C3=C(CCCCCCCCCCCC)C4=C(S3)C(C(C5=CC=C(CCCCCC)C=C5)(C6=CC=C(CCCCCC)C=C6)C(C7=C8C)=C9SC7=CC%10=C8SC%11=C%10[C@](C%12=CC=C(CCCCCC)C=C%12)(C%13=C%11SC%14=C%13SC(/C=C%15/C(C%16=C(C%15=O)C=C(F)C(F)=C%16)=C(C#N)\[N+]#[C-])=C%14CCCCCCCCCCCC)C)=C9S4)=C(C#N)/C#N)=C(C2=O)C=C1F,65482d735aa1f382b817dd8d95b1689b39b0b3c26138949c2680844f1b1f5ea0,116596b3c0bf5392305dd7a9038cea9b7842a248ef0ff307a76793926dc41fde,b22cef58ec7cfac39705fe113999e5f0d7ccd8ddb0529e74aa7c5d95b01ae27e,ccadeab06fe0d22661c54cf46f26ab11bac8ab9ae86b5968982b866f28f40ae8,cbf0f12d5ec0c3cb2d107a991a82bf9dbbcd62a7c76f6730cd02747073721746,827,942,936,36,0.612641690202876,joint_inhouse_gao
118,12.529999732971191,12.05908725285294,-0.4709124801182511,0.4709124801182511,0.2217585639311222,3.758280049113659,in-house,129,FC1=C(F)C=C(N=C(OCC(CCCCCC)CCCCCCCC)C=N2)C2=C1C3=CC=CS3,O=C(C1=C2C=C(F)C(F)=C1)C(/C2=C(C#N)\C#N)=C\C3=CC(SC4=C5C(C6=CC=CC(CCCCCC)=C6)(C7=CC(CCCCCC)=CC=C7)C8=C4C=C9C(C%10=CC=CC(CCCCCC)=C%10)(C%11=CC=CC(CCCCCC)=C%11)C%12=C(SC%13=C%12SC(/C=C(/C%14=C(C#N)\C#N)C(C%15=C%14C=C(F)C(F)=C%15)=O)=C%13)C9=C8)=C5S3,12.53,FC1=C(F)C=C(N=C(OCC(CCCCCC)CCCCCCCC)C=N2)C2=C1C3=CC=CS3||O=C(C1=C2C=C(F)C(F)=C1)C(/C2=C(C#N)\C#N)=C\C3=CC(SC4=C5C(C6=CC=CC(CCCCCC)=C6)(C7=CC(CCCCCC)=CC=C7)C8=C4C=C9C(C%10=CC=CC(CCCCCC)=C%10)(C%11=CC=CC(CCCCCC)=C%11)C%12=C(SC%13=C%12SC(/C=C(/C%14=C(C#N)\C#N)C(C%15=C%14C=C(F)C(F)=C%15)=O)=C%13)C9=C8)=C5S3,6d0ebf843ec88894476605165efae2bf8fd910afe87a5868bc4b56e85a61a93d,a40eb4a7ac36c39fcab1222b3f3382a58e3de952475368cbbe02d739721dde9c,1628c79ac017215f7c207440309635c92844a424d45536221801d2a641717ed4,96e7b37014183a2bfd5a50ae94b5603831495cd7d17130949b8b5135d9f8a922,9cf59d63b555e4b286a6b7677f359810e8e397bca3f218a556375b142bdd3da5,102,704,714,108,0.6272820404682885,joint_inhouse_gao
122,12.5,11.711243506705406,-0.7887564932945939,0.7887564932945939,0.6221368057143847,6.310051946356751,in-house,133,O=C1C2=C(CC(CC)CCCC)SC(CC(CC)CCCC)=C2C(C3=C(C4=CC=C(C5=CC(C(C6=CC(F)=C(CC(CC)CCCC)S6)=C(SC=C7)C7=C8C9=CC(F)=C(CC(CC)CCCC)S9)=C8S5)S4)SC(C%10=CC=CS%10)=C31)=O,O=C(C1=CC=C(Cl)C=C1C/2=C(C#N)/C#N)C2=C/C3=CC4=C(S3)C5=CC6=C(C=C5C4(CCCCCCCC)CCCCCCCC)C7=C(C=C8C9=C(C=C(S9)/C=C%10C(C%11=CC=C(Cl)C=C%11C\%10=C(C#N)/C#N)=O)C(CCCCCCCC)(CCCCCCCC)C8=C7)C(CCCCCCCC)6CCCCCCCC,12.5,O=C1C2=C(CC(CC)CCCC)SC(CC(CC)CCCC)=C2C(C3=C(C4=CC=C(C5=CC(C(C6=CC(F)=C(CC(CC)CCCC)S6)=C(SC=C7)C7=C8C9=CC(F)=C(CC(CC)CCCC)S9)=C8S5)S4)SC(C%10=CC=CS%10)=C31)=O||O=C(C1=CC=C(Cl)C=C1C/2=C(C#N)/C#N)C2=C/C3=CC4=C(S3)C5=CC6=C(C=C5C4(CCCCCCCC)CCCCCCCC)C7=C(C=C8C9=C(C=C(S9)/C=C%10C(C%11=CC=C(Cl)C=C%11C\%10=C(C#N)/C#N)=O)C(CCCCCCCC)(CCCCCCCC)C8=C7)C(CCCCCCCC)6CCCCCCCC,65482d735aa1f382b817dd8d95b1689b39b0b3c26138949c2680844f1b1f5ea0,b3e40ff429e054dc684a6361009cc39219423b0b1a0291f248d2d008df89e511,5edf37839fd3ba3d2bf06a00ffe93badb0e14113c180b3d86dac50539169d0ff,948d6edd8f9772026e912cd5e25f104a9888d924915ec46eccb19e9388fe12d6,a6de1f197b4f9364a56b7240e0de5bf8479bb83956ed141f8e0deec2471eb5cc,426,697,768,112,0.5171364031714617,joint_inhouse_gao
125,12.460000038146973,12.495629622204468,0.0356295840574958,0.0356295840574958,0.0012694672601101,0.2859517170819736,in-house,136,CC(S1)=CC=C1C2=C3C(C(C4=C(SC(CC(CC)CCCC)=C4C3=O)CC(CCCC)CC)=O)=C(S2)C(S5)=CC=C5C6=CC7=C(C8=CC(Cl)=C(CCCCCC9=CC=C(CCCCCC)S9)C8)C%10=C(C=C(S%10)C)C(C%11=CC(Cl)=C(CCCCCC%12=CC=C(CCCCCC)S%12)C%11)=C7S6,O=C(C/1=C\C2=C(C3=C(S2)C(N4C5=CC=C(CCCCCC)C=C5)=C(C6=C4C7=C(C8=NSN=C68)C(SC9=C%10SC(/C=C%11C(C%12=CC(F)=C(C=C%12C\%11=C(C#N)/C#N)F)=O)=C9CCCCCCCCCCC)=C%10N7C%13=CC=C(CCCCCC)C=C%13)S3)CCCCCCCCCCC)C%14=CC(F)=C(F)C=C%14C1=C(C#N)/C#N,12.46,CC(S1)=CC=C1C2=C3C(C(C4=C(SC(CC(CC)CCCC)=C4C3=O)CC(CCCC)CC)=O)=C(S2)C(S5)=CC=C5C6=CC7=C(C8=CC(Cl)=C(CCCCCC9=CC=C(CCCCCC)S9)C8)C%10=C(C=C(S%10)C)C(C%11=CC(Cl)=C(CCCCCC%12=CC=C(CCCCCC)S%12)C%11)=C7S6||O=C(C/1=C\C2=C(C3=C(S2)C(N4C5=CC=C(CCCCCC)C=C5)=C(C6=C4C7=C(C8=NSN=C68)C(SC9=C%10SC(/C=C%11C(C%12=CC(F)=C(C=C%12C\%11=C(C#N)/C#N)F)=O)=C9CCCCCCCCCCC)=C%10N7C%13=CC=C(CCCCCC)C=C%13)S3)CCCCCCCCCCC)C%14=CC(F)=C(F)C=C%14C1=C(C#N)/C#N,d47d7da4f0d058cb918a767d5d9d3792664c601386ff36b57ceae709acbf75f2,3bc5e962960694d5a8c90d751d3f10c939059169c6882aed8bdcfb92d36d6776,bcbb7c992605339d1555871c39daa8c74f115844fbf2fe4738ff87f817cbaf7e,4de0b11b53ad5e9090e7d1cb77394e8499fe969542c472056fdaf8b447de098e,4fc3cc72ef0cdafcf540b84d85ea0036fa66a3f245a706c7aa8fcb801a396cfc,899,368,351,115,0.7152342093946662,joint_inhouse_gao
133,12.329999923706056,10.391506601088118,-1.9384933226179388,1.9384933226179388,3.757756361834336,15.721762648926935,in-house,144,FC(C(OCC(CCCCCC)CCCCCCCC)=C(C1=NSN=C21)C3=CC=C(S3)C4=CC5=C(C6=C(C(C7=CC=C(S7)CC(CCCC)CC)=C5S4)C=C(C)S6)C8=CC=C(S8)CC(CC)CCCC)=C2C9=CC=C(C)S9,O=C(C1=C(C=C(F)C(F)=C1)C/2=C(C#N)\C#N)C2=C/C(S3)=C(OCCCCCC)C=C3C4=CC(C5(C6=CC=C(C=C6)CCCCCC)C7=CC=C(CCCCCC)C=C7)=C(C(C=C8C9(C%10=CC=C(CCCCCC)C=C%10)C%11=CC=C(CCCCCC)C=C%11)=C5C=C8C%12=C9C=C(C%13=CC(OCCCCCC)=C(S%13)/C=C%14C(C%15=C(C=C(F)C(F)=C%15)C\%14=C(C#N)\C#N)=O)S%12)S4,12.33,FC(C(OCC(CCCCCC)CCCCCCCC)=C(C1=NSN=C21)C3=CC=C(S3)C4=CC5=C(C6=C(C(C7=CC=C(S7)CC(CCCC)CC)=C5S4)C=C(C)S6)C8=CC=C(S8)CC(CC)CCCC)=C2C9=CC=C(C)S9||O=C(C1=C(C=C(F)C(F)=C1)C/2=C(C#N)\C#N)C2=C/C(S3)=C(OCCCCCC)C=C3C4=CC(C5(C6=CC=C(C=C6)CCCCCC)C7=CC=C(CCCCCC)C=C7)=C(C(C=C8C9(C%10=CC=C(CCCCCC)C=C%10)C%11=CC=C(CCCCCC)C=C%11)=C5C=C8C%12=C9C=C(C%13=CC(OCCCCCC)=C(S%13)/C=C%14C(C%15=C(C=C(F)C(F)=C%15)C\%14=C(C#N)\C#N)=O)S%12)S4,24d3b6c278d224ca08137e08291886ccaa368c83f90ad2b57be3ad85da1304f1,05a55d032efa360e1edf2f644a1966bec2ba8711fd8960fb2a76f01cea375031,0a066b8b949a8b8f41600876949641ca077993a12335e5d6cb3c49b17214f89f,ef4586f3c8e23eff04502b2e94ccbcd789f43646b380f69b6aaf80145baf5d6c,25c36d651300c78a4b22bb7dc0b8f5c3afe961bdb24163e8b16556f27ce3268f,43,1112,155,123,0.6815857800604977,joint_inhouse_gao
138,12.25,11.09718141461363,-1.1528185853863704,1.1528185853863704,1.3289906908122322,9.410763962337718,in-house,150,FC(C=C(C1=C2SC=CC2=C(C3=CC(F)=C(CC(CCCC)CC)S3)C4=C1C=C(C5=CC=C(C6=C(C(C(C7=C(CC(CCCC)CC)SC(CC(CC)CCCC)=C78)=O)=C(C9=CC=CC9)S6)C8=O)S5)S4)S%10)=C%10CC(CC)CCCC,O=C1C(/C(C2=CC=C(Cl)C=C21)=C(C#N)/C#N)=C\C3=CC4=C(C5=C(S4)C(C(C(C6=CC=C(C=C6)CCCCCC)5C7=CC=C(CCCCCC)C=C7)=C8)=CC9=C8C%10=C(C(C%11=CC=C(CCCCCC)C=C%11)9C%12=CC=C(CCCCCC)C=C%12)C(S%13)=C(S%10)C=C%13/C=C%14/C(C%15=CSC=C%15C%14=O)=C(C#N)/C#N)S3,12.25,FC(C=C(C1=C2SC=CC2=C(C3=CC(F)=C(CC(CCCC)CC)S3)C4=C1C=C(C5=CC=C(C6=C(C(C(C7=C(CC(CCCC)CC)SC(CC(CC)CCCC)=C78)=O)=C(C9=CC=CC9)S6)C8=O)S5)S4)S%10)=C%10CC(CC)CCCC||O=C1C(/C(C2=CC=C(Cl)C=C21)=C(C#N)/C#N)=C\C3=CC4=C(C5=C(S4)C(C(C(C6=CC=C(C=C6)CCCCCC)5C7=CC=C(CCCCCC)C=C7)=C8)=CC9=C8C%10=C(C(C%11=CC=C(CCCCCC)C=C%11)9C%12=CC=C(CCCCCC)C=C%12)C(S%13)=C(S%10)C=C%13/C=C%14/C(C%15=CSC=C%15C%14=O)=C(C#N)/C#N)S3,61eee9608e36bdb1d3a96a3ad1baa39916f3a546e29d11481966a5a2d3d30f3c,746cb16499e6dcd5103611efd6953f1f791ce8811389cb264ff8747f1b9e48a2,4f2bb67c52ab0e620c1a26915f45d2915e87a67827103134062c470585833292,c2a164db5441b8986aaf65a9b7ab264ae6153ff6216b08a37bc4dc42d8ecb60f,0778c86e71133ab31cfc022ff279c267f872537e6c55e1d011e68eff848b908a,366,894,38,128,0.4973406257761437,joint_inhouse_gao
139,12.239999771118164,8.475290780020233,-3.764708991097931,3.764708991097931,14.173033787653605,30.757426973007316,in-house,151,ClC1=C(C2=CC(C(C3=CC=C(C=C3)CC(CCCCCC)CCCC)=C4SC(C)=CC4=C5C6=CC=C(C=C6)CC(CCCC)CCCCCC)=C5S2)SC(C7=C8C(C(C9=C(SC(CC(CCCC)CC)=C9C8=O)CC(CCCC)CC)=O)=C(S7)C%10=CC(Cl)=C(C)S%10)=C1,O=C(C1=CSC=C1C/2=C(C#N)\C#N)C2=C/C3=CC(SC(C(C=C4C5(C6=CC=C(C=C6)CCCCCCCC)C7=CC=C(CCCCCCCC)C=C7)=C8C=C4C9=C5C%10=C(C=C(S%10)/C=C%11C(C%12=CSC=C%12C\%11=C(C#N)\C#N)=O)S9)=C%13C8(C%14=CC=C(C=C%14)CCCCCCCC)C%15=CC=C(CCCCCCCC)C=C%15)=C%13S3,12.24,ClC1=C(C2=CC(C(C3=CC=C(C=C3)CC(CCCCCC)CCCC)=C4SC(C)=CC4=C5C6=CC=C(C=C6)CC(CCCC)CCCCCC)=C5S2)SC(C7=C8C(C(C9=C(SC(CC(CCCC)CC)=C9C8=O)CC(CCCC)CC)=O)=C(S7)C%10=CC(Cl)=C(C)S%10)=C1||O=C(C1=CSC=C1C/2=C(C#N)\C#N)C2=C/C3=CC(SC(C(C=C4C5(C6=CC=C(C=C6)CCCCCCCC)C7=CC=C(CCCCCCCC)C=C7)=C8C=C4C9=C5C%10=C(C=C(S%10)/C=C%11C(C%12=CSC=C%12C\%11=C(C#N)\C#N)=O)S9)=C%13C8(C%14=CC=C(C=C%14)CCCCCCCC)C%15=CC=C(CCCCCCCC)C=C%15)=C%13S3,69943fc8755ccfbf537d0934713510e88d5ffcde083a6c1f9f7607b7f94d1700,a3406b5e4edefe3e2c4839b86eca3cc419dcab58dd63484cd2852f990ceb7789,cbd78848a01b1f6a48abb18d6a06d9c50af6c73c8e53c5faf446df964b6263b1,173c3b0887687bdbbe9f62d2725baf1aa164719b2017316bd3c4dc94e0a4d711,16adb3ae21a6f84c5716b1ef290d75a4d4b5f1389c63c1831e51bdd22a456a4f,971,116,99,129,0.4982515346188507,joint_inhouse_gao
145,12.18000030517578,9.2966573922941,-2.8833429128816803,2.8833429128816803,8.313666353265013,23.67276552248057,in-house,159,O=C(C1=C(CCC(CCCC)CC)SC(CCC(CC)CCCC)=C1C2=O)C(C2=C(C3)C(C4)=CC=C4C5=CC6=C(C(C7=CC=C(CCC(CCCC)CC)S7)=C8C=CSC8=C6C9=CC=C(CCC(CCCC)CC)S9)S5)=C3C%10=CC=CS%10,c12cc3c(cc1C(c1c2sc2c1sc(c2)/C=C\1/C(=C(C#N)C#N)c2c(C1=O)cccc2)(c1ccc(cc1)CCCCCC)c1ccc(cc1)CCCCCC)c1c(C3(c2ccc(cc2)CCCCCC)c2ccc(cc2)CCCCCC)c2c(s1)cc(s2)/C=C\1/C(=C(C#N)C#N)c2c(C1=O)cccc2,12.18,O=C(C1=C(CCC(CCCC)CC)SC(CCC(CC)CCCC)=C1C2=O)C(C2=C(C3)C(C4)=CC=C4C5=CC6=C(C(C7=CC=C(CCC(CCCC)CC)S7)=C8C=CSC8=C6C9=CC=C(CCC(CCCC)CC)S9)S5)=C3C%10=CC=CS%10||c12cc3c(cc1C(c1c2sc2c1sc(c2)/C=C\1/C(=C(C#N)C#N)c2c(C1=O)cccc2)(c1ccc(cc1)CCCCCC)c1ccc(cc1)CCCCCC)c1c(C3(c2ccc(cc2)CCCCCC)c2ccc(cc2)CCCCCC)c2c(s1)cc(s2)/C=C\1/C(=C(C#N)C#N)c2c(C1=O)cccc2,6f31f3770fd225e382586e20513744e11a328b7cc74c758d48628417c600a02b,202f8607af2cecb83e86b2e4305f8c7e2852bc709bb805b9055691d46a9081c5,6e59144dfa18bf9091c64669c7869c773ce28dd7a7e136091ecbbd3e45e5a0fe,23a4b1cc1f961ec4c5cd20bcaf48419d99f024c659bd5d67f2e9e55073273857,e8122ae1b698558b61b378eff95f7e8c5b8a522eb971600d57385b49810ab002,499,176,1079,135,0.4151569963263175,joint_inhouse_gao
154,12.100000381469728,6.639230529860694,-5.460769851609034,5.460769851609034,29.820007372242152,45.130327929342926,in-house,170,FC(C(F)=C(C1=N2)C3=CC=C(S3)C4=CC5=C(C6=C(C(C7=CC(Cl)=C(S7)CC(CCCC)CC)=C5S4)C=C(C)S6)C8=CC(Cl)=C(S8)CC(CCCC)CC)=C(C9=CC=C(C)S9)C1=NN2CCC(CCCCCCCCCC)CCCCCCCC,c1(cc2c(cc1F)C(=O)/C(=C\c1cc3c(s1)c1c(s3)c3c(C1(c1ccc(cc1)CCCCCC)c1ccc(cc1)CCCCCC)cc1c(c3)C(c3c1sc1c3sc(c1)/C=C/1\C(=O)c3c(C1=C(C#N)C#N)cc(c(c3)F)F)(c1ccc(cc1)CCCCCC)c1ccc(cc1)CCCCCC)/C2=C(C#N)C#N)F,12.1,FC(C(F)=C(C1=N2)C3=CC=C(S3)C4=CC5=C(C6=C(C(C7=CC(Cl)=C(S7)CC(CCCC)CC)=C5S4)C=C(C)S6)C8=CC(Cl)=C(S8)CC(CCCC)CC)=C(C9=CC=C(C)S9)C1=NN2CCC(CCCCCCCCCC)CCCCCCCC||c1(cc2c(cc1F)C(=O)/C(=C\c1cc3c(s1)c1c(s3)c3c(C1(c1ccc(cc1)CCCCCC)c1ccc(cc1)CCCCCC)cc1c(c3)C(c3c1sc1c3sc(c1)/C=C/1\C(=O)c3c(C1=C(C#N)C#N)cc(c(c3)F)F)(c1ccc(cc1)CCCCCC)c1ccc(cc1)CCCCCC)/C2=C(C#N)C#N)F,b24b4e9aa4a16946a0c7c88634b4e17dcd8edc4c5829fff92fa8d0153f9bda5f,69e17d1724b4236f68d0c6efb6ad16969f13f8980d301d0056747038b20f0c8d,28b55f5b9f85e9c457287eafcce22d5755dbbc6d3f6b8927bf44384b8f6fd36f,ecc17bfcc47bd3721f3f4df6b8e0ab02efd80bdc3d7e6cb188e9d92d7079ff63,21dbce05cc4c37297a77239175630beee17579749b12c60d59373610bafa1107,175,1095,138,144,1.7476595194995006,joint_inhouse_gao
155,12.100000381469728,10.622413663580868,-1.4775867178888618,1.4775867178888618,2.1832625088815787,12.211460093436678,in-house,171,FC(C(F)=C(C1=NN(N=C21)CCC(CCCC)CCCCCC)C3=CC=C(S3)C)=C2C(S4)=CC=C4C5=CC(C(CCCC(CCCCCC)CCCC)=C6SC(C)=CC6=C7CCCC(CCCC)CCCCCC)=C7S5,O=C(C1=C(C=CC(F)=C1)C/2=C(C#N)\C#N)C2=C/C3=CC4=C(C(C5(C6=CC=C(S6)CCCCCC)C(S7)=CC=C7CCCCCC)=C(C(C=C8C9(C%10=CC=C(S%10)CCCCCC)C%11=CC=C(S%11)CCCCCC)=C5C=C8C%12=C9C%13=C(C=C(S%13)/C=C%14C(C%15=C(C=CC(F)=C%15)C\%14=C(C#N)\C#N)=O)S%12)S4)S3,12.1,FC(C(F)=C(C1=NN(N=C21)CCC(CCCC)CCCCCC)C3=CC=C(S3)C)=C2C(S4)=CC=C4C5=CC(C(CCCC(CCCCCC)CCCC)=C6SC(C)=CC6=C7CCCC(CCCC)CCCCCC)=C7S5||O=C(C1=C(C=CC(F)=C1)C/2=C(C#N)\C#N)C2=C/C3=CC4=C(C(C5(C6=CC=C(S6)CCCCCC)C(S7)=CC=C7CCCCCC)=C(C(C=C8C9(C%10=CC=C(S%10)CCCCCC)C%11=CC=C(S%11)CCCCCC)=C5C=C8C%12=C9C%13=C(C=C(S%13)/C=C%14C(C%15=C(C=CC(F)=C%15)C\%14=C(C#N)\C#N)=O)S%12)S4)S3,45e95ea37da5bc3e18f2c067cb95f73c851335176098d8fca22fcb29952b2779,7bfd69f27d6b0351dc30d0a0759e92f60141f7c70bda35cd3ee2c2b4e0155935,8439d21537f625593e72dc0b03facd62879fc938b01360ed3ae4848526bb5a3e,6bf40a3e188b66cae50f5eb36dc1ab08ab81a5515c7d9527e4c06842d99308b2,d4b64e34aa113163de951e4e89fcae524e30e1b8a237f1cb09a1da539c75aae9,604,524,973,145,0.6623627778767207,joint_inhouse_gao
159,12.06999969482422,9.496756671678902,-2.5732430231453183,2.5732430231453183,6.621579656166057,21.31932964545773,in-house,175,O=C(C1=C(CCC(CCCC)CC)SC(CCC(CC)CCCC)=C1C2=O)C(C2=C(C3)C(C4)=CC=C4C5=CC6=C(C(C7=CC=C(CCC(CCCC)CC)S7)=C8C=CSC8=C6C9=CC=C(CCC(CCCC)CC)S9)S5)=C3C%10=CC=CS%10,O=C(C(C=CC=C1)=C1C/2=C(C#N)\C#N)C2=C/C3=CC4=C(C5=C(S4)C6=C(C(C7=CC=C(CCCCCC)C=C7)5C8=CC=C(CCCCCC)C=C8)C=C(C9=C(C(C%10=CC=C(C=C%10)CCCCCC)%11C%12=CC=C(C=C%12)CCCCCC)C(S%13)=C(S9)C=C%13/C=C(C%14=O)/C(C(C=C%15OC)=C%14C=C%15OC)=C(C#N)\C#N)C%11=C6)S3,12.07,O=C(C1=C(CCC(CCCC)CC)SC(CCC(CC)CCCC)=C1C2=O)C(C2=C(C3)C(C4)=CC=C4C5=CC6=C(C(C7=CC=C(CCC(CCCC)CC)S7)=C8C=CSC8=C6C9=CC=C(CCC(CCCC)CC)S9)S5)=C3C%10=CC=CS%10||O=C(C(C=CC=C1)=C1C/2=C(C#N)\C#N)C2=C/C3=CC4=C(C5=C(S4)C6=C(C(C7=CC=C(CCCCCC)C=C7)5C8=CC=C(CCCCCC)C=C8)C=C(C9=C(C(C%10=CC=C(C=C%10)CCCCCC)%11C%12=CC=C(C=C%12)CCCCCC)C(S%13)=C(S9)C=C%13/C=C(C%14=O)/C(C(C=C%15OC)=C%14C=C%15OC)=C(C#N)\C#N)C%11=C6)S3,6f31f3770fd225e382586e20513744e11a328b7cc74c758d48628417c600a02b,8726e834581d20b8d3fed5716de664f1fa1c0e0dd81a7d6e4958ce75eba92d80,803b9635ee93c831861d67f50cd50931a07e98713d44f4471fc6b3c7afaf63c3,9fd80e66667d909536d05c8fafbb85c7406da2272ac0ac4760c66b4daa5e7f3d,00f6699231feeb50d70bfc979e442a7fd8336e33e940f969e0d97eb40a19b3cb,586,748,4,149,0.6036344139577677,joint_inhouse_gao
163,12.050000190734863,11.45180846676968,-0.5981917239651828,0.5981917239651828,0.3578333386204375,4.964246593333061,in-house,179,O=C(C1=C(CC(CCCC)CC)SC(CC(CCCC)CC)=C12)C3=C(C4=CC=CS4)SC(C(S5)=CC=C5C6=CC7=C(C8=CC=C(CC(CCCC)CCCCCC)C=C8)C(SC=C9)=C9C(C%10=CC=C(CC(CCCCCC)CCCC)C=C%10)=C7S6)=C3C2=O,O=C1C(/C(C2=C1C=C(F)C(F)=C2)=C(C#N)/C#N)=C\C3=CC4=C(S3)C(C(C5=CC=C(CCCCCC)C=C5)(C6=CC7=C(C(C8=CC=C(CCCCCC)C=C8)(C9=C7SC%10=C9SC%11=C%10SC(/C=C%12C(C(C=C(F)C(F)=C%13)=C%13C\%12=C(C#N)\C#N)=O)=C%11)C%14=CC=C(CCCCCC)C=C%14)C=C6%15)C%16=CC=C(CCCCCC)C=C%16)=C%15S4,12.05,O=C(C1=C(CC(CCCC)CC)SC(CC(CCCC)CC)=C12)C3=C(C4=CC=CS4)SC(C(S5)=CC=C5C6=CC7=C(C8=CC=C(CC(CCCC)CCCCCC)C=C8)C(SC=C9)=C9C(C%10=CC=C(CC(CCCCCC)CCCC)C=C%10)=C7S6)=C3C2=O||O=C1C(/C(C2=C1C=C(F)C(F)=C2)=C(C#N)/C#N)=C\C3=CC4=C(S3)C(C(C5=CC=C(CCCCCC)C=C5)(C6=CC7=C(C(C8=CC=C(CCCCCC)C=C8)(C9=C7SC%10=C9SC%11=C%10SC(/C=C%12C(C(C=C(F)C(F)=C%13)=C%13C\%12=C(C#N)\C#N)=O)=C%11)C%14=CC=C(CCCCCC)C=C%14)C=C6%15)C%16=CC=C(CCCCCC)C=C%16)=C%15S4,826e531b71e4c0ef06b575364b50a339b3da70c19584a5cd5231c22bd6d85201,132c1283d735deec68066958536132894af7531d023de53166a6731adbe26e7f,f4eea236b4f4401677784edc0cdffe5212048cb6a619564798bff3709994f7d0,f0d2434ef0bba0043271a81dc231b32d973374a71d25a8715eac58305aa864e7,5496d12ac2ecd696be9cca93874b59fe28aa6c212baa22f97b2da53452890aac,1147,1120,380,153,0.5365239832140947,joint_inhouse_gao
167,12.020000457763672,11.798444492982163,-0.2215559647815066,0.2215559647815066,0.0490870455302642,1.8432275902153108,in-house,183,CC1=C(F)C=C(S1)C2=C3C=C(SC3=C(C4=C2SC(C5=CC=C(S5)C6=C(C(F)=C(C(N=C7C8=CC=CC(OCCCCCCCC)=C8)=C6N=C7C9=CC=CC(OCCCCCCCC)=C9)C%10=CC=C(C)S%10)F)=C4)C%11=CC(F)=C(S%11)C)C,O=C(C/1=C\C2=C(C3=C(S2)C(N4C5=CC=C(CCCCCC)C=C5)=C(C6=C4C7=C(C8=NSN=C68)C(SC9=C%10SC(/C=C%11C(C%12=CC(F)=C(C=C%12C\%11=C(C#N)/C#N)F)=O)=C9CCCCCCCCCCC)=C%10N7C%13=CC=C(CCCCCC)C=C%13)S3)CCCCCCCCCCC)C%14=CC(F)=C(F)C=C%14C1=C(C#N)/C#N,12.02,CC1=C(F)C=C(S1)C2=C3C=C(SC3=C(C4=C2SC(C5=CC=C(S5)C6=C(C(F)=C(C(N=C7C8=CC=CC(OCCCCCCCC)=C8)=C6N=C7C9=CC=CC(OCCCCCCCC)=C9)C%10=CC=C(C)S%10)F)=C4)C%11=CC(F)=C(S%11)C)C||O=C(C/1=C\C2=C(C3=C(S2)C(N4C5=CC=C(CCCCCC)C=C5)=C(C6=C4C7=C(C8=NSN=C68)C(SC9=C%10SC(/C=C%11C(C%12=CC(F)=C(C=C%12C\%11=C(C#N)/C#N)F)=O)=C9CCCCCCCCCCC)=C%10N7C%13=CC=C(CCCCCC)C=C%13)S3)CCCCCCCCCCC)C%14=CC(F)=C(F)C=C%14C1=C(C#N)/C#N,a34a1dafe7b3c6d66491950f892e8ca24375c2bb07400aa9ecf7dfe9f9e82581,3bc5e962960694d5a8c90d751d3f10c939059169c6882aed8bdcfb92d36d6776,07b706956c0b24bc701c0df612b9e5a5f8eefe39420be37d62e68d6300a8b4ac,ec0eea871d2660661668bf82f17af5e1cc2cda121243fedcd8a90854d2626d49,66816da5c61ecef624f63e6ed3afa5e807cea54a0a49c1b5bc253c6a715c28f3,30,1091,464,156,0.803455342157472,joint_inhouse_gao
169,11.920000076293944,10.757805956472264,-1.1621941198216792,1.1621941198216792,1.3506951721480875,9.749950607240416,in-house,187,O=C(C1=C(CCC(CCCC)CC)SC(CCC(CC)CCCC)=C1C2=O)C(C2=C(C3)C(C4)=CC=C4C5=CC6=C(C(C7=CC=C(CCC(CCCC)CC)S7)=C8C=CSC8=C6C9=CC=C(CCC(CCCC)CC)S9)S5)=C3C%10=CC=CS%10,O=C(C1=C(C/2=C(C#N)\C#N)C=C(F)C(F)=C1)C2=C/C3=C(CCCCCC)C=C(C4=CC(C(C5=CC=C(C=C5)CCCCCC)(C(C=C6)=CC=C6CCCCCC)C(C7=C8)=C9SC7=CC%10=C8SC%11=C%10C(C%12=CC=C(C=C%12)CCCCCC)(C%13=CC=C(C=C%13)CCCCCC)C%14=C%11SC(C%15=CC(CCCCCC)=C(/C=C(C%16=O)/C(C%17=C%16C=C(F)C(F)=C%17)=C(C#N)/C#N)S%15)=C%14)=C9S4)S3,11.92,O=C(C1=C(CCC(CCCC)CC)SC(CCC(CC)CCCC)=C1C2=O)C(C2=C(C3)C(C4)=CC=C4C5=CC6=C(C(C7=CC=C(CCC(CCCC)CC)S7)=C8C=CSC8=C6C9=CC=C(CCC(CCCC)CC)S9)S5)=C3C%10=CC=CS%10||O=C(C1=C(C/2=C(C#N)\C#N)C=C(F)C(F)=C1)C2=C/C3=C(CCCCCC)C=C(C4=CC(C(C5=CC=C(C=C5)CCCCCC)(C(C=C6)=CC=C6CCCCCC)C(C7=C8)=C9SC7=CC%10=C8SC%11=C%10C(C%12=CC=C(C=C%12)CCCCCC)(C%13=CC=C(C=C%13)CCCCCC)C%14=C%11SC(C%15=CC(CCCCCC)=C(/C=C(C%16=O)/C(C%17=C%16C=C(F)C(F)=C%17)=C(C#N)/C#N)S%15)=C%14)=C9S4)S3,6f31f3770fd225e382586e20513744e11a328b7cc74c758d48628417c600a02b,f5b3744c5fc5bf6b858131c3a6a442a5c4726cbff036c95cf29761667c5fe9fd,99200ebcf23989042bdaa360d3a707533834c614428d40ccce3c76fc3c66bdb0,7db15bf476b75e1bfb3d251f43cb25e21fd49e4f6886c2771ae25a6d96bf2e4f,19fdd78abe0b20c69b27fcf7d1207412412982b6f13c623ebba261cbd865e6a2,700,600,111,158,0.4544303769066661,joint_inhouse_gao
183,11.649999618530272,11.544776784311429,-0.1052228342188446,0.1052228342188446,0.0110718448410464,0.9032003232985444,in-house,203,[F]C1=C(CC)SC(C2=C3C(C=C(C)C3)C(C4=CC([F])=C(S4)CC)=C5SC(C6=CC=C(S6)C7=C(C(C8=C(SC(CC)=C8C9=O)CC)=O)C9=C(C%10=CC=C(S%10)C)S7)=CC25)=C1,O=C1C2=C(C=C(Cl)C(Cl)=C2)C(/C1=C/C(S3)=CC4=C3C(S5)=C(C4(C6=CC=C(CCCCCC)C=C6)C7=CC=C(CCCCCC)C=C7)C8=C5C(C9=CC(Cl)=C(CC(CC)CCCC)S9)=C(C(C%10(C%11=CC=C(CCCCCC)C=C%11)C%12=CC=C(CCCCCC)C=C%12)=C(S%13)C%14=C%10C=C(/C=C(/C%15=C(C#N)\C#N)C(C%16=C%15C=C(Cl)C(Cl)=C%16)=O)S%14)C%13=C8C%17=CC(Cl)=C(CC(CC)CCCC)S%17)=C(C#N)/C#N,11.65,[F]C1=C(CC)SC(C2=C3C(C=C(C)C3)C(C4=CC([F])=C(S4)CC)=C5SC(C6=CC=C(S6)C7=C(C(C8=C(SC(CC)=C8C9=O)CC)=O)C9=C(C%10=CC=C(S%10)C)S7)=CC25)=C1||O=C1C2=C(C=C(Cl)C(Cl)=C2)C(/C1=C/C(S3)=CC4=C3C(S5)=C(C4(C6=CC=C(CCCCCC)C=C6)C7=CC=C(CCCCCC)C=C7)C8=C5C(C9=CC(Cl)=C(CC(CC)CCCC)S9)=C(C(C%10(C%11=CC=C(CCCCCC)C=C%11)C%12=CC=C(CCCCCC)C=C%12)=C(S%13)C%14=C%10C=C(/C=C(/C%15=C(C#N)\C#N)C(C%16=C%15C=C(Cl)C(Cl)=C%16)=O)S%14)C%13=C8C%17=CC(Cl)=C(CC(CC)CCCC)S%17)=C(C#N)/C#N,6213dd4049a47a1d3ddd86c99b799fe4ba312bdc695c607b0b6163384ca5ea00,d8a6b95bf314ba6272a65c11a6b0834c4fea41aded7f5542bc2a6528439455e7,6908c5f9115394d15b84185e9011b4d16ff7cf9cea76762282cea6a455223f61,07c9fe94def1a10242beec006df5425f1ab7f81c654e7e69a0796eb4539f1cd7,16f6053ddbace6dfa7d32ac10b2f0176b0c53d2368a6a743ad1cac13c4581954,474,37,102,172,0.6527570772439838,joint_inhouse_gao
184,11.630000114440918,10.120208466407096,-1.509791648033822,1.509791648033822,2.2794708204726843,12.981871308488817,in-house,204,CC1=CC2=C(S1)C(C3=CC=C([Si](CCC)(CCC)CCC)S3)=C4C=C(C5=CC=C(C6=C(F)C(F)=C(C7=CC=C(S7)C)C8=NN(CC(CCCCCCCC)CCCCCC)N=C68)S5)SC4=C2C9=CC=C([Si](CCC)(CCC)CCC)S9,O=C(C1=CSC=C1C/2=C(C#N)\C#N)C2=C/C3=CC(SC(C(C=C4C5(C6=CC=C(C=C6)CCCCCCCC)C7=CC=C(CCCCCCCC)C=C7)=C8C=C4C9=C5C%10=C(C=C(S%10)/C=C%11C(C%12=CSC=C%12C\%11=C(C#N)\C#N)=O)S9)=C%13C8(C%14=CC=C(C=C%14)CCCCCCCC)C%15=CC=C(CCCCCCCC)C=C%15)=C%13S3,11.63,CC1=CC2=C(S1)C(C3=CC=C([Si](CCC)(CCC)CCC)S3)=C4C=C(C5=CC=C(C6=C(F)C(F)=C(C7=CC=C(S7)C)C8=NN(CC(CCCCCCCC)CCCCCC)N=C68)S5)SC4=C2C9=CC=C([Si](CCC)(CCC)CCC)S9||O=C(C1=CSC=C1C/2=C(C#N)\C#N)C2=C/C3=CC(SC(C(C=C4C5(C6=CC=C(C=C6)CCCCCCCC)C7=CC=C(CCCCCCCC)C=C7)=C8C=C4C9=C5C%10=C(C=C(S%10)/C=C%11C(C%12=CSC=C%12C\%11=C(C#N)\C#N)=O)S9)=C%13C8(C%14=CC=C(C=C%14)CCCCCCCC)C%15=CC=C(CCCCCCCC)C=C%15)=C%13S3,eaf1916a35a7483d8caf5815ff5e1ea653d31569a8b350b0b99530cf692c3bfb,a3406b5e4edefe3e2c4839b86eca3cc419dcab58dd63484cd2852f990ceb7789,767a639e3b6c958839cfa2abfecc2214fd6cf167bb6aee1e5795913fe9812a46,6b755cec1f87bb01e6690fbba2b9f996968ee4f7db67a99ccef945a074433207,d37705d8e37b2647f7d32bcad6597f493bd8d6b2e5f2628c3fc144a573ad6c15,535,522,962,173,0.4738948005455496,joint_inhouse_gao
187,11.59000015258789,8.82326350825848,-2.766736644329411,2.766736644329411,7.65483165907517,23.87175675499569,in-house,208,FC(C(F)=C(C1=NN(N=C21)CC(CCCCCC)CCCCCCCC)C3=CCC(C)S3)=C2C(S4)=CC=C4C(OC5=C(C6=C7OC(C)=C6)C8=CC(Cl)=C(CC(CC)CCCC)S8)=CC5=C7C9=CC(Cl)=C(S9)CC(CC)CCCC,c12cc3c(cc1C(c1c2sc2c1sc(c2)/C=C\1/C(=C(C#N)C#N)c2c(C1=O)cccc2)(c1cccc(c1)CCCCCC)c1cc(ccc1)CCCCCC)c1c(C3(c2cc(ccc2)CCCCCC)c2cccc(c2)CCCCCC)c2c(s1)cc(s2)/C=C\1/C(=C(C#N)C#N)c2c(C1=O)cccc2,11.59,FC(C(F)=C(C1=NN(N=C21)CC(CCCCCC)CCCCCCCC)C3=CCC(C)S3)=C2C(S4)=CC=C4C(OC5=C(C6=C7OC(C)=C6)C8=CC(Cl)=C(CC(CC)CCCC)S8)=CC5=C7C9=CC(Cl)=C(S9)CC(CC)CCCC||c12cc3c(cc1C(c1c2sc2c1sc(c2)/C=C\1/C(=C(C#N)C#N)c2c(C1=O)cccc2)(c1cccc(c1)CCCCCC)c1cc(ccc1)CCCCCC)c1c(C3(c2cc(ccc2)CCCCCC)c2cccc(c2)CCCCCC)c2c(s1)cc(s2)/C=C\1/C(=C(C#N)C#N)c2c(C1=O)cccc2,3d9a3a0dcbed6405c766d56db0cb7a4bde351b1ea16bc38b35556778887dabc7,50864152acede518837f13b246d168a2c910162b60d24eaca8a12069a3584c43,6d52d59c130582c7526abe5b7e5ff029ca0b6408826a3aa368716f61d3ef8355,2fdefc34ea11d6205b0527ff6ed1fc6cedde366bd4fa26aa8ea3930a4e97b0c7,f496f8fb65403a44979b39afd4b92b2cfa930479fc1a225d67a2942f92ea056e,495,236,1145,176,0.5999742773791517,joint_inhouse_gao
191,11.520000457763672,10.861201163565758,-0.6587992941979142,0.6587992941979142,0.4340165100356699,5.718743646003327,in-house,212,O=C(C1=C(CC(CCCC)CC)SC(CC(CCCC)CC)=C12)C3=C(C4=CC=CS4)SC(C(S5)=CC=C5C6=CC7=C(C8=CC=C(CC(CCCC)CCCCCC)C=C8)C(SC=C9)=C9C(C%10=CC=C(CC(CCCCCC)CCCC)C=C%10)=C7S6)=C3C2=O,O=C1C(/C(C2=C1C=CC(F)=C2)=C(C#N)/C#N)=C\C3=CC4=C(S3)C(C(C5=CC=C(CCCCCC)C=C5)(C6=CC7=C(C(C8=CC=C(CCCCCC)C=C8)(C9=C7SC%10=C9SC%11=C%10SC(/C=C%12C(C(C=C(F)C=C%13)=C%13C\%12=C(C#N)\C#N)=O)=C%11)C%14=CC=C(CCCCCC)C=C%14)C=C6%15)C%16=CC=C(CCCCCC)C=C%16)=C%15S4,11.52,O=C(C1=C(CC(CCCC)CC)SC(CC(CCCC)CC)=C12)C3=C(C4=CC=CS4)SC(C(S5)=CC=C5C6=CC7=C(C8=CC=C(CC(CCCC)CCCCCC)C=C8)C(SC=C9)=C9C(C%10=CC=C(CC(CCCCCC)CCCC)C=C%10)=C7S6)=C3C2=O||O=C1C(/C(C2=C1C=CC(F)=C2)=C(C#N)/C#N)=C\C3=CC4=C(S3)C(C(C5=CC=C(CCCCCC)C=C5)(C6=CC7=C(C(C8=CC=C(CCCCCC)C=C8)(C9=C7SC%10=C9SC%11=C%10SC(/C=C%12C(C(C=C(F)C=C%13)=C%13C\%12=C(C#N)\C#N)=O)=C%11)C%14=CC=C(CCCCCC)C=C%14)C=C6%15)C%16=CC=C(CCCCCC)C=C%16)=C%15S4,826e531b71e4c0ef06b575364b50a339b3da70c19584a5cd5231c22bd6d85201,4d4b770eb23020c06f35a5307dcfcdb22f36481f21efe4502c3a2834046a5e0c,180fd6428059fb86b05391f3126ffbe5e3e253cb402256ee0f550b31e0a94af2,1a89ca0eeaed234d3bbe21f1a74863697e64e7e76de3cb1462384825d83798c6,481beff25f31fffb3a783835f12f961db092fcb0f86b9f57b1d78dc226a62eb3,114,134,322,180,0.59009472829928,joint_inhouse_gao
196,11.489999771118164,8.907562609946373,-2.582437161171791,2.582437161171791,6.66898169140102,22.47551969202936,in-house,217,FC(C=C(C1=C2SC=CC2=C(C3=CC(F)=C(CC(CCCC)CC)S3)C4=C1C=C(C5=CC=C(C6=C(C(C(C7=C(CC(CCCC)CC)SC(CC(CC)CCCC)=C78)=O)=C(C9=CC=CC9)S6)C8=O)S5)S4)S%10)=C%10CC(CC)CCCC,[H]C1=C(C(F)=C(C(C2=CC(C(CC(CCCC)CC)(CC(CCCC)CC)C3=C4SC(/C=C5C(C6=CC(F)=C(C=C6C\5=C(C#N)\C#N)F)=O)=C3)=C4S2)=C1F)[H])C7=CC8=C(C9=C(C8(CC(CCCC)CC)CC(CCCC)CC)C=C(/C=C%10C(C%11=CC(F)=C(C=C%11C\%10=C(C#N)/C#N)S)=O)S9)S7,11.49,FC(C=C(C1=C2SC=CC2=C(C3=CC(F)=C(CC(CCCC)CC)S3)C4=C1C=C(C5=CC=C(C6=C(C(C(C7=C(CC(CCCC)CC)SC(CC(CC)CCCC)=C78)=O)=C(C9=CC=CC9)S6)C8=O)S5)S4)S%10)=C%10CC(CC)CCCC||[H]C1=C(C(F)=C(C(C2=CC(C(CC(CCCC)CC)(CC(CCCC)CC)C3=C4SC(/C=C5C(C6=CC(F)=C(C=C6C\5=C(C#N)\C#N)F)=O)=C3)=C4S2)=C1F)[H])C7=CC8=C(C9=C(C8(CC(CCCC)CC)CC(CCCC)CC)C=C(/C=C%10C(C%11=CC(F)=C(C=C%11C\%10=C(C#N)/C#N)S)=O)S9)S7,61eee9608e36bdb1d3a96a3ad1baa39916f3a546e29d11481966a5a2d3d30f3c,fe6ed285eec600eba55999980aea61977732103855d0aec642f160b3c1387a9c,108c59ee50e993052e9e69515789c4055866c9b58c2d5175a553854716433316,b3e3f38c3eb07f15bf75ac0998f4c858d135a53532fbf870683106e1be44a818,ed20cd9cc90afdfa30a27fb366c4c447fec352a8f390f2fe092df2b84267900c,73,812,1114,185,0.6118013447376879,joint_inhouse_gao
198,11.470000267028809,10.16251529089295,-1.307484976135859,1.307484976135859,1.7095169628209874,11.39917127896066,in-house,220,O=C(C1=C(CCC(CCCC)CC)SC(CCC(CC)CCCC)=C1C2=O)C(C2=C(C3)C(C4)=CC=C4C5=CC6=C(C(C7=CC=C(CCC(CCCC)CC)S7)=C8C=CSC8=C6C9=CC=C(CCC(CCCC)CC)S9)S5)=C3C%10=CC=CS%10,O=C(C1=CC=C(Cl)C=C1C/2=C(C#N)/C#N)C2=C/C3=CC4=C(S3)C5=CC6=C(C=C5C4(CCCCCCCC)CCCCCCCC)C7=C(C=C8C9=C(C=C(S9)/C=C%10C(C%11=CC=C(Cl)C=C%11C\%10=C(C#N)/C#N)=O)C(CCCCCCCC)(CCCCCCCC)C8=C7)C(CCCCCCCC)6CCCCCCCC,11.47,O=C(C1=C(CCC(CCCC)CC)SC(CCC(CC)CCCC)=C1C2=O)C(C2=C(C3)C(C4)=CC=C4C5=CC6=C(C(C7=CC=C(CCC(CCCC)CC)S7)=C8C=CSC8=C6C9=CC=C(CCC(CCCC)CC)S9)S5)=C3C%10=CC=CS%10||O=C(C1=CC=C(Cl)C=C1C/2=C(C#N)/C#N)C2=C/C3=CC4=C(S3)C5=CC6=C(C=C5C4(CCCCCCCC)CCCCCCCC)C7=C(C=C8C9=C(C=C(S9)/C=C%10C(C%11=CC=C(Cl)C=C%11C\%10=C(C#N)/C#N)=O)C(CCCCCCCC)(CCCCCCCC)C8=C7)C(CCCCCCCC)6CCCCCCCC,6f31f3770fd225e382586e20513744e11a328b7cc74c758d48628417c600a02b,b3e40ff429e054dc684a6361009cc39219423b0b1a0291f248d2d008df89e511,ce438dc43abf6f768a971fc6ee61ec38bbe9c7a33d6d1c7a6d8a5ff6ef89148a,4fabd9a8cdcd2d033589984e670976ee3f5c8453722da68e49d0b1e402179462,588f33bebbcb2b62f8515e2515a730da52527cff2179a623fbc185a973a6bd44,982,382,394,187,0.4684078302936534,joint_inhouse_gao
199,11.449999809265137,11.442713350352674,-0.0072864589124623,0.0072864589124623,5.309248348300244e-05,0.0636371968021021,in-house,221,FC(C=C(C1=C2SC=CC2=C(C3=CC(F)=C(CC(CCCC)CC)S3)C4=C1C=C(C5=CC=C(C6=C(C(C(C7=C(CC(CCCC)CC)SC(CC(CC)CCCC)=C78)=O)=C(C9=CC=CC9)S6)C8=O)S5)S4)S%10)=C%10CC(CC)CCCC,O=C1C(/C(C2=CC(Cl)=C(Cl)C=C21)=C(C#N)/C#N)=C\C3=CC4=C(C5=C(S4)C(C(C(C6=CC=C(C=C6)CCCCCC)5C7=CC=C(CCCCCC)C=C7)=C8)=CC9=C8C%10=C(C(C%11=CC=C(CCCCCC)C=C%11)9C%12=CC=C(CCCCCC)C=C%12)C(S%13)=C(S%10)C=C%13/C=C%14/C(C%15=CSC=C%15C%14=O)=C(C#N)/C#N)S3,11.45,FC(C=C(C1=C2SC=CC2=C(C3=CC(F)=C(CC(CCCC)CC)S3)C4=C1C=C(C5=CC=C(C6=C(C(C(C7=C(CC(CCCC)CC)SC(CC(CC)CCCC)=C78)=O)=C(C9=CC=CC9)S6)C8=O)S5)S4)S%10)=C%10CC(CC)CCCC||O=C1C(/C(C2=CC(Cl)=C(Cl)C=C21)=C(C#N)/C#N)=C\C3=CC4=C(C5=C(S4)C(C(C(C6=CC=C(C=C6)CCCCCC)5C7=CC=C(CCCCCC)C=C7)=C8)=CC9=C8C%10=C(C(C%11=CC=C(CCCCCC)C=C%11)9C%12=CC=C(CCCCCC)C=C%12)C(S%13)=C(S%10)C=C%13/C=C%14/C(C%15=CSC=C%15C%14=O)=C(C#N)/C#N)S3,61eee9608e36bdb1d3a96a3ad1baa39916f3a546e29d11481966a5a2d3d30f3c,d401c50bb0adb3ddbcde1681793259cd392a5fb38250f372c367ea2394e26cd5,b890e833bfa1a299d0b7b423cc0ecd8057ee659ee12718c91461d0c378239940,fec8be625a5c944e38b9308a80a1d21726b3e2aa8179c38d45391ec7e57a4cfd,39b71f83cff3076965df17de24864ae8b9c282861af4065f04945ba094a0686a,869,1184,252,188,0.5116063107367711,joint_inhouse_gao
200,11.43000030517578,12.11573816053938,0.6857378553636018,0.6857378553636018,0.470236406278672,5.999456142210978,in-house,223,O=C1C2=C(CC(CC)CCCC)SC(CC(CC)CCCC)=C2C(C3=C(C4=CC=C(C5=CC(C(C6=CC(F)=C(CC(CC)CCCC)S6)=C(SC=C7)C7=C8C9=CC(F)=C(CC(CC)CCCC)S9)=C8S5)S4)SC(C%10=CC=CS%10)=C31)=O,CCCCCCC1=CC=CC=C1.FC2=CC(C(/C3=C/C4=C(CC)C5=C(S4)C(C(C6=CC=C(CCCCCC)C=C6)(C7=CC=C(CCCCCC)C=C7)C(C8=C9C)=C%10SC8=CC%11=C9SC%12=C%11[C@](C%13=CC=C(CCCCCC)C=C%13)(C%14=C%12SC%15=C%14SC(/C=C%16/C(C%17=C(C%16=O)C=C(F)C(F)=C%17)=C(C#N)\[N+]#[C-])=C%15CC)C)=C%10S5)=C(C#N)/C#N)=C(C3=O)C=C2F,11.43,O=C1C2=C(CC(CC)CCCC)SC(CC(CC)CCCC)=C2C(C3=C(C4=CC=C(C5=CC(C(C6=CC(F)=C(CC(CC)CCCC)S6)=C(SC=C7)C7=C8C9=CC(F)=C(CC(CC)CCCC)S9)=C8S5)S4)SC(C%10=CC=CS%10)=C31)=O||CCCCCCC1=CC=CC=C1.FC2=CC(C(/C3=C/C4=C(CC)C5=C(S4)C(C(C6=CC=C(CCCCCC)C=C6)(C7=CC=C(CCCCCC)C=C7)C(C8=C9C)=C%10SC8=CC%11=C9SC%12=C%11[C@](C%13=CC=C(CCCCCC)C=C%13)(C%14=C%12SC%15=C%14SC(/C=C%16/C(C%17=C(C%16=O)C=C(F)C(F)=C%17)=C(C#N)\[N+]#[C-])=C%15CC)C)=C%10S5)=C(C#N)/C#N)=C(C3=O)C=C2F,65482d735aa1f382b817dd8d95b1689b39b0b3c26138949c2680844f1b1f5ea0,36098c82c1229a3cfab4c26b1419d9ff3999b93ed0c6b67a1c28259e118b6ce0,8e2004241b1bad52a1bcb0863aab6af8e18373516e2e53e9a93ba01b1f2c0c36,cb7c0dd706dac91c3c4d7727a0b13e7cf16bf7e628eed5c0dc45e0257e0ba6f4,eed723fa531f6427aa9bb325b731d58d1cf20fbc545c66d881c2e668710bd87f,656,936,1120,189,0.5899904094918075,joint_inhouse_gao
201,11.40999984741211,9.851582952065042,-1.558416895347067,1.558416895347067,2.428663219703191,13.658342823733957,in-house,224,CC1=CC2=C(S1)C(C3=CC=C([Si](CCC)(CCC)CCC)S3)=C4C=C(C5=CC=C(C6=C(F)C(F)=C(C7=CC=C(S7)C)C8=NN(CC(CCCCCCCC)CCCCCC)N=C68)S5)SC4=C2C9=CC=C([Si](CCC)(CCC)CCC)S9,c12cc3c(cc1C(c1c2sc2c1sc(c2)/C=C\1/C(=C(C#N)C#N)c2c(C1=O)cccc2)(c1ccc(cc1)CCCCCC)c1ccc(cc1)CCCCCC)c1c(C3(c2ccc(cc2)CCCCCC)c2ccc(cc2)CCCCCC)c2c(s1)cc(s2)/C=C\1/C(=C(C#N)C#N)c2c(C1=O)cccc2,11.41,CC1=CC2=C(S1)C(C3=CC=C([Si](CCC)(CCC)CCC)S3)=C4C=C(C5=CC=C(C6=C(F)C(F)=C(C7=CC=C(S7)C)C8=NN(CC(CCCCCCCC)CCCCCC)N=C68)S5)SC4=C2C9=CC=C([Si](CCC)(CCC)CCC)S9||c12cc3c(cc1C(c1c2sc2c1sc(c2)/C=C\1/C(=C(C#N)C#N)c2c(C1=O)cccc2)(c1ccc(cc1)CCCCCC)c1ccc(cc1)CCCCCC)c1c(C3(c2ccc(cc2)CCCCCC)c2ccc(cc2)CCCCCC)c2c(s1)cc(s2)/C=C\1/C(=C(C#N)C#N)c2c(C1=O)cccc2,eaf1916a35a7483d8caf5815ff5e1ea653d31569a8b350b0b99530cf692c3bfb,202f8607af2cecb83e86b2e4305f8c7e2852bc709bb805b9055691d46a9081c5,8cef40b055d4e0ec062aea51be137f1d18e05e0edef4b9f0e1bbf8bde1300ec0,ab38bfd9d36816b427af166cfaee06d96fded9df5f76149451109cb1f87b6b54,7b41f473e28aac3df3cd3e32b8d25d7ec8a2f48d5b7722612137a9f7a7fcc9d6,649,787,558,190,0.4722871771487972,joint_inhouse_gao
203,11.399999618530272,11.26494588946352,-0.1350537290667528,0.1350537290667528,0.0182395097348358,1.1846818735610136,in-house,226,O=C(C1=C(CCC(CCCC)CC)SC(CCC(CC)CCCC)=C1C2=O)C(C2=C(C3)C(C4)=CC=C4C5=CC6=C(C(C7=CC=C(CCC(CCCC)CC)S7)=C8C=CSC8=C6C9=CC=C(CCC(CCCC)CC)S9)S5)=C3C%10=CC=CS%10,CCCCCCC1=CC=C(C2(C3=CC=C(C=C3)CCCCCC)C4=C(C=C(C5=C4)C(C(C=C6)=CC=C6CCCCCC)(C7=C5SC8=C7SC(/C=C9C(C%10=C(C\9=C(C#N)/C#N)C=CC(F)=C%10)=O)=C8)C(C=C%11)=CC=C%11CCCCCC)C%12=C2C%13=C(C(SC(/C=C(C%14=O)/C(C%15=C%14C=C(F)C=C%15)=C(C#N)\C#N)=C%16)=C%16N%13CCCCCCCC)S%12)C=C1,11.4,O=C(C1=C(CCC(CCCC)CC)SC(CCC(CC)CCCC)=C1C2=O)C(C2=C(C3)C(C4)=CC=C4C5=CC6=C(C(C7=CC=C(CCC(CCCC)CC)S7)=C8C=CSC8=C6C9=CC=C(CCC(CCCC)CC)S9)S5)=C3C%10=CC=CS%10||CCCCCCC1=CC=C(C2(C3=CC=C(C=C3)CCCCCC)C4=C(C=C(C5=C4)C(C(C=C6)=CC=C6CCCCCC)(C7=C5SC8=C7SC(/C=C9C(C%10=C(C\9=C(C#N)/C#N)C=CC(F)=C%10)=O)=C8)C(C=C%11)=CC=C%11CCCCCC)C%12=C2C%13=C(C(SC(/C=C(C%14=O)/C(C%15=C%14C=C(F)C=C%15)=C(C#N)\C#N)=C%16)=C%16N%13CCCCCCCC)S%12)C=C1,6f31f3770fd225e382586e20513744e11a328b7cc74c758d48628417c600a02b,d6e935ff0ea864ea15b4a4980832bb8a2378121499d0f2ede0da96f20cee6772,2fba24e23d98d16805a6e11ad06923154b83f2aa2e6d4b4c21e25ec1279c1dca,10874ad090bd311583f80b412d4725c26291bb6ac6ba0eda09b4ca02dbbe59a5,da288162a8dbf79a8a2f91305da2e0b3da49aff370eb739b6e6fecb9b0d83274,213,81,1004,192,0.4824266221566496,joint_inhouse_gao
205,11.399999618530272,9.721139435720916,-1.6788601828093557,1.6788601828093557,2.8185715134226625,14.726844201647438,in-house,228,O=C(C1=C(CCC(CCCC)CC)SC(CCC(CC)CCCC)=C1C2=O)C(C2=C(C3)C(C4)=CC=C4C5=CC6=C(C(C7=CC=C(CCC(CCCC)CC)S7)=C8C=CSC8=C6C9=CC=C(CCC(CCCC)CC)S9)S5)=C3C%10=CC=CS%10,O=C(C1=C(C/2=C(C#N)/C#N)C=CS1)C2=C/C3=CC(SC4=C5C(C6=CC=C(C=C6)CCCCCC)(C7=C4C=C8C(C(C=C9)=CC=C9CCCCCC)(C%10=C(C8=C7)SC%11=C%10SC(/C=C%12C(C%13=C(C\%12=C(C#N)/C#N)C=CS%13)=O)=C%11)C%14=CC=C(C=C%14)CCCCCC)C%15=CC=C(CCCCCC)C=C%15)=C5S3,11.4,O=C(C1=C(CCC(CCCC)CC)SC(CCC(CC)CCCC)=C1C2=O)C(C2=C(C3)C(C4)=CC=C4C5=CC6=C(C(C7=CC=C(CCC(CCCC)CC)S7)=C8C=CSC8=C6C9=CC=C(CCC(CCCC)CC)S9)S5)=C3C%10=CC=CS%10||O=C(C1=C(C/2=C(C#N)/C#N)C=CS1)C2=C/C3=CC(SC4=C5C(C6=CC=C(C=C6)CCCCCC)(C7=C4C=C8C(C(C=C9)=CC=C9CCCCCC)(C%10=C(C8=C7)SC%11=C%10SC(/C=C%12C(C%13=C(C\%12=C(C#N)/C#N)C=CS%13)=O)=C%11)C%14=CC=C(C=C%14)CCCCCC)C%15=CC=C(CCCCCC)C=C%15)=C5S3,6f31f3770fd225e382586e20513744e11a328b7cc74c758d48628417c600a02b,7d6d487d6182ffc91e3d540c6b4e194236c4a5c6de58c9f73b2fe82fecf56c74,61d2b074b0d28ffd7eb508531e6006e2bde9a3eb56503e3ad898c018e48258f9,dbda4f6bf9ee4417ba7ada56b6826ffa80334347fd13a24504474d75e8bccb8a,7394fb00c77b394d8c6b16576ba1347a87fccbc7e1d048119935d80fa9f86408,442,1014,527,194,0.4202067533798886,joint_inhouse_gao
209,11.289999961853027,9.21228286063317,-2.077717101219857,2.077717101219857,4.316908352701447,18.40316304907092,in-house,235,O=C(C1=C(CCC(CCCC)CC)SC(CCC(CC)CCCC)=C1C2=O)C(C2=C(C3)C(C4)=CC=C4C5=CC6=C(C(C7=CC=C(CCC(CCCC)CC)S7)=C8C=CSC8=C6C9=CC=C(CCC(CCCC)CC)S9)S5)=C3C%10=CC=CS%10,O=C(C(C(C/1=C(C#N)/C#N)=C2)=CC(F)=C2F)C1=C/C(S3)=CC4=C3C5=CC(C6(CCCCCCCC)CCCCCCCC)=C(C=C5C4(C7=CC=C(CCCCCC)C=C7)C8=CC=C(CCCCCC)C=C8)C9=C6C(C%10(CCCCCCCC)CCCCCCCC)=C(S9)C%11=C%10C=C(C(SC(/C=C%12/C(C%13=CC(F)=C(F)C=C%13C%12=O)=C(C#N)/C#N)=C%14)=C%14C%15(C%16=CC=C(CCCCCC)C=C%16)C%17=CC=C(CCCCCC)C=C%17)C%15=C%11,11.29,O=C(C1=C(CCC(CCCC)CC)SC(CCC(CC)CCCC)=C1C2=O)C(C2=C(C3)C(C4)=CC=C4C5=CC6=C(C(C7=CC=C(CCC(CCCC)CC)S7)=C8C=CSC8=C6C9=CC=C(CCC(CCCC)CC)S9)S5)=C3C%10=CC=CS%10||O=C(C(C(C/1=C(C#N)/C#N)=C2)=CC(F)=C2F)C1=C/C(S3)=CC4=C3C5=CC(C6(CCCCCCCC)CCCCCCCC)=C(C=C5C4(C7=CC=C(CCCCCC)C=C7)C8=CC=C(CCCCCC)C=C8)C9=C6C(C%10(CCCCCCCC)CCCCCCCC)=C(S9)C%11=C%10C=C(C(SC(/C=C%12/C(C%13=CC(F)=C(F)C=C%13C%12=O)=C(C#N)/C#N)=C%14)=C%14C%15(C%16=CC=C(CCCCCC)C=C%16)C%17=CC=C(CCCCCC)C=C%17)C%15=C%11,6f31f3770fd225e382586e20513744e11a328b7cc74c758d48628417c600a02b,455dc544484dc911d5fb24de681ea60c9584a939a7970e296fb00f1e1008a9a7,0588b9b41419ef3b3334348d398eeee46911caf9ec9ef53911b0e1b570adb2e2,55e491de8b7d25237c1d3934fc1c87465d5d89ff0ab4df05e99c48f728da935f,786b04eb8f2a80fbdf835984b6c9cc80a2bda5d6b49c5c3910431a4de516207d,26,413,543,198,0.4525136534462854,joint_inhouse_gao
212,11.260000228881836,11.348910199533597,0.0889099706517591,0.0889099706517591,0.0079049828812966,0.7896089595425186,in-house,238,O=C(C1=C(CCC(CCCC)CC)SC(CCC(CC)CCCC)=C1C2=O)C(C2=C(C3)C(C4)=CC=C4C5=CC6=C(C(C7=CC=C(CCC(CCCC)CC)S7)=C8C=CSC8=C6C9=CC=C(CCC(CCCC)CC)S9)S5)=C3C%10=CC=CS%10,c1(cc2c(cc1F)C(=O)/C(=C\c1cc3c(s1)c1c(s3)c3c(C1(c1ccc(cc1)CCCCCC)c1ccc(cc1)CCCCCC)cc1c(c3)C(c3c1sc1c3sc(c1)/C=C/1\C(=O)c3c(C1=C(C#N)C#N)cc(c(c3)F)F)(c1ccc(cc1)CCCCCC)c1ccc(cc1)CCCCCC)/C2=C(C#N)C#N)F,11.26,O=C(C1=C(CCC(CCCC)CC)SC(CCC(CC)CCCC)=C1C2=O)C(C2=C(C3)C(C4)=CC=C4C5=CC6=C(C(C7=CC=C(CCC(CCCC)CC)S7)=C8C=CSC8=C6C9=CC=C(CCC(CCCC)CC)S9)S5)=C3C%10=CC=CS%10||c1(cc2c(cc1F)C(=O)/C(=C\c1cc3c(s1)c1c(s3)c3c(C1(c1ccc(cc1)CCCCCC)c1ccc(cc1)CCCCCC)cc1c(c3)C(c3c1sc1c3sc(c1)/C=C/1\C(=O)c3c(C1=C(C#N)C#N)cc(c(c3)F)F)(c1ccc(cc1)CCCCCC)c1ccc(cc1)CCCCCC)/C2=C(C#N)C#N)F,6f31f3770fd225e382586e20513744e11a328b7cc74c758d48628417c600a02b,69e17d1724b4236f68d0c6efb6ad16969f13f8980d301d0056747038b20f0c8d,8332b22ad63e13f9b15c75f9f23319c3bcc64b52cea2954ad652267fde2e4b46,28637e448c04e46259c5b0ad9c4b6def7346f4a3b8d2b5a13a3d3759ec108315,04aadc213b7bc50b11a865ef0d356e8d79017db2726b499f18b3e4565b2bbc74,597,201,19,201,0.4086904098554265,joint_inhouse_gao
215,11.220000267028809,10.765527017045727,-0.4544732499830797,0.4544732499830797,0.2065459349501828,4.050563628938573,in-house,241,O=C(C1=C(CCC(CCCC)CC)SC(CCC(CC)CCCC)=C1C2=O)C(C2=C(C3)C(C4)=CC=C4C5=CC6=C(C(C7=CC=C(CCC(CCCC)CC)S7)=C8C=CSC8=C6C9=CC=C(CCC(CCCC)CC)S9)S5)=C3C%10=CC=CS%10,O=C(/C(S/1)=C/C2=C3SC(C(CCCCCCC)OO)=CC3=C(C4=CC(C5(CCCCCC)CCCCCC)=C(C(C5=C6)=CC7=C6C8=C(C=C(C9=C%10C=C(C(CCCCCCC)OO)SC%10=C(/C=C(C(N/%11CC)=O)\SC%11=C(C#N)\C#N)S9)S8)C7(CCCCCC)CCCCCC)S4)S2)N(C1=C(C#N)/C#N)CC,11.22,O=C(C1=C(CCC(CCCC)CC)SC(CCC(CC)CCCC)=C1C2=O)C(C2=C(C3)C(C4)=CC=C4C5=CC6=C(C(C7=CC=C(CCC(CCCC)CC)S7)=C8C=CSC8=C6C9=CC=C(CCC(CCCC)CC)S9)S5)=C3C%10=CC=CS%10||O=C(/C(S/1)=C/C2=C3SC(C(CCCCCCC)OO)=CC3=C(C4=CC(C5(CCCCCC)CCCCCC)=C(C(C5=C6)=CC7=C6C8=C(C=C(C9=C%10C=C(C(CCCCCCC)OO)SC%10=C(/C=C(C(N/%11CC)=O)\SC%11=C(C#N)\C#N)S9)S8)C7(CCCCCC)CCCCCC)S4)S2)N(C1=C(C#N)/C#N)CC,6f31f3770fd225e382586e20513744e11a328b7cc74c758d48628417c600a02b,c0d03c88c020abf58da6af76c9cb1e05bf4dab19d562eff4670db9bb99b16df8,909d396b4ce99cc4f122741807235fc7e33d730ad098a352f42564bbac1c87d6,ce74ad45c3ed46913609ffa12b103159479887845964af34d3ce2cfceced9267,a582321f52b8c01a2e7a0ffa3749b7c94d04ec4895c8021e97a7609479ca1302,664,950,762,204,0.5624877355197508,joint_inhouse_gao
218,11.199999809265137,9.653666203564937,-1.5463336057002,1.5463336057002,2.3911476201177813,13.806550286018792,in-house,245,FC1=C(C(OCC(CCCC)CC)=O)SC2=CSC(C3=CC4=C(C5=C(C(C6=CC=C(CC(CC)CCCC)S6)=C4S3)C=CS5)C7=CC=C(CC(CC)CCCC)S7)=C12,FC1=CC(C2=O)=C(C=C1F)C(/C2=C/C3=CC4=C(C5=C(C6=C(C(SC7=C8C(C9=CC=C(CCCCCC)C=C9)(C%10=C7SC%11=C%10SC(C%12=C%13C%14=C(C=C(/C=C(/C(C(C=C%15F)=C%16C=C%15F)=C(C#N)\C#N)C%16=O)S%14)S%12)=C%11C%13(C%17=CC=C(CCCCCC)C=C%17)C%18=CC=C(CCCCCC)C=C%18)C%19=CC=C(CCCCCC)C=C%19)=C8S6)C(C%20=CC=C(CCCCCC)C=C%20)5C%21=CC=C(CCCCCC)C=C%21)S4)S3)=C(C#N)/C#N,11.2,FC1=C(C(OCC(CCCC)CC)=O)SC2=CSC(C3=CC4=C(C5=C(C(C6=CC=C(CC(CC)CCCC)S6)=C4S3)C=CS5)C7=CC=C(CC(CC)CCCC)S7)=C12||FC1=CC(C2=O)=C(C=C1F)C(/C2=C/C3=CC4=C(C5=C(C6=C(C(SC7=C8C(C9=CC=C(CCCCCC)C=C9)(C%10=C7SC%11=C%10SC(C%12=C%13C%14=C(C=C(/C=C(/C(C(C=C%15F)=C%16C=C%15F)=C(C#N)\C#N)C%16=O)S%14)S%12)=C%11C%13(C%17=CC=C(CCCCCC)C=C%17)C%18=CC=C(CCCCCC)C=C%18)C%19=CC=C(CCCCCC)C=C%19)=C8S6)C(C%20=CC=C(CCCCCC)C=C%20)5C%21=CC=C(CCCCCC)C=C%21)S4)S3)=C(C#N)/C#N,2249a87c8fc0450476e55f070a85b71ffa6beb368356c28f1302bad8bac422cb,ca0cc70b423e5aeb50406f41af9735b882456f21d047ea02e63562caa21215b0,84a2590ded2b8e27bf202f069e3631a236a03c2954fc130381e95ffed41fd26a,e82a37a941b81ab5b10553abd3cb42af1cb87fa4d7d74edb89032a6cffd14d95,dceb0faf84407c985c73e31341a19ee932fdd5b914464301125fa88a10ebb62a,605,1070,1026,206,0.5047110759928655,joint_inhouse_gao
221,11.1899995803833,9.989007024481744,-1.2009925559015553,1.2009925559015553,1.4423831193309504,10.73273101821168,in-house,248,O=C(C1=C(CCC(CCCC)CC)SC(CCC(CC)CCCC)=C1C2=O)C(C2=C(C3)C(C4)=CC=C4C5=CC6=C(C(C7=CC=C(CCC(CCCC)CC)S7)=C8C=CSC8=C6C9=CC=C(CCC(CCCC)CC)S9)S5)=C3C%10=CC=CS%10,c1(cc2c(cc1F)C(=O)/C(=C\c1ccc([se]1)c1sc3c(c1)C(c1c3cc3c(c1)c1c(C3(c3ccc(cc3)CCCCCC)c3ccc(cc3)CCCCCC)cc(s1)c1[se]c(cc1)/C=C/1\C(=O)c3c(C1=C(C#N)C#N)cc(c(c3)F)F)(c1ccc(cc1)CCCCCC)c1ccc(cc1)CCCCCC)/C2=C(C#N)C#N)F,11.19,O=C(C1=C(CCC(CCCC)CC)SC(CCC(CC)CCCC)=C1C2=O)C(C2=C(C3)C(C4)=CC=C4C5=CC6=C(C(C7=CC=C(CCC(CCCC)CC)S7)=C8C=CSC8=C6C9=CC=C(CCC(CCCC)CC)S9)S5)=C3C%10=CC=CS%10||c1(cc2c(cc1F)C(=O)/C(=C\c1ccc([se]1)c1sc3c(c1)C(c1c3cc3c(c1)c1c(C3(c3ccc(cc3)CCCCCC)c3ccc(cc3)CCCCCC)cc(s1)c1[se]c(cc1)/C=C/1\C(=O)c3c(C1=C(C#N)C#N)cc(c(c3)F)F)(c1ccc(cc1)CCCCCC)c1ccc(cc1)CCCCCC)/C2=C(C#N)C#N)F,6f31f3770fd225e382586e20513744e11a328b7cc74c758d48628417c600a02b,a8731b761eeaca4a0c4c9d0956f25212d8a2423d94a33fa7d4f9105213cb42fd,4b9983af08e326643395e7d3cd71e5860ab1d3378dfa2277a4b9da9c0c62226b,cebf378b56f6ee650e3815706d00c891241cd0cea5953b6f6cdde8ac0f747c03,90385f50fd6e82afac25b4604e46363844777911f28513019d9fd12895403c6f,352,951,650,208,0.5459074696749939,joint_inhouse_gao
227,11.100000381469728,8.962849277080876,-2.1371511043888525,2.1371511043888525,4.567414842990492,19.2536128913707,in-house,255,O=C(C1=C(CCC(CCCC)CC)SC(CCC(CC)CCCC)=C1C2=O)C(C2=C(C3)C(C4)=CC=C4C5=CC6=C(C(C7=CC=C(CCC(CCCC)CC)S7)=C8C=CSC8=C6C9=CC=C(CCC(CCCC)CC)S9)S5)=C3C%10=CC=CS%10,O=C(C1=C(C=C(Cl)C(Cl)=C1)C/2=C(C#N)\C#N)C2=C/C3=CC(CCCCCCCC)=C(C4=CC5=C(C(C=C6C(C7=CC=C(CCCCCC)C=C7)(C8=CC=C(CCCCCC)C=C8)C9=C(SC(C%10=C(CCCCCCCC)C=C(/C=C%11C(C%12=C(C=C(Cl)C(Cl)=C%12)C\%11=C(C#N)\C#N)=O)S%10)=C9)C6=C%13)=C%13C5(C%14=CC=C(C=C%14)CCCCCC)C%15=CC=C(CCCCCC)C=C%15)S4)S3,11.1,O=C(C1=C(CCC(CCCC)CC)SC(CCC(CC)CCCC)=C1C2=O)C(C2=C(C3)C(C4)=CC=C4C5=CC6=C(C(C7=CC=C(CCC(CCCC)CC)S7)=C8C=CSC8=C6C9=CC=C(CCC(CCCC)CC)S9)S5)=C3C%10=CC=CS%10||O=C(C1=C(C=C(Cl)C(Cl)=C1)C/2=C(C#N)\C#N)C2=C/C3=CC(CCCCCCCC)=C(C4=CC5=C(C(C=C6C(C7=CC=C(CCCCCC)C=C7)(C8=CC=C(CCCCCC)C=C8)C9=C(SC(C%10=C(CCCCCCCC)C=C(/C=C%11C(C%12=C(C=C(Cl)C(Cl)=C%12)C\%11=C(C#N)\C#N)=O)S%10)=C9)C6=C%13)=C%13C5(C%14=CC=C(C=C%14)CCCCCC)C%15=CC=C(CCCCCC)C=C%15)S4)S3,6f31f3770fd225e382586e20513744e11a328b7cc74c758d48628417c600a02b,5ce871f244ea936874e770a3ad0f9068799cd24b7e2aba1e9b1833c643850b26,fe01c0413ffc902a1141ff42f7845f6349b171bca2a81549f9e0a82b3f8eae81,914ff92a61d83fb31967b110ca3860b19c47282d37f1d3ad53f4201d6008a0bb,05eed4dcd2b85f8547b80cae86eb49a35a2a1464dfd6b1a452a77ee6893da4c8,1182,679,22,214,0.4768410386888647,joint_inhouse_gao
233,11.050000190734863,11.07224414372208,0.0222439529872175,0.0222439529872175,0.0004947934444975,0.2013027384910687,in-house,263,CC1=CC(C(C2=CC=C(S2)[Si](CCC)(CCC)CCC)=C3OC(C4=CC=C(S4)C5=C(C(F)=C(C6=NN(N=C56)CC(CCCCCCCC)CCCCCC)C7=CC=C(C)S7)F)=CC3=C8C9=CC=C(S9)[Si](CCC)(CCC)CCC)=C8O1,c12cc3c(cc1C(c1c2sc2c1sc(c2)/C=C\1/C(=C(C#N)C#N)c2c(C1=O)cccc2)(c1cccc(c1)CCCCCC)c1cc(ccc1)CCCCCC)c1c(C3(c2cc(ccc2)CCCCCC)c2cccc(c2)CCCCCC)c2c(s1)cc(s2)/C=C\1/C(=C(C#N)C#N)c2c(C1=O)cccc2,11.05,CC1=CC(C(C2=CC=C(S2)[Si](CCC)(CCC)CCC)=C3OC(C4=CC=C(S4)C5=C(C(F)=C(C6=NN(N=C56)CC(CCCCCCCC)CCCCCC)C7=CC=C(C)S7)F)=CC3=C8C9=CC=C(S9)[Si](CCC)(CCC)CCC)=C8O1||c12cc3c(cc1C(c1c2sc2c1sc(c2)/C=C\1/C(=C(C#N)C#N)c2c(C1=O)cccc2)(c1cccc(c1)CCCCCC)c1cc(ccc1)CCCCCC)c1c(C3(c2cc(ccc2)CCCCCC)c2cccc(c2)CCCCCC)c2c(s1)cc(s2)/C=C\1/C(=C(C#N)C#N)c2c(C1=O)cccc2,0d8f9d70c9b87f26f29ef30c4c4554b1070cfbc2c08022205ba2f0071089ceac,50864152acede518837f13b246d168a2c910162b60d24eaca8a12069a3584c43,15377f21be6699009a8c540b9c09dd1cfdf1a3ed2716225f43d0f0e9a8b06ddc,e84c33b223de2395d10a25d22347fd7da419d1e20a3688c0783eb715cebb9eee,37ba3f1b1d3dee011b6f8fbd07b1c00e3375ffe28bad8fb637b50cc7f25d714f,100,1071,247,220,0.6665935053758983,joint_inhouse_gao
246,10.899999618530272,9.331532997660116,-1.5684666208701543,1.5684666208701543,2.4600875407838405,14.389602529927815,in-house,279,FC1=C(F)C=C(N=C(OCC(CCCCCC)CCCCCCCC)C=N2)C2=C1C3=CC=CS3,c12cc3c(cc1C(c1c2sc2c1sc(c2)/C=C\1/C(=C(C#N)C#N)c2c(C1=O)cccc2)(c1ccc(cc1)CCCCCC)c1ccc(cc1)CCCCCC)c1c(C3(c2ccc(cc2)CCCCCC)c2ccc(cc2)CCCCCC)c2c(s1)cc(s2)/C=C\1/C(=C(C#N)C#N)c2c(C1=O)cccc2,10.9,FC1=C(F)C=C(N=C(OCC(CCCCCC)CCCCCCCC)C=N2)C2=C1C3=CC=CS3||c12cc3c(cc1C(c1c2sc2c1sc(c2)/C=C\1/C(=C(C#N)C#N)c2c(C1=O)cccc2)(c1ccc(cc1)CCCCCC)c1ccc(cc1)CCCCCC)c1c(C3(c2ccc(cc2)CCCCCC)c2ccc(cc2)CCCCCC)c2c(s1)cc(s2)/C=C\1/C(=C(C#N)C#N)c2c(C1=O)cccc2,6d0ebf843ec88894476605165efae2bf8fd910afe87a5868bc4b56e85a61a93d,202f8607af2cecb83e86b2e4305f8c7e2852bc709bb805b9055691d46a9081c5,436e11fbfda1c98836fffd1bd469b9e18621a2b1f4c7de24a1f3535f12f614f6,fbda6d7abeba047f6d6585035ef11daf705b48471d4daefa0a4f27634469a46e,d73e1324c23212066cdc562dc96e69fa561c13557f326464792b528783089070,307,1168,989,233,0.6064549757066022,joint_inhouse_gao
248,10.899999618530272,9.888012187315686,-1.0119874312145851,1.0119874312145851,1.024118560936295,9.284288684691155,in-house,281,CC1=CC=C(S1)C2=CC=C(C(F)=C2F)C3=CC=C(S3)C4=C(CC(CCCCCCCCCCCC)CCCCCCCCCC)C=C(C5=C(C(F)=C(C6=NN(N=C56)CCC)C7=CC(CC(CCCCCCCCCC)CCCCCCCCCCCC)=C(S7)C)F)S4,O=C(C1=CC=CC=C1C/2=C(C#N)\C#N)C2=C/C3=CC4=C(C(C(C5=CC=C(CCCCCC)S5)(C6=C7C=C8C(C9=CC=C(S9)CCCCCC)(C%10=CC=C(S%10)CCCCCC)C%11=C(SC%12=C%11SC(/C=C%13C(C%14=CC=CC=C%14C\%13=C(C#N)\C#N)=O)=C%12)C8=C6)C(S%15)=CC=C%15CCCCCC)=C7S4)S3,10.9,CC1=CC=C(S1)C2=CC=C(C(F)=C2F)C3=CC=C(S3)C4=C(CC(CCCCCCCCCCCC)CCCCCCCCCC)C=C(C5=C(C(F)=C(C6=NN(N=C56)CCC)C7=CC(CC(CCCCCCCCCC)CCCCCCCCCCCC)=C(S7)C)F)S4||O=C(C1=CC=CC=C1C/2=C(C#N)\C#N)C2=C/C3=CC4=C(C(C(C5=CC=C(CCCCCC)S5)(C6=C7C=C8C(C9=CC=C(S9)CCCCCC)(C%10=CC=C(S%10)CCCCCC)C%11=C(SC%12=C%11SC(/C=C%13C(C%14=CC=CC=C%14C\%13=C(C#N)\C#N)=O)=C%12)C8=C6)C(S%15)=CC=C%15CCCCCC)=C7S4)S3,50751842c150480647ffcd5d01de53f701ea69ffc6517212af47da055926937f,324d6e5b76a9400503a81056ec0f63ac76d712428565dd1fa4bf1871d8f66e0c,18027f042de9561d154d0315e0f739557f1e8f8d9451401ac526c09824fc49b7,6e69a8c468097df12200b242138ce140c55df710e51cea69a9209eaaf1f99751,a643800297199e84860b47c9e04d06a93b4e8ba98bfccf36d3c223c99dcd9966,113,534,765,235,0.577756618040335,joint_inhouse_gao
256,10.800000190734863,10.608588558612484,-0.1914116321223797,0.1914116321223797,0.0366384129117532,1.7723298957585998,in-house,291,O=C(C1=C(CCC(CCCC)CC)SC(CCC(CC)CCCC)=C1C2=O)C(C2=C(C3)C(C4)=CC=C4C5=CC6=C(C(C7=CC=C(CCC(CCCC)CC)S7)=C8C=CSC8=C6C9=CC=C(CCC(CCCC)CC)S9)S5)=C3C%10=CC=CS%10,CCCCCCC(C=C1)=CC=C1C2(C(C3=C(S4)C=C(S3)/C=C(C(C5=C6C=CC(OC)=C5)=O)\C6=C(C#N)\C#N)=C4C7=C2C=C(C8=C7)C9=C(C8(C%10=CC=C(C=C%10)CCCCCC)C%11=CC=C(C=C%11)CCCCCC)C%12=C(C=C(S%12)/C=C(/C(C%13=C%14C=C(OC)C=C%13)=C(C#N)\C#N)C%14=O)S9)C(C=C%15)=CC=C%15CCCCCC,10.8,O=C(C1=C(CCC(CCCC)CC)SC(CCC(CC)CCCC)=C1C2=O)C(C2=C(C3)C(C4)=CC=C4C5=CC6=C(C(C7=CC=C(CCC(CCCC)CC)S7)=C8C=CSC8=C6C9=CC=C(CCC(CCCC)CC)S9)S5)=C3C%10=CC=CS%10||CCCCCCC(C=C1)=CC=C1C2(C(C3=C(S4)C=C(S3)/C=C(C(C5=C6C=CC(OC)=C5)=O)\C6=C(C#N)\C#N)=C4C7=C2C=C(C8=C7)C9=C(C8(C%10=CC=C(C=C%10)CCCCCC)C%11=CC=C(C=C%11)CCCCCC)C%12=C(C=C(S%12)/C=C(/C(C%13=C%14C=C(OC)C=C%13)=C(C#N)\C#N)C%14=O)S9)C(C=C%15)=CC=C%15CCCCCC,6f31f3770fd225e382586e20513744e11a328b7cc74c758d48628417c600a02b,cef579d5a3f625a055384644babd4b0c76289952b588aa9e5beeb65e46f7d49d,5455708416b0ff94d0827355106fd9ec88944b03b88acb186b5c44bb2c713d60,683d41bfa0acf1b0c48b9da2f9e4edb2768144fe7a86764545aeb55230385051,5cb3b2a7dbb83bf6c90e658d387dbbaaf27a3464909f58b35d8d23f15ccbb86e,385,500,418,242,0.4626962911872256,joint_inhouse_gao
261,10.75,9.33913018443797,-1.4108698155620305,1.4108698155620305,1.9905536364640373,13.124370377321211,in-house,297,FC(C=C(C1=C2SC=CC2=C(C3=CC(F)=C(CC(CCCC)CC)S3)C4=C1C=C(C5=CC=C(C6=C(C(C(C7=C(CC(CCCC)CC)SC(CC(CC)CCCC)=C78)=O)=C(C9=CC=CC9)S6)C8=O)S5)S4)S%10)=C%10CC(CC)CCCC,c12cc3c(cc1C(c1c2sc2c1sc(c2)/C=C\1/C(=C(C#N)C#N)c2c(C1=O)cccc2)(c1ccc(cc1)CCCCCC)c1ccc(cc1)CCCCCC)c1c(C3(c2ccc(cc2)CCCCCC)c2ccc(cc2)CCCCCC)c2c(s1)cc(s2)/C=C\1/C(=C(C#N)C#N)c2c(C1=O)cccc2,10.75,FC(C=C(C1=C2SC=CC2=C(C3=CC(F)=C(CC(CCCC)CC)S3)C4=C1C=C(C5=CC=C(C6=C(C(C(C7=C(CC(CCCC)CC)SC(CC(CC)CCCC)=C78)=O)=C(C9=CC=CC9)S6)C8=O)S5)S4)S%10)=C%10CC(CC)CCCC||c12cc3c(cc1C(c1c2sc2c1sc(c2)/C=C\1/C(=C(C#N)C#N)c2c(C1=O)cccc2)(c1ccc(cc1)CCCCCC)c1ccc(cc1)CCCCCC)c1c(C3(c2ccc(cc2)CCCCCC)c2ccc(cc2)CCCCCC)c2c(s1)cc(s2)/C=C\1/C(=C(C#N)C#N)c2c(C1=O)cccc2,61eee9608e36bdb1d3a96a3ad1baa39916f3a546e29d11481966a5a2d3d30f3c,202f8607af2cecb83e86b2e4305f8c7e2852bc709bb805b9055691d46a9081c5,8af16a03f48a8c4c8f52818c45a57ec0b0cbb4df411ad7222f8321d1f2f73616,0962aa3d91cf78113a8cb42c57f61e270ac200523648dc5ccdfd9e770dd77be9,3fafb15a92d49a67bd284101d110488aaa47f9f31554ad9555fe6e58913352be,636,48,277,247,0.4926158485804311,joint_inhouse_gao
264,10.710000038146973,9.464315235024632,-1.2456848031223409,1.2456848031223409,1.551730628729945,11.631043871946307,in-house,300,O=C(C1=C(CCC(CCCC)CC)SC(CCC(CC)CCCC)=C1C2=O)C(C2=C(C3)C(C4)=CC=C4C5=CC6=C(C(C7=CC=C(CCC(CCCC)CC)S7)=C8C=CSC8=C6C9=CC=C(CCC(CCCC)CC)S9)S5)=C3C%10=CC=CS%10,O=C(C(C=CC(F)=C1)=C1C/2=C(C#N)/C#N)C2=C/C3=CC(N4CC(CCCCCC)CCCC)=C(S3)C5=C4C6=C(OCCCCCC)C(S7)=C(C(OCCCCCC)=C6S5)C8=C7C(S9)=C(N8CC(CCCC)CCCCCC)C=C9/C=C(C%10=O)/C(C%11=C%10C=CC(F)=C%11)=C(C#N)/C#N,10.71,O=C(C1=C(CCC(CCCC)CC)SC(CCC(CC)CCCC)=C1C2=O)C(C2=C(C3)C(C4)=CC=C4C5=CC6=C(C(C7=CC=C(CCC(CCCC)CC)S7)=C8C=CSC8=C6C9=CC=C(CCC(CCCC)CC)S9)S5)=C3C%10=CC=CS%10||O=C(C(C=CC(F)=C1)=C1C/2=C(C#N)/C#N)C2=C/C3=CC(N4CC(CCCCCC)CCCC)=C(S3)C5=C4C6=C(OCCCCCC)C(S7)=C(C(OCCCCCC)=C6S5)C8=C7C(S9)=C(N8CC(CCCC)CCCCCC)C=C9/C=C(C%10=O)/C(C%11=C%10C=CC(F)=C%11)=C(C#N)/C#N,6f31f3770fd225e382586e20513744e11a328b7cc74c758d48628417c600a02b,8f837c0afe21e5913faa47b34c5741192788ab04e6d1d3aedf36c8cbbe5eb9bb,2882d43ffee462e8a2b9e6c781d39c5ad2ace9985932a463c9ae0e15e1a22b5c,8ce3bd2a0bcb050db09b96deeed3393e8a53f1416412167690295739b62a424b,8b57d94c2d02826fb29a1187eaedecee84c1d8af49347096835faa027ab80528,174,660,630,250,0.4708726012216678,joint_inhouse_gao
273,10.600000381469728,11.443980868500056,0.8439804870303291,0.8439804870303291,0.7123030624879516,7.962079779786841,in-house,309,O=C(C1=C(CCC(CCCC)CC)SC(CCC(CC)CCCC)=C1C2=O)C(C2=C(C3)C(C4)=CC=C4C5=CC6=C(C(C7=CC=C(CCC(CCCC)CC)S7)=C8C=CSC8=C6C9=CC=C(CCC(CCCC)CC)S9)S5)=C3C%10=CC=CS%10,CCCCCCCCN1C2=C(SC(/C=C3/C(C4=CC(F)=C(C=C4C3=O)F)=C(C#N)\C#N)=C2)C5=C1C6=C(C5)C(C=C7C(C8=CC=C(OCCCCCC)C=C8)(C9=C(C7=C%10)SC%11=C9N(C%12=C%11SC(/C=C%13/C(C%14=CC(F)=C(C=C%14C%13=O)F)=C(C#N)\C#N)=C%12)CCCCCCCC)C(C=C%15)=CC=C%15OCCCCCC)=C%10C(C%16=CC=C(C=C%16)OCCCCCC)6C%17=CC=C(C=C%17)OCCCCCC,10.6,O=C(C1=C(CCC(CCCC)CC)SC(CCC(CC)CCCC)=C1C2=O)C(C2=C(C3)C(C4)=CC=C4C5=CC6=C(C(C7=CC=C(CCC(CCCC)CC)S7)=C8C=CSC8=C6C9=CC=C(CCC(CCCC)CC)S9)S5)=C3C%10=CC=CS%10||CCCCCCCCN1C2=C(SC(/C=C3/C(C4=CC(F)=C(C=C4C3=O)F)=C(C#N)\C#N)=C2)C5=C1C6=C(C5)C(C=C7C(C8=CC=C(OCCCCCC)C=C8)(C9=C(C7=C%10)SC%11=C9N(C%12=C%11SC(/C=C%13/C(C%14=CC(F)=C(C=C%14C%13=O)F)=C(C#N)\C#N)=C%12)CCCCCCCC)C(C=C%15)=CC=C%15OCCCCCC)=C%10C(C%16=CC=C(C=C%16)OCCCCCC)6C%17=CC=C(C=C%17)OCCCCCC,6f31f3770fd225e382586e20513744e11a328b7cc74c758d48628417c600a02b,895a03db15c0102b035952d812c25412f1297bdff15c8c6e43e1dc9dc38f7d04,ad059580ea04564bd871761a6378a14129102a51e904d858259faa177c96a80f,4cc98d36bbd72789eb7c377c7a6424a50252c37705e15cae3fa7ad3fb4a60374,e553ffde7e98eaedf496a015efb3450cf53a599a097b9d42e9b5e762ab315492,806,365,1064,259,0.4643766475204492,joint_inhouse_gao
277,10.59000015258789,10.046708475245108,-0.5432916773427827,0.5432916773427827,0.2951658466699343,5.130232951035586,in-house,313,CC(S1)=CC=C1C(C2=NN(CC(CCCCCCCC)CCCCCC)N=C32)=C(F)C(F)=C3C4=CC=C(C(S5)=CC(C5=C6C7=CC=C(SCC(CCCC)CCCCCC)S7)=C(C8=CC=C(SCC(CCCC)CCCCCC)S8)C9=C6C=C(C)S9)S4,O=C(C(C=CC=C1)=C1C/2=C(C#N)\C#N)C2=C\C3=CC(C(C4=CC=C(CCCCCC)C=C4)(C5=CC=C(CCCCCC)C=C5)C6=C7SC8=C6C(C9=CC=C(C=C9)SCC(CC)CCCC)=C%10SC(C%11=C(C%12(C%13=CC=C(CCCCCC)C=C%13)C%14=CC=C(CCCCCC)C=C%14)C=C(/C=C%15C(C(C=CC=C%16)=C%16C/%15=C(C#N)/C#N)=O)S%11)=C%12C%10=C8C%17=CC=C(C=C%17)SCC(CCCC)CC)=C7S3,10.59,CC(S1)=CC=C1C(C2=NN(CC(CCCCCCCC)CCCCCC)N=C32)=C(F)C(F)=C3C4=CC=C(C(S5)=CC(C5=C6C7=CC=C(SCC(CCCC)CCCCCC)S7)=C(C8=CC=C(SCC(CCCC)CCCCCC)S8)C9=C6C=C(C)S9)S4||O=C(C(C=CC=C1)=C1C/2=C(C#N)\C#N)C2=C\C3=CC(C(C4=CC=C(CCCCCC)C=C4)(C5=CC=C(CCCCCC)C=C5)C6=C7SC8=C6C(C9=CC=C(C=C9)SCC(CC)CCCC)=C%10SC(C%11=C(C%12(C%13=CC=C(CCCCCC)C=C%13)C%14=CC=C(CCCCCC)C=C%14)C=C(/C=C%15C(C(C=CC=C%16)=C%16C/%15=C(C#N)/C#N)=O)S%11)=C%12C%10=C8C%17=CC=C(C=C%17)SCC(CCCC)CC)=C7S3,40564853f4ed37b96eff95ced732e076e847dfc607b73dc305f6ef354c6ebb08,55167f572b713447105cc62fe0309a0802498aafaf2ea96ab4f52272135993f6,4232a232d090f4c4711fc85a11002af2a43ec6b7aa717e5efc3d6955fcce46be,51386846c57217836bd242229e81c52f763a045abb3ff63a1265905486152cea,14ad1cceb667ad1698ed3dca86910ba521a0f17837cdfded4a98a33a913587d9,301,391,93,262,0.5845330175838785,joint_inhouse_gao
278,10.59000015258789,12.17649254940524,1.5864923968173483,1.5864923968173483,2.516958125159255,14.981042247007482,in-house,314,O=C1C2=C(CC(CC)CCCC)SC(CC(CC)CCCC)=C2C(C3=C(C4=CC=C(C5=CC(C(C6=CC(F)=C(CC(CC)CCCC)S6)=C(SC=C7)C7=C8C9=CC(F)=C(CC(CC)CCCC)S9)=C8S5)S4)SC(C%10=CC=CS%10)=C31)=O,FC1=CC(C(/C2=C/C3=CC4=C(S3)C(C(C5=CC=C(CCCCCC)C=C5)(C6=CC=C(CCCCCC)C=C6)C(C7=C8C)=C9SC7=CC%10=C8SC%11=C%10[C@](C%12=CC=C(CCCCCC)C=C%12)(C%13=C%11SC%14=C%13SC(/C=C%15/C(C%16=C(C%15=O)C=C(F)C(F)=C%16)=C(C#N)\[N+]#[C-])=C%14)C)=C9S4)=C(C#N)/C#N)=C(C2=O)C=C1F,10.59,O=C1C2=C(CC(CC)CCCC)SC(CC(CC)CCCC)=C2C(C3=C(C4=CC=C(C5=CC(C(C6=CC(F)=C(CC(CC)CCCC)S6)=C(SC=C7)C7=C8C9=CC(F)=C(CC(CC)CCCC)S9)=C8S5)S4)SC(C%10=CC=CS%10)=C31)=O||FC1=CC(C(/C2=C/C3=CC4=C(S3)C(C(C5=CC=C(CCCCCC)C=C5)(C6=CC=C(CCCCCC)C=C6)C(C7=C8C)=C9SC7=CC%10=C8SC%11=C%10[C@](C%12=CC=C(CCCCCC)C=C%12)(C%13=C%11SC%14=C%13SC(/C=C%15/C(C%16=C(C%15=O)C=C(F)C(F)=C%16)=C(C#N)\[N+]#[C-])=C%14)C)=C9S4)=C(C#N)/C#N)=C(C2=O)C=C1F,65482d735aa1f382b817dd8d95b1689b39b0b3c26138949c2680844f1b1f5ea0,4308d92db22ef9cfde5e5c7cab34d0fc577526377cd2671c611dfa7006ccf340,0427c4cfc3ad5acee2ab8911df056159074867d63f07b767b2279ae1211489a3,2ef59b4bdf28ab180b359ff150b2dd8320a5d84b104d73930140c50adc9df7e3,c62667470252df6ffa674e937efeded1468ce28d04f37951c3ec96ef6049fce7,17,231,908,263,0.5852359091372745,joint_inhouse_gao
280,10.5600004196167,9.45127776117608,-1.1087226584406178,1.1087226584406178,1.2292659333396307,10.499267181666092,in-house,317,FC(C(F)=C(C1=NN(N=C21)CCC(CCCC)CCCCCC)C3=CC=C(S3)C)=C2C(S4)=CC=C4C5=CC(C(CCCC(CCCCCC)CCCC)=C6SC(C)=CC6=C7CCCC(CCCC)CCCCCC)=C7S5,O=C(C(C=C(F)C=C1)=C1C/2=C(C#N)\C#N)C2=C/C(S3)=CC4=C3C(C5(C6=CC=C(CCCCCC)C=C6)C7=CC=C(CCCCCC)C=C7)=C(S4)C8=C5C9=C(CCCCCC)C(S%10)=C(C(CCCCCC)=C9S8)C%11=C%10C(S%12)=C(C%11(C%13=CC=C(CCCCCC)C=C%13)C%14=CC=C(CCCCCC)C=C%14)C%15=C%12C=C(/C=C%16C(C(C=C(F)C=C%17)=C%17C\%16=C(C#N)/C#N)=O)S%15,10.56,FC(C(F)=C(C1=NN(N=C21)CCC(CCCC)CCCCCC)C3=CC=C(S3)C)=C2C(S4)=CC=C4C5=CC(C(CCCC(CCCCCC)CCCC)=C6SC(C)=CC6=C7CCCC(CCCC)CCCCCC)=C7S5||O=C(C(C=C(F)C=C1)=C1C/2=C(C#N)\C#N)C2=C/C(S3)=CC4=C3C(C5(C6=CC=C(CCCCCC)C=C6)C7=CC=C(CCCCCC)C=C7)=C(S4)C8=C5C9=C(CCCCCC)C(S%10)=C(C(CCCCCC)=C9S8)C%11=C%10C(S%12)=C(C%11(C%13=CC=C(CCCCCC)C=C%13)C%14=CC=C(CCCCCC)C=C%14)C%15=C%12C=C(/C=C%16C(C(C=C(F)C=C%17)=C%17C\%16=C(C#N)/C#N)=O)S%15,45e95ea37da5bc3e18f2c067cb95f73c851335176098d8fca22fcb29952b2779,584d18a54cda29e39584acace3dd42d114fb8e15e5ce0c6d6ef862c4824c0a5c,8acbefde3ccc413a2f9b5dd2454b313ea009563052da150bf371701b116fe40f,90ab22e3374b2fba6ce6b44bb659d949d1337b2f4446191e097ef4ca0d88075c,1327b5a3b4eeffce25d4cd14a0f14c892598159b3346a3bdbfab678ee91d356d,632,678,82,265,0.6322320663294829,joint_inhouse_gao
281,10.550000190734863,8.425609418661287,-2.1243907720735766,2.1243907720735766,4.513036152471367,20.13640505844959,in-house,318,FC1=C(C(OCC(CCCC)CC)=O)SC2=CSC(C3=CC4=C(C5=C(C(C6=CC=C(CC(CC)CCCC)S6)=C4S3)C=CS5)C7=CC=C(CC(CC)CCCC)S7)=C12,O=C(C1=CC=CC=C1C/2=C(C#N)/C#N)C2=C/C3=CC4=C(C5=C(C(C6=CC=C(C=C6)CCCCCC)4C7=CC=C(C=C7)CCCCCC)C8=C(S5)C(OCCCCCCCC)=C9C(C(C%10=CC=C(C=C%10)CCCCCC)(C%11=C%12SC(/C=C%13C(C%14=CC=CC=C%14C\%13=C(C#N)/C#N)=O)=C%11)C%15=CC=C(CCCCCC)C=C%15)=C%12SC9=C8OCCCCCCCC)S3,10.55,FC1=C(C(OCC(CCCC)CC)=O)SC2=CSC(C3=CC4=C(C5=C(C(C6=CC=C(CC(CC)CCCC)S6)=C4S3)C=CS5)C7=CC=C(CC(CC)CCCC)S7)=C12||O=C(C1=CC=CC=C1C/2=C(C#N)/C#N)C2=C/C3=CC4=C(C5=C(C(C6=CC=C(C=C6)CCCCCC)4C7=CC=C(C=C7)CCCCCC)C8=C(S5)C(OCCCCCCCC)=C9C(C(C%10=CC=C(C=C%10)CCCCCC)(C%11=C%12SC(/C=C%13C(C%14=CC=CC=C%14C\%13=C(C#N)/C#N)=O)=C%11)C%15=CC=C(CCCCCC)C=C%15)=C%12SC9=C8OCCCCCCCC)S3,2249a87c8fc0450476e55f070a85b71ffa6beb368356c28f1302bad8bac422cb,fd380d78f0752a1d8f5ee6cd01a65d144d410ba65f767cbf2ed76831ffc16b59,e4906c0223633cea19a24dc719d83569788227ce39b5306b08f21e4d767966a2,a8e9b4ddbe6a595e9de2129ee2f599dcae2af49c266af92bac8a0359d7528743,7ac8fdbf577b4ce0fda0a3d23fd3d696e874687c7e042a0bcd6e70131df2c336,1082,775,554,266,0.5791576474644571,joint_inhouse_gao
282,10.539999961853027,10.715319066944687,0.1753191050916616,0.1753191050916616,0.030736788610141,1.6633691245368745,in-house,320,O=C(C1=C(CC(CCCC)CC)SC(CC(CCCC)CC)=C12)C3=C(C4=CC=CS4)SC(C(S5)=CC=C5C6=CC7=C(C8=CC=C(CC(CCCC)CCCCCC)C=C8)C(SC=C9)=C9C(C%10=CC=C(CC(CCCCCC)CCCC)C=C%10)=C7S6)=C3C2=O,O=C1C(/C(C2=C1C=C(F)C=C2)=C(C#N)/C#N)=C\C3=CC4=C(S3)C(C(C5=CC=C(CCCCCC)C=C5)(C(C=C6C7=C8C9=C(C=C(S9)/C=C%10C(C(C=C(F)C=C%11)=C%11C\%10=C(C#N)\C#N)=O)S7)=C%12C=C6C8(C%13=CC=C(CCCCCC)C=C%13)C%14=CC=C(C=C%14)CCCCCC)C%15=CC=C(CCCCCC)C=C%15)=C%12S4,10.54,O=C(C1=C(CC(CCCC)CC)SC(CC(CCCC)CC)=C12)C3=C(C4=CC=CS4)SC(C(S5)=CC=C5C6=CC7=C(C8=CC=C(CC(CCCC)CCCCCC)C=C8)C(SC=C9)=C9C(C%10=CC=C(CC(CCCCCC)CCCC)C=C%10)=C7S6)=C3C2=O||O=C1C(/C(C2=C1C=C(F)C=C2)=C(C#N)/C#N)=C\C3=CC4=C(S3)C(C(C5=CC=C(CCCCCC)C=C5)(C(C=C6C7=C8C9=C(C=C(S9)/C=C%10C(C(C=C(F)C=C%11)=C%11C\%10=C(C#N)\C#N)=O)S7)=C%12C=C6C8(C%13=CC=C(CCCCCC)C=C%13)C%14=CC=C(C=C%14)CCCCCC)C%15=CC=C(CCCCCC)C=C%15)=C%12S4,826e531b71e4c0ef06b575364b50a339b3da70c19584a5cd5231c22bd6d85201,d9ce3028b8032645a15bd52f29a24add951be555bdcb6b242a5386de4a975e5c,10d3239d26b14aba615e7c92a86c77b340f64844896af328f18842a0769801ae,893f3083c9595a9f0da1e7e0f86fdedc6d6889d706194dc84a4d1064253228cc,728327f7fabc521faacd52afa4a14f65584865660130f547022298f0f32cf9bc,74,646,515,267,0.6073069229403423,joint_inhouse_gao
283,10.520000457763672,12.648932541951094,2.128932084187422,2.128932084187422,4.532351819082601,20.23699611739359,in-house,323,FC(C(F)=C(C1=NN(N=C21)CC(CCCCCC)CCCCCCCC)C3=CCC(C)S3)=C2C(S4)=CC=C4C(OC5=C(C6=C7OC(C)=C6)C8=CC(F)=C(CC(CC)CCCC)S8)=CC5=C7C9=CC(F)=C(S9)CC(CC)CCCC,O=C(C/1=C\C2=C(C3=C(S2)C(N4C5=CC=C(CCCCCC)C=C5)=C(C6=C4C7=C(C8=NSN=C68)C(SC9=C%10SC(/C=C%11C(C%12=CC(F)=C(C=C%12C\%11=C(C#N)/C#N)F)=O)=C9CCCCCCCCCCC)=C%10N7C%13=CC=C(CCCCCC)C=C%13)S3)CCCCCCCCCCC)C%14=CC(F)=C(F)C=C%14C1=C(C#N)/C#N,10.52,FC(C(F)=C(C1=NN(N=C21)CC(CCCCCC)CCCCCCCC)C3=CCC(C)S3)=C2C(S4)=CC=C4C(OC5=C(C6=C7OC(C)=C6)C8=CC(F)=C(CC(CC)CCCC)S8)=CC5=C7C9=CC(F)=C(S9)CC(CC)CCCC||O=C(C/1=C\C2=C(C3=C(S2)C(N4C5=CC=C(CCCCCC)C=C5)=C(C6=C4C7=C(C8=NSN=C68)C(SC9=C%10SC(/C=C%11C(C%12=CC(F)=C(C=C%12C\%11=C(C#N)/C#N)F)=O)=C9CCCCCCCCCCC)=C%10N7C%13=CC=C(CCCCCC)C=C%13)S3)CCCCCCCCCCC)C%14=CC(F)=C(F)C=C%14C1=C(C#N)/C#N,6cb9c2c24836a9542be1a9565ff1b1e3eef04b608c5a783188e9af85bef72b6f,3bc5e962960694d5a8c90d751d3f10c939059169c6882aed8bdcfb92d36d6776,97e82a2d2790878187d9411e370c49ca87fef5fcfa4a1036e0a7dddbf893333c,53bcc35b7187621dc5b91d0dda2fbd1193678e32ace398083fc632915a4e52a2,90d288a13f16ef91ab069d11125835bf04abfbbe871f7426b67fe6c3d67044cd,694,400,656,268,0.6994272575129749,joint_inhouse_gao
298,10.420000076293944,10.013035981961997,-0.406964094331947,0.406964094331947,0.1656197740754219,3.905605483226551,in-house,340,FC1=C(F)C=C(N=C(OCC(CCCCCC)CCCCCCCC)C=N2)C2=C1C3=CC=CS3,FC(C=C1C2=CC(C3(CC(CCCC)CC)CC(CCCC)CC)=C(S2)C(S4)=C3C=C4/C=C(C(C5=CC(Cl)=C(C=C56)Cl)=O)/C6=C(C#N)/C#N)=C(C=C1F)C7=CC8=C(C9=C(C8(CC(CCCC)CC)CC(CCCC)CC)C=C(/C=C%10C(C%11=CC(Cl)=C(C=C%11C\%10=C(C#N)\C#N)Cl)=O)S9)S7,10.42,FC1=C(F)C=C(N=C(OCC(CCCCCC)CCCCCCCC)C=N2)C2=C1C3=CC=CS3||FC(C=C1C2=CC(C3(CC(CCCC)CC)CC(CCCC)CC)=C(S2)C(S4)=C3C=C4/C=C(C(C5=CC(Cl)=C(C=C56)Cl)=O)/C6=C(C#N)/C#N)=C(C=C1F)C7=CC8=C(C9=C(C8(CC(CCCC)CC)CC(CCCC)CC)C=C(/C=C%10C(C%11=CC(Cl)=C(C=C%11C\%10=C(C#N)\C#N)Cl)=O)S9)S7,6d0ebf843ec88894476605165efae2bf8fd910afe87a5868bc4b56e85a61a93d,a7c4b5541b8a9fcdc451b3fdf50c088a6f31721140ab77690d39d1dcc9517b61,436f4cf797f6aea78a302e8ba7921e7dbfd166ac8af60adb5bed5c005999d50a,2d07d3bac87d3e601347ce0e76a94ce220455c02c840baab25d72b908ce77610,014d60ba993de23f70093e8c8a23617a32fc10e3031c0526016e9b9e66e83ce9,308,216,7,282,0.7438063305989567,joint_inhouse_gao
321,10.199999809265137,8.978049079970559,-1.2219507292945782,1.2219507292945782,1.4931635848235514,11.97990933474943,in-house,366,FC1=C(C(OCC(CCCC)CC)=O)SC2=CSC(C3=CC4=C(C5=C(C(C6=CC=C(CC(CC)CCCC)S6)=C4S3)C=CS5)C7=CC=C(CC(CC)CCCC)S7)=C12,O=C(C1=CC(F)=C(F)C=C1C/2=C(C#N)\C#N)C2=C/C3=CC(OCC(CC)CCCC)=C(C4=CC5=C(C6=CC7=C(C8=C(C7(C9=CC=C(C=C9)CCCCCC)C%10=CC=C(C=C%10)CCCCCC)C=C(C%11=C(OCC(CC)CCCC)C=C(/C=C%12C(C%13=CC(F)=C(F)C=C%13C\%12=C(C#N)\C#N)=O)S%11)S8)C=C6C5(C%14=CC=C(C=C%14)CCCCCC)C%15=CC=C(C=C%15)CCCCCC)S4)S3,10.2,FC1=C(C(OCC(CCCC)CC)=O)SC2=CSC(C3=CC4=C(C5=C(C(C6=CC=C(CC(CC)CCCC)S6)=C4S3)C=CS5)C7=CC=C(CC(CC)CCCC)S7)=C12||O=C(C1=CC(F)=C(F)C=C1C/2=C(C#N)\C#N)C2=C/C3=CC(OCC(CC)CCCC)=C(C4=CC5=C(C6=CC7=C(C8=C(C7(C9=CC=C(C=C9)CCCCCC)C%10=CC=C(C=C%10)CCCCCC)C=C(C%11=C(OCC(CC)CCCC)C=C(/C=C%12C(C%13=CC(F)=C(F)C=C%13C\%12=C(C#N)\C#N)=O)S%11)S8)C=C6C5(C%14=CC=C(C=C%14)CCCCCC)C%15=CC=C(C=C%15)CCCCCC)S4)S3,2249a87c8fc0450476e55f070a85b71ffa6beb368356c28f1302bad8bac422cb,0a6189846e89cf828a3f20d50d9d712b7538b2d40776aced38f06bfa2a63caa3,ef2a3f1a57f973a4decc367338259a9f1c7a8e9b3698a6d541b94658513eb148,4b210cb77cd34f5fab88cccba999c877ae7d5c71a1d7c666ac12384dbcff512f,e0f78589b4d54979baeeca807f6bdd933cf7e233ad32b8a64ed9dfd7905fbe2c,1126,358,1044,94,0.5001476791534122,joint_inhouse_gao
322,10.199999809265137,8.01647126792681,-2.183528541338326,2.183528541338326,4.767796890839078,21.407142962443245,in-house,367,FC1=C(C(OCC(CCCC)CC)=O)SC2=CSC(C3=CC4=C(C5=C(C(C6=CC=C(CC(CC)CCCC)S6)=C4S3)C=CS5)C7=CC=C(CC(CC)CCCC)S7)=C12,O=C(C1=CC(F)=C(C=C1C/2=C(C#N)\C#N)F)C2=C/C3=CC(OCC(CCCC)CC)=C(C4=CC5=C(C6=C(C5(CC(CCCC)CC)CC(CC)CCCC)C=C(C7=C(CC(CCCC)CC)C=C(/C=C8C(C9=CC(F)=C(C=C9C\8=C(C#N)\C#N)F)=O)S7)S6)S4)S3,10.2,FC1=C(C(OCC(CCCC)CC)=O)SC2=CSC(C3=CC4=C(C5=C(C(C6=CC=C(CC(CC)CCCC)S6)=C4S3)C=CS5)C7=CC=C(CC(CC)CCCC)S7)=C12||O=C(C1=CC(F)=C(C=C1C/2=C(C#N)\C#N)F)C2=C/C3=CC(OCC(CCCC)CC)=C(C4=CC5=C(C6=C(C5(CC(CCCC)CC)CC(CC)CCCC)C=C(C7=C(CC(CCCC)CC)C=C(/C=C8C(C9=CC(F)=C(C=C9C\8=C(C#N)\C#N)F)=O)S7)S6)S4)S3,2249a87c8fc0450476e55f070a85b71ffa6beb368356c28f1302bad8bac422cb,d9c2b5ccfd17eed0deee5be55d6b3126d6cbab3cb2b09cb5a3cf0d98e3ef3d77,b951484443bf29d963d0c35dae303b30a799cd9920974826a95b55832f1c4a0f,11e7a45e1d39a135c23c494a97f1684a92fd78e8592b365dfc8bbefeab614c90,f86ebbaccebdc9533596b5dd95fad5e4321aa94e026b926f33939bcedff7cfb3,874,87,1161,305,0.5487598586846029,joint_inhouse_gao
325,10.199999809265137,10.625114591995088,0.4251147827299508,0.4251147827299508,0.1807225784955333,4.167792065484151,in-house,371,O=C(C1=C(CCC(CCCC)CC)SC(CCC(CC)CCCC)=C1C2=O)C(C2=C(C3)C(C4)=CC=C4C5=CC6=C(C(C7=CC=C(CCC(CCCC)CC)S7)=C8C=CSC8=C6C9=CC=C(CCC(CCCC)CC)S9)S5)=C3C%10=CC=CS%10,O=C(C1=C(C=C(Cl)C(Cl)=C1)C/2=C(C#N)\C#N)C2=C/C3=CC(C4(CC(CC)CCCC)CC(CC)CCCC)=C(S3)C(S5)=C4C=C5C(C6=NSN=C76)=CC=C7C8=CC9=C(C%10=C(C9(CC(CCC)CCCC)CC(CC)CCCC)C=C(/C=C%11C(C%12=C(C=C(Cl)C(Cl)=C%12)C\%11=C(C#N)\C#N)=O)S%10)S8,10.2,O=C(C1=C(CCC(CCCC)CC)SC(CCC(CC)CCCC)=C1C2=O)C(C2=C(C3)C(C4)=CC=C4C5=CC6=C(C(C7=CC=C(CCC(CCCC)CC)S7)=C8C=CSC8=C6C9=CC=C(CCC(CCCC)CC)S9)S5)=C3C%10=CC=CS%10||O=C(C1=C(C=C(Cl)C(Cl)=C1)C/2=C(C#N)\C#N)C2=C/C3=CC(C4(CC(CC)CCCC)CC(CC)CCCC)=C(S3)C(S5)=C4C=C5C(C6=NSN=C76)=CC=C7C8=CC9=C(C%10=C(C9(CC(CCC)CCCC)CC(CC)CCCC)C=C(/C=C%11C(C%12=C(C=C(Cl)C(Cl)=C%12)C\%11=C(C#N)\C#N)=O)S%10)S8,6f31f3770fd225e382586e20513744e11a328b7cc74c758d48628417c600a02b,ecca12b886f1a6da9f22f23a538d8d63f4f5a3848ccea19d72d59ddb82a5e598,9ea2f56ba25d4dd613e4b5ddc6efbf1bcb998cd69102911469a23e2724d9baab,4a7741c5c7336610a6d22311ef9a970b689e5a97b35d47ea11296ca96b08ee1c,a12225afb720d4ce6c87acb4d4060cb620a8e6a8c2f2345c7162795b9ca98b82,724,353,735,308,0.4663142747591431,joint_inhouse_gao
329,10.170000076293944,10.729088330032802,0.5590882537388584,0.5590882537388584,0.3125796754687661,5.4974262492099815,in-house,375,O=C(C1=C(CC(CCCC)CC)SC(CC(CCCC)CC)=C12)C3=C(C4=CC=CS4)SC(C(S5)=CC=C5C6=CC7=C(C8=CC=C(CC(CCCC)CCCCCC)C=C8)C(SC=C9)=C9C(C%10=CC=C(CC(CCCCCC)CCCC)C=C%10)=C7S6)=C3C2=O,O=C(C1=C(C=C(F)C=C1)C/2=C(C#N)\C#N)C2=C/C3=CC(C4(C5=CC=C(C=C5)CCCCCC)C(C=C6)=CC=C6CCCCCC)=C(C(C=C7C8(C9=CC=C(CCCCCC)C=C9)C%10=CC=C(CCCCCC)C=C%10)=C4C=C7C%11=C8C%12=C(C=C(/C=C%13/C(C%14=C(C%13=O)C=C(C=C%14)F)=C(C#N)/C#N)S%12)S%11)S3,10.17,O=C(C1=C(CC(CCCC)CC)SC(CC(CCCC)CC)=C12)C3=C(C4=CC=CS4)SC(C(S5)=CC=C5C6=CC7=C(C8=CC=C(CC(CCCC)CCCCCC)C=C8)C(SC=C9)=C9C(C%10=CC=C(CC(CCCCCC)CCCC)C=C%10)=C7S6)=C3C2=O||O=C(C1=C(C=C(F)C=C1)C/2=C(C#N)\C#N)C2=C/C3=CC(C4(C5=CC=C(C=C5)CCCCCC)C(C=C6)=CC=C6CCCCCC)=C(C(C=C7C8(C9=CC=C(CCCCCC)C=C9)C%10=CC=C(CCCCCC)C=C%10)=C4C=C7C%11=C8C%12=C(C=C(/C=C%13/C(C%14=C(C%13=O)C=C(C=C%14)F)=C(C#N)/C#N)S%12)S%11)S3,826e531b71e4c0ef06b575364b50a339b3da70c19584a5cd5231c22bd6d85201,84f3f51739087118e5b0854d9bcc923d53c7a278c9af3962449e061c9400137d,32174e92dc4cda3937fdcdce2d736b440079b15e7db5440596c9a59eaa0b5896,9facf3cd6b66958a3145fe98f129ef96243befa7a1d93ec83cf2f3501d8d2098,1a6b687557c6cee758ab9e01f3be944c99ce169399816ba2c3c8bd09f54329ab,223,746,113,312,0.6877829673295064,joint_inhouse_gao
330,10.149999618530272,7.080554060416646,-3.069445558113625,3.069445558113625,9.421496034223466,30.240844073628487,in-house,376,FC1=C(C(OCC(CCCC)CC)=O)SC2=CSC(C3=CC4=C(C5=C(C(C6=CC=C(CC(CC)CCCC)S6)=C4S3)C=CS5)C7=CC=C(CC(CC)CCCC)S7)=C12,c1c(c2c(c(c1)c1ccc3c(c1)C(c1c3c3c(c4c1c1c(C4(CCCC)CCCC)cc(cc1)c1ccc(c4c1nsn4)/C=c/1\sc(=C(C#N)C#N)n(c1=O)CC)c1c(C3(CCCC)CCCC)cc(cc1)c1ccc(c3c1nsn3)/C=c/1\sc(=C(C#N)C#N)n(c1=O)CC)(CCCC)CCCC)nsn2)/C=c/1\sc(=C(C#N)C#N)n(c1=O)CC,10.15,FC1=C(C(OCC(CCCC)CC)=O)SC2=CSC(C3=CC4=C(C5=C(C(C6=CC=C(CC(CC)CCCC)S6)=C4S3)C=CS5)C7=CC=C(CC(CC)CCCC)S7)=C12||c1c(c2c(c(c1)c1ccc3c(c1)C(c1c3c3c(c4c1c1c(C4(CCCC)CCCC)cc(cc1)c1ccc(c4c1nsn4)/C=c/1\sc(=C(C#N)C#N)n(c1=O)CC)c1c(C3(CCCC)CCCC)cc(cc1)c1ccc(c3c1nsn3)/C=c/1\sc(=C(C#N)C#N)n(c1=O)CC)(CCCC)CCCC)nsn2)/C=c/1\sc(=C(C#N)C#N)n(c1=O)CC,2249a87c8fc0450476e55f070a85b71ffa6beb368356c28f1302bad8bac422cb,a222cc557aecf625c4e545abe4e40ffb0793f72ebace37d4abe040cc1b9df824,1b658d46b79618f53e3cbce363e33f2470b1bd03d77df460de71e8e1ca5be3b2,21ca568fe29ad99369f07c6a3c73f7894f9f2e7e9e86badc0871e5ee24dbc7a5,5ab220271ca0dd30f5d901679d180914cb38eec749f4087eb876f7cb165e0568,132,159,405,313,0.564829078051024,joint_inhouse_gao
331,10.140000343322754,10.75310792073165,0.6131075774088952,0.6131075774088952,0.3759009014762044,6.0464256079895495,in-house,377,CC(S1)=CC=C1C(C2=NN(CC(CCCCCCCC)CCCCCC)N=C32)=C(F)C(F)=C3C4=CC=C(C(S5)=CC(C5=C6C7=CC=C(SCC(CCCC)CCCCCC)S7)=C(C8=CC=C(SCC(CCCC)CCCCCC)S8)C9=C6C=C(C)S9)S4,O=C(C(C=C(C=CC=C1)C1=C2)=C2C/3=C(C#N)\C#N)C3=C\C4=CC(C(C5=CC=C(CCCCCC)C=C5)(C6=CC=C(CCCCCC)C=C6)C7=C8SC9=C7C(C%10=CC=C(C=C%10)SCC(CC)CCCC)=C%11SC(C%12=C(C%13(C%14=CC=C(CCCCCC)C=C%14)C%15=CC=C(CCCCCC)C=C%15)C=C(/C=C%16C(C(C=C(C=CC=C%17)C%17=C%18)=C%18C/%16=C(C#N)/C#N)=O)S%12)=C%13C%11=C9C%19=CC=C(C=C%19)SCC(CCCC)CC)=C8S4,10.14,CC(S1)=CC=C1C(C2=NN(CC(CCCCCCCC)CCCCCC)N=C32)=C(F)C(F)=C3C4=CC=C(C(S5)=CC(C5=C6C7=CC=C(SCC(CCCC)CCCCCC)S7)=C(C8=CC=C(SCC(CCCC)CCCCCC)S8)C9=C6C=C(C)S9)S4||O=C(C(C=C(C=CC=C1)C1=C2)=C2C/3=C(C#N)\C#N)C3=C\C4=CC(C(C5=CC=C(CCCCCC)C=C5)(C6=CC=C(CCCCCC)C=C6)C7=C8SC9=C7C(C%10=CC=C(C=C%10)SCC(CC)CCCC)=C%11SC(C%12=C(C%13(C%14=CC=C(CCCCCC)C=C%14)C%15=CC=C(CCCCCC)C=C%15)C=C(/C=C%16C(C(C=C(C=CC=C%17)C%17=C%18)=C%18C/%16=C(C#N)/C#N)=O)S%12)=C%13C%11=C9C%19=CC=C(C=C%19)SCC(CCCC)CC)=C8S4,40564853f4ed37b96eff95ced732e076e847dfc607b73dc305f6ef354c6ebb08,5355c1397adf88c9e98719700f7ae56ff1b9e7f058930fcba5d25282ad610a02,e0b23e2a8142bc099fab8dd867ec7f633d4ab38ef89108783798cae8683f3a09,ca5d8225d48aad368c1eb98824268903a2907aba82bf374af403059538d70559,5bb234916040e175988f44378b07eb5ebc08191441e24d061ef551422abd53ca,1067,930,411,314,0.5296537776405145,joint_inhouse_gao
343,10.039999961853027,10.019407376204386,-0.0205925856486413,0.0205925856486413,0.0004240545836966,0.2051054355267212,in-house,395,O=C(C1=C(CCC(CCCC)CC)SC(CCC(CC)CCCC)=C1C2=O)C(C2=C(C3)C(C4)=CC=C4C5=CC6=C(C(C7=CC=C(CCC(CCCC)CC)S7)=C8C=CSC8=C6C9=CC=C(CCC(CCCC)CC)S9)S5)=C3C%10=CC=CS%10,[H]C1=CC2=C(C(/C(C2=O)=C/C3=C(C(OC)=C(C4=CC(SC5=C6C(C7=CC=C(C=C7)CCCCCC)(C8=C5C=C(C9=C8)C(C(C=C%10)=CC=C%10CCCCCC)(C%11=CC=C(CCCCCC)C=C%11)C%12=C9SC%13=C%12SC(C%14=C(OC)C(OC)=C(/C=C%15/C(C(C=C(F)C([H])=C%16)=C%16C%15=O)=C(C#N)/C#N)S%14)=C%13)C%17=CC=C(CCCCCC)C=C%17)=C6S4)S3)OC)=C(C#N)\C#N)C=C1F,10.04,O=C(C1=C(CCC(CCCC)CC)SC(CCC(CC)CCCC)=C1C2=O)C(C2=C(C3)C(C4)=CC=C4C5=CC6=C(C(C7=CC=C(CCC(CCCC)CC)S7)=C8C=CSC8=C6C9=CC=C(CCC(CCCC)CC)S9)S5)=C3C%10=CC=CS%10||[H]C1=CC2=C(C(/C(C2=O)=C/C3=C(C(OC)=C(C4=CC(SC5=C6C(C7=CC=C(C=C7)CCCCCC)(C8=C5C=C(C9=C8)C(C(C=C%10)=CC=C%10CCCCCC)(C%11=CC=C(CCCCCC)C=C%11)C%12=C9SC%13=C%12SC(C%14=C(OC)C(OC)=C(/C=C%15/C(C(C=C(F)C([H])=C%16)=C%16C%15=O)=C(C#N)/C#N)S%14)=C%13)C%17=CC=C(CCCCCC)C=C%17)=C6S4)S3)OC)=C(C#N)\C#N)C=C1F,6f31f3770fd225e382586e20513744e11a328b7cc74c758d48628417c600a02b,8e8b8df49425a0dc8d48da06efefee519a5ea106dda60c521e7847648020877d,6a0343389e99de53a3a7c7928d6c1ed1af8d3b6b5c5d41b273b708a9a7db3273,aea954a03bd4d813863126b56d3033b3628a43a893fd9670e07e84c1a422ae10,b6bf21a17f4b775dd158cc958aab2240b54a5b344ea02e7252cc84497f218ed8,481,796,844,324,0.5188058370822526,joint_inhouse_gao
347,9.9399995803833,13.036384223711371,3.096384643328072,3.096384643328072,9.587597859437912,31.15075225394196,in-house,399,CC(S1)=CC=C1C2=C3C(C(C4=C(SC(CC(CC)CCCC)=C4C3=O)CC(CCCC)CC)=O)=C(S2)C(S5)=CC=C5C6=CC7=C(C8=CC(Cl)=C(CCCCCC[H])C8)C9=C(C=C(S9)C)C(C%10=CC(Cl)=C(CCCCCC[H])C%10)=C7S6,O=C(C/1=C\C2=C(C3=C(S2)C(N4C5=CC=C(CCCCCC)C=C5)=C(C6=C4C7=C(C8=NSN=C68)C(SC9=C%10SC(/C=C%11C(C%12=CC(F)=C(C=C%12C\%11=C(C#N)/C#N)F)=O)=C9CCCCCCCCCCC)=C%10N7C%13=CC=C(CCCCCC)C=C%13)S3)CCCCCCCCCCC)C%14=CC(F)=C(F)C=C%14C1=C(C#N)/C#N,9.94,CC(S1)=CC=C1C2=C3C(C(C4=C(SC(CC(CC)CCCC)=C4C3=O)CC(CCCC)CC)=O)=C(S2)C(S5)=CC=C5C6=CC7=C(C8=CC(Cl)=C(CCCCCC[H])C8)C9=C(C=C(S9)C)C(C%10=CC(Cl)=C(CCCCCC[H])C%10)=C7S6||O=C(C/1=C\C2=C(C3=C(S2)C(N4C5=CC=C(CCCCCC)C=C5)=C(C6=C4C7=C(C8=NSN=C68)C(SC9=C%10SC(/C=C%11C(C%12=CC(F)=C(C=C%12C\%11=C(C#N)/C#N)F)=O)=C9CCCCCCCCCCC)=C%10N7C%13=CC=C(CCCCCC)C=C%13)S3)CCCCCCCCCCC)C%14=CC(F)=C(F)C=C%14C1=C(C#N)/C#N,8b29d3d5301cf2d653354de8d3aaa7257489649af4af132858ce9d7190182aeb,3bc5e962960694d5a8c90d751d3f10c939059169c6882aed8bdcfb92d36d6776,c48c419210053590d16cf032d67cc029a35dd4ddb24f9adfadc92310e088c79f,811678e23af12f80039d8229d64bf8022abeb598750df9184c79a248775fcc55,ec64b345b9ec85a4351c21d81febc659c063b55dd4fe2a684e02c6f3640199ce,943,616,1108,328,0.6956177590970124,joint_inhouse_gao
351,9.890000343322754,10.936633855989664,1.0466335126669095,1.0466335126669095,1.0954417098374742,10.58274495787602,in-house,404,O=C1C2=C(CC(CC)CCCC)SC(CC(CC)CCCC)=C2C(C3=C(C4=CC=C(C5=CC(C(C6=CC(F)=C(CC(CC)CCCC)S6)=C(SC=C7)C7=C8C9=CC(F)=C(CC(CC)CCCC)S9)=C8S5)S4)SC(C%10=CC=CS%10)=C31)=O,O=C(C1=C(C=C(F)C(F)=C1)C/2=C(C#N)\C#N)C2=C/C3=CC(C4(C5=CC=C(C=C5)CCCCCC)C6=CC=C(CCCCCC)C=C6)=C(C7=C4C=C(C8=NN=C(C9=CC%10=C(C%11=C(C%10(C%12=CC=C(CCCCCC)C=C%12)C%13=CC=C(CCCCCC)C=C%13)C=C(/C=C%14C(C%15=C(C=C(F)C(F)=C%15)C\%14=C(C#N)\C#N)=O)S%11)S9)C=C8)S7)S3,9.89,O=C1C2=C(CC(CC)CCCC)SC(CC(CC)CCCC)=C2C(C3=C(C4=CC=C(C5=CC(C(C6=CC(F)=C(CC(CC)CCCC)S6)=C(SC=C7)C7=C8C9=CC(F)=C(CC(CC)CCCC)S9)=C8S5)S4)SC(C%10=CC=CS%10)=C31)=O||O=C(C1=C(C=C(F)C(F)=C1)C/2=C(C#N)\C#N)C2=C/C3=CC(C4(C5=CC=C(C=C5)CCCCCC)C6=CC=C(CCCCCC)C=C6)=C(C7=C4C=C(C8=NN=C(C9=CC%10=C(C%11=C(C%10(C%12=CC=C(CCCCCC)C=C%12)C%13=CC=C(CCCCCC)C=C%13)C=C(/C=C%14C(C%15=C(C=C(F)C(F)=C%15)C\%14=C(C#N)\C#N)=O)S%11)S9)C=C8)S7)S3,65482d735aa1f382b817dd8d95b1689b39b0b3c26138949c2680844f1b1f5ea0,0509823377c044dfdeb3a7341d3f4d67a53be90d34debbf3ee442b2c796a54df,b68d9ea913e0b34a919171631ee50ffc5fa3179d5f0aa1da0be872609b241c5b,caa77e2a286e28ba18687851eac35988c661663c808e9742cf72c7375b07ecc3,6e0439d2a2337d36b8376d41179a4191513782263e9b76b53492db1c39d74c6a,860,932,498,332,0.55006293293101,joint_inhouse_gao
355,9.81999969482422,8.549393984350827,-1.2706057104733937,1.2706057104733937,1.6144388714875977,12.938958757229754,in-house,409,FC1=C(C(OCC(CCCC)CC)=O)SC2=CSC(C3=CC4=C(C5=C(C(C6=CC=C(CC(CC)CCCC)S6)=C4S3)C=CS5)C7=CC=C(CC(CC)CCCC)S7)=C12,FC1=C(C(OC(CC)CCCCC)=O)SC2=C(/C=C3C(C4=C(C=C(C([H])=C4)[H])C\3=C(C#N)\C#N)=O)SC(C5=CC6=C(S5)C7=C(C=C(C(C8(C9C=CC(CCCCCC)=CC9)C%10=CC=C(C=C%10)CCCCCC)=C7)C%11=C8C=C(S%11)C%12=C%13C(SC(C(OC(CC)CCCCC)=O)=C%13F)=C(S%12)/C=C%14C(C%15=C(C=C(C([H])=C%15)[H])C\%14=C(C#N)\C#N)=O)C6(C%16=CC=C(C=C%16)CCCCCC)C%17=CC=C(C=C%17)CCCCCC)=C12,9.82,FC1=C(C(OCC(CCCC)CC)=O)SC2=CSC(C3=CC4=C(C5=C(C(C6=CC=C(CC(CC)CCCC)S6)=C4S3)C=CS5)C7=CC=C(CC(CC)CCCC)S7)=C12||FC1=C(C(OC(CC)CCCCC)=O)SC2=C(/C=C3C(C4=C(C=C(C([H])=C4)[H])C\3=C(C#N)\C#N)=O)SC(C5=CC6=C(S5)C7=C(C=C(C(C8(C9C=CC(CCCCCC)=CC9)C%10=CC=C(C=C%10)CCCCCC)=C7)C%11=C8C=C(S%11)C%12=C%13C(SC(C(OC(CC)CCCCC)=O)=C%13F)=C(S%12)/C=C%14C(C%15=C(C=C(C([H])=C%15)[H])C\%14=C(C#N)\C#N)=O)C6(C%16=CC=C(C=C%16)CCCCCC)C%17=CC=C(C=C%17)CCCCCC)=C12,2249a87c8fc0450476e55f070a85b71ffa6beb368356c28f1302bad8bac422cb,744f630a6b1d67c8823d0029f233a6ce86135152a2212d9930127e19d63dba24,4daa3ade6ee136d252538f249b0ced2190bfbb8431fba32469414b1a660e954e,302822de49a917335c3fc17f164bad1feae02f67857b28c113a5d7bcd23b4b62,a7e7f2b387d877bf3390c236768d6503c8c84e31fe28c9cde39c31aff89dde2d,358,239,774,336,0.5069090324684921,joint_inhouse_gao
357,9.8100004196167,10.390449410617942,0.5804489910012425,0.5804489910012425,0.3369210311543604,5.916910970162038,in-house,411,O=C(C1=C(CCC(CCCC)CC)SC(CCC(CC)CCCC)=C1C2=O)C(C2=C(C3)C(C4)=CC=C4C5=CC6=C(C(C7=CC=C(CCC(CCCC)CC)S7)=C8C=CSC8=C6C9=CC=C(CCC(CCCC)CC)S9)S5)=C3C%10=CC=CS%10,CCC(CCCC)CN1C2=C(C=C(C(C3=CC=C(CCCCCC)C=C3)(C4=CC=C(CCCCCC)C=C4)C5=C6SC7=C5SC(/C=C8C(C(C=C(F)C(F)=C9)=C9C\8=C(C#N)\C#N)=O)=C7)C6=C2)C%10=C1C=C(C%11=C%12C%13=C(C=C(S%13)/C=C%14C(C%15=CC([F])=C(C=C%15C\%14=C(C#N)/C#N)[F])=O)S%11)C(C%12(C%16=CC=C(CCCCCC)C=C%16)C%17CC=C(C=C%17)CCCCCC)=C%10,9.81,O=C(C1=C(CCC(CCCC)CC)SC(CCC(CC)CCCC)=C1C2=O)C(C2=C(C3)C(C4)=CC=C4C5=CC6=C(C(C7=CC=C(CCC(CCCC)CC)S7)=C8C=CSC8=C6C9=CC=C(CCC(CCCC)CC)S9)S5)=C3C%10=CC=CS%10||CCC(CCCC)CN1C2=C(C=C(C(C3=CC=C(CCCCCC)C=C3)(C4=CC=C(CCCCCC)C=C4)C5=C6SC7=C5SC(/C=C8C(C(C=C(F)C(F)=C9)=C9C\8=C(C#N)\C#N)=O)=C7)C6=C2)C%10=C1C=C(C%11=C%12C%13=C(C=C(S%13)/C=C%14C(C%15=CC([F])=C(C=C%15C\%14=C(C#N)/C#N)[F])=O)S%11)C(C%12(C%16=CC=C(CCCCCC)C=C%16)C%17CC=C(C=C%17)CCCCCC)=C%10,6f31f3770fd225e382586e20513744e11a328b7cc74c758d48628417c600a02b,1eb9f9285acab9c61692d63082d3e5a2593a76024732c9b378f06d67375c43b9,3fe92d112a611a08998f0c87b08d8654568a32a8f6b6adee31c2584071bff4b6,5b160aa4d10c7b9f6d80c00759a811399989723116109b2a75452ffab71f79e1,67e55f4582cccd1c7663564817fe2bf7051b9a1585a38c7afb89facd0e25190e,287,427,469,338,0.5702715436169817,joint_inhouse_gao
366,9.65999984741211,9.366580859269249,-0.2934189881428626,0.2934189881428626,0.0860947026027813,3.037463693350563,in-house,422,O=C(C1=C(CCC(CCCC)CC)SC(CCC(CC)CCCC)=C1C2=O)C(C2=C(C3)C(C4)=CC=C4C5=CC6=C(C(C7=CC=C(CCC(CCCC)CC)S7)=C8C=CSC8=C6C9=CC=C(CCC(CCCC)CC)S9)S5)=C3C%10=CC=CS%10,O=C(C(C=C(C([H])=C1)[H])=C1C/2=C(C#N)/C#N)C2=C/C3=CC4=C(S3)C5=CC6=C(C=C5C4(C7=CC=C(CC(CCCCCC)CCCC)C=C7)C8=CC=C(CC(CCCCCC)CCCC)C=C8)C9=C(C=C%10C%11=C(C=C(S%11)/C=C%12C(C(C=C(C([H])=C%13)[H])=C%13C\%12=C(C#N)/C#N)=O)C(C%14=CC=C(CC(CCCCCC)CCCC)C=C%14)(C%15=CC=C(CC(CCCCCC)CCCC)C=C%15)C%10=C9)S6,9.66,O=C(C1=C(CCC(CCCC)CC)SC(CCC(CC)CCCC)=C1C2=O)C(C2=C(C3)C(C4)=CC=C4C5=CC6=C(C(C7=CC=C(CCC(CCCC)CC)S7)=C8C=CSC8=C6C9=CC=C(CCC(CCCC)CC)S9)S5)=C3C%10=CC=CS%10||O=C(C(C=C(C([H])=C1)[H])=C1C/2=C(C#N)/C#N)C2=C/C3=CC4=C(S3)C5=CC6=C(C=C5C4(C7=CC=C(CC(CCCCCC)CCCC)C=C7)C8=CC=C(CC(CCCCCC)CCCC)C=C8)C9=C(C=C%10C%11=C(C=C(S%11)/C=C%12C(C(C=C(C([H])=C%13)[H])=C%13C\%12=C(C#N)/C#N)=O)C(C%14=CC=C(CC(CCCCCC)CCCC)C=C%14)(C%15=CC=C(CC(CCCCCC)CCCC)C=C%15)C%10=C9)S6,6f31f3770fd225e382586e20513744e11a328b7cc74c758d48628417c600a02b,092342653c7c402f736b06267a57d0031fed8a2f4b6dfe78262b24d53542d9cd,c115145a5dd809b6e291ae7b1f8f7b4d60d223502bbde92646ae2dd9d5e6c001,0500e04d8b09feaba4b6bf5afbe808317a6a7c72cd6ce41ffd751cb070f7cb11,ebd73288a2130b150b77999ad8eac536c584ecaa641afcdafe817dd0104f4f54,918,26,1103,345,0.4871671190164379,joint_inhouse_gao
367,9.649999618530272,10.185404598122776,0.5354049795925047,0.5354049795925047,0.2866584921724503,5.548238349817145,in-house,423,O=C(C1=C(CCC(CCCC)CC)SC(CCC(CC)CCCC)=C1C2=O)C(C2=C(C3)C(C4)=CC=C4C5=CC6=C(C(C7=CC=C(CCC(CCCC)CC)S7)=C8C=CSC8=C6C9=CC=C(CCC(CCCC)CC)S9)S5)=C3C%10=CC=CS%10,O=C(C1=C(C=C(F)C(F)=C1)C/2=C(C#N)\C#N)C2=C/C3=CC(C4(CCCCCCCC)CCCCCCCC)=C(S3)C(S5)=C4C=C5C(C6=NSN=C6C(C7=CC8=C(C9=C(C8(CCCCCCCC)CCCCCCCC)C=C(/C=C%10C(C(C=C(F)C(F)=C%11)=C%11C\%10=C(C#N)\C#N)=O)S9)S7)=C%12OCCCCCCCC)=C%12OCCCCCCCC,9.65,O=C(C1=C(CCC(CCCC)CC)SC(CCC(CC)CCCC)=C1C2=O)C(C2=C(C3)C(C4)=CC=C4C5=CC6=C(C(C7=CC=C(CCC(CCCC)CC)S7)=C8C=CSC8=C6C9=CC=C(CCC(CCCC)CC)S9)S5)=C3C%10=CC=CS%10||O=C(C1=C(C=C(F)C(F)=C1)C/2=C(C#N)\C#N)C2=C/C3=CC(C4(CCCCCCCC)CCCCCCCC)=C(S3)C(S5)=C4C=C5C(C6=NSN=C6C(C7=CC8=C(C9=C(C8(CCCCCCCC)CCCCCCCC)C=C(/C=C%10C(C(C=C(F)C(F)=C%11)=C%11C\%10=C(C#N)\C#N)=O)S9)S7)=C%12OCCCCCCCC)=C%12OCCCCCCCC,6f31f3770fd225e382586e20513744e11a328b7cc74c758d48628417c600a02b,adce1fc2db641b8974b4737ceaced735c05096d3b0f34b221ed0f035a931dd69,59c5226269c3a50c8f1ab8b2a71a8d94a6334cce6a480e20f416828db85bc2d4,7f1b4d5ca76ab711d0a399cfefd3b8bb95050fe37ad47523dcf028b249c0cb23,6f97d5da5212ebe46ae09053c53d75092a70b5906ea91a27ebd61035d6bb4a5b,408,606,505,346,0.4710551655844823,joint_inhouse_gao
371,9.600000381469728,11.407753141799777,1.8077527603300467,1.8077527603300467,3.2679700424809037,18.83075717183759,in-house,427,O=C(C1=C(CCC(CCCC)CC)SC(CCC(CC)CCCC)=C1C2=O)C(C2=C(C3)C(C4)=CC=C4C5=CC6=C(C(C7=CC=C(CCC(CCCC)CC)S7)=C8C=CSC8=C6C9=CC=C(CCC(CCCC)CC)S9)S5)=C3C%10=CC=CS%10,O=C(C(C=C(C(Cl)=C1)Cl)=C1C/2=C(C#N)\C#N)C2=C/C3=CC4=C(C(C5(C(C=C6)=CC=C6CCCCCC)C7=CC=C(C=C7)CCCCCC)=C(C(C=C8C9(C%10=CC=C(C=C%10)CCCCCC)C%11=CC=C(C=C%11)CCCCCC)=C5C=C8C%12=C9C%13=C(C=C(S%13)/C=C%14C(C(C=C(C(Cl)=C%15)Cl)=C%15C\%14=C(C#N)\C#N)=O)S%12)S4)S3,9.6,O=C(C1=C(CCC(CCCC)CC)SC(CCC(CC)CCCC)=C1C2=O)C(C2=C(C3)C(C4)=CC=C4C5=CC6=C(C(C7=CC=C(CCC(CCCC)CC)S7)=C8C=CSC8=C6C9=CC=C(CCC(CCCC)CC)S9)S5)=C3C%10=CC=CS%10||O=C(C(C=C(C(Cl)=C1)Cl)=C1C/2=C(C#N)\C#N)C2=C/C3=CC4=C(C(C5(C(C=C6)=CC=C6CCCCCC)C7=CC=C(C=C7)CCCCCC)=C(C(C=C8C9(C%10=CC=C(C=C%10)CCCCCC)C%11=CC=C(C=C%11)CCCCCC)=C5C=C8C%12=C9C%13=C(C=C(S%13)/C=C%14C(C(C=C(C(Cl)=C%15)Cl)=C%15C\%14=C(C#N)\C#N)=O)S%12)S4)S3,6f31f3770fd225e382586e20513744e11a328b7cc74c758d48628417c600a02b,dcf842694d53827077961931c0e460a45a792bc12c0b37ed12451efc871162d4,b905cfd92074c07c944339d53966cdc74f3cd82c0a9e32230e5522c66c258a83,4675368c6d9329a9277293b1a9c6acf0f8dc3baa1865a1957efaff572da376c0,a64b3c6ec8d1f6d06e97dd89d532530c42662656baef0fb31543407ece71a689,871,339,766,350,0.4109410231576965,joint_inhouse_gao
372,9.600000381469728,11.797520713050767,2.197520331581039,2.197520331581039,4.82909560771204,22.890835877702397,in-house,428,O=C1C2=C(CC(CC)CCCC)SC(CC(CC)CCCC)=C2C(C3=C(C4=CC=C(C5=CC(C(C6=CC(F)=C(CC(CC)CCCC)S6)=C(SC=C7)C7=C8C9=CC(F)=C(CC(CC)CCCC)S9)=C8S5)S4)SC(C%10=CC=CS%10)=C31)=O,CCCCCCC(C=C1)=CC=C1C2(C3=C(C4=C2C(C=C([Se]C5=C6C(C7=CC=C(C=C7)CCCCCC)(C8=C5SC(/C=C9/C(C%10=CC(Br)=C(Br)C=C%10C9=O)=C(C#N)/C#N)=C8)C%11=CC=C(C=C%11)CCCCCC)C6=C%12)=C%12[Se]4)SC(/C=C%13C(C%14=CC(Br)=C(Br)C=C%14C/%13=C(C#N)/C#N)=O)=C3)C(C=C%15)=CC=C%15CCCCCC,9.6,O=C1C2=C(CC(CC)CCCC)SC(CC(CC)CCCC)=C2C(C3=C(C4=CC=C(C5=CC(C(C6=CC(F)=C(CC(CC)CCCC)S6)=C(SC=C7)C7=C8C9=CC(F)=C(CC(CC)CCCC)S9)=C8S5)S4)SC(C%10=CC=CS%10)=C31)=O||CCCCCCC(C=C1)=CC=C1C2(C3=C(C4=C2C(C=C([Se]C5=C6C(C7=CC=C(C=C7)CCCCCC)(C8=C5SC(/C=C9/C(C%10=CC(Br)=C(Br)C=C%10C9=O)=C(C#N)/C#N)=C8)C%11=CC=C(C=C%11)CCCCCC)C6=C%12)=C%12[Se]4)SC(/C=C%13C(C%14=CC(Br)=C(Br)C=C%14C/%13=C(C#N)/C#N)=O)=C3)C(C=C%15)=CC=C%15CCCCCC,65482d735aa1f382b817dd8d95b1689b39b0b3c26138949c2680844f1b1f5ea0,bb569252532d4c713b2f1d1e0bcedb68756a561ae5b7ec548e66afb1fd977a92,be0c0845f16e2c84d12562fd6db09b203ca5aa0599ebe2bd5776128965d954f4,915277fb1cb55f92def01bf09936f2c25b968facc044e4741d2896273b615306,ba565292e3edbe32133690523c0f5172f71ba81257f02c3c81295ec669a704b9,904,680,864,351,0.5628185699328562,joint_inhouse_gao
378,9.550000190734863,11.40889881625034,1.858898625515476,1.858898625515476,3.455504099943325,19.46490668470275,in-house,435,O=C(C1=C(CCC(CCCC)CC)SC(CCC(CC)CCCC)=C1C2=O)C(C2=C(C3)C(C4)=CC=C4C5=CC6=C(C(C7=CC=C(CCC(CCCC)CC)S7)=C8C=CSC8=C6C9=CC=C(CCC(CCCC)CC)S9)S5)=C3C%10=CC=CS%10,O=C(C(C=CC(C)=C1)=C1C/2=C(C#N)\C#N)C2=C/C3=CC4=C(C(C5(C(C=C6)=CC=C6CCCCCC)C7=CC=C(C=C7)CCCCCC)=C(C(C=C8C9(C%10=CC=C(C=C%10)CCCCCC)C%11=CC=C(C=C%11)CCCCCC)=C5C=C8C%12=C9C%13=C(C=C(S%13)/C=C%14C(C(C=CC(C)=C%15)=C%15C\%14=C(C#N)\C#N)=O)S%12)S4)S3,9.55,O=C(C1=C(CCC(CCCC)CC)SC(CCC(CC)CCCC)=C1C2=O)C(C2=C(C3)C(C4)=CC=C4C5=CC6=C(C(C7=CC=C(CCC(CCCC)CC)S7)=C8C=CSC8=C6C9=CC=C(CCC(CCCC)CC)S9)S5)=C3C%10=CC=CS%10||O=C(C(C=CC(C)=C1)=C1C/2=C(C#N)\C#N)C2=C/C3=CC4=C(C(C5(C(C=C6)=CC=C6CCCCCC)C7=CC=C(C=C7)CCCCCC)=C(C(C=C8C9(C%10=CC=C(C=C%10)CCCCCC)C%11=CC=C(C=C%11)CCCCCC)=C5C=C8C%12=C9C%13=C(C=C(S%13)/C=C%14C(C(C=CC(C)=C%15)=C%15C\%14=C(C#N)\C#N)=O)S%12)S4)S3,6f31f3770fd225e382586e20513744e11a328b7cc74c758d48628417c600a02b,cde7b4c6e67e08b94794272f876a911efd95a80db6963e3814f33de0c9b21cdb,a0e072be53d08a6994145fca2f517fe867bb0a4cf036501fe153cf62dfc715bc,ec52bacb6177305ea5d3bf5ab7785eee8fcce9679fb4cae1472862462b9c21f5,2f500362a69e12a018090e2fb19135297b9b5b2acb6f49c30136f698cda74011,744,1093,213,357,0.5016582649958607,joint_inhouse_gao
381,9.539999961853027,9.45127776117608,-0.0887222006769459,0.0887222006769459,0.0078716288929602,0.9300021072506662,in-house,438,FC(C(F)=C(C1=NN(N=C21)CCC(CCCC)CCCCCC)C3=CC=C(S3)C)=C2C(S4)=CC=C4C5=CC(C(CCCC(CCCCCC)CCCC)=C6SC(C)=CC6=C7CCCC(CCCC)CCCCCC)=C7S5,O=C(C(C=C(F)C=C1)=C1C/2=C(C#N)\C#N)C2=C/C(S3)=CC4=C3C(C5(C6=CC=C(CCCCCC)C=C6)C7=CC=C(CCCCCC)C=C7)=C(S4)C8=C5C9=C(CCCCCCCCCCCC)C(S%10)=C(C(CCCCCCCCCCCC)=C9S8)C%11=C%10C(S%12)=C(C%11(C%13=CC=C(CCCCCC)C=C%13)C%14=CC=C(CCCCCC)C=C%14)C%15=C%12C=C(/C=C%16C(C(C=C(F)C=C%17)=C%17C\%16=C(C#N)/C#N)=O)S%15,9.54,FC(C(F)=C(C1=NN(N=C21)CCC(CCCC)CCCCCC)C3=CC=C(S3)C)=C2C(S4)=CC=C4C5=CC(C(CCCC(CCCCCC)CCCC)=C6SC(C)=CC6=C7CCCC(CCCC)CCCCCC)=C7S5||O=C(C(C=C(F)C=C1)=C1C/2=C(C#N)\C#N)C2=C/C(S3)=CC4=C3C(C5(C6=CC=C(CCCCCC)C=C6)C7=CC=C(CCCCCC)C=C7)=C(S4)C8=C5C9=C(CCCCCCCCCCCC)C(S%10)=C(C(CCCCCCCCCCCC)=C9S8)C%11=C%10C(S%12)=C(C%11(C%13=CC=C(CCCCCC)C=C%13)C%14=CC=C(CCCCCC)C=C%14)C%15=C%12C=C(/C=C%16C(C(C=C(F)C=C%17)=C%17C\%16=C(C#N)/C#N)=O)S%15,45e95ea37da5bc3e18f2c067cb95f73c851335176098d8fca22fcb29952b2779,584d18a54cda29e39584acace3dd42d114fb8e15e5ce0c6d6ef862c4824c0a5c,8acbefde3ccc413a2f9b5dd2454b313ea009563052da150bf371701b116fe40f,90ab22e3374b2fba6ce6b44bb659d949d1337b2f4446191e097ef4ca0d88075c,1327b5a3b4eeffce25d4cd14a0f14c892598159b3346a3bdbfab678ee91d356d,632,678,82,265,0.6322320663294829,joint_inhouse_gao
382,9.520000457763672,9.696024564233158,0.1760241064694856,0.1760241064694856,0.0309844860583808,1.8489926261078689,in-house,439,FC(C(F)=C(C1=NN(N=C21)CCC(CCCC)CCCCCC)C3=CC=C(S3)C)=C2C(S4)=CC=C4C5=CC(C(CCCC(CCCCCC)CCCC)=C6SC(C)=CC6=C7CCCC(CCCC)CCCCCC)=C7S5,O=C(C(C=C(F)C=C1)=C1C/2=C(C#N)\C#N)C2=C/C(S3)=CC4=C3C(C5(C6=CC=C(CCCCCC)C=C6)C7=CC=C(CCCCCC)C=C7)=C(S4)C8=C5C9=C(C)C(S%10)=C(C(C)=C9S8)C%11=C%10C(S%12)=C(C%11(C%13=CC=C(CCCCCC)C=C%13)C%14=CC=C(CCCCCC)C=C%14)C%15=C%12C=C(/C=C%16C(C(C=C(F)C=C%17)=C%17C\%16=C(C#N)/C#N)=O)S%15,9.52,FC(C(F)=C(C1=NN(N=C21)CCC(CCCC)CCCCCC)C3=CC=C(S3)C)=C2C(S4)=CC=C4C5=CC(C(CCCC(CCCCCC)CCCC)=C6SC(C)=CC6=C7CCCC(CCCC)CCCCCC)=C7S5||O=C(C(C=C(F)C=C1)=C1C/2=C(C#N)\C#N)C2=C/C(S3)=CC4=C3C(C5(C6=CC=C(CCCCCC)C=C6)C7=CC=C(CCCCCC)C=C7)=C(S4)C8=C5C9=C(C)C(S%10)=C(C(C)=C9S8)C%11=C%10C(S%12)=C(C%11(C%13=CC=C(CCCCCC)C=C%13)C%14=CC=C(CCCCCC)C=C%14)C%15=C%12C=C(/C=C%16C(C(C=C(F)C=C%17)=C%17C\%16=C(C#N)/C#N)=O)S%15,45e95ea37da5bc3e18f2c067cb95f73c851335176098d8fca22fcb29952b2779,42725007662ea87d0f202b8705aebecabb60efac20730af20b536334f23baebc,e18842cbf68bea59292f6d00902138a649eda0c590e6b554a41789944a8283d6,320e1676045ad9ef2ed1318e191007bc8558258a594ccd1b12de01164318c8de,ab1a8498878c93d8c7475f2fa0515a60bbf24092473889805ca91653d0008296,1069,256,789,360,0.599842803201985,joint_inhouse_gao
383,9.510000228881836,8.502188356796113,-1.007811872085723,1.007811872085723,1.0156847695169298,10.597390618614307,in-house,440,O=C(C1=C(CCC(CCCC)CC)SC(CCC(CC)CCCC)=C1C2=O)C(C2=C(C3)C(C4)=CC=C4C5=CC6=C(C(C7=CC=C(CCC(CCCC)CC)S7)=C8C=CSC8=C6C9=CC=C(CCC(CCCC)CC)S9)S5)=C3C%10=CC=CS%10,O=C(C1=CSC=C1C/2=C(C#N)\C#N)C2=C/C3=CSC(C4=CC5=C(C(C=C6C(C7=CC=C(C=C7)CCCCCC)(C8=CC=C(C=C8)CCCCCC)C9=C(SC(C%10=C(OCCCCCCCC)C(/C=C%11C(C%12=CSC=C%12C\%11=C(C#N)\C#N)=O)=CS%10)=C9)C6=C%13)=C%13C5(C(C=C%14)=CC=C%14CCCCCC)C(C=C%15)=CC=C%15CCCCCC)S4)=C3OCCCCCCCC,9.51,O=C(C1=C(CCC(CCCC)CC)SC(CCC(CC)CCCC)=C1C2=O)C(C2=C(C3)C(C4)=CC=C4C5=CC6=C(C(C7=CC=C(CCC(CCCC)CC)S7)=C8C=CSC8=C6C9=CC=C(CCC(CCCC)CC)S9)S5)=C3C%10=CC=CS%10||O=C(C1=CSC=C1C/2=C(C#N)\C#N)C2=C/C3=CSC(C4=CC5=C(C(C=C6C(C7=CC=C(C=C7)CCCCCC)(C8=CC=C(C=C8)CCCCCC)C9=C(SC(C%10=C(OCCCCCCCC)C(/C=C%11C(C%12=CSC=C%12C\%11=C(C#N)\C#N)=O)=CS%10)=C9)C6=C%13)=C%13C5(C(C=C%14)=CC=C%14CCCCCC)C(C=C%15)=CC=C%15CCCCCC)S4)=C3OCCCCCCCC,6f31f3770fd225e382586e20513744e11a328b7cc74c758d48628417c600a02b,4ad1ac36aa75eed78d5df97d867564fa1a85a158e9e971b8382bc18ee822b001,93a7f30eb7183865a398a9759b5973f4207c30790491116a1e6cbb5e8ff5918d,2598bc4ac20e8f43765a93b335f9ce43d372cd901f03b69b8c6eebdfb37e9209,730a8e3b3de7001f6da81c28c2b30217015965ce49cb641d69fa814d0c08f2a6,674,182,518,361,0.4655612446691577,joint_inhouse_gao
393,9.390000343322754,9.253077275682204,-0.1369230676405504,0.1369230676405504,0.0187479264520987,1.4581795807698412,in-house,455,O=C(C1=C(CCC(CCCC)CC)SC(CCC(CC)CCCC)=C1C2=O)C(C2=C(C3)C(C4)=CC=C4C5=CC6=C(C(C7=CC=C(CCC(CCCC)CC)S7)=C8C=CSC8=C6C9=CC=C(CCC(CCCC)CC)S9)S5)=C3C%10=CC=CS%10,O=C(C1=CC(C)=CC=C1C/2=C(C#N)/C#N)C2=C/C3=CC(CC(CCCCCCCC)(CCCCCCCC)C4=CC(C5=C(OC6(CCCCCCCC)CCCCCCCC)C=C(/C=C7C(C8=CC(C)=CC=C8C\7=C(C#N)/C#N)=O)S5)=C6C=C94)=C9S3,9.39,O=C(C1=C(CCC(CCCC)CC)SC(CCC(CC)CCCC)=C1C2=O)C(C2=C(C3)C(C4)=CC=C4C5=CC6=C(C(C7=CC=C(CCC(CCCC)CC)S7)=C8C=CSC8=C6C9=CC=C(CCC(CCCC)CC)S9)S5)=C3C%10=CC=CS%10||O=C(C1=CC(C)=CC=C1C/2=C(C#N)/C#N)C2=C/C3=CC(CC(CCCCCCCC)(CCCCCCCC)C4=CC(C5=C(OC6(CCCCCCCC)CCCCCCCC)C=C(/C=C7C(C8=CC(C)=CC=C8C\7=C(C#N)/C#N)=O)S5)=C6C=C94)=C9S3,6f31f3770fd225e382586e20513744e11a328b7cc74c758d48628417c600a02b,f2c79108b32662224666d12d2fc8d6c3f2d2944685f476890bd4487116dce41f,b48a7e4f71a332e5857966941c4685e353acd4f82808d655f3bc6c11a1bf9594,8d6bb5de0cfa38c56dd1f8992d07c32e7552d873fe095b758e76367d1af18885,b96cef5541aea8ecbff56dfbc5825a56ab5af19c4d49e03c49cd13393117d5ed,842,663,859,371,0.50135150449112,joint_inhouse_gao
403,9.300000190734863,6.639230529860694,-2.660769660874169,2.660769660874169,7.07969518822844,28.61042587423777,in-house,465,FC(C(F)=C(C1=N2)C3=CC=C(S3)C4=CC5=C(C6=C(C(C7=CC(Cl)=C(S7)CC(CCCC)CC)=C5S4)C=C(C)S6)C8=CC(Cl)=C(S8)CC(CCCC)CC)=C(C9=CC=C(C)S9)C1=NN2CCC(CCCCCC)CCCCCCCC,c1(cc2c(cc1F)C(=O)/C(=C\c1cc3c(s1)c1c(s3)c3c(C1(c1ccc(cc1)CCCCCC)c1ccc(cc1)CCCCCC)cc1c(c3)C(c3c1sc1c3sc(c1)/C=C/1\C(=O)c3c(C1=C(C#N)C#N)cc(c(c3)F)F)(c1ccc(cc1)CCCCCC)c1ccc(cc1)CCCCCC)/C2=C(C#N)C#N)F,9.3,FC(C(F)=C(C1=N2)C3=CC=C(S3)C4=CC5=C(C6=C(C(C7=CC(Cl)=C(S7)CC(CCCC)CC)=C5S4)C=C(C)S6)C8=CC(Cl)=C(S8)CC(CCCC)CC)=C(C9=CC=C(C)S9)C1=NN2CCC(CCCCCC)CCCCCCCC||c1(cc2c(cc1F)C(=O)/C(=C\c1cc3c(s1)c1c(s3)c3c(C1(c1ccc(cc1)CCCCCC)c1ccc(cc1)CCCCCC)cc1c(c3)C(c3c1sc1c3sc(c1)/C=C/1\C(=O)c3c(C1=C(C#N)C#N)cc(c(c3)F)F)(c1ccc(cc1)CCCCCC)c1ccc(cc1)CCCCCC)/C2=C(C#N)C#N)F,b24b4e9aa4a16946a0c7c88634b4e17dcd8edc4c5829fff92fa8d0153f9bda5f,69e17d1724b4236f68d0c6efb6ad16969f13f8980d301d0056747038b20f0c8d,28b55f5b9f85e9c457287eafcce22d5755dbbc6d3f6b8927bf44384b8f6fd36f,ecc17bfcc47bd3721f3f4df6b8e0ab02efd80bdc3d7e6cb188e9d92d7079ff63,21dbce05cc4c37297a77239175630beee17579749b12c60d59373610bafa1107,175,1095,138,144,1.7476595194995006,joint_inhouse_gao
406,9.300000190734863,11.559542401002185,2.259542210267321,2.259542210267321,5.105530999979733,24.296152300280525,in-house,468,O=C(C1=C(CCC(CCCC)CC)SC(CCC(CC)CCCC)=C1C2=O)C(C2=C(C3)C(C4)=CC=C4C5=CC6=C(C(C7=CC=C(CCC(CCCC)CC)S7)=C8C=CSC8=C6C9=CC=C(CCC(CCCC)CC)S9)S5)=C3C%10=CC=CS%10,ClC(C(Cl)=C1)=CC2=C1C(/C(C2=O)=C/C(S3)=CC4=C3C(C(C5=CC=C(CCCCCC)C=C5)(C6=CC=C(CCCCCC)C=C6)C7=C8C=C9C(C(SC%10=C%11SC%12=C%10C(C%13=CC=C(CCCCCC)C=C%13)(C%14=CC=C(CCCCCC)C=C%14)C%15=C%12C=C%16C(C(SC%17=C%18SC(/C=C%19C(C(C=C(Cl)C(Cl)=C%20)=C%20C\%19=C(C#N)\C#N)=O)=C%17)=C%18C%16(C%21=CC=C(CCCCCC)C=C%21)C%22=CC=C(CCCCCC)C=C%22)=C%15)=C%11C9(C%23=CC=C(CCCCCC)C=C%23)C%24=CC=C(CCCCCC)C=C%24)=C7)=C8S4)=C(C#N)/C#N,9.3,O=C(C1=C(CCC(CCCC)CC)SC(CCC(CC)CCCC)=C1C2=O)C(C2=C(C3)C(C4)=CC=C4C5=CC6=C(C(C7=CC=C(CCC(CCCC)CC)S7)=C8C=CSC8=C6C9=CC=C(CCC(CCCC)CC)S9)S5)=C3C%10=CC=CS%10||ClC(C(Cl)=C1)=CC2=C1C(/C(C2=O)=C/C(S3)=CC4=C3C(C(C5=CC=C(CCCCCC)C=C5)(C6=CC=C(CCCCCC)C=C6)C7=C8C=C9C(C(SC%10=C%11SC%12=C%10C(C%13=CC=C(CCCCCC)C=C%13)(C%14=CC=C(CCCCCC)C=C%14)C%15=C%12C=C%16C(C(SC%17=C%18SC(/C=C%19C(C(C=C(Cl)C(Cl)=C%20)=C%20C\%19=C(C#N)\C#N)=O)=C%17)=C%18C%16(C%21=CC=C(CCCCCC)C=C%21)C%22=CC=C(CCCCCC)C=C%22)=C%15)=C%11C9(C%23=CC=C(CCCCCC)C=C%23)C%24=CC=C(CCCCCC)C=C%24)=C7)=C8S4)=C(C#N)/C#N,6f31f3770fd225e382586e20513744e11a328b7cc74c758d48628417c600a02b,5198039f6ab01650dcfec979ad640aed885437d4772f7461b636c35320a72f75,da9075fe03b6cb4fa556ed9b28ce145ee1e443111f434f611643350490605b8c,0abd52263025c6bbc2886684544aa3ccc19adb746091bef06006d37d888a5510,382b8cea53881bc44b0afaa9db675cf8d818e2339462605dc780d148baeda323,1035,56,249,382,0.4259823058044675,joint_inhouse_gao
407,9.289999961853027,7.622584215485223,-1.667415746367804,1.667415746367804,2.7802752712353014,17.948501111029213,in-house,469,O=C(C1=C(CCC(CCCC)CC)SC(CCC(CC)CCCC)=C1C2=O)C(C2=C(C3)C(C4)=CC=C4C5=CC6=C(C(C7=CC=C(CCC(CCCC)CC)S7)=C8C=CSC8=C6C9=CC=C(CCC(CCCC)CC)S9)S5)=C3C%10=CC=CS%10,O=C(/C(S/1)=C/C(C2=NSN=C32)=CC=C3C4=CC(SC5=C6C(C(C=C7)=CC=C7CCCCCC)(C(C=C8)=CC=C8CCCCCC)C(C5=C9)=CC%10=C9C(C%11=CC=C(CCCCCC)C=C%11)(C%12=CC=C(C=C%12)CCCCCC)C%13=C%10SC%14=C%13SC(C(C%15=NSN=C%16%15)=CC=C%16/C=C(C%17=O)\S/C(N%17CCCCCCCC)=C(C#N)/C#N)=C%14)=C6S4)N(CCCCCCCC)C1=C(C#N)\C#N,9.29,O=C(C1=C(CCC(CCCC)CC)SC(CCC(CC)CCCC)=C1C2=O)C(C2=C(C3)C(C4)=CC=C4C5=CC6=C(C(C7=CC=C(CCC(CCCC)CC)S7)=C8C=CSC8=C6C9=CC=C(CCC(CCCC)CC)S9)S5)=C3C%10=CC=CS%10||O=C(/C(S/1)=C/C(C2=NSN=C32)=CC=C3C4=CC(SC5=C6C(C(C=C7)=CC=C7CCCCCC)(C(C=C8)=CC=C8CCCCCC)C(C5=C9)=CC%10=C9C(C%11=CC=C(CCCCCC)C=C%11)(C%12=CC=C(C=C%12)CCCCCC)C%13=C%10SC%14=C%13SC(C(C%15=NSN=C%16%15)=CC=C%16/C=C(C%17=O)\S/C(N%17CCCCCCCC)=C(C#N)/C#N)=C%14)=C6S4)N(CCCCCCCC)C1=C(C#N)\C#N,6f31f3770fd225e382586e20513744e11a328b7cc74c758d48628417c600a02b,4da3cebe78c96a8bee5c1562cc09c06cd7e893c3670f05122be6e03840af6f22,a0acdf2ad7f0ed4bd72ea71895835293921b6c20e616e90ab1254463481ade12,15cf52e456acacfb4c3bd7ac271e1814fb18dac5b89c80a3cc74fd56dad955d2,97e001f840015da66161c01434b73a15bfcaef6ae9dba5491141af98822635a4,741,109,686,383,0.4896201442447727,joint_inhouse_gao
408,9.279999732971191,10.509171778612798,1.2291720456416062,1.2291720456416062,1.5108639177867709,13.245388803993643,in-house,470,O=C(C1=C(CCC(CCCC)CC)SC(CCC(CC)CCCC)=C1C2=O)C(C2=C(C3)C(C4)=CC=C4C5=CC6=C(C(C7=CC=C(CCC(CCCC)CC)S7)=C8C=CSC8=C6C9=CC=C(CCC(CCCC)CC)S9)S5)=C3C%10=CC=CS%10,[Cl]C1=CC2=C(C(/C(C2=O)=C/C3=CC4=C(C5=C(C4(CCCCCC)CCCCCC)C=C(C6=CC7=C(C8=C(C7(CCCCCC)CCCCCC)C=C(/C=C9C(C(C=C(C([Cl])=C%10)[Cl])=C%10C\9=C(C#N)\C#N)=O)S8)S6)S5)S3)=C(C#N)\C#N)C=C1[Cl],9.28,O=C(C1=C(CCC(CCCC)CC)SC(CCC(CC)CCCC)=C1C2=O)C(C2=C(C3)C(C4)=CC=C4C5=CC6=C(C(C7=CC=C(CCC(CCCC)CC)S7)=C8C=CSC8=C6C9=CC=C(CCC(CCCC)CC)S9)S5)=C3C%10=CC=CS%10||[Cl]C1=CC2=C(C(/C(C2=O)=C/C3=CC4=C(C5=C(C4(CCCCCC)CCCCCC)C=C(C6=CC7=C(C8=C(C7(CCCCCC)CCCCCC)C=C(/C=C9C(C(C=C(C([Cl])=C%10)[Cl])=C%10C\9=C(C#N)\C#N)=O)S8)S6)S5)S3)=C(C#N)\C#N)C=C1[Cl],6f31f3770fd225e382586e20513744e11a328b7cc74c758d48628417c600a02b,0c8045910c9e63c0e2e8d25416bf345455591b92eb3e7d39a417a9ce95c446b5,99757bf996986e13a26d894e44298501e7061782316d565521034e950fff88dd,7d7fea9769a3c9b91f68a5ad6073cb3098e24242ae875791295c38bdc546d9f5,521b69f9f3632a132b9162fd3fcfbd8d559f1d756be10534e5ad427c9055beb1,703,599,368,384,0.5383516483346595,joint_inhouse_gao
411,9.25,7.86747410273788,-1.38252589726212,1.38252589726212,1.9113778566004296,14.946225916347242,in-house,474,[H]C1=C(SC(CC(CC)CCCC)=C1[Cl])C(C2=C3SC(C)=C2)=C4SC(C5=CC=C(S5)C6=C(C(F)=C(C7=NN(N=C67)CC(CCCCCCCC)CCCCCC)C8=CC=C(C)S8)F)=CC4=C3C9=C([H])C([Cl])=C(CC(CCCC)CC)S9,c1(cc2c(cc1F)C(=O)/C(=C\c1cc3c(s1)c1c(s3)c3c(C1(c1ccc(cc1)CCCCCC)c1ccc(cc1)CCCCCC)cc1c(c3)C(c3c1sc1c3sc(c1)/C=C/1\C(=O)c3c(C1=C(C#N)C#N)cc(c(c3)F)F)(c1ccc(cc1)CCCCCC)c1ccc(cc1)CCCCCC)/C2=C(C#N)C#N)F,9.25,[H]C1=C(SC(CC(CC)CCCC)=C1[Cl])C(C2=C3SC(C)=C2)=C4SC(C5=CC=C(S5)C6=C(C(F)=C(C7=NN(N=C67)CC(CCCCCCCC)CCCCCC)C8=CC=C(C)S8)F)=CC4=C3C9=C([H])C([Cl])=C(CC(CCCC)CC)S9||c1(cc2c(cc1F)C(=O)/C(=C\c1cc3c(s1)c1c(s3)c3c(C1(c1ccc(cc1)CCCCCC)c1ccc(cc1)CCCCCC)cc1c(c3)C(c3c1sc1c3sc(c1)/C=C/1\C(=O)c3c(C1=C(C#N)C#N)cc(c(c3)F)F)(c1ccc(cc1)CCCCCC)c1ccc(cc1)CCCCCC)/C2=C(C#N)C#N)F,21eca652f2c0b958f87da9c7d50d4af3b0e5fc1c57c8e9ab7c5dbf780ba37eec,69e17d1724b4236f68d0c6efb6ad16969f13f8980d301d0056747038b20f0c8d,d94b0ff0fd642424742e703489174e1d4ab6de2a398c9ddc168c876befedfeb6,7d5081e27f777d2ae53f9968ab85d33b79bc1b616d4c761003373f65422104c3,2af5ecbcb0887ffa7ec7ef2ffbf35af3fc4c8714afbf6d473626641478f6684e,1029,597,186,387,1.2107950109627166,joint_inhouse_gao
413,9.239999771118164,8.05694048947627,-1.183059281641894,1.183059281641894,1.399629263879034,12.803672196397986,in-house,476,[Cl]C1=C(CC)SC(C2=C3C(C=C(C)C3)C(C4=CC([Cl])=C(S4)CC)=C5SC(C6=CC=C(S6)C7=C(C(C8=C(SC(CC)=C8C9=O)CC)=O)C9=C(C%10=CC=C(S%10)C)S7)=CC25)=C1,O=C(C(C=C(C(Cl)=C1)Cl)=C1C/2=C(C#N)\C#N)C2=C/C3=CC(C4(C5=CC=C(C=C5)CCCCCC)C(C=C6)=CC=C6CCCCCC)=C(C(C=C7C8(C(C=C9)=CC=C9CCCCCC)C(C=C%10)=CC=C%10CCCCCC)=C4C=C7C%11=C8C=C(/C=C%12C(C(C=C(C(Cl)=C%13)Cl)=C%13C\%12=C(C#N)\C#N)=O)S%11)S3,9.24,[Cl]C1=C(CC)SC(C2=C3C(C=C(C)C3)C(C4=CC([Cl])=C(S4)CC)=C5SC(C6=CC=C(S6)C7=C(C(C8=C(SC(CC)=C8C9=O)CC)=O)C9=C(C%10=CC=C(S%10)C)S7)=CC25)=C1||O=C(C(C=C(C(Cl)=C1)Cl)=C1C/2=C(C#N)\C#N)C2=C/C3=CC(C4(C5=CC=C(C=C5)CCCCCC)C(C=C6)=CC=C6CCCCCC)=C(C(C=C7C8(C(C=C9)=CC=C9CCCCCC)C(C=C%10)=CC=C%10CCCCCC)=C4C=C7C%11=C8C=C(/C=C%12C(C(C=C(C(Cl)=C%13)Cl)=C%13C\%12=C(C#N)\C#N)=O)S%11)S3,7a11f928c0e326f5a997d7edb123c3e2980ed2dc99d8540493801d0b5415b33f,1deed1f0d0fb5917a5688be3b10705c3a9716618064f4fe6ff1d92b887f11460,d50461ad90b0273c2be4a5307b7615e5a4cd6cde775a6de6cc16e3ebe907b87a,31fae172152c19286525e3c726ed638cc13576c9f8c13b0044e83aa81e272767,a921ddd706f2aee528e5db62317cf440e74516074d5d715e94fb3ad49877473a,1013,254,779,389,0.6403867302592183,joint_inhouse_gao
418,9.199999809265137,9.24161440783208,0.0416145985669427,0.0416145985669427,0.0017317748138877,0.4523326024967249,in-house,482,O=C(C1=C(CCC(CCCC)CC)SC(CCC(CC)CCCC)=C1C2=O)C(C2=C(C3)C(C4)=CC=C4C5=CC6=C(C(C7=CC=C(CCC(CCCC)CC)S7)=C8C=CSC8=C6C9=CC=C(CCC(CCCC)CC)S9)S5)=C3C%10=CC=CS%10,O=C1C(/C(C2=CSC=C21)=C(C#N)\C#N)=C\C3=CC4=C(C(C=C5C(C6=CC=C(CCCCCC)C=C6)(C7=CC=C(CCCCCC)C=C7)C8=C(SC9=C8SC(/C=C%10C(C%11=CSC=C%11C\%10=C(C#N)/C#N)=O)=C9)C5=C%12)=C%12C4(C%13=CC=C(CCCCCC)C=C%13)C%14=CC=C(CCCCCC)C=C%14)S3,9.2,O=C(C1=C(CCC(CCCC)CC)SC(CCC(CC)CCCC)=C1C2=O)C(C2=C(C3)C(C4)=CC=C4C5=CC6=C(C(C7=CC=C(CCC(CCCC)CC)S7)=C8C=CSC8=C6C9=CC=C(CCC(CCCC)CC)S9)S5)=C3C%10=CC=CS%10||O=C1C(/C(C2=CSC=C21)=C(C#N)\C#N)=C\C3=CC4=C(C(C=C5C(C6=CC=C(CCCCCC)C=C6)(C7=CC=C(CCCCCC)C=C7)C8=C(SC9=C8SC(/C=C%10C(C%11=CSC=C%11C\%10=C(C#N)/C#N)=O)=C9)C5=C%12)=C%12C4(C%13=CC=C(CCCCCC)C=C%13)C%14=CC=C(CCCCCC)C=C%14)S3,6f31f3770fd225e382586e20513744e11a328b7cc74c758d48628417c600a02b,dd8b6bed37d09ecab0cbb55cab8737534c3645713d8a7938e6148245365fcab5,ec2d89a89746db25b0a596b8cda9e221f15320372a930cef49e300ac53075039,480b9d4b614e69d7f86d4ec1c7b6d03f4ba04a23e13f03bf093044f16ad788f2,913f5c4acb5acd3b9d7e6f8d15f3add7f86e867a2eb3cc420803c0a0a6f7b41f,1113,343,659,394,0.3849038257666334,joint_inhouse_gao
419,9.1899995803833,10.400556120542015,1.2105565401587164,1.2105565401587164,1.465447136921042,13.17254184366596,in-house,483,O=C(C1=C(CCC(CCCC)CC)SC(CCC(CC)CCCC)=C1C2=O)C(C2=C(C3)C(C4)=CC=C4C5=CC6=C(C(C7=CC=C(CCC(CCCC)CC)S7)=C8C=CSC8=C6C9=CC=C(CCC(CCCC)CC)S9)S5)=C3C%10=CC=CS%10,N#C/C(C#N)=C(C1=CC=CC=C1C2=O)/C2=C/C3=CC4=C(C5=C(C=C6C(C(CCCCCC)(CCCCCC)C7=C6SC(/C=C8/C(C9=CC=CC=C9C8=O)=C(C#N)/C#N)=C7)=C5)C4(CCCCCC)CCCCCC)S3,9.19,O=C(C1=C(CCC(CCCC)CC)SC(CCC(CC)CCCC)=C1C2=O)C(C2=C(C3)C(C4)=CC=C4C5=CC6=C(C(C7=CC=C(CCC(CCCC)CC)S7)=C8C=CSC8=C6C9=CC=C(CCC(CCCC)CC)S9)S5)=C3C%10=CC=CS%10||N#C/C(C#N)=C(C1=CC=CC=C1C2=O)/C2=C/C3=CC4=C(C5=C(C=C6C(C(CCCCCC)(CCCCCC)C7=C6SC(/C=C8/C(C9=CC=CC=C9C8=O)=C(C#N)/C#N)=C7)=C5)C4(CCCCCC)CCCCCC)S3,6f31f3770fd225e382586e20513744e11a328b7cc74c758d48628417c600a02b,0cc00e1ba2d95fe8288dc072edf395ee6fc3678daa4e12f6703c7be7d2c5a409,2e04d14dd450a0193aa5384d4e2543c6e5910fef19bc229cba5eef79ad8b8300,32009831a6351f02a68cb2910a7b563f3286ef21e8c7d5ed69cae15ab5884891,7de2f922f7bf3fc40af78adfc935fa05cd30577855405d82236cc71c573cf43b,203,255,574,395,0.4292656332363679,joint_inhouse_gao
430,9.09000015258789,8.927218640204703,-0.1627815123831872,0.1627815123831872,0.0264978207737577,1.7907756837258575,in-house,494,FC(C=C(C1=C2SC=CC2=C(C3=CC(F)=C(CC(CCCC)CC)S3)C4=C1C=C(C5=CC=C(C6=C(C(C(C7=C(CC(CCCC)CC)SC(CC(CC)CCCC)=C78)=O)=C(C9=CC=CC9)S6)C8=O)S5)S4)S%10)=C%10CC(CC)CCCC,[F]C1=C(C(F)=C(C(C2=CC(C(CC(CCCC)CC)(CC(CCCC)CC)C3=C4SC(/C=C5C(C6=CC(F)=C(C=C6C\5=C(C#N)\C#N)F)=O)=C3)=C4S2)=C1F)[F])C7=CC8=C(C9=C(C8(CC(CCCC)CC)CC(CCCC)CC)C=C(/C=C%10C(C%11=CC(F)=C(C=C%11C\%10=C(C#N)/C#N)S)=O)S9)S7,9.09,FC(C=C(C1=C2SC=CC2=C(C3=CC(F)=C(CC(CCCC)CC)S3)C4=C1C=C(C5=CC=C(C6=C(C(C(C7=C(CC(CCCC)CC)SC(CC(CC)CCCC)=C78)=O)=C(C9=CC=CC9)S6)C8=O)S5)S4)S%10)=C%10CC(CC)CCCC||[F]C1=C(C(F)=C(C(C2=CC(C(CC(CCCC)CC)(CC(CCCC)CC)C3=C4SC(/C=C5C(C6=CC(F)=C(C=C6C\5=C(C#N)\C#N)F)=O)=C3)=C4S2)=C1F)[F])C7=CC8=C(C9=C(C8(CC(CCCC)CC)CC(CCCC)CC)C=C(/C=C%10C(C%11=CC(F)=C(C=C%11C\%10=C(C#N)/C#N)S)=O)S9)S7,61eee9608e36bdb1d3a96a3ad1baa39916f3a546e29d11481966a5a2d3d30f3c,db6e55e19b955541153e3586ccdfaf2d6b81a3b211d8827c73781e91aa285e89,3733c63849f8be9d9b1f0345dbcf8884f527afc50febc88941ef17c944470d70,e78e8546302456a858d3c27c0a6d20f20ca0a7f0f1893dfc02ab6a050cb1b510,ebd55e0289b660ee81c8419271bd8d1c287d7cefd7d3a46434ddd21436ac801b,242,1068,1102,406,0.5969609406408667,joint_inhouse_gao
431,9.050000190734863,9.431566465019,0.3815662742841361,0.3815662742841361,0.1455928216710766,4.216201836932258,in-house,495,CC1=CC(C(S1)=C(C2=C3SC(C4=CC=C(C5=C6C(C(C7=C(SC(CCCCCCCC)=C7C6=O)CCCCCCCC)=O)=C(C8=CC=C(C)S8)S5)S4)=C2)C9=CC=C(S9)CC(CC)CCCC)=C3C%10=CC=C(S%10)CC(CCCC)CC,c12cc3c(cc1C(c1c2sc2c1sc(c2)/C=C\1/C(=C(C#N)C#N)c2c(C1=O)cccc2)(c1ccc(cc1)CCCCCC)c1ccc(cc1)CCCCCC)c1c(C3(c2ccc(cc2)CCCCCC)c2ccc(cc2)CCCCCC)c2c(s1)cc(s2)/C=C\1/C(=C(C#N)C#N)c2c(C1=O)cccc2,9.05,CC1=CC(C(S1)=C(C2=C3SC(C4=CC=C(C5=C6C(C(C7=C(SC(CCCCCCCC)=C7C6=O)CCCCCCCC)=O)=C(C8=CC=C(C)S8)S5)S4)=C2)C9=CC=C(S9)CC(CC)CCCC)=C3C%10=CC=C(S%10)CC(CCCC)CC||c12cc3c(cc1C(c1c2sc2c1sc(c2)/C=C\1/C(=C(C#N)C#N)c2c(C1=O)cccc2)(c1ccc(cc1)CCCCCC)c1ccc(cc1)CCCCCC)c1c(C3(c2ccc(cc2)CCCCCC)c2ccc(cc2)CCCCCC)c2c(s1)cc(s2)/C=C\1/C(=C(C#N)C#N)c2c(C1=O)cccc2,3d2964df018da7416712535bee785ad82cc65b6266b1700967597b351c1ccdfd,202f8607af2cecb83e86b2e4305f8c7e2852bc709bb805b9055691d46a9081c5,28ba53a3c91ad8a057db57d30c4afa377762bf85961098a89de95beb8d1690d9,d0e3a0fa2bb06124e26d74f996a4ccf2935d5f186dd3569511b3663a4692ab78,11d78e9c29b3c63f0a440a7b54bbca77c9df1b6691abf42c5bc856fa944b699f,176,966,77,407,0.5964432877695313,joint_inhouse_gao
432,9.029999732971191,7.171017075529193,-1.8589826574419988,1.8589826574419988,3.4558165206701155,20.586741001268305,in-house,496,c1csc2c1c(c1c(c2c2cc(c(s2)CCCCCCCC)CCCCCCCC)cc(s1)c1sc(c(c1)CCCCCC)c1sc2c(n1)sc(n2)c1sccc1CCCCCC)c1cc(c(s1)CCCCCCCC)CCCCCCCC,c12cc3c(cc1C(c1c2sc2c1sc(c2)/C=C\1/C(=C(C#N)C#N)c2c(C1=O)cccc2)(c1ccc(cc1)OCCCCCC)c1ccc(cc1)OCCCCCC)c1c(C3(c2ccc(cc2)OCCCCCC)c2ccc(cc2)OCCCCCC)c2c(s1)cc(s2)/C=C\1/C(=C(C#N)C#N)c2c(C1=O)cccc2,9.03,c1csc2c1c(c1c(c2c2cc(c(s2)CCCCCCCC)CCCCCCCC)cc(s1)c1sc(c(c1)CCCCCC)c1sc2c(n1)sc(n2)c1sccc1CCCCCC)c1cc(c(s1)CCCCCCCC)CCCCCCCC||c12cc3c(cc1C(c1c2sc2c1sc(c2)/C=C\1/C(=C(C#N)C#N)c2c(C1=O)cccc2)(c1ccc(cc1)OCCCCCC)c1ccc(cc1)OCCCCCC)c1c(C3(c2ccc(cc2)OCCCCCC)c2ccc(cc2)OCCCCCC)c2c(s1)cc(s2)/C=C\1/C(=C(C#N)C#N)c2c(C1=O)cccc2,7ef4e8f49637126dc67c9159eaedd500d4beeced87b4940d8372cd582ad7778e,2fc7b353270f61ced8b2448b3caced6f270384248a93de6efbe60c799205a6dc,98dbb84cea39fa6b8bda49e17d4f04668852d8f04abc167a5eced77f0fb94340,c9d5aaf48d9ba1bc9fd929e0af5cd96ec263057b8e41b1a4aab325d5a26e1bea,0ff426f1f71b87f32e5c533722c7e12204853d8d53c4477c4a1b46b5613f2e88,697,928,74,408,0.5977872930393517,joint_inhouse_gao
433,9.029999732971191,10.585763364735216,1.5557636317640249,1.5557636317640249,2.420400477919588,17.2288336408635,in-house,497,O=C(C1=C(CCC(CCCC)CC)SC(CCC(CC)CCCC)=C1C2=O)C(C2=C(C3)C(C4)=CC=C4C5=CC6=C(C(C7=CC=C(CCC(CCCC)CC)S7)=C8C=CSC8=C6C9=CC=C(CCC(CCCC)CC)S9)S5)=C3C%10=CC=CS%10,FC(C=C1C2=CC(C3(CC(CCCC)CC)CC(CCCC)CC)=C(S2)C(S4)=C3C=C4/C=C(C(C5=CC(Cl)=C(C=C56)Cl)=O)/C6=C(C#N)/C#N)=C(C=C1F)C7=CC8=C(C9=C(C8(CC(CCCC)CC)CC(CCCC)CC)C=C(/C=C%10C(C%11=CC(Cl)=C(C=C%11C\%10=C(C#N)\C#N)Cl)=O)S9)S7,9.03,O=C(C1=C(CCC(CCCC)CC)SC(CCC(CC)CCCC)=C1C2=O)C(C2=C(C3)C(C4)=CC=C4C5=CC6=C(C(C7=CC=C(CCC(CCCC)CC)S7)=C8C=CSC8=C6C9=CC=C(CCC(CCCC)CC)S9)S5)=C3C%10=CC=CS%10||FC(C=C1C2=CC(C3(CC(CCCC)CC)CC(CCCC)CC)=C(S2)C(S4)=C3C=C4/C=C(C(C5=CC(Cl)=C(C=C56)Cl)=O)/C6=C(C#N)/C#N)=C(C=C1F)C7=CC8=C(C9=C(C8(CC(CCCC)CC)CC(CCCC)CC)C=C(/C=C%10C(C%11=CC(Cl)=C(C=C%11C\%10=C(C#N)\C#N)Cl)=O)S9)S7,6f31f3770fd225e382586e20513744e11a328b7cc74c758d48628417c600a02b,a7c4b5541b8a9fcdc451b3fdf50c088a6f31721140ab77690d39d1dcc9517b61,9d7c5c31eb97de02884f121f2acced01e10a1058d5e920928391f3fa7e39bf36,688465db3e3753072bff61a8617f174dd86d46eda8ab1acdf5670dacf201932f,608ad3f139b359fe1423a371f832308404afeb0ee8180e7ec08d2d053388d44a,718,504,433,409,0.5329640688269683,joint_inhouse_gao
434,9.010000228881836,9.324654758566677,0.3146545296848408,0.3146545296848408,0.0990074730511884,3.492281039862862,in-house,498,CC1=CC(C(S1)=C(C2=C3SC(C(S4)=CC=C4C5=C6C(C(C7=C(SC(CCCCCCCC)=C7C6=O)CCCCCCCC)=O)=C(S5)C8=CC=C(C)S8)=C2)C9=CC=C(S9)CC)=C3C%10=CC=C(S%10)CC,c12cc3c(cc1C(c1c2sc2c1sc(c2)/C=C\1/C(=C(C#N)C#N)c2c(C1=O)cccc2)(c1ccc(cc1)CCCCCC)c1ccc(cc1)CCCCCC)c1c(C3(c2ccc(cc2)CCCCCC)c2ccc(cc2)CCCCCC)c2c(s1)cc(s2)/C=C\1/C(=C(C#N)C#N)c2c(C1=O)cccc2,9.01,CC1=CC(C(S1)=C(C2=C3SC(C(S4)=CC=C4C5=C6C(C(C7=C(SC(CCCCCCCC)=C7C6=O)CCCCCCCC)=O)=C(S5)C8=CC=C(C)S8)=C2)C9=CC=C(S9)CC)=C3C%10=CC=C(S%10)CC||c12cc3c(cc1C(c1c2sc2c1sc(c2)/C=C\1/C(=C(C#N)C#N)c2c(C1=O)cccc2)(c1ccc(cc1)CCCCCC)c1ccc(cc1)CCCCCC)c1c(C3(c2ccc(cc2)CCCCCC)c2ccc(cc2)CCCCCC)c2c(s1)cc(s2)/C=C\1/C(=C(C#N)C#N)c2c(C1=O)cccc2,5ba336b2d6695e02422d91b15e24ea12b84fce25456dd3726f19d85ab0bacc59,202f8607af2cecb83e86b2e4305f8c7e2852bc709bb805b9055691d46a9081c5,7eca11b3044d01e6af0186a47fdbfa053a52e769dd1aed2587c8357307ad4100,0aebc2b21a0d5c3c9c4ccef93ea95ca1cd46cc3739e0f768c8b2efa5f5f72a11,1e39710f4f3973fee0115a4317b4ddabacb44b2d7c63d411e256450e9c1cf444,580,57,127,410,0.6301911206818025,joint_inhouse_gao
435,9.0,10.730137428434768,1.7301374284347677,1.7301374284347677,2.993375521270871,19.223749204830757,in-house,500,O=C(C1=C(CCC(CCCC)CC)SC(CCC(CC)CCCC)=C1C2=O)C(C2=C(C3)C(C4)=CC=C4C5=CC6=C(C(C7=CC=C(CCC(CCCC)CC)S7)=C8C=CSC8=C6C9=CC=C(CCC(CCCC)CC)S9)S5)=C3C%10=CC=CS%10,O=C(C1=CC=CC=C1C/2=C(C#N)/C#N)C2=C/C3=CC(SC4=C5C(CCCCCCCC)(CCCCCCCC)C6=C4C=C7C(C8=CC(C(C9=C%10SC%11=C9SC(/C=C%12C(C%13=C(C=CC=C%13)C\%12=C(C#N)/C#N)=O)=C%11)(CCCCCCCC)CCCCCCCC)=C%10C=C8C7(CCCCCCCC)CCCCCCCC)=C6)=C5S3,9.0,O=C(C1=C(CCC(CCCC)CC)SC(CCC(CC)CCCC)=C1C2=O)C(C2=C(C3)C(C4)=CC=C4C5=CC6=C(C(C7=CC=C(CCC(CCCC)CC)S7)=C8C=CSC8=C6C9=CC=C(CCC(CCCC)CC)S9)S5)=C3C%10=CC=CS%10||O=C(C1=CC=CC=C1C/2=C(C#N)/C#N)C2=C/C3=CC(SC4=C5C(CCCCCCCC)(CCCCCCCC)C6=C4C=C7C(C8=CC(C(C9=C%10SC%11=C9SC(/C=C%12C(C%13=C(C=CC=C%13)C\%12=C(C#N)/C#N)=O)=C%11)(CCCCCCCC)CCCCCCCC)=C%10C=C8C7(CCCCCCCC)CCCCCCCC)=C6)=C5S3,6f31f3770fd225e382586e20513744e11a328b7cc74c758d48628417c600a02b,10ccc085e86003224445ea8551ba233d373f1bd4cd3b832aa2c0bf3775f351cf,ee913480f354a49a7fa7f92e3e260df27c43c0c15c73da268352d6bcdc9a0522,4b88840a98e85f60251108e9cd8f721d8c4006f22f1d4fbeaf49166e9e0d6e94,a4ec1f61b37eba4fbfd3018baeaed639427fdf99700a4aa5da20d567f3a4db63,1122,360,759,411,0.4835319649709866,joint_inhouse_gao
440,8.960000038146973,7.930474437109314,-1.0295256010376583,1.0295256010376583,1.0599229631919516,11.49024103409017,in-house,507,FC1=C(C2=CC=C(C3=CC4=C(C(C(C=C5F)=CC(F)=C5CC(CCCC)CC)=C6C=C(OC6=C4C(C=C7F)=CC(F)=C7CC(CC)CCCC)C)O3)S2)C8=NN(CC(CCCCCCCC)CCCCCC)N=C8C(C9=CC=C(C)S9)=C1F,c12cc3c(cc1C(c1c2sc2c1sc(c2)/C=C\1/C(=C(C#N)C#N)c2c(C1=O)cccc2)(c1cccc(c1)CCCCCC)c1cc(ccc1)CCCCCC)c1c(C3(c2cc(ccc2)CCCCCC)c2cccc(c2)CCCCCC)c2c(s1)cc(s2)/C=C\1/C(=C(C#N)C#N)c2c(C1=O)cccc2,8.96,FC1=C(C2=CC=C(C3=CC4=C(C(C(C=C5F)=CC(F)=C5CC(CCCC)CC)=C6C=C(OC6=C4C(C=C7F)=CC(F)=C7CC(CC)CCCC)C)O3)S2)C8=NN(CC(CCCCCCCC)CCCCCC)N=C8C(C9=CC=C(C)S9)=C1F||c12cc3c(cc1C(c1c2sc2c1sc(c2)/C=C\1/C(=C(C#N)C#N)c2c(C1=O)cccc2)(c1cccc(c1)CCCCCC)c1cc(ccc1)CCCCCC)c1c(C3(c2cc(ccc2)CCCCCC)c2cccc(c2)CCCCCC)c2c(s1)cc(s2)/C=C\1/C(=C(C#N)C#N)c2c(C1=O)cccc2,0eba39b92d3306533f37e1089333de7bf54469696f9634a85ef7c679c887edab,50864152acede518837f13b246d168a2c910162b60d24eaca8a12069a3584c43,b06dee734ea17d87c49bd4da3ee0020df7c73b8adb89a121df5b668ad131327f,02764a75072ff9d34206dc05d5000d1937ebac74d94bda8b9149b2e473dc26de,b1a1d93b3f1d603c69af53616e6349e15636e66963a693e45a08103bc4cc93af,816,12,820,416,0.6490200218181541,joint_inhouse_gao
442,8.90999984741211,9.961746432993673,1.0517465855815615,1.0517465855815615,1.106170880282473,11.804114518442322,in-house,509,O=C(C1=C(CC(CCCC)CC)SC(CC(CCCC)CC)=C12)C3=C(C4=CC=CS4)SC(C(S5)=CC=C5C6=CC7=C(C8=CC=C(CC(CCCC)CCCCCC)C=C8)C(SC=C9)=C9C(C%10=CC=C(CC(CCCCCC)CCCC)C=C%10)=C7S6)=C3C2=O,O=C(C(C=C(C=CC=C1)C1=C2)=C2C/3=C(C#N)\C#N)C3=C/C4=CC(C5(C6=CC=C(CCCCCC)C=C6)C7=CC=C(CCCCCC)C=C7)=C(C8=CC9=C(C%10=C(C9(C%11=CC=C(C=C%11)CCCCCC)C%12=CC=C(C=C%12)CCCCCC)C=C(/C=C%13C(C(C=C(C=CC=C%14)C%14=C%15)=C%15C\%13=C(C#N)\C#N)=O)S%10)C=C85)S4,8.91,O=C(C1=C(CC(CCCC)CC)SC(CC(CCCC)CC)=C12)C3=C(C4=CC=CS4)SC(C(S5)=CC=C5C6=CC7=C(C8=CC=C(CC(CCCC)CCCCCC)C=C8)C(SC=C9)=C9C(C%10=CC=C(CC(CCCCCC)CCCC)C=C%10)=C7S6)=C3C2=O||O=C(C(C=C(C=CC=C1)C1=C2)=C2C/3=C(C#N)\C#N)C3=C/C4=CC(C5(C6=CC=C(CCCCCC)C=C6)C7=CC=C(CCCCCC)C=C7)=C(C8=CC9=C(C%10=C(C9(C%11=CC=C(C=C%11)CCCCCC)C%12=CC=C(C=C%12)CCCCCC)C=C(/C=C%13C(C(C=C(C=CC=C%14)C%14=C%15)=C%15C\%13=C(C#N)\C#N)=O)S%10)C=C85)S4,826e531b71e4c0ef06b575364b50a339b3da70c19584a5cd5231c22bd6d85201,24129537716343b6e8373f699534e83e035b9db95fe6bcf8bbc834cd4c1c999b,b8ff5d273d41871eb8189288455d762b6cd287a63b991cfbbe431f1c8ec04c0a,e1dcd5ee365eeee5411b9ef225e69e2a3faae3de3659743bac23d7c85fb0dbba,5389971e6b9481b4efdecdcc9fd5ba59ac21c12f438d74c8a1a0accddc4428ea,870,1041,378,418,0.6648350146760799,joint_inhouse_gao
448,8.8100004196167,7.473827144887188,-1.3361732747295116,1.3361732747295116,1.785359020101387,15.166551771715412,in-house,516,ClC1=C(C2=CC=C(S2)C(OC)=O)SC3=C(C)SC(C4=CC(C(S4)=C(C5=C6SC(C)=C5)C7=CC=C(S7)CC(CC)CCCC)=C6C8=CC=C(S8)CC(CCCCC)CC)=C13,c12cc3c(cc1C(c1c2sc2c1sc(c2)/C=C\1/C(=C(C#N)C#N)c2c(C1=O)cccc2)(c1ccc(cc1)CCCCCC)c1ccc(cc1)CCCCCC)c1c(C3(c2ccc(cc2)CCCCCC)c2ccc(cc2)CCCCCC)c2c(s1)cc(s2)/C=C\1/C(=C(C#N)C#N)c2c(C1=O)cccc2,8.81,ClC1=C(C2=CC=C(S2)C(OC)=O)SC3=C(C)SC(C4=CC(C(S4)=C(C5=C6SC(C)=C5)C7=CC=C(S7)CC(CC)CCCC)=C6C8=CC=C(S8)CC(CCCCC)CC)=C13||c12cc3c(cc1C(c1c2sc2c1sc(c2)/C=C\1/C(=C(C#N)C#N)c2c(C1=O)cccc2)(c1ccc(cc1)CCCCCC)c1ccc(cc1)CCCCCC)c1c(C3(c2ccc(cc2)CCCCCC)c2ccc(cc2)CCCCCC)c2c(s1)cc(s2)/C=C\1/C(=C(C#N)C#N)c2c(C1=O)cccc2,a7811521b0e2dc660500ea34b50d830b517abba8fe0b3cfd24377aa3ccb278b7,202f8607af2cecb83e86b2e4305f8c7e2852bc709bb805b9055691d46a9081c5,7634cddc753009dc4ac745c56e7b957e6ba88e920ac7516a7163347288402843,193d945d88ed1a7cc63d17ffb1ce40975a66e95ff4fd6dc7d347564248908266,276a17e7f1b4ddd96ffb4801c78ed4f7214026ae96c4a42839cb0fca3a284225,534,127,169,424,0.5315975205589226,joint_inhouse_gao
449,8.800000190734863,14.933788224021988,6.133788033287123,6.133788033287123,37.62335563729632,69.70213523114603,in-house,517,O=C1C2=C(CC(CC)CCCC)SC(CC(CC)CCCC)=C2C(C3=C(C4=CC=C(C5=CC(C(C6=CC(F)=C(CC(CC)CCCC)S6)=C(SC=C7)C7=C8C9=CC(F)=C(CC(CC)CCCC)S9)=C8S5)S4)SC(C%10=CC=CS%10)=C31)=O,C=C(C(C=CC=C1)=C1C/2=C(C#N)\C#N)C2=C/C(SC3=C4SC5=C3N(CC(CCCC)CC)C6=C5C7=NSN=C7C8=C6N(CC(CC)CCCC)C9=C8SC%10=C9SC(/C=C%11/C(C(C=CC=C%12)=C%12C%11=O)=C(C#N)/C#N)=C%10CCCCCCCCCCC)=C4CCCCCCCCCCC,8.8,O=C1C2=C(CC(CC)CCCC)SC(CC(CC)CCCC)=C2C(C3=C(C4=CC=C(C5=CC(C(C6=CC(F)=C(CC(CC)CCCC)S6)=C(SC=C7)C7=C8C9=CC(F)=C(CC(CC)CCCC)S9)=C8S5)S4)SC(C%10=CC=CS%10)=C31)=O||C=C(C(C=CC=C1)=C1C/2=C(C#N)\C#N)C2=C/C(SC3=C4SC5=C3N(CC(CCCC)CC)C6=C5C7=NSN=C7C8=C6N(CC(CC)CCCC)C9=C8SC%10=C9SC(/C=C%11/C(C(C=CC=C%12)=C%12C%11=O)=C(C#N)/C#N)=C%10CCCCCCCCCCC)=C4CCCCCCCCCCC,65482d735aa1f382b817dd8d95b1689b39b0b3c26138949c2680844f1b1f5ea0,5e6793dff4ed807f13c81422631b0ad63a30f63f71f47f9842e177dab2804728,15010427b4e483346fd95cc30c057628c67f5362e776c3ca5326753ddc10ff8a,0a28672735244815642a918548fb0863bf40cf43bf55c9ad469d94063f2bd8b7,9351d0cce6f02ff869f318e5db4725e74f26a047a6ae91dc3efbc45e7f0cda3b,98,51,670,425,0.548338136248088,joint_inhouse_gao
451,8.789999961853027,7.234822669831833,-1.5551772920211944,1.5551772920211944,2.418576409618375,17.69257450250712,in-house,519,O=C(C1=C(CCC(CCCC)CC)SC(CCC(CC)CCCC)=C1C2=O)C(C2=C(C3)C(C4)=CC=C4C5=CC6=C(C(C7=CC=C(CCC(CCCC)CC)S7)=C8C=CSC8=C6C9=CC=C(CCC(CCCC)CC)S9)S5)=C3C%10=CC=CS%10,O=C1C(/C(C2=C1C=CC=C2)=C(C#N)\C#N)=C\C3=CC(OCC(CCCC)CC)=C(C4=CC(C(C5=CC(C6=C7C=C(C8=C(C=C(/C=C(C9=O)/C(C%10=C9C=CC=C%10)=C(C#N)\C#N)S8)OCC(CCCC)CC)S6)=C(C7(C%11=CC=C(C=C%11)CCCCCC)C%12=CC=C(C=C%12)CCCCCC)C=C%135)(C%14=CC=C(C=C%14)CCCCCC)C(C=C%15)=CC=C%15CCCCCC)=C%13S4)S3,8.79,O=C(C1=C(CCC(CCCC)CC)SC(CCC(CC)CCCC)=C1C2=O)C(C2=C(C3)C(C4)=CC=C4C5=CC6=C(C(C7=CC=C(CCC(CCCC)CC)S7)=C8C=CSC8=C6C9=CC=C(CCC(CCCC)CC)S9)S5)=C3C%10=CC=CS%10||O=C1C(/C(C2=C1C=CC=C2)=C(C#N)\C#N)=C\C3=CC(OCC(CCCC)CC)=C(C4=CC(C(C5=CC(C6=C7C=C(C8=C(C=C(/C=C(C9=O)/C(C%10=C9C=CC=C%10)=C(C#N)\C#N)S8)OCC(CCCC)CC)S6)=C(C7(C%11=CC=C(C=C%11)CCCCCC)C%12=CC=C(C=C%12)CCCCCC)C=C%135)(C%14=CC=C(C=C%14)CCCCCC)C(C=C%15)=CC=C%15CCCCCC)=C%13S4)S3,6f31f3770fd225e382586e20513744e11a328b7cc74c758d48628417c600a02b,87476fb90d0db17e58b2a62e38ecc6765e2842c257a662603688167ffd1038b6,c29245d1bbf4c187b9df735d4328f2e8991e088de2a2d484f937aef7fa928b4b,a88ba12a97b6ad6e31a60a91acae8032dd1ba570fb45a0a939a2a13b1c4f666e,0a460d4e5c5f12386533d0a4826783b777b3a382f787f41b2a306fef18d5e52a,928,774,52,427,0.5170844040901695,joint_inhouse_gao
452,8.789999961853027,8.393241943699298,-0.3967580181537293,0.3967580181537293,0.157416924969275,4.513743115763204,in-house,520,O=C(C1=C(CCC(CCCC)CC)SC(CCC(CC)CCCC)=C1C2=O)C(C2=C(C3)C(C4)=CC=C4C5=CC6=C(C(C7=CC=C(CCC(CCCC)CC)S7)=C8C=CSC8=C6C9=CC=C(CCC(CCCC)CC)S9)S5)=C3C%10=CC=CS%10,O=C(C(C=CC=C1)=C1C/2=C(C#N)\C#N)C2=C\C3=CSC(C4=CC5=C(C(C=C6C(C7=CC=C(C=C7)CCCCCC)(C8=CC=C(C=C8)CCCCCC)C9=C(SC(C%10=C(OCCCCCCCC)C(/C=C%11C(C(C=CC=C%12)=C%12C/%11=C(C#N)/C#N)=O)=CS%10)=C9)C6=C%13)=C%13C5(C%14=CC=C(CCCCCC)C=C%14)C(C=C%15)=CC=C%15CCCCCC)S4)=C3OCCCCCCCC,8.79,O=C(C1=C(CCC(CCCC)CC)SC(CCC(CC)CCCC)=C1C2=O)C(C2=C(C3)C(C4)=CC=C4C5=CC6=C(C(C7=CC=C(CCC(CCCC)CC)S7)=C8C=CSC8=C6C9=CC=C(CCC(CCCC)CC)S9)S5)=C3C%10=CC=CS%10||O=C(C(C=CC=C1)=C1C/2=C(C#N)\C#N)C2=C\C3=CSC(C4=CC5=C(C(C=C6C(C7=CC=C(C=C7)CCCCCC)(C8=CC=C(C=C8)CCCCCC)C9=C(SC(C%10=C(OCCCCCCCC)C(/C=C%11C(C(C=CC=C%12)=C%12C/%11=C(C#N)/C#N)=O)=CS%10)=C9)C6=C%13)=C%13C5(C%14=CC=C(CCCCCC)C=C%14)C(C=C%15)=CC=C%15CCCCCC)S4)=C3OCCCCCCCC,6f31f3770fd225e382586e20513744e11a328b7cc74c758d48628417c600a02b,c011096250e87b2429fba3d65fb93dbe78333932313fc52542086860f0dd954f,49491188eccc58c0cc432d52a98bfb3e40506d4085e3b71336afba572c0d4da8,881288fe5848b4b18bf247d871f4cfa703215e24408e372663eee1d8d38f958e,1d36d24be0c155da4c7c27471f6749f7669714412852c3f381940a62857b96d4,340,638,123,428,0.4968964363411661,joint_inhouse_gao
455,8.729999542236328,7.75084927530572,-0.979150266930608,0.979150266930608,0.958735245230281,11.215925753413991,in-house,523,FC1=C(C(OCC(CCCC)CC)=O)SC2=CSC(C3=CC4=C(C5=C(C(C6=CC=C(CC(CC)CCCC)S6)=C4S3)C=CS5)C7=CC=C(CC(CC)CCCC)S7)=C12,c12cc3c(cc1C(c1c2sc2c1sc(c2)/C=C\1/C(=C(C#N)C#N)c2c(C1=O)cccc2)(c1ccc(cc1)CCCCCC)c1ccc(cc1)CCCCCC)c1c(C3(c2ccc(cc2)CCCCCC)c2ccc(cc2)CCCCCC)c2c(s1)cc(s2)/C=C\1/C(=C(C#N)C#N)c2c(C1=O)cccc2,8.73,FC1=C(C(OCC(CCCC)CC)=O)SC2=CSC(C3=CC4=C(C5=C(C(C6=CC=C(CC(CC)CCCC)S6)=C4S3)C=CS5)C7=CC=C(CC(CC)CCCC)S7)=C12||c12cc3c(cc1C(c1c2sc2c1sc(c2)/C=C\1/C(=C(C#N)C#N)c2c(C1=O)cccc2)(c1ccc(cc1)CCCCCC)c1ccc(cc1)CCCCCC)c1c(C3(c2ccc(cc2)CCCCCC)c2ccc(cc2)CCCCCC)c2c(s1)cc(s2)/C=C\1/C(=C(C#N)C#N)c2c(C1=O)cccc2,2249a87c8fc0450476e55f070a85b71ffa6beb368356c28f1302bad8bac422cb,202f8607af2cecb83e86b2e4305f8c7e2852bc709bb805b9055691d46a9081c5,384a96b675df0055bb925c624d5f6c1b6649658427c37d69ae1a3495e2f4b37c,fc0bf77242d0af8fc2bac7db5f7171698140f4455d3109497e0a4c75461c907e,4d44d3846da095d099292362f0f37382f54fe8d3de24c849c3a9eeddeef108cd,251,1169,340,431,0.4405408559206816,joint_inhouse_gao
456,8.699999809265137,5.625872687538071,-3.0741271217270656,3.0741271217270656,9.450257560537931,35.33479527727401,in-house,524,FC1=C(C(OCC(CCCC)CC)=O)SC2=CSC(C3=CC4=C(C5=C(C(C6=CC=C(CC(CC)CCCC)S6)=C4S3)C=CS5)C7=CC=C(CC(CC)CCCC)S7)=C12,O=C(/C(SC1=S)=C\C2=CC=C(C3=NSN=C23)C4=CC=C(S4)C5=CC=C6C(C(C7=CC=C(C=C7)CCCCCC)(C8=C6SC(C9=CC=C(C%10=NSN=C9%10)/C=C%11SC(N(C/%11=O)CC)=S)=C8)C%12=CC=C(C=C%12)CCCCCC)=C5)N1CC,8.7,FC1=C(C(OCC(CCCC)CC)=O)SC2=CSC(C3=CC4=C(C5=C(C(C6=CC=C(CC(CC)CCCC)S6)=C4S3)C=CS5)C7=CC=C(CC(CC)CCCC)S7)=C12||O=C(/C(SC1=S)=C\C2=CC=C(C3=NSN=C23)C4=CC=C(S4)C5=CC=C6C(C(C7=CC=C(C=C7)CCCCCC)(C8=C6SC(C9=CC=C(C%10=NSN=C9%10)/C=C%11SC(N(C/%11=O)CC)=S)=C8)C%12=CC=C(C=C%12)CCCCCC)=C5)N1CC,2249a87c8fc0450476e55f070a85b71ffa6beb368356c28f1302bad8bac422cb,5f52ab950f036a1d2a8a8b1a30a724d384ed28f370b5ff88113fac0d98926e47,95b7d59ff882fc0d2be391e33f222ee5d8a54adefb340f320bb24d95944d9058,d1217d4881f9bdd2be619415ab2a5bf33baa5306f0e9a276da710402ec9dc523,53613e367692ebfa8214f973e65ac0d9a5ae3a6710749c6accdfb36169fb7cc3,683,968,377,432,0.5461458521780767,joint_inhouse_gao
458,8.630000114440918,7.849786668720812,-0.780213445720106,0.780213445720106,0.6087330208824407,9.04071188150443,in-house,529,O=C(C1=C(CCC(CCCC)CC)SC(CCC(CC)CCCC)=C1C2=O)C(C2=C(C3)C(C4)=CC=C4C5=CC6=C(C(C7=CC=C(CCC(CCCC)CC)S7)=C8C=CSC8=C6C9=CC=C(CCC(CCCC)CC)S9)S5)=C3C%10=CC=CS%10,O=C(C1=C(C=C([H])C=C1)C/2=C(C#N)\C#N)C2=C/C3=CC4=C(C(C=C(C=C(C(C5=CC=C(C=C5)CCCCCC)(C6=C7SC(/C=C8C(C9=C(C=C([H])C=C9)C\8=C(C#N)\C#N)=O)=C6)C%10=CC=C(C=C%10)CCCCCC)C7=C%11)C%11=C%12)=C%12C4(C%13=CC=C(CCCCCC)C=C%13)C%14=CC=C(CCCCCC)C=C%14)C3,8.63,O=C(C1=C(CCC(CCCC)CC)SC(CCC(CC)CCCC)=C1C2=O)C(C2=C(C3)C(C4)=CC=C4C5=CC6=C(C(C7=CC=C(CCC(CCCC)CC)S7)=C8C=CSC8=C6C9=CC=C(CCC(CCCC)CC)S9)S5)=C3C%10=CC=CS%10||O=C(C1=C(C=C([H])C=C1)C/2=C(C#N)\C#N)C2=C/C3=CC4=C(C(C=C(C=C(C(C5=CC=C(C=C5)CCCCCC)(C6=C7SC(/C=C8C(C9=C(C=C([H])C=C9)C\8=C(C#N)\C#N)=O)=C6)C%10=CC=C(C=C%10)CCCCCC)C7=C%11)C%11=C%12)=C%12C4(C%13=CC=C(CCCCCC)C=C%13)C%14=CC=C(CCCCCC)C=C%14)C3,6f31f3770fd225e382586e20513744e11a328b7cc74c758d48628417c600a02b,be82316b742620b79339b3efd5563bc14a02e8d9ec7bea5ba1a5f320a0e4626d,55798999931101324d4120589b1d83538c68a46a9f09b87e2508c02fd10f98d4,79464f2f1736dd7ad663510c03383b93e739990d8dbecd40e46cdaedd3ab3f80,275519b045f9056a9077213c05f6bb45a0a5a74937238fa9e598481f1c96c952,389,579,167,434,0.4436969103351183,joint_inhouse_gao
460,8.609999656677246,11.458958418062418,2.8489587613851715,2.8489587613851715,8.11656602407333,33.08895325188242,in-house,531,CC1=CC=C(S1)C2=C3C=C(SC3=C(C4=C2SC(C5=CC=C(S5)C6=C(C(F)=C(C(N=C7C8=CC=CC(OCCCCCCCC)=C8)=C6N=C7C9=CC=CC(OCCCCCCCC)=C9)C%10=CC=C(C)S%10)F)=C4)C%11=CC=C(S%11)C)C,O=C(C/1=C\C2=C(C3=C(S2)C(N4C5=CC=C(CCCCCC)C=C5)=C(C6=C4C7=C(C8=NSN=C68)C(SC9=C%10SC(/C=C%11C(C%12=CC(F)=C(C=C%12C\%11=C(C#N)/C#N)F)=O)=C9CCCCCCCCCCC)=C%10N7C%13=CC=C(CCCCCC)C=C%13)S3)CCCCCCCCCCC)C%14=CC(F)=C(F)C=C%14C1=C(C#N)/C#N,8.61,CC1=CC=C(S1)C2=C3C=C(SC3=C(C4=C2SC(C5=CC=C(S5)C6=C(C(F)=C(C(N=C7C8=CC=CC(OCCCCCCCC)=C8)=C6N=C7C9=CC=CC(OCCCCCCCC)=C9)C%10=CC=C(C)S%10)F)=C4)C%11=CC=C(S%11)C)C||O=C(C/1=C\C2=C(C3=C(S2)C(N4C5=CC=C(CCCCCC)C=C5)=C(C6=C4C7=C(C8=NSN=C68)C(SC9=C%10SC(/C=C%11C(C%12=CC(F)=C(C=C%12C\%11=C(C#N)/C#N)F)=O)=C9CCCCCCCCCCC)=C%10N7C%13=CC=C(CCCCCC)C=C%13)S3)CCCCCCCCCCC)C%14=CC(F)=C(F)C=C%14C1=C(C#N)/C#N,10c5457df92578377cfb47c3f579aed7b25f1c5c26447cba5001d2bd8bc92d44,3bc5e962960694d5a8c90d751d3f10c939059169c6882aed8bdcfb92d36d6776,e22880f6c1b2a88cf11f3e4e4bcfa79932666988ae1791749338521b14c66a6d,b28df0380b2c9ff52de08b42b13a0542e7a75d7188ea9da7779281fa3984a63e,269977663eae952ef29cef5e1a27453ff02fd13825c639b6addc2896b3fd4fe6,1071,808,160,436,0.7390904736157251,joint_inhouse_gao
463,8.539999961853027,7.979677261692463,-0.5603227001605644,0.5603227001605644,0.3139615283152258,6.561155768892818,in-house,535,FC1=C(C(OCC(CCCC)CC)=O)SC2=CSC(C3=CC4=C(C5=C(C(C6=CC=C(CC(CC)CCCC)S6)=C4S3)C=CS5)C7=CC=C(CC(CC)CCCC)S7)=C12,CCC(CC)(O1)C2=CC(C3=C(OC4(CC)CC)C=C(C5=C6C=C(C(OCCCCCCCC)=O)SC6=C(/C=C7/C(C(C=CC=C8)=C8C7=O)=C(C#N)/C#N)S5)S3)=C4C=C2C(S9)=C1C=C9C(SC(/C=C%10C(C%11=C(C/%10=C(C#N)\C#N)C=CC=C%11)=O)=C%12S%13)=C%12C=C%13C(OCCCCCCCC)=O,8.54,FC1=C(C(OCC(CCCC)CC)=O)SC2=CSC(C3=CC4=C(C5=C(C(C6=CC=C(CC(CC)CCCC)S6)=C4S3)C=CS5)C7=CC=C(CC(CC)CCCC)S7)=C12||CCC(CC)(O1)C2=CC(C3=C(OC4(CC)CC)C=C(C5=C6C=C(C(OCCCCCCCC)=O)SC6=C(/C=C7/C(C(C=CC=C8)=C8C7=O)=C(C#N)/C#N)S5)S3)=C4C=C2C(S9)=C1C=C9C(SC(/C=C%10C(C%11=C(C/%10=C(C#N)\C#N)C=CC=C%11)=O)=C%12S%13)=C%12C=C%13C(OCCCCCCCC)=O,2249a87c8fc0450476e55f070a85b71ffa6beb368356c28f1302bad8bac422cb,313d0de9b4ea70a76d1fd57fd4aa4aac4e4fa85bcd31ec9182868bda3a7c1857,0b67a020398e7f7812eed0fb6ec4a1867f983dbcd4dd19673f22578bd6bbff13,16e208219bfd1baea6b666257f62244393330ca6311ca756cd4b621ec5c8acbe,5d4474fe4175d1e0da4d991e8801d45bdd59b46dd4b7fafc34962afbfe4b872d,49,113,419,439,0.5056345336534773,joint_inhouse_gao
468,8.5,6.957024111606107,-1.5429758883938929,1.5429758883938929,2.380774592164923,18.152657510516388,in-house,540,FC(C(F)=C(C1=NSN=C21)C3=CC(CCCCCCCCCCCCCCCCCCCC)=C(S3)C)=C2C4=CC(C#CC#CC#CC#CC#CC#CC#CC#CC#CC#C)=C(S4)C(S5)=CC=C5C6=CC7=C(SC(C)=C7)C=C6.[HH].[HH].[HH].[HH].[HH].[HH].[HH].[HH].[HH].[HH],N#C/C(C#N)=C(C1=CC=CC=C1C2=O)/C2=C/C3=CC4=C(C5=C(C=C6C(C(CCCCCC)(CCCCCC)C7=C6SC(/C=C8/C(C9=CC=CC=C9C8=O)=C(C#N)/C#N)=C7)=C5)C4(CCCCCC)CCCCCC)S3,8.5,FC(C(F)=C(C1=NSN=C21)C3=CC(CCCCCCCCCCCCCCCCCCCC)=C(S3)C)=C2C4=CC(C#CC#CC#CC#CC#CC#CC#CC#CC#CC#C)=C(S4)C(S5)=CC=C5C6=CC7=C(SC(C)=C7)C=C6.[HH].[HH].[HH].[HH].[HH].[HH].[HH].[HH].[HH].[HH]||N#C/C(C#N)=C(C1=CC=CC=C1C2=O)/C2=C/C3=CC4=C(C5=C(C=C6C(C(CCCCCC)(CCCCCC)C7=C6SC(/C=C8/C(C9=CC=CC=C9C8=O)=C(C#N)/C#N)=C7)=C5)C4(CCCCCC)CCCCCC)S3,5720aee2a2a66d9124b18859c017dac89e6fa8f72912d6b9d5b9753447490b09,0cc00e1ba2d95fe8288dc072edf395ee6fc3678daa4e12f6703c7be7d2c5a409,dd901d85276a71549bcfc11718adfa1b49fa1f172f851edaa12bfcadfb404294,5b3d7237e812f87c9def647a48e6b994ad1b3fe76b94ddd514950b090179833a,69ba9c8b170233528afc9c7457be90b40046ebf27eaf404aa456bf61ed9539f3,1048,428,478,444,0.6703859325681715,joint_inhouse_gao
472,8.430000305175781,7.858968347606092,-0.5710319575696889,0.5710319575696889,0.326077496565871,6.773807080636658,in-house,544,FC(C(F)=C(C1=NN(N=C21)CCC(CCCC)CCCCCC)C3=CC=C(S3)C)=C2C(S4)=CC=C4C5=CC(C(CCCC(CCCCCC)CCCC)=C6SC(C)=CC6=C7CCCC(CCCC)CCCCCC)=C7S5,O=C1C2=C(C=CC=C2)C(/C1=C/C(S3)=CC4=C3C(SC5=C6SC7=C5OC(C8=CC=C(CCCCCC)C=C8)(C9=CC=C(CCCCCC)C=C9)C%10=C7SC(/C=C%11/C(C(C=CC=C%12)=C%12C%11=O)=C(C#N)\C#N)=C%10)=C6OC4(C%13=CC=C(CCCCCC)C=C%13)C%14=CC=C(CCCCCC)C=C%14)=C(C#N)/C#N,8.43,FC(C(F)=C(C1=NN(N=C21)CCC(CCCC)CCCCCC)C3=CC=C(S3)C)=C2C(S4)=CC=C4C5=CC(C(CCCC(CCCCCC)CCCC)=C6SC(C)=CC6=C7CCCC(CCCC)CCCCCC)=C7S5||O=C1C2=C(C=CC=C2)C(/C1=C/C(S3)=CC4=C3C(SC5=C6SC7=C5OC(C8=CC=C(CCCCCC)C=C8)(C9=CC=C(CCCCCC)C=C9)C%10=C7SC(/C=C%11/C(C(C=CC=C%12)=C%12C%11=O)=C(C#N)\C#N)=C%10)=C6OC4(C%13=CC=C(CCCCCC)C=C%13)C%14=CC=C(CCCCCC)C=C%14)=C(C#N)/C#N,45e95ea37da5bc3e18f2c067cb95f73c851335176098d8fca22fcb29952b2779,958c05579ac95bcc7de8741ddddbe7e87c7dc6a8970469b134fd47ea0d739414,c240fff88eb5fbffeed8d67c0aa13fea5f6eee89819002a9e3f0d4e49052dac9,bc530c3976e51fff6afa431f2e6cb4b203872e532391b7cf93c2515844dfb483,033451167354ec805cb78c119e91997323c40f640875508a4885a3055a51b518,927,863,14,448,0.5441742837698255,joint_inhouse_gao
473,8.399999618530273,11.016201245902788,2.616201627372515,2.616201627372515,6.844510955066596,31.14525888312201,in-house,545,O=C1C2=C(CC(CC)CCCC)SC(CC(CC)CCCC)=C2C(C3=C(C4=CC=C(C5=CC(C(C6=CC(F)=C(CC(CC)CCCC)S6)=C(SC=C7)C7=C8C9=CC(F)=C(CC(CC)CCCC)S9)=C8S5)S4)SC(C%10=CC=CS%10)=C31)=O,c12cc3c(cc1C(c1c2sc2c1sc(c2)/C=C\1/C(=C(C#N)C#N)c2c(C1=O)cccc2)(c1ccc(cc1)CCCCCC)c1ccc(cc1)CCCCCC)c1c(C3(c2ccc(cc2)CCCCCC)c2ccc(cc2)CCCCCC)c2c(s1)cc(s2)/C=C\1/C(=C(C#N)C#N)c2c(C1=O)cccc2,8.4,O=C1C2=C(CC(CC)CCCC)SC(CC(CC)CCCC)=C2C(C3=C(C4=CC=C(C5=CC(C(C6=CC(F)=C(CC(CC)CCCC)S6)=C(SC=C7)C7=C8C9=CC(F)=C(CC(CC)CCCC)S9)=C8S5)S4)SC(C%10=CC=CS%10)=C31)=O||c12cc3c(cc1C(c1c2sc2c1sc(c2)/C=C\1/C(=C(C#N)C#N)c2c(C1=O)cccc2)(c1ccc(cc1)CCCCCC)c1ccc(cc1)CCCCCC)c1c(C3(c2ccc(cc2)CCCCCC)c2ccc(cc2)CCCCCC)c2c(s1)cc(s2)/C=C\1/C(=C(C#N)C#N)c2c(C1=O)cccc2,65482d735aa1f382b817dd8d95b1689b39b0b3c26138949c2680844f1b1f5ea0,202f8607af2cecb83e86b2e4305f8c7e2852bc709bb805b9055691d46a9081c5,bc5bd7b75e4a5b3ce65983b8e0705ddcda5af358a704095e0d4330f37e5ea594,6f41a72e9b9b1068c1c45af4fd809c0874066a325a6de28e9531f37e8c400a45,c919a9f6614c3d12b6be730d45112b5574d2f5d8107142c76ea99b1ec4c8e41c,894,540,922,449,0.4560451326975579,joint_inhouse_gao
479,8.329999923706055,8.614656311450618,0.2846563877445636,0.2846563877445636,0.0810292590837833,3.417243581653224,in-house,551,O=C(C1=C(CC(CCCC)CC)SC(CC(CCCC)CC)=C12)C3=C(C4=CC=CS4)SC(C(S5)=CC=C5C6=CC7=C(C8=CC=C(CC(CCCC)CCCCCC)C=C8)C(SC=C9)=C9C(C%10=CC=C(CC(CCCCCC)CCCC)C=C%10)=C7S6)=C3C2=O,O=C(C1=C(C=C(F)C=C1)C/2=C(C#N)\C#N)C2=C/C3=CC(C4(C5=CC=C(C=C5)CCCCCC)C(C=C6)=CC=C6CCCCCC)=C(C(C=C7C8(C9=CC=C(CCCCCC)C=C9)C%10=CC=C(CCCCCC)C=C%10)=C4C=C7C%11=C8C=C(/C=C%12C(C%13=C(C=CC(F)=C%13)C\%12=C(C#N)\C#N)=O)S%11)S3,8.33,O=C(C1=C(CC(CCCC)CC)SC(CC(CCCC)CC)=C12)C3=C(C4=CC=CS4)SC(C(S5)=CC=C5C6=CC7=C(C8=CC=C(CC(CCCC)CCCCCC)C=C8)C(SC=C9)=C9C(C%10=CC=C(CC(CCCCCC)CCCC)C=C%10)=C7S6)=C3C2=O||O=C(C1=C(C=C(F)C=C1)C/2=C(C#N)\C#N)C2=C/C3=CC(C4(C5=CC=C(C=C5)CCCCCC)C(C=C6)=CC=C6CCCCCC)=C(C(C=C7C8(C9=CC=C(CCCCCC)C=C9)C%10=CC=C(CCCCCC)C=C%10)=C4C=C7C%11=C8C=C(/C=C%12C(C%13=C(C=CC(F)=C%13)C\%12=C(C#N)\C#N)=O)S%11)S3,826e531b71e4c0ef06b575364b50a339b3da70c19584a5cd5231c22bd6d85201,57331ab81447a10c187509f7681c424b34e2885c64bc2ecf5873f5285e011e1e,22cd80d0bf86ba68b5bde24e991fc3c7f70578575122308fa3c540183de715e4,6042d4e67904b5534dc7f682cb32eb5e6137c43fa29ed5fd6da98aa313fc536a,f205197f05f7f6e28432d371c444e5ca8f3c5d0520c8a7b31cb3d9dfec4d0b06,161,459,1130,455,0.6493881779466635,joint_inhouse_gao
483,8.300000190734863,8.750256524227634,0.4502563334927707,0.4502563334927707,0.2027307658503531,5.424774977660646,in-house,555,O=C(C1=C(CCC(CCCC)CC)SC(CCC(CC)CCCC)=C1C2=O)C(C2=C(C3)C(C4)=CC=C4C5=CC6=C(C(C7=CC=C(CCC(CCCC)CC)S7)=C8C=CSC8=C6C9=CC=C(CCC(CCCC)CC)S9)S5)=C3C%10=CC=CS%10,O=C(C1=C(C=C(C)C=C1)C/2=C(C#N)\C#N)C2=C/C3=CC4=C(C(C=C(C=C(C(C5=CC=C(C=C5)CCCCCC)(C6=C7SC(/C=C8C(C9=C(C=C(C)C=C9)C\8=C(C#N)\C#N)=O)=C6)C%10=CC=C(C=C%10)CCCCCC)C7=C%11)C%11=C%12)=C%12C4(C%13=CC=C(CCCCCC)C=C%13)C%14=CC=C(CCCCCC)C=C%14)C3,8.3,O=C(C1=C(CCC(CCCC)CC)SC(CCC(CC)CCCC)=C1C2=O)C(C2=C(C3)C(C4)=CC=C4C5=CC6=C(C(C7=CC=C(CCC(CCCC)CC)S7)=C8C=CSC8=C6C9=CC=C(CCC(CCCC)CC)S9)S5)=C3C%10=CC=CS%10||O=C(C1=C(C=C(C)C=C1)C/2=C(C#N)\C#N)C2=C/C3=CC4=C(C(C=C(C=C(C(C5=CC=C(C=C5)CCCCCC)(C6=C7SC(/C=C8C(C9=C(C=C(C)C=C9)C\8=C(C#N)\C#N)=O)=C6)C%10=CC=C(C=C%10)CCCCCC)C7=C%11)C%11=C%12)=C%12C4(C%13=CC=C(CCCCCC)C=C%13)C%14=CC=C(CCCCCC)C=C%14)C3,6f31f3770fd225e382586e20513744e11a328b7cc74c758d48628417c600a02b,39c1670b09f9397538f05463c3a814817fd3d5be7f4dd7016101fad6dc0fe0ed,a5f6d66f221530a1dbffb46762270129fd11075ce662e904dae40989eb769a57,193216d415d03b1ed438fb139d176104861177b327a5b6fe11fccd59c1b02b72,7f60d5169ccea0b8d172a0b0a432bdd77805d3f590890b62e4db44f10b30a953,769,124,578,459,0.5051044961887429,joint_inhouse_gao
487,8.260000228881836,7.622584215485223,-0.6374160133966127,0.6374160133966127,0.4062991741344307,7.71690067474611,in-house,559,O=C(C1=C(CCC(CCCC)CC)SC(CCC(CC)CCCC)=C1C2=O)C(C2=C(C3)C(C4)=CC=C4C5=CC6=C(C(C7=CC=C(CCC(CCCC)CC)S7)=C8C=CSC8=C6C9=CC=C(CCC(CCCC)CC)S9)S5)=C3C%10=CC=CS%10,O=C(/C(S/1)=C/C(C2=NSN=C32)=CC=C3C4=CC(SC5=C6C(C(C=C7)=CC=C7CCCCCC)(C(C=C8)=CC=C8CCCCCC)C(C5=C9)=CC%10=C9C(C%11=CC=C(CCCCCC)C=C%11)(C%12=CC=C(C=C%12)CCCCCC)C%13=C%10SC%14=C%13SC(C(C%15=NSN=C%16%15)=CC=C%16/C=C(C%17=O)\S/C(N%17CCCCCC)=C(C#N)/C#N)=C%14)=C6S4)N(CCCCCC)C1=C(C#N)\C#N,8.26,O=C(C1=C(CCC(CCCC)CC)SC(CCC(CC)CCCC)=C1C2=O)C(C2=C(C3)C(C4)=CC=C4C5=CC6=C(C(C7=CC=C(CCC(CCCC)CC)S7)=C8C=CSC8=C6C9=CC=C(CCC(CCCC)CC)S9)S5)=C3C%10=CC=CS%10||O=C(/C(S/1)=C/C(C2=NSN=C32)=CC=C3C4=CC(SC5=C6C(C(C=C7)=CC=C7CCCCCC)(C(C=C8)=CC=C8CCCCCC)C(C5=C9)=CC%10=C9C(C%11=CC=C(CCCCCC)C=C%11)(C%12=CC=C(C=C%12)CCCCCC)C%13=C%10SC%14=C%13SC(C(C%15=NSN=C%16%15)=CC=C%16/C=C(C%17=O)\S/C(N%17CCCCCC)=C(C#N)/C#N)=C%14)=C6S4)N(CCCCCC)C1=C(C#N)\C#N,6f31f3770fd225e382586e20513744e11a328b7cc74c758d48628417c600a02b,4da3cebe78c96a8bee5c1562cc09c06cd7e893c3670f05122be6e03840af6f22,a0acdf2ad7f0ed4bd72ea71895835293921b6c20e616e90ab1254463481ade12,15cf52e456acacfb4c3bd7ac271e1814fb18dac5b89c80a3cc74fd56dad955d2,97e001f840015da66161c01434b73a15bfcaef6ae9dba5491141af98822635a4,741,109,686,383,0.4896201442447727,joint_inhouse_gao
488,8.25,8.594829634864732,0.3448296348647321,0.3448296348647321,0.1189074770809445,4.179753149875542,in-house,561,FC(C(F)=C(C1=NN(N=C21)CCC(CCCC)CCCCCC)C3=CC=C(S3)C)=C2C(S4)=CC=C4C5=CC(C(CCCC(CCCCCC)CCCC)=C6SC(C)=CC6=C7CCCC(CCCC)CCCCCC)=C7S5,O=C1C2=C(C=C(F)C(F)=C2)C(/C1=C/C(S3)=CC4=C3C(SC5=C6SC7=C5OC(C8=CC=C(CCCCCC)C=C8)(C9=CC=C(CCCCCC)C=C9)C%10=C7SC(/C=C%11/C(C(C=C(F)C(F)=C%12)=C%12C%11=O)=C(C#N)\C#N)=C%10)=C6OC4(C%13=CC=C(CCCCCC)C=C%13)C%14=CC=C(CCCCCC)C=C%14)=C(C#N)/C#N,8.25,FC(C(F)=C(C1=NN(N=C21)CCC(CCCC)CCCCCC)C3=CC=C(S3)C)=C2C(S4)=CC=C4C5=CC(C(CCCC(CCCCCC)CCCC)=C6SC(C)=CC6=C7CCCC(CCCC)CCCCCC)=C7S5||O=C1C2=C(C=C(F)C(F)=C2)C(/C1=C/C(S3)=CC4=C3C(SC5=C6SC7=C5OC(C8=CC=C(CCCCCC)C=C8)(C9=CC=C(CCCCCC)C=C9)C%10=C7SC(/C=C%11/C(C(C=C(F)C(F)=C%12)=C%12C%11=O)=C(C#N)\C#N)=C%10)=C6OC4(C%13=CC=C(CCCCCC)C=C%13)C%14=CC=C(CCCCCC)C=C%14)=C(C#N)/C#N,45e95ea37da5bc3e18f2c067cb95f73c851335176098d8fca22fcb29952b2779,6736e5e8962acf57e916d4fd26398c0fe28531637902f144f596ecb3b9a9743b,60c09edd69ea6ec193b8a03465dad09dac48326e6ba407b219f7ec78863e1c82,136417250b9d6ed5cfaa8e27073c73bf4e3bb31397a78fab5d20f2f6d20e6888,b0c4426d7c1d6fcf29f5c239c0649d7f5e6afd10d5ba3d71668dd2030a64ddf5,434,92,814,463,0.5921625464709231,joint_inhouse_gao
491,8.210000038146973,8.749638972896161,0.5396389347491883,0.5396389347491883,0.2912101798972387,6.5729467995348125,in-house,564,CC1=CC2=C(C3=C(C(C4=CC=C(S4)C)=C2S1)C=C(C5=C(CC6CCCCC6)C=C(C7=C(C(C8=C(SC(CC(CCCC)CC)=C8C9=O)CC(CCCC)CC)=O)C9=C(C%10=CC(CC%11CCCCC%11)=C(S%10)C)S7)S5)S3)C%12=CC=C(S%12)C,c12cc3c(cc1C(c1c2sc2c1sc(c2)/C=C\1/C(=C(C#N)C#N)c2c(C1=O)cccc2)(c1ccc(cc1)CCCCCC)c1ccc(cc1)CCCCCC)c1c(C3(c2ccc(cc2)CCCCCC)c2ccc(cc2)CCCCCC)c2c(s1)cc(s2)/C=C\1/C(=C(C#N)C#N)c2c(C1=O)cccc2,8.21,CC1=CC2=C(C3=C(C(C4=CC=C(S4)C)=C2S1)C=C(C5=C(CC6CCCCC6)C=C(C7=C(C(C8=C(SC(CC(CCCC)CC)=C8C9=O)CC(CCCC)CC)=O)C9=C(C%10=CC(CC%11CCCCC%11)=C(S%10)C)S7)S5)S3)C%12=CC=C(S%12)C||c12cc3c(cc1C(c1c2sc2c1sc(c2)/C=C\1/C(=C(C#N)C#N)c2c(C1=O)cccc2)(c1ccc(cc1)CCCCCC)c1ccc(cc1)CCCCCC)c1c(C3(c2ccc(cc2)CCCCCC)c2ccc(cc2)CCCCCC)c2c(s1)cc(s2)/C=C\1/C(=C(C#N)C#N)c2c(C1=O)cccc2,4f538a2d344425a19fc843077e35c05d01416ad5f7b3540f54fd0b4479f2c87d,202f8607af2cecb83e86b2e4305f8c7e2852bc709bb805b9055691d46a9081c5,bbb62bcdf37d08cafbaaca37c6d747ab65a6b5fcd5767124d3c6cf60485634b6,2d8cddd6911c09729cb972d1a7a68760b3a63200d0352e99ad596e07991b3c03,50ef12f1be89e76e46f71941aaab2cc0ea0b7f1027cf6e5d48f1c21e64ff9386,887,219,361,466,0.5142483926341795,joint_inhouse_gao
499,8.119999885559082,10.396766549289817,2.2767666637307347,2.2767666637307347,5.18366644107558,28.03899871698057,in-house,574,O=C(C1=C(CCC(CCCC)CC)SC(CCC(CC)CCCC)=C1C2=O)C(C2=C(C3)C(C4)=CC=C4C5=CC6=C(C(C7=CC=C(CCC(CCCC)CC)S7)=C8C=CSC8=C6C9=CC=C(CCC(CCCC)CC)S9)S5)=C3C%10=CC=CS%10,O=C(C1=C(C=C(F)C(F)=C1)C/2=C(C#N)\C#N)C2=C/C3=CC(C4(C(C=C5)=CC=C5CCCCCC)C(C=C6)=CC=C6CCCCCC)=C(C(SC7=C8)=C4C7=CC9=C8C%10=C(C(SC(/C=C%11/C(C(C=C(F)C(F)=C%12)=C%12C%11=O)=C(C#N)/C#N)=C%13)=C%13C%10(C(C=C%14)=CC=C%14CCCCCC)C%15=CC=C(C=C%15)CCCCCC)S9)S3,8.12,O=C(C1=C(CCC(CCCC)CC)SC(CCC(CC)CCCC)=C1C2=O)C(C2=C(C3)C(C4)=CC=C4C5=CC6=C(C(C7=CC=C(CCC(CCCC)CC)S7)=C8C=CSC8=C6C9=CC=C(CCC(CCCC)CC)S9)S5)=C3C%10=CC=CS%10||O=C(C1=C(C=C(F)C(F)=C1)C/2=C(C#N)\C#N)C2=C/C3=CC(C4(C(C=C5)=CC=C5CCCCCC)C(C=C6)=CC=C6CCCCCC)=C(C(SC7=C8)=C4C7=CC9=C8C%10=C(C(SC(/C=C%11/C(C(C=C(F)C(F)=C%12)=C%12C%11=O)=C(C#N)/C#N)=C%13)=C%13C%10(C(C=C%14)=CC=C%14CCCCCC)C%15=CC=C(C=C%15)CCCCCC)S9)S3,6f31f3770fd225e382586e20513744e11a328b7cc74c758d48628417c600a02b,5a50743e7550aad0c262205fb50e3c0e8d08de60b9b67d5600322eff19eee597,ab129fc7822758ff5d30ff171e6d33afca3d0c09a96570bf0dd92646e9ae67d5,44946bb213a0c0cb52a663f1efa05a35b44f3895a4763bf243fb55c7dab1267d,9afef1f51dfb843fc931943f78be84d86266d2ac7e69727b7407390282ad9727,795,327,704,474,0.465111861395915,joint_inhouse_gao
503,8.100000381469727,9.157834015270272,1.057833633800545,1.057833633800545,1.1190119967996657,13.059673876319048,in-house,579,O=C(C1=C(CCC(CCCC)CC)SC(CCC(CC)CCCC)=C1C2=O)C(C2=C(C3)C(C4)=CC=C4C5=CC6=C(C(C7=CC=C(CCC(CCCC)CC)S7)=C8C=CSC8=C6C9=CC=C(CCC(CCCC)CC)S9)S5)=C3C%10=CC=CS%10,O=C(C1=C(C=C(F)C=C1)C/2=C(C#N)\C#N)C2=C/C3=CC4=C(C(C=C(C=C(C(C5=CC=C(C=C5)CCCCCC)(C6=C7SC(/C=C8C(C9=C(C=C(F)C=C9)C\8=C(C#N)\C#N)=O)=C6)C%10=CC=C(C=C%10)CCCCCC)C7=C%11)C%11=C%12)=C%12C4(C%13=CC=C(CCCCCC)C=C%13)C%14=CC=C(CCCCCC)C=C%14)C3,8.1,O=C(C1=C(CCC(CCCC)CC)SC(CCC(CC)CCCC)=C1C2=O)C(C2=C(C3)C(C4)=CC=C4C5=CC6=C(C(C7=CC=C(CCC(CCCC)CC)S7)=C8C=CSC8=C6C9=CC=C(CCC(CCCC)CC)S9)S5)=C3C%10=CC=CS%10||O=C(C1=C(C=C(F)C=C1)C/2=C(C#N)\C#N)C2=C/C3=CC4=C(C(C=C(C=C(C(C5=CC=C(C=C5)CCCCCC)(C6=C7SC(/C=C8C(C9=C(C=C(F)C=C9)C\8=C(C#N)\C#N)=O)=C6)C%10=CC=C(C=C%10)CCCCCC)C7=C%11)C%11=C%12)=C%12C4(C%13=CC=C(CCCCCC)C=C%13)C%14=CC=C(CCCCCC)C=C%14)C3,6f31f3770fd225e382586e20513744e11a328b7cc74c758d48628417c600a02b,955dc6d9f28102be4b654a7faf4f948b8211e078e635f21e6a71a83bf950820c,bdc76f5666a4a4e76632e7e8827d65febe8385bcb4e5301cc3fdd19eee6d11b4,64f5347c3e509270d735412ed644315d645cc7fb963c81497b89d92b22ad0fd2,afa49a3d317ed2ebc32122a55891ab7f066a1896968df918499d112fb6839943,903,482,803,478,0.4857809606247352,joint_inhouse_gao
508,8.0,8.565478107716778,0.5654781077167783,0.5654781077167783,0.3197654903069483,7.068476346459729,in-house,585,CC1=CC=C(S1)C2=C(C(F)=C(C3=NSN=C23)C4=CC=C(S4)C5=C(CC(CCCCCC)CCCCCCCC)C=C(C6=C(CC(CCCCCCCC)CCCCCC)C=C(C(C7=NSN=C78)=C(C(F)=C8C9=CC(CC(CCCCCC)CCCCCCCC)=C(C%10=CC(CC(CCCCCC)CCCCCCCC)=C(C)S%10)S9)F)S6)S5)F,O=C(C1=CC=CC=C1C/2=C(C#N)\C#N)C2=C/C3=CC4=C(C(C(C5=CC=C(CCCCCC)S5)(C6=C7C=C8C(C9=CC=C(S9)CCCCCC)(C%10=CC=C(S%10)CCCCCC)C%11=C(SC%12=C%11SC(/C=C%13C(C%14=CC=CC=C%14C\%13=C(C#N)\C#N)=O)=C%12)C8=C6)C(S%15)=CC=C%15CCCCCC)=C7S4)S3,8.0,CC1=CC=C(S1)C2=C(C(F)=C(C3=NSN=C23)C4=CC=C(S4)C5=C(CC(CCCCCC)CCCCCCCC)C=C(C6=C(CC(CCCCCCCC)CCCCCC)C=C(C(C7=NSN=C78)=C(C(F)=C8C9=CC(CC(CCCCCC)CCCCCCCC)=C(C%10=CC(CC(CCCCCC)CCCCCCCC)=C(C)S%10)S9)F)S6)S5)F||O=C(C1=CC=CC=C1C/2=C(C#N)\C#N)C2=C/C3=CC4=C(C(C(C5=CC=C(CCCCCC)S5)(C6=C7C=C8C(C9=CC=C(S9)CCCCCC)(C%10=CC=C(S%10)CCCCCC)C%11=C(SC%12=C%11SC(/C=C%13C(C%14=CC=CC=C%14C\%13=C(C#N)\C#N)=O)=C%12)C8=C6)C(S%15)=CC=C%15CCCCCC)=C7S4)S3,3cb0c9ad025ea36cb11952abd0ed4903fd317c0d2d3a1978d43e09b67904674e,324d6e5b76a9400503a81056ec0f63ac76d712428565dd1fa4bf1871d8f66e0c,fb29c9b2df47eb72306f8a411578b8e2295293e354c3e8907cd7b84c4bdfad49,8dd1f11de91df0efa741df91861c25e30cbc4caddf80deeaf11a61293fc73cf8,5066625b5e84b55e9caac9eea19251eb737d5b81936168e1dccb3cc85f81e92d,1171,665,359,483,0.6132651804092704,joint_inhouse_gao
509,7.960000038146973,9.20913590535079,1.249135867203817,1.249135867203817,1.5603404147350322,15.692661573084695,in-house,586,FC1=C(C(OCC(CCCC)CC)=O)SC2=CSC(C3=CC4=C(C5=C(C(C6=CC=C(CC(CC)CCCC)S6)=C4S3)C=CS5)C7=CC=C(CC(CC)CCCC)S7)=C12,CCC(CC)(O1)C2=CC(C3=C(OC4(CC)CC)C=C(C5=C6C=C(C(OCCCCCCCC)=O)SC6=C(/C=C7/C(C(C=C(F)C(F)=C8)=C8C7=O)=C(C#N)/C#N)S5)S3)=C4C=C2C(S9)=C1C=C9C(SC(/C=C%10C(C%11=C(C/%10=C(C#N)\C#N)C=C(F)C(F)=C%11)=O)=C%12S%13)=C%12C=C%13C(OCCCCCCCC)=O,7.96,FC1=C(C(OCC(CCCC)CC)=O)SC2=CSC(C3=CC4=C(C5=C(C(C6=CC=C(CC(CC)CCCC)S6)=C4S3)C=CS5)C7=CC=C(CC(CC)CCCC)S7)=C12||CCC(CC)(O1)C2=CC(C3=C(OC4(CC)CC)C=C(C5=C6C=C(C(OCCCCCCCC)=O)SC6=C(/C=C7/C(C(C=C(F)C(F)=C8)=C8C7=O)=C(C#N)/C#N)S5)S3)=C4C=C2C(S9)=C1C=C9C(SC(/C=C%10C(C%11=C(C/%10=C(C#N)\C#N)C=C(F)C(F)=C%11)=O)=C%12S%13)=C%12C=C%13C(OCCCCCCCC)=O,2249a87c8fc0450476e55f070a85b71ffa6beb368356c28f1302bad8bac422cb,d0177b49d8d02e17791148b3bc8999359f13581dbbd944e94f8722023648424b,78e77216990ca0689513c42f46e07811028e46bded2bfe84d03ee38119d4f87f,f8f9b06008917ee07ebbed9425ad11dede77d36f392941311a27d1170619139c,aa03cde2408434bed02bdbe2f6232339215177edad42ae8960aca4d832b41e50,555,1161,784,484,0.5127798952332292,joint_inhouse_gao
512,7.900000095367432,8.71259867318786,0.8125985778204292,0.8125985778204292,0.6603164486757842,10.286057822922531,in-house,589,O=C(C1=C(CCC(CCCC)CC)SC(CCC(CC)CCCC)=C1C2=O)C(C2=C(C3)C(C4)=CC=C4C5=CC6=C(C(C7=CC=C(CCC(CCCC)CC)S7)=C8C=CSC8=C6C9=CC=C(CCC(CCCC)CC)S9)S5)=C3C%10=CC=CS%10,CCCCCCC(C=C1)=CC=C1C2(C(C3=C(S4)C=C(S3)/C=C(C(C5=C6C=CC=C5OC)=O)\C6=C(C#N)\C#N)=C4C7=C2C=C(C8=C7)C9=C(C8(C%10=CC=C(C=C%10)CCCCCC)C%11=CC=C(C=C%11)CCCCCC)C%12=C(C=C(S%12)/C=C(/C(C%13=C%14C(OC)=CC=C%13)=C(C#N)\C#N)C%14=O)S9)C(C=C%15)=CC=C%15CCCCCC,7.9,O=C(C1=C(CCC(CCCC)CC)SC(CCC(CC)CCCC)=C1C2=O)C(C2=C(C3)C(C4)=CC=C4C5=CC6=C(C(C7=CC=C(CCC(CCCC)CC)S7)=C8C=CSC8=C6C9=CC=C(CCC(CCCC)CC)S9)S5)=C3C%10=CC=CS%10||CCCCCCC(C=C1)=CC=C1C2(C(C3=C(S4)C=C(S3)/C=C(C(C5=C6C=CC=C5OC)=O)\C6=C(C#N)\C#N)=C4C7=C2C=C(C8=C7)C9=C(C8(C%10=CC=C(C=C%10)CCCCCC)C%11=CC=C(C=C%11)CCCCCC)C%12=C(C=C(S%12)/C=C(/C(C%13=C%14C(OC)=CC=C%13)=C(C#N)\C#N)C%14=O)S9)C(C=C%15)=CC=C%15CCCCCC,6f31f3770fd225e382586e20513744e11a328b7cc74c758d48628417c600a02b,3060687913689d40f13167f2ea2d78aaaa2ca97498ed3b060c00ea040897beb7,c356ffeb2e5c3f75555f89349812e50e119e8a48a3ccee27e8158cfed6ad42e8,68431ff113f1671fbefacf1ba848e126d350a8ef0620c1f3874e1f25792c9ce8,fcd4248c948d4bd4209a1057c88c14eca5c8973c45bcc2007c8f803ee3fbd804,931,501,1178,487,0.6699326854543423,joint_inhouse_gao
514,7.849999904632568,8.652791079908315,0.8027911752757468,0.8027911752757468,0.6444736711006149,10.226639299727772,in-house,591,FC(C(F)=C(C1=NN(N=C21)CCC)C3=CC(CC(CCCCCCCCCC)CCCCCCCCCCCC)=C(S3)C4=CC=C(S4)C5=CC(F)=C(C=C5F)C6=CC=C(C)S6)=C2C7=CC(CC(CCCCCCCCCCCC)CCCCCCCCCC)=C(C)S7,c12cc3c(cc1C(c1c2sc2c1sc(c2)/C=C\1/C(=C(C#N)C#N)c2c(C1=O)cccc2)(c1ccc(cc1)CCCCCC)c1ccc(cc1)CCCCCC)c1c(C3(c2ccc(cc2)CCCCCC)c2ccc(cc2)CCCCCC)c2c(s1)cc(s2)/C=C\1/C(=C(C#N)C#N)c2c(C1=O)cccc2,7.85,FC(C(F)=C(C1=NN(N=C21)CCC)C3=CC(CC(CCCCCCCCCC)CCCCCCCCCCCC)=C(S3)C4=CC=C(S4)C5=CC(F)=C(C=C5F)C6=CC=C(C)S6)=C2C7=CC(CC(CCCCCCCCCCCC)CCCCCCCCCC)=C(C)S7||c12cc3c(cc1C(c1c2sc2c1sc(c2)/C=C\1/C(=C(C#N)C#N)c2c(C1=O)cccc2)(c1ccc(cc1)CCCCCC)c1ccc(cc1)CCCCCC)c1c(C3(c2ccc(cc2)CCCCCC)c2ccc(cc2)CCCCCC)c2c(s1)cc(s2)/C=C\1/C(=C(C#N)C#N)c2c(C1=O)cccc2,9a8df04966ed33d348b6c32ec29968e5c9f9a947ba20227865e8f68e6506e7d2,202f8607af2cecb83e86b2e4305f8c7e2852bc709bb805b9055691d46a9081c5,b51f1b68e7095fc7572a7a2932a4e276c549edeb34610b1eaa932b01b908f533,6fcbdb896d1015dee2a854178c8962f11e192f614c7c9680dbd07a61b01de16a,a8ae158141568dbe062d7216f4ffe0c377ff95d4e336078e535f7409f070a7d4,850,546,777,489,0.5193601689505529,joint_inhouse_gao
515,7.809999942779541,4.538916153482871,-3.2710837892966698,3.2710837892966698,10.69998915659946,41.88327545790617,in-house,592,FC1=CC(C2=CCC(C)S2)=C3C(N=C(C(C4=CC=CC(OCCCCCCCC)=C4)=N3)C5=CC=CC(OCCCCCCCC)=C5)=C1C6=CC=C(S6)C7=CC8=C(C9=C(C(C%10=CC(CCCCCCCC)=C(S%10)CCCCCCCC)=C8S7)C=C(C)S9)C%11=CC(CCCCCCCC)=C(S%11)CCCCCCCC,O=C(C1=CC=CC=C1C/2=C(C#N)\C#N)C2=C/C3=CC4=C(C(C(C5=CC=C(CCCCCC)S5)(C6=C7C=C8C(C9=CC=C(S9)CCCCCC)(C%10=CC=C(S%10)CCCCCC)C%11=C(SC%12=C%11SC(/C=C%13C(C%14=CC=CC=C%14C\%13=C(C#N)\C#N)=O)=C%12)C8=C6)C(S%15)=CC=C%15CCCCCC)=C7S4)S3,7.81,FC1=CC(C2=CCC(C)S2)=C3C(N=C(C(C4=CC=CC(OCCCCCCCC)=C4)=N3)C5=CC=CC(OCCCCCCCC)=C5)=C1C6=CC=C(S6)C7=CC8=C(C9=C(C(C%10=CC(CCCCCCCC)=C(S%10)CCCCCCCC)=C8S7)C=C(C)S9)C%11=CC(CCCCCCCC)=C(S%11)CCCCCCCC||O=C(C1=CC=CC=C1C/2=C(C#N)\C#N)C2=C/C3=CC4=C(C(C(C5=CC=C(CCCCCC)S5)(C6=C7C=C8C(C9=CC=C(S9)CCCCCC)(C%10=CC=C(S%10)CCCCCC)C%11=C(SC%12=C%11SC(/C=C%13C(C%14=CC=CC=C%14C\%13=C(C#N)\C#N)=O)=C%12)C8=C6)C(S%15)=CC=C%15CCCCCC)=C7S4)S3,c582506937fb6891c8afbb2f9020f0bb189637c5f1e88b4a3bb55e23cfa09329,324d6e5b76a9400503a81056ec0f63ac76d712428565dd1fa4bf1871d8f66e0c,46873e37d0389f38e4a3983b7ea5f0181416476c5ff4f6985e48af31ddc95218,0483e454bb855998bf4ac2fd232375cbc2450d63316aa22679fa5c2e44952a3e,1bf8bbd26416fbdf5de8a2c39acf906f8eb87c2d58983731b612d19878e39451,325,24,116,490,0.5911688439439564,joint_inhouse_gao
523,7.599999904632568,8.017733134845695,0.4177332302131269,0.4177332302131269,0.1745010516242933,5.496489940197213,in-house,603,[H]C1=C(SC(CC(CC)CCCC)=C1[Cl])C(C2=C3SC(C)=C2)=C4SC(C5=CC=C(S5)C6=C(C(F)=C(C7=NN(N=C67)CC(CCCCCCCC)CCCCCC)C8=CC=C(C)S8)F)=CC4=C3C9=C([H])C([H])=C(CC(CCCC)CC)S9,c1(cc2c(cc1F)C(=O)/C(=C\c1cc3c(s1)c1c(s3)c3c(C1(c1ccc(cc1)CCCCCC)c1ccc(cc1)CCCCCC)cc1c(c3)C(c3c1sc1c3sc(c1)/C=C/1\C(=O)c3c(C1=C(C#N)C#N)cc(c(c3)F)F)(c1ccc(cc1)CCCCCC)c1ccc(cc1)CCCCCC)/C2=C(C#N)C#N)F,7.6,[H]C1=C(SC(CC(CC)CCCC)=C1[Cl])C(C2=C3SC(C)=C2)=C4SC(C5=CC=C(S5)C6=C(C(F)=C(C7=NN(N=C67)CC(CCCCCCCC)CCCCCC)C8=CC=C(C)S8)F)=CC4=C3C9=C([H])C([H])=C(CC(CCCC)CC)S9||c1(cc2c(cc1F)C(=O)/C(=C\c1cc3c(s1)c1c(s3)c3c(C1(c1ccc(cc1)CCCCCC)c1ccc(cc1)CCCCCC)cc1c(c3)C(c3c1sc1c3sc(c1)/C=C/1\C(=O)c3c(C1=C(C#N)C#N)cc(c(c3)F)F)(c1ccc(cc1)CCCCCC)c1ccc(cc1)CCCCCC)/C2=C(C#N)C#N)F,0c41752953b176dce92170e3cd48559f30ae1b63091efbd84e3a329b15ec1046,69e17d1724b4236f68d0c6efb6ad16969f13f8980d301d0056747038b20f0c8d,db186e7237edc92fdff8ca55c2051f0672599f2559da5faeb9633bb214385af4,62cf9a3f3369f3a4c5660ed62a67e9eb6e080f7ab73765984cec460e1b293fc8,c1494a4ebf4d5204664ec771aa1ba0fa02a5ff3af7ade87ebf580d744f455b1f,1040,468,894,498,1.0105137697608535,joint_inhouse_gao
527,7.539999961853027,10.278030282199971,2.7380303203469456,2.7380303203469456,7.496810035139197,36.31339965781709,in-house,607,O=C(C1=C(CCC(CCCC)CC)SC(CCC(CC)CCCC)=C1C2=O)C(C2=C(C3)C(C4)=CC=C4C5=CC6=C(C(C7=CC=C(CCC(CCCC)CC)S7)=C8C=CSC8=C6C9=CC=C(CCC(CCCC)CC)S9)S5)=C3C%10=CC=CS%10,O=C(C1=C(SC(C2=CC3=C(C4=C(C3(CCCCCC)CCCCCC)C=C(/C=C5C(C6=CC(F)=C(C=C6C\5=C([N+]#[C-])\C#N)F)=O)S4)S2)=C17)C8=CC9=C(C%10=C(C9(CCCCCC)CCCCCC)C=C(/C=C%11/C(C%12=CC(F)=C(C=C%12C%11=O)F)=C(C#N)/[N+]#[C-])S%10)S8)C%13=C(CC(CCCC)CC)SC(CC(CCCC)CC)=C%13C7=O,7.54,O=C(C1=C(CCC(CCCC)CC)SC(CCC(CC)CCCC)=C1C2=O)C(C2=C(C3)C(C4)=CC=C4C5=CC6=C(C(C7=CC=C(CCC(CCCC)CC)S7)=C8C=CSC8=C6C9=CC=C(CCC(CCCC)CC)S9)S5)=C3C%10=CC=CS%10||O=C(C1=C(SC(C2=CC3=C(C4=C(C3(CCCCCC)CCCCCC)C=C(/C=C5C(C6=CC(F)=C(C=C6C\5=C([N+]#[C-])\C#N)F)=O)S4)S2)=C17)C8=CC9=C(C%10=C(C9(CCCCCC)CCCCCC)C=C(/C=C%11/C(C%12=CC(F)=C(C=C%12C%11=O)F)=C(C#N)/[N+]#[C-])S%10)S8)C%13=C(CC(CCCC)CC)SC(CC(CCCC)CC)=C%13C7=O,6f31f3770fd225e382586e20513744e11a328b7cc74c758d48628417c600a02b,4f51f3740def94358e50b66eedb93f4baaad0293cdc5c0e38fa8e7f0bc4f8921,588fd52b41785d54b78b742c877b37782bf0011101555b5dfcdb99aa6f936063,02c354ba9826fd7758b5b10e179772c9791f11acf463e2f3bc51de17d593b060,f082d7b5394555f75565d499aebda224ffc95bc925397c046ed017d5576c8488,397,14,1125,501,0.5011452502154066,joint_inhouse_gao
530,7.510000228881836,14.664602629028924,7.154602400147089,7.154602400147089,51.18833550419049,95.26767219835808,in-house,610,FC(C=C(C1=C2SC=CC2=C(C3=CC(F)=C(CC(CCCC)CC)S3)C4=C1C=C(C5=CC=C(C6=C(C(C(C7=C(CC(CCCC)CC)SC(CC(CC)CCCC)=C78)=O)=C(C9=CC=CC9)S6)C8=O)S5)S4)S%10)=C%10CC(CC)CCCC,O=C(C(C=C(C(Br)=C1)Br)=C1C/2=C(C#N)/C#N)C2=C/C3=C(CCCCCCCCCCC)C(SC(C4=C5C6=C(C7=C(N6CCCCCCCC)C8=C(C(CCCCCCCCCCC)=C(S8)/C=C9C(C%10=C(C=C(Br)C(Br)=C%10)C\9=C(C#N)/C#N)=O)S7)C%11=NSN=C%114)=C%12N5CCCCCCCC)=C%12S3,7.51,FC(C=C(C1=C2SC=CC2=C(C3=CC(F)=C(CC(CCCC)CC)S3)C4=C1C=C(C5=CC=C(C6=C(C(C(C7=C(CC(CCCC)CC)SC(CC(CC)CCCC)=C78)=O)=C(C9=CC=CC9)S6)C8=O)S5)S4)S%10)=C%10CC(CC)CCCC||O=C(C(C=C(C(Br)=C1)Br)=C1C/2=C(C#N)/C#N)C2=C/C3=C(CCCCCCCCCCC)C(SC(C4=C5C6=C(C7=C(N6CCCCCCCC)C8=C(C(CCCCCCCCCCC)=C(S8)/C=C9C(C%10=C(C=C(Br)C(Br)=C%10)C\9=C(C#N)/C#N)=O)S7)C%11=NSN=C%114)=C%12N5CCCCCCCC)=C%12S3,61eee9608e36bdb1d3a96a3ad1baa39916f3a546e29d11481966a5a2d3d30f3c,61e1083ae266a0c0d0562f5978ecf2ec4d01974439c1e3d455b138ce4d181741,dfddec171cf5b907634b3cfa86ae2f60a5ca0d06e64dba8008bb5a7dfb986dfd,1007fcb65d03ac3eeffadbcf7be9e35f5be3e82b10b7b415fcc3c39c62d68d0a,4a49993e99cf73bd0b6b87efb3bce026b4400c5ec011d9f500e4b2d22c88bd9b,1058,77,326,33,0.5653089549045167,joint_inhouse_gao
532,7.510000228881836,7.184055885466019,-0.3259443434158173,0.3259443434158173,0.1062397150047682,4.340137596298678,in-house,612,FC1=C(C(OCC(CCCC)CC)=O)SC2=CSC(C3=CC4=C(C5=C(C(C6=CC=C(CC(CC)CCCC)S6)=C4S3)C=CS5)C7=CC=C(CC(CC)CCCC)S7)=C12,c12cc3c(cc1C(c1c2sc2c1sc(c2)/C=C\1/C(=C(C#N)C#N)c2c(C1=O)cccc2)(c1ccc(cc1)OCCCCCC)c1ccc(cc1)OCCCCCC)c1c(C3(c2ccc(cc2)OCCCCCC)c2ccc(cc2)OCCCCCC)c2c(s1)cc(s2)/C=C\1/C(=C(C#N)C#N)c2c(C1=O)cccc2,7.51,FC1=C(C(OCC(CCCC)CC)=O)SC2=CSC(C3=CC4=C(C5=C(C(C6=CC=C(CC(CC)CCCC)S6)=C4S3)C=CS5)C7=CC=C(CC(CC)CCCC)S7)=C12||c12cc3c(cc1C(c1c2sc2c1sc(c2)/C=C\1/C(=C(C#N)C#N)c2c(C1=O)cccc2)(c1ccc(cc1)OCCCCCC)c1ccc(cc1)OCCCCCC)c1c(C3(c2ccc(cc2)OCCCCCC)c2ccc(cc2)OCCCCCC)c2c(s1)cc(s2)/C=C\1/C(=C(C#N)C#N)c2c(C1=O)cccc2,2249a87c8fc0450476e55f070a85b71ffa6beb368356c28f1302bad8bac422cb,2fc7b353270f61ced8b2448b3caced6f270384248a93de6efbe60c799205a6dc,0b01775e8f00cd515043736c5a8043a7387147f9d1aa930c2e71d420a97531b2,97a6d1f7a547b22a9cdb9821410f7e4ca9bdfe0cc11c37737c9459c0423202a2,d4ec76e3dee6882885e0b12598fda6e77e6fd31f96245bd6116d62a69c0a8ee8,48,708,975,505,0.4124826039328804,joint_inhouse_gao
536,7.460000038146973,11.45093551484665,3.990935476699677,3.990935476699677,15.92756597918008,53.4977943202666,in-house,616,O=C1C2=C(CC(CC)CCCC)SC(CC(CC)CCCC)=C2C(C3=C(C4=CC=C(C5=CC(C(C6=CC(F)=C(CC(CC)CCCC)S6)=C(SC=C7)C7=C8C9=CC(F)=C(CC(CC)CCCC)S9)=C8S5)S4)SC(C%10=CC=CS%10)=C31)=O,c1cccc2c1C(=C(C#N)C#N)/C(=C/c1cc3c(s1)c1c([se]3)c3c(C1(c1ccc(cc1)CCCCCC)c1ccc(cc1)CCCCCC)cc1c(c3)C(c3c1[se]c1c3sc(c1)/C=C\1/C(=C(C#N)C#N)c3c(C1=O)cccc3)(c1ccc(cc1)CCCCCC)c1ccc(cc1)CCCCCC)/C2=O,7.46,O=C1C2=C(CC(CC)CCCC)SC(CC(CC)CCCC)=C2C(C3=C(C4=CC=C(C5=CC(C(C6=CC(F)=C(CC(CC)CCCC)S6)=C(SC=C7)C7=C8C9=CC(F)=C(CC(CC)CCCC)S9)=C8S5)S4)SC(C%10=CC=CS%10)=C31)=O||c1cccc2c1C(=C(C#N)C#N)/C(=C/c1cc3c(s1)c1c([se]3)c3c(C1(c1ccc(cc1)CCCCCC)c1ccc(cc1)CCCCCC)cc1c(c3)C(c3c1[se]c1c3sc(c1)/C=C\1/C(=C(C#N)C#N)c3c(C1=O)cccc3)(c1ccc(cc1)CCCCCC)c1ccc(cc1)CCCCCC)/C2=O,65482d735aa1f382b817dd8d95b1689b39b0b3c26138949c2680844f1b1f5ea0,c27f15446f15731f9bdb3617f03f47b80b0f7acf0fcc0376b614f2a9afa38f07,49714f25cd1a138188bee35759d20d503afe170bb68f28e6e73346035793c780,2fcbca0db6b984a632b21c9711b05dc96f87bfcbd74b9983f8c02183b77d0148,ee26c7914883215ec8704258a9d75c8077881d0530b4be1e9bec8095b2d51e2e,342,235,1116,509,0.5676272841065434,joint_inhouse_gao
541,7.400000095367432,8.633947924812242,1.2339478294448103,1.2339478294448103,1.5226272457915586,16.674970453274586,in-house,622,CC1=CC=C(S1)C2=C(C(F)=C(C3=NON=C23)C4=CC=C(S4)C5=C(CC(CCCCCC)CCCCCCCC)C=C(C6=C(CC(CCCCCCCC)CCCCCC)C=C(C(C7=NON=C78)=C(C(F)=C8C9=CC(CC(CCCCCC)CCCCCCCC)=C(C%10=CC(CC(CCCCCC)CCCCCCCC)=C(C)S%10)S9)F)S6)S5)F,O=C(C1=CC=CC=C1C/2=C(C#N)\C#N)C2=C/C3=CC4=C(C(C(C5=CC=C(CCCCCC)S5)(C6=C7C=C8C(C9=CC=C(S9)CCCCCC)(C%10=CC=C(S%10)CCCCCC)C%11=C(SC%12=C%11SC(/C=C%13C(C%14=CC=CC=C%14C\%13=C(C#N)\C#N)=O)=C%12)C8=C6)C(S%15)=CC=C%15CCCCCC)=C7S4)S3,7.4,CC1=CC=C(S1)C2=C(C(F)=C(C3=NON=C23)C4=CC=C(S4)C5=C(CC(CCCCCC)CCCCCCCC)C=C(C6=C(CC(CCCCCCCC)CCCCCC)C=C(C(C7=NON=C78)=C(C(F)=C8C9=CC(CC(CCCCCC)CCCCCCCC)=C(C%10=CC(CC(CCCCCC)CCCCCCCC)=C(C)S%10)S9)F)S6)S5)F||O=C(C1=CC=CC=C1C/2=C(C#N)\C#N)C2=C/C3=CC4=C(C(C(C5=CC=C(CCCCCC)S5)(C6=C7C=C8C(C9=CC=C(S9)CCCCCC)(C%10=CC=C(S%10)CCCCCC)C%11=C(SC%12=C%11SC(/C=C%13C(C%14=CC=CC=C%14C\%13=C(C#N)\C#N)=O)=C%12)C8=C6)C(S%15)=CC=C%15CCCCCC)=C7S4)S3,f1e09c4d11828693e1ebf147195a992aca3612e0557d94b0790140557a3319fb,324d6e5b76a9400503a81056ec0f63ac76d712428565dd1fa4bf1871d8f66e0c,f94af0aa14858bc641d6e9ca4871fe376137816d45d4a1338a16ec67e5a8e720,15adf33948df438470572775668a48eecff5154a80d90cd943d49b006734e185,cc1de87b7e0f4d85a35cdfa92b8b64c4923ce8e6bb1c059c28d98c251c17a997,1160,108,937,514,0.6353271579542321,joint_inhouse_gao
552,7.300000190734863,6.15858250325269,-1.141417687482173,1.141417687482173,1.3028343372971518,15.635858324097809,in-house,634,FC1=C(C(OCC(CCCC)CC)=O)SC2=CSC(C3=CC4=C(C5=C(C(C6=CC=C(CC(CC)CCCC)S6)=C4S3)C=CS5)C7=CC=C(CC(CC)CCCC)S7)=C12,O=C1C(/C(C2=C1C=CC=C2)=C(C#N)\C#N)=C\C3=CC(OCC(CCCC)CC)=C(C4=CC(C(C5=CC(C6=C7C=C(C8=C(C=C(/C=C(C9=O)/C(C%10=C9C=CC=C%10)=C(C#N)\C#N)S8)OCC(CCCC)CC)S6)=C(C7(C%11=CC=C(C=C%11)CCCCCC)C%12=CC=C(C=C%12)CCCCCC)C=C%135)(C%14=CC=C(C=C%14)CCCCCC)C(C=C%15)=CC=C%15CCCCCC)=C%13S4)S3,7.3,FC1=C(C(OCC(CCCC)CC)=O)SC2=CSC(C3=CC4=C(C5=C(C(C6=CC=C(CC(CC)CCCC)S6)=C4S3)C=CS5)C7=CC=C(CC(CC)CCCC)S7)=C12||O=C1C(/C(C2=C1C=CC=C2)=C(C#N)\C#N)=C\C3=CC(OCC(CCCC)CC)=C(C4=CC(C(C5=CC(C6=C7C=C(C8=C(C=C(/C=C(C9=O)/C(C%10=C9C=CC=C%10)=C(C#N)\C#N)S8)OCC(CCCC)CC)S6)=C(C7(C%11=CC=C(C=C%11)CCCCCC)C%12=CC=C(C=C%12)CCCCCC)C=C%135)(C%14=CC=C(C=C%14)CCCCCC)C(C=C%15)=CC=C%15CCCCCC)=C%13S4)S3,2249a87c8fc0450476e55f070a85b71ffa6beb368356c28f1302bad8bac422cb,87476fb90d0db17e58b2a62e38ecc6765e2842c257a662603688167ffd1038b6,25a093e759cef0f6da4142ee23ee7c6c7679bb114baec61c113b71109e23954f,224fdf9582811e4c66604a5a21305c80c3dd0129eb7bcc219ff492cbcfbf76f1,17165216c0e0a0502487bfc02d3e9d7fce6ef55c484b3f10df5a3fbac449859d,167,165,104,525,0.4887074321385768,joint_inhouse_gao
557,7.170000076293945,8.096831449187627,0.926831372893682,0.926831372893682,0.8590163937799876,12.926518312852595,in-house,643,c1(c2c3c(c(c4c2cc(s4)c2ccc(s2)c2sc(c4c2C(=O)c2c(C4=O)c(sc2C[C@@H](CC)CCCC)C[C@H](CC)CCCC)c2cccs2)c2ccc(s2)SC[C@@H](CC)CCCC)ccs3)ccc(s1)SC[C@@H](CC)CCCC,c1ccc2c(c1)C(=O)/C(=C/c1cc3c(s1)c1c(s3)c3c(C1(c1ccc(cc1)SCCCCCC)c1ccc(cc1)SCCCCCC)cc1c(c3)C(c3c1sc1c3sc(c1)/C=C\1/C(=O)c3c(C1=C(C#N)C#N)cccc3)(c1ccc(cc1)SCCCCCC)c1ccc(cc1)SCCCCCC)/C2=C(C#N)C#N,7.17,c1(c2c3c(c(c4c2cc(s4)c2ccc(s2)c2sc(c4c2C(=O)c2c(C4=O)c(sc2C[C@@H](CC)CCCC)C[C@H](CC)CCCC)c2cccs2)c2ccc(s2)SC[C@@H](CC)CCCC)ccs3)ccc(s1)SC[C@@H](CC)CCCC||c1ccc2c(c1)C(=O)/C(=C/c1cc3c(s1)c1c(s3)c3c(C1(c1ccc(cc1)SCCCCCC)c1ccc(cc1)SCCCCCC)cc1c(c3)C(c3c1sc1c3sc(c1)/C=C\1/C(=O)c3c(C1=C(C#N)C#N)cccc3)(c1ccc(cc1)SCCCCCC)c1ccc(cc1)SCCCCCC)/C2=C(C#N)C#N,19e710b4ae822cb0d1a4a237526a2bd04d89a2f16abfce3f0be979376c78b19e,0f396e867ab1555e0345c0dcc407832658dd65ccd8af96d421975e836d9d7654,c5939a47a829294748d8030fc8b785dc6c324dd275962994b98ca422df01c721,640199ef1086c951f206f191923e6641c4315dcedddddffdcb5b6fd0985e9464,f9f83974458c11e627b24f647ccf2e56b1085d981015e9e48b3d1d342d3b9082,948,477,1165,530,0.5395336736222572,joint_inhouse_gao
560,7.099999904632568,10.393326891530858,3.2933269868982897,3.2933269868982897,10.846002642632568,46.384887762455854,in-house,648,O=C1C2=C(CC(CC)CCCC)SC(CC(CC)CCCC)=C2C(C3=C(C4=CC=C(C5=CC(C(C6=CC(F)=C(CC(CC)CCCC)S6)=C(SC=C7)C7=C8C9=CC(F)=C(CC(CC)CCCC)S9)=C8S5)S4)SC(C%10=CC=CS%10)=C31)=O,CCCCCCC(C=C1)=CC=C1C2(C3=C(C4=C2C(C=C([Se]C5=C6C(C7=CC=C(C=C7)CCCCCC)(C8=C5SC(/C=C9/C(C%10=CC=CC=C%10C9=O)=C(C#N)/C#N)=C8)C%11=CC=C(C=C%11)CCCCCC)C6=C%12)=C%12[Se]4)SC(/C=C%13C(C%14=CC=CC=C%14C/%13=C(C#N)/C#N)=O)=C3)C(C=C%15)=CC=C%15CCCCCC,7.1,O=C1C2=C(CC(CC)CCCC)SC(CC(CC)CCCC)=C2C(C3=C(C4=CC=C(C5=CC(C(C6=CC(F)=C(CC(CC)CCCC)S6)=C(SC=C7)C7=C8C9=CC(F)=C(CC(CC)CCCC)S9)=C8S5)S4)SC(C%10=CC=CS%10)=C31)=O||CCCCCCC(C=C1)=CC=C1C2(C3=C(C4=C2C(C=C([Se]C5=C6C(C7=CC=C(C=C7)CCCCCC)(C8=C5SC(/C=C9/C(C%10=CC=CC=C%10C9=O)=C(C#N)/C#N)=C8)C%11=CC=C(C=C%11)CCCCCC)C6=C%12)=C%12[Se]4)SC(/C=C%13C(C%14=CC=CC=C%14C/%13=C(C#N)/C#N)=O)=C3)C(C=C%15)=CC=C%15CCCCCC,65482d735aa1f382b817dd8d95b1689b39b0b3c26138949c2680844f1b1f5ea0,5c7678f0fae57a787f08041d91107d4161f488720dc68daa6b2fd746f109ec45,d816f0e425ffa66f39b0e9cc2a5d8131e187446a005e0790bb5e186e05c0ac00,0c81fe9269beb6b30a4b57299d257dcb3ad650df22748f434f0183ecc69b436b,bd0ce7cceb61a19689f454434f94721d4a36de9b3da4a9bf5d6ae27129d01810,1025,60,874,532,0.5672608548535434,joint_inhouse_gao
563,7.079999923706055,6.581444107659973,-0.4985558160460819,0.4985558160460819,0.2485579017133746,7.041748890091948,in-house,651,O=C(C1=C(CCC(CCCC)CC)SC(CCC(CC)CCCC)=C1C2=O)C(C2=C(C3)C(C4)=CC=C4C5=CC6=C(C(C7=CC=C(CCC(CCCC)CC)S7)=C8C=CSC8=C6C9=CC=C(CCC(CCCC)CC)S9)S5)=C3C%10=CC=CS%10,O=C(C1=CC(F)=C(C=C1C/2=C(C#N)\C#N)F)C2=C\C3=CC4=C(S3)C(OCC)=C5C(N(C(CC)CCCC)C6=C7C8=NSN=C8C9=C6N(C(CC)CCCC)C%10=C9SC%11=C%10C(OCC)=C%12SC(/C=C%13C(C%14=CC(F)=C(C=C%14C/%13=C(C#N)/C#N)F)=O)=CC%12=C%11OCC)=C7SC5=C4OCC,7.08,O=C(C1=C(CCC(CCCC)CC)SC(CCC(CC)CCCC)=C1C2=O)C(C2=C(C3)C(C4)=CC=C4C5=CC6=C(C(C7=CC=C(CCC(CCCC)CC)S7)=C8C=CSC8=C6C9=CC=C(CCC(CCCC)CC)S9)S5)=C3C%10=CC=CS%10||O=C(C1=CC(F)=C(C=C1C/2=C(C#N)\C#N)F)C2=C\C3=CC4=C(S3)C(OCC)=C5C(N(C(CC)CCCC)C6=C7C8=NSN=C8C9=C6N(C(CC)CCCC)C%10=C9SC%11=C%10C(OCC)=C%12SC(/C=C%13C(C%14=CC(F)=C(C=C%14C/%13=C(C#N)/C#N)F)=O)=CC%12=C%11OCC)=C7SC5=C4OCC,6f31f3770fd225e382586e20513744e11a328b7cc74c758d48628417c600a02b,fea690cc452b868f157dbf4a6a0ff0aaa0ece73a6fa4be2fd3443baa06afaf14,3c11629f9ad6469813884e8cfb4414682b47562362ae0755f49382faf6c420dc,d312bf0459bb02ed76414b527f7e332a691a65fd06f016f6db41087c8a998846,47ba7c396cb773e7a974c9c42d0afcbddf63ffc437b72dfcd1c9212a785e1e6f,266,974,320,535,0.6713064365075737,joint_inhouse_gao
564,7.059999942779541,10.489080617923548,3.4290806751440077,3.4290806751440077,11.75859427664608,48.57054820023085,in-house,652,FC1=C(C2=CC=C(C)S2)C3=NN(CCOC)N=C3C(C4=CC=C(C5=CC6=C(C7=C(C(CCC(CCCCCC)CCCC)=C6S5)C=C(C)S7)CCC(CCCC)CCCCCC)S4)=C1F,O=C(C1=CC=CC=C1C/2=C(C#N)/C#N)C2=C/C3=CC(SC4C5C(C)=C(C(C6=CC=C(C=C6)CCCCCC)(C7=CC=C(C=C7)CCCCCC)C8=CSC9=C8SC(/C=C%10C(C(C=CC=C%11)=C%11C\%10=C(C#N)/C#N)=C)=C9)C=C(C)C5C(C%12=CC=C(C=C%12)CCCCCC)(C%13=CC=C(C=C%13)CCCCCC)C%144)=C%14S3,7.06,FC1=C(C2=CC=C(C)S2)C3=NN(CCOC)N=C3C(C4=CC=C(C5=CC6=C(C7=C(C(CCC(CCCCCC)CCCC)=C6S5)C=C(C)S7)CCC(CCCC)CCCCCC)S4)=C1F||O=C(C1=CC=CC=C1C/2=C(C#N)/C#N)C2=C/C3=CC(SC4C5C(C)=C(C(C6=CC=C(C=C6)CCCCCC)(C7=CC=C(C=C7)CCCCCC)C8=CSC9=C8SC(/C=C%10C(C(C=CC=C%11)=C%11C\%10=C(C#N)/C#N)=C)=C9)C=C(C)C5C(C%12=CC=C(C=C%12)CCCCCC)(C%13=CC=C(C=C%13)CCCCCC)C%144)=C%14S3,9443e249ba69f955f3e85e7e28bc529c2fbcd958a79cc1662e571c4d9dc71d62,83d12c8a518aebb2c9e097cdd9cd4e855fadbb8bad16c860293e67b74eecaf00,f1c107c4e24342cd880b613b72a9a043ff6fed431c95c17ec1875c9ba83abed7,84c07154ce9cb35113e47cee21574911daeac1621ba8acb8f9ad5ad9d37744cf,2a2b3a7f0bd568c3cd594623ed6169ba9524879dfffc096d612b94b13c380e91,1139,626,180,536,0.545616205959945,joint_inhouse_gao
567,7.039999961853027,7.640723898859307,0.60072393700628,0.60072393700628,0.3608692484923251,8.53301051507621,in-house,655,O=C(C1=C(CCC(CCCC)CC)SC(CCC(CC)CCCC)=C1C2=O)C(C2=C(C3)C(C4)=CC=C4C5=CC6=C(C(C7=CC=C(CCC(CCCC)CC)S7)=C8C=CSC8=C6C9=CC=C(CCC(CCCC)CC)S9)S5)=C3C%10=CC=CS%10,O=C(/C(S/1)=C/C(C2=NSN=C32)=CC=C3C4=CC(SC5=C6C(C(C=C7)=CC=C7CCCCCC)(C(C=C8)=CC=C8CCCCCC)C(C5=C9)=CC%10=C9C(C%11=CC=C(CCCCCC)C=C%11)(C%12=CC=C(C=C%12)CCCCCC)C%13=C%10SC%14=C%13SC(C(C%15=NSN=C%16%15)=CC=C%16/C=C(C%17=O)\S/C(N%17CC)=C(C#N)/C#N)=C%14)=C6S4)N(CC)C1=C(C#N)\C#N,7.04,O=C(C1=C(CCC(CCCC)CC)SC(CCC(CC)CCCC)=C1C2=O)C(C2=C(C3)C(C4)=CC=C4C5=CC6=C(C(C7=CC=C(CCC(CCCC)CC)S7)=C8C=CSC8=C6C9=CC=C(CCC(CCCC)CC)S9)S5)=C3C%10=CC=CS%10||O=C(/C(S/1)=C/C(C2=NSN=C32)=CC=C3C4=CC(SC5=C6C(C(C=C7)=CC=C7CCCCCC)(C(C=C8)=CC=C8CCCCCC)C(C5=C9)=CC%10=C9C(C%11=CC=C(CCCCCC)C=C%11)(C%12=CC=C(C=C%12)CCCCCC)C%13=C%10SC%14=C%13SC(C(C%15=NSN=C%16%15)=CC=C%16/C=C(C%17=O)\S/C(N%17CC)=C(C#N)/C#N)=C%14)=C6S4)N(CC)C1=C(C#N)\C#N,6f31f3770fd225e382586e20513744e11a328b7cc74c758d48628417c600a02b,b12d61d217b346c84d8c4cbf98104f80c2f3e037d46042ffb1acaf2a210cb47d,54eb10780d551a107114d8ebad352226cd9da3cb619b7ca9b2c0772c80880370,fc5bc3b259d14512e13d89e42d3d340296ce865752fbdb39bf7b13591a94f3aa,2949c93826a8e764efa482173a21b011efda9ce5e1b94b3d18d510aeab6c8fcf,387,1172,175,539,0.5199070516391726,joint_inhouse_gao
568,7.019999980926514,10.882505832332196,3.8625058514056825,3.8625058514056825,14.918951452143135,55.021451024219246,in-house,657,O=C1C2=C(CC(CC)CCCC)SC(CC(CC)CCCC)=C2C(C3=C(C4=CC=C(C5=CC(C(C6=CC(F)=C(CC(CC)CCCC)S6)=C(SC=C7)C7=C8C9=CC(F)=C(CC(CC)CCCC)S9)=C8S5)S4)SC(C%10=CC=CS%10)=C31)=O,CCC(CCCC)CN1C2=C(C=C(C(C3=CC=C(CCCCCC)C=C3)(C4=CC=C(CCCCCC)C=C4)C5=C6SC7=C5SC(/C=C8C(C(C=C([H])C([H])=C9)=C9C\8=C(C#N)\C#N)=O)=C7)C6=C2)C%10=C1C=C(C%11=C%12C%13=C(C=C(S%13)/C=C%14C(C%15=CC([H])=C(C=C%15C\%14=C(C#N)/C#N)[H])=O)S%11)C(C%12(C%16=CC=C(CCCCCC)C=C%16)C%17CC=C(C=C%17)CCCCCC)=C%10,7.02,O=C1C2=C(CC(CC)CCCC)SC(CC(CC)CCCC)=C2C(C3=C(C4=CC=C(C5=CC(C(C6=CC(F)=C(CC(CC)CCCC)S6)=C(SC=C7)C7=C8C9=CC(F)=C(CC(CC)CCCC)S9)=C8S5)S4)SC(C%10=CC=CS%10)=C31)=O||CCC(CCCC)CN1C2=C(C=C(C(C3=CC=C(CCCCCC)C=C3)(C4=CC=C(CCCCCC)C=C4)C5=C6SC7=C5SC(/C=C8C(C(C=C([H])C([H])=C9)=C9C\8=C(C#N)\C#N)=O)=C7)C6=C2)C%10=C1C=C(C%11=C%12C%13=C(C=C(S%13)/C=C%14C(C%15=CC([H])=C(C=C%15C\%14=C(C#N)/C#N)[H])=O)S%11)C(C%12(C%16=CC=C(CCCCCC)C=C%16)C%17CC=C(C=C%17)CCCCCC)=C%10,65482d735aa1f382b817dd8d95b1689b39b0b3c26138949c2680844f1b1f5ea0,19c62e91031c92373ebf8c12d4bfef7d111bd0c3018983991e7c6bf8dc1f2f1e,654b0755237e540211f6b7154c922fe23e8d6bc9c6ab5980e2c196a660ab6f12,1dcbd8e84611d11cc7c3fde9e9178cd690a4dc65c7741f15634985bb09bcbc13,c81444e5118f44c419711086fd838e1a97dd8e7d2f9e3b9db8ba702068472ac8,456,146,919,540,0.4992698580577978,joint_inhouse_gao
569,7.010000228881836,9.069663260242727,2.0596630313608912,2.0596630313608912,4.242211802754736,29.38178265494048,in-house,658,FC1=C(C(OCC(CCCC)CC)=O)SC2=CSC(C3=CC4=C(C5=C(C(C6=CC=C(CC(CC)CCCC)S6)=C4S3)C=CS5)C7=CC=C(CC(CC)CCCC)S7)=C12,FC1=CC(C(C2=C/C3=C4C(C(F)=C(C(OC(CC)CCCCC)=O)S4)=C(C5=CC6=C(C7=C(C6(C8=CC=C(CCCCCC)C=C8)C9=CC=C(CCCCCC)C=C9)C=C(C%10=C%11C=C(C%12=C%13C(SC(C(OC(CC)CCCCC)=O)=C%13F)=C(/C=C%14C(C%15=C(C\%14=C(C#N)\C#N)C=C([H])C(F)=C%15)=O)S%12)S%10)C(C%11(C%16=CC=C(CCCCCC)C=C%16)C%17C=CC(CCCCCC)=CC%17)=C7)S5)S3)=O)=C(C/2=C(C#N)/C#N)C=C1[H],7.01,FC1=C(C(OCC(CCCC)CC)=O)SC2=CSC(C3=CC4=C(C5=C(C(C6=CC=C(CC(CC)CCCC)S6)=C4S3)C=CS5)C7=CC=C(CC(CC)CCCC)S7)=C12||FC1=CC(C(C2=C/C3=C4C(C(F)=C(C(OC(CC)CCCCC)=O)S4)=C(C5=CC6=C(C7=C(C6(C8=CC=C(CCCCCC)C=C8)C9=CC=C(CCCCCC)C=C9)C=C(C%10=C%11C=C(C%12=C%13C(SC(C(OC(CC)CCCCC)=O)=C%13F)=C(/C=C%14C(C%15=C(C\%14=C(C#N)\C#N)C=C([H])C(F)=C%15)=O)S%12)S%10)C(C%11(C%16=CC=C(CCCCCC)C=C%16)C%17C=CC(CCCCCC)=CC%17)=C7)S5)S3)=O)=C(C/2=C(C#N)/C#N)C=C1[H],2249a87c8fc0450476e55f070a85b71ffa6beb368356c28f1302bad8bac422cb,7d3f85cd4b5f553dc272c78b8df50bdf363f8fc86549b3b2f4542b2660446199,532d21b4f2123c7d49788f110f9903f7e45492239109a69787e99ad237fac1b6,2a707dc7b66e38862a1f82e00ec8897dca94b7082862b992f616ab015351f438,5e6ffa9cb44b9f2f59150e97561ff96a1998c9bd6119d43ffdabbe7993b0bd4b,377,203,427,541,0.5215613528480477,joint_inhouse_gao
575,6.900000095367432,6.1512015361597046,-0.7487985592077271,0.7487985592077271,0.560699282271568,10.852152882004455,in-house,667,FC(C(F)=C(C1=NSN=C21)C3=CC(CCCCCCCCCCCCCCCCCCCC)=C(S3)C)=C2C4=CC(C#CC#CC#CC#CC#CC#CC#CC#CC#CC#C)=C(S4)C(S5)=CC=C5C6=CC=C7C=C(C)SC7=C6.[HH].[HH].[HH].[HH].[HH].[HH].[HH].[HH].[HH].[HH],c12cc3c(cc1C(c1c2sc2c1sc(c2)/C=C\1/C(=C(C#N)C#N)c2c(C1=O)cccc2)(c1ccc(cc1)CCCCCC)c1ccc(cc1)CCCCCC)c1c(C3(c2ccc(cc2)CCCCCC)c2ccc(cc2)CCCCCC)c2c(s1)cc(s2)/C=C\1/C(=C(C#N)C#N)c2c(C1=O)cccc2,6.9,FC(C(F)=C(C1=NSN=C21)C3=CC(CCCCCCCCCCCCCCCCCCCC)=C(S3)C)=C2C4=CC(C#CC#CC#CC#CC#CC#CC#CC#CC#CC#C)=C(S4)C(S5)=CC=C5C6=CC=C7C=C(C)SC7=C6.[HH].[HH].[HH].[HH].[HH].[HH].[HH].[HH].[HH].[HH]||c12cc3c(cc1C(c1c2sc2c1sc(c2)/C=C\1/C(=C(C#N)C#N)c2c(C1=O)cccc2)(c1ccc(cc1)CCCCCC)c1ccc(cc1)CCCCCC)c1c(C3(c2ccc(cc2)CCCCCC)c2ccc(cc2)CCCCCC)c2c(s1)cc(s2)/C=C\1/C(=C(C#N)C#N)c2c(C1=O)cccc2,ad56ba1ef81d40d2e6a98d31ba98fb61313a3ee239ba8bf44d485362c31fe8f3,202f8607af2cecb83e86b2e4305f8c7e2852bc709bb805b9055691d46a9081c5,12330a812f7e854524b24c3c7f5f29fd1ad54de1f21c9798c1ee411fbac73716,63e90d4f2acdf4c79b1232875f504674865a3edd07e52090bafc1ca1bc3fabb9,da882428b0f58c4f823ef4e3f0873cdeea9f638cfb9d04b33ae21e17a32a3931,79,476,1008,547,0.591390101553951,joint_inhouse_gao
577,6.809999942779541,9.990230626398974,3.180230683619433,3.180230683619433,10.113867201034523,46.69942305934004,in-house,669,O=C(C1=C(CCC(CCCC)CC)SC(CCC(CC)CCCC)=C1C2=O)C(C2=C(C3)C(C4)=CC=C4C5=CC6=C(C(C7=CC=C(CCC(CCCC)CC)S7)=C8C=CSC8=C6C9=CC=C(CCC(CCCC)CC)S9)S5)=C3C%10=CC=CS%10,O=C(C(C=C(C([F])=C1)[F])=C1C/2=C(C#N)/C#N)C2=C/C3=CC4=C(S3)C5=CC6=C(C=C5C4(C7=CC=C(CC(CCCCCC)CCCC)C=C7)C8=CC=C(CC(CCCCCC)CCCC)C=C8)C9=C(C=C%10C%11=C(C=C(S%11)/C=C%12C(C(C=C(C([F])=C%13)[F])=C%13C\%12=C(C#N)/C#N)=O)C(C%14=CC=C(CC(CCCCCC)CCCC)C=C%14)(C%15=CC=C(CC(CCCCCC)CCCC)C=C%15)C%10=C9)S6,6.81,O=C(C1=C(CCC(CCCC)CC)SC(CCC(CC)CCCC)=C1C2=O)C(C2=C(C3)C(C4)=CC=C4C5=CC6=C(C(C7=CC=C(CCC(CCCC)CC)S7)=C8C=CSC8=C6C9=CC=C(CCC(CCCC)CC)S9)S5)=C3C%10=CC=CS%10||O=C(C(C=C(C([F])=C1)[F])=C1C/2=C(C#N)/C#N)C2=C/C3=CC4=C(S3)C5=CC6=C(C=C5C4(C7=CC=C(CC(CCCCCC)CCCC)C=C7)C8=CC=C(CC(CCCCCC)CCCC)C=C8)C9=C(C=C%10C%11=C(C=C(S%11)/C=C%12C(C(C=C(C([F])=C%13)[F])=C%13C\%12=C(C#N)/C#N)=O)C(C%14=CC=C(CC(CCCCCC)CCCC)C=C%14)(C%15=CC=C(CC(CCCCCC)CCCC)C=C%15)C%10=C9)S6,6f31f3770fd225e382586e20513744e11a328b7cc74c758d48628417c600a02b,485937b5e464794d744c5fc432174fe395651654ec2a7ee506e8f05f4f877d5b,ffaf7efbd044c1958a6607ba0d473ef057f5ef28f6f1aa1fd25ef87ac2f95432,2d447fd2020d3a9352f958acf2649a790ee949e83b3d4afa0d4d0b9656c7bd3f,93bc6d7f7cc9f71dd78ae36613a0f62127e7095c663fbff8997af62e996abbed,1186,218,673,549,0.4713841226482251,joint_inhouse_gao
582,6.690000057220459,6.420307079164108,-0.2696929780563506,0.2696929780563506,0.0727343024129032,4.031285138260549,in-house,674,O=C(OC1=CC=C(CCCCCC)C=C1)C2=C(C)SC(C(S3)=CC(C(OC4=CC=C(CCCCCC)C=C4)=O)=C3C(S5)=CC=C5C(C6=NSN=C6C(C(S7)=CC=C7C)=C8F)=C8F)=C2,c1(cc2c(cc1F)C(=C(C#N)C#N)/C(=C\c1sc3c(c1)sc1c3C(c3c1cc1c(c3)c3c(C1(c1ccc(cc1)CCCCCC)c1ccc(cc1)CCCCCC)c1c(s3)cc(s1)/C=C/1\C(=C(C#N)C#N)c3c(C1=O)cc(c(c3)F)F)(c1ccc(cc1)CCCCCC)c1ccc(cc1)CCCCCC)/C2=O)F,6.69,O=C(OC1=CC=C(CCCCCC)C=C1)C2=C(C)SC(C(S3)=CC(C(OC4=CC=C(CCCCCC)C=C4)=O)=C3C(S5)=CC=C5C(C6=NSN=C6C(C(S7)=CC=C7C)=C8F)=C8F)=C2||c1(cc2c(cc1F)C(=C(C#N)C#N)/C(=C\c1sc3c(c1)sc1c3C(c3c1cc1c(c3)c3c(C1(c1ccc(cc1)CCCCCC)c1ccc(cc1)CCCCCC)c1c(s3)cc(s1)/C=C/1\C(=C(C#N)C#N)c3c(C1=O)cc(c(c3)F)F)(c1ccc(cc1)CCCCCC)c1ccc(cc1)CCCCCC)/C2=O)F,f7f976cc43cd7ea9f7ff8dbe82963eb440d875e9dae2c27ee97be953adc5fa42,69e17d1724b4236f68d0c6efb6ad16969f13f8980d301d0056747038b20f0c8d,a8f1bb678d2116df72b66ee0e9954106fb253bf0476215433bb1ccccfc74c932,ea448b38939a22f09dd3f4e6e7992b2349dc861f92d15d5c4924bdc3165e5127,82f468680658d5c9cdd60c843304fbea624363df9f2d9e7947241e014184440d,779,1079,597,554,0.6441711961943126,joint_inhouse_gao
588,6.590000152587891,9.752723325597175,3.162723173009286,3.162723173009286,10.00281786908993,47.99276327432688,in-house,681,c1ccc(s1)c1c2c(c(c3c1nn(n3)C[C@@H](CCCCCCCC)CCCCCC)c1sc(cc1)c1sc3c(c1)c(c1c(c3c3cc(c(s3)C[C@@H](CCCC)CC)F)ccs1)c1cc(c(s1)C[C@H](CC)CCCC)F)cc(s2)F,c12cc3c(cc1C(c1c2sc2c1sc(c2)/C=C\1/C(=C(C#N)C#N)c2c(C1=O)cccc2)(c1ccc(cc1)CCCCCC)c1ccc(cc1)CCCCCC)c1c(C3(c2ccc(cc2)CCCCCC)c2ccc(cc2)CCCCCC)c2c(s1)cc(s2)/C=C\1/C(=C(C#N)C#N)c2c(C1=O)cccc2,6.59,c1ccc(s1)c1c2c(c(c3c1nn(n3)C[C@@H](CCCCCCCC)CCCCCC)c1sc(cc1)c1sc3c(c1)c(c1c(c3c3cc(c(s3)C[C@@H](CCCC)CC)F)ccs1)c1cc(c(s1)C[C@H](CC)CCCC)F)cc(s2)F||c12cc3c(cc1C(c1c2sc2c1sc(c2)/C=C\1/C(=C(C#N)C#N)c2c(C1=O)cccc2)(c1ccc(cc1)CCCCCC)c1ccc(cc1)CCCCCC)c1c(C3(c2ccc(cc2)CCCCCC)c2ccc(cc2)CCCCCC)c2c(s1)cc(s2)/C=C\1/C(=C(C#N)C#N)c2c(C1=O)cccc2,8ce0d3860269092a691b24d55088925a60816f32c3b06528fde0d4856b68b81b,202f8607af2cecb83e86b2e4305f8c7e2852bc709bb805b9055691d46a9081c5,c5cf81cd555cd34f8c446649c94f803a59527147d4cd68deb98383d7e5105d61,af53c89afc30a0e264e5a305af16adb02ade2968ab62c8522c9b5d3e083fa75d,e0bf94523e87b8ce2b772bab853daff365ba46e8464a2aa8ac4852e6862d00da,951,798,1042,560,0.6118728130857742,joint_inhouse_gao
592,6.460000038146973,9.29533334769825,2.8353333095512774,2.8353333095512774,8.039114976251,43.89060824780711,in-house,690,O=C(C1=C(CCC(CCCC)CC)SC(CCC(CC)CCCC)=C1C2=O)C(C2=C(C3)C(C4)=CC=C4C5=CC6=C(C(C7=CC=C(CCC(CCCC)CC)S7)=C8C=CSC8=C6C9=CC=C(CCC(CCCC)CC)S9)S5)=C3C%10=CC=CS%10,[H]C1=CC2=C(C(/C(C2=O)=C/C3=C(C(OC)=C(C4=CC(SC5=C6C(C7=CC=C(C=C7)CCCCCC)(C8=C5C=C(C9=C8)C(C(C=C%10)=CC=C%10CCCCCC)(C%11=CC=C(CCCCCC)C=C%11)C%12=C9SC%13=C%12SC(C%14=C(OC)C(OC)=C(/C=C%15/C(C(C=C([H])C([H])=C%16)=C%16C%15=O)=C(C#N)/C#N)S%14)=C%13)C%17=CC=C(CCCCCC)C=C%17)=C6S4)S3)OC)=C(C#N)\C#N)C=C1[H],6.46,O=C(C1=C(CCC(CCCC)CC)SC(CCC(CC)CCCC)=C1C2=O)C(C2=C(C3)C(C4)=CC=C4C5=CC6=C(C(C7=CC=C(CCC(CCCC)CC)S7)=C8C=CSC8=C6C9=CC=C(CCC(CCCC)CC)S9)S5)=C3C%10=CC=CS%10||[H]C1=CC2=C(C(/C(C2=O)=C/C3=C(C(OC)=C(C4=CC(SC5=C6C(C7=CC=C(C=C7)CCCCCC)(C8=C5C=C(C9=C8)C(C(C=C%10)=CC=C%10CCCCCC)(C%11=CC=C(CCCCCC)C=C%11)C%12=C9SC%13=C%12SC(C%14=C(OC)C(OC)=C(/C=C%15/C(C(C=C([H])C([H])=C%16)=C%16C%15=O)=C(C#N)/C#N)S%14)=C%13)C%17=CC=C(CCCCCC)C=C%17)=C6S4)S3)OC)=C(C#N)\C#N)C=C1[H],6f31f3770fd225e382586e20513744e11a328b7cc74c758d48628417c600a02b,a28c85a21585775d8bfdc83471270e7a0f1e3790032b6829d8ac57531de16ae4,96dc4d857f855920e4aac56033f08d705999c2c15bf27923149c212f47a658a8,4e31fe79226c0c97623956c49f7ca3ba190b5f300ce4b22eb66c365da409addf,18646c07ce676782b219a9f06286f28dd5aff2026d50b1373a28c51fb478be05,690,371,110,564,0.43246551446597,joint_inhouse_gao
612,6.0,6.15858250325269,0.1585825032526902,0.1585825032526902,0.0251484103378894,2.64304172087817,in-house,716,FC1=C(C(OCC(CCCC)CC)=O)SC2=CSC(C3=CC4=C(C5=C(C(C6=CC=C(CC(CC)CCCC)S6)=C4S3)C=CS5)C7=CC=C(CC(CC)CCCC)S7)=C12,O=C(C1=CC=CC=C1C/2=C(C#N)\C#N)C2=C/C3=CC(OCC(CC)CCCC)=C(C4=CC5=C(C6=CC7=C(C8=C(C7(C9=CC=C(C=C9)CCCCCC)C%10=CC=C(C=C%10)CCCCCC)C=C(C%11=C(OCC(CC)CCCC)C=C(/C=C%12C(C%13=CC=CC=C%13C\%12=C(C#N)\C#N)=O)S%11)S8)C=C6C5(C%14=CC=C(C=C%14)CCCCCC)C%15=CC=C(C=C%15)CCCCCC)S4)S3,6.0,FC1=C(C(OCC(CCCC)CC)=O)SC2=CSC(C3=CC4=C(C5=C(C(C6=CC=C(CC(CC)CCCC)S6)=C4S3)C=CS5)C7=CC=C(CC(CC)CCCC)S7)=C12||O=C(C1=CC=CC=C1C/2=C(C#N)\C#N)C2=C/C3=CC(OCC(CC)CCCC)=C(C4=CC5=C(C6=CC7=C(C8=C(C7(C9=CC=C(C=C9)CCCCCC)C%10=CC=C(C=C%10)CCCCCC)C=C(C%11=C(OCC(CC)CCCC)C=C(/C=C%12C(C%13=CC=CC=C%13C\%12=C(C#N)\C#N)=O)S%11)S8)C=C6C5(C%14=CC=C(C=C%14)CCCCCC)C%15=CC=C(C=C%15)CCCCCC)S4)S3,2249a87c8fc0450476e55f070a85b71ffa6beb368356c28f1302bad8bac422cb,87476fb90d0db17e58b2a62e38ecc6765e2842c257a662603688167ffd1038b6,25a093e759cef0f6da4142ee23ee7c6c7679bb114baec61c113b71109e23954f,224fdf9582811e4c66604a5a21305c80c3dd0129eb7bcc219ff492cbcfbf76f1,17165216c0e0a0502487bfc02d3e9d7fce6ef55c484b3f10df5a3fbac449859d,167,165,104,525,0.4887074321385768,joint_inhouse_gao
619,5.679999828338623,10.926645599969545,5.24664577163092,5.24664577163092,27.527291852972613,92.37052694006054,in-house,724,CC1=C2C(C(C3=C(SC(CC)=C3C2=O)CC)=O)=C(S1)C(SC4=C(C5=C6SC(C)=C5)C7=CC=C(S7)CC)=CC4=C6C8=CC=C(CC)S8,c1(cc2c(cc1F)C(=O)/C(=C\c1cc3c(s1)c1c(s3)c3c(C1(c1ccc(cc1)CCCCCC)c1ccc(cc1)CCCCCC)cc1c(c3)C(c3c1sc1c3sc(c1)/C=C/1\C(=O)c3c(C1=C(C#N)C#N)cc(c(c3)F)F)(c1ccc(cc1)CCCCCC)c1ccc(cc1)CCCCCC)/C2=C(C#N)C#N)F,5.68,CC1=C2C(C(C3=C(SC(CC)=C3C2=O)CC)=O)=C(S1)C(SC4=C(C5=C6SC(C)=C5)C7=CC=C(S7)CC)=CC4=C6C8=CC=C(CC)S8||c1(cc2c(cc1F)C(=O)/C(=C\c1cc3c(s1)c1c(s3)c3c(C1(c1ccc(cc1)CCCCCC)c1ccc(cc1)CCCCCC)cc1c(c3)C(c3c1sc1c3sc(c1)/C=C/1\C(=O)c3c(C1=C(C#N)C#N)cc(c(c3)F)F)(c1ccc(cc1)CCCCCC)c1ccc(cc1)CCCCCC)/C2=C(C#N)C#N)F,e677484505f85cfe03b1269e1614066c1a1bd3e6fd7267479f4c7aacc6c8ca2f,69e17d1724b4236f68d0c6efb6ad16969f13f8980d301d0056747038b20f0c8d,19a23ed6154a4ad68b4e737d70a2fcfa60d028a4884b0b641d0a4905578a21fc,f36e82bd80341defc9e75b68ad4a33130185fdd33eda19716763aa5aa999aaca,d85aa213754421ac49708e889a281b7dbff4084a58a5d843880566bbc8ebb192,122,1133,995,590,0.4888250643471492,joint_inhouse_gao
620,5.670000076293945,10.400556120542015,4.730556044248072,4.730556044248072,22.378160487771964,83.43132240908332,in-house,725,O=C(C1=C(CCC(CCCC)CC)SC(CCC(CC)CCCC)=C1C2=O)C(C2=C(C3)C(C4)=CC=C4C5=CC6=C(C(C7=CC=C(CCC(CCCC)CC)S7)=C8C=CSC8=C6C9=CC=C(CCC(CCCC)CC)S9)S5)=C3C%10=CC=CS%10,O=C(C(C=CC=C1)=C1C/2=C(C#N)/C#N)C2=C/C3=CC4=C(S3)C5=CC6=C(C=C5C4(CCCCCCCCCCCCCCCC)CCCCCCCCCCCCCCCC)C7=C(C=C(S7)/C=C8C(C(C=CC=C9)=C9C\8=C(C#N)/C#N)=O)C6(CCCCCCCCCCCCCCCC)CCCCCCCCCCCCCCCC,5.67,O=C(C1=C(CCC(CCCC)CC)SC(CCC(CC)CCCC)=C1C2=O)C(C2=C(C3)C(C4)=CC=C4C5=CC6=C(C(C7=CC=C(CCC(CCCC)CC)S7)=C8C=CSC8=C6C9=CC=C(CCC(CCCC)CC)S9)S5)=C3C%10=CC=CS%10||O=C(C(C=CC=C1)=C1C/2=C(C#N)/C#N)C2=C/C3=CC4=C(S3)C5=CC6=C(C=C5C4(CCCCCCCCCCCCCCCC)CCCCCCCCCCCCCCCC)C7=C(C=C(S7)/C=C8C(C(C=CC=C9)=C9C\8=C(C#N)/C#N)=O)C6(CCCCCCCCCCCCCCCC)CCCCCCCCCCCCCCCC,6f31f3770fd225e382586e20513744e11a328b7cc74c758d48628417c600a02b,0cc00e1ba2d95fe8288dc072edf395ee6fc3678daa4e12f6703c7be7d2c5a409,2e04d14dd450a0193aa5384d4e2543c6e5910fef19bc229cba5eef79ad8b8300,32009831a6351f02a68cb2910a7b563f3286ef21e8c7d5ed69cae15ab5884891,7de2f922f7bf3fc40af78adfc935fa05cd30577855405d82236cc71c573cf43b,203,255,574,395,0.4292656332363679,joint_inhouse_gao
627,5.510000228881836,9.037700360364251,3.527700131482417,3.527700131482417,12.444668217661064,64.0235931931768,in-house,734,CC1=CC2=C(S1)C(C3=CC=C([Si](CCC)(CCC)CCC)S3)=C4C=C(C5=CC=C(C6=C(F)C(F)=C(C7=CC=C(S7)C)C8=NN(CC(CCCCCCCC)CCCCCC)N=C68)S5)SC4=C2C9=CC=C([Si](CCC)(CCC)CCC)S9,O=C(C1=C(C=CC=C1)C/2=C(C#N)/C#N)C2=C/C3=CC4=C(S3)C5=CC6=C(C=C5C4(C7=CC=C(CCCCCC)C=C7)C8=CC=C(CCCCCC)C=C8)C9=CC(C(C%10=CC=C(CCCCCC)C=C%10)(C%11=C%12SC(/C=C%13C(C(C=CC=C%14)=C%14C\%13=C(C#N)/C#N)=O)=C%11)C%15=CC=C(CCCCCC)C=C%15)=C%12C=C9N6CCCCCCCCCCCCCCCC,5.51,CC1=CC2=C(S1)C(C3=CC=C([Si](CCC)(CCC)CCC)S3)=C4C=C(C5=CC=C(C6=C(F)C(F)=C(C7=CC=C(S7)C)C8=NN(CC(CCCCCCCC)CCCCCC)N=C68)S5)SC4=C2C9=CC=C([Si](CCC)(CCC)CCC)S9||O=C(C1=C(C=CC=C1)C/2=C(C#N)/C#N)C2=C/C3=CC4=C(S3)C5=CC6=C(C=C5C4(C7=CC=C(CCCCCC)C=C7)C8=CC=C(CCCCCC)C=C8)C9=CC(C(C%10=CC=C(CCCCCC)C=C%10)(C%11=C%12SC(/C=C%13C(C(C=CC=C%14)=C%14C\%13=C(C#N)/C#N)=O)=C%11)C%15=CC=C(CCCCCC)C=C%15)=C%12C=C9N6CCCCCCCCCCCCCCCC,eaf1916a35a7483d8caf5815ff5e1ea653d31569a8b350b0b99530cf692c3bfb,8d78500a5865e16c0602e7a8920cfca4146b0745ad21cbbdd15588826642d8c0,5cebe64452137623542abaf4c77cc6f4b8aa159dcbc1da1d09af43df470ade07,1358b47a6f55d93ab4416ef1f5db830351913ae6980cc0c754a6857e93c3a6b2,aa3a08954e3adc26aeb3580f019b4671934da681dfd29f7c44bdf85d1cabd597,417,91,785,597,0.5424399585540209,joint_inhouse_gao
638,5.239999771118164,4.180632374074199,-1.0593673970439648,1.0593673970439648,1.1222592819197053,20.21693594116143,in-house,747,c1scc(c1)CCCCCC,S=C(N(C/1=O)CC)SC1=C\C(C2=NN(CCCCCCCC)N=C32)=CC=C3C4=CC(C5(C(C=C6)=CC=C6CCCCCC)C7=CC=C(C=C7)CCCCCC)=C(C8=CC9=C(C%10=C(C9(C%11=CC=C(C=C%11)CCCCCC)C%12=CC=C(C=C%12)CCCCCC)C=C(C%13=CC=C(C%14=NN(N=C%13%14)CCCCCCCC)/C=C%15SC(N(C/%15=O)C#C)=S)S%10)C=C85)S4,5.24,c1scc(c1)CCCCCC||S=C(N(C/1=O)CC)SC1=C\C(C2=NN(CCCCCCCC)N=C32)=CC=C3C4=CC(C5(C(C=C6)=CC=C6CCCCCC)C7=CC=C(C=C7)CCCCCC)=C(C8=CC9=C(C%10=C(C9(C%11=CC=C(C=C%11)CCCCCC)C%12=CC=C(C=C%12)CCCCCC)C=C(C%13=CC=C(C%14=NN(N=C%13%14)CCCCCCCC)/C=C%15SC(N(C/%15=O)C#C)=S)S%10)C=C85)S4,dcfe55e25105351ae9c8ad52944bf5ab5d7d9aabff6bbd3f76ff805bf8820852,f89c93963c48a19c063c0f4d6b58c802680d8e5063121a06a395761e1ffe74e1,c4bf1e7f005e020c19e188ccdce36b1d304fe467a7ef9c28ea0f686f163d8e17,f81a1bb79b2f5bca68bb75e37b44ceb1c4b4d645fc238e1d0ad3729f0b949b0a,7342964bae6e1272b2af13c5807812879d7cf37673d8d969dde53663470d4ad8,945,1154,523,608,0.4384659860144205,joint_inhouse_gao
639,5.230000019073486,9.996186284735652,4.766186265662165,4.766186265662165,22.716531518986656,91.13166822715448,in-house,748,CC(S1)=C(CCCCC(CC)CCCCCC)C=C1C2=NC(S3)=C(S2)N=C3C4=CC(CCCCC(CCCCCC)CC)=C(S4)C5=CC(C(S5)=C(C6=C7SC(C)=C6)C8=CC(Cl)=C(S8)CC(CCCC)CC)=C7C9=CC(Cl)=C(CC(CC)CCCC)S9,c1(cc2c(cc1F)C(=O)/C(=C\c1cc3c(s1)c1c(s3)c3c(C1(c1ccc(cc1)CCCCCC)c1ccc(cc1)CCCCCC)cc1c(c3)C(c3c1sc1c3sc(c1)/C=C/1\C(=O)c3c(C1=C(C#N)C#N)cc(c(c3)F)F)(c1ccc(cc1)CCCCCC)c1ccc(cc1)CCCCCC)/C2=C(C#N)C#N)F,5.23,CC(S1)=C(CCCCC(CC)CCCCCC)C=C1C2=NC(S3)=C(S2)N=C3C4=CC(CCCCC(CCCCCC)CC)=C(S4)C5=CC(C(S5)=C(C6=C7SC(C)=C6)C8=CC(Cl)=C(S8)CC(CCCC)CC)=C7C9=CC(Cl)=C(CC(CC)CCCC)S9||c1(cc2c(cc1F)C(=O)/C(=C\c1cc3c(s1)c1c(s3)c3c(C1(c1ccc(cc1)CCCCCC)c1ccc(cc1)CCCCCC)cc1c(c3)C(c3c1sc1c3sc(c1)/C=C/1\C(=O)c3c(C1=C(C#N)C#N)cc(c(c3)F)F)(c1ccc(cc1)CCCCCC)c1ccc(cc1)CCCCCC)/C2=C(C#N)C#N)F,d2db47a1de123b9347d2ddf618c1a801ab53c4d92b4344f4922c9a2cdc1e005f,69e17d1724b4236f68d0c6efb6ad16969f13f8980d301d0056747038b20f0c8d,1d1f3d08da8cbf49d3f75c0dc79c07cc116e0d2088c8c16ed2c9eaecee5c333d,caeec8008c574875708aa28052b115bad6a2efd9fa5d8f5e5f2b2bbdced87101,67ba371073f9deebbd481f2eda443d7c389651a2bf06587ef23a5e256e2eaa40,138,934,468,609,0.4941568518217568,joint_inhouse_gao
643,5.019999980926514,11.348910199533597,6.328910218607081,6.328910218607081,40.05510455518913,126.07390921621058,in-house,753,O=C(C1=C(CCC(CCCC)CC)SC(CCC(CC)CCCC)=C1C2=O)C(C2=C(C3)C(C4)=CC=C4C5=CC6=C(C(C7=CC=C(CCC(CCCC)CC)S7)=C8C=CSC8=C6C9=CC=C(CCC(CCCC)CC)S9)S5)=C3C%10=CC=CS%10,c1(cc2c(cc1F)C(=C(C#N)C#N)/C(=C\c1sc3c(c1)sc1c3C(c3c1cc1c(c3)c3c(C1(c1ccc(cc1)CCCCCC)c1ccc(cc1)CCCCCC)c1c(s3)cc(s1)/C=C/1\C(=C(C#N)C#N)c3c(C1=O)cc(c(c3)F)F)(c1ccc(cc1)CCCCCC)c1ccc(cc1)CCCCCC)/C2=O)F,5.02,O=C(C1=C(CCC(CCCC)CC)SC(CCC(CC)CCCC)=C1C2=O)C(C2=C(C3)C(C4)=CC=C4C5=CC6=C(C(C7=CC=C(CCC(CCCC)CC)S7)=C8C=CSC8=C6C9=CC=C(CCC(CCCC)CC)S9)S5)=C3C%10=CC=CS%10||c1(cc2c(cc1F)C(=C(C#N)C#N)/C(=C\c1sc3c(c1)sc1c3C(c3c1cc1c(c3)c3c(C1(c1ccc(cc1)CCCCCC)c1ccc(cc1)CCCCCC)c1c(s3)cc(s1)/C=C/1\C(=C(C#N)C#N)c3c(C1=O)cc(c(c3)F)F)(c1ccc(cc1)CCCCCC)c1ccc(cc1)CCCCCC)/C2=O)F,6f31f3770fd225e382586e20513744e11a328b7cc74c758d48628417c600a02b,69e17d1724b4236f68d0c6efb6ad16969f13f8980d301d0056747038b20f0c8d,8332b22ad63e13f9b15c75f9f23319c3bcc64b52cea2954ad652267fde2e4b46,28637e448c04e46259c5b0ad9c4b6def7346f4a3b8d2b5a13a3d3759ec108315,04aadc213b7bc50b11a865ef0d356e8d79017db2726b499f18b3e4565b2bbc74,597,201,19,201,0.4086904098554265,joint_inhouse_gao
645,5.0,8.229579571450111,3.2295795714501114,3.2295795714501114,10.430184208327884,64.59159142900222,in-house,755,FC1=C(C(OCC(CCCC)CC)=O)SC2=CSC(C3=CC4=C(C5=C(C(C6=CC=C(CC(CC)CCCC)S6)=C4S3)C=CS5)C7=CC=C(CC(CC)CCCC)S7)=C12,N#C/C(C#N)=C/C(C1=NSN=C21)=CC=C2C3=CC(C4(CCCCCCCC)CCCCCCCC)=C(C5=C4C=C(C6=CC=C(C7=NSN=C67)/C=C(C#N)\C#N)S5)S3,5.0,FC1=C(C(OCC(CCCC)CC)=O)SC2=CSC(C3=CC4=C(C5=C(C(C6=CC=C(CC(CC)CCCC)S6)=C4S3)C=CS5)C7=CC=C(CC(CC)CCCC)S7)=C12||N#C/C(C#N)=C/C(C1=NSN=C21)=CC=C2C3=CC(C4(CCCCCCCC)CCCCCCCC)=C(C5=C4C=C(C6=CC=C(C7=NSN=C67)/C=C(C#N)\C#N)S5)S3,2249a87c8fc0450476e55f070a85b71ffa6beb368356c28f1302bad8bac422cb,75bb0d51864105efcd58ab66fd3d6941c978d0f104918194de0c2f63ecc65b2c,476f624042074cd6483fc93fb7f3525416dd384a4c4527439948b656cf479df8,5e7513cbb7437e55d17855083cb5fcbd8db2f944de3d2fd9b30bce39fc1e2495,b89cc574a2c5075b99baa763f3baffd1fc98d927a6c24e654e6b1a2b9acecd57,332,448,855,614,0.6552717830439231,joint_inhouse_gao
654,4.480000019073486,11.03113842010498,6.551138401031494,6.551138401031494,42.91741434946948,146.2307672575935,in-house,768,FC1=C(C(OCC(CCCC)CC)=O)SC2=CSC(C3=CC4=C(C5=C(C(C6=CC=C(CC(CC)CCCC)S6)=C4S3)C=CS5)C7=CC=C(CC(CC)CCCC)S7)=C12,O=C1C(/C(C2=CC(F)=C(F)C=C21)=C(C#N)\C#N)=C\C3=CC4=C(C5=C(S4)C6=C(C5(C7=CC=C(CCCCCC)C=C7)C8=CC=C(CCCCCC)C=C8)C9=C(S6)C%10=CC%11=C(C=C%10C9(C%12=CC=C(CCCCCC)C=C%12)C%13=CC=C(CCCCCC)C=C%13)C(S%14)=C(C%11(C%15=CC=C(CCCCCC)C=C%15)C%16=CC=C(CCCCCC)C=C%16)C%17=C%14C%18=C(C%19=C(S%18)C=C(/C=C%20/C(C(C(C%20=O)=C%21)=CC(F)=C%21F)=C(C#N)/C#N)S%19)C%17(C%22=CC=C(CCCCCC)C=C%22)C%23=CC=C(CCCCCC)C=C%23)S3,4.48,FC1=C(C(OCC(CCCC)CC)=O)SC2=CSC(C3=CC4=C(C5=C(C(C6=CC=C(CC(CC)CCCC)S6)=C4S3)C=CS5)C7=CC=C(CC(CC)CCCC)S7)=C12||O=C1C(/C(C2=CC(F)=C(F)C=C21)=C(C#N)\C#N)=C\C3=CC4=C(C5=C(S4)C6=C(C5(C7=CC=C(CCCCCC)C=C7)C8=CC=C(CCCCCC)C=C8)C9=C(S6)C%10=CC%11=C(C=C%10C9(C%12=CC=C(CCCCCC)C=C%12)C%13=CC=C(CCCCCC)C=C%13)C(S%14)=C(C%11(C%15=CC=C(CCCCCC)C=C%15)C%16=CC=C(CCCCCC)C=C%16)C%17=C%14C%18=C(C%19=C(S%18)C=C(/C=C%20/C(C(C(C%20=O)=C%21)=CC(F)=C%21F)=C(C#N)/C#N)S%19)C%17(C%22=CC=C(CCCCCC)C=C%22)C%23=CC=C(CCCCCC)C=C%23)S3,2249a87c8fc0450476e55f070a85b71ffa6beb368356c28f1302bad8bac422cb,4c202bfbc444a4a4e9517c0340dff0d718d4ec18e442197e3d81e2350b86e311,8d30084fef039907498f883049c77fe62de22010647dfceb5eec3a37ed63218b,c25ab565a3311acf859368917342f91342be2215e4f7f357d9bcaaaf114f56bc,73678bcb33f6fe4641ad30a0a0ec62eeb3dae354dbfdba6b9d7c3d750f41a3c3,651,893,525,622,0.5974974579440192,joint_inhouse_gao
663,4.25,9.704736719037047,5.454736719037047,5.454736719037047,29.754152674011053,128.34674633028348,in-house,777,O=C(C1=C(CCC(CCCC)CC)SC(CCC(CC)CCCC)=C1C2=O)C(C2=C(C3)C(C4)=CC=C4C5=CC6=C(C(C7=CC=C(CCC(CCCC)CC)S7)=C8C=CSC8=C6C9=CC=C(CCC(CCCC)CC)S9)S5)=C3C%10=CC=CS%10,O=C(C(C=CC(F)=C1)=C1C/2=C(C#N)/C#N)C2=C/C3=CC(N4CC(CCCC)CC)=C(S3)C5=C4C6=C(OCCCCCC)C(S7)=C(C(OCCCCCC)=C6S5)C8=C7C(S9)=C(N8CC(CC)CCCC)C=C9/C=C(C%10=O)/C(C%11=C%10C=CC(F)=C%11)=C(C#N)/C#N,4.25,O=C(C1=C(CCC(CCCC)CC)SC(CCC(CC)CCCC)=C1C2=O)C(C2=C(C3)C(C4)=CC=C4C5=CC6=C(C(C7=CC=C(CCC(CCCC)CC)S7)=C8C=CSC8=C6C9=CC=C(CCC(CCCC)CC)S9)S5)=C3C%10=CC=CS%10||O=C(C(C=CC(F)=C1)=C1C/2=C(C#N)/C#N)C2=C/C3=CC(N4CC(CCCC)CC)=C(S3)C5=C4C6=C(OCCCCCC)C(S7)=C(C(OCCCCCC)=C6S5)C8=C7C(S9)=C(N8CC(CC)CCCC)C=C9/C=C(C%10=O)/C(C%11=C%10C=CC(F)=C%11)=C(C#N)/C#N,6f31f3770fd225e382586e20513744e11a328b7cc74c758d48628417c600a02b,a692810514c1f160fe177aba70e9c3437f19d0282433f0434ecfc8b24b530838,f91db6e308eb388456b08ccbb92e27b9535be738323854eaa3a46b1fb21db941,ee4e140b1f0c05dda3c15facbf8b5c7530b6c1b3bd4dd5d1a28f4d053235706a,aef8cede826c70e4d253bf4cbdd166cbd1d5d608c54b6193ee015a3cb45521f2,1159,1105,800,631,0.4381691070327494,joint_inhouse_gao
666,4.099999904632568,3.469529291190723,-0.6304706134418452,0.6304706134418452,0.3974931944137366,15.377332392849077,in-house,781,CC1=CC=C(C(N(CC(CCCCCC)CCCCCCCC)C2=O)=C(C(N3CC(CCCCCCCC)CCCCCC)=O)C2=C3C4=CC=C(C5=CC(CCCCCC)=C(C6=CC=C(S6)C7=C(C=C(S7)C)CCCCCC)S5)S4)S1,c12cc3c(cc1C(c1c2sc2c1sc(c2)/C=C\1/C(=C(C#N)C#N)c2c(C1=O)cccc2)(c1ccc(cc1)CCCCCC)c1ccc(cc1)CCCCCC)c1c(C3(c2ccc(cc2)CCCCCC)c2ccc(cc2)CCCCCC)c2c(s1)cc(s2)/C=C\1/C(=C(C#N)C#N)c2c(C1=O)cccc2,4.1,CC1=CC=C(C(N(CC(CCCCCC)CCCCCCCC)C2=O)=C(C(N3CC(CCCCCCCC)CCCCCC)=O)C2=C3C4=CC=C(C5=CC(CCCCCC)=C(C6=CC=C(S6)C7=C(C=C(S7)C)CCCCCC)S5)S4)S1||c12cc3c(cc1C(c1c2sc2c1sc(c2)/C=C\1/C(=C(C#N)C#N)c2c(C1=O)cccc2)(c1ccc(cc1)CCCCCC)c1ccc(cc1)CCCCCC)c1c(C3(c2ccc(cc2)CCCCCC)c2ccc(cc2)CCCCCC)c2c(s1)cc(s2)/C=C\1/C(=C(C#N)C#N)c2c(C1=O)cccc2,ed3bdd79c421e42ed5848fa3ddce4daa759764c87b9eeeed7e8f884dd2f1c928,202f8607af2cecb83e86b2e4305f8c7e2852bc709bb805b9055691d46a9081c5,b0a704a06b840841e05aa9a84a586f19b8dfda97f6ff53d46586b78667386bb8,684ebde7eeb794d536c03059b5bdf20fbb0c6d4543291339dd0a1ffec852e007,7855ffce88ce188d713a8d9749950615d941bd60d5b42be5f544e7ce3a8f1a9d,817,502,542,634,0.4846188601415724,joint_inhouse_gao
670,4.019999980926514,8.718876206048645,4.698876225122131,4.698876225122131,22.079437779018008,116.88746884121012,in-house,785,O=C(C1=C(CCC(CCCC)CC)SC(CCC(CC)CCCC)=C1C2=O)C(C2=C(C3)C(C4)=CC=C4C5=CC6=C(C(C7=CC=C(CCC(CCCC)CC)S7)=C8C=CSC8=C6C9=CC=C(CCC(CCCC)CC)S9)S5)=C3C%10=CC=CS%10,O=C(C1=CC=CC=C1C/2=C(C#N)\C#N)C2=C/C(S3)=CC4=C3C=C(C5=CC(OC6(C7=CC=C(CCCCCC)C=C7)C8=CC=C(CCCCCC)C=C8)=C(S5)C(C=C9%10)=C6C=C9C%11=C(C=C(C%12=CC%13=C(C=C(/C=C%14C(C%15=CC=CC=C%15C\%14=C(C#N)/C#N)=O)S%13)S%12)S%11)OC%10(C%16=CC=C(C=C%16)CCCCCC)C%17=CC=C(CCCCCC)C=C%17)S4,4.02,O=C(C1=C(CCC(CCCC)CC)SC(CCC(CC)CCCC)=C1C2=O)C(C2=C(C3)C(C4)=CC=C4C5=CC6=C(C(C7=CC=C(CCC(CCCC)CC)S7)=C8C=CSC8=C6C9=CC=C(CCC(CCCC)CC)S9)S5)=C3C%10=CC=CS%10||O=C(C1=CC=CC=C1C/2=C(C#N)\C#N)C2=C/C(S3)=CC4=C3C=C(C5=CC(OC6(C7=CC=C(CCCCCC)C=C7)C8=CC=C(CCCCCC)C=C8)=C(S5)C(C=C9%10)=C6C=C9C%11=C(C=C(C%12=CC%13=C(C=C(/C=C%14C(C%15=CC=CC=C%15C\%14=C(C#N)/C#N)=O)S%13)S%12)S%11)OC%10(C%16=CC=C(C=C%16)CCCCCC)C%17=CC=C(CCCCCC)C=C%17)S4,6f31f3770fd225e382586e20513744e11a328b7cc74c758d48628417c600a02b,27f9c03b3eaa51956ee73ccbe206d37c8c10e9646ce8527b784bf8c287519ce3,da669ece5e80c1a8a2d7b2c5a83437fdaf13978a415b4cb27fe33443b9aee073,6864d1177c977374bf4b93f2caae547b180117fa07791fc56470300f46cf3a63,cbd51ee478788df932a6dd6d7ad278f58f709b5f646bafc733549d8e564c7e91,1034,503,935,638,0.5161268669437127,joint_inhouse_gao
672,3.9800000190734863,9.351839632090956,5.371839613017469,5.371839613017469,28.856660827983674,134.97084390135237,in-house,787,O=C(C1=C(CCC(CCCC)CC)SC(CCC(CC)CCCC)=C1C2=O)C(C2=C(C3)C(C4)=CC=C4C5=CC6=C(C(C7=CC=C(CCC(CCCC)CC)S7)=C8C=CSC8=C6C9=CC=C(CCC(CCCC)CC)S9)S5)=C3C%10=CC=CS%10,O=C(C(C=C([H])C([H])=C1)=C1C/2=C(C#N)/C#N)C2=C/C3=CC4=C(S3)C5=C(N4CC(CCCCCC)CCCC)C6=C(S5)C(C(C(C7=CC=C(C=C7)CCCCCC)6C8=CC=C(C=C8)CCCCCC)=C9)=CC%10=C9C%11=C(C(C%12=CC=C(CCCCCC)C=C%12)%10C%13=CC=C(CCCCCC)C=C%13)C(N%14CC(CCCCCC)CCCC)=C(S%11)C(S%15)=C%14C=C%15/C=C(C(C%16=C%17C=C([H])C([H])=C%16)=O)/C%17=C(C#N)/C#N,3.98,O=C(C1=C(CCC(CCCC)CC)SC(CCC(CC)CCCC)=C1C2=O)C(C2=C(C3)C(C4)=CC=C4C5=CC6=C(C(C7=CC=C(CCC(CCCC)CC)S7)=C8C=CSC8=C6C9=CC=C(CCC(CCCC)CC)S9)S5)=C3C%10=CC=CS%10||O=C(C(C=C([H])C([H])=C1)=C1C/2=C(C#N)/C#N)C2=C/C3=CC4=C(S3)C5=C(N4CC(CCCCCC)CCCC)C6=C(S5)C(C(C(C7=CC=C(C=C7)CCCCCC)6C8=CC=C(C=C8)CCCCCC)=C9)=CC%10=C9C%11=C(C(C%12=CC=C(CCCCCC)C=C%12)%10C%13=CC=C(CCCCCC)C=C%13)C(N%14CC(CCCCCC)CCCC)=C(S%11)C(S%15)=C%14C=C%15/C=C(C(C%16=C%17C=C([H])C([H])=C%16)=O)/C%17=C(C#N)/C#N,6f31f3770fd225e382586e20513744e11a328b7cc74c758d48628417c600a02b,e36563b84df3b98f527d4a656819036c3160a12c570cfa1e78aaa6623383dbaa,e91495b41cb1642c6357eade1bc59e9cefa33a55433294526289254200e67fd3,3bbbdf4a5de8f077bf2f0983761dfd3800a0e1e50acb39ebdb8fa975e3064f6e,0af81d84e4bf45f5644826a55b9ae5668cedd6a928e0097fb47cd1daed48ed83,1099,289,56,640,0.5527595723382184,joint_inhouse_gao
688,2.930000066757202,2.939894709256616,0.0098946424994137,0.0098946424994137,9.79039501912046e-05,0.3377011015008169,in-house,807,CC(SC(C1=C(F)C(F)=C(C2=CC(C(OC3=CC=C(CCCCCC)C=C3)=O)=C(C4=CC=C(C5=CC=C(C)S5)S4)S2)C6=NSN=C16)=C7)=C7C(OC8=CC=C(CCCCCC)C=C8)=O,c12cc3c(cc1C(c1c2sc2c1sc(c2)/C=C\1/C(=C(C#N)C#N)c2c(C1=O)cccc2)(c1ccc(cc1)CCCCCC)c1ccc(cc1)CCCCCC)c1c(C3(c2ccc(cc2)CCCCCC)c2ccc(cc2)CCCCCC)c2c(s1)cc(s2)/C=C\1/C(=C(C#N)C#N)c2c(C1=O)cccc2,2.93,CC(SC(C1=C(F)C(F)=C(C2=CC(C(OC3=CC=C(CCCCCC)C=C3)=O)=C(C4=CC=C(C5=CC=C(C)S5)S4)S2)C6=NSN=C16)=C7)=C7C(OC8=CC=C(CCCCCC)C=C8)=O||c12cc3c(cc1C(c1c2sc2c1sc(c2)/C=C\1/C(=C(C#N)C#N)c2c(C1=O)cccc2)(c1ccc(cc1)CCCCCC)c1ccc(cc1)CCCCCC)c1c(C3(c2ccc(cc2)CCCCCC)c2ccc(cc2)CCCCCC)c2c(s1)cc(s2)/C=C\1/C(=C(C#N)C#N)c2c(C1=O)cccc2,da7bcd5b457622214cc76b17f6b94aed25002e8b9942dcc2a17161e4959dd55f,202f8607af2cecb83e86b2e4305f8c7e2852bc709bb805b9055691d46a9081c5,ddc5f43b769019b01392183fb8196dda961a0ff9fb7ea7fdf172a38a05e5df2c,8f9f16b4fe53ed767f24491bbe659a2ef5b3ccafa680e009c9291ec59b599194,6db06b1e019f03e7d79ec350dabf15e7fefc6473146f2aae025330e8fa0bd531,1053,675,497,656,0.574669631945572,joint_inhouse_gao
700,2.380000114440918,9.037700360364251,6.657700245923335,6.657700245923335,44.32497256456764,279.7352909996513,in-house,820,CC1=CC2=C(S1)C(C3=CC=C([Si](CCC)(CCC)CCC)S3)=C4C=C(C5=CC=C(C6=C(F)C(F)=C(C7=CC=C(S7)C)C8=NN(CC(CCCCCCCC)CCCCCC)N=C68)S5)SC4=C2C9=CC=C([Si](CCC)(CCC)CCC)S9,O=C(C1=C(C=CC=C1)C/2=C(C#N)/C#N)C2=C/C3=CC4=C(S3)C5=CC6=C(C=C5C4(C7=CC=C(CCCCCC)C=C7)C8=CC=C(CCCCCC)C=C8)C9=CC(C(C%10=CC=C(CCCCCC)C=C%10)(C%11=C%12SC(/C=C%13C(C(C=CC=C%14)=C%14C\%13=C(C#N)/C#N)=O)=C%11)C%15=CC=C(CCCCCC)C=C%15)=C%12C=C9N6CCCCCCCC,2.38,CC1=CC2=C(S1)C(C3=CC=C([Si](CCC)(CCC)CCC)S3)=C4C=C(C5=CC=C(C6=C(F)C(F)=C(C7=CC=C(S7)C)C8=NN(CC(CCCCCCCC)CCCCCC)N=C68)S5)SC4=C2C9=CC=C([Si](CCC)(CCC)CCC)S9||O=C(C1=C(C=CC=C1)C/2=C(C#N)/C#N)C2=C/C3=CC4=C(S3)C5=CC6=C(C=C5C4(C7=CC=C(CCCCCC)C=C7)C8=CC=C(CCCCCC)C=C8)C9=CC(C(C%10=CC=C(CCCCCC)C=C%10)(C%11=C%12SC(/C=C%13C(C(C=CC=C%14)=C%14C\%13=C(C#N)/C#N)=O)=C%11)C%15=CC=C(CCCCCC)C=C%15)=C%12C=C9N6CCCCCCCC,eaf1916a35a7483d8caf5815ff5e1ea653d31569a8b350b0b99530cf692c3bfb,8d78500a5865e16c0602e7a8920cfca4146b0745ad21cbbdd15588826642d8c0,5cebe64452137623542abaf4c77cc6f4b8aa159dcbc1da1d09af43df470ade07,1358b47a6f55d93ab4416ef1f5db830351913ae6980cc0c754a6857e93c3a6b2,aa3a08954e3adc26aeb3580f019b4671934da681dfd29f7c44bdf85d1cabd597,417,91,785,597,0.5424399585540209,joint_inhouse_gao
704,2.150000095367432,9.901480268723894,7.7514801733564624,7.7514801733564624,60.085444877938336,360.5339455592789,in-house,824,CC(S1)=C(CCCCCCC)C=C1C2=NC(S3)=C(S2)N=C3C4=CC(CCCCCCC)=C(S4)C5=CC(C(S5)=C(C6=C7SC(C)=C6)C8=CC(Cl)=C(S8)CC(CCCC)CC)=C7C9=CC(Cl)=C(CC(CC)CCCC)S9,c1(cc2c(cc1F)C(=O)/C(=C\c1cc3c(s1)c1c(s3)c3c(C1(c1ccc(cc1)CCCCCC)c1ccc(cc1)CCCCCC)cc1c(c3)C(c3c1sc1c3sc(c1)/C=C/1\C(=O)c3c(C1=C(C#N)C#N)cc(c(c3)F)F)(c1ccc(cc1)CCCCCC)c1ccc(cc1)CCCCCC)/C2=C(C#N)C#N)F,2.15,CC(S1)=C(CCCCCCC)C=C1C2=NC(S3)=C(S2)N=C3C4=CC(CCCCCCC)=C(S4)C5=CC(C(S5)=C(C6=C7SC(C)=C6)C8=CC(Cl)=C(S8)CC(CCCC)CC)=C7C9=CC(Cl)=C(CC(CC)CCCC)S9||c1(cc2c(cc1F)C(=O)/C(=C\c1cc3c(s1)c1c(s3)c3c(C1(c1ccc(cc1)CCCCCC)c1ccc(cc1)CCCCCC)cc1c(c3)C(c3c1sc1c3sc(c1)/C=C/1\C(=O)c3c(C1=C(C#N)C#N)cc(c(c3)F)F)(c1ccc(cc1)CCCCCC)c1ccc(cc1)CCCCCC)/C2=C(C#N)C#N)F,35dd410f34ff9f1c7561f73c00ed52e5a16c0fcc3863a8890f348b925e7b2f45,69e17d1724b4236f68d0c6efb6ad16969f13f8980d301d0056747038b20f0c8d,ac5edb9ad479bd24c171740f5ce0072a686b30f37b38cac94f44a1ea72fb20ff,a2d0c41b9d26ee4d2910eba6cb5c0d379bd7d931139ea4671f31efdf9319bc33,0e5ef8f9c511b4a7b3126b9dbf4bbdc12ea226db711c91ea8a0488f461a5aea2,802,760,70,671,0.479381985037951,joint_inhouse_gao
708,1.5,10.221344258525583,8.721344258525583,8.721344258525583,76.06184567571715,581.4229505683722,in-house,828,O=C(C1=C(CCC(CCCC)CC)SC(CCC(CC)CCCC)=C1C2=O)C(C2=C(C3)C(C4)=CC=C4C5=CC6=C(C(C7=CC=C(CCC(CCCC)CC)S7)=C8C=CSC8=C6C9=CC=C(CCC(CCCC)CC)S9)S5)=C3C%10=CC=CS%10,O=C(C(C=C(F)C(F)=C1)=C1C/2=C(C#N)/C#N)C2=C/C3=C4C(OCCO4)=C(S3)C5=CC(C6(C7=CC=C(C=C7)CCCCCC)C8=CC=C(CCCCCC)C=C8)=C(S5)C(C=C9%10)=C6C=C9C%11=C(C(SC=C%12)=C%12S%11)C%10(C%13=CC=C(CCCCCC)C=C%13)C%14=CC=C(CCCCCC)C=C%14,1.5,O=C(C1=C(CCC(CCCC)CC)SC(CCC(CC)CCCC)=C1C2=O)C(C2=C(C3)C(C4)=CC=C4C5=CC6=C(C(C7=CC=C(CCC(CCCC)CC)S7)=C8C=CSC8=C6C9=CC=C(CCC(CCCC)CC)S9)S5)=C3C%10=CC=CS%10||O=C(C(C=C(F)C(F)=C1)=C1C/2=C(C#N)/C#N)C2=C/C3=C4C(OCCO4)=C(S3)C5=CC(C6(C7=CC=C(C=C7)CCCCCC)C8=CC=C(CCCCCC)C=C8)=C(S5)C(C=C9%10)=C6C=C9C%11=C(C(SC=C%12)=C%12S%11)C%10(C%13=CC=C(CCCCCC)C=C%13)C%14=CC=C(CCCCCC)C=C%14,6f31f3770fd225e382586e20513744e11a328b7cc74c758d48628417c600a02b,c14f352234a334fdbdca4741f5b14f987ef01a0f0b5d35fbab621d04ad628918,44ee6d37c8940cf556ceeb81a5013e035bdeea65dbef78dfb131fb31c9607dc1,47142ab1179755420e6b41771991aece33d8a9271320c22ad93295909d57712b,26f6a1bf39d743e2368c765bdc2f3b4a181db56bd81c024d313f6bad84ac1a91,312,341,165,674,0.5273884454973194,joint_inhouse_gao
712,1.2300000190734863,9.03466542876593,7.8046654096924435,7.8046654096924435,60.91280215724972,634.5256332249012,in-house,833,COCCOC(C1=C(C(OCCOC)=C2S3)C=C(C)S1)=C2C=C3C(S4)=CC=C4C(C5=NN(N=C5C6C7=CC=C(S7)C)CC(CCCC)CCCCCC)=C(C6OCCOC)OCCOC,O=C(C1=CC=CC=C1C/2=C(C#N)/C#N)C2=C/C3=CC(SC4C5C(C)=C(C(C6=CC=C(C=C6)CCCCCC)(C7=CC=C(C=C7)CCCCCC)C8=CSC9=C8SC(/C=C%10C(C(C=CC=C%11)=C%11C\%10=C(C#N)/C#N)=C)=C9)C=C(C)C5C(C%12=CC=C(C=C%12)CCCCCC)(C%13=CC=C(C=C%13)CCCCCC)C%144)=C%14S3,1.23,COCCOC(C1=C(C(OCCOC)=C2S3)C=C(C)S1)=C2C=C3C(S4)=CC=C4C(C5=NN(N=C5C6C7=CC=C(S7)C)CC(CCCC)CCCCCC)=C(C6OCCOC)OCCOC||O=C(C1=CC=CC=C1C/2=C(C#N)/C#N)C2=C/C3=CC(SC4C5C(C)=C(C(C6=CC=C(C=C6)CCCCCC)(C7=CC=C(C=C7)CCCCCC)C8=CSC9=C8SC(/C=C%10C(C(C=CC=C%11)=C%11C\%10=C(C#N)/C#N)=C)=C9)C=C(C)C5C(C%12=CC=C(C=C%12)CCCCCC)(C%13=CC=C(C=C%13)CCCCCC)C%144)=C%14S3,55df02ba84836c28e27d5e5151ad4c5d691951c5ab3a5039bbc579c46aed905a,83d12c8a518aebb2c9e097cdd9cd4e855fadbb8bad16c860293e67b74eecaf00,e683883becdfdc8311bc7550395c4a4f21214947faaf11d059e495502ac14bfa,3c42fc976dd575d1abe4cf3696bc8a3545d92eb4393502a05ea0d52525f59772,db8634b2680c0699c519e1084d0471d00a4c10004310c66c51ec2be769aee374,1091,291,1014,678,0.5926543654784546,joint_inhouse_gao
716,1.2400000095367432,2.737520206092608,1.4975201965558649,1.4975201965558649,2.2425667390927155,120.76775685794787,Gao,1,,,1.24,Gao_0001,8e2c74235925f35938df5fd53afb7dd4249fdbc0860494df9e1e5d7079af21ef,79a9af327ea103eba28cd661ee4a5fbd1877d89cc8909ddb6038947c6ef598a9,f24724ae874376042bfaaf4ccdf7770e51d2c09dc26f5e646db1528ce2c9b980,162611000c73392a34641ca68831d35e4a8def580e60469aaf6cbe0ea6dca16f,b0490166a65e9ccad667bb75d9a20a68f0dd1bd41fef7d2c9d24e27707127753,1141,112,810,682,0.3848684631589217,joint_inhouse_gao
718,2.0999999046325684,2.025970713927014,-0.0740291907055543,0.0740291907055543,0.0054803210765193,3.525199717497466,Gao,3,,,2.1,Gao_0003,af9d145acd5ddab33d6c9b614d07abc41bd22ba261a87131a03b2ebe187ea8bf,0200210bcf15d900163b083f37822f819e4cacf358747423834334ad050b737f,ab8db180121a5c084069499f727ce871a0b87fbb9fd651379fe5f15371508a33,c2d3f08546c7c299bf4e61db1b9e5671e74810ffbb7419b7ef89f20916c1fda1,fde94584fb4768a1861a1b0212c2183e94554b333b42e437f479e5f6cd9a8f13,799,895,1185,684,0.3589372434235566,joint_inhouse_gao
719,2.700000047683716,2.025970713927014,-0.6740293337567018,0.6740293337567018,0.4543155427645033,24.964048957515395,Gao,4,,,2.7,Gao_0004,af9d145acd5ddab33d6c9b614d07abc41bd22ba261a87131a03b2ebe187ea8bf,0200210bcf15d900163b083f37822f819e4cacf358747423834334ad050b737f,ab8db180121a5c084069499f727ce871a0b87fbb9fd651379fe5f15371508a33,c2d3f08546c7c299bf4e61db1b9e5671e74810ffbb7419b7ef89f20916c1fda1,fde94584fb4768a1861a1b0212c2183e94554b333b42e437f479e5f6cd9a8f13,799,895,1185,684,0.3589372434235566,joint_inhouse_gao
744,3.680000066757202,2.9793350484111523,-0.7006650183460499,0.7006650183460499,0.4909314679338704,19.03980993575015,Gao,29,,,3.68,Gao_0029,97b5eb5d93249fc070b45dd673098a2665e7ed2fdbd9c94a4630e497ac69f6e3,79a9af327ea103eba28cd661ee4a5fbd1877d89cc8909ddb6038947c6ef598a9,74ea2331137036730da1b093c8f126abd950e6e978153bb4c8138d885f8c7209,f4facbe3579ef1218fbedbe7c72dc50ee2c80f76d6e3d7a1be1e633ef19b8f8a,468d84def8e5613d8fe86dc7430feccdda8e29007de35fe370c8eef2cc15daf9,530,1140,312,708,0.2898228222147396,joint_inhouse_gao
746,2.0899999141693115,1.800056197855732,-0.2899437163135794,0.2899437163135794,0.0840673586297294,13.872905656497124,Gao,31,,,2.09,Gao_0031,44c07647e56ce0b1829aec9741ebe0c32b803a6f5be31ba5d3a3c9a5b73a2b74,79a9af327ea103eba28cd661ee4a5fbd1877d89cc8909ddb6038947c6ef598a9,94ce84d77364f7496f28d0bc8f8805ae1aea4fe1ef6e7e141a4e717ce5526c37,6996ebb610bb22b5dea9eca1441efff41ce1d704d2ca2f8f53a4fadc35592399,9d8f415d5e6107810e2094e42c2f4f5e7d4b527bc21eba3ca8fe346b39133c08,681,511,718,710,0.2815770816539983,joint_inhouse_gao
747,4.260000228881836,5.028236785737595,0.7682365568557588,0.7682365568557588,0.5901874072895914,18.033721023001103,Gao,32,,,4.26,Gao_0032,a21845df9ee8016166b985ba8391c9534a5a6c1685306f54c101b503e0d31060,79a9af327ea103eba28cd661ee4a5fbd1877d89cc8909ddb6038947c6ef598a9,2b9a15cd5bad00c0c73330bfd67ab2ae64ed06c4c9c12b4b5ad46f182a8dbb6b,50209e6369ad8b2eea7c03a990fb793827ff8440a336bfbdb3544e6f8629d3f9,d560dbe454da193686ee7fba87929e364c9f2af83667de743a53c03b6b644967,189,385,980,711,0.4809496512413649,joint_inhouse_gao
749,2.430000066757202,3.6735695659524144,1.2435694991952122,1.2435694991952122,1.5464650993286309,51.175698149454654,Gao,34,,,2.43,Gao_0034,21f2b072ddf80509f7a26c16e9d7b746fc759cce061694263ef4479c5eaf50f4,79a9af327ea103eba28cd661ee4a5fbd1877d89cc8909ddb6038947c6ef598a9,69ad7b17e063e2363cfe28b5490d065f8a1fab768fcb3492e93fb6443d37e361,5a30aa78df0ffb1ef729407cb0d99277ed298cb644e19497e5d59b9c9f490269,fb289fe79284d30ffc11a4df4e960fd6e22a123bb44694de0e36519841373f2d,477,426,1169,713,0.4421773357758446,joint_inhouse_gao
756,1.0399999618530271,1.4639031999181993,0.4239032380651721,0.4239032380651721,0.179693955242138,40.75992823210105,Gao,41,,,1.04,Gao_0041,79418b87387c597467e864eba74f6cd9dff6050c031f24de3b21ff4b25ea0762,79a9af327ea103eba28cd661ee4a5fbd1877d89cc8909ddb6038947c6ef598a9,2fd462e1db765980d4ee4a73d1e84eb7aa46dbf242af10b345fbdc461ca2c110,6ea9bb16f6b8b0926db7a9f18372cc90275bad35611405d8c6b164775cc30153,da49efb53f1b0f9827f4c228ae19a9323c11f934ffe7371392fea32ce4c7ce37,214,536,1005,720,0.2834527996292113,joint_inhouse_gao
761,9.800000190734863,3.4018823746407385,-6.398117816094125,6.398117816094125,40.93591158862105,65.28691522009404,Gao,46,,,9.8,Gao_0046,4cf1b73be53f6aacf715b887bdabad991622ff5819d46003ed520ab04cb926b0,79a9af327ea103eba28cd661ee4a5fbd1877d89cc8909ddb6038947c6ef598a9,8aad78d982e8433f12072628b546d4fa2cbb7d67bf7545e4694c209645e61872,eae0aab4d4a2e4628c5e4017fc567a26ef5771095d6792b00efb10a989ae74cf,c1b9c499b92a5fb7d7f2ec2d60d3e1870c9ff3c557c6a998c20db0a7efaf010c,631,1082,895,725,0.3405964163497437,joint_inhouse_gao
763,9.050000190734863,5.657217733930834,-3.3927824568040297,3.3927824568040297,11.510972799197187,37.48930812484916,Gao,48,,,9.05,Gao_0048,8dad7c7fc9d04a7022e4f0481b8d958a52d567d442560c38a2ebcd60aefacffd,79a9af327ea103eba28cd661ee4a5fbd1877d89cc8909ddb6038947c6ef598a9,85e69d48d1806e29aab1dd2ea118c2f9375d11027016c6ded0e50b38b1a9ba19,7b4b818002b2d763415b6748985ebcac76849b5db4b3c038c38730ff9ded3b23,4d528d0928cc702bb8db6ba4fbd2a28bc18911fa3acf5c4ebf0b1e8366ed00c0,610,591,341,727,0.4535398661270025,joint_inhouse_gao
764,6.369999885559082,6.005209611193968,-0.3647902743651139,0.3647902743651139,0.1330719442713751,5.726692008144314,Gao,49,,,6.37,Gao_0049,ed341b96b55d4c09d46feba8738fa5cf9982a99c8f9826869550247c01874351,79a9af327ea103eba28cd661ee4a5fbd1877d89cc8909ddb6038947c6ef598a9,18eb26f113eae2aa0f78e5ff178509e5a9cd493b2e360af09af4c7c73ba9b9b6,86bcc9f28bc6f76240bafe14dc707330457ba37cc2472957a50f08ff978d4e75,6005c4e7c2efc5ada4374187877f6a4d261404a98ba70881393fdce80c53d743,118,634,430,728,0.4537232971084992,joint_inhouse_gao
776,4.639999866485596,4.455259226336338,-0.1847406401492577,0.1847406401492577,0.0341291041227575,3.9814794281272894,Gao,61,,,4.64,Gao_0061,74e70aed8722003457fb8860b788f537e5df6894264b66d3f4fa15d9d0d7ee17,79a9af327ea103eba28cd661ee4a5fbd1877d89cc8909ddb6038947c6ef598a9,da07b4bd2f4938175e3f7e45b4bc4f03fb41ac4c7986b05a227a2effdff9126d,020fff424ab1e7e552299b0ff11bfeac4b5a1d00dbac22a498dce46bc31cac30,b292250e7d48199212c4b764a4c323451a6a62d6576b86a234654bdfa0a3ce2c,1032,10,825,740,0.3995413392195844,joint_inhouse_gao
779,4.300000190734863,2.6758969715326137,-1.6241032192022495,1.6241032192022495,2.63771126662311,37.76984063167432,Gao,64,,,4.3,Gao_0064,8aa543d125c45966628245005e58dc49406f704a9519d66a52b9fd9ed0389336,79a9af327ea103eba28cd661ee4a5fbd1877d89cc8909ddb6038947c6ef598a9,864bbfc1b24e4fad1b07134ac1665917717e4a4249b44b2ee1e83b8002a81775,757769b7ac7a0a1887462f4c44831b1c2ecac724d572db8f0cee848a28a49cdc,16e3a59ce8f0ae402107e1727d3d3327c834753dd83db93219f86bd1e284ba35,615,566,101,743,0.3791798727253452,joint_inhouse_gao
799,1.2599999904632568,2.366270562209705,1.1062705717464485,1.1062705717464485,1.2238345779122135,87.7992523904474,Gao,84,,,1.26,Gao_0084,e80bd24aee29a5ba8e8df20720f80b347ea216ea981000aaefa02a25a9275d14,79a9af327ea103eba28cd661ee4a5fbd1877d89cc8909ddb6038947c6ef598a9,6979809849b6c58b4e652b9e9f08289130909780d72a37c7e997be4dd0dda405,9a4d11e8d9c7c4811ea521dc95e22cb44fa6a5eabeebed3b622987a4302075fa,811b98a885ffbabb172bde0aa1127a382fe15452294759268c92f4359d4f979d,475,723,584,763,0.310634401233382,joint_inhouse_gao
800,0.9700000286102296,0.8422305886403169,-0.1277694399699127,0.1277694399699127,0.0163250297902251,13.172106824880697,Gao,85,,,0.97,Gao_0085,471ad3d43fdf26456b14895f23221eca11e905d639d266f968f6712e164eb052,0200210bcf15d900163b083f37822f819e4cacf358747423834334ad050b737f,b71ba03471698e3d21656b66381bfe04e598b2ec8d6083793bd8963c47f2feb3,84548fb98258a8df4bb8226f884e2eefd860394539ef42af0b4c3ec3d00b6998,f03f8366fe2583eb2e5c887900d4715acde6535f6e77b58e345f0890573cb3fd,865,624,1122,764,0.2545721018494085,joint_inhouse_gao
813,3.3399999141693115,1.5643885230073835,-1.775611391161928,1.775611391161928,3.152795812423997,53.16201906560644,Gao,98,,,3.34,Gao_0098,bc8ca8ff8287ffd6bdf836e1f0f300f341cc107009d23617153c8c590a889b68,79a9af327ea103eba28cd661ee4a5fbd1877d89cc8909ddb6038947c6ef598a9,976c76d44abc671192739c0ec16060b5dec7eefa6c81a371cd71d6f8aefc3afe,82a56eeacc2ffbebd5326d13e5e7b9022276020edc07a2547d357e4c51f4a8f5,599ad234b9df2aee1c0e6027842b8aaf2b5f138b83b2b9fffdf295c4a482aa98,693,621,403,776,0.2630545740698848,joint_inhouse_gao
829,1.7300000190734863,0.6639954733966601,-1.0660045456768263,1.0660045456768263,1.1363656914036568,61.61875918635727,Gao,114,,,1.73,Gao_0114,e7766cd6847339c7f8a0632070fd053b8990ac4a5c8333fa2d5c50fbc891650d,0200210bcf15d900163b083f37822f819e4cacf358747423834334ad050b737f,c13979f4d03a8594a13e2cffc73ba1a89a7616a61acd89ca205551cd4cbdfcd9,0f7fe77fa42f33ee248fe461fad0d121db44aa47fca47c391989f22da75e713d,590c544865d81238fdd8d34e68f80231e7ec3fbfbdf060b4075b92f092317367,921,76,401,790,0.2642742318482943,joint_inhouse_gao
846,0.6899999976158142,0.8387147607189593,0.1487147631031451,0.1487147631031451,0.0221160807648245,21.552864292319637,Gao,131,,,0.69,Gao_0131,02c51c556a74cc0ca4a7a250804fdd86a165a0494d730455efaccb0d5a8e5897,79a9af327ea103eba28cd661ee4a5fbd1877d89cc8909ddb6038947c6ef598a9,c317df8784919a812ceed7c528247bc7ccfc8750f222edbe6cc0cf8f8041b26d,13f36a792c5587a9aebfa7e3d56e98f5c04a7670b57d7b1990558663eb310517,81f5c74d0efc5bbcca423423e8e65a819ac12eb818a53d9e32d39011c70619f6,930,95,589,806,0.2197869937288786,joint_inhouse_gao
847,5.210000038146973,4.113183174983109,-1.0968168631638635,1.0968168631638635,1.2030072313206173,21.05214693153756,Gao,132,,,5.21,Gao_0132,a59954e11d006577fe6b0aceeff35fd90a19c1786b8eacbd7135c968ab7854da,79a9af327ea103eba28cd661ee4a5fbd1877d89cc8909ddb6038947c6ef598a9,9eaaa77166ac47be1b858c576bc1608cd40582a661c2658300e9b921ba77e0ca,e159e95ef813647d7afc5d5bd7c99f78bdad16a492a0cb7da76e7d586a225a68,c296c84440065b01a62b228e0af12cc464a72f8c781573f7979939abd6165417,725,1038,896,807,0.4006890915605112,joint_inhouse_gao
848,4.829999923706055,3.993612714333109,-0.8363872093729454,0.8363872093729454,0.6995435640026633,17.316505643569165,Gao,133,,,4.83,Gao_0133,9f90cfa70e2cf33a26362718c468f7531af04193b41db41434f179cc90b19fee,79a9af327ea103eba28cd661ee4a5fbd1877d89cc8909ddb6038947c6ef598a9,ad040850fe076f7b81edc89fdea1119a821ad9d1d99be28fd41643417d504359,e93ec2246c0af4fe52bdfe1629ceac32f224f1cbea6a7d6d0239ee3dcf86ad26,7bf7264ea2e7e8e65c1c237dbe3b9e758a6b7521ecd080d6a46f5f0bf7945bf2,805,1075,563,808,0.4104270685244341,joint_inhouse_gao
850,3.0999999046325684,5.016272946159439,1.9162730415268705,1.9162730415268705,3.6721023696826425,61.81526130575797,Gao,135,,,3.1,Gao_0135,70830667ae087b533231a0e7087dcb1d6626805fd1dcd433b93e3f6565edcc67,79a9af327ea103eba28cd661ee4a5fbd1877d89cc8909ddb6038947c6ef598a9,74df3413b73197d40abb5f6c0eee0363cd70db016c8fd423efdc5c1555118187,5c2662a56ec123bd960c78765983e4516a1ecdd720c34d51670fdcfeab777962,26a7739cf7247b8ab63211cf41cecab6aa88fa4856e21a9692ad1ce1e8b5d4cb,529,434,161,810,0.433355872418647,joint_inhouse_gao
851,6.5,4.779244290720119,-1.7207557092798815,1.7207557092798815,2.961000211019308,26.473164758152024,Gao,136,,,6.5,Gao_0136,1c742257e7fe70912d94cf4164ea081f01c4ed64ada13bfb7dca20640063338e,79a9af327ea103eba28cd661ee4a5fbd1877d89cc8909ddb6038947c6ef598a9,ccef8b78299fad02767b50bfb87466c4a1679f1f6ee8f0cdf332190fd18f9017,eeb3677cfd8ca7a6b1d71edae89be917b2bf48629ee42946ff1bd76688c3ac02,29565d825266e6210677dd1b33391988f8f0cc4590f527eb2db7953308a0b9f9,978,1110,176,811,0.4302760102587883,joint_inhouse_gao
859,4.340000152587891,3.994717909557985,-0.345282243029906,0.345282243029906,0.1192198273517631,7.955811771665915,Gao,144,,,4.34,Gao_0144,9e916c699e9571d47d5e715f24a14a25731a0acb27c62c1f6174499b62bf153d,79a9af327ea103eba28cd661ee4a5fbd1877d89cc8909ddb6038947c6ef598a9,0fcf7261dc5ca660f251301e757b2955a2dede2f119a4bebdf4f71f28cbb3d11,d1c46a6a694ae0dbfb4951ce2c23d90ce82293fc812f0042f72cf8e9b9da7900,4ff1384b3c72b88e5777097d08e5b8baebb9a57672ba3905dbdb073fd8f9faef,71,970,352,819,0.4296856253058019,joint_inhouse_gao
862,3.690000057220459,3.0400446051418197,-0.6499554520786397,0.6499554520786397,0.4224420896867489,17.613968617882005,Gao,147,,,3.69,Gao_0147,1866d655f119dd8f042d839bd8ecb83afc1deaa6f96401d320c39c83294ba85b,79a9af327ea103eba28cd661ee4a5fbd1877d89cc8909ddb6038947c6ef598a9,5b1f0f9325fd7934d75cb935bfab2bebfee09c75dbd29d74d68a3d39069d2dcd,97149cfe160ee2422c07d342ad3a06bd164010815100df6b3bdc45d6545aa9fd,b2a186ec001402de34c09c21709a719ad2bee406f1eb59f1d3ffd59bfbcc57e1,413,705,826,822,0.35839261539398,joint_inhouse_gao
869,2.869999885559082,2.646140968445504,-0.2238589171135778,0.2238589171135778,0.0501128147712637,7.799962579788384,Gao,154,,,2.87,Gao_0154,cee0ade1adedac4f1c350e305dcd1e81a22bd11836bc2ff5390b807f3313e84e,79a9af327ea103eba28cd661ee4a5fbd1877d89cc8909ddb6038947c6ef598a9,9be27402d8c63fab6396827e7de984f270384e99c6de4f13f113e7509fe1ebac,4a438bbf8f06b20c3c4071fc35700375fe00e523d4604b8032978bd882d8bb59,0d73f7074413951eb9803af133f16b075ecbd4413725d52d7662db0a24d38f2d,712,352,66,829,0.3398578658447639,joint_inhouse_gao
871,2.509999990463257,2.646140968445504,0.1361409779822473,0.1361409779822473,0.0185343658859627,5.423943366514537,Gao,156,,,2.51,Gao_0156,cee0ade1adedac4f1c350e305dcd1e81a22bd11836bc2ff5390b807f3313e84e,79a9af327ea103eba28cd661ee4a5fbd1877d89cc8909ddb6038947c6ef598a9,9be27402d8c63fab6396827e7de984f270384e99c6de4f13f113e7509fe1ebac,4a438bbf8f06b20c3c4071fc35700375fe00e523d4604b8032978bd882d8bb59,0d73f7074413951eb9803af133f16b075ecbd4413725d52d7662db0a24d38f2d,712,352,66,829,0.3398578658447639,joint_inhouse_gao
873,1.0399999618530271,1.6676981714692447,0.6276982096162176,0.6276982096162176,0.394005042355405,60.355599292312654,Gao,158,,,1.04,Gao_0158,1c8f708d8095b8b8f3a223fd4d592b04be16f5436fa320ef06cf3cf3aac06ec2,79a9af327ea103eba28cd661ee4a5fbd1877d89cc8909ddb6038947c6ef598a9,053aaab9baa88244292e0c09a1e056cbd5f8b84f8daf90e7519a132636bd6d4c,5bd839de61c20abc412a3bb5154e0cb975f5c49a9d0ed145ca426ce763871c87,1bd19e7b958cf23e503cd76deab6377d50def9b51365a1f2e8a6cccc0152382b,24,432,115,832,0.2368352959309672,joint_inhouse_gao
876,4.25,3.1310964681134363,-1.1189035318865637,1.1189035318865637,1.2519451136682265,26.32714192674268,Gao,161,,,4.25,Gao_0161,555005dca41aa13c02860543e1c61c03ecdb013a7754a9af22a37fd792b42a4b,79a9af327ea103eba28cd661ee4a5fbd1877d89cc8909ddb6038947c6ef598a9,ed7a66caf8e0eb2ac01cf3959dcd1c69e9a7b79f1b0406f7fd5a5e8154ba3396,e4e4a1dc92e77fa5ee5e1290558c9079dbc5a10514a726b213d1a2d4d347a537,854c2918ce8b2c181f5d14ee1bd73100e5e833ffbedd7f6f0de4050689df7163,1118,1057,606,834,0.4379525024615131,joint_inhouse_gao
881,0.699999988079071,2.3601052135524183,1.6601052254733473,1.6601052254733473,2.755949359643913,237.15789339211017,Gao,166,,,0.7,Gao_0166,907df83babdf5eea703f8f88a501fce5ee9a6ee8d2fe039802994e4c996b3e78,79a9af327ea103eba28cd661ee4a5fbd1877d89cc8909ddb6038947c6ef598a9,fa360cdbdb07938e265ae5014a86e164e13ed5a95272a280ccf74f45d548dd4c,e8c88a43b15863f357debf9abae66fee98efd7180d1d348c8e0e030e417ff9df,3ed6cfbc415ff064e36d4ffc5aeaa5e65455eead04b38a02aa30f63e18318f89,1167,1074,272,839,0.3296054864448264,joint_inhouse_gao
897,2.990000009536743,1.8625750069571012,-1.1274250025796415,1.1274250025796415,1.2710871364417051,37.70652170513939,Gao,182,,,2.99,Gao_0182,124d475dd467620cec6ad6efea8e304920f6c9c57d13143ab3d0b5cf0e8797c0,662249b27f71717e6cd10bc40d9d82bd63bbfc14fed03ba60280ffb003a773e7,e2efc32537843b3bbfdeb0a13fab0028b89cf4f1772a03a6d795b988811fb749,58c456969597b5bc75cd47c53e03045e67fd3173b5be4f5408397020bca16032,b941d575955d044cc0513bc9f0b96c5cc6ce70dc5cb02a3388196ffc87314540,1073,420,858,854,0.2672361819494645,joint_inhouse_gao
899,1.1100000143051147,4.393485989901099,3.283485975595984,3.283485975595984,10.781280151935512,295.8095435387468,Gao,184,,,1.11,Gao_0184,4075d78f2f61dd2cb7acdb8e4a8f9473d226c03dd6bfe112725bf40245f02f54,79a9af327ea103eba28cd661ee4a5fbd1877d89cc8909ddb6038947c6ef598a9,f9cd854ee8fcc052b67e93d092d4207e83ee222c2be1916777716842cde91d4c,d1620e64f3f8f4de5b4003efc2f8ba3f4b727c4ff1e171dfc502101d98b09fcc,f6b8e22cc09539d092cde86ed5deeecc128a1c67eea8876eb0c6c5511ee09752,1164,969,1155,856,0.3868748125994302,joint_inhouse_gao
901,5.199999809265137,4.437773508600669,-0.7622263006644676,0.7622263006644676,0.5809889334246394,14.658198627360822,Gao,186,,,5.2,Gao_0186,91ae723a8c0799551ff13f3f3433652c8dae654c233417c031de0aef1e470643,79a9af327ea103eba28cd661ee4a5fbd1877d89cc8909ddb6038947c6ef598a9,e46576f4244600ef94856f88b24259182b936a9c6d4be2bf8319965c590159a1,c43b18447cde62a937236592643436180a1035f3737555ecb889a094299a1840,794d8b2d698b98375a8b16ba79e4cf9cdb914d10a679607053d39b188e24b5fc,1081,901,547,858,0.4026952759806418,joint_inhouse_gao
904,6.599999904632568,6.041913093906818,-0.55808681072575,0.55808681072575,0.3114608883060391,8.455860890755869,Gao,189,,,6.6,Gao_0189,88396f3ea512153dba9e47b29c009cdfdceac03900ac3a0a545fb8f3b09f7fb5,0200210bcf15d900163b083f37822f819e4cacf358747423834334ad050b737f,164b177b6e79bea4f320a7ad8608ee2acfe95080927a3a3651cfd51541d44b70,9476cf0bb11409650641023a10cfbc00236a3c23c53ecc031786e47fc740a44e,58b3743fb7d0a04a11b4d3cbe7f3f78d1bb29724b3a239edf116dd9aec928143,103,696,397,861,0.5562101723199055,joint_inhouse_gao
911,1.149999976158142,2.0991034330707965,0.9491034569126544,0.9491034569126544,0.9007973719235508,82.53073709474049,Gao,196,,,1.15,Gao_0196,71d152cb857c17e5049fd3fc839e66d64d3fe7d701749be1effbbf5f9c606217,79a9af327ea103eba28cd661ee4a5fbd1877d89cc8909ddb6038947c6ef598a9,53e918b25dfbc20260a7991c62cbdbb0f823dd6c84e0e2571ab838d9ee341258,f68c6a475dec566c62334a2d60a2f325505db68f4bd24f48548fd20046371fb6,9d76b974a9bf50299a3bd8e2575a53032485ad25af89fc65e695162ce40c0a41,383,1147,717,868,0.3822349063197844,joint_inhouse_gao
915,3.009999990463257,3.938022424678991,0.9280224342157344,0.9280224342157344,0.8612256384076971,30.831310204519507,Gao,200,,,3.01,Gao_0200,297fc6f93155e582f1f7e32b06822c30781f25a9994654498ab12b3513b5376f,79a9af327ea103eba28cd661ee4a5fbd1877d89cc8909ddb6038947c6ef598a9,7703b58fa7ffbe6f216a33b5ec1707b720b1641f41c8f9d8b1e1860f8b41be67,2371e84963bc38fbc00747e5a773b2cd830d0d56c82b9684418eb731e45b0552,b6283ffa294ddca185ef645f3093ce853c93ce1575d2e2478b2c92552dac54da,542,174,843,872,0.4308844336715386,joint_inhouse_gao
916,2.450000047683716,3.0341254484535445,0.5841254007698287,0.5841254007698287,0.3412024838245129,23.841852628618263,Gao,201,,,2.45,Gao_0201,e1be0d1bc09dad5d00148f1d307c65da1f164661e70c9cfaaa03b191a20240b0,79a9af327ea103eba28cd661ee4a5fbd1877d89cc8909ddb6038947c6ef598a9,d1cdcb937e95e11fc7b5ad94d9df9b85a42ae6f2f5f000c9c98537ccab0e721d,672683cf2edf9b9785cf94910675e2967eb21d804d69b47334ba15faf86203a8,a6e9e2580ab6b05fc0f419972940922ca6584cb8f15c599f9843884bd5103b2c,999,494,769,873,0.4281582420926378,joint_inhouse_gao
917,0.8299999833106995,3.0217752610102737,2.1917752776995743,2.1917752776995743,4.803878867935046,264.0693158760116,Gao,202,,,0.83,Gao_0202,89eaea9e4e53ec04c8c2e8c217f23dfe4295d33ec0414b20fd6aa580ba44a123,79a9af327ea103eba28cd661ee4a5fbd1877d89cc8909ddb6038947c6ef598a9,94a978618b39832cf0dac4a46d88f798835b1bdd5778bd40093d2e2d4795db09,0a3486358f2246f0dfb316352ba56e70a96fdace288d7c04861350b7e2f8decf,063a0ba49c134ce0b28deb1bb52083530832442a5d92a4da96dc3df0c67a391a,678,52,27,874,0.4090819010128223,joint_inhouse_gao
926,6.010000228881836,4.638267144118205,-1.3717330847636309,1.3717330847636309,1.881651655835146,22.824176913864157,Gao,211,,,6.01,Gao_0211,54a5f59df902cef33e997fb7a72905e6514991bca5c6a9a66bbeb323a90bc729,79a9af327ea103eba28cd661ee4a5fbd1877d89cc8909ddb6038947c6ef598a9,3f136c6440a6d7e7e267ec5fb66ab6c990681eb6a18c81446ae564cd7b8fffd6,79acf90af40b1654acde3b76b8ba0598519ef368306d7c5141fa15aaac2dbed6,262d942daa6643125309676c9394ce8f9a9ac77cdaf1aa5fb7297ec6705d93d1,283,582,157,882,0.3770390785503731,joint_inhouse_gao
949,1.0199999809265137,1.7745186916672355,0.7545187107407221,0.7545187107407221,0.5692984848578414,73.97242400488649,Gao,234,,,1.02,Gao_0234,2de551292816eafdfeeee7b0aaffcdb2bdbdbdcfaab7e42b469f929347df39e1,79a9af327ea103eba28cd661ee4a5fbd1877d89cc8909ddb6038947c6ef598a9,81f6e823f14bafd77252e3c59cf7bcbf21409d6fa8166593e74942818a58c6b3,9e087c453c6bf882739d66da0ed8f1400ad5e220317b8be41b68d4abe92dad19,09323cdfeb62998d64c83ae9ec81f6a4aebccec9dc9b08e3e7bfd0595c07f957,593,736,44,902,0.3022516396844333,joint_inhouse_gao
959,3.009999990463257,4.412813347164947,1.4028133567016905,1.4028133567016905,1.967885313740664,46.60509505469431,Gao,244,,,3.01,Gao_0244,794e9e061e273c73ff7ad6cbd17cba865ca3b57c19e967a72372e004b27eb945,79a9af327ea103eba28cd661ee4a5fbd1877d89cc8909ddb6038947c6ef598a9,2d50d92059553feac060e1925f789a260abd07b2169c93119fa1050fd2105e5a,e3fe61c360390d05d804154a0ff06267641ffa5cb1473ace27e4223c6b9227a1,025064028f942b0e646d4b9b450c04ee25c07670bf323b0ecc536472500ba562,198,1050,12,912,0.4030493317982433,joint_inhouse_gao
965,5.730000019073486,3.5119367259563785,-2.218063293117108,2.218063293117108,4.919804772273509,38.70965594648912,Gao,250,,,5.73,Gao_0250,bb20ea582c5faf364d5b9603be6a4413bac1e9c3bd663094920f9d72de034a14,79a9af327ea103eba28cd661ee4a5fbd1877d89cc8909ddb6038947c6ef598a9,865b36e508d215c2df540a3453dabace24b63860c51f2011b1586addbdbcb84b,f874e7f7392cbab0bd134f5489b644cfedb60ff56d85c9edad1b2f6034c296fa,61407a69c7f624f545edaeacc490e60880ff9cd4836810c5956d272779287468,616,1156,437,918,0.4011393658159032,joint_inhouse_gao
992,3.2100000381469727,4.789332540908663,1.57933250276169,1.57933250276169,2.4942911542795034,49.20038890944645,Gao,277,,,3.21,Gao_0277,3056fff04d4498bb6cebfb48a97b2ec188d1adb404ba7cf573f42f44e21adb2b,79a9af327ea103eba28cd661ee4a5fbd1877d89cc8909ddb6038947c6ef598a9,35fbd6f9dfb7f3d8ecd56396a0d6e9454b1596d2c4020a1f58116b92ab1b380a,1e765628f9d8d8234987735404f90187f2e20ccb1e8a4fb34aea573bd21f7e9e,a32f41262ddc7deaf852d80f2b2377b1c907e005b8282152a6c8c884bb42f57a,237,151,744,944,0.5190630727750265,joint_inhouse_gao
994,7.630000114440918,4.779244290720119,-2.8507558237207995,2.8507558237207995,8.126808766478055,37.362461087324455,Gao,279,,,7.63,Gao_0279,1c742257e7fe70912d94cf4164ea081f01c4ed64ada13bfb7dca20640063338e,79a9af327ea103eba28cd661ee4a5fbd1877d89cc8909ddb6038947c6ef598a9,ccef8b78299fad02767b50bfb87466c4a1679f1f6ee8f0cdf332190fd18f9017,eeb3677cfd8ca7a6b1d71edae89be917b2bf48629ee42946ff1bd76688c3ac02,29565d825266e6210677dd1b33391988f8f0cc4590f527eb2db7953308a0b9f9,978,1110,176,811,0.4302760102587883,joint_inhouse_gao
995,4.96999979019165,4.508941433217266,-0.4610583569743847,0.4610583569743847,0.2125748085359191,9.276828499757457,Gao,280,,,4.97,Gao_0280,7b5c7533890c45416746363462dbe72491f3567507b2f45e258e02697d55e3fc,79a9af327ea103eba28cd661ee4a5fbd1877d89cc8909ddb6038947c6ef598a9,878ee8d9ffa1659e4cbfa95d4b7cf0d3860f0638f7b3171317099395908ae1e6,200c59a229538ee2582d0e9e4c504ff7a66a1b99ed65e86e2bf57d34b03fffa5,f72fdbe50cf701854f21dcb28757caf572fa889770bac9950e0077128ec4e8e9,621,153,1156,946,0.433023772872104,joint_inhouse_gao
1002,5.099999904632568,4.600768117621394,-0.4992317870111744,0.4992317870111744,0.2492323771623706,9.788858751893288,Gao,287,,,5.1,Gao_0287,9ff94dcfd4573344a1ba9c635409277df70d857158080c9bcb0b115492562190,79a9af327ea103eba28cd661ee4a5fbd1877d89cc8909ddb6038947c6ef598a9,789a39088cc504e80f2a836a99bf6a2d2f44bcb9730a05c7901f636a99f90bd2,ddb2d8b61ddb4ec7cca9aa23137e52ebc6497720ad31c50dbae66ccc06b940d6,41e8a4e3fa7c68e198c8532feb961bd10455e5b3c1021ddb59fcf49b3b338671,554,1017,289,953,0.4681527243074022,joint_inhouse_gao
1011,5.199999809265137,6.66549562227608,1.4654958130109428,1.4654958130109428,2.147677977952604,28.182612822404053,Gao,296,,,5.2,Gao_0296,450932e86bf1da0e1f7bccd85fcf12b0ff8384e7447e40c6c077a961cb0ddd5c,0200210bcf15d900163b083f37822f819e4cacf358747423834334ad050b737f,e268403764d3c0975902120330ffc574cddc2647fef694bc64384c470f6c137e,f2d21503596409dda6e945da0acdedaf88433903c27d96685920e7a78643d04f,28c1fb75437e05537587378b0dc21f1055c1ac4ae2170e6624007d219aedebd0,1072,1130,174,957,0.627546037682567,joint_inhouse_gao
1021,0.270000010728836,1.2733898133334547,1.0033898026046186,1.0033898026046186,1.0067910959709356,371.6258380494414,Gao,306,,,0.27,Gao_0306,36be1566525e31fcf85cedfe055b7e2ddf1c34aec3e5467504a8bbd63dc73908,0200210bcf15d900163b083f37822f819e4cacf358747423834334ad050b737f,f8bfcfe81ce6be70d57217bed838a8abc2e92cc3a1e5245441e64001654bb737,d5b0f78bc738f2890166368f0361e7672f7b2a996a0fd53280ece2fe8adb5351,06593e436bdc7add2672e7e659f324d411e73d9211000953b49184278d52e5c7,1157,991,29,967,0.3600790476233542,joint_inhouse_gao
1030,6.329999923706055,4.695746544564124,-1.6342533791419305,1.6342533791419305,2.6707841072368184,25.817589239165684,Gao,315,,,6.33,Gao_0315,80ddad8b5f123822406dde619b434cf58dae85210d7d29977e0a7d0b22a873bb,79a9af327ea103eba28cd661ee4a5fbd1877d89cc8909ddb6038947c6ef598a9,aa91d502c6af30a01da990efcdb03165378873605e86dbba0f19730f05f3c3de,304a8fc706548f007942520c5efc069b867887f0e236765967fdc02f74877d75,86a22df0c6f3efc73995436b96155f69d1d59c5f696608d9f327250723549811,790,243,610,976,0.4477389473724917,joint_inhouse_gao
1033,6.849999904632568,4.653264350230151,-2.1967355544024176,2.1967355544024176,4.825647095975697,32.069132627531765,Gao,318,,,6.85,Gao_0318,49300ea87acb9671c768eaa3a303d2cfb3bfcdd0bcbf8e535fbbf9d21b627ed5,79a9af327ea103eba28cd661ee4a5fbd1877d89cc8909ddb6038947c6ef598a9,af4c8c0e4d3e9d4ae1122f9709f15ef726f7de540c53d85d9c0c2d8a13713537,5c8a02a3025f5f7c9463465e5f85eb625525cd8e2a62d5eb7a1c2eca27b7605a,6fd3b45b13f5ca65a9a4bf70a060fcbd02c53f5760f78931eee1253bb385afa7,813,436,507,979,0.355408688203743,joint_inhouse_gao
1035,3.369999885559082,3.250117563965297,-0.1198823215937849,0.1198823215937849,0.0143717710307156,3.5573390404995973,Gao,320,,,3.37,Gao_0320,e7d661de70177d86b50b57163ccc57c253849400145b150c41ca197ccfa5c435,0200210bcf15d900163b083f37822f819e4cacf358747423834334ad050b737f,900557818cd61d08fd597fc0b24671a5b76af8c872b8ec940be22506a2d24e9f,82727d506a864cf1eea5ea544e2758b7221692b34b6bb45ed4273382ca5f9618,809d1989b87499e27a23c18b56f4788d6889c2a6811d7e7f8b496d25c2c2b09c,662,620,580,981,0.4564613373142471,joint_inhouse_gao
1053,3.660000085830689,3.389615606553484,-0.270384479277205,0.270384479277205,0.0731077666340053,7.387553905366573,Gao,338,,,3.66,Gao_0338,b9dbdf3c4e3638807ae49b062390af089cfc16012f44a63b7e40d1fd896dc439,0200210bcf15d900163b083f37822f819e4cacf358747423834334ad050b737f,11b99517d5ad01d252182f6fa988909c6b861ebd5c11edf65081d41ea97417c0,5b99abb4cdbfa6ee9de8d7007f5ccf125f47557470bbf9fc9400de3453f9ef83,d280c881bf716b33d79fbdbbf24ac612e7fa357659b360c4edf0f19db566f414,77,430,957,997,0.5179089986655169,joint_inhouse_gao
1055,3.7300000190734863,3.2174932779652057,-0.5125067411082807,0.5125067411082807,0.2626631596814302,13.740127037199985,Gao,340,,,3.73,Gao_0340,d4fa0da7ee8e40cffcf8d3cf58b5b079c634ca013f1578675ef6d01ea87f6ad6,0200210bcf15d900163b083f37822f819e4cacf358747423834334ad050b737f,6491c15bbde8969c4ffd1de96bf19b34e770ee7587604a55d6be5ddf2e8a846d,79e7ddabe8acb87aa51ef4ede4d4bd1a3b5624b924e058a9df33bdff17a0e911,95117467ac979a561fc7ad725f81f31e0329a41427fd2154e022ae77153286a4,454,583,679,999,0.4610831109908466,joint_inhouse_gao
1059,0.959999978542328,3.2743866077744133,2.3143866292320854,2.3143866292320854,5.356385469568254,241.08194593361023,Gao,344,,,0.96,Gao_0344,b62559473f5485f5dd53fb1ef334fa3fb565c1aef7fad57f315dac2882deafb0,0200210bcf15d900163b083f37822f819e4cacf358747423834334ad050b737f,aa1090168526d9d382795bef028450c5f3517b95e013a82e5f5b5ad45587e2c3,adc0102361a6d936f54d830a41c9744ac508d4b4cca7ca9aad1e80c137b9111b,0df3d26a7bc6fbfa4f48045f1be173c10153ab4b459e7a62eb134fa85e75bf29,786,793,68,1003,0.4867171605013479,joint_inhouse_gao
1077,7.300000190734863,4.0143989053103,-3.285601285424563,3.285601285424563,10.79517580678354,45.00823561065982,Gao,362,,,7.3,Gao_0362,07d48aa15cbecfc609164455e0727b6bc037c322c803f4d9392fe12fabca4ad2,0200210bcf15d900163b083f37822f819e4cacf358747423834334ad050b737f,3aa8505d7005fc4397d271173b6c1cc2e3583dc7e73e98f2bd60cea00904114c,27cf2f3f5e4f642cfb5a68806f4d5c2b4487e08229bce97e0214b55412cd5c11,8fe44c510f8ad49e3277143de52d638560f8064811733ac2d59cd67463e25b2c,261,197,645,1020,0.5956383599222947,joint_inhouse_gao
1088,1.2999999523162842,2.2687671432400696,0.9687671909237854,0.9687671909237854,0.938509870210362,74.52055588138118,Gao,373,,,1.3,Gao_0373,26e29b89ebfee4fd71656c3da19abb9eae0e3acdb4b12d77d6a63ce17b45fb44,79a9af327ea103eba28cd661ee4a5fbd1877d89cc8909ddb6038947c6ef598a9,14ad23bd47d3a75bf1a4b64682c1d8d09e2fd46174abc2816486727b7fab625b,c969c649d03aadea06c966941806f48fff1fc69824512e96c8fd48f518a28f6f,78dcbfcd5f9c417b2226575bddb67449ad32d618783ef44b1c4eac102a2ce895,95,923,546,1031,0.3516432493172343,joint_inhouse_gao
1097,0.0399999991059303,0.9927149674679974,0.952714968362067,0.952714968362067,0.9076658109411344,2381.787474142268,Gao,382,,,0.04,Gao_0382,36e29334fae21893e934b8d7b7ecfca378aa3972942d5bc6d1f7e1c9b8106fd5,0200210bcf15d900163b083f37822f819e4cacf358747423834334ad050b737f,68d2c2cecebf5bbd08560566e6a6f5bbd3665b986bb6f17f48576bb3d4c83eeb,ba8c7a07e97539637d7219d66775bb2fb80255de26ecbe8c99be3b8a37e3bb74,4c87533d71710f69d308f1c53305979b26dd8f27e3077d0656139150b66acb41,472,854,333,1040,0.3461095723904069,joint_inhouse_gao
1099,0.4199999868869781,0.8573265190761868,0.4373265321892087,0.4373265321892087,0.191254495756639,104.12536805790263,Gao,384,,,0.42,Gao_0384,9f5315600bd783579316731c5b09ea26d88ef7b93c33fb5f7258a9e5a9127acf,0200210bcf15d900163b083f37822f819e4cacf358747423834334ad050b737f,c452438830045f9656917f0e33440a395030725044287c95454a6b38d3854e90,1388720ec9e9c03d3faf51e9c3eec93a0d882dcf856469f9f32f7b8aad9716ae,0c568a946cf062c6ba57f2cdb35817525e7595b92fff540e191379e44cbe9fb8,941,94,61,1042,0.3165729767117519,joint_inhouse_gao
1111,6.420000076293945,5.154399187257974,-1.2656008890359711,1.2656008890359711,1.6017456103286405,19.71340925227155,Gao,396,,,6.42,Gao_0396,b96b01c477161db9710996f909dfa67e3977b982843539adfbeec6dc067bd1fa,0200210bcf15d900163b083f37822f819e4cacf358747423834334ad050b737f,b272e54d513facb74876a8430725783cb930054fe584b8050b9f323df7685d2c,454d223bc2fd5896bf6c45b008ec650216f8f84b1a84cc04fe9cf1317e40d85c,e4d5bb7459077f7dcd2f7df7a73a139bb86372eb175b0bf507e04b942fb07afe,829,332,1062,1054,0.4137366523239058,joint_inhouse_gao
1137,1.820000052452088,4.458250062300428,2.63825000984834,2.63825000984834,6.960363114464767,144.95878757222144,Gao,422,,,1.82,Gao_0422,97bec8f09b20f18b297818d0cead334579ff7b6113ac1905ab6b270293d079fc,79a9af327ea103eba28cd661ee4a5fbd1877d89cc8909ddb6038947c6ef598a9,71a3858913f878c4ff50f93ff4bd82d24e8b005ed8e40c1f701116015cc15e5e,1a1fb7f06b07afcf63b25b5b7dbc2c5a70e7880b5a39024cd23670d0923a20d3,b4c6071e6d4a317610c3363d02949797574b8d5cd445fa0c33a65dfe46a763e3,515,133,835,1080,0.4021640850468429,joint_inhouse_gao
1144,5.449999809265137,5.423608869609266,-0.0263909396558705,0.0263909396558705,0.0006964816959198,0.4842374418253249,Gao,429,,,5.45,Gao_0429,bef567d806e1ebb61f149ee63bc8493fca8b29513f8968f2edbd1a1563d165b8,79a9af327ea103eba28cd661ee4a5fbd1877d89cc8909ddb6038947c6ef598a9,78385a29c486a34b66d729989902584d7496d1a07645319db6e8594f697da290,fc587dc7339b9f4e309928b35121b064d758dab3dc30a2caf3a52f47bd3cc4a9,7111e4d1ba93ae22e2dac72e87c6acd3f812a93c861566e9462b10e78c44995f,551,1171,512,1087,0.4186797109280945,joint_inhouse_gao
1152,0.4799999892711639,0.1767461627979974,-0.3032538264731664,0.3032538264731664,0.0919628832706173,63.17788192737871,Gao,437,,,0.48,Gao_0437,72495b8daebf8c340ae2d29e24c06a20372c44192c6a78893d2251a053a71dbe,0200210bcf15d900163b083f37822f819e4cacf358747423834334ad050b737f,a398776910af2be153bdf61d54e448e2c5246c279e166c9e6caca04e12d87db7,a1f47fbc1c7dd10cdac8310e74a19538576768c3787f2b2d9242e3193585d8ad,f6a0c622f46339e41e83d624e9a9fe275b00ec70aa5c6cffa4f9a367dd6ceffd,758,757,1154,1095,0.1581721407435497,joint_inhouse_gao
1153,0.4000000059604645,1.0061222884324517,0.6061222824719872,0.6061222824719872,0.3673842213090514,151.53056836001537,Gao,438,,,0.4,Gao_0438,f389daf6b0c476cb3666b723eba275ca5e6aca4608b5200408c21b5231d4d783,0200210bcf15d900163b083f37822f819e4cacf358747423834334ad050b737f,5dfc9a019aab23664a6148dd91a7718c5dbb2d77da6d01b8646ac3142d1732b1,8814a6c1973bfd587126990565e38990c85ec12b8b1f88bd831b06b3fa555fb5,6574054c0d4e9dfed20849eaff582b96f3ac386578493f15c9fda891027470ed,421,639,460,1096,0.2400520577840964,joint_inhouse_gao
1154,2.640000104904175,0.8067967077293018,-1.833203397174873,1.833203397174873,3.360634695413496,69.43951986098173,Gao,439,,,2.64,Gao_0439,9f82ebbb1abc9d5e183db8f8c739e564a16b8224708ea136ba19fd63273bda07,0200210bcf15d900163b083f37822f819e4cacf358747423834334ad050b737f,b4171d8a23a60530c4129e7931e96f539ef167008d072c33a3a9056bed9052a4,1735a26c530b48c3b6becd6dbfb7a1d642c813a5516e5d7bb248ee121f0210d3,ed85784ec49a7e9939b002f0e388b15595fffd8d2b834af93163de7168ae15fc,839,115,1115,1097,0.2278800483977055,joint_inhouse_gao
1164,9.869999885559082,8.290369194332916,-1.579630691226166,1.579630691226166,2.495233120663655,16.004363825143937,Gao,449,,,9.87,Gao_0449,501b2aab8fd6715163223f46a3f4f1a7cc32504ae79df6ba6e164c2e875c4bc1,79a9af327ea103eba28cd661ee4a5fbd1877d89cc8909ddb6038947c6ef598a9,7ea90e1ac41f5379dc1c2faf632448165b3a862103eb7a86698ec301f36b8a99,e1792afd112804ec7a01ac59e9d7e15834bc61e69df4818b37bb921c79dc08fe,f75cf98b5a756e28f0d9c5161b25123a3116163fca237b9eb081130ae25116c1,579,1039,1158,1105,0.6029749268818256,joint_inhouse_gao
1180,2.450000047683716,3.6528124903688335,1.2028124426851177,1.2028124426851177,1.4467577722781395,49.09438446020779,Gao,465,,,2.45,Gao_0465,cf2789b080781e73794e48d9bc0c0922fdab74cd01afb31ffddd501c768e8afc,79a9af327ea103eba28cd661ee4a5fbd1877d89cc8909ddb6038947c6ef598a9,50b23b6d941d3bfc187e907c51f07718a39aa4c3ee3343956872abdf908764c9,ddc77971537931ac0d13ae948229a0301a3c80089dbc1b2fb1cfa2ce1dd9f431,68cfa0fcd845d44158e68a3a7337175488f2f76fb7fca550350aea6e81aa056f,373,1018,474,1121,0.4180983223920667,joint_inhouse_gao
1189,1.3300000429153442,1.2721942078949202,-0.057805835020424,0.057805835020424,0.0033415145624084,4.346303244751355,Gao,474,,,1.33,Gao_0474,1e9718515d7d38d0ed078c0549e7f56cc362edbd2786b42b5a2a440ac967b715,0200210bcf15d900163b083f37822f819e4cacf358747423834334ad050b737f,14aff9fca0d00ec10457e70c18b83caa3c87528fc48bdf2175e043b68c5f1eac,226a9f11ff9890d28d73e77fe8e084041f607b95c9471d445a3d9d075df10517,7eb2bfb1ef19c112a0ebe583c614a29b3b3b03d8c5c9bf72aaa1671621dc62bd,96,166,575,1129,0.3299829211751886,joint_inhouse_gao
1198,4.800000190734863,7.405033583688263,2.6050333929534,2.6050333929534,6.786198978402305,54.27152686330579,Gao,483,,,4.8,Gao_0483,c7a19bffe9edcff1fbaa501122071159dff5d590447bf69ca5d6ae9f0bfb5893,0cc00e1ba2d95fe8288dc072edf395ee6fc3678daa4e12f6703c7be7d2c5a409,72c780f2722b8c117a63fab5d1c4633b65af87d131d182262dbbd006f5030102,fc53d2d75ce765fe1a33066925a8eff8f71eb320c6b009bef5a38da0a9704b39,1c9a002e2dc61dec9e2abab4675459eb4e17836ca3b4a12afc12ba1722c213f9,518,1170,121,1138,0.5714046720582696,joint_inhouse_gao
1202,5.699999809265137,6.807331033272319,1.107331224007182,1.107331224007182,1.2261824396612435,19.426864229140087,Gao,487,,,5.7,Gao_0487,32245f0414851f94ac3ee66c9e22fb9fdff876e056c6f6351fffe4137e987d99,79a9af327ea103eba28cd661ee4a5fbd1877d89cc8909ddb6038947c6ef598a9,3ec17df4b8f18ca8d934b91724f97447af12da636851f3b6b5c99ddf635bf3e0,2cf4b4aca282883c61a9f138dc473f3cf03e30d59810f55a2c1d6c15d63d39ca,c3b2ddd13ad90ed0ce160354fbee66088fb061bb102ee3e50ccacde66782911a,280,215,900,1142,0.4736679457492968,joint_inhouse_gao
1203,6.699999809265137,6.562129809124635,-0.1378700001405013,0.1378700001405013,0.0190081369387418,2.0577612547070063,Gao,488,,,6.7,Gao_0488,735a6167a2956d6bf867f465195103ec2bd4f324fce7482eb803bfdf9de718c8,79a9af327ea103eba28cd661ee4a5fbd1877d89cc8909ddb6038947c6ef598a9,94c1b0f6adda2831a1bea79479159d4d4b593e7a2844ff8087e367586c204acf,54fcf8fd95f29fc4d0298bfc0a88eca554e31133afefb218f1621d1f77119605,2b53a9c00cef3923b9161a6c0bec47672e3d10fd6401a0194f20b0af76efc17d,679,405,189,1143,0.4538133365394212,joint_inhouse_gao
1204,5.0,6.562129809124635,1.5621298091246354,1.5621298091246354,2.4402495405557696,31.24259618249271,Gao,489,,,5.0,Gao_0489,735a6167a2956d6bf867f465195103ec2bd4f324fce7482eb803bfdf9de718c8,79a9af327ea103eba28cd661ee4a5fbd1877d89cc8909ddb6038947c6ef598a9,94c1b0f6adda2831a1bea79479159d4d4b593e7a2844ff8087e367586c204acf,54fcf8fd95f29fc4d0298bfc0a88eca554e31133afefb218f1621d1f77119605,2b53a9c00cef3923b9161a6c0bec47672e3d10fd6401a0194f20b0af76efc17d,679,405,189,1143,0.4538133365394212,joint_inhouse_gao
1205,8.449999809265137,5.213797453606483,-3.236202355658654,3.236202355658654,10.47300568677062,38.29825359416303,Gao,490,,,8.45,Gao_0490,274147d0bca93f698c7bbe368e79d8748d3a3157e38156b7a1fd80706786a99e,0200210bcf15d900163b083f37822f819e4cacf358747423834334ad050b737f,cf01f7985ee039a3456ec3f70ea0d5e09ab36b1b8f370d1847a0c9da28bdccc2,e0f5ca1578252e4cf16a165bc54fe1227743fcf01a63ea932054b9ee25030706,bacd1bc7fdd71acc5f0bac7d6bf7b2d8df07d7bdc9bb2bcc68eaf361ef850079,986,1035,866,1144,0.4950384634492848,joint_inhouse_gao
1208,0.699999988079071,0.8669157984233139,0.1669158103442428,0.1669158103442428,0.0278608877428752,23.84511616954317,Gao,493,,,0.7,Gao_0493,ccbb23796b570cbb263bab2b0414d43c86258ea155439cd9f5f6359f2f46d3c8,0200210bcf15d900163b083f37822f819e4cacf358747423834334ad050b737f,da43aacfd0b0dafb8213ea3767436122270318f77754330f200a50ee4482908a,cf72d9b8407557e1a56b8d6dcef5c473ea0923ea8d98b715b5aeb5389bf885a3,2ead352c7c40371b7b397cc9744a199efcbdc22d8bdb3438e69bf2aeee156acc,1033,954,211,1147,0.2917607097906613,joint_inhouse_gao
1230,5.429999828338623,3.125659845843173,-2.3043399824954496,2.3043399824954496,5.309982754927129,42.43720175586988,Gao,515,,,5.43,Gao_0515,2e8ab46fb5e6474ad16953895e5537bd6d8c70e984edb2fbf06810f9ca0bcaf5,79a9af327ea103eba28cd661ee4a5fbd1877d89cc8909ddb6038947c6ef598a9,cb7993b2c77577af905563cb3efd22a61d3676b1ae461ed11c579d2020b0064a,f017a1832035af63580099ddaa2e9f34c3dd4ceee5f36a8c948dfa71cbbb482a,076e286793f85df124e0932eaf2308aa5ff8d1b9ba43579bbba9c44c7ad0184e,968,1115,36,1169,0.4515398815415486,joint_inhouse_gao
1238,0.3899999856948852,0.9995759766880828,0.6095759909931977,0.6095759909931977,0.3715828887953391,156.3015418852084,Gao,523,,,0.39,Gao_0523,14a93b9dbbf9ff4ce38a4e8d15be3234d9b0d9317f4c645c663bb650638e26b0,79a9af327ea103eba28cd661ee4a5fbd1877d89cc8909ddb6038947c6ef598a9,3eb6f8b61b36f90d7b0628fbbd81dbe6f59a168201d0804ff1a9273ac004eb42,32de52d88c7577fb2db3c76ce8ce4113c09861975828a768119d652f33bb368b,be382325e8795c6f8654e505518e9233fde40bb4f42572f80bb3ef9489cd8a74,279,261,879,1177,0.3076865430215343,joint_inhouse_gao
1239,0.5299999713897705,0.838700541175238,0.3087005697854674,0.3087005697854674,0.0952960417858722,58.2453936697374,Gao,524,,,0.53,Gao_0524,69ff3b3ba0b53c430e74af1c6942dd5319ec254064440723fa27a4dc0e5dd195,79a9af327ea103eba28cd661ee4a5fbd1877d89cc8909ddb6038947c6ef598a9,18383e1a7d7bb0afe2f0d7011ae3742623b958ed0d7cbcf7fa6909e879fd0752,9d8f3fb80339803d4722485e5246b9c8126b930788696f27792c4b747fa89b97,4db3087c616a5f0655599b321113c6ccee70307cc7bd6560fe9e193ebdc6acba,115,734,342,1178,0.2891066515324019,joint_inhouse_gao
