array_index,y_true,y_pred,residual_pred_minus_true,absolute_error,squared_error,relative_error_percent,source,source_row,donor_smiles,acceptor_smiles,experimental_PCE,pair_key,donor_fp_hash,acceptor_fp_hash,pair_fp_hash,legacy_sequence_hash,role_aware_sequence_hash,pair_fp_group_id,legacy_sequence_group_id,role_aware_sequence_group_id,safe_any_encoding_group_id
7,16.5,14.332586288452148,-2.1674137115478516,2.1674137115478516,4.6976821970056335,13.135840676047586,in-house,7,FC(C=C(C1=C2SC=CC2=C(C3=CC(F)=C(CC(CCCC)CC)S3)C4=C1C=C(C5=CC=C(C6=C(C(C(C7=C(CC(CCCC)CC)SC(CC(CC)CCCC)=C78)=O)=C(C9=CC=CC9)S6)C8=O)S5)S4)S%10)=C%10CC(CC)CCCC,O=C(C(/C1=C(C#N)/C#N)=C\C2=C(CCCCCCCCCCC)C3=C(C(N(CCCCCCCC)C4=C5C6=NSN=C6C7=C4N(C8=C7SC9=C8SC(/C=C(C%10=O)/C(C%11=C%10C=C(C(Cl)=C%11)Cl)=C(C#N)\C#N)=C9CCCCCCCCCCC)CCCCCCCC)=C5S3)S2)C%12=C1C=C(Cl)C(Cl)=C%12,16.5,FC(C=C(C1=C2SC=CC2=C(C3=CC(F)=C(CC(CCCC)CC)S3)C4=C1C=C(C5=CC=C(C6=C(C(C(C7=C(CC(CCCC)CC)SC(CC(CC)CCCC)=C78)=O)=C(C9=CC=CC9)S6)C8=O)S5)S4)S%10)=C%10CC(CC)CCCC||O=C(C(/C1=C(C#N)/C#N)=C\C2=C(CCCCCCCCCCC)C3=C(C(N(CCCCCCCC)C4=C5C6=NSN=C6C7=C4N(C8=C7SC9=C8SC(/C=C(C%10=O)/C(C%11=C%10C=C(C(Cl)=C%11)Cl)=C(C#N)\C#N)=C9CCCCCCCCCCC)CCCCCCCC)=C5S3)S2)C%12=C1C=C(Cl)C(Cl)=C%12,61eee9608e36bdb1d3a96a3ad1baa39916f3a546e29d11481966a5a2d3d30f3c,106ec9326f6c2014124a3ccaa07a70df3e915cb48e0279a6f7708463db258b52,363e5e3ac4cbab00538d525a30d3fe7e6dc76a4e0fa015e7a131092f60d5ba21,4f4aec9775b2911f4ba59537d9005c14793400a32dc1e47e40c37326ae5cec06,809320f008d149ff690998785f5530a9f36844d88205e8a909a849b2208dc551,238,379,579,7
9,16.399999618530273,15.103777885437012,-1.2962217330932617,1.2962217330932617,1.680190781343299,7.903791239291662,in-house,9,FC1=C(F)C=C(N=C(OCC(CCCCCC)CCCCCCCC)C=N2)C2=C1C3=CC=CS3,CCCCCCCCCCCC(C(SC(C1=C2C3=C(C4=C(N3CC(CCCC)CC)C5=C(C(CCCCCCCCCCC)=C(S5)/C=C6C(C(C=C(C(F)=C7)F)=C7C\6=C(C#N)\C#N)=O)S4)C8=NSN=C18)=C9N2CC(CCCC)CC)=C9S%10)=C%10/C=C%11C(C(C=C(C(F)=C%12)F)=C%12C\%11=C(C#N)/C#N)=O,16.4,FC1=C(F)C=C(N=C(OCC(CCCCCC)CCCCCCCC)C=N2)C2=C1C3=CC=CS3||CCCCCCCCCCCC(C(SC(C1=C2C3=C(C4=C(N3CC(CCCC)CC)C5=C(C(CCCCCCCCCCC)=C(S5)/C=C6C(C(C=C(C(F)=C7)F)=C7C\6=C(C#N)\C#N)=O)S4)C8=NSN=C18)=C9N2CC(CCCC)CC)=C9S%10)=C%10/C=C%11C(C(C=C(C(F)=C%12)F)=C%12C\%11=C(C#N)/C#N)=O,6d0ebf843ec88894476605165efae2bf8fd910afe87a5868bc4b56e85a61a93d,f9b7041ba9536f137f807b97bf21e4234605bdbac0b792ddb30b9b465d5f5586,3f6df0e592af64a8e2bba296412afdf7fb07ad93f2763b2dc21664b9649a3cc4,14b0cc9fe2cfcea70b3f1e76555aac2b47475d3472cce81a2df33a16292679f5,919dde5670d2302a847aae446152ce35cbe09f39369969a34b885674ae5113c0,285,101,662,9
10,16.3700008392334,14.101476669311523,-2.268524169921875,2.268524169921875,5.146201909519732,13.857813400259477,in-house,10,O=C1C2=C(CC(CC)CCCC)SC(CC(CC)CCCC)=C2C(C3=C(C4=CC=C(C5=CC(C(C6=CC(F)=C(CC(CC)CCCC)S6)=C(SC=C7)C7=C8C9=CC(F)=C(CC(CC)CCCC)S9)=C8S5)S4)SC(C%10=CC=CS%10)=C31)=O,CCCCC(CN1N=C2C3=C(C4=C(C5=C(N4CC(CCCC)CC)C6=C(C(CCCCCC)=C(S6)/C=C7C(C(C=C(F)C(F)=C8)=C8C\7=C(C#N)\C#N)=O)S5)C2=N1)N(CC(CCCC)CC)C9=C3SC%10=C9SC(/C=C%11C(C%12=C(C=C(F)C(F)=C%12)C\%11=C(C#N)/C#N)=O)=C%10CCCCCC)CC,16.37,O=C1C2=C(CC(CC)CCCC)SC(CC(CC)CCCC)=C2C(C3=C(C4=CC=C(C5=CC(C(C6=CC(F)=C(CC(CC)CCCC)S6)=C(SC=C7)C7=C8C9=CC(F)=C(CC(CC)CCCC)S9)=C8S5)S4)SC(C%10=CC=CS%10)=C31)=O||CCCCC(CN1N=C2C3=C(C4=C(C5=C(N4CC(CCCC)CC)C6=C(C(CCCCCC)=C(S6)/C=C7C(C(C=C(F)C(F)=C8)=C8C\7=C(C#N)\C#N)=O)S5)C2=N1)N(CC(CCCC)CC)C9=C3SC%10=C9SC(/C=C%11C(C%12=C(C=C(F)C(F)=C%12)C\%11=C(C#N)/C#N)=O)=C%10CCCCCC)CC,65482d735aa1f382b817dd8d95b1689b39b0b3c26138949c2680844f1b1f5ea0,72510025151e6e2a8dbf6a569a3de7a647a5c1c0fd51866fa40aee115ff60386,e402e4dd08dae0ac2cda41476ef14d0fefdfc3ca478fefdc1e0a09cd79ca131d,e4a7eb49f2cef95e537d0aa64325072adb41f2cc23305f645b4d61dc8df7bf6f,1a1c3dbff251758cf264a0a4fccb444df72a8f4b5ad83dbc1dfb3547140f8adc,1078,1055,112,10
13,16.170000076293945,14.101476669311523,-2.068523406982422,2.068523406982422,4.278789085234166,12.79235248746216,in-house,13,O=C1C2=C(CC(CC)CCCC)SC(CC(CC)CCCC)=C2C(C3=C(C4=CC=C(C5=CC(C(C6=CC(F)=C(CC(CC)CCCC)S6)=C(SC=C7)C7=C8C9=CC(F)=C(CC(CC)CCCC)S9)=C8S5)S4)SC(C%10=CC=CS%10)=C31)=O,CCC(CN1N=C2C3=C(C4=C(C5=C(N4CC(CCCC)CC)C(SC(/C=C6/C(C7=C(C6=O)C=C(C(F)=C7)F)=C(C#N)/C#N)=C8CCCCCC)=C8S5)C2=N1)N(CC(CCCC)CC)C9=C3SC%10=C9SC(/C=C%11C(C%12=C(C=C(F)C(F)=C%12)C\%11=C(C#N)\C#N)=O)=C%10CCCCCC)CCCC,16.17,O=C1C2=C(CC(CC)CCCC)SC(CC(CC)CCCC)=C2C(C3=C(C4=CC=C(C5=CC(C(C6=CC(F)=C(CC(CC)CCCC)S6)=C(SC=C7)C7=C8C9=CC(F)=C(CC(CC)CCCC)S9)=C8S5)S4)SC(C%10=CC=CS%10)=C31)=O||CCC(CN1N=C2C3=C(C4=C(C5=C(N4CC(CCCC)CC)C(SC(/C=C6/C(C7=C(C6=O)C=C(C(F)=C7)F)=C(C#N)/C#N)=C8CCCCCC)=C8S5)C2=N1)N(CC(CCCC)CC)C9=C3SC%10=C9SC(/C=C%11C(C%12=C(C=C(F)C(F)=C%12)C\%11=C(C#N)\C#N)=O)=C%10CCCCCC)CCCC,65482d735aa1f382b817dd8d95b1689b39b0b3c26138949c2680844f1b1f5ea0,72510025151e6e2a8dbf6a569a3de7a647a5c1c0fd51866fa40aee115ff60386,e402e4dd08dae0ac2cda41476ef14d0fefdfc3ca478fefdc1e0a09cd79ca131d,e4a7eb49f2cef95e537d0aa64325072adb41f2cc23305f645b4d61dc8df7bf6f,1a1c3dbff251758cf264a0a4fccb444df72a8f4b5ad83dbc1dfb3547140f8adc,1078,1055,112,10
17,16.0,16.065902709960938,0.0659027099609375,0.0659027099609375,0.004343167180195451,0.4118919372558594,in-house,17,O=C1C2=C(CC(CC)CCCC)SC(CC(CC)CCCC)=C2C(C3=C(C4=CC=C(C5=CC(C(C6=CC(F)=C(CC(CC)CCCC)S6)=C(SC=C7)C7=C8C9=CC(F)=C(CC(CC)CCCC)S9)=C8S5)S4)SC(C%10=CC=CS%10)=C31)=O,O=C(C1=C(C=C(F)C(F)=C1)C/2=C(C#N)\C#N)C2=C/C3=C(CCCCCCCCCCC)C(SC(C4=C5C6=C(C7=C(N6CC(CCCC)CCCCCC)C8=C(C(CCCCCCCCCCC)=C(S8)/C=C9C(C(C=C(F)C(F)=C%10)=C%10C\9=C(C#N)\C#N)=O)S7)C%11=NSN=C4%11)=C%12N5CC(CCCCCC)CCCC)=C%12S3,16.0,O=C1C2=C(CC(CC)CCCC)SC(CC(CC)CCCC)=C2C(C3=C(C4=CC=C(C5=CC(C(C6=CC(F)=C(CC(CC)CCCC)S6)=C(SC=C7)C7=C8C9=CC(F)=C(CC(CC)CCCC)S9)=C8S5)S4)SC(C%10=CC=CS%10)=C31)=O||O=C(C1=C(C=C(F)C(F)=C1)C/2=C(C#N)\C#N)C2=C/C3=C(CCCCCCCCCCC)C(SC(C4=C5C6=C(C7=C(N6CC(CCCC)CCCCCC)C8=C(C(CCCCCCCCCCC)=C(S8)/C=C9C(C(C=C(F)C(F)=C%10)=C%10C\9=C(C#N)\C#N)=O)S7)C%11=NSN=C4%11)=C%12N5CC(CCCCCC)CCCC)=C%12S3,65482d735aa1f382b817dd8d95b1689b39b0b3c26138949c2680844f1b1f5ea0,cce4daef3466912115114a47937759c5e11908ec4ef6f39cc24019bc556cf85b,6f3e01ab771911b69962d4803b4ce9059012d08e7e69727fc05279245c27a284,31cc87d11e77699854407788c3defb6a097e7c40e98eb177e3343cae76a8fc36,ecb6751eac88c0ef6741ac5561018a1fd8713a0763aba2ac55ab332547dcf135,503,252,1111,16
19,15.649999618530272,14.101476669311523,-1.5485229492187482,1.5485229492187482,2.39792332425713,9.894715571655546,in-house,19,O=C1C2=C(CC(CC)CCCC)SC(CC(CC)CCCC)=C2C(C3=C(C4=CC=C(C5=CC(C(C6=CC(F)=C(CC(CC)CCCC)S6)=C(SC=C7)C7=C8C9=CC(F)=C(CC(CC)CCCC)S9)=C8S5)S4)SC(C%10=CC=CS%10)=C31)=O,CCCCC(CN1N=C2C3=C(C4=C(C5=C(N4CC(CCCC)CC)C6=C(C(CCCCCCCCCCC)=C(S6)/C=C7C(C(C=C(F)C(F)=C8)=C8C\7=C(C#N)\C#N)=O)S5)C2=N1)N(CC(CCCC)CC)C9=C3SC%10=C9SC(/C=C%11C(C%12=C(C=C(F)C(F)=C%12)C\%11=C(C#N)/C#N)=O)=C%10CCCCCCCCCCC)CC,15.65,O=C1C2=C(CC(CC)CCCC)SC(CC(CC)CCCC)=C2C(C3=C(C4=CC=C(C5=CC(C(C6=CC(F)=C(CC(CC)CCCC)S6)=C(SC=C7)C7=C8C9=CC(F)=C(CC(CC)CCCC)S9)=C8S5)S4)SC(C%10=CC=CS%10)=C31)=O||CCCCC(CN1N=C2C3=C(C4=C(C5=C(N4CC(CCCC)CC)C6=C(C(CCCCCCCCCCC)=C(S6)/C=C7C(C(C=C(F)C(F)=C8)=C8C\7=C(C#N)\C#N)=O)S5)C2=N1)N(CC(CCCC)CC)C9=C3SC%10=C9SC(/C=C%11C(C%12=C(C=C(F)C(F)=C%12)C\%11=C(C#N)/C#N)=O)=C%10CCCCCCCCCCC)CC,65482d735aa1f382b817dd8d95b1689b39b0b3c26138949c2680844f1b1f5ea0,72510025151e6e2a8dbf6a569a3de7a647a5c1c0fd51866fa40aee115ff60386,e402e4dd08dae0ac2cda41476ef14d0fefdfc3ca478fefdc1e0a09cd79ca131d,e4a7eb49f2cef95e537d0aa64325072adb41f2cc23305f645b4d61dc8df7bf6f,1a1c3dbff251758cf264a0a4fccb444df72a8f4b5ad83dbc1dfb3547140f8adc,1078,1055,112,10
26,15.140000343322754,13.781610488891602,-1.3583898544311523,1.3583898544311523,1.8452229966214873,8.972191701635248,in-house,27,O=C1C2=C(CC(CC)CCCC)SC(CC(CC)CCCC)=C2C(C3=C(C4=CC=C(C5=CC(C(C6=CC(F)=C(CC(CC)CCCC)S6)=C(SC=C7)C7=C8C9=CC(F)=C(CC(CC)CCCC)S9)=C8S5)S4)SC(C%10=CC=CS%10)=C31)=O,CCC(CN1N=C2C3=C(C4=C(C5=C(N4CC(CCCC)CC)C(SC(/C=C6/C(C7=C(C6=O)C=C(C(F)=C7)F)=C(C#N)/C#N)=C8CCCCCC)=C8S5)C2=N1)N(CC(CCCC)CC)C9=C3SC(/C=C%10C(C(C=C(F)C(F)=C%11)=C%11C\%10=C(C#N)/C#N)=O)=C9CCCCCC)CCCC,15.14,O=C1C2=C(CC(CC)CCCC)SC(CC(CC)CCCC)=C2C(C3=C(C4=CC=C(C5=CC(C(C6=CC(F)=C(CC(CC)CCCC)S6)=C(SC=C7)C7=C8C9=CC(F)=C(CC(CC)CCCC)S9)=C8S5)S4)SC(C%10=CC=CS%10)=C31)=O||CCC(CN1N=C2C3=C(C4=C(C5=C(N4CC(CCCC)CC)C(SC(/C=C6/C(C7=C(C6=O)C=C(C(F)=C7)F)=C(C#N)/C#N)=C8CCCCCC)=C8S5)C2=N1)N(CC(CCCC)CC)C9=C3SC(/C=C%10C(C(C=C(F)C(F)=C%11)=C%11C\%10=C(C#N)/C#N)=O)=C9CCCCCC)CCCC,65482d735aa1f382b817dd8d95b1689b39b0b3c26138949c2680844f1b1f5ea0,6047dca06660dd5db11d716a06302d88c202b495c72f99dfcede81322f73fa55,bbdad9ed3d6d35b6fd068991d7b33baa9670360156f9ee17cedd332eb03c26a7,1106b69e5d6f0dcf29a588390df6964e234c531d0d4dbdf1fa34dba758ea1c43,70962d5dcbfcb290307ca627c37a7bd4b50499f930d2a8f0c0d8cad58b6d7ae1,888,84,509,22
33,14.449999809265137,15.407356262207031,0.9573564529418945,0.9573564529418945,0.9165313779894859,6.625304260059927,in-house,35,O=C1C2=C(CC(CC)CCCC)SC(CC(CC)CCCC)=C2C(C3=C(C4=CC=C(C5=CC(C(C6=CC(F)=C(CC(CC)CCCC)S6)=C(SC=C7)C7=C8C9=CC(F)=C(CC(CC)CCCC)S9)=C8S5)S4)SC(C%10=CC=CS%10)=C31)=O,O=C(C1=C2C=C(Cl)C(Cl)=C1)C(/C2=C(C#N)/C#N)=C\C3=C(CCCCCCCC)C(SC4=C5N(C6=C4C7=NSN=C7C8=C6N(CC(CCCC)CC)C9=C8SC(/C=C%10/C(C%11=C(C%10=O)C=C(Cl)C(Cl)=C%11)=C(C#N)\[N+]#[C-])=C9CCCCCCCC)CC(CCCC)CC)=C5S3,14.45,O=C1C2=C(CC(CC)CCCC)SC(CC(CC)CCCC)=C2C(C3=C(C4=CC=C(C5=CC(C(C6=CC(F)=C(CC(CC)CCCC)S6)=C(SC=C7)C7=C8C9=CC(F)=C(CC(CC)CCCC)S9)=C8S5)S4)SC(C%10=CC=CS%10)=C31)=O||O=C(C1=C2C=C(Cl)C(Cl)=C1)C(/C2=C(C#N)/C#N)=C\C3=C(CCCCCCCC)C(SC4=C5N(C6=C4C7=NSN=C7C8=C6N(CC(CCCC)CC)C9=C8SC(/C=C%10/C(C%11=C(C%10=O)C=C(Cl)C(Cl)=C%11)=C(C#N)\[N+]#[C-])=C9CCCCCCCC)CC(CCCC)CC)=C5S3,65482d735aa1f382b817dd8d95b1689b39b0b3c26138949c2680844f1b1f5ea0,ab1410c5a541f03da9a96601621ba506339e360092b3eafe6f0e218796b3b060,f0b5731b4b97a057fccb9aaa49e034845cbce1999b79913c9dcadb27d0565423,2ca377e0f3c7c4799e52c2d4fdf422186579da70fa094f26a59db6e75d64e8e2,e0af34fbee4279e13cd3ad97480b4ff6c24917be4b25d5712a1af4abc77289be,1133,210,1040,29
38,14.029999732971191,14.153419494628906,0.12341976165771484,0.12341976165771484,0.015232437567647139,0.8796847042532175,in-house,42,FC(C=C(C1=C2SC=CC2=C(C3=CC(F)=C(CC(CCCC)CC)S3)C4=C1C=C(C5=CC=C(C6=C(C(C(C7=C(CC(CCCC)CC)SC(CC(CC)CCCC)=C78)=O)=C(C9=CC=CC9)S6)C8=O)S5)S4)S%10)=C%10CC(CC)CCCC,O=C(C(C=C(C(Br)=C1)Br)=C1C/2=C(C#N)/C#N)C2=C/C3=C(CCCCCCCCCCC)C(SC(C4=C5C6=C(C7=C(N6CCCCCCCCCCCC)C8=C(C(CCCCCCCCCCC)=C(S8)/C=C9C(C%10=C(C=C(Br)C(Br)=C%10)C\9=C(C#N)/C#N)=O)S7)C%11=NSN=C%114)=C%12N5CCCCCCCCCCCC)=C%12S3,14.03,FC(C=C(C1=C2SC=CC2=C(C3=CC(F)=C(CC(CCCC)CC)S3)C4=C1C=C(C5=CC=C(C6=C(C(C(C7=C(CC(CCCC)CC)SC(CC(CC)CCCC)=C78)=O)=C(C9=CC=CC9)S6)C8=O)S5)S4)S%10)=C%10CC(CC)CCCC||O=C(C(C=C(C(Br)=C1)Br)=C1C/2=C(C#N)/C#N)C2=C/C3=C(CCCCCCCCCCC)C(SC(C4=C5C6=C(C7=C(N6CCCCCCCCCCCC)C8=C(C(CCCCCCCCCCC)=C(S8)/C=C9C(C%10=C(C=C(Br)C(Br)=C%10)C\9=C(C#N)/C#N)=O)S7)C%11=NSN=C%114)=C%12N5CCCCCCCCCCCC)=C%12S3,61eee9608e36bdb1d3a96a3ad1baa39916f3a546e29d11481966a5a2d3d30f3c,61e1083ae266a0c0d0562f5978ecf2ec4d01974439c1e3d455b138ce4d181741,dfddec171cf5b907634b3cfa86ae2f60a5ca0d06e64dba8008bb5a7dfb986dfd,1007fcb65d03ac3eeffadbcf7be9e35f5be3e82b10b7b415fcc3c39c62d68d0a,4a49993e99cf73bd0b6b87efb3bce026b4400c5ec011d9f500e4b2d22c88bd9b,1058,77,326,33
40,14.0,10.028223991394045,-3.9717760086059553,3.9717760086059553,15.775004662537853,28.36982863289968,in-house,45,O=C(C1=C(CCC(CCCC)CC)SC(CCC(CC)CCCC)=C1C2=O)C(C2=C(C3)C(C4)=CC=C4C5=CC6=C(C(C7=CC=C(CCC(CCCC)CC)S7)=C8C=CSC8=C6C9=CC=C(CCC(CCCC)CC)S9)S5)=C3C%10=CC=CS%10,CCCCCCC1=CC=C(C2(C3=CC=C(C=C3)CCCCCC)C4=C(C=C(C5=C4)C(C(C=C6)=CC=C6CCCCCC)(C7=C5SC(/C=C8/C(C9=C(C8=O)C=C(F)C=C9)=C(C#N)\C#N)=C7)C(C=C%10)=CC=C%10CCCCCC)C%11=C2C%12=C(C(SC(/C=C(C%13=O)/C(C%14=C%13C=C(F)C=C%14)=C(C#N)\C#N)=C%15)=C%15N%12CCCCCCCC)S%11)C=C1,14.0,O=C(C1=C(CCC(CCCC)CC)SC(CCC(CC)CCCC)=C1C2=O)C(C2=C(C3)C(C4)=CC=C4C5=CC6=C(C(C7=CC=C(CCC(CCCC)CC)S7)=C8C=CSC8=C6C9=CC=C(CCC(CCCC)CC)S9)S5)=C3C%10=CC=CS%10||CCCCCCC1=CC=C(C2(C3=CC=C(C=C3)CCCCCC)C4=C(C=C(C5=C4)C(C(C=C6)=CC=C6CCCCCC)(C7=C5SC(/C=C8/C(C9=C(C8=O)C=C(F)C=C9)=C(C#N)\C#N)=C7)C(C=C%10)=CC=C%10CCCCCC)C%11=C2C%12=C(C(SC(/C=C(C%13=O)/C(C%14=C%13C=C(F)C=C%14)=C(C#N)\C#N)=C%15)=C%15N%12CCCCCCCC)S%11)C=C1,6f31f3770fd225e382586e20513744e11a328b7cc74c758d48628417c600a02b,aae7c036f50c84dd7d6739aad596ce6f0f64ca992761de8f4abce3a6fded56cd,f7aa181157ebfcc1f03031618ea39465e66ae63b4925359728626dcbb42f5b72,f8d826ff0c6cab552c1ec35930770530439e1d1ec959d171d15c4b059021ac48,866e01139c26eef2b6ebe41398a1d8d67a278177545411bec20a506a46ea7796,1156,1160,608,35
41,13.949999809265137,11.290578842163086,-2.659420967102051,2.659420967102051,7.072519880262007,19.063949845617557,in-house,46,O=C1C2=C(CC(CC)CCCC)SC(CC(CC)CCCC)=C2C(C3=C(C4=CC=C(C5=CC(C(C6=CC(F)=C(CC(CC)CCCC)S6)=C(SC=C7)C7=C8C9=CC(F)=C(CC(CC)CCCC)S9)=C8S5)S4)SC(C%10=CC=CS%10)=C31)=O,FC1=CC(C(/C2=C/C3=C(CCCCCCCC)C4=C(S3)C(C(C5=CC=C(CCCCCC)C=C5)(C6=CC=C(CCCCCC)C=C6)C(C7=C8C)=C9SC7=CC%10=C8SC%11=C%10[C@](C%12=CC=C(CCCCCC)C=C%12)(C%13=C%11SC%14=C%13SC(/C=C%15/C(C%16=C(C%15=O)C=C(F)C(F)=C%16)=C(C#N)\[N+]#[C-])=C%14CCCCCCCC)C)=C9S4)=C(C#N)/C#N)=C(C2=O)C=C1F,13.95,O=C1C2=C(CC(CC)CCCC)SC(CC(CC)CCCC)=C2C(C3=C(C4=CC=C(C5=CC(C(C6=CC(F)=C(CC(CC)CCCC)S6)=C(SC=C7)C7=C8C9=CC(F)=C(CC(CC)CCCC)S9)=C8S5)S4)SC(C%10=CC=CS%10)=C31)=O||FC1=CC(C(/C2=C/C3=C(CCCCCCCC)C4=C(S3)C(C(C5=CC=C(CCCCCC)C=C5)(C6=CC=C(CCCCCC)C=C6)C(C7=C8C)=C9SC7=CC%10=C8SC%11=C%10[C@](C%12=CC=C(CCCCCC)C=C%12)(C%13=C%11SC%14=C%13SC(/C=C%15/C(C%16=C(C%15=O)C=C(F)C(F)=C%16)=C(C#N)\[N+]#[C-])=C%14CCCCCCCC)C)=C9S4)=C(C#N)/C#N)=C(C2=O)C=C1F,65482d735aa1f382b817dd8d95b1689b39b0b3c26138949c2680844f1b1f5ea0,116596b3c0bf5392305dd7a9038cea9b7842a248ef0ff307a76793926dc41fde,b22cef58ec7cfac39705fe113999e5f0d7ccd8ddb0529e74aa7c5d95b01ae27e,ccadeab06fe0d22661c54cf46f26ab11bac8ab9ae86b5968982b866f28f40ae8,cbf0f12d5ec0c3cb2d107a991a82bf9dbbcd62a7c76f6730cd02747073721746,827,942,936,36
43,13.899999618530272,13.19538116455078,-0.7046184539794922,0.7046184539794922,0.49648716568844975,5.069197649762206,in-house,48,O=C1C2=C(CC(CC)CCCC)SC(CC(CC)CCCC)=C2C(C3=C(C4=CC=C(C5=CC(C(C6=CC(F)=C(CC(CC)CCCC)S6)=C(SC=C7)C7=C8C9=CC(F)=C(CC(CC)CCCC)S9)=C8S5)S4)SC(C%10=CC=CS%10)=C31)=O,O=C(C(C=C(F)C(F)=C1)=C1C/2=C(C#N)\C#N)C2=C/C3=CC4=C(C5=C(S4)C(C6(C7=CC=C(CCCCCCCC)C=C7)C8=CC=C(CCCCCCCC)C=C8)=C(C9=CC%10=C(C%11=C(C%10(C%12=CC=C(C=C%12)CCCCCCCC)C%13=CC=C(C=C%13)CCCCCCCC)C(SC%14=C%15SC(/C=C%16C(C%17=CC(F)=C(C=C%17C\%16=C(C#N)\C#N)F)=O)=C%14)=C%15S%11)C=C96)S5)S3,13.9,O=C1C2=C(CC(CC)CCCC)SC(CC(CC)CCCC)=C2C(C3=C(C4=CC=C(C5=CC(C(C6=CC(F)=C(CC(CC)CCCC)S6)=C(SC=C7)C7=C8C9=CC(F)=C(CC(CC)CCCC)S9)=C8S5)S4)SC(C%10=CC=CS%10)=C31)=O||O=C(C(C=C(F)C(F)=C1)=C1C/2=C(C#N)\C#N)C2=C/C3=CC4=C(C5=C(S4)C(C6(C7=CC=C(CCCCCCCC)C=C7)C8=CC=C(CCCCCCCC)C=C8)=C(C9=CC%10=C(C%11=C(C%10(C%12=CC=C(C=C%12)CCCCCCCC)C%13=CC=C(C=C%13)CCCCCCCC)C(SC%14=C%15SC(/C=C%16C(C%17=CC(F)=C(C=C%17C\%16=C(C#N)\C#N)F)=O)=C%14)=C%15S%11)C=C96)S5)S3,65482d735aa1f382b817dd8d95b1689b39b0b3c26138949c2680844f1b1f5ea0,7aeedf63c12b736e34a0a615914b84cd46e154b936481a9e59697139a182b618,dcd6bec6e559f9fc7c6eaa246047ec416b5602494c64b681efb6ac8cd0b0dc37,809af065b9b31be8b05a13f1cdb84852f3b4c1378f3fd1e0657449717b9207bc,dc3744ff1429bf4e028ea25dbfc7e80b538a8444c0645728194ab115a7ec5775,1047,614,1019,38
44,13.869999885559082,13.11460304260254,-0.7553968429565412,0.7553968429565412,0.5706243903487094,5.446264233520519,in-house,49,O=C1C2=C(CC(CC)CCCC)SC(CC(CC)CCCC)=C2C(C3=C(C4=CC=C(C5=CC(C(C6=CC(F)=C(CC(CC)CCCC)S6)=C(SC=C7)C7=C8C9=CC(F)=C(CC(CC)CCCC)S9)=C8S5)S4)SC(C%10=CC=CS%10)=C31)=O,[Cl]C1=CC2=C(C(/C(C2=O)=C/C3=CC4=C(C5=C(N4C(CCCCCC)CCCC)C6=C(C(OCC(CCCC)CC)=C7C8=C(C9=C(N8CC(CCCCCC)CCCC)C=C(/C=C%10C(C%11=CC([Cl])=C(C=C%11C\%10=C(C#N)\C#N)[Cl])=O)S9)SC7=C6OCC(CCCC)CC)S5)S3)=C(C#N)\C#N)C=C1[Cl],13.87,O=C1C2=C(CC(CC)CCCC)SC(CC(CC)CCCC)=C2C(C3=C(C4=CC=C(C5=CC(C(C6=CC(F)=C(CC(CC)CCCC)S6)=C(SC=C7)C7=C8C9=CC(F)=C(CC(CC)CCCC)S9)=C8S5)S4)SC(C%10=CC=CS%10)=C31)=O||[Cl]C1=CC2=C(C(/C(C2=O)=C/C3=CC4=C(C5=C(N4C(CCCCCC)CCCC)C6=C(C(OCC(CCCC)CC)=C7C8=C(C9=C(N8CC(CCCCCC)CCCC)C=C(/C=C%10C(C%11=CC([Cl])=C(C=C%11C\%10=C(C#N)\C#N)[Cl])=O)S9)SC7=C6OCC(CCCC)CC)S5)S3)=C(C#N)\C#N)C=C1[Cl],65482d735aa1f382b817dd8d95b1689b39b0b3c26138949c2680844f1b1f5ea0,8444f3747a43afd10a878cafdba29754b28d8458950b60f0883dbef199ecf1f7,bee71710ab3d4f553e569d3a71cbe1abcb86fe3e61aed91db5430c59b36455c7,7d55d7dba9c11a829a03cac366b98574c4c3f93c82c86893d700aac29feef0c3,4caa892d25a81ab1ff15b12888264d311b189681ffdcde4099a8e74dcc77e844,906,598,336,39
47,13.739999771118164,11.651422500610352,-2.0885772705078125,2.0885772705078125,4.362155014881864,15.200708189952492,in-house,52,FC(C=C(C1=C2SC=CC2=C(C3=CC(F)=C(CC(CCCC)CC)S3)C4=C1C=C(C5=CC=C(C6=C(C(C(C7=C(CC(CCCC)CC)SC(CC(CC)CCCC)=C78)=O)=C(C9=CC=CC9)S6)C8=O)S5)S4)S%10)=C%10CC(CC)CCCC,O=C(C/1=C\C2=CC3=C(S2)C(C4(C5=CC=C(CCCCCC)C=C5)C6=CC=C(CCCCCC)C=C6)=C(S3)C7=CC8=C(C=C74)C9=C(C%10=C(S9)C=C(/C=C%11C(C%12=CC=C(Cl)C=C%12C\%11=C(C#N)/C#N)=O)S%10)C8(C%13=CC=C(CCCCCC)C=C%13)C%14=CC=C(CCCCCC)C=C%14)C%15=CC=C(Cl)C=C%15C1=C(C#N)/C#N,13.74,FC(C=C(C1=C2SC=CC2=C(C3=CC(F)=C(CC(CCCC)CC)S3)C4=C1C=C(C5=CC=C(C6=C(C(C(C7=C(CC(CCCC)CC)SC(CC(CC)CCCC)=C78)=O)=C(C9=CC=CC9)S6)C8=O)S5)S4)S%10)=C%10CC(CC)CCCC||O=C(C/1=C\C2=CC3=C(S2)C(C4(C5=CC=C(CCCCCC)C=C5)C6=CC=C(CCCCCC)C=C6)=C(S3)C7=CC8=C(C=C74)C9=C(C%10=C(S9)C=C(/C=C%11C(C%12=CC=C(Cl)C=C%12C\%11=C(C#N)/C#N)=O)S%10)C8(C%13=CC=C(CCCCCC)C=C%13)C%14=CC=C(CCCCCC)C=C%14)C%15=CC=C(Cl)C=C%15C1=C(C#N)/C#N,61eee9608e36bdb1d3a96a3ad1baa39916f3a546e29d11481966a5a2d3d30f3c,13ae1148b228a4ab05940b3f9c909bea4a2b70c2f7a8fba669a2215eb652c86d,8a6cf037e25bf02d6f97b91086c707aebb65fc6ed83a350e1a8f1351e18cfdeb,a9799e7d8694f5732414039f9b8cfa5de9d77738da611ab5ae99fc5539e4b78a,2a86e7091557c77a36921eaedbdba49b79c296bdecd893889974d6b12b40cbcd,630,777,182,42
59,13.449999809265137,12.893190383911133,-0.5568094253540039,0.5568094253540039,0.31003673616305605,4.139847087361603,in-house,66,O=C(C1=C(SC(CCCCCCCC)=C12)CCCCCCCC)C3=C(SC(C4=CC=C(C)S4)=C3C2=O)C(S5)=CC=C5C6=CC7C(C8=CC(F)=C(CCCCCCCC)C8)C9C(C=C(S9)C)C(C%10=CC(F)=C(S%10)CCCCCCCC)=C7S6,O=C(C1=CC(Cl)=C(C=C1C/2=C(C#N)\C#N)Cl)C2=C/C3=CC4=C(C(C5(C6=CC=C(C=C6)CCCCCC)C(C=C7)=CC=C7CCCCCC)=C(C8=CC9=C(C%10=C(C9(C%11=CC=C(C=C%11)CCCCCC)C%12=CC=C(C=C%12)CCCCCC)C%13=C(C=C(S%13)/C=C%14C(C%15=CC(Cl)=C(C=C%15C\%14=C(C#N)\C#N)Cl)=O)S%10)C=C85)S4)S3,13.45,O=C(C1=C(SC(CCCCCCCC)=C12)CCCCCCCC)C3=C(SC(C4=CC=C(C)S4)=C3C2=O)C(S5)=CC=C5C6=CC7C(C8=CC(F)=C(CCCCCCCC)C8)C9C(C=C(S9)C)C(C%10=CC(F)=C(S%10)CCCCCCCC)=C7S6||O=C(C1=CC(Cl)=C(C=C1C/2=C(C#N)\C#N)Cl)C2=C/C3=CC4=C(C(C5(C6=CC=C(C=C6)CCCCCC)C(C=C7)=CC=C7CCCCCC)=C(C8=CC9=C(C%10=C(C9(C%11=CC=C(C=C%11)CCCCCC)C%12=CC=C(C=C%12)CCCCCC)C%13=C(C=C(S%13)/C=C%14C(C%15=CC(Cl)=C(C=C%15C\%14=C(C#N)\C#N)Cl)=O)S%10)C=C85)S4)S3,e792d3c9cd416343b01f391920341dced2a7a213c67cb046f49990cbb2fa765d,dcf842694d53827077961931c0e460a45a792bc12c0b37ed12451efc871162d4,0424e3982a9dc0117816ed4e988053890ea3b26a2e350619e826155fcf34d5ec,ace101d50ecdd4057f78e911cd542e0b681923d4481c3b28cf57ff559e29bfcc,e36c798751db450508bf0bc60b442289f0bc438bcda8829f751e1e4caa13b9cd,16,790,1058,54
60,13.420000076293944,11.362344741821287,-2.0576553344726562,2.0576553344726562,4.233945475483779,15.332752032598323,in-house,67,O=C(C1=C(CCC(CCCC)CC)SC(CCC(CC)CCCC)=C1C2=O)C(C2=C(C3)C(C4)=CC=C4C5=CC6=C(C(C7=CC=C(CCC(CCCC)CC)S7)=C8C=CSC8=C6C9=CC=C(CCC(CCCC)CC)S9)S5)=C3C%10=CC=CS%10,O=C(C(C=CC=C1)=C1C/2=C(C#N)\C#N)C2=C/C3=CC(SC(C4=C5C6=C(C7=C(N6CC(CCCC)CC)C8=C(C=C(S8)/C=C9C(C%10=C(C=CC=C%10)C\9=C(C#N)\C#N)=O)S7)C%11=NN(N=C4%11)CC(CC)CCCC)=C%12N5CC(CC)CCCC)=C%12S3,13.42,O=C(C1=C(CCC(CCCC)CC)SC(CCC(CC)CCCC)=C1C2=O)C(C2=C(C3)C(C4)=CC=C4C5=CC6=C(C(C7=CC=C(CCC(CCCC)CC)S7)=C8C=CSC8=C6C9=CC=C(CCC(CCCC)CC)S9)S5)=C3C%10=CC=CS%10||O=C(C(C=CC=C1)=C1C/2=C(C#N)\C#N)C2=C/C3=CC(SC(C4=C5C6=C(C7=C(N6CC(CCCC)CC)C8=C(C=C(S8)/C=C9C(C%10=C(C=CC=C%10)C\9=C(C#N)\C#N)=O)S7)C%11=NN(N=C4%11)CC(CC)CCCC)=C%12N5CC(CC)CCCC)=C%12S3,6f31f3770fd225e382586e20513744e11a328b7cc74c758d48628417c600a02b,e5f12c951c5adcdfd4eac67bc10465ca7f49794f5e71f06d11ef0c578dfac549,38effca90ac791b7fd1b81532d3be8fd28a286e67fc554e6528b3d0f63a88a41,a111047cb73af90738e56642885f2ce783d37908d4d8e2ed5dd947982538d397,8cef7324683af67e52bb22536685422391c506f7fd623f752d4cbb0a487b2b5b,253,753,636,55
62,13.399999618530272,10.980754852294922,-2.41924476623535,2.41924476623535,5.852745238957132,18.054065933627957,in-house,70,O=C(C1=C(CCC(CCCC)CC)SC(CCC(CC)CCCC)=C1C2=O)C(C2=C(C3)C(C4)=CC=C4C5=CC6=C(C(C7=CC=C(CCC(CCCC)CC)S7)=C8C=CSC8=C6C9=CC=C(CCC(CCCC)CC)S9)S5)=C3C%10=CC=CS%10,O=C(C(C=C(Cl)C(Cl)=C1)=C1C/2=C(C#N)/C#N)C2=C/C3=CC4=C(S3)C5=C(N4CC(CCCCCC)CCCC)C6=C(S5)C(C(C(C7=CC=C(C=C7)CCCCCC)6C8=CC=C(C=C8)CCCCCC)=C9)=CC%10=C9C%11=C(C(C%12=CC=C(CCCCCC)C=C%12)%10C%13=CC=C(CCCCCC)C=C%13)C(N%14CC(CCCCCC)CCCC)=C(S%11)C(S%15)=C%14C=C%15/C=C(C(C%16=C%17C=C(Cl)C(Cl)=C%16)=O)/C%17=C(C#N)/C#N,13.4,O=C(C1=C(CCC(CCCC)CC)SC(CCC(CC)CCCC)=C1C2=O)C(C2=C(C3)C(C4)=CC=C4C5=CC6=C(C(C7=CC=C(CCC(CCCC)CC)S7)=C8C=CSC8=C6C9=CC=C(CCC(CCCC)CC)S9)S5)=C3C%10=CC=CS%10||O=C(C(C=C(Cl)C(Cl)=C1)=C1C/2=C(C#N)/C#N)C2=C/C3=CC4=C(S3)C5=C(N4CC(CCCCCC)CCCC)C6=C(S5)C(C(C(C7=CC=C(C=C7)CCCCCC)6C8=CC=C(C=C8)CCCCCC)=C9)=CC%10=C9C%11=C(C(C%12=CC=C(CCCCCC)C=C%12)%10C%13=CC=C(CCCCCC)C=C%13)C(N%14CC(CCCCCC)CCCC)=C(S%11)C(S%15)=C%14C=C%15/C=C(C(C%16=C%17C=C(Cl)C(Cl)=C%16)=O)/C%17=C(C#N)/C#N,6f31f3770fd225e382586e20513744e11a328b7cc74c758d48628417c600a02b,f5cc737066a29aa88dd00fba806ea1091478fd001abf93e7b112896e7411244a,38d1c00246eabed77ef1ac04a505d82acf9471991971e8379638071b19e029ca,7e6ca6e961f227cbef5460f7803571b0f9e9ab0c726fdb3113a4155d7813903d,392a14006c99013bff4dda6f59868dd6f8f0508f610742a9ca42a4ba17b4b2c3,252,602,250,57
71,13.239999771118164,11.290578842163086,-1.9494209289550781,1.9494209289550781,3.8002419582480798,14.723723282892799,in-house,79,O=C1C2=C(CC(CC)CCCC)SC(CC(CC)CCCC)=C2C(C3=C(C4=CC=C(C5=CC(C(C6=CC(F)=C(CC(CC)CCCC)S6)=C(SC=C7)C7=C8C9=CC(F)=C(CC(CC)CCCC)S9)=C8S5)S4)SC(C%10=CC=CS%10)=C31)=O,FC1=CC(C(/C2=C/C3=C(CCCCCC)C4=C(S3)C(C(C5=CC=C(CCCCCC)C=C5)(C6=CC=C(CCCCCC)C=C6)C(C7=C8C)=C9SC7=CC%10=C8SC%11=C%10[C@](C%12=CC=C(CCCCCC)C=C%12)(C%13=C%11SC%14=C%13SC(/C=C%15/C(C%16=C(C%15=O)C=C(F)C(F)=C%16)=C(C#N)\[N+]#[C-])=C%14CCCCCC)C)=C9S4)=C(C#N)/C#N)=C(C2=O)C=C1F,13.24,O=C1C2=C(CC(CC)CCCC)SC(CC(CC)CCCC)=C2C(C3=C(C4=CC=C(C5=CC(C(C6=CC(F)=C(CC(CC)CCCC)S6)=C(SC=C7)C7=C8C9=CC(F)=C(CC(CC)CCCC)S9)=C8S5)S4)SC(C%10=CC=CS%10)=C31)=O||FC1=CC(C(/C2=C/C3=C(CCCCCC)C4=C(S3)C(C(C5=CC=C(CCCCCC)C=C5)(C6=CC=C(CCCCCC)C=C6)C(C7=C8C)=C9SC7=CC%10=C8SC%11=C%10[C@](C%12=CC=C(CCCCCC)C=C%12)(C%13=C%11SC%14=C%13SC(/C=C%15/C(C%16=C(C%15=O)C=C(F)C(F)=C%16)=C(C#N)\[N+]#[C-])=C%14CCCCCC)C)=C9S4)=C(C#N)/C#N)=C(C2=O)C=C1F,65482d735aa1f382b817dd8d95b1689b39b0b3c26138949c2680844f1b1f5ea0,116596b3c0bf5392305dd7a9038cea9b7842a248ef0ff307a76793926dc41fde,b22cef58ec7cfac39705fe113999e5f0d7ccd8ddb0529e74aa7c5d95b01ae27e,ccadeab06fe0d22661c54cf46f26ab11bac8ab9ae86b5968982b866f28f40ae8,cbf0f12d5ec0c3cb2d107a991a82bf9dbbcd62a7c76f6730cd02747073721746,827,942,936,36
72,13.220000267028809,9.685514450073242,-3.5344858169555664,3.5344858169555664,12.492589990260058,26.735898226649134,in-house,80,FC1=C(C2=CC=C(C3=CC4=C(C(C(C=C5F)=CC(F)=C5CC(CCCC)CC)=C6C=C(OC6=C4C(C=C7F)=CC(F)=C7CC(CC)CCCC)C)O3)S2)C8=NN(CC(CCCCCCCC)CCCCCC)N=C8C(C9=CC=C(C)S9)=C1F,O=C(C/1=C\C2=C(C3=C(S2)C(N4C5=CC=C(CCCCCC)C=C5)=C(C6=C4C7=C(C8=NSN=C68)C(SC9=C%10SC(/C=C%11C(C%12=CC(F)=C(C=C%12C\%11=C(C#N)/C#N)F)=O)=C9CCCCCCCCCCC)=C%10N7C%13=CC=C(CCCCCC)C=C%13)S3)CCCCCCCCCCC)C%14=CC(F)=C(F)C=C%14C1=C(C#N)/C#N,13.22,FC1=C(C2=CC=C(C3=CC4=C(C(C(C=C5F)=CC(F)=C5CC(CCCC)CC)=C6C=C(OC6=C4C(C=C7F)=CC(F)=C7CC(CC)CCCC)C)O3)S2)C8=NN(CC(CCCCCCCC)CCCCCC)N=C8C(C9=CC=C(C)S9)=C1F||O=C(C/1=C\C2=C(C3=C(S2)C(N4C5=CC=C(CCCCCC)C=C5)=C(C6=C4C7=C(C8=NSN=C68)C(SC9=C%10SC(/C=C%11C(C%12=CC(F)=C(C=C%12C\%11=C(C#N)/C#N)F)=O)=C9CCCCCCCCCCC)=C%10N7C%13=CC=C(CCCCCC)C=C%13)S3)CCCCCCCCCCC)C%14=CC(F)=C(F)C=C%14C1=C(C#N)/C#N,0eba39b92d3306533f37e1089333de7bf54469696f9634a85ef7c679c887edab,3bc5e962960694d5a8c90d751d3f10c939059169c6882aed8bdcfb92d36d6776,9ab63027ad8001727279933ec0d54192e59dcc97ec91cfd101885041ac846d14,151f1cd5e4b1ca5e94f334c5e773a72fe7018b3c65f786cc680559043ed889a9,2969717bdbfd392c6b33fe35ff9ba66f50ff1a03a093d95264e7f37a47283cde,704,105,177,66
73,13.199999809265137,11.268527030944824,-1.9314727783203125,1.9314727783203125,3.730587093392387,14.63236974416169,in-house,81,[H]C(C=C1C(C2=C3SC(C4=C(F)C=C(C5=C(C(C6=C(SC(CCCCCCCC)=C6C7=O)CCCCCCCC)=O)C7=C(C8=CC(F)=CS8)S5)S4)=C2)=C9SC(C)=CC9=C3C%10=CC([H])=C(S%10)CCCCCCCC)=C(S1)CCCCCCCC,O=C1C(/C(C2=CC=CC=C21)=C(C#N)/C#N)=C/C3=CC(SC(C4=CC(C5(CCCCCCCC)CCCCCCCC)=C(C6=C5C7=C(C=C(/C=C8C(C9=CC=CC=C9C/8=C(C#N)/C#N)=O)S7)S6)C=C4%10)=C%11C%10(CCCCCCCC)CCCCCCCC)=C%11S3,13.2,[H]C(C=C1C(C2=C3SC(C4=C(F)C=C(C5=C(C(C6=C(SC(CCCCCCCC)=C6C7=O)CCCCCCCC)=O)C7=C(C8=CC(F)=CS8)S5)S4)=C2)=C9SC(C)=CC9=C3C%10=CC([H])=C(S%10)CCCCCCCC)=C(S1)CCCCCCCC||O=C1C(/C(C2=CC=CC=C21)=C(C#N)/C#N)=C/C3=CC(SC(C4=CC(C5(CCCCCCCC)CCCCCCCC)=C(C6=C5C7=C(C=C(/C=C8C(C9=CC=CC=C9C/8=C(C#N)/C#N)=O)S7)S6)C=C4%10)=C%11C%10(CCCCCCCC)CCCCCCCC)=C%11S3,207c5374cab9cab480ca09069403e45fa26ce90f96e97882a56aeac2c45d119c,15e629060f4bd1f16881c65603cd331ef5c9cf39120d5d0edf91eb3b1b6fe797,e5e22aaee613e8cce74d2088a8b63e0659a99b168073ae9721f0f494fcaa46ab,6f6641aa476b24ce08b16fdc700fd1a88e0b16d138231d46c02bd5ace04e95bc,7bf19c957f9f0a8f0230965aa3c87f9ec0ff4608555f1b1d261be436e970915b,1087,542,562,67
74,13.199999809265137,11.79014778137207,-1.4098520278930664,1.4098520278930664,1.9876827405541917,10.68069733534,in-house,82,CC(S1)=CC=C1C2=C3C(C(C4=C(SC(CC(CC)CCCC)=C4C3=O)CC(CCCC)CC)=O)=C(S2)C(S5)=CC=C5C6=CC7=C(C8=CC(Cl)=C(CCCCCBr)C8)C9=C(C=C(S9)C)C(C%10=CC(Cl)=C(CCCCCBr)C%10)=C7S6,O=C(C/1=C\C2=C(C3=C(S2)C(N4C5=CC=C(CCCCCC)C=C5)=C(C6=C4C7=C(C8=NSN=C68)C(SC9=C%10SC(/C=C%11C(C%12=CC(F)=C(C=C%12C\%11=C(C#N)/C#N)F)=O)=C9CCCCCCCCCCC)=C%10N7C%13=CC=C(CCCCCC)C=C%13)S3)CCCCCCCCCCC)C%14=CC(F)=C(F)C=C%14C1=C(C#N)/C#N,13.2,CC(S1)=CC=C1C2=C3C(C(C4=C(SC(CC(CC)CCCC)=C4C3=O)CC(CCCC)CC)=O)=C(S2)C(S5)=CC=C5C6=CC7=C(C8=CC(Cl)=C(CCCCCBr)C8)C9=C(C=C(S9)C)C(C%10=CC(Cl)=C(CCCCCBr)C%10)=C7S6||O=C(C/1=C\C2=C(C3=C(S2)C(N4C5=CC=C(CCCCCC)C=C5)=C(C6=C4C7=C(C8=NSN=C68)C(SC9=C%10SC(/C=C%11C(C%12=CC(F)=C(C=C%12C\%11=C(C#N)/C#N)F)=O)=C9CCCCCCCCCCC)=C%10N7C%13=CC=C(CCCCCC)C=C%13)S3)CCCCCCCCCCC)C%14=CC(F)=C(F)C=C%14C1=C(C#N)/C#N,42bfb5715ae351be46fadb245f5d3fc09b1862c6168b75686e973f5a35385044,3bc5e962960694d5a8c90d751d3f10c939059169c6882aed8bdcfb92d36d6776,503b3c87a1a5143e1ddaf70ff638331b03ccad257de21038feb8b7c84b450759,d9ffaac3966ff79d46fd8b5e52967379a2e773cc95c15980b3bf5b92501894fa,5dfff92921414be369efa60d53f88727ddea4cfb4aaad90bbf8386c59c776eb6,369,1008,423,68
77,13.199999809265137,11.290578842163086,-1.9094209671020508,1.9094209671020508,3.645888429608931,14.465310565851826,in-house,85,O=C1C2=C(CC(CC)CCCC)SC(CC(CC)CCCC)=C2C(C3=C(C4=CC=C(C5=CC(C(C6=CC(F)=C(CC(CC)CCCC)S6)=C(SC=C7)C7=C8C9=CC(F)=C(CC(CC)CCCC)S9)=C8S5)S4)SC(C%10=CC=CS%10)=C31)=O,FC1=CC(C(/C2=C/C3=C(CCCCCCCCCC)C4=C(S3)C(C(C5=CC=C(CCCCCC)C=C5)(C6=CC=C(CCCCCC)C=C6)C(C7=C8C)=C9SC7=CC%10=C8SC%11=C%10[C@](C%12=CC=C(CCCCCC)C=C%12)(C%13=C%11SC%14=C%13SC(/C=C%15/C(C%16=C(C%15=O)C=C(F)C(F)=C%16)=C(C#N)\[N+]#[C-])=C%14CCCCCCCCCC)C)=C9S4)=C(C#N)/C#N)=C(C2=O)C=C1F,13.2,O=C1C2=C(CC(CC)CCCC)SC(CC(CC)CCCC)=C2C(C3=C(C4=CC=C(C5=CC(C(C6=CC(F)=C(CC(CC)CCCC)S6)=C(SC=C7)C7=C8C9=CC(F)=C(CC(CC)CCCC)S9)=C8S5)S4)SC(C%10=CC=CS%10)=C31)=O||FC1=CC(C(/C2=C/C3=C(CCCCCCCCCC)C4=C(S3)C(C(C5=CC=C(CCCCCC)C=C5)(C6=CC=C(CCCCCC)C=C6)C(C7=C8C)=C9SC7=CC%10=C8SC%11=C%10[C@](C%12=CC=C(CCCCCC)C=C%12)(C%13=C%11SC%14=C%13SC(/C=C%15/C(C%16=C(C%15=O)C=C(F)C(F)=C%16)=C(C#N)\[N+]#[C-])=C%14CCCCCCCCCC)C)=C9S4)=C(C#N)/C#N)=C(C2=O)C=C1F,65482d735aa1f382b817dd8d95b1689b39b0b3c26138949c2680844f1b1f5ea0,116596b3c0bf5392305dd7a9038cea9b7842a248ef0ff307a76793926dc41fde,b22cef58ec7cfac39705fe113999e5f0d7ccd8ddb0529e74aa7c5d95b01ae27e,ccadeab06fe0d22661c54cf46f26ab11bac8ab9ae86b5968982b866f28f40ae8,cbf0f12d5ec0c3cb2d107a991a82bf9dbbcd62a7c76f6730cd02747073721746,827,942,936,36
79,13.18000030517578,11.239089965820312,-1.940910339355467,1.940910339355467,3.7671329454169538,14.726178258078434,in-house,88,O=C(C1=C(CCC(CCCC)CC)SC(CCC(CC)CCCC)=C1C2=O)C(C2=C(C3)C(C4)=CC=C4C5=CC6=C(C(C7=CC=C(CCC(CCCC)CC)S7)=C8C=CSC8=C6C9=CC=C(CCC(CCCC)CC)S9)S5)=C3C%10=CC=CS%10,O=C1C2=C(C)SC=C2C(/C1=C/C(S3)=CC4=C3C(S5)=C(C4(C6=CC=C(CCCCCC)C=C6)C7=CC=C(CCCCCC)C=C7)C(C5=C8C9=CC=C(CC(CCCC)CC)S9)=C(C%10=CC=C(CC(CCCC)CC)S%10)C%11=C8C(C%12(C%13=CC=C(CCCCCC)C=C%13)C%14=CC=C(CCCCCC)C=C%14)=C(S%11)C%15=C%12C=C(/C=C%16C(C%17=C(C)SC=C%17C\%16=C(C#N)\C#N)=O)S%15)=C(C#N)\C#N,13.18,O=C(C1=C(CCC(CCCC)CC)SC(CCC(CC)CCCC)=C1C2=O)C(C2=C(C3)C(C4)=CC=C4C5=CC6=C(C(C7=CC=C(CCC(CCCC)CC)S7)=C8C=CSC8=C6C9=CC=C(CCC(CCCC)CC)S9)S5)=C3C%10=CC=CS%10||O=C1C2=C(C)SC=C2C(/C1=C/C(S3)=CC4=C3C(S5)=C(C4(C6=CC=C(CCCCCC)C=C6)C7=CC=C(CCCCCC)C=C7)C(C5=C8C9=CC=C(CC(CCCC)CC)S9)=C(C%10=CC=C(CC(CCCC)CC)S%10)C%11=C8C(C%12(C%13=CC=C(CCCCCC)C=C%13)C%14=CC=C(CCCCCC)C=C%14)=C(S%11)C%15=C%12C=C(/C=C%16C(C%17=C(C)SC=C%17C\%16=C(C#N)\C#N)=O)S%15)=C(C#N)\C#N,6f31f3770fd225e382586e20513744e11a328b7cc74c758d48628417c600a02b,0277c9b68eca8fccb206e3036b0829f4d42fd858d55dd7c70dbccacb07ba592a,dab8515cd28fde6a96c617c31a5899ad7ed0319a2d10815845d137598cc41480,6ebea4e21d3ddd14fe6e878ff6d9fc825d248cab25914b43a1726d147efd4e59,5d7523c961ac25f3f2a98774a4f8734f5c7532d8cc652e1e459b3b758d430bd7,1037,537,421,72
81,13.149999618530272,11.239089965820312,-1.9109096527099592,1.9109096527099592,3.651575700820097,14.531632761549348,in-house,91,O=C(C1=C(CCC(CCCC)CC)SC(CCC(CC)CCCC)=C1C2=O)C(C2=C(C3)C(C4)=CC=C4C5=CC6=C(C(C7=CC=C(CCC(CCCC)CC)S7)=C8C=CSC8=C6C9=CC=C(CCC(CCCC)CC)S9)S5)=C3C%10=CC=CS%10,O=C(C1=C(C)SC([H])=C1C/2=C(C#N)\C#N)C2=C/C3=CC(C(C4=CC=C(CCCCCC)C=C4)(C5=CC=C(CCCCCC)C=C5)C6=C7SC8=C6C(C9=CC=C(S9)CC(CCCC)CC)=C%10SC(C%11=C(C%12(C%13=CC=C(CCCCCC)C=C%13)C%14=CC=C(CCCCCC)C=C%14)C=C(/C=C%15C(C%16=C(SC([H])=C%16C\%15=C(C#N)\C#N)[CH3])=O)S%11)=C%12C%10=C8C%17=CC=C(CC(CC)CCCC)S%17)=C7S3,13.15,O=C(C1=C(CCC(CCCC)CC)SC(CCC(CC)CCCC)=C1C2=O)C(C2=C(C3)C(C4)=CC=C4C5=CC6=C(C(C7=CC=C(CCC(CCCC)CC)S7)=C8C=CSC8=C6C9=CC=C(CCC(CCCC)CC)S9)S5)=C3C%10=CC=CS%10||O=C(C1=C(C)SC([H])=C1C/2=C(C#N)\C#N)C2=C/C3=CC(C(C4=CC=C(CCCCCC)C=C4)(C5=CC=C(CCCCCC)C=C5)C6=C7SC8=C6C(C9=CC=C(S9)CC(CCCC)CC)=C%10SC(C%11=C(C%12(C%13=CC=C(CCCCCC)C=C%13)C%14=CC=C(CCCCCC)C=C%14)C=C(/C=C%15C(C%16=C(SC([H])=C%16C\%15=C(C#N)\C#N)[CH3])=O)S%11)=C%12C%10=C8C%17=CC=C(CC(CC)CCCC)S%17)=C7S3,6f31f3770fd225e382586e20513744e11a328b7cc74c758d48628417c600a02b,0277c9b68eca8fccb206e3036b0829f4d42fd858d55dd7c70dbccacb07ba592a,dab8515cd28fde6a96c617c31a5899ad7ed0319a2d10815845d137598cc41480,6ebea4e21d3ddd14fe6e878ff6d9fc825d248cab25914b43a1726d147efd4e59,5d7523c961ac25f3f2a98774a4f8734f5c7532d8cc652e1e459b3b758d430bd7,1037,537,421,72
83,13.130000114440918,9.52736473083496,-3.602635383605959,3.602635383605959,12.978981707209654,27.438197655791573,in-house,93,O=C(C1=C(CCC(CCCC)CC)SC(CCC(CC)CCCC)=C1C2=O)C(C2=C(C3)C(C4)=CC=C4C5=CC6=C(C(C7=CC=C(CCC(CCCC)CC)S7)=C8C=CSC8=C6C9=CC=C(CCC(CCCC)CC)S9)S5)=C3C%10=CC=CS%10,c1(c(cc2c(c1)C(=C(C2=O)[CH]c1sc2c(c1)n(c1c2sc2c1C(c1c2cc2c(c1)c1c(C2(c2ccc(cc2)CCCCCC)c2ccc(cc2)CCCCCC)c2c(s1)c1c(n2CCCCCCCC)cc(s1)/C=C\1/C(=C(C#N)C#N)c2c(C1=O)cc(c(c2)F)F)(c1ccc(cc1)CCCCCC)c1ccc(cc1)CCCCCC)CCCCCCCC)[C](C#N)C#N)F)F,13.13,O=C(C1=C(CCC(CCCC)CC)SC(CCC(CC)CCCC)=C1C2=O)C(C2=C(C3)C(C4)=CC=C4C5=CC6=C(C(C7=CC=C(CCC(CCCC)CC)S7)=C8C=CSC8=C6C9=CC=C(CCC(CCCC)CC)S9)S5)=C3C%10=CC=CS%10||c1(c(cc2c(c1)C(=C(C2=O)[CH]c1sc2c(c1)n(c1c2sc2c1C(c1c2cc2c(c1)c1c(C2(c2ccc(cc2)CCCCCC)c2ccc(cc2)CCCCCC)c2c(s1)c1c(n2CCCCCCCC)cc(s1)/C=C\1/C(=C(C#N)C#N)c2c(C1=O)cc(c(c2)F)F)(c1ccc(cc1)CCCCCC)c1ccc(cc1)CCCCCC)CCCCCCCC)[C](C#N)C#N)F)F,6f31f3770fd225e382586e20513744e11a328b7cc74c758d48628417c600a02b,db60cc5b4f1b07435af3f0ce439c46bbbfcf8f1e669bb2c871e9e26486542011,01c070df2a85f362469b93137c1d96d23f5ca1b7333aa2325319dc929761bf8c,d433e2924b4e095ae219edaacbb70c8309301470891fbee56c4411395b6edafc,c48e866bf0c07b316c9209dee1dda96f7838f1fb8d08728b97dff7bca1092243,6,980,903,75
97,12.869999885559082,12.206707000732422,-0.6632928848266602,0.6632928848266602,0.43995745106167305,5.153790914721879,in-house,108,FC(C=C(C1=C2SC=CC2=C(C3=CC(F)=C(CC(CCCC)CC)S3)C4=C1C=C(C5=CC=C(C6=C(C(C(C7=C(CC(CCCC)CC)SC(CC(CC)CCCC)=C78)=O)=C(C9=CC=CC9)S6)C8=O)S5)S4)S%10)=C%10CC(CC)CCCC,O=C(C1=CC(Cl)=C(C=C1C/2=C(C#N)\C#N)Cl)C2=C/C3=CC4=C(C(C5(C6=CC=C(C=C6)CCCCCC)C(C=C7)=CC=C7CCCCCC)=C(C8=CC9=C(C%10=C(C9(C%11=CC=C(C=C%11)CCCCCC)C%12=CC=C(C=C%12)CCCCCC)C%13=C(C=C(S%13)/C=C%14C(C%15=CC(Cl)=C(C=C%15C\%14=C(C#N)\C#N)Cl)=O)S%10)C=C85)S4)S3,12.87,FC(C=C(C1=C2SC=CC2=C(C3=CC(F)=C(CC(CCCC)CC)S3)C4=C1C=C(C5=CC=C(C6=C(C(C(C7=C(CC(CCCC)CC)SC(CC(CC)CCCC)=C78)=O)=C(C9=CC=CC9)S6)C8=O)S5)S4)S%10)=C%10CC(CC)CCCC||O=C(C1=CC(Cl)=C(C=C1C/2=C(C#N)\C#N)Cl)C2=C/C3=CC4=C(C(C5(C6=CC=C(C=C6)CCCCCC)C(C=C7)=CC=C7CCCCCC)=C(C8=CC9=C(C%10=C(C9(C%11=CC=C(C=C%11)CCCCCC)C%12=CC=C(C=C%12)CCCCCC)C%13=C(C=C(S%13)/C=C%14C(C%15=CC(Cl)=C(C=C%15C\%14=C(C#N)\C#N)Cl)=O)S%10)C=C85)S4)S3,61eee9608e36bdb1d3a96a3ad1baa39916f3a546e29d11481966a5a2d3d30f3c,dcf842694d53827077961931c0e460a45a792bc12c0b37ed12451efc871162d4,aa9e22ca7a204561fb6c9ef5f173a0823b6e5a6742d985f733f5461808d81b74,157f8269a245b3e25ba2c18b826eb36944c214d8b5ef60328ea54ef7d8a906be,af9af251c42ee997c316e71dad54895735ba3110671f148d44e366cd5bdcf310,791,107,802,89
102,12.800000190734863,8.53935432434082,-4.260645866394043,4.260645866394043,18.153103198820645,33.28629533519901,in-house,113,FC1=C(C(OCC(CCCC)CC)=O)SC2=CSC(C3=CC4=C(C5=C(C(C6=CC=C(CC(CC)CCCC)S6)=C4S3)C=CS5)C7=CC=C(CC(CC)CCCC)S7)=C12,FC1=CC2=C(C(/C(C2=O)=C/C3=CC(OCC(CC)CCCC)=C(S3)C4=CC5=C(S4)C6=CC(C7(C8=CC=C(CCCCCC)C=C8)C9=CC=C(CCCCCC)C=C9)=C(C%10=C7C=C(S%10)C%11=C(OCC(CC)CCCC)C=C(S%11)/C=C(/C(C%12=C%13C=C(F)C(F)=C%12)=C(C#N)\C#N)C%13=O)C=C6C5(C%14=CC=C(CCCCCC)C=C%14)C%15=CC=C(CCCCCC)C=C%15)=C(C#N)/C#N)C=C1F,12.8,FC1=C(C(OCC(CCCC)CC)=O)SC2=CSC(C3=CC4=C(C5=C(C(C6=CC=C(CC(CC)CCCC)S6)=C4S3)C=CS5)C7=CC=C(CC(CC)CCCC)S7)=C12||FC1=CC2=C(C(/C(C2=O)=C/C3=CC(OCC(CC)CCCC)=C(S3)C4=CC5=C(S4)C6=CC(C7(C8=CC=C(CCCCCC)C=C8)C9=CC=C(CCCCCC)C=C9)=C(C%10=C7C=C(S%10)C%11=C(OCC(CC)CCCC)C=C(S%11)/C=C(/C(C%12=C%13C=C(F)C(F)=C%12)=C(C#N)\C#N)C%13=O)C=C6C5(C%14=CC=C(CCCCCC)C=C%14)C%15=CC=C(CCCCCC)C=C%15)=C(C#N)/C#N)C=C1F,2249a87c8fc0450476e55f070a85b71ffa6beb368356c28f1302bad8bac422cb,0a6189846e89cf828a3f20d50d9d712b7538b2d40776aced38f06bfa2a63caa3,ef2a3f1a57f973a4decc367338259a9f1c7a8e9b3698a6d541b94658513eb148,4b210cb77cd34f5fab88cccba999c877ae7d5c71a1d7c666ac12384dbcff512f,e0f78589b4d54979baeeca807f6bdd933cf7e233ad32b8a64ed9dfd7905fbe2c,1126,358,1044,94
104,12.789999961853027,9.966678619384766,-2.8233213424682617,2.8233213424682617,7.971143402836788,22.07444371297102,in-house,115,O=C(C1=C(CCC(CCCC)CC)SC(CCC(CC)CCCC)=C1C2=O)C(C2=C(C3)C(C4)=CC=C4C5=CC6=C(C(C7=CC=C(CCC(CCCC)CC)S7)=C8C=CSC8=C6C9=CC=C(CCC(CCCC)CC)S9)S5)=C3C%10=CC=CS%10,O=C(C1=C(C/2=C(C#N)/C#N)C=C(F)C(F)=C1)C2=C/C3=CC=C(C4=C(OCCCCCC)C(C(C5=C6C=C7C(C(SC(C8=CC=C(/C=C9C(C(C=C(F)C(F)=C%10)=C%10C\9=C(C#N)\C#N)=O)S8)=C%11OCCCCCC)=C%11C7(C%12=CC=C(CCCCCC)C=C%12)C%13=CC=C(CCCCCC)C=C%13)=C5)(C%14=CC=C(CCCCCC)C=C%14)C%15=CC=C(CCCCCC)C=C%15)=C6S4)S3,12.79,O=C(C1=C(CCC(CCCC)CC)SC(CCC(CC)CCCC)=C1C2=O)C(C2=C(C3)C(C4)=CC=C4C5=CC6=C(C(C7=CC=C(CCC(CCCC)CC)S7)=C8C=CSC8=C6C9=CC=C(CCC(CCCC)CC)S9)S5)=C3C%10=CC=CS%10||O=C(C1=C(C/2=C(C#N)/C#N)C=C(F)C(F)=C1)C2=C/C3=CC=C(C4=C(OCCCCCC)C(C(C5=C6C=C7C(C(SC(C8=CC=C(/C=C9C(C(C=C(F)C(F)=C%10)=C%10C\9=C(C#N)\C#N)=O)S8)=C%11OCCCCCC)=C%11C7(C%12=CC=C(CCCCCC)C=C%12)C%13=CC=C(CCCCCC)C=C%13)=C5)(C%14=CC=C(CCCCCC)C=C%14)C%15=CC=C(CCCCCC)C=C%15)=C6S4)S3,6f31f3770fd225e382586e20513744e11a328b7cc74c758d48628417c600a02b,7fd7152960d461aad0cae81dada91b334edc13b9e13eddb9762ee0fed754b055,5ab55cb46b8f0ff467a7b39d3d468ce04f501ac8b46417a9cf6f45a75fb6ec8c,dde96b481487fb8ccb9f3ddcf54d87fd36fcba3367bce75a4d63aa07d011987c,79e42a8eb5e9574f8c288cd151d700a23a39711b44d680b97b0ebbd6adfc9762,410,1020,549,96
105,12.75,12.488540649414062,-0.2614593505859375,0.2614593505859375,0.06836099200882018,2.0506615732230395,in-house,116,CC(S1)=CC=C1C2=C3C(C(C4=C(SC(CC(CC)CCCC)=C4C3=O)CC(CCCC)CC)=O)=C(S2)C(S5)=CC=C5C6=CC7=C(C8=CC(Cl)=C(CCCCCOC)C8)C9=C(C=C(S9)C)C(C%10=CC(Cl)=C(CCCCCOC)C%10)=C7S6,O=C(C/1=C\C2=C(C3=C(S2)C(N4C5=CC=C(CCCCCC)C=C5)=C(C6=C4C7=C(C8=NSN=C68)C(SC9=C%10SC(/C=C%11C(C%12=CC(F)=C(C=C%12C\%11=C(C#N)/C#N)F)=O)=C9CCCCCCCCCCC)=C%10N7C%13=CC=C(CCCCCC)C=C%13)S3)CCCCCCCCCCC)C%14=CC(F)=C(F)C=C%14C1=C(C#N)/C#N,12.75,CC(S1)=CC=C1C2=C3C(C(C4=C(SC(CC(CC)CCCC)=C4C3=O)CC(CCCC)CC)=O)=C(S2)C(S5)=CC=C5C6=CC7=C(C8=CC(Cl)=C(CCCCCOC)C8)C9=C(C=C(S9)C)C(C%10=CC(Cl)=C(CCCCCOC)C%10)=C7S6||O=C(C/1=C\C2=C(C3=C(S2)C(N4C5=CC=C(CCCCCC)C=C5)=C(C6=C4C7=C(C8=NSN=C68)C(SC9=C%10SC(/C=C%11C(C%12=CC(F)=C(C=C%12C\%11=C(C#N)/C#N)F)=O)=C9CCCCCCCCCCC)=C%10N7C%13=CC=C(CCCCCC)C=C%13)S3)CCCCCCCCCCC)C%14=CC(F)=C(F)C=C%14C1=C(C#N)/C#N,9a89199ea3ac1e740e66d410b07c5f3d22d5c5b4dbd5b0e90fabe971a52615b4,3bc5e962960694d5a8c90d751d3f10c939059169c6882aed8bdcfb92d36d6776,29106d22ce7c602efef1d9a26852e1cf3956dc9dcafc92ead0e1aa4b8da31500,22ac8ff49f28f9ee27c634c9e7568072a6982f50d9acc157c7d273707828c593,d34084bb0a84d0b018b569c220b05ed0a3c3cf80c408278e61c79583b6713117,179,168,961,97
107,12.710000038146973,10.294034957885742,-2.4159650802612305,2.4159650802612305,5.836887269041654,19.00837980338402,in-house,118,O=C(C1=C(CC(CCCC)CC)SC(CC(CCCC)CC)=C12)C3=C(C4=CC=CS4)SC(C(S5)=CC=C5C6=CC7=C(C8=CC=C(CC(CCCC)CCCCCC)C=C8)C(SC=C9)=C9C(C%10=CC=C(CC(CCCCCC)CCCC)C=C%10)=C7S6)=C3C2=O,O=C1C(/C(C2=C1C=CC(F)=C2)=C(C#N)\C#N)=C\C3=CC=C(S3)C4=CC5=C(C(C=C6C(C7=CC=C(CCCCCC)C=C7)(C8=CC=C(CCCCCC)C=C8)C9=C(SC%10=C9SC(/C=C%11C(C%12=C(C=C(F)C=C%12)C\%11=C(C#N)/C#N)=O)=C%10)C6=C%13)=C%13C5(C%14=CC=C(C=C%14)CCCCCC)C%15=CC=C(CCCCCC)C=C%15)S4,12.71,O=C(C1=C(CC(CCCC)CC)SC(CC(CCCC)CC)=C12)C3=C(C4=CC=CS4)SC(C(S5)=CC=C5C6=CC7=C(C8=CC=C(CC(CCCC)CCCCCC)C=C8)C(SC=C9)=C9C(C%10=CC=C(CC(CCCCCC)CCCC)C=C%10)=C7S6)=C3C2=O||O=C1C(/C(C2=C1C=CC(F)=C2)=C(C#N)\C#N)=C\C3=CC=C(S3)C4=CC5=C(C(C=C6C(C7=CC=C(CCCCCC)C=C7)(C8=CC=C(CCCCCC)C=C8)C9=C(SC%10=C9SC(/C=C%11C(C%12=C(C=C(F)C=C%12)C\%11=C(C#N)/C#N)=O)=C%10)C6=C%13)=C%13C5(C%14=CC=C(C=C%14)CCCCCC)C%15=CC=C(CCCCCC)C=C%15)S4,826e531b71e4c0ef06b575364b50a339b3da70c19584a5cd5231c22bd6d85201,faac020d378eab76dec21c8d4b3954cb56230c3c8f5db33f405e1e903548dad1,9dccc0cbc324ce2d633461ad5806f09b2807c3da4572f80a8e20898059a47ee2,d3e0cf1cdc64642e86d357d7d80bffd044cc604eb838d9649287b1d3e21531ac,d4231dacc77eddbd3f8e4fd0082b93fb007d71f109d2abc299f3ef3c88a46575,721,977,965,99
110,12.649999618530272,10.582298278808594,-2.067701339721678,2.067701339721678,4.275388830286822,16.345465629048864,in-house,121,O=C1C2=C(CC(CC)CCCC)SC(CC(CC)CCCC)=C2C(C3=C(C4=CC=C(C5=CC(C(C6=CC(F)=C(CC(CC)CCCC)S6)=C(SC=C7)C7=C8C9=CC(F)=C(CC(CC)CCCC)S9)=C8S5)S4)SC(C%10=CC=CS%10)=C31)=O,O=C1C2=C(C=CC(F)=C2)C(/C1=C/C(S3)=CC4=C3C(S5)=C(C4(C6=CC=C(CCCCCC)C=C6)C7=CC=C(CCCCCC)C=C7)C(C5=C8C9=CC(SC(CCC(CCCC)CC)=C%10)=C%10S9)=C(C%11=CC(SC(CC(CC)CCCC)=C%12)=C%12S%11)C%13=C8C(C%14(C%15=CC=C(CCCCCC)C=C%15)C%16=CC=CC(CCCCCC)=C%16)=C(S%13)C(S%17)=C%14C=C%17/C=C%18/C(C%19=C(C%18=O)C=C(F)C=C%19)=C(C#N)\C#N)=C(C#N)\C#N,12.65,O=C1C2=C(CC(CC)CCCC)SC(CC(CC)CCCC)=C2C(C3=C(C4=CC=C(C5=CC(C(C6=CC(F)=C(CC(CC)CCCC)S6)=C(SC=C7)C7=C8C9=CC(F)=C(CC(CC)CCCC)S9)=C8S5)S4)SC(C%10=CC=CS%10)=C31)=O||O=C1C2=C(C=CC(F)=C2)C(/C1=C/C(S3)=CC4=C3C(S5)=C(C4(C6=CC=C(CCCCCC)C=C6)C7=CC=C(CCCCCC)C=C7)C(C5=C8C9=CC(SC(CCC(CCCC)CC)=C%10)=C%10S9)=C(C%11=CC(SC(CC(CC)CCCC)=C%12)=C%12S%11)C%13=C8C(C%14(C%15=CC=C(CCCCCC)C=C%15)C%16=CC=CC(CCCCCC)=C%16)=C(S%13)C(S%17)=C%14C=C%17/C=C%18/C(C%19=C(C%18=O)C=C(F)C=C%19)=C(C#N)\C#N)=C(C#N)\C#N,65482d735aa1f382b817dd8d95b1689b39b0b3c26138949c2680844f1b1f5ea0,cb7182af9b7778ae44f8fb9b7052f133fd2105b33b593edebb6a6cd2fd975826,a26eeaa14f1d8ec25aa8a91535ca789a9be764722b008ea154077f611ab37918,d8be52d1f1159b3678cda8020aadfcb7e6ce3455e3d593ea4b43744796c676a2,82c9487a0f43feeec9715a15531b10094a56c184b035af30e9211030fac67b5a,755,1003,595,102
112,12.619999885559082,9.966678619384766,-2.6533212661743164,2.6533212661743164,7.040113741532878,21.024732886174434,in-house,123,O=C(C1=C(CCC(CCCC)CC)SC(CCC(CC)CCCC)=C1C2=O)C(C2=C(C3)C(C4)=CC=C4C5=CC6=C(C(C7=CC=C(CCC(CCCC)CC)S7)=C8C=CSC8=C6C9=CC=C(CCC(CCCC)CC)S9)S5)=C3C%10=CC=CS%10,O=C(C(C=C(C(F)=C1)F)=C1C/2=C(C#N)\C#N)C2=C/C(S3)=CC=C3C(SC4=C5C(C6=CC=C(CCCCCC)C=C6)(C7=CC=C(CCCCCC)C=C7)C(C4=C8)=CC9=C8C(C%10=CC=C(CCCCCC)C=C%10)(C%11=CC=C(CCCCCC)C=C%11)C%12=C9SC(C%13=CC=C(S%13)/C=C%14C(C(C=C(C(F)=C%15)F)=C%15C\%14=C(C#N)\C#N)=O)=C%12OCCCCCCCC)=C5OCCCCCCCC,12.62,O=C(C1=C(CCC(CCCC)CC)SC(CCC(CC)CCCC)=C1C2=O)C(C2=C(C3)C(C4)=CC=C4C5=CC6=C(C(C7=CC=C(CCC(CCCC)CC)S7)=C8C=CSC8=C6C9=CC=C(CCC(CCCC)CC)S9)S5)=C3C%10=CC=CS%10||O=C(C(C=C(C(F)=C1)F)=C1C/2=C(C#N)\C#N)C2=C/C(S3)=CC=C3C(SC4=C5C(C6=CC=C(CCCCCC)C=C6)(C7=CC=C(CCCCCC)C=C7)C(C4=C8)=CC9=C8C(C%10=CC=C(CCCCCC)C=C%10)(C%11=CC=C(CCCCCC)C=C%11)C%12=C9SC(C%13=CC=C(S%13)/C=C%14C(C(C=C(C(F)=C%15)F)=C%15C\%14=C(C#N)\C#N)=O)=C%12OCCCCCCCC)=C5OCCCCCCCC,6f31f3770fd225e382586e20513744e11a328b7cc74c758d48628417c600a02b,7fd7152960d461aad0cae81dada91b334edc13b9e13eddb9762ee0fed754b055,5ab55cb46b8f0ff467a7b39d3d468ce04f501ac8b46417a9cf6f45a75fb6ec8c,dde96b481487fb8ccb9f3ddcf54d87fd36fcba3367bce75a4d63aa07d011987c,79e42a8eb5e9574f8c288cd151d700a23a39711b44d680b97b0ebbd6adfc9762,410,1020,549,96
113,12.600000381469728,11.332244873046877,-1.2677555084228516,1.2677555084228516,1.6072040291364829,10.061551349532373,in-house,124,O=C1C2=C(CC(CC)CCCC)SC(CC(CC)CCCC)=C2C(C3=C(C4=CC=C(C5=CC(C(C6=CC(F)=C(CC(CC)CCCC)S6)=C(SC=C7)C7=C8C9=CC(F)=C(CC(CC)CCCC)S9)=C8S5)S4)SC(C%10=CC=CS%10)=C31)=O,O=C(C1=C(C=C(Cl)C(Cl)=C1)C/2=C(C#N)\C#N)C2=C/C3=CC4=C(C5=C(C(C6=CC=C(CCCCCC)C=C6)4C7=CC=C(CCCCCC)C=C7)C8=C(S5)C(C9=CC=C(CCCCCC)C=C9)=C%10C(C(C%11=CC=C(CCCCCC)C=C%11)(C%12=C%13SC(/C=C%14C(C%15=C(C=C(Cl)C(Cl)=C%15)C\%14=C(C#N)\C#N)=O)=C%12)C%16=CC=C(CCCCCC)C=C%16)=C%13SC%10=C8[O]CCCCCCCC)S3,12.6,O=C1C2=C(CC(CC)CCCC)SC(CC(CC)CCCC)=C2C(C3=C(C4=CC=C(C5=CC(C(C6=CC(F)=C(CC(CC)CCCC)S6)=C(SC=C7)C7=C8C9=CC(F)=C(CC(CC)CCCC)S9)=C8S5)S4)SC(C%10=CC=CS%10)=C31)=O||O=C(C1=C(C=C(Cl)C(Cl)=C1)C/2=C(C#N)\C#N)C2=C/C3=CC4=C(C5=C(C(C6=CC=C(CCCCCC)C=C6)4C7=CC=C(CCCCCC)C=C7)C8=C(S5)C(C9=CC=C(CCCCCC)C=C9)=C%10C(C(C%11=CC=C(CCCCCC)C=C%11)(C%12=C%13SC(/C=C%14C(C%15=C(C=C(Cl)C(Cl)=C%15)C\%14=C(C#N)\C#N)=O)=C%12)C%16=CC=C(CCCCCC)C=C%16)=C%13SC%10=C8[O]CCCCCCCC)S3,65482d735aa1f382b817dd8d95b1689b39b0b3c26138949c2680844f1b1f5ea0,51ce1abe8c33e07072e1cec8fac6b15ae9df2e9bab5a669b29b0ff89000aabef,599d44bb8ed0128434dd7c1a91a37245dd9e52e56e8f709a905dcd8eaa509e8e,634b2f08070b011d9bb3ab3ef81085def109ef3b202017231fd8265528e550fa,2f55eb19281d68c2fa4c5b3670a47d9d10ffbf34fa8f46bb31b1cfac8ae384fd,406,470,214,104
117,12.529999732971191,11.290578842163086,-1.2394208908081055,1.2394208908081055,1.5361641445715577,9.891627431936156,in-house,128,O=C1C2=C(CC(CC)CCCC)SC(CC(CC)CCCC)=C2C(C3=C(C4=CC=C(C5=CC(C(C6=CC(F)=C(CC(CC)CCCC)S6)=C(SC=C7)C7=C8C9=CC(F)=C(CC(CC)CCCC)S9)=C8S5)S4)SC(C%10=CC=CS%10)=C31)=O,FC1=CC(C(/C2=C/C3=C(CCCCCCCCCCCC)C4=C(S3)C(C(C5=CC=C(CCCCCC)C=C5)(C6=CC=C(CCCCCC)C=C6)C(C7=C8C)=C9SC7=CC%10=C8SC%11=C%10[C@](C%12=CC=C(CCCCCC)C=C%12)(C%13=C%11SC%14=C%13SC(/C=C%15/C(C%16=C(C%15=O)C=C(F)C(F)=C%16)=C(C#N)\[N+]#[C-])=C%14CCCCCCCCCCCC)C)=C9S4)=C(C#N)/C#N)=C(C2=O)C=C1F,12.53,O=C1C2=C(CC(CC)CCCC)SC(CC(CC)CCCC)=C2C(C3=C(C4=CC=C(C5=CC(C(C6=CC(F)=C(CC(CC)CCCC)S6)=C(SC=C7)C7=C8C9=CC(F)=C(CC(CC)CCCC)S9)=C8S5)S4)SC(C%10=CC=CS%10)=C31)=O||FC1=CC(C(/C2=C/C3=C(CCCCCCCCCCCC)C4=C(S3)C(C(C5=CC=C(CCCCCC)C=C5)(C6=CC=C(CCCCCC)C=C6)C(C7=C8C)=C9SC7=CC%10=C8SC%11=C%10[C@](C%12=CC=C(CCCCCC)C=C%12)(C%13=C%11SC%14=C%13SC(/C=C%15/C(C%16=C(C%15=O)C=C(F)C(F)=C%16)=C(C#N)\[N+]#[C-])=C%14CCCCCCCCCCCC)C)=C9S4)=C(C#N)/C#N)=C(C2=O)C=C1F,65482d735aa1f382b817dd8d95b1689b39b0b3c26138949c2680844f1b1f5ea0,116596b3c0bf5392305dd7a9038cea9b7842a248ef0ff307a76793926dc41fde,b22cef58ec7cfac39705fe113999e5f0d7ccd8ddb0529e74aa7c5d95b01ae27e,ccadeab06fe0d22661c54cf46f26ab11bac8ab9ae86b5968982b866f28f40ae8,cbf0f12d5ec0c3cb2d107a991a82bf9dbbcd62a7c76f6730cd02747073721746,827,942,936,36
118,12.529999732971191,10.817261695861816,-1.712738037109375,1.712738037109375,2.933471583761275,13.669098751873953,in-house,129,FC1=C(F)C=C(N=C(OCC(CCCCCC)CCCCCCCC)C=N2)C2=C1C3=CC=CS3,O=C(C1=C2C=C(F)C(F)=C1)C(/C2=C(C#N)\C#N)=C\C3=CC(SC4=C5C(C6=CC=CC(CCCCCC)=C6)(C7=CC(CCCCCC)=CC=C7)C8=C4C=C9C(C%10=CC=CC(CCCCCC)=C%10)(C%11=CC=CC(CCCCCC)=C%11)C%12=C(SC%13=C%12SC(/C=C(/C%14=C(C#N)\C#N)C(C%15=C%14C=C(F)C(F)=C%15)=O)=C%13)C9=C8)=C5S3,12.53,FC1=C(F)C=C(N=C(OCC(CCCCCC)CCCCCCCC)C=N2)C2=C1C3=CC=CS3||O=C(C1=C2C=C(F)C(F)=C1)C(/C2=C(C#N)\C#N)=C\C3=CC(SC4=C5C(C6=CC=CC(CCCCCC)=C6)(C7=CC(CCCCCC)=CC=C7)C8=C4C=C9C(C%10=CC=CC(CCCCCC)=C%10)(C%11=CC=CC(CCCCCC)=C%11)C%12=C(SC%13=C%12SC(/C=C(/C%14=C(C#N)\C#N)C(C%15=C%14C=C(F)C(F)=C%15)=O)=C%13)C9=C8)=C5S3,6d0ebf843ec88894476605165efae2bf8fd910afe87a5868bc4b56e85a61a93d,a40eb4a7ac36c39fcab1222b3f3382a58e3de952475368cbbe02d739721dde9c,1628c79ac017215f7c207440309635c92844a424d45536221801d2a641717ed4,96e7b37014183a2bfd5a50ae94b5603831495cd7d17130949b8b5135d9f8a922,9cf59d63b555e4b286a6b7677f359810e8e397bca3f218a556375b142bdd3da5,102,704,714,108
122,12.5,11.637044906616213,-0.8629550933837873,0.8629550933837873,0.744691493197021,6.903640747070298,in-house,133,O=C1C2=C(CC(CC)CCCC)SC(CC(CC)CCCC)=C2C(C3=C(C4=CC=C(C5=CC(C(C6=CC(F)=C(CC(CC)CCCC)S6)=C(SC=C7)C7=C8C9=CC(F)=C(CC(CC)CCCC)S9)=C8S5)S4)SC(C%10=CC=CS%10)=C31)=O,O=C(C1=CC=C(Cl)C=C1C/2=C(C#N)/C#N)C2=C/C3=CC4=C(S3)C5=CC6=C(C=C5C4(CCCCCCCC)CCCCCCCC)C7=C(C=C8C9=C(C=C(S9)/C=C%10C(C%11=CC=C(Cl)C=C%11C\%10=C(C#N)/C#N)=O)C(CCCCCCCC)(CCCCCCCC)C8=C7)C(CCCCCCCC)6CCCCCCCC,12.5,O=C1C2=C(CC(CC)CCCC)SC(CC(CC)CCCC)=C2C(C3=C(C4=CC=C(C5=CC(C(C6=CC(F)=C(CC(CC)CCCC)S6)=C(SC=C7)C7=C8C9=CC(F)=C(CC(CC)CCCC)S9)=C8S5)S4)SC(C%10=CC=CS%10)=C31)=O||O=C(C1=CC=C(Cl)C=C1C/2=C(C#N)/C#N)C2=C/C3=CC4=C(S3)C5=CC6=C(C=C5C4(CCCCCCCC)CCCCCCCC)C7=C(C=C8C9=C(C=C(S9)/C=C%10C(C%11=CC=C(Cl)C=C%11C\%10=C(C#N)/C#N)=O)C(CCCCCCCC)(CCCCCCCC)C8=C7)C(CCCCCCCC)6CCCCCCCC,65482d735aa1f382b817dd8d95b1689b39b0b3c26138949c2680844f1b1f5ea0,b3e40ff429e054dc684a6361009cc39219423b0b1a0291f248d2d008df89e511,5edf37839fd3ba3d2bf06a00ffe93badb0e14113c180b3d86dac50539169d0ff,948d6edd8f9772026e912cd5e25f104a9888d924915ec46eccb19e9388fe12d6,a6de1f197b4f9364a56b7240e0de5bf8479bb83956ed141f8e0deec2471eb5cc,426,697,768,112
125,12.460000038146973,12.622881889343262,0.16288185119628906,0.16288185119628906,0.026530497449130053,1.3072379670755807,in-house,136,CC(S1)=CC=C1C2=C3C(C(C4=C(SC(CC(CC)CCCC)=C4C3=O)CC(CCCC)CC)=O)=C(S2)C(S5)=CC=C5C6=CC7=C(C8=CC(Cl)=C(CCCCCC9=CC=C(CCCCCC)S9)C8)C%10=C(C=C(S%10)C)C(C%11=CC(Cl)=C(CCCCCC%12=CC=C(CCCCCC)S%12)C%11)=C7S6,O=C(C/1=C\C2=C(C3=C(S2)C(N4C5=CC=C(CCCCCC)C=C5)=C(C6=C4C7=C(C8=NSN=C68)C(SC9=C%10SC(/C=C%11C(C%12=CC(F)=C(C=C%12C\%11=C(C#N)/C#N)F)=O)=C9CCCCCCCCCCC)=C%10N7C%13=CC=C(CCCCCC)C=C%13)S3)CCCCCCCCCCC)C%14=CC(F)=C(F)C=C%14C1=C(C#N)/C#N,12.46,CC(S1)=CC=C1C2=C3C(C(C4=C(SC(CC(CC)CCCC)=C4C3=O)CC(CCCC)CC)=O)=C(S2)C(S5)=CC=C5C6=CC7=C(C8=CC(Cl)=C(CCCCCC9=CC=C(CCCCCC)S9)C8)C%10=C(C=C(S%10)C)C(C%11=CC(Cl)=C(CCCCCC%12=CC=C(CCCCCC)S%12)C%11)=C7S6||O=C(C/1=C\C2=C(C3=C(S2)C(N4C5=CC=C(CCCCCC)C=C5)=C(C6=C4C7=C(C8=NSN=C68)C(SC9=C%10SC(/C=C%11C(C%12=CC(F)=C(C=C%12C\%11=C(C#N)/C#N)F)=O)=C9CCCCCCCCCCC)=C%10N7C%13=CC=C(CCCCCC)C=C%13)S3)CCCCCCCCCCC)C%14=CC(F)=C(F)C=C%14C1=C(C#N)/C#N,d47d7da4f0d058cb918a767d5d9d3792664c601386ff36b57ceae709acbf75f2,3bc5e962960694d5a8c90d751d3f10c939059169c6882aed8bdcfb92d36d6776,bcbb7c992605339d1555871c39daa8c74f115844fbf2fe4738ff87f817cbaf7e,4de0b11b53ad5e9090e7d1cb77394e8499fe969542c472056fdaf8b447de098e,4fc3cc72ef0cdafcf540b84d85ea0036fa66a3f245a706c7aa8fcb801a396cfc,899,368,351,115
133,12.329999923706056,10.397579193115234,-1.932420730590822,1.932420730590822,3.7342498800171664,15.672512105012162,in-house,144,FC(C(OCC(CCCCCC)CCCCCCCC)=C(C1=NSN=C21)C3=CC=C(S3)C4=CC5=C(C6=C(C(C7=CC=C(S7)CC(CCCC)CC)=C5S4)C=C(C)S6)C8=CC=C(S8)CC(CC)CCCC)=C2C9=CC=C(C)S9,O=C(C1=C(C=C(F)C(F)=C1)C/2=C(C#N)\C#N)C2=C/C(S3)=C(OCCCCCC)C=C3C4=CC(C5(C6=CC=C(C=C6)CCCCCC)C7=CC=C(CCCCCC)C=C7)=C(C(C=C8C9(C%10=CC=C(CCCCCC)C=C%10)C%11=CC=C(CCCCCC)C=C%11)=C5C=C8C%12=C9C=C(C%13=CC(OCCCCCC)=C(S%13)/C=C%14C(C%15=C(C=C(F)C(F)=C%15)C\%14=C(C#N)\C#N)=O)S%12)S4,12.33,FC(C(OCC(CCCCCC)CCCCCCCC)=C(C1=NSN=C21)C3=CC=C(S3)C4=CC5=C(C6=C(C(C7=CC=C(S7)CC(CCCC)CC)=C5S4)C=C(C)S6)C8=CC=C(S8)CC(CC)CCCC)=C2C9=CC=C(C)S9||O=C(C1=C(C=C(F)C(F)=C1)C/2=C(C#N)\C#N)C2=C/C(S3)=C(OCCCCCC)C=C3C4=CC(C5(C6=CC=C(C=C6)CCCCCC)C7=CC=C(CCCCCC)C=C7)=C(C(C=C8C9(C%10=CC=C(CCCCCC)C=C%10)C%11=CC=C(CCCCCC)C=C%11)=C5C=C8C%12=C9C=C(C%13=CC(OCCCCCC)=C(S%13)/C=C%14C(C%15=C(C=C(F)C(F)=C%15)C\%14=C(C#N)\C#N)=O)S%12)S4,24d3b6c278d224ca08137e08291886ccaa368c83f90ad2b57be3ad85da1304f1,05a55d032efa360e1edf2f644a1966bec2ba8711fd8960fb2a76f01cea375031,0a066b8b949a8b8f41600876949641ca077993a12335e5d6cb3c49b17214f89f,ef4586f3c8e23eff04502b2e94ccbcd789f43646b380f69b6aaf80145baf5d6c,25c36d651300c78a4b22bb7dc0b8f5c3afe961bdb24163e8b16556f27ce3268f,43,1112,155,123
138,12.25,10.999807357788086,-1.250192642211914,1.250192642211914,1.562981642640807,10.205654222138074,in-house,150,FC(C=C(C1=C2SC=CC2=C(C3=CC(F)=C(CC(CCCC)CC)S3)C4=C1C=C(C5=CC=C(C6=C(C(C(C7=C(CC(CCCC)CC)SC(CC(CC)CCCC)=C78)=O)=C(C9=CC=CC9)S6)C8=O)S5)S4)S%10)=C%10CC(CC)CCCC,O=C1C(/C(C2=CC=C(Cl)C=C21)=C(C#N)/C#N)=C\C3=CC4=C(C5=C(S4)C(C(C(C6=CC=C(C=C6)CCCCCC)5C7=CC=C(CCCCCC)C=C7)=C8)=CC9=C8C%10=C(C(C%11=CC=C(CCCCCC)C=C%11)9C%12=CC=C(CCCCCC)C=C%12)C(S%13)=C(S%10)C=C%13/C=C%14/C(C%15=CSC=C%15C%14=O)=C(C#N)/C#N)S3,12.25,FC(C=C(C1=C2SC=CC2=C(C3=CC(F)=C(CC(CCCC)CC)S3)C4=C1C=C(C5=CC=C(C6=C(C(C(C7=C(CC(CCCC)CC)SC(CC(CC)CCCC)=C78)=O)=C(C9=CC=CC9)S6)C8=O)S5)S4)S%10)=C%10CC(CC)CCCC||O=C1C(/C(C2=CC=C(Cl)C=C21)=C(C#N)/C#N)=C\C3=CC4=C(C5=C(S4)C(C(C(C6=CC=C(C=C6)CCCCCC)5C7=CC=C(CCCCCC)C=C7)=C8)=CC9=C8C%10=C(C(C%11=CC=C(CCCCCC)C=C%11)9C%12=CC=C(CCCCCC)C=C%12)C(S%13)=C(S%10)C=C%13/C=C%14/C(C%15=CSC=C%15C%14=O)=C(C#N)/C#N)S3,61eee9608e36bdb1d3a96a3ad1baa39916f3a546e29d11481966a5a2d3d30f3c,746cb16499e6dcd5103611efd6953f1f791ce8811389cb264ff8747f1b9e48a2,4f2bb67c52ab0e620c1a26915f45d2915e87a67827103134062c470585833292,c2a164db5441b8986aaf65a9b7ab264ae6153ff6216b08a37bc4dc42d8ecb60f,0778c86e71133ab31cfc022ff279c267f872537e6c55e1d011e68eff848b908a,366,894,38,128
139,12.239999771118164,8.202178001403809,-4.0378217697143555,4.0378217697143555,16.30400464397917,32.98874056551953,in-house,151,ClC1=C(C2=CC(C(C3=CC=C(C=C3)CC(CCCCCC)CCCC)=C4SC(C)=CC4=C5C6=CC=C(C=C6)CC(CCCC)CCCCCC)=C5S2)SC(C7=C8C(C(C9=C(SC(CC(CCCC)CC)=C9C8=O)CC(CCCC)CC)=O)=C(S7)C%10=CC(Cl)=C(C)S%10)=C1,O=C(C1=CSC=C1C/2=C(C#N)\C#N)C2=C/C3=CC(SC(C(C=C4C5(C6=CC=C(C=C6)CCCCCCCC)C7=CC=C(CCCCCCCC)C=C7)=C8C=C4C9=C5C%10=C(C=C(S%10)/C=C%11C(C%12=CSC=C%12C\%11=C(C#N)\C#N)=O)S9)=C%13C8(C%14=CC=C(C=C%14)CCCCCCCC)C%15=CC=C(CCCCCCCC)C=C%15)=C%13S3,12.24,ClC1=C(C2=CC(C(C3=CC=C(C=C3)CC(CCCCCC)CCCC)=C4SC(C)=CC4=C5C6=CC=C(C=C6)CC(CCCC)CCCCCC)=C5S2)SC(C7=C8C(C(C9=C(SC(CC(CCCC)CC)=C9C8=O)CC(CCCC)CC)=O)=C(S7)C%10=CC(Cl)=C(C)S%10)=C1||O=C(C1=CSC=C1C/2=C(C#N)\C#N)C2=C/C3=CC(SC(C(C=C4C5(C6=CC=C(C=C6)CCCCCCCC)C7=CC=C(CCCCCCCC)C=C7)=C8C=C4C9=C5C%10=C(C=C(S%10)/C=C%11C(C%12=CSC=C%12C\%11=C(C#N)\C#N)=O)S9)=C%13C8(C%14=CC=C(C=C%14)CCCCCCCC)C%15=CC=C(CCCCCCCC)C=C%15)=C%13S3,69943fc8755ccfbf537d0934713510e88d5ffcde083a6c1f9f7607b7f94d1700,a3406b5e4edefe3e2c4839b86eca3cc419dcab58dd63484cd2852f990ceb7789,cbd78848a01b1f6a48abb18d6a06d9c50af6c73c8e53c5faf446df964b6263b1,173c3b0887687bdbbe9f62d2725baf1aa164719b2017316bd3c4dc94e0a4d711,16adb3ae21a6f84c5716b1ef290d75a4d4b5f1389c63c1831e51bdd22a456a4f,971,116,99,129
145,12.18000030517578,9.797979354858398,-2.382020950317381,2.382020950317381,5.674023807750919,19.556821762189635,in-house,159,O=C(C1=C(CCC(CCCC)CC)SC(CCC(CC)CCCC)=C1C2=O)C(C2=C(C3)C(C4)=CC=C4C5=CC6=C(C(C7=CC=C(CCC(CCCC)CC)S7)=C8C=CSC8=C6C9=CC=C(CCC(CCCC)CC)S9)S5)=C3C%10=CC=CS%10,c12cc3c(cc1C(c1c2sc2c1sc(c2)/C=C\1/C(=C(C#N)C#N)c2c(C1=O)cccc2)(c1ccc(cc1)CCCCCC)c1ccc(cc1)CCCCCC)c1c(C3(c2ccc(cc2)CCCCCC)c2ccc(cc2)CCCCCC)c2c(s1)cc(s2)/C=C\1/C(=C(C#N)C#N)c2c(C1=O)cccc2,12.18,O=C(C1=C(CCC(CCCC)CC)SC(CCC(CC)CCCC)=C1C2=O)C(C2=C(C3)C(C4)=CC=C4C5=CC6=C(C(C7=CC=C(CCC(CCCC)CC)S7)=C8C=CSC8=C6C9=CC=C(CCC(CCCC)CC)S9)S5)=C3C%10=CC=CS%10||c12cc3c(cc1C(c1c2sc2c1sc(c2)/C=C\1/C(=C(C#N)C#N)c2c(C1=O)cccc2)(c1ccc(cc1)CCCCCC)c1ccc(cc1)CCCCCC)c1c(C3(c2ccc(cc2)CCCCCC)c2ccc(cc2)CCCCCC)c2c(s1)cc(s2)/C=C\1/C(=C(C#N)C#N)c2c(C1=O)cccc2,6f31f3770fd225e382586e20513744e11a328b7cc74c758d48628417c600a02b,202f8607af2cecb83e86b2e4305f8c7e2852bc709bb805b9055691d46a9081c5,6e59144dfa18bf9091c64669c7869c773ce28dd7a7e136091ecbbd3e45e5a0fe,23a4b1cc1f961ec4c5cd20bcaf48419d99f024c659bd5d67f2e9e55073273857,e8122ae1b698558b61b378eff95f7e8c5b8a522eb971600d57385b49810ab002,499,176,1079,135
154,12.100000381469728,4.55260181427002,-7.547398567199708,7.547398567199708,56.963225132168205,62.37519280377876,in-house,170,FC(C(F)=C(C1=N2)C3=CC=C(S3)C4=CC5=C(C6=C(C(C7=CC(Cl)=C(S7)CC(CCCC)CC)=C5S4)C=C(C)S6)C8=CC(Cl)=C(S8)CC(CCCC)CC)=C(C9=CC=C(C)S9)C1=NN2CCC(CCCCCCCCCC)CCCCCCCC,c1(cc2c(cc1F)C(=O)/C(=C\c1cc3c(s1)c1c(s3)c3c(C1(c1ccc(cc1)CCCCCC)c1ccc(cc1)CCCCCC)cc1c(c3)C(c3c1sc1c3sc(c1)/C=C/1\C(=O)c3c(C1=C(C#N)C#N)cc(c(c3)F)F)(c1ccc(cc1)CCCCCC)c1ccc(cc1)CCCCCC)/C2=C(C#N)C#N)F,12.1,FC(C(F)=C(C1=N2)C3=CC=C(S3)C4=CC5=C(C6=C(C(C7=CC(Cl)=C(S7)CC(CCCC)CC)=C5S4)C=C(C)S6)C8=CC(Cl)=C(S8)CC(CCCC)CC)=C(C9=CC=C(C)S9)C1=NN2CCC(CCCCCCCCCC)CCCCCCCC||c1(cc2c(cc1F)C(=O)/C(=C\c1cc3c(s1)c1c(s3)c3c(C1(c1ccc(cc1)CCCCCC)c1ccc(cc1)CCCCCC)cc1c(c3)C(c3c1sc1c3sc(c1)/C=C/1\C(=O)c3c(C1=C(C#N)C#N)cc(c(c3)F)F)(c1ccc(cc1)CCCCCC)c1ccc(cc1)CCCCCC)/C2=C(C#N)C#N)F,b24b4e9aa4a16946a0c7c88634b4e17dcd8edc4c5829fff92fa8d0153f9bda5f,69e17d1724b4236f68d0c6efb6ad16969f13f8980d301d0056747038b20f0c8d,28b55f5b9f85e9c457287eafcce22d5755dbbc6d3f6b8927bf44384b8f6fd36f,ecc17bfcc47bd3721f3f4df6b8e0ab02efd80bdc3d7e6cb188e9d92d7079ff63,21dbce05cc4c37297a77239175630beee17579749b12c60d59373610bafa1107,175,1095,138,144
155,12.100000381469728,9.72117519378662,-2.378825187683109,2.378825187683109,5.658809273555579,19.659711675101324,in-house,171,FC(C(F)=C(C1=NN(N=C21)CCC(CCCC)CCCCCC)C3=CC=C(S3)C)=C2C(S4)=CC=C4C5=CC(C(CCCC(CCCCCC)CCCC)=C6SC(C)=CC6=C7CCCC(CCCC)CCCCCC)=C7S5,O=C(C1=C(C=CC(F)=C1)C/2=C(C#N)\C#N)C2=C/C3=CC4=C(C(C5(C6=CC=C(S6)CCCCCC)C(S7)=CC=C7CCCCCC)=C(C(C=C8C9(C%10=CC=C(S%10)CCCCCC)C%11=CC=C(S%11)CCCCCC)=C5C=C8C%12=C9C%13=C(C=C(S%13)/C=C%14C(C%15=C(C=CC(F)=C%15)C\%14=C(C#N)\C#N)=O)S%12)S4)S3,12.1,FC(C(F)=C(C1=NN(N=C21)CCC(CCCC)CCCCCC)C3=CC=C(S3)C)=C2C(S4)=CC=C4C5=CC(C(CCCC(CCCCCC)CCCC)=C6SC(C)=CC6=C7CCCC(CCCC)CCCCCC)=C7S5||O=C(C1=C(C=CC(F)=C1)C/2=C(C#N)\C#N)C2=C/C3=CC4=C(C(C5(C6=CC=C(S6)CCCCCC)C(S7)=CC=C7CCCCCC)=C(C(C=C8C9(C%10=CC=C(S%10)CCCCCC)C%11=CC=C(S%11)CCCCCC)=C5C=C8C%12=C9C%13=C(C=C(S%13)/C=C%14C(C%15=C(C=CC(F)=C%15)C\%14=C(C#N)\C#N)=O)S%12)S4)S3,45e95ea37da5bc3e18f2c067cb95f73c851335176098d8fca22fcb29952b2779,7bfd69f27d6b0351dc30d0a0759e92f60141f7c70bda35cd3ee2c2b4e0155935,8439d21537f625593e72dc0b03facd62879fc938b01360ed3ae4848526bb5a3e,6bf40a3e188b66cae50f5eb36dc1ab08ab81a5515c7d9527e4c06842d99308b2,d4b64e34aa113163de951e4e89fcae524e30e1b8a237f1cb09a1da539c75aae9,604,524,973,145
159,12.06999969482422,9.343963623046877,-2.7260360717773438,2.7260360717773438,7.431272664631251,22.585220718326156,in-house,175,O=C(C1=C(CCC(CCCC)CC)SC(CCC(CC)CCCC)=C1C2=O)C(C2=C(C3)C(C4)=CC=C4C5=CC6=C(C(C7=CC=C(CCC(CCCC)CC)S7)=C8C=CSC8=C6C9=CC=C(CCC(CCCC)CC)S9)S5)=C3C%10=CC=CS%10,O=C(C(C=CC=C1)=C1C/2=C(C#N)\C#N)C2=C/C3=CC4=C(C5=C(S4)C6=C(C(C7=CC=C(CCCCCC)C=C7)5C8=CC=C(CCCCCC)C=C8)C=C(C9=C(C(C%10=CC=C(C=C%10)CCCCCC)%11C%12=CC=C(C=C%12)CCCCCC)C(S%13)=C(S9)C=C%13/C=C(C%14=O)/C(C(C=C%15OC)=C%14C=C%15OC)=C(C#N)\C#N)C%11=C6)S3,12.07,O=C(C1=C(CCC(CCCC)CC)SC(CCC(CC)CCCC)=C1C2=O)C(C2=C(C3)C(C4)=CC=C4C5=CC6=C(C(C7=CC=C(CCC(CCCC)CC)S7)=C8C=CSC8=C6C9=CC=C(CCC(CCCC)CC)S9)S5)=C3C%10=CC=CS%10||O=C(C(C=CC=C1)=C1C/2=C(C#N)\C#N)C2=C/C3=CC4=C(C5=C(S4)C6=C(C(C7=CC=C(CCCCCC)C=C7)5C8=CC=C(CCCCCC)C=C8)C=C(C9=C(C(C%10=CC=C(C=C%10)CCCCCC)%11C%12=CC=C(C=C%12)CCCCCC)C(S%13)=C(S9)C=C%13/C=C(C%14=O)/C(C(C=C%15OC)=C%14C=C%15OC)=C(C#N)\C#N)C%11=C6)S3,6f31f3770fd225e382586e20513744e11a328b7cc74c758d48628417c600a02b,8726e834581d20b8d3fed5716de664f1fa1c0e0dd81a7d6e4958ce75eba92d80,803b9635ee93c831861d67f50cd50931a07e98713d44f4471fc6b3c7afaf63c3,9fd80e66667d909536d05c8fafbb85c7406da2272ac0ac4760c66b4daa5e7f3d,00f6699231feeb50d70bfc979e442a7fd8336e33e940f969e0d97eb40a19b3cb,586,748,4,149
163,12.050000190734863,11.120583534240724,-0.9294166564941388,0.9294166564941388,0.8638153213687441,7.713001176620386,in-house,179,O=C(C1=C(CC(CCCC)CC)SC(CC(CCCC)CC)=C12)C3=C(C4=CC=CS4)SC(C(S5)=CC=C5C6=CC7=C(C8=CC=C(CC(CCCC)CCCCCC)C=C8)C(SC=C9)=C9C(C%10=CC=C(CC(CCCCCC)CCCC)C=C%10)=C7S6)=C3C2=O,O=C1C(/C(C2=C1C=C(F)C(F)=C2)=C(C#N)/C#N)=C\C3=CC4=C(S3)C(C(C5=CC=C(CCCCCC)C=C5)(C6=CC7=C(C(C8=CC=C(CCCCCC)C=C8)(C9=C7SC%10=C9SC%11=C%10SC(/C=C%12C(C(C=C(F)C(F)=C%13)=C%13C\%12=C(C#N)\C#N)=O)=C%11)C%14=CC=C(CCCCCC)C=C%14)C=C6%15)C%16=CC=C(CCCCCC)C=C%16)=C%15S4,12.05,O=C(C1=C(CC(CCCC)CC)SC(CC(CCCC)CC)=C12)C3=C(C4=CC=CS4)SC(C(S5)=CC=C5C6=CC7=C(C8=CC=C(CC(CCCC)CCCCCC)C=C8)C(SC=C9)=C9C(C%10=CC=C(CC(CCCCCC)CCCC)C=C%10)=C7S6)=C3C2=O||O=C1C(/C(C2=C1C=C(F)C(F)=C2)=C(C#N)/C#N)=C\C3=CC4=C(S3)C(C(C5=CC=C(CCCCCC)C=C5)(C6=CC7=C(C(C8=CC=C(CCCCCC)C=C8)(C9=C7SC%10=C9SC%11=C%10SC(/C=C%12C(C(C=C(F)C(F)=C%13)=C%13C\%12=C(C#N)\C#N)=O)=C%11)C%14=CC=C(CCCCCC)C=C%14)C=C6%15)C%16=CC=C(CCCCCC)C=C%16)=C%15S4,826e531b71e4c0ef06b575364b50a339b3da70c19584a5cd5231c22bd6d85201,132c1283d735deec68066958536132894af7531d023de53166a6731adbe26e7f,f4eea236b4f4401677784edc0cdffe5212048cb6a619564798bff3709994f7d0,f0d2434ef0bba0043271a81dc231b32d973374a71d25a8715eac58305aa864e7,5496d12ac2ecd696be9cca93874b59fe28aa6c212baa22f97b2da53452890aac,1147,1120,380,153
167,12.020000457763672,11.29005241394043,-0.7299480438232422,0.7299480438232422,0.5328241466813779,6.072778835476429,in-house,183,CC1=C(F)C=C(S1)C2=C3C=C(SC3=C(C4=C2SC(C5=CC=C(S5)C6=C(C(F)=C(C(N=C7C8=CC=CC(OCCCCCCCC)=C8)=C6N=C7C9=CC=CC(OCCCCCCCC)=C9)C%10=CC=C(C)S%10)F)=C4)C%11=CC(F)=C(S%11)C)C,O=C(C/1=C\C2=C(C3=C(S2)C(N4C5=CC=C(CCCCCC)C=C5)=C(C6=C4C7=C(C8=NSN=C68)C(SC9=C%10SC(/C=C%11C(C%12=CC(F)=C(C=C%12C\%11=C(C#N)/C#N)F)=O)=C9CCCCCCCCCCC)=C%10N7C%13=CC=C(CCCCCC)C=C%13)S3)CCCCCCCCCCC)C%14=CC(F)=C(F)C=C%14C1=C(C#N)/C#N,12.02,CC1=C(F)C=C(S1)C2=C3C=C(SC3=C(C4=C2SC(C5=CC=C(S5)C6=C(C(F)=C(C(N=C7C8=CC=CC(OCCCCCCCC)=C8)=C6N=C7C9=CC=CC(OCCCCCCCC)=C9)C%10=CC=C(C)S%10)F)=C4)C%11=CC(F)=C(S%11)C)C||O=C(C/1=C\C2=C(C3=C(S2)C(N4C5=CC=C(CCCCCC)C=C5)=C(C6=C4C7=C(C8=NSN=C68)C(SC9=C%10SC(/C=C%11C(C%12=CC(F)=C(C=C%12C\%11=C(C#N)/C#N)F)=O)=C9CCCCCCCCCCC)=C%10N7C%13=CC=C(CCCCCC)C=C%13)S3)CCCCCCCCCCC)C%14=CC(F)=C(F)C=C%14C1=C(C#N)/C#N,a34a1dafe7b3c6d66491950f892e8ca24375c2bb07400aa9ecf7dfe9f9e82581,3bc5e962960694d5a8c90d751d3f10c939059169c6882aed8bdcfb92d36d6776,07b706956c0b24bc701c0df612b9e5a5f8eefe39420be37d62e68d6300a8b4ac,ec0eea871d2660661668bf82f17af5e1cc2cda121243fedcd8a90854d2626d49,66816da5c61ecef624f63e6ed3afa5e807cea54a0a49c1b5bc253c6a715c28f3,30,1091,464,156
169,11.920000076293944,10.648903846740724,-1.271096229553219,1.271096229553219,1.6156856247844098,10.663558904509811,in-house,187,O=C(C1=C(CCC(CCCC)CC)SC(CCC(CC)CCCC)=C1C2=O)C(C2=C(C3)C(C4)=CC=C4C5=CC6=C(C(C7=CC=C(CCC(CCCC)CC)S7)=C8C=CSC8=C6C9=CC=C(CCC(CCCC)CC)S9)S5)=C3C%10=CC=CS%10,O=C(C1=C(C/2=C(C#N)\C#N)C=C(F)C(F)=C1)C2=C/C3=C(CCCCCC)C=C(C4=CC(C(C5=CC=C(C=C5)CCCCCC)(C(C=C6)=CC=C6CCCCCC)C(C7=C8)=C9SC7=CC%10=C8SC%11=C%10C(C%12=CC=C(C=C%12)CCCCCC)(C%13=CC=C(C=C%13)CCCCCC)C%14=C%11SC(C%15=CC(CCCCCC)=C(/C=C(C%16=O)/C(C%17=C%16C=C(F)C(F)=C%17)=C(C#N)/C#N)S%15)=C%14)=C9S4)S3,11.92,O=C(C1=C(CCC(CCCC)CC)SC(CCC(CC)CCCC)=C1C2=O)C(C2=C(C3)C(C4)=CC=C4C5=CC6=C(C(C7=CC=C(CCC(CCCC)CC)S7)=C8C=CSC8=C6C9=CC=C(CCC(CCCC)CC)S9)S5)=C3C%10=CC=CS%10||O=C(C1=C(C/2=C(C#N)\C#N)C=C(F)C(F)=C1)C2=C/C3=C(CCCCCC)C=C(C4=CC(C(C5=CC=C(C=C5)CCCCCC)(C(C=C6)=CC=C6CCCCCC)C(C7=C8)=C9SC7=CC%10=C8SC%11=C%10C(C%12=CC=C(C=C%12)CCCCCC)(C%13=CC=C(C=C%13)CCCCCC)C%14=C%11SC(C%15=CC(CCCCCC)=C(/C=C(C%16=O)/C(C%17=C%16C=C(F)C(F)=C%17)=C(C#N)/C#N)S%15)=C%14)=C9S4)S3,6f31f3770fd225e382586e20513744e11a328b7cc74c758d48628417c600a02b,f5b3744c5fc5bf6b858131c3a6a442a5c4726cbff036c95cf29761667c5fe9fd,99200ebcf23989042bdaa360d3a707533834c614428d40ccce3c76fc3c66bdb0,7db15bf476b75e1bfb3d251f43cb25e21fd49e4f6886c2771ae25a6d96bf2e4f,19fdd78abe0b20c69b27fcf7d1207412412982b6f13c623ebba261cbd865e6a2,700,600,111,158
183,11.649999618530272,11.42612075805664,-0.22387886047363104,0.22387886047363104,0.05012174416697155,1.9217070197799275,in-house,203,[F]C1=C(CC)SC(C2=C3C(C=C(C)C3)C(C4=CC([F])=C(S4)CC)=C5SC(C6=CC=C(S6)C7=C(C(C8=C(SC(CC)=C8C9=O)CC)=O)C9=C(C%10=CC=C(S%10)C)S7)=CC25)=C1,O=C1C2=C(C=C(Cl)C(Cl)=C2)C(/C1=C/C(S3)=CC4=C3C(S5)=C(C4(C6=CC=C(CCCCCC)C=C6)C7=CC=C(CCCCCC)C=C7)C8=C5C(C9=CC(Cl)=C(CC(CC)CCCC)S9)=C(C(C%10(C%11=CC=C(CCCCCC)C=C%11)C%12=CC=C(CCCCCC)C=C%12)=C(S%13)C%14=C%10C=C(/C=C(/C%15=C(C#N)\C#N)C(C%16=C%15C=C(Cl)C(Cl)=C%16)=O)S%14)C%13=C8C%17=CC(Cl)=C(CC(CC)CCCC)S%17)=C(C#N)/C#N,11.65,[F]C1=C(CC)SC(C2=C3C(C=C(C)C3)C(C4=CC([F])=C(S4)CC)=C5SC(C6=CC=C(S6)C7=C(C(C8=C(SC(CC)=C8C9=O)CC)=O)C9=C(C%10=CC=C(S%10)C)S7)=CC25)=C1||O=C1C2=C(C=C(Cl)C(Cl)=C2)C(/C1=C/C(S3)=CC4=C3C(S5)=C(C4(C6=CC=C(CCCCCC)C=C6)C7=CC=C(CCCCCC)C=C7)C8=C5C(C9=CC(Cl)=C(CC(CC)CCCC)S9)=C(C(C%10(C%11=CC=C(CCCCCC)C=C%11)C%12=CC=C(CCCCCC)C=C%12)=C(S%13)C%14=C%10C=C(/C=C(/C%15=C(C#N)\C#N)C(C%16=C%15C=C(Cl)C(Cl)=C%16)=O)S%14)C%13=C8C%17=CC(Cl)=C(CC(CC)CCCC)S%17)=C(C#N)/C#N,6213dd4049a47a1d3ddd86c99b799fe4ba312bdc695c607b0b6163384ca5ea00,d8a6b95bf314ba6272a65c11a6b0834c4fea41aded7f5542bc2a6528439455e7,6908c5f9115394d15b84185e9011b4d16ff7cf9cea76762282cea6a455223f61,07c9fe94def1a10242beec006df5425f1ab7f81c654e7e69a0796eb4539f1cd7,16f6053ddbace6dfa7d32ac10b2f0176b0c53d2368a6a743ad1cac13c4581954,474,37,102,172
184,11.630000114440918,9.855385780334473,-1.7746143341064453,1.7746143341064453,3.1492560348160623,15.25893651456559,in-house,204,CC1=CC2=C(S1)C(C3=CC=C([Si](CCC)(CCC)CCC)S3)=C4C=C(C5=CC=C(C6=C(F)C(F)=C(C7=CC=C(S7)C)C8=NN(CC(CCCCCCCC)CCCCCC)N=C68)S5)SC4=C2C9=CC=C([Si](CCC)(CCC)CCC)S9,O=C(C1=CSC=C1C/2=C(C#N)\C#N)C2=C/C3=CC(SC(C(C=C4C5(C6=CC=C(C=C6)CCCCCCCC)C7=CC=C(CCCCCCCC)C=C7)=C8C=C4C9=C5C%10=C(C=C(S%10)/C=C%11C(C%12=CSC=C%12C\%11=C(C#N)\C#N)=O)S9)=C%13C8(C%14=CC=C(C=C%14)CCCCCCCC)C%15=CC=C(CCCCCCCC)C=C%15)=C%13S3,11.63,CC1=CC2=C(S1)C(C3=CC=C([Si](CCC)(CCC)CCC)S3)=C4C=C(C5=CC=C(C6=C(F)C(F)=C(C7=CC=C(S7)C)C8=NN(CC(CCCCCCCC)CCCCCC)N=C68)S5)SC4=C2C9=CC=C([Si](CCC)(CCC)CCC)S9||O=C(C1=CSC=C1C/2=C(C#N)\C#N)C2=C/C3=CC(SC(C(C=C4C5(C6=CC=C(C=C6)CCCCCCCC)C7=CC=C(CCCCCCCC)C=C7)=C8C=C4C9=C5C%10=C(C=C(S%10)/C=C%11C(C%12=CSC=C%12C\%11=C(C#N)\C#N)=O)S9)=C%13C8(C%14=CC=C(C=C%14)CCCCCCCC)C%15=CC=C(CCCCCCCC)C=C%15)=C%13S3,eaf1916a35a7483d8caf5815ff5e1ea653d31569a8b350b0b99530cf692c3bfb,a3406b5e4edefe3e2c4839b86eca3cc419dcab58dd63484cd2852f990ceb7789,767a639e3b6c958839cfa2abfecc2214fd6cf167bb6aee1e5795913fe9812a46,6b755cec1f87bb01e6690fbba2b9f996968ee4f7db67a99ccef945a074433207,d37705d8e37b2647f7d32bcad6597f493bd8d6b2e5f2628c3fc144a573ad6c15,535,522,962,173
187,11.59000015258789,7.264801025390625,-4.325199127197266,4.325199127197266,18.70734748990799,37.31836989002547,in-house,208,FC(C(F)=C(C1=NN(N=C21)CC(CCCCCC)CCCCCCCC)C3=CCC(C)S3)=C2C(S4)=CC=C4C(OC5=C(C6=C7OC(C)=C6)C8=CC(Cl)=C(CC(CC)CCCC)S8)=CC5=C7C9=CC(Cl)=C(S9)CC(CC)CCCC,c12cc3c(cc1C(c1c2sc2c1sc(c2)/C=C\1/C(=C(C#N)C#N)c2c(C1=O)cccc2)(c1cccc(c1)CCCCCC)c1cc(ccc1)CCCCCC)c1c(C3(c2cc(ccc2)CCCCCC)c2cccc(c2)CCCCCC)c2c(s1)cc(s2)/C=C\1/C(=C(C#N)C#N)c2c(C1=O)cccc2,11.59,FC(C(F)=C(C1=NN(N=C21)CC(CCCCCC)CCCCCCCC)C3=CCC(C)S3)=C2C(S4)=CC=C4C(OC5=C(C6=C7OC(C)=C6)C8=CC(Cl)=C(CC(CC)CCCC)S8)=CC5=C7C9=CC(Cl)=C(S9)CC(CC)CCCC||c12cc3c(cc1C(c1c2sc2c1sc(c2)/C=C\1/C(=C(C#N)C#N)c2c(C1=O)cccc2)(c1cccc(c1)CCCCCC)c1cc(ccc1)CCCCCC)c1c(C3(c2cc(ccc2)CCCCCC)c2cccc(c2)CCCCCC)c2c(s1)cc(s2)/C=C\1/C(=C(C#N)C#N)c2c(C1=O)cccc2,3d9a3a0dcbed6405c766d56db0cb7a4bde351b1ea16bc38b35556778887dabc7,50864152acede518837f13b246d168a2c910162b60d24eaca8a12069a3584c43,6d52d59c130582c7526abe5b7e5ff029ca0b6408826a3aa368716f61d3ef8355,2fdefc34ea11d6205b0527ff6ed1fc6cedde366bd4fa26aa8ea3930a4e97b0c7,f496f8fb65403a44979b39afd4b92b2cfa930479fc1a225d67a2942f92ea056e,495,236,1145,176
191,11.520000457763672,10.771766662597656,-0.7482337951660156,0.7482337951660156,0.559853812228539,6.495084769391295,in-house,212,O=C(C1=C(CC(CCCC)CC)SC(CC(CCCC)CC)=C12)C3=C(C4=CC=CS4)SC(C(S5)=CC=C5C6=CC7=C(C8=CC=C(CC(CCCC)CCCCCC)C=C8)C(SC=C9)=C9C(C%10=CC=C(CC(CCCCCC)CCCC)C=C%10)=C7S6)=C3C2=O,O=C1C(/C(C2=C1C=CC(F)=C2)=C(C#N)/C#N)=C\C3=CC4=C(S3)C(C(C5=CC=C(CCCCCC)C=C5)(C6=CC7=C(C(C8=CC=C(CCCCCC)C=C8)(C9=C7SC%10=C9SC%11=C%10SC(/C=C%12C(C(C=C(F)C=C%13)=C%13C\%12=C(C#N)\C#N)=O)=C%11)C%14=CC=C(CCCCCC)C=C%14)C=C6%15)C%16=CC=C(CCCCCC)C=C%16)=C%15S4,11.52,O=C(C1=C(CC(CCCC)CC)SC(CC(CCCC)CC)=C12)C3=C(C4=CC=CS4)SC(C(S5)=CC=C5C6=CC7=C(C8=CC=C(CC(CCCC)CCCCCC)C=C8)C(SC=C9)=C9C(C%10=CC=C(CC(CCCCCC)CCCC)C=C%10)=C7S6)=C3C2=O||O=C1C(/C(C2=C1C=CC(F)=C2)=C(C#N)/C#N)=C\C3=CC4=C(S3)C(C(C5=CC=C(CCCCCC)C=C5)(C6=CC7=C(C(C8=CC=C(CCCCCC)C=C8)(C9=C7SC%10=C9SC%11=C%10SC(/C=C%12C(C(C=C(F)C=C%13)=C%13C\%12=C(C#N)\C#N)=O)=C%11)C%14=CC=C(CCCCCC)C=C%14)C=C6%15)C%16=CC=C(CCCCCC)C=C%16)=C%15S4,826e531b71e4c0ef06b575364b50a339b3da70c19584a5cd5231c22bd6d85201,4d4b770eb23020c06f35a5307dcfcdb22f36481f21efe4502c3a2834046a5e0c,180fd6428059fb86b05391f3126ffbe5e3e253cb402256ee0f550b31e0a94af2,1a89ca0eeaed234d3bbe21f1a74863697e64e7e76de3cb1462384825d83798c6,481beff25f31fffb3a783835f12f961db092fcb0f86b9f57b1d78dc226a62eb3,114,134,322,180
196,11.489999771118164,8.563224792480469,-2.9267749786376953,2.9267749786376953,8.566011775579682,25.4723675973831,in-house,217,FC(C=C(C1=C2SC=CC2=C(C3=CC(F)=C(CC(CCCC)CC)S3)C4=C1C=C(C5=CC=C(C6=C(C(C(C7=C(CC(CCCC)CC)SC(CC(CC)CCCC)=C78)=O)=C(C9=CC=CC9)S6)C8=O)S5)S4)S%10)=C%10CC(CC)CCCC,[H]C1=C(C(F)=C(C(C2=CC(C(CC(CCCC)CC)(CC(CCCC)CC)C3=C4SC(/C=C5C(C6=CC(F)=C(C=C6C\5=C(C#N)\C#N)F)=O)=C3)=C4S2)=C1F)[H])C7=CC8=C(C9=C(C8(CC(CCCC)CC)CC(CCCC)CC)C=C(/C=C%10C(C%11=CC(F)=C(C=C%11C\%10=C(C#N)/C#N)S)=O)S9)S7,11.49,FC(C=C(C1=C2SC=CC2=C(C3=CC(F)=C(CC(CCCC)CC)S3)C4=C1C=C(C5=CC=C(C6=C(C(C(C7=C(CC(CCCC)CC)SC(CC(CC)CCCC)=C78)=O)=C(C9=CC=CC9)S6)C8=O)S5)S4)S%10)=C%10CC(CC)CCCC||[H]C1=C(C(F)=C(C(C2=CC(C(CC(CCCC)CC)(CC(CCCC)CC)C3=C4SC(/C=C5C(C6=CC(F)=C(C=C6C\5=C(C#N)\C#N)F)=O)=C3)=C4S2)=C1F)[H])C7=CC8=C(C9=C(C8(CC(CCCC)CC)CC(CCCC)CC)C=C(/C=C%10C(C%11=CC(F)=C(C=C%11C\%10=C(C#N)/C#N)S)=O)S9)S7,61eee9608e36bdb1d3a96a3ad1baa39916f3a546e29d11481966a5a2d3d30f3c,fe6ed285eec600eba55999980aea61977732103855d0aec642f160b3c1387a9c,108c59ee50e993052e9e69515789c4055866c9b58c2d5175a553854716433316,b3e3f38c3eb07f15bf75ac0998f4c858d135a53532fbf870683106e1be44a818,ed20cd9cc90afdfa30a27fb366c4c447fec352a8f390f2fe092df2b84267900c,73,812,1114,185
198,11.470000267028809,9.926077842712402,-1.5439224243164062,1.5439224243164062,2.383696452307049,13.460526489737775,in-house,220,O=C(C1=C(CCC(CCCC)CC)SC(CCC(CC)CCCC)=C1C2=O)C(C2=C(C3)C(C4)=CC=C4C5=CC6=C(C(C7=CC=C(CCC(CCCC)CC)S7)=C8C=CSC8=C6C9=CC=C(CCC(CCCC)CC)S9)S5)=C3C%10=CC=CS%10,O=C(C1=CC=C(Cl)C=C1C/2=C(C#N)/C#N)C2=C/C3=CC4=C(S3)C5=CC6=C(C=C5C4(CCCCCCCC)CCCCCCCC)C7=C(C=C8C9=C(C=C(S9)/C=C%10C(C%11=CC=C(Cl)C=C%11C\%10=C(C#N)/C#N)=O)C(CCCCCCCC)(CCCCCCCC)C8=C7)C(CCCCCCCC)6CCCCCCCC,11.47,O=C(C1=C(CCC(CCCC)CC)SC(CCC(CC)CCCC)=C1C2=O)C(C2=C(C3)C(C4)=CC=C4C5=CC6=C(C(C7=CC=C(CCC(CCCC)CC)S7)=C8C=CSC8=C6C9=CC=C(CCC(CCCC)CC)S9)S5)=C3C%10=CC=CS%10||O=C(C1=CC=C(Cl)C=C1C/2=C(C#N)/C#N)C2=C/C3=CC4=C(S3)C5=CC6=C(C=C5C4(CCCCCCCC)CCCCCCCC)C7=C(C=C8C9=C(C=C(S9)/C=C%10C(C%11=CC=C(Cl)C=C%11C\%10=C(C#N)/C#N)=O)C(CCCCCCCC)(CCCCCCCC)C8=C7)C(CCCCCCCC)6CCCCCCCC,6f31f3770fd225e382586e20513744e11a328b7cc74c758d48628417c600a02b,b3e40ff429e054dc684a6361009cc39219423b0b1a0291f248d2d008df89e511,ce438dc43abf6f768a971fc6ee61ec38bbe9c7a33d6d1c7a6d8a5ff6ef89148a,4fabd9a8cdcd2d033589984e670976ee3f5c8453722da68e49d0b1e402179462,588f33bebbcb2b62f8515e2515a730da52527cff2179a623fbc185a973a6bd44,982,382,394,187
199,11.449999809265137,11.199655532836914,-0.25034427642822266,0.25034427642822266,0.06267225674037036,2.1864129309910427,in-house,221,FC(C=C(C1=C2SC=CC2=C(C3=CC(F)=C(CC(CCCC)CC)S3)C4=C1C=C(C5=CC=C(C6=C(C(C(C7=C(CC(CCCC)CC)SC(CC(CC)CCCC)=C78)=O)=C(C9=CC=CC9)S6)C8=O)S5)S4)S%10)=C%10CC(CC)CCCC,O=C1C(/C(C2=CC(Cl)=C(Cl)C=C21)=C(C#N)/C#N)=C\C3=CC4=C(C5=C(S4)C(C(C(C6=CC=C(C=C6)CCCCCC)5C7=CC=C(CCCCCC)C=C7)=C8)=CC9=C8C%10=C(C(C%11=CC=C(CCCCCC)C=C%11)9C%12=CC=C(CCCCCC)C=C%12)C(S%13)=C(S%10)C=C%13/C=C%14/C(C%15=CSC=C%15C%14=O)=C(C#N)/C#N)S3,11.45,FC(C=C(C1=C2SC=CC2=C(C3=CC(F)=C(CC(CCCC)CC)S3)C4=C1C=C(C5=CC=C(C6=C(C(C(C7=C(CC(CCCC)CC)SC(CC(CC)CCCC)=C78)=O)=C(C9=CC=CC9)S6)C8=O)S5)S4)S%10)=C%10CC(CC)CCCC||O=C1C(/C(C2=CC(Cl)=C(Cl)C=C21)=C(C#N)/C#N)=C\C3=CC4=C(C5=C(S4)C(C(C(C6=CC=C(C=C6)CCCCCC)5C7=CC=C(CCCCCC)C=C7)=C8)=CC9=C8C%10=C(C(C%11=CC=C(CCCCCC)C=C%11)9C%12=CC=C(CCCCCC)C=C%12)C(S%13)=C(S%10)C=C%13/C=C%14/C(C%15=CSC=C%15C%14=O)=C(C#N)/C#N)S3,61eee9608e36bdb1d3a96a3ad1baa39916f3a546e29d11481966a5a2d3d30f3c,d401c50bb0adb3ddbcde1681793259cd392a5fb38250f372c367ea2394e26cd5,b890e833bfa1a299d0b7b423cc0ecd8057ee659ee12718c91461d0c378239940,fec8be625a5c944e38b9308a80a1d21726b3e2aa8179c38d45391ec7e57a4cfd,39b71f83cff3076965df17de24864ae8b9c282861af4065f04945ba094a0686a,869,1184,252,188
200,11.43000030517578,11.360322952270508,-0.06967735290527166,0.06967735290527166,0.0048549335078857695,0.6096006215653387,in-house,223,O=C1C2=C(CC(CC)CCCC)SC(CC(CC)CCCC)=C2C(C3=C(C4=CC=C(C5=CC(C(C6=CC(F)=C(CC(CC)CCCC)S6)=C(SC=C7)C7=C8C9=CC(F)=C(CC(CC)CCCC)S9)=C8S5)S4)SC(C%10=CC=CS%10)=C31)=O,CCCCCCC1=CC=CC=C1.FC2=CC(C(/C3=C/C4=C(CC)C5=C(S4)C(C(C6=CC=C(CCCCCC)C=C6)(C7=CC=C(CCCCCC)C=C7)C(C8=C9C)=C%10SC8=CC%11=C9SC%12=C%11[C@](C%13=CC=C(CCCCCC)C=C%13)(C%14=C%12SC%15=C%14SC(/C=C%16/C(C%17=C(C%16=O)C=C(F)C(F)=C%17)=C(C#N)\[N+]#[C-])=C%15CC)C)=C%10S5)=C(C#N)/C#N)=C(C3=O)C=C2F,11.43,O=C1C2=C(CC(CC)CCCC)SC(CC(CC)CCCC)=C2C(C3=C(C4=CC=C(C5=CC(C(C6=CC(F)=C(CC(CC)CCCC)S6)=C(SC=C7)C7=C8C9=CC(F)=C(CC(CC)CCCC)S9)=C8S5)S4)SC(C%10=CC=CS%10)=C31)=O||CCCCCCC1=CC=CC=C1.FC2=CC(C(/C3=C/C4=C(CC)C5=C(S4)C(C(C6=CC=C(CCCCCC)C=C6)(C7=CC=C(CCCCCC)C=C7)C(C8=C9C)=C%10SC8=CC%11=C9SC%12=C%11[C@](C%13=CC=C(CCCCCC)C=C%13)(C%14=C%12SC%15=C%14SC(/C=C%16/C(C%17=C(C%16=O)C=C(F)C(F)=C%17)=C(C#N)\[N+]#[C-])=C%15CC)C)=C%10S5)=C(C#N)/C#N)=C(C3=O)C=C2F,65482d735aa1f382b817dd8d95b1689b39b0b3c26138949c2680844f1b1f5ea0,36098c82c1229a3cfab4c26b1419d9ff3999b93ed0c6b67a1c28259e118b6ce0,8e2004241b1bad52a1bcb0863aab6af8e18373516e2e53e9a93ba01b1f2c0c36,cb7c0dd706dac91c3c4d7727a0b13e7cf16bf7e628eed5c0dc45e0257e0ba6f4,eed723fa531f6427aa9bb325b731d58d1cf20fbc545c66d881c2e668710bd87f,656,936,1120,189
201,11.40999984741211,9.693857192993164,-1.7161426544189453,1.7161426544189453,2.9451456103161036,15.040689547495322,in-house,224,CC1=CC2=C(S1)C(C3=CC=C([Si](CCC)(CCC)CCC)S3)=C4C=C(C5=CC=C(C6=C(F)C(F)=C(C7=CC=C(S7)C)C8=NN(CC(CCCCCCCC)CCCCCC)N=C68)S5)SC4=C2C9=CC=C([Si](CCC)(CCC)CCC)S9,c12cc3c(cc1C(c1c2sc2c1sc(c2)/C=C\1/C(=C(C#N)C#N)c2c(C1=O)cccc2)(c1ccc(cc1)CCCCCC)c1ccc(cc1)CCCCCC)c1c(C3(c2ccc(cc2)CCCCCC)c2ccc(cc2)CCCCCC)c2c(s1)cc(s2)/C=C\1/C(=C(C#N)C#N)c2c(C1=O)cccc2,11.41,CC1=CC2=C(S1)C(C3=CC=C([Si](CCC)(CCC)CCC)S3)=C4C=C(C5=CC=C(C6=C(F)C(F)=C(C7=CC=C(S7)C)C8=NN(CC(CCCCCCCC)CCCCCC)N=C68)S5)SC4=C2C9=CC=C([Si](CCC)(CCC)CCC)S9||c12cc3c(cc1C(c1c2sc2c1sc(c2)/C=C\1/C(=C(C#N)C#N)c2c(C1=O)cccc2)(c1ccc(cc1)CCCCCC)c1ccc(cc1)CCCCCC)c1c(C3(c2ccc(cc2)CCCCCC)c2ccc(cc2)CCCCCC)c2c(s1)cc(s2)/C=C\1/C(=C(C#N)C#N)c2c(C1=O)cccc2,eaf1916a35a7483d8caf5815ff5e1ea653d31569a8b350b0b99530cf692c3bfb,202f8607af2cecb83e86b2e4305f8c7e2852bc709bb805b9055691d46a9081c5,8cef40b055d4e0ec062aea51be137f1d18e05e0edef4b9f0e1bbf8bde1300ec0,ab38bfd9d36816b427af166cfaee06d96fded9df5f76149451109cb1f87b6b54,7b41f473e28aac3df3cd3e32b8d25d7ec8a2f48d5b7722612137a9f7a7fcc9d6,649,787,558,190
203,11.399999618530272,11.087806701660156,-0.3121929168701154,0.3121929168701154,0.09746441734387079,2.7385344501473274,in-house,226,O=C(C1=C(CCC(CCCC)CC)SC(CCC(CC)CCCC)=C1C2=O)C(C2=C(C3)C(C4)=CC=C4C5=CC6=C(C(C7=CC=C(CCC(CCCC)CC)S7)=C8C=CSC8=C6C9=CC=C(CCC(CCCC)CC)S9)S5)=C3C%10=CC=CS%10,CCCCCCC1=CC=C(C2(C3=CC=C(C=C3)CCCCCC)C4=C(C=C(C5=C4)C(C(C=C6)=CC=C6CCCCCC)(C7=C5SC8=C7SC(/C=C9C(C%10=C(C\9=C(C#N)/C#N)C=CC(F)=C%10)=O)=C8)C(C=C%11)=CC=C%11CCCCCC)C%12=C2C%13=C(C(SC(/C=C(C%14=O)/C(C%15=C%14C=C(F)C=C%15)=C(C#N)\C#N)=C%16)=C%16N%13CCCCCCCC)S%12)C=C1,11.4,O=C(C1=C(CCC(CCCC)CC)SC(CCC(CC)CCCC)=C1C2=O)C(C2=C(C3)C(C4)=CC=C4C5=CC6=C(C(C7=CC=C(CCC(CCCC)CC)S7)=C8C=CSC8=C6C9=CC=C(CCC(CCCC)CC)S9)S5)=C3C%10=CC=CS%10||CCCCCCC1=CC=C(C2(C3=CC=C(C=C3)CCCCCC)C4=C(C=C(C5=C4)C(C(C=C6)=CC=C6CCCCCC)(C7=C5SC8=C7SC(/C=C9C(C%10=C(C\9=C(C#N)/C#N)C=CC(F)=C%10)=O)=C8)C(C=C%11)=CC=C%11CCCCCC)C%12=C2C%13=C(C(SC(/C=C(C%14=O)/C(C%15=C%14C=C(F)C=C%15)=C(C#N)\C#N)=C%16)=C%16N%13CCCCCCCC)S%12)C=C1,6f31f3770fd225e382586e20513744e11a328b7cc74c758d48628417c600a02b,d6e935ff0ea864ea15b4a4980832bb8a2378121499d0f2ede0da96f20cee6772,2fba24e23d98d16805a6e11ad06923154b83f2aa2e6d4b4c21e25ec1279c1dca,10874ad090bd311583f80b412d4725c26291bb6ac6ba0eda09b4ca02dbbe59a5,da288162a8dbf79a8a2f91305da2e0b3da49aff370eb739b6e6fecb9b0d83274,213,81,1004,192
205,11.399999618530272,9.780519485473633,-1.6194801330566388,1.6194801330566388,2.6227159013651486,14.205966554807903,in-house,228,O=C(C1=C(CCC(CCCC)CC)SC(CCC(CC)CCCC)=C1C2=O)C(C2=C(C3)C(C4)=CC=C4C5=CC6=C(C(C7=CC=C(CCC(CCCC)CC)S7)=C8C=CSC8=C6C9=CC=C(CCC(CCCC)CC)S9)S5)=C3C%10=CC=CS%10,O=C(C1=C(C/2=C(C#N)/C#N)C=CS1)C2=C/C3=CC(SC4=C5C(C6=CC=C(C=C6)CCCCCC)(C7=C4C=C8C(C(C=C9)=CC=C9CCCCCC)(C%10=C(C8=C7)SC%11=C%10SC(/C=C%12C(C%13=C(C\%12=C(C#N)/C#N)C=CS%13)=O)=C%11)C%14=CC=C(C=C%14)CCCCCC)C%15=CC=C(CCCCCC)C=C%15)=C5S3,11.4,O=C(C1=C(CCC(CCCC)CC)SC(CCC(CC)CCCC)=C1C2=O)C(C2=C(C3)C(C4)=CC=C4C5=CC6=C(C(C7=CC=C(CCC(CCCC)CC)S7)=C8C=CSC8=C6C9=CC=C(CCC(CCCC)CC)S9)S5)=C3C%10=CC=CS%10||O=C(C1=C(C/2=C(C#N)/C#N)C=CS1)C2=C/C3=CC(SC4=C5C(C6=CC=C(C=C6)CCCCCC)(C7=C4C=C8C(C(C=C9)=CC=C9CCCCCC)(C%10=C(C8=C7)SC%11=C%10SC(/C=C%12C(C%13=C(C\%12=C(C#N)/C#N)C=CS%13)=O)=C%11)C%14=CC=C(C=C%14)CCCCCC)C%15=CC=C(CCCCCC)C=C%15)=C5S3,6f31f3770fd225e382586e20513744e11a328b7cc74c758d48628417c600a02b,7d6d487d6182ffc91e3d540c6b4e194236c4a5c6de58c9f73b2fe82fecf56c74,61d2b074b0d28ffd7eb508531e6006e2bde9a3eb56503e3ad898c018e48258f9,dbda4f6bf9ee4417ba7ada56b6826ffa80334347fd13a24504474d75e8bccb8a,7394fb00c77b394d8c6b16576ba1347a87fccbc7e1d048119935d80fa9f86408,442,1014,527,194
209,11.289999961853027,8.638566970825195,-2.651432991027832,2.651432991027832,7.030096905910796,23.484791851076785,in-house,235,O=C(C1=C(CCC(CCCC)CC)SC(CCC(CC)CCCC)=C1C2=O)C(C2=C(C3)C(C4)=CC=C4C5=CC6=C(C(C7=CC=C(CCC(CCCC)CC)S7)=C8C=CSC8=C6C9=CC=C(CCC(CCCC)CC)S9)S5)=C3C%10=CC=CS%10,O=C(C(C(C/1=C(C#N)/C#N)=C2)=CC(F)=C2F)C1=C/C(S3)=CC4=C3C5=CC(C6(CCCCCCCC)CCCCCCCC)=C(C=C5C4(C7=CC=C(CCCCCC)C=C7)C8=CC=C(CCCCCC)C=C8)C9=C6C(C%10(CCCCCCCC)CCCCCCCC)=C(S9)C%11=C%10C=C(C(SC(/C=C%12/C(C%13=CC(F)=C(F)C=C%13C%12=O)=C(C#N)/C#N)=C%14)=C%14C%15(C%16=CC=C(CCCCCC)C=C%16)C%17=CC=C(CCCCCC)C=C%17)C%15=C%11,11.29,O=C(C1=C(CCC(CCCC)CC)SC(CCC(CC)CCCC)=C1C2=O)C(C2=C(C3)C(C4)=CC=C4C5=CC6=C(C(C7=CC=C(CCC(CCCC)CC)S7)=C8C=CSC8=C6C9=CC=C(CCC(CCCC)CC)S9)S5)=C3C%10=CC=CS%10||O=C(C(C(C/1=C(C#N)/C#N)=C2)=CC(F)=C2F)C1=C/C(S3)=CC4=C3C5=CC(C6(CCCCCCCC)CCCCCCCC)=C(C=C5C4(C7=CC=C(CCCCCC)C=C7)C8=CC=C(CCCCCC)C=C8)C9=C6C(C%10(CCCCCCCC)CCCCCCCC)=C(S9)C%11=C%10C=C(C(SC(/C=C%12/C(C%13=CC(F)=C(F)C=C%13C%12=O)=C(C#N)/C#N)=C%14)=C%14C%15(C%16=CC=C(CCCCCC)C=C%16)C%17=CC=C(CCCCCC)C=C%17)C%15=C%11,6f31f3770fd225e382586e20513744e11a328b7cc74c758d48628417c600a02b,455dc544484dc911d5fb24de681ea60c9584a939a7970e296fb00f1e1008a9a7,0588b9b41419ef3b3334348d398eeee46911caf9ec9ef53911b0e1b570adb2e2,55e491de8b7d25237c1d3934fc1c87465d5d89ff0ab4df05e99c48f728da935f,786b04eb8f2a80fbdf835984b6c9cc80a2bda5d6b49c5c3910431a4de516207d,26,413,543,198
212,11.260000228881836,11.024100303649902,-0.2358999252319336,0.2358999252319336,0.05564877472443186,2.0950259363836565,in-house,238,O=C(C1=C(CCC(CCCC)CC)SC(CCC(CC)CCCC)=C1C2=O)C(C2=C(C3)C(C4)=CC=C4C5=CC6=C(C(C7=CC=C(CCC(CCCC)CC)S7)=C8C=CSC8=C6C9=CC=C(CCC(CCCC)CC)S9)S5)=C3C%10=CC=CS%10,c1(cc2c(cc1F)C(=O)/C(=C\c1cc3c(s1)c1c(s3)c3c(C1(c1ccc(cc1)CCCCCC)c1ccc(cc1)CCCCCC)cc1c(c3)C(c3c1sc1c3sc(c1)/C=C/1\C(=O)c3c(C1=C(C#N)C#N)cc(c(c3)F)F)(c1ccc(cc1)CCCCCC)c1ccc(cc1)CCCCCC)/C2=C(C#N)C#N)F,11.26,O=C(C1=C(CCC(CCCC)CC)SC(CCC(CC)CCCC)=C1C2=O)C(C2=C(C3)C(C4)=CC=C4C5=CC6=C(C(C7=CC=C(CCC(CCCC)CC)S7)=C8C=CSC8=C6C9=CC=C(CCC(CCCC)CC)S9)S5)=C3C%10=CC=CS%10||c1(cc2c(cc1F)C(=O)/C(=C\c1cc3c(s1)c1c(s3)c3c(C1(c1ccc(cc1)CCCCCC)c1ccc(cc1)CCCCCC)cc1c(c3)C(c3c1sc1c3sc(c1)/C=C/1\C(=O)c3c(C1=C(C#N)C#N)cc(c(c3)F)F)(c1ccc(cc1)CCCCCC)c1ccc(cc1)CCCCCC)/C2=C(C#N)C#N)F,6f31f3770fd225e382586e20513744e11a328b7cc74c758d48628417c600a02b,69e17d1724b4236f68d0c6efb6ad16969f13f8980d301d0056747038b20f0c8d,8332b22ad63e13f9b15c75f9f23319c3bcc64b52cea2954ad652267fde2e4b46,28637e448c04e46259c5b0ad9c4b6def7346f4a3b8d2b5a13a3d3759ec108315,04aadc213b7bc50b11a865ef0d356e8d79017db2726b499f18b3e4565b2bbc74,597,201,19,201
215,11.220000267028809,10.70736312866211,-0.5126371383666992,0.5126371383666992,0.2627968356327983,4.568958343727845,in-house,241,O=C(C1=C(CCC(CCCC)CC)SC(CCC(CC)CCCC)=C1C2=O)C(C2=C(C3)C(C4)=CC=C4C5=CC6=C(C(C7=CC=C(CCC(CCCC)CC)S7)=C8C=CSC8=C6C9=CC=C(CCC(CCCC)CC)S9)S5)=C3C%10=CC=CS%10,O=C(/C(S/1)=C/C2=C3SC(C(CCCCCCC)OO)=CC3=C(C4=CC(C5(CCCCCC)CCCCCC)=C(C(C5=C6)=CC7=C6C8=C(C=C(C9=C%10C=C(C(CCCCCCC)OO)SC%10=C(/C=C(C(N/%11CC)=O)\SC%11=C(C#N)\C#N)S9)S8)C7(CCCCCC)CCCCCC)S4)S2)N(C1=C(C#N)/C#N)CC,11.22,O=C(C1=C(CCC(CCCC)CC)SC(CCC(CC)CCCC)=C1C2=O)C(C2=C(C3)C(C4)=CC=C4C5=CC6=C(C(C7=CC=C(CCC(CCCC)CC)S7)=C8C=CSC8=C6C9=CC=C(CCC(CCCC)CC)S9)S5)=C3C%10=CC=CS%10||O=C(/C(S/1)=C/C2=C3SC(C(CCCCCCC)OO)=CC3=C(C4=CC(C5(CCCCCC)CCCCCC)=C(C(C5=C6)=CC7=C6C8=C(C=C(C9=C%10C=C(C(CCCCCCC)OO)SC%10=C(/C=C(C(N/%11CC)=O)\SC%11=C(C#N)\C#N)S9)S8)C7(CCCCCC)CCCCCC)S4)S2)N(C1=C(C#N)/C#N)CC,6f31f3770fd225e382586e20513744e11a328b7cc74c758d48628417c600a02b,c0d03c88c020abf58da6af76c9cb1e05bf4dab19d562eff4670db9bb99b16df8,909d396b4ce99cc4f122741807235fc7e33d730ad098a352f42564bbac1c87d6,ce74ad45c3ed46913609ffa12b103159479887845964af34d3ce2cfceced9267,a582321f52b8c01a2e7a0ffa3749b7c94d04ec4895c8021e97a7609479ca1302,664,950,762,204
218,11.199999809265137,9.480674743652344,-1.719325065612793,1.719325065612793,2.956078681244435,15.351116918685042,in-house,245,FC1=C(C(OCC(CCCC)CC)=O)SC2=CSC(C3=CC4=C(C5=C(C(C6=CC=C(CC(CC)CCCC)S6)=C4S3)C=CS5)C7=CC=C(CC(CC)CCCC)S7)=C12,FC1=CC(C2=O)=C(C=C1F)C(/C2=C/C3=CC4=C(C5=C(C6=C(C(SC7=C8C(C9=CC=C(CCCCCC)C=C9)(C%10=C7SC%11=C%10SC(C%12=C%13C%14=C(C=C(/C=C(/C(C(C=C%15F)=C%16C=C%15F)=C(C#N)\C#N)C%16=O)S%14)S%12)=C%11C%13(C%17=CC=C(CCCCCC)C=C%17)C%18=CC=C(CCCCCC)C=C%18)C%19=CC=C(CCCCCC)C=C%19)=C8S6)C(C%20=CC=C(CCCCCC)C=C%20)5C%21=CC=C(CCCCCC)C=C%21)S4)S3)=C(C#N)/C#N,11.2,FC1=C(C(OCC(CCCC)CC)=O)SC2=CSC(C3=CC4=C(C5=C(C(C6=CC=C(CC(CC)CCCC)S6)=C4S3)C=CS5)C7=CC=C(CC(CC)CCCC)S7)=C12||FC1=CC(C2=O)=C(C=C1F)C(/C2=C/C3=CC4=C(C5=C(C6=C(C(SC7=C8C(C9=CC=C(CCCCCC)C=C9)(C%10=C7SC%11=C%10SC(C%12=C%13C%14=C(C=C(/C=C(/C(C(C=C%15F)=C%16C=C%15F)=C(C#N)\C#N)C%16=O)S%14)S%12)=C%11C%13(C%17=CC=C(CCCCCC)C=C%17)C%18=CC=C(CCCCCC)C=C%18)C%19=CC=C(CCCCCC)C=C%19)=C8S6)C(C%20=CC=C(CCCCCC)C=C%20)5C%21=CC=C(CCCCCC)C=C%21)S4)S3)=C(C#N)/C#N,2249a87c8fc0450476e55f070a85b71ffa6beb368356c28f1302bad8bac422cb,ca0cc70b423e5aeb50406f41af9735b882456f21d047ea02e63562caa21215b0,84a2590ded2b8e27bf202f069e3631a236a03c2954fc130381e95ffed41fd26a,e82a37a941b81ab5b10553abd3cb42af1cb87fa4d7d74edb89032a6cffd14d95,dceb0faf84407c985c73e31341a19ee932fdd5b914464301125fa88a10ebb62a,605,1070,1026,206
221,11.1899995803833,9.165301322937012,-2.024698257446289,2.024698257446289,4.099403033706039,18.09381888624642,in-house,248,O=C(C1=C(CCC(CCCC)CC)SC(CCC(CC)CCCC)=C1C2=O)C(C2=C(C3)C(C4)=CC=C4C5=CC6=C(C(C7=CC=C(CCC(CCCC)CC)S7)=C8C=CSC8=C6C9=CC=C(CCC(CCCC)CC)S9)S5)=C3C%10=CC=CS%10,c1(cc2c(cc1F)C(=O)/C(=C\c1ccc([se]1)c1sc3c(c1)C(c1c3cc3c(c1)c1c(C3(c3ccc(cc3)CCCCCC)c3ccc(cc3)CCCCCC)cc(s1)c1[se]c(cc1)/C=C/1\C(=O)c3c(C1=C(C#N)C#N)cc(c(c3)F)F)(c1ccc(cc1)CCCCCC)c1ccc(cc1)CCCCCC)/C2=C(C#N)C#N)F,11.19,O=C(C1=C(CCC(CCCC)CC)SC(CCC(CC)CCCC)=C1C2=O)C(C2=C(C3)C(C4)=CC=C4C5=CC6=C(C(C7=CC=C(CCC(CCCC)CC)S7)=C8C=CSC8=C6C9=CC=C(CCC(CCCC)CC)S9)S5)=C3C%10=CC=CS%10||c1(cc2c(cc1F)C(=O)/C(=C\c1ccc([se]1)c1sc3c(c1)C(c1c3cc3c(c1)c1c(C3(c3ccc(cc3)CCCCCC)c3ccc(cc3)CCCCCC)cc(s1)c1[se]c(cc1)/C=C/1\C(=O)c3c(C1=C(C#N)C#N)cc(c(c3)F)F)(c1ccc(cc1)CCCCCC)c1ccc(cc1)CCCCCC)/C2=C(C#N)C#N)F,6f31f3770fd225e382586e20513744e11a328b7cc74c758d48628417c600a02b,a8731b761eeaca4a0c4c9d0956f25212d8a2423d94a33fa7d4f9105213cb42fd,4b9983af08e326643395e7d3cd71e5860ab1d3378dfa2277a4b9da9c0c62226b,cebf378b56f6ee650e3815706d00c891241cd0cea5953b6f6cdde8ac0f747c03,90385f50fd6e82afac25b4604e46363844777911f28513019d9fd12895403c6f,352,951,650,208
227,11.100000381469728,9.389686584472656,-1.710313796997072,1.710313796997072,2.925173284198542,15.408231875849838,in-house,255,O=C(C1=C(CCC(CCCC)CC)SC(CCC(CC)CCCC)=C1C2=O)C(C2=C(C3)C(C4)=CC=C4C5=CC6=C(C(C7=CC=C(CCC(CCCC)CC)S7)=C8C=CSC8=C6C9=CC=C(CCC(CCCC)CC)S9)S5)=C3C%10=CC=CS%10,O=C(C1=C(C=C(Cl)C(Cl)=C1)C/2=C(C#N)\C#N)C2=C/C3=CC(CCCCCCCC)=C(C4=CC5=C(C(C=C6C(C7=CC=C(CCCCCC)C=C7)(C8=CC=C(CCCCCC)C=C8)C9=C(SC(C%10=C(CCCCCCCC)C=C(/C=C%11C(C%12=C(C=C(Cl)C(Cl)=C%12)C\%11=C(C#N)\C#N)=O)S%10)=C9)C6=C%13)=C%13C5(C%14=CC=C(C=C%14)CCCCCC)C%15=CC=C(CCCCCC)C=C%15)S4)S3,11.1,O=C(C1=C(CCC(CCCC)CC)SC(CCC(CC)CCCC)=C1C2=O)C(C2=C(C3)C(C4)=CC=C4C5=CC6=C(C(C7=CC=C(CCC(CCCC)CC)S7)=C8C=CSC8=C6C9=CC=C(CCC(CCCC)CC)S9)S5)=C3C%10=CC=CS%10||O=C(C1=C(C=C(Cl)C(Cl)=C1)C/2=C(C#N)\C#N)C2=C/C3=CC(CCCCCCCC)=C(C4=CC5=C(C(C=C6C(C7=CC=C(CCCCCC)C=C7)(C8=CC=C(CCCCCC)C=C8)C9=C(SC(C%10=C(CCCCCCCC)C=C(/C=C%11C(C%12=C(C=C(Cl)C(Cl)=C%12)C\%11=C(C#N)\C#N)=O)S%10)=C9)C6=C%13)=C%13C5(C%14=CC=C(C=C%14)CCCCCC)C%15=CC=C(CCCCCC)C=C%15)S4)S3,6f31f3770fd225e382586e20513744e11a328b7cc74c758d48628417c600a02b,5ce871f244ea936874e770a3ad0f9068799cd24b7e2aba1e9b1833c643850b26,fe01c0413ffc902a1141ff42f7845f6349b171bca2a81549f9e0a82b3f8eae81,914ff92a61d83fb31967b110ca3860b19c47282d37f1d3ad53f4201d6008a0bb,05eed4dcd2b85f8547b80cae86eb49a35a2a1464dfd6b1a452a77ee6893da4c8,1182,679,22,214
233,11.050000190734863,10.739374160766602,-0.3106260299682617,0.3106260299682617,0.09648853049384343,2.811095245307901,in-house,263,CC1=CC(C(C2=CC=C(S2)[Si](CCC)(CCC)CCC)=C3OC(C4=CC=C(S4)C5=C(C(F)=C(C6=NN(N=C56)CC(CCCCCCCC)CCCCCC)C7=CC=C(C)S7)F)=CC3=C8C9=CC=C(S9)[Si](CCC)(CCC)CCC)=C8O1,c12cc3c(cc1C(c1c2sc2c1sc(c2)/C=C\1/C(=C(C#N)C#N)c2c(C1=O)cccc2)(c1cccc(c1)CCCCCC)c1cc(ccc1)CCCCCC)c1c(C3(c2cc(ccc2)CCCCCC)c2cccc(c2)CCCCCC)c2c(s1)cc(s2)/C=C\1/C(=C(C#N)C#N)c2c(C1=O)cccc2,11.05,CC1=CC(C(C2=CC=C(S2)[Si](CCC)(CCC)CCC)=C3OC(C4=CC=C(S4)C5=C(C(F)=C(C6=NN(N=C56)CC(CCCCCCCC)CCCCCC)C7=CC=C(C)S7)F)=CC3=C8C9=CC=C(S9)[Si](CCC)(CCC)CCC)=C8O1||c12cc3c(cc1C(c1c2sc2c1sc(c2)/C=C\1/C(=C(C#N)C#N)c2c(C1=O)cccc2)(c1cccc(c1)CCCCCC)c1cc(ccc1)CCCCCC)c1c(C3(c2cc(ccc2)CCCCCC)c2cccc(c2)CCCCCC)c2c(s1)cc(s2)/C=C\1/C(=C(C#N)C#N)c2c(C1=O)cccc2,0d8f9d70c9b87f26f29ef30c4c4554b1070cfbc2c08022205ba2f0071089ceac,50864152acede518837f13b246d168a2c910162b60d24eaca8a12069a3584c43,15377f21be6699009a8c540b9c09dd1cfdf1a3ed2716225f43d0f0e9a8b06ddc,e84c33b223de2395d10a25d22347fd7da419d1e20a3688c0783eb715cebb9eee,37ba3f1b1d3dee011b6f8fbd07b1c00e3375ffe28bad8fb637b50cc7f25d714f,100,1071,247,220
246,10.899999618530272,8.428382873535156,-2.4716167449951154,2.4716167449951154,6.108889334140249,22.67538377518202,in-house,279,FC1=C(F)C=C(N=C(OCC(CCCCCC)CCCCCCCC)C=N2)C2=C1C3=CC=CS3,c12cc3c(cc1C(c1c2sc2c1sc(c2)/C=C\1/C(=C(C#N)C#N)c2c(C1=O)cccc2)(c1ccc(cc1)CCCCCC)c1ccc(cc1)CCCCCC)c1c(C3(c2ccc(cc2)CCCCCC)c2ccc(cc2)CCCCCC)c2c(s1)cc(s2)/C=C\1/C(=C(C#N)C#N)c2c(C1=O)cccc2,10.9,FC1=C(F)C=C(N=C(OCC(CCCCCC)CCCCCCCC)C=N2)C2=C1C3=CC=CS3||c12cc3c(cc1C(c1c2sc2c1sc(c2)/C=C\1/C(=C(C#N)C#N)c2c(C1=O)cccc2)(c1ccc(cc1)CCCCCC)c1ccc(cc1)CCCCCC)c1c(C3(c2ccc(cc2)CCCCCC)c2ccc(cc2)CCCCCC)c2c(s1)cc(s2)/C=C\1/C(=C(C#N)C#N)c2c(C1=O)cccc2,6d0ebf843ec88894476605165efae2bf8fd910afe87a5868bc4b56e85a61a93d,202f8607af2cecb83e86b2e4305f8c7e2852bc709bb805b9055691d46a9081c5,436e11fbfda1c98836fffd1bd469b9e18621a2b1f4c7de24a1f3535f12f614f6,fbda6d7abeba047f6d6585035ef11daf705b48471d4daefa0a4f27634469a46e,d73e1324c23212066cdc562dc96e69fa561c13557f326464792b528783089070,307,1168,989,233
248,10.899999618530272,9.4049072265625,-1.4950923919677717,1.4950923919677717,2.235301260519913,13.716444443044542,in-house,281,CC1=CC=C(S1)C2=CC=C(C(F)=C2F)C3=CC=C(S3)C4=C(CC(CCCCCCCCCCCC)CCCCCCCCCC)C=C(C5=C(C(F)=C(C6=NN(N=C56)CCC)C7=CC(CC(CCCCCCCCCC)CCCCCCCCCCCC)=C(S7)C)F)S4,O=C(C1=CC=CC=C1C/2=C(C#N)\C#N)C2=C/C3=CC4=C(C(C(C5=CC=C(CCCCCC)S5)(C6=C7C=C8C(C9=CC=C(S9)CCCCCC)(C%10=CC=C(S%10)CCCCCC)C%11=C(SC%12=C%11SC(/C=C%13C(C%14=CC=CC=C%14C\%13=C(C#N)\C#N)=O)=C%12)C8=C6)C(S%15)=CC=C%15CCCCCC)=C7S4)S3,10.9,CC1=CC=C(S1)C2=CC=C(C(F)=C2F)C3=CC=C(S3)C4=C(CC(CCCCCCCCCCCC)CCCCCCCCCC)C=C(C5=C(C(F)=C(C6=NN(N=C56)CCC)C7=CC(CC(CCCCCCCCCC)CCCCCCCCCCCC)=C(S7)C)F)S4||O=C(C1=CC=CC=C1C/2=C(C#N)\C#N)C2=C/C3=CC4=C(C(C(C5=CC=C(CCCCCC)S5)(C6=C7C=C8C(C9=CC=C(S9)CCCCCC)(C%10=CC=C(S%10)CCCCCC)C%11=C(SC%12=C%11SC(/C=C%13C(C%14=CC=CC=C%14C\%13=C(C#N)\C#N)=O)=C%12)C8=C6)C(S%15)=CC=C%15CCCCCC)=C7S4)S3,50751842c150480647ffcd5d01de53f701ea69ffc6517212af47da055926937f,324d6e5b76a9400503a81056ec0f63ac76d712428565dd1fa4bf1871d8f66e0c,18027f042de9561d154d0315e0f739557f1e8f8d9451401ac526c09824fc49b7,6e69a8c468097df12200b242138ce140c55df710e51cea69a9209eaaf1f99751,a643800297199e84860b47c9e04d06a93b4e8ba98bfccf36d3c223c99dcd9966,113,534,765,235
256,10.800000190734863,10.16804313659668,-0.6319570541381836,0.6319570541381836,0.3993697182750111,5.8514541016427835,in-house,291,O=C(C1=C(CCC(CCCC)CC)SC(CCC(CC)CCCC)=C1C2=O)C(C2=C(C3)C(C4)=CC=C4C5=CC6=C(C(C7=CC=C(CCC(CCCC)CC)S7)=C8C=CSC8=C6C9=CC=C(CCC(CCCC)CC)S9)S5)=C3C%10=CC=CS%10,CCCCCCC(C=C1)=CC=C1C2(C(C3=C(S4)C=C(S3)/C=C(C(C5=C6C=CC(OC)=C5)=O)\C6=C(C#N)\C#N)=C4C7=C2C=C(C8=C7)C9=C(C8(C%10=CC=C(C=C%10)CCCCCC)C%11=CC=C(C=C%11)CCCCCC)C%12=C(C=C(S%12)/C=C(/C(C%13=C%14C=C(OC)C=C%13)=C(C#N)\C#N)C%14=O)S9)C(C=C%15)=CC=C%15CCCCCC,10.8,O=C(C1=C(CCC(CCCC)CC)SC(CCC(CC)CCCC)=C1C2=O)C(C2=C(C3)C(C4)=CC=C4C5=CC6=C(C(C7=CC=C(CCC(CCCC)CC)S7)=C8C=CSC8=C6C9=CC=C(CCC(CCCC)CC)S9)S5)=C3C%10=CC=CS%10||CCCCCCC(C=C1)=CC=C1C2(C(C3=C(S4)C=C(S3)/C=C(C(C5=C6C=CC(OC)=C5)=O)\C6=C(C#N)\C#N)=C4C7=C2C=C(C8=C7)C9=C(C8(C%10=CC=C(C=C%10)CCCCCC)C%11=CC=C(C=C%11)CCCCCC)C%12=C(C=C(S%12)/C=C(/C(C%13=C%14C=C(OC)C=C%13)=C(C#N)\C#N)C%14=O)S9)C(C=C%15)=CC=C%15CCCCCC,6f31f3770fd225e382586e20513744e11a328b7cc74c758d48628417c600a02b,cef579d5a3f625a055384644babd4b0c76289952b588aa9e5beeb65e46f7d49d,5455708416b0ff94d0827355106fd9ec88944b03b88acb186b5c44bb2c713d60,683d41bfa0acf1b0c48b9da2f9e4edb2768144fe7a86764545aeb55230385051,5cb3b2a7dbb83bf6c90e658d387dbbaaf27a3464909f58b35d8d23f15ccbb86e,385,500,418,242
261,10.75,9.093232154846191,-1.6567678451538086,1.6567678451538086,2.7448796927355943,15.411793908407523,in-house,297,FC(C=C(C1=C2SC=CC2=C(C3=CC(F)=C(CC(CCCC)CC)S3)C4=C1C=C(C5=CC=C(C6=C(C(C(C7=C(CC(CCCC)CC)SC(CC(CC)CCCC)=C78)=O)=C(C9=CC=CC9)S6)C8=O)S5)S4)S%10)=C%10CC(CC)CCCC,c12cc3c(cc1C(c1c2sc2c1sc(c2)/C=C\1/C(=C(C#N)C#N)c2c(C1=O)cccc2)(c1ccc(cc1)CCCCCC)c1ccc(cc1)CCCCCC)c1c(C3(c2ccc(cc2)CCCCCC)c2ccc(cc2)CCCCCC)c2c(s1)cc(s2)/C=C\1/C(=C(C#N)C#N)c2c(C1=O)cccc2,10.75,FC(C=C(C1=C2SC=CC2=C(C3=CC(F)=C(CC(CCCC)CC)S3)C4=C1C=C(C5=CC=C(C6=C(C(C(C7=C(CC(CCCC)CC)SC(CC(CC)CCCC)=C78)=O)=C(C9=CC=CC9)S6)C8=O)S5)S4)S%10)=C%10CC(CC)CCCC||c12cc3c(cc1C(c1c2sc2c1sc(c2)/C=C\1/C(=C(C#N)C#N)c2c(C1=O)cccc2)(c1ccc(cc1)CCCCCC)c1ccc(cc1)CCCCCC)c1c(C3(c2ccc(cc2)CCCCCC)c2ccc(cc2)CCCCCC)c2c(s1)cc(s2)/C=C\1/C(=C(C#N)C#N)c2c(C1=O)cccc2,61eee9608e36bdb1d3a96a3ad1baa39916f3a546e29d11481966a5a2d3d30f3c,202f8607af2cecb83e86b2e4305f8c7e2852bc709bb805b9055691d46a9081c5,8af16a03f48a8c4c8f52818c45a57ec0b0cbb4df411ad7222f8321d1f2f73616,0962aa3d91cf78113a8cb42c57f61e270ac200523648dc5ccdfd9e770dd77be9,3fafb15a92d49a67bd284101d110488aaa47f9f31554ad9555fe6e58913352be,636,48,277,247
264,10.710000038146973,9.453205108642578,-1.2567949295043945,1.2567949295043945,1.579533494827956,11.73477987887891,in-house,300,O=C(C1=C(CCC(CCCC)CC)SC(CCC(CC)CCCC)=C1C2=O)C(C2=C(C3)C(C4)=CC=C4C5=CC6=C(C(C7=CC=C(CCC(CCCC)CC)S7)=C8C=CSC8=C6C9=CC=C(CCC(CCCC)CC)S9)S5)=C3C%10=CC=CS%10,O=C(C(C=CC(F)=C1)=C1C/2=C(C#N)/C#N)C2=C/C3=CC(N4CC(CCCCCC)CCCC)=C(S3)C5=C4C6=C(OCCCCCC)C(S7)=C(C(OCCCCCC)=C6S5)C8=C7C(S9)=C(N8CC(CCCC)CCCCCC)C=C9/C=C(C%10=O)/C(C%11=C%10C=CC(F)=C%11)=C(C#N)/C#N,10.71,O=C(C1=C(CCC(CCCC)CC)SC(CCC(CC)CCCC)=C1C2=O)C(C2=C(C3)C(C4)=CC=C4C5=CC6=C(C(C7=CC=C(CCC(CCCC)CC)S7)=C8C=CSC8=C6C9=CC=C(CCC(CCCC)CC)S9)S5)=C3C%10=CC=CS%10||O=C(C(C=CC(F)=C1)=C1C/2=C(C#N)/C#N)C2=C/C3=CC(N4CC(CCCCCC)CCCC)=C(S3)C5=C4C6=C(OCCCCCC)C(S7)=C(C(OCCCCCC)=C6S5)C8=C7C(S9)=C(N8CC(CCCC)CCCCCC)C=C9/C=C(C%10=O)/C(C%11=C%10C=CC(F)=C%11)=C(C#N)/C#N,6f31f3770fd225e382586e20513744e11a328b7cc74c758d48628417c600a02b,8f837c0afe21e5913faa47b34c5741192788ab04e6d1d3aedf36c8cbbe5eb9bb,2882d43ffee462e8a2b9e6c781d39c5ad2ace9985932a463c9ae0e15e1a22b5c,8ce3bd2a0bcb050db09b96deeed3393e8a53f1416412167690295739b62a424b,8b57d94c2d02826fb29a1187eaedecee84c1d8af49347096835faa027ab80528,174,660,630,250
273,10.600000381469728,11.188310623168944,0.5883102416992152,0.5883102416992152,0.346108940488189,5.550096420068655,in-house,309,O=C(C1=C(CCC(CCCC)CC)SC(CCC(CC)CCCC)=C1C2=O)C(C2=C(C3)C(C4)=CC=C4C5=CC6=C(C(C7=CC=C(CCC(CCCC)CC)S7)=C8C=CSC8=C6C9=CC=C(CCC(CCCC)CC)S9)S5)=C3C%10=CC=CS%10,CCCCCCCCN1C2=C(SC(/C=C3/C(C4=CC(F)=C(C=C4C3=O)F)=C(C#N)\C#N)=C2)C5=C1C6=C(C5)C(C=C7C(C8=CC=C(OCCCCCC)C=C8)(C9=C(C7=C%10)SC%11=C9N(C%12=C%11SC(/C=C%13/C(C%14=CC(F)=C(C=C%14C%13=O)F)=C(C#N)\C#N)=C%12)CCCCCCCC)C(C=C%15)=CC=C%15OCCCCCC)=C%10C(C%16=CC=C(C=C%16)OCCCCCC)6C%17=CC=C(C=C%17)OCCCCCC,10.6,O=C(C1=C(CCC(CCCC)CC)SC(CCC(CC)CCCC)=C1C2=O)C(C2=C(C3)C(C4)=CC=C4C5=CC6=C(C(C7=CC=C(CCC(CCCC)CC)S7)=C8C=CSC8=C6C9=CC=C(CCC(CCCC)CC)S9)S5)=C3C%10=CC=CS%10||CCCCCCCCN1C2=C(SC(/C=C3/C(C4=CC(F)=C(C=C4C3=O)F)=C(C#N)\C#N)=C2)C5=C1C6=C(C5)C(C=C7C(C8=CC=C(OCCCCCC)C=C8)(C9=C(C7=C%10)SC%11=C9N(C%12=C%11SC(/C=C%13/C(C%14=CC(F)=C(C=C%14C%13=O)F)=C(C#N)\C#N)=C%12)CCCCCCCC)C(C=C%15)=CC=C%15OCCCCCC)=C%10C(C%16=CC=C(C=C%16)OCCCCCC)6C%17=CC=C(C=C%17)OCCCCCC,6f31f3770fd225e382586e20513744e11a328b7cc74c758d48628417c600a02b,895a03db15c0102b035952d812c25412f1297bdff15c8c6e43e1dc9dc38f7d04,ad059580ea04564bd871761a6378a14129102a51e904d858259faa177c96a80f,4cc98d36bbd72789eb7c377c7a6424a50252c37705e15cae3fa7ad3fb4a60374,e553ffde7e98eaedf496a015efb3450cf53a599a097b9d42e9b5e762ab315492,806,365,1064,259
277,10.59000015258789,10.511438369750977,-0.07856178283691406,0.07856178283691406,0.006171953722514445,0.7418487413120181,in-house,313,CC(S1)=CC=C1C(C2=NN(CC(CCCCCCCC)CCCCCC)N=C32)=C(F)C(F)=C3C4=CC=C(C(S5)=CC(C5=C6C7=CC=C(SCC(CCCC)CCCCCC)S7)=C(C8=CC=C(SCC(CCCC)CCCCCC)S8)C9=C6C=C(C)S9)S4,O=C(C(C=CC=C1)=C1C/2=C(C#N)\C#N)C2=C\C3=CC(C(C4=CC=C(CCCCCC)C=C4)(C5=CC=C(CCCCCC)C=C5)C6=C7SC8=C6C(C9=CC=C(C=C9)SCC(CC)CCCC)=C%10SC(C%11=C(C%12(C%13=CC=C(CCCCCC)C=C%13)C%14=CC=C(CCCCCC)C=C%14)C=C(/C=C%15C(C(C=CC=C%16)=C%16C/%15=C(C#N)/C#N)=O)S%11)=C%12C%10=C8C%17=CC=C(C=C%17)SCC(CCCC)CC)=C7S3,10.59,CC(S1)=CC=C1C(C2=NN(CC(CCCCCCCC)CCCCCC)N=C32)=C(F)C(F)=C3C4=CC=C(C(S5)=CC(C5=C6C7=CC=C(SCC(CCCC)CCCCCC)S7)=C(C8=CC=C(SCC(CCCC)CCCCCC)S8)C9=C6C=C(C)S9)S4||O=C(C(C=CC=C1)=C1C/2=C(C#N)\C#N)C2=C\C3=CC(C(C4=CC=C(CCCCCC)C=C4)(C5=CC=C(CCCCCC)C=C5)C6=C7SC8=C6C(C9=CC=C(C=C9)SCC(CC)CCCC)=C%10SC(C%11=C(C%12(C%13=CC=C(CCCCCC)C=C%13)C%14=CC=C(CCCCCC)C=C%14)C=C(/C=C%15C(C(C=CC=C%16)=C%16C/%15=C(C#N)/C#N)=O)S%11)=C%12C%10=C8C%17=CC=C(C=C%17)SCC(CCCC)CC)=C7S3,40564853f4ed37b96eff95ced732e076e847dfc607b73dc305f6ef354c6ebb08,55167f572b713447105cc62fe0309a0802498aafaf2ea96ab4f52272135993f6,4232a232d090f4c4711fc85a11002af2a43ec6b7aa717e5efc3d6955fcce46be,51386846c57217836bd242229e81c52f763a045abb3ff63a1265905486152cea,14ad1cceb667ad1698ed3dca86910ba521a0f17837cdfded4a98a33a913587d9,301,391,93,262
278,10.59000015258789,11.34289836883545,0.7528982162475586,0.7528982162475586,0.5668557240287555,7.10952035315667,in-house,314,O=C1C2=C(CC(CC)CCCC)SC(CC(CC)CCCC)=C2C(C3=C(C4=CC=C(C5=CC(C(C6=CC(F)=C(CC(CC)CCCC)S6)=C(SC=C7)C7=C8C9=CC(F)=C(CC(CC)CCCC)S9)=C8S5)S4)SC(C%10=CC=CS%10)=C31)=O,FC1=CC(C(/C2=C/C3=CC4=C(S3)C(C(C5=CC=C(CCCCCC)C=C5)(C6=CC=C(CCCCCC)C=C6)C(C7=C8C)=C9SC7=CC%10=C8SC%11=C%10[C@](C%12=CC=C(CCCCCC)C=C%12)(C%13=C%11SC%14=C%13SC(/C=C%15/C(C%16=C(C%15=O)C=C(F)C(F)=C%16)=C(C#N)\[N+]#[C-])=C%14)C)=C9S4)=C(C#N)/C#N)=C(C2=O)C=C1F,10.59,O=C1C2=C(CC(CC)CCCC)SC(CC(CC)CCCC)=C2C(C3=C(C4=CC=C(C5=CC(C(C6=CC(F)=C(CC(CC)CCCC)S6)=C(SC=C7)C7=C8C9=CC(F)=C(CC(CC)CCCC)S9)=C8S5)S4)SC(C%10=CC=CS%10)=C31)=O||FC1=CC(C(/C2=C/C3=CC4=C(S3)C(C(C5=CC=C(CCCCCC)C=C5)(C6=CC=C(CCCCCC)C=C6)C(C7=C8C)=C9SC7=CC%10=C8SC%11=C%10[C@](C%12=CC=C(CCCCCC)C=C%12)(C%13=C%11SC%14=C%13SC(/C=C%15/C(C%16=C(C%15=O)C=C(F)C(F)=C%16)=C(C#N)\[N+]#[C-])=C%14)C)=C9S4)=C(C#N)/C#N)=C(C2=O)C=C1F,65482d735aa1f382b817dd8d95b1689b39b0b3c26138949c2680844f1b1f5ea0,4308d92db22ef9cfde5e5c7cab34d0fc577526377cd2671c611dfa7006ccf340,0427c4cfc3ad5acee2ab8911df056159074867d63f07b767b2279ae1211489a3,2ef59b4bdf28ab180b359ff150b2dd8320a5d84b104d73930140c50adc9df7e3,c62667470252df6ffa674e937efeded1468ce28d04f37951c3ec96ef6049fce7,17,231,908,263
280,10.5600004196167,9.086097717285156,-1.473902702331543,1.473902702331543,2.172389175940225,13.957411399279488,in-house,317,FC(C(F)=C(C1=NN(N=C21)CCC(CCCC)CCCCCC)C3=CC=C(S3)C)=C2C(S4)=CC=C4C5=CC(C(CCCC(CCCCCC)CCCC)=C6SC(C)=CC6=C7CCCC(CCCC)CCCCCC)=C7S5,O=C(C(C=C(F)C=C1)=C1C/2=C(C#N)\C#N)C2=C/C(S3)=CC4=C3C(C5(C6=CC=C(CCCCCC)C=C6)C7=CC=C(CCCCCC)C=C7)=C(S4)C8=C5C9=C(CCCCCC)C(S%10)=C(C(CCCCCC)=C9S8)C%11=C%10C(S%12)=C(C%11(C%13=CC=C(CCCCCC)C=C%13)C%14=CC=C(CCCCCC)C=C%14)C%15=C%12C=C(/C=C%16C(C(C=C(F)C=C%17)=C%17C\%16=C(C#N)/C#N)=O)S%15,10.56,FC(C(F)=C(C1=NN(N=C21)CCC(CCCC)CCCCCC)C3=CC=C(S3)C)=C2C(S4)=CC=C4C5=CC(C(CCCC(CCCCCC)CCCC)=C6SC(C)=CC6=C7CCCC(CCCC)CCCCCC)=C7S5||O=C(C(C=C(F)C=C1)=C1C/2=C(C#N)\C#N)C2=C/C(S3)=CC4=C3C(C5(C6=CC=C(CCCCCC)C=C6)C7=CC=C(CCCCCC)C=C7)=C(S4)C8=C5C9=C(CCCCCC)C(S%10)=C(C(CCCCCC)=C9S8)C%11=C%10C(S%12)=C(C%11(C%13=CC=C(CCCCCC)C=C%13)C%14=CC=C(CCCCCC)C=C%14)C%15=C%12C=C(/C=C%16C(C(C=C(F)C=C%17)=C%17C\%16=C(C#N)/C#N)=O)S%15,45e95ea37da5bc3e18f2c067cb95f73c851335176098d8fca22fcb29952b2779,584d18a54cda29e39584acace3dd42d114fb8e15e5ce0c6d6ef862c4824c0a5c,8acbefde3ccc413a2f9b5dd2454b313ea009563052da150bf371701b116fe40f,90ab22e3374b2fba6ce6b44bb659d949d1337b2f4446191e097ef4ca0d88075c,1327b5a3b4eeffce25d4cd14a0f14c892598159b3346a3bdbfab678ee91d356d,632,678,82,265
281,10.550000190734863,8.672870635986328,-1.8771295547485352,1.8771295547485352,3.523615365310434,17.792696879731366,in-house,318,FC1=C(C(OCC(CCCC)CC)=O)SC2=CSC(C3=CC4=C(C5=C(C(C6=CC=C(CC(CC)CCCC)S6)=C4S3)C=CS5)C7=CC=C(CC(CC)CCCC)S7)=C12,O=C(C1=CC=CC=C1C/2=C(C#N)/C#N)C2=C/C3=CC4=C(C5=C(C(C6=CC=C(C=C6)CCCCCC)4C7=CC=C(C=C7)CCCCCC)C8=C(S5)C(OCCCCCCCC)=C9C(C(C%10=CC=C(C=C%10)CCCCCC)(C%11=C%12SC(/C=C%13C(C%14=CC=CC=C%14C\%13=C(C#N)/C#N)=O)=C%11)C%15=CC=C(CCCCCC)C=C%15)=C%12SC9=C8OCCCCCCCC)S3,10.55,FC1=C(C(OCC(CCCC)CC)=O)SC2=CSC(C3=CC4=C(C5=C(C(C6=CC=C(CC(CC)CCCC)S6)=C4S3)C=CS5)C7=CC=C(CC(CC)CCCC)S7)=C12||O=C(C1=CC=CC=C1C/2=C(C#N)/C#N)C2=C/C3=CC4=C(C5=C(C(C6=CC=C(C=C6)CCCCCC)4C7=CC=C(C=C7)CCCCCC)C8=C(S5)C(OCCCCCCCC)=C9C(C(C%10=CC=C(C=C%10)CCCCCC)(C%11=C%12SC(/C=C%13C(C%14=CC=CC=C%14C\%13=C(C#N)/C#N)=O)=C%11)C%15=CC=C(CCCCCC)C=C%15)=C%12SC9=C8OCCCCCCCC)S3,2249a87c8fc0450476e55f070a85b71ffa6beb368356c28f1302bad8bac422cb,fd380d78f0752a1d8f5ee6cd01a65d144d410ba65f767cbf2ed76831ffc16b59,e4906c0223633cea19a24dc719d83569788227ce39b5306b08f21e4d767966a2,a8e9b4ddbe6a595e9de2129ee2f599dcae2af49c266af92bac8a0359d7528743,7ac8fdbf577b4ce0fda0a3d23fd3d696e874687c7e042a0bcd6e70131df2c336,1082,775,554,266
282,10.539999961853027,10.684587478637695,0.14458751678466797,0.14458751678466797,0.02090555000995664,1.371798076925687,in-house,320,O=C(C1=C(CC(CCCC)CC)SC(CC(CCCC)CC)=C12)C3=C(C4=CC=CS4)SC(C(S5)=CC=C5C6=CC7=C(C8=CC=C(CC(CCCC)CCCCCC)C=C8)C(SC=C9)=C9C(C%10=CC=C(CC(CCCCCC)CCCC)C=C%10)=C7S6)=C3C2=O,O=C1C(/C(C2=C1C=C(F)C=C2)=C(C#N)/C#N)=C\C3=CC4=C(S3)C(C(C5=CC=C(CCCCCC)C=C5)(C(C=C6C7=C8C9=C(C=C(S9)/C=C%10C(C(C=C(F)C=C%11)=C%11C\%10=C(C#N)\C#N)=O)S7)=C%12C=C6C8(C%13=CC=C(CCCCCC)C=C%13)C%14=CC=C(C=C%14)CCCCCC)C%15=CC=C(CCCCCC)C=C%15)=C%12S4,10.54,O=C(C1=C(CC(CCCC)CC)SC(CC(CCCC)CC)=C12)C3=C(C4=CC=CS4)SC(C(S5)=CC=C5C6=CC7=C(C8=CC=C(CC(CCCC)CCCCCC)C=C8)C(SC=C9)=C9C(C%10=CC=C(CC(CCCCCC)CCCC)C=C%10)=C7S6)=C3C2=O||O=C1C(/C(C2=C1C=C(F)C=C2)=C(C#N)/C#N)=C\C3=CC4=C(S3)C(C(C5=CC=C(CCCCCC)C=C5)(C(C=C6C7=C8C9=C(C=C(S9)/C=C%10C(C(C=C(F)C=C%11)=C%11C\%10=C(C#N)\C#N)=O)S7)=C%12C=C6C8(C%13=CC=C(CCCCCC)C=C%13)C%14=CC=C(C=C%14)CCCCCC)C%15=CC=C(CCCCCC)C=C%15)=C%12S4,826e531b71e4c0ef06b575364b50a339b3da70c19584a5cd5231c22bd6d85201,d9ce3028b8032645a15bd52f29a24add951be555bdcb6b242a5386de4a975e5c,10d3239d26b14aba615e7c92a86c77b340f64844896af328f18842a0769801ae,893f3083c9595a9f0da1e7e0f86fdedc6d6889d706194dc84a4d1064253228cc,728327f7fabc521faacd52afa4a14f65584865660130f547022298f0f32cf9bc,74,646,515,267
283,10.520000457763672,12.034770965576172,1.5147705078125,1.5147705078125,2.294529691338539,14.398958573187247,in-house,323,FC(C(F)=C(C1=NN(N=C21)CC(CCCCCC)CCCCCCCC)C3=CCC(C)S3)=C2C(S4)=CC=C4C(OC5=C(C6=C7OC(C)=C6)C8=CC(F)=C(CC(CC)CCCC)S8)=CC5=C7C9=CC(F)=C(S9)CC(CC)CCCC,O=C(C/1=C\C2=C(C3=C(S2)C(N4C5=CC=C(CCCCCC)C=C5)=C(C6=C4C7=C(C8=NSN=C68)C(SC9=C%10SC(/C=C%11C(C%12=CC(F)=C(C=C%12C\%11=C(C#N)/C#N)F)=O)=C9CCCCCCCCCCC)=C%10N7C%13=CC=C(CCCCCC)C=C%13)S3)CCCCCCCCCCC)C%14=CC(F)=C(F)C=C%14C1=C(C#N)/C#N,10.52,FC(C(F)=C(C1=NN(N=C21)CC(CCCCCC)CCCCCCCC)C3=CCC(C)S3)=C2C(S4)=CC=C4C(OC5=C(C6=C7OC(C)=C6)C8=CC(F)=C(CC(CC)CCCC)S8)=CC5=C7C9=CC(F)=C(S9)CC(CC)CCCC||O=C(C/1=C\C2=C(C3=C(S2)C(N4C5=CC=C(CCCCCC)C=C5)=C(C6=C4C7=C(C8=NSN=C68)C(SC9=C%10SC(/C=C%11C(C%12=CC(F)=C(C=C%12C\%11=C(C#N)/C#N)F)=O)=C9CCCCCCCCCCC)=C%10N7C%13=CC=C(CCCCCC)C=C%13)S3)CCCCCCCCCCC)C%14=CC(F)=C(F)C=C%14C1=C(C#N)/C#N,6cb9c2c24836a9542be1a9565ff1b1e3eef04b608c5a783188e9af85bef72b6f,3bc5e962960694d5a8c90d751d3f10c939059169c6882aed8bdcfb92d36d6776,97e82a2d2790878187d9411e370c49ca87fef5fcfa4a1036e0a7dddbf893333c,53bcc35b7187621dc5b91d0dda2fbd1193678e32ace398083fc632915a4e52a2,90d288a13f16ef91ab069d11125835bf04abfbbe871f7426b67fe6c3d67044cd,694,400,656,268
298,10.420000076293944,9.009678840637209,-1.4103212356567347,1.4103212356567347,1.9890059877443391,13.534752642327621,in-house,340,FC1=C(F)C=C(N=C(OCC(CCCCCC)CCCCCCCC)C=N2)C2=C1C3=CC=CS3,FC(C=C1C2=CC(C3(CC(CCCC)CC)CC(CCCC)CC)=C(S2)C(S4)=C3C=C4/C=C(C(C5=CC(Cl)=C(C=C56)Cl)=O)/C6=C(C#N)/C#N)=C(C=C1F)C7=CC8=C(C9=C(C8(CC(CCCC)CC)CC(CCCC)CC)C=C(/C=C%10C(C%11=CC(Cl)=C(C=C%11C\%10=C(C#N)\C#N)Cl)=O)S9)S7,10.42,FC1=C(F)C=C(N=C(OCC(CCCCCC)CCCCCCCC)C=N2)C2=C1C3=CC=CS3||FC(C=C1C2=CC(C3(CC(CCCC)CC)CC(CCCC)CC)=C(S2)C(S4)=C3C=C4/C=C(C(C5=CC(Cl)=C(C=C56)Cl)=O)/C6=C(C#N)/C#N)=C(C=C1F)C7=CC8=C(C9=C(C8(CC(CCCC)CC)CC(CCCC)CC)C=C(/C=C%10C(C%11=CC(Cl)=C(C=C%11C\%10=C(C#N)\C#N)Cl)=O)S9)S7,6d0ebf843ec88894476605165efae2bf8fd910afe87a5868bc4b56e85a61a93d,a7c4b5541b8a9fcdc451b3fdf50c088a6f31721140ab77690d39d1dcc9517b61,436f4cf797f6aea78a302e8ba7921e7dbfd166ac8af60adb5bed5c005999d50a,2d07d3bac87d3e601347ce0e76a94ce220455c02c840baab25d72b908ce77610,014d60ba993de23f70093e8c8a23617a32fc10e3031c0526016e9b9e66e83ce9,308,216,7,282
321,10.199999809265137,8.53935432434082,-1.6606454849243164,1.6606454849243164,2.757743426599518,16.28083839193678,in-house,366,FC1=C(C(OCC(CCCC)CC)=O)SC2=CSC(C3=CC4=C(C5=C(C(C6=CC=C(CC(CC)CCCC)S6)=C4S3)C=CS5)C7=CC=C(CC(CC)CCCC)S7)=C12,O=C(C1=CC(F)=C(F)C=C1C/2=C(C#N)\C#N)C2=C/C3=CC(OCC(CC)CCCC)=C(C4=CC5=C(C6=CC7=C(C8=C(C7(C9=CC=C(C=C9)CCCCCC)C%10=CC=C(C=C%10)CCCCCC)C=C(C%11=C(OCC(CC)CCCC)C=C(/C=C%12C(C%13=CC(F)=C(F)C=C%13C\%12=C(C#N)\C#N)=O)S%11)S8)C=C6C5(C%14=CC=C(C=C%14)CCCCCC)C%15=CC=C(C=C%15)CCCCCC)S4)S3,10.2,FC1=C(C(OCC(CCCC)CC)=O)SC2=CSC(C3=CC4=C(C5=C(C(C6=CC=C(CC(CC)CCCC)S6)=C4S3)C=CS5)C7=CC=C(CC(CC)CCCC)S7)=C12||O=C(C1=CC(F)=C(F)C=C1C/2=C(C#N)\C#N)C2=C/C3=CC(OCC(CC)CCCC)=C(C4=CC5=C(C6=CC7=C(C8=C(C7(C9=CC=C(C=C9)CCCCCC)C%10=CC=C(C=C%10)CCCCCC)C=C(C%11=C(OCC(CC)CCCC)C=C(/C=C%12C(C%13=CC(F)=C(F)C=C%13C\%12=C(C#N)\C#N)=O)S%11)S8)C=C6C5(C%14=CC=C(C=C%14)CCCCCC)C%15=CC=C(C=C%15)CCCCCC)S4)S3,2249a87c8fc0450476e55f070a85b71ffa6beb368356c28f1302bad8bac422cb,0a6189846e89cf828a3f20d50d9d712b7538b2d40776aced38f06bfa2a63caa3,ef2a3f1a57f973a4decc367338259a9f1c7a8e9b3698a6d541b94658513eb148,4b210cb77cd34f5fab88cccba999c877ae7d5c71a1d7c666ac12384dbcff512f,e0f78589b4d54979baeeca807f6bdd933cf7e233ad32b8a64ed9dfd7905fbe2c,1126,358,1044,94
322,10.199999809265137,8.00065803527832,-2.1993417739868164,2.1993417739868164,4.837104238803477,21.562174657974516,in-house,367,FC1=C(C(OCC(CCCC)CC)=O)SC2=CSC(C3=CC4=C(C5=C(C(C6=CC=C(CC(CC)CCCC)S6)=C4S3)C=CS5)C7=CC=C(CC(CC)CCCC)S7)=C12,O=C(C1=CC(F)=C(C=C1C/2=C(C#N)\C#N)F)C2=C/C3=CC(OCC(CCCC)CC)=C(C4=CC5=C(C6=C(C5(CC(CCCC)CC)CC(CC)CCCC)C=C(C7=C(CC(CCCC)CC)C=C(/C=C8C(C9=CC(F)=C(C=C9C\8=C(C#N)\C#N)F)=O)S7)S6)S4)S3,10.2,FC1=C(C(OCC(CCCC)CC)=O)SC2=CSC(C3=CC4=C(C5=C(C(C6=CC=C(CC(CC)CCCC)S6)=C4S3)C=CS5)C7=CC=C(CC(CC)CCCC)S7)=C12||O=C(C1=CC(F)=C(C=C1C/2=C(C#N)\C#N)F)C2=C/C3=CC(OCC(CCCC)CC)=C(C4=CC5=C(C6=C(C5(CC(CCCC)CC)CC(CC)CCCC)C=C(C7=C(CC(CCCC)CC)C=C(/C=C8C(C9=CC(F)=C(C=C9C\8=C(C#N)\C#N)F)=O)S7)S6)S4)S3,2249a87c8fc0450476e55f070a85b71ffa6beb368356c28f1302bad8bac422cb,d9c2b5ccfd17eed0deee5be55d6b3126d6cbab3cb2b09cb5a3cf0d98e3ef3d77,b951484443bf29d963d0c35dae303b30a799cd9920974826a95b55832f1c4a0f,11e7a45e1d39a135c23c494a97f1684a92fd78e8592b365dfc8bbefeab614c90,f86ebbaccebdc9533596b5dd95fad5e4321aa94e026b926f33939bcedff7cfb3,874,87,1161,305
325,10.199999809265137,10.311613082885742,0.11161327362060547,0.11161327362060547,0.012457522848308145,1.0942478010560541,in-house,371,O=C(C1=C(CCC(CCCC)CC)SC(CCC(CC)CCCC)=C1C2=O)C(C2=C(C3)C(C4)=CC=C4C5=CC6=C(C(C7=CC=C(CCC(CCCC)CC)S7)=C8C=CSC8=C6C9=CC=C(CCC(CCCC)CC)S9)S5)=C3C%10=CC=CS%10,O=C(C1=C(C=C(Cl)C(Cl)=C1)C/2=C(C#N)\C#N)C2=C/C3=CC(C4(CC(CC)CCCC)CC(CC)CCCC)=C(S3)C(S5)=C4C=C5C(C6=NSN=C76)=CC=C7C8=CC9=C(C%10=C(C9(CC(CCC)CCCC)CC(CC)CCCC)C=C(/C=C%11C(C%12=C(C=C(Cl)C(Cl)=C%12)C\%11=C(C#N)\C#N)=O)S%10)S8,10.2,O=C(C1=C(CCC(CCCC)CC)SC(CCC(CC)CCCC)=C1C2=O)C(C2=C(C3)C(C4)=CC=C4C5=CC6=C(C(C7=CC=C(CCC(CCCC)CC)S7)=C8C=CSC8=C6C9=CC=C(CCC(CCCC)CC)S9)S5)=C3C%10=CC=CS%10||O=C(C1=C(C=C(Cl)C(Cl)=C1)C/2=C(C#N)\C#N)C2=C/C3=CC(C4(CC(CC)CCCC)CC(CC)CCCC)=C(S3)C(S5)=C4C=C5C(C6=NSN=C76)=CC=C7C8=CC9=C(C%10=C(C9(CC(CCC)CCCC)CC(CC)CCCC)C=C(/C=C%11C(C%12=C(C=C(Cl)C(Cl)=C%12)C\%11=C(C#N)\C#N)=O)S%10)S8,6f31f3770fd225e382586e20513744e11a328b7cc74c758d48628417c600a02b,ecca12b886f1a6da9f22f23a538d8d63f4f5a3848ccea19d72d59ddb82a5e598,9ea2f56ba25d4dd613e4b5ddc6efbf1bcb998cd69102911469a23e2724d9baab,4a7741c5c7336610a6d22311ef9a970b689e5a97b35d47ea11296ca96b08ee1c,a12225afb720d4ce6c87acb4d4060cb620a8e6a8c2f2345c7162795b9ca98b82,724,353,735,308
329,10.170000076293944,10.59644889831543,0.42644882202148615,0.42644882202148615,0.18185859780351318,4.193203724899957,in-house,375,O=C(C1=C(CC(CCCC)CC)SC(CC(CCCC)CC)=C12)C3=C(C4=CC=CS4)SC(C(S5)=CC=C5C6=CC7=C(C8=CC=C(CC(CCCC)CCCCCC)C=C8)C(SC=C9)=C9C(C%10=CC=C(CC(CCCCCC)CCCC)C=C%10)=C7S6)=C3C2=O,O=C(C1=C(C=C(F)C=C1)C/2=C(C#N)\C#N)C2=C/C3=CC(C4(C5=CC=C(C=C5)CCCCCC)C(C=C6)=CC=C6CCCCCC)=C(C(C=C7C8(C9=CC=C(CCCCCC)C=C9)C%10=CC=C(CCCCCC)C=C%10)=C4C=C7C%11=C8C%12=C(C=C(/C=C%13/C(C%14=C(C%13=O)C=C(C=C%14)F)=C(C#N)/C#N)S%12)S%11)S3,10.17,O=C(C1=C(CC(CCCC)CC)SC(CC(CCCC)CC)=C12)C3=C(C4=CC=CS4)SC(C(S5)=CC=C5C6=CC7=C(C8=CC=C(CC(CCCC)CCCCCC)C=C8)C(SC=C9)=C9C(C%10=CC=C(CC(CCCCCC)CCCC)C=C%10)=C7S6)=C3C2=O||O=C(C1=C(C=C(F)C=C1)C/2=C(C#N)\C#N)C2=C/C3=CC(C4(C5=CC=C(C=C5)CCCCCC)C(C=C6)=CC=C6CCCCCC)=C(C(C=C7C8(C9=CC=C(CCCCCC)C=C9)C%10=CC=C(CCCCCC)C=C%10)=C4C=C7C%11=C8C%12=C(C=C(/C=C%13/C(C%14=C(C%13=O)C=C(C=C%14)F)=C(C#N)/C#N)S%12)S%11)S3,826e531b71e4c0ef06b575364b50a339b3da70c19584a5cd5231c22bd6d85201,84f3f51739087118e5b0854d9bcc923d53c7a278c9af3962449e061c9400137d,32174e92dc4cda3937fdcdce2d736b440079b15e7db5440596c9a59eaa0b5896,9facf3cd6b66958a3145fe98f129ef96243befa7a1d93ec83cf2f3501d8d2098,1a6b687557c6cee758ab9e01f3be944c99ce169399816ba2c3c8bd09f54329ab,223,746,113,312
330,10.149999618530272,6.646507263183594,-3.503492355346678,3.503492355346678,12.274458683972613,34.517167359795295,in-house,376,FC1=C(C(OCC(CCCC)CC)=O)SC2=CSC(C3=CC4=C(C5=C(C(C6=CC=C(CC(CC)CCCC)S6)=C4S3)C=CS5)C7=CC=C(CC(CC)CCCC)S7)=C12,c1c(c2c(c(c1)c1ccc3c(c1)C(c1c3c3c(c4c1c1c(C4(CCCC)CCCC)cc(cc1)c1ccc(c4c1nsn4)/C=c/1\sc(=C(C#N)C#N)n(c1=O)CC)c1c(C3(CCCC)CCCC)cc(cc1)c1ccc(c3c1nsn3)/C=c/1\sc(=C(C#N)C#N)n(c1=O)CC)(CCCC)CCCC)nsn2)/C=c/1\sc(=C(C#N)C#N)n(c1=O)CC,10.15,FC1=C(C(OCC(CCCC)CC)=O)SC2=CSC(C3=CC4=C(C5=C(C(C6=CC=C(CC(CC)CCCC)S6)=C4S3)C=CS5)C7=CC=C(CC(CC)CCCC)S7)=C12||c1c(c2c(c(c1)c1ccc3c(c1)C(c1c3c3c(c4c1c1c(C4(CCCC)CCCC)cc(cc1)c1ccc(c4c1nsn4)/C=c/1\sc(=C(C#N)C#N)n(c1=O)CC)c1c(C3(CCCC)CCCC)cc(cc1)c1ccc(c3c1nsn3)/C=c/1\sc(=C(C#N)C#N)n(c1=O)CC)(CCCC)CCCC)nsn2)/C=c/1\sc(=C(C#N)C#N)n(c1=O)CC,2249a87c8fc0450476e55f070a85b71ffa6beb368356c28f1302bad8bac422cb,a222cc557aecf625c4e545abe4e40ffb0793f72ebace37d4abe040cc1b9df824,1b658d46b79618f53e3cbce363e33f2470b1bd03d77df460de71e8e1ca5be3b2,21ca568fe29ad99369f07c6a3c73f7894f9f2e7e9e86badc0871e5ee24dbc7a5,5ab220271ca0dd30f5d901679d180914cb38eec749f4087eb876f7cb165e0568,132,159,405,313
331,10.140000343322754,11.51607894897461,1.3760786056518555,1.3760786056518555,1.8935923289327548,13.570794468049607,in-house,377,CC(S1)=CC=C1C(C2=NN(CC(CCCCCCCC)CCCCCC)N=C32)=C(F)C(F)=C3C4=CC=C(C(S5)=CC(C5=C6C7=CC=C(SCC(CCCC)CCCCCC)S7)=C(C8=CC=C(SCC(CCCC)CCCCCC)S8)C9=C6C=C(C)S9)S4,O=C(C(C=C(C=CC=C1)C1=C2)=C2C/3=C(C#N)\C#N)C3=C\C4=CC(C(C5=CC=C(CCCCCC)C=C5)(C6=CC=C(CCCCCC)C=C6)C7=C8SC9=C7C(C%10=CC=C(C=C%10)SCC(CC)CCCC)=C%11SC(C%12=C(C%13(C%14=CC=C(CCCCCC)C=C%14)C%15=CC=C(CCCCCC)C=C%15)C=C(/C=C%16C(C(C=C(C=CC=C%17)C%17=C%18)=C%18C/%16=C(C#N)/C#N)=O)S%12)=C%13C%11=C9C%19=CC=C(C=C%19)SCC(CCCC)CC)=C8S4,10.14,CC(S1)=CC=C1C(C2=NN(CC(CCCCCCCC)CCCCCC)N=C32)=C(F)C(F)=C3C4=CC=C(C(S5)=CC(C5=C6C7=CC=C(SCC(CCCC)CCCCCC)S7)=C(C8=CC=C(SCC(CCCC)CCCCCC)S8)C9=C6C=C(C)S9)S4||O=C(C(C=C(C=CC=C1)C1=C2)=C2C/3=C(C#N)\C#N)C3=C\C4=CC(C(C5=CC=C(CCCCCC)C=C5)(C6=CC=C(CCCCCC)C=C6)C7=C8SC9=C7C(C%10=CC=C(C=C%10)SCC(CC)CCCC)=C%11SC(C%12=C(C%13(C%14=CC=C(CCCCCC)C=C%14)C%15=CC=C(CCCCCC)C=C%15)C=C(/C=C%16C(C(C=C(C=CC=C%17)C%17=C%18)=C%18C/%16=C(C#N)/C#N)=O)S%12)=C%13C%11=C9C%19=CC=C(C=C%19)SCC(CCCC)CC)=C8S4,40564853f4ed37b96eff95ced732e076e847dfc607b73dc305f6ef354c6ebb08,5355c1397adf88c9e98719700f7ae56ff1b9e7f058930fcba5d25282ad610a02,e0b23e2a8142bc099fab8dd867ec7f633d4ab38ef89108783798cae8683f3a09,ca5d8225d48aad368c1eb98824268903a2907aba82bf374af403059538d70559,5bb234916040e175988f44378b07eb5ebc08191441e24d061ef551422abd53ca,1067,930,411,314
343,10.039999961853027,9.870782852172852,-0.16921710968017578,0.16921710968017578,0.02863443020851264,1.685429385688407,in-house,395,O=C(C1=C(CCC(CCCC)CC)SC(CCC(CC)CCCC)=C1C2=O)C(C2=C(C3)C(C4)=CC=C4C5=CC6=C(C(C7=CC=C(CCC(CCCC)CC)S7)=C8C=CSC8=C6C9=CC=C(CCC(CCCC)CC)S9)S5)=C3C%10=CC=CS%10,[H]C1=CC2=C(C(/C(C2=O)=C/C3=C(C(OC)=C(C4=CC(SC5=C6C(C7=CC=C(C=C7)CCCCCC)(C8=C5C=C(C9=C8)C(C(C=C%10)=CC=C%10CCCCCC)(C%11=CC=C(CCCCCC)C=C%11)C%12=C9SC%13=C%12SC(C%14=C(OC)C(OC)=C(/C=C%15/C(C(C=C(F)C([H])=C%16)=C%16C%15=O)=C(C#N)/C#N)S%14)=C%13)C%17=CC=C(CCCCCC)C=C%17)=C6S4)S3)OC)=C(C#N)\C#N)C=C1F,10.04,O=C(C1=C(CCC(CCCC)CC)SC(CCC(CC)CCCC)=C1C2=O)C(C2=C(C3)C(C4)=CC=C4C5=CC6=C(C(C7=CC=C(CCC(CCCC)CC)S7)=C8C=CSC8=C6C9=CC=C(CCC(CCCC)CC)S9)S5)=C3C%10=CC=CS%10||[H]C1=CC2=C(C(/C(C2=O)=C/C3=C(C(OC)=C(C4=CC(SC5=C6C(C7=CC=C(C=C7)CCCCCC)(C8=C5C=C(C9=C8)C(C(C=C%10)=CC=C%10CCCCCC)(C%11=CC=C(CCCCCC)C=C%11)C%12=C9SC%13=C%12SC(C%14=C(OC)C(OC)=C(/C=C%15/C(C(C=C(F)C([H])=C%16)=C%16C%15=O)=C(C#N)/C#N)S%14)=C%13)C%17=CC=C(CCCCCC)C=C%17)=C6S4)S3)OC)=C(C#N)\C#N)C=C1F,6f31f3770fd225e382586e20513744e11a328b7cc74c758d48628417c600a02b,8e8b8df49425a0dc8d48da06efefee519a5ea106dda60c521e7847648020877d,6a0343389e99de53a3a7c7928d6c1ed1af8d3b6b5c5d41b273b708a9a7db3273,aea954a03bd4d813863126b56d3033b3628a43a893fd9670e07e84c1a422ae10,b6bf21a17f4b775dd158cc958aab2240b54a5b344ea02e7252cc84497f218ed8,481,796,844,324
347,9.9399995803833,12.410880088806152,2.4708805084228516,2.4708805084228516,6.105250486903969,24.857953850412244,in-house,399,CC(S1)=CC=C1C2=C3C(C(C4=C(SC(CC(CC)CCCC)=C4C3=O)CC(CCCC)CC)=O)=C(S2)C(S5)=CC=C5C6=CC7=C(C8=CC(Cl)=C(CCCCCC[H])C8)C9=C(C=C(S9)C)C(C%10=CC(Cl)=C(CCCCCC[H])C%10)=C7S6,O=C(C/1=C\C2=C(C3=C(S2)C(N4C5=CC=C(CCCCCC)C=C5)=C(C6=C4C7=C(C8=NSN=C68)C(SC9=C%10SC(/C=C%11C(C%12=CC(F)=C(C=C%12C\%11=C(C#N)/C#N)F)=O)=C9CCCCCCCCCCC)=C%10N7C%13=CC=C(CCCCCC)C=C%13)S3)CCCCCCCCCCC)C%14=CC(F)=C(F)C=C%14C1=C(C#N)/C#N,9.94,CC(S1)=CC=C1C2=C3C(C(C4=C(SC(CC(CC)CCCC)=C4C3=O)CC(CCCC)CC)=O)=C(S2)C(S5)=CC=C5C6=CC7=C(C8=CC(Cl)=C(CCCCCC[H])C8)C9=C(C=C(S9)C)C(C%10=CC(Cl)=C(CCCCCC[H])C%10)=C7S6||O=C(C/1=C\C2=C(C3=C(S2)C(N4C5=CC=C(CCCCCC)C=C5)=C(C6=C4C7=C(C8=NSN=C68)C(SC9=C%10SC(/C=C%11C(C%12=CC(F)=C(C=C%12C\%11=C(C#N)/C#N)F)=O)=C9CCCCCCCCCCC)=C%10N7C%13=CC=C(CCCCCC)C=C%13)S3)CCCCCCCCCCC)C%14=CC(F)=C(F)C=C%14C1=C(C#N)/C#N,8b29d3d5301cf2d653354de8d3aaa7257489649af4af132858ce9d7190182aeb,3bc5e962960694d5a8c90d751d3f10c939059169c6882aed8bdcfb92d36d6776,c48c419210053590d16cf032d67cc029a35dd4ddb24f9adfadc92310e088c79f,811678e23af12f80039d8229d64bf8022abeb598750df9184c79a248775fcc55,ec64b345b9ec85a4351c21d81febc659c063b55dd4fe2a684e02c6f3640199ce,943,616,1108,328
351,9.890000343322754,10.557418823242188,0.6674184799194336,0.6674184799194336,0.4454474273379674,6.748417156224288,in-house,404,O=C1C2=C(CC(CC)CCCC)SC(CC(CC)CCCC)=C2C(C3=C(C4=CC=C(C5=CC(C(C6=CC(F)=C(CC(CC)CCCC)S6)=C(SC=C7)C7=C8C9=CC(F)=C(CC(CC)CCCC)S9)=C8S5)S4)SC(C%10=CC=CS%10)=C31)=O,O=C(C1=C(C=C(F)C(F)=C1)C/2=C(C#N)\C#N)C2=C/C3=CC(C4(C5=CC=C(C=C5)CCCCCC)C6=CC=C(CCCCCC)C=C6)=C(C7=C4C=C(C8=NN=C(C9=CC%10=C(C%11=C(C%10(C%12=CC=C(CCCCCC)C=C%12)C%13=CC=C(CCCCCC)C=C%13)C=C(/C=C%14C(C%15=C(C=C(F)C(F)=C%15)C\%14=C(C#N)\C#N)=O)S%11)S9)C=C8)S7)S3,9.89,O=C1C2=C(CC(CC)CCCC)SC(CC(CC)CCCC)=C2C(C3=C(C4=CC=C(C5=CC(C(C6=CC(F)=C(CC(CC)CCCC)S6)=C(SC=C7)C7=C8C9=CC(F)=C(CC(CC)CCCC)S9)=C8S5)S4)SC(C%10=CC=CS%10)=C31)=O||O=C(C1=C(C=C(F)C(F)=C1)C/2=C(C#N)\C#N)C2=C/C3=CC(C4(C5=CC=C(C=C5)CCCCCC)C6=CC=C(CCCCCC)C=C6)=C(C7=C4C=C(C8=NN=C(C9=CC%10=C(C%11=C(C%10(C%12=CC=C(CCCCCC)C=C%12)C%13=CC=C(CCCCCC)C=C%13)C=C(/C=C%14C(C%15=C(C=C(F)C(F)=C%15)C\%14=C(C#N)\C#N)=O)S%11)S9)C=C8)S7)S3,65482d735aa1f382b817dd8d95b1689b39b0b3c26138949c2680844f1b1f5ea0,0509823377c044dfdeb3a7341d3f4d67a53be90d34debbf3ee442b2c796a54df,b68d9ea913e0b34a919171631ee50ffc5fa3179d5f0aa1da0be872609b241c5b,caa77e2a286e28ba18687851eac35988c661663c808e9742cf72c7375b07ecc3,6e0439d2a2337d36b8376d41179a4191513782263e9b76b53492db1c39d74c6a,860,932,498,332
355,9.81999969482422,8.06148910522461,-1.7585105895996112,1.7585105895996112,3.092359493733972,17.9074403691322,in-house,409,FC1=C(C(OCC(CCCC)CC)=O)SC2=CSC(C3=CC4=C(C5=C(C(C6=CC=C(CC(CC)CCCC)S6)=C4S3)C=CS5)C7=CC=C(CC(CC)CCCC)S7)=C12,FC1=C(C(OC(CC)CCCCC)=O)SC2=C(/C=C3C(C4=C(C=C(C([H])=C4)[H])C\3=C(C#N)\C#N)=O)SC(C5=CC6=C(S5)C7=C(C=C(C(C8(C9C=CC(CCCCCC)=CC9)C%10=CC=C(C=C%10)CCCCCC)=C7)C%11=C8C=C(S%11)C%12=C%13C(SC(C(OC(CC)CCCCC)=O)=C%13F)=C(S%12)/C=C%14C(C%15=C(C=C(C([H])=C%15)[H])C\%14=C(C#N)\C#N)=O)C6(C%16=CC=C(C=C%16)CCCCCC)C%17=CC=C(C=C%17)CCCCCC)=C12,9.82,FC1=C(C(OCC(CCCC)CC)=O)SC2=CSC(C3=CC4=C(C5=C(C(C6=CC=C(CC(CC)CCCC)S6)=C4S3)C=CS5)C7=CC=C(CC(CC)CCCC)S7)=C12||FC1=C(C(OC(CC)CCCCC)=O)SC2=C(/C=C3C(C4=C(C=C(C([H])=C4)[H])C\3=C(C#N)\C#N)=O)SC(C5=CC6=C(S5)C7=C(C=C(C(C8(C9C=CC(CCCCCC)=CC9)C%10=CC=C(C=C%10)CCCCCC)=C7)C%11=C8C=C(S%11)C%12=C%13C(SC(C(OC(CC)CCCCC)=O)=C%13F)=C(S%12)/C=C%14C(C%15=C(C=C(C([H])=C%15)[H])C\%14=C(C#N)\C#N)=O)C6(C%16=CC=C(C=C%16)CCCCCC)C%17=CC=C(C=C%17)CCCCCC)=C12,2249a87c8fc0450476e55f070a85b71ffa6beb368356c28f1302bad8bac422cb,744f630a6b1d67c8823d0029f233a6ce86135152a2212d9930127e19d63dba24,4daa3ade6ee136d252538f249b0ced2190bfbb8431fba32469414b1a660e954e,302822de49a917335c3fc17f164bad1feae02f67857b28c113a5d7bcd23b4b62,a7e7f2b387d877bf3390c236768d6503c8c84e31fe28c9cde39c31aff89dde2d,358,239,774,336
357,9.8100004196167,10.454193115234377,0.6441926956176776,0.6441926956176776,0.41498422908716975,6.566693864044175,in-house,411,O=C(C1=C(CCC(CCCC)CC)SC(CCC(CC)CCCC)=C1C2=O)C(C2=C(C3)C(C4)=CC=C4C5=CC6=C(C(C7=CC=C(CCC(CCCC)CC)S7)=C8C=CSC8=C6C9=CC=C(CCC(CCCC)CC)S9)S5)=C3C%10=CC=CS%10,CCC(CCCC)CN1C2=C(C=C(C(C3=CC=C(CCCCCC)C=C3)(C4=CC=C(CCCCCC)C=C4)C5=C6SC7=C5SC(/C=C8C(C(C=C(F)C(F)=C9)=C9C\8=C(C#N)\C#N)=O)=C7)C6=C2)C%10=C1C=C(C%11=C%12C%13=C(C=C(S%13)/C=C%14C(C%15=CC([F])=C(C=C%15C\%14=C(C#N)/C#N)[F])=O)S%11)C(C%12(C%16=CC=C(CCCCCC)C=C%16)C%17CC=C(C=C%17)CCCCCC)=C%10,9.81,O=C(C1=C(CCC(CCCC)CC)SC(CCC(CC)CCCC)=C1C2=O)C(C2=C(C3)C(C4)=CC=C4C5=CC6=C(C(C7=CC=C(CCC(CCCC)CC)S7)=C8C=CSC8=C6C9=CC=C(CCC(CCCC)CC)S9)S5)=C3C%10=CC=CS%10||CCC(CCCC)CN1C2=C(C=C(C(C3=CC=C(CCCCCC)C=C3)(C4=CC=C(CCCCCC)C=C4)C5=C6SC7=C5SC(/C=C8C(C(C=C(F)C(F)=C9)=C9C\8=C(C#N)\C#N)=O)=C7)C6=C2)C%10=C1C=C(C%11=C%12C%13=C(C=C(S%13)/C=C%14C(C%15=CC([F])=C(C=C%15C\%14=C(C#N)/C#N)[F])=O)S%11)C(C%12(C%16=CC=C(CCCCCC)C=C%16)C%17CC=C(C=C%17)CCCCCC)=C%10,6f31f3770fd225e382586e20513744e11a328b7cc74c758d48628417c600a02b,1eb9f9285acab9c61692d63082d3e5a2593a76024732c9b378f06d67375c43b9,3fe92d112a611a08998f0c87b08d8654568a32a8f6b6adee31c2584071bff4b6,5b160aa4d10c7b9f6d80c00759a811399989723116109b2a75452ffab71f79e1,67e55f4582cccd1c7663564817fe2bf7051b9a1585a38c7afb89facd0e25190e,287,427,469,338
366,9.65999984741211,8.966403007507324,-0.6935968399047852,0.6935968399047852,0.48107657632590417,7.1800916238171375,in-house,422,O=C(C1=C(CCC(CCCC)CC)SC(CCC(CC)CCCC)=C1C2=O)C(C2=C(C3)C(C4)=CC=C4C5=CC6=C(C(C7=CC=C(CCC(CCCC)CC)S7)=C8C=CSC8=C6C9=CC=C(CCC(CCCC)CC)S9)S5)=C3C%10=CC=CS%10,O=C(C(C=C(C([H])=C1)[H])=C1C/2=C(C#N)/C#N)C2=C/C3=CC4=C(S3)C5=CC6=C(C=C5C4(C7=CC=C(CC(CCCCCC)CCCC)C=C7)C8=CC=C(CC(CCCCCC)CCCC)C=C8)C9=C(C=C%10C%11=C(C=C(S%11)/C=C%12C(C(C=C(C([H])=C%13)[H])=C%13C\%12=C(C#N)/C#N)=O)C(C%14=CC=C(CC(CCCCCC)CCCC)C=C%14)(C%15=CC=C(CC(CCCCCC)CCCC)C=C%15)C%10=C9)S6,9.66,O=C(C1=C(CCC(CCCC)CC)SC(CCC(CC)CCCC)=C1C2=O)C(C2=C(C3)C(C4)=CC=C4C5=CC6=C(C(C7=CC=C(CCC(CCCC)CC)S7)=C8C=CSC8=C6C9=CC=C(CCC(CCCC)CC)S9)S5)=C3C%10=CC=CS%10||O=C(C(C=C(C([H])=C1)[H])=C1C/2=C(C#N)/C#N)C2=C/C3=CC4=C(S3)C5=CC6=C(C=C5C4(C7=CC=C(CC(CCCCCC)CCCC)C=C7)C8=CC=C(CC(CCCCCC)CCCC)C=C8)C9=C(C=C%10C%11=C(C=C(S%11)/C=C%12C(C(C=C(C([H])=C%13)[H])=C%13C\%12=C(C#N)/C#N)=O)C(C%14=CC=C(CC(CCCCCC)CCCC)C=C%14)(C%15=CC=C(CC(CCCCCC)CCCC)C=C%15)C%10=C9)S6,6f31f3770fd225e382586e20513744e11a328b7cc74c758d48628417c600a02b,092342653c7c402f736b06267a57d0031fed8a2f4b6dfe78262b24d53542d9cd,c115145a5dd809b6e291ae7b1f8f7b4d60d223502bbde92646ae2dd9d5e6c001,0500e04d8b09feaba4b6bf5afbe808317a6a7c72cd6ce41ffd751cb070f7cb11,ebd73288a2130b150b77999ad8eac536c584ecaa641afcdafe817dd0104f4f54,918,26,1103,345
367,9.649999618530272,9.711856842041016,0.061857223510743964,0.061857223510743964,0.003826316100458136,0.6410075228600375,in-house,423,O=C(C1=C(CCC(CCCC)CC)SC(CCC(CC)CCCC)=C1C2=O)C(C2=C(C3)C(C4)=CC=C4C5=CC6=C(C(C7=CC=C(CCC(CCCC)CC)S7)=C8C=CSC8=C6C9=CC=C(CCC(CCCC)CC)S9)S5)=C3C%10=CC=CS%10,O=C(C1=C(C=C(F)C(F)=C1)C/2=C(C#N)\C#N)C2=C/C3=CC(C4(CCCCCCCC)CCCCCCCC)=C(S3)C(S5)=C4C=C5C(C6=NSN=C6C(C7=CC8=C(C9=C(C8(CCCCCCCC)CCCCCCCC)C=C(/C=C%10C(C(C=C(F)C(F)=C%11)=C%11C\%10=C(C#N)\C#N)=O)S9)S7)=C%12OCCCCCCCC)=C%12OCCCCCCCC,9.65,O=C(C1=C(CCC(CCCC)CC)SC(CCC(CC)CCCC)=C1C2=O)C(C2=C(C3)C(C4)=CC=C4C5=CC6=C(C(C7=CC=C(CCC(CCCC)CC)S7)=C8C=CSC8=C6C9=CC=C(CCC(CCCC)CC)S9)S5)=C3C%10=CC=CS%10||O=C(C1=C(C=C(F)C(F)=C1)C/2=C(C#N)\C#N)C2=C/C3=CC(C4(CCCCCCCC)CCCCCCCC)=C(S3)C(S5)=C4C=C5C(C6=NSN=C6C(C7=CC8=C(C9=C(C8(CCCCCCCC)CCCCCCCC)C=C(/C=C%10C(C(C=C(F)C(F)=C%11)=C%11C\%10=C(C#N)\C#N)=O)S9)S7)=C%12OCCCCCCCC)=C%12OCCCCCCCC,6f31f3770fd225e382586e20513744e11a328b7cc74c758d48628417c600a02b,adce1fc2db641b8974b4737ceaced735c05096d3b0f34b221ed0f035a931dd69,59c5226269c3a50c8f1ab8b2a71a8d94a6334cce6a480e20f416828db85bc2d4,7f1b4d5ca76ab711d0a399cfefd3b8bb95050fe37ad47523dcf028b249c0cb23,6f97d5da5212ebe46ae09053c53d75092a70b5906ea91a27ebd61035d6bb4a5b,408,606,505,346
371,9.600000381469728,11.40841293334961,1.808412551879881,1.808412551879881,3.2703559577967036,18.837630000208595,in-house,427,O=C(C1=C(CCC(CCCC)CC)SC(CCC(CC)CCCC)=C1C2=O)C(C2=C(C3)C(C4)=CC=C4C5=CC6=C(C(C7=CC=C(CCC(CCCC)CC)S7)=C8C=CSC8=C6C9=CC=C(CCC(CCCC)CC)S9)S5)=C3C%10=CC=CS%10,O=C(C(C=C(C(Cl)=C1)Cl)=C1C/2=C(C#N)\C#N)C2=C/C3=CC4=C(C(C5(C(C=C6)=CC=C6CCCCCC)C7=CC=C(C=C7)CCCCCC)=C(C(C=C8C9(C%10=CC=C(C=C%10)CCCCCC)C%11=CC=C(C=C%11)CCCCCC)=C5C=C8C%12=C9C%13=C(C=C(S%13)/C=C%14C(C(C=C(C(Cl)=C%15)Cl)=C%15C\%14=C(C#N)\C#N)=O)S%12)S4)S3,9.6,O=C(C1=C(CCC(CCCC)CC)SC(CCC(CC)CCCC)=C1C2=O)C(C2=C(C3)C(C4)=CC=C4C5=CC6=C(C(C7=CC=C(CCC(CCCC)CC)S7)=C8C=CSC8=C6C9=CC=C(CCC(CCCC)CC)S9)S5)=C3C%10=CC=CS%10||O=C(C(C=C(C(Cl)=C1)Cl)=C1C/2=C(C#N)\C#N)C2=C/C3=CC4=C(C(C5(C(C=C6)=CC=C6CCCCCC)C7=CC=C(C=C7)CCCCCC)=C(C(C=C8C9(C%10=CC=C(C=C%10)CCCCCC)C%11=CC=C(C=C%11)CCCCCC)=C5C=C8C%12=C9C%13=C(C=C(S%13)/C=C%14C(C(C=C(C(Cl)=C%15)Cl)=C%15C\%14=C(C#N)\C#N)=O)S%12)S4)S3,6f31f3770fd225e382586e20513744e11a328b7cc74c758d48628417c600a02b,dcf842694d53827077961931c0e460a45a792bc12c0b37ed12451efc871162d4,b905cfd92074c07c944339d53966cdc74f3cd82c0a9e32230e5522c66c258a83,4675368c6d9329a9277293b1a9c6acf0f8dc3baa1865a1957efaff572da376c0,a64b3c6ec8d1f6d06e97dd89d532530c42662656baef0fb31543407ece71a689,871,339,766,350
372,9.600000381469728,11.583539009094238,1.98353862762451,1.98353862762451,3.9344254872785243,20.66185988339343,in-house,428,O=C1C2=C(CC(CC)CCCC)SC(CC(CC)CCCC)=C2C(C3=C(C4=CC=C(C5=CC(C(C6=CC(F)=C(CC(CC)CCCC)S6)=C(SC=C7)C7=C8C9=CC(F)=C(CC(CC)CCCC)S9)=C8S5)S4)SC(C%10=CC=CS%10)=C31)=O,CCCCCCC(C=C1)=CC=C1C2(C3=C(C4=C2C(C=C([Se]C5=C6C(C7=CC=C(C=C7)CCCCCC)(C8=C5SC(/C=C9/C(C%10=CC(Br)=C(Br)C=C%10C9=O)=C(C#N)/C#N)=C8)C%11=CC=C(C=C%11)CCCCCC)C6=C%12)=C%12[Se]4)SC(/C=C%13C(C%14=CC(Br)=C(Br)C=C%14C/%13=C(C#N)/C#N)=O)=C3)C(C=C%15)=CC=C%15CCCCCC,9.6,O=C1C2=C(CC(CC)CCCC)SC(CC(CC)CCCC)=C2C(C3=C(C4=CC=C(C5=CC(C(C6=CC(F)=C(CC(CC)CCCC)S6)=C(SC=C7)C7=C8C9=CC(F)=C(CC(CC)CCCC)S9)=C8S5)S4)SC(C%10=CC=CS%10)=C31)=O||CCCCCCC(C=C1)=CC=C1C2(C3=C(C4=C2C(C=C([Se]C5=C6C(C7=CC=C(C=C7)CCCCCC)(C8=C5SC(/C=C9/C(C%10=CC(Br)=C(Br)C=C%10C9=O)=C(C#N)/C#N)=C8)C%11=CC=C(C=C%11)CCCCCC)C6=C%12)=C%12[Se]4)SC(/C=C%13C(C%14=CC(Br)=C(Br)C=C%14C/%13=C(C#N)/C#N)=O)=C3)C(C=C%15)=CC=C%15CCCCCC,65482d735aa1f382b817dd8d95b1689b39b0b3c26138949c2680844f1b1f5ea0,bb569252532d4c713b2f1d1e0bcedb68756a561ae5b7ec548e66afb1fd977a92,be0c0845f16e2c84d12562fd6db09b203ca5aa0599ebe2bd5776128965d954f4,915277fb1cb55f92def01bf09936f2c25b968facc044e4741d2896273b615306,ba565292e3edbe32133690523c0f5172f71ba81257f02c3c81295ec669a704b9,904,680,864,351
378,9.550000190734863,11.58689308166504,2.0368928909301776,2.0368928909301776,4.148932649121896,21.328720945014354,in-house,435,O=C(C1=C(CCC(CCCC)CC)SC(CCC(CC)CCCC)=C1C2=O)C(C2=C(C3)C(C4)=CC=C4C5=CC6=C(C(C7=CC=C(CCC(CCCC)CC)S7)=C8C=CSC8=C6C9=CC=C(CCC(CCCC)CC)S9)S5)=C3C%10=CC=CS%10,O=C(C(C=CC(C)=C1)=C1C/2=C(C#N)\C#N)C2=C/C3=CC4=C(C(C5(C(C=C6)=CC=C6CCCCCC)C7=CC=C(C=C7)CCCCCC)=C(C(C=C8C9(C%10=CC=C(C=C%10)CCCCCC)C%11=CC=C(C=C%11)CCCCCC)=C5C=C8C%12=C9C%13=C(C=C(S%13)/C=C%14C(C(C=CC(C)=C%15)=C%15C\%14=C(C#N)\C#N)=O)S%12)S4)S3,9.55,O=C(C1=C(CCC(CCCC)CC)SC(CCC(CC)CCCC)=C1C2=O)C(C2=C(C3)C(C4)=CC=C4C5=CC6=C(C(C7=CC=C(CCC(CCCC)CC)S7)=C8C=CSC8=C6C9=CC=C(CCC(CCCC)CC)S9)S5)=C3C%10=CC=CS%10||O=C(C(C=CC(C)=C1)=C1C/2=C(C#N)\C#N)C2=C/C3=CC4=C(C(C5(C(C=C6)=CC=C6CCCCCC)C7=CC=C(C=C7)CCCCCC)=C(C(C=C8C9(C%10=CC=C(C=C%10)CCCCCC)C%11=CC=C(C=C%11)CCCCCC)=C5C=C8C%12=C9C%13=C(C=C(S%13)/C=C%14C(C(C=CC(C)=C%15)=C%15C\%14=C(C#N)\C#N)=O)S%12)S4)S3,6f31f3770fd225e382586e20513744e11a328b7cc74c758d48628417c600a02b,cde7b4c6e67e08b94794272f876a911efd95a80db6963e3814f33de0c9b21cdb,a0e072be53d08a6994145fca2f517fe867bb0a4cf036501fe153cf62dfc715bc,ec52bacb6177305ea5d3bf5ab7785eee8fcce9679fb4cae1472862462b9c21f5,2f500362a69e12a018090e2fb19135297b9b5b2acb6f49c30136f698cda74011,744,1093,213,357
381,9.539999961853027,9.086097717285156,-0.4539022445678711,0.4539022445678711,0.20602724762375146,4.757885182210275,in-house,438,FC(C(F)=C(C1=NN(N=C21)CCC(CCCC)CCCCCC)C3=CC=C(S3)C)=C2C(S4)=CC=C4C5=CC(C(CCCC(CCCCCC)CCCC)=C6SC(C)=CC6=C7CCCC(CCCC)CCCCCC)=C7S5,O=C(C(C=C(F)C=C1)=C1C/2=C(C#N)\C#N)C2=C/C(S3)=CC4=C3C(C5(C6=CC=C(CCCCCC)C=C6)C7=CC=C(CCCCCC)C=C7)=C(S4)C8=C5C9=C(CCCCCCCCCCCC)C(S%10)=C(C(CCCCCCCCCCCC)=C9S8)C%11=C%10C(S%12)=C(C%11(C%13=CC=C(CCCCCC)C=C%13)C%14=CC=C(CCCCCC)C=C%14)C%15=C%12C=C(/C=C%16C(C(C=C(F)C=C%17)=C%17C\%16=C(C#N)/C#N)=O)S%15,9.54,FC(C(F)=C(C1=NN(N=C21)CCC(CCCC)CCCCCC)C3=CC=C(S3)C)=C2C(S4)=CC=C4C5=CC(C(CCCC(CCCCCC)CCCC)=C6SC(C)=CC6=C7CCCC(CCCC)CCCCCC)=C7S5||O=C(C(C=C(F)C=C1)=C1C/2=C(C#N)\C#N)C2=C/C(S3)=CC4=C3C(C5(C6=CC=C(CCCCCC)C=C6)C7=CC=C(CCCCCC)C=C7)=C(S4)C8=C5C9=C(CCCCCCCCCCCC)C(S%10)=C(C(CCCCCCCCCCCC)=C9S8)C%11=C%10C(S%12)=C(C%11(C%13=CC=C(CCCCCC)C=C%13)C%14=CC=C(CCCCCC)C=C%14)C%15=C%12C=C(/C=C%16C(C(C=C(F)C=C%17)=C%17C\%16=C(C#N)/C#N)=O)S%15,45e95ea37da5bc3e18f2c067cb95f73c851335176098d8fca22fcb29952b2779,584d18a54cda29e39584acace3dd42d114fb8e15e5ce0c6d6ef862c4824c0a5c,8acbefde3ccc413a2f9b5dd2454b313ea009563052da150bf371701b116fe40f,90ab22e3374b2fba6ce6b44bb659d949d1337b2f4446191e097ef4ca0d88075c,1327b5a3b4eeffce25d4cd14a0f14c892598159b3346a3bdbfab678ee91d356d,632,678,82,265
382,9.520000457763672,9.515195846557615,-0.004804611206056464,0.004804611206056464,2.3084288841363348e-05,0.05046860267888167,in-house,439,FC(C(F)=C(C1=NN(N=C21)CCC(CCCC)CCCCCC)C3=CC=C(S3)C)=C2C(S4)=CC=C4C5=CC(C(CCCC(CCCCCC)CCCC)=C6SC(C)=CC6=C7CCCC(CCCC)CCCCCC)=C7S5,O=C(C(C=C(F)C=C1)=C1C/2=C(C#N)\C#N)C2=C/C(S3)=CC4=C3C(C5(C6=CC=C(CCCCCC)C=C6)C7=CC=C(CCCCCC)C=C7)=C(S4)C8=C5C9=C(C)C(S%10)=C(C(C)=C9S8)C%11=C%10C(S%12)=C(C%11(C%13=CC=C(CCCCCC)C=C%13)C%14=CC=C(CCCCCC)C=C%14)C%15=C%12C=C(/C=C%16C(C(C=C(F)C=C%17)=C%17C\%16=C(C#N)/C#N)=O)S%15,9.52,FC(C(F)=C(C1=NN(N=C21)CCC(CCCC)CCCCCC)C3=CC=C(S3)C)=C2C(S4)=CC=C4C5=CC(C(CCCC(CCCCCC)CCCC)=C6SC(C)=CC6=C7CCCC(CCCC)CCCCCC)=C7S5||O=C(C(C=C(F)C=C1)=C1C/2=C(C#N)\C#N)C2=C/C(S3)=CC4=C3C(C5(C6=CC=C(CCCCCC)C=C6)C7=CC=C(CCCCCC)C=C7)=C(S4)C8=C5C9=C(C)C(S%10)=C(C(C)=C9S8)C%11=C%10C(S%12)=C(C%11(C%13=CC=C(CCCCCC)C=C%13)C%14=CC=C(CCCCCC)C=C%14)C%15=C%12C=C(/C=C%16C(C(C=C(F)C=C%17)=C%17C\%16=C(C#N)/C#N)=O)S%15,45e95ea37da5bc3e18f2c067cb95f73c851335176098d8fca22fcb29952b2779,42725007662ea87d0f202b8705aebecabb60efac20730af20b536334f23baebc,e18842cbf68bea59292f6d00902138a649eda0c590e6b554a41789944a8283d6,320e1676045ad9ef2ed1318e191007bc8558258a594ccd1b12de01164318c8de,ab1a8498878c93d8c7475f2fa0515a60bbf24092473889805ca91653d0008296,1069,256,789,360
383,9.510000228881836,9.158016204833984,-0.35198402404785156,0.35198402404785156,0.12389275318491855,3.701198901960879,in-house,440,O=C(C1=C(CCC(CCCC)CC)SC(CCC(CC)CCCC)=C1C2=O)C(C2=C(C3)C(C4)=CC=C4C5=CC6=C(C(C7=CC=C(CCC(CCCC)CC)S7)=C8C=CSC8=C6C9=CC=C(CCC(CCCC)CC)S9)S5)=C3C%10=CC=CS%10,O=C(C1=CSC=C1C/2=C(C#N)\C#N)C2=C/C3=CSC(C4=CC5=C(C(C=C6C(C7=CC=C(C=C7)CCCCCC)(C8=CC=C(C=C8)CCCCCC)C9=C(SC(C%10=C(OCCCCCCCC)C(/C=C%11C(C%12=CSC=C%12C\%11=C(C#N)\C#N)=O)=CS%10)=C9)C6=C%13)=C%13C5(C(C=C%14)=CC=C%14CCCCCC)C(C=C%15)=CC=C%15CCCCCC)S4)=C3OCCCCCCCC,9.51,O=C(C1=C(CCC(CCCC)CC)SC(CCC(CC)CCCC)=C1C2=O)C(C2=C(C3)C(C4)=CC=C4C5=CC6=C(C(C7=CC=C(CCC(CCCC)CC)S7)=C8C=CSC8=C6C9=CC=C(CCC(CCCC)CC)S9)S5)=C3C%10=CC=CS%10||O=C(C1=CSC=C1C/2=C(C#N)\C#N)C2=C/C3=CSC(C4=CC5=C(C(C=C6C(C7=CC=C(C=C7)CCCCCC)(C8=CC=C(C=C8)CCCCCC)C9=C(SC(C%10=C(OCCCCCCCC)C(/C=C%11C(C%12=CSC=C%12C\%11=C(C#N)\C#N)=O)=CS%10)=C9)C6=C%13)=C%13C5(C(C=C%14)=CC=C%14CCCCCC)C(C=C%15)=CC=C%15CCCCCC)S4)=C3OCCCCCCCC,6f31f3770fd225e382586e20513744e11a328b7cc74c758d48628417c600a02b,4ad1ac36aa75eed78d5df97d867564fa1a85a158e9e971b8382bc18ee822b001,93a7f30eb7183865a398a9759b5973f4207c30790491116a1e6cbb5e8ff5918d,2598bc4ac20e8f43765a93b335f9ce43d372cd901f03b69b8c6eebdfb37e9209,730a8e3b3de7001f6da81c28c2b30217015965ce49cb641d69fa814d0c08f2a6,674,182,518,361
393,9.390000343322754,8.693070411682129,-0.696929931640625,0.696929931640625,0.48571132961660624,7.422043729063472,in-house,455,O=C(C1=C(CCC(CCCC)CC)SC(CCC(CC)CCCC)=C1C2=O)C(C2=C(C3)C(C4)=CC=C4C5=CC6=C(C(C7=CC=C(CCC(CCCC)CC)S7)=C8C=CSC8=C6C9=CC=C(CCC(CCCC)CC)S9)S5)=C3C%10=CC=CS%10,O=C(C1=CC(C)=CC=C1C/2=C(C#N)/C#N)C2=C/C3=CC(CC(CCCCCCCC)(CCCCCCCC)C4=CC(C5=C(OC6(CCCCCCCC)CCCCCCCC)C=C(/C=C7C(C8=CC(C)=CC=C8C\7=C(C#N)/C#N)=O)S5)=C6C=C94)=C9S3,9.39,O=C(C1=C(CCC(CCCC)CC)SC(CCC(CC)CCCC)=C1C2=O)C(C2=C(C3)C(C4)=CC=C4C5=CC6=C(C(C7=CC=C(CCC(CCCC)CC)S7)=C8C=CSC8=C6C9=CC=C(CCC(CCCC)CC)S9)S5)=C3C%10=CC=CS%10||O=C(C1=CC(C)=CC=C1C/2=C(C#N)/C#N)C2=C/C3=CC(CC(CCCCCCCC)(CCCCCCCC)C4=CC(C5=C(OC6(CCCCCCCC)CCCCCCCC)C=C(/C=C7C(C8=CC(C)=CC=C8C\7=C(C#N)/C#N)=O)S5)=C6C=C94)=C9S3,6f31f3770fd225e382586e20513744e11a328b7cc74c758d48628417c600a02b,f2c79108b32662224666d12d2fc8d6c3f2d2944685f476890bd4487116dce41f,b48a7e4f71a332e5857966941c4685e353acd4f82808d655f3bc6c11a1bf9594,8d6bb5de0cfa38c56dd1f8992d07c32e7552d873fe095b758e76367d1af18885,b96cef5541aea8ecbff56dfbc5825a56ab5af19c4d49e03c49cd13393117d5ed,842,663,859,371
403,9.300000190734863,4.55260181427002,-4.747398376464843,4.747398376464843,22.537791344861027,51.04729332365439,in-house,465,FC(C(F)=C(C1=N2)C3=CC=C(S3)C4=CC5=C(C6=C(C(C7=CC(Cl)=C(S7)CC(CCCC)CC)=C5S4)C=C(C)S6)C8=CC(Cl)=C(S8)CC(CCCC)CC)=C(C9=CC=C(C)S9)C1=NN2CCC(CCCCCC)CCCCCCCC,c1(cc2c(cc1F)C(=O)/C(=C\c1cc3c(s1)c1c(s3)c3c(C1(c1ccc(cc1)CCCCCC)c1ccc(cc1)CCCCCC)cc1c(c3)C(c3c1sc1c3sc(c1)/C=C/1\C(=O)c3c(C1=C(C#N)C#N)cc(c(c3)F)F)(c1ccc(cc1)CCCCCC)c1ccc(cc1)CCCCCC)/C2=C(C#N)C#N)F,9.3,FC(C(F)=C(C1=N2)C3=CC=C(S3)C4=CC5=C(C6=C(C(C7=CC(Cl)=C(S7)CC(CCCC)CC)=C5S4)C=C(C)S6)C8=CC(Cl)=C(S8)CC(CCCC)CC)=C(C9=CC=C(C)S9)C1=NN2CCC(CCCCCC)CCCCCCCC||c1(cc2c(cc1F)C(=O)/C(=C\c1cc3c(s1)c1c(s3)c3c(C1(c1ccc(cc1)CCCCCC)c1ccc(cc1)CCCCCC)cc1c(c3)C(c3c1sc1c3sc(c1)/C=C/1\C(=O)c3c(C1=C(C#N)C#N)cc(c(c3)F)F)(c1ccc(cc1)CCCCCC)c1ccc(cc1)CCCCCC)/C2=C(C#N)C#N)F,b24b4e9aa4a16946a0c7c88634b4e17dcd8edc4c5829fff92fa8d0153f9bda5f,69e17d1724b4236f68d0c6efb6ad16969f13f8980d301d0056747038b20f0c8d,28b55f5b9f85e9c457287eafcce22d5755dbbc6d3f6b8927bf44384b8f6fd36f,ecc17bfcc47bd3721f3f4df6b8e0ab02efd80bdc3d7e6cb188e9d92d7079ff63,21dbce05cc4c37297a77239175630beee17579749b12c60d59373610bafa1107,175,1095,138,144
406,9.300000190734863,11.494927406311035,2.194927215576172,2.194927215576172,4.817705481676967,23.601367425377806,in-house,468,O=C(C1=C(CCC(CCCC)CC)SC(CCC(CC)CCCC)=C1C2=O)C(C2=C(C3)C(C4)=CC=C4C5=CC6=C(C(C7=CC=C(CCC(CCCC)CC)S7)=C8C=CSC8=C6C9=CC=C(CCC(CCCC)CC)S9)S5)=C3C%10=CC=CS%10,ClC(C(Cl)=C1)=CC2=C1C(/C(C2=O)=C/C(S3)=CC4=C3C(C(C5=CC=C(CCCCCC)C=C5)(C6=CC=C(CCCCCC)C=C6)C7=C8C=C9C(C(SC%10=C%11SC%12=C%10C(C%13=CC=C(CCCCCC)C=C%13)(C%14=CC=C(CCCCCC)C=C%14)C%15=C%12C=C%16C(C(SC%17=C%18SC(/C=C%19C(C(C=C(Cl)C(Cl)=C%20)=C%20C\%19=C(C#N)\C#N)=O)=C%17)=C%18C%16(C%21=CC=C(CCCCCC)C=C%21)C%22=CC=C(CCCCCC)C=C%22)=C%15)=C%11C9(C%23=CC=C(CCCCCC)C=C%23)C%24=CC=C(CCCCCC)C=C%24)=C7)=C8S4)=C(C#N)/C#N,9.3,O=C(C1=C(CCC(CCCC)CC)SC(CCC(CC)CCCC)=C1C2=O)C(C2=C(C3)C(C4)=CC=C4C5=CC6=C(C(C7=CC=C(CCC(CCCC)CC)S7)=C8C=CSC8=C6C9=CC=C(CCC(CCCC)CC)S9)S5)=C3C%10=CC=CS%10||ClC(C(Cl)=C1)=CC2=C1C(/C(C2=O)=C/C(S3)=CC4=C3C(C(C5=CC=C(CCCCCC)C=C5)(C6=CC=C(CCCCCC)C=C6)C7=C8C=C9C(C(SC%10=C%11SC%12=C%10C(C%13=CC=C(CCCCCC)C=C%13)(C%14=CC=C(CCCCCC)C=C%14)C%15=C%12C=C%16C(C(SC%17=C%18SC(/C=C%19C(C(C=C(Cl)C(Cl)=C%20)=C%20C\%19=C(C#N)\C#N)=O)=C%17)=C%18C%16(C%21=CC=C(CCCCCC)C=C%21)C%22=CC=C(CCCCCC)C=C%22)=C%15)=C%11C9(C%23=CC=C(CCCCCC)C=C%23)C%24=CC=C(CCCCCC)C=C%24)=C7)=C8S4)=C(C#N)/C#N,6f31f3770fd225e382586e20513744e11a328b7cc74c758d48628417c600a02b,5198039f6ab01650dcfec979ad640aed885437d4772f7461b636c35320a72f75,da9075fe03b6cb4fa556ed9b28ce145ee1e443111f434f611643350490605b8c,0abd52263025c6bbc2886684544aa3ccc19adb746091bef06006d37d888a5510,382b8cea53881bc44b0afaa9db675cf8d818e2339462605dc780d148baeda323,1035,56,249,382
407,9.289999961853027,7.175227642059326,-2.114772319793701,2.114772319793701,4.472261964565632,22.763964784472172,in-house,469,O=C(C1=C(CCC(CCCC)CC)SC(CCC(CC)CCCC)=C1C2=O)C(C2=C(C3)C(C4)=CC=C4C5=CC6=C(C(C7=CC=C(CCC(CCCC)CC)S7)=C8C=CSC8=C6C9=CC=C(CCC(CCCC)CC)S9)S5)=C3C%10=CC=CS%10,O=C(/C(S/1)=C/C(C2=NSN=C32)=CC=C3C4=CC(SC5=C6C(C(C=C7)=CC=C7CCCCCC)(C(C=C8)=CC=C8CCCCCC)C(C5=C9)=CC%10=C9C(C%11=CC=C(CCCCCC)C=C%11)(C%12=CC=C(C=C%12)CCCCCC)C%13=C%10SC%14=C%13SC(C(C%15=NSN=C%16%15)=CC=C%16/C=C(C%17=O)\S/C(N%17CCCCCCCC)=C(C#N)/C#N)=C%14)=C6S4)N(CCCCCCCC)C1=C(C#N)\C#N,9.29,O=C(C1=C(CCC(CCCC)CC)SC(CCC(CC)CCCC)=C1C2=O)C(C2=C(C3)C(C4)=CC=C4C5=CC6=C(C(C7=CC=C(CCC(CCCC)CC)S7)=C8C=CSC8=C6C9=CC=C(CCC(CCCC)CC)S9)S5)=C3C%10=CC=CS%10||O=C(/C(S/1)=C/C(C2=NSN=C32)=CC=C3C4=CC(SC5=C6C(C(C=C7)=CC=C7CCCCCC)(C(C=C8)=CC=C8CCCCCC)C(C5=C9)=CC%10=C9C(C%11=CC=C(CCCCCC)C=C%11)(C%12=CC=C(C=C%12)CCCCCC)C%13=C%10SC%14=C%13SC(C(C%15=NSN=C%16%15)=CC=C%16/C=C(C%17=O)\S/C(N%17CCCCCCCC)=C(C#N)/C#N)=C%14)=C6S4)N(CCCCCCCC)C1=C(C#N)\C#N,6f31f3770fd225e382586e20513744e11a328b7cc74c758d48628417c600a02b,4da3cebe78c96a8bee5c1562cc09c06cd7e893c3670f05122be6e03840af6f22,a0acdf2ad7f0ed4bd72ea71895835293921b6c20e616e90ab1254463481ade12,15cf52e456acacfb4c3bd7ac271e1814fb18dac5b89c80a3cc74fd56dad955d2,97e001f840015da66161c01434b73a15bfcaef6ae9dba5491141af98822635a4,741,109,686,383
408,9.279999732971191,9.977999687194824,0.6979999542236328,0.6979999542236328,0.4872039360961935,7.521551447288169,in-house,470,O=C(C1=C(CCC(CCCC)CC)SC(CCC(CC)CCCC)=C1C2=O)C(C2=C(C3)C(C4)=CC=C4C5=CC6=C(C(C7=CC=C(CCC(CCCC)CC)S7)=C8C=CSC8=C6C9=CC=C(CCC(CCCC)CC)S9)S5)=C3C%10=CC=CS%10,[Cl]C1=CC2=C(C(/C(C2=O)=C/C3=CC4=C(C5=C(C4(CCCCCC)CCCCCC)C=C(C6=CC7=C(C8=C(C7(CCCCCC)CCCCCC)C=C(/C=C9C(C(C=C(C([Cl])=C%10)[Cl])=C%10C\9=C(C#N)\C#N)=O)S8)S6)S5)S3)=C(C#N)\C#N)C=C1[Cl],9.28,O=C(C1=C(CCC(CCCC)CC)SC(CCC(CC)CCCC)=C1C2=O)C(C2=C(C3)C(C4)=CC=C4C5=CC6=C(C(C7=CC=C(CCC(CCCC)CC)S7)=C8C=CSC8=C6C9=CC=C(CCC(CCCC)CC)S9)S5)=C3C%10=CC=CS%10||[Cl]C1=CC2=C(C(/C(C2=O)=C/C3=CC4=C(C5=C(C4(CCCCCC)CCCCCC)C=C(C6=CC7=C(C8=C(C7(CCCCCC)CCCCCC)C=C(/C=C9C(C(C=C(C([Cl])=C%10)[Cl])=C%10C\9=C(C#N)\C#N)=O)S8)S6)S5)S3)=C(C#N)\C#N)C=C1[Cl],6f31f3770fd225e382586e20513744e11a328b7cc74c758d48628417c600a02b,0c8045910c9e63c0e2e8d25416bf345455591b92eb3e7d39a417a9ce95c446b5,99757bf996986e13a26d894e44298501e7061782316d565521034e950fff88dd,7d7fea9769a3c9b91f68a5ad6073cb3098e24242ae875791295c38bdc546d9f5,521b69f9f3632a132b9162fd3fcfbd8d559f1d756be10534e5ad427c9055beb1,703,599,368,384
411,9.25,5.908328056335449,-3.341671943664551,3.341671943664551,11.166771379074817,36.1261831747519,in-house,474,[H]C1=C(SC(CC(CC)CCCC)=C1[Cl])C(C2=C3SC(C)=C2)=C4SC(C5=CC=C(S5)C6=C(C(F)=C(C7=NN(N=C67)CC(CCCCCCCC)CCCCCC)C8=CC=C(C)S8)F)=CC4=C3C9=C([H])C([Cl])=C(CC(CCCC)CC)S9,c1(cc2c(cc1F)C(=O)/C(=C\c1cc3c(s1)c1c(s3)c3c(C1(c1ccc(cc1)CCCCCC)c1ccc(cc1)CCCCCC)cc1c(c3)C(c3c1sc1c3sc(c1)/C=C/1\C(=O)c3c(C1=C(C#N)C#N)cc(c(c3)F)F)(c1ccc(cc1)CCCCCC)c1ccc(cc1)CCCCCC)/C2=C(C#N)C#N)F,9.25,[H]C1=C(SC(CC(CC)CCCC)=C1[Cl])C(C2=C3SC(C)=C2)=C4SC(C5=CC=C(S5)C6=C(C(F)=C(C7=NN(N=C67)CC(CCCCCCCC)CCCCCC)C8=CC=C(C)S8)F)=CC4=C3C9=C([H])C([Cl])=C(CC(CCCC)CC)S9||c1(cc2c(cc1F)C(=O)/C(=C\c1cc3c(s1)c1c(s3)c3c(C1(c1ccc(cc1)CCCCCC)c1ccc(cc1)CCCCCC)cc1c(c3)C(c3c1sc1c3sc(c1)/C=C/1\C(=O)c3c(C1=C(C#N)C#N)cc(c(c3)F)F)(c1ccc(cc1)CCCCCC)c1ccc(cc1)CCCCCC)/C2=C(C#N)C#N)F,21eca652f2c0b958f87da9c7d50d4af3b0e5fc1c57c8e9ab7c5dbf780ba37eec,69e17d1724b4236f68d0c6efb6ad16969f13f8980d301d0056747038b20f0c8d,d94b0ff0fd642424742e703489174e1d4ab6de2a398c9ddc168c876befedfeb6,7d5081e27f777d2ae53f9968ab85d33b79bc1b616d4c761003373f65422104c3,2af5ecbcb0887ffa7ec7ef2ffbf35af3fc4c8714afbf6d473626641478f6684e,1029,597,186,387
413,9.239999771118164,8.717513084411621,-0.522486686706543,0.522486686706543,0.2729923377855812,5.654617961568576,in-house,476,[Cl]C1=C(CC)SC(C2=C3C(C=C(C)C3)C(C4=CC([Cl])=C(S4)CC)=C5SC(C6=CC=C(S6)C7=C(C(C8=C(SC(CC)=C8C9=O)CC)=O)C9=C(C%10=CC=C(S%10)C)S7)=CC25)=C1,O=C(C(C=C(C(Cl)=C1)Cl)=C1C/2=C(C#N)\C#N)C2=C/C3=CC(C4(C5=CC=C(C=C5)CCCCCC)C(C=C6)=CC=C6CCCCCC)=C(C(C=C7C8(C(C=C9)=CC=C9CCCCCC)C(C=C%10)=CC=C%10CCCCCC)=C4C=C7C%11=C8C=C(/C=C%12C(C(C=C(C(Cl)=C%13)Cl)=C%13C\%12=C(C#N)\C#N)=O)S%11)S3,9.24,[Cl]C1=C(CC)SC(C2=C3C(C=C(C)C3)C(C4=CC([Cl])=C(S4)CC)=C5SC(C6=CC=C(S6)C7=C(C(C8=C(SC(CC)=C8C9=O)CC)=O)C9=C(C%10=CC=C(S%10)C)S7)=CC25)=C1||O=C(C(C=C(C(Cl)=C1)Cl)=C1C/2=C(C#N)\C#N)C2=C/C3=CC(C4(C5=CC=C(C=C5)CCCCCC)C(C=C6)=CC=C6CCCCCC)=C(C(C=C7C8(C(C=C9)=CC=C9CCCCCC)C(C=C%10)=CC=C%10CCCCCC)=C4C=C7C%11=C8C=C(/C=C%12C(C(C=C(C(Cl)=C%13)Cl)=C%13C\%12=C(C#N)\C#N)=O)S%11)S3,7a11f928c0e326f5a997d7edb123c3e2980ed2dc99d8540493801d0b5415b33f,1deed1f0d0fb5917a5688be3b10705c3a9716618064f4fe6ff1d92b887f11460,d50461ad90b0273c2be4a5307b7615e5a4cd6cde775a6de6cc16e3ebe907b87a,31fae172152c19286525e3c726ed638cc13576c9f8c13b0044e83aa81e272767,a921ddd706f2aee528e5db62317cf440e74516074d5d715e94fb3ad49877473a,1013,254,779,389
418,9.199999809265137,9.353055000305176,0.15305519104003906,0.15305519104003906,0.023425891504302854,1.663643415360729,in-house,482,O=C(C1=C(CCC(CCCC)CC)SC(CCC(CC)CCCC)=C1C2=O)C(C2=C(C3)C(C4)=CC=C4C5=CC6=C(C(C7=CC=C(CCC(CCCC)CC)S7)=C8C=CSC8=C6C9=CC=C(CCC(CCCC)CC)S9)S5)=C3C%10=CC=CS%10,O=C1C(/C(C2=CSC=C21)=C(C#N)\C#N)=C\C3=CC4=C(C(C=C5C(C6=CC=C(CCCCCC)C=C6)(C7=CC=C(CCCCCC)C=C7)C8=C(SC9=C8SC(/C=C%10C(C%11=CSC=C%11C\%10=C(C#N)/C#N)=O)=C9)C5=C%12)=C%12C4(C%13=CC=C(CCCCCC)C=C%13)C%14=CC=C(CCCCCC)C=C%14)S3,9.2,O=C(C1=C(CCC(CCCC)CC)SC(CCC(CC)CCCC)=C1C2=O)C(C2=C(C3)C(C4)=CC=C4C5=CC6=C(C(C7=CC=C(CCC(CCCC)CC)S7)=C8C=CSC8=C6C9=CC=C(CCC(CCCC)CC)S9)S5)=C3C%10=CC=CS%10||O=C1C(/C(C2=CSC=C21)=C(C#N)\C#N)=C\C3=CC4=C(C(C=C5C(C6=CC=C(CCCCCC)C=C6)(C7=CC=C(CCCCCC)C=C7)C8=C(SC9=C8SC(/C=C%10C(C%11=CSC=C%11C\%10=C(C#N)/C#N)=O)=C9)C5=C%12)=C%12C4(C%13=CC=C(CCCCCC)C=C%13)C%14=CC=C(CCCCCC)C=C%14)S3,6f31f3770fd225e382586e20513744e11a328b7cc74c758d48628417c600a02b,dd8b6bed37d09ecab0cbb55cab8737534c3645713d8a7938e6148245365fcab5,ec2d89a89746db25b0a596b8cda9e221f15320372a930cef49e300ac53075039,480b9d4b614e69d7f86d4ec1c7b6d03f4ba04a23e13f03bf093044f16ad788f2,913f5c4acb5acd3b9d7e6f8d15f3add7f86e867a2eb3cc420803c0a0a6f7b41f,1113,343,659,394
419,9.1899995803833,10.311994552612305,1.121994972229004,1.121994972229004,1.2588727177071632,12.208868590418447,in-house,483,O=C(C1=C(CCC(CCCC)CC)SC(CCC(CC)CCCC)=C1C2=O)C(C2=C(C3)C(C4)=CC=C4C5=CC6=C(C(C7=CC=C(CCC(CCCC)CC)S7)=C8C=CSC8=C6C9=CC=C(CCC(CCCC)CC)S9)S5)=C3C%10=CC=CS%10,N#C/C(C#N)=C(C1=CC=CC=C1C2=O)/C2=C/C3=CC4=C(C5=C(C=C6C(C(CCCCCC)(CCCCCC)C7=C6SC(/C=C8/C(C9=CC=CC=C9C8=O)=C(C#N)/C#N)=C7)=C5)C4(CCCCCC)CCCCCC)S3,9.19,O=C(C1=C(CCC(CCCC)CC)SC(CCC(CC)CCCC)=C1C2=O)C(C2=C(C3)C(C4)=CC=C4C5=CC6=C(C(C7=CC=C(CCC(CCCC)CC)S7)=C8C=CSC8=C6C9=CC=C(CCC(CCCC)CC)S9)S5)=C3C%10=CC=CS%10||N#C/C(C#N)=C(C1=CC=CC=C1C2=O)/C2=C/C3=CC4=C(C5=C(C=C6C(C(CCCCCC)(CCCCCC)C7=C6SC(/C=C8/C(C9=CC=CC=C9C8=O)=C(C#N)/C#N)=C7)=C5)C4(CCCCCC)CCCCCC)S3,6f31f3770fd225e382586e20513744e11a328b7cc74c758d48628417c600a02b,0cc00e1ba2d95fe8288dc072edf395ee6fc3678daa4e12f6703c7be7d2c5a409,2e04d14dd450a0193aa5384d4e2543c6e5910fef19bc229cba5eef79ad8b8300,32009831a6351f02a68cb2910a7b563f3286ef21e8c7d5ed69cae15ab5884891,7de2f922f7bf3fc40af78adfc935fa05cd30577855405d82236cc71c573cf43b,203,255,574,395
430,9.09000015258789,8.497861862182617,-0.5921382904052734,0.5921382904052734,0.35062775496407994,6.514172502370022,in-house,494,FC(C=C(C1=C2SC=CC2=C(C3=CC(F)=C(CC(CCCC)CC)S3)C4=C1C=C(C5=CC=C(C6=C(C(C(C7=C(CC(CCCC)CC)SC(CC(CC)CCCC)=C78)=O)=C(C9=CC=CC9)S6)C8=O)S5)S4)S%10)=C%10CC(CC)CCCC,[F]C1=C(C(F)=C(C(C2=CC(C(CC(CCCC)CC)(CC(CCCC)CC)C3=C4SC(/C=C5C(C6=CC(F)=C(C=C6C\5=C(C#N)\C#N)F)=O)=C3)=C4S2)=C1F)[F])C7=CC8=C(C9=C(C8(CC(CCCC)CC)CC(CCCC)CC)C=C(/C=C%10C(C%11=CC(F)=C(C=C%11C\%10=C(C#N)/C#N)S)=O)S9)S7,9.09,FC(C=C(C1=C2SC=CC2=C(C3=CC(F)=C(CC(CCCC)CC)S3)C4=C1C=C(C5=CC=C(C6=C(C(C(C7=C(CC(CCCC)CC)SC(CC(CC)CCCC)=C78)=O)=C(C9=CC=CC9)S6)C8=O)S5)S4)S%10)=C%10CC(CC)CCCC||[F]C1=C(C(F)=C(C(C2=CC(C(CC(CCCC)CC)(CC(CCCC)CC)C3=C4SC(/C=C5C(C6=CC(F)=C(C=C6C\5=C(C#N)\C#N)F)=O)=C3)=C4S2)=C1F)[F])C7=CC8=C(C9=C(C8(CC(CCCC)CC)CC(CCCC)CC)C=C(/C=C%10C(C%11=CC(F)=C(C=C%11C\%10=C(C#N)/C#N)S)=O)S9)S7,61eee9608e36bdb1d3a96a3ad1baa39916f3a546e29d11481966a5a2d3d30f3c,db6e55e19b955541153e3586ccdfaf2d6b81a3b211d8827c73781e91aa285e89,3733c63849f8be9d9b1f0345dbcf8884f527afc50febc88941ef17c944470d70,e78e8546302456a858d3c27c0a6d20f20ca0a7f0f1893dfc02ab6a050cb1b510,ebd55e0289b660ee81c8419271bd8d1c287d7cefd7d3a46434ddd21436ac801b,242,1068,1102,406
431,9.050000190734863,10.313657760620115,1.2636575698852521,1.2636575698852521,1.596830453928301,13.963066776274207,in-house,495,CC1=CC(C(S1)=C(C2=C3SC(C4=CC=C(C5=C6C(C(C7=C(SC(CCCCCCCC)=C7C6=O)CCCCCCCC)=O)=C(C8=CC=C(C)S8)S5)S4)=C2)C9=CC=C(S9)CC(CC)CCCC)=C3C%10=CC=C(S%10)CC(CCCC)CC,c12cc3c(cc1C(c1c2sc2c1sc(c2)/C=C\1/C(=C(C#N)C#N)c2c(C1=O)cccc2)(c1ccc(cc1)CCCCCC)c1ccc(cc1)CCCCCC)c1c(C3(c2ccc(cc2)CCCCCC)c2ccc(cc2)CCCCCC)c2c(s1)cc(s2)/C=C\1/C(=C(C#N)C#N)c2c(C1=O)cccc2,9.05,CC1=CC(C(S1)=C(C2=C3SC(C4=CC=C(C5=C6C(C(C7=C(SC(CCCCCCCC)=C7C6=O)CCCCCCCC)=O)=C(C8=CC=C(C)S8)S5)S4)=C2)C9=CC=C(S9)CC(CC)CCCC)=C3C%10=CC=C(S%10)CC(CCCC)CC||c12cc3c(cc1C(c1c2sc2c1sc(c2)/C=C\1/C(=C(C#N)C#N)c2c(C1=O)cccc2)(c1ccc(cc1)CCCCCC)c1ccc(cc1)CCCCCC)c1c(C3(c2ccc(cc2)CCCCCC)c2ccc(cc2)CCCCCC)c2c(s1)cc(s2)/C=C\1/C(=C(C#N)C#N)c2c(C1=O)cccc2,3d2964df018da7416712535bee785ad82cc65b6266b1700967597b351c1ccdfd,202f8607af2cecb83e86b2e4305f8c7e2852bc709bb805b9055691d46a9081c5,28ba53a3c91ad8a057db57d30c4afa377762bf85961098a89de95beb8d1690d9,d0e3a0fa2bb06124e26d74f996a4ccf2935d5f186dd3569511b3663a4692ab78,11d78e9c29b3c63f0a440a7b54bbca77c9df1b6691abf42c5bc856fa944b699f,176,966,77,407
432,9.029999732971191,7.417738914489746,-1.6122608184814453,1.6122608184814453,2.59938494681046,17.85449464183931,in-house,496,c1csc2c1c(c1c(c2c2cc(c(s2)CCCCCCCC)CCCCCCCC)cc(s1)c1sc(c(c1)CCCCCC)c1sc2c(n1)sc(n2)c1sccc1CCCCCC)c1cc(c(s1)CCCCCCCC)CCCCCCCC,c12cc3c(cc1C(c1c2sc2c1sc(c2)/C=C\1/C(=C(C#N)C#N)c2c(C1=O)cccc2)(c1ccc(cc1)OCCCCCC)c1ccc(cc1)OCCCCCC)c1c(C3(c2ccc(cc2)OCCCCCC)c2ccc(cc2)OCCCCCC)c2c(s1)cc(s2)/C=C\1/C(=C(C#N)C#N)c2c(C1=O)cccc2,9.03,c1csc2c1c(c1c(c2c2cc(c(s2)CCCCCCCC)CCCCCCCC)cc(s1)c1sc(c(c1)CCCCCC)c1sc2c(n1)sc(n2)c1sccc1CCCCCC)c1cc(c(s1)CCCCCCCC)CCCCCCCC||c12cc3c(cc1C(c1c2sc2c1sc(c2)/C=C\1/C(=C(C#N)C#N)c2c(C1=O)cccc2)(c1ccc(cc1)OCCCCCC)c1ccc(cc1)OCCCCCC)c1c(C3(c2ccc(cc2)OCCCCCC)c2ccc(cc2)OCCCCCC)c2c(s1)cc(s2)/C=C\1/C(=C(C#N)C#N)c2c(C1=O)cccc2,7ef4e8f49637126dc67c9159eaedd500d4beeced87b4940d8372cd582ad7778e,2fc7b353270f61ced8b2448b3caced6f270384248a93de6efbe60c799205a6dc,98dbb84cea39fa6b8bda49e17d4f04668852d8f04abc167a5eced77f0fb94340,c9d5aaf48d9ba1bc9fd929e0af5cd96ec263057b8e41b1a4aab325d5a26e1bea,0ff426f1f71b87f32e5c533722c7e12204853d8d53c4477c4a1b46b5613f2e88,697,928,74,408
433,9.029999732971191,10.553552627563477,1.5235528945922852,1.5235528945922852,2.3212134226205308,16.872125577471994,in-house,497,O=C(C1=C(CCC(CCCC)CC)SC(CCC(CC)CCCC)=C1C2=O)C(C2=C(C3)C(C4)=CC=C4C5=CC6=C(C(C7=CC=C(CCC(CCCC)CC)S7)=C8C=CSC8=C6C9=CC=C(CCC(CCCC)CC)S9)S5)=C3C%10=CC=CS%10,FC(C=C1C2=CC(C3(CC(CCCC)CC)CC(CCCC)CC)=C(S2)C(S4)=C3C=C4/C=C(C(C5=CC(Cl)=C(C=C56)Cl)=O)/C6=C(C#N)/C#N)=C(C=C1F)C7=CC8=C(C9=C(C8(CC(CCCC)CC)CC(CCCC)CC)C=C(/C=C%10C(C%11=CC(Cl)=C(C=C%11C\%10=C(C#N)\C#N)Cl)=O)S9)S7,9.03,O=C(C1=C(CCC(CCCC)CC)SC(CCC(CC)CCCC)=C1C2=O)C(C2=C(C3)C(C4)=CC=C4C5=CC6=C(C(C7=CC=C(CCC(CCCC)CC)S7)=C8C=CSC8=C6C9=CC=C(CCC(CCCC)CC)S9)S5)=C3C%10=CC=CS%10||FC(C=C1C2=CC(C3(CC(CCCC)CC)CC(CCCC)CC)=C(S2)C(S4)=C3C=C4/C=C(C(C5=CC(Cl)=C(C=C56)Cl)=O)/C6=C(C#N)/C#N)=C(C=C1F)C7=CC8=C(C9=C(C8(CC(CCCC)CC)CC(CCCC)CC)C=C(/C=C%10C(C%11=CC(Cl)=C(C=C%11C\%10=C(C#N)\C#N)Cl)=O)S9)S7,6f31f3770fd225e382586e20513744e11a328b7cc74c758d48628417c600a02b,a7c4b5541b8a9fcdc451b3fdf50c088a6f31721140ab77690d39d1dcc9517b61,9d7c5c31eb97de02884f121f2acced01e10a1058d5e920928391f3fa7e39bf36,688465db3e3753072bff61a8617f174dd86d46eda8ab1acdf5670dacf201932f,608ad3f139b359fe1423a371f832308404afeb0ee8180e7ec08d2d053388d44a,718,504,433,409
434,9.010000228881836,9.997751235961914,0.9877510070800781,0.9877510070800781,0.9756520519877085,10.962829988769718,in-house,498,CC1=CC(C(S1)=C(C2=C3SC(C(S4)=CC=C4C5=C6C(C(C7=C(SC(CCCCCCCC)=C7C6=O)CCCCCCCC)=O)=C(S5)C8=CC=C(C)S8)=C2)C9=CC=C(S9)CC)=C3C%10=CC=C(S%10)CC,c12cc3c(cc1C(c1c2sc2c1sc(c2)/C=C\1/C(=C(C#N)C#N)c2c(C1=O)cccc2)(c1ccc(cc1)CCCCCC)c1ccc(cc1)CCCCCC)c1c(C3(c2ccc(cc2)CCCCCC)c2ccc(cc2)CCCCCC)c2c(s1)cc(s2)/C=C\1/C(=C(C#N)C#N)c2c(C1=O)cccc2,9.01,CC1=CC(C(S1)=C(C2=C3SC(C(S4)=CC=C4C5=C6C(C(C7=C(SC(CCCCCCCC)=C7C6=O)CCCCCCCC)=O)=C(S5)C8=CC=C(C)S8)=C2)C9=CC=C(S9)CC)=C3C%10=CC=C(S%10)CC||c12cc3c(cc1C(c1c2sc2c1sc(c2)/C=C\1/C(=C(C#N)C#N)c2c(C1=O)cccc2)(c1ccc(cc1)CCCCCC)c1ccc(cc1)CCCCCC)c1c(C3(c2ccc(cc2)CCCCCC)c2ccc(cc2)CCCCCC)c2c(s1)cc(s2)/C=C\1/C(=C(C#N)C#N)c2c(C1=O)cccc2,5ba336b2d6695e02422d91b15e24ea12b84fce25456dd3726f19d85ab0bacc59,202f8607af2cecb83e86b2e4305f8c7e2852bc709bb805b9055691d46a9081c5,7eca11b3044d01e6af0186a47fdbfa053a52e769dd1aed2587c8357307ad4100,0aebc2b21a0d5c3c9c4ccef93ea95ca1cd46cc3739e0f768c8b2efa5f5f72a11,1e39710f4f3973fee0115a4317b4ddabacb44b2d7c63d411e256450e9c1cf444,580,57,127,410
435,9.0,10.676090240478516,1.6760902404785156,1.6760902404785156,2.8092784942273283,18.623224894205727,in-house,500,O=C(C1=C(CCC(CCCC)CC)SC(CCC(CC)CCCC)=C1C2=O)C(C2=C(C3)C(C4)=CC=C4C5=CC6=C(C(C7=CC=C(CCC(CCCC)CC)S7)=C8C=CSC8=C6C9=CC=C(CCC(CCCC)CC)S9)S5)=C3C%10=CC=CS%10,O=C(C1=CC=CC=C1C/2=C(C#N)/C#N)C2=C/C3=CC(SC4=C5C(CCCCCCCC)(CCCCCCCC)C6=C4C=C7C(C8=CC(C(C9=C%10SC%11=C9SC(/C=C%12C(C%13=C(C=CC=C%13)C\%12=C(C#N)/C#N)=O)=C%11)(CCCCCCCC)CCCCCCCC)=C%10C=C8C7(CCCCCCCC)CCCCCCCC)=C6)=C5S3,9.0,O=C(C1=C(CCC(CCCC)CC)SC(CCC(CC)CCCC)=C1C2=O)C(C2=C(C3)C(C4)=CC=C4C5=CC6=C(C(C7=CC=C(CCC(CCCC)CC)S7)=C8C=CSC8=C6C9=CC=C(CCC(CCCC)CC)S9)S5)=C3C%10=CC=CS%10||O=C(C1=CC=CC=C1C/2=C(C#N)/C#N)C2=C/C3=CC(SC4=C5C(CCCCCCCC)(CCCCCCCC)C6=C4C=C7C(C8=CC(C(C9=C%10SC%11=C9SC(/C=C%12C(C%13=C(C=CC=C%13)C\%12=C(C#N)/C#N)=O)=C%11)(CCCCCCCC)CCCCCCCC)=C%10C=C8C7(CCCCCCCC)CCCCCCCC)=C6)=C5S3,6f31f3770fd225e382586e20513744e11a328b7cc74c758d48628417c600a02b,10ccc085e86003224445ea8551ba233d373f1bd4cd3b832aa2c0bf3775f351cf,ee913480f354a49a7fa7f92e3e260df27c43c0c15c73da268352d6bcdc9a0522,4b88840a98e85f60251108e9cd8f721d8c4006f22f1d4fbeaf49166e9e0d6e94,a4ec1f61b37eba4fbfd3018baeaed639427fdf99700a4aa5da20d567f3a4db63,1122,360,759,411
440,8.960000038146973,8.0256929397583,-0.9343070983886719,0.9343070983886719,0.8729297540994594,10.427534535835749,in-house,507,FC1=C(C2=CC=C(C3=CC4=C(C(C(C=C5F)=CC(F)=C5CC(CCCC)CC)=C6C=C(OC6=C4C(C=C7F)=CC(F)=C7CC(CC)CCCC)C)O3)S2)C8=NN(CC(CCCCCCCC)CCCCCC)N=C8C(C9=CC=C(C)S9)=C1F,c12cc3c(cc1C(c1c2sc2c1sc(c2)/C=C\1/C(=C(C#N)C#N)c2c(C1=O)cccc2)(c1cccc(c1)CCCCCC)c1cc(ccc1)CCCCCC)c1c(C3(c2cc(ccc2)CCCCCC)c2cccc(c2)CCCCCC)c2c(s1)cc(s2)/C=C\1/C(=C(C#N)C#N)c2c(C1=O)cccc2,8.96,FC1=C(C2=CC=C(C3=CC4=C(C(C(C=C5F)=CC(F)=C5CC(CCCC)CC)=C6C=C(OC6=C4C(C=C7F)=CC(F)=C7CC(CC)CCCC)C)O3)S2)C8=NN(CC(CCCCCCCC)CCCCCC)N=C8C(C9=CC=C(C)S9)=C1F||c12cc3c(cc1C(c1c2sc2c1sc(c2)/C=C\1/C(=C(C#N)C#N)c2c(C1=O)cccc2)(c1cccc(c1)CCCCCC)c1cc(ccc1)CCCCCC)c1c(C3(c2cc(ccc2)CCCCCC)c2cccc(c2)CCCCCC)c2c(s1)cc(s2)/C=C\1/C(=C(C#N)C#N)c2c(C1=O)cccc2,0eba39b92d3306533f37e1089333de7bf54469696f9634a85ef7c679c887edab,50864152acede518837f13b246d168a2c910162b60d24eaca8a12069a3584c43,b06dee734ea17d87c49bd4da3ee0020df7c73b8adb89a121df5b668ad131327f,02764a75072ff9d34206dc05d5000d1937ebac74d94bda8b9149b2e473dc26de,b1a1d93b3f1d603c69af53616e6349e15636e66963a693e45a08103bc4cc93af,816,12,820,416
442,8.90999984741211,9.802849769592283,0.892849922180174,0.892849922180174,0.7971809835371427,10.020762485641347,in-house,509,O=C(C1=C(CC(CCCC)CC)SC(CC(CCCC)CC)=C12)C3=C(C4=CC=CS4)SC(C(S5)=CC=C5C6=CC7=C(C8=CC=C(CC(CCCC)CCCCCC)C=C8)C(SC=C9)=C9C(C%10=CC=C(CC(CCCCCC)CCCC)C=C%10)=C7S6)=C3C2=O,O=C(C(C=C(C=CC=C1)C1=C2)=C2C/3=C(C#N)\C#N)C3=C/C4=CC(C5(C6=CC=C(CCCCCC)C=C6)C7=CC=C(CCCCCC)C=C7)=C(C8=CC9=C(C%10=C(C9(C%11=CC=C(C=C%11)CCCCCC)C%12=CC=C(C=C%12)CCCCCC)C=C(/C=C%13C(C(C=C(C=CC=C%14)C%14=C%15)=C%15C\%13=C(C#N)\C#N)=O)S%10)C=C85)S4,8.91,O=C(C1=C(CC(CCCC)CC)SC(CC(CCCC)CC)=C12)C3=C(C4=CC=CS4)SC(C(S5)=CC=C5C6=CC7=C(C8=CC=C(CC(CCCC)CCCCCC)C=C8)C(SC=C9)=C9C(C%10=CC=C(CC(CCCCCC)CCCC)C=C%10)=C7S6)=C3C2=O||O=C(C(C=C(C=CC=C1)C1=C2)=C2C/3=C(C#N)\C#N)C3=C/C4=CC(C5(C6=CC=C(CCCCCC)C=C6)C7=CC=C(CCCCCC)C=C7)=C(C8=CC9=C(C%10=C(C9(C%11=CC=C(C=C%11)CCCCCC)C%12=CC=C(C=C%12)CCCCCC)C=C(/C=C%13C(C(C=C(C=CC=C%14)C%14=C%15)=C%15C\%13=C(C#N)\C#N)=O)S%10)C=C85)S4,826e531b71e4c0ef06b575364b50a339b3da70c19584a5cd5231c22bd6d85201,24129537716343b6e8373f699534e83e035b9db95fe6bcf8bbc834cd4c1c999b,b8ff5d273d41871eb8189288455d762b6cd287a63b991cfbbe431f1c8ec04c0a,e1dcd5ee365eeee5411b9ef225e69e2a3faae3de3659743bac23d7c85fb0dbba,5389971e6b9481b4efdecdcc9fd5ba59ac21c12f438d74c8a1a0accddc4428ea,870,1041,378,418
448,8.8100004196167,7.184455394744873,-1.6255450248718262,1.6255450248718262,2.642396627885546,18.451134477273378,in-house,516,ClC1=C(C2=CC=C(S2)C(OC)=O)SC3=C(C)SC(C4=CC(C(S4)=C(C5=C6SC(C)=C5)C7=CC=C(S7)CC(CC)CCCC)=C6C8=CC=C(S8)CC(CCCCC)CC)=C13,c12cc3c(cc1C(c1c2sc2c1sc(c2)/C=C\1/C(=C(C#N)C#N)c2c(C1=O)cccc2)(c1ccc(cc1)CCCCCC)c1ccc(cc1)CCCCCC)c1c(C3(c2ccc(cc2)CCCCCC)c2ccc(cc2)CCCCCC)c2c(s1)cc(s2)/C=C\1/C(=C(C#N)C#N)c2c(C1=O)cccc2,8.81,ClC1=C(C2=CC=C(S2)C(OC)=O)SC3=C(C)SC(C4=CC(C(S4)=C(C5=C6SC(C)=C5)C7=CC=C(S7)CC(CC)CCCC)=C6C8=CC=C(S8)CC(CCCCC)CC)=C13||c12cc3c(cc1C(c1c2sc2c1sc(c2)/C=C\1/C(=C(C#N)C#N)c2c(C1=O)cccc2)(c1ccc(cc1)CCCCCC)c1ccc(cc1)CCCCCC)c1c(C3(c2ccc(cc2)CCCCCC)c2ccc(cc2)CCCCCC)c2c(s1)cc(s2)/C=C\1/C(=C(C#N)C#N)c2c(C1=O)cccc2,a7811521b0e2dc660500ea34b50d830b517abba8fe0b3cfd24377aa3ccb278b7,202f8607af2cecb83e86b2e4305f8c7e2852bc709bb805b9055691d46a9081c5,7634cddc753009dc4ac745c56e7b957e6ba88e920ac7516a7163347288402843,193d945d88ed1a7cc63d17ffb1ce40975a66e95ff4fd6dc7d347564248908266,276a17e7f1b4ddd96ffb4801c78ed4f7214026ae96c4a42839cb0fca3a284225,534,127,169,424
449,8.800000190734863,14.295509338378906,5.495509147644043,5.495509147644043,30.200620791839356,62.44896623331924,in-house,517,O=C1C2=C(CC(CC)CCCC)SC(CC(CC)CCCC)=C2C(C3=C(C4=CC=C(C5=CC(C(C6=CC(F)=C(CC(CC)CCCC)S6)=C(SC=C7)C7=C8C9=CC(F)=C(CC(CC)CCCC)S9)=C8S5)S4)SC(C%10=CC=CS%10)=C31)=O,C=C(C(C=CC=C1)=C1C/2=C(C#N)\C#N)C2=C/C(SC3=C4SC5=C3N(CC(CCCC)CC)C6=C5C7=NSN=C7C8=C6N(CC(CC)CCCC)C9=C8SC%10=C9SC(/C=C%11/C(C(C=CC=C%12)=C%12C%11=O)=C(C#N)/C#N)=C%10CCCCCCCCCCC)=C4CCCCCCCCCCC,8.8,O=C1C2=C(CC(CC)CCCC)SC(CC(CC)CCCC)=C2C(C3=C(C4=CC=C(C5=CC(C(C6=CC(F)=C(CC(CC)CCCC)S6)=C(SC=C7)C7=C8C9=CC(F)=C(CC(CC)CCCC)S9)=C8S5)S4)SC(C%10=CC=CS%10)=C31)=O||C=C(C(C=CC=C1)=C1C/2=C(C#N)\C#N)C2=C/C(SC3=C4SC5=C3N(CC(CCCC)CC)C6=C5C7=NSN=C7C8=C6N(CC(CC)CCCC)C9=C8SC%10=C9SC(/C=C%11/C(C(C=CC=C%12)=C%12C%11=O)=C(C#N)/C#N)=C%10CCCCCCCCCCC)=C4CCCCCCCCCCC,65482d735aa1f382b817dd8d95b1689b39b0b3c26138949c2680844f1b1f5ea0,5e6793dff4ed807f13c81422631b0ad63a30f63f71f47f9842e177dab2804728,15010427b4e483346fd95cc30c057628c67f5362e776c3ca5326753ddc10ff8a,0a28672735244815642a918548fb0863bf40cf43bf55c9ad469d94063f2bd8b7,9351d0cce6f02ff869f318e5db4725e74f26a047a6ae91dc3efbc45e7f0cda3b,98,51,670,425
451,8.789999961853027,7.477955341339111,-1.312044620513916,1.312044620513916,1.7214610862195059,14.926560025118848,in-house,519,O=C(C1=C(CCC(CCCC)CC)SC(CCC(CC)CCCC)=C1C2=O)C(C2=C(C3)C(C4)=CC=C4C5=CC6=C(C(C7=CC=C(CCC(CCCC)CC)S7)=C8C=CSC8=C6C9=CC=C(CCC(CCCC)CC)S9)S5)=C3C%10=CC=CS%10,O=C1C(/C(C2=C1C=CC=C2)=C(C#N)\C#N)=C\C3=CC(OCC(CCCC)CC)=C(C4=CC(C(C5=CC(C6=C7C=C(C8=C(C=C(/C=C(C9=O)/C(C%10=C9C=CC=C%10)=C(C#N)\C#N)S8)OCC(CCCC)CC)S6)=C(C7(C%11=CC=C(C=C%11)CCCCCC)C%12=CC=C(C=C%12)CCCCCC)C=C%135)(C%14=CC=C(C=C%14)CCCCCC)C(C=C%15)=CC=C%15CCCCCC)=C%13S4)S3,8.79,O=C(C1=C(CCC(CCCC)CC)SC(CCC(CC)CCCC)=C1C2=O)C(C2=C(C3)C(C4)=CC=C4C5=CC6=C(C(C7=CC=C(CCC(CCCC)CC)S7)=C8C=CSC8=C6C9=CC=C(CCC(CCCC)CC)S9)S5)=C3C%10=CC=CS%10||O=C1C(/C(C2=C1C=CC=C2)=C(C#N)\C#N)=C\C3=CC(OCC(CCCC)CC)=C(C4=CC(C(C5=CC(C6=C7C=C(C8=C(C=C(/C=C(C9=O)/C(C%10=C9C=CC=C%10)=C(C#N)\C#N)S8)OCC(CCCC)CC)S6)=C(C7(C%11=CC=C(C=C%11)CCCCCC)C%12=CC=C(C=C%12)CCCCCC)C=C%135)(C%14=CC=C(C=C%14)CCCCCC)C(C=C%15)=CC=C%15CCCCCC)=C%13S4)S3,6f31f3770fd225e382586e20513744e11a328b7cc74c758d48628417c600a02b,87476fb90d0db17e58b2a62e38ecc6765e2842c257a662603688167ffd1038b6,c29245d1bbf4c187b9df735d4328f2e8991e088de2a2d484f937aef7fa928b4b,a88ba12a97b6ad6e31a60a91acae8032dd1ba570fb45a0a939a2a13b1c4f666e,0a460d4e5c5f12386533d0a4826783b777b3a382f787f41b2a306fef18d5e52a,928,774,52,427
452,8.789999961853027,8.713446617126465,-0.0765533447265625,0.0765533447265625,0.0058604145888239145,0.8709140507257093,in-house,520,O=C(C1=C(CCC(CCCC)CC)SC(CCC(CC)CCCC)=C1C2=O)C(C2=C(C3)C(C4)=CC=C4C5=CC6=C(C(C7=CC=C(CCC(CCCC)CC)S7)=C8C=CSC8=C6C9=CC=C(CCC(CCCC)CC)S9)S5)=C3C%10=CC=CS%10,O=C(C(C=CC=C1)=C1C/2=C(C#N)\C#N)C2=C\C3=CSC(C4=CC5=C(C(C=C6C(C7=CC=C(C=C7)CCCCCC)(C8=CC=C(C=C8)CCCCCC)C9=C(SC(C%10=C(OCCCCCCCC)C(/C=C%11C(C(C=CC=C%12)=C%12C/%11=C(C#N)/C#N)=O)=CS%10)=C9)C6=C%13)=C%13C5(C%14=CC=C(CCCCCC)C=C%14)C(C=C%15)=CC=C%15CCCCCC)S4)=C3OCCCCCCCC,8.79,O=C(C1=C(CCC(CCCC)CC)SC(CCC(CC)CCCC)=C1C2=O)C(C2=C(C3)C(C4)=CC=C4C5=CC6=C(C(C7=CC=C(CCC(CCCC)CC)S7)=C8C=CSC8=C6C9=CC=C(CCC(CCCC)CC)S9)S5)=C3C%10=CC=CS%10||O=C(C(C=CC=C1)=C1C/2=C(C#N)\C#N)C2=C\C3=CSC(C4=CC5=C(C(C=C6C(C7=CC=C(C=C7)CCCCCC)(C8=CC=C(C=C8)CCCCCC)C9=C(SC(C%10=C(OCCCCCCCC)C(/C=C%11C(C(C=CC=C%12)=C%12C/%11=C(C#N)/C#N)=O)=CS%10)=C9)C6=C%13)=C%13C5(C%14=CC=C(CCCCCC)C=C%14)C(C=C%15)=CC=C%15CCCCCC)S4)=C3OCCCCCCCC,6f31f3770fd225e382586e20513744e11a328b7cc74c758d48628417c600a02b,c011096250e87b2429fba3d65fb93dbe78333932313fc52542086860f0dd954f,49491188eccc58c0cc432d52a98bfb3e40506d4085e3b71336afba572c0d4da8,881288fe5848b4b18bf247d871f4cfa703215e24408e372663eee1d8d38f958e,1d36d24be0c155da4c7c27471f6749f7669714412852c3f381940a62857b96d4,340,638,123,428
455,8.729999542236328,7.374993801116943,-1.3550057411193848,1.3550057411193848,1.8360405584664932,15.521257871363858,in-house,523,FC1=C(C(OCC(CCCC)CC)=O)SC2=CSC(C3=CC4=C(C5=C(C(C6=CC=C(CC(CC)CCCC)S6)=C4S3)C=CS5)C7=CC=C(CC(CC)CCCC)S7)=C12,c12cc3c(cc1C(c1c2sc2c1sc(c2)/C=C\1/C(=C(C#N)C#N)c2c(C1=O)cccc2)(c1ccc(cc1)CCCCCC)c1ccc(cc1)CCCCCC)c1c(C3(c2ccc(cc2)CCCCCC)c2ccc(cc2)CCCCCC)c2c(s1)cc(s2)/C=C\1/C(=C(C#N)C#N)c2c(C1=O)cccc2,8.73,FC1=C(C(OCC(CCCC)CC)=O)SC2=CSC(C3=CC4=C(C5=C(C(C6=CC=C(CC(CC)CCCC)S6)=C4S3)C=CS5)C7=CC=C(CC(CC)CCCC)S7)=C12||c12cc3c(cc1C(c1c2sc2c1sc(c2)/C=C\1/C(=C(C#N)C#N)c2c(C1=O)cccc2)(c1ccc(cc1)CCCCCC)c1ccc(cc1)CCCCCC)c1c(C3(c2ccc(cc2)CCCCCC)c2ccc(cc2)CCCCCC)c2c(s1)cc(s2)/C=C\1/C(=C(C#N)C#N)c2c(C1=O)cccc2,2249a87c8fc0450476e55f070a85b71ffa6beb368356c28f1302bad8bac422cb,202f8607af2cecb83e86b2e4305f8c7e2852bc709bb805b9055691d46a9081c5,384a96b675df0055bb925c624d5f6c1b6649658427c37d69ae1a3495e2f4b37c,fc0bf77242d0af8fc2bac7db5f7171698140f4455d3109497e0a4c75461c907e,4d44d3846da095d099292362f0f37382f54fe8d3de24c849c3a9eeddeef108cd,251,1169,340,431
456,8.699999809265137,5.923728942871094,-2.776270866394043,2.776270866394043,7.70767992358833,31.911160083445406,in-house,524,FC1=C(C(OCC(CCCC)CC)=O)SC2=CSC(C3=CC4=C(C5=C(C(C6=CC=C(CC(CC)CCCC)S6)=C4S3)C=CS5)C7=CC=C(CC(CC)CCCC)S7)=C12,O=C(/C(SC1=S)=C\C2=CC=C(C3=NSN=C23)C4=CC=C(S4)C5=CC=C6C(C(C7=CC=C(C=C7)CCCCCC)(C8=C6SC(C9=CC=C(C%10=NSN=C9%10)/C=C%11SC(N(C/%11=O)CC)=S)=C8)C%12=CC=C(C=C%12)CCCCCC)=C5)N1CC,8.7,FC1=C(C(OCC(CCCC)CC)=O)SC2=CSC(C3=CC4=C(C5=C(C(C6=CC=C(CC(CC)CCCC)S6)=C4S3)C=CS5)C7=CC=C(CC(CC)CCCC)S7)=C12||O=C(/C(SC1=S)=C\C2=CC=C(C3=NSN=C23)C4=CC=C(S4)C5=CC=C6C(C(C7=CC=C(C=C7)CCCCCC)(C8=C6SC(C9=CC=C(C%10=NSN=C9%10)/C=C%11SC(N(C/%11=O)CC)=S)=C8)C%12=CC=C(C=C%12)CCCCCC)=C5)N1CC,2249a87c8fc0450476e55f070a85b71ffa6beb368356c28f1302bad8bac422cb,5f52ab950f036a1d2a8a8b1a30a724d384ed28f370b5ff88113fac0d98926e47,95b7d59ff882fc0d2be391e33f222ee5d8a54adefb340f320bb24d95944d9058,d1217d4881f9bdd2be619415ab2a5bf33baa5306f0e9a276da710402ec9dc523,53613e367692ebfa8214f973e65ac0d9a5ae3a6710749c6accdfb36169fb7cc3,683,968,377,432
458,8.630000114440918,7.453843593597412,-1.1761565208435059,1.1761565208435059,1.3833441615227002,13.628696468675555,in-house,529,O=C(C1=C(CCC(CCCC)CC)SC(CCC(CC)CCCC)=C1C2=O)C(C2=C(C3)C(C4)=CC=C4C5=CC6=C(C(C7=CC=C(CCC(CCCC)CC)S7)=C8C=CSC8=C6C9=CC=C(CCC(CCCC)CC)S9)S5)=C3C%10=CC=CS%10,O=C(C1=C(C=C([H])C=C1)C/2=C(C#N)\C#N)C2=C/C3=CC4=C(C(C=C(C=C(C(C5=CC=C(C=C5)CCCCCC)(C6=C7SC(/C=C8C(C9=C(C=C([H])C=C9)C\8=C(C#N)\C#N)=O)=C6)C%10=CC=C(C=C%10)CCCCCC)C7=C%11)C%11=C%12)=C%12C4(C%13=CC=C(CCCCCC)C=C%13)C%14=CC=C(CCCCCC)C=C%14)C3,8.63,O=C(C1=C(CCC(CCCC)CC)SC(CCC(CC)CCCC)=C1C2=O)C(C2=C(C3)C(C4)=CC=C4C5=CC6=C(C(C7=CC=C(CCC(CCCC)CC)S7)=C8C=CSC8=C6C9=CC=C(CCC(CCCC)CC)S9)S5)=C3C%10=CC=CS%10||O=C(C1=C(C=C([H])C=C1)C/2=C(C#N)\C#N)C2=C/C3=CC4=C(C(C=C(C=C(C(C5=CC=C(C=C5)CCCCCC)(C6=C7SC(/C=C8C(C9=C(C=C([H])C=C9)C\8=C(C#N)\C#N)=O)=C6)C%10=CC=C(C=C%10)CCCCCC)C7=C%11)C%11=C%12)=C%12C4(C%13=CC=C(CCCCCC)C=C%13)C%14=CC=C(CCCCCC)C=C%14)C3,6f31f3770fd225e382586e20513744e11a328b7cc74c758d48628417c600a02b,be82316b742620b79339b3efd5563bc14a02e8d9ec7bea5ba1a5f320a0e4626d,55798999931101324d4120589b1d83538c68a46a9f09b87e2508c02fd10f98d4,79464f2f1736dd7ad663510c03383b93e739990d8dbecd40e46cdaedd3ab3f80,275519b045f9056a9077213c05f6bb45a0a5a74937238fa9e598481f1c96c952,389,579,167,434
460,8.609999656677246,10.907995223999023,2.2979955673217773,2.2979955673217773,5.280783627430537,26.68984505173157,in-house,531,CC1=CC=C(S1)C2=C3C=C(SC3=C(C4=C2SC(C5=CC=C(S5)C6=C(C(F)=C(C(N=C7C8=CC=CC(OCCCCCCCC)=C8)=C6N=C7C9=CC=CC(OCCCCCCCC)=C9)C%10=CC=C(C)S%10)F)=C4)C%11=CC=C(S%11)C)C,O=C(C/1=C\C2=C(C3=C(S2)C(N4C5=CC=C(CCCCCC)C=C5)=C(C6=C4C7=C(C8=NSN=C68)C(SC9=C%10SC(/C=C%11C(C%12=CC(F)=C(C=C%12C\%11=C(C#N)/C#N)F)=O)=C9CCCCCCCCCCC)=C%10N7C%13=CC=C(CCCCCC)C=C%13)S3)CCCCCCCCCCC)C%14=CC(F)=C(F)C=C%14C1=C(C#N)/C#N,8.61,CC1=CC=C(S1)C2=C3C=C(SC3=C(C4=C2SC(C5=CC=C(S5)C6=C(C(F)=C(C(N=C7C8=CC=CC(OCCCCCCCC)=C8)=C6N=C7C9=CC=CC(OCCCCCCCC)=C9)C%10=CC=C(C)S%10)F)=C4)C%11=CC=C(S%11)C)C||O=C(C/1=C\C2=C(C3=C(S2)C(N4C5=CC=C(CCCCCC)C=C5)=C(C6=C4C7=C(C8=NSN=C68)C(SC9=C%10SC(/C=C%11C(C%12=CC(F)=C(C=C%12C\%11=C(C#N)/C#N)F)=O)=C9CCCCCCCCCCC)=C%10N7C%13=CC=C(CCCCCC)C=C%13)S3)CCCCCCCCCCC)C%14=CC(F)=C(F)C=C%14C1=C(C#N)/C#N,10c5457df92578377cfb47c3f579aed7b25f1c5c26447cba5001d2bd8bc92d44,3bc5e962960694d5a8c90d751d3f10c939059169c6882aed8bdcfb92d36d6776,e22880f6c1b2a88cf11f3e4e4bcfa79932666988ae1791749338521b14c66a6d,b28df0380b2c9ff52de08b42b13a0542e7a75d7188ea9da7779281fa3984a63e,269977663eae952ef29cef5e1a27453ff02fd13825c639b6addc2896b3fd4fe6,1071,808,160,436
463,8.539999961853027,7.414572715759277,-1.12542724609375,1.12542724609375,1.2665864862501621,13.1783050482538,in-house,535,FC1=C(C(OCC(CCCC)CC)=O)SC2=CSC(C3=CC4=C(C5=C(C(C6=CC=C(CC(CC)CCCC)S6)=C4S3)C=CS5)C7=CC=C(CC(CC)CCCC)S7)=C12,CCC(CC)(O1)C2=CC(C3=C(OC4(CC)CC)C=C(C5=C6C=C(C(OCCCCCCCC)=O)SC6=C(/C=C7/C(C(C=CC=C8)=C8C7=O)=C(C#N)/C#N)S5)S3)=C4C=C2C(S9)=C1C=C9C(SC(/C=C%10C(C%11=C(C/%10=C(C#N)\C#N)C=CC=C%11)=O)=C%12S%13)=C%12C=C%13C(OCCCCCCCC)=O,8.54,FC1=C(C(OCC(CCCC)CC)=O)SC2=CSC(C3=CC4=C(C5=C(C(C6=CC=C(CC(CC)CCCC)S6)=C4S3)C=CS5)C7=CC=C(CC(CC)CCCC)S7)=C12||CCC(CC)(O1)C2=CC(C3=C(OC4(CC)CC)C=C(C5=C6C=C(C(OCCCCCCCC)=O)SC6=C(/C=C7/C(C(C=CC=C8)=C8C7=O)=C(C#N)/C#N)S5)S3)=C4C=C2C(S9)=C1C=C9C(SC(/C=C%10C(C%11=C(C/%10=C(C#N)\C#N)C=CC=C%11)=O)=C%12S%13)=C%12C=C%13C(OCCCCCCCC)=O,2249a87c8fc0450476e55f070a85b71ffa6beb368356c28f1302bad8bac422cb,313d0de9b4ea70a76d1fd57fd4aa4aac4e4fa85bcd31ec9182868bda3a7c1857,0b67a020398e7f7812eed0fb6ec4a1867f983dbcd4dd19673f22578bd6bbff13,16e208219bfd1baea6b666257f62244393330ca6311ca756cd4b621ec5c8acbe,5d4474fe4175d1e0da4d991e8801d45bdd59b46dd4b7fafc34962afbfe4b872d,49,113,419,439
468,8.5,6.960129737854004,-1.539870262145996,1.539870262145996,2.3712004242415787,18.116120731129364,in-house,540,FC(C(F)=C(C1=NSN=C21)C3=CC(CCCCCCCCCCCCCCCCCCCC)=C(S3)C)=C2C4=CC(C#CC#CC#CC#CC#CC#CC#CC#CC#CC#C)=C(S4)C(S5)=CC=C5C6=CC7=C(SC(C)=C7)C=C6.[HH].[HH].[HH].[HH].[HH].[HH].[HH].[HH].[HH].[HH],N#C/C(C#N)=C(C1=CC=CC=C1C2=O)/C2=C/C3=CC4=C(C5=C(C=C6C(C(CCCCCC)(CCCCCC)C7=C6SC(/C=C8/C(C9=CC=CC=C9C8=O)=C(C#N)/C#N)=C7)=C5)C4(CCCCCC)CCCCCC)S3,8.5,FC(C(F)=C(C1=NSN=C21)C3=CC(CCCCCCCCCCCCCCCCCCCC)=C(S3)C)=C2C4=CC(C#CC#CC#CC#CC#CC#CC#CC#CC#CC#C)=C(S4)C(S5)=CC=C5C6=CC7=C(SC(C)=C7)C=C6.[HH].[HH].[HH].[HH].[HH].[HH].[HH].[HH].[HH].[HH]||N#C/C(C#N)=C(C1=CC=CC=C1C2=O)/C2=C/C3=CC4=C(C5=C(C=C6C(C(CCCCCC)(CCCCCC)C7=C6SC(/C=C8/C(C9=CC=CC=C9C8=O)=C(C#N)/C#N)=C7)=C5)C4(CCCCCC)CCCCCC)S3,5720aee2a2a66d9124b18859c017dac89e6fa8f72912d6b9d5b9753447490b09,0cc00e1ba2d95fe8288dc072edf395ee6fc3678daa4e12f6703c7be7d2c5a409,dd901d85276a71549bcfc11718adfa1b49fa1f172f851edaa12bfcadfb404294,5b3d7237e812f87c9def647a48e6b994ad1b3fe76b94ddd514950b090179833a,69ba9c8b170233528afc9c7457be90b40046ebf27eaf404aa456bf61ed9539f3,1048,428,478,444
472,8.430000305175781,7.464572906494141,-0.9654273986816406,0.9654273986816406,0.9320500621251995,11.452281894804862,in-house,544,FC(C(F)=C(C1=NN(N=C21)CCC(CCCC)CCCCCC)C3=CC=C(S3)C)=C2C(S4)=CC=C4C5=CC(C(CCCC(CCCCCC)CCCC)=C6SC(C)=CC6=C7CCCC(CCCC)CCCCCC)=C7S5,O=C1C2=C(C=CC=C2)C(/C1=C/C(S3)=CC4=C3C(SC5=C6SC7=C5OC(C8=CC=C(CCCCCC)C=C8)(C9=CC=C(CCCCCC)C=C9)C%10=C7SC(/C=C%11/C(C(C=CC=C%12)=C%12C%11=O)=C(C#N)\C#N)=C%10)=C6OC4(C%13=CC=C(CCCCCC)C=C%13)C%14=CC=C(CCCCCC)C=C%14)=C(C#N)/C#N,8.43,FC(C(F)=C(C1=NN(N=C21)CCC(CCCC)CCCCCC)C3=CC=C(S3)C)=C2C(S4)=CC=C4C5=CC(C(CCCC(CCCCCC)CCCC)=C6SC(C)=CC6=C7CCCC(CCCC)CCCCCC)=C7S5||O=C1C2=C(C=CC=C2)C(/C1=C/C(S3)=CC4=C3C(SC5=C6SC7=C5OC(C8=CC=C(CCCCCC)C=C8)(C9=CC=C(CCCCCC)C=C9)C%10=C7SC(/C=C%11/C(C(C=CC=C%12)=C%12C%11=O)=C(C#N)\C#N)=C%10)=C6OC4(C%13=CC=C(CCCCCC)C=C%13)C%14=CC=C(CCCCCC)C=C%14)=C(C#N)/C#N,45e95ea37da5bc3e18f2c067cb95f73c851335176098d8fca22fcb29952b2779,958c05579ac95bcc7de8741ddddbe7e87c7dc6a8970469b134fd47ea0d739414,c240fff88eb5fbffeed8d67c0aa13fea5f6eee89819002a9e3f0d4e49052dac9,bc530c3976e51fff6afa431f2e6cb4b203872e532391b7cf93c2515844dfb483,033451167354ec805cb78c119e91997323c40f640875508a4885a3055a51b518,927,863,14,448
473,8.399999618530273,10.546514511108398,2.146514892578125,2.146514892578125,4.6075261840596795,25.5537498816422,in-house,545,O=C1C2=C(CC(CC)CCCC)SC(CC(CC)CCCC)=C2C(C3=C(C4=CC=C(C5=CC(C(C6=CC(F)=C(CC(CC)CCCC)S6)=C(SC=C7)C7=C8C9=CC(F)=C(CC(CC)CCCC)S9)=C8S5)S4)SC(C%10=CC=CS%10)=C31)=O,c12cc3c(cc1C(c1c2sc2c1sc(c2)/C=C\1/C(=C(C#N)C#N)c2c(C1=O)cccc2)(c1ccc(cc1)CCCCCC)c1ccc(cc1)CCCCCC)c1c(C3(c2ccc(cc2)CCCCCC)c2ccc(cc2)CCCCCC)c2c(s1)cc(s2)/C=C\1/C(=C(C#N)C#N)c2c(C1=O)cccc2,8.4,O=C1C2=C(CC(CC)CCCC)SC(CC(CC)CCCC)=C2C(C3=C(C4=CC=C(C5=CC(C(C6=CC(F)=C(CC(CC)CCCC)S6)=C(SC=C7)C7=C8C9=CC(F)=C(CC(CC)CCCC)S9)=C8S5)S4)SC(C%10=CC=CS%10)=C31)=O||c12cc3c(cc1C(c1c2sc2c1sc(c2)/C=C\1/C(=C(C#N)C#N)c2c(C1=O)cccc2)(c1ccc(cc1)CCCCCC)c1ccc(cc1)CCCCCC)c1c(C3(c2ccc(cc2)CCCCCC)c2ccc(cc2)CCCCCC)c2c(s1)cc(s2)/C=C\1/C(=C(C#N)C#N)c2c(C1=O)cccc2,65482d735aa1f382b817dd8d95b1689b39b0b3c26138949c2680844f1b1f5ea0,202f8607af2cecb83e86b2e4305f8c7e2852bc709bb805b9055691d46a9081c5,bc5bd7b75e4a5b3ce65983b8e0705ddcda5af358a704095e0d4330f37e5ea594,6f41a72e9b9b1068c1c45af4fd809c0874066a325a6de28e9531f37e8c400a45,c919a9f6614c3d12b6be730d45112b5574d2f5d8107142c76ea99b1ec4c8e41c,894,540,922,449
479,8.329999923706055,8.625024795532227,0.2950248718261719,0.2950248718261719,0.08703967499604914,3.5417151804115985,in-house,551,O=C(C1=C(CC(CCCC)CC)SC(CC(CCCC)CC)=C12)C3=C(C4=CC=CS4)SC(C(S5)=CC=C5C6=CC7=C(C8=CC=C(CC(CCCC)CCCCCC)C=C8)C(SC=C9)=C9C(C%10=CC=C(CC(CCCCCC)CCCC)C=C%10)=C7S6)=C3C2=O,O=C(C1=C(C=C(F)C=C1)C/2=C(C#N)\C#N)C2=C/C3=CC(C4(C5=CC=C(C=C5)CCCCCC)C(C=C6)=CC=C6CCCCCC)=C(C(C=C7C8(C9=CC=C(CCCCCC)C=C9)C%10=CC=C(CCCCCC)C=C%10)=C4C=C7C%11=C8C=C(/C=C%12C(C%13=C(C=CC(F)=C%13)C\%12=C(C#N)\C#N)=O)S%11)S3,8.33,O=C(C1=C(CC(CCCC)CC)SC(CC(CCCC)CC)=C12)C3=C(C4=CC=CS4)SC(C(S5)=CC=C5C6=CC7=C(C8=CC=C(CC(CCCC)CCCCCC)C=C8)C(SC=C9)=C9C(C%10=CC=C(CC(CCCCCC)CCCC)C=C%10)=C7S6)=C3C2=O||O=C(C1=C(C=C(F)C=C1)C/2=C(C#N)\C#N)C2=C/C3=CC(C4(C5=CC=C(C=C5)CCCCCC)C(C=C6)=CC=C6CCCCCC)=C(C(C=C7C8(C9=CC=C(CCCCCC)C=C9)C%10=CC=C(CCCCCC)C=C%10)=C4C=C7C%11=C8C=C(/C=C%12C(C%13=C(C=CC(F)=C%13)C\%12=C(C#N)\C#N)=O)S%11)S3,826e531b71e4c0ef06b575364b50a339b3da70c19584a5cd5231c22bd6d85201,57331ab81447a10c187509f7681c424b34e2885c64bc2ecf5873f5285e011e1e,22cd80d0bf86ba68b5bde24e991fc3c7f70578575122308fa3c540183de715e4,6042d4e67904b5534dc7f682cb32eb5e6137c43fa29ed5fd6da98aa313fc536a,f205197f05f7f6e28432d371c444e5ca8f3c5d0520c8a7b31cb3d9dfec4d0b06,161,459,1130,455
483,8.300000190734863,8.214180946350098,-0.08581924438476562,0.08581924438476562,0.007364942706772126,1.0339667760557893,in-house,555,O=C(C1=C(CCC(CCCC)CC)SC(CCC(CC)CCCC)=C1C2=O)C(C2=C(C3)C(C4)=CC=C4C5=CC6=C(C(C7=CC=C(CCC(CCCC)CC)S7)=C8C=CSC8=C6C9=CC=C(CCC(CCCC)CC)S9)S5)=C3C%10=CC=CS%10,O=C(C1=C(C=C(C)C=C1)C/2=C(C#N)\C#N)C2=C/C3=CC4=C(C(C=C(C=C(C(C5=CC=C(C=C5)CCCCCC)(C6=C7SC(/C=C8C(C9=C(C=C(C)C=C9)C\8=C(C#N)\C#N)=O)=C6)C%10=CC=C(C=C%10)CCCCCC)C7=C%11)C%11=C%12)=C%12C4(C%13=CC=C(CCCCCC)C=C%13)C%14=CC=C(CCCCCC)C=C%14)C3,8.3,O=C(C1=C(CCC(CCCC)CC)SC(CCC(CC)CCCC)=C1C2=O)C(C2=C(C3)C(C4)=CC=C4C5=CC6=C(C(C7=CC=C(CCC(CCCC)CC)S7)=C8C=CSC8=C6C9=CC=C(CCC(CCCC)CC)S9)S5)=C3C%10=CC=CS%10||O=C(C1=C(C=C(C)C=C1)C/2=C(C#N)\C#N)C2=C/C3=CC4=C(C(C=C(C=C(C(C5=CC=C(C=C5)CCCCCC)(C6=C7SC(/C=C8C(C9=C(C=C(C)C=C9)C\8=C(C#N)\C#N)=O)=C6)C%10=CC=C(C=C%10)CCCCCC)C7=C%11)C%11=C%12)=C%12C4(C%13=CC=C(CCCCCC)C=C%13)C%14=CC=C(CCCCCC)C=C%14)C3,6f31f3770fd225e382586e20513744e11a328b7cc74c758d48628417c600a02b,39c1670b09f9397538f05463c3a814817fd3d5be7f4dd7016101fad6dc0fe0ed,a5f6d66f221530a1dbffb46762270129fd11075ce662e904dae40989eb769a57,193216d415d03b1ed438fb139d176104861177b327a5b6fe11fccd59c1b02b72,7f60d5169ccea0b8d172a0b0a432bdd77805d3f590890b62e4db44f10b30a953,769,124,578,459
487,8.260000228881836,7.175227642059326,-1.0847725868225098,1.0847725868225098,1.1767315651215995,13.132839670264229,in-house,559,O=C(C1=C(CCC(CCCC)CC)SC(CCC(CC)CCCC)=C1C2=O)C(C2=C(C3)C(C4)=CC=C4C5=CC6=C(C(C7=CC=C(CCC(CCCC)CC)S7)=C8C=CSC8=C6C9=CC=C(CCC(CCCC)CC)S9)S5)=C3C%10=CC=CS%10,O=C(/C(S/1)=C/C(C2=NSN=C32)=CC=C3C4=CC(SC5=C6C(C(C=C7)=CC=C7CCCCCC)(C(C=C8)=CC=C8CCCCCC)C(C5=C9)=CC%10=C9C(C%11=CC=C(CCCCCC)C=C%11)(C%12=CC=C(C=C%12)CCCCCC)C%13=C%10SC%14=C%13SC(C(C%15=NSN=C%16%15)=CC=C%16/C=C(C%17=O)\S/C(N%17CCCCCC)=C(C#N)/C#N)=C%14)=C6S4)N(CCCCCC)C1=C(C#N)\C#N,8.26,O=C(C1=C(CCC(CCCC)CC)SC(CCC(CC)CCCC)=C1C2=O)C(C2=C(C3)C(C4)=CC=C4C5=CC6=C(C(C7=CC=C(CCC(CCCC)CC)S7)=C8C=CSC8=C6C9=CC=C(CCC(CCCC)CC)S9)S5)=C3C%10=CC=CS%10||O=C(/C(S/1)=C/C(C2=NSN=C32)=CC=C3C4=CC(SC5=C6C(C(C=C7)=CC=C7CCCCCC)(C(C=C8)=CC=C8CCCCCC)C(C5=C9)=CC%10=C9C(C%11=CC=C(CCCCCC)C=C%11)(C%12=CC=C(C=C%12)CCCCCC)C%13=C%10SC%14=C%13SC(C(C%15=NSN=C%16%15)=CC=C%16/C=C(C%17=O)\S/C(N%17CCCCCC)=C(C#N)/C#N)=C%14)=C6S4)N(CCCCCC)C1=C(C#N)\C#N,6f31f3770fd225e382586e20513744e11a328b7cc74c758d48628417c600a02b,4da3cebe78c96a8bee5c1562cc09c06cd7e893c3670f05122be6e03840af6f22,a0acdf2ad7f0ed4bd72ea71895835293921b6c20e616e90ab1254463481ade12,15cf52e456acacfb4c3bd7ac271e1814fb18dac5b89c80a3cc74fd56dad955d2,97e001f840015da66161c01434b73a15bfcaef6ae9dba5491141af98822635a4,741,109,686,383
488,8.25,7.422062397003174,-0.8279376029968262,0.8279376029968262,0.6854806744561301,10.035607309052438,in-house,561,FC(C(F)=C(C1=NN(N=C21)CCC(CCCC)CCCCCC)C3=CC=C(S3)C)=C2C(S4)=CC=C4C5=CC(C(CCCC(CCCCCC)CCCC)=C6SC(C)=CC6=C7CCCC(CCCC)CCCCCC)=C7S5,O=C1C2=C(C=C(F)C(F)=C2)C(/C1=C/C(S3)=CC4=C3C(SC5=C6SC7=C5OC(C8=CC=C(CCCCCC)C=C8)(C9=CC=C(CCCCCC)C=C9)C%10=C7SC(/C=C%11/C(C(C=C(F)C(F)=C%12)=C%12C%11=O)=C(C#N)\C#N)=C%10)=C6OC4(C%13=CC=C(CCCCCC)C=C%13)C%14=CC=C(CCCCCC)C=C%14)=C(C#N)/C#N,8.25,FC(C(F)=C(C1=NN(N=C21)CCC(CCCC)CCCCCC)C3=CC=C(S3)C)=C2C(S4)=CC=C4C5=CC(C(CCCC(CCCCCC)CCCC)=C6SC(C)=CC6=C7CCCC(CCCC)CCCCCC)=C7S5||O=C1C2=C(C=C(F)C(F)=C2)C(/C1=C/C(S3)=CC4=C3C(SC5=C6SC7=C5OC(C8=CC=C(CCCCCC)C=C8)(C9=CC=C(CCCCCC)C=C9)C%10=C7SC(/C=C%11/C(C(C=C(F)C(F)=C%12)=C%12C%11=O)=C(C#N)\C#N)=C%10)=C6OC4(C%13=CC=C(CCCCCC)C=C%13)C%14=CC=C(CCCCCC)C=C%14)=C(C#N)/C#N,45e95ea37da5bc3e18f2c067cb95f73c851335176098d8fca22fcb29952b2779,6736e5e8962acf57e916d4fd26398c0fe28531637902f144f596ecb3b9a9743b,60c09edd69ea6ec193b8a03465dad09dac48326e6ba407b219f7ec78863e1c82,136417250b9d6ed5cfaa8e27073c73bf4e3bb31397a78fab5d20f2f6d20e6888,b0c4426d7c1d6fcf29f5c239c0649d7f5e6afd10d5ba3d71668dd2030a64ddf5,434,92,814,463
491,8.210000038146973,7.878173351287842,-0.33182668685913086,0.33182668685913086,0.11010895011190769,4.0417379453998805,in-house,564,CC1=CC2=C(C3=C(C(C4=CC=C(S4)C)=C2S1)C=C(C5=C(CC6CCCCC6)C=C(C7=C(C(C8=C(SC(CC(CCCC)CC)=C8C9=O)CC(CCCC)CC)=O)C9=C(C%10=CC(CC%11CCCCC%11)=C(S%10)C)S7)S5)S3)C%12=CC=C(S%12)C,c12cc3c(cc1C(c1c2sc2c1sc(c2)/C=C\1/C(=C(C#N)C#N)c2c(C1=O)cccc2)(c1ccc(cc1)CCCCCC)c1ccc(cc1)CCCCCC)c1c(C3(c2ccc(cc2)CCCCCC)c2ccc(cc2)CCCCCC)c2c(s1)cc(s2)/C=C\1/C(=C(C#N)C#N)c2c(C1=O)cccc2,8.21,CC1=CC2=C(C3=C(C(C4=CC=C(S4)C)=C2S1)C=C(C5=C(CC6CCCCC6)C=C(C7=C(C(C8=C(SC(CC(CCCC)CC)=C8C9=O)CC(CCCC)CC)=O)C9=C(C%10=CC(CC%11CCCCC%11)=C(S%10)C)S7)S5)S3)C%12=CC=C(S%12)C||c12cc3c(cc1C(c1c2sc2c1sc(c2)/C=C\1/C(=C(C#N)C#N)c2c(C1=O)cccc2)(c1ccc(cc1)CCCCCC)c1ccc(cc1)CCCCCC)c1c(C3(c2ccc(cc2)CCCCCC)c2ccc(cc2)CCCCCC)c2c(s1)cc(s2)/C=C\1/C(=C(C#N)C#N)c2c(C1=O)cccc2,4f538a2d344425a19fc843077e35c05d01416ad5f7b3540f54fd0b4479f2c87d,202f8607af2cecb83e86b2e4305f8c7e2852bc709bb805b9055691d46a9081c5,bbb62bcdf37d08cafbaaca37c6d747ab65a6b5fcd5767124d3c6cf60485634b6,2d8cddd6911c09729cb972d1a7a68760b3a63200d0352e99ad596e07991b3c03,50ef12f1be89e76e46f71941aaab2cc0ea0b7f1027cf6e5d48f1c21e64ff9386,887,219,361,466
499,8.119999885559082,9.647501945495604,1.5275020599365217,1.5275020599365217,2.333262543110317,18.811601988481424,in-house,574,O=C(C1=C(CCC(CCCC)CC)SC(CCC(CC)CCCC)=C1C2=O)C(C2=C(C3)C(C4)=CC=C4C5=CC6=C(C(C7=CC=C(CCC(CCCC)CC)S7)=C8C=CSC8=C6C9=CC=C(CCC(CCCC)CC)S9)S5)=C3C%10=CC=CS%10,O=C(C1=C(C=C(F)C(F)=C1)C/2=C(C#N)\C#N)C2=C/C3=CC(C4(C(C=C5)=CC=C5CCCCCC)C(C=C6)=CC=C6CCCCCC)=C(C(SC7=C8)=C4C7=CC9=C8C%10=C(C(SC(/C=C%11/C(C(C=C(F)C(F)=C%12)=C%12C%11=O)=C(C#N)/C#N)=C%13)=C%13C%10(C(C=C%14)=CC=C%14CCCCCC)C%15=CC=C(C=C%15)CCCCCC)S9)S3,8.12,O=C(C1=C(CCC(CCCC)CC)SC(CCC(CC)CCCC)=C1C2=O)C(C2=C(C3)C(C4)=CC=C4C5=CC6=C(C(C7=CC=C(CCC(CCCC)CC)S7)=C8C=CSC8=C6C9=CC=C(CCC(CCCC)CC)S9)S5)=C3C%10=CC=CS%10||O=C(C1=C(C=C(F)C(F)=C1)C/2=C(C#N)\C#N)C2=C/C3=CC(C4(C(C=C5)=CC=C5CCCCCC)C(C=C6)=CC=C6CCCCCC)=C(C(SC7=C8)=C4C7=CC9=C8C%10=C(C(SC(/C=C%11/C(C(C=C(F)C(F)=C%12)=C%12C%11=O)=C(C#N)/C#N)=C%13)=C%13C%10(C(C=C%14)=CC=C%14CCCCCC)C%15=CC=C(C=C%15)CCCCCC)S9)S3,6f31f3770fd225e382586e20513744e11a328b7cc74c758d48628417c600a02b,5a50743e7550aad0c262205fb50e3c0e8d08de60b9b67d5600322eff19eee597,ab129fc7822758ff5d30ff171e6d33afca3d0c09a96570bf0dd92646e9ae67d5,44946bb213a0c0cb52a663f1efa05a35b44f3895a4763bf243fb55c7dab1267d,9afef1f51dfb843fc931943f78be84d86266d2ac7e69727b7407390282ad9727,795,327,704,474
503,8.100000381469727,8.770683288574219,0.6706829071044922,0.6706829071044922,0.4498155618821329,8.280035500230412,in-house,579,O=C(C1=C(CCC(CCCC)CC)SC(CCC(CC)CCCC)=C1C2=O)C(C2=C(C3)C(C4)=CC=C4C5=CC6=C(C(C7=CC=C(CCC(CCCC)CC)S7)=C8C=CSC8=C6C9=CC=C(CCC(CCCC)CC)S9)S5)=C3C%10=CC=CS%10,O=C(C1=C(C=C(F)C=C1)C/2=C(C#N)\C#N)C2=C/C3=CC4=C(C(C=C(C=C(C(C5=CC=C(C=C5)CCCCCC)(C6=C7SC(/C=C8C(C9=C(C=C(F)C=C9)C\8=C(C#N)\C#N)=O)=C6)C%10=CC=C(C=C%10)CCCCCC)C7=C%11)C%11=C%12)=C%12C4(C%13=CC=C(CCCCCC)C=C%13)C%14=CC=C(CCCCCC)C=C%14)C3,8.1,O=C(C1=C(CCC(CCCC)CC)SC(CCC(CC)CCCC)=C1C2=O)C(C2=C(C3)C(C4)=CC=C4C5=CC6=C(C(C7=CC=C(CCC(CCCC)CC)S7)=C8C=CSC8=C6C9=CC=C(CCC(CCCC)CC)S9)S5)=C3C%10=CC=CS%10||O=C(C1=C(C=C(F)C=C1)C/2=C(C#N)\C#N)C2=C/C3=CC4=C(C(C=C(C=C(C(C5=CC=C(C=C5)CCCCCC)(C6=C7SC(/C=C8C(C9=C(C=C(F)C=C9)C\8=C(C#N)\C#N)=O)=C6)C%10=CC=C(C=C%10)CCCCCC)C7=C%11)C%11=C%12)=C%12C4(C%13=CC=C(CCCCCC)C=C%13)C%14=CC=C(CCCCCC)C=C%14)C3,6f31f3770fd225e382586e20513744e11a328b7cc74c758d48628417c600a02b,955dc6d9f28102be4b654a7faf4f948b8211e078e635f21e6a71a83bf950820c,bdc76f5666a4a4e76632e7e8827d65febe8385bcb4e5301cc3fdd19eee6d11b4,64f5347c3e509270d735412ed644315d645cc7fb963c81497b89d92b22ad0fd2,afa49a3d317ed2ebc32122a55891ab7f066a1896968df918499d112fb6839943,903,482,803,478
508,8.0,8.38467788696289,0.3846778869628906,0.3846778869628906,0.14797707671823446,4.808473587036133,in-house,585,CC1=CC=C(S1)C2=C(C(F)=C(C3=NSN=C23)C4=CC=C(S4)C5=C(CC(CCCCCC)CCCCCCCC)C=C(C6=C(CC(CCCCCCCC)CCCCCC)C=C(C(C7=NSN=C78)=C(C(F)=C8C9=CC(CC(CCCCCC)CCCCCCCC)=C(C%10=CC(CC(CCCCCC)CCCCCCCC)=C(C)S%10)S9)F)S6)S5)F,O=C(C1=CC=CC=C1C/2=C(C#N)\C#N)C2=C/C3=CC4=C(C(C(C5=CC=C(CCCCCC)S5)(C6=C7C=C8C(C9=CC=C(S9)CCCCCC)(C%10=CC=C(S%10)CCCCCC)C%11=C(SC%12=C%11SC(/C=C%13C(C%14=CC=CC=C%14C\%13=C(C#N)\C#N)=O)=C%12)C8=C6)C(S%15)=CC=C%15CCCCCC)=C7S4)S3,8.0,CC1=CC=C(S1)C2=C(C(F)=C(C3=NSN=C23)C4=CC=C(S4)C5=C(CC(CCCCCC)CCCCCCCC)C=C(C6=C(CC(CCCCCCCC)CCCCCC)C=C(C(C7=NSN=C78)=C(C(F)=C8C9=CC(CC(CCCCCC)CCCCCCCC)=C(C%10=CC(CC(CCCCCC)CCCCCCCC)=C(C)S%10)S9)F)S6)S5)F||O=C(C1=CC=CC=C1C/2=C(C#N)\C#N)C2=C/C3=CC4=C(C(C(C5=CC=C(CCCCCC)S5)(C6=C7C=C8C(C9=CC=C(S9)CCCCCC)(C%10=CC=C(S%10)CCCCCC)C%11=C(SC%12=C%11SC(/C=C%13C(C%14=CC=CC=C%14C\%13=C(C#N)\C#N)=O)=C%12)C8=C6)C(S%15)=CC=C%15CCCCCC)=C7S4)S3,3cb0c9ad025ea36cb11952abd0ed4903fd317c0d2d3a1978d43e09b67904674e,324d6e5b76a9400503a81056ec0f63ac76d712428565dd1fa4bf1871d8f66e0c,fb29c9b2df47eb72306f8a411578b8e2295293e354c3e8907cd7b84c4bdfad49,8dd1f11de91df0efa741df91861c25e30cbc4caddf80deeaf11a61293fc73cf8,5066625b5e84b55e9caac9eea19251eb737d5b81936168e1dccb3cc85f81e92d,1171,665,359,483
509,7.960000038146973,8.601481437683105,0.6414813995361328,0.6414813995361328,0.41149838595083565,8.058811513340958,in-house,586,FC1=C(C(OCC(CCCC)CC)=O)SC2=CSC(C3=CC4=C(C5=C(C(C6=CC=C(CC(CC)CCCC)S6)=C4S3)C=CS5)C7=CC=C(CC(CC)CCCC)S7)=C12,CCC(CC)(O1)C2=CC(C3=C(OC4(CC)CC)C=C(C5=C6C=C(C(OCCCCCCCC)=O)SC6=C(/C=C7/C(C(C=C(F)C(F)=C8)=C8C7=O)=C(C#N)/C#N)S5)S3)=C4C=C2C(S9)=C1C=C9C(SC(/C=C%10C(C%11=C(C/%10=C(C#N)\C#N)C=C(F)C(F)=C%11)=O)=C%12S%13)=C%12C=C%13C(OCCCCCCCC)=O,7.96,FC1=C(C(OCC(CCCC)CC)=O)SC2=CSC(C3=CC4=C(C5=C(C(C6=CC=C(CC(CC)CCCC)S6)=C4S3)C=CS5)C7=CC=C(CC(CC)CCCC)S7)=C12||CCC(CC)(O1)C2=CC(C3=C(OC4(CC)CC)C=C(C5=C6C=C(C(OCCCCCCCC)=O)SC6=C(/C=C7/C(C(C=C(F)C(F)=C8)=C8C7=O)=C(C#N)/C#N)S5)S3)=C4C=C2C(S9)=C1C=C9C(SC(/C=C%10C(C%11=C(C/%10=C(C#N)\C#N)C=C(F)C(F)=C%11)=O)=C%12S%13)=C%12C=C%13C(OCCCCCCCC)=O,2249a87c8fc0450476e55f070a85b71ffa6beb368356c28f1302bad8bac422cb,d0177b49d8d02e17791148b3bc8999359f13581dbbd944e94f8722023648424b,78e77216990ca0689513c42f46e07811028e46bded2bfe84d03ee38119d4f87f,f8f9b06008917ee07ebbed9425ad11dede77d36f392941311a27d1170619139c,aa03cde2408434bed02bdbe2f6232339215177edad42ae8960aca4d832b41e50,555,1161,784,484
512,7.900000095367432,8.45681095123291,0.5568108558654785,0.5568108558654785,0.3100383292096467,7.048238596756384,in-house,589,O=C(C1=C(CCC(CCCC)CC)SC(CCC(CC)CCCC)=C1C2=O)C(C2=C(C3)C(C4)=CC=C4C5=CC6=C(C(C7=CC=C(CCC(CCCC)CC)S7)=C8C=CSC8=C6C9=CC=C(CCC(CCCC)CC)S9)S5)=C3C%10=CC=CS%10,CCCCCCC(C=C1)=CC=C1C2(C(C3=C(S4)C=C(S3)/C=C(C(C5=C6C=CC=C5OC)=O)\C6=C(C#N)\C#N)=C4C7=C2C=C(C8=C7)C9=C(C8(C%10=CC=C(C=C%10)CCCCCC)C%11=CC=C(C=C%11)CCCCCC)C%12=C(C=C(S%12)/C=C(/C(C%13=C%14C(OC)=CC=C%13)=C(C#N)\C#N)C%14=O)S9)C(C=C%15)=CC=C%15CCCCCC,7.9,O=C(C1=C(CCC(CCCC)CC)SC(CCC(CC)CCCC)=C1C2=O)C(C2=C(C3)C(C4)=CC=C4C5=CC6=C(C(C7=CC=C(CCC(CCCC)CC)S7)=C8C=CSC8=C6C9=CC=C(CCC(CCCC)CC)S9)S5)=C3C%10=CC=CS%10||CCCCCCC(C=C1)=CC=C1C2(C(C3=C(S4)C=C(S3)/C=C(C(C5=C6C=CC=C5OC)=O)\C6=C(C#N)\C#N)=C4C7=C2C=C(C8=C7)C9=C(C8(C%10=CC=C(C=C%10)CCCCCC)C%11=CC=C(C=C%11)CCCCCC)C%12=C(C=C(S%12)/C=C(/C(C%13=C%14C(OC)=CC=C%13)=C(C#N)\C#N)C%14=O)S9)C(C=C%15)=CC=C%15CCCCCC,6f31f3770fd225e382586e20513744e11a328b7cc74c758d48628417c600a02b,3060687913689d40f13167f2ea2d78aaaa2ca97498ed3b060c00ea040897beb7,c356ffeb2e5c3f75555f89349812e50e119e8a48a3ccee27e8158cfed6ad42e8,68431ff113f1671fbefacf1ba848e126d350a8ef0620c1f3874e1f25792c9ce8,fcd4248c948d4bd4209a1057c88c14eca5c8973c45bcc2007c8f803ee3fbd804,931,501,1178,487
514,7.849999904632568,8.709035873413086,0.8590359687805176,0.8590359687805176,0.7379427956586824,10.943133493206407,in-house,591,FC(C(F)=C(C1=NN(N=C21)CCC)C3=CC(CC(CCCCCCCCCC)CCCCCCCCCCCC)=C(S3)C4=CC=C(S4)C5=CC(F)=C(C=C5F)C6=CC=C(C)S6)=C2C7=CC(CC(CCCCCCCCCCCC)CCCCCCCCCC)=C(C)S7,c12cc3c(cc1C(c1c2sc2c1sc(c2)/C=C\1/C(=C(C#N)C#N)c2c(C1=O)cccc2)(c1ccc(cc1)CCCCCC)c1ccc(cc1)CCCCCC)c1c(C3(c2ccc(cc2)CCCCCC)c2ccc(cc2)CCCCCC)c2c(s1)cc(s2)/C=C\1/C(=C(C#N)C#N)c2c(C1=O)cccc2,7.85,FC(C(F)=C(C1=NN(N=C21)CCC)C3=CC(CC(CCCCCCCCCC)CCCCCCCCCCCC)=C(S3)C4=CC=C(S4)C5=CC(F)=C(C=C5F)C6=CC=C(C)S6)=C2C7=CC(CC(CCCCCCCCCCCC)CCCCCCCCCC)=C(C)S7||c12cc3c(cc1C(c1c2sc2c1sc(c2)/C=C\1/C(=C(C#N)C#N)c2c(C1=O)cccc2)(c1ccc(cc1)CCCCCC)c1ccc(cc1)CCCCCC)c1c(C3(c2ccc(cc2)CCCCCC)c2ccc(cc2)CCCCCC)c2c(s1)cc(s2)/C=C\1/C(=C(C#N)C#N)c2c(C1=O)cccc2,9a8df04966ed33d348b6c32ec29968e5c9f9a947ba20227865e8f68e6506e7d2,202f8607af2cecb83e86b2e4305f8c7e2852bc709bb805b9055691d46a9081c5,b51f1b68e7095fc7572a7a2932a4e276c549edeb34610b1eaa932b01b908f533,6fcbdb896d1015dee2a854178c8962f11e192f614c7c9680dbd07a61b01de16a,a8ae158141568dbe062d7216f4ffe0c377ff95d4e336078e535f7409f070a7d4,850,546,777,489
515,7.809999942779541,3.835973024368286,-3.974026918411255,3.974026918411255,15.792889948257255,50.88382775322938,in-house,592,FC1=CC(C2=CCC(C)S2)=C3C(N=C(C(C4=CC=CC(OCCCCCCCC)=C4)=N3)C5=CC=CC(OCCCCCCCC)=C5)=C1C6=CC=C(S6)C7=CC8=C(C9=C(C(C%10=CC(CCCCCCCC)=C(S%10)CCCCCCCC)=C8S7)C=C(C)S9)C%11=CC(CCCCCCCC)=C(S%11)CCCCCCCC,O=C(C1=CC=CC=C1C/2=C(C#N)\C#N)C2=C/C3=CC4=C(C(C(C5=CC=C(CCCCCC)S5)(C6=C7C=C8C(C9=CC=C(S9)CCCCCC)(C%10=CC=C(S%10)CCCCCC)C%11=C(SC%12=C%11SC(/C=C%13C(C%14=CC=CC=C%14C\%13=C(C#N)\C#N)=O)=C%12)C8=C6)C(S%15)=CC=C%15CCCCCC)=C7S4)S3,7.81,FC1=CC(C2=CCC(C)S2)=C3C(N=C(C(C4=CC=CC(OCCCCCCCC)=C4)=N3)C5=CC=CC(OCCCCCCCC)=C5)=C1C6=CC=C(S6)C7=CC8=C(C9=C(C(C%10=CC(CCCCCCCC)=C(S%10)CCCCCCCC)=C8S7)C=C(C)S9)C%11=CC(CCCCCCCC)=C(S%11)CCCCCCCC||O=C(C1=CC=CC=C1C/2=C(C#N)\C#N)C2=C/C3=CC4=C(C(C(C5=CC=C(CCCCCC)S5)(C6=C7C=C8C(C9=CC=C(S9)CCCCCC)(C%10=CC=C(S%10)CCCCCC)C%11=C(SC%12=C%11SC(/C=C%13C(C%14=CC=CC=C%14C\%13=C(C#N)\C#N)=O)=C%12)C8=C6)C(S%15)=CC=C%15CCCCCC)=C7S4)S3,c582506937fb6891c8afbb2f9020f0bb189637c5f1e88b4a3bb55e23cfa09329,324d6e5b76a9400503a81056ec0f63ac76d712428565dd1fa4bf1871d8f66e0c,46873e37d0389f38e4a3983b7ea5f0181416476c5ff4f6985e48af31ddc95218,0483e454bb855998bf4ac2fd232375cbc2450d63316aa22679fa5c2e44952a3e,1bf8bbd26416fbdf5de8a2c39acf906f8eb87c2d58983731b612d19878e39451,325,24,116,490
523,7.599999904632568,6.694852828979492,-0.9051470756530762,0.9051470756530762,0.8192912285633156,11.909830092252307,in-house,603,[H]C1=C(SC(CC(CC)CCCC)=C1[Cl])C(C2=C3SC(C)=C2)=C4SC(C5=CC=C(S5)C6=C(C(F)=C(C7=NN(N=C67)CC(CCCCCCCC)CCCCCC)C8=CC=C(C)S8)F)=CC4=C3C9=C([H])C([H])=C(CC(CCCC)CC)S9,c1(cc2c(cc1F)C(=O)/C(=C\c1cc3c(s1)c1c(s3)c3c(C1(c1ccc(cc1)CCCCCC)c1ccc(cc1)CCCCCC)cc1c(c3)C(c3c1sc1c3sc(c1)/C=C/1\C(=O)c3c(C1=C(C#N)C#N)cc(c(c3)F)F)(c1ccc(cc1)CCCCCC)c1ccc(cc1)CCCCCC)/C2=C(C#N)C#N)F,7.6,[H]C1=C(SC(CC(CC)CCCC)=C1[Cl])C(C2=C3SC(C)=C2)=C4SC(C5=CC=C(S5)C6=C(C(F)=C(C7=NN(N=C67)CC(CCCCCCCC)CCCCCC)C8=CC=C(C)S8)F)=CC4=C3C9=C([H])C([H])=C(CC(CCCC)CC)S9||c1(cc2c(cc1F)C(=O)/C(=C\c1cc3c(s1)c1c(s3)c3c(C1(c1ccc(cc1)CCCCCC)c1ccc(cc1)CCCCCC)cc1c(c3)C(c3c1sc1c3sc(c1)/C=C/1\C(=O)c3c(C1=C(C#N)C#N)cc(c(c3)F)F)(c1ccc(cc1)CCCCCC)c1ccc(cc1)CCCCCC)/C2=C(C#N)C#N)F,0c41752953b176dce92170e3cd48559f30ae1b63091efbd84e3a329b15ec1046,69e17d1724b4236f68d0c6efb6ad16969f13f8980d301d0056747038b20f0c8d,db186e7237edc92fdff8ca55c2051f0672599f2559da5faeb9633bb214385af4,62cf9a3f3369f3a4c5660ed62a67e9eb6e080f7ab73765984cec460e1b293fc8,c1494a4ebf4d5204664ec771aa1ba0fa02a5ff3af7ade87ebf580d744f455b1f,1040,468,894,498
527,7.539999961853027,10.299713134765623,2.759713172912596,2.759713172912596,7.616016796747307,36.60097064820634,in-house,607,O=C(C1=C(CCC(CCCC)CC)SC(CCC(CC)CCCC)=C1C2=O)C(C2=C(C3)C(C4)=CC=C4C5=CC6=C(C(C7=CC=C(CCC(CCCC)CC)S7)=C8C=CSC8=C6C9=CC=C(CCC(CCCC)CC)S9)S5)=C3C%10=CC=CS%10,O=C(C1=C(SC(C2=CC3=C(C4=C(C3(CCCCCC)CCCCCC)C=C(/C=C5C(C6=CC(F)=C(C=C6C\5=C([N+]#[C-])\C#N)F)=O)S4)S2)=C17)C8=CC9=C(C%10=C(C9(CCCCCC)CCCCCC)C=C(/C=C%11/C(C%12=CC(F)=C(C=C%12C%11=O)F)=C(C#N)/[N+]#[C-])S%10)S8)C%13=C(CC(CCCC)CC)SC(CC(CCCC)CC)=C%13C7=O,7.54,O=C(C1=C(CCC(CCCC)CC)SC(CCC(CC)CCCC)=C1C2=O)C(C2=C(C3)C(C4)=CC=C4C5=CC6=C(C(C7=CC=C(CCC(CCCC)CC)S7)=C8C=CSC8=C6C9=CC=C(CCC(CCCC)CC)S9)S5)=C3C%10=CC=CS%10||O=C(C1=C(SC(C2=CC3=C(C4=C(C3(CCCCCC)CCCCCC)C=C(/C=C5C(C6=CC(F)=C(C=C6C\5=C([N+]#[C-])\C#N)F)=O)S4)S2)=C17)C8=CC9=C(C%10=C(C9(CCCCCC)CCCCCC)C=C(/C=C%11/C(C%12=CC(F)=C(C=C%12C%11=O)F)=C(C#N)/[N+]#[C-])S%10)S8)C%13=C(CC(CCCC)CC)SC(CC(CCCC)CC)=C%13C7=O,6f31f3770fd225e382586e20513744e11a328b7cc74c758d48628417c600a02b,4f51f3740def94358e50b66eedb93f4baaad0293cdc5c0e38fa8e7f0bc4f8921,588fd52b41785d54b78b742c877b37782bf0011101555b5dfcdb99aa6f936063,02c354ba9826fd7758b5b10e179772c9791f11acf463e2f3bc51de17d593b060,f082d7b5394555f75565d499aebda224ffc95bc925397c046ed017d5576c8488,397,14,1125,501
530,7.510000228881836,14.153419494628906,6.64341926574707,6.64341926574707,44.13501954049934,88.46097287983984,in-house,610,FC(C=C(C1=C2SC=CC2=C(C3=CC(F)=C(CC(CCCC)CC)S3)C4=C1C=C(C5=CC=C(C6=C(C(C(C7=C(CC(CCCC)CC)SC(CC(CC)CCCC)=C78)=O)=C(C9=CC=CC9)S6)C8=O)S5)S4)S%10)=C%10CC(CC)CCCC,O=C(C(C=C(C(Br)=C1)Br)=C1C/2=C(C#N)/C#N)C2=C/C3=C(CCCCCCCCCCC)C(SC(C4=C5C6=C(C7=C(N6CCCCCCCC)C8=C(C(CCCCCCCCCCC)=C(S8)/C=C9C(C%10=C(C=C(Br)C(Br)=C%10)C\9=C(C#N)/C#N)=O)S7)C%11=NSN=C%114)=C%12N5CCCCCCCC)=C%12S3,7.51,FC(C=C(C1=C2SC=CC2=C(C3=CC(F)=C(CC(CCCC)CC)S3)C4=C1C=C(C5=CC=C(C6=C(C(C(C7=C(CC(CCCC)CC)SC(CC(CC)CCCC)=C78)=O)=C(C9=CC=CC9)S6)C8=O)S5)S4)S%10)=C%10CC(CC)CCCC||O=C(C(C=C(C(Br)=C1)Br)=C1C/2=C(C#N)/C#N)C2=C/C3=C(CCCCCCCCCCC)C(SC(C4=C5C6=C(C7=C(N6CCCCCCCC)C8=C(C(CCCCCCCCCCC)=C(S8)/C=C9C(C%10=C(C=C(Br)C(Br)=C%10)C\9=C(C#N)/C#N)=O)S7)C%11=NSN=C%114)=C%12N5CCCCCCCC)=C%12S3,61eee9608e36bdb1d3a96a3ad1baa39916f3a546e29d11481966a5a2d3d30f3c,61e1083ae266a0c0d0562f5978ecf2ec4d01974439c1e3d455b138ce4d181741,dfddec171cf5b907634b3cfa86ae2f60a5ca0d06e64dba8008bb5a7dfb986dfd,1007fcb65d03ac3eeffadbcf7be9e35f5be3e82b10b7b415fcc3c39c62d68d0a,4a49993e99cf73bd0b6b87efb3bce026b4400c5ec011d9f500e4b2d22c88bd9b,1058,77,326,33
532,7.510000228881836,7.310530662536621,-0.19946956634521484,0.19946956634521484,0.039788107897948066,2.6560527332355868,in-house,612,FC1=C(C(OCC(CCCC)CC)=O)SC2=CSC(C3=CC4=C(C5=C(C(C6=CC=C(CC(CC)CCCC)S6)=C4S3)C=CS5)C7=CC=C(CC(CC)CCCC)S7)=C12,c12cc3c(cc1C(c1c2sc2c1sc(c2)/C=C\1/C(=C(C#N)C#N)c2c(C1=O)cccc2)(c1ccc(cc1)OCCCCCC)c1ccc(cc1)OCCCCCC)c1c(C3(c2ccc(cc2)OCCCCCC)c2ccc(cc2)OCCCCCC)c2c(s1)cc(s2)/C=C\1/C(=C(C#N)C#N)c2c(C1=O)cccc2,7.51,FC1=C(C(OCC(CCCC)CC)=O)SC2=CSC(C3=CC4=C(C5=C(C(C6=CC=C(CC(CC)CCCC)S6)=C4S3)C=CS5)C7=CC=C(CC(CC)CCCC)S7)=C12||c12cc3c(cc1C(c1c2sc2c1sc(c2)/C=C\1/C(=C(C#N)C#N)c2c(C1=O)cccc2)(c1ccc(cc1)OCCCCCC)c1ccc(cc1)OCCCCCC)c1c(C3(c2ccc(cc2)OCCCCCC)c2ccc(cc2)OCCCCCC)c2c(s1)cc(s2)/C=C\1/C(=C(C#N)C#N)c2c(C1=O)cccc2,2249a87c8fc0450476e55f070a85b71ffa6beb368356c28f1302bad8bac422cb,2fc7b353270f61ced8b2448b3caced6f270384248a93de6efbe60c799205a6dc,0b01775e8f00cd515043736c5a8043a7387147f9d1aa930c2e71d420a97531b2,97a6d1f7a547b22a9cdb9821410f7e4ca9bdfe0cc11c37737c9459c0423202a2,d4ec76e3dee6882885e0b12598fda6e77e6fd31f96245bd6116d62a69c0a8ee8,48,708,975,505
536,7.460000038146973,10.968002319335938,3.508002281188965,3.508002281188965,12.306080004826981,47.02415902480793,in-house,616,O=C1C2=C(CC(CC)CCCC)SC(CC(CC)CCCC)=C2C(C3=C(C4=CC=C(C5=CC(C(C6=CC(F)=C(CC(CC)CCCC)S6)=C(SC=C7)C7=C8C9=CC(F)=C(CC(CC)CCCC)S9)=C8S5)S4)SC(C%10=CC=CS%10)=C31)=O,c1cccc2c1C(=C(C#N)C#N)/C(=C/c1cc3c(s1)c1c([se]3)c3c(C1(c1ccc(cc1)CCCCCC)c1ccc(cc1)CCCCCC)cc1c(c3)C(c3c1[se]c1c3sc(c1)/C=C\1/C(=C(C#N)C#N)c3c(C1=O)cccc3)(c1ccc(cc1)CCCCCC)c1ccc(cc1)CCCCCC)/C2=O,7.46,O=C1C2=C(CC(CC)CCCC)SC(CC(CC)CCCC)=C2C(C3=C(C4=CC=C(C5=CC(C(C6=CC(F)=C(CC(CC)CCCC)S6)=C(SC=C7)C7=C8C9=CC(F)=C(CC(CC)CCCC)S9)=C8S5)S4)SC(C%10=CC=CS%10)=C31)=O||c1cccc2c1C(=C(C#N)C#N)/C(=C/c1cc3c(s1)c1c([se]3)c3c(C1(c1ccc(cc1)CCCCCC)c1ccc(cc1)CCCCCC)cc1c(c3)C(c3c1[se]c1c3sc(c1)/C=C\1/C(=C(C#N)C#N)c3c(C1=O)cccc3)(c1ccc(cc1)CCCCCC)c1ccc(cc1)CCCCCC)/C2=O,65482d735aa1f382b817dd8d95b1689b39b0b3c26138949c2680844f1b1f5ea0,c27f15446f15731f9bdb3617f03f47b80b0f7acf0fcc0376b614f2a9afa38f07,49714f25cd1a138188bee35759d20d503afe170bb68f28e6e73346035793c780,2fcbca0db6b984a632b21c9711b05dc96f87bfcbd74b9983f8c02183b77d0148,ee26c7914883215ec8704258a9d75c8077881d0530b4be1e9bec8095b2d51e2e,342,235,1116,509
541,7.400000095367432,8.01200008392334,0.6119999885559082,0.6119999885559082,0.37454398599243177,8.270270009037354,in-house,622,CC1=CC=C(S1)C2=C(C(F)=C(C3=NON=C23)C4=CC=C(S4)C5=C(CC(CCCCCC)CCCCCCCC)C=C(C6=C(CC(CCCCCCCC)CCCCCC)C=C(C(C7=NON=C78)=C(C(F)=C8C9=CC(CC(CCCCCC)CCCCCCCC)=C(C%10=CC(CC(CCCCCC)CCCCCCCC)=C(C)S%10)S9)F)S6)S5)F,O=C(C1=CC=CC=C1C/2=C(C#N)\C#N)C2=C/C3=CC4=C(C(C(C5=CC=C(CCCCCC)S5)(C6=C7C=C8C(C9=CC=C(S9)CCCCCC)(C%10=CC=C(S%10)CCCCCC)C%11=C(SC%12=C%11SC(/C=C%13C(C%14=CC=CC=C%14C\%13=C(C#N)\C#N)=O)=C%12)C8=C6)C(S%15)=CC=C%15CCCCCC)=C7S4)S3,7.4,CC1=CC=C(S1)C2=C(C(F)=C(C3=NON=C23)C4=CC=C(S4)C5=C(CC(CCCCCC)CCCCCCCC)C=C(C6=C(CC(CCCCCCCC)CCCCCC)C=C(C(C7=NON=C78)=C(C(F)=C8C9=CC(CC(CCCCCC)CCCCCCCC)=C(C%10=CC(CC(CCCCCC)CCCCCCCC)=C(C)S%10)S9)F)S6)S5)F||O=C(C1=CC=CC=C1C/2=C(C#N)\C#N)C2=C/C3=CC4=C(C(C(C5=CC=C(CCCCCC)S5)(C6=C7C=C8C(C9=CC=C(S9)CCCCCC)(C%10=CC=C(S%10)CCCCCC)C%11=C(SC%12=C%11SC(/C=C%13C(C%14=CC=CC=C%14C\%13=C(C#N)\C#N)=O)=C%12)C8=C6)C(S%15)=CC=C%15CCCCCC)=C7S4)S3,f1e09c4d11828693e1ebf147195a992aca3612e0557d94b0790140557a3319fb,324d6e5b76a9400503a81056ec0f63ac76d712428565dd1fa4bf1871d8f66e0c,f94af0aa14858bc641d6e9ca4871fe376137816d45d4a1338a16ec67e5a8e720,15adf33948df438470572775668a48eecff5154a80d90cd943d49b006734e185,cc1de87b7e0f4d85a35cdfa92b8b64c4923ce8e6bb1c059c28d98c251c17a997,1160,108,937,514
552,7.300000190734863,6.357363700866699,-0.9426364898681641,0.9426364898681641,0.8885635520309734,12.912828290943818,in-house,634,FC1=C(C(OCC(CCCC)CC)=O)SC2=CSC(C3=CC4=C(C5=C(C(C6=CC=C(CC(CC)CCCC)S6)=C4S3)C=CS5)C7=CC=C(CC(CC)CCCC)S7)=C12,O=C1C(/C(C2=C1C=CC=C2)=C(C#N)\C#N)=C\C3=CC(OCC(CCCC)CC)=C(C4=CC(C(C5=CC(C6=C7C=C(C8=C(C=C(/C=C(C9=O)/C(C%10=C9C=CC=C%10)=C(C#N)\C#N)S8)OCC(CCCC)CC)S6)=C(C7(C%11=CC=C(C=C%11)CCCCCC)C%12=CC=C(C=C%12)CCCCCC)C=C%135)(C%14=CC=C(C=C%14)CCCCCC)C(C=C%15)=CC=C%15CCCCCC)=C%13S4)S3,7.3,FC1=C(C(OCC(CCCC)CC)=O)SC2=CSC(C3=CC4=C(C5=C(C(C6=CC=C(CC(CC)CCCC)S6)=C4S3)C=CS5)C7=CC=C(CC(CC)CCCC)S7)=C12||O=C1C(/C(C2=C1C=CC=C2)=C(C#N)\C#N)=C\C3=CC(OCC(CCCC)CC)=C(C4=CC(C(C5=CC(C6=C7C=C(C8=C(C=C(/C=C(C9=O)/C(C%10=C9C=CC=C%10)=C(C#N)\C#N)S8)OCC(CCCC)CC)S6)=C(C7(C%11=CC=C(C=C%11)CCCCCC)C%12=CC=C(C=C%12)CCCCCC)C=C%135)(C%14=CC=C(C=C%14)CCCCCC)C(C=C%15)=CC=C%15CCCCCC)=C%13S4)S3,2249a87c8fc0450476e55f070a85b71ffa6beb368356c28f1302bad8bac422cb,87476fb90d0db17e58b2a62e38ecc6765e2842c257a662603688167ffd1038b6,25a093e759cef0f6da4142ee23ee7c6c7679bb114baec61c113b71109e23954f,224fdf9582811e4c66604a5a21305c80c3dd0129eb7bcc219ff492cbcfbf76f1,17165216c0e0a0502487bfc02d3e9d7fce6ef55c484b3f10df5a3fbac449859d,167,165,104,525
557,7.170000076293945,8.065977096557617,0.8959770202636719,0.8959770202636719,0.8027748208405683,12.49619261826825,in-house,643,c1(c2c3c(c(c4c2cc(s4)c2ccc(s2)c2sc(c4c2C(=O)c2c(C4=O)c(sc2C[C@@H](CC)CCCC)C[C@H](CC)CCCC)c2cccs2)c2ccc(s2)SC[C@@H](CC)CCCC)ccs3)ccc(s1)SC[C@@H](CC)CCCC,c1ccc2c(c1)C(=O)/C(=C/c1cc3c(s1)c1c(s3)c3c(C1(c1ccc(cc1)SCCCCCC)c1ccc(cc1)SCCCCCC)cc1c(c3)C(c3c1sc1c3sc(c1)/C=C\1/C(=O)c3c(C1=C(C#N)C#N)cccc3)(c1ccc(cc1)SCCCCCC)c1ccc(cc1)SCCCCCC)/C2=C(C#N)C#N,7.17,c1(c2c3c(c(c4c2cc(s4)c2ccc(s2)c2sc(c4c2C(=O)c2c(C4=O)c(sc2C[C@@H](CC)CCCC)C[C@H](CC)CCCC)c2cccs2)c2ccc(s2)SC[C@@H](CC)CCCC)ccs3)ccc(s1)SC[C@@H](CC)CCCC||c1ccc2c(c1)C(=O)/C(=C/c1cc3c(s1)c1c(s3)c3c(C1(c1ccc(cc1)SCCCCCC)c1ccc(cc1)SCCCCCC)cc1c(c3)C(c3c1sc1c3sc(c1)/C=C\1/C(=O)c3c(C1=C(C#N)C#N)cccc3)(c1ccc(cc1)SCCCCCC)c1ccc(cc1)SCCCCCC)/C2=C(C#N)C#N,19e710b4ae822cb0d1a4a237526a2bd04d89a2f16abfce3f0be979376c78b19e,0f396e867ab1555e0345c0dcc407832658dd65ccd8af96d421975e836d9d7654,c5939a47a829294748d8030fc8b785dc6c324dd275962994b98ca422df01c721,640199ef1086c951f206f191923e6641c4315dcedddddffdcb5b6fd0985e9464,f9f83974458c11e627b24f647ccf2e56b1085d981015e9e48b3d1d342d3b9082,948,477,1165,530
560,7.099999904632568,10.148320198059082,3.0483202934265137,3.0483202934265137,9.292256611315906,42.934089216502144,in-house,648,O=C1C2=C(CC(CC)CCCC)SC(CC(CC)CCCC)=C2C(C3=C(C4=CC=C(C5=CC(C(C6=CC(F)=C(CC(CC)CCCC)S6)=C(SC=C7)C7=C8C9=CC(F)=C(CC(CC)CCCC)S9)=C8S5)S4)SC(C%10=CC=CS%10)=C31)=O,CCCCCCC(C=C1)=CC=C1C2(C3=C(C4=C2C(C=C([Se]C5=C6C(C7=CC=C(C=C7)CCCCCC)(C8=C5SC(/C=C9/C(C%10=CC=CC=C%10C9=O)=C(C#N)/C#N)=C8)C%11=CC=C(C=C%11)CCCCCC)C6=C%12)=C%12[Se]4)SC(/C=C%13C(C%14=CC=CC=C%14C/%13=C(C#N)/C#N)=O)=C3)C(C=C%15)=CC=C%15CCCCCC,7.1,O=C1C2=C(CC(CC)CCCC)SC(CC(CC)CCCC)=C2C(C3=C(C4=CC=C(C5=CC(C(C6=CC(F)=C(CC(CC)CCCC)S6)=C(SC=C7)C7=C8C9=CC(F)=C(CC(CC)CCCC)S9)=C8S5)S4)SC(C%10=CC=CS%10)=C31)=O||CCCCCCC(C=C1)=CC=C1C2(C3=C(C4=C2C(C=C([Se]C5=C6C(C7=CC=C(C=C7)CCCCCC)(C8=C5SC(/C=C9/C(C%10=CC=CC=C%10C9=O)=C(C#N)/C#N)=C8)C%11=CC=C(C=C%11)CCCCCC)C6=C%12)=C%12[Se]4)SC(/C=C%13C(C%14=CC=CC=C%14C/%13=C(C#N)/C#N)=O)=C3)C(C=C%15)=CC=C%15CCCCCC,65482d735aa1f382b817dd8d95b1689b39b0b3c26138949c2680844f1b1f5ea0,5c7678f0fae57a787f08041d91107d4161f488720dc68daa6b2fd746f109ec45,d816f0e425ffa66f39b0e9cc2a5d8131e187446a005e0790bb5e186e05c0ac00,0c81fe9269beb6b30a4b57299d257dcb3ad650df22748f434f0183ecc69b436b,bd0ce7cceb61a19689f454434f94721d4a36de9b3da4a9bf5d6ae27129d01810,1025,60,874,532
563,7.079999923706055,6.593972206115723,-0.48602771759033203,0.48602771759033203,0.23622294226606755,6.864798345024823,in-house,651,O=C(C1=C(CCC(CCCC)CC)SC(CCC(CC)CCCC)=C1C2=O)C(C2=C(C3)C(C4)=CC=C4C5=CC6=C(C(C7=CC=C(CCC(CCCC)CC)S7)=C8C=CSC8=C6C9=CC=C(CCC(CCCC)CC)S9)S5)=C3C%10=CC=CS%10,O=C(C1=CC(F)=C(C=C1C/2=C(C#N)\C#N)F)C2=C\C3=CC4=C(S3)C(OCC)=C5C(N(C(CC)CCCC)C6=C7C8=NSN=C8C9=C6N(C(CC)CCCC)C%10=C9SC%11=C%10C(OCC)=C%12SC(/C=C%13C(C%14=CC(F)=C(C=C%14C/%13=C(C#N)/C#N)F)=O)=CC%12=C%11OCC)=C7SC5=C4OCC,7.08,O=C(C1=C(CCC(CCCC)CC)SC(CCC(CC)CCCC)=C1C2=O)C(C2=C(C3)C(C4)=CC=C4C5=CC6=C(C(C7=CC=C(CCC(CCCC)CC)S7)=C8C=CSC8=C6C9=CC=C(CCC(CCCC)CC)S9)S5)=C3C%10=CC=CS%10||O=C(C1=CC(F)=C(C=C1C/2=C(C#N)\C#N)F)C2=C\C3=CC4=C(S3)C(OCC)=C5C(N(C(CC)CCCC)C6=C7C8=NSN=C8C9=C6N(C(CC)CCCC)C%10=C9SC%11=C%10C(OCC)=C%12SC(/C=C%13C(C%14=CC(F)=C(C=C%14C/%13=C(C#N)/C#N)F)=O)=CC%12=C%11OCC)=C7SC5=C4OCC,6f31f3770fd225e382586e20513744e11a328b7cc74c758d48628417c600a02b,fea690cc452b868f157dbf4a6a0ff0aaa0ece73a6fa4be2fd3443baa06afaf14,3c11629f9ad6469813884e8cfb4414682b47562362ae0755f49382faf6c420dc,d312bf0459bb02ed76414b527f7e332a691a65fd06f016f6db41087c8a998846,47ba7c396cb773e7a974c9c42d0afcbddf63ffc437b72dfcd1c9212a785e1e6f,266,974,320,535
564,7.059999942779541,9.690378189086914,2.630378246307373,2.630378246307373,6.918889718647051,37.25748254428152,in-house,652,FC1=C(C2=CC=C(C)S2)C3=NN(CCOC)N=C3C(C4=CC=C(C5=CC6=C(C7=C(C(CCC(CCCCCC)CCCC)=C6S5)C=C(C)S7)CCC(CCCC)CCCCCC)S4)=C1F,O=C(C1=CC=CC=C1C/2=C(C#N)/C#N)C2=C/C3=CC(SC4C5C(C)=C(C(C6=CC=C(C=C6)CCCCCC)(C7=CC=C(C=C7)CCCCCC)C8=CSC9=C8SC(/C=C%10C(C(C=CC=C%11)=C%11C\%10=C(C#N)/C#N)=C)=C9)C=C(C)C5C(C%12=CC=C(C=C%12)CCCCCC)(C%13=CC=C(C=C%13)CCCCCC)C%144)=C%14S3,7.06,FC1=C(C2=CC=C(C)S2)C3=NN(CCOC)N=C3C(C4=CC=C(C5=CC6=C(C7=C(C(CCC(CCCCCC)CCCC)=C6S5)C=C(C)S7)CCC(CCCC)CCCCCC)S4)=C1F||O=C(C1=CC=CC=C1C/2=C(C#N)/C#N)C2=C/C3=CC(SC4C5C(C)=C(C(C6=CC=C(C=C6)CCCCCC)(C7=CC=C(C=C7)CCCCCC)C8=CSC9=C8SC(/C=C%10C(C(C=CC=C%11)=C%11C\%10=C(C#N)/C#N)=C)=C9)C=C(C)C5C(C%12=CC=C(C=C%12)CCCCCC)(C%13=CC=C(C=C%13)CCCCCC)C%144)=C%14S3,9443e249ba69f955f3e85e7e28bc529c2fbcd958a79cc1662e571c4d9dc71d62,83d12c8a518aebb2c9e097cdd9cd4e855fadbb8bad16c860293e67b74eecaf00,f1c107c4e24342cd880b613b72a9a043ff6fed431c95c17ec1875c9ba83abed7,84c07154ce9cb35113e47cee21574911daeac1621ba8acb8f9ad5ad9d37744cf,2a2b3a7f0bd568c3cd594623ed6169ba9524879dfffc096d612b94b13c380e91,1139,626,180,536
567,7.039999961853027,7.356821060180664,0.3168210983276367,0.3168210983276367,0.10037560834553005,4.500299716539273,in-house,655,O=C(C1=C(CCC(CCCC)CC)SC(CCC(CC)CCCC)=C1C2=O)C(C2=C(C3)C(C4)=CC=C4C5=CC6=C(C(C7=CC=C(CCC(CCCC)CC)S7)=C8C=CSC8=C6C9=CC=C(CCC(CCCC)CC)S9)S5)=C3C%10=CC=CS%10,O=C(/C(S/1)=C/C(C2=NSN=C32)=CC=C3C4=CC(SC5=C6C(C(C=C7)=CC=C7CCCCCC)(C(C=C8)=CC=C8CCCCCC)C(C5=C9)=CC%10=C9C(C%11=CC=C(CCCCCC)C=C%11)(C%12=CC=C(C=C%12)CCCCCC)C%13=C%10SC%14=C%13SC(C(C%15=NSN=C%16%15)=CC=C%16/C=C(C%17=O)\S/C(N%17CC)=C(C#N)/C#N)=C%14)=C6S4)N(CC)C1=C(C#N)\C#N,7.04,O=C(C1=C(CCC(CCCC)CC)SC(CCC(CC)CCCC)=C1C2=O)C(C2=C(C3)C(C4)=CC=C4C5=CC6=C(C(C7=CC=C(CCC(CCCC)CC)S7)=C8C=CSC8=C6C9=CC=C(CCC(CCCC)CC)S9)S5)=C3C%10=CC=CS%10||O=C(/C(S/1)=C/C(C2=NSN=C32)=CC=C3C4=CC(SC5=C6C(C(C=C7)=CC=C7CCCCCC)(C(C=C8)=CC=C8CCCCCC)C(C5=C9)=CC%10=C9C(C%11=CC=C(CCCCCC)C=C%11)(C%12=CC=C(C=C%12)CCCCCC)C%13=C%10SC%14=C%13SC(C(C%15=NSN=C%16%15)=CC=C%16/C=C(C%17=O)\S/C(N%17CC)=C(C#N)/C#N)=C%14)=C6S4)N(CC)C1=C(C#N)\C#N,6f31f3770fd225e382586e20513744e11a328b7cc74c758d48628417c600a02b,b12d61d217b346c84d8c4cbf98104f80c2f3e037d46042ffb1acaf2a210cb47d,54eb10780d551a107114d8ebad352226cd9da3cb619b7ca9b2c0772c80880370,fc5bc3b259d14512e13d89e42d3d340296ce865752fbdb39bf7b13591a94f3aa,2949c93826a8e764efa482173a21b011efda9ce5e1b94b3d18d510aeab6c8fcf,387,1172,175,539
568,7.019999980926514,10.18505573272705,3.165055751800537,3.165055751800537,10.017577912005663,45.08626439316325,in-house,657,O=C1C2=C(CC(CC)CCCC)SC(CC(CC)CCCC)=C2C(C3=C(C4=CC=C(C5=CC(C(C6=CC(F)=C(CC(CC)CCCC)S6)=C(SC=C7)C7=C8C9=CC(F)=C(CC(CC)CCCC)S9)=C8S5)S4)SC(C%10=CC=CS%10)=C31)=O,CCC(CCCC)CN1C2=C(C=C(C(C3=CC=C(CCCCCC)C=C3)(C4=CC=C(CCCCCC)C=C4)C5=C6SC7=C5SC(/C=C8C(C(C=C([H])C([H])=C9)=C9C\8=C(C#N)\C#N)=O)=C7)C6=C2)C%10=C1C=C(C%11=C%12C%13=C(C=C(S%13)/C=C%14C(C%15=CC([H])=C(C=C%15C\%14=C(C#N)/C#N)[H])=O)S%11)C(C%12(C%16=CC=C(CCCCCC)C=C%16)C%17CC=C(C=C%17)CCCCCC)=C%10,7.02,O=C1C2=C(CC(CC)CCCC)SC(CC(CC)CCCC)=C2C(C3=C(C4=CC=C(C5=CC(C(C6=CC(F)=C(CC(CC)CCCC)S6)=C(SC=C7)C7=C8C9=CC(F)=C(CC(CC)CCCC)S9)=C8S5)S4)SC(C%10=CC=CS%10)=C31)=O||CCC(CCCC)CN1C2=C(C=C(C(C3=CC=C(CCCCCC)C=C3)(C4=CC=C(CCCCCC)C=C4)C5=C6SC7=C5SC(/C=C8C(C(C=C([H])C([H])=C9)=C9C\8=C(C#N)\C#N)=O)=C7)C6=C2)C%10=C1C=C(C%11=C%12C%13=C(C=C(S%13)/C=C%14C(C%15=CC([H])=C(C=C%15C\%14=C(C#N)/C#N)[H])=O)S%11)C(C%12(C%16=CC=C(CCCCCC)C=C%16)C%17CC=C(C=C%17)CCCCCC)=C%10,65482d735aa1f382b817dd8d95b1689b39b0b3c26138949c2680844f1b1f5ea0,19c62e91031c92373ebf8c12d4bfef7d111bd0c3018983991e7c6bf8dc1f2f1e,654b0755237e540211f6b7154c922fe23e8d6bc9c6ab5980e2c196a660ab6f12,1dcbd8e84611d11cc7c3fde9e9178cd690a4dc65c7741f15634985bb09bcbc13,c81444e5118f44c419711086fd838e1a97dd8e7d2f9e3b9db8ba702068472ac8,456,146,919,540
569,7.010000228881836,8.854827880859375,1.844827651977539,1.844827651977539,3.40338906550096,26.317084047682084,in-house,658,FC1=C(C(OCC(CCCC)CC)=O)SC2=CSC(C3=CC4=C(C5=C(C(C6=CC=C(CC(CC)CCCC)S6)=C4S3)C=CS5)C7=CC=C(CC(CC)CCCC)S7)=C12,FC1=CC(C(C2=C/C3=C4C(C(F)=C(C(OC(CC)CCCCC)=O)S4)=C(C5=CC6=C(C7=C(C6(C8=CC=C(CCCCCC)C=C8)C9=CC=C(CCCCCC)C=C9)C=C(C%10=C%11C=C(C%12=C%13C(SC(C(OC(CC)CCCCC)=O)=C%13F)=C(/C=C%14C(C%15=C(C\%14=C(C#N)\C#N)C=C([H])C(F)=C%15)=O)S%12)S%10)C(C%11(C%16=CC=C(CCCCCC)C=C%16)C%17C=CC(CCCCCC)=CC%17)=C7)S5)S3)=O)=C(C/2=C(C#N)/C#N)C=C1[H],7.01,FC1=C(C(OCC(CCCC)CC)=O)SC2=CSC(C3=CC4=C(C5=C(C(C6=CC=C(CC(CC)CCCC)S6)=C4S3)C=CS5)C7=CC=C(CC(CC)CCCC)S7)=C12||FC1=CC(C(C2=C/C3=C4C(C(F)=C(C(OC(CC)CCCCC)=O)S4)=C(C5=CC6=C(C7=C(C6(C8=CC=C(CCCCCC)C=C8)C9=CC=C(CCCCCC)C=C9)C=C(C%10=C%11C=C(C%12=C%13C(SC(C(OC(CC)CCCCC)=O)=C%13F)=C(/C=C%14C(C%15=C(C\%14=C(C#N)\C#N)C=C([H])C(F)=C%15)=O)S%12)S%10)C(C%11(C%16=CC=C(CCCCCC)C=C%16)C%17C=CC(CCCCCC)=CC%17)=C7)S5)S3)=O)=C(C/2=C(C#N)/C#N)C=C1[H],2249a87c8fc0450476e55f070a85b71ffa6beb368356c28f1302bad8bac422cb,7d3f85cd4b5f553dc272c78b8df50bdf363f8fc86549b3b2f4542b2660446199,532d21b4f2123c7d49788f110f9903f7e45492239109a69787e99ad237fac1b6,2a707dc7b66e38862a1f82e00ec8897dca94b7082862b992f616ab015351f438,5e6ffa9cb44b9f2f59150e97561ff96a1998c9bd6119d43ffdabbe7993b0bd4b,377,203,427,541
575,6.900000095367432,5.682019710540772,-1.2179803848266593,1.2179803848266593,1.483476217822497,17.651889391195734,in-house,667,FC(C(F)=C(C1=NSN=C21)C3=CC(CCCCCCCCCCCCCCCCCCCC)=C(S3)C)=C2C4=CC(C#CC#CC#CC#CC#CC#CC#CC#CC#CC#C)=C(S4)C(S5)=CC=C5C6=CC=C7C=C(C)SC7=C6.[HH].[HH].[HH].[HH].[HH].[HH].[HH].[HH].[HH].[HH],c12cc3c(cc1C(c1c2sc2c1sc(c2)/C=C\1/C(=C(C#N)C#N)c2c(C1=O)cccc2)(c1ccc(cc1)CCCCCC)c1ccc(cc1)CCCCCC)c1c(C3(c2ccc(cc2)CCCCCC)c2ccc(cc2)CCCCCC)c2c(s1)cc(s2)/C=C\1/C(=C(C#N)C#N)c2c(C1=O)cccc2,6.9,FC(C(F)=C(C1=NSN=C21)C3=CC(CCCCCCCCCCCCCCCCCCCC)=C(S3)C)=C2C4=CC(C#CC#CC#CC#CC#CC#CC#CC#CC#CC#C)=C(S4)C(S5)=CC=C5C6=CC=C7C=C(C)SC7=C6.[HH].[HH].[HH].[HH].[HH].[HH].[HH].[HH].[HH].[HH]||c12cc3c(cc1C(c1c2sc2c1sc(c2)/C=C\1/C(=C(C#N)C#N)c2c(C1=O)cccc2)(c1ccc(cc1)CCCCCC)c1ccc(cc1)CCCCCC)c1c(C3(c2ccc(cc2)CCCCCC)c2ccc(cc2)CCCCCC)c2c(s1)cc(s2)/C=C\1/C(=C(C#N)C#N)c2c(C1=O)cccc2,ad56ba1ef81d40d2e6a98d31ba98fb61313a3ee239ba8bf44d485362c31fe8f3,202f8607af2cecb83e86b2e4305f8c7e2852bc709bb805b9055691d46a9081c5,12330a812f7e854524b24c3c7f5f29fd1ad54de1f21c9798c1ee411fbac73716,63e90d4f2acdf4c79b1232875f504674865a3edd07e52090bafc1ca1bc3fabb9,da882428b0f58c4f823ef4e3f0873cdeea9f638cfb9d04b33ae21e17a32a3931,79,476,1008,547
577,6.809999942779541,9.364648818969728,2.5546488761901873,2.5546488761901873,6.526230880619787,37.513199671885644,in-house,669,O=C(C1=C(CCC(CCCC)CC)SC(CCC(CC)CCCC)=C1C2=O)C(C2=C(C3)C(C4)=CC=C4C5=CC6=C(C(C7=CC=C(CCC(CCCC)CC)S7)=C8C=CSC8=C6C9=CC=C(CCC(CCCC)CC)S9)S5)=C3C%10=CC=CS%10,O=C(C(C=C(C([F])=C1)[F])=C1C/2=C(C#N)/C#N)C2=C/C3=CC4=C(S3)C5=CC6=C(C=C5C4(C7=CC=C(CC(CCCCCC)CCCC)C=C7)C8=CC=C(CC(CCCCCC)CCCC)C=C8)C9=C(C=C%10C%11=C(C=C(S%11)/C=C%12C(C(C=C(C([F])=C%13)[F])=C%13C\%12=C(C#N)/C#N)=O)C(C%14=CC=C(CC(CCCCCC)CCCC)C=C%14)(C%15=CC=C(CC(CCCCCC)CCCC)C=C%15)C%10=C9)S6,6.81,O=C(C1=C(CCC(CCCC)CC)SC(CCC(CC)CCCC)=C1C2=O)C(C2=C(C3)C(C4)=CC=C4C5=CC6=C(C(C7=CC=C(CCC(CCCC)CC)S7)=C8C=CSC8=C6C9=CC=C(CCC(CCCC)CC)S9)S5)=C3C%10=CC=CS%10||O=C(C(C=C(C([F])=C1)[F])=C1C/2=C(C#N)/C#N)C2=C/C3=CC4=C(S3)C5=CC6=C(C=C5C4(C7=CC=C(CC(CCCCCC)CCCC)C=C7)C8=CC=C(CC(CCCCCC)CCCC)C=C8)C9=C(C=C%10C%11=C(C=C(S%11)/C=C%12C(C(C=C(C([F])=C%13)[F])=C%13C\%12=C(C#N)/C#N)=O)C(C%14=CC=C(CC(CCCCCC)CCCC)C=C%14)(C%15=CC=C(CC(CCCCCC)CCCC)C=C%15)C%10=C9)S6,6f31f3770fd225e382586e20513744e11a328b7cc74c758d48628417c600a02b,485937b5e464794d744c5fc432174fe395651654ec2a7ee506e8f05f4f877d5b,ffaf7efbd044c1958a6607ba0d473ef057f5ef28f6f1aa1fd25ef87ac2f95432,2d447fd2020d3a9352f958acf2649a790ee949e83b3d4afa0d4d0b9656c7bd3f,93bc6d7f7cc9f71dd78ae36613a0f62127e7095c663fbff8997af62e996abbed,1186,218,673,549
582,6.690000057220459,6.538242816925049,-0.15175724029541016,0.15175724029541016,0.02303025998207886,2.268419118047987,in-house,674,O=C(OC1=CC=C(CCCCCC)C=C1)C2=C(C)SC(C(S3)=CC(C(OC4=CC=C(CCCCCC)C=C4)=O)=C3C(S5)=CC=C5C(C6=NSN=C6C(C(S7)=CC=C7C)=C8F)=C8F)=C2,c1(cc2c(cc1F)C(=C(C#N)C#N)/C(=C\c1sc3c(c1)sc1c3C(c3c1cc1c(c3)c3c(C1(c1ccc(cc1)CCCCCC)c1ccc(cc1)CCCCCC)c1c(s3)cc(s1)/C=C/1\C(=C(C#N)C#N)c3c(C1=O)cc(c(c3)F)F)(c1ccc(cc1)CCCCCC)c1ccc(cc1)CCCCCC)/C2=O)F,6.69,O=C(OC1=CC=C(CCCCCC)C=C1)C2=C(C)SC(C(S3)=CC(C(OC4=CC=C(CCCCCC)C=C4)=O)=C3C(S5)=CC=C5C(C6=NSN=C6C(C(S7)=CC=C7C)=C8F)=C8F)=C2||c1(cc2c(cc1F)C(=C(C#N)C#N)/C(=C\c1sc3c(c1)sc1c3C(c3c1cc1c(c3)c3c(C1(c1ccc(cc1)CCCCCC)c1ccc(cc1)CCCCCC)c1c(s3)cc(s1)/C=C/1\C(=C(C#N)C#N)c3c(C1=O)cc(c(c3)F)F)(c1ccc(cc1)CCCCCC)c1ccc(cc1)CCCCCC)/C2=O)F,f7f976cc43cd7ea9f7ff8dbe82963eb440d875e9dae2c27ee97be953adc5fa42,69e17d1724b4236f68d0c6efb6ad16969f13f8980d301d0056747038b20f0c8d,a8f1bb678d2116df72b66ee0e9954106fb253bf0476215433bb1ccccfc74c932,ea448b38939a22f09dd3f4e6e7992b2349dc861f92d15d5c4924bdc3165e5127,82f468680658d5c9cdd60c843304fbea624363df9f2d9e7947241e014184440d,779,1079,597,554
588,6.590000152587891,10.409086227416992,3.8190860748291016,3.8190860748291016,14.585418446953554,57.95274637936614,in-house,681,c1ccc(s1)c1c2c(c(c3c1nn(n3)C[C@@H](CCCCCCCC)CCCCCC)c1sc(cc1)c1sc3c(c1)c(c1c(c3c3cc(c(s3)C[C@@H](CCCC)CC)F)ccs1)c1cc(c(s1)C[C@H](CC)CCCC)F)cc(s2)F,c12cc3c(cc1C(c1c2sc2c1sc(c2)/C=C\1/C(=C(C#N)C#N)c2c(C1=O)cccc2)(c1ccc(cc1)CCCCCC)c1ccc(cc1)CCCCCC)c1c(C3(c2ccc(cc2)CCCCCC)c2ccc(cc2)CCCCCC)c2c(s1)cc(s2)/C=C\1/C(=C(C#N)C#N)c2c(C1=O)cccc2,6.59,c1ccc(s1)c1c2c(c(c3c1nn(n3)C[C@@H](CCCCCCCC)CCCCCC)c1sc(cc1)c1sc3c(c1)c(c1c(c3c3cc(c(s3)C[C@@H](CCCC)CC)F)ccs1)c1cc(c(s1)C[C@H](CC)CCCC)F)cc(s2)F||c12cc3c(cc1C(c1c2sc2c1sc(c2)/C=C\1/C(=C(C#N)C#N)c2c(C1=O)cccc2)(c1ccc(cc1)CCCCCC)c1ccc(cc1)CCCCCC)c1c(C3(c2ccc(cc2)CCCCCC)c2ccc(cc2)CCCCCC)c2c(s1)cc(s2)/C=C\1/C(=C(C#N)C#N)c2c(C1=O)cccc2,8ce0d3860269092a691b24d55088925a60816f32c3b06528fde0d4856b68b81b,202f8607af2cecb83e86b2e4305f8c7e2852bc709bb805b9055691d46a9081c5,c5cf81cd555cd34f8c446649c94f803a59527147d4cd68deb98383d7e5105d61,af53c89afc30a0e264e5a305af16adb02ade2968ab62c8522c9b5d3e083fa75d,e0bf94523e87b8ce2b772bab853daff365ba46e8464a2aa8ac4852e6862d00da,951,798,1042,560
592,6.460000038146973,9.409868240356444,2.949868202209471,2.949868202209471,8.701722410406536,45.66359419179864,in-house,690,O=C(C1=C(CCC(CCCC)CC)SC(CCC(CC)CCCC)=C1C2=O)C(C2=C(C3)C(C4)=CC=C4C5=CC6=C(C(C7=CC=C(CCC(CCCC)CC)S7)=C8C=CSC8=C6C9=CC=C(CCC(CCCC)CC)S9)S5)=C3C%10=CC=CS%10,[H]C1=CC2=C(C(/C(C2=O)=C/C3=C(C(OC)=C(C4=CC(SC5=C6C(C7=CC=C(C=C7)CCCCCC)(C8=C5C=C(C9=C8)C(C(C=C%10)=CC=C%10CCCCCC)(C%11=CC=C(CCCCCC)C=C%11)C%12=C9SC%13=C%12SC(C%14=C(OC)C(OC)=C(/C=C%15/C(C(C=C([H])C([H])=C%16)=C%16C%15=O)=C(C#N)/C#N)S%14)=C%13)C%17=CC=C(CCCCCC)C=C%17)=C6S4)S3)OC)=C(C#N)\C#N)C=C1[H],6.46,O=C(C1=C(CCC(CCCC)CC)SC(CCC(CC)CCCC)=C1C2=O)C(C2=C(C3)C(C4)=CC=C4C5=CC6=C(C(C7=CC=C(CCC(CCCC)CC)S7)=C8C=CSC8=C6C9=CC=C(CCC(CCCC)CC)S9)S5)=C3C%10=CC=CS%10||[H]C1=CC2=C(C(/C(C2=O)=C/C3=C(C(OC)=C(C4=CC(SC5=C6C(C7=CC=C(C=C7)CCCCCC)(C8=C5C=C(C9=C8)C(C(C=C%10)=CC=C%10CCCCCC)(C%11=CC=C(CCCCCC)C=C%11)C%12=C9SC%13=C%12SC(C%14=C(OC)C(OC)=C(/C=C%15/C(C(C=C([H])C([H])=C%16)=C%16C%15=O)=C(C#N)/C#N)S%14)=C%13)C%17=CC=C(CCCCCC)C=C%17)=C6S4)S3)OC)=C(C#N)\C#N)C=C1[H],6f31f3770fd225e382586e20513744e11a328b7cc74c758d48628417c600a02b,a28c85a21585775d8bfdc83471270e7a0f1e3790032b6829d8ac57531de16ae4,96dc4d857f855920e4aac56033f08d705999c2c15bf27923149c212f47a658a8,4e31fe79226c0c97623956c49f7ca3ba190b5f300ce4b22eb66c365da409addf,18646c07ce676782b219a9f06286f28dd5aff2026d50b1373a28c51fb478be05,690,371,110,564
612,6.0,6.357363700866699,0.3573637008666992,0.3573637008666992,0.12770881469714368,5.956061681111654,in-house,716,FC1=C(C(OCC(CCCC)CC)=O)SC2=CSC(C3=CC4=C(C5=C(C(C6=CC=C(CC(CC)CCCC)S6)=C4S3)C=CS5)C7=CC=C(CC(CC)CCCC)S7)=C12,O=C(C1=CC=CC=C1C/2=C(C#N)\C#N)C2=C/C3=CC(OCC(CC)CCCC)=C(C4=CC5=C(C6=CC7=C(C8=C(C7(C9=CC=C(C=C9)CCCCCC)C%10=CC=C(C=C%10)CCCCCC)C=C(C%11=C(OCC(CC)CCCC)C=C(/C=C%12C(C%13=CC=CC=C%13C\%12=C(C#N)\C#N)=O)S%11)S8)C=C6C5(C%14=CC=C(C=C%14)CCCCCC)C%15=CC=C(C=C%15)CCCCCC)S4)S3,6.0,FC1=C(C(OCC(CCCC)CC)=O)SC2=CSC(C3=CC4=C(C5=C(C(C6=CC=C(CC(CC)CCCC)S6)=C4S3)C=CS5)C7=CC=C(CC(CC)CCCC)S7)=C12||O=C(C1=CC=CC=C1C/2=C(C#N)\C#N)C2=C/C3=CC(OCC(CC)CCCC)=C(C4=CC5=C(C6=CC7=C(C8=C(C7(C9=CC=C(C=C9)CCCCCC)C%10=CC=C(C=C%10)CCCCCC)C=C(C%11=C(OCC(CC)CCCC)C=C(/C=C%12C(C%13=CC=CC=C%13C\%12=C(C#N)\C#N)=O)S%11)S8)C=C6C5(C%14=CC=C(C=C%14)CCCCCC)C%15=CC=C(C=C%15)CCCCCC)S4)S3,2249a87c8fc0450476e55f070a85b71ffa6beb368356c28f1302bad8bac422cb,87476fb90d0db17e58b2a62e38ecc6765e2842c257a662603688167ffd1038b6,25a093e759cef0f6da4142ee23ee7c6c7679bb114baec61c113b71109e23954f,224fdf9582811e4c66604a5a21305c80c3dd0129eb7bcc219ff492cbcfbf76f1,17165216c0e0a0502487bfc02d3e9d7fce6ef55c484b3f10df5a3fbac449859d,167,165,104,525
619,5.679999828338623,11.139832496643066,5.459832668304443,5.459832668304443,29.809772765884418,96.12381748788577,in-house,724,CC1=C2C(C(C3=C(SC(CC)=C3C2=O)CC)=O)=C(S1)C(SC4=C(C5=C6SC(C)=C5)C7=CC=C(S7)CC)=CC4=C6C8=CC=C(CC)S8,c1(cc2c(cc1F)C(=O)/C(=C\c1cc3c(s1)c1c(s3)c3c(C1(c1ccc(cc1)CCCCCC)c1ccc(cc1)CCCCCC)cc1c(c3)C(c3c1sc1c3sc(c1)/C=C/1\C(=O)c3c(C1=C(C#N)C#N)cc(c(c3)F)F)(c1ccc(cc1)CCCCCC)c1ccc(cc1)CCCCCC)/C2=C(C#N)C#N)F,5.68,CC1=C2C(C(C3=C(SC(CC)=C3C2=O)CC)=O)=C(S1)C(SC4=C(C5=C6SC(C)=C5)C7=CC=C(S7)CC)=CC4=C6C8=CC=C(CC)S8||c1(cc2c(cc1F)C(=O)/C(=C\c1cc3c(s1)c1c(s3)c3c(C1(c1ccc(cc1)CCCCCC)c1ccc(cc1)CCCCCC)cc1c(c3)C(c3c1sc1c3sc(c1)/C=C/1\C(=O)c3c(C1=C(C#N)C#N)cc(c(c3)F)F)(c1ccc(cc1)CCCCCC)c1ccc(cc1)CCCCCC)/C2=C(C#N)C#N)F,e677484505f85cfe03b1269e1614066c1a1bd3e6fd7267479f4c7aacc6c8ca2f,69e17d1724b4236f68d0c6efb6ad16969f13f8980d301d0056747038b20f0c8d,19a23ed6154a4ad68b4e737d70a2fcfa60d028a4884b0b641d0a4905578a21fc,f36e82bd80341defc9e75b68ad4a33130185fdd33eda19716763aa5aa999aaca,d85aa213754421ac49708e889a281b7dbff4084a58a5d843880566bbc8ebb192,122,1133,995,590
620,5.670000076293945,10.311994552612305,4.641994476318359,4.641994476318359,21.54811271817016,81.86939001511413,in-house,725,O=C(C1=C(CCC(CCCC)CC)SC(CCC(CC)CCCC)=C1C2=O)C(C2=C(C3)C(C4)=CC=C4C5=CC6=C(C(C7=CC=C(CCC(CCCC)CC)S7)=C8C=CSC8=C6C9=CC=C(CCC(CCCC)CC)S9)S5)=C3C%10=CC=CS%10,O=C(C(C=CC=C1)=C1C/2=C(C#N)/C#N)C2=C/C3=CC4=C(S3)C5=CC6=C(C=C5C4(CCCCCCCCCCCCCCCC)CCCCCCCCCCCCCCCC)C7=C(C=C(S7)/C=C8C(C(C=CC=C9)=C9C\8=C(C#N)/C#N)=O)C6(CCCCCCCCCCCCCCCC)CCCCCCCCCCCCCCCC,5.67,O=C(C1=C(CCC(CCCC)CC)SC(CCC(CC)CCCC)=C1C2=O)C(C2=C(C3)C(C4)=CC=C4C5=CC6=C(C(C7=CC=C(CCC(CCCC)CC)S7)=C8C=CSC8=C6C9=CC=C(CCC(CCCC)CC)S9)S5)=C3C%10=CC=CS%10||O=C(C(C=CC=C1)=C1C/2=C(C#N)/C#N)C2=C/C3=CC4=C(S3)C5=CC6=C(C=C5C4(CCCCCCCCCCCCCCCC)CCCCCCCCCCCCCCCC)C7=C(C=C(S7)/C=C8C(C(C=CC=C9)=C9C\8=C(C#N)/C#N)=O)C6(CCCCCCCCCCCCCCCC)CCCCCCCCCCCCCCCC,6f31f3770fd225e382586e20513744e11a328b7cc74c758d48628417c600a02b,0cc00e1ba2d95fe8288dc072edf395ee6fc3678daa4e12f6703c7be7d2c5a409,2e04d14dd450a0193aa5384d4e2543c6e5910fef19bc229cba5eef79ad8b8300,32009831a6351f02a68cb2910a7b563f3286ef21e8c7d5ed69cae15ab5884891,7de2f922f7bf3fc40af78adfc935fa05cd30577855405d82236cc71c573cf43b,203,255,574,395
627,5.510000228881836,8.610187530517578,3.100187301635742,3.100187301635742,9.611161305223504,56.26473997923724,in-house,734,CC1=CC2=C(S1)C(C3=CC=C([Si](CCC)(CCC)CCC)S3)=C4C=C(C5=CC=C(C6=C(F)C(F)=C(C7=CC=C(S7)C)C8=NN(CC(CCCCCCCC)CCCCCC)N=C68)S5)SC4=C2C9=CC=C([Si](CCC)(CCC)CCC)S9,O=C(C1=C(C=CC=C1)C/2=C(C#N)/C#N)C2=C/C3=CC4=C(S3)C5=CC6=C(C=C5C4(C7=CC=C(CCCCCC)C=C7)C8=CC=C(CCCCCC)C=C8)C9=CC(C(C%10=CC=C(CCCCCC)C=C%10)(C%11=C%12SC(/C=C%13C(C(C=CC=C%14)=C%14C\%13=C(C#N)/C#N)=O)=C%11)C%15=CC=C(CCCCCC)C=C%15)=C%12C=C9N6CCCCCCCCCCCCCCCC,5.51,CC1=CC2=C(S1)C(C3=CC=C([Si](CCC)(CCC)CCC)S3)=C4C=C(C5=CC=C(C6=C(F)C(F)=C(C7=CC=C(S7)C)C8=NN(CC(CCCCCCCC)CCCCCC)N=C68)S5)SC4=C2C9=CC=C([Si](CCC)(CCC)CCC)S9||O=C(C1=C(C=CC=C1)C/2=C(C#N)/C#N)C2=C/C3=CC4=C(S3)C5=CC6=C(C=C5C4(C7=CC=C(CCCCCC)C=C7)C8=CC=C(CCCCCC)C=C8)C9=CC(C(C%10=CC=C(CCCCCC)C=C%10)(C%11=C%12SC(/C=C%13C(C(C=CC=C%14)=C%14C\%13=C(C#N)/C#N)=O)=C%11)C%15=CC=C(CCCCCC)C=C%15)=C%12C=C9N6CCCCCCCCCCCCCCCC,eaf1916a35a7483d8caf5815ff5e1ea653d31569a8b350b0b99530cf692c3bfb,8d78500a5865e16c0602e7a8920cfca4146b0745ad21cbbdd15588826642d8c0,5cebe64452137623542abaf4c77cc6f4b8aa159dcbc1da1d09af43df470ade07,1358b47a6f55d93ab4416ef1f5db830351913ae6980cc0c754a6857e93c3a6b2,aa3a08954e3adc26aeb3580f019b4671934da681dfd29f7c44bdf85d1cabd597,417,91,785,597
638,5.239999771118164,4.152261734008789,-1.087738037109375,1.087738037109375,1.183174037374556,20.758360393539913,in-house,747,c1scc(c1)CCCCCC,S=C(N(C/1=O)CC)SC1=C\C(C2=NN(CCCCCCCC)N=C32)=CC=C3C4=CC(C5(C(C=C6)=CC=C6CCCCCC)C7=CC=C(C=C7)CCCCCC)=C(C8=CC9=C(C%10=C(C9(C%11=CC=C(C=C%11)CCCCCC)C%12=CC=C(C=C%12)CCCCCC)C=C(C%13=CC=C(C%14=NN(N=C%13%14)CCCCCCCC)/C=C%15SC(N(C/%15=O)C#C)=S)S%10)C=C85)S4,5.24,c1scc(c1)CCCCCC||S=C(N(C/1=O)CC)SC1=C\C(C2=NN(CCCCCCCC)N=C32)=CC=C3C4=CC(C5(C(C=C6)=CC=C6CCCCCC)C7=CC=C(C=C7)CCCCCC)=C(C8=CC9=C(C%10=C(C9(C%11=CC=C(C=C%11)CCCCCC)C%12=CC=C(C=C%12)CCCCCC)C=C(C%13=CC=C(C%14=NN(N=C%13%14)CCCCCCCC)/C=C%15SC(N(C/%15=O)C#C)=S)S%10)C=C85)S4,dcfe55e25105351ae9c8ad52944bf5ab5d7d9aabff6bbd3f76ff805bf8820852,f89c93963c48a19c063c0f4d6b58c802680d8e5063121a06a395761e1ffe74e1,c4bf1e7f005e020c19e188ccdce36b1d304fe467a7ef9c28ea0f686f163d8e17,f81a1bb79b2f5bca68bb75e37b44ceb1c4b4d645fc238e1d0ad3729f0b949b0a,7342964bae6e1272b2af13c5807812879d7cf37673d8d969dde53663470d4ad8,945,1154,523,608
639,5.230000019073486,9.913056373596191,4.683056354522705,4.683056354522705,21.931016819635488,89.54218618439558,in-house,748,CC(S1)=C(CCCCC(CC)CCCCCC)C=C1C2=NC(S3)=C(S2)N=C3C4=CC(CCCCC(CCCCCC)CC)=C(S4)C5=CC(C(S5)=C(C6=C7SC(C)=C6)C8=CC(Cl)=C(S8)CC(CCCC)CC)=C7C9=CC(Cl)=C(CC(CC)CCCC)S9,c1(cc2c(cc1F)C(=O)/C(=C\c1cc3c(s1)c1c(s3)c3c(C1(c1ccc(cc1)CCCCCC)c1ccc(cc1)CCCCCC)cc1c(c3)C(c3c1sc1c3sc(c1)/C=C/1\C(=O)c3c(C1=C(C#N)C#N)cc(c(c3)F)F)(c1ccc(cc1)CCCCCC)c1ccc(cc1)CCCCCC)/C2=C(C#N)C#N)F,5.23,CC(S1)=C(CCCCC(CC)CCCCCC)C=C1C2=NC(S3)=C(S2)N=C3C4=CC(CCCCC(CCCCCC)CC)=C(S4)C5=CC(C(S5)=C(C6=C7SC(C)=C6)C8=CC(Cl)=C(S8)CC(CCCC)CC)=C7C9=CC(Cl)=C(CC(CC)CCCC)S9||c1(cc2c(cc1F)C(=O)/C(=C\c1cc3c(s1)c1c(s3)c3c(C1(c1ccc(cc1)CCCCCC)c1ccc(cc1)CCCCCC)cc1c(c3)C(c3c1sc1c3sc(c1)/C=C/1\C(=O)c3c(C1=C(C#N)C#N)cc(c(c3)F)F)(c1ccc(cc1)CCCCCC)c1ccc(cc1)CCCCCC)/C2=C(C#N)C#N)F,d2db47a1de123b9347d2ddf618c1a801ab53c4d92b4344f4922c9a2cdc1e005f,69e17d1724b4236f68d0c6efb6ad16969f13f8980d301d0056747038b20f0c8d,1d1f3d08da8cbf49d3f75c0dc79c07cc116e0d2088c8c16ed2c9eaecee5c333d,caeec8008c574875708aa28052b115bad6a2efd9fa5d8f5e5f2b2bbdced87101,67ba371073f9deebbd481f2eda443d7c389651a2bf06587ef23a5e256e2eaa40,138,934,468,609
643,5.019999980926514,11.024100303649902,6.004100322723389,6.004100322723389,36.0492206853271,119.60359254055703,in-house,753,O=C(C1=C(CCC(CCCC)CC)SC(CCC(CC)CCCC)=C1C2=O)C(C2=C(C3)C(C4)=CC=C4C5=CC6=C(C(C7=CC=C(CCC(CCCC)CC)S7)=C8C=CSC8=C6C9=CC=C(CCC(CCCC)CC)S9)S5)=C3C%10=CC=CS%10,c1(cc2c(cc1F)C(=C(C#N)C#N)/C(=C\c1sc3c(c1)sc1c3C(c3c1cc1c(c3)c3c(C1(c1ccc(cc1)CCCCCC)c1ccc(cc1)CCCCCC)c1c(s3)cc(s1)/C=C/1\C(=C(C#N)C#N)c3c(C1=O)cc(c(c3)F)F)(c1ccc(cc1)CCCCCC)c1ccc(cc1)CCCCCC)/C2=O)F,5.02,O=C(C1=C(CCC(CCCC)CC)SC(CCC(CC)CCCC)=C1C2=O)C(C2=C(C3)C(C4)=CC=C4C5=CC6=C(C(C7=CC=C(CCC(CCCC)CC)S7)=C8C=CSC8=C6C9=CC=C(CCC(CCCC)CC)S9)S5)=C3C%10=CC=CS%10||c1(cc2c(cc1F)C(=C(C#N)C#N)/C(=C\c1sc3c(c1)sc1c3C(c3c1cc1c(c3)c3c(C1(c1ccc(cc1)CCCCCC)c1ccc(cc1)CCCCCC)c1c(s3)cc(s1)/C=C/1\C(=C(C#N)C#N)c3c(C1=O)cc(c(c3)F)F)(c1ccc(cc1)CCCCCC)c1ccc(cc1)CCCCCC)/C2=O)F,6f31f3770fd225e382586e20513744e11a328b7cc74c758d48628417c600a02b,69e17d1724b4236f68d0c6efb6ad16969f13f8980d301d0056747038b20f0c8d,8332b22ad63e13f9b15c75f9f23319c3bcc64b52cea2954ad652267fde2e4b46,28637e448c04e46259c5b0ad9c4b6def7346f4a3b8d2b5a13a3d3759ec108315,04aadc213b7bc50b11a865ef0d356e8d79017db2726b499f18b3e4565b2bbc74,597,201,19,201
645,5.0,8.074915885925293,3.074915885925293,3.074915885925293,9.45510770551573,61.49831771850586,in-house,755,FC1=C(C(OCC(CCCC)CC)=O)SC2=CSC(C3=CC4=C(C5=C(C(C6=CC=C(CC(CC)CCCC)S6)=C4S3)C=CS5)C7=CC=C(CC(CC)CCCC)S7)=C12,N#C/C(C#N)=C/C(C1=NSN=C21)=CC=C2C3=CC(C4(CCCCCCCC)CCCCCCCC)=C(C5=C4C=C(C6=CC=C(C7=NSN=C67)/C=C(C#N)\C#N)S5)S3,5.0,FC1=C(C(OCC(CCCC)CC)=O)SC2=CSC(C3=CC4=C(C5=C(C(C6=CC=C(CC(CC)CCCC)S6)=C4S3)C=CS5)C7=CC=C(CC(CC)CCCC)S7)=C12||N#C/C(C#N)=C/C(C1=NSN=C21)=CC=C2C3=CC(C4(CCCCCCCC)CCCCCCCC)=C(C5=C4C=C(C6=CC=C(C7=NSN=C67)/C=C(C#N)\C#N)S5)S3,2249a87c8fc0450476e55f070a85b71ffa6beb368356c28f1302bad8bac422cb,75bb0d51864105efcd58ab66fd3d6941c978d0f104918194de0c2f63ecc65b2c,476f624042074cd6483fc93fb7f3525416dd384a4c4527439948b656cf479df8,5e7513cbb7437e55d17855083cb5fcbd8db2f944de3d2fd9b30bce39fc1e2495,b89cc574a2c5075b99baa763f3baffd1fc98d927a6c24e654e6b1a2b9acecd57,332,448,855,614
654,4.480000019073486,11.30756950378418,6.827569484710693,6.827569484710693,46.61570506855264,152.4011039205913,in-house,768,FC1=C(C(OCC(CCCC)CC)=O)SC2=CSC(C3=CC4=C(C5=C(C(C6=CC=C(CC(CC)CCCC)S6)=C4S3)C=CS5)C7=CC=C(CC(CC)CCCC)S7)=C12,O=C1C(/C(C2=CC(F)=C(F)C=C21)=C(C#N)\C#N)=C\C3=CC4=C(C5=C(S4)C6=C(C5(C7=CC=C(CCCCCC)C=C7)C8=CC=C(CCCCCC)C=C8)C9=C(S6)C%10=CC%11=C(C=C%10C9(C%12=CC=C(CCCCCC)C=C%12)C%13=CC=C(CCCCCC)C=C%13)C(S%14)=C(C%11(C%15=CC=C(CCCCCC)C=C%15)C%16=CC=C(CCCCCC)C=C%16)C%17=C%14C%18=C(C%19=C(S%18)C=C(/C=C%20/C(C(C(C%20=O)=C%21)=CC(F)=C%21F)=C(C#N)/C#N)S%19)C%17(C%22=CC=C(CCCCCC)C=C%22)C%23=CC=C(CCCCCC)C=C%23)S3,4.48,FC1=C(C(OCC(CCCC)CC)=O)SC2=CSC(C3=CC4=C(C5=C(C(C6=CC=C(CC(CC)CCCC)S6)=C4S3)C=CS5)C7=CC=C(CC(CC)CCCC)S7)=C12||O=C1C(/C(C2=CC(F)=C(F)C=C21)=C(C#N)\C#N)=C\C3=CC4=C(C5=C(S4)C6=C(C5(C7=CC=C(CCCCCC)C=C7)C8=CC=C(CCCCCC)C=C8)C9=C(S6)C%10=CC%11=C(C=C%10C9(C%12=CC=C(CCCCCC)C=C%12)C%13=CC=C(CCCCCC)C=C%13)C(S%14)=C(C%11(C%15=CC=C(CCCCCC)C=C%15)C%16=CC=C(CCCCCC)C=C%16)C%17=C%14C%18=C(C%19=C(S%18)C=C(/C=C%20/C(C(C(C%20=O)=C%21)=CC(F)=C%21F)=C(C#N)/C#N)S%19)C%17(C%22=CC=C(CCCCCC)C=C%22)C%23=CC=C(CCCCCC)C=C%23)S3,2249a87c8fc0450476e55f070a85b71ffa6beb368356c28f1302bad8bac422cb,4c202bfbc444a4a4e9517c0340dff0d718d4ec18e442197e3d81e2350b86e311,8d30084fef039907498f883049c77fe62de22010647dfceb5eec3a37ed63218b,c25ab565a3311acf859368917342f91342be2215e4f7f357d9bcaaaf114f56bc,73678bcb33f6fe4641ad30a0a0ec62eeb3dae354dbfdba6b9d7c3d750f41a3c3,651,893,525,622
663,4.25,9.57285976409912,5.322859764099119,5.322859764099119,28.332836068265333,125.2437591552734,in-house,777,O=C(C1=C(CCC(CCCC)CC)SC(CCC(CC)CCCC)=C1C2=O)C(C2=C(C3)C(C4)=CC=C4C5=CC6=C(C(C7=CC=C(CCC(CCCC)CC)S7)=C8C=CSC8=C6C9=CC=C(CCC(CCCC)CC)S9)S5)=C3C%10=CC=CS%10,O=C(C(C=CC(F)=C1)=C1C/2=C(C#N)/C#N)C2=C/C3=CC(N4CC(CCCC)CC)=C(S3)C5=C4C6=C(OCCCCCC)C(S7)=C(C(OCCCCCC)=C6S5)C8=C7C(S9)=C(N8CC(CC)CCCC)C=C9/C=C(C%10=O)/C(C%11=C%10C=CC(F)=C%11)=C(C#N)/C#N,4.25,O=C(C1=C(CCC(CCCC)CC)SC(CCC(CC)CCCC)=C1C2=O)C(C2=C(C3)C(C4)=CC=C4C5=CC6=C(C(C7=CC=C(CCC(CCCC)CC)S7)=C8C=CSC8=C6C9=CC=C(CCC(CCCC)CC)S9)S5)=C3C%10=CC=CS%10||O=C(C(C=CC(F)=C1)=C1C/2=C(C#N)/C#N)C2=C/C3=CC(N4CC(CCCC)CC)=C(S3)C5=C4C6=C(OCCCCCC)C(S7)=C(C(OCCCCCC)=C6S5)C8=C7C(S9)=C(N8CC(CC)CCCC)C=C9/C=C(C%10=O)/C(C%11=C%10C=CC(F)=C%11)=C(C#N)/C#N,6f31f3770fd225e382586e20513744e11a328b7cc74c758d48628417c600a02b,a692810514c1f160fe177aba70e9c3437f19d0282433f0434ecfc8b24b530838,f91db6e308eb388456b08ccbb92e27b9535be738323854eaa3a46b1fb21db941,ee4e140b1f0c05dda3c15facbf8b5c7530b6c1b3bd4dd5d1a28f4d053235706a,aef8cede826c70e4d253bf4cbdd166cbd1d5d608c54b6193ee015a3cb45521f2,1159,1105,800,631
666,4.099999904632568,3.6462342739105225,-0.4537656307220459,0.4537656307220459,0.20590324762457612,11.067454665287638,in-house,781,CC1=CC=C(C(N(CC(CCCCCC)CCCCCCCC)C2=O)=C(C(N3CC(CCCCCCCC)CCCCCC)=O)C2=C3C4=CC=C(C5=CC(CCCCCC)=C(C6=CC=C(S6)C7=C(C=C(S7)C)CCCCCC)S5)S4)S1,c12cc3c(cc1C(c1c2sc2c1sc(c2)/C=C\1/C(=C(C#N)C#N)c2c(C1=O)cccc2)(c1ccc(cc1)CCCCCC)c1ccc(cc1)CCCCCC)c1c(C3(c2ccc(cc2)CCCCCC)c2ccc(cc2)CCCCCC)c2c(s1)cc(s2)/C=C\1/C(=C(C#N)C#N)c2c(C1=O)cccc2,4.1,CC1=CC=C(C(N(CC(CCCCCC)CCCCCCCC)C2=O)=C(C(N3CC(CCCCCCCC)CCCCCC)=O)C2=C3C4=CC=C(C5=CC(CCCCCC)=C(C6=CC=C(S6)C7=C(C=C(S7)C)CCCCCC)S5)S4)S1||c12cc3c(cc1C(c1c2sc2c1sc(c2)/C=C\1/C(=C(C#N)C#N)c2c(C1=O)cccc2)(c1ccc(cc1)CCCCCC)c1ccc(cc1)CCCCCC)c1c(C3(c2ccc(cc2)CCCCCC)c2ccc(cc2)CCCCCC)c2c(s1)cc(s2)/C=C\1/C(=C(C#N)C#N)c2c(C1=O)cccc2,ed3bdd79c421e42ed5848fa3ddce4daa759764c87b9eeeed7e8f884dd2f1c928,202f8607af2cecb83e86b2e4305f8c7e2852bc709bb805b9055691d46a9081c5,b0a704a06b840841e05aa9a84a586f19b8dfda97f6ff53d46586b78667386bb8,684ebde7eeb794d536c03059b5bdf20fbb0c6d4543291339dd0a1ffec852e007,7855ffce88ce188d713a8d9749950615d941bd60d5b42be5f544e7ce3a8f1a9d,817,502,542,634
670,4.019999980926514,8.603490829467773,4.58349084854126,4.58349084854126,21.008388358661477,114.01718582806745,in-house,785,O=C(C1=C(CCC(CCCC)CC)SC(CCC(CC)CCCC)=C1C2=O)C(C2=C(C3)C(C4)=CC=C4C5=CC6=C(C(C7=CC=C(CCC(CCCC)CC)S7)=C8C=CSC8=C6C9=CC=C(CCC(CCCC)CC)S9)S5)=C3C%10=CC=CS%10,O=C(C1=CC=CC=C1C/2=C(C#N)\C#N)C2=C/C(S3)=CC4=C3C=C(C5=CC(OC6(C7=CC=C(CCCCCC)C=C7)C8=CC=C(CCCCCC)C=C8)=C(S5)C(C=C9%10)=C6C=C9C%11=C(C=C(C%12=CC%13=C(C=C(/C=C%14C(C%15=CC=CC=C%15C\%14=C(C#N)/C#N)=O)S%13)S%12)S%11)OC%10(C%16=CC=C(C=C%16)CCCCCC)C%17=CC=C(CCCCCC)C=C%17)S4,4.02,O=C(C1=C(CCC(CCCC)CC)SC(CCC(CC)CCCC)=C1C2=O)C(C2=C(C3)C(C4)=CC=C4C5=CC6=C(C(C7=CC=C(CCC(CCCC)CC)S7)=C8C=CSC8=C6C9=CC=C(CCC(CCCC)CC)S9)S5)=C3C%10=CC=CS%10||O=C(C1=CC=CC=C1C/2=C(C#N)\C#N)C2=C/C(S3)=CC4=C3C=C(C5=CC(OC6(C7=CC=C(CCCCCC)C=C7)C8=CC=C(CCCCCC)C=C8)=C(S5)C(C=C9%10)=C6C=C9C%11=C(C=C(C%12=CC%13=C(C=C(/C=C%14C(C%15=CC=CC=C%15C\%14=C(C#N)/C#N)=O)S%13)S%12)S%11)OC%10(C%16=CC=C(C=C%16)CCCCCC)C%17=CC=C(CCCCCC)C=C%17)S4,6f31f3770fd225e382586e20513744e11a328b7cc74c758d48628417c600a02b,27f9c03b3eaa51956ee73ccbe206d37c8c10e9646ce8527b784bf8c287519ce3,da669ece5e80c1a8a2d7b2c5a83437fdaf13978a415b4cb27fe33443b9aee073,6864d1177c977374bf4b93f2caae547b180117fa07791fc56470300f46cf3a63,cbd51ee478788df932a6dd6d7ad278f58f709b5f646bafc733549d8e564c7e91,1034,503,935,638
672,3.9800000190734863,9.646791458129885,5.666791439056398,5.666791439056398,32.112525213762886,142.38169376631268,in-house,787,O=C(C1=C(CCC(CCCC)CC)SC(CCC(CC)CCCC)=C1C2=O)C(C2=C(C3)C(C4)=CC=C4C5=CC6=C(C(C7=CC=C(CCC(CCCC)CC)S7)=C8C=CSC8=C6C9=CC=C(CCC(CCCC)CC)S9)S5)=C3C%10=CC=CS%10,O=C(C(C=C([H])C([H])=C1)=C1C/2=C(C#N)/C#N)C2=C/C3=CC4=C(S3)C5=C(N4CC(CCCCCC)CCCC)C6=C(S5)C(C(C(C7=CC=C(C=C7)CCCCCC)6C8=CC=C(C=C8)CCCCCC)=C9)=CC%10=C9C%11=C(C(C%12=CC=C(CCCCCC)C=C%12)%10C%13=CC=C(CCCCCC)C=C%13)C(N%14CC(CCCCCC)CCCC)=C(S%11)C(S%15)=C%14C=C%15/C=C(C(C%16=C%17C=C([H])C([H])=C%16)=O)/C%17=C(C#N)/C#N,3.98,O=C(C1=C(CCC(CCCC)CC)SC(CCC(CC)CCCC)=C1C2=O)C(C2=C(C3)C(C4)=CC=C4C5=CC6=C(C(C7=CC=C(CCC(CCCC)CC)S7)=C8C=CSC8=C6C9=CC=C(CCC(CCCC)CC)S9)S5)=C3C%10=CC=CS%10||O=C(C(C=C([H])C([H])=C1)=C1C/2=C(C#N)/C#N)C2=C/C3=CC4=C(S3)C5=C(N4CC(CCCCCC)CCCC)C6=C(S5)C(C(C(C7=CC=C(C=C7)CCCCCC)6C8=CC=C(C=C8)CCCCCC)=C9)=CC%10=C9C%11=C(C(C%12=CC=C(CCCCCC)C=C%12)%10C%13=CC=C(CCCCCC)C=C%13)C(N%14CC(CCCCCC)CCCC)=C(S%11)C(S%15)=C%14C=C%15/C=C(C(C%16=C%17C=C([H])C([H])=C%16)=O)/C%17=C(C#N)/C#N,6f31f3770fd225e382586e20513744e11a328b7cc74c758d48628417c600a02b,e36563b84df3b98f527d4a656819036c3160a12c570cfa1e78aaa6623383dbaa,e91495b41cb1642c6357eade1bc59e9cefa33a55433294526289254200e67fd3,3bbbdf4a5de8f077bf2f0983761dfd3800a0e1e50acb39ebdb8fa975e3064f6e,0af81d84e4bf45f5644826a55b9ae5668cedd6a928e0097fb47cd1daed48ed83,1099,289,56,640
688,2.930000066757202,2.4529950618743896,-0.4770050048828125,0.4770050048828125,0.22753377468325198,16.280033925416973,in-house,807,CC(SC(C1=C(F)C(F)=C(C2=CC(C(OC3=CC=C(CCCCCC)C=C3)=O)=C(C4=CC=C(C5=CC=C(C)S5)S4)S2)C6=NSN=C16)=C7)=C7C(OC8=CC=C(CCCCCC)C=C8)=O,c12cc3c(cc1C(c1c2sc2c1sc(c2)/C=C\1/C(=C(C#N)C#N)c2c(C1=O)cccc2)(c1ccc(cc1)CCCCCC)c1ccc(cc1)CCCCCC)c1c(C3(c2ccc(cc2)CCCCCC)c2ccc(cc2)CCCCCC)c2c(s1)cc(s2)/C=C\1/C(=C(C#N)C#N)c2c(C1=O)cccc2,2.93,CC(SC(C1=C(F)C(F)=C(C2=CC(C(OC3=CC=C(CCCCCC)C=C3)=O)=C(C4=CC=C(C5=CC=C(C)S5)S4)S2)C6=NSN=C16)=C7)=C7C(OC8=CC=C(CCCCCC)C=C8)=O||c12cc3c(cc1C(c1c2sc2c1sc(c2)/C=C\1/C(=C(C#N)C#N)c2c(C1=O)cccc2)(c1ccc(cc1)CCCCCC)c1ccc(cc1)CCCCCC)c1c(C3(c2ccc(cc2)CCCCCC)c2ccc(cc2)CCCCCC)c2c(s1)cc(s2)/C=C\1/C(=C(C#N)C#N)c2c(C1=O)cccc2,da7bcd5b457622214cc76b17f6b94aed25002e8b9942dcc2a17161e4959dd55f,202f8607af2cecb83e86b2e4305f8c7e2852bc709bb805b9055691d46a9081c5,ddc5f43b769019b01392183fb8196dda961a0ff9fb7ea7fdf172a38a05e5df2c,8f9f16b4fe53ed767f24491bbe659a2ef5b3ccafa680e009c9291ec59b599194,6db06b1e019f03e7d79ec350dabf15e7fefc6473146f2aae025330e8fa0bd531,1053,675,497,656
700,2.380000114440918,8.610187530517578,6.23018741607666,6.23018741607666,38.81523523943997,261.77256792024076,in-house,820,CC1=CC2=C(S1)C(C3=CC=C([Si](CCC)(CCC)CCC)S3)=C4C=C(C5=CC=C(C6=C(F)C(F)=C(C7=CC=C(S7)C)C8=NN(CC(CCCCCCCC)CCCCCC)N=C68)S5)SC4=C2C9=CC=C([Si](CCC)(CCC)CCC)S9,O=C(C1=C(C=CC=C1)C/2=C(C#N)/C#N)C2=C/C3=CC4=C(S3)C5=CC6=C(C=C5C4(C7=CC=C(CCCCCC)C=C7)C8=CC=C(CCCCCC)C=C8)C9=CC(C(C%10=CC=C(CCCCCC)C=C%10)(C%11=C%12SC(/C=C%13C(C(C=CC=C%14)=C%14C\%13=C(C#N)/C#N)=O)=C%11)C%15=CC=C(CCCCCC)C=C%15)=C%12C=C9N6CCCCCCCC,2.38,CC1=CC2=C(S1)C(C3=CC=C([Si](CCC)(CCC)CCC)S3)=C4C=C(C5=CC=C(C6=C(F)C(F)=C(C7=CC=C(S7)C)C8=NN(CC(CCCCCCCC)CCCCCC)N=C68)S5)SC4=C2C9=CC=C([Si](CCC)(CCC)CCC)S9||O=C(C1=C(C=CC=C1)C/2=C(C#N)/C#N)C2=C/C3=CC4=C(S3)C5=CC6=C(C=C5C4(C7=CC=C(CCCCCC)C=C7)C8=CC=C(CCCCCC)C=C8)C9=CC(C(C%10=CC=C(CCCCCC)C=C%10)(C%11=C%12SC(/C=C%13C(C(C=CC=C%14)=C%14C\%13=C(C#N)/C#N)=O)=C%11)C%15=CC=C(CCCCCC)C=C%15)=C%12C=C9N6CCCCCCCC,eaf1916a35a7483d8caf5815ff5e1ea653d31569a8b350b0b99530cf692c3bfb,8d78500a5865e16c0602e7a8920cfca4146b0745ad21cbbdd15588826642d8c0,5cebe64452137623542abaf4c77cc6f4b8aa159dcbc1da1d09af43df470ade07,1358b47a6f55d93ab4416ef1f5db830351913ae6980cc0c754a6857e93c3a6b2,aa3a08954e3adc26aeb3580f019b4671934da681dfd29f7c44bdf85d1cabd597,417,91,785,597
704,2.150000095367432,10.042791366577148,7.892791271209717,7.892791271209717,62.2961540508843,367.10655447021503,in-house,824,CC(S1)=C(CCCCCCC)C=C1C2=NC(S3)=C(S2)N=C3C4=CC(CCCCCCC)=C(S4)C5=CC(C(S5)=C(C6=C7SC(C)=C6)C8=CC(Cl)=C(S8)CC(CCCC)CC)=C7C9=CC(Cl)=C(CC(CC)CCCC)S9,c1(cc2c(cc1F)C(=O)/C(=C\c1cc3c(s1)c1c(s3)c3c(C1(c1ccc(cc1)CCCCCC)c1ccc(cc1)CCCCCC)cc1c(c3)C(c3c1sc1c3sc(c1)/C=C/1\C(=O)c3c(C1=C(C#N)C#N)cc(c(c3)F)F)(c1ccc(cc1)CCCCCC)c1ccc(cc1)CCCCCC)/C2=C(C#N)C#N)F,2.15,CC(S1)=C(CCCCCCC)C=C1C2=NC(S3)=C(S2)N=C3C4=CC(CCCCCCC)=C(S4)C5=CC(C(S5)=C(C6=C7SC(C)=C6)C8=CC(Cl)=C(S8)CC(CCCC)CC)=C7C9=CC(Cl)=C(CC(CC)CCCC)S9||c1(cc2c(cc1F)C(=O)/C(=C\c1cc3c(s1)c1c(s3)c3c(C1(c1ccc(cc1)CCCCCC)c1ccc(cc1)CCCCCC)cc1c(c3)C(c3c1sc1c3sc(c1)/C=C/1\C(=O)c3c(C1=C(C#N)C#N)cc(c(c3)F)F)(c1ccc(cc1)CCCCCC)c1ccc(cc1)CCCCCC)/C2=C(C#N)C#N)F,35dd410f34ff9f1c7561f73c00ed52e5a16c0fcc3863a8890f348b925e7b2f45,69e17d1724b4236f68d0c6efb6ad16969f13f8980d301d0056747038b20f0c8d,ac5edb9ad479bd24c171740f5ce0072a686b30f37b38cac94f44a1ea72fb20ff,a2d0c41b9d26ee4d2910eba6cb5c0d379bd7d931139ea4671f31efdf9319bc33,0e5ef8f9c511b4a7b3126b9dbf4bbdc12ea226db711c91ea8a0488f461a5aea2,802,760,70,671
708,1.5,10.042885780334473,8.542885780334473,8.542885780334473,72.98089745584093,569.5257186889648,in-house,828,O=C(C1=C(CCC(CCCC)CC)SC(CCC(CC)CCCC)=C1C2=O)C(C2=C(C3)C(C4)=CC=C4C5=CC6=C(C(C7=CC=C(CCC(CCCC)CC)S7)=C8C=CSC8=C6C9=CC=C(CCC(CCCC)CC)S9)S5)=C3C%10=CC=CS%10,O=C(C(C=C(F)C(F)=C1)=C1C/2=C(C#N)/C#N)C2=C/C3=C4C(OCCO4)=C(S3)C5=CC(C6(C7=CC=C(C=C7)CCCCCC)C8=CC=C(CCCCCC)C=C8)=C(S5)C(C=C9%10)=C6C=C9C%11=C(C(SC=C%12)=C%12S%11)C%10(C%13=CC=C(CCCCCC)C=C%13)C%14=CC=C(CCCCCC)C=C%14,1.5,O=C(C1=C(CCC(CCCC)CC)SC(CCC(CC)CCCC)=C1C2=O)C(C2=C(C3)C(C4)=CC=C4C5=CC6=C(C(C7=CC=C(CCC(CCCC)CC)S7)=C8C=CSC8=C6C9=CC=C(CCC(CCCC)CC)S9)S5)=C3C%10=CC=CS%10||O=C(C(C=C(F)C(F)=C1)=C1C/2=C(C#N)/C#N)C2=C/C3=C4C(OCCO4)=C(S3)C5=CC(C6(C7=CC=C(C=C7)CCCCCC)C8=CC=C(CCCCCC)C=C8)=C(S5)C(C=C9%10)=C6C=C9C%11=C(C(SC=C%12)=C%12S%11)C%10(C%13=CC=C(CCCCCC)C=C%13)C%14=CC=C(CCCCCC)C=C%14,6f31f3770fd225e382586e20513744e11a328b7cc74c758d48628417c600a02b,c14f352234a334fdbdca4741f5b14f987ef01a0f0b5d35fbab621d04ad628918,44ee6d37c8940cf556ceeb81a5013e035bdeea65dbef78dfb131fb31c9607dc1,47142ab1179755420e6b41771991aece33d8a9271320c22ad93295909d57712b,26f6a1bf39d743e2368c765bdc2f3b4a181db56bd81c024d313f6bad84ac1a91,312,341,165,674
712,1.2300000190734863,8.814605712890625,7.584605693817139,7.584605693817139,57.52624353068336,616.6345996913352,in-house,833,COCCOC(C1=C(C(OCCOC)=C2S3)C=C(C)S1)=C2C=C3C(S4)=CC=C4C(C5=NN(N=C5C6C7=CC=C(S7)C)CC(CCCC)CCCCCC)=C(C6OCCOC)OCCOC,O=C(C1=CC=CC=C1C/2=C(C#N)/C#N)C2=C/C3=CC(SC4C5C(C)=C(C(C6=CC=C(C=C6)CCCCCC)(C7=CC=C(C=C7)CCCCCC)C8=CSC9=C8SC(/C=C%10C(C(C=CC=C%11)=C%11C\%10=C(C#N)/C#N)=C)=C9)C=C(C)C5C(C%12=CC=C(C=C%12)CCCCCC)(C%13=CC=C(C=C%13)CCCCCC)C%144)=C%14S3,1.23,COCCOC(C1=C(C(OCCOC)=C2S3)C=C(C)S1)=C2C=C3C(S4)=CC=C4C(C5=NN(N=C5C6C7=CC=C(S7)C)CC(CCCC)CCCCCC)=C(C6OCCOC)OCCOC||O=C(C1=CC=CC=C1C/2=C(C#N)/C#N)C2=C/C3=CC(SC4C5C(C)=C(C(C6=CC=C(C=C6)CCCCCC)(C7=CC=C(C=C7)CCCCCC)C8=CSC9=C8SC(/C=C%10C(C(C=CC=C%11)=C%11C\%10=C(C#N)/C#N)=C)=C9)C=C(C)C5C(C%12=CC=C(C=C%12)CCCCCC)(C%13=CC=C(C=C%13)CCCCCC)C%144)=C%14S3,55df02ba84836c28e27d5e5151ad4c5d691951c5ab3a5039bbc579c46aed905a,83d12c8a518aebb2c9e097cdd9cd4e855fadbb8bad16c860293e67b74eecaf00,e683883becdfdc8311bc7550395c4a4f21214947faaf11d059e495502ac14bfa,3c42fc976dd575d1abe4cf3696bc8a3545d92eb4393502a05ea0d52525f59772,db8634b2680c0699c519e1084d0471d00a4c10004310c66c51ec2be769aee374,1091,291,1014,678
716,1.2400000095367432,2.9483234882354736,1.7083234786987305,1.7083234786987305,2.918369107873332,137.76802141614098,Gao,1,,,1.24,Gao_0001,8e2c74235925f35938df5fd53afb7dd4249fdbc0860494df9e1e5d7079af21ef,79a9af327ea103eba28cd661ee4a5fbd1877d89cc8909ddb6038947c6ef598a9,f24724ae874376042bfaaf4ccdf7770e51d2c09dc26f5e646db1528ce2c9b980,162611000c73392a34641ca68831d35e4a8def580e60469aaf6cbe0ea6dca16f,b0490166a65e9ccad667bb75d9a20a68f0dd1bd41fef7d2c9d24e27707127753,1141,112,810,682
718,2.0999999046325684,2.085702419281006,-0.0142974853515625,0.0142974853515625,0.00020441808737814426,0.680832666707387,Gao,3,,,2.1,Gao_0003,af9d145acd5ddab33d6c9b614d07abc41bd22ba261a87131a03b2ebe187ea8bf,0200210bcf15d900163b083f37822f819e4cacf358747423834334ad050b737f,ab8db180121a5c084069499f727ce871a0b87fbb9fd651379fe5f15371508a33,c2d3f08546c7c299bf4e61db1b9e5671e74810ffbb7419b7ef89f20916c1fda1,fde94584fb4768a1861a1b0212c2183e94554b333b42e437f479e5f6cd9a8f13,799,895,1185,684
719,2.700000047683716,2.085702419281006,-0.61429762840271,0.61429762840271,0.37736157626119393,22.75176361310458,Gao,4,,,2.7,Gao_0004,af9d145acd5ddab33d6c9b614d07abc41bd22ba261a87131a03b2ebe187ea8bf,0200210bcf15d900163b083f37822f819e4cacf358747423834334ad050b737f,ab8db180121a5c084069499f727ce871a0b87fbb9fd651379fe5f15371508a33,c2d3f08546c7c299bf4e61db1b9e5671e74810ffbb7419b7ef89f20916c1fda1,fde94584fb4768a1861a1b0212c2183e94554b333b42e437f479e5f6cd9a8f13,799,895,1185,684
744,3.680000066757202,3.341346025466919,-0.3386540412902832,0.3386540412902832,0.11468655968224084,9.202555302905292,Gao,29,,,3.68,Gao_0029,97b5eb5d93249fc070b45dd673098a2665e7ed2fdbd9c94a4630e497ac69f6e3,79a9af327ea103eba28cd661ee4a5fbd1877d89cc8909ddb6038947c6ef598a9,74ea2331137036730da1b093c8f126abd950e6e978153bb4c8138d885f8c7209,f4facbe3579ef1218fbedbe7c72dc50ee2c80f76d6e3d7a1be1e633ef19b8f8a,468d84def8e5613d8fe86dc7430feccdda8e29007de35fe370c8eef2cc15daf9,530,1140,312,708
746,2.0899999141693115,1.8873212337493896,-0.20267868041992188,0.20267868041992188,0.04107864749676082,9.697544915951744,Gao,31,,,2.09,Gao_0031,44c07647e56ce0b1829aec9741ebe0c32b803a6f5be31ba5d3a3c9a5b73a2b74,79a9af327ea103eba28cd661ee4a5fbd1877d89cc8909ddb6038947c6ef598a9,94ce84d77364f7496f28d0bc8f8805ae1aea4fe1ef6e7e141a4e717ce5526c37,6996ebb610bb22b5dea9eca1441efff41ce1d704d2ca2f8f53a4fadc35592399,9d8f415d5e6107810e2094e42c2f4f5e7d4b527bc21eba3ca8fe346b39133c08,681,511,718,710
747,4.260000228881836,5.140866279602051,0.8808660507202148,0.8808660507202148,0.7759249993114281,20.67760571344909,Gao,32,,,4.26,Gao_0032,a21845df9ee8016166b985ba8391c9534a5a6c1685306f54c101b503e0d31060,79a9af327ea103eba28cd661ee4a5fbd1877d89cc8909ddb6038947c6ef598a9,2b9a15cd5bad00c0c73330bfd67ab2ae64ed06c4c9c12b4b5ad46f182a8dbb6b,50209e6369ad8b2eea7c03a990fb793827ff8440a336bfbdb3544e6f8629d3f9,d560dbe454da193686ee7fba87929e364c9f2af83667de743a53c03b6b644967,189,385,980,711
749,2.430000066757202,3.4964911937713623,1.0664911270141602,1.0664911270141602,1.1374033239999335,43.888522539728825,Gao,34,,,2.43,Gao_0034,21f2b072ddf80509f7a26c16e9d7b746fc759cce061694263ef4479c5eaf50f4,79a9af327ea103eba28cd661ee4a5fbd1877d89cc8909ddb6038947c6ef598a9,69ad7b17e063e2363cfe28b5490d065f8a1fab768fcb3492e93fb6443d37e361,5a30aa78df0ffb1ef729407cb0d99277ed298cb644e19497e5d59b9c9f490269,fb289fe79284d30ffc11a4df4e960fd6e22a123bb44694de0e36519841373f2d,477,426,1169,713
756,1.0399999618530271,1.4611153602600098,0.42111539840698264,0.42111539840698264,0.17733817877547173,40.49186671667347,Gao,41,,,1.04,Gao_0041,79418b87387c597467e864eba74f6cd9dff6050c031f24de3b21ff4b25ea0762,79a9af327ea103eba28cd661ee4a5fbd1877d89cc8909ddb6038947c6ef598a9,2fd462e1db765980d4ee4a73d1e84eb7aa46dbf242af10b345fbdc461ca2c110,6ea9bb16f6b8b0926db7a9f18372cc90275bad35611405d8c6b164775cc30153,da49efb53f1b0f9827f4c228ae19a9323c11f934ffe7371392fea32ce4c7ce37,214,536,1005,720
761,9.800000190734863,3.286560535430908,-6.513439655303955,6.513439655303955,42.424896143286105,66.463668658516,Gao,46,,,9.8,Gao_0046,4cf1b73be53f6aacf715b887bdabad991622ff5819d46003ed520ab04cb926b0,79a9af327ea103eba28cd661ee4a5fbd1877d89cc8909ddb6038947c6ef598a9,8aad78d982e8433f12072628b546d4fa2cbb7d67bf7545e4694c209645e61872,eae0aab4d4a2e4628c5e4017fc567a26ef5771095d6792b00efb10a989ae74cf,c1b9c499b92a5fb7d7f2ec2d60d3e1870c9ff3c557c6a998c20db0a7efaf010c,631,1082,895,725
763,9.050000190734863,5.763930797576904,-3.286069393157959,3.286069393157959,10.798252056649517,36.31015827515832,Gao,48,,,9.05,Gao_0048,8dad7c7fc9d04a7022e4f0481b8d958a52d567d442560c38a2ebcd60aefacffd,79a9af327ea103eba28cd661ee4a5fbd1877d89cc8909ddb6038947c6ef598a9,85e69d48d1806e29aab1dd2ea118c2f9375d11027016c6ded0e50b38b1a9ba19,7b4b818002b2d763415b6748985ebcac76849b5db4b3c038c38730ff9ded3b23,4d528d0928cc702bb8db6ba4fbd2a28bc18911fa3acf5c4ebf0b1e8366ed00c0,610,591,341,727
764,6.369999885559082,6.231527328491211,-0.1384725570678711,0.1384725570678711,0.019174649060914817,2.1738235409044697,Gao,49,,,6.37,Gao_0049,ed341b96b55d4c09d46feba8738fa5cf9982a99c8f9826869550247c01874351,79a9af327ea103eba28cd661ee4a5fbd1877d89cc8909ddb6038947c6ef598a9,18eb26f113eae2aa0f78e5ff178509e5a9cd493b2e360af09af4c7c73ba9b9b6,86bcc9f28bc6f76240bafe14dc707330457ba37cc2472957a50f08ff978d4e75,6005c4e7c2efc5ada4374187877f6a4d261404a98ba70881393fdce80c53d743,118,634,430,728
776,4.639999866485596,3.823807001113892,-0.8161928653717037,0.8161928653717037,0.6661707934836719,17.59036398399512,Gao,61,,,4.64,Gao_0061,74e70aed8722003457fb8860b788f537e5df6894264b66d3f4fa15d9d0d7ee17,79a9af327ea103eba28cd661ee4a5fbd1877d89cc8909ddb6038947c6ef598a9,da07b4bd2f4938175e3f7e45b4bc4f03fb41ac4c7986b05a227a2effdff9126d,020fff424ab1e7e552299b0ff11bfeac4b5a1d00dbac22a498dce46bc31cac30,b292250e7d48199212c4b764a4c323451a6a62d6576b86a234654bdfa0a3ce2c,1032,10,825,740
779,4.300000190734863,2.040959596633911,-2.259040594100952,2.259040594100952,5.103264405795983,52.53582543946087,Gao,64,,,4.3,Gao_0064,8aa543d125c45966628245005e58dc49406f704a9519d66a52b9fd9ed0389336,79a9af327ea103eba28cd661ee4a5fbd1877d89cc8909ddb6038947c6ef598a9,864bbfc1b24e4fad1b07134ac1665917717e4a4249b44b2ee1e83b8002a81775,757769b7ac7a0a1887462f4c44831b1c2ecac724d572db8f0cee848a28a49cdc,16e3a59ce8f0ae402107e1727d3d3327c834753dd83db93219f86bd1e284ba35,615,566,101,743
799,1.2599999904632568,2.6055057048797607,1.345505714416504,1.345505714416504,1.8103856275274666,106.78616861908148,Gao,84,,,1.26,Gao_0084,e80bd24aee29a5ba8e8df20720f80b347ea216ea981000aaefa02a25a9275d14,79a9af327ea103eba28cd661ee4a5fbd1877d89cc8909ddb6038947c6ef598a9,6979809849b6c58b4e652b9e9f08289130909780d72a37c7e997be4dd0dda405,9a4d11e8d9c7c4811ea521dc95e22cb44fa6a5eabeebed3b622987a4302075fa,811b98a885ffbabb172bde0aa1127a382fe15452294759268c92f4359d4f979d,475,723,584,763
800,0.9700000286102296,0.7311457395553589,-0.23885428905487072,0.23885428905487072,0.057051371399907735,24.624152784520007,Gao,85,,,0.97,Gao_0085,471ad3d43fdf26456b14895f23221eca11e905d639d266f968f6712e164eb052,0200210bcf15d900163b083f37822f819e4cacf358747423834334ad050b737f,b71ba03471698e3d21656b66381bfe04e598b2ec8d6083793bd8963c47f2feb3,84548fb98258a8df4bb8226f884e2eefd860394539ef42af0b4c3ec3d00b6998,f03f8366fe2583eb2e5c887900d4715acde6535f6e77b58e345f0890573cb3fd,865,624,1122,764
813,3.3399999141693115,1.4255226850509644,-1.9144772291183472,1.9144772291183472,3.6652230608126644,57.319678991503665,Gao,98,,,3.34,Gao_0098,bc8ca8ff8287ffd6bdf836e1f0f300f341cc107009d23617153c8c590a889b68,79a9af327ea103eba28cd661ee4a5fbd1877d89cc8909ddb6038947c6ef598a9,976c76d44abc671192739c0ec16060b5dec7eefa6c81a371cd71d6f8aefc3afe,82a56eeacc2ffbebd5326d13e5e7b9022276020edc07a2547d357e4c51f4a8f5,599ad234b9df2aee1c0e6027842b8aaf2b5f138b83b2b9fffdf295c4a482aa98,693,621,403,776
829,1.7300000190734863,1.083515763282776,-0.6464842557907102,0.6464842557907102,0.41794189298526846,37.369031714631966,Gao,114,,,1.73,Gao_0114,e7766cd6847339c7f8a0632070fd053b8990ac4a5c8333fa2d5c50fbc891650d,0200210bcf15d900163b083f37822f819e4cacf358747423834334ad050b737f,c13979f4d03a8594a13e2cffc73ba1a89a7616a61acd89ca205551cd4cbdfcd9,0f7fe77fa42f33ee248fe461fad0d121db44aa47fca47c391989f22da75e713d,590c544865d81238fdd8d34e68f80231e7ec3fbfbdf060b4075b92f092317367,921,76,401,790
846,0.6899999976158142,0.9660951495170592,0.276095151901245,0.276095151901245,0.07622853290337156,40.013790268876534,Gao,131,,,0.69,Gao_0131,02c51c556a74cc0ca4a7a250804fdd86a165a0494d730455efaccb0d5a8e5897,79a9af327ea103eba28cd661ee4a5fbd1877d89cc8909ddb6038947c6ef598a9,c317df8784919a812ceed7c528247bc7ccfc8750f222edbe6cc0cf8f8041b26d,13f36a792c5587a9aebfa7e3d56e98f5c04a7670b57d7b1990558663eb310517,81f5c74d0efc5bbcca423423e8e65a819ac12eb818a53d9e32d39011c70619f6,930,95,589,806
847,5.210000038146973,4.363945960998535,-0.8460540771484375,0.8460540771484375,0.7158075014594942,16.239041668977634,Gao,132,,,5.21,Gao_0132,a59954e11d006577fe6b0aceeff35fd90a19c1786b8eacbd7135c968ab7854da,79a9af327ea103eba28cd661ee4a5fbd1877d89cc8909ddb6038947c6ef598a9,9eaaa77166ac47be1b858c576bc1608cd40582a661c2658300e9b921ba77e0ca,e159e95ef813647d7afc5d5bd7c99f78bdad16a492a0cb7da76e7d586a225a68,c296c84440065b01a62b228e0af12cc464a72f8c781573f7979939abd6165417,725,1038,896,807
848,4.829999923706055,4.199804782867432,-0.630195140838623,0.630195140838623,0.39714591553661194,13.047518649960452,Gao,133,,,4.83,Gao_0133,9f90cfa70e2cf33a26362718c468f7531af04193b41db41434f179cc90b19fee,79a9af327ea103eba28cd661ee4a5fbd1877d89cc8909ddb6038947c6ef598a9,ad040850fe076f7b81edc89fdea1119a821ad9d1d99be28fd41643417d504359,e93ec2246c0af4fe52bdfe1629ceac32f224f1cbea6a7d6d0239ee3dcf86ad26,7bf7264ea2e7e8e65c1c237dbe3b9e758a6b7521ecd080d6a46f5f0bf7945bf2,805,1075,563,808
850,3.0999999046325684,5.232170104980469,2.1321702003479004,2.1321702003479004,4.546149763251606,68.77968599810711,Gao,135,,,3.1,Gao_0135,70830667ae087b533231a0e7087dcb1d6626805fd1dcd433b93e3f6565edcc67,79a9af327ea103eba28cd661ee4a5fbd1877d89cc8909ddb6038947c6ef598a9,74df3413b73197d40abb5f6c0eee0363cd70db016c8fd423efdc5c1555118187,5c2662a56ec123bd960c78765983e4516a1ecdd720c34d51670fdcfeab777962,26a7739cf7247b8ab63211cf41cecab6aa88fa4856e21a9692ad1ce1e8b5d4cb,529,434,161,810
851,6.5,5.284885406494141,-1.2151145935058594,1.2151145935058594,1.4765034753509099,18.694070669320915,Gao,136,,,6.5,Gao_0136,1c742257e7fe70912d94cf4164ea081f01c4ed64ada13bfb7dca20640063338e,79a9af327ea103eba28cd661ee4a5fbd1877d89cc8909ddb6038947c6ef598a9,ccef8b78299fad02767b50bfb87466c4a1679f1f6ee8f0cdf332190fd18f9017,eeb3677cfd8ca7a6b1d71edae89be917b2bf48629ee42946ff1bd76688c3ac02,29565d825266e6210677dd1b33391988f8f0cc4590f527eb2db7953308a0b9f9,978,1110,176,811
859,4.340000152587891,3.648506164550781,-0.6914939880371098,0.6914939880371098,0.4781639354914666,15.933040638829935,Gao,144,,,4.34,Gao_0144,9e916c699e9571d47d5e715f24a14a25731a0acb27c62c1f6174499b62bf153d,79a9af327ea103eba28cd661ee4a5fbd1877d89cc8909ddb6038947c6ef598a9,0fcf7261dc5ca660f251301e757b2955a2dede2f119a4bebdf4f71f28cbb3d11,d1c46a6a694ae0dbfb4951ce2c23d90ce82293fc812f0042f72cf8e9b9da7900,4ff1384b3c72b88e5777097d08e5b8baebb9a57672ba3905dbdb073fd8f9faef,71,970,352,819
862,3.690000057220459,3.134639024734497,-0.5553610324859619,0.5553610324859619,0.30842587640387364,15.050434251328845,Gao,147,,,3.69,Gao_0147,1866d655f119dd8f042d839bd8ecb83afc1deaa6f96401d320c39c83294ba85b,79a9af327ea103eba28cd661ee4a5fbd1877d89cc8909ddb6038947c6ef598a9,5b1f0f9325fd7934d75cb935bfab2bebfee09c75dbd29d74d68a3d39069d2dcd,97149cfe160ee2422c07d342ad3a06bd164010815100df6b3bdc45d6545aa9fd,b2a186ec001402de34c09c21709a719ad2bee406f1eb59f1d3ffd59bfbcc57e1,413,705,826,822
869,2.869999885559082,2.55619215965271,-0.31380772590637207,0.31380772590637207,0.09847528883852874,10.93406754074632,Gao,154,,,2.87,Gao_0154,cee0ade1adedac4f1c350e305dcd1e81a22bd11836bc2ff5390b807f3313e84e,79a9af327ea103eba28cd661ee4a5fbd1877d89cc8909ddb6038947c6ef598a9,9be27402d8c63fab6396827e7de984f270384e99c6de4f13f113e7509fe1ebac,4a438bbf8f06b20c3c4071fc35700375fe00e523d4604b8032978bd882d8bb59,0d73f7074413951eb9803af133f16b075ecbd4413725d52d7662db0a24d38f2d,712,352,66,829
871,2.509999990463257,2.55619215965271,0.046192169189453125,0.046192169189453125,0.0021337164944270626,1.8403254727075793,Gao,156,,,2.51,Gao_0156,cee0ade1adedac4f1c350e305dcd1e81a22bd11836bc2ff5390b807f3313e84e,79a9af327ea103eba28cd661ee4a5fbd1877d89cc8909ddb6038947c6ef598a9,9be27402d8c63fab6396827e7de984f270384e99c6de4f13f113e7509fe1ebac,4a438bbf8f06b20c3c4071fc35700375fe00e523d4604b8032978bd882d8bb59,0d73f7074413951eb9803af133f16b075ecbd4413725d52d7662db0a24d38f2d,712,352,66,829
873,1.0399999618530271,1.5219844579696655,0.4819844961166384,0.4819844961166384,0.23230905449680983,46.344664788050494,Gao,158,,,1.04,Gao_0158,1c8f708d8095b8b8f3a223fd4d592b04be16f5436fa320ef06cf3cf3aac06ec2,79a9af327ea103eba28cd661ee4a5fbd1877d89cc8909ddb6038947c6ef598a9,053aaab9baa88244292e0c09a1e056cbd5f8b84f8daf90e7519a132636bd6d4c,5bd839de61c20abc412a3bb5154e0cb975f5c49a9d0ed145ca426ce763871c87,1bd19e7b958cf23e503cd76deab6377d50def9b51365a1f2e8a6cccc0152382b,24,432,115,832
876,4.25,3.062471389770508,-1.1875286102294922,1.1875286102294922,1.4102242001135892,27.94184965245864,Gao,161,,,4.25,Gao_0161,555005dca41aa13c02860543e1c61c03ecdb013a7754a9af22a37fd792b42a4b,79a9af327ea103eba28cd661ee4a5fbd1877d89cc8909ddb6038947c6ef598a9,ed7a66caf8e0eb2ac01cf3959dcd1c69e9a7b79f1b0406f7fd5a5e8154ba3396,e4e4a1dc92e77fa5ee5e1290558c9079dbc5a10514a726b213d1a2d4d347a537,854c2918ce8b2c181f5d14ee1bd73100e5e833ffbedd7f6f0de4050689df7163,1118,1057,606,834
881,0.699999988079071,2.2328312397003174,1.5328312516212463,1.5328312516212463,2.3495716459467566,218.97589681788676,Gao,166,,,0.7,Gao_0166,907df83babdf5eea703f8f88a501fce5ee9a6ee8d2fe039802994e4c996b3e78,79a9af327ea103eba28cd661ee4a5fbd1877d89cc8909ddb6038947c6ef598a9,fa360cdbdb07938e265ae5014a86e164e13ed5a95272a280ccf74f45d548dd4c,e8c88a43b15863f357debf9abae66fee98efd7180d1d348c8e0e030e417ff9df,3ed6cfbc415ff064e36d4ffc5aeaa5e65455eead04b38a02aa30f63e18318f89,1167,1074,272,839
897,2.990000009536743,1.6618452072143557,-1.3281548023223875,1.3281548023223875,1.76399517893202,44.41989291258115,Gao,182,,,2.99,Gao_0182,124d475dd467620cec6ad6efea8e304920f6c9c57d13143ab3d0b5cf0e8797c0,662249b27f71717e6cd10bc40d9d82bd63bbfc14fed03ba60280ffb003a773e7,e2efc32537843b3bbfdeb0a13fab0028b89cf4f1772a03a6d795b988811fb749,58c456969597b5bc75cd47c53e03045e67fd3173b5be4f5408397020bca16032,b941d575955d044cc0513bc9f0b96c5cc6ce70dc5cb02a3388196ffc87314540,1073,420,858,854
899,1.1100000143051147,4.219746112823486,3.1097460985183716,3.1097460985183716,9.670520797250234,280.1573025623016,Gao,184,,,1.11,Gao_0184,4075d78f2f61dd2cb7acdb8e4a8f9473d226c03dd6bfe112725bf40245f02f54,79a9af327ea103eba28cd661ee4a5fbd1877d89cc8909ddb6038947c6ef598a9,f9cd854ee8fcc052b67e93d092d4207e83ee222c2be1916777716842cde91d4c,d1620e64f3f8f4de5b4003efc2f8ba3f4b727c4ff1e171dfc502101d98b09fcc,f6b8e22cc09539d092cde86ed5deeecc128a1c67eea8876eb0c6c5511ee09752,1164,969,1155,856
901,5.199999809265137,4.210001468658447,-0.9899983406066895,0.9899983406066895,0.9800967144039987,19.038430325377185,Gao,186,,,5.2,Gao_0186,91ae723a8c0799551ff13f3f3433652c8dae654c233417c031de0aef1e470643,79a9af327ea103eba28cd661ee4a5fbd1877d89cc8909ddb6038947c6ef598a9,e46576f4244600ef94856f88b24259182b936a9c6d4be2bf8319965c590159a1,c43b18447cde62a937236592643436180a1035f3737555ecb889a094299a1840,794d8b2d698b98375a8b16ba79e4cf9cdb914d10a679607053d39b188e24b5fc,1081,901,547,858
904,6.599999904632568,6.364383220672607,-0.23561668395996094,0.23561668395996094,0.055515221760288114,3.569949808553491,Gao,189,,,6.6,Gao_0189,88396f3ea512153dba9e47b29c009cdfdceac03900ac3a0a545fb8f3b09f7fb5,0200210bcf15d900163b083f37822f819e4cacf358747423834334ad050b737f,164b177b6e79bea4f320a7ad8608ee2acfe95080927a3a3651cfd51541d44b70,9476cf0bb11409650641023a10cfbc00236a3c23c53ecc031786e47fc740a44e,58b3743fb7d0a04a11b4d3cbe7f3f78d1bb29724b3a239edf116dd9aec928143,103,696,397,861
911,1.149999976158142,2.530256748199463,1.3802567720413208,1.3802567720413208,1.9051087567659266,120.02233049190212,Gao,196,,,1.15,Gao_0196,71d152cb857c17e5049fd3fc839e66d64d3fe7d701749be1effbbf5f9c606217,79a9af327ea103eba28cd661ee4a5fbd1877d89cc8909ddb6038947c6ef598a9,53e918b25dfbc20260a7991c62cbdbb0f823dd6c84e0e2571ab838d9ee341258,f68c6a475dec566c62334a2d60a2f325505db68f4bd24f48548fd20046371fb6,9d76b974a9bf50299a3bd8e2575a53032485ad25af89fc65e695162ce40c0a41,383,1147,717,868
915,3.009999990463257,3.8345699310302734,0.8245699405670166,0.8245699405670166,0.6799155868866933,27.394350271745694,Gao,200,,,3.01,Gao_0200,297fc6f93155e582f1f7e32b06822c30781f25a9994654498ab12b3513b5376f,79a9af327ea103eba28cd661ee4a5fbd1877d89cc8909ddb6038947c6ef598a9,7703b58fa7ffbe6f216a33b5ec1707b720b1641f41c8f9d8b1e1860f8b41be67,2371e84963bc38fbc00747e5a773b2cd830d0d56c82b9684418eb731e45b0552,b6283ffa294ddca185ef645f3093ce853c93ce1575d2e2478b2c92552dac54da,542,174,843,872
916,2.450000047683716,3.039029121398926,0.58902907371521,0.58902907371521,0.34695524968179825,24.042002540860807,Gao,201,,,2.45,Gao_0201,e1be0d1bc09dad5d00148f1d307c65da1f164661e70c9cfaaa03b191a20240b0,79a9af327ea103eba28cd661ee4a5fbd1877d89cc8909ddb6038947c6ef598a9,d1cdcb937e95e11fc7b5ad94d9df9b85a42ae6f2f5f000c9c98537ccab0e721d,672683cf2edf9b9785cf94910675e2967eb21d804d69b47334ba15faf86203a8,a6e9e2580ab6b05fc0f419972940922ca6584cb8f15c599f9843884bd5103b2c,999,494,769,873
917,0.8299999833106995,3.3657617568969727,2.535761773586273,2.535761773586273,6.430087772381402,305.5134728402813,Gao,202,,,0.83,Gao_0202,89eaea9e4e53ec04c8c2e8c217f23dfe4295d33ec0414b20fd6aa580ba44a123,79a9af327ea103eba28cd661ee4a5fbd1877d89cc8909ddb6038947c6ef598a9,94a978618b39832cf0dac4a46d88f798835b1bdd5778bd40093d2e2d4795db09,0a3486358f2246f0dfb316352ba56e70a96fdace288d7c04861350b7e2f8decf,063a0ba49c134ce0b28deb1bb52083530832442a5d92a4da96dc3df0c67a391a,678,52,27,874
926,6.010000228881836,4.445887088775635,-1.5641131401062012,1.5641131401062012,2.446449915052881,26.02517604890683,Gao,211,,,6.01,Gao_0211,54a5f59df902cef33e997fb7a72905e6514991bca5c6a9a66bbeb323a90bc729,79a9af327ea103eba28cd661ee4a5fbd1877d89cc8909ddb6038947c6ef598a9,3f136c6440a6d7e7e267ec5fb66ab6c990681eb6a18c81446ae564cd7b8fffd6,79acf90af40b1654acde3b76b8ba0598519ef368306d7c5141fa15aaac2dbed6,262d942daa6643125309676c9394ce8f9a9ac77cdaf1aa5fb7297ec6705d93d1,283,582,157,882
949,1.0199999809265137,1.6973167657852173,0.6773167848587036,0.6773167848587036,0.4587580270513314,66.40360760041045,Gao,234,,,1.02,Gao_0234,2de551292816eafdfeeee7b0aaffcdb2bdbdbdcfaab7e42b469f929347df39e1,79a9af327ea103eba28cd661ee4a5fbd1877d89cc8909ddb6038947c6ef598a9,81f6e823f14bafd77252e3c59cf7bcbf21409d6fa8166593e74942818a58c6b3,9e087c453c6bf882739d66da0ed8f1400ad5e220317b8be41b68d4abe92dad19,09323cdfeb62998d64c83ae9ec81f6a4aebccec9dc9b08e3e7bfd0595c07f957,593,736,44,902
959,3.009999990463257,4.07206916809082,1.0620691776275635,1.0620691776275635,1.127990938066489,35.28469039842438,Gao,244,,,3.01,Gao_0244,794e9e061e273c73ff7ad6cbd17cba865ca3b57c19e967a72372e004b27eb945,79a9af327ea103eba28cd661ee4a5fbd1877d89cc8909ddb6038947c6ef598a9,2d50d92059553feac060e1925f789a260abd07b2169c93119fa1050fd2105e5a,e3fe61c360390d05d804154a0ff06267641ffa5cb1473ace27e4223c6b9227a1,025064028f942b0e646d4b9b450c04ee25c07670bf323b0ecc536472500ba562,198,1050,12,912
965,5.730000019073486,3.438786268234253,-2.2912137508392334,2.2912137508392334,5.249660452034789,39.98627824105508,Gao,250,,,5.73,Gao_0250,bb20ea582c5faf364d5b9603be6a4413bac1e9c3bd663094920f9d72de034a14,79a9af327ea103eba28cd661ee4a5fbd1877d89cc8909ddb6038947c6ef598a9,865b36e508d215c2df540a3453dabace24b63860c51f2011b1586addbdbcb84b,f874e7f7392cbab0bd134f5489b644cfedb60ff56d85c9edad1b2f6034c296fa,61407a69c7f624f545edaeacc490e60880ff9cd4836810c5956d272779287468,616,1156,437,918
992,3.2100000381469727,4.814929008483887,1.604928970336914,1.604928970336914,2.575796999826707,49.99778664374679,Gao,277,,,3.21,Gao_0277,3056fff04d4498bb6cebfb48a97b2ec188d1adb404ba7cf573f42f44e21adb2b,79a9af327ea103eba28cd661ee4a5fbd1877d89cc8909ddb6038947c6ef598a9,35fbd6f9dfb7f3d8ecd56396a0d6e9454b1596d2c4020a1f58116b92ab1b380a,1e765628f9d8d8234987735404f90187f2e20ccb1e8a4fb34aea573bd21f7e9e,a32f41262ddc7deaf852d80f2b2377b1c907e005b8282152a6c8c884bb42f57a,237,151,744,944
994,7.630000114440918,5.284885406494141,-2.3451147079467773,2.3451147079467773,5.499562993428299,30.735447873825017,Gao,279,,,7.63,Gao_0279,1c742257e7fe70912d94cf4164ea081f01c4ed64ada13bfb7dca20640063338e,79a9af327ea103eba28cd661ee4a5fbd1877d89cc8909ddb6038947c6ef598a9,ccef8b78299fad02767b50bfb87466c4a1679f1f6ee8f0cdf332190fd18f9017,eeb3677cfd8ca7a6b1d71edae89be917b2bf48629ee42946ff1bd76688c3ac02,29565d825266e6210677dd1b33391988f8f0cc4590f527eb2db7953308a0b9f9,978,1110,176,811
995,4.96999979019165,5.074825286865234,0.10482549667358398,0.10482549667358398,0.010988384752863567,2.109165012048054,Gao,280,,,4.97,Gao_0280,7b5c7533890c45416746363462dbe72491f3567507b2f45e258e02697d55e3fc,79a9af327ea103eba28cd661ee4a5fbd1877d89cc8909ddb6038947c6ef598a9,878ee8d9ffa1659e4cbfa95d4b7cf0d3860f0638f7b3171317099395908ae1e6,200c59a229538ee2582d0e9e4c504ff7a66a1b99ed65e86e2bf57d34b03fffa5,f72fdbe50cf701854f21dcb28757caf572fa889770bac9950e0077128ec4e8e9,621,153,1156,946
1002,5.099999904632568,4.875185489654541,-0.22481441497802734,0.22481441497802734,0.050541521181912685,4.408125866312623,Gao,287,,,5.1,Gao_0287,9ff94dcfd4573344a1ba9c635409277df70d857158080c9bcb0b115492562190,79a9af327ea103eba28cd661ee4a5fbd1877d89cc8909ddb6038947c6ef598a9,789a39088cc504e80f2a836a99bf6a2d2f44bcb9730a05c7901f636a99f90bd2,ddb2d8b61ddb4ec7cca9aa23137e52ebc6497720ad31c50dbae66ccc06b940d6,41e8a4e3fa7c68e198c8532feb961bd10455e5b3c1021ddb59fcf49b3b338671,554,1017,289,953
1011,5.199999809265137,6.745172500610352,1.5451726913452148,1.5451726913452148,2.3875586460790146,29.714860538881027,Gao,296,,,5.2,Gao_0296,450932e86bf1da0e1f7bccd85fcf12b0ff8384e7447e40c6c077a961cb0ddd5c,0200210bcf15d900163b083f37822f819e4cacf358747423834334ad050b737f,e268403764d3c0975902120330ffc574cddc2647fef694bc64384c470f6c137e,f2d21503596409dda6e945da0acdedaf88433903c27d96685920e7a78643d04f,28c1fb75437e05537587378b0dc21f1055c1ac4ae2170e6624007d219aedebd0,1072,1130,174,957
1021,0.270000010728836,0.9743474721908568,0.7043474614620209,0.7043474614620209,0.496105346467993,260.8694198050995,Gao,306,,,0.27,Gao_0306,36be1566525e31fcf85cedfe055b7e2ddf1c34aec3e5467504a8bbd63dc73908,0200210bcf15d900163b083f37822f819e4cacf358747423834334ad050b737f,f8bfcfe81ce6be70d57217bed838a8abc2e92cc3a1e5245441e64001654bb737,d5b0f78bc738f2890166368f0361e7672f7b2a996a0fd53280ece2fe8adb5351,06593e436bdc7add2672e7e659f324d411e73d9211000953b49184278d52e5c7,1157,991,29,967
1030,6.329999923706055,4.744483470916748,-1.5855164527893066,1.5855164527893066,2.5138624220655856,25.047653584504737,Gao,315,,,6.33,Gao_0315,80ddad8b5f123822406dde619b434cf58dae85210d7d29977e0a7d0b22a873bb,79a9af327ea103eba28cd661ee4a5fbd1877d89cc8909ddb6038947c6ef598a9,aa91d502c6af30a01da990efcdb03165378873605e86dbba0f19730f05f3c3de,304a8fc706548f007942520c5efc069b867887f0e236765967fdc02f74877d75,86a22df0c6f3efc73995436b96155f69d1d59c5f696608d9f327250723549811,790,243,610,976
1033,6.849999904632568,4.823890209197998,-2.0261096954345703,2.0261096954345703,4.105120497933967,29.578244140767623,Gao,318,,,6.85,Gao_0318,49300ea87acb9671c768eaa3a303d2cfb3bfcdd0bcbf8e535fbbf9d21b627ed5,79a9af327ea103eba28cd661ee4a5fbd1877d89cc8909ddb6038947c6ef598a9,af4c8c0e4d3e9d4ae1122f9709f15ef726f7de540c53d85d9c0c2d8a13713537,5c8a02a3025f5f7c9463465e5f85eb625525cd8e2a62d5eb7a1c2eca27b7605a,6fd3b45b13f5ca65a9a4bf70a060fcbd02c53f5760f78931eee1253bb385afa7,813,436,507,979
1035,3.369999885559082,2.84452748298645,-0.5254724025726318,0.5254724025726318,0.27612124586545406,15.59265342483702,Gao,320,,,3.37,Gao_0320,e7d661de70177d86b50b57163ccc57c253849400145b150c41ca197ccfa5c435,0200210bcf15d900163b083f37822f819e4cacf358747423834334ad050b737f,900557818cd61d08fd597fc0b24671a5b76af8c872b8ec940be22506a2d24e9f,82727d506a864cf1eea5ea544e2758b7221692b34b6bb45ed4273382ca5f9618,809d1989b87499e27a23c18b56f4788d6889c2a6811d7e7f8b496d25c2c2b09c,662,620,580,981
1053,3.660000085830689,3.53348708152771,-0.12651300430297896,0.12651300430297896,0.01600554025776557,3.456639380768349,Gao,338,,,3.66,Gao_0338,b9dbdf3c4e3638807ae49b062390af089cfc16012f44a63b7e40d1fd896dc439,0200210bcf15d900163b083f37822f819e4cacf358747423834334ad050b737f,11b99517d5ad01d252182f6fa988909c6b861ebd5c11edf65081d41ea97417c0,5b99abb4cdbfa6ee9de8d7007f5ccf125f47557470bbf9fc9400de3453f9ef83,d280c881bf716b33d79fbdbbf24ac612e7fa357659b360c4edf0f19db566f414,77,430,957,997
1055,3.7300000190734863,3.292189359664917,-0.43781065940856934,0.43781065940856934,0.1916781734917663,11.737551130557886,Gao,340,,,3.73,Gao_0340,d4fa0da7ee8e40cffcf8d3cf58b5b079c634ca013f1578675ef6d01ea87f6ad6,0200210bcf15d900163b083f37822f819e4cacf358747423834334ad050b737f,6491c15bbde8969c4ffd1de96bf19b34e770ee7587604a55d6be5ddf2e8a846d,79e7ddabe8acb87aa51ef4ede4d4bd1a3b5624b924e058a9df33bdff17a0e911,95117467ac979a561fc7ad725f81f31e0329a41427fd2154e022ae77153286a4,454,583,679,999
1059,0.959999978542328,3.755204916000366,2.7952049374580383,2.7952049374580383,7.813170642389796,291.1671874933061,Gao,344,,,0.96,Gao_0344,b62559473f5485f5dd53fb1ef334fa3fb565c1aef7fad57f315dac2882deafb0,0200210bcf15d900163b083f37822f819e4cacf358747423834334ad050b737f,aa1090168526d9d382795bef028450c5f3517b95e013a82e5f5b5ad45587e2c3,adc0102361a6d936f54d830a41c9744ac508d4b4cca7ca9aad1e80c137b9111b,0df3d26a7bc6fbfa4f48045f1be173c10153ab4b459e7a62eb134fa85e75bf29,786,793,68,1003
1077,7.300000190734863,3.897051334381104,-3.4029488563537593,3.4029488563537593,11.580060918959358,46.61573654029175,Gao,362,,,7.3,Gao_0362,07d48aa15cbecfc609164455e0727b6bc037c322c803f4d9392fe12fabca4ad2,0200210bcf15d900163b083f37822f819e4cacf358747423834334ad050b737f,3aa8505d7005fc4397d271173b6c1cc2e3583dc7e73e98f2bd60cea00904114c,27cf2f3f5e4f642cfb5a68806f4d5c2b4487e08229bce97e0214b55412cd5c11,8fe44c510f8ad49e3277143de52d638560f8064811733ac2d59cd67463e25b2c,261,197,645,1020
1088,1.2999999523162842,2.127355098724365,0.8273551464080806,0.8273551464080806,0.6845165382879365,63.64270590425289,Gao,373,,,1.3,Gao_0373,26e29b89ebfee4fd71656c3da19abb9eae0e3acdb4b12d77d6a63ce17b45fb44,79a9af327ea103eba28cd661ee4a5fbd1877d89cc8909ddb6038947c6ef598a9,14ad23bd47d3a75bf1a4b64682c1d8d09e2fd46174abc2816486727b7fab625b,c969c649d03aadea06c966941806f48fff1fc69824512e96c8fd48f518a28f6f,78dcbfcd5f9c417b2226575bddb67449ad32d618783ef44b1c4eac102a2ce895,95,923,546,1031
1097,0.0399999991059303,0.6618816256523132,0.6218816265463829,0.6218816265463829,0.38673675743597485,1554.704101116303,Gao,382,,,0.04,Gao_0382,36e29334fae21893e934b8d7b7ecfca378aa3972942d5bc6d1f7e1c9b8106fd5,0200210bcf15d900163b083f37822f819e4cacf358747423834334ad050b737f,68d2c2cecebf5bbd08560566e6a6f5bbd3665b986bb6f17f48576bb3d4c83eeb,ba8c7a07e97539637d7219d66775bb2fb80255de26ecbe8c99be3b8a37e3bb74,4c87533d71710f69d308f1c53305979b26dd8f27e3077d0656139150b66acb41,472,854,333,1040
1099,0.4199999868869781,0.5003626346588135,0.08036264777183538,0.08036264777183538,0.006458155156900078,19.1339643525896,Gao,384,,,0.42,Gao_0384,9f5315600bd783579316731c5b09ea26d88ef7b93c33fb5f7258a9e5a9127acf,0200210bcf15d900163b083f37822f819e4cacf358747423834334ad050b737f,c452438830045f9656917f0e33440a395030725044287c95454a6b38d3854e90,1388720ec9e9c03d3faf51e9c3eec93a0d882dcf856469f9f32f7b8aad9716ae,0c568a946cf062c6ba57f2cdb35817525e7595b92fff540e191379e44cbe9fb8,941,94,61,1042
1111,6.420000076293945,5.224361419677734,-1.195638656616211,1.195638656616211,1.4295517971950176,18.623654866160276,Gao,396,,,6.42,Gao_0396,b96b01c477161db9710996f909dfa67e3977b982843539adfbeec6dc067bd1fa,0200210bcf15d900163b083f37822f819e4cacf358747423834334ad050b737f,b272e54d513facb74876a8430725783cb930054fe584b8050b9f323df7685d2c,454d223bc2fd5896bf6c45b008ec650216f8f84b1a84cc04fe9cf1317e40d85c,e4d5bb7459077f7dcd2f7df7a73a139bb86372eb175b0bf507e04b942fb07afe,829,332,1062,1054
1137,1.8200000524520876,5.0504913330078125,3.230491280555725,3.230491280555725,10.436073913746569,177.49951579414963,Gao,422,,,1.82,Gao_0422,97bec8f09b20f18b297818d0cead334579ff7b6113ac1905ab6b270293d079fc,79a9af327ea103eba28cd661ee4a5fbd1877d89cc8909ddb6038947c6ef598a9,71a3858913f878c4ff50f93ff4bd82d24e8b005ed8e40c1f701116015cc15e5e,1a1fb7f06b07afcf63b25b5b7dbc2c5a70e7880b5a39024cd23670d0923a20d3,b4c6071e6d4a317610c3363d02949797574b8d5cd445fa0c33a65dfe46a763e3,515,133,835,1080
1144,5.449999809265137,6.158705711364746,0.7087059020996094,0.7087059020996094,0.5022640556708211,13.003778475272448,Gao,429,,,5.45,Gao_0429,bef567d806e1ebb61f149ee63bc8493fca8b29513f8968f2edbd1a1563d165b8,79a9af327ea103eba28cd661ee4a5fbd1877d89cc8909ddb6038947c6ef598a9,78385a29c486a34b66d729989902584d7496d1a07645319db6e8594f697da290,fc587dc7339b9f4e309928b35121b064d758dab3dc30a2caf3a52f47bd3cc4a9,7111e4d1ba93ae22e2dac72e87c6acd3f812a93c861566e9462b10e78c44995f,551,1171,512,1087
1152,0.4799999892711639,0.3310609459877014,-0.14893904328346247,0.14893904328346247,0.022182838614193106,31.02896804427283,Gao,437,,,0.48,Gao_0437,72495b8daebf8c340ae2d29e24c06a20372c44192c6a78893d2251a053a71dbe,0200210bcf15d900163b083f37822f819e4cacf358747423834334ad050b737f,a398776910af2be153bdf61d54e448e2c5246c279e166c9e6caca04e12d87db7,a1f47fbc1c7dd10cdac8310e74a19538576768c3787f2b2d9242e3193585d8ad,f6a0c622f46339e41e83d624e9a9fe275b00ec70aa5c6cffa4f9a367dd6ceffd,758,757,1154,1095
1153,0.4000000059604645,0.9913536906242372,0.5913536846637727,0.5913536846637727,0.3496991803654207,147.83841896297906,Gao,438,,,0.4,Gao_0438,f389daf6b0c476cb3666b723eba275ca5e6aca4608b5200408c21b5231d4d783,0200210bcf15d900163b083f37822f819e4cacf358747423834334ad050b737f,5dfc9a019aab23664a6148dd91a7718c5dbb2d77da6d01b8646ac3142d1732b1,8814a6c1973bfd587126990565e38990c85ec12b8b1f88bd831b06b3fa555fb5,6574054c0d4e9dfed20849eaff582b96f3ac386578493f15c9fda891027470ed,421,639,460,1096
1154,2.640000104904175,0.7827954292297363,-1.8572046756744385,1.8572046756744385,3.449209207346996,70.34865916196054,Gao,439,,,2.64,Gao_0439,9f82ebbb1abc9d5e183db8f8c739e564a16b8224708ea136ba19fd63273bda07,0200210bcf15d900163b083f37822f819e4cacf358747423834334ad050b737f,b4171d8a23a60530c4129e7931e96f539ef167008d072c33a3a9056bed9052a4,1735a26c530b48c3b6becd6dbfb7a1d642c813a5516e5d7bb248ee121f0210d3,ed85784ec49a7e9939b002f0e388b15595fffd8d2b834af93163de7168ae15fc,839,115,1115,1097
1164,9.869999885559082,8.651195526123047,-1.2188043594360352,1.2188043594360352,1.485484066580284,12.348575213453476,Gao,449,,,9.87,Gao_0449,501b2aab8fd6715163223f46a3f4f1a7cc32504ae79df6ba6e164c2e875c4bc1,79a9af327ea103eba28cd661ee4a5fbd1877d89cc8909ddb6038947c6ef598a9,7ea90e1ac41f5379dc1c2faf632448165b3a862103eb7a86698ec301f36b8a99,e1792afd112804ec7a01ac59e9d7e15834bc61e69df4818b37bb921c79dc08fe,f75cf98b5a756e28f0d9c5161b25123a3116163fca237b9eb081130ae25116c1,579,1039,1158,1105
1180,2.450000047683716,3.2759664058685303,0.8259663581848145,0.8259663581848145,0.6822204248530852,33.712911922826336,Gao,465,,,2.45,Gao_0465,cf2789b080781e73794e48d9bc0c0922fdab74cd01afb31ffddd501c768e8afc,79a9af327ea103eba28cd661ee4a5fbd1877d89cc8909ddb6038947c6ef598a9,50b23b6d941d3bfc187e907c51f07718a39aa4c3ee3343956872abdf908764c9,ddc77971537931ac0d13ae948229a0301a3c80089dbc1b2fb1cfa2ce1dd9f431,68cfa0fcd845d44158e68a3a7337175488f2f76fb7fca550350aea6e81aa056f,373,1018,474,1121
1189,1.3300000429153442,1.2885154485702517,-0.04148459434509255,0.04148459434509255,0.0017209715679768849,3.119142331315931,Gao,474,,,1.33,Gao_0474,1e9718515d7d38d0ed078c0549e7f56cc362edbd2786b42b5a2a440ac967b715,0200210bcf15d900163b083f37822f819e4cacf358747423834334ad050b737f,14aff9fca0d00ec10457e70c18b83caa3c87528fc48bdf2175e043b68c5f1eac,226a9f11ff9890d28d73e77fe8e084041f607b95c9471d445a3d9d075df10517,7eb2bfb1ef19c112a0ebe583c614a29b3b3b03d8c5c9bf72aaa1671621dc62bd,96,166,575,1129
1198,4.800000190734863,7.602700233459473,2.8027000427246094,2.8027000427246094,7.855127529488527,58.38958190323583,Gao,483,,,4.8,Gao_0483,c7a19bffe9edcff1fbaa501122071159dff5d590447bf69ca5d6ae9f0bfb5893,0cc00e1ba2d95fe8288dc072edf395ee6fc3678daa4e12f6703c7be7d2c5a409,72c780f2722b8c117a63fab5d1c4633b65af87d131d182262dbbd006f5030102,fc53d2d75ce765fe1a33066925a8eff8f71eb320c6b009bef5a38da0a9704b39,1c9a002e2dc61dec9e2abab4675459eb4e17836ca3b4a12afc12ba1722c213f9,518,1170,121,1138
1202,5.699999809265137,6.55132532119751,0.851325511932373,0.851325511932373,0.724755127266917,14.935535796835907,Gao,487,,,5.7,Gao_0487,32245f0414851f94ac3ee66c9e22fb9fdff876e056c6f6351fffe4137e987d99,79a9af327ea103eba28cd661ee4a5fbd1877d89cc8909ddb6038947c6ef598a9,3ec17df4b8f18ca8d934b91724f97447af12da636851f3b6b5c99ddf635bf3e0,2cf4b4aca282883c61a9f138dc473f3cf03e30d59810f55a2c1d6c15d63d39ca,c3b2ddd13ad90ed0ce160354fbee66088fb061bb102ee3e50ccacde66782911a,280,215,900,1142
1203,6.699999809265137,6.356842994689941,-0.3431568145751953,0.3431568145751953,0.11775659938939498,5.121743646927554,Gao,488,,,6.7,Gao_0488,735a6167a2956d6bf867f465195103ec2bd4f324fce7482eb803bfdf9de718c8,79a9af327ea103eba28cd661ee4a5fbd1877d89cc8909ddb6038947c6ef598a9,94c1b0f6adda2831a1bea79479159d4d4b593e7a2844ff8087e367586c204acf,54fcf8fd95f29fc4d0298bfc0a88eca554e31133afefb218f1621d1f77119605,2b53a9c00cef3923b9161a6c0bec47672e3d10fd6401a0194f20b0af76efc17d,679,405,189,1143
1204,5.0,6.356842994689941,1.3568429946899414,1.3568429946899414,1.8410229122391684,27.136859893798825,Gao,489,,,5.0,Gao_0489,735a6167a2956d6bf867f465195103ec2bd4f324fce7482eb803bfdf9de718c8,79a9af327ea103eba28cd661ee4a5fbd1877d89cc8909ddb6038947c6ef598a9,94c1b0f6adda2831a1bea79479159d4d4b593e7a2844ff8087e367586c204acf,54fcf8fd95f29fc4d0298bfc0a88eca554e31133afefb218f1621d1f77119605,2b53a9c00cef3923b9161a6c0bec47672e3d10fd6401a0194f20b0af76efc17d,679,405,189,1143
1205,8.449999809265137,5.134418487548828,-3.3155813217163086,3.3155813217163086,10.993079500914064,39.23764966338681,Gao,490,,,8.45,Gao_0490,274147d0bca93f698c7bbe368e79d8748d3a3157e38156b7a1fd80706786a99e,0200210bcf15d900163b083f37822f819e4cacf358747423834334ad050b737f,cf01f7985ee039a3456ec3f70ea0d5e09ab36b1b8f370d1847a0c9da28bdccc2,e0f5ca1578252e4cf16a165bc54fe1227743fcf01a63ea932054b9ee25030706,bacd1bc7fdd71acc5f0bac7d6bf7b2d8df07d7bdc9bb2bcc68eaf361ef850079,986,1035,866,1144
1208,0.699999988079071,0.7612460851669312,0.06124609708786011,0.06124609708786011,0.0037510844084955863,8.749442590124993,Gao,493,,,0.7,Gao_0493,ccbb23796b570cbb263bab2b0414d43c86258ea155439cd9f5f6359f2f46d3c8,0200210bcf15d900163b083f37822f819e4cacf358747423834334ad050b737f,da43aacfd0b0dafb8213ea3767436122270318f77754330f200a50ee4482908a,cf72d9b8407557e1a56b8d6dcef5c473ea0923ea8d98b715b5aeb5389bf885a3,2ead352c7c40371b7b397cc9744a199efcbdc22d8bdb3438e69bf2aeee156acc,1033,954,211,1147
1230,5.429999828338623,3.1189723014831543,-2.3110275268554688,2.3110275268554688,5.340848229883704,42.56036095608049,Gao,515,,,5.43,Gao_0515,2e8ab46fb5e6474ad16953895e5537bd6d8c70e984edb2fbf06810f9ca0bcaf5,79a9af327ea103eba28cd661ee4a5fbd1877d89cc8909ddb6038947c6ef598a9,cb7993b2c77577af905563cb3efd22a61d3676b1ae461ed11c579d2020b0064a,f017a1832035af63580099ddaa2e9f34c3dd4ceee5f36a8c948dfa71cbbb482a,076e286793f85df124e0932eaf2308aa5ff8d1b9ba43579bbba9c44c7ad0184e,968,1115,36,1169
1238,0.3899999856948852,1.2597461938858032,0.869746208190918,0.869746208190918,0.7564584666624796,223.0118564341077,Gao,523,,,0.39,Gao_0523,14a93b9dbbf9ff4ce38a4e8d15be3234d9b0d9317f4c645c663bb650638e26b0,79a9af327ea103eba28cd661ee4a5fbd1877d89cc8909ddb6038947c6ef598a9,3eb6f8b61b36f90d7b0628fbbd81dbe6f59a168201d0804ff1a9273ac004eb42,32de52d88c7577fb2db3c76ce8ce4113c09861975828a768119d652f33bb368b,be382325e8795c6f8654e505518e9233fde40bb4f42572f80bb3ef9489cd8a74,279,261,879,1177
1239,0.5299999713897705,0.7931193709373474,0.2631193995475769,0.2631193995475769,0.06923181841827741,49.64517240588201,Gao,524,,,0.53,Gao_0524,69ff3b3ba0b53c430e74af1c6942dd5319ec254064440723fa27a4dc0e5dd195,79a9af327ea103eba28cd661ee4a5fbd1877d89cc8909ddb6038947c6ef598a9,18383e1a7d7bb0afe2f0d7011ae3742623b958ed0d7cbcf7fa6909e879fd0752,9d8f3fb80339803d4722485e5246b9c8126b930788696f27792c4b747fa89b97,4db3087c616a5f0655599b321113c6ccee70307cc7bd6560fe9e193ebdc6acba,115,734,342,1178
