Donor,Donor_SMILES,Acceptor,Acceptor_SMILES,PCE(%),JSC(mA/cm2 ),FF,Voc
TTFQz-T1,CC1=CC=C(S1)C2=C(C(F)=C(C3=NC(C4=CC(F)=C(S4)CC(CC)CC)=C(N=C23)C5=CC(F)=C(S5)CC(CC)CC)C6=CC=C(S6)C7=CC8=C(C9=C(C(C%10=CC=C(S%10)CC(CC)CC)=C8S7)C=C(C)S9)C%11=CC=C(S%11)CC(CC)CC)F,Y5,O=C(C1=CC=CC=C1C/2=C(C#N)/C#N)C2=C/C3=C(C4=CC=C(CCCCCC)C=C4)C5=C(S3)C6=C(S5)C(C7=NSN=C7C8=C9N(C%10=CC=C(CCCCCC)C=C%10)C%11=C8SC%12=C%11SC(/C=C%13C(C%14=CC=CC=C%14C\%13=C(C#N)\C#N)=O)=C%12C%15=CC=C(CCCCCC)C=C%15)=C9N6C%16=CC=C(CCCCCC)C=C%16,13.1,21.2,0.696,0.89
TTFQx-T2,FC(C(F)=C(C1=NC(C2=CC(F)=C(S2)CC(CCCC)CC)=C(N=C31)C4=CC(F)=C(S4)CC(CCCC)CC)C5=CC=C(S5)C6=CC7=C(C8=C(C(C9=CC=C(S9)CC(CCCC)CCCC)=C7S6)C=C(S8)[*])C%10=CC=C(S%10)CC(CCCC)CCCC)=C3C%11=CC=CS%11,ITIC,c12cc3c(cc1C(c1c2sc2c1sc(c2)/C=C\1/C(=C(C#N)C#N)c2c(C1=O)cccc2)(c1ccc(cc1)CCCCCC)c1ccc(cc1)CCCCCC)c1c(C3(c2ccc(cc2)CCCCCC)c2ccc(cc2)CCCCCC)c2c(s1)cc(s2)/C=C\1/C(=C(C#N)C#N)c2c(C1=O)cccc2,7.22,13.75,0.561,0.94
TTFQx-T1,FC(C(F)=C(C1=NC(C2=CC(F)=C(S2)CC(CCCC)CC)=C(N=C31)C4=CC(F)=C(S4)CC(CCCC)CC)C5=CC=C(S5)C6=CC7=C(C8=C(C(C9=CC=C(S9)CC(CCCC)CC)=C7S6)C=C(C)S8)C%10=CC=C(S%10)CC(CCCC)CC)=C3C%11=CC=C(C)S%11,ITIC,c12cc3c(cc1C(c1c2sc2c1sc(c2)/C=C\1/C(=C(C#N)C#N)c2c(C1=O)cccc2)(c1ccc(cc1)CCCCCC)c1ccc(cc1)CCCCCC)c1c(C3(c2ccc(cc2)CCCCCC)c2ccc(cc2)CCCCCC)c2c(s1)cc(s2)/C=C\1/C(=C(C#N)C#N)c2c(C1=O)cccc2,10.52,16.88,0.692,0.9
TP,CC(SC1=C(C2=C3SC(C4=CC5C(C=C(C6=C7C(C(N(CC(CCCCCCCC)CCCCCCCCCC)C7=O)=O)=C(C8=CC(SC(C(SC9=C(C%10=C%11SC(C%12=C%13C(C(F)=C(C(OCC(CC)CCCC)=O)S%13)=C(C)S%12)=C%10)C%14=CC=C(CC(CCCC)CC)S%14)=CC9=C%11C%15=CC=C(CC(CCCC)CC)S%15)=C%16)C%16S8)N6CCCCCCCC)S5)S4)=C2)C%17=CC=C(CC(CCCC)CC)S%17)=CC1=C3C%18=CC=C(CC(CCCC)CC)S%18,ITIC,c12cc3c(cc1C(c1c2sc2c1sc(c2)/C=C\1/C(=C(C#N)C#N)c2c(C1=O)cccc2)(c1ccc(cc1)CCCCCC)c1ccc(cc1)CCCCCC)c1c(C3(c2ccc(cc2)CCCCCC)c2ccc(cc2)CCCCCC)c2c(s1)cc(s2)/C=C\1/C(=C(C#N)C#N)c2c(C1=O)cccc2,8.18,15.31,0.6,0.89
TP,CC(SC1=C(C2=C3SC(C4=CC5C(C=C(C6=C7C(C(N(CC(CCCCCCCC)CCCCCCCCCC)C7=O)=O)=C(C8=CC(SC(C(SC9=C(C%10=C%11SC(C%12=C%13C(C(F)=C(C(OCC(CC)CCCC)=O)S%13)=C(C)S%12)=C%10)C%14=CC=C(CC(CCCC)CC)S%14)=CC9=C%11C%15=CC=C(CC(CCCC)CC)S%15)=C%16)C%16S8)N6CCCCCCCC)S5)S4)=C2)C%17=CC=C(CC(CCCC)CC)S%17)=CC1=C3C%18=CC=C(CC(CCCC)CC)S%18,IEICO-4F,FC1=CC2=C(C(/C(C2=O)=C/C3=CC(OCC(CC)CCCC)=C(S3)C4=CC5=C(S4)C6=CC(C7(C8=CC=C(CCCCCC)C=C8)C9=CC=C(CCCCCC)C=C9)=C(C%10=C7C=C(S%10)C%11=C(OCC(CC)CCCC)C=C(S%11)/C=C(/C(C%12=C%13C=C(F)C(F)=C%12)=C(C#N)\C#N)C%13=O)C=C6C5(C%14=CC=C(CCCCCC)C=C%14)C%15=CC=C(CCCCCC)C=C%15)=C(C#N)/C#N)C=C1F,8.73,21.44,0.55,0.74
TE2-BTDF-(T2),O=C(OC1=CC=C(CCCCCC)C=C1)C2=C(C)SC(C(S3)=CC(C(OC4=CC=C(CCCCCC)C=C4)=O)=C3C(S5)=CC=C5C(C6=NSN=C6C(C(S7)=CC=C7C)=C8F)=C8F)=C2,ITIC,c12cc3c(cc1C(c1c2sc2c1sc(c2)/C=C\1/C(=C(C#N)C#N)c2c(C1=O)cccc2)(c1ccc(cc1)CCCCCC)c1ccc(cc1)CCCCCC)c1c(C3(c2ccc(cc2)CCCCCC)c2ccc(cc2)CCCCCC)c2c(s1)cc(s2)/C=C\1/C(=C(C#N)C#N)c2c(C1=O)cccc2,2.3,4.4,0.55,1.0
TE2-BTDF-(T2),O=C(OC1=CC=C(CCCCCC)C=C1)C2=C(C)SC(C(S3)=CC(C(OC4=CC=C(CCCCCC)C=C4)=O)=C3C(S5)=CC=C5C(C6=NSN=C6C(C(S7)=CC=C7C)=C8F)=C8F)=C2,ITIC-4F,c1(cc2c(cc1F)C(=C(C#N)C#N)/C(=C\c1sc3c(c1)sc1c3C(c3c1cc1c(c3)c3c(C1(c1ccc(cc1)CCCCCC)c1ccc(cc1)CCCCCC)c1c(s3)cc(s1)/C=C/1\C(=C(C#N)C#N)c3c(C1=O)cc(c(c3)F)F)(c1ccc(cc1)CCCCCC)c1ccc(cc1)CCCCCC)/C2=O)F,6.69,11.1,0.7,0.86
T2-BTDF-(TE2),CC(SC(C1=C(F)C(F)=C(C2=CC(C(OC3=CC=C(CCCCCC)C=C3)=O)=C(C4=CC=C(C5=CC=C(C)S5)S4)S2)C6=NSN=C16)=C7)=C7C(OC8=CC=C(CCCCCC)C=C8)=O,ITIC,c12cc3c(cc1C(c1c2sc2c1sc(c2)/C=C\1/C(=C(C#N)C#N)c2c(C1=O)cccc2)(c1ccc(cc1)CCCCCC)c1ccc(cc1)CCCCCC)c1c(C3(c2ccc(cc2)CCCCCC)c2ccc(cc2)CCCCCC)c2c(s1)cc(s2)/C=C\1/C(=C(C#N)C#N)c2c(C1=O)cccc2,2.93,5.8,0.52,0.98
T2-BTDF-(TE2),CC(SC(C1=C(F)C(F)=C(C2=CC(C(OC3=CC=C(CCCCCC)C=C3)=O)=C(C4=CC=C(C5=CC=C(C)S5)S4)S2)C6=NSN=C16)=C7)=C7C(OC8=CC=C(CCCCCC)C=C8)=O,ITIC-4F,c1(cc2c(cc1F)C(=C(C#N)C#N)/C(=C\c1sc3c(c1)sc1c3C(c3c1cc1c(c3)c3c(C1(c1ccc(cc1)CCCCCC)c1ccc(cc1)CCCCCC)c1c(s3)cc(s1)/C=C/1\C(=C(C#N)C#N)c3c(C1=O)cc(c(c3)F)F)(c1ccc(cc1)CCCCCC)c1ccc(cc1)CCCCCC)/C2=O)F,3.61,6.7,0.68,0.8
PzNDT-TT-BDD,CC1=C(C2=C(S1)C=C(C3=C(C4=C(S3)C5=CC6=C(C(CCCCCCCC)=C(S6)C7=CC8=C(C9=CC=C(SCC(CC)CCCC)S9)C=C%10C%11=C(C=C(S%11)C)C(C%12=CC=C(SCC(CC)CCCC)S%12)=CC%10=C8S7)S5)C(C%13=C(CC(CCCC)CC)SC(CC(CC)CCCC)=C%13C4=O)=O)S2)CCCCCCCC,IDIC,N#C/C(C#N)=C(C1=CC=CC=C1C2=O)/C2=C/C3=CC4=C(C5=C(C=C6C(C(CCCCCC)(CCCCCC)C7=C6SC(/C=C8/C(C9=CC=CC=C9C8=O)=C(C#N)/C#N)=C7)=C5)C4(CCCCCC)CCCCCC)S3,8.12,15.15,0.597,0.907
PzNDT-T-BDD,CC1=CC2=C(C3=CC=C(SCC(CC)CCCC)S3)C=C4C5=C(C=C(S5)C6=C(C=C(S6)C7=C(C8=C(S7)C9=CC(CCCCCCCC)=C([*])S9)C(C%10=C(CC(CC)CCCC)SC(CC(CC)CCCC)=C%10C8=O)=O)CCCCCCCC)C(C%11=CC=C(SCC(CC)CCCC)S%11)=CC4=C2S1,IDIC,N#C/C(C#N)=C(C1=CC=CC=C1C2=O)/C2=C/C3=CC4=C(C5=C(C=C6C(C(CCCCCC)(CCCCCC)C7=C6SC(/C=C8/C(C9=CC=CC=C9C8=O)=C(C#N)/C#N)=C7)=C5)C4(CCCCCC)CCCCCC)S3,9.72,15.65,0.711,0.875
PzNDTP-T-BDD,CC1=C(CCCCCCCC)C=C(C2=C(C(C3=C(CC(CCCC)CC)SC(CC(C)CCCC)=C34)=O)C(C4=O)=C(C5=CC(CCCCCCCC)=C(S5)C6=CC7=C(S6)C8=C(C=C7C9=CC=C(SCC(CC)CCCC)C=C9)C%10=C(C=C(C)S%10)C(C%11=CC=C(SCC(CCCC)C)C=C%11)=C8)S2)S1,IDIC,N#C/C(C#N)=C(C1=CC=CC=C1C2=O)/C2=C/C3=CC4=C(C5=C(C=C6C(C(CCCCCC)(CCCCCC)C7=C6SC(/C=C8/C(C9=CC=CC=C9C8=O)=C(C#N)/C#N)=C7)=C5)C4(CCCCCC)CCCCCC)S3,4.62,10.63,0.469,0.925
PY2,CC(S1)=CC=C1C(C2=C(C(C3=CC=C(S3)C)=C4S5)C=C(C)S2)=C4C=C5C(S6)=CC=C6C(C7=NN(N=C87)C)=CC=C8C9=CC=C(C)S9,ITIC,c12cc3c(cc1C(c1c2sc2c1sc(c2)/C=C\1/C(=C(C#N)C#N)c2c(C1=O)cccc2)(c1ccc(cc1)CCCCCC)c1ccc(cc1)CCCCCC)c1c(C3(c2ccc(cc2)CCCCCC)c2ccc(cc2)CCCCCC)c2c(s1)cc(s2)/C=C\1/C(=C(C#N)C#N)c2c(C1=O)cccc2,7.39,14.54,0.66,0.77
PY1,CC1=CC2=C(C3=C(C(C4=CC=C(S4)C)=C2S1)C=C(C5=CC6=C(S5)C7=C(C=C(S7)C)C8=NN(C)N=C68)S3)C9=CC=C(S9)C,ITIC,c12cc3c(cc1C(c1c2sc2c1sc(c2)/C=C\1/C(=C(C#N)C#N)c2c(C1=O)cccc2)(c1ccc(cc1)CCCCCC)c1ccc(cc1)CCCCCC)c1c(C3(c2ccc(cc2)CCCCCC)c2ccc(cc2)CCCCCC)c2c(s1)cc(s2)/C=C\1/C(=C(C#N)C#N)c2c(C1=O)cccc2,12.49,18.46,0.72,0.94
PvBDTTAZ,CC1=CC=C(C(C2=NN(N=C2C(C3=CC=C(C4=C(C=C(S4)C5=C6C(C=CS6)=C(C7=CC(CC(CCCCCCCCCC)CCCCCCCCCCCC)=C(S7)C)C8=C5C=CS8)CC(CCCCCCCCCCCC)CCCCCCCCCC)S3)=C9F)CCC)=C9F)S1,O-IDTBR,O=C(/C(S1)=C/C(C2=NSN=C32)=CC=C3C(S4)=CC(C5(C6=CC=C(CCCCCC)C=C6)C7=CC=C(CCCCCC)C=C7)=C4C(C=C89)=C5C=C8C(SC(C%10=CC=C(/C=C%11SC(N(CC)C\%11=O)=S)C%12=NSN=C%10%12)=C%13)=C%13C9(C%14=CC=C(CCCCCC)C=C%14)C%15=CC=C(CCCCCC)C=C%15)N(CC)C1=S,11.6,16.26,0.636,1.08
PTZ-DO,c1csc2c1c(c1c(c2c2cc(c(s2)CCCCCCCC)CCCCCCCC)cc(s1)c1sc(c(c1)CCCCCC)c1sc2c(n1)sc(n2)c1sccc1CCCCCC)c1cc(c(s1)CCCCCCCC)CCCCCCCC,pO-ITIC,c12cc3c(cc1C(c1c2sc2c1sc(c2)/C=C\1/C(=C(C#N)C#N)c2c(C1=O)cccc2)(c1ccc(cc1)OCCCCCC)c1ccc(cc1)OCCCCCC)c1c(C3(c2ccc(cc2)OCCCCCC)c2ccc(cc2)OCCCCCC)c2c(s1)cc(s2)/C=C\1/C(=C(C#N)C#N)c2c(C1=O)cccc2,9.03,14.56,0.674,0.92
PTZ-DO,c1csc2c1c(c1c(c2c2cc(c(s2)CCCCCCCC)CCCCCCCC)cc(s1)c1sc(c(c1)CCCCCC)c1sc2c(n1)sc(n2)c1sccc1CCCCCC)c1cc(c(s1)CCCCCCCC)CCCCCCCC,mO-ITIC,c12cc3c(cc1C(c1c2sc2c1sc(c2)/C=C\1/C(=C(C#N)C#N)c2c(C1=O)cccc2)(c1cccc(c1)OCCCCCC)c1cc(ccc1)OCCCCCC)c1c(C3(c2cc(ccc2)OCCCCCC)c2cccc(c2)OCCCCCC)c2c(s1)cc(s2)/C=C\1/C(=C(C#N)C#N)c2c(C1=O)cccc2,9.28,15.18,0.664,0.92
PTZ-DO,c1csc2c1c(c1c(c2c2cc(c(s2)CCCCCCCC)CCCCCCCC)cc(s1)c1sc(c(c1)CCCCCC)c1sc2c(n1)sc(n2)c1sccc1CCCCCC)c1cc(c(s1)CCCCCCCC)CCCCCCCC,FpO-ITIC,c12cc3c(cc1C(c1c2sc2c1sc(c2)/C=C\1/C(=C(C#N)C#N)c2c(C1=O)cccc2)(c1ccc(c(c1)F)OCCCCCC)c1cc(c(cc1)OCCCCCC)F)c1c(C3(c2cc(c(cc2)OCCCCCC)F)c2ccc(c(c2)F)OCCCCCC)c2c(s1)cc(s2)/C=C\1/C(=C(C#N)C#N)c2c(C1=O)cccc2,6.69,12.55,0.606,0.88
PTZ-DO,c1csc2c1c(c1c(c2c2cc(c(s2)CCCCCCCC)CCCCCCCC)cc(s1)c1sc(c(c1)CCCCCC)c1sc2c(n1)sc(n2)c1sccc1CCCCCC)c1cc(c(s1)CCCCCCCC)CCCCCCCC,ITIC,c12cc3c(cc1C(c1c2sc2c1sc(c2)/C=C\1/C(=C(C#N)C#N)c2c(C1=O)cccc2)(c1ccc(cc1)CCCCCC)c1ccc(cc1)CCCCCC)c1c(C3(c2ccc(cc2)CCCCCC)c2ccc(cc2)CCCCCC)c2c(s1)cc(s2)/C=C\1/C(=C(C#N)C#N)c2c(C1=O)cccc2,8.05,14.3,0.612,0.92
PTzBI-S,CC1=CC=C(S1)C2=C3C(C(N(C3=O)CCCCCCCC)=O)=C(C4=NN(N=C24)CCCCCCCC)C5=CC=C(S5)C6=CC7=C(C8=C(C(C9=CC=C(S9)SCC(CC)CCCC)=C7S6)C=C(C)S8)C%10=CC=C(S%10)SCC(CCCC)CC,ITIC,c12cc3c(cc1C(c1c2sc2c1sc(c2)/C=C\1/C(=C(C#N)C#N)c2c(C1=O)cccc2)(c1ccc(cc1)CCCCCC)c1ccc(cc1)CCCCCC)c1c(C3(c2ccc(cc2)CCCCCC)c2ccc(cc2)CCCCCC)c2c(s1)cc(s2)/C=C\1/C(=C(C#N)C#N)c2c(C1=O)cccc2,9.12,16.62,0.6,0.915
PTzBI-Ph,CC1=CC(C(C2=CC=C(C=C2)CC(CCCC)CC)=C3S4)=C(S1)C(C5=CC=C(C=C5)CC(CC)CCCC)=C3C=C4C(S6)=CC=C6C(C7=NN(N=C87)CCCCCCCC)=C(C(N(C9=O)CCCCCCCC)=O)C9=C8C%10=CC=C(C)S%10,ITIC,c12cc3c(cc1C(c1c2sc2c1sc(c2)/C=C\1/C(=C(C#N)C#N)c2c(C1=O)cccc2)(c1ccc(cc1)CCCCCC)c1ccc(cc1)CCCCCC)c1c(C3(c2ccc(cc2)CCCCCC)c2ccc(cc2)CCCCCC)c2c(s1)cc(s2)/C=C\1/C(=C(C#N)C#N)c2c(C1=O)cccc2,10.19,16.39,0.677,0.918
PTzBI-DT,CC1=CC2=C(C(C(C3=CC(CCCCCC)=C(S3)CC(CCCC)CC)=C4SC(C=C5C(S6)=CC=C6C(C7=NN(CCCCCCCC)N=C87)=C(C(N(C9=O)CCCCCCCC)=O)C9=C8C%10=CC=C(C)S%10)=C(S5)C4=C%11C%12=CC(CCCCCC)=C(S%12)CC(CCCC)CC)=C%11S2)S1,ITIC,c12cc3c(cc1C(c1c2sc2c1sc(c2)/C=C\1/C(=C(C#N)C#N)c2c(C1=O)cccc2)(c1ccc(cc1)CCCCCC)c1ccc(cc1)CCCCCC)c1c(C3(c2ccc(cc2)CCCCCC)c2ccc(cc2)CCCCCC)c2c(s1)cc(s2)/C=C\1/C(=C(C#N)C#N)c2c(C1=O)cccc2,9.43,16.84,0.615,0.91
PTzBI,CC1=CC2=C(C(C(C3=CC=C(S3)CC(CCCC)CC)=C4SC(C=C5C(S6)=CC=C6C(C7=NN(CCCCCCCC)N=C87)=C(C(N(C9=O)CCCCCCCC)=O)C9=C8C%10=CC=C(C)S%10)=C(S5)C4=C%11C%12=CC=C(S%12)CC(CCCC)CC)=C%11S2)S1,ITIC,c12cc3c(cc1C(c1c2sc2c1sc(c2)/C=C\1/C(=C(C#N)C#N)c2c(C1=O)cccc2)(c1ccc(cc1)CCCCCC)c1ccc(cc1)CCCCCC)c1c(C3(c2ccc(cc2)CCCCCC)c2ccc(cc2)CCCCCC)c2c(s1)cc(s2)/C=C\1/C(=C(C#N)C#N)c2c(C1=O)cccc2,10.24,18.29,0.643,0.87
PTZ1,CC1=CC(C(C2=CC=C(S2)CC(CCCC)CCCCCC)=C3S4)=C(S1)C(C5=CC=C(CC(CCCCCC)CCCC)S5)=C3C=C4C(S6)=C(CC(CCCC)CC)C=C6C7=NC8=C(S7)N=C(C9=CC(CC(CC)CCCC)=C(C)S9)S8,IDIC,N#C/C(C#N)=C(C1=CC=CC=C1C2=O)/C2=C/C3=CC4=C(C5=C(C=C6C(C(CCCCCC)(CCCCCC)C7=C6SC(/C=C8/C(C9=CC=CC=C9C8=O)=C(C#N)/C#N)=C7)=C5)C4(CCCCCC)CCCCCC)S3,11.5,16.4,0.762,0.92
PTTBTBO,CC(C1=NSN=C21)=C(OCC(CCCCCC)CCCC)C(OCC(CCCC)CCCCCC)=C2C3=CC4=C(S3)C=C(C)S4,ITIC,c12cc3c(cc1C(c1c2sc2c1sc(c2)/C=C\1/C(=C(C#N)C#N)c2c(C1=O)cccc2)(c1ccc(cc1)CCCCCC)c1ccc(cc1)CCCCCC)c1c(C3(c2ccc(cc2)CCCCCC)c2ccc(cc2)CCCCCC)c2c(s1)cc(s2)/C=C\1/C(=C(C#N)C#N)c2c(C1=O)cccc2,1.57,3.94,0.46,0.87
PTT4FB,FC(C(F)=C(C(F)=C1F)C2=CC=C(S2)C3=C(C4=CC=C(S4)C(CCCCCCCCCCCC)CCCCCCCCCC)C=C(C5=C(C(F)=C(C6=NN(N=C56)CCCCCCCC)C7=CC(C8=CC=C(S8)CC(CCCCCCCCCCCC)CCCCCCCCCC)=C(S7)C)F)S3)=C1C9=CC=C(C)S9,IDIC,N#C/C(C#N)=C(C1=CC=CC=C1C2=O)/C2=C/C3=CC4=C(C5=C(C=C6C(C(CCCCCC)(CCCCCC)C7=C6SC(/C=C8/C(C9=CC=CC=C9C8=O)=C(C#N)/C#N)=C7)=C5)C4(CCCCCC)CCCCCC)S3,10.6,16.24,0.67,0.96
PTQ9,CC1=CC=C(C2=C(F)C=C(C3=C2N=CC(OCC(CCCCCC)CCCCCCCC)=N3)C)S1,Y6,O=C(C/1=C\C2=C(C3=C(S2)C(N4C5=CC=C(CCCCCC)C=C5)=C(C6=C4C7=C(C8=NSN=C68)C(SC9=C%10SC(/C=C%11C(C%12=CC(F)=C(C=C%12C\%11=C(C#N)/C#N)F)=O)=C9CCCCCCCCCCC)=C%10N7C%13=CC=C(CCCCCC)C=C%13)S3)CCCCCCCCCCC)C%14=CC(F)=C(F)C=C%14C1=C(C#N)/C#N,10.5,23.72,0.54,0.82
PTQ8,CC1=C(F)C(F)=C(S1)C2=CC=C(C)C3=C2N=CC(OCC(CCCCCC)CCCCCCCC)=N3,Y6,O=C(C/1=C\C2=C(C3=C(S2)C(N4C5=CC=C(CCCCCC)C=C5)=C(C6=C4C7=C(C8=NSN=C68)C(SC9=C%10SC(/C=C%11C(C%12=CC(F)=C(C=C%12C\%11=C(C#N)/C#N)F)=O)=C9CCCCCCCCCCC)=C%10N7C%13=CC=C(CCCCCC)C=C%13)S3)CCCCCCCCCCC)C%14=CC(F)=C(F)C=C%14C1=C(C#N)/C#N,0.9,3.11,0.325,0.89
PTQ7,CC1=CC=C(S1)C2=CC=C(C)C3=C2N=CC(OCC(CCCCCC)CCCCCCCC)=N3,Y6,O=C(C/1=C\C2=C(C3=C(S2)C(N4C5=CC=C(CCCCCC)C=C5)=C(C6=C4C7=C(C8=NSN=C68)C(SC9=C%10SC(/C=C%11C(C%12=CC(F)=C(C=C%12C\%11=C(C#N)/C#N)F)=O)=C9CCCCCCCCCCC)=C%10N7C%13=CC=C(CCCCCC)C=C%13)S3)CCCCCCCCCCC)C%14=CC(F)=C(F)C=C%14C1=C(C#N)/C#N,5.75,18.65,0.434,0.71
PTQ11,CC(C(F)=C(C(C1=CC=C(S1)C)=C2N=C3[Mg])F)=C2N=C3OCC(CCCCCC)CCCCCCCC,TPT10,O=C(C1=CC=CC=C1C/2=C(C#N)\C#N)C2=C/C3=C(CCCCCCCCCCC)C(SC(C4=C5C6=C(C7=C(N6CC(CC)CCCC)C8=C(C(CCCCCCCCCCC)=C(S8)/C=C9C(C(C=CC=C%10)=C%10C\9=C(C#N)\C#N)=O)S7)C%11=NSN=C4%11)=C%12N5CC(CC)CCCC)=C%12S3,16.32,24.79,0.748,0.88
PTQ10,FC1=C(F)C=C(N=C(OCC(CCCCCC)CCCCCCCC)C=N2)C2=C1C3=CC=CS3,m-ITIC-2F,O=C(C1=C2C=C(F)C=C1)C(/C2=C(C#N)\C#N)=C\C3=CC(SC4=C5C(C6=CC=CC(CCCCCC)=C6)(C7=CC(CCCCCC)=CC=C7)C8=C4C=C9C(C%10=CC=CC(CCCCCC)=C%10)(C%11=CC=CC(CCCCCC)=C%11)C%12=C(SC%13=C%12SC(/C=C(/C%14=C(C#N)\C#N)C(C%15=C%14C=C(F)C=C%15)=O)=C%13)C9=C8)=C5S3,12.53,18.98,0.691,0.955
PTQ10,FC1=C(F)C=C(N=C(OCC(CCCCCC)CCCCCCCC)C=N2)C2=C1C3=CC=CS3,m-ITIC-4F,O=C(C1=C2C=C(F)C(F)=C1)C(/C2=C(C#N)\C#N)=C\C3=CC(SC4=C5C(C6=CC=CC(CCCCCC)=C6)(C7=CC(CCCCCC)=CC=C7)C8=C4C=C9C(C%10=CC=CC(CCCCCC)=C%10)(C%11=CC=CC(CCCCCC)=C%11)C%12=C(SC%13=C%12SC(/C=C(/C%14=C(C#N)\C#N)C(C%15=C%14C=C(F)C(F)=C%15)=O)=C%13)C9=C8)=C5S3,12.53,19.76,0.703,0.902
PTQ10,FC1=C(F)C=C(N=C(OCC(CCCCCC)CCCCCCCC)C=N2)C2=C1C3=CC=CS3,IE4F-S,O=C(C1=CC(F)=C(C=C1C/2=C(C#N)\C#N)F)C2=C/C3=CSC(C4=CC(C5(C6=CC=C(C=C6)CCCCCC)C7=CC=C(CCCCCC)C=C7)=C(C8=CC9=C(C%10=C(C9(C%11=CC=C(C=C%11)CCCCCC)C%12=CC=C(C=C%12)CCCCCC)C=C(C%13=C(SCC(CCCC)CC)C(/C=C%14C(C%15=CC(F)=C(C=C%15C\%14=C(C#N)\C#N)F)=O)=CS%13)S%10)C=C85)S4)=C3SCC(CC)CCCC,12.2,19.67,0.623,0.996
PTQ10,FC1=C(F)C=C(N=C(OCC(CCCCCC)CCCCCCCC)C=N2)C2=C1C3=CC=CS3,MO-IDIC,O=C1C(/C(C2=C1C=CC=C2)=C(C#N)\C#N)=C\C3=CC(C(CCCCCC)(CCCCCC)C4=C5C(OC)=C(C6(CCCCCC)CCCCCC)C(C(S7)=C6C=C7/C=C(/C(C8=C9C=CC=C8)=C(C#N)\C#N)C9=O)=C4OC)=C5S3,11.16,16.92,0.681,0.969
PTQ10,FC1=C(F)C=C(N=C(OCC(CCCCCC)CCCCCCCC)C=N2)C2=C1C3=CC=CS3,MO-IDIC-2F,O=C1C(/C(C2=C1C=CC(F)=C2)=C(C#N)\C#N)=C\C3=CC(C(CCCCCC)(CCCCCC)C4=C5C(OC)=C(C6(CCCCCC)CCCCCC)C(C(S7)=C6C=C7/C=C(/C(C8=C9C=CC(F)=C8)=C(C#N)\C#N)C9=O)=C4OC)=C5S3,13.46,19.87,0.748,0.906
PTQ10,FC1=C(F)C=C(N=C(OCC(CCCCCC)CCCCCCCC)C=N2)C2=C1C3=CC=CS3,IT-4Cl,O=C(C1=CC(Cl)=C(C=C1C/2=C(C#N)\C#N)Cl)C2=C/C3=CC4=C(C(C5(C6=CC=C(C=C6)CCCCCC)C(C=C7)=CC=C7CCCCCC)=C(C8=CC9=C(C%10=C(C9(C%11=CC=C(C=C%11)CCCCCC)C%12=CC=C(C=C%12)CCCCCC)C%13=C(C=C(S%13)/C=C%14C(C%15=CC(Cl)=C(C=C%15C\%14=C(C#N)\C#N)Cl)=O)S%10)C=C85)S4)S3,12.12,19.33,0.705,0.89
PTQ10,FC1=C(F)C=C(N=C(OCC(CCCCCC)CCCCCCCC)C=N2)C2=C1C3=CC=CS3,IT-4Cl,O=C(C1=CC(Cl)=C(C=C1C/2=C(C#N)\C#N)Cl)C2=C/C3=CC4=C(C(C5(C6=CC=C(C=C6)CCCCCC)C(C=C7)=CC=C7CCCCCC)=C(C8=CC9=C(C%10=C(C9(C%11=CC=C(C=C%11)CCCCCC)C%12=CC=C(C=C%12)CCCCCC)C%13=C(C=C(S%13)/C=C%14C(C%15=CC(Cl)=C(C=C%15C\%14=C(C#N)\C#N)Cl)=O)S%10)C=C85)S4)S3,13.04,19.61,0.73,0.91
PTQ10,FC1=C(F)C=C(N=C(OCC(CCCCCC)CCCCCCCC)C=N2)C2=C1C3=CC=CS3,IDIC,N#C/C(C#N)=C(C1=CC=CC=C1C2=O)/C2=C/C3=CC4=C(C5=C(C=C6C(C(CCCCCC)(CCCCCC)C7=C6SC(/C=C8/C(C9=CC=CC=C9C8=O)=C(C#N)/C#N)=C7)=C5)C4(CCCCCC)CCCCCC)S3,10.01,16.85,0.601,0.987
PTQ10,FC1=C(F)C=C(N=C(OCC(CCCCCC)CCCCCCCC)C=N2)C2=C1C3=CC=CS3,IDIC,N#C/C(C#N)=C(C1=CC=CC=C1C2=O)/C2=C/C3=CC4=C(C5=C(C=C6C(C(CCCCCC)(CCCCCC)C7=C6SC(/C=C8/C(C9=CC=CC=C9C8=O)=C(C#N)/C#N)=C7)=C5)C4(CCCCCC)CCCCCC)S3,11.86,17.42,0.702,0.952
PTQ10,FC1=C(F)C=C(N=C(OCC(CCCCCC)CCCCCCCC)C=N2)C2=C1C3=CC=CS3,ITIC,c12cc3c(cc1C(c1c2sc2c1sc(c2)/C=C\1/C(=C(C#N)C#N)c2c(C1=O)cccc2)(c1ccc(cc1)CCCCCC)c1ccc(cc1)CCCCCC)c1c(C3(c2ccc(cc2)CCCCCC)c2ccc(cc2)CCCCCC)c2c(s1)cc(s2)/C=C\1/C(=C(C#N)C#N)c2c(C1=O)cccc2,9.25,15.94,0.537,1.035
PTQ10,FC1=C(F)C=C(N=C(OCC(CCCCCC)CCCCCCCC)C=N2)C2=C1C3=CC=CS3,ITIC,c12cc3c(cc1C(c1c2sc2c1sc(c2)/C=C\1/C(=C(C#N)C#N)c2c(C1=O)cccc2)(c1ccc(cc1)CCCCCC)c1ccc(cc1)CCCCCC)c1c(C3(c2ccc(cc2)CCCCCC)c2ccc(cc2)CCCCCC)c2c(s1)cc(s2)/C=C\1/C(=C(C#N)C#N)c2c(C1=O)cccc2,10.9,17.3,0.593,1.026
PTQ10,FC1=C(F)C=C(N=C(OCC(CCCCCC)CCCCCCCC)C=N2)C2=C1C3=CC=CS3,IDTCN,c1scc2c1C(=C(C#N)C#N)/C(=C/c1cc3c(s1)c1c(C3(c3ccc(cc3)CCCCCC)c3ccc(cc3)CCCCCC)cc3c(c1)C(c1c3sc(c1)/C=C\1/C(=C(C#N)C#N)c3c(C1=O)csc3)(c1ccc(cc1)CCCCCC)c1ccc(cc1)CCCCCC)/C2=O,7.4,13.9,0.54,0.98
PTQ10,FC1=C(F)C=C(N=C(OCC(CCCCCC)CCCCCCCC)C=N2)C2=C1C3=CC=CS3,IDTPC,O=C(C1=CSC=C1C/2=C(C#N)\C#N)C2=C/C3=CC(C4(CCCCCC)CCCCCC)=C(C5=CC6=C(C7=C(C6(CCCCCC)CCCCCC)C=C(/C=C8C(C9=CSC=C9C\8=C(C#N)\C#N)=O)S7)C=C54)S3,12.2,17.5,0.746,0.93
PTQ10,FC1=C(F)C=C(N=C(OCC(CCCCCC)CCCCCCCC)C=N2)C2=C1C3=CC=CS3,ZITI-S,O=C(C1=CC(F)=C(C=C1C/2=C(C#N)/C#N)F)C2=C/C3=CC([S]4)=C(S3)C(C=C5C6(B=O)B=O)=C4C=C5C(C7(B=O)B=O)=C6C(C=C8[S]9)=C7C=C8C(S%10)=C9C=C%10/C=C(CC%11=CC(F)=C(C=C%11%12)F)/C%12=C(C#N)\C#N,7.06,11.8,0.589,0.965
PTQ10,FC1=C(F)C=C(N=C(OCC(CCCCCC)CCCCCCCC)C=N2)C2=C1C3=CC=CS3,ZITI-N,O=C(C1=CC(F)=C(C=C1C/2=C(C#N)/C#N)F)C2=C/C3=CC([N]4C)=C(S3)C(C=C5C6(B=O)B=O)=C4C=C5C(C7(B=O)B=O)=C6C(C=C8[N]9C)=C7C=C8C(S%10)=C9C=C%10/C=C(CC%11=CC(F)=C(C=C%11%12)F)/C%12=C(C#N)\C#N,10.69,16.97,0.647,0.958
PTQ10,FC1=C(F)C=C(N=C(OCC(CCCCCC)CCCCCCCC)C=N2)C2=C1C3=CC=CS3,IDIC,N#C/C(C#N)=C(C1=CC=CC=C1C2=O)/C2=C/C3=CC4=C(C5=C(C=C6C(C(CCCCCC)(CCCCCC)C7=C6SC(/C=C8/C(C9=CC=CC=C9C8=O)=C(C#N)/C#N)=C7)=C5)C4(CCCCCC)CCCCCC)S3,12.4,20.2,0.63,0.97
PTQ10,FC1=C(F)C=C(N=C(OCC(CCCCCC)CCCCCCCC)C=N2)C2=C1C3=CC=CS3,BTP-Ph,FC1=CC2=C(C(/C(C2=O)=C/C3=C(C4=CC=C(CCCCCC)C=C4)C5=C(S3)C6=C(S5)C7=C(N6CC(CC)CCCC)C(N8CC(CC)CCCC)=C(C9=C8C%10=C(S9)C(C%11=CC=C(CCCCCC)C=C%11)=C(S%10)/C=C%12/C(C%13=C(C%12=O)C=C(F)C(F)=C%13)=C(C#N)\C#N)C%14=NSN=C7%14)=C(C#N)/C#N)C=C1F,17.1,24.3,0.753,0.882
PTQ10,FC1=C(F)C=C(N=C(OCC(CCCCCC)CCCCCCCC)C=N2)C2=C1C3=CC=CS3,BTP-Th,FC1=CC2=C(C=C1F)C(/C(C2=O)=C/C3=C(C4=C(C5=C(C(C6=NSN=C6C(C7=C8C9=C(C(C%10=CC=C(CCCCCCCC)S%10)=C(/C=C%11/C(C(C=C(C(F)=C%12)F)=C%12C%11=O)=C(C#N)\C#N)S9)S7)=C%13N8CC(CCCC)CC)=C%13N5CC(CCCC)CC)S4)S3)C%14=CC=C(CCCCCCCC)S%14)=C(C#N)\C#N,16.8,24.8,0.747,0.872
PTQ10,FC1=C(F)C=C(N=C(OCC(CCCCCC)CCCCCCCC)C=N2)C2=C1C3=CC=CS3,BTP-C11,CCCCCCCCCCCC(C(SC(C1=C2C3=C(C4=C(N3CC(CCCC)CC)C5=C(C(CCCCCCCCCCC)=C(S5)/C=C6C(C(C=C(C(F)=C7)F)=C7C\6=C(C#N)\C#N)=O)S4)C8=NSN=C18)=C9N2CC(CCCC)CC)=C9S%10)=C%10/C=C%11C(C(C=C(C(F)=C%12)F)=C%12C\%11=C(C#N)/C#N)=O,16.4,24.7,0.741,0.852
PTQ10,FC1=C(F)C=C(N=C(OCC(CCCCCC)CCCCCCCC)C=N2)C2=C1C3=CC=CS3,Y6,O=C(C/1=C\C2=C(C3=C(S2)C(N4C5=CC=C(CCCCCC)C=C5)=C(C6=C4C7=C(C8=NSN=C68)C(SC9=C%10SC(/C=C%11C(C%12=CC(F)=C(C=C%12C\%11=C(C#N)/C#N)F)=O)=C9CCCCCCCCCCC)=C%10N7C%13=CC=C(CCCCCC)C=C%13)S3)CCCCCCCCCCC)C%14=CC(F)=C(F)C=C%14C1=C(C#N)/C#N,16.21,24.81,0.751,0.87
PTQ10,FC1=C(F)C=C(N=C(OCC(CCCCCC)CCCCCCCC)C=N2)C2=C1C3=CC=CS3,IDIC,N#C/C(C#N)=C(C1=CC=CC=C1C2=O)/C2=C/C3=CC4=C(C5=C(C=C6C(C(CCCCCC)(CCCCCC)C7=C6SC(/C=C8/C(C9=CC=CC=C9C8=O)=C(C#N)/C#N)=C7)=C5)C4(CCCCCC)CCCCCC)S3,11.75,18.71,0.669,0.939
PTQ10,FC1=C(F)C=C(N=C(OCC(CCCCCC)CCCCCCCC)C=N2)C2=C1C3=CC=CS3,IDIC-2F,CF.O=C(C1=C2C=CC=C1)C(/C2=C(C#N)\[N+]#[C-])=C\C3=CC(C4(CCCCCC)CCCCCC)=C(C5=C4C=C(C6=C5)C7=C(C6(CCCCCC)CCCCCC)C=C(/C=C(/C8=C(C#N)/[N+]#[C-])C(C9=C8C=CC=C9)=O)S7)S3.CF,13.01,19.09,0.749,0.91
PTQ10,FC1=C(F)C=C(N=C(OCC(CCCCCC)CCCCCCCC)C=N2)C2=C1C3=CC=CS3,IDIC,N#C/C(C#N)=C(C1=CC=CC=C1C2=O)/C2=C/C3=CC4=C(C5=C(C=C6C(C(CCCCCC)(CCCCCC)C7=C6SC(/C=C8/C(C9=CC=CC=C9C8=O)=C(C#N)/C#N)=C7)=C5)C4(CCCCCC)CCCCCC)S3,12.44,17.43,0.743,0.96
PTQ10,FC1=C(F)C=C(N=C(OCC(CCCCCC)CCCCCCCC)C=N2)C2=C1C3=CC=CS3,DF-OCIC,FC(C=C1C2=CC(C3(CC(CCCC)CC)CC(CCCC)CC)=C(S2)C(S4)=C3C=C4/C=C(C(C5=CC([H])=C(C=C56)[H])=O)/C6=C(C#N)/C#N)=C(C=C1F)C7=CC8=C(C9=C(C8(CC(CCCC)CC)CC(CCCC)CC)C=C(/C=C%10C(C%11=CC([H])=C(C=C%11C\%10=C(C#N)\C#N)[H])=O)S9)S7,3.68,6.51,0.541,1.04
PTQ10,FC1=C(F)C=C(N=C(OCC(CCCCCC)CCCCCCCC)C=N2)C2=C1C3=CC=CS3,HC-PCIC,FC(C=C1C2=CC(C3(CC(CCCC)CC)CC(CCCC)CC)=C(S2)C(S4)=C3C=C4/C=C(C(C5=CC(Cl)=C(C=C56)Cl)=O)/C6=C(C#N)/C#N)=C(C=C1F)C7=CC8=C(C9=C(C8(CC(CCCC)CC)CC(CCCC)CC)C=C(/C=C%10C(C%11=CC(Cl)=C(C=C%11C\%10=C(C#N)\C#N)Cl)=O)S9)S7,10.42,15.99,0.68,0.94
PTQ10,FC1=C(F)C=C(N=C(OCC(CCCCCC)CCCCCCCC)C=N2)C2=C1C3=CC=CS3,TPT10,O=C(C1=CC=CC=C1C/2=C(C#N)\C#N)C2=C/C3=C(CCCCCCCCCCC)C(SC(C4=C5C6=C(C7=C(N6CC(CC)CCCC)C8=C(C(CCCCCCCCCCC)=C(S8)/C=C9C(C(C=CC=C%10)=C%10C\9=C(C#N)\C#N)=O)S7)C%11=NSN=C4%11)=C%12N5CC(CC)CCCC)=C%12S3,9.24,17.25,0.582,0.92
PTQ10,FC1=C(F)C=C(N=C(OCC(CCCCCC)CCCCCCCC)C=N2)C2=C1C3=CC=CS3,TPTC,O=C(C1=CC=CC=C1C/2=C(C#N)/C#N)C2=C/C3=CC4=C(S3)C5=CC(OC6(CCCCCCCC)CCCCCCCC)=C(C7=C6C=C(/C=C8C(C9=CC=CC=C9C\8=C(C#N)/C#N)=O)S7)C=C5OC4(CCCCCCCC)CCCCCCCC,1.36,3.87,0.367,0.96
PTQ10,FC1=C(F)C=C(N=C(OCC(CCCCCC)CCCCCCCC)C=N2)C2=C1C3=CC=CS3,TPTIC,O=C(C1=CC=CC=C1C/2=C(C#N)/C#N)C2=C/C3=CC4=C(S3)C5=CC(C(CCCCCCCC)(CCCCCCCC)OC6=C7SC(/C=C8C(C9=CC=CC=C9C\8=C(C#N)/C#N)=O)=C6)=C7C=C5C(CCCCCCCC)(CCCCCCCC)O4,3.83,10.38,0.388,0.95
PTQ10,FC1=C(F)C=C(N=C(OCC(CCCCCC)CCCCCCCC)C=N2)C2=C1C3=CC=CS3,TPTIC,O=C(C1=CC=CC=C1C/2=C(C#N)/C#N)C2=C/C3=CC4=C(S3)C5=CC(C(CCCCCCCC)(CCCCCCCC)OC6=C7SC(/C=C8C(C9=CC=CC=C9C\8=C(C#N)/C#N)=O)=C6)=C7C=C5C(CCCCCCCC)(CCCCCCCC)O4,10.42,17.17,0.675,0.9
PTQ10,FC1=C(F)C=C(N=C(OCC(CCCCCC)CCCCCCCC)C=N2)C2=C1C3=CC=CS3,TPT10,O=C(C1=CC=CC=C1C/2=C(C#N)\C#N)C2=C/C3=C(CCCCCCCCCCC)C(SC(C4=C5C6=C(C7=C(N6CC(CC)CCCC)C8=C(C(CCCCCCCCCCC)=C(S8)/C=C9C(C(C=CC=C%10)=C%10C\9=C(C#N)\C#N)=O)S7)C%11=NSN=C4%11)=C%12N5CC(CC)CCCC)=C%12S3,9.21,15.23,0.638,0.883
PTQ10,FC1=C(F)C=C(N=C(OCC(CCCCCC)CCCCCCCC)C=N2)C2=C1C3=CC=CS3,TPT10,O=C(C1=CC=CC=C1C/2=C(C#N)\C#N)C2=C/C3=C(CCCCCCCCCCC)C(SC(C4=C5C6=C(C7=C(N6CC(CC)CCCC)C8=C(C(CCCCCCCCCCC)=C(S8)/C=C9C(C(C=CC=C%10)=C%10C\9=C(C#N)\C#N)=O)S7)C%11=NSN=C4%11)=C%12N5CC(CC)CCCC)=C%12S3,13.14,21.15,0.662,0.89
PTQ10,FC1=C(F)C=C(N=C(OCC(CCCCCC)CCCCCCCC)C=N2)C2=C1C3=CC=CS3,TPT10,O=C(C1=CC=CC=C1C/2=C(C#N)\C#N)C2=C/C3=C(CCCCCCCCCCC)C(SC(C4=C5C6=C(C7=C(N6CC(CC)CCCC)C8=C(C(CCCCCCCCCCC)=C(S8)/C=C9C(C(C=CC=C%10)=C%10C\9=C(C#N)\C#N)=O)S7)C%11=NSN=C4%11)=C%12N5CC(CC)CCCC)=C%12S3,12.37,19.73,0.668,0.873
PTQ10,FC1=C(F)C=C(N=C(OCC(CCCCCC)CCCCCCCC)C=N2)C2=C1C3=CC=CS3,HO-IDIC-2F,O=C(C1=C2C=CC=C1)C(/C2=C([N+]#[C-])\C#N)=C\C3=CC(C4(CCCCCC)CCCCCC)=C(C5=C(C6=C(C(OCCCCCC)=C45)C7=C(C=C(S7)/C=C(/C8=C(C#N)\C#N)C(C9=C8C=CC=C9)=O)C6(CCCCCC)CCCCCC)OCCCCCC)S3.CF.CF,12.43,19.01,0.707,0.92
PTQ10,FC1=C(F)C=C(N=C(OCC(CCCCCC)CCCCCCCC)C=N2)C2=C1C3=CC=CS3,HO-IDIC-2F,O=C(C1=C2C=CC=C1)C(/C2=C([N+]#[C-])\C#N)=C\C3=CC(C4(CCCCCC)CCCCCC)=C(C5=C(C6=C(C(OCCCCCC)=C45)C7=C(C=C(S7)/C=C(/C8=C(C#N)\C#N)C(C9=C8C=CC=C9)=O)C6(CCCCCC)CCCCCC)OCCCCCC)S3.CF.CF,12.32,19.28,0.718,0.89
PTQ10,FC1=C(F)C=C(N=C(OCC(CCCCCC)CCCCCCCC)C=N2)C2=C1C3=CC=CS3,TPD8,O=C(N1CCCCCCCC)C2=C(/C=C3C(C(C=CC=C4)=C4C\3=C(C#N)\C#N)=O)SC(C5=CC(C6(C7=CC=C(C=C7)CCCCCC)C8=CC=C(CCCCCC)C=C8)=C(S5)C(C=C9C%10(C%11=CC=C(CCCCCC)C=C%11)C%12=CC=C(CCCCCC)C=C%12)=C6C=C9C%13=C%10C=C(C%14=C(C%15=O)C(C(N%15CCCCCCCC)=O)=C(/C=C%16C(C(C=CC=C%17)=C%17C\%16=C(C#N)/C#N)=O)S%14)C%13)=C2C1=O,10.4,18.2,0.63,0.91
PTQ10,FC1=C(F)C=C(N=C(OCC(CCCCCC)CCCCCCCC)C=N2)C2=C1C3=CC=CS3,ZITI-C,O=C(C1=CC(F)=C(C=C1C/2=C(C#N)/C#N)F)C2=C/C3=CC([CH2]4)=C(S3)C5=C4C=C(C6=C7C8=CC([CH2]C9=C%10SC(/C=C%11C(C%12=CC(F)=C(C=C%12C\%11=C(C#N)/C#N)F)=O)=C9)=C%10C=C8C(B=O)6B=O)C(C7(B=O)B=O)=C5,13.13,20.11,0.689,0.93
PTQ10,FC1=C(F)C=C(N=C(OCC(CCCCCC)CCCCCCCC)C=N2)C2=C1C3=CC=CS3,ZITI-N,O=C(C1=CC(F)=C(C=C1C/2=C(C#N)/C#N)F)C2=C/C3=CC([N]4[Mg])=C(S3)C5=C4C=C(C6=C7C8=CC([N]([Mg])C9=C%10SC(/C=C%11C(C%12=CC(F)=C(C=C%12C\%11=C(C#N)/C#N)F)=O)=C9)=C%10C=C8C(B=O)6B=O)C(C7(B=O)B=O)=C5,7.39,11.88,0.577,0.93
PTQ10,FC1=C(F)C=C(N=C(OCC(CCCCCC)CCCCCCCC)C=N2)C2=C1C3=CC=CS3,Y6,O=C(C/1=C\C2=C(C3=C(S2)C(N4C5=CC=C(CCCCCC)C=C5)=C(C6=C4C7=C(C8=NSN=C68)C(SC9=C%10SC(/C=C%11C(C%12=CC(F)=C(C=C%12C\%11=C(C#N)/C#N)F)=O)=C9CCCCCCCCCCC)=C%10N7C%13=CC=C(CCCCCC)C=C%13)S3)CCCCCCCCCCC)C%14=CC(F)=C(F)C=C%14C1=C(C#N)/C#N,13.62,22.62,0.703,0.855
PTQ10,FC1=C(F)C=C(N=C(OCC(CCCCCC)CCCCCCCC)C=N2)C2=C1C3=CC=CS3,Y6,O=C(C/1=C\C2=C(C3=C(S2)C(N4C5=CC=C(CCCCCC)C=C5)=C(C6=C4C7=C(C8=NSN=C68)C(SC9=C%10SC(/C=C%11C(C%12=CC(F)=C(C=C%12C\%11=C(C#N)/C#N)F)=O)=C9CCCCCCCCCCC)=C%10N7C%13=CC=C(CCCCCC)C=C%13)S3)CCCCCCCCCCC)C%14=CC(F)=C(F)C=C%14C1=C(C#N)/C#N,15.0,24.9,0.693,0.86
PTQ10,FC1=C(F)C=C(N=C(OCC(CCCCCC)CCCCCCCC)C=N2)C2=C1C3=CC=CS3,Y1-4F,O=C(C1=CC(F)=C(C=C1C/2=C(C#N)\C#N)F)C2=C/C3=CC(SC(C4=C5C6=C(C7=C(N6CC(CCC)CCCC)C8=C(C=C(S8)/C=C9C(C%10=CC(F)=C(C=C%10C\9=C(C#N)\C#N)F)=O)S7)C%11=NN(N=C4%11)CC(CC)CCCC)=C%12N5CC(CCCC)CC)=C%12S3,6.9,15.3,0.528,0.85
PTQ10,FC1=C(F)C=C(N=C(OCC(CCCCCC)CCCCCCCC)C=N2)C2=C1C3=CC=CS3,IDIC,N#C/C(C#N)=C(C1=CC=CC=C1C2=O)/C2=C/C3=CC4=C(C5=C(C=C6C(C(CCCCCC)(CCCCCC)C7=C6SC(/C=C8/C(C9=CC=CC=C9C8=O)=C(C#N)/C#N)=C7)=C5)C4(CCCCCC)CCCCCC)S3,10.41,15.7,0.649,0.995
PTQ10,FC1=C(F)C=C(N=C(OCC(CCCCCC)CCCCCCCC)C=N2)C2=C1C3=CC=CS3,IDIC,N#C/C(C#N)=C(C1=CC=CC=C1C2=O)/C2=C/C3=CC4=C(C5=C(C=C6C(C(CCCCCC)(CCCCCC)C7=C6SC(/C=C8/C(C9=CC=CC=C9C8=O)=C(C#N)/C#N)=C7)=C5)C4(CCCCCC)CCCCCC)S3,11.65,16.61,0.716,0.962
PTQ10,FC1=C(F)C=C(N=C(OCC(CCCCCC)CCCCCCCC)C=N2)C2=C1C3=CC=CS3,IDIC,N#C/C(C#N)=C(C1=CC=CC=C1C2=O)/C2=C/C3=CC4=C(C5=C(C=C6C(C(CCCCCC)(CCCCCC)C7=C6SC(/C=C8/C(C9=CC=CC=C9C8=O)=C(C#N)/C#N)=C7)=C5)C4(CCCCCC)CCCCCC)S3,12.7,17.44,0.733,0.962
PTQ10,FC1=C(F)C=C(N=C(OCC(CCCCCC)CCCCCCCC)C=N2)C2=C1C3=CC=CS3,IDIC,N#C/C(C#N)=C(C1=CC=CC=C1C2=O)/C2=C/C3=CC4=C(C5=C(C=C6C(C(CCCCCC)(CCCCCC)C7=C6SC(/C=C8/C(C9=CC=CC=C9C8=O)=C(C#N)/C#N)=C7)=C5)C4(CCCCCC)CCCCCC)S3,12.13,19.69,0.636,0.96
PTQ10,FC1=C(F)C=C(N=C(OCC(CCCCCC)CCCCCCCC)C=N2)C2=C1C3=CC=CS3,Y6,O=C(C/1=C\C2=C(C3=C(S2)C(N4C5=CC=C(CCCCCC)C=C5)=C(C6=C4C7=C(C8=NSN=C68)C(SC9=C%10SC(/C=C%11C(C%12=CC(F)=C(C=C%12C\%11=C(C#N)/C#N)F)=O)=C9CCCCCCCCCCC)=C%10N7C%13=CC=C(CCCCCC)C=C%13)S3)CCCCCCCCCCC)C%14=CC(F)=C(F)C=C%14C1=C(C#N)/C#N,15.47,25.4,0.699,0.866
PTQ10,FC1=C(F)C=C(N=C(OCC(CCCCCC)CCCCCCCC)C=N2)C2=C1C3=CC=CS3,Y6,O=C(C/1=C\C2=C(C3=C(S2)C(N4C5=CC=C(CCCCCC)C=C5)=C(C6=C4C7=C(C8=NSN=C68)C(SC9=C%10SC(/C=C%11C(C%12=CC(F)=C(C=C%12C\%11=C(C#N)/C#N)F)=O)=C9CCCCCCCCCCC)=C%10N7C%13=CC=C(CCCCCC)C=C%13)S3)CCCCCCCCCCC)C%14=CC(F)=C(F)C=C%14C1=C(C#N)/C#N,16.53,26.64,0.746,0.828
PTQ10,FC1=C(F)C=C(N=C(OCC(CCCCCC)CCCCCCCC)C=N2)C2=C1C3=CC=CS3,IDIC,N#C/C(C#N)=C(C1=CC=CC=C1C2=O)/C2=C/C3=CC4=C(C5=C(C=C6C(C(CCCCCC)(CCCCCC)C7=C6SC(/C=C8/C(C9=CC=CC=C9C8=O)=C(C#N)/C#N)=C7)=C5)C4(CCCCCC)CCCCCC)S3,13.19,18.62,0.738,0.96
PTQ10,FC1=C(F)C=C(N=C(OCC(CCCCCC)CCCCCCCC)C=N2)C2=C1C3=CC=CS3,BTP-Th,FC1=CC2=C(C=C1F)C(/C(C2=O)=C/C3=C(C4=C(C5=C(C(C6=NSN=C6C(C7=C8C9=C(C(C%10=CC=C(CCCCCCCC)S%10)=C(/C=C%11/C(C(C=C(C(F)=C%12)F)=C%12C%11=O)=C(C#N)\C#N)S9)S7)=C%13N8CC(CCCC)CC)=C%13N5CC(CCCC)CC)S4)S3)C%14=CC=C(CCCCCCCC)S%14)=C(C#N)\C#N,16.8,25.0,0.764,0.874
PTPTI-T-FBT,O=C1C2=C(C3=C(N1CC(CCCCCCCCCC)CCCCCCCC)C=C(C)S3)C=C(C(N4CC(CCCCCCCCCC)CCCCCCCC)=O)C(C5=C4C=C(C(SC(C6=C(C(F)=C(C7=NSN=C67)C8=CC(CCCCCC)=C(C8)C)F)=C9)=C9CCCCCC)S5)=C2,ITIC,c12cc3c(cc1C(c1c2sc2c1sc(c2)/C=C\1/C(=C(C#N)C#N)c2c(C1=O)cccc2)(c1ccc(cc1)CCCCCC)c1ccc(cc1)CCCCCC)c1c(C3(c2ccc(cc2)CCCCCC)c2ccc(cc2)CCCCCC)c2c(s1)cc(s2)/C=C\1/C(=C(C#N)C#N)c2c(C1=O)cccc2,6.03,14.8,0.416,0.98
PTPTI-T-BDD,O=C1C2=C(C3=C(N1CC(CCCCCCCCCC)CCCCCCCC)C=C(C)S3)C=C(C(N4CC(CCCCCCCCCC)CCCCCCCC)=O)C(C5=C4C=C(C6=CC=C(C7=C(C8=C(C9=CC=C(S9)C)S7)C(C%10=C(SC(CC(CC)CCCC)=C%10C8=O)CC(CCCC)CC)=O)S6)S5)=C2,ITIC,c12cc3c(cc1C(c1c2sc2c1sc(c2)/C=C\1/C(=C(C#N)C#N)c2c(C1=O)cccc2)(c1ccc(cc1)CCCCCC)c1ccc(cc1)CCCCCC)c1c(C3(c2ccc(cc2)CCCCCC)c2ccc(cc2)CCCCCC)c2c(s1)cc(s2)/C=C\1/C(=C(C#N)C#N)c2c(C1=O)cccc2,2.73,7.44,0.371,0.95
PTO2,CC(SC1=C(C2=C3SC(C4=CC=C(C)S4)=C2)C5=CC(F)=C(S5)CC(CCCC)CC)=CC1=C3C6=CC(F)=C(S6)CC(CC)CCCC.CC(OCC)=O,IT-4F,c1(cc2c(cc1F)C(=O)/C(=C\c1cc3c(s1)c1c(s3)c3c(C1(c1ccc(cc1)CCCCCC)c1ccc(cc1)CCCCCC)cc1c(c3)C(c3c1sc1c3sc(c1)/C=C/1\C(=O)c3c(C1=C(C#N)C#N)cc(c(c3)F)F)(c1ccc(cc1)CCCCCC)c1ccc(cc1)CCCCCC)/C2=C(C#N)C#N)F,14.7,21.5,0.75,0.91
PTFB-P,FC(C(F)=C(C1=NN(N=C21)CCC)C3=CC(CC(CCCCCCCCCC)CCCCCCCCCCCC)=C(S3)C4=CC=C(S4)C5=CC(F)=C(C=C5F)C6=CC=C(C)S6)=C2C7=CC(CC(CCCCCCCCCCCC)CCCCCCCCCC)=C(C)S7,ITIC-Th,O=C(C1=CC=CC=C1C/2=C(C#N)\C#N)C2=C/C3=CC4=C(C(C(C5=CC=C(CCCCCC)S5)(C6=C7C=C8C(C9=CC=C(S9)CCCCCC)(C%10=CC=C(S%10)CCCCCC)C%11=C(SC%12=C%11SC(/C=C%13C(C%14=CC=CC=C%14C\%13=C(C#N)\C#N)=O)=C%12)C8=C6)C(S%15)=CC=C%15CCCCCC)=C7S4)S3,9.2,15.35,0.642,0.92
PTFB-P,FC(C(F)=C(C1=NN(N=C21)CCC)C3=CC(CC(CCCCCCCCCC)CCCCCCCCCCCC)=C(S3)C4=CC=C(S4)C5=CC(F)=C(C=C5F)C6=CC=C(C)S6)=C2C7=CC(CC(CCCCCCCCCCCC)CCCCCCCCCC)=C(C)S7,ITIC,c12cc3c(cc1C(c1c2sc2c1sc(c2)/C=C\1/C(=C(C#N)C#N)c2c(C1=O)cccc2)(c1ccc(cc1)CCCCCC)c1ccc(cc1)CCCCCC)c1c(C3(c2ccc(cc2)CCCCCC)c2ccc(cc2)CCCCCC)c2c(s1)cc(s2)/C=C\1/C(=C(C#N)C#N)c2c(C1=O)cccc2,7.85,12.8,0.65,0.92
PTFB-O,CC1=CC=C(S1)C2=CC=C(C(F)=C2F)C3=CC=C(S3)C4=C(CC(CCCCCCCCCCCC)CCCCCCCCCC)C=C(C5=C(C(F)=C(C6=NN(N=C56)CCC)C7=CC(CC(CCCCCCCCCC)CCCCCCCCCCCC)=C(S7)C)F)S4,ITIC-Th,O=C(C1=CC=CC=C1C/2=C(C#N)\C#N)C2=C/C3=CC4=C(C(C(C5=CC=C(CCCCCC)S5)(C6=C7C=C8C(C9=CC=C(S9)CCCCCC)(C%10=CC=C(S%10)CCCCCC)C%11=C(SC%12=C%11SC(/C=C%13C(C%14=CC=CC=C%14C\%13=C(C#N)\C#N)=O)=C%12)C8=C6)C(S%15)=CC=C%15CCCCCC)=C7S4)S3,10.9,16.7,0.676,0.92
PTFB-O,CC1=CC=C(S1)C2=CC=C(C(F)=C2F)C3=CC=C(S3)C4=C(CC(CCCCCCCCCCCC)CCCCCCCCCC)C=C(C5=C(C(F)=C(C6=NN(N=C56)CCC)C7=CC(CC(CCCCCCCCCC)CCCCCCCCCCCC)=C(S7)C)F)S4,ITIC,c12cc3c(cc1C(c1c2sc2c1sc(c2)/C=C\1/C(=C(C#N)C#N)c2c(C1=O)cccc2)(c1ccc(cc1)CCCCCC)c1ccc(cc1)CCCCCC)c1c(C3(c2ccc(cc2)CCCCCC)c2ccc(cc2)CCCCCC)c2c(s1)cc(s2)/C=C\1/C(=C(C#N)C#N)c2c(C1=O)cccc2,10.13,15.5,0.7,0.92
PTFB-O,CC1=CC=C(S1)C2=CC=C(C(F)=C2F)C3=CC=C(S3)C4=C(CC(CCCCCCCCCCCC)CCCCCCCCCC)C=C(C5=C(C(F)=C(C6=NN(N=C56)CCC)C7=CC(CC(CCCCCCCCCC)CCCCCCCCCCCC)=C(S7)C)F)S4,ITIC-Th,O=C(C1=CC=CC=C1C/2=C(C#N)\C#N)C2=C/C3=CC4=C(C(C(C5=CC=C(CCCCCC)S5)(C6=C7C=C8C(C9=CC=C(S9)CCCCCC)(C%10=CC=C(S%10)CCCCCC)C%11=C(SC%12=C%11SC(/C=C%13C(C%14=CC=CC=C%14C\%13=C(C#N)\C#N)=O)=C%12)C8=C6)C(S%15)=CC=C%15CCCCCC)=C7S4)S3,10.88,17.1,0.67,0.92
PTCO8,CC1=CC2=C(C3=CC=C(CC(CC)CCCC)S3)C4=C(C=C(S4)C5=CC=C(S5)C)C(C6=CC=C(CC(CCCC)CC)S6)=C2S1C(CCCCCCCC)=O,ITIC,c12cc3c(cc1C(c1c2sc2c1sc(c2)/C=C\1/C(=C(C#N)C#N)c2c(C1=O)cccc2)(c1ccc(cc1)CCCCCC)c1ccc(cc1)CCCCCC)c1c(C3(c2ccc(cc2)CCCCCC)c2ccc(cc2)CCCCCC)c2c(s1)cc(s2)/C=C\1/C(=C(C#N)C#N)c2c(C1=O)cccc2,5.91,14.33,0.415,0.99
PTC8,CCCCCCC1=CC=C(C2=C3C(CC(C)=C3)=C(C4=C2SC(C5=CC=C(S5CCCCCCCC)C)=C4)C6=CC=C(CC(CC)CCCC)S6)S1,ITIC,c12cc3c(cc1C(c1c2sc2c1sc(c2)/C=C\1/C(=C(C#N)C#N)c2c(C1=O)cccc2)(c1ccc(cc1)CCCCCC)c1ccc(cc1)CCCCCC)c1c(C3(c2ccc(cc2)CCCCCC)c2ccc(cc2)CCCCCC)c2c(s1)cc(s2)/C=C\1/C(=C(C#N)C#N)c2c(C1=O)cccc2,4.04,11.57,0.387,0.9
PTC01,CC1=CC2=C(C3=C(C(C4=CC=C(S4)CC(CCCC)CC)=C2C1)C=C(C5=CC=C(C)S5C(C)=O)S3)C6=CC=C(S6)CC(CCCC)CC,ITIC,c12cc3c(cc1C(c1c2sc2c1sc(c2)/C=C\1/C(=C(C#N)C#N)c2c(C1=O)cccc2)(c1ccc(cc1)CCCCCC)c1ccc(cc1)CCCCCC)c1c(C3(c2ccc(cc2)CCCCCC)c2ccc(cc2)CCCCCC)c2c(s1)cc(s2)/C=C\1/C(=C(C#N)C#N)c2c(C1=O)cccc2,9.33,16.91,0.579,0.95
PTBTz-2,O=C(C1=CC2=C(SC(C3=NC=C(S3)C4=CC5=C(C6=C(C(C7=CC=C(S7)CC(CCCC)CC)=C5S4)C=C(C)S6)C8=CC=C(S8)CC(CCCC)CC)=C2S1)C9=NC=C(C)S9)OCC(CCCCCCCC)CCCCCCCCCC,IT-M,O=C(C1=CC=CC=C1C/2=C(C#N)/C#N)C2=C/C3=CC(SC4C5C(C)=C(C(C6=CC=C(C=C6)CCCCCC)(C7=CC=C(C=C7)CCCCCC)C8=CSC9=C8SC(/C=C%10C(C(C=CC=C%11)=C%11C\%10=C(C#N)/C#N)=C)=C9)C=C(C)C5C(C%12=CC=C(C=C%12)CCCCCC)(C%13=CC=C(C=C%13)CCCCCC)C%144)=C%14S3,10.51,17.61,0.618,0.954
PTBFBz,FC1=C(C2=CC=C(C3=CC4=C(C5=CC=C(S5)O)C(SC=C6)=C6C(C7=CC=C(O)S7)=C4O3)S2)C8=NN(CC(CCCCCCCC)CCCCCC)N=C8C(C9=CC=CS9)=C1F,ITIC,c12cc3c(cc1C(c1c2sc2c1sc(c2)/C=C\1/C(=C(C#N)C#N)c2c(C1=O)cccc2)(c1ccc(cc1)CCCCCC)c1ccc(cc1)CCCCCC)c1c(C3(c2ccc(cc2)CCCCCC)c2ccc(cc2)CCCCCC)c2c(s1)cc(s2)/C=C\1/C(=C(C#N)C#N)c2c(C1=O)cccc2,8.33,15.28,0.69,0.79
PTBDD2F-s,FC(C(F)=C1C2=CC(C)=CS2)=C(C=C1)C3=CC=C(S3)C4=C(CC(CCCC)CC)C=C(C5=C(C(C6=C(SC(CC(CCCC)CC)=C6C7=O)CC(CCCC)CC)=O)C7=C(C8=CC(CC(CCCC)CC)=C(S8)C)S5)S4,ITIC,c12cc3c(cc1C(c1c2sc2c1sc(c2)/C=C\1/C(=C(C#N)C#N)c2c(C1=O)cccc2)(c1ccc(cc1)CCCCCC)c1ccc(cc1)CCCCCC)c1c(C3(c2ccc(cc2)CCCCCC)c2ccc(cc2)CCCCCC)c2c(s1)cc(s2)/C=C\1/C(=C(C#N)C#N)c2c(C1=O)cccc2,5.47,11.68,0.46,0.96
PTBDD2F-a,FC(C=C1C2=CC=C(C)S2)=C(C=C1F)C3=CC=C(S3)C4=C(CC(CCCC)CC)C=C(C5=C(C(C6=C(SC(CC(CCCC)CC)=C6C7=O)CC(CCCC)CC)=O)C7=C(C8=CC(CC(CCCC)CC)=C(S8)C)S5)S4,ITIC,c12cc3c(cc1C(c1c2sc2c1sc(c2)/C=C\1/C(=C(C#N)C#N)c2c(C1=O)cccc2)(c1ccc(cc1)CCCCCC)c1ccc(cc1)CCCCCC)c1c(C3(c2ccc(cc2)CCCCCC)c2ccc(cc2)CCCCCC)c2c(s1)cc(s2)/C=C\1/C(=C(C#N)C#N)c2c(C1=O)cccc2,6.6,13.24,0.49,0.96
PTBB-p,CCCCCCC(C=C1)=CC=C1SC(C([H])=C2[H])=CC=C2C(C3=C(C(C4=CC=C(C([H])=C4[H])SC5=CC=C(C=C5)CCCCCC)=C6S7)C=C(C)S3)=C6C=C7C(S8)=CC=C8C(SC(C9=CC=C(C)S9)=C%10%11)=C%10C(C%12=C(CC(CC)CCCCCC)SC(CC(CC)CCCCCC)=C%12C%11=O)=O,ITCPTC,O=C(C1=CSC=C1C/2=C(C#N)\C#N)C2=C/C3=CC(SC(C(C=C4C5(C6=CC=C(C=C6)CCCCCCCC)C7=CC=C(CCCCCCCC)C=C7)=C8C=C4C9=C5C%10=C(C=C(S%10)/C=C%11C(C%12=CSC=C%12C\%11=C(C#N)\C#N)=O)S9)=C%13C8(C%14=CC=C(C=C%14)CCCCCCCC)C%15=CC=C(CCCCCCCC)C=C%15)=C%13S3,9.36,15.76,0.652,0.91
PTBB-o,OC1=C(C(C2=C(SC(C3=CC=C(C)S3)=C2C4=O)C5=CC=C(S5)C6=CC7=C(C8=C(C(C9=CC=C(C([H])=C9SC%10=CC=C(C=C%10)CCCCCC)[H])=C7S6)C=C(C)S8)C%11=CC=C(C([H])=C%11SC%12=CC=C(C=C%12)CCCCCC)[H])=O)C4=C(O)S1,ITCPTC,O=C(C1=CSC=C1C/2=C(C#N)\C#N)C2=C/C3=CC(SC(C(C=C4C5(C6=CC=C(C=C6)CCCCCCCC)C7=CC=C(CCCCCCCC)C=C7)=C8C=C4C9=C5C%10=C(C=C(S%10)/C=C%11C(C%12=CSC=C%12C\%11=C(C#N)\C#N)=O)S9)=C%13C8(C%14=CC=C(C=C%14)CCCCCCCC)C%15=CC=C(CCCCCCCC)C=C%15)=C%13S3,3.09,8.43,0.366,1.0
PTBB-m,OC1=C(C(C2=C(SC(C3=CC=C(C)S3)=C2C4=O)C5=CC=C(S5)C6=CC7=C(C8=C(C(C9=CC=C(C(SC%10=CC=C(C=C%10)CCCCCC)=C9[H])[H])=C7S6)C=C(C)S8)C%11=CC=C(C(SC%12=CC=C(C=C%12)CCCCCC)=C%11[H])[H])=O)C4=C(O)S1,ITCPTC,O=C(C1=CSC=C1C/2=C(C#N)\C#N)C2=C/C3=CC(SC(C(C=C4C5(C6=CC=C(C=C6)CCCCCCCC)C7=CC=C(CCCCCCCC)C=C7)=C8C=C4C9=C5C%10=C(C=C(S%10)/C=C%11C(C%12=CSC=C%12C\%11=C(C#N)\C#N)=O)S9)=C%13C8(C%14=CC=C(C=C%14)CCCCCCCC)C%15=CC=C(CCCCCCCC)C=C%15)=C%13S3,12.22,18.11,0.702,0.96
PTB7-Th,FC1=C(C(OCC(CCCC)CC)=O)SC2=CSC(C3=CC4=C(C5=C(C(C6=CC=C(CC(CC)CCCC)S6)=C4S3)C=CS5)C7=CC=C(CC(CC)CCCC)S7)=C12,DICTF-C10,c1c2c(ccc1)C(=O)/C(=C\c1sc(cc1)c1ccc3c(c1)C(c1c3ccc(c1)c1sc(cc1)/C=C\1/C(=C(C#N)C#N)c3c(C1=O)cccc3)(CCCCCCCCCC)CCCCCCCCCC)/C2=C(C#N)C#N,6.93,16.35,0.5,0.865
PTB7-Th,FC1=C(C(OCC(CCCC)CC)=O)SC2=CSC(C3=CC4=C(C5=C(C(C6=CC=C(CC(CC)CCCC)S6)=C4S3)C=CS5)C7=CC=C(CC(CC)CCCC)S7)=C12,ITIC,c12cc3c(cc1C(c1c2sc2c1sc(c2)/C=C\1/C(=C(C#N)C#N)c2c(C1=O)cccc2)(c1ccc(cc1)CCCCCC)c1ccc(cc1)CCCCCC)c1c(C3(c2ccc(cc2)CCCCCC)c2ccc(cc2)CCCCCC)c2c(s1)cc(s2)/C=C\1/C(=C(C#N)C#N)c2c(C1=O)cccc2,6.91,14.76,0.571,0.82
PTB7-Th,FC1=C(C(OCC(CCCC)CC)=O)SC2=CSC(C3=CC4=C(C5=C(C(C6=CC=C(CC(CC)CCCC)S6)=C4S3)C=CS5)C7=CC=C(CC(CC)CCCC)S7)=C12,IDT-FBTR,FC1=C(C2=CC=C(S2)/C=C3S/C(N(C/3=O)CCCCCCCC)=C(C#N)\C#N)C4=NSN=C4C(C5=CC(C6(C7=CC=C(C=C7)CCCCCC)C(C=C8)=CC=C8CCCCCC)=C(C9=C6C=C%10C(C(C(C=C%11)=CC=C%11CCCCCC)(C%12=C%10SC(C%13=CC(F)=C(C%14=NSN=C%13%14)C%15=CC=C(S%15)/C=C%16S/C(N(C/%16=O)CCCCCCCC)=C(C#N)/C#N)=C%12)C(C=C%17)=CC=C%17CCCCCC)=C9)S5)=C1,9.14,15.18,0.576,1.02
PTB7-Th,FC1=C(C(OCC(CCCC)CC)=O)SC2=CSC(C3=CC4=C(C5=C(C(C6=CC=C(CC(CC)CCCC)S6)=C4S3)C=CS5)C7=CC=C(CC(CC)CCCC)S7)=C12,ITIC,c12cc3c(cc1C(c1c2sc2c1sc(c2)/C=C\1/C(=C(C#N)C#N)c2c(C1=O)cccc2)(c1ccc(cc1)CCCCCC)c1ccc(cc1)CCCCCC)c1c(C3(c2ccc(cc2)CCCCCC)c2ccc(cc2)CCCCCC)c2c(s1)cc(s2)/C=C\1/C(=C(C#N)C#N)c2c(C1=O)cccc2,6.62,14.34,0.58,0.8
PTB7-Th,FC1=C(C(OCC(CCCC)CC)=O)SC2=CSC(C3=CC4=C(C5=C(C(C6=CC=C(CC(CC)CCCC)S6)=C4S3)C=CS5)C7=CC=C(CC(CC)CCCC)S7)=C12,IEICO-4F,FC1=CC2=C(C(/C(C2=O)=C/C3=CC(OCC(CC)CCCC)=C(S3)C4=CC5=C(S4)C6=CC(C7(C8=CC=C(CCCCCC)C=C8)C9=CC=C(CCCCCC)C=C9)=C(C%10=C7C=C(S%10)C%11=C(OCC(CC)CCCC)C=C(S%11)/C=C(/C(C%12=C%13C=C(F)C(F)=C%12)=C(C#N)\C#N)C%13=O)C=C6C5(C%14=CC=C(CCCCCC)C=C%14)C%15=CC=C(CCCCCC)C=C%15)=C(C#N)/C#N)C=C1F,12.8,27.3,0.657,0.712
PTB7-Th,FC1=C(C(OCC(CCCC)CC)=O)SC2=CSC(C3=CC4=C(C5=C(C(C6=CC=C(CC(CC)CCCC)S6)=C4S3)C=CS5)C7=CC=C(CC(CC)CCCC)S7)=C12,ITIC,c12cc3c(cc1C(c1c2sc2c1sc(c2)/C=C\1/C(=C(C#N)C#N)c2c(C1=O)cccc2)(c1ccc(cc1)CCCCCC)c1ccc(cc1)CCCCCC)c1c(C3(c2ccc(cc2)CCCCCC)c2ccc(cc2)CCCCCC)c2c(s1)cc(s2)/C=C\1/C(=C(C#N)C#N)c2c(C1=O)cccc2,7.8,14.4,0.66,0.825
PTB7-Th,FC1=C(C(OCC(CCCC)CC)=O)SC2=CSC(C3=CC4=C(C5=C(C(C6=CC=C(CC(CC)CCCC)S6)=C4S3)C=CS5)C7=CC=C(CC(CC)CCCC)S7)=C12,IDTT-T,O=C(N(C(N(C/1=O)CC)=S)CC)C1=C\C(S2)=CC3=C2C4=C(S3)C(C=C5C(C6=CC=C(C=C6)CCCCCC)(C7=CC=C(C=C7)CCCCCC)C8=C(SC9=C8SC(/C=C%10C(N(C(N(C\%10=O)CC)=S)CC)=O)=C9)C5=C%11)=C%11C(C%12=CC=C(C=C%12)CCCCCC)4C(C=C%13)=CC=C%13CCCCCC,9.1,15.7,0.57,1.015
PTB7-Th,FC1=C(C(OCC(CCCC)CC)=O)SC2=CSC(C3=CC4=C(C5=C(C(C6=CC=C(CC(CC)CCCC)S6)=C4S3)C=CS5)C7=CC=C(CC(CC)CCCC)S7)=C12,pO-ITIC,c12cc3c(cc1C(c1c2sc2c1sc(c2)/C=C\1/C(=C(C#N)C#N)c2c(C1=O)cccc2)(c1ccc(cc1)OCCCCCC)c1ccc(cc1)OCCCCCC)c1c(C3(c2ccc(cc2)OCCCCCC)c2ccc(cc2)OCCCCCC)c2c(s1)cc(s2)/C=C\1/C(=C(C#N)C#N)c2c(C1=O)cccc2,7.51,14.79,0.591,0.8
PTB7-Th,FC1=C(C(OCC(CCCC)CC)=O)SC2=CSC(C3=CC4=C(C5=C(C(C6=CC=C(CC(CC)CCCC)S6)=C4S3)C=CS5)C7=CC=C(CC(CC)CCCC)S7)=C12,mO-ITIC,c12cc3c(cc1C(c1c2sc2c1sc(c2)/C=C\1/C(=C(C#N)C#N)c2c(C1=O)cccc2)(c1cccc(c1)OCCCCCC)c1cc(ccc1)OCCCCCC)c1c(C3(c2cc(ccc2)OCCCCCC)c2cccc(c2)OCCCCCC)c2c(s1)cc(s2)/C=C\1/C(=C(C#N)C#N)c2c(C1=O)cccc2,7.33,14.19,0.601,0.8
PTB7-Th,FC1=C(C(OCC(CCCC)CC)=O)SC2=CSC(C3=CC4=C(C5=C(C(C6=CC=C(CC(CC)CCCC)S6)=C4S3)C=CS5)C7=CC=C(CC(CC)CCCC)S7)=C12,FpO-ITIC,c12cc3c(cc1C(c1c2sc2c1sc(c2)/C=C\1/C(=C(C#N)C#N)c2c(C1=O)cccc2)(c1ccc(c(c1)F)OCCCCCC)c1cc(c(cc1)OCCCCCC)F)c1c(C3(c2cc(c(cc2)OCCCCCC)F)c2ccc(c(c2)F)OCCCCCC)c2c(s1)cc(s2)/C=C\1/C(=C(C#N)C#N)c2c(C1=O)cccc2,6.17,12.99,0.567,0.78
PTB7-Th,FC1=C(C(OCC(CCCC)CC)=O)SC2=CSC(C3=CC4=C(C5=C(C(C6=CC=C(CC(CC)CCCC)S6)=C4S3)C=CS5)C7=CC=C(CC(CC)CCCC)S7)=C12,ITIC,c12cc3c(cc1C(c1c2sc2c1sc(c2)/C=C\1/C(=C(C#N)C#N)c2c(C1=O)cccc2)(c1ccc(cc1)CCCCCC)c1ccc(cc1)CCCCCC)c1c(C3(c2ccc(cc2)CCCCCC)c2ccc(cc2)CCCCCC)c2c(s1)cc(s2)/C=C\1/C(=C(C#N)C#N)c2c(C1=O)cccc2,7.31,13.82,0.616,0.8
PTB7-Th,FC1=C(C(OCC(CCCC)CC)=O)SC2=CSC(C3=CC4=C(C5=C(C(C6=CC=C(CC(CC)CCCC)S6)=C4S3)C=CS5)C7=CC=C(CC(CC)CCCC)S7)=C12,ITIC-Th,O=C(C1=CC=CC=C1C/2=C(C#N)\C#N)C2=C/C3=CC4=C(C(C(C5=CC=C(CCCCCC)S5)(C6=C7C=C8C(C9=CC=C(S9)CCCCCC)(C%10=CC=C(S%10)CCCCCC)C%11=C(SC%12=C%11SC(/C=C%13C(C%14=CC=CC=C%14C\%13=C(C#N)\C#N)=O)=C%12)C8=C6)C(S%15)=CC=C%15CCCCCC)=C7S4)S3,8.5,16.07,0.672,0.8
PTB7-Th,FC1=C(C(OCC(CCCC)CC)=O)SC2=CSC(C3=CC4=C(C5=C(C(C6=CC=C(CC(CC)CCCC)S6)=C4S3)C=CS5)C7=CC=C(CC(CC)CCCC)S7)=C12,6TIC,O=C(C1=C(C=CC=C1)C/2=C(C#N)\C#N)C2=C/C3=CC4=C(C(C5(C6=CC=C(CCCCCC)C=C6)C7=CC=C(CCCCCC)C=C7)=C(C8=C5C(SC9=C%10C(C%11=CC=C(CCCCCC)C=C%11)(C%12=C9SC%13=C%12SC(/C=C%14C(C%15=C(C=CC=C%15)C\%14=C(C#N)\C#N)=O)=C%13)C%16=CC=C(CCCCCC)C=C%16)=C%10S8)S4)S3,11.07,20.11,0.662,0.831
PTB7-Th,FC1=C(C(OCC(CCCC)CC)=O)SC2=CSC(C3=CC4=C(C5=C(C(C6=CC=C(CC(CC)CCCC)S6)=C4S3)C=CS5)C7=CC=C(CC(CC)CCCC)S7)=C12,SiOTIC-4F,c1c2c(cc(c1F)F)C(=O)/C(=C\c1cc(c(s1)c1sc3c(c1)[Si@](c1c3sc(c1)c1c(cc(s1)/C=C\1/C(=C(C#N)C#N)c3c(C1=O)cc(c(c3)F)F)OC[C@H](CCCC)CC)(C[C@@H](CC)CCCC)C[C@H](CC)CCCC)OC[C@H](CCCC)CC)/C2=C(C#N)C#N,9.0,21.6,0.614,0.65
PTB7-Th,FC1=C(C(OCC(CCCC)CC)=O)SC2=CSC(C3=CC4=C(C5=C(C(C6=CC=C(CC(CC)CCCC)S6)=C4S3)C=CS5)C7=CC=C(CC(CC)CCCC)S7)=C12,COTIC-4F,c1c2c(cc(c1F)F)C(=O)/C(=C\c1cc(c(s1)c1sc3c(c1)[C@](c1c3sc(c1)c1c(cc(s1)/C=C\1/C(=C(C#N)C#N)c3c(C1=O)cc(c(c3)F)F)OC[C@H](CCCC)CC)(C[C@@H](CC)CCCC)C[C@H](CC)CCCC)OC[C@H](CCCC)CC)/C2=C(C#N)C#N,7.4,20.3,0.563,0.56
PTB7-Th,FC1=C(C(OCC(CCCC)CC)=O)SC2=CSC(C3=CC4=C(C5=C(C(C6=CC=C(CC(CC)CCCC)S6)=C4S3)C=CS5)C7=CC=C(CC(CC)CCCC)S7)=C12,ITIC-2F,O=C(C1=C(F)C=CC=C1C/2=C(C#N)\C#N)C2=C/C3=CC(SC4=C5C(C6=CC=C(C=C6)CCCCCC)(C7=CC(C8=C(C9(C%10=CC=C(C=C%10)CCCCCC)C%11=CC=C(C=C%11)CCCCCC)C%12=C(C=C(S%12)/C=C%13C(C(C(C\%13=C(C#N)\C#N)=CC=C%14)=C%14F)=O)S8)=C9C=C74)C(C=C%15)=CC=C%15CCCCCC)=C5S3,8.7,16.2,0.7,0.748
PTB7-Th,FC1=C(C(OCC(CCCC)CC)=O)SC2=CSC(C3=CC4=C(C5=C(C(C6=CC=C(CC(CC)CCCC)S6)=C4S3)C=CS5)C7=CC=C(CC(CC)CCCC)S7)=C12,IOTIC-2F,O=C(C1=C(C=CC=C1F)C/2=C(C#N)/C#N)C2=C/C3=CC(OCC(CCCC)CC)=C(C4=CC5=C(C6=CC(C(C7=CC=C(C=C7)CCCCCC)(C8=C9SC(C%10=C(OCC(CC)CC)C=C(/C=C%11C(C(C(F)=CC=C%12)=C%12C\%11=C(C#N)\[N+]#[C-])=O)S%10)=C8)C%13=CC=C(C=C%13)CCCCCC)=C9C=C6C(C%14=CC=C(C=C%14)CCCCCC)5C%15=CC=C(C=C%15)CCCCCC)S4)S3,12.1,21.9,0.65,0.817
PTB7-Th,FC1=C(C(OCC(CCCC)CC)=O)SC2=CSC(C3=CC4=C(C5=C(C(C6=CC=C(CC(CC)CCCC)S6)=C4S3)C=CS5)C7=CC=C(CC(CC)CCCC)S7)=C12,ITOTIC-2F,O=C(C1=C(F)C=CC=C1C/2=C(C#N)\C#N)C2=C/C3=CC(OCC(CC)CCCC)=C(C4=CC5=C(S4)C(C(C6=CC=C(C=C6)CCCCCC)(C7=C8C=C9C(C%10=C(C9(C%11=CC=C(C=C%11)CCCCCC)C%12=CC=C(C=C%12)CCCCCC)C%13=C(C=C(S%13)C%14=C(OCC(CCCC)CC)C=C(/C=C%15C(C%16=C(F)C=CC=C%16C\%15=C(C#N)\C#N)=O)S%14)S%10)=C7)C%17=CC=C(C=C%17)CCCCCC)=C8S5)S3,3.7,7.0,0.61,0.785
PTB7-Th,FC1=C(C(OCC(CCCC)CC)=O)SC2=CSC(C3=CC4=C(C5=C(C(C6=CC=C(CC(CC)CCCC)S6)=C4S3)C=CS5)C7=CC=C(CC(CC)CCCC)S7)=C12,Para-TrBRCN,c1c(cc2c(c1)C(c1c2c2c(c3c1c1c(C3(CCCC)CCCC)ccc(c1)c1ccc(c3c1nsn3)/C=c/1\sc(=C(C#N)C#N)n(c1=O)CC)c1c(C2(CCCC)CCCC)ccc(c1)c1ccc(c2c1nsn2)/C=c/1\sc(=C(C#N)C#N)n(c1=O)CC)(CCCC)CCCC)c1ccc(c2c1nsn2)/C=c/1\sc(=C(C#N)C#N)n(c1=O)CC,8.29,13.75,0.635,0.95
PTB7-Th,FC1=C(C(OCC(CCCC)CC)=O)SC2=CSC(C3=CC4=C(C5=C(C(C6=CC=C(CC(CC)CCCC)S6)=C4S3)C=CS5)C7=CC=C(CC(CC)CCCC)S7)=C12,Meta-TrBRCN,c1c(c2c(c(c1)c1ccc3c(c1)C(c1c3c3c(c4c1c1c(C4(CCCC)CCCC)cc(cc1)c1ccc(c4c1nsn4)/C=c/1\sc(=C(C#N)C#N)n(c1=O)CC)c1c(C3(CCCC)CCCC)cc(cc1)c1ccc(c3c1nsn3)/C=c/1\sc(=C(C#N)C#N)n(c1=O)CC)(CCCC)CCCC)nsn2)/C=c/1\sc(=C(C#N)C#N)n(c1=O)CC,10.15,16.75,0.645,0.94
PTB7-Th,FC1=C(C(OCC(CCCC)CC)=O)SC2=CSC(C3=CC4=C(C5=C(C(C6=CC=C(CC(CC)CCCC)S6)=C4S3)C=CS5)C7=CC=C(CC(CC)CCCC)S7)=C12,ITIC,c12cc3c(cc1C(c1c2sc2c1sc(c2)/C=C\1/C(=C(C#N)C#N)c2c(C1=O)cccc2)(c1ccc(cc1)CCCCCC)c1ccc(cc1)CCCCCC)c1c(C3(c2ccc(cc2)CCCCCC)c2ccc(cc2)CCCCCC)c2c(s1)cc(s2)/C=C\1/C(=C(C#N)C#N)c2c(C1=O)cccc2,6.8,14.21,0.591,0.81
PTB7-Th,FC1=C(C(OCC(CCCC)CC)=O)SC2=CSC(C3=CC4=C(C5=C(C(C6=CC=C(CC(CC)CCCC)S6)=C4S3)C=CS5)C7=CC=C(CC(CC)CCCC)S7)=C12,IEICO-4Cl,O=C(C1=CC(Cl)=C(C=C1C/2=C(C#N)\C#N)Cl)C2=C/C3=CC(OCCCCCCCC)=C(C4=CC5=C(C6=CC7=C(C8=C(C7(C9=CC=C(C=C9)CCCCCC)C%10=CC=C(C=C%10)CCCCCC)C=C(C%11=C(OCCCCCCCC)C=C(/C=C%12C(C%13=CC(Cl)=C(C=C%13C\%12=C(C#N)\C#N)Cl)=O)S%11)S8)C=C6C5(C%14=CC=C(C=C%14)CCCCCC)C%15=CC=C(C=C%15)CCCCCC)S4)S3,10.3,22.8,0.62,0.727
PTB7-Th,FC1=C(C(OCC(CCCC)CC)=O)SC2=CSC(C3=CC4=C(C5=C(C(C6=CC=C(CC(CC)CCCC)S6)=C4S3)C=CS5)C7=CC=C(CC(CC)CCCC)S7)=C12,NCBDT,FC(C=C1)=CC2=C1C(C(/C2=C(C#N)/C#N)CC(S3)=CC4=C3C(S5)=C(C(C6=CC=C(CCCCCC)C=C6)4C7=CC=C(CCCCCC)C=C7)C(C5=C8CCCCCCCC)=C(CCCCCCCC)C9=C8C(C%10(C%11=CC=C(CCCCCC)C=C%11)C%12=CC=C(CCCCCC)C=C%12)=C(S9)C(S%13)=C%10C=C%13/C=C(/C%14=C(C#N)\C#N)C(C%15=C%14C=C(F)C=C%15)=O)=O,9.89,18.64,0.685,0.775
PTB7-Th,FC1=C(C(OCC(CCCC)CC)=O)SC2=CSC(C3=CC4=C(C5=C(C(C6=CC=C(CC(CC)CCCC)S6)=C4S3)C=CS5)C7=CC=C(CC(CC)CCCC)S7)=C12,NFBDT,[H]C1=C2C(C(C(C3=C4SC(CC5/C(C(C=C([H])C=C6)=C6C5=O)=C(C#N)/C#N)=C3)(C7=CC=C(CCCCCC)C=C7)C8=CC=C(CCCCCC)C=C8)=C4S2)=C([H])C9=C1C(C%10(C%11=CC=C(CCCCCC)C=C%11)C%12=CC=C(CCCCCC)C=C%12)=C(S9)C(S%13)=C%10C=C%13/C=C(/C%14=C(C#N)\C#N)C(C%15=C%14C=C([H])C=C%15)=O,6.74,14.59,0.58,0.8
PTB7-Th,FC1=C(C(OCC(CCCC)CC)=O)SC2=CSC(C3=CC4=C(C5=C(C(C6=CC=C(CC(CC)CCCC)S6)=C4S3)C=CS5)C7=CC=C(CC(CC)CCCC)S7)=C12,NOBDT,O=C(C1=CC=CC=C1C/2=C(C#N)/C#N)C2=C/C3=CC4=C(C5=C(C(C6=CC=C(C=C6)CCCCCC)4C7=CC=C(C=C7)CCCCCC)C8=C(S5)C(OCCCCCCCC)=C9C(C(C%10=CC=C(C=C%10)CCCCCC)(C%11=C%12SC(/C=C%13C(C%14=CC=CC=C%14C\%13=C(C#N)/C#N)=O)=C%11)C%15=CC=C(CCCCCC)C=C%15)=C%12SC9=C8OCCCCCCCC)S3,10.55,19.16,0.7,0.77
PTB7-Th,FC1=C(C(OCC(CCCC)CC)=O)SC2=CSC(C3=CC4=C(C5=C(C(C6=CC=C(CC(CC)CCCC)S6)=C4S3)C=CS5)C7=CC=C(CC(CC)CCCC)S7)=C12,3TT-FIC,c1(cc2c(cc1F)C(=O)/C(=C\c1cc3c(s1)c1c(s3)c3c([C@@]1(c1ccc(cc1)C[C@H](CCCC)CC)c1ccc(cc1)C[C@@H](CCCC)CC)c1c(s3)c3c(s1)c1c([C@@]3(c3ccc(cc3)C[C@@H](CCCC)CC)c3ccc(cc3)C[C@H](CCCC)CC)c3c(s1)cc(s3)/C=C/1\C(=O)c3c(C1=C(C#N)C#N)cc(c(c3)F)F)/C2=C(C#N)C#N)F,12.21,25.89,0.712,0.662
PTB7-Th,FC1=C(C(OCC(CCCC)CC)=O)SC2=CSC(C3=CC4=C(C5=C(C(C6=CC=C(CC(CC)CCCC)S6)=C4S3)C=CS5)C7=CC=C(CC(CC)CCCC)S7)=C12,FRd2,C1(=S)S/C(=C/c2oc(cc2)c2ccc(c3c2nsn3)c2cc3c(cc2)c2c([C@@]3(C[C@@H](CC)CCCC)C[C@H](CC)CCCC)cc(cc2)c2c3c(c(cc2)c2ccc(o2)/C=C/2\C(=O)N(C(=S)S2)CC)nsn3)/C(=O)N1CC,9.4,15.7,0.723,0.833
PTB7-Th,FC1=C(C(OCC(CCCC)CC)=O)SC2=CSC(C3=CC4=C(C5=C(C(C6=CC=C(CC(CC)CCCC)S6)=C4S3)C=CS5)C7=CC=C(CC(CC)CCCC)S7)=C12,FBM,N#C/C(C#N)=C/C(C1=NSN=C21)=CC=C2C3=CC=C(C4=CC=C(C=C45)C6=CC=C(C7=NSN=C67)/C=C(C#N)\C#N)C(C5(CCCCCCCC)CCCCCCCC)=C3,5.1,11.2,0.51,0.88
PTB7-Th,FC1=C(C(OCC(CCCC)CC)=O)SC2=CSC(C3=CC4=C(C5=C(C(C6=CC=C(CC(CC)CCCC)S6)=C4S3)C=CS5)C7=CC=C(CC(CC)CCCC)S7)=C12,CBM,N#C/C(C#N)=C/C1=CC=C(C2=CC=C3C4=CC=C(C5=CC=C(/C=C(C#N)/C#N)C6=NSN=C56)C=C4N(C(CCCCCCCC)CCCCCCCC)C3=C2)C7=NSN=C17,5.3,10.6,0.53,0.88
PTB7-Th,FC1=C(C(OCC(CCCC)CC)=O)SC2=CSC(C3=CC4=C(C5=C(C(C6=CC=C(CC(CC)CCCC)S6)=C4S3)C=CS5)C7=CC=C(CC(CC)CCCC)S7)=C12,CDTBM,N#C/C(C#N)=C/C(C1=NSN=C21)=CC=C2C3=CC(C4(CCCCCCCC)CCCCCCCC)=C(C5=C4C=C(C6=CC=C(C7=NSN=C67)/C=C(C#N)\C#N)S5)S3,5.0,11.9,0.6,0.66
PTB7-Th,FC1=C(C(OCC(CCCC)CC)=O)SC2=CSC(C3=CC4=C(C5=C(C(C6=CC=C(CC(CC)CCCC)S6)=C4S3)C=CS5)C7=CC=C(CC(CC)CCCC)S7)=C12,IHIC-N,O=C(C(C=CC=C1)=C1C/2=C(C#N)/C#N)C2=C/C3=CC(C4(CCCCCCCC)CCCCCCCC)=C(C3)C(C4=C5)=CC(C5=C6)=CC7=C6C8=C(C7(CCCCCCCC)CCCCCCCC)C=C(/C=C9C(C(C=CC=C%10)=C%10C\9=C(C#N)/C#N)=O)C8,6.91,13.5,0.606,0.846
PTB7-Th,FC1=C(C(OCC(CCCC)CC)=O)SC2=CSC(C3=CC4=C(C5=C(C(C6=CC=C(CC(CC)CCCC)S6)=C4S3)C=CS5)C7=CC=C(CC(CC)CCCC)S7)=C12,IHIC,O=C1C2=C(C=CC=C2)C(/C1=C\C3=CC4=C(C5=C(C4(C6=CC=C(C=C6)CCCCCC)C7=CC=C(C=C7)CCCCCC)C(SC8=C9C(C%10=CC=C(C=C%10)CCCCCC)(C%11=C8SC(/C=C%12C(C(C=CC=C%13)=C%13C\%12=C(C#N)\C#N)=O)=C%11)C%14=CC=C(C=C%14)CCCCCC)=C9S5)S3)=C(C#N)\C#N,10.6,19.4,0.725,0.752
PTB7-Th,FC1=C(C(OCC(CCCC)CC)=O)SC2=CSC(C3=CC4=C(C5=C(C(C6=CC=C(CC(CC)CCCC)S6)=C4S3)C=CS5)C7=CC=C(CC(CC)CCCC)S7)=C12,IEIC,O=C(C1=CC=CC=C1C/2=C(C#N)\C#N)C2=C/C3=CC(CC(CCCC)CC)=C(S3)C4=CC(C5(C6=CC=C(CCCCCC)C=C6)C7=CC=C(CCCCCC)C=C7)=C(C8=CC9=C(C%10=C(C9(C%11=CC=C(CCCCCC)C=C%11)C%12=CC=C(C=C%12)CCCCCC)C=C(C%13=C(CC(CC)CCCC)C=C(/C=C%14C(C%15=CC=CC=C%15C\%14=C(C#N)\C#N)=O)S%13)S%10)C=C85)S4,6.31,13.55,0.48,0.97
PTB7-Th,FC1=C(C(OCC(CCCC)CC)=O)SC2=CSC(C3=CC4=C(C5=C(C(C6=CC=C(CC(CC)CCCC)S6)=C4S3)C=CS5)C7=CC=C(CC(CC)CCCC)S7)=C12,ATT-1,CCN(C/1=O)/C(SC1=C/C2=C3SC(C(OCCCCCCCC)=O)=CC3=C(C4=CC5=C(C6=CC(C(C7=C8SC(C9=C%10C=C(C(OCCCCCCCC)=O)SC%10=C(/C=C(C%11=O)\S/C(N%11CC)=C(C#N)/C#N)S9)=C7)(C%12=CC=C(CCCCCC)C=C%12)C%13=CC=C(CCCCCC)C=C%13)=C8C=C6C5(C%14=CC=C(CCCCCC)C=C%14)C%15=CC=C(C=C%15)CCCCCC)S4)S2)=C(C#N)/C#N,10.07,16.48,0.7,0.87
PTB7-Th,FC1=C(C(OCC(CCCC)CC)=O)SC2=CSC(C3=CC4=C(C5=C(C(C6=CC=C(CC(CC)CCCC)S6)=C4S3)C=CS5)C7=CC=C(CC(CC)CCCC)S7)=C12,BT-IC,c1cccc2c1C(=C(C#N)C#N)/C(=C/c1cc3c(s1)c1c(C3(c3ccc(cc3)CCCCCC)c3ccc(cc3)CCCCCC)c3c(s1)c(c1c(c3O[C@H](CCCC)CC)sc3c1C(c1c3sc(c1)/C=C\1/C(=C(C#N)C#N)c3c(C1=O)cccc3)(c1ccc(cc1)CCCCCC)c1ccc(cc1)CCCCCC)O[C@@H](CC)CCCC)/C2=O,8.3,17.5,0.596,0.81
PTB7-Th,FC1=C(C(OCC(CCCC)CC)=O)SC2=CSC(C3=CC4=C(C5=C(C(C6=CC=C(CC(CC)CCCC)S6)=C4S3)C=CS5)C7=CC=C(CC(CC)CCCC)S7)=C12,BT-CIC,c1c(c(cc2c1C(=C(C2=O)[CH]c1cc2c(s1)c1c(C2(c2ccc(cc2)CCCCCC)c2ccc(cc2)CCCCCC)c2c(s1)c(c1c(c2O[C@H](CCCC)CC)sc2c1C(c1c2sc(c1)/C=C\1/C(=C(C#N)C#N)c2c(C1=O)cc(c(c2)Cl)Cl)(c1ccc(cc1)CCCCCC)c1ccc(cc1)CCCCCC)O[C@@H](CC)CCCC)[C](C#N)C#N)Cl)Cl,11.2,22.5,0.71,0.7
PTB7-Th,FC1=C(C(OCC(CCCC)CC)=O)SC2=CSC(C3=CC4=C(C5=C(C(C6=CC=C(CC(CC)CCCC)S6)=C4S3)C=CS5)C7=CC=C(CC(CC)CCCC)S7)=C12,DTCC-IC,O=C(C1=C(C=CC=C1)C/2=C(C#N)/C#N)C2=C/C3=CC(C4(C5=CC=C(C=C5)OCCCCCCCC)C6=CC=C(C=C6)OCCCCCCCC)=C(S3)C(C=C78)=C4C=C8C9=CC(C(C%10=CC=C(C=C%10)CCCCCCCCC)(C%11=C%12SC(/C=C%13C(C(C=CC=C%14)=C%14C\%13=C(C#N)/C#N)=O)=C%11)C%15=CC=C(C=C%15)OCCCCCCCC)=C%12C=C9N7CCCCCCCC,6.0,11.23,0.56,0.95
PTB7-Th,FC1=C(C(OCC(CCCC)CC)=O)SC2=CSC(C3=CC4=C(C5=C(C(C6=CC=C(CC(CC)CCCC)S6)=C4S3)C=CS5)C7=CC=C(CC(CC)CCCC)S7)=C12,ITCT,O=C(C1=C2C=CS1)C(/C2=C(C#N)\C#N)=C\C3=CC4=C(S3)C(C(C5=CC=C(CCCCCC)C=C5)(C6=CC=C(CCCCCC)C=C6)C7=C8C=C(C(C9=C%10C%11=C(C=C(S%11)/C=C(/C%12=C(C#N)\[N+]#[C-])C(C%13=C%12C=CS%13)=O)S9)=C7)C%10(C%14=CC=C(CCCCCC)C=C%14)C%15=CC=C(CCCCCC)C=C%15)=C8S4,10.42,15.13,0.72,0.95
PTB7-Th,FC1=C(C(OCC(CCCC)CC)=O)SC2=CSC(C3=CC4=C(C5=C(C(C6=CC=C(CC(CC)CCCC)S6)=C4S3)C=CS5)C7=CC=C(CC(CC)CCCC)S7)=C12,ITIC,O=C(C1=C2C=CS1)C(/C2=C(C#N)\C#N)=C\C3=CC4=C(S3)C(C(C5=CC=C(CCCCCC)C=C5)(C6=CC=C(CCCCCC)C=C6)C7=C8C=C(C(C9=C%10C%11=C(C=C(S%11)/C=C(/C%12=C(C#N)\[N+]#[C-])C(C%13=C%12C=CS%13)=O)S9)=C7)C%10(C%14=CC=C(CCCCCC)C=C%14)C%15=CC=C(CCCCCC)C=C%15)=C8S4,6.91,14.76,0.571,0.82
PTB7-Th,FC1=C(C(OCC(CCCC)CC)=O)SC2=CSC(C3=CC4=C(C5=C(C(C6=CC=C(CC(CC)CCCC)S6)=C4S3)C=CS5)C7=CC=C(CC(CC)CCCC)S7)=C12,NFDTS,c12cc(c(cc1C(=O)/C(=C\c1sc3c(c1)[Si](c1c3sc3c1sc1c3[Si](c3c1sc(c3)/C=C\1/C(=C(C#N)C#N)c3c(C1=O)cc(c(c3)F)F)(CCCCCCCC)CCCCCCCC)(CCCCCCCC)CCCCCCCC)/C2=C(C#N)C#N)F)F,6.15,18.77,0.489,0.665
PTB7-Th,FC1=C(C(OCC(CCCC)CC)=O)SC2=CSC(C3=CC4=C(C5=C(C(C6=CC=C(CC(CC)CCCC)S6)=C4S3)C=CS5)C7=CC=C(CC(CC)CCCC)S7)=C12,NFDTSB,c12cc(c(cc1C(=O)/C(=C\c1sc3c(c1)[Si](c1c3sc3c1c(c1c(c3OC[C@@H](CC)CCCC)c3c(s1)c1c([Si]3(CCCCCCCC)CCCCCCCC)cc(s1)/C=C\1/C(=C(C#N)C#N)c3c(C1=O)cc(c(c3)F)F)OC[C@@H](CC)CCCC)(CCCCCCCC)CCCCCCCC)/C2=C(C#N)C#N)F)F,9.6,20.14,0.633,0.744
PTB7-Th,FC1=C(C(OCC(CCCC)CC)=O)SC2=CSC(C3=CC4=C(C5=C(C(C6=CC=C(CC(CC)CCCC)S6)=C4S3)C=CS5)C7=CC=C(CC(CC)CCCC)S7)=C12,m-MeIC,O=C(C1=C(C)SC=C1C/2=C(C#N)\C#N)C2=C\C3=CC(SC4=C5C(C6=CC(CCCCCC)=CC=C6)(C7=CC=CC(CCCCCC)=C7)C(C4=C8)=CC9=C8C(C%10=CC(CCCCCC)=CC=C%10)(C%11=CC=CC(CCCCCC)=C%11)C%12=C9SC%13=C%12SC(/C=C%14C(C%15=C(C)SC=C%15C/%14=C(C#N)/C)=O)=C%13)=C5S3,8.34,16.52,0.617,0.796
PTB7-Th,FC1=C(C(OCC(CCCC)CC)=O)SC2=CSC(C3=CC4=C(C5=C(C(C6=CC=C(CC(CC)CCCC)S6)=C4S3)C=CS5)C7=CC=C(CC(CC)CCCC)S7)=C12,D5T6F-M,FC1=C(/C=C(C#N)/C#N)SC(C(SC(C(SC(C2=C(CCCCCCCC)C(F)=C(C3=C(CCCCCCCC)C(F)=C(/C=C(C#N)\C#N)S3)S2)=C4F)=C4F)=C5CCCCCCCC)=C5F)=C1CCCCCCCC,4.5,8.7,0.469,1.05
PTB7-Th,FC1=C(C(OCC(CCCC)CC)=O)SC2=CSC(C3=CC4=C(C5=C(C(C6=CC=C(CC(CC)CCCC)S6)=C4S3)C=CS5)C7=CC=C(CC(CC)CCCC)S7)=C12,PhITBD,CCCCCCC(C=C1)=CC=C1C2(C3=CC=C(C=C3)CCCCCC)C4=CC(C(S5)=CC=C5C(C6=NSN=C76)=CC=C7/C=C(C#N)/C#N)=CC=C4C8=C2C=C(S8)C9=CC=C(C%10=NSN=C9%10)/C=C(C#N)\C#N,6.57,14.07,0.62,0.767
PTB7-Th,FC1=C(C(OCC(CCCC)CC)=O)SC2=CSC(C3=CC4=C(C5=C(C(C6=CC=C(CC(CC)CCCC)S6)=C4S3)C=CS5)C7=CC=C(CC(CC)CCCC)S7)=C12,TIDT-BT-R2,O=C(/C(SC1=S)=C\C2=CC=C(C3=NSN=C23)C4=CC=C(S4)C5=CC=C6C(C(C7=CC=C(C=C7)CCCCCC)(C8=C6SC(C9=CC=C(C%10=NSN=C9%10)/C=C%11SC(N(C/%11=O)CC)=S)=C8)C%12=CC=C(C=C%12)CCCCCC)=C5)N1CC,8.7,13.1,0.639,1.04
PTB7-Th,FC1=C(C(OCC(CCCC)CC)=O)SC2=CSC(C3=CC4=C(C5=C(C(C6=CC=C(CC(CC)CCCC)S6)=C4S3)C=CS5)C7=CC=C(CC(CC)CCCC)S7)=C12,TIDT-BT-R6,O=C(/C(SC1=S)=C\C2=CC=C(C3=NSN=C23)C4=CC=C(S4)C5=CC=C6C(C(C7=CC=C(C=C7)CCCCCC)(C8=C6SC(C9=CC=C(C%10=NSN=C9%10)/C=C%11SC(N(C/%11=O)CCCCCC)=S)=C8)C%12=CC=C(C=C%12)CCCCCC)=C5)N1CCCCCC,5.6,10.3,0.523,1.03
PTB7-Th,FC1=C(C(OCC(CCCC)CC)=O)SC2=CSC(C3=CC4=C(C5=C(C(C6=CC=C(CC(CC)CCCC)S6)=C4S3)C=CS5)C7=CC=C(CC(CC)CCCC)S7)=C12,FBRCN,n1(c(=C(C#N)C#N)s/c(=C\c2c3c(c(cc2)c2ccc4c(c2)C(c2c4ccc(c2)c2c4c(c(cc2)/C=c/2\sc(=C(C#N)C#N)n(c2=O)CC)nsn4)(CCCCCCCC)CCCCCCCC)nsn3)/c1=O)CC,3.3,7.8,0.31,0.998
PTB7-Th,FC1=C(C(OCC(CCCC)CC)=O)SC2=CSC(C3=CC4=C(C5=C(C(C6=CC=C(CC(CC)CCCC)S6)=C4S3)C=CS5)C7=CC=C(CC(CC)CCCC)S7)=C12,ITIC,c12cc3c(cc1C(c1c2sc2c1sc(c2)/C=C\1/C(=C(C#N)C#N)c2c(C1=O)cccc2)(c1ccc(cc1)CCCCCC)c1ccc(cc1)CCCCCC)c1c(C3(c2ccc(cc2)CCCCCC)c2ccc(cc2)CCCCCC)c2c(s1)cc(s2)/C=C\1/C(=C(C#N)C#N)c2c(C1=O)cccc2,7.73,15.6,0.609,0.81
PTB7-Th,FC1=C(C(OCC(CCCC)CC)=O)SC2=CSC(C3=CC4=C(C5=C(C(C6=CC=C(CC(CC)CCCC)S6)=C4S3)C=CS5)C7=CC=C(CC(CC)CCCC)S7)=C12,ITIC,c12cc3c(cc1C(c1c2sc2c1sc(c2)/C=C\1/C(=C(C#N)C#N)c2c(C1=O)cccc2)(c1ccc(cc1)CCCCCC)c1ccc(cc1)CCCCCC)c1c(C3(c2ccc(cc2)CCCCCC)c2ccc(cc2)CCCCCC)c2c(s1)cc(s2)/C=C\1/C(=C(C#N)C#N)c2c(C1=O)cccc2,8.73,15.93,0.67,0.81
PTB7-Th,FC1=C(C(OCC(CCCC)CC)=O)SC2=CSC(C3=CC4=C(C5=C(C(C6=CC=C(CC(CC)CCCC)S6)=C4S3)C=CS5)C7=CC=C(CC(CC)CCCC)S7)=C12,EH-IDTBR,C1(=S)N(C(=O)/C(=C/c2c3c(c(cc2)c2sc4c(c2)[C@](c2c4cc4c(c2)c2c([C@]4(C[C@H](CC)CCCC)C[C@@H](CC)CCCC)cc(s2)c2ccc(c4c2nsn4)/C=C/2\SC(=S)N(C2=O)CC)(C[C@@H](CCCC)CC)C[C@H](CCCC)CC)nsn3)/S1)CC,9.45,15.81,0.6,1.0
PTB7-Th,FC1=C(C(OCC(CCCC)CC)=O)SC2=CSC(C3=CC4=C(C5=C(C(C6=CC=C(CC(CC)CCCC)S6)=C4S3)C=CS5)C7=CC=C(CC(CC)CCCC)S7)=C12,IEICO-4F,FC1=CC2=C(C(/C(C2=O)=C/C3=CC(OCC(CC)CCCC)=C(S3)C4=CC5=C(S4)C6=CC(C7(C8=CC=C(CCCCCC)C=C8)C9=CC=C(CCCCCC)C=C9)=C(C%10=C7C=C(S%10)C%11=C(OCC(CC)CCCC)C=C(S%11)/C=C(/C(C%12=C%13C=C(F)C(F)=C%12)=C(C#N)\C#N)C%13=O)C=C6C5(C%14=CC=C(CCCCCC)C=C%14)C%15=CC=C(CCCCCC)C=C%15)=C(C#N)/C#N)C=C1F,11.88,26.36,0.62,0.72
PTB7-Th,FC1=C(C(OCC(CCCC)CC)=O)SC2=CSC(C3=CC4=C(C5=C(C(C6=CC=C(CC(CC)CCCC)S6)=C4S3)C=CS5)C7=CC=C(CC(CC)CCCC)S7)=C12,IEICO-4F,FC1=CC2=C(C(/C(C2=O)=C/C3=CC(OCC(CC)CCCC)=C(S3)C4=CC5=C(S4)C6=CC(C7(C8=CC=C(CCCCCC)C=C8)C9=CC=C(CCCCCC)C=C9)=C(C%10=C7C=C(S%10)C%11=C(OCC(CC)CCCC)C=C(S%11)/C=C(/C(C%12=C%13C=C(F)C(F)=C%12)=C(C#N)\C#N)C%13=O)C=C6C5(C%14=CC=C(CCCCCC)C=C%14)C%15=CC=C(CCCCCC)C=C%15)=C(C#N)/C#N)C=C1F,10.2,21.3,0.68,0.71
PTB7-Th,FC1=C(C(OCC(CCCC)CC)=O)SC2=CSC(C3=CC4=C(C5=C(C(C6=CC=C(CC(CC)CCCC)S6)=C4S3)C=CS5)C7=CC=C(CC(CC)CCCC)S7)=C12,FOIC,CCCCCCC(C=C1)=CC=C1C2(C3=CC=C(C=C3)CCCCCC)C4=C(C5=C2C(SC6=C7C(C8=CC=C(C=C8)CCCCCC)(C9=C6SC%10=C9SC(/C=C%11C(C(C=CC=C%12F)=C%12C\%11=C(C#N)\C#N)=O)=C%10)C%13=CC=C(C=C%13)CCCCCC)=C7S5)SC%14=C4SC(/C=C(C(C%15=CC=CC(F)=C%15%16)=O)/C%16=C(C#N)/C#N)=C%14,11.9,22.5,0.703,0.74
PTB7-Th,FC1=C(C(OCC(CCCC)CC)=O)SC2=CSC(C3=CC4=C(C5=C(C(C6=CC=C(CC(CC)CCCC)S6)=C4S3)C=CS5)C7=CC=C(CC(CC)CCCC)S7)=C12,CTIC-4F,O=C(C1=CC(F)=C(C=C1C/2=C(C#N)\C#N)F)C2=C/C3=CC(CC(CC)CCCC)=C(S3)C4=CC(C5(CC(CC)CCCC)CC(CC)CCCC)=C(C6=C5C=C(C7=C(CC(CC)CCCC)C=C(/C=C8C(C9=CC(F)=C(C=C9C\8=C(C#N)\C#N)F)=O)S7)S6)S4,10.5,23.4,0.64,0.7
PTB7-Th,FC1=C(C(OCC(CCCC)CC)=O)SC2=CSC(C3=CC4=C(C5=C(C(C6=CC=C(CC(CC)CCCC)S6)=C4S3)C=CS5)C7=CC=C(CC(CC)CCCC)S7)=C12,CO1-4F,O=C(C1=CC(F)=C(C=C1C/2=C(C#N)\C#N)F)C2=C/C3=CC(OCC(CCCC)CC)=C(C4=CC5=C(C6=C(C5(CC(CCCC)CC)CC(CC)CCCC)C=C(C7=C(CC(CCCC)CC)C=C(/C=C8C(C9=CC(F)=C(C=C9C\8=C(C#N)\C#N)F)=O)S7)S6)S4)S3,10.2,24.8,0.64,0.64
PTB7-Th,FC1=C(C(OCC(CCCC)CC)=O)SC2=CSC(C3=CC4=C(C5=C(C(C6=CC=C(CC(CC)CCCC)S6)=C4S3)C=CS5)C7=CC=C(CC(CC)CCCC)S7)=C12,COTIC-4F,c1c2c(cc(c1F)F)C(=O)/C(=C\c1cc(c(s1)c1sc3c(c1)[C@](c1c3sc(c1)c1c(cc(s1)/C=C\1/C(=C(C#N)C#N)c3c(C1=O)cc(c(c3)F)F)OC[C@H](CCCC)CC)(C[C@@H](CC)CCCC)C[C@H](CC)CCCC)OC[C@H](CCCC)CC)/C2=C(C#N)C#N,7.3,20.7,0.61,0.57
PTB7-Th,FC1=C(C(OCC(CCCC)CC)=O)SC2=CSC(C3=CC4=C(C5=C(C(C6=CC=C(CC(CC)CCCC)S6)=C4S3)C=CS5)C7=CC=C(CC(CC)CCCC)S7)=C12,IEICS-4F,O=C(C1=CC(F)=C(C=C1C/2=C(C#N)\C#N)F)C2=C/C3=CC(SCC(CC)CCCC)=C(C4=CC5=C(C6=CC7=C(C8=C(C7(C9=CC=C(CCCCCC)C=C9)C%10=CC=C(CCCCCC)C=C%10)C=C(C%11=C(SCC(CCCC)CC)C=C(/C=C%12C(C%13=CC(F)=C(C=C%13C\%12=C(C#N)\C#N)F)=O)S%11)S8)C=C6C5(C%14=CC=C(CCCCCC)C=C%14)C%15=CC=C(CCCCCC)C=C%15)S4)S3,7.5,16.97,0.58,0.72
PTB7-Th,FC1=C(C(OCC(CCCC)CC)=O)SC2=CSC(C3=CC4=C(C5=C(C(C6=CC=C(CC(CC)CCCC)S6)=C4S3)C=CS5)C7=CC=C(CC(CC)CCCC)S7)=C12,COi8DFIC,FC1=C(F)C=C(C/2=C(C#N)\C#N)C(C(C2=C/C(S3)=CC(S4)=C3C5=C4C(SC6=C7SC8=C6OC(C9=C8CC%10=C9SC(/C=C%11C(C%12=CC(F)=C(F)C=C%12C\%11=C(C#N)/C#N)=O)=C%10)(C%13=CC=C(CCCCCC)C=C%13)C%14=CC=C(CCCCCC)C=C%14)=C7OC5(C%15=CC=C(CCCCCC)C=C%15)C%16=CC=C(CCCCCC)C=C%16)=O)=C1,11.47,23.45,0.689,0.71
PTB7-Th,FC1=C(C(OCC(CCCC)CC)=O)SC2=CSC(C3=CC4=C(C5=C(C(C6=CC=C(CC(CC)CCCC)S6)=C4S3)C=CS5)C7=CC=C(CC(CC)CCCC)S7)=C12,T2-ORH,O=C(/C(SC1=S)=C/C2=CC=C(S2)C3=CC=C(S3)/C=C4SC(N(C\4=O)CCCCCCCC)=S)N1CCCCCCCC,9.33,14.72,0.59,1.07
PTB7-Th,FC1=C(C(OCC(CCCC)CC)=O)SC2=CSC(C3=CC4=C(C5=C(C(C6=CC=C(CC(CC)CCCC)S6)=C4S3)C=CS5)C7=CC=C(CC(CC)CCCC)S7)=C12,T1,FC1=C(C(OC(CC)CCCCC)=O)SC2=C(/C=C3C(C4=C(C=C(C([H])=C4)[H])C\3=C(C#N)\C#N)=O)SC(C5=CC6=C(S5)C7=C(C=C(C(C8(C9C=CC(CCCCCC)=CC9)C%10=CC=C(C=C%10)CCCCCC)=C7)C%11=C8C=C(S%11)C%12=C%13C(SC(C(OC(CC)CCCCC)=O)=C%13F)=C(S%12)/C=C%14C(C%15=C(C=C(C([H])=C%15)[H])C\%14=C(C#N)\C#N)=O)C6(C%16=CC=C(C=C%16)CCCCCC)C%17=CC=C(C=C%17)CCCCCC)=C12,9.82,20.95,0.65,0.72
PTB7-Th,FC1=C(C(OCC(CCCC)CC)=O)SC2=CSC(C3=CC4=C(C5=C(C(C6=CC=C(CC(CC)CCCC)S6)=C4S3)C=CS5)C7=CC=C(CC(CC)CCCC)S7)=C12,T3,FC1=C(C(OC(CC)CCCCC)=O)SC2=C(/C=C3C(C4=C(C=C(C(F)=C4)F)C\3=C(C#N)\C#N)=O)SC(C5=CC6=C(S5)C7=C(C=C(C(C8(C9C=CC(CCCCCC)=CC9)C%10=CC=C(C=C%10)CCCCCC)=C7)C%11=C8C=C(S%11)C%12=C%13C(SC(C(OC(CC)CCCCC)=O)=C%13F)=C(S%12)/C=C%14C(C%15=C(C=C(C(F)=C%15)F)C\%14=C(C#N)\C#N)=O)C6(C%16=CC=C(C=C%16)CCCCCC)C%17=CC=C(C=C%17)CCCCCC)=C12,9.43,22.0,0.7,0.61
PTB7-Th,FC1=C(C(OCC(CCCC)CC)=O)SC2=CSC(C3=CC4=C(C5=C(C(C6=CC=C(CC(CC)CCCC)S6)=C4S3)C=CS5)C7=CC=C(CC(CC)CCCC)S7)=C12,T4,FC1=CC(C(C2=C/C3=C4C(C(F)=C(C(OC(CC)CCCCC)=O)S4)=C(C5=CC6=C(C7=C(C6(C8=CC=C(CCCCCC)C=C8)C9=CC=C(CCCCCC)C=C9)C=C(C%10=C%11C=C(C%12=C%13C(SC(C(OC(CC)CCCCC)=O)=C%13F)=C(/C=C%14C(C%15=C(C\%14=C(C#N)\C#N)C=C([H])C(F)=C%15)=O)S%12)S%10)C(C%11(C%16=CC=C(CCCCCC)C=C%16)C%17C=CC(CCCCCC)=CC%17)=C7)S5)S3)=O)=C(C/2=C(C#N)/C#N)C=C1[H],7.01,18.57,0.62,0.61
PTB7-Th,FC1=C(C(OCC(CCCC)CC)=O)SC2=CSC(C3=CC4=C(C5=C(C(C6=CC=C(CC(CC)CCCC)S6)=C4S3)C=CS5)C7=CC=C(CC(CC)CCCC)S7)=C12,T2,O=C(C/1=C\C2=C(SC(C(OC(CC)CCCCC)=O)=C3F)C3=C(C4=CC(C5(C6=CC=C(C(CCCCC)=O)C=C6)C7=CC=C(C(CCCCC)=O)C=C7)=C(C8=C5C=C(C9=C%10C=C(C%11=C%12C(SC(C(OC(CC)CCCCC)=O)=C%12F)=C(/C=C%13C(C%14=C(C\%13=C(C#N)/C#N)C=C([H])C(F)=C%14)=O)S%11)S9)C(C%10(C%15=CC=C(C(CCCCC)=O)C=C%15)C%16C=CC(C(CCCCC)=O)=CC%16)=C8)S4)S2)C%17=C(C1=C(C#N)/C#N)C=C([H])C(F)=C%17,10.87,24.85,0.67,0.65
PTB7-Th,FC1=C(C(OCC(CCCC)CC)=O)SC2=CSC(C3=CC4=C(C5=C(C(C6=CC=C(CC(CC)CCCC)S6)=C4S3)C=CS5)C7=CC=C(CC(CC)CCCC)S7)=C12,BTTFIC,O=C(C1=CC=CC=C1C/2=C(C#N)/C#N)C2=C/C3=CC(SC4=C5C(CCCCCCCC)(CCCCCCCC)C6=C4C=C7C(C8=CC(C(C9=C%10SC%11=C9SC(/C=C%12C(C%13=C(C=CC=C%13)C\%12=C(C#N)/C#N)=O)=C%11)(CCCCCCCC)CCCCCCCC)=C%10C=C8C7(CCCCCCCC)CCCCCCCC)=C6)=C5S3,8.47,17.22,0.54,0.869
PTB7-Th,FC1=C(C(OCC(CCCC)CC)=O)SC2=CSC(C3=CC4=C(C5=C(C(C6=CC=C(CC(CC)CCCC)S6)=C4S3)C=CS5)C7=CC=C(CC(CC)CCCC)S7)=C12,Py-1,O=C(N(C)C(C(C#N)=C/1C)=O)C1=C/C2=CC(CCCCCC)=C(S2)C3=CC(CCCCCC)=C(S3)C4=CC(N5C(CCCCCCCC)CCCCCCCC)=C(C6=C5C=C(C7=C(CCCCCC)C=C(C8=C(CCCCCC)C=C(/C=C9C(N(C(C(C#N)=C\9C)=O)CCCC)=O)S8)S7)S6)S4,6.03,12.09,0.65,0.74
PTB7-Th,FC1=C(C(OCC(CCCC)CC)=O)SC2=CSC(C3=CC4=C(C5=C(C(C6=CC=C(CC(CC)CCCC)S6)=C4S3)C=CS5)C7=CC=C(CC(CC)CCCC)S7)=C12,FPIC,FC(C(F)=C1)=CC(C/2=C(C#N)/C#N)=C1C(C2=C/C3=CC4=C(S3)C(C(C5=CC=C(C=C5)CCCCCC)(C6=CC=C(C=C6)CCCCCC)C7=C8C=C9C%10=C%11C(C=C%12C%13=C(C(C%14=CC=C(C=C%14)CCCCCC)(C%15=CC=C(C=C%15)CCCCCC)C%12=C%11C=C9)C(SC(/C=C%16C(C%17=C(C\%16=C(C#N)\C#N)C=C(C(F)=C%17)F)=O)=C%18)=C%18S%13)=CC=C7%10)=C8S4)=O,8.45,15.3,0.731,0.755
PTB7-Th,FC1=C(C(OCC(CCCC)CC)=O)SC2=CSC(C3=CC4=C(C5=C(C(C6=CC=C(CC(CC)CCCC)S6)=C4S3)C=CS5)C7=CC=C(CC(CC)CCCC)S7)=C12,F8IC,O=C(C1=C(C=C(F)C(F)=C1)C/2=C(C#N)\C#N)C2=C/C3=CC(SC4=C5C(C6=CC(CCCCCC)=CC=C6)(C7=CC=C(CCCCCC)C=C7)C8=C4SC9=C8SC%10=C9C(C%11=CC=C(CCCCCC)C=C%11)(C%12=C%10SC%13=C%12SC(/C=C%14C(C%15=C(C=C(F)C(F)=C%15)C\%14=C(C#N)\C#N)=O)=C%13)C%16=CC=C(CCCCCC)C=C%16)=C5S3,9.55,23.3,0.634,0.645
PTB7-Th,FC1=C(C(OCC(CCCC)CC)=O)SC2=CSC(C3=CC4=C(C5=C(C(C6=CC=C(CC(CC)CCCC)S6)=C4S3)C=CS5)C7=CC=C(CC(CC)CCCC)S7)=C12,F8IC,O=C(C1=C(C=C(F)C(F)=C1)C/2=C(C#N)\C#N)C2=C/C3=CC(SC4=C5C(C6=CC(CCCCCC)=CC=C6)(C7=CC=C(CCCCCC)C=C7)C8=C4SC9=C8SC%10=C9C(C%11=CC=C(CCCCCC)C=C%11)(C%12=C%10SC%13=C%12SC(/C=C%14C(C%15=C(C=C(F)C(F)=C%15)C\%14=C(C#N)\C#N)=O)=C%13)C%16=CC=C(CCCCCC)C=C%16)=C5S3,10.3,24.6,0.649,0.646
PTB7-Th,FC1=C(C(OCC(CCCC)CC)=O)SC2=CSC(C3=CC4=C(C5=C(C(C6=CC=C(CC(CC)CCCC)S6)=C4S3)C=CS5)C7=CC=C(CC(CC)CCCC)S7)=C12,IDT-2BR,S=C(N(C/1=O)CC)SC1=C\C(C2=NSN=C32)=CC=C3C4=CC(C5(C6=CC=C(C=C6)CCCCCC)C(C=C7)=CC=C7CCCCCC)=C(C8=CC9=C(C%10=C(C9(C%11=CC=C(C=C%11)CCCCCC)C%12=CC=C(C=C%12)CCCCCC)C=C(C%13=CC=C(C%14=NSN=C%13%14)/C=C%15SC(N(C/%15=O)CC)=S)S%10)C=C85)S4,7.31,12.9,0.543,1.05
PTB7-Th,FC1=C(C(OCC(CCCC)CC)=O)SC2=CSC(C3=CC4=C(C5=C(C(C6=CC=C(CC(CC)CCCC)S6)=C4S3)C=CS5)C7=CC=C(CC(CC)CCCC)S7)=C12,ACS8,FC1=C(C=C(C(C/2C(C#N)C#N)=C1)C(C2=C/C(S3)=CC(SCCCCCCCC)=C3C(S4)=CC5=C4C6=CC(C7(C8=CC=C(CCCCCC)C=C8)C9=CC=C(CCCCCC)C=C9)=C(C=C6C5(C%10=CC=C(CCCCCC)C=C%10)C%11=CC=C(CCCCCC)C=C%11)C(S%12)=C7C=C%12C(S%13)=C(SCCCCCCCC)C=C%13/C=C%14/C(C%15=CC(F)=C(F)C=C%15C%14=O)=C(C#N)/C#N)=O)F,13.2,25.3,0.693,0.75
PTB7-Th,FC1=C(C(OCC(CCCC)CC)=O)SC2=CSC(C3=CC4=C(C5=C(C(C6=CC=C(CC(CC)CCCC)S6)=C4S3)C=CS5)C7=CC=C(CC(CC)CCCC)S7)=C12,FOIC,CCCCCCC(C=C1)=CC=C1C2(C3=CC=C(C=C3)CCCCCC)C4=C(C5=C2C(SC6=C7C(C8=CC=C(C=C8)CCCCCC)(C9=C6SC%10=C9SC(/C=C%11C(C(C=CC=C%12F)=C%12C\%11=C(C#N)\C#N)=O)=C%10)C%13=CC=C(C=C%13)CCCCCC)=C7S5)SC%14=C4SC(/C=C(C(C%15=CC=CC(F)=C%15%16)=O)/C%16=C(C#N)/C#N)=C%14,12.1,24.73,0.678,0.722
PTB7-Th,FC1=C(C(OCC(CCCC)CC)=O)SC2=CSC(C3=CC4=C(C5=C(C(C6=CC=C(CC(CC)CCCC)S6)=C4S3)C=CS5)C7=CC=C(CC(CC)CCCC)S7)=C12,FNIC1,CCCCCCC1=CC=C(C2=C3SC4=C(C3=C(C5=C2C6SC7=C(C6C5)C(C8=C7SC(C9=C(/C(CC%10=O)=C(C#N)\C#N)C%10=CC(F)=C9F)=C8)(C%11=CC=C(C)C=C%11)C%12=CC=C(CCCCCC)C=C%12)C%13=CC=C(S%13)CCCCCC)SC%14C4C(C%15=CC=C(C)C=C%15)(C%16=CC=C(CCCCCC)C=C%16)C%17=C%14SC(C%18=C(F)C(F)=CC(/C(C%19)=C(C#N)/C#N)=C%18C%19=O)=C%17)S1,10.3,19.84,0.651,0.772
PTB7-Th,FC1=C(C(OCC(CCCC)CC)=O)SC2=CSC(C3=CC4=C(C5=C(C(C6=CC=C(CC(CC)CCCC)S6)=C4S3)C=CS5)C7=CC=C(CC(CC)CCCC)S7)=C12,FNIC2,CCCCCCC(S1)=CC=C1C(C2=C3SC4=C2SC5=C4C(C6=CC=C(CCCCCC)C=C6)(C7=CC=C(CCCCCC)C=C7)C8=C5SC(C9=C(F)C(F)=CC%10=C9C(C/C%10=C(C#N)/C#N)=O)=C8)=C%11SC%12=C(C%11=C3C%13=CC=C(S%13)CCCCCC)SC%14=C%12C(C%15=CC=C(CCCCCC)C=C%15)(C%16=CC=C(CCCCCC)C=C%16)C%17=C%14SC(C%18=C(F)C(F)=CC(/C(C%19)=C(C#N)/C#N)=C%18C%19=O)=C%17,13.0,23.81,0.727,0.732
PTB7-Th,FC1=C(C(OCC(CCCC)CC)=O)SC2=CSC(C3=CC4=C(C5=C(C(C6=CC=C(CC(CC)CCCC)S6)=C4S3)C=CS5)C7=CC=C(CC(CC)CCCC)S7)=C12,COi7IC,[H]C1=CC2=C(C(/C(C2)=C/C3=CC4=C(S3)C(C(C5=CC=C(CCCCCC)C=C5)(OC6=CC7=C(OC(C8=CC=C(CCCCCC)C=C8)(C9=C7SC%10=C9SC(/C=C%11C(C%12=CC([H])=C(C=C%12C\%11=C(C#N)\C#N)[H])=O)=C%10)C%13=CC=C(CCCCCC)C=C%13)C=C6%14)C%15=CC=C(CCCCCC)C=C%15)=C%14S4)=C(C#N)\C#N)C=C1[H],6.36,13.12,0.589,0.82
PTB7-Th,FC1=C(C(OCC(CCCC)CC)=O)SC2=CSC(C3=CC4=C(C5=C(C(C6=CC=C(CC(CC)CCCC)S6)=C4S3)C=CS5)C7=CC=C(CC(CC)CCCC)S7)=C12,COi7DFIC,[F]C1=CC2=C(C(/C(C2)=C/C3=CC4=C(S3)C(C(C5=CC=C(CCCCCC)C=C5)(OC6=CC7=C(OC(C8=CC=C(CCCCCC)C=C8)(C9=C7SC%10=C9SC(/C=C%11C(C%12=CC([F])=C(C=C%12C\%11=C(C#N)\C#N)[F])=O)=C%10)C%13=CC=C(CCCCCC)C=C%13)C=C6%14)C%15=CC=C(CCCCCC)C=C%15)=C%14S4)=C(C#N)\C#N)C=C1[F],8.32,17.36,0.719,0.67
PTB7-Th,FC1=C(C(OCC(CCCC)CC)=O)SC2=CSC(C3=CC4=C(C5=C(C(C6=CC=C(CC(CC)CCCC)S6)=C4S3)C=CS5)C7=CC=C(CC(CC)CCCC)S7)=C12,CO5DFIC,O=C(C1=CC(F)=C(C=C1C/2=C(C#N)/C#N)F)C2=C/C3=CC(O4)=C(S3)C5=CC(C(C6=CC=C(CCCCCC)C=C6)(OC7=C8SC(/C=C9C(C%10=CC(F)=C(C=C%10C\9=C(C#N)/C#N)F)=O)=C7)C%11=CC=C(CCCCCC)C=C%11)=C8C=C5C4(C%12=CC=C(CCCCCC)C=C%12)C%13=CC=C(CCCCCC)C=C%13,5.58,14.19,0.674,0.58
PTB7-Th,FC1=C(C(OCC(CCCC)CC)=O)SC2=CSC(C3=CC4=C(C5=C(C(C6=CC=C(CC(CC)CCCC)S6)=C4S3)C=CS5)C7=CC=C(CC(CC)CCCC)S7)=C12,CO5DFIC-ST,O=C(C1=CC(F)=C(C=C1C/2=C(C#N)\C#N)F)C2=C/C3=CC(SCCCCCCCC)=C(C4=CC5=C(C6=CC7=C(C8=C(OC7(C9=CC=C(CCCCCC)C=C9)C%10=CC=C(CCCCCC)C=C%10)C=C(C%11=C(SCCCCCCCC)C=C(/C=C%12C(C%13=CC(F)=C(C=C%13C\%12=C(C#N)\C#N)F)=O)S%11)S8)C=C6C(C%14=CC=C(CCCCCC)C=C%14)(O5)C%15=CC=C(CCCCCC)C=C%15)S4)S3,9.73,20.71,0.637,0.74
PTB7-Th,FC1=C(C(OCC(CCCC)CC)=O)SC2=CSC(C3=CC4=C(C5=C(C(C6=CC=C(CC(CC)CCCC)S6)=C4S3)C=CS5)C7=CC=C(CC(CC)CCCC)S7)=C12,BDTThIT-4F,O=C(C/1=C\C2=CC3=C(S2)C(SC4=C5C(C6=CC=C(CC(CC)CCCC)S6)=C7SC8=C(C7=C4C9=CC=C(CC(CC)CCCC)S9)C(C%10=CC=C(CCCCCC)C=C%10)(C%11=CC=C(CCCCCC)C=C%11)C%12=C8SC(/C=C%13C(C%14=CC(F)=C(F)C=C%14C\%13=C(C#N)/C#N)=O)=C%12)=C5C3(C%15=CC=C(CCCCCC)C=C%15)C%16=CC=C(CCCCCC)C=C%16)C%17=CC(F)=C(F)C=C%17C1=C(C#N)/C#N,9.61,18.12,0.711,0.746
PTB7-Th,FC1=C(C(OCC(CCCC)CC)=O)SC2=CSC(C3=CC4=C(C5=C(C(C6=CC=C(CC(CC)CCCC)S6)=C4S3)C=CS5)C7=CC=C(CC(CC)CCCC)S7)=C12,IEICO-4F,FC1=CC2=C(C(/C(C2=O)=C/C3=CC(OCC(CC)CCCC)=C(S3)C4=CC5=C(S4)C6=CC(C7(C8=CC=C(CCCCCC)C=C8)C9=CC=C(CCCCCC)C=C9)=C(C%10=C7C=C(S%10)C%11=C(OCC(CC)CCCC)C=C(S%11)/C=C(/C(C%12=C%13C=C(F)C(F)=C%12)=C(C#N)\C#N)C%13=O)C=C6C5(C%14=CC=C(CCCCCC)C=C%14)C%15=CC=C(CCCCCC)C=C%15)=C(C#N)/C#N)C=C1F,10.85,23.54,0.634,0.727
PTB7-Th,FC1=C(C(OCC(CCCC)CC)=O)SC2=CSC(C3=CC4=C(C5=C(C(C6=CC=C(CC(CC)CCCC)S6)=C4S3)C=CS5)C7=CC=C(CC(CC)CCCC)S7)=C12,IEICO,O=C1C(/C(C2=C1C=CC=C2)=C(C#N)\C#N)=C\C3=CC(OCC(CCCC)CC)=C(C4=CC(C(C5=CC(C6=C7C=C(C8=C(C=C(/C=C(C9=O)/C(C%10=C9C=CC=C%10)=C(C#N)\C#N)S8)OCC(CCCC)CC)S6)=C(C7(C%11=CC=C(C=C%11)CCCCCC)C%12=CC=C(C=C%12)CCCCCC)C=C%135)(C%14=CC=C(C=C%14)CCCCCC)C(C=C%15)=CC=C%15CCCCCC)=C%13S4)S3,7.3,13.3,0.605,0.91
PTB7-Th,FC1=C(C(OCC(CCCC)CC)=O)SC2=CSC(C3=CC4=C(C5=C(C(C6=CC=C(CC(CC)CCCC)S6)=C4S3)C=CS5)C7=CC=C(CC(CC)CCCC)S7)=C12,COi8DFIC,FC1=C(F)C=C(C/2=C(C#N)\C#N)C(C(C2=C/C(S3)=CC(S4)=C3C5=C4C(SC6=C7SC8=C6OC(C9=C8CC%10=C9SC(/C=C%11C(C%12=CC(F)=C(F)C=C%12C\%11=C(C#N)/C#N)=O)=C%10)(C%13=CC=C(CCCCCC)C=C%13)C%14=CC=C(CCCCCC)C=C%14)=C7OC5(C%15=CC=C(CCCCCC)C=C%15)C%16=CC=C(CCCCCC)C=C%16)=O)=C1,10.72,22.3,0.677,0.71
PTB7-Th,FC1=C(C(OCC(CCCC)CC)=O)SC2=CSC(C3=CC4=C(C5=C(C(C6=CC=C(CC(CC)CCCC)S6)=C4S3)C=CS5)C7=CC=C(CC(CC)CCCC)S7)=C12,IEICO-4F,FC1=CC2=C(C(/C(C2=O)=C/C3=CC(OCC(CC)CCCC)=C(S3)C4=CC5=C(S4)C6=CC(C7(C8=CC=C(CCCCCC)C=C8)C9=CC=C(CCCCCC)C=C9)=C(C%10=C7C=C(S%10)C%11=C(OCC(CC)CCCC)C=C(S%11)/C=C(/C(C%12=C%13C=C(F)C(F)=C%12)=C(C#N)\C#N)C%13=O)C=C6C5(C%14=CC=C(CCCCCC)C=C%14)C%15=CC=C(CCCCCC)C=C%15)=C(C#N)/C#N)C=C1F,10.46,22.12,0.643,0.736
PTB7-Th,FC1=C(C(OCC(CCCC)CC)=O)SC2=CSC(C3=CC4=C(C5=C(C(C6=CC=C(CC(CC)CCCC)S6)=C4S3)C=CS5)C7=CC=C(CC(CC)CCCC)S7)=C12,BTDT2R,S=C(N(C/1=O)CC)SC1=C/C(S2)=CC=C2C(C3=NSN=C3C(C4=CC=C(S4)/C=C5SC(N(C\5=O)CC)=S)=C6OCCCCCC)=C6OCCCCCC,8.19,13.52,0.57,1.06
PTB7-Th,FC1=C(C(OCC(CCCC)CC)=O)SC2=CSC(C3=CC4=C(C5=C(C(C6=CC=C(CC(CC)CCCC)S6)=C4S3)C=CS5)C7=CC=C(CC(CC)CCCC)S7)=C12,O-IDTBR,O=C(/C(S1)=C/C(C2=NSN=C32)=CC=C3C(S4)=CC(C5(C6=CC=C(CCCCCC)C=C6)C7=CC=C(CCCCCC)C=C7)=C4C(C=C89)=C5C=C8C(SC(C%10=CC=C(/C=C%11SC(N(CC)C\%11=O)=S)C%12=NSN=C%10%12)=C%13)=C%13C9(C%14=CC=C(CCCCCC)C=C%14)C%15=CC=C(CCCCCC)C=C%15)N(CC)C1=S,9.9,15.5,0.6,1.02
PTB7-Th,FC1=C(C(OCC(CCCC)CC)=O)SC2=CSC(C3=CC4=C(C5=C(C(C6=CC=C(CC(CC)CCCC)S6)=C4S3)C=CS5)C7=CC=C(CC(CC)CCCC)S7)=C12,O-IDTBCN,N#C/C(C#N)=C/C(C1=NSN=C21)=CC=C2C3=CC(C4(CCCCCCCC)CCCCCCCC)=C(C5=CC6=C(C7=C(C6(CCCCCCCC)CCCCCCCC)C=C(C8=CC=C(C9=NSN=C89)/C=C(C#N)\C#N)S7)C=C54)S3,11.1,19.8,0.73,0.72
PTB7-Th,FC1=C(C(OCC(CCCC)CC)=O)SC2=CSC(C3=CC4=C(C5=C(C(C6=CC=C(CC(CC)CCCC)S6)=C4S3)C=CS5)C7=CC=C(CC(CC)CCCC)S7)=C12,FUIC,FC1=CC(C2=O)=C(C=C1F)C(/C2=C/C3=CC4=C(C5=C(C6=C(C(SC7=C8C(C9=CC=C(CCCCCC)C=C9)(C%10=C7SC%11=C%10SC(C%12=C%13C%14=C(C=C(/C=C(/C(C(C=C%15F)=C%16C=C%15F)=C(C#N)\C#N)C%16=O)S%14)S%12)=C%11C%13(C%17=CC=C(CCCCCC)C=C%17)C%18=CC=C(CCCCCC)C=C%18)C%19=CC=C(CCCCCC)C=C%19)=C8S6)C(C%20=CC=C(CCCCCC)C=C%20)5C%21=CC=C(CCCCCC)C=C%21)S4)S3)=C(C#N)/C#N,11.2,23.3,0.689,0.692
PTB7-Th,FC1=C(C(OCC(CCCC)CC)=O)SC2=CSC(C3=CC4=C(C5=C(C(C6=CC=C(CC(CC)CCCC)S6)=C4S3)C=CS5)C7=CC=C(CC(CC)CCCC)S7)=C12,i-FUIC,FC1=CC(C2=O)=C(C=C1F)C(/C2=C/C3=CC4=C(C(C(C5=CC=C(CCCCCC)C=C5)6C7=CC=C(CCCCCC)C=C7)=C(C8=C6C9=C(C(C%10(C%11=CC=C(CCCCCC)C=C%11)C%12=CC=C(CCCCCC)C=C%12)=C(C%13=C%10C%14=C(C(C(C%15=CC=C(CCCCCC)C=C%15)%16C%17=CC=C(CCCCCC)C=C%17)=C(C%18=C%16C%19=C(C(/C=C(/C(C(C=C%20F)=C%21C=C%20F)=C(C#N)\C#N)C%21=O)=CS%19)S%18)S%14)S%13)S9)S8)S4)S3)=C(C#N)/C#N,10.3,20.2,0.634,0.779
PTB7-Th,FC1=C(C(OCC(CCCC)CC)=O)SC2=CSC(C3=CC4=C(C5=C(C(C6=CC=C(CC(CC)CCCC)S6)=C4S3)C=CS5)C7=CC=C(CC(CC)CCCC)S7)=C12,IEICO-4F,FC1=CC2=C(C(/C(C2=O)=C/C3=CC(OCC(CC)CCCC)=C(S3)C4=CC5=C(S4)C6=CC(C7(C8=CC=C(CCCCCC)C=C8)C9=CC=C(CCCCCC)C=C9)=C(C%10=C7C=C(S%10)C%11=C(OCC(CC)CCCC)C=C(S%11)/C=C(/C(C%12=C%13C=C(F)C(F)=C%12)=C(C#N)\C#N)C%13=O)C=C6C5(C%14=CC=C(CCCCCC)C=C%14)C%15=CC=C(CCCCCC)C=C%15)=C(C#N)/C#N)C=C1F,11.71,25.68,0.653,0.69
PTB7-Th,FC1=C(C(OCC(CCCC)CC)=O)SC2=CSC(C3=CC4=C(C5=C(C(C6=CC=C(CC(CC)CCCC)S6)=C4S3)C=CS5)C7=CC=C(CC(CC)CCCC)S7)=C12,IEICO-4F,FC1=CC2=C(C(/C(C2=O)=C/C3=CC(OCC(CC)CCCC)=C(S3)C4=CC5=C(S4)C6=CC(C7(C8=CC=C(CCCCCC)C=C8)C9=CC=C(CCCCCC)C=C9)=C(C%10=C7C=C(S%10)C%11=C(OCC(CC)CCCC)C=C(S%11)/C=C(/C(C%12=C%13C=C(F)C(F)=C%12)=C(C#N)\C#N)C%13=O)C=C6C5(C%14=CC=C(CCCCCC)C=C%14)C%15=CC=C(CCCCCC)C=C%15)=C(C#N)/C#N)C=C1F,8.33,18.85,0.61,0.72
PTB7-Th,FC1=C(C(OCC(CCCC)CC)=O)SC2=CSC(C3=CC4=C(C5=C(C(C6=CC=C(CC(CC)CCCC)S6)=C4S3)C=CS5)C7=CC=C(CC(CC)CCCC)S7)=C12,IEICO-4F,FC1=CC2=C(C(/C(C2=O)=C/C3=CC(OCC(CC)CCCC)=C(S3)C4=CC5=C(S4)C6=CC(C7(C8=CC=C(CCCCCC)C=C8)C9=CC=C(CCCCCC)C=C9)=C(C%10=C7C=C(S%10)C%11=C(OCC(CC)CCCC)C=C(S%11)/C=C(/C(C%12=C%13C=C(F)C(F)=C%12)=C(C#N)\C#N)C%13=O)C=C6C5(C%14=CC=C(CCCCCC)C=C%14)C%15=CC=C(CCCCCC)C=C%15)=C(C#N)/C#N)C=C1F,10.1,20.7,0.682,0.71
PTB7-Th,FC1=C(C(OCC(CCCC)CC)=O)SC2=CSC(C3=CC4=C(C5=C(C(C6=CC=C(CC(CC)CCCC)S6)=C4S3)C=CS5)C7=CC=C(CC(CC)CCCC)S7)=C12,ITIC,c12cc3c(cc1C(c1c2sc2c1sc(c2)/C=C\1/C(=C(C#N)C#N)c2c(C1=O)cccc2)(c1ccc(cc1)CCCCCC)c1ccc(cc1)CCCCCC)c1c(C3(c2ccc(cc2)CCCCCC)c2ccc(cc2)CCCCCC)c2c(s1)cc(s2)/C=C\1/C(=C(C#N)C#N)c2c(C1=O)cccc2,8.4,15.89,0.63,0.82
PTB7-Th,FC1=C(C(OCC(CCCC)CC)=O)SC2=CSC(C3=CC4=C(C5=C(C(C6=CC=C(CC(CC)CCCC)S6)=C4S3)C=CS5)C7=CC=C(CC(CC)CCCC)S7)=C12,O-IDTBR,O=C(/C(S1)=C/C(C2=NSN=C32)=CC=C3C(S4)=CC(C5(C6=CC=C(CCCCCC)C=C6)C7=CC=C(CCCCCC)C=C7)=C4C(C=C89)=C5C=C8C(SC(C%10=CC=C(/C=C%11SC(N(CC)C\%11=O)=S)C%12=NSN=C%10%12)=C%13)=C%13C9(C%14=CC=C(CCCCCC)C=C%14)C%15=CC=C(CCCCCC)C=C%15)N(CC)C1=S,5.88,13.3,0.434,1.01
PTB7-Th,FC1=C(C(OCC(CCCC)CC)=O)SC2=CSC(C3=CC4=C(C5=C(C(C6=CC=C(CC(CC)CCCC)S6)=C4S3)C=CS5)C7=CC=C(CC(CC)CCCC)S7)=C12,O-IDTBR,O=C(/C(S1)=C/C(C2=NSN=C32)=CC=C3C(S4)=CC(C5(C6=CC=C(CCCCCC)C=C6)C7=CC=C(CCCCCC)C=C7)=C4C(C=C89)=C5C=C8C(SC(C%10=CC=C(/C=C%11SC(N(CC)C\%11=O)=S)C%12=NSN=C%10%12)=C%13)=C%13C9(C%14=CC=C(CCCCCC)C=C%14)C%15=CC=C(CCCCCC)C=C%15)N(CC)C1=S,9.0,15.4,0.585,0.99
PTB7-Th,FC1=C(C(OCC(CCCC)CC)=O)SC2=CSC(C3=CC4=C(C5=C(C(C6=CC=C(CC(CC)CCCC)S6)=C4S3)C=CS5)C7=CC=C(CC(CC)CCCC)S7)=C12,O-IDTBR,O=C(/C(S1)=C/C(C2=NSN=C32)=CC=C3C(S4)=CC(C5(C6=CC=C(CCCCCC)C=C6)C7=CC=C(CCCCCC)C=C7)=C4C(C=C89)=C5C=C8C(SC(C%10=CC=C(/C=C%11SC(N(CC)C\%11=O)=S)C%12=NSN=C%10%12)=C%13)=C%13C9(C%14=CC=C(CCCCCC)C=C%14)C%15=CC=C(CCCCCC)C=C%15)N(CC)C1=S,9.42,15.0,0.616,0.99
PTB7-Th,FC1=C(C(OCC(CCCC)CC)=O)SC2=CSC(C3=CC4=C(C5=C(C(C6=CC=C(CC(CC)CCCC)S6)=C4S3)C=CS5)C7=CC=C(CC(CC)CCCC)S7)=C12,O-IDTBR,O=C(/C(S1)=C/C(C2=NSN=C32)=CC=C3C(S4)=CC(C5(C6=CC=C(CCCCCC)C=C6)C7=CC=C(CCCCCC)C=C7)=C4C(C=C89)=C5C=C8C(SC(C%10=CC=C(/C=C%11SC(N(CC)C\%11=O)=S)C%12=NSN=C%10%12)=C%13)=C%13C9(C%14=CC=C(CCCCCC)C=C%14)C%15=CC=C(CCCCCC)C=C%15)N(CC)C1=S,9.18,14.4,0.625,1.0
PTB7-Th,FC1=C(C(OCC(CCCC)CC)=O)SC2=CSC(C3=CC4=C(C5=C(C(C6=CC=C(CC(CC)CCCC)S6)=C4S3)C=CS5)C7=CC=C(CC(CC)CCCC)S7)=C12,O-IDTBR,O=C(/C(S1)=C/C(C2=NSN=C32)=CC=C3C(S4)=CC(C5(C6=CC=C(CCCCCC)C=C6)C7=CC=C(CCCCCC)C=C7)=C4C(C=C89)=C5C=C8C(SC(C%10=CC=C(/C=C%11SC(N(CC)C\%11=O)=S)C%12=NSN=C%10%12)=C%13)=C%13C9(C%14=CC=C(CCCCCC)C=C%14)C%15=CC=C(CCCCCC)C=C%15)N(CC)C1=S,8.37,13.6,0.613,1.0
PTB7-Th,FC1=C(C(OCC(CCCC)CC)=O)SC2=CSC(C3=CC4=C(C5=C(C(C6=CC=C(CC(CC)CCCC)S6)=C4S3)C=CS5)C7=CC=C(CC(CC)CCCC)S7)=C12,ITIC-Th,O=C(C1=CC=CC=C1C/2=C(C#N)\C#N)C2=C/C3=CC4=C(C(C(C5=CC=C(CCCCCC)S5)(C6=C7C=C8C(C9=CC=C(S9)CCCCCC)(C%10=CC=C(S%10)CCCCCC)C%11=C(SC%12=C%11SC(/C=C%13C(C%14=CC=CC=C%14C\%13=C(C#N)\C#N)=O)=C%12)C8=C6)C(S%15)=CC=C%15CCCCCC)=C7S4)S3,8.25,14.59,0.695,0.8
PTB7-Th,FC1=C(C(OCC(CCCC)CC)=O)SC2=CSC(C3=CC4=C(C5=C(C(C6=CC=C(CC(CC)CCCC)S6)=C4S3)C=CS5)C7=CC=C(CC(CC)CCCC)S7)=C12,IEICO-4F,FC1=CC2=C(C(/C(C2=O)=C/C3=CC(OCC(CC)CCCC)=C(S3)C4=CC5=C(S4)C6=CC(C7(C8=CC=C(CCCCCC)C=C8)C9=CC=C(CCCCCC)C=C9)=C(C%10=C7C=C(S%10)C%11=C(OCC(CC)CCCC)C=C(S%11)/C=C(/C(C%12=C%13C=C(F)C(F)=C%12)=C(C#N)\C#N)C%13=O)C=C6C5(C%14=CC=C(CCCCCC)C=C%14)C%15=CC=C(CCCCCC)C=C%15)=C(C#N)/C#N)C=C1F,9.79,21.92,0.605,0.73
PTB7-Th,FC1=C(C(OCC(CCCC)CC)=O)SC2=CSC(C3=CC4=C(C5=C(C(C6=CC=C(CC(CC)CCCC)S6)=C4S3)C=CS5)C7=CC=C(CC(CC)CCCC)S7)=C12,F5IC,N#C/C(C#N)=C1C2=CC(F)=C(F)C=C2C(C\1=C/C3=CC(C(C4=CC=C(CCCCCC)C=C4)(C(C=C5C6=C7C=C(/C=C8/C(C(C(C8=O)=C9)=CC(F)=C9F)=C(C#N)/C#N)S6)=C%10C=C5C7(C%11=CC=C(CCCCCC)C=C%11)C%12=CC=C(CCCCCC)C=C%12)C%13=CC=C(CCCCCC)C=C%13)=C%10S3)=O,5.61,13.43,0.621,0.641
PTB7-Th,FC1=C(C(OCC(CCCC)CC)=O)SC2=CSC(C3=CC4=C(C5=C(C(C6=CC=C(CC(CC)CCCC)S6)=C4S3)C=CS5)C7=CC=C(CC(CC)CCCC)S7)=C12,AOIC,O=C1C(/C(C2=CC(F)=C(C=C21)F)=C(C#N)\C#N)=C\C3=CC4=C(S3)C5=C(C6=C(C7=C(C8=C(C=C9C%10=C(C(C%11=CC=C(C=C%11)CCCCCC)(C9=C8)C%12=CC=C(C=C%12)CCCCCC)C=C(/C=C%13/C(C%14=CC(F)=C(F)C=C%14C%13=O)=C(C#N)/C#N)S%10)C7(C%15=CC=C(C=C%15)CCCCCC)C%16=CC=C(C=C%16)CCCCCC)S6)C5(C%17=CC=C(C=C%17)CCCCCC)C%18=CC=C(C=C%18)CCCCCC)S4,13.7,24.32,0.743,0.742
PTB7-Th,FC1=C(C(OCC(CCCC)CC)=O)SC2=CSC(C3=CC4=C(C5=C(C(C6=CC=C(CC(CC)CCCC)S6)=C4S3)C=CS5)C7=CC=C(CC(CC)CCCC)S7)=C12,IUIC2,O=C1C(/C(C2=CC(F)=C(F)C=C21)=C(C#N)\C#N)=C\C3=CC4=C(C5=C(S4)C6=C(C5(C7=CC=C(CCCCCC)C=C7)C8=CC=C(CCCCCC)C=C8)C9=C(S6)C%10=CC%11=C(C=C%10C9(C%12=CC=C(CCCCCC)C=C%12)C%13=CC=C(CCCCCC)C=C%13)C(S%14)=C(C%11(C%15=CC=C(CCCCCC)C=C%15)C%16=CC=C(CCCCCC)C=C%16)C%17=C%14C%18=C(C%19=C(S%18)C=C(/C=C%20/C(C(C(C%20=O)=C%21)=CC(F)=C%21F)=C(C#N)/C#N)S%19)C%17(C%22=CC=C(CCCCCC)C=C%22)C%23=CC=C(CCCCCC)C=C%23)S3,4.48,10.77,0.515,0.758
PTB7-Th,FC1=C(C(OCC(CCCC)CC)=O)SC2=CSC(C3=CC4=C(C5=C(C(C6=CC=C(CC(CC)CCCC)S6)=C4S3)C=CS5)C7=CC=C(CC(CC)CCCC)S7)=C12,EH-IDTBR,C1(=S)N(C(=O)/C(=C/c2c3c(c(cc2)c2sc4c(c2)[C@](c2c4cc4c(c2)c2c([C@]4(C[C@H](CC)CCCC)C[C@@H](CC)CCCC)cc(s2)c2ccc(c4c2nsn4)/C=C/2\SC(=S)N(C2=O)CC)(C[C@@H](CCCC)CC)C[C@H](CCCC)CC)nsn3)/S1)CC,10.07,15.25,0.62,1.02
PTB7-Th,FC1=C(C(OCC(CCCC)CC)=O)SC2=CSC(C3=CC4=C(C5=C(C(C6=CC=C(CC(CC)CCCC)S6)=C4S3)C=CS5)C7=CC=C(CC(CC)CCCC)S7)=C12,T2-ORH,O=C(/C(SC1=S)=C/C2=CC=C(S2)C3=CC=C(S3)/C=C4SC(N(C\4=O)CCCCCCCC)=S)N1CCCCCCCC,9.39,14.43,0.58,1.06
PTB7-Th,FC1=C(C(OCC(CCCC)CC)=O)SC2=CSC(C3=CC4=C(C5=C(C(C6=CC=C(CC(CC)CCCC)S6)=C4S3)C=CS5)C7=CC=C(CC(CC)CCCC)S7)=C12,O-IDTBR,O=C(/C(S1)=C/C(C2=NSN=C32)=CC=C3C(S4)=CC(C5(C6=CC=C(CCCCCC)C=C6)C7=CC=C(CCCCCC)C=C7)=C4C(C=C89)=C5C=C8C(SC(C%10=CC=C(/C=C%11SC(N(CC)C\%11=O)=S)C%12=NSN=C%10%12)=C%13)=C%13C9(C%14=CC=C(CCCCCC)C=C%14)C%15=CC=C(CCCCCC)C=C%15)N(CC)C1=S,9.74,14.25,0.664,1.03
PTB7-Th,FC1=C(C(OCC(CCCC)CC)=O)SC2=CSC(C3=CC4=C(C5=C(C(C6=CC=C(CC(CC)CCCC)S6)=C4S3)C=CS5)C7=CC=C(CC(CC)CCCC)S7)=C12,ITIC,c12cc3c(cc1C(c1c2sc2c1sc(c2)/C=C\1/C(=C(C#N)C#N)c2c(C1=O)cccc2)(c1ccc(cc1)CCCCCC)c1ccc(cc1)CCCCCC)c1c(C3(c2ccc(cc2)CCCCCC)c2ccc(cc2)CCCCCC)c2c(s1)cc(s2)/C=C\1/C(=C(C#N)C#N)c2c(C1=O)cccc2,4.52,11.61,0.51,0.76
PTB7-Th,FC1=C(C(OCC(CCCC)CC)=O)SC2=CSC(C3=CC4=C(C5=C(C(C6=CC=C(CC(CC)CCCC)S6)=C4S3)C=CS5)C7=CC=C(CC(CC)CCCC)S7)=C12,DTC-T-F,O=C(C1=CSC=C1C/2=C(C#N)\C#N)C2=C/C(S3)=CC=C3C(C=C4)=CC5=C4C(C=CC(C6=CC=C(S6)/C=C7C(C8=CSC=C8C\7=C(C#N)\C#N)=O)=C9)=C9C(CCCCCCCC)5CCCCCCCC,8.8,17.46,0.646,0.78
PTB7-Th,FC1=C(C(OCC(CCCC)CC)=O)SC2=CSC(C3=CC4=C(C5=C(C(C6=CC=C(CC(CC)CCCC)S6)=C4S3)C=CS5)C7=CC=C(CC(CC)CCCC)S7)=C12,DTC-F-F,O=C(C1=CSC=C1C/2=C(C#N)\C#N)C2=C/C(O3)=CC=C3C(C=C4)=CC5=C4C(C=CC(C6=CC=C(O6)/C=C7C(C8=CSC=C8C\7=C(C#N)\C#N)=O)=C9)=C9C(CCCCCCCC)5CCCCCCCC,7.53,16.01,0.56,0.84
PTB7-Th,FC1=C(C(OCC(CCCC)CC)=O)SC2=CSC(C3=CC4=C(C5=C(C(C6=CC=C(CC(CC)CCCC)S6)=C4S3)C=CS5)C7=CC=C(CC(CC)CCCC)S7)=C12,DTC-F-C,O=C(C1=CSC=C1C/2=C(C#N)\C#N)C2=C/C(O3)=CC=C3C(C=C4)=CC5=C4C(C=CC(C6=CC=C(O6)/C=C7C(C8=CSC=C8C\7=C(C#N)\C#N)=O)=C9)=C9N5C(CCCCCCCC)CCCCCCCC,2.7,8.94,0.408,0.74
PTB7-Th,FC1=C(C(OCC(CCCC)CC)=O)SC2=CSC(C3=CC4=C(C5=C(C(C6=CC=C(CC(CC)CCCC)S6)=C4S3)C=CS5)C7=CC=C(CC(CC)CCCC)S7)=C12,IEICO-4F,FC1=CC2=C(C(/C(C2=O)=C/C3=CC(OCC(CC)CCCC)=C(S3)C4=CC5=C(S4)C6=CC(C7(C8=CC=C(CCCCCC)C=C8)C9=CC=C(CCCCCC)C=C9)=C(C%10=C7C=C(S%10)C%11=C(OCC(CC)CCCC)C=C(S%11)/C=C(/C(C%12=C%13C=C(F)C(F)=C%12)=C(C#N)\C#N)C%13=O)C=C6C5(C%14=CC=C(CCCCCC)C=C%14)C%15=CC=C(CCCCCC)C=C%15)=C(C#N)/C#N)C=C1F,10.9,24.4,0.64,0.7
PTB7-Th,FC1=C(C(OCC(CCCC)CC)=O)SC2=CSC(C3=CC4=C(C5=C(C(C6=CC=C(CC(CC)CCCC)S6)=C4S3)C=CS5)C7=CC=C(CC(CC)CCCC)S7)=C12,IEICO-4F,FC1=CC2=C(C(/C(C2=O)=C/C3=CC(OCC(CC)CCCC)=C(S3)C4=CC5=C(S4)C6=CC(C7(C8=CC=C(CCCCCC)C=C8)C9=CC=C(CCCCCC)C=C9)=C(C%10=C7C=C(S%10)C%11=C(OCC(CC)CCCC)C=C(S%11)/C=C(/C(C%12=C%13C=C(F)C(F)=C%12)=C(C#N)\C#N)C%13=O)C=C6C5(C%14=CC=C(CCCCCC)C=C%14)C%15=CC=C(CCCCCC)C=C%15)=C(C#N)/C#N)C=C1F,10.75,22.15,0.62,0.71
PTB7-Th,FC1=C(C(OCC(CCCC)CC)=O)SC2=CSC(C3=CC4=C(C5=C(C(C6=CC=C(CC(CC)CCCC)S6)=C4S3)C=CS5)C7=CC=C(CC(CC)CCCC)S7)=C12,BDTI,CCC(CC)(O1)C2=CC(C3=C(OC4(CC)CC)C=C(C5=C6C=C(C(OCCCCCCCC)=O)SC6=C(/C=C7/C(C(C=CC=C8)=C8C7=O)=C(C#N)/C#N)S5)S3)=C4C=C2C(S9)=C1C=C9C(SC(/C=C%10C(C%11=C(C/%10=C(C#N)\C#N)C=CC=C%11)=O)=C%12S%13)=C%12C=C%13C(OCCCCCCCC)=O,8.54,19.09,0.621,0.72
PTB7-Th,FC1=C(C(OCC(CCCC)CC)=O)SC2=CSC(C3=CC4=C(C5=C(C(C6=CC=C(CC(CC)CCCC)S6)=C4S3)C=CS5)C7=CC=C(CC(CC)CCCC)S7)=C12,BDTI-2F,CCC(CC)(O1)C2=CC(C3=C(OC4(CC)CC)C=C(C5=C6C=C(C(OCCCCCCCC)=O)SC6=C(/C=C7/C(C(C=C(F)C=C8)=C8C7=O)=C(C#N)/C#N)S5)S3)=C4C=C2C(S9)=C1C=C9C(SC(/C=C%10C(C%11=C(C/%10=C(C#N)\C#N)C=C(F)C=C%11)=O)=C%12S%13)=C%12C=C%13C(OCCCCCCCC)=O,9.11,21.7,0.656,0.64
PTB7-Th,FC1=C(C(OCC(CCCC)CC)=O)SC2=CSC(C3=CC4=C(C5=C(C(C6=CC=C(CC(CC)CCCC)S6)=C4S3)C=CS5)C7=CC=C(CC(CC)CCCC)S7)=C12,BDTI-4F,CCC(CC)(O1)C2=CC(C3=C(OC4(CC)CC)C=C(C5=C6C=C(C(OCCCCCCCC)=O)SC6=C(/C=C7/C(C(C=C(F)C(F)=C8)=C8C7=O)=C(C#N)/C#N)S5)S3)=C4C=C2C(S9)=C1C=C9C(SC(/C=C%10C(C%11=C(C/%10=C(C#N)\C#N)C=C(F)C(F)=C%11)=O)=C%12S%13)=C%12C=C%13C(OCCCCCCCC)=O,7.96,20.12,0.649,0.61
PTB7-Th,FC1=C(C(OCC(CCCC)CC)=O)SC2=CSC(C3=CC4=C(C5=C(C(C6=CC=C(CC(CC)CCCC)S6)=C4S3)C=CS5)C7=CC=C(CC(CC)CCCC)S7)=C12,IOTIC-4F,O=C(C1=CC(F)=C(F)C=C1C/2=C(C#N)\C#N)C2=C/C3=CC(OCC(CC)CCCC)=C(C4=CC5=C(C6=CC7=C(C8=C(C7(C9=CC=C(C=C9)CCCCCC)C%10=CC=C(C=C%10)CCCCCC)C=C(C%11=C(OCC(CC)CCCC)C=C(/C=C%12C(C%13=CC(F)=C(F)C=C%13C\%12=C(C#N)\C#N)=O)S%11)S8)C=C6C5(C%14=CC=C(C=C%14)CCCCCC)C%15=CC=C(C=C%15)CCCCCC)S4)S3,10.2,20.5,0.68,0.72
PTB7-Th,FC1=C(C(OCC(CCCC)CC)=O)SC2=CSC(C3=CC4=C(C5=C(C(C6=CC=C(CC(CC)CCCC)S6)=C4S3)C=CS5)C7=CC=C(CC(CC)CCCC)S7)=C12,IOTIC-2F,O=C(C1=CC=C(F)C=C1C/2=C(C#N)\C#N)C2=C/C3=CC(OCC(CC)CCCC)=C(C4=CC5=C(C6=CC7=C(C8=C(C7(C9=CC=C(C=C9)CCCCCC)C%10=CC=C(C=C%10)CCCCCC)C=C(C%11=C(OCC(CC)CCCC)C=C(/C=C%12C(C%13=CC=C(F)C=C%13C\%12=C(C#N)\C#N)=O)S%11)S8)C=C6C5(C%14=CC=C(C=C%14)CCCCCC)C%15=CC=C(C=C%15)CCCCCC)S4)S3,7.2,14.8,0.6,0.79
PTB7-Th,FC1=C(C(OCC(CCCC)CC)=O)SC2=CSC(C3=CC4=C(C5=C(C(C6=CC=C(CC(CC)CCCC)S6)=C4S3)C=CS5)C7=CC=C(CC(CC)CCCC)S7)=C12,IOTIC,O=C(C1=CC=CC=C1C/2=C(C#N)\C#N)C2=C/C3=CC(OCC(CC)CCCC)=C(C4=CC5=C(C6=CC7=C(C8=C(C7(C9=CC=C(C=C9)CCCCCC)C%10=CC=C(C=C%10)CCCCCC)C=C(C%11=C(OCC(CC)CCCC)C=C(/C=C%12C(C%13=CC=CC=C%13C\%12=C(C#N)\C#N)=O)S%11)S8)C=C6C5(C%14=CC=C(C=C%14)CCCCCC)C%15=CC=C(C=C%15)CCCCCC)S4)S3,6.0,10.7,0.6,0.88
PT-68,FC(C(F)=C(C1=N2)C3=CC=C(S3)C4=CC=C(S4)/C(C#N)=C/C5=CC(OCC(CCCCCCCC)CCCCCC)=C(C=C5OCC(CCCCCCCC)CCCCCC)/C=C(C6=CC=C(S6)C)\C#N)=C(C7=CC=C(C)S7)C1=NN2CC(CCCCCCCCCC)CCCCCCCCCCCC,ITIC,c12cc3c(cc1C(c1c2sc2c1sc(c2)/C=C\1/C(=C(C#N)C#N)c2c(C1=O)cccc2)(c1ccc(cc1)CCCCCC)c1ccc(cc1)CCCCCC)c1c(C3(c2ccc(cc2)CCCCCC)c2ccc(cc2)CCCCCC)c2c(s1)cc(s2)/C=C\1/C(=C(C#N)C#N)c2c(C1=O)cccc2,5.44,11.49,0.461,1.02
PT4FB,FC(C(F)=C(C1=NN(N=C21)CCCCCCCC)C3=CC(CC(CCCCCCCCCC)CCCCCCCCCCCC)=C(S3)C4=CC=C(S4)C5=C(C(F)=C(C(F)=C5F)C6=CC=C(S6)C)F)=C2C7=CC(CC(CCCCCCCCCC)CCCCCCCCCCCC)=C(C)S7,IDIC,N#C/C(C#N)=C(C1=CC=CC=C1C2=O)/C2=C/C3=CC4=C(C5=C(C=C6C(C(CCCCCC)(CCCCCC)C7=C6SC(/C=C8/C(C9=CC=CC=C9C8=O)=C(C#N)/C#N)=C7)=C5)C4(CCCCCC)CCCCCC)S3,9.81,13.72,0.71,0.97
PT3,CC1=CC2=C(C3=C(C(C4=CC=C(S4)CC)=C2S1)C=C(C5=C(CCCCCC)C6=C(C=C(S6)C7=C(C(C8=C(SC(CCCCCCCC)=C8C9=O)CCCCCCCC)=O)C9=C(C%10=CC%11=C(S%10)C(CCCCCC)=C(C)S%11)S7)S5)S3)C%12=CC=C(S%12)CC,ITIC,c12cc3c(cc1C(c1c2sc2c1sc(c2)/C=C\1/C(=C(C#N)C#N)c2c(C1=O)cccc2)(c1ccc(cc1)CCCCCC)c1ccc(cc1)CCCCCC)c1c(C3(c2ccc(cc2)CCCCCC)c2ccc(cc2)CCCCCC)c2c(s1)cc(s2)/C=C\1/C(=C(C#N)C#N)c2c(C1=O)cccc2,9.22,15.52,0.68,0.88
PT2,CC1=CC(C(S1)=C(C2=C3SC(C(S4)=CC=C4C5=C6C(C(C7=C(SC(CCCCCCCC)=C7C6=O)CCCCCCCC)=O)=C(S5)C8=CC=C(C)S8)=C2)C9=CC=C(S9)CC)=C3C%10=CC=C(S%10)CC,ITIC,c12cc3c(cc1C(c1c2sc2c1sc(c2)/C=C\1/C(=C(C#N)C#N)c2c(C1=O)cccc2)(c1ccc(cc1)CCCCCC)c1ccc(cc1)CCCCCC)c1c(C3(c2ccc(cc2)CCCCCC)c2ccc(cc2)CCCCCC)c2c(s1)cc(s2)/C=C\1/C(=C(C#N)C#N)c2c(C1=O)cccc2,9.01,16.33,0.64,0.84
PT2,CC1=CC(C(S1)=C(C2=C3SC(C(S4)=CC=C4C5=C6C(C(C7=C(SC(CCCCCCCC)=C7C6=O)CCCCCCCC)=O)=C(S5)C8=CC=C(C)S8)=C2)C9=CC=C(S9)CC)=C3C%10=CC=C(S%10)CC,IT-BnC6-4F,O=C(C(C=C(C(F)=C1)F)=C1C/2=C(C#N)/C#N)C2=C/C3=CC(SC4=C5C(CC6=CC=C(C=C6)CCCCCC)(C7=CC8=C(C(CC9=CC=C(C=C9)CCCCCC)(C%10=C8SC%11=C%10CC(/C=C%12C(C(C=C(C(F)=C%13)F)=C%13C\%12=C(C#N)/C#N)=O)=C%11)CC%14=CC=C(C=C%14)CCCCCC)C=C74)CC(C=C%15)=CC=C%15CCCCCC)=C5S3,13.36,20.7,0.728,0.86
PT2,CC1=CC(C(S1)=C(C2=C3SC(C(S4)=CC=C4C5=C6C(C(C7=C(SC(CCCCCCCC)=C7C6=O)CCCCCCCC)=O)=C(S5)C8=CC=C(C)S8)=C2)C9=CC=C(S9)CC)=C3C%10=CC=C(S%10)CC,IT-4F,c1(cc2c(cc1F)C(=O)/C(=C\c1cc3c(s1)c1c(s3)c3c(C1(c1ccc(cc1)CCCCCC)c1ccc(cc1)CCCCCC)cc1c(c3)C(c3c1sc1c3sc(c1)/C=C/1\C(=O)c3c(C1=C(C#N)C#N)cc(c(c3)F)F)(c1ccc(cc1)CCCCCC)c1ccc(cc1)CCCCCC)/C2=C(C#N)C#N)F,12.85,19.4,0.764,0.83
PT1,CCC1=CC=C(C2=C(C3)C(C=C3C)=C(C(S4)=C2C=C4C5=C6C(C(C7=C(SC(CCCCCCCC)=C7C6=O)CCCCCCCC)=O)=C(C)S5)C(S8)=CC=C8CC)S1,ITIC,c12cc3c(cc1C(c1c2sc2c1sc(c2)/C=C\1/C(=C(C#N)C#N)c2c(C1=O)cccc2)(c1ccc(cc1)CCCCCC)c1ccc(cc1)CCCCCC)c1c(C3(c2ccc(cc2)CCCCCC)c2ccc(cc2)CCCCCC)c2c(s1)cc(s2)/C=C\1/C(=C(C#N)C#N)c2c(C1=O)cccc2,2.13,5.78,0.39,0.95
PSEHTT,CC1=CC(C)=C(C2=NC3=C(S2)N=C(C4=C(CCCCCCCC)C=C(C5=CC6=C(C7=C([Si]6(CCCCCCCC)CCCCCCCC)C=C(C)S7)S5)S4)S3)S1,FTB,O=C(N(C(N(C/1=O)CC)=O)CC)C1=C\C(S2)=CC=C2C3=CC=C(C(C=C4)=C5C=C4C6=CC=C(S6)/C=C7C(N(C(N(C\7=O)CC)=O)CC)=O)C(C5(CCCCCCCC)CCCCCCCC)=C3,5.42,8.17,0.52,1.15
PSEHTT,CC1=CC(C)=C(C2=NC3=C(S2)N=C(C4=C(CCCCCCCC)C=C(C5=CC6=C(C7=C([Si]6(CCCCCCCC)CCCCCCCC)C=C(C)S7)S5)S4)S3)S1,FTTB,O=C(N(C(N(C/1=O)CC)=S)CC)C1=C\C(S2)=CC=C2C3=CC=C(C(C=C4)=C5C=C4C6=CC=C(S6)/C=C7C(N(C(N(C\7=O)CC)=S)CC)=O)C(C5(CCCCCCCC)CCCCCCCC)=C3,7.17,12.47,0.51,1.0
PSBZ,CC(S1)=CC=C1C(C2=NC(CC(CCCC)CCCCCC)N=C32)=C(F)C(F)=C3C(S4)=CC=C4C5=CC(C(C6=CC=C(SCC(CCCCCC)CCCC)S6)=C(SC(C)=C7)C7=C8C9=CC=C(SCC(CCCCCC)CCCC)S9)=C8S5,ITIC,c12cc3c(cc1C(c1c2sc2c1sc(c2)/C=C\1/C(=C(C#N)C#N)c2c(C1=O)cccc2)(c1ccc(cc1)CCCCCC)c1ccc(cc1)CCCCCC)c1c(C3(c2ccc(cc2)CCCCCC)c2ccc(cc2)CCCCCC)c2c(s1)cc(s2)/C=C\1/C(=C(C#N)C#N)c2c(C1=O)cccc2,10.5,19.0,0.62,0.89
PPN4T-2F,FC1=C(C2=C(F)C=C(C)S2)SC(C3=C(CC(CCCCCC)CCCCCCCC)C=C(S3)C4=CC(N(C5=O)CC(CCCCCCCC)CCCCCC)=C(C6=C5C=C(C=C6)C7=CC(CC(CCCCCC)CCCCCCCC)=C(C)C7)C=C4)=C1,IT-4F,c1(cc2c(cc1F)C(=O)/C(=C\c1cc3c(s1)c1c(s3)c3c(C1(c1ccc(cc1)CCCCCC)c1ccc(cc1)CCCCCC)cc1c(c3)C(c3c1sc1c3sc(c1)/C=C/1\C(=O)c3c(C1=C(C#N)C#N)cc(c(c3)F)F)(c1ccc(cc1)CCCCCC)c1ccc(cc1)CCCCCC)/C2=C(C#N)C#N)F,6.66,13.32,0.571,0.87
PPN4T-2F,FC1=C(C2=C(F)C=C(C)S2)SC(C3=C(CC(CCCCCC)CCCCCCCC)C=C(S3)C4=CC(N(C5=O)CC(CCCCCCCC)CCCCCC)=C(C6=C5C=C(C=C6)C7=CC(CC(CCCCCC)CCCCCCCC)=C(C)C7)C=C4)=C1,IT-4F,c1(cc2c(cc1F)C(=O)/C(=C\c1cc3c(s1)c1c(s3)c3c(C1(c1ccc(cc1)CCCCCC)c1ccc(cc1)CCCCCC)cc1c(c3)C(c3c1sc1c3sc(c1)/C=C/1\C(=O)c3c(C1=C(C#N)C#N)cc(c(c3)F)F)(c1ccc(cc1)CCCCCC)c1ccc(cc1)CCCCCC)/C2=C(C#N)C#N)F,8.54,16.15,0.642,0.82
PPDT2FBT,CC1=CC=C(S1)C2=CC(OCC(CCCCCC)CCCCCCCC)=C(C=C2COC(CCCCCCCC)CCCCCC)C3=CC=C(S3)C4=C(C(F)=C(C5=NSN=C45)C)F,IDT2BR,S=C(N(C/1=O)CC)SC1=C\C(C2=NSN=C32)=CC=C3C4=CC(C5(C6=CC=C(C=C6)CCCCCC)C(C=C7)=CC=C7CCCCCC)=C(C8=CC9=C(C%10=C(C9(C%11=CC=C(C=C%11)CCCCCC)C%12=CC=C(C=C%12)CCCCCC)C=C(C%13=CC=C(C%14=NSN=C%13%14)/C=C%15SC(N(C/%15=O)CC)=S)S%10)C=C85)S4,5.16,8.4,0.55,1.1
PPDT2FBT,CC1=CC=C(S1)C2=CC(OCC(CCCCCC)CCCCCCCC)=C(C=C2COC(CCCCCCCC)CCCCCC)C3=CC=C(S3)C4=C(C(F)=C(C5=NSN=C45)C)F,NIDCS-HO,O=C(C1=C2C(C3=O)=CC=C(C4=CC=C(S4)/C(C#N)=C/C5=CC(OCCCCCC)=C(C=C5OCCCCCC)/C=C(C6=CC=C(S6)C7=CC=C8C9=C(C(N(C8=O)CC(CC)CCCC)=O)C=CC=C79)\C#N)C2=CC=C1)N3CC(CC)CCCC,7.64,11.88,0.63,1.03
PPDT2FBT,CC1=CC=C(S1)C2=CC(OCC(CCCCCC)CCCCCCCC)=C(C=C2COC(CCCCCCCC)CCCCCC)C3=CC=C(S3)C4=C(C(F)=C(C5=NSN=C45)C)F,BTDT2R,S=C(N(C/1=O)CC)SC1=C/C(S2)=CC=C2C(C3=NSN=C3C(C4=CC=C(S4)/C=C5SC(N(C\5=O)CC)=S)=C6OCCCCCC)=C6OCCCCCC,6.9,11.23,0.57,1.07
p-PBDTPS?FTAZ,FC(C(F)=C(C1=N2)C3=CC=C(S3)C4=CC5=C(C6=C(C(C7=CC=C(C=C7)[S]CCCCCCCC)=C5S4)C=C(C)S6)C8=CC=C(C=C8)[S]CCCCCCCC)=C(C9=CC=C(C)S9)C1=NN2CCCCCCCCCCCCCCCC,ITIC,c12cc3c(cc1C(c1c2sc2c1sc(c2)/C=C\1/C(=C(C#N)C#N)c2c(C1=O)cccc2)(c1ccc(cc1)CCCCCC)c1ccc(cc1)CCCCCC)c1c(C3(c2ccc(cc2)CCCCCC)c2ccc(cc2)CCCCCC)c2c(s1)cc(s2)/C=C\1/C(=C(C#N)C#N)c2c(C1=O)cccc2,10.86,17.91,0.661,0.88
PPBDTBT,FC(C(OCC(CCCCCCCCCCCC)CCCCCCCCCC)=C(C1=CC=C(C)S1)C2=NSN=C32)=C3C4=CC=C(S4)C5=CC6=C(C7=C(C(C8=CC=C(C=C8)SCC(CCCC)CC)=C6S5)C=C(C)S7)C9=CC=C(C=C9)SCC(CCCC)CC,ITIC,c12cc3c(cc1C(c1c2sc2c1sc(c2)/C=C\1/C(=C(C#N)C#N)c2c(C1=O)cccc2)(c1ccc(cc1)CCCCCC)c1ccc(cc1)CCCCCC)c1c(C3(c2ccc(cc2)CCCCCC)c2ccc(cc2)CCCCCC)c2c(s1)cc(s2)/C=C\1/C(=C(C#N)C#N)c2c(C1=O)cccc2,7.72,13.0,0.63,0.925
P-P,FC1=C(C2=CC=C(C3=CC4=C(C(C(C=C5)=CC=C5CC(CCCC)CC)=C6C=C(OC6=C4C(C=C7)=CC=C7CC(CC)CCCC)C)O3)S2)C8=NN(CC(CCCCCCCC)CCCCCC)N=C8C(C9=CC=C(C)S9)=C1F,m-ITIC,c12cc3c(cc1C(c1c2sc2c1sc(c2)/C=C\1/C(=C(C#N)C#N)c2c(C1=O)cccc2)(c1cccc(c1)CCCCCC)c1cc(ccc1)CCCCCC)c1c(C3(c2cc(ccc2)CCCCCC)c2cccc(c2)CCCCCC)c2c(s1)cc(s2)/C=C\1/C(=C(C#N)C#N)c2c(C1=O)cccc2,7.91,16.25,0.563,0.8
P-P,FC1=C(C2=CC=C(C3=CC4=C(C(C(C=C5)=CC=C5CC(CCCC)CC)=C6C=C(OC6=C4C(C=C7)=CC=C7CC(CC)CCCC)C)O3)S2)C8=NN(CC(CCCCCCCC)CCCCCC)N=C8C(C9=CC=C(C)S9)=C1F,Y6,O=C(C/1=C\C2=C(C3=C(S2)C(N4C5=CC=C(CCCCCC)C=C5)=C(C6=C4C7=C(C8=NSN=C68)C(SC9=C%10SC(/C=C%11C(C%12=CC(F)=C(C=C%12C\%11=C(C#N)/C#N)F)=O)=C9CCCCCCCCCCC)=C%10N7C%13=CC=C(CCCCCC)C=C%13)S3)CCCCCCCCCCC)C%14=CC(F)=C(F)C=C%14C1=C(C#N)/C#N,8.22,24.2,0.543,0.616
PM7,CC1=CC=C(S1)C2=C(C(C3=C(CC(CCCC)CC)CC(CC(CCCC)CC)=C3C4=O)=O)C4=C(C5=CC=C(S5)C6=CC7=C(C8=C(C(C9=CC(Cl)=C(S9)CC(CCCC)CC)=C7S6)C=C(C)S8)C%10=CC(Cl)=C(S%10)CC(CCCC)CC)S2,ITC-2Cl,O=C(C1=C(SC=C1C/2=C(C#N)\C#N)Cl)C2=C/C3=CC(CC4=C5C(C(C=C6)=CC=C6CCCCCC)(C(C4=C7)=CC8=C7C(C9=CC=C(C=C9)CCCCCC)(C%10=CC=C(C=C%10)CCCCCC)C%11=C8SC%12=C%11SC(/C=C%13C(C%14=C(SC=C%14C\%13=C(C#N)\C#N)Cl)=O)=C%12)C%15=CC=C(C=C%15)CCCCCC)=C5S3,13.72,20.27,0.739,0.915
PM7,CC1=CC=C(S1)C2=C(C(C3=C(CC(CCCC)CC)CC(CC(CCCC)CC)=C3C4=O)=O)C4=C(C5=CC=C(S5)C6=CC7=C(C8=C(C(C9=CC(Cl)=C(S9)CC(CCCC)CC)=C7S6)C=C(C)S8)C%10=CC(Cl)=C(S%10)CC(CCCC)CC)S2,IXIC-4Cl,c1(c(cc2c(c1)C(=O)/C(=C\c1sc3c(c1)sc1c3C(c3c1sc1c3sc3c1C(c1c3sc3c1sc(c3)/C=C/1\C(=O)c3c(C1=C(C#N)C#N)cc(c(c3)Cl)Cl)(c1ccc(cc1)CCCCCC)c1ccc(cc1)CCCCCC)(c1ccc(cc1)CCCCCC)c1ccc(cc1)CCCCCC)/C2=C(C#N)C#N)Cl)Cl,12.01,21.6,0.699,0.795
PM7,CC1=CC=C(S1)C2=C(C(C3=C(CC(CCCC)CC)CC(CC(CCCC)CC)=C3C4=O)=O)C4=C(C5=CC=C(S5)C6=CC7=C(C8=C(C(C9=CC(Cl)=C(S9)CC(CCCC)CC)=C7S6)C=C(C)S8)C%10=CC(Cl)=C(S%10)CC(CCCC)CC)S2,BDSeThCl,CCCCCCC1=CC=C(C2(C3=CC=C(CCCCCC)C=C3)C4=C(C5=C2C=C(S5)/C=C6C(C7=C(C/6=C(C#N)/C#N)C=C(Cl)C7)=O)[Se]C8=CC9=C([Se]C%10=C9C(C%11=CC=C(CCCCCC)C=C%11)(C%12=CC=C(CCCCCC)C=C%12)C%13=C%10SC(/C=C%14\C(C%15=C(SC(Cl)=C%15)C%14=O)=C(C#N)/C#N)=C%13)C=C84)C=C1,11.91,17.85,0.688,0.97
PM7,CC1=CC=C(S1)C2=C(C(C3=C(CC(CCCC)CC)CC(CC(CCCC)CC)=C3C4=O)=O)C4=C(C5=CC=C(S5)C6=CC7=C(C8=C(C(C9=CC(Cl)=C(S9)CC(CCCC)CC)=C7S6)C=C(C)S8)C%10=CC(Cl)=C(S%10)CC(CCCC)CC)S2,BDSePhCl,CCCCCCC(C=C1)=CC=C1C2(C3=CC=C(C=C3)CCCCCC)C4=C([Se]C5=CC6=C(C=C54)[Se]C7=C6C(C8=CC=C(C=C8)CCCCCC)(C9=CC=C(C=C9)CCCCCC)C%10=C7SC(/C=C%11\C(C%12=C(C=C(Cl)C=C%12)C%11=O)=C(C#N)\C#N)=C%10)C%13=C2C=C(/C=C%14C(C(C=C(Cl)C=C%15)=C%15C/%14=C(C#N)/C#N)=O)S%13,13.68,20.35,0.731,0.92
PM7,CC1=CC=C(S1)C2=C(C(C3=C(CC(CCCC)CC)CC(CC(CCCC)CC)=C3C4=O)=O)C4=C(C5=CC=C(S5)C6=CC7=C(C8=C(C(C9=CC(Cl)=C(S9)CC(CCCC)CC)=C7S6)C=C(C)S8)C%10=CC(Cl)=C(S%10)CC(CCCC)CC)S2,IT-4F,c1(cc2c(cc1F)C(=O)/C(=C\c1cc3c(s1)c1c(s3)c3c(C1(c1ccc(cc1)CCCCCC)c1ccc(cc1)CCCCCC)cc1c(c3)C(c3c1sc1c3sc(c1)/C=C/1\C(=O)c3c(C1=C(C#N)C#N)cc(c(c3)F)F)(c1ccc(cc1)CCCCCC)c1ccc(cc1)CCCCCC)/C2=C(C#N)C#N)F,13.4,20.5,0.768,0.852
PM7,CC1=CC=C(S1)C2=C(C(C3=C(CC(CCCC)CC)CC(CC(CCCC)CC)=C3C4=O)=O)C4=C(C5=CC=C(S5)C6=CC7=C(C8=C(C(C9=CC(Cl)=C(S9)CC(CCCC)CC)=C7S6)C=C(C)S8)C%10=CC(Cl)=C(S%10)CC(CCCC)CC)S2,Y6,O=C(C/1=C\C2=C(C3=C(S2)C(N4C5=CC=C(CCCCCC)C=C5)=C(C6=C4C7=C(C8=NSN=C68)C(SC9=C%10SC(/C=C%11C(C%12=CC(F)=C(C=C%12C\%11=C(C#N)/C#N)F)=O)=C9CCCCCCCCCCC)=C%10N7C%13=CC=C(CCCCCC)C=C%13)S3)CCCCCCCCCCC)C%14=CC(F)=C(F)C=C%14C1=C(C#N)/C#N,15.4,24.2,0.728,0.875
PM7,CC1=CC=C(S1)C2=C(C(C3=C(CC(CCCC)CC)CC(CC(CCCC)CC)=C3C4=O)=O)C4=C(C5=CC=C(S5)C6=CC7=C(C8=C(C(C9=CC(Cl)=C(S9)CC(CCCC)CC)=C7S6)C=C(C)S8)C%10=CC(Cl)=C(S%10)CC(CCCC)CC)S2,ITC-2Cl,O=C(C1=C(SC=C1C/2=C(C#N)\C#N)Cl)C2=C/C3=CC(CC4=C5C(C(C=C6)=CC=C6CCCCCC)(C(C4=C7)=CC8=C7C(C9=CC=C(C=C9)CCCCCC)(C%10=CC=C(C=C%10)CCCCCC)C%11=C8SC%12=C%11SC(/C=C%13C(C%14=C(SC=C%14C\%13=C(C#N)\C#N)Cl)=O)=C%12)C%15=CC=C(C=C%15)CCCCCC)=C5S3,13.72,19.64,0.739,0.915
PM7,CC1=CC=C(S1)C2=C(C(C3=C(CC(CCCC)CC)CC(CC(CCCC)CC)=C3C4=O)=O)C4=C(C5=CC=C(S5)C6=CC7=C(C8=C(C(C9=CC(Cl)=C(S9)CC(CCCC)CC)=C7S6)C=C(C)S8)C%10=CC(Cl)=C(S%10)CC(CCCC)CC)S2,IXIC-4Cl,c1(c(cc2c(c1)C(=O)/C(=C\c1sc3c(c1)sc1c3C(c3c1sc1c3sc3c1C(c1c3sc3c1sc(c3)/C=C/1\C(=O)c3c(C1=C(C#N)C#N)cc(c(c3)Cl)Cl)(c1ccc(cc1)CCCCCC)c1ccc(cc1)CCCCCC)(c1ccc(cc1)CCCCCC)c1ccc(cc1)CCCCCC)/C2=C(C#N)C#N)Cl)Cl,12.01,21.19,0.699,0.795
PM7,CC1=CC=C(S1)C2=C(C(C3=C(CC(CCCC)CC)CC(CC(CCCC)CC)=C3C4=O)=O)C4=C(C5=CC=C(S5)C6=CC7=C(C8=C(C(C9=CC(Cl)=C(S9)CC(CCCC)CC)=C7S6)C=C(C)S8)C%10=CC(Cl)=C(S%10)CC(CCCC)CC)S2,ITC6-IC,CCCCCCC(C(SC1=C2C(C3=CC=C(C=C3)CCCCCC)(C(C=C4C5=C6C7=C(C(CCCCCC)=C(S7)/C=C8C(C(C=CC=C9)=C9C\8=C(C#N)\C#N)=O)S5)=C1C=C4C6(C(C=C%10)=CC=C%10CCCCCC)C(C=C%11)=CC=C%11CCCCCC)C(C=C%12)=CC=C%12CCCCCC)=C2S%13)=C%13/C=C%14C(C(C=CC=C%15)=C%15C\%14=C(C#N)/C#N)=O,5.85,11.58,0.474,1.019
PM7,CC1=CC=C(S1)C2=C(C(C3=C(CC(CCCC)CC)CC(CC(CCCC)CC)=C3C4=O)=O)C4=C(C5=CC=C(S5)C6=CC7=C(C8=C(C(C9=CC(Cl)=C(S9)CC(CCCC)CC)=C7S6)C=C(C)S8)C%10=CC(Cl)=C(S%10)CC(CCCC)CC)S2,ITC6-IC,CCCCCCC(C(SC1=C2C(C3=CC=C(C=C3)CCCCCC)(C(C=C4C5=C6C7=C(C(CCCCCC)=C(S7)/C=C8C(C(C=CC=C9)=C9C\8=C(C#N)\C#N)=O)S5)=C1C=C4C6(C(C=C%10)=CC=C%10CCCCCC)C(C=C%11)=CC=C%11CCCCCC)C(C=C%12)=CC=C%12CCCCCC)=C2S%13)=C%13/C=C%14C(C(C=CC=C%15)=C%15C\%14=C(C#N)/C#N)=O,8.21,13.48,0.587,1.009
PM7,CC1=CC=C(S1)C2=C(C(C3=C(CC(CCCC)CC)CC(CC(CCCC)CC)=C3C4=O)=O)C4=C(C5=CC=C(S5)C6=CC7=C(C8=C(C(C9=CC(Cl)=C(S9)CC(CCCC)CC)=C7S6)C=C(C)S8)C%10=CC(Cl)=C(S%10)CC(CCCC)CC)S2,IT-4F,c1(cc2c(cc1F)C(=O)/C(=C\c1cc3c(s1)c1c(s3)c3c(C1(c1ccc(cc1)CCCCCC)c1ccc(cc1)CCCCCC)cc1c(c3)C(c3c1sc1c3sc(c1)/C=C/1\C(=O)c3c(C1=C(C#N)C#N)cc(c(c3)F)F)(c1ccc(cc1)CCCCCC)c1ccc(cc1)CCCCCC)/C2=C(C#N)C#N)F,10.24,18.03,0.633,0.88
PM7,CC1=CC=C(S1)C2=C(C(C3=C(CC(CCCC)CC)CC(CC(CCCC)CC)=C3C4=O)=O)C4=C(C5=CC=C(S5)C6=CC7=C(C8=C(C(C9=CC(Cl)=C(S9)CC(CCCC)CC)=C7S6)C=C(C)S8)C%10=CC(Cl)=C(S%10)CC(CCCC)CC)S2,IT-4F,c1(cc2c(cc1F)C(=O)/C(=C\c1cc3c(s1)c1c(s3)c3c(C1(c1ccc(cc1)CCCCCC)c1ccc(cc1)CCCCCC)cc1c(c3)C(c3c1sc1c3sc(c1)/C=C/1\C(=O)c3c(C1=C(C#N)C#N)cc(c(c3)F)F)(c1ccc(cc1)CCCCCC)c1ccc(cc1)CCCCCC)/C2=C(C#N)C#N)F,12.48,20.08,0.706,0.858
PM7,CC1=CC=C(S1)C2=C(C(C3=C(CC(CCCC)CC)CC(CC(CCCC)CC)=C3C4=O)=O)C4=C(C5=CC=C(S5)C6=CC7=C(C8=C(C(C9=CC(Cl)=C(S9)CC(CCCC)CC)=C7S6)C=C(C)S8)C%10=CC(Cl)=C(S%10)CC(CCCC)CC)S2,ITC6-4F,FC1=CC(C2=O)=C(C=C1F)C(/C2=C/C(S3)=C(CCCCCC)C4=C3C(C5(C6=CC=C(CCCCCC)C=C6)C7=CC=C(CCCCCC)C=C7)=C(S4)C(C5=C8)=CC9=C8C(S%10)=C(C9(C%11=CC=C(CCCCCC)C=C%11)C%12=CC=C(CCCCCC)C=C%12)C(S%13)=C%10C(CCCCCC)=C%13/C=C(/C%14=C(C#N)\C#N)C(C%15=C%14C=C(F)C(F)=C%15)=O)=C(C#N)\C#N,12.1,19.62,0.635,0.96
PM7,CC1=CC=C(S1)C2=C(C(C3=C(CC(CCCC)CC)CC(CC(CCCC)CC)=C3C4=O)=O)C4=C(C5=CC=C(S5)C6=CC7=C(C8=C(C(C9=CC(Cl)=C(S9)CC(CCCC)CC)=C7S6)C=C(C)S8)C%10=CC(Cl)=C(S%10)CC(CCCC)CC)S2,ITC6-4F,FC1=CC(C2=O)=C(C=C1F)C(/C2=C/C(S3)=C(CCCCCC)C4=C3C(C5(C6=CC=C(CCCCCC)C=C6)C7=CC=C(CCCCCC)C=C7)=C(S4)C(C5=C8)=CC9=C8C(S%10)=C(C9(C%11=CC=C(CCCCCC)C=C%11)C%12=CC=C(CCCCCC)C=C%12)C(S%13)=C%10C(CCCCCC)=C%13/C=C(/C%14=C(C#N)\C#N)C(C%15=C%14C=C(F)C(F)=C%15)=O)=C(C#N)\C#N,14.47,21.87,0.729,0.898
PM7,CC1=CC=C(S1)C2=C(C(C3=C(CC(CCCC)CC)CC(CC(CCCC)CC)=C3C4=O)=O)C4=C(C5=CC=C(S5)C6=CC7=C(C8=C(C(C9=CC(Cl)=C(S9)CC(CCCC)CC)=C7S6)C=C(C)S8)C%10=CC(Cl)=C(S%10)CC(CCCC)CC)S2,Y1-4F,O=C(C1=CC(F)=C(C=C1C/2=C(C#N)\C#N)F)C2=C/C3=CC(SC(C4=C5C6=C(C7=C(N6CC(CCC)CCCC)C8=C(C=C(S8)/C=C9C(C%10=CC(F)=C(C=C%10C\9=C(C#N)\C#N)F)=O)S7)C%11=NN(N=C4%11)CC(CC)CCCC)=C%12N5CC(CCCC)CC)=C%12S3,14.0,25.4,0.656,0.83
PM7,CC1=CC=C(S1)C2=C(C(C3=C(CC(CCCC)CC)CC(CC(CCCC)CC)=C3C4=O)=O)C4=C(C5=CC=C(S5)C6=CC7=C(C8=C(C(C9=CC(Cl)=C(S9)CC(CCCC)CC)=C7S6)C=C(C)S8)C%10=CC(Cl)=C(S%10)CC(CCCC)CC)S2,IT-4F,c1(cc2c(cc1F)C(=O)/C(=C\c1cc3c(s1)c1c(s3)c3c(C1(c1ccc(cc1)CCCCCC)c1ccc(cc1)CCCCCC)cc1c(c3)C(c3c1sc1c3sc(c1)/C=C/1\C(=O)c3c(C1=C(C#N)C#N)cc(c(c3)F)F)(c1ccc(cc1)CCCCCC)c1ccc(cc1)CCCCCC)/C2=C(C#N)C#N)F,10.93,18.56,0.634,0.902
PM7,CC1=CC=C(S1)C2=C(C(C3=C(CC(CCCC)CC)CC(CC(CCCC)CC)=C3C4=O)=O)C4=C(C5=CC=C(S5)C6=CC7=C(C8=C(C(C9=CC(Cl)=C(S9)CC(CCCC)CC)=C7S6)C=C(C)S8)C%10=CC(Cl)=C(S%10)CC(CCCC)CC)S2,IT-4CL,O=C(C1=CC(Cl)=C(C=C1C/2=C(C#N)\C#N)Cl)C2=C/C3=CC4=C(C(C5(C6=CC=C(C=C6)CCCCCC)C(C=C7)=CC=C7CCCCCC)=C(C8=CC9=C(C%10=C(C9(C%11=CC=C(C=C%11)CCCCCC)C%12=CC=C(C=C%12)CCCCCC)C%13=C(C=C(S%13)/C=C%14C(C%15=CC(Cl)=C(C=C%15C\%14=C(C#N)\C#N)Cl)=O)S%10)C=C85)S4)S3,10.77,19.6,0.609,0.871
PM6,O=C1C2=C(CC(CC)CCCC)SC(CC(CC)CCCC)=C2C(C3=C(C4=CC=C(C5=CC(C(C6=CC(F)=C(CC(CC)CCCC)S6)=C(SC=C7)C7=C8C9=CC(F)=C(CC(CC)CCCC)S9)=C8S5)S4)SC(C%10=CC=CS%10)=C31)=O,IDIC,N#C/C(C#N)=C(C1=CC=CC=C1C2=O)/C2=C/C3=CC4=C(C5=C(C=C6C(C(CCCCCC)(CCCCCC)C7=C6SC(/C=C8/C(C9=CC=CC=C9C8=O)=C(C#N)/C#N)=C7)=C5)C4(CCCCCC)CCCCCC)S3,11.5,17.3,0.7,0.95
PM6,O=C1C2=C(CC(CC)CCCC)SC(CC(CC)CCCC)=C2C(C3=C(C4=CC=C(C5=CC(C(C6=CC(F)=C(CC(CC)CCCC)S6)=C(SC=C7)C7=C8C9=CC(F)=C(CC(CC)CCCC)S9)=C8S5)S4)SC(C%10=CC=CS%10)=C31)=O,SeTIC,c1cccc2c1C(=C(C#N)C#N)/C(=C/c1cc3c(s1)c1c([se]3)c3c(C1(c1ccc(cc1)CCCCCC)c1ccc(cc1)CCCCCC)cc1c(c3)C(c3c1[se]c1c3sc(c1)/C=C\1/C(=C(C#N)C#N)c3c(C1=O)cccc3)(c1ccc(cc1)CCCCCC)c1ccc(cc1)CCCCCC)/C2=O,7.46,15.45,0.51,0.95
PM6,O=C1C2=C(CC(CC)CCCC)SC(CC(CC)CCCC)=C2C(C3=C(C4=CC=C(C5=CC(C(C6=CC(F)=C(CC(CC)CCCC)S6)=C(SC=C7)C7=C8C9=CC(F)=C(CC(CC)CCCC)S9)=C8S5)S4)SC(C%10=CC=CS%10)=C31)=O,SeTIC4Cl,c1c(c(cc2c1C(=C(C#N)C#N)/C(=C/c1cc3c(s1)c1c([se]3)c3c(C1(c1ccc(cc1)CCCCCC)c1ccc(cc1)CCCCCC)cc1c(c3)C(c3c1[se]c1c3sc(c1)/C=C\1/C(=C(C#N)C#N)c3c(C1=O)cc(c(c3)Cl)Cl)(c1ccc(cc1)CCCCCC)c1ccc(cc1)CCCCCC)/C2=O)Cl)Cl,13.32,22.92,0.75,0.78
PM6,O=C1C2=C(CC(CC)CCCC)SC(CC(CC)CCCC)=C2C(C3=C(C4=CC=C(C5=CC(C(C6=CC(F)=C(CC(CC)CCCC)S6)=C(SC=C7)C7=C8C9=CC(F)=C(CC(CC)CCCC)S9)=C8S5)S4)SC(C%10=CC=CS%10)=C31)=O,ITCPTC,O=C(C1=CSC=C1C/2=C(C#N)\C#N)C2=C/C3=CC(SC(C(C=C4C5(C6=CC=C(C=C6)CCCCCCCC)C7=CC=C(CCCCCCCC)C=C7)=C8C=C4C9=C5C%10=C(C=C(S%10)/C=C%11C(C%12=CSC=C%12C\%11=C(C#N)\C#N)=O)S9)=C%13C8(C%14=CC=C(C=C%14)CCCCCCCC)C%15=CC=C(CCCCCCCC)C=C%15)=C%13S3,12.3,17.6,0.734,0.95
PM6,O=C1C2=C(CC(CC)CCCC)SC(CC(CC)CCCC)=C2C(C3=C(C4=CC=C(C5=CC(C(C6=CC(F)=C(CC(CC)CCCC)S6)=C(SC=C7)C7=C8C9=CC(F)=C(CC(CC)CCCC)S9)=C8S5)S4)SC(C%10=CC=CS%10)=C31)=O,ITC-2Cl,O=C(C1=C(SC=C1C/2=C(C#N)\C#N)Cl)C2=C/C3=CC(CC4=C5C(C(C=C6)=CC=C6CCCCCC)(C(C4=C7)=CC8=C7C(C9=CC=C(C=C9)CCCCCC)(C%10=CC=C(C=C%10)CCCCCC)C%11=C8SC%12=C%11SC(/C=C%13C(C%14=C(SC=C%14C\%13=C(C#N)\C#N)Cl)=O)=C%12)C%15=CC=C(C=C%15)CCCCCC)=C5S3,13.6,20.1,0.741,0.91
PM6,O=C1C2=C(CC(CC)CCCC)SC(CC(CC)CCCC)=C2C(C3=C(C4=CC=C(C5=CC(C(C6=CC(F)=C(CC(CC)CCCC)S6)=C(SC=C7)C7=C8C9=CC(F)=C(CC(CC)CCCC)S9)=C8S5)S4)SC(C%10=CC=CS%10)=C31)=O,BTT-MIC,O=C1C2=C(C=CC(C)=C2)C(/C1=C/C(S3)=CC4=C3C(S5)=C(C4(C6=CC=C(CCCCCC)C=C6)C7=CC=C(CCCCCC)C=C7)C(C5=C8C9=CC(SC(CCC(CCCC)CC)=C%10)=C%10S9)=C(C%11=CC(SC(CC(CC)CCCC)=C%12)=C%12S%11)C%13=C8C(C%14(C%15=CC=C(CCCCCC)C=C%15)C%16=CC=CC(CCCCCC)=C%16)=C(S%13)C(S%17)=C%14C=C%17/C=C%18/C(C%19=C(C%18=O)C=C(C)C=C%19)=C(C#N)\C#N)=C(C#N)\C#N,10.04,15.9,0.615,1.027
PM6,O=C1C2=C(CC(CC)CCCC)SC(CC(CC)CCCC)=C2C(C3=C(C4=CC=C(C5=CC(C(C6=CC(F)=C(CC(CC)CCCC)S6)=C(SC=C7)C7=C8C9=CC(F)=C(CC(CC)CCCC)S9)=C8S5)S4)SC(C%10=CC=CS%10)=C31)=O,BTT-FIC,O=C1C2=C(C=CC(F)=C2)C(/C1=C/C(S3)=CC4=C3C(S5)=C(C4(C6=CC=C(CCCCCC)C=C6)C7=CC=C(CCCCCC)C=C7)C(C5=C8C9=CC(SC(CCC(CCCC)CC)=C%10)=C%10S9)=C(C%11=CC(SC(CC(CC)CCCC)=C%12)=C%12S%11)C%13=C8C(C%14(C%15=CC=C(CCCCCC)C=C%15)C%16=CC=CC(CCCCCC)=C%16)=C(S%13)C(S%17)=C%14C=C%17/C=C%18/C(C%19=C(C%18=O)C=C(F)C=C%19)=C(C#N)\C#N)=C(C#N)\C#N,12.65,18.54,0.716,0.953
PM6,O=C1C2=C(CC(CC)CCCC)SC(CC(CC)CCCC)=C2C(C3=C(C4=CC=C(C5=CC(C(C6=CC(F)=C(CC(CC)CCCC)S6)=C(SC=C7)C7=C8C9=CC(F)=C(CC(CC)CCCC)S9)=C8S5)S4)SC(C%10=CC=CS%10)=C31)=O,BDSeIC,CCCCCCC(C=C1)=CC=C1C2(C3=C(C4=C2C(C=C([Se]C5=C6C(C7=CC=C(C=C7)CCCCCC)(C8=C5SC(/C=C9/C(C%10=CC=CC=C%10C9=O)=C(C#N)/C#N)=C8)C%11=CC=C(C=C%11)CCCCCC)C6=C%12)=C%12[Se]4)SC(/C=C%13C(C%14=CC=CC=C%14C/%13=C(C#N)/C#N)=O)=C3)C(C=C%15)=CC=C%15CCCCCC,7.1,14.0,0.519,0.97
PM6,O=C1C2=C(CC(CC)CCCC)SC(CC(CC)CCCC)=C2C(C3=C(C4=CC=C(C5=CC(C(C6=CC(F)=C(CC(CC)CCCC)S6)=C(SC=C7)C7=C8C9=CC(F)=C(CC(CC)CCCC)S9)=C8S5)S4)SC(C%10=CC=CS%10)=C31)=O,BDSeIC2Br,CCCCCCC(C=C1)=CC=C1C2(C3=C(C4=C2C(C=C([Se]C5=C6C(C7=CC=C(C=C7)CCCCCC)(C8=C5SC(/C=C9/C(C%10=CC(Br)=CC=C%10C9=O)=C(C#N)/C#N)=C8)C%11=CC=C(C=C%11)CCCCCC)C6=C%12)=C%12[Se]4)SC(/C=C%13C(C%14=CC(Br)=CC=C%14C/%13=C(C#N)/C#N)=O)=C3)C(C=C%15)=CC=C%15CCCCCC,12.5,20.3,0.691,0.89
PM6,O=C1C2=C(CC(CC)CCCC)SC(CC(CC)CCCC)=C2C(C3=C(C4=CC=C(C5=CC(C(C6=CC(F)=C(CC(CC)CCCC)S6)=C(SC=C7)C7=C8C9=CC(F)=C(CC(CC)CCCC)S9)=C8S5)S4)SC(C%10=CC=CS%10)=C31)=O,BDSeIC4Br,CCCCCCC(C=C1)=CC=C1C2(C3=C(C4=C2C(C=C([Se]C5=C6C(C7=CC=C(C=C7)CCCCCC)(C8=C5SC(/C=C9/C(C%10=CC(Br)=C(Br)C=C%10C9=O)=C(C#N)/C#N)=C8)C%11=CC=C(C=C%11)CCCCCC)C6=C%12)=C%12[Se]4)SC(/C=C%13C(C%14=CC(Br)=C(Br)C=C%14C/%13=C(C#N)/C#N)=O)=C3)C(C=C%15)=CC=C%15CCCCCC,9.6,16.4,0.686,0.85
PM6,O=C1C2=C(CC(CC)CCCC)SC(CC(CC)CCCC)=C2C(C3=C(C4=CC=C(C5=CC(C(C6=CC(F)=C(CC(CC)CCCC)S6)=C(SC=C7)C7=C8C9=CC(F)=C(CC(CC)CCCC)S9)=C8S5)S4)SC(C%10=CC=CS%10)=C31)=O,IT-4F,c1(cc2c(cc1F)C(=O)/C(=C\c1cc3c(s1)c1c(s3)c3c(C1(c1ccc(cc1)CCCCCC)c1ccc(cc1)CCCCCC)cc1c(c3)C(c3c1sc1c3sc(c1)/C=C/1\C(=O)c3c(C1=C(C#N)C#N)cc(c(c3)F)F)(c1ccc(cc1)CCCCCC)c1ccc(cc1)CCCCCC)/C2=C(C#N)C#N)F,12.88,20.6,0.75,0.833
PM6,O=C1C2=C(CC(CC)CCCC)SC(CC(CC)CCCC)=C2C(C3=C(C4=CC=C(C5=CC(C(C6=CC(F)=C(CC(CC)CCCC)S6)=C(SC=C7)C7=C8C9=CC(F)=C(CC(CC)CCCC)S9)=C8S5)S4)SC(C%10=CC=CS%10)=C31)=O,Y6,O=C(C/1=C\C2=C(C3=C(S2)C(N4C5=CC=C(CCCCCC)C=C5)=C(C6=C4C7=C(C8=NSN=C68)C(SC9=C%10SC(/C=C%11C(C%12=CC(F)=C(C=C%12C\%11=C(C#N)/C#N)F)=O)=C9CCCCCCCCCCC)=C%10N7C%13=CC=C(CCCCCC)C=C%13)S3)CCCCCCCCCCC)C%14=CC(F)=C(F)C=C%14C1=C(C#N)/C#N,15.45,25.05,0.72,0.857
PM6,O=C1C2=C(CC(CC)CCCC)SC(CC(CC)CCCC)=C2C(C3=C(C4=CC=C(C5=CC(C(C6=CC(F)=C(CC(CC)CCCC)S6)=C(SC=C7)C7=C8C9=CC(F)=C(CC(CC)CCCC)S9)=C8S5)S4)SC(C%10=CC=CS%10)=C31)=O,Y6,O=C(C/1=C\C2=C(C3=C(S2)C(N4C5=CC=C(CCCCCC)C=C5)=C(C6=C4C7=C(C8=NSN=C68)C(SC9=C%10SC(/C=C%11C(C%12=CC(F)=C(C=C%12C\%11=C(C#N)/C#N)F)=O)=C9CCCCCCCCCCC)=C%10N7C%13=CC=C(CCCCCC)C=C%13)S3)CCCCCCCCCCC)C%14=CC(F)=C(F)C=C%14C1=C(C#N)/C#N,15.75,24.89,0.744,0.845
PM6,O=C1C2=C(CC(CC)CCCC)SC(CC(CC)CCCC)=C2C(C3=C(C4=CC=C(C5=CC(C(C6=CC(F)=C(CC(CC)CCCC)S6)=C(SC=C7)C7=C8C9=CC(F)=C(CC(CC)CCCC)S9)=C8S5)S4)SC(C%10=CC=CS%10)=C31)=O,IT-4F,c1(cc2c(cc1F)C(=O)/C(=C\c1cc3c(s1)c1c(s3)c3c(C1(c1ccc(cc1)CCCCCC)c1ccc(cc1)CCCCCC)cc1c(c3)C(c3c1sc1c3sc(c1)/C=C/1\C(=O)c3c(C1=C(C#N)C#N)cc(c(c3)F)F)(c1ccc(cc1)CCCCCC)c1ccc(cc1)CCCCCC)/C2=C(C#N)C#N)F,13.1,20.6,0.759,0.835
PM6,O=C1C2=C(CC(CC)CCCC)SC(CC(CC)CCCC)=C2C(C3=C(C4=CC=C(C5=CC(C(C6=CC(F)=C(CC(CC)CCCC)S6)=C(SC=C7)C7=C8C9=CC(F)=C(CC(CC)CCCC)S9)=C8S5)S4)SC(C%10=CC=CS%10)=C31)=O,Y6,O=C(C/1=C\C2=C(C3=C(S2)C(N4C5=CC=C(CCCCCC)C=C5)=C(C6=C4C7=C(C8=NSN=C68)C(SC9=C%10SC(/C=C%11C(C%12=CC(F)=C(C=C%12C\%11=C(C#N)/C#N)F)=O)=C9CCCCCCCCCCC)=C%10N7C%13=CC=C(CCCCCC)C=C%13)S3)CCCCCCCCCCC)C%14=CC(F)=C(F)C=C%14C1=C(C#N)/C#N,15.5,24.5,0.746,0.848
PM6,O=C1C2=C(CC(CC)CCCC)SC(CC(CC)CCCC)=C2C(C3=C(C4=CC=C(C5=CC(C(C6=CC(F)=C(CC(CC)CCCC)S6)=C(SC=C7)C7=C8C9=CC(F)=C(CC(CC)CCCC)S9)=C8S5)S4)SC(C%10=CC=CS%10)=C31)=O,Y6,O=C(C/1=C\C2=C(C3=C(S2)C(N4C5=CC=C(CCCCCC)C=C5)=C(C6=C4C7=C(C8=NSN=C68)C(SC9=C%10SC(/C=C%11C(C%12=CC(F)=C(C=C%12C\%11=C(C#N)/C#N)F)=O)=C9CCCCCCCCCCC)=C%10N7C%13=CC=C(CCCCCC)C=C%13)S3)CCCCCCCCCCC)C%14=CC(F)=C(F)C=C%14C1=C(C#N)/C#N,15.7,25.2,0.761,0.82
PM6,O=C1C2=C(CC(CC)CCCC)SC(CC(CC)CCCC)=C2C(C3=C(C4=CC=C(C5=CC(C(C6=CC(F)=C(CC(CC)CCCC)S6)=C(SC=C7)C7=C8C9=CC(F)=C(CC(CC)CCCC)S9)=C8S5)S4)SC(C%10=CC=CS%10)=C31)=O,F-Cl,O=C(C1=CC=C(Cl)C=C1C/2=C(C#N)/C#N)C2=C/C3=CC4=C(S3)C5=CC6=C(C=C5C4(CCCCCCCC)CCCCCCCC)C7=C(C=C8C9=C(C=C(S9)/C=C%10C(C%11=CC=C(Cl)C=C%11C\%10=C(C#N)/C#N)=O)C(CCCCCCCC)(CCCCCCCC)C8=C7)C(CCCCCCCC)6CCCCCCCC,12.5,16.43,0.77,0.982
PM6,O=C1C2=C(CC(CC)CCCC)SC(CC(CC)CCCC)=C2C(C3=C(C4=CC=C(C5=CC(C(C6=CC(F)=C(CC(CC)CCCC)S6)=C(SC=C7)C7=C8C9=CC(F)=C(CC(CC)CCCC)S9)=C8S5)S4)SC(C%10=CC=CS%10)=C31)=O,F-2Cl,O=C(C1=CC(Cl)=C(Cl)C=C1C/2=C(C#N)/C#N)C2=C/C3=CC4=C(S3)C5=CC6=C(C=C5C4(CCCCCCCC)CCCCCCCC)C7=C(C=C8C9=C(C=C(S9)/C=C%10C(C%11=CC(Cl)=C(Cl)C=C%11C\%10=C(C#N)/C#N)=O)C(CCCCCCCC)(CCCCCCCC)C8=C7)C(CCCCCCCC)6CCCCCCCC,12.83,18.08,0.77,0.916
PM6,O=C1C2=C(CC(CC)CCCC)SC(CC(CC)CCCC)=C2C(C3=C(C4=CC=C(C5=CC(C(C6=CC(F)=C(CC(CC)CCCC)S6)=C(SC=C7)C7=C8C9=CC(F)=C(CC(CC)CCCC)S9)=C8S5)S4)SC(C%10=CC=CS%10)=C31)=O,Y6,O=C(C/1=C\C2=C(C3=C(S2)C(N4C5=CC=C(CCCCCC)C=C5)=C(C6=C4C7=C(C8=NSN=C68)C(SC9=C%10SC(/C=C%11C(C%12=CC(F)=C(C=C%12C\%11=C(C#N)/C#N)F)=O)=C9CCCCCCCCCCC)=C%10N7C%13=CC=C(CCCCCC)C=C%13)S3)CCCCCCCCCCC)C%14=CC(F)=C(F)C=C%14C1=C(C#N)/C#N,16.0,25.5,0.74,0.84
PM6,O=C1C2=C(CC(CC)CCCC)SC(CC(CC)CCCC)=C2C(C3=C(C4=CC=C(C5=CC(C(C6=CC(F)=C(CC(CC)CCCC)S6)=C(SC=C7)C7=C8C9=CC(F)=C(CC(CC)CCCC)S9)=C8S5)S4)SC(C%10=CC=CS%10)=C31)=O,3TP3T-4F,O=C(C(C=C(F)C(F)=C1)=C1C/2=C(C#N)\C#N)C2=C/C3=CC4=C(C5=C(S4)C(C6(C7=CC=C(CCCCCCCC)C=C7)C8=CC=C(CCCCCCCC)C=C8)=C(C9=CC%10=C(C%11=C(C%10(C%12=CC=C(C=C%12)CCCCCCCC)C%13=CC=C(C=C%13)CCCCCCCC)C(SC%14=C%15SC(/C=C%16C(C%17=CC(F)=C(C=C%17C\%16=C(C#N)\C#N)F)=O)=C%14)=C%15S%11)C=C96)S5)S3,13.9,20.3,0.739,0.92
PM6,O=C1C2=C(CC(CC)CCCC)SC(CC(CC)CCCC)=C2C(C3=C(C4=CC=C(C5=CC(C(C6=CC(F)=C(CC(CC)CCCC)S6)=C(SC=C7)C7=C8C9=CC(F)=C(CC(CC)CCCC)S9)=C8S5)S4)SC(C%10=CC=CS%10)=C31)=O,3TP3T-IC,O=C(C(C=CC=C1)=C1C/2=C(C#N)\C#N)C2=C/C3=CC4=C(C5=C(S4)C(C6(C7=CC=C(CCCCCCCC)C=C7)C8=CC=C(CCCCCCCC)C=C8)=C(C9=CC%10=C(C%11=C(C%10(C%12=CC=C(C=C%12)CCCCCCCC)C%13=CC=C(C=C%13)CCCCCCCC)C(SC%14=C%15SC(/C=C%16C(C%17=CC=CC=C%17C\%16=C(C#N)\C#N)=O)=C%14)=C%15S%11)C=C96)S5)S3,9.0,13.0,0.656,1.05
PM6,O=C1C2=C(CC(CC)CCCC)SC(CC(CC)CCCC)=C2C(C3=C(C4=CC=C(C5=CC(C(C6=CC(F)=C(CC(CC)CCCC)S6)=C(SC=C7)C7=C8C9=CC(F)=C(CC(CC)CCCC)S9)=C8S5)S4)SC(C%10=CC=CS%10)=C31)=O,IN-4F,O=C(C1=C(C=C(F)C(F)=C1)C/2=C(C#N)\C#N)C2=C/C3=CC4=C(C(C5(C6=CC=C(CCCCCCCC)C=C6)C7=CC=C(CCCCCCCC)C=C7)=C(C8=C5C(C(C9=CC=C(S9)[Si](CCC)(CCC)CCC)=C%10SC%11=C(C(C%12=CC=C(C=C%12)CCCCCCCCC)(C%13=C%11SC%14=C%13SC(/C=C%15C(C%16=C(C=C(F)C(F)=C%16)C\%15=C(C#N)\C#N)=O)=C%14)C%17=CC=C(C=C%17)CCCCCCCC)C%10=C%18C%19=CC=C([Si](CCC)(CCC)CCC)S%19)=C%18S8)S4)S3,13.0,21.3,0.687,0.87
PM6,O=C1C2=C(CC(CC)CCCC)SC(CC(CC)CCCC)=C2C(C3=C(C4=CC=C(C5=CC(C(C6=CC(F)=C(CC(CC)CCCC)S6)=C(SC=C7)C7=C8C9=CC(F)=C(CC(CC)CCCC)S9)=C8S5)S4)SC(C%10=CC=CS%10)=C31)=O,IT-4F,c1(cc2c(cc1F)C(=O)/C(=C\c1cc3c(s1)c1c(s3)c3c(C1(c1ccc(cc1)CCCCCC)c1ccc(cc1)CCCCCC)cc1c(c3)C(c3c1sc1c3sc(c1)/C=C/1\C(=O)c3c(C1=C(C#N)C#N)cc(c(c3)F)F)(c1ccc(cc1)CCCCCC)c1ccc(cc1)CCCCCC)/C2=C(C#N)C#N)F,13.1,20.6,0.749,0.835
PM6,O=C1C2=C(CC(CC)CCCC)SC(CC(CC)CCCC)=C2C(C3=C(C4=CC=C(C5=CC(C(C6=CC(F)=C(CC(CC)CCCC)S6)=C(SC=C7)C7=C8C9=CC(F)=C(CC(CC)CCCC)S9)=C8S5)S4)SC(C%10=CC=CS%10)=C31)=O,Y6,O=C(C/1=C\C2=C(C3=C(S2)C(N4C5=CC=C(CCCCCC)C=C5)=C(C6=C4C7=C(C8=NSN=C68)C(SC9=C%10SC(/C=C%11C(C%12=CC(F)=C(C=C%12C\%11=C(C#N)/C#N)F)=O)=C9CCCCCCCCCCC)=C%10N7C%13=CC=C(CCCCCC)C=C%13)S3)CCCCCCCCCCC)C%14=CC(F)=C(F)C=C%14C1=C(C#N)/C#N,15.5,24.7,0.736,0.837
PM6,O=C1C2=C(CC(CC)CCCC)SC(CC(CC)CCCC)=C2C(C3=C(C4=CC=C(C5=CC(C(C6=CC(F)=C(CC(CC)CCCC)S6)=C(SC=C7)C7=C8C9=CC(F)=C(CC(CC)CCCC)S9)=C8S5)S4)SC(C%10=CC=CS%10)=C31)=O,CZTT-IC,CCC(CCCC)CN1C2=C(C=C(C(C3=CC=C(CCCCCC)C=C3)(C4=CC=C(CCCCCC)C=C4)C5=C6SC7=C5SC(/C=C8C(C(C=C([H])C([H])=C9)=C9C\8=C(C#N)\C#N)=O)=C7)C6=C2)C%10=C1C=C(C%11=C%12C%13=C(C=C(S%13)/C=C%14C(C%15=CC([H])=C(C=C%15C\%14=C(C#N)/C#N)[H])=O)S%11)C(C%12(C%16=CC=C(CCCCCC)C=C%16)C%17CC=C(C=C%17)CCCCCC)=C%10,7.02,12.65,0.505,1.07
PM6,O=C1C2=C(CC(CC)CCCC)SC(CC(CC)CCCC)=C2C(C3=C(C4=CC=C(C5=CC(C(C6=CC(F)=C(CC(CC)CCCC)S6)=C(SC=C7)C7=C8C9=CC(F)=C(CC(CC)CCCC)S9)=C8S5)S4)SC(C%10=CC=CS%10)=C31)=O,CZTT-4F,CCC(CCCC)CN1C2=C(C=C(C(C3=CC=C(CCCCCC)C=C3)(C4=CC=C(CCCCCC)C=C4)C5=C6SC7=C5SC(/C=C8C(C(C=C(F)C(F)=C9)=C9C\8=C(C#N)\C#N)=O)=C7)C6=C2)C%10=C1C=C(C%11=C%12C%13=C(C=C(S%13)/C=C%14C(C%15=CC([F])=C(C=C%15C\%14=C(C#N)/C#N)[F])=O)S%11)C(C%12(C%16=CC=C(CCCCCC)C=C%16)C%17CC=C(C=C%17)CCCCCC)=C%10,12.07,19.86,0.65,0.95
PM6,O=C1C2=C(CC(CC)CCCC)SC(CC(CC)CCCC)=C2C(C3=C(C4=CC=C(C5=CC(C(C6=CC(F)=C(CC(CC)CCCC)S6)=C(SC=C7)C7=C8C9=CC(F)=C(CC(CC)CCCC)S9)=C8S5)S4)SC(C%10=CC=CS%10)=C31)=O,BP-4F,O=C(C1=CC(F)=C(C=C1C/2=C(C#N)\C#N)F)C2=C/C3=CC(C(C4=CC=C(CCCCCC)C=C4)(C5=CC=C(CCCCCC)C=C5)C6=C7SC8=C6C(C9=CC=C(C=C9)CC(CC)CCCC)=C(CC%10=C%11C(C%12=CC=C(CCCCCC)C=C%12)(C%13=CC(CCCCCC)=CC=C%13)C%14=C%10SC(/C=C%15C(C%16=C(C=C(F)C(F)=C%16)C\%15=C(C#N)\C#N)=O)=C%14)C%11=C8C%17=CC=C(C=C%17)CC(CC)CCCC)=C7S3,10.9,19.8,0.59,0.91
PM6,O=C1C2=C(CC(CC)CCCC)SC(CC(CC)CCCC)=C2C(C3=C(C4=CC=C(C5=CC(C(C6=CC(F)=C(CC(CC)CCCC)S6)=C(SC=C7)C7=C8C9=CC(F)=C(CC(CC)CCCC)S9)=C8S5)S4)SC(C%10=CC=CS%10)=C31)=O,BP-4F,O=C(C1=CC(F)=C(C=C1C/2=C(C#N)\C#N)F)C2=C/C3=CC(C(C4=CC=C(CCCCCC)C=C4)(C5=CC=C(CCCCCC)C=C5)C6=C7SC8=C6C(C9=CC=C(C=C9)CC(CC)CCCC)=C(CC%10=C%11C(C%12=CC=C(CCCCCC)C=C%12)(C%13=CC(CCCCCC)=CC=C%13)C%14=C%10SC(/C=C%15C(C%16=C(C=C(F)C(F)=C%16)C\%15=C(C#N)\C#N)=O)=C%14)C%11=C8C%17=CC=C(C=C%17)CC(CC)CCCC)=C7S3,13.9,21.6,0.72,0.89
PM6,O=C1C2=C(CC(CC)CCCC)SC(CC(CC)CCCC)=C2C(C3=C(C4=CC=C(C5=CC(C(C6=CC(F)=C(CC(CC)CCCC)S6)=C(SC=C7)C7=C8C9=CC(F)=C(CC(CC)CCCC)S9)=C8S5)S4)SC(C%10=CC=CS%10)=C31)=O,TTTIC,O=C(C1=CSC=C1C/2=C(C#N)\C#N)C2=C/C3=CC(SC(C4=CC5=C(C6=C(C5(C7=CC=C(C=C7)CCCCCC)C8=CC=C(C=C8)CCCCCC)C9=C(C=C(S9)/C=C%10C(C%11=CSC=C%11C\%10=C(C#N)\C#N)=O)S6)C=C4%12)=C%13C%12(C%14=CC=C(C=C%14)CCCCCC)C(C=C%15)=CC=C%15CCCCCC)=C%13S3,10.51,17.32,0.627,0.94
PM6,O=C1C2=C(CC(CC)CCCC)SC(CC(CC)CCCC)=C2C(C3=C(C4=CC=C(C5=CC(C(C6=CC(F)=C(CC(CC)CCCC)S6)=C(SC=C7)C7=C8C9=CC(F)=C(CC(CC)CCCC)S9)=C8S5)S4)SC(C%10=CC=CS%10)=C31)=O,TTTIC,O=C(C1=CSC=C1C/2=C(C#N)\C#N)C2=C/C3=CC(SC(C4=CC5=C(C6=C(C5(C7=CC=C(C=C7)CCCCCC)C8=CC=C(C=C8)CCCCCC)C9=C(C=C(S9)/C=C%10C(C%11=CSC=C%11C\%10=C(C#N)\C#N)=O)S6)C=C4%12)=C%13C%12(C%14=CC=C(C=C%14)CCCCCC)C(C=C%15)=CC=C%15CCCCCC)=C%13S3,12.05,18.17,0.693,0.93
PM6,O=C1C2=C(CC(CC)CCCC)SC(CC(CC)CCCC)=C2C(C3=C(C4=CC=C(C5=CC(C(C6=CC(F)=C(CC(CC)CCCC)S6)=C(SC=C7)C7=C8C9=CC(F)=C(CC(CC)CCCC)S9)=C8S5)S4)SC(C%10=CC=CS%10)=C31)=O,TSeTIC,O=C(C1=CSC=C1C/2=C(C#N)\C#N)C2=C/C3=CC(SC(C4=CC5=C(C6=C(C5(C7=CC=C(C=C7)CCCCCC)C8=CC=C(C=C8)CCCCCC)C9=C(C=C([Se]9)/C=C%10C(C%11=CSC=C%11C\%10=C(C#N)\C#N)=O)S6)C=C4%12)=C%13C%12(C%14=CC=C(C=C%14)CCCCCC)C(C=C%15)=CC=C%15CCCCCC)=C%13[Se]3,11.19,18.13,0.643,0.93
PM6,O=C1C2=C(CC(CC)CCCC)SC(CC(CC)CCCC)=C2C(C3=C(C4=CC=C(C5=CC(C(C6=CC(F)=C(CC(CC)CCCC)S6)=C(SC=C7)C7=C8C9=CC(F)=C(CC(CC)CCCC)S9)=C8S5)S4)SC(C%10=CC=CS%10)=C31)=O,TSeTIC,O=C(C1=CSC=C1C/2=C(C#N)\C#N)C2=C/C3=CC(SC(C4=CC5=C(C6=C(C5(C7=CC=C(C=C7)CCCCCC)C8=CC=C(C=C8)CCCCCC)C9=C(C=C([Se]9)/C=C%10C(C%11=CSC=C%11C\%10=C(C#N)\C#N)=O)S6)C=C4%12)=C%13C%12(C%14=CC=C(C=C%14)CCCCCC)C(C=C%15)=CC=C%15CCCCCC)=C%13[Se]3,13.71,19.31,0.751,0.92
PM6,O=C1C2=C(CC(CC)CCCC)SC(CC(CC)CCCC)=C2C(C3=C(C4=CC=C(C5=CC(C(C6=CC(F)=C(CC(CC)CCCC)S6)=C(SC=C7)C7=C8C9=CC(F)=C(CC(CC)CCCC)S9)=C8S5)S4)SC(C%10=CC=CS%10)=C31)=O,DPBDT-4Cl,O=C(C1=C(C=C(Cl)C(Cl)=C1)C/2=C(C#N)\C#N)C2=C/C3=CC4=C(C5=C(C(C6=CC=C(CCCCCC)C=C6)4C7=CC=C(CCCCCC)C=C7)C8=C(S5)C(C9=CC=C(CCCCCC)C=C9)=C%10C(C(C%11=CC=C(CCCCCC)C=C%11)(C%12=C%13SC(/C=C%14C(C%15=C(C=C(Cl)C(Cl)=C%15)C\%14=C(C#N)\C#N)=O)=C%12)C%16=CC=C(CCCCCC)C=C%16)=C%13SC%10=C8C%17=CC=C(CCCCCC)C=C%17)S3,11.4,18.7,0.65,0.89
PM6,O=C1C2=C(CC(CC)CCCC)SC(CC(CC)CCCC)=C2C(C3=C(C4=CC=C(C5=CC(C(C6=CC(F)=C(CC(CC)CCCC)S6)=C(SC=C7)C7=C8C9=CC(F)=C(CC(CC)CCCC)S9)=C8S5)S4)SC(C%10=CC=CS%10)=C31)=O,POBDT-4Cl,O=C(C1=C(C=C(Cl)C(Cl)=C1)C/2=C(C#N)\C#N)C2=C/C3=CC4=C(C5=C(C(C6=CC=C(CCCCCC)C=C6)4C7=CC=C(CCCCCC)C=C7)C8=C(S5)C(C9=CC=C(CCCCCC)C=C9)=C%10C(C(C%11=CC=C(CCCCCC)C=C%11)(C%12=C%13SC(/C=C%14C(C%15=C(C=C(Cl)C(Cl)=C%15)C\%14=C(C#N)\C#N)=O)=C%12)C%16=CC=C(CCCCCC)C=C%16)=C%13SC%10=C8[O]CCCCCCCC)S3,12.6,20.7,0.67,0.87
PM6,O=C1C2=C(CC(CC)CCCC)SC(CC(CC)CCCC)=C2C(C3=C(C4=CC=C(C5=CC(C(C6=CC(F)=C(CC(CC)CCCC)S6)=C(SC=C7)C7=C8C9=CC(F)=C(CC(CC)CCCC)S9)=C8S5)S4)SC(C%10=CC=CS%10)=C31)=O,COBDT-4Cl,O=C(C1=C(C=C(Cl)C(Cl)=C1)C/2=C(C#N)\C#N)C2=C/C3=CC4=C(C5=C(C(C6=CC=C(CCCCCC)C=C6)4C7=CC=C(CCCCCC)C=C7)C8=C(S5)C(CCCCCCCC)=C9C(C(C%10=CC=C(CCCCCC)C=C%10)(C%11=C%12SC(/C=C%13C(C%14=C(C=C(Cl)C(Cl)=C%14)C\%13=C(C#N)\C#N)=O)=C%11)C%15=CC=C(CCCCCC)C=C%15)=C%12SC9=C8[O]CCCCCCCC)S3,13.5,21.6,0.7,0.86
PM6,O=C1C2=C(CC(CC)CCCC)SC(CC(CC)CCCC)=C2C(C3=C(C4=CC=C(C5=CC(C(C6=CC(F)=C(CC(CC)CCCC)S6)=C(SC=C7)C7=C8C9=CC(F)=C(CC(CC)CCCC)S9)=C8S5)S4)SC(C%10=CC=CS%10)=C31)=O,Y6-BO,O=C(C1=C(C=C(F)C(F)=C1)C/2=C(C#N)\C#N)C2=C/C3=C(CCCCCCCCCCC)C(SC(C4=C5C6=C(C7=C(N6CC(CCCC)CCCCCC)C8=C(C(CCCCCCCCCCC)=C(S8)/C=C9C(C(C=C(F)C(F)=C%10)=C%10C\9=C(C#N)\C#N)=O)S7)C%11=NSN=C4%11)=C%12N5CC(CCCCCC)CCCC)=C%12S3,16.0,25.8,0.74,0.83
PM6,O=C1C2=C(CC(CC)CCCC)SC(CC(CC)CCCC)=C2C(C3=C(C4=CC=C(C5=CC(C(C6=CC(F)=C(CC(CC)CCCC)S6)=C(SC=C7)C7=C8C9=CC(F)=C(CC(CC)CCCC)S9)=C8S5)S4)SC(C%10=CC=CS%10)=C31)=O,Y6,O=C(C/1=C\C2=C(C3=C(S2)C(N4C5=CC=C(CCCCCC)C=C5)=C(C6=C4C7=C(C8=NSN=C68)C(SC9=C%10SC(/C=C%11C(C%12=CC(F)=C(C=C%12C\%11=C(C#N)/C#N)F)=O)=C9CCCCCCCCCCC)=C%10N7C%13=CC=C(CCCCCC)C=C%13)S3)CCCCCCCCCCC)C%14=CC(F)=C(F)C=C%14C1=C(C#N)/C#N,16.52,25.65,0.762,0.82
PM6,O=C1C2=C(CC(CC)CCCC)SC(CC(CC)CCCC)=C2C(C3=C(C4=CC=C(C5=CC(C(C6=CC(F)=C(CC(CC)CCCC)S6)=C(SC=C7)C7=C8C9=CC(F)=C(CC(CC)CCCC)S9)=C8S5)S4)SC(C%10=CC=CS%10)=C31)=O,TPT10,O=C(C1=CC=CC=C1C/2=C(C#N)\C#N)C2=C/C3=C(CCCCCCCCCCC)C(SC(C4=C5C6=C(C7=C(N6CC(CC)CCCC)C8=C(C(CCCCCCCCCCC)=C(S8)/C=C9C(C(C=CC=C%10)=C%10C\9=C(C#N)\C#N)=O)S7)C%11=NSN=C4%11)=C%12N5CC(CC)CCCC)=C%12S3,13.55,21.23,0.686,0.877
PM6,O=C1C2=C(CC(CC)CCCC)SC(CC(CC)CCCC)=C2C(C3=C(C4=CC=C(C5=CC(C(C6=CC(F)=C(CC(CC)CCCC)S6)=C(SC=C7)C7=C8C9=CC(F)=C(CC(CC)CCCC)S9)=C8S5)S4)SC(C%10=CC=CS%10)=C31)=O,TPT10,O=C(C1=CC=CC=C1C/2=C(C#N)\C#N)C2=C/C3=C(CCCCCCCCCCC)C(SC(C4=C5C6=C(C7=C(N6CC(CC)CCCC)C8=C(C(CCCCCCCCCCC)=C(S8)/C=C9C(C(C=CC=C%10)=C%10C\9=C(C#N)\C#N)=O)S7)C%11=NSN=C4%11)=C%12N5CC(CC)CCCC)=C%12S3,16.26,23.91,0.73,0.899
PM6,O=C1C2=C(CC(CC)CCCC)SC(CC(CC)CCCC)=C2C(C3=C(C4=CC=C(C5=CC(C(C6=CC(F)=C(CC(CC)CCCC)S6)=C(SC=C7)C7=C8C9=CC(F)=C(CC(CC)CCCC)S9)=C8S5)S4)SC(C%10=CC=CS%10)=C31)=O,TPT10,O=C(C1=CC=CC=C1C/2=C(C#N)\C#N)C2=C/C3=C(CCCCCCCCCCC)C(SC(C4=C5C6=C(C7=C(N6CC(CC)CCCC)C8=C(C(CCCCCCCCCCC)=C(S8)/C=C9C(C(C=CC=C%10)=C%10C\9=C(C#N)\C#N)=O)S7)C%11=NSN=C4%11)=C%12N5CC(CC)CCCC)=C%12S3,15.18,23.73,0.695,0.877
PM6,O=C1C2=C(CC(CC)CCCC)SC(CC(CC)CCCC)=C2C(C3=C(C4=CC=C(C5=CC(C(C6=CC(F)=C(CC(CC)CCCC)S6)=C(SC=C7)C7=C8C9=CC(F)=C(CC(CC)CCCC)S9)=C8S5)S4)SC(C%10=CC=CS%10)=C31)=O,Y6,O=C(C/1=C\C2=C(C3=C(S2)C(N4C5=CC=C(CCCCCC)C=C5)=C(C6=C4C7=C(C8=NSN=C68)C(SC9=C%10SC(/C=C%11C(C%12=CC(F)=C(C=C%12C\%11=C(C#N)/C#N)F)=O)=C9CCCCCCCCCCC)=C%10N7C%13=CC=C(CCCCCC)C=C%13)S3)CCCCCCCCCCC)C%14=CC(F)=C(F)C=C%14C1=C(C#N)/C#N,15.37,25.22,0.725,0.84
PM6,O=C1C2=C(CC(CC)CCCC)SC(CC(CC)CCCC)=C2C(C3=C(C4=CC=C(C5=CC(C(C6=CC(F)=C(CC(CC)CCCC)S6)=C(SC=C7)C7=C8C9=CC(F)=C(CC(CC)CCCC)S9)=C8S5)S4)SC(C%10=CC=CS%10)=C31)=O,Y6,O=C(C/1=C\C2=C(C3=C(S2)C(N4C5=CC=C(CCCCCC)C=C5)=C(C6=C4C7=C(C8=NSN=C68)C(SC9=C%10SC(/C=C%11C(C%12=CC(F)=C(C=C%12C\%11=C(C#N)/C#N)F)=O)=C9CCCCCCCCCCC)=C%10N7C%13=CC=C(CCCCCC)C=C%13)S3)CCCCCCCCCCC)C%14=CC(F)=C(F)C=C%14C1=C(C#N)/C#N,15.5,25.4,0.702,0.84
PM6,O=C1C2=C(CC(CC)CCCC)SC(CC(CC)CCCC)=C2C(C3=C(C4=CC=C(C5=CC(C(C6=CC(F)=C(CC(CC)CCCC)S6)=C(SC=C7)C7=C8C9=CC(F)=C(CC(CC)CCCC)S9)=C8S5)S4)SC(C%10=CC=CS%10)=C31)=O,Y6,O=C(C/1=C\C2=C(C3=C(S2)C(N4C5=CC=C(CCCCCC)C=C5)=C(C6=C4C7=C(C8=NSN=C68)C(SC9=C%10SC(/C=C%11C(C%12=CC(F)=C(C=C%12C\%11=C(C#N)/C#N)F)=O)=C9CCCCCCCCCCC)=C%10N7C%13=CC=C(CCCCCC)C=C%13)S3)CCCCCCCCCCC)C%14=CC(F)=C(F)C=C%14C1=C(C#N)/C#N,17.72,26.81,0.767,0.862
PM6,O=C1C2=C(CC(CC)CCCC)SC(CC(CC)CCCC)=C2C(C3=C(C4=CC=C(C5=CC(C(C6=CC(F)=C(CC(CC)CCCC)S6)=C(SC=C7)C7=C8C9=CC(F)=C(CC(CC)CCCC)S9)=C8S5)S4)SC(C%10=CC=CS%10)=C31)=O,Y6,O=C(C/1=C\C2=C(C3=C(S2)C(N4C5=CC=C(CCCCCC)C=C5)=C(C6=C4C7=C(C8=NSN=C68)C(SC9=C%10SC(/C=C%11C(C%12=CC(F)=C(C=C%12C\%11=C(C#N)/C#N)F)=O)=C9CCCCCCCCCCC)=C%10N7C%13=CC=C(CCCCCC)C=C%13)S3)CCCCCCCCCCC)C%14=CC(F)=C(F)C=C%14C1=C(C#N)/C#N,15.38,24.87,0.724,0.855
PM6,O=C1C2=C(CC(CC)CCCC)SC(CC(CC)CCCC)=C2C(C3=C(C4=CC=C(C5=CC(C(C6=CC(F)=C(CC(CC)CCCC)S6)=C(SC=C7)C7=C8C9=CC(F)=C(CC(CC)CCCC)S9)=C8S5)S4)SC(C%10=CC=CS%10)=C31)=O,BDTN-BF,O=C(C(C=C(F)C(F)=C1)=C1C/2=C(C#N)\C#N)C2=C/C3=CC(N4CC(CCCCCC)CCCC)=C(C(SC5=C6OCCCCCCCC)=C4C5=C(C7=C6C8=C(C9=C(N8CC(CCCCCC)CCCC)C=C(/C=C%10C(C(C=C(F)C(F)=C%11)=C%11C\%10=C(C#N)\C#N)=O)S9)S7)OC)S3,11.54,20.2,0.609,0.92
PM6,O=C1C2=C(CC(CC)CCCC)SC(CC(CC)CCCC)=C2C(C3=C(C4=CC=C(C5=CC(C(C6=CC(F)=C(CC(CC)CCCC)S6)=C(SC=C7)C7=C8C9=CC(F)=C(CC(CC)CCCC)S9)=C8S5)S4)SC(C%10=CC=CS%10)=C31)=O,Y6-eC6-HD,O=C(C(C=C(F)C(F)=C1)=C1C/2=C(C#N)/C#N)C2=C/C3=C(CCCCCC)C(S4)=C(S3)C5=C4C6=C(N5CC(CCCC)CCCCCCCCCC)C7=C(C(SC8=C9SC(/C=C%10/C(C(C=C(F)C(F)=C%11)=C%11C%10=O)=C(C#N)\C#N)=C8CCCCCC)=C9N7C(CCCCCCCCCC)CCCC)C%12=NSN=C6%12,13.74,21.12,0.732,0.87
PM6,O=C1C2=C(CC(CC)CCCC)SC(CC(CC)CCCC)=C2C(C3=C(C4=CC=C(C5=CC(C(C6=CC(F)=C(CC(CC)CCCC)S6)=C(SC=C7)C7=C8C9=CC(F)=C(CC(CC)CCCC)S9)=C8S5)S4)SC(C%10=CC=CS%10)=C31)=O,NCIC,O=C(C1=C(C=C(F)C(F)=C1)C/2=C(C#N)\C#N)C2=C/C3=CC(C4(C5=CC=C(C=C5)CCCCCC)C6=CC=C(CCCCCC)C=C6)=C(C7=C4C=C(C8=CN=C(C9=CC%10=C(C%11=C(C%10(C%12=CC=C(CCCCCC)C=C%12)C%13=CC=C(CCCCCC)C=C%13)C=C(/C=C%14C(C%15=C(C=C(F)C(F)=C%15)C\%14=C(C#N)\C#N)=O)S%11)S9)C=N8)S7)S3,10.32,17.53,0.667,0.879
PM6,O=C1C2=C(CC(CC)CCCC)SC(CC(CC)CCCC)=C2C(C3=C(C4=CC=C(C5=CC(C(C6=CC(F)=C(CC(CC)CCCC)S6)=C(SC=C7)C7=C8C9=CC(F)=C(CC(CC)CCCC)S9)=C8S5)S4)SC(C%10=CC=CS%10)=C31)=O,NOCIC,O=C(C1=C(C=C(F)C(F)=C1)C/2=C(C#N)\C#N)C2=C/C3=CC(C4(C5=CC=C(C=C5)CCCCCC)C6=CC=C(CCCCCC)C=C6)=C(C7=C4C=C(C8=NN=C(C9=CC%10=C(C%11=C(C%10(C%12=CC=C(CCCCCC)C=C%12)C%13=CC=C(CCCCCC)C=C%13)C=C(/C=C%14C(C%15=C(C=C(F)C(F)=C%15)C\%14=C(C#N)\C#N)=O)S%11)S9)C=C8)S7)S3,9.89,16.22,0.67,0.907
PM6,O=C1C2=C(CC(CC)CCCC)SC(CC(CC)CCCC)=C2C(C3=C(C4=CC=C(C5=CC(C(C6=CC(F)=C(CC(CC)CCCC)S6)=C(SC=C7)C7=C8C9=CC(F)=C(CC(CC)CCCC)S9)=C8S5)S4)SC(C%10=CC=CS%10)=C31)=O,Y3,CCCCC(CN1N=C2C3=C(C4=C(C5=C(N4CC(CCCC)CC)C6=C(C=C(S6)/C=C7C(C(C=C(F)C(F)=C8)=C8C\7=C(C#N)\C#N)=O)S5)C2=N1)N(CC(CCCC)CC)C9=C3SC%10=C9SC(/C=C%11C(C%12=C(C=C(F)C(F)=C%12)C\%11=C(C#N)/C#N)=O)=C%10)CC,13.76,24.1,0.664,0.81
PM6,O=C1C2=C(CC(CC)CCCC)SC(CC(CC)CCCC)=C2C(C3=C(C4=CC=C(C5=CC(C(C6=CC(F)=C(CC(CC)CCCC)S6)=C(SC=C7)C7=C8C9=CC(F)=C(CC(CC)CCCC)S9)=C8S5)S4)SC(C%10=CC=CS%10)=C31)=O,Y11,CCCCC(CN1N=C2C3=C(C4=C(C5=C(N4CC(CCCC)CC)C6=C(C(CCCCCCCCCCC)=C(S6)/C=C7C(C(C=C(F)C(F)=C8)=C8C\7=C(C#N)\C#N)=O)S5)C2=N1)N(CC(CCCC)CC)C9=C3SC%10=C9SC(/C=C%11C(C%12=C(C=C(F)C(F)=C%12)C\%11=C(C#N)/C#N)=O)=C%10CCCCCCCCCCC)CC,15.65,24.62,0.733,0.84
PM6,O=C1C2=C(CC(CC)CCCC)SC(CC(CC)CCCC)=C2C(C3=C(C4=CC=C(C5=CC(C(C6=CC(F)=C(CC(CC)CCCC)S6)=C(SC=C7)C7=C8C9=CC(F)=C(CC(CC)CCCC)S9)=C8S5)S4)SC(C%10=CC=CS%10)=C31)=O,Y18,CCCCC(CN1N=C2C3=C(C4=C(C5=C(N4CC(CCCC)CC)C6=C(C(CCCCCC)=C(S6)/C=C7C(C(C=C(F)C(F)=C8)=C8C\7=C(C#N)\C#N)=O)S5)C2=N1)N(CC(CCCC)CC)C9=C3SC%10=C9SC(/C=C%11C(C%12=C(C=C(F)C(F)=C%12)C\%11=C(C#N)/C#N)=O)=C%10CCCCCC)CC,16.37,24.91,0.764,0.84
PM6,O=C1C2=C(CC(CC)CCCC)SC(CC(CC)CCCC)=C2C(C3=C(C4=CC=C(C5=CC(C(C6=CC(F)=C(CC(CC)CCCC)S6)=C(SC=C7)C7=C8C9=CC(F)=C(CC(CC)CCCC)S9)=C8S5)S4)SC(C%10=CC=CS%10)=C31)=O,BTP-BO-4Cl,ClC1=CC2=C(C(C(/C2=C(C#N)\C#N)=C\C3=C(CCCCCCCCCCC)C4=C(C(N(CC(CCCCCC)CCCC)C5=C6C7=NSN=C7C8=C5N(CC(CCCCCC)CCCC)C9=C8SC%10=C9SC(/C=C(C%11=O)/C(C%12=C%11C=C(Cl)C(Cl)=C%12)=C(C#N)\C#N)=C%10CCCCCCCCCCC)=C6S4)S3)=O)C=C1Cl,14.4,24.06,0.715,0.84
PM6,O=C1C2=C(CC(CC)CCCC)SC(CC(CC)CCCC)=C2C(C3=C(C4=CC=C(C5=CC(C(C6=CC(F)=C(CC(CC)CCCC)S6)=C(SC=C7)C7=C8C9=CC(F)=C(CC(CC)CCCC)S9)=C8S5)S4)SC(C%10=CC=CS%10)=C31)=O,Y6,O=C(C/1=C\C2=C(C3=C(S2)C(N4C5=CC=C(CCCCCC)C=C5)=C(C6=C4C7=C(C8=NSN=C68)C(SC9=C%10SC(/C=C%11C(C%12=CC(F)=C(C=C%12C\%11=C(C#N)/C#N)F)=O)=C9CCCCCCCCCCC)=C%10N7C%13=CC=C(CCCCCC)C=C%13)S3)CCCCCCCCCCC)C%14=CC(F)=C(F)C=C%14C1=C(C#N)/C#N,15.89,25.69,0.719,0.86
PM6,O=C1C2=C(CC(CC)CCCC)SC(CC(CC)CCCC)=C2C(C3=C(C4=CC=C(C5=CC(C(C6=CC(F)=C(CC(CC)CCCC)S6)=C(SC=C7)C7=C8C9=CC(F)=C(CC(CC)CCCC)S9)=C8S5)S4)SC(C%10=CC=CS%10)=C31)=O,BTP-eC9,ClC1=CC2=C(C(C(/C2=C(C#N)\C#N)=C\C3=C(CCCCCCCCC)C4=C(C(N(CC(CCCCCC)CCCC)C5=C6C7=NSN=C7C8=C5N(CC(CCCCCC)CCCC)C9=C8SC%10=C9SC(/C=C(C%11=O)/C(C%12=C%11C=C(Cl)C(Cl)=C%12)=C(C#N)\C#N)=C%10CCCCCCCCC)=C6S4)S3)=O)C=C1Cl,17.46,26.37,0.777,0.838
PM6,O=C1C2=C(CC(CC)CCCC)SC(CC(CC)CCCC)=C2C(C3=C(C4=CC=C(C5=CC(C(C6=CC(F)=C(CC(CC)CCCC)S6)=C(SC=C7)C7=C8C9=CC(F)=C(CC(CC)CCCC)S9)=C8S5)S4)SC(C%10=CC=CS%10)=C31)=O,L8-BO-F,CCCCCCC(CCCC)CC1=C(/C=C(C2=O)/C(C3=C2C=CC(F)=C3)=C([N+]#[C-])/[N+]#[C-])SC4=C1SC5=C4N(CC(CCCC)CC)C6=C5C7=NSN=C7C8=C6N(CC(CCCC)CC)C9=C8SC%10=C9SC(/C=C(C%11=O)/C(C%12=C%11C=CC(F)=C%12)=C(C#N)\C#N)=C%10CC(CCCCCC)CCCC,16.82,23.07,0.763,0.932
PM6,O=C1C2=C(CC(CC)CCCC)SC(CC(CC)CCCC)=C2C(C3=C(C4=CC=C(C5=CC(C(C6=CC(F)=C(CC(CC)CCCC)S6)=C(SC=C7)C7=C8C9=CC(F)=C(CC(CC)CCCC)S9)=C8S5)S4)SC(C%10=CC=CS%10)=C31)=O,ITIC,c12cc3c(cc1C(c1c2sc2c1sc(c2)/C=C\1/C(=C(C#N)C#N)c2c(C1=O)cccc2)(c1ccc(cc1)CCCCCC)c1ccc(cc1)CCCCCC)c1c(C3(c2ccc(cc2)CCCCCC)c2ccc(cc2)CCCCCC)c2c(s1)cc(s2)/C=C\1/C(=C(C#N)C#N)c2c(C1=O)cccc2,8.4,15.3,0.556,0.95
PM6,O=C1C2=C(CC(CC)CCCC)SC(CC(CC)CCCC)=C2C(C3=C(C4=CC=C(C5=CC(C(C6=CC(F)=C(CC(CC)CCCC)S6)=C(SC=C7)C7=C8C9=CC(F)=C(CC(CC)CCCC)S9)=C8S5)S4)SC(C%10=CC=CS%10)=C31)=O,ITCF3,O=C(C1=C(C=C(C(F)(F)F)C=C1)C/2=C(C#N)\C#N)C2=C/C3=CC4=C(C(C5(C6=CC=C(CCCCCC)C=C6)C7=CC=C(CCCCCC)C=C7)=C(C(C=C8C9(C%10=CC=C(C=C%10)CCCCCC)C%11=CC=C(CCCCCC)C=C%11)=C5C=C8C%12=C9C%13=C(C=C(S%13)/C=C%14C(C%15=C(C=C(C(F)(F)F)C=C%15)C\%14=C(C#N)\C#N)=O)S%12)S4)S3,13.3,20.7,0.754,0.84
PM6,O=C1C2=C(CC(CC)CCCC)SC(CC(CC)CCCC)=C2C(C3=C(C4=CC=C(C5=CC(C(C6=CC(F)=C(CC(CC)CCCC)S6)=C(SC=C7)C7=C8C9=CC(F)=C(CC(CC)CCCC)S9)=C8S5)S4)SC(C%10=CC=CS%10)=C31)=O,TB-4Cl,O=C(C1=C2C=C(Cl)C(Cl)=C1)C(/C2=C(C#N)/C#N)=C\C3=C(CCCCCCCC)C(SC4=C5N(C6=C4C7=NSN=C7C8=C6N(CC(CCCC)CC)C9=C8SC(/C=C%10/C(C%11=C(C%10=O)C=C(Cl)C(Cl)=C%11)=C(C#N)\[N+]#[C-])=C9CCCCCCCC)CC(CCCC)CC)=C5S3,14.45,23.2,0.746,0.835
PM6,O=C1C2=C(CC(CC)CCCC)SC(CC(CC)CCCC)=C2C(C3=C(C4=CC=C(C5=CC(C(C6=CC(F)=C(CC(CC)CCCC)S6)=C(SC=C7)C7=C8C9=CC(F)=C(CC(CC)CCCC)S9)=C8S5)S4)SC(C%10=CC=CS%10)=C31)=O,PTIC-4Cl,O=C1C2=C(C=C(C(Cl)=C2)Cl)C(/C1=C/C(SC3=C4N(CC(CCCCCC)CCCC)C5=C3C6=NSN=C6C7=C5N(CC(CCCCCC)CCCC)C8=C7SC9=C8N(CC(CCCC)CC)C%10=C9SC(/C=C%11/C(C(C=C(Cl)C(Cl)=C%12)=C%12C%11=O)=C(C#N)/C#N)=C%10)=C4CCCCCCCC)=C(C#N)/[N+]#[C-],14.81,23.3,0.739,0.86
PM6,O=C1C2=C(CC(CC)CCCC)SC(CC(CC)CCCC)=C2C(C3=C(C4=CC=C(C5=CC(C(C6=CC(F)=C(CC(CC)CCCC)S6)=C(SC=C7)C7=C8C9=CC(F)=C(CC(CC)CCCC)S9)=C8S5)S4)SC(C%10=CC=CS%10)=C31)=O,PT2IC-4Cl,O=C1C2=C(C=C(Cl)C(Cl)=C2)C(/C1=C/C(S3)=CC4=C3C5=C(N4CC(CCCC)CC)C(N(C6=C7C8=NSN=C8C9=C6N(CC(CCCCCC)CCCC)C%10=C9SC%11=C%10CC(/C=C(/C%12=C([N+]#[C-])/C#N)C(C%13=C%12C=C(Cl)C(Cl)=C%13)=O)=C%11CCCCCCCCCCC)CC(CCCCCC)CCCC)=C7S5)=C(C#N)\C#N,12.51,20.7,0.724,0.834
PM6,O=C1C2=C(CC(CC)CCCC)SC(CC(CC)CCCC)=C2C(C3=C(C4=CC=C(C5=CC(C(C6=CC(F)=C(CC(CC)CCCC)S6)=C(SC=C7)C7=C8C9=CC(F)=C(CC(CC)CCCC)S9)=C8S5)S4)SC(C%10=CC=CS%10)=C31)=O,NITT-BF,O=C(C(C=C(F)C(F)=C1)=C1C/2=C(C#N)\C#N)C2=C/C3=CC(SC4=C5C(C6=C4C([O]CC(CC)CCCC)=C7C(C([O]CC(CCCC)CC)=C8C(SC9=C%10SC(/C=C%11C(C(C=C(F)C(F)=C%12)=C%12C\%11=C(C#N)\C#N)=O)=C9)=C%10C(C%13=CC=C(CCCCCC)C=C%13)(C%14=CC=C(CCCCCC)C=C%14)C8=C7)=C6)(C%15=CC=C(CCCCCC)C=C%15)C%16=CC=C(CCCCCC)C=C%16)=C5S3,12.3,18.08,0.724,0.94
PM6,O=C1C2=C(CC(CC)CCCC)SC(CC(CC)CCCC)=C2C(C3=C(C4=CC=C(C5=CC(C(C6=CC(F)=C(CC(CC)CCCC)S6)=C(SC=C7)C7=C8C9=CC(F)=C(CC(CC)CCCC)S9)=C8S5)S4)SC(C%10=CC=CS%10)=C31)=O,NITT-ThCl,O=C(C1=C(Cl)SC=C1C/2=C(C#N)\C#N)C2=C/C3=CC(SC4=C5C(C6=C4C([O]CC(CC)CCCC)=C7C(C([O]CC(CCCC)CC)=C8C(SC9=C%10SC(/C=C%11C(C%12=C(Cl)SC=C%12C\%11=C(C#N)\C#N)=O)=C9)=C%10C(C%13=CC=C(CCCCCC)C=C%13)(C%14=CC=C(CCCCCC)C=C%14)C8=C7)=C6)(C%15=CC=C(CCCCCC)C=C%15)C%16=CC=C(CCCCCC)C=C%16)=C5S3,9.58,16.3,0.606,0.97
PM6,O=C1C2=C(CC(CC)CCCC)SC(CC(CC)CCCC)=C2C(C3=C(C4=CC=C(C5=CC(C(C6=CC(F)=C(CC(CC)CCCC)S6)=C(SC=C7)C7=C8C9=CC(F)=C(CC(CC)CCCC)S9)=C8S5)S4)SC(C%10=CC=CS%10)=C31)=O,IT-BT-CN,N#C/C(C#N)=C/C(C1=NSN=C21)=CC=C2C3=CC(SC4=C5C(C6=CC=C(CCCCCCCC)C=C6)(C(C=C7C8=C9C%10=C(C=C(S%10)C%11=CC=C(C%12=NSN=C%11%12)/C=C(C#N)\C#N)S8)=C4C=C7C9(C%13=CC=C(CCCCCCCC)C=C%13)C%14=CC=C(CCCCCCCC)C=C%14)C%15=CC=C(CCCCCCCC)C=C%15)=C5S3,9.95,16.38,0.632,1.0
PM6,O=C1C2=C(CC(CC)CCCC)SC(CC(CC)CCCC)=C2C(C3=C(C4=CC=C(C5=CC(C(C6=CC(F)=C(CC(CC)CCCC)S6)=C(SC=C7)C7=C8C9=CC(F)=C(CC(CC)CCCC)S9)=C8S5)S4)SC(C%10=CC=CS%10)=C31)=O,IT-BT-ICN,O=C(C/1=C/C(C2=NSN=C32)=CC=C3C4=CC5=C(C6=C(S5)C(C(C(C7=CC=C(CCCCCCCC)C=C7)6C8=CC=C(CCCCCCCC)C=C8)=C9)=CC(C(C%10=CC=C(CCCCCCCC)C=C%10)%11C%12=CC=C(CCCCCCCC)C=C%12)=C9C%13=C%11C%14=C(C=C(S%14)C%15=CC=C(C%16=NSN=C%15%16)/C=C(C(C%17=C%18C=CC=C%17)=O)/C%18=C(C#N)/C#N)S%13)S4)C%19=C(C=CC=C%19)C1=C(C#N)\C#N,10.98,17.54,0.699,0.87
PM6,O=C1C2=C(CC(CC)CCCC)SC(CC(CC)CCCC)=C2C(C3=C(C4=CC=C(C5=CC(C(C6=CC(F)=C(CC(CC)CCCC)S6)=C(SC=C7)C7=C8C9=CC(F)=C(CC(CC)CCCC)S9)=C8S5)S4)SC(C%10=CC=CS%10)=C31)=O,TTC0-4F,FC1=CC(C(/C2=C/C3=CC4=C(S3)C(C(C5=CC=C(CCCCCC)C=C5)(C6=CC=C(CCCCCC)C=C6)C(C7=C8C)=C9SC7=CC%10=C8SC%11=C%10[C@](C%12=CC=C(CCCCCC)C=C%12)(C%13=C%11SC%14=C%13SC(/C=C%15/C(C%16=C(C%15=O)C=C(F)C(F)=C%16)=C(C#N)\[N+]#[C-])=C%14)C)=C9S4)=C(C#N)/C#N)=C(C2=O)C=C1F,10.59,19.31,0.676,0.817
PM6,O=C1C2=C(CC(CC)CCCC)SC(CC(CC)CCCC)=C2C(C3=C(C4=CC=C(C5=CC(C(C6=CC(F)=C(CC(CC)CCCC)S6)=C(SC=C7)C7=C8C9=CC(F)=C(CC(CC)CCCC)S9)=C8S5)S4)SC(C%10=CC=CS%10)=C31)=O,TTC2-4F,CCCCCCC1=CC=CC=C1.FC2=CC(C(/C3=C/C4=C(CC)C5=C(S4)C(C(C6=CC=C(CCCCCC)C=C6)(C7=CC=C(CCCCCC)C=C7)C(C8=C9C)=C%10SC8=CC%11=C9SC%12=C%11[C@](C%13=CC=C(CCCCCC)C=C%13)(C%14=C%12SC%15=C%14SC(/C=C%16/C(C%17=C(C%16=O)C=C(F)C(F)=C%17)=C(C#N)\[N+]#[C-])=C%15CC)C)=C%10S5)=C(C#N)/C#N)=C(C3=O)C=C2F,11.43,20.0,0.68,0.838
PM6,O=C1C2=C(CC(CC)CCCC)SC(CC(CC)CCCC)=C2C(C3=C(C4=CC=C(C5=CC(C(C6=CC(F)=C(CC(CC)CCCC)S6)=C(SC=C7)C7=C8C9=CC(F)=C(CC(CC)CCCC)S9)=C8S5)S4)SC(C%10=CC=CS%10)=C31)=O,TTC4-4F,FC1=CC(C(/C2=C/C3=C(CCCC)C4=C(S3)C(C(C5=CC=C(CCCCCC)C=C5)(C6=CC=C(CCCCCC)C=C6)C(C7=C8C)=C9SC7=CC%10=C8SC%11=C%10[C@](C%12=CC=C(CCCCCC)C=C%12)(C%13=C%11SC%14=C%13SC(/C=C%15/C(C%16=C(C%15=O)C=C(F)C(F)=C%16)=C(C#N)\[N+]#[C-])=C%14CCCC)C)=C9S4)=C(C#N)/C#N)=C(C2=O)C=C1F,12.68,20.96,0.679,0.884
PM6,O=C1C2=C(CC(CC)CCCC)SC(CC(CC)CCCC)=C2C(C3=C(C4=CC=C(C5=CC(C(C6=CC(F)=C(CC(CC)CCCC)S6)=C(SC=C7)C7=C8C9=CC(F)=C(CC(CC)CCCC)S9)=C8S5)S4)SC(C%10=CC=CS%10)=C31)=O,TTC6-4F,FC1=CC(C(/C2=C/C3=C(CCCCCC)C4=C(S3)C(C(C5=CC=C(CCCCCC)C=C5)(C6=CC=C(CCCCCC)C=C6)C(C7=C8C)=C9SC7=CC%10=C8SC%11=C%10[C@](C%12=CC=C(CCCCCC)C=C%12)(C%13=C%11SC%14=C%13SC(/C=C%15/C(C%16=C(C%15=O)C=C(F)C(F)=C%16)=C(C#N)\[N+]#[C-])=C%14CCCCCC)C)=C9S4)=C(C#N)/C#N)=C(C2=O)C=C1F,13.24,21.65,0.684,0.89
PM6,O=C1C2=C(CC(CC)CCCC)SC(CC(CC)CCCC)=C2C(C3=C(C4=CC=C(C5=CC(C(C6=CC(F)=C(CC(CC)CCCC)S6)=C(SC=C7)C7=C8C9=CC(F)=C(CC(CC)CCCC)S9)=C8S5)S4)SC(C%10=CC=CS%10)=C31)=O,TTC8-4F,FC1=CC(C(/C2=C/C3=C(CCCCCCCC)C4=C(S3)C(C(C5=CC=C(CCCCCC)C=C5)(C6=CC=C(CCCCCC)C=C6)C(C7=C8C)=C9SC7=CC%10=C8SC%11=C%10[C@](C%12=CC=C(CCCCCC)C=C%12)(C%13=C%11SC%14=C%13SC(/C=C%15/C(C%16=C(C%15=O)C=C(F)C(F)=C%16)=C(C#N)\[N+]#[C-])=C%14CCCCCCCC)C)=C9S4)=C(C#N)/C#N)=C(C2=O)C=C1F,13.95,22.14,0.694,0.895
PM6,O=C1C2=C(CC(CC)CCCC)SC(CC(CC)CCCC)=C2C(C3=C(C4=CC=C(C5=CC(C(C6=CC(F)=C(CC(CC)CCCC)S6)=C(SC=C7)C7=C8C9=CC(F)=C(CC(CC)CCCC)S9)=C8S5)S4)SC(C%10=CC=CS%10)=C31)=O,TTC10-4F,FC1=CC(C(/C2=C/C3=C(CCCCCCCCCC)C4=C(S3)C(C(C5=CC=C(CCCCCC)C=C5)(C6=CC=C(CCCCCC)C=C6)C(C7=C8C)=C9SC7=CC%10=C8SC%11=C%10[C@](C%12=CC=C(CCCCCC)C=C%12)(C%13=C%11SC%14=C%13SC(/C=C%15/C(C%16=C(C%15=O)C=C(F)C(F)=C%16)=C(C#N)\[N+]#[C-])=C%14CCCCCCCCCC)C)=C9S4)=C(C#N)/C#N)=C(C2=O)C=C1F,13.2,22.16,0.655,0.899
PM6,O=C1C2=C(CC(CC)CCCC)SC(CC(CC)CCCC)=C2C(C3=C(C4=CC=C(C5=CC(C(C6=CC(F)=C(CC(CC)CCCC)S6)=C(SC=C7)C7=C8C9=CC(F)=C(CC(CC)CCCC)S9)=C8S5)S4)SC(C%10=CC=CS%10)=C31)=O,TTC12-4F,FC1=CC(C(/C2=C/C3=C(CCCCCCCCCCCC)C4=C(S3)C(C(C5=CC=C(CCCCCC)C=C5)(C6=CC=C(CCCCCC)C=C6)C(C7=C8C)=C9SC7=CC%10=C8SC%11=C%10[C@](C%12=CC=C(CCCCCC)C=C%12)(C%13=C%11SC%14=C%13SC(/C=C%15/C(C%16=C(C%15=O)C=C(F)C(F)=C%16)=C(C#N)\[N+]#[C-])=C%14CCCCCCCCCCCC)C)=C9S4)=C(C#N)/C#N)=C(C2=O)C=C1F,12.53,21.91,0.627,0.903
PM6,O=C1C2=C(CC(CC)CCCC)SC(CC(CC)CCCC)=C2C(C3=C(C4=CC=C(C5=CC(C(C6=CC(F)=C(CC(CC)CCCC)S6)=C(SC=C7)C7=C8C9=CC(F)=C(CC(CC)CCCC)S9)=C8S5)S4)SC(C%10=CC=CS%10)=C31)=O,2T2Se-F,O=C1C2=C(C=C(C(F)=C2)F)C(/C1=C\C([Se]3)=CC=C3C4=CC(C5=C(OCCCCCC)C=CC=C5OCCCCCC)=C(C6=C(C7=C(OCCCCCC)C=CC=C7OCCCCCC)C=C(C8=CC=C([Se]8)/C=C(/C9=C([N+]#[C-])/C#N)C(C%10=C9C=C(F)C(F)=C%10)=O)S6)S4)=C(C#N)/[N+]#[C-],12.17,20.63,0.669,0.875
PM6,O=C1C2=C(CC(CC)CCCC)SC(CC(CC)CCCC)=C2C(C3=C(C4=CC=C(C5=CC(C(C6=CC(F)=C(CC(CC)CCCC)S6)=C(SC=C7)C7=C8C9=CC(F)=C(CC(CC)CCCC)S9)=C8S5)S4)SC(C%10=CC=CS%10)=C31)=O,BZ4F-5,CCC(CN1N=C2C3=C(C4=C(C5=C(N4CC(CCCC)CC)C(CCCCCC)=C(/C=C6C(C7=C(C=C(F)C(F)=C7)C\6=C(C#N)\C#N)=O)S5)C2=N1)N(CC(CCCC)CC)C8=C3SC(/C=C9C(C(C=C(F)C(F)=C%10)=C%10C\9=C(C#N)/C#N)=O)=C8CCCCCC)CCCC,12.86,21.12,0.694,0.84
PM6,O=C1C2=C(CC(CC)CCCC)SC(CC(CC)CCCC)=C2C(C3=C(C4=CC=C(C5=CC(C(C6=CC(F)=C(CC(CC)CCCC)S6)=C(SC=C7)C7=C8C9=CC(F)=C(CC(CC)CCCC)S9)=C8S5)S4)SC(C%10=CC=CS%10)=C31)=O,BZ4F-6,CCC(CN1N=C2C3=C(C4=C(C5=C(N4CC(CCCC)CC)C(SC(/C=C6/C(C7=C(C6=O)C=C(C(F)=C7)F)=C(C#N)/C#N)=C8CCCCCC)=C8S5)C2=N1)N(CC(CCCC)CC)C9=C3SC(/C=C%10C(C(C=C(F)C(F)=C%11)=C%11C\%10=C(C#N)/C#N)=O)=C9CCCCCC)CCCC,15.14,23.23,0.748,0.86
PM6,O=C1C2=C(CC(CC)CCCC)SC(CC(CC)CCCC)=C2C(C3=C(C4=CC=C(C5=CC(C(C6=CC(F)=C(CC(CC)CCCC)S6)=C(SC=C7)C7=C8C9=CC(F)=C(CC(CC)CCCC)S9)=C8S5)S4)SC(C%10=CC=CS%10)=C31)=O,BZ4F-7,CCC(CN1N=C2C3=C(C4=C(C5=C(N4CC(CCCC)CC)C(SC(/C=C6/C(C7=C(C6=O)C=C(C(F)=C7)F)=C(C#N)/C#N)=C8CCCCCC)=C8S5)C2=N1)N(CC(CCCC)CC)C9=C3SC%10=C9SC(/C=C%11C(C%12=C(C=C(F)C(F)=C%12)C\%11=C(C#N)\C#N)=O)=C%10CCCCCC)CCCC,16.17,25.06,0.762,0.84
PM6,O=C1C2=C(CC(CC)CCCC)SC(CC(CC)CCCC)=C2C(C3=C(C4=CC=C(C5=CC(C(C6=CC(F)=C(CC(CC)CCCC)S6)=C(SC=C7)C7=C8C9=CC(F)=C(CC(CC)CCCC)S9)=C8S5)S4)SC(C%10=CC=CS%10)=C31)=O,BTP,C=C(C(C=CC=C1)=C1C/2=C(C#N)\C#N)C2=C/C(SC3=C4SC5=C3N(CC(CCCC)CC)C6=C5C7=NSN=C7C8=C6N(CC(CC)CCCC)C9=C8SC%10=C9SC(/C=C%11/C(C(C=CC=C%12)=C%12C%11=O)=C(C#N)/C#N)=C%10CCCCCCCCCCC)=C4CCCCCCCCCCC,8.8,16.2,0.56,0.95
PM6,O=C1C2=C(CC(CC)CCCC)SC(CC(CC)CCCC)=C2C(C3=C(C4=CC=C(C5=CC(C(C6=CC(F)=C(CC(CC)CCCC)S6)=C(SC=C7)C7=C8C9=CC(F)=C(CC(CC)CCCC)S9)=C8S5)S4)SC(C%10=CC=CS%10)=C31)=O,BTP-4Cl,C=C(C/1=C\C2=C(CCCCCCCCCCC)C(SC3=C4N(C5=C3C6=NSN=C6C7=C5N(C8=C7SC9=C8SC(/C=C%10/C(C%11=C(C%10=O)C(Cl)=C(Cl)C=C%11)=C(C#N)\C#N)=C9CCCCCCCCCCC)CC(CCCC)CC)CC(CC)CCCC)=C4S2)C%12=C(C1=C(C#N)/C#N)C=C(Cl)C(Cl)=C%12,14.5,24.9,0.674,0.84
PM6,O=C1C2=C(CC(CC)CCCC)SC(CC(CC)CCCC)=C2C(C3=C(C4=CC=C(C5=CC(C(C6=CC(F)=C(CC(CC)CCCC)S6)=C(SC=C7)C7=C8C9=CC(F)=C(CC(CC)CCCC)S9)=C8S5)S4)SC(C%10=CC=CS%10)=C31)=O,F8IDT-Br,O=C(C1=CC=C(Br)C=C1C/2=C(C#N)\C#N)C2=C/C(S3)=CC=C3C4=CC=C(C5=CC=C(C=C56)C7=CC=C(S7)/C=C8C(C9=CC=C(Br)C=C9C\8=C(C#N)\C#N)=O)C(C6(CCCCCCCC)CCCCCCCC)=C4,9.7,14.6,0.678,0.98
PM6,O=C1C2=C(CC(CC)CCCC)SC(CC(CC)CCCC)=C2C(C3=C(C4=CC=C(C5=CC(C(C6=CC(F)=C(CC(CC)CCCC)S6)=C(SC=C7)C7=C8C9=CC(F)=C(CC(CC)CCCC)S9)=C8S5)S4)SC(C%10=CC=CS%10)=C31)=O,C8IDT-Br,O=C(C1=CC=C(Br)C=C1C/2=C(C#N)\C#N)C2=C/C(S3)=CC=C3C4=CC=C5C(N(C(CCCCCCCC)CCCCCCCC)C6=CC(C7=CC=C(S7)/C=C8C(C9=CC=C(Br)C=C9C\8=C(C#N)\C#N)=O)=CC=C56)=C4,9.85,15.66,0.648,0.97
PM6,O=C1C2=C(CC(CC)CCCC)SC(CC(CC)CCCC)=C2C(C3=C(C4=CC=C(C5=CC(C(C6=CC(F)=C(CC(CC)CCCC)S6)=C(SC=C7)C7=C8C9=CC(F)=C(CC(CC)CCCC)S9)=C8S5)S4)SC(C%10=CC=CS%10)=C31)=O,BDTBO-4F,[F]C1=CC2=C(C(/C(C2=O)=C/C3=CC4=C(C5=C(N4C(CCCCCC)CCCC)C6=C(C(OCC(CCCC)CC)=C7C8=C(C9=C(N8CC(CCCCCC)CCCC)C=C(/C=C%10C(C%11=CC([F])=C(C=C%11C\%10=C(C#N)\C#N)[F])=O)S9)SC7=C6OCC(CCCC)CC)S5)S3)=C(C#N)\C#N)C=C1[F],14.83,22.95,0.728,0.86
PM6,O=C1C2=C(CC(CC)CCCC)SC(CC(CC)CCCC)=C2C(C3=C(C4=CC=C(C5=CC(C(C6=CC(F)=C(CC(CC)CCCC)S6)=C(SC=C7)C7=C8C9=CC(F)=C(CC(CC)CCCC)S9)=C8S5)S4)SC(C%10=CC=CS%10)=C31)=O,BDTBO-4Cl,[Cl]C1=CC2=C(C(/C(C2=O)=C/C3=CC4=C(C5=C(N4C(CCCCCC)CCCC)C6=C(C(OCC(CCCC)CC)=C7C8=C(C9=C(N8CC(CCCCCC)CCCC)C=C(/C=C%10C(C%11=CC([Cl])=C(C=C%11C\%10=C(C#N)\C#N)[Cl])=O)S9)SC7=C6OCC(CCCC)CC)S5)S3)=C(C#N)\C#N)C=C1[Cl],13.87,22.8,0.705,0.83
PJ3,c1(c2c3c(c(c4c2cc(s4)c2c(cc(s2)c2c(c(c(c4c2nsn4)c2cc(cs2)C[C@@H](CCCCCCCCCC)CCCCCCCC)F)F)C[C@H](CCCCCCCC)CCCCCCCCCC)c2ccc(s2)[Si](CCC)(CCC)CCC)ccs3)ccc(s1)[Si](CCC)(CCC)CCC,m-ITIC,c12cc3c(cc1C(c1c2sc2c1sc(c2)/C=C\1/C(=C(C#N)C#N)c2c(C1=O)cccc2)(c1cccc(c1)CCCCCC)c1cc(ccc1)CCCCCC)c1c(C3(c2cc(ccc2)CCCCCC)c2cccc(c2)CCCCCC)c2c(s1)cc(s2)/C=C\1/C(=C(C#N)C#N)c2c(C1=O)cccc2,7.76,12.7,0.635,0.96
PJ3,c1(c2c3c(c(c4c2cc(s4)c2c(cc(s2)c2c(c(c(c4c2nsn4)c2cc(cs2)C[C@@H](CCCCCCCCCC)CCCCCCCC)F)F)C[C@H](CCCCCCCC)CCCCCCCCCC)c2ccc(s2)[Si](CCC)(CCC)CCC)ccs3)ccc(s1)[Si](CCC)(CCC)CCC,IDIC,N#C/C(C#N)=C(C1=CC=CC=C1C2=O)/C2=C/C3=CC4=C(C5=C(C=C6C(C(CCCCCC)(CCCCCC)C7=C6SC(/C=C8/C(C9=CC=CC=C9C8=O)=C(C#N)/C#N)=C7)=C5)C4(CCCCCC)CCCCCC)S3,8.11,12.8,0.698,0.908
PJ2,c1(c2c3c(c(c4c2cc(s4)c2ccc(s2)c2sc(c4c2C(=O)c2c(C4=O)c(sc2C[C@H](CCCC)CC)C[C@@H](CCCC)CC)c2cccs2)c2ccc(s2)[Si](CCC)(CCC)CCC)ccs3)ccc(s1)[Si](CCC)(CCC)CCC,m-ITIC,c12cc3c(cc1C(c1c2sc2c1sc(c2)/C=C\1/C(=C(C#N)C#N)c2c(C1=O)cccc2)(c1cccc(c1)CCCCCC)c1cc(ccc1)CCCCCC)c1c(C3(c2cc(ccc2)CCCCCC)c2cccc(c2)CCCCCC)c2c(s1)cc(s2)/C=C\1/C(=C(C#N)C#N)c2c(C1=O)cccc2,10.34,16.8,0.623,0.988
PJ2,c1(c2c3c(c(c4c2cc(s4)c2ccc(s2)c2sc(c4c2C(=O)c2c(C4=O)c(sc2C[C@H](CCCC)CC)C[C@@H](CCCC)CC)c2cccs2)c2ccc(s2)[Si](CCC)(CCC)CCC)ccs3)ccc(s1)[Si](CCC)(CCC)CCC,IDIC,N#C/C(C#N)=C(C1=CC=CC=C1C2=O)/C2=C/C3=CC4=C(C5=C(C=C6C(C(CCCCCC)(CCCCCC)C7=C6SC(/C=C8/C(C9=CC=CC=C9C8=O)=C(C#N)/C#N)=C7)=C5)C4(CCCCCC)CCCCCC)S3,12.01,17.0,0.753,0.939
PJ2,c1(c2c3c(c(c4c2cc(s4)c2ccc(s2)c2sc(c4c2C(=O)c2c(C4=O)c(sc2C[C@H](CCCC)CC)C[C@@H](CCCC)CC)c2cccs2)c2ccc(s2)[Si](CCC)(CCC)CCC)ccs3)ccc(s1)[Si](CCC)(CCC)CCC,AIDIC,C(=C\1/C(=C(C#N)C#N)c2c(C1=O)cccc2)\c1ccc(s1)c1ccc2c(c1)C(c1c2sc(c1)/C=C\1/C(=C(C#N)C#N)c2c(C1=O)cccc2)(CCCCCC)CCCCCC,5.56,11.4,0.509,0.958
PJ1,c1(c2c3c(c(c4c2cc(s4)c2cc(c(s2)c2sc(c4c2C(=O)N(C4=O)C[C@H](CCCCCCCC)CCCCCC)c2c(ccs2)CCCCCCCCCCCC)CCCCCCCCCCCC)c2ccc(s2)[Si](CCC)(CCC)CCC)ccs3)ccc(s1)[Si](CCC)(CCC)CCC,m-ITIC,c12cc3c(cc1C(c1c2sc2c1sc(c2)/C=C\1/C(=C(C#N)C#N)c2c(C1=O)cccc2)(c1cccc(c1)CCCCCC)c1cc(ccc1)CCCCCC)c1c(C3(c2cc(ccc2)CCCCCC)c2cccc(c2)CCCCCC)c2c(s1)cc(s2)/C=C\1/C(=C(C#N)C#N)c2c(C1=O)cccc2,6.41,11.1,0.56,1.031
PJ1,c1(c2c3c(c(c4c2cc(s4)c2cc(c(s2)c2sc(c4c2C(=O)N(C4=O)C[C@H](CCCCCCCC)CCCCCC)c2c(ccs2)CCCCCCCCCCCC)CCCCCCCCCCCC)c2ccc(s2)[Si](CCC)(CCC)CCC)ccs3)ccc(s1)[Si](CCC)(CCC)CCC,IDIC,N#C/C(C#N)=C(C1=CC=CC=C1C2=O)/C2=C/C3=CC4=C(C5=C(C=C6C(C(CCCCCC)(CCCCCC)C7=C6SC(/C=C8/C(C9=CC=CC=C9C8=O)=C(C#N)/C#N)=C7)=C5)C4(CCCCCC)CCCCCC)S3,6.18,12.0,0.536,0.958
PIDTT-DTffBTA,CC1=CC2=C(S1)C(C(C3=CC=C(CCCCCC)C=C3)(C4=CC5=C(C(C6=CC=C(CCCCCC)C=C6)(C7=C5SC8=C7SC(C9=CC=C(S9)C%10=C(C(F)=C(C%11=NN(CC(CCCC)CCCCCC)N=C%10%11)C%12=CC=C(S%12)C)F)=C8)C%13=CC=C(CCCCCC)C=C%13)C=C4%14)C%15=CC=C(CCCCCC)C=C%15)=C%14S2,Y6,O=C(C/1=C\C2=C(C3=C(S2)C(N4C5=CC=C(CCCCCC)C=C5)=C(C6=C4C7=C(C8=NSN=C68)C(SC9=C%10SC(/C=C%11C(C%12=CC(F)=C(C=C%12C\%11=C(C#N)/C#N)F)=O)=C9CCCCCCCCCCC)=C%10N7C%13=CC=C(CCCCCC)C=C%13)S3)CCCCCCCCCCC)C%14=CC(F)=C(F)C=C%14C1=C(C#N)/C#N,11.05,22.44,0.646,0.73
PhI-ffBT,FC1=C(C(S2)=CC=C2C3=C(CCCCCCCCCCCCCCCC)C=C(C)S3)C4=NSN=C4C(C5=CC=C(S5)C6=C(CCCCCCCCCCCCCCCC)C=C(C7=C(C([H])=C(C8=C7C(N(C8=O)CCCCCCCCCCCCCCCC)=O)C)[H])S6)=C1F,IT-4F,c1(cc2c(cc1F)C(=O)/C(=C\c1cc3c(s1)c1c(s3)c3c(C1(c1ccc(cc1)CCCCCC)c1ccc(cc1)CCCCCC)cc1c(c3)C(c3c1sc1c3sc(c1)/C=C/1\C(=O)c3c(C1=C(C#N)C#N)cc(c(c3)F)F)(c1ccc(cc1)CCCCCC)c1ccc(cc1)CCCCCC)/C2=C(C#N)C#N)F,13.31,19.41,0.76,0.91
PFT-EHp,CC(S1)=CC=C1C(C(C(C(C(S2)=CC=C2C3=CC4=C(C5=CC(F)=C(CC(CCCC)CC)S5)C6=C(C=C(C)S6)C(C7=CC(F)=C(CC(CC)CCCC)C7)=C4S3)=C8C9=O)=N%10)=NN%10CCC(CCCC)CC)=C8C(N9CCCCCCCC)=O,Y6,O=C(C/1=C\C2=C(C3=C(S2)C(N4C5=CC=C(CCCCCC)C=C5)=C(C6=C4C7=C(C8=NSN=C68)C(SC9=C%10SC(/C=C%11C(C%12=CC(F)=C(C=C%12C\%11=C(C#N)/C#N)F)=O)=C9CCCCCCCCCCC)=C%10N7C%13=CC=C(CCCCCC)C=C%13)S3)CCCCCCCCCCC)C%14=CC(F)=C(F)C=C%14C1=C(C#N)/C#N,14.16,25.01,0.712,0.78
P-FT,FC(C(F)=C(C1=NN(N=C21)CC(CCCCCC)CCCCCCCC)C3=CCC(C)S3)=C2C(S4)=CC=C4C(OC5=C(C6=C7OC(C)=C6)C8=CC(F)=C(CC(CC)CCCC)S8)=CC5=C7C9=CC(F)=C(S9)CC(CC)CCCC,m-ITIC,c12cc3c(cc1C(c1c2sc2c1sc(c2)/C=C\1/C(=C(C#N)C#N)c2c(C1=O)cccc2)(c1cccc(c1)CCCCCC)c1cc(ccc1)CCCCCC)c1c(C3(c2cc(ccc2)CCCCCC)c2cccc(c2)CCCCCC)c2c(s1)cc(s2)/C=C\1/C(=C(C#N)C#N)c2c(C1=O)cccc2,11.1,17.44,0.685,0.91
P-FT,FC(C(F)=C(C1=NN(N=C21)CC(CCCCCC)CCCCCCCC)C3=CCC(C)S3)=C2C(S4)=CC=C4C(OC5=C(C6=C7OC(C)=C6)C8=CC(F)=C(CC(CC)CCCC)S8)=CC5=C7C9=CC(F)=C(S9)CC(CC)CCCC,Y6,O=C(C/1=C\C2=C(C3=C(S2)C(N4C5=CC=C(CCCCCC)C=C5)=C(C6=C4C7=C(C8=NSN=C68)C(SC9=C%10SC(/C=C%11C(C%12=CC(F)=C(C=C%12C\%11=C(C#N)/C#N)F)=O)=C9CCCCCCCCCCC)=C%10N7C%13=CC=C(CCCCCC)C=C%13)S3)CCCCCCCCCCC)C%14=CC(F)=C(F)C=C%14C1=C(C#N)/C#N,10.52,19.25,0.704,0.74
PffT2-FTAZ-2DT,FC1=C(C2=CC(CC(CCCCCCCCCC)CCCCCCCCCCCC)=C(C3=CC(F)=C(C4=C(F)C=C(C)S4)S3)S2)C5=NN(CCCC)N=C5C(C6=CC(CC(CCCCCCCCCC)CCCCCCCCCCCC)=C(S6)C)=C1F,IEIC,O=C(C1=CC=CC=C1C/2=C(C#N)\C#N)C2=C/C3=CC(CC(CCCC)CC)=C(S3)C4=CC(C5(C6=CC=C(CCCCCC)C=C6)C7=CC=C(CCCCCC)C=C7)=C(C8=CC9=C(C%10=C(C9(C%11=CC=C(CCCCCC)C=C%11)C%12=CC=C(C=C%12)CCCCCC)C=C(C%13=C(CC(CC)CCCC)C=C(/C=C%14C(C%15=CC=CC=C%15C\%14=C(C#N)\C#N)=O)S%13)S%10)C=C85)S4,7.3,12.2,0.59,0.998
PffBX-T3,CC1=CC=C(S1)C2=C(C(F)=C(C3=NON=C23)C4=CC=C(S4)C5=C(CC(CCCCCC)CCCCCCCC)C=C(C6=C(CC(CCCCCCCC)CCCCCC)C=C(C(C7=NON=C78)=C(C(F)=C8C9=CC(CC(CCCCCC)CCCCCCCC)=C(C%10=CC(CC(CCCCCC)CCCCCCCC)=C(C)S%10)S9)F)S6)S5)F,ITIC-Th,O=C(C1=CC=CC=C1C/2=C(C#N)\C#N)C2=C/C3=CC4=C(C(C(C5=CC=C(CCCCCC)S5)(C6=C7C=C8C(C9=CC=C(S9)CCCCCC)(C%10=CC=C(S%10)CCCCCC)C%11=C(SC%12=C%11SC(/C=C%13C(C%14=CC=CC=C%14C\%13=C(C#N)\C#N)=O)=C%12)C8=C6)C(S%15)=CC=C%15CCCCCC)=C7S4)S3,7.4,11.72,0.569,1.07
PffBT-T3,CC1=CC=C(S1)C2=C(C(F)=C(C3=NSN=C23)C4=CC=C(S4)C5=C(CC(CCCCCC)CCCCCCCC)C=C(C6=C(CC(CCCCCCCC)CCCCCC)C=C(C(C7=NSN=C78)=C(C(F)=C8C9=CC(CC(CCCCCC)CCCCCCCC)=C(C%10=CC(CC(CCCCCC)CCCCCCCC)=C(C)S%10)S9)F)S6)S5)F,ITIC-Th,O=C(C1=CC=CC=C1C/2=C(C#N)\C#N)C2=C/C3=CC4=C(C(C(C5=CC=C(CCCCCC)S5)(C6=C7C=C8C(C9=CC=C(S9)CCCCCC)(C%10=CC=C(S%10)CCCCCC)C%11=C(SC%12=C%11SC(/C=C%13C(C%14=CC=CC=C%14C\%13=C(C#N)\C#N)=O)=C%12)C8=C6)C(S%15)=CC=C%15CCCCCC)=C7S4)S3,7.9,14.25,0.608,0.88
PffBT-T3,CC1=CC=C(S1)C2=C(C(F)=C(C3=NSN=C23)C4=CC=C(S4)C5=C(CC(CCCCCC)CCCCCCCC)C=C(C6=C(CC(CCCCCCCC)CCCCCC)C=C(C(C7=NSN=C78)=C(C(F)=C8C9=CC(CC(CCCCCC)CCCCCCCC)=C(C%10=CC(CC(CCCCCC)CCCCCCCC)=C(C)S%10)S9)F)S6)S5)F,ITIC-Th,O=C(C1=CC=CC=C1C/2=C(C#N)\C#N)C2=C/C3=CC4=C(C(C(C5=CC=C(CCCCCC)S5)(C6=C7C=C8C(C9=CC=C(S9)CCCCCC)(C%10=CC=C(S%10)CCCCCC)C%11=C(SC%12=C%11SC(/C=C%13C(C%14=CC=CC=C%14C\%13=C(C#N)\C#N)=O)=C%12)C8=C6)C(S%15)=CC=C%15CCCCCC)=C7S4)S3,8.0,14.25,0.608,0.88
PffBTBX-T3,CC1=CC=C(S1)C2=C(C(F)=C(C3=NSN=C23)C4=CC=C(S4)C5=C(CC(CCCCCC)CCCCCCCC)C=C(C6=C(CC(CCCCCCCC)CCCCCC)C=C(C(C7=NON=C78)=C(C(F)=C8C9=CC(CC(CCCCCC)CCCCCCCC)=C(C%10=CC(CC(CCCCCC)CCCCCCCC)=C(C)S%10)S9)F)S6)S5)F,ITIC-Th,O=C(C1=CC=CC=C1C/2=C(C#N)\C#N)C2=C/C3=CC4=C(C(C(C5=CC=C(CCCCCC)S5)(C6=C7C=C8C(C9=CC=C(S9)CCCCCC)(C%10=CC=C(S%10)CCCCCC)C%11=C(SC%12=C%11SC(/C=C%13C(C%14=CC=CC=C%14C\%13=C(C#N)\C#N)=O)=C%12)C8=C6)C(S%15)=CC=C%15CCCCCC)=C7S4)S3,9.0,15.29,0.598,0.96
PffBT4T-2OD,c1sc(cc1C[C@H](CCCCCCCC)CCCCCCCCCC)c1c(c(c(c2c1nsn2)c1sc(c(c1)C[C@@H](CCCCCCCC)CCCCCCCCCC)c1ccc(s1)c1sccc1)F)F,FBR,CCN1C(/C(SC1=S)=C/C2=CC=C(C3=NSN=C23)C4=CC=C5C(C(C6=C5C=CC(C7=CC=C(C8=NSN=C78)/C=C9SC(N(C\9=O)CC)=S)=C6)(CCCCCCCC)CCCCCCCC)=C4)=O,7.04,12.62,0.5,1.11
PffBT4T-2OD,c1sc(cc1C[C@H](CCCCCCCC)CCCCCCCCCC)c1c(c(c(c2c1nsn2)c1sc(c(c1)C[C@@H](CCCCCCCC)CCCCCCCCCC)c1ccc(s1)c1sccc1)F)F,BAF-2HDT,c1(ccc(c2c1nsn2)c1cc2c(cc1)c1c(C2(CCCCCCCCCC)CCCCCCCCCC)cc(cc1)c1ccc(c2c1nsn2)/C=C/1\SC(=C(S1)SCCCCCC)SCCCCCC)/C=C\1/SC(=C(S1)SCCCCCC)SCCCCCC,7.13,14.64,0.64,0.77
PffBT4T-2DT,FC(C(F)=C(C1=NSN=C21)C3=CC(CC(CCCCCCCCCCCC)CCCCCCCCCC)=C(S3)C4=CC=C(S4)C5=CC=C(S5)C)=C2C6=CC(CC(CCCCCCCCCCCC)CCCCCCCCCC)=C(C)S6,EH-IDTBR,C1(=S)N(C(=O)/C(=C/c2c3c(c(cc2)c2sc4c(c2)[C@](c2c4cc4c(c2)c2c([C@]4(C[C@H](CC)CCCC)C[C@@H](CC)CCCC)cc(s2)c2ccc(c4c2nsn4)/C=C/2\SC(=S)N(C2=O)CC)(C[C@@H](CCCC)CC)C[C@H](CCCC)CC)nsn3)/S1)CC,11.1,17.2,0.63,1.02
PffBT4T-2DT,FC(C(F)=C(C1=NSN=C21)C3=CC(CC(CCCCCCCCCCCC)CCCCCCCCCC)=C(S3)C4=CC=C(S4)C5=CC=C(S5)C)=C2C6=CC(CC(CCCCCCCCCCCC)CCCCCCCCCC)=C(C)S6,ITIC-Th,O=C(C1=CC=CC=C1C/2=C(C#N)\C#N)C2=C/C3=CC4=C(C(C(C5=CC=C(CCCCCC)S5)(C6=C7C=C8C(C9=CC=C(S9)CCCCCC)(C%10=CC=C(S%10)CCCCCC)C%11=C(SC%12=C%11SC(/C=C%13C(C%14=CC=CC=C%14C\%13=C(C#N)\C#N)=O)=C%12)C8=C6)C(S%15)=CC=C%15CCCCCC)=C7S4)S3,6.6,13.32,0.569,0.85
PffBT2T-TT,FC1=C(C2=CC(CC(CCCCCCCCC)CCCCCCCCCCC)=C(C)S2)C3=NSN=C3C(C4=CC(CC(CCCCCCCCCCC)CCCCCCCCC)=C(S4)C5=CC(SC(C)=C6)=C6S5)=C1F,O-IDTBR,O=C(/C(S1)=C/C(C2=NSN=C32)=CC=C3C(S4)=CC(C5(C6=CC=C(CCCCCC)C=C6)C7=CC=C(CCCCCC)C=C7)=C4C(C=C89)=C5C=C8C(SC(C%10=CC=C(/C=C%11SC(N(CC)C\%11=O)=S)C%12=NSN=C%10%12)=C%13)=C%13C9(C%14=CC=C(CCCCCC)C=C%14)C%15=CC=C(CCCCCC)C=C%15)N(CC)C1=S,10.4,14.73,0.64,1.08
PFBTZNT,CC1=CC2=C(C3=C(C(C4=CC(F)=C(S4)CC(CC)CCCC)=C2S1)C=C(C5=CC=C(S5)C6=CC7=C(C8=NN(N=C68)CC(CCCCCC)CCCC)C=C(C9=NN(N=C79)CC(CCCC)CCCCCC)C%10=CC=C(S%10)C)S3)C%11=CC(F)=C(S%11)CC(CC)CCCC,m-ITIC,c12cc3c(cc1C(c1c2sc2c1sc(c2)/C=C\1/C(=C(C#N)C#N)c2c(C1=O)cccc2)(c1cccc(c1)CCCCCC)c1cc(ccc1)CCCCCC)c1c(C3(c2cc(ccc2)CCCCCC)c2cccc(c2)CCCCCC)c2c(s1)cc(s2)/C=C\1/C(=C(C#N)C#N)c2c(C1=O)cccc2,11.02,16.98,0.687,0.91
PFBTBOX,FC(C=C1C2=C(OCCCCCCCC)C(OCCCCCCCC)=C(C)C3=NON=C23)=C(S1)C4=C(F)C=C(C)S4,ITIC-4F,c1(cc2c(cc1F)C(=C(C#N)C#N)/C(=C\c1sc3c(c1)sc1c3C(c3c1cc1c(c3)c3c(C1(c1ccc(cc1)CCCCCC)c1ccc(cc1)CCCCCC)c1c(s3)cc(s1)/C=C/1\C(=C(C#N)C#N)c3c(C1=O)cc(c(c3)F)F)(c1ccc(cc1)CCCCCC)c1ccc(cc1)CCCCCC)/C2=O)F,10.2,15.11,0.63,1.01
PfBTAZT-fBDT,c1ccc(s1)c1c2c(c(c3c1nn(n3)C[C@@H](CCCCCCCC)CCCCCC)c1sc(cc1)c1sc3c(c1)c(c1c(c3c3cc(c(s3)C[C@@H](CCCC)CC)F)ccs1)c1cc(c(s1)C[C@H](CC)CCCC)F)cc(s2)F,ITIC,c12cc3c(cc1C(c1c2sc2c1sc(c2)/C=C\1/C(=C(C#N)C#N)c2c(C1=O)cccc2)(c1ccc(cc1)CCCCCC)c1ccc(cc1)CCCCCC)c1c(C3(c2ccc(cc2)CCCCCC)c2ccc(cc2)CCCCCC)c2c(s1)cc(s2)/C=C\1/C(=C(C#N)C#N)c2c(C1=O)cccc2,6.59,13.94,0.618,0.77
PfBTAZT-BDT,c1ccc(s1)c1c2c(c(c3c1nn(n3)C[C@@H](CCCCCCCC)CCCCCC)c1sc(cc1)c1sc3c(c1)c(c1c(c3c3ccc(s3)C[C@H](CCCC)CC)ccs1)c1ccc(s1)C[C@@H](CC)CCCC)cc(s2)F,ITIC,c12cc3c(cc1C(c1c2sc2c1sc(c2)/C=C\1/C(=C(C#N)C#N)c2c(C1=O)cccc2)(c1ccc(cc1)CCCCCC)c1ccc(cc1)CCCCCC)c1c(C3(c2ccc(cc2)CCCCCC)c2ccc(cc2)CCCCCC)c2c(s1)cc(s2)/C=C\1/C(=C(C#N)C#N)c2c(C1=O)cccc2,6.04,14.2,0.575,0.74
PFBDB-T,[H]C(C=C1C(C2=C3SC(C4=C(F)C=C(C5=C(C(C6=C(SC(CCCCCCCC)=C6C7=O)CCCCCCCC)=O)C7=C(C8=CC(F)=CS8)S5)S4)=C2)=C9SC(C)=CC9=C3C%10=CC([H])=C(S%10)CCCCCCCC)=C(S1)CCCCCCCC,ITIC,c12cc3c(cc1C(c1c2sc2c1sc(c2)/C=C\1/C(=C(C#N)C#N)c2c(C1=O)cccc2)(c1ccc(cc1)CCCCCC)c1ccc(cc1)CCCCCC)c1c(C3(c2ccc(cc2)CCCCCC)c2ccc(cc2)CCCCCC)c2c(s1)cc(s2)/C=C\1/C(=C(C#N)C#N)c2c(C1=O)cccc2,11.71,18.5,0.66,0.95
PFBDB-T,[H]C(C=C1C(C2=C3SC(C4=C(F)C=C(C5=C(C(C6=C(SC(CCCCCCCC)=C6C7=O)CCCCCCCC)=O)C7=C(C8=CC(F)=CS8)S5)S4)=C2)=C9SC(C)=CC9=C3C%10=CC([H])=C(S%10)CCCCCCCC)=C(S1)CCCCCCCC,C8-ITIC,O=C1C(/C(C2=CC=CC=C21)=C(C#N)/C#N)=C/C3=CC(SC(C4=CC(C5(CCCCCCCC)CCCCCCCC)=C(C6=C5C7=C(C=C(/C=C8C(C9=CC=CC=C9C/8=C(C#N)/C#N)=O)S7)S6)C=C4%10)=C%11C%10(CCCCCCCC)CCCCCCCC)=C%11S3,13.2,19.6,0.72,0.94
PFBDB-T,[H]C(C=C1C(C2=C3SC(C4=C(F)C=C(C5=C(C(C6=C(SC(CCCCCCCC)=C6C7=O)CCCCCCCC)=O)C7=C(C8=CC(F)=CS8)S5)S4)=C2)=C9SC(C)=CC9=C3C%10=CC([H])=C(S%10)CCCCCCCC)=C(S1)CCCCCCCC,CDTTIC,O=C(C(C=CC=C1)=C1C/2=C(C#N)\C#N)C2=C/C3=CC4=C(C(C5(CCCCCCCC)CCCCCCCC)=C(C6=C5C7=C(C=C(S7)/C=C8C(C9=C(C=CC=C9)C\8=C(C#N)\C#N)=O)S6)S4)S3,11.5,24.9,0.56,0.78
PE72,FC(C=C(C1=C2C(C=C(S2)CSC3=C(CCCCCCCCCCC)C(SC(C4=CC=C(/C(C(N5CC(CCCCCC)CCCCCCCC)=O)=C6C(N(CC(CCCCCC)CCCCCCCC)C7=C\6C=CC(C8=CC9=C(C(CCCCCCCCCCC)=C(C)S9)S8)=C7)=O)C5=C4)=C%10)=C%10S3)=C(C%11=CC(F)=C(SCC(CC)CC)S%11)C%12=C1C=C(C)S%12)S%13)=C%13SCC(CCCC)CC,Y6,O=C(C/1=C\C2=C(C3=C(S2)C(N4C5=CC=C(CCCCCC)C=C5)=C(C6=C4C7=C(C8=NSN=C68)C(SC9=C%10SC(/C=C%11C(C%12=CC(F)=C(C=C%12C\%11=C(C#N)/C#N)F)=O)=C9CCCCCCCCCCC)=C%10N7C%13=CC=C(CCCCCC)C=C%13)S3)CCCCCCCCCCC)C%14=CC(F)=C(F)C=C%14C1=C(C#N)/C#N,9.74,18.51,0.61,0.85
PE71,FC(C=C(C1=C2C(C=C(S2)CSC3=C(CCCCCC)C(SC(C4=CC=C(/C(C(N5CC(CCCCCC)CCCCCCCC)=O)=C6C(N(CC(CCCCCC)CCCCCCCC)C7=C\6C=CC(C8=CC9=C(C(CCCCCC)=C(C)S9)S8)=C7)=O)C5=C4)=C%10)=C%10S3)=C(C%11=CC(F)=C(SCC(CC)CC)S%11)C%12=C1C=C(C)S%12)S%13)=C%13SCC(CCCC)CC,Y6,O=C(C/1=C\C2=C(C3=C(S2)C(N4C5=CC=C(CCCCCC)C=C5)=C(C6=C4C7=C(C8=NSN=C68)C(SC9=C%10SC(/C=C%11C(C%12=CC(F)=C(C=C%12C\%11=C(C#N)/C#N)F)=O)=C9CCCCCCCCCCC)=C%10N7C%13=CC=C(CCCCCC)C=C%13)S3)CCCCCCCCCCC)C%14=CC(F)=C(F)C=C%14C1=C(C#N)/C#N,12.03,21.78,0.65,0.82
PE63,CC(SC1=C(C2=C3SC(C4=CC=C(S4)C5=C(C(F)=C(C(N=C6C7=CC=CC(OCCCCCCCC)=C7)=C5N=C6C8=CC=CC(OCCCCCCCC)=C8)C9=CC=C(C)S9)F)=C2)C%10=CC(F)=C(S%10)SC)=CC1=C3C(S%11)=CC(F)=C%11SC,Y6,O=C(C/1=C\C2=C(C3=C(S2)C(N4C5=CC=C(CCCCCC)C=C5)=C(C6=C4C7=C(C8=NSN=C68)C(SC9=C%10SC(/C=C%11C(C%12=CC(F)=C(C=C%12C\%11=C(C#N)/C#N)F)=O)=C9CCCCCCCCCCC)=C%10N7C%13=CC=C(CCCCCC)C=C%13)S3)CCCCCCCCCCC)C%14=CC(F)=C(F)C=C%14C1=C(C#N)/C#N,13.1,24.68,0.637,0.83
PE63,CC(SC1=C(C2=C3SC(C4=CC=C(S4)C5=C(C(F)=C(C(N=C6C7=CC=CC(OCCCCCCCC)=C7)=C5N=C6C8=CC=CC(OCCCCCCCC)=C8)C9=CC=C(C)S9)F)=C2)C%10=CC(F)=C(S%10)SC)=CC1=C3C(S%11)=CC(F)=C%11SC,Y6,O=C(C/1=C\C2=C(C3=C(S2)C(N4C5=CC=C(CCCCCC)C=C5)=C(C6=C4C7=C(C8=NSN=C68)C(SC9=C%10SC(/C=C%11C(C%12=CC(F)=C(C=C%12C\%11=C(C#N)/C#N)F)=O)=C9CCCCCCCCCCC)=C%10N7C%13=CC=C(CCCCCC)C=C%13)S3)CCCCCCCCCCC)C%14=CC(F)=C(F)C=C%14C1=C(C#N)/C#N,13.1,24.68,0.637,0.83
PE62,CC1=C(F)C=C(S1)C2=C3C=C(SC3=C(C4=C2SC(C5=CC=C(S5)C6=C(C(F)=C(C(N=C7C8=CC=CC(OCCCCCCCC)=C8)=C6N=C7C9=CC=CC(OCCCCCCCC)=C9)C%10=CC=C(C)S%10)F)=C4)C%11=CC(F)=C(S%11)C)C,Y6,O=C(C/1=C\C2=C(C3=C(S2)C(N4C5=CC=C(CCCCCC)C=C5)=C(C6=C4C7=C(C8=NSN=C68)C(SC9=C%10SC(/C=C%11C(C%12=CC(F)=C(C=C%12C\%11=C(C#N)/C#N)F)=O)=C9CCCCCCCCCCC)=C%10N7C%13=CC=C(CCCCCC)C=C%13)S3)CCCCCCCCCCC)C%14=CC(F)=C(F)C=C%14C1=C(C#N)/C#N,12.02,24.64,0.622,0.78
PE62,CC1=C(F)C=C(S1)C2=C3C=C(SC3=C(C4=C2SC(C5=CC=C(S5)C6=C(C(F)=C(C(N=C7C8=CC=CC(OCCCCCCCC)=C8)=C6N=C7C9=CC=CC(OCCCCCCCC)=C9)C%10=CC=C(C)S%10)F)=C4)C%11=CC(F)=C(S%11)C)C,Y6,O=C(C/1=C\C2=C(C3=C(S2)C(N4C5=CC=C(CCCCCC)C=C5)=C(C6=C4C7=C(C8=NSN=C68)C(SC9=C%10SC(/C=C%11C(C%12=CC(F)=C(C=C%12C\%11=C(C#N)/C#N)F)=O)=C9CCCCCCCCCCC)=C%10N7C%13=CC=C(CCCCCC)C=C%13)S3)CCCCCCCCCCC)C%14=CC(F)=C(F)C=C%14C1=C(C#N)/C#N,12.02,24.64,0.622,0.78
PE61,CC1=CC=C(S1)C2=C3C=C(SC3=C(C4=C2SC(C5=CC=C(S5)C6=C(C(F)=C(C(N=C7C8=CC=CC(OCCCCCCCC)=C8)=C6N=C7C9=CC=CC(OCCCCCCCC)=C9)C%10=CC=C(C)S%10)F)=C4)C%11=CC=C(S%11)C)C,Y6,O=C(C/1=C\C2=C(C3=C(S2)C(N4C5=CC=C(CCCCCC)C=C5)=C(C6=C4C7=C(C8=NSN=C68)C(SC9=C%10SC(/C=C%11C(C%12=CC(F)=C(C=C%12C\%11=C(C#N)/C#N)F)=O)=C9CCCCCCCCCCC)=C%10N7C%13=CC=C(CCCCCC)C=C%13)S3)CCCCCCCCCCC)C%14=CC(F)=C(F)C=C%14C1=C(C#N)/C#N,8.61,23.41,0.553,0.66
PE61,CC1=CC=C(S1)C2=C3C=C(SC3=C(C4=C2SC(C5=CC=C(S5)C6=C(C(F)=C(C(N=C7C8=CC=CC(OCCCCCCCC)=C8)=C6N=C7C9=CC=CC(OCCCCCCCC)=C9)C%10=CC=C(C)S%10)F)=C4)C%11=CC=C(S%11)C)C,Y6,O=C(C/1=C\C2=C(C3=C(S2)C(N4C5=CC=C(CCCCCC)C=C5)=C(C6=C4C7=C(C8=NSN=C68)C(SC9=C%10SC(/C=C%11C(C%12=CC(F)=C(C=C%12C\%11=C(C#N)/C#N)F)=O)=C9CCCCCCCCCCC)=C%10N7C%13=CC=C(CCCCCC)C=C%13)S3)CCCCCCCCCCC)C%14=CC(F)=C(F)C=C%14C1=C(C#N)/C#N,8.61,23.41,0.553,0.66
PE33,[Cl]C(C([Cl])=C(C1=NN(N=C21)CC(CCCCCC)CCCCCCCC)C3=CC=C(C4=CC(C(C5=CC(Cl)=C(S5)CC)=C6SC(C)=CC6=C7C8=CC(Cl)=C(S8)CC)=C7S4)S3)=C2C9=CC=C(C)S9,BTA5,O=C(/C(S/1)=C\C(C2=NN(N=C32)CCCCCCCC)=CC=C3C4=CC5=C(S4)C6=CC7=C(C=C6C5(C8=CC=C(C=C8)CCCCCC)C9=CC=C(C=C9)CCCCCC)C(SC(C(C%10=NN(CCCCCCCC)N=C%11%10)=CC=C%11/C=C%12S/C(N(C\%12=O)CC%13=CC=CC=C%13)=C(C#N)/C#N)=C%14)=C%14C7(C%15=CC=C(CCCCCC)C=C%15)C%16=CC=C(CCCCCC)C=C%16)N(CC%17=CC=CC=C%17)C1=C(C#N)/C#N,8.99,12.59,0.603,1.14
PE32,ClC(C=C1C(C2=C3SC(C4=CC=C(S4)C(C5=NN(N=C65)CC(CCCCCC)CCCCCCCC)=C(OC)C(OC)=C6C7=CC=C(C)S7)=C2)=C8SC(C)=CC8=C3C9=CC(Cl)=C(S9)CC)=C(S1)CC,Y6,O=C(C/1=C\C2=C(C3=C(S2)C(N4C5=CC=C(CCCCCC)C=C5)=C(C6=C4C7=C(C8=NSN=C68)C(SC9=C%10SC(/C=C%11C(C%12=CC(F)=C(C=C%12C\%11=C(C#N)/C#N)F)=O)=C9CCCCCCCCCCC)=C%10N7C%13=CC=C(CCCCCC)C=C%13)S3)CCCCCCCCCCC)C%14=CC(F)=C(F)C=C%14C1=C(C#N)/C#N,7.31,18.44,0.53,0.75
PE32,ClC(C=C1C(C2=C3SC(C4=CC=C(S4)C(C5=NN(N=C65)CC(CCCCCC)CCCCCCCC)=C(OC)C(OC)=C6C7=CC=C(C)S7)=C2)=C8SC(C)=CC8=C3C9=CC(Cl)=C(S9)CC)=C(S1)CC,BTA5,O=C(/C(S/1)=C\C(C2=NN(N=C32)CCCCCCCC)=CC=C3C4=CC5=C(S4)C6=CC7=C(C=C6C5(C8=CC=C(C=C8)CCCCCC)C9=CC=C(C=C9)CCCCCC)C(SC(C(C%10=NN(CCCCCCCC)N=C%11%10)=CC=C%11/C=C%12S/C(N(C\%12=O)CC%13=CC=CC=C%13)=C(C#N)/C#N)=C%14)=C%14C7(C%15=CC=C(CCCCCC)C=C%15)C%16=CC=C(CCCCCC)C=C%16)N(CC%17=CC=CC=C%17)C1=C(C#N)/C#N,7.4,11.55,0.57,1.08
PE31,[H]C(C([H])=C(C1=NN(N=C21)CC(CCCCCC)CCCCCCCC)C3=CC=C(C4=CC(C(C5=CC(Cl)=C(S5)CC)=C6SC(C)=CC6=C7C8=CC(Cl)=C(S8)CC)=C7S4)S3)=C2C9=CC=C(C)S9,Y6,O=C(C/1=C\C2=C(C3=C(S2)C(N4C5=CC=C(CCCCCC)C=C5)=C(C6=C4C7=C(C8=NSN=C68)C(SC9=C%10SC(/C=C%11C(C%12=CC(F)=C(C=C%12C\%11=C(C#N)/C#N)F)=O)=C9CCCCCCCCCCC)=C%10N7C%13=CC=C(CCCCCC)C=C%13)S3)CCCCCCCCCCC)C%14=CC(F)=C(F)C=C%14C1=C(C#N)/C#N,7.62,20.45,0.469,0.8
PE31,[H]C(C([H])=C(C1=NN(N=C21)CC(CCCCCC)CCCCCCCC)C3=CC=C(C4=CC(C(C5=CC(Cl)=C(S5)CC)=C6SC(C)=CC6=C7C8=CC(Cl)=C(S8)CC)=C7S4)S3)=C2C9=CC=C(C)S9,BTA5,O=C(/C(S/1)=C\C(C2=NN(N=C32)CCCCCCCC)=CC=C3C4=CC5=C(S4)C6=CC7=C(C=C6C5(C8=CC=C(C=C8)CCCCCC)C9=CC=C(C=C9)CCCCCC)C(SC(C(C%10=NN(CCCCCCCC)N=C%11%10)=CC=C%11/C=C%12S/C(N(C\%12=O)CC%13=CC=CC=C%13)=C(C#N)/C#N)=C%14)=C%14C7(C%15=CC=C(CCCCCC)C=C%15)C%16=CC=C(CCCCCC)C=C%16)N(CC%17=CC=CC=C%17)C1=C(C#N)/C#N,10.08,13.62,0.656,1.1
PDTTP-FBTA,CC(S1)=CC=C1C(C2=NN3CC(CCCCCC)CCCC)=C(C(F)=C(C2=N3)C4=CC=C(S4)C5=CC6=C(C7=C(C(CCCCCCCC)(CCCCCCCC)S6)C=C(C)S7)S5)F,IT-M,O=C(C1=CC=CC=C1C/2=C(C#N)/C#N)C2=C/C3=CC(SC4C5C(C)=C(C(C6=CC=C(C=C6)CCCCCC)(C7=CC=C(C=C7)CCCCCC)C8=CSC9=C8SC(/C=C%10C(C(C=CC=C%11)=C%11C\%10=C(C#N)/C#N)=C)=C9)C=C(C)C5C(C%12=CC=C(C=C%12)CCCCCC)(C%13=CC=C(C=C%13)CCCCCC)C%144)=C%14S3,10.51,17.15,0.753,0.81
PDTPO-BDTT,O=C1C(C=CS2)=C2C3=C(C=C(S3)C4=CC5=C(C6=C(C(C7=CC=C(S7)CC(CC)CCCC)=C5S4)C=C(C)S6)C8=CC=C(S8)CC(CCCC)CC)N1CC(CCCCCCCCCC)CCCCCCCC,IT-4F,c1(cc2c(cc1F)C(=O)/C(=C\c1cc3c(s1)c1c(s3)c3c(C1(c1ccc(cc1)CCCCCC)c1ccc(cc1)CCCCCC)cc1c(c3)C(c3c1sc1c3sc(c1)/C=C/1\C(=O)c3c(C1=C(C#N)C#N)cc(c(c3)F)F)(c1ccc(cc1)CCCCCC)c1ccc(cc1)CCCCCC)/C2=C(C#N)C#N)F,10.96,19.18,0.704,0.81
PDTPO-BDTT,O=C1C(C=CS2)=C2C3=C(C=C(S3)C4=CC5=C(C6=C(C(C7=CC=C(S7)CC(CC)CCCC)=C5S4)C=C(C)S6)C8=CC=C(S8)CC(CCCC)CC)N1CC(CCCCCCCCCC)CCCCCCCC,NNFA-4F,O=C(C(C=C(C(F)=C1)F)=C1C/2=C(C#N)\C#N)C2=C/C3=CC(SC4=C5C(C6=CC=C(CCCCCC)C=C6)(C7=C4SC8=C7C=C9SC%10=C(C(C%11=CC=C(CCCCCC)C=C%11)(C%12=C%10SC%13=C%12SC(/C=C%14C(C%15=CC(F)=C(C=C%15C\%14=C(C#N)\C#N)F)=O)=C%13)C%16=CC=C(CCCCCC)C=C%16)C9=C8)C%17=CC=C(CCCCCC)C=C%17)=C5S3,10.04,19.3,0.628,0.83
PDTPO-BDTT,O=C1C(C=CS2)=C2C3=C(C=C(S3)C4=CC5=C(C6=C(C(C7=CC=C(S7)CC(CC)CCCC)=C5S4)C=C(C)S6)C8=CC=C(S8)CC(CCCC)CC)N1CC(CCCCCCCCCC)CCCCCCCC,COi8DFIC,FC1=C(F)C=C(C/2=C(C#N)\C#N)C(C(C2=C/C(S3)=CC(S4)=C3C5=C4C(SC6=C7SC8=C6OC(C9=C8CC%10=C9SC(/C=C%11C(C%12=CC(F)=C(F)C=C%12C\%11=C(C#N)/C#N)=O)=C%10)(C%13=CC=C(CCCCCC)C=C%13)C%14=CC=C(CCCCCC)C=C%14)=C7OC5(C%15=CC=C(CCCCCC)C=C%15)C%16=CC=C(CCCCCC)C=C%16)=O)=C1,6.46,16.96,0.468,0.81
PDTPO-BDTT,O=C1C(C=CS2)=C2C3=C(C=C(S3)C4=CC5=C(C6=C(C(C7=CC=C(S7)CC(CC)CCCC)=C5S4)C=C(C)S6)C8=CC=C(S8)CC(CCCC)CC)N1CC(CCCCCCCCCC)CCCCCCCC,IT-4F,c1(cc2c(cc1F)C(=O)/C(=C\c1cc3c(s1)c1c(s3)c3c(C1(c1ccc(cc1)CCCCCC)c1ccc(cc1)CCCCCC)cc1c(c3)C(c3c1sc1c3sc(c1)/C=C/1\C(=O)c3c(C1=C(C#N)C#N)cc(c(c3)F)F)(c1ccc(cc1)CCCCCC)c1ccc(cc1)CCCCCC)/C2=C(C#N)C#N)F,10.96,18.94,0.683,0.81
PDTPO-BDTT,O=C1C(C=CS2)=C2C3=C(C=C(S3)C4=CC5=C(C6=C(C(C7=CC=C(S7)CC(CC)CCCC)=C5S4)C=C(C)S6)C8=CC=C(S8)CC(CCCC)CC)N1CC(CCCCCCCCCC)CCCCCCCC,NNFA-4F,O=C(C(C=C(C(F)=C1)F)=C1C/2=C(C#N)\C#N)C2=C/C3=CC(SC4=C5C(C6=CC=C(CCCCCC)C=C6)(C7=C4SC8=C7C=C9SC%10=C(C(C%11=CC=C(CCCCCC)C=C%11)(C%12=C%10SC%13=C%12SC(/C=C%14C(C%15=CC(F)=C(C=C%15C\%14=C(C#N)\C#N)F)=O)=C%13)C%16=CC=C(CCCCCC)C=C%16)C9=C8)C%17=CC=C(CCCCCC)C=C%17)=C5S3,10.04,18.72,0.623,0.83
PDTPO-BDTT,O=C1C(C=CS2)=C2C3=C(C=C(S3)C4=CC5=C(C6=C(C(C7=CC=C(S7)CC(CC)CCCC)=C5S4)C=C(C)S6)C8=CC=C(S8)CC(CCCC)CC)N1CC(CCCCCCCCCC)CCCCCCCC,COi8DFIC,FC1=C(F)C=C(C/2=C(C#N)\C#N)C(C(C2=C/C(S3)=CC(S4)=C3C5=C4C(SC6=C7SC8=C6OC(C9=C8CC%10=C9SC(/C=C%11C(C%12=CC(F)=C(F)C=C%12C\%11=C(C#N)/C#N)=O)=C%10)(C%13=CC=C(CCCCCC)C=C%13)C%14=CC=C(CCCCCC)C=C%14)=C7OC5(C%15=CC=C(CCCCCC)C=C%15)C%16=CC=C(CCCCCC)C=C%16)=O)=C1,6.46,16.26,0.465,0.81
PDTP-FBTA,CC(S1)=CC=C1C(C2=NN3CC(CCCCCC)CCCC)=C(C(F)=C(C2=N3)C4=CC=C(S4)C5=CC6=C(C7=C(C(CCCCCCCC)(CCCCCCCC)O6)C=C(C)S7)S5)F,IT-M,O=C(C1=CC=CC=C1C/2=C(C#N)/C#N)C2=C/C3=CC(SC4C5C(C)=C(C(C6=CC=C(C=C6)CCCCCC)(C7=CC=C(C=C7)CCCCCC)C8=CSC9=C8SC(/C=C%10C(C(C=CC=C%11)=C%11C\%10=C(C#N)/C#N)=C)=C9)C=C(C)C5C(C%12=CC=C(C=C%12)CCCCCC)(C%13=CC=C(C=C%13)CCCCCC)C%144)=C%14S3,8.38,16.19,0.681,0.76
PDTP4TFBT,O=C1C2=C(C3=C(N1CC(CCCCCC)CCCCCCCC)C=C(C4=CC(CC(CCCCCC)CCCCCCCC)=C(S4)C5=CC=C(S5)C6=C(C(F)=C(C7=NSN=C67)C8=CC=C(C)S8)F)S3)SC(C9=CC(CC(CCCCCCCC)CCCCCC)=C(C)S9)=C2,ITIC,c12cc3c(cc1C(c1c2sc2c1sc(c2)/C=C\1/C(=C(C#N)C#N)c2c(C1=O)cccc2)(c1ccc(cc1)CCCCCC)c1ccc(cc1)CCCCCC)c1c(C3(c2ccc(cc2)CCCCCC)c2ccc(cc2)CCCCCC)c2c(s1)cc(s2)/C=C\1/C(=C(C#N)C#N)c2c(C1=O)cccc2,7.8,14.26,0.593,0.9
PDTBTBO,CC1=C(OCC(CCCCCC)CCCC)C(OCC(CCCC)CCCCCC)=C(C2=CC=C(S2)C3=CC=C(S3)C)C4=NSN=C14,ITIC,c12cc3c(cc1C(c1c2sc2c1sc(c2)/C=C\1/C(=C(C#N)C#N)c2c(C1=O)cccc2)(c1ccc(cc1)CCCCCC)c1ccc(cc1)CCCCCC)c1c(C3(c2ccc(cc2)CCCCCC)c2ccc(cc2)CCCCCC)c2c(s1)cc(s2)/C=C\1/C(=C(C#N)C#N)c2c(C1=O)cccc2,5.41,10.42,0.59,0.88
PDTBDT-BZ,CC(S1)=CC=C1C(C2=NN(CC(CCCCCCCC)CCCCCC)N=C32)=C(F)C(F)=C3C(S4)=CC=C4C5=CC(S6)=C(S5)C(C6=C7C8=CC=C(SCC(CCCC)CCCCCC)S8)=C(C9=CC=C(SCC(CCCC)CCCCCC)S9)C%10=C7C%11=C(S%10)C=C(C)S%11,BDTB-Ph,O=C(C(C=CC=C1)=C1C/2=C(C#N)\C#N)C2=C\C3=CC(C(C4=CC=C(CCCCCC)C=C4)(C5=CC=C(CCCCCC)C=C5)C6=C7SC8=C6C(C9=CC=C(C=C9)SCC(CC)CCCC)=C%10SC(C%11=C(C%12(C%13=CC=C(CCCCCC)C=C%13)C%14=CC=C(CCCCCC)C=C%14)C=C(/C=C%15C(C(C=CC=C%16)=C%16C/%15=C(C#N)/C#N)=O)S%11)=C%12C%10=C8C%17=CC=C(C=C%17)SCC(CCCC)CC)=C7S3,6.5,13.2,0.539,0.883
PDTBDT-BZ,CC(S1)=CC=C1C(C2=NN(CC(CCCCCCCC)CCCCCC)N=C32)=C(F)C(F)=C3C(S4)=CC=C4C5=CC(S6)=C(S5)C(C6=C7C8=CC=C(SCC(CCCC)CCCCCC)S8)=C(C9=CC=C(SCC(CCCC)CCCCCC)S9)C%10=C7C%11=C(S%10)C=C(C)S%11,TBDB-Ph,O=C(C(C=CC=C1)=C1C/2=C(C#N)\C#N)C2=C\C3=CC(C(C4=CC=C(CCCCCC)C=C4)(C5=CC=C(CCCCCC)C=C5)C6=C7SC8=C6C(C9=CC=C(C=C9)SCC(CC)CCCC)=C%10C(C(SC%11=C%12C(C%13=CC=C(C=C%13)CCCCCC)(C%14=C%11SC(/C=C%15C(C(C=CC=C%16)=C%16C/%15=C(C#N)/C#N)=O)=C%14)C%17=CC=C(C=C%17)CCCCCC)=C%12S%10)=C8C%18=CC=C(C=C%18)SCC(CCCC)CC)=C7S3,6.2,13.18,0.505,0.911
PDTBDT-BZ,CC(S1)=CC=C1C(C2=NN(CC(CCCCCCCC)CCCCCC)N=C32)=C(F)C(F)=C3C(S4)=CC=C4C5=CC(S6)=C(S5)C(C6=C7C8=CC=C(SCC(CCCC)CCCCCC)S8)=C(C9=CC=C(SCC(CCCC)CCCCCC)S9)C%10=C7C%11=C(S%10)C=C(C)S%11,TBDB-Na,O=C(C(C=C(C=CC=C1)C1=C2)=C2C/3=C(C#N)\C#N)C3=C\C4=CC(C(C5=CC=C(CCCCCC)C=C5)(C6=CC=C(CCCCCC)C=C6)C7=C8SC9=C7C(C%10=CC=C(C=C%10)SCC(CC)CCCC)=C%11C(C(SC%12=C%13C(C%14=CC=C(C=C%14)CCCCCC)(C%15=C%12SC(/C=C%16C(C(C=C(C=CC=C%17)C%17=C%18)=C%18C/%16=C(C#N)/C#N)=O)=C%15)C%19=CC=C(C=C%19)CCCCCC)=C%13S%11)=C9C%20=CC=C(C=C%20)SCC(CCCC)CC)=C8S4,5.38,11.08,0.528,0.878
PDRCNBDT,CC(S1)=C(CCCCCCCC)C=C1C2=CC(/C=C3S/C(N(C/3=O)CC)=C(C#N)\C#N)=C(S2)C4=CC(CCCCCCCC)=C(S4)C(SC5=C(C6=C7SC(C)=C6)C8=CC=C(S8)CCCCCCCC)=CC5=C7C9=CC=C(CCCCCCCC)S9,ITIC,c12cc3c(cc1C(c1c2sc2c1sc(c2)/C=C\1/C(=C(C#N)C#N)c2c(C1=O)cccc2)(c1ccc(cc1)CCCCCC)c1ccc(cc1)CCCCCC)c1c(C3(c2ccc(cc2)CCCCCC)c2ccc(cc2)CCCCCC)c2c(s1)cc(s2)/C=C\1/C(=C(C#N)C#N)c2c(C1=O)cccc2,5.3,11.51,0.452,1.015
PDPP6T,CC(S1)=CC=C1C(N(C2=O)CC(CCCCCCCCCCCC)CCCCCCCCCC)=C3C2=C(C4=CC=C(S4)C5=CC(CCCCCC)=C(S5)C6=CC=C(C7=CC=C(C8=C(CCCCCC)C=CS8)S7)S6)N(C3=O)CC(CCCCCCCCCC)CCCCCCCCCCCC,ITIC,c12cc3c(cc1C(c1c2sc2c1sc(c2)/C=C\1/C(=C(C#N)C#N)c2c(C1=O)cccc2)(c1ccc(cc1)CCCCCC)c1ccc(cc1)CCCCCC)c1c(C3(c2ccc(cc2)CCCCCC)c2ccc(cc2)CCCCCC)c2c(s1)cc(s2)/C=C\1/C(=C(C#N)C#N)c2c(C1=O)cccc2,3.8,9.3,0.6,0.68
PDPP5T,CC1=CC=C(C(N(CC(CCCCCC)CCCCCCCC)C2=O)=C(C(N3CC(CCCCCCCC)CCCCCC)=O)C2=C3C4=CC=C(C5=CC(CCCCCC)=C(C6=CC=C(S6)C7=C(C=C(S7)C)CCCCCC)S5)S4)S1,ITIC,c12cc3c(cc1C(c1c2sc2c1sc(c2)/C=C\1/C(=C(C#N)C#N)c2c(C1=O)cccc2)(c1ccc(cc1)CCCCCC)c1ccc(cc1)CCCCCC)c1c(C3(c2ccc(cc2)CCCCCC)c2ccc(cc2)CCCCCC)c2c(s1)cc(s2)/C=C\1/C(=C(C#N)C#N)c2c(C1=O)cccc2,4.1,9.6,0.61,0.69
PDPP4T,CC1=CC=C(C(N(CC(CCCCCCCCCC)CCCCCCCCCCCC)C2=O)=C(C(N3CC(CCCCCCCCCCCC)CCCCCCCCCC)=O)C2=C3C4=CC=C(C5=CC=C(C6=CC=C(S6)C)S5)S4)S1,ITIC,c12cc3c(cc1C(c1c2sc2c1sc(c2)/C=C\1/C(=C(C#N)C#N)c2c(C1=O)cccc2)(c1ccc(cc1)CCCCCC)c1ccc(cc1)CCCCCC)c1c(C3(c2ccc(cc2)CCCCCC)c2ccc(cc2)CCCCCC)c2c(s1)cc(s2)/C=C\1/C(=C(C#N)C#N)c2c(C1=O)cccc2,3.9,8.0,0.63,0.78
PDPP3T,CC1=CC=C(C2=CC=C(S2)C(N(CC(CCCCCCCC)CCCCCC)C3=O)=C4C(N(C(C5=CC=C(C)S5)=C43)CC(CCCCCC)CCCCCCCC)=O)S1,ITIC,c12cc3c(cc1C(c1c2sc2c1sc(c2)/C=C\1/C(=C(C#N)C#N)c2c(C1=O)cccc2)(c1ccc(cc1)CCCCCC)c1ccc(cc1)CCCCCC)c1c(C3(c2ccc(cc2)CCCCCC)c2ccc(cc2)CCCCCC)c2c(s1)cc(s2)/C=C\1/C(=C(C#N)C#N)c2c(C1=O)cccc2,1.9,4.2,0.59,0.78
PDFQx-3T,FC(C(F)=C(C1=NC(C2=CC=C(C(OCCCCCCCC)=C2)OCCCCCCCC)=C(N=C31)C(C=C4)=CC(OCCCCCCCC)=C4OCCCCCCCC)C)=C3C(S5)=CC=C5C6=CC=C(C7=CC=C(C)S7)S6,ITIC,c12cc3c(cc1C(c1c2sc2c1sc(c2)/C=C\1/C(=C(C#N)C#N)c2c(C1=O)cccc2)(c1ccc(cc1)CCCCCC)c1ccc(cc1)CCCCCC)c1c(C3(c2ccc(cc2)CCCCCC)c2ccc(cc2)CCCCCC)c2c(s1)cc(s2)/C=C\1/C(=C(C#N)C#N)c2c(C1=O)cccc2,8.13,16.6,0.58,0.82
PDFQx-2TB,FC(C(F)=C(C1=NC(C2=CC=C(C(OCCCCCCCC)=C2)OCCCCCCCC)=C(N=C31)C(C=C4)=CC(OCCCCCCCC)=C4OCCCCCCCC)C)=C3C5=CC=C(C6=CC=C(C7=CC=C(C)S7)C=C6)S5,ITIC,c12cc3c(cc1C(c1c2sc2c1sc(c2)/C=C\1/C(=C(C#N)C#N)c2c(C1=O)cccc2)(c1ccc(cc1)CCCCCC)c1ccc(cc1)CCCCCC)c1c(C3(c2ccc(cc2)CCCCCC)c2ccc(cc2)CCCCCC)c2c(s1)cc(s2)/C=C\1/C(=C(C#N)C#N)c2c(C1=O)cccc2,3.95,9.03,0.45,0.93
PDFQx-2T2F,FC(C(F)=C(C1=NC(C2=CC=C(C(OCCCCCCCC)=C2)OCCCCCCCC)=C(N=C31)C(C=C4)=CC(OCCCCCCCC)=C4OCCCCCCCC)C)=C3C(S5)=CC(F)=C5C6=C(F)C=C(C)S6,ITIC,c12cc3c(cc1C(c1c2sc2c1sc(c2)/C=C\1/C(=C(C#N)C#N)c2c(C1=O)cccc2)(c1ccc(cc1)CCCCCC)c1ccc(cc1)CCCCCC)c1c(C3(c2ccc(cc2)CCCCCC)c2ccc(cc2)CCCCCC)c2c(s1)cc(s2)/C=C\1/C(=C(C#N)C#N)c2c(C1=O)cccc2,4.93,10.34,0.47,0.97
PDFQx-2T,FC(C(F)=C(C1=NC(C2=CC=C(C(OCCCCCCCC)=C2)OCCCCCCCC)=C(N=C31)C(C=C4)=CC(OCCCCCCCC)=C4OCCCCCCCC)C)=C3C(S5)=CC=C5C6=CC=C(C)S6,ITIC,c12cc3c(cc1C(c1c2sc2c1sc(c2)/C=C\1/C(=C(C#N)C#N)c2c(C1=O)cccc2)(c1ccc(cc1)CCCCCC)c1ccc(cc1)CCCCCC)c1c(C3(c2ccc(cc2)CCCCCC)c2ccc(cc2)CCCCCC)c2c(s1)cc(s2)/C=C\1/C(=C(C#N)C#N)c2c(C1=O)cccc2,4.82,12.23,0.42,0.86
PDCBT,s1cccc1c1sc(cc1C(=O)OC[C@H](CCCCCC)CCCC)c1cc(c(s1)c1sccc1)C(=O)OC[C@H](CCCCCC)CCCC,ITIC,c12cc3c(cc1C(c1c2sc2c1sc(c2)/C=C\1/C(=C(C#N)C#N)c2c(C1=O)cccc2)(c1ccc(cc1)CCCCCC)c1ccc(cc1)CCCCCC)c1c(C3(c2ccc(cc2)CCCCCC)c2ccc(cc2)CCCCCC)c2c(s1)cc(s2)/C=C\1/C(=C(C#N)C#N)c2c(C1=O)cccc2,8.82,16.44,0.578,0.928
PDBT-T1,s1c2c(cc1)sc1c2c(c2c(c1c1ccc(s1)CCCCCCCC)c1c(s2)cc(s1)c1sc(cc1)c1sc(c2c1C(=O)c1c(C2=O)c(sc1C[C@@H](CCCC)CC)C[C@H](CCCC)CC)c1sccc1)c1ccc(s1)CCCCCCCC,ITIC-Th,O=C(C1=CC=CC=C1C/2=C(C#N)\C#N)C2=C/C3=CC4=C(C(C(C5=CC=C(CCCCCC)S5)(C6=C7C=C8C(C9=CC=C(S9)CCCCCC)(C%10=CC=C(S%10)CCCCCC)C%11=C(SC%12=C%11SC(/C=C%13C(C%14=CC=CC=C%14C\%13=C(C#N)\C#N)=O)=C%12)C8=C6)C(S%15)=CC=C%15CCCCCC)=C7S4)S3,6.43,11.7,0.594,0.919
PDB-3,CCC(S1)=CC=C1C(C2=C3SC(C(SC4=C(C5=C6SC(C(SC7=C(C8=C9SC(C)=C8)C%10=CC=C(S%10)CC)=CC7=C9C%11=CC=C(CC)S%11)=C5)C%12=CC=C(S%12)CC)=CC4=C6C%13=CC=C(CC)S%13)=C2)=C%14SC(C%15=C(C(C%16=C(SC(CC)=C%16C%17=O)CC)=O)C%17=C(C)S%15)=CC%14=C3C%18=CC=C(CC)S%18,IT-4F,c1(cc2c(cc1F)C(=O)/C(=C\c1cc3c(s1)c1c(s3)c3c(C1(c1ccc(cc1)CCCCCC)c1ccc(cc1)CCCCCC)cc1c(c3)C(c3c1sc1c3sc(c1)/C=C/1\C(=O)c3c(C1=C(C#N)C#N)cc(c(c3)F)F)(c1ccc(cc1)CCCCCC)c1ccc(cc1)CCCCCC)/C2=C(C#N)C#N)F,8.87,16.12,0.51,0.9
PDB-2,CCC(S1)=CC=C1C(C2=C3SC(C(SC4=C(C5=C6SC(C)=C5)C7=CC=C(S7)CC)=CC4=C6C8=CC=C(CC)S8)=C2)=C9SC(C%10=C(C(C%11=C(SC(CC)=C%11C%12=O)CC)=O)C%12=C(C)S%10)=CC9=C3C%13=CC=C(CC)S%13,IT-4F,c1(cc2c(cc1F)C(=O)/C(=C\c1cc3c(s1)c1c(s3)c3c(C1(c1ccc(cc1)CCCCCC)c1ccc(cc1)CCCCCC)cc1c(c3)C(c3c1sc1c3sc(c1)/C=C/1\C(=O)c3c(C1=C(C#N)C#N)cc(c(c3)F)F)(c1ccc(cc1)CCCCCC)c1ccc(cc1)CCCCCC)/C2=C(C#N)C#N)F,2.12,7.41,0.2,0.9
PDB-2,CCC(S1)=CC=C1C(C2=C3SC(C(SC4=C(C5=C6SC(C)=C5)C7=CC=C(S7)CC)=CC4=C6C8=CC=C(CC)S8)=C2)=C9SC(C%10=C(C(C%11=C(SC(CC)=C%11C%12=O)CC)=O)C%12=C(C)S%10)=CC9=C3C%13=CC=C(CC)S%13,IT-4F,c1(cc2c(cc1F)C(=O)/C(=C\c1cc3c(s1)c1c(s3)c3c(C1(c1ccc(cc1)CCCCCC)c1ccc(cc1)CCCCCC)cc1c(c3)C(c3c1sc1c3sc(c1)/C=C/1\C(=O)c3c(C1=C(C#N)C#N)cc(c(c3)F)F)(c1ccc(cc1)CCCCCC)c1ccc(cc1)CCCCCC)/C2=C(C#N)C#N)F,11.82,18.51,0.63,0.89
PDB-1,CC1=C2C(C(C3=C(SC(CC)=C3C2=O)CC)=O)=C(S1)C(SC4=C(C5=C6SC(C)=C5)C7=CC=C(S7)CC)=CC4=C6C8=CC=C(CC)S8,IT-4F,c1(cc2c(cc1F)C(=O)/C(=C\c1cc3c(s1)c1c(s3)c3c(C1(c1ccc(cc1)CCCCCC)c1ccc(cc1)CCCCCC)cc1c(c3)C(c3c1sc1c3sc(c1)/C=C/1\C(=O)c3c(C1=C(C#N)C#N)cc(c(c3)F)F)(c1ccc(cc1)CCCCCC)c1ccc(cc1)CCCCCC)/C2=C(C#N)C#N)F,0.21,0.85,0.2,1.0
PDB-1,CC1=C2C(C(C3=C(SC(CC)=C3C2=O)CC)=O)=C(S1)C(SC4=C(C5=C6SC(C)=C5)C7=CC=C(S7)CC)=CC4=C6C8=CC=C(CC)S8,IT-4F,c1(cc2c(cc1F)C(=O)/C(=C\c1cc3c(s1)c1c(s3)c3c(C1(c1ccc(cc1)CCCCCC)c1ccc(cc1)CCCCCC)cc1c(c3)C(c3c1sc1c3sc(c1)/C=C/1\C(=O)c3c(C1=C(C#N)C#N)cc(c(c3)F)F)(c1ccc(cc1)CCCCCC)c1ccc(cc1)CCCCCC)/C2=C(C#N)C#N)F,5.68,11.5,0.46,0.89
PCTZ-B,CC1=CC(C(C2=CC=C(S2)CC(CCCC)CC)=C3S4)=C(S1)C(C5=CC=C(S5)CC(CC)CCCC)=C3C=C4C6=CC(NC(OCC(CCCCCCCC)CCCCCCCCCC)=O)=C(C(S7)=NC(S8)=C7N=C8C(SC(C)=C9)=C9NC(OCC(CCCCCCCCCC)CCCCCCCC)=O)S6,Y6,O=C(C/1=C\C2=C(C3=C(S2)C(N4C5=CC=C(CCCCCC)C=C5)=C(C6=C4C7=C(C8=NSN=C68)C(SC9=C%10SC(/C=C%11C(C%12=CC(F)=C(C=C%12C\%11=C(C#N)/C#N)F)=O)=C9CCCCCCCCCCC)=C%10N7C%13=CC=C(CCCCCC)C=C%13)S3)CCCCCCCCCCC)C%14=CC(F)=C(F)C=C%14C1=C(C#N)/C#N,11.9,19.8,0.682,0.867
PCTZ-B,CC1=CC(C(C2=CC=C(S2)CC(CCCC)CC)=C3S4)=C(S1)C(C5=CC=C(S5)CC(CC)CCCC)=C3C=C4C6=CC(NC(OCC(CCCCCCCC)CCCCCCCCCC)=O)=C(C(S7)=NC(S8)=C7N=C8C(SC(C)=C9)=C9NC(OCC(CCCCCCCCCC)CCCCCCCC)=O)S6,Y6,O=C(C/1=C\C2=C(C3=C(S2)C(N4C5=CC=C(CCCCCC)C=C5)=C(C6=C4C7=C(C8=NSN=C68)C(SC9=C%10SC(/C=C%11C(C%12=CC(F)=C(C=C%12C\%11=C(C#N)/C#N)F)=O)=C9CCCCCCCCCCC)=C%10N7C%13=CC=C(CCCCCC)C=C%13)S3)CCCCCCCCCCC)C%14=CC(F)=C(F)C=C%14C1=C(C#N)/C#N,12.9,21.7,0.691,0.85
PCTZ-B,CC1=CC(C(C2=CC=C(S2)CC(CCCC)CC)=C3S4)=C(S1)C(C5=CC=C(S5)CC(CC)CCCC)=C3C=C4C6=CC(NC(OCC(CCCCCCCC)CCCCCCCCCC)=O)=C(C(S7)=NC(S8)=C7N=C8C(SC(C)=C9)=C9NC(OCC(CCCCCCCCCC)CCCCCCCC)=O)S6,Y6,O=C(C/1=C\C2=C(C3=C(S2)C(N4C5=CC=C(CCCCCC)C=C5)=C(C6=C4C7=C(C8=NSN=C68)C(SC9=C%10SC(/C=C%11C(C%12=CC(F)=C(C=C%12C\%11=C(C#N)/C#N)F)=O)=C9CCCCCCCCCCC)=C%10N7C%13=CC=C(CCCCCC)C=C%13)S3)CCCCCCCCCCC)C%14=CC(F)=C(F)C=C%14C1=C(C#N)/C#N,12.6,21.6,0.676,0.843
PCTZ-B,CC1=CC(C(C2=CC=C(S2)CC(CCCC)CC)=C3S4)=C(S1)C(C5=CC=C(S5)CC(CC)CCCC)=C3C=C4C6=CC(NC(OCC(CCCCCCCC)CCCCCCCCCC)=O)=C(C(S7)=NC(S8)=C7N=C8C(SC(C)=C9)=C9NC(OCC(CCCCCCCCCC)CCCCCCCC)=O)S6,Y6,O=C(C/1=C\C2=C(C3=C(S2)C(N4C5=CC=C(CCCCCC)C=C5)=C(C6=C4C7=C(C8=NSN=C68)C(SC9=C%10SC(/C=C%11C(C%12=CC(F)=C(C=C%12C\%11=C(C#N)/C#N)F)=O)=C9CCCCCCCCCCC)=C%10N7C%13=CC=C(CCCCCC)C=C%13)S3)CCCCCCCCCCC)C%14=CC(F)=C(F)C=C%14C1=C(C#N)/C#N,12.0,20.8,0.665,0.841
PCT-EHp,CC(S1)=CC=C1C(C(C(C(C(S2)=CC=C2C3=CC4=C(C5=CC(Cl)=C(CC(CCCC)CC)S5)C6=C(C=C(C)S6)C(C7=CC(Cl)=C(CC(CC)CCCC)C7)=C4S3)=C8C9=O)=N%10)=NN%10CCC(CCCC)CC)=C8C(N9CCCCCCCC)=O,Y6,O=C(C/1=C\C2=C(C3=C(S2)C(N4C5=CC=C(CCCCCC)C=C5)=C(C6=C4C7=C(C8=NSN=C68)C(SC9=C%10SC(/C=C%11C(C%12=CC(F)=C(C=C%12C\%11=C(C#N)/C#N)F)=O)=C9CCCCCCCCCCC)=C%10N7C%13=CC=C(CCCCCC)C=C%13)S3)CCCCCCCCCCC)C%14=CC(F)=C(F)C=C%14C1=C(C#N)/C#N,15.06,25.7,0.727,0.79
P-CIT,FC(C(F)=C(C1=NN(N=C21)CC(CCCCCC)CCCCCCCC)C3=CCC(C)S3)=C2C(S4)=CC=C4C(OC5=C(C6=C7OC(C)=C6)C8=CC(Cl)=C(CC(CC)CCCC)S8)=CC5=C7C9=CC(Cl)=C(S9)CC(CC)CCCC,m-ITIC,c12cc3c(cc1C(c1c2sc2c1sc(c2)/C=C\1/C(=C(C#N)C#N)c2c(C1=O)cccc2)(c1cccc(c1)CCCCCC)c1cc(ccc1)CCCCCC)c1c(C3(c2cc(ccc2)CCCCCC)c2cccc(c2)CCCCCC)c2c(s1)cc(s2)/C=C\1/C(=C(C#N)C#N)c2c(C1=O)cccc2,11.59,16.7,0.716,0.92
P-CIT,FC(C(F)=C(C1=NN(N=C21)CC(CCCCCC)CCCCCCCC)C3=CCC(C)S3)=C2C(S4)=CC=C4C(OC5=C(C6=C7OC(C)=C6)C8=CC(Cl)=C(CC(CC)CCCC)S8)=CC5=C7C9=CC(Cl)=C(S9)CC(CC)CCCC,Y6,O=C(C/1=C\C2=C(C3=C(S2)C(N4C5=CC=C(CCCCCC)C=C5)=C(C6=C4C7=C(C8=NSN=C68)C(SC9=C%10SC(/C=C%11C(C%12=CC(F)=C(C=C%12C\%11=C(C#N)/C#N)F)=O)=C9CCCCCCCCCCC)=C%10N7C%13=CC=C(CCCCCC)C=C%13)S3)CCCCCCCCCCC)C%14=CC(F)=C(F)C=C%14C1=C(C#N)/C#N,10.79,19.71,0.701,0.77
PCDTBT,c1cccc2c1n(c1c2ccc(c1)c1sc(cc1)c1ccc(c2c1nsn2)c1sccc1)C(CCCCCCCC)CCCCCCCC,MPU5,O=C(N(C(C1=CC=C([Se]1)/C=C2S/C(N(C\2=O)CC)=C(C#N)\C#N)=C3C(N4CC(CCCC)CC)=O)CC(CCCC)CC)C3=C4C([Se]5)=CC=C5/C=C(C(N/6CC)=O)\SC6=C(C#N)\C#N,10.12,16.32,0.66,0.95
PBTZNT,CC(SC1=C2C3=CC=C(S3)CC(CCCC)CC)=CC1=C(C4=CC=C(S4)CC(CC)CCCC)C(S5)=C2C=C5C6=CC=C(C(C7=NN(N=C87)CC(CCCCCC)CCCC)=CC(C9=NN(N=C%109)CC(CCCC)CCCCCC)=C8C=C%10C%11=CC=C(C)S%11)S6,m-ITIC,c12cc3c(cc1C(c1c2sc2c1sc(c2)/C=C\1/C(=C(C#N)C#N)c2c(C1=O)cccc2)(c1cccc(c1)CCCCCC)c1cc(ccc1)CCCCCC)c1c(C3(c2cc(ccc2)CCCCCC)c2cccc(c2)CCCCCC)c2c(s1)cc(s2)/C=C\1/C(=C(C#N)C#N)c2c(C1=O)cccc2,9.23,15.19,0.664,0.89
PBTT,CC1=CC2=C(C3=C(C(C4=CC=C(S4)CC(CCCC)CC)=C2S1)C=C(C5=C6SC(C(OCCCCCCCC)=O)=C(F)C6=C(C)S5)S3)C7=CC=C(S7)CC(CC)CCCC,IEICO,O=C1C(/C(C2=C1C=CC=C2)=C(C#N)\C#N)=C\C3=CC(OCC(CCCC)CC)=C(C4=CC(C(C5=CC(C6=C7C=C(C8=C(C=C(/C=C(C9=O)/C(C%10=C9C=CC=C%10)=C(C#N)\C#N)S8)OCC(CCCC)CC)S6)=C(C7(C%11=CC=C(C=C%11)CCCCCC)C%12=CC=C(C=C%12)CCCCCC)C=C%135)(C%14=CC=C(C=C%14)CCCCCC)C(C=C%15)=CC=C%15CCCCCC)=C%13S4)S3,9.5,17.9,0.613,0.86
PBTIBDTT-S,O=C(N1CC(CCCCCC)CCCCCCCC)C(C=C2C(SC(C)=C3)=C3CCCCCCCCCC)=C(S2)C4=C(C=C(S4)C5=C(CCCCCCCCCC)C=C(C6=CC7=C(C8=C(C(C9=CC=C(S9)SCCCCCCCC)=C7S6)C=C(C)S8)C%10=CC=C(S%10)SCCCCCCCC)S5)C1=O,ITIC-F,O=C(C1=C(C=CC(F)=C1)C/2=C(C#N)\C#N)C2=C/C3=CC(SC4=C5C(C6=CC=C(CCCCCC)C=C6)(C7=CC=C(CCCCCC)C=C7)C8=C4C=C9C(C%10=CC=C(CCCCCC)C=C%10)(C%11=CC=C(C=C%11)CCCCCC)C%12=C(SC%13=C%12SC(/C=C%14C(C%15=C(C=CC(F)=C%15)C\%14=C(C#N)\C#N)=O)=C%13)C9=C8)=C5S3,5.86,9.78,0.611,0.98
PBTIBDTT-S,O=C(N1CC(CCCCCC)CCCCCCCC)C(C=C2C(SC(C)=C3)=C3CCCCCCCCCC)=C(S2)C4=C(C=C(S4)C5=C(CCCCCCCCCC)C=C(C6=CC7=C(C8=C(C(C9=CC=C(S9)SCCCCCCCC)=C7S6)C=C(C)S8)C%10=CC=C(S%10)SCCCCCCCC)S5)C1=O,ITIC-F,O=C(C1=C(C=CC(F)=C1)C/2=C(C#N)\C#N)C2=C/C3=CC(SC4=C5C(C6=CC=C(CCCCCC)C=C6)(C7=CC=C(CCCCCC)C=C7)C8=C4C=C9C(C%10=CC=C(CCCCCC)C=C%10)(C%11=CC=C(C=C%11)CCCCCC)C%12=C(SC%13=C%12SC(/C=C%14C(C%15=C(C=CC(F)=C%15)C\%14=C(C#N)\C#N)=O)=C%13)C9=C8)=C5S3,9.12,14.4,0.657,0.96
PBTIBDTT-S,O=C(N1CC(CCCCCC)CCCCCCCC)C(C=C2C(SC(C)=C3)=C3CCCCCCCCCC)=C(S2)C4=C(C=C(S4)C5=C(CCCCCCCCCC)C=C(C6=CC7=C(C8=C(C(C9=CC=C(S9)SCCCCCCCC)=C7S6)C=C(C)S8)C%10=CC=C(S%10)SCCCCCCCC)S5)C1=O,ITIC-F,O=C(C1=C(C=CC(F)=C1)C/2=C(C#N)\C#N)C2=C/C3=CC(SC4=C5C(C6=CC=C(CCCCCC)C=C6)(C7=CC=C(CCCCCC)C=C7)C8=C4C=C9C(C%10=CC=C(CCCCCC)C=C%10)(C%11=CC=C(C=C%11)CCCCCC)C%12=C(SC%13=C%12SC(/C=C%14C(C%15=C(C=CC(F)=C%15)C\%14=C(C#N)\C#N)=O)=C%13)C9=C8)=C5S3,9.65,15.12,0.679,0.94
PBTIBDTT-S,O=C(N1CC(CCCCCC)CCCCCCCC)C(C=C2C(SC(C)=C3)=C3CCCCCCCCCC)=C(S2)C4=C(C=C(S4)C5=C(CCCCCCCCCC)C=C(C6=CC7=C(C8=C(C(C9=CC=C(S9)SCCCCCCCC)=C7S6)C=C(C)S8)C%10=CC=C(S%10)SCCCCCCCC)S5)C1=O,ITIC-F,O=C(C1=C(C=CC(F)=C1)C/2=C(C#N)\C#N)C2=C/C3=CC(SC4=C5C(C6=CC=C(CCCCCC)C=C6)(C7=CC=C(CCCCCC)C=C7)C8=C4C=C9C(C%10=CC=C(CCCCCC)C=C%10)(C%11=CC=C(C=C%11)CCCCCC)C%12=C(SC%13=C%12SC(/C=C%14C(C%15=C(C=CC(F)=C%15)C\%14=C(C#N)\C#N)=O)=C%13)C9=C8)=C5S3,10.55,16.33,0.687,0.94
PBTIBDTT,O=C(N1CC(CCCCCCCC)CCCCCC)C(C=C2C(S3)=C(CCCCCCCCCC)C=C3C(SC4=C(C5=C6SC(C)=C5)C7=CC=C(S7)CCCCCCCC)=CC4=C6C(S8)=CC=C8CCCCCCCC)=C(S2)C9=C(C=C(S9)C%10=C(CCCCCCCCCC)C=C(C)S%10)C1=O,Si4TIC-F,CCCCCC[Si]1(C2=C(C3=C1C=C(/C=C(/C4=C(C#N)\[N+]#[C-])C(C5=C4C=CC(F)=C5)=O)S3)SC6=C2SC7=C6[Si](CCCCCC)(CCCCCC)C8=C7SC(/C=C(/C9=C([N+]#[C-])\C#N)C(C%10=C9C=CC(F)=C%10)=O)=C8)CCCCCC,10.2,18.84,0.694,0.78
PBTIBDTT,O=C(N1CC(CCCCCCCC)CCCCCC)C(C=C2C(S3)=C(CCCCCCCCCC)C=C3C(SC4=C(C5=C6SC(C)=C5)C7=CC=C(S7)CCCCCCCC)=CC4=C6C(S8)=CC=C8CCCCCCCC)=C(S2)C9=C(C=C(S9)C%10=C(CCCCCCCCCC)C=C(C)S%10)C1=O,ITIC,c12cc3c(cc1C(c1c2sc2c1sc(c2)/C=C\1/C(=C(C#N)C#N)c2c(C1=O)cccc2)(c1ccc(cc1)CCCCCC)c1ccc(cc1)CCCCCC)c1c(C3(c2ccc(cc2)CCCCCC)c2ccc(cc2)CCCCCC)c2c(s1)cc(s2)/C=C\1/C(=C(C#N)C#N)c2c(C1=O)cccc2,8.89,14.39,0.644,0.96
PBTIBDTT,O=C(N1CC(CCCCCCCC)CCCCCC)C(C=C2C(S3)=C(CCCCCCCCCC)C=C3C(SC4=C(C5=C6SC(C)=C5)C7=CC=C(S7)CCCCCCCC)=CC4=C6C(S8)=CC=C8CCCCCCCC)=C(S2)C9=C(C=C(S9)C%10=C(CCCCCCCCCC)C=C(C)S%10)C1=O,oF-ITIC,O=C(C(C=CC=C1)=C1C/2=C(C#N)\C#N)C2=C/C3=CC(SC4=C5C(C6=CC(F)=C(CCCCCC)C=C6)(C7=CC(F)=C(CCCCCC)C=C7)C8=CC9=C(C=C84)C(C%10=CC(F)=C(CCCCCC)C=C%10)(C%11=CC(F)=C(CCCCCC)C=C%11)C%12=C9SC%13=C%12SC(/C=C%14C(C(C=CC=C%15)=C%15C\%14=C(C#N)\C#N)=O)=C%13)=C5S3,9.01,13.49,0.71,0.94
PBTIBDTT,O=C(N1CC(CCCCCCCC)CCCCCC)C(C=C2C(S3)=C(CCCCCCCCCC)C=C3C(SC4=C(C5=C6SC(C)=C5)C7=CC=C(S7)CCCCCCCC)=CC4=C6C(S8)=CC=C8CCCCCCCC)=C(S2)C9=C(C=C(S9)C%10=C(CCCCCCCCCC)C=C(C)S%10)C1=O,mF-ITIC,O=C(C(C=CC=C1)=C1C/2=C(C#N)\C#N)C2=C/C3=CC(SC4=C5C(C6=C(F)C=C(CCCCCC)C=C6)(C7=C(F)C=C(CCCCCC)C=C7)C8=CC9=C(C=C84)C(C%10=C(F)C=C(CCCCCC)C=C%10)(C%11=C(F)C=C(CCCCCC)C=C%11)C%12=C9SC%13=C%12SC(/C=C%14C(C(C=CC=C%15)=C%15C\%14=C(C#N)\C#N)=O)=C%13)=C5S3,9.5,14.53,0.681,0.96
PBTCl,CC(SC(C1=CC2=C(S1)C(C3=CC=C(S3)CC(CC)CCCC)=C4C=C(C)SC4=C2C5=CC=C(S5)CC(CCCC)CC)=C67)=C7SC(C(OCC(CC)CCCC)=O)=C6[Cl],ITIC,c12cc3c(cc1C(c1c2sc2c1sc(c2)/C=C\1/C(=C(C#N)C#N)c2c(C1=O)cccc2)(c1ccc(cc1)CCCCCC)c1ccc(cc1)CCCCCC)c1c(C3(c2ccc(cc2)CCCCCC)c2ccc(cc2)CCCCCC)c2c(s1)cc(s2)/C=C\1/C(=C(C#N)C#N)c2c(C1=O)cccc2,7.57,14.53,0.58,0.91
PBTA-PS,CC(S1)=CC=C1C(C2=NN(CC(CCCCCCCC)CCCCCC)N=C2C(C3=CC=C(S3)C4=CC5=C(C6=C(C(C7=CC=C(C=C7)[S]CC(CCCCCCCC)CCCCCC)=C5S4)C=C(C)S6)C8=CC=C(C=C8)[S]CC(CCCCCCCC)CCCCCC)=C9F)=C9F,LA1,O=C(C1=C(C=CC=C1)C/2=C(C#N)/C#N)C2=C/C3=CC4=C(S3)C5=CC(C6(CCCCC7=CC=CC=C7)CCCCC8=CC=CC=C8)=C(C=C5C4(CCCCC9=CC=CC=C9)CCCCC%10=CC=CC=C%10)C(S%11)=C6C=C%11/C=C(C(C%12=C%13C=CC=C%12)=O)/C%13=C(C#N)/C#N,10.22,15.17,0.751,0.89
PBTA-PS,CC(S1)=CC=C1C(C2=NN(CC(CCCCCCCC)CCCCCC)N=C2C(C3=CC=C(S3)C4=CC5=C(C6=C(C(C7=CC=C(C=C7)[S]CC(CCCCCCCC)CCCCCC)=C5S4)C=C(C)S6)C8=CC=C(C=C8)[S]CC(CCCCCCCC)CCCCCC)=C9F)=C9F,6TIC,O=C(C1=C(C=CC=C1)C/2=C(C#N)\C#N)C2=C/C3=CC4=C(C(C5(C6=CC=C(CCCCCC)C=C6)C7=CC=C(CCCCCC)C=C7)=C(C8=C5C(SC9=C%10C(C%11=CC=C(CCCCCC)C=C%11)(C%12=C9SC%13=C%12SC(/C=C%14C(C%15=C(C=CC=C%15)C\%14=C(C#N)\C#N)=O)=C%13)C%16=CC=C(CCCCCC)C=C%16)=C%10S8)S4)S3,8.15,15.47,0.623,0.84
PBTA-BO,CC1=CC(C(C2=CC(CCCCCC)=C(S2)CCCCCC)=C3SC(C4=CC=C(S4)C5=C(C(F)=C(C6=NN(N=C56)CC(CCCC)CCCCCC)C7=CC=C(S7)C)F)=CC3=C8C9=CC(CCCCCC)=C(S9)CCCCCC)=C8S1,IffBR,FC(C(F)=C(C1=NSN=C21)/C=C3SC(N(C\3=O)CC)=S)=C2C4=CC(C5(C6=CC=C(CCCCCC)C=C6)C7=CC=C(CCCCCC)C=C7)=C(C8=CC9=C(C%10=C(C9(C%11=CC=C(CCCCCC)C=C%11)C%12=CC=C(CCCCCC)C=C%12)C=C(C%13=C(C(F)=C(C%14=NSN=C%13%14)/C=C%15SC(N(C\%15=O)CC)=S)F)S%10)C=C85)S4,6.34,11.77,0.523,1.013
PBT2Cls-Bz,[H]C1=C(SC(CC(CC)CCCC)=C1[Cl])C(C2=C3SC(C)=C2)=C4SC(C5=CC=C(S5)C6=C(C(F)=C(C7=NN(N=C67)CC(CCCCCCCC)CCCCCC)C8=CC=C(C)S8)F)=CC4=C3C9=C([H])C([Cl])=C(CC(CCCC)CC)S9,IT-4F,c1(cc2c(cc1F)C(=O)/C(=C\c1cc3c(s1)c1c(s3)c3c(C1(c1ccc(cc1)CCCCCC)c1ccc(cc1)CCCCCC)cc1c(c3)C(c3c1sc1c3sc(c1)/C=C/1\C(=O)c3c(C1=C(C#N)C#N)cc(c(c3)F)F)(c1ccc(cc1)CCCCCC)c1ccc(cc1)CCCCCC)/C2=C(C#N)C#N)F,7.8,15.55,0.652,0.77
PBT2Cls-Bz,[H]C1=C(SC(CC(CC)CCCC)=C1[Cl])C(C2=C3SC(C)=C2)=C4SC(C5=CC=C(S5)C6=C(C(F)=C(C7=NN(N=C67)CC(CCCCCCCC)CCCCCC)C8=CC=C(C)S8)F)=CC4=C3C9=C([H])C([Cl])=C(CC(CCCC)CC)S9,IT-4F,c1(cc2c(cc1F)C(=O)/C(=C\c1cc3c(s1)c1c(s3)c3c(C1(c1ccc(cc1)CCCCCC)c1ccc(cc1)CCCCCC)cc1c(c3)C(c3c1sc1c3sc(c1)/C=C/1\C(=O)c3c(C1=C(C#N)C#N)cc(c(c3)F)F)(c1ccc(cc1)CCCCCC)c1ccc(cc1)CCCCCC)/C2=C(C#N)C#N)F,9.25,16.42,0.587,0.96
PBT2Clas-Bz,[Cl]C1=C(SC(CC(CC)CCCC)=C1[Cl])C(C2=C3SC(C)=C2)=C4SC(C5=CC=C(S5)C6=C(C(F)=C(C7=NN(N=C67)CC(CCCCCCCC)CCCCCC)C8=CC=C(C)S8)F)=CC4=C3C9=C([H])C([H])=C(CC(CCCC)CC)S9,IT-4F,c1(cc2c(cc1F)C(=O)/C(=C\c1cc3c(s1)c1c(s3)c3c(C1(c1ccc(cc1)CCCCCC)c1ccc(cc1)CCCCCC)cc1c(c3)C(c3c1sc1c3sc(c1)/C=C/1\C(=O)c3c(C1=C(C#N)C#N)cc(c(c3)F)F)(c1ccc(cc1)CCCCCC)c1ccc(cc1)CCCCCC)/C2=C(C#N)C#N)F,4.43,13.43,0.418,0.79
PBT1Cl-Bz,[H]C1=C(SC(CC(CC)CCCC)=C1[Cl])C(C2=C3SC(C)=C2)=C4SC(C5=CC=C(S5)C6=C(C(F)=C(C7=NN(N=C67)CC(CCCCCCCC)CCCCCC)C8=CC=C(C)S8)F)=CC4=C3C9=C([H])C([H])=C(CC(CCCC)CC)S9,IT-4F,c1(cc2c(cc1F)C(=O)/C(=C\c1cc3c(s1)c1c(s3)c3c(C1(c1ccc(cc1)CCCCCC)c1ccc(cc1)CCCCCC)cc1c(c3)C(c3c1sc1c3sc(c1)/C=C/1\C(=O)c3c(C1=C(C#N)C#N)cc(c(c3)F)F)(c1ccc(cc1)CCCCCC)c1ccc(cc1)CCCCCC)/C2=C(C#N)C#N)F,7.6,16.85,0.635,0.71
PBT1-C-2Cl,ClC1=C(C2=CC(C(C3=CC=C(C=C3)CC(CCCCCC)CCCC)=C4SC(C)=CC4=C5C6=CC=C(C=C6)CC(CCCC)CCCCCC)=C5S2)SC(C7=C8C(C(C9=C(SC(CC(CCCC)CC)=C9C8=O)CC(CCCC)CC)=O)=C(S7)C%10=CC(Cl)=C(C)S%10)=C1,IDTT-2F-Th,O=C1C(/C(C2=CSC=C21)=C(C#N)/C#N)=C\C3=CC4=C(S3)C(C(C5=CC=C(CCCCCC)C=C5)(C(C=C6C7=C8C9=C(C=C(S9)/C=C%10C(C%11=CC(F)=C(C=C%11C\%10=C(C#N)\C#N)F)=O)S7)=C%12C=C6C8(C%13=CC=C(CCCCCC)C=C%13)C%14=CC=C(CCCCCC)C=C%14)C%15=CC=C(CCCCCC)C=C%15)=C%12S4,10.9,17.51,0.75,0.83
PBT1-C-2Cl,ClC1=C(C2=CC(C(C3=CC=C(C=C3)CC(CCCCCC)CCCC)=C4SC(C)=CC4=C5C6=CC=C(C=C6)CC(CCCC)CCCCCC)=C5S2)SC(C7=C8C(C(C9=C(SC(CC(CCCC)CC)=C9C8=O)CC(CCCC)CC)=O)=C(S7)C%10=CC(Cl)=C(C)S%10)=C1,ITCPTC,O=C(C1=CSC=C1C/2=C(C#N)\C#N)C2=C/C3=CC(SC(C(C=C4C5(C6=CC=C(C=C6)CCCCCCCC)C7=CC=C(CCCCCCCC)C=C7)=C8C=C4C9=C5C%10=C(C=C(S%10)/C=C%11C(C%12=CSC=C%12C\%11=C(C#N)\C#N)=O)S9)=C%13C8(C%14=CC=C(C=C%14)CCCCCCCC)C%15=CC=C(CCCCCCCC)C=C%15)=C%13S3,12.24,18.02,0.759,0.895
PBT1-C,O=C(C1=C(CC(CCCC)CC)SC(CC(CCCC)CC)=C12)C3=C(C4=CC=CS4)SC(C(S5)=CC=C5C6=CC7=C(C8=CC=C(CC(CCCC)CCCCCC)C=C8)C(SC=C9)=C9C(C%10=CC=C(CC(CCCCCC)CCCC)C=C%10)=C7S6)=C3C2=O,TTPTTT-IC,O=C1C(/C(C2=C1C=CC=C2)=C(C#N)/C#N)=C\C3=CC4=C(S3)C(C(C5=CC=C(CCCCCC)C=C5)(C6=CC7=C(C(C8=CC=C(CCCCCC)C=C8)(C9=C7SC%10=C9SC%11=C%10SC(/C=C%12C(C(C=CC=C%13)=C%13C\%12=C(C#N)\C#N)=O)=C%11)C%14=CC=C(CCCCCC)C=C%14)C=C6%15)C%16=CC=C(CCCCCC)C=C%16)=C%15S4,7.91,12.47,0.637,0.996
PBT1-C,O=C(C1=C(CC(CCCC)CC)SC(CC(CCCC)CC)=C12)C3=C(C4=CC=CS4)SC(C(S5)=CC=C5C6=CC7=C(C8=CC=C(CC(CCCC)CCCCCC)C=C8)C(SC=C9)=C9C(C%10=CC=C(CC(CCCCCC)CCCC)C=C%10)=C7S6)=C3C2=O,TTPTTT-2F,O=C1C(/C(C2=C1C=CC(F)=C2)=C(C#N)/C#N)=C\C3=CC4=C(S3)C(C(C5=CC=C(CCCCCC)C=C5)(C6=CC7=C(C(C8=CC=C(CCCCCC)C=C8)(C9=C7SC%10=C9SC%11=C%10SC(/C=C%12C(C(C=C(F)C=C%13)=C%13C\%12=C(C#N)\C#N)=O)=C%11)C%14=CC=C(CCCCCC)C=C%14)C=C6%15)C%16=CC=C(CCCCCC)C=C%16)=C%15S4,11.52,16.78,0.746,0.92
PBT1-C,O=C(C1=C(CC(CCCC)CC)SC(CC(CCCC)CC)=C12)C3=C(C4=CC=CS4)SC(C(S5)=CC=C5C6=CC7=C(C8=CC=C(CC(CCCC)CCCCCC)C=C8)C(SC=C9)=C9C(C%10=CC=C(CC(CCCCCC)CCCC)C=C%10)=C7S6)=C3C2=O,TTPTTT-4F,O=C1C(/C(C2=C1C=C(F)C(F)=C2)=C(C#N)/C#N)=C\C3=CC4=C(S3)C(C(C5=CC=C(CCCCCC)C=C5)(C6=CC7=C(C(C8=CC=C(CCCCCC)C=C8)(C9=C7SC%10=C9SC%11=C%10SC(/C=C%12C(C(C=C(F)C(F)=C%13)=C%13C\%12=C(C#N)\C#N)=O)=C%11)C%14=CC=C(CCCCCC)C=C%14)C=C6%15)C%16=CC=C(CCCCCC)C=C%16)=C%15S4,12.05,19.36,0.721,0.863
PBT1-C,O=C(C1=C(CC(CCCC)CC)SC(CC(CCCC)CC)=C12)C3=C(C4=CC=CS4)SC(C(S5)=CC=C5C6=CC7=C(C8=CC=C(CC(CCCC)CCCCCC)C=C8)C(SC=C9)=C9C(C%10=CC=C(CC(CCCCCC)CCCC)C=C%10)=C7S6)=C3C2=O,ITIC-2Cl,O=C(C(C=C(Cl)C=C1)=C1C/2=C(C#N)/C#N)C2=C/C3=CC(SC4=C5C(C6=CC=C(CCCCCC)C=C6)(C7=CC=C(CCCCCC)C=C7)C(C4=C8)=CC9=C8C(C%10=CC=C(C=C%10)CCCCCC)(C%11=CC=C(C=C%11)CCCCCC)C%12=C9SC%13=C%12SC(/C=C(C(C%14=C%15C=CC(Cl)=C%14)=O)/C%15=C(C#N)/C#N)=C%13)=C5S3,11.1,18.03,0.703,0.86
PBT1-C,O=C(C1=C(CC(CCCC)CC)SC(CC(CCCC)CC)=C12)C3=C(C4=CC=CS4)SC(C(S5)=CC=C5C6=CC7=C(C8=CC=C(CC(CCCC)CCCCCC)C=C8)C(SC=C9)=C9C(C%10=CC=C(CC(CCCCCC)CCCC)C=C%10)=C7S6)=C3C2=O,IT-2F,O=C1C(/C(C2=C1C=C(F)C=C2)=C(C#N)/C#N)=C\C3=CC4=C(S3)C(C(C5=CC=C(CCCCCC)C=C5)(C(C=C6C7=C8C9=C(C=C(S9)/C=C%10C(C(C(F)=CC=C%11)=C%11C\%10=C(C#N)\C#N)=O)S7)=C%12C=C6C8(C%13=CC=C(C=C%13)CCCCCC)C%14=CC=C(C=C%14)CCCCCC)C%15=CC=C(CCCCCC)C=C%15)=C%12S4,11.04,17.28,0.727,0.879
PBT1-C,O=C(C1=C(CC(CCCC)CC)SC(CC(CCCC)CC)=C12)C3=C(C4=CC=CS4)SC(C(S5)=CC=C5C6=CC7=C(C8=CC=C(CC(CCCC)CCCCCC)C=C8)C(SC=C9)=C9C(C%10=CC=C(CC(CCCCCC)CCCC)C=C%10)=C7S6)=C3C2=O,TPT-2F,O=C(C1=C(C=C(F)C=C1)C/2=C(C#N)\C#N)C2=C/C3=CC(C4(C5=CC=C(C=C5)CCCCCC)C(C=C6)=CC=C6CCCCCC)=C(C(C=C7C8(C9=CC=C(CCCCCC)C=C9)C%10=CC=C(CCCCCC)C=C%10)=C4C=C7C%11=C8C=C(/C=C%12C(C%13=C(C=CC(F)=C%13)C\%12=C(C#N)\C#N)=O)S%11)S3,8.33,13.89,0.686,0.874
PBT1-C,O=C(C1=C(CC(CCCC)CC)SC(CC(CCCC)CC)=C12)C3=C(C4=CC=CS4)SC(C(S5)=CC=C5C6=CC7=C(C8=CC=C(CC(CCCC)CCCCCC)C=C8)C(SC=C9)=C9C(C%10=CC=C(CC(CCCCCC)CCCC)C=C%10)=C7S6)=C3C2=O,TPTT-2F,O=C(C1=C(C=C(F)C=C1)C/2=C(C#N)\C#N)C2=C/C3=CC(C4(C5=CC=C(C=C5)CCCCCC)C(C=C6)=CC=C6CCCCCC)=C(C(C=C7C8(C9=CC=C(CCCCCC)C=C9)C%10=CC=C(CCCCCC)C=C%10)=C4C=C7C%11=C8C%12=C(C=C(/C=C%13/C(C%14=C(C%13=O)C=C(C=C%14)F)=C(C#N)/C#N)S%12)S%11)S3,10.17,15.82,0.73,0.881
PBT1-C,O=C(C1=C(CC(CCCC)CC)SC(CC(CCCC)CC)=C12)C3=C(C4=CC=CS4)SC(C(S5)=CC=C5C6=CC7=C(C8=CC=C(CC(CCCC)CCCCCC)C=C8)C(SC=C9)=C9C(C%10=CC=C(CC(CCCCCC)CCCC)C=C%10)=C7S6)=C3C2=O,TPTTT-2F,O=C(C1=C(C=C(F)C=C1)C/2=C(C#N)\C#N)C2=C/C3=CC(C4(C5=CC=C(C=C5)CCCCCC)C(C=C6)=CC=C6CCCCCC)=C(C(C=C7C8(C9=CC=C(CCCCCC)C=C9)C%10=CC=C(CCCCCC)C=C%10)=C4C=C7C%11=C8C%12=C(C(SC(/C=C%13C(C%14=C(C=CC(F)=C%14)C\%13=C(C#N)\C#N)=O)=C%15)=C%15S%12)S%11)S3,12.03,17.63,0.745,0.916
PBT1-C,O=C(C1=C(CC(CCCC)CC)SC(CC(CCCC)CC)=C12)C3=C(C4=CC=CS4)SC(C(S5)=CC=C5C6=CC7=C(C8=CC=C(CC(CCCC)CCCCCC)C=C8)C(SC=C9)=C9C(C%10=CC=C(CC(CCCCCC)CCCC)C=C%10)=C7S6)=C3C2=O,IT-2F,O=C1C(/C(C2=C1C=C(F)C=C2)=C(C#N)/C#N)=C\C3=CC4=C(S3)C(C(C5=CC=C(CCCCCC)C=C5)(C(C=C6C7=C8C9=C(C=C(S9)/C=C%10C(C(C=C(F)C=C%11)=C%11C\%10=C(C#N)\C#N)=O)S7)=C%12C=C6C8(C%13=CC=C(CCCCCC)C=C%13)C%14=CC=C(C=C%14)CCCCCC)C%15=CC=C(CCCCCC)C=C%15)=C%12S4,10.54,15.97,0.708,0.902
PBT1-C,O=C(C1=C(CC(CCCC)CC)SC(CC(CCCC)CC)=C12)C3=C(C4=CC=CS4)SC(C(S5)=CC=C5C6=CC7=C(C8=CC=C(CC(CCCC)CCCCCC)C=C8)C(SC=C9)=C9C(C%10=CC=C(CC(CCCCCC)CCCC)C=C%10)=C7S6)=C3C2=O,TTPT-T-2F,O=C1C(/C(C2=C1C=CC(F)=C2)=C(C#N)\C#N)=C\C3=CC=C(S3)C4=CC5=C(C(C=C6C(C7=CC=C(CCCCCC)C=C7)(C8=CC=C(CCCCCC)C=C8)C9=C(SC%10=C9SC(/C=C%11C(C%12=C(C=C(F)C=C%12)C\%11=C(C#N)/C#N)=O)=C%10)C6=C%13)=C%13C5(C%14=CC=C(C=C%14)CCCCCC)C%15=CC=C(CCCCCC)C=C%15)S4,12.71,17.7,0.751,0.915
PBT1-C,O=C(C1=C(CC(CCCC)CC)SC(CC(CCCC)CC)=C12)C3=C(C4=CC=CS4)SC(C(S5)=CC=C5C6=CC7=C(C8=CC=C(CC(CCCC)CCCCCC)C=C8)C(SC=C9)=C9C(C%10=CC=C(CC(CCCCCC)CCCC)C=C%10)=C7S6)=C3C2=O,T-TPT-T-2F,O=C1C(/C(C2=C1C=CC(F)=C2)=C(C#N)\C#N)=C\C3=CC=C(S3)C4=CC5=C(C(C=C6C(C7=CC=C(CCCCCC)C=C7)(C8=CC=C(CCCCCC)C=C8)C(C=C(C9=CC=C(S9)/C=C%10C(C%11=C(C=C(F)C=C%11)C\%10=C(C#N)/C#N)=O)S%12)=C%12C6=C%13)=C%13C5(C%14=CC=C(C=C%14)CCCCCC)C%15=CC=C(CCCCCC)C=C%15)S4,10.71,16.57,0.671,0.933
PBT1-C,O=C(C1=C(CC(CCCC)CC)SC(CC(CCCC)CC)=C12)C3=C(C4=CC=CS4)SC(C(S5)=CC=C5C6=CC7=C(C8=CC=C(CC(CCCC)CCCCCC)C=C8)C(SC=C9)=C9C(C%10=CC=C(CC(CCCCCC)CCCC)C=C%10)=C7S6)=C3C2=O,TPT-IN,O=C(C(C=C(C=CC=C1)C1=C2)=C2C/3=C(C#N)\C#N)C3=C/C4=CC(C5(C6=CC=C(CCCCCC)C=C6)C7=CC=C(CCCCCC)C=C7)=C(C8=CC9=C(C%10=C(C9(C%11=CC=C(C=C%11)CCCCCC)C%12=CC=C(C=C%12)CCCCCC)C=C(/C=C%13C(C(C=C(C=CC=C%14)C%14=C%15)=C%15C\%13=C(C#N)\C#N)=O)S%10)C=C85)S4,8.91,14.01,0.714,0.876
PBT1-C,O=C(C1=C(CC(CCCC)CC)SC(CC(CCCC)CC)=C12)C3=C(C4=CC=CS4)SC(C(S5)=CC=C5C6=CC7=C(C8=CC=C(CC(CCCC)CCCCCC)C=C8)C(SC=C9)=C9C(C%10=CC=C(CC(CCCCCC)CCCC)C=C%10)=C7S6)=C3C2=O,SePT-IN,O=C(C(C=C(C=CC=C1)C1=C2)=C2C/3=C(C#N)\C#N)C3=C/C4=CC(C5(C6=CC=C(CCCCCC)C=C6)C7=CC=C(CCCCCC)C=C7)=C(C8=CC9=C(C%10=C(C9(C%11=CC=C(C=C%11)CCCCCC)C%12=CC=C(C=C%12)CCCCCC)C=C(/C=C%13C(C(C=C(C=CC=C%14)C%14=C%15)=C%15C\%13=C(C#N)\C#N)=O)S%10)C=C85)[Se]4,10.2,16.01,0.733,0.847
PBPD-Th,CC1=CC(C(S1)=C(C2=C3SC(C(S4)=CC=C4C5=C6C(C(C7=C(SC(CC(CC)CCCC)=C7C6=O)CC(CC)CCCC)=O)=C(S5)C8=CC=C(C)S8)=C2)C9=CC=CC(OCC(CC)CCCC)=C9)=C3C%10=CC=CC(OCC(CC)CCCC)=C%10,ITIC,c12cc3c(cc1C(c1c2sc2c1sc(c2)/C=C\1/C(=C(C#N)C#N)c2c(C1=O)cccc2)(c1ccc(cc1)CCCCCC)c1ccc(cc1)CCCCCC)c1c(C3(c2ccc(cc2)CCCCCC)c2ccc(cc2)CCCCCC)c2c(s1)cc(s2)/C=C\1/C(=C(C#N)C#N)c2c(C1=O)cccc2,10.8,18.1,0.59,1.01
PBoDT-OTAZ,COCCOC(C1=C(C(OCCOC)=C2S3)C=C(C)S1)=C2C=C3C(S4)=CC=C4C(C5=NN(N=C5C6C7=CC=C(S7)C)CC(CCCC)CCCCCC)=C(C6OCCOC)OCCOC,IT-M,O=C(C1=CC=CC=C1C/2=C(C#N)/C#N)C2=C/C3=CC(SC4C5C(C)=C(C(C6=CC=C(C=C6)CCCCCC)(C7=CC=C(C=C7)CCCCCC)C8=CSC9=C8SC(/C=C%10C(C(C=CC=C%11)=C%11C\%10=C(C#N)/C#N)=C)=C9)C=C(C)C5C(C%12=CC=C(C=C%12)CCCCCC)(C%13=CC=C(C=C%13)CCCCCC)C%144)=C%14S3,1.23,9.51,0.336,0.382
PBODT,CC1=CC=C(S1)C2=CC=C(S2)C(SC(C3=CC4=C(S3)C(SC(C5=CC(CC(CCCCCCCCCCCC)CCCCCCCCCC)=C(C)S5)=C6)=C6C7=NON=C47)=C8)=C8CC(CCCCCCCCCCCC)CCCCCCCCCC,ITIC,c12cc3c(cc1C(c1c2sc2c1sc(c2)/C=C\1/C(=C(C#N)C#N)c2c(C1=O)cccc2)(c1ccc(cc1)CCCCCC)c1ccc(cc1)CCCCCC)c1c(C3(c2ccc(cc2)CCCCCC)c2ccc(cc2)CCCCCC)c2c(s1)cc(s2)/C=C\1/C(=C(C#N)C#N)c2c(C1=O)cccc2,7.06,10.7,0.664,1.0
PBODT,CC1=CC=C(S1)C2=CC=C(S2)C(SC(C3=CC4=C(S3)C(SC(C5=CC(CC(CCCCCCCCCCCC)CCCCCCCCCC)=C(C)S5)=C6)=C6C7=NON=C47)=C8)=C8CC(CCCCCCCCCCCC)CCCCCCCCCC,IDIC,N#C/C(C#N)=C(C1=CC=CC=C1C2=O)/C2=C/C3=CC4=C(C5=C(C=C6C(C(CCCCCC)(CCCCCC)C7=C6SC(/C=C8/C(C9=CC=CC=C9C8=O)=C(C#N)/C#N)=C7)=C5)C4(CCCCCC)CCCCCC)S3,8.19,13.3,0.668,0.92
PBNT-BDD,CC1=CC(B(N2CC(CCCCCCCC)CCCCCC)C3=CC=CC=C3)=C(S1)C(C=C4N(B5C6=CC=CC=C6)CC(CCCCCC)CCCCCCCC)=C2C=C4C(S7)=C5C=C7C8=CC=C(C9=C%10C(C(C%11=C(SC(CC(CCCC)CC)C%11C%10=O)CC(CC)CCCC)=O)=C(S9)C%12=CC=C(C)S%12)S8,Y6-BO,O=C(C1=C(C=C(F)C(F)=C1)C/2=C(C#N)\C#N)C2=C/C3=C(CCCCCCCCCCC)C(SC(C4=C5C6=C(C7=C(N6CC(CCCC)CCCCCC)C8=C(C(CCCCCCCCCCC)=C(S8)/C=C9C(C(C=C(F)C(F)=C%10)=C%10C\9=C(C#N)\C#N)=O)S7)C%11=NSN=C4%11)=C%12N5CC(CCCCCC)CCCC)=C%12S3,16.1,25.4,0.71,0.87
PBN-S,CC1=CC=C(S1)C2=C(C(C(C=C(C(SCC(CCCC)CC)=C3)SCC(CCCC)CC)=C3C4=O)=O)C4=C(C5=CC=C(S5)C6=CC7=C(C8=C(C(C9=CC(F)=C(S9)CC(CCCC)CC)=C7S6)C=C(C)S8)C%10=CC(F)=C(S%10)CC(CCCC)CC)S2,IT-4F,c1(cc2c(cc1F)C(=O)/C(=C\c1cc3c(s1)c1c(s3)c3c(C1(c1ccc(cc1)CCCCCC)c1ccc(cc1)CCCCCC)cc1c(c3)C(c3c1sc1c3sc(c1)/C=C/1\C(=O)c3c(C1=C(C#N)C#N)cc(c(c3)F)F)(c1ccc(cc1)CCCCCC)c1ccc(cc1)CCCCCC)/C2=C(C#N)C#N)F,13.1,21.03,0.699,0.891
PBnDT-OTAZ,CC(S1)=CC=C1C2C3=NN(CC(CCCC)CCCCCC)N=C3C(C4=CC=C(S4)C5=CC6=C(C7=C(C(CCC(CCCC)CCCCCC)=C6S5)C=C(C)S7)CCC(CCCC)CCCCCC)=C(C2OCCOC)OCCOC,IT-M,O=C(C1=CC=CC=C1C/2=C(C#N)/C#N)C2=C/C3=CC(SC4C5C(C)=C(C(C6=CC=C(C=C6)CCCCCC)(C7=CC=C(C=C7)CCCCCC)C8=CSC9=C8SC(/C=C%10C(C(C=CC=C%11)=C%11C\%10=C(C#N)/C#N)=C)=C9)C=C(C)C5C(C%12=CC=C(C=C%12)CCCCCC)(C%13=CC=C(C=C%13)CCCCCC)C%144)=C%14S3,3.57,11.58,0.434,0.709
PBnDT-FTAZNO,FC1=C(C2=CC=C(C)S2)C3=NN(CCOC)N=C3C(C4=CC=C(C5=CC6=C(C7=C(C(CCC(CCCCCC)CCCC)=C6S5)C=C(C)S7)CCC(CCCC)CCCCCC)S4)=C1F,IT-M,O=C(C1=CC=CC=C1C/2=C(C#N)/C#N)C2=C/C3=CC(SC4C5C(C)=C(C(C6=CC=C(C=C6)CCCCCC)(C7=CC=C(C=C7)CCCCCC)C8=CSC9=C8SC(/C=C%10C(C(C=CC=C%11)=C%11C\%10=C(C#N)/C#N)=C)=C9)C=C(C)C5C(C%12=CC=C(C=C%12)CCCCCC)(C%13=CC=C(C=C%13)CCCCCC)C%144)=C%14S3,7.06,15.44,0.525,0.87
PBDTTz-SBP,FC(C(F)=C(C1=N2)C3=CC=C(S3)C4=CC5=C(C6=C(C(C(C=C7)=CC=C7C(C=C8)=CC=C8[S]CC(CCCCCC)CCCCCCCC)=C5S4)C=C(C)S6)C9=CC=C(C=C9)C%10=CC=C(C=C%10)[S]CC(CCCCCC)CCCCCCCC)=C(C%11=CC=C(C)S%11)C1=NN2CCC(CCCCCC)CCCCCCCC,ITIC,c12cc3c(cc1C(c1c2sc2c1sc(c2)/C=C\1/C(=C(C#N)C#N)c2c(C1=O)cccc2)(c1ccc(cc1)CCCCCC)c1ccc(cc1)CCCCCC)c1c(C3(c2ccc(cc2)CCCCCC)c2ccc(cc2)CCCCCC)c2c(s1)cc(s2)/C=C\1/C(=C(C#N)C#N)c2c(C1=O)cccc2,12.09,18.52,0.714,0.914
PBDTTz-N,FC(C(F)=C(C1=NN(N=C21)CC(CCCCCCC)CCCC)C3=CC=C(S3)C)=C2C(S4)=CC=C4C5=CC6=C(C(C=CC7=C8)=CC7=CC=C8OCC(CCCCCC)CCCCCCCC)C9=C(C=C(C)S9)C(C%10=CC%11=CC=C(OCC(CCCCCCCC)CCCCCC)C=C%11C=C%10)=C6S5,ITIC,c12cc3c(cc1C(c1c2sc2c1sc(c2)/C=C\1/C(=C(C#N)C#N)c2c(C1=O)cccc2)(c1ccc(cc1)CCCCCC)c1ccc(cc1)CCCCCC)c1c(C3(c2ccc(cc2)CCCCCC)c2ccc(cc2)CCCCCC)c2c(s1)cc(s2)/C=C\1/C(=C(C#N)C#N)c2c(C1=O)cccc2,6.61,18.0,0.49,0.75
PBDTTzHD,CC(S1)=C(CCCCCC)C=C1C2=NC(S3)=C(S2)N=C3C4=CC(CCCCCC)=C(S4)C5=CC(C(S5)=C(C6=C7SC(C)=C6)C8=CC=C(S8)SCC(CCCCCC)CCCC)=C7C9=CC=C(S9)SCC(CCCC)CCCCCC,IT-4F,c1(cc2c(cc1F)C(=O)/C(=C\c1cc3c(s1)c1c(s3)c3c(C1(c1ccc(cc1)CCCCCC)c1ccc(cc1)CCCCCC)cc1c(c3)C(c3c1sc1c3sc(c1)/C=C/1\C(=O)c3c(C1=C(C#N)C#N)cc(c(c3)F)F)(c1ccc(cc1)CCCCCC)c1ccc(cc1)CCCCCC)/C2=C(C#N)C#N)F,2.34,5.8,0.38,0.97
PBDTTzH,CC(S1)=C(CCCCCCC)C=C1C2=NC(S3)=C(S2)N=C3C4=CC(CCCCCCC)=C(S4)C5=CC(C(S5)=C(C6=C7SC(C)=C6)C8=CC(Cl)=C(S8)CC(CCCC)CC)=C7C9=CC(Cl)=C(CC(CC)CCCC)S9,IT-4F,c1(cc2c(cc1F)C(=O)/C(=C\c1cc3c(s1)c1c(s3)c3c(C1(c1ccc(cc1)CCCCCC)c1ccc(cc1)CCCCCC)cc1c(c3)C(c3c1sc1c3sc(c1)/C=C/1\C(=O)c3c(C1=C(C#N)C#N)cc(c(c3)F)F)(c1ccc(cc1)CCCCCC)c1ccc(cc1)CCCCCC)/C2=C(C#N)C#N)F,2.15,6.59,0.41,0.77
PBDTTzEH,CC(S1)=C(CCCCC(CC)CC)C=C1C2=NC(S3)=C(S2)N=C3C4=CC(CCCCC(CC)CC)=C(S4)C5=CC(C(S5)=C(C6=C7SC(C)=C6)C8=CC(Cl)=C(S8)CC(CCCC)CC)=C7C9=CC(Cl)=C(CC(CC)CCCC)S9,IT-4F,c1(cc2c(cc1F)C(=O)/C(=C\c1cc3c(s1)c1c(s3)c3c(C1(c1ccc(cc1)CCCCCC)c1ccc(cc1)CCCCCC)cc1c(c3)C(c3c1sc1c3sc(c1)/C=C/1\C(=O)c3c(C1=C(C#N)C#N)cc(c(c3)F)F)(c1ccc(cc1)CCCCCC)c1ccc(cc1)CCCCCC)/C2=C(C#N)C#N)F,10.1,16.26,0.65,0.93
PBDTTzEH,CC(S1)=C(CCCCC(CC)CC)C=C1C2=NC(S3)=C(S2)N=C3C4=CC(CCCCC(CC)CC)=C(S4)C5=CC(C(S5)=C(C6=C7SC(C)=C6)C8=CC(Cl)=C(S8)CC(CCCC)CC)=C7C9=CC(Cl)=C(CC(CC)CCCC)S9,IT-4F,c1(cc2c(cc1F)C(=O)/C(=C\c1cc3c(s1)c1c(s3)c3c(C1(c1ccc(cc1)CCCCCC)c1ccc(cc1)CCCCCC)cc1c(c3)C(c3c1sc1c3sc(c1)/C=C/1\C(=O)c3c(C1=C(C#N)C#N)cc(c(c3)F)F)(c1ccc(cc1)CCCCCC)c1ccc(cc1)CCCCCC)/C2=C(C#N)C#N)F,3.97,7.81,0.51,0.95
PBDTTz-BP,FC(C(F)=C(C1=N2)C3=CC=C(S3)C4=CC5=C(C6=C(C(C(C=C7)=CC=C7C(C=C8)=CC=C8[O]CC(CCCCCC)CCCCCCCC)=C5S4)C=C(C)S6)C9=CC=C(C=C9)C%10=CC=C(C=C%10)[O]CC(CCCCCC)CCCCCCCC)=C(C%11=CC=C(C)S%11)C1=NN2CCC(CCCCCC)CCCCCCCC,ITIC,c12cc3c(cc1C(c1c2sc2c1sc(c2)/C=C\1/C(=C(C#N)C#N)c2c(C1=O)cccc2)(c1ccc(cc1)CCCCCC)c1ccc(cc1)CCCCCC)c1c(C3(c2ccc(cc2)CCCCCC)c2ccc(cc2)CCCCCC)c2c(s1)cc(s2)/C=C\1/C(=C(C#N)C#N)c2c(C1=O)cccc2,8.03,17.7,0.56,0.81
PBDTTzBO,CC(S1)=C(CCCCC(CC)CCCCCC)C=C1C2=NC(S3)=C(S2)N=C3C4=CC(CCCCC(CCCCCC)CC)=C(S4)C5=CC(C(S5)=C(C6=C7SC(C)=C6)C8=CC(Cl)=C(S8)CC(CCCC)CC)=C7C9=CC(Cl)=C(CC(CC)CCCC)S9,IT-4F,c1(cc2c(cc1F)C(=O)/C(=C\c1cc3c(s1)c1c(s3)c3c(C1(c1ccc(cc1)CCCCCC)c1ccc(cc1)CCCCCC)cc1c(c3)C(c3c1sc1c3sc(c1)/C=C/1\C(=O)c3c(C1=C(C#N)C#N)cc(c(c3)F)F)(c1ccc(cc1)CCCCCC)c1ccc(cc1)CCCCCC)/C2=C(C#N)C#N)F,5.23,12.96,0.477,0.847
PBDTT-TVT,CC1=CC(C(C2=CC=C(S2)CC(CCCCCCCC)CCCCCCCCCC)=C3S4)=C(S1)C(C5=CC=C(S5)CC(CCCCCCCC)CCCCCCCCCC)=C3C=C4C6=CC([H])=C(S6)/C=C/C7=C([H])C=C(C)S7,ITIC,c12cc3c(cc1C(c1c2sc2c1sc(c2)/C=C\1/C(=C(C#N)C#N)c2c(C1=O)cccc2)(c1ccc(cc1)CCCCCC)c1ccc(cc1)CCCCCC)c1c(C3(c2ccc(cc2)CCCCCC)c2ccc(cc2)CCCCCC)c2c(s1)cc(s2)/C=C\1/C(=C(C#N)C#N)c2c(C1=O)cccc2,5.62,11.2,0.65,0.78
PBDTT-TPD,CC1=CC(C(C2=CC=C(S2)CCCCCCCCCCCC)=C3SC(C4=C(C(N(C5=O)CCCCCCCC)=O)C5=C(C)S4)=CC3=C6C7=CC=C(S7)CCCCCCCCCCCC)=C6S1,ITIC,c12cc3c(cc1C(c1c2sc2c1sc(c2)/C=C\1/C(=C(C#N)C#N)c2c(C1=O)cccc2)(c1ccc(cc1)CCCCCC)c1ccc(cc1)CCCCCC)c1c(C3(c2ccc(cc2)CCCCCC)c2ccc(cc2)CCCCCC)c2c(s1)cc(s2)/C=C\1/C(=C(C#N)C#N)c2c(C1=O)cccc2,4.97,12.1,0.429,0.94
PBDTT-TPD,CC1=CC(C(C2=CC=C(S2)CCCCCCCCCCCC)=C3SC(C4=C(C(N(C5=O)CCCCCCCC)=O)C5=C(C)S4)=CC3=C6C7=CC=C(S7)CCCCCCCCCCCC)=C6S1,ITIC,c12cc3c(cc1C(c1c2sc2c1sc(c2)/C=C\1/C(=C(C#N)C#N)c2c(C1=O)cccc2)(c1ccc(cc1)CCCCCC)c1ccc(cc1)CCCCCC)c1c(C3(c2ccc(cc2)CCCCCC)c2ccc(cc2)CCCCCC)c2c(s1)cc(s2)/C=C\1/C(=C(C#N)C#N)c2c(C1=O)cccc2,6.17,12.98,0.48,0.96
PBDTT-TPD,CC1=CC(C(C2=CC=C(S2)CCCCCCCCCCCC)=C3SC(C4=C(C(N(C5=O)CCCCCCCC)=O)C5=C(C)S4)=CC3=C6C7=CC=C(S7)CCCCCCCCCCCC)=C6S1,IDIC,N#C/C(C#N)=C(C1=CC=CC=C1C2=O)/C2=C/C3=CC4=C(C5=C(C=C6C(C(CCCCCC)(CCCCCC)C7=C6SC(/C=C8/C(C9=CC=CC=C9C8=O)=C(C#N)/C#N)=C7)=C5)C4(CCCCCC)CCCCCC)S3,7.15,14.47,0.552,0.89
PBDTTT-EFT,CC(SC(C1=CC(C(S1)=C(C2C=C(C)SC23)C4=CC=C(S4)CC(CC)CCCC)=C3C5=CC=C(S5)CC(CCCC)CC)=C6S7)=C6C(F)=C7C(OCC(CC)CCCC)=O,EHIDTBR,S=C(N(C/1=O)CC)SC1=C/C(C2=NSN=C32)=CC=C3C4=CC(C5(CCCCCCCC)CCCCCCCC)=C(C(C=C6C7(CCCCCCCC)CCCCCCCC)=C5C=C6C8=C7C=C(C9=CC=C(C%10=NSN=C9%10)/C=C%11SC(N(C\%11=O)CC)=S)S8)S4,12.0,18.5,0.63,1.03
PBDT-TT,CCC(CCCC)CC(S1)=CC=C1C(C2=C3SC(C4=CC=C(C5=C(C(OCC(CC)CCCC)=O)C6=C(C(C(OCC(CCCCCC)CC)=O)=C(C7=CC=C(C)S7)S6)S5)S4)=C2)=C8SC(C)=CC8=C3C9=CC=C(S9)CC(CCCC)CC,ITIC,c12cc3c(cc1C(c1c2sc2c1sc(c2)/C=C\1/C(=C(C#N)C#N)c2c(C1=O)cccc2)(c1ccc(cc1)CCCCCC)c1ccc(cc1)CCCCCC)c1c(C3(c2ccc(cc2)CCCCCC)c2ccc(cc2)CCCCCC)c2c(s1)cc(s2)/C=C\1/C(=C(C#N)C#N)c2c(C1=O)cccc2,9.67,17.2,0.68,0.827
PBDT-TT,CCC(CCCC)CC(S1)=CC=C1C(C2=C3SC(C4=CC=C(C5=C(C(OCC(CC)CCCC)=O)C6=C(C(C(OCC(CCCCCC)CC)=O)=C(C7=CC=C(C)S7)S6)S5)S4)=C2)=C8SC(C)=CC8=C3C9=CC=C(S9)CC(CCCC)CC,IT-M,O=C(C1=CC=CC=C1C/2=C(C#N)/C#N)C2=C/C3=CC(SC4C5C(C)=C(C(C6=CC=C(C=C6)CCCCCC)(C7=CC=C(C=C7)CCCCCC)C8=CSC9=C8SC(/C=C%10C(C(C=CC=C%11)=C%11C\%10=C(C#N)/C#N)=C)=C9)C=C(C)C5C(C%12=CC=C(C=C%12)CCCCCC)(C%13=CC=C(C=C%13)CCCCCC)C%144)=C%14S3,11.38,17.9,0.71,0.895
PBDT-TT,CCC(CCCC)CC(S1)=CC=C1C(C2=C3SC(C4=CC=C(C5=C(C(OCC(CC)CCCC)=O)C6=C(C(C(OCC(CCCCCC)CC)=O)=C(C7=CC=C(C)S7)S6)S5)S4)=C2)=C8SC(C)=CC8=C3C9=CC=C(S9)CC(CCCC)CC,6TIC,O=C(C1=CC=CC=C1C/2=C(C#N)\C#N)C2=C/C3=CC4=C(C(C5(C6=CC=C(C=C6)CCCCCC)C(C=C7)=CC=C7CCCCCC)=C(C8=C5C9=C(C%10=C(C%11=C(C%10(C%12=CC=C(CCCCCC)C=C%12)C%13=CC=C(CCCCCC)C=C%13)C%14=C(C=C(S%14)/C=C%15C(C%16=CC=CC=C%16C\%15=C(C#N)\C#N)=O)S%11)S9)S8)S4)S3,11.03,21.4,0.64,0.805
PBDTTS-FTTE,O=C(C1=C(F)C2=C(C)SC(C3=CC4=C(C5=C(C(C6=CC=C(SCCCCCCCC)S6)=C4S3)C=C(C)S5)C7=CC=C(SCCCCCCCC)S7)=C2S1)[O]CCCCCCCC,ITIC-Th,O=C(C1=CC=CC=C1C/2=C(C#N)\C#N)C2=C/C3=CC4=C(C(C(C5=CC=C(CCCCCC)S5)(C6=C7C=C8C(C9=CC=C(S9)CCCCCC)(C%10=CC=C(S%10)CCCCCC)C%11=C(SC%12=C%11SC(/C=C%13C(C%14=CC=CC=C%14C\%13=C(C#N)\C#N)=O)=C%12)C8=C6)C(S%15)=CC=C%15CCCCCC)=C7S4)S3,5.95,12.1,0.534,0.86
PBDTTPD-HT,CCCCCCC1=C(C2=CC3=C(C4=C(C(C5=CC=C(CC(CC)CCCC)S5)=C3S2)C=CS4)C6=CC=C(CC(CCCC)CC)S6)SC(C7=C(C(C8=O)=C(C9=CC(CCCCCC)=CS9)S7)C(N8CCCCCCCC)=O)=C1,ITIC,c12cc3c(cc1C(c1c2sc2c1sc(c2)/C=C\1/C(=C(C#N)C#N)c2c(C1=O)cccc2)(c1ccc(cc1)CCCCCC)c1ccc(cc1)CCCCCC)c1c(C3(c2ccc(cc2)CCCCCC)c2ccc(cc2)CCCCCC)c2c(s1)cc(s2)/C=C\1/C(=C(C#N)C#N)c2c(C1=O)cccc2,10.2,15.4,0.68,0.97
PBDT-TPD,CC1=CC(C(OCC(CCCC)CC)=C2SC(C3=C(C(N(C4=O)CCCCCCCC)=O)C4=C(C)S3)=CC2=C5OC(CCCC)CC)=C5S1,ITIC,c12cc3c(cc1C(c1c2sc2c1sc(c2)/C=C\1/C(=C(C#N)C#N)c2c(C1=O)cccc2)(c1ccc(cc1)CCCCCC)c1ccc(cc1)CCCCCC)c1c(C3(c2ccc(cc2)CCCCCC)c2ccc(cc2)CCCCCC)c2c(s1)cc(s2)/C=C\1/C(=C(C#N)C#N)c2c(C1=O)cccc2,3.92,10.76,0.4,0.9
PBDT-TPD,CC1=CC(C(OCC(CCCC)CC)=C2SC(C3=C(C(N(C4=O)CCCCCCCC)=O)C4=C(C)S3)=CC2=C5OC(CCCC)CC)=C5S1,ITIC,c12cc3c(cc1C(c1c2sc2c1sc(c2)/C=C\1/C(=C(C#N)C#N)c2c(C1=O)cccc2)(c1ccc(cc1)CCCCCC)c1ccc(cc1)CCCCCC)c1c(C3(c2ccc(cc2)CCCCCC)c2ccc(cc2)CCCCCC)c2c(s1)cc(s2)/C=C\1/C(=C(C#N)C#N)c2c(C1=O)cccc2,4.43,10.51,0.437,0.96
PBDT-TPD,CC1=CC(C(OCC(CCCC)CC)=C2SC(C3=C(C(N(C4=O)CCCCCCCC)=O)C4=C(C)S3)=CC2=C5OC(CCCC)CC)=C5S1,IDIC,N#C/C(C#N)=C(C1=CC=CC=C1C2=O)/C2=C/C3=CC4=C(C5=C(C=C6C(C(CCCCCC)(CCCCCC)C7=C6SC(/C=C8/C(C9=CC=CC=C9C8=O)=C(C#N)/C#N)=C7)=C5)C4(CCCCCC)CCCCCC)S3,4.36,10.04,0.481,0.88
PBDTT-FTVT,CC1=CC(C(C2=CC=C(S2)CC(CCCCCCCC)CCCCCCCCCC)=C3S4)=C(S1)C(C5=CC=C(S5)CC(CCCCCCCC)CCCCCCCCCC)=C3C=C4C6=CC([F])=C(S6)/C=C/C7=C(F)C=C(C)S7,ITIC,c12cc3c(cc1C(c1c2sc2c1sc(c2)/C=C\1/C(=C(C#N)C#N)c2c(C1=O)cccc2)(c1ccc(cc1)CCCCCC)c1ccc(cc1)CCCCCC)c1c(C3(c2ccc(cc2)CCCCCC)c2ccc(cc2)CCCCCC)c2c(s1)cc(s2)/C=C\1/C(=C(C#N)C#N)c2c(C1=O)cccc2,6.5,12.2,0.6,0.88
PBDTT-FTTE,O=C(C1=C(F)C2=C(C)SC(C3=CC4=C(C5=C(C(C6=CC=C(CCCCCCCC)S6)=C4S3)C=C(C)S5)C7=CC=C(CCCCCCCC)S7)=C2S1)[O]CCCCCCCC,ITIC-Th,O=C(C1=CC=CC=C1C/2=C(C#N)\C#N)C2=C/C3=CC4=C(C(C(C5=CC=C(CCCCCC)S5)(C6=C7C=C8C(C9=CC=C(S9)CCCCCC)(C%10=CC=C(S%10)CCCCCC)C%11=C(SC%12=C%11SC(/C=C%13C(C%14=CC=CC=C%14C\%13=C(C#N)\C#N)=O)=C%12)C8=C6)C(S%15)=CC=C%15CCCCCC)=C7S4)S3,8.02,14.8,0.642,0.805
PBDTTFTQ-DO,FC1=CC(C2=CCC(C)S2)=C3C(N=C(C(C4=CC=CC(OCCCCCCCC)=C4)=N3)C5=CC=CC(OCCCCCCCC)=C5)=C1C6=CC=C(S6)C7=CC8=C(C9=C(C(C%10=CC(CCCCCCCC)=C(S%10)CCCCCCCC)=C8S7)C=C(C)S9)C%11=CC(CCCCCCCC)=C(S%11)CCCCCCCC,ITIC-Th,O=C(C1=CC=CC=C1C/2=C(C#N)\C#N)C2=C/C3=CC4=C(C(C(C5=CC=C(CCCCCC)S5)(C6=C7C=C8C(C9=CC=C(S9)CCCCCC)(C%10=CC=C(S%10)CCCCCC)C%11=C(SC%12=C%11SC(/C=C%13C(C%14=CC=CC=C%14C\%13=C(C#N)\C#N)=O)=C%12)C8=C6)C(S%15)=CC=C%15CCCCCC)=C7S4)S3,2.76,6.65,0.424,0.98
PBDTTFTQ-DO,FC1=CC(C2=CCC(C)S2)=C3C(N=C(C(C4=CC=CC(OCCCCCCCC)=C4)=N3)C5=CC=CC(OCCCCCCCC)=C5)=C1C6=CC=C(S6)C7=CC8=C(C9=C(C(C%10=CC(CCCCCCCC)=C(S%10)CCCCCCCC)=C8S7)C=C(C)S9)C%11=CC(CCCCCCCC)=C(S%11)CCCCCCCC,ITIC-Th,O=C(C1=CC=CC=C1C/2=C(C#N)\C#N)C2=C/C3=CC4=C(C(C(C5=CC=C(CCCCCC)S5)(C6=C7C=C8C(C9=CC=C(S9)CCCCCC)(C%10=CC=C(S%10)CCCCCC)C%11=C(SC%12=C%11SC(/C=C%13C(C%14=CC=CC=C%14C\%13=C(C#N)\C#N)=O)=C%12)C8=C6)C(S%15)=CC=C%15CCCCCC)=C7S4)S3,7.81,15.14,0.586,0.88
PBDTTFTQ-DO,FC1=CC(C2=CCC(C)S2)=C3C(N=C(C(C4=CC=CC(OCCCCCCCC)=C4)=N3)C5=CC=CC(OCCCCCCCC)=C5)=C1C6=CC=C(S6)C7=CC8=C(C9=C(C(C%10=CC(CCCCCCCC)=C(S%10)CCCCCCCC)=C8S7)C=C(C)S9)C%11=CC(CCCCCCCC)=C(S%11)CCCCCCCC,ITIC-Th1,O=C(C1=C(C=CC(F)=C1)C/2=C(C#N)\C#N)C2=C/C3=CC4=C(C(C5(C6=CC=C(S6)CCCCCC)C(S7)=CC=C7CCCCCC)=C(C(C=C8C9(C%10=CC=C(S%10)CCCCCC)C%11=CC=C(S%11)CCCCCC)=C5C=C8C%12=C9C%13=C(C=C(S%13)/C=C%14C(C%15=C(C=CC(F)=C%15)C\%14=C(C#N)\C#N)=O)S%12)S4)S3,5.76,10.56,0.62,0.88
PBDTTFTQ-DO,FC1=CC(C2=CCC(C)S2)=C3C(N=C(C(C4=CC=CC(OCCCCCCCC)=C4)=N3)C5=CC=CC(OCCCCCCCC)=C5)=C1C6=CC=C(S6)C7=CC8=C(C9=C(C(C%10=CC(CCCCCCCC)=C(S%10)CCCCCCCC)=C8S7)C=C(C)S9)C%11=CC(CCCCCCCC)=C(S%11)CCCCCCCC,ITIC-Th1,O=C(C1=C(C=CC(F)=C1)C/2=C(C#N)\C#N)C2=C/C3=CC4=C(C(C5(C6=CC=C(S6)CCCCCC)C(S7)=CC=C7CCCCCC)=C(C(C=C8C9(C%10=CC=C(S%10)CCCCCC)C%11=CC=C(S%11)CCCCCC)=C5C=C8C%12=C9C%13=C(C=C(S%13)/C=C%14C(C%15=C(C=CC(F)=C%15)C\%14=C(C#N)\C#N)=O)S%12)S4)S3,6.92,13.35,0.617,0.84
PBDTTF-FTTE,O=C(C1=C(F)C2=C(C)SC(C3=CC4=C(C5=C(C(C6=CC(F)=C(CCCCCCCC)S6)=C4S3)C=C(C)S5)C7=CC(F)=C(CCCCCCCC)S7)=C2S1)[O]CCCCCCCC,ITIC-Th,O=C(C1=CC=CC=C1C/2=C(C#N)\C#N)C2=C/C3=CC4=C(C(C(C5=CC=C(CCCCCC)S5)(C6=C7C=C8C(C9=CC=C(S9)CCCCCC)(C%10=CC=C(S%10)CCCCCC)C%11=C(SC%12=C%11SC(/C=C%13C(C%14=CC=CC=C%14C\%13=C(C#N)\C#N)=O)=C%12)C8=C6)C(S%15)=CC=C%15CCCCCC)=C7S4)S3,7.9,13.1,0.571,0.995
PBDT-TDZ,CC1=CC(C(C2=CC=C(CC(CCCC)CCCCCC)S2)=C3SC(C4=C(CCCCCCCC)C=C(C5=NN=C(S5)C6=CC(CCCCCCCC)=C(S6)C)S4)=CC3=C7C8=CC=C(CC(CCCCCC)CCCC)S8)=C7S1,ITIC,c12cc3c(cc1C(c1c2sc2c1sc(c2)/C=C\1/C(=C(C#N)C#N)c2c(C1=O)cccc2)(c1ccc(cc1)CCCCCC)c1ccc(cc1)CCCCCC)c1c(C3(c2ccc(cc2)CCCCCC)c2ccc(cc2)CCCCCC)c2c(s1)cc(s2)/C=C\1/C(=C(C#N)C#N)c2c(C1=O)cccc2,11.72,17.15,0.677,1.01
PBDTT-DPP,CC1=CC(C(S1)=C(C2=C3SC(C4=CC=C(C5=C6C(C(N5CC(CCCCCC)CCCC)=O)=C(C7=CC=C(C)S7)N(CC(CCCC)CCCCCC)C6=O)S4)=C2)C8=CC=C(S8)CC(CCCC)CC)=C3C9=CC=C(CC(CC)CCCC)S9,ITIC,c12cc3c(cc1C(c1c2sc2c1sc(c2)/C=C\1/C(=C(C#N)C#N)c2c(C1=O)cccc2)(c1ccc(cc1)CCCCCC)c1ccc(cc1)CCCCCC)c1c(C3(c2ccc(cc2)CCCCCC)c2ccc(cc2)CCCCCC)c2c(s1)cc(s2)/C=C\1/C(=C(C#N)C#N)c2c(C1=O)cccc2,3.7,7.4,0.592,0.844
PBDTT-DPP,CC1=CC(C(S1)=C(C2=C3SC(C4=CC=C(C5=C6C(C(N5CC(CCCCCC)CCCC)=O)=C(C7=CC=C(C)S7)N(CC(CCCC)CCCCCC)C6=O)S4)=C2)C8=CC=C(S8)CC(CCCC)CC)=C3C9=CC=C(CC(CC)CCCC)S9,IEICO-4F,FC1=CC2=C(C(/C(C2=O)=C/C3=CC(OCC(CC)CCCC)=C(S3)C4=CC5=C(S4)C6=CC(C7(C8=CC=C(CCCCCC)C=C8)C9=CC=C(CCCCCC)C=C9)=C(C%10=C7C=C(S%10)C%11=C(OCC(CC)CCCC)C=C(S%11)/C=C(/C(C%12=C%13C=C(F)C(F)=C%12)=C(C#N)\C#N)C%13=O)C=C6C5(C%14=CC=C(CCCCCC)C=C%14)C%15=CC=C(CCCCCC)C=C%15)=C(C#N)/C#N)C=C1F,8.14,18.5,0.648,0.679
PBDT-T-2F,O=C(C1=C(SC(CCCCCCCC)=C12)CCCCCCCC)C3=C(SC(C4=CC=C(C)S4)=C3C2=O)C(S5)=CC=C5C6=CC7C(C8=CC(F)=C(CCCCCCCC)C8)C9C(C=C(S9)C)C(C%10=CC(F)=C(S%10)CCCCCCCC)=C7S6,IT-4Cl,O=C(C1=CC(Cl)=C(C=C1C/2=C(C#N)\C#N)Cl)C2=C/C3=CC4=C(C(C5(C6=CC=C(C=C6)CCCCCC)C(C=C7)=CC=C7CCCCCC)=C(C8=CC9=C(C%10=C(C9(C%11=CC=C(C=C%11)CCCCCC)C%12=CC=C(C=C%12)CCCCCC)C%13=C(C=C(S%13)/C=C%14C(C%15=CC(Cl)=C(C=C%15C\%14=C(C#N)\C#N)Cl)=O)S%10)C=C85)S4)S3,13.45,22.67,0.752,0.79
PBDT-T-2F,O=C(C1=C(SC(CCCCCCCC)=C12)CCCCCCCC)C3=C(SC(C4=CC=C(C)S4)=C3C2=O)C(S5)=CC=C5C6=CC7C(C8=CC(F)=C(CCCCCCCC)C8)C9C(C=C(S9)C)C(C%10=CC(F)=C(S%10)CCCCCCCC)=C7S6,IT-2Cl,O=C(C/1=C\C2=CC3=C(S2)C(C4(C5=CC=C(CCCCCC)C=C5)C6=CC=C(CCCCCC)C=C6)=C(S3)C7=CC8=C(C=C74)C9=C(C%10=C(S9)C=C(/C=C%11C(C%12=CC=C(Cl)C=C%12C\%11=C(C#N)/C#N)=O)S%10)C8(C%13=CC=C(CCCCCC)C=C%13)C%14=CC=C(CCCCCC)C=C%14)C%15=CC=C(Cl)C=C%15C1=C(C#N)/C#N,13.16,19.08,0.748,0.922
PBDTT,CC(SC1=C(C2=C3SC(C)=C2)C4=CC=C(S4)CC(CCCC)CC)=CC1=C3C5=CC=C(S5)CC(CC)CCCC,IDIC,N#C/C(C#N)=C(C1=CC=CC=C1C2=O)/C2=C/C3=CC4=C(C5=C(C=C6C(C(CCCCCC)(CCCCCC)C7=C6SC(/C=C8/C(C9=CC=CC=C9C8=O)=C(C#N)/C#N)=C7)=C5)C4(CCCCCC)CCCCCC)S3,5.3,13.7,0.439,0.88
PBDTS-TZNT,CC1=CC(C(S1)=C(C2=C3SC(C4=CC=C(C(C5=NN(CC(CCCCCC)CCCC)N=C65)=CC(C7=NN(CC(CCCCCC)CCCC)N=C87)=C6C=C8C9=CC=C(C)S9)S4)=C2)C%10=CC([H])=C(SCC(CCCC)CCCCCC)S%10)=C3C%11=CC([H])=C(S%11)SCC(CCCCCC)CCCC,ITIC,c12cc3c(cc1C(c1c2sc2c1sc(c2)/C=C\1/C(=C(C#N)C#N)c2c(C1=O)cccc2)(c1ccc(cc1)CCCCCC)c1ccc(cc1)CCCCCC)c1c(C3(c2ccc(cc2)CCCCCC)c2ccc(cc2)CCCCCC)c2c(s1)cc(s2)/C=C\1/C(=C(C#N)C#N)c2c(C1=O)cccc2,10.45,16.92,0.657,0.94
PBDTS-TZNT,CC1=CC(C(S1)=C(C2=C3SC(C4=CC=C(C(C5=NN(CC(CCCCCC)CCCC)N=C65)=CC(C7=NN(CC(CCCCCC)CCCC)N=C87)=C6C=C8C9=CC=C(C)S9)S4)=C2)C%10=CC([H])=C(SCC(CCCC)CCCCCC)S%10)=C3C%11=CC([H])=C(S%11)SCC(CCCCCC)CCCC,IT-4F,c1(cc2c(cc1F)C(=O)/C(=C\c1cc3c(s1)c1c(s3)c3c(C1(c1ccc(cc1)CCCCCC)c1ccc(cc1)CCCCCC)cc1c(c3)C(c3c1sc1c3sc(c1)/C=C/1\C(=O)c3c(C1=C(C#N)C#N)cc(c(c3)F)F)(c1ccc(cc1)CCCCCC)c1ccc(cc1)CCCCCC)/C2=C(C#N)C#N)F,11.31,18.65,0.689,0.88
PBDTS-TZNT,CC1=CC(C(S1)=C(C2=C3SC(C4=CC=C(C(C5=NN(CC(CCCCCC)CCCC)N=C65)=CC(C7=NN(CC(CCCCCC)CCCC)N=C87)=C6C=C8C9=CC=C(C)S9)S4)=C2)C%10=CC([H])=C(SCC(CCCC)CCCCCC)S%10)=C3C%11=CC([H])=C(S%11)SCC(CCCCCC)CCCC,ITIC,c12cc3c(cc1C(c1c2sc2c1sc(c2)/C=C\1/C(=C(C#N)C#N)c2c(C1=O)cccc2)(c1ccc(cc1)CCCCCC)c1ccc(cc1)CCCCCC)c1c(C3(c2ccc(cc2)CCCCCC)c2ccc(cc2)CCCCCC)c2c(s1)cc(s2)/C=C\1/C(=C(C#N)C#N)c2c(C1=O)cccc2,12.16,17.58,0.706,0.98
PBDTS-TZNT,CC1=CC(C(S1)=C(C2=C3SC(C4=CC=C(C(C5=NN(CC(CCCCCC)CCCC)N=C65)=CC(C7=NN(CC(CCCCCC)CCCC)N=C87)=C6C=C8C9=CC=C(C)S9)S4)=C2)C%10=CC([H])=C(SCC(CCCC)CCCCCC)S%10)=C3C%11=CC([H])=C(S%11)SCC(CCCCCC)CCCC,IT-4F,c1(cc2c(cc1F)C(=O)/C(=C\c1cc3c(s1)c1c(s3)c3c(C1(c1ccc(cc1)CCCCCC)c1ccc(cc1)CCCCCC)cc1c(c3)C(c3c1sc1c3sc(c1)/C=C/1\C(=O)c3c(C1=C(C#N)C#N)cc(c(c3)F)F)(c1ccc(cc1)CCCCCC)c1ccc(cc1)CCCCCC)/C2=C(C#N)C#N)F,13.25,19.23,0.741,0.93
PBDTS-TDZ,CC1=CC(C(C2=CC=C(SCC(CCCCCC)CCCC)S2)=C3SC(C4=C(CCCCCCCC)C=C(C5=NN=C(S5)C6=CC(CCCCCCCC)=C(S6)C)S4)=CC3=C7C8=CC=C(SCC(CCCC)CCCCCC)S8)=C7S1,ITIC,c12cc3c(cc1C(c1c2sc2c1sc(c2)/C=C\1/C(=C(C#N)C#N)c2c(C1=O)cccc2)(c1ccc(cc1)CCCCCC)c1ccc(cc1)CCCCCC)c1c(C3(c2ccc(cc2)CCCCCC)c2ccc(cc2)CCCCCC)c2c(s1)cc(s2)/C=C\1/C(=C(C#N)C#N)c2c(C1=O)cccc2,12.8,17.78,0.654,1.1
PBDTS-NQx,CC1=CC=C(C2=CC(C(N=C(C(C3=CC=C(S3)CCCCCCCC)=N4)C5=CC=C(S5)CCCCCCCC)=C4C(C6=CC=C(C7=CC8=C(C9=CC=C(SCC(CCCC)CCCCCC)S9)C(SC(C)=C%10)=C%10C(C%11=CC=C(SCC(CCCC)CCCCCC)S%11)=C8S7)S6)=C%12)=C%12C%13=C2N=C(C%14=CC=C(S%14)CCCCCCCC)C(C%15=CC=C(S%15)CCCCCCCC)=N%13)S1,ITIC,c12cc3c(cc1C(c1c2sc2c1sc(c2)/C=C\1/C(=C(C#N)C#N)c2c(C1=O)cccc2)(c1ccc(cc1)CCCCCC)c1ccc(cc1)CCCCCC)c1c(C3(c2ccc(cc2)CCCCCC)c2ccc(cc2)CCCCCC)c2c(s1)cc(s2)/C=C\1/C(=C(C#N)C#N)c2c(C1=O)cccc2,11.47,17.86,0.698,0.92
PBDTSi-TA,FC(C(F)=C(C1=NN(N=C21)CC(CCCCCCCC)CCCCCC)C3=CC=C(S3)C4=CC5=C(C6=C(C(C7=CC=C(S7)C#C[Si](C(C)C)(C(C)C)C(C)C)=C5S4)C=C(C)S6)C8=CC=C(S8)C#C[Si](C(C)C)(C(C)C)C(C)C)=C2C9=CC=C(C)S9,ITIC,c12cc3c(cc1C(c1c2sc2c1sc(c2)/C=C\1/C(=C(C#N)C#N)c2c(C1=O)cccc2)(c1ccc(cc1)CCCCCC)c1ccc(cc1)CCCCCC)c1c(C3(c2ccc(cc2)CCCCCC)c2ccc(cc2)CCCCCC)c2c(s1)cc(s2)/C=C\1/C(=C(C#N)C#N)c2c(C1=O)cccc2,7.51,14.09,0.553,0.96
PBDTSi-Qx,FC(C(F)=C(C1=C2C=C(C3=CC=CC(OCCCCCCCC)=C3)C(C4=CC(OCCCCCCCC)=CC=C4)=C1)C5=CC=C(S5)C6=CC7=C(C8=C(C(C9=CC=C(S9)C#C[Si](C(C)C)(C(C)C)C(C)C)=C7S6)C=C(C)S8)C%10=CC=C(S%10)C#C[Si](C(C)C)(C(C)C)C(C)C)=C2C%11=CC=C(C)S%11,ITIC,c12cc3c(cc1C(c1c2sc2c1sc(c2)/C=C\1/C(=C(C#N)C#N)c2c(C1=O)cccc2)(c1ccc(cc1)CCCCCC)c1ccc(cc1)CCCCCC)c1c(C3(c2ccc(cc2)CCCCCC)c2ccc(cc2)CCCCCC)c2c(s1)cc(s2)/C=C\1/C(=C(C#N)C#N)c2c(C1=O)cccc2,4.38,9.47,0.509,0.91
PBDTSF-FBT,CC1=CC(C(C2=CC(F)=C(SCC(CCCC)CCCCCC)S2)=C3SC(C4=C(CCCCCCCC)C=C(C5=C(C(F)=C(C6=NSN=C56)C7=CC(CCCCCCCC)=C(S7)C)F)S4)=CC3=C8C9=CC(F)=C(SCC(CCCCCC)CCCC)S9)=C8S1,ITIC,c12cc3c(cc1C(c1c2sc2c1sc(c2)/C=C\1/C(=C(C#N)C#N)c2c(C1=O)cccc2)(c1ccc(cc1)CCCCCC)c1ccc(cc1)CCCCCC)c1c(C3(c2ccc(cc2)CCCCCC)c2ccc(cc2)CCCCCC)c2c(s1)cc(s2)/C=C\1/C(=C(C#N)C#N)c2c(C1=O)cccc2,11.66,16.88,0.652,1.01
PBDTS-FBT,CC1=CC(C(C2=CC=C(SCC(CCCC)CCCCCC)S2)=C3SC(C4=C(CCCCCCCC)C=C(C5=C(C(F)=C(C6=NSN=C56)C7=CC(CCCCCCCC)=C(S7)C)F)S4)=CC3=C8C9=CC=C(SCC(CCCCCC)CCCC)S9)=C8S1,ITIC,c12cc3c(cc1C(c1c2sc2c1sc(c2)/C=C\1/C(=C(C#N)C#N)c2c(C1=O)cccc2)(c1ccc(cc1)CCCCCC)c1ccc(cc1)CCCCCC)c1c(C3(c2ccc(cc2)CCCCCC)c2ccc(cc2)CCCCCC)c2c(s1)cc(s2)/C=C\1/C(=C(C#N)C#N)c2c(C1=O)cccc2,8.58,14.44,0.638,0.87
PBDTSe-FTTE,O=C(C1=C(F)C2=C(C)SC(C3=CC4=C(C5=C(C(C6=CC=C(CCCCCCCC)[Se]6)=C4S3)C=C(C)S5)C7=CC=C(CCCCCCCC)[Se]7)=C2S1)[O]CCCCCCCC,ITIC-Th,O=C(C1=CC=CC=C1C/2=C(C#N)\C#N)C2=C/C3=CC4=C(C(C(C5=CC=C(CCCCCC)S5)(C6=C7C=C8C(C9=CC=C(S9)CCCCCC)(C%10=CC=C(S%10)CCCCCC)C%11=C(SC%12=C%11SC(/C=C%13C(C%14=CC=CC=C%14C\%13=C(C#N)\C#N)=O)=C%12)C8=C6)C(S%15)=CC=C%15CCCCCC)=C7S4)S3,7.42,15.6,0.594,0.785
PBDT-S-2TC,CC1=CC(C(C2=CC=C(S2)SC(CC)CCCC)=C3SC(C4=CC(C(OCC(CCCCCC)CCCC)=O)=C(S4)C5=CC=C(S5)C)=CC3=C6C7=CC=C(S7)SC(CCCC)CC)=C6S1,ITIC,c12cc3c(cc1C(c1c2sc2c1sc(c2)/C=C\1/C(=C(C#N)C#N)c2c(C1=O)cccc2)(c1ccc(cc1)CCCCCC)c1ccc(cc1)CCCCCC)c1c(C3(c2ccc(cc2)CCCCCC)c2ccc(cc2)CCCCCC)c2c(s1)cc(s2)/C=C\1/C(=C(C#N)C#N)c2c(C1=O)cccc2,10.12,16.4,0.643,0.96
PBDT-ODZ,CC(S1)=C(CCCCCCCC)C=C1C(O2)=NN=C2C3=CC(CCCCCCCC)=C(C4=CC5=C(C6=C(C(C7=CC=C(S7)CC(CCCCCC)CCCCCCCC)=C5S4)C=C(C)S6)C8=CC=C(S8)CC(CCCCCCCC)CCCCCC)S3,ITIC-Th,O=C(C1=CC=CC=C1C/2=C(C#N)\C#N)C2=C/C3=CC4=C(C(C(C5=CC=C(CCCCCC)S5)(C6=C7C=C8C(C9=CC=C(S9)CCCCCC)(C%10=CC=C(S%10)CCCCCC)C%11=C(SC%12=C%11SC(/C=C%13C(C%14=CC=CC=C%14C\%13=C(C#N)\C#N)=O)=C%12)C8=C6)C(S%15)=CC=C%15CCCCCC)=C7S4)S3,12.34,17.02,0.681,1.06
PBDT-NQx,CC1=CC=C(C2=CC(C(N=C(C(C3=CC=C(S3)CCCCCCCC)=N4)C5=CC=C(S5)CCCCCCCC)=C4C(C6=CC=C(C7=CC8=C(C9=CC=C(CC(CCCCCC)CCCC)S9)C(SC(C)=C%10)=C%10C(C%11=CC=C(CC(CCCCCC)CCCC)S%11)=C8S7)S6)=C%12)=C%12C%13=C2N=C(C%14=CC=C(S%14)CCCCCCCC)C(C%15=CC=C(S%15)CCCCCCCC)=N%13)S1,ITIC,c12cc3c(cc1C(c1c2sc2c1sc(c2)/C=C\1/C(=C(C#N)C#N)c2c(C1=O)cccc2)(c1ccc(cc1)CCCCCC)c1ccc(cc1)CCCCCC)c1c(C3(c2ccc(cc2)CCCCCC)c2ccc(cc2)CCCCCC)c2c(s1)cc(s2)/C=C\1/C(=C(C#N)C#N)c2c(C1=O)cccc2,9.11,16.1,0.646,0.87
PBDT-FBT,CC1=CC(C(C2=CC=C(CC(CCCCCC)CCCC)S2)=C3SC(C4=C(CCCCCCCC)C=C(C5=C(C(F)=C(C6=NSN=C56)C7=CC(CCCCCCCC)=C(S7)C)F)S4)=CC3=C8C9=CC=C(CC(CCCC)CCCCCC)S9)=C8S1,ITIC,c12cc3c(cc1C(c1c2sc2c1sc(c2)/C=C\1/C(=C(C#N)C#N)c2c(C1=O)cccc2)(c1ccc(cc1)CCCCCC)c1ccc(cc1)CCCCCC)c1c(C3(c2ccc(cc2)CCCCCC)c2ccc(cc2)CCCCCC)c2c(s1)cc(s2)/C=C\1/C(=C(C#N)C#N)c2c(C1=O)cccc2,7.15,13.51,0.613,0.8
PBDTF-BT,CC1=CC(C(C2=CC=C(CC(CCCC)CCCCCC)S2)=C3SC(C4=C(CCCCCCCC)C=C(C5=C(C(F)=C(C6=NSN=C56)C7=CC(CCCCCCCC)=C(S7)C)F)S4)=CC3=C8C9=CC=C(CC(CCCC)CCCCCC)S9)=C8S1,ITIC,c12cc3c(cc1C(c1c2sc2c1sc(c2)/C=C\1/C(=C(C#N)C#N)c2c(C1=O)cccc2)(c1ccc(cc1)CCCCCC)c1ccc(cc1)CCCCCC)c1c(C3(c2ccc(cc2)CCCCCC)c2ccc(cc2)CCCCCC)c2c(s1)cc(s2)/C=C\1/C(=C(C#N)C#N)c2c(C1=O)cccc2,9.17,15.22,0.645,0.89
PBDT-DFQX1,FC(C(F)=C(C(N=C1C2=CC=CC(OCCCCCCCC)=C2)=C3N=C1C4=CC=CC(OCCCCCCCC)=C4)C5=CC=C(S5)C)=C3C(S6)=CC=C6C7=CC(C(S7)=C(C8=C9SC(C)=C8)C%10=CC=C(S%10)SCCCCCCCC)=C9C%11=CC=C(S%11)SCCCCCCCC,O-IDTBR,O=C(/C(S1)=C/C(C2=NSN=C32)=CC=C3C(S4)=CC(C5(C6=CC=C(CCCCCC)C=C6)C7=CC=C(CCCCCC)C=C7)=C4C(C=C89)=C5C=C8C(SC(C%10=CC=C(/C=C%11SC(N(CC)C\%11=O)=S)C%12=NSN=C%10%12)=C%13)=C%13C9(C%14=CC=C(CCCCCC)C=C%14)C%15=CC=C(CCCCCC)C=C%15)N(CC)C1=S,8.67,14.0,0.579,1.07
PBDT-BZ,CC(S1)=CC=C1C(C2=NN(CC(CCCCCCCC)CCCCCC)N=C32)=C(F)C(F)=C3C4=CC=C(C(S5)=CC(C5=C6C7=CC=C(SCC(CCCC)CCCCCC)S7)=C(C8=CC=C(SCC(CCCC)CCCCCC)S8)C9=C6C=C(C)S9)S4,BDTB-Ph,O=C(C(C=CC=C1)=C1C/2=C(C#N)\C#N)C2=C\C3=CC(C(C4=CC=C(CCCCCC)C=C4)(C5=CC=C(CCCCCC)C=C5)C6=C7SC8=C6C(C9=CC=C(C=C9)SCC(CC)CCCC)=C%10SC(C%11=C(C%12(C%13=CC=C(CCCCCC)C=C%13)C%14=CC=C(CCCCCC)C=C%14)C=C(/C=C%15C(C(C=CC=C%16)=C%16C/%15=C(C#N)/C#N)=O)S%11)=C%12C%10=C8C%17=CC=C(C=C%17)SCC(CCCC)CC)=C7S3,10.59,17.52,0.645,0.918
PBDT-BZ,CC(S1)=CC=C1C(C2=NN(CC(CCCCCCCC)CCCCCC)N=C32)=C(F)C(F)=C3C4=CC=C(C(S5)=CC(C5=C6C7=CC=C(SCC(CCCC)CCCCCC)S7)=C(C8=CC=C(SCC(CCCC)CCCCCC)S8)C9=C6C=C(C)S9)S4,BDTB-Na,O=C(C(C=C(C=CC=C1)C1=C2)=C2C/3=C(C#N)\C#N)C3=C\C4=CC(C(C5=CC=C(CCCCCC)C=C5)(C6=CC=C(CCCCCC)C=C6)C7=C8SC9=C7C(C%10=CC=C(C=C%10)SCC(CC)CCCC)=C%11SC(C%12=C(C%13(C%14=CC=C(CCCCCC)C=C%14)C%15=CC=C(CCCCCC)C=C%15)C=C(/C=C%16C(C(C=C(C=CC=C%17)C%17=C%18)=C%18C/%16=C(C#N)/C#N)=O)S%12)=C%13C%11=C9C%19=CC=C(C=C%19)SCC(CCCC)CC)=C8S4,10.14,17.66,0.626,0.888
PBDT-BZ,CC(S1)=CC=C1C(C2=NN(CC(CCCCCCCC)CCCCCC)N=C32)=C(F)C(F)=C3C4=CC=C(C(S5)=CC(C5=C6C7=CC=C(SCC(CCCC)CCCCCC)S7)=C(C8=CC=C(SCC(CCCC)CCCCCC)S8)C9=C6C=C(C)S9)S4,TBDB-Ph,O=C(C(C=CC=C1)=C1C/2=C(C#N)\C#N)C2=C\C3=CC(C(C4=CC=C(CCCCCC)C=C4)(C5=CC=C(CCCCCC)C=C5)C6=C7SC8=C6C(C9=CC=C(C=C9)SCC(CC)CCCC)=C%10C(C(SC%11=C%12C(C%13=CC=C(C=C%13)CCCCCC)(C%14=C%11SC(/C=C%15C(C(C=CC=C%16)=C%16C/%15=C(C#N)/C#N)=O)=C%14)C%17=CC=C(C=C%17)CCCCCC)=C%12S%10)=C8C%18=CC=C(C=C%18)SCC(CCCC)CC)=C7S3,4.04,9.81,0.428,0.921
PBDT-BZ,CC(S1)=CC=C1C(C2=NN(CC(CCCCCCCC)CCCCCC)N=C32)=C(F)C(F)=C3C4=CC=C(C(S5)=CC(C5=C6C7=CC=C(SCC(CCCC)CCCCCC)S7)=C(C8=CC=C(SCC(CCCC)CCCCCC)S8)C9=C6C=C(C)S9)S4,TBDB-Na,O=C(C(C=C(C=CC=C1)C1=C2)=C2C/3=C(C#N)\C#N)C3=C\C4=CC(C(C5=CC=C(CCCCCC)C=C5)(C6=CC=C(CCCCCC)C=C6)C7=C8SC9=C7C(C%10=CC=C(C=C%10)SCC(CC)CCCC)=C%11C(C(SC%12=C%13C(C%14=CC=C(C=C%14)CCCCCC)(C%15=C%12SC(/C=C%16C(C(C=C(C=CC=C%17)C%17=C%18)=C%18C/%16=C(C#N)/C#N)=O)=C%15)C%19=CC=C(C=C%19)CCCCCC)=C%13S%11)=C9C%20=CC=C(C=C%20)SCC(CCCC)CC)=C8S4,6.32,13.02,0.516,0.903
PBDT-BZ,CC(S1)=CC=C1C(C2=NN(CC(CCCCCCCC)CCCCCC)N=C32)=C(F)C(F)=C3C4=CC=C(C(S5)=CC(C5=C6C7=CC=C(SCC(CCCC)CCCCCC)S7)=C(C8=CC=C(SCC(CCCC)CCCCCC)S8)C9=C6C=C(C)S9)S4,BDTB-Ph,O=C(C(C=CC=C1)=C1C/2=C(C#N)\C#N)C2=C\C3=CC(C(C4=CC=C(CCCCCC)C=C4)(C5=CC=C(CCCCCC)C=C5)C6=C7SC8=C6C(C9=CC=C(C=C9)SCC(CC)CCCC)=C%10SC(C%11=C(C%12(C%13=CC=C(CCCCCC)C=C%13)C%14=CC=C(CCCCCC)C=C%14)C=C(/C=C%15C(C(C=CC=C%16)=C%16C/%15=C(C#N)/C#N)=O)S%11)=C%12C%10=C8C%17=CC=C(C=C%17)SCC(CCCC)CC)=C7S3,9.26,16.54,0.585,0.926
PBDT-BZ,CC(S1)=CC=C1C(C2=NN(CC(CCCCCCCC)CCCCCC)N=C32)=C(F)C(F)=C3C4=CC=C(C(S5)=CC(C5=C6C7=CC=C(SCC(CCCC)CCCCCC)S7)=C(C8=CC=C(SCC(CCCC)CCCCCC)S8)C9=C6C=C(C)S9)S4,BDTB-Na,O=C(C(C=C(C=CC=C1)C1=C2)=C2C/3=C(C#N)\C#N)C3=C\C4=CC(C(C5=CC=C(CCCCCC)C=C5)(C6=CC=C(CCCCCC)C=C6)C7=C8SC9=C7C(C%10=CC=C(C=C%10)SCC(CC)CCCC)=C%11SC(C%12=C(C%13(C%14=CC=C(CCCCCC)C=C%14)C%15=CC=C(CCCCCC)C=C%15)C=C(/C=C%16C(C(C=C(C=CC=C%17)C%17=C%18)=C%18C/%16=C(C#N)/C#N)=O)S%12)=C%13C%11=C9C%19=CC=C(C=C%19)SCC(CCCC)CC)=C8S4,10.03,18.25,0.61,0.875
PBDT-BZ,CC(S1)=CC=C1C(C2=NN(CC(CCCCCCCC)CCCCCC)N=C32)=C(F)C(F)=C3C4=CC=C(C(S5)=CC(C5=C6C7=CC=C(SCC(CCCC)CCCCCC)S7)=C(C8=CC=C(SCC(CCCC)CCCCCC)S8)C9=C6C=C(C)S9)S4,TBDB-Ph,O=C(C(C=CC=C1)=C1C/2=C(C#N)\C#N)C2=C\C3=CC(C(C4=CC=C(CCCCCC)C=C4)(C5=CC=C(CCCCCC)C=C5)C6=C7SC8=C6C(C9=CC=C(C=C9)SCC(CC)CCCC)=C%10C(C(SC%11=C%12C(C%13=CC=C(C=C%13)CCCCCC)(C%14=C%11SC(/C=C%15C(C(C=CC=C%16)=C%16C/%15=C(C#N)/C#N)=O)=C%14)C%17=CC=C(C=C%17)CCCCCC)=C%12S%10)=C8C%18=CC=C(C=C%18)SCC(CCCC)CC)=C7S3,11.06,17.94,0.65,0.923
PBDT-BZ,CC(S1)=CC=C1C(C2=NN(CC(CCCCCCCC)CCCCCC)N=C32)=C(F)C(F)=C3C4=CC=C(C(S5)=CC(C5=C6C7=CC=C(SCC(CCCC)CCCCCC)S7)=C(C8=CC=C(SCC(CCCC)CCCCCC)S8)C9=C6C=C(C)S9)S4,TBDB-Na,O=C(C(C=C(C=CC=C1)C1=C2)=C2C/3=C(C#N)\C#N)C3=C\C4=CC(C(C5=CC=C(CCCCCC)C=C5)(C6=CC=C(CCCCCC)C=C6)C7=C8SC9=C7C(C%10=CC=C(C=C%10)SCC(CC)CCCC)=C%11C(C(SC%12=C%13C(C%14=CC=C(C=C%14)CCCCCC)(C%15=C%12SC(/C=C%16C(C(C=C(C=CC=C%17)C%17=C%18)=C%18C/%16=C(C#N)/C#N)=O)=C%15)C%19=CC=C(C=C%19)CCCCCC)=C%13S%11)=C9C%20=CC=C(C=C%20)SCC(CCCC)CC)=C8S4,12.47,19.5,0.692,0.905
PBDTBDD,CC(S1)=CC=C1C2=C3C(C(C4=C(SC(CC(CCCC)CC)=C4C3=O)CC(CCCC)CC)=O)=C(S2)C5=CC=C(C6=CC7=C(C(C8=CC=C(CC(CCCC)CC)S8)=C(C=C(C)S9)C9=C7C%10=CC=C(CC(CCCC)CC)S%10)S6)S5,IEICO,O=C1C(/C(C2=C1C=CC=C2)=C(C#N)\C#N)=C\C3=CC(OCC(CCCC)CC)=C(C4=CC(C(C5=CC(C6=C7C=C(C8=C(C=C(/C=C(C9=O)/C(C%10=C9C=CC=C%10)=C(C#N)\C#N)S8)OCC(CCCC)CC)S6)=C(C7(C%11=CC=C(C=C%11)CCCCCC)C%12=CC=C(C=C%12)CCCCCC)C=C%135)(C%14=CC=C(C=C%14)CCCCCC)C(C=C%15)=CC=C%15CCCCCC)=C%13S4)S3,4.31,10.16,0.522,0.88
PBDT-AFBT,FC(C(OCC(CCCCCC)CCCCCCCC)=C(C1=NSN=C21)C3=CC=C(S3)C4=CC5=C(C6=C(C(C7=CC=C(S7)CC(CCCC)CC)=C5S4)C=C(C)S6)C8=CC=C(S8)CC(CC)CCCC)=C2C9=CC=C(C)S9,IDTCN-O,O=C(C1=C(C=C(F)C(F)=C1)C/2=C(C#N)\C#N)C2=C/C(S3)=C(OCCCCCC)C=C3C4=CC(C5(C6=CC=C(C=C6)CCCCCC)C7=CC=C(CCCCCC)C=C7)=C(C(C=C8C9(C%10=CC=C(CCCCCC)C=C%10)C%11=CC=C(CCCCCC)C=C%11)=C5C=C8C%12=C9C=C(C%13=CC(OCCCCCC)=C(S%13)/C=C%14C(C%15=C(C=C(F)C(F)=C%15)C\%14=C(C#N)\C#N)=O)S%12)S4,12.33,21.48,0.657,0.86
PBDT-AFBT,FC(C(OCC(CCCCCC)CCCCCCCC)=C(C1=NSN=C21)C3=CC=C(S3)C4=CC5=C(C6=C(C(C7=CC=C(S7)CC(CCCC)CC)=C5S4)C=C(C)S6)C8=CC=C(S8)CC(CC)CCCC)=C2C9=CC=C(C)S9,ITOIC-2F,c12cc(c(cc1C(=O)/C(=C\c1sc(c(c1OCCCCCC)OCCCCCC)c1cc3c(s1)c1c(C3(c3ccc(cc3)CCCCCC)c3ccc(cc3)CCCCCC)cc3c(c1)C(c1c3sc(c1)c1c(c(c(s1)/C=C\1/C(=C(C#N)C#N)c3c(C1=O)cc(c(c3)F)F)OCCCCCC)OCCCCCC)(c1ccc(cc1)CCCCCC)c1ccc(cc1)CCCCCC)/C2=C(C#N)C#N)F)F,11.5,20.72,0.629,0.869
PBDT-AFBT,FC(C(OCC(CCCCCC)CCCCCCCC)=C(C1=NSN=C21)C3=CC=C(S3)C4=CC5=C(C6=C(C(C7=CC=C(S7)CC(CCCC)CC)=C5S4)C=C(C)S6)C8=CC=C(S8)CC(CC)CCCC)=C2C9=CC=C(C)S9,IEICO-4F,FC1=CC2=C(C(/C(C2=O)=C/C3=CC(OCC(CC)CCCC)=C(S3)C4=CC5=C(S4)C6=CC(C7(C8=CC=C(CCCCCC)C=C8)C9=CC=C(CCCCCC)C=C9)=C(C%10=C7C=C(S%10)C%11=C(OCC(CC)CCCC)C=C(S%11)/C=C(/C(C%12=C%13C=C(F)C(F)=C%12)=C(C#N)\C#N)C%13=O)C=C6C5(C%14=CC=C(CCCCCC)C=C%14)C%15=CC=C(CCCCCC)C=C%15)=C(C#N)/C#N)C=C1F,9.4,22.92,0.545,0.744
PBDT-2TC,CC1=CC(C(C2=CC=C(S2)CC(CC)CCCC)=C3SC(C4=CC(C(OCC(CCCCCC)CCCC)=O)=C(S4)C5=CC=C(S5)C)=CC3=C6C7=CC=C(S7)CC(CCCC)CC)=C6S1,ITIC,c12cc3c(cc1C(c1c2sc2c1sc(c2)/C=C\1/C(=C(C#N)C#N)c2c(C1=O)cccc2)(c1ccc(cc1)CCCCCC)c1ccc(cc1)CCCCCC)c1c(C3(c2ccc(cc2)CCCCCC)c2ccc(cc2)CCCCCC)c2c(s1)cc(s2)/C=C\1/C(=C(C#N)C#N)c2c(C1=O)cccc2,9.35,15.3,0.657,0.93
PBDT[2F]T,CC1=CC(C(OCC(CCCC)CC)=C2SC(C3=C(F)C(F)=C(C)S3)=CC2=C4OCC(CCCC)CC)=C4S1,ITIC,c12cc3c(cc1C(c1c2sc2c1sc(c2)/C=C\1/C(=C(C#N)C#N)c2c(C1=O)cccc2)(c1ccc(cc1)CCCCCC)c1ccc(cc1)CCCCCC)c1c(C3(c2ccc(cc2)CCCCCC)c2ccc(cc2)CCCCCC)c2c(s1)cc(s2)/C=C\1/C(=C(C#N)C#N)c2c(C1=O)cccc2,5.6,11.6,0.53,0.94
PBDT(T)[2F]T,CC1=CC(C(C2=CC=C(S2)CC(CCCC)CC)=C3SC(C4=C(F)C(F)=C(C)S4)=CC3=C5C6=CC=C(S6)CC(CCCC)CC)=C5S1,ITIC,c12cc3c(cc1C(c1c2sc2c1sc(c2)/C=C\1/C(=C(C#N)C#N)c2c(C1=O)cccc2)(c1ccc(cc1)CCCCCC)c1ccc(cc1)CCCCCC)c1c(C3(c2ccc(cc2)CCCCCC)c2ccc(cc2)CCCCCC)c2c(s1)cc(s2)/C=C\1/C(=C(C#N)C#N)c2c(C1=O)cccc2,9.1,16.9,0.62,0.94
PBDD-CH-S,CC1=CC2=C(C3=C(C(C4=CC=C(S4)SCC)=C2S1)C=C(C5=C(CC6CCCCC6)C=C(C7=C(C(C8=C(SC(CC(CCCC)CC)=C8C9=O)CC(CCCC)CC)=O)C9=C(C%10=CC(CC%11CCCCC%11)=C(S%10)C)S7)S5)S3)C%12=CC=C(S%12)SCC,ITIC,c12cc3c(cc1C(c1c2sc2c1sc(c2)/C=C\1/C(=C(C#N)C#N)c2c(C1=O)cccc2)(c1ccc(cc1)CCCCCC)c1ccc(cc1)CCCCCC)c1c(C3(c2ccc(cc2)CCCCCC)c2ccc(cc2)CCCCCC)c2c(s1)cc(s2)/C=C\1/C(=C(C#N)C#N)c2c(C1=O)cccc2,9.63,14.73,0.658,0.96
PBDD-CH,CC1=CC2=C(C3=C(C(C4=CC=C(S4)C)=C2S1)C=C(C5=C(CC6CCCCC6)C=C(C7=C(C(C8=C(SC(CC(CCCC)CC)=C8C9=O)CC(CCCC)CC)=O)C9=C(C%10=CC(CC%11CCCCC%11)=C(S%10)C)S7)S5)S3)C%12=CC=C(S%12)C,ITIC,c12cc3c(cc1C(c1c2sc2c1sc(c2)/C=C\1/C(=C(C#N)C#N)c2c(C1=O)cccc2)(c1ccc(cc1)CCCCCC)c1ccc(cc1)CCCCCC)c1c(C3(c2ccc(cc2)CCCCCC)c2ccc(cc2)CCCCCC)c2c(s1)cc(s2)/C=C\1/C(=C(C#N)C#N)c2c(C1=O)cccc2,8.21,13.64,0.602,0.95
PBDB-T-SF,O=C(C1=C(SC(C2=CC=C(S2)C3=CC(C(C4=CC(F)=C(S4)SCCCCCCCC)=C5SC(C)=CC5=C6C7=CC(F)=C(S7)SCCCCCCCC)=C6S3)=C18)C9=CC=C(S9)C)C%10=C(SC(CCCCCCCC)=C%10C8=O)CCCCCCCC,IDIC,N#C/C(C#N)=C(C1=CC=CC=C1C2=O)/C2=C/C3=CC4=C(C5=C(C=C6C(C(CCCCCC)(CCCCCC)C7=C6SC(/C=C8/C(C9=CC=CC=C9C8=O)=C(C#N)/C#N)=C7)=C5)C4(CCCCCC)CCCCCC)S3,9.39,15.29,0.627,0.98
PBDB-T-SF,O=C(C1=C(SC(C2=CC=C(S2)C3=CC(C(C4=CC(F)=C(S4)SCCCCCCCC)=C5SC(C)=CC5=C6C7=CC(F)=C(S7)SCCCCCCCC)=C6S3)=C18)C9=CC=C(S9)C)C%10=C(SC(CCCCCCCC)=C%10C8=O)CCCCCCCC,ID4F,[F]C1=CC2=C(C(/C(C2=O)=C/C3=CC4=C(C(C=C5C(CCCCCC)(CCCCCC)C6=C(SC(/C=C7C(C8=C(C=C(F)C(F)=C8)C\7=C(C#N)\C#N)=O)=C6)C5=C9)=C9C4(CCCCCC)CCCCCC)S3)=C(C#N)\C#N)C=C1[F],10.35,17.42,0.725,0.82
PBDB-T-SF,O=C(C1=C(SC(C2=CC=C(S2)C3=CC(C(C4=CC(F)=C(S4)SCCCCCCCC)=C5SC(C)=CC5=C6C7=CC(F)=C(S7)SCCCCCCCC)=C6S3)=C18)C9=CC=C(S9)C)C%10=C(SC(CCCCCCCC)=C%10C8=O)CCCCCCCC,ITIC2,O=C(C1=C(C=CC=C1)C/2=C(C#N)\C#N)C2=C/C3=CC(C4(C5=CC=C(CCCCCC)C=C5)C6=CC=C(CCCCCC)C=C6)=C(C7=C4C(C(C8=CC=C(S8)CC(CCCC)CC)=C9SC%10=C(C(C%11=CC=C(CCCCCC)C=C%11)(C%12=CC=C(CCCCCC)C=C%12)C%13=C%10SC(/C=C%14C(C%15=C(C=CC=C%15)C\%14=C(C#N)\C#N)=O)=C%13)C9=C%16C%17=CC=C(S%17)CC(CC)CCCC)=C%16S7)S3,10.1,15.49,0.586,1.069
PBDB-T-SF,O=C(C1=C(SC(C2=CC=C(S2)C3=CC(C(C4=CC(F)=C(S4)SCCCCCCCC)=C5SC(C)=CC5=C6C7=CC(F)=C(S7)SCCCCCCCC)=C6S3)=C18)C9=CC=C(S9)C)C%10=C(SC(CCCCCCCC)=C%10C8=O)CCCCCCCC,ITIC-S,O=C(C1=C(C=CC=C1)C/2=C(C#N)/C#N)C2=C\C3=CC4=C(C5=C(C(C6=CC=C(CCCCCC)C=C6)4C7=CC=C(CCCCCC)C=C7)C8=C(S5)C(C9=CC=C(S9)SCC(CCCC)CC)=C%10C(C(C%11=CC=C(CCCCCC)C=C%11)(C%12=CC=C(CCCCCC)C=C%12)C%13=C%14SC(/C=C%15C(C%16=C(C=CC=C%16)C/%15=C(C#N)\C#N)=O)=C%13)=C%14SC%10=C8C(S%17)=CC=C%17SCC(CC)CCCC)S3,11.6,16.4,0.663,1.046
PBDB-T-SF,O=C(C1=C(SC(C2=CC=C(S2)C3=CC(C(C4=CC(F)=C(S4)SCCCCCCCC)=C5SC(C)=CC5=C6C7=CC(F)=C(S7)SCCCCCCCC)=C6S3)=C18)C9=CC=C(S9)C)C%10=C(SC(CCCCCCCC)=C%10C8=O)CCCCCCCC,Y6,O=C(C/1=C\C2=C(C3=C(S2)C(N4C5=CC=C(CCCCCC)C=C5)=C(C6=C4C7=C(C8=NSN=C68)C(SC9=C%10SC(/C=C%11C(C%12=CC(F)=C(C=C%12C\%11=C(C#N)/C#N)F)=O)=C9CCCCCCCCCCC)=C%10N7C%13=CC=C(CCCCCC)C=C%13)S3)CCCCCCCCCCC)C%14=CC(F)=C(F)C=C%14C1=C(C#N)/C#N,15.18,24.68,0.712,0.864
PBDB-T-SF,O=C(C1=C(SC(C2=CC=C(S2)C3=CC(C(C4=CC(F)=C(S4)SCCCCCCCC)=C5SC(C)=CC5=C6C7=CC(F)=C(S7)SCCCCCCCC)=C6S3)=C18)C9=CC=C(S9)C)C%10=C(SC(CCCCCCCC)=C%10C8=O)CCCCCCCC,ITCT,O=C(C1=C2C=CS1)C(/C2=C(C#N)\C#N)=C\C3=CC4=C(S3)C(C(C5=CC=C(CCCCCC)C=C5)(C6=CC=C(CCCCCC)C=C6)C7=C8C=C(C(C9=C%10C%11=C(C=C(S%11)/C=C(/C%12=C(C#N)\[N+]#[C-])C(C%13=C%12C=CS%13)=O)S9)=C7)C%10(C%14=CC=C(CCCCCC)C=C%14)C%15=CC=C(CCCCCC)C=C%15)=C8S4,10.92,18.11,0.615,0.981
PBDB-T-SF,O=C(C1=C(SC(C2=CC=C(S2)C3=CC(C(C4=CC(F)=C(S4)SCCCCCCCC)=C5SC(C)=CC5=C6C7=CC(F)=C(S7)SCCCCCCCC)=C6S3)=C18)C9=CC=C(S9)C)C%10=C(SC(CCCCCCCC)=C%10C8=O)CCCCCCCC,IT-4F,c1(cc2c(cc1F)C(=O)/C(=C\c1cc3c(s1)c1c(s3)c3c(C1(c1ccc(cc1)CCCCCC)c1ccc(cc1)CCCCCC)cc1c(c3)C(c3c1sc1c3sc(c1)/C=C/1\C(=O)c3c(C1=C(C#N)C#N)cc(c(c3)F)F)(c1ccc(cc1)CCCCCC)c1ccc(cc1)CCCCCC)/C2=C(C#N)C#N)F,12.77,20.1,0.735,0.864
PBDB-T-SF,O=C(C1=C(SC(C2=CC=C(S2)C3=CC(C(C4=CC(F)=C(S4)SCCCCCCCC)=C5SC(C)=CC5=C6C7=CC(F)=C(S7)SCCCCCCCC)=C6S3)=C18)C9=CC=C(S9)C)C%10=C(SC(CCCCCCCC)=C%10C8=O)CCCCCCCC,ITIC2,O=C(C1=C(C=CC=C1)C/2=C(C#N)\C#N)C2=C/C3=CC(C4(C5=CC=C(CCCCCC)C=C5)C6=CC=C(CCCCCC)C=C6)=C(C7=C4C(C(C8=CC=C(S8)CC(CCCC)CC)=C9SC%10=C(C(C%11=CC=C(CCCCCC)C=C%11)(C%12=CC=C(CCCCCC)C=C%12)C%13=C%10SC(/C=C%14C(C%15=C(C=CC=C%15)C\%14=C(C#N)\C#N)=O)=C%13)C9=C%16C%17=CC=C(S%17)CC(CC)CCCC)=C%16S7)S3,10.1,15.49,0.586,1.069
PBDB-T-SF,O=C(C1=C(SC(C2=CC=C(S2)C3=CC(C(C4=CC(F)=C(S4)SCCCCCCCC)=C5SC(C)=CC5=C6C7=CC(F)=C(S7)SCCCCCCCC)=C6S3)=C18)C9=CC=C(S9)C)C%10=C(SC(CCCCCCCC)=C%10C8=O)CCCCCCCC,ITIC-S,O=C(C1=C(C=CC=C1)C/2=C(C#N)/C#N)C2=C\C3=CC4=C(C5=C(C(C6=CC=C(CCCCCC)C=C6)4C7=CC=C(CCCCCC)C=C7)C8=C(S5)C(C9=CC=C(S9)SCC(CCCC)CC)=C%10C(C(C%11=CC=C(CCCCCC)C=C%11)(C%12=CC=C(CCCCCC)C=C%12)C%13=C%14SC(/C=C%15C(C%16=C(C=CC=C%16)C/%15=C(C#N)\C#N)=O)=C%13)=C%14SC%10=C8C(S%17)=CC=C%17SCC(CC)CCCC)S3,11.6,16.4,0.663,1.046
PBDB-T-SF,O=C(C1=C(SC(C2=CC=C(S2)C3=CC(C(C4=CC(F)=C(S4)SCCCCCCCC)=C5SC(C)=CC5=C6C7=CC(F)=C(S7)SCCCCCCCC)=C6S3)=C18)C9=CC=C(S9)C)C%10=C(SC(CCCCCCCC)=C%10C8=O)CCCCCCCC,IT-4F,c1(cc2c(cc1F)C(=O)/C(=C\c1cc3c(s1)c1c(s3)c3c(C1(c1ccc(cc1)CCCCCC)c1ccc(cc1)CCCCCC)cc1c(c3)C(c3c1sc1c3sc(c1)/C=C/1\C(=O)c3c(C1=C(C#N)C#N)cc(c(c3)F)F)(c1ccc(cc1)CCCCCC)c1ccc(cc1)CCCCCC)/C2=C(C#N)C#N)F,13.1,19.4,0.72,0.9
PBDB-T-SF,O=C(C1=C(SC(C2=CC=C(S2)C3=CC(C(C4=CC(F)=C(S4)SCCCCCCCC)=C5SC(C)=CC5=C6C7=CC(F)=C(S7)SCCCCCCCC)=C6S3)=C18)C9=CC=C(S9)C)C%10=C(SC(CCCCCCCC)=C%10C8=O)CCCCCCCC,IT-4F,c1(cc2c(cc1F)C(=O)/C(=C\c1cc3c(s1)c1c(s3)c3c(C1(c1ccc(cc1)CCCCCC)c1ccc(cc1)CCCCCC)cc1c(c3)C(c3c1sc1c3sc(c1)/C=C/1\C(=O)c3c(C1=C(C#N)C#N)cc(c(c3)F)F)(c1ccc(cc1)CCCCCC)c1ccc(cc1)CCCCCC)/C2=C(C#N)C#N)F,11.7,19.4,0.67,0.895
PBDB-T-SF,O=C(C1=C(SC(C2=CC=C(S2)C3=CC(C(C4=CC(F)=C(S4)SCCCCCCCC)=C5SC(C)=CC5=C6C7=CC(F)=C(S7)SCCCCCCCC)=C6S3)=C18)C9=CC=C(S9)C)C%10=C(SC(CCCCCCCC)=C%10C8=O)CCCCCCCC,IT-4F,c1(cc2c(cc1F)C(=O)/C(=C\c1cc3c(s1)c1c(s3)c3c(C1(c1ccc(cc1)CCCCCC)c1ccc(cc1)CCCCCC)cc1c(c3)C(c3c1sc1c3sc(c1)/C=C/1\C(=O)c3c(C1=C(C#N)C#N)cc(c(c3)F)F)(c1ccc(cc1)CCCCCC)c1ccc(cc1)CCCCCC)/C2=C(C#N)C#N)F,9.53,22.39,0.541,0.786
PBDB-T-SF,O=C(C1=C(SC(C2=CC=C(S2)C3=CC(C(C4=CC(F)=C(S4)SCCCCCCCC)=C5SC(C)=CC5=C6C7=CC(F)=C(S7)SCCCCCCCC)=C6S3)=C18)C9=CC=C(S9)C)C%10=C(SC(CCCCCCCC)=C%10C8=O)CCCCCCCC,IT-4F,c1(cc2c(cc1F)C(=O)/C(=C\c1cc3c(s1)c1c(s3)c3c(C1(c1ccc(cc1)CCCCCC)c1ccc(cc1)CCCCCC)cc1c(c3)C(c3c1sc1c3sc(c1)/C=C/1\C(=O)c3c(C1=C(C#N)C#N)cc(c(c3)F)F)(c1ccc(cc1)CCCCCC)c1ccc(cc1)CCCCCC)/C2=C(C#N)C#N)F,11.5,18.71,0.69,0.83
PBDB-T-SF,O=C(C1=C(SC(C2=CC=C(S2)C3=CC(C(C4=CC(F)=C(S4)SCCCCCCCC)=C5SC(C)=CC5=C6C7=CC(F)=C(S7)SCCCCCCCC)=C6S3)=C18)C9=CC=C(S9)C)C%10=C(SC(CCCCCCCC)=C%10C8=O)CCCCCCCC,IT-4F,c1(cc2c(cc1F)C(=O)/C(=C\c1cc3c(s1)c1c(s3)c3c(C1(c1ccc(cc1)CCCCCC)c1ccc(cc1)CCCCCC)cc1c(c3)C(c3c1sc1c3sc(c1)/C=C/1\C(=O)c3c(C1=C(C#N)C#N)cc(c(c3)F)F)(c1ccc(cc1)CCCCCC)c1ccc(cc1)CCCCCC)/C2=C(C#N)C#N)F,13.1,20.88,0.713,0.88
PBDBT-SF,O=C(C1=C(SC(C2=CC=C(S2)C3=CC(C(C4=CC(F)=C(S4)SCCCCCCCC)=C5SC(C)=CC5=C6C7=CC(F)=C(S7)SCCCCCCCC)=C6S3)=C18)C9=CC=C(S9)C)C%10=C(SC(CCCCCCCC)=C%10C8=O)CCCCCCCC,IT-4F,c1(cc2c(cc1F)C(=O)/C(=C\c1cc3c(s1)c1c(s3)c3c(C1(c1ccc(cc1)CCCCCC)c1ccc(cc1)CCCCCC)cc1c(c3)C(c3c1sc1c3sc(c1)/C=C/1\C(=O)c3c(C1=C(C#N)C#N)cc(c(c3)F)F)(c1ccc(cc1)CCCCCC)c1ccc(cc1)CCCCCC)/C2=C(C#N)C#N)F,12.94,20.32,0.723,0.88
PBDB-T-OMe,CC(S1)=CC=C1C2=C3C(C(C4=C(SC(CC(CC)CCCC)=C4C3=O)CC(CCCC)CC)=O)=C(S2)C(S5)=CC=C5C6=CC7=C(C8=CC(Cl)=C(CCCCCOC)C8)C9=C(C=C(S9)C)C(C%10=CC(Cl)=C(CCCCCOC)C%10)=C7S6,Y6,O=C(C/1=C\C2=C(C3=C(S2)C(N4C5=CC=C(CCCCCC)C=C5)=C(C6=C4C7=C(C8=NSN=C68)C(SC9=C%10SC(/C=C%11C(C%12=CC(F)=C(C=C%12C\%11=C(C#N)/C#N)F)=O)=C9CCCCCCCCCCC)=C%10N7C%13=CC=C(CCCCCC)C=C%13)S3)CCCCCCCCCCC)C%14=CC(F)=C(F)C=C%14C1=C(C#N)/C#N,12.75,24.2,0.7,0.76
PBDB-T-OAc,CC(S1)=CC=C1C2=C3C(C(C4=C(SC(CC(CC)CCCC)=C4C3=O)CC(CCCC)CC)=O)=C(S2)C(S5)=CC=C5C6=CC7=C(C8=CC(Cl)=C(CCCCCCOC(C)=O)C8)C9=C(C=C(S9)C)C(C%10=CC(Cl)=C(CCCCCCOC(C)=O)C%10)=C7S6,Y6,O=C(C/1=C\C2=C(C3=C(S2)C(N4C5=CC=C(CCCCCC)C=C5)=C(C6=C4C7=C(C8=NSN=C68)C(SC9=C%10SC(/C=C%11C(C%12=CC(F)=C(C=C%12C\%11=C(C#N)/C#N)F)=O)=C9CCCCCCCCCCC)=C%10N7C%13=CC=C(CCCCCC)C=C%13)S3)CCCCCCCCCCC)C%14=CC(F)=C(F)C=C%14C1=C(C#N)/C#N,12.59,25.57,0.61,0.79
PBDB-T-I,CC(S1)=CC=C1C2=C3C(C(C4=C(SC(CC(CC)CCCC)=C4C3=O)CC(CCCC)CC)=O)=C(S2)C(S5)=CC=C5C6=CC7=C(C8=CC(Cl)=C(CCCCCCI)C8)C9=C(C=C(S9)C)C(C%10=CC(Cl)=C(CCCCCCI)C%10)=C7S6,Y6,O=C(C/1=C\C2=C(C3=C(S2)C(N4C5=CC=C(CCCCCC)C=C5)=C(C6=C4C7=C(C8=NSN=C68)C(SC9=C%10SC(/C=C%11C(C%12=CC(F)=C(C=C%12C\%11=C(C#N)/C#N)F)=O)=C9CCCCCCCCCCC)=C%10N7C%13=CC=C(CCCCCC)C=C%13)S3)CCCCCCCCCCC)C%14=CC(F)=C(F)C=C%14C1=C(C#N)/C#N,12.63,24.42,0.66,0.76
PBDB-T-H,CC(S1)=CC=C1C2=C3C(C(C4=C(SC(CC(CC)CCCC)=C4C3=O)CC(CCCC)CC)=O)=C(S2)C(S5)=CC=C5C6=CC7=C(C8=CC(Cl)=C(CCCCCC[H])C8)C9=C(C=C(S9)C)C(C%10=CC(Cl)=C(CCCCCC[H])C%10)=C7S6,Y6,O=C(C/1=C\C2=C(C3=C(S2)C(N4C5=CC=C(CCCCCC)C=C5)=C(C6=C4C7=C(C8=NSN=C68)C(SC9=C%10SC(/C=C%11C(C%12=CC(F)=C(C=C%12C\%11=C(C#N)/C#N)F)=O)=C9CCCCCCCCCCC)=C%10N7C%13=CC=C(CCCCCC)C=C%13)S3)CCCCCCCCCCC)C%14=CC(F)=C(F)C=C%14C1=C(C#N)/C#N,9.94,20.65,0.6,0.79
PBDB-T-H,CC(S1)=CC=C1C2=C3C(C(C4=C(SC(CC(CC)CCCC)=C4C3=O)CC(CCCC)CC)=O)=C(S2)C(S5)=CC=C5C6=CC7=C(C8=CC(Cl)=C(CCCCCC[H])C8)C9=C(C=C(S9)C)C(C%10=CC(Cl)=C(CCCCCC[H])C%10)=C7S6,Y6,O=C(C/1=C\C2=C(C3=C(S2)C(N4C5=CC=C(CCCCCC)C=C5)=C(C6=C4C7=C(C8=NSN=C68)C(SC9=C%10SC(/C=C%11C(C%12=CC(F)=C(C=C%12C\%11=C(C#N)/C#N)F)=O)=C9CCCCCCCCCCC)=C%10N7C%13=CC=C(CCCCCC)C=C%13)S3)CCCCCCCCCCC)C%14=CC(F)=C(F)C=C%14C1=C(C#N)/C#N,9.05,20.71,0.53,0.8
PBDB-T-F,CC1=CC(C(C2=CC(F)=C(S2)CC(CC)CCCC)=C3SC(C4=CC=C(S4)C5=C(C(C6=C(SC(CC(CCCC)CC)=C6C7=O)CC(CC)CCCC)=O)C7=C(C8=CC=C(S8)C)S5)=CC3=C9C%10=CC(F)=C(S%10)CC(CCCC)CC)=C9S1,Y1,O=C(C(C=CC=C1)=C1C/2=C(C#N)\C#N)C2=C/C3=CC(SC(C4=C5C6=C(C7=C(N6CC(CCCC)CC)C8=C(C=C(S8)/C=C9C(C%10=C(C=CC=C%10)C\9=C(C#N)\C#N)=O)S7)C%11=NN(N=C4%11)CC(CC)CCCC)=C%12N5CC(CC)CCCC)=C%12S3,7.1,12.9,0.555,0.92
PBDB-T-F,CC1=CC(C(C2=CC(F)=C(S2)CC(CC)CCCC)=C3SC(C4=CC=C(S4)C5=C(C(C6=C(SC(CC(CCCC)CC)=C6C7=O)CC(CC)CCCC)=O)C7=C(C8=CC=C(S8)C)S5)=CC3=C9C%10=CC(F)=C(S%10)CC(CCCC)CC)=C9S1,Y1-4F,O=C(C1=CC(F)=C(C=C1C/2=C(C#N)\C#N)F)C2=C/C3=CC(SC(C4=C5C6=C(C7=C(N6CC(CCC)CCCC)C8=C(C=C(S8)/C=C9C(C%10=CC(F)=C(C=C%10C\9=C(C#N)\C#N)F)=O)S7)C%11=NN(N=C4%11)CC(CC)CCCC)=C%12N5CC(CCCC)CC)=C%12S3,14.8,25.2,0.685,0.83
PBDB-TF,FC(C=C(C1=C2SC=CC2=C(C3=CC(F)=C(CC(CCCC)CC)S3)C4=C1C=C(C5=CC=C(C6=C(C(C(C7=C(CC(CCCC)CC)SC(CC(CC)CCCC)=C78)=O)=C(C9=CC=CC9)S6)C8=O)S5)S4)S%10)=C%10CC(CC)CCCC,IT-M,O=C(C1=CC=CC=C1C/2=C(C#N)/C#N)C2=C/C3=CC(SC4C5C(C)=C(C(C6=CC=C(C=C6)CCCCCC)(C7=CC=C(C=C7)CCCCCC)C8=CSC9=C8SC(/C=C%10C(C(C=CC=C%11)=C%11C\%10=C(C#N)/C#N)=C)=C9)C=C(C)C5C(C%12=CC=C(C=C%12)CCCCCC)(C%13=CC=C(C=C%13)CCCCCC)C%144)=C%14S3,10.5,15.78,0.65,1.02
PBDB-TF,FC(C=C(C1=C2SC=CC2=C(C3=CC(F)=C(CC(CCCC)CC)S3)C4=C1C=C(C5=CC=C(C6=C(C(C(C7=C(CC(CCCC)CC)SC(CC(CC)CCCC)=C78)=O)=C(C9=CC=CC9)S6)C8=O)S5)S4)S%10)=C%10CC(CC)CCCC,IT-4F,c1(cc2c(cc1F)C(=O)/C(=C\c1cc3c(s1)c1c(s3)c3c(C1(c1ccc(cc1)CCCCCC)c1ccc(cc1)CCCCCC)cc1c(c3)C(c3c1sc1c3sc(c1)/C=C/1\C(=O)c3c(C1=C(C#N)C#N)cc(c(c3)F)F)(c1ccc(cc1)CCCCCC)c1ccc(cc1)CCCCCC)/C2=C(C#N)C#N)F,13.7,20.38,0.77,0.87
PBDB-TF,FC(C=C(C1=C2SC=CC2=C(C3=CC(F)=C(CC(CCCC)CC)S3)C4=C1C=C(C5=CC=C(C6=C(C(C(C7=C(CC(CCCC)CC)SC(CC(CC)CCCC)=C78)=O)=C(C9=CC=CC9)S6)C8=O)S5)S4)S%10)=C%10CC(CC)CCCC,HF-PCIC,[H]C1=C(C(F)=C(C(C2=CC(C(CC(CCCC)CC)(CC(CCCC)CC)C3=C4SC(/C=C5C(C6=CC(F)=C(C=C6C\5=C(C#N)\C#N)F)=O)=C3)=C4S2)=C1F)[H])C7=CC8=C(C9=C(C8(CC(CCCC)CC)CC(CCCC)CC)C=C(/C=C%10C(C%11=CC(F)=C(C=C%11C\%10=C(C#N)/C#N)S)=O)S9)S7,11.49,17.81,0.708,0.91
PBDB-TF,FC(C=C(C1=C2SC=CC2=C(C3=CC(F)=C(CC(CCCC)CC)S3)C4=C1C=C(C5=CC=C(C6=C(C(C(C7=C(CC(CCCC)CC)SC(CC(CC)CCCC)=C78)=O)=C(C9=CC=CC9)S6)C8=O)S5)S4)S%10)=C%10CC(CC)CCCC,HFO–PCIC,O=C(C1=CC(F)=C(C=C1C/2=C(C#N)\C#N)S)C2=C/C3=CC(C4(CC(CCCC)CC)CC(CCCC)CC)=C(S3)C(S5)=C4C=C5C(C(F)=C(C(C6=CC(C(CC(CCCC)CC)(CC(CCCC)CC)C7=C8SC(/C=C9C(C%10=CC(F)=C(C=C%10C\9=C(C#N)\C#N)F)=O)=C7)=C8S6)=C%11F)O[Mg])=C%11O[Mg],8.36,12.62,0.71,0.93
PBDB-TF,FC(C=C(C1=C2SC=CC2=C(C3=CC(F)=C(CC(CCCC)CC)S3)C4=C1C=C(C5=CC=C(C6=C(C(C(C7=C(CC(CCCC)CC)SC(CC(CC)CCCC)=C78)=O)=C(C9=CC=CC9)S6)C8=O)S5)S4)S%10)=C%10CC(CC)CCCC,OF-PCIC,[F]C1=C(C(F)=C(C(C2=CC(C(CC(CCCC)CC)(CC(CCCC)CC)C3=C4SC(/C=C5C(C6=CC(F)=C(C=C6C\5=C(C#N)\C#N)F)=O)=C3)=C4S2)=C1F)[F])C7=CC8=C(C9=C(C8(CC(CCCC)CC)CC(CCCC)CC)C=C(/C=C%10C(C%11=CC(F)=C(C=C%11C\%10=C(C#N)/C#N)S)=O)S9)S7,9.09,13.76,0.734,0.91
PBDB-TF,FC(C=C(C1=C2SC=CC2=C(C3=CC(F)=C(CC(CCCC)CC)S3)C4=C1C=C(C5=CC=C(C6=C(C(C(C7=C(CC(CCCC)CC)SC(CC(CC)CCCC)=C78)=O)=C(C9=CC=CC9)S6)C8=O)S5)S4)S%10)=C%10CC(CC)CCCC,HF-PCIC,[H]C1=C(C(F)=C(C(C2=CC(C(CC(CCCC)CC)(CC(CCCC)CC)C3=C4SC(/C=C5C(C6=CC(F)=C(C=C6C\5=C(C#N)\C#N)F)=O)=C3)=C4S2)=C1F)[H])C7=CC8=C(C9=C(C8(CC(CCCC)CC)CC(CCCC)CC)C=C(/C=C%10C(C%11=CC(F)=C(C=C%11C\%10=C(C#N)/C#N)S)=O)S9)S7,10.9,17.24,0.71,0.89
PBDB-TF,FC(C=C(C1=C2SC=CC2=C(C3=CC(F)=C(CC(CCCC)CC)S3)C4=C1C=C(C5=CC=C(C6=C(C(C(C7=C(CC(CCCC)CC)SC(CC(CC)CCCC)=C78)=O)=C(C9=CC=CC9)S6)C8=O)S5)S4)S%10)=C%10CC(CC)CCCC,HC-PCIC,FC(C=C1C2=CC(C3(CC(CCCC)CC)CC(CCCC)CC)=C(S2)C(S4)=C3C=C4/C=C(C(C5=CC(Cl)=C(C=C56)Cl)=O)/C6=C(C#N)/C#N)=C(C=C1F)C7=CC8=C(C9=C(C8(CC(CCCC)CC)CC(CCCC)CC)C=C(/C=C%10C(C%11=CC(Cl)=C(C=C%11C\%10=C(C#N)\C#N)Cl)=O)S9)S7,11.48,17.54,0.727,0.88
PBDB-TF,FC(C=C(C1=C2SC=CC2=C(C3=CC(F)=C(CC(CCCC)CC)S3)C4=C1C=C(C5=CC=C(C6=C(C(C(C7=C(CC(CCCC)CC)SC(CC(CC)CCCC)=C78)=O)=C(C9=CC=CC9)S6)C8=O)S5)S4)S%10)=C%10CC(CC)CCCC,ITIC,c12cc3c(cc1C(c1c2sc2c1sc(c2)/C=C\1/C(=C(C#N)C#N)c2c(C1=O)cccc2)(c1ccc(cc1)CCCCCC)c1ccc(cc1)CCCCCC)c1c(C3(c2ccc(cc2)CCCCCC)c2ccc(cc2)CCCCCC)c2c(s1)cc(s2)/C=C\1/C(=C(C#N)C#N)c2c(C1=O)cccc2,10.3,15.6,0.66,1.01
PBDB-TF,FC(C=C(C1=C2SC=CC2=C(C3=CC(F)=C(CC(CCCC)CC)S3)C4=C1C=C(C5=CC=C(C6=C(C(C(C7=C(CC(CCCC)CC)SC(CC(CC)CCCC)=C78)=O)=C(C9=CC=CC9)S6)C8=O)S5)S4)S%10)=C%10CC(CC)CCCC,AT-4Cl,O=C(C(C=C(Cl)C(Cl)=C1)=C1C/2=C(C#N)/C#N)C2=C/C3=CC4=C(C5=C(C4(C(C=C6)=CC=C6OCC(CCCCCC)CCCC)C(C=C7)=CC=C7OCC(CCCC)CCCCCC)C8=CC(C(C=C8C=C5)=C9%10)=CC=C9C%11=C(C=C(S%11)/C=C%12C(C(C=C(Cl)C(Cl)=C%13)=C%13C\%12=C(C#N)/C#N)=O)C%10(C%14=CC=C(C=C%14)OCC(CCCCCC)CCCC)C(C=C%15)=CC=C%15OCC(CCCCCC)CCCC)S3,13.27,19.52,0.755,0.901
PBDB-TF,FC(C=C(C1=C2SC=CC2=C(C3=CC(F)=C(CC(CCCC)CC)S3)C4=C1C=C(C5=CC=C(C6=C(C(C(C7=C(CC(CCCC)CC)SC(CC(CC)CCCC)=C78)=O)=C(C9=CC=CC9)S6)C8=O)S5)S4)S%10)=C%10CC(CC)CCCC,IEIC,O=C(C1=CC=CC=C1C/2=C(C#N)\C#N)C2=C/C3=CC(CC(CCCC)CC)=C(S3)C4=CC(C5(C6=CC=C(CCCCCC)C=C6)C7=CC=C(CCCCCC)C=C7)=C(C8=CC9=C(C%10=C(C9(C%11=CC=C(CCCCCC)C=C%11)C%12=CC=C(C=C%12)CCCCCC)C=C(C%13=C(CC(CC)CCCC)C=C(/C=C%14C(C%15=CC=CC=C%15C\%14=C(C#N)\C#N)=O)S%13)S%10)C=C85)S4,3.8,7.65,0.45,1.11
PBDB-TF,FC(C=C(C1=C2SC=CC2=C(C3=CC(F)=C(CC(CCCC)CC)S3)C4=C1C=C(C5=CC=C(C6=C(C(C(C7=C(CC(CCCC)CC)SC(CC(CC)CCCC)=C78)=O)=C(C9=CC=CC9)S6)C8=O)S5)S4)S%10)=C%10CC(CC)CCCC,IE-4F,O=C(C1=C(C=C(F)C(F)=C1)C/2=C(C#N)\C#N)C2=C/C3=CC(CCCCCCCC)=C(C4=CC5=C(C(C=C6C(C7=CC=C(CCCCCC)C=C7)(C8=CC=C(CCCCCC)C=C8)C9=C(SC(C%10=C(CCCCCCCC)C=C(/C=C%11C(C%12=C(C=C(F)C(F)=C%12)C\%11=C(C#N)\C#N)=O)S%10)=C9)C6=C%13)=C%13C5(C%14=CC=C(C=C%14)CCCCCC)C%15=CC=C(CCCCCC)C=C%15)S4)S3,10.8,21.35,0.58,0.87
PBDB-TF,FC(C=C(C1=C2SC=CC2=C(C3=CC(F)=C(CC(CCCC)CC)S3)C4=C1C=C(C5=CC=C(C6=C(C(C(C7=C(CC(CCCC)CC)SC(CC(CC)CCCC)=C78)=O)=C(C9=CC=CC9)S6)C8=O)S5)S4)S%10)=C%10CC(CC)CCCC,Y6,O=C(C/1=C\C2=C(C3=C(S2)C(N4C5=CC=C(CCCCCC)C=C5)=C(C6=C4C7=C(C8=NSN=C68)C(SC9=C%10SC(/C=C%11C(C%12=CC(F)=C(C=C%12C\%11=C(C#N)/C#N)F)=O)=C9CCCCCCCCCCC)=C%10N7C%13=CC=C(CCCCCC)C=C%13)S3)CCCCCCCCCCC)C%14=CC(F)=C(F)C=C%14C1=C(C#N)/C#N,15.3,24.8,0.741,0.834
PBDB-TF,FC(C=C(C1=C2SC=CC2=C(C3=CC(F)=C(CC(CCCC)CC)S3)C4=C1C=C(C5=CC=C(C6=C(C(C(C7=C(CC(CCCC)CC)SC(CC(CC)CCCC)=C78)=O)=C(C9=CC=CC9)S6)C8=O)S5)S4)S%10)=C%10CC(CC)CCCC,BTP-4F-8,O=C(C(C=C(F)C(F)=C1)=C1C/2=C(C#N)/C#N)C2=C/C3=C(CCCCCCCCCCC)C(SC4=C5N(C6=C4C7=NSN=C7C8=C6N(CCCCCCCC)C9=C8SC%10=C9SC(/C=C%11C(C%12=C(C=C(F)C(F)=C%12)C\%11=C(C#N)/C#N)=O)=C%10CCCCCCCCCCC)CCCCCCCC)=C5S3,15.3,24.6,0.74,0.841
PBDB-TF,FC(C=C(C1=C2SC=CC2=C(C3=CC(F)=C(CC(CCCC)CC)S3)C4=C1C=C(C5=CC=C(C6=C(C(C(C7=C(CC(CCCC)CC)SC(CC(CC)CCCC)=C78)=O)=C(C9=CC=CC9)S6)C8=O)S5)S4)S%10)=C%10CC(CC)CCCC,BTP-4F-12,O=C(C(C=C(F)C(F)=C1)=C1C/2=C(C#N)/C#N)C2=C/C3=C(CCCCCCCCCCC)C(SC4=C5N(C6=C4C7=NSN=C7C8=C6N(CCCCCCCCCCCC)C9=C8SC%10=C9SC(/C=C%11C(C%12=C(C=C(F)C(F)=C%12)C\%11=C(C#N)/C#N)=O)=C%10CCCCCCCCCCC)CCCCCCCCCCCC)=C5S3,16.4,25.3,0.76,0.855
PBDB-TF,FC(C=C(C1=C2SC=CC2=C(C3=CC(F)=C(CC(CCCC)CC)S3)C4=C1C=C(C5=CC=C(C6=C(C(C(C7=C(CC(CCCC)CC)SC(CC(CC)CCCC)=C78)=O)=C(C9=CC=CC9)S6)C8=O)S5)S4)S%10)=C%10CC(CC)CCCC,C8-ITCC,O=C(C1=C(C/2=C(C#N)/C#N)C=C([H])S1)C2=C/C3=CC4=C(C5=C(S4)C(C(C5(CCCCCCCCC)CCCCCCCCC)=C6)=CC(C7(CCCCCCCCC)CCCCCCCCC)=C6C8=C7C9=C(C=C(S9)/C=C%10C(C(CC([H])=C%11)=C%11C\%10=C(C#N)\C#N)=O)S8)S3,10.8,16.1,0.63,1.04
PBDB-TF,FC(C=C(C1=C2SC=CC2=C(C3=CC(F)=C(CC(CCCC)CC)S3)C4=C1C=C(C5=CC=C(C6=C(C(C(C7=C(CC(CCCC)CC)SC(CC(CC)CCCC)=C78)=O)=C(C9=CC=CC9)S6)C8=O)S5)S4)S%10)=C%10CC(CC)CCCC,C8-ITCC-Cl,O=C(C1=C(C/2=C(C#N)/C#N)C=C([Cl])S1)C2=C/C3=CC4=C(C5=C(S4)C(C(C5(CCCCCCCCC)CCCCCCCCC)=C6)=CC(C7(CCCCCCCCC)CCCCCCCCC)=C6C8=C7C9=C(C=C(S9)/C=C%10C(C(CC(Cl)=C%11)=C%11C\%10=C(C#N)\C#N)=O)S8)S3,12.7,17.9,0.73,0.95
PBDB-TF,FC(C=C(C1=C2SC=CC2=C(C3=CC(F)=C(CC(CCCC)CC)S3)C4=C1C=C(C5=CC=C(C6=C(C(C(C7=C(CC(CCCC)CC)SC(CC(CC)CCCC)=C78)=O)=C(C9=CC=CC9)S6)C8=O)S5)S4)S%10)=C%10CC(CC)CCCC,IT-2F,O=C1C(/C(C2=C1C=C(F)C=C2)=C(C#N)/C#N)=C\C3=CC4=C(S3)C(C(C5=CC=C(CCCCCC)C=C5)(C(C=C6C7=C8C9=C(C=C(S9)/C=C%10C(C(C(F)=CC=C%11)=C%11C\%10=C(C#N)\C#N)=O)S7)=C%12C=C6C8(C%13=CC=C(C=C%13)CCCCCC)C%14=CC=C(C=C%14)CCCCCC)C%15=CC=C(CCCCCC)C=C%15)=C%12S4,13.68,19.35,0.76,0.93
PBDB-TF,FC(C=C(C1=C2SC=CC2=C(C3=CC(F)=C(CC(CCCC)CC)S3)C4=C1C=C(C5=CC=C(C6=C(C(C(C7=C(CC(CCCC)CC)SC(CC(CC)CCCC)=C78)=O)=C(C9=CC=CC9)S6)C8=O)S5)S4)S%10)=C%10CC(CC)CCCC,IT-2Cl,O=C(C/1=C\C2=CC3=C(S2)C(C4(C5=CC=C(CCCCCC)C=C5)C6=CC=C(CCCCCC)C=C6)=C(S3)C7=CC8=C(C=C74)C9=C(C%10=C(S9)C=C(/C=C%11C(C%12=CC=C(Cl)C=C%12C\%11=C(C#N)/C#N)=O)S%10)C8(C%13=CC=C(CCCCCC)C=C%13)C%14=CC=C(CCCCCC)C=C%14)C%15=CC=C(Cl)C=C%15C1=C(C#N)/C#N,13.74,19.8,0.75,0.92
PBDB-TF,FC(C=C(C1=C2SC=CC2=C(C3=CC(F)=C(CC(CCCC)CC)S3)C4=C1C=C(C5=CC=C(C6=C(C(C(C7=C(CC(CCCC)CC)SC(CC(CC)CCCC)=C78)=O)=C(C9=CC=CC9)S6)C8=O)S5)S4)S%10)=C%10CC(CC)CCCC,IT-4F,c1(cc2c(cc1F)C(=O)/C(=C\c1cc3c(s1)c1c(s3)c3c(C1(c1ccc(cc1)CCCCCC)c1ccc(cc1)CCCCCC)cc1c(c3)C(c3c1sc1c3sc(c1)/C=C/1\C(=O)c3c(C1=C(C#N)C#N)cc(c(c3)F)F)(c1ccc(cc1)CCCCCC)c1ccc(cc1)CCCCCC)/C2=C(C#N)C#N)F,13.35,20.42,0.75,0.87
PBDB-TF,FC(C=C(C1=C2SC=CC2=C(C3=CC(F)=C(CC(CCCC)CC)S3)C4=C1C=C(C5=CC=C(C6=C(C(C(C7=C(CC(CCCC)CC)SC(CC(CC)CCCC)=C78)=O)=C(C9=CC=CC9)S6)C8=O)S5)S4)S%10)=C%10CC(CC)CCCC,IT-4Cl,O=C(C1=CC(Cl)=C(C=C1C/2=C(C#N)\C#N)Cl)C2=C/C3=CC4=C(C(C5(C6=CC=C(C=C6)CCCCCC)C(C=C7)=CC=C7CCCCCC)=C(C8=CC9=C(C%10=C(C9(C%11=CC=C(C=C%11)CCCCCC)C%12=CC=C(C=C%12)CCCCCC)C%13=C(C=C(S%13)/C=C%14C(C%15=CC(Cl)=C(C=C%15C\%14=C(C#N)\C#N)Cl)=O)S%10)C=C85)S4)S3,12.87,22.12,0.74,0.79
PBDB-TF,FC(C=C(C1=C2SC=CC2=C(C3=CC(F)=C(CC(CCCC)CC)S3)C4=C1C=C(C5=CC=C(C6=C(C(C(C7=C(CC(CCCC)CC)SC(CC(CC)CCCC)=C78)=O)=C(C9=CC=CC9)S6)C8=O)S5)S4)S%10)=C%10CC(CC)CCCC,ITCC,O=C(C1=C(C/2=C(C#N)/C#N)C=CS1)C2=C/C3=CC(SC4=C5C(C6=CC=C(C=C6)CCCCCC)(C7=C4C=C8C(C(C=C9)=CC=C9CCCCCC)(C%10=C(C8=C7)SC%11=C%10SC(/C=C%12C(C%13=C(C\%12=C(C#N)/C#N)C=CS%13)=O)=C%11)C%14=CC=C(C=C%14)CCCCCC)C%15=CC=C(CCCCCC)C=C%15)=C5S3,9.51,14.2,0.62,1.07
PBDB-TF,FC(C=C(C1=C2SC=CC2=C(C3=CC(F)=C(CC(CCCC)CC)S3)C4=C1C=C(C5=CC=C(C6=C(C(C(C7=C(CC(CCCC)CC)SC(CC(CC)CCCC)=C78)=O)=C(C9=CC=CC9)S6)C8=O)S5)S4)S%10)=C%10CC(CC)CCCC,IT-M,O=C(C1=CC=CC=C1C/2=C(C#N)/C#N)C2=C/C3=CC(SC4C5C(C)=C(C(C6=CC=C(C=C6)CCCCCC)(C7=CC=C(C=C7)CCCCCC)C8=CSC9=C8SC(/C=C%10C(C(C=CC=C%11)=C%11C\%10=C(C#N)/C#N)=C)=C9)C=C(C)C5C(C%12=CC=C(C=C%12)CCCCCC)(C%13=CC=C(C=C%13)CCCCCC)C%144)=C%14S3,10.42,16.13,0.63,1.01
PBDB-TF,FC(C=C(C1=C2SC=CC2=C(C3=CC(F)=C(CC(CCCC)CC)S3)C4=C1C=C(C5=CC=C(C6=C(C(C(C7=C(CC(CCCC)CC)SC(CC(CC)CCCC)=C78)=O)=C(C9=CC=CC9)S6)C8=O)S5)S4)S%10)=C%10CC(CC)CCCC,ITIC,c12cc3c(cc1C(c1c2sc2c1sc(c2)/C=C\1/C(=C(C#N)C#N)c2c(C1=O)cccc2)(c1ccc(cc1)CCCCCC)c1ccc(cc1)CCCCCC)c1c(C3(c2ccc(cc2)CCCCCC)c2ccc(cc2)CCCCCC)c2c(s1)cc(s2)/C=C\1/C(=C(C#N)C#N)c2c(C1=O)cccc2,10.75,16.42,0.65,1.0
PBDB-TF,FC(C=C(C1=C2SC=CC2=C(C3=CC(F)=C(CC(CCCC)CC)S3)C4=C1C=C(C5=CC=C(C6=C(C(C(C7=C(CC(CCCC)CC)SC(CC(CC)CCCC)=C78)=O)=C(C9=CC=CC9)S6)C8=O)S5)S4)S%10)=C%10CC(CC)CCCC,IT-4F,c1(cc2c(cc1F)C(=O)/C(=C\c1cc3c(s1)c1c(s3)c3c(C1(c1ccc(cc1)CCCCCC)c1ccc(cc1)CCCCCC)cc1c(c3)C(c3c1sc1c3sc(c1)/C=C/1\C(=O)c3c(C1=C(C#N)C#N)cc(c(c3)F)F)(c1ccc(cc1)CCCCCC)c1ccc(cc1)CCCCCC)/C2=C(C#N)C#N)F,12.29,19.55,0.748,0.84
PBDB-TF,FC(C=C(C1=C2SC=CC2=C(C3=CC(F)=C(CC(CCCC)CC)S3)C4=C1C=C(C5=CC=C(C6=C(C(C(C7=C(CC(CCCC)CC)SC(CC(CC)CCCC)=C78)=O)=C(C9=CC=CC9)S6)C8=O)S5)S4)S%10)=C%10CC(CC)CCCC,O6T-4F,O=C(C(C=C(F)C(F)=C1)=C1C/2=C(C#N)/C#N)C2=C/C3=CC(SC(C4=C5C6=C(S4)C(OC7(C8=CC=C(CCCCCC)C=C8)C9=CC=C(CCCCCC)C=C9)=C(C%10=C7C%11=C(C=C(S%11)/C=C%12C(C(C=C(F)C(F)=C%13)=C%13C\%12=C(C#N)/C#N)=O)S%10)S6)=C%14C(C%15=CC=C(CCCCCC)C=C%15)(O5)C%16=CC=C(CCCCCC)C=C%16)=C%14S3,7.22,16.37,0.558,0.79
PBDB-TF,FC(C=C(C1=C2SC=CC2=C(C3=CC(F)=C(CC(CCCC)CC)S3)C4=C1C=C(C5=CC=C(C6=C(C(C(C7=C(CC(CCCC)CC)SC(CC(CC)CCCC)=C78)=O)=C(C9=CC=CC9)S6)C8=O)S5)S4)S%10)=C%10CC(CC)CCCC,ID4F,[F]C1=CC2=C(C(/C(C2=O)=C/C3=CC4=C(C(C=C5C(CCCCCC)(CCCCCC)C6=C(SC(/C=C7C(C8=C(C=C(F)C(F)=C8)C\7=C(C#N)\C#N)=O)=C6)C5=C9)=C9C4(CCCCCC)CCCCCC)S3)=C(C#N)\C#N)C=C1[F],6.88,13.42,0.61,0.84
PBDB-TF,FC(C=C(C1=C2SC=CC2=C(C3=CC(F)=C(CC(CCCC)CC)S3)C4=C1C=C(C5=CC=C(C6=C(C(C(C7=C(CC(CCCC)CC)SC(CC(CC)CCCC)=C78)=O)=C(C9=CC=CC9)S6)C8=O)S5)S4)S%10)=C%10CC(CC)CCCC,PTICH,[H]C(C=C1C(C(OCCCCCCCCCCCCCCCC)=C2)=CC(OCCCCCCCCCCCCCCCC)=C2C3=CC([H])=C(S3)C=O)=C(S1)C=O,4.08,8.22,0.54,0.92
PBDB-TF,FC(C=C(C1=C2SC=CC2=C(C3=CC(F)=C(CC(CCCC)CC)S3)C4=C1C=C(C5=CC=C(C6=C(C(C(C7=C(CC(CCCC)CC)SC(CC(CC)CCCC)=C78)=O)=C(C9=CC=CC9)S6)C8=O)S5)S4)S%10)=C%10CC(CC)CCCC,PTIC,O=CC(S1)=C(CCCCCC)C=C1C(C(OCCCCCCCCCCCCCCCC)=C2)=CC(OCCCCCCCCCCCCCCCC)=C2C3=CC(CCCCCC)=C(S3)C=O,10.27,16.73,0.66,0.93
PBDB-TF,FC(C=C(C1=C2SC=CC2=C(C3=CC(F)=C(CC(CCCC)CC)S3)C4=C1C=C(C5=CC=C(C6=C(C(C(C7=C(CC(CCCC)CC)SC(CC(CC)CCCC)=C78)=O)=C(C9=CC=CC9)S6)C8=O)S5)S4)S%10)=C%10CC(CC)CCCC,PTICO,O=CC(S1)=C(OCCCCCC)C=C1C(C(OCCCCCCCCCCCCCCCC)=C2)=CC(OCCCCCCCCCCCCCCCC)=C2C3=CC(OCCCCCC)=C(S3)C=O,6.62,12.6,0.52,1.01
PBDB-TF,FC(C=C(C1=C2SC=CC2=C(C3=CC(F)=C(CC(CCCC)CC)S3)C4=C1C=C(C5=CC=C(C6=C(C(C(C7=C(CC(CCCC)CC)SC(CC(CC)CCCC)=C78)=O)=C(C9=CC=CC9)S6)C8=O)S5)S4)S%10)=C%10CC(CC)CCCC,BTP-4F,O=C(C(/C1=C(C#N)/C#N)=C\C2=C(CCCCCCCCCCC)C3=C(C(N(CCCCCCCC)C4=C5C6=NSN=C6C7=C4N(C8=C7SC9=C8SC(/C=C(C%10=O)/C(C%11=C%10C=C(C(F)=C%11)F)=C(C#N)\C#N)=C9CCCCCCCCCCC)CCCCCCCC)=C5S3)S2)C%12=C1C=C(F)C(F)=C%12,15.6,24.9,0.753,0.834
PBDB-TF,FC(C=C(C1=C2SC=CC2=C(C3=CC(F)=C(CC(CCCC)CC)S3)C4=C1C=C(C5=CC=C(C6=C(C(C(C7=C(CC(CCCC)CC)SC(CC(CC)CCCC)=C78)=O)=C(C9=CC=CC9)S6)C8=O)S5)S4)S%10)=C%10CC(CC)CCCC,BTP-4Cl,O=C(C(/C1=C(C#N)/C#N)=C\C2=C(CCCCCCCCCCC)C3=C(C(N(CCCCCCCC)C4=C5C6=NSN=C6C7=C4N(C8=C7SC9=C8SC(/C=C(C%10=O)/C(C%11=C%10C=C(C(Cl)=C%11)Cl)=C(C#N)\C#N)=C9CCCCCCCCCCC)CCCCCCCC)=C5S3)S2)C%12=C1C=C(Cl)C(Cl)=C%12,16.5,25.4,0.75,0.859
PBDB-TF,FC(C=C(C1=C2SC=CC2=C(C3=CC(F)=C(CC(CCCC)CC)S3)C4=C1C=C(C5=CC=C(C6=C(C(C(C7=C(CC(CCCC)CC)SC(CC(CC)CCCC)=C78)=O)=C(C9=CC=CC9)S6)C8=O)S5)S4)S%10)=C%10CC(CC)CCCC,ITIC-2Cl?Th,O=C1C(/C(C2=CC(Cl)=C(Cl)C=C21)=C(C#N)/C#N)=C\C3=CC4=C(C5=C(S4)C(C(C(C6=CC=C(C=C6)CCCCCC)5C7=CC=C(CCCCCC)C=C7)=C8)=CC9=C8C%10=C(C(C%11=CC=C(CCCCCC)C=C%11)9C%12=CC=C(CCCCCC)C=C%12)C(S%13)=C(S%10)C=C%13/C=C%14/C(C%15=CSC=C%15C%14=O)=C(C#N)/C#N)S3,11.45,18.31,0.721,0.86
PBDB-TF,FC(C=C(C1=C2SC=CC2=C(C3=CC(F)=C(CC(CCCC)CC)S3)C4=C1C=C(C5=CC=C(C6=C(C(C(C7=C(CC(CCCC)CC)SC(CC(CC)CCCC)=C78)=O)=C(C9=CC=CC9)S6)C8=O)S5)S4)S%10)=C%10CC(CC)CCCC,ITIC-Cl-γ-Th,O=C1C(/C(C2=CC=C(Cl)C=C21)=C(C#N)/C#N)=C\C3=CC4=C(C5=C(S4)C(C(C(C6=CC=C(C=C6)CCCCCC)5C7=CC=C(CCCCCC)C=C7)=C8)=CC9=C8C%10=C(C(C%11=CC=C(CCCCCC)C=C%11)9C%12=CC=C(CCCCCC)C=C%12)C(S%13)=C(S%10)C=C%13/C=C%14/C(C%15=CSC=C%15C%14=O)=C(C#N)/C#N)S3,12.25,18.02,0.726,0.91
PBDB-TF,FC(C=C(C1=C2SC=CC2=C(C3=CC(F)=C(CC(CCCC)CC)S3)C4=C1C=C(C5=CC=C(C6=C(C(C(C7=C(CC(CCCC)CC)SC(CC(CC)CCCC)=C78)=O)=C(C9=CC=CC9)S6)C8=O)S5)S4)S%10)=C%10CC(CC)CCCC,ITIC-Cl-δ-Th,O=C1C(/C(C2=CC(Cl)=CC=C21)=C(C#N)/C#N)=C\C3=CC4=C(C5=C(S4)C(C(C(C6=CC=C(C=C6)CCCCCC)5C7=CC=C(CCCCCC)C=C7)=C8)=CC9=C8C%10=C(C(C%11=CC=C(CCCCCC)C=C%11)9C%12=CC=C(CCCCCC)C=C%12)C(S%13)=C(S%10)C=C%13/C=C%14/C(C%15=CSC=C%15C%14=O)=C(C#N)/C#N)S3,11.13,17.27,0.719,0.89
PBDB-TF,FC(C=C(C1=C2SC=CC2=C(C3=CC(F)=C(CC(CCCC)CC)S3)C4=C1C=C(C5=CC=C(C6=C(C(C(C7=C(CC(CCCC)CC)SC(CC(CC)CCCC)=C78)=O)=C(C9=CC=CC9)S6)C8=O)S5)S4)S%10)=C%10CC(CC)CCCC,HC-PCIC,FC(C=C1C2=CC(C3(CC(CCCC)CC)CC(CCCC)CC)=C(S2)C(S4)=C3C=C4/C=C(C(C5=CC(Cl)=C(C=C56)Cl)=O)/C6=C(C#N)/C#N)=C(C=C1F)C7=CC8=C(C9=C(C8(CC(CCCC)CC)CC(CCCC)CC)C=C(/C=C%10C(C%11=CC(Cl)=C(C=C%11C\%10=C(C#N)\C#N)Cl)=O)S9)S7,11.75,18.13,0.721,0.89
PBDB-TF,FC(C=C(C1=C2SC=CC2=C(C3=CC(F)=C(CC(CCCC)CC)S3)C4=C1C=C(C5=CC=C(C6=C(C(C(C7=C(CC(CCCC)CC)SC(CC(CC)CCCC)=C78)=O)=C(C9=CC=CC9)S6)C8=O)S5)S4)S%10)=C%10CC(CC)CCCC,IT-4F,c1(cc2c(cc1F)C(=O)/C(=C\c1cc3c(s1)c1c(s3)c3c(C1(c1ccc(cc1)CCCCCC)c1ccc(cc1)CCCCCC)cc1c(c3)C(c3c1sc1c3sc(c1)/C=C/1\C(=O)c3c(C1=C(C#N)C#N)cc(c(c3)F)F)(c1ccc(cc1)CCCCCC)c1ccc(cc1)CCCCCC)/C2=C(C#N)C#N)F,10.18,17.9,0.628,0.91
PBDB-TF,FC(C=C(C1=C2SC=CC2=C(C3=CC(F)=C(CC(CCCC)CC)S3)C4=C1C=C(C5=CC=C(C6=C(C(C(C7=C(CC(CCCC)CC)SC(CC(CC)CCCC)=C78)=O)=C(C9=CC=CC9)S6)C8=O)S5)S4)S%10)=C%10CC(CC)CCCC,IT-4F,c1(cc2c(cc1F)C(=O)/C(=C\c1cc3c(s1)c1c(s3)c3c(C1(c1ccc(cc1)CCCCCC)c1ccc(cc1)CCCCCC)cc1c(c3)C(c3c1sc1c3sc(c1)/C=C/1\C(=O)c3c(C1=C(C#N)C#N)cc(c(c3)F)F)(c1ccc(cc1)CCCCCC)c1ccc(cc1)CCCCCC)/C2=C(C#N)C#N)F,13.2,20.81,0.76,0.84
PBDB-TF,FC(C=C(C1=C2SC=CC2=C(C3=CC(F)=C(CC(CCCC)CC)S3)C4=C1C=C(C5=CC=C(C6=C(C(C(C7=C(CC(CCCC)CC)SC(CC(CC)CCCC)=C78)=O)=C(C9=CC=CC9)S6)C8=O)S5)S4)S%10)=C%10CC(CC)CCCC,IDTN,O=C(C1=C(C=C(C=CC=C2)C2=C1)C/3=C(C#N)\C#N)C3=C/C4=CC(C5(C6=CC=C(CCCCCC)C=C6)C(C=C7)=CC=C7CCCCCC)=C(C8=CC(C(C9=CC=C(C=C9)CCCCCC)(C%10=C%11SC(/C=C%12C(C%13=C(C=C(C=CC=C%14)C%14=C%13)C\%12=C(C#N)\C#N)=O)=C%10)C%15=CC=C(C=C%15)CCCCCC)=C%11C=C58)S4,12.2,16.58,0.78,0.94
PBDB-TF,FC(C=C(C1=C2SC=CC2=C(C3=CC(F)=C(CC(CCCC)CC)S3)C4=C1C=C(C5=CC=C(C6=C(C(C(C7=C(CC(CCCC)CC)SC(CC(CC)CCCC)=C78)=O)=C(C9=CC=CC9)S6)C8=O)S5)S4)S%10)=C%10CC(CC)CCCC,BTIC-4Br,O=C(C(C=C(C(Br)=C1)Br)=C1C/2=C(C#N)/C#N)C2=C/C3=C(CCCCCCCCCCC)C(SC(C4=C5C6=C(C7=C(N6CCCCCCCC)C8=C(C(CCCCCCCCCCC)=C(S8)/C=C9C(C%10=C(C=C(Br)C(Br)=C%10)C\9=C(C#N)/C#N)=O)S7)C%11=NSN=C%114)=C%12N5CCCCCCCC)=C%12S3,7.51,20.33,0.412,0.87
PBDB-TF,FC(C=C(C1=C2SC=CC2=C(C3=CC(F)=C(CC(CCCC)CC)S3)C4=C1C=C(C5=CC=C(C6=C(C(C(C7=C(CC(CCCC)CC)SC(CC(CC)CCCC)=C78)=O)=C(C9=CC=CC9)S6)C8=O)S5)S4)S%10)=C%10CC(CC)CCCC,BTIC-BO-4Br,O=C(C(C=C(C(Br)=C1)Br)=C1C/2=C(C#N)/C#N)C2=C/C3=C(CCCCCCCCCCC)C(SC(C4=C5C6=C(C7=C(N6CCCCCCCCCCCC)C8=C(C(CCCCCCCCCCC)=C(S8)/C=C9C(C%10=C(C=C(Br)C(Br)=C%10)C\9=C(C#N)/C#N)=O)S7)C%11=NSN=C%114)=C%12N5CCCCCCCCCCCC)=C%12S3,14.03,23.81,0.655,0.86
PBDB-TF,FC(C=C(C1=C2SC=CC2=C(C3=CC(F)=C(CC(CCCC)CC)S3)C4=C1C=C(C5=CC=C(C6=C(C(C(C7=C(CC(CCCC)CC)SC(CC(CC)CCCC)=C78)=O)=C(C9=CC=CC9)S6)C8=O)S5)S4)S%10)=C%10CC(CC)CCCC,BTIC-2Br-m,O=C(C(C=CC(Br)=C1)=C1C/2=C(C#N)/C#N)C2=C/C3=C(CCCCCCCCCCC)C(SC(C4=C5C6=C(C7=C(N6CCCCCCCC)C8=C(C(CCCCCCCCCCC)=C(S8)/C=C9C(C%10=C(C=CC(Br)=C%10)C\9=C(C#N)/C#N)=O)S7)C%11=NSN=C%114)=C%12N5CCCCCCCC)=C%12S3,16.11,23.77,0.713,0.88
PBDB-TF,FC(C=C(C1=C2SC=CC2=C(C3=CC(F)=C(CC(CCCC)CC)S3)C4=C1C=C(C5=CC=C(C6=C(C(C(C7=C(CC(CCCC)CC)SC(CC(CC)CCCC)=C78)=O)=C(C9=CC=CC9)S6)C8=O)S5)S4)S%10)=C%10CC(CC)CCCC,IT-4F,c1(cc2c(cc1F)C(=O)/C(=C\c1cc3c(s1)c1c(s3)c3c(C1(c1ccc(cc1)CCCCCC)c1ccc(cc1)CCCCCC)cc1c(c3)C(c3c1sc1c3sc(c1)/C=C/1\C(=O)c3c(C1=C(C#N)C#N)cc(c(c3)F)F)(c1ccc(cc1)CCCCCC)c1ccc(cc1)CCCCCC)/C2=C(C#N)C#N)F,13.7,20.2,0.789,0.858
PBDB-TF,FC(C=C(C1=C2SC=CC2=C(C3=CC(F)=C(CC(CCCC)CC)S3)C4=C1C=C(C5=CC=C(C6=C(C(C(C7=C(CC(CCCC)CC)SC(CC(CC)CCCC)=C78)=O)=C(C9=CC=CC9)S6)C8=O)S5)S4)S%10)=C%10CC(CC)CCCC,BTP-4Cl,O=C(C(/C1=C(C#N)/C#N)=C\C2=C(CCCCCCCCCCC)C3=C(C(N(CCCCCCCC)C4=C5C6=NSN=C6C7=C4N(C8=C7SC9=C8SC(/C=C(C%10=O)/C(C%11=C%10C=C(C(Cl)=C%11)Cl)=C(C#N)\C#N)=C9CCCCCCCCCCC)CCCCCCCC)=C5S3)S2)C%12=C1C=C(Cl)C(Cl)=C%12,16.5,25.5,0.76,0.85
PBDB-T-Br,CC(S1)=CC=C1C2=C3C(C(C4=C(SC(CC(CC)CCCC)=C4C3=O)CC(CCCC)CC)=O)=C(S2)C(S5)=CC=C5C6=CC7=C(C8=CC(Cl)=C(CCCCCBr)C8)C9=C(C=C(S9)C)C(C%10=CC(Cl)=C(CCCCCBr)C%10)=C7S6,Y6,O=C(C/1=C\C2=C(C3=C(S2)C(N4C5=CC=C(CCCCCC)C=C5)=C(C6=C4C7=C(C8=NSN=C68)C(SC9=C%10SC(/C=C%11C(C%12=CC(F)=C(C=C%12C\%11=C(C#N)/C#N)F)=O)=C9CCCCCCCCCCC)=C%10N7C%13=CC=C(CCCCCC)C=C%13)S3)CCCCCCCCCCC)C%14=CC(F)=C(F)C=C%14C1=C(C#N)/C#N,13.2,25.26,0.65,0.79
PBDB-T-BO,CC1=CC(C(S1)=C(C2=C3SC(C(S4)=CC=C4C5=C6C(C(C7=C(SC(CC)=C7C6=O)CC)=O)=C(S5)C8=CC=C(C)S8)=C2)C9=CC=C(S9)B=O)=C3C%10=CC=C(S%10)O[B],IT-M,O=C(C1=CC=CC=C1C/2=C(C#N)/C#N)C2=C/C3=CC(SC4C5C(C)=C(C(C6=CC=C(C=C6)CCCCCC)(C7=CC=C(C=C7)CCCCCC)C8=CSC9=C8SC(/C=C%10C(C(C=CC=C%11)=C%11C\%10=C(C#N)/C#N)=C)=C9)C=C(C)C5C(C%12=CC=C(C=C%12)CCCCCC)(C%13=CC=C(C=C%13)CCCCCC)C%144)=C%14S3,10.78,15.68,0.7,0.97
PBDB-T-2F,[F]C1=C(CC)SC(C2=C3C(C=C(C)C3)C(C4=CC([F])=C(S4)CC)=C5SC(C6=CC=C(S6)C7=C(C(C8=C(SC(CC)=C8C9=O)CC)=O)C9=C(C%10=CC=C(S%10)C)S7)=CC25)=C1,IT-4F,c1(cc2c(cc1F)C(=O)/C(=C\c1cc3c(s1)c1c(s3)c3c(C1(c1ccc(cc1)CCCCCC)c1ccc(cc1)CCCCCC)cc1c(c3)C(c3c1sc1c3sc(c1)/C=C/1\C(=O)c3c(C1=C(C#N)C#N)cc(c(c3)F)F)(c1ccc(cc1)CCCCCC)c1ccc(cc1)CCCCCC)/C2=C(C#N)C#N)F,13.2,20.81,0.76,0.84
PBDB-T-2F,[F]C1=C(CC)SC(C2=C3C(C=C(C)C3)C(C4=CC([F])=C(S4)CC)=C5SC(C6=CC=C(S6)C7=C(C(C8=C(SC(CC)=C8C9=O)CC)=O)C9=C(C%10=CC=C(S%10)C)S7)=CC25)=C1,IT-4F,c1(cc2c(cc1F)C(=O)/C(=C\c1cc3c(s1)c1c(s3)c3c(C1(c1ccc(cc1)CCCCCC)c1ccc(cc1)CCCCCC)cc1c(c3)C(c3c1sc1c3sc(c1)/C=C/1\C(=O)c3c(C1=C(C#N)C#N)cc(c(c3)F)F)(c1ccc(cc1)CCCCCC)c1ccc(cc1)CCCCCC)/C2=C(C#N)C#N)F,14.4,21.8,0.77,0.86
PBDB-T-2F,[F]C1=C(CC)SC(C2=C3C(C=C(C)C3)C(C4=CC([F])=C(S4)CC)=C5SC(C6=CC=C(S6)C7=C(C(C8=C(SC(CC)=C8C9=O)CC)=O)C9=C(C%10=CC=C(S%10)C)S7)=CC25)=C1,TfIF-IC,O=C(C1=C(C=CC=C1)C/2=C(C#N)\C#N)C2=C/C3=CC4=C(C(C=C(C(CCCCCCCC)(CCCCCCCC)C5=C6C=C7C(C8=CC(C(CCCCCCCC)(CCCCCCCC)C9=C%10SC(/C=C%11C(C%12=C(C=CC=C%12)C\%11=C(C#N)\C#N)=O)=C9)=C%10C=C8C7(CCCCCCCC)CCCCCCCC)=C5)C6=C%13)=C%13C4(CCCCCCCC)CCCCCCCC)S3,5.9,10.8,0.54,1.01
PBDB-T-2F,[F]C1=C(CC)SC(C2=C3C(C=C(C)C3)C(C4=CC([F])=C(S4)CC)=C5SC(C6=CC=C(S6)C7=C(C(C8=C(SC(CC)=C8C9=O)CC)=O)C9=C(C%10=CC=C(S%10)C)S7)=CC25)=C1,TfIF-4FIC,O=C(C1=C(C=C(F)C(F)=C1)C/2=C(C#N)\C#N)C2=C/C3=CC4=C(C(C=C(C(CCCCCCCC)(CCCCCCCC)C5=C6C=C7C(C8=CC(C(CCCCCCCC)(CCCCCCCC)C9=C%10SC(/C=C%11C(C%12=C(C=C(F)C(F)=C%12)C\%11=C(C#N)\C#N)=O)=C9)=C%10C=C8C7(CCCCCCCC)CCCCCCCC)=C5)C6=C%13)=C%13C4(CCCCCCCC)CCCCCCCC)S3,13.1,17.6,0.76,0.98
PBDB-T-2F,[F]C1=C(CC)SC(C2=C3C(C=C(C)C3)C(C4=CC([F])=C(S4)CC)=C5SC(C6=CC=C(S6)C7=C(C(C8=C(SC(CC)=C8C9=O)CC)=O)C9=C(C%10=CC=C(S%10)C)S7)=CC25)=C1,IT-4F,c1(cc2c(cc1F)C(=O)/C(=C\c1cc3c(s1)c1c(s3)c3c(C1(c1ccc(cc1)CCCCCC)c1ccc(cc1)CCCCCC)cc1c(c3)C(c3c1sc1c3sc(c1)/C=C/1\C(=O)c3c(C1=C(C#N)C#N)cc(c(c3)F)F)(c1ccc(cc1)CCCCCC)c1ccc(cc1)CCCCCC)/C2=C(C#N)C#N)F,12.3,21.61,0.692,0.83
PBDB-T-2F,[F]C1=C(CC)SC(C2=C3C(C=C(C)C3)C(C4=CC([F])=C(S4)CC)=C5SC(C6=CC=C(S6)C7=C(C(C8=C(SC(CC)=C8C9=O)CC)=O)C9=C(C%10=CC=C(S%10)C)S7)=CC25)=C1,IT-4F,c1(cc2c(cc1F)C(=O)/C(=C\c1cc3c(s1)c1c(s3)c3c(C1(c1ccc(cc1)CCCCCC)c1ccc(cc1)CCCCCC)cc1c(c3)C(c3c1sc1c3sc(c1)/C=C/1\C(=O)c3c(C1=C(C#N)C#N)cc(c(c3)F)F)(c1ccc(cc1)CCCCCC)c1ccc(cc1)CCCCCC)/C2=C(C#N)C#N)F,11.6,19.3,0.719,0.81
PBDB-T-2F,[F]C1=C(CC)SC(C2=C3C(C=C(C)C3)C(C4=CC([F])=C(S4)CC)=C5SC(C6=CC=C(S6)C7=C(C(C8=C(SC(CC)=C8C9=O)CC)=O)C9=C(C%10=CC=C(S%10)C)S7)=CC25)=C1,Y6,O=C(C/1=C\C2=C(C3=C(S2)C(N4C5=CC=C(CCCCCC)C=C5)=C(C6=C4C7=C(C8=NSN=C68)C(SC9=C%10SC(/C=C%11C(C%12=CC(F)=C(C=C%12C\%11=C(C#N)/C#N)F)=O)=C9CCCCCCCCCCC)=C%10N7C%13=CC=C(CCCCCC)C=C%13)S3)CCCCCCCCCCC)C%14=CC(F)=C(F)C=C%14C1=C(C#N)/C#N,15.3,24.8,0.72,0.85
PBDB-T-2F,[F]C1=C(CC)SC(C2=C3C(C=C(C)C3)C(C4=CC([F])=C(S4)CC)=C5SC(C6=CC=C(S6)C7=C(C(C8=C(SC(CC)=C8C9=O)CC)=O)C9=C(C%10=CC=C(S%10)C)S7)=CC25)=C1,SRID-4F,O=C1C2=C(C=C(F)C(F)=C2)C(/C1=C/C([Se]3)=CC4=C3C(C5(C6=CC=C(CCCCCC)C=C6)C7=CC=C(CCCCCC)C=C7)=C(S4)C(C5=C8)=CC9=C8C(S%10)=C(C9(C%11=CC=C(CCCCCC)C=C%11)C%12=CC=C(CCCCCC)C=C%12)C%13=C%10C=C([Se]%13)/C=C(/C%14=C(C#N)\C#N)C(C%15=C%14C=C(F)C(F)=C%15)=C)=C(C#N)/C#N,13.05,20.29,0.747,0.843
PBDB-T-2F,[F]C1=C(CC)SC(C2=C3C(C=C(C)C3)C(C4=CC([F])=C(S4)CC)=C5SC(C6=CC=C(S6)C7=C(C(C8=C(SC(CC)=C8C9=O)CC)=O)C9=C(C%10=CC=C(S%10)C)S7)=CC25)=C1,TRID-4F,O=C1C2=C(C=C(F)C(F)=C2)C(/C1=C/C(S3)=CC4=C3C(C5(C6=CC=C(CCCCCC)C=C6)C7=CC=C(CCCCCC)C=C7)=C([Se]4)C(C5=C8)=CC9=C8C([Se]%10)=C(C9(C%11=CC=C(CCCCCC)C=C%11)C%12=CC=C(CCCCCC)C=C%12)C%13=C%10C=C(S%13)/C=C(/C%14=C(C#N)\C#N)C(C%15=C%14C=C(F)C(F)=C%15)=C)=C(C#N)/C#N,12.33,18.37,0.739,0.873
PBDB-T-2F,[F]C1=C(CC)SC(C2=C3C(C=C(C)C3)C(C4=CC([F])=C(S4)CC)=C5SC(C6=CC=C(S6)C7=C(C(C8=C(SC(CC)=C8C9=O)CC)=O)C9=C(C%10=CC=C(S%10)C)S7)=CC25)=C1,IT-4F,c1(cc2c(cc1F)C(=O)/C(=C\c1cc3c(s1)c1c(s3)c3c(C1(c1ccc(cc1)CCCCCC)c1ccc(cc1)CCCCCC)cc1c(c3)C(c3c1sc1c3sc(c1)/C=C/1\C(=O)c3c(C1=C(C#N)C#N)cc(c(c3)F)F)(c1ccc(cc1)CCCCCC)c1ccc(cc1)CCCCCC)/C2=C(C#N)C#N)F,12.63,19.19,0.752,0.862
PBDB-T-2F,[F]C1=C(CC)SC(C2=C3C(C=C(C)C3)C(C4=CC([F])=C(S4)CC)=C5SC(C6=CC=C(S6)C7=C(C(C8=C(SC(CC)=C8C9=O)CC)=O)C9=C(C%10=CC=C(S%10)C)S7)=CC25)=C1,HBDT-4Cl,O=C1C2=C(C=C(Cl)C(Cl)=C2)C(/C1=C/C(S3)=CC4=C3C(S5)=C(C4(C6=CC=C(CCCCCC)C=C6)C7=CC=C(CCCCCC)C=C7)C8=C5C(C9=CC([H])=C(CC(CC)CCCC)S9)=C(C(C%10(C%11=CC=C(CCCCCC)C=C%11)C%12=CC=C(CCCCCC)C=C%12)=C(S%13)C%14=C%10C=C(/C=C(/C%15=C(C#N)\C#N)C(C%16=C%15C=C(Cl)C(Cl)=C%16)=O)S%14)C%13=C8C%17=CC([H])=C(CC(CC)CCCC)S%17)=C(C#N)/C#N,10.35,17.6,0.641,0.899
PBDB-T-2F,[F]C1=C(CC)SC(C2=C3C(C=C(C)C3)C(C4=CC([F])=C(S4)CC)=C5SC(C6=CC=C(S6)C7=C(C(C8=C(SC(CC)=C8C9=O)CC)=O)C9=C(C%10=CC=C(S%10)C)S7)=CC25)=C1,FBDT-4Cl,O=C1C2=C(C=C(Cl)C(Cl)=C2)C(/C1=C/C(S3)=CC4=C3C(S5)=C(C4(C6=CC=C(CCCCCC)C=C6)C7=CC=C(CCCCCC)C=C7)C8=C5C(C9=CC(F)=C(CC(CC)CCCC)S9)=C(C(C%10(C%11=CC=C(CCCCCC)C=C%11)C%12=CC=C(CCCCCC)C=C%12)=C(S%13)C%14=C%10C=C(/C=C(/C%15=C(C#N)\C#N)C(C%16=C%15C=C(Cl)C(Cl)=C%16)=O)S%14)C%13=C8C%17=CC(F)=C(CC(CC)CCCC)S%17)=C(C#N)/C#N,12.36,19.51,0.7,0.884
PBDB-T-2F,[F]C1=C(CC)SC(C2=C3C(C=C(C)C3)C(C4=CC([F])=C(S4)CC)=C5SC(C6=CC=C(S6)C7=C(C(C8=C(SC(CC)=C8C9=O)CC)=O)C9=C(C%10=CC=C(S%10)C)S7)=CC25)=C1,ClBDT-4Cl,O=C1C2=C(C=C(Cl)C(Cl)=C2)C(/C1=C/C(S3)=CC4=C3C(S5)=C(C4(C6=CC=C(CCCCCC)C=C6)C7=CC=C(CCCCCC)C=C7)C8=C5C(C9=CC(Cl)=C(CC(CC)CCCC)S9)=C(C(C%10(C%11=CC=C(CCCCCC)C=C%11)C%12=CC=C(CCCCCC)C=C%12)=C(S%13)C%14=C%10C=C(/C=C(/C%15=C(C#N)\C#N)C(C%16=C%15C=C(Cl)C(Cl)=C%16)=O)S%14)C%13=C8C%17=CC(Cl)=C(CC(CC)CCCC)S%17)=C(C#N)/C#N,11.65,18.98,0.677,0.875
PBDB-T-2F,[F]C1=C(CC)SC(C2=C3C(C=C(C)C3)C(C4=CC([F])=C(S4)CC)=C5SC(C6=CC=C(S6)C7=C(C(C8=C(SC(CC)=C8C9=O)CC)=O)C9=C(C%10=CC=C(S%10)C)S7)=CC25)=C1,BTP-4F,O=C(C(/C1=C(C#N)/C#N)=C\C2=C(CCCCCCCCCCC)C3=C(C(N(CCCCCCCC)C4=C5C6=NSN=C6C7=C4N(C8=C7SC9=C8SC(/C=C(C%10=O)/C(C%11=C%10C=C(C(F)=C%11)F)=C(C#N)\C#N)=C9CCCCCCCCCCC)CCCCCCCC)=C5S3)S2)C%12=C1C=C(F)C(F)=C%12,15.4,25.2,0.77,0.8
PBDB-T2F,[F]C1=C(CC)SC(C2=C3C(C=C(C)C3)C(C4=CC([F])=C(S4)CC)=C5SC(C6=CC=C(S6)C7=C(C(C8=C(SC(CC)=C8C9=O)CC)=O)C9=C(C%10=CC=C(S%10)C)S7)=CC25)=C1,a-ITIC-2Cl,O=C1C(/C(C2=CC=CC=C21)=C(C#N)/C#N)=C\C3=CC4=C(S3)C(C(C5=CC=C(C=C5)CCCCCC)(C6=C7C=C(C(C8=CC=C(CCCCCC)C=C8)(C9=CC=C(CCCCCC)C=C9)C%10=C%11SC%12=C%10SC(/C=C%13C(C%14=CC(Cl)=C(C=C%14C\%13=C(C#N)\C#N)Cl)=O)=C%12)C%11=C6)C%15=CC=C(C=C%15)CCCCCC)=C7S4,12.23,18.91,0.735,0.88
PBDBT-2F,[F]C1=C(CC)SC(C2=C3C(C=C(C)C3)C(C4=CC([F])=C(S4)CC)=C5SC(C6=CC=C(S6)C7=C(C(C8=C(SC(CC)=C8C9=O)CC)=O)C9=C(C%10=CC=C(S%10)C)S7)=CC25)=C1,IT-4F,c1(cc2c(cc1F)C(=O)/C(=C\c1cc3c(s1)c1c(s3)c3c(C1(c1ccc(cc1)CCCCCC)c1ccc(cc1)CCCCCC)cc1c(c3)C(c3c1sc1c3sc(c1)/C=C/1\C(=O)c3c(C1=C(C#N)C#N)cc(c(c3)F)F)(c1ccc(cc1)CCCCCC)c1ccc(cc1)CCCCCC)/C2=C(C#N)C#N)F,13.72,20.54,0.777,0.86
PBDBT-2F,[F]C1=C(CC)SC(C2=C3C(C=C(C)C3)C(C4=CC([F])=C(S4)CC)=C5SC(C6=CC=C(S6)C7=C(C(C8=C(SC(CC)=C8C9=O)CC)=O)C9=C(C%10=CC=C(S%10)C)S7)=CC25)=C1,Y6,O=C(C/1=C\C2=C(C3=C(S2)C(N4C5=CC=C(CCCCCC)C=C5)=C(C6=C4C7=C(C8=NSN=C68)C(SC9=C%10SC(/C=C%11C(C%12=CC(F)=C(C=C%12C\%11=C(C#N)/C#N)F)=O)=C9CCCCCCCCCCC)=C%10N7C%13=CC=C(CCCCCC)C=C%13)S3)CCCCCCCCCCC)C%14=CC(F)=C(F)C=C%14C1=C(C#N)/C#N,16.09,26.22,0.749,0.82
PBDB-T-2Cl,[Cl]C1=C(CC)SC(C2=C3C(C=C(C)C3)C(C4=CC([Cl])=C(S4)CC)=C5SC(C6=CC=C(S6)C7=C(C(C8=C(SC(CC)=C8C9=O)CC)=O)C9=C(C%10=CC=C(S%10)C)S7)=CC25)=C1,IT-4F,c1(cc2c(cc1F)C(=O)/C(=C\c1cc3c(s1)c1c(s3)c3c(C1(c1ccc(cc1)CCCCCC)c1ccc(cc1)CCCCCC)cc1c(c3)C(c3c1sc1c3sc(c1)/C=C/1\C(=O)c3c(C1=C(C#N)C#N)cc(c(c3)F)F)(c1ccc(cc1)CCCCCC)c1ccc(cc1)CCCCCC)/C2=C(C#N)C#N)F,12.96,18.84,0.745,0.881
PBDB-T-2Cl,[Cl]C1=C(CC)SC(C2=C3C(C=C(C)C3)C(C4=CC([Cl])=C(S4)CC)=C5SC(C6=CC=C(S6)C7=C(C(C8=C(SC(CC)=C8C9=O)CC)=O)C9=C(C%10=CC=C(S%10)C)S7)=CC25)=C1,IT-4F,c1(cc2c(cc1F)C(=O)/C(=C\c1cc3c(s1)c1c(s3)c3c(C1(c1ccc(cc1)CCCCCC)c1ccc(cc1)CCCCCC)cc1c(c3)C(c3c1sc1c3sc(c1)/C=C/1\C(=O)c3c(C1=C(C#N)C#N)cc(c(c3)F)F)(c1ccc(cc1)CCCCCC)c1ccc(cc1)CCCCCC)/C2=C(C#N)C#N)F,14.4,21.8,0.76,0.86
PBDB-T2Cl,[Cl]C1=C(CC)SC(C2=C3C(C=C(C)C3)C(C4=CC([Cl])=C(S4)CC)=C5SC(C6=CC=C(S6)C7=C(C(C8=C(SC(CC)=C8C9=O)CC)=O)C9=C(C%10=CC=C(S%10)C)S7)=CC25)=C1,IDIC-4H,O=C(C(C=C(C([H])=C1)[H])=C1C/2=C(C#N)\C#N)C2=C/C3=CC(C4(C5=CC=C(C=C5)CCCCCC)C(C=C6)=CC=C6CCCCCC)=C(C(C=C7C8(C(C=C9)=CC=C9CCCCCC)C(C=C%10)=CC=C%10CCCCCC)=C4C=C7C%11=C8C=C(/C=C%12C(C(C=C(C([H])=C%13)[H])=C%13C\%12=C(C#N)\C#N)=O)S%11)S3,4.57,10.32,0.453,0.98
PBDB-T2Cl,[Cl]C1=C(CC)SC(C2=C3C(C=C(C)C3)C(C4=CC([Cl])=C(S4)CC)=C5SC(C6=CC=C(S6)C7=C(C(C8=C(SC(CC)=C8C9=O)CC)=O)C9=C(C%10=CC=C(S%10)C)S7)=CC25)=C1,IDIC-4F,O=C(C(C=C(C(F)=C1)F)=C1C/2=C(C#N)\C#N)C2=C/C3=CC(C4(C5=CC=C(C=C5)CCCCCC)C(C=C6)=CC=C6CCCCCC)=C(C(C=C7C8(C(C=C9)=CC=C9CCCCCC)C(C=C%10)=CC=C%10CCCCCC)=C4C=C7C%11=C8C=C(/C=C%12C(C(C=C(C(F)=C%13)F)=C%13C\%12=C(C#N)\C#N)=O)S%11)S3,7.1,13.0,0.619,0.88
PBDB-T2Cl,[Cl]C1=C(CC)SC(C2=C3C(C=C(C)C3)C(C4=CC([Cl])=C(S4)CC)=C5SC(C6=CC=C(S6)C7=C(C(C8=C(SC(CC)=C8C9=O)CC)=O)C9=C(C%10=CC=C(S%10)C)S7)=CC25)=C1,IDIC-4Cl,O=C(C(C=C(C(Cl)=C1)Cl)=C1C/2=C(C#N)\C#N)C2=C/C3=CC(C4(C5=CC=C(C=C5)CCCCCC)C(C=C6)=CC=C6CCCCCC)=C(C(C=C7C8(C(C=C9)=CC=C9CCCCCC)C(C=C%10)=CC=C%10CCCCCC)=C4C=C7C%11=C8C=C(/C=C%12C(C(C=C(C(Cl)=C%13)Cl)=C%13C\%12=C(C#N)\C#N)=O)S%11)S3,9.24,16.21,0.687,0.83
PBDBT-2Cl,[Cl]C1=C(CC)SC(C2=C3C(C=C(C)C3)C(C4=CC([Cl])=C(S4)CC)=C5SC(C6=CC=C(S6)C7=C(C(C8=C(SC(CC)=C8C9=O)CC)=O)C9=C(C%10=CC=C(S%10)C)S7)=CC25)=C1,BTCIC-4Cl,O=C(C1=C(C=C(Cl)C(Cl)=C1)C/2=C(C#N)\C#N)C2=C/C3=CC(C4(CC(CC)CCCC)CC(CC)CCCC)=C(S3)C(S5)=C4C=C5C(C6=NSN=C76)=CC=C7C8=CC9=C(C%10=C(C9(CC(CCC)CCCC)CC(CC)CCCC)C=C(/C=C%11C(C%12=C(C=C(Cl)C(Cl)=C%12)C\%11=C(C#N)\C#N)=O)S%10)S8,10.5,20.8,0.63,0.75
PBDBT-2Cl,[Cl]C1=C(CC)SC(C2=C3C(C=C(C)C3)C(C4=CC([Cl])=C(S4)CC)=C5SC(C6=CC=C(S6)C7=C(C(C8=C(SC(CC)=C8C9=O)CC)=O)C9=C(C%10=CC=C(S%10)C)S7)=CC25)=C1,IT-4F,c1(cc2c(cc1F)C(=O)/C(=C\c1cc3c(s1)c1c(s3)c3c(C1(c1ccc(cc1)CCCCCC)c1ccc(cc1)CCCCCC)cc1c(c3)C(c3c1sc1c3sc(c1)/C=C/1\C(=O)c3c(C1=C(C#N)C#N)cc(c(c3)F)F)(c1ccc(cc1)CCCCCC)c1ccc(cc1)CCCCCC)/C2=C(C#N)C#N)F,14.05,21.52,0.759,0.86
PBDB-T-2Cl,[Cl]C1=C(CC)SC(C2=C3C(C=C(C)C3)C(C4=CC([Cl])=C(S4)CC)=C5SC(C6=CC=C(S6)C7=C(C(C8=C(SC(CC)=C8C9=O)CC)=O)C9=C(C%10=CC=C(S%10)C)S7)=CC25)=C1,IT-4F,c1(cc2c(cc1F)C(=O)/C(=C\c1cc3c(s1)c1c(s3)c3c(C1(c1ccc(cc1)CCCCCC)c1ccc(cc1)CCCCCC)cc1c(c3)C(c3c1sc1c3sc(c1)/C=C/1\C(=O)c3c(C1=C(C#N)C#N)cc(c(c3)F)F)(c1ccc(cc1)CCCCCC)c1ccc(cc1)CCCCCC)/C2=C(C#N)C#N)F,10.04,19.48,0.647,0.8
PBDB-T1,CC1=CC(C(S1)=C(C2=C3SC(C4=CC=C(C5=C6C(C(C7=C(SC(CCCCCCCC)=C7C6=O)CCCCCCCC)=O)=C(C8=CC=C(C)S8)S5)S4)=C2)C9=CC=C(S9)CC(CC)CCCC)=C3C%10=CC=C(S%10)CC(CCCC)CC,ITIC,c12cc3c(cc1C(c1c2sc2c1sc(c2)/C=C\1/C(=C(C#N)C#N)c2c(C1=O)cccc2)(c1ccc(cc1)CCCCCC)c1ccc(cc1)CCCCCC)c1c(C3(c2ccc(cc2)CCCCCC)c2ccc(cc2)CCCCCC)c2c(s1)cc(s2)/C=C\1/C(=C(C#N)C#N)c2c(C1=O)cccc2,9.05,16.11,0.64,0.87
PBDB-T1,CC1=CC(C(S1)=C(C2=C3SC(C4=CC=C(C5=C6C(C(C7=C(SC(CCCCCCCC)=C7C6=O)CCCCCCCC)=O)=C(C8=CC=C(C)S8)S5)S4)=C2)C9=CC=C(S9)CC(CC)CCCC)=C3C%10=CC=C(S%10)CC(CCCC)CC,ITTIC,O=C(C(C=CC=C1)=C1C/2=C(C#N)\C#N)C2=C/C(S3)=CC=C3C4=CC5=C(C(C6(C7=CC=C(C=C7)CCCCCC)C(C=C8)=CC=C8CCCCCC)=C(C(C=C9C%10(C(C=C%11)=CC=C%11CCCCCC)C(C=C%12)=CC=C%12CCCCCC)=C6C=C9C%13=C%10C%14=C(C=C(S%14)C%15=CC=C(S%15)/C=C%16C(C%17=C(C=CC=C%17)C\%16=C(C#N)\C#N)=O)S%13)S5)S4,9.12,15.93,0.62,0.92
PBDB-T,O=C(C1=C(CCC(CCCC)CC)SC(CCC(CC)CCCC)=C1C2=O)C(C2=C(C3)C(C4)=CC=C4C5=CC6=C(C(C7=CC=C(CCC(CCCC)CC)S7)=C8C=CSC8=C6C9=CC=C(CCC(CCCC)CC)S9)S5)=C3C%10=CC=CS%10,ITDI,O=C1C(/C(C2=C1C=CC=C2)=C(C#N)/C#N)=C\C3=CC=C(S3)C4=CC=C(S4)C5=CC=C6C(C(CC(CCCC)CC)(C7=C6SC(C8=CC=C(S8)/C=C9C(C(C=CC=C%10)=C%10C\9=C(C#N)\C#N)=O)=C7)CC(CCCC)CC)=C5,8.0,13.94,0.598,0.94
PBDB-T,O=C(C1=C(CCC(CCCC)CC)SC(CCC(CC)CCCC)=C1C2=O)C(C2=C(C3)C(C4)=CC=C4C5=CC6=C(C(C7=CC=C(CCC(CCCC)CC)S7)=C8C=CSC8=C6C9=CC=C(CCC(CCCC)CC)S9)S5)=C3C%10=CC=CS%10,BDCPDT-IC,O=C(C1=C(C=CC=C1)C/2=C(C#N)\C#N)C2=C/C3=CC(C4(C(C=C5)=CC=C5CCCCCC)C(C=C6)=CC=C6CCCCCC)=C(C(SC7=C8)=C4C7=CC9=C8C%10=C(C(SC(/C=C%11/C(C(C=CC=C%12)=C%12C%11=O)=C(C#N)/C#N)=C%13)=C%13C%10(C(C=C%14)=CC=C%14CCCCCC)C%15=CC=C(C=C%15)CCCCCC)S9)S3,9.33,16.56,0.655,0.86
PBDB-T,O=C(C1=C(CCC(CCCC)CC)SC(CCC(CC)CCCC)=C1C2=O)C(C2=C(C3)C(C4)=CC=C4C5=CC6=C(C(C7=CC=C(CCC(CCCC)CC)S7)=C8C=CSC8=C6C9=CC=C(CCC(CCCC)CC)S9)S5)=C3C%10=CC=CS%10,BDCPDT-TTC,O=C(C1=C(SC2=C1SC=C2)C/3=C(C#N)\C#N)C3=C/C4=CC(C5(C(C=C6)=CC=C6CCCCCC)C(C=C7)=CC=C7CCCCCC)=C(C(SC8=C9)=C5C8=CC%10=C9C%11=C(C(SC(/C=C%12/C(C(SC%13=C%14SC=C%13)=C%14C%12=O)=C(C#N)/C#N)=C%15)=C%15C%11(C(C=C%16)=CC=C%16CCCCCC)C%17=CC=C(C=C%17)CCCCCC)S%10)S4,10.29,17.72,0.618,0.94
PBDB-T,O=C(C1=C(CCC(CCCC)CC)SC(CCC(CC)CCCC)=C1C2=O)C(C2=C(C3)C(C4)=CC=C4C5=CC6=C(C(C7=CC=C(CCC(CCCC)CC)S7)=C8C=CSC8=C6C9=CC=C(CCC(CCCC)CC)S9)S5)=C3C%10=CC=CS%10,BDCPDT-IC,O=C(C1=C(C=CC=C1)C/2=C(C#N)\C#N)C2=C/C3=CC(C4(C(C=C5)=CC=C5CCCCCC)C(C=C6)=CC=C6CCCCCC)=C(C(SC7=C8)=C4C7=CC9=C8C%10=C(C(SC(/C=C%11/C(C(C=CC=C%12)=C%12C%11=O)=C(C#N)/C#N)=C%13)=C%13C%10(C(C=C%14)=CC=C%14CCCCCC)C%15=CC=C(C=C%15)CCCCCC)S9)S3,9.33,16.56,0.655,0.86
PBDB-T,O=C(C1=C(CCC(CCCC)CC)SC(CCC(CC)CCCC)=C1C2=O)C(C2=C(C3)C(C4)=CC=C4C5=CC6=C(C(C7=CC=C(CCC(CCCC)CC)S7)=C8C=CSC8=C6C9=CC=C(CCC(CCCC)CC)S9)S5)=C3C%10=CC=CS%10,BDCPDT-FIC,O=C(C1=C(C=C(F)C(F)=C1)C/2=C(C#N)\C#N)C2=C/C3=CC(C4(C(C=C5)=CC=C5CCCCCC)C(C=C6)=CC=C6CCCCCC)=C(C(SC7=C8)=C4C7=CC9=C8C%10=C(C(SC(/C=C%11/C(C(C=C(F)C(F)=C%12)=C%12C%11=O)=C(C#N)/C#N)=C%13)=C%13C%10(C(C=C%14)=CC=C%14CCCCCC)C%15=CC=C(C=C%15)CCCCCC)S9)S3,8.12,19.12,0.607,0.7
PBDB-T,O=C(C1=C(CCC(CCCC)CC)SC(CCC(CC)CCCC)=C1C2=O)C(C2=C(C3)C(C4)=CC=C4C5=CC6=C(C(C7=CC=C(CCC(CCCC)CC)S7)=C8C=CSC8=C6C9=CC=C(CCC(CCCC)CC)S9)S5)=C3C%10=CC=CS%10,IDT6CN-M,O=C(C(C=CC(C)=C1)=C1C/2=C(C#N)/C#N)C2=C/C3=CC4=C(S3)C5=C(C=C6C(SC7=C8SC(/C=C9C(C%10=C(C=C(C)C=C%10)C\9=C(C#N)/C#N)=O)=C7)=C8C(C%11=CC=C(CCCCCC)C=C%11)(C%12=CC=C(CCCCCC)C=C%12)C6=C5)C4(C%13=CC=C(CCCCCC)C=C%13)C%14=CC=C(CCCCCC)C=C%14,11.23,15.97,0.761,0.924
PBDB-T,O=C(C1=C(CCC(CCCC)CC)SC(CCC(CC)CCCC)=C1C2=O)C(C2=C(C3)C(C4)=CC=C4C5=CC6=C(C(C7=CC=C(CCC(CCCC)CC)S7)=C8C=CSC8=C6C9=CC=C(CCC(CCCC)CC)S9)S5)=C3C%10=CC=CS%10,IDT8CN-M,O=C(C1=C(C=CC(C)=C1)C/2=C(C#N)\C#N)C2=C/C3=CC(SC4=C5C(C6=CC=C(CCCCCC)C=C6)(C7=CC=C(CCCCCC)C=C7)C8=C4C=C9C(C%10=C(C9(C%11=CC=C(CCCCCC)C=C%11)C%12=CC=C(CCCCCC)C=C%12)C(SC%13=C%14SC(/C=C%15C(C(C=C(C)C=C%16)=C%16C\%15=C(C#N)\C#N)=O)=C%13)=C%14S%10)=C8)=C5S3,12.43,17.11,0.789,0.92
PBDB-T,O=C(C1=C(CCC(CCCC)CC)SC(CCC(CC)CCCC)=C1C2=O)C(C2=C(C3)C(C4)=CC=C4C5=CC6=C(C(C7=CC=C(CCC(CCCC)CC)S7)=C8C=CSC8=C6C9=CC=C(CCC(CCCC)CC)S9)S5)=C3C%10=CC=CS%10,IDTT2F,O=C(C1=C(C/2=C(C#N)/C#N)C=C(F)C(F)=C1)C2=C/C3=CC=C(C4=CC(C(C5=C6C=C7C(C(SC(C8=CC=C(/C=C9C(C(C=C(F)C(F)=C%10)=C%10C\9=C(C#N)\C#N)=O)S8)=C%11)=C%11C7(C%12=CC=C(CCCCCC)C=C%12)C%13=CC=C(CCCCCC)C=C%13)=C5)(C%14=CC=C(CCCCCC)C=C%14)C%15=CC=C(CCCCCC)C=C%15)=C6S4)S3,8.85,18.51,0.59,0.81
PBDB-T,O=C(C1=C(CCC(CCCC)CC)SC(CCC(CC)CCCC)=C1C2=O)C(C2=C(C3)C(C4)=CC=C4C5=CC6=C(C(C7=CC=C(CCC(CCCC)CC)S7)=C8C=CSC8=C6C9=CC=C(CCC(CCCC)CC)S9)S5)=C3C%10=CC=CS%10,IDTOT2F,O=C(C1=C(C/2=C(C#N)/C#N)C=C(F)C(F)=C1)C2=C/C3=CC=C(C4=C(OCCCCCC)C(C(C5=C6C=C7C(C(SC(C8=CC=C(/C=C9C(C(C=C(F)C(F)=C%10)=C%10C\9=C(C#N)\C#N)=O)S8)=C%11OCCCCCC)=C%11C7(C%12=CC=C(CCCCCC)C=C%12)C%13=CC=C(CCCCCC)C=C%13)=C5)(C%14=CC=C(CCCCCC)C=C%14)C%15=CC=C(CCCCCC)C=C%15)=C6S4)S3,12.79,20.87,0.72,0.85
PBDB-T,O=C(C1=C(CCC(CCCC)CC)SC(CCC(CC)CCCC)=C1C2=O)C(C2=C(C3)C(C4)=CC=C4C5=CC6=C(C(C7=CC=C(CCC(CCCC)CC)S7)=C8C=CSC8=C6C9=CC=C(CCC(CCCC)CC)S9)S5)=C3C%10=CC=CS%10,IT-M,O=C(C1=CC=CC=C1C/2=C(C#N)/C#N)C2=C/C3=CC(SC4C5C(C)=C(C(C6=CC=C(C=C6)CCCCCC)(C7=CC=C(C=C7)CCCCCC)C8=CSC9=C8SC(/C=C%10C(C(C=CC=C%11)=C%11C\%10=C(C#N)/C#N)=C)=C9)C=C(C)C5C(C%12=CC=C(C=C%12)CCCCCC)(C%13=CC=C(C=C%13)CCCCCC)C%144)=C%14S3,12.05,17.31,0.707,0.94
PBDB-T,O=C(C1=C(CCC(CCCC)CC)SC(CCC(CC)CCCC)=C1C2=O)C(C2=C(C3)C(C4)=CC=C4C5=CC6=C(C(C7=CC=C(CCC(CCCC)CC)S7)=C8C=CSC8=C6C9=CC=C(CCC(CCCC)CC)S9)S5)=C3C%10=CC=CS%10,IT-OM-1,CCCCCCC(C=C1)=CC=C1C2(C(C3=C(S4)C=C(S3)/C=C(C(C5=C6C(OC)=CC=C5)=O)\C6=C(C#N)\C#N)=C4C7=C2C=C(C8=C7)C9=C(C8(C%10=CC=C(C=C%10)CCCCCC)C%11=CC=C(C=C%11)CCCCCC)C%12=C(C=C(S%12)/C=C(/C(C%13=C%14C=CC=C%13OC)=C(C#N)\C#N)C%14=O)S9)C(C=C%15)=CC=C%15CCCCCC,6.3,12.31,0.51,1.01
PBDB-T,O=C(C1=C(CCC(CCCC)CC)SC(CCC(CC)CCCC)=C1C2=O)C(C2=C(C3)C(C4)=CC=C4C5=CC6=C(C(C7=CC=C(CCC(CCCC)CC)S7)=C8C=CSC8=C6C9=CC=C(CCC(CCCC)CC)S9)S5)=C3C%10=CC=CS%10,IT-OM-2,CCCCCCC(C=C1)=CC=C1C2(C(C3=C(S4)C=C(S3)/C=C(C(C5=C6C=C(OC)C=C5)=O)\C6=C(C#N)\C#N)=C4C7=C2C=C(C8=C7)C9=C(C8(C%10=CC=C(C=C%10)CCCCCC)C%11=CC=C(C=C%11)CCCCCC)C%12=C(C=C(S%12)/C=C(/C(C%13=C%14C=CC(OC)=C%13)=C(C#N)\C#N)C%14=O)S9)C(C=C%15)=CC=C%15CCCCCC,11.9,17.53,0.73,0.93
PBDB-T,O=C(C1=C(CCC(CCCC)CC)SC(CCC(CC)CCCC)=C1C2=O)C(C2=C(C3)C(C4)=CC=C4C5=CC6=C(C(C7=CC=C(CCC(CCCC)CC)S7)=C8C=CSC8=C6C9=CC=C(CCC(CCCC)CC)S9)S5)=C3C%10=CC=CS%10,IT-OM-3,CCCCCCC(C=C1)=CC=C1C2(C(C3=C(S4)C=C(S3)/C=C(C(C5=C6C=CC(OC)=C5)=O)\C6=C(C#N)\C#N)=C4C7=C2C=C(C8=C7)C9=C(C8(C%10=CC=C(C=C%10)CCCCCC)C%11=CC=C(C=C%11)CCCCCC)C%12=C(C=C(S%12)/C=C(/C(C%13=C%14C=C(OC)C=C%13)=C(C#N)\C#N)C%14=O)S9)C(C=C%15)=CC=C%15CCCCCC,10.8,16.38,0.68,0.97
PBDB-T,O=C(C1=C(CCC(CCCC)CC)SC(CCC(CC)CCCC)=C1C2=O)C(C2=C(C3)C(C4)=CC=C4C5=CC6=C(C(C7=CC=C(CCC(CCCC)CC)S7)=C8C=CSC8=C6C9=CC=C(CCC(CCCC)CC)S9)S5)=C3C%10=CC=CS%10,IT-OM-4,CCCCCCC(C=C1)=CC=C1C2(C(C3=C(S4)C=C(S3)/C=C(C(C5=C6C=CC=C5OC)=O)\C6=C(C#N)\C#N)=C4C7=C2C=C(C8=C7)C9=C(C8(C%10=CC=C(C=C%10)CCCCCC)C%11=CC=C(C=C%11)CCCCCC)C%12=C(C=C(S%12)/C=C(/C(C%13=C%14C(OC)=CC=C%13)=C(C#N)\C#N)C%14=O)S9)C(C=C%15)=CC=C%15CCCCCC,7.9,14.69,0.56,0.96
PBDB-T,O=C(C1=C(CCC(CCCC)CC)SC(CCC(CC)CCCC)=C1C2=O)C(C2=C(C3)C(C4)=CC=C4C5=CC6=C(C(C7=CC=C(CCC(CCCC)CC)S7)=C8C=CSC8=C6C9=CC=C(CCC(CCCC)CC)S9)S5)=C3C%10=CC=CS%10,F-H,O=C(C1=CC=C([H])C=C1C/2=C(C#N)/C#N)C2=C/C3=CC4=C(S3)C5=CC6=C(C=C5C4(CCCCCCCC)CCCCCCCC)C7=C(C=C8C9=C(C=C(S9)/C=C%10C(C%11=CC=C([H])C=C%11C\%10=C(C#N)/C#N)=O)C(CCCCCCCC)(CCCCCCCC)C8=C7)C(CCCCCCCC)6CCCCCCCC,9.59,15.02,0.67,0.94
PBDB-T,O=C(C1=C(CCC(CCCC)CC)SC(CCC(CC)CCCC)=C1C2=O)C(C2=C(C3)C(C4)=CC=C4C5=CC6=C(C(C7=CC=C(CCC(CCCC)CC)S7)=C8C=CSC8=C6C9=CC=C(CCC(CCCC)CC)S9)S5)=C3C%10=CC=CS%10,F-F,O=C(C1=CC=C(F)C=C1C/2=C(C#N)/C#N)C2=C/C3=CC4=C(S3)C5=CC6=C(C=C5C4(CCCCCCCC)CCCCCCCC)C7=C(C=C8C9=C(C=C(S9)/C=C%10C(C%11=CC=C(F)C=C%11C\%10=C(C#N)/C#N)=O)C(CCCCCCCC)(CCCCCCCC)C8=C7)C(CCCCCCCC)6CCCCCCCC,10.85,17.36,0.71,0.88
PBDB-T,O=C(C1=C(CCC(CCCC)CC)SC(CCC(CC)CCCC)=C1C2=O)C(C2=C(C3)C(C4)=CC=C4C5=CC6=C(C(C7=CC=C(CCC(CCCC)CC)S7)=C8C=CSC8=C6C9=CC=C(CCC(CCCC)CC)S9)S5)=C3C%10=CC=CS%10,F-Cl,O=C(C1=CC=C(Cl)C=C1C/2=C(C#N)/C#N)C2=C/C3=CC4=C(S3)C5=CC6=C(C=C5C4(CCCCCCCC)CCCCCCCC)C7=C(C=C8C9=C(C=C(S9)/C=C%10C(C%11=CC=C(Cl)C=C%11C\%10=C(C#N)/C#N)=O)C(CCCCCCCC)(CCCCCCCC)C8=C7)C(CCCCCCCC)6CCCCCCCC,11.47,17.61,0.75,0.87
PBDB-T,O=C(C1=C(CCC(CCCC)CC)SC(CCC(CC)CCCC)=C1C2=O)C(C2=C(C3)C(C4)=CC=C4C5=CC6=C(C(C7=CC=C(CCC(CCCC)CC)S7)=C8C=CSC8=C6C9=CC=C(CCC(CCCC)CC)S9)S5)=C3C%10=CC=CS%10,F-Br,O=C(C1=CC=C(Br)C=C1C/2=C(C#N)/C#N)C2=C/C3=CC4=C(S3)C5=CC6=C(C=C5C4(CCCCCCCC)CCCCCCCC)C7=C(C=C8C9=C(C=C(S9)/C=C%10C(C%11=CC=C(Br)C=C%11C\%10=C(C#N)/C#N)=O)C(CCCCCCCC)(CCCCCCCC)C8=C7)C(CCCCCCCC)6CCCCCCCC,12.05,18.22,0.76,0.87
PBDB-T,O=C(C1=C(CCC(CCCC)CC)SC(CCC(CC)CCCC)=C1C2=O)C(C2=C(C3)C(C4)=CC=C4C5=CC6=C(C(C7=CC=C(CCC(CCCC)CC)S7)=C8C=CSC8=C6C9=CC=C(CCC(CCCC)CC)S9)S5)=C3C%10=CC=CS%10,IXIC,c1ccc2c(c1)C(=O)/C(=C\c1sc3c(c1)sc1c3C(c3c1sc1c3sc3c1C(c1c3sc3c1sc(c3)/C=C/1\C(=O)c3c(C1=C(C#N)C#N)cccc3)(c1ccc(cc1)CCCCCC)c1ccc(cc1)CCCCCC)(c1ccc(cc1)CCCCCC)c1ccc(cc1)CCCCCC)/C2=C(C#N)C#N,11.3,20.9,0.654,0.82
PBDB-T,O=C(C1=C(CCC(CCCC)CC)SC(CCC(CC)CCCC)=C1C2=O)C(C2=C(C3)C(C4)=CC=C4C5=CC6=C(C(C7=CC=C(CCC(CCCC)CC)S7)=C8C=CSC8=C6C9=CC=C(CCC(CCCC)CC)S9)S5)=C3C%10=CC=CS%10,IXIC-2Cl,O=C(C/1=C\c2cc3sc4c(C(c5ccc(CCCCCC)cc5)(c6ccc(CCCCCC)cc6)c7c8sc9c(C(c%10ccc(CCCCCC)cc%10)(c%11ccc(CCCCCC)cc%11)c%12c%13sc(/C=C%14C(c%15ccc(Cl)cc%15C\%14=C(C#N)\C#N)=O)cc%13sc%129)c8sc74)c3s2)c%16ccc(Cl)cc%16C1=C(C#N)/C#N,12.2,23.6,0.709,0.73
PBDB-T,O=C(C1=C(CCC(CCCC)CC)SC(CCC(CC)CCCC)=C1C2=O)C(C2=C(C3)C(C4)=CC=C4C5=CC6=C(C(C7=CC=C(CCC(CCCC)CC)S7)=C8C=CSC8=C6C9=CC=C(CCC(CCCC)CC)S9)S5)=C3C%10=CC=CS%10,IXIC-4Cl,c1(c(cc2c(c1)C(=O)/C(=C\c1sc3c(c1)sc1c3C(c3c1sc1c3sc3c1C(c1c3sc3c1sc(c3)/C=C/1\C(=O)c3c(C1=C(C#N)C#N)cc(c(c3)Cl)Cl)(c1ccc(cc1)CCCCCC)c1ccc(cc1)CCCCCC)(c1ccc(cc1)CCCCCC)c1ccc(cc1)CCCCCC)/C2=C(C#N)C#N)Cl)Cl,11.2,22.9,0.712,0.69
PBDB-T,O=C(C1=C(CCC(CCCC)CC)SC(CCC(CC)CCCC)=C1C2=O)C(C2=C(C3)C(C4)=CC=C4C5=CC6=C(C(C7=CC=C(CCC(CCCC)CC)S7)=C8C=CSC8=C6C9=CC=C(CCC(CCCC)CC)S9)S5)=C3C%10=CC=CS%10,IDTO-T-4,O=C(C(C=C(C(F)=C1)F)=C1C/2=C(C#N)\C#N)C2=C/C(S3)=CC=C3C(SC4=C5C(C6=CC=C(CCCCCC)C=C6)(C7=CC=C(CCCCCC)C=C7)C(C4=C8)=CC9=C8C(C%10=CC=C(CCCCCC)C=C%10)(C%11=CC=C(CCCCCC)C=C%11)C%12=C9SC(C%13=CC=C(S%13)/C=C%14C(C(C=C(C(F)=C%15)F)=C%15C\%14=C(C#N)\C#N)=O)=C%12OCCCCCCCC)=C5OCCCCCCCC,12.62,20.12,0.727,0.864
PBDB-T,O=C(C1=C(CCC(CCCC)CC)SC(CCC(CC)CCCC)=C1C2=O)C(C2=C(C3)C(C4)=CC=C4C5=CC6=C(C(C7=CC=C(CCC(CCCC)CC)S7)=C8C=CSC8=C6C9=CC=C(CCC(CCCC)CC)S9)S5)=C3C%10=CC=CS%10,IDTO-Se-4,O=C(C(C=C(C(F)=C1)F)=C1C/2=C(C#N)\C#N)C2=C/C([Se]3)=CC=C3C(SC4=C5C(C6=CC=C(CCCCCC)C=C6)(C7=CC=C(CCCCCC)C=C7)C(C4=C8)=CC9=C8C(C%10=CC=C(CCCCCC)C=C%10)(C%11=CC=C(CCCCCC)C=C%11)C%12=C9SC(C%13=CC=C([Se]%13)/C=C%14C(C(C=C(C(F)=C%15)F)=C%15C\%14=C(C#N)\C#N)=O)=C%12OCCCCCCCC)=C5OCCCCCCCC,10.67,18.55,0.692,0.831
PBDB-T,O=C(C1=C(CCC(CCCC)CC)SC(CCC(CC)CCCC)=C1C2=O)C(C2=C(C3)C(C4)=CC=C4C5=CC6=C(C(C7=CC=C(CCC(CCCC)CC)S7)=C8C=CSC8=C6C9=CC=C(CCC(CCCC)CC)S9)S5)=C3C%10=CC=CS%10,IDTO-TT-4,O=C(C(C=C(C(F)=C1)F)=C1C/2=C(C#N)/C#N)C2=C/C3=CC(S4)=C(S3)C=C4C5=C(OCCCCCCCC)C6=C(C(C=C(C(C7=CC=C(CCCCCC)C=C7)(C8=CC=C(CCCCCC)C=C8)C9=C%10SC(C%11=CC%12=C(S%11)C=C(/C=C%13C(C(C=C(C(F)=C%14)F)=C%14C\%13=C(C#N)\C#N)=O)S%12)=C9OCCCCCCCC)C%10=C%15)=C%15C6(C%16=CC=C(CCCCCC)C=C%16)C%17=CC=C(CCCCCC)C=C%17)S5,10.21,17.21,0.694,0.856
PBDB-T,O=C(C1=C(CCC(CCCC)CC)SC(CCC(CC)CCCC)=C1C2=O)C(C2=C(C3)C(C4)=CC=C4C5=CC6=C(C(C7=CC=C(CCC(CCCC)CC)S7)=C8C=CSC8=C6C9=CC=C(CCC(CCCC)CC)S9)S5)=C3C%10=CC=CS%10,ITC6-IC,CCCCCCC(C(SC1=C2C(C3=CC=C(C=C3)CCCCCC)(C(C=C4C5=C6C7=C(C(CCCCCC)=C(S7)/C=C8C(C(C=CC=C9)=C9C\8=C(C#N)\C#N)=O)S5)=C1C=C4C6(C(C=C%10)=CC=C%10CCCCCC)C(C=C%11)=CC=C%11CCCCCC)C(C=C%12)=CC=C%12CCCCCC)=C2S%13)=C%13/C=C%14C(C(C=CC=C%15)=C%15C\%14=C(C#N)/C#N)=O,11.61,16.41,0.73,0.97
PBDB-T,O=C(C1=C(CCC(CCCC)CC)SC(CCC(CC)CCCC)=C1C2=O)C(C2=C(C3)C(C4)=CC=C4C5=CC6=C(C(C7=CC=C(CCC(CCCC)CC)S7)=C8C=CSC8=C6C9=CC=C(CCC(CCCC)CC)S9)S5)=C3C%10=CC=CS%10,ITIC,c12cc3c(cc1C(c1c2sc2c1sc(c2)/C=C\1/C(=C(C#N)C#N)c2c(C1=O)cccc2)(c1ccc(cc1)CCCCCC)c1ccc(cc1)CCCCCC)c1c(C3(c2ccc(cc2)CCCCCC)c2ccc(cc2)CCCCCC)c2c(s1)cc(s2)/C=C\1/C(=C(C#N)C#N)c2c(C1=O)cccc2,10.21,16.27,0.69,0.91
PBDB-T,O=C(C1=C(CCC(CCCC)CC)SC(CCC(CC)CCCC)=C1C2=O)C(C2=C(C3)C(C4)=CC=C4C5=CC6=C(C(C7=CC=C(CCC(CCCC)CC)S7)=C8C=CSC8=C6C9=CC=C(CCC(CCCC)CC)S9)S5)=C3C%10=CC=CS%10,ITIC,c12cc3c(cc1C(c1c2sc2c1sc(c2)/C=C\1/C(=C(C#N)C#N)c2c(C1=O)cccc2)(c1ccc(cc1)CCCCCC)c1ccc(cc1)CCCCCC)c1c(C3(c2ccc(cc2)CCCCCC)c2ccc(cc2)CCCCCC)c2c(s1)cc(s2)/C=C\1/C(=C(C#N)C#N)c2c(C1=O)cccc2,10.54,16.55,0.707,0.896
PBDB-T,O=C(C1=C(CCC(CCCC)CC)SC(CCC(CC)CCCC)=C1C2=O)C(C2=C(C3)C(C4)=CC=C4C5=CC6=C(C(C7=CC=C(CCC(CCCC)CC)S7)=C8C=CSC8=C6C9=CC=C(CCC(CCCC)CC)S9)S5)=C3C%10=CC=CS%10,IT-M,O=C(C1=CC=CC=C1C/2=C(C#N)/C#N)C2=C/C3=CC(SC4C5C(C)=C(C(C6=CC=C(C=C6)CCCCCC)(C7=CC=C(C=C7)CCCCCC)C8=CSC9=C8SC(/C=C%10C(C(C=CC=C%11)=C%11C\%10=C(C#N)/C#N)=C)=C9)C=C(C)C5C(C%12=CC=C(C=C%12)CCCCCC)(C%13=CC=C(C=C%13)CCCCCC)C%144)=C%14S3,11.52,16.37,0.741,0.95
PBDB-T,O=C(C1=C(CCC(CCCC)CC)SC(CCC(CC)CCCC)=C1C2=O)C(C2=C(C3)C(C4)=CC=C4C5=CC6=C(C(C7=CC=C(CCC(CCCC)CC)S7)=C8C=CSC8=C6C9=CC=C(CCC(CCCC)CC)S9)S5)=C3C%10=CC=CS%10,Ph-DTDP-IC,O=C(C1=CC=CC=C1C/2=C(C#N)/C#N)C2=C/C3=CC(OC4(C5=CC=C(C=C5)CCCCCC)C6=CC=C(CCCCCC)C=C6)=C(C7=CC8=C(C9=C(OC8(C%10=CC=C(CCCCCC)C=C%10)C%11=CC=C(CCCCCC)C=C%11)C=C(/C=C%12C(C%13=CC=CC=C%13C\%12=C(C#N)/C#N)=O)S9)C=C74)S3,7.73,14.58,0.679,0.78
PBDB-T,O=C(C1=C(CCC(CCCC)CC)SC(CCC(CC)CCCC)=C1C2=O)C(C2=C(C3)C(C4)=CC=C4C5=CC6=C(C(C7=CC=C(CCC(CCCC)CC)S7)=C8C=CSC8=C6C9=CC=C(CCC(CCCC)CC)S9)S5)=C3C%10=CC=CS%10,Ph-DTDP-TIC,N#C/C(C#N)=C(C1=CC=CC=C1C2=O)\C2=C\C3=CC=C(C4=CC(OC5(C6=CC=C(CCCCCC)C=C6)C7=CC=C(CCCCCC)C=C7)=C(S4)C(C=C89)=C5C=C8C%10=C(C=C(C%11=CC=C(/C=C%12/C(C%13=CC=CC=C%13C%12=O)=C(C#N)\C#N)S%11)S%10)OC9(C%14=CC=C(C=C%14)CCCCCC)C%15=CC=C(CCCCCC)C=C%15)S3,9.21,17.31,0.596,0.89
PBDB-T,O=C(C1=C(CCC(CCCC)CC)SC(CCC(CC)CCCC)=C1C2=O)C(C2=C(C3)C(C4)=CC=C4C5=CC6=C(C(C7=CC=C(CCC(CCCC)CC)S7)=C8C=CSC8=C6C9=CC=C(CCC(CCCC)CC)S9)S5)=C3C%10=CC=CS%10,Ph-DTDP-TTIC,O=C(C1=CC=CC=C1C/2=C(C#N)\C#N)C2=C/C(S3)=CC4=C3C=C(C5=CC(OC6(C7=CC=C(CCCCCC)C=C7)C8=CC=C(CCCCCC)C=C8)=C(S5)C(C=C9%10)=C6C=C9C%11=C(C=C(C%12=CC%13=C(C=C(/C=C%14C(C%15=CC=CC=C%15C\%14=C(C#N)/C#N)=O)S%13)S%12)S%11)OC%10(C%16=CC=C(C=C%16)CCCCCC)C%17=CC=C(CCCCCC)C=C%17)S4,4.02,10.58,0.421,0.9
PBDB-T,O=C(C1=C(CCC(CCCC)CC)SC(CCC(CC)CCCC)=C1C2=O)C(C2=C(C3)C(C4)=CC=C4C5=CC6=C(C(C7=CC=C(CCC(CCCC)CC)S7)=C8C=CSC8=C6C9=CC=C(CCC(CCCC)CC)S9)S5)=C3C%10=CC=CS%10,ITIC,c12cc3c(cc1C(c1c2sc2c1sc(c2)/C=C\1/C(=C(C#N)C#N)c2c(C1=O)cccc2)(c1ccc(cc1)CCCCCC)c1ccc(cc1)CCCCCC)c1c(C3(c2ccc(cc2)CCCCCC)c2ccc(cc2)CCCCCC)c2c(s1)cc(s2)/C=C\1/C(=C(C#N)C#N)c2c(C1=O)cccc2,11.21,16.81,0.742,0.899
PBDB-T,O=C(C1=C(CCC(CCCC)CC)SC(CCC(CC)CCCC)=C1C2=O)C(C2=C(C3)C(C4)=CC=C4C5=CC6=C(C(C7=CC=C(CCC(CCCC)CC)S7)=C8C=CSC8=C6C9=CC=C(CCC(CCCC)CC)S9)S5)=C3C%10=CC=CS%10,IT-M,O=C(C1=CC=CC=C1C/2=C(C#N)/C#N)C2=C/C3=CC(SC4C5C(C)=C(C(C6=CC=C(C=C6)CCCCCC)(C7=CC=C(C=C7)CCCCCC)C8=CSC9=C8SC(/C=C%10C(C(C=CC=C%11)=C%11C\%10=C(C#N)/C#N)=C)=C9)C=C(C)C5C(C%12=CC=C(C=C%12)CCCCCC)(C%13=CC=C(C=C%13)CCCCCC)C%144)=C%14S3,12.05,17.44,0.735,0.94
PBDB-T,O=C(C1=C(CCC(CCCC)CC)SC(CCC(CC)CCCC)=C1C2=O)C(C2=C(C3)C(C4)=CC=C4C5=CC6=C(C(C7=CC=C(CCC(CCCC)CC)S7)=C8C=CSC8=C6C9=CC=C(CCC(CCCC)CC)S9)S5)=C3C%10=CC=CS%10,DICTF,c1ccc2c(c1)C(=C(C#N)C#N)/C(=C/c1ccc(s1)c1ccc3c(c1)C(c1c3ccc(c1)c1ccc(s1)/C=C/1\C(=O)c3c(C1=C(C#N)C#N)cccc3)(CCCCCCCC)CCCCCCCC)/C2=O,5.93,10.3,0.59,0.93
PBDB-T,O=C(C1=C(CCC(CCCC)CC)SC(CCC(CC)CCCC)=C1C2=O)C(C2=C(C3)C(C4)=CC=C4C5=CC6=C(C(C7=CC=C(CCC(CCCC)CC)S7)=C8C=CSC8=C6C9=CC=C(CCC(CCCC)CC)S9)S5)=C3C%10=CC=CS%10,FDICTF,c1ccc2c(c1)C(=C(C#N)C#N)/C(=C/c1cc3c(s1)c1c(C3(CCCCCCCC)CCCCCCCC)cc3c(c1)C(c1c3cc3c(c1)c1c(C3(CCCCCCCC)CCCCCCCC)cc(s1)/C=C/1\C(=O)c3c(C1=C(C#N)C#N)cccc3)(CCCCCCCC)CCCCCCCC)/C2=O,10.06,15.81,0.66,0.94
PBDB-T,O=C(C1=C(CCC(CCCC)CC)SC(CCC(CC)CCCC)=C1C2=O)C(C2=C(C3)C(C4)=CC=C4C5=CC6=C(C(C7=CC=C(CCC(CCCC)CC)S7)=C8C=CSC8=C6C9=CC=C(CCC(CCCC)CC)S9)S5)=C3C%10=CC=CS%10,ITCC,O=C(C1=C(C/2=C(C#N)/C#N)C=CS1)C2=C/C3=CC(SC4=C5C(C6=CC=C(C=C6)CCCCCC)(C7=C4C=C8C(C(C=C9)=CC=C9CCCCCC)(C%10=C(C8=C7)SC%11=C%10SC(/C=C%12C(C%13=C(C\%12=C(C#N)/C#N)C=CS%13)=O)=C%11)C%14=CC=C(C=C%14)CCCCCC)C%15=CC=C(CCCCCC)C=C%15)=C5S3,11.4,15.9,0.71,1.01
PBDB-T,O=C(C1=C(CCC(CCCC)CC)SC(CCC(CC)CCCC)=C1C2=O)C(C2=C(C3)C(C4)=CC=C4C5=CC6=C(C(C7=CC=C(CCC(CCCC)CC)S7)=C8C=CSC8=C6C9=CC=C(CCC(CCCC)CC)S9)S5)=C3C%10=CC=CS%10,ITIC,c12cc3c(cc1C(c1c2sc2c1sc(c2)/C=C\1/C(=C(C#N)C#N)c2c(C1=O)cccc2)(c1ccc(cc1)CCCCCC)c1ccc(cc1)CCCCCC)c1c(C3(c2ccc(cc2)CCCCCC)c2ccc(cc2)CCCCCC)c2c(s1)cc(s2)/C=C\1/C(=C(C#N)C#N)c2c(C1=O)cccc2,10.6,17.0,0.67,0.93
PBDB-T,O=C(C1=C(CCC(CCCC)CC)SC(CCC(CC)CCCC)=C1C2=O)C(C2=C(C3)C(C4)=CC=C4C5=CC6=C(C(C7=CC=C(CCC(CCCC)CC)S7)=C8C=CSC8=C6C9=CC=C(CCC(CCCC)CC)S9)S5)=C3C%10=CC=CS%10,IEICO-4Cl,O=C(C1=CC(Cl)=C(C=C1C/2=C(C#N)\C#N)Cl)C2=C/C3=CC(OCCCCCCCC)=C(C4=CC5=C(C6=CC7=C(C8=C(C7(C9=CC=C(C=C9)CCCCCC)C%10=CC=C(C=C%10)CCCCCC)C=C(C%11=C(OCCCCCCCC)C=C(/C=C%12C(C%13=CC(Cl)=C(C=C%13C\%12=C(C#N)\C#N)Cl)=O)S%11)S8)C=C6C5(C%14=CC=C(C=C%14)CCCCCC)C%15=CC=C(C=C%15)CCCCCC)S4)S3,9.67,20.8,0.625,0.744
PBDB-T,O=C(C1=C(CCC(CCCC)CC)SC(CCC(CC)CCCC)=C1C2=O)C(C2=C(C3)C(C4)=CC=C4C5=CC6=C(C(C7=CC=C(CCC(CCCC)CC)S7)=C8C=CSC8=C6C9=CC=C(CCC(CCCC)CC)S9)S5)=C3C%10=CC=CS%10,SFBRCN,CCN(C/1=O)/C(SC1=C/C(C2=NSN=C32)=CC=C3C(C=C4)=CC5=C4C(C=CC(C6=CC=C(C7=NSN=C67)/C=C8S/C(N(C\8=O)CC)=C(C#N)\C#N)=C9)=C9C5%10C%11=C(C=C(C=C%11)OCCCCCCCC)C%12=C%10C=CC(OCCCCCCCC)=C%12)=C(C#N)\C#N,9.39,13.65,0.709,0.97
PBDB-T,O=C(C1=C(CCC(CCCC)CC)SC(CCC(CC)CCCC)=C1C2=O)C(C2=C(C3)C(C4)=CC=C4C5=CC6=C(C(C7=CC=C(CCC(CCCC)CC)S7)=C8C=CSC8=C6C9=CC=C(CCC(CCCC)CC)S9)S5)=C3C%10=CC=CS%10,IT-M,O=C(C1=CC=CC=C1C/2=C(C#N)/C#N)C2=C/C3=CC(SC4C5C(C)=C(C(C6=CC=C(C=C6)CCCCCC)(C7=CC=C(C=C7)CCCCCC)C8=CSC9=C8SC(/C=C%10C(C(C=CC=C%11)=C%11C\%10=C(C#N)/C#N)=C)=C9)C=C(C)C5C(C%12=CC=C(C=C%12)CCCCCC)(C%13=CC=C(C=C%13)CCCCCC)C%144)=C%14S3,10.89,17.05,0.681,0.937
PBDB-T,O=C(C1=C(CCC(CCCC)CC)SC(CCC(CC)CCCC)=C1C2=O)C(C2=C(C3)C(C4)=CC=C4C5=CC6=C(C(C7=CC=C(CCC(CCCC)CC)S7)=C8C=CSC8=C6C9=CC=C(CCC(CCCC)CC)S9)S5)=C3C%10=CC=CS%10,NFBDT,[H]C1=C2C(C(C(C3=C4SC(CC5/C(C(C=C([H])C=C6)=C6C5=O)=C(C#N)/C#N)=C3)(C7=CC=C(CCCCCC)C=C7)C8=CC=C(CCCCCC)C=C8)=C4S2)=C([H])C9=C1C(C%10(C%11=CC=C(CCCCCC)C=C%11)C%12=CC=C(CCCCCC)C=C%12)=C(S9)C(S%13)=C%10C=C%13/C=C(/C%14=C(C#N)\C#N)C(C%15=C%14C=C([H])C=C%15)=O,10.42,17.85,0.672,0.868
PBDB-T,O=C(C1=C(CCC(CCCC)CC)SC(CCC(CC)CCCC)=C1C2=O)C(C2=C(C3)C(C4)=CC=C4C5=CC6=C(C(C7=CC=C(CCC(CCCC)CC)S7)=C8C=CSC8=C6C9=CC=C(CCC(CCCC)CC)S9)S5)=C3C%10=CC=CS%10,NCBDT,FC(C=C1)=CC2=C1C(C(/C2=C(C#N)/C#N)CC(S3)=CC4=C3C(S5)=C(C(C6=CC=C(CCCCCC)C=C6)4C7=CC=C(CCCCCC)C=C7)C(C5=C8CCCCCCCC)=C(CCCCCCCC)C9=C8C(C%10(C%11=CC=C(CCCCCC)C=C%11)C%12=CC=C(CCCCCC)C=C%12)=C(S9)C(S%13)=C%10C=C%13/C=C(/C%14=C(C#N)\C#N)C(C%15=C%14C=C(F)C=C%15)=O)=O,12.12,20.33,0.71,0.839
PBDB-T,O=C(C1=C(CCC(CCCC)CC)SC(CCC(CC)CCCC)=C1C2=O)C(C2=C(C3)C(C4)=CC=C4C5=CC6=C(C(C7=CC=C(CCC(CCCC)CC)S7)=C8C=CSC8=C6C9=CC=C(CCC(CCCC)CC)S9)S5)=C3C%10=CC=CS%10,DF-PCIC,FC(C=C1C2=CC(C3(CC(CCCC)CC)CC(CCCC)CC)=C(S2)C(S4)=C3C=C4/C=C(C(C5=CC([H])=C(C=C56)[H])=O)/C6=C(C#N)/C#N)=C(C=C1F)C7=CC8=C(C9=C(C8(CC(CCCC)CC)CC(CCCC)CC)C=C(/C=C%10C(C%11=CC([H])=C(C=C%11C\%10=C(C#N)\C#N)[H])=O)S9)S7,10.14,15.66,0.72,0.91
PBDB-T,O=C(C1=C(CCC(CCCC)CC)SC(CCC(CC)CCCC)=C1C2=O)C(C2=C(C3)C(C4)=CC=C4C5=CC6=C(C(C7=CC=C(CCC(CCCC)CC)S7)=C8C=CSC8=C6C9=CC=C(CCC(CCCC)CC)S9)S5)=C3C%10=CC=CS%10,ITIC,c12cc3c(cc1C(c1c2sc2c1sc(c2)/C=C\1/C(=C(C#N)C#N)c2c(C1=O)cccc2)(c1ccc(cc1)CCCCCC)c1ccc(cc1)CCCCCC)c1c(C3(c2ccc(cc2)CCCCCC)c2ccc(cc2)CCCCCC)c2c(s1)cc(s2)/C=C\1/C(=C(C#N)C#N)c2c(C1=O)cccc2,10.0,17.0,0.66,0.89
PBDB-T,O=C(C1=C(CCC(CCCC)CC)SC(CCC(CC)CCCC)=C1C2=O)C(C2=C(C3)C(C4)=CC=C4C5=CC6=C(C(C7=CC=C(CCC(CCCC)CC)S7)=C8C=CSC8=C6C9=CC=C(CCC(CCCC)CC)S9)S5)=C3C%10=CC=CS%10,C8-ITIC,O=C1C(/C(C2=CC=CC=C21)=C(C#N)/C#N)=C/C3=CC(SC(C4=CC(C5(CCCCCCCC)CCCCCCCC)=C(C6=C5C7=C(C=C(/C=C8C(C9=CC=CC=C9C/8=C(C#N)/C#N)=O)S7)S6)C=C4%10)=C%11C%10(CCCCCCCC)CCCCCCCC)=C%11S3,12.41,19.7,0.73,0.87
PBDB-T,O=C(C1=C(CCC(CCCC)CC)SC(CCC(CC)CCCC)=C1C2=O)C(C2=C(C3)C(C4)=CC=C4C5=CC6=C(C(C7=CC=C(CCC(CCCC)CC)S7)=C8C=CSC8=C6C9=CC=C(CCC(CCCC)CC)S9)S5)=C3C%10=CC=CS%10,INPIC,c1ccc2c(c1)C(=C(C2=O)[CH]c1sc2c(c1)n(c1c2sc2c1C(c1c2cc2c(c1)c1c(C2(c2ccc(cc2)CCCCCC)c2ccc(cc2)CCCCCC)c2c(s1)c1c(n2CCCCCCCC)cc(s1)/C=C\1/C(=C(C#N)C#N)c2c(C1=O)cccc2)(c1ccc(cc1)CCCCCC)c1ccc(cc1)CCCCCC)CCCCCCCC)[C](C#N)C#N,4.31,8.55,0.525,0.96
PBDB-T,O=C(C1=C(CCC(CCCC)CC)SC(CCC(CC)CCCC)=C1C2=O)C(C2=C(C3)C(C4)=CC=C4C5=CC6=C(C(C7=CC=C(CCC(CCCC)CC)S7)=C8C=CSC8=C6C9=CC=C(CCC(CCCC)CC)S9)S5)=C3C%10=CC=CS%10,INPIC-4F,c1(c(cc2c(c1)C(=C(C2=O)[CH]c1sc2c(c1)n(c1c2sc2c1C(c1c2cc2c(c1)c1c(C2(c2ccc(cc2)CCCCCC)c2ccc(cc2)CCCCCC)c2c(s1)c1c(n2CCCCCCCC)cc(s1)/C=C\1/C(=C(C#N)C#N)c2c(C1=O)cc(c(c2)F)F)(c1ccc(cc1)CCCCCC)c1ccc(cc1)CCCCCC)CCCCCCCC)[C](C#N)C#N)F)F,13.13,21.61,0.715,0.85
PBDB-T,O=C(C1=C(CCC(CCCC)CC)SC(CCC(CC)CCCC)=C1C2=O)C(C2=C(C3)C(C4)=CC=C4C5=CC6=C(C(C7=CC=C(CCC(CCCC)CC)S7)=C8C=CSC8=C6C9=CC=C(CCC(CCCC)CC)S9)S5)=C3C%10=CC=CS%10,F-H,O=C(C1=CC=C([H])C=C1C/2=C(C#N)/C#N)C2=C/C3=CC4=C(S3)C5=CC6=C(C=C5C4(CCCCCCCC)CCCCCCCC)C7=C(C=C8C9=C(C=C(S9)/C=C%10C(C%11=CC=C([H])C=C%11C\%10=C(C#N)/C#N)=O)C(CCCCCCCC)(CCCCCCCC)C8=C7)C(CCCCCCCC)6CCCCCCCC,10.06,15.81,0.67,0.94
PBDB-T,O=C(C1=C(CCC(CCCC)CC)SC(CCC(CC)CCCC)=C1C2=O)C(C2=C(C3)C(C4)=CC=C4C5=CC6=C(C(C7=CC=C(CCC(CCCC)CC)S7)=C8C=CSC8=C6C9=CC=C(CCC(CCCC)CC)S9)S5)=C3C%10=CC=CS%10,F-M,O=C(C1=C(C=CC(C)=C1)C/2=C(C#N)/C#N)C2=C/C3=CC4=C(S3)C5=CC6=C(C=C5C4(CCCCCCCC)CCCCCCCC)C7=C(C=C8C9=C(C=C(S9)/C=C%10C(C(C=C(C)C=C%11)=C%11C\%10=C(C#N)/C#N)=O)C(CCCCCCCC)(CCCCCCCC)C8=C7)C6(CCCCCCCC)CCCCCCCC,10.29,14.56,0.71,0.98
PBDB-T,O=C(C1=C(CCC(CCCC)CC)SC(CCC(CC)CCCC)=C1C2=O)C(C2=C(C3)C(C4)=CC=C4C5=CC6=C(C(C7=CC=C(CCC(CCCC)CC)S7)=C8C=CSC8=C6C9=CC=C(CCC(CCCC)CC)S9)S5)=C3C%10=CC=CS%10,IDTCN,c1scc2c1C(=C(C#N)C#N)/C(=C/c1cc3c(s1)c1c(C3(c3ccc(cc3)CCCCCC)c3ccc(cc3)CCCCCC)cc3c(c1)C(c1c3sc(c1)/C=C\1/C(=C(C#N)C#N)c3c(C1=O)csc3)(c1ccc(cc1)CCCCCC)c1ccc(cc1)CCCCCC)/C2=O,6.4,12.06,0.625,0.85
PBDB-T,O=C(C1=C(CCC(CCCC)CC)SC(CCC(CC)CCCC)=C1C2=O)C(C2=C(C3)C(C4)=CC=C4C5=CC6=C(C(C7=CC=C(CCC(CCCC)CC)S7)=C8C=CSC8=C6C9=CC=C(CCC(CCCC)CC)S9)S5)=C3C%10=CC=CS%10,ITCPTC,O=C(C1=CSC=C1C/2=C(C#N)\C#N)C2=C/C3=CC(SC(C(C=C4C5(C6=CC=C(C=C6)CCCCCCCC)C7=CC=C(CCCCCCCC)C=C7)=C8C=C4C9=C5C%10=C(C=C(S%10)/C=C%11C(C%12=CSC=C%12C\%11=C(C#N)\C#N)=O)S9)=C%13C8(C%14=CC=C(C=C%14)CCCCCCCC)C%15=CC=C(CCCCCCCC)C=C%15)=C%13S3,10.74,17.53,0.728,0.84
PBDB-T,O=C(C1=C(CCC(CCCC)CC)SC(CCC(CC)CCCC)=C1C2=O)C(C2=C(C3)C(C4)=CC=C4C5=CC6=C(C(C7=CC=C(CCC(CCCC)CC)S7)=C8C=CSC8=C6C9=CC=C(CCC(CCCC)CC)S9)S5)=C3C%10=CC=CS%10,IDT6CN,O=C1C(/C(C2=CSC=C21)=C(C#N)\C#N)=C\C3=CC4=C(C(C=C5C(C6=CC=C(CCCCCC)C=C6)(C7=CC=C(CCCCCC)C=C7)C8=C(SC9=C8SC(/C=C%10C(C%11=CSC=C%11C\%10=C(C#N)/C#N)=O)=C9)C5=C%12)=C%12C4(C%13=CC=C(CCCCCC)C=C%13)C%14=CC=C(CCCCCC)C=C%14)S3,9.2,15.14,0.738,0.83
PBDB-T,O=C(C1=C(CCC(CCCC)CC)SC(CCC(CC)CCCC)=C1C2=O)C(C2=C(C3)C(C4)=CC=C4C5=CC6=C(C(C7=CC=C(CCC(CCCC)CC)S7)=C8C=CSC8=C6C9=CC=C(CCC(CCCC)CC)S9)S5)=C3C%10=CC=CS%10,IDT6CN-Th,O=C1C(/C(C2=CSC=C21)=C(C#N)\C#N)=C\C3=CC4=C(C(C=C5C(C6=CC=C(S6)CCCCCC)(C7=CC=C(S7)CCCCCC)C8=C(SC9=C8SC(/C=C%10C(C%11=CSC=C%11C\%10=C(C#N)/C#N)=O)=C9)C5=C%12)=C%12C4(C%13=CC=C(S%13)CCCCCC)C%14=CC=C(S%14)CCCCCC)S3,10.41,16.75,0.767,0.81
PBDB-T,O=C(C1=C(CCC(CCCC)CC)SC(CCC(CC)CCCC)=C1C2=O)C(C2=C(C3)C(C4)=CC=C4C5=CC6=C(C(C7=CC=C(CCC(CCCC)CC)S7)=C8C=CSC8=C6C9=CC=C(CCC(CCCC)CC)S9)S5)=C3C%10=CC=CS%10,IDTBOR,S=C(N(C/1=O)CC)SC1=C/C(C2=N[O]N=C23)=CC=C3C4=CC(C5(CCCCCCCC)CCCCCCCC)=C(C(C=C6C7(CCCCCCCC)CCCCCCCC)=C5C=C6C8=C7C=C(C9=CC=C(C%10=N[O]N=C%109)/C=C%11SC(N(C\%11=O)CC)=S)S8)S4,7.74,15.98,0.547,0.89
PBDB-T,O=C(C1=C(CCC(CCCC)CC)SC(CCC(CC)CCCC)=C1C2=O)C(C2=C(C3)C(C4)=CC=C4C5=CC6=C(C(C7=CC=C(CCC(CCCC)CC)S7)=C8C=CSC8=C6C9=CC=C(CCC(CCCC)CC)S9)S5)=C3C%10=CC=CS%10,IDTBSR,S=C(N(C/1=O)CC)SC1=C/C(C2=N[Se]N=C23)=CC=C3C4=CC(C5(CCCCCCCC)CCCCCCCC)=C(C(C=C6C7(CCCCCCCC)CCCCCCCC)=C5C=C6C8=C7C=C(C9=CC=C(C%10=N[Se]N=C%109)/C=C%11SC(N(C\%11=O)CC)=S)S8)S4,6.95,13.95,0.524,0.95
PBDB-T,O=C(C1=C(CCC(CCCC)CC)SC(CCC(CC)CCCC)=C1C2=O)C(C2=C(C3)C(C4)=CC=C4C5=CC6=C(C(C7=CC=C(CCC(CCCC)CC)S7)=C8C=CSC8=C6C9=CC=C(CCC(CCCC)CC)S9)S5)=C3C%10=CC=CS%10,NCIC,O=C(C1=C(C=CC=C1)C/2=C(C#N)\C#N)C2=C/C3=CC(C4(C5=CC=C(C=C5)CCCCCC)C6=CC=C(CCCCCC)C=C6)=C(C7=C4C(C=C(C8=C9C(CCCCCCCCCCCC)=CC%10=C8SC%11=C%10C(C%12=CC=C(CCCCCC)C=C%12)(C%13=CC=C(CCCCCC)C=C%13)C%14=C%11SC(/C=C%15C(C%16=C(C=CC=C%16)C\%15=C(C#N)\C#N)=O)=C%14)CCCCCCCCCCCC)=C9S7)S3,7.31,12.69,0.576,1.0
PBDB-T,O=C(C1=C(CCC(CCCC)CC)SC(CCC(CC)CCCC)=C1C2=O)C(C2=C(C3)C(C4)=CC=C4C5=CC6=C(C(C7=CC=C(CCC(CCCC)CC)S7)=C8C=CSC8=C6C9=CC=C(CCC(CCCC)CC)S9)S5)=C3C%10=CC=CS%10,NCFIC,O=C(C1=C(C=C(F)C(F)=C1)C/2=C(C#N)\C#N)C2=C/C3=CC(C4(C5=CC=C(C=C5)CCCCCC)C6=CC=C(CCCCCC)C=C6)=C(C7=C4C(C=C(C8=C9C(CCCCCCCCCCCC)=CC%10=C8SC%11=C%10C(C%12=CC=C(CCCCCC)C=C%12)(C%13=CC=C(CCCCCC)C=C%13)C%14=C%11SC(/C=C%15C(C%16=C(C=C(F)C(F)=C%16)C\%15=C(C#N)\C#N)=O)=C%14)C)=C9S7)S3,7.52,15.19,0.563,0.88
PBDB-T,O=C(C1=C(CCC(CCCC)CC)SC(CCC(CC)CCCC)=C1C2=O)C(C2=C(C3)C(C4)=CC=C4C5=CC6=C(C(C7=CC=C(CCC(CCCC)CC)S7)=C8C=CSC8=C6C9=CC=C(CCC(CCCC)CC)S9)S5)=C3C%10=CC=CS%10,SN6IC,[H]C1=CC2=C(C(/C(C2=O)=C/C3=CC4=C(C5=C(N4C(CCCCCCCC)CCCCCCCC)C(SC6=C7N(C(CCCCCCCC)CCCCCCCC)C8=C6SC(/C=C9C(C(C=C(C([H])=C%10)[H])=C%10C\9=C(C#N)\C#N)=O)=C8)=C7S5)S3)=C(C#N)\C#N)C=C1[H],9.6,16.5,0.66,0.88
PBDB-T,O=C(C1=C(CCC(CCCC)CC)SC(CCC(CC)CCCC)=C1C2=O)C(C2=C(C3)C(C4)=CC=C4C5=CC6=C(C(C7=CC=C(CCC(CCCC)CC)S7)=C8C=CSC8=C6C9=CC=C(CCC(CCCC)CC)S9)S5)=C3C%10=CC=CS%10,SN6IC-4F,[F]C1=CC2=C(C(/C(C2=O)=C/C3=CC4=C(C5=C(N4C(CCCCCCCC)CCCCCCCC)C(SC6=C7N(C(CCCCCCCC)CCCCCCCC)C8=C6SC(/C=C9C(C(C=C(C([F])=C%10)[F])=C%10C\9=C(C#N)\C#N)=O)=C8)=C7S5)S3)=C(C#N)\C#N)C=C1[F],13.2,23.2,0.73,0.78
PBDB-T,O=C(C1=C(CCC(CCCC)CC)SC(CCC(CC)CCCC)=C1C2=O)C(C2=C(C3)C(C4)=CC=C4C5=CC6=C(C(C7=CC=C(CCC(CCCC)CC)S7)=C8C=CSC8=C6C9=CC=C(CCC(CCCC)CC)S9)S5)=C3C%10=CC=CS%10,PTIC,O=CC(S1)=C(CCCCCC)C=C1C(C(OCCCCCCCCCCCCCCCC)=C2)=CC(OCCCCCCCCCCCCCCCC)=C2C3=CC(CCCCCC)=C(S3)C=O,7.66,14.2,0.64,0.84
PBDB-T,O=C(C1=C(CCC(CCCC)CC)SC(CCC(CC)CCCC)=C1C2=O)C(C2=C(C3)C(C4)=CC=C4C5=CC6=C(C(C7=CC=C(CCC(CCCC)CC)S7)=C8C=CSC8=C6C9=CC=C(CCC(CCCC)CC)S9)S5)=C3C%10=CC=CS%10,SiIDT-IC,CCCCCC[Si]1(CCCCCC)C2=C(C=C3[Si](CCCCCC)(CCCCCC)C4=C(SC(/C=C5C(C(C=CC=C6)=C6C/5=C(C#N)/C#N)=O)=C4)C3=C2)C(S7)=C1C=C7/C=C(C(C8=C9C=CC=C8)=O)\C9=C(C#N)\C#N,8.16,13.53,0.656,0.92
PBDB-T,O=C(C1=C(CCC(CCCC)CC)SC(CCC(CC)CCCC)=C1C2=O)C(C2=C(C3)C(C4)=CC=C4C5=CC6=C(C(C7=CC=C(CCC(CCCC)CC)S7)=C8C=CSC8=C6C9=CC=C(CCC(CCCC)CC)S9)S5)=C3C%10=CC=CS%10,IDIC,N#C/C(C#N)=C(C1=CC=CC=C1C2=O)/C2=C/C3=CC4=C(C5=C(C=C6C(C(CCCCCC)(CCCCCC)C7=C6SC(/C=C8/C(C9=CC=CC=C9C8=O)=C(C#N)/C#N)=C7)=C5)C4(CCCCCC)CCCCCC)S3,8.83,16.69,0.654,0.81
PBDB-T,O=C(C1=C(CCC(CCCC)CC)SC(CCC(CC)CCCC)=C1C2=O)C(C2=C(C3)C(C4)=CC=C4C5=CC6=C(C(C7=CC=C(CCC(CCCC)CC)S7)=C8C=CSC8=C6C9=CC=C(CCC(CCCC)CC)S9)S5)=C3C%10=CC=CS%10,ITCPTC,O=C(C1=CSC=C1C/2=C(C#N)\C#N)C2=C/C3=CC(SC(C(C=C4C5(C6=CC=C(C=C6)CCCCCCCC)C7=CC=C(CCCCCCCC)C=C7)=C8C=C4C9=C5C%10=C(C=C(S%10)/C=C%11C(C%12=CSC=C%12C\%11=C(C#N)\C#N)=O)S9)=C%13C8(C%14=CC=C(C=C%14)CCCCCCCC)C%15=CC=C(CCCCCCCC)C=C%15)=C%13S3,10.51,17.44,0.721,0.836
PBDB-T,O=C(C1=C(CCC(CCCC)CC)SC(CCC(CC)CCCC)=C1C2=O)C(C2=C(C3)C(C4)=CC=C4C5=CC6=C(C(C7=CC=C(CCC(CCCC)CC)S7)=C8C=CSC8=C6C9=CC=C(CCC(CCCC)CC)S9)S5)=C3C%10=CC=CS%10,INPIC-4F,c1(c(cc2c(c1)C(=C(C2=O)[CH]c1sc2c(c1)n(c1c2sc2c1C(c1c2cc2c(c1)c1c(C2(c2ccc(cc2)CCCCCC)c2ccc(cc2)CCCCCC)c2c(s1)c1c(n2CCCCCCCC)cc(s1)/C=C\1/C(=C(C#N)C#N)c2c(C1=O)cc(c(c2)F)F)(c1ccc(cc1)CCCCCC)c1ccc(cc1)CCCCCC)CCCCCCCC)[C](C#N)C#N)F)F,12.55,20.81,0.709,0.85
PBDB-T,O=C(C1=C(CCC(CCCC)CC)SC(CCC(CC)CCCC)=C1C2=O)C(C2=C(C3)C(C4)=CC=C4C5=CC6=C(C(C7=CC=C(CCC(CCCC)CC)S7)=C8C=CSC8=C6C9=CC=C(CCC(CCCC)CC)S9)S5)=C3C%10=CC=CS%10,MeIC1,CC1=C(C(C(/C2=C(C#N)/C#N)=C\C3=CC4=C(C(C=C5C(C(C=C6)=CC=C6CCCCCC)(C(C=C7)=CC=C7CCCCCC)C8=C(SC9=C8SC%10=C9SC(/C=C%11C(C%12=C(C)SC=C%12C\%11=C(C#N)\C#N)=O)=C%10)C5=C%13)=C%13C4(C%14=CC=C(C=C%14)CCCCCC)C%15=CC=C(C=C%15)CCCCCC)S3)=O)C2=CS1,11.53,17.53,0.731,0.9
PBDB-T,O=C(C1=C(CCC(CCCC)CC)SC(CCC(CC)CCCC)=C1C2=O)C(C2=C(C3)C(C4)=CC=C4C5=CC6=C(C(C7=CC=C(CCC(CCCC)CC)S7)=C8C=CSC8=C6C9=CC=C(CCC(CCCC)CC)S9)S5)=C3C%10=CC=CS%10,NFBDT,[H]C1=C2C(C(C(C3=C4SC(CC5/C(C(C=C([H])C=C6)=C6C5=O)=C(C#N)/C#N)=C3)(C7=CC=C(CCCCCC)C=C7)C8=CC=C(CCCCCC)C=C8)=C4S2)=C([H])C9=C1C(C%10(C%11=CC=C(CCCCCC)C=C%11)C%12=CC=C(CCCCCC)C=C%12)=C(S9)C(S%13)=C%10C=C%13/C=C(/C%14=C(C#N)\C#N)C(C%15=C%14C=C([H])C=C%15)=O,10.15,17.85,0.672,0.868
PBDB-T,O=C(C1=C(CCC(CCCC)CC)SC(CCC(CC)CCCC)=C1C2=O)C(C2=C(C3)C(C4)=CC=C4C5=CC6=C(C(C7=CC=C(CCC(CCCC)CC)S7)=C8C=CSC8=C6C9=CC=C(CCC(CCCC)CC)S9)S5)=C3C%10=CC=CS%10,FTIC-C8C6,O=C(C1=C(C=CC=C1)C/2=C(C#N)/C#N)C2=C/C3=CC4=C(S3)C5=CC6=C(C=C5C4(CCCCCC)CCCCCC)C7=C(C=C8C9=C(C=C(S9)/C=C%10C(C%11=CC=CC=C%11C\%10=C(C#N)/C#N)=O)C(CCCCCC)(CCCCCC)C8=C7)C6(CCCCCCCC)CCCCCCCC,10.45,16.69,0.677,0.92
PBDB-T,O=C(C1=C(CCC(CCCC)CC)SC(CCC(CC)CCCC)=C1C2=O)C(C2=C(C3)C(C4)=CC=C4C5=CC6=C(C(C7=CC=C(CCC(CCCC)CC)S7)=C8C=CSC8=C6C9=CC=C(CCC(CCCC)CC)S9)S5)=C3C%10=CC=CS%10,FTIC-C6C6,O=C(C1=C(C=CC=C1)C/2=C(C#N)/C#N)C2=C/C3=CC4=C(S3)C5=CC6=C(C=C5C4(CCCCCC)CCCCCC)C7=C(C=C8C9=C(C=C(S9)/C=C%10C(C%11=CC=CC=C%11C\%10=C(C#N)/C#N)=O)C(CCCCCC)(CCCCCC)C8=C7)C6(CCCCCC)CCCCCC,9.75,16.84,0.634,0.91
PBDB-T,O=C(C1=C(CCC(CCCC)CC)SC(CCC(CC)CCCC)=C1C2=O)C(C2=C(C3)C(C4)=CC=C4C5=CC6=C(C(C7=CC=C(CCC(CCCC)CC)S7)=C8C=CSC8=C6C9=CC=C(CCC(CCCC)CC)S9)S5)=C3C%10=CC=CS%10,FTIC-C6C8,O=C(C1=C(C=CC=C1)C/2=C(C#N)/C#N)C2=C/C3=CC4=C(S3)C5=CC6=C(C=C5C4(CCCCCCCC)CCCCCCCC)C7=C(C=C8C9=C(C=C(S9)/C=C%10C(C%11=CC=CC=C%11C\%10=C(C#N)/C#N)=O)C(CCCCCCCC)(CCCCCCCC)C8=C7)C6(CCCCCC)CCCCCC,11.12,18.55,0.647,0.93
PBDB-T,O=C(C1=C(CCC(CCCC)CC)SC(CCC(CC)CCCC)=C1C2=O)C(C2=C(C3)C(C4)=CC=C4C5=CC6=C(C(C7=CC=C(CCC(CCCC)CC)S7)=C8C=CSC8=C6C9=CC=C(CCC(CCCC)CC)S9)S5)=C3C%10=CC=CS%10,NTIC,O=C(C1=C(C=C([H])C=C1)C/2=C(C#N)\C#N)C2=C/C3=CC4=C(C(C=C(C=C(C(C5=CC=C(C=C5)CCCCCC)(C6=C7SC(/C=C8C(C9=C(C=C([H])C=C9)C\8=C(C#N)\C#N)=O)=C6)C%10=CC=C(C=C%10)CCCCCC)C7=C%11)C%11=C%12)=C%12C4(C%13=CC=C(CCCCCC)C=C%13)C%14=CC=C(CCCCCC)C=C%14)C3,8.63,13.55,0.681,0.935
PBDB-T,O=C(C1=C(CCC(CCCC)CC)SC(CCC(CC)CCCC)=C1C2=O)C(C2=C(C3)C(C4)=CC=C4C5=CC6=C(C(C7=CC=C(CCC(CCCC)CC)S7)=C8C=CSC8=C6C9=CC=C(CCC(CCCC)CC)S9)S5)=C3C%10=CC=CS%10,NTIC-Me,O=C(C1=C(C=C(C)C=C1)C/2=C(C#N)\C#N)C2=C/C3=CC4=C(C(C=C(C=C(C(C5=CC=C(C=C5)CCCCCC)(C6=C7SC(/C=C8C(C9=C(C=C(C)C=C9)C\8=C(C#N)\C#N)=O)=C6)C%10=CC=C(C=C%10)CCCCCC)C7=C%11)C%11=C%12)=C%12C4(C%13=CC=C(CCCCCC)C=C%13)C%14=CC=C(CCCCCC)C=C%14)C3,8.3,13.03,0.662,0.963
PBDB-T,O=C(C1=C(CCC(CCCC)CC)SC(CCC(CC)CCCC)=C1C2=O)C(C2=C(C3)C(C4)=CC=C4C5=CC6=C(C(C7=CC=C(CCC(CCCC)CC)S7)=C8C=CSC8=C6C9=CC=C(CCC(CCCC)CC)S9)S5)=C3C%10=CC=CS%10,NTIC-Ome,O=C(C1=C(C=C(OC)C=C1)C/2=C(C#N)\C#N)C2=C/C3=CC4=C(C(C=C(C=C(C(C5=CC=C(C=C5)CCCCCC)(C6=C7SC(/C=C8C(C9=C(C=C(OC)C=C9)C\8=C(C#N)\C#N)=O)=C6)C%10=CC=C(C=C%10)CCCCCC)C7=C%11)C%11=C%12)=C%12C4(C%13=CC=C(CCCCCC)C=C%13)C%14=CC=C(CCCCCC)C=C%14)C3,8.61,13.52,0.66,0.965
PBDB-T,O=C(C1=C(CCC(CCCC)CC)SC(CCC(CC)CCCC)=C1C2=O)C(C2=C(C3)C(C4)=CC=C4C5=CC6=C(C(C7=CC=C(CCC(CCCC)CC)S7)=C8C=CSC8=C6C9=CC=C(CCC(CCCC)CC)S9)S5)=C3C%10=CC=CS%10,NTIC-F,O=C(C1=C(C=C(F)C=C1)C/2=C(C#N)\C#N)C2=C/C3=CC4=C(C(C=C(C=C(C(C5=CC=C(C=C5)CCCCCC)(C6=C7SC(/C=C8C(C9=C(C=C(F)C=C9)C\8=C(C#N)\C#N)=O)=C6)C%10=CC=C(C=C%10)CCCCCC)C7=C%11)C%11=C%12)=C%12C4(C%13=CC=C(CCCCCC)C=C%13)C%14=CC=C(CCCCCC)C=C%14)C3,8.1,15.04,0.663,0.812
PBDB-T,O=C(C1=C(CCC(CCCC)CC)SC(CCC(CC)CCCC)=C1C2=O)C(C2=C(C3)C(C4)=CC=C4C5=CC6=C(C(C7=CC=C(CCC(CCCC)CC)S7)=C8C=CSC8=C6C9=CC=C(CCC(CCCC)CC)S9)S5)=C3C%10=CC=CS%10,ITIC,c12cc3c(cc1C(c1c2sc2c1sc(c2)/C=C\1/C(=C(C#N)C#N)c2c(C1=O)cccc2)(c1ccc(cc1)CCCCCC)c1ccc(cc1)CCCCCC)c1c(C3(c2ccc(cc2)CCCCCC)c2ccc(cc2)CCCCCC)c2c(s1)cc(s2)/C=C\1/C(=C(C#N)C#N)c2c(C1=O)cccc2,9.7,16.0,0.58,1.04
PBDB-T,O=C(C1=C(CCC(CCCC)CC)SC(CCC(CC)CCCC)=C1C2=O)C(C2=C(C3)C(C4)=CC=C4C5=CC6=C(C(C7=CC=C(CCC(CCCC)CC)S7)=C8C=CSC8=C6C9=CC=C(CCC(CCCC)CC)S9)S5)=C3C%10=CC=CS%10,ITIC,c12cc3c(cc1C(c1c2sc2c1sc(c2)/C=C\1/C(=C(C#N)C#N)c2c(C1=O)cccc2)(c1ccc(cc1)CCCCCC)c1ccc(cc1)CCCCCC)c1c(C3(c2ccc(cc2)CCCCCC)c2ccc(cc2)CCCCCC)c2c(s1)cc(s2)/C=C\1/C(=C(C#N)C#N)c2c(C1=O)cccc2,8.5,14.8,0.67,0.85
PBDB-T,O=C(C1=C(CCC(CCCC)CC)SC(CCC(CC)CCCC)=C1C2=O)C(C2=C(C3)C(C4)=CC=C4C5=CC6=C(C(C7=CC=C(CCC(CCCC)CC)S7)=C8C=CSC8=C6C9=CC=C(CCC(CCCC)CC)S9)S5)=C3C%10=CC=CS%10,ITIC-OE,O=C(C1=C(C/2=C(C#N)\C#N)C=CC=C1)C2=C/C3=CC4=C(C(C(C5=C6C=C7C(C(SC8=C9SC(/C=C(C%10=O)/C(C%11=C%10C=CC=C%11)=C(C#N)/C#N)=C8)=C9C7(C%12=CC=C(COCCOC)C=C%12)C%13=CC=C(COCCOC)C=C%13)=C5)(C%14=CC=C(COCCOC)C=C%14)C%15=CC=C(COCCOC)C=C%15)=C6S4)S3,10.4,16.5,0.71,0.89
PBDB-T,O=C(C1=C(CCC(CCCC)CC)SC(CCC(CC)CCCC)=C1C2=O)C(C2=C(C3)C(C4)=CC=C4C5=CC6=C(C(C7=CC=C(CCC(CCCC)CC)S7)=C8C=CSC8=C6C9=CC=C(CCC(CCCC)CC)S9)S5)=C3C%10=CC=CS%10,IT-M,O=C(C1=CC=CC=C1C/2=C(C#N)/C#N)C2=C/C3=CC(SC4C5C(C)=C(C(C6=CC=C(C=C6)CCCCCC)(C7=CC=C(C=C7)CCCCCC)C8=CSC9=C8SC(/C=C%10C(C(C=CC=C%11)=C%11C\%10=C(C#N)/C#N)=C)=C9)C=C(C)C5C(C%12=CC=C(C=C%12)CCCCCC)(C%13=CC=C(C=C%13)CCCCCC)C%144)=C%14S3,11.74,17.02,0.72,0.95
PBDB-T,O=C(C1=C(CCC(CCCC)CC)SC(CCC(CC)CCCC)=C1C2=O)C(C2=C(C3)C(C4)=CC=C4C5=CC6=C(C(C7=CC=C(CCC(CCCC)CC)S7)=C8C=CSC8=C6C9=CC=C(CCC(CCCC)CC)S9)S5)=C3C%10=CC=CS%10,m-MeIC,O=C(C1=C(C)SC=C1C/2=C(C#N)\C#N)C2=C\C3=CC(SC4=C5C(C6=CC(CCCCCC)=CC=C6)(C7=CC=CC(CCCCCC)=C7)C(C4=C8)=CC9=C8C(C%10=CC(CCCCCC)=CC=C%10)(C%11=CC=CC(CCCCCC)=C%11)C%12=C9SC%13=C%12SC(/C=C%14C(C%15=C(C)SC=C%15C/%14=C(C#N)/C)=O)=C%13)=C5S3,10.93,18.16,0.697,0.843
PBDB-T,O=C(C1=C(CCC(CCCC)CC)SC(CCC(CC)CCCC)=C1C2=O)C(C2=C(C3)C(C4)=CC=C4C5=CC6=C(C(C7=CC=C(CCC(CCCC)CC)S7)=C8C=CSC8=C6C9=CC=C(CCC(CCCC)CC)S9)S5)=C3C%10=CC=CS%10,IDT2Se,c1cc2c(cc1)C(=O)/C(=C\c1ccc([se]1)c1sc3c(c1)C(c1c3cc3c(c1)c1c(C3(c3ccc(cc3)CCCCCC)c3ccc(cc3)CCCCCC)cc(s1)c1[se]c(cc1)/C=C/1\C(=O)c3c(C1=C(C#N)C#N)cccc3)(c1ccc(cc1)CCCCCC)c1ccc(cc1)CCCCCC)/C2=C(C#N)C#N,9.36,17.31,0.598,0.88
PBDB-T,O=C(C1=C(CCC(CCCC)CC)SC(CCC(CC)CCCC)=C1C2=O)C(C2=C(C3)C(C4)=CC=C4C5=CC6=C(C(C7=CC=C(CCC(CCCC)CC)S7)=C8C=CSC8=C6C9=CC=C(CCC(CCCC)CC)S9)S5)=C3C%10=CC=CS%10,IDT2Se-4F,c1(cc2c(cc1F)C(=O)/C(=C\c1ccc([se]1)c1sc3c(c1)C(c1c3cc3c(c1)c1c(C3(c3ccc(cc3)CCCCCC)c3ccc(cc3)CCCCCC)cc(s1)c1[se]c(cc1)/C=C/1\C(=O)c3c(C1=C(C#N)C#N)cc(c(c3)F)F)(c1ccc(cc1)CCCCCC)c1ccc(cc1)CCCCCC)/C2=C(C#N)C#N)F,11.19,21.35,0.654,0.79
PBDB-T,O=C(C1=C(CCC(CCCC)CC)SC(CCC(CC)CCCC)=C1C2=O)C(C2=C(C3)C(C4)=CC=C4C5=CC6=C(C(C7=CC=C(CCC(CCCC)CC)S7)=C8C=CSC8=C6C9=CC=C(CCC(CCCC)CC)S9)S5)=C3C%10=CC=CS%10,DTDP-IC,O=C(C1=CC([H])=CC=C1C/2=C(C#N)/C#N)C2=C/C3=CC(CC(CCCCCCCC)(CCCCCCCC)C4=CC(C5=C(OC6(CCCCCCCC)CCCCCCCC)C=C(/C=C7C(C8=CC([H])=CC=C8C\7=C(C#N)/C#N)=O)S5)=C6C=C94)=C9S3,8.88,17.08,0.692,0.75
PBDB-T,O=C(C1=C(CCC(CCCC)CC)SC(CCC(CC)CCCC)=C1C2=O)C(C2=C(C3)C(C4)=CC=C4C5=CC6=C(C(C7=CC=C(CCC(CCCC)CC)S7)=C8C=CSC8=C6C9=CC=C(CCC(CCCC)CC)S9)S5)=C3C%10=CC=CS%10,DTDP-MIC,O=C(C1=CC(C)=CC=C1C/2=C(C#N)/C#N)C2=C/C3=CC(CC(CCCCCCCC)(CCCCCCCC)C4=CC(C5=C(OC6(CCCCCCCC)CCCCCCCC)C=C(/C=C7C(C8=CC(C)=CC=C8C\7=C(C#N)/C#N)=O)S5)=C6C=C94)=C9S3,9.39,16.82,0.7,0.8
PBDB-T,O=C(C1=C(CCC(CCCC)CC)SC(CCC(CC)CCCC)=C1C2=O)C(C2=C(C3)C(C4)=CC=C4C5=CC6=C(C(C7=CC=C(CCC(CCCC)CC)S7)=C8C=CSC8=C6C9=CC=C(CCC(CCCC)CC)S9)S5)=C3C%10=CC=CS%10,IDT-4CN,n1(c(=O)/c(=C/c2c3c(c(cc2)c2sc4c(c2)C(c2c4cc4c(c2)c2c(C4(c4ccc(cc4)CCCCCC)c4ccc(cc4)CCCCCC)cc(s2)c2ccc(c4c2nsn4)/C=c/2\sc(=C(C#N)C#N)n(c2=O)CC)(c2ccc(cc2)CCCCCC)c2ccc(cc2)CCCCCC)nsn3)/sc1=C(C#N)C#N)CC,8.13,14.66,0.609,0.91
PBDB-T,O=C(C1=C(CCC(CCCC)CC)SC(CCC(CC)CCCC)=C1C2=O)C(C2=C(C3)C(C4)=CC=C4C5=CC6=C(C(C7=CC=C(CCC(CCCC)CC)S7)=C8C=CSC8=C6C9=CC=C(CCC(CCCC)CC)S9)S5)=C3C%10=CC=CS%10,ITBTR-C2,O=C(/C(S/1)=C/C(C2=NSN=C32)=CC=C3C4=CC(SC5=C6C(C(C=C7)=CC=C7CCCCCC)(C(C=C8)=CC=C8CCCCCC)C(C5=C9)=CC%10=C9C(C%11=CC=C(CCCCCC)C=C%11)(C%12=CC=C(C=C%12)CCCCCC)C%13=C%10SC%14=C%13SC(C(C%15=NSN=C%16%15)=CC=C%16/C=C(C%17=O)\S/C(N%17CC)=C(C#N)/C#N)=C%14)=C6S4)N(CC)C1=C(C#N)\C#N,7.04,13.38,0.584,0.89
PBDB-T,O=C(C1=C(CCC(CCCC)CC)SC(CCC(CC)CCCC)=C1C2=O)C(C2=C(C3)C(C4)=CC=C4C5=CC6=C(C(C7=CC=C(CCC(CCCC)CC)S7)=C8C=CSC8=C6C9=CC=C(CCC(CCCC)CC)S9)S5)=C3C%10=CC=CS%10,ITBTR-C4,O=C(/C(S/1)=C/C(C2=NSN=C32)=CC=C3C4=CC(SC5=C6C(C(C=C7)=CC=C7CCCCCC)(C(C=C8)=CC=C8CCCCCC)C(C5=C9)=CC%10=C9C(C%11=CC=C(CCCCCC)C=C%11)(C%12=CC=C(C=C%12)CCCCCC)C%13=C%10SC%14=C%13SC(C(C%15=NSN=C%16%15)=CC=C%16/C=C(C%17=O)\S/C(N%17CCCC)=C(C#N)/C#N)=C%14)=C6S4)N(CCCC)C1=C(C#N)\C#N,7.43,14.75,0.542,0.9
PBDB-T,O=C(C1=C(CCC(CCCC)CC)SC(CCC(CC)CCCC)=C1C2=O)C(C2=C(C3)C(C4)=CC=C4C5=CC6=C(C(C7=CC=C(CCC(CCCC)CC)S7)=C8C=CSC8=C6C9=CC=C(CCC(CCCC)CC)S9)S5)=C3C%10=CC=CS%10,ITBTR-C6,O=C(/C(S/1)=C/C(C2=NSN=C32)=CC=C3C4=CC(SC5=C6C(C(C=C7)=CC=C7CCCCCC)(C(C=C8)=CC=C8CCCCCC)C(C5=C9)=CC%10=C9C(C%11=CC=C(CCCCCC)C=C%11)(C%12=CC=C(C=C%12)CCCCCC)C%13=C%10SC%14=C%13SC(C(C%15=NSN=C%16%15)=CC=C%16/C=C(C%17=O)\S/C(N%17CCCCCC)=C(C#N)/C#N)=C%14)=C6S4)N(CCCCCC)C1=C(C#N)\C#N,8.26,15.72,0.578,0.89
PBDB-T,O=C(C1=C(CCC(CCCC)CC)SC(CCC(CC)CCCC)=C1C2=O)C(C2=C(C3)C(C4)=CC=C4C5=CC6=C(C(C7=CC=C(CCC(CCCC)CC)S7)=C8C=CSC8=C6C9=CC=C(CCC(CCCC)CC)S9)S5)=C3C%10=CC=CS%10,ITBTR-C8,O=C(/C(S/1)=C/C(C2=NSN=C32)=CC=C3C4=CC(SC5=C6C(C(C=C7)=CC=C7CCCCCC)(C(C=C8)=CC=C8CCCCCC)C(C5=C9)=CC%10=C9C(C%11=CC=C(CCCCCC)C=C%11)(C%12=CC=C(C=C%12)CCCCCC)C%13=C%10SC%14=C%13SC(C(C%15=NSN=C%16%15)=CC=C%16/C=C(C%17=O)\S/C(N%17CCCCCCCC)=C(C#N)/C#N)=C%14)=C6S4)N(CCCCCCCC)C1=C(C#N)\C#N,9.29,16.13,0.636,0.88
PBDB-T,O=C(C1=C(CCC(CCCC)CC)SC(CCC(CC)CCCC)=C1C2=O)C(C2=C(C3)C(C4)=CC=C4C5=CC6=C(C(C7=CC=C(CCC(CCCC)CC)S7)=C8C=CSC8=C6C9=CC=C(CCC(CCCC)CC)S9)S5)=C3C%10=CC=CS%10,ITIC,c12cc3c(cc1C(c1c2sc2c1sc(c2)/C=C\1/C(=C(C#N)C#N)c2c(C1=O)cccc2)(c1ccc(cc1)CCCCCC)c1ccc(cc1)CCCCCC)c1c(C3(c2ccc(cc2)CCCCCC)c2ccc(cc2)CCCCCC)c2c(s1)cc(s2)/C=C\1/C(=C(C#N)C#N)c2c(C1=O)cccc2,8.37,15.06,0.616,0.9
PBDB-T,O=C(C1=C(CCC(CCCC)CC)SC(CCC(CC)CCCC)=C1C2=O)C(C2=C(C3)C(C4)=CC=C4C5=CC6=C(C(C7=CC=C(CCC(CCCC)CC)S7)=C8C=CSC8=C6C9=CC=C(CCC(CCCC)CC)S9)S5)=C3C%10=CC=CS%10,ITIC,c12cc3c(cc1C(c1c2sc2c1sc(c2)/C=C\1/C(=C(C#N)C#N)c2c(C1=O)cccc2)(c1ccc(cc1)CCCCCC)c1ccc(cc1)CCCCCC)c1c(C3(c2ccc(cc2)CCCCCC)c2ccc(cc2)CCCCCC)c2c(s1)cc(s2)/C=C\1/C(=C(C#N)C#N)c2c(C1=O)cccc2,10.64,18.33,0.671,0.86
PBDB-T,O=C(C1=C(CCC(CCCC)CC)SC(CCC(CC)CCCC)=C1C2=O)C(C2=C(C3)C(C4)=CC=C4C5=CC6=C(C(C7=CC=C(CCC(CCCC)CC)S7)=C8C=CSC8=C6C9=CC=C(CCC(CCCC)CC)S9)S5)=C3C%10=CC=CS%10,IT-M,O=C(C1=CC=CC=C1C/2=C(C#N)/C#N)C2=C/C3=CC(SC4C5C(C)=C(C(C6=CC=C(C=C6)CCCCCC)(C7=CC=C(C=C7)CCCCCC)C8=CSC9=C8SC(/C=C%10C(C(C=CC=C%11)=C%11C\%10=C(C#N)/C#N)=C)=C9)C=C(C)C5C(C%12=CC=C(C=C%12)CCCCCC)(C%13=CC=C(C=C%13)CCCCCC)C%144)=C%14S3,11.15,16.59,0.675,0.952
PBDB-T,O=C(C1=C(CCC(CCCC)CC)SC(CCC(CC)CCCC)=C1C2=O)C(C2=C(C3)C(C4)=CC=C4C5=CC6=C(C(C7=CC=C(CCC(CCCC)CC)S7)=C8C=CSC8=C6C9=CC=C(CCC(CCCC)CC)S9)S5)=C3C%10=CC=CS%10,IDT-OB,N#C/C(C#N)=C1C(C=CC=C2)=C2C(C/1=C\C(S3)=CC(C4(CCCCCCCC)C5=CC=C(CCCCCC)C=C5)=C3C(C=C67)=C4C=C7C(SC(/C=C8C(C9=C(C\8=C(C#N)\C#N)C=CC=C9)=O)=C%10)=C%10C6(C%11=CC=C(CCCCCC)C=C%11)CCCCCCCC)=O,10.12,15.91,0.7,0.88
PBDB-T,O=C(C1=C(CCC(CCCC)CC)SC(CCC(CC)CCCC)=C1C2=O)C(C2=C(C3)C(C4)=CC=C4C5=CC6=C(C(C7=CC=C(CCC(CCCC)CC)S7)=C8C=CSC8=C6C9=CC=C(CCC(CCCC)CC)S9)S5)=C3C%10=CC=CS%10,IDTT-OB,O=C(C(C=CC(C)=C1)=C1C/2=C(C#N)\C#N)C2=C/C3=CC(CC4=C5C(C6=CC=C(CCCCCC)C=C6)(CCCCCCCC)C7=CC(C8=C(C9(C%10=CC=C(C=C%10)CCCCCC)CCCCCCCC)C%11=C(C=C(S%11)/C=C%12C(C(C=CC(C)=C%13)=C%13C\%12=C(C#N)\C#N)=O)S8)=C9C=C47)=C5S3,11.19,16.41,0.74,0.91
PBDB-T,O=C(C1=C(CCC(CCCC)CC)SC(CCC(CC)CCCC)=C1C2=O)C(C2=C(C3)C(C4)=CC=C4C5=CC6=C(C(C7=CC=C(CCC(CCCC)CC)S7)=C8C=CSC8=C6C9=CC=C(CCC(CCCC)CC)S9)S5)=C3C%10=CC=CS%10,CPDT-4Cl,[Cl]C1=CC2=C(C(/C(C2=O)=C/C3=CC4=C(C5=C(C4(CCCCCC)CCCCCC)C=C(C6=CC7=C(C8=C(C7(CCCCCC)CCCCCC)C=C(/C=C9C(C(C=C(C([Cl])=C%10)[Cl])=C%10C\9=C(C#N)\C#N)=O)S8)S6)S5)S3)=C(C#N)\C#N)C=C1[Cl],9.28,21.3,0.668,0.65
PBDB-T,O=C(C1=C(CCC(CCCC)CC)SC(CCC(CC)CCCC)=C1C2=O)C(C2=C(C3)C(C4)=CC=C4C5=CC6=C(C(C7=CC=C(CCC(CCCC)CC)S7)=C8C=CSC8=C6C9=CC=C(CCC(CCCC)CC)S9)S5)=C3C%10=CC=CS%10,CPDT-4F,[F]C1=CC2=C(C(/C(C2=O)=C/C3=CC4=C(C5=C(C4(CCCCCC)CCCCCC)C=C(C6=CC7=C(C8=C(C7(CCCCCC)CCCCCC)C=C(/C=C9C(C(C=C(C([F])=C%10)[F])=C%10C\9=C(C#N)\C#N)=O)S8)S6)S5)S3)=C(C#N)\C#N)C=C1[F],9.47,20.1,0.696,0.68
PBDB-T,O=C(C1=C(CCC(CCCC)CC)SC(CCC(CC)CCCC)=C1C2=O)C(C2=C(C3)C(C4)=CC=C4C5=CC6=C(C(C7=CC=C(CCC(CCCC)CC)S7)=C8C=CSC8=C6C9=CC=C(CCC(CCCC)CC)S9)S5)=C3C%10=CC=CS%10,IEICO,O=C1C(/C(C2=C1C=CC=C2)=C(C#N)\C#N)=C\C3=CC(OCC(CCCC)CC)=C(C4=CC(C(C5=CC(C6=C7C=C(C8=C(C=C(/C=C(C9=O)/C(C%10=C9C=CC=C%10)=C(C#N)\C#N)S8)OCC(CCCC)CC)S6)=C(C7(C%11=CC=C(C=C%11)CCCCCC)C%12=CC=C(C=C%12)CCCCCC)C=C%135)(C%14=CC=C(C=C%14)CCCCCC)C(C=C%15)=CC=C%15CCCCCC)=C%13S4)S3,3.38,7.16,0.528,0.894
PBDB-T,O=C(C1=C(CCC(CCCC)CC)SC(CCC(CC)CCCC)=C1C2=O)C(C2=C(C3)C(C4)=CC=C4C5=CC6=C(C(C7=CC=C(CCC(CCCC)CC)S7)=C8C=CSC8=C6C9=CC=C(CCC(CCCC)CC)S9)S5)=C3C%10=CC=CS%10,i-IEICO,O=C(C(C=CC=C1)=C1C/2=C(C#N)\C#N)C2=C\C3=CSC(C4=CC5=C(C(C=C6C(C7=CC=C(C=C7)CCCCCC)(C8=CC=C(C=C8)CCCCCC)C9=C(SC(C%10=C(OCCCCCCCC)C(/C=C%11C(C(C=CC=C%12)=C%12C/%11=C(C#N)/C#N)=O)=CS%10)=C9)C6=C%13)=C%13C5(C%14=CC=C(CCCCCC)C=C%14)C(C=C%15)=CC=C%15CCCCCC)S4)=C3OCCCCCCCC,8.79,14.67,0.596,1.006
PBDB-T,O=C(C1=C(CCC(CCCC)CC)SC(CCC(CC)CCCC)=C1C2=O)C(C2=C(C3)C(C4)=CC=C4C5=CC6=C(C(C7=CC=C(CCC(CCCC)CC)S7)=C8C=CSC8=C6C9=CC=C(CCC(CCCC)CC)S9)S5)=C3C%10=CC=CS%10,IPIC,O=C(C(C=C([H])C([H])=C1)=C1C/2=C(C#N)/C#N)C2=C/C3=CC4=C(S3)C5=C(N4CC(CCCCCC)CCCC)C6=C(S5)C(C(C(C7=CC=C(C=C7)CCCCCC)6C8=CC=C(C=C8)CCCCCC)=C9)=CC%10=C9C%11=C(C(C%12=CC=C(CCCCCC)C=C%12)%10C%13=CC=C(CCCCCC)C=C%13)C(N%14CC(CCCCCC)CCCC)=C(S%11)C(S%15)=C%14C=C%15/C=C(C(C%16=C%17C=C([H])C([H])=C%16)=O)/C%17=C(C#N)/C#N,3.98,7.16,0.586,0.95
PBDB-T,O=C(C1=C(CCC(CCCC)CC)SC(CCC(CC)CCCC)=C1C2=O)C(C2=C(C3)C(C4)=CC=C4C5=CC6=C(C(C7=CC=C(CCC(CCCC)CC)S7)=C8C=CSC8=C6C9=CC=C(CCC(CCCC)CC)S9)S5)=C3C%10=CC=CS%10,IPIC-4F,O=C(C(C=C(F)C(F)=C1)=C1C/2=C(C#N)/C#N)C2=C/C3=CC4=C(S3)C5=C(N4CC(CCCCCC)CCCC)C6=C(S5)C(C(C(C7=CC=C(C=C7)CCCCCC)6C8=CC=C(C=C8)CCCCCC)=C9)=CC%10=C9C%11=C(C(C%12=CC=C(CCCCCC)C=C%12)%10C%13=CC=C(CCCCCC)C=C%13)C(N%14CC(CCCCCC)CCCC)=C(S%11)C(S%15)=C%14C=C%15/C=C(C(C%16=C%17C=C(F)C(F)=C%16)=O)/C%17=C(C#N)/C#N,11.1,19.8,0.671,0.835
PBDB-T,O=C(C1=C(CCC(CCCC)CC)SC(CCC(CC)CCCC)=C1C2=O)C(C2=C(C3)C(C4)=CC=C4C5=CC6=C(C(C7=CC=C(CCC(CCCC)CC)S7)=C8C=CSC8=C6C9=CC=C(CCC(CCCC)CC)S9)S5)=C3C%10=CC=CS%10,IPIC-4Cl,O=C(C(C=C(Cl)C(Cl)=C1)=C1C/2=C(C#N)/C#N)C2=C/C3=CC4=C(S3)C5=C(N4CC(CCCCCC)CCCC)C6=C(S5)C(C(C(C7=CC=C(C=C7)CCCCCC)6C8=CC=C(C=C8)CCCCCC)=C9)=CC%10=C9C%11=C(C(C%12=CC=C(CCCCCC)C=C%12)%10C%13=CC=C(CCCCCC)C=C%13)C(N%14CC(CCCCCC)CCCC)=C(S%11)C(S%15)=C%14C=C%15/C=C(C(C%16=C%17C=C(Cl)C(Cl)=C%16)=O)/C%17=C(C#N)/C#N,13.4,22.2,0.74,0.813
PBDB-T,O=C(C1=C(CCC(CCCC)CC)SC(CCC(CC)CCCC)=C1C2=O)C(C2=C(C3)C(C4)=CC=C4C5=CC6=C(C(C7=CC=C(CCC(CCCC)CC)S7)=C8C=CSC8=C6C9=CC=C(CCC(CCCC)CC)S9)S5)=C3C%10=CC=CS%10,O-IDTBR,O=C(/C(S1)=C/C(C2=NSN=C32)=CC=C3C(S4)=CC(C5(C6=CC=C(CCCCCC)C=C6)C7=CC=C(CCCCCC)C=C7)=C4C(C=C89)=C5C=C8C(SC(C%10=CC=C(/C=C%11SC(N(CC)C\%11=O)=S)C%12=NSN=C%10%12)=C%13)=C%13C9(C%14=CC=C(CCCCCC)C=C%14)C%15=CC=C(CCCCCC)C=C%15)N(CC)C1=S,8.09,13.64,0.587,1.01
PBDB-T,O=C(C1=C(CCC(CCCC)CC)SC(CCC(CC)CCCC)=C1C2=O)C(C2=C(C3)C(C4)=CC=C4C5=CC6=C(C(C7=CC=C(CCC(CCCC)CC)S7)=C8C=CSC8=C6C9=CC=C(CCC(CCCC)CC)S9)S5)=C3C%10=CC=CS%10,ITCT-DM,c1(sc(c2c1C(=C(C#N)C#N)/C(=C/c1cc3c(s1)c1c(s3)c3c(C1(c1ccc(cc1)CCCCCC)c1ccc(cc1)CCCCCC)cc1c(c3)C(c3c1sc1c3sc(c1)/C=C\1/C(=C(C#N)C#N)c3c(C1=O)c(sc3C)C)(c1ccc(cc1)CCCCCC)c1ccc(cc1)CCCCCC)/C2=O)C)C,10.56,17.4,0.65,0.904
PBDB-T,O=C(C1=C(CCC(CCCC)CC)SC(CCC(CC)CCCC)=C1C2=O)C(C2=C(C3)C(C4)=CC=C4C5=CC6=C(C(C7=CC=C(CCC(CCCC)CC)S7)=C8C=CSC8=C6C9=CC=C(CCC(CCCC)CC)S9)S5)=C3C%10=CC=CS%10,AT-NC,O=C(C(C=C(C=CC=C1)C1=C2)=C2C/3=C(C#N)/C#N)C3=C/C4=CC5=C(C6=C(C5(C(C=C7)=CC=C7OCC(CCCCCC)CCCC)C(C=C8)=CC=C8OCC(CCCC)CCCCCC)C9=CC(C(C=C9C=C6)=C%10%11)=CC=C%10C%12=C(C=C(S%12)/C=C%13C(C(C=C(C=CC=C%14)C%14=C%15)=C%15C\%13=C(C#N)/C#N)=O)C%11(C%16=CC=C(C=C%16)OCC(CCCCCC)CCCC)C(C=C%17)=CC=C%17OCC(CCCCCC)CCCC)S4,10.91,17.11,0.694,0.919
PBDB-T,O=C(C1=C(CCC(CCCC)CC)SC(CCC(CC)CCCC)=C1C2=O)C(C2=C(C3)C(C4)=CC=C4C5=CC6=C(C(C7=CC=C(CCC(CCCC)CC)S7)=C8C=CSC8=C6C9=CC=C(CCC(CCCC)CC)S9)S5)=C3C%10=CC=CS%10,m-ITIC-H,O=C(C1=CC=CC=C1C/2=C(C#N)/C#N)C2=C/C3=CSC4=C3SC5=C4C(C6=CC7=C(C(C8=CC=CC(CCCCCCC)=C8)(C9=CC(CCCCCCC)=CC=C9)C%10=C7SC%11=C%10SC=C%11/C=C%12C(C%13=CC=CC=C%13C\%12=C(C#N)/C#N)=O)C=C65)(C%14=CC(CCCCCCC)=CC=C%14)C%15=CC=CC(CCCCCCC)=C%15,8.54,15.09,0.67,0.85
PBDB-T,O=C(C1=C(CCC(CCCC)CC)SC(CCC(CC)CCCC)=C1C2=O)C(C2=C(C3)C(C4)=CC=C4C5=CC6=C(C(C7=CC=C(CCC(CCCC)CC)S7)=C8C=CSC8=C6C9=CC=C(CCC(CCCC)CC)S9)S5)=C3C%10=CC=CS%10,m-ITIC-O-H,O=C(C1=CC=CC=C1C/2=C(C#N)/C#N)C2=C/C3=CSC4=C3SC5=C4C(C6=CC7=C(C(C8=CC=CC(COCCCCC)=C8)(C9=CC(COCCCCC)=CC=C9)C%10=C7SC%11=C%10SC=C%11/C=C%12C(C%13=CC=CC=C%13C\%12=C(C#N)/C#N)=O)C=C65)(C%14=CC(COCCCCC)=CC=C%14)C%15=CC=CC(COCCCCC)=C%15,9.55,15.99,0.7,0.85
PBDB-T,O=C(C1=C(CCC(CCCC)CC)SC(CCC(CC)CCCC)=C1C2=O)C(C2=C(C3)C(C4)=CC=C4C5=CC6=C(C(C7=CC=C(CCC(CCCC)CC)S7)=C8C=CSC8=C6C9=CC=C(CCC(CCCC)CC)S9)S5)=C3C%10=CC=CS%10,m-ITIC-O-EH,O=C(C1=CC=CC=C1C/2=C(C#N)/C#N)C2=C/C3=CSC4=C3SC5=C4C(C6=CC7=C(C(C8=CC=CC(COCC(CC)CCC)=C8)(C9=CC(COCC(CC)CCC)=CC=C9)C%10=C7SC%11=C%10SC=C%11/C=C%12C(C%13=CC=CC=C%13C\%12=C(C#N)/C#N)=O)C=C65)(C%14=CC(COCC(CC)CCC)=CC=C%14)C%15=CC=CC(COCC(CC)CCC)=C%15,9.77,15.88,0.68,0.88
PBDB-T,O=C(C1=C(CCC(CCCC)CC)SC(CCC(CC)CCCC)=C1C2=O)C(C2=C(C3)C(C4)=CC=C4C5=CC6=C(C(C7=CC=C(CCC(CCCC)CC)S7)=C8C=CSC8=C6C9=CC=C(CCC(CCCC)CC)S9)S5)=C3C%10=CC=CS%10,DTN-IC-2Ph,O=C(C(C=CC=C1)=C1C/2=C(C#N)\C#N)C2=C/C3=CC(C4(C(C=C5)=CC=C5CCCCCC)C6=CC=C(C=C6)CCCCCC)=C(C7=CC=C8C9=C7C4=CC=C9C%10=C(C8(C%11=CC=C(C=C%11)CCCCCC)C%12=CC=C(C=C%12)CCCCCC)C=C(/C=C%13C(C(C=CC=C%14)=C%14C\%13=C(C#N)\C#N)=O)S%10)S3,5.45,9.33,0.6,0.974
PBDB-T,O=C(C1=C(CCC(CCCC)CC)SC(CCC(CC)CCCC)=C1C2=O)C(C2=C(C3)C(C4)=CC=C4C5=CC6=C(C(C7=CC=C(CCC(CCCC)CC)S7)=C8C=CSC8=C6C9=CC=C(CCC(CCCC)CC)S9)S5)=C3C%10=CC=CS%10,DTA-IC-3Ph,O=C(C(C=CC=C1)=C1C/2=C(C#N)\C#N)C2=C/C(SC3C4=CC=C5C6=C4C7=C8C(C=CC=C8)=C6C9=C(C5(C%10=CC=C(C=C%10)CCCCCC)C%11=CC=C(C=C%11)CCCCCC)C=C(/C=C%12C(C(C=CC=C%13)=C%13C\%12=C(C#N)\C#N)=O)S9)=CC3C7(C(C=C%14)=CC=C%14CCCCCC)C%15=CC=C(C=C%15)CCCCCC,6.09,12.27,0.529,0.938
PBDB-T,O=C(C1=C(CCC(CCCC)CC)SC(CCC(CC)CCCC)=C1C2=O)C(C2=C(C3)C(C4)=CC=C4C5=CC6=C(C(C7=CC=C(CCC(CCCC)CC)S7)=C8C=CSC8=C6C9=CC=C(CCC(CCCC)CC)S9)S5)=C3C%10=CC=CS%10,DTP-IC-4Ph,O=C(C(C=CC=C1)=C1C/2=C(C#N)\C#N)C2=C/C3=CC(C4(C(C=C5)=CC=C5CCCCCC)C6=CC=C(C=C6)CCCCCC)=C(C(C=C7)=C8C4=CC9=CC=C%10C%11C9C8=C7C=C%11C(C%12=CC=C(CCCCCC)C=C%12)(C%13=CC=C(CCCCCC)C=C%13)C%14=C%10SC(/C=C%15C(C(C=CC=C%16)=C%16C\%15=C(C#N)/C#N)=O)=C%14)S3,10.37,17.32,0.666,0.9
PBDB-T,O=C(C1=C(CCC(CCCC)CC)SC(CCC(CC)CCCC)=C1C2=O)C(C2=C(C3)C(C4)=CC=C4C5=CC6=C(C(C7=CC=C(CCC(CCCC)CC)S7)=C8C=CSC8=C6C9=CC=C(CCC(CCCC)CC)S9)S5)=C3C%10=CC=CS%10,IDTIC,O=C(C(C=CC=C1)=C1C/2=C(C#N)/C#N)C2=C/C3=CC4=C(S3)C5=CC6=C(C=C5C4(CCCCCCCCCCCCCCCC)CCCCCCCCCCCCCCCC)C7=C(C=C(S7)/C=C8C(C(C=CC=C9)=C9C\8=C(C#N)/C#N)=O)C6(CCCCCCCCCCCCCCCC)CCCCCCCCCCCCCCCC,5.67,12.7,0.563,0.84
PBDB-T,O=C(C1=C(CCC(CCCC)CC)SC(CCC(CC)CCCC)=C1C2=O)C(C2=C(C3)C(C4)=CC=C4C5=CC6=C(C(C7=CC=C(CCC(CCCC)CC)S7)=C8C=CSC8=C6C9=CC=C(CCC(CCCC)CC)S9)S5)=C3C%10=CC=CS%10,IDTTIC,O=C(C(C=CC=C1)=C1C/2=C(C#N)/C#N)C2=C/C3=CC(S4)=C(S3)C5=C4C6=CC7=C(C=C6C5(CCCCCCCCCCCCCCCC)CCCCCCCCCCCCCCCC)C8=C(C(SC(/C=C9C(C(C=CC=C%10)=C%10C\9=C(C#N)\C#N)=O)=C%11)=C%11S8)C7(CCCCCCCCCCCCCCCC)CCCCCCCCCCCCCCCC,11.2,17.3,0.704,0.919
PBDB-T,O=C(C1=C(CCC(CCCC)CC)SC(CCC(CC)CCCC)=C1C2=O)C(C2=C(C3)C(C4)=CC=C4C5=CC6=C(C(C7=CC=C(CCC(CCCC)CC)S7)=C8C=CSC8=C6C9=CC=C(CCC(CCCC)CC)S9)S5)=C3C%10=CC=CS%10,BTTIC,O=C1C2=C(C)SC=C2C(/C1=C/C(S3)=CC4=C3C(S5)=C(C4(C6=CC=C(CCCCCC)C=C6)C7=CC=C(CCCCCC)C=C7)C(C5=C8C9=CC=C(CC(CCCC)CC)S9)=C(C%10=CC=C(CC(CCCC)CC)S%10)C%11=C8C(C%12(C%13=CC=C(CCCCCC)C=C%13)C%14=CC=C(CCCCCC)C=C%14)=C(S%11)C%15=C%12C=C(/C=C%16C(C%17=C(C)SC=C%17C\%16=C(C#N)\C#N)=O)S%15)=C(C#N)\C#N,13.18,19.52,0.747,0.904
PBDB-T,O=C(C1=C(CCC(CCCC)CC)SC(CCC(CC)CCCC)=C1C2=O)C(C2=C(C3)C(C4)=CC=C4C5=CC6=C(C(C7=CC=C(CCC(CCCC)CC)S7)=C8C=CSC8=C6C9=CC=C(CCC(CCCC)CC)S9)S5)=C3C%10=CC=CS%10,BTOIC,O=C1C2=C(C)SC=C2C(/C1=C/C(S3)=CC4=C3C(S5)=C(C4(C6=CC=C(CCCCCC)C=C6)C7=CC=C(CCCCCC)C=C7)C(C5=C8OCC(CC)CCCC)=C(OCC(CCCC)CC)C9=C8C(C%10(C%11=CC=C(CCCCCC)C=C%11)C%12=CC=C(CCCCCC)C=C%12)=C(S9)C%13=C%10C=C(/C=C%14C(C%15=C(C)SC=C%15C\%14=C(C#N)\C#N)=O)S%13)=C(C#N)\C#N,10.96,18.6,0.684,0.862
PBDB-T,O=C(C1=C(CCC(CCCC)CC)SC(CCC(CC)CCCC)=C1C2=O)C(C2=C(C3)C(C4)=CC=C4C5=CC6=C(C(C7=CC=C(CCC(CCCC)CC)S7)=C8C=CSC8=C6C9=CC=C(CCC(CCCC)CC)S9)S5)=C3C%10=CC=CS%10,ITIC,c12cc3c(cc1C(c1c2sc2c1sc(c2)/C=C\1/C(=C(C#N)C#N)c2c(C1=O)cccc2)(c1ccc(cc1)CCCCCC)c1ccc(cc1)CCCCCC)c1c(C3(c2ccc(cc2)CCCCCC)c2ccc(cc2)CCCCCC)c2c(s1)cc(s2)/C=C\1/C(=C(C#N)C#N)c2c(C1=O)cccc2,9.22,15.2,0.67,0.861
PBDB-T,O=C(C1=C(CCC(CCCC)CC)SC(CCC(CC)CCCC)=C1C2=O)C(C2=C(C3)C(C4)=CC=C4C5=CC6=C(C(C7=CC=C(CCC(CCCC)CC)S7)=C8C=CSC8=C6C9=CC=C(CCC(CCCC)CC)S9)S5)=C3C%10=CC=CS%10,ITIF,O=C1C2=C(C=CC=C2)C(/C1=C/C3=CC(S4)=C(S3)C5=C4C6=CC(C7(C8=CC=C(CCCCCC)C=C8)C9=CC=C(CCCCCC)C=C9)=C(C=C6C5(C%10=CC=C(CCCCCC)C=C%10)C%11=CC=C(CCCCCC)C=C%11)C%12=C7C(S%13)=C(S%12)C=C%13/C=C(/C%14=C(C%15=CC(F)=CC(F)=C%15)/C#N)C(C%16=C%14C=CC=C%16)=O)=C(C#N)/C%17=CC(F)=CC(F)=C%17,2.85,7.78,0.382,0.958
PBDB-T,O=C(C1=C(CCC(CCCC)CC)SC(CCC(CC)CCCC)=C1C2=O)C(C2=C(C3)C(C4)=CC=C4C5=CC6=C(C(C7=CC=C(CCC(CCCC)CC)S7)=C8C=CSC8=C6C9=CC=C(CCC(CCCC)CC)S9)S5)=C3C%10=CC=CS%10,INPIC-4F,c1(c(cc2c(c1)C(=C(C2=O)[CH]c1sc2c(c1)n(c1c2sc2c1C(c1c2cc2c(c1)c1c(C2(c2ccc(cc2)CCCCCC)c2ccc(cc2)CCCCCC)c2c(s1)c1c(n2CCCCCCCC)cc(s1)/C=C\1/C(=C(C#N)C#N)c2c(C1=O)cc(c(c2)F)F)(c1ccc(cc1)CCCCCC)c1ccc(cc1)CCCCCC)CCCCCCCC)[C](C#N)C#N)F)F,13.1,21.8,0.732,0.82
PBDB-T,O=C(C1=C(CCC(CCCC)CC)SC(CCC(CC)CCCC)=C1C2=O)C(C2=C(C3)C(C4)=CC=C4C5=CC6=C(C(C7=CC=C(CCC(CCCC)CC)S7)=C8C=CSC8=C6C9=CC=C(CCC(CCCC)CC)S9)S5)=C3C%10=CC=CS%10,Y5,O=C(C1=CC=CC=C1C/2=C(C#N)/C#N)C2=C/C3=C(C4=CC=C(CCCCCC)C=C4)C5=C(S3)C6=C(S5)C(C7=NSN=C7C8=C9N(C%10=CC=C(CCCCCC)C=C%10)C%11=C8SC%12=C%11SC(/C=C%13C(C%14=CC=CC=C%14C\%13=C(C#N)\C#N)=O)=C%12C%15=CC=C(CCCCCC)C=C%15)=C9N6C%16=CC=C(CCCCCC)C=C%16,14.1,22.8,0.702,0.88
PBDB-T,O=C(C1=C(CCC(CCCC)CC)SC(CCC(CC)CCCC)=C1C2=O)C(C2=C(C3)C(C4)=CC=C4C5=CC6=C(C(C7=CC=C(CCC(CCCC)CC)S7)=C8C=CSC8=C6C9=CC=C(CCC(CCCC)CC)S9)S5)=C3C%10=CC=CS%10,IT-M,O=C(C1=CC=CC=C1C/2=C(C#N)/C#N)C2=C/C3=CC(SC4C5C(C)=C(C(C6=CC=C(C=C6)CCCCCC)(C7=CC=C(C=C7)CCCCCC)C8=CSC9=C8SC(/C=C%10C(C(C=CC=C%11)=C%11C\%10=C(C#N)/C#N)=C)=C9)C=C(C)C5C(C%12=CC=C(C=C%12)CCCCCC)(C%13=CC=C(C=C%13)CCCCCC)C%144)=C%14S3,7.2,13.5,0.528,0.94
PBDB-T,O=C(C1=C(CCC(CCCC)CC)SC(CCC(CC)CCCC)=C1C2=O)C(C2=C(C3)C(C4)=CC=C4C5=CC6=C(C(C7=CC=C(CCC(CCCC)CC)S7)=C8C=CSC8=C6C9=CC=C(CCC(CCCC)CC)S9)S5)=C3C%10=CC=CS%10,HF-PCIC,[H]C1=C(C(F)=C(C(C2=CC(C(CC(CCCC)CC)(CC(CCCC)CC)C3=C4SC(/C=C5C(C6=CC(F)=C(C=C6C\5=C(C#N)\C#N)F)=O)=C3)=C4S2)=C1F)[H])C7=CC8=C(C9=C(C8(CC(CCCC)CC)CC(CCCC)CC)C=C(/C=C%10C(C%11=CC(F)=C(C=C%11C\%10=C(C#N)/C#N)S)=O)S9)S7,8.82,16.26,0.684,0.8
PBDB-T,O=C(C1=C(CCC(CCCC)CC)SC(CCC(CC)CCCC)=C1C2=O)C(C2=C(C3)C(C4)=CC=C4C5=CC6=C(C(C7=CC=C(CCC(CCCC)CC)S7)=C8C=CSC8=C6C9=CC=C(CCC(CCCC)CC)S9)S5)=C3C%10=CC=CS%10,IEICO-4F,FC1=CC2=C(C(/C(C2=O)=C/C3=CC(OCC(CC)CCCC)=C(S3)C4=CC5=C(S4)C6=CC(C7(C8=CC=C(CCCCCC)C=C8)C9=CC=C(CCCCCC)C=C9)=C(C%10=C7C=C(S%10)C%11=C(OCC(CC)CCCC)C=C(S%11)/C=C(/C(C%12=C%13C=C(F)C(F)=C%12)=C(C#N)\C#N)C%13=O)C=C6C5(C%14=CC=C(CCCCCC)C=C%14)C%15=CC=C(CCCCCC)C=C%15)=C(C#N)/C#N)C=C1F,6.64,19.43,0.446,0.74
PBDB-T,O=C(C1=C(CCC(CCCC)CC)SC(CCC(CC)CCCC)=C1C2=O)C(C2=C(C3)C(C4)=CC=C4C5=CC6=C(C(C7=CC=C(CCC(CCCC)CC)S7)=C8C=CSC8=C6C9=CC=C(CCC(CCCC)CC)S9)S5)=C3C%10=CC=CS%10,BTTFIC,O=C(C1=CC=CC=C1C/2=C(C#N)/C#N)C2=C/C3=CC(SC4=C5C(CCCCCCCC)(CCCCCCCC)C6=C4C=C7C(C8=CC(C(C9=C%10SC%11=C9SC(/C=C%12C(C%13=C(C=CC=C%13)C\%12=C(C#N)/C#N)=O)=C%11)(CCCCCCCC)CCCCCCCC)=C%10C=C8C7(CCCCCCCC)CCCCCCCC)=C6)=C5S3,9.0,17.52,0.539,0.93
PBDB-T,O=C(C1=C(CCC(CCCC)CC)SC(CCC(CC)CCCC)=C1C2=O)C(C2=C(C3)C(C4)=CC=C4C5=CC6=C(C(C7=CC=C(CCC(CCCC)CC)S7)=C8C=CSC8=C6C9=CC=C(CCC(CCCC)CC)S9)S5)=C3C%10=CC=CS%10,R10-4Cl,ClC(C(Cl)=C1)=CC2=C1C(/C(C2=O)=C/C3=CC(C4(C5=CC=C(CCCCCC)C=C5)C6=CC=C(CCCCCC)C=C6)=C(S3)C(C4=C7)=CC8=C7C(S9)=C(C8(C%10=CC=C(CCCCCC)C=C%10)C%11=CC=C(CCCCCC)C=C%11)C%12=C9C(C%13(C%14=CC=C(CCCCCC)C=C%14)C%15=CC=C(CCCCCC)C=C%15)=C(S%12)C(C%13=C%16)=CC%17=C%16C%18=C(C%17(C%19=CC=C(CCCCCC)C=C%19)C%20=CC=C(CCCCCC)C=C%20)C=C(/C=C%21C(C(C=C(Cl)C(Cl)=C%22)=C%22C\%21=C(C#N)\C#N)=O)S%18)=C(C#N)/C#N,10.7,18.9,0.666,0.85
PBDB-T,O=C(C1=C(CCC(CCCC)CC)SC(CCC(CC)CCCC)=C1C2=O)C(C2=C(C3)C(C4)=CC=C4C5=CC6=C(C(C7=CC=C(CCC(CCCC)CC)S7)=C8C=CSC8=C6C9=CC=C(CCC(CCCC)CC)S9)S5)=C3C%10=CC=CS%10,R12-4Cl,ClC(C(Cl)=C1)=CC2=C1C(/C(C2=O)=C/C(S3)=CC4=C3C(C(C5=CC=C(CCCCCC)C=C5)(C6=CC=C(CCCCCC)C=C6)C7=C8C=C9C(C(SC%10=C%11SC%12=C%10C(C%13=CC=C(CCCCCC)C=C%13)(C%14=CC=C(CCCCCC)C=C%14)C%15=C%12C=C%16C(C(SC%17=C%18SC(/C=C%19C(C(C=C(Cl)C(Cl)=C%20)=C%20C\%19=C(C#N)\C#N)=O)=C%17)=C%18C%16(C%21=CC=C(CCCCCC)C=C%21)C%22=CC=C(CCCCCC)C=C%22)=C%15)=C%11C9(C%23=CC=C(CCCCCC)C=C%23)C%24=CC=C(CCCCCC)C=C%24)=C7)=C8S4)=C(C#N)/C#N,9.3,18.5,0.669,0.75
PBDB-T,O=C(C1=C(CCC(CCCC)CC)SC(CCC(CC)CCCC)=C1C2=O)C(C2=C(C3)C(C4)=CC=C4C5=CC6=C(C(C7=CC=C(CCC(CCCC)CC)S7)=C8C=CSC8=C6C9=CC=C(CCC(CCCC)CC)S9)S5)=C3C%10=CC=CS%10,IE4F-S,O=C(C(C=C(C(F)=C1)F)=C1C/2=C(C#N)\C#N)C2=C/C3=CSC(C4=CC(C5(C6=CC=C(C=C6)CCCCCC)C7=CC=C(CCCCCC)C=C7)=C(C8=CC9=C(C%10=C(C9(C%11=CC=C(CCCCCC)C=C%11)C%12=CC=C(CCCCCC)C=C%12)C=C(C%13=C(SCC(CC)CCCC)C(/C=C%14C(C(C=C(C(F)=C%15)F)=C%15C\%14=C(C#N)\C#N)=O)=CS%13)S%10)C=C85)S4)=C3SCC(CCCC)CC,13.72,22.88,0.691,0.868
PBDB-T,O=C(C1=C(CCC(CCCC)CC)SC(CCC(CC)CCCC)=C1C2=O)C(C2=C(C3)C(C4)=CC=C4C5=CC6=C(C(C7=CC=C(CCC(CCCC)CC)S7)=C8C=CSC8=C6C9=CC=C(CCC(CCCC)CC)S9)S5)=C3C%10=CC=CS%10,ITIC,c12cc3c(cc1C(c1c2sc2c1sc(c2)/C=C\1/C(=C(C#N)C#N)c2c(C1=O)cccc2)(c1ccc(cc1)CCCCCC)c1ccc(cc1)CCCCCC)c1c(C3(c2ccc(cc2)CCCCCC)c2ccc(cc2)CCCCCC)c2c(s1)cc(s2)/C=C\1/C(=C(C#N)C#N)c2c(C1=O)cccc2,10.82,16.64,0.712,0.9
PBDB-T,O=C(C1=C(CCC(CCCC)CC)SC(CCC(CC)CCCC)=C1C2=O)C(C2=C(C3)C(C4)=CC=C4C5=CC6=C(C(C7=CC=C(CCC(CCCC)CC)S7)=C8C=CSC8=C6C9=CC=C(CCC(CCCC)CC)S9)S5)=C3C%10=CC=CS%10,IT-M,O=C(C1=CC=CC=C1C/2=C(C#N)/C#N)C2=C/C3=CC(SC4C5C(C)=C(C(C6=CC=C(C=C6)CCCCCC)(C7=CC=C(C=C7)CCCCCC)C8=CSC9=C8SC(/C=C%10C(C(C=CC=C%11)=C%11C\%10=C(C#N)/C#N)=C)=C9)C=C(C)C5C(C%12=CC=C(C=C%12)CCCCCC)(C%13=CC=C(C=C%13)CCCCCC)C%144)=C%14S3,11.71,17.17,0.715,0.94
PBDB-T,O=C(C1=C(CCC(CCCC)CC)SC(CCC(CC)CCCC)=C1C2=O)C(C2=C(C3)C(C4)=CC=C4C5=CC6=C(C(C7=CC=C(CCC(CCCC)CC)S7)=C8C=CSC8=C6C9=CC=C(CCC(CCCC)CC)S9)S5)=C3C%10=CC=CS%10,BTTIC-0M,O=C(C1=C([H])SC([H])=C1C/2=C(C#N)\C#N)C2=C/C3=CC(C(C4=CC=C(CCCCCC)C=C4)(C5=CC=C(CCCCCC)C=C5)C6=C7SC8=C6C(C9=CC=C(S9)CC(CCCC)CC)=C%10SC(C%11=C(C%12(C%13=CC=C(CCCCCC)C=C%13)C%14=CC=C(CCCCCC)C=C%14)C=C(/C=C%15C(C%16=C(SC([H])=C%16C\%15=C(C#N)\C#N)[H])=O)S%11)=C%12C%10=C8C%17=CC=C(CC(CC)CCCC)S%17)=C7S3,11.87,18.95,0.729,0.86
PBDB-T,O=C(C1=C(CCC(CCCC)CC)SC(CCC(CC)CCCC)=C1C2=O)C(C2=C(C3)C(C4)=CC=C4C5=CC6=C(C(C7=CC=C(CCC(CCCC)CC)S7)=C8C=CSC8=C6C9=CC=C(CCC(CCCC)CC)S9)S5)=C3C%10=CC=CS%10,BTTIC-2M,O=C(C1=C(C)SC([H])=C1C/2=C(C#N)\C#N)C2=C/C3=CC(C(C4=CC=C(CCCCCC)C=C4)(C5=CC=C(CCCCCC)C=C5)C6=C7SC8=C6C(C9=CC=C(S9)CC(CCCC)CC)=C%10SC(C%11=C(C%12(C%13=CC=C(CCCCCC)C=C%13)C%14=CC=C(CCCCCC)C=C%14)C=C(/C=C%15C(C%16=C(SC([H])=C%16C\%15=C(C#N)\C#N)[CH3])=O)S%11)=C%12C%10=C8C%17=CC=C(CC(CC)CCCC)S%17)=C7S3,13.15,19.39,0.753,0.9
PBDB-T,O=C(C1=C(CCC(CCCC)CC)SC(CCC(CC)CCCC)=C1C2=O)C(C2=C(C3)C(C4)=CC=C4C5=CC6=C(C(C7=CC=C(CCC(CCCC)CC)S7)=C8C=CSC8=C6C9=CC=C(CCC(CCCC)CC)S9)S5)=C3C%10=CC=CS%10,BTTIC-4M,O=C(C1=C(C)SC([CH3])=C1C/2=C(C#N)\C#N)C2=C/C3=CC(C(C4=CC=C(CCCCCC)C=C4)(C5=CC=C(CCCCCC)C=C5)C6=C7SC8=C6C(C9=CC=C(S9)CC(CCCC)CC)=C%10SC(C%11=C(C%12(C%13=CC=C(CCCCCC)C=C%13)C%14=CC=C(CCCCCC)C=C%14)C=C(/C=C%15C(C%16=C(SC([CH3])=C%16C\%15=C(C#N)\C#N)[CH3])=O)S%11)=C%12C%10=C8C%17=CC=C(CC(CC)CCCC)S%17)=C7S3,9.6,15.67,0.637,0.968
PBDB-T,O=C(C1=C(CCC(CCCC)CC)SC(CCC(CC)CCCC)=C1C2=O)C(C2=C(C3)C(C4)=CC=C4C5=CC6=C(C(C7=CC=C(CCC(CCCC)CC)S7)=C8C=CSC8=C6C9=CC=C(CCC(CCCC)CC)S9)S5)=C3C%10=CC=CS%10,ITIC-m,O=C(C(C=CC(C)=C1)=C1C/2=C(C#N)\C#N)C2=C/C3=CC4=C(C(C5(C(C=C6)=CC=C6CCCCCC)C7=CC=C(C=C7)CCCCCC)=C(C(C=C8C9(C%10=CC=C(C=C%10)CCCCCC)C%11=CC=C(C=C%11)CCCCCC)=C5C=C8C%12=C9C%13=C(C=C(S%13)/C=C%14C(C(C=CC(C)=C%15)=C%15C\%14=C(C#N)\C#N)=O)S%12)S4)S3,9.55,15.79,0.63,0.93
PBDB-T,O=C(C1=C(CCC(CCCC)CC)SC(CCC(CC)CCCC)=C1C2=O)C(C2=C(C3)C(C4)=CC=C4C5=CC6=C(C(C7=CC=C(CCC(CCCC)CC)S7)=C8C=CSC8=C6C9=CC=C(CCC(CCCC)CC)S9)S5)=C3C%10=CC=CS%10,a-IT-2OM,O=C(C(C=CC=C1)=C1C/2=C(C#N)\C#N)C2=C/C3=CC4=C(C5=C(S4)C6=C(C(C7=CC=C(CCCCCC)C=C7)5C8=CC=C(CCCCCC)C=C8)C=C(C9=C(C(C%10=CC=C(C=C%10)CCCCCC)%11C%12=CC=C(C=C%12)CCCCCC)C(S%13)=C(S9)C=C%13/C=C(C%14=O)/C(C(C=C%15OC)=C%14C=C%15OC)=C(C#N)\C#N)C%11=C6)S3,12.07,18.11,0.715,0.93
PBDB-T,O=C(C1=C(CCC(CCCC)CC)SC(CCC(CC)CCCC)=C1C2=O)C(C2=C(C3)C(C4)=CC=C4C5=CC6=C(C(C7=CC=C(CCC(CCCC)CC)S7)=C8C=CSC8=C6C9=CC=C(CCC(CCCC)CC)S9)S5)=C3C%10=CC=CS%10,a-IT-2F,[F]C1=CC2=C(C(/C(C2=O)=C/C3=CC4=C(S3)C(C(C5=CC=C(C=C5)CCCCCC)(C6=CC7=C(C(C8=CC=C(CCCCCC)C=C8)(C9=C7SC%10=C9SC(/C=C%11C(C(C=CC=C%12)=C%12C\%11=C(C#N)/C#N)=O)=C%10)C%13=CC=C(CCCCCC)C=C%13)C=C6%14)C%15=CC=C(C=C%15)CCCCCC)=C%14S4)=C(C#N)/C#N)C=C1[F],10.28,19.06,0.688,0.78
PBDB-T,O=C(C1=C(CCC(CCCC)CC)SC(CCC(CC)CCCC)=C1C2=O)C(C2=C(C3)C(C4)=CC=C4C5=CC6=C(C(C7=CC=C(CCC(CCCC)CC)S7)=C8C=CSC8=C6C9=CC=C(CCC(CCCC)CC)S9)S5)=C3C%10=CC=CS%10,ITIC,c12cc3c(cc1C(c1c2sc2c1sc(c2)/C=C\1/C(=C(C#N)C#N)c2c(C1=O)cccc2)(c1ccc(cc1)CCCCCC)c1ccc(cc1)CCCCCC)c1c(C3(c2ccc(cc2)CCCCCC)c2ccc(cc2)CCCCCC)c2c(s1)cc(s2)/C=C\1/C(=C(C#N)C#N)c2c(C1=O)cccc2,9.53,17.24,0.633,0.87
PBDB-T,O=C(C1=C(CCC(CCCC)CC)SC(CCC(CC)CCCC)=C1C2=O)C(C2=C(C3)C(C4)=CC=C4C5=CC6=C(C(C7=CC=C(CCC(CCCC)CC)S7)=C8C=CSC8=C6C9=CC=C(CCC(CCCC)CC)S9)S5)=C3C%10=CC=CS%10,DBTTC,O=C(C1=CSC=C1C/2=C(C#N)/C#N)C2=C/C3=CC4=C(S3)C5=CC6=C(C=C5C4(C7=CC=C(CC(CCCCCC)CCCC)C=C7)C8=CC=C(CC(CCCC)CCCCCC)C=C8)C9=C(C=C%10C%11=C(C=C(S%11)/C=C%12C(C%13=CSC=C%13C\%12=C(C#N)/C#N)=O)C(C%14=CC=C(CC(CCCCCC)CCCC)C=C%14)(C%15=CC=C(CC(CCCC)CCCCCC)C=C%15)C%10=C9)S6,11.25,17.25,0.67,0.972
PBDB-T,O=C(C1=C(CCC(CCCC)CC)SC(CCC(CC)CCCC)=C1C2=O)C(C2=C(C3)C(C4)=CC=C4C5=CC6=C(C(C7=CC=C(CCC(CCCC)CC)S7)=C8C=CSC8=C6C9=CC=C(CCC(CCCC)CC)S9)S5)=C3C%10=CC=CS%10,DBTIC,O=C(C(C=C(C([H])=C1)[H])=C1C/2=C(C#N)/C#N)C2=C/C3=CC4=C(S3)C5=CC6=C(C=C5C4(C7=CC=C(CC(CCCCCC)CCCC)C=C7)C8=CC=C(CC(CCCCCC)CCCC)C=C8)C9=C(C=C%10C%11=C(C=C(S%11)/C=C%12C(C(C=C(C([H])=C%13)[H])=C%13C\%12=C(C#N)/C#N)=O)C(C%14=CC=C(CC(CCCCCC)CCCC)C=C%14)(C%15=CC=C(CC(CCCCCC)CCCC)C=C%15)C%10=C9)S6,9.66,15.48,0.622,1.004
PBDB-T,O=C(C1=C(CCC(CCCC)CC)SC(CCC(CC)CCCC)=C1C2=O)C(C2=C(C3)C(C4)=CC=C4C5=CC6=C(C(C7=CC=C(CCC(CCCC)CC)S7)=C8C=CSC8=C6C9=CC=C(CCC(CCCC)CC)S9)S5)=C3C%10=CC=CS%10,DBTIC-2F,O=C(C(C=C(C([F])=C1)[F])=C1C/2=C(C#N)/C#N)C2=C/C3=CC4=C(S3)C5=CC6=C(C=C5C4(C7=CC=C(CC(CCCCCC)CCCC)C=C7)C8=CC=C(CC(CCCCCC)CCCC)C=C8)C9=C(C=C%10C%11=C(C=C(S%11)/C=C%12C(C(C=C(C([F])=C%13)[F])=C%13C\%12=C(C#N)/C#N)=O)C(C%14=CC=C(CC(CCCCCC)CCCC)C=C%14)(C%15=CC=C(CC(CCCCCC)CCCC)C=C%15)C%10=C9)S6,6.81,15.16,0.563,0.799
PBDB-T,O=C(C1=C(CCC(CCCC)CC)SC(CCC(CC)CCCC)=C1C2=O)C(C2=C(C3)C(C4)=CC=C4C5=CC6=C(C(C7=CC=C(CCC(CCCC)CC)S7)=C8C=CSC8=C6C9=CC=C(CCC(CCCC)CC)S9)S5)=C3C%10=CC=CS%10,ITBTC,O=C(C1=C(C/2=C(C#N)\C#N)C3=C(C=CC=C3)S1)C2=C/C4=CC(SC5=C6C(C7=CC=C(C=C7)CCCCCC)(C(C=C8C9=C%10C%11=C(C=C(S%11)/C=C%12C(C%13=C(C\%12=C(C#N)\C#N)C%14=C(C=CC=C%14)S%13)=O)S9)=C5C=C8C%10(C(C=C%15)=CC=C%15CCCCCC)C(C=C%16)=CC=C%16CCCCCC)C(C=C%17)=CC=C%17CCCCCC)=C6S4,10.99,16.37,0.713,0.941
PBDB-T,O=C(C1=C(CCC(CCCC)CC)SC(CCC(CC)CCCC)=C1C2=O)C(C2=C(C3)C(C4)=CC=C4C5=CC6=C(C(C7=CC=C(CCC(CCCC)CC)S7)=C8C=CSC8=C6C9=CC=C(CCC(CCCC)CC)S9)S5)=C3C%10=CC=CS%10,ITIC,c12cc3c(cc1C(c1c2sc2c1sc(c2)/C=C\1/C(=C(C#N)C#N)c2c(C1=O)cccc2)(c1ccc(cc1)CCCCCC)c1ccc(cc1)CCCCCC)c1c(C3(c2ccc(cc2)CCCCCC)c2ccc(cc2)CCCCCC)c2c(s1)cc(s2)/C=C\1/C(=C(C#N)C#N)c2c(C1=O)cccc2,9.53,16.13,0.658,0.897
PBDB-T,O=C(C1=C(CCC(CCCC)CC)SC(CCC(CC)CCCC)=C1C2=O)C(C2=C(C3)C(C4)=CC=C4C5=CC6=C(C(C7=CC=C(CCC(CCCC)CC)S7)=C8C=CSC8=C6C9=CC=C(CCC(CCCC)CC)S9)S5)=C3C%10=CC=CS%10,BTTIC,O=C1C2=C(C)SC=C2C(/C1=C/C(S3)=CC4=C3C(S5)=C(C4(C6=CC=C(CCCCCC)C=C6)C7=CC=C(CCCCCC)C=C7)C(C5=C8C9=CC=C(CC(CCCC)CC)S9)=C(C%10=CC=C(CC(CCCC)CC)S%10)C%11=C8C(C%12(C%13=CC=C(CCCCCC)C=C%13)C%14=CC=C(CCCCCC)C=C%14)=C(S%11)C%15=C%12C=C(/C=C%16C(C%17=C(C)SC=C%17C\%16=C(C#N)\C#N)=O)S%15)=C(C#N)\C#N,12.86,19.45,0.738,0.895
PBDB-T,O=C(C1=C(CCC(CCCC)CC)SC(CCC(CC)CCCC)=C1C2=O)C(C2=C(C3)C(C4)=CC=C4C5=CC6=C(C(C7=CC=C(CCC(CCCC)CC)S7)=C8C=CSC8=C6C9=CC=C(CCC(CCCC)CC)S9)S5)=C3C%10=CC=CS%10,a-BTTIC,O=C1C2=C(C)SC=C2C(/C1=C/C3=CC4=C(S3)C(SC5=C6C(C7=CC=C(CCCCCCCC)S7)=C8SC9=C(C8=C5C%10=CC=C(CCCCCCCC)S%10)C(C%11=CC=C(CCCCCC)C=C%11)(C%12=CC=C(CCCCCC)C=C%12)C%13=C9SC%14=C%13SC(/C=C%15/C(C%16=CSC(C)=C%16C%15=O)=C(C#N)\C#N)=C%14)=C6C4(C%17=CC=C(CCCCCC)C=C%17)C%18=CC=C(CCCCCC)C=C%18)=C(C#N)/C#N,13.6,20.31,0.74,0.904
PBDB-T,O=C(C1=C(CCC(CCCC)CC)SC(CCC(CC)CCCC)=C1C2=O)C(C2=C(C3)C(C4)=CC=C4C5=CC6=C(C(C7=CC=C(CCC(CCCC)CC)S7)=C8C=CSC8=C6C9=CC=C(CCC(CCCC)CC)S9)S5)=C3C%10=CC=CS%10,ITIC,c12cc3c(cc1C(c1c2sc2c1sc(c2)/C=C\1/C(=C(C#N)C#N)c2c(C1=O)cccc2)(c1ccc(cc1)CCCCCC)c1ccc(cc1)CCCCCC)c1c(C3(c2ccc(cc2)CCCCCC)c2ccc(cc2)CCCCCC)c2c(s1)cc(s2)/C=C\1/C(=C(C#N)C#N)c2c(C1=O)cccc2,9.67,16.46,0.66,0.89
PBDB-T,O=C(C1=C(CCC(CCCC)CC)SC(CCC(CC)CCCC)=C1C2=O)C(C2=C(C3)C(C4)=CC=C4C5=CC6=C(C(C7=CC=C(CCC(CCCC)CC)S7)=C8C=CSC8=C6C9=CC=C(CCC(CCCC)CC)S9)S5)=C3C%10=CC=CS%10,ITIC-Cl4,O=C(C(C=C(C(Cl)=C1)Cl)=C1C/2=C(C#N)\C#N)C2=C/C3=CC4=C(C(C5(C(C=C6)=CC=C6CCCCCC)C7=CC=C(C=C7)CCCCCC)=C(C(C=C8C9(C%10=CC=C(C=C%10)CCCCCC)C%11=CC=C(C=C%11)CCCCCC)=C5C=C8C%12=C9C%13=C(C=C(S%13)/C=C%14C(C(C=C(C(Cl)=C%15)Cl)=C%15C\%14=C(C#N)\C#N)=O)S%12)S4)S3,9.6,21.5,0.57,0.74
PBDB-T,O=C(C1=C(CCC(CCCC)CC)SC(CCC(CC)CCCC)=C1C2=O)C(C2=C(C3)C(C4)=CC=C4C5=CC6=C(C(C7=CC=C(CCC(CCCC)CC)S7)=C8C=CSC8=C6C9=CC=C(CCC(CCCC)CC)S9)S5)=C3C%10=CC=CS%10,IDIDTT,O=C(C(C(C/1=C(C#N)/C#N)=C2)=CC([H])=C2[H])C1=C/C(S3)=CC4=C3C5=CC(C6(CCCCCCCC)CCCCCCCC)=C(C=C5C4(C7=CC=C(CCCCCC)C=C7)C8=CC=C(CCCCCC)C=C8)C9=C6C(C%10(CCCCCCCC)CCCCCCCC)=C(S9)C%11=C%10C=C(C(SC(/C=C%12/C(C%13=CC([H])=C([H])C=C%13C%12=O)=C(C#N)/C#N)=C%14)=C%14C%15(C%16=CC=C(CCCCCC)C=C%16)C%17=CC=C(CCCCCC)C=C%17)C%15=C%11,9.79,16.53,0.598,0.99
PBDB-T,O=C(C1=C(CCC(CCCC)CC)SC(CCC(CC)CCCC)=C1C2=O)C(C2=C(C3)C(C4)=CC=C4C5=CC6=C(C(C7=CC=C(CCC(CCCC)CC)S7)=C8C=CSC8=C6C9=CC=C(CCC(CCCC)CC)S9)S5)=C3C%10=CC=CS%10,IDIDTT-2F,O=C(C(C(C/1=C(C#N)/C#N)=C2)=CC(F)=C2F)C1=C/C(S3)=CC4=C3C5=CC(C6(CCCCCCCC)CCCCCCCC)=C(C=C5C4(C7=CC=C(CCCCCC)C=C7)C8=CC=C(CCCCCC)C=C8)C9=C6C(C%10(CCCCCCCC)CCCCCCCC)=C(S9)C%11=C%10C=C(C(SC(/C=C%12/C(C%13=CC(F)=C(F)C=C%13C%12=O)=C(C#N)/C#N)=C%14)=C%14C%15(C%16=CC=C(CCCCCC)C=C%16)C%17=CC=C(CCCCCC)C=C%17)C%15=C%11,11.29,19.79,0.619,0.92
PBDB-T,O=C(C1=C(CCC(CCCC)CC)SC(CCC(CC)CCCC)=C1C2=O)C(C2=C(C3)C(C4)=CC=C4C5=CC6=C(C(C7=CC=C(CCC(CCCC)CC)S7)=C8C=CSC8=C6C9=CC=C(CCC(CCCC)CC)S9)S5)=C3C%10=CC=CS%10,ITIC,c12cc3c(cc1C(c1c2sc2c1sc(c2)/C=C\1/C(=C(C#N)C#N)c2c(C1=O)cccc2)(c1ccc(cc1)CCCCCC)c1ccc(cc1)CCCCCC)c1c(C3(c2ccc(cc2)CCCCCC)c2ccc(cc2)CCCCCC)c2c(s1)cc(s2)/C=C\1/C(=C(C#N)C#N)c2c(C1=O)cccc2,7.67,14.59,0.58,0.89
PBDB-T,O=C(C1=C(CCC(CCCC)CC)SC(CCC(CC)CCCC)=C1C2=O)C(C2=C(C3)C(C4)=CC=C4C5=CC6=C(C(C7=CC=C(CCC(CCCC)CC)S7)=C8C=CSC8=C6C9=CC=C(CCC(CCCC)CC)S9)S5)=C3C%10=CC=CS%10,A401,c1ccc2c(c1)C(=C(C#N)C#N)/C(=C/c1ccc(s1)c1c(cc(s1)c1sc3c(c1)C(c1c3cc3c(c1)c1c(C3(c3ccc(cc3)CCCCCC)c3ccc(cc3)CCCCCC)cc(s1)c1cc(c(s1)c1ccc(s1)/C=C/1\C(=O)c3c(C1=C(C#N)C#N)cccc3)c1ccc(s1)/C=C/1\C(=O)c3c(C1=C(C#N)C#N)cccc3)(c1ccc(cc1)CCCCCC)c1ccc(cc1)CCCCCC)c1sc(cc1)/C=C\1/C(=C(C#N)C#N)c3c(C1=O)cccc3)/C2=O,7.54,13.03,0.622,0.93
PBDB-T,O=C(C1=C(CCC(CCCC)CC)SC(CCC(CC)CCCC)=C1C2=O)C(C2=C(C3)C(C4)=CC=C4C5=CC6=C(C(C7=CC=C(CCC(CCCC)CC)S7)=C8C=CSC8=C6C9=CC=C(CCC(CCCC)CC)S9)S5)=C3C%10=CC=CS%10,O-IDTBR,O=C(/C(S1)=C/C(C2=NSN=C32)=CC=C3C(S4)=CC(C5(C6=CC=C(CCCCCC)C=C6)C7=CC=C(CCCCCC)C=C7)=C4C(C=C89)=C5C=C8C(SC(C%10=CC=C(/C=C%11SC(N(CC)C\%11=O)=S)C%12=NSN=C%10%12)=C%13)=C%13C9(C%14=CC=C(CCCCCC)C=C%14)C%15=CC=C(CCCCCC)C=C%15)N(CC)C1=S,7.6,14.2,0.531,1.01
PBDB-T,O=C(C1=C(CCC(CCCC)CC)SC(CCC(CC)CCCC)=C1C2=O)C(C2=C(C3)C(C4)=CC=C4C5=CC6=C(C(C7=CC=C(CCC(CCCC)CC)S7)=C8C=CSC8=C6C9=CC=C(CCC(CCCC)CC)S9)S5)=C3C%10=CC=CS%10,IT-M,O=C(C1=CC=CC=C1C/2=C(C#N)/C#N)C2=C/C3=CC(SC4C5C(C)=C(C(C6=CC=C(C=C6)CCCCCC)(C7=CC=C(C=C7)CCCCCC)C8=CSC9=C8SC(/C=C%10C(C(C=CC=C%11)=C%11C\%10=C(C#N)/C#N)=C)=C9)C=C(C)C5C(C%12=CC=C(C=C%12)CCCCCC)(C%13=CC=C(C=C%13)CCCCCC)C%144)=C%14S3,11.83,17.29,0.732,0.93
PBDB-T,O=C(C1=C(CCC(CCCC)CC)SC(CCC(CC)CCCC)=C1C2=O)C(C2=C(C3)C(C4)=CC=C4C5=CC6=C(C(C7=CC=C(CCC(CCCC)CC)S7)=C8C=CSC8=C6C9=CC=C(CCC(CCCC)CC)S9)S5)=C3C%10=CC=CS%10,ITIC,c12cc3c(cc1C(c1c2sc2c1sc(c2)/C=C\1/C(=C(C#N)C#N)c2c(C1=O)cccc2)(c1ccc(cc1)CCCCCC)c1ccc(cc1)CCCCCC)c1c(C3(c2ccc(cc2)CCCCCC)c2ccc(cc2)CCCCCC)c2c(s1)cc(s2)/C=C\1/C(=C(C#N)C#N)c2c(C1=O)cccc2,8.98,15.15,0.656,0.9
PBDB-T,O=C(C1=C(CCC(CCCC)CC)SC(CCC(CC)CCCC)=C1C2=O)C(C2=C(C3)C(C4)=CC=C4C5=CC6=C(C(C7=CC=C(CCC(CCCC)CC)S7)=C8C=CSC8=C6C9=CC=C(CCC(CCCC)CC)S9)S5)=C3C%10=CC=CS%10,IT-M,O=C(C1=CC=CC=C1C/2=C(C#N)/C#N)C2=C/C3=CC(SC4C5C(C)=C(C(C6=CC=C(C=C6)CCCCCC)(C7=CC=C(C=C7)CCCCCC)C8=CSC9=C8SC(/C=C%10C(C(C=CC=C%11)=C%11C\%10=C(C#N)/C#N)=C)=C9)C=C(C)C5C(C%12=CC=C(C=C%12)CCCCCC)(C%13=CC=C(C=C%13)CCCCCC)C%144)=C%14S3,11.2,16.61,0.718,0.94
PBDB-T,O=C(C1=C(CCC(CCCC)CC)SC(CCC(CC)CCCC)=C1C2=O)C(C2=C(C3)C(C4)=CC=C4C5=CC6=C(C(C7=CC=C(CCC(CCCC)CC)S7)=C8C=CSC8=C6C9=CC=C(CCC(CCCC)CC)S9)S5)=C3C%10=CC=CS%10,ITCC,O=C(C1=C(C/2=C(C#N)/C#N)C=CS1)C2=C/C3=CC(SC4=C5C(C6=CC=C(C=C6)CCCCCC)(C7=C4C=C8C(C(C=C9)=CC=C9CCCCCC)(C%10=C(C8=C7)SC%11=C%10SC(/C=C%12C(C%13=C(C\%12=C(C#N)/C#N)C=CS%13)=O)=C%11)C%14=CC=C(C=C%14)CCCCCC)C%15=CC=C(CCCCCC)C=C%15)=C5S3,8.7,12.22,0.725,0.99
PBDB-T,O=C(C1=C(CCC(CCCC)CC)SC(CCC(CC)CCCC)=C1C2=O)C(C2=C(C3)C(C4)=CC=C4C5=CC6=C(C(C7=CC=C(CCC(CCCC)CC)S7)=C8C=CSC8=C6C9=CC=C(CCC(CCCC)CC)S9)S5)=C3C%10=CC=CS%10,IT-M,O=C(C1=CC=CC=C1C/2=C(C#N)/C#N)C2=C/C3=CC(SC4C5C(C)=C(C(C6=CC=C(C=C6)CCCCCC)(C7=CC=C(C=C7)CCCCCC)C8=CSC9=C8SC(/C=C%10C(C(C=CC=C%11)=C%11C\%10=C(C#N)/C#N)=C)=C9)C=C(C)C5C(C%12=CC=C(C=C%12)CCCCCC)(C%13=CC=C(C=C%13)CCCCCC)C%144)=C%14S3,3.74,14.94,0.465,0.54
PBDB-T,O=C(C1=C(CCC(CCCC)CC)SC(CCC(CC)CCCC)=C1C2=O)C(C2=C(C3)C(C4)=CC=C4C5=CC6=C(C(C7=CC=C(CCC(CCCC)CC)S7)=C8C=CSC8=C6C9=CC=C(CCC(CCCC)CC)S9)S5)=C3C%10=CC=CS%10,IT-M,O=C(C1=CC=CC=C1C/2=C(C#N)/C#N)C2=C/C3=CC(SC4C5C(C)=C(C(C6=CC=C(C=C6)CCCCCC)(C7=CC=C(C=C7)CCCCCC)C8=CSC9=C8SC(/C=C%10C(C(C=CC=C%11)=C%11C\%10=C(C#N)/C#N)=C)=C9)C=C(C)C5C(C%12=CC=C(C=C%12)CCCCCC)(C%13=CC=C(C=C%13)CCCCCC)C%144)=C%14S3,11.15,16.59,0.675,0.952
PBDB-T,O=C(C1=C(CCC(CCCC)CC)SC(CCC(CC)CCCC)=C1C2=O)C(C2=C(C3)C(C4)=CC=C4C5=CC6=C(C(C7=CC=C(CCC(CCCC)CC)S7)=C8C=CSC8=C6C9=CC=C(CCC(CCCC)CC)S9)S5)=C3C%10=CC=CS%10,ITIC,c12cc3c(cc1C(c1c2sc2c1sc(c2)/C=C\1/C(=C(C#N)C#N)c2c(C1=O)cccc2)(c1ccc(cc1)CCCCCC)c1ccc(cc1)CCCCCC)c1c(C3(c2ccc(cc2)CCCCCC)c2ccc(cc2)CCCCCC)c2c(s1)cc(s2)/C=C\1/C(=C(C#N)C#N)c2c(C1=O)cccc2,9.19,15.85,0.64,0.9
PBDB-T,O=C(C1=C(CCC(CCCC)CC)SC(CCC(CC)CCCC)=C1C2=O)C(C2=C(C3)C(C4)=CC=C4C5=CC6=C(C(C7=CC=C(CCC(CCCC)CC)S7)=C8C=CSC8=C6C9=CC=C(CCC(CCCC)CC)S9)S5)=C3C%10=CC=CS%10,IEIC,O=C(C1=CC=CC=C1C/2=C(C#N)\C#N)C2=C/C3=CC(CC(CCCC)CC)=C(S3)C4=CC(C5(C6=CC=C(CCCCCC)C=C6)C7=CC=C(CCCCCC)C=C7)=C(C8=CC9=C(C%10=C(C9(C%11=CC=C(CCCCCC)C=C%11)C%12=CC=C(C=C%12)CCCCCC)C=C(C%13=C(CC(CC)CCCC)C=C(/C=C%14C(C%15=CC=CC=C%15C\%14=C(C#N)\C#N)=O)S%13)S%10)C=C85)S4,7.3,15.05,0.48,1.02
PBDB-T,O=C(C1=C(CCC(CCCC)CC)SC(CCC(CC)CCCC)=C1C2=O)C(C2=C(C3)C(C4)=CC=C4C5=CC6=C(C(C7=CC=C(CCC(CCCC)CC)S7)=C8C=CSC8=C6C9=CC=C(CCC(CCCC)CC)S9)S5)=C3C%10=CC=CS%10,IE-4F,O=C(C1=C(C=C(F)C(F)=C1)C/2=C(C#N)\C#N)C2=C/C3=CC(CCCCCCCC)=C(C4=CC5=C(C(C=C6C(C7=CC=C(CCCCCC)C=C7)(C8=CC=C(CCCCCC)C=C8)C9=C(SC(C%10=C(CCCCCCCC)C=C(/C=C%11C(C%12=C(C=C(F)C(F)=C%12)C\%11=C(C#N)\C#N)=O)S%10)=C9)C6=C%13)=C%13C5(C%14=CC=C(C=C%14)CCCCCC)C%15=CC=C(CCCCCC)C=C%15)S4)S3,9.3,18.23,0.56,0.91
PBDB-T,O=C(C1=C(CCC(CCCC)CC)SC(CCC(CC)CCCC)=C1C2=O)C(C2=C(C3)C(C4)=CC=C4C5=CC6=C(C(C7=CC=C(CCC(CCCC)CC)S7)=C8C=CSC8=C6C9=CC=C(CCC(CCCC)CC)S9)S5)=C3C%10=CC=CS%10,IE-4Cl,O=C(C1=C(C=C(Cl)C(Cl)=C1)C/2=C(C#N)\C#N)C2=C/C3=CC(CCCCCCCC)=C(C4=CC5=C(C(C=C6C(C7=CC=C(CCCCCC)C=C7)(C8=CC=C(CCCCCC)C=C8)C9=C(SC(C%10=C(CCCCCCCC)C=C(/C=C%11C(C%12=C(C=C(Cl)C(Cl)=C%12)C\%11=C(C#N)\C#N)=O)S%10)=C9)C6=C%13)=C%13C5(C%14=CC=C(C=C%14)CCCCCC)C%15=CC=C(CCCCCC)C=C%15)S4)S3,9.7,17.82,0.61,0.89
PBDB-T,O=C(C1=C(CCC(CCCC)CC)SC(CCC(CC)CCCC)=C1C2=O)C(C2=C(C3)C(C4)=CC=C4C5=CC6=C(C(C7=CC=C(CCC(CCCC)CC)S7)=C8C=CSC8=C6C9=CC=C(CCC(CCCC)CC)S9)S5)=C3C%10=CC=CS%10,IE-4Cl,O=C(C1=C(C=C(Cl)C(Cl)=C1)C/2=C(C#N)\C#N)C2=C/C3=CC(CCCCCCCC)=C(C4=CC5=C(C(C=C6C(C7=CC=C(CCCCCC)C=C7)(C8=CC=C(CCCCCC)C=C8)C9=C(SC(C%10=C(CCCCCCCC)C=C(/C=C%11C(C%12=C(C=C(Cl)C(Cl)=C%12)C\%11=C(C#N)\C#N)=O)S%10)=C9)C6=C%13)=C%13C5(C%14=CC=C(C=C%14)CCCCCC)C%15=CC=C(CCCCCC)C=C%15)S4)S3,11.1,21.49,0.6,0.86
PBDB-T,O=C(C1=C(CCC(CCCC)CC)SC(CCC(CC)CCCC)=C1C2=O)C(C2=C(C3)C(C4)=CC=C4C5=CC6=C(C(C7=CC=C(CCC(CCCC)CC)S7)=C8C=CSC8=C6C9=CC=C(CCC(CCCC)CC)S9)S5)=C3C%10=CC=CS%10,BDCPDT-IC,O=C(C(C=CC=C1)=C1C/2=C(C#N)\C#N)C2=C/C3=CC(C4(C(C=C5)=CC=C5CCCCCC)C6=CC=C(C=C6)CCCCCC)=C(C(SC7=C8)=C4C7=CC9=C8C(C(C%10=CC=C(C=C%10)CCCCCC)(C%11=C%12SC(/C=C%13C(C(C=CC=C%14)=C%14C\%13=C(C#N)\C#N)=O)=C%11)C%15=CC=C(C=C%15)CCCCCC)=C%12S9)S3,9.33,16.56,0.655,0.86
PBDB-T,O=C(C1=C(CCC(CCCC)CC)SC(CCC(CC)CCCC)=C1C2=O)C(C2=C(C3)C(C4)=CC=C4C5=CC6=C(C(C7=CC=C(CCC(CCCC)CC)S7)=C8C=CSC8=C6C9=CC=C(CCC(CCCC)CC)S9)S5)=C3C%10=CC=CS%10,BDCPDT-BC,O=C(C1=C(SC2=C1C=CC=C2)C/3=C(C#N)\C#N)C3=C/C4=CC(C5(C(C=C6)=CC=C6CCCCCC)C7=CC=C(C=C7)CCCCCC)=C(C(SC8=C9)=C5C8=CC%10=C9C(C(C%11=CC=C(C=C%11)CCCCCC)(C%12=C%13SC(/C=C%14C(C%15=C(C(C=CC=C%16)=C%16S%15)C\%14=C(C#N)\C#N)=O)=C%12)C%17=CC=C(C=C%17)CCCCCC)=C%13S%10)S4,10.82,18.55,0.634,0.92
PBDB-T,O=C(C1=C(CCC(CCCC)CC)SC(CCC(CC)CCCC)=C1C2=O)C(C2=C(C3)C(C4)=CC=C4C5=CC6=C(C(C7=CC=C(CCC(CCCC)CC)S7)=C8C=CSC8=C6C9=CC=C(CCC(CCCC)CC)S9)S5)=C3C%10=CC=CS%10,ITIC,c12cc3c(cc1C(c1c2sc2c1sc(c2)/C=C\1/C(=C(C#N)C#N)c2c(C1=O)cccc2)(c1ccc(cc1)CCCCCC)c1ccc(cc1)CCCCCC)c1c(C3(c2ccc(cc2)CCCCCC)c2ccc(cc2)CCCCCC)c2c(s1)cc(s2)/C=C\1/C(=C(C#N)C#N)c2c(C1=O)cccc2,9.25,14.26,0.641,0.97
PBDB-T,O=C(C1=C(CCC(CCCC)CC)SC(CCC(CC)CCCC)=C1C2=O)C(C2=C(C3)C(C4)=CC=C4C5=CC6=C(C(C7=CC=C(CCC(CCCC)CC)S7)=C8C=CSC8=C6C9=CC=C(CCC(CCCC)CC)S9)S5)=C3C%10=CC=CS%10,ITBC,c1cc(c2c(c1C=C(C#N)C#N)nsn2)c1sc(cc1)c1cc2c(cc1)c1c([C@@]2(C[C@@H](CC)CCCC)C[C@H](CC)CCCC)cc(s1)c1c2c(c(cc1)C=C(C#N)C#N)nsn2,10.74,17.22,0.636,0.98
PBDB-T,O=C(C1=C(CCC(CCCC)CC)SC(CCC(CC)CCCC)=C1C2=O)C(C2=C(C3)C(C4)=CC=C4C5=CC6=C(C(C7=CC=C(CCC(CCCC)CC)S7)=C8C=CSC8=C6C9=CC=C(CCC(CCCC)CC)S9)S5)=C3C%10=CC=CS%10,DTCC-IC,O=C(C1=C(C=CC=C1)C/2=C(C#N)/C#N)C2=C/C3=CC(C4(C5=CC=C(C=C5)OCCCCCCCC)C6=CC=C(C=C6)OCCCCCCCC)=C(S3)C(C=C78)=C4C=C8C9=CC(C(C%10=CC=C(C=C%10)CCCCCCCCC)(C%11=C%12SC(/C=C%13C(C(C=CC=C%14)=C%14C\%13=C(C#N)/C#N)=O)=C%11)C%15=CC=C(C=C%15)OCCCCCCCC)=C%12C=C9N7CCCCCCCC,10.05,16.75,0.652,0.92
PBDB-T,O=C(C1=C(CCC(CCCC)CC)SC(CCC(CC)CCCC)=C1C2=O)C(C2=C(C3)C(C4)=CC=C4C5=CC6=C(C(C7=CC=C(CCC(CCCC)CC)S7)=C8C=CSC8=C6C9=CC=C(CCC(CCCC)CC)S9)S5)=C3C%10=CC=CS%10,DTCC-BC,O=C(C1=C(C(C=CC=C2)=C2S1)C/3=C(C#N)/C#N)C3=C/C4=CC5=C(C6=C(C5(C7=CC=C(C=C7)CCCCCCCC)C8=CC=C(C=C8)CCCCCCCC)C9=C(C=C%10C%11=C(SC%10=C9)C%12=C(C=C(/C=C%13/C(C%14=C(C%13=O)C(C=CC=C%15)=C%15S%14)=C(C#N)\C#N)S%12)C%11(C(C=C%16)=CC=C%16CCCCCCCC)C%17=CC=C(C=C%17)CCCCCCCC)S6)S4,12.07,19.9,0.645,0.94
PBDB-T,O=C(C1=C(CCC(CCCC)CC)SC(CCC(CC)CCCC)=C1C2=O)C(C2=C(C3)C(C4)=CC=C4C5=CC6=C(C(C7=CC=C(CCC(CCCC)CC)S7)=C8C=CSC8=C6C9=CC=C(CCC(CCCC)CC)S9)S5)=C3C%10=CC=CS%10,IDTCN-C,O=C(C1=C(C/2=C(C#N)\C#N)C=C(F)C(F)=C1)C2=C/C3=C(CCCCCC)C=C(C4=CC(C(C5=CC=C(C=C5)CCCCCC)(C(C=C6)=CC=C6CCCCCC)C(C7=C8)=C9SC7=CC%10=C8SC%11=C%10C(C%12=CC=C(C=C%12)CCCCCC)(C%13=CC=C(C=C%13)CCCCCC)C%14=C%11SC(C%15=CC(CCCCCC)=C(/C=C(C%16=O)/C(C%17=C%16C=C(F)C(F)=C%17)=C(C#N)/C#N)S%15)=C%14)=C9S4)S3,11.92,20.33,0.696,0.84
PBDB-T,O=C(C1=C(CCC(CCCC)CC)SC(CCC(CC)CCCC)=C1C2=O)C(C2=C(C3)C(C4)=CC=C4C5=CC6=C(C(C7=CC=C(CCC(CCCC)CC)S7)=C8C=CSC8=C6C9=CC=C(CCC(CCCC)CC)S9)S5)=C3C%10=CC=CS%10,IDTCN-O,O=C(C1=C(C/2=C(C#N)\C#N)C=C(F)C(F)=C1)C2=C/C3=C(OCCCCCC)C=C(C4=CC(C5(C(C=C6)=CC=C6CCCCCC)C7=CC=C(C=C7)CCCCCC)=C(C(SC8=C9)=C5C8=CC%10=C9C(C(C%11=CC=C(C=C%11)CCCCCC)(C%12=C%13SC(C%14=CC(OCCCCCC)=C(/C=C(C%15=O)/C(C%16=C%15C=C(F)C(F)=C%16)=C(C#N)/C#N)S%14)=C%12)C%17=CC=C(C=C%17)CCCCCC)=C%13S%10)S4)S3,13.28,19.96,0.732,0.91
PBDB-T,O=C(C1=C(CCC(CCCC)CC)SC(CCC(CC)CCCC)=C1C2=O)C(C2=C(C3)C(C4)=CC=C4C5=CC6=C(C(C7=CC=C(CCC(CCCC)CC)S7)=C8C=CSC8=C6C9=CC=C(CCC(CCCC)CC)S9)S5)=C3C%10=CC=CS%10,IDTCN-S,O=C(C1=C(C/2=C(C#N)\C#N)C=C(F)C(F)=C1)C2=C/C3=C(OCCCCCC)C=C(C4=CC(C(C5=CC=C(C=C5)CCCCCC)(C(C=C6)=CC=C6CCCCCC)C(C7=C8)=C9SC7=CC%10=C8SC%11=C%10C(C%12=CC=C(C=C%12)CCCCCC)(C%13=CC=C(C=C%13)CCCCCC)C%14=C%11SC(C%15=CC(OCCCCCC)=C(/C=C(C%16=O)/C(C%17=C%16C=C(F)C(F)=C%17)=C(C#N)/C#N)S%15)=C%14)=C9S4)S3,10.6,19.04,0.657,0.85
PBDB-T,O=C(C1=C(CCC(CCCC)CC)SC(CCC(CC)CCCC)=C1C2=O)C(C2=C(C3)C(C4)=CC=C4C5=CC6=C(C(C7=CC=C(CCC(CCCC)CC)S7)=C8C=CSC8=C6C9=CC=C(CCC(CCCC)CC)S9)S5)=C3C%10=CC=CS%10,INPIC-4F,c1(c(cc2c(c1)C(=C(C2=O)[CH]c1sc2c(c1)n(c1c2sc2c1C(c1c2cc2c(c1)c1c(C2(c2ccc(cc2)CCCCCC)c2ccc(cc2)CCCCCC)c2c(s1)c1c(n2CCCCCCCC)cc(s1)/C=C\1/C(=C(C#N)C#N)c2c(C1=O)cc(c(c2)F)F)(c1ccc(cc1)CCCCCC)c1ccc(cc1)CCCCCC)CCCCCCCC)[C](C#N)C#N)F)F,12.1,21.3,0.669,0.85
PBDB-T,O=C(C1=C(CCC(CCCC)CC)SC(CCC(CC)CCCC)=C1C2=O)C(C2=C(C3)C(C4)=CC=C4C5=CC6=C(C(C7=CC=C(CCC(CCCC)CC)S7)=C8C=CSC8=C6C9=CC=C(CCC(CCCC)CC)S9)S5)=C3C%10=CC=CS%10,p-INPOIC,CCCCCCCCN1C2=C(SC(/C=C3/C(C4=CC(F)=C(C=C4C3=O)F)=C(C#N)\C#N)=C2)C5=C1C6=C(C5)C(C=C7C(C8=CC=C(OCCCCCC)C=C8)(C9=C(C7=C%10)SC%11=C9N(C%12=C%11SC(/C=C%13/C(C%14=CC(F)=C(C=C%14C%13=O)F)=C(C#N)\C#N)=C%12)CCCCCCCC)C(C=C%15)=CC=C%15OCCCCCC)=C%10C(C%16=CC=C(C=C%16)OCCCCCC)6C%17=CC=C(C=C%17)OCCCCCC,10.6,19.0,0.661,0.846
PBDB-T,O=C(C1=C(CCC(CCCC)CC)SC(CCC(CC)CCCC)=C1C2=O)C(C2=C(C3)C(C4)=CC=C4C5=CC6=C(C(C7=CC=C(CCC(CCCC)CC)S7)=C8C=CSC8=C6C9=CC=C(CCC(CCCC)CC)S9)S5)=C3C%10=CC=CS%10,m-INPOIC,O=C(C1=CC(F)=C(C=C1C/2=C(C#N)\C#N)F)C2=C/C3=CC4=C(S3)C(CC5=C6C(C7=CC=CC(OCCCCCC)=C7)(C8=CC(OCCCCCC)=CC=C8)C9=C5C=C%10C(C%11=CC(OCCCCCC)=CC=C%11)(C%12=CC=CC(OCCCCCC)=C%12)C%13=C(SC%14=C%13N(CCCCCCCC)C%15=C%14SC(/C=C%16C(C%17=CC(F)=C(C=C%17C\%16=C(C#N)\C#N)F)=O)=C%15)C%10=C9)=C6N4CCCCCCCC,9.71,18.4,0.632,0.835
PBDB-T,O=C(C1=C(CCC(CCCC)CC)SC(CCC(CC)CCCC)=C1C2=O)C(C2=C(C3)C(C4)=CC=C4C5=CC6=C(C(C7=CC=C(CCC(CCCC)CC)S7)=C8C=CSC8=C6C9=CC=C(CCC(CCCC)CC)S9)S5)=C3C%10=CC=CS%10,DTFT5-FIC,O=C(C(C=C(C(F)=C1)F)=C1C/2=C(C#N)\C#N)C2=C/C3=CC(CC(CCCC)CC)=C(S3)C4=CC(C=C5C6(CCCCCCCC)CCCCCCCC)=C(C=C5C7=CC8=C(C=C76)C=C(C9=C(CC(CCCC)CC)C=C(/C=C%10C(C(C=C(C(F)=C%11)F)=C%11C\%10=C(C#N)\C#N)=O)S9)S8)S4,5.45,11.64,0.52,0.9
PBDB-T,O=C(C1=C(CCC(CCCC)CC)SC(CCC(CC)CCCC)=C1C2=O)C(C2=C(C3)C(C4)=CC=C4C5=CC6=C(C(C7=CC=C(CCC(CCCC)CC)S7)=C8C=CSC8=C6C9=CC=C(CCC(CCCC)CC)S9)S5)=C3C%10=CC=CS%10,DTFT9-FIC,O=C(C(C=C(C(F)=C1)F)=C1C/2=C(C#N)\C#N)C2=C/C3=CC(C4(C5=CC=C(CCCCCC)C=C5)C6=CC=C(CCCCCC)C=C6)=C(S3)C7=C4C(C=C8C9(CCCCCCCC)CCCCCCCC)=C(C=C8C%10=CC%11=C(C=C%109)C%12=C(C%13=C(C%12(C%14=CC=C(CCCCCC)C=C%14)C%15=CC=C(CCCCCC)C=C%15)C=C(/C=C%16C(C(C=C(C(F)=C%17)F)=C%17C\%16=C(C#N)\C#N)=O)S%13)S%11)S7,9.58,19.01,0.586,0.86
PBDB-T,O=C(C1=C(CCC(CCCC)CC)SC(CCC(CC)CCCC)=C1C2=O)C(C2=C(C3)C(C4)=CC=C4C5=CC6=C(C(C7=CC=C(CCC(CCCC)CC)S7)=C8C=CSC8=C6C9=CC=C(CCC(CCCC)CC)S9)S5)=C3C%10=CC=CS%10,o-F-ITIC,FC1=C(C=CC(CCCCCC)=C1)C2(C3=C(C=C(C4=C3)C(C(C=CC(CCCCCC)=C5)=C5F)(C(C=CC(CCCCCC)=C6)=C6F)C7=C4SC8=C7SC(/C=C9C(C%10=CC=CC=C%10C\9=C(C#N)\C#N)=O)=C8)C%11=C2C%12=C(C=C(S%12)/C=C%13C(C%14=CC=CC=C%14C\%13=C(C#N)/C#N)=O)S%11)C(C=CC(CCCCCC)=C%15)=C%15F,11.11,18.07,0.67,0.918
PBDB-T,O=C(C1=C(CCC(CCCC)CC)SC(CCC(CC)CCCC)=C1C2=O)C(C2=C(C3)C(C4)=CC=C4C5=CC6=C(C(C7=CC=C(CCC(CCCC)CC)S7)=C8C=CSC8=C6C9=CC=C(CCC(CCCC)CC)S9)S5)=C3C%10=CC=CS%10,m-F-ITIC,O=C(C1=CC=CC=C1C/2=C(C#N)/C#N)C2=C/C3=CC(SC4=C5C(C(C=C6)=CC(F)=C6CCCCCC)(C(C=C7)=CC(F)=C7CCCCCC)C(C4=C8)=CC(C9=C%10C%11=C(C=C(S%11)/C=C%12C(C%13=CC=CC=C%13C\%12=C(C#N)/C#N)=O)S9)=C8C%10(C(C=C%14)=CC(F)=C%14CCCCCC)C%15=CC(F)=C(C=C%15)CCCCCC)=C5S3,8.9,15.8,0.638,0.883
PBDB-T,O=C(C1=C(CCC(CCCC)CC)SC(CCC(CC)CCCC)=C1C2=O)C(C2=C(C3)C(C4)=CC=C4C5=CC6=C(C(C7=CC=C(CCC(CCCC)CC)S7)=C8C=CSC8=C6C9=CC=C(CCC(CCCC)CC)S9)S5)=C3C%10=CC=CS%10,IPT-2F,CCCCCCC1=CC=C(C2(C3=CC=C(C=C3)CCCCCC)C4=C(C=C(C5=C4)C(C(C=C6)=CC=C6CCCCCC)(C7=C5SC(/C=C8/C(C9=C(C8=O)C=C(F)C=C9)=C(C#N)\C#N)=C7)C(C=C%10)=CC=C%10CCCCCC)C%11=C2C%12=C(C(SC(/C=C(C%13=O)/C(C%14=C%13C=C(F)C=C%14)=C(C#N)\C#N)=C%15)=C%15N%12CCCCCCCC)S%11)C=C1,14.0,22.4,0.724,0.86
PBDB-T,O=C(C1=C(CCC(CCCC)CC)SC(CCC(CC)CCCC)=C1C2=O)C(C2=C(C3)C(C4)=CC=C4C5=CC6=C(C(C7=CC=C(CCC(CCCC)CC)S7)=C8C=CSC8=C6C9=CC=C(CCC(CCCC)CC)S9)S5)=C3C%10=CC=CS%10,IPTT-2F,CCCCCCC1=CC=C(C2(C3=CC=C(C=C3)CCCCCC)C4=C(C=C(C5=C4)C(C(C=C6)=CC=C6CCCCCC)(C7=C5SC8=C7SC(/C=C9C(C%10=C(C\9=C(C#N)/C#N)C=CC(F)=C%10)=O)=C8)C(C=C%11)=CC=C%11CCCCCC)C%12=C2C%13=C(C(SC(/C=C(C%14=O)/C(C%15=C%14C=C(F)C=C%15)=C(C#N)\C#N)=C%16)=C%16N%13CCCCCCCC)S%12)C=C1,11.4,19.7,0.662,0.874
PBDB-T,O=C(C1=C(CCC(CCCC)CC)SC(CCC(CC)CCCC)=C1C2=O)C(C2=C(C3)C(C4)=CC=C4C5=CC6=C(C(C7=CC=C(CCC(CCCC)CC)S7)=C8C=CSC8=C6C9=CC=C(CCC(CCCC)CC)S9)S5)=C3C%10=CC=CS%10,IPTTT-2F,O=C(C(C=C(F)C=C1)=C1C/2=C(C#N)\C#N)C2=C/C3=CC(N4CCCCCCCC)=C(C5=C4C(C(C(C=C6)=CC=C6CCCCCC)(C(C=C7C8=C9C(SC%10=C%11SC(/C=C%12C(C(C=C(F)C=C%13)=C%13C\%12=C(C#N)/C#N)=O)=C%10)=C%11S8)=C%14C=C7C9(C%15=CC=C(C=C%15)CCCCCC)C%16=CC=C(C=C%16)CCCCCC)C%17=CC=C(C=C%17)CCCCCC)=C%14S5)S3,12.3,20.0,0.693,0.894
PBDB-T,O=C(C1=C(CCC(CCCC)CC)SC(CCC(CC)CCCC)=C1C2=O)C(C2=C(C3)C(C4)=CC=C4C5=CC6=C(C(C7=CC=C(CCC(CCCC)CC)S7)=C8C=CSC8=C6C9=CC=C(CCC(CCCC)CC)S9)S5)=C3C%10=CC=CS%10,IEICO-4F,FC1=CC2=C(C(/C(C2=O)=C/C3=CC(OCC(CC)CCCC)=C(S3)C4=CC5=C(S4)C6=CC(C7(C8=CC=C(CCCCCC)C=C8)C9=CC=C(CCCCCC)C=C9)=C(C%10=C7C=C(S%10)C%11=C(OCC(CC)CCCC)C=C(S%11)/C=C(/C(C%12=C%13C=C(F)C(F)=C%12)=C(C#N)\C#N)C%13=O)C=C6C5(C%14=CC=C(CCCCCC)C=C%14)C%15=CC=C(CCCCCC)C=C%15)=C(C#N)/C#N)C=C1F,8.5,20.91,0.52,0.77
PBDB-T,O=C(C1=C(CCC(CCCC)CC)SC(CCC(CC)CCCC)=C1C2=O)C(C2=C(C3)C(C4)=CC=C4C5=CC6=C(C(C7=CC=C(CCC(CCCC)CC)S7)=C8C=CSC8=C6C9=CC=C(CCC(CCCC)CC)S9)S5)=C3C%10=CC=CS%10,IDT-PhIC,CCCCCCOC(C=C1)=CC=C1C2(C3=CC=C(C=C3)OCCCCCC)C4=C(C=C5C(C(CC6)CCC6OCCCCCC)(C(C=C7)=CC=C7OCCCCCC)C8=C(SC(/C=C9C(C(C=CC=C%10)=C%10C\9=C(C#N)\C#N)=O)=C8)C5=C4)C(S%11)=C2C=C%11/C=C(C(C%12=C%13C=CC=C%12)=O)/C%13=C(C#N)/C#N,5.11,9.99,0.547,0.93
PBDB-T,O=C(C1=C(CCC(CCCC)CC)SC(CCC(CC)CCCC)=C1C2=O)C(C2=C(C3)C(C4)=CC=C4C5=CC6=C(C(C7=CC=C(CCC(CCCC)CC)S7)=C8C=CSC8=C6C9=CC=C(CCC(CCCC)CC)S9)S5)=C3C%10=CC=CS%10,Y1,O=C(C(C=CC=C1)=C1C/2=C(C#N)\C#N)C2=C/C3=CC(SC(C4=C5C6=C(C7=C(N6CC(CCCC)CC)C8=C(C=C(S8)/C=C9C(C%10=C(C=CC=C%10)C\9=C(C#N)\C#N)=O)S7)C%11=NN(N=C4%11)CC(CC)CCCC)=C%12N5CC(CC)CCCC)=C%12S3,12.6,20.4,0.696,0.88
PBDB-T,O=C(C1=C(CCC(CCCC)CC)SC(CCC(CC)CCCC)=C1C2=O)C(C2=C(C3)C(C4)=CC=C4C5=CC6=C(C(C7=CC=C(CCC(CCCC)CC)S7)=C8C=CSC8=C6C9=CC=C(CCC(CCCC)CC)S9)S5)=C3C%10=CC=CS%10,Y1,O=C(C(C=CC=C1)=C1C/2=C(C#N)\C#N)C2=C/C3=CC(SC(C4=C5C6=C(C7=C(N6CC(CCCC)CC)C8=C(C=C(S8)/C=C9C(C%10=C(C=CC=C%10)C\9=C(C#N)\C#N)=O)S7)C%11=NN(N=C4%11)CC(CC)CCCC)=C%12N5CC(CC)CCCC)=C%12S3,13.42,22.44,0.691,0.87
PBDB-T,O=C(C1=C(CCC(CCCC)CC)SC(CCC(CC)CCCC)=C1C2=O)C(C2=C(C3)C(C4)=CC=C4C5=CC6=C(C(C7=CC=C(CCC(CCCC)CC)S7)=C8C=CSC8=C6C9=CC=C(CCC(CCCC)CC)S9)S5)=C3C%10=CC=CS%10,Y2,O=C(C1=CSC=C1C/2=C(C#N)\C#N)C2=C/C3=CC(SC(C4=C5C6=C(C7=C(N6CC(CC)CCCC)C8=C(C=C(S8)/C=C9C(C%10=CSC=C%10C\9=C(C#N)\C#N)=O)S7)C%11=NN(N=C4%11)CC(CC)CCCC)=C%12N5CC(CCCC)CC)=C%12S3,13.4,23.56,0.694,0.82
PBDB-T,O=C(C1=C(CCC(CCCC)CC)SC(CCC(CC)CCCC)=C1C2=O)C(C2=C(C3)C(C4)=CC=C4C5=CC6=C(C(C7=CC=C(CCC(CCCC)CC)S7)=C8C=CSC8=C6C9=CC=C(CCC(CCCC)CC)S9)S5)=C3C%10=CC=CS%10,ITIC,c12cc3c(cc1C(c1c2sc2c1sc(c2)/C=C\1/C(=C(C#N)C#N)c2c(C1=O)cccc2)(c1ccc(cc1)CCCCCC)c1ccc(cc1)CCCCCC)c1c(C3(c2ccc(cc2)CCCCCC)c2ccc(cc2)CCCCCC)c2c(s1)cc(s2)/C=C\1/C(=C(C#N)C#N)c2c(C1=O)cccc2,9.68,15.88,0.67,0.85
PBDB-T,O=C(C1=C(CCC(CCCC)CC)SC(CCC(CC)CCCC)=C1C2=O)C(C2=C(C3)C(C4)=CC=C4C5=CC6=C(C(C7=CC=C(CCC(CCCC)CC)S7)=C8C=CSC8=C6C9=CC=C(CCC(CCCC)CC)S9)S5)=C3C%10=CC=CS%10,BDCPDT-IC,O=C(C1=C(C=CC=C1)C/2=C(C#N)\C#N)C2=C/C3=CC(C4(C(C=C5)=CC=C5CCCCCC)C(C=C6)=CC=C6CCCCCC)=C(C(SC7=C8)=C4C7=CC9=C8C%10=C(C(SC(/C=C%11/C(C(C=CC=C%12)=C%12C%11=O)=C(C#N)/C#N)=C%13)=C%13C%10(C(C=C%14)=CC=C%14CCCCCC)C%15=CC=C(C=C%15)CCCCCC)S9)S3,9.33,15.83,0.638,0.85
PBDB-T,O=C(C1=C(CCC(CCCC)CC)SC(CCC(CC)CCCC)=C1C2=O)C(C2=C(C3)C(C4)=CC=C4C5=CC6=C(C(C7=CC=C(CCC(CCCC)CC)S7)=C8C=CSC8=C6C9=CC=C(CCC(CCCC)CC)S9)S5)=C3C%10=CC=CS%10,BDCPDT-BC,O=C(C1=C(SC2=C1C=CC=C2)C/3=C(C#N)\C#N)C3=C/C4=CC(C5(C(C=C6)=CC=C6CCCCCC)C7=CC=C(C=C7)CCCCCC)=C(C(SC8=C9)=C5C8=CC%10=C9C(C(C%11=CC=C(C=C%11)CCCCCC)(C%12=C%13SC(/C=C%14C(C%15=C(C(C=CC=C%16)=C%16S%15)C\%14=C(C#N)\C#N)=O)=C%12)C%17=CC=C(C=C%17)CCCCCC)=C%13S%10)S4,10.82,18.31,0.625,0.92
PBDB-T,O=C(C1=C(CCC(CCCC)CC)SC(CCC(CC)CCCC)=C1C2=O)C(C2=C(C3)C(C4)=CC=C4C5=CC6=C(C(C7=CC=C(CCC(CCCC)CC)S7)=C8C=CSC8=C6C9=CC=C(CCC(CCCC)CC)S9)S5)=C3C%10=CC=CS%10,DTCC-IC,O=C(C1=C(C=CC=C1)C/2=C(C#N)/C#N)C2=C/C3=CC(C4(C5=CC=C(C=C5)OCCCCCCCC)C6=CC=C(C=C6)OCCCCCCCC)=C(S3)C(C=C78)=C4C=C8C9=CC(C(C%10=CC=C(C=C%10)CCCCCCCCC)(C%11=C%12SC(/C=C%13C(C(C=CC=C%14)=C%14C\%13=C(C#N)/C#N)=O)=C%11)C%15=CC=C(C=C%15)OCCCCCCCC)=C%12C=C9N7CCCCCCCC,9.25,14.26,0.641,0.97
PBDB-T,O=C(C1=C(CCC(CCCC)CC)SC(CCC(CC)CCCC)=C1C2=O)C(C2=C(C3)C(C4)=CC=C4C5=CC6=C(C(C7=CC=C(CCC(CCCC)CC)S7)=C8C=CSC8=C6C9=CC=C(CCC(CCCC)CC)S9)S5)=C3C%10=CC=CS%10,DTCC-BC,O=C(C1=C(C(C=CC=C2)=C2S1)C/3=C(C#N)/C#N)C3=C/C4=CC5=C(C6=C(C5(C7=CC=C(C=C7)CCCCCCCC)C8=CC=C(C=C8)CCCCCCCC)C9=C(C=C%10C%11=C(SC%10=C9)C%12=C(C=C(/C=C%13/C(C%14=C(C%13=O)C(C=CC=C%15)=C%15S%14)=C(C#N)\C#N)S%12)C%11(C(C=C%16)=CC=C%16CCCCCCCC)C%17=CC=C(C=C%17)CCCCCCCC)S6)S4,10.74,17.16,0.615,0.98
PBDB-T,O=C(C1=C(CCC(CCCC)CC)SC(CCC(CC)CCCC)=C1C2=O)C(C2=C(C3)C(C4)=CC=C4C5=CC6=C(C(C7=CC=C(CCC(CCCC)CC)S7)=C8C=CSC8=C6C9=CC=C(CCC(CCCC)CC)S9)S5)=C3C%10=CC=CS%10,ITIC,c12cc3c(cc1C(c1c2sc2c1sc(c2)/C=C\1/C(=C(C#N)C#N)c2c(C1=O)cccc2)(c1ccc(cc1)CCCCCC)c1ccc(cc1)CCCCCC)c1c(C3(c2ccc(cc2)CCCCCC)c2ccc(cc2)CCCCCC)c2c(s1)cc(s2)/C=C\1/C(=C(C#N)C#N)c2c(C1=O)cccc2,10.05,16.74,0.642,0.92
PBDB-T,O=C(C1=C(CCC(CCCC)CC)SC(CCC(CC)CCCC)=C1C2=O)C(C2=C(C3)C(C4)=CC=C4C5=CC6=C(C(C7=CC=C(CCC(CCCC)CC)S7)=C8C=CSC8=C6C9=CC=C(CCC(CCCC)CC)S9)S5)=C3C%10=CC=CS%10,ITBC,c1cc(c2c(c1C=C(C#N)C#N)nsn2)c1sc(cc1)c1cc2c(cc1)c1c([C@@]2(C[C@@H](CC)CCCC)C[C@H](CC)CCCC)cc(s1)c1c2c(c(cc1)C=C(C#N)C#N)nsn2,12.07,19.61,0.635,0.94
PBDB-T,O=C(C1=C(CCC(CCCC)CC)SC(CCC(CC)CCCC)=C1C2=O)C(C2=C(C3)C(C4)=CC=C4C5=CC6=C(C(C7=CC=C(CCC(CCCC)CC)S7)=C8C=CSC8=C6C9=CC=C(CCC(CCCC)CC)S9)S5)=C3C%10=CC=CS%10,ATT-1,CCN(C/1=O)/C(SC1=C/C2=C3SC(C(OCCCCCCCC)=O)=CC3=C(C4=CC5=C(C6=CC(C(C7=C8SC(C9=C%10C=C(C(OCCCCCCCC)=O)SC%10=C(/C=C(C%11=O)\S/C(N%11CC)=C(C#N)/C#N)S9)=C7)(C%12=CC=C(CCCCCC)C=C%12)C%13=CC=C(CCCCCC)C=C%13)=C8C=C6C5(C%14=CC=C(CCCCCC)C=C%14)C%15=CC=C(C=C%15)CCCCCC)S4)S2)=C(C#N)/C#N,9.0,16.01,0.6,0.92
PBDB-T,O=C(C1=C(CCC(CCCC)CC)SC(CCC(CC)CCCC)=C1C2=O)C(C2=C(C3)C(C4)=CC=C4C5=CC6=C(C(C7=CC=C(CCC(CCCC)CC)S7)=C8C=CSC8=C6C9=CC=C(CCC(CCCC)CC)S9)S5)=C3C%10=CC=CS%10,ATT-4,O=C(/C(S/1)=C/C2=C3SC(C(CCCCCCC)OO)=CC3=C(C4=CC(C5(CCCCCC)CCCCCC)=C(C(C5=C6)=CC7=C6C8=C(C=C(C9=C%10C=C(C(CCCCCCC)OO)SC%10=C(/C=C(C(N/%11CC)=O)\SC%11=C(C#N)\C#N)S9)S8)C7(CCCCCC)CCCCCC)S4)S2)N(C1=C(C#N)/C#N)CC,11.22,17.13,0.68,0.925
PBDB-T,O=C(C1=C(CCC(CCCC)CC)SC(CCC(CC)CCCC)=C1C2=O)C(C2=C(C3)C(C4)=CC=C4C5=CC6=C(C(C7=CC=C(CCC(CCCC)CC)S7)=C8C=CSC8=C6C9=CC=C(CCC(CCCC)CC)S9)S5)=C3C%10=CC=CS%10,ATT-5,O=C(/C(S/1)=C/C2=C3SC(C(CC(CC)CCCCC)OO)=CC3=C(C4=CC(C5(CCCCCC)CCCCCC)=C(C(C5=C6)=CC7=C6C8=C(C=C(C9=C%10C=C(C(CC(CC)CCCCC)OO)SC%10=C(/C=C(C(N/%11CC)=O)\SC%11=C(C#N)\C#N)S9)S8)C7(CCCCCC)CCCCCC)S4)S2)N(C1=C(C#N)/C#N)CC,12.36,18.56,0.7,0.927
PBDB-T,O=C(C1=C(CCC(CCCC)CC)SC(CCC(CC)CCCC)=C1C2=O)C(C2=C(C3)C(C4)=CC=C4C5=CC6=C(C(C7=CC=C(CCC(CCCC)CC)S7)=C8C=CSC8=C6C9=CC=C(CCC(CCCC)CC)S9)S5)=C3C%10=CC=CS%10,i-IEICO-4F,c1(c(cc2c(c1)C(=C(C#N)C#N)/C(=C\c1c(c(sc1)c1sc3c(c1)C(c1c3cc3c(c1)c1c(C3(c3ccc(cc3)CCCCCC)c3ccc(cc3)CCCCCC)cc(s1)c1scc(c1OC[C@H](CCCC)CC)/C=C/1\C(=C(C#N)C#N)c3c(C1=O)cc(c(c3)F)F)(c1ccc(cc1)CCCCCC)c1ccc(cc1)CCCCCC)OC[C@@H](CC)CCCC)/C2=O)F)F,11.0,19.1,0.606,0.92
PBDB-T,O=C(C1=C(CCC(CCCC)CC)SC(CCC(CC)CCCC)=C1C2=O)C(C2=C(C3)C(C4)=CC=C4C5=CC6=C(C(C7=CC=C(CCC(CCCC)CC)S7)=C8C=CSC8=C6C9=CC=C(CCC(CCCC)CC)S9)S5)=C3C%10=CC=CS%10,ITIC,c12cc3c(cc1C(c1c2sc2c1sc(c2)/C=C\1/C(=C(C#N)C#N)c2c(C1=O)cccc2)(c1ccc(cc1)CCCCCC)c1ccc(cc1)CCCCCC)c1c(C3(c2ccc(cc2)CCCCCC)c2ccc(cc2)CCCCCC)c2c(s1)cc(s2)/C=C\1/C(=C(C#N)C#N)c2c(C1=O)cccc2,9.3,15.7,0.66,0.88
PBDB-T,O=C(C1=C(CCC(CCCC)CC)SC(CCC(CC)CCCC)=C1C2=O)C(C2=C(C3)C(C4)=CC=C4C5=CC6=C(C(C7=CC=C(CCC(CCCC)CC)S7)=C8C=CSC8=C6C9=CC=C(CCC(CCCC)CC)S9)S5)=C3C%10=CC=CS%10,N220,O=C(N(C1=O)CC(CCCCCCCC)CCCCCCCCCC)C2=C3C1=CC(C4=CC=C(S4)C5=CC=C(C)S5)=C(C(N(C6=O)CC(CCCCCCCCCC)CCCCCCCC)=O)C3=C6C=C2C,10.7,16.9,0.69,0.9
PBDB-T,O=C(C1=C(CCC(CCCC)CC)SC(CCC(CC)CCCC)=C1C2=O)C(C2=C(C3)C(C4)=CC=C4C5=CC6=C(C(C7=CC=C(CCC(CCCC)CC)S7)=C8C=CSC8=C6C9=CC=C(CCC(CCCC)CC)S9)S5)=C3C%10=CC=CS%10,FDTBT-IDTT-FINCN,O=C(C1=CC(F)=C(F)C=C1C/2=C(C#N)\C#N)C2=C/C3=CC4=C(C(C(C5=CC=C(CCCCCC)C=C5)(C6=CC=C(CCCCCC)C=C6)C7=C8C=C9C(C(SC%10=C%11SC(C%12=CC=C(C%13=C(F)C(F)=C(C%14=CC=C(C%15=CC%16=C(C(C(C%17=CC=C(CCCCCC)C=C%17)(C%18=CC=C(CCCCCC)C=C%18)C%19=C%20C=C%21C(C(SC%22=C%23SC(/C=C%24C(C(C=C(F)C(F)=C%25)=C%25C\%24=C(C#N)\C#N)=O)=C%22)=C%23C%21(C%26=CC=C(CCCCCC)C=C%26)C%27=CC=C(CCCCCC)C=C%27)=C%19)=C%20S%16)S%15)S%14)C%28=NSN=C%13%28)S%12)=C%10)=C%11C9(C%29=CC=C(CCCCCC)C=C%29)C%30=CC=C(CCCCCC)C=C%30)=C7)=C8S4)S3,7.27,13.18,0.61,0.85
PBDB-T,O=C(C1=C(CCC(CCCC)CC)SC(CCC(CC)CCCC)=C1C2=O)C(C2=C(C3)C(C4)=CC=C4C5=CC6=C(C(C7=CC=C(CCC(CCCC)CC)S7)=C8C=CSC8=C6C9=CC=C(CCC(CCCC)CC)S9)S5)=C3C%10=CC=CS%10,CNDTBT-IDTT-FINCN,c1(c(cc2c(c1)C(=O)/C(=C\c1sc3c(c1)sc1c3C(c3c1cc1c(c3)c3c(C1(c1ccc(cc1)C)c1ccc(cc1)C)c1c(s3)cc(s1)c1sc(cc1)c1c(c(c(c3c1nsn3)c1ccc(s1)c1sc3c(c1)sc1c3C(c3c1cc1c(c3)c3c(C1(c1ccc(cc1)C)c1ccc(cc1)C)c1c(s3)cc(s1)/C=C/1\C(=O)c3c(C1=C(C#N)C#N)cc(c(c3)F)F)(c1ccc(cc1)C)c1ccc(cc1)C)C#N)C#N)(c1ccc(cc1)C)c1ccc(cc1)C)/C2=C(C#N)C#N)F)F,9.13,16.69,0.64,0.81
PBDB-T,O=C(C1=C(CCC(CCCC)CC)SC(CCC(CC)CCCC)=C1C2=O)C(C2=C(C3)C(C4)=CC=C4C5=CC6=C(C(C7=CC=C(CCC(CCCC)CC)S7)=C8C=CSC8=C6C9=CC=C(CCC(CCCC)CC)S9)S5)=C3C%10=CC=CS%10,m-INPOIC,O=C(C1=CC(F)=C(C=C1C/2=C(C#N)\C#N)F)C2=C/C3=CC4=C(S3)C(CC5=C6C(C7=CC=CC(OCCCCCC)=C7)(C8=CC(OCCCCCC)=CC=C8)C9=C5C=C%10C(C%11=CC(OCCCCCC)=CC=C%11)(C%12=CC=CC(OCCCCCC)=C%12)C%13=C(SC%14=C%13N(CCCCCCCC)C%15=C%14SC(/C=C%16C(C%17=CC(F)=C(C=C%17C\%16=C(C#N)\C#N)F)=O)=C%15)C%10=C9)=C6N4CCCCCCCC,12.8,20.7,0.708,0.85
PBDB-T,O=C(C1=C(CCC(CCCC)CC)SC(CCC(CC)CCCC)=C1C2=O)C(C2=C(C3)C(C4)=CC=C4C5=CC6=C(C(C7=CC=C(CCC(CCCC)CC)S7)=C8C=CSC8=C6C9=CC=C(CCC(CCCC)CC)S9)S5)=C3C%10=CC=CS%10,ITIC,c12cc3c(cc1C(c1c2sc2c1sc(c2)/C=C\1/C(=C(C#N)C#N)c2c(C1=O)cccc2)(c1ccc(cc1)CCCCCC)c1ccc(cc1)CCCCCC)c1c(C3(c2ccc(cc2)CCCCCC)c2ccc(cc2)CCCCCC)c2c(s1)cc(s2)/C=C\1/C(=C(C#N)C#N)c2c(C1=O)cccc2,9.95,15.4,0.71,0.88
PBDB-T,O=C(C1=C(CCC(CCCC)CC)SC(CCC(CC)CCCC)=C1C2=O)C(C2=C(C3)C(C4)=CC=C4C5=CC6=C(C(C7=CC=C(CCC(CCCC)CC)S7)=C8C=CSC8=C6C9=CC=C(CCC(CCCC)CC)S9)S5)=C3C%10=CC=CS%10,ITIC,c12cc3c(cc1C(c1c2sc2c1sc(c2)/C=C\1/C(=C(C#N)C#N)c2c(C1=O)cccc2)(c1ccc(cc1)CCCCCC)c1ccc(cc1)CCCCCC)c1c(C3(c2ccc(cc2)CCCCCC)c2ccc(cc2)CCCCCC)c2c(s1)cc(s2)/C=C\1/C(=C(C#N)C#N)c2c(C1=O)cccc2,12.18,18.62,0.72,0.87
PBDB-T,O=C(C1=C(CCC(CCCC)CC)SC(CCC(CC)CCCC)=C1C2=O)C(C2=C(C3)C(C4)=CC=C4C5=CC6=C(C(C7=CC=C(CCC(CCCC)CC)S7)=C8C=CSC8=C6C9=CC=C(CCC(CCCC)CC)S9)S5)=C3C%10=CC=CS%10,IT-4F,c1(cc2c(cc1F)C(=O)/C(=C\c1cc3c(s1)c1c(s3)c3c(C1(c1ccc(cc1)CCCCCC)c1ccc(cc1)CCCCCC)cc1c(c3)C(c3c1sc1c3sc(c1)/C=C/1\C(=O)c3c(C1=C(C#N)C#N)cc(c(c3)F)F)(c1ccc(cc1)CCCCCC)c1ccc(cc1)CCCCCC)/C2=C(C#N)C#N)F,10.1,20.02,0.706,0.71
PBDB-T,O=C(C1=C(CCC(CCCC)CC)SC(CCC(CC)CCCC)=C1C2=O)C(C2=C(C3)C(C4)=CC=C4C5=CC6=C(C(C7=CC=C(CCC(CCCC)CC)S7)=C8C=CSC8=C6C9=CC=C(CCC(CCCC)CC)S9)S5)=C3C%10=CC=CS%10,ITIC,c12cc3c(cc1C(c1c2sc2c1sc(c2)/C=C\1/C(=C(C#N)C#N)c2c(C1=O)cccc2)(c1ccc(cc1)CCCCCC)c1ccc(cc1)CCCCCC)c1c(C3(c2ccc(cc2)CCCCCC)c2ccc(cc2)CCCCCC)c2c(s1)cc(s2)/C=C\1/C(=C(C#N)C#N)c2c(C1=O)cccc2,10.3,17.1,0.686,0.878
PBDB-T,O=C(C1=C(CCC(CCCC)CC)SC(CCC(CC)CCCC)=C1C2=O)C(C2=C(C3)C(C4)=CC=C4C5=CC6=C(C(C7=CC=C(CCC(CCCC)CC)S7)=C8C=CSC8=C6C9=CC=C(CCC(CCCC)CC)S9)S5)=C3C%10=CC=CS%10,F-Cl,O=C(C1=CC=C(Cl)C=C1C/2=C(C#N)/C#N)C2=C/C3=CC4=C(S3)C5=CC6=C(C=C5C4(CCCCCCCC)CCCCCCCC)C7=C(C=C8C9=C(C=C(S9)/C=C%10C(C%11=CC=C(Cl)C=C%11C\%10=C(C#N)/C#N)=O)C(CCCCCCCC)(CCCCCCCC)C8=C7)C(CCCCCCCC)6CCCCCCCC,10.81,17.08,0.74,0.86
PBDB-T,O=C(C1=C(CCC(CCCC)CC)SC(CCC(CC)CCCC)=C1C2=O)C(C2=C(C3)C(C4)=CC=C4C5=CC6=C(C(C7=CC=C(CCC(CCCC)CC)S7)=C8C=CSC8=C6C9=CC=C(CCC(CCCC)CC)S9)S5)=C3C%10=CC=CS%10,F-2Cl,O=C(C1=CC(Cl)=C(Cl)C=C1C/2=C(C#N)/C#N)C2=C/C3=CC4=C(S3)C5=CC6=C(C=C5C4(CCCCCCCC)CCCCCCCC)C7=C(C=C8C9=C(C=C(S9)/C=C%10C(C%11=CC(Cl)=C(Cl)C=C%11C\%10=C(C#N)/C#N)=O)C(CCCCCCCC)(CCCCCCCC)C8=C7)C(CCCCCCCC)6CCCCCCCC,10.34,17.52,0.74,0.801
PBDB-T,O=C(C1=C(CCC(CCCC)CC)SC(CCC(CC)CCCC)=C1C2=O)C(C2=C(C3)C(C4)=CC=C4C5=CC6=C(C(C7=CC=C(CCC(CCCC)CC)S7)=C8C=CSC8=C6C9=CC=C(CCC(CCCC)CC)S9)S5)=C3C%10=CC=CS%10,Y1,O=C(C(C=CC=C1)=C1C/2=C(C#N)\C#N)C2=C/C3=CC(SC(C4=C5C6=C(C7=C(N6CC(CCCC)CC)C8=C(C=C(S8)/C=C9C(C%10=C(C=CC=C%10)C\9=C(C#N)\C#N)=O)S7)C%11=NN(N=C4%11)CC(CC)CCCC)=C%12N5CC(CC)CCCC)=C%12S3,13.4,21.4,0.695,0.88
PBDB-T,O=C(C1=C(CCC(CCCC)CC)SC(CCC(CC)CCCC)=C1C2=O)C(C2=C(C3)C(C4)=CC=C4C5=CC6=C(C(C7=CC=C(CCC(CCCC)CC)S7)=C8C=CSC8=C6C9=CC=C(CCC(CCCC)CC)S9)S5)=C3C%10=CC=CS%10,Y1-4F,O=C(C1=CC(F)=C(C=C1C/2=C(C#N)\C#N)F)C2=C/C3=CC(SC(C4=C5C6=C(C7=C(N6CC(CCC)CCCC)C8=C(C=C(S8)/C=C9C(C%10=CC(F)=C(C=C%10C\9=C(C#N)\C#N)F)=O)S7)C%11=NN(N=C4%11)CC(CC)CCCC)=C%12N5CC(CCCC)CC)=C%12S3,9.9,22.7,0.574,0.74
PBDB-T,O=C(C1=C(CCC(CCCC)CC)SC(CCC(CC)CCCC)=C1C2=O)C(C2=C(C3)C(C4)=CC=C4C5=CC6=C(C(C7=CC=C(CCC(CCCC)CC)S7)=C8C=CSC8=C6C9=CC=C(CCC(CCCC)CC)S9)S5)=C3C%10=CC=CS%10,ITIC,c12cc3c(cc1C(c1c2sc2c1sc(c2)/C=C\1/C(=C(C#N)C#N)c2c(C1=O)cccc2)(c1ccc(cc1)CCCCCC)c1ccc(cc1)CCCCCC)c1c(C3(c2ccc(cc2)CCCCCC)c2ccc(cc2)CCCCCC)c2c(s1)cc(s2)/C=C\1/C(=C(C#N)C#N)c2c(C1=O)cccc2,10.0,16.8,0.68,0.87
PBDB-T,O=C(C1=C(CCC(CCCC)CC)SC(CCC(CC)CCCC)=C1C2=O)C(C2=C(C3)C(C4)=CC=C4C5=CC6=C(C(C7=CC=C(CCC(CCCC)CC)S7)=C8C=CSC8=C6C9=CC=C(CCC(CCCC)CC)S9)S5)=C3C%10=CC=CS%10,ITIC,c12cc3c(cc1C(c1c2sc2c1sc(c2)/C=C\1/C(=C(C#N)C#N)c2c(C1=O)cccc2)(c1ccc(cc1)CCCCCC)c1ccc(cc1)CCCCCC)c1c(C3(c2ccc(cc2)CCCCCC)c2ccc(cc2)CCCCCC)c2c(s1)cc(s2)/C=C\1/C(=C(C#N)C#N)c2c(C1=O)cccc2,9.4,16.87,0.628,0.887
PBDB-T,O=C(C1=C(CCC(CCCC)CC)SC(CCC(CC)CCCC)=C1C2=O)C(C2=C(C3)C(C4)=CC=C4C5=CC6=C(C(C7=CC=C(CCC(CCCC)CC)S7)=C8C=CSC8=C6C9=CC=C(CCC(CCCC)CC)S9)S5)=C3C%10=CC=CS%10,CZTT-IC,CCC(CCCC)CN1C2=C(C=C(C(C3=CC=C(CCCCCC)C=C3)(C4=CC=C(CCCCCC)C=C4)C5=C6SC7=C5SC(/C=C8C(C(C=C([H])C([H])=C9)=C9C\8=C(C#N)\C#N)=O)=C7)C6=C2)C%10=C1C=C(C%11=C%12C%13=C(C=C(S%13)/C=C%14C(C%15=CC([H])=C(C=C%15C\%14=C(C#N)/C#N)[H])=O)S%11)C(C%12(C%16=CC=C(CCCCCC)C=C%16)C%17CC=C(C=C%17)CCCCCC)=C%10,9.87,17.15,0.583,0.97
PBDB-T,O=C(C1=C(CCC(CCCC)CC)SC(CCC(CC)CCCC)=C1C2=O)C(C2=C(C3)C(C4)=CC=C4C5=CC6=C(C(C7=CC=C(CCC(CCCC)CC)S7)=C8C=CSC8=C6C9=CC=C(CCC(CCCC)CC)S9)S5)=C3C%10=CC=CS%10,CZTT-4F,CCC(CCCC)CN1C2=C(C=C(C(C3=CC=C(CCCCCC)C=C3)(C4=CC=C(CCCCCC)C=C4)C5=C6SC7=C5SC(/C=C8C(C(C=C(F)C(F)=C9)=C9C\8=C(C#N)\C#N)=O)=C7)C6=C2)C%10=C1C=C(C%11=C%12C%13=C(C=C(S%13)/C=C%14C(C%15=CC([F])=C(C=C%15C\%14=C(C#N)/C#N)[F])=O)S%11)C(C%12(C%16=CC=C(CCCCCC)C=C%16)C%17CC=C(C=C%17)CCCCCC)=C%10,9.81,18.78,0.581,0.89
PBDB-T,O=C(C1=C(CCC(CCCC)CC)SC(CCC(CC)CCCC)=C1C2=O)C(C2=C(C3)C(C4)=CC=C4C5=CC6=C(C(C7=CC=C(CCC(CCCC)CC)S7)=C8C=CSC8=C6C9=CC=C(CCC(CCCC)CC)S9)S5)=C3C%10=CC=CS%10,BTOPIC,N#CC(C(C#N)=N1)=NC2=C1/C(C3=C2C=CC=C3)=C\C4=CC(C(C5=CC=C(CCCCCC)C=C5)(C6=CC=C(CCCCCC)C=C6)C7=C8SC9=C7C(OCC(CCCC)CC)=C%10SC%11=C(C(C%12=CC=C(CCCCCC)C=C%12)(C%13=CC=C(CCCCCC)C=C%13)C%14=C%11SC(/C=C%15C(C=CC=C%16)=C%16C(N=C%17C#N)=C/%15N=C%17C#N)=C%14)C%10=C9OCC(CCCC)CC)=C8S4,9.31,14.83,0.695,0.88
PBDB-T,O=C(C1=C(CCC(CCCC)CC)SC(CCC(CC)CCCC)=C1C2=O)C(C2=C(C3)C(C4)=CC=C4C5=CC6=C(C(C7=CC=C(CCC(CCCC)CC)S7)=C8C=CSC8=C6C9=CC=C(CCC(CCCC)CC)S9)S5)=C3C%10=CC=CS%10,BT-IC,c1cccc2c1C(=C(C#N)C#N)/C(=C/c1cc3c(s1)c1c(C3(c3ccc(cc3)CCCCCC)c3ccc(cc3)CCCCCC)c3c(s1)c(c1c(c3O[C@H](CCCC)CC)sc3c1C(c1c3sc(c1)/C=C\1/C(=C(C#N)C#N)c3c(C1=O)cccc3)(c1ccc(cc1)CCCCCC)c1ccc(cc1)CCCCCC)O[C@@H](CC)CCCC)/C2=O,10.76,17.72,0.701,0.85
PBDB-T,O=C(C1=C(CCC(CCCC)CC)SC(CCC(CC)CCCC)=C1C2=O)C(C2=C(C3)C(C4)=CC=C4C5=CC6=C(C(C7=CC=C(CCC(CCCC)CC)S7)=C8C=CSC8=C6C9=CC=C(CCC(CCCC)CC)S9)S5)=C3C%10=CC=CS%10,ITIC,c12cc3c(cc1C(c1c2sc2c1sc(c2)/C=C\1/C(=C(C#N)C#N)c2c(C1=O)cccc2)(c1ccc(cc1)CCCCCC)c1ccc(cc1)CCCCCC)c1c(C3(c2ccc(cc2)CCCCCC)c2ccc(cc2)CCCCCC)c2c(s1)cc(s2)/C=C\1/C(=C(C#N)C#N)c2c(C1=O)cccc2,10.2,16.77,0.688,0.87
PBDB-T,O=C(C1=C(CCC(CCCC)CC)SC(CCC(CC)CCCC)=C1C2=O)C(C2=C(C3)C(C4)=CC=C4C5=CC6=C(C(C7=CC=C(CCC(CCCC)CC)S7)=C8C=CSC8=C6C9=CC=C(CCC(CCCC)CC)S9)S5)=C3C%10=CC=CS%10,ITIC,c12cc3c(cc1C(c1c2sc2c1sc(c2)/C=C\1/C(=C(C#N)C#N)c2c(C1=O)cccc2)(c1ccc(cc1)CCCCCC)c1ccc(cc1)CCCCCC)c1c(C3(c2ccc(cc2)CCCCCC)c2ccc(cc2)CCCCCC)c2c(s1)cc(s2)/C=C\1/C(=C(C#N)C#N)c2c(C1=O)cccc2,9.7,15.5,0.714,0.88
PBDB-T,O=C(C1=C(CCC(CCCC)CC)SC(CCC(CC)CCCC)=C1C2=O)C(C2=C(C3)C(C4)=CC=C4C5=CC6=C(C(C7=CC=C(CCC(CCCC)CC)S7)=C8C=CSC8=C6C9=CC=C(CCC(CCCC)CC)S9)S5)=C3C%10=CC=CS%10,ITIC,c12cc3c(cc1C(c1c2sc2c1sc(c2)/C=C\1/C(=C(C#N)C#N)c2c(C1=O)cccc2)(c1ccc(cc1)CCCCCC)c1ccc(cc1)CCCCCC)c1c(C3(c2ccc(cc2)CCCCCC)c2ccc(cc2)CCCCCC)c2c(s1)cc(s2)/C=C\1/C(=C(C#N)C#N)c2c(C1=O)cccc2,11.15,16.8,0.725,0.916
PBDB-T,O=C(C1=C(CCC(CCCC)CC)SC(CCC(CC)CCCC)=C1C2=O)C(C2=C(C3)C(C4)=CC=C4C5=CC6=C(C(C7=CC=C(CCC(CCCC)CC)S7)=C8C=CSC8=C6C9=CC=C(CCC(CCCC)CC)S9)S5)=C3C%10=CC=CS%10,IT-T-IC,O=C(C1=CC=CC=C1C/2=C(C#N)\C#N)C2=C/C3=CC(CC(CC)CCCC)=C(C4=CC5=C(S4)C(C(C6=CC=C(C=C6)CCCCCC)(C7=CC8=C9C(C(C=C%10)=CC=C%10CCCCCC)(C%11=CC=C(C=C%11)CCCCCC)C%12=C8SC%13=C%12SC(C%14=C(CC(CC)CCCC)C=C(/C=C%15C(C(C=CC=C%16)=C%16C\%15=C(C#N)\C#N)=O)S%14)=C%13)C(C=C%17)=CC=C%17CCCCCC)=C(C7=C9)S5)S3,6.33,11.58,0.525,0.986
PBDB-T,O=C(C1=C(CCC(CCCC)CC)SC(CCC(CC)CCCC)=C1C2=O)C(C2=C(C3)C(C4)=CC=C4C5=CC6=C(C(C7=CC=C(CCC(CCCC)CC)S7)=C8C=CSC8=C6C9=CC=C(CCC(CCCC)CC)S9)S5)=C3C%10=CC=CS%10,ITCT,O=C(C1=C2C=CS1)C(/C2=C(C#N)\C#N)=C\C3=CC4=C(S3)C(C(C5=CC=C(CCCCCC)C=C5)(C6=CC=C(CCCCCC)C=C6)C7=C8C=C(C(C9=C%10C%11=C(C=C(S%11)/C=C(/C%12=C(C#N)\[N+]#[C-])C(C%13=C%12C=CS%13)=O)S9)=C7)C%10(C%14=CC=C(CCCCCC)C=C%14)C%15=CC=C(CCCCCC)C=C%15)=C8S4,11.27,17.88,0.723,0.85
PBDB-T,O=C(C1=C(CCC(CCCC)CC)SC(CCC(CC)CCCC)=C1C2=O)C(C2=C(C3)C(C4)=CC=C4C5=CC6=C(C(C7=CC=C(CCC(CCCC)CC)S7)=C8C=CSC8=C6C9=CC=C(CCC(CCCC)CC)S9)S5)=C3C%10=CC=CS%10,IEICF-DMOT,COC1=C(/C=C(C(C2=C3C=C(F)C(F)=C2)=O)/C3=C(C#N)/C#N)SC(C4=CC(C5(C(C=C6)=CC=C6CCCCCC)C7=CC=C(C=C7)CCCCCC)=C(C8=CC9=C(C%10=C(C9(C%11=CC=C(C=C%11)CCCCCC)C%12=CC=C(C=C%12)CCCCCC)C=C(C%13=C(OC)C(OC)=C(/C=C(C(C%14=C%15C=C(F)C(F)=C%14)=O)\C%15=C(C#N)\C#N)S%13)S%10)C=C85)S4)=C1OC,13.01,21.98,0.662,0.87
PBDB-T,O=C(C1=C(CCC(CCCC)CC)SC(CCC(CC)CCCC)=C1C2=O)C(C2=C(C3)C(C4)=CC=C4C5=CC6=C(C(C7=CC=C(CCC(CCCC)CC)S7)=C8C=CSC8=C6C9=CC=C(CCC(CCCC)CC)S9)S5)=C3C%10=CC=CS%10,IEICO-4F,FC1=CC2=C(C(/C(C2=O)=C/C3=CC(OCC(CC)CCCC)=C(S3)C4=CC5=C(S4)C6=CC(C7(C8=CC=C(CCCCCC)C=C8)C9=CC=C(CCCCCC)C=C9)=C(C%10=C7C=C(S%10)C%11=C(OCC(CC)CCCC)C=C(S%11)/C=C(/C(C%12=C%13C=C(F)C(F)=C%12)=C(C#N)\C#N)C%13=O)C=C6C5(C%14=CC=C(CCCCCC)C=C%14)C%15=CC=C(CCCCCC)C=C%15)=C(C#N)/C#N)C=C1F,9.98,22.87,0.573,0.74
PBDB-T,O=C(C1=C(CCC(CCCC)CC)SC(CCC(CC)CCCC)=C1C2=O)C(C2=C(C3)C(C4)=CC=C4C5=CC6=C(C(C7=CC=C(CCC(CCCC)CC)S7)=C8C=CSC8=C6C9=CC=C(CCC(CCCC)CC)S9)S5)=C3C%10=CC=CS%10,IT-M,O=C(C1=CC=CC=C1C/2=C(C#N)/C#N)C2=C/C3=CC(SC4C5C(C)=C(C(C6=CC=C(C=C6)CCCCCC)(C7=CC=C(C=C7)CCCCCC)C8=CSC9=C8SC(/C=C%10C(C(C=CC=C%11)=C%11C\%10=C(C#N)/C#N)=C)=C9)C=C(C)C5C(C%12=CC=C(C=C%12)CCCCCC)(C%13=CC=C(C=C%13)CCCCCC)C%144)=C%14S3,9.79,14.9,0.703,0.934
PBDB-T,O=C(C1=C(CCC(CCCC)CC)SC(CCC(CC)CCCC)=C1C2=O)C(C2=C(C3)C(C4)=CC=C4C5=CC6=C(C(C7=CC=C(CCC(CCCC)CC)S7)=C8C=CSC8=C6C9=CC=C(CCC(CCCC)CC)S9)S5)=C3C%10=CC=CS%10,IT-M,O=C(C1=CC=CC=C1C/2=C(C#N)/C#N)C2=C/C3=CC(SC4C5C(C)=C(C(C6=CC=C(C=C6)CCCCCC)(C7=CC=C(C=C7)CCCCCC)C8=CSC9=C8SC(/C=C%10C(C(C=CC=C%11)=C%11C\%10=C(C#N)/C#N)=C)=C9)C=C(C)C5C(C%12=CC=C(C=C%12)CCCCCC)(C%13=CC=C(C=C%13)CCCCCC)C%144)=C%14S3,8.97,15.93,0.606,0.929
PBDB-T,O=C(C1=C(CCC(CCCC)CC)SC(CCC(CC)CCCC)=C1C2=O)C(C2=C(C3)C(C4)=CC=C4C5=CC6=C(C(C7=CC=C(CCC(CCCC)CC)S7)=C8C=CSC8=C6C9=CC=C(CCC(CCCC)CC)S9)S5)=C3C%10=CC=CS%10,O-IDTBR,O=C(/C(S1)=C/C(C2=NSN=C32)=CC=C3C(S4)=CC(C5(C6=CC=C(CCCCCC)C=C6)C7=CC=C(CCCCCC)C=C7)=C4C(C=C89)=C5C=C8C(SC(C%10=CC=C(/C=C%11SC(N(CC)C\%11=O)=S)C%12=NSN=C%10%12)=C%13)=C%13C9(C%14=CC=C(CCCCCC)C=C%14)C%15=CC=C(CCCCCC)C=C%15)N(CC)C1=S,6.99,10.8,0.648,1.0
PBDB-T,O=C(C1=C(CCC(CCCC)CC)SC(CCC(CC)CCCC)=C1C2=O)C(C2=C(C3)C(C4)=CC=C4C5=CC6=C(C(C7=CC=C(CCC(CCCC)CC)S7)=C8C=CSC8=C6C9=CC=C(CCC(CCCC)CC)S9)S5)=C3C%10=CC=CS%10,IDIC,N#C/C(C#N)=C(C1=CC=CC=C1C2=O)/C2=C/C3=CC4=C(C5=C(C=C6C(C(CCCCCC)(CCCCCC)C7=C6SC(/C=C8/C(C9=CC=CC=C9C8=O)=C(C#N)/C#N)=C7)=C5)C4(CCCCCC)CCCCCC)S3,8.47,15.62,0.684,0.79
PBDB-T,O=C(C1=C(CCC(CCCC)CC)SC(CCC(CC)CCCC)=C1C2=O)C(C2=C(C3)C(C4)=CC=C4C5=CC6=C(C(C7=CC=C(CCC(CCCC)CC)S7)=C8C=CSC8=C6C9=CC=C(CCC(CCCC)CC)S9)S5)=C3C%10=CC=CS%10,IDIC,N#C/C(C#N)=C(C1=CC=CC=C1C2=O)/C2=C/C3=CC4=C(C5=C(C=C6C(C(CCCCCC)(CCCCCC)C7=C6SC(/C=C8/C(C9=CC=CC=C9C8=O)=C(C#N)/C#N)=C7)=C5)C4(CCCCCC)CCCCCC)S3,9.19,17.35,0.68,0.77
PBDB-T,O=C(C1=C(CCC(CCCC)CC)SC(CCC(CC)CCCC)=C1C2=O)C(C2=C(C3)C(C4)=CC=C4C5=CC6=C(C(C7=CC=C(CCC(CCCC)CC)S7)=C8C=CSC8=C6C9=CC=C(CCC(CCCC)CC)S9)S5)=C3C%10=CC=CS%10,NDIC,CC1(C(C=C(C=C2C3=C(C=C(S3)/C=C4C(C(C=CC=C5)=C5C\4=C(C#N)\C#N)=O)C(CCCCCCCC)(CCCCCCCC)C2=C6)C6=C7)=C7C8=C1C=C(/C=C9C(C(C=CC=C%10)=C%10C\9=C(C#N)/C#N)=O)S8)CCCCCCCC,7.92,13.35,0.683,0.87
PBDB-T,O=C(C1=C(CCC(CCCC)CC)SC(CCC(CC)CCCC)=C1C2=O)C(C2=C(C3)C(C4)=CC=C4C5=CC6=C(C(C7=CC=C(CCC(CCCC)CC)S7)=C8C=CSC8=C6C9=CC=C(CCC(CCCC)CC)S9)S5)=C3C%10=CC=CS%10,NDIC,CC1(C(C=C(C=C2C3=C(C=C(S3)/C=C4C(C(C=CC=C5)=C5C\4=C(C#N)\C#N)=O)C(CCCCCCCC)(CCCCCCCC)C2=C6)C6=C7)=C7C8=C1C=C(/C=C9C(C(C=CC=C%10)=C%10C\9=C(C#N)/C#N)=O)S8)CCCCCCCC,9.43,15.1,0.696,0.9
PBDB-T,O=C(C1=C(CCC(CCCC)CC)SC(CCC(CC)CCCC)=C1C2=O)C(C2=C(C3)C(C4)=CC=C4C5=CC6=C(C(C7=CC=C(CCC(CCCC)CC)S7)=C8C=CSC8=C6C9=CC=C(CCC(CCCC)CC)S9)S5)=C3C%10=CC=CS%10,TACIC,O=C1C2=C(C=CC=C2)C(/C1=C/C(S3)=CC4=C3C(S5)=C(C4(C6=CC=C(CCCCCC)C=C6)C7=CC=C(CCCCCC)C=C7)C8=C5C9=C(C%10=C%11%12)C%13=C8C=CC%14=C%13C%11=C(C(CC(CCCCCC)CCCC)=N%14)C%15=C(C(C(C%16=CC=C(CCCCCC)C=C%16)(C%17=CC=C(CCCCCC)C=C%17)C%18=C%19SC(/C=C%20/C(C(C=CC=C%21)=C%21C%20=O)=C(C#N)\C#N)=C%18)=C%19S%15)C%12=CC=C%10N=C9CC(CCCC)CCCCCC)=C(C#N)\C#N,9.92,16.17,0.605,0.984
PBDB-T,O=C(C1=C(CCC(CCCC)CC)SC(CCC(CC)CCCC)=C1C2=O)C(C2=C(C3)C(C4)=CC=C4C5=CC6=C(C(C7=CC=C(CCC(CCCC)CC)S7)=C8C=CSC8=C6C9=CC=C(CCC(CCCC)CC)S9)S5)=C3C%10=CC=CS%10,ITIC,c12cc3c(cc1C(c1c2sc2c1sc(c2)/C=C\1/C(=C(C#N)C#N)c2c(C1=O)cccc2)(c1ccc(cc1)CCCCCC)c1ccc(cc1)CCCCCC)c1c(C3(c2ccc(cc2)CCCCCC)c2ccc(cc2)CCCCCC)c2c(s1)cc(s2)/C=C\1/C(=C(C#N)C#N)c2c(C1=O)cccc2,9.71,15.81,0.683,0.88
PBDB-T,O=C(C1=C(CCC(CCCC)CC)SC(CCC(CC)CCCC)=C1C2=O)C(C2=C(C3)C(C4)=CC=C4C5=CC6=C(C(C7=CC=C(CCC(CCCC)CC)S7)=C8C=CSC8=C6C9=CC=C(CCC(CCCC)CC)S9)S5)=C3C%10=CC=CS%10,DF-OCIC,FC(C=C1C2=CC(C3(CC(CCCC)CC)CC(CCCC)CC)=C(S2)C(S4)=C3C=C4/C=C(C(C5=CC([H])=C(C=C56)[H])=O)/C6=C(C#N)/C#N)=C(C=C1F)C7=CC8=C(C9=C(C8(CC(CCCC)CC)CC(CCCC)CC)C=C(/C=C%10C(C%11=CC([H])=C(C=C%11C\%10=C(C#N)\C#N)[H])=O)S9)S7,8.43,15.28,0.619,0.89
PBDB-T,O=C(C1=C(CCC(CCCC)CC)SC(CCC(CC)CCCC)=C1C2=O)C(C2=C(C3)C(C4)=CC=C4C5=CC6=C(C(C7=CC=C(CCC(CCCC)CC)S7)=C8C=CSC8=C6C9=CC=C(CCC(CCCC)CC)S9)S5)=C3C%10=CC=CS%10,FO-PCIC,FC(C=C1C2=CC(C3(CC(CCCC)CC)CC(CCCC)CC)=C(S2)C(S4)=C3C=C4/C=C(C(C5=C6C=C(F)C(OC)=C5)=O)/C6=C(C#N)/C#N)=C(C=C1F)C7=CC8=C(C9=C(C8(CC(CCCC)CC)CC(CCCC)CC)C=C(/C=C%10C(C(C=C(OC)C(F)=C%11)=C%11C\%10=C(C#N)\C#N)=O)S9)S7,8.32,15.02,0.611,0.9
PBDB-T,O=C(C1=C(CCC(CCCC)CC)SC(CCC(CC)CCCC)=C1C2=O)C(C2=C(C3)C(C4)=CC=C4C5=CC6=C(C(C7=CC=C(CCC(CCCC)CC)S7)=C8C=CSC8=C6C9=CC=C(CCC(CCCC)CC)S9)S5)=C3C%10=CC=CS%10,HC-PCIC,FC(C=C1C2=CC(C3(CC(CCCC)CC)CC(CCCC)CC)=C(S2)C(S4)=C3C=C4/C=C(C(C5=CC(Cl)=C(C=C56)Cl)=O)/C6=C(C#N)/C#N)=C(C=C1F)C7=CC8=C(C9=C(C8(CC(CCCC)CC)CC(CCCC)CC)C=C(/C=C%10C(C%11=CC(Cl)=C(C=C%11C\%10=C(C#N)\C#N)Cl)=O)S9)S7,9.03,17.53,0.691,0.73
PBDB-T,O=C(C1=C(CCC(CCCC)CC)SC(CCC(CC)CCCC)=C1C2=O)C(C2=C(C3)C(C4)=CC=C4C5=CC6=C(C(C7=CC=C(CCC(CCCC)CC)S7)=C8C=CSC8=C6C9=CC=C(CCC(CCCC)CC)S9)S5)=C3C%10=CC=CS%10,TPT10,O=C(C1=CC=CC=C1C/2=C(C#N)\C#N)C2=C/C3=C(CCCCCCCCCCC)C(SC(C4=C5C6=C(C7=C(N6CC(CC)CCCC)C8=C(C(CCCCCCCCCCC)=C(S8)/C=C9C(C(C=CC=C%10)=C%10C\9=C(C#N)\C#N)=O)S7)C%11=NSN=C4%11)=C%12N5CC(CC)CCCC)=C%12S3,10.86,22.03,0.621,0.754
PBDB-T,O=C(C1=C(CCC(CCCC)CC)SC(CCC(CC)CCCC)=C1C2=O)C(C2=C(C3)C(C4)=CC=C4C5=CC6=C(C(C7=CC=C(CCC(CCCC)CC)S7)=C8C=CSC8=C6C9=CC=C(CCC(CCCC)CC)S9)S5)=C3C%10=CC=CS%10,TPT10,O=C(C1=CC=CC=C1C/2=C(C#N)\C#N)C2=C/C3=C(CCCCCCCCCCC)C(SC(C4=C5C6=C(C7=C(N6CC(CC)CCCC)C8=C(C(CCCCCCCCCCC)=C(S8)/C=C9C(C(C=CC=C%10)=C%10C\9=C(C#N)\C#N)=O)S7)C%11=NSN=C4%11)=C%12N5CC(CC)CCCC)=C%12S3,13.41,23.73,0.688,0.783
PBDB-T,O=C(C1=C(CCC(CCCC)CC)SC(CCC(CC)CCCC)=C1C2=O)C(C2=C(C3)C(C4)=CC=C4C5=CC6=C(C(C7=CC=C(CCC(CCCC)CC)S7)=C8C=CSC8=C6C9=CC=C(CCC(CCCC)CC)S9)S5)=C3C%10=CC=CS%10,TPT10,O=C(C1=CC=CC=C1C/2=C(C#N)\C#N)C2=C/C3=C(CCCCCCCCCCC)C(SC(C4=C5C6=C(C7=C(N6CC(CC)CCCC)C8=C(C(CCCCCCCCCCC)=C(S8)/C=C9C(C(C=CC=C%10)=C%10C\9=C(C#N)\C#N)=O)S7)C%11=NSN=C4%11)=C%12N5CC(CC)CCCC)=C%12S3,12.6,21.53,0.683,0.813
PBDB-T,O=C(C1=C(CCC(CCCC)CC)SC(CCC(CC)CCCC)=C1C2=O)C(C2=C(C3)C(C4)=CC=C4C5=CC6=C(C(C7=CC=C(CCC(CCCC)CC)S7)=C8C=CSC8=C6C9=CC=C(CCC(CCCC)CC)S9)S5)=C3C%10=CC=CS%10,Y6,O=C(C/1=C\C2=C(C3=C(S2)C(N4C5=CC=C(CCCCCC)C=C5)=C(C6=C4C7=C(C8=NSN=C68)C(SC9=C%10SC(/C=C%11C(C%12=CC(F)=C(C=C%12C\%11=C(C#N)/C#N)F)=O)=C9CCCCCCCCCCC)=C%10N7C%13=CC=C(CCCCCC)C=C%13)S3)CCCCCCCCCCC)C%14=CC(F)=C(F)C=C%14C1=C(C#N)/C#N,9.55,24.33,0.577,0.68
PBDB-T,O=C(C1=C(CCC(CCCC)CC)SC(CCC(CC)CCCC)=C1C2=O)C(C2=C(C3)C(C4)=CC=C4C5=CC6=C(C(C7=CC=C(CCC(CCCC)CC)S7)=C8C=CSC8=C6C9=CC=C(CCC(CCCC)CC)S9)S5)=C3C%10=CC=CS%10,m-INPOIC,O=C(C1=CC(F)=C(C=C1C/2=C(C#N)\C#N)F)C2=C/C3=CC4=C(S3)C(CC5=C6C(C7=CC=CC(OCCCCCC)=C7)(C8=CC(OCCCCCC)=CC=C8)C9=C5C=C%10C(C%11=CC(OCCCCCC)=CC=C%11)(C%12=CC=CC(OCCCCCC)=C%12)C%13=C(SC%14=C%13N(CCCCCCCC)C%15=C%14SC(/C=C%16C(C%17=CC(F)=C(C=C%17C\%16=C(C#N)\C#N)F)=O)=C%15)C%10=C9)=C6N4CCCCCCCC,11.4,20.1,0.632,0.88
PBDB-T,O=C(C1=C(CCC(CCCC)CC)SC(CCC(CC)CCCC)=C1C2=O)C(C2=C(C3)C(C4)=CC=C4C5=CC6=C(C(C7=CC=C(CCC(CCCC)CC)S7)=C8C=CSC8=C6C9=CC=C(CCC(CCCC)CC)S9)S5)=C3C%10=CC=CS%10,ITIC,c12cc3c(cc1C(c1c2sc2c1sc(c2)/C=C\1/C(=C(C#N)C#N)c2c(C1=O)cccc2)(c1ccc(cc1)CCCCCC)c1ccc(cc1)CCCCCC)c1c(C3(c2ccc(cc2)CCCCCC)c2ccc(cc2)CCCCCC)c2c(s1)cc(s2)/C=C\1/C(=C(C#N)C#N)c2c(C1=O)cccc2,4.5,11.02,0.466,0.783
PBDB-T,O=C(C1=C(CCC(CCCC)CC)SC(CCC(CC)CCCC)=C1C2=O)C(C2=C(C3)C(C4)=CC=C4C5=CC6=C(C(C7=CC=C(CCC(CCCC)CC)S7)=C8C=CSC8=C6C9=CC=C(CCC(CCCC)CC)S9)S5)=C3C%10=CC=CS%10,X94FIC,O=C(C1=CC(F)=C(C=C1C/2=C(C#N)\C#N)F)C2=C\C3=CC4=C(S3)C(OCC)=C5C(N(C(CC)CCCC)C6=C7C8=NSN=C8C9=C6N(C(CC)CCCC)C%10=C9SC%11=C%10C(OCC)=C%12SC(/C=C%13C(C%14=CC(F)=C(C=C%14C/%13=C(C#N)/C#N)F)=O)=CC%12=C%11OCC)=C7SC5=C4OCC,7.08,14.67,0.661,0.73
PBDB-T,O=C(C1=C(CCC(CCCC)CC)SC(CCC(CC)CCCC)=C1C2=O)C(C2=C(C3)C(C4)=CC=C4C5=CC6=C(C(C7=CC=C(CCC(CCCC)CC)S7)=C8C=CSC8=C6C9=CC=C(CCC(CCCC)CC)S9)S5)=C3C%10=CC=CS%10,X9IC,O=C(C1=CC=CC=C1C/2=C(C#N)\C#N)C2=C\C3=CC4=C(S3)C(OCC)=C5C(N(C(CC)CCCC)C6=C7C8=NSN=C8C9=C6N(C(CC)CCCC)C%10=C9SC%11=C%10C(OCC)=C%12SC(/C=C%13C(C%14=CC=CC=C%14C/%13=C(C#N)/C#N)=O)=CC%12=C%11OCC)=C7SC5=C4OCC,6.29,11.46,0.639,0.86
PBDB-T,O=C(C1=C(CCC(CCCC)CC)SC(CCC(CC)CCCC)=C1C2=O)C(C2=C(C3)C(C4)=CC=C4C5=CC6=C(C(C7=CC=C(CCC(CCCC)CC)S7)=C8C=CSC8=C6C9=CC=C(CCC(CCCC)CC)S9)S5)=C3C%10=CC=CS%10,X9Rd,CCOC1=C2C(N(C(CC)CCCC)C3=C4C5=NSN=C5C6=C3N(C(CC)CCCC)C7=C6SC8=C7C(OCC)=C9SC(/C=C%10C(N(CC)/C(S/%10)=C(C#N)/C#N)=C)=CC9=C8OCC)=C4SC2=C(OCC)C%11=C1SC(/C=C%12S/C(N(CC)C/%12=C)=C(C#N)/C#N)=C%11,2.48,6.7,0.341,1.08
PBDB-T,O=C(C1=C(CCC(CCCC)CC)SC(CCC(CC)CCCC)=C1C2=O)C(C2=C(C3)C(C4)=CC=C4C5=CC6=C(C(C7=CC=C(CCC(CCCC)CC)S7)=C8C=CSC8=C6C9=CC=C(CCC(CCCC)CC)S9)S5)=C3C%10=CC=CS%10,X9T4FIC,CCOC1=C2C(N(C(CC)CCCC)C3=C4C5=NSN=C5C6=C3N(C(CC)CCCC)C7=C6SC8=C7C(OCC)=C9SC(C%10=C(CCCCCCCC)C=C(/C=C%11C(C%12=CC(F)=C(F)C=C%12C\%11=C(C#N)/C#N)=O)S%10)=CC9=C8OC)=C4SC2=C(OCC)C%13=C1SC(C%14=C(CCCCCCCC)C=C(/C=C%15C(C%16=CC(F)=C(F)C=C%16C/%15=C(C#N)\C#N)=O)S%14)=C%13,3.22,7.01,0.541,0.85
PBDB-T,O=C(C1=C(CCC(CCCC)CC)SC(CCC(CC)CCCC)=C1C2=O)C(C2=C(C3)C(C4)=CC=C4C5=CC6=C(C(C7=CC=C(CCC(CCCC)CC)S7)=C8C=CSC8=C6C9=CC=C(CCC(CCCC)CC)S9)S5)=C3C%10=CC=CS%10,i-cc23,O=C(C1=C(C/2=C(C#N)\C#N)C=CS1)C2=C/C3=CSC(C4=CC5=C(C(C=C6C(C7=CC=C(C=C7)CCCCCC)(C8=CC=C(C=C8)CCCCCC)C9=C(SC(C%10=C(OCCCCCCCC)C(/C=C%11C(C%12=C(C\%11=C(C#N)\C#N)C=CS%12)=O)=CS%10)=C9)C6=C%13)=C%13C5(C(C=C%14)=CC=C%14CCCCCC)C(C=C%15)=CC=C%15CCCCCC)S4)=C3OCCCCCCCC,7.34,11.1,0.595,1.09
PBDB-T,O=C(C1=C(CCC(CCCC)CC)SC(CCC(CC)CCCC)=C1C2=O)C(C2=C(C3)C(C4)=CC=C4C5=CC6=C(C(C7=CC=C(CCC(CCCC)CC)S7)=C8C=CSC8=C6C9=CC=C(CCC(CCCC)CC)S9)S5)=C3C%10=CC=CS%10,i-cc34,O=C(C1=CSC=C1C/2=C(C#N)\C#N)C2=C/C3=CSC(C4=CC5=C(C(C=C6C(C7=CC=C(C=C7)CCCCCC)(C8=CC=C(C=C8)CCCCCC)C9=C(SC(C%10=C(OCCCCCCCC)C(/C=C%11C(C%12=CSC=C%12C\%11=C(C#N)\C#N)=O)=CS%10)=C9)C6=C%13)=C%13C5(C(C=C%14)=CC=C%14CCCCCC)C(C=C%15)=CC=C%15CCCCCC)S4)=C3OCCCCCCCC,9.51,15.46,0.63,0.96
PBDB-T,O=C(C1=C(CCC(CCCC)CC)SC(CCC(CC)CCCC)=C1C2=O)C(C2=C(C3)C(C4)=CC=C4C5=CC6=C(C(C7=CC=C(CCC(CCCC)CC)S7)=C8C=CSC8=C6C9=CC=C(CCC(CCCC)CC)S9)S5)=C3C%10=CC=CS%10,i-IEICO,O=C1C(/C(C2=C1C=CC=C2)=C(C#N)\C#N)=C\C3=CC(OCC(CCCC)CC)=C(C4=CC(C(C5=CC(C6=C7C=C(C8=C(C=C(/C=C(C9=O)/C(C%10=C9C=CC=C%10)=C(C#N)\C#N)S8)OCC(CCCC)CC)S6)=C(C7(C%11=CC=C(C=C%11)CCCCCC)C%12=CC=C(C=C%12)CCCCCC)C=C%135)(C%14=CC=C(C=C%14)CCCCCC)C(C=C%15)=CC=C%15CCCCCC)=C%13S4)S3,8.79,14.67,0.596,1.01
PBDB-T,O=C(C1=C(CCC(CCCC)CC)SC(CCC(CC)CCCC)=C1C2=O)C(C2=C(C3)C(C4)=CC=C4C5=CC6=C(C(C7=CC=C(CCC(CCCC)CC)S7)=C8C=CSC8=C6C9=CC=C(CCC(CCCC)CC)S9)S5)=C3C%10=CC=CS%10,IT-4F,c1(cc2c(cc1F)C(=O)/C(=C\c1cc3c(s1)c1c(s3)c3c(C1(c1ccc(cc1)CCCCCC)c1ccc(cc1)CCCCCC)cc1c(c3)C(c3c1sc1c3sc(c1)/C=C/1\C(=O)c3c(C1=C(C#N)C#N)cc(c(c3)F)F)(c1ccc(cc1)CCCCCC)c1ccc(cc1)CCCCCC)/C2=C(C#N)C#N)F,11.26,19.79,0.677,0.84
PBDB-T,O=C(C1=C(CCC(CCCC)CC)SC(CCC(CC)CCCC)=C1C2=O)C(C2=C(C3)C(C4)=CC=C4C5=CC6=C(C(C7=CC=C(CCC(CCCC)CC)S7)=C8C=CSC8=C6C9=CC=C(CCC(CCCC)CC)S9)S5)=C3C%10=CC=CS%10,IDTT2OT,[H]C1=CC2=C(C(/C(C2=O)=C/C3=C(C(OC)=C(C4=CC(SC5=C6C(C7=CC=C(C=C7)CCCCCC)(C8=C5C=C(C9=C8)C(C(C=C%10)=CC=C%10CCCCCC)(C%11=CC=C(CCCCCC)C=C%11)C%12=C9SC%13=C%12SC(C%14=C(OC)C(OC)=C(/C=C%15/C(C(C=C([H])C([H])=C%16)=C%16C%15=O)=C(C#N)/C#N)S%14)=C%13)C%17=CC=C(CCCCCC)C=C%17)=C6S4)S3)OC)=C(C#N)\C#N)C=C1[H],6.46,12.08,0.556,0.92
PBDB-T,O=C(C1=C(CCC(CCCC)CC)SC(CCC(CC)CCCC)=C1C2=O)C(C2=C(C3)C(C4)=CC=C4C5=CC6=C(C(C7=CC=C(CCC(CCCC)CC)S7)=C8C=CSC8=C6C9=CC=C(CCC(CCCC)CC)S9)S5)=C3C%10=CC=CS%10,IDTT2OT-2F,[H]C1=CC2=C(C(/C(C2=O)=C/C3=C(C(OC)=C(C4=CC(SC5=C6C(C7=CC=C(C=C7)CCCCCC)(C8=C5C=C(C9=C8)C(C(C=C%10)=CC=C%10CCCCCC)(C%11=CC=C(CCCCCC)C=C%11)C%12=C9SC%13=C%12SC(C%14=C(OC)C(OC)=C(/C=C%15/C(C(C=C(F)C([H])=C%16)=C%16C%15=O)=C(C#N)/C#N)S%14)=C%13)C%17=CC=C(CCCCCC)C=C%17)=C6S4)S3)OC)=C(C#N)\C#N)C=C1F,10.04,17.43,0.644,0.87
PBDB-T,O=C(C1=C(CCC(CCCC)CC)SC(CCC(CC)CCCC)=C1C2=O)C(C2=C(C3)C(C4)=CC=C4C5=CC6=C(C(C7=CC=C(CCC(CCCC)CC)S7)=C8C=CSC8=C6C9=CC=C(CCC(CCCC)CC)S9)S5)=C3C%10=CC=CS%10,IDTT2OT-4F,FC1=CC2=C(C(/C(C2=O)=C/C3=C(C(OC)=C(C4=CC(SC5=C6C(C7=CC=C(C=C7)CCCCCC)(C8=C5C=C(C9=C8)C(C(C=C%10)=CC=C%10CCCCCC)(C%11=CC=C(CCCCCC)C=C%11)C%12=C9SC%13=C%12SC(C%14=C(OC)C(OC)=C(/C=C%15/C(C(C=C(F)C(F)=C%16)=C%16C%15=O)=C(C#N)/C#N)S%14)=C%13)C%17=CC=C(CCCCCC)C=C%17)=C6S4)S3)OC)=C(C#N)\C#N)C=C1F,10.4,19.12,0.624,0.85
PBDB-T,O=C(C1=C(CCC(CCCC)CC)SC(CCC(CC)CCCC)=C1C2=O)C(C2=C(C3)C(C4)=CC=C4C5=CC6=C(C(C7=CC=C(CCC(CCCC)CC)S7)=C8C=CSC8=C6C9=CC=C(CCC(CCCC)CC)S9)S5)=C3C%10=CC=CS%10,BCPDT-1,O=C(C1=C(SC(C2=CC3=C(C4=C(C3(CCCCCC)CCCCCC)C=C(/C=C5C(C6=CC(F)=C(C=C6C\5=C([N+]#[C-])\C#N)F)=O)S4)S2)=C17)C8=CC9=C(C%10=C(C9(CCCCCC)CCCCCC)C=C(/C=C%11/C(C%12=CC(F)=C(C=C%12C%11=O)F)=C(C#N)/[N+]#[C-])S%10)S8)C%13=C(CC(CCCC)CC)SC(CC(CCCC)CC)=C%13C7=O,7.54,16.03,0.578,0.75
PBDB-T,O=C(C1=C(CCC(CCCC)CC)SC(CCC(CC)CCCC)=C1C2=O)C(C2=C(C3)C(C4)=CC=C4C5=CC6=C(C(C7=CC=C(CCC(CCCC)CC)S7)=C8C=CSC8=C6C9=CC=C(CCC(CCCC)CC)S9)S5)=C3C%10=CC=CS%10,BCPDT-2,O=C(C1=C(SC(C2=CC3=C(C4=C(C3(CC(CCCC)CC)CC(CCCC)CC)C=C(/C=C5C(C6=CC(F)=C(C=C6C\5=C([N+]#[C-])\C#N)F)=O)S4)S2)=C17)C8=CC9=C(C%10=C(C9(CC(CCCC)CC)CC(CCCC)CC)C=C(/C=C%11/C(C%12=CC(F)=C(C=C%12C%11=O)F)=C(C#N)/[N+]#[C-])S%10)S8)C%13=C(CC(CCCC)CC)SC(CC(CCCC)CC)=C%13C7=O,10.65,19.01,0.67,0.81
PBDB-T,O=C(C1=C(CCC(CCCC)CC)SC(CCC(CC)CCCC)=C1C2=O)C(C2=C(C3)C(C4)=CC=C4C5=CC6=C(C(C7=CC=C(CCC(CCCC)CC)S7)=C8C=CSC8=C6C9=CC=C(CCC(CCCC)CC)S9)S5)=C3C%10=CC=CS%10,IFL-ED-4F,O=C(C1=C(C=C(F)C(F)=C1)C/2=C/C#N)C2=C/C3=C4C(OCCO4)=C(S3)C(C=C5)=CC6=C5C7=CC8=C(C(C=CC(C9=C(OCCO%10)C%10=C(/C=C%11C(C%12=C(C=C(F)C(F)=C%12)C\%11=C(C#N)\C#N)=O)S9)=C%13)=C%13C8(CCCCCCCC)CCCCCCCC)C=C7C6(CCCCCCCC)CCCCCCCC,7.5,13.64,0.582,0.94
PBDB-T,O=C(C1=C(CCC(CCCC)CC)SC(CCC(CC)CCCC)=C1C2=O)C(C2=C(C3)C(C4)=CC=C4C5=CC6=C(C(C7=CC=C(CCC(CCCC)CC)S7)=C8C=CSC8=C6C9=CC=C(CCC(CCCC)CC)S9)S5)=C3C%10=CC=CS%10,IDT-ED-4F,O=C(C(C=C(F)C(F)=C1)=C1C/2=C(C#N)\C#N)C2=C/C3=C4C(OCCO4)=C(S3)C5=CC(C6(C7=CC=C(CCCCCC)C=C7)C8=CC=C(CCCCCC)C=C8)=C(C9=CC%10=C(C%11=C(C%10(C%12=CC=C(C=C%12)CCCCCC)C%13=CC=C(CCCCCC)C=C%13)C=C(C%14=C(OCCO%15)C%15=C(/C=C%16C(C(C=C(F)C(F)=C%17)=C%17C\%16=C(C#N)\C#N)=O)S%14)S%11)C=C96)S5,10.4,22.14,0.53,0.88
PBDB-T,O=C(C1=C(CCC(CCCC)CC)SC(CCC(CC)CCCC)=C1C2=O)C(C2=C(C3)C(C4)=CC=C4C5=CC6=C(C(C7=CC=C(CCC(CCCC)CC)S7)=C8C=CSC8=C6C9=CC=C(CCC(CCCC)CC)S9)S5)=C3C%10=CC=CS%10,IDTT-ED-2F,O=C(C(C=C(F)C(F)=C1)=C1C/2=C(C#N)/C#N)C2=C/C3=C4C(OCCO4)=C(S3)C5=CC(C6(C7=CC=C(C=C7)CCCCCC)C8=CC=C(CCCCCC)C=C8)=C(S5)C(C=C9%10)=C6C=C9C%11=C(C(SC=C%12)=C%12S%11)C%10(C%13=CC=C(CCCCCC)C=C%13)C%14=CC=C(CCCCCC)C=C%14,1.5,5.1,0.318,0.91
PBDB-T,O=C(C1=C(CCC(CCCC)CC)SC(CCC(CC)CCCC)=C1C2=O)C(C2=C(C3)C(C4)=CC=C4C5=CC6=C(C(C7=CC=C(CCC(CCCC)CC)S7)=C8C=CSC8=C6C9=CC=C(CCC(CCCC)CC)S9)S5)=C3C%10=CC=CS%10,TTC8-O1-4F,FC1=CC(C(/C2=C/C(SC3=C4SC5=C3C(C6=CC=C(CCCCCC)C=C6)(C7=CC=C(CCCCCC)C=C7)C8=C5SC9=C8C(OCCCCCCCC)=C(SC%10=C%11C(C%12=CC=C(CCCCCC)C=C%12)(C%13=CC=C(CCCCCC)C=C%13)C%14=C%10SC%15=C%14SC(/C=C%16/C(C%17=C(C%16=O)C=C(F)C(F)=C%17)=C(C#N)\[N+]#[C-])=C%15CCCCCCCC)C%11=C9OCCCCCCCC)=C4CCCCCCCC)=C(C#N)/C#N)=C(C2=O)C=C1F,10.75,21.55,0.582,0.842
PBDB-T,O=C(C1=C(CCC(CCCC)CC)SC(CCC(CC)CCCC)=C1C2=O)C(C2=C(C3)C(C4)=CC=C4C5=CC6=C(C(C7=CC=C(CCC(CCCC)CC)S7)=C8C=CSC8=C6C9=CC=C(CCC(CCCC)CC)S9)S5)=C3C%10=CC=CS%10,BTCIC,O=C(C1=C(C=C([H])C([H])=C1)C/2=C(C#N)\C#N)C2=C/C3=CC(C4(CC(CC)CCCC)CC(CC)CCCC)=C(S3)C(S5)=C4C=C5C(C6=NSN=C76)=CC=C7C8=CC9=C(C%10=C(C9(CC(CCC)CCCC)CC(CC)CCCC)C=C(/C=C%11C(C%12=C(C=C([H])C([H])=C%12)C\%11=C(C#N)\C#N)=O)S%10)S8,9.3,18.2,0.61,0.79
PBDB-T,O=C(C1=C(CCC(CCCC)CC)SC(CCC(CC)CCCC)=C1C2=O)C(C2=C(C3)C(C4)=CC=C4C5=CC6=C(C(C7=CC=C(CCC(CCCC)CC)S7)=C8C=CSC8=C6C9=CC=C(CCC(CCCC)CC)S9)S5)=C3C%10=CC=CS%10,BTCIC-4Cl,O=C(C1=C(C=C(Cl)C(Cl)=C1)C/2=C(C#N)\C#N)C2=C/C3=CC(C4(CC(CC)CCCC)CC(CC)CCCC)=C(S3)C(S5)=C4C=C5C(C6=NSN=C76)=CC=C7C8=CC9=C(C%10=C(C9(CC(CCC)CCCC)CC(CC)CCCC)C=C(/C=C%11C(C%12=C(C=C(Cl)C(Cl)=C%12)C\%11=C(C#N)\C#N)=O)S%10)S8,10.2,22.6,0.67,0.63
PBDB-T,O=C(C1=C(CCC(CCCC)CC)SC(CCC(CC)CCCC)=C1C2=O)C(C2=C(C3)C(C4)=CC=C4C5=CC6=C(C(C7=CC=C(CCC(CCCC)CC)S7)=C8C=CSC8=C6C9=CC=C(CCC(CCCC)CC)S9)S5)=C3C%10=CC=CS%10,ITIC-4F,c1(cc2c(cc1F)C(=C(C#N)C#N)/C(=C\c1sc3c(c1)sc1c3C(c3c1cc1c(c3)c3c(C1(c1ccc(cc1)CCCCCC)c1ccc(cc1)CCCCCC)c1c(s3)cc(s1)/C=C/1\C(=C(C#N)C#N)c3c(C1=O)cc(c(c3)F)F)(c1ccc(cc1)CCCCCC)c1ccc(cc1)CCCCCC)/C2=O)F,5.02,14.82,0.55,0.61
PBDB-T,O=C(C1=C(CCC(CCCC)CC)SC(CCC(CC)CCCC)=C1C2=O)C(C2=C(C3)C(C4)=CC=C4C5=CC6=C(C(C7=CC=C(CCC(CCCC)CC)S7)=C8C=CSC8=C6C9=CC=C(CCC(CCCC)CC)S9)S5)=C3C%10=CC=CS%10,SNC2C4-F,O=C(C(C=CC(F)=C1)=C1C/2=C(C#N)/C#N)C2=C/C3=CC(N4CC(CCCC)CC)=C(S3)C5=C4C6=C(OCCCCCC)C(S7)=C(C(OCCCCCC)=C6S5)C8=C7C(S9)=C(N8CC(CC)CCCC)C=C9/C=C(C%10=O)/C(C%11=C%10C=CC(F)=C%11)=C(C#N)/C#N,4.25,10.99,0.442,0.85
PBDB-T,O=C(C1=C(CCC(CCCC)CC)SC(CCC(CC)CCCC)=C1C2=O)C(C2=C(C3)C(C4)=CC=C4C5=CC6=C(C(C7=CC=C(CCC(CCCC)CC)S7)=C8C=CSC8=C6C9=CC=C(CCC(CCCC)CC)S9)S5)=C3C%10=CC=CS%10,SNC4C6-F,O=C(C(C=CC(F)=C1)=C1C/2=C(C#N)/C#N)C2=C/C3=CC(N4CC(CCCCCC)CCCC)=C(S3)C5=C4C6=C(OCCCCCC)C(S7)=C(C(OCCCCCC)=C6S5)C8=C7C(S9)=C(N8CC(CCCC)CCCCCC)C=C9/C=C(C%10=O)/C(C%11=C%10C=CC(F)=C%11)=C(C#N)/C#N,10.71,18.37,0.658,0.87
PBDB-T,O=C(C1=C(CCC(CCCC)CC)SC(CCC(CC)CCCC)=C1C2=O)C(C2=C(C3)C(C4)=CC=C4C5=CC6=C(C(C7=CC=C(CCC(CCCC)CC)S7)=C8C=CSC8=C6C9=CC=C(CCC(CCCC)CC)S9)S5)=C3C%10=CC=CS%10,SNC6C8-F,O=C(C(C=CC(F)=C1)=C1C/2=C(C#N)/C#N)C2=C/C3=CC(N4CC(CCCCCCCC)CCCCCC)=C(S3)C5=C4C6=C(OCCCCCC)C(S7)=C(C(OCCCCCC)=C6S5)C8=C7C(S9)=C(N8CC(CCCCCC)CCCCCCCC)C=C9/C=C(C%10=O)/C(C%11=C%10C=CC(F)=C%11)=C(C#N)/C#N,9.25,16.49,0.615,0.89
PBDB-T,O=C(C1=C(CCC(CCCC)CC)SC(CCC(CC)CCCC)=C1C2=O)C(C2=C(C3)C(C4)=CC=C4C5=CC6=C(C(C7=CC=C(CCC(CCCC)CC)S7)=C8C=CSC8=C6C9=CC=C(CCC(CCCC)CC)S9)S5)=C3C%10=CC=CS%10,ITIC,c12cc3c(cc1C(c1c2sc2c1sc(c2)/C=C\1/C(=C(C#N)C#N)c2c(C1=O)cccc2)(c1ccc(cc1)CCCCCC)c1ccc(cc1)CCCCCC)c1c(C3(c2ccc(cc2)CCCCCC)c2ccc(cc2)CCCCCC)c2c(s1)cc(s2)/C=C\1/C(=C(C#N)C#N)c2c(C1=O)cccc2,11.22,16.8,0.74,0.9
PBDB-T,O=C(C1=C(CCC(CCCC)CC)SC(CCC(CC)CCCC)=C1C2=O)C(C2=C(C3)C(C4)=CC=C4C5=CC6=C(C(C7=CC=C(CCC(CCCC)CC)S7)=C8C=CSC8=C6C9=CC=C(CCC(CCCC)CC)S9)S5)=C3C%10=CC=CS%10,ITCT,O=C(C1=C2C=CS1)C(/C2=C(C#N)\C#N)=C\C3=CC4=C(S3)C(C(C5=CC=C(CCCCCC)C=C5)(C6=CC=C(CCCCCC)C=C6)C7=C8C=C(C(C9=C%10C%11=C(C=C(S%11)/C=C(/C%12=C(C#N)\[N+]#[C-])C(C%13=C%12C=CS%13)=O)S9)=C7)C%10(C%14=CC=C(CCCCCC)C=C%14)C%15=CC=C(CCCCCC)C=C%15)=C8S4,11.27,17.88,0.723,0.85
PBDB-T,O=C(C1=C(CCC(CCCC)CC)SC(CCC(CC)CCCC)=C1C2=O)C(C2=C(C3)C(C4)=CC=C4C5=CC6=C(C(C7=CC=C(CCC(CCCC)CC)S7)=C8C=CSC8=C6C9=CC=C(CCC(CCCC)CC)S9)S5)=C3C%10=CC=CS%10,ITCC,O=C(C1=C(C/2=C(C#N)/C#N)C=CS1)C2=C/C3=CC(SC4=C5C(C6=CC=C(C=C6)CCCCCC)(C7=C4C=C8C(C(C=C9)=CC=C9CCCCCC)(C%10=C(C8=C7)SC%11=C%10SC(/C=C%12C(C%13=C(C\%12=C(C#N)/C#N)C=CS%13)=O)=C%11)C%14=CC=C(C=C%14)CCCCCC)C%15=CC=C(CCCCCC)C=C%15)=C5S3,11.4,15.9,0.71,1.01
PBDB-T,O=C(C1=C(CCC(CCCC)CC)SC(CCC(CC)CCCC)=C1C2=O)C(C2=C(C3)C(C4)=CC=C4C5=CC6=C(C(C7=CC=C(CCC(CCCC)CC)S7)=C8C=CSC8=C6C9=CC=C(CCC(CCCC)CC)S9)S5)=C3C%10=CC=CS%10,IT-M,O=C(C1=CC=CC=C1C/2=C(C#N)/C#N)C2=C/C3=CC(SC4C5C(C)=C(C(C6=CC=C(C=C6)CCCCCC)(C7=CC=C(C=C7)CCCCCC)C8=CSC9=C8SC(/C=C%10C(C(C=CC=C%11)=C%11C\%10=C(C#N)/C#N)=C)=C9)C=C(C)C5C(C%12=CC=C(C=C%12)CCCCCC)(C%13=CC=C(C=C%13)CCCCCC)C%144)=C%14S3,11.48,20.51,0.7,0.8
PBDB-T,O=C(C1=C(CCC(CCCC)CC)SC(CCC(CC)CCCC)=C1C2=O)C(C2=C(C3)C(C4)=CC=C4C5=CC6=C(C(C7=CC=C(CCC(CCCC)CC)S7)=C8C=CSC8=C6C9=CC=C(CCC(CCCC)CC)S9)S5)=C3C%10=CC=CS%10,IT-DM,O=C(C1=C(C/2=C(C#N)\C#N)C=C(C)C(C)=C1)C2=C/C3=CC(SC4=C5C(C6=CC=C(CCCCCC)C=C6)(C7=CC=C(CCCCCC)C=C7)C8=C4C=C9C(C%10=C(C(C%11=CC=C(CCCCCC)C=C%11)9C%12=CC=C(CCCCCC)C=C%12)C(S%13)=C(S%10)C=C%13/C=C(C%14=O)/C(C%15=C%14C=C(C)C(C)=C%15)=C(C#N)/C#N)=C8)=C5S3,11.29,16.48,0.706,0.97
PBDB-T,O=C(C1=C(CCC(CCCC)CC)SC(CCC(CC)CCCC)=C1C2=O)C(C2=C(C3)C(C4)=CC=C4C5=CC6=C(C(C7=CC=C(CCC(CCCC)CC)S7)=C8C=CSC8=C6C9=CC=C(CCC(CCCC)CC)S9)S5)=C3C%10=CC=CS%10,IT-M,O=C(C1=CC=CC=C1C/2=C(C#N)/C#N)C2=C/C3=CC(SC4C5C(C)=C(C(C6=CC=C(C=C6)CCCCCC)(C7=CC=C(C=C7)CCCCCC)C8=CSC9=C8SC(/C=C%10C(C(C=CC=C%11)=C%11C\%10=C(C#N)/C#N)=C)=C9)C=C(C)C5C(C%12=CC=C(C=C%12)CCCCCC)(C%13=CC=C(C=C%13)CCCCCC)C%144)=C%14S3,12.1,17.34,0.732,0.95
PBDB-T,O=C(C1=C(CCC(CCCC)CC)SC(CCC(CC)CCCC)=C1C2=O)C(C2=C(C3)C(C4)=CC=C4C5=CC6=C(C(C7=CC=C(CCC(CCCC)CC)S7)=C8C=CSC8=C6C9=CC=C(CCC(CCCC)CC)S9)S5)=C3C%10=CC=CS%10,BDTIC,O=C(C1=C2C=CC=C1)C(/C2=C(C#N)/[N+]#[C-])=C\C3=CC(N(CC(CC)CCCC)C4=C5SC6=C4C(OCC(CCCC)CC)=C7SC(C(SC(/C=C(/C8=C(C#N)\[N+]#[C-])C(C9=C8C=CC=C9)=O)=C%10)=C%10N%11CC(CC)CCCC)=C%11C7=C6OCC(CC)CCCC)=C5S3,9.9,18.6,0.61,0.87
PBDB-T,O=C(C1=C(CCC(CCCC)CC)SC(CCC(CC)CCCC)=C1C2=O)C(C2=C(C3)C(C4)=CC=C4C5=CC6=C(C(C7=CC=C(CCC(CCCC)CC)S7)=C8C=CSC8=C6C9=CC=C(CCC(CCCC)CC)S9)S5)=C3C%10=CC=CS%10,ITIC,c12cc3c(cc1C(c1c2sc2c1sc(c2)/C=C\1/C(=C(C#N)C#N)c2c(C1=O)cccc2)(c1ccc(cc1)CCCCCC)c1ccc(cc1)CCCCCC)c1c(C3(c2ccc(cc2)CCCCCC)c2ccc(cc2)CCCCCC)c2c(s1)cc(s2)/C=C\1/C(=C(C#N)C#N)c2c(C1=O)cccc2,10.22,16.8,0.708,0.861
PBDB-T,O=C(C1=C(CCC(CCCC)CC)SC(CCC(CC)CCCC)=C1C2=O)C(C2=C(C3)C(C4)=CC=C4C5=CC6=C(C(C7=CC=C(CCC(CCCC)CC)S7)=C8C=CSC8=C6C9=CC=C(CCC(CCCC)CC)S9)S5)=C3C%10=CC=CS%10,BCDT-4F,O=C(C1=C(C=C(F)C(F)=C1)C/2=C(C#N)\C#N)C2=C/C3=CC(C4(CCCCCCCC)CCCCCCCC)=C(S3)C(S5)=C4C=C5C(C6=NSN=C6C(C7=CC8=C(C9=C(C8(CCCCCCCC)CCCCCCCC)C=C(/C=C%10C(C(C=C(F)C(F)=C%11)=C%11C\%10=C(C#N)\C#N)=O)S9)S7)=C%12OCCCCCCCC)=C%12OCCCCCCCC,9.65,18.33,0.65,0.8
PBDB-T,O=C(C1=C(CCC(CCCC)CC)SC(CCC(CC)CCCC)=C1C2=O)C(C2=C(C3)C(C4)=CC=C4C5=CC6=C(C(C7=CC=C(CCC(CCCC)CC)S7)=C8C=CSC8=C6C9=CC=C(CCC(CCCC)CC)S9)S5)=C3C%10=CC=CS%10,BCDT-4Cl,O=C(C1=C(C=C(Cl)C(Cl)=C1)C/2=C(C#N)\C#N)C2=C/C3=CC(C4(CCCCCCCC)CCCCCCCC)=C(S3)C(S5)=C4C=C5C(C6=NSN=C6C(C7=CC8=C(C9=C(C8(CCCCCCCC)CCCCCCCC)C=C(/C=C%10C(C(C=C(Cl)C(Cl)=C%11)=C%11C\%10=C(C#N)\C#N)=O)S9)S7)=C%12OCCCCCCCC)=C%12OCCCCCCCC,12.1,23.34,0.65,0.77
PBDB-ST,c1(c2c3c(c(c4c2cc(s4)c2ccc(s2)c2sc(c4c2C(=O)c2c(C4=O)c(sc2C[C@@H](CC)CCCC)C[C@H](CC)CCCC)c2cccs2)c2ccc(s2)SC[C@@H](CC)CCCC)ccs3)ccc(s1)SC[C@@H](CC)CCCC,ITIC-SC6,c1ccc2c(c1)C(=O)/C(=C/c1cc3c(s1)c1c(s3)c3c(C1(c1ccc(cc1)SCCCCCC)c1ccc(cc1)SCCCCCC)cc1c(c3)C(c3c1sc1c3sc(c1)/C=C\1/C(=O)c3c(C1=C(C#N)C#N)cccc3)(c1ccc(cc1)SCCCCCC)c1ccc(cc1)SCCCCCC)/C2=C(C#N)C#N,7.17,13.87,0.58,0.9
PBDB-ST,c1(c2c3c(c(c4c2cc(s4)c2ccc(s2)c2sc(c4c2C(=O)c2c(C4=O)c(sc2C[C@@H](CC)CCCC)C[C@H](CC)CCCC)c2cccs2)c2ccc(s2)SC[C@@H](CC)CCCC)ccs3)ccc(s1)SC[C@@H](CC)CCCC,ITIC-SC8,c1ccc2c(c1)C(=O)[C](C2=C(C#N)C#N)[CH]c1cc2c(s1)c1c(s2)c2c(C1(c1ccc(cc1)SCCCCCCCC)c1ccc(cc1)SCCCCCCCC)cc1c(c2)C(c2c1sc1c2sc(c1)/C=C\1/C(=O)c2c(C1=C(C#N)C#N)cccc2)(c1ccc(cc1)SCCCCCCCC)c1ccc(cc1)SCCCCCCCC,7.49,14.43,0.6,0.9
PBDB-ST,c1(c2c3c(c(c4c2cc(s4)c2ccc(s2)c2sc(c4c2C(=O)c2c(C4=O)c(sc2C[C@@H](CC)CCCC)C[C@H](CC)CCCC)c2cccs2)c2ccc(s2)SC[C@@H](CC)CCCC)ccs3)ccc(s1)SC[C@@H](CC)CCCC,ITIC-SC2C6,c1ccc2c(c1)C(=O)/C(=C/c1cc3c(s1)c1c(s3)c3c([C@@]1(c1ccc(cc1)SC[C@@H](CC)CCCC)c1ccc(cc1)SC[C@@H](CC)CCCC)cc1c(c3)[C@](c3c1sc1c3sc(c1)/C=C\1/C(=O)c3c(C1=C(C#N)C#N)cccc3)(c1ccc(cc1)SC[C@@H](CC)CCCC)c1ccc(cc1)SC[C@@H](CC)CCCC)/C2=C(C#N)C#N,8.94,15.32,0.64,0.92
PBDB-BzT,CC1=CC(C(S1)=C(C2=C3SC(C(S4)=CC=C4C5=C6C(C(C7=C(SC(CC(CC)CCCCC)=C7C6=O)CC(CC)CCCCC)=O)=C(C8=CC=C(C)S8)S5)=C2)C9=CC(C=C(C=C%10)B=O)=C%10S9)=C3C%11=CC(C=C(C=C%12)B=O)=C%12S%11,IT-M,O=C(C1=CC=CC=C1C/2=C(C#N)/C#N)C2=C/C3=CC(SC4C5C(C)=C(C(C6=CC=C(C=C6)CCCCCC)(C7=CC=C(C=C7)CCCCCC)C8=CSC9=C8SC(/C=C%10C(C(C=CC=C%11)=C%11C\%10=C(C#N)/C#N)=C)=C9)C=C(C)C5C(C%12=CC=C(C=C%12)CCCCCC)(C%13=CC=C(C=C%13)CCCCCC)C%144)=C%14S3,12.1,17.63,0.69,0.96
PBD2T,CC1=CC2=C(C3=C(C(C4=CC=C(S4)CC(CC)CCCC)=C2S1)C=C(C5=C(CCCCCCCC)C=C(C6=CC7=C(S6)C8=C(C=C(S8)C9=CC(CCCCCCCC)=C(C)S9)N(CC(CCCCCCCC)CCCCCC)C7=O)S5)S3)C%10=CC=C(S%10)CC(CCCC)CC,IT-M,O=C(C1=CC=CC=C1C/2=C(C#N)/C#N)C2=C/C3=CC(SC4C5C(C)=C(C(C6=CC=C(C=C6)CCCCCC)(C7=CC=C(C=C7)CCCCCC)C8=CSC9=C8SC(/C=C%10C(C(C=CC=C%11)=C%11C\%10=C(C#N)/C#N)=C)=C9)C=C(C)C5C(C%12=CC=C(C=C%12)CCCCCC)(C%13=CC=C(C=C%13)CCCCCC)C%144)=C%14S3,10.34,15.95,0.728,0.89
PBD,O=C1C(C=C2C3=CC4=C(S3)C(C5=CC=C(S5)CC(CCCC)CC)=C6C=C(C)SC6=C4C7=CC=C(S7)CC(CC)CCCC)=C(S2)C8=C(C=C(S8)C)N1CC(CCCCCCCC)CCCCCC,IT-M,O=C(C1=CC=CC=C1C/2=C(C#N)/C#N)C2=C/C3=CC(SC4C5C(C)=C(C(C6=CC=C(C=C6)CCCCCC)(C7=CC=C(C=C7)CCCCCC)C8=CSC9=C8SC(/C=C%10C(C(C=CC=C%11)=C%11C\%10=C(C#N)/C#N)=C)=C9)C=C(C)C5C(C%12=CC=C(C=C%12)CCCCCC)(C%13=CC=C(C=C%13)CCCCCC)C%144)=C%14S3,8.33,13.97,0.596,1.0
PBCIT,ClC(C=C1C(C2=C(C(C3=CC(Cl)=C(S3)CC(CC)CCCC)=C4S5)C=C(C)S2)=C4C=C5C6=C7C(SC(C(OCC)=O)=C7F)=CS6)=C(S1)CC(CCCC)CC,ITIC,c12cc3c(cc1C(c1c2sc2c1sc(c2)/C=C\1/C(=C(C#N)C#N)c2c(C1=O)cccc2)(c1ccc(cc1)CCCCCC)c1ccc(cc1)CCCCCC)c1c(C3(c2ccc(cc2)CCCCCC)c2ccc(cc2)CCCCCC)c2c(s1)cc(s2)/C=C\1/C(=C(C#N)C#N)c2c(C1=O)cccc2,8.46,13.95,0.601,1.01
PBB-T,CC1=CC(C(S1)=C(C2=C3SC(C4=C(CC(CCCC)CCCCCC)C=C(C5=NC6=C(C=C(N=C(C7=CC(CC(CCCC)CCCCCC)=C(C)S7)S8)C8=C6)S5)S4)=C2)C9=CC=C(S9)CC(CCCC)CC)=C3C%10=CC=C(S%10)CC(CC)CCCC,ITIC-F,O=C(C1=C(C=CC(F)=C1)C/2=C(C#N)\C#N)C2=C/C3=CC(SC4=C5C(C6=CC=C(CCCCCC)C=C6)(C7=CC=C(CCCCCC)C=C7)C8=C4C=C9C(C%10=CC=C(CCCCCC)C=C%10)(C%11=CC=C(C=C%11)CCCCCC)C%12=C(SC%13=C%12SC(/C=C%14C(C%15=C(C=CC(F)=C%15)C\%14=C(C#N)\C#N)=O)=C%13)C9=C8)=C5S3,11.3,19.7,0.62,0.92
PBBF,CC(SC1=C(C2=C3SC(C4=CC5=C(C6=C(C(C7=CC(F)=C(S7)CC(CCCC)CC)=C5S4)C=C(C)S6)C8=CC(F)=C(S8)CC(CCCC)CC)=C2)C9=CC=C(S9)CC(CCCC)CC)=CC1=C3C%10=CC=C(S%10)CC(CC)CCCC,IDIC,N#C/C(C#N)=C(C1=CC=CC=C1C2=O)/C2=C/C3=CC4=C(C5=C(C=C6C(C(CCCCCC)(CCCCCC)C7=C6SC(/C=C8/C(C9=CC=CC=C9C8=O)=C(C#N)/C#N)=C7)=C5)C4(CCCCCC)CCCCCC)S3,8.5,15.3,0.588,0.95
PB3T,O=C(OCC(CCCC)CC)C(C=C(C)S1)=C1C2=CC=C(S2)C3=C(C(OCC(CCCC)CC)=O)C=C(C4=CC(C(C5=CC=C(S5)SCCCCCCCC)=C6SC(C)=CC6=C7C8=CC=C(S8)SCCCCCCCC)=C7S4)S3,IT-M,O=C(C1=CC=CC=C1C/2=C(C#N)/C#N)C2=C/C3=CC(SC4C5C(C)=C(C(C6=CC=C(C=C6)CCCCCC)(C7=CC=C(C=C7)CCCCCC)C8=CSC9=C8SC(/C=C%10C(C(C=CC=C%11)=C%11C\%10=C(C#N)/C#N)=C)=C9)C=C(C)C5C(C%12=CC=C(C=C%12)CCCCCC)(C%13=CC=C(C=C%13)CCCCCC)C%144)=C%14S3,11.9,18.9,0.63,1.0
PB3-S,CC1=C(CC(CCCC)CC)C=C(C2=CC=C(C3=NSN=C23)C4=CC(CC(CCCC)CC)=C(S4)C5=CC6=C(C7=C(C(C8=CC=C(S8)SC(CCCC)CC)=C6S5)C=C(C)S7)C9=CC=C(S9)SC(CCCC)CC)S1,ITIC,c12cc3c(cc1C(c1c2sc2c1sc(c2)/C=C\1/C(=C(C#N)C#N)c2c(C1=O)cccc2)(c1ccc(cc1)CCCCCC)c1ccc(cc1)CCCCCC)c1c(C3(c2ccc(cc2)CCCCCC)c2ccc(cc2)CCCCCC)c2c(s1)cc(s2)/C=C\1/C(=C(C#N)C#N)c2c(C1=O)cccc2,8.28,16.93,0.56,0.873
PB3,CC1=C(CC(CCCC)CC)C=C(C2=CC=C(C3=NSN=C23)C4=CC(CC(CCCC)CC)=C(S4)C5=CC6=C(C7=C(C(C8=CC=C(S8)CC(CCCC)CC)=C6S5)C=C(C)S7)C9=CC=C(S9)CC(CCCC)CC)S1,ITIC,c12cc3c(cc1C(c1c2sc2c1sc(c2)/C=C\1/C(=C(C#N)C#N)c2c(C1=O)cccc2)(c1ccc(cc1)CCCCCC)c1ccc(cc1)CCCCCC)c1c(C3(c2ccc(cc2)CCCCCC)c2ccc(cc2)CCCCCC)c2c(s1)cc(s2)/C=C\1/C(=C(C#N)C#N)c2c(C1=O)cccc2,6.61,13.47,0.598,0.822
PB2-S,CC1=CC=C(S1)C2=C3SC(C(OCC(CCCCCCCCCC)CCCCCCCC)=O)=CC3=C(C4=CC=C(S4)C5=CC6=C(C7=C(C(C8=CC=C(S8)SC(CCCC)CC)=C6S5)C=C(C)S7)C9=CC=C(S9)SC(CCCC)CC)S2,ITIC,c12cc3c(cc1C(c1c2sc2c1sc(c2)/C=C\1/C(=C(C#N)C#N)c2c(C1=O)cccc2)(c1ccc(cc1)CCCCCC)c1ccc(cc1)CCCCCC)c1c(C3(c2ccc(cc2)CCCCCC)c2ccc(cc2)CCCCCC)c2c(s1)cc(s2)/C=C\1/C(=C(C#N)C#N)c2c(C1=O)cccc2,5.35,14.61,0.501,0.73
PB2,CC1=CC=C(S1)C2=C3SC(C(OCC(CCCCCCCCCC)CCCCCCCC)=O)=CC3=C(C4=CC=C(S4)C5=CC6=C(C7=C(C(C8=CC=C(S8)CC(CCCC)CC)=C6S5)C=C(C)S7)C9=CC=C(S9)CC(CCCC)CC)S2,ITIC,c12cc3c(cc1C(c1c2sc2c1sc(c2)/C=C\1/C(=C(C#N)C#N)c2c(C1=O)cccc2)(c1ccc(cc1)CCCCCC)c1ccc(cc1)CCCCCC)c1c(C3(c2ccc(cc2)CCCCCC)c2ccc(cc2)CCCCCC)c2c(s1)cc(s2)/C=C\1/C(=C(C#N)C#N)c2c(C1=O)cccc2,3.72,12.41,0.478,0.628
PB1-S,CCC(SC1=CC=C(C2=C3C(SC(C4=CC=C(C(SC(C5=CC=C(C)S5)=C6C7=O)=C6C(C8=C(SC(CC(CCCC)CC)=C87)CC(CC)CCCC)=O)S4)=C3)=C(C9=C2SC(C)=C9)C(S%10)=CC=C%10SC(CCCC)CC)S1)CCCC,ITIC,c12cc3c(cc1C(c1c2sc2c1sc(c2)/C=C\1/C(=C(C#N)C#N)c2c(C1=O)cccc2)(c1ccc(cc1)CCCCCC)c1ccc(cc1)CCCCCC)c1c(C3(c2ccc(cc2)CCCCCC)c2ccc(cc2)CCCCCC)c2c(s1)cc(s2)/C=C\1/C(=C(C#N)C#N)c2c(C1=O)cccc2,10.49,17.84,0.625,0.941
PB1,CC1=CC=C(S1)C2=C(C(C3=C(SC(CC(CC)CCCC)=C3C4=O)CC(CCCC)CC)=O)C4=C(C5=CC=C(S5)C6=CC7=C(C8=C(C(C9=CC=C(S9)CC(CCCC)CC)=C7S6)C=C(C)S8)C%10=CC=C(S%10)CC(CCCC)CC)S2,ITIC,c12cc3c(cc1C(c1c2sc2c1sc(c2)/C=C\1/C(=C(C#N)C#N)c2c(C1=O)cccc2)(c1ccc(cc1)CCCCCC)c1ccc(cc1)CCCCCC)c1c(C3(c2ccc(cc2)CCCCCC)c2ccc(cc2)CCCCCC)c2c(s1)cc(s2)/C=C\1/C(=C(C#N)C#N)c2c(C1=O)cccc2,9.56,16.1,0.655,0.907
P4T2F-HD,CC1=CC(F)=C(S1)C2=C(F)C=C(C3=C(CC(CCCCCCCC)CCCCCC)C=C(C4=CC(CC(CCCCCC)CCCCCCCC)=C(S4)C)S3)S2,O-IDTBR,O=C(/C(S1)=C/C(C2=NSN=C32)=CC=C3C(S4)=CC(C5(C6=CC=C(CCCCCC)C=C6)C7=CC=C(CCCCCC)C=C7)=C4C(C=C89)=C5C=C8C(SC(C%10=CC=C(/C=C%11SC(N(CC)C\%11=O)=S)C%12=NSN=C%10%12)=C%13)=C%13C9(C%14=CC=C(CCCCCC)C=C%14)C%15=CC=C(CCCCCC)C=C%15)N(CC)C1=S,7.0,10.0,0.67,1.04
P4T2F-HD,CC1=CC(F)=C(S1)C2=C(F)C=C(C3=C(CC(CCCCCCCC)CCCCCC)C=C(C4=CC(CC(CCCCCC)CCCCCCCC)=C(S4)C)S3)S2,Y6,O=C(C/1=C\C2=C(C3=C(S2)C(N4C5=CC=C(CCCCCC)C=C5)=C(C6=C4C7=C(C8=NSN=C68)C(SC9=C%10SC(/C=C%11C(C%12=CC(F)=C(C=C%12C\%11=C(C#N)/C#N)F)=O)=C9CCCCCCCCCCC)=C%10N7C%13=CC=C(CCCCCC)C=C%13)S3)CCCCCCCCCCC)C%14=CC(F)=C(F)C=C%14C1=C(C#N)/C#N,2.9,9.64,0.382,0.78
P4T2F-HD,CC1=CC(F)=C(S1)C2=C(F)C=C(C3=C(CC(CCCCCCCC)CCCCCC)C=C(C4=CC(CC(CCCCCC)CCCCCCCC)=C(S4)C)S3)S2,Y6-BO,O=C(C1=C(C=C(F)C(F)=C1)C/2=C(C#N)\C#N)C2=C/C3=C(CCCCCCCCCCC)C(SC(C4=C5C6=C(C7=C(N6CC(CCCC)CCCCCC)C8=C(C(CCCCCCCCCCC)=C(S8)/C=C9C(C(C=C(F)C(F)=C%10)=C%10C\9=C(C#N)\C#N)=O)S7)C%11=NSN=C4%11)=C%12N5CC(CCCCCC)CCCC)=C%12S3,13.6,21.21,0.745,0.75
P4T2F-BO/HD,FC(C=C1C(S2)=C(CC(CCCCCC)CCCC)C=C2C3=CC(CC(CCCC)CCCCCC)=C(C)S3)=C(S1)C4=C(F)C=C(C5=C(CC(CCCCCC)CCCCCCCC)C=C(C6=CC(CC(CCCCCCCC)CCCCCC)=C(S6)C7=CC(F)=C(S7)C8=C(F)C=C(C)S8)S5)S4,O-IDTBR,O=C(/C(S1)=C/C(C2=NSN=C32)=CC=C3C(S4)=CC(C5(C6=CC=C(CCCCCC)C=C6)C7=CC=C(CCCCCC)C=C7)=C4C(C=C89)=C5C=C8C(SC(C%10=CC=C(/C=C%11SC(N(CC)C\%11=O)=S)C%12=NSN=C%10%12)=C%13)=C%13C9(C%14=CC=C(CCCCCC)C=C%14)C%15=CC=C(CCCCCC)C=C%15)N(CC)C1=S,6.5,10.7,0.6,1.02
P4T2F-BO,FC(C=C1C(S2)=C(CC(CCCCCC)CCCC)C=C2C3=CC(CC(CCCC)CCCCCC)=C(C)S3)=C(S1)C4=C(F)C=C(C)S4,O-IDTBR,O=C(/C(S1)=C/C(C2=NSN=C32)=CC=C3C(S4)=CC(C5(C6=CC=C(CCCCCC)C=C6)C7=CC=C(CCCCCC)C=C7)=C4C(C=C89)=C5C=C8C(SC(C%10=CC=C(/C=C%11SC(N(CC)C\%11=O)=S)C%12=NSN=C%10%12)=C%13)=C%13C9(C%14=CC=C(CCCCCC)C=C%14)C%15=CC=C(CCCCCC)C=C%15)N(CC)C1=S,6.3,9.9,0.6,1.06
P-4FP,FC1=C(C2=CC=C(C3=CC4=C(C(C(C=C5F)=CC(F)=C5CC(CCCC)CC)=C6C=C(OC6=C4C(C=C7F)=CC(F)=C7CC(CC)CCCC)C)O3)S2)C8=NN(CC(CCCCCCCC)CCCCCC)N=C8C(C9=CC=C(C)S9)=C1F,m-ITIC,c12cc3c(cc1C(c1c2sc2c1sc(c2)/C=C\1/C(=C(C#N)C#N)c2c(C1=O)cccc2)(c1cccc(c1)CCCCCC)c1cc(ccc1)CCCCCC)c1c(C3(c2cc(ccc2)CCCCCC)c2cccc(c2)CCCCCC)c2c(s1)cc(s2)/C=C\1/C(=C(C#N)C#N)c2c(C1=O)cccc2,8.96,15.72,0.577,0.96
P-4FP,FC1=C(C2=CC=C(C3=CC4=C(C(C(C=C5F)=CC(F)=C5CC(CCCC)CC)=C6C=C(OC6=C4C(C=C7F)=CC(F)=C7CC(CC)CCCC)C)O3)S2)C8=NN(CC(CCCCCCCC)CCCCCC)N=C8C(C9=CC=C(C)S9)=C1F,Y6,O=C(C/1=C\C2=C(C3=C(S2)C(N4C5=CC=C(CCCCCC)C=C5)=C(C6=C4C7=C(C8=NSN=C68)C(SC9=C%10SC(/C=C%11C(C%12=CC(F)=C(C=C%12C\%11=C(C#N)/C#N)F)=O)=C9CCCCCCCCCCC)=C%10N7C%13=CC=C(CCCCCC)C=C%13)S3)CCCCCCCCCCC)C%14=CC(F)=C(F)C=C%14C1=C(C#N)/C#N,13.22,22.61,0.703,0.8
P4,FC(C(F)=C(C(F)=C1F)C2=CC=C(S2)C3=C(C(F)=C(C4=NC(C5=CC=C(C(OCCCCCCCC)=C5)OCCCCCCCC)=C(N=C34)C6=CC=C(C(OCCCCCCCC)=C6)OCCCCCCCC)C)F)=C1C7=CC=C(C)S7,IDIC,N#C/C(C#N)=C(C1=CC=CC=C1C2=O)/C2=C/C3=CC4=C(C5=C(C=C6C(C(CCCCCC)(CCCCCC)C7=C6SC(/C=C8/C(C9=CC=CC=C9C8=O)=C(C#N)/C#N)=C7)=C5)C4(CCCCCC)CCCCCC)S3,2.93,4.82,0.574,1.06
P3HT,c1scc(c1)CCCCCC,Qx1,S1/C(=C\c2c3c(c(cc2)c2sc4c(c2)C(c2c4cc4c(c2)c2c(C4(c4ccc(cc4)CCCCCC)c4ccc(cc4)CCCCCC)cc(s2)c2ccc(c4c2nc(c(n4)c2ccccc2)c2ccccc2)/C=C/2\C(=O)N(C(=S)S2)CC)(c2ccc(cc2)CCCCCC)c2ccc(cc2)CCCCCC)nc(c(n3)c2ccccc2)c2ccccc2)/C(=O)N(C1=S)CC,4.03,6.02,0.67,1.0
P3HT,c1scc(c1)CCCCCC,Qx1b,S1/C(=C/c2c3c(c(cc2)c2sc4c(c2)C(c2c4cc4c(c2)c2c(C4(CCCCCCCC)CCCCCCCC)cc(s2)c2ccc(c4c2nc(c(n4)c2ccccc2)c2ccccc2)/C=C/2\C(=O)N(C(=S)S2)CC)(CCCCCCCC)CCCCCCCC)nc(c(n3)c2ccccc2)c2ccccc2)/C(=O)N(C1=S)CC,4.81,7.34,0.69,0.95
P3HT,c1scc(c1)CCCCCC,BTA1,S=C(N(C/1=O)CC)SC1=C\C(C2=NN(CCCCCCCC)N=C32)=CC=C3C4=CC(C5(C(C=C6)=CC=C6CCCCCC)C7=CC=C(C=C7)CCCCCC)=C(C8=CC9=C(C%10=C(C9(C%11=CC=C(C=C%11)CCCCCC)C%12=CC=C(C=C%12)CCCCCC)C=C(C%13=CC=C(C%14=NN(N=C%13%14)CCCCCCCC)/C=C%15SC(N(C/%15=O)C#C)=S)S%10)C=C85)S4,5.24,7.34,0.7,1.02
P3HT,c1scc(c1)CCCCCC,BTA2,O=C(N(C/1=O)CC)SC1=C\C(C2=NN(CCCCCCCC)N=C32)=CC=C3C4=CC(C5(C(C=C6)=CC=C6CCCCCC)C7=CC=C(C=C7)CCCCCC)=C(C8=CC9=C(C%10=C(C9(C%11=CC=C(C=C%11)CCCCCC)C%12=CC=C(C=C%12)CCCCCC)C=C(C%13=CC=C(C%14=NN(N=C%13%14)CCCCCCCC)/C=C%15SC(N(C/%15=O)C#C)=O)S%10)C=C85)S4,4.5,6.15,0.6,1.22
P3HT,c1scc(c1)CCCCCC,NIDCS,[H]C(C(/C=C(C1=CC=C(S1)C2=CC=C3C4=C(C(N(C3=O)CC(CC)CCCC)=O)C=CC=C24)\C#N)=C5)=CC(/C=C(C6=CC=C(S6)C7=CC=C8C9=C(C(N(C8=O)CC(CCCC)CC)=O)C=CC=C79)\C#N)=C5[H],2.51,8.04,0.46,0.73
P3HT,c1scc(c1)CCCCCC,IDTBR,CCCCCCCCC1(C2=C(C3=C1C=C(C4=C3)C5=C(C4(CCCCCCCC)CCCCCCCC)C=C(C6=CC=C(C7=NSN=C67)/C=C8SC(N(C\8=O)CC)=S)S5)SC(C9=CC=C(/C=C%10SC(N(C\%10=O)CC)=S)C%11=NSN=C9%11)=C2)CCCCCCCC,6.05,12.55,0.67,0.72
P3HT,c1scc(c1)CCCCCC,N5,O=C(C(C=CC=C1)=C1C/2=O)C2=C\C(S3)=CC=C3C(C=C4)=CC5=C4C(C=CC(C6=CC=C(S6)/C=C7C(C(C=CC=C8)=C8C\7=O)=O)=C9)=C9[Si](CCCCCCCC)5CCCCCCCC,2.85,7.91,0.46,0.61
P3HT,c1scc(c1)CCCCCC,Th–PhCHO,O=C(N1CCCCCCCC)C(C(C2=CC=CS2)=C3C4=CC=C5C(C=C6)=CC=C6C=O)=C(C(C7=CC=CS7)=C3C8=C4C5=CC=C8)C1=O,2.4,5.14,0.45,1.03
P3HT,c1scc(c1)CCCCCC,SF-OR,[S]=C(N(C/1=O)CCCCCCCC)SC1=C/C(S2)=C(CCCCCCCC)C=C2C3=CC=C(C4=CC=C(C=C45)C6=CC(CCCCCCCC)=C(S6)/C=C7SC(N(C\7=O)CCCCCCCC)=[S])C(C85C(C=C(C=C9)C%10=CC(CCCCCCCC)=C(S%10)/C=C%11SC(N(C\%11=O)CCCCCCCC)=[S])=C9C(C=C%12)=C8C=C%12C%13=CC(CCCCCCCC)=C(S%13)/C=C%14SC(N(C\%14=O)CCCCCCCC)=[S])=C3,4.66,7.3,0.629,0.965
P3HT,c1scc(c1)CCCCCC,SF-ORCN,O=C(/C(S/1)=C/C(S2)=C(CCCCCCCC)C=C2C3=CC=C(C4=CC=C(C=C45)C6=CC(CCCCCCCC)=C(S6)/C=C7S/C(N(C\7=O)CCCCCCCC)=C(C#N)\C#N)C(C85C(C=C(C=C9)C%10=CC(CCCCCCCC)=C(S%10)/C=C%11S/C(N(C\%11=O)CCCCCCCC)=C(C#N)/C#N)=C9C(C=C%12)=C8C=C%12C%13=CC(CCCCCCCC)=C(S%13)/C=C%14S/C(N(C\%14=O)CCCCCCCC)=C(C#N)\C#N)=C3)N(CCCCCCCC)C1=C(C#N)/C#N,4.48,7.58,0.633,0.912
P3HT,c1scc(c1)CCCCCC,BTA21,S=C(S/C1=C/C2=CC=C(C3=CC4=C(C5=C(C46C7=C(C8=C6C=CC=C8)C=CC=C7)C=C(C9=CC=C(/C=C%10SC(N(CC)C/%10=O)=S)C%11=NN(CCCCCCCC)N=C9%11)C=C5)C=C3)C%12=NN(CCCCCCCC)N=C2%12)N(CC)C1=O,3.28,5.45,0.59,1.02
P3HT,c1scc(c1)CCCCCC,BTA27,N#C/C(C#N)=C/C(C1=NN(N=C21)CCCCCCCC)=CC=C2C(C=C3)=CC4=C3C(C=CC(C5=CC=C(C6=NN(N=C56)CCCCCCCC)/C=C(C#N)/C#N)=C7)=C7C48C(C=CC=C9)=C9C%10=C8C=CC=C%10,0.2,1.07,0.4,0.47
P3HT,c1scc(c1)CCCCCC,FBR,CCN1C(/C(SC1=S)=C/C2=CC=C(C3=NSN=C23)C4=CC=C5C(C(C6=C5C=CC(C7=CC=C(C8=NSN=C78)/C=C9SC(N(C\9=O)CC)=S)=C6)(CCCCCCCC)CCCCCCCC)=C4)=O,4.11,7.95,0.63,0.82
P3HT,c1scc(c1)CCCCCC,ATT-3,S=C(N(C/1=O)CC)SC1=C/C2=C3SC(C(OCCCCCCCC)=O)=CC3=C(S2)C4=CC(C5(C6=CC=C(CCCCCC)C=C6)C7=CC=C(CCCCCC)C=C7)=C(S4)C(C=C8C9(C%10=CC=C(CCCCCC)C=C%10)C%11=CC=C(CCCCCC)C=C%11)=C5C=C8C(S%12)=C9C=C%12C%13=C%14C=C(C(OCCCCCCCC)=O)SC%14=C(/C=C%15SC(N(C\%15=O)CC)=S)S%13,6.26,10.93,0.62,0.927
P3HT,c1scc(c1)CCCCCC,IDTIDT-IC,O=C(C(C=CC=C1)=C1C/2=C(C#N)\C#N)C2=C/C3=CC4=C(S3)C5=C(C=C6C(SC7=C8CC9C7C(C%10=CC=C(C=C%10)CCCCCC)(C(C=C%11C%12=C%13C=C(S%12)/C=C%14C(C(C=CC=C%15)=C%15C\%14=C(C#N)\C#N)=O)=C9C=C%11C%13(C%16=CC=C(C=C%16)CCCCCC)C%17=CC=C(C=C%17)CCCCCC)C%18=CC=C(C=C%18)CCCCCC)=C8C(C%19=CC=C(C=C%19)CCCCCC)(C%20=CC=C(C=C%20)CCCCCC)C6=C5)C(C%21=CC=C(C=C%21)CCCCCC)4C%22=CC=C(CCCCCC)C=C%22,3.58,6.6,0.651,0.83
P3HT,c1scc(c1)CCCCCC,H1,c1c(cc2c(c1)C1C(=C2C2=c3c(=C4C2=CC(C=C4)c2ccc(c4n(c(=O)c5c4c(=O)n(c5c4sccc4)C[C@@H](CCCC)CC)C[C@H](CCCC)CC)s2)ccc(c3)c2ccc(s2)c2n(c(=O)c3c2c(=O)n(c3c2sccc2)C[C@H](CC)CCCC)C[C@H](CCCC)CC)C=C(C=C1)c1ccc(s1)c1n(c(=O)c2c1c(=O)n(c2c1sccc1)C[C@@H](CCCC)CC)C[C@@H](CC)CCCC)c1ccc(s1)c1n(c(=O)c2c1c(=O)n(c2c1sccc1)C[C@H](CC)CCCC)C[C@H](CCCC)CC,5.42,7.74,0.6,1.17
P3HT,c1scc(c1)CCCCCC,O-IDTBR,O=C(/C(S1)=C/C(C2=NSN=C32)=CC=C3C(S4)=CC(C5(C6=CC=C(CCCCCC)C=C6)C7=CC=C(CCCCCC)C=C7)=C4C(C=C89)=C5C=C8C(SC(C%10=CC=C(/C=C%11SC(N(CC)C\%11=O)=S)C%12=NSN=C%10%12)=C%13)=C%13C9(C%14=CC=C(CCCCCC)C=C%14)C%15=CC=C(CCCCCC)C=C%15)N(CC)C1=S,6.3,13.9,0.6,0.72
P3HT,c1scc(c1)CCCCCC,EH-IDTBR,C1(=S)N(C(=O)/C(=C/c2c3c(c(cc2)c2sc4c(c2)[C@](c2c4cc4c(c2)c2c([C@]4(C[C@H](CC)CCCC)C[C@@H](CC)CCCC)cc(s2)c2ccc(c4c2nsn4)/C=C/2\SC(=S)N(C2=O)CC)(C[C@@H](CCCC)CC)C[C@H](CCCC)CC)nsn3)/S1)CC,6.0,12.1,0.62,0.76
P3HT,c1scc(c1)CCCCCC,BT3,O=C(C(S/1)CC2=CC=C(C3=CC4=C(C(C(C4(C5=CC=C(CCCCCC)C=C5)C6=CC=C(CCCCCC)C=C6)=C7)=CC(C8(C9=CC=C(CCCCCC)C=C9)C%10=CC=C(CCCCCC)C=C%10)=C7C%11=C8C=C(S%11)C%12=CC=C(CC%13S/C(N(CC)C%13=O)=C(C#N)/C#N)C%14=NSN=C%12%14)S3)C%15=NSN=C2%15)N(CC)C1=C(C#N)/C#N,2.55,5.81,0.61,0.72
P3HT,c1scc(c1)CCCCCC,BTA3,O=C(/C(S/1)=C\C(C2=NN(N=C32)CCCCCCCC)=CC=C3C4=CC5=C(S4)C6=CC7=C(C=C6C5(C8=CC=C(C=C8)CCCCCC)C9=CC=C(C=C9)CCCCCC)C(SC(C(C%10=NN(CCCCCCCC)N=C%11%10)=CC=C%11/C=C%12S/C(N(C\%12=O)CC)=C(C#N)/C#N)=C%13)=C%13C7(C%14=CC=C(CCCCCC)C=C%14)C%15=CC=C(CCCCCC)C=C%15)N(CC)C1=C(C#N)/C#N,5.67,9.86,0.65,0.9
P3HT,c1scc(c1)CCCCCC,H-IDTzR,S=C(N(C/1=O)CC)SC1=C\C(S2)=CN=C2C3=CC(C4(CCCCCC)CCCCCC)=C(C(C=C5C6(CCCCCC)CCCCCC)=C4C=C5C7=C6C=C(C8=NC=C(S8)/C=C9SC(N(C/9=O)CC)=S)S7)S3,3.53,6.29,0.525,1.04
P3HT,c1scc(c1)CCCCCC,P-IDTzR,S=C(N(C/1=O)CC)SC1=C\C(S2)=CN=C2C3=CC(C4(C5=CC=C(CCCCCC)C=C5)C6=CC=C(CCCCCC)C=C6)=C(C(C=C7C8(C9=CC=C(CCCCCC)C=C9)C%10=CC=C(CCCCCC)C=C%10)=C4C=C7C%11=C8C=C(C%12=NC=C(S%12)/C=C%13SC(N(C/%13=O)CC)=S)S%11)S3,5.01,8.36,0.546,1.02
P3HT,c1scc(c1)CCCCCC,BTDT2R,S=C(N(C/1=O)CC)SC1=C/C(S2)=CC=C2C(C3=NSN=C3C(C4=CC=C(S4)/C=C5SC(N(C\5=O)CC)=S)=C6OCCCCCC)=C6OCCCCCC,5.09,9.42,0.67,0.81
P3HT,c1scc(c1)CCCCCC,SF-HR,S=C(N(C/1=O)CCCCCC)SC1=C/C(S2)=CC=C2C(C=C3)=CC4=C3C(C=CC(C5=CC=C(/C=C6SC(N(C\6=O)CCCCCC)=S)S5)=C7)=C7C4(C8=C9C=CC(C%10=CC=C(/C=C%11SC(N(C\%11=O)CCCCCC)=S)S%10)=C8)C%12=C9C=CC(C%13=CC=C(S%13)/C=C%14SC(N(C\%14=O)CCCCCC)=S)=C%12,4.01,8.23,0.49,1.0
P3HT,c1scc(c1)CCCCCC,TrBIC,O=C(C(C=CC=C1)=C1C/2=C(C#N)/C#N)C2=C/C(C3=NSN=C43)=CC=C4C(C=C5)=CC(C(CCCC)(CCCC)C6=C7C8=C(C=C(C=C8)C9=CC=C(C%10=NSN=C9%10)/C=C%11C(C(C=CC=C%12)=C%12C\%11=C(C#N)\C#N)=O)C(CCCC)(CCCC)C7=C%13C%14=C%15C=C(C=C%14)C%16=CC=C(C%17=NSN=C%16%17)/C=C%18C(C(C=CC=C%19)=C%19C\%18=C(C#N)\C#N)=O)=C5C6=C%13C%15(CCCC)CCCC,6.62,11.75,0.624,0.86
P3HT,c1scc(c1)CCCCCC,ITIC,c12cc3c(cc1C(c1c2sc2c1sc(c2)/C=C\1/C(=C(C#N)C#N)c2c(C1=O)cccc2)(c1ccc(cc1)CCCCCC)c1ccc(cc1)CCCCCC)c1c(C3(c2ccc(cc2)CCCCCC)c2ccc(cc2)CCCCCC)c2c(s1)cc(s2)/C=C\1/C(=C(C#N)C#N)c2c(C1=O)cccc2,1.5,5.2,0.522,0.55
P3HT,c1scc(c1)CCCCCC,ITIC-M,O=C(C(C=CC(C)=C1)=C1C/2=C(C#N)\C#N)C2=C/C3=CC(CC4=C5C(C6=CC=C(C=C6)CCCCCC)(C7=C4C=C8C(C(C=C9)=CC=C9CCCCCC)(C%10=CC=C(C=C%10)CCCCCC)C%11=C(SC%12=C%11SC(/C=C%13C(C(C=CC(C)=C%14)=C%14C\%13=C(C#N)\C#N)=O)=C%12)C8=C7)C%15=CC=C(CCCCCC)C=C%15)=C5S3,2.3,9.8,0.525,0.45
P3HT,c1scc(c1)CCCCCC,O-IDTBR,O=C(/C(S1)=C/C(C2=NSN=C32)=CC=C3C(S4)=CC(C5(C6=CC=C(CCCCCC)C=C6)C7=CC=C(CCCCCC)C=C7)=C4C(C=C89)=C5C=C8C(SC(C%10=CC=C(/C=C%11SC(N(CC)C\%11=O)=S)C%12=NSN=C%10%12)=C%13)=C%13C9(C%14=CC=C(CCCCCC)C=C%14)C%15=CC=C(CCCCCC)C=C%15)N(CC)C1=S,5.6,12.4,0.616,0.74
P3HT,c1scc(c1)CCCCCC,EH-IDTBR,C1(=S)N(C(=O)/C(=C/c2c3c(c(cc2)c2sc4c(c2)[C@](c2c4cc4c(c2)c2c([C@]4(C[C@H](CC)CCCC)C[C@@H](CC)CCCC)cc(s2)c2ccc(c4c2nsn4)/C=C/2\SC(=S)N(C2=O)CC)(C[C@@H](CCCC)CC)C[C@H](CCCC)CC)nsn3)/S1)CC,3.3,7.7,0.577,0.74
P3HT,c1scc(c1)CCCCCC,O-IDFBR,S=C(N(C/1=O)CC)SC1=C/C(C2=NSN=C32)=CC=C3C4=CC(C5(CCCCCCCC)CCCCCCCC)=C(C(C=C6C7(CCCCCCCC)CCCCCCCC)=C5C=C6C8=C7C=C(C9=CC=C(C%10=NSN=C9%10)/C=C%11SC(N(C\%11=O)CC)=S)S8)S4,4.2,6.9,0.675,0.9
P3HT,c1scc(c1)CCCCCC,O-IDTBR,O=C(/C(S1)=C/C(C2=NSN=C32)=CC=C3C(S4)=CC(C5(C6=CC=C(CCCCCC)C=C6)C7=CC=C(CCCCCC)C=C7)=C4C(C=C89)=C5C=C8C(SC(C%10=CC=C(/C=C%11SC(N(CC)C\%11=O)=S)C%12=NSN=C%10%12)=C%13)=C%13C9(C%14=CC=C(CCCCCC)C=C%14)C%15=CC=C(CCCCCC)C=C%15)N(CC)C1=S,3.3,7.6,0.61,0.7
P3HT,c1scc(c1)CCCCCC,BTA43,O=C(/C(S/1)=C\C(C2=NN(N=C32)CCCCCCCC)=CC=C3C4=CC(C5(C6=CC=C(C=C6)OCCCCCC)C7=CC=C(C=C7)OCCCCCC)=C(S4)C(C=C8C9(C(C=C%10)=CC=C%10OCCCCCC)C(C=C%11)=CC=C%11OCCCCCC)=C5C=C8C(S%12)=C9C=C%12C(C%13=NN%14CCCCCCCC)=CC=C(C%13=N%14)/C=C%15S/C(N(CC)C/%15=O)=C(C#N)\C#N)N(CC)C1=C(C#N)/C#N,6.56,10.84,0.68,0.89
P3HT,c1scc(c1)CCCCCC,BTA53,O=C(/C(S/1)=C\C(C2=NN(N=C32)CCCCCCCC)=CC=C3C4=CC5=C(S4)C6=C(C(C7=CC=C(C=C7)OCCCCCC)(C8=CC=C(C=C8)OCCCCCC)O5)C=C(C(S9)=C%10C=C9C(C%11=NN%12CCCCCCCC)=CC=C(C%11=N%12)/C=C%13S/C(N(CC)C/%13=O)=C(C#N)\C#N)C(C(C(C=C%14)=CC=C%14OCCCCCC)(C(C=C%15)=CC=C%15OCCCCCC)O%10)=C6)N(CC)C1=C(C#N)/C#N,6.31,11.57,0.62,0.88
P3,FC(C(C1=CC=C(S1)C2=C(C(F)=C(C3=NC(C4=CC=C(C(OCCCCCCCC)=C4)OCCCCCCCC)=C(N=C23)C5=CC=C(C(OCCCCCCCC)=C5)OCCCCCCCC)C)F)=C6)=CC(C7=CC=C(C)S7)=C6F,IDIC,N#C/C(C#N)=C(C1=CC=CC=C1C2=O)/C2=C/C3=CC4=C(C5=C(C=C6C(C(CCCCCC)(CCCCCC)C7=C6SC(/C=C8/C(C9=CC=CC=C9C8=O)=C(C#N)/C#N)=C7)=C5)C4(CCCCCC)CCCCCC)S3,9.7,15.99,0.609,1.0
P3,FC(C(C1=CC=C(S1)C2=C(C(F)=C(C3=NC(C4=CC=C(C(OCCCCCCCC)=C4)OCCCCCCCC)=C(N=C23)C5=CC=C(C(OCCCCCCCC)=C5)OCCCCCCCC)C)F)=C6)=CC(C7=CC=C(C)S7)=C6F,ITIC,c12cc3c(cc1C(c1c2sc2c1sc(c2)/C=C\1/C(=C(C#N)C#N)c2c(C1=O)cccc2)(c1ccc(cc1)CCCCCC)c1ccc(cc1)CCCCCC)c1c(C3(c2ccc(cc2)CCCCCC)c2ccc(cc2)CCCCCC)c2c(s1)cc(s2)/C=C\1/C(=C(C#N)C#N)c2c(C1=O)cccc2,3.66,7.58,0.569,0.83
P2F-EHp,CC1=CC=C(S1)C2=C3C(C(N(C3=O)CCCCCCCC)=O)=C(C4=NN(N=C24)CCC(CC)CCCC)C5=CC=C(S5)C6=CC7=C(C8=C(C(C9=CC(F)=C(C(F)=C9)CC(CC)CCCC)=C7S6)C=C(C)S8)C%10=CC(F)=C(C(F)=C%10)CC(CC)CCCC,Y6,O=C(C/1=C\C2=C(C3=C(S2)C(N4C5=CC=C(CCCCCC)C=C5)=C(C6=C4C7=C(C8=NSN=C68)C(SC9=C%10SC(/C=C%11C(C%12=CC(F)=C(C=C%12C\%11=C(C#N)/C#N)F)=O)=C9CCCCCCCCCCC)=C%10N7C%13=CC=C(CCCCCC)C=C%13)S3)CCCCCCCCCCC)C%14=CC(F)=C(F)C=C%14C1=C(C#N)/C#N,15.65,26.11,0.733,0.81
P2FDTBTBO,CC1=C(OCC(CCCCCC)CCCC)C(OCC(CCCC)CCCCCC)=C(C2=CC(F)=C(S2)C3=C(F)C=C(S3)C)C4=NSN=C14,ITIC,c12cc3c(cc1C(c1c2sc2c1sc(c2)/C=C\1/C(=C(C#N)C#N)c2c(C1=O)cccc2)(c1ccc(cc1)CCCCCC)c1ccc(cc1)CCCCCC)c1c(C3(c2ccc(cc2)CCCCCC)c2ccc(cc2)CCCCCC)c2c(s1)cc(s2)/C=C\1/C(=C(C#N)C#N)c2c(C1=O)cccc2,2.46,7.04,0.38,0.92
P2,c1(c2c(c(c3c1sc(c3)c1ccc(s1)c1sc(c3c1C(=O)c1c(C3=O)c(sc1C[C@@H](CC)CCCC)C[C@H](CC)CCCC)c1cccs1)OC[C@@H](CCCCCCCC)CCCCCC)scc2)c1ccc(cc1)c1ccc(cc1)OC[C@@H](CC)CCCC,IDIC,N#C/C(C#N)=C(C1=CC=CC=C1C2=O)/C2=C/C3=CC4=C(C5=C(C=C6C(C(CCCCCC)(CCCCCC)C7=C6SC(/C=C8/C(C9=CC=CC=C9C8=O)=C(C#N)/C#N)=C7)=C5)C4(CCCCCC)CCCCCC)S3,7.75,13.15,0.648,0.91
P2,c1(c2c(c(c3c1sc(c3)c1ccc(s1)c1sc(c3c1C(=O)c1c(C3=O)c(sc1C[C@@H](CC)CCCC)C[C@H](CC)CCCC)c1cccs1)OC[C@@H](CCCCCCCC)CCCCCC)scc2)c1ccc(cc1)c1ccc(cc1)OC[C@@H](CC)CCCC,NI-AA-NI,O=C(C1=CC=CC2=C1C(C3=O)=CC=C2C#CC#CC4=CC=C5C6=C4C=CC=C6C(N(C5=O)CCCCCCCC)=O)N3CCCCCCCC,3.71,6.29,0.55,1.07
P2,c1(c2c(c(c3c1sc(c3)c1ccc(s1)c1sc(c3c1C(=O)c1c(C3=O)c(sc1C[C@@H](CC)CCCC)C[C@H](CC)CCCC)c1cccs1)OC[C@@H](CCCCCCCC)CCCCCC)scc2)c1ccc(cc1)c1ccc(cc1)OC[C@@H](CC)CCCC,ITIC,c12cc3c(cc1C(c1c2sc2c1sc(c2)/C=C\1/C(=C(C#N)C#N)c2c(C1=O)cccc2)(c1ccc(cc1)CCCCCC)c1ccc(cc1)CCCCCC)c1c(C3(c2ccc(cc2)CCCCCC)c2ccc(cc2)CCCCCC)c2c(s1)cc(s2)/C=C\1/C(=C(C#N)C#N)c2c(C1=O)cccc2,4.17,9.34,0.529,0.8
P2,c1(c2c(c(c3c1sc(c3)c1ccc(s1)c1sc(c3c1C(=O)c1c(C3=O)c(sc1C[C@@H](CC)CCCC)C[C@H](CC)CCCC)c1cccs1)OC[C@@H](CCCCCCCC)CCCCCC)scc2)c1ccc(cc1)c1ccc(cc1)OC[C@@H](CC)CCCC,ITIC,c12cc3c(cc1C(c1c2sc2c1sc(c2)/C=C\1/C(=C(C#N)C#N)c2c(C1=O)cccc2)(c1ccc(cc1)CCCCCC)c1ccc(cc1)CCCCCC)c1c(C3(c2ccc(cc2)CCCCCC)c2ccc(cc2)CCCCCC)c2c(s1)cc(s2)/C=C\1/C(=C(C#N)C#N)c2c(C1=O)cccc2,8.1,14.6,0.617,0.9
P1,FC(C(F)=C(C1=NC(C2=CC=C(C(OCCCCCCCC)=C2)OCCCCCCCC)=C(N=C31)C4=CC=C(C(OCCCCCCCC)=C4)OCCCCCCCC)C)=C3C(S5)=CC=C5C(C=C6)=CC=C6C7=CC=C(C)S7,IDIC,N#C/C(C#N)=C(C1=CC=CC=C1C2=O)/C2=C/C3=CC4=C(C5=C(C=C6C(C(CCCCCC)(CCCCCC)C7=C6SC(/C=C8/C(C9=CC=CC=C9C8=O)=C(C#N)/C#N)=C7)=C5)C4(CCCCCC)CCCCCC)S3,4.86,8.53,0.662,0.86
P1,FC(C(F)=C(C1=NC(C2=CC=C(C(OCCCCCCCC)=C2)OCCCCCCCC)=C(N=C31)C4=CC=C(C(OCCCCCCCC)=C4)OCCCCCCCC)C)=C3C(S5)=CC=C5C(C=C6)=CC=C6C7=CC=C(C)S7,IT-4F,c1(cc2c(cc1F)C(=O)/C(=C\c1cc3c(s1)c1c(s3)c3c(C1(c1ccc(cc1)CCCCCC)c1ccc(cc1)CCCCCC)cc1c(c3)C(c3c1sc1c3sc(c1)/C=C/1\C(=O)c3c(C1=C(C#N)C#N)cc(c(c3)F)F)(c1ccc(cc1)CCCCCC)c1ccc(cc1)CCCCCC)/C2=C(C#N)C#N)F,11.5,20.05,0.64,0.896
P1,FC(C(F)=C(C1=NC(C2=CC=C(C(OCCCCCCCC)=C2)OCCCCCCCC)=C(N=C31)C4=CC=C(C(OCCCCCCCC)=C4)OCCCCCCCC)C)=C3C(S5)=CC=C5C(C=C6)=CC=C6C7=CC=C(C)S7,IT-4F,c1(cc2c(cc1F)C(=O)/C(=C\c1cc3c(s1)c1c(s3)c3c(C1(c1ccc(cc1)CCCCCC)c1ccc(cc1)CCCCCC)cc1c(c3)C(c3c1sc1c3sc(c1)/C=C/1\C(=O)c3c(C1=C(C#N)C#N)cc(c(c3)F)F)(c1ccc(cc1)CCCCCC)c1ccc(cc1)CCCCCC)/C2=C(C#N)C#N)F,14.2,20.73,0.76,0.9
P1,FC(C(F)=C(C1=NC(C2=CC=C(C(OCCCCCCCC)=C2)OCCCCCCCC)=C(N=C31)C4=CC=C(C(OCCCCCCCC)=C4)OCCCCCCCC)C)=C3C(S5)=CC=C5C(C=C6)=CC=C6C7=CC=C(C)S7,IT-4F,c1(cc2c(cc1F)C(=O)/C(=C\c1cc3c(s1)c1c(s3)c3c(C1(c1ccc(cc1)CCCCCC)c1ccc(cc1)CCCCCC)cc1c(c3)C(c3c1sc1c3sc(c1)/C=C/1\C(=O)c3c(C1=C(C#N)C#N)cc(c(c3)F)F)(c1ccc(cc1)CCCCCC)c1ccc(cc1)CCCCCC)/C2=C(C#N)C#N)F,11.2,20.31,0.61,0.904
P1,FC(C(F)=C(C1=NC(C2=CC=C(C(OCCCCCCCC)=C2)OCCCCCCCC)=C(N=C31)C4=CC=C(C(OCCCCCCCC)=C4)OCCCCCCCC)C)=C3C(S5)=CC=C5C(C=C6)=CC=C6C7=CC=C(C)S7,PY-1,O=C(N(C)C(C(C#N)=C/1C)=O)C1=C/C2=CC(CCCCCC)=C(S2)C3=CC(CCCCCC)=C(S3)C4=CC(N5C(CCCCCCCC)CCCCCCCC)=C(C6=C5C=C(C7=C(CCCCCC)C=C(C8=C(CCCCCC)C=C(/C=C9C(N(C(C(C#N)=C\9C)=O)CCCC)=O)S8)S7)S6)S4,4.89,10.53,0.56,0.83
P1,FC(C(F)=C(C1=NC(C2=CC=C(C(OCCCCCCCC)=C2)OCCCCCCCC)=C(N=C31)C4=CC=C(C(OCCCCCCCC)=C4)OCCCCCCCC)C)=C3C(S5)=CC=C5C(C=C6)=CC=C6C7=CC=C(C)S7,DCI-2,O=C1C(/C(C2=CC=CC=C21)=C(C#N)/C#N)=C/C3=CC(CCCCCC)=C(S3)C4=CC(CCCCCC)=C(S4)C5=CC6=C(S5)C7=C(C=C(S7)C8=C(CCCCCC)C=C(C9=C(CCCCCC)C=C(/C=C(\C(C%10=CC=CC=C%10%11)=C(C#N)\C#N)C%11=O)S9)S8)N6C(CCCCCCCC)CCCCCCCC,6.94,13.77,0.63,0.8
P1,FC(C(F)=C(C1=NC(C2=CC=C(C(OCCCCCCCC)=C2)OCCCCCCCC)=C(N=C31)C4=CC=C(C(OCCCCCCCC)=C4)OCCCCCCCC)C)=C3C(S5)=CC=C5C(C=C6)=CC=C6C7=CC=C(C)S7,ITIC,c12cc3c(cc1C(c1c2sc2c1sc(c2)/C=C\1/C(=C(C#N)C#N)c2c(C1=O)cccc2)(c1ccc(cc1)CCCCCC)c1ccc(cc1)CCCCCC)c1c(C3(c2ccc(cc2)CCCCCC)c2ccc(cc2)CCCCCC)c2c(s1)cc(s2)/C=C\1/C(=C(C#N)C#N)c2c(C1=O)cccc2,7.14,14.11,0.634,0.78
P1,FC(C(F)=C(C1=NC(C2=CC=C(C(OCCCCCCCC)=C2)OCCCCCCCC)=C(N=C31)C4=CC=C(C(OCCCCCCCC)=C4)OCCCCCCCC)C)=C3C(S5)=CC=C5C(C=C6)=CC=C6C7=CC=C(C)S7,ITIC,c12cc3c(cc1C(c1c2sc2c1sc(c2)/C=C\1/C(=C(C#N)C#N)c2c(C1=O)cccc2)(c1ccc(cc1)CCCCCC)c1ccc(cc1)CCCCCC)c1c(C3(c2ccc(cc2)CCCCCC)c2ccc(cc2)CCCCCC)c2c(s1)cc(s2)/C=C\1/C(=C(C#N)C#N)c2c(C1=O)cccc2,7.6,16.3,0.581,0.8
P1,FC(C(F)=C(C1=NC(C2=CC=C(C(OCCCCCCCC)=C2)OCCCCCCCC)=C(N=C31)C4=CC=C(C(OCCCCCCCC)=C4)OCCCCCCCC)C)=C3C(S5)=CC=C5C(C=C6)=CC=C6C7=CC=C(C)S7,ITIC-Th,O=C(C1=CC=CC=C1C/2=C(C#N)\C#N)C2=C/C3=CC4=C(C(C(C5=CC=C(CCCCCC)S5)(C6=C7C=C8C(C9=CC=C(S9)CCCCCC)(C%10=CC=C(S%10)CCCCCC)C%11=C(SC%12=C%11SC(/C=C%13C(C%14=CC=CC=C%14C\%13=C(C#N)\C#N)=O)=C%12)C8=C6)C(S%15)=CC=C%15CCCCCC)=C7S4)S3,11.39,17.66,0.631,1.01
P1,FC(C(F)=C(C1=NC(C2=CC=C(C(OCCCCCCCC)=C2)OCCCCCCCC)=C(N=C31)C4=CC=C(C(OCCCCCCCC)=C4)OCCCCCCCC)C)=C3C(S5)=CC=C5C(C=C6)=CC=C6C7=CC=C(C)S7,IEICO-4F,FC1=CC2=C(C(/C(C2=O)=C/C3=CC(OCC(CC)CCCC)=C(S3)C4=CC5=C(S4)C6=CC(C7(C8=CC=C(CCCCCC)C=C8)C9=CC=C(CCCCCC)C=C9)=C(C%10=C7C=C(S%10)C%11=C(OCC(CC)CCCC)C=C(S%11)/C=C(/C(C%12=C%13C=C(F)C(F)=C%12)=C(C#N)\C#N)C%13=O)C=C6C5(C%14=CC=C(CCCCCC)C=C%14)C%15=CC=C(CCCCCC)C=C%15)=C(C#N)/C#N)C=C1F,1.31,4.2,0.367,0.81
P1,FC(C(F)=C(C1=NC(C2=CC=C(C(OCCCCCCCC)=C2)OCCCCCCCC)=C(N=C31)C4=CC=C(C(OCCCCCCCC)=C4)OCCCCCCCC)C)=C3C(S5)=CC=C5C(C=C6)=CC=C6C7=CC=C(C)S7,IT-4F,c1(cc2c(cc1F)C(=O)/C(=C\c1cc3c(s1)c1c(s3)c3c(C1(c1ccc(cc1)CCCCCC)c1ccc(cc1)CCCCCC)cc1c(c3)C(c3c1sc1c3sc(c1)/C=C/1\C(=O)c3c(C1=C(C#N)C#N)cc(c(c3)F)F)(c1ccc(cc1)CCCCCC)c1ccc(cc1)CCCCCC)/C2=C(C#N)C#N)F,8.8,21.6,0.55,0.74
P[DTffBT-TbT(6)]-2OD,FC(C(F)=C(C1=NSN=C21)C3=CC(CCCCCCCCCCCCCCCCCCCC)=C(S3)C)=C2C4=CC(C#CC#CC#CC#CC#CC#CC#CC#CC#CC#C)=C(S4)C(S5)=CC=C5C6=CC=C7C=C(C)SC7=C6.[HH].[HH].[HH].[HH].[HH].[HH].[HH].[HH].[HH].[HH],ITIC,c12cc3c(cc1C(c1c2sc2c1sc(c2)/C=C\1/C(=C(C#N)C#N)c2c(C1=O)cccc2)(c1ccc(cc1)CCCCCC)c1ccc(cc1)CCCCCC)c1c(C3(c2ccc(cc2)CCCCCC)c2ccc(cc2)CCCCCC)c2c(s1)cc(s2)/C=C\1/C(=C(C#N)C#N)c2c(C1=O)cccc2,6.9,13.0,0.592,0.899
P[DTffBT-TbT(6)]-2OD,FC(C(F)=C(C1=NSN=C21)C3=CC(CCCCCCCCCCCCCCCCCCCC)=C(S3)C)=C2C4=CC(C#CC#CC#CC#CC#CC#CC#CC#CC#CC#C)=C(S4)C(S5)=CC=C5C6=CC=C7C=C(C)SC7=C6.[HH].[HH].[HH].[HH].[HH].[HH].[HH].[HH].[HH].[HH],IDIC,N#C/C(C#N)=C(C1=CC=CC=C1C2=O)/C2=C/C3=CC4=C(C5=C(C=C6C(C(CCCCCC)(CCCCCC)C7=C6SC(/C=C8/C(C9=CC=CC=C9C8=O)=C(C#N)/C#N)=C7)=C5)C4(CCCCCC)CCCCCC)S3,6.8,12.9,0.682,0.778
P[DTffBT-TbT(5)]-2OD,FC(C(F)=C(C1=NSN=C21)C3=CC(CCCCCCCCCCCCCCCCCCCC)=C(S3)C)=C2C4=CC(C#CC#CC#CC#CC#CC#CC#CC#CC#CC#C)=C(S4)C(S5)=CC=C5C6=CC7=C(SC(C)=C7)C=C6.[HH].[HH].[HH].[HH].[HH].[HH].[HH].[HH].[HH].[HH],ITIC,c12cc3c(cc1C(c1c2sc2c1sc(c2)/C=C\1/C(=C(C#N)C#N)c2c(C1=O)cccc2)(c1ccc(cc1)CCCCCC)c1ccc(cc1)CCCCCC)c1c(C3(c2ccc(cc2)CCCCCC)c2ccc(cc2)CCCCCC)c2c(s1)cc(s2)/C=C\1/C(=C(C#N)C#N)c2c(C1=O)cccc2,6.8,14.2,0.487,0.985
P[DTffBT-TbT(5)]-2OD,FC(C(F)=C(C1=NSN=C21)C3=CC(CCCCCCCCCCCCCCCCCCCC)=C(S3)C)=C2C4=CC(C#CC#CC#CC#CC#CC#CC#CC#CC#CC#C)=C(S4)C(S5)=CC=C5C6=CC7=C(SC(C)=C7)C=C6.[HH].[HH].[HH].[HH].[HH].[HH].[HH].[HH].[HH].[HH],IDIC,N#C/C(C#N)=C(C1=CC=CC=C1C2=O)/C2=C/C3=CC4=C(C5=C(C=C6C(C(CCCCCC)(CCCCCC)C7=C6SC(/C=C8/C(C9=CC=CC=C9C8=O)=C(C#N)/C#N)=C7)=C5)C4(CCCCCC)CCCCCC)S3,8.5,17.5,0.537,0.899
P(NDI2OD-T2,CC1=C(C(N(C2=O)CC(CCCCCCCC)CCCCCCCCCC)=O)C(C2=CC(C(S3)=CC=C3C4=CC=C(C)S4)=C5C(N(C6=O)CC(CCCCCCCCCC)CCCCCCCC)=O)=C5C6=C1,ITIC,c12cc3c(cc1C(c1c2sc2c1sc(c2)/C=C\1/C(=C(C#N)C#N)c2c(C1=O)cccc2)(c1ccc(cc1)CCCCCC)c1ccc(cc1)CCCCCC)c1c(C3(c2ccc(cc2)CCCCCC)c2ccc(cc2)CCCCCC)c2c(s1)cc(s2)/C=C\1/C(=C(C#N)C#N)c2c(C1=O)cccc2,6.44,14.77,0.54,0.81
P(fTh-2DBDT)-C6,CCCCCCC1=C(SC(C2=CC(C(C3=CC=C(S3)CC(CCCC)CC)=C4SC(C)=CC4=C5C6=CC=C(S6)CC(CCCC)CC)=C5S2)=C1F)C,ITIC-Th,O=C(C1=CC=CC=C1C/2=C(C#N)\C#N)C2=C/C3=CC4=C(C(C(C5=CC=C(CCCCCC)S5)(C6=C7C=C8C(C9=CC=C(S9)CCCCCC)(C%10=CC=C(S%10)CCCCCC)C%11=C(SC%12=C%11SC(/C=C%13C(C%14=CC=CC=C%14C\%13=C(C#N)\C#N)=O)=C%12)C8=C6)C(S%15)=CC=C%15CCCCCC)=C7S4)S3,11.1,17.1,0.628,0.94
P(F-Cl),CC1=C(C)C(Cl)=C(C2=CC3=C(C(C4=CC(F)=C(CCCCCCCC)S4)=C5C=C(C)SC5=C3C6=CC(F)=C(CCCCCCCC)S6)S2)S1,IT-4F,c1(cc2c(cc1F)C(=O)/C(=C\c1cc3c(s1)c1c(s3)c3c(C1(c1ccc(cc1)CCCCCC)c1ccc(cc1)CCCCCC)cc1c(c3)C(c3c1sc1c3sc(c1)/C=C/1\C(=O)c3c(C1=C(C#N)C#N)cc(c(c3)F)F)(c1ccc(cc1)CCCCCC)c1ccc(cc1)CCCCCC)/C2=C(C#N)C#N)F,11.8,20.3,0.66,0.879
P(Cl-Cl),CC1=C(C)C(Cl)=C(C2=CC3=C(C(C4=CC(Cl)=C(CCCCCCCC)S4)=C5C=C(C)SC5=C3C6=CC(Cl)=C(CCCCCCCC)S6)S2)S1,IT-4F,c1(cc2c(cc1F)C(=O)/C(=C\c1cc3c(s1)c1c(s3)c3c(C1(c1ccc(cc1)CCCCCC)c1ccc(cc1)CCCCCC)cc1c(c3)C(c3c1sc1c3sc(c1)/C=C/1\C(=O)c3c(C1=C(C#N)C#N)cc(c(c3)F)F)(c1ccc(cc1)CCCCCC)c1ccc(cc1)CCCCCC)/C2=C(C#N)C#N)F,10.2,20.3,0.561,0.899
P,CC1=CC2=C(C3=C([Si]2(CCCCCCCC)CCCCCCCC)C=C(C4=C(C=C(C5=NN(N=C45)CCCCCC)C6=CC7=C(C8=C([Si]7(CCCCCCCC)CCCCCCCC)C=C(C9=CC(F)=C(C%10=NN(N=C9%10)CCCCCC)C)S8)S6)F)S3)S1,DPP7,O=C(C1=C(N(C(C1=C2C3=CC=CS3)=O)CCCCCCCCCC)C4=CC=C(S4)C(/C(C5=CC=C(C=C5)N6C7=C(C=CC=C7)C8=C6C=CC=C8)=C(C#N)\C#N)=C(C#N)\C#N)N2CCCCCCCCCC,4.86,10.56,0.49,0.94
P,CC1=CC2=C(C3=C([Si]2(CCCCCCCC)CCCCCCCC)C=C(C4=C(C=C(C5=NN(N=C45)CCCCCC)C6=CC7=C(C8=C([Si]7(CCCCCCCC)CCCCCCCC)C=C(C9=CC(F)=C(C%10=NN(N=C9%10)CCCCCC)C)S8)S6)F)S3)S1,DPP8,O=C(C1=C(N(C(C1=C2C3=CC=C(S3)C#CC4=CC=C(C=C4)N5C6=C(C=CC=C6)C7=C5C=CC=C7)=O)CCCCCCCCCC)C8=CC=C(C(/C(C9=CC=C(C=C9)N%10C%11=C(C=CC=C%11)C%12=C%10C=CC=C%12)=C(C#N)\C#N)=C(C#N)\C#N)S8)N2CCCCCCCCCC,7.19,13.78,0.58,0.9
m-PBDTPS?FTAZ,FC(C(F)=C(C1=N2)C3=CC=C(S3)C4=CC5=C(C6=C(C(C7=CC=CC([S]CCCCCCCC)=C7)=C5S4)C=C(C)S6)C8=CC=CC([S]CCCCCCCC)=C8)=C(C9=CC=C(C)S9)C1=NN2CCCCCCCCCCCCCCCC,ITIC,c12cc3c(cc1C(c1c2sc2c1sc(c2)/C=C\1/C(=C(C#N)C#N)c2c(C1=O)cccc2)(c1ccc(cc1)CCCCCC)c1ccc(cc1)CCCCCC)c1c(C3(c2ccc(cc2)CCCCCC)c2ccc(cc2)CCCCCC)c2c(s1)cc(s2)/C=C\1/C(=C(C#N)C#N)c2c(C1=O)cccc2,13.16,18.02,0.715,0.95
L810,FC(C(F)=C(C1=N2)C3=CC=C(S3)C4=CC5=C(C6=C(C(C7=CC(Cl)=C(S7)CC(CCCC)CC)=C5S4)C=C(C)S6)C8=CC(Cl)=C(S8)CC(CCCC)CC)=C(C9=CC=C(C)S9)C1=NN2CCC(CCCCCCCCCC)CCCCCCCC,IT-4F,c1(cc2c(cc1F)C(=O)/C(=C\c1cc3c(s1)c1c(s3)c3c(C1(c1ccc(cc1)CCCCCC)c1ccc(cc1)CCCCCC)cc1c(c3)C(c3c1sc1c3sc(c1)/C=C/1\C(=O)c3c(C1=C(C#N)C#N)cc(c(c3)F)F)(c1ccc(cc1)CCCCCC)c1ccc(cc1)CCCCCC)/C2=C(C#N)C#N)F,12.1,20.76,0.735,0.79
L68,FC(C(F)=C(C1=N2)C3=CC=C(S3)C4=CC5=C(C6=C(C(C7=CC(Cl)=C(S7)CC(CCCC)CC)=C5S4)C=C(C)S6)C8=CC(Cl)=C(S8)CC(CCCC)CC)=C(C9=CC=C(C)S9)C1=NN2CCC(CCCCCC)CCCCCCCC,IT-4F,c1(cc2c(cc1F)C(=O)/C(=C\c1cc3c(s1)c1c(s3)c3c(C1(c1ccc(cc1)CCCCCC)c1ccc(cc1)CCCCCC)cc1c(c3)C(c3c1sc1c3sc(c1)/C=C/1\C(=O)c3c(C1=C(C#N)C#N)cc(c(c3)F)F)(c1ccc(cc1)CCCCCC)c1ccc(cc1)CCCCCC)/C2=C(C#N)C#N)F,9.3,19.5,0.632,0.758
L24,FC(C(F)=C(C1=N2)C3=CC=C(S3)C4=CC5=C(C6=C(C(C7=CC(Cl)=C(S7)CC(CCCC)CC)=C5S4)C=C(C)S6)C8=CC(Cl)=C(S8)CC(CCCC)CC)=C(C9=CC=C(C)S9)C1=NN2CCC(CC)CCCC,IT-4F,c1(cc2c(cc1F)C(=O)/C(=C\c1cc3c(s1)c1c(s3)c3c(C1(c1ccc(cc1)CCCCCC)c1ccc(cc1)CCCCCC)cc1c(c3)C(c3c1sc1c3sc(c1)/C=C/1\C(=O)c3c(C1=C(C#N)C#N)cc(c(c3)F)F)(c1ccc(cc1)CCCCCC)c1ccc(cc1)CCCCCC)/C2=C(C#N)C#N)F,1.33,7.41,0.363,0.741
J81,CC1=CC(C(C2=CC=C(S2)[Si](CCC)(CCC)CCC)=C3OC(C4=CC=C(S4)C5=C(C(F)=C(C6=NN(N=C56)CC(CCCCCCCC)CCCCCC)C7=CC=C(C)S7)F)=CC3=C8C9=CC=C(S9)[Si](CCC)(CCC)CCC)=C8O1,ITIC,c12cc3c(cc1C(c1c2sc2c1sc(c2)/C=C\1/C(=C(C#N)C#N)c2c(C1=O)cccc2)(c1ccc(cc1)CCCCCC)c1ccc(cc1)CCCCCC)c1c(C3(c2ccc(cc2)CCCCCC)c2ccc(cc2)CCCCCC)c2c(s1)cc(s2)/C=C\1/C(=C(C#N)C#N)c2c(C1=O)cccc2,10.6,15.27,0.731,0.95
J81,CC1=CC(C(C2=CC=C(S2)[Si](CCC)(CCC)CCC)=C3OC(C4=CC=C(S4)C5=C(C(F)=C(C6=NN(N=C56)CC(CCCCCCCC)CCCCCC)C7=CC=C(C)S7)F)=CC3=C8C9=CC=C(S9)[Si](CCC)(CCC)CCC)=C8O1,m-ITIC,c12cc3c(cc1C(c1c2sc2c1sc(c2)/C=C\1/C(=C(C#N)C#N)c2c(C1=O)cccc2)(c1cccc(c1)CCCCCC)c1cc(ccc1)CCCCCC)c1c(C3(c2cc(ccc2)CCCCCC)c2cccc(c2)CCCCCC)c2c(s1)cc(s2)/C=C\1/C(=C(C#N)C#N)c2c(C1=O)cccc2,11.05,16.48,0.698,0.96
J76,CC1=CC2=C(C(C(S3)=CC=C3[Si](CCC)(CCC)CCC)=C4C=C(SC4=C2C5=CC=C(S5)[Si](CCC)(CCC)CCC)C6=CC=C([Se]6)C(C7[N]N([N]C7C(C8=CC=C(C)[Se]8)=C9F)CC(CCCCCC)CCCCCCCC)=C9F)S1,m-ITIC,c12cc3c(cc1C(c1c2sc2c1sc(c2)/C=C\1/C(=C(C#N)C#N)c2c(C1=O)cccc2)(c1cccc(c1)CCCCCC)c1cc(ccc1)CCCCCC)c1c(C3(c2cc(ccc2)CCCCCC)c2cccc(c2)CCCCCC)c2c(s1)cc(s2)/C=C\1/C(=C(C#N)C#N)c2c(C1=O)cccc2,11.04,17.04,0.712,0.91
J75,CC1=CC2=C(C(C([Se]3)=CC=C3[Si](CCC)(CCC)CCC)=C4C=C(SC4=C2C5=CC=C([Se]5)[Si](CCC)(CCC)CCC)C6=CC=C(S6)C(C7[N]N([N]C7C(C8=CC=C(C)S8)=C9F)CC(CCCCCC)CCCCCCCC)=C9F)S1,m-ITIC,c12cc3c(cc1C(c1c2sc2c1sc(c2)/C=C\1/C(=C(C#N)C#N)c2c(C1=O)cccc2)(c1cccc(c1)CCCCCC)c1cc(ccc1)CCCCCC)c1c(C3(c2cc(ccc2)CCCCCC)c2cccc(c2)CCCCCC)c2c(s1)cc(s2)/C=C\1/C(=C(C#N)C#N)c2c(C1=O)cccc2,11.41,17.11,0.695,0.96
J71,CC1=CC2=C(S1)C(C3=CC=C([Si](CCC)(CCC)CCC)S3)=C4C=C(C5=CC=C(C6=C(F)C(F)=C(C7=CC=C(S7)C)C8=NN(CC(CCCCCCCC)CCCCCC)N=C68)S5)SC4=C2C9=CC=C([Si](CCC)(CCC)CCC)S9,IT-M,O=C(C1=CC=CC=C1C/2=C(C#N)/C#N)C2=C/C3=CC(SC4C5C(C)=C(C(C6=CC=C(C=C6)CCCCCC)(C7=CC=C(C=C7)CCCCCC)C8=CSC9=C8SC(/C=C%10C(C(C=CC=C%11)=C%11C\%10=C(C#N)/C#N)=C)=C9)C=C(C)C5C(C%12=CC=C(C=C%12)CCCCCC)(C%13=CC=C(C=C%13)CCCCCC)C%144)=C%14S3,10.68,17.71,0.615,0.981
J71,CC1=CC2=C(S1)C(C3=CC=C([Si](CCC)(CCC)CCC)S3)=C4C=C(C5=CC=C(C6=C(F)C(F)=C(C7=CC=C(S7)C)C8=NN(CC(CCCCCCCC)CCCCCC)N=C68)S5)SC4=C2C9=CC=C([Si](CCC)(CCC)CCC)S9,ITIC,c12cc3c(cc1C(c1c2sc2c1sc(c2)/C=C\1/C(=C(C#N)C#N)c2c(C1=O)cccc2)(c1ccc(cc1)CCCCCC)c1ccc(cc1)CCCCCC)c1c(C3(c2ccc(cc2)CCCCCC)c2ccc(cc2)CCCCCC)c2c(s1)cc(s2)/C=C\1/C(=C(C#N)C#N)c2c(C1=O)cccc2,10.65,16.26,0.682,0.929
J71,CC1=CC2=C(S1)C(C3=CC=C([Si](CCC)(CCC)CCC)S3)=C4C=C(C5=CC=C(C6=C(F)C(F)=C(C7=CC=C(S7)C)C8=NN(CC(CCCCCCCC)CCCCCC)N=C68)S5)SC4=C2C9=CC=C([Si](CCC)(CCC)CCC)S9,ITCPTC,O=C(C1=CSC=C1C/2=C(C#N)\C#N)C2=C/C3=CC(SC(C(C=C4C5(C6=CC=C(C=C6)CCCCCCCC)C7=CC=C(CCCCCCCC)C=C7)=C8C=C4C9=C5C%10=C(C=C(S%10)/C=C%11C(C%12=CSC=C%12C\%11=C(C#N)\C#N)=O)S9)=C%13C8(C%14=CC=C(C=C%14)CCCCCCCC)C%15=CC=C(CCCCCCCC)C=C%15)=C%13S3,11.63,17.52,0.741,0.896
J71,CC1=CC2=C(S1)C(C3=CC=C([Si](CCC)(CCC)CCC)S3)=C4C=C(C5=CC=C(C6=C(F)C(F)=C(C7=CC=C(S7)C)C8=NN(CC(CCCCCCCC)CCCCCC)N=C68)S5)SC4=C2C9=CC=C([Si](CCC)(CCC)CCC)S9,MeIC,[CH3]C1=C(C(C(/C2=C(C#N)/C#N)=C\C3=CC4=C(S3)C(C(C(C=C5)=CC=C5CCCCCC)(C6=CC7=C8C(C9=CC=C(C=C9)CCCCCC)(C%10=CC=C(C=C%10)CCCCCC)C%11=C7SC%12=C%11SC(/C=C%13C(C%14=C([CH3])SC=C%14C\%13=C(C#N)\C#N)=O)=C%12)C(C=C%15)=CC=C%15CCCCCC)=C(C6=C8)S4)=O)C2=CS1,12.54,18.41,0.742,0.918
J71,CC1=CC2=C(S1)C(C3=CC=C([Si](CCC)(CCC)CCC)S3)=C4C=C(C5=CC=C(C6=C(F)C(F)=C(C7=CC=C(S7)C)C8=NN(CC(CCCCCCCC)CCCCCC)N=C68)S5)SC4=C2C9=CC=C([Si](CCC)(CCC)CCC)S9,BT-IC,c1cccc2c1C(=C(C#N)C#N)/C(=C/c1cc3c(s1)c1c(C3(c3ccc(cc3)CCCCCC)c3ccc(cc3)CCCCCC)c3c(s1)c(c1c(c3O[C@H](CCCC)CC)sc3c1C(c1c3sc(c1)/C=C\1/C(=C(C#N)C#N)c3c(C1=O)cccc3)(c1ccc(cc1)CCCCCC)c1ccc(cc1)CCCCCC)O[C@@H](CC)CCCC)/C2=O,10.46,17.75,0.657,0.9
J71,CC1=CC2=C(S1)C(C3=CC=C([Si](CCC)(CCC)CCC)S3)=C4C=C(C5=CC=C(C6=C(F)C(F)=C(C7=CC=C(S7)C)C8=NN(CC(CCCCCCCC)CCCCCC)N=C68)S5)SC4=C2C9=CC=C([Si](CCC)(CCC)CCC)S9,m-MeIC,O=C(C1=C(C)SC=C1C/2=C(C#N)\C#N)C2=C\C3=CC(SC4=C5C(C6=CC(CCCCCC)=CC=C6)(C7=CC=CC(CCCCCC)=C7)C(C4=C8)=CC9=C8C(C%10=CC(CCCCCC)=CC=C%10)(C%11=CC=CC(CCCCCC)=C%11)C%12=C9SC%13=C%12SC(/C=C%14C(C%15=C(C)SC=C%15C/%14=C(C#N)/C)=O)=C%13)=C5S3,12.08,18.45,0.692,0.919
J71,CC1=CC2=C(S1)C(C3=CC=C([Si](CCC)(CCC)CCC)S3)=C4C=C(C5=CC=C(C6=C(F)C(F)=C(C7=CC=C(S7)C)C8=NN(CC(CCCCCCCC)CCCCCC)N=C68)S5)SC4=C2C9=CC=C([Si](CCC)(CCC)CCC)S9,ITIC,c12cc3c(cc1C(c1c2sc2c1sc(c2)/C=C\1/C(=C(C#N)C#N)c2c(C1=O)cccc2)(c1ccc(cc1)CCCCCC)c1ccc(cc1)CCCCCC)c1c(C3(c2ccc(cc2)CCCCCC)c2ccc(cc2)CCCCCC)c2c(s1)cc(s2)/C=C\1/C(=C(C#N)C#N)c2c(C1=O)cccc2,11.41,17.32,0.698,0.94
J71,CC1=CC2=C(S1)C(C3=CC=C([Si](CCC)(CCC)CCC)S3)=C4C=C(C5=CC=C(C6=C(F)C(F)=C(C7=CC=C(S7)C)C8=NN(CC(CCCCCCCC)CCCCCC)N=C68)S5)SC4=C2C9=CC=C([Si](CCC)(CCC)CCC)S9,IDTNTC,O=C(C1=CSC=C1C/2=C(C#N)\C#N)C2=C/C3=CC(SC4=C5C(C6=CC=C(C=C6)CCCCCC)(C(C=C7)=CC=C7CCCCCC)C8=CC(C9=C(C%10(C%11=CC=C(C=C%11)CCCCCC)C%12=CC=C(C=C%12)CCCCCC)C%13=C(SC(/C=C%14C(C%15=CSC=C%15C\%14=C(C#N)\C#N)=O)=C%13)S9)=C%10C=C48)=C5S3,8.52,14.16,0.638,0.942
J71,CC1=CC2=C(S1)C(C3=CC=C([Si](CCC)(CCC)CCC)S3)=C4C=C(C5=CC=C(C6=C(F)C(F)=C(C7=CC=C(S7)C)C8=NN(CC(CCCCCCCC)CCCCCC)N=C68)S5)SC4=C2C9=CC=C([Si](CCC)(CCC)CCC)S9,TTz1,c1c(c2c(c(c1)c1sc(c(c1)C[C@@H](CCCCCC)CCCC)c1nc3c(s1)nc(s3)c1c(cc(s1)c1ccc(c3c1nsn3)C=C(C#N)C#N)C[C@@H](CCCC)CCCCCC)nsn2)C=C(C#N)C#N,8.77,15.43,0.632,0.9
J71,CC1=CC2=C(S1)C(C3=CC=C([Si](CCC)(CCC)CCC)S3)=C4C=C(C5=CC=C(C6=C(F)C(F)=C(C7=CC=C(S7)C)C8=NN(CC(CCCCCCCC)CCCCCC)N=C68)S5)SC4=C2C9=CC=C([Si](CCC)(CCC)CCC)S9,TTz2,c1c(c2c(c(c1)c1sc(c(c1)C[C@H](CCCCCC)CCCC)c1nc3c(s1)nc(s3)c1c(cc(s1)c1ccc(c3c1nsn3)/C=c/1\sc(=C(C#N)C#N)n(c1=O)CC)C[C@H](CCCC)CCCCCC)nsn2)/C=c/1\sc(=C(C#N)C#N)n(c1=O)CC,6.3,12.75,0.537,0.92
J71,CC1=CC2=C(S1)C(C3=CC=C([Si](CCC)(CCC)CCC)S3)=C4C=C(C5=CC=C(C6=C(F)C(F)=C(C7=CC=C(S7)C)C8=NN(CC(CCCCCCCC)CCCCCC)N=C68)S5)SC4=C2C9=CC=C([Si](CCC)(CCC)CCC)S9,m-IDTIDT-FIC,O=C1C2=C(C=C(F)C(F)=C2)C(/C1=C/C(S3)=CC4=C3C5=CC(C6(C7=CC=C(CCCCCC)C=C7)C8=CC=C(CCCCCC)C=C8)=C(C=C5C4(C9=CC=C(CCCCCC)C=C9)C%10=CC=C(CCCCCC)C=C%10)C%11=C6C(S%12)=C(S%11)C%13=C%12C%14=CC(C%15(C%16=CC=C(CCCCCC)C=C%16)C%17=CC=C(CCCCCC)C=C%17)=C(C=C%14C%13(C%18=CC=C(CCCCCC)C=C%18)C%19=CC=C(CCCCCC)C=C%19)C%20=C%15C=C(/C=C%21/C(C(C=C(F)C(F)=C%22)=C%22C%21=O)=C(C#N)/C#N)S%20)=C(C#N)\C#N,11.32,18.01,0.683,0.92
J71,CC1=CC2=C(S1)C(C3=CC=C([Si](CCC)(CCC)CCC)S3)=C4C=C(C5=CC=C(C6=C(F)C(F)=C(C7=CC=C(S7)C)C8=NN(CC(CCCCCCCC)CCCCCC)N=C68)S5)SC4=C2C9=CC=C([Si](CCC)(CCC)CCC)S9,m-ITIC,c12cc3c(cc1C(c1c2sc2c1sc(c2)/C=C\1/C(=C(C#N)C#N)c2c(C1=O)cccc2)(c1cccc(c1)CCCCCC)c1cc(ccc1)CCCCCC)c1c(C3(c2cc(ccc2)CCCCCC)c2cccc(c2)CCCCCC)c2c(s1)cc(s2)/C=C\1/C(=C(C#N)C#N)c2c(C1=O)cccc2,11.73,17.53,0.712,0.94
J71,CC1=CC2=C(S1)C(C3=CC=C([Si](CCC)(CCC)CCC)S3)=C4C=C(C5=CC=C(C6=C(F)C(F)=C(C7=CC=C(S7)C)C8=NN(CC(CCCCCCCC)CCCCCC)N=C68)S5)SC4=C2C9=CC=C([Si](CCC)(CCC)CCC)S9,HCN-C8,O=C(C1=C(C=CC=C1)C/2=C(C#N)/C#N)C2=C/C3=CC4=C(S3)C5=CC6=C(C=C5C4(C7=CC=C(CCCCCC)C=C7)C8=CC=C(CCCCCC)C=C8)C9=CC(C(C%10=CC=C(CCCCCC)C=C%10)(C%11=C%12SC(/C=C%13C(C(C=CC=C%14)=C%14C\%13=C(C#N)/C#N)=O)=C%11)C%15=CC=C(CCCCCC)C=C%15)=C%12C=C9N6CCCCCCCC,2.38,6.24,0.378,1.01
J71,CC1=CC2=C(S1)C(C3=CC=C([Si](CCC)(CCC)CCC)S3)=C4C=C(C5=CC=C(C6=C(F)C(F)=C(C7=CC=C(S7)C)C8=NN(CC(CCCCCCCC)CCCCCC)N=C68)S5)SC4=C2C9=CC=C([Si](CCC)(CCC)CCC)S9,HCN-C16,O=C(C1=C(C=CC=C1)C/2=C(C#N)/C#N)C2=C/C3=CC4=C(S3)C5=CC6=C(C=C5C4(C7=CC=C(CCCCCC)C=C7)C8=CC=C(CCCCCC)C=C8)C9=CC(C(C%10=CC=C(CCCCCC)C=C%10)(C%11=C%12SC(/C=C%13C(C(C=CC=C%14)=C%14C\%13=C(C#N)/C#N)=O)=C%11)C%15=CC=C(CCCCCC)C=C%15)=C%12C=C9N6CCCCCCCCCCCCCCCC,5.51,12.3,0.435,1.03
J71,CC1=CC2=C(S1)C(C3=CC=C([Si](CCC)(CCC)CCC)S3)=C4C=C(C5=CC=C(C6=C(F)C(F)=C(C7=CC=C(S7)C)C8=NN(CC(CCCCCCCC)CCCCCC)N=C68)S5)SC4=C2C9=CC=C([Si](CCC)(CCC)CCC)S9,H2FCN-C16,O=C(C1=C(C=C(F)C(F)=C1)C/2=C(C#N)/C#N)C2=C/C3=CC4=C(S3)C5=CC6=C(C=C5C4(C7=CC=C(CCCCCC)C=C7)C8=CC=C(CCCCCC)C=C8)C9=CC(C(C%10=CC=C(CCCCCC)C=C%10)(C%11=C%12SC(/C=C%13C(C(C=C(F)C(F)=C%14)=C%14C\%13=C(C#N)/C#N)=O)=C%11)C%15=CC=C(CCCCCC)C=C%15)=C%12C=C9N6CCCCCCCCCCCCCCCC,11.18,18.62,0.667,0.9
J71,CC1=CC2=C(S1)C(C3=CC=C([Si](CCC)(CCC)CCC)S3)=C4C=C(C5=CC=C(C6=C(F)C(F)=C(C7=CC=C(S7)C)C8=NN(CC(CCCCCCCC)CCCCCC)N=C68)S5)SC4=C2C9=CC=C([Si](CCC)(CCC)CCC)S9,ITIC,c12cc3c(cc1C(c1c2sc2c1sc(c2)/C=C\1/C(=C(C#N)C#N)c2c(C1=O)cccc2)(c1ccc(cc1)CCCCCC)c1ccc(cc1)CCCCCC)c1c(C3(c2ccc(cc2)CCCCCC)c2ccc(cc2)CCCCCC)c2c(s1)cc(s2)/C=C\1/C(=C(C#N)C#N)c2c(C1=O)cccc2,10.9,16.96,0.64,0.925
J71,CC1=CC2=C(S1)C(C3=CC=C([Si](CCC)(CCC)CCC)S3)=C4C=C(C5=CC=C(C6=C(F)C(F)=C(C7=CC=C(S7)C)C8=NN(CC(CCCCCCCC)CCCCCC)N=C68)S5)SC4=C2C9=CC=C([Si](CCC)(CCC)CCC)S9,ITC6-IC,CCCCCCC(C(SC1=C2C(C3=CC=C(C=C3)CCCCCC)(C(C=C4C5=C6C7=C(C(CCCCCC)=C(S7)/C=C8C(C(C=CC=C9)=C9C\8=C(C#N)\C#N)=O)S5)=C1C=C4C6(C(C=C%10)=CC=C%10CCCCCC)C(C=C%11)=CC=C%11CCCCCC)C(C=C%12)=CC=C%12CCCCCC)=C2S%13)=C%13/C=C%14C(C(C=CC=C%15)=C%15C\%14=C(C#N)/C#N)=O,11.32,18.35,0.658,0.938
J71,CC1=CC2=C(S1)C(C3=CC=C([Si](CCC)(CCC)CCC)S3)=C4C=C(C5=CC=C(C6=C(F)C(F)=C(C7=CC=C(S7)C)C8=NN(CC(CCCCCCCC)CCCCCC)N=C68)S5)SC4=C2C9=CC=C([Si](CCC)(CCC)CCC)S9,MeIC,[CH3]C1=C(C(C(/C2=C(C#N)/C#N)=C\C3=CC4=C(S3)C(C(C(C=C5)=CC=C5CCCCCC)(C6=CC7=C8C(C9=CC=C(C=C9)CCCCCC)(C%10=CC=C(C=C%10)CCCCCC)C%11=C7SC%12=C%11SC(/C=C%13C(C%14=C([CH3])SC=C%14C\%13=C(C#N)\C#N)=O)=C%12)C(C=C%15)=CC=C%15CCCCCC)=C(C6=C8)S4)=O)C2=CS1,10.57,18.37,0.634,0.908
J71,CC1=CC2=C(S1)C(C3=CC=C([Si](CCC)(CCC)CCC)S3)=C4C=C(C5=CC=C(C6=C(F)C(F)=C(C7=CC=C(S7)C)C8=NN(CC(CCCCCCCC)CCCCCC)N=C68)S5)SC4=C2C9=CC=C([Si](CCC)(CCC)CCC)S9,ITCPTC,O=C(C1=CSC=C1C/2=C(C#N)\C#N)C2=C/C3=CC(SC(C(C=C4C5(C6=CC=C(C=C6)CCCCCCCC)C7=CC=C(CCCCCCCC)C=C7)=C8C=C4C9=C5C%10=C(C=C(S%10)/C=C%11C(C%12=CSC=C%12C\%11=C(C#N)\C#N)=O)S9)=C%13C8(C%14=CC=C(C=C%14)CCCCCCCC)C%15=CC=C(CCCCCCCC)C=C%15)=C%13S3,10.46,17.46,0.68,0.881
J71,CC1=CC2=C(S1)C(C3=CC=C([Si](CCC)(CCC)CCC)S3)=C4C=C(C5=CC=C(C6=C(F)C(F)=C(C7=CC=C(S7)C)C8=NN(CC(CCCCCCCC)CCCCCC)N=C68)S5)SC4=C2C9=CC=C([Si](CCC)(CCC)CCC)S9,ITIC,c12cc3c(cc1C(c1c2sc2c1sc(c2)/C=C\1/C(=C(C#N)C#N)c2c(C1=O)cccc2)(c1ccc(cc1)CCCCCC)c1ccc(cc1)CCCCCC)c1c(C3(c2ccc(cc2)CCCCCC)c2ccc(cc2)CCCCCC)c2c(s1)cc(s2)/C=C\1/C(=C(C#N)C#N)c2c(C1=O)cccc2,10.95,18.06,0.658,0.93
J61-F,CC1=CC(C(C2=CC=C(S2)SCCCCCCCCCCCC)=C3SC(C4=CC=C(C5=C(C(F)=C(C6=NN(CC(CCCCCCCC)CCCCCC)N=C56)C7=CC=C(C)O7)F)O4)=CC3=C8C9=CC=C(SCCCCCCCCCCCC)S9)=C8S1,ITIC,c12cc3c(cc1C(c1c2sc2c1sc(c2)/C=C\1/C(=C(C#N)C#N)c2c(C1=O)cccc2)(c1ccc(cc1)CCCCCC)c1ccc(cc1)CCCCCC)c1c(C3(c2ccc(cc2)CCCCCC)c2ccc(cc2)CCCCCC)c2c(s1)cc(s2)/C=C\1/C(=C(C#N)C#N)c2c(C1=O)cccc2,8.24,13.12,0.661,0.95
J61,FC1=C(C2=CC=C(C3=CC4=C(C5=CC=C(SCCCCCCCCCCCC)S5)C(SC(C)=C6)=C6C(C7=CC=C(SCCCCCCCCCCCC)S7)=C4S3)S2)C8=NN(CC(CCCCCC)CCCCCCCC)N=C8C(C9=CC=C(C%10=CC(C(C%11=CC=C(SCCCCCCCCCCCC)S%11)=C(S%12)C(C=C%12C)=C%13C%14=CC=C(SCCCCCCCCCCCC)S%14)=C%13S%10)S9)=C1F,BTA3,O=C(/C(S/1)=C\C(C2=NN(N=C32)CCCCCCCC)=CC=C3C4=CC5=C(S4)C6=CC7=C(C=C6C5(C8=CC=C(C=C8)CCCCCC)C9=CC=C(C=C9)CCCCCC)C(SC(C(C%10=NN(CCCCCCCC)N=C%11%10)=CC=C%11/C=C%12S/C(N(C\%12=O)CC)=C(C#N)/C#N)=C%13)=C%13C7(C%14=CC=C(CCCCCC)C=C%14)C%15=CC=C(CCCCCC)C=C%15)N(CC)C1=C(C#N)/C#N,8.25,10.84,0.662,1.15
J61,FC1=C(C2=CC=C(C3=CC4=C(C5=CC=C(SCCCCCCCCCCCC)S5)C(SC(C)=C6)=C6C(C7=CC=C(SCCCCCCCCCCCC)S7)=C4S3)S2)C8=NN(CC(CCCCCC)CCCCCCCC)N=C8C(C9=CC=C(C%10=CC(C(C%11=CC=C(SCCCCCCCCCCCC)S%11)=C(S%12)C(C=C%12C)=C%13C%14=CC=C(SCCCCCCCCCCCC)S%14)=C%13S%10)S9)=C1F,BT-IC,c1cccc2c1C(=C(C#N)C#N)/C(=C/c1cc3c(s1)c1c(C3(c3ccc(cc3)CCCCCC)c3ccc(cc3)CCCCCC)c3c(s1)c(c1c(c3O[C@H](CCCC)CC)sc3c1C(c1c3sc(c1)/C=C\1/C(=C(C#N)C#N)c3c(C1=O)cccc3)(c1ccc(cc1)CCCCCC)c1ccc(cc1)CCCCCC)O[C@@H](CC)CCCC)/C2=O,9.56,16.35,0.671,0.87
J61,FC1=C(C2=CC=C(C3=CC4=C(C5=CC=C(SCCCCCCCCCCCC)S5)C(SC(C)=C6)=C6C(C7=CC=C(SCCCCCCCCCCCC)S7)=C4S3)S2)C8=NN(CC(CCCCCC)CCCCCCCC)N=C8C(C9=CC=C(C%10=CC(C(C%11=CC=C(SCCCCCCCCCCCC)S%11)=C(S%12)C(C=C%12C)=C%13C%14=CC=C(SCCCCCCCCCCCC)S%14)=C%13S%10)S9)=C1F,ITIC,c12cc3c(cc1C(c1c2sc2c1sc(c2)/C=C\1/C(=C(C#N)C#N)c2c(C1=O)cccc2)(c1ccc(cc1)CCCCCC)c1ccc(cc1)CCCCCC)c1c(C3(c2ccc(cc2)CCCCCC)c2ccc(cc2)CCCCCC)c2c(s1)cc(s2)/C=C\1/C(=C(C#N)C#N)c2c(C1=O)cccc2,9.53,17.43,0.615,0.89
J61,FC1=C(C2=CC=C(C3=CC4=C(C5=CC=C(SCCCCCCCCCCCC)S5)C(SC(C)=C6)=C6C(C7=CC=C(SCCCCCCCCCCCC)S7)=C4S3)S2)C8=NN(CC(CCCCCC)CCCCCCCC)N=C8C(C9=CC=C(C%10=CC(C(C%11=CC=C(SCCCCCCCCCCCC)S%11)=C(S%12)C(C=C%12C)=C%13C%14=CC=C(SCCCCCCCCCCCC)S%14)=C%13S%10)S9)=C1F,ITIC,c12cc3c(cc1C(c1c2sc2c1sc(c2)/C=C\1/C(=C(C#N)C#N)c2c(C1=O)cccc2)(c1ccc(cc1)CCCCCC)c1ccc(cc1)CCCCCC)c1c(C3(c2ccc(cc2)CCCCCC)c2ccc(cc2)CCCCCC)c2c(s1)cc(s2)/C=C\1/C(=C(C#N)C#N)c2c(C1=O)cccc2,10.57,17.97,0.655,0.898
J61,FC1=C(C2=CC=C(C3=CC4=C(C5=CC=C(SCCCCCCCCCCCC)S5)C(SC(C)=C6)=C6C(C7=CC=C(SCCCCCCCCCCCC)S7)=C4S3)S2)C8=NN(CC(CCCCCC)CCCCCCCC)N=C8C(C9=CC=C(C%10=CC(C(C%11=CC=C(SCCCCCCCCCCCC)S%11)=C(S%12)C(C=C%12C)=C%13C%14=CC=C(SCCCCCCCCCCCC)S%14)=C%13S%10)S9)=C1F,m-ITIC,c12cc3c(cc1C(c1c2sc2c1sc(c2)/C=C\1/C(=C(C#N)C#N)c2c(C1=O)cccc2)(c1cccc(c1)CCCCCC)c1cc(ccc1)CCCCCC)c1c(C3(c2cc(ccc2)CCCCCC)c2cccc(c2)CCCCCC)c2c(s1)cc(s2)/C=C\1/C(=C(C#N)C#N)c2c(C1=O)cccc2,11.77,18.31,0.706,0.912
J61,FC1=C(C2=CC=C(C3=CC4=C(C5=CC=C(SCCCCCCCCCCCC)S5)C(SC(C)=C6)=C6C(C7=CC=C(SCCCCCCCCCCCC)S7)=C4S3)S2)C8=NN(CC(CCCCCC)CCCCCCCC)N=C8C(C9=CC=C(C%10=CC(C(C%11=CC=C(SCCCCCCCCCCCC)S%11)=C(S%12)C(C=C%12C)=C%13C%14=CC=C(SCCCCCCCCCCCC)S%14)=C%13S%10)S9)=C1F,Y5,O=C(C1=CC=CC=C1C/2=C(C#N)/C#N)C2=C/C3=C(C4=CC=C(CCCCCC)C=C4)C5=C(S3)C6=C(S5)C(C7=NSN=C7C8=C9N(C%10=CC=C(CCCCCC)C=C%10)C%11=C8SC%12=C%11SC(/C=C%13C(C%14=CC=CC=C%14C\%13=C(C#N)\C#N)=O)=C%12C%15=CC=C(CCCCCC)C=C%15)=C9N6C%16=CC=C(CCCCCC)C=C%16,11.0,21.1,0.583,0.9
J61,FC1=C(C2=CC=C(C3=CC4=C(C5=CC=C(SCCCCCCCCCCCC)S5)C(SC(C)=C6)=C6C(C7=CC=C(SCCCCCCCCCCCC)S7)=C4S3)S2)C8=NN(CC(CCCCCC)CCCCCCCC)N=C8C(C9=CC=C(C%10=CC(C(C%11=CC=C(SCCCCCCCCCCCC)S%11)=C(S%12)C(C=C%12C)=C%13C%14=CC=C(SCCCCCCCCCCCC)S%14)=C%13S%10)S9)=C1F,IDIC,N#C/C(C#N)=C(C1=CC=CC=C1C2=O)/C2=C/C3=CC4=C(C5=C(C=C6C(C(CCCCCC)(CCCCCC)C7=C6SC(/C=C8/C(C9=CC=CC=C9C8=O)=C(C#N)/C#N)=C7)=C5)C4(CCCCCC)CCCCCC)S3,9.82,17.4,0.645,0.87
J61,FC1=C(C2=CC=C(C3=CC4=C(C5=CC=C(SCCCCCCCCCCCC)S5)C(SC(C)=C6)=C6C(C7=CC=C(SCCCCCCCCCCCC)S7)=C4S3)S2)C8=NN(CC(CCCCCC)CCCCCCCC)N=C8C(C9=CC=C(C%10=CC(C(C%11=CC=C(SCCCCCCCCCCCC)S%11)=C(S%12)C(C=C%12C)=C%13C%14=CC=C(SCCCCCCCCCCCC)S%14)=C%13S%10)S9)=C1F,BT-IC,c1cccc2c1C(=C(C#N)C#N)/C(=C/c1cc3c(s1)c1c(C3(c3ccc(cc3)CCCCCC)c3ccc(cc3)CCCCCC)c3c(s1)c(c1c(c3O[C@H](CCCC)CC)sc3c1C(c1c3sc(c1)/C=C\1/C(=C(C#N)C#N)c3c(C1=O)cccc3)(c1ccc(cc1)CCCCCC)c1ccc(cc1)CCCCCC)O[C@@H](CC)CCCC)/C2=O,8.69,15.38,0.687,0.82
J60,FC1=C(C2=CC=C(C3=CC4=C(C5=CC=C(SCC(CCCC)CC)S5)C(SC(C)=C6)=C6C(C7=CC=C(SCC(CCCC)CC)S7)=C4S3)S2)C8=NN(CC(CCCCCC)CCCCCCCC)N=C8C(C9=CC=C(C%10=CC(C(C%11=CC=C(SCC(CCCC)CC)S%11)=C(S%12)C(C=C%12C)=C%13C%14SC(SCC(CCCC)CC)=CC%14)=C%13S%10)S9)=C1F,ITIC,c12cc3c(cc1C(c1c2sc2c1sc(c2)/C=C\1/C(=C(C#N)C#N)c2c(C1=O)cccc2)(c1ccc(cc1)CCCCCC)c1ccc(cc1)CCCCCC)c1c(C3(c2ccc(cc2)CCCCCC)c2ccc(cc2)CCCCCC)c2c(s1)cc(s2)/C=C\1/C(=C(C#N)C#N)c2c(C1=O)cccc2,8.97,16.33,0.604,0.91
J52-Cl,FC(C(F)=C(C1=CC=C(S1)C2=CC(C(C3=CC(Cl)=C(CC(CC)CCCC)S3)=C(SC=C4)C4=C5C6=CC(Cl)=C(CC(CCCC)CC)S6)=C5C2)C7=NN(CC(CCCCCCCC)CCCCCC)N=C78)=C8C9=CC=CS9,BTA3,O=C(/C(S/1)=C\C(C2=NN(N=C32)CCCCCCCC)=CC=C3C4=CC5=C(S4)C6=CC7=C(C=C6C5(C8=CC=C(C=C8)CCCCCC)C9=CC=C(C=C9)CCCCCC)C(SC(C(C%10=NN(CCCCCCCC)N=C%11%10)=CC=C%11/C=C%12S/C(N(C\%12=O)CC)=C(C#N)/C#N)=C%13)=C%13C7(C%14=CC=C(CCCCCC)C=C%14)C%15=CC=C(CCCCCC)C=C%15)N(CC)C1=C(C#N)/C#N,10.5,13.16,0.666,1.24
J52-Cl,FC(C(F)=C(C1=CC=C(S1)C2=CC(C(C3=CC(Cl)=C(CC(CC)CCCC)S3)=C(SC=C4)C4=C5C6=CC(Cl)=C(CC(CCCC)CC)S6)=C5C2)C7=NN(CC(CCCCCCCC)CCCCCC)N=C78)=C8C9=CC=CS9,Y6,O=C(C/1=C\C2=C(C3=C(S2)C(N4C5=CC=C(CCCCCC)C=C5)=C(C6=C4C7=C(C8=NSN=C68)C(SC9=C%10SC(/C=C%11C(C%12=CC(F)=C(C=C%12C\%11=C(C#N)/C#N)F)=O)=C9CCCCCCCCCCC)=C%10N7C%13=CC=C(CCCCCC)C=C%13)S3)CCCCCCCCCCC)C%14=CC(F)=C(F)C=C%14C1=C(C#N)/C#N,12.31,23.77,0.614,0.84
J52-Cl,FC(C(F)=C(C1=CC=C(S1)C2=CC(C(C3=CC(Cl)=C(CC(CC)CCCC)S3)=C(SC=C4)C4=C5C6=CC(Cl)=C(CC(CCCC)CC)S6)=C5C2)C7=NN(CC(CCCCCCCC)CCCCCC)N=C78)=C8C9=CC=CS9,BTA5,O=C(/C(S/1)=C\C(C2=NN(N=C32)CCCCCCCC)=CC=C3C4=CC5=C(S4)C6=CC7=C(C=C6C5(C8=CC=C(C=C8)CCCCCC)C9=CC=C(C=C9)CCCCCC)C(SC(C(C%10=NN(CCCCCCCC)N=C%11%10)=CC=C%11/C=C%12S/C(N(C\%12=O)CC%13=CC=CC=C%13)=C(C#N)/C#N)=C%14)=C%14C7(C%15=CC=C(CCCCCC)C=C%15)C%16=CC=C(CCCCCC)C=C%16)N(CC%17=CC=CC=C%17)C1=C(C#N)/C#N,8.64,11.29,0.619,1.2
J52-2Cl,FC(C(F)=C(C1=CC=C(C2=CC3=C(C(C4=CC(Cl)=C(CC(CC)CCCCCC)S4)=C(C=CS5)C5=C3C6=CC(Cl)=C(CC(CCCCCC)CC)S6)S2)S1)C7=NN(CC(CCCCCCCC)CCCCCC)N=C78)=C8C9=CC=CS9,ITIC,c12cc3c(cc1C(c1c2sc2c1sc(c2)/C=C\1/C(=C(C#N)C#N)c2c(C1=O)cccc2)(c1ccc(cc1)CCCCCC)c1ccc(cc1)CCCCCC)c1c(C3(c2ccc(cc2)CCCCCC)c2ccc(cc2)CCCCCC)c2c(s1)cc(s2)/C=C\1/C(=C(C#N)C#N)c2c(C1=O)cccc2,11.53,17.17,0.702,0.956
J52,FC1=C(C2=CC=C(C3=CC4=C(C5=CC=C(CC(CCCC)CC)S5)C(SC(C)=C6)=C6C(C7=CC=C(CC(CCCC)CC)S7)=C4S3)S2)C8=NN(CC(CCCCCC)CCCCCCCC)N=C8C(C9=CC=C(C%10=CC(C(C%11=CC=C(CC(CCCC)CC)S%11)=C(S%12)C(C=C%12C)=C%13C%14SC(CC(CCCC)CC)=CC%14)=C%13S%10)S9)=C1F,IEICO-4F,FC1=CC2=C(C(/C(C2=O)=C/C3=CC(OCC(CC)CCCC)=C(S3)C4=CC5=C(S4)C6=CC(C7(C8=CC=C(CCCCCC)C=C8)C9=CC=C(CCCCCC)C=C9)=C(C%10=C7C=C(S%10)C%11=C(OCC(CC)CCCC)C=C(S%11)/C=C(/C(C%12=C%13C=C(F)C(F)=C%12)=C(C#N)\C#N)C%13=O)C=C6C5(C%14=CC=C(CCCCCC)C=C%14)C%15=CC=C(CCCCCC)C=C%15)=C(C#N)/C#N)C=C1F,8.2,20.48,0.569,0.704
J52,FC1=C(C2=CC=C(C3=CC4=C(C5=CC=C(CC(CCCC)CC)S5)C(SC(C)=C6)=C6C(C7=CC=C(CC(CCCC)CC)S7)=C4S3)S2)C8=NN(CC(CCCCCC)CCCCCCCC)N=C8C(C9=CC=C(C%10=CC(C(C%11=CC=C(CC(CCCC)CC)S%11)=C(S%12)C(C=C%12C)=C%13C%14SC(CC(CCCC)CC)=CC%14)=C%13S%10)S9)=C1F,i-IEICO-4F,c1(c(cc2c(c1)C(=C(C#N)C#N)/C(=C\c1c(c(sc1)c1sc3c(c1)C(c1c3cc3c(c1)c1c(C3(c3ccc(cc3)CCCCCC)c3ccc(cc3)CCCCCC)cc(s1)c1scc(c1OC[C@H](CCCC)CC)/C=C/1\C(=C(C#N)C#N)c3c(C1=O)cc(c(c3)F)F)(c1ccc(cc1)CCCCCC)c1ccc(cc1)CCCCCC)OC[C@@H](CC)CCCC)/C2=O)F)F,13.18,22.86,0.679,0.849
J52,FC1=C(C2=CC=C(C3=CC4=C(C5=CC=C(CC(CCCC)CC)S5)C(SC(C)=C6)=C6C(C7=CC=C(CC(CCCC)CC)S7)=C4S3)S2)C8=NN(CC(CCCCCC)CCCCCCCC)N=C8C(C9=CC=C(C%10=CC(C(C%11=CC=C(CC(CCCC)CC)S%11)=C(S%12)C(C=C%12C)=C%13C%14SC(CC(CCCC)CC)=CC%14)=C%13S%10)S9)=C1F,IT-M,O=C(C1=CC=CC=C1C/2=C(C#N)/C#N)C2=C/C3=CC(SC4C5C(C)=C(C(C6=CC=C(C=C6)CCCCCC)(C7=CC=C(C=C7)CCCCCC)C8=CSC9=C8SC(/C=C%10C(C(C=CC=C%11)=C%11C\%10=C(C#N)/C#N)=C)=C9)C=C(C)C5C(C%12=CC=C(C=C%12)CCCCCC)(C%13=CC=C(C=C%13)CCCCCC)C%144)=C%14S3,9.4,17.1,0.651,0.843
J52,FC1=C(C2=CC=C(C3=CC4=C(C5=CC=C(CC(CCCC)CC)S5)C(SC(C)=C6)=C6C(C7=CC=C(CC(CCCC)CC)S7)=C4S3)S2)C8=NN(CC(CCCCCC)CCCCCCCC)N=C8C(C9=CC=C(C%10=CC(C(C%11=CC=C(CC(CCCC)CC)S%11)=C(S%12)C(C=C%12C)=C%13C%14SC(CC(CCCC)CC)=CC%14)=C%13S%10)S9)=C1F,IEICO,O=C1C(/C(C2=C1C=CC=C2)=C(C#N)\C#N)=C\C3=CC(OCC(CCCC)CC)=C(C4=CC(C(C5=CC(C6=C7C=C(C8=C(C=C(/C=C(C9=O)/C(C%10=C9C=CC=C%10)=C(C#N)\C#N)S8)OCC(CCCC)CC)S6)=C(C7(C%11=CC=C(C=C%11)CCCCCC)C%12=CC=C(C=C%12)CCCCCC)C=C%135)(C%14=CC=C(C=C%14)CCCCCC)C(C=C%15)=CC=C%15CCCCCC)=C%13S4)S3,6.5,15.1,0.51,0.848
J52,FC1=C(C2=CC=C(C3=CC4=C(C5=CC=C(CC(CCCC)CC)S5)C(SC(C)=C6)=C6C(C7=CC=C(CC(CCCC)CC)S7)=C4S3)S2)C8=NN(CC(CCCCCC)CCCCCCCC)N=C8C(C9=CC=C(C%10=CC(C(C%11=CC=C(CC(CCCC)CC)S%11)=C(S%12)C(C=C%12C)=C%13C%14SC(CC(CCCC)CC)=CC%14)=C%13S%10)S9)=C1F,IEICO-4Cl,O=C(C1=CC(Cl)=C(C=C1C/2=C(C#N)\C#N)Cl)C2=C/C3=CC(OCCCCCCCC)=C(C4=CC5=C(C6=CC7=C(C8=C(C7(C9=CC=C(C=C9)CCCCCC)C%10=CC=C(C=C%10)CCCCCC)C=C(C%11=C(OCCCCCCCC)C=C(/C=C%12C(C%13=CC(Cl)=C(C=C%13C\%12=C(C#N)\C#N)Cl)=O)S%11)S8)C=C6C5(C%14=CC=C(C=C%14)CCCCCC)C%15=CC=C(C=C%15)CCCCCC)S4)S3,10.1,23.8,0.607,0.7
J52,FC1=C(C2=CC=C(C3=CC4=C(C5=CC=C(CC(CCCC)CC)S5)C(SC(C)=C6)=C6C(C7=CC=C(CC(CCCC)CC)S7)=C4S3)S2)C8=NN(CC(CCCCCC)CCCCCCCC)N=C8C(C9=CC=C(C%10=CC(C(C%11=CC=C(CC(CCCC)CC)S%11)=C(S%12)C(C=C%12C)=C%13C%14SC(CC(CCCC)CC)=CC%14)=C%13S%10)S9)=C1F,ITIC,c12cc3c(cc1C(c1c2sc2c1sc(c2)/C=C\1/C(=C(C#N)C#N)c2c(C1=O)cccc2)(c1ccc(cc1)CCCCCC)c1ccc(cc1)CCCCCC)c1c(C3(c2ccc(cc2)CCCCCC)c2ccc(cc2)CCCCCC)c2c(s1)cc(s2)/C=C\1/C(=C(C#N)C#N)c2c(C1=O)cccc2,5.51,13.11,0.578,0.73
J52,FC1=C(C2=CC=C(C3=CC4=C(C5=CC=C(CC(CCCC)CC)S5)C(SC(C)=C6)=C6C(C7=CC=C(CC(CCCC)CC)S7)=C4S3)S2)C8=NN(CC(CCCCCC)CCCCCCCC)N=C8C(C9=CC=C(C%10=CC(C(C%11=CC=C(CC(CCCC)CC)S%11)=C(S%12)C(C=C%12C)=C%13C%14SC(CC(CCCC)CC)=CC%14)=C%13S%10)S9)=C1F,IEICO,O=C1C(/C(C2=C1C=CC=C2)=C(C#N)\C#N)=C\C3=CC(OCC(CCCC)CC)=C(C4=CC(C(C5=CC(C6=C7C=C(C8=C(C=C(/C=C(C9=O)/C(C%10=C9C=CC=C%10)=C(C#N)\C#N)S8)OCC(CCCC)CC)S6)=C(C7(C%11=CC=C(C=C%11)CCCCCC)C%12=CC=C(C=C%12)CCCCCC)C=C%135)(C%14=CC=C(C=C%14)CCCCCC)C(C=C%15)=CC=C%15CCCCCC)=C%13S4)S3,5.13,11.39,0.517,0.872
J52,FC1=C(C2=CC=C(C3=CC4=C(C5=CC=C(CC(CCCC)CC)S5)C(SC(C)=C6)=C6C(C7=CC=C(CC(CCCC)CC)S7)=C4S3)S2)C8=NN(CC(CCCCCC)CCCCCCCC)N=C8C(C9=CC=C(C%10=CC(C(C%11=CC=C(CC(CCCC)CC)S%11)=C(S%12)C(C=C%12C)=C%13C%14SC(CC(CCCC)CC)=CC%14)=C%13S%10)S9)=C1F,i-IEICO,O=C(C(C=CC=C1)=C1C/2=C(C#N)\C#N)C2=C\C3=CSC(C4=CC5=C(C(C=C6C(C7=CC=C(C=C7)CCCCCC)(C8=CC=C(C=C8)CCCCCC)C9=C(SC(C%10=C(OCCCCCCCC)C(/C=C%11C(C(C=CC=C%12)=C%12C/%11=C(C#N)/C#N)=O)=CS%10)=C9)C6=C%13)=C%13C5(C%14=CC=C(CCCCCC)C=C%14)C(C=C%15)=CC=C%15CCCCCC)S4)=C3OCCCCCCCC,10.48,18.76,0.582,0.96
J52,FC1=C(C2=CC=C(C3=CC4=C(C5=CC=C(CC(CCCC)CC)S5)C(SC(C)=C6)=C6C(C7=CC=C(CC(CCCC)CC)S7)=C4S3)S2)C8=NN(CC(CCCCCC)CCCCCCCC)N=C8C(C9=CC=C(C%10=CC(C(C%11=CC=C(CC(CCCC)CC)S%11)=C(S%12)C(C=C%12C)=C%13C%14SC(CC(CCCC)CC)=CC%14)=C%13S%10)S9)=C1F,IEICO-4F,FC1=CC2=C(C(/C(C2=O)=C/C3=CC(OCC(CC)CCCC)=C(S3)C4=CC5=C(S4)C6=CC(C7(C8=CC=C(CCCCCC)C=C8)C9=CC=C(CCCCCC)C=C9)=C(C%10=C7C=C(S%10)C%11=C(OCC(CC)CCCC)C=C(S%11)/C=C(/C(C%12=C%13C=C(F)C(F)=C%12)=C(C#N)\C#N)C%13=O)C=C6C5(C%14=CC=C(CCCCCC)C=C%14)C%15=CC=C(CCCCCC)C=C%15)=C(C#N)/C#N)C=C1F,9.21,22.27,0.613,0.675
J52,FC1=C(C2=CC=C(C3=CC4=C(C5=CC=C(CC(CCCC)CC)S5)C(SC(C)=C6)=C6C(C7=CC=C(CC(CCCC)CC)S7)=C4S3)S2)C8=NN(CC(CCCCCC)CCCCCCCC)N=C8C(C9=CC=C(C%10=CC(C(C%11=CC=C(CC(CCCC)CC)S%11)=C(S%12)C(C=C%12C)=C%13C%14SC(CC(CCCC)CC)=CC%14)=C%13S%10)S9)=C1F,BTA3,O=C(/C(S/1)=C\C(C2=NN(N=C32)CCCCCCCC)=CC=C3C4=CC5=C(S4)C6=CC7=C(C=C6C5(C8=CC=C(C=C8)CCCCCC)C9=CC=C(C=C9)CCCCCC)C(SC(C(C%10=NN(CCCCCCCC)N=C%11%10)=CC=C%11/C=C%12S/C(N(C\%12=O)CC)=C(C#N)/C#N)=C%13)=C%13C7(C%14=CC=C(CCCCCC)C=C%14)C%15=CC=C(CCCCCC)C=C%15)N(CC)C1=C(C#N)/C#N,9.41,14.62,0.603,1.07
J52,FC1=C(C2=CC=C(C3=CC4=C(C5=CC=C(CC(CCCC)CC)S5)C(SC(C)=C6)=C6C(C7=CC=C(CC(CCCC)CC)S7)=C4S3)S2)C8=NN(CC(CCCCCC)CCCCCCCC)N=C8C(C9=CC=C(C%10=CC(C(C%11=CC=C(CC(CCCC)CC)S%11)=C(S%12)C(C=C%12C)=C%13C%14SC(CC(CCCC)CC)=CC%14)=C%13S%10)S9)=C1F,ITIC,c12cc3c(cc1C(c1c2sc2c1sc(c2)/C=C\1/C(=C(C#N)C#N)c2c(C1=O)cccc2)(c1ccc(cc1)CCCCCC)c1ccc(cc1)CCCCCC)c1c(C3(c2ccc(cc2)CCCCCC)c2ccc(cc2)CCCCCC)c2c(s1)cc(s2)/C=C\1/C(=C(C#N)C#N)c2c(C1=O)cccc2,3.78,10.87,0.432,0.803
J52,FC1=C(C2=CC=C(C3=CC4=C(C5=CC=C(CC(CCCC)CC)S5)C(SC(C)=C6)=C6C(C7=CC=C(CC(CCCC)CC)S7)=C4S3)S2)C8=NN(CC(CCCCCC)CCCCCCCC)N=C8C(C9=CC=C(C%10=CC(C(C%11=CC=C(CC(CCCC)CC)S%11)=C(S%12)C(C=C%12C)=C%13C%14SC(CC(CCCC)CC)=CC%14)=C%13S%10)S9)=C1F,Y6,O=C(C/1=C\C2=C(C3=C(S2)C(N4C5=CC=C(CCCCCC)C=C5)=C(C6=C4C7=C(C8=NSN=C68)C(SC9=C%10SC(/C=C%11C(C%12=CC(F)=C(C=C%12C\%11=C(C#N)/C#N)F)=O)=C9CCCCCCCCCCC)=C%10N7C%13=CC=C(CCCCCC)C=C%13)S3)CCCCCCCCCCC)C%14=CC(F)=C(F)C=C%14C1=C(C#N)/C#N,7.15,20.43,0.516,0.65
J52,FC1=C(C2=CC=C(C3=CC4=C(C5=CC=C(CC(CCCC)CC)S5)C(SC(C)=C6)=C6C(C7=CC=C(CC(CCCC)CC)S7)=C4S3)S2)C8=NN(CC(CCCCCC)CCCCCCCC)N=C8C(C9=CC=C(C%10=CC(C(C%11=CC=C(CC(CCCC)CC)S%11)=C(S%12)C(C=C%12C)=C%13C%14SC(CC(CCCC)CC)=CC%14)=C%13S%10)S9)=C1F,DBTIC,O=C(C(C=C(C([H])=C1)[H])=C1C/2=C(C#N)/C#N)C2=C/C3=CC4=C(S3)C5=CC6=C(C=C5C4(C7=CC=C(CC(CCCCCC)CCCC)C=C7)C8=CC=C(CC(CCCCCC)CCCC)C=C8)C9=C(C=C%10C%11=C(C=C(S%11)/C=C%12C(C(C=C(C([H])=C%13)[H])=C%13C\%12=C(C#N)/C#N)=O)C(C%14=CC=C(CC(CCCCCC)CCCC)C=C%14)(C%15=CC=C(CC(CCCCCC)CCCC)C=C%15)C%10=C9)S6,8.64,13.55,0.661,0.93
J52,FC1=C(C2=CC=C(C3=CC4=C(C5=CC=C(CC(CCCC)CC)S5)C(SC(C)=C6)=C6C(C7=CC=C(CC(CCCC)CC)S7)=C4S3)S2)C8=NN(CC(CCCCCC)CCCCCCCC)N=C8C(C9=CC=C(C%10=CC(C(C%11=CC=C(CC(CCCC)CC)S%11)=C(S%12)C(C=C%12C)=C%13C%14SC(CC(CCCC)CC)=CC%14)=C%13S%10)S9)=C1F,UF-Qx-2F,O=C(C(C=C(F)C(F)=C1)=C1C/2=C(C#N)/C#N)C2=C/C3=CC(C4(CC(CCCC)CC)CC(CCCC)CC)=C(S3)C(S5)=C4C=C5C6=C7N=C(C8=CC=C(C=C8)CCCCCC)C(C9=CC=C(C=C9)CCCCCC)=NC7=C(C=C6)C%10=CC(C%11(CC(CCCC)CC)CC(CCCC)CC)=C(S%10)C(S%12)=C%11C=C%12/C=C(C%13=O)/C(C%14=C%13C=C(F)C(F)=C%14)=C(C#N)/C#N,10.54,21.64,0.611,0.78
J52,FC1=C(C2=CC=C(C3=CC4=C(C5=CC=C(CC(CCCC)CC)S5)C(SC(C)=C6)=C6C(C7=CC=C(CC(CCCC)CC)S7)=C4S3)S2)C8=NN(CC(CCCCCC)CCCCCCCC)N=C8C(C9=CC=C(C%10=CC(C(C%11=CC=C(CC(CCCC)CC)S%11)=C(S%12)C(C=C%12C)=C%13C%14SC(CC(CCCC)CC)=CC%14)=C%13S%10)S9)=C1F,UF-Qx-2cl,O=C(C(C=C(Cl)C(Cl)=C1)=C1C/2=C(C#N)/C#N)C2=C/C3=CC(C4(CC(CCCC)CC)CC(CCCC)CC)=C(S3)C(S5)=C4C=C5C6=C7N=C(C8=CC=C(C=C8)CCCCCC)C(C9=CC=C(C=C9)CCCCCC)=NC7=C(C=C6)C%10=CC(C%11(CC(CCCC)CC)CC(CCCC)CC)=C(S%10)C(S%12)=C%11C=C%12/C=C(C%13=O)/C(C%14=C%13C=C(Cl)C(Cl)=C%14)=C(C#N)/C#N,10.81,22.71,0.623,0.76
J52,FC1=C(C2=CC=C(C3=CC4=C(C5=CC=C(CC(CCCC)CC)S5)C(SC(C)=C6)=C6C(C7=CC=C(CC(CCCC)CC)S7)=C4S3)S2)C8=NN(CC(CCCCCC)CCCCCCCC)N=C8C(C9=CC=C(C%10=CC(C(C%11=CC=C(CC(CCCC)CC)S%11)=C(S%12)C(C=C%12C)=C%13C%14SC(CC(CCCC)CC)=CC%14)=C%13S%10)S9)=C1F,i-IEICO-2Cl,O=C(C(C=C(Cl)C=C1)=C1C/2=C(C#N)\C#N)C2=C\C3=CSC(C4=CC5=C(C(C=C6C(C7=CC=C(C=C7)CCCCCC)(C8=CC=C(C=C8)CCCCCC)C9=C(SC(C%10=C(OCCCCCCCC)C(/C=C%11C(C(C=C(Cl)C=C%12)=C%12C/%11=C(C#N)/C#N)=O)=CS%10)=C9)C6=C%13)=C%13C5(C%14=CC=C(CCCCCC)C=C%14)C(C=C%15)=CC=C%15CCCCCC)S4)=C3OCCCCCCCC,11.45,19.5,0.667,0.884
J52,FC1=C(C2=CC=C(C3=CC4=C(C5=CC=C(CC(CCCC)CC)S5)C(SC(C)=C6)=C6C(C7=CC=C(CC(CCCC)CC)S7)=C4S3)S2)C8=NN(CC(CCCCCC)CCCCCCCC)N=C8C(C9=CC=C(C%10=CC(C(C%11=CC=C(CC(CCCC)CC)S%11)=C(S%12)C(C=C%12C)=C%13C%14SC(CC(CCCC)CC)=CC%14)=C%13S%10)S9)=C1F,i-IECO-4Cl,O=C(C(C(Cl)=C(Cl)C=C1)=C1C/2=C(C#N)\C#N)C2=C\C3=CSC(C4=CC5=C(C(C=C6C(C7=CC=C(C=C7)CCCCCC)(C8=CC=C(C=C8)CCCCCC)C9=C(SC(C%10=C(OCCCCCCCC)C(/C=C%11C(C(C=C(Cl)C(Cl)=C%12)=C%12C/%11=C(C#N)/C#N)=O)=CS%10)=C9)C6=C%13)=C%13C5(C%14=CC=C(CCCCCC)C=C%14)C(C=C%15)=CC=C%15CCCCCC)S4)=C3OCCCCCCCC,12.16,21.22,0.688,0.85
J51,FC(C(F)=C(C1=CC=CS1)C2=NN(CCCCCCCC)N=C32)=C3C(S4)=CC=C4C(S5)CC6=C5C(C7=CC=C(CC(CCCCCC)CCCCCCCC)S7)=C(C=CS8)C8=C6C9=CC=C(CC(CCCCCCCC)CCCCCC)S9,ITIC,c12cc3c(cc1C(c1c2sc2c1sc(c2)/C=C\1/C(=C(C#N)C#N)c2c(C1=O)cccc2)(c1ccc(cc1)CCCCCC)c1ccc(cc1)CCCCCC)c1c(C3(c2ccc(cc2)CCCCCC)c2ccc(cc2)CCCCCC)c2c(s1)cc(s2)/C=C\1/C(=C(C#N)C#N)c2c(C1=O)cccc2,9.26,16.47,0.69,0.82
J51,FC(C(F)=C(C1=CC=CS1)C2=NN(CCCCCCCC)N=C32)=C3C(S4)=CC=C4C(S5)CC6=C5C(C7=CC=C(CC(CCCCCC)CCCCCCCC)S7)=C(C=CS8)C8=C6C9=CC=C(CC(CCCCCCCC)CCCCCC)S9,IDSe-T-IC,c1cccc2c1C(=C(C#N)C#N)/C(=C/c1sc(c(c1)C[C@@H](CC)CCCC)c1cc3c([se]1)c1c(C3(c3ccc(cc3)CCCCCC)c3ccc(cc3)CCCCCC)cc3c(c1)C(c1c3[se]c(c1)c1c(cc(s1)/C=C\1/C(=C(C#N)C#N)c3c(C1=O)cccc3)C[C@H](CCCC)CC)(c1ccc(cc1)CCCCCC)c1ccc(cc1)CCCCCC)/C2=O,8.58,15.2,0.62,0.91
J51,FC(C(F)=C(C1=CC=CS1)C2=NN(CCCCCCCC)N=C32)=C3C(S4)=CC=C4C(S5)CC6=C5C(C7=CC=C(CC(CCCCCC)CCCCCCCC)S7)=C(C=CS8)C8=C6C9=CC=C(CC(CCCCCCCC)CCCCCC)S9,ITIC,c12cc3c(cc1C(c1c2sc2c1sc(c2)/C=C\1/C(=C(C#N)C#N)c2c(C1=O)cccc2)(c1ccc(cc1)CCCCCC)c1ccc(cc1)CCCCCC)c1c(C3(c2ccc(cc2)CCCCCC)c2ccc(cc2)CCCCCC)c2c(s1)cc(s2)/C=C\1/C(=C(C#N)C#N)c2c(C1=O)cccc2,6.1,11.13,0.65,0.83
J50,CCCCCCCCC(CCCCCC)CC(S1)=CC=C1C2=C(C=CS3)C3=C(C4=CC=C(CC(CCCCCCCC)CCCCCC)S4)C5=C2SC(C6=CC=C(C7=CC=C(C8=CC=CS8)C9=NN(CCCCCCCC)N=C79)S6)C5,ITIC,c12cc3c(cc1C(c1c2sc2c1sc(c2)/C=C\1/C(=C(C#N)C#N)c2c(C1=O)cccc2)(c1ccc(cc1)CCCCCC)c1ccc(cc1)CCCCCC)c1c(C3(c2ccc(cc2)CCCCCC)c2ccc(cc2)CCCCCC)c2c(s1)cc(s2)/C=C\1/C(=C(C#N)C#N)c2c(C1=O)cccc2,4.8,12.93,0.53,0.71
J40,CC(S1)=CC=C1C(C2=NN(CC(CC)CCCC)N=C32)=C(F)C(F)=C3C4=CC=C(S4)C5=CC6=C(C7=C(C(C8=CC=C(S8)CC(CCCCCCCCCC)CCCCCCCC)=C6S5)C=C(C)S7)C9=CC=C(S9)CC(CCCCCCCC)CCCCCCCCCC,ITIC,c12cc3c(cc1C(c1c2sc2c1sc(c2)/C=C\1/C(=C(C#N)C#N)c2c(C1=O)cccc2)(c1ccc(cc1)CCCCCC)c1ccc(cc1)CCCCCC)c1c(C3(c2ccc(cc2)CCCCCC)c2ccc(cc2)CCCCCC)c2c(s1)cc(s2)/C=C\1/C(=C(C#N)C#N)c2c(C1=O)cccc2,6.48,12.18,0.601,0.89
J11,CC(S1)=CC=C1C(C2=NN(CC(CCCCCCCC)CCCCCCCC)N=C32)=C(F)C(F)=C3C4=CC=C(S4)C5=CC(C(C6=CC(CCCCCCCC)=C(S6)Cl)=C7SC(C)=CC7=C8C9=CC(CCCCCCCC)=C(S9)Cl)=C8S5,Y10,O=C(C1=CSC=C1C/2=C(C#N)\C#N)C2=C/C3=C(CCCCCCCCCCC)C(SC(C4=C5C(N(CCC(CC)CCCC)C6=C7CC8=C6SC(/C=C9C(C%10=CSC=C%10C\9=C(C#N)\C#N)=O)=C8CCCCCCCCCCC)=C7C%11=NSN=C4%11)=C%12N5CCC(CC)CCCC)=C%12S3,13.46,21.21,0.716,0.89
J101,CC1=CC(C(C2=CC=C(S2)[Si](CCC)(CCC)CCC)=C3SC(C4=CC=C(S4)C5=C(C(Cl)=C(C6=NN(N=C56)CC(C)C)C7=CC=C(S7)C)Cl)=CC3=C8C9=CC=C(S9)[Si](CCC)(CCC)CCC)=C8S1,MeIC,[CH3]C1=C(C(C(/C2=C(C#N)/C#N)=C\C3=CC4=C(S3)C(C(C(C=C5)=CC=C5CCCCCC)(C6=CC7=C8C(C9=CC=C(C=C9)CCCCCC)(C%10=CC=C(C=C%10)CCCCCC)C%11=C7SC%12=C%11SC(/C=C%13C(C%14=C([CH3])SC=C%14C\%13=C(C#N)\C#N)=O)=C%12)C(C=C%15)=CC=C%15CCCCCC)=C(C6=C8)S4)=O)C2=CS1,11.83,17.8,0.707,0.94
J101,CC1=CC(C(C2=CC=C(S2)[Si](CCC)(CCC)CCC)=C3SC(C4=CC=C(S4)C5=C(C(Cl)=C(C6=NN(N=C56)CC(C)C)C7=CC=C(S7)C)Cl)=CC3=C8C9=CC=C(S9)[Si](CCC)(CCC)CCC)=C8S1,F-IXIC,O=C(C(C=C(C(F)=C1)F)=C1C/2=C(C#N)\C#N)C2=C/C3=CC4=C(C(C5(C(C=C6)=CC=C6CCCCCC)C7=CC=C(C=C7)CCCCCC)=C(C8=C5C9=C(C%10=C(C%11=C(C%10(C%12=CC=C(C=C%12)CCCCCC)C%13=CC=C(C=C%13)CCCCCC)C%14=C(C=C(S%14)/C=C%15C(C(C=C(C(F)=C%16)F)=C%16C\%15=C(C#N)\C#N)=O)S%11)S9)S8)S4)S3,9.44,22.09,0.562,0.76
J101,CC1=CC(C(C2=CC=C(S2)[Si](CCC)(CCC)CCC)=C3SC(C4=CC=C(S4)C5=C(C(Cl)=C(C6=NN(N=C56)CC(C)C)C7=CC=C(S7)C)Cl)=CC3=C8C9=CC=C(S9)[Si](CCC)(CCC)CCC)=C8S1,Cl-IXIC,O=C(C(C=C(C(Cl)=C1)Cl)=C1C/2=C(C#N)\C#N)C2=C/C3=CC4=C(C(C5(C(C=C6)=CC=C6CCCCCC)C7=CC=C(C=C7)CCCCCC)=C(C8=C5C9=C(C%10=C(C%11=C(C%10(C%12=CC=C(C=C%12)CCCCCC)C%13=CC=C(C=C%13)CCCCCC)C%14=C(C=C(S%14)/C=C%15C(C(C=C(C(Cl)=C%16)Cl)=C%16C\%15=C(C#N)\C#N)=O)S%11)S9)S8)S4)S3,9.45,23.12,0.531,0.77
HTAZ,[H]C(C([H])=C(C1=NN(N=C21)CCC(CCCC)CCCCCC)C3=CC=C(S3)C)=C2C(S4)=CC=C4C5=CC(C(CCCC(CCCCCC)CCCC)=C6SC(C)=CC6=C7CCCC(CCCC)CCCCCC)=C7S5,ITIC,c12cc3c(cc1C(c1c2sc2c1sc(c2)/C=C\1/C(=C(C#N)C#N)c2c(C1=O)cccc2)(c1ccc(cc1)CCCCCC)c1ccc(cc1)CCCCCC)c1c(C3(c2ccc(cc2)CCCCCC)c2ccc(cc2)CCCCCC)c2c(s1)cc(s2)/C=C\1/C(=C(C#N)C#N)c2c(C1=O)cccc2,4.26,12.54,0.399,0.851
FTAZ,FC(C(F)=C(C1=NN(N=C21)CCC(CCCC)CCCCCC)C3=CC=C(S3)C)=C2C(S4)=CC=C4C5=CC(C(CCCC(CCCCCC)CCCC)=C6SC(C)=CC6=C7CCCC(CCCC)CCCCCC)=C7S5,ITIC-Th,O=C(C1=CC=CC=C1C/2=C(C#N)\C#N)C2=C/C3=CC4=C(C(C(C5=CC=C(CCCCCC)S5)(C6=C7C=C8C(C9=CC=C(S9)CCCCCC)(C%10=CC=C(S%10)CCCCCC)C%11=C(SC%12=C%11SC(/C=C%13C(C%14=CC=CC=C%14C\%13=C(C#N)\C#N)=O)=C%12)C8=C6)C(S%15)=CC=C%15CCCCCC)=C7S4)S3,8.88,15.84,0.613,0.915
FTAZ,FC(C(F)=C(C1=NN(N=C21)CCC(CCCC)CCCCCC)C3=CC=C(S3)C)=C2C(S4)=CC=C4C5=CC(C(CCCC(CCCCCC)CCCC)=C6SC(C)=CC6=C7CCCC(CCCC)CCCCCC)=C7S5,ITIC-Th1,O=C(C1=C(C=CC(F)=C1)C/2=C(C#N)\C#N)C2=C/C3=CC4=C(C(C5(C6=CC=C(S6)CCCCCC)C(S7)=CC=C7CCCCCC)=C(C(C=C8C9(C%10=CC=C(S%10)CCCCCC)C%11=CC=C(S%11)CCCCCC)=C5C=C8C%12=C9C%13=C(C=C(S%13)/C=C%14C(C%15=C(C=CC(F)=C%15)C\%14=C(C#N)\C#N)=O)S%12)S4)S3,12.1,19.33,0.737,0.849
FTAZ,FC(C(F)=C(C1=NN(N=C21)CCC(CCCC)CCCCCC)C3=CC=C(S3)C)=C2C(S4)=CC=C4C5=CC(C(CCCC(CCCCCC)CCCC)=C6SC(C)=CC6=C7CCCC(CCCC)CCCCCC)=C7S5,ITIC1,c1cc2c(cc1)C(=O)/C(=C\c1cc3c(s1)c1c(C3(c3ccc(cc3)CCCCCC)c3ccc(cc3)CCCCCC)c3c(s1)cc1c(c3)sc3c1C(c1c3sc(c1)/C=C/1\C(=O)c3c(C1=C(C#N)C#N)cccc3)(c1ccc(cc1)CCCCCC)c1ccc(cc1)CCCCCC)/C2=C(C#N)C#N,8.11,15.67,0.561,0.92
FTAZ,FC(C(F)=C(C1=NN(N=C21)CCC(CCCC)CCCCCC)C3=CC=C(S3)C)=C2C(S4)=CC=C4C5=CC(C(CCCC(CCCCCC)CCCC)=C6SC(C)=CC6=C7CCCC(CCCC)CCCCCC)=C7S5,ITIC2,O=C(C1=C(C=CC=C1)C/2=C(C#N)\C#N)C2=C/C3=CC(C4(C5=CC=C(CCCCCC)C=C5)C6=CC=C(CCCCCC)C=C6)=C(C7=C4C(C(C8=CC=C(S8)CC(CCCC)CC)=C9SC%10=C(C(C%11=CC=C(CCCCCC)C=C%11)(C%12=CC=C(CCCCCC)C=C%12)C%13=C%10SC(/C=C%14C(C%15=C(C=CC=C%15)C\%14=C(C#N)\C#N)=O)=C%13)C9=C%16C%17=CC=C(S%17)CC(CC)CCCC)=C%16S7)S3,11.0,18.63,0.62,0.922
FTAZ,FC(C(F)=C(C1=NN(N=C21)CCC(CCCC)CCCCCC)C3=CC=C(S3)C)=C2C(S4)=CC=C4C5=CC(C(CCCC(CCCCCC)CCCC)=C6SC(C)=CC6=C7CCCC(CCCC)CCCCCC)=C7S5,IHIC2,O=C(C(C=C(C(F)=C1)F)=C1C/2=C(C#N)\C#N)C2=C/C3=CC(C(C4=CC=C(CCCCCC)C=C4)(C5=CC=C(CCCCCC)C=C5)C6=C7C=CC8=C6C=CC9=C8C(C%10=CC=C(CCCCCC)C=C%10)(C%11=C9SC(/C=C%12C(C(C=C(C(F)=C%13)F)=C%13C\%12=C(C#N)\C#N)=O)=C%11)C%14=CC=C(CCCCCC)C=C%14)=C7S3,7.45,15.7,0.612,0.775
FTAZ,FC(C(F)=C(C1=NN(N=C21)CCC(CCCC)CCCCCC)C3=CC=C(S3)C)=C2C(S4)=CC=C4C5=CC(C(CCCC(CCCCCC)CCCC)=C6SC(C)=CC6=C7CCCC(CCCC)CCCCCC)=C7S5,IOIC2,O=C(C(C=C(C(F)=C1)F)=C1C/2=C(C#N)\C#N)C2=C/C3=CC(C(C4=CC=C(CCCCCC)C=C4)(C5=CC=C(CCCCCC)C=C5)C6=C7SC8=C6C(CCCCCC)=CC9=C8C=C(CCCCCC)C%10=C9SC%11=C%10C(C%12=CC=C(CCCCCC)C=C%12)(C%13=CC=C(CCCCCC)C=C%13)C%14=C%11SC(/C=C%15C(C(C=C(C(F)=C%16)F)=C%16C\%15=C(C#N)\C#N)=O)=C%14)=C7S3,12.3,19.7,0.693,0.9
FTAZ,FC(C(F)=C(C1=NN(N=C21)CCC(CCCC)CCCCCC)C3=CC=C(S3)C)=C2C(S4)=CC=C4C5=CC(C(CCCC(CCCCCC)CCCC)=C6SC(C)=CC6=C7CCCC(CCCC)CCCCCC)=C7S5,IDIC,N#C/C(C#N)=C(C1=CC=CC=C1C2=O)/C2=C/C3=CC4=C(C5=C(C=C6C(C(CCCCCC)(CCCCCC)C7=C6SC(/C=C8/C(C9=CC=CC=C9C8=O)=C(C#N)/C#N)=C7)=C5)C4(CCCCCC)CCCCCC)S3,12.5,20.8,0.718,0.84
FTAZ,FC(C(F)=C(C1=NN(N=C21)CCC(CCCC)CCCCCC)C3=CC=C(S3)C)=C2C(S4)=CC=C4C5=CC(C(CCCC(CCCCCC)CCCC)=C6SC(C)=CC6=C7CCCC(CCCC)CCCCCC)=C7S5,ITIC,c12cc3c(cc1C(c1c2sc2c1sc(c2)/C=C\1/C(=C(C#N)C#N)c2c(C1=O)cccc2)(c1ccc(cc1)CCCCCC)c1ccc(cc1)CCCCCC)c1c(C3(c2ccc(cc2)CCCCCC)c2ccc(cc2)CCCCCC)c2c(s1)cc(s2)/C=C\1/C(=C(C#N)C#N)c2c(C1=O)cccc2,8.37,16.25,0.565,0.911
FTAZ,FC(C(F)=C(C1=NN(N=C21)CCC(CCCC)CCCCCC)C3=CC=C(S3)C)=C2C(S4)=CC=C4C5=CC(C(CCCC(CCCCCC)CCCC)=C6SC(C)=CC6=C7CCCC(CCCC)CCCCCC)=C7S5,COi6IC,O=C1C2=C(C=CC=C2)C(/C1=C/C(S3)=CC4=C3C(SC5=C6SC7=C5OC(C8=CC=C(CCCCCC)C=C8)(C9=CC=C(CCCCCC)C=C9)C%10=C7SC(/C=C%11/C(C(C=CC=C%12)=C%12C%11=O)=C(C#N)\C#N)=C%10)=C6OC4(C%13=CC=C(CCCCCC)C=C%13)C%14=CC=C(CCCCCC)C=C%14)=C(C#N)/C#N,8.43,17.45,0.59,0.82
FTAZ,FC(C(F)=C(C1=NN(N=C21)CCC(CCCC)CCCCCC)C3=CC=C(S3)C)=C2C(S4)=CC=C4C5=CC(C(CCCC(CCCCCC)CCCC)=C6SC(C)=CC6=C7CCCC(CCCC)CCCCCC)=C7S5,COi6FIC,O=C1C2=C(C=C(F)C=C2)C(/C1=C/C(S3)=CC4=C3C(SC5=C6SC7=C5OC(C8=CC=C(CCCCCC)C=C8)(C9=CC=C(CCCCCC)C=C9)C%10=C7SC(/C=C%11/C(C(C=CC(F)=C%12)=C%12C%11=O)=C(C#N)\C#N)=C%10)=C6OC4(C%13=CC=C(CCCCCC)C=C%13)C%14=CC=C(CCCCCC)C=C%14)=C(C#N)/C#N,9.12,19.27,0.626,0.75
FTAZ,FC(C(F)=C(C1=NN(N=C21)CCC(CCCC)CCCCCC)C3=CC=C(S3)C)=C2C(S4)=CC=C4C5=CC(C(CCCC(CCCCCC)CCCC)=C6SC(C)=CC6=C7CCCC(CCCC)CCCCCC)=C7S5,COi6DFIC,O=C1C2=C(C=C(F)C(F)=C2)C(/C1=C/C(S3)=CC4=C3C(SC5=C6SC7=C5OC(C8=CC=C(CCCCCC)C=C8)(C9=CC=C(CCCCCC)C=C9)C%10=C7SC(/C=C%11/C(C(C=C(F)C(F)=C%12)=C%12C%11=O)=C(C#N)\C#N)=C%10)=C6OC4(C%13=CC=C(CCCCCC)C=C%13)C%14=CC=C(CCCCCC)C=C%14)=C(C#N)/C#N,8.25,20.39,0.589,0.67
FTAZ,FC(C(F)=C(C1=NN(N=C21)CCC(CCCC)CCCCCC)C3=CC=C(S3)C)=C2C(S4)=CC=C4C5=CC(C(CCCC(CCCCCC)CCCC)=C6SC(C)=CC6=C7CCCC(CCCC)CCCCCC)=C7S5,"NNFA[0,6]",O=C(C(C=C(F)C=C1)=C1C/2=C(C#N)\C#N)C2=C/C(S3)=CC4=C3C(C5(C6=CC=C(CCCCCC)C=C6)C7=CC=C(CCCCCC)C=C7)=C(S4)C8=C5C9=C(C)C(S%10)=C(C(C)=C9S8)C%11=C%10C(S%12)=C(C%11(C%13=CC=C(CCCCCC)C=C%13)C%14=CC=C(CCCCCC)C=C%14)C%15=C%12C=C(/C=C%16C(C(C=C(F)C=C%17)=C%17C\%16=C(C#N)/C#N)=O)S%15,9.52,19.83,0.57,0.84
FTAZ,FC(C(F)=C(C1=NN(N=C21)CCC(CCCC)CCCCCC)C3=CC=C(S3)C)=C2C(S4)=CC=C4C5=CC(C(CCCC(CCCCCC)CCCC)=C6SC(C)=CC6=C7CCCC(CCCC)CCCCCC)=C7S5,"NNFA[6,3]",O=C(C(C=C(F)C=C1)=C1C/2=C(C#N)\C#N)C2=C/C(S3)=CC4=C3C(C5(C6=CC=C(CCC)C=C6)C7=CC=C(CCC)C=C7)=C(S4)C8=C5C9=C(CCCCCC)C(S%10)=C(C(CCCCCC)=C9S8)C%11=C%10C(S%12)=C(C%11(C%13=CC=C(CCC)C=C%13)C%14=CC=C(CCC)C=C%14)C%15=C%12C=C(/C=C%16C(C(C=C(F)C=C%17)=C%17C\%16=C(C#N)/C#N)=O)S%15,7.56,14.72,0.591,0.87
FTAZ,FC(C(F)=C(C1=NN(N=C21)CCC(CCCC)CCCCCC)C3=CC=C(S3)C)=C2C(S4)=CC=C4C5=CC(C(CCCC(CCCCCC)CCCC)=C6SC(C)=CC6=C7CCCC(CCCC)CCCCCC)=C7S5,"NNFA[6,6]",O=C(C(C=C(F)C=C1)=C1C/2=C(C#N)\C#N)C2=C/C(S3)=CC4=C3C(C5(C6=CC=C(CCCCCC)C=C6)C7=CC=C(CCCCCC)C=C7)=C(S4)C8=C5C9=C(CCCCCC)C(S%10)=C(C(CCCCCC)=C9S8)C%11=C%10C(S%12)=C(C%11(C%13=CC=C(CCCCCC)C=C%13)C%14=CC=C(CCCCCC)C=C%14)C%15=C%12C=C(/C=C%16C(C(C=C(F)C=C%17)=C%17C\%16=C(C#N)/C#N)=O)S%15,10.56,19.86,0.613,0.87
FTAZ,FC(C(F)=C(C1=NN(N=C21)CCC(CCCC)CCCCCC)C3=CC=C(S3)C)=C2C(S4)=CC=C4C5=CC(C(CCCC(CCCCCC)CCCC)=C6SC(C)=CC6=C7CCCC(CCCC)CCCCCC)=C7S5,"NNFA[12,3]",O=C(C(C=C(F)C=C1)=C1C/2=C(C#N)\C#N)C2=C/C(S3)=CC4=C3C(C5(C6=CC=C(CCC)C=C6)C7=CC=C(CCC)C=C7)=C(S4)C8=C5C9=C(CCCCCCCCCCCC)C(S%10)=C(C(CCCCCCCCCCCC)=C9S8)C%11=C%10C(S%12)=C(C%11(C%13=CC=C(CCC)C=C%13)C%14=CC=C(CCC)C=C%14)C%15=C%12C=C(/C=C%16C(C(C=C(F)C=C%17)=C%17C\%16=C(C#N)/C#N)=O)S%15,10.81,19.33,0.647,0.86
FTAZ,FC(C(F)=C(C1=NN(N=C21)CCC(CCCC)CCCCCC)C3=CC=C(S3)C)=C2C(S4)=CC=C4C5=CC(C(CCCC(CCCCCC)CCCC)=C6SC(C)=CC6=C7CCCC(CCCC)CCCCCC)=C7S5,"NNFA[12,6]",O=C(C(C=C(F)C=C1)=C1C/2=C(C#N)\C#N)C2=C/C(S3)=CC4=C3C(C5(C6=CC=C(CCCCCC)C=C6)C7=CC=C(CCCCCC)C=C7)=C(S4)C8=C5C9=C(CCCCCCCCCCCC)C(S%10)=C(C(CCCCCCCCCCCC)=C9S8)C%11=C%10C(S%12)=C(C%11(C%13=CC=C(CCCCCC)C=C%13)C%14=CC=C(CCCCCC)C=C%14)C%15=C%12C=C(/C=C%16C(C(C=C(F)C=C%17)=C%17C\%16=C(C#N)/C#N)=O)S%15,9.54,18.85,0.587,0.86
FTAZ,FC(C(F)=C(C1=NN(N=C21)CCC(CCCC)CCCCCC)C3=CC=C(S3)C)=C2C(S4)=CC=C4C5=CC(C(CCCC(CCCCCC)CCCC)=C6SC(C)=CC6=C7CCCC(CCCC)CCCCCC)=C7S5,ITBC,c1cc(c2c(c1C=C(C#N)C#N)nsn2)c1sc(cc1)c1cc2c(cc1)c1c([C@@]2(C[C@@H](CC)CCCC)C[C@H](CC)CCCC)cc(s1)c1c2c(c(cc1)C=C(C#N)C#N)nsn2,4.17,11.89,0.49,0.716
FTAZ,FC(C(F)=C(C1=NN(N=C21)CCC(CCCC)CCCCCC)C3=CC=C(S3)C)=C2C(S4)=CC=C4C5=CC(C(CCCC(CCCCCC)CCCC)=C6SC(C)=CC6=C7CCCC(CCCC)CCCCCC)=C7S5,IDIC,N#C/C(C#N)=C(C1=CC=CC=C1C2=O)/C2=C/C3=CC4=C(C5=C(C=C6C(C(CCCCCC)(CCCCCC)C7=C6SC(/C=C8/C(C9=CC=CC=C9C8=O)=C(C#N)/C#N)=C7)=C5)C4(CCCCCC)CCCCCC)S3,10.4,16.6,0.71,0.85
FTAZ,FC(C(F)=C(C1=NN(N=C21)CCC(CCCC)CCCCCC)C3=CC=C(S3)C)=C2C(S4)=CC=C4C5=CC(C(CCCC(CCCCCC)CCCC)=C6SC(C)=CC6=C7CCCC(CCCC)CCCCCC)=C7S5,IT-M,O=C(C1=CC=CC=C1C/2=C(C#N)/C#N)C2=C/C3=CC(SC4C5C(C)=C(C(C6=CC=C(C=C6)CCCCCC)(C7=CC=C(C=C7)CCCCCC)C8=CSC9=C8SC(/C=C%10C(C(C=CC=C%11)=C%11C\%10=C(C#N)/C#N)=C)=C9)C=C(C)C5C(C%12=CC=C(C=C%12)CCCCCC)(C%13=CC=C(C=C%13)CCCCCC)C%144)=C%14S3,11.8,17.2,0.679,0.96
FTAZ,FC(C(F)=C(C1=NN(N=C21)CCC(CCCC)CCCCCC)C3=CC=C(S3)C)=C2C(S4)=CC=C4C5=CC(C(CCCC(CCCCCC)CCCC)=C6SC(C)=CC6=C7CCCC(CCCC)CCCCCC)=C7S5,ITIC-Th,O=C(C1=CC=CC=C1C/2=C(C#N)\C#N)C2=C/C3=CC4=C(C(C(C5=CC=C(CCCCCC)S5)(C6=C7C=C8C(C9=CC=C(S9)CCCCCC)(C%10=CC=C(S%10)CCCCCC)C%11=C(SC%12=C%11SC(/C=C%13C(C%14=CC=CC=C%14C\%13=C(C#N)\C#N)=O)=C%12)C8=C6)C(S%15)=CC=C%15CCCCCC)=C7S4)S3,9.53,16.8,0.626,0.907
FTAZ,FC(C(F)=C(C1=NN(N=C21)CCC(CCCC)CCCCCC)C3=CC=C(S3)C)=C2C(S4)=CC=C4C5=CC(C(CCCC(CCCCCC)CCCC)=C6SC(C)=CC6=C7CCCC(CCCC)CCCCCC)=C7S5,ITIC-Th,O=C(C1=CC=CC=C1C/2=C(C#N)\C#N)C2=C/C3=CC4=C(C(C(C5=CC=C(CCCCCC)S5)(C6=C7C=C8C(C9=CC=C(S9)CCCCCC)(C%10=CC=C(S%10)CCCCCC)C%11=C(SC%12=C%11SC(/C=C%13C(C%14=CC=CC=C%14C\%13=C(C#N)\C#N)=O)=C%12)C8=C6)C(S%15)=CC=C%15CCCCCC)=C7S4)S3,9.04,16.4,0.627,0.879
FTAZ,FC(C(F)=C(C1=NN(N=C21)CCC(CCCC)CCCCCC)C3=CC=C(S3)C)=C2C(S4)=CC=C4C5=CC(C(CCCC(CCCCCC)CCCC)=C6SC(C)=CC6=C7CCCC(CCCC)CCCCCC)=C7S5,ITIC-Th,O=C(C1=CC=CC=C1C/2=C(C#N)\C#N)C2=C/C3=CC4=C(C(C(C5=CC=C(CCCCCC)S5)(C6=C7C=C8C(C9=CC=C(S9)CCCCCC)(C%10=CC=C(S%10)CCCCCC)C%11=C(SC%12=C%11SC(/C=C%13C(C%14=CC=CC=C%14C\%13=C(C#N)\C#N)=O)=C%12)C8=C6)C(S%15)=CC=C%15CCCCCC)=C7S4)S3,10.44,17.82,0.663,0.884
ffPhI-ffBT,FC1=C(C(S2)=CC=C2C3=C(CCCCCCCCCCCCCCCC)C=C(C)S3)C4=NSN=C4C(C5=CC=C(S5)C6=C(CCCCCCCCCCCCCCCC)C=C(C7=C(C([F])=C(C8=C7C(N(C8=O)CCCCCCCCCCCCCCCC)=O)C)[F])S6)=C1F,IT-4F,c1(cc2c(cc1F)C(=O)/C(=C\c1cc3c(s1)c1c(s3)c3c(C1(c1ccc(cc1)CCCCCC)c1ccc(cc1)CCCCCC)cc1c(c3)C(c3c1sc1c3sc(c1)/C=C/1\C(=O)c3c(C1=C(C#N)C#N)cc(c(c3)F)F)(c1ccc(cc1)CCCCCC)c1ccc(cc1)CCCCCC)/C2=C(C#N)C#N)F,12.74,19.01,0.71,0.94
DOTFP-TPD,FC(C(C1=C(OCCCCCCCCCCCC)C=C(C2=C(C(N(C3=O)CC(CCCCCC)CCCCCCCC)=O)C3=C(C)S2)S1)=C4)=CC(C5=C(OCCCCCCCCCCCC)C=C(C)S5)=C4F,IT-4F,c1(cc2c(cc1F)C(=O)/C(=C\c1cc3c(s1)c1c(s3)c3c(C1(c1ccc(cc1)CCCCCC)c1ccc(cc1)CCCCCC)cc1c(c3)C(c3c1sc1c3sc(c1)/C=C/1\C(=O)c3c(C1=C(C#N)C#N)cc(c(c3)F)F)(c1ccc(cc1)CCCCCC)c1ccc(cc1)CCCCCC)/C2=C(C#N)C#N)F,10.04,18.34,0.674,0.812
D18,FC(C=C1C(C2=C3SC=C2)=C4SC(C5=C(CC(CCCCCC)CCCC)C=C(C6=CC7=C(S6)C8=C(C=C(S8)C9=CC(CC(CCCCCC)CCCC)=C(S9)C)C%10=NSN=C7%10)S5)=CC4=C3C%11=CC(F)=C(S%11)CC(CCCC)CC)=C(S1)CC(CC)CCCC,Y6,O=C(C/1=C\C2=C(C3=C(S2)C(N4C5=CC=C(CCCCCC)C=C5)=C(C6=C4C7=C(C8=NSN=C68)C(SC9=C%10SC(/C=C%11C(C%12=CC(F)=C(C=C%12C\%11=C(C#N)/C#N)F)=O)=C9CCCCCCCCCCC)=C%10N7C%13=CC=C(CCCCCC)C=C%13)S3)CCCCCCCCCCC)C%14=CC(F)=C(F)C=C%14C1=C(C#N)/C#N,18.22,27.7,0.766,0.859
BTR,S=C(N1CCCCCC)S/C(C1=O)=C\C(S2)=CC=C2C3=C(CCCCCC)C=C(S3)C(SC(C4=CC5=C(C(C6=CC(CC(CC)CCCC)=C(CCCCCC)S6)=C7C=C(SC7=C5C8=CC(CCCCCC)=C(CC(CCCC)CC)S8)C9=CC(CCCCCC)=C(C%10=CC(CCCCCC)=C(C%11=CC=C(/C=C(C%12=O)\SC(N%12CCCCCC)=S)S%11)S%10)S9)C4)=C%13)=C%13CCCCCC,BO-4Cl,O=C(C(C=C(C(Cl)=C1)Cl)=C1C/2=C(C#N)\C#N)C2=C/C3=C(CCCCCCCCCCC)C(SC4=C5N(CCC(CCCC)CCCCCC)C6=C4C7=NSN=C7C8=C6N(CCC(CCCC)CCCCCC)C9=C8SC%10=C9SC(/C=C%11C(C(C=C(C(Cl)=C%12)Cl)=C%12C\%11=C(C#N)\C#N)=O)=C%10CCCCCCCCCCC)=C5S3,10.4,17.91,0.66,0.83
BTR,S=C(N1CCCCCC)S/C(C1=O)=C\C(S2)=CC=C2C3=C(CCCCCC)C=C(S3)C(SC(C4=CC5=C(C(C6=CC(CC(CC)CCCC)=C(CCCCCC)S6)=C7C=C(SC7=C5C8=CC(CCCCCC)=C(CC(CCCC)CC)S8)C9=CC(CCCCCC)=C(C%10=CC(CCCCCC)=C(C%11=CC=C(/C=C(C%12=O)\SC(N%12CCCCCC)=S)S%11)S%10)S9)C4)=C%13)=C%13CCCCCC,Y6,O=C(C/1=C\C2=C(C3=C(S2)C(N4C5=CC=C(CCCCCC)C=C5)=C(C6=C4C7=C(C8=NSN=C68)C(SC9=C%10SC(/C=C%11C(C%12=CC(F)=C(C=C%12C\%11=C(C#N)/C#N)F)=O)=C9CCCCCCCCCCC)=C%10N7C%13=CC=C(CCCCCC)C=C%13)S3)CCCCCCCCCCC)C%14=CC(F)=C(F)C=C%14C1=C(C#N)/C#N,11.88,22.6,0.628,0.837
B1,S=C(N(C/1=O)CCCC)SC1=C/C(S2)=CC=C2C(S3)=C(CCCCCC)C=C3C(S4)=C(CCCCCC)C=C4C5=CC(C(S5)=C(C6=C7SC(C8=CC(CCCCCC)=C(S8)C9=CC(CCCCCC)=C(C%10=CC=C(S%10)/C=C%11SC(N(CCCC)C\%11=O)=S)S9)=C6)C%12=CC=C(C=C%12)SCC(CCCC)CC)=C7C(C=C%13)=CC=C%13SCC(CCCC)CC,BO-4Cl,O=C(C(C=C(C(Cl)=C1)Cl)=C1C/2=C(C#N)\C#N)C2=C/C3=C(CCCCCCCCCCC)C(SC4=C5N(CCC(CCCC)CCCCCC)C6=C4C7=NSN=C7C8=C6N(CCC(CCCC)CCCCCC)C9=C8SC%10=C9SC(/C=C%11C(C(C=C(C(Cl)=C%12)Cl)=C%12C\%11=C(C#N)\C#N)=O)=C%10CCCCCCCCCCC)=C5S3,15.3,24.81,0.73,0.82
PBDTTFTQ-DO,FC1=CC(C2=CCC(C)S2)=C3C(N=C(C(C4=CC=CC(OCCCCCCCC)=C4)=N3)C5=CC=CC(OCCCCCCCC)=C5)=C1C6=CC=C(S6)C7=CC8=C(C9=C(C(C%10=CC(CCCCCCCC)=C(S%10)CCCCCCCC)=C8S7)C=C(C)S9)C%11=CC(CCCCCCCC)=C(S%11)CCCCCCCC,ITIC,c12cc3c(cc1C(c1c2sc2c1sc(c2)/C=C\1/C(=C(C#N)C#N)c2c(C1=O)cccc2)(c1ccc(cc1)CCCCCC)c1ccc(cc1)CCCCCC)c1c(C3(c2ccc(cc2)CCCCCC)c2ccc(cc2)CCCCCC)c2c(s1)cc(s2)/C=C\1/C(=C(C#N)C#N)c2c(C1=O)cccc2,2.85,6.49,0.468,0.94
PDB-3,CCC(S1)=CC=C1C(C2=C3SC(C(SC4=C(C5=C6SC(C(SC7=C(C8=C9SC(C)=C8)C%10=CC=C(S%10)CC)=CC7=C9C%11=CC=C(CC)S%11)=C5)C%12=CC=C(S%12)CC)=CC4=C6C%13=CC=C(CC)S%13)=C2)=C%14SC(C%15=C(C(C%16=C(SC(CC)=C%16C%17=O)CC)=O)C%17=C(C)S%15)=CC%14=C3C%18=CC=C(CC)S%18,IT-4F,c1(cc2c(cc1F)C(=O)/C(=C\c1cc3c(s1)c1c(s3)c3c(C1(c1ccc(cc1)CCCCCC)c1ccc(cc1)CCCCCC)cc1c(c3)C(c3c1sc1c3sc(c1)/C=C/1\C(=O)c3c(C1=C(C#N)C#N)cc(c(c3)F)F)(c1ccc(cc1)CCCCCC)c1ccc(cc1)CCCCCC)/C2=C(C#N)C#N)F,11.19,17.71,0.7,0.85
7T-CNA,O=C(OCC)/C(C#N)=C/C1=CC(CCCCCCCC)=C(S1)C2=CC(CCCCCCCC)=C(S2)C3=CC(CCCCCCCC)=C(S3)C4=CC=C(C5=C(CCCCCCCC)C=C(C6=C(CCCCCCCC)C=C(C7=C(CCCCCCCC)C=C(/C=C(C(OCC)=O)\C#N)S7)S6)S5)S4,Y6,O=C(C/1=C\C2=C(C3=C(S2)C(N4C5=CC=C(CCCCCC)C=C5)=C(C6=C4C7=C(C8=NSN=C68)C(SC9=C%10SC(/C=C%11C(C%12=CC(F)=C(C=C%12C\%11=C(C#N)/C#N)F)=O)=C9CCCCCCCCCCC)=C%10N7C%13=CC=C(CCCCCC)C=C%13)S3)CCCCCCCCCCC)C%14=CC(F)=C(F)C=C%14C1=C(C#N)/C#N,7.2,15.4,0.667,0.7
PE4,CC1=CC(C(C2=CC(Cl)=C(CC)S2)=C(C(C)=C3C4=CC(Cl)=C(S4)CC)SCC5=C(CCCCCC)C6=C(C=C(S6)C7=C(C(F)=C(C8=NN(N=C78)CC(CCCCCC)CCCCCCCC)C9=CC%10=C(S9)C(CCCCCC)=C(C)S%10)F)S5)=C3S1,Y6,O=C(C/1=C\C2=C(C3=C(S2)C(N4C5=CC=C(CCCCCC)C=C5)=C(C6=C4C7=C(C8=NSN=C68)C(SC9=C%10SC(/C=C%11C(C%12=CC(F)=C(C=C%12C\%11=C(C#N)/C#N)F)=O)=C9CCCCCCCCCCC)=C%10N7C%13=CC=C(CCCCCC)C=C%13)S3)CCCCCCCCCCC)C%14=CC(F)=C(F)C=C%14C1=C(C#N)/C#N,14.02,22.21,0.754,0.84
PBDB-T,c1cc2c(s1)c(c1c(c2c2ccc(s2)C[C@@H](CC)CCCC)sc(c1)c1ccc(s1)c1sc(c2c1C(=O)c1c(C2=O)c(sc1C[C@@H](CC)CCCC)C[C@H](CC)CCCC)c1cccs1)c1ccc(s1)C[C@@H](CC)CCCC,ITIC,c12cc3c(cc1C(c1c2sc2c1sc(c2)/C=C\1/C(=C(C#N)C#N)c2c(C1=O)cccc2)(c1ccc(cc1)CCCCCC)c1ccc(cc1)CCCCCC)c1c(C3(c2ccc(cc2)CCCCCC)c2ccc(cc2)CCCCCC)c2c(s1)cc(s2)/C=C\1/C(=C(C#N)C#N)c2c(C1=O)cccc2,9.26,17.13,0.62,0.87
DOTFP-PhI,FC(C=C1C(S2)=C(OCCCCCCCCCCCC)C=C2C(C3C(N4CC(CCCCCC)CCCCCCCC)=O)=CC=C(C)C3C4=O)=C(C=C1F)C5=C(OCCCCCCCCCCCC)C=C(C)S5,IT-4F,c1(cc2c(cc1F)C(=O)/C(=C\c1cc3c(s1)c1c(s3)c3c(C1(c1ccc(cc1)CCCCCC)c1ccc(cc1)CCCCCC)cc1c(c3)C(c3c1sc1c3sc(c1)/C=C/1\C(=O)c3c(C1=C(C#N)C#N)cc(c(c3)F)F)(c1ccc(cc1)CCCCCC)c1ccc(cc1)CCCCCC)/C2=C(C#N)C#N)F,10.65,17.75,0.701,0.856
PPDT2FBT,CC1=CC=C(S1)C2=CC(OCC(CCCCCC)CCCCCCCC)=C(C=C2COC(CCCCCCCC)CCCCCC)C3=CC=C(S3)C4=C(C(F)=C(C5=NSN=C45)C)F,ITIC-M,O=C(C(C=CC(C)=C1)=C1C/2=C(C#N)\C#N)C2=C/C3=CC(CC4=C5C(C6=CC=C(C=C6)CCCCCC)(C7=C4C=C8C(C(C=C9)=CC=C9CCCCCC)(C%10=CC=C(C=C%10)CCCCCC)C%11=C(SC%12=C%11SC(/C=C%13C(C(C=CC(C)=C%14)=C%14C\%13=C(C#N)\C#N)=O)=C%12)C8=C7)C%15=CC=C(CCCCCC)C=C%15)=C5S3,7.2,13.32,0.59,0.91
2TRR,FC1=C(C)C2=NSN=C2C(C3=CC(CC(CCCCCCCCCC)CCCCCCCCCCCC)=C(C)S3)=C1,IEICO-4F,FC1=CC2=C(C(/C(C2=O)=C/C3=CC(OCC(CC)CCCC)=C(S3)C4=CC5=C(S4)C6=CC(C7(C8=CC=C(CCCCCC)C=C8)C9=CC=C(CCCCCC)C=C9)=C(C%10=C7C=C(S%10)C%11=C(OCC(CC)CCCC)C=C(S%11)/C=C(/C(C%12=C%13C=C(F)C(F)=C%12)=C(C#N)\C#N)C%13=O)C=C6C5(C%14=CC=C(CCCCCC)C=C%14)C%15=CC=C(CCCCCC)C=C%15)=C(C#N)/C#N)C=C1F,2.85,7.53,0.5,0.76
2TRA,CC(C1=NSN=C12)=C(C=C2C(S3)=CC(CC(CCCCCCCCCCCC)CCCCCCCCCC)=C3C)F,O-IDTBR,O=C(/C(S1)=C/C(C2=NSN=C32)=CC=C3C(S4)=CC(C5(C6=CC=C(CCCCCC)C=C6)C7=CC=C(CCCCCC)C=C7)=C4C(C=C89)=C5C=C8C(SC(C%10=CC=C(/C=C%11SC(N(CC)C\%11=O)=S)C%12=NSN=C%10%12)=C%13)=C%13C9(C%14=CC=C(CCCCCC)C=C%14)C%15=CC=C(CCCCCC)C=C%15)N(CC)C1=S,10.08,14.59,0.654,1.06
2TRA,FC1=C(C2=CC(CC(CCCCCCCCCC)CCCCCCCCCCCC)=C(C)S2)C3=NSN=C3C(C4=CC=C(C)S4)=C1,IEICO-4F,FC1=CC2=C(C(/C(C2=O)=C/C3=CC(OCC(CC)CCCC)=C(S3)C4=CC5=C(S4)C6=CC(C7(C8=CC=C(CCCCCC)C=C8)C9=CC=C(CCCCCC)C=C9)=C(C%10=C7C=C(S%10)C%11=C(OCC(CC)CCCC)C=C(S%11)/C=C(/C(C%12=C%13C=C(F)C(F)=C%12)=C(C#N)\C#N)C%13=O)C=C6C5(C%14=CC=C(CCCCCC)C=C%14)C%15=CC=C(CCCCCC)C=C%15)=C(C#N)/C#N)C=C1F,12.1,23.74,0.7,0.73
2D-PBTCl2,ClC1=C(C2=C(Cl)C=C(S2)C(OC)=O)SC3=C(C)SC(C4=CC(C(S4)=C(C5=C6SC(C)=C5)C7=CC=C(S7)CC(CC)CCCC)=C6C8=CC=C(S8)CC(CCCCC)CC)=C13,ITIC,c12cc3c(cc1C(c1c2sc2c1sc(c2)/C=C\1/C(=C(C#N)C#N)c2c(C1=O)cccc2)(c1ccc(cc1)CCCCCC)c1ccc(cc1)CCCCCC)c1c(C3(c2ccc(cc2)CCCCCC)c2ccc(cc2)CCCCCC)c2c(s1)cc(s2)/C=C\1/C(=C(C#N)C#N)c2c(C1=O)cccc2,7.38,14.52,0.584,0.87
2D-PBTCl,ClC1=C(C2=CC=C(S2)C(OC)=O)SC3=C(C)SC(C4=CC(C(S4)=C(C5=C6SC(C)=C5)C7=CC=C(S7)CC(CC)CCCC)=C6C8=CC=C(S8)CC(CCCCC)CC)=C13,ITIC,c12cc3c(cc1C(c1c2sc2c1sc(c2)/C=C\1/C(=C(C#N)C#N)c2c(C1=O)cccc2)(c1ccc(cc1)CCCCCC)c1ccc(cc1)CCCCCC)c1c(C3(c2ccc(cc2)CCCCCC)c2ccc(cc2)CCCCCC)c2c(s1)cc(s2)/C=C\1/C(=C(C#N)C#N)c2c(C1=O)cccc2,8.81,15.79,0.613,0.91
PBDB-T-T,CC(S1)=CC=C1C2=C3C(C(C4=C(SC(CC(CC)CCCC)=C4C3=O)CC(CCCC)CC)=O)=C(S2)C(S5)=CC=C5C6=CC7=C(C8=CC(Cl)=C(CCCCCC9=CC=C(CCCCCC)S9)C8)C%10=C(C=C(S%10)C)C(C%11=CC(Cl)=C(CCCCCC%12=CC=C(CCCCCC)S%12)C%11)=C7S6,Y6,O=C(C/1=C\C2=C(C3=C(S2)C(N4C5=CC=C(CCCCCC)C=C5)=C(C6=C4C7=C(C8=NSN=C68)C(SC9=C%10SC(/C=C%11C(C%12=CC(F)=C(C=C%12C\%11=C(C#N)/C#N)F)=O)=C9CCCCCCCCCCC)=C%10N7C%13=CC=C(CCCCCC)C=C%13)S3)CCCCCCCCCCC)C%14=CC(F)=C(F)C=C%14C1=C(C#N)/C#N,12.46,24.42,0.64,0.78
