array_index,pair_key,donor_smiles,acceptor_smiles,PCE,n_source_records,PCE_min,PCE_max,aggregation_rule,donor_scaffold,acceptor_scaffold,pair_scaffold_key
1,CC(C1=NSN=C12)=C(C=C2C(S3)=CC(CC(CCCCCCCCCCCC)CCCCCCCCCC)=C3C)F||O=C(/C(S1)=C/C(C2=NSN=C32)=CC=C3C(S4)=CC(C5(C6=CC=C(CCCCCC)C=C6)C7=CC=C(CCCCCC)C=C7)=C4C(C=C89)=C5C=C8C(SC(C%10=CC=C(/C=C%11SC(N(CC)C\%11=O)=S)C%12=NSN=C%10%12)=C%13)=C%13C9(C%14=CC=C(CCCCCC)C=C%14)C%15=CC=C(CCCCCC)C=C%15)N(CC)C1=S,CC(C1=NSN=C12)=C(C=C2C(S3)=CC(CC(CCCCCCCCCCCC)CCCCCCCCCC)=C3C)F,O=C(/C(S1)=C/C(C2=NSN=C32)=CC=C3C(S4)=CC(C5(C6=CC=C(CCCCCC)C=C6)C7=CC=C(CCCCCC)C=C7)=C4C(C=C89)=C5C=C8C(SC(C%10=CC=C(/C=C%11SC(N(CC)C\%11=O)=S)C%12=NSN=C%10%12)=C%13)=C%13C9(C%14=CC=C(CCCCCC)C=C%14)C%15=CC=C(CCCCCC)C=C%15)N(CC)C1=S,10.08,1,10.08,10.08,maximum,c1csc(-c2cccc3nsnc23)c1,O=C1NC(=S)SC1=Cc1ccc(-c2cc3c(s2)-c2cc4c(cc2C3(c2ccccc2)c2ccccc2)-c2sc(-c3ccc(C=C5SC(=S)NC5=O)c5nsnc35)cc2C4(c2ccccc2)c2ccccc2)c2nsnc12,c1csc(-c2cccc3nsnc23)c1||O=C1NC(=S)SC1=Cc1ccc(-c2cc3c(s2)-c2cc4c(cc2C3(c2ccccc2)c2ccccc2)-c2sc(-c3ccc(C=C5SC(=S)NC5=O)c5nsnc35)cc2C4(c2ccccc2)c2ccccc2)c2nsnc12
14,CC(S1)=CC=C1C(C2=NN(CC(CCCCCCCC)CCCCCC)N=C2C(C3=CC=C(S3)C4=CC5=C(C6=C(C(C7=CC=C(C=C7)[S]CC(CCCCCCCC)CCCCCC)=C5S4)C=C(C)S6)C8=CC=C(C=C8)[S]CC(CCCCCCCC)CCCCCC)=C9F)=C9F||O=C(C1=C(C=CC=C1)C/2=C(C#N)/C#N)C2=C/C3=CC4=C(S3)C5=CC(C6(CCCCC7=CC=CC=C7)CCCCC8=CC=CC=C8)=C(C=C5C4(CCCCC9=CC=CC=C9)CCCCC%10=CC=CC=C%10)C(S%11)=C6C=C%11/C=C(C(C%12=C%13C=CC=C%12)=O)/C%13=C(C#N)/C#N,CC(S1)=CC=C1C(C2=NN(CC(CCCCCCCC)CCCCCC)N=C2C(C3=CC=C(S3)C4=CC5=C(C6=C(C(C7=CC=C(C=C7)[S]CC(CCCCCCCC)CCCCCC)=C5S4)C=C(C)S6)C8=CC=C(C=C8)[S]CC(CCCCCCCC)CCCCCC)=C9F)=C9F,O=C(C1=C(C=CC=C1)C/2=C(C#N)/C#N)C2=C/C3=CC4=C(S3)C5=CC(C6(CCCCC7=CC=CC=C7)CCCCC8=CC=CC=C8)=C(C=C5C4(CCCCC9=CC=CC=C9)CCCCC%10=CC=CC=C%10)C(S%11)=C6C=C%11/C=C(C(C%12=C%13C=CC=C%12)=O)/C%13=C(C#N)/C#N,10.22,1,10.22,10.22,maximum,c1ccc(-c2c3cc(-c4ccc(-c5ccc(-c6cccs6)c6n[nH]nc56)s4)sc3c(-c3ccccc3)c3ccsc23)cc1,C=C1C(=Cc2cc3c(s2)-c2cc4c(cc2C3(CCCCc2ccccc2)CCCCc2ccccc2)-c2sc(C=C3C(=C)c5ccccc5C3=O)cc2C4(CCCCc2ccccc2)CCCCc2ccccc2)C(=O)c2ccccc21,c1ccc(-c2c3cc(-c4ccc(-c5ccc(-c6cccs6)c6n[nH]nc56)s4)sc3c(-c3ccccc3)c3ccsc23)cc1||C=C1C(=Cc2cc3c(s2)-c2cc4c(cc2C3(CCCCc2ccccc2)CCCCc2ccccc2)-c2sc(C=C3C(=C)c5ccccc5C3=O)cc2C4(CCCCc2ccccc2)CCCCc2ccccc2)C(=O)c2ccccc21
15,CC(S1)=CC=C1C(C2=NN(CC(CCCCCCCC)CCCCCC)N=C2C(C3=CC=C(S3)C4=CC5=C(C6=C(C(C7=CC=C(C=C7)[S]CC(CCCCCCCC)CCCCCC)=C5S4)C=C(C)S6)C8=CC=C(C=C8)[S]CC(CCCCCCCC)CCCCCC)=C9F)=C9F||O=C(C1=C(C=CC=C1)C/2=C(C#N)\C#N)C2=C/C3=CC4=C(C(C5(C6=CC=C(CCCCCC)C=C6)C7=CC=C(CCCCCC)C=C7)=C(C8=C5C(SC9=C%10C(C%11=CC=C(CCCCCC)C=C%11)(C%12=C9SC%13=C%12SC(/C=C%14C(C%15=C(C=CC=C%15)C\%14=C(C#N)\C#N)=O)=C%13)C%16=CC=C(CCCCCC)C=C%16)=C%10S8)S4)S3,CC(S1)=CC=C1C(C2=NN(CC(CCCCCCCC)CCCCCC)N=C2C(C3=CC=C(S3)C4=CC5=C(C6=C(C(C7=CC=C(C=C7)[S]CC(CCCCCCCC)CCCCCC)=C5S4)C=C(C)S6)C8=CC=C(C=C8)[S]CC(CCCCCCCC)CCCCCC)=C9F)=C9F,O=C(C1=C(C=CC=C1)C/2=C(C#N)\C#N)C2=C/C3=CC4=C(C(C5(C6=CC=C(CCCCCC)C=C6)C7=CC=C(CCCCCC)C=C7)=C(C8=C5C(SC9=C%10C(C%11=CC=C(CCCCCC)C=C%11)(C%12=C9SC%13=C%12SC(/C=C%14C(C%15=C(C=CC=C%15)C\%14=C(C#N)\C#N)=O)=C%13)C%16=CC=C(CCCCCC)C=C%16)=C%10S8)S4)S3,8.15,1,8.15,8.15,maximum,c1ccc(-c2c3cc(-c4ccc(-c5ccc(-c6cccs6)c6n[nH]nc56)s4)sc3c(-c3ccccc3)c3ccsc23)cc1,C=C1C(=Cc2cc3sc4c(c3s2)C(c2ccccc2)(c2ccccc2)c2c-4sc3c4c(sc23)-c2sc3cc(C=C5C(=C)c6ccccc6C5=O)sc3c2C4(c2ccccc2)c2ccccc2)C(=O)c2ccccc21,c1ccc(-c2c3cc(-c4ccc(-c5ccc(-c6cccs6)c6n[nH]nc56)s4)sc3c(-c3ccccc3)c3ccsc23)cc1||C=C1C(=Cc2cc3sc4c(c3s2)C(c2ccccc2)(c2ccccc2)c2c-4sc3c4c(sc23)-c2sc3cc(C=C5C(=C)c6ccccc6C5=O)sc3c2C4(c2ccccc2)c2ccccc2)C(=O)c2ccccc21
16,CC(S1)=CC=C1C(C2=NN(CC(CCCCCCCC)CCCCCC)N=C32)=C(F)C(F)=C3C(S4)=CC=C4C5=CC(S6)=C(S5)C(C6=C7C8=CC=C(SCC(CCCC)CCCCCC)S8)=C(C9=CC=C(SCC(CCCC)CCCCCC)S9)C%10=C7C%11=C(S%10)C=C(C)S%11||O=C(C(C=C(C=CC=C1)C1=C2)=C2C/3=C(C#N)\C#N)C3=C\C4=CC(C(C5=CC=C(CCCCCC)C=C5)(C6=CC=C(CCCCCC)C=C6)C7=C8SC9=C7C(C%10=CC=C(C=C%10)SCC(CC)CCCC)=C%11C(C(SC%12=C%13C(C%14=CC=C(C=C%14)CCCCCC)(C%15=C%12SC(/C=C%16C(C(C=C(C=CC=C%17)C%17=C%18)=C%18C/%16=C(C#N)/C#N)=O)=C%15)C%19=CC=C(C=C%19)CCCCCC)=C%13S%11)=C9C%20=CC=C(C=C%20)SCC(CCCC)CC)=C8S4,CC(S1)=CC=C1C(C2=NN(CC(CCCCCCCC)CCCCCC)N=C32)=C(F)C(F)=C3C(S4)=CC=C4C5=CC(S6)=C(S5)C(C6=C7C8=CC=C(SCC(CCCC)CCCCCC)S8)=C(C9=CC=C(SCC(CCCC)CCCCCC)S9)C%10=C7C%11=C(S%10)C=C(C)S%11,O=C(C(C=C(C=CC=C1)C1=C2)=C2C/3=C(C#N)\C#N)C3=C\C4=CC(C(C5=CC=C(CCCCCC)C=C5)(C6=CC=C(CCCCCC)C=C6)C7=C8SC9=C7C(C%10=CC=C(C=C%10)SCC(CC)CCCC)=C%11C(C(SC%12=C%13C(C%14=CC=C(C=C%14)CCCCCC)(C%15=C%12SC(/C=C%16C(C(C=C(C=CC=C%17)C%17=C%18)=C%18C/%16=C(C#N)/C#N)=O)=C%15)C%19=CC=C(C=C%19)CCCCCC)=C%13S%11)=C9C%20=CC=C(C=C%20)SCC(CCCC)CC)=C8S4,5.38,1,5.38,5.38,maximum,c1csc(-c2ccc(-c3ccc(-c4cc5sc6c(-c7cccs7)c7c(sc8ccsc87)c(-c7cccs7)c6c5s4)s3)c3n[nH]nc23)c1,C=C1C(=Cc2cc3c(s2)-c2sc4c(sc5c(-c6ccccc6)c6c7c(sc6c(-c6ccccc6)c54)-c4sc(C=C5C(=C)c6cc8ccccc8cc6C5=O)cc4C7(c4ccccc4)c4ccccc4)c2C3(c2ccccc2)c2ccccc2)C(=O)c2cc3ccccc3cc21,c1csc(-c2ccc(-c3ccc(-c4cc5sc6c(-c7cccs7)c7c(sc8ccsc87)c(-c7cccs7)c6c5s4)s3)c3n[nH]nc23)c1||C=C1C(=Cc2cc3c(s2)-c2sc4c(sc5c(-c6ccccc6)c6c7c(sc6c(-c6ccccc6)c54)-c4sc(C=C5C(=C)c6cc8ccccc8cc6C5=O)cc4C7(c4ccccc4)c4ccccc4)c2C3(c2ccccc2)c2ccccc2)C(=O)c2cc3ccccc3cc21
17,CC(S1)=CC=C1C(C2=NN(CC(CCCCCCCC)CCCCCC)N=C32)=C(F)C(F)=C3C(S4)=CC=C4C5=CC(S6)=C(S5)C(C6=C7C8=CC=C(SCC(CCCC)CCCCCC)S8)=C(C9=CC=C(SCC(CCCC)CCCCCC)S9)C%10=C7C%11=C(S%10)C=C(C)S%11||O=C(C(C=CC=C1)=C1C/2=C(C#N)\C#N)C2=C\C3=CC(C(C4=CC=C(CCCCCC)C=C4)(C5=CC=C(CCCCCC)C=C5)C6=C7SC8=C6C(C9=CC=C(C=C9)SCC(CC)CCCC)=C%10C(C(SC%11=C%12C(C%13=CC=C(C=C%13)CCCCCC)(C%14=C%11SC(/C=C%15C(C(C=CC=C%16)=C%16C/%15=C(C#N)/C#N)=O)=C%14)C%17=CC=C(C=C%17)CCCCCC)=C%12S%10)=C8C%18=CC=C(C=C%18)SCC(CCCC)CC)=C7S3,CC(S1)=CC=C1C(C2=NN(CC(CCCCCCCC)CCCCCC)N=C32)=C(F)C(F)=C3C(S4)=CC=C4C5=CC(S6)=C(S5)C(C6=C7C8=CC=C(SCC(CCCC)CCCCCC)S8)=C(C9=CC=C(SCC(CCCC)CCCCCC)S9)C%10=C7C%11=C(S%10)C=C(C)S%11,O=C(C(C=CC=C1)=C1C/2=C(C#N)\C#N)C2=C\C3=CC(C(C4=CC=C(CCCCCC)C=C4)(C5=CC=C(CCCCCC)C=C5)C6=C7SC8=C6C(C9=CC=C(C=C9)SCC(CC)CCCC)=C%10C(C(SC%11=C%12C(C%13=CC=C(C=C%13)CCCCCC)(C%14=C%11SC(/C=C%15C(C(C=CC=C%16)=C%16C/%15=C(C#N)/C#N)=O)=C%14)C%17=CC=C(C=C%17)CCCCCC)=C%12S%10)=C8C%18=CC=C(C=C%18)SCC(CCCC)CC)=C7S3,6.2,1,6.2,6.2,maximum,c1csc(-c2ccc(-c3ccc(-c4cc5sc6c(-c7cccs7)c7c(sc8ccsc87)c(-c7cccs7)c6c5s4)s3)c3n[nH]nc23)c1,C=C1C(=Cc2cc3c(s2)-c2sc4c(sc5c(-c6ccccc6)c6c7c(sc6c(-c6ccccc6)c54)-c4sc(C=C5C(=C)c6ccccc6C5=O)cc4C7(c4ccccc4)c4ccccc4)c2C3(c2ccccc2)c2ccccc2)C(=O)c2ccccc21,c1csc(-c2ccc(-c3ccc(-c4cc5sc6c(-c7cccs7)c7c(sc8ccsc87)c(-c7cccs7)c6c5s4)s3)c3n[nH]nc23)c1||C=C1C(=Cc2cc3c(s2)-c2sc4c(sc5c(-c6ccccc6)c6c7c(sc6c(-c6ccccc6)c54)-c4sc(C=C5C(=C)c6ccccc6C5=O)cc4C7(c4ccccc4)c4ccccc4)c2C3(c2ccccc2)c2ccccc2)C(=O)c2ccccc21
18,CC(S1)=CC=C1C(C2=NN(CC(CCCCCCCC)CCCCCC)N=C32)=C(F)C(F)=C3C(S4)=CC=C4C5=CC(S6)=C(S5)C(C6=C7C8=CC=C(SCC(CCCC)CCCCCC)S8)=C(C9=CC=C(SCC(CCCC)CCCCCC)S9)C%10=C7C%11=C(S%10)C=C(C)S%11||O=C(C(C=CC=C1)=C1C/2=C(C#N)\C#N)C2=C\C3=CC(C(C4=CC=C(CCCCCC)C=C4)(C5=CC=C(CCCCCC)C=C5)C6=C7SC8=C6C(C9=CC=C(C=C9)SCC(CC)CCCC)=C%10SC(C%11=C(C%12(C%13=CC=C(CCCCCC)C=C%13)C%14=CC=C(CCCCCC)C=C%14)C=C(/C=C%15C(C(C=CC=C%16)=C%16C/%15=C(C#N)/C#N)=O)S%11)=C%12C%10=C8C%17=CC=C(C=C%17)SCC(CCCC)CC)=C7S3,CC(S1)=CC=C1C(C2=NN(CC(CCCCCCCC)CCCCCC)N=C32)=C(F)C(F)=C3C(S4)=CC=C4C5=CC(S6)=C(S5)C(C6=C7C8=CC=C(SCC(CCCC)CCCCCC)S8)=C(C9=CC=C(SCC(CCCC)CCCCCC)S9)C%10=C7C%11=C(S%10)C=C(C)S%11,O=C(C(C=CC=C1)=C1C/2=C(C#N)\C#N)C2=C\C3=CC(C(C4=CC=C(CCCCCC)C=C4)(C5=CC=C(CCCCCC)C=C5)C6=C7SC8=C6C(C9=CC=C(C=C9)SCC(CC)CCCC)=C%10SC(C%11=C(C%12(C%13=CC=C(CCCCCC)C=C%13)C%14=CC=C(CCCCCC)C=C%14)C=C(/C=C%15C(C(C=CC=C%16)=C%16C/%15=C(C#N)/C#N)=O)S%11)=C%12C%10=C8C%17=CC=C(C=C%17)SCC(CCCC)CC)=C7S3,6.5,1,6.5,6.5,maximum,c1csc(-c2ccc(-c3ccc(-c4cc5sc6c(-c7cccs7)c7c(sc8ccsc87)c(-c7cccs7)c6c5s4)s3)c3n[nH]nc23)c1,C=C1C(=Cc2cc3c(s2)-c2sc4c(-c5ccccc5)c5c6c(sc5c(-c5ccccc5)c4c2C3(c2ccccc2)c2ccccc2)-c2sc(C=C3C(=C)c4ccccc4C3=O)cc2C6(c2ccccc2)c2ccccc2)C(=O)c2ccccc21,c1csc(-c2ccc(-c3ccc(-c4cc5sc6c(-c7cccs7)c7c(sc8ccsc87)c(-c7cccs7)c6c5s4)s3)c3n[nH]nc23)c1||C=C1C(=Cc2cc3c(s2)-c2sc4c(-c5ccccc5)c5c6c(sc5c(-c5ccccc5)c4c2C3(c2ccccc2)c2ccccc2)-c2sc(C=C3C(=C)c4ccccc4C3=O)cc2C6(c2ccccc2)c2ccccc2)C(=O)c2ccccc21
21,CC(S1)=CC=C1C(C2=NN(CC(CCCCCCCC)CCCCCC)N=C32)=C(F)C(F)=C3C4=CC=C(C(S5)=CC(C5=C6C7=CC=C(SCC(CCCC)CCCCCC)S7)=C(C8=CC=C(SCC(CCCC)CCCCCC)S8)C9=C6C=C(C)S9)S4||O=C(C(C=CC=C1)=C1C/2=C(C#N)\C#N)C2=C\C3=CC(C(C4=CC=C(CCCCCC)C=C4)(C5=CC=C(CCCCCC)C=C5)C6=C7SC8=C6C(C9=CC=C(C=C9)SCC(CC)CCCC)=C%10C(C(SC%11=C%12C(C%13=CC=C(C=C%13)CCCCCC)(C%14=C%11SC(/C=C%15C(C(C=CC=C%16)=C%16C/%15=C(C#N)/C#N)=O)=C%14)C%17=CC=C(C=C%17)CCCCCC)=C%12S%10)=C8C%18=CC=C(C=C%18)SCC(CCCC)CC)=C7S3,CC(S1)=CC=C1C(C2=NN(CC(CCCCCCCC)CCCCCC)N=C32)=C(F)C(F)=C3C4=CC=C(C(S5)=CC(C5=C6C7=CC=C(SCC(CCCC)CCCCCC)S7)=C(C8=CC=C(SCC(CCCC)CCCCCC)S8)C9=C6C=C(C)S9)S4,O=C(C(C=CC=C1)=C1C/2=C(C#N)\C#N)C2=C\C3=CC(C(C4=CC=C(CCCCCC)C=C4)(C5=CC=C(CCCCCC)C=C5)C6=C7SC8=C6C(C9=CC=C(C=C9)SCC(CC)CCCC)=C%10C(C(SC%11=C%12C(C%13=CC=C(C=C%13)CCCCCC)(C%14=C%11SC(/C=C%15C(C(C=CC=C%16)=C%16C/%15=C(C#N)/C#N)=O)=C%14)C%17=CC=C(C=C%17)CCCCCC)=C%12S%10)=C8C%18=CC=C(C=C%18)SCC(CCCC)CC)=C7S3,11.06,2,4.04,11.06,maximum,c1csc(-c2ccc(-c3ccc(-c4cc5c(-c6cccs6)c6sccc6c(-c6cccs6)c5s4)s3)c3n[nH]nc23)c1,C=C1C(=Cc2cc3c(s2)-c2sc4c(sc5c(-c6ccccc6)c6c7c(sc6c(-c6ccccc6)c54)-c4sc(C=C5C(=C)c6ccccc6C5=O)cc4C7(c4ccccc4)c4ccccc4)c2C3(c2ccccc2)c2ccccc2)C(=O)c2ccccc21,c1csc(-c2ccc(-c3ccc(-c4cc5c(-c6cccs6)c6sccc6c(-c6cccs6)c5s4)s3)c3n[nH]nc23)c1||C=C1C(=Cc2cc3c(s2)-c2sc4c(sc5c(-c6ccccc6)c6c7c(sc6c(-c6ccccc6)c54)-c4sc(C=C5C(=C)c6ccccc6C5=O)cc4C7(c4ccccc4)c4ccccc4)c2C3(c2ccccc2)c2ccccc2)C(=O)c2ccccc21
37,CC(SC(C1=CC(C(S1)=C(C2C=C(C)SC23)C4=CC=C(S4)CC(CC)CCCC)=C3C5=CC=C(S5)CC(CCCC)CC)=C6S7)=C6C(F)=C7C(OCC(CC)CCCC)=O||S=C(N(C/1=O)CC)SC1=C/C(C2=NSN=C32)=CC=C3C4=CC(C5(CCCCCCCC)CCCCCCCC)=C(C(C=C6C7(CCCCCCCC)CCCCCCCC)=C5C=C6C8=C7C=C(C9=CC=C(C%10=NSN=C9%10)/C=C%11SC(N(C\%11=O)CC)=S)S8)S4,CC(SC(C1=CC(C(S1)=C(C2C=C(C)SC23)C4=CC=C(S4)CC(CC)CCCC)=C3C5=CC=C(S5)CC(CCCC)CC)=C6S7)=C6C(F)=C7C(OCC(CC)CCCC)=O,S=C(N(C/1=O)CC)SC1=C/C(C2=NSN=C32)=CC=C3C4=CC(C5(CCCCCCCC)CCCCCCCC)=C(C(C=C6C7(CCCCCCCC)CCCCCCCC)=C5C=C6C8=C7C=C(C9=CC=C(C%10=NSN=C9%10)/C=C%11SC(N(C\%11=O)CC)=S)S8)S4,12.0,1,12.0,12.0,maximum,C1=CC2C(c3cccs3)=c3sc(-c4scc5ccsc45)cc3=C(c3cccs3)C2S1,O=C1NC(=S)SC1=Cc1ccc(-c2cc3c(s2)-c2cc4c(cc2C3)-c2sc(-c3ccc(C=C5SC(=S)NC5=O)c5nsnc35)cc2C4)c2nsnc12,C1=CC2C(c3cccs3)=c3sc(-c4scc5ccsc45)cc3=C(c3cccs3)C2S1||O=C1NC(=S)SC1=Cc1ccc(-c2cc3c(s2)-c2cc4c(cc2C3)-c2sc(-c3ccc(C=C5SC(=S)NC5=O)c5nsnc35)cc2C4)c2nsnc12
59,CC1=CC(C(C2=CC(CCCCCC)=C(S2)CCCCCC)=C3SC(C4=CC=C(S4)C5=C(C(F)=C(C6=NN(N=C56)CC(CCCC)CCCCCC)C7=CC=C(S7)C)F)=CC3=C8C9=CC(CCCCCC)=C(S9)CCCCCC)=C8S1||FC(C(F)=C(C1=NSN=C21)/C=C3SC(N(C\3=O)CC)=S)=C2C4=CC(C5(C6=CC=C(CCCCCC)C=C6)C7=CC=C(CCCCCC)C=C7)=C(C8=CC9=C(C%10=C(C9(C%11=CC=C(CCCCCC)C=C%11)C%12=CC=C(CCCCCC)C=C%12)C=C(C%13=C(C(F)=C(C%14=NSN=C%13%14)/C=C%15SC(N(C\%15=O)CC)=S)F)S%10)C=C85)S4,CC1=CC(C(C2=CC(CCCCCC)=C(S2)CCCCCC)=C3SC(C4=CC=C(S4)C5=C(C(F)=C(C6=NN(N=C56)CC(CCCC)CCCCCC)C7=CC=C(S7)C)F)=CC3=C8C9=CC(CCCCCC)=C(S9)CCCCCC)=C8S1,FC(C(F)=C(C1=NSN=C21)/C=C3SC(N(C\3=O)CC)=S)=C2C4=CC(C5(C6=CC=C(CCCCCC)C=C6)C7=CC=C(CCCCCC)C=C7)=C(C8=CC9=C(C%10=C(C9(C%11=CC=C(CCCCCC)C=C%11)C%12=CC=C(CCCCCC)C=C%12)C=C(C%13=C(C(F)=C(C%14=NSN=C%13%14)/C=C%15SC(N(C\%15=O)CC)=S)F)S%10)C=C85)S4,6.34,1,6.34,6.34,maximum,c1csc(-c2ccc(-c3ccc(-c4cc5c(-c6cccs6)c6sccc6c(-c6cccs6)c5s4)s3)c3n[nH]nc23)c1,O=C1NC(=S)SC1=Cc1ccc(-c2cc3c(s2)-c2cc4c(cc2C3(c2ccccc2)c2ccccc2)-c2sc(-c3ccc(C=C5SC(=S)NC5=O)c5nsnc35)cc2C4(c2ccccc2)c2ccccc2)c2nsnc12,c1csc(-c2ccc(-c3ccc(-c4cc5c(-c6cccs6)c6sccc6c(-c6cccs6)c5s4)s3)c3n[nH]nc23)c1||O=C1NC(=S)SC1=Cc1ccc(-c2cc3c(s2)-c2cc4c(cc2C3(c2ccccc2)c2ccccc2)-c2sc(-c3ccc(C=C5SC(=S)NC5=O)c5nsnc35)cc2C4(c2ccccc2)c2ccccc2)c2nsnc12
80,CC1=CC(C(C2=CC=C(S2)[Si](CCC)(CCC)CCC)=C3SC(C4=CC=C(S4)C5=C(C(Cl)=C(C6=NN(N=C56)CC(C)C)C7=CC=C(S7)C)Cl)=CC3=C8C9=CC=C(S9)[Si](CCC)(CCC)CCC)=C8S1||O=C(C(C=C(C(Cl)=C1)Cl)=C1C/2=C(C#N)\C#N)C2=C/C3=CC4=C(C(C5(C(C=C6)=CC=C6CCCCCC)C7=CC=C(C=C7)CCCCCC)=C(C8=C5C9=C(C%10=C(C%11=C(C%10(C%12=CC=C(C=C%12)CCCCCC)C%13=CC=C(C=C%13)CCCCCC)C%14=C(C=C(S%14)/C=C%15C(C(C=C(C(Cl)=C%16)Cl)=C%16C\%15=C(C#N)\C#N)=O)S%11)S9)S8)S4)S3,CC1=CC(C(C2=CC=C(S2)[Si](CCC)(CCC)CCC)=C3SC(C4=CC=C(S4)C5=C(C(Cl)=C(C6=NN(N=C56)CC(C)C)C7=CC=C(S7)C)Cl)=CC3=C8C9=CC=C(S9)[Si](CCC)(CCC)CCC)=C8S1,O=C(C(C=C(C(Cl)=C1)Cl)=C1C/2=C(C#N)\C#N)C2=C/C3=CC4=C(C(C5(C(C=C6)=CC=C6CCCCCC)C7=CC=C(C=C7)CCCCCC)=C(C8=C5C9=C(C%10=C(C%11=C(C%10(C%12=CC=C(C=C%12)CCCCCC)C%13=CC=C(C=C%13)CCCCCC)C%14=C(C=C(S%14)/C=C%15C(C(C=C(C(Cl)=C%16)Cl)=C%16C\%15=C(C#N)\C#N)=O)S%11)S9)S8)S4)S3,9.45,1,9.45,9.45,maximum,c1csc(-c2ccc(-c3ccc(-c4cc5c(-c6cccs6)c6sccc6c(-c6cccs6)c5s4)s3)c3n[nH]nc23)c1,C=C1C(=Cc2cc3sc4c(c3s2)C(c2ccccc2)(c2ccccc2)c2c-4sc3c4c(sc23)-c2sc3cc(C=C5C(=C)c6ccccc6C5=O)sc3c2C4(c2ccccc2)c2ccccc2)C(=O)c2ccccc21,c1csc(-c2ccc(-c3ccc(-c4cc5c(-c6cccs6)c6sccc6c(-c6cccs6)c5s4)s3)c3n[nH]nc23)c1||C=C1C(=Cc2cc3sc4c(c3s2)C(c2ccccc2)(c2ccccc2)c2c-4sc3c4c(sc23)-c2sc3cc(C=C5C(=C)c6ccccc6C5=O)sc3c2C4(c2ccccc2)c2ccccc2)C(=O)c2ccccc21
81,CC1=CC(C(C2=CC=C(S2)[Si](CCC)(CCC)CCC)=C3SC(C4=CC=C(S4)C5=C(C(Cl)=C(C6=NN(N=C56)CC(C)C)C7=CC=C(S7)C)Cl)=CC3=C8C9=CC=C(S9)[Si](CCC)(CCC)CCC)=C8S1||O=C(C(C=C(C(F)=C1)F)=C1C/2=C(C#N)\C#N)C2=C/C3=CC4=C(C(C5(C(C=C6)=CC=C6CCCCCC)C7=CC=C(C=C7)CCCCCC)=C(C8=C5C9=C(C%10=C(C%11=C(C%10(C%12=CC=C(C=C%12)CCCCCC)C%13=CC=C(C=C%13)CCCCCC)C%14=C(C=C(S%14)/C=C%15C(C(C=C(C(F)=C%16)F)=C%16C\%15=C(C#N)\C#N)=O)S%11)S9)S8)S4)S3,CC1=CC(C(C2=CC=C(S2)[Si](CCC)(CCC)CCC)=C3SC(C4=CC=C(S4)C5=C(C(Cl)=C(C6=NN(N=C56)CC(C)C)C7=CC=C(S7)C)Cl)=CC3=C8C9=CC=C(S9)[Si](CCC)(CCC)CCC)=C8S1,O=C(C(C=C(C(F)=C1)F)=C1C/2=C(C#N)\C#N)C2=C/C3=CC4=C(C(C5(C(C=C6)=CC=C6CCCCCC)C7=CC=C(C=C7)CCCCCC)=C(C8=C5C9=C(C%10=C(C%11=C(C%10(C%12=CC=C(C=C%12)CCCCCC)C%13=CC=C(C=C%13)CCCCCC)C%14=C(C=C(S%14)/C=C%15C(C(C=C(C(F)=C%16)F)=C%16C\%15=C(C#N)\C#N)=O)S%11)S9)S8)S4)S3,9.44,1,9.44,9.44,maximum,c1csc(-c2ccc(-c3ccc(-c4cc5c(-c6cccs6)c6sccc6c(-c6cccs6)c5s4)s3)c3n[nH]nc23)c1,C=C1C(=Cc2cc3sc4c(c3s2)C(c2ccccc2)(c2ccccc2)c2c-4sc3c4c(sc23)-c2sc3cc(C=C5C(=C)c6ccccc6C5=O)sc3c2C4(c2ccccc2)c2ccccc2)C(=O)c2ccccc21,c1csc(-c2ccc(-c3ccc(-c4cc5c(-c6cccs6)c6sccc6c(-c6cccs6)c5s4)s3)c3n[nH]nc23)c1||C=C1C(=Cc2cc3sc4c(c3s2)C(c2ccccc2)(c2ccccc2)c2c-4sc3c4c(sc23)-c2sc3cc(C=C5C(=C)c6ccccc6C5=O)sc3c2C4(c2ccccc2)c2ccccc2)C(=O)c2ccccc21
101,CC1=CC(C)=C(C2=NC3=C(S2)N=C(C4=C(CCCCCCCC)C=C(C5=CC6=C(C7=C([Si]6(CCCCCCCC)CCCCCCCC)C=C(C)S7)S5)S4)S3)S1||O=C(N(C(N(C/1=O)CC)=O)CC)C1=C\C(S2)=CC=C2C3=CC=C(C(C=C4)=C5C=C4C6=CC=C(S6)/C=C7C(N(C(N(C\7=O)CC)=O)CC)=O)C(C5(CCCCCCCC)CCCCCCCC)=C3,CC1=CC(C)=C(C2=NC3=C(S2)N=C(C4=C(CCCCCCCC)C=C(C5=CC6=C(C7=C([Si]6(CCCCCCCC)CCCCCCCC)C=C(C)S7)S5)S4)S3)S1,O=C(N(C(N(C/1=O)CC)=O)CC)C1=C\C(S2)=CC=C2C3=CC=C(C(C=C4)=C5C=C4C6=CC=C(S6)/C=C7C(N(C(N(C\7=O)CC)=O)CC)=O)C(C5(CCCCCCCC)CCCCCCCC)=C3,5.42,1,5.42,5.42,maximum,c1csc(-c2nc3sc(-c4ccc(-c5cc6c(s5)-c5sccc5[SiH2]6)s4)nc3s2)c1,O=C1NC(=O)C(=Cc2ccc(-c3ccc4c(c3)Cc3cc(-c5ccc(C=C6C(=O)NC(=O)NC6=O)s5)ccc3-4)s2)C(=O)N1,c1csc(-c2nc3sc(-c4ccc(-c5cc6c(s5)-c5sccc5[SiH2]6)s4)nc3s2)c1||O=C1NC(=O)C(=Cc2ccc(-c3ccc4c(c3)Cc3cc(-c5ccc(C=C6C(=O)NC(=O)NC6=O)s5)ccc3-4)s2)C(=O)N1
102,CC1=CC(C)=C(C2=NC3=C(S2)N=C(C4=C(CCCCCCCC)C=C(C5=CC6=C(C7=C([Si]6(CCCCCCCC)CCCCCCCC)C=C(C)S7)S5)S4)S3)S1||O=C(N(C(N(C/1=O)CC)=S)CC)C1=C\C(S2)=CC=C2C3=CC=C(C(C=C4)=C5C=C4C6=CC=C(S6)/C=C7C(N(C(N(C\7=O)CC)=S)CC)=O)C(C5(CCCCCCCC)CCCCCCCC)=C3,CC1=CC(C)=C(C2=NC3=C(S2)N=C(C4=C(CCCCCCCC)C=C(C5=CC6=C(C7=C([Si]6(CCCCCCCC)CCCCCCCC)C=C(C)S7)S5)S4)S3)S1,O=C(N(C(N(C/1=O)CC)=S)CC)C1=C\C(S2)=CC=C2C3=CC=C(C(C=C4)=C5C=C4C6=CC=C(S6)/C=C7C(N(C(N(C\7=O)CC)=S)CC)=O)C(C5(CCCCCCCC)CCCCCCCC)=C3,7.17,1,7.17,7.17,maximum,c1csc(-c2nc3sc(-c4ccc(-c5cc6c(s5)-c5sccc5[SiH2]6)s4)nc3s2)c1,O=C1NC(=S)NC(=O)C1=Cc1ccc(-c2ccc3c(c2)Cc2cc(-c4ccc(C=C5C(=O)NC(=S)NC5=O)s4)ccc2-3)s1,c1csc(-c2nc3sc(-c4ccc(-c5cc6c(s5)-c5sccc5[SiH2]6)s4)nc3s2)c1||O=C1NC(=S)NC(=O)C1=Cc1ccc(-c2ccc3c(c2)Cc2cc(-c4ccc(C=C5C(=O)NC(=S)NC5=O)s4)ccc2-3)s1
103,CC1=CC(F)=C(S1)C2=C(F)C=C(C3=C(CC(CCCCCCCC)CCCCCC)C=C(C4=CC(CC(CCCCCC)CCCCCCCC)=C(S4)C)S3)S2||O=C(/C(S1)=C/C(C2=NSN=C32)=CC=C3C(S4)=CC(C5(C6=CC=C(CCCCCC)C=C6)C7=CC=C(CCCCCC)C=C7)=C4C(C=C89)=C5C=C8C(SC(C%10=CC=C(/C=C%11SC(N(CC)C\%11=O)=S)C%12=NSN=C%10%12)=C%13)=C%13C9(C%14=CC=C(CCCCCC)C=C%14)C%15=CC=C(CCCCCC)C=C%15)N(CC)C1=S,CC1=CC(F)=C(S1)C2=C(F)C=C(C3=C(CC(CCCCCCCC)CCCCCC)C=C(C4=CC(CC(CCCCCC)CCCCCCCC)=C(S4)C)S3)S2,O=C(/C(S1)=C/C(C2=NSN=C32)=CC=C3C(S4)=CC(C5(C6=CC=C(CCCCCC)C=C6)C7=CC=C(CCCCCC)C=C7)=C4C(C=C89)=C5C=C8C(SC(C%10=CC=C(/C=C%11SC(N(CC)C\%11=O)=S)C%12=NSN=C%10%12)=C%13)=C%13C9(C%14=CC=C(CCCCCC)C=C%14)C%15=CC=C(CCCCCC)C=C%15)N(CC)C1=S,7.0,1,7.0,7.0,maximum,c1csc(-c2ccc(-c3ccc(-c4cccs4)s3)s2)c1,O=C1NC(=S)SC1=Cc1ccc(-c2cc3c(s2)-c2cc4c(cc2C3(c2ccccc2)c2ccccc2)-c2sc(-c3ccc(C=C5SC(=S)NC5=O)c5nsnc35)cc2C4(c2ccccc2)c2ccccc2)c2nsnc12,c1csc(-c2ccc(-c3ccc(-c4cccs4)s3)s2)c1||O=C1NC(=S)SC1=Cc1ccc(-c2cc3c(s2)-c2cc4c(cc2C3(c2ccccc2)c2ccccc2)-c2sc(-c3ccc(C=C5SC(=S)NC5=O)c5nsnc35)cc2C4(c2ccccc2)c2ccccc2)c2nsnc12
118,CC1=CC2=C(C3=C([Si]2(CCCCCCCC)CCCCCCCC)C=C(C4=C(C=C(C5=NN(N=C45)CCCCCC)C6=CC7=C(C8=C([Si]7(CCCCCCCC)CCCCCCCC)C=C(C9=CC(F)=C(C%10=NN(N=C9%10)CCCCCC)C)S8)S6)F)S3)S1||O=C(C1=C(N(C(C1=C2C3=CC=C(S3)C#CC4=CC=C(C=C4)N5C6=C(C=CC=C6)C7=C5C=CC=C7)=O)CCCCCCCCCC)C8=CC=C(C(/C(C9=CC=C(C=C9)N%10C%11=C(C=CC=C%11)C%12=C%10C=CC=C%12)=C(C#N)\C#N)=C(C#N)\C#N)S8)N2CCCCCCCCCC,CC1=CC2=C(C3=C([Si]2(CCCCCCCC)CCCCCCCC)C=C(C4=C(C=C(C5=NN(N=C45)CCCCCC)C6=CC7=C(C8=C([Si]7(CCCCCCCC)CCCCCCCC)C=C(C9=CC(F)=C(C%10=NN(N=C9%10)CCCCCC)C)S8)S6)F)S3)S1,O=C(C1=C(N(C(C1=C2C3=CC=C(S3)C#CC4=CC=C(C=C4)N5C6=C(C=CC=C6)C7=C5C=CC=C7)=O)CCCCCCCCCC)C8=CC=C(C(/C(C9=CC=C(C=C9)N%10C%11=C(C=CC=C%11)C%12=C%10C=CC=C%12)=C(C#N)\C#N)=C(C#N)\C#N)S8)N2CCCCCCCCCC,7.19,1,7.19,7.19,maximum,c1cc(-c2cc3c(s2)-c2sc(-c4ccc(-c5cc6c(s5)-c5sccc5[SiH2]6)c5n[nH]nc45)cc2[SiH2]3)c2n[nH]nc2c1,C=C(C(=C)c1ccc(C2=C3C(=O)NC(c4ccc(C#Cc5ccc(-n6c7ccccc7c7ccccc76)cc5)s4)=C3C(=O)N2)s1)c1ccc(-n2c3ccccc3c3ccccc32)cc1,c1cc(-c2cc3c(s2)-c2sc(-c4ccc(-c5cc6c(s5)-c5sccc5[SiH2]6)c5n[nH]nc45)cc2[SiH2]3)c2n[nH]nc2c1||C=C(C(=C)c1ccc(C2=C3C(=O)NC(c4ccc(C#Cc5ccc(-n6c7ccccc7c7ccccc76)cc5)s4)=C3C(=O)N2)s1)c1ccc(-n2c3ccccc3c3ccccc32)cc1
119,CC1=CC2=C(C3=C([Si]2(CCCCCCCC)CCCCCCCC)C=C(C4=C(C=C(C5=NN(N=C45)CCCCCC)C6=CC7=C(C8=C([Si]7(CCCCCCCC)CCCCCCCC)C=C(C9=CC(F)=C(C%10=NN(N=C9%10)CCCCCC)C)S8)S6)F)S3)S1||O=C(C1=C(N(C(C1=C2C3=CC=CS3)=O)CCCCCCCCCC)C4=CC=C(S4)C(/C(C5=CC=C(C=C5)N6C7=C(C=CC=C7)C8=C6C=CC=C8)=C(C#N)\C#N)=C(C#N)\C#N)N2CCCCCCCCCC,CC1=CC2=C(C3=C([Si]2(CCCCCCCC)CCCCCCCC)C=C(C4=C(C=C(C5=NN(N=C45)CCCCCC)C6=CC7=C(C8=C([Si]7(CCCCCCCC)CCCCCCCC)C=C(C9=CC(F)=C(C%10=NN(N=C9%10)CCCCCC)C)S8)S6)F)S3)S1,O=C(C1=C(N(C(C1=C2C3=CC=CS3)=O)CCCCCCCCCC)C4=CC=C(S4)C(/C(C5=CC=C(C=C5)N6C7=C(C=CC=C7)C8=C6C=CC=C8)=C(C#N)\C#N)=C(C#N)\C#N)N2CCCCCCCCCC,4.86,1,4.86,4.86,maximum,c1cc(-c2cc3c(s2)-c2sc(-c4ccc(-c5cc6c(s5)-c5sccc5[SiH2]6)c5n[nH]nc45)cc2[SiH2]3)c2n[nH]nc2c1,C=C(C(=C)c1ccc(C2=C3C(=O)NC(c4cccs4)=C3C(=O)N2)s1)c1ccc(-n2c3ccccc3c3ccccc32)cc1,c1cc(-c2cc3c(s2)-c2sc(-c4ccc(-c5cc6c(s5)-c5sccc5[SiH2]6)c5n[nH]nc45)cc2[SiH2]3)c2n[nH]nc2c1||C=C(C(=C)c1ccc(C2=C3C(=O)NC(c4cccs4)=C3C(=O)N2)s1)c1ccc(-n2c3ccccc3c3ccccc32)cc1
138,CC1=CC=C(C(C2=NN(N=C2C(C3=CC=C(C4=C(C=C(S4)C5=C6C(C=CS6)=C(C7=CC(CC(CCCCCCCCCC)CCCCCCCCCCCC)=C(S7)C)C8=C5C=CS8)CC(CCCCCCCCCCCC)CCCCCCCCCC)S3)=C9F)CCC)=C9F)S1||O=C(/C(S1)=C/C(C2=NSN=C32)=CC=C3C(S4)=CC(C5(C6=CC=C(CCCCCC)C=C6)C7=CC=C(CCCCCC)C=C7)=C4C(C=C89)=C5C=C8C(SC(C%10=CC=C(/C=C%11SC(N(CC)C\%11=O)=S)C%12=NSN=C%10%12)=C%13)=C%13C9(C%14=CC=C(CCCCCC)C=C%14)C%15=CC=C(CCCCCC)C=C%15)N(CC)C1=S,CC1=CC=C(C(C2=NN(N=C2C(C3=CC=C(C4=C(C=C(S4)C5=C6C(C=CS6)=C(C7=CC(CC(CCCCCCCCCC)CCCCCCCCCCCC)=C(S7)C)C8=C5C=CS8)CC(CCCCCCCCCCCC)CCCCCCCCCC)S3)=C9F)CCC)=C9F)S1,O=C(/C(S1)=C/C(C2=NSN=C32)=CC=C3C(S4)=CC(C5(C6=CC=C(CCCCCC)C=C6)C7=CC=C(CCCCCC)C=C7)=C4C(C=C89)=C5C=C8C(SC(C%10=CC=C(/C=C%11SC(N(CC)C\%11=O)=S)C%12=NSN=C%10%12)=C%13)=C%13C9(C%14=CC=C(CCCCCC)C=C%14)C%15=CC=C(CCCCCC)C=C%15)N(CC)C1=S,11.6,1,11.6,11.6,maximum,c1csc(-c2ccc(-c3ccc(-c4ccc(-c5c6ccsc6c(-c6cccs6)c6ccsc56)s4)s3)c3n[nH]nc23)c1,O=C1NC(=S)SC1=Cc1ccc(-c2cc3c(s2)-c2cc4c(cc2C3(c2ccccc2)c2ccccc2)-c2sc(-c3ccc(C=C5SC(=S)NC5=O)c5nsnc35)cc2C4(c2ccccc2)c2ccccc2)c2nsnc12,c1csc(-c2ccc(-c3ccc(-c4ccc(-c5c6ccsc6c(-c6cccs6)c6ccsc56)s4)s3)c3n[nH]nc23)c1||O=C1NC(=S)SC1=Cc1ccc(-c2cc3c(s2)-c2cc4c(cc2C3(c2ccccc2)c2ccccc2)-c2sc(-c3ccc(C=C5SC(=S)NC5=O)c5nsnc35)cc2C4(c2ccccc2)c2ccccc2)c2nsnc12
146,CC1=CC=C(S1)C2=C(C(C3=C(CC(CCCC)CC)CC(CC(CCCC)CC)=C3C4=O)=O)C4=C(C5=CC=C(S5)C6=CC7=C(C8=C(C(C9=CC(Cl)=C(S9)CC(CCCC)CC)=C7S6)C=C(C)S8)C%10=CC(Cl)=C(S%10)CC(CCCC)CC)S2||CCCCCCC(C(SC1=C2C(C3=CC=C(C=C3)CCCCCC)(C(C=C4C5=C6C7=C(C(CCCCCC)=C(S7)/C=C8C(C(C=CC=C9)=C9C\8=C(C#N)\C#N)=O)S5)=C1C=C4C6(C(C=C%10)=CC=C%10CCCCCC)C(C=C%11)=CC=C%11CCCCCC)C(C=C%12)=CC=C%12CCCCCC)=C2S%13)=C%13/C=C%14C(C(C=CC=C%15)=C%15C\%14=C(C#N)/C#N)=O,CC1=CC=C(S1)C2=C(C(C3=C(CC(CCCC)CC)CC(CC(CCCC)CC)=C3C4=O)=O)C4=C(C5=CC=C(S5)C6=CC7=C(C8=C(C(C9=CC(Cl)=C(S9)CC(CCCC)CC)=C7S6)C=C(C)S8)C%10=CC(Cl)=C(S%10)CC(CCCC)CC)S2,CCCCCCC(C(SC1=C2C(C3=CC=C(C=C3)CCCCCC)(C(C=C4C5=C6C7=C(C(CCCCCC)=C(S7)/C=C8C(C(C=CC=C9)=C9C\8=C(C#N)\C#N)=O)S5)=C1C=C4C6(C(C=C%10)=CC=C%10CCCCCC)C(C=C%11)=CC=C%11CCCCCC)C(C=C%12)=CC=C%12CCCCCC)=C2S%13)=C%13/C=C%14C(C(C=CC=C%15)=C%15C\%14=C(C#N)/C#N)=O,8.21,2,5.85,8.21,maximum,O=C1C2=CCC=C2C(=O)c2c(-c3ccc(-c4cc5c(-c6cccs6)c6sccc6c(-c6cccs6)c5s4)s3)sc(-c3cccs3)c21,C=C1C(=Cc2cc3sc4c(c3s2)C(c2ccccc2)(c2ccccc2)c2cc3c(cc2-4)C(c2ccccc2)(c2ccccc2)c2c-3sc3cc(C=C4C(=C)c5ccccc5C4=O)sc23)C(=O)c2ccccc21,O=C1C2=CCC=C2C(=O)c2c(-c3ccc(-c4cc5c(-c6cccs6)c6sccc6c(-c6cccs6)c5s4)s3)sc(-c3cccs3)c21||C=C1C(=Cc2cc3sc4c(c3s2)C(c2ccccc2)(c2ccccc2)c2cc3c(cc2-4)C(c2ccccc2)(c2ccccc2)c2c-3sc3cc(C=C4C(=C)c5ccccc5C4=O)sc23)C(=O)c2ccccc21
147,CC1=CC=C(S1)C2=C(C(C3=C(CC(CCCC)CC)CC(CC(CCCC)CC)=C3C4=O)=O)C4=C(C5=CC=C(S5)C6=CC7=C(C8=C(C(C9=CC(Cl)=C(S9)CC(CCCC)CC)=C7S6)C=C(C)S8)C%10=CC(Cl)=C(S%10)CC(CCCC)CC)S2||CCCCCCC(C=C1)=CC=C1C2(C3=CC=C(C=C3)CCCCCC)C4=C([Se]C5=CC6=C(C=C54)[Se]C7=C6C(C8=CC=C(C=C8)CCCCCC)(C9=CC=C(C=C9)CCCCCC)C%10=C7SC(/C=C%11\C(C%12=C(C=C(Cl)C=C%12)C%11=O)=C(C#N)\C#N)=C%10)C%13=C2C=C(/C=C%14C(C(C=C(Cl)C=C%15)=C%15C/%14=C(C#N)/C#N)=O)S%13,CC1=CC=C(S1)C2=C(C(C3=C(CC(CCCC)CC)CC(CC(CCCC)CC)=C3C4=O)=O)C4=C(C5=CC=C(S5)C6=CC7=C(C8=C(C(C9=CC(Cl)=C(S9)CC(CCCC)CC)=C7S6)C=C(C)S8)C%10=CC(Cl)=C(S%10)CC(CCCC)CC)S2,CCCCCCC(C=C1)=CC=C1C2(C3=CC=C(C=C3)CCCCCC)C4=C([Se]C5=CC6=C(C=C54)[Se]C7=C6C(C8=CC=C(C=C8)CCCCCC)(C9=CC=C(C=C9)CCCCCC)C%10=C7SC(/C=C%11\C(C%12=C(C=C(Cl)C=C%12)C%11=O)=C(C#N)\C#N)=C%10)C%13=C2C=C(/C=C%14C(C(C=C(Cl)C=C%15)=C%15C/%14=C(C#N)/C#N)=O)S%13,13.68,1,13.68,13.68,maximum,O=C1C2=CCC=C2C(=O)c2c(-c3ccc(-c4cc5c(-c6cccs6)c6sccc6c(-c6cccs6)c5s4)s3)sc(-c3cccs3)c21,C=C1C(=Cc2cc3c(s2)-c2[se]c4cc5c6c([se]c5cc4c2C3(c2ccccc2)c2ccccc2)-c2sc(C=C3C(=C)c4ccccc4C3=O)cc2C6(c2ccccc2)c2ccccc2)C(=O)c2ccccc21,O=C1C2=CCC=C2C(=O)c2c(-c3ccc(-c4cc5c(-c6cccs6)c6sccc6c(-c6cccs6)c5s4)s3)sc(-c3cccs3)c21||C=C1C(=Cc2cc3c(s2)-c2[se]c4cc5c6c([se]c5cc4c2C3(c2ccccc2)c2ccccc2)-c2sc(C=C3C(=C)c4ccccc4C3=O)cc2C6(c2ccccc2)c2ccccc2)C(=O)c2ccccc21
148,CC1=CC=C(S1)C2=C(C(C3=C(CC(CCCC)CC)CC(CC(CCCC)CC)=C3C4=O)=O)C4=C(C5=CC=C(S5)C6=CC7=C(C8=C(C(C9=CC(Cl)=C(S9)CC(CCCC)CC)=C7S6)C=C(C)S8)C%10=CC(Cl)=C(S%10)CC(CCCC)CC)S2||CCCCCCC1=CC=C(C2(C3=CC=C(CCCCCC)C=C3)C4=C(C5=C2C=C(S5)/C=C6C(C7=C(C/6=C(C#N)/C#N)C=C(Cl)C7)=O)[Se]C8=CC9=C([Se]C%10=C9C(C%11=CC=C(CCCCCC)C=C%11)(C%12=CC=C(CCCCCC)C=C%12)C%13=C%10SC(/C=C%14\C(C%15=C(SC(Cl)=C%15)C%14=O)=C(C#N)/C#N)=C%13)C=C84)C=C1,CC1=CC=C(S1)C2=C(C(C3=C(CC(CCCC)CC)CC(CC(CCCC)CC)=C3C4=O)=O)C4=C(C5=CC=C(S5)C6=CC7=C(C8=C(C(C9=CC(Cl)=C(S9)CC(CCCC)CC)=C7S6)C=C(C)S8)C%10=CC(Cl)=C(S%10)CC(CCCC)CC)S2,CCCCCCC1=CC=C(C2(C3=CC=C(CCCCCC)C=C3)C4=C(C5=C2C=C(S5)/C=C6C(C7=C(C/6=C(C#N)/C#N)C=C(Cl)C7)=O)[Se]C8=CC9=C([Se]C%10=C9C(C%11=CC=C(CCCCCC)C=C%11)(C%12=CC=C(CCCCCC)C=C%12)C%13=C%10SC(/C=C%14\C(C%15=C(SC(Cl)=C%15)C%14=O)=C(C#N)/C#N)=C%13)C=C84)C=C1,11.91,1,11.91,11.91,maximum,O=C1C2=CCC=C2C(=O)c2c(-c3ccc(-c4cc5c(-c6cccs6)c6sccc6c(-c6cccs6)c5s4)s3)sc(-c3cccs3)c21,C=C1C(=Cc2cc3c(s2)-c2[se]c4cc5c6c([se]c5cc4c2C3(c2ccccc2)c2ccccc2)-c2sc(C=C3C(=C)c4ccsc4C3=O)cc2C6(c2ccccc2)c2ccccc2)C(=O)C2=C1C=CC2,O=C1C2=CCC=C2C(=O)c2c(-c3ccc(-c4cc5c(-c6cccs6)c6sccc6c(-c6cccs6)c5s4)s3)sc(-c3cccs3)c21||C=C1C(=Cc2cc3c(s2)-c2[se]c4cc5c6c([se]c5cc4c2C3(c2ccccc2)c2ccccc2)-c2sc(C=C3C(=C)c4ccsc4C3=O)cc2C6(c2ccccc2)c2ccccc2)C(=O)C2=C1C=CC2
149,CC1=CC=C(S1)C2=C(C(C3=C(CC(CCCC)CC)CC(CC(CCCC)CC)=C3C4=O)=O)C4=C(C5=CC=C(S5)C6=CC7=C(C8=C(C(C9=CC(Cl)=C(S9)CC(CCCC)CC)=C7S6)C=C(C)S8)C%10=CC(Cl)=C(S%10)CC(CCCC)CC)S2||FC1=CC(C2=O)=C(C=C1F)C(/C2=C/C(S3)=C(CCCCCC)C4=C3C(C5(C6=CC=C(CCCCCC)C=C6)C7=CC=C(CCCCCC)C=C7)=C(S4)C(C5=C8)=CC9=C8C(S%10)=C(C9(C%11=CC=C(CCCCCC)C=C%11)C%12=CC=C(CCCCCC)C=C%12)C(S%13)=C%10C(CCCCCC)=C%13/C=C(/C%14=C(C#N)\C#N)C(C%15=C%14C=C(F)C(F)=C%15)=O)=C(C#N)\C#N,CC1=CC=C(S1)C2=C(C(C3=C(CC(CCCC)CC)CC(CC(CCCC)CC)=C3C4=O)=O)C4=C(C5=CC=C(S5)C6=CC7=C(C8=C(C(C9=CC(Cl)=C(S9)CC(CCCC)CC)=C7S6)C=C(C)S8)C%10=CC(Cl)=C(S%10)CC(CCCC)CC)S2,FC1=CC(C2=O)=C(C=C1F)C(/C2=C/C(S3)=C(CCCCCC)C4=C3C(C5(C6=CC=C(CCCCCC)C=C6)C7=CC=C(CCCCCC)C=C7)=C(S4)C(C5=C8)=CC9=C8C(S%10)=C(C9(C%11=CC=C(CCCCCC)C=C%11)C%12=CC=C(CCCCCC)C=C%12)C(S%13)=C%10C(CCCCCC)=C%13/C=C(/C%14=C(C#N)\C#N)C(C%15=C%14C=C(F)C(F)=C%15)=O)=C(C#N)\C#N,14.47,2,12.1,14.47,maximum,O=C1C2=CCC=C2C(=O)c2c(-c3ccc(-c4cc5c(-c6cccs6)c6sccc6c(-c6cccs6)c5s4)s3)sc(-c3cccs3)c21,C=C1C(=Cc2cc3sc4c(c3s2)C(c2ccccc2)(c2ccccc2)c2cc3c(cc2-4)C(c2ccccc2)(c2ccccc2)c2c-3sc3cc(C=C4C(=C)c5ccccc5C4=O)sc23)C(=O)c2ccccc21,O=C1C2=CCC=C2C(=O)c2c(-c3ccc(-c4cc5c(-c6cccs6)c6sccc6c(-c6cccs6)c5s4)s3)sc(-c3cccs3)c21||C=C1C(=Cc2cc3sc4c(c3s2)C(c2ccccc2)(c2ccccc2)c2cc3c(cc2-4)C(c2ccccc2)(c2ccccc2)c2c-3sc3cc(C=C4C(=C)c5ccccc5C4=O)sc23)C(=O)c2ccccc21
150,CC1=CC=C(S1)C2=C(C(C3=C(CC(CCCC)CC)CC(CC(CCCC)CC)=C3C4=O)=O)C4=C(C5=CC=C(S5)C6=CC7=C(C8=C(C(C9=CC(Cl)=C(S9)CC(CCCC)CC)=C7S6)C=C(C)S8)C%10=CC(Cl)=C(S%10)CC(CCCC)CC)S2||O=C(C/1=C\C2=C(C3=C(S2)C(N4C5=CC=C(CCCCCC)C=C5)=C(C6=C4C7=C(C8=NSN=C68)C(SC9=C%10SC(/C=C%11C(C%12=CC(F)=C(C=C%12C\%11=C(C#N)/C#N)F)=O)=C9CCCCCCCCCCC)=C%10N7C%13=CC=C(CCCCCC)C=C%13)S3)CCCCCCCCCCC)C%14=CC(F)=C(F)C=C%14C1=C(C#N)/C#N,CC1=CC=C(S1)C2=C(C(C3=C(CC(CCCC)CC)CC(CC(CCCC)CC)=C3C4=O)=O)C4=C(C5=CC=C(S5)C6=CC7=C(C8=C(C(C9=CC(Cl)=C(S9)CC(CCCC)CC)=C7S6)C=C(C)S8)C%10=CC(Cl)=C(S%10)CC(CCCC)CC)S2,O=C(C/1=C\C2=C(C3=C(S2)C(N4C5=CC=C(CCCCCC)C=C5)=C(C6=C4C7=C(C8=NSN=C68)C(SC9=C%10SC(/C=C%11C(C%12=CC(F)=C(C=C%12C\%11=C(C#N)/C#N)F)=O)=C9CCCCCCCCCCC)=C%10N7C%13=CC=C(CCCCCC)C=C%13)S3)CCCCCCCCCCC)C%14=CC(F)=C(F)C=C%14C1=C(C#N)/C#N,15.4,1,15.4,15.4,maximum,O=C1C2=CCC=C2C(=O)c2c(-c3ccc(-c4cc5c(-c6cccs6)c6sccc6c(-c6cccs6)c5s4)s3)sc(-c3cccs3)c21,C=C1C(=Cc2cc3sc4c5c6nsnc6c6c7sc8cc(C=C9C(=C)c%10ccccc%10C9=O)sc8c7n(-c7ccccc7)c6c5n(-c5ccccc5)c4c3s2)C(=O)c2ccccc21,O=C1C2=CCC=C2C(=O)c2c(-c3ccc(-c4cc5c(-c6cccs6)c6sccc6c(-c6cccs6)c5s4)s3)sc(-c3cccs3)c21||C=C1C(=Cc2cc3sc4c5c6nsnc6c6c7sc8cc(C=C9C(=C)c%10ccccc%10C9=O)sc8c7n(-c7ccccc7)c6c5n(-c5ccccc5)c4c3s2)C(=O)c2ccccc21
151,CC1=CC=C(S1)C2=C(C(C3=C(CC(CCCC)CC)CC(CC(CCCC)CC)=C3C4=O)=O)C4=C(C5=CC=C(S5)C6=CC7=C(C8=C(C(C9=CC(Cl)=C(S9)CC(CCCC)CC)=C7S6)C=C(C)S8)C%10=CC(Cl)=C(S%10)CC(CCCC)CC)S2||O=C(C1=C(SC=C1C/2=C(C#N)\C#N)Cl)C2=C/C3=CC(CC4=C5C(C(C=C6)=CC=C6CCCCCC)(C(C4=C7)=CC8=C7C(C9=CC=C(C=C9)CCCCCC)(C%10=CC=C(C=C%10)CCCCCC)C%11=C8SC%12=C%11SC(/C=C%13C(C%14=C(SC=C%14C\%13=C(C#N)\C#N)Cl)=O)=C%12)C%15=CC=C(C=C%15)CCCCCC)=C5S3,CC1=CC=C(S1)C2=C(C(C3=C(CC(CCCC)CC)CC(CC(CCCC)CC)=C3C4=O)=O)C4=C(C5=CC=C(S5)C6=CC7=C(C8=C(C(C9=CC(Cl)=C(S9)CC(CCCC)CC)=C7S6)C=C(C)S8)C%10=CC(Cl)=C(S%10)CC(CCCC)CC)S2,O=C(C1=C(SC=C1C/2=C(C#N)\C#N)Cl)C2=C/C3=CC(CC4=C5C(C(C=C6)=CC=C6CCCCCC)(C(C4=C7)=CC8=C7C(C9=CC=C(C=C9)CCCCCC)(C%10=CC=C(C=C%10)CCCCCC)C%11=C8SC%12=C%11SC(/C=C%13C(C%14=C(SC=C%14C\%13=C(C#N)\C#N)Cl)=O)=C%12)C%15=CC=C(C=C%15)CCCCCC)=C5S3,13.72,2,13.72,13.72,maximum,O=C1C2=CCC=C2C(=O)c2c(-c3ccc(-c4cc5c(-c6cccs6)c6sccc6c(-c6cccs6)c5s4)s3)sc(-c3cccs3)c21,C=C1C(=Cc2cc3c(s2)C2=C(C3)c3cc4c(cc3C2(c2ccccc2)c2ccccc2)-c2sc3cc(C=C5C(=C)c6cscc6C5=O)sc3c2C4(c2ccccc2)c2ccccc2)C(=O)c2cscc21,O=C1C2=CCC=C2C(=O)c2c(-c3ccc(-c4cc5c(-c6cccs6)c6sccc6c(-c6cccs6)c5s4)s3)sc(-c3cccs3)c21||C=C1C(=Cc2cc3c(s2)C2=C(C3)c3cc4c(cc3C2(c2ccccc2)c2ccccc2)-c2sc3cc(C=C5C(=C)c6cscc6C5=O)sc3c2C4(c2ccccc2)c2ccccc2)C(=O)c2cscc21
152,CC1=CC=C(S1)C2=C(C(C3=C(CC(CCCC)CC)CC(CC(CCCC)CC)=C3C4=O)=O)C4=C(C5=CC=C(S5)C6=CC7=C(C8=C(C(C9=CC(Cl)=C(S9)CC(CCCC)CC)=C7S6)C=C(C)S8)C%10=CC(Cl)=C(S%10)CC(CCCC)CC)S2||O=C(C1=CC(Cl)=C(C=C1C/2=C(C#N)\C#N)Cl)C2=C/C3=CC4=C(C(C5(C6=CC=C(C=C6)CCCCCC)C(C=C7)=CC=C7CCCCCC)=C(C8=CC9=C(C%10=C(C9(C%11=CC=C(C=C%11)CCCCCC)C%12=CC=C(C=C%12)CCCCCC)C%13=C(C=C(S%13)/C=C%14C(C%15=CC(Cl)=C(C=C%15C\%14=C(C#N)\C#N)Cl)=O)S%10)C=C85)S4)S3,CC1=CC=C(S1)C2=C(C(C3=C(CC(CCCC)CC)CC(CC(CCCC)CC)=C3C4=O)=O)C4=C(C5=CC=C(S5)C6=CC7=C(C8=C(C(C9=CC(Cl)=C(S9)CC(CCCC)CC)=C7S6)C=C(C)S8)C%10=CC(Cl)=C(S%10)CC(CCCC)CC)S2,O=C(C1=CC(Cl)=C(C=C1C/2=C(C#N)\C#N)Cl)C2=C/C3=CC4=C(C(C5(C6=CC=C(C=C6)CCCCCC)C(C=C7)=CC=C7CCCCCC)=C(C8=CC9=C(C%10=C(C9(C%11=CC=C(C=C%11)CCCCCC)C%12=CC=C(C=C%12)CCCCCC)C%13=C(C=C(S%13)/C=C%14C(C%15=CC(Cl)=C(C=C%15C\%14=C(C#N)\C#N)Cl)=O)S%10)C=C85)S4)S3,10.77,1,10.77,10.77,maximum,O=C1C2=CCC=C2C(=O)c2c(-c3ccc(-c4cc5c(-c6cccs6)c6sccc6c(-c6cccs6)c5s4)s3)sc(-c3cccs3)c21,C=C1C(=Cc2cc3sc4c(c3s2)C(c2ccccc2)(c2ccccc2)c2cc3c(cc2-4)C(c2ccccc2)(c2ccccc2)c2c-3sc3cc(C=C4C(=C)c5ccccc5C4=O)sc23)C(=O)c2ccccc21,O=C1C2=CCC=C2C(=O)c2c(-c3ccc(-c4cc5c(-c6cccs6)c6sccc6c(-c6cccs6)c5s4)s3)sc(-c3cccs3)c21||C=C1C(=Cc2cc3sc4c(c3s2)C(c2ccccc2)(c2ccccc2)c2cc3c(cc2-4)C(c2ccccc2)(c2ccccc2)c2c-3sc3cc(C=C4C(=C)c5ccccc5C4=O)sc23)C(=O)c2ccccc21
153,CC1=CC=C(S1)C2=C(C(C3=C(CC(CCCC)CC)CC(CC(CCCC)CC)=C3C4=O)=O)C4=C(C5=CC=C(S5)C6=CC7=C(C8=C(C(C9=CC(Cl)=C(S9)CC(CCCC)CC)=C7S6)C=C(C)S8)C%10=CC(Cl)=C(S%10)CC(CCCC)CC)S2||O=C(C1=CC(F)=C(C=C1C/2=C(C#N)\C#N)F)C2=C/C3=CC(SC(C4=C5C6=C(C7=C(N6CC(CCC)CCCC)C8=C(C=C(S8)/C=C9C(C%10=CC(F)=C(C=C%10C\9=C(C#N)\C#N)F)=O)S7)C%11=NN(N=C4%11)CC(CC)CCCC)=C%12N5CC(CCCC)CC)=C%12S3,CC1=CC=C(S1)C2=C(C(C3=C(CC(CCCC)CC)CC(CC(CCCC)CC)=C3C4=O)=O)C4=C(C5=CC=C(S5)C6=CC7=C(C8=C(C(C9=CC(Cl)=C(S9)CC(CCCC)CC)=C7S6)C=C(C)S8)C%10=CC(Cl)=C(S%10)CC(CCCC)CC)S2,O=C(C1=CC(F)=C(C=C1C/2=C(C#N)\C#N)F)C2=C/C3=CC(SC(C4=C5C6=C(C7=C(N6CC(CCC)CCCC)C8=C(C=C(S8)/C=C9C(C%10=CC(F)=C(C=C%10C\9=C(C#N)\C#N)F)=O)S7)C%11=NN(N=C4%11)CC(CC)CCCC)=C%12N5CC(CCCC)CC)=C%12S3,14.0,1,14.0,14.0,maximum,O=C1C2=CCC=C2C(=O)c2c(-c3ccc(-c4cc5c(-c6cccs6)c6sccc6c(-c6cccs6)c5s4)s3)sc(-c3cccs3)c21,C=C1C(=Cc2cc3sc4c([nH]c5c6[nH]c7c8sc(C=C9C(=C)c%10ccccc%10C9=O)cc8sc7c6c6n[nH]nc6c54)c3s2)C(=O)c2ccccc21,O=C1C2=CCC=C2C(=O)c2c(-c3ccc(-c4cc5c(-c6cccs6)c6sccc6c(-c6cccs6)c5s4)s3)sc(-c3cccs3)c21||C=C1C(=Cc2cc3sc4c([nH]c5c6[nH]c7c8sc(C=C9C(=C)c%10ccccc%10C9=O)cc8sc7c6c6n[nH]nc6c54)c3s2)C(=O)c2ccccc21
154,CC1=CC=C(S1)C2=C(C(C3=C(CC(CCCC)CC)CC(CC(CCCC)CC)=C3C4=O)=O)C4=C(C5=CC=C(S5)C6=CC7=C(C8=C(C(C9=CC(Cl)=C(S9)CC(CCCC)CC)=C7S6)C=C(C)S8)C%10=CC(Cl)=C(S%10)CC(CCCC)CC)S2||c1(c(cc2c(c1)C(=O)/C(=C\c1sc3c(c1)sc1c3C(c3c1sc1c3sc3c1C(c1c3sc3c1sc(c3)/C=C/1\C(=O)c3c(C1=C(C#N)C#N)cc(c(c3)Cl)Cl)(c1ccc(cc1)CCCCCC)c1ccc(cc1)CCCCCC)(c1ccc(cc1)CCCCCC)c1ccc(cc1)CCCCCC)/C2=C(C#N)C#N)Cl)Cl,CC1=CC=C(S1)C2=C(C(C3=C(CC(CCCC)CC)CC(CC(CCCC)CC)=C3C4=O)=O)C4=C(C5=CC=C(S5)C6=CC7=C(C8=C(C(C9=CC(Cl)=C(S9)CC(CCCC)CC)=C7S6)C=C(C)S8)C%10=CC(Cl)=C(S%10)CC(CCCC)CC)S2,c1(c(cc2c(c1)C(=O)/C(=C\c1sc3c(c1)sc1c3C(c3c1sc1c3sc3c1C(c1c3sc3c1sc(c3)/C=C/1\C(=O)c3c(C1=C(C#N)C#N)cc(c(c3)Cl)Cl)(c1ccc(cc1)CCCCCC)c1ccc(cc1)CCCCCC)(c1ccc(cc1)CCCCCC)c1ccc(cc1)CCCCCC)/C2=C(C#N)C#N)Cl)Cl,12.01,2,12.01,12.01,maximum,O=C1C2=CCC=C2C(=O)c2c(-c3ccc(-c4cc5c(-c6cccs6)c6sccc6c(-c6cccs6)c5s4)s3)sc(-c3cccs3)c21,C=C1C(=Cc2cc3sc4c(c3s2)C(c2ccccc2)(c2ccccc2)c2c-4sc3c4c(sc23)-c2sc3cc(C=C5C(=C)c6ccccc6C5=O)sc3c2C4(c2ccccc2)c2ccccc2)C(=O)c2ccccc21,O=C1C2=CCC=C2C(=O)c2c(-c3ccc(-c4cc5c(-c6cccs6)c6sccc6c(-c6cccs6)c5s4)s3)sc(-c3cccs3)c21||C=C1C(=Cc2cc3sc4c(c3s2)C(c2ccccc2)(c2ccccc2)c2c-4sc3c4c(sc23)-c2sc3cc(C=C5C(=C)c6ccccc6C5=O)sc3c2C4(c2ccccc2)c2ccccc2)C(=O)c2ccccc21
155,CC1=CC=C(S1)C2=C(C(C3=C(CC(CCCC)CC)CC(CC(CCCC)CC)=C3C4=O)=O)C4=C(C5=CC=C(S5)C6=CC7=C(C8=C(C(C9=CC(Cl)=C(S9)CC(CCCC)CC)=C7S6)C=C(C)S8)C%10=CC(Cl)=C(S%10)CC(CCCC)CC)S2||c1(cc2c(cc1F)C(=O)/C(=C\c1cc3c(s1)c1c(s3)c3c(C1(c1ccc(cc1)CCCCCC)c1ccc(cc1)CCCCCC)cc1c(c3)C(c3c1sc1c3sc(c1)/C=C/1\C(=O)c3c(C1=C(C#N)C#N)cc(c(c3)F)F)(c1ccc(cc1)CCCCCC)c1ccc(cc1)CCCCCC)/C2=C(C#N)C#N)F,CC1=CC=C(S1)C2=C(C(C3=C(CC(CCCC)CC)CC(CC(CCCC)CC)=C3C4=O)=O)C4=C(C5=CC=C(S5)C6=CC7=C(C8=C(C(C9=CC(Cl)=C(S9)CC(CCCC)CC)=C7S6)C=C(C)S8)C%10=CC(Cl)=C(S%10)CC(CCCC)CC)S2,c1(cc2c(cc1F)C(=O)/C(=C\c1cc3c(s1)c1c(s3)c3c(C1(c1ccc(cc1)CCCCCC)c1ccc(cc1)CCCCCC)cc1c(c3)C(c3c1sc1c3sc(c1)/C=C/1\C(=O)c3c(C1=C(C#N)C#N)cc(c(c3)F)F)(c1ccc(cc1)CCCCCC)c1ccc(cc1)CCCCCC)/C2=C(C#N)C#N)F,13.4,4,10.24,13.4,maximum,O=C1C2=CCC=C2C(=O)c2c(-c3ccc(-c4cc5c(-c6cccs6)c6sccc6c(-c6cccs6)c5s4)s3)sc(-c3cccs3)c21,C=C1C(=Cc2cc3sc4c(c3s2)C(c2ccccc2)(c2ccccc2)c2cc3c(cc2-4)C(c2ccccc2)(c2ccccc2)c2c-3sc3cc(C=C4C(=C)c5ccccc5C4=O)sc23)C(=O)c2ccccc21,O=C1C2=CCC=C2C(=O)c2c(-c3ccc(-c4cc5c(-c6cccs6)c6sccc6c(-c6cccs6)c5s4)s3)sc(-c3cccs3)c21||C=C1C(=Cc2cc3sc4c(c3s2)C(c2ccccc2)(c2ccccc2)c2cc3c(cc2-4)C(c2ccccc2)(c2ccccc2)c2c-3sc3cc(C=C4C(=C)c5ccccc5C4=O)sc23)C(=O)c2ccccc21
157,CC1=CC=C(S1)C2=C(C(F)=C(C3=NC(C4=CC(F)=C(S4)CC(CC)CC)=C(N=C23)C5=CC(F)=C(S5)CC(CC)CC)C6=CC=C(S6)C7=CC8=C(C9=C(C(C%10=CC=C(S%10)CC(CC)CC)=C8S7)C=C(C)S9)C%11=CC=C(S%11)CC(CC)CC)F||O=C(C1=CC=CC=C1C/2=C(C#N)/C#N)C2=C/C3=C(C4=CC=C(CCCCCC)C=C4)C5=C(S3)C6=C(S5)C(C7=NSN=C7C8=C9N(C%10=CC=C(CCCCCC)C=C%10)C%11=C8SC%12=C%11SC(/C=C%13C(C%14=CC=CC=C%14C\%13=C(C#N)\C#N)=O)=C%12C%15=CC=C(CCCCCC)C=C%15)=C9N6C%16=CC=C(CCCCCC)C=C%16,CC1=CC=C(S1)C2=C(C(F)=C(C3=NC(C4=CC(F)=C(S4)CC(CC)CC)=C(N=C23)C5=CC(F)=C(S5)CC(CC)CC)C6=CC=C(S6)C7=CC8=C(C9=C(C(C%10=CC=C(S%10)CC(CC)CC)=C8S7)C=C(C)S9)C%11=CC=C(S%11)CC(CC)CC)F,O=C(C1=CC=CC=C1C/2=C(C#N)/C#N)C2=C/C3=C(C4=CC=C(CCCCCC)C=C4)C5=C(S3)C6=C(S5)C(C7=NSN=C7C8=C9N(C%10=CC=C(CCCCCC)C=C%10)C%11=C8SC%12=C%11SC(/C=C%13C(C%14=CC=CC=C%14C\%13=C(C#N)\C#N)=O)=C%12C%15=CC=C(CCCCCC)C=C%15)=C9N6C%16=CC=C(CCCCCC)C=C%16,13.1,1,13.1,13.1,maximum,c1csc(-c2nc3c(-c4cccs4)ccc(-c4ccc(-c5cc6c(-c7cccs7)c7sccc7c(-c7cccs7)c6s5)s4)c3nc2-c2cccs2)c1,C=C1C(=Cc2sc3c(sc4c5c6nsnc6c6c7sc8c(-c9ccccc9)c(C=C9C(=C)c%10ccccc%10C9=O)sc8c7n(-c7ccccc7)c6c5n(-c5ccccc5)c34)c2-c2ccccc2)C(=O)c2ccccc21,c1csc(-c2nc3c(-c4cccs4)ccc(-c4ccc(-c5cc6c(-c7cccs7)c7sccc7c(-c7cccs7)c6s5)s4)c3nc2-c2cccs2)c1||C=C1C(=Cc2sc3c(sc4c5c6nsnc6c6c7sc8c(-c9ccccc9)c(C=C9C(=C)c%10ccccc%10C9=O)sc8c7n(-c7ccccc7)c6c5n(-c5ccccc5)c34)c2-c2ccccc2)C(=O)c2ccccc21
166,CC1=CC=C(S1)C2=CC(OCC(CCCCCC)CCCCCCCC)=C(C=C2COC(CCCCCCCC)CCCCCC)C3=CC=C(S3)C4=C(C(F)=C(C5=NSN=C45)C)F||O=C(C(C=CC(C)=C1)=C1C/2=C(C#N)\C#N)C2=C/C3=CC(CC4=C5C(C6=CC=C(C=C6)CCCCCC)(C7=C4C=C8C(C(C=C9)=CC=C9CCCCCC)(C%10=CC=C(C=C%10)CCCCCC)C%11=C(SC%12=C%11SC(/C=C%13C(C(C=CC(C)=C%14)=C%14C\%13=C(C#N)\C#N)=O)=C%12)C8=C7)C%15=CC=C(CCCCCC)C=C%15)=C5S3,CC1=CC=C(S1)C2=CC(OCC(CCCCCC)CCCCCCCC)=C(C=C2COC(CCCCCCCC)CCCCCC)C3=CC=C(S3)C4=C(C(F)=C(C5=NSN=C45)C)F,O=C(C(C=CC(C)=C1)=C1C/2=C(C#N)\C#N)C2=C/C3=CC(CC4=C5C(C6=CC=C(C=C6)CCCCCC)(C7=C4C=C8C(C(C=C9)=CC=C9CCCCCC)(C%10=CC=C(C=C%10)CCCCCC)C%11=C(SC%12=C%11SC(/C=C%13C(C(C=CC(C)=C%14)=C%14C\%13=C(C#N)\C#N)=O)=C%12)C8=C7)C%15=CC=C(CCCCCC)C=C%15)=C5S3,7.2,1,7.2,7.2,maximum,c1csc(-c2ccc(-c3ccc(-c4cccc5nsnc45)s3)cc2)c1,C=C1C(=Cc2cc3c(s2)C2=C(C3)c3cc4c(cc3C2(c2ccccc2)c2ccccc2)-c2sc3cc(C=C5C(=C)c6ccccc6C5=O)sc3c2C4(c2ccccc2)c2ccccc2)C(=O)c2ccccc21,c1csc(-c2ccc(-c3ccc(-c4cccc5nsnc45)s3)cc2)c1||C=C1C(=Cc2cc3c(s2)C2=C(C3)c3cc4c(cc3C2(c2ccccc2)c2ccccc2)-c2sc3cc(C=C5C(=C)c6ccccc6C5=O)sc3c2C4(c2ccccc2)c2ccccc2)C(=O)c2ccccc21
167,CC1=CC=C(S1)C2=CC(OCC(CCCCCC)CCCCCCCC)=C(C=C2COC(CCCCCCCC)CCCCCC)C3=CC=C(S3)C4=C(C(F)=C(C5=NSN=C45)C)F||O=C(C1=C2C(C3=O)=CC=C(C4=CC=C(S4)/C(C#N)=C/C5=CC(OCCCCCC)=C(C=C5OCCCCCC)/C=C(C6=CC=C(S6)C7=CC=C8C9=C(C(N(C8=O)CC(CC)CCCC)=O)C=CC=C79)\C#N)C2=CC=C1)N3CC(CC)CCCC,CC1=CC=C(S1)C2=CC(OCC(CCCCCC)CCCCCCCC)=C(C=C2COC(CCCCCCCC)CCCCCC)C3=CC=C(S3)C4=C(C(F)=C(C5=NSN=C45)C)F,O=C(C1=C2C(C3=O)=CC=C(C4=CC=C(S4)/C(C#N)=C/C5=CC(OCCCCCC)=C(C=C5OCCCCCC)/C=C(C6=CC=C(S6)C7=CC=C8C9=C(C(N(C8=O)CC(CC)CCCC)=O)C=CC=C79)\C#N)C2=CC=C1)N3CC(CC)CCCC,7.64,1,7.64,7.64,maximum,c1csc(-c2ccc(-c3ccc(-c4cccc5nsnc45)s3)cc2)c1,O=C1NC(=O)c2ccc(-c3ccc(C=Cc4ccc(C=Cc5ccc(-c6ccc7c8c(cccc68)C(=O)NC7=O)s5)cc4)s3)c3cccc1c23,c1csc(-c2ccc(-c3ccc(-c4cccc5nsnc45)s3)cc2)c1||O=C1NC(=O)c2ccc(-c3ccc(C=Cc4ccc(C=Cc5ccc(-c6ccc7c8c(cccc68)C(=O)NC7=O)s5)cc4)s3)c3cccc1c23
168,CC1=CC=C(S1)C2=CC(OCC(CCCCCC)CCCCCCCC)=C(C=C2COC(CCCCCCCC)CCCCCC)C3=CC=C(S3)C4=C(C(F)=C(C5=NSN=C45)C)F||S=C(N(C/1=O)CC)SC1=C/C(S2)=CC=C2C(C3=NSN=C3C(C4=CC=C(S4)/C=C5SC(N(C\5=O)CC)=S)=C6OCCCCCC)=C6OCCCCCC,CC1=CC=C(S1)C2=CC(OCC(CCCCCC)CCCCCCCC)=C(C=C2COC(CCCCCCCC)CCCCCC)C3=CC=C(S3)C4=C(C(F)=C(C5=NSN=C45)C)F,S=C(N(C/1=O)CC)SC1=C/C(S2)=CC=C2C(C3=NSN=C3C(C4=CC=C(S4)/C=C5SC(N(C\5=O)CC)=S)=C6OCCCCCC)=C6OCCCCCC,6.9,1,6.9,6.9,maximum,c1csc(-c2ccc(-c3ccc(-c4cccc5nsnc45)s3)cc2)c1,O=C1NC(=S)SC1=Cc1ccc(-c2ccc(-c3ccc(C=C4SC(=S)NC4=O)s3)c3nsnc23)s1,c1csc(-c2ccc(-c3ccc(-c4cccc5nsnc45)s3)cc2)c1||O=C1NC(=S)SC1=Cc1ccc(-c2ccc(-c3ccc(C=C4SC(=S)NC4=O)s3)c3nsnc23)s1
169,CC1=CC=C(S1)C2=CC(OCC(CCCCCC)CCCCCCCC)=C(C=C2COC(CCCCCCCC)CCCCCC)C3=CC=C(S3)C4=C(C(F)=C(C5=NSN=C45)C)F||S=C(N(C/1=O)CC)SC1=C\C(C2=NSN=C32)=CC=C3C4=CC(C5(C6=CC=C(C=C6)CCCCCC)C(C=C7)=CC=C7CCCCCC)=C(C8=CC9=C(C%10=C(C9(C%11=CC=C(C=C%11)CCCCCC)C%12=CC=C(C=C%12)CCCCCC)C=C(C%13=CC=C(C%14=NSN=C%13%14)/C=C%15SC(N(C/%15=O)CC)=S)S%10)C=C85)S4,CC1=CC=C(S1)C2=CC(OCC(CCCCCC)CCCCCCCC)=C(C=C2COC(CCCCCCCC)CCCCCC)C3=CC=C(S3)C4=C(C(F)=C(C5=NSN=C45)C)F,S=C(N(C/1=O)CC)SC1=C\C(C2=NSN=C32)=CC=C3C4=CC(C5(C6=CC=C(C=C6)CCCCCC)C(C=C7)=CC=C7CCCCCC)=C(C8=CC9=C(C%10=C(C9(C%11=CC=C(C=C%11)CCCCCC)C%12=CC=C(C=C%12)CCCCCC)C=C(C%13=CC=C(C%14=NSN=C%13%14)/C=C%15SC(N(C/%15=O)CC)=S)S%10)C=C85)S4,5.16,1,5.16,5.16,maximum,c1csc(-c2ccc(-c3ccc(-c4cccc5nsnc45)s3)cc2)c1,O=C1NC(=S)SC1=Cc1ccc(-c2cc3c(s2)-c2cc4c(cc2C3(c2ccccc2)c2ccccc2)-c2sc(-c3ccc(C=C5SC(=S)NC5=O)c5nsnc35)cc2C4(c2ccccc2)c2ccccc2)c2nsnc12,c1csc(-c2ccc(-c3ccc(-c4cccc5nsnc45)s3)cc2)c1||O=C1NC(=S)SC1=Cc1ccc(-c2cc3c(s2)-c2cc4c(cc2C3(c2ccccc2)c2ccccc2)-c2sc(-c3ccc(C=C5SC(=S)NC5=O)c5nsnc35)cc2C4(c2ccccc2)c2ccccc2)c2nsnc12
175,CCC(CCCC)CC(S1)=CC=C1C(C2=C3SC(C4=CC=C(C5=C(C(OCC(CC)CCCC)=O)C6=C(C(C(OCC(CCCCCC)CC)=O)=C(C7=CC=C(C)S7)S6)S5)S4)=C2)=C8SC(C)=CC8=C3C9=CC=C(S9)CC(CCCC)CC||O=C(C1=CC=CC=C1C/2=C(C#N)/C#N)C2=C/C3=CC(SC4C5C(C)=C(C(C6=CC=C(C=C6)CCCCCC)(C7=CC=C(C=C7)CCCCCC)C8=CSC9=C8SC(/C=C%10C(C(C=CC=C%11)=C%11C\%10=C(C#N)/C#N)=C)=C9)C=C(C)C5C(C%12=CC=C(C=C%12)CCCCCC)(C%13=CC=C(C=C%13)CCCCCC)C%144)=C%14S3,CCC(CCCC)CC(S1)=CC=C1C(C2=C3SC(C4=CC=C(C5=C(C(OCC(CC)CCCC)=O)C6=C(C(C(OCC(CCCCCC)CC)=O)=C(C7=CC=C(C)S7)S6)S5)S4)=C2)=C8SC(C)=CC8=C3C9=CC=C(S9)CC(CCCC)CC,O=C(C1=CC=CC=C1C/2=C(C#N)/C#N)C2=C/C3=CC(SC4C5C(C)=C(C(C6=CC=C(C=C6)CCCCCC)(C7=CC=C(C=C7)CCCCCC)C8=CSC9=C8SC(/C=C%10C(C(C=CC=C%11)=C%11C\%10=C(C#N)/C#N)=C)=C9)C=C(C)C5C(C%12=CC=C(C=C%12)CCCCCC)(C%13=CC=C(C=C%13)CCCCCC)C%144)=C%14S3,11.38,1,11.38,11.38,maximum,c1csc(-c2cc3sc(-c4ccc(-c5cc6c(-c7cccs7)c7sccc7c(-c7cccs7)c6s5)s4)cc3s2)c1,C=C1C(=Cc2cc3scc(C(C4=CC5C6Sc7cc(C=C8C(=C)c9ccccc9C8=O)sc7C6C(c6ccccc6)(c6ccccc6)C5C=C4)(c4ccccc4)c4ccccc4)c3s2)C(=C)c2ccccc21,c1csc(-c2cc3sc(-c4ccc(-c5cc6c(-c7cccs7)c7sccc7c(-c7cccs7)c6s5)s4)cc3s2)c1||C=C1C(=Cc2cc3scc(C(C4=CC5C6Sc7cc(C=C8C(=C)c9ccccc9C8=O)sc7C6C(c6ccccc6)(c6ccccc6)C5C=C4)(c4ccccc4)c4ccccc4)c3s2)C(=C)c2ccccc21
176,CCC(CCCC)CC(S1)=CC=C1C(C2=C3SC(C4=CC=C(C5=C(C(OCC(CC)CCCC)=O)C6=C(C(C(OCC(CCCCCC)CC)=O)=C(C7=CC=C(C)S7)S6)S5)S4)=C2)=C8SC(C)=CC8=C3C9=CC=C(S9)CC(CCCC)CC||O=C(C1=CC=CC=C1C/2=C(C#N)\C#N)C2=C/C3=CC4=C(C(C5(C6=CC=C(C=C6)CCCCCC)C(C=C7)=CC=C7CCCCCC)=C(C8=C5C9=C(C%10=C(C%11=C(C%10(C%12=CC=C(CCCCCC)C=C%12)C%13=CC=C(CCCCCC)C=C%13)C%14=C(C=C(S%14)/C=C%15C(C%16=CC=CC=C%16C\%15=C(C#N)\C#N)=O)S%11)S9)S8)S4)S3,CCC(CCCC)CC(S1)=CC=C1C(C2=C3SC(C4=CC=C(C5=C(C(OCC(CC)CCCC)=O)C6=C(C(C(OCC(CCCCCC)CC)=O)=C(C7=CC=C(C)S7)S6)S5)S4)=C2)=C8SC(C)=CC8=C3C9=CC=C(S9)CC(CCCC)CC,O=C(C1=CC=CC=C1C/2=C(C#N)\C#N)C2=C/C3=CC4=C(C(C5(C6=CC=C(C=C6)CCCCCC)C(C=C7)=CC=C7CCCCCC)=C(C8=C5C9=C(C%10=C(C%11=C(C%10(C%12=CC=C(CCCCCC)C=C%12)C%13=CC=C(CCCCCC)C=C%13)C%14=C(C=C(S%14)/C=C%15C(C%16=CC=CC=C%16C\%15=C(C#N)\C#N)=O)S%11)S9)S8)S4)S3,11.03,1,11.03,11.03,maximum,c1csc(-c2cc3sc(-c4ccc(-c5cc6c(-c7cccs7)c7sccc7c(-c7cccs7)c6s5)s4)cc3s2)c1,C=C1C(=Cc2cc3sc4c(c3s2)C(c2ccccc2)(c2ccccc2)c2c-4sc3c4c(sc23)-c2sc3cc(C=C5C(=C)c6ccccc6C5=O)sc3c2C4(c2ccccc2)c2ccccc2)C(=O)c2ccccc21,c1csc(-c2cc3sc(-c4ccc(-c5cc6c(-c7cccs7)c7sccc7c(-c7cccs7)c6s5)s4)cc3s2)c1||C=C1C(=Cc2cc3sc4c(c3s2)C(c2ccccc2)(c2ccccc2)c2c-4sc3c4c(sc23)-c2sc3cc(C=C5C(=C)c6ccccc6C5=O)sc3c2C4(c2ccccc2)c2ccccc2)C(=O)c2ccccc21
177,CCC(CCCC)CC(S1)=CC=C1C(C2=C3SC(C4=CC=C(C5=C(C(OCC(CC)CCCC)=O)C6=C(C(C(OCC(CCCCCC)CC)=O)=C(C7=CC=C(C)S7)S6)S5)S4)=C2)=C8SC(C)=CC8=C3C9=CC=C(S9)CC(CCCC)CC||c12cc3c(cc1C(c1c2sc2c1sc(c2)/C=C\1/C(=C(C#N)C#N)c2c(C1=O)cccc2)(c1ccc(cc1)CCCCCC)c1ccc(cc1)CCCCCC)c1c(C3(c2ccc(cc2)CCCCCC)c2ccc(cc2)CCCCCC)c2c(s1)cc(s2)/C=C\1/C(=C(C#N)C#N)c2c(C1=O)cccc2,CCC(CCCC)CC(S1)=CC=C1C(C2=C3SC(C4=CC=C(C5=C(C(OCC(CC)CCCC)=O)C6=C(C(C(OCC(CCCCCC)CC)=O)=C(C7=CC=C(C)S7)S6)S5)S4)=C2)=C8SC(C)=CC8=C3C9=CC=C(S9)CC(CCCC)CC,c12cc3c(cc1C(c1c2sc2c1sc(c2)/C=C\1/C(=C(C#N)C#N)c2c(C1=O)cccc2)(c1ccc(cc1)CCCCCC)c1ccc(cc1)CCCCCC)c1c(C3(c2ccc(cc2)CCCCCC)c2ccc(cc2)CCCCCC)c2c(s1)cc(s2)/C=C\1/C(=C(C#N)C#N)c2c(C1=O)cccc2,9.67,1,9.67,9.67,maximum,c1csc(-c2cc3sc(-c4ccc(-c5cc6c(-c7cccs7)c7sccc7c(-c7cccs7)c6s5)s4)cc3s2)c1,C=C1C(=Cc2cc3sc4c(c3s2)C(c2ccccc2)(c2ccccc2)c2cc3c(cc2-4)C(c2ccccc2)(c2ccccc2)c2c-3sc3cc(C=C4C(=C)c5ccccc5C4=O)sc23)C(=O)c2ccccc21,c1csc(-c2cc3sc(-c4ccc(-c5cc6c(-c7cccs7)c7sccc7c(-c7cccs7)c6s5)s4)cc3s2)c1||C=C1C(=Cc2cc3sc4c(c3s2)C(c2ccccc2)(c2ccccc2)c2cc3c(cc2-4)C(c2ccccc2)(c2ccccc2)c2c-3sc3cc(C=C4C(=C)c5ccccc5C4=O)sc23)C(=O)c2ccccc21
186,CCCCCCCCC(CCCCCC)CC(S1)=CC=C1C2=C(C=CS3)C3=C(C4=CC=C(CC(CCCCCCCC)CCCCCC)S4)C5=C2SC(C6=CC=C(C7=CC=C(C8=CC=CS8)C9=NN(CCCCCCCC)N=C79)S6)C5||c12cc3c(cc1C(c1c2sc2c1sc(c2)/C=C\1/C(=C(C#N)C#N)c2c(C1=O)cccc2)(c1ccc(cc1)CCCCCC)c1ccc(cc1)CCCCCC)c1c(C3(c2ccc(cc2)CCCCCC)c2ccc(cc2)CCCCCC)c2c(s1)cc(s2)/C=C\1/C(=C(C#N)C#N)c2c(C1=O)cccc2,CCCCCCCCC(CCCCCC)CC(S1)=CC=C1C2=C(C=CS3)C3=C(C4=CC=C(CC(CCCCCCCC)CCCCCC)S4)C5=C2SC(C6=CC=C(C7=CC=C(C8=CC=CS8)C9=NN(CCCCCCCC)N=C79)S6)C5,c12cc3c(cc1C(c1c2sc2c1sc(c2)/C=C\1/C(=C(C#N)C#N)c2c(C1=O)cccc2)(c1ccc(cc1)CCCCCC)c1ccc(cc1)CCCCCC)c1c(C3(c2ccc(cc2)CCCCCC)c2ccc(cc2)CCCCCC)c2c(s1)cc(s2)/C=C\1/C(=C(C#N)C#N)c2c(C1=O)cccc2,4.8,1,4.8,4.8,maximum,c1csc(-c2c3c(c(-c4cccs4)c4sccc24)CC(c2ccc(-c4ccc(-c5cccs5)c5n[nH]nc45)s2)S3)c1,C=C1C(=Cc2cc3sc4c(c3s2)C(c2ccccc2)(c2ccccc2)c2cc3c(cc2-4)C(c2ccccc2)(c2ccccc2)c2c-3sc3cc(C=C4C(=C)c5ccccc5C4=O)sc23)C(=O)c2ccccc21,c1csc(-c2c3c(c(-c4cccs4)c4sccc24)CC(c2ccc(-c4ccc(-c5cccs5)c5n[nH]nc45)s2)S3)c1||C=C1C(=Cc2cc3sc4c(c3s2)C(c2ccccc2)(c2ccccc2)c2cc3c(cc2-4)C(c2ccccc2)(c2ccccc2)c2c-3sc3cc(C=C4C(=C)c5ccccc5C4=O)sc23)C(=O)c2ccccc21
189,ClC(C=C1C(C2=C3SC(C4=CC=C(S4)C(C5=NN(N=C65)CC(CCCCCC)CCCCCCCC)=C(OC)C(OC)=C6C7=CC=C(C)S7)=C2)=C8SC(C)=CC8=C3C9=CC(Cl)=C(S9)CC)=C(S1)CC||O=C(/C(S/1)=C\C(C2=NN(N=C32)CCCCCCCC)=CC=C3C4=CC5=C(S4)C6=CC7=C(C=C6C5(C8=CC=C(C=C8)CCCCCC)C9=CC=C(C=C9)CCCCCC)C(SC(C(C%10=NN(CCCCCCCC)N=C%11%10)=CC=C%11/C=C%12S/C(N(C\%12=O)CC%13=CC=CC=C%13)=C(C#N)/C#N)=C%14)=C%14C7(C%15=CC=C(CCCCCC)C=C%15)C%16=CC=C(CCCCCC)C=C%16)N(CC%17=CC=CC=C%17)C1=C(C#N)/C#N,ClC(C=C1C(C2=C3SC(C4=CC=C(S4)C(C5=NN(N=C65)CC(CCCCCC)CCCCCCCC)=C(OC)C(OC)=C6C7=CC=C(C)S7)=C2)=C8SC(C)=CC8=C3C9=CC(Cl)=C(S9)CC)=C(S1)CC,O=C(/C(S/1)=C\C(C2=NN(N=C32)CCCCCCCC)=CC=C3C4=CC5=C(S4)C6=CC7=C(C=C6C5(C8=CC=C(C=C8)CCCCCC)C9=CC=C(C=C9)CCCCCC)C(SC(C(C%10=NN(CCCCCCCC)N=C%11%10)=CC=C%11/C=C%12S/C(N(C\%12=O)CC%13=CC=CC=C%13)=C(C#N)/C#N)=C%14)=C%14C7(C%15=CC=C(CCCCCC)C=C%15)C%16=CC=C(CCCCCC)C=C%16)N(CC%17=CC=CC=C%17)C1=C(C#N)/C#N,7.4,1,7.4,7.4,maximum,c1csc(-c2ccc(-c3ccc(-c4cc5c(-c6cccs6)c6sccc6c(-c6cccs6)c5s4)s3)c3n[nH]nc23)c1,C=c1sc(=Cc2ccc(-c3cc4c(s3)-c3cc5c(cc3C4(c3ccccc3)c3ccccc3)-c3sc(-c4ccc(C=c6sc(=C)n(Cc7ccccc7)c6=O)c6n[nH]nc46)cc3C5(c3ccccc3)c3ccccc3)c3n[nH]nc23)c(=O)n1Cc1ccccc1,c1csc(-c2ccc(-c3ccc(-c4cc5c(-c6cccs6)c6sccc6c(-c6cccs6)c5s4)s3)c3n[nH]nc23)c1||C=c1sc(=Cc2ccc(-c3cc4c(s3)-c3cc5c(cc3C4(c3ccccc3)c3ccccc3)-c3sc(-c4ccc(C=c6sc(=C)n(Cc7ccccc7)c6=O)c6n[nH]nc46)cc3C5(c3ccccc3)c3ccccc3)c3n[nH]nc23)c(=O)n1Cc1ccccc1
196,FC(C(C1=CC=C(S1)C2=C(C(F)=C(C3=NC(C4=CC=C(C(OCCCCCCCC)=C4)OCCCCCCCC)=C(N=C23)C5=CC=C(C(OCCCCCCCC)=C5)OCCCCCCCC)C)F)=C6)=CC(C7=CC=C(C)S7)=C6F||N#C/C(C#N)=C(C1=CC=CC=C1C2=O)/C2=C/C3=CC4=C(C5=C(C=C6C(C(CCCCCC)(CCCCCC)C7=C6SC(/C=C8/C(C9=CC=CC=C9C8=O)=C(C#N)/C#N)=C7)=C5)C4(CCCCCC)CCCCCC)S3,FC(C(C1=CC=C(S1)C2=C(C(F)=C(C3=NC(C4=CC=C(C(OCCCCCCCC)=C4)OCCCCCCCC)=C(N=C23)C5=CC=C(C(OCCCCCCCC)=C5)OCCCCCCCC)C)F)=C6)=CC(C7=CC=C(C)S7)=C6F,N#C/C(C#N)=C(C1=CC=CC=C1C2=O)/C2=C/C3=CC4=C(C5=C(C=C6C(C(CCCCCC)(CCCCCC)C7=C6SC(/C=C8/C(C9=CC=CC=C9C8=O)=C(C#N)/C#N)=C7)=C5)C4(CCCCCC)CCCCCC)S3,9.7,1,9.7,9.7,maximum,c1ccc(-c2nc3cccc(-c4ccc(-c5ccc(-c6cccs6)cc5)s4)c3nc2-c2ccccc2)cc1,C=C1C(=Cc2cc3c(s2)-c2cc4c(cc2C3)-c2sc(C=C3C(=C)c5ccccc5C3=O)cc2C4)C(=O)c2ccccc21,c1ccc(-c2nc3cccc(-c4ccc(-c5ccc(-c6cccs6)cc5)s4)c3nc2-c2ccccc2)cc1||C=C1C(=Cc2cc3c(s2)-c2cc4c(cc2C3)-c2sc(C=C3C(=C)c5ccccc5C3=O)cc2C4)C(=O)c2ccccc21
197,FC(C(C1=CC=C(S1)C2=C(C(F)=C(C3=NC(C4=CC=C(C(OCCCCCCCC)=C4)OCCCCCCCC)=C(N=C23)C5=CC=C(C(OCCCCCCCC)=C5)OCCCCCCCC)C)F)=C6)=CC(C7=CC=C(C)S7)=C6F||c12cc3c(cc1C(c1c2sc2c1sc(c2)/C=C\1/C(=C(C#N)C#N)c2c(C1=O)cccc2)(c1ccc(cc1)CCCCCC)c1ccc(cc1)CCCCCC)c1c(C3(c2ccc(cc2)CCCCCC)c2ccc(cc2)CCCCCC)c2c(s1)cc(s2)/C=C\1/C(=C(C#N)C#N)c2c(C1=O)cccc2,FC(C(C1=CC=C(S1)C2=C(C(F)=C(C3=NC(C4=CC=C(C(OCCCCCCCC)=C4)OCCCCCCCC)=C(N=C23)C5=CC=C(C(OCCCCCCCC)=C5)OCCCCCCCC)C)F)=C6)=CC(C7=CC=C(C)S7)=C6F,c12cc3c(cc1C(c1c2sc2c1sc(c2)/C=C\1/C(=C(C#N)C#N)c2c(C1=O)cccc2)(c1ccc(cc1)CCCCCC)c1ccc(cc1)CCCCCC)c1c(C3(c2ccc(cc2)CCCCCC)c2ccc(cc2)CCCCCC)c2c(s1)cc(s2)/C=C\1/C(=C(C#N)C#N)c2c(C1=O)cccc2,3.66,1,3.66,3.66,maximum,c1ccc(-c2nc3cccc(-c4ccc(-c5ccc(-c6cccs6)cc5)s4)c3nc2-c2ccccc2)cc1,C=C1C(=Cc2cc3sc4c(c3s2)C(c2ccccc2)(c2ccccc2)c2cc3c(cc2-4)C(c2ccccc2)(c2ccccc2)c2c-3sc3cc(C=C4C(=C)c5ccccc5C4=O)sc23)C(=O)c2ccccc21,c1ccc(-c2nc3cccc(-c4ccc(-c5ccc(-c6cccs6)cc5)s4)c3nc2-c2ccccc2)cc1||C=C1C(=Cc2cc3sc4c(c3s2)C(c2ccccc2)(c2ccccc2)c2cc3c(cc2-4)C(c2ccccc2)(c2ccccc2)c2c-3sc3cc(C=C4C(=C)c5ccccc5C4=O)sc23)C(=O)c2ccccc21
198,FC(C(F)=C(C(F)=C1F)C2=CC=C(S2)C3=C(C(F)=C(C4=NC(C5=CC=C(C(OCCCCCCCC)=C5)OCCCCCCCC)=C(N=C34)C6=CC=C(C(OCCCCCCCC)=C6)OCCCCCCCC)C)F)=C1C7=CC=C(C)S7||N#C/C(C#N)=C(C1=CC=CC=C1C2=O)/C2=C/C3=CC4=C(C5=C(C=C6C(C(CCCCCC)(CCCCCC)C7=C6SC(/C=C8/C(C9=CC=CC=C9C8=O)=C(C#N)/C#N)=C7)=C5)C4(CCCCCC)CCCCCC)S3,FC(C(F)=C(C(F)=C1F)C2=CC=C(S2)C3=C(C(F)=C(C4=NC(C5=CC=C(C(OCCCCCCCC)=C5)OCCCCCCCC)=C(N=C34)C6=CC=C(C(OCCCCCCCC)=C6)OCCCCCCCC)C)F)=C1C7=CC=C(C)S7,N#C/C(C#N)=C(C1=CC=CC=C1C2=O)/C2=C/C3=CC4=C(C5=C(C=C6C(C(CCCCCC)(CCCCCC)C7=C6SC(/C=C8/C(C9=CC=CC=C9C8=O)=C(C#N)/C#N)=C7)=C5)C4(CCCCCC)CCCCCC)S3,2.93,1,2.93,2.93,maximum,c1ccc(-c2nc3cccc(-c4ccc(-c5ccc(-c6cccs6)cc5)s4)c3nc2-c2ccccc2)cc1,C=C1C(=Cc2cc3c(s2)-c2cc4c(cc2C3)-c2sc(C=C3C(=C)c5ccccc5C3=O)cc2C4)C(=O)c2ccccc21,c1ccc(-c2nc3cccc(-c4ccc(-c5ccc(-c6cccs6)cc5)s4)c3nc2-c2ccccc2)cc1||C=C1C(=Cc2cc3c(s2)-c2cc4c(cc2C3)-c2sc(C=C3C(=C)c5ccccc5C3=O)cc2C4)C(=O)c2ccccc21
200,FC(C(F)=C(C(N=C1C2=CC=CC(OCCCCCCCC)=C2)=C3N=C1C4=CC=CC(OCCCCCCCC)=C4)C5=CC=C(S5)C)=C3C(S6)=CC=C6C7=CC(C(S7)=C(C8=C9SC(C)=C8)C%10=CC=C(S%10)SCCCCCCCC)=C9C%11=CC=C(S%11)SCCCCCCCC||O=C(/C(S1)=C/C(C2=NSN=C32)=CC=C3C(S4)=CC(C5(C6=CC=C(CCCCCC)C=C6)C7=CC=C(CCCCCC)C=C7)=C4C(C=C89)=C5C=C8C(SC(C%10=CC=C(/C=C%11SC(N(CC)C\%11=O)=S)C%12=NSN=C%10%12)=C%13)=C%13C9(C%14=CC=C(CCCCCC)C=C%14)C%15=CC=C(CCCCCC)C=C%15)N(CC)C1=S,FC(C(F)=C(C(N=C1C2=CC=CC(OCCCCCCCC)=C2)=C3N=C1C4=CC=CC(OCCCCCCCC)=C4)C5=CC=C(S5)C)=C3C(S6)=CC=C6C7=CC(C(S7)=C(C8=C9SC(C)=C8)C%10=CC=C(S%10)SCCCCCCCC)=C9C%11=CC=C(S%11)SCCCCCCCC,O=C(/C(S1)=C/C(C2=NSN=C32)=CC=C3C(S4)=CC(C5(C6=CC=C(CCCCCC)C=C6)C7=CC=C(CCCCCC)C=C7)=C4C(C=C89)=C5C=C8C(SC(C%10=CC=C(/C=C%11SC(N(CC)C\%11=O)=S)C%12=NSN=C%10%12)=C%13)=C%13C9(C%14=CC=C(CCCCCC)C=C%14)C%15=CC=C(CCCCCC)C=C%15)N(CC)C1=S,8.67,1,8.67,8.67,maximum,c1ccc(-c2nc3c(-c4cccs4)ccc(-c4ccc(-c5cc6c(-c7cccs7)c7sccc7c(-c7cccs7)c6s5)s4)c3nc2-c2ccccc2)cc1,O=C1NC(=S)SC1=Cc1ccc(-c2cc3c(s2)-c2cc4c(cc2C3(c2ccccc2)c2ccccc2)-c2sc(-c3ccc(C=C5SC(=S)NC5=O)c5nsnc35)cc2C4(c2ccccc2)c2ccccc2)c2nsnc12,c1ccc(-c2nc3c(-c4cccs4)ccc(-c4ccc(-c5cc6c(-c7cccs7)c7sccc7c(-c7cccs7)c6s5)s4)c3nc2-c2ccccc2)cc1||O=C1NC(=S)SC1=Cc1ccc(-c2cc3c(s2)-c2cc4c(cc2C3(c2ccccc2)c2ccccc2)-c2sc(-c3ccc(C=C5SC(=S)NC5=O)c5nsnc35)cc2C4(c2ccccc2)c2ccccc2)c2nsnc12
203,FC(C(F)=C(C1=CC=C(S1)C2=CC(C(C3=CC(Cl)=C(CC(CC)CCCC)S3)=C(SC=C4)C4=C5C6=CC(Cl)=C(CC(CCCC)CC)S6)=C5C2)C7=NN(CC(CCCCCCCC)CCCCCC)N=C78)=C8C9=CC=CS9||O=C(/C(S/1)=C\C(C2=NN(N=C32)CCCCCCCC)=CC=C3C4=CC5=C(S4)C6=CC7=C(C=C6C5(C8=CC=C(C=C8)CCCCCC)C9=CC=C(C=C9)CCCCCC)C(SC(C(C%10=NN(CCCCCCCC)N=C%11%10)=CC=C%11/C=C%12S/C(N(C\%12=O)CC%13=CC=CC=C%13)=C(C#N)/C#N)=C%14)=C%14C7(C%15=CC=C(CCCCCC)C=C%15)C%16=CC=C(CCCCCC)C=C%16)N(CC%17=CC=CC=C%17)C1=C(C#N)/C#N,FC(C(F)=C(C1=CC=C(S1)C2=CC(C(C3=CC(Cl)=C(CC(CC)CCCC)S3)=C(SC=C4)C4=C5C6=CC(Cl)=C(CC(CCCC)CC)S6)=C5C2)C7=NN(CC(CCCCCCCC)CCCCCC)N=C78)=C8C9=CC=CS9,O=C(/C(S/1)=C\C(C2=NN(N=C32)CCCCCCCC)=CC=C3C4=CC5=C(S4)C6=CC7=C(C=C6C5(C8=CC=C(C=C8)CCCCCC)C9=CC=C(C=C9)CCCCCC)C(SC(C(C%10=NN(CCCCCCCC)N=C%11%10)=CC=C%11/C=C%12S/C(N(C\%12=O)CC%13=CC=CC=C%13)=C(C#N)/C#N)=C%14)=C%14C7(C%15=CC=C(CCCCCC)C=C%15)C%16=CC=C(CCCCCC)C=C%16)N(CC%17=CC=CC=C%17)C1=C(C#N)/C#N,8.64,1,8.64,8.64,maximum,C1=C(c2ccc(-c3ccc(-c4cccs4)c4n[nH]nc34)s2)Cc2c1c(-c1cccs1)c1sccc1c2-c1cccs1,C=c1sc(=Cc2ccc(-c3cc4c(s3)-c3cc5c(cc3C4(c3ccccc3)c3ccccc3)-c3sc(-c4ccc(C=c6sc(=C)n(Cc7ccccc7)c6=O)c6n[nH]nc46)cc3C5(c3ccccc3)c3ccccc3)c3n[nH]nc23)c(=O)n1Cc1ccccc1,C1=C(c2ccc(-c3ccc(-c4cccs4)c4n[nH]nc34)s2)Cc2c1c(-c1cccs1)c1sccc1c2-c1cccs1||C=c1sc(=Cc2ccc(-c3cc4c(s3)-c3cc5c(cc3C4(c3ccccc3)c3ccccc3)-c3sc(-c4ccc(C=c6sc(=C)n(Cc7ccccc7)c6=O)c6n[nH]nc46)cc3C5(c3ccccc3)c3ccccc3)c3n[nH]nc23)c(=O)n1Cc1ccccc1
204,FC(C(F)=C(C1=CC=C(S1)C2=CC(C(C3=CC(Cl)=C(CC(CC)CCCC)S3)=C(SC=C4)C4=C5C6=CC(Cl)=C(CC(CCCC)CC)S6)=C5C2)C7=NN(CC(CCCCCCCC)CCCCCC)N=C78)=C8C9=CC=CS9||O=C(/C(S/1)=C\C(C2=NN(N=C32)CCCCCCCC)=CC=C3C4=CC5=C(S4)C6=CC7=C(C=C6C5(C8=CC=C(C=C8)CCCCCC)C9=CC=C(C=C9)CCCCCC)C(SC(C(C%10=NN(CCCCCCCC)N=C%11%10)=CC=C%11/C=C%12S/C(N(C\%12=O)CC)=C(C#N)/C#N)=C%13)=C%13C7(C%14=CC=C(CCCCCC)C=C%14)C%15=CC=C(CCCCCC)C=C%15)N(CC)C1=C(C#N)/C#N,FC(C(F)=C(C1=CC=C(S1)C2=CC(C(C3=CC(Cl)=C(CC(CC)CCCC)S3)=C(SC=C4)C4=C5C6=CC(Cl)=C(CC(CCCC)CC)S6)=C5C2)C7=NN(CC(CCCCCCCC)CCCCCC)N=C78)=C8C9=CC=CS9,O=C(/C(S/1)=C\C(C2=NN(N=C32)CCCCCCCC)=CC=C3C4=CC5=C(S4)C6=CC7=C(C=C6C5(C8=CC=C(C=C8)CCCCCC)C9=CC=C(C=C9)CCCCCC)C(SC(C(C%10=NN(CCCCCCCC)N=C%11%10)=CC=C%11/C=C%12S/C(N(C\%12=O)CC)=C(C#N)/C#N)=C%13)=C%13C7(C%14=CC=C(CCCCCC)C=C%14)C%15=CC=C(CCCCCC)C=C%15)N(CC)C1=C(C#N)/C#N,10.5,1,10.5,10.5,maximum,C1=C(c2ccc(-c3ccc(-c4cccs4)c4n[nH]nc34)s2)Cc2c1c(-c1cccs1)c1sccc1c2-c1cccs1,C=c1[nH]c(=O)c(=Cc2ccc(-c3cc4c(s3)-c3cc5c(cc3C4(c3ccccc3)c3ccccc3)-c3sc(-c4ccc(C=c6sc(=C)[nH]c6=O)c6n[nH]nc46)cc3C5(c3ccccc3)c3ccccc3)c3n[nH]nc23)s1,C1=C(c2ccc(-c3ccc(-c4cccs4)c4n[nH]nc34)s2)Cc2c1c(-c1cccs1)c1sccc1c2-c1cccs1||C=c1[nH]c(=O)c(=Cc2ccc(-c3cc4c(s3)-c3cc5c(cc3C4(c3ccccc3)c3ccccc3)-c3sc(-c4ccc(C=c6sc(=C)[nH]c6=O)c6n[nH]nc46)cc3C5(c3ccccc3)c3ccccc3)c3n[nH]nc23)s1
205,FC(C(F)=C(C1=CC=C(S1)C2=CC(C(C3=CC(Cl)=C(CC(CC)CCCC)S3)=C(SC=C4)C4=C5C6=CC(Cl)=C(CC(CCCC)CC)S6)=C5C2)C7=NN(CC(CCCCCCCC)CCCCCC)N=C78)=C8C9=CC=CS9||O=C(C/1=C\C2=C(C3=C(S2)C(N4C5=CC=C(CCCCCC)C=C5)=C(C6=C4C7=C(C8=NSN=C68)C(SC9=C%10SC(/C=C%11C(C%12=CC(F)=C(C=C%12C\%11=C(C#N)/C#N)F)=O)=C9CCCCCCCCCCC)=C%10N7C%13=CC=C(CCCCCC)C=C%13)S3)CCCCCCCCCCC)C%14=CC(F)=C(F)C=C%14C1=C(C#N)/C#N,FC(C(F)=C(C1=CC=C(S1)C2=CC(C(C3=CC(Cl)=C(CC(CC)CCCC)S3)=C(SC=C4)C4=C5C6=CC(Cl)=C(CC(CCCC)CC)S6)=C5C2)C7=NN(CC(CCCCCCCC)CCCCCC)N=C78)=C8C9=CC=CS9,O=C(C/1=C\C2=C(C3=C(S2)C(N4C5=CC=C(CCCCCC)C=C5)=C(C6=C4C7=C(C8=NSN=C68)C(SC9=C%10SC(/C=C%11C(C%12=CC(F)=C(C=C%12C\%11=C(C#N)/C#N)F)=O)=C9CCCCCCCCCCC)=C%10N7C%13=CC=C(CCCCCC)C=C%13)S3)CCCCCCCCCCC)C%14=CC(F)=C(F)C=C%14C1=C(C#N)/C#N,12.31,1,12.31,12.31,maximum,C1=C(c2ccc(-c3ccc(-c4cccs4)c4n[nH]nc34)s2)Cc2c1c(-c1cccs1)c1sccc1c2-c1cccs1,C=C1C(=Cc2cc3sc4c5c6nsnc6c6c7sc8cc(C=C9C(=C)c%10ccccc%10C9=O)sc8c7n(-c7ccccc7)c6c5n(-c5ccccc5)c4c3s2)C(=O)c2ccccc21,C1=C(c2ccc(-c3ccc(-c4cccs4)c4n[nH]nc34)s2)Cc2c1c(-c1cccs1)c1sccc1c2-c1cccs1||C=C1C(=Cc2cc3sc4c5c6nsnc6c6c7sc8cc(C=C9C(=C)c%10ccccc%10C9=O)sc8c7n(-c7ccccc7)c6c5n(-c5ccccc5)c4c3s2)C(=O)c2ccccc21
206,FC(C(F)=C(C1=CC=CS1)C2=NN(CCCCCCCC)N=C32)=C3C(S4)=CC=C4C(S5)CC6=C5C(C7=CC=C(CC(CCCCCC)CCCCCCCC)S7)=C(C=CS8)C8=C6C9=CC=C(CC(CCCCCCCC)CCCCCC)S9||c12cc3c(cc1C(c1c2sc2c1sc(c2)/C=C\1/C(=C(C#N)C#N)c2c(C1=O)cccc2)(c1ccc(cc1)CCCCCC)c1ccc(cc1)CCCCCC)c1c(C3(c2ccc(cc2)CCCCCC)c2ccc(cc2)CCCCCC)c2c(s1)cc(s2)/C=C\1/C(=C(C#N)C#N)c2c(C1=O)cccc2,FC(C(F)=C(C1=CC=CS1)C2=NN(CCCCCCCC)N=C32)=C3C(S4)=CC=C4C(S5)CC6=C5C(C7=CC=C(CC(CCCCCC)CCCCCCCC)S7)=C(C=CS8)C8=C6C9=CC=C(CC(CCCCCCCC)CCCCCC)S9,c12cc3c(cc1C(c1c2sc2c1sc(c2)/C=C\1/C(=C(C#N)C#N)c2c(C1=O)cccc2)(c1ccc(cc1)CCCCCC)c1ccc(cc1)CCCCCC)c1c(C3(c2ccc(cc2)CCCCCC)c2ccc(cc2)CCCCCC)c2c(s1)cc(s2)/C=C\1/C(=C(C#N)C#N)c2c(C1=O)cccc2,9.26,2,6.1,9.26,maximum,c1csc(-c2c3c(c(-c4cccs4)c4sccc24)CC(c2ccc(-c4ccc(-c5cccs5)c5n[nH]nc45)s2)S3)c1,C=C1C(=Cc2cc3sc4c(c3s2)C(c2ccccc2)(c2ccccc2)c2cc3c(cc2-4)C(c2ccccc2)(c2ccccc2)c2c-3sc3cc(C=C4C(=C)c5ccccc5C4=O)sc23)C(=O)c2ccccc21,c1csc(-c2c3c(c(-c4cccs4)c4sccc24)CC(c2ccc(-c4ccc(-c5cccs5)c5n[nH]nc45)s2)S3)c1||C=C1C(=Cc2cc3sc4c(c3s2)C(c2ccccc2)(c2ccccc2)c2cc3c(cc2-4)C(c2ccccc2)(c2ccccc2)c2c-3sc3cc(C=C4C(=C)c5ccccc5C4=O)sc23)C(=O)c2ccccc21
207,FC(C(F)=C(C1=CC=CS1)C2=NN(CCCCCCCC)N=C32)=C3C(S4)=CC=C4C(S5)CC6=C5C(C7=CC=C(CC(CCCCCC)CCCCCCCC)S7)=C(C=CS8)C8=C6C9=CC=C(CC(CCCCCCCC)CCCCCC)S9||c1cccc2c1C(=C(C#N)C#N)/C(=C/c1sc(c(c1)C[C@@H](CC)CCCC)c1cc3c([se]1)c1c(C3(c3ccc(cc3)CCCCCC)c3ccc(cc3)CCCCCC)cc3c(c1)C(c1c3[se]c(c1)c1c(cc(s1)/C=C\1/C(=C(C#N)C#N)c3c(C1=O)cccc3)C[C@H](CCCC)CC)(c1ccc(cc1)CCCCCC)c1ccc(cc1)CCCCCC)/C2=O,FC(C(F)=C(C1=CC=CS1)C2=NN(CCCCCCCC)N=C32)=C3C(S4)=CC=C4C(S5)CC6=C5C(C7=CC=C(CC(CCCCCC)CCCCCCCC)S7)=C(C=CS8)C8=C6C9=CC=C(CC(CCCCCCCC)CCCCCC)S9,c1cccc2c1C(=C(C#N)C#N)/C(=C/c1sc(c(c1)C[C@@H](CC)CCCC)c1cc3c([se]1)c1c(C3(c3ccc(cc3)CCCCCC)c3ccc(cc3)CCCCCC)cc3c(c1)C(c1c3[se]c(c1)c1c(cc(s1)/C=C\1/C(=C(C#N)C#N)c3c(C1=O)cccc3)C[C@H](CCCC)CC)(c1ccc(cc1)CCCCCC)c1ccc(cc1)CCCCCC)/C2=O,8.58,1,8.58,8.58,maximum,c1csc(-c2c3c(c(-c4cccs4)c4sccc24)CC(c2ccc(-c4ccc(-c5cccs5)c5n[nH]nc45)s2)S3)c1,C=C1C(=Cc2ccc(-c3cc4c([se]3)-c3cc5c(cc3C4(c3ccccc3)c3ccccc3)-c3[se]c(-c4ccc(C=C6C(=C)c7ccccc7C6=O)s4)cc3C5(c3ccccc3)c3ccccc3)s2)C(=O)c2ccccc21,c1csc(-c2c3c(c(-c4cccs4)c4sccc24)CC(c2ccc(-c4ccc(-c5cccs5)c5n[nH]nc45)s2)S3)c1||C=C1C(=Cc2ccc(-c3cc4c([se]3)-c3cc5c(cc3C4(c3ccccc3)c3ccccc3)-c3[se]c(-c4ccc(C=C6C(=C)c7ccccc7C6=O)s4)cc3C5(c3ccccc3)c3ccccc3)s2)C(=O)c2ccccc21
213,FC(C(F)=C(C1=N2)C3=CC=C(S3)C4=CC5=C(C6=C(C(C7=CC=C(C=C7)[S]CCCCCCCC)=C5S4)C=C(C)S6)C8=CC=C(C=C8)[S]CCCCCCCC)=C(C9=CC=C(C)S9)C1=NN2CCCCCCCCCCCCCCCC||c12cc3c(cc1C(c1c2sc2c1sc(c2)/C=C\1/C(=C(C#N)C#N)c2c(C1=O)cccc2)(c1ccc(cc1)CCCCCC)c1ccc(cc1)CCCCCC)c1c(C3(c2ccc(cc2)CCCCCC)c2ccc(cc2)CCCCCC)c2c(s1)cc(s2)/C=C\1/C(=C(C#N)C#N)c2c(C1=O)cccc2,FC(C(F)=C(C1=N2)C3=CC=C(S3)C4=CC5=C(C6=C(C(C7=CC=C(C=C7)[S]CCCCCCCC)=C5S4)C=C(C)S6)C8=CC=C(C=C8)[S]CCCCCCCC)=C(C9=CC=C(C)S9)C1=NN2CCCCCCCCCCCCCCCC,c12cc3c(cc1C(c1c2sc2c1sc(c2)/C=C\1/C(=C(C#N)C#N)c2c(C1=O)cccc2)(c1ccc(cc1)CCCCCC)c1ccc(cc1)CCCCCC)c1c(C3(c2ccc(cc2)CCCCCC)c2ccc(cc2)CCCCCC)c2c(s1)cc(s2)/C=C\1/C(=C(C#N)C#N)c2c(C1=O)cccc2,10.86,1,10.86,10.86,maximum,c1ccc(-c2c3cc(-c4ccc(-c5ccc(-c6cccs6)c6n[nH]nc56)s4)sc3c(-c3ccccc3)c3ccsc23)cc1,C=C1C(=Cc2cc3sc4c(c3s2)C(c2ccccc2)(c2ccccc2)c2cc3c(cc2-4)C(c2ccccc2)(c2ccccc2)c2c-3sc3cc(C=C4C(=C)c5ccccc5C4=O)sc23)C(=O)c2ccccc21,c1ccc(-c2c3cc(-c4ccc(-c5ccc(-c6cccs6)c6n[nH]nc56)s4)sc3c(-c3ccccc3)c3ccsc23)cc1||C=C1C(=Cc2cc3sc4c(c3s2)C(c2ccccc2)(c2ccccc2)c2cc3c(cc2-4)C(c2ccccc2)(c2ccccc2)c2c-3sc3cc(C=C4C(=C)c5ccccc5C4=O)sc23)C(=O)c2ccccc21
214,FC(C(F)=C(C1=N2)C3=CC=C(S3)C4=CC5=C(C6=C(C(C7=CC=CC([S]CCCCCCCC)=C7)=C5S4)C=C(C)S6)C8=CC=CC([S]CCCCCCCC)=C8)=C(C9=CC=C(C)S9)C1=NN2CCCCCCCCCCCCCCCC||c12cc3c(cc1C(c1c2sc2c1sc(c2)/C=C\1/C(=C(C#N)C#N)c2c(C1=O)cccc2)(c1ccc(cc1)CCCCCC)c1ccc(cc1)CCCCCC)c1c(C3(c2ccc(cc2)CCCCCC)c2ccc(cc2)CCCCCC)c2c(s1)cc(s2)/C=C\1/C(=C(C#N)C#N)c2c(C1=O)cccc2,FC(C(F)=C(C1=N2)C3=CC=C(S3)C4=CC5=C(C6=C(C(C7=CC=CC([S]CCCCCCCC)=C7)=C5S4)C=C(C)S6)C8=CC=CC([S]CCCCCCCC)=C8)=C(C9=CC=C(C)S9)C1=NN2CCCCCCCCCCCCCCCC,c12cc3c(cc1C(c1c2sc2c1sc(c2)/C=C\1/C(=C(C#N)C#N)c2c(C1=O)cccc2)(c1ccc(cc1)CCCCCC)c1ccc(cc1)CCCCCC)c1c(C3(c2ccc(cc2)CCCCCC)c2ccc(cc2)CCCCCC)c2c(s1)cc(s2)/C=C\1/C(=C(C#N)C#N)c2c(C1=O)cccc2,13.16,1,13.16,13.16,maximum,c1ccc(-c2c3cc(-c4ccc(-c5ccc(-c6cccs6)c6n[nH]nc56)s4)sc3c(-c3ccccc3)c3ccsc23)cc1,C=C1C(=Cc2cc3sc4c(c3s2)C(c2ccccc2)(c2ccccc2)c2cc3c(cc2-4)C(c2ccccc2)(c2ccccc2)c2c-3sc3cc(C=C4C(=C)c5ccccc5C4=O)sc23)C(=O)c2ccccc21,c1ccc(-c2c3cc(-c4ccc(-c5ccc(-c6cccs6)c6n[nH]nc56)s4)sc3c(-c3ccccc3)c3ccsc23)cc1||C=C1C(=Cc2cc3sc4c(c3s2)C(c2ccccc2)(c2ccccc2)c2cc3c(cc2-4)C(c2ccccc2)(c2ccccc2)c2c-3sc3cc(C=C4C(=C)c5ccccc5C4=O)sc23)C(=O)c2ccccc21
216,FC(C(F)=C(C1=NC(C2=CC(F)=C(S2)CC(CCCC)CC)=C(N=C31)C4=CC(F)=C(S4)CC(CCCC)CC)C5=CC=C(S5)C6=CC7=C(C8=C(C(C9=CC=C(S9)CC(CCCC)CC)=C7S6)C=C(C)S8)C%10=CC=C(S%10)CC(CCCC)CC)=C3C%11=CC=C(C)S%11||c12cc3c(cc1C(c1c2sc2c1sc(c2)/C=C\1/C(=C(C#N)C#N)c2c(C1=O)cccc2)(c1ccc(cc1)CCCCCC)c1ccc(cc1)CCCCCC)c1c(C3(c2ccc(cc2)CCCCCC)c2ccc(cc2)CCCCCC)c2c(s1)cc(s2)/C=C\1/C(=C(C#N)C#N)c2c(C1=O)cccc2,FC(C(F)=C(C1=NC(C2=CC(F)=C(S2)CC(CCCC)CC)=C(N=C31)C4=CC(F)=C(S4)CC(CCCC)CC)C5=CC=C(S5)C6=CC7=C(C8=C(C(C9=CC=C(S9)CC(CCCC)CC)=C7S6)C=C(C)S8)C%10=CC=C(S%10)CC(CCCC)CC)=C3C%11=CC=C(C)S%11,c12cc3c(cc1C(c1c2sc2c1sc(c2)/C=C\1/C(=C(C#N)C#N)c2c(C1=O)cccc2)(c1ccc(cc1)CCCCCC)c1ccc(cc1)CCCCCC)c1c(C3(c2ccc(cc2)CCCCCC)c2ccc(cc2)CCCCCC)c2c(s1)cc(s2)/C=C\1/C(=C(C#N)C#N)c2c(C1=O)cccc2,10.52,1,10.52,10.52,maximum,c1csc(-c2nc3c(-c4cccs4)ccc(-c4ccc(-c5cc6c(-c7cccs7)c7sccc7c(-c7cccs7)c6s5)s4)c3nc2-c2cccs2)c1,C=C1C(=Cc2cc3sc4c(c3s2)C(c2ccccc2)(c2ccccc2)c2cc3c(cc2-4)C(c2ccccc2)(c2ccccc2)c2c-3sc3cc(C=C4C(=C)c5ccccc5C4=O)sc23)C(=O)c2ccccc21,c1csc(-c2nc3c(-c4cccs4)ccc(-c4ccc(-c5cc6c(-c7cccs7)c7sccc7c(-c7cccs7)c6s5)s4)c3nc2-c2cccs2)c1||C=C1C(=Cc2cc3sc4c(c3s2)C(c2ccccc2)(c2ccccc2)c2cc3c(cc2-4)C(c2ccccc2)(c2ccccc2)c2c-3sc3cc(C=C4C(=C)c5ccccc5C4=O)sc23)C(=O)c2ccccc21
217,FC(C(F)=C(C1=NC(C2=CC(F)=C(S2)CC(CCCC)CC)=C(N=C31)C4=CC(F)=C(S4)CC(CCCC)CC)C5=CC=C(S5)C6=CC7=C(C8=C(C(C9=CC=C(S9)CC(CCCC)CCCC)=C7S6)C=C(S8)[*])C%10=CC=C(S%10)CC(CCCC)CCCC)=C3C%11=CC=CS%11||c12cc3c(cc1C(c1c2sc2c1sc(c2)/C=C\1/C(=C(C#N)C#N)c2c(C1=O)cccc2)(c1ccc(cc1)CCCCCC)c1ccc(cc1)CCCCCC)c1c(C3(c2ccc(cc2)CCCCCC)c2ccc(cc2)CCCCCC)c2c(s1)cc(s2)/C=C\1/C(=C(C#N)C#N)c2c(C1=O)cccc2,FC(C(F)=C(C1=NC(C2=CC(F)=C(S2)CC(CCCC)CC)=C(N=C31)C4=CC(F)=C(S4)CC(CCCC)CC)C5=CC=C(S5)C6=CC7=C(C8=C(C(C9=CC=C(S9)CC(CCCC)CCCC)=C7S6)C=C(S8)[*])C%10=CC=C(S%10)CC(CCCC)CCCC)=C3C%11=CC=CS%11,c12cc3c(cc1C(c1c2sc2c1sc(c2)/C=C\1/C(=C(C#N)C#N)c2c(C1=O)cccc2)(c1ccc(cc1)CCCCCC)c1ccc(cc1)CCCCCC)c1c(C3(c2ccc(cc2)CCCCCC)c2ccc(cc2)CCCCCC)c2c(s1)cc(s2)/C=C\1/C(=C(C#N)C#N)c2c(C1=O)cccc2,7.22,1,7.22,7.22,maximum,c1csc(-c2nc3c(-c4cccs4)ccc(-c4ccc(-c5cc6c(-c7cccs7)c7sccc7c(-c7cccs7)c6s5)s4)c3nc2-c2cccs2)c1,C=C1C(=Cc2cc3sc4c(c3s2)C(c2ccccc2)(c2ccccc2)c2cc3c(cc2-4)C(c2ccccc2)(c2ccccc2)c2c-3sc3cc(C=C4C(=C)c5ccccc5C4=O)sc23)C(=O)c2ccccc21,c1csc(-c2nc3c(-c4cccs4)ccc(-c4ccc(-c5cc6c(-c7cccs7)c7sccc7c(-c7cccs7)c6s5)s4)c3nc2-c2cccs2)c1||C=C1C(=Cc2cc3sc4c(c3s2)C(c2ccccc2)(c2ccccc2)c2cc3c(cc2-4)C(c2ccccc2)(c2ccccc2)c2c-3sc3cc(C=C4C(=C)c5ccccc5C4=O)sc23)C(=O)c2ccccc21
221,FC(C(F)=C(C1=NC(C2=CC=C(C(OCCCCCCCC)=C2)OCCCCCCCC)=C(N=C31)C(C=C4)=CC(OCCCCCCCC)=C4OCCCCCCCC)C)=C3C5=CC=C(C6=CC=C(C7=CC=C(C)S7)C=C6)S5||c12cc3c(cc1C(c1c2sc2c1sc(c2)/C=C\1/C(=C(C#N)C#N)c2c(C1=O)cccc2)(c1ccc(cc1)CCCCCC)c1ccc(cc1)CCCCCC)c1c(C3(c2ccc(cc2)CCCCCC)c2ccc(cc2)CCCCCC)c2c(s1)cc(s2)/C=C\1/C(=C(C#N)C#N)c2c(C1=O)cccc2,FC(C(F)=C(C1=NC(C2=CC=C(C(OCCCCCCCC)=C2)OCCCCCCCC)=C(N=C31)C(C=C4)=CC(OCCCCCCCC)=C4OCCCCCCCC)C)=C3C5=CC=C(C6=CC=C(C7=CC=C(C)S7)C=C6)S5,c12cc3c(cc1C(c1c2sc2c1sc(c2)/C=C\1/C(=C(C#N)C#N)c2c(C1=O)cccc2)(c1ccc(cc1)CCCCCC)c1ccc(cc1)CCCCCC)c1c(C3(c2ccc(cc2)CCCCCC)c2ccc(cc2)CCCCCC)c2c(s1)cc(s2)/C=C\1/C(=C(C#N)C#N)c2c(C1=O)cccc2,3.95,1,3.95,3.95,maximum,c1ccc(-c2nc3cccc(-c4ccc(-c5ccc(-c6cccs6)cc5)s4)c3nc2-c2ccccc2)cc1,C=C1C(=Cc2cc3sc4c(c3s2)C(c2ccccc2)(c2ccccc2)c2cc3c(cc2-4)C(c2ccccc2)(c2ccccc2)c2c-3sc3cc(C=C4C(=C)c5ccccc5C4=O)sc23)C(=O)c2ccccc21,c1ccc(-c2nc3cccc(-c4ccc(-c5ccc(-c6cccs6)cc5)s4)c3nc2-c2ccccc2)cc1||C=C1C(=Cc2cc3sc4c(c3s2)C(c2ccccc2)(c2ccccc2)c2cc3c(cc2-4)C(c2ccccc2)(c2ccccc2)c2c-3sc3cc(C=C4C(=C)c5ccccc5C4=O)sc23)C(=O)c2ccccc21
222,FC(C(F)=C(C1=NC(C2=CC=C(C(OCCCCCCCC)=C2)OCCCCCCCC)=C(N=C31)C4=CC=C(C(OCCCCCCCC)=C4)OCCCCCCCC)C)=C3C(S5)=CC=C5C(C=C6)=CC=C6C7=CC=C(C)S7||FC1=CC2=C(C(/C(C2=O)=C/C3=CC(OCC(CC)CCCC)=C(S3)C4=CC5=C(S4)C6=CC(C7(C8=CC=C(CCCCCC)C=C8)C9=CC=C(CCCCCC)C=C9)=C(C%10=C7C=C(S%10)C%11=C(OCC(CC)CCCC)C=C(S%11)/C=C(/C(C%12=C%13C=C(F)C(F)=C%12)=C(C#N)\C#N)C%13=O)C=C6C5(C%14=CC=C(CCCCCC)C=C%14)C%15=CC=C(CCCCCC)C=C%15)=C(C#N)/C#N)C=C1F,FC(C(F)=C(C1=NC(C2=CC=C(C(OCCCCCCCC)=C2)OCCCCCCCC)=C(N=C31)C4=CC=C(C(OCCCCCCCC)=C4)OCCCCCCCC)C)=C3C(S5)=CC=C5C(C=C6)=CC=C6C7=CC=C(C)S7,FC1=CC2=C(C(/C(C2=O)=C/C3=CC(OCC(CC)CCCC)=C(S3)C4=CC5=C(S4)C6=CC(C7(C8=CC=C(CCCCCC)C=C8)C9=CC=C(CCCCCC)C=C9)=C(C%10=C7C=C(S%10)C%11=C(OCC(CC)CCCC)C=C(S%11)/C=C(/C(C%12=C%13C=C(F)C(F)=C%12)=C(C#N)\C#N)C%13=O)C=C6C5(C%14=CC=C(CCCCCC)C=C%14)C%15=CC=C(CCCCCC)C=C%15)=C(C#N)/C#N)C=C1F,1.31,1,1.31,1.31,maximum,c1ccc(-c2nc3cccc(-c4ccc(-c5ccc(-c6cccs6)cc5)s4)c3nc2-c2ccccc2)cc1,C=C1C(=Cc2ccc(-c3cc4c(s3)-c3cc5c(cc3C4(c3ccccc3)c3ccccc3)-c3sc(-c4ccc(C=C6C(=C)c7ccccc7C6=O)s4)cc3C5(c3ccccc3)c3ccccc3)s2)C(=O)c2ccccc21,c1ccc(-c2nc3cccc(-c4ccc(-c5ccc(-c6cccs6)cc5)s4)c3nc2-c2ccccc2)cc1||C=C1C(=Cc2ccc(-c3cc4c(s3)-c3cc5c(cc3C4(c3ccccc3)c3ccccc3)-c3sc(-c4ccc(C=C6C(=C)c7ccccc7C6=O)s4)cc3C5(c3ccccc3)c3ccccc3)s2)C(=O)c2ccccc21
223,FC(C(F)=C(C1=NC(C2=CC=C(C(OCCCCCCCC)=C2)OCCCCCCCC)=C(N=C31)C4=CC=C(C(OCCCCCCCC)=C4)OCCCCCCCC)C)=C3C(S5)=CC=C5C(C=C6)=CC=C6C7=CC=C(C)S7||N#C/C(C#N)=C(C1=CC=CC=C1C2=O)/C2=C/C3=CC4=C(C5=C(C=C6C(C(CCCCCC)(CCCCCC)C7=C6SC(/C=C8/C(C9=CC=CC=C9C8=O)=C(C#N)/C#N)=C7)=C5)C4(CCCCCC)CCCCCC)S3,FC(C(F)=C(C1=NC(C2=CC=C(C(OCCCCCCCC)=C2)OCCCCCCCC)=C(N=C31)C4=CC=C(C(OCCCCCCCC)=C4)OCCCCCCCC)C)=C3C(S5)=CC=C5C(C=C6)=CC=C6C7=CC=C(C)S7,N#C/C(C#N)=C(C1=CC=CC=C1C2=O)/C2=C/C3=CC4=C(C5=C(C=C6C(C(CCCCCC)(CCCCCC)C7=C6SC(/C=C8/C(C9=CC=CC=C9C8=O)=C(C#N)/C#N)=C7)=C5)C4(CCCCCC)CCCCCC)S3,4.86,1,4.86,4.86,maximum,c1ccc(-c2nc3cccc(-c4ccc(-c5ccc(-c6cccs6)cc5)s4)c3nc2-c2ccccc2)cc1,C=C1C(=Cc2cc3c(s2)-c2cc4c(cc2C3)-c2sc(C=C3C(=C)c5ccccc5C3=O)cc2C4)C(=O)c2ccccc21,c1ccc(-c2nc3cccc(-c4ccc(-c5ccc(-c6cccs6)cc5)s4)c3nc2-c2ccccc2)cc1||C=C1C(=Cc2cc3c(s2)-c2cc4c(cc2C3)-c2sc(C=C3C(=C)c5ccccc5C3=O)cc2C4)C(=O)c2ccccc21
224,FC(C(F)=C(C1=NC(C2=CC=C(C(OCCCCCCCC)=C2)OCCCCCCCC)=C(N=C31)C4=CC=C(C(OCCCCCCCC)=C4)OCCCCCCCC)C)=C3C(S5)=CC=C5C(C=C6)=CC=C6C7=CC=C(C)S7||O=C(C1=CC=CC=C1C/2=C(C#N)\C#N)C2=C/C3=CC4=C(C(C(C5=CC=C(CCCCCC)S5)(C6=C7C=C8C(C9=CC=C(S9)CCCCCC)(C%10=CC=C(S%10)CCCCCC)C%11=C(SC%12=C%11SC(/C=C%13C(C%14=CC=CC=C%14C\%13=C(C#N)\C#N)=O)=C%12)C8=C6)C(S%15)=CC=C%15CCCCCC)=C7S4)S3,FC(C(F)=C(C1=NC(C2=CC=C(C(OCCCCCCCC)=C2)OCCCCCCCC)=C(N=C31)C4=CC=C(C(OCCCCCCCC)=C4)OCCCCCCCC)C)=C3C(S5)=CC=C5C(C=C6)=CC=C6C7=CC=C(C)S7,O=C(C1=CC=CC=C1C/2=C(C#N)\C#N)C2=C/C3=CC4=C(C(C(C5=CC=C(CCCCCC)S5)(C6=C7C=C8C(C9=CC=C(S9)CCCCCC)(C%10=CC=C(S%10)CCCCCC)C%11=C(SC%12=C%11SC(/C=C%13C(C%14=CC=CC=C%14C\%13=C(C#N)\C#N)=O)=C%12)C8=C6)C(S%15)=CC=C%15CCCCCC)=C7S4)S3,11.39,1,11.39,11.39,maximum,c1ccc(-c2nc3cccc(-c4ccc(-c5ccc(-c6cccs6)cc5)s4)c3nc2-c2ccccc2)cc1,C=C1C(=Cc2cc3sc4c(c3s2)C(c2cccs2)(c2cccs2)c2cc3c(cc2-4)C(c2cccs2)(c2cccs2)c2c-3sc3cc(C=C4C(=C)c5ccccc5C4=O)sc23)C(=O)c2ccccc21,c1ccc(-c2nc3cccc(-c4ccc(-c5ccc(-c6cccs6)cc5)s4)c3nc2-c2ccccc2)cc1||C=C1C(=Cc2cc3sc4c(c3s2)C(c2cccs2)(c2cccs2)c2cc3c(cc2-4)C(c2cccs2)(c2cccs2)c2c-3sc3cc(C=C4C(=C)c5ccccc5C4=O)sc23)C(=O)c2ccccc21
225,FC(C(F)=C(C1=NC(C2=CC=C(C(OCCCCCCCC)=C2)OCCCCCCCC)=C(N=C31)C4=CC=C(C(OCCCCCCCC)=C4)OCCCCCCCC)C)=C3C(S5)=CC=C5C(C=C6)=CC=C6C7=CC=C(C)S7||O=C(N(C)C(C(C#N)=C/1C)=O)C1=C/C2=CC(CCCCCC)=C(S2)C3=CC(CCCCCC)=C(S3)C4=CC(N5C(CCCCCCCC)CCCCCCCC)=C(C6=C5C=C(C7=C(CCCCCC)C=C(C8=C(CCCCCC)C=C(/C=C9C(N(C(C(C#N)=C\9C)=O)CCCC)=O)S8)S7)S6)S4,FC(C(F)=C(C1=NC(C2=CC=C(C(OCCCCCCCC)=C2)OCCCCCCCC)=C(N=C31)C4=CC=C(C(OCCCCCCCC)=C4)OCCCCCCCC)C)=C3C(S5)=CC=C5C(C=C6)=CC=C6C7=CC=C(C)S7,O=C(N(C)C(C(C#N)=C/1C)=O)C1=C/C2=CC(CCCCCC)=C(S2)C3=CC(CCCCCC)=C(S3)C4=CC(N5C(CCCCCCCC)CCCCCCCC)=C(C6=C5C=C(C7=C(CCCCCC)C=C(C8=C(CCCCCC)C=C(/C=C9C(N(C(C(C#N)=C\9C)=O)CCCC)=O)S8)S7)S6)S4,4.89,1,4.89,4.89,maximum,c1ccc(-c2nc3cccc(-c4ccc(-c5ccc(-c6cccs6)cc5)s4)c3nc2-c2ccccc2)cc1,O=C1C=CC(=Cc2ccc(-c3ccc(-c4cc5[nH]c6cc(-c7ccc(-c8ccc(C=C9C=CC(=O)NC9=O)s8)s7)sc6c5s4)s3)s2)C(=O)N1,c1ccc(-c2nc3cccc(-c4ccc(-c5ccc(-c6cccs6)cc5)s4)c3nc2-c2ccccc2)cc1||O=C1C=CC(=Cc2ccc(-c3ccc(-c4cc5[nH]c6cc(-c7ccc(-c8ccc(C=C9C=CC(=O)NC9=O)s8)s7)sc6c5s4)s3)s2)C(=O)N1
226,FC(C(F)=C(C1=NC(C2=CC=C(C(OCCCCCCCC)=C2)OCCCCCCCC)=C(N=C31)C4=CC=C(C(OCCCCCCCC)=C4)OCCCCCCCC)C)=C3C(S5)=CC=C5C(C=C6)=CC=C6C7=CC=C(C)S7||O=C1C(/C(C2=CC=CC=C21)=C(C#N)/C#N)=C/C3=CC(CCCCCC)=C(S3)C4=CC(CCCCCC)=C(S4)C5=CC6=C(S5)C7=C(C=C(S7)C8=C(CCCCCC)C=C(C9=C(CCCCCC)C=C(/C=C(\C(C%10=CC=CC=C%10%11)=C(C#N)\C#N)C%11=O)S9)S8)N6C(CCCCCCCC)CCCCCCCC,FC(C(F)=C(C1=NC(C2=CC=C(C(OCCCCCCCC)=C2)OCCCCCCCC)=C(N=C31)C4=CC=C(C(OCCCCCCCC)=C4)OCCCCCCCC)C)=C3C(S5)=CC=C5C(C=C6)=CC=C6C7=CC=C(C)S7,O=C1C(/C(C2=CC=CC=C21)=C(C#N)/C#N)=C/C3=CC(CCCCCC)=C(S3)C4=CC(CCCCCC)=C(S4)C5=CC6=C(S5)C7=C(C=C(S7)C8=C(CCCCCC)C=C(C9=C(CCCCCC)C=C(/C=C(\C(C%10=CC=CC=C%10%11)=C(C#N)\C#N)C%11=O)S9)S8)N6C(CCCCCCCC)CCCCCCCC,6.94,1,6.94,6.94,maximum,c1ccc(-c2nc3cccc(-c4ccc(-c5ccc(-c6cccs6)cc5)s4)c3nc2-c2ccccc2)cc1,C=C1C(=Cc2ccc(-c3ccc(-c4cc5[nH]c6cc(-c7ccc(-c8ccc(C=C9C(=C)c%10ccccc%10C9=O)s8)s7)sc6c5s4)s3)s2)C(=O)c2ccccc21,c1ccc(-c2nc3cccc(-c4ccc(-c5ccc(-c6cccs6)cc5)s4)c3nc2-c2ccccc2)cc1||C=C1C(=Cc2ccc(-c3ccc(-c4cc5[nH]c6cc(-c7ccc(-c8ccc(C=C9C(=C)c%10ccccc%10C9=O)s8)s7)sc6c5s4)s3)s2)C(=O)c2ccccc21
227,FC(C(F)=C(C1=NC(C2=CC=C(C(OCCCCCCCC)=C2)OCCCCCCCC)=C(N=C31)C4=CC=C(C(OCCCCCCCC)=C4)OCCCCCCCC)C)=C3C(S5)=CC=C5C(C=C6)=CC=C6C7=CC=C(C)S7||c1(cc2c(cc1F)C(=O)/C(=C\c1cc3c(s1)c1c(s3)c3c(C1(c1ccc(cc1)CCCCCC)c1ccc(cc1)CCCCCC)cc1c(c3)C(c3c1sc1c3sc(c1)/C=C/1\C(=O)c3c(C1=C(C#N)C#N)cc(c(c3)F)F)(c1ccc(cc1)CCCCCC)c1ccc(cc1)CCCCCC)/C2=C(C#N)C#N)F,FC(C(F)=C(C1=NC(C2=CC=C(C(OCCCCCCCC)=C2)OCCCCCCCC)=C(N=C31)C4=CC=C(C(OCCCCCCCC)=C4)OCCCCCCCC)C)=C3C(S5)=CC=C5C(C=C6)=CC=C6C7=CC=C(C)S7,c1(cc2c(cc1F)C(=O)/C(=C\c1cc3c(s1)c1c(s3)c3c(C1(c1ccc(cc1)CCCCCC)c1ccc(cc1)CCCCCC)cc1c(c3)C(c3c1sc1c3sc(c1)/C=C/1\C(=O)c3c(C1=C(C#N)C#N)cc(c(c3)F)F)(c1ccc(cc1)CCCCCC)c1ccc(cc1)CCCCCC)/C2=C(C#N)C#N)F,14.2,4,8.8,14.2,maximum,c1ccc(-c2nc3cccc(-c4ccc(-c5ccc(-c6cccs6)cc5)s4)c3nc2-c2ccccc2)cc1,C=C1C(=Cc2cc3sc4c(c3s2)C(c2ccccc2)(c2ccccc2)c2cc3c(cc2-4)C(c2ccccc2)(c2ccccc2)c2c-3sc3cc(C=C4C(=C)c5ccccc5C4=O)sc23)C(=O)c2ccccc21,c1ccc(-c2nc3cccc(-c4ccc(-c5ccc(-c6cccs6)cc5)s4)c3nc2-c2ccccc2)cc1||C=C1C(=Cc2cc3sc4c(c3s2)C(c2ccccc2)(c2ccccc2)c2cc3c(cc2-4)C(c2ccccc2)(c2ccccc2)c2c-3sc3cc(C=C4C(=C)c5ccccc5C4=O)sc23)C(=O)c2ccccc21
228,FC(C(F)=C(C1=NC(C2=CC=C(C(OCCCCCCCC)=C2)OCCCCCCCC)=C(N=C31)C4=CC=C(C(OCCCCCCCC)=C4)OCCCCCCCC)C)=C3C(S5)=CC=C5C(C=C6)=CC=C6C7=CC=C(C)S7||c12cc3c(cc1C(c1c2sc2c1sc(c2)/C=C\1/C(=C(C#N)C#N)c2c(C1=O)cccc2)(c1ccc(cc1)CCCCCC)c1ccc(cc1)CCCCCC)c1c(C3(c2ccc(cc2)CCCCCC)c2ccc(cc2)CCCCCC)c2c(s1)cc(s2)/C=C\1/C(=C(C#N)C#N)c2c(C1=O)cccc2,FC(C(F)=C(C1=NC(C2=CC=C(C(OCCCCCCCC)=C2)OCCCCCCCC)=C(N=C31)C4=CC=C(C(OCCCCCCCC)=C4)OCCCCCCCC)C)=C3C(S5)=CC=C5C(C=C6)=CC=C6C7=CC=C(C)S7,c12cc3c(cc1C(c1c2sc2c1sc(c2)/C=C\1/C(=C(C#N)C#N)c2c(C1=O)cccc2)(c1ccc(cc1)CCCCCC)c1ccc(cc1)CCCCCC)c1c(C3(c2ccc(cc2)CCCCCC)c2ccc(cc2)CCCCCC)c2c(s1)cc(s2)/C=C\1/C(=C(C#N)C#N)c2c(C1=O)cccc2,7.6,2,7.14,7.6,maximum,c1ccc(-c2nc3cccc(-c4ccc(-c5ccc(-c6cccs6)cc5)s4)c3nc2-c2ccccc2)cc1,C=C1C(=Cc2cc3sc4c(c3s2)C(c2ccccc2)(c2ccccc2)c2cc3c(cc2-4)C(c2ccccc2)(c2ccccc2)c2c-3sc3cc(C=C4C(=C)c5ccccc5C4=O)sc23)C(=O)c2ccccc21,c1ccc(-c2nc3cccc(-c4ccc(-c5ccc(-c6cccs6)cc5)s4)c3nc2-c2ccccc2)cc1||C=C1C(=Cc2cc3sc4c(c3s2)C(c2ccccc2)(c2ccccc2)c2cc3c(cc2-4)C(c2ccccc2)(c2ccccc2)c2c-3sc3cc(C=C4C(=C)c5ccccc5C4=O)sc23)C(=O)c2ccccc21
256,FC(C(F)=C(C1=NSN=C21)C3=CC(CC(CCCCCCCCCCCC)CCCCCCCCCC)=C(S3)C4=CC=C(S4)C5=CC=C(S5)C)=C2C6=CC(CC(CCCCCCCCCCCC)CCCCCCCCCC)=C(C)S6||C1(=S)N(C(=O)/C(=C/c2c3c(c(cc2)c2sc4c(c2)[C@](c2c4cc4c(c2)c2c([C@]4(C[C@H](CC)CCCC)C[C@@H](CC)CCCC)cc(s2)c2ccc(c4c2nsn4)/C=C/2\SC(=S)N(C2=O)CC)(C[C@@H](CCCC)CC)C[C@H](CCCC)CC)nsn3)/S1)CC,FC(C(F)=C(C1=NSN=C21)C3=CC(CC(CCCCCCCCCCCC)CCCCCCCCCC)=C(S3)C4=CC=C(S4)C5=CC=C(S5)C)=C2C6=CC(CC(CCCCCCCCCCCC)CCCCCCCCCC)=C(C)S6,C1(=S)N(C(=O)/C(=C/c2c3c(c(cc2)c2sc4c(c2)[C@](c2c4cc4c(c2)c2c([C@]4(C[C@H](CC)CCCC)C[C@@H](CC)CCCC)cc(s2)c2ccc(c4c2nsn4)/C=C/2\SC(=S)N(C2=O)CC)(C[C@@H](CCCC)CC)C[C@H](CCCC)CC)nsn3)/S1)CC,11.1,1,11.1,11.1,maximum,c1csc(-c2ccc(-c3ccc(-c4ccc(-c5cccs5)c5nsnc45)s3)s2)c1,O=C1NC(=S)SC1=Cc1ccc(-c2cc3c(s2)-c2cc4c(cc2C3)-c2sc(-c3ccc(C=C5SC(=S)NC5=O)c5nsnc35)cc2C4)c2nsnc12,c1csc(-c2ccc(-c3ccc(-c4ccc(-c5cccs5)c5nsnc45)s3)s2)c1||O=C1NC(=S)SC1=Cc1ccc(-c2cc3c(s2)-c2cc4c(cc2C3)-c2sc(-c3ccc(C=C5SC(=S)NC5=O)c5nsnc35)cc2C4)c2nsnc12
257,FC(C(F)=C(C1=NSN=C21)C3=CC(CC(CCCCCCCCCCCC)CCCCCCCCCC)=C(S3)C4=CC=C(S4)C5=CC=C(S5)C)=C2C6=CC(CC(CCCCCCCCCCCC)CCCCCCCCCC)=C(C)S6||O=C(C1=CC=CC=C1C/2=C(C#N)\C#N)C2=C/C3=CC4=C(C(C(C5=CC=C(CCCCCC)S5)(C6=C7C=C8C(C9=CC=C(S9)CCCCCC)(C%10=CC=C(S%10)CCCCCC)C%11=C(SC%12=C%11SC(/C=C%13C(C%14=CC=CC=C%14C\%13=C(C#N)\C#N)=O)=C%12)C8=C6)C(S%15)=CC=C%15CCCCCC)=C7S4)S3,FC(C(F)=C(C1=NSN=C21)C3=CC(CC(CCCCCCCCCCCC)CCCCCCCCCC)=C(S3)C4=CC=C(S4)C5=CC=C(S5)C)=C2C6=CC(CC(CCCCCCCCCCCC)CCCCCCCCCC)=C(C)S6,O=C(C1=CC=CC=C1C/2=C(C#N)\C#N)C2=C/C3=CC4=C(C(C(C5=CC=C(CCCCCC)S5)(C6=C7C=C8C(C9=CC=C(S9)CCCCCC)(C%10=CC=C(S%10)CCCCCC)C%11=C(SC%12=C%11SC(/C=C%13C(C%14=CC=CC=C%14C\%13=C(C#N)\C#N)=O)=C%12)C8=C6)C(S%15)=CC=C%15CCCCCC)=C7S4)S3,6.6,1,6.6,6.6,maximum,c1csc(-c2ccc(-c3ccc(-c4ccc(-c5cccs5)c5nsnc45)s3)s2)c1,C=C1C(=Cc2cc3sc4c(c3s2)C(c2cccs2)(c2cccs2)c2cc3c(cc2-4)C(c2cccs2)(c2cccs2)c2c-3sc3cc(C=C4C(=C)c5ccccc5C4=O)sc23)C(=O)c2ccccc21,c1csc(-c2ccc(-c3ccc(-c4ccc(-c5cccs5)c5nsnc45)s3)s2)c1||C=C1C(=Cc2cc3sc4c(c3s2)C(c2cccs2)(c2cccs2)c2cc3c(cc2-4)C(c2cccs2)(c2cccs2)c2c-3sc3cc(C=C4C(=C)c5ccccc5C4=O)sc23)C(=O)c2ccccc21
303,FC(C=C1C(S2)=C(CC(CCCCCC)CCCC)C=C2C3=CC(CC(CCCC)CCCCCC)=C(C)S3)=C(S1)C4=C(F)C=C(C)S4||O=C(/C(S1)=C/C(C2=NSN=C32)=CC=C3C(S4)=CC(C5(C6=CC=C(CCCCCC)C=C6)C7=CC=C(CCCCCC)C=C7)=C4C(C=C89)=C5C=C8C(SC(C%10=CC=C(/C=C%11SC(N(CC)C\%11=O)=S)C%12=NSN=C%10%12)=C%13)=C%13C9(C%14=CC=C(CCCCCC)C=C%14)C%15=CC=C(CCCCCC)C=C%15)N(CC)C1=S,FC(C=C1C(S2)=C(CC(CCCCCC)CCCC)C=C2C3=CC(CC(CCCC)CCCCCC)=C(C)S3)=C(S1)C4=C(F)C=C(C)S4,O=C(/C(S1)=C/C(C2=NSN=C32)=CC=C3C(S4)=CC(C5(C6=CC=C(CCCCCC)C=C6)C7=CC=C(CCCCCC)C=C7)=C4C(C=C89)=C5C=C8C(SC(C%10=CC=C(/C=C%11SC(N(CC)C\%11=O)=S)C%12=NSN=C%10%12)=C%13)=C%13C9(C%14=CC=C(CCCCCC)C=C%14)C%15=CC=C(CCCCCC)C=C%15)N(CC)C1=S,6.3,1,6.3,6.3,maximum,c1csc(-c2ccc(-c3ccc(-c4cccs4)s3)s2)c1,O=C1NC(=S)SC1=Cc1ccc(-c2cc3c(s2)-c2cc4c(cc2C3(c2ccccc2)c2ccccc2)-c2sc(-c3ccc(C=C5SC(=S)NC5=O)c5nsnc35)cc2C4(c2ccccc2)c2ccccc2)c2nsnc12,c1csc(-c2ccc(-c3ccc(-c4cccs4)s3)s2)c1||O=C1NC(=S)SC1=Cc1ccc(-c2cc3c(s2)-c2cc4c(cc2C3(c2ccccc2)c2ccccc2)-c2sc(-c3ccc(C=C5SC(=S)NC5=O)c5nsnc35)cc2C4(c2ccccc2)c2ccccc2)c2nsnc12
304,FC(C=C1C(S2)=C(CC(CCCCCC)CCCC)C=C2C3=CC(CC(CCCC)CCCCCC)=C(C)S3)=C(S1)C4=C(F)C=C(C5=C(CC(CCCCCC)CCCCCCCC)C=C(C6=CC(CC(CCCCCCCC)CCCCCC)=C(S6)C7=CC(F)=C(S7)C8=C(F)C=C(C)S8)S5)S4||O=C(/C(S1)=C/C(C2=NSN=C32)=CC=C3C(S4)=CC(C5(C6=CC=C(CCCCCC)C=C6)C7=CC=C(CCCCCC)C=C7)=C4C(C=C89)=C5C=C8C(SC(C%10=CC=C(/C=C%11SC(N(CC)C\%11=O)=S)C%12=NSN=C%10%12)=C%13)=C%13C9(C%14=CC=C(CCCCCC)C=C%14)C%15=CC=C(CCCCCC)C=C%15)N(CC)C1=S,FC(C=C1C(S2)=C(CC(CCCCCC)CCCC)C=C2C3=CC(CC(CCCC)CCCCCC)=C(C)S3)=C(S1)C4=C(F)C=C(C5=C(CC(CCCCCC)CCCCCCCC)C=C(C6=CC(CC(CCCCCCCC)CCCCCC)=C(S6)C7=CC(F)=C(S7)C8=C(F)C=C(C)S8)S5)S4,O=C(/C(S1)=C/C(C2=NSN=C32)=CC=C3C(S4)=CC(C5(C6=CC=C(CCCCCC)C=C6)C7=CC=C(CCCCCC)C=C7)=C4C(C=C89)=C5C=C8C(SC(C%10=CC=C(/C=C%11SC(N(CC)C\%11=O)=S)C%12=NSN=C%10%12)=C%13)=C%13C9(C%14=CC=C(CCCCCC)C=C%14)C%15=CC=C(CCCCCC)C=C%15)N(CC)C1=S,6.5,1,6.5,6.5,maximum,c1csc(-c2ccc(-c3ccc(-c4ccc(-c5ccc(-c6ccc(-c7ccc(-c8cccs8)s7)s6)s5)s4)s3)s2)c1,O=C1NC(=S)SC1=Cc1ccc(-c2cc3c(s2)-c2cc4c(cc2C3(c2ccccc2)c2ccccc2)-c2sc(-c3ccc(C=C5SC(=S)NC5=O)c5nsnc35)cc2C4(c2ccccc2)c2ccccc2)c2nsnc12,c1csc(-c2ccc(-c3ccc(-c4ccc(-c5ccc(-c6ccc(-c7ccc(-c8cccs8)s7)s6)s5)s4)s3)s2)c1||O=C1NC(=S)SC1=Cc1ccc(-c2cc3c(s2)-c2cc4c(cc2C3(c2ccccc2)c2ccccc2)-c2sc(-c3ccc(C=C5SC(=S)NC5=O)c5nsnc35)cc2C4(c2ccccc2)c2ccccc2)c2nsnc12
308,FC1=C(C(OCC(CCCC)CC)=O)SC2=CSC(C3=CC4=C(C5=C(C(C6=CC=C(CC(CC)CCCC)S6)=C4S3)C=CS5)C7=CC=C(CC(CC)CCCC)S7)=C12||C1(=S)N(C(=O)/C(=C/c2c3c(c(cc2)c2sc4c(c2)[C@](c2c4cc4c(c2)c2c([C@]4(C[C@H](CC)CCCC)C[C@@H](CC)CCCC)cc(s2)c2ccc(c4c2nsn4)/C=C/2\SC(=S)N(C2=O)CC)(C[C@@H](CCCC)CC)C[C@H](CCCC)CC)nsn3)/S1)CC,FC1=C(C(OCC(CCCC)CC)=O)SC2=CSC(C3=CC4=C(C5=C(C(C6=CC=C(CC(CC)CCCC)S6)=C4S3)C=CS5)C7=CC=C(CC(CC)CCCC)S7)=C12,C1(=S)N(C(=O)/C(=C/c2c3c(c(cc2)c2sc4c(c2)[C@](c2c4cc4c(c2)c2c([C@]4(C[C@H](CC)CCCC)C[C@@H](CC)CCCC)cc(s2)c2ccc(c4c2nsn4)/C=C/2\SC(=S)N(C2=O)CC)(C[C@@H](CCCC)CC)C[C@H](CCCC)CC)nsn3)/S1)CC,10.07,2,9.45,10.07,maximum,c1csc(-c2c3cc(-c4scc5sccc45)sc3c(-c3cccs3)c3ccsc23)c1,O=C1NC(=S)SC1=Cc1ccc(-c2cc3c(s2)-c2cc4c(cc2C3)-c2sc(-c3ccc(C=C5SC(=S)NC5=O)c5nsnc35)cc2C4)c2nsnc12,c1csc(-c2c3cc(-c4scc5sccc45)sc3c(-c3cccs3)c3ccsc23)c1||O=C1NC(=S)SC1=Cc1ccc(-c2cc3c(s2)-c2cc4c(cc2C3)-c2sc(-c3ccc(C=C5SC(=S)NC5=O)c5nsnc35)cc2C4)c2nsnc12
313,FC1=C(C(OCC(CCCC)CC)=O)SC2=CSC(C3=CC4=C(C5=C(C(C6=CC=C(CC(CC)CCCC)S6)=C4S3)C=CS5)C7=CC=C(CC(CC)CCCC)S7)=C12||CCCCCCC(C=C1)=CC=C1C2(C3=CC=C(C=C3)CCCCCC)C4=C(C5=C2C(SC6=C7C(C8=CC=C(C=C8)CCCCCC)(C9=C6SC%10=C9SC(/C=C%11C(C(C=CC=C%12F)=C%12C\%11=C(C#N)\C#N)=O)=C%10)C%13=CC=C(C=C%13)CCCCCC)=C7S5)SC%14=C4SC(/C=C(C(C%15=CC=CC(F)=C%15%16)=O)/C%16=C(C#N)/C#N)=C%14,FC1=C(C(OCC(CCCC)CC)=O)SC2=CSC(C3=CC4=C(C5=C(C(C6=CC=C(CC(CC)CCCC)S6)=C4S3)C=CS5)C7=CC=C(CC(CC)CCCC)S7)=C12,CCCCCCC(C=C1)=CC=C1C2(C3=CC=C(C=C3)CCCCCC)C4=C(C5=C2C(SC6=C7C(C8=CC=C(C=C8)CCCCCC)(C9=C6SC%10=C9SC(/C=C%11C(C(C=CC=C%12F)=C%12C\%11=C(C#N)\C#N)=O)=C%10)C%13=CC=C(C=C%13)CCCCCC)=C7S5)SC%14=C4SC(/C=C(C(C%15=CC=CC(F)=C%15%16)=O)/C%16=C(C#N)/C#N)=C%14,12.1,2,11.9,12.1,maximum,c1csc(-c2c3cc(-c4scc5sccc45)sc3c(-c3cccs3)c3ccsc23)c1,C=C1C(=Cc2cc3sc4c(c3s2)C(c2ccccc2)(c2ccccc2)c2c-4sc3c4c(sc23)-c2sc3cc(C=C5C(=C)c6ccccc6C5=O)sc3c2C4(c2ccccc2)c2ccccc2)C(=O)c2ccccc21,c1csc(-c2c3cc(-c4scc5sccc45)sc3c(-c3cccs3)c3ccsc23)c1||C=C1C(=Cc2cc3sc4c(c3s2)C(c2ccccc2)(c2ccccc2)c2c-4sc3c4c(sc23)-c2sc3cc(C=C5C(=C)c6ccccc6C5=O)sc3c2C4(c2ccccc2)c2ccccc2)C(=O)c2ccccc21
325,FC1=C(C(OCC(CCCC)CC)=O)SC2=CSC(C3=CC4=C(C5=C(C(C6=CC=C(CC(CC)CCCC)S6)=C4S3)C=CS5)C7=CC=C(CC(CC)CCCC)S7)=C12||FC1=C(F)C=C(C/2=C(C#N)\C#N)C(C(C2=C/C(S3)=CC(S4)=C3C5=C4C(SC6=C7SC8=C6OC(C9=C8CC%10=C9SC(/C=C%11C(C%12=CC(F)=C(F)C=C%12C\%11=C(C#N)/C#N)=O)=C%10)(C%13=CC=C(CCCCCC)C=C%13)C%14=CC=C(CCCCCC)C=C%14)=C7OC5(C%15=CC=C(CCCCCC)C=C%15)C%16=CC=C(CCCCCC)C=C%16)=O)=C1,FC1=C(C(OCC(CCCC)CC)=O)SC2=CSC(C3=CC4=C(C5=C(C(C6=CC=C(CC(CC)CCCC)S6)=C4S3)C=CS5)C7=CC=C(CC(CC)CCCC)S7)=C12,FC1=C(F)C=C(C/2=C(C#N)\C#N)C(C(C2=C/C(S3)=CC(S4)=C3C5=C4C(SC6=C7SC8=C6OC(C9=C8CC%10=C9SC(/C=C%11C(C%12=CC(F)=C(F)C=C%12C\%11=C(C#N)/C#N)=O)=C%10)(C%13=CC=C(CCCCCC)C=C%13)C%14=CC=C(CCCCCC)C=C%14)=C7OC5(C%15=CC=C(CCCCCC)C=C%15)C%16=CC=C(CCCCCC)C=C%16)=O)=C1,11.47,2,10.72,11.47,maximum,c1csc(-c2c3cc(-c4scc5sccc45)sc3c(-c3cccs3)c3ccsc23)c1,C=C1C(=Cc2cc3c(s2)C2=C(C3)c3sc4c5c(sc4c3OC2(c2ccccc2)c2ccccc2)-c2sc3cc(C=C4C(=C)c6ccccc6C4=O)sc3c2C(c2ccccc2)(c2ccccc2)O5)C(=O)c2ccccc21,c1csc(-c2c3cc(-c4scc5sccc45)sc3c(-c3cccs3)c3ccsc23)c1||C=C1C(=Cc2cc3c(s2)C2=C(C3)c3sc4c5c(sc4c3OC2(c2ccccc2)c2ccccc2)-c2sc3cc(C=C4C(=C)c6ccccc6C4=O)sc3c2C(c2ccccc2)(c2ccccc2)O5)C(=O)c2ccccc21
335,FC1=C(C(OCC(CCCC)CC)=O)SC2=CSC(C3=CC4=C(C5=C(C(C6=CC=C(CC(CC)CCCC)S6)=C4S3)C=CS5)C7=CC=C(CC(CC)CCCC)S7)=C12||O=C(/C(S1)=C/C(C2=NSN=C32)=CC=C3C(S4)=CC(C5(C6=CC=C(CCCCCC)C=C6)C7=CC=C(CCCCCC)C=C7)=C4C(C=C89)=C5C=C8C(SC(C%10=CC=C(/C=C%11SC(N(CC)C\%11=O)=S)C%12=NSN=C%10%12)=C%13)=C%13C9(C%14=CC=C(CCCCCC)C=C%14)C%15=CC=C(CCCCCC)C=C%15)N(CC)C1=S,FC1=C(C(OCC(CCCC)CC)=O)SC2=CSC(C3=CC4=C(C5=C(C(C6=CC=C(CC(CC)CCCC)S6)=C4S3)C=CS5)C7=CC=C(CC(CC)CCCC)S7)=C12,O=C(/C(S1)=C/C(C2=NSN=C32)=CC=C3C(S4)=CC(C5(C6=CC=C(CCCCCC)C=C6)C7=CC=C(CCCCCC)C=C7)=C4C(C=C89)=C5C=C8C(SC(C%10=CC=C(/C=C%11SC(N(CC)C\%11=O)=S)C%12=NSN=C%10%12)=C%13)=C%13C9(C%14=CC=C(CCCCCC)C=C%14)C%15=CC=C(CCCCCC)C=C%15)N(CC)C1=S,9.9,7,5.88,9.9,maximum,c1csc(-c2c3cc(-c4scc5sccc45)sc3c(-c3cccs3)c3ccsc23)c1,O=C1NC(=S)SC1=Cc1ccc(-c2cc3c(s2)-c2cc4c(cc2C3(c2ccccc2)c2ccccc2)-c2sc(-c3ccc(C=C5SC(=S)NC5=O)c5nsnc35)cc2C4(c2ccccc2)c2ccccc2)c2nsnc12,c1csc(-c2c3cc(-c4scc5sccc45)sc3c(-c3cccs3)c3ccsc23)c1||O=C1NC(=S)SC1=Cc1ccc(-c2cc3c(s2)-c2cc4c(cc2C3(c2ccccc2)c2ccccc2)-c2sc(-c3ccc(C=C5SC(=S)NC5=O)c5nsnc35)cc2C4(c2ccccc2)c2ccccc2)c2nsnc12
343,FC1=C(C(OCC(CCCC)CC)=O)SC2=CSC(C3=CC4=C(C5=C(C(C6=CC=C(CC(CC)CCCC)S6)=C4S3)C=CS5)C7=CC=C(CC(CC)CCCC)S7)=C12||O=C(C1=C(C=C(F)C(F)=C1)C/2=C(C#N)\C#N)C2=C/C3=CC(SC4=C5C(C6=CC(CCCCCC)=CC=C6)(C7=CC=C(CCCCCC)C=C7)C8=C4SC9=C8SC%10=C9C(C%11=CC=C(CCCCCC)C=C%11)(C%12=C%10SC%13=C%12SC(/C=C%14C(C%15=C(C=C(F)C(F)=C%15)C\%14=C(C#N)\C#N)=O)=C%13)C%16=CC=C(CCCCCC)C=C%16)=C5S3,FC1=C(C(OCC(CCCC)CC)=O)SC2=CSC(C3=CC4=C(C5=C(C(C6=CC=C(CC(CC)CCCC)S6)=C4S3)C=CS5)C7=CC=C(CC(CC)CCCC)S7)=C12,O=C(C1=C(C=C(F)C(F)=C1)C/2=C(C#N)\C#N)C2=C/C3=CC(SC4=C5C(C6=CC(CCCCCC)=CC=C6)(C7=CC=C(CCCCCC)C=C7)C8=C4SC9=C8SC%10=C9C(C%11=CC=C(CCCCCC)C=C%11)(C%12=C%10SC%13=C%12SC(/C=C%14C(C%15=C(C=C(F)C(F)=C%15)C\%14=C(C#N)\C#N)=O)=C%13)C%16=CC=C(CCCCCC)C=C%16)=C5S3,10.3,2,9.55,10.3,maximum,c1csc(-c2c3cc(-c4scc5sccc45)sc3c(-c3cccs3)c3ccsc23)c1,C=C1C(=Cc2cc3sc4c(c3s2)C(c2ccccc2)(c2ccccc2)c2c-4sc3c4c(sc23)-c2sc3cc(C=C5C(=C)c6ccccc6C5=O)sc3c2C4(c2ccccc2)c2ccccc2)C(=O)c2ccccc21,c1csc(-c2c3cc(-c4scc5sccc45)sc3c(-c3cccs3)c3ccsc23)c1||C=C1C(=Cc2cc3sc4c(c3s2)C(c2ccccc2)(c2ccccc2)c2c-4sc3c4c(sc23)-c2sc3cc(C=C5C(=C)c6ccccc6C5=O)sc3c2C4(c2ccccc2)c2ccccc2)C(=O)c2ccccc21
345,FC1=C(C(OCC(CCCC)CC)=O)SC2=CSC(C3=CC4=C(C5=C(C(C6=CC=C(CC(CC)CCCC)S6)=C4S3)C=CS5)C7=CC=C(CC(CC)CCCC)S7)=C12||O=C(C1=C(C=CC=C1)C/2=C(C#N)\C#N)C2=C/C3=CC4=C(C(C5(C6=CC=C(CCCCCC)C=C6)C7=CC=C(CCCCCC)C=C7)=C(C8=C5C(SC9=C%10C(C%11=CC=C(CCCCCC)C=C%11)(C%12=C9SC%13=C%12SC(/C=C%14C(C%15=C(C=CC=C%15)C\%14=C(C#N)\C#N)=O)=C%13)C%16=CC=C(CCCCCC)C=C%16)=C%10S8)S4)S3,FC1=C(C(OCC(CCCC)CC)=O)SC2=CSC(C3=CC4=C(C5=C(C(C6=CC=C(CC(CC)CCCC)S6)=C4S3)C=CS5)C7=CC=C(CC(CC)CCCC)S7)=C12,O=C(C1=C(C=CC=C1)C/2=C(C#N)\C#N)C2=C/C3=CC4=C(C(C5(C6=CC=C(CCCCCC)C=C6)C7=CC=C(CCCCCC)C=C7)=C(C8=C5C(SC9=C%10C(C%11=CC=C(CCCCCC)C=C%11)(C%12=C9SC%13=C%12SC(/C=C%14C(C%15=C(C=CC=C%15)C\%14=C(C#N)\C#N)=O)=C%13)C%16=CC=C(CCCCCC)C=C%16)=C%10S8)S4)S3,11.07,1,11.07,11.07,maximum,c1csc(-c2c3cc(-c4scc5sccc45)sc3c(-c3cccs3)c3ccsc23)c1,C=C1C(=Cc2cc3sc4c(c3s2)C(c2ccccc2)(c2ccccc2)c2c-4sc3c4c(sc23)-c2sc3cc(C=C5C(=C)c6ccccc6C5=O)sc3c2C4(c2ccccc2)c2ccccc2)C(=O)c2ccccc21,c1csc(-c2c3cc(-c4scc5sccc45)sc3c(-c3cccs3)c3ccsc23)c1||C=C1C(=Cc2cc3sc4c(c3s2)C(c2ccccc2)(c2ccccc2)c2c-4sc3c4c(sc23)-c2sc3cc(C=C5C(=C)c6ccccc6C5=O)sc3c2C4(c2ccccc2)c2ccccc2)C(=O)c2ccccc21
373,FC1=C(C(OCC(CCCC)CC)=O)SC2=CSC(C3=CC4=C(C5=C(C(C6=CC=C(CC(CC)CCCC)S6)=C4S3)C=CS5)C7=CC=C(CC(CC)CCCC)S7)=C12||S=C(N(C/1=O)CC)SC1=C\C(C2=NSN=C32)=CC=C3C4=CC(C5(C6=CC=C(C=C6)CCCCCC)C(C=C7)=CC=C7CCCCCC)=C(C8=CC9=C(C%10=C(C9(C%11=CC=C(C=C%11)CCCCCC)C%12=CC=C(C=C%12)CCCCCC)C=C(C%13=CC=C(C%14=NSN=C%13%14)/C=C%15SC(N(C/%15=O)CC)=S)S%10)C=C85)S4,FC1=C(C(OCC(CCCC)CC)=O)SC2=CSC(C3=CC4=C(C5=C(C(C6=CC=C(CC(CC)CCCC)S6)=C4S3)C=CS5)C7=CC=C(CC(CC)CCCC)S7)=C12,S=C(N(C/1=O)CC)SC1=C\C(C2=NSN=C32)=CC=C3C4=CC(C5(C6=CC=C(C=C6)CCCCCC)C(C=C7)=CC=C7CCCCCC)=C(C8=CC9=C(C%10=C(C9(C%11=CC=C(C=C%11)CCCCCC)C%12=CC=C(C=C%12)CCCCCC)C=C(C%13=CC=C(C%14=NSN=C%13%14)/C=C%15SC(N(C/%15=O)CC)=S)S%10)C=C85)S4,7.31,1,7.31,7.31,maximum,c1csc(-c2c3cc(-c4scc5sccc45)sc3c(-c3cccs3)c3ccsc23)c1,O=C1NC(=S)SC1=Cc1ccc(-c2cc3c(s2)-c2cc4c(cc2C3(c2ccccc2)c2ccccc2)-c2sc(-c3ccc(C=C5SC(=S)NC5=O)c5nsnc35)cc2C4(c2ccccc2)c2ccccc2)c2nsnc12,c1csc(-c2c3cc(-c4scc5sccc45)sc3c(-c3cccs3)c3ccsc23)c1||O=C1NC(=S)SC1=Cc1ccc(-c2cc3c(s2)-c2cc4c(cc2C3(c2ccccc2)c2ccccc2)-c2sc(-c3ccc(C=C5SC(=S)NC5=O)c5nsnc35)cc2C4(c2ccccc2)c2ccccc2)c2nsnc12
377,FC1=C(C(OCC(CCCC)CC)=O)SC2=CSC(C3=CC4=C(C5=C(C(C6=CC=C(CC(CC)CCCC)S6)=C4S3)C=CS5)C7=CC=C(CC(CC)CCCC)S7)=C12||c1(cc2c(cc1F)C(=O)/C(=C\c1cc3c(s1)c1c(s3)c3c([C@@]1(c1ccc(cc1)C[C@H](CCCC)CC)c1ccc(cc1)C[C@@H](CCCC)CC)c1c(s3)c3c(s1)c1c([C@@]3(c3ccc(cc3)C[C@@H](CCCC)CC)c3ccc(cc3)C[C@H](CCCC)CC)c3c(s1)cc(s3)/C=C/1\C(=O)c3c(C1=C(C#N)C#N)cc(c(c3)F)F)/C2=C(C#N)C#N)F,FC1=C(C(OCC(CCCC)CC)=O)SC2=CSC(C3=CC4=C(C5=C(C(C6=CC=C(CC(CC)CCCC)S6)=C4S3)C=CS5)C7=CC=C(CC(CC)CCCC)S7)=C12,c1(cc2c(cc1F)C(=O)/C(=C\c1cc3c(s1)c1c(s3)c3c([C@@]1(c1ccc(cc1)C[C@H](CCCC)CC)c1ccc(cc1)C[C@@H](CCCC)CC)c1c(s3)c3c(s1)c1c([C@@]3(c3ccc(cc3)C[C@@H](CCCC)CC)c3ccc(cc3)C[C@H](CCCC)CC)c3c(s1)cc(s3)/C=C/1\C(=O)c3c(C1=C(C#N)C#N)cc(c(c3)F)F)/C2=C(C#N)C#N)F,12.21,1,12.21,12.21,maximum,c1csc(-c2c3cc(-c4scc5sccc45)sc3c(-c3cccs3)c3ccsc23)c1,C=C1C(=Cc2cc3sc4c(c3s2)C(c2ccccc2)(c2ccccc2)c2c-4sc3c4c(sc23)-c2sc3cc(C=C5C(=C)c6ccccc6C5=O)sc3c2C4(c2ccccc2)c2ccccc2)C(=O)c2ccccc21,c1csc(-c2c3cc(-c4scc5sccc45)sc3c(-c3cccs3)c3ccsc23)c1||C=C1C(=Cc2cc3sc4c(c3s2)C(c2ccccc2)(c2ccccc2)c2c-4sc3c4c(sc23)-c2sc3cc(C=C5C(=C)c6ccccc6C5=O)sc3c2C4(c2ccccc2)c2ccccc2)C(=O)c2ccccc21
379,FC1=C(C(OCC(CCCC)CC)=O)SC2=CSC(C3=CC4=C(C5=C(C(C6=CC=C(CC(CC)CCCC)S6)=C4S3)C=CS5)C7=CC=C(CC(CC)CCCC)S7)=C12||c12cc(c(cc1C(=O)/C(=C\c1sc3c(c1)[Si](c1c3sc3c1sc1c3[Si](c3c1sc(c3)/C=C\1/C(=C(C#N)C#N)c3c(C1=O)cc(c(c3)F)F)(CCCCCCCC)CCCCCCCC)(CCCCCCCC)CCCCCCCC)/C2=C(C#N)C#N)F)F,FC1=C(C(OCC(CCCC)CC)=O)SC2=CSC(C3=CC4=C(C5=C(C(C6=CC=C(CC(CC)CCCC)S6)=C4S3)C=CS5)C7=CC=C(CC(CC)CCCC)S7)=C12,c12cc(c(cc1C(=O)/C(=C\c1sc3c(c1)[Si](c1c3sc3c1sc1c3[Si](c3c1sc(c3)/C=C\1/C(=C(C#N)C#N)c3c(C1=O)cc(c(c3)F)F)(CCCCCCCC)CCCCCCCC)(CCCCCCCC)CCCCCCCC)/C2=C(C#N)C#N)F)F,6.15,1,6.15,6.15,maximum,c1csc(-c2c3cc(-c4scc5sccc45)sc3c(-c3cccs3)c3ccsc23)c1,C=C1C(=Cc2cc3c(s2)-c2sc4c5c(sc4c2[SiH2]3)-c2sc(C=C3C(=C)c4ccccc4C3=O)cc2[SiH2]5)C(=O)c2ccccc21,c1csc(-c2c3cc(-c4scc5sccc45)sc3c(-c3cccs3)c3ccsc23)c1||C=C1C(=Cc2cc3c(s2)-c2sc4c5c(sc4c2[SiH2]3)-c2sc(C=C3C(=C)c4ccccc4C3=O)cc2[SiH2]5)C(=O)c2ccccc21
396,FC1=C(C2=CC(CC(CCCCCCCCC)CCCCCCCCCCC)=C(C)S2)C3=NSN=C3C(C4=CC(CC(CCCCCCCCCCC)CCCCCCCCC)=C(S4)C5=CC(SC(C)=C6)=C6S5)=C1F||O=C(/C(S1)=C/C(C2=NSN=C32)=CC=C3C(S4)=CC(C5(C6=CC=C(CCCCCC)C=C6)C7=CC=C(CCCCCC)C=C7)=C4C(C=C89)=C5C=C8C(SC(C%10=CC=C(/C=C%11SC(N(CC)C\%11=O)=S)C%12=NSN=C%10%12)=C%13)=C%13C9(C%14=CC=C(CCCCCC)C=C%14)C%15=CC=C(CCCCCC)C=C%15)N(CC)C1=S,FC1=C(C2=CC(CC(CCCCCCCCC)CCCCCCCCCCC)=C(C)S2)C3=NSN=C3C(C4=CC(CC(CCCCCCCCCCC)CCCCCCCCC)=C(S4)C5=CC(SC(C)=C6)=C6S5)=C1F,O=C(/C(S1)=C/C(C2=NSN=C32)=CC=C3C(S4)=CC(C5(C6=CC=C(CCCCCC)C=C6)C7=CC=C(CCCCCC)C=C7)=C4C(C=C89)=C5C=C8C(SC(C%10=CC=C(/C=C%11SC(N(CC)C\%11=O)=S)C%12=NSN=C%10%12)=C%13)=C%13C9(C%14=CC=C(CCCCCC)C=C%14)C%15=CC=C(CCCCCC)C=C%15)N(CC)C1=S,10.4,1,10.4,10.4,maximum,c1csc(-c2ccc(-c3ccc(-c4cc5sccc5s4)s3)c3nsnc23)c1,O=C1NC(=S)SC1=Cc1ccc(-c2cc3c(s2)-c2cc4c(cc2C3(c2ccccc2)c2ccccc2)-c2sc(-c3ccc(C=C5SC(=S)NC5=O)c5nsnc35)cc2C4(c2ccccc2)c2ccccc2)c2nsnc12,c1csc(-c2ccc(-c3ccc(-c4cc5sccc5s4)s3)c3nsnc23)c1||O=C1NC(=S)SC1=Cc1ccc(-c2cc3c(s2)-c2cc4c(cc2C3(c2ccccc2)c2ccccc2)-c2sc(-c3ccc(C=C5SC(=S)NC5=O)c5nsnc35)cc2C4(c2ccccc2)c2ccccc2)c2nsnc12
404,FC1=C(C2=CC=C(C3=CC4=C(C5=CC=C(CC(CCCC)CC)S5)C(SC(C)=C6)=C6C(C7=CC=C(CC(CCCC)CC)S7)=C4S3)S2)C8=NN(CC(CCCCCC)CCCCCCCC)N=C8C(C9=CC=C(C%10=CC(C(C%11=CC=C(CC(CCCC)CC)S%11)=C(S%12)C(C=C%12C)=C%13C%14SC(CC(CCCC)CC)=CC%14)=C%13S%10)S9)=C1F||FC1=CC2=C(C(/C(C2=O)=C/C3=CC(OCC(CC)CCCC)=C(S3)C4=CC5=C(S4)C6=CC(C7(C8=CC=C(CCCCCC)C=C8)C9=CC=C(CCCCCC)C=C9)=C(C%10=C7C=C(S%10)C%11=C(OCC(CC)CCCC)C=C(S%11)/C=C(/C(C%12=C%13C=C(F)C(F)=C%12)=C(C#N)\C#N)C%13=O)C=C6C5(C%14=CC=C(CCCCCC)C=C%14)C%15=CC=C(CCCCCC)C=C%15)=C(C#N)/C#N)C=C1F,FC1=C(C2=CC=C(C3=CC4=C(C5=CC=C(CC(CCCC)CC)S5)C(SC(C)=C6)=C6C(C7=CC=C(CC(CCCC)CC)S7)=C4S3)S2)C8=NN(CC(CCCCCC)CCCCCCCC)N=C8C(C9=CC=C(C%10=CC(C(C%11=CC=C(CC(CCCC)CC)S%11)=C(S%12)C(C=C%12C)=C%13C%14SC(CC(CCCC)CC)=CC%14)=C%13S%10)S9)=C1F,FC1=CC2=C(C(/C(C2=O)=C/C3=CC(OCC(CC)CCCC)=C(S3)C4=CC5=C(S4)C6=CC(C7(C8=CC=C(CCCCCC)C=C8)C9=CC=C(CCCCCC)C=C9)=C(C%10=C7C=C(S%10)C%11=C(OCC(CC)CCCC)C=C(S%11)/C=C(/C(C%12=C%13C=C(F)C(F)=C%12)=C(C#N)\C#N)C%13=O)C=C6C5(C%14=CC=C(CCCCCC)C=C%14)C%15=CC=C(CCCCCC)C=C%15)=C(C#N)/C#N)C=C1F,9.21,2,8.2,9.21,maximum,C1=CSC(c2c3ccsc3c(-c3cccs3)c3cc(-c4ccc(-c5ccc(-c6ccc(-c7cc8c(-c9cccs9)c9sccc9c(-c9cccs9)c8s7)s6)c6n[nH]nc56)s4)sc23)C1,C=C1C(=Cc2ccc(-c3cc4c(s3)-c3cc5c(cc3C4(c3ccccc3)c3ccccc3)-c3sc(-c4ccc(C=C6C(=C)c7ccccc7C6=O)s4)cc3C5(c3ccccc3)c3ccccc3)s2)C(=O)c2ccccc21,C1=CSC(c2c3ccsc3c(-c3cccs3)c3cc(-c4ccc(-c5ccc(-c6ccc(-c7cc8c(-c9cccs9)c9sccc9c(-c9cccs9)c8s7)s6)c6n[nH]nc56)s4)sc23)C1||C=C1C(=Cc2ccc(-c3cc4c(s3)-c3cc5c(cc3C4(c3ccccc3)c3ccccc3)-c3sc(-c4ccc(C=C6C(=C)c7ccccc7C6=O)s4)cc3C5(c3ccccc3)c3ccccc3)s2)C(=O)c2ccccc21
405,FC1=C(C2=CC=C(C3=CC4=C(C5=CC=C(CC(CCCC)CC)S5)C(SC(C)=C6)=C6C(C7=CC=C(CC(CCCC)CC)S7)=C4S3)S2)C8=NN(CC(CCCCCC)CCCCCCCC)N=C8C(C9=CC=C(C%10=CC(C(C%11=CC=C(CC(CCCC)CC)S%11)=C(S%12)C(C=C%12C)=C%13C%14SC(CC(CCCC)CC)=CC%14)=C%13S%10)S9)=C1F||O=C(/C(S/1)=C\C(C2=NN(N=C32)CCCCCCCC)=CC=C3C4=CC5=C(S4)C6=CC7=C(C=C6C5(C8=CC=C(C=C8)CCCCCC)C9=CC=C(C=C9)CCCCCC)C(SC(C(C%10=NN(CCCCCCCC)N=C%11%10)=CC=C%11/C=C%12S/C(N(C\%12=O)CC)=C(C#N)/C#N)=C%13)=C%13C7(C%14=CC=C(CCCCCC)C=C%14)C%15=CC=C(CCCCCC)C=C%15)N(CC)C1=C(C#N)/C#N,FC1=C(C2=CC=C(C3=CC4=C(C5=CC=C(CC(CCCC)CC)S5)C(SC(C)=C6)=C6C(C7=CC=C(CC(CCCC)CC)S7)=C4S3)S2)C8=NN(CC(CCCCCC)CCCCCCCC)N=C8C(C9=CC=C(C%10=CC(C(C%11=CC=C(CC(CCCC)CC)S%11)=C(S%12)C(C=C%12C)=C%13C%14SC(CC(CCCC)CC)=CC%14)=C%13S%10)S9)=C1F,O=C(/C(S/1)=C\C(C2=NN(N=C32)CCCCCCCC)=CC=C3C4=CC5=C(S4)C6=CC7=C(C=C6C5(C8=CC=C(C=C8)CCCCCC)C9=CC=C(C=C9)CCCCCC)C(SC(C(C%10=NN(CCCCCCCC)N=C%11%10)=CC=C%11/C=C%12S/C(N(C\%12=O)CC)=C(C#N)/C#N)=C%13)=C%13C7(C%14=CC=C(CCCCCC)C=C%14)C%15=CC=C(CCCCCC)C=C%15)N(CC)C1=C(C#N)/C#N,9.41,1,9.41,9.41,maximum,C1=CSC(c2c3ccsc3c(-c3cccs3)c3cc(-c4ccc(-c5ccc(-c6ccc(-c7cc8c(-c9cccs9)c9sccc9c(-c9cccs9)c8s7)s6)c6n[nH]nc56)s4)sc23)C1,C=c1[nH]c(=O)c(=Cc2ccc(-c3cc4c(s3)-c3cc5c(cc3C4(c3ccccc3)c3ccccc3)-c3sc(-c4ccc(C=c6sc(=C)[nH]c6=O)c6n[nH]nc46)cc3C5(c3ccccc3)c3ccccc3)c3n[nH]nc23)s1,C1=CSC(c2c3ccsc3c(-c3cccs3)c3cc(-c4ccc(-c5ccc(-c6ccc(-c7cc8c(-c9cccs9)c9sccc9c(-c9cccs9)c8s7)s6)c6n[nH]nc56)s4)sc23)C1||C=c1[nH]c(=O)c(=Cc2ccc(-c3cc4c(s3)-c3cc5c(cc3C4(c3ccccc3)c3ccccc3)-c3sc(-c4ccc(C=c6sc(=C)[nH]c6=O)c6n[nH]nc46)cc3C5(c3ccccc3)c3ccccc3)c3n[nH]nc23)s1
406,FC1=C(C2=CC=C(C3=CC4=C(C5=CC=C(CC(CCCC)CC)S5)C(SC(C)=C6)=C6C(C7=CC=C(CC(CCCC)CC)S7)=C4S3)S2)C8=NN(CC(CCCCCC)CCCCCCCC)N=C8C(C9=CC=C(C%10=CC(C(C%11=CC=C(CC(CCCC)CC)S%11)=C(S%12)C(C=C%12C)=C%13C%14SC(CC(CCCC)CC)=CC%14)=C%13S%10)S9)=C1F||O=C(C(C(Cl)=C(Cl)C=C1)=C1C/2=C(C#N)\C#N)C2=C\C3=CSC(C4=CC5=C(C(C=C6C(C7=CC=C(C=C7)CCCCCC)(C8=CC=C(C=C8)CCCCCC)C9=C(SC(C%10=C(OCCCCCCCC)C(/C=C%11C(C(C=C(Cl)C(Cl)=C%12)=C%12C/%11=C(C#N)/C#N)=O)=CS%10)=C9)C6=C%13)=C%13C5(C%14=CC=C(CCCCCC)C=C%14)C(C=C%15)=CC=C%15CCCCCC)S4)=C3OCCCCCCCC,FC1=C(C2=CC=C(C3=CC4=C(C5=CC=C(CC(CCCC)CC)S5)C(SC(C)=C6)=C6C(C7=CC=C(CC(CCCC)CC)S7)=C4S3)S2)C8=NN(CC(CCCCCC)CCCCCCCC)N=C8C(C9=CC=C(C%10=CC(C(C%11=CC=C(CC(CCCC)CC)S%11)=C(S%12)C(C=C%12C)=C%13C%14SC(CC(CCCC)CC)=CC%14)=C%13S%10)S9)=C1F,O=C(C(C(Cl)=C(Cl)C=C1)=C1C/2=C(C#N)\C#N)C2=C\C3=CSC(C4=CC5=C(C(C=C6C(C7=CC=C(C=C7)CCCCCC)(C8=CC=C(C=C8)CCCCCC)C9=C(SC(C%10=C(OCCCCCCCC)C(/C=C%11C(C(C=C(Cl)C(Cl)=C%12)=C%12C/%11=C(C#N)/C#N)=O)=CS%10)=C9)C6=C%13)=C%13C5(C%14=CC=C(CCCCCC)C=C%14)C(C=C%15)=CC=C%15CCCCCC)S4)=C3OCCCCCCCC,12.16,1,12.16,12.16,maximum,C1=CSC(c2c3ccsc3c(-c3cccs3)c3cc(-c4ccc(-c5ccc(-c6ccc(-c7cc8c(-c9cccs9)c9sccc9c(-c9cccs9)c8s7)s6)c6n[nH]nc56)s4)sc23)C1,C=C1C(=Cc2csc(-c3cc4c(s3)-c3cc5c(cc3C4(c3ccccc3)c3ccccc3)-c3sc(-c4cc(C=C6C(=C)c7ccccc7C6=O)cs4)cc3C5(c3ccccc3)c3ccccc3)c2)C(=O)c2ccccc21,C1=CSC(c2c3ccsc3c(-c3cccs3)c3cc(-c4ccc(-c5ccc(-c6ccc(-c7cc8c(-c9cccs9)c9sccc9c(-c9cccs9)c8s7)s6)c6n[nH]nc56)s4)sc23)C1||C=C1C(=Cc2csc(-c3cc4c(s3)-c3cc5c(cc3C4(c3ccccc3)c3ccccc3)-c3sc(-c4cc(C=C6C(=C)c7ccccc7C6=O)cs4)cc3C5(c3ccccc3)c3ccccc3)c2)C(=O)c2ccccc21
407,FC1=C(C2=CC=C(C3=CC4=C(C5=CC=C(CC(CCCC)CC)S5)C(SC(C)=C6)=C6C(C7=CC=C(CC(CCCC)CC)S7)=C4S3)S2)C8=NN(CC(CCCCCC)CCCCCCCC)N=C8C(C9=CC=C(C%10=CC(C(C%11=CC=C(CC(CCCC)CC)S%11)=C(S%12)C(C=C%12C)=C%13C%14SC(CC(CCCC)CC)=CC%14)=C%13S%10)S9)=C1F||O=C(C(C=C(C([H])=C1)[H])=C1C/2=C(C#N)/C#N)C2=C/C3=CC4=C(S3)C5=CC6=C(C=C5C4(C7=CC=C(CC(CCCCCC)CCCC)C=C7)C8=CC=C(CC(CCCCCC)CCCC)C=C8)C9=C(C=C%10C%11=C(C=C(S%11)/C=C%12C(C(C=C(C([H])=C%13)[H])=C%13C\%12=C(C#N)/C#N)=O)C(C%14=CC=C(CC(CCCCCC)CCCC)C=C%14)(C%15=CC=C(CC(CCCCCC)CCCC)C=C%15)C%10=C9)S6,FC1=C(C2=CC=C(C3=CC4=C(C5=CC=C(CC(CCCC)CC)S5)C(SC(C)=C6)=C6C(C7=CC=C(CC(CCCC)CC)S7)=C4S3)S2)C8=NN(CC(CCCCCC)CCCCCCCC)N=C8C(C9=CC=C(C%10=CC(C(C%11=CC=C(CC(CCCC)CC)S%11)=C(S%12)C(C=C%12C)=C%13C%14SC(CC(CCCC)CC)=CC%14)=C%13S%10)S9)=C1F,O=C(C(C=C(C([H])=C1)[H])=C1C/2=C(C#N)/C#N)C2=C/C3=CC4=C(S3)C5=CC6=C(C=C5C4(C7=CC=C(CC(CCCCCC)CCCC)C=C7)C8=CC=C(CC(CCCCCC)CCCC)C=C8)C9=C(C=C%10C%11=C(C=C(S%11)/C=C%12C(C(C=C(C([H])=C%13)[H])=C%13C\%12=C(C#N)/C#N)=O)C(C%14=CC=C(CC(CCCCCC)CCCC)C=C%14)(C%15=CC=C(CC(CCCCCC)CCCC)C=C%15)C%10=C9)S6,8.64,1,8.64,8.64,maximum,C1=CSC(c2c3ccsc3c(-c3cccs3)c3cc(-c4ccc(-c5ccc(-c6ccc(-c7cc8c(-c9cccs9)c9sccc9c(-c9cccs9)c8s7)s6)c6n[nH]nc56)s4)sc23)C1,C=C1C(=Cc2cc3c(s2)-c2cc4sc5cc6c(cc5c4cc2C3(c2ccccc2)c2ccccc2)C(c2ccccc2)(c2ccccc2)c2cc(C=C3C(=C)c4ccccc4C3=O)sc2-6)C(=O)c2ccccc21,C1=CSC(c2c3ccsc3c(-c3cccs3)c3cc(-c4ccc(-c5ccc(-c6ccc(-c7cc8c(-c9cccs9)c9sccc9c(-c9cccs9)c8s7)s6)c6n[nH]nc56)s4)sc23)C1||C=C1C(=Cc2cc3c(s2)-c2cc4sc5cc6c(cc5c4cc2C3(c2ccccc2)c2ccccc2)C(c2ccccc2)(c2ccccc2)c2cc(C=C3C(=C)c4ccccc4C3=O)sc2-6)C(=O)c2ccccc21
408,FC1=C(C2=CC=C(C3=CC4=C(C5=CC=C(CC(CCCC)CC)S5)C(SC(C)=C6)=C6C(C7=CC=C(CC(CCCC)CC)S7)=C4S3)S2)C8=NN(CC(CCCCCC)CCCCCCCC)N=C8C(C9=CC=C(C%10=CC(C(C%11=CC=C(CC(CCCC)CC)S%11)=C(S%12)C(C=C%12C)=C%13C%14SC(CC(CCCC)CC)=CC%14)=C%13S%10)S9)=C1F||O=C(C(C=C(Cl)C(Cl)=C1)=C1C/2=C(C#N)/C#N)C2=C/C3=CC(C4(CC(CCCC)CC)CC(CCCC)CC)=C(S3)C(S5)=C4C=C5C6=C7N=C(C8=CC=C(C=C8)CCCCCC)C(C9=CC=C(C=C9)CCCCCC)=NC7=C(C=C6)C%10=CC(C%11(CC(CCCC)CC)CC(CCCC)CC)=C(S%10)C(S%12)=C%11C=C%12/C=C(C%13=O)/C(C%14=C%13C=C(Cl)C(Cl)=C%14)=C(C#N)/C#N,FC1=C(C2=CC=C(C3=CC4=C(C5=CC=C(CC(CCCC)CC)S5)C(SC(C)=C6)=C6C(C7=CC=C(CC(CCCC)CC)S7)=C4S3)S2)C8=NN(CC(CCCCCC)CCCCCCCC)N=C8C(C9=CC=C(C%10=CC(C(C%11=CC=C(CC(CCCC)CC)S%11)=C(S%12)C(C=C%12C)=C%13C%14SC(CC(CCCC)CC)=CC%14)=C%13S%10)S9)=C1F,O=C(C(C=C(Cl)C(Cl)=C1)=C1C/2=C(C#N)/C#N)C2=C/C3=CC(C4(CC(CCCC)CC)CC(CCCC)CC)=C(S3)C(S5)=C4C=C5C6=C7N=C(C8=CC=C(C=C8)CCCCCC)C(C9=CC=C(C=C9)CCCCCC)=NC7=C(C=C6)C%10=CC(C%11(CC(CCCC)CC)CC(CCCC)CC)=C(S%10)C(S%12)=C%11C=C%12/C=C(C%13=O)/C(C%14=C%13C=C(Cl)C(Cl)=C%14)=C(C#N)/C#N,10.81,1,10.81,10.81,maximum,C1=CSC(c2c3ccsc3c(-c3cccs3)c3cc(-c4ccc(-c5ccc(-c6ccc(-c7cc8c(-c9cccs9)c9sccc9c(-c9cccs9)c8s7)s6)c6n[nH]nc56)s4)sc23)C1,C=C1C(=Cc2cc3c(s2)-c2sc(-c4ccc(-c5cc6c(s5)-c5sc(C=C7C(=C)c8ccccc8C7=O)cc5C6)c5nc(-c6ccccc6)c(-c6ccccc6)nc45)cc2C3)C(=O)c2ccccc21,C1=CSC(c2c3ccsc3c(-c3cccs3)c3cc(-c4ccc(-c5ccc(-c6ccc(-c7cc8c(-c9cccs9)c9sccc9c(-c9cccs9)c8s7)s6)c6n[nH]nc56)s4)sc23)C1||C=C1C(=Cc2cc3c(s2)-c2sc(-c4ccc(-c5cc6c(s5)-c5sc(C=C7C(=C)c8ccccc8C7=O)cc5C6)c5nc(-c6ccccc6)c(-c6ccccc6)nc45)cc2C3)C(=O)c2ccccc21
409,FC1=C(C2=CC=C(C3=CC4=C(C5=CC=C(CC(CCCC)CC)S5)C(SC(C)=C6)=C6C(C7=CC=C(CC(CCCC)CC)S7)=C4S3)S2)C8=NN(CC(CCCCCC)CCCCCCCC)N=C8C(C9=CC=C(C%10=CC(C(C%11=CC=C(CC(CCCC)CC)S%11)=C(S%12)C(C=C%12C)=C%13C%14SC(CC(CCCC)CC)=CC%14)=C%13S%10)S9)=C1F||O=C(C(C=C(Cl)C=C1)=C1C/2=C(C#N)\C#N)C2=C\C3=CSC(C4=CC5=C(C(C=C6C(C7=CC=C(C=C7)CCCCCC)(C8=CC=C(C=C8)CCCCCC)C9=C(SC(C%10=C(OCCCCCCCC)C(/C=C%11C(C(C=C(Cl)C=C%12)=C%12C/%11=C(C#N)/C#N)=O)=CS%10)=C9)C6=C%13)=C%13C5(C%14=CC=C(CCCCCC)C=C%14)C(C=C%15)=CC=C%15CCCCCC)S4)=C3OCCCCCCCC,FC1=C(C2=CC=C(C3=CC4=C(C5=CC=C(CC(CCCC)CC)S5)C(SC(C)=C6)=C6C(C7=CC=C(CC(CCCC)CC)S7)=C4S3)S2)C8=NN(CC(CCCCCC)CCCCCCCC)N=C8C(C9=CC=C(C%10=CC(C(C%11=CC=C(CC(CCCC)CC)S%11)=C(S%12)C(C=C%12C)=C%13C%14SC(CC(CCCC)CC)=CC%14)=C%13S%10)S9)=C1F,O=C(C(C=C(Cl)C=C1)=C1C/2=C(C#N)\C#N)C2=C\C3=CSC(C4=CC5=C(C(C=C6C(C7=CC=C(C=C7)CCCCCC)(C8=CC=C(C=C8)CCCCCC)C9=C(SC(C%10=C(OCCCCCCCC)C(/C=C%11C(C(C=C(Cl)C=C%12)=C%12C/%11=C(C#N)/C#N)=O)=CS%10)=C9)C6=C%13)=C%13C5(C%14=CC=C(CCCCCC)C=C%14)C(C=C%15)=CC=C%15CCCCCC)S4)=C3OCCCCCCCC,11.45,1,11.45,11.45,maximum,C1=CSC(c2c3ccsc3c(-c3cccs3)c3cc(-c4ccc(-c5ccc(-c6ccc(-c7cc8c(-c9cccs9)c9sccc9c(-c9cccs9)c8s7)s6)c6n[nH]nc56)s4)sc23)C1,C=C1C(=Cc2csc(-c3cc4c(s3)-c3cc5c(cc3C4(c3ccccc3)c3ccccc3)-c3sc(-c4cc(C=C6C(=C)c7ccccc7C6=O)cs4)cc3C5(c3ccccc3)c3ccccc3)c2)C(=O)c2ccccc21,C1=CSC(c2c3ccsc3c(-c3cccs3)c3cc(-c4ccc(-c5ccc(-c6ccc(-c7cc8c(-c9cccs9)c9sccc9c(-c9cccs9)c8s7)s6)c6n[nH]nc56)s4)sc23)C1||C=C1C(=Cc2csc(-c3cc4c(s3)-c3cc5c(cc3C4(c3ccccc3)c3ccccc3)-c3sc(-c4cc(C=C6C(=C)c7ccccc7C6=O)cs4)cc3C5(c3ccccc3)c3ccccc3)c2)C(=O)c2ccccc21
410,FC1=C(C2=CC=C(C3=CC4=C(C5=CC=C(CC(CCCC)CC)S5)C(SC(C)=C6)=C6C(C7=CC=C(CC(CCCC)CC)S7)=C4S3)S2)C8=NN(CC(CCCCCC)CCCCCCCC)N=C8C(C9=CC=C(C%10=CC(C(C%11=CC=C(CC(CCCC)CC)S%11)=C(S%12)C(C=C%12C)=C%13C%14SC(CC(CCCC)CC)=CC%14)=C%13S%10)S9)=C1F||O=C(C(C=C(F)C(F)=C1)=C1C/2=C(C#N)/C#N)C2=C/C3=CC(C4(CC(CCCC)CC)CC(CCCC)CC)=C(S3)C(S5)=C4C=C5C6=C7N=C(C8=CC=C(C=C8)CCCCCC)C(C9=CC=C(C=C9)CCCCCC)=NC7=C(C=C6)C%10=CC(C%11(CC(CCCC)CC)CC(CCCC)CC)=C(S%10)C(S%12)=C%11C=C%12/C=C(C%13=O)/C(C%14=C%13C=C(F)C(F)=C%14)=C(C#N)/C#N,FC1=C(C2=CC=C(C3=CC4=C(C5=CC=C(CC(CCCC)CC)S5)C(SC(C)=C6)=C6C(C7=CC=C(CC(CCCC)CC)S7)=C4S3)S2)C8=NN(CC(CCCCCC)CCCCCCCC)N=C8C(C9=CC=C(C%10=CC(C(C%11=CC=C(CC(CCCC)CC)S%11)=C(S%12)C(C=C%12C)=C%13C%14SC(CC(CCCC)CC)=CC%14)=C%13S%10)S9)=C1F,O=C(C(C=C(F)C(F)=C1)=C1C/2=C(C#N)/C#N)C2=C/C3=CC(C4(CC(CCCC)CC)CC(CCCC)CC)=C(S3)C(S5)=C4C=C5C6=C7N=C(C8=CC=C(C=C8)CCCCCC)C(C9=CC=C(C=C9)CCCCCC)=NC7=C(C=C6)C%10=CC(C%11(CC(CCCC)CC)CC(CCCC)CC)=C(S%10)C(S%12)=C%11C=C%12/C=C(C%13=O)/C(C%14=C%13C=C(F)C(F)=C%14)=C(C#N)/C#N,10.54,1,10.54,10.54,maximum,C1=CSC(c2c3ccsc3c(-c3cccs3)c3cc(-c4ccc(-c5ccc(-c6ccc(-c7cc8c(-c9cccs9)c9sccc9c(-c9cccs9)c8s7)s6)c6n[nH]nc56)s4)sc23)C1,C=C1C(=Cc2cc3c(s2)-c2sc(-c4ccc(-c5cc6c(s5)-c5sc(C=C7C(=C)c8ccccc8C7=O)cc5C6)c5nc(-c6ccccc6)c(-c6ccccc6)nc45)cc2C3)C(=O)c2ccccc21,C1=CSC(c2c3ccsc3c(-c3cccs3)c3cc(-c4ccc(-c5ccc(-c6ccc(-c7cc8c(-c9cccs9)c9sccc9c(-c9cccs9)c8s7)s6)c6n[nH]nc56)s4)sc23)C1||C=C1C(=Cc2cc3c(s2)-c2sc(-c4ccc(-c5cc6c(s5)-c5sc(C=C7C(=C)c8ccccc8C7=O)cc5C6)c5nc(-c6ccccc6)c(-c6ccccc6)nc45)cc2C3)C(=O)c2ccccc21
411,FC1=C(C2=CC=C(C3=CC4=C(C5=CC=C(CC(CCCC)CC)S5)C(SC(C)=C6)=C6C(C7=CC=C(CC(CCCC)CC)S7)=C4S3)S2)C8=NN(CC(CCCCCC)CCCCCCCC)N=C8C(C9=CC=C(C%10=CC(C(C%11=CC=C(CC(CCCC)CC)S%11)=C(S%12)C(C=C%12C)=C%13C%14SC(CC(CCCC)CC)=CC%14)=C%13S%10)S9)=C1F||O=C(C(C=CC=C1)=C1C/2=C(C#N)\C#N)C2=C\C3=CSC(C4=CC5=C(C(C=C6C(C7=CC=C(C=C7)CCCCCC)(C8=CC=C(C=C8)CCCCCC)C9=C(SC(C%10=C(OCCCCCCCC)C(/C=C%11C(C(C=CC=C%12)=C%12C/%11=C(C#N)/C#N)=O)=CS%10)=C9)C6=C%13)=C%13C5(C%14=CC=C(CCCCCC)C=C%14)C(C=C%15)=CC=C%15CCCCCC)S4)=C3OCCCCCCCC,FC1=C(C2=CC=C(C3=CC4=C(C5=CC=C(CC(CCCC)CC)S5)C(SC(C)=C6)=C6C(C7=CC=C(CC(CCCC)CC)S7)=C4S3)S2)C8=NN(CC(CCCCCC)CCCCCCCC)N=C8C(C9=CC=C(C%10=CC(C(C%11=CC=C(CC(CCCC)CC)S%11)=C(S%12)C(C=C%12C)=C%13C%14SC(CC(CCCC)CC)=CC%14)=C%13S%10)S9)=C1F,O=C(C(C=CC=C1)=C1C/2=C(C#N)\C#N)C2=C\C3=CSC(C4=CC5=C(C(C=C6C(C7=CC=C(C=C7)CCCCCC)(C8=CC=C(C=C8)CCCCCC)C9=C(SC(C%10=C(OCCCCCCCC)C(/C=C%11C(C(C=CC=C%12)=C%12C/%11=C(C#N)/C#N)=O)=CS%10)=C9)C6=C%13)=C%13C5(C%14=CC=C(CCCCCC)C=C%14)C(C=C%15)=CC=C%15CCCCCC)S4)=C3OCCCCCCCC,10.48,1,10.48,10.48,maximum,C1=CSC(c2c3ccsc3c(-c3cccs3)c3cc(-c4ccc(-c5ccc(-c6ccc(-c7cc8c(-c9cccs9)c9sccc9c(-c9cccs9)c8s7)s6)c6n[nH]nc56)s4)sc23)C1,C=C1C(=Cc2csc(-c3cc4c(s3)-c3cc5c(cc3C4(c3ccccc3)c3ccccc3)-c3sc(-c4cc(C=C6C(=C)c7ccccc7C6=O)cs4)cc3C5(c3ccccc3)c3ccccc3)c2)C(=O)c2ccccc21,C1=CSC(c2c3ccsc3c(-c3cccs3)c3cc(-c4ccc(-c5ccc(-c6ccc(-c7cc8c(-c9cccs9)c9sccc9c(-c9cccs9)c8s7)s6)c6n[nH]nc56)s4)sc23)C1||C=C1C(=Cc2csc(-c3cc4c(s3)-c3cc5c(cc3C4(c3ccccc3)c3ccccc3)-c3sc(-c4cc(C=C6C(=C)c7ccccc7C6=O)cs4)cc3C5(c3ccccc3)c3ccccc3)c2)C(=O)c2ccccc21
412,FC1=C(C2=CC=C(C3=CC4=C(C5=CC=C(CC(CCCC)CC)S5)C(SC(C)=C6)=C6C(C7=CC=C(CC(CCCC)CC)S7)=C4S3)S2)C8=NN(CC(CCCCCC)CCCCCCCC)N=C8C(C9=CC=C(C%10=CC(C(C%11=CC=C(CC(CCCC)CC)S%11)=C(S%12)C(C=C%12C)=C%13C%14SC(CC(CCCC)CC)=CC%14)=C%13S%10)S9)=C1F||O=C(C/1=C\C2=C(C3=C(S2)C(N4C5=CC=C(CCCCCC)C=C5)=C(C6=C4C7=C(C8=NSN=C68)C(SC9=C%10SC(/C=C%11C(C%12=CC(F)=C(C=C%12C\%11=C(C#N)/C#N)F)=O)=C9CCCCCCCCCCC)=C%10N7C%13=CC=C(CCCCCC)C=C%13)S3)CCCCCCCCCCC)C%14=CC(F)=C(F)C=C%14C1=C(C#N)/C#N,FC1=C(C2=CC=C(C3=CC4=C(C5=CC=C(CC(CCCC)CC)S5)C(SC(C)=C6)=C6C(C7=CC=C(CC(CCCC)CC)S7)=C4S3)S2)C8=NN(CC(CCCCCC)CCCCCCCC)N=C8C(C9=CC=C(C%10=CC(C(C%11=CC=C(CC(CCCC)CC)S%11)=C(S%12)C(C=C%12C)=C%13C%14SC(CC(CCCC)CC)=CC%14)=C%13S%10)S9)=C1F,O=C(C/1=C\C2=C(C3=C(S2)C(N4C5=CC=C(CCCCCC)C=C5)=C(C6=C4C7=C(C8=NSN=C68)C(SC9=C%10SC(/C=C%11C(C%12=CC(F)=C(C=C%12C\%11=C(C#N)/C#N)F)=O)=C9CCCCCCCCCCC)=C%10N7C%13=CC=C(CCCCCC)C=C%13)S3)CCCCCCCCCCC)C%14=CC(F)=C(F)C=C%14C1=C(C#N)/C#N,7.15,1,7.15,7.15,maximum,C1=CSC(c2c3ccsc3c(-c3cccs3)c3cc(-c4ccc(-c5ccc(-c6ccc(-c7cc8c(-c9cccs9)c9sccc9c(-c9cccs9)c8s7)s6)c6n[nH]nc56)s4)sc23)C1,C=C1C(=Cc2cc3sc4c5c6nsnc6c6c7sc8cc(C=C9C(=C)c%10ccccc%10C9=O)sc8c7n(-c7ccccc7)c6c5n(-c5ccccc5)c4c3s2)C(=O)c2ccccc21,C1=CSC(c2c3ccsc3c(-c3cccs3)c3cc(-c4ccc(-c5ccc(-c6ccc(-c7cc8c(-c9cccs9)c9sccc9c(-c9cccs9)c8s7)s6)c6n[nH]nc56)s4)sc23)C1||C=C1C(=Cc2cc3sc4c5c6nsnc6c6c7sc8cc(C=C9C(=C)c%10ccccc%10C9=O)sc8c7n(-c7ccccc7)c6c5n(-c5ccccc5)c4c3s2)C(=O)c2ccccc21
413,FC1=C(C2=CC=C(C3=CC4=C(C5=CC=C(CC(CCCC)CC)S5)C(SC(C)=C6)=C6C(C7=CC=C(CC(CCCC)CC)S7)=C4S3)S2)C8=NN(CC(CCCCCC)CCCCCCCC)N=C8C(C9=CC=C(C%10=CC(C(C%11=CC=C(CC(CCCC)CC)S%11)=C(S%12)C(C=C%12C)=C%13C%14SC(CC(CCCC)CC)=CC%14)=C%13S%10)S9)=C1F||O=C(C1=CC(Cl)=C(C=C1C/2=C(C#N)\C#N)Cl)C2=C/C3=CC(OCCCCCCCC)=C(C4=CC5=C(C6=CC7=C(C8=C(C7(C9=CC=C(C=C9)CCCCCC)C%10=CC=C(C=C%10)CCCCCC)C=C(C%11=C(OCCCCCCCC)C=C(/C=C%12C(C%13=CC(Cl)=C(C=C%13C\%12=C(C#N)\C#N)Cl)=O)S%11)S8)C=C6C5(C%14=CC=C(C=C%14)CCCCCC)C%15=CC=C(C=C%15)CCCCCC)S4)S3,FC1=C(C2=CC=C(C3=CC4=C(C5=CC=C(CC(CCCC)CC)S5)C(SC(C)=C6)=C6C(C7=CC=C(CC(CCCC)CC)S7)=C4S3)S2)C8=NN(CC(CCCCCC)CCCCCCCC)N=C8C(C9=CC=C(C%10=CC(C(C%11=CC=C(CC(CCCC)CC)S%11)=C(S%12)C(C=C%12C)=C%13C%14SC(CC(CCCC)CC)=CC%14)=C%13S%10)S9)=C1F,O=C(C1=CC(Cl)=C(C=C1C/2=C(C#N)\C#N)Cl)C2=C/C3=CC(OCCCCCCCC)=C(C4=CC5=C(C6=CC7=C(C8=C(C7(C9=CC=C(C=C9)CCCCCC)C%10=CC=C(C=C%10)CCCCCC)C=C(C%11=C(OCCCCCCCC)C=C(/C=C%12C(C%13=CC(Cl)=C(C=C%13C\%12=C(C#N)\C#N)Cl)=O)S%11)S8)C=C6C5(C%14=CC=C(C=C%14)CCCCCC)C%15=CC=C(C=C%15)CCCCCC)S4)S3,10.1,1,10.1,10.1,maximum,C1=CSC(c2c3ccsc3c(-c3cccs3)c3cc(-c4ccc(-c5ccc(-c6ccc(-c7cc8c(-c9cccs9)c9sccc9c(-c9cccs9)c8s7)s6)c6n[nH]nc56)s4)sc23)C1,C=C1C(=Cc2ccc(-c3cc4c(s3)-c3cc5c(cc3C4(c3ccccc3)c3ccccc3)-c3sc(-c4ccc(C=C6C(=C)c7ccccc7C6=O)s4)cc3C5(c3ccccc3)c3ccccc3)s2)C(=O)c2ccccc21,C1=CSC(c2c3ccsc3c(-c3cccs3)c3cc(-c4ccc(-c5ccc(-c6ccc(-c7cc8c(-c9cccs9)c9sccc9c(-c9cccs9)c8s7)s6)c6n[nH]nc56)s4)sc23)C1||C=C1C(=Cc2ccc(-c3cc4c(s3)-c3cc5c(cc3C4(c3ccccc3)c3ccccc3)-c3sc(-c4ccc(C=C6C(=C)c7ccccc7C6=O)s4)cc3C5(c3ccccc3)c3ccccc3)s2)C(=O)c2ccccc21
414,FC1=C(C2=CC=C(C3=CC4=C(C5=CC=C(CC(CCCC)CC)S5)C(SC(C)=C6)=C6C(C7=CC=C(CC(CCCC)CC)S7)=C4S3)S2)C8=NN(CC(CCCCCC)CCCCCCCC)N=C8C(C9=CC=C(C%10=CC(C(C%11=CC=C(CC(CCCC)CC)S%11)=C(S%12)C(C=C%12C)=C%13C%14SC(CC(CCCC)CC)=CC%14)=C%13S%10)S9)=C1F||O=C(C1=CC=CC=C1C/2=C(C#N)/C#N)C2=C/C3=CC(SC4C5C(C)=C(C(C6=CC=C(C=C6)CCCCCC)(C7=CC=C(C=C7)CCCCCC)C8=CSC9=C8SC(/C=C%10C(C(C=CC=C%11)=C%11C\%10=C(C#N)/C#N)=C)=C9)C=C(C)C5C(C%12=CC=C(C=C%12)CCCCCC)(C%13=CC=C(C=C%13)CCCCCC)C%144)=C%14S3,FC1=C(C2=CC=C(C3=CC4=C(C5=CC=C(CC(CCCC)CC)S5)C(SC(C)=C6)=C6C(C7=CC=C(CC(CCCC)CC)S7)=C4S3)S2)C8=NN(CC(CCCCCC)CCCCCCCC)N=C8C(C9=CC=C(C%10=CC(C(C%11=CC=C(CC(CCCC)CC)S%11)=C(S%12)C(C=C%12C)=C%13C%14SC(CC(CCCC)CC)=CC%14)=C%13S%10)S9)=C1F,O=C(C1=CC=CC=C1C/2=C(C#N)/C#N)C2=C/C3=CC(SC4C5C(C)=C(C(C6=CC=C(C=C6)CCCCCC)(C7=CC=C(C=C7)CCCCCC)C8=CSC9=C8SC(/C=C%10C(C(C=CC=C%11)=C%11C\%10=C(C#N)/C#N)=C)=C9)C=C(C)C5C(C%12=CC=C(C=C%12)CCCCCC)(C%13=CC=C(C=C%13)CCCCCC)C%144)=C%14S3,9.4,1,9.4,9.4,maximum,C1=CSC(c2c3ccsc3c(-c3cccs3)c3cc(-c4ccc(-c5ccc(-c6ccc(-c7cc8c(-c9cccs9)c9sccc9c(-c9cccs9)c8s7)s6)c6n[nH]nc56)s4)sc23)C1,C=C1C(=Cc2cc3scc(C(C4=CC5C6Sc7cc(C=C8C(=C)c9ccccc9C8=O)sc7C6C(c6ccccc6)(c6ccccc6)C5C=C4)(c4ccccc4)c4ccccc4)c3s2)C(=C)c2ccccc21,C1=CSC(c2c3ccsc3c(-c3cccs3)c3cc(-c4ccc(-c5ccc(-c6ccc(-c7cc8c(-c9cccs9)c9sccc9c(-c9cccs9)c8s7)s6)c6n[nH]nc56)s4)sc23)C1||C=C1C(=Cc2cc3scc(C(C4=CC5C6Sc7cc(C=C8C(=C)c9ccccc9C8=O)sc7C6C(c6ccccc6)(c6ccccc6)C5C=C4)(c4ccccc4)c4ccccc4)c3s2)C(=C)c2ccccc21
415,FC1=C(C2=CC=C(C3=CC4=C(C5=CC=C(CC(CCCC)CC)S5)C(SC(C)=C6)=C6C(C7=CC=C(CC(CCCC)CC)S7)=C4S3)S2)C8=NN(CC(CCCCCC)CCCCCCCC)N=C8C(C9=CC=C(C%10=CC(C(C%11=CC=C(CC(CCCC)CC)S%11)=C(S%12)C(C=C%12C)=C%13C%14SC(CC(CCCC)CC)=CC%14)=C%13S%10)S9)=C1F||O=C1C(/C(C2=C1C=CC=C2)=C(C#N)\C#N)=C\C3=CC(OCC(CCCC)CC)=C(C4=CC(C(C5=CC(C6=C7C=C(C8=C(C=C(/C=C(C9=O)/C(C%10=C9C=CC=C%10)=C(C#N)\C#N)S8)OCC(CCCC)CC)S6)=C(C7(C%11=CC=C(C=C%11)CCCCCC)C%12=CC=C(C=C%12)CCCCCC)C=C%135)(C%14=CC=C(C=C%14)CCCCCC)C(C=C%15)=CC=C%15CCCCCC)=C%13S4)S3,FC1=C(C2=CC=C(C3=CC4=C(C5=CC=C(CC(CCCC)CC)S5)C(SC(C)=C6)=C6C(C7=CC=C(CC(CCCC)CC)S7)=C4S3)S2)C8=NN(CC(CCCCCC)CCCCCCCC)N=C8C(C9=CC=C(C%10=CC(C(C%11=CC=C(CC(CCCC)CC)S%11)=C(S%12)C(C=C%12C)=C%13C%14SC(CC(CCCC)CC)=CC%14)=C%13S%10)S9)=C1F,O=C1C(/C(C2=C1C=CC=C2)=C(C#N)\C#N)=C\C3=CC(OCC(CCCC)CC)=C(C4=CC(C(C5=CC(C6=C7C=C(C8=C(C=C(/C=C(C9=O)/C(C%10=C9C=CC=C%10)=C(C#N)\C#N)S8)OCC(CCCC)CC)S6)=C(C7(C%11=CC=C(C=C%11)CCCCCC)C%12=CC=C(C=C%12)CCCCCC)C=C%135)(C%14=CC=C(C=C%14)CCCCCC)C(C=C%15)=CC=C%15CCCCCC)=C%13S4)S3,6.5,2,5.13,6.5,maximum,C1=CSC(c2c3ccsc3c(-c3cccs3)c3cc(-c4ccc(-c5ccc(-c6ccc(-c7cc8c(-c9cccs9)c9sccc9c(-c9cccs9)c8s7)s6)c6n[nH]nc56)s4)sc23)C1,C=C1C(=Cc2ccc(-c3cc4c(s3)-c3cc5c(cc3C4(c3ccccc3)c3ccccc3)-c3sc(-c4ccc(C=C6C(=C)c7ccccc7C6=O)s4)cc3C5(c3ccccc3)c3ccccc3)s2)C(=O)c2ccccc21,C1=CSC(c2c3ccsc3c(-c3cccs3)c3cc(-c4ccc(-c5ccc(-c6ccc(-c7cc8c(-c9cccs9)c9sccc9c(-c9cccs9)c8s7)s6)c6n[nH]nc56)s4)sc23)C1||C=C1C(=Cc2ccc(-c3cc4c(s3)-c3cc5c(cc3C4(c3ccccc3)c3ccccc3)-c3sc(-c4ccc(C=C6C(=C)c7ccccc7C6=O)s4)cc3C5(c3ccccc3)c3ccccc3)s2)C(=O)c2ccccc21
416,FC1=C(C2=CC=C(C3=CC4=C(C5=CC=C(CC(CCCC)CC)S5)C(SC(C)=C6)=C6C(C7=CC=C(CC(CCCC)CC)S7)=C4S3)S2)C8=NN(CC(CCCCCC)CCCCCCCC)N=C8C(C9=CC=C(C%10=CC(C(C%11=CC=C(CC(CCCC)CC)S%11)=C(S%12)C(C=C%12C)=C%13C%14SC(CC(CCCC)CC)=CC%14)=C%13S%10)S9)=C1F||c1(c(cc2c(c1)C(=C(C#N)C#N)/C(=C\c1c(c(sc1)c1sc3c(c1)C(c1c3cc3c(c1)c1c(C3(c3ccc(cc3)CCCCCC)c3ccc(cc3)CCCCCC)cc(s1)c1scc(c1OC[C@H](CCCC)CC)/C=C/1\C(=C(C#N)C#N)c3c(C1=O)cc(c(c3)F)F)(c1ccc(cc1)CCCCCC)c1ccc(cc1)CCCCCC)OC[C@@H](CC)CCCC)/C2=O)F)F,FC1=C(C2=CC=C(C3=CC4=C(C5=CC=C(CC(CCCC)CC)S5)C(SC(C)=C6)=C6C(C7=CC=C(CC(CCCC)CC)S7)=C4S3)S2)C8=NN(CC(CCCCCC)CCCCCCCC)N=C8C(C9=CC=C(C%10=CC(C(C%11=CC=C(CC(CCCC)CC)S%11)=C(S%12)C(C=C%12C)=C%13C%14SC(CC(CCCC)CC)=CC%14)=C%13S%10)S9)=C1F,c1(c(cc2c(c1)C(=C(C#N)C#N)/C(=C\c1c(c(sc1)c1sc3c(c1)C(c1c3cc3c(c1)c1c(C3(c3ccc(cc3)CCCCCC)c3ccc(cc3)CCCCCC)cc(s1)c1scc(c1OC[C@H](CCCC)CC)/C=C/1\C(=C(C#N)C#N)c3c(C1=O)cc(c(c3)F)F)(c1ccc(cc1)CCCCCC)c1ccc(cc1)CCCCCC)OC[C@@H](CC)CCCC)/C2=O)F)F,13.18,1,13.18,13.18,maximum,C1=CSC(c2c3ccsc3c(-c3cccs3)c3cc(-c4ccc(-c5ccc(-c6ccc(-c7cc8c(-c9cccs9)c9sccc9c(-c9cccs9)c8s7)s6)c6n[nH]nc56)s4)sc23)C1,C=C1C(=Cc2csc(-c3cc4c(s3)-c3cc5c(cc3C4(c3ccccc3)c3ccccc3)-c3sc(-c4cc(C=C6C(=C)c7ccccc7C6=O)cs4)cc3C5(c3ccccc3)c3ccccc3)c2)C(=O)c2ccccc21,C1=CSC(c2c3ccsc3c(-c3cccs3)c3cc(-c4ccc(-c5ccc(-c6ccc(-c7cc8c(-c9cccs9)c9sccc9c(-c9cccs9)c8s7)s6)c6n[nH]nc56)s4)sc23)C1||C=C1C(=Cc2csc(-c3cc4c(s3)-c3cc5c(cc3C4(c3ccccc3)c3ccccc3)-c3sc(-c4cc(C=C6C(=C)c7ccccc7C6=O)cs4)cc3C5(c3ccccc3)c3ccccc3)c2)C(=O)c2ccccc21
417,FC1=C(C2=CC=C(C3=CC4=C(C5=CC=C(CC(CCCC)CC)S5)C(SC(C)=C6)=C6C(C7=CC=C(CC(CCCC)CC)S7)=C4S3)S2)C8=NN(CC(CCCCCC)CCCCCCCC)N=C8C(C9=CC=C(C%10=CC(C(C%11=CC=C(CC(CCCC)CC)S%11)=C(S%12)C(C=C%12C)=C%13C%14SC(CC(CCCC)CC)=CC%14)=C%13S%10)S9)=C1F||c12cc3c(cc1C(c1c2sc2c1sc(c2)/C=C\1/C(=C(C#N)C#N)c2c(C1=O)cccc2)(c1ccc(cc1)CCCCCC)c1ccc(cc1)CCCCCC)c1c(C3(c2ccc(cc2)CCCCCC)c2ccc(cc2)CCCCCC)c2c(s1)cc(s2)/C=C\1/C(=C(C#N)C#N)c2c(C1=O)cccc2,FC1=C(C2=CC=C(C3=CC4=C(C5=CC=C(CC(CCCC)CC)S5)C(SC(C)=C6)=C6C(C7=CC=C(CC(CCCC)CC)S7)=C4S3)S2)C8=NN(CC(CCCCCC)CCCCCCCC)N=C8C(C9=CC=C(C%10=CC(C(C%11=CC=C(CC(CCCC)CC)S%11)=C(S%12)C(C=C%12C)=C%13C%14SC(CC(CCCC)CC)=CC%14)=C%13S%10)S9)=C1F,c12cc3c(cc1C(c1c2sc2c1sc(c2)/C=C\1/C(=C(C#N)C#N)c2c(C1=O)cccc2)(c1ccc(cc1)CCCCCC)c1ccc(cc1)CCCCCC)c1c(C3(c2ccc(cc2)CCCCCC)c2ccc(cc2)CCCCCC)c2c(s1)cc(s2)/C=C\1/C(=C(C#N)C#N)c2c(C1=O)cccc2,5.51,2,3.78,5.51,maximum,C1=CSC(c2c3ccsc3c(-c3cccs3)c3cc(-c4ccc(-c5ccc(-c6ccc(-c7cc8c(-c9cccs9)c9sccc9c(-c9cccs9)c8s7)s6)c6n[nH]nc56)s4)sc23)C1,C=C1C(=Cc2cc3sc4c(c3s2)C(c2ccccc2)(c2ccccc2)c2cc3c(cc2-4)C(c2ccccc2)(c2ccccc2)c2c-3sc3cc(C=C4C(=C)c5ccccc5C4=O)sc23)C(=O)c2ccccc21,C1=CSC(c2c3ccsc3c(-c3cccs3)c3cc(-c4ccc(-c5ccc(-c6ccc(-c7cc8c(-c9cccs9)c9sccc9c(-c9cccs9)c8s7)s6)c6n[nH]nc56)s4)sc23)C1||C=C1C(=Cc2cc3sc4c(c3s2)C(c2ccccc2)(c2ccccc2)c2cc3c(cc2-4)C(c2ccccc2)(c2ccccc2)c2c-3sc3cc(C=C4C(=C)c5ccccc5C4=O)sc23)C(=O)c2ccccc21
419,FC1=C(C2=CC=C(C3=CC4=C(C5=CC=C(SCC(CCCC)CC)S5)C(SC(C)=C6)=C6C(C7=CC=C(SCC(CCCC)CC)S7)=C4S3)S2)C8=NN(CC(CCCCCC)CCCCCCCC)N=C8C(C9=CC=C(C%10=CC(C(C%11=CC=C(SCC(CCCC)CC)S%11)=C(S%12)C(C=C%12C)=C%13C%14SC(SCC(CCCC)CC)=CC%14)=C%13S%10)S9)=C1F||c12cc3c(cc1C(c1c2sc2c1sc(c2)/C=C\1/C(=C(C#N)C#N)c2c(C1=O)cccc2)(c1ccc(cc1)CCCCCC)c1ccc(cc1)CCCCCC)c1c(C3(c2ccc(cc2)CCCCCC)c2ccc(cc2)CCCCCC)c2c(s1)cc(s2)/C=C\1/C(=C(C#N)C#N)c2c(C1=O)cccc2,FC1=C(C2=CC=C(C3=CC4=C(C5=CC=C(SCC(CCCC)CC)S5)C(SC(C)=C6)=C6C(C7=CC=C(SCC(CCCC)CC)S7)=C4S3)S2)C8=NN(CC(CCCCCC)CCCCCCCC)N=C8C(C9=CC=C(C%10=CC(C(C%11=CC=C(SCC(CCCC)CC)S%11)=C(S%12)C(C=C%12C)=C%13C%14SC(SCC(CCCC)CC)=CC%14)=C%13S%10)S9)=C1F,c12cc3c(cc1C(c1c2sc2c1sc(c2)/C=C\1/C(=C(C#N)C#N)c2c(C1=O)cccc2)(c1ccc(cc1)CCCCCC)c1ccc(cc1)CCCCCC)c1c(C3(c2ccc(cc2)CCCCCC)c2ccc(cc2)CCCCCC)c2c(s1)cc(s2)/C=C\1/C(=C(C#N)C#N)c2c(C1=O)cccc2,8.97,1,8.97,8.97,maximum,C1=CSC(c2c3ccsc3c(-c3cccs3)c3cc(-c4ccc(-c5ccc(-c6ccc(-c7cc8c(-c9cccs9)c9sccc9c(-c9cccs9)c8s7)s6)c6n[nH]nc56)s4)sc23)C1,C=C1C(=Cc2cc3sc4c(c3s2)C(c2ccccc2)(c2ccccc2)c2cc3c(cc2-4)C(c2ccccc2)(c2ccccc2)c2c-3sc3cc(C=C4C(=C)c5ccccc5C4=O)sc23)C(=O)c2ccccc21,C1=CSC(c2c3ccsc3c(-c3cccs3)c3cc(-c4ccc(-c5ccc(-c6ccc(-c7cc8c(-c9cccs9)c9sccc9c(-c9cccs9)c8s7)s6)c6n[nH]nc56)s4)sc23)C1||C=C1C(=Cc2cc3sc4c(c3s2)C(c2ccccc2)(c2ccccc2)c2cc3c(cc2-4)C(c2ccccc2)(c2ccccc2)c2c-3sc3cc(C=C4C(=C)c5ccccc5C4=O)sc23)C(=O)c2ccccc21
420,FC1=C(C2=CC=C(C3=CC4=C(C5=CC=C(SCCCCCCCCCCCC)S5)C(SC(C)=C6)=C6C(C7=CC=C(SCCCCCCCCCCCC)S7)=C4S3)S2)C8=NN(CC(CCCCCC)CCCCCCCC)N=C8C(C9=CC=C(C%10=CC(C(C%11=CC=C(SCCCCCCCCCCCC)S%11)=C(S%12)C(C=C%12C)=C%13C%14=CC=C(SCCCCCCCCCCCC)S%14)=C%13S%10)S9)=C1F||N#C/C(C#N)=C(C1=CC=CC=C1C2=O)/C2=C/C3=CC4=C(C5=C(C=C6C(C(CCCCCC)(CCCCCC)C7=C6SC(/C=C8/C(C9=CC=CC=C9C8=O)=C(C#N)/C#N)=C7)=C5)C4(CCCCCC)CCCCCC)S3,FC1=C(C2=CC=C(C3=CC4=C(C5=CC=C(SCCCCCCCCCCCC)S5)C(SC(C)=C6)=C6C(C7=CC=C(SCCCCCCCCCCCC)S7)=C4S3)S2)C8=NN(CC(CCCCCC)CCCCCCCC)N=C8C(C9=CC=C(C%10=CC(C(C%11=CC=C(SCCCCCCCCCCCC)S%11)=C(S%12)C(C=C%12C)=C%13C%14=CC=C(SCCCCCCCCCCCC)S%14)=C%13S%10)S9)=C1F,N#C/C(C#N)=C(C1=CC=CC=C1C2=O)/C2=C/C3=CC4=C(C5=C(C=C6C(C(CCCCCC)(CCCCCC)C7=C6SC(/C=C8/C(C9=CC=CC=C9C8=O)=C(C#N)/C#N)=C7)=C5)C4(CCCCCC)CCCCCC)S3,9.82,1,9.82,9.82,maximum,c1csc(-c2c3cc(-c4ccc(-c5ccc(-c6ccc(-c7cc8c(-c9cccs9)c9sccc9c(-c9cccs9)c8s7)s6)c6n[nH]nc56)s4)sc3c(-c3cccs3)c3ccsc23)c1,C=C1C(=Cc2cc3c(s2)-c2cc4c(cc2C3)-c2sc(C=C3C(=C)c5ccccc5C3=O)cc2C4)C(=O)c2ccccc21,c1csc(-c2c3cc(-c4ccc(-c5ccc(-c6ccc(-c7cc8c(-c9cccs9)c9sccc9c(-c9cccs9)c8s7)s6)c6n[nH]nc56)s4)sc3c(-c3cccs3)c3ccsc23)c1||C=C1C(=Cc2cc3c(s2)-c2cc4c(cc2C3)-c2sc(C=C3C(=C)c5ccccc5C3=O)cc2C4)C(=O)c2ccccc21
421,FC1=C(C2=CC=C(C3=CC4=C(C5=CC=C(SCCCCCCCCCCCC)S5)C(SC(C)=C6)=C6C(C7=CC=C(SCCCCCCCCCCCC)S7)=C4S3)S2)C8=NN(CC(CCCCCC)CCCCCCCC)N=C8C(C9=CC=C(C%10=CC(C(C%11=CC=C(SCCCCCCCCCCCC)S%11)=C(S%12)C(C=C%12C)=C%13C%14=CC=C(SCCCCCCCCCCCC)S%14)=C%13S%10)S9)=C1F||O=C(/C(S/1)=C\C(C2=NN(N=C32)CCCCCCCC)=CC=C3C4=CC5=C(S4)C6=CC7=C(C=C6C5(C8=CC=C(C=C8)CCCCCC)C9=CC=C(C=C9)CCCCCC)C(SC(C(C%10=NN(CCCCCCCC)N=C%11%10)=CC=C%11/C=C%12S/C(N(C\%12=O)CC)=C(C#N)/C#N)=C%13)=C%13C7(C%14=CC=C(CCCCCC)C=C%14)C%15=CC=C(CCCCCC)C=C%15)N(CC)C1=C(C#N)/C#N,FC1=C(C2=CC=C(C3=CC4=C(C5=CC=C(SCCCCCCCCCCCC)S5)C(SC(C)=C6)=C6C(C7=CC=C(SCCCCCCCCCCCC)S7)=C4S3)S2)C8=NN(CC(CCCCCC)CCCCCCCC)N=C8C(C9=CC=C(C%10=CC(C(C%11=CC=C(SCCCCCCCCCCCC)S%11)=C(S%12)C(C=C%12C)=C%13C%14=CC=C(SCCCCCCCCCCCC)S%14)=C%13S%10)S9)=C1F,O=C(/C(S/1)=C\C(C2=NN(N=C32)CCCCCCCC)=CC=C3C4=CC5=C(S4)C6=CC7=C(C=C6C5(C8=CC=C(C=C8)CCCCCC)C9=CC=C(C=C9)CCCCCC)C(SC(C(C%10=NN(CCCCCCCC)N=C%11%10)=CC=C%11/C=C%12S/C(N(C\%12=O)CC)=C(C#N)/C#N)=C%13)=C%13C7(C%14=CC=C(CCCCCC)C=C%14)C%15=CC=C(CCCCCC)C=C%15)N(CC)C1=C(C#N)/C#N,8.25,1,8.25,8.25,maximum,c1csc(-c2c3cc(-c4ccc(-c5ccc(-c6ccc(-c7cc8c(-c9cccs9)c9sccc9c(-c9cccs9)c8s7)s6)c6n[nH]nc56)s4)sc3c(-c3cccs3)c3ccsc23)c1,C=c1[nH]c(=O)c(=Cc2ccc(-c3cc4c(s3)-c3cc5c(cc3C4(c3ccccc3)c3ccccc3)-c3sc(-c4ccc(C=c6sc(=C)[nH]c6=O)c6n[nH]nc46)cc3C5(c3ccccc3)c3ccccc3)c3n[nH]nc23)s1,c1csc(-c2c3cc(-c4ccc(-c5ccc(-c6ccc(-c7cc8c(-c9cccs9)c9sccc9c(-c9cccs9)c8s7)s6)c6n[nH]nc56)s4)sc3c(-c3cccs3)c3ccsc23)c1||C=c1[nH]c(=O)c(=Cc2ccc(-c3cc4c(s3)-c3cc5c(cc3C4(c3ccccc3)c3ccccc3)-c3sc(-c4ccc(C=c6sc(=C)[nH]c6=O)c6n[nH]nc46)cc3C5(c3ccccc3)c3ccccc3)c3n[nH]nc23)s1
422,FC1=C(C2=CC=C(C3=CC4=C(C5=CC=C(SCCCCCCCCCCCC)S5)C(SC(C)=C6)=C6C(C7=CC=C(SCCCCCCCCCCCC)S7)=C4S3)S2)C8=NN(CC(CCCCCC)CCCCCCCC)N=C8C(C9=CC=C(C%10=CC(C(C%11=CC=C(SCCCCCCCCCCCC)S%11)=C(S%12)C(C=C%12C)=C%13C%14=CC=C(SCCCCCCCCCCCC)S%14)=C%13S%10)S9)=C1F||O=C(C1=CC=CC=C1C/2=C(C#N)/C#N)C2=C/C3=C(C4=CC=C(CCCCCC)C=C4)C5=C(S3)C6=C(S5)C(C7=NSN=C7C8=C9N(C%10=CC=C(CCCCCC)C=C%10)C%11=C8SC%12=C%11SC(/C=C%13C(C%14=CC=CC=C%14C\%13=C(C#N)\C#N)=O)=C%12C%15=CC=C(CCCCCC)C=C%15)=C9N6C%16=CC=C(CCCCCC)C=C%16,FC1=C(C2=CC=C(C3=CC4=C(C5=CC=C(SCCCCCCCCCCCC)S5)C(SC(C)=C6)=C6C(C7=CC=C(SCCCCCCCCCCCC)S7)=C4S3)S2)C8=NN(CC(CCCCCC)CCCCCCCC)N=C8C(C9=CC=C(C%10=CC(C(C%11=CC=C(SCCCCCCCCCCCC)S%11)=C(S%12)C(C=C%12C)=C%13C%14=CC=C(SCCCCCCCCCCCC)S%14)=C%13S%10)S9)=C1F,O=C(C1=CC=CC=C1C/2=C(C#N)/C#N)C2=C/C3=C(C4=CC=C(CCCCCC)C=C4)C5=C(S3)C6=C(S5)C(C7=NSN=C7C8=C9N(C%10=CC=C(CCCCCC)C=C%10)C%11=C8SC%12=C%11SC(/C=C%13C(C%14=CC=CC=C%14C\%13=C(C#N)\C#N)=O)=C%12C%15=CC=C(CCCCCC)C=C%15)=C9N6C%16=CC=C(CCCCCC)C=C%16,11.0,1,11.0,11.0,maximum,c1csc(-c2c3cc(-c4ccc(-c5ccc(-c6ccc(-c7cc8c(-c9cccs9)c9sccc9c(-c9cccs9)c8s7)s6)c6n[nH]nc56)s4)sc3c(-c3cccs3)c3ccsc23)c1,C=C1C(=Cc2sc3c(sc4c5c6nsnc6c6c7sc8c(-c9ccccc9)c(C=C9C(=C)c%10ccccc%10C9=O)sc8c7n(-c7ccccc7)c6c5n(-c5ccccc5)c34)c2-c2ccccc2)C(=O)c2ccccc21,c1csc(-c2c3cc(-c4ccc(-c5ccc(-c6ccc(-c7cc8c(-c9cccs9)c9sccc9c(-c9cccs9)c8s7)s6)c6n[nH]nc56)s4)sc3c(-c3cccs3)c3ccsc23)c1||C=C1C(=Cc2sc3c(sc4c5c6nsnc6c6c7sc8c(-c9ccccc9)c(C=C9C(=C)c%10ccccc%10C9=O)sc8c7n(-c7ccccc7)c6c5n(-c5ccccc5)c34)c2-c2ccccc2)C(=O)c2ccccc21
423,FC1=C(C2=CC=C(C3=CC4=C(C5=CC=C(SCCCCCCCCCCCC)S5)C(SC(C)=C6)=C6C(C7=CC=C(SCCCCCCCCCCCC)S7)=C4S3)S2)C8=NN(CC(CCCCCC)CCCCCCCC)N=C8C(C9=CC=C(C%10=CC(C(C%11=CC=C(SCCCCCCCCCCCC)S%11)=C(S%12)C(C=C%12C)=C%13C%14=CC=C(SCCCCCCCCCCCC)S%14)=C%13S%10)S9)=C1F||c12cc3c(cc1C(c1c2sc2c1sc(c2)/C=C\1/C(=C(C#N)C#N)c2c(C1=O)cccc2)(c1ccc(cc1)CCCCCC)c1ccc(cc1)CCCCCC)c1c(C3(c2ccc(cc2)CCCCCC)c2ccc(cc2)CCCCCC)c2c(s1)cc(s2)/C=C\1/C(=C(C#N)C#N)c2c(C1=O)cccc2,FC1=C(C2=CC=C(C3=CC4=C(C5=CC=C(SCCCCCCCCCCCC)S5)C(SC(C)=C6)=C6C(C7=CC=C(SCCCCCCCCCCCC)S7)=C4S3)S2)C8=NN(CC(CCCCCC)CCCCCCCC)N=C8C(C9=CC=C(C%10=CC(C(C%11=CC=C(SCCCCCCCCCCCC)S%11)=C(S%12)C(C=C%12C)=C%13C%14=CC=C(SCCCCCCCCCCCC)S%14)=C%13S%10)S9)=C1F,c12cc3c(cc1C(c1c2sc2c1sc(c2)/C=C\1/C(=C(C#N)C#N)c2c(C1=O)cccc2)(c1ccc(cc1)CCCCCC)c1ccc(cc1)CCCCCC)c1c(C3(c2ccc(cc2)CCCCCC)c2ccc(cc2)CCCCCC)c2c(s1)cc(s2)/C=C\1/C(=C(C#N)C#N)c2c(C1=O)cccc2,10.57,2,9.53,10.57,maximum,c1csc(-c2c3cc(-c4ccc(-c5ccc(-c6ccc(-c7cc8c(-c9cccs9)c9sccc9c(-c9cccs9)c8s7)s6)c6n[nH]nc56)s4)sc3c(-c3cccs3)c3ccsc23)c1,C=C1C(=Cc2cc3sc4c(c3s2)C(c2ccccc2)(c2ccccc2)c2cc3c(cc2-4)C(c2ccccc2)(c2ccccc2)c2c-3sc3cc(C=C4C(=C)c5ccccc5C4=O)sc23)C(=O)c2ccccc21,c1csc(-c2c3cc(-c4ccc(-c5ccc(-c6ccc(-c7cc8c(-c9cccs9)c9sccc9c(-c9cccs9)c8s7)s6)c6n[nH]nc56)s4)sc3c(-c3cccs3)c3ccsc23)c1||C=C1C(=Cc2cc3sc4c(c3s2)C(c2ccccc2)(c2ccccc2)c2cc3c(cc2-4)C(c2ccccc2)(c2ccccc2)c2c-3sc3cc(C=C4C(=C)c5ccccc5C4=O)sc23)C(=O)c2ccccc21
424,FC1=C(C2=CC=C(C3=CC4=C(C5=CC=C(SCCCCCCCCCCCC)S5)C(SC(C)=C6)=C6C(C7=CC=C(SCCCCCCCCCCCC)S7)=C4S3)S2)C8=NN(CC(CCCCCC)CCCCCCCC)N=C8C(C9=CC=C(C%10=CC(C(C%11=CC=C(SCCCCCCCCCCCC)S%11)=C(S%12)C(C=C%12C)=C%13C%14=CC=C(SCCCCCCCCCCCC)S%14)=C%13S%10)S9)=C1F||c12cc3c(cc1C(c1c2sc2c1sc(c2)/C=C\1/C(=C(C#N)C#N)c2c(C1=O)cccc2)(c1cccc(c1)CCCCCC)c1cc(ccc1)CCCCCC)c1c(C3(c2cc(ccc2)CCCCCC)c2cccc(c2)CCCCCC)c2c(s1)cc(s2)/C=C\1/C(=C(C#N)C#N)c2c(C1=O)cccc2,FC1=C(C2=CC=C(C3=CC4=C(C5=CC=C(SCCCCCCCCCCCC)S5)C(SC(C)=C6)=C6C(C7=CC=C(SCCCCCCCCCCCC)S7)=C4S3)S2)C8=NN(CC(CCCCCC)CCCCCCCC)N=C8C(C9=CC=C(C%10=CC(C(C%11=CC=C(SCCCCCCCCCCCC)S%11)=C(S%12)C(C=C%12C)=C%13C%14=CC=C(SCCCCCCCCCCCC)S%14)=C%13S%10)S9)=C1F,c12cc3c(cc1C(c1c2sc2c1sc(c2)/C=C\1/C(=C(C#N)C#N)c2c(C1=O)cccc2)(c1cccc(c1)CCCCCC)c1cc(ccc1)CCCCCC)c1c(C3(c2cc(ccc2)CCCCCC)c2cccc(c2)CCCCCC)c2c(s1)cc(s2)/C=C\1/C(=C(C#N)C#N)c2c(C1=O)cccc2,11.77,1,11.77,11.77,maximum,c1csc(-c2c3cc(-c4ccc(-c5ccc(-c6ccc(-c7cc8c(-c9cccs9)c9sccc9c(-c9cccs9)c8s7)s6)c6n[nH]nc56)s4)sc3c(-c3cccs3)c3ccsc23)c1,C=C1C(=Cc2cc3sc4c(c3s2)C(c2ccccc2)(c2ccccc2)c2cc3c(cc2-4)C(c2ccccc2)(c2ccccc2)c2c-3sc3cc(C=C4C(=C)c5ccccc5C4=O)sc23)C(=O)c2ccccc21,c1csc(-c2c3cc(-c4ccc(-c5ccc(-c6ccc(-c7cc8c(-c9cccs9)c9sccc9c(-c9cccs9)c8s7)s6)c6n[nH]nc56)s4)sc3c(-c3cccs3)c3ccsc23)c1||C=C1C(=Cc2cc3sc4c(c3s2)C(c2ccccc2)(c2ccccc2)c2cc3c(cc2-4)C(c2ccccc2)(c2ccccc2)c2c-3sc3cc(C=C4C(=C)c5ccccc5C4=O)sc23)C(=O)c2ccccc21
425,FC1=C(C2=CC=C(C3=CC4=C(C5=CC=C(SCCCCCCCCCCCC)S5)C(SC(C)=C6)=C6C(C7=CC=C(SCCCCCCCCCCCC)S7)=C4S3)S2)C8=NN(CC(CCCCCC)CCCCCCCC)N=C8C(C9=CC=C(C%10=CC(C(C%11=CC=C(SCCCCCCCCCCCC)S%11)=C(S%12)C(C=C%12C)=C%13C%14=CC=C(SCCCCCCCCCCCC)S%14)=C%13S%10)S9)=C1F||c1cccc2c1C(=C(C#N)C#N)/C(=C/c1cc3c(s1)c1c(C3(c3ccc(cc3)CCCCCC)c3ccc(cc3)CCCCCC)c3c(s1)c(c1c(c3O[C@H](CCCC)CC)sc3c1C(c1c3sc(c1)/C=C\1/C(=C(C#N)C#N)c3c(C1=O)cccc3)(c1ccc(cc1)CCCCCC)c1ccc(cc1)CCCCCC)O[C@@H](CC)CCCC)/C2=O,FC1=C(C2=CC=C(C3=CC4=C(C5=CC=C(SCCCCCCCCCCCC)S5)C(SC(C)=C6)=C6C(C7=CC=C(SCCCCCCCCCCCC)S7)=C4S3)S2)C8=NN(CC(CCCCCC)CCCCCCCC)N=C8C(C9=CC=C(C%10=CC(C(C%11=CC=C(SCCCCCCCCCCCC)S%11)=C(S%12)C(C=C%12C)=C%13C%14=CC=C(SCCCCCCCCCCCC)S%14)=C%13S%10)S9)=C1F,c1cccc2c1C(=C(C#N)C#N)/C(=C/c1cc3c(s1)c1c(C3(c3ccc(cc3)CCCCCC)c3ccc(cc3)CCCCCC)c3c(s1)c(c1c(c3O[C@H](CCCC)CC)sc3c1C(c1c3sc(c1)/C=C\1/C(=C(C#N)C#N)c3c(C1=O)cccc3)(c1ccc(cc1)CCCCCC)c1ccc(cc1)CCCCCC)O[C@@H](CC)CCCC)/C2=O,9.56,2,8.69,9.56,maximum,c1csc(-c2c3cc(-c4ccc(-c5ccc(-c6ccc(-c7cc8c(-c9cccs9)c9sccc9c(-c9cccs9)c8s7)s6)c6n[nH]nc56)s4)sc3c(-c3cccs3)c3ccsc23)c1,C=C1C(=Cc2cc3c(s2)-c2sc4cc5c6c(sc5cc4c2C3(c2ccccc2)c2ccccc2)-c2sc(C=C3C(=C)c4ccccc4C3=O)cc2C6(c2ccccc2)c2ccccc2)C(=O)c2ccccc21,c1csc(-c2c3cc(-c4ccc(-c5ccc(-c6ccc(-c7cc8c(-c9cccs9)c9sccc9c(-c9cccs9)c8s7)s6)c6n[nH]nc56)s4)sc3c(-c3cccs3)c3ccsc23)c1||C=C1C(=Cc2cc3c(s2)-c2sc4cc5c6c(sc5cc4c2C3(c2ccccc2)c2ccccc2)-c2sc(C=C3C(=C)c4ccccc4C3=O)cc2C6(c2ccccc2)c2ccccc2)C(=O)c2ccccc21
508,O=C(C1=C(CCC(CCCC)CC)SC(CCC(CC)CCCC)=C1C2=O)C(C2=C(C3)C(C4)=CC=C4C5=CC6=C(C(C7=CC=C(CCC(CCCC)CC)S7)=C8C=CSC8=C6C9=CC=C(CCC(CCCC)CC)S9)S5)=C3C%10=CC=CS%10||O=C(/C(S1)=C/C(C2=NSN=C32)=CC=C3C(S4)=CC(C5(C6=CC=C(CCCCCC)C=C6)C7=CC=C(CCCCCC)C=C7)=C4C(C=C89)=C5C=C8C(SC(C%10=CC=C(/C=C%11SC(N(CC)C\%11=O)=S)C%12=NSN=C%10%12)=C%13)=C%13C9(C%14=CC=C(CCCCCC)C=C%14)C%15=CC=C(CCCCCC)C=C%15)N(CC)C1=S,O=C(C1=C(CCC(CCCC)CC)SC(CCC(CC)CCCC)=C1C2=O)C(C2=C(C3)C(C4)=CC=C4C5=CC6=C(C(C7=CC=C(CCC(CCCC)CC)S7)=C8C=CSC8=C6C9=CC=C(CCC(CCCC)CC)S9)S5)=C3C%10=CC=CS%10,O=C(/C(S1)=C/C(C2=NSN=C32)=CC=C3C(S4)=CC(C5(C6=CC=C(CCCCCC)C=C6)C7=CC=C(CCCCCC)C=C7)=C4C(C=C89)=C5C=C8C(SC(C%10=CC=C(/C=C%11SC(N(CC)C\%11=O)=S)C%12=NSN=C%10%12)=C%13)=C%13C9(C%14=CC=C(CCCCCC)C=C%14)C%15=CC=C(CCCCCC)C=C%15)N(CC)C1=S,8.09,3,6.99,8.09,maximum,O=C1C2=C(C3=CC=C(c4cc5c(-c6cccs6)c6sccc6c(-c6cccs6)c5s4)C3)CC(c3cccs3)=C2C(=O)c2cscc21,O=C1NC(=S)SC1=Cc1ccc(-c2cc3c(s2)-c2cc4c(cc2C3(c2ccccc2)c2ccccc2)-c2sc(-c3ccc(C=C5SC(=S)NC5=O)c5nsnc35)cc2C4(c2ccccc2)c2ccccc2)c2nsnc12,O=C1C2=C(C3=CC=C(c4cc5c(-c6cccs6)c6sccc6c(-c6cccs6)c5s4)C3)CC(c3cccs3)=C2C(=O)c2cscc21||O=C1NC(=S)SC1=Cc1ccc(-c2cc3c(s2)-c2cc4c(cc2C3(c2ccccc2)c2ccccc2)-c2sc(-c3ccc(C=C5SC(=S)NC5=O)c5nsnc35)cc2C4(c2ccccc2)c2ccccc2)c2nsnc12
543,O=C(C1=C(CCC(CCCC)CC)SC(CCC(CC)CCCC)=C1C2=O)C(C2=C(C3)C(C4)=CC=C4C5=CC6=C(C(C7=CC=C(CCC(CCCC)CC)S7)=C8C=CSC8=C6C9=CC=C(CCC(CCCC)CC)S9)S5)=C3C%10=CC=CS%10||O=C(C/1=C\c2cc3sc4c(C(c5ccc(CCCCCC)cc5)(c6ccc(CCCCCC)cc6)c7c8sc9c(C(c%10ccc(CCCCCC)cc%10)(c%11ccc(CCCCCC)cc%11)c%12c%13sc(/C=C%14C(c%15ccc(Cl)cc%15C\%14=C(C#N)\C#N)=O)cc%13sc%129)c8sc74)c3s2)c%16ccc(Cl)cc%16C1=C(C#N)/C#N,O=C(C1=C(CCC(CCCC)CC)SC(CCC(CC)CCCC)=C1C2=O)C(C2=C(C3)C(C4)=CC=C4C5=CC6=C(C(C7=CC=C(CCC(CCCC)CC)S7)=C8C=CSC8=C6C9=CC=C(CCC(CCCC)CC)S9)S5)=C3C%10=CC=CS%10,O=C(C/1=C\c2cc3sc4c(C(c5ccc(CCCCCC)cc5)(c6ccc(CCCCCC)cc6)c7c8sc9c(C(c%10ccc(CCCCCC)cc%10)(c%11ccc(CCCCCC)cc%11)c%12c%13sc(/C=C%14C(c%15ccc(Cl)cc%15C\%14=C(C#N)\C#N)=O)cc%13sc%129)c8sc74)c3s2)c%16ccc(Cl)cc%16C1=C(C#N)/C#N,12.2,1,12.2,12.2,maximum,O=C1C2=C(C3=CC=C(c4cc5c(-c6cccs6)c6sccc6c(-c6cccs6)c5s4)C3)CC(c3cccs3)=C2C(=O)c2cscc21,C=C1C(=Cc2cc3sc4c(c3s2)C(c2ccccc2)(c2ccccc2)c2c-4sc3c4c(sc23)-c2sc3cc(C=C5C(=C)c6ccccc6C5=O)sc3c2C4(c2ccccc2)c2ccccc2)C(=O)c2ccccc21,O=C1C2=C(C3=CC=C(c4cc5c(-c6cccs6)c6sccc6c(-c6cccs6)c5s4)C3)CC(c3cccs3)=C2C(=O)c2cscc21||C=C1C(=Cc2cc3sc4c(c3s2)C(c2ccccc2)(c2ccccc2)c2c-4sc3c4c(sc23)-c2sc3cc(C=C5C(=C)c6ccccc6C5=O)sc3c2C4(c2ccccc2)c2ccccc2)C(=O)c2ccccc21
598,O=C(C1=C(CCC(CCCC)CC)SC(CCC(CC)CCCC)=C1C2=O)C(C2=C(C3)C(C4)=CC=C4C5=CC6=C(C(C7=CC=C(CCC(CCCC)CC)S7)=C8C=CSC8=C6C9=CC=C(CCC(CCCC)CC)S9)S5)=C3C%10=CC=CS%10||O=C(C1=CC=CC=C1C/2=C(C#N)/C#N)C2=C/C3=C(C4=CC=C(CCCCCC)C=C4)C5=C(S3)C6=C(S5)C(C7=NSN=C7C8=C9N(C%10=CC=C(CCCCCC)C=C%10)C%11=C8SC%12=C%11SC(/C=C%13C(C%14=CC=CC=C%14C\%13=C(C#N)\C#N)=O)=C%12C%15=CC=C(CCCCCC)C=C%15)=C9N6C%16=CC=C(CCCCCC)C=C%16,O=C(C1=C(CCC(CCCC)CC)SC(CCC(CC)CCCC)=C1C2=O)C(C2=C(C3)C(C4)=CC=C4C5=CC6=C(C(C7=CC=C(CCC(CCCC)CC)S7)=C8C=CSC8=C6C9=CC=C(CCC(CCCC)CC)S9)S5)=C3C%10=CC=CS%10,O=C(C1=CC=CC=C1C/2=C(C#N)/C#N)C2=C/C3=C(C4=CC=C(CCCCCC)C=C4)C5=C(S3)C6=C(S5)C(C7=NSN=C7C8=C9N(C%10=CC=C(CCCCCC)C=C%10)C%11=C8SC%12=C%11SC(/C=C%13C(C%14=CC=CC=C%14C\%13=C(C#N)\C#N)=O)=C%12C%15=CC=C(CCCCCC)C=C%15)=C9N6C%16=CC=C(CCCCCC)C=C%16,14.1,1,14.1,14.1,maximum,O=C1C2=C(C3=CC=C(c4cc5c(-c6cccs6)c6sccc6c(-c6cccs6)c5s4)C3)CC(c3cccs3)=C2C(=O)c2cscc21,C=C1C(=Cc2sc3c(sc4c5c6nsnc6c6c7sc8c(-c9ccccc9)c(C=C9C(=C)c%10ccccc%10C9=O)sc8c7n(-c7ccccc7)c6c5n(-c5ccccc5)c34)c2-c2ccccc2)C(=O)c2ccccc21,O=C1C2=C(C3=CC=C(c4cc5c(-c6cccs6)c6sccc6c(-c6cccs6)c5s4)C3)CC(c3cccs3)=C2C(=O)c2cscc21||C=C1C(=Cc2sc3c(sc4c5c6nsnc6c6c7sc8c(-c9ccccc9)c(C=C9C(=C)c%10ccccc%10C9=O)sc8c7n(-c7ccccc7)c6c5n(-c5ccccc5)c34)c2-c2ccccc2)C(=O)c2ccccc21
641,O=C(C1=C(CCC(CCCC)CC)SC(CCC(CC)CCCC)=C1C2=O)C(C2=C(C3)C(C4)=CC=C4C5=CC6=C(C(C7=CC=C(CCC(CCCC)CC)S7)=C8C=CSC8=C6C9=CC=C(CCC(CCCC)CC)S9)S5)=C3C%10=CC=CS%10||c1(c(cc2c(c1)C(=O)/C(=C\c1sc3c(c1)sc1c3C(c3c1sc1c3sc3c1C(c1c3sc3c1sc(c3)/C=C/1\C(=O)c3c(C1=C(C#N)C#N)cc(c(c3)Cl)Cl)(c1ccc(cc1)CCCCCC)c1ccc(cc1)CCCCCC)(c1ccc(cc1)CCCCCC)c1ccc(cc1)CCCCCC)/C2=C(C#N)C#N)Cl)Cl,O=C(C1=C(CCC(CCCC)CC)SC(CCC(CC)CCCC)=C1C2=O)C(C2=C(C3)C(C4)=CC=C4C5=CC6=C(C(C7=CC=C(CCC(CCCC)CC)S7)=C8C=CSC8=C6C9=CC=C(CCC(CCCC)CC)S9)S5)=C3C%10=CC=CS%10,c1(c(cc2c(c1)C(=O)/C(=C\c1sc3c(c1)sc1c3C(c3c1sc1c3sc3c1C(c1c3sc3c1sc(c3)/C=C/1\C(=O)c3c(C1=C(C#N)C#N)cc(c(c3)Cl)Cl)(c1ccc(cc1)CCCCCC)c1ccc(cc1)CCCCCC)(c1ccc(cc1)CCCCCC)c1ccc(cc1)CCCCCC)/C2=C(C#N)C#N)Cl)Cl,11.2,1,11.2,11.2,maximum,O=C1C2=C(C3=CC=C(c4cc5c(-c6cccs6)c6sccc6c(-c6cccs6)c5s4)C3)CC(c3cccs3)=C2C(=O)c2cscc21,C=C1C(=Cc2cc3sc4c(c3s2)C(c2ccccc2)(c2ccccc2)c2c-4sc3c4c(sc23)-c2sc3cc(C=C5C(=C)c6ccccc6C5=O)sc3c2C4(c2ccccc2)c2ccccc2)C(=O)c2ccccc21,O=C1C2=C(C3=CC=C(c4cc5c(-c6cccs6)c6sccc6c(-c6cccs6)c5s4)C3)CC(c3cccs3)=C2C(=O)c2cscc21||C=C1C(=Cc2cc3sc4c(c3s2)C(c2ccccc2)(c2ccccc2)c2c-4sc3c4c(sc23)-c2sc3cc(C=C5C(=C)c6ccccc6C5=O)sc3c2C4(c2ccccc2)c2ccccc2)C(=O)c2ccccc21
653,O=C(C1=C(CCC(CCCC)CC)SC(CCC(CC)CCCC)=C1C2=O)C(C2=C(C3)C(C4)=CC=C4C5=CC6=C(C(C7=CC=C(CCC(CCCC)CC)S7)=C8C=CSC8=C6C9=CC=C(CCC(CCCC)CC)S9)S5)=C3C%10=CC=CS%10||c1ccc2c(c1)C(=O)/C(=C\c1sc3c(c1)sc1c3C(c3c1sc1c3sc3c1C(c1c3sc3c1sc(c3)/C=C/1\C(=O)c3c(C1=C(C#N)C#N)cccc3)(c1ccc(cc1)CCCCCC)c1ccc(cc1)CCCCCC)(c1ccc(cc1)CCCCCC)c1ccc(cc1)CCCCCC)/C2=C(C#N)C#N,O=C(C1=C(CCC(CCCC)CC)SC(CCC(CC)CCCC)=C1C2=O)C(C2=C(C3)C(C4)=CC=C4C5=CC6=C(C(C7=CC=C(CCC(CCCC)CC)S7)=C8C=CSC8=C6C9=CC=C(CCC(CCCC)CC)S9)S5)=C3C%10=CC=CS%10,c1ccc2c(c1)C(=O)/C(=C\c1sc3c(c1)sc1c3C(c3c1sc1c3sc3c1C(c1c3sc3c1sc(c3)/C=C/1\C(=O)c3c(C1=C(C#N)C#N)cccc3)(c1ccc(cc1)CCCCCC)c1ccc(cc1)CCCCCC)(c1ccc(cc1)CCCCCC)c1ccc(cc1)CCCCCC)/C2=C(C#N)C#N,11.3,1,11.3,11.3,maximum,O=C1C2=C(C3=CC=C(c4cc5c(-c6cccs6)c6sccc6c(-c6cccs6)c5s4)C3)CC(c3cccs3)=C2C(=O)c2cscc21,C=C1C(=Cc2cc3sc4c(c3s2)C(c2ccccc2)(c2ccccc2)c2c-4sc3c4c(sc23)-c2sc3cc(C=C5C(=C)c6ccccc6C5=O)sc3c2C4(c2ccccc2)c2ccccc2)C(=O)c2ccccc21,O=C1C2=C(C3=CC=C(c4cc5c(-c6cccs6)c6sccc6c(-c6cccs6)c5s4)C3)CC(c3cccs3)=C2C(=O)c2cscc21||C=C1C(=Cc2cc3sc4c(c3s2)C(c2ccccc2)(c2ccccc2)c2c-4sc3c4c(sc23)-c2sc3cc(C=C5C(=C)c6ccccc6C5=O)sc3c2C4(c2ccccc2)c2ccccc2)C(=O)c2ccccc21
671,O=C(N1CC(CCCCCC)CCCCCCCC)C(C=C2C(SC(C)=C3)=C3CCCCCCCCCC)=C(S2)C4=C(C=C(S4)C5=C(CCCCCCCCCC)C=C(C6=CC7=C(C8=C(C(C9=CC=C(S9)SCCCCCCCC)=C7S6)C=C(C)S8)C%10=CC=C(S%10)SCCCCCCCC)S5)C1=O||O=C(C1=C(C=CC(F)=C1)C/2=C(C#N)\C#N)C2=C/C3=CC(SC4=C5C(C6=CC=C(CCCCCC)C=C6)(C7=CC=C(CCCCCC)C=C7)C8=C4C=C9C(C%10=CC=C(CCCCCC)C=C%10)(C%11=CC=C(C=C%11)CCCCCC)C%12=C(SC%13=C%12SC(/C=C%14C(C%15=C(C=CC(F)=C%15)C\%14=C(C#N)\C#N)=O)=C%13)C9=C8)=C5S3,O=C(N1CC(CCCCCC)CCCCCCCC)C(C=C2C(SC(C)=C3)=C3CCCCCCCCCC)=C(S2)C4=C(C=C(S4)C5=C(CCCCCCCCCC)C=C(C6=CC7=C(C8=C(C(C9=CC=C(S9)SCCCCCCCC)=C7S6)C=C(C)S8)C%10=CC=C(S%10)SCCCCCCCC)S5)C1=O,O=C(C1=C(C=CC(F)=C1)C/2=C(C#N)\C#N)C2=C/C3=CC(SC4=C5C(C6=CC=C(CCCCCC)C=C6)(C7=CC=C(CCCCCC)C=C7)C8=C4C=C9C(C%10=CC=C(CCCCCC)C=C%10)(C%11=CC=C(C=C%11)CCCCCC)C%12=C(SC%13=C%12SC(/C=C%14C(C%15=C(C=CC(F)=C%15)C\%14=C(C#N)\C#N)=O)=C%13)C9=C8)=C5S3,10.55,4,5.86,10.55,maximum,O=c1[nH]c(=O)c2cc(-c3ccc(-c4cc5c(-c6cccs6)c6sccc6c(-c6cccs6)c5s4)s3)sc2c2sc(-c3cccs3)cc12,C=C1C(=Cc2cc3sc4c(c3s2)C(c2ccccc2)(c2ccccc2)c2cc3c(cc2-4)C(c2ccccc2)(c2ccccc2)c2c-3sc3cc(C=C4C(=C)c5ccccc5C4=O)sc23)C(=O)c2ccccc21,O=c1[nH]c(=O)c2cc(-c3ccc(-c4cc5c(-c6cccs6)c6sccc6c(-c6cccs6)c5s4)s3)sc2c2sc(-c3cccs3)cc12||C=C1C(=Cc2cc3sc4c(c3s2)C(c2ccccc2)(c2ccccc2)c2cc3c(cc2-4)C(c2ccccc2)(c2ccccc2)c2c-3sc3cc(C=C4C(=C)c5ccccc5C4=O)sc23)C(=O)c2ccccc21
672,O=C(N1CC(CCCCCCCC)CCCCCC)C(C=C2C(S3)=C(CCCCCCCCCC)C=C3C(SC4=C(C5=C6SC(C)=C5)C7=CC=C(S7)CCCCCCCC)=CC4=C6C(S8)=CC=C8CCCCCCCC)=C(S2)C9=C(C=C(S9)C%10=C(CCCCCCCCCC)C=C(C)S%10)C1=O||CCCCCC[Si]1(C2=C(C3=C1C=C(/C=C(/C4=C(C#N)\[N+]#[C-])C(C5=C4C=CC(F)=C5)=O)S3)SC6=C2SC7=C6[Si](CCCCCC)(CCCCCC)C8=C7SC(/C=C(/C9=C([N+]#[C-])\C#N)C(C%10=C9C=CC(F)=C%10)=O)=C8)CCCCCC,O=C(N1CC(CCCCCCCC)CCCCCC)C(C=C2C(S3)=C(CCCCCCCCCC)C=C3C(SC4=C(C5=C6SC(C)=C5)C7=CC=C(S7)CCCCCCCC)=CC4=C6C(S8)=CC=C8CCCCCCCC)=C(S2)C9=C(C=C(S9)C%10=C(CCCCCCCCCC)C=C(C)S%10)C1=O,CCCCCC[Si]1(C2=C(C3=C1C=C(/C=C(/C4=C(C#N)\[N+]#[C-])C(C5=C4C=CC(F)=C5)=O)S3)SC6=C2SC7=C6[Si](CCCCCC)(CCCCCC)C8=C7SC(/C=C(/C9=C([N+]#[C-])\C#N)C(C%10=C9C=CC(F)=C%10)=O)=C8)CCCCCC,10.2,1,10.2,10.2,maximum,O=c1[nH]c(=O)c2cc(-c3ccc(-c4cc5c(-c6cccs6)c6sccc6c(-c6cccs6)c5s4)s3)sc2c2sc(-c3cccs3)cc12,C=C1C(=Cc2cc3c(s2)-c2sc4c5c(sc4c2[SiH2]3)-c2sc(C=C3C(=C)c4ccccc4C3=O)cc2[SiH2]5)C(=O)c2ccccc21,O=c1[nH]c(=O)c2cc(-c3ccc(-c4cc5c(-c6cccs6)c6sccc6c(-c6cccs6)c5s4)s3)sc2c2sc(-c3cccs3)cc12||C=C1C(=Cc2cc3c(s2)-c2sc4c5c(sc4c2[SiH2]3)-c2sc(C=C3C(=C)c4ccccc4C3=O)cc2[SiH2]5)C(=O)c2ccccc21
673,O=C(N1CC(CCCCCCCC)CCCCCC)C(C=C2C(S3)=C(CCCCCCCCCC)C=C3C(SC4=C(C5=C6SC(C)=C5)C7=CC=C(S7)CCCCCCCC)=CC4=C6C(S8)=CC=C8CCCCCCCC)=C(S2)C9=C(C=C(S9)C%10=C(CCCCCCCCCC)C=C(C)S%10)C1=O||O=C(C(C=CC=C1)=C1C/2=C(C#N)\C#N)C2=C/C3=CC(SC4=C5C(C6=C(F)C=C(CCCCCC)C=C6)(C7=C(F)C=C(CCCCCC)C=C7)C8=CC9=C(C=C84)C(C%10=C(F)C=C(CCCCCC)C=C%10)(C%11=C(F)C=C(CCCCCC)C=C%11)C%12=C9SC%13=C%12SC(/C=C%14C(C(C=CC=C%15)=C%15C\%14=C(C#N)\C#N)=O)=C%13)=C5S3,O=C(N1CC(CCCCCCCC)CCCCCC)C(C=C2C(S3)=C(CCCCCCCCCC)C=C3C(SC4=C(C5=C6SC(C)=C5)C7=CC=C(S7)CCCCCCCC)=CC4=C6C(S8)=CC=C8CCCCCCCC)=C(S2)C9=C(C=C(S9)C%10=C(CCCCCCCCCC)C=C(C)S%10)C1=O,O=C(C(C=CC=C1)=C1C/2=C(C#N)\C#N)C2=C/C3=CC(SC4=C5C(C6=C(F)C=C(CCCCCC)C=C6)(C7=C(F)C=C(CCCCCC)C=C7)C8=CC9=C(C=C84)C(C%10=C(F)C=C(CCCCCC)C=C%10)(C%11=C(F)C=C(CCCCCC)C=C%11)C%12=C9SC%13=C%12SC(/C=C%14C(C(C=CC=C%15)=C%15C\%14=C(C#N)\C#N)=O)=C%13)=C5S3,9.5,1,9.5,9.5,maximum,O=c1[nH]c(=O)c2cc(-c3ccc(-c4cc5c(-c6cccs6)c6sccc6c(-c6cccs6)c5s4)s3)sc2c2sc(-c3cccs3)cc12,C=C1C(=Cc2cc3sc4c(c3s2)C(c2ccccc2)(c2ccccc2)c2cc3c(cc2-4)C(c2ccccc2)(c2ccccc2)c2c-3sc3cc(C=C4C(=C)c5ccccc5C4=O)sc23)C(=O)c2ccccc21,O=c1[nH]c(=O)c2cc(-c3ccc(-c4cc5c(-c6cccs6)c6sccc6c(-c6cccs6)c5s4)s3)sc2c2sc(-c3cccs3)cc12||C=C1C(=Cc2cc3sc4c(c3s2)C(c2ccccc2)(c2ccccc2)c2cc3c(cc2-4)C(c2ccccc2)(c2ccccc2)c2c-3sc3cc(C=C4C(=C)c5ccccc5C4=O)sc23)C(=O)c2ccccc21
674,O=C(N1CC(CCCCCCCC)CCCCCC)C(C=C2C(S3)=C(CCCCCCCCCC)C=C3C(SC4=C(C5=C6SC(C)=C5)C7=CC=C(S7)CCCCCCCC)=CC4=C6C(S8)=CC=C8CCCCCCCC)=C(S2)C9=C(C=C(S9)C%10=C(CCCCCCCCCC)C=C(C)S%10)C1=O||O=C(C(C=CC=C1)=C1C/2=C(C#N)\C#N)C2=C/C3=CC(SC4=C5C(C6=CC(F)=C(CCCCCC)C=C6)(C7=CC(F)=C(CCCCCC)C=C7)C8=CC9=C(C=C84)C(C%10=CC(F)=C(CCCCCC)C=C%10)(C%11=CC(F)=C(CCCCCC)C=C%11)C%12=C9SC%13=C%12SC(/C=C%14C(C(C=CC=C%15)=C%15C\%14=C(C#N)\C#N)=O)=C%13)=C5S3,O=C(N1CC(CCCCCCCC)CCCCCC)C(C=C2C(S3)=C(CCCCCCCCCC)C=C3C(SC4=C(C5=C6SC(C)=C5)C7=CC=C(S7)CCCCCCCC)=CC4=C6C(S8)=CC=C8CCCCCCCC)=C(S2)C9=C(C=C(S9)C%10=C(CCCCCCCCCC)C=C(C)S%10)C1=O,O=C(C(C=CC=C1)=C1C/2=C(C#N)\C#N)C2=C/C3=CC(SC4=C5C(C6=CC(F)=C(CCCCCC)C=C6)(C7=CC(F)=C(CCCCCC)C=C7)C8=CC9=C(C=C84)C(C%10=CC(F)=C(CCCCCC)C=C%10)(C%11=CC(F)=C(CCCCCC)C=C%11)C%12=C9SC%13=C%12SC(/C=C%14C(C(C=CC=C%15)=C%15C\%14=C(C#N)\C#N)=O)=C%13)=C5S3,9.01,1,9.01,9.01,maximum,O=c1[nH]c(=O)c2cc(-c3ccc(-c4cc5c(-c6cccs6)c6sccc6c(-c6cccs6)c5s4)s3)sc2c2sc(-c3cccs3)cc12,C=C1C(=Cc2cc3sc4c(c3s2)C(c2ccccc2)(c2ccccc2)c2cc3c(cc2-4)C(c2ccccc2)(c2ccccc2)c2c-3sc3cc(C=C4C(=C)c5ccccc5C4=O)sc23)C(=O)c2ccccc21,O=c1[nH]c(=O)c2cc(-c3ccc(-c4cc5c(-c6cccs6)c6sccc6c(-c6cccs6)c5s4)s3)sc2c2sc(-c3cccs3)cc12||C=C1C(=Cc2cc3sc4c(c3s2)C(c2ccccc2)(c2ccccc2)c2cc3c(cc2-4)C(c2ccccc2)(c2ccccc2)c2c-3sc3cc(C=C4C(=C)c5ccccc5C4=O)sc23)C(=O)c2ccccc21
675,O=C(N1CC(CCCCCCCC)CCCCCC)C(C=C2C(S3)=C(CCCCCCCCCC)C=C3C(SC4=C(C5=C6SC(C)=C5)C7=CC=C(S7)CCCCCCCC)=CC4=C6C(S8)=CC=C8CCCCCCCC)=C(S2)C9=C(C=C(S9)C%10=C(CCCCCCCCCC)C=C(C)S%10)C1=O||c12cc3c(cc1C(c1c2sc2c1sc(c2)/C=C\1/C(=C(C#N)C#N)c2c(C1=O)cccc2)(c1ccc(cc1)CCCCCC)c1ccc(cc1)CCCCCC)c1c(C3(c2ccc(cc2)CCCCCC)c2ccc(cc2)CCCCCC)c2c(s1)cc(s2)/C=C\1/C(=C(C#N)C#N)c2c(C1=O)cccc2,O=C(N1CC(CCCCCCCC)CCCCCC)C(C=C2C(S3)=C(CCCCCCCCCC)C=C3C(SC4=C(C5=C6SC(C)=C5)C7=CC=C(S7)CCCCCCCC)=CC4=C6C(S8)=CC=C8CCCCCCCC)=C(S2)C9=C(C=C(S9)C%10=C(CCCCCCCCCC)C=C(C)S%10)C1=O,c12cc3c(cc1C(c1c2sc2c1sc(c2)/C=C\1/C(=C(C#N)C#N)c2c(C1=O)cccc2)(c1ccc(cc1)CCCCCC)c1ccc(cc1)CCCCCC)c1c(C3(c2ccc(cc2)CCCCCC)c2ccc(cc2)CCCCCC)c2c(s1)cc(s2)/C=C\1/C(=C(C#N)C#N)c2c(C1=O)cccc2,8.89,1,8.89,8.89,maximum,O=c1[nH]c(=O)c2cc(-c3ccc(-c4cc5c(-c6cccs6)c6sccc6c(-c6cccs6)c5s4)s3)sc2c2sc(-c3cccs3)cc12,C=C1C(=Cc2cc3sc4c(c3s2)C(c2ccccc2)(c2ccccc2)c2cc3c(cc2-4)C(c2ccccc2)(c2ccccc2)c2c-3sc3cc(C=C4C(=C)c5ccccc5C4=O)sc23)C(=O)c2ccccc21,O=c1[nH]c(=O)c2cc(-c3ccc(-c4cc5c(-c6cccs6)c6sccc6c(-c6cccs6)c5s4)s3)sc2c2sc(-c3cccs3)cc12||C=C1C(=Cc2cc3sc4c(c3s2)C(c2ccccc2)(c2ccccc2)c2cc3c(cc2-4)C(c2ccccc2)(c2ccccc2)c2c-3sc3cc(C=C4C(=C)c5ccccc5C4=O)sc23)C(=O)c2ccccc21
681,O=C1C(C=CS2)=C2C3=C(C=C(S3)C4=CC5=C(C6=C(C(C7=CC=C(S7)CC(CC)CCCC)=C5S4)C=C(C)S6)C8=CC=C(S8)CC(CCCC)CC)N1CC(CCCCCCCCCC)CCCCCCCC||FC1=C(F)C=C(C/2=C(C#N)\C#N)C(C(C2=C/C(S3)=CC(S4)=C3C5=C4C(SC6=C7SC8=C6OC(C9=C8CC%10=C9SC(/C=C%11C(C%12=CC(F)=C(F)C=C%12C\%11=C(C#N)/C#N)=O)=C%10)(C%13=CC=C(CCCCCC)C=C%13)C%14=CC=C(CCCCCC)C=C%14)=C7OC5(C%15=CC=C(CCCCCC)C=C%15)C%16=CC=C(CCCCCC)C=C%16)=O)=C1,O=C1C(C=CS2)=C2C3=C(C=C(S3)C4=CC5=C(C6=C(C(C7=CC=C(S7)CC(CC)CCCC)=C5S4)C=C(C)S6)C8=CC=C(S8)CC(CCCC)CC)N1CC(CCCCCCCCCC)CCCCCCCC,FC1=C(F)C=C(C/2=C(C#N)\C#N)C(C(C2=C/C(S3)=CC(S4)=C3C5=C4C(SC6=C7SC8=C6OC(C9=C8CC%10=C9SC(/C=C%11C(C%12=CC(F)=C(F)C=C%12C\%11=C(C#N)/C#N)=O)=C%10)(C%13=CC=C(CCCCCC)C=C%13)C%14=CC=C(CCCCCC)C=C%14)=C7OC5(C%15=CC=C(CCCCCC)C=C%15)C%16=CC=C(CCCCCC)C=C%16)=O)=C1,6.46,2,6.46,6.46,maximum,O=c1[nH]c2cc(-c3cc4c(-c5cccs5)c5sccc5c(-c5cccs5)c4s3)sc2c2sccc12,C=C1C(=Cc2cc3c(s2)C2=C(C3)c3sc4c5c(sc4c3OC2(c2ccccc2)c2ccccc2)-c2sc3cc(C=C4C(=C)c6ccccc6C4=O)sc3c2C(c2ccccc2)(c2ccccc2)O5)C(=O)c2ccccc21,O=c1[nH]c2cc(-c3cc4c(-c5cccs5)c5sccc5c(-c5cccs5)c4s3)sc2c2sccc12||C=C1C(=Cc2cc3c(s2)C2=C(C3)c3sc4c5c(sc4c3OC2(c2ccccc2)c2ccccc2)-c2sc3cc(C=C4C(=C)c6ccccc6C4=O)sc3c2C(c2ccccc2)(c2ccccc2)O5)C(=O)c2ccccc21
682,O=C1C(C=CS2)=C2C3=C(C=C(S3)C4=CC5=C(C6=C(C(C7=CC=C(S7)CC(CC)CCCC)=C5S4)C=C(C)S6)C8=CC=C(S8)CC(CCCC)CC)N1CC(CCCCCCCCCC)CCCCCCCC||O=C(C(C=C(C(F)=C1)F)=C1C/2=C(C#N)\C#N)C2=C/C3=CC(SC4=C5C(C6=CC=C(CCCCCC)C=C6)(C7=C4SC8=C7C=C9SC%10=C(C(C%11=CC=C(CCCCCC)C=C%11)(C%12=C%10SC%13=C%12SC(/C=C%14C(C%15=CC(F)=C(C=C%15C\%14=C(C#N)\C#N)F)=O)=C%13)C%16=CC=C(CCCCCC)C=C%16)C9=C8)C%17=CC=C(CCCCCC)C=C%17)=C5S3,O=C1C(C=CS2)=C2C3=C(C=C(S3)C4=CC5=C(C6=C(C(C7=CC=C(S7)CC(CC)CCCC)=C5S4)C=C(C)S6)C8=CC=C(S8)CC(CCCC)CC)N1CC(CCCCCCCCCC)CCCCCCCC,O=C(C(C=C(C(F)=C1)F)=C1C/2=C(C#N)\C#N)C2=C/C3=CC(SC4=C5C(C6=CC=C(CCCCCC)C=C6)(C7=C4SC8=C7C=C9SC%10=C(C(C%11=CC=C(CCCCCC)C=C%11)(C%12=C%10SC%13=C%12SC(/C=C%14C(C%15=CC(F)=C(C=C%15C\%14=C(C#N)\C#N)F)=O)=C%13)C%16=CC=C(CCCCCC)C=C%16)C9=C8)C%17=CC=C(CCCCCC)C=C%17)=C5S3,10.04,2,10.04,10.04,maximum,O=c1[nH]c2cc(-c3cc4c(-c5cccs5)c5sccc5c(-c5cccs5)c4s3)sc2c2sccc12,C=C1C(=Cc2cc3sc4c(c3s2)C(c2ccccc2)(c2ccccc2)c2c-4sc3cc4c5c(sc4cc23)-c2sc3cc(C=C4C(=C)c6ccccc6C4=O)sc3c2C5(c2ccccc2)c2ccccc2)C(=O)c2ccccc21,O=c1[nH]c2cc(-c3cc4c(-c5cccs5)c5sccc5c(-c5cccs5)c4s3)sc2c2sccc12||C=C1C(=Cc2cc3sc4c(c3s2)C(c2ccccc2)(c2ccccc2)c2c-4sc3cc4c5c(sc4cc23)-c2sc3cc(C=C4C(=C)c6ccccc6C4=O)sc3c2C5(c2ccccc2)c2ccccc2)C(=O)c2ccccc21
683,O=C1C(C=CS2)=C2C3=C(C=C(S3)C4=CC5=C(C6=C(C(C7=CC=C(S7)CC(CC)CCCC)=C5S4)C=C(C)S6)C8=CC=C(S8)CC(CCCC)CC)N1CC(CCCCCCCCCC)CCCCCCCC||c1(cc2c(cc1F)C(=O)/C(=C\c1cc3c(s1)c1c(s3)c3c(C1(c1ccc(cc1)CCCCCC)c1ccc(cc1)CCCCCC)cc1c(c3)C(c3c1sc1c3sc(c1)/C=C/1\C(=O)c3c(C1=C(C#N)C#N)cc(c(c3)F)F)(c1ccc(cc1)CCCCCC)c1ccc(cc1)CCCCCC)/C2=C(C#N)C#N)F,O=C1C(C=CS2)=C2C3=C(C=C(S3)C4=CC5=C(C6=C(C(C7=CC=C(S7)CC(CC)CCCC)=C5S4)C=C(C)S6)C8=CC=C(S8)CC(CCCC)CC)N1CC(CCCCCCCCCC)CCCCCCCC,c1(cc2c(cc1F)C(=O)/C(=C\c1cc3c(s1)c1c(s3)c3c(C1(c1ccc(cc1)CCCCCC)c1ccc(cc1)CCCCCC)cc1c(c3)C(c3c1sc1c3sc(c1)/C=C/1\C(=O)c3c(C1=C(C#N)C#N)cc(c(c3)F)F)(c1ccc(cc1)CCCCCC)c1ccc(cc1)CCCCCC)/C2=C(C#N)C#N)F,10.96,2,10.96,10.96,maximum,O=c1[nH]c2cc(-c3cc4c(-c5cccs5)c5sccc5c(-c5cccs5)c4s3)sc2c2sccc12,C=C1C(=Cc2cc3sc4c(c3s2)C(c2ccccc2)(c2ccccc2)c2cc3c(cc2-4)C(c2ccccc2)(c2ccccc2)c2c-3sc3cc(C=C4C(=C)c5ccccc5C4=O)sc23)C(=O)c2ccccc21,O=c1[nH]c2cc(-c3cc4c(-c5cccs5)c5sccc5c(-c5cccs5)c4s3)sc2c2sccc12||C=C1C(=Cc2cc3sc4c(c3s2)C(c2ccccc2)(c2ccccc2)c2cc3c(cc2-4)C(c2ccccc2)(c2ccccc2)c2c-3sc3cc(C=C4C(=C)c5ccccc5C4=O)sc23)C(=O)c2ccccc21
755,[Cl]C(C([Cl])=C(C1=NN(N=C21)CC(CCCCCC)CCCCCCCC)C3=CC=C(C4=CC(C(C5=CC(Cl)=C(S5)CC)=C6SC(C)=CC6=C7C8=CC(Cl)=C(S8)CC)=C7S4)S3)=C2C9=CC=C(C)S9||O=C(/C(S/1)=C\C(C2=NN(N=C32)CCCCCCCC)=CC=C3C4=CC5=C(S4)C6=CC7=C(C=C6C5(C8=CC=C(C=C8)CCCCCC)C9=CC=C(C=C9)CCCCCC)C(SC(C(C%10=NN(CCCCCCCC)N=C%11%10)=CC=C%11/C=C%12S/C(N(C\%12=O)CC%13=CC=CC=C%13)=C(C#N)/C#N)=C%14)=C%14C7(C%15=CC=C(CCCCCC)C=C%15)C%16=CC=C(CCCCCC)C=C%16)N(CC%17=CC=CC=C%17)C1=C(C#N)/C#N,[Cl]C(C([Cl])=C(C1=NN(N=C21)CC(CCCCCC)CCCCCCCC)C3=CC=C(C4=CC(C(C5=CC(Cl)=C(S5)CC)=C6SC(C)=CC6=C7C8=CC(Cl)=C(S8)CC)=C7S4)S3)=C2C9=CC=C(C)S9,O=C(/C(S/1)=C\C(C2=NN(N=C32)CCCCCCCC)=CC=C3C4=CC5=C(S4)C6=CC7=C(C=C6C5(C8=CC=C(C=C8)CCCCCC)C9=CC=C(C=C9)CCCCCC)C(SC(C(C%10=NN(CCCCCCCC)N=C%11%10)=CC=C%11/C=C%12S/C(N(C\%12=O)CC%13=CC=CC=C%13)=C(C#N)/C#N)=C%14)=C%14C7(C%15=CC=C(CCCCCC)C=C%15)C%16=CC=C(CCCCCC)C=C%16)N(CC%17=CC=CC=C%17)C1=C(C#N)/C#N,8.99,1,8.99,8.99,maximum,c1csc(-c2ccc(-c3ccc(-c4cc5c(-c6cccs6)c6sccc6c(-c6cccs6)c5s4)s3)c3n[nH]nc23)c1,C=c1sc(=Cc2ccc(-c3cc4c(s3)-c3cc5c(cc3C4(c3ccccc3)c3ccccc3)-c3sc(-c4ccc(C=c6sc(=C)n(Cc7ccccc7)c6=O)c6n[nH]nc46)cc3C5(c3ccccc3)c3ccccc3)c3n[nH]nc23)c(=O)n1Cc1ccccc1,c1csc(-c2ccc(-c3ccc(-c4cc5c(-c6cccs6)c6sccc6c(-c6cccs6)c5s4)s3)c3n[nH]nc23)c1||C=c1sc(=Cc2ccc(-c3cc4c(s3)-c3cc5c(cc3C4(c3ccccc3)c3ccccc3)-c3sc(-c4ccc(C=c6sc(=C)n(Cc7ccccc7)c6=O)c6n[nH]nc46)cc3C5(c3ccccc3)c3ccccc3)c3n[nH]nc23)c(=O)n1Cc1ccccc1
773,[H]C(C([H])=C(C1=NN(N=C21)CC(CCCCCC)CCCCCCCC)C3=CC=C(C4=CC(C(C5=CC(Cl)=C(S5)CC)=C6SC(C)=CC6=C7C8=CC(Cl)=C(S8)CC)=C7S4)S3)=C2C9=CC=C(C)S9||O=C(/C(S/1)=C\C(C2=NN(N=C32)CCCCCCCC)=CC=C3C4=CC5=C(S4)C6=CC7=C(C=C6C5(C8=CC=C(C=C8)CCCCCC)C9=CC=C(C=C9)CCCCCC)C(SC(C(C%10=NN(CCCCCCCC)N=C%11%10)=CC=C%11/C=C%12S/C(N(C\%12=O)CC%13=CC=CC=C%13)=C(C#N)/C#N)=C%14)=C%14C7(C%15=CC=C(CCCCCC)C=C%15)C%16=CC=C(CCCCCC)C=C%16)N(CC%17=CC=CC=C%17)C1=C(C#N)/C#N,[H]C(C([H])=C(C1=NN(N=C21)CC(CCCCCC)CCCCCCCC)C3=CC=C(C4=CC(C(C5=CC(Cl)=C(S5)CC)=C6SC(C)=CC6=C7C8=CC(Cl)=C(S8)CC)=C7S4)S3)=C2C9=CC=C(C)S9,O=C(/C(S/1)=C\C(C2=NN(N=C32)CCCCCCCC)=CC=C3C4=CC5=C(S4)C6=CC7=C(C=C6C5(C8=CC=C(C=C8)CCCCCC)C9=CC=C(C=C9)CCCCCC)C(SC(C(C%10=NN(CCCCCCCC)N=C%11%10)=CC=C%11/C=C%12S/C(N(C\%12=O)CC%13=CC=CC=C%13)=C(C#N)/C#N)=C%14)=C%14C7(C%15=CC=C(CCCCCC)C=C%15)C%16=CC=C(CCCCCC)C=C%16)N(CC%17=CC=CC=C%17)C1=C(C#N)/C#N,10.08,1,10.08,10.08,maximum,c1csc(-c2ccc(-c3ccc(-c4cc5c(-c6cccs6)c6sccc6c(-c6cccs6)c5s4)s3)c3n[nH]nc23)c1,C=c1sc(=Cc2ccc(-c3cc4c(s3)-c3cc5c(cc3C4(c3ccccc3)c3ccccc3)-c3sc(-c4ccc(C=c6sc(=C)n(Cc7ccccc7)c6=O)c6n[nH]nc46)cc3C5(c3ccccc3)c3ccccc3)c3n[nH]nc23)c(=O)n1Cc1ccccc1,c1csc(-c2ccc(-c3ccc(-c4cc5c(-c6cccs6)c6sccc6c(-c6cccs6)c5s4)s3)c3n[nH]nc23)c1||C=c1sc(=Cc2ccc(-c3cc4c(s3)-c3cc5c(cc3C4(c3ccccc3)c3ccccc3)-c3sc(-c4ccc(C=c6sc(=C)n(Cc7ccccc7)c6=O)c6n[nH]nc46)cc3C5(c3ccccc3)c3ccccc3)c3n[nH]nc23)c(=O)n1Cc1ccccc1
781,c1(c2c(c(c3c1sc(c3)c1ccc(s1)c1sc(c3c1C(=O)c1c(C3=O)c(sc1C[C@@H](CC)CCCC)C[C@H](CC)CCCC)c1cccs1)OC[C@@H](CCCCCCCC)CCCCCC)scc2)c1ccc(cc1)c1ccc(cc1)OC[C@@H](CC)CCCC||N#C/C(C#N)=C(C1=CC=CC=C1C2=O)/C2=C/C3=CC4=C(C5=C(C=C6C(C(CCCCCC)(CCCCCC)C7=C6SC(/C=C8/C(C9=CC=CC=C9C8=O)=C(C#N)/C#N)=C7)=C5)C4(CCCCCC)CCCCCC)S3,c1(c2c(c(c3c1sc(c3)c1ccc(s1)c1sc(c3c1C(=O)c1c(C3=O)c(sc1C[C@@H](CC)CCCC)C[C@H](CC)CCCC)c1cccs1)OC[C@@H](CCCCCCCC)CCCCCC)scc2)c1ccc(cc1)c1ccc(cc1)OC[C@@H](CC)CCCC,N#C/C(C#N)=C(C1=CC=CC=C1C2=O)/C2=C/C3=CC4=C(C5=C(C=C6C(C(CCCCCC)(CCCCCC)C7=C6SC(/C=C8/C(C9=CC=CC=C9C8=O)=C(C#N)/C#N)=C7)=C5)C4(CCCCCC)CCCCCC)S3,7.75,1,7.75,7.75,maximum,O=C1c2cscc2C(=O)c2c(-c3ccc(-c4cc5cc6sccc6c(-c6ccc(-c7ccccc7)cc6)c5s4)s3)sc(-c3cccs3)c21,C=C1C(=Cc2cc3c(s2)-c2cc4c(cc2C3)-c2sc(C=C3C(=C)c5ccccc5C3=O)cc2C4)C(=O)c2ccccc21,O=C1c2cscc2C(=O)c2c(-c3ccc(-c4cc5cc6sccc6c(-c6ccc(-c7ccccc7)cc6)c5s4)s3)sc(-c3cccs3)c21||C=C1C(=Cc2cc3c(s2)-c2cc4c(cc2C3)-c2sc(C=C3C(=C)c5ccccc5C3=O)cc2C4)C(=O)c2ccccc21
782,c1(c2c(c(c3c1sc(c3)c1ccc(s1)c1sc(c3c1C(=O)c1c(C3=O)c(sc1C[C@@H](CC)CCCC)C[C@H](CC)CCCC)c1cccs1)OC[C@@H](CCCCCCCC)CCCCCC)scc2)c1ccc(cc1)c1ccc(cc1)OC[C@@H](CC)CCCC||O=C(C1=CC=CC2=C1C(C3=O)=CC=C2C#CC#CC4=CC=C5C6=C4C=CC=C6C(N(C5=O)CCCCCCCC)=O)N3CCCCCCCC,c1(c2c(c(c3c1sc(c3)c1ccc(s1)c1sc(c3c1C(=O)c1c(C3=O)c(sc1C[C@@H](CC)CCCC)C[C@H](CC)CCCC)c1cccs1)OC[C@@H](CCCCCCCC)CCCCCC)scc2)c1ccc(cc1)c1ccc(cc1)OC[C@@H](CC)CCCC,O=C(C1=CC=CC2=C1C(C3=O)=CC=C2C#CC#CC4=CC=C5C6=C4C=CC=C6C(N(C5=O)CCCCCCCC)=O)N3CCCCCCCC,3.71,1,3.71,3.71,maximum,O=C1c2cscc2C(=O)c2c(-c3ccc(-c4cc5cc6sccc6c(-c6ccc(-c7ccccc7)cc6)c5s4)s3)sc(-c3cccs3)c21,O=C1NC(=O)c2ccc(C#CC#Cc3ccc4c5c(cccc35)C(=O)NC4=O)c3cccc1c23,O=C1c2cscc2C(=O)c2c(-c3ccc(-c4cc5cc6sccc6c(-c6ccc(-c7ccccc7)cc6)c5s4)s3)sc(-c3cccs3)c21||O=C1NC(=O)c2ccc(C#CC#Cc3ccc4c5c(cccc35)C(=O)NC4=O)c3cccc1c23
783,c1(c2c(c(c3c1sc(c3)c1ccc(s1)c1sc(c3c1C(=O)c1c(C3=O)c(sc1C[C@@H](CC)CCCC)C[C@H](CC)CCCC)c1cccs1)OC[C@@H](CCCCCCCC)CCCCCC)scc2)c1ccc(cc1)c1ccc(cc1)OC[C@@H](CC)CCCC||c12cc3c(cc1C(c1c2sc2c1sc(c2)/C=C\1/C(=C(C#N)C#N)c2c(C1=O)cccc2)(c1ccc(cc1)CCCCCC)c1ccc(cc1)CCCCCC)c1c(C3(c2ccc(cc2)CCCCCC)c2ccc(cc2)CCCCCC)c2c(s1)cc(s2)/C=C\1/C(=C(C#N)C#N)c2c(C1=O)cccc2,c1(c2c(c(c3c1sc(c3)c1ccc(s1)c1sc(c3c1C(=O)c1c(C3=O)c(sc1C[C@@H](CC)CCCC)C[C@H](CC)CCCC)c1cccs1)OC[C@@H](CCCCCCCC)CCCCCC)scc2)c1ccc(cc1)c1ccc(cc1)OC[C@@H](CC)CCCC,c12cc3c(cc1C(c1c2sc2c1sc(c2)/C=C\1/C(=C(C#N)C#N)c2c(C1=O)cccc2)(c1ccc(cc1)CCCCCC)c1ccc(cc1)CCCCCC)c1c(C3(c2ccc(cc2)CCCCCC)c2ccc(cc2)CCCCCC)c2c(s1)cc(s2)/C=C\1/C(=C(C#N)C#N)c2c(C1=O)cccc2,8.1,2,4.17,8.1,maximum,O=C1c2cscc2C(=O)c2c(-c3ccc(-c4cc5cc6sccc6c(-c6ccc(-c7ccccc7)cc6)c5s4)s3)sc(-c3cccs3)c21,C=C1C(=Cc2cc3sc4c(c3s2)C(c2ccccc2)(c2ccccc2)c2cc3c(cc2-4)C(c2ccccc2)(c2ccccc2)c2c-3sc3cc(C=C4C(=C)c5ccccc5C4=O)sc23)C(=O)c2ccccc21,O=C1c2cscc2C(=O)c2c(-c3ccc(-c4cc5cc6sccc6c(-c6ccc(-c7ccccc7)cc6)c5s4)s3)sc(-c3cccs3)c21||C=C1C(=Cc2cc3sc4c(c3s2)C(c2ccccc2)(c2ccccc2)c2cc3c(cc2-4)C(c2ccccc2)(c2ccccc2)c2c-3sc3cc(C=C4C(=C)c5ccccc5C4=O)sc23)C(=O)c2ccccc21
797,c1cccc2c1n(c1c2ccc(c1)c1sc(cc1)c1ccc(c2c1nsn2)c1sccc1)C(CCCCCCCC)CCCCCCCC||O=C(N(C(C1=CC=C([Se]1)/C=C2S/C(N(C\2=O)CC)=C(C#N)\C#N)=C3C(N4CC(CCCC)CC)=O)CC(CCCC)CC)C3=C4C([Se]5)=CC=C5/C=C(C(N/6CC)=O)\SC6=C(C#N)\C#N,c1cccc2c1n(c1c2ccc(c1)c1sc(cc1)c1ccc(c2c1nsn2)c1sccc1)C(CCCCCCCC)CCCCCCCC,O=C(N(C(C1=CC=C([Se]1)/C=C2S/C(N(C\2=O)CC)=C(C#N)\C#N)=C3C(N4CC(CCCC)CC)=O)CC(CCCC)CC)C3=C4C([Se]5)=CC=C5/C=C(C(N/6CC)=O)\SC6=C(C#N)\C#N,10.12,1,10.12,10.12,maximum,c1csc(-c2ccc(-c3ccc(-c4ccc5c(c4)[nH]c4ccccc45)s3)c3nsnc23)c1,C=c1[nH]c(=O)c(=Cc2ccc(C3=C4C(=O)NC(c5ccc(C=c6sc(=C)[nH]c6=O)[se]5)=C4C(=O)N3)[se]2)s1,c1csc(-c2ccc(-c3ccc(-c4ccc5c(c4)[nH]c4ccccc45)s3)c3nsnc23)c1||C=c1[nH]c(=O)c(=Cc2ccc(C3=C4C(=O)NC(c5ccc(C=c6sc(=C)[nH]c6=O)[se]5)=C4C(=O)N3)[se]2)s1
802,c1sc(cc1C[C@H](CCCCCCCC)CCCCCCCCCC)c1c(c(c(c2c1nsn2)c1sc(c(c1)C[C@@H](CCCCCCCC)CCCCCCCCCC)c1ccc(s1)c1sccc1)F)F||CCN1C(/C(SC1=S)=C/C2=CC=C(C3=NSN=C23)C4=CC=C5C(C(C6=C5C=CC(C7=CC=C(C8=NSN=C78)/C=C9SC(N(C\9=O)CC)=S)=C6)(CCCCCCCC)CCCCCCCC)=C4)=O,c1sc(cc1C[C@H](CCCCCCCC)CCCCCCCCCC)c1c(c(c(c2c1nsn2)c1sc(c(c1)C[C@@H](CCCCCCCC)CCCCCCCCCC)c1ccc(s1)c1sccc1)F)F,CCN1C(/C(SC1=S)=C/C2=CC=C(C3=NSN=C23)C4=CC=C5C(C(C6=C5C=CC(C7=CC=C(C8=NSN=C78)/C=C9SC(N(C\9=O)CC)=S)=C6)(CCCCCCCC)CCCCCCCC)=C4)=O,7.04,1,7.04,7.04,maximum,c1csc(-c2ccc(-c3ccc(-c4ccc(-c5cccs5)c5nsnc45)s3)s2)c1,O=C1NC(=S)SC1=Cc1ccc(-c2ccc3c(c2)Cc2cc(-c4ccc(C=C5SC(=S)NC5=O)c5nsnc45)ccc2-3)c2nsnc12,c1csc(-c2ccc(-c3ccc(-c4ccc(-c5cccs5)c5nsnc45)s3)s2)c1||O=C1NC(=S)SC1=Cc1ccc(-c2ccc3c(c2)Cc2cc(-c4ccc(C=C5SC(=S)NC5=O)c5nsnc45)ccc2-3)c2nsnc12
803,c1sc(cc1C[C@H](CCCCCCCC)CCCCCCCCCC)c1c(c(c(c2c1nsn2)c1sc(c(c1)C[C@@H](CCCCCCCC)CCCCCCCCCC)c1ccc(s1)c1sccc1)F)F||c1(ccc(c2c1nsn2)c1cc2c(cc1)c1c(C2(CCCCCCCCCC)CCCCCCCCCC)cc(cc1)c1ccc(c2c1nsn2)/C=C/1\SC(=C(S1)SCCCCCC)SCCCCCC)/C=C\1/SC(=C(S1)SCCCCCC)SCCCCCC,c1sc(cc1C[C@H](CCCCCCCC)CCCCCCCCCC)c1c(c(c(c2c1nsn2)c1sc(c(c1)C[C@@H](CCCCCCCC)CCCCCCCCCC)c1ccc(s1)c1sccc1)F)F,c1(ccc(c2c1nsn2)c1cc2c(cc1)c1c(C2(CCCCCCCCCC)CCCCCCCCCC)cc(cc1)c1ccc(c2c1nsn2)/C=C/1\SC(=C(S1)SCCCCCC)SCCCCCC)/C=C\1/SC(=C(S1)SCCCCCC)SCCCCCC,7.13,1,7.13,7.13,maximum,c1csc(-c2ccc(-c3ccc(-c4ccc(-c5cccs5)c5nsnc45)s3)s2)c1,C1=CSC(=Cc2ccc(-c3ccc4c(c3)Cc3cc(-c5ccc(C=C6SC=CS6)c6nsnc56)ccc3-4)c3nsnc23)S1,c1csc(-c2ccc(-c3ccc(-c4ccc(-c5cccs5)c5nsnc45)s3)s2)c1||C1=CSC(=Cc2ccc(-c3ccc4c(c3)Cc3cc(-c5ccc(C=C6SC=CS6)c6nsnc56)ccc3-4)c3nsnc23)S1
804,c1scc(c1)CCCCCC||C1(=S)N(C(=O)/C(=C/c2c3c(c(cc2)c2sc4c(c2)[C@](c2c4cc4c(c2)c2c([C@]4(C[C@H](CC)CCCC)C[C@@H](CC)CCCC)cc(s2)c2ccc(c4c2nsn4)/C=C/2\SC(=S)N(C2=O)CC)(C[C@@H](CCCC)CC)C[C@H](CCCC)CC)nsn3)/S1)CC,c1scc(c1)CCCCCC,C1(=S)N(C(=O)/C(=C/c2c3c(c(cc2)c2sc4c(c2)[C@](c2c4cc4c(c2)c2c([C@]4(C[C@H](CC)CCCC)C[C@@H](CC)CCCC)cc(s2)c2ccc(c4c2nsn4)/C=C/2\SC(=S)N(C2=O)CC)(C[C@@H](CCCC)CC)C[C@H](CCCC)CC)nsn3)/S1)CC,6.0,2,3.3,6.0,maximum,c1ccsc1,O=C1NC(=S)SC1=Cc1ccc(-c2cc3c(s2)-c2cc4c(cc2C3)-c2sc(-c3ccc(C=C5SC(=S)NC5=O)c5nsnc35)cc2C4)c2nsnc12,c1ccsc1||O=C1NC(=S)SC1=Cc1ccc(-c2cc3c(s2)-c2cc4c(cc2C3)-c2sc(-c3ccc(C=C5SC(=S)NC5=O)c5nsnc35)cc2C4)c2nsnc12
805,c1scc(c1)CCCCCC||CCCCCCCCC1(C2=C(C3=C1C=C(C4=C3)C5=C(C4(CCCCCCCC)CCCCCCCC)C=C(C6=CC=C(C7=NSN=C67)/C=C8SC(N(C\8=O)CC)=S)S5)SC(C9=CC=C(/C=C%10SC(N(C\%10=O)CC)=S)C%11=NSN=C9%11)=C2)CCCCCCCC,c1scc(c1)CCCCCC,CCCCCCCCC1(C2=C(C3=C1C=C(C4=C3)C5=C(C4(CCCCCCCC)CCCCCCCC)C=C(C6=CC=C(C7=NSN=C67)/C=C8SC(N(C\8=O)CC)=S)S5)SC(C9=CC=C(/C=C%10SC(N(C\%10=O)CC)=S)C%11=NSN=C9%11)=C2)CCCCCCCC,6.05,1,6.05,6.05,maximum,c1ccsc1,O=C1NC(=S)SC1=Cc1ccc(-c2cc3c(s2)-c2cc4c(cc2C3)-c2sc(-c3ccc(C=C5SC(=S)NC5=O)c5nsnc35)cc2C4)c2nsnc12,c1ccsc1||O=C1NC(=S)SC1=Cc1ccc(-c2cc3c(s2)-c2cc4c(cc2C3)-c2sc(-c3ccc(C=C5SC(=S)NC5=O)c5nsnc35)cc2C4)c2nsnc12
809,c1scc(c1)CCCCCC||O=C(/C(S/1)=C\C(C2=NN(N=C32)CCCCCCCC)=CC=C3C4=CC(C5(C6=CC=C(C=C6)OCCCCCC)C7=CC=C(C=C7)OCCCCCC)=C(S4)C(C=C8C9(C(C=C%10)=CC=C%10OCCCCCC)C(C=C%11)=CC=C%11OCCCCCC)=C5C=C8C(S%12)=C9C=C%12C(C%13=NN%14CCCCCCCC)=CC=C(C%13=N%14)/C=C%15S/C(N(CC)C/%15=O)=C(C#N)\C#N)N(CC)C1=C(C#N)/C#N,c1scc(c1)CCCCCC,O=C(/C(S/1)=C\C(C2=NN(N=C32)CCCCCCCC)=CC=C3C4=CC(C5(C6=CC=C(C=C6)OCCCCCC)C7=CC=C(C=C7)OCCCCCC)=C(S4)C(C=C8C9(C(C=C%10)=CC=C%10OCCCCCC)C(C=C%11)=CC=C%11OCCCCCC)=C5C=C8C(S%12)=C9C=C%12C(C%13=NN%14CCCCCCCC)=CC=C(C%13=N%14)/C=C%15S/C(N(CC)C/%15=O)=C(C#N)\C#N)N(CC)C1=C(C#N)/C#N,6.56,1,6.56,6.56,maximum,c1ccsc1,C=c1[nH]c(=O)c(=Cc2ccc(-c3cc4c(s3)-c3cc5c(cc3C4(c3ccccc3)c3ccccc3)-c3sc(-c4ccc(C=c6sc(=C)[nH]c6=O)c6n[nH]nc46)cc3C5(c3ccccc3)c3ccccc3)c3n[nH]nc23)s1,c1ccsc1||C=c1[nH]c(=O)c(=Cc2ccc(-c3cc4c(s3)-c3cc5c(cc3C4(c3ccccc3)c3ccccc3)-c3sc(-c4ccc(C=c6sc(=C)[nH]c6=O)c6n[nH]nc46)cc3C5(c3ccccc3)c3ccccc3)c3n[nH]nc23)s1
811,c1scc(c1)CCCCCC||O=C(/C(S/1)=C\C(C2=NN(N=C32)CCCCCCCC)=CC=C3C4=CC5=C(S4)C6=CC7=C(C=C6C5(C8=CC=C(C=C8)CCCCCC)C9=CC=C(C=C9)CCCCCC)C(SC(C(C%10=NN(CCCCCCCC)N=C%11%10)=CC=C%11/C=C%12S/C(N(C\%12=O)CC)=C(C#N)/C#N)=C%13)=C%13C7(C%14=CC=C(CCCCCC)C=C%14)C%15=CC=C(CCCCCC)C=C%15)N(CC)C1=C(C#N)/C#N,c1scc(c1)CCCCCC,O=C(/C(S/1)=C\C(C2=NN(N=C32)CCCCCCCC)=CC=C3C4=CC5=C(S4)C6=CC7=C(C=C6C5(C8=CC=C(C=C8)CCCCCC)C9=CC=C(C=C9)CCCCCC)C(SC(C(C%10=NN(CCCCCCCC)N=C%11%10)=CC=C%11/C=C%12S/C(N(C\%12=O)CC)=C(C#N)/C#N)=C%13)=C%13C7(C%14=CC=C(CCCCCC)C=C%14)C%15=CC=C(CCCCCC)C=C%15)N(CC)C1=C(C#N)/C#N,5.67,1,5.67,5.67,maximum,c1ccsc1,C=c1[nH]c(=O)c(=Cc2ccc(-c3cc4c(s3)-c3cc5c(cc3C4(c3ccccc3)c3ccccc3)-c3sc(-c4ccc(C=c6sc(=C)[nH]c6=O)c6n[nH]nc46)cc3C5(c3ccccc3)c3ccccc3)c3n[nH]nc23)s1,c1ccsc1||C=c1[nH]c(=O)c(=Cc2ccc(-c3cc4c(s3)-c3cc5c(cc3C4(c3ccccc3)c3ccccc3)-c3sc(-c4ccc(C=c6sc(=C)[nH]c6=O)c6n[nH]nc46)cc3C5(c3ccccc3)c3ccccc3)c3n[nH]nc23)s1
812,c1scc(c1)CCCCCC||O=C(/C(S1)=C/C(C2=NSN=C32)=CC=C3C(S4)=CC(C5(C6=CC=C(CCCCCC)C=C6)C7=CC=C(CCCCCC)C=C7)=C4C(C=C89)=C5C=C8C(SC(C%10=CC=C(/C=C%11SC(N(CC)C\%11=O)=S)C%12=NSN=C%10%12)=C%13)=C%13C9(C%14=CC=C(CCCCCC)C=C%14)C%15=CC=C(CCCCCC)C=C%15)N(CC)C1=S,c1scc(c1)CCCCCC,O=C(/C(S1)=C/C(C2=NSN=C32)=CC=C3C(S4)=CC(C5(C6=CC=C(CCCCCC)C=C6)C7=CC=C(CCCCCC)C=C7)=C4C(C=C89)=C5C=C8C(SC(C%10=CC=C(/C=C%11SC(N(CC)C\%11=O)=S)C%12=NSN=C%10%12)=C%13)=C%13C9(C%14=CC=C(CCCCCC)C=C%14)C%15=CC=C(CCCCCC)C=C%15)N(CC)C1=S,6.3,3,3.3,6.3,maximum,c1ccsc1,O=C1NC(=S)SC1=Cc1ccc(-c2cc3c(s2)-c2cc4c(cc2C3(c2ccccc2)c2ccccc2)-c2sc(-c3ccc(C=C5SC(=S)NC5=O)c5nsnc35)cc2C4(c2ccccc2)c2ccccc2)c2nsnc12,c1ccsc1||O=C1NC(=S)SC1=Cc1ccc(-c2cc3c(s2)-c2cc4c(cc2C3(c2ccccc2)c2ccccc2)-c2sc(-c3ccc(C=C5SC(=S)NC5=O)c5nsnc35)cc2C4(c2ccccc2)c2ccccc2)c2nsnc12
822,c1scc(c1)CCCCCC||S=C(N(C/1=O)CC)SC1=C/C(C2=NSN=C32)=CC=C3C4=CC(C5(CCCCCCCC)CCCCCCCC)=C(C(C=C6C7(CCCCCCCC)CCCCCCCC)=C5C=C6C8=C7C=C(C9=CC=C(C%10=NSN=C9%10)/C=C%11SC(N(C\%11=O)CC)=S)S8)S4,c1scc(c1)CCCCCC,S=C(N(C/1=O)CC)SC1=C/C(C2=NSN=C32)=CC=C3C4=CC(C5(CCCCCCCC)CCCCCCCC)=C(C(C=C6C7(CCCCCCCC)CCCCCCCC)=C5C=C6C8=C7C=C(C9=CC=C(C%10=NSN=C9%10)/C=C%11SC(N(C\%11=O)CC)=S)S8)S4,4.2,1,4.2,4.2,maximum,c1ccsc1,O=C1NC(=S)SC1=Cc1ccc(-c2cc3c(s2)-c2cc4c(cc2C3)-c2sc(-c3ccc(C=C5SC(=S)NC5=O)c5nsnc35)cc2C4)c2nsnc12,c1ccsc1||O=C1NC(=S)SC1=Cc1ccc(-c2cc3c(s2)-c2cc4c(cc2C3)-c2sc(-c3ccc(C=C5SC(=S)NC5=O)c5nsnc35)cc2C4)c2nsnc12
830,c1scc(c1)CCCCCC||[H]C(C(/C=C(C1=CC=C(S1)C2=CC=C3C4=C(C(N(C3=O)CC(CC)CCCC)=O)C=CC=C24)\C#N)=C5)=CC(/C=C(C6=CC=C(S6)C7=CC=C8C9=C(C(N(C8=O)CC(CCCC)CC)=O)C=CC=C79)\C#N)=C5[H],c1scc(c1)CCCCCC,[H]C(C(/C=C(C1=CC=C(S1)C2=CC=C3C4=C(C(N(C3=O)CC(CC)CCCC)=O)C=CC=C24)\C#N)=C5)=CC(/C=C(C6=CC=C(S6)C7=CC=C8C9=C(C(N(C8=O)CC(CCCC)CC)=O)C=CC=C79)\C#N)=C5[H],2.51,1,2.51,2.51,maximum,c1ccsc1,O=C1NC(=O)c2ccc(-c3ccc(C=Cc4ccc(C=Cc5ccc(-c6ccc7c8c(cccc68)C(=O)NC7=O)s5)cc4)s3)c3cccc1c23,c1ccsc1||O=C1NC(=O)c2ccc(-c3ccc(C=Cc4ccc(C=Cc5ccc(-c6ccc7c8c(cccc68)C(=O)NC7=O)s5)cc4)s3)c3cccc1c23
