split_seed,array_index,partition,source,source_row,pair_key,safe_any_encoding_group_id
0,0,train,Gao,0,Gao_0000,681
0,1,test,Gao,1,Gao_0001,682
0,2,train,Gao,2,Gao_0002,683
0,3,train,Gao,3,Gao_0003,684
0,4,train,Gao,4,Gao_0004,684
0,5,train,Gao,5,Gao_0005,685
0,6,train,Gao,6,Gao_0006,686
0,7,train,Gao,7,Gao_0007,687
0,8,train,Gao,8,Gao_0008,687
0,9,validation,Gao,9,Gao_0009,688
0,10,train,Gao,10,Gao_0010,689
0,11,train,Gao,11,Gao_0011,690
0,12,test,Gao,12,Gao_0012,691
0,13,train,Gao,13,Gao_0013,692
0,14,test,Gao,14,Gao_0014,693
0,15,train,Gao,15,Gao_0015,694
0,16,train,Gao,16,Gao_0016,695
0,17,test,Gao,17,Gao_0017,696
0,18,train,Gao,18,Gao_0018,697
0,19,train,Gao,19,Gao_0019,698
0,20,train,Gao,20,Gao_0020,699
0,21,train,Gao,21,Gao_0021,700
0,22,train,Gao,22,Gao_0022,701
0,23,test,Gao,23,Gao_0023,702
0,24,train,Gao,24,Gao_0024,703
0,25,train,Gao,25,Gao_0025,704
0,26,train,Gao,26,Gao_0026,705
0,27,train,Gao,27,Gao_0027,706
0,28,train,Gao,28,Gao_0028,707
0,29,train,Gao,29,Gao_0029,708
0,30,validation,Gao,30,Gao_0030,709
0,31,train,Gao,31,Gao_0031,710
0,32,train,Gao,32,Gao_0032,711
0,33,train,Gao,33,Gao_0033,712
0,34,validation,Gao,34,Gao_0034,713
0,35,train,Gao,35,Gao_0035,714
0,36,validation,Gao,36,Gao_0036,715
0,37,train,Gao,37,Gao_0037,716
0,38,train,Gao,38,Gao_0038,717
0,39,test,Gao,39,Gao_0039,718
0,40,train,Gao,40,Gao_0040,719
0,41,train,Gao,41,Gao_0041,720
0,42,train,Gao,42,Gao_0042,721
0,43,train,Gao,43,Gao_0043,722
0,44,train,Gao,44,Gao_0044,723
0,45,train,Gao,45,Gao_0045,724
0,46,train,Gao,46,Gao_0046,725
0,47,test,Gao,47,Gao_0047,726
0,48,test,Gao,48,Gao_0048,727
0,49,train,Gao,49,Gao_0049,728
0,50,train,Gao,50,Gao_0050,729
0,51,train,Gao,51,Gao_0051,730
0,52,train,Gao,52,Gao_0052,731
0,53,train,Gao,53,Gao_0053,732
0,54,validation,Gao,54,Gao_0054,733
0,55,train,Gao,55,Gao_0055,734
0,56,test,Gao,56,Gao_0056,735
0,57,train,Gao,57,Gao_0057,736
0,58,test,Gao,58,Gao_0058,737
0,59,train,Gao,59,Gao_0059,738
0,60,train,Gao,60,Gao_0060,739
0,61,validation,Gao,61,Gao_0061,740
0,62,test,Gao,62,Gao_0062,741
0,63,train,Gao,63,Gao_0063,742
0,64,train,Gao,64,Gao_0064,743
0,65,train,Gao,65,Gao_0065,744
0,66,train,Gao,66,Gao_0066,745
0,67,test,Gao,67,Gao_0067,746
0,68,train,Gao,68,Gao_0068,747
0,69,train,Gao,69,Gao_0069,748
0,70,train,Gao,70,Gao_0070,749
0,71,train,Gao,71,Gao_0071,750
0,72,train,Gao,72,Gao_0072,751
0,73,train,Gao,73,Gao_0073,752
0,74,train,Gao,74,Gao_0074,753
0,75,train,Gao,75,Gao_0075,754
0,76,train,Gao,76,Gao_0076,755
0,77,test,Gao,77,Gao_0077,756
0,78,test,Gao,78,Gao_0078,757
0,79,train,Gao,79,Gao_0079,758
0,80,test,Gao,80,Gao_0080,759
0,81,train,Gao,81,Gao_0081,760
0,82,validation,Gao,82,Gao_0082,761
0,83,train,Gao,83,Gao_0083,762
0,84,train,Gao,84,Gao_0084,763
0,85,validation,Gao,85,Gao_0085,764
0,86,train,Gao,86,Gao_0086,765
0,87,train,Gao,87,Gao_0087,766
0,88,train,Gao,88,Gao_0088,767
0,89,train,Gao,89,Gao_0089,768
0,90,train,Gao,90,Gao_0090,768
0,91,train,Gao,91,Gao_0091,769
0,92,train,Gao,92,Gao_0092,770
0,93,test,Gao,93,Gao_0093,771
0,94,validation,Gao,94,Gao_0094,772
0,95,train,Gao,95,Gao_0095,773
0,96,train,Gao,96,Gao_0096,774
0,97,train,Gao,97,Gao_0097,775
0,98,train,Gao,98,Gao_0098,776
0,99,test,Gao,99,Gao_0099,777
0,100,test,Gao,100,Gao_0100,778
0,101,train,Gao,101,Gao_0101,779
0,102,train,Gao,102,Gao_0102,780
0,103,train,Gao,103,Gao_0103,780
0,104,train,Gao,104,Gao_0104,780
0,105,test,Gao,105,Gao_0105,781
0,106,validation,Gao,106,Gao_0106,782
0,107,test,Gao,107,Gao_0107,783
0,108,validation,Gao,108,Gao_0108,784
0,109,train,Gao,109,Gao_0109,785
0,110,train,Gao,110,Gao_0110,786
0,111,train,Gao,111,Gao_0111,787
0,112,test,Gao,112,Gao_0112,788
0,113,test,Gao,113,Gao_0113,789
0,114,train,Gao,114,Gao_0114,790
0,115,train,Gao,115,Gao_0115,791
0,116,train,Gao,116,Gao_0116,792
0,117,train,Gao,117,Gao_0117,793
0,118,test,Gao,118,Gao_0118,794
0,119,train,Gao,119,Gao_0119,795
0,120,train,Gao,120,Gao_0120,796
0,121,train,Gao,121,Gao_0121,797
0,122,train,Gao,122,Gao_0122,798
0,123,validation,Gao,123,Gao_0123,799
0,124,train,Gao,124,Gao_0124,800
0,125,validation,Gao,125,Gao_0125,801
0,126,train,Gao,126,Gao_0126,802
0,127,train,Gao,127,Gao_0127,803
0,128,train,Gao,128,Gao_0128,804
0,129,train,Gao,129,Gao_0129,805
0,130,train,Gao,130,Gao_0130,805
0,131,train,Gao,131,Gao_0131,806
0,132,train,Gao,132,Gao_0132,807
0,133,train,Gao,133,Gao_0133,808
0,134,validation,Gao,134,Gao_0134,809
0,135,validation,Gao,135,Gao_0135,810
0,136,train,Gao,136,Gao_0136,811
0,137,train,Gao,137,Gao_0137,812
0,138,train,Gao,138,Gao_0138,813
0,139,train,Gao,139,Gao_0139,814
0,140,test,Gao,140,Gao_0140,815
0,141,validation,Gao,141,Gao_0141,816
0,142,train,Gao,142,Gao_0142,817
0,143,test,Gao,143,Gao_0143,818
0,144,train,Gao,144,Gao_0144,819
0,145,train,Gao,145,Gao_0145,820
0,146,train,Gao,146,Gao_0146,821
0,147,train,Gao,147,Gao_0147,822
0,148,train,Gao,148,Gao_0148,823
0,149,train,Gao,149,Gao_0149,824
0,150,test,Gao,150,Gao_0150,825
0,151,train,Gao,151,Gao_0151,826
0,152,validation,Gao,152,Gao_0152,827
0,153,train,Gao,153,Gao_0153,828
0,154,train,Gao,154,Gao_0154,829
0,155,train,Gao,155,Gao_0155,830
0,156,train,Gao,156,Gao_0156,829
0,157,train,Gao,157,Gao_0157,831
0,158,train,Gao,158,Gao_0158,832
0,159,train,Gao,159,Gao_0159,833
0,160,train,Gao,160,Gao_0160,833
0,161,test,Gao,161,Gao_0161,834
0,162,test,Gao,162,Gao_0162,835
0,163,test,Gao,163,Gao_0163,836
0,164,validation,Gao,164,Gao_0164,837
0,165,train,Gao,165,Gao_0165,838
0,166,train,Gao,166,Gao_0166,839
0,167,test,Gao,167,Gao_0167,840
0,168,validation,Gao,168,Gao_0168,841
0,169,train,Gao,169,Gao_0169,842
0,170,train,Gao,170,Gao_0170,842
0,171,test,Gao,171,Gao_0171,843
0,172,train,Gao,172,Gao_0172,844
0,173,train,Gao,173,Gao_0173,845
0,174,train,Gao,174,Gao_0174,846
0,175,train,Gao,175,Gao_0175,847
0,176,train,Gao,176,Gao_0176,848
0,177,train,Gao,177,Gao_0177,849
0,178,train,Gao,178,Gao_0178,850
0,179,validation,Gao,179,Gao_0179,851
0,180,test,Gao,180,Gao_0180,852
0,181,train,Gao,181,Gao_0181,853
0,182,test,Gao,182,Gao_0182,854
0,183,train,Gao,183,Gao_0183,855
0,184,test,Gao,184,Gao_0184,856
0,185,train,Gao,185,Gao_0185,857
0,186,train,Gao,186,Gao_0186,858
0,187,train,Gao,187,Gao_0187,859
0,188,train,Gao,188,Gao_0188,860
0,189,train,Gao,189,Gao_0189,861
0,190,train,Gao,190,Gao_0190,862
0,191,train,Gao,191,Gao_0191,863
0,192,train,Gao,192,Gao_0192,864
0,193,validation,Gao,193,Gao_0193,865
0,194,validation,Gao,194,Gao_0194,866
0,195,train,Gao,195,Gao_0195,867
0,196,train,Gao,196,Gao_0196,868
0,197,test,Gao,197,Gao_0197,869
0,198,validation,Gao,198,Gao_0198,870
0,199,train,Gao,199,Gao_0199,871
0,200,train,Gao,200,Gao_0200,872
0,201,validation,Gao,201,Gao_0201,873
0,202,train,Gao,202,Gao_0202,874
0,203,train,Gao,203,Gao_0203,875
0,204,train,Gao,204,Gao_0204,876
0,205,test,Gao,205,Gao_0205,877
0,206,validation,Gao,206,Gao_0206,878
0,207,train,Gao,207,Gao_0207,879
0,208,train,Gao,208,Gao_0208,879
0,209,train,Gao,209,Gao_0209,880
0,210,validation,Gao,210,Gao_0210,881
0,211,train,Gao,211,Gao_0211,882
0,212,train,Gao,212,Gao_0212,883
0,213,train,Gao,213,Gao_0213,884
0,214,train,Gao,214,Gao_0214,885
0,215,test,Gao,215,Gao_0215,886
0,216,test,Gao,216,Gao_0216,887
0,217,train,Gao,217,Gao_0217,888
0,218,train,Gao,218,Gao_0218,889
0,219,train,Gao,219,Gao_0219,890
0,220,test,Gao,220,Gao_0220,891
0,221,train,Gao,221,Gao_0221,690
0,222,train,Gao,222,Gao_0222,690
0,223,train,Gao,223,Gao_0223,690
0,224,train,Gao,224,Gao_0224,892
0,225,train,Gao,225,Gao_0225,893
0,226,test,Gao,226,Gao_0226,894
0,227,validation,Gao,227,Gao_0227,895
0,228,train,Gao,228,Gao_0228,896
0,229,validation,Gao,229,Gao_0229,897
0,230,train,Gao,230,Gao_0230,898
0,231,train,Gao,231,Gao_0231,899
0,232,test,Gao,232,Gao_0232,900
0,233,train,Gao,233,Gao_0233,901
0,234,train,Gao,234,Gao_0234,902
0,235,train,Gao,235,Gao_0235,903
0,236,validation,Gao,236,Gao_0236,904
0,237,test,Gao,237,Gao_0237,905
0,238,test,Gao,238,Gao_0238,906
0,239,validation,Gao,239,Gao_0239,907
0,240,train,Gao,240,Gao_0240,908
0,241,validation,Gao,241,Gao_0241,909
0,242,test,Gao,242,Gao_0242,910
0,243,test,Gao,243,Gao_0243,911
0,244,validation,Gao,244,Gao_0244,912
0,245,train,Gao,245,Gao_0245,913
0,246,test,Gao,246,Gao_0246,914
0,247,train,Gao,247,Gao_0247,915
0,248,train,Gao,248,Gao_0248,916
0,249,train,Gao,249,Gao_0249,917
0,250,train,Gao,250,Gao_0250,918
0,251,train,Gao,251,Gao_0251,919
0,252,test,Gao,252,Gao_0252,920
0,253,train,Gao,253,Gao_0253,921
0,254,test,Gao,254,Gao_0254,922
0,255,validation,Gao,255,Gao_0255,923
0,256,train,Gao,256,Gao_0256,924
0,257,train,Gao,257,Gao_0257,925
0,258,train,Gao,258,Gao_0258,926
0,259,test,Gao,259,Gao_0259,927
0,260,test,Gao,260,Gao_0260,928
0,261,train,Gao,261,Gao_0261,929
0,262,train,Gao,262,Gao_0262,930
0,263,train,Gao,263,Gao_0263,931
0,264,train,Gao,264,Gao_0264,932
0,265,validation,Gao,265,Gao_0265,933
0,266,test,Gao,266,Gao_0266,934
0,267,validation,Gao,267,Gao_0267,909
0,268,test,Gao,268,Gao_0268,935
0,269,train,Gao,269,Gao_0269,936
0,270,train,Gao,270,Gao_0270,937
0,271,train,Gao,271,Gao_0271,938
0,272,train,Gao,272,Gao_0272,939
0,273,validation,Gao,273,Gao_0273,940
0,274,train,Gao,274,Gao_0274,941
0,275,train,Gao,275,Gao_0275,942
0,276,train,Gao,276,Gao_0276,943
0,277,train,Gao,277,Gao_0277,944
0,278,train,Gao,278,Gao_0278,945
0,279,train,Gao,279,Gao_0279,811
0,280,train,Gao,280,Gao_0280,946
0,281,train,Gao,281,Gao_0281,947
0,282,validation,Gao,282,Gao_0282,948
0,283,train,Gao,283,Gao_0283,949
0,284,train,Gao,284,Gao_0284,950
0,285,train,Gao,285,Gao_0285,951
0,286,train,Gao,286,Gao_0286,952
0,287,train,Gao,287,Gao_0287,953
0,288,train,Gao,288,Gao_0288,954
0,289,train,Gao,289,Gao_0289,954
0,290,train,Gao,290,Gao_0290,955
0,291,train,Gao,291,Gao_0291,956
0,292,train,Gao,292,Gao_0292,955
0,293,train,Gao,293,Gao_0293,956
0,294,train,Gao,294,Gao_0294,955
0,295,train,Gao,295,Gao_0295,956
0,296,train,Gao,296,Gao_0296,957
0,297,train,Gao,297,Gao_0297,958
0,298,test,Gao,298,Gao_0298,959
0,299,train,Gao,299,Gao_0299,960
0,300,train,Gao,300,Gao_0300,961
0,301,train,Gao,301,Gao_0301,962
0,302,train,Gao,302,Gao_0302,963
0,303,train,Gao,303,Gao_0303,964
0,304,train,Gao,304,Gao_0304,965
0,305,train,Gao,305,Gao_0305,966
0,306,train,Gao,306,Gao_0306,967
0,307,train,Gao,307,Gao_0307,968
0,308,train,Gao,308,Gao_0308,969
0,309,train,Gao,309,Gao_0309,970
0,310,train,Gao,310,Gao_0310,971
0,311,train,Gao,311,Gao_0311,972
0,312,validation,Gao,312,Gao_0312,973
0,313,test,Gao,313,Gao_0313,974
0,314,train,Gao,314,Gao_0314,975
0,315,validation,Gao,315,Gao_0315,976
0,316,train,Gao,316,Gao_0316,977
0,317,test,Gao,317,Gao_0317,978
0,318,train,Gao,318,Gao_0318,979
0,319,test,Gao,319,Gao_0319,980
0,320,test,Gao,320,Gao_0320,981
0,321,train,Gao,321,Gao_0321,982
0,322,train,Gao,322,Gao_0322,983
0,323,train,Gao,323,Gao_0323,983
0,324,test,Gao,324,Gao_0324,984
0,325,train,Gao,325,Gao_0325,985
0,326,train,Gao,326,Gao_0326,985
0,327,train,Gao,327,Gao_0327,986
0,328,train,Gao,328,Gao_0328,987
0,329,train,Gao,329,Gao_0329,988
0,330,train,Gao,330,Gao_0330,989
0,331,train,Gao,331,Gao_0331,990
0,332,test,Gao,332,Gao_0332,991
0,333,train,Gao,333,Gao_0333,992
0,334,train,Gao,334,Gao_0334,993
0,335,train,Gao,335,Gao_0335,994
0,336,train,Gao,336,Gao_0336,995
0,337,train,Gao,337,Gao_0337,996
0,338,train,Gao,338,Gao_0338,997
0,339,train,Gao,339,Gao_0339,998
0,340,train,Gao,340,Gao_0340,999
0,341,test,Gao,341,Gao_0341,1000
0,342,test,Gao,342,Gao_0342,1001
0,343,train,Gao,343,Gao_0343,1002
0,344,train,Gao,344,Gao_0344,1003
0,345,train,Gao,345,Gao_0345,1004
0,346,train,Gao,346,Gao_0346,1005
0,347,train,Gao,347,Gao_0347,1006
0,348,test,Gao,348,Gao_0348,1007
0,349,train,Gao,349,Gao_0349,1008
0,350,train,Gao,350,Gao_0350,1009
0,351,test,Gao,351,Gao_0351,1010
0,352,test,Gao,352,Gao_0352,1011
0,353,test,Gao,353,Gao_0353,1012
0,354,train,Gao,354,Gao_0354,1013
0,355,train,Gao,355,Gao_0355,1014
0,356,train,Gao,356,Gao_0356,1015
0,357,train,Gao,357,Gao_0357,1015
0,358,train,Gao,358,Gao_0358,1016
0,359,train,Gao,359,Gao_0359,1017
0,360,train,Gao,360,Gao_0360,1018
0,361,train,Gao,361,Gao_0361,1019
0,362,validation,Gao,362,Gao_0362,1020
0,363,test,Gao,363,Gao_0363,1021
0,364,train,Gao,364,Gao_0364,1022
0,365,test,Gao,365,Gao_0365,1023
0,366,train,Gao,366,Gao_0366,1024
0,367,test,Gao,367,Gao_0367,1025
0,368,train,Gao,368,Gao_0368,1026
0,369,test,Gao,369,Gao_0369,1027
0,370,train,Gao,370,Gao_0370,1028
0,371,train,Gao,371,Gao_0371,1029
0,372,train,Gao,372,Gao_0372,1030
0,373,validation,Gao,373,Gao_0373,1031
0,374,train,Gao,374,Gao_0374,1032
0,375,test,Gao,375,Gao_0375,1033
0,376,train,Gao,376,Gao_0376,1034
0,377,train,Gao,377,Gao_0377,1035
0,378,train,Gao,378,Gao_0378,1036
0,379,train,Gao,379,Gao_0379,1037
0,380,train,Gao,380,Gao_0380,1038
0,381,train,Gao,381,Gao_0381,1039
0,382,train,Gao,382,Gao_0382,1040
0,383,train,Gao,383,Gao_0383,1041
0,384,train,Gao,384,Gao_0384,1042
0,385,train,Gao,385,Gao_0385,1043
0,386,test,Gao,386,Gao_0386,1044
0,387,train,Gao,387,Gao_0387,1045
0,388,train,Gao,388,Gao_0388,1046
0,389,train,Gao,389,Gao_0389,1047
0,390,test,Gao,390,Gao_0390,1048
0,391,train,Gao,391,Gao_0391,1049
0,392,train,Gao,392,Gao_0392,1050
0,393,train,Gao,393,Gao_0393,1051
0,394,test,Gao,394,Gao_0394,1052
0,395,test,Gao,395,Gao_0395,1053
0,396,train,Gao,396,Gao_0396,1054
0,397,test,Gao,397,Gao_0397,1055
0,398,train,Gao,398,Gao_0398,1056
0,399,validation,Gao,399,Gao_0399,1057
0,400,validation,Gao,400,Gao_0400,1058
0,401,validation,Gao,401,Gao_0401,1059
0,402,train,Gao,402,Gao_0402,1060
0,403,train,Gao,403,Gao_0403,1061
0,404,train,Gao,404,Gao_0404,1062
0,405,train,Gao,405,Gao_0405,1063
0,406,train,Gao,406,Gao_0406,1064
0,407,train,Gao,407,Gao_0407,1065
0,408,validation,Gao,408,Gao_0408,1066
0,409,test,Gao,409,Gao_0409,1067
0,410,test,Gao,410,Gao_0410,1068
0,411,train,Gao,411,Gao_0411,1069
0,412,train,Gao,412,Gao_0412,1070
0,413,train,Gao,413,Gao_0413,1071
0,414,test,Gao,414,Gao_0414,1072
0,415,validation,Gao,415,Gao_0415,1073
0,416,train,Gao,416,Gao_0416,1074
0,417,train,Gao,417,Gao_0417,1075
0,418,train,Gao,418,Gao_0418,1076
0,419,train,Gao,419,Gao_0419,1077
0,420,train,Gao,420,Gao_0420,1078
0,421,train,Gao,421,Gao_0421,1079
0,422,train,Gao,422,Gao_0422,1080
0,423,test,Gao,423,Gao_0423,1081
0,424,train,Gao,424,Gao_0424,1082
0,425,train,Gao,425,Gao_0425,1083
0,426,test,Gao,426,Gao_0426,1084
0,427,train,Gao,427,Gao_0427,1085
0,428,train,Gao,428,Gao_0428,1086
0,429,train,Gao,429,Gao_0429,1087
0,430,test,Gao,430,Gao_0430,1088
0,431,train,Gao,431,Gao_0431,1089
0,432,test,Gao,432,Gao_0432,1090
0,433,test,Gao,433,Gao_0433,1091
0,434,test,Gao,434,Gao_0434,1092
0,435,validation,Gao,435,Gao_0435,1093
0,436,train,Gao,436,Gao_0436,1094
0,437,train,Gao,437,Gao_0437,1095
0,438,train,Gao,438,Gao_0438,1096
0,439,train,Gao,439,Gao_0439,1097
0,440,train,Gao,440,Gao_0440,1098
0,441,test,Gao,441,Gao_0441,1099
0,442,train,Gao,442,Gao_0442,1100
0,443,train,Gao,443,Gao_0443,1101
0,444,train,Gao,444,Gao_0444,803
0,445,train,Gao,445,Gao_0445,803
0,446,train,Gao,446,Gao_0446,1102
0,447,train,Gao,447,Gao_0447,1103
0,448,train,Gao,448,Gao_0448,1104
0,449,train,Gao,449,Gao_0449,1105
0,450,train,Gao,450,Gao_0450,1106
0,451,test,Gao,451,Gao_0451,1107
0,452,train,Gao,452,Gao_0452,1108
0,453,train,Gao,453,Gao_0453,1109
0,454,train,Gao,454,Gao_0454,1110
0,455,test,Gao,455,Gao_0455,1111
0,456,train,Gao,456,Gao_0456,1112
0,457,train,Gao,457,Gao_0457,1113
0,458,train,Gao,458,Gao_0458,1114
0,459,train,Gao,459,Gao_0459,1115
0,460,test,Gao,460,Gao_0460,1116
0,461,train,Gao,461,Gao_0461,1117
0,462,train,Gao,462,Gao_0462,1118
0,463,train,Gao,463,Gao_0463,1119
0,464,train,Gao,464,Gao_0464,1120
0,465,train,Gao,465,Gao_0465,1121
0,466,train,Gao,466,Gao_0466,1122
0,467,train,Gao,467,Gao_0467,1123
0,468,train,Gao,468,Gao_0468,1124
0,469,train,Gao,469,Gao_0469,1125
0,470,train,Gao,470,Gao_0470,1126
0,471,test,Gao,471,Gao_0471,1127
0,472,train,Gao,472,Gao_0472,1128
0,473,test,Gao,473,Gao_0473,1127
0,474,train,Gao,474,Gao_0474,1129
0,475,train,Gao,475,Gao_0475,1130
0,476,train,Gao,476,Gao_0476,1131
0,477,test,Gao,477,Gao_0477,1132
0,478,train,Gao,478,Gao_0478,1133
0,479,train,Gao,479,Gao_0479,1134
0,480,train,Gao,480,Gao_0480,1135
0,481,test,Gao,481,Gao_0481,1136
0,482,validation,Gao,482,Gao_0482,1137
0,483,train,Gao,483,Gao_0483,1138
0,484,validation,Gao,484,Gao_0484,1139
0,485,test,Gao,485,Gao_0485,1140
0,486,train,Gao,486,Gao_0486,1141
0,487,train,Gao,487,Gao_0487,1142
0,488,train,Gao,488,Gao_0488,1143
0,489,train,Gao,489,Gao_0489,1143
0,490,train,Gao,490,Gao_0490,1144
0,491,train,Gao,491,Gao_0491,1145
0,492,train,Gao,492,Gao_0492,1146
0,493,train,Gao,493,Gao_0493,1147
0,494,train,Gao,494,Gao_0494,1148
0,495,train,Gao,495,Gao_0495,1149
0,496,test,Gao,496,Gao_0496,1150
0,497,train,Gao,497,Gao_0497,1151
0,498,train,Gao,498,Gao_0498,1152
0,499,train,Gao,499,Gao_0499,1153
0,500,train,Gao,500,Gao_0500,1154
0,501,test,Gao,501,Gao_0501,1155
0,502,test,Gao,502,Gao_0502,1156
0,503,train,Gao,503,Gao_0503,1157
0,504,train,Gao,504,Gao_0504,1158
0,505,test,Gao,505,Gao_0505,1159
0,506,train,Gao,506,Gao_0506,1160
0,507,test,Gao,507,Gao_0507,1161
0,508,test,Gao,508,Gao_0508,1162
0,509,train,Gao,509,Gao_0509,1163
0,510,train,Gao,510,Gao_0510,1164
0,511,train,Gao,511,Gao_0511,1165
0,512,train,Gao,512,Gao_0512,1166
0,513,validation,Gao,513,Gao_0513,1167
0,514,train,Gao,514,Gao_0514,1168
0,515,test,Gao,515,Gao_0515,1169
0,516,train,Gao,516,Gao_0516,1170
0,517,train,Gao,517,Gao_0517,1171
0,518,train,Gao,518,Gao_0518,1172
0,519,validation,Gao,519,Gao_0519,1173
0,520,train,Gao,520,Gao_0520,1174
0,521,train,Gao,521,Gao_0521,1175
0,522,train,Gao,522,Gao_0522,1176
0,523,test,Gao,523,Gao_0523,1177
0,524,train,Gao,524,Gao_0524,1178
0,525,test,Gao,525,Gao_0525,1179
0,526,validation,Gao,526,Gao_0526,1180
0,527,train,Gao,527,Gao_0527,1181
0,528,train,Gao,528,Gao_0528,1182
0,529,train,Gao,529,Gao_0529,1183
0,530,train,Gao,530,Gao_0530,1184
0,531,test,Gao,531,Gao_0531,691
0,532,train,Gao,532,Gao_0532,1185
0,533,train,Gao,533,Gao_0533,1186
0,534,test,Gao,534,Gao_0534,1187
1,0,train,Gao,0,Gao_0000,681
1,1,train,Gao,1,Gao_0001,682
1,2,train,Gao,2,Gao_0002,683
1,3,train,Gao,3,Gao_0003,684
1,4,train,Gao,4,Gao_0004,684
1,5,test,Gao,5,Gao_0005,685
1,6,test,Gao,6,Gao_0006,686
1,7,test,Gao,7,Gao_0007,687
1,8,test,Gao,8,Gao_0008,687
1,9,train,Gao,9,Gao_0009,688
1,10,train,Gao,10,Gao_0010,689
1,11,train,Gao,11,Gao_0011,690
1,12,train,Gao,12,Gao_0012,691
1,13,test,Gao,13,Gao_0013,692
1,14,train,Gao,14,Gao_0014,693
1,15,train,Gao,15,Gao_0015,694
1,16,train,Gao,16,Gao_0016,695
1,17,train,Gao,17,Gao_0017,696
1,18,validation,Gao,18,Gao_0018,697
1,19,test,Gao,19,Gao_0019,698
1,20,train,Gao,20,Gao_0020,699
1,21,train,Gao,21,Gao_0021,700
1,22,train,Gao,22,Gao_0022,701
1,23,train,Gao,23,Gao_0023,702
1,24,validation,Gao,24,Gao_0024,703
1,25,train,Gao,25,Gao_0025,704
1,26,validation,Gao,26,Gao_0026,705
1,27,train,Gao,27,Gao_0027,706
1,28,train,Gao,28,Gao_0028,707
1,29,train,Gao,29,Gao_0029,708
1,30,train,Gao,30,Gao_0030,709
1,31,test,Gao,31,Gao_0031,710
1,32,train,Gao,32,Gao_0032,711
1,33,test,Gao,33,Gao_0033,712
1,34,validation,Gao,34,Gao_0034,713
1,35,train,Gao,35,Gao_0035,714
1,36,test,Gao,36,Gao_0036,715
1,37,train,Gao,37,Gao_0037,716
1,38,train,Gao,38,Gao_0038,717
1,39,train,Gao,39,Gao_0039,718
1,40,train,Gao,40,Gao_0040,719
1,41,train,Gao,41,Gao_0041,720
1,42,train,Gao,42,Gao_0042,721
1,43,train,Gao,43,Gao_0043,722
1,44,train,Gao,44,Gao_0044,723
1,45,train,Gao,45,Gao_0045,724
1,46,train,Gao,46,Gao_0046,725
1,47,train,Gao,47,Gao_0047,726
1,48,train,Gao,48,Gao_0048,727
1,49,test,Gao,49,Gao_0049,728
1,50,train,Gao,50,Gao_0050,729
1,51,train,Gao,51,Gao_0051,730
1,52,train,Gao,52,Gao_0052,731
1,53,train,Gao,53,Gao_0053,732
1,54,validation,Gao,54,Gao_0054,733
1,55,train,Gao,55,Gao_0055,734
1,56,validation,Gao,56,Gao_0056,735
1,57,train,Gao,57,Gao_0057,736
1,58,train,Gao,58,Gao_0058,737
1,59,train,Gao,59,Gao_0059,738
1,60,validation,Gao,60,Gao_0060,739
1,61,train,Gao,61,Gao_0061,740
1,62,train,Gao,62,Gao_0062,741
1,63,train,Gao,63,Gao_0063,742
1,64,test,Gao,64,Gao_0064,743
1,65,train,Gao,65,Gao_0065,744
1,66,train,Gao,66,Gao_0066,745
1,67,test,Gao,67,Gao_0067,746
1,68,test,Gao,68,Gao_0068,747
1,69,test,Gao,69,Gao_0069,748
1,70,train,Gao,70,Gao_0070,749
1,71,train,Gao,71,Gao_0071,750
1,72,train,Gao,72,Gao_0072,751
1,73,train,Gao,73,Gao_0073,752
1,74,train,Gao,74,Gao_0074,753
1,75,train,Gao,75,Gao_0075,754
1,76,train,Gao,76,Gao_0076,755
1,77,train,Gao,77,Gao_0077,756
1,78,train,Gao,78,Gao_0078,757
1,79,train,Gao,79,Gao_0079,758
1,80,train,Gao,80,Gao_0080,759
1,81,train,Gao,81,Gao_0081,760
1,82,train,Gao,82,Gao_0082,761
1,83,train,Gao,83,Gao_0083,762
1,84,train,Gao,84,Gao_0084,763
1,85,train,Gao,85,Gao_0085,764
1,86,validation,Gao,86,Gao_0086,765
1,87,test,Gao,87,Gao_0087,766
1,88,train,Gao,88,Gao_0088,767
1,89,train,Gao,89,Gao_0089,768
1,90,train,Gao,90,Gao_0090,768
1,91,train,Gao,91,Gao_0091,769
1,92,train,Gao,92,Gao_0092,770
1,93,test,Gao,93,Gao_0093,771
1,94,validation,Gao,94,Gao_0094,772
1,95,test,Gao,95,Gao_0095,773
1,96,train,Gao,96,Gao_0096,774
1,97,train,Gao,97,Gao_0097,775
1,98,train,Gao,98,Gao_0098,776
1,99,train,Gao,99,Gao_0099,777
1,100,train,Gao,100,Gao_0100,778
1,101,train,Gao,101,Gao_0101,779
1,102,train,Gao,102,Gao_0102,780
1,103,train,Gao,103,Gao_0103,780
1,104,train,Gao,104,Gao_0104,780
1,105,train,Gao,105,Gao_0105,781
1,106,train,Gao,106,Gao_0106,782
1,107,test,Gao,107,Gao_0107,783
1,108,train,Gao,108,Gao_0108,784
1,109,train,Gao,109,Gao_0109,785
1,110,train,Gao,110,Gao_0110,786
1,111,train,Gao,111,Gao_0111,787
1,112,test,Gao,112,Gao_0112,788
1,113,train,Gao,113,Gao_0113,789
1,114,train,Gao,114,Gao_0114,790
1,115,test,Gao,115,Gao_0115,791
1,116,train,Gao,116,Gao_0116,792
1,117,train,Gao,117,Gao_0117,793
1,118,train,Gao,118,Gao_0118,794
1,119,train,Gao,119,Gao_0119,795
1,120,train,Gao,120,Gao_0120,796
1,121,train,Gao,121,Gao_0121,797
1,122,test,Gao,122,Gao_0122,798
1,123,train,Gao,123,Gao_0123,799
1,124,test,Gao,124,Gao_0124,800
1,125,train,Gao,125,Gao_0125,801
1,126,train,Gao,126,Gao_0126,802
1,127,train,Gao,127,Gao_0127,803
1,128,train,Gao,128,Gao_0128,804
1,129,train,Gao,129,Gao_0129,805
1,130,train,Gao,130,Gao_0130,805
1,131,train,Gao,131,Gao_0131,806
1,132,train,Gao,132,Gao_0132,807
1,133,train,Gao,133,Gao_0133,808
1,134,test,Gao,134,Gao_0134,809
1,135,train,Gao,135,Gao_0135,810
1,136,train,Gao,136,Gao_0136,811
1,137,train,Gao,137,Gao_0137,812
1,138,test,Gao,138,Gao_0138,813
1,139,train,Gao,139,Gao_0139,814
1,140,train,Gao,140,Gao_0140,815
1,141,test,Gao,141,Gao_0141,816
1,142,validation,Gao,142,Gao_0142,817
1,143,train,Gao,143,Gao_0143,818
1,144,train,Gao,144,Gao_0144,819
1,145,train,Gao,145,Gao_0145,820
1,146,train,Gao,146,Gao_0146,821
1,147,train,Gao,147,Gao_0147,822
1,148,train,Gao,148,Gao_0148,823
1,149,train,Gao,149,Gao_0149,824
1,150,validation,Gao,150,Gao_0150,825
1,151,train,Gao,151,Gao_0151,826
1,152,test,Gao,152,Gao_0152,827
1,153,test,Gao,153,Gao_0153,828
1,154,train,Gao,154,Gao_0154,829
1,155,train,Gao,155,Gao_0155,830
1,156,train,Gao,156,Gao_0156,829
1,157,validation,Gao,157,Gao_0157,831
1,158,train,Gao,158,Gao_0158,832
1,159,train,Gao,159,Gao_0159,833
1,160,train,Gao,160,Gao_0160,833
1,161,train,Gao,161,Gao_0161,834
1,162,train,Gao,162,Gao_0162,835
1,163,train,Gao,163,Gao_0163,836
1,164,train,Gao,164,Gao_0164,837
1,165,train,Gao,165,Gao_0165,838
1,166,train,Gao,166,Gao_0166,839
1,167,test,Gao,167,Gao_0167,840
1,168,train,Gao,168,Gao_0168,841
1,169,train,Gao,169,Gao_0169,842
1,170,train,Gao,170,Gao_0170,842
1,171,test,Gao,171,Gao_0171,843
1,172,train,Gao,172,Gao_0172,844
1,173,test,Gao,173,Gao_0173,845
1,174,test,Gao,174,Gao_0174,846
1,175,validation,Gao,175,Gao_0175,847
1,176,train,Gao,176,Gao_0176,848
1,177,test,Gao,177,Gao_0177,849
1,178,train,Gao,178,Gao_0178,850
1,179,train,Gao,179,Gao_0179,851
1,180,train,Gao,180,Gao_0180,852
1,181,train,Gao,181,Gao_0181,853
1,182,validation,Gao,182,Gao_0182,854
1,183,train,Gao,183,Gao_0183,855
1,184,train,Gao,184,Gao_0184,856
1,185,train,Gao,185,Gao_0185,857
1,186,train,Gao,186,Gao_0186,858
1,187,train,Gao,187,Gao_0187,859
1,188,test,Gao,188,Gao_0188,860
1,189,train,Gao,189,Gao_0189,861
1,190,train,Gao,190,Gao_0190,862
1,191,train,Gao,191,Gao_0191,863
1,192,train,Gao,192,Gao_0192,864
1,193,train,Gao,193,Gao_0193,865
1,194,validation,Gao,194,Gao_0194,866
1,195,train,Gao,195,Gao_0195,867
1,196,train,Gao,196,Gao_0196,868
1,197,train,Gao,197,Gao_0197,869
1,198,test,Gao,198,Gao_0198,870
1,199,train,Gao,199,Gao_0199,871
1,200,validation,Gao,200,Gao_0200,872
1,201,train,Gao,201,Gao_0201,873
1,202,train,Gao,202,Gao_0202,874
1,203,train,Gao,203,Gao_0203,875
1,204,validation,Gao,204,Gao_0204,876
1,205,train,Gao,205,Gao_0205,877
1,206,train,Gao,206,Gao_0206,878
1,207,train,Gao,207,Gao_0207,879
1,208,train,Gao,208,Gao_0208,879
1,209,train,Gao,209,Gao_0209,880
1,210,train,Gao,210,Gao_0210,881
1,211,test,Gao,211,Gao_0211,882
1,212,train,Gao,212,Gao_0212,883
1,213,train,Gao,213,Gao_0213,884
1,214,test,Gao,214,Gao_0214,885
1,215,train,Gao,215,Gao_0215,886
1,216,train,Gao,216,Gao_0216,887
1,217,train,Gao,217,Gao_0217,888
1,218,validation,Gao,218,Gao_0218,889
1,219,train,Gao,219,Gao_0219,890
1,220,train,Gao,220,Gao_0220,891
1,221,train,Gao,221,Gao_0221,690
1,222,train,Gao,222,Gao_0222,690
1,223,train,Gao,223,Gao_0223,690
1,224,train,Gao,224,Gao_0224,892
1,225,validation,Gao,225,Gao_0225,893
1,226,train,Gao,226,Gao_0226,894
1,227,test,Gao,227,Gao_0227,895
1,228,train,Gao,228,Gao_0228,896
1,229,train,Gao,229,Gao_0229,897
1,230,train,Gao,230,Gao_0230,898
1,231,test,Gao,231,Gao_0231,899
1,232,train,Gao,232,Gao_0232,900
1,233,train,Gao,233,Gao_0233,901
1,234,train,Gao,234,Gao_0234,902
1,235,train,Gao,235,Gao_0235,903
1,236,test,Gao,236,Gao_0236,904
1,237,test,Gao,237,Gao_0237,905
1,238,test,Gao,238,Gao_0238,906
1,239,train,Gao,239,Gao_0239,907
1,240,validation,Gao,240,Gao_0240,908
1,241,train,Gao,241,Gao_0241,909
1,242,train,Gao,242,Gao_0242,910
1,243,train,Gao,243,Gao_0243,911
1,244,train,Gao,244,Gao_0244,912
1,245,test,Gao,245,Gao_0245,913
1,246,test,Gao,246,Gao_0246,914
1,247,train,Gao,247,Gao_0247,915
1,248,validation,Gao,248,Gao_0248,916
1,249,train,Gao,249,Gao_0249,917
1,250,train,Gao,250,Gao_0250,918
1,251,train,Gao,251,Gao_0251,919
1,252,train,Gao,252,Gao_0252,920
1,253,train,Gao,253,Gao_0253,921
1,254,train,Gao,254,Gao_0254,922
1,255,test,Gao,255,Gao_0255,923
1,256,validation,Gao,256,Gao_0256,924
1,257,train,Gao,257,Gao_0257,925
1,258,test,Gao,258,Gao_0258,926
1,259,train,Gao,259,Gao_0259,927
1,260,train,Gao,260,Gao_0260,928
1,261,train,Gao,261,Gao_0261,929
1,262,train,Gao,262,Gao_0262,930
1,263,train,Gao,263,Gao_0263,931
1,264,train,Gao,264,Gao_0264,932
1,265,train,Gao,265,Gao_0265,933
1,266,train,Gao,266,Gao_0266,934
1,267,train,Gao,267,Gao_0267,909
1,268,train,Gao,268,Gao_0268,935
1,269,validation,Gao,269,Gao_0269,936
1,270,train,Gao,270,Gao_0270,937
1,271,test,Gao,271,Gao_0271,938
1,272,train,Gao,272,Gao_0272,939
1,273,train,Gao,273,Gao_0273,940
1,274,train,Gao,274,Gao_0274,941
1,275,test,Gao,275,Gao_0275,942
1,276,train,Gao,276,Gao_0276,943
1,277,train,Gao,277,Gao_0277,944
1,278,train,Gao,278,Gao_0278,945
1,279,train,Gao,279,Gao_0279,811
1,280,train,Gao,280,Gao_0280,946
1,281,validation,Gao,281,Gao_0281,947
1,282,train,Gao,282,Gao_0282,948
1,283,train,Gao,283,Gao_0283,949
1,284,train,Gao,284,Gao_0284,950
1,285,train,Gao,285,Gao_0285,951
1,286,train,Gao,286,Gao_0286,952
1,287,train,Gao,287,Gao_0287,953
1,288,train,Gao,288,Gao_0288,954
1,289,train,Gao,289,Gao_0289,954
1,290,train,Gao,290,Gao_0290,955
1,291,train,Gao,291,Gao_0291,956
1,292,train,Gao,292,Gao_0292,955
1,293,train,Gao,293,Gao_0293,956
1,294,train,Gao,294,Gao_0294,955
1,295,train,Gao,295,Gao_0295,956
1,296,train,Gao,296,Gao_0296,957
1,297,train,Gao,297,Gao_0297,958
1,298,train,Gao,298,Gao_0298,959
1,299,train,Gao,299,Gao_0299,960
1,300,train,Gao,300,Gao_0300,961
1,301,train,Gao,301,Gao_0301,962
1,302,train,Gao,302,Gao_0302,963
1,303,test,Gao,303,Gao_0303,964
1,304,train,Gao,304,Gao_0304,965
1,305,train,Gao,305,Gao_0305,966
1,306,test,Gao,306,Gao_0306,967
1,307,train,Gao,307,Gao_0307,968
1,308,train,Gao,308,Gao_0308,969
1,309,test,Gao,309,Gao_0309,970
1,310,validation,Gao,310,Gao_0310,971
1,311,train,Gao,311,Gao_0311,972
1,312,test,Gao,312,Gao_0312,973
1,313,test,Gao,313,Gao_0313,974
1,314,train,Gao,314,Gao_0314,975
1,315,train,Gao,315,Gao_0315,976
1,316,train,Gao,316,Gao_0316,977
1,317,train,Gao,317,Gao_0317,978
1,318,train,Gao,318,Gao_0318,979
1,319,train,Gao,319,Gao_0319,980
1,320,test,Gao,320,Gao_0320,981
1,321,train,Gao,321,Gao_0321,982
1,322,train,Gao,322,Gao_0322,983
1,323,train,Gao,323,Gao_0323,983
1,324,train,Gao,324,Gao_0324,984
1,325,test,Gao,325,Gao_0325,985
1,326,test,Gao,326,Gao_0326,985
1,327,train,Gao,327,Gao_0327,986
1,328,train,Gao,328,Gao_0328,987
1,329,train,Gao,329,Gao_0329,988
1,330,train,Gao,330,Gao_0330,989
1,331,train,Gao,331,Gao_0331,990
1,332,train,Gao,332,Gao_0332,991
1,333,train,Gao,333,Gao_0333,992
1,334,train,Gao,334,Gao_0334,993
1,335,train,Gao,335,Gao_0335,994
1,336,test,Gao,336,Gao_0336,995
1,337,test,Gao,337,Gao_0337,996
1,338,train,Gao,338,Gao_0338,997
1,339,train,Gao,339,Gao_0339,998
1,340,test,Gao,340,Gao_0340,999
1,341,train,Gao,341,Gao_0341,1000
1,342,train,Gao,342,Gao_0342,1001
1,343,train,Gao,343,Gao_0343,1002
1,344,train,Gao,344,Gao_0344,1003
1,345,train,Gao,345,Gao_0345,1004
1,346,train,Gao,346,Gao_0346,1005
1,347,test,Gao,347,Gao_0347,1006
1,348,test,Gao,348,Gao_0348,1007
1,349,validation,Gao,349,Gao_0349,1008
1,350,test,Gao,350,Gao_0350,1009
1,351,validation,Gao,351,Gao_0351,1010
1,352,test,Gao,352,Gao_0352,1011
1,353,test,Gao,353,Gao_0353,1012
1,354,train,Gao,354,Gao_0354,1013
1,355,train,Gao,355,Gao_0355,1014
1,356,test,Gao,356,Gao_0356,1015
1,357,test,Gao,357,Gao_0357,1015
1,358,train,Gao,358,Gao_0358,1016
1,359,train,Gao,359,Gao_0359,1017
1,360,train,Gao,360,Gao_0360,1018
1,361,train,Gao,361,Gao_0361,1019
1,362,test,Gao,362,Gao_0362,1020
1,363,train,Gao,363,Gao_0363,1021
1,364,train,Gao,364,Gao_0364,1022
1,365,train,Gao,365,Gao_0365,1023
1,366,test,Gao,366,Gao_0366,1024
1,367,test,Gao,367,Gao_0367,1025
1,368,test,Gao,368,Gao_0368,1026
1,369,test,Gao,369,Gao_0369,1027
1,370,train,Gao,370,Gao_0370,1028
1,371,train,Gao,371,Gao_0371,1029
1,372,test,Gao,372,Gao_0372,1030
1,373,train,Gao,373,Gao_0373,1031
1,374,test,Gao,374,Gao_0374,1032
1,375,validation,Gao,375,Gao_0375,1033
1,376,train,Gao,376,Gao_0376,1034
1,377,train,Gao,377,Gao_0377,1035
1,378,train,Gao,378,Gao_0378,1036
1,379,train,Gao,379,Gao_0379,1037
1,380,train,Gao,380,Gao_0380,1038
1,381,train,Gao,381,Gao_0381,1039
1,382,validation,Gao,382,Gao_0382,1040
1,383,test,Gao,383,Gao_0383,1041
1,384,train,Gao,384,Gao_0384,1042
1,385,train,Gao,385,Gao_0385,1043
1,386,test,Gao,386,Gao_0386,1044
1,387,train,Gao,387,Gao_0387,1045
1,388,validation,Gao,388,Gao_0388,1046
1,389,train,Gao,389,Gao_0389,1047
1,390,validation,Gao,390,Gao_0390,1048
1,391,train,Gao,391,Gao_0391,1049
1,392,train,Gao,392,Gao_0392,1050
1,393,validation,Gao,393,Gao_0393,1051
1,394,train,Gao,394,Gao_0394,1052
1,395,train,Gao,395,Gao_0395,1053
1,396,train,Gao,396,Gao_0396,1054
1,397,train,Gao,397,Gao_0397,1055
1,398,train,Gao,398,Gao_0398,1056
1,399,train,Gao,399,Gao_0399,1057
1,400,test,Gao,400,Gao_0400,1058
1,401,train,Gao,401,Gao_0401,1059
1,402,train,Gao,402,Gao_0402,1060
1,403,train,Gao,403,Gao_0403,1061
1,404,train,Gao,404,Gao_0404,1062
1,405,validation,Gao,405,Gao_0405,1063
1,406,validation,Gao,406,Gao_0406,1064
1,407,validation,Gao,407,Gao_0407,1065
1,408,validation,Gao,408,Gao_0408,1066
1,409,validation,Gao,409,Gao_0409,1067
1,410,validation,Gao,410,Gao_0410,1068
1,411,train,Gao,411,Gao_0411,1069
1,412,train,Gao,412,Gao_0412,1070
1,413,train,Gao,413,Gao_0413,1071
1,414,train,Gao,414,Gao_0414,1072
1,415,train,Gao,415,Gao_0415,1073
1,416,train,Gao,416,Gao_0416,1074
1,417,train,Gao,417,Gao_0417,1075
1,418,train,Gao,418,Gao_0418,1076
1,419,train,Gao,419,Gao_0419,1077
1,420,train,Gao,420,Gao_0420,1078
1,421,train,Gao,421,Gao_0421,1079
1,422,test,Gao,422,Gao_0422,1080
1,423,validation,Gao,423,Gao_0423,1081
1,424,train,Gao,424,Gao_0424,1082
1,425,train,Gao,425,Gao_0425,1083
1,426,train,Gao,426,Gao_0426,1084
1,427,validation,Gao,427,Gao_0427,1085
1,428,train,Gao,428,Gao_0428,1086
1,429,train,Gao,429,Gao_0429,1087
1,430,test,Gao,430,Gao_0430,1088
1,431,train,Gao,431,Gao_0431,1089
1,432,train,Gao,432,Gao_0432,1090
1,433,test,Gao,433,Gao_0433,1091
1,434,train,Gao,434,Gao_0434,1092
1,435,train,Gao,435,Gao_0435,1093
1,436,train,Gao,436,Gao_0436,1094
1,437,validation,Gao,437,Gao_0437,1095
1,438,train,Gao,438,Gao_0438,1096
1,439,train,Gao,439,Gao_0439,1097
1,440,validation,Gao,440,Gao_0440,1098
1,441,train,Gao,441,Gao_0441,1099
1,442,validation,Gao,442,Gao_0442,1100
1,443,test,Gao,443,Gao_0443,1101
1,444,train,Gao,444,Gao_0444,803
1,445,train,Gao,445,Gao_0445,803
1,446,test,Gao,446,Gao_0446,1102
1,447,train,Gao,447,Gao_0447,1103
1,448,train,Gao,448,Gao_0448,1104
1,449,train,Gao,449,Gao_0449,1105
1,450,train,Gao,450,Gao_0450,1106
1,451,test,Gao,451,Gao_0451,1107
1,452,test,Gao,452,Gao_0452,1108
1,453,test,Gao,453,Gao_0453,1109
1,454,train,Gao,454,Gao_0454,1110
1,455,validation,Gao,455,Gao_0455,1111
1,456,train,Gao,456,Gao_0456,1112
1,457,test,Gao,457,Gao_0457,1113
1,458,train,Gao,458,Gao_0458,1114
1,459,test,Gao,459,Gao_0459,1115
1,460,train,Gao,460,Gao_0460,1116
1,461,test,Gao,461,Gao_0461,1117
1,462,train,Gao,462,Gao_0462,1118
1,463,train,Gao,463,Gao_0463,1119
1,464,test,Gao,464,Gao_0464,1120
1,465,train,Gao,465,Gao_0465,1121
1,466,train,Gao,466,Gao_0466,1122
1,467,test,Gao,467,Gao_0467,1123
1,468,test,Gao,468,Gao_0468,1124
1,469,test,Gao,469,Gao_0469,1125
1,470,train,Gao,470,Gao_0470,1126
1,471,train,Gao,471,Gao_0471,1127
1,472,test,Gao,472,Gao_0472,1128
1,473,train,Gao,473,Gao_0473,1127
1,474,train,Gao,474,Gao_0474,1129
1,475,train,Gao,475,Gao_0475,1130
1,476,test,Gao,476,Gao_0476,1131
1,477,train,Gao,477,Gao_0477,1132
1,478,test,Gao,478,Gao_0478,1133
1,479,train,Gao,479,Gao_0479,1134
1,480,train,Gao,480,Gao_0480,1135
1,481,train,Gao,481,Gao_0481,1136
1,482,train,Gao,482,Gao_0482,1137
1,483,train,Gao,483,Gao_0483,1138
1,484,train,Gao,484,Gao_0484,1139
1,485,train,Gao,485,Gao_0485,1140
1,486,train,Gao,486,Gao_0486,1141
1,487,train,Gao,487,Gao_0487,1142
1,488,train,Gao,488,Gao_0488,1143
1,489,train,Gao,489,Gao_0489,1143
1,490,train,Gao,490,Gao_0490,1144
1,491,train,Gao,491,Gao_0491,1145
1,492,train,Gao,492,Gao_0492,1146
1,493,train,Gao,493,Gao_0493,1147
1,494,validation,Gao,494,Gao_0494,1148
1,495,train,Gao,495,Gao_0495,1149
1,496,test,Gao,496,Gao_0496,1150
1,497,train,Gao,497,Gao_0497,1151
1,498,train,Gao,498,Gao_0498,1152
1,499,train,Gao,499,Gao_0499,1153
1,500,validation,Gao,500,Gao_0500,1154
1,501,test,Gao,501,Gao_0501,1155
1,502,train,Gao,502,Gao_0502,1156
1,503,test,Gao,503,Gao_0503,1157
1,504,validation,Gao,504,Gao_0504,1158
1,505,validation,Gao,505,Gao_0505,1159
1,506,test,Gao,506,Gao_0506,1160
1,507,validation,Gao,507,Gao_0507,1161
1,508,train,Gao,508,Gao_0508,1162
1,509,test,Gao,509,Gao_0509,1163
1,510,test,Gao,510,Gao_0510,1164
1,511,train,Gao,511,Gao_0511,1165
1,512,train,Gao,512,Gao_0512,1166
1,513,validation,Gao,513,Gao_0513,1167
1,514,test,Gao,514,Gao_0514,1168
1,515,train,Gao,515,Gao_0515,1169
1,516,train,Gao,516,Gao_0516,1170
1,517,train,Gao,517,Gao_0517,1171
1,518,test,Gao,518,Gao_0518,1172
1,519,test,Gao,519,Gao_0519,1173
1,520,train,Gao,520,Gao_0520,1174
1,521,train,Gao,521,Gao_0521,1175
1,522,test,Gao,522,Gao_0522,1176
1,523,train,Gao,523,Gao_0523,1177
1,524,test,Gao,524,Gao_0524,1178
1,525,train,Gao,525,Gao_0525,1179
1,526,train,Gao,526,Gao_0526,1180
1,527,train,Gao,527,Gao_0527,1181
1,528,validation,Gao,528,Gao_0528,1182
1,529,test,Gao,529,Gao_0529,1183
1,530,train,Gao,530,Gao_0530,1184
1,531,train,Gao,531,Gao_0531,691
1,532,train,Gao,532,Gao_0532,1185
1,533,train,Gao,533,Gao_0533,1186
1,534,train,Gao,534,Gao_0534,1187
2,0,train,Gao,0,Gao_0000,681
2,1,test,Gao,1,Gao_0001,682
2,2,validation,Gao,2,Gao_0002,683
2,3,train,Gao,3,Gao_0003,684
2,4,train,Gao,4,Gao_0004,684
2,5,train,Gao,5,Gao_0005,685
2,6,train,Gao,6,Gao_0006,686
2,7,validation,Gao,7,Gao_0007,687
2,8,validation,Gao,8,Gao_0008,687
2,9,train,Gao,9,Gao_0009,688
2,10,train,Gao,10,Gao_0010,689
2,11,train,Gao,11,Gao_0011,690
2,12,train,Gao,12,Gao_0012,691
2,13,train,Gao,13,Gao_0013,692
2,14,test,Gao,14,Gao_0014,693
2,15,train,Gao,15,Gao_0015,694
2,16,test,Gao,16,Gao_0016,695
2,17,train,Gao,17,Gao_0017,696
2,18,train,Gao,18,Gao_0018,697
2,19,train,Gao,19,Gao_0019,698
2,20,test,Gao,20,Gao_0020,699
2,21,train,Gao,21,Gao_0021,700
2,22,test,Gao,22,Gao_0022,701
2,23,train,Gao,23,Gao_0023,702
2,24,train,Gao,24,Gao_0024,703
2,25,train,Gao,25,Gao_0025,704
2,26,test,Gao,26,Gao_0026,705
2,27,train,Gao,27,Gao_0027,706
2,28,validation,Gao,28,Gao_0028,707
2,29,train,Gao,29,Gao_0029,708
2,30,test,Gao,30,Gao_0030,709
2,31,train,Gao,31,Gao_0031,710
2,32,train,Gao,32,Gao_0032,711
2,33,train,Gao,33,Gao_0033,712
2,34,test,Gao,34,Gao_0034,713
2,35,train,Gao,35,Gao_0035,714
2,36,train,Gao,36,Gao_0036,715
2,37,train,Gao,37,Gao_0037,716
2,38,train,Gao,38,Gao_0038,717
2,39,train,Gao,39,Gao_0039,718
2,40,train,Gao,40,Gao_0040,719
2,41,validation,Gao,41,Gao_0041,720
2,42,test,Gao,42,Gao_0042,721
2,43,test,Gao,43,Gao_0043,722
2,44,train,Gao,44,Gao_0044,723
2,45,train,Gao,45,Gao_0045,724
2,46,train,Gao,46,Gao_0046,725
2,47,train,Gao,47,Gao_0047,726
2,48,train,Gao,48,Gao_0048,727
2,49,train,Gao,49,Gao_0049,728
2,50,train,Gao,50,Gao_0050,729
2,51,train,Gao,51,Gao_0051,730
2,52,validation,Gao,52,Gao_0052,731
2,53,train,Gao,53,Gao_0053,732
2,54,train,Gao,54,Gao_0054,733
2,55,train,Gao,55,Gao_0055,734
2,56,train,Gao,56,Gao_0056,735
2,57,test,Gao,57,Gao_0057,736
2,58,train,Gao,58,Gao_0058,737
2,59,train,Gao,59,Gao_0059,738
2,60,train,Gao,60,Gao_0060,739
2,61,train,Gao,61,Gao_0061,740
2,62,train,Gao,62,Gao_0062,741
2,63,validation,Gao,63,Gao_0063,742
2,64,train,Gao,64,Gao_0064,743
2,65,train,Gao,65,Gao_0065,744
2,66,train,Gao,66,Gao_0066,745
2,67,test,Gao,67,Gao_0067,746
2,68,test,Gao,68,Gao_0068,747
2,69,test,Gao,69,Gao_0069,748
2,70,train,Gao,70,Gao_0070,749
2,71,test,Gao,71,Gao_0071,750
2,72,train,Gao,72,Gao_0072,751
2,73,train,Gao,73,Gao_0073,752
2,74,train,Gao,74,Gao_0074,753
2,75,train,Gao,75,Gao_0075,754
2,76,train,Gao,76,Gao_0076,755
2,77,train,Gao,77,Gao_0077,756
2,78,train,Gao,78,Gao_0078,757
2,79,test,Gao,79,Gao_0079,758
2,80,train,Gao,80,Gao_0080,759
2,81,train,Gao,81,Gao_0081,760
2,82,train,Gao,82,Gao_0082,761
2,83,validation,Gao,83,Gao_0083,762
2,84,train,Gao,84,Gao_0084,763
2,85,train,Gao,85,Gao_0085,764
2,86,test,Gao,86,Gao_0086,765
2,87,train,Gao,87,Gao_0087,766
2,88,train,Gao,88,Gao_0088,767
2,89,train,Gao,89,Gao_0089,768
2,90,train,Gao,90,Gao_0090,768
2,91,train,Gao,91,Gao_0091,769
2,92,test,Gao,92,Gao_0092,770
2,93,validation,Gao,93,Gao_0093,771
2,94,validation,Gao,94,Gao_0094,772
2,95,train,Gao,95,Gao_0095,773
2,96,train,Gao,96,Gao_0096,774
2,97,train,Gao,97,Gao_0097,775
2,98,train,Gao,98,Gao_0098,776
2,99,train,Gao,99,Gao_0099,777
2,100,train,Gao,100,Gao_0100,778
2,101,train,Gao,101,Gao_0101,779
2,102,train,Gao,102,Gao_0102,780
2,103,train,Gao,103,Gao_0103,780
2,104,train,Gao,104,Gao_0104,780
2,105,test,Gao,105,Gao_0105,781
2,106,train,Gao,106,Gao_0106,782
2,107,train,Gao,107,Gao_0107,783
2,108,test,Gao,108,Gao_0108,784
2,109,train,Gao,109,Gao_0109,785
2,110,train,Gao,110,Gao_0110,786
2,111,train,Gao,111,Gao_0111,787
2,112,train,Gao,112,Gao_0112,788
2,113,train,Gao,113,Gao_0113,789
2,114,test,Gao,114,Gao_0114,790
2,115,train,Gao,115,Gao_0115,791
2,116,train,Gao,116,Gao_0116,792
2,117,train,Gao,117,Gao_0117,793
2,118,train,Gao,118,Gao_0118,794
2,119,train,Gao,119,Gao_0119,795
2,120,train,Gao,120,Gao_0120,796
2,121,validation,Gao,121,Gao_0121,797
2,122,train,Gao,122,Gao_0122,798
2,123,train,Gao,123,Gao_0123,799
2,124,train,Gao,124,Gao_0124,800
2,125,validation,Gao,125,Gao_0125,801
2,126,validation,Gao,126,Gao_0126,802
2,127,train,Gao,127,Gao_0127,803
2,128,train,Gao,128,Gao_0128,804
2,129,train,Gao,129,Gao_0129,805
2,130,train,Gao,130,Gao_0130,805
2,131,validation,Gao,131,Gao_0131,806
2,132,train,Gao,132,Gao_0132,807
2,133,train,Gao,133,Gao_0133,808
2,134,train,Gao,134,Gao_0134,809
2,135,test,Gao,135,Gao_0135,810
2,136,train,Gao,136,Gao_0136,811
2,137,train,Gao,137,Gao_0137,812
2,138,train,Gao,138,Gao_0138,813
2,139,train,Gao,139,Gao_0139,814
2,140,train,Gao,140,Gao_0140,815
2,141,train,Gao,141,Gao_0141,816
2,142,validation,Gao,142,Gao_0142,817
2,143,train,Gao,143,Gao_0143,818
2,144,train,Gao,144,Gao_0144,819
2,145,train,Gao,145,Gao_0145,820
2,146,train,Gao,146,Gao_0146,821
2,147,test,Gao,147,Gao_0147,822
2,148,train,Gao,148,Gao_0148,823
2,149,train,Gao,149,Gao_0149,824
2,150,train,Gao,150,Gao_0150,825
2,151,train,Gao,151,Gao_0151,826
2,152,test,Gao,152,Gao_0152,827
2,153,train,Gao,153,Gao_0153,828
2,154,train,Gao,154,Gao_0154,829
2,155,train,Gao,155,Gao_0155,830
2,156,train,Gao,156,Gao_0156,829
2,157,test,Gao,157,Gao_0157,831
2,158,train,Gao,158,Gao_0158,832
2,159,test,Gao,159,Gao_0159,833
2,160,test,Gao,160,Gao_0160,833
2,161,train,Gao,161,Gao_0161,834
2,162,train,Gao,162,Gao_0162,835
2,163,train,Gao,163,Gao_0163,836
2,164,train,Gao,164,Gao_0164,837
2,165,train,Gao,165,Gao_0165,838
2,166,train,Gao,166,Gao_0166,839
2,167,train,Gao,167,Gao_0167,840
2,168,train,Gao,168,Gao_0168,841
2,169,test,Gao,169,Gao_0169,842
2,170,test,Gao,170,Gao_0170,842
2,171,train,Gao,171,Gao_0171,843
2,172,train,Gao,172,Gao_0172,844
2,173,validation,Gao,173,Gao_0173,845
2,174,train,Gao,174,Gao_0174,846
2,175,train,Gao,175,Gao_0175,847
2,176,train,Gao,176,Gao_0176,848
2,177,train,Gao,177,Gao_0177,849
2,178,train,Gao,178,Gao_0178,850
2,179,train,Gao,179,Gao_0179,851
2,180,test,Gao,180,Gao_0180,852
2,181,train,Gao,181,Gao_0181,853
2,182,test,Gao,182,Gao_0182,854
2,183,train,Gao,183,Gao_0183,855
2,184,test,Gao,184,Gao_0184,856
2,185,test,Gao,185,Gao_0185,857
2,186,train,Gao,186,Gao_0186,858
2,187,test,Gao,187,Gao_0187,859
2,188,validation,Gao,188,Gao_0188,860
2,189,train,Gao,189,Gao_0189,861
2,190,train,Gao,190,Gao_0190,862
2,191,validation,Gao,191,Gao_0191,863
2,192,test,Gao,192,Gao_0192,864
2,193,train,Gao,193,Gao_0193,865
2,194,train,Gao,194,Gao_0194,866
2,195,train,Gao,195,Gao_0195,867
2,196,train,Gao,196,Gao_0196,868
2,197,train,Gao,197,Gao_0197,869
2,198,train,Gao,198,Gao_0198,870
2,199,train,Gao,199,Gao_0199,871
2,200,train,Gao,200,Gao_0200,872
2,201,test,Gao,201,Gao_0201,873
2,202,test,Gao,202,Gao_0202,874
2,203,test,Gao,203,Gao_0203,875
2,204,train,Gao,204,Gao_0204,876
2,205,validation,Gao,205,Gao_0205,877
2,206,train,Gao,206,Gao_0206,878
2,207,test,Gao,207,Gao_0207,879
2,208,test,Gao,208,Gao_0208,879
2,209,validation,Gao,209,Gao_0209,880
2,210,test,Gao,210,Gao_0210,881
2,211,train,Gao,211,Gao_0211,882
2,212,train,Gao,212,Gao_0212,883
2,213,test,Gao,213,Gao_0213,884
2,214,train,Gao,214,Gao_0214,885
2,215,train,Gao,215,Gao_0215,886
2,216,train,Gao,216,Gao_0216,887
2,217,train,Gao,217,Gao_0217,888
2,218,train,Gao,218,Gao_0218,889
2,219,train,Gao,219,Gao_0219,890
2,220,train,Gao,220,Gao_0220,891
2,221,train,Gao,221,Gao_0221,690
2,222,train,Gao,222,Gao_0222,690
2,223,train,Gao,223,Gao_0223,690
2,224,train,Gao,224,Gao_0224,892
2,225,test,Gao,225,Gao_0225,893
2,226,validation,Gao,226,Gao_0226,894
2,227,train,Gao,227,Gao_0227,895
2,228,train,Gao,228,Gao_0228,896
2,229,validation,Gao,229,Gao_0229,897
2,230,train,Gao,230,Gao_0230,898
2,231,validation,Gao,231,Gao_0231,899
2,232,train,Gao,232,Gao_0232,900
2,233,train,Gao,233,Gao_0233,901
2,234,test,Gao,234,Gao_0234,902
2,235,test,Gao,235,Gao_0235,903
2,236,train,Gao,236,Gao_0236,904
2,237,train,Gao,237,Gao_0237,905
2,238,train,Gao,238,Gao_0238,906
2,239,test,Gao,239,Gao_0239,907
2,240,train,Gao,240,Gao_0240,908
2,241,test,Gao,241,Gao_0241,909
2,242,train,Gao,242,Gao_0242,910
2,243,test,Gao,243,Gao_0243,911
2,244,train,Gao,244,Gao_0244,912
2,245,train,Gao,245,Gao_0245,913
2,246,train,Gao,246,Gao_0246,914
2,247,train,Gao,247,Gao_0247,915
2,248,train,Gao,248,Gao_0248,916
2,249,test,Gao,249,Gao_0249,917
2,250,train,Gao,250,Gao_0250,918
2,251,train,Gao,251,Gao_0251,919
2,252,train,Gao,252,Gao_0252,920
2,253,test,Gao,253,Gao_0253,921
2,254,train,Gao,254,Gao_0254,922
2,255,train,Gao,255,Gao_0255,923
2,256,train,Gao,256,Gao_0256,924
2,257,train,Gao,257,Gao_0257,925
2,258,validation,Gao,258,Gao_0258,926
2,259,train,Gao,259,Gao_0259,927
2,260,train,Gao,260,Gao_0260,928
2,261,train,Gao,261,Gao_0261,929
2,262,train,Gao,262,Gao_0262,930
2,263,train,Gao,263,Gao_0263,931
2,264,train,Gao,264,Gao_0264,932
2,265,train,Gao,265,Gao_0265,933
2,266,train,Gao,266,Gao_0266,934
2,267,test,Gao,267,Gao_0267,909
2,268,train,Gao,268,Gao_0268,935
2,269,train,Gao,269,Gao_0269,936
2,270,test,Gao,270,Gao_0270,937
2,271,train,Gao,271,Gao_0271,938
2,272,test,Gao,272,Gao_0272,939
2,273,test,Gao,273,Gao_0273,940
2,274,validation,Gao,274,Gao_0274,941
2,275,train,Gao,275,Gao_0275,942
2,276,train,Gao,276,Gao_0276,943
2,277,train,Gao,277,Gao_0277,944
2,278,test,Gao,278,Gao_0278,945
2,279,train,Gao,279,Gao_0279,811
2,280,train,Gao,280,Gao_0280,946
2,281,test,Gao,281,Gao_0281,947
2,282,train,Gao,282,Gao_0282,948
2,283,test,Gao,283,Gao_0283,949
2,284,validation,Gao,284,Gao_0284,950
2,285,validation,Gao,285,Gao_0285,951
2,286,train,Gao,286,Gao_0286,952
2,287,train,Gao,287,Gao_0287,953
2,288,train,Gao,288,Gao_0288,954
2,289,train,Gao,289,Gao_0289,954
2,290,train,Gao,290,Gao_0290,955
2,291,train,Gao,291,Gao_0291,956
2,292,train,Gao,292,Gao_0292,955
2,293,train,Gao,293,Gao_0293,956
2,294,train,Gao,294,Gao_0294,955
2,295,train,Gao,295,Gao_0295,956
2,296,train,Gao,296,Gao_0296,957
2,297,train,Gao,297,Gao_0297,958
2,298,train,Gao,298,Gao_0298,959
2,299,test,Gao,299,Gao_0299,960
2,300,train,Gao,300,Gao_0300,961
2,301,test,Gao,301,Gao_0301,962
2,302,train,Gao,302,Gao_0302,963
2,303,train,Gao,303,Gao_0303,964
2,304,train,Gao,304,Gao_0304,965
2,305,test,Gao,305,Gao_0305,966
2,306,train,Gao,306,Gao_0306,967
2,307,train,Gao,307,Gao_0307,968
2,308,train,Gao,308,Gao_0308,969
2,309,test,Gao,309,Gao_0309,970
2,310,train,Gao,310,Gao_0310,971
2,311,test,Gao,311,Gao_0311,972
2,312,train,Gao,312,Gao_0312,973
2,313,train,Gao,313,Gao_0313,974
2,314,validation,Gao,314,Gao_0314,975
2,315,validation,Gao,315,Gao_0315,976
2,316,train,Gao,316,Gao_0316,977
2,317,test,Gao,317,Gao_0317,978
2,318,train,Gao,318,Gao_0318,979
2,319,train,Gao,319,Gao_0319,980
2,320,test,Gao,320,Gao_0320,981
2,321,test,Gao,321,Gao_0321,982
2,322,train,Gao,322,Gao_0322,983
2,323,train,Gao,323,Gao_0323,983
2,324,train,Gao,324,Gao_0324,984
2,325,train,Gao,325,Gao_0325,985
2,326,train,Gao,326,Gao_0326,985
2,327,validation,Gao,327,Gao_0327,986
2,328,train,Gao,328,Gao_0328,987
2,329,test,Gao,329,Gao_0329,988
2,330,train,Gao,330,Gao_0330,989
2,331,train,Gao,331,Gao_0331,990
2,332,test,Gao,332,Gao_0332,991
2,333,train,Gao,333,Gao_0333,992
2,334,train,Gao,334,Gao_0334,993
2,335,train,Gao,335,Gao_0335,994
2,336,train,Gao,336,Gao_0336,995
2,337,train,Gao,337,Gao_0337,996
2,338,train,Gao,338,Gao_0338,997
2,339,test,Gao,339,Gao_0339,998
2,340,validation,Gao,340,Gao_0340,999
2,341,train,Gao,341,Gao_0341,1000
2,342,test,Gao,342,Gao_0342,1001
2,343,train,Gao,343,Gao_0343,1002
2,344,validation,Gao,344,Gao_0344,1003
2,345,train,Gao,345,Gao_0345,1004
2,346,train,Gao,346,Gao_0346,1005
2,347,train,Gao,347,Gao_0347,1006
2,348,train,Gao,348,Gao_0348,1007
2,349,train,Gao,349,Gao_0349,1008
2,350,train,Gao,350,Gao_0350,1009
2,351,train,Gao,351,Gao_0351,1010
2,352,validation,Gao,352,Gao_0352,1011
2,353,train,Gao,353,Gao_0353,1012
2,354,test,Gao,354,Gao_0354,1013
2,355,train,Gao,355,Gao_0355,1014
2,356,test,Gao,356,Gao_0356,1015
2,357,test,Gao,357,Gao_0357,1015
2,358,test,Gao,358,Gao_0358,1016
2,359,train,Gao,359,Gao_0359,1017
2,360,test,Gao,360,Gao_0360,1018
2,361,train,Gao,361,Gao_0361,1019
2,362,train,Gao,362,Gao_0362,1020
2,363,train,Gao,363,Gao_0363,1021
2,364,train,Gao,364,Gao_0364,1022
2,365,train,Gao,365,Gao_0365,1023
2,366,train,Gao,366,Gao_0366,1024
2,367,train,Gao,367,Gao_0367,1025
2,368,train,Gao,368,Gao_0368,1026
2,369,train,Gao,369,Gao_0369,1027
2,370,train,Gao,370,Gao_0370,1028
2,371,train,Gao,371,Gao_0371,1029
2,372,test,Gao,372,Gao_0372,1030
2,373,train,Gao,373,Gao_0373,1031
2,374,train,Gao,374,Gao_0374,1032
2,375,train,Gao,375,Gao_0375,1033
2,376,train,Gao,376,Gao_0376,1034
2,377,validation,Gao,377,Gao_0377,1035
2,378,test,Gao,378,Gao_0378,1036
2,379,train,Gao,379,Gao_0379,1037
2,380,test,Gao,380,Gao_0380,1038
2,381,validation,Gao,381,Gao_0381,1039
2,382,validation,Gao,382,Gao_0382,1040
2,383,train,Gao,383,Gao_0383,1041
2,384,train,Gao,384,Gao_0384,1042
2,385,train,Gao,385,Gao_0385,1043
2,386,train,Gao,386,Gao_0386,1044
2,387,train,Gao,387,Gao_0387,1045
2,388,train,Gao,388,Gao_0388,1046
2,389,train,Gao,389,Gao_0389,1047
2,390,train,Gao,390,Gao_0390,1048
2,391,train,Gao,391,Gao_0391,1049
2,392,validation,Gao,392,Gao_0392,1050
2,393,train,Gao,393,Gao_0393,1051
2,394,train,Gao,394,Gao_0394,1052
2,395,train,Gao,395,Gao_0395,1053
2,396,train,Gao,396,Gao_0396,1054
2,397,train,Gao,397,Gao_0397,1055
2,398,validation,Gao,398,Gao_0398,1056
2,399,test,Gao,399,Gao_0399,1057
2,400,validation,Gao,400,Gao_0400,1058
2,401,train,Gao,401,Gao_0401,1059
2,402,train,Gao,402,Gao_0402,1060
2,403,train,Gao,403,Gao_0403,1061
2,404,test,Gao,404,Gao_0404,1062
2,405,test,Gao,405,Gao_0405,1063
2,406,train,Gao,406,Gao_0406,1064
2,407,test,Gao,407,Gao_0407,1065
2,408,train,Gao,408,Gao_0408,1066
2,409,test,Gao,409,Gao_0409,1067
2,410,test,Gao,410,Gao_0410,1068
2,411,train,Gao,411,Gao_0411,1069
2,412,test,Gao,412,Gao_0412,1070
2,413,train,Gao,413,Gao_0413,1071
2,414,train,Gao,414,Gao_0414,1072
2,415,train,Gao,415,Gao_0415,1073
2,416,test,Gao,416,Gao_0416,1074
2,417,train,Gao,417,Gao_0417,1075
2,418,train,Gao,418,Gao_0418,1076
2,419,train,Gao,419,Gao_0419,1077
2,420,train,Gao,420,Gao_0420,1078
2,421,test,Gao,421,Gao_0421,1079
2,422,train,Gao,422,Gao_0422,1080
2,423,train,Gao,423,Gao_0423,1081
2,424,train,Gao,424,Gao_0424,1082
2,425,validation,Gao,425,Gao_0425,1083
2,426,test,Gao,426,Gao_0426,1084
2,427,validation,Gao,427,Gao_0427,1085
2,428,train,Gao,428,Gao_0428,1086
2,429,train,Gao,429,Gao_0429,1087
2,430,train,Gao,430,Gao_0430,1088
2,431,test,Gao,431,Gao_0431,1089
2,432,train,Gao,432,Gao_0432,1090
2,433,train,Gao,433,Gao_0433,1091
2,434,test,Gao,434,Gao_0434,1092
2,435,train,Gao,435,Gao_0435,1093
2,436,test,Gao,436,Gao_0436,1094
2,437,train,Gao,437,Gao_0437,1095
2,438,train,Gao,438,Gao_0438,1096
2,439,test,Gao,439,Gao_0439,1097
2,440,train,Gao,440,Gao_0440,1098
2,441,train,Gao,441,Gao_0441,1099
2,442,train,Gao,442,Gao_0442,1100
2,443,train,Gao,443,Gao_0443,1101
2,444,train,Gao,444,Gao_0444,803
2,445,train,Gao,445,Gao_0445,803
2,446,test,Gao,446,Gao_0446,1102
2,447,train,Gao,447,Gao_0447,1103
2,448,test,Gao,448,Gao_0448,1104
2,449,train,Gao,449,Gao_0449,1105
2,450,validation,Gao,450,Gao_0450,1106
2,451,train,Gao,451,Gao_0451,1107
2,452,train,Gao,452,Gao_0452,1108
2,453,train,Gao,453,Gao_0453,1109
2,454,train,Gao,454,Gao_0454,1110
2,455,validation,Gao,455,Gao_0455,1111
2,456,train,Gao,456,Gao_0456,1112
2,457,train,Gao,457,Gao_0457,1113
2,458,validation,Gao,458,Gao_0458,1114
2,459,train,Gao,459,Gao_0459,1115
2,460,validation,Gao,460,Gao_0460,1116
2,461,train,Gao,461,Gao_0461,1117
2,462,train,Gao,462,Gao_0462,1118
2,463,train,Gao,463,Gao_0463,1119
2,464,train,Gao,464,Gao_0464,1120
2,465,test,Gao,465,Gao_0465,1121
2,466,train,Gao,466,Gao_0466,1122
2,467,train,Gao,467,Gao_0467,1123
2,468,test,Gao,468,Gao_0468,1124
2,469,train,Gao,469,Gao_0469,1125
2,470,train,Gao,470,Gao_0470,1126
2,471,train,Gao,471,Gao_0471,1127
2,472,train,Gao,472,Gao_0472,1128
2,473,train,Gao,473,Gao_0473,1127
2,474,test,Gao,474,Gao_0474,1129
2,475,validation,Gao,475,Gao_0475,1130
2,476,validation,Gao,476,Gao_0476,1131
2,477,train,Gao,477,Gao_0477,1132
2,478,train,Gao,478,Gao_0478,1133
2,479,train,Gao,479,Gao_0479,1134
2,480,validation,Gao,480,Gao_0480,1135
2,481,test,Gao,481,Gao_0481,1136
2,482,train,Gao,482,Gao_0482,1137
2,483,train,Gao,483,Gao_0483,1138
2,484,train,Gao,484,Gao_0484,1139
2,485,train,Gao,485,Gao_0485,1140
2,486,train,Gao,486,Gao_0486,1141
2,487,train,Gao,487,Gao_0487,1142
2,488,test,Gao,488,Gao_0488,1143
2,489,test,Gao,489,Gao_0489,1143
2,490,train,Gao,490,Gao_0490,1144
2,491,test,Gao,491,Gao_0491,1145
2,492,train,Gao,492,Gao_0492,1146
2,493,train,Gao,493,Gao_0493,1147
2,494,test,Gao,494,Gao_0494,1148
2,495,train,Gao,495,Gao_0495,1149
2,496,validation,Gao,496,Gao_0496,1150
2,497,test,Gao,497,Gao_0497,1151
2,498,train,Gao,498,Gao_0498,1152
2,499,train,Gao,499,Gao_0499,1153
2,500,train,Gao,500,Gao_0500,1154
2,501,train,Gao,501,Gao_0501,1155
2,502,train,Gao,502,Gao_0502,1156
2,503,train,Gao,503,Gao_0503,1157
2,504,train,Gao,504,Gao_0504,1158
2,505,train,Gao,505,Gao_0505,1159
2,506,test,Gao,506,Gao_0506,1160
2,507,test,Gao,507,Gao_0507,1161
2,508,test,Gao,508,Gao_0508,1162
2,509,train,Gao,509,Gao_0509,1163
2,510,train,Gao,510,Gao_0510,1164
2,511,train,Gao,511,Gao_0511,1165
2,512,train,Gao,512,Gao_0512,1166
2,513,train,Gao,513,Gao_0513,1167
2,514,train,Gao,514,Gao_0514,1168
2,515,train,Gao,515,Gao_0515,1169
2,516,train,Gao,516,Gao_0516,1170
2,517,validation,Gao,517,Gao_0517,1171
2,518,train,Gao,518,Gao_0518,1172
2,519,train,Gao,519,Gao_0519,1173
2,520,train,Gao,520,Gao_0520,1174
2,521,train,Gao,521,Gao_0521,1175
2,522,validation,Gao,522,Gao_0522,1176
2,523,train,Gao,523,Gao_0523,1177
2,524,train,Gao,524,Gao_0524,1178
2,525,validation,Gao,525,Gao_0525,1179
2,526,train,Gao,526,Gao_0526,1180
2,527,test,Gao,527,Gao_0527,1181
2,528,train,Gao,528,Gao_0528,1182
2,529,train,Gao,529,Gao_0529,1183
2,530,test,Gao,530,Gao_0530,1184
2,531,train,Gao,531,Gao_0531,691
2,532,train,Gao,532,Gao_0532,1185
2,533,test,Gao,533,Gao_0533,1186
2,534,train,Gao,534,Gao_0534,1187
3,0,train,Gao,0,Gao_0000,681
3,1,train,Gao,1,Gao_0001,682
3,2,train,Gao,2,Gao_0002,683
3,3,train,Gao,3,Gao_0003,684
3,4,train,Gao,4,Gao_0004,684
3,5,train,Gao,5,Gao_0005,685
3,6,train,Gao,6,Gao_0006,686
3,7,train,Gao,7,Gao_0007,687
3,8,train,Gao,8,Gao_0008,687
3,9,train,Gao,9,Gao_0009,688
3,10,train,Gao,10,Gao_0010,689
3,11,validation,Gao,11,Gao_0011,690
3,12,train,Gao,12,Gao_0012,691
3,13,train,Gao,13,Gao_0013,692
3,14,train,Gao,14,Gao_0014,693
3,15,train,Gao,15,Gao_0015,694
3,16,test,Gao,16,Gao_0016,695
3,17,test,Gao,17,Gao_0017,696
3,18,test,Gao,18,Gao_0018,697
3,19,train,Gao,19,Gao_0019,698
3,20,train,Gao,20,Gao_0020,699
3,21,train,Gao,21,Gao_0021,700
3,22,train,Gao,22,Gao_0022,701
3,23,train,Gao,23,Gao_0023,702
3,24,train,Gao,24,Gao_0024,703
3,25,train,Gao,25,Gao_0025,704
3,26,train,Gao,26,Gao_0026,705
3,27,validation,Gao,27,Gao_0027,706
3,28,validation,Gao,28,Gao_0028,707
3,29,test,Gao,29,Gao_0029,708
3,30,train,Gao,30,Gao_0030,709
3,31,train,Gao,31,Gao_0031,710
3,32,train,Gao,32,Gao_0032,711
3,33,train,Gao,33,Gao_0033,712
3,34,train,Gao,34,Gao_0034,713
3,35,train,Gao,35,Gao_0035,714
3,36,train,Gao,36,Gao_0036,715
3,37,train,Gao,37,Gao_0037,716
3,38,train,Gao,38,Gao_0038,717
3,39,test,Gao,39,Gao_0039,718
3,40,train,Gao,40,Gao_0040,719
3,41,train,Gao,41,Gao_0041,720
3,42,test,Gao,42,Gao_0042,721
3,43,train,Gao,43,Gao_0043,722
3,44,train,Gao,44,Gao_0044,723
3,45,test,Gao,45,Gao_0045,724
3,46,train,Gao,46,Gao_0046,725
3,47,train,Gao,47,Gao_0047,726
3,48,train,Gao,48,Gao_0048,727
3,49,train,Gao,49,Gao_0049,728
3,50,train,Gao,50,Gao_0050,729
3,51,train,Gao,51,Gao_0051,730
3,52,train,Gao,52,Gao_0052,731
3,53,test,Gao,53,Gao_0053,732
3,54,train,Gao,54,Gao_0054,733
3,55,train,Gao,55,Gao_0055,734
3,56,validation,Gao,56,Gao_0056,735
3,57,train,Gao,57,Gao_0057,736
3,58,train,Gao,58,Gao_0058,737
3,59,test,Gao,59,Gao_0059,738
3,60,train,Gao,60,Gao_0060,739
3,61,train,Gao,61,Gao_0061,740
3,62,train,Gao,62,Gao_0062,741
3,63,train,Gao,63,Gao_0063,742
3,64,train,Gao,64,Gao_0064,743
3,65,train,Gao,65,Gao_0065,744
3,66,train,Gao,66,Gao_0066,745
3,67,train,Gao,67,Gao_0067,746
3,68,test,Gao,68,Gao_0068,747
3,69,test,Gao,69,Gao_0069,748
3,70,train,Gao,70,Gao_0070,749
3,71,train,Gao,71,Gao_0071,750
3,72,train,Gao,72,Gao_0072,751
3,73,train,Gao,73,Gao_0073,752
3,74,validation,Gao,74,Gao_0074,753
3,75,test,Gao,75,Gao_0075,754
3,76,train,Gao,76,Gao_0076,755
3,77,train,Gao,77,Gao_0077,756
3,78,train,Gao,78,Gao_0078,757
3,79,train,Gao,79,Gao_0079,758
3,80,train,Gao,80,Gao_0080,759
3,81,train,Gao,81,Gao_0081,760
3,82,test,Gao,82,Gao_0082,761
3,83,test,Gao,83,Gao_0083,762
3,84,validation,Gao,84,Gao_0084,763
3,85,train,Gao,85,Gao_0085,764
3,86,train,Gao,86,Gao_0086,765
3,87,train,Gao,87,Gao_0087,766
3,88,train,Gao,88,Gao_0088,767
3,89,test,Gao,89,Gao_0089,768
3,90,test,Gao,90,Gao_0090,768
3,91,train,Gao,91,Gao_0091,769
3,92,train,Gao,92,Gao_0092,770
3,93,train,Gao,93,Gao_0093,771
3,94,validation,Gao,94,Gao_0094,772
3,95,train,Gao,95,Gao_0095,773
3,96,train,Gao,96,Gao_0096,774
3,97,train,Gao,97,Gao_0097,775
3,98,train,Gao,98,Gao_0098,776
3,99,train,Gao,99,Gao_0099,777
3,100,train,Gao,100,Gao_0100,778
3,101,train,Gao,101,Gao_0101,779
3,102,train,Gao,102,Gao_0102,780
3,103,train,Gao,103,Gao_0103,780
3,104,train,Gao,104,Gao_0104,780
3,105,train,Gao,105,Gao_0105,781
3,106,test,Gao,106,Gao_0106,782
3,107,test,Gao,107,Gao_0107,783
3,108,test,Gao,108,Gao_0108,784
3,109,train,Gao,109,Gao_0109,785
3,110,train,Gao,110,Gao_0110,786
3,111,train,Gao,111,Gao_0111,787
3,112,test,Gao,112,Gao_0112,788
3,113,train,Gao,113,Gao_0113,789
3,114,train,Gao,114,Gao_0114,790
3,115,train,Gao,115,Gao_0115,791
3,116,test,Gao,116,Gao_0116,792
3,117,test,Gao,117,Gao_0117,793
3,118,train,Gao,118,Gao_0118,794
3,119,train,Gao,119,Gao_0119,795
3,120,validation,Gao,120,Gao_0120,796
3,121,train,Gao,121,Gao_0121,797
3,122,train,Gao,122,Gao_0122,798
3,123,train,Gao,123,Gao_0123,799
3,124,train,Gao,124,Gao_0124,800
3,125,train,Gao,125,Gao_0125,801
3,126,train,Gao,126,Gao_0126,802
3,127,train,Gao,127,Gao_0127,803
3,128,train,Gao,128,Gao_0128,804
3,129,test,Gao,129,Gao_0129,805
3,130,test,Gao,130,Gao_0130,805
3,131,train,Gao,131,Gao_0131,806
3,132,test,Gao,132,Gao_0132,807
3,133,test,Gao,133,Gao_0133,808
3,134,train,Gao,134,Gao_0134,809
3,135,train,Gao,135,Gao_0135,810
3,136,test,Gao,136,Gao_0136,811
3,137,train,Gao,137,Gao_0137,812
3,138,train,Gao,138,Gao_0138,813
3,139,train,Gao,139,Gao_0139,814
3,140,test,Gao,140,Gao_0140,815
3,141,train,Gao,141,Gao_0141,816
3,142,test,Gao,142,Gao_0142,817
3,143,test,Gao,143,Gao_0143,818
3,144,train,Gao,144,Gao_0144,819
3,145,test,Gao,145,Gao_0145,820
3,146,train,Gao,146,Gao_0146,821
3,147,train,Gao,147,Gao_0147,822
3,148,train,Gao,148,Gao_0148,823
3,149,train,Gao,149,Gao_0149,824
3,150,test,Gao,150,Gao_0150,825
3,151,train,Gao,151,Gao_0151,826
3,152,train,Gao,152,Gao_0152,827
3,153,train,Gao,153,Gao_0153,828
3,154,train,Gao,154,Gao_0154,829
3,155,train,Gao,155,Gao_0155,830
3,156,train,Gao,156,Gao_0156,829
3,157,train,Gao,157,Gao_0157,831
3,158,train,Gao,158,Gao_0158,832
3,159,train,Gao,159,Gao_0159,833
3,160,train,Gao,160,Gao_0160,833
3,161,test,Gao,161,Gao_0161,834
3,162,train,Gao,162,Gao_0162,835
3,163,test,Gao,163,Gao_0163,836
3,164,train,Gao,164,Gao_0164,837
3,165,train,Gao,165,Gao_0165,838
3,166,train,Gao,166,Gao_0166,839
3,167,train,Gao,167,Gao_0167,840
3,168,train,Gao,168,Gao_0168,841
3,169,test,Gao,169,Gao_0169,842
3,170,test,Gao,170,Gao_0170,842
3,171,train,Gao,171,Gao_0171,843
3,172,train,Gao,172,Gao_0172,844
3,173,test,Gao,173,Gao_0173,845
3,174,train,Gao,174,Gao_0174,846
3,175,train,Gao,175,Gao_0175,847
3,176,train,Gao,176,Gao_0176,848
3,177,validation,Gao,177,Gao_0177,849
3,178,train,Gao,178,Gao_0178,850
3,179,test,Gao,179,Gao_0179,851
3,180,train,Gao,180,Gao_0180,852
3,181,validation,Gao,181,Gao_0181,853
3,182,validation,Gao,182,Gao_0182,854
3,183,train,Gao,183,Gao_0183,855
3,184,test,Gao,184,Gao_0184,856
3,185,train,Gao,185,Gao_0185,857
3,186,train,Gao,186,Gao_0186,858
3,187,train,Gao,187,Gao_0187,859
3,188,validation,Gao,188,Gao_0188,860
3,189,train,Gao,189,Gao_0189,861
3,190,validation,Gao,190,Gao_0190,862
3,191,train,Gao,191,Gao_0191,863
3,192,train,Gao,192,Gao_0192,864
3,193,train,Gao,193,Gao_0193,865
3,194,test,Gao,194,Gao_0194,866
3,195,test,Gao,195,Gao_0195,867
3,196,train,Gao,196,Gao_0196,868
3,197,train,Gao,197,Gao_0197,869
3,198,test,Gao,198,Gao_0198,870
3,199,train,Gao,199,Gao_0199,871
3,200,train,Gao,200,Gao_0200,872
3,201,train,Gao,201,Gao_0201,873
3,202,train,Gao,202,Gao_0202,874
3,203,train,Gao,203,Gao_0203,875
3,204,train,Gao,204,Gao_0204,876
3,205,test,Gao,205,Gao_0205,877
3,206,train,Gao,206,Gao_0206,878
3,207,train,Gao,207,Gao_0207,879
3,208,train,Gao,208,Gao_0208,879
3,209,validation,Gao,209,Gao_0209,880
3,210,train,Gao,210,Gao_0210,881
3,211,test,Gao,211,Gao_0211,882
3,212,train,Gao,212,Gao_0212,883
3,213,test,Gao,213,Gao_0213,884
3,214,train,Gao,214,Gao_0214,885
3,215,train,Gao,215,Gao_0215,886
3,216,train,Gao,216,Gao_0216,887
3,217,validation,Gao,217,Gao_0217,888
3,218,train,Gao,218,Gao_0218,889
3,219,test,Gao,219,Gao_0219,890
3,220,test,Gao,220,Gao_0220,891
3,221,validation,Gao,221,Gao_0221,690
3,222,validation,Gao,222,Gao_0222,690
3,223,validation,Gao,223,Gao_0223,690
3,224,test,Gao,224,Gao_0224,892
3,225,train,Gao,225,Gao_0225,893
3,226,train,Gao,226,Gao_0226,894
3,227,test,Gao,227,Gao_0227,895
3,228,train,Gao,228,Gao_0228,896
3,229,train,Gao,229,Gao_0229,897
3,230,train,Gao,230,Gao_0230,898
3,231,train,Gao,231,Gao_0231,899
3,232,train,Gao,232,Gao_0232,900
3,233,validation,Gao,233,Gao_0233,901
3,234,validation,Gao,234,Gao_0234,902
3,235,train,Gao,235,Gao_0235,903
3,236,train,Gao,236,Gao_0236,904
3,237,test,Gao,237,Gao_0237,905
3,238,test,Gao,238,Gao_0238,906
3,239,train,Gao,239,Gao_0239,907
3,240,test,Gao,240,Gao_0240,908
3,241,train,Gao,241,Gao_0241,909
3,242,train,Gao,242,Gao_0242,910
3,243,test,Gao,243,Gao_0243,911
3,244,train,Gao,244,Gao_0244,912
3,245,validation,Gao,245,Gao_0245,913
3,246,train,Gao,246,Gao_0246,914
3,247,validation,Gao,247,Gao_0247,915
3,248,train,Gao,248,Gao_0248,916
3,249,train,Gao,249,Gao_0249,917
3,250,test,Gao,250,Gao_0250,918
3,251,train,Gao,251,Gao_0251,919
3,252,test,Gao,252,Gao_0252,920
3,253,train,Gao,253,Gao_0253,921
3,254,train,Gao,254,Gao_0254,922
3,255,train,Gao,255,Gao_0255,923
3,256,train,Gao,256,Gao_0256,924
3,257,train,Gao,257,Gao_0257,925
3,258,validation,Gao,258,Gao_0258,926
3,259,train,Gao,259,Gao_0259,927
3,260,test,Gao,260,Gao_0260,928
3,261,train,Gao,261,Gao_0261,929
3,262,train,Gao,262,Gao_0262,930
3,263,validation,Gao,263,Gao_0263,931
3,264,test,Gao,264,Gao_0264,932
3,265,train,Gao,265,Gao_0265,933
3,266,train,Gao,266,Gao_0266,934
3,267,train,Gao,267,Gao_0267,909
3,268,validation,Gao,268,Gao_0268,935
3,269,test,Gao,269,Gao_0269,936
3,270,train,Gao,270,Gao_0270,937
3,271,train,Gao,271,Gao_0271,938
3,272,train,Gao,272,Gao_0272,939
3,273,train,Gao,273,Gao_0273,940
3,274,train,Gao,274,Gao_0274,941
3,275,train,Gao,275,Gao_0275,942
3,276,train,Gao,276,Gao_0276,943
3,277,train,Gao,277,Gao_0277,944
3,278,train,Gao,278,Gao_0278,945
3,279,test,Gao,279,Gao_0279,811
3,280,validation,Gao,280,Gao_0280,946
3,281,train,Gao,281,Gao_0281,947
3,282,train,Gao,282,Gao_0282,948
3,283,validation,Gao,283,Gao_0283,949
3,284,test,Gao,284,Gao_0284,950
3,285,test,Gao,285,Gao_0285,951
3,286,train,Gao,286,Gao_0286,952
3,287,test,Gao,287,Gao_0287,953
3,288,train,Gao,288,Gao_0288,954
3,289,train,Gao,289,Gao_0289,954
3,290,train,Gao,290,Gao_0290,955
3,291,train,Gao,291,Gao_0291,956
3,292,train,Gao,292,Gao_0292,955
3,293,train,Gao,293,Gao_0293,956
3,294,train,Gao,294,Gao_0294,955
3,295,train,Gao,295,Gao_0295,956
3,296,train,Gao,296,Gao_0296,957
3,297,train,Gao,297,Gao_0297,958
3,298,train,Gao,298,Gao_0298,959
3,299,test,Gao,299,Gao_0299,960
3,300,train,Gao,300,Gao_0300,961
3,301,train,Gao,301,Gao_0301,962
3,302,test,Gao,302,Gao_0302,963
3,303,train,Gao,303,Gao_0303,964
3,304,train,Gao,304,Gao_0304,965
3,305,train,Gao,305,Gao_0305,966
3,306,train,Gao,306,Gao_0306,967
3,307,test,Gao,307,Gao_0307,968
3,308,test,Gao,308,Gao_0308,969
3,309,train,Gao,309,Gao_0309,970
3,310,validation,Gao,310,Gao_0310,971
3,311,validation,Gao,311,Gao_0311,972
3,312,train,Gao,312,Gao_0312,973
3,313,train,Gao,313,Gao_0313,974
3,314,train,Gao,314,Gao_0314,975
3,315,train,Gao,315,Gao_0315,976
3,316,test,Gao,316,Gao_0316,977
3,317,train,Gao,317,Gao_0317,978
3,318,train,Gao,318,Gao_0318,979
3,319,validation,Gao,319,Gao_0319,980
3,320,train,Gao,320,Gao_0320,981
3,321,test,Gao,321,Gao_0321,982
3,322,train,Gao,322,Gao_0322,983
3,323,train,Gao,323,Gao_0323,983
3,324,train,Gao,324,Gao_0324,984
3,325,test,Gao,325,Gao_0325,985
3,326,test,Gao,326,Gao_0326,985
3,327,train,Gao,327,Gao_0327,986
3,328,validation,Gao,328,Gao_0328,987
3,329,train,Gao,329,Gao_0329,988
3,330,train,Gao,330,Gao_0330,989
3,331,train,Gao,331,Gao_0331,990
3,332,validation,Gao,332,Gao_0332,991
3,333,validation,Gao,333,Gao_0333,992
3,334,validation,Gao,334,Gao_0334,993
3,335,train,Gao,335,Gao_0335,994
3,336,train,Gao,336,Gao_0336,995
3,337,train,Gao,337,Gao_0337,996
3,338,train,Gao,338,Gao_0338,997
3,339,train,Gao,339,Gao_0339,998
3,340,train,Gao,340,Gao_0340,999
3,341,train,Gao,341,Gao_0341,1000
3,342,train,Gao,342,Gao_0342,1001
3,343,train,Gao,343,Gao_0343,1002
3,344,train,Gao,344,Gao_0344,1003
3,345,test,Gao,345,Gao_0345,1004
3,346,train,Gao,346,Gao_0346,1005
3,347,validation,Gao,347,Gao_0347,1006
3,348,test,Gao,348,Gao_0348,1007
3,349,validation,Gao,349,Gao_0349,1008
3,350,test,Gao,350,Gao_0350,1009
3,351,test,Gao,351,Gao_0351,1010
3,352,test,Gao,352,Gao_0352,1011
3,353,train,Gao,353,Gao_0353,1012
3,354,test,Gao,354,Gao_0354,1013
3,355,test,Gao,355,Gao_0355,1014
3,356,train,Gao,356,Gao_0356,1015
3,357,train,Gao,357,Gao_0357,1015
3,358,train,Gao,358,Gao_0358,1016
3,359,train,Gao,359,Gao_0359,1017
3,360,train,Gao,360,Gao_0360,1018
3,361,train,Gao,361,Gao_0361,1019
3,362,test,Gao,362,Gao_0362,1020
3,363,train,Gao,363,Gao_0363,1021
3,364,train,Gao,364,Gao_0364,1022
3,365,test,Gao,365,Gao_0365,1023
3,366,test,Gao,366,Gao_0366,1024
3,367,train,Gao,367,Gao_0367,1025
3,368,test,Gao,368,Gao_0368,1026
3,369,validation,Gao,369,Gao_0369,1027
3,370,train,Gao,370,Gao_0370,1028
3,371,train,Gao,371,Gao_0371,1029
3,372,test,Gao,372,Gao_0372,1030
3,373,train,Gao,373,Gao_0373,1031
3,374,test,Gao,374,Gao_0374,1032
3,375,train,Gao,375,Gao_0375,1033
3,376,train,Gao,376,Gao_0376,1034
3,377,train,Gao,377,Gao_0377,1035
3,378,test,Gao,378,Gao_0378,1036
3,379,train,Gao,379,Gao_0379,1037
3,380,train,Gao,380,Gao_0380,1038
3,381,test,Gao,381,Gao_0381,1039
3,382,train,Gao,382,Gao_0382,1040
3,383,train,Gao,383,Gao_0383,1041
3,384,train,Gao,384,Gao_0384,1042
3,385,train,Gao,385,Gao_0385,1043
3,386,train,Gao,386,Gao_0386,1044
3,387,train,Gao,387,Gao_0387,1045
3,388,train,Gao,388,Gao_0388,1046
3,389,train,Gao,389,Gao_0389,1047
3,390,train,Gao,390,Gao_0390,1048
3,391,train,Gao,391,Gao_0391,1049
3,392,test,Gao,392,Gao_0392,1050
3,393,train,Gao,393,Gao_0393,1051
3,394,validation,Gao,394,Gao_0394,1052
3,395,validation,Gao,395,Gao_0395,1053
3,396,test,Gao,396,Gao_0396,1054
3,397,test,Gao,397,Gao_0397,1055
3,398,train,Gao,398,Gao_0398,1056
3,399,train,Gao,399,Gao_0399,1057
3,400,test,Gao,400,Gao_0400,1058
3,401,train,Gao,401,Gao_0401,1059
3,402,train,Gao,402,Gao_0402,1060
3,403,validation,Gao,403,Gao_0403,1061
3,404,train,Gao,404,Gao_0404,1062
3,405,train,Gao,405,Gao_0405,1063
3,406,train,Gao,406,Gao_0406,1064
3,407,train,Gao,407,Gao_0407,1065
3,408,train,Gao,408,Gao_0408,1066
3,409,validation,Gao,409,Gao_0409,1067
3,410,train,Gao,410,Gao_0410,1068
3,411,train,Gao,411,Gao_0411,1069
3,412,validation,Gao,412,Gao_0412,1070
3,413,test,Gao,413,Gao_0413,1071
3,414,train,Gao,414,Gao_0414,1072
3,415,validation,Gao,415,Gao_0415,1073
3,416,train,Gao,416,Gao_0416,1074
3,417,validation,Gao,417,Gao_0417,1075
3,418,train,Gao,418,Gao_0418,1076
3,419,train,Gao,419,Gao_0419,1077
3,420,test,Gao,420,Gao_0420,1078
3,421,validation,Gao,421,Gao_0421,1079
3,422,train,Gao,422,Gao_0422,1080
3,423,train,Gao,423,Gao_0423,1081
3,424,train,Gao,424,Gao_0424,1082
3,425,train,Gao,425,Gao_0425,1083
3,426,train,Gao,426,Gao_0426,1084
3,427,train,Gao,427,Gao_0427,1085
3,428,train,Gao,428,Gao_0428,1086
3,429,train,Gao,429,Gao_0429,1087
3,430,validation,Gao,430,Gao_0430,1088
3,431,train,Gao,431,Gao_0431,1089
3,432,train,Gao,432,Gao_0432,1090
3,433,test,Gao,433,Gao_0433,1091
3,434,train,Gao,434,Gao_0434,1092
3,435,train,Gao,435,Gao_0435,1093
3,436,train,Gao,436,Gao_0436,1094
3,437,train,Gao,437,Gao_0437,1095
3,438,train,Gao,438,Gao_0438,1096
3,439,train,Gao,439,Gao_0439,1097
3,440,train,Gao,440,Gao_0440,1098
3,441,test,Gao,441,Gao_0441,1099
3,442,validation,Gao,442,Gao_0442,1100
3,443,train,Gao,443,Gao_0443,1101
3,444,train,Gao,444,Gao_0444,803
3,445,train,Gao,445,Gao_0445,803
3,446,test,Gao,446,Gao_0446,1102
3,447,train,Gao,447,Gao_0447,1103
3,448,train,Gao,448,Gao_0448,1104
3,449,train,Gao,449,Gao_0449,1105
3,450,train,Gao,450,Gao_0450,1106
3,451,test,Gao,451,Gao_0451,1107
3,452,train,Gao,452,Gao_0452,1108
3,453,train,Gao,453,Gao_0453,1109
3,454,train,Gao,454,Gao_0454,1110
3,455,train,Gao,455,Gao_0455,1111
3,456,train,Gao,456,Gao_0456,1112
3,457,train,Gao,457,Gao_0457,1113
3,458,train,Gao,458,Gao_0458,1114
3,459,train,Gao,459,Gao_0459,1115
3,460,train,Gao,460,Gao_0460,1116
3,461,train,Gao,461,Gao_0461,1117
3,462,train,Gao,462,Gao_0462,1118
3,463,validation,Gao,463,Gao_0463,1119
3,464,train,Gao,464,Gao_0464,1120
3,465,train,Gao,465,Gao_0465,1121
3,466,train,Gao,466,Gao_0466,1122
3,467,train,Gao,467,Gao_0467,1123
3,468,test,Gao,468,Gao_0468,1124
3,469,train,Gao,469,Gao_0469,1125
3,470,train,Gao,470,Gao_0470,1126
3,471,train,Gao,471,Gao_0471,1127
3,472,train,Gao,472,Gao_0472,1128
3,473,train,Gao,473,Gao_0473,1127
3,474,test,Gao,474,Gao_0474,1129
3,475,train,Gao,475,Gao_0475,1130
3,476,train,Gao,476,Gao_0476,1131
3,477,train,Gao,477,Gao_0477,1132
3,478,test,Gao,478,Gao_0478,1133
3,479,train,Gao,479,Gao_0479,1134
3,480,test,Gao,480,Gao_0480,1135
3,481,test,Gao,481,Gao_0481,1136
3,482,train,Gao,482,Gao_0482,1137
3,483,test,Gao,483,Gao_0483,1138
3,484,train,Gao,484,Gao_0484,1139
3,485,train,Gao,485,Gao_0485,1140
3,486,train,Gao,486,Gao_0486,1141
3,487,train,Gao,487,Gao_0487,1142
3,488,train,Gao,488,Gao_0488,1143
3,489,train,Gao,489,Gao_0489,1143
3,490,validation,Gao,490,Gao_0490,1144
3,491,train,Gao,491,Gao_0491,1145
3,492,train,Gao,492,Gao_0492,1146
3,493,test,Gao,493,Gao_0493,1147
3,494,train,Gao,494,Gao_0494,1148
3,495,train,Gao,495,Gao_0495,1149
3,496,test,Gao,496,Gao_0496,1150
3,497,train,Gao,497,Gao_0497,1151
3,498,train,Gao,498,Gao_0498,1152
3,499,test,Gao,499,Gao_0499,1153
3,500,train,Gao,500,Gao_0500,1154
3,501,validation,Gao,501,Gao_0501,1155
3,502,test,Gao,502,Gao_0502,1156
3,503,test,Gao,503,Gao_0503,1157
3,504,train,Gao,504,Gao_0504,1158
3,505,train,Gao,505,Gao_0505,1159
3,506,train,Gao,506,Gao_0506,1160
3,507,train,Gao,507,Gao_0507,1161
3,508,train,Gao,508,Gao_0508,1162
3,509,train,Gao,509,Gao_0509,1163
3,510,train,Gao,510,Gao_0510,1164
3,511,validation,Gao,511,Gao_0511,1165
3,512,train,Gao,512,Gao_0512,1166
3,513,train,Gao,513,Gao_0513,1167
3,514,validation,Gao,514,Gao_0514,1168
3,515,train,Gao,515,Gao_0515,1169
3,516,validation,Gao,516,Gao_0516,1170
3,517,train,Gao,517,Gao_0517,1171
3,518,train,Gao,518,Gao_0518,1172
3,519,train,Gao,519,Gao_0519,1173
3,520,train,Gao,520,Gao_0520,1174
3,521,train,Gao,521,Gao_0521,1175
3,522,validation,Gao,522,Gao_0522,1176
3,523,train,Gao,523,Gao_0523,1177
3,524,test,Gao,524,Gao_0524,1178
3,525,train,Gao,525,Gao_0525,1179
3,526,train,Gao,526,Gao_0526,1180
3,527,train,Gao,527,Gao_0527,1181
3,528,train,Gao,528,Gao_0528,1182
3,529,train,Gao,529,Gao_0529,1183
3,530,train,Gao,530,Gao_0530,1184
3,531,train,Gao,531,Gao_0531,691
3,532,train,Gao,532,Gao_0532,1185
3,533,train,Gao,533,Gao_0533,1186
3,534,train,Gao,534,Gao_0534,1187
4,0,train,Gao,0,Gao_0000,681
4,1,train,Gao,1,Gao_0001,682
4,2,train,Gao,2,Gao_0002,683
4,3,train,Gao,3,Gao_0003,684
4,4,train,Gao,4,Gao_0004,684
4,5,train,Gao,5,Gao_0005,685
4,6,train,Gao,6,Gao_0006,686
4,7,test,Gao,7,Gao_0007,687
4,8,test,Gao,8,Gao_0008,687
4,9,train,Gao,9,Gao_0009,688
4,10,test,Gao,10,Gao_0010,689
4,11,train,Gao,11,Gao_0011,690
4,12,train,Gao,12,Gao_0012,691
4,13,test,Gao,13,Gao_0013,692
4,14,train,Gao,14,Gao_0014,693
4,15,train,Gao,15,Gao_0015,694
4,16,test,Gao,16,Gao_0016,695
4,17,train,Gao,17,Gao_0017,696
4,18,train,Gao,18,Gao_0018,697
4,19,train,Gao,19,Gao_0019,698
4,20,test,Gao,20,Gao_0020,699
4,21,train,Gao,21,Gao_0021,700
4,22,train,Gao,22,Gao_0022,701
4,23,train,Gao,23,Gao_0023,702
4,24,train,Gao,24,Gao_0024,703
4,25,train,Gao,25,Gao_0025,704
4,26,train,Gao,26,Gao_0026,705
4,27,test,Gao,27,Gao_0027,706
4,28,train,Gao,28,Gao_0028,707
4,29,train,Gao,29,Gao_0029,708
4,30,validation,Gao,30,Gao_0030,709
4,31,train,Gao,31,Gao_0031,710
4,32,train,Gao,32,Gao_0032,711
4,33,train,Gao,33,Gao_0033,712
4,34,train,Gao,34,Gao_0034,713
4,35,train,Gao,35,Gao_0035,714
4,36,validation,Gao,36,Gao_0036,715
4,37,train,Gao,37,Gao_0037,716
4,38,train,Gao,38,Gao_0038,717
4,39,train,Gao,39,Gao_0039,718
4,40,train,Gao,40,Gao_0040,719
4,41,train,Gao,41,Gao_0041,720
4,42,train,Gao,42,Gao_0042,721
4,43,train,Gao,43,Gao_0043,722
4,44,validation,Gao,44,Gao_0044,723
4,45,train,Gao,45,Gao_0045,724
4,46,train,Gao,46,Gao_0046,725
4,47,test,Gao,47,Gao_0047,726
4,48,train,Gao,48,Gao_0048,727
4,49,test,Gao,49,Gao_0049,728
4,50,train,Gao,50,Gao_0050,729
4,51,train,Gao,51,Gao_0051,730
4,52,train,Gao,52,Gao_0052,731
4,53,train,Gao,53,Gao_0053,732
4,54,validation,Gao,54,Gao_0054,733
4,55,train,Gao,55,Gao_0055,734
4,56,train,Gao,56,Gao_0056,735
4,57,test,Gao,57,Gao_0057,736
4,58,validation,Gao,58,Gao_0058,737
4,59,train,Gao,59,Gao_0059,738
4,60,train,Gao,60,Gao_0060,739
4,61,train,Gao,61,Gao_0061,740
4,62,train,Gao,62,Gao_0062,741
4,63,validation,Gao,63,Gao_0063,742
4,64,test,Gao,64,Gao_0064,743
4,65,test,Gao,65,Gao_0065,744
4,66,test,Gao,66,Gao_0066,745
4,67,test,Gao,67,Gao_0067,746
4,68,test,Gao,68,Gao_0068,747
4,69,train,Gao,69,Gao_0069,748
4,70,test,Gao,70,Gao_0070,749
4,71,validation,Gao,71,Gao_0071,750
4,72,test,Gao,72,Gao_0072,751
4,73,train,Gao,73,Gao_0073,752
4,74,test,Gao,74,Gao_0074,753
4,75,train,Gao,75,Gao_0075,754
4,76,train,Gao,76,Gao_0076,755
4,77,train,Gao,77,Gao_0077,756
4,78,train,Gao,78,Gao_0078,757
4,79,train,Gao,79,Gao_0079,758
4,80,train,Gao,80,Gao_0080,759
4,81,train,Gao,81,Gao_0081,760
4,82,test,Gao,82,Gao_0082,761
4,83,train,Gao,83,Gao_0083,762
4,84,train,Gao,84,Gao_0084,763
4,85,validation,Gao,85,Gao_0085,764
4,86,train,Gao,86,Gao_0086,765
4,87,train,Gao,87,Gao_0087,766
4,88,train,Gao,88,Gao_0088,767
4,89,validation,Gao,89,Gao_0089,768
4,90,validation,Gao,90,Gao_0090,768
4,91,train,Gao,91,Gao_0091,769
4,92,test,Gao,92,Gao_0092,770
4,93,train,Gao,93,Gao_0093,771
4,94,train,Gao,94,Gao_0094,772
4,95,train,Gao,95,Gao_0095,773
4,96,train,Gao,96,Gao_0096,774
4,97,validation,Gao,97,Gao_0097,775
4,98,train,Gao,98,Gao_0098,776
4,99,train,Gao,99,Gao_0099,777
4,100,validation,Gao,100,Gao_0100,778
4,101,train,Gao,101,Gao_0101,779
4,102,train,Gao,102,Gao_0102,780
4,103,train,Gao,103,Gao_0103,780
4,104,train,Gao,104,Gao_0104,780
4,105,test,Gao,105,Gao_0105,781
4,106,train,Gao,106,Gao_0106,782
4,107,test,Gao,107,Gao_0107,783
4,108,test,Gao,108,Gao_0108,784
4,109,validation,Gao,109,Gao_0109,785
4,110,train,Gao,110,Gao_0110,786
4,111,test,Gao,111,Gao_0111,787
4,112,validation,Gao,112,Gao_0112,788
4,113,test,Gao,113,Gao_0113,789
4,114,train,Gao,114,Gao_0114,790
4,115,train,Gao,115,Gao_0115,791
4,116,train,Gao,116,Gao_0116,792
4,117,train,Gao,117,Gao_0117,793
4,118,train,Gao,118,Gao_0118,794
4,119,validation,Gao,119,Gao_0119,795
4,120,train,Gao,120,Gao_0120,796
4,121,train,Gao,121,Gao_0121,797
4,122,test,Gao,122,Gao_0122,798
4,123,train,Gao,123,Gao_0123,799
4,124,train,Gao,124,Gao_0124,800
4,125,test,Gao,125,Gao_0125,801
4,126,train,Gao,126,Gao_0126,802
4,127,train,Gao,127,Gao_0127,803
4,128,test,Gao,128,Gao_0128,804
4,129,train,Gao,129,Gao_0129,805
4,130,train,Gao,130,Gao_0130,805
4,131,validation,Gao,131,Gao_0131,806
4,132,train,Gao,132,Gao_0132,807
4,133,train,Gao,133,Gao_0133,808
4,134,train,Gao,134,Gao_0134,809
4,135,test,Gao,135,Gao_0135,810
4,136,train,Gao,136,Gao_0136,811
4,137,train,Gao,137,Gao_0137,812
4,138,validation,Gao,138,Gao_0138,813
4,139,test,Gao,139,Gao_0139,814
4,140,test,Gao,140,Gao_0140,815
4,141,train,Gao,141,Gao_0141,816
4,142,train,Gao,142,Gao_0142,817
4,143,train,Gao,143,Gao_0143,818
4,144,test,Gao,144,Gao_0144,819
4,145,test,Gao,145,Gao_0145,820
4,146,train,Gao,146,Gao_0146,821
4,147,train,Gao,147,Gao_0147,822
4,148,test,Gao,148,Gao_0148,823
4,149,train,Gao,149,Gao_0149,824
4,150,train,Gao,150,Gao_0150,825
4,151,train,Gao,151,Gao_0151,826
4,152,train,Gao,152,Gao_0152,827
4,153,train,Gao,153,Gao_0153,828
4,154,train,Gao,154,Gao_0154,829
4,155,train,Gao,155,Gao_0155,830
4,156,train,Gao,156,Gao_0156,829
4,157,train,Gao,157,Gao_0157,831
4,158,train,Gao,158,Gao_0158,832
4,159,test,Gao,159,Gao_0159,833
4,160,test,Gao,160,Gao_0160,833
4,161,test,Gao,161,Gao_0161,834
4,162,test,Gao,162,Gao_0162,835
4,163,train,Gao,163,Gao_0163,836
4,164,validation,Gao,164,Gao_0164,837
4,165,test,Gao,165,Gao_0165,838
4,166,train,Gao,166,Gao_0166,839
4,167,test,Gao,167,Gao_0167,840
4,168,test,Gao,168,Gao_0168,841
4,169,train,Gao,169,Gao_0169,842
4,170,train,Gao,170,Gao_0170,842
4,171,train,Gao,171,Gao_0171,843
4,172,train,Gao,172,Gao_0172,844
4,173,train,Gao,173,Gao_0173,845
4,174,train,Gao,174,Gao_0174,846
4,175,train,Gao,175,Gao_0175,847
4,176,train,Gao,176,Gao_0176,848
4,177,validation,Gao,177,Gao_0177,849
4,178,test,Gao,178,Gao_0178,850
4,179,train,Gao,179,Gao_0179,851
4,180,train,Gao,180,Gao_0180,852
4,181,train,Gao,181,Gao_0181,853
4,182,train,Gao,182,Gao_0182,854
4,183,train,Gao,183,Gao_0183,855
4,184,test,Gao,184,Gao_0184,856
4,185,train,Gao,185,Gao_0185,857
4,186,train,Gao,186,Gao_0186,858
4,187,train,Gao,187,Gao_0187,859
4,188,train,Gao,188,Gao_0188,860
4,189,train,Gao,189,Gao_0189,861
4,190,train,Gao,190,Gao_0190,862
4,191,train,Gao,191,Gao_0191,863
4,192,validation,Gao,192,Gao_0192,864
4,193,test,Gao,193,Gao_0193,865
4,194,train,Gao,194,Gao_0194,866
4,195,train,Gao,195,Gao_0195,867
4,196,train,Gao,196,Gao_0196,868
4,197,train,Gao,197,Gao_0197,869
4,198,train,Gao,198,Gao_0198,870
4,199,train,Gao,199,Gao_0199,871
4,200,validation,Gao,200,Gao_0200,872
4,201,train,Gao,201,Gao_0201,873
4,202,train,Gao,202,Gao_0202,874
4,203,train,Gao,203,Gao_0203,875
4,204,train,Gao,204,Gao_0204,876
4,205,train,Gao,205,Gao_0205,877
4,206,train,Gao,206,Gao_0206,878
4,207,validation,Gao,207,Gao_0207,879
4,208,validation,Gao,208,Gao_0208,879
4,209,validation,Gao,209,Gao_0209,880
4,210,test,Gao,210,Gao_0210,881
4,211,train,Gao,211,Gao_0211,882
4,212,test,Gao,212,Gao_0212,883
4,213,train,Gao,213,Gao_0213,884
4,214,train,Gao,214,Gao_0214,885
4,215,train,Gao,215,Gao_0215,886
4,216,test,Gao,216,Gao_0216,887
4,217,train,Gao,217,Gao_0217,888
4,218,train,Gao,218,Gao_0218,889
4,219,test,Gao,219,Gao_0219,890
4,220,test,Gao,220,Gao_0220,891
4,221,train,Gao,221,Gao_0221,690
4,222,train,Gao,222,Gao_0222,690
4,223,train,Gao,223,Gao_0223,690
4,224,test,Gao,224,Gao_0224,892
4,225,test,Gao,225,Gao_0225,893
4,226,validation,Gao,226,Gao_0226,894
4,227,train,Gao,227,Gao_0227,895
4,228,train,Gao,228,Gao_0228,896
4,229,test,Gao,229,Gao_0229,897
4,230,train,Gao,230,Gao_0230,898
4,231,train,Gao,231,Gao_0231,899
4,232,test,Gao,232,Gao_0232,900
4,233,test,Gao,233,Gao_0233,901
4,234,train,Gao,234,Gao_0234,902
4,235,train,Gao,235,Gao_0235,903
4,236,train,Gao,236,Gao_0236,904
4,237,train,Gao,237,Gao_0237,905
4,238,train,Gao,238,Gao_0238,906
4,239,test,Gao,239,Gao_0239,907
4,240,validation,Gao,240,Gao_0240,908
4,241,test,Gao,241,Gao_0241,909
4,242,validation,Gao,242,Gao_0242,910
4,243,train,Gao,243,Gao_0243,911
4,244,train,Gao,244,Gao_0244,912
4,245,test,Gao,245,Gao_0245,913
4,246,train,Gao,246,Gao_0246,914
4,247,train,Gao,247,Gao_0247,915
4,248,train,Gao,248,Gao_0248,916
4,249,train,Gao,249,Gao_0249,917
4,250,validation,Gao,250,Gao_0250,918
4,251,train,Gao,251,Gao_0251,919
4,252,test,Gao,252,Gao_0252,920
4,253,train,Gao,253,Gao_0253,921
4,254,train,Gao,254,Gao_0254,922
4,255,validation,Gao,255,Gao_0255,923
4,256,train,Gao,256,Gao_0256,924
4,257,train,Gao,257,Gao_0257,925
4,258,train,Gao,258,Gao_0258,926
4,259,train,Gao,259,Gao_0259,927
4,260,test,Gao,260,Gao_0260,928
4,261,train,Gao,261,Gao_0261,929
4,262,train,Gao,262,Gao_0262,930
4,263,train,Gao,263,Gao_0263,931
4,264,train,Gao,264,Gao_0264,932
4,265,train,Gao,265,Gao_0265,933
4,266,validation,Gao,266,Gao_0266,934
4,267,test,Gao,267,Gao_0267,909
4,268,train,Gao,268,Gao_0268,935
4,269,train,Gao,269,Gao_0269,936
4,270,train,Gao,270,Gao_0270,937
4,271,train,Gao,271,Gao_0271,938
4,272,train,Gao,272,Gao_0272,939
4,273,train,Gao,273,Gao_0273,940
4,274,train,Gao,274,Gao_0274,941
4,275,validation,Gao,275,Gao_0275,942
4,276,validation,Gao,276,Gao_0276,943
4,277,train,Gao,277,Gao_0277,944
4,278,train,Gao,278,Gao_0278,945
4,279,train,Gao,279,Gao_0279,811
4,280,test,Gao,280,Gao_0280,946
4,281,train,Gao,281,Gao_0281,947
4,282,train,Gao,282,Gao_0282,948
4,283,train,Gao,283,Gao_0283,949
4,284,test,Gao,284,Gao_0284,950
4,285,test,Gao,285,Gao_0285,951
4,286,train,Gao,286,Gao_0286,952
4,287,train,Gao,287,Gao_0287,953
4,288,train,Gao,288,Gao_0288,954
4,289,train,Gao,289,Gao_0289,954
4,290,train,Gao,290,Gao_0290,955
4,291,test,Gao,291,Gao_0291,956
4,292,train,Gao,292,Gao_0292,955
4,293,test,Gao,293,Gao_0293,956
4,294,train,Gao,294,Gao_0294,955
4,295,test,Gao,295,Gao_0295,956
4,296,test,Gao,296,Gao_0296,957
4,297,train,Gao,297,Gao_0297,958
4,298,train,Gao,298,Gao_0298,959
4,299,train,Gao,299,Gao_0299,960
4,300,train,Gao,300,Gao_0300,961
4,301,train,Gao,301,Gao_0301,962
4,302,validation,Gao,302,Gao_0302,963
4,303,train,Gao,303,Gao_0303,964
4,304,train,Gao,304,Gao_0304,965
4,305,train,Gao,305,Gao_0305,966
4,306,test,Gao,306,Gao_0306,967
4,307,train,Gao,307,Gao_0307,968
4,308,train,Gao,308,Gao_0308,969
4,309,train,Gao,309,Gao_0309,970
4,310,train,Gao,310,Gao_0310,971
4,311,validation,Gao,311,Gao_0311,972
4,312,train,Gao,312,Gao_0312,973
4,313,train,Gao,313,Gao_0313,974
4,314,train,Gao,314,Gao_0314,975
4,315,train,Gao,315,Gao_0315,976
4,316,train,Gao,316,Gao_0316,977
4,317,train,Gao,317,Gao_0317,978
4,318,train,Gao,318,Gao_0318,979
4,319,train,Gao,319,Gao_0319,980
4,320,train,Gao,320,Gao_0320,981
4,321,train,Gao,321,Gao_0321,982
4,322,train,Gao,322,Gao_0322,983
4,323,train,Gao,323,Gao_0323,983
4,324,test,Gao,324,Gao_0324,984
4,325,validation,Gao,325,Gao_0325,985
4,326,validation,Gao,326,Gao_0326,985
4,327,train,Gao,327,Gao_0327,986
4,328,train,Gao,328,Gao_0328,987
4,329,test,Gao,329,Gao_0329,988
4,330,train,Gao,330,Gao_0330,989
4,331,train,Gao,331,Gao_0331,990
4,332,train,Gao,332,Gao_0332,991
4,333,train,Gao,333,Gao_0333,992
4,334,train,Gao,334,Gao_0334,993
4,335,train,Gao,335,Gao_0335,994
4,336,train,Gao,336,Gao_0336,995
4,337,train,Gao,337,Gao_0337,996
4,338,train,Gao,338,Gao_0338,997
4,339,train,Gao,339,Gao_0339,998
4,340,train,Gao,340,Gao_0340,999
4,341,train,Gao,341,Gao_0341,1000
4,342,test,Gao,342,Gao_0342,1001
4,343,train,Gao,343,Gao_0343,1002
4,344,train,Gao,344,Gao_0344,1003
4,345,validation,Gao,345,Gao_0345,1004
4,346,test,Gao,346,Gao_0346,1005
4,347,train,Gao,347,Gao_0347,1006
4,348,validation,Gao,348,Gao_0348,1007
4,349,train,Gao,349,Gao_0349,1008
4,350,train,Gao,350,Gao_0350,1009
4,351,validation,Gao,351,Gao_0351,1010
4,352,train,Gao,352,Gao_0352,1011
4,353,train,Gao,353,Gao_0353,1012
4,354,train,Gao,354,Gao_0354,1013
4,355,train,Gao,355,Gao_0355,1014
4,356,train,Gao,356,Gao_0356,1015
4,357,train,Gao,357,Gao_0357,1015
4,358,train,Gao,358,Gao_0358,1016
4,359,train,Gao,359,Gao_0359,1017
4,360,test,Gao,360,Gao_0360,1018
4,361,train,Gao,361,Gao_0361,1019
4,362,train,Gao,362,Gao_0362,1020
4,363,train,Gao,363,Gao_0363,1021
4,364,test,Gao,364,Gao_0364,1022
4,365,test,Gao,365,Gao_0365,1023
4,366,validation,Gao,366,Gao_0366,1024
4,367,train,Gao,367,Gao_0367,1025
4,368,test,Gao,368,Gao_0368,1026
4,369,test,Gao,369,Gao_0369,1027
4,370,validation,Gao,370,Gao_0370,1028
4,371,train,Gao,371,Gao_0371,1029
4,372,test,Gao,372,Gao_0372,1030
4,373,train,Gao,373,Gao_0373,1031
4,374,validation,Gao,374,Gao_0374,1032
4,375,train,Gao,375,Gao_0375,1033
4,376,train,Gao,376,Gao_0376,1034
4,377,train,Gao,377,Gao_0377,1035
4,378,test,Gao,378,Gao_0378,1036
4,379,train,Gao,379,Gao_0379,1037
4,380,validation,Gao,380,Gao_0380,1038
4,381,train,Gao,381,Gao_0381,1039
4,382,train,Gao,382,Gao_0382,1040
4,383,train,Gao,383,Gao_0383,1041
4,384,train,Gao,384,Gao_0384,1042
4,385,test,Gao,385,Gao_0385,1043
4,386,train,Gao,386,Gao_0386,1044
4,387,train,Gao,387,Gao_0387,1045
4,388,train,Gao,388,Gao_0388,1046
4,389,train,Gao,389,Gao_0389,1047
4,390,train,Gao,390,Gao_0390,1048
4,391,train,Gao,391,Gao_0391,1049
4,392,train,Gao,392,Gao_0392,1050
4,393,train,Gao,393,Gao_0393,1051
4,394,train,Gao,394,Gao_0394,1052
4,395,train,Gao,395,Gao_0395,1053
4,396,train,Gao,396,Gao_0396,1054
4,397,test,Gao,397,Gao_0397,1055
4,398,train,Gao,398,Gao_0398,1056
4,399,train,Gao,399,Gao_0399,1057
4,400,train,Gao,400,Gao_0400,1058
4,401,test,Gao,401,Gao_0401,1059
4,402,train,Gao,402,Gao_0402,1060
4,403,train,Gao,403,Gao_0403,1061
4,404,train,Gao,404,Gao_0404,1062
4,405,test,Gao,405,Gao_0405,1063
4,406,train,Gao,406,Gao_0406,1064
4,407,validation,Gao,407,Gao_0407,1065
4,408,train,Gao,408,Gao_0408,1066
4,409,validation,Gao,409,Gao_0409,1067
4,410,train,Gao,410,Gao_0410,1068
4,411,train,Gao,411,Gao_0411,1069
4,412,train,Gao,412,Gao_0412,1070
4,413,train,Gao,413,Gao_0413,1071
4,414,train,Gao,414,Gao_0414,1072
4,415,train,Gao,415,Gao_0415,1073
4,416,train,Gao,416,Gao_0416,1074
4,417,train,Gao,417,Gao_0417,1075
4,418,test,Gao,418,Gao_0418,1076
4,419,train,Gao,419,Gao_0419,1077
4,420,test,Gao,420,Gao_0420,1078
4,421,train,Gao,421,Gao_0421,1079
4,422,test,Gao,422,Gao_0422,1080
4,423,test,Gao,423,Gao_0423,1081
4,424,train,Gao,424,Gao_0424,1082
4,425,train,Gao,425,Gao_0425,1083
4,426,test,Gao,426,Gao_0426,1084
4,427,train,Gao,427,Gao_0427,1085
4,428,train,Gao,428,Gao_0428,1086
4,429,train,Gao,429,Gao_0429,1087
4,430,train,Gao,430,Gao_0430,1088
4,431,train,Gao,431,Gao_0431,1089
4,432,train,Gao,432,Gao_0432,1090
4,433,train,Gao,433,Gao_0433,1091
4,434,test,Gao,434,Gao_0434,1092
4,435,train,Gao,435,Gao_0435,1093
4,436,validation,Gao,436,Gao_0436,1094
4,437,train,Gao,437,Gao_0437,1095
4,438,test,Gao,438,Gao_0438,1096
4,439,train,Gao,439,Gao_0439,1097
4,440,train,Gao,440,Gao_0440,1098
4,441,train,Gao,441,Gao_0441,1099
4,442,test,Gao,442,Gao_0442,1100
4,443,train,Gao,443,Gao_0443,1101
4,444,train,Gao,444,Gao_0444,803
4,445,train,Gao,445,Gao_0445,803
4,446,test,Gao,446,Gao_0446,1102
4,447,validation,Gao,447,Gao_0447,1103
4,448,train,Gao,448,Gao_0448,1104
4,449,train,Gao,449,Gao_0449,1105
4,450,train,Gao,450,Gao_0450,1106
4,451,train,Gao,451,Gao_0451,1107
4,452,train,Gao,452,Gao_0452,1108
4,453,test,Gao,453,Gao_0453,1109
4,454,train,Gao,454,Gao_0454,1110
4,455,validation,Gao,455,Gao_0455,1111
4,456,test,Gao,456,Gao_0456,1112
4,457,train,Gao,457,Gao_0457,1113
4,458,train,Gao,458,Gao_0458,1114
4,459,train,Gao,459,Gao_0459,1115
4,460,test,Gao,460,Gao_0460,1116
4,461,train,Gao,461,Gao_0461,1117
4,462,train,Gao,462,Gao_0462,1118
4,463,train,Gao,463,Gao_0463,1119
4,464,train,Gao,464,Gao_0464,1120
4,465,train,Gao,465,Gao_0465,1121
4,466,train,Gao,466,Gao_0466,1122
4,467,validation,Gao,467,Gao_0467,1123
4,468,train,Gao,468,Gao_0468,1124
4,469,train,Gao,469,Gao_0469,1125
4,470,train,Gao,470,Gao_0470,1126
4,471,train,Gao,471,Gao_0471,1127
4,472,train,Gao,472,Gao_0472,1128
4,473,train,Gao,473,Gao_0473,1127
4,474,train,Gao,474,Gao_0474,1129
4,475,train,Gao,475,Gao_0475,1130
4,476,train,Gao,476,Gao_0476,1131
4,477,train,Gao,477,Gao_0477,1132
4,478,train,Gao,478,Gao_0478,1133
4,479,train,Gao,479,Gao_0479,1134
4,480,train,Gao,480,Gao_0480,1135
4,481,test,Gao,481,Gao_0481,1136
4,482,train,Gao,482,Gao_0482,1137
4,483,train,Gao,483,Gao_0483,1138
4,484,train,Gao,484,Gao_0484,1139
4,485,train,Gao,485,Gao_0485,1140
4,486,train,Gao,486,Gao_0486,1141
4,487,train,Gao,487,Gao_0487,1142
4,488,train,Gao,488,Gao_0488,1143
4,489,train,Gao,489,Gao_0489,1143
4,490,test,Gao,490,Gao_0490,1144
4,491,train,Gao,491,Gao_0491,1145
4,492,train,Gao,492,Gao_0492,1146
4,493,train,Gao,493,Gao_0493,1147
4,494,validation,Gao,494,Gao_0494,1148
4,495,train,Gao,495,Gao_0495,1149
4,496,train,Gao,496,Gao_0496,1150
4,497,train,Gao,497,Gao_0497,1151
4,498,train,Gao,498,Gao_0498,1152
4,499,train,Gao,499,Gao_0499,1153
4,500,test,Gao,500,Gao_0500,1154
4,501,validation,Gao,501,Gao_0501,1155
4,502,test,Gao,502,Gao_0502,1156
4,503,train,Gao,503,Gao_0503,1157
4,504,test,Gao,504,Gao_0504,1158
4,505,train,Gao,505,Gao_0505,1159
4,506,train,Gao,506,Gao_0506,1160
4,507,train,Gao,507,Gao_0507,1161
4,508,test,Gao,508,Gao_0508,1162
4,509,validation,Gao,509,Gao_0509,1163
4,510,train,Gao,510,Gao_0510,1164
4,511,train,Gao,511,Gao_0511,1165
4,512,validation,Gao,512,Gao_0512,1166
4,513,train,Gao,513,Gao_0513,1167
4,514,test,Gao,514,Gao_0514,1168
4,515,train,Gao,515,Gao_0515,1169
4,516,test,Gao,516,Gao_0516,1170
4,517,train,Gao,517,Gao_0517,1171
4,518,test,Gao,518,Gao_0518,1172
4,519,train,Gao,519,Gao_0519,1173
4,520,test,Gao,520,Gao_0520,1174
4,521,train,Gao,521,Gao_0521,1175
4,522,train,Gao,522,Gao_0522,1176
4,523,train,Gao,523,Gao_0523,1177
4,524,train,Gao,524,Gao_0524,1178
4,525,train,Gao,525,Gao_0525,1179
4,526,train,Gao,526,Gao_0526,1180
4,527,validation,Gao,527,Gao_0527,1181
4,528,train,Gao,528,Gao_0528,1182
4,529,test,Gao,529,Gao_0529,1183
4,530,train,Gao,530,Gao_0530,1184
4,531,train,Gao,531,Gao_0531,691
4,532,train,Gao,532,Gao_0532,1185
4,533,train,Gao,533,Gao_0533,1186
4,534,test,Gao,534,Gao_0534,1187
5,0,train,Gao,0,Gao_0000,681
5,1,train,Gao,1,Gao_0001,682
5,2,train,Gao,2,Gao_0002,683
5,3,train,Gao,3,Gao_0003,684
5,4,train,Gao,4,Gao_0004,684
5,5,train,Gao,5,Gao_0005,685
5,6,validation,Gao,6,Gao_0006,686
5,7,validation,Gao,7,Gao_0007,687
5,8,validation,Gao,8,Gao_0008,687
5,9,train,Gao,9,Gao_0009,688
5,10,train,Gao,10,Gao_0010,689
5,11,train,Gao,11,Gao_0011,690
5,12,train,Gao,12,Gao_0012,691
5,13,train,Gao,13,Gao_0013,692
5,14,train,Gao,14,Gao_0014,693
5,15,train,Gao,15,Gao_0015,694
5,16,train,Gao,16,Gao_0016,695
5,17,train,Gao,17,Gao_0017,696
5,18,train,Gao,18,Gao_0018,697
5,19,train,Gao,19,Gao_0019,698
5,20,train,Gao,20,Gao_0020,699
5,21,validation,Gao,21,Gao_0021,700
5,22,train,Gao,22,Gao_0022,701
5,23,test,Gao,23,Gao_0023,702
5,24,train,Gao,24,Gao_0024,703
5,25,train,Gao,25,Gao_0025,704
5,26,train,Gao,26,Gao_0026,705
5,27,train,Gao,27,Gao_0027,706
5,28,train,Gao,28,Gao_0028,707
5,29,train,Gao,29,Gao_0029,708
5,30,test,Gao,30,Gao_0030,709
5,31,train,Gao,31,Gao_0031,710
5,32,train,Gao,32,Gao_0032,711
5,33,train,Gao,33,Gao_0033,712
5,34,train,Gao,34,Gao_0034,713
5,35,train,Gao,35,Gao_0035,714
5,36,test,Gao,36,Gao_0036,715
5,37,train,Gao,37,Gao_0037,716
5,38,train,Gao,38,Gao_0038,717
5,39,train,Gao,39,Gao_0039,718
5,40,train,Gao,40,Gao_0040,719
5,41,train,Gao,41,Gao_0041,720
5,42,test,Gao,42,Gao_0042,721
5,43,train,Gao,43,Gao_0043,722
5,44,validation,Gao,44,Gao_0044,723
5,45,test,Gao,45,Gao_0045,724
5,46,train,Gao,46,Gao_0046,725
5,47,train,Gao,47,Gao_0047,726
5,48,train,Gao,48,Gao_0048,727
5,49,train,Gao,49,Gao_0049,728
5,50,train,Gao,50,Gao_0050,729
5,51,test,Gao,51,Gao_0051,730
5,52,test,Gao,52,Gao_0052,731
5,53,validation,Gao,53,Gao_0053,732
5,54,test,Gao,54,Gao_0054,733
5,55,validation,Gao,55,Gao_0055,734
5,56,train,Gao,56,Gao_0056,735
5,57,train,Gao,57,Gao_0057,736
5,58,test,Gao,58,Gao_0058,737
5,59,train,Gao,59,Gao_0059,738
5,60,train,Gao,60,Gao_0060,739
5,61,train,Gao,61,Gao_0061,740
5,62,train,Gao,62,Gao_0062,741
5,63,train,Gao,63,Gao_0063,742
5,64,train,Gao,64,Gao_0064,743
5,65,validation,Gao,65,Gao_0065,744
5,66,train,Gao,66,Gao_0066,745
5,67,train,Gao,67,Gao_0067,746
5,68,test,Gao,68,Gao_0068,747
5,69,train,Gao,69,Gao_0069,748
5,70,train,Gao,70,Gao_0070,749
5,71,train,Gao,71,Gao_0071,750
5,72,train,Gao,72,Gao_0072,751
5,73,test,Gao,73,Gao_0073,752
5,74,train,Gao,74,Gao_0074,753
5,75,train,Gao,75,Gao_0075,754
5,76,train,Gao,76,Gao_0076,755
5,77,test,Gao,77,Gao_0077,756
5,78,train,Gao,78,Gao_0078,757
5,79,validation,Gao,79,Gao_0079,758
5,80,train,Gao,80,Gao_0080,759
5,81,train,Gao,81,Gao_0081,760
5,82,train,Gao,82,Gao_0082,761
5,83,train,Gao,83,Gao_0083,762
5,84,train,Gao,84,Gao_0084,763
5,85,train,Gao,85,Gao_0085,764
5,86,train,Gao,86,Gao_0086,765
5,87,train,Gao,87,Gao_0087,766
5,88,train,Gao,88,Gao_0088,767
5,89,validation,Gao,89,Gao_0089,768
5,90,validation,Gao,90,Gao_0090,768
5,91,train,Gao,91,Gao_0091,769
5,92,train,Gao,92,Gao_0092,770
5,93,test,Gao,93,Gao_0093,771
5,94,train,Gao,94,Gao_0094,772
5,95,train,Gao,95,Gao_0095,773
5,96,train,Gao,96,Gao_0096,774
5,97,train,Gao,97,Gao_0097,775
5,98,train,Gao,98,Gao_0098,776
5,99,train,Gao,99,Gao_0099,777
5,100,train,Gao,100,Gao_0100,778
5,101,test,Gao,101,Gao_0101,779
5,102,test,Gao,102,Gao_0102,780
5,103,test,Gao,103,Gao_0103,780
5,104,test,Gao,104,Gao_0104,780
5,105,train,Gao,105,Gao_0105,781
5,106,train,Gao,106,Gao_0106,782
5,107,train,Gao,107,Gao_0107,783
5,108,train,Gao,108,Gao_0108,784
5,109,train,Gao,109,Gao_0109,785
5,110,train,Gao,110,Gao_0110,786
5,111,train,Gao,111,Gao_0111,787
5,112,test,Gao,112,Gao_0112,788
5,113,validation,Gao,113,Gao_0113,789
5,114,train,Gao,114,Gao_0114,790
5,115,train,Gao,115,Gao_0115,791
5,116,test,Gao,116,Gao_0116,792
5,117,train,Gao,117,Gao_0117,793
5,118,train,Gao,118,Gao_0118,794
5,119,train,Gao,119,Gao_0119,795
5,120,validation,Gao,120,Gao_0120,796
5,121,test,Gao,121,Gao_0121,797
5,122,train,Gao,122,Gao_0122,798
5,123,train,Gao,123,Gao_0123,799
5,124,train,Gao,124,Gao_0124,800
5,125,train,Gao,125,Gao_0125,801
5,126,train,Gao,126,Gao_0126,802
5,127,train,Gao,127,Gao_0127,803
5,128,test,Gao,128,Gao_0128,804
5,129,validation,Gao,129,Gao_0129,805
5,130,validation,Gao,130,Gao_0130,805
5,131,train,Gao,131,Gao_0131,806
5,132,train,Gao,132,Gao_0132,807
5,133,test,Gao,133,Gao_0133,808
5,134,validation,Gao,134,Gao_0134,809
5,135,train,Gao,135,Gao_0135,810
5,136,train,Gao,136,Gao_0136,811
5,137,test,Gao,137,Gao_0137,812
5,138,test,Gao,138,Gao_0138,813
5,139,train,Gao,139,Gao_0139,814
5,140,test,Gao,140,Gao_0140,815
5,141,train,Gao,141,Gao_0141,816
5,142,train,Gao,142,Gao_0142,817
5,143,train,Gao,143,Gao_0143,818
5,144,train,Gao,144,Gao_0144,819
5,145,test,Gao,145,Gao_0145,820
5,146,train,Gao,146,Gao_0146,821
5,147,test,Gao,147,Gao_0147,822
5,148,train,Gao,148,Gao_0148,823
5,149,train,Gao,149,Gao_0149,824
5,150,train,Gao,150,Gao_0150,825
5,151,test,Gao,151,Gao_0151,826
5,152,train,Gao,152,Gao_0152,827
5,153,validation,Gao,153,Gao_0153,828
5,154,train,Gao,154,Gao_0154,829
5,155,test,Gao,155,Gao_0155,830
5,156,train,Gao,156,Gao_0156,829
5,157,test,Gao,157,Gao_0157,831
5,158,test,Gao,158,Gao_0158,832
5,159,train,Gao,159,Gao_0159,833
5,160,train,Gao,160,Gao_0160,833
5,161,train,Gao,161,Gao_0161,834
5,162,train,Gao,162,Gao_0162,835
5,163,test,Gao,163,Gao_0163,836
5,164,train,Gao,164,Gao_0164,837
5,165,test,Gao,165,Gao_0165,838
5,166,train,Gao,166,Gao_0166,839
5,167,train,Gao,167,Gao_0167,840
5,168,validation,Gao,168,Gao_0168,841
5,169,train,Gao,169,Gao_0169,842
5,170,train,Gao,170,Gao_0170,842
5,171,test,Gao,171,Gao_0171,843
5,172,train,Gao,172,Gao_0172,844
5,173,train,Gao,173,Gao_0173,845
5,174,validation,Gao,174,Gao_0174,846
5,175,validation,Gao,175,Gao_0175,847
5,176,train,Gao,176,Gao_0176,848
5,177,train,Gao,177,Gao_0177,849
5,178,validation,Gao,178,Gao_0178,850
5,179,test,Gao,179,Gao_0179,851
5,180,train,Gao,180,Gao_0180,852
5,181,train,Gao,181,Gao_0181,853
5,182,train,Gao,182,Gao_0182,854
5,183,train,Gao,183,Gao_0183,855
5,184,train,Gao,184,Gao_0184,856
5,185,test,Gao,185,Gao_0185,857
5,186,train,Gao,186,Gao_0186,858
5,187,train,Gao,187,Gao_0187,859
5,188,validation,Gao,188,Gao_0188,860
5,189,validation,Gao,189,Gao_0189,861
5,190,train,Gao,190,Gao_0190,862
5,191,validation,Gao,191,Gao_0191,863
5,192,train,Gao,192,Gao_0192,864
5,193,test,Gao,193,Gao_0193,865
5,194,validation,Gao,194,Gao_0194,866
5,195,validation,Gao,195,Gao_0195,867
5,196,train,Gao,196,Gao_0196,868
5,197,train,Gao,197,Gao_0197,869
5,198,train,Gao,198,Gao_0198,870
5,199,validation,Gao,199,Gao_0199,871
5,200,test,Gao,200,Gao_0200,872
5,201,train,Gao,201,Gao_0201,873
5,202,train,Gao,202,Gao_0202,874
5,203,validation,Gao,203,Gao_0203,875
5,204,train,Gao,204,Gao_0204,876
5,205,train,Gao,205,Gao_0205,877
5,206,test,Gao,206,Gao_0206,878
5,207,train,Gao,207,Gao_0207,879
5,208,train,Gao,208,Gao_0208,879
5,209,train,Gao,209,Gao_0209,880
5,210,train,Gao,210,Gao_0210,881
5,211,test,Gao,211,Gao_0211,882
5,212,train,Gao,212,Gao_0212,883
5,213,validation,Gao,213,Gao_0213,884
5,214,train,Gao,214,Gao_0214,885
5,215,validation,Gao,215,Gao_0215,886
5,216,train,Gao,216,Gao_0216,887
5,217,train,Gao,217,Gao_0217,888
5,218,train,Gao,218,Gao_0218,889
5,219,train,Gao,219,Gao_0219,890
5,220,train,Gao,220,Gao_0220,891
5,221,train,Gao,221,Gao_0221,690
5,222,train,Gao,222,Gao_0222,690
5,223,train,Gao,223,Gao_0223,690
5,224,train,Gao,224,Gao_0224,892
5,225,test,Gao,225,Gao_0225,893
5,226,train,Gao,226,Gao_0226,894
5,227,train,Gao,227,Gao_0227,895
5,228,train,Gao,228,Gao_0228,896
5,229,train,Gao,229,Gao_0229,897
5,230,train,Gao,230,Gao_0230,898
5,231,validation,Gao,231,Gao_0231,899
5,232,train,Gao,232,Gao_0232,900
5,233,train,Gao,233,Gao_0233,901
5,234,train,Gao,234,Gao_0234,902
5,235,train,Gao,235,Gao_0235,903
5,236,train,Gao,236,Gao_0236,904
5,237,test,Gao,237,Gao_0237,905
5,238,train,Gao,238,Gao_0238,906
5,239,train,Gao,239,Gao_0239,907
5,240,train,Gao,240,Gao_0240,908
5,241,train,Gao,241,Gao_0241,909
5,242,train,Gao,242,Gao_0242,910
5,243,test,Gao,243,Gao_0243,911
5,244,train,Gao,244,Gao_0244,912
5,245,train,Gao,245,Gao_0245,913
5,246,train,Gao,246,Gao_0246,914
5,247,test,Gao,247,Gao_0247,915
5,248,train,Gao,248,Gao_0248,916
5,249,test,Gao,249,Gao_0249,917
5,250,test,Gao,250,Gao_0250,918
5,251,train,Gao,251,Gao_0251,919
5,252,train,Gao,252,Gao_0252,920
5,253,train,Gao,253,Gao_0253,921
5,254,train,Gao,254,Gao_0254,922
5,255,test,Gao,255,Gao_0255,923
5,256,train,Gao,256,Gao_0256,924
5,257,train,Gao,257,Gao_0257,925
5,258,train,Gao,258,Gao_0258,926
5,259,train,Gao,259,Gao_0259,927
5,260,train,Gao,260,Gao_0260,928
5,261,train,Gao,261,Gao_0261,929
5,262,validation,Gao,262,Gao_0262,930
5,263,validation,Gao,263,Gao_0263,931
5,264,validation,Gao,264,Gao_0264,932
5,265,train,Gao,265,Gao_0265,933
5,266,train,Gao,266,Gao_0266,934
5,267,train,Gao,267,Gao_0267,909
5,268,train,Gao,268,Gao_0268,935
5,269,train,Gao,269,Gao_0269,936
5,270,train,Gao,270,Gao_0270,937
5,271,train,Gao,271,Gao_0271,938
5,272,validation,Gao,272,Gao_0272,939
5,273,train,Gao,273,Gao_0273,940
5,274,train,Gao,274,Gao_0274,941
5,275,train,Gao,275,Gao_0275,942
5,276,train,Gao,276,Gao_0276,943
5,277,test,Gao,277,Gao_0277,944
5,278,validation,Gao,278,Gao_0278,945
5,279,train,Gao,279,Gao_0279,811
5,280,train,Gao,280,Gao_0280,946
5,281,train,Gao,281,Gao_0281,947
5,282,train,Gao,282,Gao_0282,948
5,283,train,Gao,283,Gao_0283,949
5,284,test,Gao,284,Gao_0284,950
5,285,train,Gao,285,Gao_0285,951
5,286,validation,Gao,286,Gao_0286,952
5,287,test,Gao,287,Gao_0287,953
5,288,test,Gao,288,Gao_0288,954
5,289,test,Gao,289,Gao_0289,954
5,290,train,Gao,290,Gao_0290,955
5,291,train,Gao,291,Gao_0291,956
5,292,train,Gao,292,Gao_0292,955
5,293,train,Gao,293,Gao_0293,956
5,294,train,Gao,294,Gao_0294,955
5,295,train,Gao,295,Gao_0295,956
5,296,train,Gao,296,Gao_0296,957
5,297,train,Gao,297,Gao_0297,958
5,298,train,Gao,298,Gao_0298,959
5,299,validation,Gao,299,Gao_0299,960
5,300,train,Gao,300,Gao_0300,961
5,301,train,Gao,301,Gao_0301,962
5,302,train,Gao,302,Gao_0302,963
5,303,test,Gao,303,Gao_0303,964
5,304,test,Gao,304,Gao_0304,965
5,305,test,Gao,305,Gao_0305,966
5,306,test,Gao,306,Gao_0306,967
5,307,train,Gao,307,Gao_0307,968
5,308,test,Gao,308,Gao_0308,969
5,309,train,Gao,309,Gao_0309,970
5,310,train,Gao,310,Gao_0310,971
5,311,train,Gao,311,Gao_0311,972
5,312,test,Gao,312,Gao_0312,973
5,313,validation,Gao,313,Gao_0313,974
5,314,train,Gao,314,Gao_0314,975
5,315,test,Gao,315,Gao_0315,976
5,316,test,Gao,316,Gao_0316,977
5,317,test,Gao,317,Gao_0317,978
5,318,train,Gao,318,Gao_0318,979
5,319,train,Gao,319,Gao_0319,980
5,320,train,Gao,320,Gao_0320,981
5,321,test,Gao,321,Gao_0321,982
5,322,train,Gao,322,Gao_0322,983
5,323,train,Gao,323,Gao_0323,983
5,324,train,Gao,324,Gao_0324,984
5,325,train,Gao,325,Gao_0325,985
5,326,train,Gao,326,Gao_0326,985
5,327,test,Gao,327,Gao_0327,986
5,328,train,Gao,328,Gao_0328,987
5,329,train,Gao,329,Gao_0329,988
5,330,train,Gao,330,Gao_0330,989
5,331,validation,Gao,331,Gao_0331,990
5,332,train,Gao,332,Gao_0332,991
5,333,test,Gao,333,Gao_0333,992
5,334,test,Gao,334,Gao_0334,993
5,335,test,Gao,335,Gao_0335,994
5,336,train,Gao,336,Gao_0336,995
5,337,train,Gao,337,Gao_0337,996
5,338,train,Gao,338,Gao_0338,997
5,339,train,Gao,339,Gao_0339,998
5,340,train,Gao,340,Gao_0340,999
5,341,test,Gao,341,Gao_0341,1000
5,342,test,Gao,342,Gao_0342,1001
5,343,train,Gao,343,Gao_0343,1002
5,344,test,Gao,344,Gao_0344,1003
5,345,train,Gao,345,Gao_0345,1004
5,346,train,Gao,346,Gao_0346,1005
5,347,train,Gao,347,Gao_0347,1006
5,348,train,Gao,348,Gao_0348,1007
5,349,test,Gao,349,Gao_0349,1008
5,350,test,Gao,350,Gao_0350,1009
5,351,test,Gao,351,Gao_0351,1010
5,352,train,Gao,352,Gao_0352,1011
5,353,train,Gao,353,Gao_0353,1012
5,354,train,Gao,354,Gao_0354,1013
5,355,train,Gao,355,Gao_0355,1014
5,356,test,Gao,356,Gao_0356,1015
5,357,test,Gao,357,Gao_0357,1015
5,358,train,Gao,358,Gao_0358,1016
5,359,train,Gao,359,Gao_0359,1017
5,360,train,Gao,360,Gao_0360,1018
5,361,train,Gao,361,Gao_0361,1019
5,362,train,Gao,362,Gao_0362,1020
5,363,train,Gao,363,Gao_0363,1021
5,364,train,Gao,364,Gao_0364,1022
5,365,train,Gao,365,Gao_0365,1023
5,366,train,Gao,366,Gao_0366,1024
5,367,train,Gao,367,Gao_0367,1025
5,368,train,Gao,368,Gao_0368,1026
5,369,train,Gao,369,Gao_0369,1027
5,370,validation,Gao,370,Gao_0370,1028
5,371,train,Gao,371,Gao_0371,1029
5,372,test,Gao,372,Gao_0372,1030
5,373,test,Gao,373,Gao_0373,1031
5,374,train,Gao,374,Gao_0374,1032
5,375,test,Gao,375,Gao_0375,1033
5,376,test,Gao,376,Gao_0376,1034
5,377,train,Gao,377,Gao_0377,1035
5,378,train,Gao,378,Gao_0378,1036
5,379,train,Gao,379,Gao_0379,1037
5,380,test,Gao,380,Gao_0380,1038
5,381,train,Gao,381,Gao_0381,1039
5,382,train,Gao,382,Gao_0382,1040
5,383,train,Gao,383,Gao_0383,1041
5,384,train,Gao,384,Gao_0384,1042
5,385,train,Gao,385,Gao_0385,1043
5,386,train,Gao,386,Gao_0386,1044
5,387,train,Gao,387,Gao_0387,1045
5,388,train,Gao,388,Gao_0388,1046
5,389,train,Gao,389,Gao_0389,1047
5,390,train,Gao,390,Gao_0390,1048
5,391,train,Gao,391,Gao_0391,1049
5,392,train,Gao,392,Gao_0392,1050
5,393,train,Gao,393,Gao_0393,1051
5,394,train,Gao,394,Gao_0394,1052
5,395,train,Gao,395,Gao_0395,1053
5,396,validation,Gao,396,Gao_0396,1054
5,397,train,Gao,397,Gao_0397,1055
5,398,train,Gao,398,Gao_0398,1056
5,399,validation,Gao,399,Gao_0399,1057
5,400,train,Gao,400,Gao_0400,1058
5,401,train,Gao,401,Gao_0401,1059
5,402,train,Gao,402,Gao_0402,1060
5,403,train,Gao,403,Gao_0403,1061
5,404,train,Gao,404,Gao_0404,1062
5,405,train,Gao,405,Gao_0405,1063
5,406,train,Gao,406,Gao_0406,1064
5,407,train,Gao,407,Gao_0407,1065
5,408,train,Gao,408,Gao_0408,1066
5,409,train,Gao,409,Gao_0409,1067
5,410,train,Gao,410,Gao_0410,1068
5,411,train,Gao,411,Gao_0411,1069
5,412,train,Gao,412,Gao_0412,1070
5,413,train,Gao,413,Gao_0413,1071
5,414,validation,Gao,414,Gao_0414,1072
5,415,test,Gao,415,Gao_0415,1073
5,416,test,Gao,416,Gao_0416,1074
5,417,test,Gao,417,Gao_0417,1075
5,418,test,Gao,418,Gao_0418,1076
5,419,train,Gao,419,Gao_0419,1077
5,420,train,Gao,420,Gao_0420,1078
5,421,train,Gao,421,Gao_0421,1079
5,422,train,Gao,422,Gao_0422,1080
5,423,train,Gao,423,Gao_0423,1081
5,424,train,Gao,424,Gao_0424,1082
5,425,train,Gao,425,Gao_0425,1083
5,426,test,Gao,426,Gao_0426,1084
5,427,test,Gao,427,Gao_0427,1085
5,428,validation,Gao,428,Gao_0428,1086
5,429,train,Gao,429,Gao_0429,1087
5,430,train,Gao,430,Gao_0430,1088
5,431,train,Gao,431,Gao_0431,1089
5,432,train,Gao,432,Gao_0432,1090
5,433,test,Gao,433,Gao_0433,1091
5,434,train,Gao,434,Gao_0434,1092
5,435,test,Gao,435,Gao_0435,1093
5,436,train,Gao,436,Gao_0436,1094
5,437,test,Gao,437,Gao_0437,1095
5,438,test,Gao,438,Gao_0438,1096
5,439,train,Gao,439,Gao_0439,1097
5,440,train,Gao,440,Gao_0440,1098
5,441,validation,Gao,441,Gao_0441,1099
5,442,train,Gao,442,Gao_0442,1100
5,443,train,Gao,443,Gao_0443,1101
5,444,train,Gao,444,Gao_0444,803
5,445,train,Gao,445,Gao_0445,803
5,446,train,Gao,446,Gao_0446,1102
5,447,validation,Gao,447,Gao_0447,1103
5,448,validation,Gao,448,Gao_0448,1104
5,449,train,Gao,449,Gao_0449,1105
5,450,train,Gao,450,Gao_0450,1106
5,451,train,Gao,451,Gao_0451,1107
5,452,train,Gao,452,Gao_0452,1108
5,453,train,Gao,453,Gao_0453,1109
5,454,train,Gao,454,Gao_0454,1110
5,455,train,Gao,455,Gao_0455,1111
5,456,train,Gao,456,Gao_0456,1112
5,457,train,Gao,457,Gao_0457,1113
5,458,train,Gao,458,Gao_0458,1114
5,459,train,Gao,459,Gao_0459,1115
5,460,test,Gao,460,Gao_0460,1116
5,461,test,Gao,461,Gao_0461,1117
5,462,train,Gao,462,Gao_0462,1118
5,463,test,Gao,463,Gao_0463,1119
5,464,train,Gao,464,Gao_0464,1120
5,465,train,Gao,465,Gao_0465,1121
5,466,train,Gao,466,Gao_0466,1122
5,467,train,Gao,467,Gao_0467,1123
5,468,train,Gao,468,Gao_0468,1124
5,469,train,Gao,469,Gao_0469,1125
5,470,train,Gao,470,Gao_0470,1126
5,471,train,Gao,471,Gao_0471,1127
5,472,train,Gao,472,Gao_0472,1128
5,473,train,Gao,473,Gao_0473,1127
5,474,train,Gao,474,Gao_0474,1129
5,475,validation,Gao,475,Gao_0475,1130
5,476,train,Gao,476,Gao_0476,1131
5,477,validation,Gao,477,Gao_0477,1132
5,478,test,Gao,478,Gao_0478,1133
5,479,validation,Gao,479,Gao_0479,1134
5,480,test,Gao,480,Gao_0480,1135
5,481,train,Gao,481,Gao_0481,1136
5,482,train,Gao,482,Gao_0482,1137
5,483,test,Gao,483,Gao_0483,1138
5,484,validation,Gao,484,Gao_0484,1139
5,485,train,Gao,485,Gao_0485,1140
5,486,train,Gao,486,Gao_0486,1141
5,487,train,Gao,487,Gao_0487,1142
5,488,train,Gao,488,Gao_0488,1143
5,489,train,Gao,489,Gao_0489,1143
5,490,train,Gao,490,Gao_0490,1144
5,491,train,Gao,491,Gao_0491,1145
5,492,train,Gao,492,Gao_0492,1146
5,493,train,Gao,493,Gao_0493,1147
5,494,test,Gao,494,Gao_0494,1148
5,495,train,Gao,495,Gao_0495,1149
5,496,test,Gao,496,Gao_0496,1150
5,497,train,Gao,497,Gao_0497,1151
5,498,train,Gao,498,Gao_0498,1152
5,499,train,Gao,499,Gao_0499,1153
5,500,train,Gao,500,Gao_0500,1154
5,501,train,Gao,501,Gao_0501,1155
5,502,train,Gao,502,Gao_0502,1156
5,503,train,Gao,503,Gao_0503,1157
5,504,train,Gao,504,Gao_0504,1158
5,505,train,Gao,505,Gao_0505,1159
5,506,test,Gao,506,Gao_0506,1160
5,507,test,Gao,507,Gao_0507,1161
5,508,test,Gao,508,Gao_0508,1162
5,509,train,Gao,509,Gao_0509,1163
5,510,train,Gao,510,Gao_0510,1164
5,511,train,Gao,511,Gao_0511,1165
5,512,train,Gao,512,Gao_0512,1166
5,513,validation,Gao,513,Gao_0513,1167
5,514,train,Gao,514,Gao_0514,1168
5,515,test,Gao,515,Gao_0515,1169
5,516,test,Gao,516,Gao_0516,1170
5,517,test,Gao,517,Gao_0517,1171
5,518,test,Gao,518,Gao_0518,1172
5,519,validation,Gao,519,Gao_0519,1173
5,520,train,Gao,520,Gao_0520,1174
5,521,train,Gao,521,Gao_0521,1175
5,522,train,Gao,522,Gao_0522,1176
5,523,train,Gao,523,Gao_0523,1177
5,524,train,Gao,524,Gao_0524,1178
5,525,train,Gao,525,Gao_0525,1179
5,526,train,Gao,526,Gao_0526,1180
5,527,train,Gao,527,Gao_0527,1181
5,528,test,Gao,528,Gao_0528,1182
5,529,train,Gao,529,Gao_0529,1183
5,530,test,Gao,530,Gao_0530,1184
5,531,train,Gao,531,Gao_0531,691
5,532,train,Gao,532,Gao_0532,1185
5,533,train,Gao,533,Gao_0533,1186
5,534,train,Gao,534,Gao_0534,1187
6,0,train,Gao,0,Gao_0000,681
6,1,train,Gao,1,Gao_0001,682
6,2,test,Gao,2,Gao_0002,683
6,3,train,Gao,3,Gao_0003,684
6,4,train,Gao,4,Gao_0004,684
6,5,train,Gao,5,Gao_0005,685
6,6,train,Gao,6,Gao_0006,686
6,7,train,Gao,7,Gao_0007,687
6,8,train,Gao,8,Gao_0008,687
6,9,train,Gao,9,Gao_0009,688
6,10,train,Gao,10,Gao_0010,689
6,11,train,Gao,11,Gao_0011,690
6,12,test,Gao,12,Gao_0012,691
6,13,validation,Gao,13,Gao_0013,692
6,14,test,Gao,14,Gao_0014,693
6,15,test,Gao,15,Gao_0015,694
6,16,validation,Gao,16,Gao_0016,695
6,17,train,Gao,17,Gao_0017,696
6,18,test,Gao,18,Gao_0018,697
6,19,train,Gao,19,Gao_0019,698
6,20,train,Gao,20,Gao_0020,699
6,21,train,Gao,21,Gao_0021,700
6,22,train,Gao,22,Gao_0022,701
6,23,train,Gao,23,Gao_0023,702
6,24,train,Gao,24,Gao_0024,703
6,25,train,Gao,25,Gao_0025,704
6,26,train,Gao,26,Gao_0026,705
6,27,train,Gao,27,Gao_0027,706
6,28,train,Gao,28,Gao_0028,707
6,29,train,Gao,29,Gao_0029,708
6,30,test,Gao,30,Gao_0030,709
6,31,validation,Gao,31,Gao_0031,710
6,32,test,Gao,32,Gao_0032,711
6,33,train,Gao,33,Gao_0033,712
6,34,test,Gao,34,Gao_0034,713
6,35,train,Gao,35,Gao_0035,714
6,36,train,Gao,36,Gao_0036,715
6,37,train,Gao,37,Gao_0037,716
6,38,validation,Gao,38,Gao_0038,717
6,39,train,Gao,39,Gao_0039,718
6,40,train,Gao,40,Gao_0040,719
6,41,train,Gao,41,Gao_0041,720
6,42,validation,Gao,42,Gao_0042,721
6,43,train,Gao,43,Gao_0043,722
6,44,train,Gao,44,Gao_0044,723
6,45,train,Gao,45,Gao_0045,724
6,46,test,Gao,46,Gao_0046,725
6,47,train,Gao,47,Gao_0047,726
6,48,validation,Gao,48,Gao_0048,727
6,49,train,Gao,49,Gao_0049,728
6,50,train,Gao,50,Gao_0050,729
6,51,train,Gao,51,Gao_0051,730
6,52,train,Gao,52,Gao_0052,731
6,53,train,Gao,53,Gao_0053,732
6,54,train,Gao,54,Gao_0054,733
6,55,test,Gao,55,Gao_0055,734
6,56,train,Gao,56,Gao_0056,735
6,57,train,Gao,57,Gao_0057,736
6,58,train,Gao,58,Gao_0058,737
6,59,validation,Gao,59,Gao_0059,738
6,60,train,Gao,60,Gao_0060,739
6,61,test,Gao,61,Gao_0061,740
6,62,train,Gao,62,Gao_0062,741
6,63,test,Gao,63,Gao_0063,742
6,64,train,Gao,64,Gao_0064,743
6,65,train,Gao,65,Gao_0065,744
6,66,train,Gao,66,Gao_0066,745
6,67,train,Gao,67,Gao_0067,746
6,68,validation,Gao,68,Gao_0068,747
6,69,train,Gao,69,Gao_0069,748
6,70,train,Gao,70,Gao_0070,749
6,71,test,Gao,71,Gao_0071,750
6,72,train,Gao,72,Gao_0072,751
6,73,test,Gao,73,Gao_0073,752
6,74,train,Gao,74,Gao_0074,753
6,75,train,Gao,75,Gao_0075,754
6,76,train,Gao,76,Gao_0076,755
6,77,train,Gao,77,Gao_0077,756
6,78,validation,Gao,78,Gao_0078,757
6,79,train,Gao,79,Gao_0079,758
6,80,train,Gao,80,Gao_0080,759
6,81,test,Gao,81,Gao_0081,760
6,82,train,Gao,82,Gao_0082,761
6,83,train,Gao,83,Gao_0083,762
6,84,train,Gao,84,Gao_0084,763
6,85,train,Gao,85,Gao_0085,764
6,86,train,Gao,86,Gao_0086,765
6,87,validation,Gao,87,Gao_0087,766
6,88,train,Gao,88,Gao_0088,767
6,89,train,Gao,89,Gao_0089,768
6,90,train,Gao,90,Gao_0090,768
6,91,train,Gao,91,Gao_0091,769
6,92,train,Gao,92,Gao_0092,770
6,93,train,Gao,93,Gao_0093,771
6,94,train,Gao,94,Gao_0094,772
6,95,train,Gao,95,Gao_0095,773
6,96,test,Gao,96,Gao_0096,774
6,97,train,Gao,97,Gao_0097,775
6,98,test,Gao,98,Gao_0098,776
6,99,train,Gao,99,Gao_0099,777
6,100,train,Gao,100,Gao_0100,778
6,101,train,Gao,101,Gao_0101,779
6,102,train,Gao,102,Gao_0102,780
6,103,train,Gao,103,Gao_0103,780
6,104,train,Gao,104,Gao_0104,780
6,105,train,Gao,105,Gao_0105,781
6,106,train,Gao,106,Gao_0106,782
6,107,train,Gao,107,Gao_0107,783
6,108,train,Gao,108,Gao_0108,784
6,109,train,Gao,109,Gao_0109,785
6,110,train,Gao,110,Gao_0110,786
6,111,train,Gao,111,Gao_0111,787
6,112,validation,Gao,112,Gao_0112,788
6,113,train,Gao,113,Gao_0113,789
6,114,test,Gao,114,Gao_0114,790
6,115,train,Gao,115,Gao_0115,791
6,116,train,Gao,116,Gao_0116,792
6,117,train,Gao,117,Gao_0117,793
6,118,validation,Gao,118,Gao_0118,794
6,119,train,Gao,119,Gao_0119,795
6,120,train,Gao,120,Gao_0120,796
6,121,test,Gao,121,Gao_0121,797
6,122,train,Gao,122,Gao_0122,798
6,123,train,Gao,123,Gao_0123,799
6,124,train,Gao,124,Gao_0124,800
6,125,train,Gao,125,Gao_0125,801
6,126,train,Gao,126,Gao_0126,802
6,127,test,Gao,127,Gao_0127,803
6,128,train,Gao,128,Gao_0128,804
6,129,train,Gao,129,Gao_0129,805
6,130,train,Gao,130,Gao_0130,805
6,131,train,Gao,131,Gao_0131,806
6,132,train,Gao,132,Gao_0132,807
6,133,validation,Gao,133,Gao_0133,808
6,134,train,Gao,134,Gao_0134,809
6,135,train,Gao,135,Gao_0135,810
6,136,train,Gao,136,Gao_0136,811
6,137,validation,Gao,137,Gao_0137,812
6,138,train,Gao,138,Gao_0138,813
6,139,train,Gao,139,Gao_0139,814
6,140,test,Gao,140,Gao_0140,815
6,141,train,Gao,141,Gao_0141,816
6,142,train,Gao,142,Gao_0142,817
6,143,train,Gao,143,Gao_0143,818
6,144,test,Gao,144,Gao_0144,819
6,145,train,Gao,145,Gao_0145,820
6,146,test,Gao,146,Gao_0146,821
6,147,test,Gao,147,Gao_0147,822
6,148,train,Gao,148,Gao_0148,823
6,149,test,Gao,149,Gao_0149,824
6,150,train,Gao,150,Gao_0150,825
6,151,train,Gao,151,Gao_0151,826
6,152,train,Gao,152,Gao_0152,827
6,153,train,Gao,153,Gao_0153,828
6,154,train,Gao,154,Gao_0154,829
6,155,train,Gao,155,Gao_0155,830
6,156,train,Gao,156,Gao_0156,829
6,157,train,Gao,157,Gao_0157,831
6,158,train,Gao,158,Gao_0158,832
6,159,validation,Gao,159,Gao_0159,833
6,160,validation,Gao,160,Gao_0160,833
6,161,train,Gao,161,Gao_0161,834
6,162,train,Gao,162,Gao_0162,835
6,163,train,Gao,163,Gao_0163,836
6,164,test,Gao,164,Gao_0164,837
6,165,validation,Gao,165,Gao_0165,838
6,166,train,Gao,166,Gao_0166,839
6,167,train,Gao,167,Gao_0167,840
6,168,train,Gao,168,Gao_0168,841
6,169,train,Gao,169,Gao_0169,842
6,170,train,Gao,170,Gao_0170,842
6,171,test,Gao,171,Gao_0171,843
6,172,train,Gao,172,Gao_0172,844
6,173,train,Gao,173,Gao_0173,845
6,174,train,Gao,174,Gao_0174,846
6,175,validation,Gao,175,Gao_0175,847
6,176,train,Gao,176,Gao_0176,848
6,177,train,Gao,177,Gao_0177,849
6,178,train,Gao,178,Gao_0178,850
6,179,train,Gao,179,Gao_0179,851
6,180,train,Gao,180,Gao_0180,852
6,181,train,Gao,181,Gao_0181,853
6,182,train,Gao,182,Gao_0182,854
6,183,validation,Gao,183,Gao_0183,855
6,184,train,Gao,184,Gao_0184,856
6,185,train,Gao,185,Gao_0185,857
6,186,test,Gao,186,Gao_0186,858
6,187,test,Gao,187,Gao_0187,859
6,188,train,Gao,188,Gao_0188,860
6,189,train,Gao,189,Gao_0189,861
6,190,validation,Gao,190,Gao_0190,862
6,191,train,Gao,191,Gao_0191,863
6,192,test,Gao,192,Gao_0192,864
6,193,train,Gao,193,Gao_0193,865
6,194,validation,Gao,194,Gao_0194,866
6,195,train,Gao,195,Gao_0195,867
6,196,train,Gao,196,Gao_0196,868
6,197,test,Gao,197,Gao_0197,869
6,198,test,Gao,198,Gao_0198,870
6,199,train,Gao,199,Gao_0199,871
6,200,train,Gao,200,Gao_0200,872
6,201,train,Gao,201,Gao_0201,873
6,202,train,Gao,202,Gao_0202,874
6,203,train,Gao,203,Gao_0203,875
6,204,train,Gao,204,Gao_0204,876
6,205,train,Gao,205,Gao_0205,877
6,206,train,Gao,206,Gao_0206,878
6,207,train,Gao,207,Gao_0207,879
6,208,train,Gao,208,Gao_0208,879
6,209,test,Gao,209,Gao_0209,880
6,210,test,Gao,210,Gao_0210,881
6,211,train,Gao,211,Gao_0211,882
6,212,test,Gao,212,Gao_0212,883
6,213,test,Gao,213,Gao_0213,884
6,214,train,Gao,214,Gao_0214,885
6,215,train,Gao,215,Gao_0215,886
6,216,train,Gao,216,Gao_0216,887
6,217,test,Gao,217,Gao_0217,888
6,218,train,Gao,218,Gao_0218,889
6,219,train,Gao,219,Gao_0219,890
6,220,test,Gao,220,Gao_0220,891
6,221,train,Gao,221,Gao_0221,690
6,222,train,Gao,222,Gao_0222,690
6,223,train,Gao,223,Gao_0223,690
6,224,train,Gao,224,Gao_0224,892
6,225,test,Gao,225,Gao_0225,893
6,226,train,Gao,226,Gao_0226,894
6,227,train,Gao,227,Gao_0227,895
6,228,test,Gao,228,Gao_0228,896
6,229,train,Gao,229,Gao_0229,897
6,230,test,Gao,230,Gao_0230,898
6,231,train,Gao,231,Gao_0231,899
6,232,train,Gao,232,Gao_0232,900
6,233,train,Gao,233,Gao_0233,901
6,234,test,Gao,234,Gao_0234,902
6,235,train,Gao,235,Gao_0235,903
6,236,test,Gao,236,Gao_0236,904
6,237,test,Gao,237,Gao_0237,905
6,238,train,Gao,238,Gao_0238,906
6,239,train,Gao,239,Gao_0239,907
6,240,train,Gao,240,Gao_0240,908
6,241,train,Gao,241,Gao_0241,909
6,242,train,Gao,242,Gao_0242,910
6,243,test,Gao,243,Gao_0243,911
6,244,train,Gao,244,Gao_0244,912
6,245,train,Gao,245,Gao_0245,913
6,246,train,Gao,246,Gao_0246,914
6,247,train,Gao,247,Gao_0247,915
6,248,test,Gao,248,Gao_0248,916
6,249,train,Gao,249,Gao_0249,917
6,250,train,Gao,250,Gao_0250,918
6,251,validation,Gao,251,Gao_0251,919
6,252,validation,Gao,252,Gao_0252,920
6,253,train,Gao,253,Gao_0253,921
6,254,validation,Gao,254,Gao_0254,922
6,255,validation,Gao,255,Gao_0255,923
6,256,train,Gao,256,Gao_0256,924
6,257,train,Gao,257,Gao_0257,925
6,258,train,Gao,258,Gao_0258,926
6,259,train,Gao,259,Gao_0259,927
6,260,validation,Gao,260,Gao_0260,928
6,261,train,Gao,261,Gao_0261,929
6,262,train,Gao,262,Gao_0262,930
6,263,train,Gao,263,Gao_0263,931
6,264,validation,Gao,264,Gao_0264,932
6,265,train,Gao,265,Gao_0265,933
6,266,test,Gao,266,Gao_0266,934
6,267,train,Gao,267,Gao_0267,909
6,268,train,Gao,268,Gao_0268,935
6,269,test,Gao,269,Gao_0269,936
6,270,train,Gao,270,Gao_0270,937
6,271,validation,Gao,271,Gao_0271,938
6,272,train,Gao,272,Gao_0272,939
6,273,test,Gao,273,Gao_0273,940
6,274,test,Gao,274,Gao_0274,941
6,275,train,Gao,275,Gao_0275,942
6,276,train,Gao,276,Gao_0276,943
6,277,train,Gao,277,Gao_0277,944
6,278,train,Gao,278,Gao_0278,945
6,279,train,Gao,279,Gao_0279,811
6,280,test,Gao,280,Gao_0280,946
6,281,train,Gao,281,Gao_0281,947
6,282,train,Gao,282,Gao_0282,948
6,283,train,Gao,283,Gao_0283,949
6,284,train,Gao,284,Gao_0284,950
6,285,train,Gao,285,Gao_0285,951
6,286,train,Gao,286,Gao_0286,952
6,287,train,Gao,287,Gao_0287,953
6,288,test,Gao,288,Gao_0288,954
6,289,test,Gao,289,Gao_0289,954
6,290,test,Gao,290,Gao_0290,955
6,291,train,Gao,291,Gao_0291,956
6,292,test,Gao,292,Gao_0292,955
6,293,train,Gao,293,Gao_0293,956
6,294,test,Gao,294,Gao_0294,955
6,295,train,Gao,295,Gao_0295,956
6,296,train,Gao,296,Gao_0296,957
6,297,train,Gao,297,Gao_0297,958
6,298,train,Gao,298,Gao_0298,959
6,299,train,Gao,299,Gao_0299,960
6,300,test,Gao,300,Gao_0300,961
6,301,train,Gao,301,Gao_0301,962
6,302,train,Gao,302,Gao_0302,963
6,303,train,Gao,303,Gao_0303,964
6,304,train,Gao,304,Gao_0304,965
6,305,train,Gao,305,Gao_0305,966
6,306,validation,Gao,306,Gao_0306,967
6,307,train,Gao,307,Gao_0307,968
6,308,train,Gao,308,Gao_0308,969
6,309,train,Gao,309,Gao_0309,970
6,310,validation,Gao,310,Gao_0310,971
6,311,test,Gao,311,Gao_0311,972
6,312,test,Gao,312,Gao_0312,973
6,313,train,Gao,313,Gao_0313,974
6,314,test,Gao,314,Gao_0314,975
6,315,train,Gao,315,Gao_0315,976
6,316,validation,Gao,316,Gao_0316,977
6,317,train,Gao,317,Gao_0317,978
6,318,train,Gao,318,Gao_0318,979
6,319,train,Gao,319,Gao_0319,980
6,320,test,Gao,320,Gao_0320,981
6,321,train,Gao,321,Gao_0321,982
6,322,train,Gao,322,Gao_0322,983
6,323,train,Gao,323,Gao_0323,983
6,324,train,Gao,324,Gao_0324,984
6,325,train,Gao,325,Gao_0325,985
6,326,train,Gao,326,Gao_0326,985
6,327,train,Gao,327,Gao_0327,986
6,328,train,Gao,328,Gao_0328,987
6,329,test,Gao,329,Gao_0329,988
6,330,train,Gao,330,Gao_0330,989
6,331,test,Gao,331,Gao_0331,990
6,332,train,Gao,332,Gao_0332,991
6,333,train,Gao,333,Gao_0333,992
6,334,train,Gao,334,Gao_0334,993
6,335,train,Gao,335,Gao_0335,994
6,336,train,Gao,336,Gao_0336,995
6,337,test,Gao,337,Gao_0337,996
6,338,test,Gao,338,Gao_0338,997
6,339,train,Gao,339,Gao_0339,998
6,340,train,Gao,340,Gao_0340,999
6,341,train,Gao,341,Gao_0341,1000
6,342,validation,Gao,342,Gao_0342,1001
6,343,test,Gao,343,Gao_0343,1002
6,344,validation,Gao,344,Gao_0344,1003
6,345,train,Gao,345,Gao_0345,1004
6,346,train,Gao,346,Gao_0346,1005
6,347,train,Gao,347,Gao_0347,1006
6,348,train,Gao,348,Gao_0348,1007
6,349,train,Gao,349,Gao_0349,1008
6,350,train,Gao,350,Gao_0350,1009
6,351,train,Gao,351,Gao_0351,1010
6,352,train,Gao,352,Gao_0352,1011
6,353,train,Gao,353,Gao_0353,1012
6,354,test,Gao,354,Gao_0354,1013
6,355,train,Gao,355,Gao_0355,1014
6,356,train,Gao,356,Gao_0356,1015
6,357,train,Gao,357,Gao_0357,1015
6,358,train,Gao,358,Gao_0358,1016
6,359,train,Gao,359,Gao_0359,1017
6,360,test,Gao,360,Gao_0360,1018
6,361,test,Gao,361,Gao_0361,1019
6,362,validation,Gao,362,Gao_0362,1020
6,363,test,Gao,363,Gao_0363,1021
6,364,train,Gao,364,Gao_0364,1022
6,365,validation,Gao,365,Gao_0365,1023
6,366,train,Gao,366,Gao_0366,1024
6,367,train,Gao,367,Gao_0367,1025
6,368,train,Gao,368,Gao_0368,1026
6,369,test,Gao,369,Gao_0369,1027
6,370,validation,Gao,370,Gao_0370,1028
6,371,test,Gao,371,Gao_0371,1029
6,372,train,Gao,372,Gao_0372,1030
6,373,test,Gao,373,Gao_0373,1031
6,374,train,Gao,374,Gao_0374,1032
6,375,train,Gao,375,Gao_0375,1033
6,376,train,Gao,376,Gao_0376,1034
6,377,train,Gao,377,Gao_0377,1035
6,378,train,Gao,378,Gao_0378,1036
6,379,validation,Gao,379,Gao_0379,1037
6,380,test,Gao,380,Gao_0380,1038
6,381,train,Gao,381,Gao_0381,1039
6,382,test,Gao,382,Gao_0382,1040
6,383,train,Gao,383,Gao_0383,1041
6,384,train,Gao,384,Gao_0384,1042
6,385,train,Gao,385,Gao_0385,1043
6,386,train,Gao,386,Gao_0386,1044
6,387,validation,Gao,387,Gao_0387,1045
6,388,train,Gao,388,Gao_0388,1046
6,389,validation,Gao,389,Gao_0389,1047
6,390,train,Gao,390,Gao_0390,1048
6,391,train,Gao,391,Gao_0391,1049
6,392,train,Gao,392,Gao_0392,1050
6,393,train,Gao,393,Gao_0393,1051
6,394,test,Gao,394,Gao_0394,1052
6,395,test,Gao,395,Gao_0395,1053
6,396,train,Gao,396,Gao_0396,1054
6,397,train,Gao,397,Gao_0397,1055
6,398,test,Gao,398,Gao_0398,1056
6,399,test,Gao,399,Gao_0399,1057
6,400,validation,Gao,400,Gao_0400,1058
6,401,validation,Gao,401,Gao_0401,1059
6,402,train,Gao,402,Gao_0402,1060
6,403,train,Gao,403,Gao_0403,1061
6,404,test,Gao,404,Gao_0404,1062
6,405,validation,Gao,405,Gao_0405,1063
6,406,test,Gao,406,Gao_0406,1064
6,407,train,Gao,407,Gao_0407,1065
6,408,train,Gao,408,Gao_0408,1066
6,409,train,Gao,409,Gao_0409,1067
6,410,test,Gao,410,Gao_0410,1068
6,411,validation,Gao,411,Gao_0411,1069
6,412,train,Gao,412,Gao_0412,1070
6,413,train,Gao,413,Gao_0413,1071
6,414,train,Gao,414,Gao_0414,1072
6,415,train,Gao,415,Gao_0415,1073
6,416,train,Gao,416,Gao_0416,1074
6,417,train,Gao,417,Gao_0417,1075
6,418,train,Gao,418,Gao_0418,1076
6,419,train,Gao,419,Gao_0419,1077
6,420,train,Gao,420,Gao_0420,1078
6,421,train,Gao,421,Gao_0421,1079
6,422,train,Gao,422,Gao_0422,1080
6,423,train,Gao,423,Gao_0423,1081
6,424,test,Gao,424,Gao_0424,1082
6,425,train,Gao,425,Gao_0425,1083
6,426,train,Gao,426,Gao_0426,1084
6,427,train,Gao,427,Gao_0427,1085
6,428,train,Gao,428,Gao_0428,1086
6,429,train,Gao,429,Gao_0429,1087
6,430,validation,Gao,430,Gao_0430,1088
6,431,test,Gao,431,Gao_0431,1089
6,432,test,Gao,432,Gao_0432,1090
6,433,train,Gao,433,Gao_0433,1091
6,434,train,Gao,434,Gao_0434,1092
6,435,test,Gao,435,Gao_0435,1093
6,436,train,Gao,436,Gao_0436,1094
6,437,train,Gao,437,Gao_0437,1095
6,438,train,Gao,438,Gao_0438,1096
6,439,train,Gao,439,Gao_0439,1097
6,440,validation,Gao,440,Gao_0440,1098
6,441,train,Gao,441,Gao_0441,1099
6,442,validation,Gao,442,Gao_0442,1100
6,443,validation,Gao,443,Gao_0443,1101
6,444,test,Gao,444,Gao_0444,803
6,445,test,Gao,445,Gao_0445,803
6,446,train,Gao,446,Gao_0446,1102
6,447,validation,Gao,447,Gao_0447,1103
6,448,train,Gao,448,Gao_0448,1104
6,449,test,Gao,449,Gao_0449,1105
6,450,train,Gao,450,Gao_0450,1106
6,451,train,Gao,451,Gao_0451,1107
6,452,train,Gao,452,Gao_0452,1108
6,453,train,Gao,453,Gao_0453,1109
6,454,validation,Gao,454,Gao_0454,1110
6,455,train,Gao,455,Gao_0455,1111
6,456,test,Gao,456,Gao_0456,1112
6,457,train,Gao,457,Gao_0457,1113
6,458,train,Gao,458,Gao_0458,1114
6,459,train,Gao,459,Gao_0459,1115
6,460,train,Gao,460,Gao_0460,1116
6,461,test,Gao,461,Gao_0461,1117
6,462,test,Gao,462,Gao_0462,1118
6,463,train,Gao,463,Gao_0463,1119
6,464,train,Gao,464,Gao_0464,1120
6,465,test,Gao,465,Gao_0465,1121
6,466,train,Gao,466,Gao_0466,1122
6,467,train,Gao,467,Gao_0467,1123
6,468,train,Gao,468,Gao_0468,1124
6,469,train,Gao,469,Gao_0469,1125
6,470,test,Gao,470,Gao_0470,1126
6,471,train,Gao,471,Gao_0471,1127
6,472,train,Gao,472,Gao_0472,1128
6,473,train,Gao,473,Gao_0473,1127
6,474,train,Gao,474,Gao_0474,1129
6,475,test,Gao,475,Gao_0475,1130
6,476,train,Gao,476,Gao_0476,1131
6,477,test,Gao,477,Gao_0477,1132
6,478,test,Gao,478,Gao_0478,1133
6,479,train,Gao,479,Gao_0479,1134
6,480,train,Gao,480,Gao_0480,1135
6,481,train,Gao,481,Gao_0481,1136
6,482,train,Gao,482,Gao_0482,1137
6,483,test,Gao,483,Gao_0483,1138
6,484,train,Gao,484,Gao_0484,1139
6,485,train,Gao,485,Gao_0485,1140
6,486,test,Gao,486,Gao_0486,1141
6,487,validation,Gao,487,Gao_0487,1142
6,488,train,Gao,488,Gao_0488,1143
6,489,train,Gao,489,Gao_0489,1143
6,490,train,Gao,490,Gao_0490,1144
6,491,train,Gao,491,Gao_0491,1145
6,492,train,Gao,492,Gao_0492,1146
6,493,test,Gao,493,Gao_0493,1147
6,494,train,Gao,494,Gao_0494,1148
6,495,train,Gao,495,Gao_0495,1149
6,496,train,Gao,496,Gao_0496,1150
6,497,train,Gao,497,Gao_0497,1151
6,498,train,Gao,498,Gao_0498,1152
6,499,train,Gao,499,Gao_0499,1153
6,500,train,Gao,500,Gao_0500,1154
6,501,train,Gao,501,Gao_0501,1155
6,502,train,Gao,502,Gao_0502,1156
6,503,train,Gao,503,Gao_0503,1157
6,504,train,Gao,504,Gao_0504,1158
6,505,validation,Gao,505,Gao_0505,1159
6,506,test,Gao,506,Gao_0506,1160
6,507,test,Gao,507,Gao_0507,1161
6,508,train,Gao,508,Gao_0508,1162
6,509,test,Gao,509,Gao_0509,1163
6,510,train,Gao,510,Gao_0510,1164
6,511,train,Gao,511,Gao_0511,1165
6,512,test,Gao,512,Gao_0512,1166
6,513,train,Gao,513,Gao_0513,1167
6,514,train,Gao,514,Gao_0514,1168
6,515,train,Gao,515,Gao_0515,1169
6,516,train,Gao,516,Gao_0516,1170
6,517,train,Gao,517,Gao_0517,1171
6,518,train,Gao,518,Gao_0518,1172
6,519,train,Gao,519,Gao_0519,1173
6,520,train,Gao,520,Gao_0520,1174
6,521,validation,Gao,521,Gao_0521,1175
6,522,train,Gao,522,Gao_0522,1176
6,523,train,Gao,523,Gao_0523,1177
6,524,train,Gao,524,Gao_0524,1178
6,525,train,Gao,525,Gao_0525,1179
6,526,train,Gao,526,Gao_0526,1180
6,527,train,Gao,527,Gao_0527,1181
6,528,test,Gao,528,Gao_0528,1182
6,529,test,Gao,529,Gao_0529,1183
6,530,train,Gao,530,Gao_0530,1184
6,531,test,Gao,531,Gao_0531,691
6,532,test,Gao,532,Gao_0532,1185
6,533,train,Gao,533,Gao_0533,1186
6,534,train,Gao,534,Gao_0534,1187
7,0,train,Gao,0,Gao_0000,681
7,1,validation,Gao,1,Gao_0001,682
7,2,test,Gao,2,Gao_0002,683
7,3,train,Gao,3,Gao_0003,684
7,4,train,Gao,4,Gao_0004,684
7,5,train,Gao,5,Gao_0005,685
7,6,train,Gao,6,Gao_0006,686
7,7,train,Gao,7,Gao_0007,687
7,8,train,Gao,8,Gao_0008,687
7,9,train,Gao,9,Gao_0009,688
7,10,train,Gao,10,Gao_0010,689
7,11,train,Gao,11,Gao_0011,690
7,12,train,Gao,12,Gao_0012,691
7,13,train,Gao,13,Gao_0013,692
7,14,train,Gao,14,Gao_0014,693
7,15,test,Gao,15,Gao_0015,694
7,16,train,Gao,16,Gao_0016,695
7,17,train,Gao,17,Gao_0017,696
7,18,train,Gao,18,Gao_0018,697
7,19,validation,Gao,19,Gao_0019,698
7,20,train,Gao,20,Gao_0020,699
7,21,train,Gao,21,Gao_0021,700
7,22,train,Gao,22,Gao_0022,701
7,23,train,Gao,23,Gao_0023,702
7,24,test,Gao,24,Gao_0024,703
7,25,validation,Gao,25,Gao_0025,704
7,26,train,Gao,26,Gao_0026,705
7,27,train,Gao,27,Gao_0027,706
7,28,test,Gao,28,Gao_0028,707
7,29,train,Gao,29,Gao_0029,708
7,30,train,Gao,30,Gao_0030,709
7,31,train,Gao,31,Gao_0031,710
7,32,test,Gao,32,Gao_0032,711
7,33,test,Gao,33,Gao_0033,712
7,34,test,Gao,34,Gao_0034,713
7,35,validation,Gao,35,Gao_0035,714
7,36,train,Gao,36,Gao_0036,715
7,37,train,Gao,37,Gao_0037,716
7,38,train,Gao,38,Gao_0038,717
7,39,train,Gao,39,Gao_0039,718
7,40,train,Gao,40,Gao_0040,719
7,41,train,Gao,41,Gao_0041,720
7,42,train,Gao,42,Gao_0042,721
7,43,train,Gao,43,Gao_0043,722
7,44,train,Gao,44,Gao_0044,723
7,45,train,Gao,45,Gao_0045,724
7,46,train,Gao,46,Gao_0046,725
7,47,validation,Gao,47,Gao_0047,726
7,48,train,Gao,48,Gao_0048,727
7,49,train,Gao,49,Gao_0049,728
7,50,train,Gao,50,Gao_0050,729
7,51,train,Gao,51,Gao_0051,730
7,52,train,Gao,52,Gao_0052,731
7,53,test,Gao,53,Gao_0053,732
7,54,test,Gao,54,Gao_0054,733
7,55,train,Gao,55,Gao_0055,734
7,56,train,Gao,56,Gao_0056,735
7,57,validation,Gao,57,Gao_0057,736
7,58,test,Gao,58,Gao_0058,737
7,59,train,Gao,59,Gao_0059,738
7,60,test,Gao,60,Gao_0060,739
7,61,train,Gao,61,Gao_0061,740
7,62,test,Gao,62,Gao_0062,741
7,63,train,Gao,63,Gao_0063,742
7,64,train,Gao,64,Gao_0064,743
7,65,train,Gao,65,Gao_0065,744
7,66,train,Gao,66,Gao_0066,745
7,67,test,Gao,67,Gao_0067,746
7,68,train,Gao,68,Gao_0068,747
7,69,train,Gao,69,Gao_0069,748
7,70,validation,Gao,70,Gao_0070,749
7,71,train,Gao,71,Gao_0071,750
7,72,train,Gao,72,Gao_0072,751
7,73,train,Gao,73,Gao_0073,752
7,74,train,Gao,74,Gao_0074,753
7,75,train,Gao,75,Gao_0075,754
7,76,test,Gao,76,Gao_0076,755
7,77,train,Gao,77,Gao_0077,756
7,78,train,Gao,78,Gao_0078,757
7,79,train,Gao,79,Gao_0079,758
7,80,train,Gao,80,Gao_0080,759
7,81,train,Gao,81,Gao_0081,760
7,82,test,Gao,82,Gao_0082,761
7,83,train,Gao,83,Gao_0083,762
7,84,test,Gao,84,Gao_0084,763
7,85,train,Gao,85,Gao_0085,764
7,86,train,Gao,86,Gao_0086,765
7,87,train,Gao,87,Gao_0087,766
7,88,validation,Gao,88,Gao_0088,767
7,89,train,Gao,89,Gao_0089,768
7,90,train,Gao,90,Gao_0090,768
7,91,train,Gao,91,Gao_0091,769
7,92,test,Gao,92,Gao_0092,770
7,93,test,Gao,93,Gao_0093,771
7,94,validation,Gao,94,Gao_0094,772
7,95,train,Gao,95,Gao_0095,773
7,96,train,Gao,96,Gao_0096,774
7,97,train,Gao,97,Gao_0097,775
7,98,train,Gao,98,Gao_0098,776
7,99,train,Gao,99,Gao_0099,777
7,100,train,Gao,100,Gao_0100,778
7,101,validation,Gao,101,Gao_0101,779
7,102,train,Gao,102,Gao_0102,780
7,103,train,Gao,103,Gao_0103,780
7,104,train,Gao,104,Gao_0104,780
7,105,train,Gao,105,Gao_0105,781
7,106,test,Gao,106,Gao_0106,782
7,107,train,Gao,107,Gao_0107,783
7,108,train,Gao,108,Gao_0108,784
7,109,train,Gao,109,Gao_0109,785
7,110,train,Gao,110,Gao_0110,786
7,111,train,Gao,111,Gao_0111,787
7,112,train,Gao,112,Gao_0112,788
7,113,train,Gao,113,Gao_0113,789
7,114,test,Gao,114,Gao_0114,790
7,115,train,Gao,115,Gao_0115,791
7,116,train,Gao,116,Gao_0116,792
7,117,train,Gao,117,Gao_0117,793
7,118,validation,Gao,118,Gao_0118,794
7,119,train,Gao,119,Gao_0119,795
7,120,test,Gao,120,Gao_0120,796
7,121,validation,Gao,121,Gao_0121,797
7,122,train,Gao,122,Gao_0122,798
7,123,test,Gao,123,Gao_0123,799
7,124,train,Gao,124,Gao_0124,800
7,125,validation,Gao,125,Gao_0125,801
7,126,train,Gao,126,Gao_0126,802
7,127,train,Gao,127,Gao_0127,803
7,128,train,Gao,128,Gao_0128,804
7,129,train,Gao,129,Gao_0129,805
7,130,train,Gao,130,Gao_0130,805
7,131,train,Gao,131,Gao_0131,806
7,132,validation,Gao,132,Gao_0132,807
7,133,train,Gao,133,Gao_0133,808
7,134,validation,Gao,134,Gao_0134,809
7,135,train,Gao,135,Gao_0135,810
7,136,train,Gao,136,Gao_0136,811
7,137,train,Gao,137,Gao_0137,812
7,138,test,Gao,138,Gao_0138,813
7,139,train,Gao,139,Gao_0139,814
7,140,train,Gao,140,Gao_0140,815
7,141,train,Gao,141,Gao_0141,816
7,142,train,Gao,142,Gao_0142,817
7,143,train,Gao,143,Gao_0143,818
7,144,test,Gao,144,Gao_0144,819
7,145,train,Gao,145,Gao_0145,820
7,146,train,Gao,146,Gao_0146,821
7,147,train,Gao,147,Gao_0147,822
7,148,train,Gao,148,Gao_0148,823
7,149,train,Gao,149,Gao_0149,824
7,150,train,Gao,150,Gao_0150,825
7,151,train,Gao,151,Gao_0151,826
7,152,train,Gao,152,Gao_0152,827
7,153,test,Gao,153,Gao_0153,828
7,154,train,Gao,154,Gao_0154,829
7,155,train,Gao,155,Gao_0155,830
7,156,train,Gao,156,Gao_0156,829
7,157,validation,Gao,157,Gao_0157,831
7,158,validation,Gao,158,Gao_0158,832
7,159,train,Gao,159,Gao_0159,833
7,160,train,Gao,160,Gao_0160,833
7,161,train,Gao,161,Gao_0161,834
7,162,train,Gao,162,Gao_0162,835
7,163,test,Gao,163,Gao_0163,836
7,164,train,Gao,164,Gao_0164,837
7,165,train,Gao,165,Gao_0165,838
7,166,train,Gao,166,Gao_0166,839
7,167,train,Gao,167,Gao_0167,840
7,168,train,Gao,168,Gao_0168,841
7,169,train,Gao,169,Gao_0169,842
7,170,train,Gao,170,Gao_0170,842
7,171,train,Gao,171,Gao_0171,843
7,172,train,Gao,172,Gao_0172,844
7,173,test,Gao,173,Gao_0173,845
7,174,train,Gao,174,Gao_0174,846
7,175,train,Gao,175,Gao_0175,847
7,176,train,Gao,176,Gao_0176,848
7,177,test,Gao,177,Gao_0177,849
7,178,train,Gao,178,Gao_0178,850
7,179,train,Gao,179,Gao_0179,851
7,180,train,Gao,180,Gao_0180,852
7,181,train,Gao,181,Gao_0181,853
7,182,test,Gao,182,Gao_0182,854
7,183,train,Gao,183,Gao_0183,855
7,184,train,Gao,184,Gao_0184,856
7,185,train,Gao,185,Gao_0185,857
7,186,train,Gao,186,Gao_0186,858
7,187,train,Gao,187,Gao_0187,859
7,188,train,Gao,188,Gao_0188,860
7,189,train,Gao,189,Gao_0189,861
7,190,train,Gao,190,Gao_0190,862
7,191,train,Gao,191,Gao_0191,863
7,192,train,Gao,192,Gao_0192,864
7,193,train,Gao,193,Gao_0193,865
7,194,train,Gao,194,Gao_0194,866
7,195,train,Gao,195,Gao_0195,867
7,196,validation,Gao,196,Gao_0196,868
7,197,train,Gao,197,Gao_0197,869
7,198,train,Gao,198,Gao_0198,870
7,199,validation,Gao,199,Gao_0199,871
7,200,train,Gao,200,Gao_0200,872
7,201,train,Gao,201,Gao_0201,873
7,202,train,Gao,202,Gao_0202,874
7,203,train,Gao,203,Gao_0203,875
7,204,train,Gao,204,Gao_0204,876
7,205,train,Gao,205,Gao_0205,877
7,206,train,Gao,206,Gao_0206,878
7,207,train,Gao,207,Gao_0207,879
7,208,train,Gao,208,Gao_0208,879
7,209,train,Gao,209,Gao_0209,880
7,210,train,Gao,210,Gao_0210,881
7,211,train,Gao,211,Gao_0211,882
7,212,test,Gao,212,Gao_0212,883
7,213,train,Gao,213,Gao_0213,884
7,214,test,Gao,214,Gao_0214,885
7,215,validation,Gao,215,Gao_0215,886
7,216,test,Gao,216,Gao_0216,887
7,217,train,Gao,217,Gao_0217,888
7,218,train,Gao,218,Gao_0218,889
7,219,train,Gao,219,Gao_0219,890
7,220,train,Gao,220,Gao_0220,891
7,221,train,Gao,221,Gao_0221,690
7,222,train,Gao,222,Gao_0222,690
7,223,train,Gao,223,Gao_0223,690
7,224,train,Gao,224,Gao_0224,892
7,225,train,Gao,225,Gao_0225,893
7,226,test,Gao,226,Gao_0226,894
7,227,train,Gao,227,Gao_0227,895
7,228,train,Gao,228,Gao_0228,896
7,229,train,Gao,229,Gao_0229,897
7,230,validation,Gao,230,Gao_0230,898
7,231,train,Gao,231,Gao_0231,899
7,232,train,Gao,232,Gao_0232,900
7,233,train,Gao,233,Gao_0233,901
7,234,train,Gao,234,Gao_0234,902
7,235,train,Gao,235,Gao_0235,903
7,236,train,Gao,236,Gao_0236,904
7,237,train,Gao,237,Gao_0237,905
7,238,train,Gao,238,Gao_0238,906
7,239,train,Gao,239,Gao_0239,907
7,240,test,Gao,240,Gao_0240,908
7,241,test,Gao,241,Gao_0241,909
7,242,train,Gao,242,Gao_0242,910
7,243,train,Gao,243,Gao_0243,911
7,244,train,Gao,244,Gao_0244,912
7,245,train,Gao,245,Gao_0245,913
7,246,train,Gao,246,Gao_0246,914
7,247,train,Gao,247,Gao_0247,915
7,248,validation,Gao,248,Gao_0248,916
7,249,test,Gao,249,Gao_0249,917
7,250,test,Gao,250,Gao_0250,918
7,251,train,Gao,251,Gao_0251,919
7,252,train,Gao,252,Gao_0252,920
7,253,test,Gao,253,Gao_0253,921
7,254,train,Gao,254,Gao_0254,922
7,255,train,Gao,255,Gao_0255,923
7,256,test,Gao,256,Gao_0256,924
7,257,train,Gao,257,Gao_0257,925
7,258,test,Gao,258,Gao_0258,926
7,259,train,Gao,259,Gao_0259,927
7,260,train,Gao,260,Gao_0260,928
7,261,train,Gao,261,Gao_0261,929
7,262,train,Gao,262,Gao_0262,930
7,263,train,Gao,263,Gao_0263,931
7,264,train,Gao,264,Gao_0264,932
7,265,validation,Gao,265,Gao_0265,933
7,266,train,Gao,266,Gao_0266,934
7,267,test,Gao,267,Gao_0267,909
7,268,train,Gao,268,Gao_0268,935
7,269,train,Gao,269,Gao_0269,936
7,270,test,Gao,270,Gao_0270,937
7,271,train,Gao,271,Gao_0271,938
7,272,train,Gao,272,Gao_0272,939
7,273,train,Gao,273,Gao_0273,940
7,274,train,Gao,274,Gao_0274,941
7,275,test,Gao,275,Gao_0275,942
7,276,train,Gao,276,Gao_0276,943
7,277,test,Gao,277,Gao_0277,944
7,278,train,Gao,278,Gao_0278,945
7,279,train,Gao,279,Gao_0279,811
7,280,train,Gao,280,Gao_0280,946
7,281,train,Gao,281,Gao_0281,947
7,282,train,Gao,282,Gao_0282,948
7,283,test,Gao,283,Gao_0283,949
7,284,train,Gao,284,Gao_0284,950
7,285,test,Gao,285,Gao_0285,951
7,286,test,Gao,286,Gao_0286,952
7,287,validation,Gao,287,Gao_0287,953
7,288,train,Gao,288,Gao_0288,954
7,289,train,Gao,289,Gao_0289,954
7,290,validation,Gao,290,Gao_0290,955
7,291,train,Gao,291,Gao_0291,956
7,292,validation,Gao,292,Gao_0292,955
7,293,train,Gao,293,Gao_0293,956
7,294,validation,Gao,294,Gao_0294,955
7,295,train,Gao,295,Gao_0295,956
7,296,train,Gao,296,Gao_0296,957
7,297,train,Gao,297,Gao_0297,958
7,298,validation,Gao,298,Gao_0298,959
7,299,train,Gao,299,Gao_0299,960
7,300,train,Gao,300,Gao_0300,961
7,301,train,Gao,301,Gao_0301,962
7,302,train,Gao,302,Gao_0302,963
7,303,train,Gao,303,Gao_0303,964
7,304,train,Gao,304,Gao_0304,965
7,305,train,Gao,305,Gao_0305,966
7,306,train,Gao,306,Gao_0306,967
7,307,validation,Gao,307,Gao_0307,968
7,308,train,Gao,308,Gao_0308,969
7,309,test,Gao,309,Gao_0309,970
7,310,train,Gao,310,Gao_0310,971
7,311,train,Gao,311,Gao_0311,972
7,312,validation,Gao,312,Gao_0312,973
7,313,train,Gao,313,Gao_0313,974
7,314,test,Gao,314,Gao_0314,975
7,315,train,Gao,315,Gao_0315,976
7,316,test,Gao,316,Gao_0316,977
7,317,train,Gao,317,Gao_0317,978
7,318,train,Gao,318,Gao_0318,979
7,319,train,Gao,319,Gao_0319,980
7,320,test,Gao,320,Gao_0320,981
7,321,test,Gao,321,Gao_0321,982
7,322,test,Gao,322,Gao_0322,983
7,323,test,Gao,323,Gao_0323,983
7,324,test,Gao,324,Gao_0324,984
7,325,validation,Gao,325,Gao_0325,985
7,326,validation,Gao,326,Gao_0326,985
7,327,train,Gao,327,Gao_0327,986
7,328,test,Gao,328,Gao_0328,987
7,329,train,Gao,329,Gao_0329,988
7,330,test,Gao,330,Gao_0330,989
7,331,train,Gao,331,Gao_0331,990
7,332,train,Gao,332,Gao_0332,991
7,333,train,Gao,333,Gao_0333,992
7,334,train,Gao,334,Gao_0334,993
7,335,test,Gao,335,Gao_0335,994
7,336,validation,Gao,336,Gao_0336,995
7,337,train,Gao,337,Gao_0337,996
7,338,train,Gao,338,Gao_0338,997
7,339,train,Gao,339,Gao_0339,998
7,340,train,Gao,340,Gao_0340,999
7,341,test,Gao,341,Gao_0341,1000
7,342,validation,Gao,342,Gao_0342,1001
7,343,train,Gao,343,Gao_0343,1002
7,344,test,Gao,344,Gao_0344,1003
7,345,validation,Gao,345,Gao_0345,1004
7,346,train,Gao,346,Gao_0346,1005
7,347,validation,Gao,347,Gao_0347,1006
7,348,train,Gao,348,Gao_0348,1007
7,349,test,Gao,349,Gao_0349,1008
7,350,train,Gao,350,Gao_0350,1009
7,351,train,Gao,351,Gao_0351,1010
7,352,train,Gao,352,Gao_0352,1011
7,353,train,Gao,353,Gao_0353,1012
7,354,train,Gao,354,Gao_0354,1013
7,355,train,Gao,355,Gao_0355,1014
7,356,train,Gao,356,Gao_0356,1015
7,357,train,Gao,357,Gao_0357,1015
7,358,train,Gao,358,Gao_0358,1016
7,359,train,Gao,359,Gao_0359,1017
7,360,test,Gao,360,Gao_0360,1018
7,361,train,Gao,361,Gao_0361,1019
7,362,train,Gao,362,Gao_0362,1020
7,363,test,Gao,363,Gao_0363,1021
7,364,train,Gao,364,Gao_0364,1022
7,365,train,Gao,365,Gao_0365,1023
7,366,train,Gao,366,Gao_0366,1024
7,367,test,Gao,367,Gao_0367,1025
7,368,train,Gao,368,Gao_0368,1026
7,369,train,Gao,369,Gao_0369,1027
7,370,train,Gao,370,Gao_0370,1028
7,371,train,Gao,371,Gao_0371,1029
7,372,train,Gao,372,Gao_0372,1030
7,373,train,Gao,373,Gao_0373,1031
7,374,train,Gao,374,Gao_0374,1032
7,375,train,Gao,375,Gao_0375,1033
7,376,train,Gao,376,Gao_0376,1034
7,377,test,Gao,377,Gao_0377,1035
7,378,train,Gao,378,Gao_0378,1036
7,379,validation,Gao,379,Gao_0379,1037
7,380,test,Gao,380,Gao_0380,1038
7,381,test,Gao,381,Gao_0381,1039
7,382,test,Gao,382,Gao_0382,1040
7,383,train,Gao,383,Gao_0383,1041
7,384,test,Gao,384,Gao_0384,1042
7,385,train,Gao,385,Gao_0385,1043
7,386,test,Gao,386,Gao_0386,1044
7,387,test,Gao,387,Gao_0387,1045
7,388,validation,Gao,388,Gao_0388,1046
7,389,train,Gao,389,Gao_0389,1047
7,390,test,Gao,390,Gao_0390,1048
7,391,test,Gao,391,Gao_0391,1049
7,392,train,Gao,392,Gao_0392,1050
7,393,train,Gao,393,Gao_0393,1051
7,394,validation,Gao,394,Gao_0394,1052
7,395,test,Gao,395,Gao_0395,1053
7,396,train,Gao,396,Gao_0396,1054
7,397,train,Gao,397,Gao_0397,1055
7,398,train,Gao,398,Gao_0398,1056
7,399,test,Gao,399,Gao_0399,1057
7,400,validation,Gao,400,Gao_0400,1058
7,401,train,Gao,401,Gao_0401,1059
7,402,train,Gao,402,Gao_0402,1060
7,403,train,Gao,403,Gao_0403,1061
7,404,validation,Gao,404,Gao_0404,1062
7,405,train,Gao,405,Gao_0405,1063
7,406,train,Gao,406,Gao_0406,1064
7,407,validation,Gao,407,Gao_0407,1065
7,408,train,Gao,408,Gao_0408,1066
7,409,train,Gao,409,Gao_0409,1067
7,410,train,Gao,410,Gao_0410,1068
7,411,test,Gao,411,Gao_0411,1069
7,412,train,Gao,412,Gao_0412,1070
7,413,train,Gao,413,Gao_0413,1071
7,414,train,Gao,414,Gao_0414,1072
7,415,train,Gao,415,Gao_0415,1073
7,416,validation,Gao,416,Gao_0416,1074
7,417,validation,Gao,417,Gao_0417,1075
7,418,train,Gao,418,Gao_0418,1076
7,419,train,Gao,419,Gao_0419,1077
7,420,train,Gao,420,Gao_0420,1078
7,421,train,Gao,421,Gao_0421,1079
7,422,test,Gao,422,Gao_0422,1080
7,423,train,Gao,423,Gao_0423,1081
7,424,train,Gao,424,Gao_0424,1082
7,425,train,Gao,425,Gao_0425,1083
7,426,test,Gao,426,Gao_0426,1084
7,427,train,Gao,427,Gao_0427,1085
7,428,train,Gao,428,Gao_0428,1086
7,429,train,Gao,429,Gao_0429,1087
7,430,train,Gao,430,Gao_0430,1088
7,431,test,Gao,431,Gao_0431,1089
7,432,train,Gao,432,Gao_0432,1090
7,433,test,Gao,433,Gao_0433,1091
7,434,train,Gao,434,Gao_0434,1092
7,435,train,Gao,435,Gao_0435,1093
7,436,test,Gao,436,Gao_0436,1094
7,437,train,Gao,437,Gao_0437,1095
7,438,train,Gao,438,Gao_0438,1096
7,439,train,Gao,439,Gao_0439,1097
7,440,test,Gao,440,Gao_0440,1098
7,441,validation,Gao,441,Gao_0441,1099
7,442,train,Gao,442,Gao_0442,1100
7,443,test,Gao,443,Gao_0443,1101
7,444,train,Gao,444,Gao_0444,803
7,445,train,Gao,445,Gao_0445,803
7,446,test,Gao,446,Gao_0446,1102
7,447,train,Gao,447,Gao_0447,1103
7,448,train,Gao,448,Gao_0448,1104
7,449,train,Gao,449,Gao_0449,1105
7,450,train,Gao,450,Gao_0450,1106
7,451,validation,Gao,451,Gao_0451,1107
7,452,train,Gao,452,Gao_0452,1108
7,453,validation,Gao,453,Gao_0453,1109
7,454,train,Gao,454,Gao_0454,1110
7,455,test,Gao,455,Gao_0455,1111
7,456,train,Gao,456,Gao_0456,1112
7,457,train,Gao,457,Gao_0457,1113
7,458,train,Gao,458,Gao_0458,1114
7,459,train,Gao,459,Gao_0459,1115
7,460,train,Gao,460,Gao_0460,1116
7,461,train,Gao,461,Gao_0461,1117
7,462,validation,Gao,462,Gao_0462,1118
7,463,validation,Gao,463,Gao_0463,1119
7,464,train,Gao,464,Gao_0464,1120
7,465,train,Gao,465,Gao_0465,1121
7,466,test,Gao,466,Gao_0466,1122
7,467,train,Gao,467,Gao_0467,1123
7,468,test,Gao,468,Gao_0468,1124
7,469,train,Gao,469,Gao_0469,1125
7,470,validation,Gao,470,Gao_0470,1126
7,471,train,Gao,471,Gao_0471,1127
7,472,train,Gao,472,Gao_0472,1128
7,473,train,Gao,473,Gao_0473,1127
7,474,train,Gao,474,Gao_0474,1129
7,475,train,Gao,475,Gao_0475,1130
7,476,train,Gao,476,Gao_0476,1131
7,477,test,Gao,477,Gao_0477,1132
7,478,test,Gao,478,Gao_0478,1133
7,479,train,Gao,479,Gao_0479,1134
7,480,test,Gao,480,Gao_0480,1135
7,481,train,Gao,481,Gao_0481,1136
7,482,test,Gao,482,Gao_0482,1137
7,483,train,Gao,483,Gao_0483,1138
7,484,train,Gao,484,Gao_0484,1139
7,485,train,Gao,485,Gao_0485,1140
7,486,test,Gao,486,Gao_0486,1141
7,487,train,Gao,487,Gao_0487,1142
7,488,train,Gao,488,Gao_0488,1143
7,489,train,Gao,489,Gao_0489,1143
7,490,train,Gao,490,Gao_0490,1144
7,491,train,Gao,491,Gao_0491,1145
7,492,test,Gao,492,Gao_0492,1146
7,493,train,Gao,493,Gao_0493,1147
7,494,test,Gao,494,Gao_0494,1148
7,495,test,Gao,495,Gao_0495,1149
7,496,train,Gao,496,Gao_0496,1150
7,497,train,Gao,497,Gao_0497,1151
7,498,train,Gao,498,Gao_0498,1152
7,499,test,Gao,499,Gao_0499,1153
7,500,test,Gao,500,Gao_0500,1154
7,501,validation,Gao,501,Gao_0501,1155
7,502,train,Gao,502,Gao_0502,1156
7,503,train,Gao,503,Gao_0503,1157
7,504,test,Gao,504,Gao_0504,1158
7,505,train,Gao,505,Gao_0505,1159
7,506,train,Gao,506,Gao_0506,1160
7,507,test,Gao,507,Gao_0507,1161
7,508,test,Gao,508,Gao_0508,1162
7,509,train,Gao,509,Gao_0509,1163
7,510,train,Gao,510,Gao_0510,1164
7,511,train,Gao,511,Gao_0511,1165
7,512,validation,Gao,512,Gao_0512,1166
7,513,train,Gao,513,Gao_0513,1167
7,514,train,Gao,514,Gao_0514,1168
7,515,train,Gao,515,Gao_0515,1169
7,516,validation,Gao,516,Gao_0516,1170
7,517,train,Gao,517,Gao_0517,1171
7,518,train,Gao,518,Gao_0518,1172
7,519,train,Gao,519,Gao_0519,1173
7,520,train,Gao,520,Gao_0520,1174
7,521,validation,Gao,521,Gao_0521,1175
7,522,test,Gao,522,Gao_0522,1176
7,523,train,Gao,523,Gao_0523,1177
7,524,train,Gao,524,Gao_0524,1178
7,525,test,Gao,525,Gao_0525,1179
7,526,train,Gao,526,Gao_0526,1180
7,527,train,Gao,527,Gao_0527,1181
7,528,train,Gao,528,Gao_0528,1182
7,529,train,Gao,529,Gao_0529,1183
7,530,train,Gao,530,Gao_0530,1184
7,531,train,Gao,531,Gao_0531,691
7,532,test,Gao,532,Gao_0532,1185
7,533,test,Gao,533,Gao_0533,1186
7,534,train,Gao,534,Gao_0534,1187
8,0,test,Gao,0,Gao_0000,681
8,1,train,Gao,1,Gao_0001,682
8,2,validation,Gao,2,Gao_0002,683
8,3,train,Gao,3,Gao_0003,684
8,4,train,Gao,4,Gao_0004,684
8,5,test,Gao,5,Gao_0005,685
8,6,train,Gao,6,Gao_0006,686
8,7,validation,Gao,7,Gao_0007,687
8,8,validation,Gao,8,Gao_0008,687
8,9,train,Gao,9,Gao_0009,688
8,10,test,Gao,10,Gao_0010,689
8,11,train,Gao,11,Gao_0011,690
8,12,validation,Gao,12,Gao_0012,691
8,13,train,Gao,13,Gao_0013,692
8,14,test,Gao,14,Gao_0014,693
8,15,train,Gao,15,Gao_0015,694
8,16,train,Gao,16,Gao_0016,695
8,17,train,Gao,17,Gao_0017,696
8,18,train,Gao,18,Gao_0018,697
8,19,train,Gao,19,Gao_0019,698
8,20,train,Gao,20,Gao_0020,699
8,21,train,Gao,21,Gao_0021,700
8,22,train,Gao,22,Gao_0022,701
8,23,train,Gao,23,Gao_0023,702
8,24,train,Gao,24,Gao_0024,703
8,25,train,Gao,25,Gao_0025,704
8,26,train,Gao,26,Gao_0026,705
8,27,test,Gao,27,Gao_0027,706
8,28,train,Gao,28,Gao_0028,707
8,29,test,Gao,29,Gao_0029,708
8,30,train,Gao,30,Gao_0030,709
8,31,train,Gao,31,Gao_0031,710
8,32,test,Gao,32,Gao_0032,711
8,33,train,Gao,33,Gao_0033,712
8,34,train,Gao,34,Gao_0034,713
8,35,test,Gao,35,Gao_0035,714
8,36,train,Gao,36,Gao_0036,715
8,37,train,Gao,37,Gao_0037,716
8,38,train,Gao,38,Gao_0038,717
8,39,test,Gao,39,Gao_0039,718
8,40,train,Gao,40,Gao_0040,719
8,41,train,Gao,41,Gao_0041,720
8,42,train,Gao,42,Gao_0042,721
8,43,test,Gao,43,Gao_0043,722
8,44,train,Gao,44,Gao_0044,723
8,45,train,Gao,45,Gao_0045,724
8,46,validation,Gao,46,Gao_0046,725
8,47,train,Gao,47,Gao_0047,726
8,48,validation,Gao,48,Gao_0048,727
8,49,train,Gao,49,Gao_0049,728
8,50,train,Gao,50,Gao_0050,729
8,51,train,Gao,51,Gao_0051,730
8,52,test,Gao,52,Gao_0052,731
8,53,train,Gao,53,Gao_0053,732
8,54,train,Gao,54,Gao_0054,733
8,55,train,Gao,55,Gao_0055,734
8,56,train,Gao,56,Gao_0056,735
8,57,test,Gao,57,Gao_0057,736
8,58,test,Gao,58,Gao_0058,737
8,59,train,Gao,59,Gao_0059,738
8,60,train,Gao,60,Gao_0060,739
8,61,test,Gao,61,Gao_0061,740
8,62,train,Gao,62,Gao_0062,741
8,63,train,Gao,63,Gao_0063,742
8,64,validation,Gao,64,Gao_0064,743
8,65,train,Gao,65,Gao_0065,744
8,66,test,Gao,66,Gao_0066,745
8,67,train,Gao,67,Gao_0067,746
8,68,test,Gao,68,Gao_0068,747
8,69,train,Gao,69,Gao_0069,748
8,70,test,Gao,70,Gao_0070,749
8,71,train,Gao,71,Gao_0071,750
8,72,train,Gao,72,Gao_0072,751
8,73,train,Gao,73,Gao_0073,752
8,74,test,Gao,74,Gao_0074,753
8,75,train,Gao,75,Gao_0075,754
8,76,train,Gao,76,Gao_0076,755
8,77,train,Gao,77,Gao_0077,756
8,78,validation,Gao,78,Gao_0078,757
8,79,train,Gao,79,Gao_0079,758
8,80,test,Gao,80,Gao_0080,759
8,81,train,Gao,81,Gao_0081,760
8,82,train,Gao,82,Gao_0082,761
8,83,train,Gao,83,Gao_0083,762
8,84,train,Gao,84,Gao_0084,763
8,85,train,Gao,85,Gao_0085,764
8,86,validation,Gao,86,Gao_0086,765
8,87,validation,Gao,87,Gao_0087,766
8,88,train,Gao,88,Gao_0088,767
8,89,train,Gao,89,Gao_0089,768
8,90,train,Gao,90,Gao_0090,768
8,91,validation,Gao,91,Gao_0091,769
8,92,test,Gao,92,Gao_0092,770
8,93,validation,Gao,93,Gao_0093,771
8,94,train,Gao,94,Gao_0094,772
8,95,train,Gao,95,Gao_0095,773
8,96,train,Gao,96,Gao_0096,774
8,97,train,Gao,97,Gao_0097,775
8,98,train,Gao,98,Gao_0098,776
8,99,test,Gao,99,Gao_0099,777
8,100,test,Gao,100,Gao_0100,778
8,101,train,Gao,101,Gao_0101,779
8,102,train,Gao,102,Gao_0102,780
8,103,train,Gao,103,Gao_0103,780
8,104,train,Gao,104,Gao_0104,780
8,105,train,Gao,105,Gao_0105,781
8,106,train,Gao,106,Gao_0106,782
8,107,train,Gao,107,Gao_0107,783
8,108,train,Gao,108,Gao_0108,784
8,109,validation,Gao,109,Gao_0109,785
8,110,train,Gao,110,Gao_0110,786
8,111,train,Gao,111,Gao_0111,787
8,112,test,Gao,112,Gao_0112,788
8,113,train,Gao,113,Gao_0113,789
8,114,test,Gao,114,Gao_0114,790
8,115,train,Gao,115,Gao_0115,791
8,116,test,Gao,116,Gao_0116,792
8,117,train,Gao,117,Gao_0117,793
8,118,train,Gao,118,Gao_0118,794
8,119,validation,Gao,119,Gao_0119,795
8,120,train,Gao,120,Gao_0120,796
8,121,train,Gao,121,Gao_0121,797
8,122,train,Gao,122,Gao_0122,798
8,123,train,Gao,123,Gao_0123,799
8,124,test,Gao,124,Gao_0124,800
8,125,test,Gao,125,Gao_0125,801
8,126,train,Gao,126,Gao_0126,802
8,127,train,Gao,127,Gao_0127,803
8,128,train,Gao,128,Gao_0128,804
8,129,train,Gao,129,Gao_0129,805
8,130,train,Gao,130,Gao_0130,805
8,131,test,Gao,131,Gao_0131,806
8,132,test,Gao,132,Gao_0132,807
8,133,test,Gao,133,Gao_0133,808
8,134,validation,Gao,134,Gao_0134,809
8,135,test,Gao,135,Gao_0135,810
8,136,train,Gao,136,Gao_0136,811
8,137,train,Gao,137,Gao_0137,812
8,138,train,Gao,138,Gao_0138,813
8,139,train,Gao,139,Gao_0139,814
8,140,train,Gao,140,Gao_0140,815
8,141,train,Gao,141,Gao_0141,816
8,142,train,Gao,142,Gao_0142,817
8,143,validation,Gao,143,Gao_0143,818
8,144,train,Gao,144,Gao_0144,819
8,145,train,Gao,145,Gao_0145,820
8,146,train,Gao,146,Gao_0146,821
8,147,train,Gao,147,Gao_0147,822
8,148,validation,Gao,148,Gao_0148,823
8,149,train,Gao,149,Gao_0149,824
8,150,train,Gao,150,Gao_0150,825
8,151,validation,Gao,151,Gao_0151,826
8,152,train,Gao,152,Gao_0152,827
8,153,validation,Gao,153,Gao_0153,828
8,154,train,Gao,154,Gao_0154,829
8,155,train,Gao,155,Gao_0155,830
8,156,train,Gao,156,Gao_0156,829
8,157,train,Gao,157,Gao_0157,831
8,158,test,Gao,158,Gao_0158,832
8,159,train,Gao,159,Gao_0159,833
8,160,train,Gao,160,Gao_0160,833
8,161,test,Gao,161,Gao_0161,834
8,162,test,Gao,162,Gao_0162,835
8,163,validation,Gao,163,Gao_0163,836
8,164,train,Gao,164,Gao_0164,837
8,165,train,Gao,165,Gao_0165,838
8,166,train,Gao,166,Gao_0166,839
8,167,train,Gao,167,Gao_0167,840
8,168,train,Gao,168,Gao_0168,841
8,169,validation,Gao,169,Gao_0169,842
8,170,validation,Gao,170,Gao_0170,842
8,171,test,Gao,171,Gao_0171,843
8,172,train,Gao,172,Gao_0172,844
8,173,train,Gao,173,Gao_0173,845
8,174,test,Gao,174,Gao_0174,846
8,175,train,Gao,175,Gao_0175,847
8,176,train,Gao,176,Gao_0176,848
8,177,train,Gao,177,Gao_0177,849
8,178,train,Gao,178,Gao_0178,850
8,179,train,Gao,179,Gao_0179,851
8,180,train,Gao,180,Gao_0180,852
8,181,train,Gao,181,Gao_0181,853
8,182,validation,Gao,182,Gao_0182,854
8,183,train,Gao,183,Gao_0183,855
8,184,train,Gao,184,Gao_0184,856
8,185,train,Gao,185,Gao_0185,857
8,186,test,Gao,186,Gao_0186,858
8,187,train,Gao,187,Gao_0187,859
8,188,validation,Gao,188,Gao_0188,860
8,189,train,Gao,189,Gao_0189,861
8,190,test,Gao,190,Gao_0190,862
8,191,validation,Gao,191,Gao_0191,863
8,192,train,Gao,192,Gao_0192,864
8,193,train,Gao,193,Gao_0193,865
8,194,test,Gao,194,Gao_0194,866
8,195,test,Gao,195,Gao_0195,867
8,196,train,Gao,196,Gao_0196,868
8,197,train,Gao,197,Gao_0197,869
8,198,train,Gao,198,Gao_0198,870
8,199,train,Gao,199,Gao_0199,871
8,200,train,Gao,200,Gao_0200,872
8,201,train,Gao,201,Gao_0201,873
8,202,train,Gao,202,Gao_0202,874
8,203,test,Gao,203,Gao_0203,875
8,204,train,Gao,204,Gao_0204,876
8,205,train,Gao,205,Gao_0205,877
8,206,train,Gao,206,Gao_0206,878
8,207,train,Gao,207,Gao_0207,879
8,208,train,Gao,208,Gao_0208,879
8,209,train,Gao,209,Gao_0209,880
8,210,train,Gao,210,Gao_0210,881
8,211,train,Gao,211,Gao_0211,882
8,212,validation,Gao,212,Gao_0212,883
8,213,train,Gao,213,Gao_0213,884
8,214,train,Gao,214,Gao_0214,885
8,215,train,Gao,215,Gao_0215,886
8,216,train,Gao,216,Gao_0216,887
8,217,train,Gao,217,Gao_0217,888
8,218,validation,Gao,218,Gao_0218,889
8,219,train,Gao,219,Gao_0219,890
8,220,test,Gao,220,Gao_0220,891
8,221,train,Gao,221,Gao_0221,690
8,222,train,Gao,222,Gao_0222,690
8,223,train,Gao,223,Gao_0223,690
8,224,test,Gao,224,Gao_0224,892
8,225,train,Gao,225,Gao_0225,893
8,226,train,Gao,226,Gao_0226,894
8,227,train,Gao,227,Gao_0227,895
8,228,validation,Gao,228,Gao_0228,896
8,229,train,Gao,229,Gao_0229,897
8,230,validation,Gao,230,Gao_0230,898
8,231,train,Gao,231,Gao_0231,899
8,232,train,Gao,232,Gao_0232,900
8,233,train,Gao,233,Gao_0233,901
8,234,train,Gao,234,Gao_0234,902
8,235,train,Gao,235,Gao_0235,903
8,236,train,Gao,236,Gao_0236,904
8,237,train,Gao,237,Gao_0237,905
8,238,train,Gao,238,Gao_0238,906
8,239,train,Gao,239,Gao_0239,907
8,240,validation,Gao,240,Gao_0240,908
8,241,train,Gao,241,Gao_0241,909
8,242,train,Gao,242,Gao_0242,910
8,243,train,Gao,243,Gao_0243,911
8,244,test,Gao,244,Gao_0244,912
8,245,train,Gao,245,Gao_0245,913
8,246,train,Gao,246,Gao_0246,914
8,247,train,Gao,247,Gao_0247,915
8,248,train,Gao,248,Gao_0248,916
8,249,validation,Gao,249,Gao_0249,917
8,250,train,Gao,250,Gao_0250,918
8,251,train,Gao,251,Gao_0251,919
8,252,train,Gao,252,Gao_0252,920
8,253,test,Gao,253,Gao_0253,921
8,254,train,Gao,254,Gao_0254,922
8,255,train,Gao,255,Gao_0255,923
8,256,test,Gao,256,Gao_0256,924
8,257,train,Gao,257,Gao_0257,925
8,258,train,Gao,258,Gao_0258,926
8,259,train,Gao,259,Gao_0259,927
8,260,train,Gao,260,Gao_0260,928
8,261,train,Gao,261,Gao_0261,929
8,262,validation,Gao,262,Gao_0262,930
8,263,test,Gao,263,Gao_0263,931
8,264,test,Gao,264,Gao_0264,932
8,265,train,Gao,265,Gao_0265,933
8,266,train,Gao,266,Gao_0266,934
8,267,train,Gao,267,Gao_0267,909
8,268,test,Gao,268,Gao_0268,935
8,269,train,Gao,269,Gao_0269,936
8,270,train,Gao,270,Gao_0270,937
8,271,train,Gao,271,Gao_0271,938
8,272,train,Gao,272,Gao_0272,939
8,273,test,Gao,273,Gao_0273,940
8,274,test,Gao,274,Gao_0274,941
8,275,train,Gao,275,Gao_0275,942
8,276,train,Gao,276,Gao_0276,943
8,277,test,Gao,277,Gao_0277,944
8,278,validation,Gao,278,Gao_0278,945
8,279,train,Gao,279,Gao_0279,811
8,280,train,Gao,280,Gao_0280,946
8,281,train,Gao,281,Gao_0281,947
8,282,train,Gao,282,Gao_0282,948
8,283,train,Gao,283,Gao_0283,949
8,284,train,Gao,284,Gao_0284,950
8,285,train,Gao,285,Gao_0285,951
8,286,train,Gao,286,Gao_0286,952
8,287,test,Gao,287,Gao_0287,953
8,288,test,Gao,288,Gao_0288,954
8,289,test,Gao,289,Gao_0289,954
8,290,test,Gao,290,Gao_0290,955
8,291,train,Gao,291,Gao_0291,956
8,292,test,Gao,292,Gao_0292,955
8,293,train,Gao,293,Gao_0293,956
8,294,test,Gao,294,Gao_0294,955
8,295,train,Gao,295,Gao_0295,956
8,296,train,Gao,296,Gao_0296,957
8,297,validation,Gao,297,Gao_0297,958
8,298,train,Gao,298,Gao_0298,959
8,299,train,Gao,299,Gao_0299,960
8,300,train,Gao,300,Gao_0300,961
8,301,train,Gao,301,Gao_0301,962
8,302,train,Gao,302,Gao_0302,963
8,303,train,Gao,303,Gao_0303,964
8,304,test,Gao,304,Gao_0304,965
8,305,train,Gao,305,Gao_0305,966
8,306,test,Gao,306,Gao_0306,967
8,307,train,Gao,307,Gao_0307,968
8,308,train,Gao,308,Gao_0308,969
8,309,train,Gao,309,Gao_0309,970
8,310,train,Gao,310,Gao_0310,971
8,311,validation,Gao,311,Gao_0311,972
8,312,train,Gao,312,Gao_0312,973
8,313,validation,Gao,313,Gao_0313,974
8,314,train,Gao,314,Gao_0314,975
8,315,test,Gao,315,Gao_0315,976
8,316,train,Gao,316,Gao_0316,977
8,317,train,Gao,317,Gao_0317,978
8,318,test,Gao,318,Gao_0318,979
8,319,test,Gao,319,Gao_0319,980
8,320,train,Gao,320,Gao_0320,981
8,321,train,Gao,321,Gao_0321,982
8,322,test,Gao,322,Gao_0322,983
8,323,test,Gao,323,Gao_0323,983
8,324,train,Gao,324,Gao_0324,984
8,325,train,Gao,325,Gao_0325,985
8,326,train,Gao,326,Gao_0326,985
8,327,test,Gao,327,Gao_0327,986
8,328,test,Gao,328,Gao_0328,987
8,329,train,Gao,329,Gao_0329,988
8,330,test,Gao,330,Gao_0330,989
8,331,train,Gao,331,Gao_0331,990
8,332,train,Gao,332,Gao_0332,991
8,333,train,Gao,333,Gao_0333,992
8,334,test,Gao,334,Gao_0334,993
8,335,test,Gao,335,Gao_0335,994
8,336,train,Gao,336,Gao_0336,995
8,337,train,Gao,337,Gao_0337,996
8,338,train,Gao,338,Gao_0338,997
8,339,train,Gao,339,Gao_0339,998
8,340,train,Gao,340,Gao_0340,999
8,341,train,Gao,341,Gao_0341,1000
8,342,train,Gao,342,Gao_0342,1001
8,343,train,Gao,343,Gao_0343,1002
8,344,train,Gao,344,Gao_0344,1003
8,345,train,Gao,345,Gao_0345,1004
8,346,train,Gao,346,Gao_0346,1005
8,347,train,Gao,347,Gao_0347,1006
8,348,train,Gao,348,Gao_0348,1007
8,349,train,Gao,349,Gao_0349,1008
8,350,train,Gao,350,Gao_0350,1009
8,351,train,Gao,351,Gao_0351,1010
8,352,train,Gao,352,Gao_0352,1011
8,353,test,Gao,353,Gao_0353,1012
8,354,train,Gao,354,Gao_0354,1013
8,355,train,Gao,355,Gao_0355,1014
8,356,test,Gao,356,Gao_0356,1015
8,357,test,Gao,357,Gao_0357,1015
8,358,train,Gao,358,Gao_0358,1016
8,359,train,Gao,359,Gao_0359,1017
8,360,train,Gao,360,Gao_0360,1018
8,361,test,Gao,361,Gao_0361,1019
8,362,train,Gao,362,Gao_0362,1020
8,363,train,Gao,363,Gao_0363,1021
8,364,train,Gao,364,Gao_0364,1022
8,365,train,Gao,365,Gao_0365,1023
8,366,validation,Gao,366,Gao_0366,1024
8,367,validation,Gao,367,Gao_0367,1025
8,368,test,Gao,368,Gao_0368,1026
8,369,train,Gao,369,Gao_0369,1027
8,370,train,Gao,370,Gao_0370,1028
8,371,train,Gao,371,Gao_0371,1029
8,372,train,Gao,372,Gao_0372,1030
8,373,train,Gao,373,Gao_0373,1031
8,374,train,Gao,374,Gao_0374,1032
8,375,train,Gao,375,Gao_0375,1033
8,376,train,Gao,376,Gao_0376,1034
8,377,train,Gao,377,Gao_0377,1035
8,378,test,Gao,378,Gao_0378,1036
8,379,test,Gao,379,Gao_0379,1037
8,380,train,Gao,380,Gao_0380,1038
8,381,train,Gao,381,Gao_0381,1039
8,382,test,Gao,382,Gao_0382,1040
8,383,train,Gao,383,Gao_0383,1041
8,384,validation,Gao,384,Gao_0384,1042
8,385,train,Gao,385,Gao_0385,1043
8,386,train,Gao,386,Gao_0386,1044
8,387,train,Gao,387,Gao_0387,1045
8,388,train,Gao,388,Gao_0388,1046
8,389,train,Gao,389,Gao_0389,1047
8,390,train,Gao,390,Gao_0390,1048
8,391,train,Gao,391,Gao_0391,1049
8,392,train,Gao,392,Gao_0392,1050
8,393,train,Gao,393,Gao_0393,1051
8,394,test,Gao,394,Gao_0394,1052
8,395,test,Gao,395,Gao_0395,1053
8,396,train,Gao,396,Gao_0396,1054
8,397,test,Gao,397,Gao_0397,1055
8,398,train,Gao,398,Gao_0398,1056
8,399,train,Gao,399,Gao_0399,1057
8,400,train,Gao,400,Gao_0400,1058
8,401,train,Gao,401,Gao_0401,1059
8,402,validation,Gao,402,Gao_0402,1060
8,403,train,Gao,403,Gao_0403,1061
8,404,train,Gao,404,Gao_0404,1062
8,405,train,Gao,405,Gao_0405,1063
8,406,test,Gao,406,Gao_0406,1064
8,407,validation,Gao,407,Gao_0407,1065
8,408,test,Gao,408,Gao_0408,1066
8,409,train,Gao,409,Gao_0409,1067
8,410,test,Gao,410,Gao_0410,1068
8,411,test,Gao,411,Gao_0411,1069
8,412,test,Gao,412,Gao_0412,1070
8,413,test,Gao,413,Gao_0413,1071
8,414,train,Gao,414,Gao_0414,1072
8,415,train,Gao,415,Gao_0415,1073
8,416,train,Gao,416,Gao_0416,1074
8,417,train,Gao,417,Gao_0417,1075
8,418,train,Gao,418,Gao_0418,1076
8,419,train,Gao,419,Gao_0419,1077
8,420,train,Gao,420,Gao_0420,1078
8,421,test,Gao,421,Gao_0421,1079
8,422,train,Gao,422,Gao_0422,1080
8,423,train,Gao,423,Gao_0423,1081
8,424,train,Gao,424,Gao_0424,1082
8,425,train,Gao,425,Gao_0425,1083
8,426,train,Gao,426,Gao_0426,1084
8,427,train,Gao,427,Gao_0427,1085
8,428,test,Gao,428,Gao_0428,1086
8,429,train,Gao,429,Gao_0429,1087
8,430,test,Gao,430,Gao_0430,1088
8,431,train,Gao,431,Gao_0431,1089
8,432,test,Gao,432,Gao_0432,1090
8,433,train,Gao,433,Gao_0433,1091
8,434,validation,Gao,434,Gao_0434,1092
8,435,train,Gao,435,Gao_0435,1093
8,436,train,Gao,436,Gao_0436,1094
8,437,train,Gao,437,Gao_0437,1095
8,438,train,Gao,438,Gao_0438,1096
8,439,test,Gao,439,Gao_0439,1097
8,440,train,Gao,440,Gao_0440,1098
8,441,train,Gao,441,Gao_0441,1099
8,442,train,Gao,442,Gao_0442,1100
8,443,test,Gao,443,Gao_0443,1101
8,444,train,Gao,444,Gao_0444,803
8,445,train,Gao,445,Gao_0445,803
8,446,validation,Gao,446,Gao_0446,1102
8,447,train,Gao,447,Gao_0447,1103
8,448,train,Gao,448,Gao_0448,1104
8,449,validation,Gao,449,Gao_0449,1105
8,450,train,Gao,450,Gao_0450,1106
8,451,train,Gao,451,Gao_0451,1107
8,452,train,Gao,452,Gao_0452,1108
8,453,test,Gao,453,Gao_0453,1109
8,454,train,Gao,454,Gao_0454,1110
8,455,test,Gao,455,Gao_0455,1111
8,456,train,Gao,456,Gao_0456,1112
8,457,train,Gao,457,Gao_0457,1113
8,458,train,Gao,458,Gao_0458,1114
8,459,train,Gao,459,Gao_0459,1115
8,460,train,Gao,460,Gao_0460,1116
8,461,test,Gao,461,Gao_0461,1117
8,462,train,Gao,462,Gao_0462,1118
8,463,validation,Gao,463,Gao_0463,1119
8,464,train,Gao,464,Gao_0464,1120
8,465,train,Gao,465,Gao_0465,1121
8,466,train,Gao,466,Gao_0466,1122
8,467,train,Gao,467,Gao_0467,1123
8,468,train,Gao,468,Gao_0468,1124
8,469,train,Gao,469,Gao_0469,1125
8,470,train,Gao,470,Gao_0470,1126
8,471,train,Gao,471,Gao_0471,1127
8,472,validation,Gao,472,Gao_0472,1128
8,473,train,Gao,473,Gao_0473,1127
8,474,test,Gao,474,Gao_0474,1129
8,475,train,Gao,475,Gao_0475,1130
8,476,train,Gao,476,Gao_0476,1131
8,477,train,Gao,477,Gao_0477,1132
8,478,validation,Gao,478,Gao_0478,1133
8,479,train,Gao,479,Gao_0479,1134
8,480,test,Gao,480,Gao_0480,1135
8,481,train,Gao,481,Gao_0481,1136
8,482,test,Gao,482,Gao_0482,1137
8,483,train,Gao,483,Gao_0483,1138
8,484,train,Gao,484,Gao_0484,1139
8,485,validation,Gao,485,Gao_0485,1140
8,486,train,Gao,486,Gao_0486,1141
8,487,train,Gao,487,Gao_0487,1142
8,488,train,Gao,488,Gao_0488,1143
8,489,train,Gao,489,Gao_0489,1143
8,490,test,Gao,490,Gao_0490,1144
8,491,train,Gao,491,Gao_0491,1145
8,492,train,Gao,492,Gao_0492,1146
8,493,train,Gao,493,Gao_0493,1147
8,494,train,Gao,494,Gao_0494,1148
8,495,test,Gao,495,Gao_0495,1149
8,496,train,Gao,496,Gao_0496,1150
8,497,validation,Gao,497,Gao_0497,1151
8,498,train,Gao,498,Gao_0498,1152
8,499,train,Gao,499,Gao_0499,1153
8,500,test,Gao,500,Gao_0500,1154
8,501,train,Gao,501,Gao_0501,1155
8,502,train,Gao,502,Gao_0502,1156
8,503,train,Gao,503,Gao_0503,1157
8,504,validation,Gao,504,Gao_0504,1158
8,505,train,Gao,505,Gao_0505,1159
8,506,train,Gao,506,Gao_0506,1160
8,507,test,Gao,507,Gao_0507,1161
8,508,validation,Gao,508,Gao_0508,1162
8,509,test,Gao,509,Gao_0509,1163
8,510,train,Gao,510,Gao_0510,1164
8,511,test,Gao,511,Gao_0511,1165
8,512,train,Gao,512,Gao_0512,1166
8,513,train,Gao,513,Gao_0513,1167
8,514,train,Gao,514,Gao_0514,1168
8,515,train,Gao,515,Gao_0515,1169
8,516,train,Gao,516,Gao_0516,1170
8,517,train,Gao,517,Gao_0517,1171
8,518,train,Gao,518,Gao_0518,1172
8,519,train,Gao,519,Gao_0519,1173
8,520,train,Gao,520,Gao_0520,1174
8,521,train,Gao,521,Gao_0521,1175
8,522,test,Gao,522,Gao_0522,1176
8,523,train,Gao,523,Gao_0523,1177
8,524,train,Gao,524,Gao_0524,1178
8,525,train,Gao,525,Gao_0525,1179
8,526,train,Gao,526,Gao_0526,1180
8,527,train,Gao,527,Gao_0527,1181
8,528,train,Gao,528,Gao_0528,1182
8,529,validation,Gao,529,Gao_0529,1183
8,530,train,Gao,530,Gao_0530,1184
8,531,validation,Gao,531,Gao_0531,691
8,532,test,Gao,532,Gao_0532,1185
8,533,train,Gao,533,Gao_0533,1186
8,534,validation,Gao,534,Gao_0534,1187
9,0,train,Gao,0,Gao_0000,681
9,1,train,Gao,1,Gao_0001,682
9,2,test,Gao,2,Gao_0002,683
9,3,train,Gao,3,Gao_0003,684
9,4,train,Gao,4,Gao_0004,684
9,5,test,Gao,5,Gao_0005,685
9,6,validation,Gao,6,Gao_0006,686
9,7,train,Gao,7,Gao_0007,687
9,8,train,Gao,8,Gao_0008,687
9,9,train,Gao,9,Gao_0009,688
9,10,validation,Gao,10,Gao_0010,689
9,11,train,Gao,11,Gao_0011,690
9,12,train,Gao,12,Gao_0012,691
9,13,train,Gao,13,Gao_0013,692
9,14,train,Gao,14,Gao_0014,693
9,15,train,Gao,15,Gao_0015,694
9,16,train,Gao,16,Gao_0016,695
9,17,test,Gao,17,Gao_0017,696
9,18,train,Gao,18,Gao_0018,697
9,19,test,Gao,19,Gao_0019,698
9,20,test,Gao,20,Gao_0020,699
9,21,train,Gao,21,Gao_0021,700
9,22,train,Gao,22,Gao_0022,701
9,23,train,Gao,23,Gao_0023,702
9,24,train,Gao,24,Gao_0024,703
9,25,test,Gao,25,Gao_0025,704
9,26,train,Gao,26,Gao_0026,705
9,27,train,Gao,27,Gao_0027,706
9,28,train,Gao,28,Gao_0028,707
9,29,train,Gao,29,Gao_0029,708
9,30,validation,Gao,30,Gao_0030,709
9,31,train,Gao,31,Gao_0031,710
9,32,train,Gao,32,Gao_0032,711
9,33,test,Gao,33,Gao_0033,712
9,34,test,Gao,34,Gao_0034,713
9,35,train,Gao,35,Gao_0035,714
9,36,test,Gao,36,Gao_0036,715
9,37,validation,Gao,37,Gao_0037,716
9,38,train,Gao,38,Gao_0038,717
9,39,train,Gao,39,Gao_0039,718
9,40,train,Gao,40,Gao_0040,719
9,41,test,Gao,41,Gao_0041,720
9,42,train,Gao,42,Gao_0042,721
9,43,train,Gao,43,Gao_0043,722
9,44,validation,Gao,44,Gao_0044,723
9,45,validation,Gao,45,Gao_0045,724
9,46,train,Gao,46,Gao_0046,725
9,47,train,Gao,47,Gao_0047,726
9,48,train,Gao,48,Gao_0048,727
9,49,test,Gao,49,Gao_0049,728
9,50,train,Gao,50,Gao_0050,729
9,51,train,Gao,51,Gao_0051,730
9,52,test,Gao,52,Gao_0052,731
9,53,train,Gao,53,Gao_0053,732
9,54,train,Gao,54,Gao_0054,733
9,55,train,Gao,55,Gao_0055,734
9,56,train,Gao,56,Gao_0056,735
9,57,test,Gao,57,Gao_0057,736
9,58,validation,Gao,58,Gao_0058,737
9,59,test,Gao,59,Gao_0059,738
9,60,train,Gao,60,Gao_0060,739
9,61,train,Gao,61,Gao_0061,740
9,62,test,Gao,62,Gao_0062,741
9,63,train,Gao,63,Gao_0063,742
9,64,train,Gao,64,Gao_0064,743
9,65,train,Gao,65,Gao_0065,744
9,66,validation,Gao,66,Gao_0066,745
9,67,train,Gao,67,Gao_0067,746
9,68,train,Gao,68,Gao_0068,747
9,69,train,Gao,69,Gao_0069,748
9,70,validation,Gao,70,Gao_0070,749
9,71,train,Gao,71,Gao_0071,750
9,72,train,Gao,72,Gao_0072,751
9,73,train,Gao,73,Gao_0073,752
9,74,test,Gao,74,Gao_0074,753
9,75,train,Gao,75,Gao_0075,754
9,76,train,Gao,76,Gao_0076,755
9,77,validation,Gao,77,Gao_0077,756
9,78,train,Gao,78,Gao_0078,757
9,79,test,Gao,79,Gao_0079,758
9,80,train,Gao,80,Gao_0080,759
9,81,train,Gao,81,Gao_0081,760
9,82,test,Gao,82,Gao_0082,761
9,83,test,Gao,83,Gao_0083,762
9,84,train,Gao,84,Gao_0084,763
9,85,train,Gao,85,Gao_0085,764
9,86,train,Gao,86,Gao_0086,765
9,87,validation,Gao,87,Gao_0087,766
9,88,train,Gao,88,Gao_0088,767
9,89,validation,Gao,89,Gao_0089,768
9,90,validation,Gao,90,Gao_0090,768
9,91,test,Gao,91,Gao_0091,769
9,92,test,Gao,92,Gao_0092,770
9,93,test,Gao,93,Gao_0093,771
9,94,train,Gao,94,Gao_0094,772
9,95,train,Gao,95,Gao_0095,773
9,96,train,Gao,96,Gao_0096,774
9,97,train,Gao,97,Gao_0097,775
9,98,test,Gao,98,Gao_0098,776
9,99,train,Gao,99,Gao_0099,777
9,100,train,Gao,100,Gao_0100,778
9,101,test,Gao,101,Gao_0101,779
9,102,train,Gao,102,Gao_0102,780
9,103,train,Gao,103,Gao_0103,780
9,104,train,Gao,104,Gao_0104,780
9,105,train,Gao,105,Gao_0105,781
9,106,validation,Gao,106,Gao_0106,782
9,107,train,Gao,107,Gao_0107,783
9,108,train,Gao,108,Gao_0108,784
9,109,train,Gao,109,Gao_0109,785
9,110,test,Gao,110,Gao_0110,786
9,111,test,Gao,111,Gao_0111,787
9,112,train,Gao,112,Gao_0112,788
9,113,train,Gao,113,Gao_0113,789
9,114,test,Gao,114,Gao_0114,790
9,115,train,Gao,115,Gao_0115,791
9,116,train,Gao,116,Gao_0116,792
9,117,train,Gao,117,Gao_0117,793
9,118,train,Gao,118,Gao_0118,794
9,119,train,Gao,119,Gao_0119,795
9,120,train,Gao,120,Gao_0120,796
9,121,train,Gao,121,Gao_0121,797
9,122,train,Gao,122,Gao_0122,798
9,123,train,Gao,123,Gao_0123,799
9,124,train,Gao,124,Gao_0124,800
9,125,train,Gao,125,Gao_0125,801
9,126,train,Gao,126,Gao_0126,802
9,127,train,Gao,127,Gao_0127,803
9,128,train,Gao,128,Gao_0128,804
9,129,test,Gao,129,Gao_0129,805
9,130,test,Gao,130,Gao_0130,805
9,131,train,Gao,131,Gao_0131,806
9,132,train,Gao,132,Gao_0132,807
9,133,train,Gao,133,Gao_0133,808
9,134,train,Gao,134,Gao_0134,809
9,135,train,Gao,135,Gao_0135,810
9,136,train,Gao,136,Gao_0136,811
9,137,train,Gao,137,Gao_0137,812
9,138,train,Gao,138,Gao_0138,813
9,139,train,Gao,139,Gao_0139,814
9,140,train,Gao,140,Gao_0140,815
9,141,train,Gao,141,Gao_0141,816
9,142,train,Gao,142,Gao_0142,817
9,143,train,Gao,143,Gao_0143,818
9,144,test,Gao,144,Gao_0144,819
9,145,train,Gao,145,Gao_0145,820
9,146,train,Gao,146,Gao_0146,821
9,147,train,Gao,147,Gao_0147,822
9,148,train,Gao,148,Gao_0148,823
9,149,train,Gao,149,Gao_0149,824
9,150,train,Gao,150,Gao_0150,825
9,151,train,Gao,151,Gao_0151,826
9,152,test,Gao,152,Gao_0152,827
9,153,train,Gao,153,Gao_0153,828
9,154,train,Gao,154,Gao_0154,829
9,155,test,Gao,155,Gao_0155,830
9,156,train,Gao,156,Gao_0156,829
9,157,test,Gao,157,Gao_0157,831
9,158,train,Gao,158,Gao_0158,832
9,159,train,Gao,159,Gao_0159,833
9,160,train,Gao,160,Gao_0160,833
9,161,train,Gao,161,Gao_0161,834
9,162,train,Gao,162,Gao_0162,835
9,163,test,Gao,163,Gao_0163,836
9,164,train,Gao,164,Gao_0164,837
9,165,validation,Gao,165,Gao_0165,838
9,166,train,Gao,166,Gao_0166,839
9,167,test,Gao,167,Gao_0167,840
9,168,train,Gao,168,Gao_0168,841
9,169,train,Gao,169,Gao_0169,842
9,170,train,Gao,170,Gao_0170,842
9,171,train,Gao,171,Gao_0171,843
9,172,train,Gao,172,Gao_0172,844
9,173,train,Gao,173,Gao_0173,845
9,174,train,Gao,174,Gao_0174,846
9,175,test,Gao,175,Gao_0175,847
9,176,test,Gao,176,Gao_0176,848
9,177,train,Gao,177,Gao_0177,849
9,178,validation,Gao,178,Gao_0178,850
9,179,train,Gao,179,Gao_0179,851
9,180,train,Gao,180,Gao_0180,852
9,181,test,Gao,181,Gao_0181,853
9,182,train,Gao,182,Gao_0182,854
9,183,test,Gao,183,Gao_0183,855
9,184,train,Gao,184,Gao_0184,856
9,185,train,Gao,185,Gao_0185,857
9,186,train,Gao,186,Gao_0186,858
9,187,train,Gao,187,Gao_0187,859
9,188,train,Gao,188,Gao_0188,860
9,189,test,Gao,189,Gao_0189,861
9,190,train,Gao,190,Gao_0190,862
9,191,train,Gao,191,Gao_0191,863
9,192,train,Gao,192,Gao_0192,864
9,193,train,Gao,193,Gao_0193,865
9,194,train,Gao,194,Gao_0194,866
9,195,train,Gao,195,Gao_0195,867
9,196,train,Gao,196,Gao_0196,868
9,197,train,Gao,197,Gao_0197,869
9,198,validation,Gao,198,Gao_0198,870
9,199,train,Gao,199,Gao_0199,871
9,200,train,Gao,200,Gao_0200,872
9,201,train,Gao,201,Gao_0201,873
9,202,test,Gao,202,Gao_0202,874
9,203,train,Gao,203,Gao_0203,875
9,204,test,Gao,204,Gao_0204,876
9,205,train,Gao,205,Gao_0205,877
9,206,validation,Gao,206,Gao_0206,878
9,207,train,Gao,207,Gao_0207,879
9,208,train,Gao,208,Gao_0208,879
9,209,train,Gao,209,Gao_0209,880
9,210,train,Gao,210,Gao_0210,881
9,211,train,Gao,211,Gao_0211,882
9,212,train,Gao,212,Gao_0212,883
9,213,validation,Gao,213,Gao_0213,884
9,214,train,Gao,214,Gao_0214,885
9,215,train,Gao,215,Gao_0215,886
9,216,train,Gao,216,Gao_0216,887
9,217,train,Gao,217,Gao_0217,888
9,218,train,Gao,218,Gao_0218,889
9,219,validation,Gao,219,Gao_0219,890
9,220,train,Gao,220,Gao_0220,891
9,221,train,Gao,221,Gao_0221,690
9,222,train,Gao,222,Gao_0222,690
9,223,train,Gao,223,Gao_0223,690
9,224,validation,Gao,224,Gao_0224,892
9,225,test,Gao,225,Gao_0225,893
9,226,validation,Gao,226,Gao_0226,894
9,227,validation,Gao,227,Gao_0227,895
9,228,train,Gao,228,Gao_0228,896
9,229,test,Gao,229,Gao_0229,897
9,230,validation,Gao,230,Gao_0230,898
9,231,train,Gao,231,Gao_0231,899
9,232,train,Gao,232,Gao_0232,900
9,233,train,Gao,233,Gao_0233,901
9,234,train,Gao,234,Gao_0234,902
9,235,train,Gao,235,Gao_0235,903
9,236,train,Gao,236,Gao_0236,904
9,237,validation,Gao,237,Gao_0237,905
9,238,validation,Gao,238,Gao_0238,906
9,239,train,Gao,239,Gao_0239,907
9,240,validation,Gao,240,Gao_0240,908
9,241,validation,Gao,241,Gao_0241,909
9,242,test,Gao,242,Gao_0242,910
9,243,train,Gao,243,Gao_0243,911
9,244,train,Gao,244,Gao_0244,912
9,245,train,Gao,245,Gao_0245,913
9,246,train,Gao,246,Gao_0246,914
9,247,train,Gao,247,Gao_0247,915
9,248,train,Gao,248,Gao_0248,916
9,249,train,Gao,249,Gao_0249,917
9,250,train,Gao,250,Gao_0250,918
9,251,validation,Gao,251,Gao_0251,919
9,252,train,Gao,252,Gao_0252,920
9,253,train,Gao,253,Gao_0253,921
9,254,train,Gao,254,Gao_0254,922
9,255,test,Gao,255,Gao_0255,923
9,256,validation,Gao,256,Gao_0256,924
9,257,test,Gao,257,Gao_0257,925
9,258,train,Gao,258,Gao_0258,926
9,259,train,Gao,259,Gao_0259,927
9,260,train,Gao,260,Gao_0260,928
9,261,train,Gao,261,Gao_0261,929
9,262,train,Gao,262,Gao_0262,930
9,263,train,Gao,263,Gao_0263,931
9,264,train,Gao,264,Gao_0264,932
9,265,validation,Gao,265,Gao_0265,933
9,266,train,Gao,266,Gao_0266,934
9,267,validation,Gao,267,Gao_0267,909
9,268,test,Gao,268,Gao_0268,935
9,269,train,Gao,269,Gao_0269,936
9,270,train,Gao,270,Gao_0270,937
9,271,train,Gao,271,Gao_0271,938
9,272,train,Gao,272,Gao_0272,939
9,273,test,Gao,273,Gao_0273,940
9,274,train,Gao,274,Gao_0274,941
9,275,train,Gao,275,Gao_0275,942
9,276,train,Gao,276,Gao_0276,943
9,277,train,Gao,277,Gao_0277,944
9,278,train,Gao,278,Gao_0278,945
9,279,train,Gao,279,Gao_0279,811
9,280,train,Gao,280,Gao_0280,946
9,281,train,Gao,281,Gao_0281,947
9,282,test,Gao,282,Gao_0282,948
9,283,train,Gao,283,Gao_0283,949
9,284,train,Gao,284,Gao_0284,950
9,285,train,Gao,285,Gao_0285,951
9,286,test,Gao,286,Gao_0286,952
9,287,train,Gao,287,Gao_0287,953
9,288,train,Gao,288,Gao_0288,954
9,289,train,Gao,289,Gao_0289,954
9,290,train,Gao,290,Gao_0290,955
9,291,train,Gao,291,Gao_0291,956
9,292,train,Gao,292,Gao_0292,955
9,293,train,Gao,293,Gao_0293,956
9,294,train,Gao,294,Gao_0294,955
9,295,train,Gao,295,Gao_0295,956
9,296,train,Gao,296,Gao_0296,957
9,297,test,Gao,297,Gao_0297,958
9,298,train,Gao,298,Gao_0298,959
9,299,test,Gao,299,Gao_0299,960
9,300,test,Gao,300,Gao_0300,961
9,301,train,Gao,301,Gao_0301,962
9,302,test,Gao,302,Gao_0302,963
9,303,test,Gao,303,Gao_0303,964
9,304,train,Gao,304,Gao_0304,965
9,305,train,Gao,305,Gao_0305,966
9,306,train,Gao,306,Gao_0306,967
9,307,train,Gao,307,Gao_0307,968
9,308,test,Gao,308,Gao_0308,969
9,309,validation,Gao,309,Gao_0309,970
9,310,train,Gao,310,Gao_0310,971
9,311,train,Gao,311,Gao_0311,972
9,312,test,Gao,312,Gao_0312,973
9,313,test,Gao,313,Gao_0313,974
9,314,train,Gao,314,Gao_0314,975
9,315,train,Gao,315,Gao_0315,976
9,316,validation,Gao,316,Gao_0316,977
9,317,train,Gao,317,Gao_0317,978
9,318,train,Gao,318,Gao_0318,979
9,319,train,Gao,319,Gao_0319,980
9,320,train,Gao,320,Gao_0320,981
9,321,validation,Gao,321,Gao_0321,982
9,322,train,Gao,322,Gao_0322,983
9,323,train,Gao,323,Gao_0323,983
9,324,train,Gao,324,Gao_0324,984
9,325,train,Gao,325,Gao_0325,985
9,326,train,Gao,326,Gao_0326,985
9,327,train,Gao,327,Gao_0327,986
9,328,train,Gao,328,Gao_0328,987
9,329,train,Gao,329,Gao_0329,988
9,330,train,Gao,330,Gao_0330,989
9,331,train,Gao,331,Gao_0331,990
9,332,train,Gao,332,Gao_0332,991
9,333,train,Gao,333,Gao_0333,992
9,334,train,Gao,334,Gao_0334,993
9,335,train,Gao,335,Gao_0335,994
9,336,train,Gao,336,Gao_0336,995
9,337,train,Gao,337,Gao_0337,996
9,338,test,Gao,338,Gao_0338,997
9,339,test,Gao,339,Gao_0339,998
9,340,validation,Gao,340,Gao_0340,999
9,341,train,Gao,341,Gao_0341,1000
9,342,validation,Gao,342,Gao_0342,1001
9,343,test,Gao,343,Gao_0343,1002
9,344,test,Gao,344,Gao_0344,1003
9,345,test,Gao,345,Gao_0345,1004
9,346,train,Gao,346,Gao_0346,1005
9,347,test,Gao,347,Gao_0347,1006
9,348,train,Gao,348,Gao_0348,1007
9,349,test,Gao,349,Gao_0349,1008
9,350,train,Gao,350,Gao_0350,1009
9,351,train,Gao,351,Gao_0351,1010
9,352,train,Gao,352,Gao_0352,1011
9,353,train,Gao,353,Gao_0353,1012
9,354,train,Gao,354,Gao_0354,1013
9,355,train,Gao,355,Gao_0355,1014
9,356,train,Gao,356,Gao_0356,1015
9,357,train,Gao,357,Gao_0357,1015
9,358,test,Gao,358,Gao_0358,1016
9,359,validation,Gao,359,Gao_0359,1017
9,360,test,Gao,360,Gao_0360,1018
9,361,train,Gao,361,Gao_0361,1019
9,362,train,Gao,362,Gao_0362,1020
9,363,train,Gao,363,Gao_0363,1021
9,364,train,Gao,364,Gao_0364,1022
9,365,test,Gao,365,Gao_0365,1023
9,366,validation,Gao,366,Gao_0366,1024
9,367,test,Gao,367,Gao_0367,1025
9,368,train,Gao,368,Gao_0368,1026
9,369,train,Gao,369,Gao_0369,1027
9,370,train,Gao,370,Gao_0370,1028
9,371,validation,Gao,371,Gao_0371,1029
9,372,test,Gao,372,Gao_0372,1030
9,373,train,Gao,373,Gao_0373,1031
9,374,train,Gao,374,Gao_0374,1032
9,375,train,Gao,375,Gao_0375,1033
9,376,train,Gao,376,Gao_0376,1034
9,377,train,Gao,377,Gao_0377,1035
9,378,train,Gao,378,Gao_0378,1036
9,379,train,Gao,379,Gao_0379,1037
9,380,test,Gao,380,Gao_0380,1038
9,381,train,Gao,381,Gao_0381,1039
9,382,train,Gao,382,Gao_0382,1040
9,383,train,Gao,383,Gao_0383,1041
9,384,test,Gao,384,Gao_0384,1042
9,385,validation,Gao,385,Gao_0385,1043
9,386,train,Gao,386,Gao_0386,1044
9,387,train,Gao,387,Gao_0387,1045
9,388,test,Gao,388,Gao_0388,1046
9,389,train,Gao,389,Gao_0389,1047
9,390,train,Gao,390,Gao_0390,1048
9,391,train,Gao,391,Gao_0391,1049
9,392,test,Gao,392,Gao_0392,1050
9,393,train,Gao,393,Gao_0393,1051
9,394,train,Gao,394,Gao_0394,1052
9,395,train,Gao,395,Gao_0395,1053
9,396,test,Gao,396,Gao_0396,1054
9,397,train,Gao,397,Gao_0397,1055
9,398,train,Gao,398,Gao_0398,1056
9,399,train,Gao,399,Gao_0399,1057
9,400,train,Gao,400,Gao_0400,1058
9,401,train,Gao,401,Gao_0401,1059
9,402,train,Gao,402,Gao_0402,1060
9,403,train,Gao,403,Gao_0403,1061
9,404,test,Gao,404,Gao_0404,1062
9,405,train,Gao,405,Gao_0405,1063
9,406,train,Gao,406,Gao_0406,1064
9,407,train,Gao,407,Gao_0407,1065
9,408,train,Gao,408,Gao_0408,1066
9,409,test,Gao,409,Gao_0409,1067
9,410,test,Gao,410,Gao_0410,1068
9,411,validation,Gao,411,Gao_0411,1069
9,412,train,Gao,412,Gao_0412,1070
9,413,train,Gao,413,Gao_0413,1071
9,414,train,Gao,414,Gao_0414,1072
9,415,train,Gao,415,Gao_0415,1073
9,416,test,Gao,416,Gao_0416,1074
9,417,train,Gao,417,Gao_0417,1075
9,418,validation,Gao,418,Gao_0418,1076
9,419,validation,Gao,419,Gao_0419,1077
9,420,test,Gao,420,Gao_0420,1078
9,421,train,Gao,421,Gao_0421,1079
9,422,train,Gao,422,Gao_0422,1080
9,423,train,Gao,423,Gao_0423,1081
9,424,train,Gao,424,Gao_0424,1082
9,425,train,Gao,425,Gao_0425,1083
9,426,train,Gao,426,Gao_0426,1084
9,427,train,Gao,427,Gao_0427,1085
9,428,train,Gao,428,Gao_0428,1086
9,429,train,Gao,429,Gao_0429,1087
9,430,train,Gao,430,Gao_0430,1088
9,431,train,Gao,431,Gao_0431,1089
9,432,train,Gao,432,Gao_0432,1090
9,433,test,Gao,433,Gao_0433,1091
9,434,test,Gao,434,Gao_0434,1092
9,435,test,Gao,435,Gao_0435,1093
9,436,train,Gao,436,Gao_0436,1094
9,437,train,Gao,437,Gao_0437,1095
9,438,train,Gao,438,Gao_0438,1096
9,439,test,Gao,439,Gao_0439,1097
9,440,train,Gao,440,Gao_0440,1098
9,441,train,Gao,441,Gao_0441,1099
9,442,test,Gao,442,Gao_0442,1100
9,443,train,Gao,443,Gao_0443,1101
9,444,train,Gao,444,Gao_0444,803
9,445,train,Gao,445,Gao_0445,803
9,446,train,Gao,446,Gao_0446,1102
9,447,train,Gao,447,Gao_0447,1103
9,448,train,Gao,448,Gao_0448,1104
9,449,train,Gao,449,Gao_0449,1105
9,450,test,Gao,450,Gao_0450,1106
9,451,train,Gao,451,Gao_0451,1107
9,452,train,Gao,452,Gao_0452,1108
9,453,validation,Gao,453,Gao_0453,1109
9,454,test,Gao,454,Gao_0454,1110
9,455,test,Gao,455,Gao_0455,1111
9,456,test,Gao,456,Gao_0456,1112
9,457,train,Gao,457,Gao_0457,1113
9,458,train,Gao,458,Gao_0458,1114
9,459,train,Gao,459,Gao_0459,1115
9,460,train,Gao,460,Gao_0460,1116
9,461,train,Gao,461,Gao_0461,1117
9,462,train,Gao,462,Gao_0462,1118
9,463,train,Gao,463,Gao_0463,1119
9,464,test,Gao,464,Gao_0464,1120
9,465,train,Gao,465,Gao_0465,1121
9,466,test,Gao,466,Gao_0466,1122
9,467,train,Gao,467,Gao_0467,1123
9,468,train,Gao,468,Gao_0468,1124
9,469,train,Gao,469,Gao_0469,1125
9,470,train,Gao,470,Gao_0470,1126
9,471,test,Gao,471,Gao_0471,1127
9,472,validation,Gao,472,Gao_0472,1128
9,473,test,Gao,473,Gao_0473,1127
9,474,validation,Gao,474,Gao_0474,1129
9,475,train,Gao,475,Gao_0475,1130
9,476,test,Gao,476,Gao_0476,1131
9,477,train,Gao,477,Gao_0477,1132
9,478,test,Gao,478,Gao_0478,1133
9,479,train,Gao,479,Gao_0479,1134
9,480,train,Gao,480,Gao_0480,1135
9,481,train,Gao,481,Gao_0481,1136
9,482,train,Gao,482,Gao_0482,1137
9,483,test,Gao,483,Gao_0483,1138
9,484,train,Gao,484,Gao_0484,1139
9,485,train,Gao,485,Gao_0485,1140
9,486,train,Gao,486,Gao_0486,1141
9,487,test,Gao,487,Gao_0487,1142
9,488,train,Gao,488,Gao_0488,1143
9,489,train,Gao,489,Gao_0489,1143
9,490,validation,Gao,490,Gao_0490,1144
9,491,test,Gao,491,Gao_0491,1145
9,492,train,Gao,492,Gao_0492,1146
9,493,train,Gao,493,Gao_0493,1147
9,494,train,Gao,494,Gao_0494,1148
9,495,train,Gao,495,Gao_0495,1149
9,496,train,Gao,496,Gao_0496,1150
9,497,train,Gao,497,Gao_0497,1151
9,498,validation,Gao,498,Gao_0498,1152
9,499,train,Gao,499,Gao_0499,1153
9,500,validation,Gao,500,Gao_0500,1154
9,501,train,Gao,501,Gao_0501,1155
9,502,train,Gao,502,Gao_0502,1156
9,503,train,Gao,503,Gao_0503,1157
9,504,train,Gao,504,Gao_0504,1158
9,505,train,Gao,505,Gao_0505,1159
9,506,train,Gao,506,Gao_0506,1160
9,507,train,Gao,507,Gao_0507,1161
9,508,train,Gao,508,Gao_0508,1162
9,509,test,Gao,509,Gao_0509,1163
9,510,train,Gao,510,Gao_0510,1164
9,511,train,Gao,511,Gao_0511,1165
9,512,train,Gao,512,Gao_0512,1166
9,513,train,Gao,513,Gao_0513,1167
9,514,train,Gao,514,Gao_0514,1168
9,515,train,Gao,515,Gao_0515,1169
9,516,validation,Gao,516,Gao_0516,1170
9,517,train,Gao,517,Gao_0517,1171
9,518,train,Gao,518,Gao_0518,1172
9,519,test,Gao,519,Gao_0519,1173
9,520,train,Gao,520,Gao_0520,1174
9,521,train,Gao,521,Gao_0521,1175
9,522,train,Gao,522,Gao_0522,1176
9,523,train,Gao,523,Gao_0523,1177
9,524,test,Gao,524,Gao_0524,1178
9,525,train,Gao,525,Gao_0525,1179
9,526,train,Gao,526,Gao_0526,1180
9,527,validation,Gao,527,Gao_0527,1181
9,528,train,Gao,528,Gao_0528,1182
9,529,train,Gao,529,Gao_0529,1183
9,530,validation,Gao,530,Gao_0530,1184
9,531,train,Gao,531,Gao_0531,691
9,532,test,Gao,532,Gao_0532,1185
9,533,train,Gao,533,Gao_0533,1186
9,534,test,Gao,534,Gao_0534,1187
