split_seed,array_index,partition,source,source_row,pair_key,safe_any_encoding_group_id
12,0,train,in-house,0,FC(C=C1C(C2=C3SC=C2)=C4SC(C5=C(CC(CCCCCC)CCCC)C=C(C6=CC7=C(S6)C8=C(C=C(S8)C9=CC(CC(CCCCCC)CCCC)=C(S9)C)C%10=NSN=C7%10)S5)=CC4=C3C%11=CC(F)=C(S%11)CC(CCCC)CC)=C(S1)CC(CC)CCCC||O=C(C/1=C\C2=C(C3=C(S2)C(N4C5=CC=C(CCCCCC)C=C5)=C(C6=C4C7=C(C8=NSN=C68)C(SC9=C%10SC(/C=C%11C(C%12=CC(F)=C(C=C%12C\%11=C(C#N)/C#N)F)=O)=C9CCCCCCCCCCC)=C%10N7C%13=CC=C(CCCCCC)C=C%13)S3)CCCCCCCCCCC)C%14=CC(F)=C(F)C=C%14C1=C(C#N)/C#N,0
12,1,train,in-house,1,O=C1C2=C(CC(CC)CCCC)SC(CC(CC)CCCC)=C2C(C3=C(C4=CC=C(C5=CC(C(C6=CC(F)=C(CC(CC)CCCC)S6)=C(SC=C7)C7=C8C9=CC(F)=C(CC(CC)CCCC)S9)=C8S5)S4)SC(C%10=CC=CS%10)=C31)=O||O=C(C/1=C\C2=C(C3=C(S2)C(N4C5=CC=C(CCCCCC)C=C5)=C(C6=C4C7=C(C8=NSN=C68)C(SC9=C%10SC(/C=C%11C(C%12=CC(F)=C(C=C%12C\%11=C(C#N)/C#N)F)=O)=C9CCCCCCCCCCC)=C%10N7C%13=CC=C(CCCCCC)C=C%13)S3)CCCCCCCCCCC)C%14=CC(F)=C(F)C=C%14C1=C(C#N)/C#N,1
12,2,train,in-house,2,O=C1C2=C(CC(CC)CCCC)SC(CC(CC)CCCC)=C2C(C3=C(C4=CC=C(C5=CC(C(C6=CC(F)=C(CC(CC)CCCC)S6)=C(SC=C7)C7=C8C9=CC(F)=C(CC(CC)CCCC)S9)=C8S5)S4)SC(C%10=CC=CS%10)=C31)=O||ClC1=CC2=C(C(C(/C2=C(C#N)\C#N)=C\C3=C(CCCCCCCCC)C4=C(C(N(CC(CCCCCC)CCCC)C5=C6C7=NSN=C7C8=C5N(CC(CCCCCC)CCCC)C9=C8SC%10=C9SC(/C=C(C%11=O)/C(C%12=C%11C=C(Cl)C(Cl)=C%12)=C(C#N)\C#N)=C%10CCCCCCCCC)=C6S4)S3)=O)C=C1Cl,2
12,3,train,in-house,3,FC1=C(F)C=C(N=C(OCC(CCCCCC)CCCCCCCC)C=N2)C2=C1C3=CC=CS3||FC1=CC2=C(C(/C(C2=O)=C/C3=C(C4=CC=C(CCCCCC)C=C4)C5=C(S3)C6=C(S5)C7=C(N6CC(CC)CCCC)C(N8CC(CC)CCCC)=C(C9=C8C%10=C(S9)C(C%11=CC=C(CCCCCC)C=C%11)=C(S%10)/C=C%12/C(C%13=C(C%12=O)C=C(F)C(F)=C%13)=C(C#N)\C#N)C%14=NSN=C7%14)=C(C#N)/C#N)C=C1F,3
12,4,train,in-house,4,O=C1C2=C(CC(CC)CCCC)SC(CC(CC)CCCC)=C2C(C3=C(C4=CC=C(C5=CC(C(C6=CC(F)=C(CC(CC)CCCC)S6)=C(SC=C7)C7=C8C9=CC(F)=C(CC(CC)CCCC)S9)=C8S5)S4)SC(C%10=CC=CS%10)=C31)=O||CCCCCCC(CCCC)CC1=C(/C=C(C2=O)/C(C3=C2C=CC(F)=C3)=C([N+]#[C-])/[N+]#[C-])SC4=C1SC5=C4N(CC(CCCC)CC)C6=C5C7=NSN=C7C8=C6N(CC(CCCC)CC)C9=C8SC%10=C9SC(/C=C(C%11=O)/C(C%12=C%11C=CC(F)=C%12)=C(C#N)\C#N)=C%10CC(CCCCCC)CCCC,4
12,5,train,in-house,5,FC1=C(F)C=C(N=C(OCC(CCCCCC)CCCCCCCC)C=N2)C2=C1C3=CC=CS3||FC1=CC2=C(C=C1F)C(/C(C2=O)=C/C3=C(C4=C(C5=C(C(C6=NSN=C6C(C7=C8C9=C(C(C%10=CC=C(CCCCCCCC)S%10)=C(/C=C%11/C(C(C=C(C(F)=C%12)F)=C%12C%11=O)=C(C#N)\C#N)S9)S7)=C%13N8CC(CCCC)CC)=C%13N5CC(CCCC)CC)S4)S3)C%14=CC=C(CCCCCCCC)S%14)=C(C#N)\C#N,5
12,6,train,in-house,6,FC1=C(F)C=C(N=C(OCC(CCCCCC)CCCCCCCC)C=N2)C2=C1C3=CC=CS3||O=C(C/1=C\C2=C(C3=C(S2)C(N4C5=CC=C(CCCCCC)C=C5)=C(C6=C4C7=C(C8=NSN=C68)C(SC9=C%10SC(/C=C%11C(C%12=CC(F)=C(C=C%12C\%11=C(C#N)/C#N)F)=O)=C9CCCCCCCCCCC)=C%10N7C%13=CC=C(CCCCCC)C=C%13)S3)CCCCCCCCCCC)C%14=CC(F)=C(F)C=C%14C1=C(C#N)/C#N,6
12,7,test,in-house,7,FC(C=C(C1=C2SC=CC2=C(C3=CC(F)=C(CC(CCCC)CC)S3)C4=C1C=C(C5=CC=C(C6=C(C(C(C7=C(CC(CCCC)CC)SC(CC(CC)CCCC)=C78)=O)=C(C9=CC=CC9)S6)C8=O)S5)S4)S%10)=C%10CC(CC)CCCC||O=C(C(/C1=C(C#N)/C#N)=C\C2=C(CCCCCCCCCCC)C3=C(C(N(CCCCCCCC)C4=C5C6=NSN=C6C7=C4N(C8=C7SC9=C8SC(/C=C(C%10=O)/C(C%11=C%10C=C(C(Cl)=C%11)Cl)=C(C#N)\C#N)=C9CCCCCCCCCCC)CCCCCCCC)=C5S3)S2)C%12=C1C=C(Cl)C(Cl)=C%12,7
12,8,train,in-house,8,FC(C=C(C1=C2SC=CC2=C(C3=CC(F)=C(CC(CCCC)CC)S3)C4=C1C=C(C5=CC=C(C6=C(C(C(C7=C(CC(CCCC)CC)SC(CC(CC)CCCC)=C78)=O)=C(C9=CC=CC9)S6)C8=O)S5)S4)S%10)=C%10CC(CC)CCCC||O=C(C(C=C(F)C(F)=C1)=C1C/2=C(C#N)/C#N)C2=C/C3=C(CCCCCCCCCCC)C(SC4=C5N(C6=C4C7=NSN=C7C8=C6N(CCCCCCCCCCCC)C9=C8SC%10=C9SC(/C=C%11C(C%12=C(C=C(F)C(F)=C%12)C\%11=C(C#N)/C#N)=O)=C%10CCCCCCCCCCC)CCCCCCCCCCCC)=C5S3,8
12,9,test,in-house,9,FC1=C(F)C=C(N=C(OCC(CCCCCC)CCCCCCCC)C=N2)C2=C1C3=CC=CS3||CCCCCCCCCCCC(C(SC(C1=C2C3=C(C4=C(N3CC(CCCC)CC)C5=C(C(CCCCCCCCCCC)=C(S5)/C=C6C(C(C=C(C(F)=C7)F)=C7C\6=C(C#N)\C#N)=O)S4)C8=NSN=C18)=C9N2CC(CCCC)CC)=C9S%10)=C%10/C=C%11C(C(C=C(C(F)=C%12)F)=C%12C\%11=C(C#N)/C#N)=O,9
12,10,test,in-house,10,O=C1C2=C(CC(CC)CCCC)SC(CC(CC)CCCC)=C2C(C3=C(C4=CC=C(C5=CC(C(C6=CC(F)=C(CC(CC)CCCC)S6)=C(SC=C7)C7=C8C9=CC(F)=C(CC(CC)CCCC)S9)=C8S5)S4)SC(C%10=CC=CS%10)=C31)=O||CCCCC(CN1N=C2C3=C(C4=C(C5=C(N4CC(CCCC)CC)C6=C(C(CCCCCC)=C(S6)/C=C7C(C(C=C(F)C(F)=C8)=C8C\7=C(C#N)\C#N)=O)S5)C2=N1)N(CC(CCCC)CC)C9=C3SC%10=C9SC(/C=C%11C(C%12=C(C=C(F)C(F)=C%12)C\%11=C(C#N)/C#N)=O)=C%10CCCCCC)CC,10
12,11,train,in-house,11,CC(C(F)=C(C(C1=CC=C(S1)C)=C2N=C3[Mg])F)=C2N=C3OCC(CCCCCC)CCCCCCCC||O=C(C1=CC=CC=C1C/2=C(C#N)\C#N)C2=C/C3=C(CCCCCCCCCCC)C(SC(C4=C5C6=C(C7=C(N6CC(CC)CCCC)C8=C(C(CCCCCCCCCCC)=C(S8)/C=C9C(C(C=CC=C%10)=C%10C\9=C(C#N)\C#N)=O)S7)C%11=NSN=C4%11)=C%12N5CC(CC)CCCC)=C%12S3,11
12,12,train,in-house,12,O=C1C2=C(CC(CC)CCCC)SC(CC(CC)CCCC)=C2C(C3=C(C4=CC=C(C5=CC(C(C6=CC(F)=C(CC(CC)CCCC)S6)=C(SC=C7)C7=C8C9=CC(F)=C(CC(CC)CCCC)S9)=C8S5)S4)SC(C%10=CC=CS%10)=C31)=O||O=C(C1=CC=CC=C1C/2=C(C#N)\C#N)C2=C/C3=C(CCCCCCCCCCC)C(SC(C4=C5C6=C(C7=C(N6CC(CC)CCCC)C8=C(C(CCCCCCCCCCC)=C(S8)/C=C9C(C(C=CC=C%10)=C%10C\9=C(C#N)\C#N)=O)S7)C%11=NSN=C4%11)=C%12N5CC(CC)CCCC)=C%12S3,12
12,13,test,in-house,13,O=C1C2=C(CC(CC)CCCC)SC(CC(CC)CCCC)=C2C(C3=C(C4=CC=C(C5=CC(C(C6=CC(F)=C(CC(CC)CCCC)S6)=C(SC=C7)C7=C8C9=CC(F)=C(CC(CC)CCCC)S9)=C8S5)S4)SC(C%10=CC=CS%10)=C31)=O||CCC(CN1N=C2C3=C(C4=C(C5=C(N4CC(CCCC)CC)C(SC(/C=C6/C(C7=C(C6=O)C=C(C(F)=C7)F)=C(C#N)/C#N)=C8CCCCCC)=C8S5)C2=N1)N(CC(CCCC)CC)C9=C3SC%10=C9SC(/C=C%11C(C%12=C(C=C(F)C(F)=C%12)C\%11=C(C#N)\C#N)=O)=C%10CCCCCC)CCCC,10
12,14,train,in-house,14,FC(C=C(C1=C2SC=CC2=C(C3=CC(F)=C(CC(CCCC)CC)S3)C4=C1C=C(C5=CC=C(C6=C(C(C(C7=C(CC(CCCC)CC)SC(CC(CC)CCCC)=C78)=O)=C(C9=CC=CC9)S6)C8=O)S5)S4)S%10)=C%10CC(CC)CCCC||O=C(C(C=CC(Br)=C1)=C1C/2=C(C#N)/C#N)C2=C/C3=C(CCCCCCCCCCC)C(SC(C4=C5C6=C(C7=C(N6CCCCCCCC)C8=C(C(CCCCCCCCCCC)=C(S8)/C=C9C(C%10=C(C=CC(Br)=C%10)C\9=C(C#N)/C#N)=O)S7)C%11=NSN=C%114)=C%12N5CCCCCCCC)=C%12S3,13
12,15,train,in-house,15,CC1=CC(B(N2CC(CCCCCCCC)CCCCCC)C3=CC=CC=C3)=C(S1)C(C=C4N(B5C6=CC=CC=C6)CC(CCCCCC)CCCCCCCC)=C2C=C4C(S7)=C5C=C7C8=CC=C(C9=C%10C(C(C%11=C(SC(CC(CCCC)CC)C%11C%10=O)CC(CC)CCCC)=O)=C(S9)C%12=CC=C(C)S%12)S8||O=C(C1=C(C=C(F)C(F)=C1)C/2=C(C#N)\C#N)C2=C/C3=C(CCCCCCCCCCC)C(SC(C4=C5C6=C(C7=C(N6CC(CCCC)CCCCCC)C8=C(C(CCCCCCCCCCC)=C(S8)/C=C9C(C(C=C(F)C(F)=C%10)=C%10C\9=C(C#N)\C#N)=O)S7)C%11=NSN=C4%11)=C%12N5CC(CCCCCC)CCCC)=C%12S3,14
12,16,train,in-house,16,[F]C1=C(CC)SC(C2=C3C(C=C(C)C3)C(C4=CC([F])=C(S4)CC)=C5SC(C6=CC=C(S6)C7=C(C(C8=C(SC(CC)=C8C9=O)CC)=O)C9=C(C%10=CC=C(S%10)C)S7)=CC25)=C1||O=C(C/1=C\C2=C(C3=C(S2)C(N4C5=CC=C(CCCCCC)C=C5)=C(C6=C4C7=C(C8=NSN=C68)C(SC9=C%10SC(/C=C%11C(C%12=CC(F)=C(C=C%12C\%11=C(C#N)/C#N)F)=O)=C9CCCCCCCCCCC)=C%10N7C%13=CC=C(CCCCCC)C=C%13)S3)CCCCCCCCCCC)C%14=CC(F)=C(F)C=C%14C1=C(C#N)/C#N,15
12,17,test,in-house,17,O=C1C2=C(CC(CC)CCCC)SC(CC(CC)CCCC)=C2C(C3=C(C4=CC=C(C5=CC(C(C6=CC(F)=C(CC(CC)CCCC)S6)=C(SC=C7)C7=C8C9=CC(F)=C(CC(CC)CCCC)S9)=C8S5)S4)SC(C%10=CC=CS%10)=C31)=O||O=C(C1=C(C=C(F)C(F)=C1)C/2=C(C#N)\C#N)C2=C/C3=C(CCCCCCCCCCC)C(SC(C4=C5C6=C(C7=C(N6CC(CCCC)CCCCCC)C8=C(C(CCCCCCCCCCC)=C(S8)/C=C9C(C(C=C(F)C(F)=C%10)=C%10C\9=C(C#N)\C#N)=O)S7)C%11=NSN=C4%11)=C%12N5CC(CCCCCC)CCCC)=C%12S3,16
12,18,train,in-house,18,CC1=CC=C(S1)C2=C3C(C(N(C3=O)CCCCCCCC)=O)=C(C4=NN(N=C24)CCC(CC)CCCC)C5=CC=C(S5)C6=CC7=C(C8=C(C(C9=CC(F)=C(C(F)=C9)CC(CC)CCCC)=C7S6)C=C(C)S8)C%10=CC(F)=C(C(F)=C%10)CC(CC)CCCC||O=C(C/1=C\C2=C(C3=C(S2)C(N4C5=CC=C(CCCCCC)C=C5)=C(C6=C4C7=C(C8=NSN=C68)C(SC9=C%10SC(/C=C%11C(C%12=CC(F)=C(C=C%12C\%11=C(C#N)/C#N)F)=O)=C9CCCCCCCCCCC)=C%10N7C%13=CC=C(CCCCCC)C=C%13)S3)CCCCCCCCCCC)C%14=CC(F)=C(F)C=C%14C1=C(C#N)/C#N,17
12,19,test,in-house,19,O=C1C2=C(CC(CC)CCCC)SC(CC(CC)CCCC)=C2C(C3=C(C4=CC=C(C5=CC(C(C6=CC(F)=C(CC(CC)CCCC)S6)=C(SC=C7)C7=C8C9=CC(F)=C(CC(CC)CCCC)S9)=C8S5)S4)SC(C%10=CC=CS%10)=C31)=O||CCCCC(CN1N=C2C3=C(C4=C(C5=C(N4CC(CCCC)CC)C6=C(C(CCCCCCCCCCC)=C(S6)/C=C7C(C(C=C(F)C(F)=C8)=C8C\7=C(C#N)\C#N)=O)S5)C2=N1)N(CC(CCCC)CC)C9=C3SC%10=C9SC(/C=C%11C(C%12=C(C=C(F)C(F)=C%12)C\%11=C(C#N)/C#N)=O)=C%10CCCCCCCCCCC)CC,10
12,20,train,in-house,20,FC(C=C(C1=C2SC=CC2=C(C3=CC(F)=C(CC(CCCC)CC)S3)C4=C1C=C(C5=CC=C(C6=C(C(C(C7=C(CC(CCCC)CC)SC(CC(CC)CCCC)=C78)=O)=C(C9=CC=CC9)S6)C8=O)S5)S4)S%10)=C%10CC(CC)CCCC||O=C(C(/C1=C(C#N)/C#N)=C\C2=C(CCCCCCCCCCC)C3=C(C(N(CCCCCCCC)C4=C5C6=NSN=C6C7=C4N(C8=C7SC9=C8SC(/C=C(C%10=O)/C(C%11=C%10C=C(C(F)=C%11)F)=C(C#N)\C#N)=C9CCCCCCCCCCC)CCCCCCCC)=C5S3)S2)C%12=C1C=C(F)C(F)=C%12,8
12,21,train,in-house,21,[F]C1=C(CC)SC(C2=C3C(C=C(C)C3)C(C4=CC([F])=C(S4)CC)=C5SC(C6=CC=C(S6)C7=C(C(C8=C(SC(CC)=C8C9=O)CC)=O)C9=C(C%10=CC=C(S%10)C)S7)=CC25)=C1||O=C(C(/C1=C(C#N)/C#N)=C\C2=C(CCCCCCCCCCC)C3=C(C(N(CCCCCCCC)C4=C5C6=NSN=C6C7=C4N(C8=C7SC9=C8SC(/C=C(C%10=O)/C(C%11=C%10C=C(C(F)=C%11)F)=C(C#N)\C#N)=C9CCCCCCCCCCC)CCCCCCCC)=C5S3)S2)C%12=C1C=C(F)C(F)=C%12,18
12,22,train,in-house,23,S=C(N(C/1=O)CCCC)SC1=C/C(S2)=CC=C2C(S3)=C(CCCCCC)C=C3C(S4)=C(CCCCCC)C=C4C5=CC(C(S5)=C(C6=C7SC(C8=CC(CCCCCC)=C(S8)C9=CC(CCCCCC)=C(C%10=CC=C(S%10)/C=C%11SC(N(CCCC)C\%11=O)=S)S9)=C6)C%12=CC=C(C=C%12)SCC(CCCC)CC)=C7C(C=C%13)=CC=C%13SCC(CCCC)CC||O=C(C(C=C(C(Cl)=C1)Cl)=C1C/2=C(C#N)\C#N)C2=C/C3=C(CCCCCCCCCCC)C(SC4=C5N(CCC(CCCC)CCCCCC)C6=C4C7=NSN=C7C8=C6N(CCC(CCCC)CCCCCC)C9=C8SC%10=C9SC(/C=C%11C(C(C=C(C(Cl)=C%12)Cl)=C%12C\%11=C(C#N)\C#N)=O)=C%10CCCCCCCCCCC)=C5S3,19
12,23,train,in-house,24,FC(C=C(C1=C2SC=CC2=C(C3=CC(F)=C(CC(CCCC)CC)S3)C4=C1C=C(C5=CC=C(C6=C(C(C(C7=C(CC(CCCC)CC)SC(CC(CC)CCCC)=C78)=O)=C(C9=CC=CC9)S6)C8=O)S5)S4)S%10)=C%10CC(CC)CCCC||O=C(C(C=C(F)C(F)=C1)=C1C/2=C(C#N)/C#N)C2=C/C3=C(CCCCCCCCCCC)C(SC4=C5N(C6=C4C7=NSN=C7C8=C6N(CCCCCCCC)C9=C8SC%10=C9SC(/C=C%11C(C%12=C(C=C(F)C(F)=C%12)C\%11=C(C#N)/C#N)=O)=C%10CCCCCCCCCCC)CCCCCCCC)=C5S3,8
12,24,train,in-house,25,FC(C=C(C1=C2SC=CC2=C(C3=CC(F)=C(CC(CCCC)CC)S3)C4=C1C=C(C5=CC=C(C6=C(C(C(C7=C(CC(CCCC)CC)SC(CC(CC)CCCC)=C78)=O)=C(C9=CC=CC9)S6)C8=O)S5)S4)S%10)=C%10CC(CC)CCCC||O=C(C/1=C\C2=C(C3=C(S2)C(N4C5=CC=C(CCCCCC)C=C5)=C(C6=C4C7=C(C8=NSN=C68)C(SC9=C%10SC(/C=C%11C(C%12=CC(F)=C(C=C%12C\%11=C(C#N)/C#N)F)=O)=C9CCCCCCCCCCC)=C%10N7C%13=CC=C(CCCCCC)C=C%13)S3)CCCCCCCCCCC)C%14=CC(F)=C(F)C=C%14C1=C(C#N)/C#N,20
12,25,train,in-house,26,O=C(C1=C(SC(C2=CC=C(S2)C3=CC(C(C4=CC(F)=C(S4)SCCCCCCCC)=C5SC(C)=CC5=C6C7=CC(F)=C(S7)SCCCCCCCC)=C6S3)=C18)C9=CC=C(S9)C)C%10=C(SC(CCCCCCCC)=C%10C8=O)CCCCCCCC||O=C(C/1=C\C2=C(C3=C(S2)C(N4C5=CC=C(CCCCCC)C=C5)=C(C6=C4C7=C(C8=NSN=C68)C(SC9=C%10SC(/C=C%11C(C%12=CC(F)=C(C=C%12C\%11=C(C#N)/C#N)F)=O)=C9CCCCCCCCCCC)=C%10N7C%13=CC=C(CCCCCC)C=C%13)S3)CCCCCCCCCCC)C%14=CC(F)=C(F)C=C%14C1=C(C#N)/C#N,21
12,26,test,in-house,27,O=C1C2=C(CC(CC)CCCC)SC(CC(CC)CCCC)=C2C(C3=C(C4=CC=C(C5=CC(C(C6=CC(F)=C(CC(CC)CCCC)S6)=C(SC=C7)C7=C8C9=CC(F)=C(CC(CC)CCCC)S9)=C8S5)S4)SC(C%10=CC=CS%10)=C31)=O||CCC(CN1N=C2C3=C(C4=C(C5=C(N4CC(CCCC)CC)C(SC(/C=C6/C(C7=C(C6=O)C=C(C(F)=C7)F)=C(C#N)/C#N)=C8CCCCCC)=C8S5)C2=N1)N(CC(CCCC)CC)C9=C3SC(/C=C%10C(C(C=C(F)C(F)=C%11)=C%11C\%10=C(C#N)/C#N)=O)=C9CCCCCC)CCCC,22
12,27,train,in-house,28,CC(S1)=CC=C1C(C(C(C(C(S2)=CC=C2C3=CC4=C(C5=CC(Cl)=C(CC(CCCC)CC)S5)C6=C(C=C(C)S6)C(C7=CC(Cl)=C(CC(CC)CCCC)C7)=C4S3)=C8C9=O)=N%10)=NN%10CCC(CCCC)CC)=C8C(N9CCCCCCCC)=O||O=C(C/1=C\C2=C(C3=C(S2)C(N4C5=CC=C(CCCCCC)C=C5)=C(C6=C4C7=C(C8=NSN=C68)C(SC9=C%10SC(/C=C%11C(C%12=CC(F)=C(C=C%12C\%11=C(C#N)/C#N)F)=O)=C9CCCCCCCCCCC)=C%10N7C%13=CC=C(CCCCCC)C=C%13)S3)CCCCCCCCCCC)C%14=CC(F)=C(F)C=C%14C1=C(C#N)/C#N,23
12,28,train,in-house,29,O=C1C2=C(CC(CC)CCCC)SC(CC(CC)CCCC)=C2C(C3=C(C4=CC=C(C5=CC(C(C6=CC(F)=C(CC(CC)CCCC)S6)=C(SC=C7)C7=C8C9=CC(F)=C(CC(CC)CCCC)S9)=C8S5)S4)SC(C%10=CC=CS%10)=C31)=O||[F]C1=CC2=C(C(/C(C2=O)=C/C3=CC4=C(C5=C(N4C(CCCCCC)CCCC)C6=C(C(OCC(CCCC)CC)=C7C8=C(C9=C(N8CC(CCCCCC)CCCC)C=C(/C=C%10C(C%11=CC([F])=C(C=C%11C\%10=C(C#N)\C#N)[F])=O)S9)SC7=C6OCC(CCCC)CC)S5)S3)=C(C#N)\C#N)C=C1[F],24
12,29,validation,in-house,30,O=C1C2=C(CC(CC)CCCC)SC(CC(CC)CCCC)=C2C(C3=C(C4=CC=C(C5=CC(C(C6=CC(F)=C(CC(CC)CCCC)S6)=C(SC=C7)C7=C8C9=CC(F)=C(CC(CC)CCCC)S9)=C8S5)S4)SC(C%10=CC=CS%10)=C31)=O||O=C1C2=C(C=C(C(Cl)=C2)Cl)C(/C1=C/C(SC3=C4N(CC(CCCCCC)CCCC)C5=C3C6=NSN=C6C7=C5N(CC(CCCCCC)CCCC)C8=C7SC9=C8N(CC(CCCC)CC)C%10=C9SC(/C=C%11/C(C(C=C(Cl)C(Cl)=C%12)=C%12C%11=O)=C(C#N)/C#N)=C%10)=C4CCCCCCCC)=C(C#N)/[N+]#[C-],25
12,30,validation,in-house,31,CC1=CC(C(C2=CC(F)=C(S2)CC(CC)CCCC)=C3SC(C4=CC=C(S4)C5=C(C(C6=C(SC(CC(CCCC)CC)=C6C7=O)CC(CC)CCCC)=O)C7=C(C8=CC=C(S8)C)S5)=CC3=C9C%10=CC(F)=C(S%10)CC(CCCC)CC)=C9S1||O=C(C1=CC(F)=C(C=C1C/2=C(C#N)\C#N)F)C2=C/C3=CC(SC(C4=C5C6=C(C7=C(N6CC(CCC)CCCC)C8=C(C=C(S8)/C=C9C(C%10=CC(F)=C(C=C%10C\9=C(C#N)\C#N)F)=O)S7)C%11=NN(N=C4%11)CC(CC)CCCC)=C%12N5CC(CCCC)CC)=C%12S3,26
12,31,train,in-house,32,CC(SC1=C(C2=C3SC(C4=CC=C(C)S4)=C2)C5=CC(F)=C(S5)CC(CCCC)CC)=CC1=C3C6=CC(F)=C(S6)CC(CC)CCCC.CC(OCC)=O||c1(cc2c(cc1F)C(=O)/C(=C\c1cc3c(s1)c1c(s3)c3c(C1(c1ccc(cc1)CCCCCC)c1ccc(cc1)CCCCCC)cc1c(c3)C(c3c1sc1c3sc(c1)/C=C/1\C(=O)c3c(C1=C(C#N)C#N)cc(c(c3)F)F)(c1ccc(cc1)CCCCCC)c1ccc(cc1)CCCCCC)/C2=C(C#N)C#N)F,27
12,32,train,in-house,33,O=C1C2=C(CC(CC)CCCC)SC(CC(CC)CCCC)=C2C(C3=C(C4=CC=C(C5=CC(C(C6=CC(F)=C(CC(CC)CCCC)S6)=C(SC=C7)C7=C8C9=CC(F)=C(CC(CC)CCCC)S9)=C8S5)S4)SC(C%10=CC=CS%10)=C31)=O||C=C(C/1=C\C2=C(CCCCCCCCCCC)C(SC3=C4N(C5=C3C6=NSN=C6C7=C5N(C8=C7SC9=C8SC(/C=C%10/C(C%11=C(C%10=O)C(Cl)=C(Cl)C=C%11)=C(C#N)\C#N)=C9CCCCCCCCCCC)CC(CCCC)CC)CC(CC)CCCC)=C4S2)C%12=C(C1=C(C#N)/C#N)C=C(Cl)C(Cl)=C%12,28
12,33,test,in-house,35,O=C1C2=C(CC(CC)CCCC)SC(CC(CC)CCCC)=C2C(C3=C(C4=CC=C(C5=CC(C(C6=CC(F)=C(CC(CC)CCCC)S6)=C(SC=C7)C7=C8C9=CC(F)=C(CC(CC)CCCC)S9)=C8S5)S4)SC(C%10=CC=CS%10)=C31)=O||O=C(C1=C2C=C(Cl)C(Cl)=C1)C(/C2=C(C#N)/C#N)=C\C3=C(CCCCCCCC)C(SC4=C5N(C6=C4C7=NSN=C7C8=C6N(CC(CCCC)CC)C9=C8SC(/C=C%10/C(C%11=C(C%10=O)C=C(Cl)C(Cl)=C%11)=C(C#N)\[N+]#[C-])=C9CCCCCCCC)CC(CCCC)CC)=C5S3,29
12,34,train,in-house,36,O=C1C2=C(CC(CC)CCCC)SC(CC(CC)CCCC)=C2C(C3=C(C4=CC=C(C5=CC(C(C6=CC(F)=C(CC(CC)CCCC)S6)=C(SC=C7)C7=C8C9=CC(F)=C(CC(CC)CCCC)S9)=C8S5)S4)SC(C%10=CC=CS%10)=C31)=O||ClC1=CC2=C(C(C(/C2=C(C#N)\C#N)=C\C3=C(CCCCCCCCCCC)C4=C(C(N(CC(CCCCCC)CCCC)C5=C6C7=NSN=C7C8=C5N(CC(CCCCCC)CCCC)C9=C8SC%10=C9SC(/C=C(C%11=O)/C(C%12=C%11C=C(Cl)C(Cl)=C%12)=C(C#N)\C#N)=C%10CCCCCCCCCCC)=C6S4)S3)=O)C=C1Cl,2
12,35,train,in-house,37,[F]C1=C(CC)SC(C2=C3C(C=C(C)C3)C(C4=CC([F])=C(S4)CC)=C5SC(C6=CC=C(S6)C7=C(C(C8=C(SC(CC)=C8C9=O)CC)=O)C9=C(C%10=CC=C(S%10)C)S7)=CC25)=C1||c1(cc2c(cc1F)C(=O)/C(=C\c1cc3c(s1)c1c(s3)c3c(C1(c1ccc(cc1)CCCCCC)c1ccc(cc1)CCCCCC)cc1c(c3)C(c3c1sc1c3sc(c1)/C=C/1\C(=O)c3c(C1=C(C#N)C#N)cc(c(c3)F)F)(c1ccc(cc1)CCCCCC)c1ccc(cc1)CCCCCC)/C2=C(C#N)C#N)F,30
12,36,train,in-house,38,[Cl]C1=C(CC)SC(C2=C3C(C=C(C)C3)C(C4=CC([Cl])=C(S4)CC)=C5SC(C6=CC=C(S6)C7=C(C(C8=C(SC(CC)=C8C9=O)CC)=O)C9=C(C%10=CC=C(S%10)C)S7)=CC25)=C1||c1(cc2c(cc1F)C(=O)/C(=C\c1cc3c(s1)c1c(s3)c3c(C1(c1ccc(cc1)CCCCCC)c1ccc(cc1)CCCCCC)cc1c(c3)C(c3c1sc1c3sc(c1)/C=C/1\C(=O)c3c(C1=C(C#N)C#N)cc(c(c3)F)F)(c1ccc(cc1)CCCCCC)c1ccc(cc1)CCCCCC)/C2=C(C#N)C#N)F,31
12,37,train,in-house,40,CC(S1)=CC=C1C(C(C(C(C(S2)=CC=C2C3=CC4=C(C5=CC(F)=C(CC(CCCC)CC)S5)C6=C(C=C(C)S6)C(C7=CC(F)=C(CC(CC)CCCC)C7)=C4S3)=C8C9=O)=N%10)=NN%10CCC(CCCC)CC)=C8C(N9CCCCCCCC)=O||O=C(C/1=C\C2=C(C3=C(S2)C(N4C5=CC=C(CCCCCC)C=C5)=C(C6=C4C7=C(C8=NSN=C68)C(SC9=C%10SC(/C=C%11C(C%12=CC(F)=C(C=C%12C\%11=C(C#N)/C#N)F)=O)=C9CCCCCCCCCCC)=C%10N7C%13=CC=C(CCCCCC)C=C%13)S3)CCCCCCCCCCC)C%14=CC(F)=C(F)C=C%14C1=C(C#N)/C#N,32
12,38,test,in-house,42,FC(C=C(C1=C2SC=CC2=C(C3=CC(F)=C(CC(CCCC)CC)S3)C4=C1C=C(C5=CC=C(C6=C(C(C(C7=C(CC(CCCC)CC)SC(CC(CC)CCCC)=C78)=O)=C(C9=CC=CC9)S6)C8=O)S5)S4)S%10)=C%10CC(CC)CCCC||O=C(C(C=C(C(Br)=C1)Br)=C1C/2=C(C#N)/C#N)C2=C/C3=C(CCCCCCCCCCC)C(SC(C4=C5C6=C(C7=C(N6CCCCCCCCCCCC)C8=C(C(CCCCCCCCCCC)=C(S8)/C=C9C(C%10=C(C=C(Br)C(Br)=C%10)C\9=C(C#N)/C#N)=O)S7)C%11=NSN=C%114)=C%12N5CCCCCCCCCCCC)=C%12S3,33
12,39,train,in-house,43,CC1=CC(C(C2=CC(Cl)=C(CC)S2)=C(C(C)=C3C4=CC(Cl)=C(S4)CC)SCC5=C(CCCCCC)C6=C(C=C(S6)C7=C(C(F)=C(C8=NN(N=C78)CC(CCCCCC)CCCCCCCC)C9=CC%10=C(S9)C(CCCCCC)=C(C)S%10)F)S5)=C3S1||O=C(C/1=C\C2=C(C3=C(S2)C(N4C5=CC=C(CCCCCC)C=C5)=C(C6=C4C7=C(C8=NSN=C68)C(SC9=C%10SC(/C=C%11C(C%12=CC(F)=C(C=C%12C\%11=C(C#N)/C#N)F)=O)=C9CCCCCCCCCCC)=C%10N7C%13=CC=C(CCCCCC)C=C%13)S3)CCCCCCCCCCC)C%14=CC(F)=C(F)C=C%14C1=C(C#N)/C#N,34
12,40,test,in-house,45,O=C(C1=C(CCC(CCCC)CC)SC(CCC(CC)CCCC)=C1C2=O)C(C2=C(C3)C(C4)=CC=C4C5=CC6=C(C(C7=CC=C(CCC(CCCC)CC)S7)=C8C=CSC8=C6C9=CC=C(CCC(CCCC)CC)S9)S5)=C3C%10=CC=CS%10||CCCCCCC1=CC=C(C2(C3=CC=C(C=C3)CCCCCC)C4=C(C=C(C5=C4)C(C(C=C6)=CC=C6CCCCCC)(C7=C5SC(/C=C8/C(C9=C(C8=O)C=C(F)C=C9)=C(C#N)\C#N)=C7)C(C=C%10)=CC=C%10CCCCCC)C%11=C2C%12=C(C(SC(/C=C(C%13=O)/C(C%14=C%13C=C(F)C=C%14)=C(C#N)\C#N)=C%15)=C%15N%12CCCCCCCC)S%11)C=C1,35
12,41,test,in-house,46,O=C1C2=C(CC(CC)CCCC)SC(CC(CC)CCCC)=C2C(C3=C(C4=CC=C(C5=CC(C(C6=CC(F)=C(CC(CC)CCCC)S6)=C(SC=C7)C7=C8C9=CC(F)=C(CC(CC)CCCC)S9)=C8S5)S4)SC(C%10=CC=CS%10)=C31)=O||FC1=CC(C(/C2=C/C3=C(CCCCCCCC)C4=C(S3)C(C(C5=CC=C(CCCCCC)C=C5)(C6=CC=C(CCCCCC)C=C6)C(C7=C8C)=C9SC7=CC%10=C8SC%11=C%10[C@](C%12=CC=C(CCCCCC)C=C%12)(C%13=C%11SC%14=C%13SC(/C=C%15/C(C%16=C(C%15=O)C=C(F)C(F)=C%16)=C(C#N)\[N+]#[C-])=C%14CCCCCCCC)C)=C9S4)=C(C#N)/C#N)=C(C2=O)C=C1F,36
12,42,train,in-house,47,O=C1C2=C(CC(CC)CCCC)SC(CC(CC)CCCC)=C2C(C3=C(C4=CC=C(C5=CC(C(C6=CC(F)=C(CC(CC)CCCC)S6)=C(SC=C7)C7=C8C9=CC(F)=C(CC(CC)CCCC)S9)=C8S5)S4)SC(C%10=CC=CS%10)=C31)=O||O=C(C1=CC(F)=C(C=C1C/2=C(C#N)\C#N)F)C2=C/C3=CC(C(C4=CC=C(CCCCCC)C=C4)(C5=CC=C(CCCCCC)C=C5)C6=C7SC8=C6C(C9=CC=C(C=C9)CC(CC)CCCC)=C(CC%10=C%11C(C%12=CC=C(CCCCCC)C=C%12)(C%13=CC(CCCCCC)=CC=C%13)C%14=C%10SC(/C=C%15C(C%16=C(C=C(F)C(F)=C%16)C\%15=C(C#N)\C#N)=O)=C%14)C%11=C8C%17=CC=C(C=C%17)CC(CC)CCCC)=C7S3,37
12,43,test,in-house,48,O=C1C2=C(CC(CC)CCCC)SC(CC(CC)CCCC)=C2C(C3=C(C4=CC=C(C5=CC(C(C6=CC(F)=C(CC(CC)CCCC)S6)=C(SC=C7)C7=C8C9=CC(F)=C(CC(CC)CCCC)S9)=C8S5)S4)SC(C%10=CC=CS%10)=C31)=O||O=C(C(C=C(F)C(F)=C1)=C1C/2=C(C#N)\C#N)C2=C/C3=CC4=C(C5=C(S4)C(C6(C7=CC=C(CCCCCCCC)C=C7)C8=CC=C(CCCCCCCC)C=C8)=C(C9=CC%10=C(C%11=C(C%10(C%12=CC=C(C=C%12)CCCCCCCC)C%13=CC=C(C=C%13)CCCCCCCC)C(SC%14=C%15SC(/C=C%16C(C%17=CC(F)=C(C=C%17C\%16=C(C#N)\C#N)F)=O)=C%14)=C%15S%11)C=C96)S5)S3,38
12,44,test,in-house,49,O=C1C2=C(CC(CC)CCCC)SC(CC(CC)CCCC)=C2C(C3=C(C4=CC=C(C5=CC(C(C6=CC(F)=C(CC(CC)CCCC)S6)=C(SC=C7)C7=C8C9=CC(F)=C(CC(CC)CCCC)S9)=C8S5)S4)SC(C%10=CC=CS%10)=C31)=O||[Cl]C1=CC2=C(C(/C(C2=O)=C/C3=CC4=C(C5=C(N4C(CCCCCC)CCCC)C6=C(C(OCC(CCCC)CC)=C7C8=C(C9=C(N8CC(CCCCCC)CCCC)C=C(/C=C%10C(C%11=CC([Cl])=C(C=C%11C\%10=C(C#N)\C#N)[Cl])=O)S9)SC7=C6OCC(CCCC)CC)S5)S3)=C(C#N)\C#N)C=C1[Cl],39
12,45,train,in-house,50,O=C1C2=C(CC(CC)CCCC)SC(CC(CC)CCCC)=C2C(C3=C(C4=CC=C(C5=CC(C(C6=CC(F)=C(CC(CC)CCCC)S6)=C(SC=C7)C7=C8C9=CC(F)=C(CC(CC)CCCC)S9)=C8S5)S4)SC(C%10=CC=CS%10)=C31)=O||CCCCC(CN1N=C2C3=C(C4=C(C5=C(N4CC(CCCC)CC)C6=C(C=C(S6)/C=C7C(C(C=C(F)C(F)=C8)=C8C\7=C(C#N)\C#N)=O)S5)C2=N1)N(CC(CCCC)CC)C9=C3SC%10=C9SC(/C=C%11C(C%12=C(C=C(F)C(F)=C%12)C\%11=C(C#N)/C#N)=O)=C%10)CC,40
12,46,train,in-house,51,O=C1C2=C(CC(CC)CCCC)SC(CC(CC)CCCC)=C2C(C3=C(C4=CC=C(C5=CC(C(C6=CC(F)=C(CC(CC)CCCC)S6)=C(SC=C7)C7=C8C9=CC(F)=C(CC(CC)CCCC)S9)=C8S5)S4)SC(C%10=CC=CS%10)=C31)=O||O=C(C(C=C(F)C(F)=C1)=C1C/2=C(C#N)/C#N)C2=C/C3=C(CCCCCC)C(S4)=C(S3)C5=C4C6=C(N5CC(CCCC)CCCCCCCCCC)C7=C(C(SC8=C9SC(/C=C%10/C(C(C=C(F)C(F)=C%11)=C%11C%10=O)=C(C#N)\C#N)=C8CCCCCC)=C9N7C(CCCCCCCCCC)CCCC)C%12=NSN=C6%12,41
12,47,test,in-house,52,FC(C=C(C1=C2SC=CC2=C(C3=CC(F)=C(CC(CCCC)CC)S3)C4=C1C=C(C5=CC=C(C6=C(C(C(C7=C(CC(CCCC)CC)SC(CC(CC)CCCC)=C78)=O)=C(C9=CC=CC9)S6)C8=O)S5)S4)S%10)=C%10CC(CC)CCCC||O=C(C/1=C\C2=CC3=C(S2)C(C4(C5=CC=C(CCCCCC)C=C5)C6=CC=C(CCCCCC)C=C6)=C(S3)C7=CC8=C(C=C74)C9=C(C%10=C(S9)C=C(/C=C%11C(C%12=CC=C(Cl)C=C%12C\%11=C(C#N)/C#N)=O)S%10)C8(C%13=CC=C(CCCCCC)C=C%13)C%14=CC=C(CCCCCC)C=C%14)C%15=CC=C(Cl)C=C%15C1=C(C#N)/C#N,42
12,48,validation,in-house,54,O=C(C1=C(CCC(CCCC)CC)SC(CCC(CC)CCCC)=C1C2=O)C(C2=C(C3)C(C4)=CC=C4C5=CC6=C(C(C7=CC=C(CCC(CCCC)CC)S7)=C8C=CSC8=C6C9=CC=C(CCC(CCCC)CC)S9)S5)=C3C%10=CC=CS%10||O=C(C(C=C(C(F)=C1)F)=C1C/2=C(C#N)\C#N)C2=C/C3=CSC(C4=CC(C5(C6=CC=C(C=C6)CCCCCC)C7=CC=C(CCCCCC)C=C7)=C(C8=CC9=C(C%10=C(C9(C%11=CC=C(CCCCCC)C=C%11)C%12=CC=C(CCCCCC)C=C%12)C=C(C%13=C(SCC(CC)CCCC)C(/C=C%14C(C(C=C(C(F)=C%15)F)=C%15C\%14=C(C#N)\C#N)=O)=CS%13)S%10)C=C85)S4)=C3SCC(CCCC)CC,43
12,49,train,in-house,55,O=C1C2=C(CC(CC)CCCC)SC(CC(CC)CCCC)=C2C(C3=C(C4=CC=C(C5=CC(C(C6=CC(F)=C(CC(CC)CCCC)S6)=C(SC=C7)C7=C8C9=CC(F)=C(CC(CC)CCCC)S9)=C8S5)S4)SC(C%10=CC=CS%10)=C31)=O||O=C(C1=CSC=C1C/2=C(C#N)\C#N)C2=C/C3=CC(SC(C4=CC5=C(C6=C(C5(C7=CC=C(C=C7)CCCCCC)C8=CC=C(C=C8)CCCCCC)C9=C(C=C([Se]9)/C=C%10C(C%11=CSC=C%11C\%10=C(C#N)\C#N)=O)S6)C=C4%12)=C%13C%12(C%14=CC=C(C=C%14)CCCCCC)C(C=C%15)=CC=C%15CCCCCC)=C%13[Se]3,44
12,50,train,in-house,56,FC1=C(C(OCC(CCCC)CC)=O)SC2=CSC(C3=CC4=C(C5=C(C(C6=CC=C(CC(CC)CCCC)S6)=C4S3)C=CS5)C7=CC=C(CC(CC)CCCC)S7)=C12||O=C1C(/C(C2=CC(F)=C(C=C21)F)=C(C#N)\C#N)=C\C3=CC4=C(S3)C5=C(C6=C(C7=C(C8=C(C=C9C%10=C(C(C%11=CC=C(C=C%11)CCCCCC)(C9=C8)C%12=CC=C(C=C%12)CCCCCC)C=C(/C=C%13/C(C%14=CC(F)=C(F)C=C%14C%13=O)=C(C#N)/C#N)S%10)C7(C%15=CC=C(C=C%15)CCCCCC)C%16=CC=C(C=C%16)CCCCCC)S6)C5(C%17=CC=C(C=C%17)CCCCCC)C%18=CC=C(C=C%18)CCCCCC)S4,45
12,51,train,in-house,57,FC(C=C(C1=C2SC=CC2=C(C3=CC(F)=C(CC(CCCC)CC)S3)C4=C1C=C(C5=CC=C(C6=C(C(C(C7=C(CC(CCCC)CC)SC(CC(CC)CCCC)=C78)=O)=C(C9=CC=CC9)S6)C8=O)S5)S4)S%10)=C%10CC(CC)CCCC||c1(cc2c(cc1F)C(=O)/C(=C\c1cc3c(s1)c1c(s3)c3c(C1(c1ccc(cc1)CCCCCC)c1ccc(cc1)CCCCCC)cc1c(c3)C(c3c1sc1c3sc(c1)/C=C/1\C(=O)c3c(C1=C(C#N)C#N)cc(c(c3)F)F)(c1ccc(cc1)CCCCCC)c1ccc(cc1)CCCCCC)/C2=C(C#N)C#N)F,46
12,52,train,in-house,58,FC(C=C(C1=C2SC=CC2=C(C3=CC(F)=C(CC(CCCC)CC)S3)C4=C1C=C(C5=CC=C(C6=C(C(C(C7=C(CC(CCCC)CC)SC(CC(CC)CCCC)=C78)=O)=C(C9=CC=CC9)S6)C8=O)S5)S4)S%10)=C%10CC(CC)CCCC||O=C1C(/C(C2=C1C=C(F)C=C2)=C(C#N)/C#N)=C\C3=CC4=C(S3)C(C(C5=CC=C(CCCCCC)C=C5)(C(C=C6C7=C8C9=C(C=C(S9)/C=C%10C(C(C(F)=CC=C%11)=C%11C\%10=C(C#N)\C#N)=O)S7)=C%12C=C6C8(C%13=CC=C(C=C%13)CCCCCC)C%14=CC=C(C=C%14)CCCCCC)C%15=CC=C(CCCCCC)C=C%15)=C%12S4,47
12,53,train,in-house,60,CC1=CC(F)=C(S1)C2=C(F)C=C(C3=C(CC(CCCCCCCC)CCCCCC)C=C(C4=CC(CC(CCCCCC)CCCCCCCC)=C(S4)C)S3)S2||O=C(C1=C(C=C(F)C(F)=C1)C/2=C(C#N)\C#N)C2=C/C3=C(CCCCCCCCCCC)C(SC(C4=C5C6=C(C7=C(N6CC(CCCC)CCCCCC)C8=C(C(CCCCCCCCCCC)=C(S8)/C=C9C(C(C=C(F)C(F)=C%10)=C%10C\9=C(C#N)\C#N)=O)S7)C%11=NSN=C4%11)=C%12N5CC(CCCCCC)CCCC)=C%12S3,48
12,54,train,in-house,61,O=C1C2=C(CC(CC)CCCC)SC(CC(CC)CCCC)=C2C(C3=C(C4=CC=C(C5=CC(C(C6=CC(F)=C(CC(CC)CCCC)S6)=C(SC=C7)C7=C8C9=CC(F)=C(CC(CC)CCCC)S9)=C8S5)S4)SC(C%10=CC=CS%10)=C31)=O||O=C(C1=C(SC=C1C/2=C(C#N)\C#N)Cl)C2=C/C3=CC(CC4=C5C(C(C=C6)=CC=C6CCCCCC)(C(C4=C7)=CC8=C7C(C9=CC=C(C=C9)CCCCCC)(C%10=CC=C(C=C%10)CCCCCC)C%11=C8SC%12=C%11SC(/C=C%13C(C%14=C(SC=C%14C\%13=C(C#N)\C#N)Cl)=O)=C%12)C%15=CC=C(C=C%15)CCCCCC)=C5S3,49
12,55,train,in-house,62,O=C(C1=C(CCC(CCCC)CC)SC(CCC(CC)CCCC)=C1C2=O)C(C2=C(C3)C(C4)=CC=C4C5=CC6=C(C(C7=CC=C(CCC(CCCC)CC)S7)=C8C=CSC8=C6C9=CC=C(CCC(CCCC)CC)S9)S5)=C3C%10=CC=CS%10||O=C1C2=C(C)SC=C2C(/C1=C/C3=CC4=C(S3)C(SC5=C6C(C7=CC=C(CCCCCCCC)S7)=C8SC9=C(C8=C5C%10=CC=C(CCCCCCCC)S%10)C(C%11=CC=C(CCCCCC)C=C%11)(C%12=CC=C(CCCCCC)C=C%12)C%13=C9SC%14=C%13SC(/C=C%15/C(C%16=CSC(C)=C%16C%15=O)=C(C#N)\C#N)=C%14)=C6C4(C%17=CC=C(CCCCCC)C=C%17)C%18=CC=C(CCCCCC)C=C%18)=C(C#N)/C#N,50
12,56,train,in-house,63,O=C1C2=C(CC(CC)CCCC)SC(CC(CC)CCCC)=C2C(C3=C(C4=CC=C(C5=CC(C(C6=CC(F)=C(CC(CC)CCCC)S6)=C(SC=C7)C7=C8C9=CC(F)=C(CC(CC)CCCC)S9)=C8S5)S4)SC(C%10=CC=CS%10)=C31)=O||O=C(C1=C(C=C(Cl)C(Cl)=C1)C/2=C(C#N)\C#N)C2=C/C3=CC4=C(C5=C(C(C6=CC=C(CCCCCC)C=C6)4C7=CC=C(CCCCCC)C=C7)C8=C(S5)C(CCCCCCCC)=C9C(C(C%10=CC=C(CCCCCC)C=C%10)(C%11=C%12SC(/C=C%13C(C%14=C(C=C(Cl)C(Cl)=C%14)C\%13=C(C#N)\C#N)=O)=C%11)C%15=CC=C(CCCCCC)C=C%15)=C%12SC9=C8[O]CCCCCCCC)S3,51
12,57,train,in-house,64,FC1=C(F)C=C(N=C(OCC(CCCCCC)CCCCCCCC)C=N2)C2=C1C3=CC=CS3||O=C1C(/C(C2=C1C=CC(F)=C2)=C(C#N)\C#N)=C\C3=CC(C(CCCCCC)(CCCCCC)C4=C5C(OC)=C(C6(CCCCCC)CCCCCC)C(C(S7)=C6C=C7/C=C(/C(C8=C9C=CC(F)=C8)=C(C#N)\C#N)C9=O)=C4OC)=C5S3,52
12,58,validation,in-house,65,CC(S1)=CC=C1C(C2=NN(CC(CCCCCCCC)CCCCCCCC)N=C32)=C(F)C(F)=C3C4=CC=C(S4)C5=CC(C(C6=CC(CCCCCCCC)=C(S6)Cl)=C7SC(C)=CC7=C8C9=CC(CCCCCCCC)=C(S9)Cl)=C8S5||O=C(C1=CSC=C1C/2=C(C#N)\C#N)C2=C/C3=C(CCCCCCCCCCC)C(SC(C4=C5C(N(CCC(CC)CCCC)C6=C7CC8=C6SC(/C=C9C(C%10=CSC=C%10C\9=C(C#N)\C#N)=O)=C8CCCCCCCCCCC)=C7C%11=NSN=C4%11)=C%12N5CCC(CC)CCCC)=C%12S3,53
12,59,test,in-house,66,O=C(C1=C(SC(CCCCCCCC)=C12)CCCCCCCC)C3=C(SC(C4=CC=C(C)S4)=C3C2=O)C(S5)=CC=C5C6=CC7C(C8=CC(F)=C(CCCCCCCC)C8)C9C(C=C(S9)C)C(C%10=CC(F)=C(S%10)CCCCCCCC)=C7S6||O=C(C1=CC(Cl)=C(C=C1C/2=C(C#N)\C#N)Cl)C2=C/C3=CC4=C(C(C5(C6=CC=C(C=C6)CCCCCC)C(C=C7)=CC=C7CCCCCC)=C(C8=CC9=C(C%10=C(C9(C%11=CC=C(C=C%11)CCCCCC)C%12=CC=C(C=C%12)CCCCCC)C%13=C(C=C(S%13)/C=C%14C(C%15=CC(Cl)=C(C=C%15C\%14=C(C#N)\C#N)Cl)=O)S%10)C=C85)S4)S3,54
12,60,test,in-house,67,O=C(C1=C(CCC(CCCC)CC)SC(CCC(CC)CCCC)=C1C2=O)C(C2=C(C3)C(C4)=CC=C4C5=CC6=C(C(C7=CC=C(CCC(CCCC)CC)S7)=C8C=CSC8=C6C9=CC=C(CCC(CCCC)CC)S9)S5)=C3C%10=CC=CS%10||O=C(C(C=CC=C1)=C1C/2=C(C#N)\C#N)C2=C/C3=CC(SC(C4=C5C6=C(C7=C(N6CC(CCCC)CC)C8=C(C=C(S8)/C=C9C(C%10=C(C=CC=C%10)C\9=C(C#N)\C#N)=O)S7)C%11=NN(N=C4%11)CC(CC)CCCC)=C%12N5CC(CC)CCCC)=C%12S3,55
12,61,train,in-house,68,O=C(C1=C(CCC(CCCC)CC)SC(CCC(CC)CCCC)=C1C2=O)C(C2=C(C3)C(C4)=CC=C4C5=CC6=C(C(C7=CC=C(CCC(CCCC)CC)S7)=C8C=CSC8=C6C9=CC=C(CCC(CCCC)CC)S9)S5)=C3C%10=CC=CS%10||O=C(C1=CC=CC=C1C/2=C(C#N)\C#N)C2=C/C3=C(CCCCCCCCCCC)C(SC(C4=C5C6=C(C7=C(N6CC(CC)CCCC)C8=C(C(CCCCCCCCCCC)=C(S8)/C=C9C(C(C=CC=C%10)=C%10C\9=C(C#N)\C#N)=O)S7)C%11=NSN=C4%11)=C%12N5CC(CC)CCCC)=C%12S3,56
12,62,test,in-house,70,O=C(C1=C(CCC(CCCC)CC)SC(CCC(CC)CCCC)=C1C2=O)C(C2=C(C3)C(C4)=CC=C4C5=CC6=C(C(C7=CC=C(CCC(CCCC)CC)S7)=C8C=CSC8=C6C9=CC=C(CCC(CCCC)CC)S9)S5)=C3C%10=CC=CS%10||O=C(C(C=C(Cl)C(Cl)=C1)=C1C/2=C(C#N)/C#N)C2=C/C3=CC4=C(S3)C5=C(N4CC(CCCCCC)CCCC)C6=C(S5)C(C(C(C7=CC=C(C=C7)CCCCCC)6C8=CC=C(C=C8)CCCCCC)=C9)=CC%10=C9C%11=C(C(C%12=CC=C(CCCCCC)C=C%12)%10C%13=CC=C(CCCCCC)C=C%13)C(N%14CC(CCCCCC)CCCC)=C(S%11)C(S%15)=C%14C=C%15/C=C(C(C%16=C%17C=C(Cl)C(Cl)=C%16)=O)/C%17=C(C#N)/C#N,57
12,63,train,in-house,71,O=C(C1=C(CCC(CCCC)CC)SC(CCC(CC)CCCC)=C1C2=O)C(C2=C(C3)C(C4)=CC=C4C5=CC6=C(C(C7=CC=C(CCC(CCCC)CC)S7)=C8C=CSC8=C6C9=CC=C(CCC(CCCC)CC)S9)S5)=C3C%10=CC=CS%10||O=C(C1=CSC=C1C/2=C(C#N)\C#N)C2=C/C3=CC(SC(C4=C5C6=C(C7=C(N6CC(CC)CCCC)C8=C(C=C(S8)/C=C9C(C%10=CSC=C%10C\9=C(C#N)\C#N)=O)S7)C%11=NN(N=C4%11)CC(CC)CCCC)=C%12N5CC(CCCC)CC)=C%12S3,58
12,64,train,in-house,72,CC1=CC(C(S1)=C(C2=C3SC(C(S4)=CC=C4C5=C6C(C(C7=C(SC(CCCCCCCC)=C7C6=O)CCCCCCCC)=O)=C(S5)C8=CC=C(C)S8)=C2)C9=CC=C(S9)CC)=C3C%10=CC=C(S%10)CC||O=C(C(C=C(C(F)=C1)F)=C1C/2=C(C#N)/C#N)C2=C/C3=CC(SC4=C5C(CC6=CC=C(C=C6)CCCCCC)(C7=CC8=C(C(CC9=CC=C(C=C9)CCCCCC)(C%10=C8SC%11=C%10CC(/C=C%12C(C(C=C(C(F)=C%13)F)=C%13C\%12=C(C#N)/C#N)=O)=C%11)CC%14=CC=C(C=C%14)CCCCCC)C=C74)CC(C=C%15)=CC=C%15CCCCCC)=C5S3,59
12,65,train,in-house,73,O=C1C2=C(CC(CC)CCCC)SC(CC(CC)CCCC)=C2C(C3=C(C4=CC=C(C5=CC(C(C6=CC(F)=C(CC(CC)CCCC)S6)=C(SC=C7)C7=C8C9=CC(F)=C(CC(CC)CCCC)S9)=C8S5)S4)SC(C%10=CC=CS%10)=C31)=O||c1c(c(cc2c1C(=C(C#N)C#N)/C(=C/c1cc3c(s1)c1c([se]3)c3c(C1(c1ccc(cc1)CCCCCC)c1ccc(cc1)CCCCCC)cc1c(c3)C(c3c1[se]c1c3sc(c1)/C=C\1/C(=C(C#N)C#N)c3c(C1=O)cc(c(c3)Cl)Cl)(c1ccc(cc1)CCCCCC)c1ccc(cc1)CCCCCC)/C2=O)Cl)Cl,60
12,66,train,in-house,74,FC1=C(C(S2)=CC=C2C3=C(CCCCCCCCCCCCCCCC)C=C(C)S3)C4=NSN=C4C(C5=CC=C(S5)C6=C(CCCCCCCCCCCCCCCC)C=C(C7=C(C([H])=C(C8=C7C(N(C8=O)CCCCCCCCCCCCCCCC)=O)C)[H])S6)=C1F||c1(cc2c(cc1F)C(=O)/C(=C\c1cc3c(s1)c1c(s3)c3c(C1(c1ccc(cc1)CCCCCC)c1ccc(cc1)CCCCCC)cc1c(c3)C(c3c1sc1c3sc(c1)/C=C/1\C(=O)c3c(C1=C(C#N)C#N)cc(c(c3)F)F)(c1ccc(cc1)CCCCCC)c1ccc(cc1)CCCCCC)/C2=C(C#N)C#N)F,61
12,67,train,in-house,75,O=C1C2=C(CC(CC)CCCC)SC(CC(CC)CCCC)=C2C(C3=C(C4=CC=C(C5=CC(C(C6=CC(F)=C(CC(CC)CCCC)S6)=C(SC=C7)C7=C8C9=CC(F)=C(CC(CC)CCCC)S9)=C8S5)S4)SC(C%10=CC=CS%10)=C31)=O||O=C(C1=C(C=C(C(F)(F)F)C=C1)C/2=C(C#N)\C#N)C2=C/C3=CC4=C(C(C5(C6=CC=C(CCCCCC)C=C6)C7=CC=C(CCCCCC)C=C7)=C(C(C=C8C9(C%10=CC=C(C=C%10)CCCCCC)C%11=CC=C(CCCCCC)C=C%11)=C5C=C8C%12=C9C%13=C(C=C(S%13)/C=C%14C(C%15=C(C=C(C(F)(F)F)C=C%15)C\%14=C(C#N)\C#N)=O)S%12)S4)S3,62
12,68,train,in-house,76,O=C(C1=C(CCC(CCCC)CC)SC(CCC(CC)CCCC)=C1C2=O)C(C2=C(C3)C(C4)=CC=C4C5=CC6=C(C(C7=CC=C(CCC(CCCC)CC)S7)=C8C=CSC8=C6C9=CC=C(CCC(CCCC)CC)S9)S5)=C3C%10=CC=CS%10||O=C(C1=C(C/2=C(C#N)\C#N)C=C(F)C(F)=C1)C2=C/C3=C(OCCCCCC)C=C(C4=CC(C5(C(C=C6)=CC=C6CCCCCC)C7=CC=C(C=C7)CCCCCC)=C(C(SC8=C9)=C5C8=CC%10=C9C(C(C%11=CC=C(C=C%11)CCCCCC)(C%12=C%13SC(C%14=CC(OCCCCCC)=C(/C=C(C%15=O)/C(C%16=C%15C=C(F)C(F)=C%16)=C(C#N)/C#N)S%14)=C%12)C%17=CC=C(C=C%17)CCCCCC)=C%13S%10)S4)S3,63
12,69,validation,in-house,77,FC(C=C(C1=C2SC=CC2=C(C3=CC(F)=C(CC(CCCC)CC)S3)C4=C1C=C(C5=CC=C(C6=C(C(C(C7=C(CC(CCCC)CC)SC(CC(CC)CCCC)=C78)=O)=C(C9=CC=CC9)S6)C8=O)S5)S4)S%10)=C%10CC(CC)CCCC||O=C(C(C=C(Cl)C(Cl)=C1)=C1C/2=C(C#N)/C#N)C2=C/C3=CC4=C(C5=C(C4(C(C=C6)=CC=C6OCC(CCCCCC)CCCC)C(C=C7)=CC=C7OCC(CCCC)CCCCCC)C8=CC(C(C=C8C=C5)=C9%10)=CC=C9C%11=C(C=C(S%11)/C=C%12C(C(C=C(Cl)C(Cl)=C%13)=C%13C\%12=C(C#N)/C#N)=O)C%10(C%14=CC=C(C=C%14)OCC(CCCCCC)CCCC)C(C=C%15)=CC=C%15OCC(CCCCCC)CCCC)S3,64
12,70,train,in-house,78,CC1=CC(C(S1)=C(C2=C3SC(C4=CC=C(C(C5=NN(CC(CCCCCC)CCCC)N=C65)=CC(C7=NN(CC(CCCCCC)CCCC)N=C87)=C6C=C8C9=CC=C(C)S9)S4)=C2)C%10=CC([H])=C(SCC(CCCC)CCCCCC)S%10)=C3C%11=CC([H])=C(S%11)SCC(CCCCCC)CCCC||c1(cc2c(cc1F)C(=O)/C(=C\c1cc3c(s1)c1c(s3)c3c(C1(c1ccc(cc1)CCCCCC)c1ccc(cc1)CCCCCC)cc1c(c3)C(c3c1sc1c3sc(c1)/C=C/1\C(=O)c3c(C1=C(C#N)C#N)cc(c(c3)F)F)(c1ccc(cc1)CCCCCC)c1ccc(cc1)CCCCCC)/C2=C(C#N)C#N)F,65
12,71,test,in-house,79,O=C1C2=C(CC(CC)CCCC)SC(CC(CC)CCCC)=C2C(C3=C(C4=CC=C(C5=CC(C(C6=CC(F)=C(CC(CC)CCCC)S6)=C(SC=C7)C7=C8C9=CC(F)=C(CC(CC)CCCC)S9)=C8S5)S4)SC(C%10=CC=CS%10)=C31)=O||FC1=CC(C(/C2=C/C3=C(CCCCCC)C4=C(S3)C(C(C5=CC=C(CCCCCC)C=C5)(C6=CC=C(CCCCCC)C=C6)C(C7=C8C)=C9SC7=CC%10=C8SC%11=C%10[C@](C%12=CC=C(CCCCCC)C=C%12)(C%13=C%11SC%14=C%13SC(/C=C%15/C(C%16=C(C%15=O)C=C(F)C(F)=C%16)=C(C#N)\[N+]#[C-])=C%14CCCCCC)C)=C9S4)=C(C#N)/C#N)=C(C2=O)C=C1F,36
12,72,test,in-house,80,FC1=C(C2=CC=C(C3=CC4=C(C(C(C=C5F)=CC(F)=C5CC(CCCC)CC)=C6C=C(OC6=C4C(C=C7F)=CC(F)=C7CC(CC)CCCC)C)O3)S2)C8=NN(CC(CCCCCCCC)CCCCCC)N=C8C(C9=CC=C(C)S9)=C1F||O=C(C/1=C\C2=C(C3=C(S2)C(N4C5=CC=C(CCCCCC)C=C5)=C(C6=C4C7=C(C8=NSN=C68)C(SC9=C%10SC(/C=C%11C(C%12=CC(F)=C(C=C%12C\%11=C(C#N)/C#N)F)=O)=C9CCCCCCCCCCC)=C%10N7C%13=CC=C(CCCCCC)C=C%13)S3)CCCCCCCCCCC)C%14=CC(F)=C(F)C=C%14C1=C(C#N)/C#N,66
12,73,test,in-house,81,[H]C(C=C1C(C2=C3SC(C4=C(F)C=C(C5=C(C(C6=C(SC(CCCCCCCC)=C6C7=O)CCCCCCCC)=O)C7=C(C8=CC(F)=CS8)S5)S4)=C2)=C9SC(C)=CC9=C3C%10=CC([H])=C(S%10)CCCCCCCC)=C(S1)CCCCCCCC||O=C1C(/C(C2=CC=CC=C21)=C(C#N)/C#N)=C/C3=CC(SC(C4=CC(C5(CCCCCCCC)CCCCCCCC)=C(C6=C5C7=C(C=C(/C=C8C(C9=CC=CC=C9C/8=C(C#N)/C#N)=O)S7)S6)C=C4%10)=C%11C%10(CCCCCCCC)CCCCCCCC)=C%11S3,67
12,74,test,in-house,82,CC(S1)=CC=C1C2=C3C(C(C4=C(SC(CC(CC)CCCC)=C4C3=O)CC(CCCC)CC)=O)=C(S2)C(S5)=CC=C5C6=CC7=C(C8=CC(Cl)=C(CCCCCBr)C8)C9=C(C=C(S9)C)C(C%10=CC(Cl)=C(CCCCCBr)C%10)=C7S6||O=C(C/1=C\C2=C(C3=C(S2)C(N4C5=CC=C(CCCCCC)C=C5)=C(C6=C4C7=C(C8=NSN=C68)C(SC9=C%10SC(/C=C%11C(C%12=CC(F)=C(C=C%12C\%11=C(C#N)/C#N)F)=O)=C9CCCCCCCCCCC)=C%10N7C%13=CC=C(CCCCCC)C=C%13)S3)CCCCCCCCCCC)C%14=CC(F)=C(F)C=C%14C1=C(C#N)/C#N,68
12,75,train,in-house,83,O=C(C1=C(CCC(CCCC)CC)SC(CCC(CC)CCCC)=C1C2=O)C(C2=C(C3)C(C4)=CC=C4C5=CC6=C(C(C7=CC=C(CCC(CCCC)CC)S7)=C8C=CSC8=C6C9=CC=C(CCC(CCCC)CC)S9)S5)=C3C%10=CC=CS%10||[F]C1=CC2=C(C(/C(C2=O)=C/C3=CC4=C(C5=C(N4C(CCCCCCCC)CCCCCCCC)C(SC6=C7N(C(CCCCCCCC)CCCCCCCC)C8=C6SC(/C=C9C(C(C=C(C([F])=C%10)[F])=C%10C\9=C(C#N)\C#N)=O)=C8)=C7S5)S3)=C(C#N)\C#N)C=C1[F],69
12,76,train,in-house,84,FC1=C(C(OCC(CCCC)CC)=O)SC2=CSC(C3=CC4=C(C5=C(C(C6=CC=C(CC(CC)CCCC)S6)=C4S3)C=CS5)C7=CC=C(CC(CC)CCCC)S7)=C12||FC1=C(C=C(C(C/2C(C#N)C#N)=C1)C(C2=C/C(S3)=CC(SCCCCCCCC)=C3C(S4)=CC5=C4C6=CC(C7(C8=CC=C(CCCCCC)C=C8)C9=CC=C(CCCCCC)C=C9)=C(C=C6C5(C%10=CC=C(CCCCCC)C=C%10)C%11=CC=C(CCCCCC)C=C%11)C(S%12)=C7C=C%12C(S%13)=C(SCCCCCCCC)C=C%13/C=C%14/C(C%15=CC(F)=C(F)C=C%15C%14=O)=C(C#N)/C#N)=O)F,70
12,77,test,in-house,85,O=C1C2=C(CC(CC)CCCC)SC(CC(CC)CCCC)=C2C(C3=C(C4=CC=C(C5=CC(C(C6=CC(F)=C(CC(CC)CCCC)S6)=C(SC=C7)C7=C8C9=CC(F)=C(CC(CC)CCCC)S9)=C8S5)S4)SC(C%10=CC=CS%10)=C31)=O||FC1=CC(C(/C2=C/C3=C(CCCCCCCCCC)C4=C(S3)C(C(C5=CC=C(CCCCCC)C=C5)(C6=CC=C(CCCCCC)C=C6)C(C7=C8C)=C9SC7=CC%10=C8SC%11=C%10[C@](C%12=CC=C(CCCCCC)C=C%12)(C%13=C%11SC%14=C%13SC(/C=C%15/C(C%16=C(C%15=O)C=C(F)C(F)=C%16)=C(C#N)\[N+]#[C-])=C%14CCCCCCCCCC)C)=C9S4)=C(C#N)/C#N)=C(C2=O)C=C1F,36
12,78,train,in-house,86,FC1=C(F)C=C(N=C(OCC(CCCCCC)CCCCCCCC)C=N2)C2=C1C3=CC=CS3||N#C/C(C#N)=C(C1=CC=CC=C1C2=O)/C2=C/C3=CC4=C(C5=C(C=C6C(C(CCCCCC)(CCCCCC)C7=C6SC(/C=C8/C(C9=CC=CC=C9C8=O)=C(C#N)/C#N)=C7)=C5)C4(CCCCCC)CCCCCC)S3,71
12,79,test,in-house,88,O=C(C1=C(CCC(CCCC)CC)SC(CCC(CC)CCCC)=C1C2=O)C(C2=C(C3)C(C4)=CC=C4C5=CC6=C(C(C7=CC=C(CCC(CCCC)CC)S7)=C8C=CSC8=C6C9=CC=C(CCC(CCCC)CC)S9)S5)=C3C%10=CC=CS%10||O=C1C2=C(C)SC=C2C(/C1=C/C(S3)=CC4=C3C(S5)=C(C4(C6=CC=C(CCCCCC)C=C6)C7=CC=C(CCCCCC)C=C7)C(C5=C8C9=CC=C(CC(CCCC)CC)S9)=C(C%10=CC=C(CC(CCCC)CC)S%10)C%11=C8C(C%12(C%13=CC=C(CCCCCC)C=C%13)C%14=CC=C(CCCCCC)C=C%14)=C(S%11)C%15=C%12C=C(/C=C%16C(C%17=C(C)SC=C%17C\%16=C(C#N)\C#N)=O)S%15)=C(C#N)\C#N,72
12,80,train,in-house,89,O=C(C1=C(SC(CCCCCCCC)=C12)CCCCCCCC)C3=C(SC(C4=CC=C(C)S4)=C3C2=O)C(S5)=CC=C5C6=CC7C(C8=CC(F)=C(CCCCCCCC)C8)C9C(C=C(S9)C)C(C%10=CC(F)=C(S%10)CCCCCCCC)=C7S6||O=C(C/1=C\C2=CC3=C(S2)C(C4(C5=CC=C(CCCCCC)C=C5)C6=CC=C(CCCCCC)C=C6)=C(S3)C7=CC8=C(C=C74)C9=C(C%10=C(S9)C=C(/C=C%11C(C%12=CC=C(Cl)C=C%12C\%11=C(C#N)/C#N)=O)S%10)C8(C%13=CC=C(CCCCCC)C=C%13)C%14=CC=C(CCCCCC)C=C%14)C%15=CC=C(Cl)C=C%15C1=C(C#N)/C#N,73
12,81,test,in-house,91,O=C(C1=C(CCC(CCCC)CC)SC(CCC(CC)CCCC)=C1C2=O)C(C2=C(C3)C(C4)=CC=C4C5=CC6=C(C(C7=CC=C(CCC(CCCC)CC)S7)=C8C=CSC8=C6C9=CC=C(CCC(CCCC)CC)S9)S5)=C3C%10=CC=CS%10||O=C(C1=C(C)SC([H])=C1C/2=C(C#N)\C#N)C2=C/C3=CC(C(C4=CC=C(CCCCCC)C=C4)(C5=CC=C(CCCCCC)C=C5)C6=C7SC8=C6C(C9=CC=C(S9)CC(CCCC)CC)=C%10SC(C%11=C(C%12(C%13=CC=C(CCCCCC)C=C%13)C%14=CC=C(CCCCCC)C=C%14)C=C(/C=C%15C(C%16=C(SC([H])=C%16C\%15=C(C#N)\C#N)[CH3])=O)S%11)=C%12C%10=C8C%17=CC=C(CC(CC)CCCC)S%17)=C7S3,72
12,82,train,in-house,92,FC1=C(F)C=C(N=C(OCC(CCCCCC)CCCCCCCC)C=N2)C2=C1C3=CC=CS3||O=C(C1=CC=CC=C1C/2=C(C#N)\C#N)C2=C/C3=C(CCCCCCCCCCC)C(SC(C4=C5C6=C(C7=C(N6CC(CC)CCCC)C8=C(C(CCCCCCCCCCC)=C(S8)/C=C9C(C(C=CC=C%10)=C%10C\9=C(C#N)\C#N)=O)S7)C%11=NSN=C4%11)=C%12N5CC(CC)CCCC)=C%12S3,74
12,83,test,in-house,93,O=C(C1=C(CCC(CCCC)CC)SC(CCC(CC)CCCC)=C1C2=O)C(C2=C(C3)C(C4)=CC=C4C5=CC6=C(C(C7=CC=C(CCC(CCCC)CC)S7)=C8C=CSC8=C6C9=CC=C(CCC(CCCC)CC)S9)S5)=C3C%10=CC=CS%10||c1(c(cc2c(c1)C(=C(C2=O)[CH]c1sc2c(c1)n(c1c2sc2c1C(c1c2cc2c(c1)c1c(C2(c2ccc(cc2)CCCCCC)c2ccc(cc2)CCCCCC)c2c(s1)c1c(n2CCCCCCCC)cc(s1)/C=C\1/C(=C(C#N)C#N)c2c(C1=O)cc(c(c2)F)F)(c1ccc(cc1)CCCCCC)c1ccc(cc1)CCCCCC)CCCCCCCC)[C](C#N)C#N)F)F,75
12,84,train,in-house,94,FC1=C(F)C=C(N=C(OCC(CCCCCC)CCCCCCCC)C=N2)C2=C1C3=CC=CS3||O=C(C1=CC(F)=C(C=C1C/2=C(C#N)/C#N)F)C2=C/C3=CC([CH2]4)=C(S3)C5=C4C=C(C6=C7C8=CC([CH2]C9=C%10SC(/C=C%11C(C%12=CC(F)=C(C=C%12C\%11=C(C#N)/C#N)F)=O)=C9)=C%10C=C8C(B=O)6B=O)C(C7(B=O)B=O)=C5,76
12,85,train,in-house,95,O=C1C2=C(CC(CC)CCCC)SC(CC(CC)CCCC)=C2C(C3=C(C4=CC=C(C5=CC(C(C6=CC(F)=C(CC(CC)CCCC)S6)=C(SC=C7)C7=C8C9=CC(F)=C(CC(CC)CCCC)S9)=C8S5)S4)SC(C%10=CC=CS%10)=C31)=O||c1(cc2c(cc1F)C(=O)/C(=C\c1cc3c(s1)c1c(s3)c3c(C1(c1ccc(cc1)CCCCCC)c1ccc(cc1)CCCCCC)cc1c(c3)C(c3c1sc1c3sc(c1)/C=C/1\C(=O)c3c(C1=C(C#N)C#N)cc(c(c3)F)F)(c1ccc(cc1)CCCCCC)c1ccc(cc1)CCCCCC)/C2=C(C#N)C#N)F,77
12,86,train,in-house,97,CC(SC1=C(C2=C3SC(C4=CC=C(S4)C5=C(C(F)=C(C(N=C6C7=CC=CC(OCCCCCCCC)=C7)=C5N=C6C8=CC=CC(OCCCCCCCC)=C8)C9=CC=C(C)S9)F)=C2)C%10=CC(F)=C(S%10)SC)=CC1=C3C(S%11)=CC(F)=C%11SC||O=C(C/1=C\C2=C(C3=C(S2)C(N4C5=CC=C(CCCCCC)C=C5)=C(C6=C4C7=C(C8=NSN=C68)C(SC9=C%10SC(/C=C%11C(C%12=CC(F)=C(C=C%12C\%11=C(C#N)/C#N)F)=O)=C9CCCCCCCCCCC)=C%10N7C%13=CC=C(CCCCCC)C=C%13)S3)CCCCCCCCCCC)C%14=CC(F)=C(F)C=C%14C1=C(C#N)/C#N,78
12,87,train,in-house,98,O=C(C1=C(SC(C2=CC=C(S2)C3=CC(C(C4=CC(F)=C(S4)SCCCCCCCC)=C5SC(C)=CC5=C6C7=CC(F)=C(S7)SCCCCCCCC)=C6S3)=C18)C9=CC=C(S9)C)C%10=C(SC(CCCCCCCC)=C%10C8=O)CCCCCCCC||c1(cc2c(cc1F)C(=O)/C(=C\c1cc3c(s1)c1c(s3)c3c(C1(c1ccc(cc1)CCCCCC)c1ccc(cc1)CCCCCC)cc1c(c3)C(c3c1sc1c3sc(c1)/C=C/1\C(=O)c3c(C1=C(C#N)C#N)cc(c(c3)F)F)(c1ccc(cc1)CCCCCC)c1ccc(cc1)CCCCCC)/C2=C(C#N)C#N)F,79
12,88,train,in-house,99,[F]C1=C(CC)SC(C2=C3C(C=C(C)C3)C(C4=CC([F])=C(S4)CC)=C5SC(C6=CC=C(S6)C7=C(C(C8=C(SC(CC)=C8C9=O)CC)=O)C9=C(C%10=CC=C(S%10)C)S7)=CC25)=C1||O=C(C1=C(C=C(F)C(F)=C1)C/2=C(C#N)\C#N)C2=C/C3=CC4=C(C(C=C(C(CCCCCCCC)(CCCCCCCC)C5=C6C=C7C(C8=CC(C(CCCCCCCC)(CCCCCCCC)C9=C%10SC(/C=C%11C(C%12=C(C=C(F)C(F)=C%12)C\%11=C(C#N)\C#N)=O)=C9)=C%10C=C8C7(CCCCCCCC)CCCCCCCC)=C5)C6=C%13)=C%13C4(CCCCCCCC)CCCCCCCC)S3,80
12,89,train,in-house,100,CC1=CC=C(S1)C2=C(C(C(C=C(C(SCC(CCCC)CC)=C3)SCC(CCCC)CC)=C3C4=O)=O)C4=C(C5=CC=C(S5)C6=CC7=C(C8=C(C(C9=CC(F)=C(S9)CC(CCCC)CC)=C7S6)C=C(C)S8)C%10=CC(F)=C(S%10)CC(CCCC)CC)S2||c1(cc2c(cc1F)C(=O)/C(=C\c1cc3c(s1)c1c(s3)c3c(C1(c1ccc(cc1)CCCCCC)c1ccc(cc1)CCCCCC)cc1c(c3)C(c3c1sc1c3sc(c1)/C=C/1\C(=O)c3c(C1=C(C#N)C#N)cc(c(c3)F)F)(c1ccc(cc1)CCCCCC)c1ccc(cc1)CCCCCC)/C2=C(C#N)C#N)F,81
12,90,train,in-house,101,[F]C1=C(CC)SC(C2=C3C(C=C(C)C3)C(C4=CC([F])=C(S4)CC)=C5SC(C6=CC=C(S6)C7=C(C(C8=C(SC(CC)=C8C9=O)CC)=O)C9=C(C%10=CC=C(S%10)C)S7)=CC25)=C1||O=C1C2=C(C=C(F)C(F)=C2)C(/C1=C/C([Se]3)=CC4=C3C(C5(C6=CC=C(CCCCCC)C=C6)C7=CC=C(CCCCCC)C=C7)=C(S4)C(C5=C8)=CC9=C8C(S%10)=C(C9(C%11=CC=C(CCCCCC)C=C%11)C%12=CC=C(CCCCCC)C=C%12)C%13=C%10C=C([Se]%13)/C=C(/C%14=C(C#N)\C#N)C(C%15=C%14C=C(F)C(F)=C%15)=C)=C(C#N)/C#N,82
12,91,train,in-house,102,FC1=C(F)C=C(N=C(OCC(CCCCCC)CCCCCCCC)C=N2)C2=C1C3=CC=CS3||O=C(C1=CC(Cl)=C(C=C1C/2=C(C#N)\C#N)Cl)C2=C/C3=CC4=C(C(C5(C6=CC=C(C=C6)CCCCCC)C(C=C7)=CC=C7CCCCCC)=C(C8=CC9=C(C%10=C(C9(C%11=CC=C(C=C%11)CCCCCC)C%12=CC=C(C=C%12)CCCCCC)C%13=C(C=C(S%13)/C=C%14C(C%15=CC(Cl)=C(C=C%15C\%14=C(C#N)\C#N)Cl)=O)S%10)C=C85)S4)S3,83
12,92,train,in-house,103,O=C(C1=C(CCC(CCCC)CC)SC(CCC(CC)CCCC)=C1C2=O)C(C2=C(C3)C(C4)=CC=C4C5=CC6=C(C(C7=CC=C(CCC(CCCC)CC)S7)=C8C=CSC8=C6C9=CC=C(CCC(CCCC)CC)S9)S5)=C3C%10=CC=CS%10||COC1=C(/C=C(C(C2=C3C=C(F)C(F)=C2)=O)/C3=C(C#N)/C#N)SC(C4=CC(C5(C(C=C6)=CC=C6CCCCCC)C7=CC=C(C=C7)CCCCCC)=C(C8=CC9=C(C%10=C(C9(C%11=CC=C(C=C%11)CCCCCC)C%12=CC=C(C=C%12)CCCCCC)C=C(C%13=C(OC)C(OC)=C(/C=C(C(C%14=C%15C=C(F)C(F)=C%14)=O)\C%15=C(C#N)\C#N)S%13)S%10)C=C85)S4)=C1OC,84
12,93,train,in-house,104,FC1=C(F)C=C(N=C(OCC(CCCCCC)CCCCCCCC)C=N2)C2=C1C3=CC=CS3||CF.O=C(C1=C2C=CC=C1)C(/C2=C(C#N)\[N+]#[C-])=C\C3=CC(C4(CCCCCC)CCCCCC)=C(C5=C4C=C(C6=C5)C7=C(C6(CCCCCC)CCCCCC)C=C(/C=C(/C8=C(C#N)/[N+]#[C-])C(C9=C8C=CC=C9)=O)S7)S3.CF,85
12,94,validation,in-house,105,FC1=C(C(OCC(CCCC)CC)=O)SC2=CSC(C3=CC4=C(C5=C(C(C6=CC=C(CC(CC)CCCC)S6)=C4S3)C=CS5)C7=CC=C(CC(CC)CCCC)S7)=C12||CCCCCCC(S1)=CC=C1C(C2=C3SC4=C2SC5=C4C(C6=CC=C(CCCCCC)C=C6)(C7=CC=C(CCCCCC)C=C7)C8=C5SC(C9=C(F)C(F)=CC%10=C9C(C/C%10=C(C#N)/C#N)=O)=C8)=C%11SC%12=C(C%11=C3C%13=CC=C(S%13)CCCCCC)SC%14=C%12C(C%15=CC=C(CCCCCC)C=C%15)(C%16=CC=C(CCCCCC)C=C%16)C%17=C%14SC(C%18=C(F)C(F)=CC(/C(C%19)=C(C#N)/C#N)=C%18C%19=O)=C%17,86
12,95,train,in-house,106,O=C1C2=C(CC(CC)CCCC)SC(CC(CC)CCCC)=C2C(C3=C(C4=CC=C(C5=CC(C(C6=CC(F)=C(CC(CC)CCCC)S6)=C(SC=C7)C7=C8C9=CC(F)=C(CC(CC)CCCC)S9)=C8S5)S4)SC(C%10=CC=CS%10)=C31)=O||O=C(C1=C(C=C(F)C(F)=C1)C/2=C(C#N)\C#N)C2=C/C3=CC4=C(C(C5(C6=CC=C(CCCCCCCC)C=C6)C7=CC=C(CCCCCCCC)C=C7)=C(C8=C5C(C(C9=CC=C(S9)[Si](CCC)(CCC)CCC)=C%10SC%11=C(C(C%12=CC=C(C=C%12)CCCCCCCCC)(C%13=C%11SC%14=C%13SC(/C=C%15C(C%16=C(C=C(F)C(F)=C%16)C\%15=C(C#N)\C#N)=O)=C%14)C%17=CC=C(C=C%17)CCCCCCCC)C%10=C%18C%19=CC=C([Si](CCC)(CCC)CCC)S%19)=C%18S8)S4)S3,87
12,96,validation,in-house,107,CC1=CC(C(C2=CC=C(S2)CC(CCCC)CC)=C3S4)=C(S1)C(C5=CC=C(S5)CC(CC)CCCC)=C3C=C4C6=CC(NC(OCC(CCCCCCCC)CCCCCCCCCC)=O)=C(C(S7)=NC(S8)=C7N=C8C(SC(C)=C9)=C9NC(OCC(CCCCCCCCCC)CCCCCCCC)=O)S6||O=C(C/1=C\C2=C(C3=C(S2)C(N4C5=CC=C(CCCCCC)C=C5)=C(C6=C4C7=C(C8=NSN=C68)C(SC9=C%10SC(/C=C%11C(C%12=CC(F)=C(C=C%12C\%11=C(C#N)/C#N)F)=O)=C9CCCCCCCCCCC)=C%10N7C%13=CC=C(CCCCCC)C=C%13)S3)CCCCCCCCCCC)C%14=CC(F)=C(F)C=C%14C1=C(C#N)/C#N,88
12,97,test,in-house,108,FC(C=C(C1=C2SC=CC2=C(C3=CC(F)=C(CC(CCCC)CC)S3)C4=C1C=C(C5=CC=C(C6=C(C(C(C7=C(CC(CCCC)CC)SC(CC(CC)CCCC)=C78)=O)=C(C9=CC=CC9)S6)C8=O)S5)S4)S%10)=C%10CC(CC)CCCC||O=C(C1=CC(Cl)=C(C=C1C/2=C(C#N)\C#N)Cl)C2=C/C3=CC4=C(C(C5(C6=CC=C(C=C6)CCCCCC)C(C=C7)=CC=C7CCCCCC)=C(C8=CC9=C(C%10=C(C9(C%11=CC=C(C=C%11)CCCCCC)C%12=CC=C(C=C%12)CCCCCC)C%13=C(C=C(S%13)/C=C%14C(C%15=CC(Cl)=C(C=C%15C\%14=C(C#N)\C#N)Cl)=O)S%10)C=C85)S4)S3,89
12,98,train,in-house,109,O=C1C2=C(CC(CC)CCCC)SC(CC(CC)CCCC)=C2C(C3=C(C4=CC=C(C5=CC(C(C6=CC(F)=C(CC(CC)CCCC)S6)=C(SC=C7)C7=C8C9=CC(F)=C(CC(CC)CCCC)S9)=C8S5)S4)SC(C%10=CC=CS%10)=C31)=O||CCC(CN1N=C2C3=C(C4=C(C5=C(N4CC(CCCC)CC)C(CCCCCC)=C(/C=C6C(C7=C(C=C(F)C(F)=C7)C\6=C(C#N)\C#N)=O)S5)C2=N1)N(CC(CCCC)CC)C8=C3SC(/C=C9C(C(C=C(F)C(F)=C%10)=C%10C\9=C(C#N)/C#N)=O)=C8CCCCCC)CCCC,90
12,99,train,in-house,110,CC1=CC(C(S1)=C(C2=C3SC(C(S4)=CC=C4C5=C6C(C(C7=C(SC(CCCCCCCC)=C7C6=O)CCCCCCCC)=O)=C(S5)C8=CC=C(C)S8)=C2)C9=CC=C(S9)CC)=C3C%10=CC=C(S%10)CC||c1(cc2c(cc1F)C(=O)/C(=C\c1cc3c(s1)c1c(s3)c3c(C1(c1ccc(cc1)CCCCCC)c1ccc(cc1)CCCCCC)cc1c(c3)C(c3c1sc1c3sc(c1)/C=C/1\C(=O)c3c(C1=C(C#N)C#N)cc(c(c3)F)F)(c1ccc(cc1)CCCCCC)c1ccc(cc1)CCCCCC)/C2=C(C#N)C#N)F,91
12,100,train,in-house,111,O=C1C2=C(CC(CC)CCCC)SC(CC(CC)CCCC)=C2C(C3=C(C4=CC=C(C5=CC(C(C6=CC(F)=C(CC(CC)CCCC)S6)=C(SC=C7)C7=C8C9=CC(F)=C(CC(CC)CCCC)S9)=C8S5)S4)SC(C%10=CC=CS%10)=C31)=O||O=C(C1=CC(Cl)=C(Cl)C=C1C/2=C(C#N)/C#N)C2=C/C3=CC4=C(S3)C5=CC6=C(C=C5C4(CCCCCCCC)CCCCCCCC)C7=C(C=C8C9=C(C=C(S9)/C=C%10C(C%11=CC(Cl)=C(Cl)C=C%11C\%10=C(C#N)/C#N)=O)C(CCCCCCCC)(CCCCCCCC)C8=C7)C(CCCCCCCC)6CCCCCCCC,92
12,101,train,in-house,112,O=C(C1=C(CCC(CCCC)CC)SC(CCC(CC)CCCC)=C1C2=O)C(C2=C(C3)C(C4)=CC=C4C5=CC6=C(C(C7=CC=C(CCC(CCCC)CC)S7)=C8C=CSC8=C6C9=CC=C(CCC(CCCC)CC)S9)S5)=C3C%10=CC=CS%10||O=C(C1=CC(F)=C(C=C1C/2=C(C#N)\C#N)F)C2=C/C3=CC4=C(S3)C(CC5=C6C(C7=CC=CC(OCCCCCC)=C7)(C8=CC(OCCCCCC)=CC=C8)C9=C5C=C%10C(C%11=CC(OCCCCCC)=CC=C%11)(C%12=CC=CC(OCCCCCC)=C%12)C%13=C(SC%14=C%13N(CCCCCCCC)C%15=C%14SC(/C=C%16C(C%17=CC(F)=C(C=C%17C\%16=C(C#N)\C#N)F)=O)=C%15)C%10=C9)=C6N4CCCCCCCC,93
12,102,test,in-house,113,FC1=C(C(OCC(CCCC)CC)=O)SC2=CSC(C3=CC4=C(C5=C(C(C6=CC=C(CC(CC)CCCC)S6)=C4S3)C=CS5)C7=CC=C(CC(CC)CCCC)S7)=C12||FC1=CC2=C(C(/C(C2=O)=C/C3=CC(OCC(CC)CCCC)=C(S3)C4=CC5=C(S4)C6=CC(C7(C8=CC=C(CCCCCC)C=C8)C9=CC=C(CCCCCC)C=C9)=C(C%10=C7C=C(S%10)C%11=C(OCC(CC)CCCC)C=C(S%11)/C=C(/C(C%12=C%13C=C(F)C(F)=C%12)=C(C#N)\C#N)C%13=O)C=C6C5(C%14=CC=C(CCCCCC)C=C%14)C%15=CC=C(CCCCCC)C=C%15)=C(C#N)/C#N)C=C1F,94
12,103,train,in-house,114,CC1=CC(C(C2=CC=C(SCC(CCCCCC)CCCC)S2)=C3SC(C4=C(CCCCCCCC)C=C(C5=NN=C(S5)C6=CC(CCCCCCCC)=C(S6)C)S4)=CC3=C7C8=CC=C(SCC(CCCC)CCCCCC)S8)=C7S1||c12cc3c(cc1C(c1c2sc2c1sc(c2)/C=C\1/C(=C(C#N)C#N)c2c(C1=O)cccc2)(c1ccc(cc1)CCCCCC)c1ccc(cc1)CCCCCC)c1c(C3(c2ccc(cc2)CCCCCC)c2ccc(cc2)CCCCCC)c2c(s1)cc(s2)/C=C\1/C(=C(C#N)C#N)c2c(C1=O)cccc2,95
12,104,test,in-house,115,O=C(C1=C(CCC(CCCC)CC)SC(CCC(CC)CCCC)=C1C2=O)C(C2=C(C3)C(C4)=CC=C4C5=CC6=C(C(C7=CC=C(CCC(CCCC)CC)S7)=C8C=CSC8=C6C9=CC=C(CCC(CCCC)CC)S9)S5)=C3C%10=CC=CS%10||O=C(C1=C(C/2=C(C#N)/C#N)C=C(F)C(F)=C1)C2=C/C3=CC=C(C4=C(OCCCCCC)C(C(C5=C6C=C7C(C(SC(C8=CC=C(/C=C9C(C(C=C(F)C(F)=C%10)=C%10C\9=C(C#N)\C#N)=O)S8)=C%11OCCCCCC)=C%11C7(C%12=CC=C(CCCCCC)C=C%12)C%13=CC=C(CCCCCC)C=C%13)=C5)(C%14=CC=C(CCCCCC)C=C%14)C%15=CC=C(CCCCCC)C=C%15)=C6S4)S3,96
12,105,test,in-house,116,CC(S1)=CC=C1C2=C3C(C(C4=C(SC(CC(CC)CCCC)=C4C3=O)CC(CCCC)CC)=O)=C(S2)C(S5)=CC=C5C6=CC7=C(C8=CC(Cl)=C(CCCCCOC)C8)C9=C(C=C(S9)C)C(C%10=CC(Cl)=C(CCCCCOC)C%10)=C7S6||O=C(C/1=C\C2=C(C3=C(S2)C(N4C5=CC=C(CCCCCC)C=C5)=C(C6=C4C7=C(C8=NSN=C68)C(SC9=C%10SC(/C=C%11C(C%12=CC(F)=C(C=C%12C\%11=C(C#N)/C#N)F)=O)=C9CCCCCCCCCCC)=C%10N7C%13=CC=C(CCCCCC)C=C%13)S3)CCCCCCCCCCC)C%14=CC(F)=C(F)C=C%14C1=C(C#N)/C#N,97
12,106,train,in-house,117,FC1=C(C(S2)=CC=C2C3=C(CCCCCCCCCCCCCCCC)C=C(C)S3)C4=NSN=C4C(C5=CC=C(S5)C6=C(CCCCCCCCCCCCCCCC)C=C(C7=C(C([F])=C(C8=C7C(N(C8=O)CCCCCCCCCCCCCCCC)=O)C)[F])S6)=C1F||c1(cc2c(cc1F)C(=O)/C(=C\c1cc3c(s1)c1c(s3)c3c(C1(c1ccc(cc1)CCCCCC)c1ccc(cc1)CCCCCC)cc1c(c3)C(c3c1sc1c3sc(c1)/C=C/1\C(=O)c3c(C1=C(C#N)C#N)cc(c(c3)F)F)(c1ccc(cc1)CCCCCC)c1ccc(cc1)CCCCCC)/C2=C(C#N)C#N)F,98
12,107,test,in-house,118,O=C(C1=C(CC(CCCC)CC)SC(CC(CCCC)CC)=C12)C3=C(C4=CC=CS4)SC(C(S5)=CC=C5C6=CC7=C(C8=CC=C(CC(CCCC)CCCCCC)C=C8)C(SC=C9)=C9C(C%10=CC=C(CC(CCCCCC)CCCC)C=C%10)=C7S6)=C3C2=O||O=C1C(/C(C2=C1C=CC(F)=C2)=C(C#N)\C#N)=C\C3=CC=C(S3)C4=CC5=C(C(C=C6C(C7=CC=C(CCCCCC)C=C7)(C8=CC=C(CCCCCC)C=C8)C9=C(SC%10=C9SC(/C=C%11C(C%12=C(C=C(F)C=C%12)C\%11=C(C#N)/C#N)=O)=C%10)C6=C%13)=C%13C5(C%14=CC=C(C=C%14)CCCCCC)C%15=CC=C(CCCCCC)C=C%15)S4,99
12,108,train,in-house,119,FC(C=C(C1=C2SC=CC2=C(C3=CC(F)=C(CC(CCCC)CC)S3)C4=C1C=C(C5=CC=C(C6=C(C(C(C7=C(CC(CCCC)CC)SC(CC(CC)CCCC)=C78)=O)=C(C9=CC=CC9)S6)C8=O)S5)S4)S%10)=C%10CC(CC)CCCC||O=C(C1=C(C/2=C(C#N)/C#N)C=C([Cl])S1)C2=C/C3=CC4=C(C5=C(S4)C(C(C5(CCCCCCCCC)CCCCCCCCC)=C6)=CC(C7(CCCCCCCCC)CCCCCCCCC)=C6C8=C7C9=C(C=C(S9)/C=C%10C(C(CC(Cl)=C%11)=C%11C\%10=C(C#N)\C#N)=O)S8)S3,100
12,109,train,in-house,120,O=C1C2=C(CC(CC)CCCC)SC(CC(CC)CCCC)=C2C(C3=C(C4=CC=C(C5=CC(C(C6=CC(F)=C(CC(CC)CCCC)S6)=C(SC=C7)C7=C8C9=CC(F)=C(CC(CC)CCCC)S9)=C8S5)S4)SC(C%10=CC=CS%10)=C31)=O||FC1=CC(C(/C2=C/C3=C(CCCC)C4=C(S3)C(C(C5=CC=C(CCCCCC)C=C5)(C6=CC=C(CCCCCC)C=C6)C(C7=C8C)=C9SC7=CC%10=C8SC%11=C%10[C@](C%12=CC=C(CCCCCC)C=C%12)(C%13=C%11SC%14=C%13SC(/C=C%15/C(C%16=C(C%15=O)C=C(F)C(F)=C%16)=C(C#N)\[N+]#[C-])=C%14CCCC)C)=C9S4)=C(C#N)/C#N)=C(C2=O)C=C1F,101
12,110,test,in-house,121,O=C1C2=C(CC(CC)CCCC)SC(CC(CC)CCCC)=C2C(C3=C(C4=CC=C(C5=CC(C(C6=CC(F)=C(CC(CC)CCCC)S6)=C(SC=C7)C7=C8C9=CC(F)=C(CC(CC)CCCC)S9)=C8S5)S4)SC(C%10=CC=CS%10)=C31)=O||O=C1C2=C(C=CC(F)=C2)C(/C1=C/C(S3)=CC4=C3C(S5)=C(C4(C6=CC=C(CCCCCC)C=C6)C7=CC=C(CCCCCC)C=C7)C(C5=C8C9=CC(SC(CCC(CCCC)CC)=C%10)=C%10S9)=C(C%11=CC(SC(CC(CC)CCCC)=C%12)=C%12S%11)C%13=C8C(C%14(C%15=CC=C(CCCCCC)C=C%15)C%16=CC=CC(CCCCCC)=C%16)=C(S%13)C(S%17)=C%14C=C%17/C=C%18/C(C%19=C(C%18=O)C=C(F)C=C%19)=C(C#N)\C#N)=C(C#N)\C#N,102
12,111,validation,in-house,122,CC(S1)=CC=C1C2=C3C(C(C4=C(SC(CC(CC)CCCC)=C4C3=O)CC(CCCC)CC)=O)=C(S2)C(S5)=CC=C5C6=CC7=C(C8=CC(Cl)=C(CCCCCCI)C8)C9=C(C=C(S9)C)C(C%10=CC(Cl)=C(CCCCCCI)C%10)=C7S6||O=C(C/1=C\C2=C(C3=C(S2)C(N4C5=CC=C(CCCCCC)C=C5)=C(C6=C4C7=C(C8=NSN=C68)C(SC9=C%10SC(/C=C%11C(C%12=CC(F)=C(C=C%12C\%11=C(C#N)/C#N)F)=O)=C9CCCCCCCCCCC)=C%10N7C%13=CC=C(CCCCCC)C=C%13)S3)CCCCCCCCCCC)C%14=CC(F)=C(F)C=C%14C1=C(C#N)/C#N,103
12,112,test,in-house,123,O=C(C1=C(CCC(CCCC)CC)SC(CCC(CC)CCCC)=C1C2=O)C(C2=C(C3)C(C4)=CC=C4C5=CC6=C(C(C7=CC=C(CCC(CCCC)CC)S7)=C8C=CSC8=C6C9=CC=C(CCC(CCCC)CC)S9)S5)=C3C%10=CC=CS%10||O=C(C(C=C(C(F)=C1)F)=C1C/2=C(C#N)\C#N)C2=C/C(S3)=CC=C3C(SC4=C5C(C6=CC=C(CCCCCC)C=C6)(C7=CC=C(CCCCCC)C=C7)C(C4=C8)=CC9=C8C(C%10=CC=C(CCCCCC)C=C%10)(C%11=CC=C(CCCCCC)C=C%11)C%12=C9SC(C%13=CC=C(S%13)/C=C%14C(C(C=C(C(F)=C%15)F)=C%15C\%14=C(C#N)\C#N)=O)=C%12OCCCCCCCC)=C5OCCCCCCCC,96
12,113,test,in-house,124,O=C1C2=C(CC(CC)CCCC)SC(CC(CC)CCCC)=C2C(C3=C(C4=CC=C(C5=CC(C(C6=CC(F)=C(CC(CC)CCCC)S6)=C(SC=C7)C7=C8C9=CC(F)=C(CC(CC)CCCC)S9)=C8S5)S4)SC(C%10=CC=CS%10)=C31)=O||O=C(C1=C(C=C(Cl)C(Cl)=C1)C/2=C(C#N)\C#N)C2=C/C3=CC4=C(C5=C(C(C6=CC=C(CCCCCC)C=C6)4C7=CC=C(CCCCCC)C=C7)C8=C(S5)C(C9=CC=C(CCCCCC)C=C9)=C%10C(C(C%11=CC=C(CCCCCC)C=C%11)(C%12=C%13SC(/C=C%14C(C%15=C(C=C(Cl)C(Cl)=C%15)C\%14=C(C#N)\C#N)=O)=C%12)C%16=CC=C(CCCCCC)C=C%16)=C%13SC%10=C8[O]CCCCCCCC)S3,104
12,114,train,in-house,125,CC(S1)=CC=C1C2=C3C(C(C4=C(SC(CC(CC)CCCC)=C4C3=O)CC(CCCC)CC)=O)=C(S2)C(S5)=CC=C5C6=CC7=C(C8=CC(Cl)=C(CCCCCCOC(C)=O)C8)C9=C(C=C(S9)C)C(C%10=CC(Cl)=C(CCCCCCOC(C)=O)C%10)=C7S6||O=C(C/1=C\C2=C(C3=C(S2)C(N4C5=CC=C(CCCCCC)C=C5)=C(C6=C4C7=C(C8=NSN=C68)C(SC9=C%10SC(/C=C%11C(C%12=CC(F)=C(C=C%12C\%11=C(C#N)/C#N)F)=O)=C9CCCCCCCCCCC)=C%10N7C%13=CC=C(CCCCCC)C=C%13)S3)CCCCCCCCCCC)C%14=CC(F)=C(F)C=C%14C1=C(C#N)/C#N,105
12,115,train,in-house,126,CC1=CC2=C(S1)C(C3=CC=C([Si](CCC)(CCC)CCC)S3)=C4C=C(C5=CC=C(C6=C(F)C(F)=C(C7=CC=C(S7)C)C8=NN(CC(CCCCCCCC)CCCCCC)N=C68)S5)SC4=C2C9=CC=C([Si](CCC)(CCC)CCC)S9||[CH3]C1=C(C(C(/C2=C(C#N)/C#N)=C\C3=CC4=C(S3)C(C(C(C=C5)=CC=C5CCCCCC)(C6=CC7=C8C(C9=CC=C(C=C9)CCCCCC)(C%10=CC=C(C=C%10)CCCCCC)C%11=C7SC%12=C%11SC(/C=C%13C(C%14=C([CH3])SC=C%14C\%13=C(C#N)\C#N)=O)=C%12)C(C=C%15)=CC=C%15CCCCCC)=C(C6=C8)S4)=O)C2=CS1,106
12,116,train,in-house,127,FC1=C(F)C=C(N=C(OCC(CCCCCC)CCCCCCCC)C=N2)C2=C1C3=CC=CS3||O=C(C1=C2C=C(F)C=C1)C(/C2=C(C#N)\C#N)=C\C3=CC(SC4=C5C(C6=CC=CC(CCCCCC)=C6)(C7=CC(CCCCCC)=CC=C7)C8=C4C=C9C(C%10=CC=CC(CCCCCC)=C%10)(C%11=CC=CC(CCCCCC)=C%11)C%12=C(SC%13=C%12SC(/C=C(/C%14=C(C#N)\C#N)C(C%15=C%14C=C(F)C=C%15)=O)=C%13)C9=C8)=C5S3,107
12,117,test,in-house,128,O=C1C2=C(CC(CC)CCCC)SC(CC(CC)CCCC)=C2C(C3=C(C4=CC=C(C5=CC(C(C6=CC(F)=C(CC(CC)CCCC)S6)=C(SC=C7)C7=C8C9=CC(F)=C(CC(CC)CCCC)S9)=C8S5)S4)SC(C%10=CC=CS%10)=C31)=O||FC1=CC(C(/C2=C/C3=C(CCCCCCCCCCCC)C4=C(S3)C(C(C5=CC=C(CCCCCC)C=C5)(C6=CC=C(CCCCCC)C=C6)C(C7=C8C)=C9SC7=CC%10=C8SC%11=C%10[C@](C%12=CC=C(CCCCCC)C=C%12)(C%13=C%11SC%14=C%13SC(/C=C%15/C(C%16=C(C%15=O)C=C(F)C(F)=C%16)=C(C#N)\[N+]#[C-])=C%14CCCCCCCCCCCC)C)=C9S4)=C(C#N)/C#N)=C(C2=O)C=C1F,36
12,118,test,in-house,129,FC1=C(F)C=C(N=C(OCC(CCCCCC)CCCCCCCC)C=N2)C2=C1C3=CC=CS3||O=C(C1=C2C=C(F)C(F)=C1)C(/C2=C(C#N)\C#N)=C\C3=CC(SC4=C5C(C6=CC=CC(CCCCCC)=C6)(C7=CC(CCCCCC)=CC=C7)C8=C4C=C9C(C%10=CC=CC(CCCCCC)=C%10)(C%11=CC=CC(CCCCCC)=C%11)C%12=C(SC%13=C%12SC(/C=C(/C%14=C(C#N)\C#N)C(C%15=C%14C=C(F)C(F)=C%15)=O)=C%13)C9=C8)=C5S3,108
12,119,validation,in-house,130,O=C1C2=C(CC(CC)CCCC)SC(CC(CC)CCCC)=C2C(C3=C(C4=CC=C(C5=CC(C(C6=CC(F)=C(CC(CC)CCCC)S6)=C(SC=C7)C7=C8C9=CC(F)=C(CC(CC)CCCC)S9)=C8S5)S4)SC(C%10=CC=CS%10)=C31)=O||O=C1C2=C(C=C(Cl)C(Cl)=C2)C(/C1=C/C(S3)=CC4=C3C5=C(N4CC(CCCC)CC)C(N(C6=C7C8=NSN=C8C9=C6N(CC(CCCCCC)CCCC)C%10=C9SC%11=C%10CC(/C=C(/C%12=C([N+]#[C-])/C#N)C(C%13=C%12C=C(Cl)C(Cl)=C%13)=O)=C%11CCCCCCCCCCC)CC(CCCCCC)CCCC)=C7S5)=C(C#N)\C#N,109
12,120,train,in-house,131,FC(C(F)=C(C1=NN(N=C21)CCC(CCCC)CCCCCC)C3=CC=C(S3)C)=C2C(S4)=CC=C4C5=CC(C(CCCC(CCCCCC)CCCC)=C6SC(C)=CC6=C7CCCC(CCCC)CCCCCC)=C7S5||N#C/C(C#N)=C(C1=CC=CC=C1C2=O)/C2=C/C3=CC4=C(C5=C(C=C6C(C(CCCCCC)(CCCCCC)C7=C6SC(/C=C8/C(C9=CC=CC=C9C8=O)=C(C#N)/C#N)=C7)=C5)C4(CCCCCC)CCCCCC)S3,110
12,121,train,in-house,132,O=C1C2=C(CC(CC)CCCC)SC(CC(CC)CCCC)=C2C(C3=C(C4=CC=C(C5=CC(C(C6=CC(F)=C(CC(CC)CCCC)S6)=C(SC=C7)C7=C8C9=CC(F)=C(CC(CC)CCCC)S9)=C8S5)S4)SC(C%10=CC=CS%10)=C31)=O||CCCCCCC(C=C1)=CC=C1C2(C3=C(C4=C2C(C=C([Se]C5=C6C(C7=CC=C(C=C7)CCCCCC)(C8=C5SC(/C=C9/C(C%10=CC(Br)=CC=C%10C9=O)=C(C#N)/C#N)=C8)C%11=CC=C(C=C%11)CCCCCC)C6=C%12)=C%12[Se]4)SC(/C=C%13C(C%14=CC(Br)=CC=C%14C/%13=C(C#N)/C#N)=O)=C3)C(C=C%15)=CC=C%15CCCCCC,111
12,122,test,in-house,133,O=C1C2=C(CC(CC)CCCC)SC(CC(CC)CCCC)=C2C(C3=C(C4=CC=C(C5=CC(C(C6=CC(F)=C(CC(CC)CCCC)S6)=C(SC=C7)C7=C8C9=CC(F)=C(CC(CC)CCCC)S9)=C8S5)S4)SC(C%10=CC=CS%10)=C31)=O||O=C(C1=CC=C(Cl)C=C1C/2=C(C#N)/C#N)C2=C/C3=CC4=C(S3)C5=CC6=C(C=C5C4(CCCCCCCC)CCCCCCCC)C7=C(C=C8C9=C(C=C(S9)/C=C%10C(C%11=CC=C(Cl)C=C%11C\%10=C(C#N)/C#N)=O)C(CCCCCCCC)(CCCCCCCC)C8=C7)C(CCCCCCCC)6CCCCCCCC,112
12,123,train,in-house,134,CC1=CC2=C(C3=C(C(C4=CC=C(S4)C)=C2S1)C=C(C5=CC6=C(S5)C7=C(C=C(S7)C)C8=NN(C)N=C68)S3)C9=CC=C(S9)C||c12cc3c(cc1C(c1c2sc2c1sc(c2)/C=C\1/C(=C(C#N)C#N)c2c(C1=O)cccc2)(c1ccc(cc1)CCCCCC)c1ccc(cc1)CCCCCC)c1c(C3(c2ccc(cc2)CCCCCC)c2ccc(cc2)CCCCCC)c2c(s1)cc(s2)/C=C\1/C(=C(C#N)C#N)c2c(C1=O)cccc2,113
12,124,validation,in-house,135,CC(S1)=CC=C1C(C2=NN(CC(CCCCCCCC)CCCCCC)N=C32)=C(F)C(F)=C3C4=CC=C(C(S5)=CC(C5=C6C7=CC=C(SCC(CCCC)CCCCCC)S7)=C(C8=CC=C(SCC(CCCC)CCCCCC)S8)C9=C6C=C(C)S9)S4||O=C(C(C=C(C=CC=C1)C1=C2)=C2C/3=C(C#N)\C#N)C3=C\C4=CC(C(C5=CC=C(CCCCCC)C=C5)(C6=CC=C(CCCCCC)C=C6)C7=C8SC9=C7C(C%10=CC=C(C=C%10)SCC(CC)CCCC)=C%11C(C(SC%12=C%13C(C%14=CC=C(C=C%14)CCCCCC)(C%15=C%12SC(/C=C%16C(C(C=C(C=CC=C%17)C%17=C%18)=C%18C/%16=C(C#N)/C#N)=O)=C%15)C%19=CC=C(C=C%19)CCCCCC)=C%13S%11)=C9C%20=CC=C(C=C%20)SCC(CCCC)CC)=C8S4,114
12,125,test,in-house,136,CC(S1)=CC=C1C2=C3C(C(C4=C(SC(CC(CC)CCCC)=C4C3=O)CC(CCCC)CC)=O)=C(S2)C(S5)=CC=C5C6=CC7=C(C8=CC(Cl)=C(CCCCCC9=CC=C(CCCCCC)S9)C8)C%10=C(C=C(S%10)C)C(C%11=CC(Cl)=C(CCCCCC%12=CC=C(CCCCCC)S%12)C%11)=C7S6||O=C(C/1=C\C2=C(C3=C(S2)C(N4C5=CC=C(CCCCCC)C=C5)=C(C6=C4C7=C(C8=NSN=C68)C(SC9=C%10SC(/C=C%11C(C%12=CC(F)=C(C=C%12C\%11=C(C#N)/C#N)F)=O)=C9CCCCCCCCCCC)=C%10N7C%13=CC=C(CCCCCC)C=C%13)S3)CCCCCCCCCCC)C%14=CC(F)=C(F)C=C%14C1=C(C#N)/C#N,115
12,126,train,in-house,137,O=C(C1=C(CCC(CCCC)CC)SC(CCC(CC)CCCC)=C1C2=O)C(C2=C(C3)C(C4)=CC=C4C5=CC6=C(C(C7=CC=C(CCC(CCCC)CC)S7)=C8C=CSC8=C6C9=CC=C(CCC(CCCC)CC)S9)S5)=C3C%10=CC=CS%10||O=C(C1=C(C=CC(C)=C1)C/2=C(C#N)\C#N)C2=C/C3=CC(SC4=C5C(C6=CC=C(CCCCCC)C=C6)(C7=CC=C(CCCCCC)C=C7)C8=C4C=C9C(C%10=C(C9(C%11=CC=C(CCCCCC)C=C%11)C%12=CC=C(CCCCCC)C=C%12)C(SC%13=C%14SC(/C=C%15C(C(C=C(C)C=C%16)=C%16C\%15=C(C#N)\C#N)=O)=C%13)=C%14S%10)=C8)=C5S3,116
12,127,train,in-house,138,FC1=C(F)C=C(N=C(OCC(CCCCCC)CCCCCCCC)C=N2)C2=C1C3=CC=CS3||O=C(C1=C2C=CC=C1)C(/C2=C([N+]#[C-])\C#N)=C\C3=CC(C4(CCCCCC)CCCCCC)=C(C5=C(C6=C(C(OCCCCCC)=C45)C7=C(C=C(S7)/C=C(/C8=C(C#N)\C#N)C(C9=C8C=CC=C9)=O)C6(CCCCCC)CCCCCC)OCCCCCC)S3.CF.CF,117
12,128,train,in-house,139,O=C(C1=C(CCC(CCCC)CC)SC(CCC(CC)CCCC)=C1C2=O)C(C2=C(C3)C(C4)=CC=C4C5=CC6=C(C(C7=CC=C(CCC(CCCC)CC)S7)=C8C=CSC8=C6C9=CC=C(CCC(CCCC)CC)S9)S5)=C3C%10=CC=CS%10||O=C1C(/C(C2=CC=CC=C21)=C(C#N)/C#N)=C/C3=CC(SC(C4=CC(C5(CCCCCCCC)CCCCCCCC)=C(C6=C5C7=C(C=C(/C=C8C(C9=CC=CC=C9C/8=C(C#N)/C#N)=O)S7)S6)C=C4%10)=C%11C%10(CCCCCCCC)CCCCCCCC)=C%11S3,118
12,129,train,in-house,140,O=C(C1=C(CCC(CCCC)CC)SC(CCC(CC)CCCC)=C1C2=O)C(C2=C(C3)C(C4)=CC=C4C5=CC6=C(C(C7=CC=C(CCC(CCCC)CC)S7)=C8C=CSC8=C6C9=CC=C(CCC(CCCC)CC)S9)S5)=C3C%10=CC=CS%10||O=C(/C(S/1)=C/C2=C3SC(C(CC(CC)CCCCC)OO)=CC3=C(C4=CC(C5(CCCCCC)CCCCCC)=C(C(C5=C6)=CC7=C6C8=C(C=C(C9=C%10C=C(C(CC(CC)CCCCC)OO)SC%10=C(/C=C(C(N/%11CC)=O)\SC%11=C(C#N)\C#N)S9)S8)C7(CCCCCC)CCCCCC)S4)S2)N(C1=C(C#N)/C#N)CC,119
12,130,train,in-house,141,[F]C1=C(CC)SC(C2=C3C(C=C(C)C3)C(C4=CC([F])=C(S4)CC)=C5SC(C6=CC=C(S6)C7=C(C(C8=C(SC(CC)=C8C9=O)CC)=O)C9=C(C%10=CC=C(S%10)C)S7)=CC25)=C1||O=C1C2=C(C=C(Cl)C(Cl)=C2)C(/C1=C/C(S3)=CC4=C3C(S5)=C(C4(C6=CC=C(CCCCCC)C=C6)C7=CC=C(CCCCCC)C=C7)C8=C5C(C9=CC(F)=C(CC(CC)CCCC)S9)=C(C(C%10(C%11=CC=C(CCCCCC)C=C%11)C%12=CC=C(CCCCCC)C=C%12)=C(S%13)C%14=C%10C=C(/C=C(/C%15=C(C#N)\C#N)C(C%16=C%15C=C(Cl)C(Cl)=C%16)=O)S%14)C%13=C8C%17=CC(F)=C(CC(CC)CCCC)S%17)=C(C#N)/C#N,120
12,131,train,in-house,142,CC(S1)=C(CCCCCCCC)C=C1C(O2)=NN=C2C3=CC(CCCCCCCC)=C(C4=CC5=C(C6=C(C(C7=CC=C(S7)CC(CCCCCC)CCCCCCCC)=C5S4)C=C(C)S6)C8=CC=C(S8)CC(CCCCCCCC)CCCCCC)S3||O=C(C1=CC=CC=C1C/2=C(C#N)\C#N)C2=C/C3=CC4=C(C(C(C5=CC=C(CCCCCC)S5)(C6=C7C=C8C(C9=CC=C(S9)CCCCCC)(C%10=CC=C(S%10)CCCCCC)C%11=C(SC%12=C%11SC(/C=C%13C(C%14=CC=CC=C%14C\%13=C(C#N)\C#N)=O)=C%12)C8=C6)C(S%15)=CC=C%15CCCCCC)=C7S4)S3,121
12,132,train,in-house,143,[F]C1=C(CC)SC(C2=C3C(C=C(C)C3)C(C4=CC([F])=C(S4)CC)=C5SC(C6=CC=C(S6)C7=C(C(C8=C(SC(CC)=C8C9=O)CC)=O)C9=C(C%10=CC=C(S%10)C)S7)=CC25)=C1||O=C1C2=C(C=C(F)C(F)=C2)C(/C1=C/C(S3)=CC4=C3C(C5(C6=CC=C(CCCCCC)C=C6)C7=CC=C(CCCCCC)C=C7)=C([Se]4)C(C5=C8)=CC9=C8C([Se]%10)=C(C9(C%11=CC=C(CCCCCC)C=C%11)C%12=CC=C(CCCCCC)C=C%12)C%13=C%10C=C(S%13)/C=C(/C%14=C(C#N)\C#N)C(C%15=C%14C=C(F)C(F)=C%15)=C)=C(C#N)/C#N,122
12,133,test,in-house,144,FC(C(OCC(CCCCCC)CCCCCCCC)=C(C1=NSN=C21)C3=CC=C(S3)C4=CC5=C(C6=C(C(C7=CC=C(S7)CC(CCCC)CC)=C5S4)C=C(C)S6)C8=CC=C(S8)CC(CC)CCCC)=C2C9=CC=C(C)S9||O=C(C1=C(C=C(F)C(F)=C1)C/2=C(C#N)\C#N)C2=C/C(S3)=C(OCCCCCC)C=C3C4=CC(C5(C6=CC=C(C=C6)CCCCCC)C7=CC=C(CCCCCC)C=C7)=C(C(C=C8C9(C%10=CC=C(CCCCCC)C=C%10)C%11=CC=C(CCCCCC)C=C%11)=C5C=C8C%12=C9C=C(C%13=CC(OCCCCCC)=C(S%13)/C=C%14C(C%15=C(C=C(F)C(F)=C%15)C\%14=C(C#N)\C#N)=O)S%12)S4,123
12,134,train,in-house,146,FC(C(F)=C(C1=NN(N=C21)CCC(CCCC)CCCCCC)C3=CC=C(S3)C)=C2C(S4)=CC=C4C5=CC(C(CCCC(CCCCCC)CCCC)=C6SC(C)=CC6=C7CCCC(CCCC)CCCCCC)=C7S5||O=C(C(C=C(C(F)=C1)F)=C1C/2=C(C#N)\C#N)C2=C/C3=CC(C(C4=CC=C(CCCCCC)C=C4)(C5=CC=C(CCCCCC)C=C5)C6=C7SC8=C6C(CCCCCC)=CC9=C8C=C(CCCCCC)C%10=C9SC%11=C%10C(C%12=CC=C(CCCCCC)C=C%12)(C%13=CC=C(CCCCCC)C=C%13)C%14=C%11SC(/C=C%15C(C(C=C(C(F)=C%16)F)=C%16C\%15=C(C#N)\C#N)=O)=C%14)=C7S3,124
12,135,validation,in-house,147,O=C1C2=C(CC(CC)CCCC)SC(CC(CC)CCCC)=C2C(C3=C(C4=CC=C(C5=CC(C(C6=CC(F)=C(CC(CC)CCCC)S6)=C(SC=C7)C7=C8C9=CC(F)=C(CC(CC)CCCC)S9)=C8S5)S4)SC(C%10=CC=CS%10)=C31)=O||O=C(C1=CSC=C1C/2=C(C#N)\C#N)C2=C/C3=CC(SC(C(C=C4C5(C6=CC=C(C=C6)CCCCCCCC)C7=CC=C(CCCCCCCC)C=C7)=C8C=C4C9=C5C%10=C(C=C(S%10)/C=C%11C(C%12=CSC=C%12C\%11=C(C#N)\C#N)=O)S9)=C%13C8(C%14=CC=C(C=C%14)CCCCCCCC)C%15=CC=C(CCCCCCCC)C=C%15)=C%13S3,125
12,136,train,in-house,148,O=C1C2=C(CC(CC)CCCC)SC(CC(CC)CCCC)=C2C(C3=C(C4=CC=C(C5=CC(C(C6=CC(F)=C(CC(CC)CCCC)S6)=C(SC=C7)C7=C8C9=CC(F)=C(CC(CC)CCCC)S9)=C8S5)S4)SC(C%10=CC=CS%10)=C31)=O||O=C(C(C=C(F)C(F)=C1)=C1C/2=C(C#N)\C#N)C2=C/C3=CC(SC4=C5C(C6=C4C([O]CC(CC)CCCC)=C7C(C([O]CC(CCCC)CC)=C8C(SC9=C%10SC(/C=C%11C(C(C=C(F)C(F)=C%12)=C%12C\%11=C(C#N)\C#N)=O)=C9)=C%10C(C%13=CC=C(CCCCCC)C=C%13)(C%14=CC=C(CCCCCC)C=C%14)C8=C7)=C6)(C%15=CC=C(CCCCCC)C=C%15)C%16=CC=C(CCCCCC)C=C%16)=C5S3,126
12,137,train,in-house,149,O=C(C1=C(CCC(CCCC)CC)SC(CCC(CC)CCCC)=C1C2=O)C(C2=C(C3)C(C4)=CC=C4C5=CC6=C(C(C7=CC=C(CCC(CCCC)CC)S7)=C8C=CSC8=C6C9=CC=C(CCC(CCCC)CC)S9)S5)=C3C%10=CC=CS%10||O=C(C(C=C(F)C=C1)=C1C/2=C(C#N)\C#N)C2=C/C3=CC(N4CCCCCCCC)=C(C5=C4C(C(C(C=C6)=CC=C6CCCCCC)(C(C=C7C8=C9C(SC%10=C%11SC(/C=C%12C(C(C=C(F)C=C%13)=C%13C\%12=C(C#N)/C#N)=O)=C%10)=C%11S8)=C%14C=C7C9(C%15=CC=C(C=C%15)CCCCCC)C%16=CC=C(C=C%16)CCCCCC)C%17=CC=C(C=C%17)CCCCCC)=C%14S5)S3,127
12,138,test,in-house,150,FC(C=C(C1=C2SC=CC2=C(C3=CC(F)=C(CC(CCCC)CC)S3)C4=C1C=C(C5=CC=C(C6=C(C(C(C7=C(CC(CCCC)CC)SC(CC(CC)CCCC)=C78)=O)=C(C9=CC=CC9)S6)C8=O)S5)S4)S%10)=C%10CC(CC)CCCC||O=C1C(/C(C2=CC=C(Cl)C=C21)=C(C#N)/C#N)=C\C3=CC4=C(C5=C(S4)C(C(C(C6=CC=C(C=C6)CCCCCC)5C7=CC=C(CCCCCC)C=C7)=C8)=CC9=C8C%10=C(C(C%11=CC=C(CCCCCC)C=C%11)9C%12=CC=C(CCCCCC)C=C%12)C(S%13)=C(S%10)C=C%13/C=C%14/C(C%15=CSC=C%15C%14=O)=C(C#N)/C#N)S3,128
12,139,test,in-house,151,ClC1=C(C2=CC(C(C3=CC=C(C=C3)CC(CCCCCC)CCCC)=C4SC(C)=CC4=C5C6=CC=C(C=C6)CC(CCCC)CCCCCC)=C5S2)SC(C7=C8C(C(C9=C(SC(CC(CCCC)CC)=C9C8=O)CC(CCCC)CC)=O)=C(S7)C%10=CC(Cl)=C(C)S%10)=C1||O=C(C1=CSC=C1C/2=C(C#N)\C#N)C2=C/C3=CC(SC(C(C=C4C5(C6=CC=C(C=C6)CCCCCCCC)C7=CC=C(CCCCCCCC)C=C7)=C8C=C4C9=C5C%10=C(C=C(S%10)/C=C%11C(C%12=CSC=C%12C\%11=C(C#N)\C#N)=O)S9)=C%13C8(C%14=CC=C(C=C%14)CCCCCCCC)C%15=CC=C(CCCCCCCC)C=C%15)=C%13S3,129
12,140,train,in-house,152,[F]C1=C(CC)SC(C2=C3C(C=C(C)C3)C(C4=CC([F])=C(S4)CC)=C5SC(C6=CC=C(S6)C7=C(C(C8=C(SC(CC)=C8C9=O)CC)=O)C9=C(C%10=CC=C(S%10)C)S7)=CC25)=C1||O=C1C(/C(C2=CC=CC=C21)=C(C#N)/C#N)=C\C3=CC4=C(S3)C(C(C5=CC=C(C=C5)CCCCCC)(C6=C7C=C(C(C8=CC=C(CCCCCC)C=C8)(C9=CC=C(CCCCCC)C=C9)C%10=C%11SC%12=C%10SC(/C=C%13C(C%14=CC(Cl)=C(C=C%14C\%13=C(C#N)\C#N)Cl)=O)=C%12)C%11=C6)C%15=CC=C(C=C%15)CCCCCC)=C7S4,130
12,141,train,in-house,153,OC1=C(C(C2=C(SC(C3=CC=C(C)S3)=C2C4=O)C5=CC=C(S5)C6=CC7=C(C8=C(C(C9=CC=C(C(SC%10=CC=C(C=C%10)CCCCCC)=C9[H])[H])=C7S6)C=C(C)S8)C%11=CC=C(C(SC%12=CC=C(C=C%12)CCCCCC)=C%11[H])[H])=O)C4=C(O)S1||O=C(C1=CSC=C1C/2=C(C#N)\C#N)C2=C/C3=CC(SC(C(C=C4C5(C6=CC=C(C=C6)CCCCCCCC)C7=CC=C(CCCCCCCC)C=C7)=C8C=C4C9=C5C%10=C(C=C(S%10)/C=C%11C(C%12=CSC=C%12C\%11=C(C#N)\C#N)=O)S9)=C%13C8(C%14=CC=C(C=C%14)CCCCCCCC)C%15=CC=C(CCCCCCCC)C=C%15)=C%13S3,131
12,142,train,in-house,155,FC(C=C(C1=C2SC=CC2=C(C3=CC(F)=C(CC(CCCC)CC)S3)C4=C1C=C(C5=CC=C(C6=C(C(C(C7=C(CC(CCCC)CC)SC(CC(CC)CCCC)=C78)=O)=C(C9=CC=CC9)S6)C8=O)S5)S4)S%10)=C%10CC(CC)CCCC||O=C(C1=C(C=C(C=CC=C2)C2=C1)C/3=C(C#N)\C#N)C3=C/C4=CC(C5(C6=CC=C(CCCCCC)C=C6)C(C=C7)=CC=C7CCCCCC)=C(C8=CC(C(C9=CC=C(C=C9)CCCCCC)(C%10=C%11SC(/C=C%12C(C%13=C(C=C(C=CC=C%14)C%14=C%13)C\%12=C(C#N)\C#N)=O)=C%10)C%15=CC=C(C=C%15)CCCCCC)=C%11C=C58)S4,132
12,143,validation,in-house,157,FC1=C(F)C=C(N=C(OCC(CCCCCC)CCCCCCCC)C=N2)C2=C1C3=CC=CS3||O=C(C1=CSC=C1C/2=C(C#N)\C#N)C2=C/C3=CC(C4(CCCCCC)CCCCCC)=C(C5=CC6=C(C7=C(C6(CCCCCC)CCCCCC)C=C(/C=C8C(C9=CSC=C9C\8=C(C#N)\C#N)=O)S7)C=C54)S3,133
12,144,train,in-house,158,FC1=C(F)C=C(N=C(OCC(CCCCCC)CCCCCCCC)C=N2)C2=C1C3=CC=CS3||O=C(C1=CC(F)=C(C=C1C/2=C(C#N)\C#N)F)C2=C/C3=CSC(C4=CC(C5(C6=CC=C(C=C6)CCCCCC)C7=CC=C(CCCCCC)C=C7)=C(C8=CC9=C(C%10=C(C9(C%11=CC=C(C=C%11)CCCCCC)C%12=CC=C(C=C%12)CCCCCC)C=C(C%13=C(SCC(CCCC)CC)C(/C=C%14C(C%15=CC(F)=C(C=C%15C\%14=C(C#N)\C#N)F)=O)=CS%13)S%10)C=C85)S4)=C3SCC(CC)CCCC,134
12,145,test,in-house,159,O=C(C1=C(CCC(CCCC)CC)SC(CCC(CC)CCCC)=C1C2=O)C(C2=C(C3)C(C4)=CC=C4C5=CC6=C(C(C7=CC=C(CCC(CCCC)CC)S7)=C8C=CSC8=C6C9=CC=C(CCC(CCCC)CC)S9)S5)=C3C%10=CC=CS%10||c12cc3c(cc1C(c1c2sc2c1sc(c2)/C=C\1/C(=C(C#N)C#N)c2c(C1=O)cccc2)(c1ccc(cc1)CCCCCC)c1ccc(cc1)CCCCCC)c1c(C3(c2ccc(cc2)CCCCCC)c2ccc(cc2)CCCCCC)c2c(s1)cc(s2)/C=C\1/C(=C(C#N)C#N)c2c(C1=O)cccc2,135
12,146,train,in-house,160,O=C1C2=C(CC(CC)CCCC)SC(CC(CC)CCCC)=C2C(C3=C(C4=CC=C(C5=CC(C(C6=CC(F)=C(CC(CC)CCCC)S6)=C(SC=C7)C7=C8C9=CC(F)=C(CC(CC)CCCC)S9)=C8S5)S4)SC(C%10=CC=CS%10)=C31)=O||O=C1C2=C(C=C(C(F)=C2)F)C(/C1=C\C([Se]3)=CC=C3C4=CC(C5=C(OCCCCCC)C=CC=C5OCCCCCC)=C(C6=C(C7=C(OCCCCCC)C=CC=C7OCCCCCC)C=C(C8=CC=C([Se]8)/C=C(/C9=C([N+]#[C-])/C#N)C(C%10=C9C=C(F)C(F)=C%10)=O)S6)S4)=C(C#N)/[N+]#[C-],136
12,147,train,in-house,161,CC1=CC(C(S1)=C(C2=C3SC(C4=CC=C(C(C5=NN(CC(CCCCCC)CCCC)N=C65)=CC(C7=NN(CC(CCCCCC)CCCC)N=C87)=C6C=C8C9=CC=C(C)S9)S4)=C2)C%10=CC([H])=C(SCC(CCCC)CCCCCC)S%10)=C3C%11=CC([H])=C(S%11)SCC(CCCCCC)CCCC||c12cc3c(cc1C(c1c2sc2c1sc(c2)/C=C\1/C(=C(C#N)C#N)c2c(C1=O)cccc2)(c1ccc(cc1)CCCCCC)c1ccc(cc1)CCCCCC)c1c(C3(c2ccc(cc2)CCCCCC)c2ccc(cc2)CCCCCC)c2c(s1)cc(s2)/C=C\1/C(=C(C#N)C#N)c2c(C1=O)cccc2,137
12,148,train,in-house,163,O=C(C1=C(CCC(CCCC)CC)SC(CCC(CC)CCCC)=C1C2=O)C(C2=C(C3)C(C4)=CC=C4C5=CC6=C(C(C7=CC=C(CCC(CCCC)CC)S7)=C8C=CSC8=C6C9=CC=C(CCC(CCCC)CC)S9)S5)=C3C%10=CC=CS%10||FC(C=C1)=CC2=C1C(C(/C2=C(C#N)/C#N)CC(S3)=CC4=C3C(S5)=C(C(C6=CC=C(CCCCCC)C=C6)4C7=CC=C(CCCCCC)C=C7)C(C5=C8CCCCCCCC)=C(CCCCCCCC)C9=C8C(C%10(C%11=CC=C(CCCCCC)C=C%11)C%12=CC=C(CCCCCC)C=C%12)=C(S9)C(S%13)=C%10C=C%13/C=C(/C%14=C(C#N)\C#N)C(C%15=C%14C=C(F)C=C%15)=O)=O,138
12,149,train,in-house,164,FC1=C(C2=CC(CC(CCCCCCCCCC)CCCCCCCCCCCC)=C(C)S2)C3=NSN=C3C(C4=CC=C(C)S4)=C1||FC1=CC2=C(C(/C(C2=O)=C/C3=CC(OCC(CC)CCCC)=C(S3)C4=CC5=C(S4)C6=CC(C7(C8=CC=C(CCCCCC)C=C8)C9=CC=C(CCCCCC)C=C9)=C(C%10=C7C=C(S%10)C%11=C(OCC(CC)CCCC)C=C(S%11)/C=C(/C(C%12=C%13C=C(F)C(F)=C%12)=C(C#N)\C#N)C%13=O)C=C6C5(C%14=CC=C(CCCCCC)C=C%14)C%15=CC=C(CCCCCC)C=C%15)=C(C#N)/C#N)C=C1F,139
12,150,train,in-house,166,O=C(C1=C(CCC(CCCC)CC)SC(CCC(CC)CCCC)=C1C2=O)C(C2=C(C3)C(C4)=CC=C4C5=CC6=C(C(C7=CC=C(CCC(CCCC)CC)S7)=C8C=CSC8=C6C9=CC=C(CCC(CCCC)CC)S9)S5)=C3C%10=CC=CS%10||O=C(C1=CC=CC=C1C/2=C(C#N)/C#N)C2=C/C3=CC(SC4C5C(C)=C(C(C6=CC=C(C=C6)CCCCCC)(C7=CC=C(C=C7)CCCCCC)C8=CSC9=C8SC(/C=C%10C(C(C=CC=C%11)=C%11C\%10=C(C#N)/C#N)=C)=C9)C=C(C)C5C(C%12=CC=C(C=C%12)CCCCCC)(C%13=CC=C(C=C%13)CCCCCC)C%144)=C%14S3,140
12,151,train,in-house,167,FC1=C(C(OCC(CCCC)CC)=O)SC2=CSC(C3=CC4=C(C5=C(C(C6=CC=C(CC(CC)CCCC)S6)=C4S3)C=CS5)C7=CC=C(CC(CC)CCCC)S7)=C12||O=C(C1=C(C=CC=C1F)C/2=C(C#N)/C#N)C2=C/C3=CC(OCC(CCCC)CC)=C(C4=CC5=C(C6=CC(C(C7=CC=C(C=C7)CCCCCC)(C8=C9SC(C%10=C(OCC(CC)CC)C=C(/C=C%11C(C(C(F)=CC=C%12)=C%12C\%11=C(C#N)\[N+]#[C-])=O)S%10)=C8)C%13=CC=C(C=C%13)CCCCCC)=C9C=C6C(C%14=CC=C(C=C%14)CCCCCC)5C%15=CC=C(C=C%15)CCCCCC)S4)S3,141
12,152,train,in-house,168,O=C(C1=C(CCC(CCCC)CC)SC(CCC(CC)CCCC)=C1C2=O)C(C2=C(C3)C(C4)=CC=C4C5=CC6=C(C(C7=CC=C(CCC(CCCC)CC)S7)=C8C=CSC8=C6C9=CC=C(CCC(CCCC)CC)S9)S5)=C3C%10=CC=CS%10||O=C(C1=C(C=C(Cl)C(Cl)=C1)C/2=C(C#N)\C#N)C2=C/C3=CC(C4(CCCCCCCC)CCCCCCCC)=C(S3)C(S5)=C4C=C5C(C6=NSN=C6C(C7=CC8=C(C9=C(C8(CCCCCCCC)CCCCCCCC)C=C(/C=C%10C(C(C=C(Cl)C(Cl)=C%11)=C%11C\%10=C(C#N)\C#N)=O)S9)S7)=C%12OCCCCCCCC)=C%12OCCCCCCCC,142
12,153,validation,in-house,169,CC1=CC(C(S1)=C(C2=C3SC(C(S4)=CC=C4C5=C6C(C(C7=C(SC(CC(CC)CCCCC)=C7C6=O)CC(CC)CCCCC)=O)=C(C8=CC=C(C)S8)S5)=C2)C9=CC(C=C(C=C%10)B=O)=C%10S9)=C3C%11=CC(C=C(C=C%12)B=O)=C%12S%11||O=C(C1=CC=CC=C1C/2=C(C#N)/C#N)C2=C/C3=CC(SC4C5C(C)=C(C(C6=CC=C(C=C6)CCCCCC)(C7=CC=C(C=C7)CCCCCC)C8=CSC9=C8SC(/C=C%10C(C(C=CC=C%11)=C%11C\%10=C(C#N)/C#N)=C)=C9)C=C(C)C5C(C%12=CC=C(C=C%12)CCCCCC)(C%13=CC=C(C=C%13)CCCCCC)C%144)=C%14S3,143
12,154,test,in-house,170,FC(C(F)=C(C1=N2)C3=CC=C(S3)C4=CC5=C(C6=C(C(C7=CC(Cl)=C(S7)CC(CCCC)CC)=C5S4)C=C(C)S6)C8=CC(Cl)=C(S8)CC(CCCC)CC)=C(C9=CC=C(C)S9)C1=NN2CCC(CCCCCCCCCC)CCCCCCCC||c1(cc2c(cc1F)C(=O)/C(=C\c1cc3c(s1)c1c(s3)c3c(C1(c1ccc(cc1)CCCCCC)c1ccc(cc1)CCCCCC)cc1c(c3)C(c3c1sc1c3sc(c1)/C=C/1\C(=O)c3c(C1=C(C#N)C#N)cc(c(c3)F)F)(c1ccc(cc1)CCCCCC)c1ccc(cc1)CCCCCC)/C2=C(C#N)C#N)F,144
12,155,test,in-house,171,FC(C(F)=C(C1=NN(N=C21)CCC(CCCC)CCCCCC)C3=CC=C(S3)C)=C2C(S4)=CC=C4C5=CC(C(CCCC(CCCCCC)CCCC)=C6SC(C)=CC6=C7CCCC(CCCC)CCCCCC)=C7S5||O=C(C1=C(C=CC(F)=C1)C/2=C(C#N)\C#N)C2=C/C3=CC4=C(C(C5(C6=CC=C(S6)CCCCCC)C(S7)=CC=C7CCCCCC)=C(C(C=C8C9(C%10=CC=C(S%10)CCCCCC)C%11=CC=C(S%11)CCCCCC)=C5C=C8C%12=C9C%13=C(C=C(S%13)/C=C%14C(C%15=C(C=CC(F)=C%15)C\%14=C(C#N)\C#N)=O)S%12)S4)S3,145
12,156,train,in-house,172,FC(C(F)=C(C1=N2)C3=CC=C(S3)C4=CC5=C(C6=C(C(C(C=C7)=CC=C7C(C=C8)=CC=C8[S]CC(CCCCCC)CCCCCCCC)=C5S4)C=C(C)S6)C9=CC=C(C=C9)C%10=CC=C(C=C%10)[S]CC(CCCCCC)CCCCCCCC)=C(C%11=CC=C(C)S%11)C1=NN2CCC(CCCCCC)CCCCCCCC||c12cc3c(cc1C(c1c2sc2c1sc(c2)/C=C\1/C(=C(C#N)C#N)c2c(C1=O)cccc2)(c1ccc(cc1)CCCCCC)c1ccc(cc1)CCCCCC)c1c(C3(c2ccc(cc2)CCCCCC)c2ccc(cc2)CCCCCC)c2c(s1)cc(s2)/C=C\1/C(=C(C#N)C#N)c2c(C1=O)cccc2,146
12,157,train,in-house,173,CC1=CC2=C(S1)C(C3=CC=C([Si](CCC)(CCC)CCC)S3)=C4C=C(C5=CC=C(C6=C(F)C(F)=C(C7=CC=C(S7)C)C8=NN(CC(CCCCCCCC)CCCCCC)N=C68)S5)SC4=C2C9=CC=C([Si](CCC)(CCC)CCC)S9||O=C(C1=C(C)SC=C1C/2=C(C#N)\C#N)C2=C\C3=CC(SC4=C5C(C6=CC(CCCCCC)=CC=C6)(C7=CC=CC(CCCCCC)=C7)C(C4=C8)=CC9=C8C(C%10=CC(CCCCCC)=CC=C%10)(C%11=CC=CC(CCCCCC)=C%11)C%12=C9SC%13=C%12SC(/C=C%14C(C%15=C(C)SC=C%15C/%14=C(C#N)/C)=O)=C%13)=C5S3,147
12,158,train,in-house,174,O=C1C2=C(CC(CC)CCCC)SC(CC(CC)CCCC)=C2C(C3=C(C4=CC=C(C5=CC(C(C6=CC(F)=C(CC(CC)CCCC)S6)=C(SC=C7)C7=C8C9=CC(F)=C(CC(CC)CCCC)S9)=C8S5)S4)SC(C%10=CC=CS%10)=C31)=O||CCC(CCCC)CN1C2=C(C=C(C(C3=CC=C(CCCCCC)C=C3)(C4=CC=C(CCCCCC)C=C4)C5=C6SC7=C5SC(/C=C8C(C(C=C(F)C(F)=C9)=C9C\8=C(C#N)\C#N)=O)=C7)C6=C2)C%10=C1C=C(C%11=C%12C%13=C(C=C(S%13)/C=C%14C(C%15=CC([F])=C(C=C%15C\%14=C(C#N)/C#N)[F])=O)S%11)C(C%12(C%16=CC=C(CCCCCC)C=C%16)C%17CC=C(C=C%17)CCCCCC)=C%10,148
12,159,test,in-house,175,O=C(C1=C(CCC(CCCC)CC)SC(CCC(CC)CCCC)=C1C2=O)C(C2=C(C3)C(C4)=CC=C4C5=CC6=C(C(C7=CC=C(CCC(CCCC)CC)S7)=C8C=CSC8=C6C9=CC=C(CCC(CCCC)CC)S9)S5)=C3C%10=CC=CS%10||O=C(C(C=CC=C1)=C1C/2=C(C#N)\C#N)C2=C/C3=CC4=C(C5=C(S4)C6=C(C(C7=CC=C(CCCCCC)C=C7)5C8=CC=C(CCCCCC)C=C8)C=C(C9=C(C(C%10=CC=C(C=C%10)CCCCCC)%11C%12=CC=C(C=C%12)CCCCCC)C(S%13)=C(S9)C=C%13/C=C(C%14=O)/C(C(C=C%15OC)=C%14C=C%15OC)=C(C#N)\C#N)C%11=C6)S3,149
12,160,train,in-house,176,O=C(C1=C(CCC(CCCC)CC)SC(CCC(CC)CCCC)=C1C2=O)C(C2=C(C3)C(C4)=CC=C4C5=CC6=C(C(C7=CC=C(CCC(CCCC)CC)S7)=C8C=CSC8=C6C9=CC=C(CCC(CCCC)CC)S9)S5)=C3C%10=CC=CS%10||c1cc(c2c(c1C=C(C#N)C#N)nsn2)c1sc(cc1)c1cc2c(cc1)c1c([C@@]2(C[C@@H](CC)CCCC)C[C@H](CC)CCCC)cc(s1)c1c2c(c(cc1)C=C(C#N)C#N)nsn2,150
12,161,train,in-house,177,O=C(C1=C(CCC(CCCC)CC)SC(CCC(CC)CCCC)=C1C2=O)C(C2=C(C3)C(C4)=CC=C4C5=CC6=C(C(C7=CC=C(CCC(CCCC)CC)S7)=C8C=CSC8=C6C9=CC=C(CCC(CCCC)CC)S9)S5)=C3C%10=CC=CS%10||O=C(C1=C(C(C=CC=C2)=C2S1)C/3=C(C#N)/C#N)C3=C/C4=CC5=C(C6=C(C5(C7=CC=C(C=C7)CCCCCCCC)C8=CC=C(C=C8)CCCCCCCC)C9=C(C=C%10C%11=C(SC%10=C9)C%12=C(C=C(/C=C%13/C(C%14=C(C%13=O)C(C=CC=C%15)=C%15S%14)=C(C#N)\C#N)S%12)C%11(C(C=C%16)=CC=C%16CCCCCCCC)C%17=CC=C(C=C%17)CCCCCCCC)S6)S4,151
12,162,train,in-house,178,O=C(C1=C(CCC(CCCC)CC)SC(CCC(CC)CCCC)=C1C2=O)C(C2=C(C3)C(C4)=CC=C4C5=CC6=C(C(C7=CC=C(CCC(CCCC)CC)S7)=C8C=CSC8=C6C9=CC=C(CCC(CCCC)CC)S9)S5)=C3C%10=CC=CS%10||O=C(C1=CC=C(Br)C=C1C/2=C(C#N)/C#N)C2=C/C3=CC4=C(S3)C5=CC6=C(C=C5C4(CCCCCCCC)CCCCCCCC)C7=C(C=C8C9=C(C=C(S9)/C=C%10C(C%11=CC=C(Br)C=C%11C\%10=C(C#N)/C#N)=O)C(CCCCCCCC)(CCCCCCCC)C8=C7)C(CCCCCCCC)6CCCCCCCC,152
12,163,test,in-house,179,O=C(C1=C(CC(CCCC)CC)SC(CC(CCCC)CC)=C12)C3=C(C4=CC=CS4)SC(C(S5)=CC=C5C6=CC7=C(C8=CC=C(CC(CCCC)CCCCCC)C=C8)C(SC=C9)=C9C(C%10=CC=C(CC(CCCCCC)CCCC)C=C%10)=C7S6)=C3C2=O||O=C1C(/C(C2=C1C=C(F)C(F)=C2)=C(C#N)/C#N)=C\C3=CC4=C(S3)C(C(C5=CC=C(CCCCCC)C=C5)(C6=CC7=C(C(C8=CC=C(CCCCCC)C=C8)(C9=C7SC%10=C9SC%11=C%10SC(/C=C%12C(C(C=C(F)C(F)=C%13)=C%13C\%12=C(C#N)\C#N)=O)=C%11)C%14=CC=C(CCCCCC)C=C%14)C=C6%15)C%16=CC=C(CCCCCC)C=C%16)=C%15S4,153
12,164,validation,in-house,180,O=C1C2=C(CC(CC)CCCC)SC(CC(CC)CCCC)=C2C(C3=C(C4=CC=C(C5=CC(C(C6=CC(F)=C(CC(CC)CCCC)S6)=C(SC=C7)C7=C8C9=CC(F)=C(CC(CC)CCCC)S9)=C8S5)S4)SC(C%10=CC=CS%10)=C31)=O||O=C(C1=CSC=C1C/2=C(C#N)\C#N)C2=C/C3=CC(SC(C4=CC5=C(C6=C(C5(C7=CC=C(C=C7)CCCCCC)C8=CC=C(C=C8)CCCCCC)C9=C(C=C(S9)/C=C%10C(C%11=CSC=C%11C\%10=C(C#N)\C#N)=O)S6)C=C4%12)=C%13C%12(C%14=CC=C(C=C%14)CCCCCC)C(C=C%15)=CC=C%15CCCCCC)=C%13S3,125
12,165,train,in-house,181,FC(C=C(C1=C2C(C=C(S2)CSC3=C(CCCCCC)C(SC(C4=CC=C(/C(C(N5CC(CCCCCC)CCCCCCCC)=O)=C6C(N(CC(CCCCCC)CCCCCCCC)C7=C\6C=CC(C8=CC9=C(C(CCCCCC)=C(C)S9)S8)=C7)=O)C5=C4)=C%10)=C%10S3)=C(C%11=CC(F)=C(SCC(CC)CC)S%11)C%12=C1C=C(C)S%12)S%13)=C%13SCC(CCCC)CC||O=C(C/1=C\C2=C(C3=C(S2)C(N4C5=CC=C(CCCCCC)C=C5)=C(C6=C4C7=C(C8=NSN=C68)C(SC9=C%10SC(/C=C%11C(C%12=CC(F)=C(C=C%12C\%11=C(C#N)/C#N)F)=O)=C9CCCCCCCCCCC)=C%10N7C%13=CC=C(CCCCCC)C=C%13)S3)CCCCCCCCCCC)C%14=CC(F)=C(F)C=C%14C1=C(C#N)/C#N,154
12,166,validation,in-house,182,O=C(C1=C(CC(CCCC)CC)SC(CC(CCCC)CC)=C12)C3=C(C4=CC=CS4)SC(C(S5)=CC=C5C6=CC7=C(C8=CC=C(CC(CCCC)CCCCCC)C=C8)C(SC=C9)=C9C(C%10=CC=C(CC(CCCCCC)CCCC)C=C%10)=C7S6)=C3C2=O||O=C(C1=C(C=C(F)C=C1)C/2=C(C#N)\C#N)C2=C/C3=CC(C4(C5=CC=C(C=C5)CCCCCC)C(C=C6)=CC=C6CCCCCC)=C(C(C=C7C8(C9=CC=C(CCCCCC)C=C9)C%10=CC=C(CCCCCC)C=C%10)=C4C=C7C%11=C8C%12=C(C(SC(/C=C%13C(C%14=C(C=CC(F)=C%14)C\%13=C(C#N)\C#N)=O)=C%15)=C%15S%12)S%11)S3,155
12,167,test,in-house,183,CC1=C(F)C=C(S1)C2=C3C=C(SC3=C(C4=C2SC(C5=CC=C(S5)C6=C(C(F)=C(C(N=C7C8=CC=CC(OCCCCCCCC)=C8)=C6N=C7C9=CC=CC(OCCCCCCCC)=C9)C%10=CC=C(C)S%10)F)=C4)C%11=CC(F)=C(S%11)C)C||O=C(C/1=C\C2=C(C3=C(S2)C(N4C5=CC=C(CCCCCC)C=C5)=C(C6=C4C7=C(C8=NSN=C68)C(SC9=C%10SC(/C=C%11C(C%12=CC(F)=C(C=C%12C\%11=C(C#N)/C#N)F)=O)=C9CCCCCCCCCCC)=C%10N7C%13=CC=C(CCCCCC)C=C%13)S3)CCCCCCCCCCC)C%14=CC(F)=C(F)C=C%14C1=C(C#N)/C#N,156
12,168,train,in-house,185,c1(c2c3c(c(c4c2cc(s4)c2ccc(s2)c2sc(c4c2C(=O)c2c(C4=O)c(sc2C[C@H](CCCC)CC)C[C@@H](CCCC)CC)c2cccs2)c2ccc(s2)[Si](CCC)(CCC)CCC)ccs3)ccc(s1)[Si](CCC)(CCC)CCC||N#C/C(C#N)=C(C1=CC=CC=C1C2=O)/C2=C/C3=CC4=C(C5=C(C=C6C(C(CCCCCC)(CCCCCC)C7=C6SC(/C=C8/C(C9=CC=CC=C9C8=O)=C(C#N)/C#N)=C7)=C5)C4(CCCCCC)CCCCCC)S3,157
12,169,test,in-house,187,O=C(C1=C(CCC(CCCC)CC)SC(CCC(CC)CCCC)=C1C2=O)C(C2=C(C3)C(C4)=CC=C4C5=CC6=C(C(C7=CC=C(CCC(CCCC)CC)S7)=C8C=CSC8=C6C9=CC=C(CCC(CCCC)CC)S9)S5)=C3C%10=CC=CS%10||O=C(C1=C(C/2=C(C#N)\C#N)C=C(F)C(F)=C1)C2=C/C3=C(CCCCCC)C=C(C4=CC(C(C5=CC=C(C=C5)CCCCCC)(C(C=C6)=CC=C6CCCCCC)C(C7=C8)=C9SC7=CC%10=C8SC%11=C%10C(C%12=CC=C(C=C%12)CCCCCC)(C%13=CC=C(C=C%13)CCCCCC)C%14=C%11SC(C%15=CC(CCCCCC)=C(/C=C(C%16=O)/C(C%17=C%16C=C(F)C(F)=C%17)=C(C#N)/C#N)S%15)=C%14)=C9S4)S3,158
12,170,train,in-house,189,O=C(C1=C(CCC(CCCC)CC)SC(CCC(CC)CCCC)=C1C2=O)C(C2=C(C3)C(C4)=CC=C4C5=CC6=C(C(C7=CC=C(CCC(CCCC)CC)S7)=C8C=CSC8=C6C9=CC=C(CCC(CCCC)CC)S9)S5)=C3C%10=CC=CS%10||CCCCCCC(C=C1)=CC=C1C2(C(C3=C(S4)C=C(S3)/C=C(C(C5=C6C=C(OC)C=C5)=O)\C6=C(C#N)\C#N)=C4C7=C2C=C(C8=C7)C9=C(C8(C%10=CC=C(C=C%10)CCCCCC)C%11=CC=C(C=C%11)CCCCCC)C%12=C(C=C(S%12)/C=C(/C(C%13=C%14C=CC(OC)=C%13)=C(C#N)\C#N)C%14=O)S9)C(C=C%15)=CC=C%15CCCCCC,159
12,171,train,in-house,190,O=C(OCC(CCCC)CC)C(C=C(C)S1)=C1C2=CC=C(S2)C3=C(C(OCC(CCCC)CC)=O)C=C(C4=CC(C(C5=CC=C(S5)SCCCCCCCC)=C6SC(C)=CC6=C7C8=CC=C(S8)SCCCCCCCC)=C7S4)S3||O=C(C1=CC=CC=C1C/2=C(C#N)/C#N)C2=C/C3=CC(SC4C5C(C)=C(C(C6=CC=C(C=C6)CCCCCC)(C7=CC=C(C=C7)CCCCCC)C8=CSC9=C8SC(/C=C%10C(C(C=CC=C%11)=C%11C\%10=C(C#N)/C#N)=C)=C9)C=C(C)C5C(C%12=CC=C(C=C%12)CCCCCC)(C%13=CC=C(C=C%13)CCCCCC)C%144)=C%14S3,160
12,172,train,in-house,191,S=C(N1CCCCCC)S/C(C1=O)=C\C(S2)=CC=C2C3=C(CCCCCC)C=C(S3)C(SC(C4=CC5=C(C(C6=CC(CC(CC)CCCC)=C(CCCCCC)S6)=C7C=C(SC7=C5C8=CC(CCCCCC)=C(CC(CCCC)CC)S8)C9=CC(CCCCCC)=C(C%10=CC(CCCCCC)=C(C%11=CC=C(/C=C(C%12=O)\SC(N%12CCCCCC)=S)S%11)S%10)S9)C4)=C%13)=C%13CCCCCC||O=C(C/1=C\C2=C(C3=C(S2)C(N4C5=CC=C(CCCCCC)C=C5)=C(C6=C4C7=C(C8=NSN=C68)C(SC9=C%10SC(/C=C%11C(C%12=CC(F)=C(C=C%12C\%11=C(C#N)/C#N)F)=O)=C9CCCCCCCCCCC)=C%10N7C%13=CC=C(CCCCCC)C=C%13)S3)CCCCCCCCCCC)C%14=CC(F)=C(F)C=C%14C1=C(C#N)/C#N,161
12,173,train,in-house,192,O=C(C1=C(CCC(CCCC)CC)SC(CCC(CC)CCCC)=C1C2=O)C(C2=C(C3)C(C4)=CC=C4C5=CC6=C(C(C7=CC=C(CCC(CCCC)CC)S7)=C8C=CSC8=C6C9=CC=C(CCC(CCCC)CC)S9)S5)=C3C%10=CC=CS%10||O=C(C1=C([H])SC([H])=C1C/2=C(C#N)\C#N)C2=C/C3=CC(C(C4=CC=C(CCCCCC)C=C4)(C5=CC=C(CCCCCC)C=C5)C6=C7SC8=C6C(C9=CC=C(S9)CC(CCCC)CC)=C%10SC(C%11=C(C%12(C%13=CC=C(CCCCCC)C=C%13)C%14=CC=C(CCCCCC)C=C%14)C=C(/C=C%15C(C%16=C(SC([H])=C%16C\%15=C(C#N)\C#N)[H])=O)S%11)=C%12C%10=C8C%17=CC=C(CC(CC)CCCC)S%17)=C7S3,162
12,174,train,in-house,193,CC1=CC(C(C2=CC=C(S2)[Si](CCC)(CCC)CCC)=C3SC(C4=CC=C(S4)C5=C(C(Cl)=C(C6=NN(N=C56)CC(C)C)C7=CC=C(S7)C)Cl)=CC3=C8C9=CC=C(S9)[Si](CCC)(CCC)CCC)=C8S1||[CH3]C1=C(C(C(/C2=C(C#N)/C#N)=C\C3=CC4=C(S3)C(C(C(C=C5)=CC=C5CCCCCC)(C6=CC7=C8C(C9=CC=C(C=C9)CCCCCC)(C%10=CC=C(C=C%10)CCCCCC)C%11=C7SC%12=C%11SC(/C=C%13C(C%14=C([CH3])SC=C%14C\%13=C(C#N)\C#N)=O)=C%12)C(C=C%15)=CC=C%15CCCCCC)=C(C6=C8)S4)=O)C2=CS1,163
12,175,train,in-house,194,CCC(S1)=CC=C1C(C2=C3SC(C(SC4=C(C5=C6SC(C)=C5)C7=CC=C(S7)CC)=CC4=C6C8=CC=C(CC)S8)=C2)=C9SC(C%10=C(C(C%11=C(SC(CC)=C%11C%12=O)CC)=O)C%12=C(C)S%10)=CC9=C3C%13=CC=C(CC)S%13||c1(cc2c(cc1F)C(=O)/C(=C\c1cc3c(s1)c1c(s3)c3c(C1(c1ccc(cc1)CCCCCC)c1ccc(cc1)CCCCCC)cc1c(c3)C(c3c1sc1c3sc(c1)/C=C/1\C(=O)c3c(C1=C(C#N)C#N)cc(c(c3)F)F)(c1ccc(cc1)CCCCCC)c1ccc(cc1)CCCCCC)/C2=C(C#N)C#N)F,164
12,176,train,in-house,195,FC(C(F)=C(C1=NN(N=C21)CCC(CCCC)CCCCCC)C3=CC=C(S3)C)=C2C(S4)=CC=C4C5=CC(C(CCCC(CCCCCC)CCCC)=C6SC(C)=CC6=C7CCCC(CCCC)CCCCCC)=C7S5||O=C(C1=CC=CC=C1C/2=C(C#N)/C#N)C2=C/C3=CC(SC4C5C(C)=C(C(C6=CC=C(C=C6)CCCCCC)(C7=CC=C(C=C7)CCCCCC)C8=CSC9=C8SC(/C=C%10C(C(C=CC=C%11)=C%11C\%10=C(C#N)/C#N)=C)=C9)C=C(C)C5C(C%12=CC=C(C=C%12)CCCCCC)(C%13=CC=C(C=C%13)CCCCCC)C%144)=C%14S3,165
12,177,train,in-house,196,CC1=C(C)C(Cl)=C(C2=CC3=C(C(C4=CC(F)=C(CCCCCCCC)S4)=C5C=C(C)SC5=C3C6=CC(F)=C(CCCCCCCC)S6)S2)S1||c1(cc2c(cc1F)C(=O)/C(=C\c1cc3c(s1)c1c(s3)c3c(C1(c1ccc(cc1)CCCCCC)c1ccc(cc1)CCCCCC)cc1c(c3)C(c3c1sc1c3sc(c1)/C=C/1\C(=O)c3c(C1=C(C#N)C#N)cc(c(c3)F)F)(c1ccc(cc1)CCCCCC)c1ccc(cc1)CCCCCC)/C2=C(C#N)C#N)F,166
12,178,train,in-house,198,FC(C=C(C1=C2SC=CC2=C(C3=CC(F)=C(CC(CCCC)CC)S3)C4=C1C=C(C5=CC=C(C6=C(C(C(C7=C(CC(CCCC)CC)SC(CC(CC)CCCC)=C78)=O)=C(C9=CC=CC9)S6)C8=O)S5)S4)S%10)=C%10CC(CC)CCCC||FC(C=C1C2=CC(C3(CC(CCCC)CC)CC(CCCC)CC)=C(S2)C(S4)=C3C=C4/C=C(C(C5=CC(Cl)=C(C=C56)Cl)=O)/C6=C(C#N)/C#N)=C(C=C1F)C7=CC8=C(C9=C(C8(CC(CCCC)CC)CC(CCCC)CC)C=C(/C=C%10C(C%11=CC(Cl)=C(C=C%11C\%10=C(C#N)\C#N)Cl)=O)S9)S7,167
12,179,train,in-house,199,CC1=CC2=C(S1)C(C3=CC=C([Si](CCC)(CCC)CCC)S3)=C4C=C(C5=CC=C(C6=C(F)C(F)=C(C7=CC=C(S7)C)C8=NN(CC(CCCCCCCC)CCCCCC)N=C68)S5)SC4=C2C9=CC=C([Si](CCC)(CCC)CCC)S9||c12cc3c(cc1C(c1c2sc2c1sc(c2)/C=C\1/C(=C(C#N)C#N)c2c(C1=O)cccc2)(c1cccc(c1)CCCCCC)c1cc(ccc1)CCCCCC)c1c(C3(c2cc(ccc2)CCCCCC)c2cccc(c2)CCCCCC)c2c(s1)cc(s2)/C=C\1/C(=C(C#N)C#N)c2c(C1=O)cccc2,168
12,180,train,in-house,200,CC1=CC(C(C2=CC=C(CC(CCCC)CCCCCC)S2)=C3SC(C4=C(CCCCCCCC)C=C(C5=NN=C(S5)C6=CC(CCCCCCCC)=C(S6)C)S4)=CC3=C7C8=CC=C(CC(CCCCCC)CCCC)S8)=C7S1||c12cc3c(cc1C(c1c2sc2c1sc(c2)/C=C\1/C(=C(C#N)C#N)c2c(C1=O)cccc2)(c1ccc(cc1)CCCCCC)c1ccc(cc1)CCCCCC)c1c(C3(c2ccc(cc2)CCCCCC)c2ccc(cc2)CCCCCC)c2c(s1)cc(s2)/C=C\1/C(=C(C#N)C#N)c2c(C1=O)cccc2,169
12,181,train,in-house,201,[H]C(C=C1C(C2=C3SC(C4=C(F)C=C(C5=C(C(C6=C(SC(CCCCCCCC)=C6C7=O)CCCCCCCC)=O)C7=C(C8=CC(F)=CS8)S5)S4)=C2)=C9SC(C)=CC9=C3C%10=CC([H])=C(S%10)CCCCCCCC)=C(S1)CCCCCCCC||c12cc3c(cc1C(c1c2sc2c1sc(c2)/C=C\1/C(=C(C#N)C#N)c2c(C1=O)cccc2)(c1ccc(cc1)CCCCCC)c1ccc(cc1)CCCCCC)c1c(C3(c2ccc(cc2)CCCCCC)c2ccc(cc2)CCCCCC)c2c(s1)cc(s2)/C=C\1/C(=C(C#N)C#N)c2c(C1=O)cccc2,170
12,182,train,in-house,202,CC1=CC(C(C2=CC(F)=C(SCC(CCCC)CCCCCC)S2)=C3SC(C4=C(CCCCCCCC)C=C(C5=C(C(F)=C(C6=NSN=C56)C7=CC(CCCCCCCC)=C(S7)C)F)S4)=CC3=C8C9=CC(F)=C(SCC(CCCCCC)CCCC)S9)=C8S1||c12cc3c(cc1C(c1c2sc2c1sc(c2)/C=C\1/C(=C(C#N)C#N)c2c(C1=O)cccc2)(c1ccc(cc1)CCCCCC)c1ccc(cc1)CCCCCC)c1c(C3(c2ccc(cc2)CCCCCC)c2ccc(cc2)CCCCCC)c2c(s1)cc(s2)/C=C\1/C(=C(C#N)C#N)c2c(C1=O)cccc2,171
12,183,test,in-house,203,[F]C1=C(CC)SC(C2=C3C(C=C(C)C3)C(C4=CC([F])=C(S4)CC)=C5SC(C6=CC=C(S6)C7=C(C(C8=C(SC(CC)=C8C9=O)CC)=O)C9=C(C%10=CC=C(S%10)C)S7)=CC25)=C1||O=C1C2=C(C=C(Cl)C(Cl)=C2)C(/C1=C/C(S3)=CC4=C3C(S5)=C(C4(C6=CC=C(CCCCCC)C=C6)C7=CC=C(CCCCCC)C=C7)C8=C5C(C9=CC(Cl)=C(CC(CC)CCCC)S9)=C(C(C%10(C%11=CC=C(CCCCCC)C=C%11)C%12=CC=C(CCCCCC)C=C%12)=C(S%13)C%14=C%10C=C(/C=C(/C%15=C(C#N)\C#N)C(C%16=C%15C=C(Cl)C(Cl)=C%16)=O)S%14)C%13=C8C%17=CC(Cl)=C(CC(CC)CCCC)S%17)=C(C#N)/C#N,172
12,184,test,in-house,204,CC1=CC2=C(S1)C(C3=CC=C([Si](CCC)(CCC)CCC)S3)=C4C=C(C5=CC=C(C6=C(F)C(F)=C(C7=CC=C(S7)C)C8=NN(CC(CCCCCCCC)CCCCCC)N=C68)S5)SC4=C2C9=CC=C([Si](CCC)(CCC)CCC)S9||O=C(C1=CSC=C1C/2=C(C#N)\C#N)C2=C/C3=CC(SC(C(C=C4C5(C6=CC=C(C=C6)CCCCCCCC)C7=CC=C(CCCCCCCC)C=C7)=C8C=C4C9=C5C%10=C(C=C(S%10)/C=C%11C(C%12=CSC=C%12C\%11=C(C#N)\C#N)=O)S9)=C%13C8(C%14=CC=C(C=C%14)CCCCCCCC)C%15=CC=C(CCCCCCCC)C=C%15)=C%13S3,173
12,185,train,in-house,205,O=C(C1=C(CCC(CCCC)CC)SC(CCC(CC)CCCC)=C1C2=O)C(C2=C(C3)C(C4)=CC=C4C5=CC6=C(C(C7=CC=C(CCC(CCCC)CC)S7)=C8C=CSC8=C6C9=CC=C(CCC(CCCC)CC)S9)S5)=C3C%10=CC=CS%10||CCCCCCC(C(SC1=C2C(C3=CC=C(C=C3)CCCCCC)(C(C=C4C5=C6C7=C(C(CCCCCC)=C(S7)/C=C8C(C(C=CC=C9)=C9C\8=C(C#N)\C#N)=O)S5)=C1C=C4C6(C(C=C%10)=CC=C%10CCCCCC)C(C=C%11)=CC=C%11CCCCCC)C(C=C%12)=CC=C%12CCCCCC)=C2S%13)=C%13/C=C%14C(C(C=CC=C%15)=C%15C\%14=C(C#N)/C#N)=O,174
12,186,train,in-house,207,O=C(C1=C(SC(C2=CC=C(S2)C3=CC(C(C4=CC(F)=C(S4)SCCCCCCCC)=C5SC(C)=CC5=C6C7=CC(F)=C(S7)SCCCCCCCC)=C6S3)=C18)C9=CC=C(S9)C)C%10=C(SC(CCCCCCCC)=C%10C8=O)CCCCCCCC||O=C(C1=C(C=CC=C1)C/2=C(C#N)/C#N)C2=C\C3=CC4=C(C5=C(C(C6=CC=C(CCCCCC)C=C6)4C7=CC=C(CCCCCC)C=C7)C8=C(S5)C(C9=CC=C(S9)SCC(CCCC)CC)=C%10C(C(C%11=CC=C(CCCCCC)C=C%11)(C%12=CC=C(CCCCCC)C=C%12)C%13=C%14SC(/C=C%15C(C%16=C(C=CC=C%16)C/%15=C(C#N)\C#N)=O)=C%13)=C%14SC%10=C8C(S%17)=CC=C%17SCC(CC)CCCC)S3,175
12,187,test,in-house,208,FC(C(F)=C(C1=NN(N=C21)CC(CCCCCC)CCCCCCCC)C3=CCC(C)S3)=C2C(S4)=CC=C4C(OC5=C(C6=C7OC(C)=C6)C8=CC(Cl)=C(CC(CC)CCCC)S8)=CC5=C7C9=CC(Cl)=C(S9)CC(CC)CCCC||c12cc3c(cc1C(c1c2sc2c1sc(c2)/C=C\1/C(=C(C#N)C#N)c2c(C1=O)cccc2)(c1cccc(c1)CCCCCC)c1cc(ccc1)CCCCCC)c1c(C3(c2cc(ccc2)CCCCCC)c2cccc(c2)CCCCCC)c2c(s1)cc(s2)/C=C\1/C(=C(C#N)C#N)c2c(C1=O)cccc2,176
12,188,validation,in-house,209,O=C1C2=C(CC(CC)CCCC)SC(CC(CC)CCCC)=C2C(C3=C(C4=CC=C(C5=CC(C(C6=CC(F)=C(CC(CC)CCCC)S6)=C(SC=C7)C7=C8C9=CC(F)=C(CC(CC)CCCC)S9)=C8S5)S4)SC(C%10=CC=CS%10)=C31)=O||O=C(C(C=C(F)C(F)=C1)=C1C/2=C(C#N)\C#N)C2=C/C3=CC(N4CC(CCCCCC)CCCC)=C(C(SC5=C6OCCCCCCCC)=C4C5=C(C7=C6C8=C(C9=C(N8CC(CCCCCC)CCCC)C=C(/C=C%10C(C(C=C(F)C(F)=C%11)=C%11C\%10=C(C#N)\C#N)=O)S9)S7)OC)S3,177
12,189,train,in-house,210,O=C(C1=C(CCC(CCCC)CC)SC(CCC(CC)CCCC)=C1C2=O)C(C2=C(C3)C(C4)=CC=C4C5=CC6=C(C(C7=CC=C(CCC(CCCC)CC)S7)=C8C=CSC8=C6C9=CC=C(CCC(CCCC)CC)S9)S5)=C3C%10=CC=CS%10||CC1=C(C(C(/C2=C(C#N)/C#N)=C\C3=CC4=C(C(C=C5C(C(C=C6)=CC=C6CCCCCC)(C(C=C7)=CC=C7CCCCCC)C8=C(SC9=C8SC%10=C9SC(/C=C%11C(C%12=C(C)SC=C%12C\%11=C(C#N)\C#N)=O)=C%10)C5=C%13)=C%13C4(C%14=CC=C(C=C%14)CCCCCC)C%15=CC=C(C=C%15)CCCCCC)S3)=O)C2=CS1,178
12,190,train,in-house,211,FC(C(F)=C(C1=CC=C(C2=CC3=C(C(C4=CC(Cl)=C(CC(CC)CCCCCC)S4)=C(C=CS5)C5=C3C6=CC(Cl)=C(CC(CCCCCC)CC)S6)S2)S1)C7=NN(CC(CCCCCCCC)CCCCCC)N=C78)=C8C9=CC=CS9||c12cc3c(cc1C(c1c2sc2c1sc(c2)/C=C\1/C(=C(C#N)C#N)c2c(C1=O)cccc2)(c1ccc(cc1)CCCCCC)c1ccc(cc1)CCCCCC)c1c(C3(c2ccc(cc2)CCCCCC)c2ccc(cc2)CCCCCC)c2c(s1)cc(s2)/C=C\1/C(=C(C#N)C#N)c2c(C1=O)cccc2,179
12,191,test,in-house,212,O=C(C1=C(CC(CCCC)CC)SC(CC(CCCC)CC)=C12)C3=C(C4=CC=CS4)SC(C(S5)=CC=C5C6=CC7=C(C8=CC=C(CC(CCCC)CCCCCC)C=C8)C(SC=C9)=C9C(C%10=CC=C(CC(CCCCCC)CCCC)C=C%10)=C7S6)=C3C2=O||O=C1C(/C(C2=C1C=CC(F)=C2)=C(C#N)/C#N)=C\C3=CC4=C(S3)C(C(C5=CC=C(CCCCCC)C=C5)(C6=CC7=C(C(C8=CC=C(CCCCCC)C=C8)(C9=C7SC%10=C9SC%11=C%10SC(/C=C%12C(C(C=C(F)C=C%13)=C%13C\%12=C(C#N)\C#N)=O)=C%11)C%14=CC=C(CCCCCC)C=C%14)C=C6%15)C%16=CC=C(CCCCCC)C=C%16)=C%15S4,180
12,192,train,in-house,213,O=C1C2=C(CC(CC)CCCC)SC(CC(CC)CCCC)=C2C(C3=C(C4=CC=C(C5=CC(C(C6=CC(F)=C(CC(CC)CCCC)S6)=C(SC=C7)C7=C8C9=CC(F)=C(CC(CC)CCCC)S9)=C8S5)S4)SC(C%10=CC=CS%10)=C31)=O||N#C/C(C#N)=C(C1=CC=CC=C1C2=O)/C2=C/C3=CC4=C(C5=C(C=C6C(C(CCCCCC)(CCCCCC)C7=C6SC(/C=C8/C(C9=CC=CC=C9C8=O)=C(C#N)/C#N)=C7)=C5)C4(CCCCCC)CCCCCC)S3,181
12,193,train,in-house,214,FC(C(OCC(CCCCCC)CCCCCCCC)=C(C1=NSN=C21)C3=CC=C(S3)C4=CC5=C(C6=C(C(C7=CC=C(S7)CC(CCCC)CC)=C5S4)C=C(C)S6)C8=CC=C(S8)CC(CC)CCCC)=C2C9=CC=C(C)S9||c12cc(c(cc1C(=O)/C(=C\c1sc(c(c1OCCCCCC)OCCCCCC)c1cc3c(s1)c1c(C3(c3ccc(cc3)CCCCCC)c3ccc(cc3)CCCCCC)cc3c(c1)C(c1c3sc(c1)c1c(c(c(s1)/C=C\1/C(=C(C#N)C#N)c3c(C1=O)cc(c(c3)F)F)OCCCCCC)OCCCCCC)(c1ccc(cc1)CCCCCC)c1ccc(cc1)CCCCCC)/C2=C(C#N)C#N)F)F,182
12,194,train,in-house,215,CC1=CC(C(C2=CC=C(S2)CC(CCCC)CCCCCC)=C3S4)=C(S1)C(C5=CC=C(CC(CCCCCC)CCCC)S5)=C3C=C4C(S6)=C(CC(CCCC)CC)C=C6C7=NC8=C(S7)N=C(C9=CC(CC(CC)CCCC)=C(C)S9)S8||N#C/C(C#N)=C(C1=CC=CC=C1C2=O)/C2=C/C3=CC4=C(C5=C(C=C6C(C(CCCCCC)(CCCCCC)C7=C6SC(/C=C8/C(C9=CC=CC=C9C8=O)=C(C#N)/C#N)=C7)=C5)C4(CCCCCC)CCCCCC)S3,183
12,195,train,in-house,216,[H]C(C=C1C(C2=C3SC(C4=C(F)C=C(C5=C(C(C6=C(SC(CCCCCCCC)=C6C7=O)CCCCCCCC)=O)C7=C(C8=CC(F)=CS8)S5)S4)=C2)=C9SC(C)=CC9=C3C%10=CC([H])=C(S%10)CCCCCCCC)=C(S1)CCCCCCCC||O=C(C(C=CC=C1)=C1C/2=C(C#N)\C#N)C2=C/C3=CC4=C(C(C5(CCCCCCCC)CCCCCCCC)=C(C6=C5C7=C(C=C(S7)/C=C8C(C9=C(C=CC=C9)C\8=C(C#N)\C#N)=O)S6)S4)S3,184
12,196,test,in-house,217,FC(C=C(C1=C2SC=CC2=C(C3=CC(F)=C(CC(CCCC)CC)S3)C4=C1C=C(C5=CC=C(C6=C(C(C(C7=C(CC(CCCC)CC)SC(CC(CC)CCCC)=C78)=O)=C(C9=CC=CC9)S6)C8=O)S5)S4)S%10)=C%10CC(CC)CCCC||[H]C1=C(C(F)=C(C(C2=CC(C(CC(CCCC)CC)(CC(CCCC)CC)C3=C4SC(/C=C5C(C6=CC(F)=C(C=C6C\5=C(C#N)\C#N)F)=O)=C3)=C4S2)=C1F)[H])C7=CC8=C(C9=C(C8(CC(CCCC)CC)CC(CCCC)CC)C=C(/C=C%10C(C%11=CC(F)=C(C=C%11C\%10=C(C#N)/C#N)S)=O)S9)S7,185
12,197,train,in-house,218,CC1=CC=C(C2=CC(C(N=C(C(C3=CC=C(S3)CCCCCCCC)=N4)C5=CC=C(S5)CCCCCCCC)=C4C(C6=CC=C(C7=CC8=C(C9=CC=C(SCC(CCCC)CCCCCC)S9)C(SC(C)=C%10)=C%10C(C%11=CC=C(SCC(CCCC)CCCCCC)S%11)=C8S7)S6)=C%12)=C%12C%13=C2N=C(C%14=CC=C(S%14)CCCCCCCC)C(C%15=CC=C(S%15)CCCCCCCC)=N%13)S1||c12cc3c(cc1C(c1c2sc2c1sc(c2)/C=C\1/C(=C(C#N)C#N)c2c(C1=O)cccc2)(c1ccc(cc1)CCCCCC)c1ccc(cc1)CCCCCC)c1c(C3(c2ccc(cc2)CCCCCC)c2ccc(cc2)CCCCCC)c2c(s1)cc(s2)/C=C\1/C(=C(C#N)C#N)c2c(C1=O)cccc2,186
12,198,test,in-house,220,O=C(C1=C(CCC(CCCC)CC)SC(CCC(CC)CCCC)=C1C2=O)C(C2=C(C3)C(C4)=CC=C4C5=CC6=C(C(C7=CC=C(CCC(CCCC)CC)S7)=C8C=CSC8=C6C9=CC=C(CCC(CCCC)CC)S9)S5)=C3C%10=CC=CS%10||O=C(C1=CC=C(Cl)C=C1C/2=C(C#N)/C#N)C2=C/C3=CC4=C(S3)C5=CC6=C(C=C5C4(CCCCCCCC)CCCCCCCC)C7=C(C=C8C9=C(C=C(S9)/C=C%10C(C%11=CC=C(Cl)C=C%11C\%10=C(C#N)/C#N)=O)C(CCCCCCCC)(CCCCCCCC)C8=C7)C(CCCCCCCC)6CCCCCCCC,187
12,199,test,in-house,221,FC(C=C(C1=C2SC=CC2=C(C3=CC(F)=C(CC(CCCC)CC)S3)C4=C1C=C(C5=CC=C(C6=C(C(C(C7=C(CC(CCCC)CC)SC(CC(CC)CCCC)=C78)=O)=C(C9=CC=CC9)S6)C8=O)S5)S4)S%10)=C%10CC(CC)CCCC||O=C1C(/C(C2=CC(Cl)=C(Cl)C=C21)=C(C#N)/C#N)=C\C3=CC4=C(C5=C(S4)C(C(C(C6=CC=C(C=C6)CCCCCC)5C7=CC=C(CCCCCC)C=C7)=C8)=CC9=C8C%10=C(C(C%11=CC=C(CCCCCC)C=C%11)9C%12=CC=C(CCCCCC)C=C%12)C(S%13)=C(S%10)C=C%13/C=C%14/C(C%15=CSC=C%15C%14=O)=C(C#N)/C#N)S3,188
12,200,test,in-house,223,O=C1C2=C(CC(CC)CCCC)SC(CC(CC)CCCC)=C2C(C3=C(C4=CC=C(C5=CC(C(C6=CC(F)=C(CC(CC)CCCC)S6)=C(SC=C7)C7=C8C9=CC(F)=C(CC(CC)CCCC)S9)=C8S5)S4)SC(C%10=CC=CS%10)=C31)=O||CCCCCCC1=CC=CC=C1.FC2=CC(C(/C3=C/C4=C(CC)C5=C(S4)C(C(C6=CC=C(CCCCCC)C=C6)(C7=CC=C(CCCCCC)C=C7)C(C8=C9C)=C%10SC8=CC%11=C9SC%12=C%11[C@](C%13=CC=C(CCCCCC)C=C%13)(C%14=C%12SC%15=C%14SC(/C=C%16/C(C%17=C(C%16=O)C=C(F)C(F)=C%17)=C(C#N)\[N+]#[C-])=C%15CC)C)=C%10S5)=C(C#N)/C#N)=C(C3=O)C=C2F,189
12,201,test,in-house,224,CC1=CC2=C(S1)C(C3=CC=C([Si](CCC)(CCC)CCC)S3)=C4C=C(C5=CC=C(C6=C(F)C(F)=C(C7=CC=C(S7)C)C8=NN(CC(CCCCCCCC)CCCCCC)N=C68)S5)SC4=C2C9=CC=C([Si](CCC)(CCC)CCC)S9||c12cc3c(cc1C(c1c2sc2c1sc(c2)/C=C\1/C(=C(C#N)C#N)c2c(C1=O)cccc2)(c1ccc(cc1)CCCCCC)c1ccc(cc1)CCCCCC)c1c(C3(c2ccc(cc2)CCCCCC)c2ccc(cc2)CCCCCC)c2c(s1)cc(s2)/C=C\1/C(=C(C#N)C#N)c2c(C1=O)cccc2,190
12,202,train,in-house,225,CC1=CC2=C(C(C([Se]3)=CC=C3[Si](CCC)(CCC)CCC)=C4C=C(SC4=C2C5=CC=C([Se]5)[Si](CCC)(CCC)CCC)C6=CC=C(S6)C(C7[N]N([N]C7C(C8=CC=C(C)S8)=C9F)CC(CCCCCC)CCCCCCCC)=C9F)S1||c12cc3c(cc1C(c1c2sc2c1sc(c2)/C=C\1/C(=C(C#N)C#N)c2c(C1=O)cccc2)(c1cccc(c1)CCCCCC)c1cc(ccc1)CCCCCC)c1c(C3(c2cc(ccc2)CCCCCC)c2cccc(c2)CCCCCC)c2c(s1)cc(s2)/C=C\1/C(=C(C#N)C#N)c2c(C1=O)cccc2,191
12,203,test,in-house,226,O=C(C1=C(CCC(CCCC)CC)SC(CCC(CC)CCCC)=C1C2=O)C(C2=C(C3)C(C4)=CC=C4C5=CC6=C(C(C7=CC=C(CCC(CCCC)CC)S7)=C8C=CSC8=C6C9=CC=C(CCC(CCCC)CC)S9)S5)=C3C%10=CC=CS%10||CCCCCCC1=CC=C(C2(C3=CC=C(C=C3)CCCCCC)C4=C(C=C(C5=C4)C(C(C=C6)=CC=C6CCCCCC)(C7=C5SC8=C7SC(/C=C9C(C%10=C(C\9=C(C#N)/C#N)C=CC(F)=C%10)=O)=C8)C(C=C%11)=CC=C%11CCCCCC)C%12=C2C%13=C(C(SC(/C=C(C%14=O)/C(C%15=C%14C=C(F)C=C%15)=C(C#N)\C#N)=C%16)=C%16N%13CCCCCCCC)S%12)C=C1,192
12,204,train,in-house,227,O=C1C2=C(CC(CC)CCCC)SC(CC(CC)CCCC)=C2C(C3=C(C4=CC=C(C5=CC(C(C6=CC(F)=C(CC(CC)CCCC)S6)=C(SC=C7)C7=C8C9=CC(F)=C(CC(CC)CCCC)S9)=C8S5)S4)SC(C%10=CC=CS%10)=C31)=O||O=C(C1=C(C=C(Cl)C(Cl)=C1)C/2=C(C#N)\C#N)C2=C/C3=CC4=C(C5=C(C(C6=CC=C(CCCCCC)C=C6)4C7=CC=C(CCCCCC)C=C7)C8=C(S5)C(C9=CC=C(CCCCCC)C=C9)=C%10C(C(C%11=CC=C(CCCCCC)C=C%11)(C%12=C%13SC(/C=C%14C(C%15=C(C=C(Cl)C(Cl)=C%15)C\%14=C(C#N)\C#N)=O)=C%12)C%16=CC=C(CCCCCC)C=C%16)=C%13SC%10=C8C%17=CC=C(CCCCCC)C=C%17)S3,193
12,205,test,in-house,228,O=C(C1=C(CCC(CCCC)CC)SC(CCC(CC)CCCC)=C1C2=O)C(C2=C(C3)C(C4)=CC=C4C5=CC6=C(C(C7=CC=C(CCC(CCCC)CC)S7)=C8C=CSC8=C6C9=CC=C(CCC(CCCC)CC)S9)S5)=C3C%10=CC=CS%10||O=C(C1=C(C/2=C(C#N)/C#N)C=CS1)C2=C/C3=CC(SC4=C5C(C6=CC=C(C=C6)CCCCCC)(C7=C4C=C8C(C(C=C9)=CC=C9CCCCCC)(C%10=C(C8=C7)SC%11=C%10SC(/C=C%12C(C%13=C(C\%12=C(C#N)/C#N)C=CS%13)=O)=C%11)C%14=CC=C(C=C%14)CCCCCC)C%15=CC=C(CCCCCC)C=C%15)=C5S3,194
12,206,validation,in-house,231,CC1=CC2=C(S1)C(C3=CC=C([Si](CCC)(CCC)CCC)S3)=C4C=C(C5=CC=C(C6=C(F)C(F)=C(C7=CC=C(S7)C)C8=NN(CC(CCCCCCCC)CCCCCC)N=C68)S5)SC4=C2C9=CC=C([Si](CCC)(CCC)CCC)S9||CCCCCCC(C(SC1=C2C(C3=CC=C(C=C3)CCCCCC)(C(C=C4C5=C6C7=C(C(CCCCCC)=C(S7)/C=C8C(C(C=CC=C9)=C9C\8=C(C#N)\C#N)=O)S5)=C1C=C4C6(C(C=C%10)=CC=C%10CCCCCC)C(C=C%11)=CC=C%11CCCCCC)C(C=C%12)=CC=C%12CCCCCC)=C2S%13)=C%13/C=C%14C(C(C=CC=C%15)=C%15C\%14=C(C#N)/C#N)=O,195
12,207,train,in-house,232,CC1=CC2=C(S1)C(C3=CC=C([Si](CCC)(CCC)CCC)S3)=C4C=C(C5=CC=C(C6=C(F)C(F)=C(C7=CC=C(S7)C)C8=NN(CC(CCCCCCCC)CCCCCC)N=C68)S5)SC4=C2C9=CC=C([Si](CCC)(CCC)CCC)S9||O=C1C2=C(C=C(F)C(F)=C2)C(/C1=C/C(S3)=CC4=C3C5=CC(C6(C7=CC=C(CCCCCC)C=C7)C8=CC=C(CCCCCC)C=C8)=C(C=C5C4(C9=CC=C(CCCCCC)C=C9)C%10=CC=C(CCCCCC)C=C%10)C%11=C6C(S%12)=C(S%11)C%13=C%12C%14=CC(C%15(C%16=CC=C(CCCCCC)C=C%16)C%17=CC=C(CCCCCC)C=C%17)=C(C=C%14C%13(C%18=CC=C(CCCCCC)C=C%18)C%19=CC=C(CCCCCC)C=C%19)C%20=C%15C=C(/C=C%21/C(C(C=C(F)C(F)=C%22)=C%22C%21=O)=C(C#N)/C#N)S%20)=C(C#N)\C#N,196
12,208,train,in-house,233,CC1=CC(C(S1)=C(C2=C3SC(C4=C(CC(CCCC)CCCCCC)C=C(C5=NC6=C(C=C(N=C(C7=CC(CC(CCCC)CCCCCC)=C(C)S7)S8)C8=C6)S5)S4)=C2)C9=CC=C(S9)CC(CCCC)CC)=C3C%10=CC=C(S%10)CC(CC)CCCC||O=C(C1=C(C=CC(F)=C1)C/2=C(C#N)\C#N)C2=C/C3=CC(SC4=C5C(C6=CC=C(CCCCCC)C=C6)(C7=CC=C(CCCCCC)C=C7)C8=C4C=C9C(C%10=CC=C(CCCCCC)C=C%10)(C%11=CC=C(C=C%11)CCCCCC)C%12=C(SC%13=C%12SC(/C=C%14C(C%15=C(C=CC(F)=C%15)C\%14=C(C#N)\C#N)=O)=C%13)C9=C8)=C5S3,197
12,209,test,in-house,235,O=C(C1=C(CCC(CCCC)CC)SC(CCC(CC)CCCC)=C1C2=O)C(C2=C(C3)C(C4)=CC=C4C5=CC6=C(C(C7=CC=C(CCC(CCCC)CC)S7)=C8C=CSC8=C6C9=CC=C(CCC(CCCC)CC)S9)S5)=C3C%10=CC=CS%10||O=C(C(C(C/1=C(C#N)/C#N)=C2)=CC(F)=C2F)C1=C/C(S3)=CC4=C3C5=CC(C6(CCCCCCCC)CCCCCCCC)=C(C=C5C4(C7=CC=C(CCCCCC)C=C7)C8=CC=C(CCCCCC)C=C8)C9=C6C(C%10(CCCCCCCC)CCCCCCCC)=C(S9)C%11=C%10C=C(C(SC(/C=C%12/C(C%13=CC(F)=C(F)C=C%13C%12=O)=C(C#N)/C#N)=C%14)=C%14C%15(C%16=CC=C(CCCCCC)C=C%16)C%17=CC=C(CCCCCC)C=C%17)C%15=C%11,198
12,210,train,in-house,236,O=C(C1=C(CCC(CCCC)CC)SC(CCC(CC)CCCC)=C1C2=O)C(C2=C(C3)C(C4)=CC=C4C5=CC6=C(C(C7=CC=C(CCC(CCCC)CC)S7)=C8C=CSC8=C6C9=CC=C(CCC(CCCC)CC)S9)S5)=C3C%10=CC=CS%10||O=C(C1=C(C/2=C(C#N)\C#N)C=C(C)C(C)=C1)C2=C/C3=CC(SC4=C5C(C6=CC=C(CCCCCC)C=C6)(C7=CC=C(CCCCCC)C=C7)C8=C4C=C9C(C%10=C(C(C%11=CC=C(CCCCCC)C=C%11)9C%12=CC=C(CCCCCC)C=C%12)C(S%13)=C(S%10)C=C%13/C=C(C%14=O)/C(C%15=C%14C=C(C)C(C)=C%15)=C(C#N)/C#N)=C8)=C5S3,199
12,211,train,in-house,237,O=C(C1=C(CCC(CCCC)CC)SC(CCC(CC)CCCC)=C1C2=O)C(C2=C(C3)C(C4)=CC=C4C5=CC6=C(C(C7=CC=C(CCC(CCCC)CC)S7)=C8C=CSC8=C6C9=CC=C(CCC(CCCC)CC)S9)S5)=C3C%10=CC=CS%10||O=C(C1=C2C=CS1)C(/C2=C(C#N)\C#N)=C\C3=CC4=C(S3)C(C(C5=CC=C(CCCCCC)C=C5)(C6=CC=C(CCCCCC)C=C6)C7=C8C=C(C(C9=C%10C%11=C(C=C(S%11)/C=C(/C%12=C(C#N)\[N+]#[C-])C(C%13=C%12C=CS%13)=O)S9)=C7)C%10(C%14=CC=C(CCCCCC)C=C%14)C%15=CC=C(CCCCCC)C=C%15)=C8S4,200
12,212,test,in-house,238,O=C(C1=C(CCC(CCCC)CC)SC(CCC(CC)CCCC)=C1C2=O)C(C2=C(C3)C(C4)=CC=C4C5=CC6=C(C(C7=CC=C(CCC(CCCC)CC)S7)=C8C=CSC8=C6C9=CC=C(CCC(CCCC)CC)S9)S5)=C3C%10=CC=CS%10||c1(cc2c(cc1F)C(=O)/C(=C\c1cc3c(s1)c1c(s3)c3c(C1(c1ccc(cc1)CCCCCC)c1ccc(cc1)CCCCCC)cc1c(c3)C(c3c1sc1c3sc(c1)/C=C/1\C(=O)c3c(C1=C(C#N)C#N)cc(c(c3)F)F)(c1ccc(cc1)CCCCCC)c1ccc(cc1)CCCCCC)/C2=C(C#N)C#N)F,201
12,213,train,in-house,239,O=C(C1=C(CCC(CCCC)CC)SC(CCC(CC)CCCC)=C1C2=O)C(C2=C(C3)C(C4)=CC=C4C5=CC6=C(C(C7=CC=C(CCC(CCCC)CC)S7)=C8C=CSC8=C6C9=CC=C(CCC(CCCC)CC)S9)S5)=C3C%10=CC=CS%10||O=C(C1=CSC=C1C/2=C(C#N)/C#N)C2=C/C3=CC4=C(S3)C5=CC6=C(C=C5C4(C7=CC=C(CC(CCCCCC)CCCC)C=C7)C8=CC=C(CC(CCCC)CCCCCC)C=C8)C9=C(C=C%10C%11=C(C=C(S%11)/C=C%12C(C%13=CSC=C%13C\%12=C(C#N)/C#N)=O)C(C%14=CC=C(CC(CCCCCC)CCCC)C=C%14)(C%15=CC=C(CC(CCCC)CCCCCC)C=C%15)C%10=C9)S6,202
12,214,train,in-house,240,O=C(C1=C(CCC(CCCC)CC)SC(CCC(CC)CCCC)=C1C2=O)C(C2=C(C3)C(C4)=CC=C4C5=CC6=C(C(C7=CC=C(CCC(CCCC)CC)S7)=C8C=CSC8=C6C9=CC=C(CCC(CCCC)CC)S9)S5)=C3C%10=CC=CS%10||O=C(C(C=CC(C)=C1)=C1C/2=C(C#N)/C#N)C2=C/C3=CC4=C(S3)C5=C(C=C6C(SC7=C8SC(/C=C9C(C%10=C(C=C(C)C=C%10)C\9=C(C#N)/C#N)=O)=C7)=C8C(C%11=CC=C(CCCCCC)C=C%11)(C%12=CC=C(CCCCCC)C=C%12)C6=C5)C4(C%13=CC=C(CCCCCC)C=C%13)C%14=CC=C(CCCCCC)C=C%14,203
12,215,test,in-house,241,O=C(C1=C(CCC(CCCC)CC)SC(CCC(CC)CCCC)=C1C2=O)C(C2=C(C3)C(C4)=CC=C4C5=CC6=C(C(C7=CC=C(CCC(CCCC)CC)S7)=C8C=CSC8=C6C9=CC=C(CCC(CCCC)CC)S9)S5)=C3C%10=CC=CS%10||O=C(/C(S/1)=C/C2=C3SC(C(CCCCCCC)OO)=CC3=C(C4=CC(C5(CCCCCC)CCCCCC)=C(C(C5=C6)=CC7=C6C8=C(C=C(C9=C%10C=C(C(CCCCCCC)OO)SC%10=C(/C=C(C(N/%11CC)=O)\SC%11=C(C#N)\C#N)S9)S8)C7(CCCCCC)CCCCCC)S4)S2)N(C1=C(C#N)/C#N)CC,204
12,216,train,in-house,242,O=C(C1=C(CCC(CCCC)CC)SC(CCC(CC)CCCC)=C1C2=O)C(C2=C(C3)C(C4)=CC=C4C5=CC6=C(C(C7=CC=C(CCC(CCCC)CC)S7)=C8C=CSC8=C6C9=CC=C(CCC(CCCC)CC)S9)S5)=C3C%10=CC=CS%10||O=C(C(C=CC=C1)=C1C/2=C(C#N)/C#N)C2=C/C3=CC(S4)=C(S3)C5=C4C6=CC7=C(C=C6C5(CCCCCCCCCCCCCCCC)CCCCCCCCCCCCCCCC)C8=C(C(SC(/C=C9C(C(C=CC=C%10)=C%10C\9=C(C#N)\C#N)=O)=C%11)=C%11S8)C7(CCCCCCCCCCCCCCCC)CCCCCCCCCCCCCCCC,118
12,217,train,in-house,244,FC1=C(C(OCC(CCCC)CC)=O)SC2=CSC(C3=CC4=C(C5=C(C(C6=CC=C(CC(CC)CCCC)S6)=C4S3)C=CS5)C7=CC=C(CC(CC)CCCC)S7)=C12||c1c(c(cc2c1C(=C(C2=O)[CH]c1cc2c(s1)c1c(C2(c2ccc(cc2)CCCCCC)c2ccc(cc2)CCCCCC)c2c(s1)c(c1c(c2O[C@H](CCCC)CC)sc2c1C(c1c2sc(c1)/C=C\1/C(=C(C#N)C#N)c2c(C1=O)cc(c(c2)Cl)Cl)(c1ccc(cc1)CCCCCC)c1ccc(cc1)CCCCCC)O[C@@H](CC)CCCC)[C](C#N)C#N)Cl)Cl,205
12,218,test,in-house,245,FC1=C(C(OCC(CCCC)CC)=O)SC2=CSC(C3=CC4=C(C5=C(C(C6=CC=C(CC(CC)CCCC)S6)=C4S3)C=CS5)C7=CC=C(CC(CC)CCCC)S7)=C12||FC1=CC(C2=O)=C(C=C1F)C(/C2=C/C3=CC4=C(C5=C(C6=C(C(SC7=C8C(C9=CC=C(CCCCCC)C=C9)(C%10=C7SC%11=C%10SC(C%12=C%13C%14=C(C=C(/C=C(/C(C(C=C%15F)=C%16C=C%15F)=C(C#N)\C#N)C%16=O)S%14)S%12)=C%11C%13(C%17=CC=C(CCCCCC)C=C%17)C%18=CC=C(CCCCCC)C=C%18)C%19=CC=C(CCCCCC)C=C%19)=C8S6)C(C%20=CC=C(CCCCCC)C=C%20)5C%21=CC=C(CCCCCC)C=C%21)S4)S3)=C(C#N)/C#N,206
12,219,train,in-house,246,CCC(S1)=CC=C1C(C2=C3SC(C(SC4=C(C5=C6SC(C(SC7=C(C8=C9SC(C)=C8)C%10=CC=C(S%10)CC)=CC7=C9C%11=CC=C(CC)S%11)=C5)C%12=CC=C(S%12)CC)=CC4=C6C%13=CC=C(CC)S%13)=C2)=C%14SC(C%15=C(C(C%16=C(SC(CC)=C%16C%17=O)CC)=O)C%17=C(C)S%15)=CC%14=C3C%18=CC=C(CC)S%18||c1(cc2c(cc1F)C(=O)/C(=C\c1cc3c(s1)c1c(s3)c3c(C1(c1ccc(cc1)CCCCCC)c1ccc(cc1)CCCCCC)cc1c(c3)C(c3c1sc1c3sc(c1)/C=C/1\C(=O)c3c(C1=C(C#N)C#N)cc(c(c3)F)F)(c1ccc(cc1)CCCCCC)c1ccc(cc1)CCCCCC)/C2=C(C#N)C#N)F,164
12,220,validation,in-house,247,O=C(C1=C(CCC(CCCC)CC)SC(CCC(CC)CCCC)=C1C2=O)C(C2=C(C3)C(C4)=CC=C4C5=CC6=C(C(C7=CC=C(CCC(CCCC)CC)S7)=C8C=CSC8=C6C9=CC=C(CCC(CCCC)CC)S9)S5)=C3C%10=CC=CS%10||O=C(C(C=CC(C)=C1)=C1C/2=C(C#N)\C#N)C2=C/C3=CC(CC4=C5C(C6=CC=C(CCCCCC)C=C6)(CCCCCCCC)C7=CC(C8=C(C9(C%10=CC=C(C=C%10)CCCCCC)CCCCCCCC)C%11=C(C=C(S%11)/C=C%12C(C(C=CC(C)=C%13)=C%13C\%12=C(C#N)\C#N)=O)S8)=C9C=C47)=C5S3,207
12,221,test,in-house,248,O=C(C1=C(CCC(CCCC)CC)SC(CCC(CC)CCCC)=C1C2=O)C(C2=C(C3)C(C4)=CC=C4C5=CC6=C(C(C7=CC=C(CCC(CCCC)CC)S7)=C8C=CSC8=C6C9=CC=C(CCC(CCCC)CC)S9)S5)=C3C%10=CC=CS%10||c1(cc2c(cc1F)C(=O)/C(=C\c1ccc([se]1)c1sc3c(c1)C(c1c3cc3c(c1)c1c(C3(c3ccc(cc3)CCCCCC)c3ccc(cc3)CCCCCC)cc(s1)c1[se]c(cc1)/C=C/1\C(=O)c3c(C1=C(C#N)C#N)cc(c(c3)F)F)(c1ccc(cc1)CCCCCC)c1ccc(cc1)CCCCCC)/C2=C(C#N)C#N)F,208
12,222,validation,in-house,249,CC1=CC2=C(S1)C(C3=CC=C([Si](CCC)(CCC)CCC)S3)=C4C=C(C5=CC=C(C6=C(F)C(F)=C(C7=CC=C(S7)C)C8=NN(CC(CCCCCCCC)CCCCCC)N=C68)S5)SC4=C2C9=CC=C([Si](CCC)(CCC)CCC)S9||O=C(C1=C(C=C(F)C(F)=C1)C/2=C(C#N)/C#N)C2=C/C3=CC4=C(S3)C5=CC6=C(C=C5C4(C7=CC=C(CCCCCC)C=C7)C8=CC=C(CCCCCC)C=C8)C9=CC(C(C%10=CC=C(CCCCCC)C=C%10)(C%11=C%12SC(/C=C%13C(C(C=C(F)C(F)=C%14)=C%14C\%13=C(C#N)/C#N)=O)=C%11)C%15=CC=C(CCCCCC)C=C%15)=C%12C=C9N6CCCCCCCCCCCCCCCC,209
12,223,train,in-house,250,FC1=C(F)C=C(N=C(OCC(CCCCCC)CCCCCCCC)C=N2)C2=C1C3=CC=CS3||O=C1C(/C(C2=C1C=CC=C2)=C(C#N)\C#N)=C\C3=CC(C(CCCCCC)(CCCCCC)C4=C5C(OC)=C(C6(CCCCCC)CCCCCC)C(C(S7)=C6C=C7/C=C(/C(C8=C9C=CC=C8)=C(C#N)\C#N)C9=O)=C4OC)=C5S3,210
12,224,train,in-house,251,FC(C=C(C1=C2SC=CC2=C(C3=CC(F)=C(CC(CCCC)CC)S3)C4=C1C=C(C5=CC=C(C6=C(C(C(C7=C(CC(CCCC)CC)SC(CC(CC)CCCC)=C78)=O)=C(C9=CC=CC9)S6)C8=O)S5)S4)S%10)=C%10CC(CC)CCCC||O=C1C(/C(C2=CC(Cl)=CC=C21)=C(C#N)/C#N)=C\C3=CC4=C(C5=C(S4)C(C(C(C6=CC=C(C=C6)CCCCCC)5C7=CC=C(CCCCCC)C=C7)=C8)=CC9=C8C%10=C(C(C%11=CC=C(CCCCCC)C=C%11)9C%12=CC=C(CCCCCC)C=C%12)C(S%13)=C(S%10)C=C%13/C=C%14/C(C%15=CSC=C%15C%14=O)=C(C#N)/C#N)S3,211
12,225,train,in-house,252,O=C(C1=C(CCC(CCCC)CC)SC(CCC(CC)CCCC)=C1C2=O)C(C2=C(C3)C(C4)=CC=C4C5=CC6=C(C(C7=CC=C(CCC(CCCC)CC)S7)=C8C=CSC8=C6C9=CC=C(CCC(CCCC)CC)S9)S5)=C3C%10=CC=CS%10||O=C(C1=C(C=CC=C1)C/2=C(C#N)/C#N)C2=C/C3=CC4=C(S3)C5=CC6=C(C=C5C4(CCCCCCCC)CCCCCCCC)C7=C(C=C8C9=C(C=C(S9)/C=C%10C(C%11=CC=CC=C%11C\%10=C(C#N)/C#N)=O)C(CCCCCCCC)(CCCCCCCC)C8=C7)C6(CCCCCC)CCCCCC,212
12,226,train,in-house,253,O=C(C1=C(CCC(CCCC)CC)SC(CCC(CC)CCCC)=C1C2=O)C(C2=C(C3)C(C4)=CC=C4C5=CC6=C(C(C7=CC=C(CCC(CCCC)CC)S7)=C8C=CSC8=C6C9=CC=C(CCC(CCCC)CC)S9)S5)=C3C%10=CC=CS%10||FC1=C(C=CC(CCCCCC)=C1)C2(C3=C(C=C(C4=C3)C(C(C=CC(CCCCCC)=C5)=C5F)(C(C=CC(CCCCCC)=C6)=C6F)C7=C4SC8=C7SC(/C=C9C(C%10=CC=CC=C%10C\9=C(C#N)\C#N)=O)=C8)C%11=C2C%12=C(C=C(S%12)/C=C%13C(C%14=CC=CC=C%14C\%13=C(C#N)/C#N)=O)S%11)C(C=CC(CCCCCC)=C%15)=C%15F,213
12,227,test,in-house,255,O=C(C1=C(CCC(CCCC)CC)SC(CCC(CC)CCCC)=C1C2=O)C(C2=C(C3)C(C4)=CC=C4C5=CC6=C(C(C7=CC=C(CCC(CCCC)CC)S7)=C8C=CSC8=C6C9=CC=C(CCC(CCCC)CC)S9)S5)=C3C%10=CC=CS%10||O=C(C1=C(C=C(Cl)C(Cl)=C1)C/2=C(C#N)\C#N)C2=C/C3=CC(CCCCCCCC)=C(C4=CC5=C(C(C=C6C(C7=CC=C(CCCCCC)C=C7)(C8=CC=C(CCCCCC)C=C8)C9=C(SC(C%10=C(CCCCCCCC)C=C(/C=C%11C(C%12=C(C=C(Cl)C(Cl)=C%12)C\%11=C(C#N)\C#N)=O)S%10)=C9)C6=C%13)=C%13C5(C%14=CC=C(C=C%14)CCCCCC)C%15=CC=C(CCCCCC)C=C%15)S4)S3,214
12,228,train,in-house,256,FC1=C(C(OCC(CCCC)CC)=O)SC2=CSC(C3=CC4=C(C5=C(C(C6=CC=C(CC(CC)CCCC)S6)=C4S3)C=CS5)C7=CC=C(CC(CC)CCCC)S7)=C12||N#C/C(C#N)=C/C(C1=NSN=C21)=CC=C2C3=CC(C4(CCCCCCCC)CCCCCCCC)=C(C5=CC6=C(C7=C(C6(CCCCCCCC)CCCCCCCC)C=C(C8=CC=C(C9=NSN=C89)/C=C(C#N)\C#N)S7)C=C54)S3,215
12,229,validation,in-house,257,CCCCCCC1=C(SC(C2=CC(C(C3=CC=C(S3)CC(CCCC)CC)=C4SC(C)=CC4=C5C6=CC=C(S6)CC(CCCC)CC)=C5S2)=C1F)C||O=C(C1=CC=CC=C1C/2=C(C#N)\C#N)C2=C/C3=CC4=C(C(C(C5=CC=C(CCCCCC)S5)(C6=C7C=C8C(C9=CC=C(S9)CCCCCC)(C%10=CC=C(S%10)CCCCCC)C%11=C(SC%12=C%11SC(/C=C%13C(C%14=CC=CC=C%14C\%13=C(C#N)\C#N)=O)=C%12)C8=C6)C(S%15)=CC=C%15CCCCCC)=C7S4)S3,216
12,230,validation,in-house,258,O=C(C1=C(CC(CCCC)CC)SC(CC(CCCC)CC)=C12)C3=C(C4=CC=CS4)SC(C(S5)=CC=C5C6=CC7=C(C8=CC=C(CC(CCCC)CCCCCC)C=C8)C(SC=C9)=C9C(C%10=CC=C(CC(CCCCCC)CCCC)C=C%10)=C7S6)=C3C2=O||O=C(C(C=C(Cl)C=C1)=C1C/2=C(C#N)/C#N)C2=C/C3=CC(SC4=C5C(C6=CC=C(CCCCCC)C=C6)(C7=CC=C(CCCCCC)C=C7)C(C4=C8)=CC9=C8C(C%10=CC=C(C=C%10)CCCCCC)(C%11=CC=C(C=C%11)CCCCCC)C%12=C9SC%13=C%12SC(/C=C(C(C%14=C%15C=CC(Cl)=C%14)=O)/C%15=C(C#N)/C#N)=C%13)=C5S3,217
12,231,train,in-house,259,O=C(C1=C(CCC(CCCC)CC)SC(CCC(CC)CCCC)=C1C2=O)C(C2=C(C3)C(C4)=CC=C4C5=CC6=C(C(C7=CC=C(CCC(CCCC)CC)S7)=C8C=CSC8=C6C9=CC=C(CCC(CCCC)CC)S9)S5)=C3C%10=CC=CS%10||O=C(C(C=C(F)C(F)=C1)=C1C/2=C(C#N)/C#N)C2=C/C3=CC4=C(S3)C5=C(N4CC(CCCCCC)CCCC)C6=C(S5)C(C(C(C7=CC=C(C=C7)CCCCCC)6C8=CC=C(C=C8)CCCCCC)=C9)=CC%10=C9C%11=C(C(C%12=CC=C(CCCCCC)C=C%12)%10C%13=CC=C(CCCCCC)C=C%13)C(N%14CC(CCCCCC)CCCC)=C(S%11)C(S%15)=C%14C=C%15/C=C(C(C%16=C%17C=C(F)C(F)=C%16)=O)/C%17=C(C#N)/C#N,218
12,232,train,in-house,260,FC(C(F)=C(C1=NN(N=C21)CC(CCCCCC)CCCCCCCC)C3=CCC(C)S3)=C2C(S4)=CC=C4C(OC5=C(C6=C7OC(C)=C6)C8=CC(F)=C(CC(CC)CCCC)S8)=CC5=C7C9=CC(F)=C(S9)CC(CC)CCCC||c12cc3c(cc1C(c1c2sc2c1sc(c2)/C=C\1/C(=C(C#N)C#N)c2c(C1=O)cccc2)(c1cccc(c1)CCCCCC)c1cc(ccc1)CCCCCC)c1c(C3(c2cc(ccc2)CCCCCC)c2cccc(c2)CCCCCC)c2c(s1)cc(s2)/C=C\1/C(=C(C#N)C#N)c2c(C1=O)cccc2,219
12,233,test,in-house,263,CC1=CC(C(C2=CC=C(S2)[Si](CCC)(CCC)CCC)=C3OC(C4=CC=C(S4)C5=C(C(F)=C(C6=NN(N=C56)CC(CCCCCCCC)CCCCCC)C7=CC=C(C)S7)F)=CC3=C8C9=CC=C(S9)[Si](CCC)(CCC)CCC)=C8O1||c12cc3c(cc1C(c1c2sc2c1sc(c2)/C=C\1/C(=C(C#N)C#N)c2c(C1=O)cccc2)(c1cccc(c1)CCCCCC)c1cc(ccc1)CCCCCC)c1c(C3(c2cc(ccc2)CCCCCC)c2cccc(c2)CCCCCC)c2c(s1)cc(s2)/C=C\1/C(=C(C#N)C#N)c2c(C1=O)cccc2,220
12,234,train,in-house,264,CC1=CC2=C(S1)C(C(C3=CC=C(CCCCCC)C=C3)(C4=CC5=C(C(C6=CC=C(CCCCCC)C=C6)(C7=C5SC8=C7SC(C9=CC=C(S9)C%10=C(C(F)=C(C%11=NN(CC(CCCC)CCCCCC)N=C%10%11)C%12=CC=C(S%12)C)F)=C8)C%13=CC=C(CCCCCC)C=C%13)C=C4%14)C%15=CC=C(CCCCCC)C=C%15)=C%14S2||O=C(C/1=C\C2=C(C3=C(S2)C(N4C5=CC=C(CCCCCC)C=C5)=C(C6=C4C7=C(C8=NSN=C68)C(SC9=C%10SC(/C=C%11C(C%12=CC(F)=C(C=C%12C\%11=C(C#N)/C#N)F)=O)=C9CCCCCCCCCCC)=C%10N7C%13=CC=C(CCCCCC)C=C%13)S3)CCCCCCCCCCC)C%14=CC(F)=C(F)C=C%14C1=C(C#N)/C#N,221
12,235,train,in-house,265,O=C(C1=C(CC(CCCC)CC)SC(CC(CCCC)CC)=C12)C3=C(C4=CC=CS4)SC(C(S5)=CC=C5C6=CC7=C(C8=CC=C(CC(CCCC)CCCCCC)C=C8)C(SC=C9)=C9C(C%10=CC=C(CC(CCCCCC)CCCC)C=C%10)=C7S6)=C3C2=O||O=C1C(/C(C2=C1C=C(F)C=C2)=C(C#N)/C#N)=C\C3=CC4=C(S3)C(C(C5=CC=C(CCCCCC)C=C5)(C(C=C6C7=C8C9=C(C=C(S9)/C=C%10C(C(C(F)=CC=C%11)=C%11C\%10=C(C#N)\C#N)=O)S7)=C%12C=C6C8(C%13=CC=C(C=C%13)CCCCCC)C%14=CC=C(C=C%14)CCCCCC)C%15=CC=C(CCCCCC)C=C%15)=C%12S4,222
12,236,validation,in-house,266,CC1=CC2=C(C(C(S3)=CC=C3[Si](CCC)(CCC)CCC)=C4C=C(SC4=C2C5=CC=C(S5)[Si](CCC)(CCC)CCC)C6=CC=C([Se]6)C(C7[N]N([N]C7C(C8=CC=C(C)[Se]8)=C9F)CC(CCCCCC)CCCCCCCC)=C9F)S1||c12cc3c(cc1C(c1c2sc2c1sc(c2)/C=C\1/C(=C(C#N)C#N)c2c(C1=O)cccc2)(c1cccc(c1)CCCCCC)c1cc(ccc1)CCCCCC)c1c(C3(c2cc(ccc2)CCCCCC)c2cccc(c2)CCCCCC)c2c(s1)cc(s2)/C=C\1/C(=C(C#N)C#N)c2c(C1=O)cccc2,223
12,237,train,in-house,268,CC1=CC2=C(C3=C(C(C4=CC(F)=C(S4)CC(CC)CCCC)=C2S1)C=C(C5=CC=C(S5)C6=CC7=C(C8=NN(N=C68)CC(CCCCCC)CCCC)C=C(C9=NN(N=C79)CC(CCCC)CCCCCC)C%10=CC=C(S%10)C)S3)C%11=CC(F)=C(S%11)CC(CC)CCCC||c12cc3c(cc1C(c1c2sc2c1sc(c2)/C=C\1/C(=C(C#N)C#N)c2c(C1=O)cccc2)(c1cccc(c1)CCCCCC)c1cc(ccc1)CCCCCC)c1c(C3(c2cc(ccc2)CCCCCC)c2cccc(c2)CCCCCC)c2c(s1)cc(s2)/C=C\1/C(=C(C#N)C#N)c2c(C1=O)cccc2,224
12,238,train,in-house,269,O=C(C1=C(CCC(CCCC)CC)SC(CCC(CC)CCCC)=C1C2=O)C(C2=C(C3)C(C4)=CC=C4C5=CC6=C(C(C7=CC=C(CCC(CCCC)CC)S7)=C8C=CSC8=C6C9=CC=C(CCC(CCCC)CC)S9)S5)=C3C%10=CC=CS%10||c1(c(cc2c(c1)C(=C(C#N)C#N)/C(=C\c1c(c(sc1)c1sc3c(c1)C(c1c3cc3c(c1)c1c(C3(c3ccc(cc3)CCCCCC)c3ccc(cc3)CCCCCC)cc(s1)c1scc(c1OC[C@H](CCCC)CC)/C=C/1\C(=C(C#N)C#N)c3c(C1=O)cc(c(c3)F)F)(c1ccc(cc1)CCCCCC)c1ccc(cc1)CCCCCC)OC[C@@H](CC)CCCC)/C2=O)F)F,225
12,239,train,in-house,271,FC(C(F)=C(C1=NN(N=C21)CCC(CCCC)CCCCCC)C3=CC=C(S3)C)=C2C(S4)=CC=C4C5=CC(C(CCCC(CCCCCC)CCCC)=C6SC(C)=CC6=C7CCCC(CCCC)CCCCCC)=C7S5||O=C(C1=C(C=CC=C1)C/2=C(C#N)\C#N)C2=C/C3=CC(C4(C5=CC=C(CCCCCC)C=C5)C6=CC=C(CCCCCC)C=C6)=C(C7=C4C(C(C8=CC=C(S8)CC(CCCC)CC)=C9SC%10=C(C(C%11=CC=C(CCCCCC)C=C%11)(C%12=CC=C(CCCCCC)C=C%12)C%13=C%10SC(/C=C%14C(C%15=C(C=CC=C%15)C\%14=C(C#N)\C#N)=O)=C%13)C9=C%16C%17=CC=C(S%17)CC(CC)CCCC)=C%16S7)S3,226
12,240,train,in-house,272,O=C(C1=C(CCC(CCCC)CC)SC(CCC(CC)CCCC)=C1C2=O)C(C2=C(C3)C(C4)=CC=C4C5=CC6=C(C(C7=CC=C(CCC(CCCC)CC)S7)=C8C=CSC8=C6C9=CC=C(CCC(CCCC)CC)S9)S5)=C3C%10=CC=CS%10||O=C(C1=C(C/2=C(C#N)\C#N)C3=C(C=CC=C3)S1)C2=C/C4=CC(SC5=C6C(C7=CC=C(C=C7)CCCCCC)(C(C=C8C9=C%10C%11=C(C=C(S%11)/C=C%12C(C%13=C(C\%12=C(C#N)\C#N)C%14=C(C=CC=C%14)S%13)=O)S9)=C5C=C8C%10(C(C=C%15)=CC=C%15CCCCCC)C(C=C%16)=CC=C%16CCCCCC)C(C=C%17)=CC=C%17CCCCCC)=C6S4,227
12,241,train,in-house,273,O=C1C2=C(CC(CC)CCCC)SC(CC(CC)CCCC)=C2C(C3=C(C4=CC=C(C5=CC(C(C6=CC(F)=C(CC(CC)CCCC)S6)=C(SC=C7)C7=C8C9=CC(F)=C(CC(CC)CCCC)S9)=C8S5)S4)SC(C%10=CC=CS%10)=C31)=O||O=C(C/1=C/C(C2=NSN=C32)=CC=C3C4=CC5=C(C6=C(S5)C(C(C(C7=CC=C(CCCCCCCC)C=C7)6C8=CC=C(CCCCCCCC)C=C8)=C9)=CC(C(C%10=CC=C(CCCCCCCC)C=C%10)%11C%12=CC=C(CCCCCCCC)C=C%12)=C9C%13=C%11C%14=C(C=C(S%14)C%15=CC=C(C%16=NSN=C%15%16)/C=C(C(C%17=C%18C=CC=C%17)=O)/C%18=C(C#N)/C#N)S%13)S4)C%19=C(C=CC=C%19)C1=C(C#N)\C#N,228
12,242,train,in-house,275,O=C(C1=C(CCC(CCCC)CC)SC(CCC(CC)CCCC)=C1C2=O)C(C2=C(C3)C(C4)=CC=C4C5=CC6=C(C(C7=CC=C(CCC(CCCC)CC)S7)=C8C=CSC8=C6C9=CC=C(CCC(CCCC)CC)S9)S5)=C3C%10=CC=CS%10||O=C1C2=C(C)SC=C2C(/C1=C/C(S3)=CC4=C3C(S5)=C(C4(C6=CC=C(CCCCCC)C=C6)C7=CC=C(CCCCCC)C=C7)C(C5=C8OCC(CC)CCCC)=C(OCC(CCCC)CC)C9=C8C(C%10(C%11=CC=C(CCCCCC)C=C%11)C%12=CC=C(CCCCCC)C=C%12)=C(S9)C%13=C%10C=C(/C=C%14C(C%15=C(C)SC=C%15C\%14=C(C#N)\C#N)=O)S%13)=C(C#N)\C#N,229
12,243,train,in-house,276,O=C(C1=C(CCC(CCCC)CC)SC(CCC(CC)CCCC)=C1C2=O)C(C2=C(C3)C(C4)=CC=C4C5=CC6=C(C(C7=CC=C(CCC(CCCC)CC)S7)=C8C=CSC8=C6C9=CC=C(CCC(CCCC)CC)S9)S5)=C3C%10=CC=CS%10||O=C(C1=C(C)SC=C1C/2=C(C#N)\C#N)C2=C\C3=CC(SC4=C5C(C6=CC(CCCCCC)=CC=C6)(C7=CC=CC(CCCCCC)=C7)C(C4=C8)=CC9=C8C(C%10=CC(CCCCCC)=CC=C%10)(C%11=CC=CC(CCCCCC)=C%11)C%12=C9SC%13=C%12SC(/C=C%14C(C%15=C(C)SC=C%15C/%14=C(C#N)/C)=O)=C%13)=C5S3,230
12,244,train,in-house,277,O=C(C1=C(SC(C2=CC=C(S2)C3=CC(C(C4=CC(F)=C(S4)SCCCCCCCC)=C5SC(C)=CC5=C6C7=CC(F)=C(S7)SCCCCCCCC)=C6S3)=C18)C9=CC=C(S9)C)C%10=C(SC(CCCCCCCC)=C%10C8=O)CCCCCCCC||O=C(C1=C2C=CS1)C(/C2=C(C#N)\C#N)=C\C3=CC4=C(S3)C(C(C5=CC=C(CCCCCC)C=C5)(C6=CC=C(CCCCCC)C=C6)C7=C8C=C(C(C9=C%10C%11=C(C=C(S%11)/C=C(/C%12=C(C#N)\[N+]#[C-])C(C%13=C%12C=CS%13)=O)S9)=C7)C%10(C%14=CC=C(CCCCCC)C=C%14)C%15=CC=C(CCCCCC)C=C%15)=C8S4,231
12,245,validation,in-house,278,O=C(C1=C(CCC(CCCC)CC)SC(CCC(CC)CCCC)=C1C2=O)C(C2=C(C3)C(C4)=CC=C4C5=CC6=C(C(C7=CC=C(CCC(CCCC)CC)S7)=C8C=CSC8=C6C9=CC=C(CCC(CCCC)CC)S9)S5)=C3C%10=CC=CS%10||O=C(C(C=C(C=CC=C1)C1=C2)=C2C/3=C(C#N)/C#N)C3=C/C4=CC5=C(C6=C(C5(C(C=C7)=CC=C7OCC(CCCCCC)CCCC)C(C=C8)=CC=C8OCC(CCCC)CCCCCC)C9=CC(C(C=C9C=C6)=C%10%11)=CC=C%10C%12=C(C=C(S%12)/C=C%13C(C(C=C(C=CC=C%14)C%14=C%15)=C%15C\%13=C(C#N)/C#N)=O)C%11(C%16=CC=C(C=C%16)OCC(CCCCCC)CCCC)C(C=C%17)=CC=C%17OCC(CCCCCC)CCCC)S4,232
12,246,test,in-house,279,FC1=C(F)C=C(N=C(OCC(CCCCCC)CCCCCCCC)C=N2)C2=C1C3=CC=CS3||c12cc3c(cc1C(c1c2sc2c1sc(c2)/C=C\1/C(=C(C#N)C#N)c2c(C1=O)cccc2)(c1ccc(cc1)CCCCCC)c1ccc(cc1)CCCCCC)c1c(C3(c2ccc(cc2)CCCCCC)c2ccc(cc2)CCCCCC)c2c(s1)cc(s2)/C=C\1/C(=C(C#N)C#N)c2c(C1=O)cccc2,233
12,247,train,in-house,280,ClC1=C(C2=CC(C(C3=CC=C(C=C3)CC(CCCCCC)CCCC)=C4SC(C)=CC4=C5C6=CC=C(C=C6)CC(CCCC)CCCCCC)=C5S2)SC(C7=C8C(C(C9=C(SC(CC(CCCC)CC)=C9C8=O)CC(CCCC)CC)=O)=C(S7)C%10=CC(Cl)=C(C)S%10)=C1||O=C1C(/C(C2=CSC=C21)=C(C#N)/C#N)=C\C3=CC4=C(S3)C(C(C5=CC=C(CCCCCC)C=C5)(C(C=C6C7=C8C9=C(C=C(S9)/C=C%10C(C%11=CC(F)=C(C=C%11C\%10=C(C#N)\C#N)F)=O)S7)=C%12C=C6C8(C%13=CC=C(CCCCCC)C=C%13)C%14=CC=C(CCCCCC)C=C%14)C%15=CC=C(CCCCCC)C=C%15)=C%12S4,234
12,248,test,in-house,281,CC1=CC=C(S1)C2=CC=C(C(F)=C2F)C3=CC=C(S3)C4=C(CC(CCCCCCCCCCCC)CCCCCCCCCC)C=C(C5=C(C(F)=C(C6=NN(N=C56)CCC)C7=CC(CC(CCCCCCCCCC)CCCCCCCCCCCC)=C(S7)C)F)S4||O=C(C1=CC=CC=C1C/2=C(C#N)\C#N)C2=C/C3=CC4=C(C(C(C5=CC=C(CCCCCC)S5)(C6=C7C=C8C(C9=CC=C(S9)CCCCCC)(C%10=CC=C(S%10)CCCCCC)C%11=C(SC%12=C%11SC(/C=C%13C(C%14=CC=CC=C%14C\%13=C(C#N)\C#N)=O)=C%12)C8=C6)C(S%15)=CC=C%15CCCCCC)=C7S4)S3,235
12,249,train,in-house,282,FC1=C(C(OCC(CCCC)CC)=O)SC2=CSC(C3=CC4=C(C5=C(C(C6=CC=C(CC(CC)CCCC)S6)=C4S3)C=CS5)C7=CC=C(CC(CC)CCCC)S7)=C12||O=C(C/1=C\C2=C(SC(C(OC(CC)CCCCC)=O)=C3F)C3=C(C4=CC(C5(C6=CC=C(C(CCCCC)=O)C=C6)C7=CC=C(C(CCCCC)=O)C=C7)=C(C8=C5C=C(C9=C%10C=C(C%11=C%12C(SC(C(OC(CC)CCCCC)=O)=C%12F)=C(/C=C%13C(C%14=C(C\%13=C(C#N)/C#N)C=C([H])C(F)=C%14)=O)S%11)S9)C(C%10(C%15=CC=C(C(CCCCC)=O)C=C%15)C%16C=CC(C(CCCCC)=O)=CC%16)=C8)S4)S2)C%17=C(C1=C(C#N)/C#N)C=C([H])C(F)=C%17,236
12,250,train,in-house,284,O=C(C1=C(CCC(CCCC)CC)SC(CCC(CC)CCCC)=C1C2=O)C(C2=C(C3)C(C4)=CC=C4C5=CC6=C(C(C7=CC=C(CCC(CCCC)CC)S7)=C8C=CSC8=C6C9=CC=C(CCC(CCCC)CC)S9)S5)=C3C%10=CC=CS%10||O=C(C1=CC=C(F)C=C1C/2=C(C#N)/C#N)C2=C/C3=CC4=C(S3)C5=CC6=C(C=C5C4(CCCCCCCC)CCCCCCCC)C7=C(C=C8C9=C(C=C(S9)/C=C%10C(C%11=CC=C(F)C=C%11C\%10=C(C#N)/C#N)=O)C(CCCCCCCC)(CCCCCCCC)C8=C7)C(CCCCCCCC)6CCCCCCCC,237
12,251,train,in-house,285,O=C(C1=C(CCC(CCCC)CC)SC(CCC(CC)CCCC)=C1C2=O)C(C2=C(C3)C(C4)=CC=C4C5=CC6=C(C(C7=CC=C(CCC(CCCC)CC)S7)=C8C=CSC8=C6C9=CC=C(CCC(CCCC)CC)S9)S5)=C3C%10=CC=CS%10||O=C(C1=C(SC2=C1C=CC=C2)C/3=C(C#N)\C#N)C3=C/C4=CC(C5(C(C=C6)=CC=C6CCCCCC)C7=CC=C(C=C7)CCCCCC)=C(C(SC8=C9)=C5C8=CC%10=C9C(C(C%11=CC=C(C=C%11)CCCCCC)(C%12=C%13SC(/C=C%14C(C%15=C(C(C=CC=C%16)=C%16S%15)C\%14=C(C#N)\C#N)=O)=C%12)C%17=CC=C(C=C%17)CCCCCC)=C%13S%10)S4,151
12,252,train,in-house,286,FC(C(F)=C(C1=NN(N=C21)CCC(CCCC)CCCCCC)C3=CC=C(S3)C)=C2C(S4)=CC=C4C5=CC(C(CCCC(CCCCCC)CCCC)=C6SC(C)=CC6=C7CCCC(CCCC)CCCCCC)=C7S5||O=C(C(C=C(F)C=C1)=C1C/2=C(C#N)\C#N)C2=C/C(S3)=CC4=C3C(C5(C6=CC=C(CCC)C=C6)C7=CC=C(CCC)C=C7)=C(S4)C8=C5C9=C(CCCCCCCCCCCC)C(S%10)=C(C(CCCCCCCCCCCC)=C9S8)C%11=C%10C(S%12)=C(C%11(C%13=CC=C(CCC)C=C%13)C%14=CC=C(CCC)C=C%14)C%15=C%12C=C(/C=C%16C(C(C=C(F)C=C%17)=C%17C\%16=C(C#N)/C#N)=O)S%15,238
12,253,train,in-house,288,CC1=CC(C(S1)=C(C2=C3SC(C(S4)=CC=C4C5=C6C(C(C7=C(SC(CC(CC)CCCC)=C7C6=O)CC(CC)CCCC)=O)=C(S5)C8=CC=C(C)S8)=C2)C9=CC=CC(OCC(CC)CCCC)=C9)=C3C%10=CC=CC(OCC(CC)CCCC)=C%10||c12cc3c(cc1C(c1c2sc2c1sc(c2)/C=C\1/C(=C(C#N)C#N)c2c(C1=O)cccc2)(c1ccc(cc1)CCCCCC)c1ccc(cc1)CCCCCC)c1c(C3(c2ccc(cc2)CCCCCC)c2ccc(cc2)CCCCCC)c2c(s1)cc(s2)/C=C\1/C(=C(C#N)C#N)c2c(C1=O)cccc2,239
12,254,train,in-house,289,FC(C=C(C1=C2SC=CC2=C(C3=CC(F)=C(CC(CCCC)CC)S3)C4=C1C=C(C5=CC=C(C6=C(C(C(C7=C(CC(CCCC)CC)SC(CC(CC)CCCC)=C78)=O)=C(C9=CC=CC9)S6)C8=O)S5)S4)S%10)=C%10CC(CC)CCCC||O=C(C1=C(C/2=C(C#N)/C#N)C=C([H])S1)C2=C/C3=CC4=C(C5=C(S4)C(C(C5(CCCCCCCCC)CCCCCCCCC)=C6)=CC(C7(CCCCCCCCC)CCCCCCCCC)=C6C8=C7C9=C(C=C(S9)/C=C%10C(C(CC([H])=C%11)=C%11C\%10=C(C#N)\C#N)=O)S8)S3,240
12,255,train,in-house,290,FC(C=C(C1=C2SC=CC2=C(C3=CC(F)=C(CC(CCCC)CC)S3)C4=C1C=C(C5=CC=C(C6=C(C(C(C7=C(CC(CCCC)CC)SC(CC(CC)CCCC)=C78)=O)=C(C9=CC=CC9)S6)C8=O)S5)S4)S%10)=C%10CC(CC)CCCC||O=C(C1=C(C=C(F)C(F)=C1)C/2=C(C#N)\C#N)C2=C/C3=CC(CCCCCCCC)=C(C4=CC5=C(C(C=C6C(C7=CC=C(CCCCCC)C=C7)(C8=CC=C(CCCCCC)C=C8)C9=C(SC(C%10=C(CCCCCCCC)C=C(/C=C%11C(C%12=C(C=C(F)C(F)=C%12)C\%11=C(C#N)\C#N)=O)S%10)=C9)C6=C%13)=C%13C5(C%14=CC=C(C=C%14)CCCCCC)C%15=CC=C(CCCCCC)C=C%15)S4)S3,241
12,256,test,in-house,291,O=C(C1=C(CCC(CCCC)CC)SC(CCC(CC)CCCC)=C1C2=O)C(C2=C(C3)C(C4)=CC=C4C5=CC6=C(C(C7=CC=C(CCC(CCCC)CC)S7)=C8C=CSC8=C6C9=CC=C(CCC(CCCC)CC)S9)S5)=C3C%10=CC=CS%10||CCCCCCC(C=C1)=CC=C1C2(C(C3=C(S4)C=C(S3)/C=C(C(C5=C6C=CC(OC)=C5)=O)\C6=C(C#N)\C#N)=C4C7=C2C=C(C8=C7)C9=C(C8(C%10=CC=C(C=C%10)CCCCCC)C%11=CC=C(C=C%11)CCCCCC)C%12=C(C=C(S%12)/C=C(/C(C%13=C%14C=C(OC)C=C%13)=C(C#N)\C#N)C%14=O)S9)C(C=C%15)=CC=C%15CCCCCC,242
12,257,train,in-house,292,FC(C(F)=C(C1=NN(N=C21)CC(CCCCCC)CCCCCCCC)C3=CCC(C)S3)=C2C(S4)=CC=C4C(OC5=C(C6=C7OC(C)=C6)C8=CC(Cl)=C(CC(CC)CCCC)S8)=CC5=C7C9=CC(Cl)=C(S9)CC(CC)CCCC||O=C(C/1=C\C2=C(C3=C(S2)C(N4C5=CC=C(CCCCCC)C=C5)=C(C6=C4C7=C(C8=NSN=C68)C(SC9=C%10SC(/C=C%11C(C%12=CC(F)=C(C=C%12C\%11=C(C#N)/C#N)F)=O)=C9CCCCCCCCCCC)=C%10N7C%13=CC=C(CCCCCC)C=C%13)S3)CCCCCCCCCCC)C%14=CC(F)=C(F)C=C%14C1=C(C#N)/C#N,243
12,258,train,in-house,293,CC1=CC(C(S1)=C(C2=C3SC(C(S4)=CC=C4C5=C6C(C(C7=C(SC(CC)=C7C6=O)CC)=O)=C(S5)C8=CC=C(C)S8)=C2)C9=CC=C(S9)B=O)=C3C%10=CC=C(S%10)O[B]||O=C(C1=CC=CC=C1C/2=C(C#N)/C#N)C2=C/C3=CC(SC4C5C(C)=C(C(C6=CC=C(C=C6)CCCCCC)(C7=CC=C(C=C7)CCCCCC)C8=CSC9=C8SC(/C=C%10C(C(C=CC=C%11)=C%11C\%10=C(C#N)/C#N)=C)=C9)C=C(C)C5C(C%12=CC=C(C=C%12)CCCCCC)(C%13=CC=C(C=C%13)CCCCCC)C%144)=C%14S3,244
12,259,train,in-house,295,O=C(C1=C(CCC(CCCC)CC)SC(CCC(CC)CCCC)=C1C2=O)C(C2=C(C3)C(C4)=CC=C4C5=CC6=C(C(C7=CC=C(CCC(CCCC)CC)S7)=C8C=CSC8=C6C9=CC=C(CCC(CCCC)CC)S9)S5)=C3C%10=CC=CS%10||c1cccc2c1C(=C(C#N)C#N)/C(=C/c1cc3c(s1)c1c(C3(c3ccc(cc3)CCCCCC)c3ccc(cc3)CCCCCC)c3c(s1)c(c1c(c3O[C@H](CCCC)CC)sc3c1C(c1c3sc(c1)/C=C\1/C(=C(C#N)C#N)c3c(C1=O)cccc3)(c1ccc(cc1)CCCCCC)c1ccc(cc1)CCCCCC)O[C@@H](CC)CCCC)/C2=O,245
12,260,train,in-house,296,O=C(C1=C(CCC(CCCC)CC)SC(CCC(CC)CCCC)=C1C2=O)C(C2=C(C3)C(C4)=CC=C4C5=CC6=C(C(C7=CC=C(CCC(CCCC)CC)S7)=C8C=CSC8=C6C9=CC=C(CCC(CCCC)CC)S9)S5)=C3C%10=CC=CS%10||FC1=CC(C(/C2=C/C(SC3=C4SC5=C3C(C6=CC=C(CCCCCC)C=C6)(C7=CC=C(CCCCCC)C=C7)C8=C5SC9=C8C(OCCCCCCCC)=C(SC%10=C%11C(C%12=CC=C(CCCCCC)C=C%12)(C%13=CC=C(CCCCCC)C=C%13)C%14=C%10SC%15=C%14SC(/C=C%16/C(C%17=C(C%16=O)C=C(F)C(F)=C%17)=C(C#N)\[N+]#[C-])=C%15CCCCCCCC)C%11=C9OCCCCCCCC)=C4CCCCCCCC)=C(C#N)/C#N)=C(C2=O)C=C1F,246
12,261,test,in-house,297,FC(C=C(C1=C2SC=CC2=C(C3=CC(F)=C(CC(CCCC)CC)S3)C4=C1C=C(C5=CC=C(C6=C(C(C(C7=C(CC(CCCC)CC)SC(CC(CC)CCCC)=C78)=O)=C(C9=CC=CC9)S6)C8=O)S5)S4)S%10)=C%10CC(CC)CCCC||c12cc3c(cc1C(c1c2sc2c1sc(c2)/C=C\1/C(=C(C#N)C#N)c2c(C1=O)cccc2)(c1ccc(cc1)CCCCCC)c1ccc(cc1)CCCCCC)c1c(C3(c2ccc(cc2)CCCCCC)c2ccc(cc2)CCCCCC)c2c(s1)cc(s2)/C=C\1/C(=C(C#N)C#N)c2c(C1=O)cccc2,247
12,262,validation,in-house,298,O=C(C1=C(CCC(CCCC)CC)SC(CCC(CC)CCCC)=C1C2=O)C(C2=C(C3)C(C4)=CC=C4C5=CC6=C(C(C7=CC=C(CCC(CCCC)CC)S7)=C8C=CSC8=C6C9=CC=C(CCC(CCCC)CC)S9)S5)=C3C%10=CC=CS%10||O=C(C1=CSC=C1C/2=C(C#N)\C#N)C2=C/C3=CC(SC(C(C=C4C5(C6=CC=C(C=C6)CCCCCCCC)C7=CC=C(CCCCCCCC)C=C7)=C8C=C4C9=C5C%10=C(C=C(S%10)/C=C%11C(C%12=CSC=C%12C\%11=C(C#N)\C#N)=O)S9)=C%13C8(C%14=CC=C(C=C%14)CCCCCCCC)C%15=CC=C(CCCCCCCC)C=C%15)=C%13S3,248
12,263,train,in-house,299,O=C(C1=C(CC(CCCC)CC)SC(CC(CCCC)CC)=C12)C3=C(C4=CC=CS4)SC(C(S5)=CC=C5C6=CC7=C(C8=CC=C(CC(CCCC)CCCCCC)C=C8)C(SC=C9)=C9C(C%10=CC=C(CC(CCCCCC)CCCC)C=C%10)=C7S6)=C3C2=O||O=C1C(/C(C2=C1C=CC(F)=C2)=C(C#N)\C#N)=C\C3=CC=C(S3)C4=CC5=C(C(C=C6C(C7=CC=C(CCCCCC)C=C7)(C8=CC=C(CCCCCC)C=C8)C(C=C(C9=CC=C(S9)/C=C%10C(C%11=C(C=C(F)C=C%11)C\%10=C(C#N)/C#N)=O)S%12)=C%12C6=C%13)=C%13C5(C%14=CC=C(C=C%14)CCCCCC)C%15=CC=C(CCCCCC)C=C%15)S4,249
12,264,test,in-house,300,O=C(C1=C(CCC(CCCC)CC)SC(CCC(CC)CCCC)=C1C2=O)C(C2=C(C3)C(C4)=CC=C4C5=CC6=C(C(C7=CC=C(CCC(CCCC)CC)S7)=C8C=CSC8=C6C9=CC=C(CCC(CCCC)CC)S9)S5)=C3C%10=CC=CS%10||O=C(C(C=CC(F)=C1)=C1C/2=C(C#N)/C#N)C2=C/C3=CC(N4CC(CCCCCC)CCCC)=C(S3)C5=C4C6=C(OCCCCCC)C(S7)=C(C(OCCCCCC)=C6S5)C8=C7C(S9)=C(N8CC(CCCC)CCCCCC)C=C9/C=C(C%10=O)/C(C%11=C%10C=CC(F)=C%11)=C(C#N)/C#N,250
12,265,train,in-house,301,O=C(C1=C(CCC(CCCC)CC)SC(CCC(CC)CCCC)=C1C2=O)C(C2=C(C3)C(C4)=CC=C4C5=CC6=C(C(C7=CC=C(CCC(CCCC)CC)S7)=C8C=CSC8=C6C9=CC=C(CCC(CCCC)CC)S9)S5)=C3C%10=CC=CS%10||ClC(C(Cl)=C1)=CC2=C1C(/C(C2=O)=C/C3=CC(C4(C5=CC=C(CCCCCC)C=C5)C6=CC=C(CCCCCC)C=C6)=C(S3)C(C4=C7)=CC8=C7C(S9)=C(C8(C%10=CC=C(CCCCCC)C=C%10)C%11=CC=C(CCCCCC)C=C%11)C%12=C9C(C%13(C%14=CC=C(CCCCCC)C=C%14)C%15=CC=C(CCCCCC)C=C%15)=C(S%12)C(C%13=C%16)=CC%17=C%16C%18=C(C%17(C%19=CC=C(CCCCCC)C=C%19)C%20=CC=C(CCCCCC)C=C%20)C=C(/C=C%21C(C(C=C(Cl)C(Cl)=C%22)=C%22C\%21=C(C#N)\C#N)=O)S%18)=C(C#N)/C#N,251
12,266,train,in-house,302,O=C(C1=C(CCC(CCCC)CC)SC(CCC(CC)CCCC)=C1C2=O)C(C2=C(C3)C(C4)=CC=C4C5=CC6=C(C(C7=CC=C(CCC(CCCC)CC)S7)=C8C=CSC8=C6C9=CC=C(CCC(CCCC)CC)S9)S5)=C3C%10=CC=CS%10||O=C(N(C1=O)CC(CCCCCCCC)CCCCCCCCCC)C2=C3C1=CC(C4=CC=C(S4)C5=CC=C(C)S5)=C(C(N(C6=O)CC(CCCCCCCCCC)CCCCCCCC)=O)C3=C6C=C2C,252
12,267,train,in-house,303,FC1=C(F)C=C(N=C(OCC(CCCCCC)CCCCCCCC)C=N2)C2=C1C3=CC=CS3||O=C(C1=CC(F)=C(C=C1C/2=C(C#N)/C#N)F)C2=C/C3=CC([N]4C)=C(S3)C(C=C5C6(B=O)B=O)=C4C=C5C(C7(B=O)B=O)=C6C(C=C8[N]9C)=C7C=C8C(S%10)=C9C=C%10/C=C(CC%11=CC(F)=C(C=C%11%12)F)/C%12=C(C#N)\C#N,253
12,268,train,in-house,304,CC1=CC2=C(S1)C(C3=CC=C([Si](CCC)(CCC)CCC)S3)=C4C=C(C5=CC=C(C6=C(F)C(F)=C(C7=CC=C(S7)C)C8=NN(CC(CCCCCCCC)CCCCCC)N=C68)S5)SC4=C2C9=CC=C([Si](CCC)(CCC)CCC)S9||O=C(C1=CC=CC=C1C/2=C(C#N)/C#N)C2=C/C3=CC(SC4C5C(C)=C(C(C6=CC=C(C=C6)CCCCCC)(C7=CC=C(C=C7)CCCCCC)C8=CSC9=C8SC(/C=C%10C(C(C=CC=C%11)=C%11C\%10=C(C#N)/C#N)=C)=C9)C=C(C)C5C(C%12=CC=C(C=C%12)CCCCCC)(C%13=CC=C(C=C%13)CCCCCC)C%144)=C%14S3,254
12,269,train,in-house,305,O=C(C1=C(CCC(CCCC)CC)SC(CCC(CC)CCCC)=C1C2=O)C(C2=C(C3)C(C4)=CC=C4C5=CC6=C(C(C7=CC=C(CCC(CCCC)CC)S7)=C8C=CSC8=C6C9=CC=C(CCC(CCCC)CC)S9)S5)=C3C%10=CC=CS%10||O=C(C(C=C(C(F)=C1)F)=C1C/2=C(C#N)\C#N)C2=C/C([Se]3)=CC=C3C(SC4=C5C(C6=CC=C(CCCCCC)C=C6)(C7=CC=C(CCCCCC)C=C7)C(C4=C8)=CC9=C8C(C%10=CC=C(CCCCCC)C=C%10)(C%11=CC=C(CCCCCC)C=C%11)C%12=C9SC(C%13=CC=C([Se]%13)/C=C%14C(C(C=C(C(F)=C%15)F)=C%15C\%14=C(C#N)\C#N)=O)=C%12OCCCCCCCC)=C5OCCCCCCCC,255
12,270,train,in-house,306,FC(C=C1C(S2)=C(OCCCCCCCCCCCC)C=C2C(C3C(N4CC(CCCCCC)CCCCCCCC)=O)=CC=C(C)C3C4=O)=C(C=C1F)C5=C(OCCCCCCCCCCCC)C=C(C)S5||c1(cc2c(cc1F)C(=O)/C(=C\c1cc3c(s1)c1c(s3)c3c(C1(c1ccc(cc1)CCCCCC)c1ccc(cc1)CCCCCC)cc1c(c3)C(c3c1sc1c3sc(c1)/C=C/1\C(=O)c3c(C1=C(C#N)C#N)cc(c(c3)F)F)(c1ccc(cc1)CCCCCC)c1ccc(cc1)CCCCCC)/C2=C(C#N)C#N)F,256
12,271,train,in-house,307,O=C(C1=C(CCC(CCCC)CC)SC(CCC(CC)CCCC)=C1C2=O)C(C2=C(C3)C(C4)=CC=C4C5=CC6=C(C(C7=CC=C(CCC(CCCC)CC)S7)=C8C=CSC8=C6C9=CC=C(CCC(CCCC)CC)S9)S5)=C3C%10=CC=CS%10||O=C(C1=C(SC(C2=CC3=C(C4=C(C3(CC(CCCC)CC)CC(CCCC)CC)C=C(/C=C5C(C6=CC(F)=C(C=C6C\5=C([N+]#[C-])\C#N)F)=O)S4)S2)=C17)C8=CC9=C(C%10=C(C9(CC(CCCC)CC)CC(CCCC)CC)C=C(/C=C%11/C(C%12=CC(F)=C(C=C%12C%11=O)F)=C(C#N)/[N+]#[C-])S%10)S8)C%13=C(CC(CCCC)CC)SC(CC(CCCC)CC)=C%13C7=O,257
12,272,train,in-house,308,CC1=CC(C(C2=CC=C(S2)[Si](CCC)(CCC)CCC)=C3OC(C4=CC=C(S4)C5=C(C(F)=C(C6=NN(N=C56)CC(CCCCCCCC)CCCCCC)C7=CC=C(C)S7)F)=CC3=C8C9=CC=C(S9)[Si](CCC)(CCC)CCC)=C8O1||c12cc3c(cc1C(c1c2sc2c1sc(c2)/C=C\1/C(=C(C#N)C#N)c2c(C1=O)cccc2)(c1ccc(cc1)CCCCCC)c1ccc(cc1)CCCCCC)c1c(C3(c2ccc(cc2)CCCCCC)c2ccc(cc2)CCCCCC)c2c(s1)cc(s2)/C=C\1/C(=C(C#N)C#N)c2c(C1=O)cccc2,258
12,273,test,in-house,309,O=C(C1=C(CCC(CCCC)CC)SC(CCC(CC)CCCC)=C1C2=O)C(C2=C(C3)C(C4)=CC=C4C5=CC6=C(C(C7=CC=C(CCC(CCCC)CC)S7)=C8C=CSC8=C6C9=CC=C(CCC(CCCC)CC)S9)S5)=C3C%10=CC=CS%10||CCCCCCCCN1C2=C(SC(/C=C3/C(C4=CC(F)=C(C=C4C3=O)F)=C(C#N)\C#N)=C2)C5=C1C6=C(C5)C(C=C7C(C8=CC=C(OCCCCCC)C=C8)(C9=C(C7=C%10)SC%11=C9N(C%12=C%11SC(/C=C%13/C(C%14=CC(F)=C(C=C%14C%13=O)F)=C(C#N)\C#N)=C%12)CCCCCCCC)C(C=C%15)=CC=C%15OCCCCCC)=C%10C(C%16=CC=C(C=C%16)OCCCCCC)6C%17=CC=C(C=C%17)OCCCCCC,259
12,274,train,in-house,310,FC(C(F)=C(C(F)=C1F)C2=CC=C(S2)C3=C(C4=CC=C(S4)C(CCCCCCCCCCCC)CCCCCCCCCC)C=C(C5=C(C(F)=C(C6=NN(N=C56)CCCCCCCC)C7=CC(C8=CC=C(S8)CC(CCCCCCCCCCCC)CCCCCCCCCC)=C(S7)C)F)S3)=C1C9=CC=C(C)S9||N#C/C(C#N)=C(C1=CC=CC=C1C2=O)/C2=C/C3=CC4=C(C5=C(C=C6C(C(CCCCCC)(CCCCCC)C7=C6SC(/C=C8/C(C9=CC=CC=C9C8=O)=C(C#N)/C#N)=C7)=C5)C4(CCCCCC)CCCCCC)S3,260
12,275,train,in-house,311,FC1=C(C(OCC(CCCC)CC)=O)SC2=CSC(C3=CC4=C(C5=C(C(C6=CC=C(CC(CC)CCCC)S6)=C4S3)C=CS5)C7=CC=C(CC(CC)CCCC)S7)=C12||O=C1C2=C(C=CC=C2)C(/C1=C\C3=CC4=C(C5=C(C4(C6=CC=C(C=C6)CCCCCC)C7=CC=C(C=C7)CCCCCC)C(SC8=C9C(C%10=CC=C(C=C%10)CCCCCC)(C%11=C8SC(/C=C%12C(C(C=CC=C%13)=C%13C\%12=C(C#N)\C#N)=O)=C%11)C%14=CC=C(C=C%14)CCCCCC)=C9S5)S3)=C(C#N)\C#N,261
12,276,train,in-house,312,O=C(C1=C(CCC(CCCC)CC)SC(CCC(CC)CCCC)=C1C2=O)C(C2=C(C3)C(C4)=CC=C4C5=CC6=C(C(C7=CC=C(CCC(CCCC)CC)S7)=C8C=CSC8=C6C9=CC=C(CCC(CCCC)CC)S9)S5)=C3C%10=CC=CS%10||O=C(C1=C(C/2=C(C#N)\C#N)C=C(F)C(F)=C1)C2=C/C3=C(OCCCCCC)C=C(C4=CC(C(C5=CC=C(C=C5)CCCCCC)(C(C=C6)=CC=C6CCCCCC)C(C7=C8)=C9SC7=CC%10=C8SC%11=C%10C(C%12=CC=C(C=C%12)CCCCCC)(C%13=CC=C(C=C%13)CCCCCC)C%14=C%11SC(C%15=CC(OCCCCCC)=C(/C=C(C%16=O)/C(C%17=C%16C=C(F)C(F)=C%17)=C(C#N)/C#N)S%15)=C%14)=C9S4)S3,63
12,277,test,in-house,313,CC(S1)=CC=C1C(C2=NN(CC(CCCCCCCC)CCCCCC)N=C32)=C(F)C(F)=C3C4=CC=C(C(S5)=CC(C5=C6C7=CC=C(SCC(CCCC)CCCCCC)S7)=C(C8=CC=C(SCC(CCCC)CCCCCC)S8)C9=C6C=C(C)S9)S4||O=C(C(C=CC=C1)=C1C/2=C(C#N)\C#N)C2=C\C3=CC(C(C4=CC=C(CCCCCC)C=C4)(C5=CC=C(CCCCCC)C=C5)C6=C7SC8=C6C(C9=CC=C(C=C9)SCC(CC)CCCC)=C%10SC(C%11=C(C%12(C%13=CC=C(CCCCCC)C=C%13)C%14=CC=C(CCCCCC)C=C%14)C=C(/C=C%15C(C(C=CC=C%16)=C%16C/%15=C(C#N)/C#N)=O)S%11)=C%12C%10=C8C%17=CC=C(C=C%17)SCC(CCCC)CC)=C7S3,262
12,278,test,in-house,314,O=C1C2=C(CC(CC)CCCC)SC(CC(CC)CCCC)=C2C(C3=C(C4=CC=C(C5=CC(C(C6=CC(F)=C(CC(CC)CCCC)S6)=C(SC=C7)C7=C8C9=CC(F)=C(CC(CC)CCCC)S9)=C8S5)S4)SC(C%10=CC=CS%10)=C31)=O||FC1=CC(C(/C2=C/C3=CC4=C(S3)C(C(C5=CC=C(CCCCCC)C=C5)(C6=CC=C(CCCCCC)C=C6)C(C7=C8C)=C9SC7=CC%10=C8SC%11=C%10[C@](C%12=CC=C(CCCCCC)C=C%12)(C%13=C%11SC%14=C%13SC(/C=C%15/C(C%16=C(C%15=O)C=C(F)C(F)=C%16)=C(C#N)\[N+]#[C-])=C%14)C)=C9S4)=C(C#N)/C#N)=C(C2=O)C=C1F,263
12,279,train,in-house,316,O=C(C1=C(CCC(CCCC)CC)SC(CCC(CC)CCCC)=C1C2=O)C(C2=C(C3)C(C4)=CC=C4C5=CC6=C(C(C7=CC=C(CCC(CCCC)CC)S7)=C8C=CSC8=C6C9=CC=C(CCC(CCCC)CC)S9)S5)=C3C%10=CC=CS%10||c1(sc(c2c1C(=C(C#N)C#N)/C(=C/c1cc3c(s1)c1c(s3)c3c(C1(c1ccc(cc1)CCCCCC)c1ccc(cc1)CCCCCC)cc1c(c3)C(c3c1sc1c3sc(c1)/C=C\1/C(=C(C#N)C#N)c3c(C1=O)c(sc3C)C)(c1ccc(cc1)CCCCCC)c1ccc(cc1)CCCCCC)/C2=O)C)C,264
12,280,test,in-house,317,FC(C(F)=C(C1=NN(N=C21)CCC(CCCC)CCCCCC)C3=CC=C(S3)C)=C2C(S4)=CC=C4C5=CC(C(CCCC(CCCCCC)CCCC)=C6SC(C)=CC6=C7CCCC(CCCC)CCCCCC)=C7S5||O=C(C(C=C(F)C=C1)=C1C/2=C(C#N)\C#N)C2=C/C(S3)=CC4=C3C(C5(C6=CC=C(CCCCCC)C=C6)C7=CC=C(CCCCCC)C=C7)=C(S4)C8=C5C9=C(CCCCCC)C(S%10)=C(C(CCCCCC)=C9S8)C%11=C%10C(S%12)=C(C%11(C%13=CC=C(CCCCCC)C=C%13)C%14=CC=C(CCCCCC)C=C%14)C%15=C%12C=C(/C=C%16C(C(C=C(F)C=C%17)=C%17C\%16=C(C#N)/C#N)=O)S%15,265
12,281,test,in-house,318,FC1=C(C(OCC(CCCC)CC)=O)SC2=CSC(C3=CC4=C(C5=C(C(C6=CC=C(CC(CC)CCCC)S6)=C4S3)C=CS5)C7=CC=C(CC(CC)CCCC)S7)=C12||O=C(C1=CC=CC=C1C/2=C(C#N)/C#N)C2=C/C3=CC4=C(C5=C(C(C6=CC=C(C=C6)CCCCCC)4C7=CC=C(C=C7)CCCCCC)C8=C(S5)C(OCCCCCCCC)=C9C(C(C%10=CC=C(C=C%10)CCCCCC)(C%11=C%12SC(/C=C%13C(C%14=CC=CC=C%14C\%13=C(C#N)/C#N)=O)=C%11)C%15=CC=C(CCCCCC)C=C%15)=C%12SC9=C8OCCCCCCCC)S3,266
12,282,test,in-house,320,O=C(C1=C(CC(CCCC)CC)SC(CC(CCCC)CC)=C12)C3=C(C4=CC=CS4)SC(C(S5)=CC=C5C6=CC7=C(C8=CC=C(CC(CCCC)CCCCCC)C=C8)C(SC=C9)=C9C(C%10=CC=C(CC(CCCCCC)CCCC)C=C%10)=C7S6)=C3C2=O||O=C1C(/C(C2=C1C=C(F)C=C2)=C(C#N)/C#N)=C\C3=CC4=C(S3)C(C(C5=CC=C(CCCCCC)C=C5)(C(C=C6C7=C8C9=C(C=C(S9)/C=C%10C(C(C=C(F)C=C%11)=C%11C\%10=C(C#N)\C#N)=O)S7)=C%12C=C6C8(C%13=CC=C(CCCCCC)C=C%13)C%14=CC=C(C=C%14)CCCCCC)C%15=CC=C(CCCCCC)C=C%15)=C%12S4,267
12,283,test,in-house,323,FC(C(F)=C(C1=NN(N=C21)CC(CCCCCC)CCCCCCCC)C3=CCC(C)S3)=C2C(S4)=CC=C4C(OC5=C(C6=C7OC(C)=C6)C8=CC(F)=C(CC(CC)CCCC)S8)=CC5=C7C9=CC(F)=C(S9)CC(CC)CCCC||O=C(C/1=C\C2=C(C3=C(S2)C(N4C5=CC=C(CCCCCC)C=C5)=C(C6=C4C7=C(C8=NSN=C68)C(SC9=C%10SC(/C=C%11C(C%12=CC(F)=C(C=C%12C\%11=C(C#N)/C#N)F)=O)=C9CCCCCCCCCCC)=C%10N7C%13=CC=C(CCCCCC)C=C%13)S3)CCCCCCCCCCC)C%14=CC(F)=C(F)C=C%14C1=C(C#N)/C#N,268
12,284,train,in-house,324,CC(S1)=CC=C1C(C2=NN3CC(CCCCCC)CCCC)=C(C(F)=C(C2=N3)C4=CC=C(S4)C5=CC6=C(C7=C(C(CCCCCCCC)(CCCCCCCC)S6)C=C(C)S7)S5)F||O=C(C1=CC=CC=C1C/2=C(C#N)/C#N)C2=C/C3=CC(SC4C5C(C)=C(C(C6=CC=C(C=C6)CCCCCC)(C7=CC=C(C=C7)CCCCCC)C8=CSC9=C8SC(/C=C%10C(C(C=CC=C%11)=C%11C\%10=C(C#N)/C#N)=C)=C9)C=C(C)C5C(C%12=CC=C(C=C%12)CCCCCC)(C%13=CC=C(C=C%13)CCCCCC)C%144)=C%14S3,269
12,285,validation,in-house,325,O=C(C1=CC2=C(SC(C3=NC=C(S3)C4=CC5=C(C6=C(C(C7=CC=C(S7)CC(CCCC)CC)=C5S4)C=C(C)S6)C8=CC=C(S8)CC(CCCC)CC)=C2S1)C9=NC=C(C)S9)OCC(CCCCCCCC)CCCCCCCCCC||O=C(C1=CC=CC=C1C/2=C(C#N)/C#N)C2=C/C3=CC(SC4C5C(C)=C(C(C6=CC=C(C=C6)CCCCCC)(C7=CC=C(C=C7)CCCCCC)C8=CSC9=C8SC(/C=C%10C(C(C=CC=C%11)=C%11C\%10=C(C#N)/C#N)=C)=C9)C=C(C)C5C(C%12=CC=C(C=C%12)CCCCCC)(C%13=CC=C(C=C%13)CCCCCC)C%144)=C%14S3,270
12,286,train,in-house,327,CC(S1)=CC=C1C(C2=NC(CC(CCCC)CCCCCC)N=C32)=C(F)C(F)=C3C(S4)=CC=C4C5=CC(C(C6=CC=C(SCC(CCCCCC)CCCC)S6)=C(SC(C)=C7)C7=C8C9=CC=C(SCC(CCCCCC)CCCC)S9)=C8S5||c12cc3c(cc1C(c1c2sc2c1sc(c2)/C=C\1/C(=C(C#N)C#N)c2c(C1=O)cccc2)(c1ccc(cc1)CCCCCC)c1ccc(cc1)CCCCCC)c1c(C3(c2ccc(cc2)CCCCCC)c2ccc(cc2)CCCCCC)c2c(s1)cc(s2)/C=C\1/C(=C(C#N)C#N)c2c(C1=O)cccc2,271
12,287,train,in-house,328,FC1=C(C(OCC(CCCC)CC)=O)SC2=CSC(C3=CC4=C(C5=C(C(C6=CC=C(CC(CC)CCCC)S6)=C4S3)C=CS5)C7=CC=C(CC(CC)CCCC)S7)=C12||O=C(C1=CC(F)=C(C=C1C/2=C(C#N)\C#N)F)C2=C/C3=CC(CC(CC)CCCC)=C(S3)C4=CC(C5(CC(CC)CCCC)CC(CC)CCCC)=C(C6=C5C=C(C7=C(CC(CC)CCCC)C=C(/C=C8C(C9=CC(F)=C(C=C9C\8=C(C#N)\C#N)F)=O)S7)S6)S4,272
12,288,train,in-house,329,CC1=CC=C(C2=C(F)C=C(C3=C2N=CC(OCC(CCCCCC)CCCCCCCC)=N3)C)S1||O=C(C/1=C\C2=C(C3=C(S2)C(N4C5=CC=C(CCCCCC)C=C5)=C(C6=C4C7=C(C8=NSN=C68)C(SC9=C%10SC(/C=C%11C(C%12=CC(F)=C(C=C%12C\%11=C(C#N)/C#N)F)=O)=C9CCCCCCCCCCC)=C%10N7C%13=CC=C(CCCCCC)C=C%13)S3)CCCCCCCCCCC)C%14=CC(F)=C(F)C=C%14C1=C(C#N)/C#N,273
12,289,train,in-house,330,FC(C=C(C1=C2SC=CC2=C(C3=CC(F)=C(CC(CCCC)CC)S3)C4=C1C=C(C5=CC=C(C6=C(C(C(C7=C(CC(CCCC)CC)SC(CC(CC)CCCC)=C78)=O)=C(C9=CC=CC9)S6)C8=O)S5)S4)S%10)=C%10CC(CC)CCCC||O=C(C1=CC=CC=C1C/2=C(C#N)/C#N)C2=C/C3=CC(SC4C5C(C)=C(C(C6=CC=C(C=C6)CCCCCC)(C7=CC=C(C=C7)CCCCCC)C8=CSC9=C8SC(/C=C%10C(C(C=CC=C%11)=C%11C\%10=C(C#N)/C#N)=C)=C9)C=C(C)C5C(C%12=CC=C(C=C%12)CCCCCC)(C%13=CC=C(C=C%13)CCCCCC)C%144)=C%14S3,274
12,290,train,in-house,331,[Cl]C1=C(CC)SC(C2=C3C(C=C(C)C3)C(C4=CC([Cl])=C(S4)CC)=C5SC(C6=CC=C(S6)C7=C(C(C8=C(SC(CC)=C8C9=O)CC)=O)C9=C(C%10=CC=C(S%10)C)S7)=CC25)=C1||O=C(C1=C(C=C(Cl)C(Cl)=C1)C/2=C(C#N)\C#N)C2=C/C3=CC(C4(CC(CC)CCCC)CC(CC)CCCC)=C(S3)C(S5)=C4C=C5C(C6=NSN=C76)=CC=C7C8=CC9=C(C%10=C(C9(CC(CCC)CCCC)CC(CC)CCCC)C=C(/C=C%11C(C%12=C(C=C(Cl)C(Cl)=C%12)C\%11=C(C#N)\C#N)=O)S%10)S8,275
12,291,train,in-house,332,CCC(SC1=CC=C(C2=C3C(SC(C4=CC=C(C(SC(C5=CC=C(C)S5)=C6C7=O)=C6C(C8=C(SC(CC(CCCC)CC)=C87)CC(CC)CCCC)=O)S4)=C3)=C(C9=C2SC(C)=C9)C(S%10)=CC=C%10SC(CCCC)CC)S1)CCCC||c12cc3c(cc1C(c1c2sc2c1sc(c2)/C=C\1/C(=C(C#N)C#N)c2c(C1=O)cccc2)(c1ccc(cc1)CCCCCC)c1ccc(cc1)CCCCCC)c1c(C3(c2ccc(cc2)CCCCCC)c2ccc(cc2)CCCCCC)c2c(s1)cc(s2)/C=C\1/C(=C(C#N)C#N)c2c(C1=O)cccc2,276
12,292,train,in-house,334,CC1=CC2=C(S1)C(C3=CC=C([Si](CCC)(CCC)CCC)S3)=C4C=C(C5=CC=C(C6=C(F)C(F)=C(C7=CC=C(S7)C)C8=NN(CC(CCCCCCCC)CCCCCC)N=C68)S5)SC4=C2C9=CC=C([Si](CCC)(CCC)CCC)S9||c1cccc2c1C(=C(C#N)C#N)/C(=C/c1cc3c(s1)c1c(C3(c3ccc(cc3)CCCCCC)c3ccc(cc3)CCCCCC)c3c(s1)c(c1c(c3O[C@H](CCCC)CC)sc3c1C(c1c3sc(c1)/C=C\1/C(=C(C#N)C#N)c3c(C1=O)cccc3)(c1ccc(cc1)CCCCCC)c1ccc(cc1)CCCCCC)O[C@@H](CC)CCCC)/C2=O,277
12,293,train,in-house,335,O=C(C1=C(CCC(CCCC)CC)SC(CCC(CC)CCCC)=C1C2=O)C(C2=C(C3)C(C4)=CC=C4C5=CC6=C(C(C7=CC=C(CCC(CCCC)CC)S7)=C8C=CSC8=C6C9=CC=C(CCC(CCCC)CC)S9)S5)=C3C%10=CC=CS%10||O=C(C1=C(C=CC=C1)C/2=C(C#N)/C#N)C2=C/C3=CC4=C(S3)C5=CC6=C(C=C5C4(CCCCCC)CCCCCC)C7=C(C=C8C9=C(C=C(S9)/C=C%10C(C%11=CC=CC=C%11C\%10=C(C#N)/C#N)=O)C(CCCCCC)(CCCCCC)C8=C7)C6(CCCCCCCC)CCCCCCCC,212
12,294,train,in-house,336,FC(C(F)=C(C1=NN(N=C21)CCC(CCCC)CCCCCC)C3=CC=C(S3)C)=C2C(S4)=CC=C4C5=CC(C(CCCC(CCCCCC)CCCC)=C6SC(C)=CC6=C7CCCC(CCCC)CCCCCC)=C7S5||O=C(C1=CC=CC=C1C/2=C(C#N)\C#N)C2=C/C3=CC4=C(C(C(C5=CC=C(CCCCCC)S5)(C6=C7C=C8C(C9=CC=C(S9)CCCCCC)(C%10=CC=C(S%10)CCCCCC)C%11=C(SC%12=C%11SC(/C=C%13C(C%14=CC=CC=C%14C\%13=C(C#N)\C#N)=O)=C%12)C8=C6)C(S%15)=CC=C%15CCCCCC)=C7S4)S3,278
12,295,validation,in-house,337,O=C(C1=C(CCC(CCCC)CC)SC(CCC(CC)CCCC)=C1C2=O)C(C2=C(C3)C(C4)=CC=C4C5=CC6=C(C(C7=CC=C(CCC(CCCC)CC)S7)=C8C=CSC8=C6C9=CC=C(CCC(CCCC)CC)S9)S5)=C3C%10=CC=CS%10||[H]C1=C2C(C(C(C3=C4SC(CC5/C(C(C=C([H])C=C6)=C6C5=O)=C(C#N)/C#N)=C3)(C7=CC=C(CCCCCC)C=C7)C8=CC=C(CCCCCC)C=C8)=C4S2)=C([H])C9=C1C(C%10(C%11=CC=C(CCCCCC)C=C%11)C%12=CC=C(CCCCCC)C=C%12)=C(S9)C(S%13)=C%10C=C%13/C=C(/C%14=C(C#N)\C#N)C(C%15=C%14C=C([H])C=C%15)=O,279
12,296,train,in-house,338,FC1=C(F)C=C(N=C(OCC(CCCCCC)CCCCCCCC)C=N2)C2=C1C3=CC=CS3||O=C(C1=CC=CC=C1C/2=C(C#N)/C#N)C2=C/C3=CC4=C(S3)C5=CC(C(CCCCCCCC)(CCCCCCCC)OC6=C7SC(/C=C8C(C9=CC=CC=C9C\8=C(C#N)/C#N)=O)=C6)=C7C=C5C(CCCCCCCC)(CCCCCCCC)O4,280
12,297,train,in-house,339,FC1=C(C(OCC(CCCC)CC)=O)SC2=CSC(C3=CC4=C(C5=C(C(C6=CC=C(CC(CC)CCCC)S6)=C4S3)C=CS5)C7=CC=C(CC(CC)CCCC)S7)=C12||O=C(C1=C2C=CS1)C(/C2=C(C#N)\C#N)=C\C3=CC4=C(S3)C(C(C5=CC=C(CCCCCC)C=C5)(C6=CC=C(CCCCCC)C=C6)C7=C8C=C(C(C9=C%10C%11=C(C=C(S%11)/C=C(/C%12=C(C#N)\[N+]#[C-])C(C%13=C%12C=CS%13)=O)S9)=C7)C%10(C%14=CC=C(CCCCCC)C=C%14)C%15=CC=C(CCCCCC)C=C%15)=C8S4,281
12,298,test,in-house,340,FC1=C(F)C=C(N=C(OCC(CCCCCC)CCCCCCCC)C=N2)C2=C1C3=CC=CS3||FC(C=C1C2=CC(C3(CC(CCCC)CC)CC(CCCC)CC)=C(S2)C(S4)=C3C=C4/C=C(C(C5=CC(Cl)=C(C=C56)Cl)=O)/C6=C(C#N)/C#N)=C(C=C1F)C7=CC8=C(C9=C(C8(CC(CCCC)CC)CC(CCCC)CC)C=C(/C=C%10C(C%11=CC(Cl)=C(C=C%11C\%10=C(C#N)\C#N)Cl)=O)S9)S7,282
12,299,train,in-house,341,O=C(C1=C(CCC(CCCC)CC)SC(CCC(CC)CCCC)=C1C2=O)C(C2=C(C3)C(C4)=CC=C4C5=CC6=C(C(C7=CC=C(CCC(CCCC)CC)S7)=C8C=CSC8=C6C9=CC=C(CCC(CCCC)CC)S9)S5)=C3C%10=CC=CS%10||O=C1C(/C(C2=CSC=C21)=C(C#N)\C#N)=C\C3=CC4=C(C(C=C5C(C6=CC=C(S6)CCCCCC)(C7=CC=C(S7)CCCCCC)C8=C(SC9=C8SC(/C=C%10C(C%11=CSC=C%11C\%10=C(C#N)/C#N)=O)=C9)C5=C%12)=C%12C4(C%13=CC=C(S%13)CCCCCC)C%14=CC=C(S%14)CCCCCC)S3,283
12,300,train,in-house,343,S=C(N1CCCCCC)S/C(C1=O)=C\C(S2)=CC=C2C3=C(CCCCCC)C=C(S3)C(SC(C4=CC5=C(C(C6=CC(CC(CC)CCCC)=C(CCCCCC)S6)=C7C=C(SC7=C5C8=CC(CCCCCC)=C(CC(CCCC)CC)S8)C9=CC(CCCCCC)=C(C%10=CC(CCCCCC)=C(C%11=CC=C(/C=C(C%12=O)\SC(N%12CCCCCC)=S)S%11)S%10)S9)C4)=C%13)=C%13CCCCCC||O=C(C(C=C(C(Cl)=C1)Cl)=C1C/2=C(C#N)\C#N)C2=C/C3=C(CCCCCCCCCCC)C(SC4=C5N(CCC(CCCC)CCCCCC)C6=C4C7=NSN=C7C8=C6N(CCC(CCCC)CCCCCC)C9=C8SC%10=C9SC(/C=C%11C(C(C=C(C(Cl)=C%12)Cl)=C%12C\%11=C(C#N)\C#N)=O)=C%10CCCCCCCCCCC)=C5S3,284
12,301,train,in-house,344,FC1=C(F)C=C(N=C(OCC(CCCCCC)CCCCCCCC)C=N2)C2=C1C3=CC=CS3||O=C(N1CCCCCCCC)C2=C(/C=C3C(C(C=CC=C4)=C4C\3=C(C#N)\C#N)=O)SC(C5=CC(C6(C7=CC=C(C=C7)CCCCCC)C8=CC=C(CCCCCC)C=C8)=C(S5)C(C=C9C%10(C%11=CC=C(CCCCCC)C=C%11)C%12=CC=C(CCCCCC)C=C%12)=C6C=C9C%13=C%10C=C(C%14=C(C%15=O)C(C(N%15CCCCCCCC)=O)=C(/C=C%16C(C(C=CC=C%17)=C%17C\%16=C(C#N)/C#N)=O)S%14)C%13)=C2C1=O,285
12,302,train,in-house,345,O=C(C1=C(CCC(CCCC)CC)SC(CCC(CC)CCCC)=C1C2=O)C(C2=C(C3)C(C4)=CC=C4C5=CC6=C(C(C7=CC=C(CCC(CCCC)CC)S7)=C8C=CSC8=C6C9=CC=C(CCC(CCCC)CC)S9)S5)=C3C%10=CC=CS%10||O=C(C(C=C(F)C(F)=C1)=C1C/2=C(C#N)\C#N)C2=C/C3=C4C(OCCO4)=C(S3)C5=CC(C6(C7=CC=C(CCCCCC)C=C7)C8=CC=C(CCCCCC)C=C8)=C(C9=CC%10=C(C%11=C(C%10(C%12=CC=C(C=C%12)CCCCCC)C%13=CC=C(CCCCCC)C=C%13)C=C(C%14=C(OCCO%15)C%15=C(/C=C%16C(C(C=C(F)C(F)=C%17)=C%17C\%16=C(C#N)\C#N)=O)S%14)S%11)C=C96)S5,286
12,303,train,in-house,346,O=C(C1=C(CCC(CCCC)CC)SC(CCC(CC)CCCC)=C1C2=O)C(C2=C(C3)C(C4)=CC=C4C5=CC6=C(C(C7=CC=C(CCC(CCCC)CC)S7)=C8C=CSC8=C6C9=CC=C(CCC(CCCC)CC)S9)S5)=C3C%10=CC=CS%10||O=C(C1=C(C/2=C(C#N)\C#N)C=CC=C1)C2=C/C3=CC4=C(C(C(C5=C6C=C7C(C(SC8=C9SC(/C=C(C%10=O)/C(C%11=C%10C=CC=C%11)=C(C#N)/C#N)=C8)=C9C7(C%12=CC=C(COCCOC)C=C%12)C%13=CC=C(COCCOC)C=C%13)=C5)(C%14=CC=C(COCCOC)C=C%14)C%15=CC=C(COCCOC)C=C%15)=C6S4)S3,287
12,304,train,in-house,347,O=C(C1=C(CCC(CCCC)CC)SC(CCC(CC)CCCC)=C1C2=O)C(C2=C(C3)C(C4)=CC=C4C5=CC6=C(C(C7=CC=C(CCC(CCCC)CC)S7)=C8C=CSC8=C6C9=CC=C(CCC(CCCC)CC)S9)S5)=C3C%10=CC=CS%10||FC1=CC2=C(C(/C(C2=O)=C/C3=C(C(OC)=C(C4=CC(SC5=C6C(C7=CC=C(C=C7)CCCCCC)(C8=C5C=C(C9=C8)C(C(C=C%10)=CC=C%10CCCCCC)(C%11=CC=C(CCCCCC)C=C%11)C%12=C9SC%13=C%12SC(C%14=C(OC)C(OC)=C(/C=C%15/C(C(C=C(F)C(F)=C%16)=C%16C%15=O)=C(C#N)/C#N)S%14)=C%13)C%17=CC=C(CCCCCC)C=C%17)=C6S4)S3)OC)=C(C#N)\C#N)C=C1F,288
12,305,train,in-house,348,O=C(C1=C(CCC(CCCC)CC)SC(CCC(CC)CCCC)=C1C2=O)C(C2=C(C3)C(C4)=CC=C4C5=CC6=C(C(C7=CC=C(CCC(CCCC)CC)S7)=C8C=CSC8=C6C9=CC=C(CCC(CCCC)CC)S9)S5)=C3C%10=CC=CS%10||O=C(C(C=CC=C1)=C1C/2=C(C#N)\C#N)C2=C/C3=CC(C4(C(C=C5)=CC=C5CCCCCC)C6=CC=C(C=C6)CCCCCC)=C(C(C=C7)=C8C4=CC9=CC=C%10C%11C9C8=C7C=C%11C(C%12=CC=C(CCCCCC)C=C%12)(C%13=CC=C(CCCCCC)C=C%13)C%14=C%10SC(/C=C%15C(C(C=CC=C%16)=C%16C\%15=C(C#N)/C#N)=O)=C%14)S3,289
12,306,train,in-house,349,[F]C1=C(CC)SC(C2=C3C(C=C(C)C3)C(C4=CC([F])=C(S4)CC)=C5SC(C6=CC=C(S6)C7=C(C(C8=C(SC(CC)=C8C9=O)CC)=O)C9=C(C%10=CC=C(S%10)C)S7)=CC25)=C1||O=C1C2=C(C=C(Cl)C(Cl)=C2)C(/C1=C/C(S3)=CC4=C3C(S5)=C(C4(C6=CC=C(CCCCCC)C=C6)C7=CC=C(CCCCCC)C=C7)C8=C5C(C9=CC([H])=C(CC(CC)CCCC)S9)=C(C(C%10(C%11=CC=C(CCCCCC)C=C%11)C%12=CC=C(CCCCCC)C=C%12)=C(S%13)C%14=C%10C=C(/C=C(/C%15=C(C#N)\C#N)C(C%16=C%15C=C(Cl)C(Cl)=C%16)=O)S%14)C%13=C8C%17=CC([H])=C(CC(CC)CCCC)S%17)=C(C#N)/C#N,290
12,307,validation,in-house,350,O=C(C1=C(SC(C2=CC=C(S2)C3=CC(C(C4=CC(F)=C(S4)SCCCCCCCC)=C5SC(C)=CC5=C6C7=CC(F)=C(S7)SCCCCCCCC)=C6S3)=C18)C9=CC=C(S9)C)C%10=C(SC(CCCCCCCC)=C%10C8=O)CCCCCCCC||[F]C1=CC2=C(C(/C(C2=O)=C/C3=CC4=C(C(C=C5C(CCCCCC)(CCCCCC)C6=C(SC(/C=C7C(C8=C(C=C(F)C(F)=C8)C\7=C(C#N)\C#N)=O)=C6)C5=C9)=C9C4(CCCCCC)CCCCCC)S3)=C(C#N)\C#N)C=C1[F],291
12,308,train,in-house,351,c1(c2c3c(c(c4c2cc(s4)c2ccc(s2)c2sc(c4c2C(=O)c2c(C4=O)c(sc2C[C@H](CCCC)CC)C[C@@H](CCCC)CC)c2cccs2)c2ccc(s2)[Si](CCC)(CCC)CCC)ccs3)ccc(s1)[Si](CCC)(CCC)CCC||c12cc3c(cc1C(c1c2sc2c1sc(c2)/C=C\1/C(=C(C#N)C#N)c2c(C1=O)cccc2)(c1cccc(c1)CCCCCC)c1cc(ccc1)CCCCCC)c1c(C3(c2cc(ccc2)CCCCCC)c2cccc(c2)CCCCCC)c2c(s1)cc(s2)/C=C\1/C(=C(C#N)C#N)c2c(C1=O)cccc2,292
12,309,train,in-house,352,O=C(C1=C(CCC(CCCC)CC)SC(CCC(CC)CCCC)=C1C2=O)C(C2=C(C3)C(C4)=CC=C4C5=CC6=C(C(C7=CC=C(CCC(CCCC)CC)S7)=C8C=CSC8=C6C9=CC=C(CCC(CCCC)CC)S9)S5)=C3C%10=CC=CS%10||O=C(C1=CC(Cl)=C(Cl)C=C1C/2=C(C#N)/C#N)C2=C/C3=CC4=C(S3)C5=CC6=C(C=C5C4(CCCCCCCC)CCCCCCCC)C7=C(C=C8C9=C(C=C(S9)/C=C%10C(C%11=CC(Cl)=C(Cl)C=C%11C\%10=C(C#N)/C#N)=O)C(CCCCCCCC)(CCCCCCCC)C8=C7)C(CCCCCCCC)6CCCCCCCC,293
12,310,train,in-house,353,CC1=CC2=C(C3=C(C(C4=CC=C(S4)CC(CC)CCCC)=C2S1)C=C(C5=C(CCCCCCCC)C=C(C6=CC7=C(S6)C8=C(C=C(S8)C9=CC(CCCCCCCC)=C(C)S9)N(CC(CCCCCCCC)CCCCCC)C7=O)S5)S3)C%10=CC=C(S%10)CC(CCCC)CC||O=C(C1=CC=CC=C1C/2=C(C#N)/C#N)C2=C/C3=CC(SC4C5C(C)=C(C(C6=CC=C(C=C6)CCCCCC)(C7=CC=C(C=C7)CCCCCC)C8=CSC9=C8SC(/C=C%10C(C(C=CC=C%11)=C%11C\%10=C(C#N)/C#N)=C)=C9)C=C(C)C5C(C%12=CC=C(C=C%12)CCCCCC)(C%13=CC=C(C=C%13)CCCCCC)C%144)=C%14S3,294
12,311,train,in-house,354,O=C1C2=C(CC(CC)CCCC)SC(CC(CC)CCCC)=C2C(C3=C(C4=CC=C(C5=CC(C(C6=CC(F)=C(CC(CC)CCCC)S6)=C(SC=C7)C7=C8C9=CC(F)=C(CC(CC)CCCC)S9)=C8S5)S4)SC(C%10=CC=CS%10)=C31)=O||O=C(C1=C(C=C(F)C(F)=C1)C/2=C(C#N)\C#N)C2=C/C3=CC(C4(C5=CC=C(C=C5)CCCCCC)C6=CC=C(CCCCCC)C=C6)=C(C7=C4C=C(C8=CN=C(C9=CC%10=C(C%11=C(C%10(C%12=CC=C(CCCCCC)C=C%12)C%13=CC=C(CCCCCC)C=C%13)C=C(/C=C%14C(C%15=C(C=C(F)C(F)=C%15)C\%14=C(C#N)\C#N)=O)S%11)S9)C=N8)S7)S3,295
12,312,train,in-house,355,FC1=C(C(OCC(CCCC)CC)=O)SC2=CSC(C3=CC4=C(C5=C(C(C6=CC=C(CC(CC)CCCC)S6)=C4S3)C=CS5)C7=CC=C(CC(CC)CCCC)S7)=C12||CCCCCCC1=CC=C(C2=C3SC4=C(C3=C(C5=C2C6SC7=C(C6C5)C(C8=C7SC(C9=C(/C(CC%10=O)=C(C#N)\C#N)C%10=CC(F)=C9F)=C8)(C%11=CC=C(C)C=C%11)C%12=CC=C(CCCCCC)C=C%12)C%13=CC=C(S%13)CCCCCC)SC%14C4C(C%15=CC=C(C)C=C%15)(C%16=CC=C(CCCCCC)C=C%16)C%17=C%14SC(C%18=C(F)C(F)=CC(/C(C%19)=C(C#N)/C#N)=C%18C%19=O)=C%17)S1,296
12,313,train,in-house,357,FC1=C(C(OCC(CCCC)CC)=O)SC2=CSC(C3=CC4=C(C5=C(C(C6=CC=C(CC(CC)CCCC)S6)=C4S3)C=CS5)C7=CC=C(CC(CC)CCCC)S7)=C12||FC1=CC(C2=O)=C(C=C1F)C(/C2=C/C3=CC4=C(C(C(C5=CC=C(CCCCCC)C=C5)6C7=CC=C(CCCCCC)C=C7)=C(C8=C6C9=C(C(C%10(C%11=CC=C(CCCCCC)C=C%11)C%12=CC=C(CCCCCC)C=C%12)=C(C%13=C%10C%14=C(C(C(C%15=CC=C(CCCCCC)C=C%15)%16C%17=CC=C(CCCCCC)C=C%17)=C(C%18=C%16C%19=C(C(/C=C(/C(C(C=C%20F)=C%21C=C%20F)=C(C#N)\C#N)C%21=O)=CS%19)S%18)S%14)S%13)S9)S8)S4)S3)=C(C#N)/C#N,297
12,314,train,in-house,358,FC1=C(C(OCC(CCCC)CC)=O)SC2=CSC(C3=CC4=C(C5=C(C(C6=CC=C(CC(CC)CCCC)S6)=C4S3)C=CS5)C7=CC=C(CC(CC)CCCC)S7)=C12||O=C(C1=CC(Cl)=C(C=C1C/2=C(C#N)\C#N)Cl)C2=C/C3=CC(OCCCCCCCC)=C(C4=CC5=C(C6=CC7=C(C8=C(C7(C9=CC=C(C=C9)CCCCCC)C%10=CC=C(C=C%10)CCCCCC)C=C(C%11=C(OCCCCCCCC)C=C(/C=C%12C(C%13=CC(Cl)=C(C=C%13C\%12=C(C#N)\C#N)Cl)=O)S%11)S8)C=C6C5(C%14=CC=C(C=C%14)CCCCCC)C%15=CC=C(C=C%15)CCCCCC)S4)S3,298
12,315,train,in-house,359,O=C(C1=C(CCC(CCCC)CC)SC(CCC(CC)CCCC)=C1C2=O)C(C2=C(C3)C(C4)=CC=C4C5=CC6=C(C(C7=CC=C(CCC(CCCC)CC)S7)=C8C=CSC8=C6C9=CC=C(CCC(CCCC)CC)S9)S5)=C3C%10=CC=CS%10||O=C(C1=C(SC2=C1SC=C2)C/3=C(C#N)\C#N)C3=C/C4=CC(C5(C(C=C6)=CC=C6CCCCCC)C(C=C7)=CC=C7CCCCCC)=C(C(SC8=C9)=C5C8=CC%10=C9C%11=C(C(SC(/C=C%12/C(C(SC%13=C%14SC=C%13)=C%14C%12=O)=C(C#N)/C#N)=C%15)=C%15C%11(C(C=C%16)=CC=C%16CCCCCC)C%17=CC=C(C=C%17)CCCCCC)S%10)S4,299
12,316,train,in-house,360,O=C(C1=C(CCC(CCCC)CC)SC(CCC(CC)CCCC)=C1C2=O)C(C2=C(C3)C(C4)=CC=C4C5=CC6=C(C(C7=CC=C(CCC(CCCC)CC)S7)=C8C=CSC8=C6C9=CC=C(CCC(CCCC)CC)S9)S5)=C3C%10=CC=CS%10||O=C(C1=C(C=CC(C)=C1)C/2=C(C#N)/C#N)C2=C/C3=CC4=C(S3)C5=CC6=C(C=C5C4(CCCCCCCC)CCCCCCCC)C7=C(C=C8C9=C(C=C(S9)/C=C%10C(C(C=C(C)C=C%11)=C%11C\%10=C(C#N)/C#N)=O)C(CCCCCCCC)(CCCCCCCC)C8=C7)C6(CCCCCCCC)CCCCCCCC,300
12,317,train,in-house,361,O=C(C1=C(CCC(CCCC)CC)SC(CCC(CC)CCCC)=C1C2=O)C(C2=C(C3)C(C4)=CC=C4C5=CC6=C(C(C7=CC=C(CCC(CCCC)CC)S7)=C8C=CSC8=C6C9=CC=C(CCC(CCCC)CC)S9)S5)=C3C%10=CC=CS%10||[F]C1=CC2=C(C(/C(C2=O)=C/C3=CC4=C(S3)C(C(C5=CC=C(C=C5)CCCCCC)(C6=CC7=C(C(C8=CC=C(CCCCCC)C=C8)(C9=C7SC%10=C9SC(/C=C%11C(C(C=CC=C%12)=C%12C\%11=C(C#N)/C#N)=O)=C%10)C%13=CC=C(CCCCCC)C=C%13)C=C6%14)C%15=CC=C(C=C%15)CCCCCC)=C%14S4)=C(C#N)/C#N)C=C1[F],301
12,318,train,in-house,362,FC(C=C(C1=C2SC=CC2=C(C3=CC(F)=C(CC(CCCC)CC)S3)C4=C1C=C(C5=CC=C(C6=C(C(C(C7=C(CC(CCCC)CC)SC(CC(CC)CCCC)=C78)=O)=C(C9=CC=CC9)S6)C8=O)S5)S4)S%10)=C%10CC(CC)CCCC||O=CC(S1)=C(CCCCCC)C=C1C(C(OCCCCCCCCCCCCCCCC)=C2)=CC(OCCCCCCCCCCCCCCCC)=C2C3=CC(CCCCCC)=C(S3)C=O,302
12,319,validation,in-house,363,CC1=CC2=C(C(C(C3=CC=C(S3)CC(CCCC)CC)=C4SC(C=C5C(S6)=CC=C6C(C7=NN(CCCCCCCC)N=C87)=C(C(N(C9=O)CCCCCCCC)=O)C9=C8C%10=CC=C(C)S%10)=C(S5)C4=C%11C%12=CC=C(S%12)CC(CCCC)CC)=C%11S2)S1||c12cc3c(cc1C(c1c2sc2c1sc(c2)/C=C\1/C(=C(C#N)C#N)c2c(C1=O)cccc2)(c1ccc(cc1)CCCCCC)c1ccc(cc1)CCCCCC)c1c(C3(c2ccc(cc2)CCCCCC)c2ccc(cc2)CCCCCC)c2c(s1)cc(s2)/C=C\1/C(=C(C#N)C#N)c2c(C1=O)cccc2,303
12,320,train,in-house,365,O=C(C1=C(CCC(CCCC)CC)SC(CCC(CC)CCCC)=C1C2=O)C(C2=C(C3)C(C4)=CC=C4C5=CC6=C(C(C7=CC=C(CCC(CCCC)CC)S7)=C8C=CSC8=C6C9=CC=C(CCC(CCCC)CC)S9)S5)=C3C%10=CC=CS%10||O=C(C(C=C(C(F)=C1)F)=C1C/2=C(C#N)/C#N)C2=C/C3=CC(S4)=C(S3)C=C4C5=C(OCCCCCCCC)C6=C(C(C=C(C(C7=CC=C(CCCCCC)C=C7)(C8=CC=C(CCCCCC)C=C8)C9=C%10SC(C%11=CC%12=C(S%11)C=C(/C=C%13C(C(C=C(C(F)=C%14)F)=C%14C\%13=C(C#N)\C#N)=O)S%12)=C9OCCCCCCCC)C%10=C%15)=C%15C6(C%16=CC=C(CCCCCC)C=C%16)C%17=CC=C(CCCCCC)C=C%17)S5,304
12,321,test,in-house,366,FC1=C(C(OCC(CCCC)CC)=O)SC2=CSC(C3=CC4=C(C5=C(C(C6=CC=C(CC(CC)CCCC)S6)=C4S3)C=CS5)C7=CC=C(CC(CC)CCCC)S7)=C12||O=C(C1=CC(F)=C(F)C=C1C/2=C(C#N)\C#N)C2=C/C3=CC(OCC(CC)CCCC)=C(C4=CC5=C(C6=CC7=C(C8=C(C7(C9=CC=C(C=C9)CCCCCC)C%10=CC=C(C=C%10)CCCCCC)C=C(C%11=C(OCC(CC)CCCC)C=C(/C=C%12C(C%13=CC(F)=C(F)C=C%13C\%12=C(C#N)\C#N)=O)S%11)S8)C=C6C5(C%14=CC=C(C=C%14)CCCCCC)C%15=CC=C(C=C%15)CCCCCC)S4)S3,94
12,322,test,in-house,367,FC1=C(C(OCC(CCCC)CC)=O)SC2=CSC(C3=CC4=C(C5=C(C(C6=CC=C(CC(CC)CCCC)S6)=C4S3)C=CS5)C7=CC=C(CC(CC)CCCC)S7)=C12||O=C(C1=CC(F)=C(C=C1C/2=C(C#N)\C#N)F)C2=C/C3=CC(OCC(CCCC)CC)=C(C4=CC5=C(C6=C(C5(CC(CCCC)CC)CC(CC)CCCC)C=C(C7=C(CC(CCCC)CC)C=C(/C=C8C(C9=CC(F)=C(C=C9C\8=C(C#N)\C#N)F)=O)S7)S6)S4)S3,305
12,323,train,in-house,368,CC1=C(C)C(Cl)=C(C2=CC3=C(C(C4=CC(Cl)=C(CCCCCCCC)S4)=C5C=C(C)SC5=C3C6=CC(Cl)=C(CCCCCCCC)S6)S2)S1||c1(cc2c(cc1F)C(=O)/C(=C\c1cc3c(s1)c1c(s3)c3c(C1(c1ccc(cc1)CCCCCC)c1ccc(cc1)CCCCCC)cc1c(c3)C(c3c1sc1c3sc(c1)/C=C/1\C(=O)c3c(C1=C(C#N)C#N)cc(c(c3)F)F)(c1ccc(cc1)CCCCCC)c1ccc(cc1)CCCCCC)/C2=C(C#N)C#N)F,306
12,324,train,in-house,369,FC(C=C1C2=C(OCCCCCCCC)C(OCCCCCCCC)=C(C)C3=NON=C23)=C(S1)C4=C(F)C=C(C)S4||c1(cc2c(cc1F)C(=C(C#N)C#N)/C(=C\c1sc3c(c1)sc1c3C(c3c1cc1c(c3)c3c(C1(c1ccc(cc1)CCCCCC)c1ccc(cc1)CCCCCC)c1c(s3)cc(s1)/C=C/1\C(=C(C#N)C#N)c3c(C1=O)cc(c(c3)F)F)(c1ccc(cc1)CCCCCC)c1ccc(cc1)CCCCCC)/C2=O)F,307
12,325,test,in-house,371,O=C(C1=C(CCC(CCCC)CC)SC(CCC(CC)CCCC)=C1C2=O)C(C2=C(C3)C(C4)=CC=C4C5=CC6=C(C(C7=CC=C(CCC(CCCC)CC)S7)=C8C=CSC8=C6C9=CC=C(CCC(CCCC)CC)S9)S5)=C3C%10=CC=CS%10||O=C(C1=C(C=C(Cl)C(Cl)=C1)C/2=C(C#N)\C#N)C2=C/C3=CC(C4(CC(CC)CCCC)CC(CC)CCCC)=C(S3)C(S5)=C4C=C5C(C6=NSN=C76)=CC=C7C8=CC9=C(C%10=C(C9(CC(CCC)CCCC)CC(CC)CCCC)C=C(/C=C%11C(C%12=C(C=C(Cl)C(Cl)=C%12)C\%11=C(C#N)\C#N)=O)S%10)S8,308
12,326,train,in-house,372,O=C(C1=C(CC(CCCC)CC)SC(CC(CCCC)CC)=C12)C3=C(C4=CC=CS4)SC(C(S5)=CC=C5C6=CC7=C(C8=CC=C(CC(CCCC)CCCCCC)C=C8)C(SC=C9)=C9C(C%10=CC=C(CC(CCCCCC)CCCC)C=C%10)=C7S6)=C3C2=O||O=C(C(C=C(C=CC=C1)C1=C2)=C2C/3=C(C#N)\C#N)C3=C/C4=CC(C5(C6=CC=C(CCCCCC)C=C6)C7=CC=C(CCCCCC)C=C7)=C(C8=CC9=C(C%10=C(C9(C%11=CC=C(C=C%11)CCCCCC)C%12=CC=C(C=C%12)CCCCCC)C=C(/C=C%13C(C(C=C(C=CC=C%14)C%14=C%15)=C%15C\%13=C(C#N)\C#N)=O)S%10)C=C85)[Se]4,309
12,327,train,in-house,373,CCCCCCC1=C(C2=CC3=C(C4=C(C(C5=CC=C(CC(CC)CCCC)S5)=C3S2)C=CS4)C6=CC=C(CC(CCCC)CC)S6)SC(C7=C(C(C8=O)=C(C9=CC(CCCCCC)=CS9)S7)C(N8CCCCCCCC)=O)=C1||c12cc3c(cc1C(c1c2sc2c1sc(c2)/C=C\1/C(=C(C#N)C#N)c2c(C1=O)cccc2)(c1ccc(cc1)CCCCCC)c1ccc(cc1)CCCCCC)c1c(C3(c2ccc(cc2)CCCCCC)c2ccc(cc2)CCCCCC)c2c(s1)cc(s2)/C=C\1/C(=C(C#N)C#N)c2c(C1=O)cccc2,310
12,328,validation,in-house,374,CC1=CC(C(C2=CC=C(C=C2)CC(CCCC)CC)=C3S4)=C(S1)C(C5=CC=C(C=C5)CC(CC)CCCC)=C3C=C4C(S6)=CC=C6C(C7=NN(N=C87)CCCCCCCC)=C(C(N(C9=O)CCCCCCCC)=O)C9=C8C%10=CC=C(C)S%10||c12cc3c(cc1C(c1c2sc2c1sc(c2)/C=C\1/C(=C(C#N)C#N)c2c(C1=O)cccc2)(c1ccc(cc1)CCCCCC)c1ccc(cc1)CCCCCC)c1c(C3(c2ccc(cc2)CCCCCC)c2ccc(cc2)CCCCCC)c2c(s1)cc(s2)/C=C\1/C(=C(C#N)C#N)c2c(C1=O)cccc2,311
12,329,test,in-house,375,O=C(C1=C(CC(CCCC)CC)SC(CC(CCCC)CC)=C12)C3=C(C4=CC=CS4)SC(C(S5)=CC=C5C6=CC7=C(C8=CC=C(CC(CCCC)CCCCCC)C=C8)C(SC=C9)=C9C(C%10=CC=C(CC(CCCCCC)CCCC)C=C%10)=C7S6)=C3C2=O||O=C(C1=C(C=C(F)C=C1)C/2=C(C#N)\C#N)C2=C/C3=CC(C4(C5=CC=C(C=C5)CCCCCC)C(C=C6)=CC=C6CCCCCC)=C(C(C=C7C8(C9=CC=C(CCCCCC)C=C9)C%10=CC=C(CCCCCC)C=C%10)=C4C=C7C%11=C8C%12=C(C=C(/C=C%13/C(C%14=C(C%13=O)C=C(C=C%14)F)=C(C#N)/C#N)S%12)S%11)S3,312
12,330,test,in-house,376,FC1=C(C(OCC(CCCC)CC)=O)SC2=CSC(C3=CC4=C(C5=C(C(C6=CC=C(CC(CC)CCCC)S6)=C4S3)C=CS5)C7=CC=C(CC(CC)CCCC)S7)=C12||c1c(c2c(c(c1)c1ccc3c(c1)C(c1c3c3c(c4c1c1c(C4(CCCC)CCCC)cc(cc1)c1ccc(c4c1nsn4)/C=c/1\sc(=C(C#N)C#N)n(c1=O)CC)c1c(C3(CCCC)CCCC)cc(cc1)c1ccc(c3c1nsn3)/C=c/1\sc(=C(C#N)C#N)n(c1=O)CC)(CCCC)CCCC)nsn2)/C=c/1\sc(=C(C#N)C#N)n(c1=O)CC,313
12,331,test,in-house,377,CC(S1)=CC=C1C(C2=NN(CC(CCCCCCCC)CCCCCC)N=C32)=C(F)C(F)=C3C4=CC=C(C(S5)=CC(C5=C6C7=CC=C(SCC(CCCC)CCCCCC)S7)=C(C8=CC=C(SCC(CCCC)CCCCCC)S8)C9=C6C=C(C)S9)S4||O=C(C(C=C(C=CC=C1)C1=C2)=C2C/3=C(C#N)\C#N)C3=C\C4=CC(C(C5=CC=C(CCCCCC)C=C5)(C6=CC=C(CCCCCC)C=C6)C7=C8SC9=C7C(C%10=CC=C(C=C%10)SCC(CC)CCCC)=C%11SC(C%12=C(C%13(C%14=CC=C(CCCCCC)C=C%14)C%15=CC=C(CCCCCC)C=C%15)C=C(/C=C%16C(C(C=C(C=CC=C%17)C%17=C%18)=C%18C/%16=C(C#N)/C#N)=O)S%12)=C%13C%11=C9C%19=CC=C(C=C%19)SCC(CCCC)CC)=C8S4,314
12,332,train,in-house,378,O=C(C1=C(CCC(CCCC)CC)SC(CCC(CC)CCCC)=C1C2=O)C(C2=C(C3)C(C4)=CC=C4C5=CC6=C(C(C7=CC=C(CCC(CCCC)CC)S7)=C8C=CSC8=C6C9=CC=C(CCC(CCCC)CC)S9)S5)=C3C%10=CC=CS%10||FC(C=C1C2=CC(C3(CC(CCCC)CC)CC(CCCC)CC)=C(S2)C(S4)=C3C=C4/C=C(C(C5=CC([H])=C(C=C56)[H])=O)/C6=C(C#N)/C#N)=C(C=C1F)C7=CC8=C(C9=C(C8(CC(CCCC)CC)CC(CCCC)CC)C=C(/C=C%10C(C%11=CC([H])=C(C=C%11C\%10=C(C#N)\C#N)[H])=O)S9)S7,315
12,333,train,in-house,379,CC1=CC=C(S1)C2=CC=C(C(F)=C2F)C3=CC=C(S3)C4=C(CC(CCCCCCCCCCCC)CCCCCCCCCC)C=C(C5=C(C(F)=C(C6=NN(N=C56)CCC)C7=CC(CC(CCCCCCCCCC)CCCCCCCCCCCC)=C(S7)C)F)S4||c12cc3c(cc1C(c1c2sc2c1sc(c2)/C=C\1/C(=C(C#N)C#N)c2c(C1=O)cccc2)(c1ccc(cc1)CCCCCC)c1ccc(cc1)CCCCCC)c1c(C3(c2ccc(cc2)CCCCCC)c2ccc(cc2)CCCCCC)c2c(s1)cc(s2)/C=C\1/C(=C(C#N)C#N)c2c(C1=O)cccc2,316
12,334,train,in-house,380,O=C(C1=C(CCC(CCCC)CC)SC(CCC(CC)CCCC)=C1C2=O)C(C2=C(C3)C(C4)=CC=C4C5=CC6=C(C(C7=CC=C(CCC(CCCC)CC)S7)=C8C=CSC8=C6C9=CC=C(CCC(CCCC)CC)S9)S5)=C3C%10=CC=CS%10||N#C/C(C#N)=C1C(C=CC=C2)=C2C(C/1=C\C(S3)=CC(C4(CCCCCCCC)C5=CC=C(CCCCCC)C=C5)=C3C(C=C67)=C4C=C7C(SC(/C=C8C(C9=C(C\8=C(C#N)\C#N)C=CC=C9)=O)=C%10)=C%10C6(C%11=CC=C(CCCCCC)C=C%11)CCCCCCCC)=O,317
12,335,train,in-house,381,CC1=CC(C(C2=CC=C(S2)SC(CC)CCCC)=C3SC(C4=CC(C(OCC(CCCCCC)CCCC)=O)=C(S4)C5=CC=C(S5)C)=CC3=C6C7=CC=C(S7)SC(CCCC)CC)=C6S1||c12cc3c(cc1C(c1c2sc2c1sc(c2)/C=C\1/C(=C(C#N)C#N)c2c(C1=O)cccc2)(c1ccc(cc1)CCCCCC)c1ccc(cc1)CCCCCC)c1c(C3(c2ccc(cc2)CCCCCC)c2ccc(cc2)CCCCCC)c2c(s1)cc(s2)/C=C\1/C(=C(C#N)C#N)c2c(C1=O)cccc2,318
12,336,train,in-house,384,O=C(C1=C(SC(C2=CC=C(S2)C3=CC(C(C4=CC(F)=C(S4)SCCCCCCCC)=C5SC(C)=CC5=C6C7=CC(F)=C(S7)SCCCCCCCC)=C6S3)=C18)C9=CC=C(S9)C)C%10=C(SC(CCCCCCCC)=C%10C8=O)CCCCCCCC||O=C(C1=C(C=CC=C1)C/2=C(C#N)\C#N)C2=C/C3=CC(C4(C5=CC=C(CCCCCC)C=C5)C6=CC=C(CCCCCC)C=C6)=C(C7=C4C(C(C8=CC=C(S8)CC(CCCC)CC)=C9SC%10=C(C(C%11=CC=C(CCCCCC)C=C%11)(C%12=CC=C(CCCCCC)C=C%12)C%13=C%10SC(/C=C%14C(C%15=C(C=CC=C%15)C\%14=C(C#N)\C#N)=O)=C%13)C9=C%16C%17=CC=C(S%17)CC(CC)CCCC)=C%16S7)S3,319
12,337,train,in-house,385,CC(S1)=C(CCCCC(CC)CC)C=C1C2=NC(S3)=C(S2)N=C3C4=CC(CCCCC(CC)CC)=C(S4)C5=CC(C(S5)=C(C6=C7SC(C)=C6)C8=CC(Cl)=C(S8)CC(CCCC)CC)=C7C9=CC(Cl)=C(CC(CC)CCCC)S9||c1(cc2c(cc1F)C(=O)/C(=C\c1cc3c(s1)c1c(s3)c3c(C1(c1ccc(cc1)CCCCCC)c1ccc(cc1)CCCCCC)cc1c(c3)C(c3c1sc1c3sc(c1)/C=C/1\C(=O)c3c(C1=C(C#N)C#N)cc(c(c3)F)F)(c1ccc(cc1)CCCCCC)c1ccc(cc1)CCCCCC)/C2=C(C#N)C#N)F,320
12,338,train,in-house,388,FC1=C(C(OCC(CCCC)CC)=O)SC2=CSC(C3=CC4=C(C5=C(C(C6=CC=C(CC(CC)CCCC)S6)=C4S3)C=CS5)C7=CC=C(CC(CC)CCCC)S7)=C12||CCN(C/1=O)/C(SC1=C/C2=C3SC(C(OCCCCCCCC)=O)=CC3=C(C4=CC5=C(C6=CC(C(C7=C8SC(C9=C%10C=C(C(OCCCCCCCC)=O)SC%10=C(/C=C(C%11=O)\S/C(N%11CC)=C(C#N)/C#N)S9)=C7)(C%12=CC=C(CCCCCC)C=C%12)C%13=CC=C(CCCCCC)C=C%13)=C8C=C6C5(C%14=CC=C(CCCCCC)C=C%14)C%15=CC=C(C=C%15)CCCCCC)S4)S2)=C(C#N)/C#N,321
12,339,train,in-house,390,O=C(C1=C(CCC(CCCC)CC)SC(CCC(CC)CCCC)=C1C2=O)C(C2=C(C3)C(C4)=CC=C4C5=CC6=C(C(C7=CC=C(CCC(CCCC)CC)S7)=C8C=CSC8=C6C9=CC=C(CCC(CCCC)CC)S9)S5)=C3C%10=CC=CS%10||c1ccc2c(c1)C(=C(C#N)C#N)/C(=C/c1cc3c(s1)c1c(C3(CCCCCCCC)CCCCCCCC)cc3c(c1)C(c1c3cc3c(c1)c1c(C3(CCCCCCCC)CCCCCCCC)cc(s1)/C=C/1\C(=O)c3c(C1=C(C#N)C#N)cccc3)(CCCCCCCC)CCCCCCCC)/C2=O,212
12,340,train,in-house,391,O=C(C1=C(CCC(CCCC)CC)SC(CCC(CC)CCCC)=C1C2=O)C(C2=C(C3)C(C4)=CC=C4C5=CC6=C(C(C7=CC=C(CCC(CCCC)CC)S7)=C8C=CSC8=C6C9=CC=C(CCC(CCCC)CC)S9)S5)=C3C%10=CC=CS%10||O=C(C1=CC=C([H])C=C1C/2=C(C#N)/C#N)C2=C/C3=CC4=C(S3)C5=CC6=C(C=C5C4(CCCCCCCC)CCCCCCCC)C7=C(C=C8C9=C(C=C(S9)/C=C%10C(C%11=CC=C([H])C=C%11C\%10=C(C#N)/C#N)=O)C(CCCCCCCC)(CCCCCCCC)C8=C7)C(CCCCCCCC)6CCCCCCCC,212
12,341,train,in-house,392,O=C(C1=C(CCC(CCCC)CC)SC(CCC(CC)CCCC)=C1C2=O)C(C2=C(C3)C(C4)=CC=C4C5=CC6=C(C(C7=CC=C(CCC(CCCC)CC)S7)=C8C=CSC8=C6C9=CC=C(CCC(CCCC)CC)S9)S5)=C3C%10=CC=CS%10||O=C(C1=C(C=CC=C1)C/2=C(C#N)/C#N)C2=C/C3=CC(C4(C5=CC=C(C=C5)OCCCCCCCC)C6=CC=C(C=C6)OCCCCCCCC)=C(S3)C(C=C78)=C4C=C8C9=CC(C(C%10=CC=C(C=C%10)CCCCCCCCC)(C%11=C%12SC(/C=C%13C(C(C=CC=C%14)=C%14C\%13=C(C#N)/C#N)=O)=C%11)C%15=CC=C(C=C%15)OCCCCCCCC)=C%12C=C9N7CCCCCCCC,322
12,342,train,in-house,393,FC(C(C1=C(OCCCCCCCCCCCC)C=C(C2=C(C(N(C3=O)CC(CCCCCC)CCCCCCCC)=O)C3=C(C)S2)S1)=C4)=CC(C5=C(OCCCCCCCCCCCC)C=C(C)S5)=C4F||c1(cc2c(cc1F)C(=O)/C(=C\c1cc3c(s1)c1c(s3)c3c(C1(c1ccc(cc1)CCCCCC)c1ccc(cc1)CCCCCC)cc1c(c3)C(c3c1sc1c3sc(c1)/C=C/1\C(=O)c3c(C1=C(C#N)C#N)cc(c(c3)F)F)(c1ccc(cc1)CCCCCC)c1ccc(cc1)CCCCCC)/C2=C(C#N)C#N)F,323
12,343,test,in-house,395,O=C(C1=C(CCC(CCCC)CC)SC(CCC(CC)CCCC)=C1C2=O)C(C2=C(C3)C(C4)=CC=C4C5=CC6=C(C(C7=CC=C(CCC(CCCC)CC)S7)=C8C=CSC8=C6C9=CC=C(CCC(CCCC)CC)S9)S5)=C3C%10=CC=CS%10||[H]C1=CC2=C(C(/C(C2=O)=C/C3=C(C(OC)=C(C4=CC(SC5=C6C(C7=CC=C(C=C7)CCCCCC)(C8=C5C=C(C9=C8)C(C(C=C%10)=CC=C%10CCCCCC)(C%11=CC=C(CCCCCC)C=C%11)C%12=C9SC%13=C%12SC(C%14=C(OC)C(OC)=C(/C=C%15/C(C(C=C(F)C([H])=C%16)=C%16C%15=O)=C(C#N)/C#N)S%14)=C%13)C%17=CC=C(CCCCCC)C=C%17)=C6S4)S3)OC)=C(C#N)\C#N)C=C1F,324
12,344,train,in-house,396,O=C1C2=C(CC(CC)CCCC)SC(CC(CC)CCCC)=C2C(C3=C(C4=CC=C(C5=CC(C(C6=CC(F)=C(CC(CC)CCCC)S6)=C(SC=C7)C7=C8C9=CC(F)=C(CC(CC)CCCC)S9)=C8S5)S4)SC(C%10=CC=CS%10)=C31)=O||O=C1C2=C(C=CC(C)=C2)C(/C1=C/C(S3)=CC4=C3C(S5)=C(C4(C6=CC=C(CCCCCC)C=C6)C7=CC=C(CCCCCC)C=C7)C(C5=C8C9=CC(SC(CCC(CCCC)CC)=C%10)=C%10S9)=C(C%11=CC(SC(CC(CC)CCCC)=C%12)=C%12S%11)C%13=C8C(C%14(C%15=CC=C(CCCCCC)C=C%15)C%16=CC=CC(CCCCCC)=C%16)=C(S%13)C(S%17)=C%14C=C%17/C=C%18/C(C%19=C(C%18=O)C=C(C)C=C%19)=C(C#N)\C#N)=C(C#N)\C#N,325
12,345,train,in-house,397,O=C(C1=C(CCC(CCCC)CC)SC(CCC(CC)CCCC)=C1C2=O)C(C2=C(C3)C(C4)=CC=C4C5=CC6=C(C(C7=CC=C(CCC(CCCC)CC)S7)=C8C=CSC8=C6C9=CC=C(CCC(CCCC)CC)S9)S5)=C3C%10=CC=CS%10||FC1=CC2=C(C(/C(C2=O)=C/C3=CC(OCC(CC)CCCC)=C(S3)C4=CC5=C(S4)C6=CC(C7(C8=CC=C(CCCCCC)C=C8)C9=CC=C(CCCCCC)C=C9)=C(C%10=C7C=C(S%10)C%11=C(OCC(CC)CCCC)C=C(S%11)/C=C(/C(C%12=C%13C=C(F)C(F)=C%12)=C(C#N)\C#N)C%13=O)C=C6C5(C%14=CC=C(CCCCCC)C=C%14)C%15=CC=C(CCCCCC)C=C%15)=C(C#N)/C#N)C=C1F,326
12,346,train,in-house,398,O=C1C2=C(CC(CC)CCCC)SC(CC(CC)CCCC)=C2C(C3=C(C4=CC=C(C5=CC(C(C6=CC(F)=C(CC(CC)CCCC)S6)=C(SC=C7)C7=C8C9=CC(F)=C(CC(CC)CCCC)S9)=C8S5)S4)SC(C%10=CC=CS%10)=C31)=O||N#C/C(C#N)=C/C(C1=NSN=C21)=CC=C2C3=CC(SC4=C5C(C6=CC=C(CCCCCCCC)C=C6)(C(C=C7C8=C9C%10=C(C=C(S%10)C%11=CC=C(C%12=NSN=C%11%12)/C=C(C#N)\C#N)S8)=C4C=C7C9(C%13=CC=C(CCCCCCCC)C=C%13)C%14=CC=C(CCCCCCCC)C=C%14)C%15=CC=C(CCCCCCCC)C=C%15)=C5S3,327
12,347,test,in-house,399,CC(S1)=CC=C1C2=C3C(C(C4=C(SC(CC(CC)CCCC)=C4C3=O)CC(CCCC)CC)=O)=C(S2)C(S5)=CC=C5C6=CC7=C(C8=CC(Cl)=C(CCCCCC[H])C8)C9=C(C=C(S9)C)C(C%10=CC(Cl)=C(CCCCCC[H])C%10)=C7S6||O=C(C/1=C\C2=C(C3=C(S2)C(N4C5=CC=C(CCCCCC)C=C5)=C(C6=C4C7=C(C8=NSN=C68)C(SC9=C%10SC(/C=C%11C(C%12=CC(F)=C(C=C%12C\%11=C(C#N)/C#N)F)=O)=C9CCCCCCCCCCC)=C%10N7C%13=CC=C(CCCCCC)C=C%13)S3)CCCCCCCCCCC)C%14=CC(F)=C(F)C=C%14C1=C(C#N)/C#N,328
12,348,train,in-house,400,O=C(C1=C(CCC(CCCC)CC)SC(CCC(CC)CCCC)=C1C2=O)C(C2=C(C3)C(C4)=CC=C4C5=CC6=C(C(C7=CC=C(CCC(CCCC)CC)S7)=C8C=CSC8=C6C9=CC=C(CCC(CCCC)CC)S9)S5)=C3C%10=CC=CS%10||O=C1C2=C(C=CC=C2)C(/C1=C/C(S3)=CC4=C3C(S5)=C(C4(C6=CC=C(CCCCCC)C=C6)C7=CC=C(CCCCCC)C=C7)C8=C5C9=C(C%10=C%11%12)C%13=C8C=CC%14=C%13C%11=C(C(CC(CCCCCC)CCCC)=N%14)C%15=C(C(C(C%16=CC=C(CCCCCC)C=C%16)(C%17=CC=C(CCCCCC)C=C%17)C%18=C%19SC(/C=C%20/C(C(C=CC=C%21)=C%21C%20=O)=C(C#N)\C#N)=C%18)=C%19S%15)C%12=CC=C%10N=C9CC(CCCC)CCCCCC)=C(C#N)\C#N,329
12,349,train,in-house,401,O=C(C1=C(CCC(CCCC)CC)SC(CCC(CC)CCCC)=C1C2=O)C(C2=C(C3)C(C4)=CC=C4C5=CC6=C(C(C7=CC=C(CCC(CCCC)CC)S7)=C8C=CSC8=C6C9=CC=C(CCC(CCCC)CC)S9)S5)=C3C%10=CC=CS%10||O=C(C1=CC(F)=C(C=C1C/2=C(C#N)\C#N)F)C2=C/C3=CC(SC(C4=C5C6=C(C7=C(N6CC(CCC)CCCC)C8=C(C=C(S8)/C=C9C(C%10=CC(F)=C(C=C%10C\9=C(C#N)\C#N)F)=O)S7)C%11=NN(N=C4%11)CC(CC)CCCC)=C%12N5CC(CCCC)CC)=C%12S3,330
12,350,train,in-house,402,O=C(C1=C(CCC(CCCC)CC)SC(CCC(CC)CCCC)=C1C2=O)C(C2=C(C3)C(C4)=CC=C4C5=CC6=C(C(C7=CC=C(CCC(CCCC)CC)S7)=C8C=CSC8=C6C9=CC=C(CCC(CCCC)CC)S9)S5)=C3C%10=CC=CS%10||O=C(C1=C2C=CC=C1)C(/C2=C(C#N)/[N+]#[C-])=C\C3=CC(N(CC(CC)CCCC)C4=C5SC6=C4C(OCC(CCCC)CC)=C7SC(C(SC(/C=C(/C8=C(C#N)\[N+]#[C-])C(C9=C8C=CC=C9)=O)=C%10)=C%10N%11CC(CC)CCCC)=C%11C7=C6OCC(CC)CCCC)=C5S3,331
12,351,test,in-house,404,O=C1C2=C(CC(CC)CCCC)SC(CC(CC)CCCC)=C2C(C3=C(C4=CC=C(C5=CC(C(C6=CC(F)=C(CC(CC)CCCC)S6)=C(SC=C7)C7=C8C9=CC(F)=C(CC(CC)CCCC)S9)=C8S5)S4)SC(C%10=CC=CS%10)=C31)=O||O=C(C1=C(C=C(F)C(F)=C1)C/2=C(C#N)\C#N)C2=C/C3=CC(C4(C5=CC=C(C=C5)CCCCCC)C6=CC=C(CCCCCC)C=C6)=C(C7=C4C=C(C8=NN=C(C9=CC%10=C(C%11=C(C%10(C%12=CC=C(CCCCCC)C=C%12)C%13=CC=C(CCCCCC)C=C%13)C=C(/C=C%14C(C%15=C(C=C(F)C(F)=C%15)C\%14=C(C#N)\C#N)=O)S%11)S9)C=C8)S7)S3,332
12,352,train,in-house,405,FC1=C(C(OCC(CCCC)CC)=O)SC2=CSC(C3=CC4=C(C5=C(C(C6=CC=C(CC(CC)CCCC)S6)=C4S3)C=CS5)C7=CC=C(CC(CC)CCCC)S7)=C12||FC(C=C1)=CC2=C1C(C(/C2=C(C#N)/C#N)CC(S3)=CC4=C3C(S5)=C(C(C6=CC=C(CCCCCC)C=C6)4C7=CC=C(CCCCCC)C=C7)C(C5=C8CCCCCCCC)=C(CCCCCCCC)C9=C8C(C%10(C%11=CC=C(CCCCCC)C=C%11)C%12=CC=C(CCCCCC)C=C%12)=C(S9)C(S%13)=C%10C=C%13/C=C(/C%14=C(C#N)\C#N)C(C%15=C%14C=C(F)C=C%15)=O)=O,333
12,353,train,in-house,406,O=C(C1=C(CCC(CCCC)CC)SC(CCC(CC)CCCC)=C1C2=O)C(C2=C(C3)C(C4)=CC=C4C5=CC6=C(C(C7=CC=C(CCC(CCCC)CC)S7)=C8C=CSC8=C6C9=CC=C(CCC(CCCC)CC)S9)S5)=C3C%10=CC=CS%10||CCC(CCCC)CN1C2=C(C=C(C(C3=CC=C(CCCCCC)C=C3)(C4=CC=C(CCCCCC)C=C4)C5=C6SC7=C5SC(/C=C8C(C(C=C([H])C([H])=C9)=C9C\8=C(C#N)\C#N)=O)=C7)C6=C2)C%10=C1C=C(C%11=C%12C%13=C(C=C(S%13)/C=C%14C(C%15=CC([H])=C(C=C%15C\%14=C(C#N)/C#N)[H])=O)S%11)C(C%12(C%16=CC=C(CCCCCC)C=C%16)C%17CC=C(C=C%17)CCCCCC)=C%10,334
12,354,train,in-house,407,O=C1C2=C(CC(CC)CCCC)SC(CC(CC)CCCC)=C2C(C3=C(C4=CC=C(C5=CC(C(C6=CC(F)=C(CC(CC)CCCC)S6)=C(SC=C7)C7=C8C9=CC(F)=C(CC(CC)CCCC)S9)=C8S5)S4)SC(C%10=CC=CS%10)=C31)=O||O=C(C1=CC=C(Br)C=C1C/2=C(C#N)\C#N)C2=C/C(S3)=CC=C3C4=CC=C5C(N(C(CCCCCCCC)CCCCCCCC)C6=CC(C7=CC=C(S7)/C=C8C(C9=CC=C(Br)C=C9C\8=C(C#N)\C#N)=O)=CC=C56)=C4,335
12,355,test,in-house,409,FC1=C(C(OCC(CCCC)CC)=O)SC2=CSC(C3=CC4=C(C5=C(C(C6=CC=C(CC(CC)CCCC)S6)=C4S3)C=CS5)C7=CC=C(CC(CC)CCCC)S7)=C12||FC1=C(C(OC(CC)CCCCC)=O)SC2=C(/C=C3C(C4=C(C=C(C([H])=C4)[H])C\3=C(C#N)\C#N)=O)SC(C5=CC6=C(S5)C7=C(C=C(C(C8(C9C=CC(CCCCCC)=CC9)C%10=CC=C(C=C%10)CCCCCC)=C7)C%11=C8C=C(S%11)C%12=C%13C(SC(C(OC(CC)CCCCC)=O)=C%13F)=C(S%12)/C=C%14C(C%15=C(C=C(C([H])=C%15)[H])C\%14=C(C#N)\C#N)=O)C6(C%16=CC=C(C=C%16)CCCCCC)C%17=CC=C(C=C%17)CCCCCC)=C12,336
12,356,train,in-house,410,FC(C(F)=C(C1=NN(N=C21)CCCCCCCC)C3=CC(CC(CCCCCCCCCC)CCCCCCCCCCCC)=C(S3)C4=CC=C(S4)C5=C(C(F)=C(C(F)=C5F)C6=CC=C(S6)C)F)=C2C7=CC(CC(CCCCCCCCCC)CCCCCCCCCCCC)=C(C)S7||N#C/C(C#N)=C(C1=CC=CC=C1C2=O)/C2=C/C3=CC4=C(C5=C(C=C6C(C(CCCCCC)(CCCCCC)C7=C6SC(/C=C8/C(C9=CC=CC=C9C8=O)=C(C#N)/C#N)=C7)=C5)C4(CCCCCC)CCCCCC)S3,337
12,357,test,in-house,411,O=C(C1=C(CCC(CCCC)CC)SC(CCC(CC)CCCC)=C1C2=O)C(C2=C(C3)C(C4)=CC=C4C5=CC6=C(C(C7=CC=C(CCC(CCCC)CC)S7)=C8C=CSC8=C6C9=CC=C(CCC(CCCC)CC)S9)S5)=C3C%10=CC=CS%10||CCC(CCCC)CN1C2=C(C=C(C(C3=CC=C(CCCCCC)C=C3)(C4=CC=C(CCCCCC)C=C4)C5=C6SC7=C5SC(/C=C8C(C(C=C(F)C(F)=C9)=C9C\8=C(C#N)\C#N)=O)=C7)C6=C2)C%10=C1C=C(C%11=C%12C%13=C(C=C(S%13)/C=C%14C(C%15=CC([F])=C(C=C%15C\%14=C(C#N)/C#N)[F])=O)S%11)C(C%12(C%16=CC=C(CCCCCC)C=C%16)C%17CC=C(C=C%17)CCCCCC)=C%10,338
12,358,validation,in-house,412,O=C(C1=C(CCC(CCCC)CC)SC(CCC(CC)CCCC)=C1C2=O)C(C2=C(C3)C(C4)=CC=C4C5=CC6=C(C(C7=CC=C(CCC(CCCC)CC)S7)=C8C=CSC8=C6C9=CC=C(CCC(CCCC)CC)S9)S5)=C3C%10=CC=CS%10||O=C(C(C(C/1=C(C#N)/C#N)=C2)=CC([H])=C2[H])C1=C/C(S3)=CC4=C3C5=CC(C6(CCCCCCCC)CCCCCCCC)=C(C=C5C4(C7=CC=C(CCCCCC)C=C7)C8=CC=C(CCCCCC)C=C8)C9=C6C(C%10(CCCCCCCC)CCCCCCCC)=C(S9)C%11=C%10C=C(C(SC(/C=C%12/C(C%13=CC([H])=C([H])C=C%13C%12=O)=C(C#N)/C#N)=C%14)=C%14C%15(C%16=CC=C(CCCCCC)C=C%16)C%17=CC=C(CCCCCC)C=C%17)C%15=C%11,339
12,359,train,in-house,413,O=C(C1=C(CCC(CCCC)CC)SC(CCC(CC)CCCC)=C1C2=O)C(C2=C(C3)C(C4)=CC=C4C5=CC6=C(C(C7=CC=C(CCC(CCCC)CC)S7)=C8C=CSC8=C6C9=CC=C(CCC(CCCC)CC)S9)S5)=C3C%10=CC=CS%10||O=C(C1=CC=CC=C1C/2=C(C#N)/C#N)C2=C/C3=CSC4=C3SC5=C4C(C6=CC7=C(C(C8=CC=CC(COCC(CC)CCC)=C8)(C9=CC(COCC(CC)CCC)=CC=C9)C%10=C7SC%11=C%10SC=C%11/C=C%12C(C%13=CC=CC=C%13C\%12=C(C#N)/C#N)=O)C=C65)(C%14=CC(COCC(CC)CCC)=CC=C%14)C%15=CC=CC(COCC(CC)CCC)=C%15,340
12,360,train,in-house,414,O=C(C1=C(CCC(CCCC)CC)SC(CCC(CC)CCCC)=C1C2=O)C(C2=C(C3)C(C4)=CC=C4C5=CC6=C(C(C7=CC=C(CCC(CCCC)CC)S7)=C8C=CSC8=C6C9=CC=C(CCC(CCCC)CC)S9)S5)=C3C%10=CC=CS%10||O=C(C1=C(C=CC=C1)C/2=C(C#N)/C#N)C2=C/C3=CC4=C(S3)C5=CC6=C(C=C5C4(CCCCCC)CCCCCC)C7=C(C=C8C9=C(C=C(S9)/C=C%10C(C%11=CC=CC=C%11C\%10=C(C#N)/C#N)=O)C(CCCCCC)(CCCCCC)C8=C7)C6(CCCCCC)CCCCCC,212
12,361,train,in-house,415,FC(C=C(C1=C2C(C=C(S2)CSC3=C(CCCCCCCCCCC)C(SC(C4=CC=C(/C(C(N5CC(CCCCCC)CCCCCCCC)=O)=C6C(N(CC(CCCCCC)CCCCCCCC)C7=C\6C=CC(C8=CC9=C(C(CCCCCCCCCCC)=C(C)S9)S8)=C7)=O)C5=C4)=C%10)=C%10S3)=C(C%11=CC(F)=C(SCC(CC)CC)S%11)C%12=C1C=C(C)S%12)S%13)=C%13SCC(CCCC)CC||O=C(C/1=C\C2=C(C3=C(S2)C(N4C5=CC=C(CCCCCC)C=C5)=C(C6=C4C7=C(C8=NSN=C68)C(SC9=C%10SC(/C=C%11C(C%12=CC(F)=C(C=C%12C\%11=C(C#N)/C#N)F)=O)=C9CCCCCCCCCCC)=C%10N7C%13=CC=C(CCCCCC)C=C%13)S3)CCCCCCCCCCC)C%14=CC(F)=C(F)C=C%14C1=C(C#N)/C#N,154
12,362,train,in-house,416,FC1=C(C(OCC(CCCC)CC)=O)SC2=CSC(C3=CC4=C(C5=C(C(C6=CC=C(CC(CC)CCCC)S6)=C4S3)C=CS5)C7=CC=C(CC(CC)CCCC)S7)=C12||O=C(C1=CC(F)=C(C=C1C/2=C(C#N)\C#N)F)C2=C/C3=CC(SCCCCCCCC)=C(C4=CC5=C(C6=CC7=C(C8=C(OC7(C9=CC=C(CCCCCC)C=C9)C%10=CC=C(CCCCCC)C=C%10)C=C(C%11=C(SCCCCCCCC)C=C(/C=C%12C(C%13=CC(F)=C(C=C%13C\%12=C(C#N)\C#N)F)=O)S%11)S8)C=C6C(C%14=CC=C(CCCCCC)C=C%14)(O5)C%15=CC=C(CCCCCC)C=C%15)S4)S3,341
12,363,train,in-house,417,CC1=CC2=C(C3=CC=C(SCC(CC)CCCC)S3)C=C4C5=C(C=C(S5)C6=C(C=C(S6)C7=C(C8=C(S7)C9=CC(CCCCCCCC)=C([*])S9)C(C%10=C(CC(CC)CCCC)SC(CC(CC)CCCC)=C%10C8=O)=O)CCCCCCCC)C(C%11=CC=C(SCC(CC)CCCC)S%11)=CC4=C2S1||N#C/C(C#N)=C(C1=CC=CC=C1C2=O)/C2=C/C3=CC4=C(C5=C(C=C6C(C(CCCCCC)(CCCCCC)C7=C6SC(/C=C8/C(C9=CC=CC=C9C8=O)=C(C#N)/C#N)=C7)=C5)C4(CCCCCC)CCCCCC)S3,342
12,364,train,in-house,418,O=C1C2=C(CC(CC)CCCC)SC(CC(CC)CCCC)=C2C(C3=C(C4=CC=C(C5=CC(C(C6=CC(F)=C(CC(CC)CCCC)S6)=C(SC=C7)C7=C8C9=CC(F)=C(CC(CC)CCCC)S9)=C8S5)S4)SC(C%10=CC=CS%10)=C31)=O||O=C(C1=CC=C(Br)C=C1C/2=C(C#N)\C#N)C2=C/C(S3)=CC=C3C4=CC=C(C5=CC=C(C=C56)C7=CC=C(S7)/C=C8C(C9=CC=C(Br)C=C9C\8=C(C#N)\C#N)=O)C(C6(CCCCCCCC)CCCCCCCC)=C4,343
12,365,train,in-house,421,O=C(C1=C(CCC(CCCC)CC)SC(CCC(CC)CCCC)=C1C2=O)C(C2=C(C3)C(C4)=CC=C4C5=CC6=C(C(C7=CC=C(CCC(CCCC)CC)S7)=C8C=CSC8=C6C9=CC=C(CCC(CCCC)CC)S9)S5)=C3C%10=CC=CS%10||O=C(C1=CC(Cl)=C(C=C1C/2=C(C#N)\C#N)Cl)C2=C/C3=CC(OCCCCCCCC)=C(C4=CC5=C(C6=CC7=C(C8=C(C7(C9=CC=C(C=C9)CCCCCC)C%10=CC=C(C=C%10)CCCCCC)C=C(C%11=C(OCCCCCCCC)C=C(/C=C%12C(C%13=CC(Cl)=C(C=C%13C\%12=C(C#N)\C#N)Cl)=O)S%11)S8)C=C6C5(C%14=CC=C(C=C%14)CCCCCC)C%15=CC=C(C=C%15)CCCCCC)S4)S3,344
12,366,test,in-house,422,O=C(C1=C(CCC(CCCC)CC)SC(CCC(CC)CCCC)=C1C2=O)C(C2=C(C3)C(C4)=CC=C4C5=CC6=C(C(C7=CC=C(CCC(CCCC)CC)S7)=C8C=CSC8=C6C9=CC=C(CCC(CCCC)CC)S9)S5)=C3C%10=CC=CS%10||O=C(C(C=C(C([H])=C1)[H])=C1C/2=C(C#N)/C#N)C2=C/C3=CC4=C(S3)C5=CC6=C(C=C5C4(C7=CC=C(CC(CCCCCC)CCCC)C=C7)C8=CC=C(CC(CCCCCC)CCCC)C=C8)C9=C(C=C%10C%11=C(C=C(S%11)/C=C%12C(C(C=C(C([H])=C%13)[H])=C%13C\%12=C(C#N)/C#N)=O)C(C%14=CC=C(CC(CCCCCC)CCCC)C=C%14)(C%15=CC=C(CC(CCCCCC)CCCC)C=C%15)C%10=C9)S6,345
12,367,test,in-house,423,O=C(C1=C(CCC(CCCC)CC)SC(CCC(CC)CCCC)=C1C2=O)C(C2=C(C3)C(C4)=CC=C4C5=CC6=C(C(C7=CC=C(CCC(CCCC)CC)S7)=C8C=CSC8=C6C9=CC=C(CCC(CCCC)CC)S9)S5)=C3C%10=CC=CS%10||O=C(C1=C(C=C(F)C(F)=C1)C/2=C(C#N)\C#N)C2=C/C3=CC(C4(CCCCCCCC)CCCCCCCC)=C(S3)C(S5)=C4C=C5C(C6=NSN=C6C(C7=CC8=C(C9=C(C8(CCCCCCCC)CCCCCCCC)C=C(/C=C%10C(C(C=C(F)C(F)=C%11)=C%11C\%10=C(C#N)\C#N)=O)S9)S7)=C%12OCCCCCCCC)=C%12OCCCCCCCC,346
12,368,train,in-house,424,CC1=CC2=C(C3=C(C(C4=CC=C(S4)SCC)=C2S1)C=C(C5=C(CC6CCCCC6)C=C(C7=C(C(C8=C(SC(CC(CCCC)CC)=C8C9=O)CC(CCCC)CC)=O)C9=C(C%10=CC(CC%11CCCCC%11)=C(S%10)C)S7)S5)S3)C%12=CC=C(S%12)SCC||c12cc3c(cc1C(c1c2sc2c1sc(c2)/C=C\1/C(=C(C#N)C#N)c2c(C1=O)cccc2)(c1ccc(cc1)CCCCCC)c1ccc(cc1)CCCCCC)c1c(C3(c2ccc(cc2)CCCCCC)c2ccc(cc2)CCCCCC)c2c(s1)cc(s2)/C=C\1/C(=C(C#N)C#N)c2c(C1=O)cccc2,347
12,369,validation,in-house,425,FC1=C(C(OCC(CCCC)CC)=O)SC2=CSC(C3=CC4=C(C5=C(C(C6=CC=C(CC(CC)CCCC)S6)=C4S3)C=CS5)C7=CC=C(CC(CC)CCCC)S7)=C12||O=C(C/1=C\C2=CC3=C(S2)C(SC4=C5C(C6=CC=C(CC(CC)CCCC)S6)=C7SC8=C(C7=C4C9=CC=C(CC(CC)CCCC)S9)C(C%10=CC=C(CCCCCC)C=C%10)(C%11=CC=C(CCCCCC)C=C%11)C%12=C8SC(/C=C%13C(C%14=CC(F)=C(F)C=C%14C\%13=C(C#N)/C#N)=O)=C%12)=C5C3(C%15=CC=C(CCCCCC)C=C%15)C%16=CC=C(CCCCCC)C=C%16)C%17=CC(F)=C(F)C=C%17C1=C(C#N)/C#N,348
12,370,train,in-house,426,O=C(C1=C(CCC(CCCC)CC)SC(CCC(CC)CCCC)=C1C2=O)C(C2=C(C3)C(C4)=CC=C4C5=CC6=C(C(C7=CC=C(CCC(CCCC)CC)S7)=C8C=CSC8=C6C9=CC=C(CCC(CCCC)CC)S9)S5)=C3C%10=CC=CS%10||O=C(C1=C(C)SC([CH3])=C1C/2=C(C#N)\C#N)C2=C/C3=CC(C(C4=CC=C(CCCCCC)C=C4)(C5=CC=C(CCCCCC)C=C5)C6=C7SC8=C6C(C9=CC=C(S9)CC(CCCC)CC)=C%10SC(C%11=C(C%12(C%13=CC=C(CCCCCC)C=C%13)C%14=CC=C(CCCCCC)C=C%14)C=C(/C=C%15C(C%16=C(SC([CH3])=C%16C\%15=C(C#N)\C#N)[CH3])=O)S%11)=C%12C%10=C8C%17=CC=C(CC(CC)CCCC)S%17)=C7S3,349
12,371,test,in-house,427,O=C(C1=C(CCC(CCCC)CC)SC(CCC(CC)CCCC)=C1C2=O)C(C2=C(C3)C(C4)=CC=C4C5=CC6=C(C(C7=CC=C(CCC(CCCC)CC)S7)=C8C=CSC8=C6C9=CC=C(CCC(CCCC)CC)S9)S5)=C3C%10=CC=CS%10||O=C(C(C=C(C(Cl)=C1)Cl)=C1C/2=C(C#N)\C#N)C2=C/C3=CC4=C(C(C5(C(C=C6)=CC=C6CCCCCC)C7=CC=C(C=C7)CCCCCC)=C(C(C=C8C9(C%10=CC=C(C=C%10)CCCCCC)C%11=CC=C(C=C%11)CCCCCC)=C5C=C8C%12=C9C%13=C(C=C(S%13)/C=C%14C(C(C=C(C(Cl)=C%15)Cl)=C%15C\%14=C(C#N)\C#N)=O)S%12)S4)S3,350
12,372,test,in-house,428,O=C1C2=C(CC(CC)CCCC)SC(CC(CC)CCCC)=C2C(C3=C(C4=CC=C(C5=CC(C(C6=CC(F)=C(CC(CC)CCCC)S6)=C(SC=C7)C7=C8C9=CC(F)=C(CC(CC)CCCC)S9)=C8S5)S4)SC(C%10=CC=CS%10)=C31)=O||CCCCCCC(C=C1)=CC=C1C2(C3=C(C4=C2C(C=C([Se]C5=C6C(C7=CC=C(C=C7)CCCCCC)(C8=C5SC(/C=C9/C(C%10=CC(Br)=C(Br)C=C%10C9=O)=C(C#N)/C#N)=C8)C%11=CC=C(C=C%11)CCCCCC)C6=C%12)=C%12[Se]4)SC(/C=C%13C(C%14=CC(Br)=C(Br)C=C%14C/%13=C(C#N)/C#N)=O)=C3)C(C=C%15)=CC=C%15CCCCCC,351
12,373,validation,in-house,429,FC1=C(C(OCC(CCCC)CC)=O)SC2=CSC(C3=CC4=C(C5=C(C(C6=CC=C(CC(CC)CCCC)S6)=C4S3)C=CS5)C7=CC=C(CC(CC)CCCC)S7)=C12||c12cc(c(cc1C(=O)/C(=C\c1sc3c(c1)[Si](c1c3sc3c1c(c1c(c3OC[C@@H](CC)CCCC)c3c(s1)c1c([Si]3(CCCCCCCC)CCCCCCCC)cc(s1)/C=C\1/C(=C(C#N)C#N)c3c(C1=O)cc(c(c3)F)F)OC[C@@H](CC)CCCC)(CCCCCCCC)CCCCCCCC)/C2=C(C#N)C#N)F)F,352
12,374,train,in-house,430,O=C(C1=C(CCC(CCCC)CC)SC(CCC(CC)CCCC)=C1C2=O)C(C2=C(C3)C(C4)=CC=C4C5=CC6=C(C(C7=CC=C(CCC(CCCC)CC)S7)=C8C=CSC8=C6C9=CC=C(CCC(CCCC)CC)S9)S5)=C3C%10=CC=CS%10||[H]C1=CC2=C(C(/C(C2=O)=C/C3=CC4=C(C5=C(N4C(CCCCCCCC)CCCCCCCC)C(SC6=C7N(C(CCCCCCCC)CCCCCCCC)C8=C6SC(/C=C9C(C(C=C(C([H])=C%10)[H])=C%10C\9=C(C#N)\C#N)=O)=C8)=C7S5)S3)=C(C#N)\C#N)C=C1[H],353
12,375,train,in-house,431,O=C1C2=C(CC(CC)CCCC)SC(CC(CC)CCCC)=C2C(C3=C(C4=CC=C(C5=CC(C(C6=CC(F)=C(CC(CC)CCCC)S6)=C(SC=C7)C7=C8C9=CC(F)=C(CC(CC)CCCC)S9)=C8S5)S4)SC(C%10=CC=CS%10)=C31)=O||O=C(C1=C(Cl)SC=C1C/2=C(C#N)\C#N)C2=C/C3=CC(SC4=C5C(C6=C4C([O]CC(CC)CCCC)=C7C(C([O]CC(CCCC)CC)=C8C(SC9=C%10SC(/C=C%11C(C%12=C(Cl)SC=C%12C\%11=C(C#N)\C#N)=O)=C9)=C%10C(C%13=CC=C(CCCCCC)C=C%13)(C%14=CC=C(CCCCCC)C=C%14)C8=C7)=C6)(C%15=CC=C(CCCCCC)C=C%15)C%16=CC=C(CCCCCC)C=C%16)=C5S3,354
12,376,validation,in-house,432,O=C(C1=C(CCC(CCCC)CC)SC(CCC(CC)CCCC)=C1C2=O)C(C2=C(C3)C(C4)=CC=C4C5=CC6=C(C(C7=CC=C(CCC(CCCC)CC)S7)=C8C=CSC8=C6C9=CC=C(CCC(CCCC)CC)S9)S5)=C3C%10=CC=CS%10||O=C(C(C=C(C(F)=C1)F)=C1C/2=C(C#N)\C#N)C2=C/C3=CC(C4(C5=CC=C(CCCCCC)C=C5)C6=CC=C(CCCCCC)C=C6)=C(S3)C7=C4C(C=C8C9(CCCCCCCC)CCCCCCCC)=C(C=C8C%10=CC%11=C(C=C%109)C%12=C(C%13=C(C%12(C%14=CC=C(CCCCCC)C=C%14)C%15=CC=C(CCCCCC)C=C%15)C=C(/C=C%16C(C(C=C(C(F)=C%17)F)=C%17C\%16=C(C#N)\C#N)=O)S%13)S%11)S7,355
12,377,train,in-house,433,CC1=CC=C(S1)C2=C(C(C3=C(SC(CC(CC)CCCC)=C3C4=O)CC(CCCC)CC)=O)C4=C(C5=CC=C(S5)C6=CC7=C(C8=C(C(C9=CC=C(S9)CC(CCCC)CC)=C7S6)C=C(C)S8)C%10=CC=C(S%10)CC(CCCC)CC)S2||c12cc3c(cc1C(c1c2sc2c1sc(c2)/C=C\1/C(=C(C#N)C#N)c2c(C1=O)cccc2)(c1ccc(cc1)CCCCCC)c1ccc(cc1)CCCCCC)c1c(C3(c2ccc(cc2)CCCCCC)c2ccc(cc2)CCCCCC)c2c(s1)cc(s2)/C=C\1/C(=C(C#N)C#N)c2c(C1=O)cccc2,356
12,378,test,in-house,435,O=C(C1=C(CCC(CCCC)CC)SC(CCC(CC)CCCC)=C1C2=O)C(C2=C(C3)C(C4)=CC=C4C5=CC6=C(C(C7=CC=C(CCC(CCCC)CC)S7)=C8C=CSC8=C6C9=CC=C(CCC(CCCC)CC)S9)S5)=C3C%10=CC=CS%10||O=C(C(C=CC(C)=C1)=C1C/2=C(C#N)\C#N)C2=C/C3=CC4=C(C(C5(C(C=C6)=CC=C6CCCCCC)C7=CC=C(C=C7)CCCCCC)=C(C(C=C8C9(C%10=CC=C(C=C%10)CCCCCC)C%11=CC=C(C=C%11)CCCCCC)=C5C=C8C%12=C9C%13=C(C=C(S%13)/C=C%14C(C(C=CC(C)=C%15)=C%15C\%14=C(C#N)\C#N)=O)S%12)S4)S3,357
12,379,train,in-house,436,O=C(C1=C(CCC(CCCC)CC)SC(CCC(CC)CCCC)=C1C2=O)C(C2=C(C3)C(C4)=CC=C4C5=CC6=C(C(C7=CC=C(CCC(CCCC)CC)S7)=C8C=CSC8=C6C9=CC=C(CCC(CCCC)CC)S9)S5)=C3C%10=CC=CS%10||O=C(C1=CC=CC=C1C/2=C(C#N)/C#N)C2=C/C3=CSC4=C3SC5=C4C(C6=CC7=C(C(C8=CC=CC(COCCCCC)=C8)(C9=CC(COCCCCC)=CC=C9)C%10=C7SC%11=C%10SC=C%11/C=C%12C(C%13=CC=CC=C%13C\%12=C(C#N)/C#N)=O)C=C65)(C%14=CC(COCCCCC)=CC=C%14)C%15=CC=CC(COCCCCC)=C%15,358
12,380,train,in-house,437,O=C(C1=C(CCC(CCCC)CC)SC(CCC(CC)CCCC)=C1C2=O)C(C2=C(C3)C(C4)=CC=C4C5=CC6=C(C(C7=CC=C(CCC(CCCC)CC)S7)=C8C=CSC8=C6C9=CC=C(CCC(CCCC)CC)S9)S5)=C3C%10=CC=CS%10||O=C(C/1=C\C2=C(C3=C(S2)C(N4C5=CC=C(CCCCCC)C=C5)=C(C6=C4C7=C(C8=NSN=C68)C(SC9=C%10SC(/C=C%11C(C%12=CC(F)=C(C=C%12C\%11=C(C#N)/C#N)F)=O)=C9CCCCCCCCCCC)=C%10N7C%13=CC=C(CCCCCC)C=C%13)S3)CCCCCCCCCCC)C%14=CC(F)=C(F)C=C%14C1=C(C#N)/C#N,359
12,381,test,in-house,438,FC(C(F)=C(C1=NN(N=C21)CCC(CCCC)CCCCCC)C3=CC=C(S3)C)=C2C(S4)=CC=C4C5=CC(C(CCCC(CCCCCC)CCCC)=C6SC(C)=CC6=C7CCCC(CCCC)CCCCCC)=C7S5||O=C(C(C=C(F)C=C1)=C1C/2=C(C#N)\C#N)C2=C/C(S3)=CC4=C3C(C5(C6=CC=C(CCCCCC)C=C6)C7=CC=C(CCCCCC)C=C7)=C(S4)C8=C5C9=C(CCCCCCCCCCCC)C(S%10)=C(C(CCCCCCCCCCCC)=C9S8)C%11=C%10C(S%12)=C(C%11(C%13=CC=C(CCCCCC)C=C%13)C%14=CC=C(CCCCCC)C=C%14)C%15=C%12C=C(/C=C%16C(C(C=C(F)C=C%17)=C%17C\%16=C(C#N)/C#N)=O)S%15,265
12,382,test,in-house,439,FC(C(F)=C(C1=NN(N=C21)CCC(CCCC)CCCCCC)C3=CC=C(S3)C)=C2C(S4)=CC=C4C5=CC(C(CCCC(CCCCCC)CCCC)=C6SC(C)=CC6=C7CCCC(CCCC)CCCCCC)=C7S5||O=C(C(C=C(F)C=C1)=C1C/2=C(C#N)\C#N)C2=C/C(S3)=CC4=C3C(C5(C6=CC=C(CCCCCC)C=C6)C7=CC=C(CCCCCC)C=C7)=C(S4)C8=C5C9=C(C)C(S%10)=C(C(C)=C9S8)C%11=C%10C(S%12)=C(C%11(C%13=CC=C(CCCCCC)C=C%13)C%14=CC=C(CCCCCC)C=C%14)C%15=C%12C=C(/C=C%16C(C(C=C(F)C=C%17)=C%17C\%16=C(C#N)/C#N)=O)S%15,360
12,383,test,in-house,440,O=C(C1=C(CCC(CCCC)CC)SC(CCC(CC)CCCC)=C1C2=O)C(C2=C(C3)C(C4)=CC=C4C5=CC6=C(C(C7=CC=C(CCC(CCCC)CC)S7)=C8C=CSC8=C6C9=CC=C(CCC(CCCC)CC)S9)S5)=C3C%10=CC=CS%10||O=C(C1=CSC=C1C/2=C(C#N)\C#N)C2=C/C3=CSC(C4=CC5=C(C(C=C6C(C7=CC=C(C=C7)CCCCCC)(C8=CC=C(C=C8)CCCCCC)C9=C(SC(C%10=C(OCCCCCCCC)C(/C=C%11C(C%12=CSC=C%12C\%11=C(C#N)\C#N)=O)=CS%10)=C9)C6=C%13)=C%13C5(C(C=C%14)=CC=C%14CCCCCC)C(C=C%15)=CC=C%15CCCCCC)S4)=C3OCCCCCCCC,361
12,384,train,in-house,441,FC(C=C(C1=C2SC=CC2=C(C3=CC(F)=C(CC(CCCC)CC)S3)C4=C1C=C(C5=CC=C(C6=C(C(C(C7=C(CC(CCCC)CC)SC(CC(CC)CCCC)=C78)=O)=C(C9=CC=CC9)S6)C8=O)S5)S4)S%10)=C%10CC(CC)CCCC||O=C(C1=C(C/2=C(C#N)/C#N)C=CS1)C2=C/C3=CC(SC4=C5C(C6=CC=C(C=C6)CCCCCC)(C7=C4C=C8C(C(C=C9)=CC=C9CCCCCC)(C%10=C(C8=C7)SC%11=C%10SC(/C=C%12C(C%13=C(C\%12=C(C#N)/C#N)C=CS%13)=O)=C%11)C%14=CC=C(C=C%14)CCCCCC)C%15=CC=C(CCCCCC)C=C%15)=C5S3,362
12,385,train,in-house,443,CC1=CC2=C(C3=C(C(C4=CC=C(S4)CC(CCCC)CC)=C2S1)C=C(C5=C6SC(C(OCCCCCCCC)=O)=C(F)C6=C(C)S5)S3)C7=CC=C(S7)CC(CC)CCCC||O=C1C(/C(C2=C1C=CC=C2)=C(C#N)\C#N)=C\C3=CC(OCC(CCCC)CC)=C(C4=CC(C(C5=CC(C6=C7C=C(C8=C(C=C(/C=C(C9=O)/C(C%10=C9C=CC=C%10)=C(C#N)\C#N)S8)OCC(CCCC)CC)S6)=C(C7(C%11=CC=C(C=C%11)CCCCCC)C%12=CC=C(C=C%12)CCCCCC)C=C%135)(C%14=CC=C(C=C%14)CCCCCC)C(C=C%15)=CC=C%15CCCCCC)=C%13S4)S3,363
12,386,train,in-house,444,O=C(C1=C(CCC(CCCC)CC)SC(CCC(CC)CCCC)=C1C2=O)C(C2=C(C3)C(C4)=CC=C4C5=CC6=C(C(C7=CC=C(CCC(CCCC)CC)S7)=C8C=CSC8=C6C9=CC=C(CCC(CCCC)CC)S9)S5)=C3C%10=CC=CS%10||[F]C1=CC2=C(C(/C(C2=O)=C/C3=CC4=C(C5=C(C4(CCCCCC)CCCCCC)C=C(C6=CC7=C(C8=C(C7(CCCCCC)CCCCCC)C=C(/C=C9C(C(C=C(C([F])=C%10)[F])=C%10C\9=C(C#N)\C#N)=O)S8)S6)S5)S3)=C(C#N)\C#N)C=C1[F],364
12,387,train,in-house,447,CC1=CC2=C(C(C(C3=CC(CCCCCC)=C(S3)CC(CCCC)CC)=C4SC(C=C5C(S6)=CC=C6C(C7=NN(CCCCCCCC)N=C87)=C(C(N(C9=O)CCCCCCCC)=O)C9=C8C%10=CC=C(C)S%10)=C(S5)C4=C%11C%12=CC(CCCCCC)=C(S%12)CC(CCCC)CC)=C%11S2)S1||c12cc3c(cc1C(c1c2sc2c1sc(c2)/C=C\1/C(=C(C#N)C#N)c2c(C1=O)cccc2)(c1ccc(cc1)CCCCCC)c1ccc(cc1)CCCCCC)c1c(C3(c2ccc(cc2)CCCCCC)c2ccc(cc2)CCCCCC)c2c(s1)cc(s2)/C=C\1/C(=C(C#N)C#N)c2c(C1=O)cccc2,365
12,388,train,in-house,448,O=C(C1=C(CCC(CCCC)CC)SC(CCC(CC)CCCC)=C1C2=O)C(C2=C(C3)C(C4)=CC=C4C5=CC6=C(C(C7=CC=C(CCC(CCCC)CC)S7)=C8C=CSC8=C6C9=CC=C(CCC(CCCC)CC)S9)S5)=C3C%10=CC=CS%10||CC1(C(C=C(C=C2C3=C(C=C(S3)/C=C4C(C(C=CC=C5)=C5C\4=C(C#N)\C#N)=O)C(CCCCCCCC)(CCCCCCCC)C2=C6)C6=C7)=C7C8=C1C=C(/C=C9C(C(C=CC=C%10)=C%10C\9=C(C#N)/C#N)=O)S8)CCCCCCCC,366
12,389,train,in-house,449,FC1=C(C(OCC(CCCC)CC)=O)SC2=CSC(C3=CC4=C(C5=C(C(C6=CC=C(CC(CC)CCCC)S6)=C4S3)C=CS5)C7=CC=C(CC(CC)CCCC)S7)=C12||FC1=C(C(OC(CC)CCCCC)=O)SC2=C(/C=C3C(C4=C(C=C(C(F)=C4)F)C\3=C(C#N)\C#N)=O)SC(C5=CC6=C(S5)C7=C(C=C(C(C8(C9C=CC(CCCCCC)=CC9)C%10=CC=C(C=C%10)CCCCCC)=C7)C%11=C8C=C(S%11)C%12=C%13C(SC(C(OC(CC)CCCCC)=O)=C%13F)=C(S%12)/C=C%14C(C%15=C(C=C(C(F)=C%15)F)C\%14=C(C#N)\C#N)=O)C6(C%16=CC=C(C=C%16)CCCCCC)C%17=CC=C(C=C%17)CCCCCC)=C12,367
12,390,validation,in-house,452,FC(C(OCC(CCCCCC)CCCCCCCC)=C(C1=NSN=C21)C3=CC=C(S3)C4=CC5=C(C6=C(C(C7=CC=C(S7)CC(CCCC)CC)=C5S4)C=C(C)S6)C8=CC=C(S8)CC(CC)CCCC)=C2C9=CC=C(C)S9||FC1=CC2=C(C(/C(C2=O)=C/C3=CC(OCC(CC)CCCC)=C(S3)C4=CC5=C(S4)C6=CC(C7(C8=CC=C(CCCCCC)C=C8)C9=CC=C(CCCCCC)C=C9)=C(C%10=C7C=C(S%10)C%11=C(OCC(CC)CCCC)C=C(S%11)/C=C(/C(C%12=C%13C=C(F)C(F)=C%12)=C(C#N)\C#N)C%13=O)C=C6C5(C%14=CC=C(CCCCCC)C=C%14)C%15=CC=C(CCCCCC)C=C%15)=C(C#N)/C#N)C=C1F,368
12,391,train,in-house,453,FC1=C(C(OCC(CCCC)CC)=O)SC2=CSC(C3=CC4=C(C5=C(C(C6=CC=C(CC(CC)CCCC)S6)=C4S3)C=CS5)C7=CC=C(CC(CC)CCCC)S7)=C12||C1(=S)S/C(=C/c2oc(cc2)c2ccc(c3c2nsn3)c2cc3c(cc2)c2c([C@@]3(C[C@@H](CC)CCCC)C[C@H](CC)CCCC)cc(cc2)c2c3c(c(cc2)c2ccc(o2)/C=C/2\C(=O)N(C(=S)S2)CC)nsn3)/C(=O)N1CC,369
12,392,train,in-house,454,O=C(C1=C(CCC(CCCC)CC)SC(CCC(CC)CCCC)=C1C2=O)C(C2=C(C3)C(C4)=CC=C4C5=CC6=C(C(C7=CC=C(CCC(CCCC)CC)S7)=C8C=CSC8=C6C9=CC=C(CCC(CCCC)CC)S9)S5)=C3C%10=CC=CS%10||CCN(C/1=O)/C(SC1=C/C(C2=NSN=C32)=CC=C3C(C=C4)=CC5=C4C(C=CC(C6=CC=C(C7=NSN=C67)/C=C8S/C(N(C\8=O)CC)=C(C#N)\C#N)=C9)=C9C5%10C%11=C(C=C(C=C%11)OCCCCCCCC)C%12=C%10C=CC(OCCCCCCCC)=C%12)=C(C#N)\C#N,370
12,393,test,in-house,455,O=C(C1=C(CCC(CCCC)CC)SC(CCC(CC)CCCC)=C1C2=O)C(C2=C(C3)C(C4)=CC=C4C5=CC6=C(C(C7=CC=C(CCC(CCCC)CC)S7)=C8C=CSC8=C6C9=CC=C(CCC(CCCC)CC)S9)S5)=C3C%10=CC=CS%10||O=C(C1=CC(C)=CC=C1C/2=C(C#N)/C#N)C2=C/C3=CC(CC(CCCCCCCC)(CCCCCCCC)C4=CC(C5=C(OC6(CCCCCCCC)CCCCCCCC)C=C(/C=C7C(C8=CC(C)=CC=C8C\7=C(C#N)/C#N)=O)S5)=C6C=C94)=C9S3,371
12,394,validation,in-house,456,O=C(C1=C(SC(C2=CC=C(S2)C3=CC(C(C4=CC(F)=C(S4)SCCCCCCCC)=C5SC(C)=CC5=C6C7=CC(F)=C(S7)SCCCCCCCC)=C6S3)=C18)C9=CC=C(S9)C)C%10=C(SC(CCCCCCCC)=C%10C8=O)CCCCCCCC||N#C/C(C#N)=C(C1=CC=CC=C1C2=O)/C2=C/C3=CC4=C(C5=C(C=C6C(C(CCCCCC)(CCCCCC)C7=C6SC(/C=C8/C(C9=CC=CC=C9C8=O)=C(C#N)/C#N)=C7)=C5)C4(CCCCCC)CCCCCC)S3,372
12,395,train,in-house,457,FC1=C(C(OCC(CCCC)CC)=O)SC2=CSC(C3=CC4=C(C5=C(C(C6=CC=C(CC(CC)CCCC)S6)=C4S3)C=CS5)C7=CC=C(CC(CC)CCCC)S7)=C12||O=C(/C(SC1=S)=C/C2=CC=C(S2)C3=CC=C(S3)/C=C4SC(N(C\4=O)CCCCCCCC)=S)N1CCCCCCCC,373
12,396,validation,in-house,458,CCCCCCC(C=C1)=CC=C1SC(C([H])=C2[H])=CC=C2C(C3=C(C(C4=CC=C(C([H])=C4[H])SC5=CC=C(C=C5)CCCCCC)=C6S7)C=C(C)S3)=C6C=C7C(S8)=CC=C8C(SC(C9=CC=C(C)S9)=C%10%11)=C%10C(C%12=C(CC(CC)CCCCCC)SC(CC(CC)CCCCCC)=C%12C%11=O)=O||O=C(C1=CSC=C1C/2=C(C#N)\C#N)C2=C/C3=CC(SC(C(C=C4C5(C6=CC=C(C=C6)CCCCCCCC)C7=CC=C(CCCCCCCC)C=C7)=C8C=C4C9=C5C%10=C(C=C(S%10)/C=C%11C(C%12=CSC=C%12C\%11=C(C#N)\C#N)=O)S9)=C%13C8(C%14=CC=C(C=C%14)CCCCCCCC)C%15=CC=C(CCCCCCCC)C=C%15)=C%13S3,374
12,397,train,in-house,459,O=C(C1=C(CCC(CCCC)CC)SC(CCC(CC)CCCC)=C1C2=O)C(C2=C(C3)C(C4)=CC=C4C5=CC6=C(C(C7=CC=C(CCC(CCCC)CC)S7)=C8C=CSC8=C6C9=CC=C(CCC(CCCC)CC)S9)S5)=C3C%10=CC=CS%10||c1cc2c(cc1)C(=O)/C(=C\c1ccc([se]1)c1sc3c(c1)C(c1c3cc3c(c1)c1c(C3(c3ccc(cc3)CCCCCC)c3ccc(cc3)CCCCCC)cc(s1)c1[se]c(cc1)/C=C/1\C(=O)c3c(C1=C(C#N)C#N)cccc3)(c1ccc(cc1)CCCCCC)c1ccc(cc1)CCCCCC)/C2=C(C#N)C#N,375
12,398,train,in-house,460,CC1=CC(C(C2=CC=C(S2)CC(CC)CCCC)=C3SC(C4=CC(C(OCC(CCCCCC)CCCC)=O)=C(S4)C5=CC=C(S5)C)=CC3=C6C7=CC=C(S7)CC(CCCC)CC)=C6S1||c12cc3c(cc1C(c1c2sc2c1sc(c2)/C=C\1/C(=C(C#N)C#N)c2c(C1=O)cccc2)(c1ccc(cc1)CCCCCC)c1ccc(cc1)CCCCCC)c1c(C3(c2ccc(cc2)CCCCCC)c2ccc(cc2)CCCCCC)c2c(s1)cc(s2)/C=C\1/C(=C(C#N)C#N)c2c(C1=O)cccc2,376
12,399,train,in-house,461,O=C(C1=C(CCC(CCCC)CC)SC(CCC(CC)CCCC)=C1C2=O)C(C2=C(C3)C(C4)=CC=C4C5=CC6=C(C(C7=CC=C(CCC(CCCC)CC)S7)=C8C=CSC8=C6C9=CC=C(CCC(CCCC)CC)S9)S5)=C3C%10=CC=CS%10||O=C(C1=C(C=CC=C1)C/2=C(C#N)\C#N)C2=C/C3=CC(C4(C(C=C5)=CC=C5CCCCCC)C(C=C6)=CC=C6CCCCCC)=C(C(SC7=C8)=C4C7=CC9=C8C%10=C(C(SC(/C=C%11/C(C(C=CC=C%12)=C%12C%11=O)=C(C#N)/C#N)=C%13)=C%13C%10(C(C=C%14)=CC=C%14CCCCCC)C%15=CC=C(C=C%15)CCCCCC)S9)S3,377
12,400,train,in-house,462,CC1=CC2=C(C3=C(C(C4=CC=C(S4)CC(CCCC)CC)=C2C1)C=C(C5=CC=C(C)S5C(C)=O)S3)C6=CC=C(S6)CC(CCCC)CC||c12cc3c(cc1C(c1c2sc2c1sc(c2)/C=C\1/C(=C(C#N)C#N)c2c(C1=O)cccc2)(c1ccc(cc1)CCCCCC)c1ccc(cc1)CCCCCC)c1c(C3(c2ccc(cc2)CCCCCC)c2ccc(cc2)CCCCCC)c2c(s1)cc(s2)/C=C\1/C(=C(C#N)C#N)c2c(C1=O)cccc2,378
12,401,train,in-house,463,O=C(C1=C(CCC(CCCC)CC)SC(CCC(CC)CCCC)=C1C2=O)C(C2=C(C3)C(C4)=CC=C4C5=CC6=C(C(C7=CC=C(CCC(CCCC)CC)S7)=C8C=CSC8=C6C9=CC=C(CCC(CCCC)CC)S9)S5)=C3C%10=CC=CS%10||O=C(C(C=CC=C1)=C1C/2=C(C#N)\C#N)C2=C/C3=CC(C4(C(C=C5)=CC=C5CCCCCC)C6=CC=C(C=C6)CCCCCC)=C(C(SC7=C8)=C4C7=CC9=C8C(C(C%10=CC=C(C=C%10)CCCCCC)(C%11=C%12SC(/C=C%13C(C(C=CC=C%14)=C%14C\%13=C(C#N)\C#N)=O)=C%11)C%15=CC=C(C=C%15)CCCCCC)=C%12S9)S3,377
12,402,train,in-house,464,O=C(C1=C(CCC(CCCC)CC)SC(CCC(CC)CCCC)=C1C2=O)C(C2=C(C3)C(C4)=CC=C4C5=CC6=C(C(C7=CC=C(CCC(CCCC)CC)S7)=C8C=CSC8=C6C9=CC=C(CCC(CCCC)CC)S9)S5)=C3C%10=CC=CS%10||N#CC(C(C#N)=N1)=NC2=C1/C(C3=C2C=CC=C3)=C\C4=CC(C(C5=CC=C(CCCCCC)C=C5)(C6=CC=C(CCCCCC)C=C6)C7=C8SC9=C7C(OCC(CCCC)CC)=C%10SC%11=C(C(C%12=CC=C(CCCCCC)C=C%12)(C%13=CC=C(CCCCCC)C=C%13)C%14=C%11SC(/C=C%15C(C=CC=C%16)=C%16C(N=C%17C#N)=C/%15N=C%17C#N)=C%14)C%10=C9OCC(CCCC)CC)=C8S4,379
12,403,test,in-house,465,FC(C(F)=C(C1=N2)C3=CC=C(S3)C4=CC5=C(C6=C(C(C7=CC(Cl)=C(S7)CC(CCCC)CC)=C5S4)C=C(C)S6)C8=CC(Cl)=C(S8)CC(CCCC)CC)=C(C9=CC=C(C)S9)C1=NN2CCC(CCCCCC)CCCCCCCC||c1(cc2c(cc1F)C(=O)/C(=C\c1cc3c(s1)c1c(s3)c3c(C1(c1ccc(cc1)CCCCCC)c1ccc(cc1)CCCCCC)cc1c(c3)C(c3c1sc1c3sc(c1)/C=C/1\C(=O)c3c(C1=C(C#N)C#N)cc(c(c3)F)F)(c1ccc(cc1)CCCCCC)c1ccc(cc1)CCCCCC)/C2=C(C#N)C#N)F,144
12,404,train,in-house,466,O=C(C1=C(CCC(CCCC)CC)SC(CCC(CC)CCCC)=C1C2=O)C(C2=C(C3)C(C4)=CC=C4C5=CC6=C(C(C7=CC=C(CCC(CCCC)CC)S7)=C8C=CSC8=C6C9=CC=C(CCC(CCCC)CC)S9)S5)=C3C%10=CC=CS%10||O=C(C1=C(C=C([H])C([H])=C1)C/2=C(C#N)\C#N)C2=C/C3=CC(C4(CC(CC)CCCC)CC(CC)CCCC)=C(S3)C(S5)=C4C=C5C(C6=NSN=C76)=CC=C7C8=CC9=C(C%10=C(C9(CC(CCC)CCCC)CC(CC)CCCC)C=C(/C=C%11C(C%12=C(C=C([H])C([H])=C%12)C\%11=C(C#N)\C#N)=O)S%10)S8,380
12,405,train,in-house,467,O=C(C1=C(CCC(CCCC)CC)SC(CCC(CC)CCCC)=C1C2=O)C(C2=C(C3)C(C4)=CC=C4C5=CC6=C(C(C7=CC=C(CCC(CCCC)CC)S7)=C8C=CSC8=C6C9=CC=C(CCC(CCCC)CC)S9)S5)=C3C%10=CC=CS%10||O=C(C1=C(C=C(F)C(F)=C1)C/2=C(C#N)\C#N)C2=C/C3=CC(CCCCCCCC)=C(C4=CC5=C(C(C=C6C(C7=CC=C(CCCCCC)C=C7)(C8=CC=C(CCCCCC)C=C8)C9=C(SC(C%10=C(CCCCCCCC)C=C(/C=C%11C(C%12=C(C=C(F)C(F)=C%12)C\%11=C(C#N)\C#N)=O)S%10)=C9)C6=C%13)=C%13C5(C%14=CC=C(C=C%14)CCCCCC)C%15=CC=C(CCCCCC)C=C%15)S4)S3,381
12,406,test,in-house,468,O=C(C1=C(CCC(CCCC)CC)SC(CCC(CC)CCCC)=C1C2=O)C(C2=C(C3)C(C4)=CC=C4C5=CC6=C(C(C7=CC=C(CCC(CCCC)CC)S7)=C8C=CSC8=C6C9=CC=C(CCC(CCCC)CC)S9)S5)=C3C%10=CC=CS%10||ClC(C(Cl)=C1)=CC2=C1C(/C(C2=O)=C/C(S3)=CC4=C3C(C(C5=CC=C(CCCCCC)C=C5)(C6=CC=C(CCCCCC)C=C6)C7=C8C=C9C(C(SC%10=C%11SC%12=C%10C(C%13=CC=C(CCCCCC)C=C%13)(C%14=CC=C(CCCCCC)C=C%14)C%15=C%12C=C%16C(C(SC%17=C%18SC(/C=C%19C(C(C=C(Cl)C(Cl)=C%20)=C%20C\%19=C(C#N)\C#N)=O)=C%17)=C%18C%16(C%21=CC=C(CCCCCC)C=C%21)C%22=CC=C(CCCCCC)C=C%22)=C%15)=C%11C9(C%23=CC=C(CCCCCC)C=C%23)C%24=CC=C(CCCCCC)C=C%24)=C7)=C8S4)=C(C#N)/C#N,382
12,407,test,in-house,469,O=C(C1=C(CCC(CCCC)CC)SC(CCC(CC)CCCC)=C1C2=O)C(C2=C(C3)C(C4)=CC=C4C5=CC6=C(C(C7=CC=C(CCC(CCCC)CC)S7)=C8C=CSC8=C6C9=CC=C(CCC(CCCC)CC)S9)S5)=C3C%10=CC=CS%10||O=C(/C(S/1)=C/C(C2=NSN=C32)=CC=C3C4=CC(SC5=C6C(C(C=C7)=CC=C7CCCCCC)(C(C=C8)=CC=C8CCCCCC)C(C5=C9)=CC%10=C9C(C%11=CC=C(CCCCCC)C=C%11)(C%12=CC=C(C=C%12)CCCCCC)C%13=C%10SC%14=C%13SC(C(C%15=NSN=C%16%15)=CC=C%16/C=C(C%17=O)\S/C(N%17CCCCCCCC)=C(C#N)/C#N)=C%14)=C6S4)N(CCCCCCCC)C1=C(C#N)\C#N,383
12,408,test,in-house,470,O=C(C1=C(CCC(CCCC)CC)SC(CCC(CC)CCCC)=C1C2=O)C(C2=C(C3)C(C4)=CC=C4C5=CC6=C(C(C7=CC=C(CCC(CCCC)CC)S7)=C8C=CSC8=C6C9=CC=C(CCC(CCCC)CC)S9)S5)=C3C%10=CC=CS%10||[Cl]C1=CC2=C(C(/C(C2=O)=C/C3=CC4=C(C5=C(C4(CCCCCC)CCCCCC)C=C(C6=CC7=C(C8=C(C7(CCCCCC)CCCCCC)C=C(/C=C9C(C(C=C(C([Cl])=C%10)[Cl])=C%10C\9=C(C#N)\C#N)=O)S8)S6)S5)S3)=C(C#N)\C#N)C=C1[Cl],384
12,409,validation,in-house,471,c1csc2c1c(c1c(c2c2cc(c(s2)CCCCCCCC)CCCCCCCC)cc(s1)c1sc(c(c1)CCCCCC)c1sc2c(n1)sc(n2)c1sccc1CCCCCC)c1cc(c(s1)CCCCCCCC)CCCCCCCC||c12cc3c(cc1C(c1c2sc2c1sc(c2)/C=C\1/C(=C(C#N)C#N)c2c(C1=O)cccc2)(c1cccc(c1)OCCCCCC)c1cc(ccc1)OCCCCCC)c1c(C3(c2cc(ccc2)OCCCCCC)c2cccc(c2)OCCCCCC)c2c(s1)cc(s2)/C=C\1/C(=C(C#N)C#N)c2c(C1=O)cccc2,385
12,410,train,in-house,472,c1cc2c(s1)c(c1c(c2c2ccc(s2)C[C@@H](CC)CCCC)sc(c1)c1ccc(s1)c1sc(c2c1C(=O)c1c(C2=O)c(sc1C[C@@H](CC)CCCC)C[C@H](CC)CCCC)c1cccs1)c1ccc(s1)C[C@@H](CC)CCCC||c12cc3c(cc1C(c1c2sc2c1sc(c2)/C=C\1/C(=C(C#N)C#N)c2c(C1=O)cccc2)(c1ccc(cc1)CCCCCC)c1ccc(cc1)CCCCCC)c1c(C3(c2ccc(cc2)CCCCCC)c2ccc(cc2)CCCCCC)c2c(s1)cc(s2)/C=C\1/C(=C(C#N)C#N)c2c(C1=O)cccc2,386
12,411,test,in-house,474,[H]C1=C(SC(CC(CC)CCCC)=C1[Cl])C(C2=C3SC(C)=C2)=C4SC(C5=CC=C(S5)C6=C(C(F)=C(C7=NN(N=C67)CC(CCCCCCCC)CCCCCC)C8=CC=C(C)S8)F)=CC4=C3C9=C([H])C([Cl])=C(CC(CCCC)CC)S9||c1(cc2c(cc1F)C(=O)/C(=C\c1cc3c(s1)c1c(s3)c3c(C1(c1ccc(cc1)CCCCCC)c1ccc(cc1)CCCCCC)cc1c(c3)C(c3c1sc1c3sc(c1)/C=C/1\C(=O)c3c(C1=C(C#N)C#N)cc(c(c3)F)F)(c1ccc(cc1)CCCCCC)c1ccc(cc1)CCCCCC)/C2=C(C#N)C#N)F,387
12,412,train,in-house,475,O=C(C1=C(CCC(CCCC)CC)SC(CCC(CC)CCCC)=C1C2=O)C(C2=C(C3)C(C4)=CC=C4C5=CC6=C(C(C7=CC=C(CCC(CCCC)CC)S7)=C8C=CSC8=C6C9=CC=C(CCC(CCCC)CC)S9)S5)=C3C%10=CC=CS%10||O=C(C(C=CC(F)=C1)=C1C/2=C(C#N)/C#N)C2=C/C3=CC(N4CC(CCCCCCCC)CCCCCC)=C(S3)C5=C4C6=C(OCCCCCC)C(S7)=C(C(OCCCCCC)=C6S5)C8=C7C(S9)=C(N8CC(CCCCCC)CCCCCCCC)C=C9/C=C(C%10=O)/C(C%11=C%10C=CC(F)=C%11)=C(C#N)/C#N,388
12,413,test,in-house,476,[Cl]C1=C(CC)SC(C2=C3C(C=C(C)C3)C(C4=CC([Cl])=C(S4)CC)=C5SC(C6=CC=C(S6)C7=C(C(C8=C(SC(CC)=C8C9=O)CC)=O)C9=C(C%10=CC=C(S%10)C)S7)=CC25)=C1||O=C(C(C=C(C(Cl)=C1)Cl)=C1C/2=C(C#N)\C#N)C2=C/C3=CC(C4(C5=CC=C(C=C5)CCCCCC)C(C=C6)=CC=C6CCCCCC)=C(C(C=C7C8(C(C=C9)=CC=C9CCCCCC)C(C=C%10)=CC=C%10CCCCCC)=C4C=C7C%11=C8C=C(/C=C%12C(C(C=C(C(Cl)=C%13)Cl)=C%13C\%12=C(C#N)\C#N)=O)S%11)S3,389
12,414,train,in-house,477,CC(SC1=C2C3=CC=C(S3)CC(CCCC)CC)=CC1=C(C4=CC=C(S4)CC(CC)CCCC)C(S5)=C2C=C5C6=CC=C(C(C7=NN(N=C87)CC(CCCCCC)CCCC)=CC(C9=NN(N=C%109)CC(CCCC)CCCCCC)=C8C=C%10C%11=CC=C(C)S%11)S6||c12cc3c(cc1C(c1c2sc2c1sc(c2)/C=C\1/C(=C(C#N)C#N)c2c(C1=O)cccc2)(c1cccc(c1)CCCCCC)c1cc(ccc1)CCCCCC)c1c(C3(c2cc(ccc2)CCCCCC)c2cccc(c2)CCCCCC)c2c(s1)cc(s2)/C=C\1/C(=C(C#N)C#N)c2c(C1=O)cccc2,390
12,415,train,in-house,478,CC1=CC2=C(C3=C(C(C4=CC=C(S4)CC)=C2S1)C=C(C5=C(CCCCCC)C6=C(C=C(S6)C7=C(C(C8=C(SC(CCCCCCCC)=C8C9=O)CCCCCCCC)=O)C9=C(C%10=CC%11=C(S%10)C(CCCCCC)=C(C)S%11)S7)S5)S3)C%12=CC=C(S%12)CC||c12cc3c(cc1C(c1c2sc2c1sc(c2)/C=C\1/C(=C(C#N)C#N)c2c(C1=O)cccc2)(c1ccc(cc1)CCCCCC)c1ccc(cc1)CCCCCC)c1c(C3(c2ccc(cc2)CCCCCC)c2ccc(cc2)CCCCCC)c2c(s1)cc(s2)/C=C\1/C(=C(C#N)C#N)c2c(C1=O)cccc2,391
12,416,train,in-house,480,O=C(C1=C(CCC(CCCC)CC)SC(CCC(CC)CCCC)=C1C2=O)C(C2=C(C3)C(C4)=CC=C4C5=CC6=C(C(C7=CC=C(CCC(CCCC)CC)S7)=C8C=CSC8=C6C9=CC=C(CCC(CCCC)CC)S9)S5)=C3C%10=CC=CS%10||N#C/C(C#N)=C(C1=CC=CC=C1C2=O)\C2=C\C3=CC=C(C4=CC(OC5(C6=CC=C(CCCCCC)C=C6)C7=CC=C(CCCCCC)C=C7)=C(S4)C(C=C89)=C5C=C8C%10=C(C=C(C%11=CC=C(/C=C%12/C(C%13=CC=CC=C%13C%12=O)=C(C#N)\C#N)S%11)S%10)OC9(C%14=CC=C(C=C%14)CCCCCC)C%15=CC=C(CCCCCC)C=C%15)S3,392
12,417,train,in-house,481,FC(C(F)=C(C1=NN(N=C21)CCC)C3=CC(CC(CCCCCCCCCC)CCCCCCCCCCCC)=C(S3)C4=CC=C(S4)C5=CC(F)=C(C=C5F)C6=CC=C(C)S6)=C2C7=CC(CC(CCCCCCCCCCCC)CCCCCCCCCC)=C(C)S7||O=C(C1=CC=CC=C1C/2=C(C#N)\C#N)C2=C/C3=CC4=C(C(C(C5=CC=C(CCCCCC)S5)(C6=C7C=C8C(C9=CC=C(S9)CCCCCC)(C%10=CC=C(S%10)CCCCCC)C%11=C(SC%12=C%11SC(/C=C%13C(C%14=CC=CC=C%14C\%13=C(C#N)\C#N)=O)=C%12)C8=C6)C(S%15)=CC=C%15CCCCCC)=C7S4)S3,393
12,418,test,in-house,482,O=C(C1=C(CCC(CCCC)CC)SC(CCC(CC)CCCC)=C1C2=O)C(C2=C(C3)C(C4)=CC=C4C5=CC6=C(C(C7=CC=C(CCC(CCCC)CC)S7)=C8C=CSC8=C6C9=CC=C(CCC(CCCC)CC)S9)S5)=C3C%10=CC=CS%10||O=C1C(/C(C2=CSC=C21)=C(C#N)\C#N)=C\C3=CC4=C(C(C=C5C(C6=CC=C(CCCCCC)C=C6)(C7=CC=C(CCCCCC)C=C7)C8=C(SC9=C8SC(/C=C%10C(C%11=CSC=C%11C\%10=C(C#N)/C#N)=O)=C9)C5=C%12)=C%12C4(C%13=CC=C(CCCCCC)C=C%13)C%14=CC=C(CCCCCC)C=C%14)S3,394
12,419,test,in-house,483,O=C(C1=C(CCC(CCCC)CC)SC(CCC(CC)CCCC)=C1C2=O)C(C2=C(C3)C(C4)=CC=C4C5=CC6=C(C(C7=CC=C(CCC(CCCC)CC)S7)=C8C=CSC8=C6C9=CC=C(CCC(CCCC)CC)S9)S5)=C3C%10=CC=CS%10||N#C/C(C#N)=C(C1=CC=CC=C1C2=O)/C2=C/C3=CC4=C(C5=C(C=C6C(C(CCCCCC)(CCCCCC)C7=C6SC(/C=C8/C(C9=CC=CC=C9C8=O)=C(C#N)/C#N)=C7)=C5)C4(CCCCCC)CCCCCC)S3,395
12,420,train,in-house,484,CC1=CC(C(C2=CC=C(CC(CCCC)CCCCCC)S2)=C3SC(C4=C(CCCCCCCC)C=C(C5=C(C(F)=C(C6=NSN=C56)C7=CC(CCCCCCCC)=C(S7)C)F)S4)=CC3=C8C9=CC=C(CC(CCCC)CCCCCC)S9)=C8S1||c12cc3c(cc1C(c1c2sc2c1sc(c2)/C=C\1/C(=C(C#N)C#N)c2c(C1=O)cccc2)(c1ccc(cc1)CCCCCC)c1ccc(cc1)CCCCCC)c1c(C3(c2ccc(cc2)CCCCCC)c2ccc(cc2)CCCCCC)c2c(s1)cc(s2)/C=C\1/C(=C(C#N)C#N)c2c(C1=O)cccc2,396
12,421,train,in-house,485,FC1=C(C(OCC(CCCC)CC)=O)SC2=CSC(C3=CC4=C(C5=C(C(C6=CC=C(CC(CC)CCCC)S6)=C4S3)C=CS5)C7=CC=C(CC(CC)CCCC)S7)=C12||FC1=C(C2=CC=C(S2)/C=C3S/C(N(C/3=O)CCCCCCCC)=C(C#N)\C#N)C4=NSN=C4C(C5=CC(C6(C7=CC=C(C=C7)CCCCCC)C(C=C8)=CC=C8CCCCCC)=C(C9=C6C=C%10C(C(C(C=C%11)=CC=C%11CCCCCC)(C%12=C%10SC(C%13=CC(F)=C(C%14=NSN=C%13%14)C%15=CC=C(S%15)/C=C%16S/C(N(C/%16=O)CCCCCCCC)=C(C#N)/C#N)=C%12)C(C=C%17)=CC=C%17CCCCCC)=C9)S5)=C1,397
12,422,validation,in-house,486,O=C(C1=C(CCC(CCCC)CC)SC(CCC(CC)CCCC)=C1C2=O)C(C2=C(C3)C(C4)=CC=C4C5=CC6=C(C(C7=CC=C(CCC(CCCC)CC)S7)=C8C=CSC8=C6C9=CC=C(CCC(CCCC)CC)S9)S5)=C3C%10=CC=CS%10||c1(c(cc2c(c1)C(=O)/C(=C\c1sc3c(c1)sc1c3C(c3c1cc1c(c3)c3c(C1(c1ccc(cc1)C)c1ccc(cc1)C)c1c(s3)cc(s1)c1sc(cc1)c1c(c(c(c3c1nsn3)c1ccc(s1)c1sc3c(c1)sc1c3C(c3c1cc1c(c3)c3c(C1(c1ccc(cc1)C)c1ccc(cc1)C)c1c(s3)cc(s1)/C=C/1\C(=O)c3c(C1=C(C#N)C#N)cc(c(c3)F)F)(c1ccc(cc1)C)c1ccc(cc1)C)C#N)C#N)(c1ccc(cc1)C)c1ccc(cc1)C)/C2=C(C#N)C#N)F)F,398
12,423,train,in-house,487,CC1=CC=C(S1)C2=C3C(C(N(C3=O)CCCCCCCC)=O)=C(C4=NN(N=C24)CCCCCCCC)C5=CC=C(S5)C6=CC7=C(C8=C(C(C9=CC=C(S9)SCC(CC)CCCC)=C7S6)C=C(C)S8)C%10=CC=C(S%10)SCC(CCCC)CC||c12cc3c(cc1C(c1c2sc2c1sc(c2)/C=C\1/C(=C(C#N)C#N)c2c(C1=O)cccc2)(c1ccc(cc1)CCCCCC)c1ccc(cc1)CCCCCC)c1c(C3(c2ccc(cc2)CCCCCC)c2ccc(cc2)CCCCCC)c2c(s1)cc(s2)/C=C\1/C(=C(C#N)C#N)c2c(C1=O)cccc2,399
12,424,train,in-house,488,CC1=CC(C(S1)=C(C2=C3SC(C4=CC=C(C5=C6C(C(C7=C(SC(CCCCCCCC)=C7C6=O)CCCCCCCC)=O)=C(C8=CC=C(C)S8)S5)S4)=C2)C9=CC=C(S9)CC(CC)CCCC)=C3C%10=CC=C(S%10)CC(CCCC)CC||O=C(C(C=CC=C1)=C1C/2=C(C#N)\C#N)C2=C/C(S3)=CC=C3C4=CC5=C(C(C6(C7=CC=C(C=C7)CCCCCC)C(C=C8)=CC=C8CCCCCC)=C(C(C=C9C%10(C(C=C%11)=CC=C%11CCCCCC)C(C=C%12)=CC=C%12CCCCCC)=C6C=C9C%13=C%10C%14=C(C=C(S%14)C%15=CC=C(S%15)/C=C%16C(C%17=C(C=CC=C%17)C\%16=C(C#N)\C#N)=O)S%13)S5)S4,400
12,425,train,in-house,489,FC(C(F)=C(C1=NN(N=C21)CCC(CCCC)CCCCCC)C3=CC=C(S3)C)=C2C(S4)=CC=C4C5=CC(C(CCCC(CCCCCC)CCCC)=C6SC(C)=CC6=C7CCCC(CCCC)CCCCCC)=C7S5||O=C1C2=C(C=C(F)C=C2)C(/C1=C/C(S3)=CC4=C3C(SC5=C6SC7=C5OC(C8=CC=C(CCCCCC)C=C8)(C9=CC=C(CCCCCC)C=C9)C%10=C7SC(/C=C%11/C(C(C=CC(F)=C%12)=C%12C%11=O)=C(C#N)\C#N)=C%10)=C6OC4(C%13=CC=C(CCCCCC)C=C%13)C%14=CC=C(CCCCCC)C=C%14)=C(C#N)/C#N,401
12,426,train,in-house,490,FC1=C(C(OCC(CCCC)CC)=O)SC2=CSC(C3=CC4=C(C5=C(C(C6=CC=C(CC(CC)CCCC)S6)=C4S3)C=CS5)C7=CC=C(CC(CC)CCCC)S7)=C12||CCC(CC)(O1)C2=CC(C3=C(OC4(CC)CC)C=C(C5=C6C=C(C(OCCCCCCCC)=O)SC6=C(/C=C7/C(C(C=C(F)C=C8)=C8C7=O)=C(C#N)/C#N)S5)S3)=C4C=C2C(S9)=C1C=C9C(SC(/C=C%10C(C%11=C(C/%10=C(C#N)\C#N)C=C(F)C=C%11)=O)=C%12S%13)=C%12C=C%13C(OCCCCCCCC)=O,402
12,427,train,in-house,491,CC1=CC=C(C2=CC(C(N=C(C(C3=CC=C(S3)CCCCCCCC)=N4)C5=CC=C(S5)CCCCCCCC)=C4C(C6=CC=C(C7=CC8=C(C9=CC=C(CC(CCCCCC)CCCC)S9)C(SC(C)=C%10)=C%10C(C%11=CC=C(CC(CCCCCC)CCCC)S%11)=C8S7)S6)=C%12)=C%12C%13=C2N=C(C%14=CC=C(S%14)CCCCCCCC)C(C%15=CC=C(S%15)CCCCCCCC)=N%13)S1||c12cc3c(cc1C(c1c2sc2c1sc(c2)/C=C\1/C(=C(C#N)C#N)c2c(C1=O)cccc2)(c1ccc(cc1)CCCCCC)c1ccc(cc1)CCCCCC)c1c(C3(c2ccc(cc2)CCCCCC)c2ccc(cc2)CCCCCC)c2c(s1)cc(s2)/C=C\1/C(=C(C#N)C#N)c2c(C1=O)cccc2,403
12,428,validation,in-house,492,FC1=C(C(OCC(CCCC)CC)=O)SC2=CSC(C3=CC4=C(C5=C(C(C6=CC=C(CC(CC)CCCC)S6)=C4S3)C=CS5)C7=CC=C(CC(CC)CCCC)S7)=C12||O=C(N(C(N(C/1=O)CC)=S)CC)C1=C\C(S2)=CC3=C2C4=C(S3)C(C=C5C(C6=CC=C(C=C6)CCCCCC)(C7=CC=C(C=C7)CCCCCC)C8=C(SC9=C8SC(/C=C%10C(N(C(N(C\%10=O)CC)=S)CC)=O)=C9)C5=C%11)=C%11C(C%12=CC=C(C=C%12)CCCCCC)4C(C=C%13)=CC=C%13CCCCCC,404
12,429,train,in-house,493,CC1=CC(C(C2=CC=C(S2)CC(CCCC)CC)=C3SC(C4=C(F)C(F)=C(C)S4)=CC3=C5C6=CC=C(S6)CC(CCCC)CC)=C5S1||c12cc3c(cc1C(c1c2sc2c1sc(c2)/C=C\1/C(=C(C#N)C#N)c2c(C1=O)cccc2)(c1ccc(cc1)CCCCCC)c1ccc(cc1)CCCCCC)c1c(C3(c2ccc(cc2)CCCCCC)c2ccc(cc2)CCCCCC)c2c(s1)cc(s2)/C=C\1/C(=C(C#N)C#N)c2c(C1=O)cccc2,405
12,430,test,in-house,494,FC(C=C(C1=C2SC=CC2=C(C3=CC(F)=C(CC(CCCC)CC)S3)C4=C1C=C(C5=CC=C(C6=C(C(C(C7=C(CC(CCCC)CC)SC(CC(CC)CCCC)=C78)=O)=C(C9=CC=CC9)S6)C8=O)S5)S4)S%10)=C%10CC(CC)CCCC||[F]C1=C(C(F)=C(C(C2=CC(C(CC(CCCC)CC)(CC(CCCC)CC)C3=C4SC(/C=C5C(C6=CC(F)=C(C=C6C\5=C(C#N)\C#N)F)=O)=C3)=C4S2)=C1F)[F])C7=CC8=C(C9=C(C8(CC(CCCC)CC)CC(CCCC)CC)C=C(/C=C%10C(C%11=CC(F)=C(C=C%11C\%10=C(C#N)/C#N)S)=O)S9)S7,406
12,431,test,in-house,495,CC1=CC(C(S1)=C(C2=C3SC(C4=CC=C(C5=C6C(C(C7=C(SC(CCCCCCCC)=C7C6=O)CCCCCCCC)=O)=C(C8=CC=C(C)S8)S5)S4)=C2)C9=CC=C(S9)CC(CC)CCCC)=C3C%10=CC=C(S%10)CC(CCCC)CC||c12cc3c(cc1C(c1c2sc2c1sc(c2)/C=C\1/C(=C(C#N)C#N)c2c(C1=O)cccc2)(c1ccc(cc1)CCCCCC)c1ccc(cc1)CCCCCC)c1c(C3(c2ccc(cc2)CCCCCC)c2ccc(cc2)CCCCCC)c2c(s1)cc(s2)/C=C\1/C(=C(C#N)C#N)c2c(C1=O)cccc2,407
12,432,test,in-house,496,c1csc2c1c(c1c(c2c2cc(c(s2)CCCCCCCC)CCCCCCCC)cc(s1)c1sc(c(c1)CCCCCC)c1sc2c(n1)sc(n2)c1sccc1CCCCCC)c1cc(c(s1)CCCCCCCC)CCCCCCCC||c12cc3c(cc1C(c1c2sc2c1sc(c2)/C=C\1/C(=C(C#N)C#N)c2c(C1=O)cccc2)(c1ccc(cc1)OCCCCCC)c1ccc(cc1)OCCCCCC)c1c(C3(c2ccc(cc2)OCCCCCC)c2ccc(cc2)OCCCCCC)c2c(s1)cc(s2)/C=C\1/C(=C(C#N)C#N)c2c(C1=O)cccc2,408
12,433,test,in-house,497,O=C(C1=C(CCC(CCCC)CC)SC(CCC(CC)CCCC)=C1C2=O)C(C2=C(C3)C(C4)=CC=C4C5=CC6=C(C(C7=CC=C(CCC(CCCC)CC)S7)=C8C=CSC8=C6C9=CC=C(CCC(CCCC)CC)S9)S5)=C3C%10=CC=CS%10||FC(C=C1C2=CC(C3(CC(CCCC)CC)CC(CCCC)CC)=C(S2)C(S4)=C3C=C4/C=C(C(C5=CC(Cl)=C(C=C56)Cl)=O)/C6=C(C#N)/C#N)=C(C=C1F)C7=CC8=C(C9=C(C8(CC(CCCC)CC)CC(CCCC)CC)C=C(/C=C%10C(C%11=CC(Cl)=C(C=C%11C\%10=C(C#N)\C#N)Cl)=O)S9)S7,409
12,434,test,in-house,498,CC1=CC(C(S1)=C(C2=C3SC(C(S4)=CC=C4C5=C6C(C(C7=C(SC(CCCCCCCC)=C7C6=O)CCCCCCCC)=O)=C(S5)C8=CC=C(C)S8)=C2)C9=CC=C(S9)CC)=C3C%10=CC=C(S%10)CC||c12cc3c(cc1C(c1c2sc2c1sc(c2)/C=C\1/C(=C(C#N)C#N)c2c(C1=O)cccc2)(c1ccc(cc1)CCCCCC)c1ccc(cc1)CCCCCC)c1c(C3(c2ccc(cc2)CCCCCC)c2ccc(cc2)CCCCCC)c2c(s1)cc(s2)/C=C\1/C(=C(C#N)C#N)c2c(C1=O)cccc2,410
12,435,test,in-house,500,O=C(C1=C(CCC(CCCC)CC)SC(CCC(CC)CCCC)=C1C2=O)C(C2=C(C3)C(C4)=CC=C4C5=CC6=C(C(C7=CC=C(CCC(CCCC)CC)S7)=C8C=CSC8=C6C9=CC=C(CCC(CCCC)CC)S9)S5)=C3C%10=CC=CS%10||O=C(C1=CC=CC=C1C/2=C(C#N)/C#N)C2=C/C3=CC(SC4=C5C(CCCCCCCC)(CCCCCCCC)C6=C4C=C7C(C8=CC(C(C9=C%10SC%11=C9SC(/C=C%12C(C%13=C(C=CC=C%13)C\%12=C(C#N)/C#N)=O)=C%11)(CCCCCCCC)CCCCCCCC)=C%10C=C8C7(CCCCCCCC)CCCCCCCC)=C6)=C5S3,411
12,436,train,in-house,501,FC1=C(C(OCC(CCCC)CC)=O)SC2=CSC(C3=CC4=C(C5=C(C(C6=CC=C(CC(CC)CCCC)S6)=C4S3)C=CS5)C7=CC=C(CC(CC)CCCC)S7)=C12||c1c2c(cc(c1F)F)C(=O)/C(=C\c1cc(c(s1)c1sc3c(c1)[Si@](c1c3sc(c1)c1c(cc(s1)/C=C\1/C(=C(C#N)C#N)c3c(C1=O)cc(c(c3)F)F)OC[C@H](CCCC)CC)(C[C@@H](CC)CCCC)C[C@H](CC)CCCC)OC[C@H](CCCC)CC)/C2=C(C#N)C#N,412
12,437,validation,in-house,502,O=C1C2=C(CC(CC)CCCC)SC(CC(CC)CCCC)=C2C(C3=C(C4=CC=C(C5=CC(C(C6=CC(F)=C(CC(CC)CCCC)S6)=C(SC=C7)C7=C8C9=CC(F)=C(CC(CC)CCCC)S9)=C8S5)S4)SC(C%10=CC=CS%10)=C31)=O||O=C(C(C=CC=C1)=C1C/2=C(C#N)\C#N)C2=C/C3=CC4=C(C5=C(S4)C(C6(C7=CC=C(CCCCCCCC)C=C7)C8=CC=C(CCCCCCCC)C=C8)=C(C9=CC%10=C(C%11=C(C%10(C%12=CC=C(C=C%12)CCCCCCCC)C%13=CC=C(C=C%13)CCCCCCCC)C(SC%14=C%15SC(/C=C%16C(C%17=CC=CC=C%17C\%16=C(C#N)\C#N)=O)=C%14)=C%15S%11)C=C96)S5)S3,413
12,438,train,in-house,503,O=C(C1=C(CCC(CCCC)CC)SC(CCC(CC)CCCC)=C1C2=O)C(C2=C(C3)C(C4)=CC=C4C5=CC6=C(C(C7=CC=C(CCC(CCCC)CC)S7)=C8C=CSC8=C6C9=CC=C(CCC(CCCC)CC)S9)S5)=C3C%10=CC=CS%10||CCN(C/1=O)/C(SC1=C/C2=C3SC(C(OCCCCCCCC)=O)=CC3=C(C4=CC5=C(C6=CC(C(C7=C8SC(C9=C%10C=C(C(OCCCCCCCC)=O)SC%10=C(/C=C(C%11=O)\S/C(N%11CC)=C(C#N)/C#N)S9)=C7)(C%12=CC=C(CCCCCC)C=C%12)C%13=CC=C(CCCCCC)C=C%13)=C8C=C6C5(C%14=CC=C(CCCCCC)C=C%14)C%15=CC=C(C=C%15)CCCCCC)S4)S2)=C(C#N)/C#N,414
12,439,validation,in-house,504,CC1=CC=C(S1)C2=C(C(F)=C(C3=NSN=C23)C4=CC=C(S4)C5=C(CC(CCCCCC)CCCCCCCC)C=C(C6=C(CC(CCCCCCCC)CCCCCC)C=C(C(C7=NON=C78)=C(C(F)=C8C9=CC(CC(CCCCCC)CCCCCCCC)=C(C%10=CC(CC(CCCCCC)CCCCCCCC)=C(C)S%10)S9)F)S6)S5)F||O=C(C1=CC=CC=C1C/2=C(C#N)\C#N)C2=C/C3=CC4=C(C(C(C5=CC=C(CCCCCC)S5)(C6=C7C=C8C(C9=CC=C(S9)CCCCCC)(C%10=CC=C(S%10)CCCCCC)C%11=C(SC%12=C%11SC(/C=C%13C(C%14=CC=CC=C%14C\%13=C(C#N)\C#N)=O)=C%12)C8=C6)C(S%15)=CC=C%15CCCCCC)=C7S4)S3,415
12,440,test,in-house,507,FC1=C(C2=CC=C(C3=CC4=C(C(C(C=C5F)=CC(F)=C5CC(CCCC)CC)=C6C=C(OC6=C4C(C=C7F)=CC(F)=C7CC(CC)CCCC)C)O3)S2)C8=NN(CC(CCCCCCCC)CCCCCC)N=C8C(C9=CC=C(C)S9)=C1F||c12cc3c(cc1C(c1c2sc2c1sc(c2)/C=C\1/C(=C(C#N)C#N)c2c(C1=O)cccc2)(c1cccc(c1)CCCCCC)c1cc(ccc1)CCCCCC)c1c(C3(c2cc(ccc2)CCCCCC)c2cccc(c2)CCCCCC)c2c(s1)cc(s2)/C=C\1/C(=C(C#N)C#N)c2c(C1=O)cccc2,416
12,441,train,in-house,508,c1(c2c3c(c(c4c2cc(s4)c2ccc(s2)c2sc(c4c2C(=O)c2c(C4=O)c(sc2C[C@@H](CC)CCCC)C[C@H](CC)CCCC)c2cccs2)c2ccc(s2)SC[C@@H](CC)CCCC)ccs3)ccc(s1)SC[C@@H](CC)CCCC||c1ccc2c(c1)C(=O)/C(=C/c1cc3c(s1)c1c(s3)c3c([C@@]1(c1ccc(cc1)SC[C@@H](CC)CCCC)c1ccc(cc1)SC[C@@H](CC)CCCC)cc1c(c3)[C@](c3c1sc1c3sc(c1)/C=C\1/C(=O)c3c(C1=C(C#N)C#N)cccc3)(c1ccc(cc1)SC[C@@H](CC)CCCC)c1ccc(cc1)SC[C@@H](CC)CCCC)/C2=C(C#N)C#N,417
12,442,test,in-house,509,O=C(C1=C(CC(CCCC)CC)SC(CC(CCCC)CC)=C12)C3=C(C4=CC=CS4)SC(C(S5)=CC=C5C6=CC7=C(C8=CC=C(CC(CCCC)CCCCCC)C=C8)C(SC=C9)=C9C(C%10=CC=C(CC(CCCCCC)CCCC)C=C%10)=C7S6)=C3C2=O||O=C(C(C=C(C=CC=C1)C1=C2)=C2C/3=C(C#N)\C#N)C3=C/C4=CC(C5(C6=CC=C(CCCCCC)C=C6)C7=CC=C(CCCCCC)C=C7)=C(C8=CC9=C(C%10=C(C9(C%11=CC=C(C=C%11)CCCCCC)C%12=CC=C(C=C%12)CCCCCC)C=C(/C=C%13C(C(C=C(C=CC=C%14)C%14=C%15)=C%15C\%13=C(C#N)\C#N)=O)S%10)C=C85)S4,418
12,443,train,in-house,510,O=C(C1=C(CCC(CCCC)CC)SC(CCC(CC)CCCC)=C1C2=O)C(C2=C(C3)C(C4)=CC=C4C5=CC6=C(C(C7=CC=C(CCC(CCCC)CC)S7)=C8C=CSC8=C6C9=CC=C(CCC(CCCC)CC)S9)S5)=C3C%10=CC=CS%10||O=C(C1=CC=CC=C1C/2=C(C#N)/C#N)C2=C/C3=CC(SC4=C5C(C(C=C6)=CC(F)=C6CCCCCC)(C(C=C7)=CC(F)=C7CCCCCC)C(C4=C8)=CC(C9=C%10C%11=C(C=C(S%11)/C=C%12C(C%13=CC=CC=C%13C\%12=C(C#N)/C#N)=O)S9)=C8C%10(C(C=C%14)=CC(F)=C%14CCCCCC)C%15=CC(F)=C(C=C%15)CCCCCC)=C5S3,419
12,444,validation,in-house,512,O=C(C1=C(CCC(CCCC)CC)SC(CCC(CC)CCCC)=C1C2=O)C(C2=C(C3)C(C4)=CC=C4C5=CC6=C(C(C7=CC=C(CCC(CCCC)CC)S7)=C8C=CSC8=C6C9=CC=C(CCC(CCCC)CC)S9)S5)=C3C%10=CC=CS%10||O=C(C1=CC([H])=CC=C1C/2=C(C#N)/C#N)C2=C/C3=CC(CC(CCCCCCCC)(CCCCCCCC)C4=CC(C5=C(OC6(CCCCCCCC)CCCCCCCC)C=C(/C=C7C(C8=CC([H])=CC=C8C\7=C(C#N)/C#N)=O)S5)=C6C=C94)=C9S3,420
12,445,train,in-house,513,O=C(C1=C(CCC(CCCC)CC)SC(CCC(CC)CCCC)=C1C2=O)C(C2=C(C3)C(C4)=CC=C4C5=CC6=C(C(C7=CC=C(CCC(CCCC)CC)S7)=C8C=CSC8=C6C9=CC=C(CCC(CCCC)CC)S9)S5)=C3C%10=CC=CS%10||O=C(C1=C(C/2=C(C#N)/C#N)C=C(F)C(F)=C1)C2=C/C3=CC=C(C4=CC(C(C5=C6C=C7C(C(SC(C8=CC=C(/C=C9C(C(C=C(F)C(F)=C%10)=C%10C\9=C(C#N)\C#N)=O)S8)=C%11)=C%11C7(C%12=CC=C(CCCCCC)C=C%12)C%13=CC=C(CCCCCC)C=C%13)=C5)(C%14=CC=C(CCCCCC)C=C%14)C%15=CC=C(CCCCCC)C=C%15)=C6S4)S3,421
12,446,train,in-house,514,s1cccc1c1sc(cc1C(=O)OC[C@H](CCCCCC)CCCC)c1cc(c(s1)c1sccc1)C(=O)OC[C@H](CCCCCC)CCCC||c12cc3c(cc1C(c1c2sc2c1sc(c2)/C=C\1/C(=C(C#N)C#N)c2c(C1=O)cccc2)(c1ccc(cc1)CCCCCC)c1ccc(cc1)CCCCCC)c1c(C3(c2ccc(cc2)CCCCCC)c2ccc(cc2)CCCCCC)c2c(s1)cc(s2)/C=C\1/C(=C(C#N)C#N)c2c(C1=O)cccc2,422
12,447,train,in-house,515,O=C(C1=C(CCC(CCCC)CC)SC(CCC(CC)CCCC)=C1C2=O)C(C2=C(C3)C(C4)=CC=C4C5=CC6=C(C(C7=CC=C(CCC(CCCC)CC)S7)=C8C=CSC8=C6C9=CC=C(CCC(CCCC)CC)S9)S5)=C3C%10=CC=CS%10||[H]C1=C(C(F)=C(C(C2=CC(C(CC(CCCC)CC)(CC(CCCC)CC)C3=C4SC(/C=C5C(C6=CC(F)=C(C=C6C\5=C(C#N)\C#N)F)=O)=C3)=C4S2)=C1F)[H])C7=CC8=C(C9=C(C8(CC(CCCC)CC)CC(CCCC)CC)C=C(/C=C%10C(C%11=CC(F)=C(C=C%11C\%10=C(C#N)/C#N)S)=O)S9)S7,423
12,448,test,in-house,516,ClC1=C(C2=CC=C(S2)C(OC)=O)SC3=C(C)SC(C4=CC(C(S4)=C(C5=C6SC(C)=C5)C7=CC=C(S7)CC(CC)CCCC)=C6C8=CC=C(S8)CC(CCCCC)CC)=C13||c12cc3c(cc1C(c1c2sc2c1sc(c2)/C=C\1/C(=C(C#N)C#N)c2c(C1=O)cccc2)(c1ccc(cc1)CCCCCC)c1ccc(cc1)CCCCCC)c1c(C3(c2ccc(cc2)CCCCCC)c2ccc(cc2)CCCCCC)c2c(s1)cc(s2)/C=C\1/C(=C(C#N)C#N)c2c(C1=O)cccc2,424
12,449,test,in-house,517,O=C1C2=C(CC(CC)CCCC)SC(CC(CC)CCCC)=C2C(C3=C(C4=CC=C(C5=CC(C(C6=CC(F)=C(CC(CC)CCCC)S6)=C(SC=C7)C7=C8C9=CC(F)=C(CC(CC)CCCC)S9)=C8S5)S4)SC(C%10=CC=CS%10)=C31)=O||C=C(C(C=CC=C1)=C1C/2=C(C#N)\C#N)C2=C/C(SC3=C4SC5=C3N(CC(CCCC)CC)C6=C5C7=NSN=C7C8=C6N(CC(CC)CCCC)C9=C8SC%10=C9SC(/C=C%11/C(C(C=CC=C%12)=C%12C%11=O)=C(C#N)/C#N)=C%10CCCCCCCCCCC)=C4CCCCCCCCCCC,425
12,450,validation,in-house,518,FC1=C(C(OCC(CCCC)CC)=O)SC2=CSC(C3=CC4=C(C5=C(C(C6=CC=C(CC(CC)CCCC)S6)=C4S3)C=CS5)C7=CC=C(CC(CC)CCCC)S7)=C12||O=C(C1=CSC=C1C/2=C(C#N)\C#N)C2=C/C(S3)=CC=C3C(C=C4)=CC5=C4C(C=CC(C6=CC=C(S6)/C=C7C(C8=CSC=C8C\7=C(C#N)\C#N)=O)=C9)=C9C(CCCCCCCC)5CCCCCCCC,426
12,451,test,in-house,519,O=C(C1=C(CCC(CCCC)CC)SC(CCC(CC)CCCC)=C1C2=O)C(C2=C(C3)C(C4)=CC=C4C5=CC6=C(C(C7=CC=C(CCC(CCCC)CC)S7)=C8C=CSC8=C6C9=CC=C(CCC(CCCC)CC)S9)S5)=C3C%10=CC=CS%10||O=C1C(/C(C2=C1C=CC=C2)=C(C#N)\C#N)=C\C3=CC(OCC(CCCC)CC)=C(C4=CC(C(C5=CC(C6=C7C=C(C8=C(C=C(/C=C(C9=O)/C(C%10=C9C=CC=C%10)=C(C#N)\C#N)S8)OCC(CCCC)CC)S6)=C(C7(C%11=CC=C(C=C%11)CCCCCC)C%12=CC=C(C=C%12)CCCCCC)C=C%135)(C%14=CC=C(C=C%14)CCCCCC)C(C=C%15)=CC=C%15CCCCCC)=C%13S4)S3,427
12,452,test,in-house,520,O=C(C1=C(CCC(CCCC)CC)SC(CCC(CC)CCCC)=C1C2=O)C(C2=C(C3)C(C4)=CC=C4C5=CC6=C(C(C7=CC=C(CCC(CCCC)CC)S7)=C8C=CSC8=C6C9=CC=C(CCC(CCCC)CC)S9)S5)=C3C%10=CC=CS%10||O=C(C(C=CC=C1)=C1C/2=C(C#N)\C#N)C2=C\C3=CSC(C4=CC5=C(C(C=C6C(C7=CC=C(C=C7)CCCCCC)(C8=CC=C(C=C8)CCCCCC)C9=C(SC(C%10=C(OCCCCCCCC)C(/C=C%11C(C(C=CC=C%12)=C%12C/%11=C(C#N)/C#N)=O)=CS%10)=C9)C6=C%13)=C%13C5(C%14=CC=C(CCCCCC)C=C%14)C(C=C%15)=CC=C%15CCCCCC)S4)=C3OCCCCCCCC,428
12,453,train,in-house,521,CC1=CC2=C(S1)C(C3=CC=C([Si](CCC)(CCC)CCC)S3)=C4C=C(C5=CC=C(C6=C(F)C(F)=C(C7=CC=C(S7)C)C8=NN(CC(CCCCCCCC)CCCCCC)N=C68)S5)SC4=C2C9=CC=C([Si](CCC)(CCC)CCC)S9||c1c(c2c(c(c1)c1sc(c(c1)C[C@@H](CCCCCC)CCCC)c1nc3c(s1)nc(s3)c1c(cc(s1)c1ccc(c3c1nsn3)C=C(C#N)C#N)C[C@@H](CCCC)CCCCCC)nsn2)C=C(C#N)C#N,429
12,454,train,in-house,522,CC(SC1=C(C2=C3SC(C4=CC5C(C=C(C6=C7C(C(N(CC(CCCCCCCC)CCCCCCCCCC)C7=O)=O)=C(C8=CC(SC(C(SC9=C(C%10=C%11SC(C%12=C%13C(C(F)=C(C(OCC(CC)CCCC)=O)S%13)=C(C)S%12)=C%10)C%14=CC=C(CC(CCCC)CC)S%14)=CC9=C%11C%15=CC=C(CC(CCCC)CC)S%15)=C%16)C%16S8)N6CCCCCCCC)S5)S4)=C2)C%17=CC=C(CC(CCCC)CC)S%17)=CC1=C3C%18=CC=C(CC(CCCC)CC)S%18||FC1=CC2=C(C(/C(C2=O)=C/C3=CC(OCC(CC)CCCC)=C(S3)C4=CC5=C(S4)C6=CC(C7(C8=CC=C(CCCCCC)C=C8)C9=CC=C(CCCCCC)C=C9)=C(C%10=C7C=C(S%10)C%11=C(OCC(CC)CCCC)C=C(S%11)/C=C(/C(C%12=C%13C=C(F)C(F)=C%12)=C(C#N)\C#N)C%13=O)C=C6C5(C%14=CC=C(CCCCCC)C=C%14)C%15=CC=C(CCCCCC)C=C%15)=C(C#N)/C#N)C=C1F,430
12,455,test,in-house,523,FC1=C(C(OCC(CCCC)CC)=O)SC2=CSC(C3=CC4=C(C5=C(C(C6=CC=C(CC(CC)CCCC)S6)=C4S3)C=CS5)C7=CC=C(CC(CC)CCCC)S7)=C12||c12cc3c(cc1C(c1c2sc2c1sc(c2)/C=C\1/C(=C(C#N)C#N)c2c(C1=O)cccc2)(c1ccc(cc1)CCCCCC)c1ccc(cc1)CCCCCC)c1c(C3(c2ccc(cc2)CCCCCC)c2ccc(cc2)CCCCCC)c2c(s1)cc(s2)/C=C\1/C(=C(C#N)C#N)c2c(C1=O)cccc2,431
12,456,test,in-house,524,FC1=C(C(OCC(CCCC)CC)=O)SC2=CSC(C3=CC4=C(C5=C(C(C6=CC=C(CC(CC)CCCC)S6)=C4S3)C=CS5)C7=CC=C(CC(CC)CCCC)S7)=C12||O=C(/C(SC1=S)=C\C2=CC=C(C3=NSN=C23)C4=CC=C(S4)C5=CC=C6C(C(C7=CC=C(C=C7)CCCCCC)(C8=C6SC(C9=CC=C(C%10=NSN=C9%10)/C=C%11SC(N(C/%11=O)CC)=S)=C8)C%12=CC=C(C=C%12)CCCCCC)=C5)N1CC,432
12,457,train,in-house,525,FC1=C(C(OCC(CCCC)CC)=O)SC2=CSC(C3=CC4=C(C5=C(C(C6=CC=C(CC(CC)CCCC)S6)=C4S3)C=CS5)C7=CC=C(CC(CC)CCCC)S7)=C12||O=C(C1=C(F)C=CC=C1C/2=C(C#N)\C#N)C2=C/C3=CC(SC4=C5C(C6=CC=C(C=C6)CCCCCC)(C7=CC(C8=C(C9(C%10=CC=C(C=C%10)CCCCCC)C%11=CC=C(C=C%11)CCCCCC)C%12=C(C=C(S%12)/C=C%13C(C(C(C\%13=C(C#N)\C#N)=CC=C%14)=C%14F)=O)S8)=C9C=C74)C(C=C%15)=CC=C%15CCCCCC)=C5S3,433
12,458,test,in-house,529,O=C(C1=C(CCC(CCCC)CC)SC(CCC(CC)CCCC)=C1C2=O)C(C2=C(C3)C(C4)=CC=C4C5=CC6=C(C(C7=CC=C(CCC(CCCC)CC)S7)=C8C=CSC8=C6C9=CC=C(CCC(CCCC)CC)S9)S5)=C3C%10=CC=CS%10||O=C(C1=C(C=C([H])C=C1)C/2=C(C#N)\C#N)C2=C/C3=CC4=C(C(C=C(C=C(C(C5=CC=C(C=C5)CCCCCC)(C6=C7SC(/C=C8C(C9=C(C=C([H])C=C9)C\8=C(C#N)\C#N)=O)=C6)C%10=CC=C(C=C%10)CCCCCC)C7=C%11)C%11=C%12)=C%12C4(C%13=CC=C(CCCCCC)C=C%13)C%14=CC=C(CCCCCC)C=C%14)C3,434
12,459,train,in-house,530,O=C(C1=C(CCC(CCCC)CC)SC(CCC(CC)CCCC)=C1C2=O)C(C2=C(C3)C(C4)=CC=C4C5=CC6=C(C(C7=CC=C(CCC(CCCC)CC)S7)=C8C=CSC8=C6C9=CC=C(CCC(CCCC)CC)S9)S5)=C3C%10=CC=CS%10||O=C(C1=C(C=C(OC)C=C1)C/2=C(C#N)\C#N)C2=C/C3=CC4=C(C(C=C(C=C(C(C5=CC=C(C=C5)CCCCCC)(C6=C7SC(/C=C8C(C9=C(C=C(OC)C=C9)C\8=C(C#N)\C#N)=O)=C6)C%10=CC=C(C=C%10)CCCCCC)C7=C%11)C%11=C%12)=C%12C4(C%13=CC=C(CCCCCC)C=C%13)C%14=CC=C(CCCCCC)C=C%14)C3,435
12,460,test,in-house,531,CC1=CC=C(S1)C2=C3C=C(SC3=C(C4=C2SC(C5=CC=C(S5)C6=C(C(F)=C(C(N=C7C8=CC=CC(OCCCCCCCC)=C8)=C6N=C7C9=CC=CC(OCCCCCCCC)=C9)C%10=CC=C(C)S%10)F)=C4)C%11=CC=C(S%11)C)C||O=C(C/1=C\C2=C(C3=C(S2)C(N4C5=CC=C(CCCCCC)C=C5)=C(C6=C4C7=C(C8=NSN=C68)C(SC9=C%10SC(/C=C%11C(C%12=CC(F)=C(C=C%12C\%11=C(C#N)/C#N)F)=O)=C9CCCCCCCCCCC)=C%10N7C%13=CC=C(CCCCCC)C=C%13)S3)CCCCCCCCCCC)C%14=CC(F)=C(F)C=C%14C1=C(C#N)/C#N,436
12,461,train,in-house,532,CC1=CC(C(C2=CC=C(SCC(CCCC)CCCCCC)S2)=C3SC(C4=C(CCCCCCCC)C=C(C5=C(C(F)=C(C6=NSN=C56)C7=CC(CCCCCCCC)=C(S7)C)F)S4)=CC3=C8C9=CC=C(SCC(CCCCCC)CCCC)S9)=C8S1||c12cc3c(cc1C(c1c2sc2c1sc(c2)/C=C\1/C(=C(C#N)C#N)c2c(C1=O)cccc2)(c1ccc(cc1)CCCCCC)c1ccc(cc1)CCCCCC)c1c(C3(c2ccc(cc2)CCCCCC)c2ccc(cc2)CCCCCC)c2c(s1)cc(s2)/C=C\1/C(=C(C#N)C#N)c2c(C1=O)cccc2,437
12,462,validation,in-house,534,O=C(C1=C(CCC(CCCC)CC)SC(CCC(CC)CCCC)=C1C2=O)C(C2=C(C3)C(C4)=CC=C4C5=CC6=C(C(C7=CC=C(CCC(CCCC)CC)S7)=C8C=CSC8=C6C9=CC=C(CCC(CCCC)CC)S9)S5)=C3C%10=CC=CS%10||O=C(C1=CC=CC=C1C/2=C(C#N)/C#N)C2=C/C3=CSC4=C3SC5=C4C(C6=CC7=C(C(C8=CC=CC(CCCCCCC)=C8)(C9=CC(CCCCCCC)=CC=C9)C%10=C7SC%11=C%10SC=C%11/C=C%12C(C%13=CC=CC=C%13C\%12=C(C#N)/C#N)=O)C=C65)(C%14=CC(CCCCCCC)=CC=C%14)C%15=CC=CC(CCCCCCC)=C%15,438
12,463,test,in-house,535,FC1=C(C(OCC(CCCC)CC)=O)SC2=CSC(C3=CC4=C(C5=C(C(C6=CC=C(CC(CC)CCCC)S6)=C4S3)C=CS5)C7=CC=C(CC(CC)CCCC)S7)=C12||CCC(CC)(O1)C2=CC(C3=C(OC4(CC)CC)C=C(C5=C6C=C(C(OCCCCCCCC)=O)SC6=C(/C=C7/C(C(C=CC=C8)=C8C7=O)=C(C#N)/C#N)S5)S3)=C4C=C2C(S9)=C1C=C9C(SC(/C=C%10C(C%11=C(C/%10=C(C#N)\C#N)C=CC=C%11)=O)=C%12S%13)=C%12C=C%13C(OCCCCCCCC)=O,439
12,464,train,in-house,536,FC1=C(C2=C(F)C=C(C)S2)SC(C3=C(CC(CCCCCC)CCCCCCCC)C=C(S3)C4=CC(N(C5=O)CC(CCCCCCCC)CCCCCC)=C(C6=C5C=C(C=C6)C7=CC(CC(CCCCCC)CCCCCCCC)=C(C)C7)C=C4)=C1||c1(cc2c(cc1F)C(=O)/C(=C\c1cc3c(s1)c1c(s3)c3c(C1(c1ccc(cc1)CCCCCC)c1ccc(cc1)CCCCCC)cc1c(c3)C(c3c1sc1c3sc(c1)/C=C/1\C(=O)c3c(C1=C(C#N)C#N)cc(c(c3)F)F)(c1ccc(cc1)CCCCCC)c1ccc(cc1)CCCCCC)/C2=C(C#N)C#N)F,440
12,465,train,in-house,537,CC1=CC2=C(S1)C(C3=CC=C([Si](CCC)(CCC)CCC)S3)=C4C=C(C5=CC=C(C6=C(F)C(F)=C(C7=CC=C(S7)C)C8=NN(CC(CCCCCCCC)CCCCCC)N=C68)S5)SC4=C2C9=CC=C([Si](CCC)(CCC)CCC)S9||O=C(C1=CSC=C1C/2=C(C#N)\C#N)C2=C/C3=CC(SC4=C5C(C6=CC=C(C=C6)CCCCCC)(C(C=C7)=CC=C7CCCCCC)C8=CC(C9=C(C%10(C%11=CC=C(C=C%11)CCCCCC)C%12=CC=C(C=C%12)CCCCCC)C%13=C(SC(/C=C%14C(C%15=CSC=C%15C\%14=C(C#N)\C#N)=O)=C%13)S9)=C%10C=C48)=C5S3,441
12,466,train,in-house,538,CC(SC1=C(C2=C3SC(C4=CC5=C(C6=C(C(C7=CC(F)=C(S7)CC(CCCC)CC)=C5S4)C=C(C)S6)C8=CC(F)=C(S8)CC(CCCC)CC)=C2)C9=CC=C(S9)CC(CCCC)CC)=CC1=C3C%10=CC=C(S%10)CC(CC)CCCC||N#C/C(C#N)=C(C1=CC=CC=C1C2=O)/C2=C/C3=CC4=C(C5=C(C=C6C(C(CCCCCC)(CCCCCC)C7=C6SC(/C=C8/C(C9=CC=CC=C9C8=O)=C(C#N)/C#N)=C7)=C5)C4(CCCCCC)CCCCCC)S3,442
12,467,train,in-house,539,FC1=C(C(OCC(CCCC)CC)=O)SC2=CSC(C3=CC4=C(C5=C(C(C6=CC=C(CC(CC)CCCC)S6)=C4S3)C=CS5)C7=CC=C(CC(CC)CCCC)S7)=C12||O=C(C1=CC=CC=C1C/2=C(C#N)\C#N)C2=C/C3=CC4=C(C(C(C5=CC=C(CCCCCC)S5)(C6=C7C=C8C(C9=CC=C(S9)CCCCCC)(C%10=CC=C(S%10)CCCCCC)C%11=C(SC%12=C%11SC(/C=C%13C(C%14=CC=CC=C%14C\%13=C(C#N)\C#N)=O)=C%12)C8=C6)C(S%15)=CC=C%15CCCCCC)=C7S4)S3,443
12,468,test,in-house,540,FC(C(F)=C(C1=NSN=C21)C3=CC(CCCCCCCCCCCCCCCCCCCC)=C(S3)C)=C2C4=CC(C#CC#CC#CC#CC#CC#CC#CC#CC#CC#C)=C(S4)C(S5)=CC=C5C6=CC7=C(SC(C)=C7)C=C6.[HH].[HH].[HH].[HH].[HH].[HH].[HH].[HH].[HH].[HH]||N#C/C(C#N)=C(C1=CC=CC=C1C2=O)/C2=C/C3=CC4=C(C5=C(C=C6C(C(CCCCCC)(CCCCCC)C7=C6SC(/C=C8/C(C9=CC=CC=C9C8=O)=C(C#N)/C#N)=C7)=C5)C4(CCCCCC)CCCCCC)S3,444
12,469,train,in-house,541,FC1=C(C(OCC(CCCC)CC)=O)SC2=CSC(C3=CC4=C(C5=C(C(C6=CC=C(CC(CC)CCCC)S6)=C4S3)C=CS5)C7=CC=C(CC(CC)CCCC)S7)=C12||O=C(C1=CC=CC=C1C/2=C(C#N)/C#N)C2=C/C3=CC(SC4=C5C(CCCCCCCC)(CCCCCCCC)C6=C4C=C7C(C8=CC(C(C9=C%10SC%11=C9SC(/C=C%12C(C%13=C(C=CC=C%13)C\%12=C(C#N)/C#N)=O)=C%11)(CCCCCCCC)CCCCCCCC)=C%10C=C8C7(CCCCCCCC)CCCCCCCC)=C6)=C5S3,445
12,470,train,in-house,542,ClC(C=C1C(C2=C(C(C3=CC(Cl)=C(S3)CC(CC)CCCC)=C4S5)C=C(C)S2)=C4C=C5C6=C7C(SC(C(OCC)=O)=C7F)=CS6)=C(S1)CC(CCCC)CC||c12cc3c(cc1C(c1c2sc2c1sc(c2)/C=C\1/C(=C(C#N)C#N)c2c(C1=O)cccc2)(c1ccc(cc1)CCCCCC)c1ccc(cc1)CCCCCC)c1c(C3(c2ccc(cc2)CCCCCC)c2ccc(cc2)CCCCCC)c2c(s1)cc(s2)/C=C\1/C(=C(C#N)C#N)c2c(C1=O)cccc2,446
12,471,train,in-house,543,FC1=C(C(OCC(CCCC)CC)=O)SC2=CSC(C3=CC4=C(C5=C(C(C6=CC=C(CC(CC)CCCC)S6)=C4S3)C=CS5)C7=CC=C(CC(CC)CCCC)S7)=C12||FC(C(F)=C1)=CC(C/2=C(C#N)/C#N)=C1C(C2=C/C3=CC4=C(S3)C(C(C5=CC=C(C=C5)CCCCCC)(C6=CC=C(C=C6)CCCCCC)C7=C8C=C9C%10=C%11C(C=C%12C%13=C(C(C%14=CC=C(C=C%14)CCCCCC)(C%15=CC=C(C=C%15)CCCCCC)C%12=C%11C=C9)C(SC(/C=C%16C(C%17=C(C\%16=C(C#N)\C#N)C=C(C(F)=C%17)F)=O)=C%18)=C%18S%13)=CC=C7%10)=C8S4)=O,447
12,472,test,in-house,544,FC(C(F)=C(C1=NN(N=C21)CCC(CCCC)CCCCCC)C3=CC=C(S3)C)=C2C(S4)=CC=C4C5=CC(C(CCCC(CCCCCC)CCCC)=C6SC(C)=CC6=C7CCCC(CCCC)CCCCCC)=C7S5||O=C1C2=C(C=CC=C2)C(/C1=C/C(S3)=CC4=C3C(SC5=C6SC7=C5OC(C8=CC=C(CCCCCC)C=C8)(C9=CC=C(CCCCCC)C=C9)C%10=C7SC(/C=C%11/C(C(C=CC=C%12)=C%12C%11=O)=C(C#N)\C#N)=C%10)=C6OC4(C%13=CC=C(CCCCCC)C=C%13)C%14=CC=C(CCCCCC)C=C%14)=C(C#N)/C#N,448
12,473,test,in-house,545,O=C1C2=C(CC(CC)CCCC)SC(CC(CC)CCCC)=C2C(C3=C(C4=CC=C(C5=CC(C(C6=CC(F)=C(CC(CC)CCCC)S6)=C(SC=C7)C7=C8C9=CC(F)=C(CC(CC)CCCC)S9)=C8S5)S4)SC(C%10=CC=CS%10)=C31)=O||c12cc3c(cc1C(c1c2sc2c1sc(c2)/C=C\1/C(=C(C#N)C#N)c2c(C1=O)cccc2)(c1ccc(cc1)CCCCCC)c1ccc(cc1)CCCCCC)c1c(C3(c2ccc(cc2)CCCCCC)c2ccc(cc2)CCCCCC)c2c(s1)cc(s2)/C=C\1/C(=C(C#N)C#N)c2c(C1=O)cccc2,449
12,474,train,in-house,546,CC(S1)=CC=C1C(C2=NN3CC(CCCCCC)CCCC)=C(C(F)=C(C2=N3)C4=CC=C(S4)C5=CC6=C(C7=C(C(CCCCCCCC)(CCCCCCCC)O6)C=C(C)S7)S5)F||O=C(C1=CC=CC=C1C/2=C(C#N)/C#N)C2=C/C3=CC(SC4C5C(C)=C(C(C6=CC=C(C=C6)CCCCCC)(C7=CC=C(C=C7)CCCCCC)C8=CSC9=C8SC(/C=C%10C(C(C=CC=C%11)=C%11C\%10=C(C#N)/C#N)=C)=C9)C=C(C)C5C(C%12=CC=C(C=C%12)CCCCCC)(C%13=CC=C(C=C%13)CCCCCC)C%144)=C%14S3,450
12,475,train,in-house,547,FC(C(F)=C(C1=NN(N=C21)CCC(CCCC)CCCCCC)C3=CC=C(S3)C)=C2C(S4)=CC=C4C5=CC(C(CCCC(CCCCCC)CCCC)=C6SC(C)=CC6=C7CCCC(CCCC)CCCCCC)=C7S5||c12cc3c(cc1C(c1c2sc2c1sc(c2)/C=C\1/C(=C(C#N)C#N)c2c(C1=O)cccc2)(c1ccc(cc1)CCCCCC)c1ccc(cc1)CCCCCC)c1c(C3(c2ccc(cc2)CCCCCC)c2ccc(cc2)CCCCCC)c2c(s1)cc(s2)/C=C\1/C(=C(C#N)C#N)c2c(C1=O)cccc2,451
12,476,train,in-house,548,FC(C=C(C1=C2SC=CC2=C(C3=CC(F)=C(CC(CCCC)CC)S3)C4=C1C=C(C5=CC=C(C6=C(C(C(C7=C(CC(CCCC)CC)SC(CC(CC)CCCC)=C78)=O)=C(C9=CC=CC9)S6)C8=O)S5)S4)S%10)=C%10CC(CC)CCCC||O=C(C1=CC(F)=C(C=C1C/2=C(C#N)\C#N)S)C2=C/C3=CC(C4(CC(CCCC)CC)CC(CCCC)CC)=C(S3)C(S5)=C4C=C5C(C(F)=C(C(C6=CC(C(CC(CCCC)CC)(CC(CCCC)CC)C7=C8SC(/C=C9C(C%10=CC(F)=C(C=C%10C\9=C(C#N)\C#N)F)=O)=C7)=C8S6)=C%11F)O[Mg])=C%11O[Mg],452
12,477,train,in-house,549,FC1=C(C(OCC(CCCC)CC)=O)SC2=CSC(C3=CC4=C(C5=C(C(C6=CC=C(CC(CC)CCCC)S6)=C4S3)C=CS5)C7=CC=C(CC(CC)CCCC)S7)=C12||O=C(C1=C(C)SC=C1C/2=C(C#N)\C#N)C2=C\C3=CC(SC4=C5C(C6=CC(CCCCCC)=CC=C6)(C7=CC=CC(CCCCCC)=C7)C(C4=C8)=CC9=C8C(C%10=CC(CCCCCC)=CC=C%10)(C%11=CC=CC(CCCCCC)=C%11)C%12=C9SC%13=C%12SC(/C=C%14C(C%15=C(C)SC=C%15C/%14=C(C#N)/C)=O)=C%13)=C5S3,453
12,478,train,in-house,550,O=C1C(C=C2C3=CC4=C(S3)C(C5=CC=C(S5)CC(CCCC)CC)=C6C=C(C)SC6=C4C7=CC=C(S7)CC(CC)CCCC)=C(S2)C8=C(C=C(S8)C)N1CC(CCCCCCCC)CCCCCC||O=C(C1=CC=CC=C1C/2=C(C#N)/C#N)C2=C/C3=CC(SC4C5C(C)=C(C(C6=CC=C(C=C6)CCCCCC)(C7=CC=C(C=C7)CCCCCC)C8=CSC9=C8SC(/C=C%10C(C(C=CC=C%11)=C%11C\%10=C(C#N)/C#N)=C)=C9)C=C(C)C5C(C%12=CC=C(C=C%12)CCCCCC)(C%13=CC=C(C=C%13)CCCCCC)C%144)=C%14S3,454
12,479,test,in-house,551,O=C(C1=C(CC(CCCC)CC)SC(CC(CCCC)CC)=C12)C3=C(C4=CC=CS4)SC(C(S5)=CC=C5C6=CC7=C(C8=CC=C(CC(CCCC)CCCCCC)C=C8)C(SC=C9)=C9C(C%10=CC=C(CC(CCCCCC)CCCC)C=C%10)=C7S6)=C3C2=O||O=C(C1=C(C=C(F)C=C1)C/2=C(C#N)\C#N)C2=C/C3=CC(C4(C5=CC=C(C=C5)CCCCCC)C(C=C6)=CC=C6CCCCCC)=C(C(C=C7C8(C9=CC=C(CCCCCC)C=C9)C%10=CC=C(CCCCCC)C=C%10)=C4C=C7C%11=C8C=C(/C=C%12C(C%13=C(C=CC(F)=C%13)C\%12=C(C#N)\C#N)=O)S%11)S3,455
12,480,train,in-house,552,FC1=C(C2=CC=C(C3=CC4=C(C5=CC=C(S5)O)C(SC=C6)=C6C(C7=CC=C(O)S7)=C4O3)S2)C8=NN(CC(CCCCCCCC)CCCCCC)N=C8C(C9=CC=CS9)=C1F||c12cc3c(cc1C(c1c2sc2c1sc(c2)/C=C\1/C(=C(C#N)C#N)c2c(C1=O)cccc2)(c1ccc(cc1)CCCCCC)c1ccc(cc1)CCCCCC)c1c(C3(c2ccc(cc2)CCCCCC)c2ccc(cc2)CCCCCC)c2c(s1)cc(s2)/C=C\1/C(=C(C#N)C#N)c2c(C1=O)cccc2,456
12,481,train,in-house,553,FC1=C(C(OCC(CCCC)CC)=O)SC2=CSC(C3=CC4=C(C5=C(C(C6=CC=C(CC(CC)CCCC)S6)=C4S3)C=CS5)C7=CC=C(CC(CC)CCCC)S7)=C12||[F]C1=CC2=C(C(/C(C2)=C/C3=CC4=C(S3)C(C(C5=CC=C(CCCCCC)C=C5)(OC6=CC7=C(OC(C8=CC=C(CCCCCC)C=C8)(C9=C7SC%10=C9SC(/C=C%11C(C%12=CC([F])=C(C=C%12C\%11=C(C#N)\C#N)[F])=O)=C%10)C%13=CC=C(CCCCCC)C=C%13)C=C6%14)C%15=CC=C(CCCCCC)C=C%15)=C%14S4)=C(C#N)\C#N)C=C1[F],457
12,482,train,in-house,554,O=C(C1=C(CCC(CCCC)CC)SC(CCC(CC)CCCC)=C1C2=O)C(C2=C(C3)C(C4)=CC=C4C5=CC6=C(C(C7=CC=C(CCC(CCCC)CC)S7)=C8C=CSC8=C6C9=CC=C(CCC(CCCC)CC)S9)S5)=C3C%10=CC=CS%10||FC(C=C1C2=CC(C3(CC(CCCC)CC)CC(CCCC)CC)=C(S2)C(S4)=C3C=C4/C=C(C(C5=C6C=C(F)C(OC)=C5)=O)/C6=C(C#N)/C#N)=C(C=C1F)C7=CC8=C(C9=C(C8(CC(CCCC)CC)CC(CCCC)CC)C=C(/C=C%10C(C(C=C(OC)C(F)=C%11)=C%11C\%10=C(C#N)\C#N)=O)S9)S7,458
12,483,test,in-house,555,O=C(C1=C(CCC(CCCC)CC)SC(CCC(CC)CCCC)=C1C2=O)C(C2=C(C3)C(C4)=CC=C4C5=CC6=C(C(C7=CC=C(CCC(CCCC)CC)S7)=C8C=CSC8=C6C9=CC=C(CCC(CCCC)CC)S9)S5)=C3C%10=CC=CS%10||O=C(C1=C(C=C(C)C=C1)C/2=C(C#N)\C#N)C2=C/C3=CC4=C(C(C=C(C=C(C(C5=CC=C(C=C5)CCCCCC)(C6=C7SC(/C=C8C(C9=C(C=C(C)C=C9)C\8=C(C#N)\C#N)=O)=C6)C%10=CC=C(C=C%10)CCCCCC)C7=C%11)C%11=C%12)=C%12C4(C%13=CC=C(CCCCCC)C=C%13)C%14=CC=C(CCCCCC)C=C%14)C3,459
12,484,validation,in-house,556,FC1=C(C(OCC(CCCC)CC)=O)SC2=CSC(C3=CC4=C(C5=C(C(C6=CC=C(CC(CC)CCCC)S6)=C4S3)C=CS5)C7=CC=C(CC(CC)CCCC)S7)=C12||c1cccc2c1C(=C(C#N)C#N)/C(=C/c1cc3c(s1)c1c(C3(c3ccc(cc3)CCCCCC)c3ccc(cc3)CCCCCC)c3c(s1)c(c1c(c3O[C@H](CCCC)CC)sc3c1C(c1c3sc(c1)/C=C\1/C(=C(C#N)C#N)c3c(C1=O)cccc3)(c1ccc(cc1)CCCCCC)c1ccc(cc1)CCCCCC)O[C@@H](CC)CCCC)/C2=O,460
12,485,train,in-house,557,FC1=C(C(OCC(CCCC)CC)=O)SC2=CSC(C3=CC4=C(C5=C(C(C6=CC=C(CC(CC)CCCC)S6)=C4S3)C=CS5)C7=CC=C(CC(CC)CCCC)S7)=C12||c1c(cc2c(c1)C(c1c2c2c(c3c1c1c(C3(CCCC)CCCC)ccc(c1)c1ccc(c3c1nsn3)/C=c/1\sc(=C(C#N)C#N)n(c1=O)CC)c1c(C2(CCCC)CCCC)ccc(c1)c1ccc(c2c1nsn2)/C=c/1\sc(=C(C#N)C#N)n(c1=O)CC)(CCCC)CCCC)c1ccc(c2c1nsn2)/C=c/1\sc(=C(C#N)C#N)n(c1=O)CC,461
12,486,train,in-house,558,CC1=C(CC(CCCC)CC)C=C(C2=CC=C(C3=NSN=C23)C4=CC(CC(CCCC)CC)=C(S4)C5=CC6=C(C7=C(C(C8=CC=C(S8)SC(CCCC)CC)=C6S5)C=C(C)S7)C9=CC=C(S9)SC(CCCC)CC)S1||c12cc3c(cc1C(c1c2sc2c1sc(c2)/C=C\1/C(=C(C#N)C#N)c2c(C1=O)cccc2)(c1ccc(cc1)CCCCCC)c1ccc(cc1)CCCCCC)c1c(C3(c2ccc(cc2)CCCCCC)c2ccc(cc2)CCCCCC)c2c(s1)cc(s2)/C=C\1/C(=C(C#N)C#N)c2c(C1=O)cccc2,462
12,487,test,in-house,559,O=C(C1=C(CCC(CCCC)CC)SC(CCC(CC)CCCC)=C1C2=O)C(C2=C(C3)C(C4)=CC=C4C5=CC6=C(C(C7=CC=C(CCC(CCCC)CC)S7)=C8C=CSC8=C6C9=CC=C(CCC(CCCC)CC)S9)S5)=C3C%10=CC=CS%10||O=C(/C(S/1)=C/C(C2=NSN=C32)=CC=C3C4=CC(SC5=C6C(C(C=C7)=CC=C7CCCCCC)(C(C=C8)=CC=C8CCCCCC)C(C5=C9)=CC%10=C9C(C%11=CC=C(CCCCCC)C=C%11)(C%12=CC=C(C=C%12)CCCCCC)C%13=C%10SC%14=C%13SC(C(C%15=NSN=C%16%15)=CC=C%16/C=C(C%17=O)\S/C(N%17CCCCCC)=C(C#N)/C#N)=C%14)=C6S4)N(CCCCCC)C1=C(C#N)\C#N,383
12,488,test,in-house,561,FC(C(F)=C(C1=NN(N=C21)CCC(CCCC)CCCCCC)C3=CC=C(S3)C)=C2C(S4)=CC=C4C5=CC(C(CCCC(CCCCCC)CCCC)=C6SC(C)=CC6=C7CCCC(CCCC)CCCCCC)=C7S5||O=C1C2=C(C=C(F)C(F)=C2)C(/C1=C/C(S3)=CC4=C3C(SC5=C6SC7=C5OC(C8=CC=C(CCCCCC)C=C8)(C9=CC=C(CCCCCC)C=C9)C%10=C7SC(/C=C%11/C(C(C=C(F)C(F)=C%12)=C%12C%11=O)=C(C#N)\C#N)=C%10)=C6OC4(C%13=CC=C(CCCCCC)C=C%13)C%14=CC=C(CCCCCC)C=C%14)=C(C#N)/C#N,463
12,489,train,in-house,562,CC1=CC(C(C2=CC=C(S2)SCCCCCCCCCCCC)=C3SC(C4=CC=C(C5=C(C(F)=C(C6=NN(CC(CCCCCCCC)CCCCCC)N=C56)C7=CC=C(C)O7)F)O4)=CC3=C8C9=CC=C(SCCCCCCCCCCCC)S9)=C8S1||c12cc3c(cc1C(c1c2sc2c1sc(c2)/C=C\1/C(=C(C#N)C#N)c2c(C1=O)cccc2)(c1ccc(cc1)CCCCCC)c1ccc(cc1)CCCCCC)c1c(C3(c2ccc(cc2)CCCCCC)c2ccc(cc2)CCCCCC)c2c(s1)cc(s2)/C=C\1/C(=C(C#N)C#N)c2c(C1=O)cccc2,464
12,490,train,in-house,563,FC1=C(C2=CC=C(C3=CC4=C(C(C(C=C5)=CC=C5CC(CCCC)CC)=C6C=C(OC6=C4C(C=C7)=CC=C7CC(CC)CCCC)C)O3)S2)C8=NN(CC(CCCCCCCC)CCCCCC)N=C8C(C9=CC=C(C)S9)=C1F||O=C(C/1=C\C2=C(C3=C(S2)C(N4C5=CC=C(CCCCCC)C=C5)=C(C6=C4C7=C(C8=NSN=C68)C(SC9=C%10SC(/C=C%11C(C%12=CC(F)=C(C=C%12C\%11=C(C#N)/C#N)F)=O)=C9CCCCCCCCCCC)=C%10N7C%13=CC=C(CCCCCC)C=C%13)S3)CCCCCCCCCCC)C%14=CC(F)=C(F)C=C%14C1=C(C#N)/C#N,465
12,491,test,in-house,564,CC1=CC2=C(C3=C(C(C4=CC=C(S4)C)=C2S1)C=C(C5=C(CC6CCCCC6)C=C(C7=C(C(C8=C(SC(CC(CCCC)CC)=C8C9=O)CC(CCCC)CC)=O)C9=C(C%10=CC(CC%11CCCCC%11)=C(S%10)C)S7)S5)S3)C%12=CC=C(S%12)C||c12cc3c(cc1C(c1c2sc2c1sc(c2)/C=C\1/C(=C(C#N)C#N)c2c(C1=O)cccc2)(c1ccc(cc1)CCCCCC)c1ccc(cc1)CCCCCC)c1c(C3(c2ccc(cc2)CCCCCC)c2ccc(cc2)CCCCCC)c2c(s1)cc(s2)/C=C\1/C(=C(C#N)C#N)c2c(C1=O)cccc2,466
12,492,train,in-house,566,CC1=CC=C(S1)C2=CC=C(S2)C(SC(C3=CC4=C(S3)C(SC(C5=CC(CC(CCCCCCCCCCCC)CCCCCCCCCC)=C(C)S5)=C6)=C6C7=NON=C47)=C8)=C8CC(CCCCCCCCCCCC)CCCCCCCCCC||N#C/C(C#N)=C(C1=CC=CC=C1C2=O)/C2=C/C3=CC4=C(C5=C(C=C6C(C(CCCCCC)(CCCCCC)C7=C6SC(/C=C8/C(C9=CC=CC=C9C8=O)=C(C#N)/C#N)=C7)=C5)C4(CCCCCC)CCCCCC)S3,467
12,493,train,in-house,567,FC1=C(C(OCC(CCCC)CC)=O)SC2=CSC(C3=CC4=C(C5=C(C(C6=CC=C(CC(CC)CCCC)S6)=C4S3)C=CS5)C7=CC=C(CC(CC)CCCC)S7)=C12||S=C(N(C/1=O)CC)SC1=C/C(S2)=CC=C2C(C3=NSN=C3C(C4=CC=C(S4)/C=C5SC(N(C\5=O)CC)=S)=C6OCCCCCC)=C6OCCCCCC,468
12,494,train,in-house,568,CC(SC1=C(C2=C3SC(C4=CC5C(C=C(C6=C7C(C(N(CC(CCCCCCCC)CCCCCCCCCC)C7=O)=O)=C(C8=CC(SC(C(SC9=C(C%10=C%11SC(C%12=C%13C(C(F)=C(C(OCC(CC)CCCC)=O)S%13)=C(C)S%12)=C%10)C%14=CC=C(CC(CCCC)CC)S%14)=CC9=C%11C%15=CC=C(CC(CCCC)CC)S%15)=C%16)C%16S8)N6CCCCCCCC)S5)S4)=C2)C%17=CC=C(CC(CCCC)CC)S%17)=CC1=C3C%18=CC=C(CC(CCCC)CC)S%18||c12cc3c(cc1C(c1c2sc2c1sc(c2)/C=C\1/C(=C(C#N)C#N)c2c(C1=O)cccc2)(c1ccc(cc1)CCCCCC)c1ccc(cc1)CCCCCC)c1c(C3(c2ccc(cc2)CCCCCC)c2ccc(cc2)CCCCCC)c2c(s1)cc(s2)/C=C\1/C(=C(C#N)C#N)c2c(C1=O)cccc2,469
12,495,validation,in-house,569,O=C(C1=C(CCC(CCCC)CC)SC(CCC(CC)CCCC)=C1C2=O)C(C2=C(C3)C(C4)=CC=C4C5=CC6=C(C(C7=CC=C(CCC(CCCC)CC)S7)=C8C=CSC8=C6C9=CC=C(CCC(CCCC)CC)S9)S5)=C3C%10=CC=CS%10||CCCCCC[Si]1(CCCCCC)C2=C(C=C3[Si](CCCCCC)(CCCCCC)C4=C(SC(/C=C5C(C(C=CC=C6)=C6C/5=C(C#N)/C#N)=O)=C4)C3=C2)C(S7)=C1C=C7/C=C(C(C8=C9C=CC=C8)=O)\C9=C(C#N)\C#N,470
12,496,train,in-house,571,CC1=CC(C(S1)=C(C2=C3SC(C4=CC=C(C5=C6C(C(N5CC(CCCCCC)CCCC)=O)=C(C7=CC=C(C)S7)N(CC(CCCC)CCCCCC)C6=O)S4)=C2)C8=CC=C(S8)CC(CCCC)CC)=C3C9=CC=C(CC(CC)CCCC)S9||FC1=CC2=C(C(/C(C2=O)=C/C3=CC(OCC(CC)CCCC)=C(S3)C4=CC5=C(S4)C6=CC(C7(C8=CC=C(CCCCCC)C=C8)C9=CC=C(CCCCCC)C=C9)=C(C%10=C7C=C(S%10)C%11=C(OCC(CC)CCCC)C=C(S%11)/C=C(/C(C%12=C%13C=C(F)C(F)=C%12)=C(C#N)\C#N)C%13=O)C=C6C5(C%14=CC=C(CCCCCC)C=C%14)C%15=CC=C(CCCCCC)C=C%15)=C(C#N)/C#N)C=C1F,471
12,497,train,in-house,572,FC(C(F)=C(C1=NC(C2=CC=C(C(OCCCCCCCC)=C2)OCCCCCCCC)=C(N=C31)C(C=C4)=CC(OCCCCCCCC)=C4OCCCCCCCC)C)=C3C(S5)=CC=C5C6=CC=C(C7=CC=C(C)S7)S6||c12cc3c(cc1C(c1c2sc2c1sc(c2)/C=C\1/C(=C(C#N)C#N)c2c(C1=O)cccc2)(c1ccc(cc1)CCCCCC)c1ccc(cc1)CCCCCC)c1c(C3(c2ccc(cc2)CCCCCC)c2ccc(cc2)CCCCCC)c2c(s1)cc(s2)/C=C\1/C(=C(C#N)C#N)c2c(C1=O)cccc2,472
12,498,train,in-house,573,O=C(C1=C(CCC(CCCC)CC)SC(CCC(CC)CCCC)=C1C2=O)C(C2=C(C3)C(C4)=CC=C4C5=CC6=C(C(C7=CC=C(CCC(CCCC)CC)S7)=C8C=CSC8=C6C9=CC=C(CCC(CCCC)CC)S9)S5)=C3C%10=CC=CS%10||n1(c(=O)/c(=C/c2c3c(c(cc2)c2sc4c(c2)C(c2c4cc4c(c2)c2c(C4(c4ccc(cc4)CCCCCC)c4ccc(cc4)CCCCCC)cc(s2)c2ccc(c4c2nsn4)/C=c/2\sc(=C(C#N)C#N)n(c2=O)CC)(c2ccc(cc2)CCCCCC)c2ccc(cc2)CCCCCC)nsn3)/sc1=C(C#N)C#N)CC,473
12,499,test,in-house,574,O=C(C1=C(CCC(CCCC)CC)SC(CCC(CC)CCCC)=C1C2=O)C(C2=C(C3)C(C4)=CC=C4C5=CC6=C(C(C7=CC=C(CCC(CCCC)CC)S7)=C8C=CSC8=C6C9=CC=C(CCC(CCCC)CC)S9)S5)=C3C%10=CC=CS%10||O=C(C1=C(C=C(F)C(F)=C1)C/2=C(C#N)\C#N)C2=C/C3=CC(C4(C(C=C5)=CC=C5CCCCCC)C(C=C6)=CC=C6CCCCCC)=C(C(SC7=C8)=C4C7=CC9=C8C%10=C(C(SC(/C=C%11/C(C(C=C(F)C(F)=C%12)=C%12C%11=O)=C(C#N)/C#N)=C%13)=C%13C%10(C(C=C%14)=CC=C%14CCCCCC)C%15=CC=C(C=C%15)CCCCCC)S9)S3,474
12,500,train,in-house,575,CC1=C(C2=C(S1)C=C(C3=C(C4=C(S3)C5=CC6=C(C(CCCCCCCC)=C(S6)C7=CC8=C(C9=CC=C(SCC(CC)CCCC)S9)C=C%10C%11=C(C=C(S%11)C)C(C%12=CC=C(SCC(CC)CCCC)S%12)=CC%10=C8S7)S5)C(C%13=C(CC(CCCC)CC)SC(CC(CC)CCCC)=C%13C4=O)=O)S2)CCCCCCCC||N#C/C(C#N)=C(C1=CC=CC=C1C2=O)/C2=C/C3=CC4=C(C5=C(C=C6C(C(CCCCCC)(CCCCCC)C7=C6SC(/C=C8/C(C9=CC=CC=C9C8=O)=C(C#N)/C#N)=C7)=C5)C4(CCCCCC)CCCCCC)S3,475
12,501,validation,in-house,576,FC(C(F)=C(C1=NN(N=C21)CCC(CCCC)CCCCCC)C3=CC=C(S3)C)=C2C(S4)=CC=C4C5=CC(C(CCCC(CCCCCC)CCCC)=C6SC(C)=CC6=C7CCCC(CCCC)CCCCCC)=C7S5||c1cc2c(cc1)C(=O)/C(=C\c1cc3c(s1)c1c(C3(c3ccc(cc3)CCCCCC)c3ccc(cc3)CCCCCC)c3c(s1)cc1c(c3)sc3c1C(c1c3sc(c1)/C=C/1\C(=O)c3c(C1=C(C#N)C#N)cccc3)(c1ccc(cc1)CCCCCC)c1ccc(cc1)CCCCCC)/C2=C(C#N)C#N,476
12,502,train,in-house,577,c1(c2c3c(c(c4c2cc(s4)c2c(cc(s2)c2c(c(c(c4c2nsn4)c2cc(cs2)C[C@@H](CCCCCCCCCC)CCCCCCCC)F)F)C[C@H](CCCCCCCC)CCCCCCCCCC)c2ccc(s2)[Si](CCC)(CCC)CCC)ccs3)ccc(s1)[Si](CCC)(CCC)CCC||N#C/C(C#N)=C(C1=CC=CC=C1C2=O)/C2=C/C3=CC4=C(C5=C(C=C6C(C(CCCCCC)(CCCCCC)C7=C6SC(/C=C8/C(C9=CC=CC=C9C8=O)=C(C#N)/C#N)=C7)=C5)C4(CCCCCC)CCCCCC)S3,477
12,503,test,in-house,579,O=C(C1=C(CCC(CCCC)CC)SC(CCC(CC)CCCC)=C1C2=O)C(C2=C(C3)C(C4)=CC=C4C5=CC6=C(C(C7=CC=C(CCC(CCCC)CC)S7)=C8C=CSC8=C6C9=CC=C(CCC(CCCC)CC)S9)S5)=C3C%10=CC=CS%10||O=C(C1=C(C=C(F)C=C1)C/2=C(C#N)\C#N)C2=C/C3=CC4=C(C(C=C(C=C(C(C5=CC=C(C=C5)CCCCCC)(C6=C7SC(/C=C8C(C9=C(C=C(F)C=C9)C\8=C(C#N)\C#N)=O)=C6)C%10=CC=C(C=C%10)CCCCCC)C7=C%11)C%11=C%12)=C%12C4(C%13=CC=C(CCCCCC)C=C%13)C%14=CC=C(CCCCCC)C=C%14)C3,478
12,504,train,in-house,581,c1csc2c1c(c1c(c2c2cc(c(s2)CCCCCCCC)CCCCCCCC)cc(s1)c1sc(c(c1)CCCCCC)c1sc2c(n1)sc(n2)c1sccc1CCCCCC)c1cc(c(s1)CCCCCCCC)CCCCCCCC||c12cc3c(cc1C(c1c2sc2c1sc(c2)/C=C\1/C(=C(C#N)C#N)c2c(C1=O)cccc2)(c1ccc(cc1)CCCCCC)c1ccc(cc1)CCCCCC)c1c(C3(c2ccc(cc2)CCCCCC)c2ccc(cc2)CCCCCC)c2c(s1)cc(s2)/C=C\1/C(=C(C#N)C#N)c2c(C1=O)cccc2,479
12,505,train,in-house,582,FC(C(F)=C(C1=N2)C3=CC=C(S3)C4=CC5=C(C6=C(C(C(C=C7)=CC=C7C(C=C8)=CC=C8[O]CC(CCCCCC)CCCCCCCC)=C5S4)C=C(C)S6)C9=CC=C(C=C9)C%10=CC=C(C=C%10)[O]CC(CCCCCC)CCCCCCCC)=C(C%11=CC=C(C)S%11)C1=NN2CCC(CCCCCC)CCCCCCCC||c12cc3c(cc1C(c1c2sc2c1sc(c2)/C=C\1/C(=C(C#N)C#N)c2c(C1=O)cccc2)(c1ccc(cc1)CCCCCC)c1ccc(cc1)CCCCCC)c1c(C3(c2ccc(cc2)CCCCCC)c2ccc(cc2)CCCCCC)c2c(s1)cc(s2)/C=C\1/C(=C(C#N)C#N)c2c(C1=O)cccc2,480
12,506,train,in-house,583,O=C(C1=C(F)C2=C(C)SC(C3=CC4=C(C5=C(C(C6=CC=C(CCCCCCCC)S6)=C4S3)C=C(C)S5)C7=CC=C(CCCCCCCC)S7)=C2S1)[O]CCCCCCCC||O=C(C1=CC=CC=C1C/2=C(C#N)\C#N)C2=C/C3=CC4=C(C(C(C5=CC=C(CCCCCC)S5)(C6=C7C=C8C(C9=CC=C(S9)CCCCCC)(C%10=CC=C(S%10)CCCCCC)C%11=C(SC%12=C%11SC(/C=C%13C(C%14=CC=CC=C%14C\%13=C(C#N)\C#N)=O)=C%12)C8=C6)C(S%15)=CC=C%15CCCCCC)=C7S4)S3,481
12,507,train,in-house,584,O=C(C1=C(CCC(CCCC)CC)SC(CCC(CC)CCCC)=C1C2=O)C(C2=C(C3)C(C4)=CC=C4C5=CC6=C(C(C7=CC=C(CCC(CCCC)CC)S7)=C8C=CSC8=C6C9=CC=C(CCC(CCCC)CC)S9)S5)=C3C%10=CC=CS%10||O=C1C(/C(C2=C1C=CC=C2)=C(C#N)/C#N)=C\C3=CC=C(S3)C4=CC=C(S4)C5=CC=C6C(C(CC(CCCC)CC)(C7=C6SC(C8=CC=C(S8)/C=C9C(C(C=CC=C%10)=C%10C\9=C(C#N)\C#N)=O)=C7)CC(CCCC)CC)=C5,482
12,508,test,in-house,585,CC1=CC=C(S1)C2=C(C(F)=C(C3=NSN=C23)C4=CC=C(S4)C5=C(CC(CCCCCC)CCCCCCCC)C=C(C6=C(CC(CCCCCCCC)CCCCCC)C=C(C(C7=NSN=C78)=C(C(F)=C8C9=CC(CC(CCCCCC)CCCCCCCC)=C(C%10=CC(CC(CCCCCC)CCCCCCCC)=C(C)S%10)S9)F)S6)S5)F||O=C(C1=CC=CC=C1C/2=C(C#N)\C#N)C2=C/C3=CC4=C(C(C(C5=CC=C(CCCCCC)S5)(C6=C7C=C8C(C9=CC=C(S9)CCCCCC)(C%10=CC=C(S%10)CCCCCC)C%11=C(SC%12=C%11SC(/C=C%13C(C%14=CC=CC=C%14C\%13=C(C#N)\C#N)=O)=C%12)C8=C6)C(S%15)=CC=C%15CCCCCC)=C7S4)S3,483
12,509,test,in-house,586,FC1=C(C(OCC(CCCC)CC)=O)SC2=CSC(C3=CC4=C(C5=C(C(C6=CC=C(CC(CC)CCCC)S6)=C4S3)C=CS5)C7=CC=C(CC(CC)CCCC)S7)=C12||CCC(CC)(O1)C2=CC(C3=C(OC4(CC)CC)C=C(C5=C6C=C(C(OCCCCCCCC)=O)SC6=C(/C=C7/C(C(C=C(F)C(F)=C8)=C8C7=O)=C(C#N)/C#N)S5)S3)=C4C=C2C(S9)=C1C=C9C(SC(/C=C%10C(C%11=C(C/%10=C(C#N)\C#N)C=C(F)C(F)=C%11)=O)=C%12S%13)=C%12C=C%13C(OCCCCCCCC)=O,484
12,510,train,in-house,587,O=C(C1=C(CC(CCCC)CC)SC(CC(CCCC)CC)=C12)C3=C(C4=CC=CS4)SC(C(S5)=CC=C5C6=CC7=C(C8=CC=C(CC(CCCC)CCCCCC)C=C8)C(SC=C9)=C9C(C%10=CC=C(CC(CCCCCC)CCCC)C=C%10)=C7S6)=C3C2=O||O=C1C(/C(C2=C1C=CC=C2)=C(C#N)/C#N)=C\C3=CC4=C(S3)C(C(C5=CC=C(CCCCCC)C=C5)(C6=CC7=C(C(C8=CC=C(CCCCCC)C=C8)(C9=C7SC%10=C9SC%11=C%10SC(/C=C%12C(C(C=CC=C%13)=C%13C\%12=C(C#N)\C#N)=O)=C%11)C%14=CC=C(CCCCCC)C=C%14)C=C6%15)C%16=CC=C(CCCCCC)C=C%16)=C%15S4,485
12,511,validation,in-house,588,FC1=C(C2=CC=C(C3=CC4=C(C(C(C=C5)=CC=C5CC(CCCC)CC)=C6C=C(OC6=C4C(C=C7)=CC=C7CC(CC)CCCC)C)O3)S2)C8=NN(CC(CCCCCCCC)CCCCCC)N=C8C(C9=CC=C(C)S9)=C1F||c12cc3c(cc1C(c1c2sc2c1sc(c2)/C=C\1/C(=C(C#N)C#N)c2c(C1=O)cccc2)(c1cccc(c1)CCCCCC)c1cc(ccc1)CCCCCC)c1c(C3(c2cc(ccc2)CCCCCC)c2cccc(c2)CCCCCC)c2c(s1)cc(s2)/C=C\1/C(=C(C#N)C#N)c2c(C1=O)cccc2,486
12,512,test,in-house,589,O=C(C1=C(CCC(CCCC)CC)SC(CCC(CC)CCCC)=C1C2=O)C(C2=C(C3)C(C4)=CC=C4C5=CC6=C(C(C7=CC=C(CCC(CCCC)CC)S7)=C8C=CSC8=C6C9=CC=C(CCC(CCCC)CC)S9)S5)=C3C%10=CC=CS%10||CCCCCCC(C=C1)=CC=C1C2(C(C3=C(S4)C=C(S3)/C=C(C(C5=C6C=CC=C5OC)=O)\C6=C(C#N)\C#N)=C4C7=C2C=C(C8=C7)C9=C(C8(C%10=CC=C(C=C%10)CCCCCC)C%11=CC=C(C=C%11)CCCCCC)C%12=C(C=C(S%12)/C=C(/C(C%13=C%14C(OC)=CC=C%13)=C(C#N)\C#N)C%14=O)S9)C(C=C%15)=CC=C%15CCCCCC,487
12,513,train,in-house,590,O=C(C1=C(F)C2=C(C)SC(C3=CC4=C(C5=C(C(C6=CC(F)=C(CCCCCCCC)S6)=C4S3)C=C(C)S5)C7=CC(F)=C(CCCCCCCC)S7)=C2S1)[O]CCCCCCCC||O=C(C1=CC=CC=C1C/2=C(C#N)\C#N)C2=C/C3=CC4=C(C(C(C5=CC=C(CCCCCC)S5)(C6=C7C=C8C(C9=CC=C(S9)CCCCCC)(C%10=CC=C(S%10)CCCCCC)C%11=C(SC%12=C%11SC(/C=C%13C(C%14=CC=CC=C%14C\%13=C(C#N)\C#N)=O)=C%12)C8=C6)C(S%15)=CC=C%15CCCCCC)=C7S4)S3,488
12,514,test,in-house,591,FC(C(F)=C(C1=NN(N=C21)CCC)C3=CC(CC(CCCCCCCCCC)CCCCCCCCCCCC)=C(S3)C4=CC=C(S4)C5=CC(F)=C(C=C5F)C6=CC=C(C)S6)=C2C7=CC(CC(CCCCCCCCCCCC)CCCCCCCCCC)=C(C)S7||c12cc3c(cc1C(c1c2sc2c1sc(c2)/C=C\1/C(=C(C#N)C#N)c2c(C1=O)cccc2)(c1ccc(cc1)CCCCCC)c1ccc(cc1)CCCCCC)c1c(C3(c2ccc(cc2)CCCCCC)c2ccc(cc2)CCCCCC)c2c(s1)cc(s2)/C=C\1/C(=C(C#N)C#N)c2c(C1=O)cccc2,489
12,515,test,in-house,592,FC1=CC(C2=CCC(C)S2)=C3C(N=C(C(C4=CC=CC(OCCCCCCCC)=C4)=N3)C5=CC=CC(OCCCCCCCC)=C5)=C1C6=CC=C(S6)C7=CC8=C(C9=C(C(C%10=CC(CCCCCCCC)=C(S%10)CCCCCCCC)=C8S7)C=C(C)S9)C%11=CC(CCCCCCCC)=C(S%11)CCCCCCCC||O=C(C1=CC=CC=C1C/2=C(C#N)\C#N)C2=C/C3=CC4=C(C(C(C5=CC=C(CCCCCC)S5)(C6=C7C=C8C(C9=CC=C(S9)CCCCCC)(C%10=CC=C(S%10)CCCCCC)C%11=C(SC%12=C%11SC(/C=C%13C(C%14=CC=CC=C%14C\%13=C(C#N)\C#N)=O)=C%12)C8=C6)C(S%15)=CC=C%15CCCCCC)=C7S4)S3,490
12,516,train,in-house,593,O=C1C2=C(C3=C(N1CC(CCCCCC)CCCCCCCC)C=C(C4=CC(CC(CCCCCC)CCCCCCCC)=C(S4)C5=CC=C(S5)C6=C(C(F)=C(C7=NSN=C67)C8=CC=C(C)S8)F)S3)SC(C9=CC(CC(CCCCCCCC)CCCCCC)=C(C)S9)=C2||c12cc3c(cc1C(c1c2sc2c1sc(c2)/C=C\1/C(=C(C#N)C#N)c2c(C1=O)cccc2)(c1ccc(cc1)CCCCCC)c1ccc(cc1)CCCCCC)c1c(C3(c2ccc(cc2)CCCCCC)c2ccc(cc2)CCCCCC)c2c(s1)cc(s2)/C=C\1/C(=C(C#N)C#N)c2c(C1=O)cccc2,491
12,517,train,in-house,594,c1(c2c3c(c(c4c2cc(s4)c2c(cc(s2)c2c(c(c(c4c2nsn4)c2cc(cs2)C[C@@H](CCCCCCCCCC)CCCCCCCC)F)F)C[C@H](CCCCCCCC)CCCCCCCCCC)c2ccc(s2)[Si](CCC)(CCC)CCC)ccs3)ccc(s1)[Si](CCC)(CCC)CCC||c12cc3c(cc1C(c1c2sc2c1sc(c2)/C=C\1/C(=C(C#N)C#N)c2c(C1=O)cccc2)(c1cccc(c1)CCCCCC)c1cc(ccc1)CCCCCC)c1c(C3(c2cc(ccc2)CCCCCC)c2cccc(c2)CCCCCC)c2c(s1)cc(s2)/C=C\1/C(=C(C#N)C#N)c2c(C1=O)cccc2,492
12,518,train,in-house,596,O=C(C1=C(CCC(CCCC)CC)SC(CCC(CC)CCCC)=C1C2=O)C(C2=C(C3)C(C4)=CC=C4C5=CC6=C(C(C7=CC=C(CCC(CCCC)CC)S7)=C8C=CSC8=C6C9=CC=C(CCC(CCCC)CC)S9)S5)=C3C%10=CC=CS%10||S=C(N(C/1=O)CC)SC1=C/C(C2=N[O]N=C23)=CC=C3C4=CC(C5(CCCCCCCC)CCCCCCCC)=C(C(C=C6C7(CCCCCCCC)CCCCCCCC)=C5C=C6C8=C7C=C(C9=CC=C(C%10=N[O]N=C%109)/C=C%11SC(N(C\%11=O)CC)=S)S8)S4,493
12,519,train,in-house,597,O=C(C1=C(CCC(CCCC)CC)SC(CCC(CC)CCCC)=C1C2=O)C(C2=C(C3)C(C4)=CC=C4C5=CC6=C(C(C7=CC=C(CCC(CCCC)CC)S7)=C8C=CSC8=C6C9=CC=C(CCC(CCCC)CC)S9)S5)=C3C%10=CC=CS%10||O=C(C1=CC=CC=C1C/2=C(C#N)/C#N)C2=C/C3=CC(OC4(C5=CC=C(C=C5)CCCCCC)C6=CC=C(CCCCCC)C=C6)=C(C7=CC8=C(C9=C(OC8(C%10=CC=C(CCCCCC)C=C%10)C%11=CC=C(CCCCCC)C=C%11)C=C(/C=C%12C(C%13=CC=CC=C%13C\%12=C(C#N)/C#N)=O)S9)C=C74)S3,494
12,520,train,in-house,598,FC(C(OCC(CCCCCCCCCCCC)CCCCCCCCCC)=C(C1=CC=C(C)S1)C2=NSN=C32)=C3C4=CC=C(S4)C5=CC6=C(C7=C(C(C8=CC=C(C=C8)SCC(CCCC)CC)=C6S5)C=C(C)S7)C9=CC=C(C=C9)SCC(CCCC)CC||c12cc3c(cc1C(c1c2sc2c1sc(c2)/C=C\1/C(=C(C#N)C#N)c2c(C1=O)cccc2)(c1ccc(cc1)CCCCCC)c1ccc(cc1)CCCCCC)c1c(C3(c2ccc(cc2)CCCCCC)c2ccc(cc2)CCCCCC)c2c(s1)cc(s2)/C=C\1/C(=C(C#N)C#N)c2c(C1=O)cccc2,495
12,521,train,in-house,599,O=C(C1=C(CCC(CCCC)CC)SC(CCC(CC)CCCC)=C1C2=O)C(C2=C(C3)C(C4)=CC=C4C5=CC6=C(C(C7=CC=C(CCC(CCCC)CC)S7)=C8C=CSC8=C6C9=CC=C(CCC(CCCC)CC)S9)S5)=C3C%10=CC=CS%10||O=CC(S1)=C(CCCCCC)C=C1C(C(OCCCCCCCCCCCCCCCC)=C2)=CC(OCCCCCCCCCCCCCCCC)=C2C3=CC(CCCCCC)=C(S3)C=O,496
12,522,train,in-house,601,[H]C(C([H])=C(C1=NN(N=C21)CC(CCCCCC)CCCCCCCC)C3=CC=C(C4=CC(C(C5=CC(Cl)=C(S5)CC)=C6SC(C)=CC6=C7C8=CC(Cl)=C(S8)CC)=C7S4)S3)=C2C9=CC=C(C)S9||O=C(C/1=C\C2=C(C3=C(S2)C(N4C5=CC=C(CCCCCC)C=C5)=C(C6=C4C7=C(C8=NSN=C68)C(SC9=C%10SC(/C=C%11C(C%12=CC(F)=C(C=C%12C\%11=C(C#N)/C#N)F)=O)=C9CCCCCCCCCCC)=C%10N7C%13=CC=C(CCCCCC)C=C%13)S3)CCCCCCCCCCC)C%14=CC(F)=C(F)C=C%14C1=C(C#N)/C#N,497
12,523,test,in-house,603,[H]C1=C(SC(CC(CC)CCCC)=C1[Cl])C(C2=C3SC(C)=C2)=C4SC(C5=CC=C(S5)C6=C(C(F)=C(C7=NN(N=C67)CC(CCCCCCCC)CCCCCC)C8=CC=C(C)S8)F)=CC4=C3C9=C([H])C([H])=C(CC(CCCC)CC)S9||c1(cc2c(cc1F)C(=O)/C(=C\c1cc3c(s1)c1c(s3)c3c(C1(c1ccc(cc1)CCCCCC)c1ccc(cc1)CCCCCC)cc1c(c3)C(c3c1sc1c3sc(c1)/C=C/1\C(=O)c3c(C1=C(C#N)C#N)cc(c(c3)F)F)(c1ccc(cc1)CCCCCC)c1ccc(cc1)CCCCCC)/C2=C(C#N)C#N)F,498
12,524,train,in-house,604,CC(SC(C1=CC2=C(S1)C(C3=CC=C(S3)CC(CC)CCCC)=C4C=C(C)SC4=C2C5=CC=C(S5)CC(CCCC)CC)=C67)=C7SC(C(OCC(CC)CCCC)=O)=C6[Cl]||c12cc3c(cc1C(c1c2sc2c1sc(c2)/C=C\1/C(=C(C#N)C#N)c2c(C1=O)cccc2)(c1ccc(cc1)CCCCCC)c1ccc(cc1)CCCCCC)c1c(C3(c2ccc(cc2)CCCCCC)c2ccc(cc2)CCCCCC)c2c(s1)cc(s2)/C=C\1/C(=C(C#N)C#N)c2c(C1=O)cccc2,499
12,525,train,in-house,605,FC(C(F)=C(C1=NN(N=C21)CCC(CCCC)CCCCCC)C3=CC=C(S3)C)=C2C(S4)=CC=C4C5=CC(C(CCCC(CCCCCC)CCCC)=C6SC(C)=CC6=C7CCCC(CCCC)CCCCCC)=C7S5||O=C(C(C=C(F)C=C1)=C1C/2=C(C#N)\C#N)C2=C/C(S3)=CC4=C3C(C5(C6=CC=C(CCC)C=C6)C7=CC=C(CCC)C=C7)=C(S4)C8=C5C9=C(CCCCCC)C(S%10)=C(C(CCCCCC)=C9S8)C%11=C%10C(S%12)=C(C%11(C%13=CC=C(CCC)C=C%13)C%14=CC=C(CCC)C=C%14)C%15=C%12C=C(/C=C%16C(C(C=C(F)C=C%17)=C%17C\%16=C(C#N)/C#N)=O)S%15,238
12,526,train,in-house,606,O=C(C1=C(CCC(CCCC)CC)SC(CCC(CC)CCCC)=C1C2=O)C(C2=C(C3)C(C4)=CC=C4C5=CC6=C(C(C7=CC=C(CCC(CCCC)CC)S7)=C8C=CSC8=C6C9=CC=C(CCC(CCCC)CC)S9)S5)=C3C%10=CC=CS%10||c1ccc2c(c1)C(=C(C#N)C#N)/C(=C/c1ccc(s1)c1c(cc(s1)c1sc3c(c1)C(c1c3cc3c(c1)c1c(C3(c3ccc(cc3)CCCCCC)c3ccc(cc3)CCCCCC)cc(s1)c1cc(c(s1)c1ccc(s1)/C=C/1\C(=O)c3c(C1=C(C#N)C#N)cccc3)c1ccc(s1)/C=C/1\C(=O)c3c(C1=C(C#N)C#N)cccc3)(c1ccc(cc1)CCCCCC)c1ccc(cc1)CCCCCC)c1sc(cc1)/C=C\1/C(=C(C#N)C#N)c3c(C1=O)cccc3)/C2=O,500
12,527,test,in-house,607,O=C(C1=C(CCC(CCCC)CC)SC(CCC(CC)CCCC)=C1C2=O)C(C2=C(C3)C(C4)=CC=C4C5=CC6=C(C(C7=CC=C(CCC(CCCC)CC)S7)=C8C=CSC8=C6C9=CC=C(CCC(CCCC)CC)S9)S5)=C3C%10=CC=CS%10||O=C(C1=C(SC(C2=CC3=C(C4=C(C3(CCCCCC)CCCCCC)C=C(/C=C5C(C6=CC(F)=C(C=C6C\5=C([N+]#[C-])\C#N)F)=O)S4)S2)=C17)C8=CC9=C(C%10=C(C9(CCCCCC)CCCCCC)C=C(/C=C%11/C(C%12=CC(F)=C(C=C%12C%11=O)F)=C(C#N)/[N+]#[C-])S%10)S8)C%13=C(CC(CCCC)CC)SC(CC(CCCC)CC)=C%13C7=O,501
12,528,train,in-house,608,FC1=C(C(OCC(CCCC)CC)=O)SC2=CSC(C3=CC4=C(C5=C(C(C6=CC=C(CC(CC)CCCC)S6)=C4S3)C=CS5)C7=CC=C(CC(CC)CCCC)S7)=C12||O=C(C1=CSC=C1C/2=C(C#N)\C#N)C2=C/C(O3)=CC=C3C(C=C4)=CC5=C4C(C=CC(C6=CC=C(O6)/C=C7C(C8=CSC=C8C\7=C(C#N)\C#N)=O)=C9)=C9C(CCCCCCCC)5CCCCCCCC,502
12,529,train,in-house,609,O=C(C1=C(CCC(CCCC)CC)SC(CCC(CC)CCCC)=C1C2=O)C(C2=C(C3)C(C4)=CC=C4C5=CC6=C(C(C7=CC=C(CCC(CCCC)CC)S7)=C8C=CSC8=C6C9=CC=C(CCC(CCCC)CC)S9)S5)=C3C%10=CC=CS%10||O=C(C1=C(C=C(F)C(F)=C1)C/2=C(C#N)\C#N)C2=C/C3=CC(C4(C5=CC=C(C=C5)CCCCCC)C6=CC=C(CCCCCC)C=C6)=C(C7=C4C(C=C(C8=C9C(CCCCCCCCCCCC)=CC%10=C8SC%11=C%10C(C%12=CC=C(CCCCCC)C=C%12)(C%13=CC=C(CCCCCC)C=C%13)C%14=C%11SC(/C=C%15C(C%16=C(C=C(F)C(F)=C%16)C\%15=C(C#N)\C#N)=O)=C%14)C)=C9S7)S3,503
12,530,test,in-house,610,FC(C=C(C1=C2SC=CC2=C(C3=CC(F)=C(CC(CCCC)CC)S3)C4=C1C=C(C5=CC=C(C6=C(C(C(C7=C(CC(CCCC)CC)SC(CC(CC)CCCC)=C78)=O)=C(C9=CC=CC9)S6)C8=O)S5)S4)S%10)=C%10CC(CC)CCCC||O=C(C(C=C(C(Br)=C1)Br)=C1C/2=C(C#N)/C#N)C2=C/C3=C(CCCCCCCCCCC)C(SC(C4=C5C6=C(C7=C(N6CCCCCCCC)C8=C(C(CCCCCCCCCCC)=C(S8)/C=C9C(C%10=C(C=C(Br)C(Br)=C%10)C\9=C(C#N)/C#N)=O)S7)C%11=NSN=C%114)=C%12N5CCCCCCCC)=C%12S3,33
12,531,train,in-house,611,FC(C(F)=C(C1=NN(N=C21)CC(CCCCCCCC)CCCCCC)C3=CC=C(S3)C4=CC5=C(C6=C(C(C7=CC=C(S7)C#C[Si](C(C)C)(C(C)C)C(C)C)=C5S4)C=C(C)S6)C8=CC=C(S8)C#C[Si](C(C)C)(C(C)C)C(C)C)=C2C9=CC=C(C)S9||c12cc3c(cc1C(c1c2sc2c1sc(c2)/C=C\1/C(=C(C#N)C#N)c2c(C1=O)cccc2)(c1ccc(cc1)CCCCCC)c1ccc(cc1)CCCCCC)c1c(C3(c2ccc(cc2)CCCCCC)c2ccc(cc2)CCCCCC)c2c(s1)cc(s2)/C=C\1/C(=C(C#N)C#N)c2c(C1=O)cccc2,504
12,532,test,in-house,612,FC1=C(C(OCC(CCCC)CC)=O)SC2=CSC(C3=CC4=C(C5=C(C(C6=CC=C(CC(CC)CCCC)S6)=C4S3)C=CS5)C7=CC=C(CC(CC)CCCC)S7)=C12||c12cc3c(cc1C(c1c2sc2c1sc(c2)/C=C\1/C(=C(C#N)C#N)c2c(C1=O)cccc2)(c1ccc(cc1)OCCCCCC)c1ccc(cc1)OCCCCCC)c1c(C3(c2ccc(cc2)OCCCCCC)c2ccc(cc2)OCCCCCC)c2c(s1)cc(s2)/C=C\1/C(=C(C#N)C#N)c2c(C1=O)cccc2,505
12,533,train,in-house,613,O=C(C1=C(CCC(CCCC)CC)SC(CCC(CC)CCCC)=C1C2=O)C(C2=C(C3)C(C4)=CC=C4C5=CC6=C(C(C7=CC=C(CCC(CCCC)CC)S7)=C8C=CSC8=C6C9=CC=C(CCC(CCCC)CC)S9)S5)=C3C%10=CC=CS%10||O=C(C1=C(C=C(F)C(F)=C1)C/2=C/C#N)C2=C/C3=C4C(OCCO4)=C(S3)C(C=C5)=CC6=C5C7=CC8=C(C(C=CC(C9=C(OCCO%10)C%10=C(/C=C%11C(C%12=C(C=C(F)C(F)=C%12)C\%11=C(C#N)\C#N)=O)S9)=C%13)=C%13C8(CCCCCCCC)CCCCCCCC)C=C7C6(CCCCCCCC)CCCCCCCC,506
12,534,train,in-house,614,FC1=C(C(OCC(CCCC)CC)=O)SC2=CSC(C3=CC4=C(C5=C(C(C6=CC=C(CC(CC)CCCC)S6)=C4S3)C=CS5)C7=CC=C(CC(CC)CCCC)S7)=C12||O=C(C1=CC(F)=C(C=C1C/2=C(C#N)\C#N)F)C2=C/C3=CC(SCC(CC)CCCC)=C(C4=CC5=C(C6=CC7=C(C8=C(C7(C9=CC=C(CCCCCC)C=C9)C%10=CC=C(CCCCCC)C=C%10)C=C(C%11=C(SCC(CCCC)CC)C=C(/C=C%12C(C%13=CC(F)=C(C=C%13C\%12=C(C#N)\C#N)F)=O)S%11)S8)C=C6C5(C%14=CC=C(CCCCCC)C=C%14)C%15=CC=C(CCCCCC)C=C%15)S4)S3,507
12,535,train,in-house,615,c1(c2c3c(c(c4c2cc(s4)c2ccc(s2)c2sc(c4c2C(=O)c2c(C4=O)c(sc2C[C@@H](CC)CCCC)C[C@H](CC)CCCC)c2cccs2)c2ccc(s2)SC[C@@H](CC)CCCC)ccs3)ccc(s1)SC[C@@H](CC)CCCC||c1ccc2c(c1)C(=O)[C](C2=C(C#N)C#N)[CH]c1cc2c(s1)c1c(s2)c2c(C1(c1ccc(cc1)SCCCCCCCC)c1ccc(cc1)SCCCCCCCC)cc1c(c2)C(c2c1sc1c2sc(c1)/C=C\1/C(=O)c2c(C1=C(C#N)C#N)cccc2)(c1ccc(cc1)SCCCCCCCC)c1ccc(cc1)SCCCCCCCC,508
12,536,test,in-house,616,O=C1C2=C(CC(CC)CCCC)SC(CC(CC)CCCC)=C2C(C3=C(C4=CC=C(C5=CC(C(C6=CC(F)=C(CC(CC)CCCC)S6)=C(SC=C7)C7=C8C9=CC(F)=C(CC(CC)CCCC)S9)=C8S5)S4)SC(C%10=CC=CS%10)=C31)=O||c1cccc2c1C(=C(C#N)C#N)/C(=C/c1cc3c(s1)c1c([se]3)c3c(C1(c1ccc(cc1)CCCCCC)c1ccc(cc1)CCCCCC)cc1c(c3)C(c3c1[se]c1c3sc(c1)/C=C\1/C(=C(C#N)C#N)c3c(C1=O)cccc3)(c1ccc(cc1)CCCCCC)c1ccc(cc1)CCCCCC)/C2=O,509
12,537,train,in-house,617,FC(C(F)=C(C1=NN(N=C21)CCC(CCCC)CCCCCC)C3=CC=C(S3)C)=C2C(S4)=CC=C4C5=CC(C(CCCC(CCCCCC)CCCC)=C6SC(C)=CC6=C7CCCC(CCCC)CCCCCC)=C7S5||O=C(C(C=C(C(F)=C1)F)=C1C/2=C(C#N)\C#N)C2=C/C3=CC(C(C4=CC=C(CCCCCC)C=C4)(C5=CC=C(CCCCCC)C=C5)C6=C7C=CC8=C6C=CC9=C8C(C%10=CC=C(CCCCCC)C=C%10)(C%11=C9SC(/C=C%12C(C(C=C(C(F)=C%13)F)=C%13C\%12=C(C#N)\C#N)=O)=C%11)C%14=CC=C(CCCCCC)C=C%14)=C7S3,510
12,538,train,in-house,618,O=C(C1=C(CCC(CCCC)CC)SC(CCC(CC)CCCC)=C1C2=O)C(C2=C(C3)C(C4)=CC=C4C5=CC6=C(C(C7=CC=C(CCC(CCCC)CC)S7)=C8C=CSC8=C6C9=CC=C(CCC(CCCC)CC)S9)S5)=C3C%10=CC=CS%10||O=C(/C(S/1)=C/C(C2=NSN=C32)=CC=C3C4=CC(SC5=C6C(C(C=C7)=CC=C7CCCCCC)(C(C=C8)=CC=C8CCCCCC)C(C5=C9)=CC%10=C9C(C%11=CC=C(CCCCCC)C=C%11)(C%12=CC=C(C=C%12)CCCCCC)C%13=C%10SC%14=C%13SC(C(C%15=NSN=C%16%15)=CC=C%16/C=C(C%17=O)\S/C(N%17CCCC)=C(C#N)/C#N)=C%14)=C6S4)N(CCCC)C1=C(C#N)\C#N,511
12,539,train,in-house,619,O=C(C1=C(F)C2=C(C)SC(C3=CC4=C(C5=C(C(C6=CC=C(CCCCCCCC)[Se]6)=C4S3)C=C(C)S5)C7=CC=C(CCCCCCCC)[Se]7)=C2S1)[O]CCCCCCCC||O=C(C1=CC=CC=C1C/2=C(C#N)\C#N)C2=C/C3=CC4=C(C(C(C5=CC=C(CCCCCC)S5)(C6=C7C=C8C(C9=CC=C(S9)CCCCCC)(C%10=CC=C(S%10)CCCCCC)C%11=C(SC%12=C%11SC(/C=C%13C(C%14=CC=CC=C%14C\%13=C(C#N)\C#N)=O)=C%12)C8=C6)C(S%15)=CC=C%15CCCCCC)=C7S4)S3,512
12,540,train,in-house,620,FC1=C(C(OCC(CCCC)CC)=O)SC2=CSC(C3=CC4=C(C5=C(C(C6=CC=C(CC(CC)CCCC)S6)=C4S3)C=CS5)C7=CC=C(CC(CC)CCCC)S7)=C12||c1c2c(cc(c1F)F)C(=O)/C(=C\c1cc(c(s1)c1sc3c(c1)[C@](c1c3sc(c1)c1c(cc(s1)/C=C\1/C(=C(C#N)C#N)c3c(C1=O)cc(c(c3)F)F)OC[C@H](CCCC)CC)(C[C@@H](CC)CCCC)C[C@H](CC)CCCC)OC[C@H](CCCC)CC)/C2=C(C#N)C#N,513
12,541,test,in-house,622,CC1=CC=C(S1)C2=C(C(F)=C(C3=NON=C23)C4=CC=C(S4)C5=C(CC(CCCCCC)CCCCCCCC)C=C(C6=C(CC(CCCCCCCC)CCCCCC)C=C(C(C7=NON=C78)=C(C(F)=C8C9=CC(CC(CCCCCC)CCCCCCCC)=C(C%10=CC(CC(CCCCCC)CCCCCCCC)=C(C)S%10)S9)F)S6)S5)F||O=C(C1=CC=CC=C1C/2=C(C#N)\C#N)C2=C/C3=CC4=C(C(C(C5=CC=C(CCCCCC)S5)(C6=C7C=C8C(C9=CC=C(S9)CCCCCC)(C%10=CC=C(S%10)CCCCCC)C%11=C(SC%12=C%11SC(/C=C%13C(C%14=CC=CC=C%14C\%13=C(C#N)\C#N)=O)=C%12)C8=C6)C(S%15)=CC=C%15CCCCCC)=C7S4)S3,514
12,542,train,in-house,623,FC1=C(F)C=C(N=C(OCC(CCCCCC)CCCCCCCC)C=N2)C2=C1C3=CC=CS3||c1scc2c1C(=C(C#N)C#N)/C(=C/c1cc3c(s1)c1c(C3(c3ccc(cc3)CCCCCC)c3ccc(cc3)CCCCCC)cc3c(c1)C(c1c3sc(c1)/C=C\1/C(=C(C#N)C#N)c3c(C1=O)csc3)(c1ccc(cc1)CCCCCC)c1ccc(cc1)CCCCCC)/C2=O,515
12,543,train,in-house,624,CC(S1)=CC=C1C(C2=C(C(C3=CC=C(S3)C)=C4S5)C=C(C)S2)=C4C=C5C(S6)=CC=C6C(C7=NN(N=C87)C)=CC=C8C9=CC=C(C)S9||c12cc3c(cc1C(c1c2sc2c1sc(c2)/C=C\1/C(=C(C#N)C#N)c2c(C1=O)cccc2)(c1ccc(cc1)CCCCCC)c1ccc(cc1)CCCCCC)c1c(C3(c2ccc(cc2)CCCCCC)c2ccc(cc2)CCCCCC)c2c(s1)cc(s2)/C=C\1/C(=C(C#N)C#N)c2c(C1=O)cccc2,516
12,544,train,in-house,625,FC1=C(F)C=C(N=C(OCC(CCCCCC)CCCCCCCC)C=N2)C2=C1C3=CC=CS3||O=C(C1=CC(F)=C(C=C1C/2=C(C#N)/C#N)F)C2=C/C3=CC([N]4[Mg])=C(S3)C5=C4C=C(C6=C7C8=CC([N]([Mg])C9=C%10SC(/C=C%11C(C%12=CC(F)=C(C=C%12C\%11=C(C#N)/C#N)F)=O)=C9)=C%10C=C8C(B=O)6B=O)C(C7(B=O)B=O)=C5,517
12,545,train,in-house,626,ClC1=C(C2=C(Cl)C=C(S2)C(OC)=O)SC3=C(C)SC(C4=CC(C(S4)=C(C5=C6SC(C)=C5)C7=CC=C(S7)CC(CC)CCCC)=C6C8=CC=C(S8)CC(CCCCC)CC)=C13||c12cc3c(cc1C(c1c2sc2c1sc(c2)/C=C\1/C(=C(C#N)C#N)c2c(C1=O)cccc2)(c1ccc(cc1)CCCCCC)c1ccc(cc1)CCCCCC)c1c(C3(c2ccc(cc2)CCCCCC)c2ccc(cc2)CCCCCC)c2c(s1)cc(s2)/C=C\1/C(=C(C#N)C#N)c2c(C1=O)cccc2,518
12,546,train,in-house,627,O=C(C1=C(CCC(CCCC)CC)SC(CCC(CC)CCCC)=C1C2=O)C(C2=C(C3)C(C4)=CC=C4C5=CC6=C(C(C7=CC=C(CCC(CCCC)CC)S7)=C8C=CSC8=C6C9=CC=C(CCC(CCCC)CC)S9)S5)=C3C%10=CC=CS%10||O=C(C1=C(C/2=C(C#N)\C#N)C=CS1)C2=C/C3=CSC(C4=CC5=C(C(C=C6C(C7=CC=C(C=C7)CCCCCC)(C8=CC=C(C=C8)CCCCCC)C9=C(SC(C%10=C(OCCCCCCCC)C(/C=C%11C(C%12=C(C\%11=C(C#N)\C#N)C=CS%12)=O)=CS%10)=C9)C6=C%13)=C%13C5(C(C=C%14)=CC=C%14CCCCCC)C(C=C%15)=CC=C%15CCCCCC)S4)=C3OCCCCCCCC,519
12,547,train,in-house,628,FC1=C(C(OCC(CCCC)CC)=O)SC2=CSC(C3=CC4=C(C5=C(C(C6=CC=C(CC(CC)CCCC)S6)=C4S3)C=CS5)C7=CC=C(CC(CC)CCCC)S7)=C12||c12cc3c(cc1C(c1c2sc2c1sc(c2)/C=C\1/C(=C(C#N)C#N)c2c(C1=O)cccc2)(c1cccc(c1)OCCCCCC)c1cc(ccc1)OCCCCCC)c1c(C3(c2cc(ccc2)OCCCCCC)c2cccc(c2)OCCCCCC)c2c(s1)cc(s2)/C=C\1/C(=C(C#N)C#N)c2c(C1=O)cccc2,520
12,548,train,in-house,629,O=C(C1=C(CCC(CCCC)CC)SC(CCC(CC)CCCC)=C1C2=O)C(C2=C(C3)C(C4)=CC=C4C5=CC6=C(C(C7=CC=C(CCC(CCCC)CC)S7)=C8C=CSC8=C6C9=CC=C(CCC(CCCC)CC)S9)S5)=C3C%10=CC=CS%10||O=C(C1=C(C=CC=C1)C/2=C(C#N)\C#N)C2=C/C3=CC(C4(C5=CC=C(C=C5)CCCCCC)C6=CC=C(CCCCCC)C=C6)=C(C7=C4C(C=C(C8=C9C(CCCCCCCCCCCC)=CC%10=C8SC%11=C%10C(C%12=CC=C(CCCCCC)C=C%12)(C%13=CC=C(CCCCCC)C=C%13)C%14=C%11SC(/C=C%15C(C%16=C(C=CC=C%16)C\%15=C(C#N)\C#N)=O)=C%14)CCCCCCCCCCCC)=C9S7)S3,521
12,549,train,in-house,630,ClC(C=C1C(C2=C3SC(C4=CC=C(S4)C(C5=NN(N=C65)CC(CCCCCC)CCCCCCCC)=C(OC)C(OC)=C6C7=CC=C(C)S7)=C2)=C8SC(C)=CC8=C3C9=CC(Cl)=C(S9)CC)=C(S1)CC||O=C(C/1=C\C2=C(C3=C(S2)C(N4C5=CC=C(CCCCCC)C=C5)=C(C6=C4C7=C(C8=NSN=C68)C(SC9=C%10SC(/C=C%11C(C%12=CC(F)=C(C=C%12C\%11=C(C#N)/C#N)F)=O)=C9CCCCCCCCCCC)=C%10N7C%13=CC=C(CCCCCC)C=C%13)S3)CCCCCCCCCCC)C%14=CC(F)=C(F)C=C%14C1=C(C#N)/C#N,522
12,550,train,in-house,632,O=C(C1=C(CCC(CCCC)CC)SC(CCC(CC)CCCC)=C1C2=O)C(C2=C(C3)C(C4)=CC=C4C5=CC6=C(C(C7=CC=C(CCC(CCCC)CC)S7)=C8C=CSC8=C6C9=CC=C(CCC(CCCC)CC)S9)S5)=C3C%10=CC=CS%10||O=C(C1=CC=CC=C1C/2=C(C#N)\C#N)C2=C/C3=CC(CC(CCCC)CC)=C(S3)C4=CC(C5(C6=CC=C(CCCCCC)C=C6)C7=CC=C(CCCCCC)C=C7)=C(C8=CC9=C(C%10=C(C9(C%11=CC=C(CCCCCC)C=C%11)C%12=CC=C(C=C%12)CCCCCC)C=C(C%13=C(CC(CC)CCCC)C=C(/C=C%14C(C%15=CC=CC=C%15C\%14=C(C#N)\C#N)=O)S%13)S%10)C=C85)S4,523
12,551,validation,in-house,633,FC1=C(C2=CC(CC(CCCCCCCCCC)CCCCCCCCCCCC)=C(C3=CC(F)=C(C4=C(F)C=C(C)S4)S3)S2)C5=NN(CCCC)N=C5C(C6=CC(CC(CCCCCCCCCC)CCCCCCCCCCCC)=C(S6)C)=C1F||O=C(C1=CC=CC=C1C/2=C(C#N)\C#N)C2=C/C3=CC(CC(CCCC)CC)=C(S3)C4=CC(C5(C6=CC=C(CCCCCC)C=C6)C7=CC=C(CCCCCC)C=C7)=C(C8=CC9=C(C%10=C(C9(C%11=CC=C(CCCCCC)C=C%11)C%12=CC=C(C=C%12)CCCCCC)C=C(C%13=C(CC(CC)CCCC)C=C(/C=C%14C(C%15=CC=CC=C%15C\%14=C(C#N)\C#N)=O)S%13)S%10)C=C85)S4,524
12,552,test,in-house,634,FC1=C(C(OCC(CCCC)CC)=O)SC2=CSC(C3=CC4=C(C5=C(C(C6=CC=C(CC(CC)CCCC)S6)=C4S3)C=CS5)C7=CC=C(CC(CC)CCCC)S7)=C12||O=C1C(/C(C2=C1C=CC=C2)=C(C#N)\C#N)=C\C3=CC(OCC(CCCC)CC)=C(C4=CC(C(C5=CC(C6=C7C=C(C8=C(C=C(/C=C(C9=O)/C(C%10=C9C=CC=C%10)=C(C#N)\C#N)S8)OCC(CCCC)CC)S6)=C(C7(C%11=CC=C(C=C%11)CCCCCC)C%12=CC=C(C=C%12)CCCCCC)C=C%135)(C%14=CC=C(C=C%14)CCCCCC)C(C=C%15)=CC=C%15CCCCCC)=C%13S4)S3,525
12,553,train,in-house,635,O=C(C1=C(CCC(CCCC)CC)SC(CCC(CC)CCCC)=C1C2=O)C(C2=C(C3)C(C4)=CC=C4C5=CC6=C(C(C7=CC=C(CCC(CCCC)CC)S7)=C8C=CSC8=C6C9=CC=C(CCC(CCCC)CC)S9)S5)=C3C%10=CC=CS%10||O=C(C1=CC(F)=C(F)C=C1C/2=C(C#N)\C#N)C2=C/C3=CC4=C(C(C(C5=CC=C(CCCCCC)C=C5)(C6=CC=C(CCCCCC)C=C6)C7=C8C=C9C(C(SC%10=C%11SC(C%12=CC=C(C%13=C(F)C(F)=C(C%14=CC=C(C%15=CC%16=C(C(C(C%17=CC=C(CCCCCC)C=C%17)(C%18=CC=C(CCCCCC)C=C%18)C%19=C%20C=C%21C(C(SC%22=C%23SC(/C=C%24C(C(C=C(F)C(F)=C%25)=C%25C\%24=C(C#N)\C#N)=O)=C%22)=C%23C%21(C%26=CC=C(CCCCCC)C=C%26)C%27=CC=C(CCCCCC)C=C%27)=C%19)=C%20S%16)S%15)S%14)C%28=NSN=C%13%28)S%12)=C%10)=C%11C9(C%29=CC=C(CCCCCC)C=C%29)C%30=CC=C(CCCCCC)C=C%30)=C7)=C8S4)S3,526
12,554,train,in-house,636,FC(C=C(C1=C2SC=CC2=C(C3=CC(F)=C(CC(CCCC)CC)S3)C4=C1C=C(C5=CC=C(C6=C(C(C(C7=C(CC(CCCC)CC)SC(CC(CC)CCCC)=C78)=O)=C(C9=CC=CC9)S6)C8=O)S5)S4)S%10)=C%10CC(CC)CCCC||O=C(C(C=C(F)C(F)=C1)=C1C/2=C(C#N)/C#N)C2=C/C3=CC(SC(C4=C5C6=C(S4)C(OC7(C8=CC=C(CCCCCC)C=C8)C9=CC=C(CCCCCC)C=C9)=C(C%10=C7C%11=C(C=C(S%11)/C=C%12C(C(C=C(F)C(F)=C%13)=C%13C\%12=C(C#N)/C#N)=O)S%10)S6)=C%14C(C%15=CC=C(CCCCCC)C=C%15)(O5)C%16=CC=C(CCCCCC)C=C%16)=C%14S3,527
12,555,train,in-house,639,O=C(OCC)/C(C#N)=C/C1=CC(CCCCCCCC)=C(S1)C2=CC(CCCCCCCC)=C(S2)C3=CC(CCCCCCCC)=C(S3)C4=CC=C(C5=C(CCCCCCCC)C=C(C6=C(CCCCCCCC)C=C(C7=C(CCCCCCCC)C=C(/C=C(C(OCC)=O)\C#N)S7)S6)S5)S4||O=C(C/1=C\C2=C(C3=C(S2)C(N4C5=CC=C(CCCCCC)C=C5)=C(C6=C4C7=C(C8=NSN=C68)C(SC9=C%10SC(/C=C%11C(C%12=CC(F)=C(C=C%12C\%11=C(C#N)/C#N)F)=O)=C9CCCCCCCCCCC)=C%10N7C%13=CC=C(CCCCCC)C=C%13)S3)CCCCCCCCCCC)C%14=CC(F)=C(F)C=C%14C1=C(C#N)/C#N,528
12,556,train,in-house,640,FC1=C(C(OCC(CCCC)CC)=O)SC2=CSC(C3=CC4=C(C5=C(C(C6=CC=C(CC(CC)CCCC)S6)=C4S3)C=CS5)C7=CC=C(CC(CC)CCCC)S7)=C12||O=C(C1=CC=C(F)C=C1C/2=C(C#N)\C#N)C2=C/C3=CC(OCC(CC)CCCC)=C(C4=CC5=C(C6=CC7=C(C8=C(C7(C9=CC=C(C=C9)CCCCCC)C%10=CC=C(C=C%10)CCCCCC)C=C(C%11=C(OCC(CC)CCCC)C=C(/C=C%12C(C%13=CC=C(F)C=C%13C\%12=C(C#N)\C#N)=O)S%11)S8)C=C6C5(C%14=CC=C(C=C%14)CCCCCC)C%15=CC=C(C=C%15)CCCCCC)S4)S3,529
12,557,test,in-house,643,c1(c2c3c(c(c4c2cc(s4)c2ccc(s2)c2sc(c4c2C(=O)c2c(C4=O)c(sc2C[C@@H](CC)CCCC)C[C@H](CC)CCCC)c2cccs2)c2ccc(s2)SC[C@@H](CC)CCCC)ccs3)ccc(s1)SC[C@@H](CC)CCCC||c1ccc2c(c1)C(=O)/C(=C/c1cc3c(s1)c1c(s3)c3c(C1(c1ccc(cc1)SCCCCCC)c1ccc(cc1)SCCCCCC)cc1c(c3)C(c3c1sc1c3sc(c1)/C=C\1/C(=O)c3c(C1=C(C#N)C#N)cccc3)(c1ccc(cc1)SCCCCCC)c1ccc(cc1)SCCCCCC)/C2=C(C#N)C#N,530
12,558,train,in-house,645,CC1=CC(C(C2=CC=C(CC(CCCCCC)CCCC)S2)=C3SC(C4=C(CCCCCCCC)C=C(C5=C(C(F)=C(C6=NSN=C56)C7=CC(CCCCCCCC)=C(S7)C)F)S4)=CC3=C8C9=CC=C(CC(CCCC)CCCCCC)S9)=C8S1||c12cc3c(cc1C(c1c2sc2c1sc(c2)/C=C\1/C(=C(C#N)C#N)c2c(C1=O)cccc2)(c1ccc(cc1)CCCCCC)c1ccc(cc1)CCCCCC)c1c(C3(c2ccc(cc2)CCCCCC)c2ccc(cc2)CCCCCC)c2c(s1)cc(s2)/C=C\1/C(=C(C#N)C#N)c2c(C1=O)cccc2,396
12,559,train,in-house,646,CC1=CC(C(C2=CC=C(S2)CCCCCCCCCCCC)=C3SC(C4=C(C(N(C5=O)CCCCCCCC)=O)C5=C(C)S4)=CC3=C6C7=CC=C(S7)CCCCCCCCCCCC)=C6S1||N#C/C(C#N)=C(C1=CC=CC=C1C2=O)/C2=C/C3=CC4=C(C5=C(C=C6C(C(CCCCCC)(CCCCCC)C7=C6SC(/C=C8/C(C9=CC=CC=C9C8=O)=C(C#N)/C#N)=C7)=C5)C4(CCCCCC)CCCCCC)S3,531
12,560,test,in-house,648,O=C1C2=C(CC(CC)CCCC)SC(CC(CC)CCCC)=C2C(C3=C(C4=CC=C(C5=CC(C(C6=CC(F)=C(CC(CC)CCCC)S6)=C(SC=C7)C7=C8C9=CC(F)=C(CC(CC)CCCC)S9)=C8S5)S4)SC(C%10=CC=CS%10)=C31)=O||CCCCCCC(C=C1)=CC=C1C2(C3=C(C4=C2C(C=C([Se]C5=C6C(C7=CC=C(C=C7)CCCCCC)(C8=C5SC(/C=C9/C(C%10=CC=CC=C%10C9=O)=C(C#N)/C#N)=C8)C%11=CC=C(C=C%11)CCCCCC)C6=C%12)=C%12[Se]4)SC(/C=C%13C(C%14=CC=CC=C%14C/%13=C(C#N)/C#N)=O)=C3)C(C=C%15)=CC=C%15CCCCCC,532
12,561,validation,in-house,649,CC1=CC(C(C2=CC(F)=C(S2)CC(CC)CCCC)=C3SC(C4=CC=C(S4)C5=C(C(C6=C(SC(CC(CCCC)CC)=C6C7=O)CC(CC)CCCC)=O)C7=C(C8=CC=C(S8)C)S5)=CC3=C9C%10=CC(F)=C(S%10)CC(CCCC)CC)=C9S1||O=C(C(C=CC=C1)=C1C/2=C(C#N)\C#N)C2=C/C3=CC(SC(C4=C5C6=C(C7=C(N6CC(CCCC)CC)C8=C(C=C(S8)/C=C9C(C%10=C(C=CC=C%10)C\9=C(C#N)\C#N)=O)S7)C%11=NN(N=C4%11)CC(CC)CCCC)=C%12N5CC(CC)CCCC)=C%12S3,533
12,562,validation,in-house,650,[Cl]C1=C(CC)SC(C2=C3C(C=C(C)C3)C(C4=CC([Cl])=C(S4)CC)=C5SC(C6=CC=C(S6)C7=C(C(C8=C(SC(CC)=C8C9=O)CC)=O)C9=C(C%10=CC=C(S%10)C)S7)=CC25)=C1||O=C(C(C=C(C(F)=C1)F)=C1C/2=C(C#N)\C#N)C2=C/C3=CC(C4(C5=CC=C(C=C5)CCCCCC)C(C=C6)=CC=C6CCCCCC)=C(C(C=C7C8(C(C=C9)=CC=C9CCCCCC)C(C=C%10)=CC=C%10CCCCCC)=C4C=C7C%11=C8C=C(/C=C%12C(C(C=C(C(F)=C%13)F)=C%13C\%12=C(C#N)\C#N)=O)S%11)S3,534
12,563,test,in-house,651,O=C(C1=C(CCC(CCCC)CC)SC(CCC(CC)CCCC)=C1C2=O)C(C2=C(C3)C(C4)=CC=C4C5=CC6=C(C(C7=CC=C(CCC(CCCC)CC)S7)=C8C=CSC8=C6C9=CC=C(CCC(CCCC)CC)S9)S5)=C3C%10=CC=CS%10||O=C(C1=CC(F)=C(C=C1C/2=C(C#N)\C#N)F)C2=C\C3=CC4=C(S3)C(OCC)=C5C(N(C(CC)CCCC)C6=C7C8=NSN=C8C9=C6N(C(CC)CCCC)C%10=C9SC%11=C%10C(OCC)=C%12SC(/C=C%13C(C%14=CC(F)=C(C=C%14C/%13=C(C#N)/C#N)F)=O)=CC%12=C%11OCC)=C7SC5=C4OCC,535
12,564,test,in-house,652,FC1=C(C2=CC=C(C)S2)C3=NN(CCOC)N=C3C(C4=CC=C(C5=CC6=C(C7=C(C(CCC(CCCCCC)CCCC)=C6S5)C=C(C)S7)CCC(CCCC)CCCCCC)S4)=C1F||O=C(C1=CC=CC=C1C/2=C(C#N)/C#N)C2=C/C3=CC(SC4C5C(C)=C(C(C6=CC=C(C=C6)CCCCCC)(C7=CC=C(C=C7)CCCCCC)C8=CSC9=C8SC(/C=C%10C(C(C=CC=C%11)=C%11C\%10=C(C#N)/C#N)=C)=C9)C=C(C)C5C(C%12=CC=C(C=C%12)CCCCCC)(C%13=CC=C(C=C%13)CCCCCC)C%144)=C%14S3,536
12,565,train,in-house,653,FC1=C(F)C=C(N=C(OCC(CCCCCC)CCCCCCCC)C=N2)C2=C1C3=CC=CS3||O=C(C1=CC(F)=C(C=C1C/2=C(C#N)/C#N)F)C2=C/C3=CC([S]4)=C(S3)C(C=C5C6(B=O)B=O)=C4C=C5C(C7(B=O)B=O)=C6C(C=C8[S]9)=C7C=C8C(S%10)=C9C=C%10/C=C(CC%11=CC(F)=C(C=C%11%12)F)/C%12=C(C#N)\C#N,537
12,566,train,in-house,654,CC1=CC=C(S1)C2=CC=C(S2)C(SC(C3=CC4=C(S3)C(SC(C5=CC(CC(CCCCCCCCCCCC)CCCCCCCCCC)=C(C)S5)=C6)=C6C7=NON=C47)=C8)=C8CC(CCCCCCCCCCCC)CCCCCCCCCC||c12cc3c(cc1C(c1c2sc2c1sc(c2)/C=C\1/C(=C(C#N)C#N)c2c(C1=O)cccc2)(c1ccc(cc1)CCCCCC)c1ccc(cc1)CCCCCC)c1c(C3(c2ccc(cc2)CCCCCC)c2ccc(cc2)CCCCCC)c2c(s1)cc(s2)/C=C\1/C(=C(C#N)C#N)c2c(C1=O)cccc2,538
12,567,test,in-house,655,O=C(C1=C(CCC(CCCC)CC)SC(CCC(CC)CCCC)=C1C2=O)C(C2=C(C3)C(C4)=CC=C4C5=CC6=C(C(C7=CC=C(CCC(CCCC)CC)S7)=C8C=CSC8=C6C9=CC=C(CCC(CCCC)CC)S9)S5)=C3C%10=CC=CS%10||O=C(/C(S/1)=C/C(C2=NSN=C32)=CC=C3C4=CC(SC5=C6C(C(C=C7)=CC=C7CCCCCC)(C(C=C8)=CC=C8CCCCCC)C(C5=C9)=CC%10=C9C(C%11=CC=C(CCCCCC)C=C%11)(C%12=CC=C(C=C%12)CCCCCC)C%13=C%10SC%14=C%13SC(C(C%15=NSN=C%16%15)=CC=C%16/C=C(C%17=O)\S/C(N%17CC)=C(C#N)/C#N)=C%14)=C6S4)N(CC)C1=C(C#N)\C#N,539
12,568,test,in-house,657,O=C1C2=C(CC(CC)CCCC)SC(CC(CC)CCCC)=C2C(C3=C(C4=CC=C(C5=CC(C(C6=CC(F)=C(CC(CC)CCCC)S6)=C(SC=C7)C7=C8C9=CC(F)=C(CC(CC)CCCC)S9)=C8S5)S4)SC(C%10=CC=CS%10)=C31)=O||CCC(CCCC)CN1C2=C(C=C(C(C3=CC=C(CCCCCC)C=C3)(C4=CC=C(CCCCCC)C=C4)C5=C6SC7=C5SC(/C=C8C(C(C=C([H])C([H])=C9)=C9C\8=C(C#N)\C#N)=O)=C7)C6=C2)C%10=C1C=C(C%11=C%12C%13=C(C=C(S%13)/C=C%14C(C%15=CC([H])=C(C=C%15C\%14=C(C#N)/C#N)[H])=O)S%11)C(C%12(C%16=CC=C(CCCCCC)C=C%16)C%17CC=C(C=C%17)CCCCCC)=C%10,540
12,569,test,in-house,658,FC1=C(C(OCC(CCCC)CC)=O)SC2=CSC(C3=CC4=C(C5=C(C(C6=CC=C(CC(CC)CCCC)S6)=C4S3)C=CS5)C7=CC=C(CC(CC)CCCC)S7)=C12||FC1=CC(C(C2=C/C3=C4C(C(F)=C(C(OC(CC)CCCCC)=O)S4)=C(C5=CC6=C(C7=C(C6(C8=CC=C(CCCCCC)C=C8)C9=CC=C(CCCCCC)C=C9)C=C(C%10=C%11C=C(C%12=C%13C(SC(C(OC(CC)CCCCC)=O)=C%13F)=C(/C=C%14C(C%15=C(C\%14=C(C#N)\C#N)C=C([H])C(F)=C%15)=O)S%12)S%10)C(C%11(C%16=CC=C(CCCCCC)C=C%16)C%17C=CC(CCCCCC)=CC%17)=C7)S5)S3)=O)=C(C/2=C(C#N)/C#N)C=C1[H],541
12,570,train,in-house,660,O=C(C1=C(CCC(CCCC)CC)SC(CCC(CC)CCCC)=C1C2=O)C(C2=C(C3)C(C4)=CC=C4C5=CC6=C(C(C7=CC=C(CCC(CCCC)CC)S7)=C8C=CSC8=C6C9=CC=C(CCC(CCCC)CC)S9)S5)=C3C%10=CC=CS%10||S=C(N(C/1=O)CC)SC1=C/C(C2=N[Se]N=C23)=CC=C3C4=CC(C5(CCCCCCCC)CCCCCCCC)=C(C(C=C6C7(CCCCCCCC)CCCCCCCC)=C5C=C6C8=C7C=C(C9=CC=C(C%10=N[Se]N=C%109)/C=C%11SC(N(C\%11=O)CC)=S)S8)S4,542
12,571,train,in-house,662,FC1=C(C(OCC(CCCC)CC)=O)SC2=CSC(C3=CC4=C(C5=C(C(C6=CC=C(CC(CC)CCCC)S6)=C4S3)C=CS5)C7=CC=C(CC(CC)CCCC)S7)=C12||c1c2c(ccc1)C(=O)/C(=C\c1sc(cc1)c1ccc3c(c1)C(c1c3ccc(c1)c1sc(cc1)/C=C\1/C(=C(C#N)C#N)c3c(C1=O)cccc3)(CCCCCCCCCC)CCCCCCCCCC)/C2=C(C#N)C#N,543
12,572,train,in-house,663,FC1=CC(C2=CCC(C)S2)=C3C(N=C(C(C4=CC=CC(OCCCCCCCC)=C4)=N3)C5=CC=CC(OCCCCCCCC)=C5)=C1C6=CC=C(S6)C7=CC8=C(C9=C(C(C%10=CC(CCCCCCCC)=C(S%10)CCCCCCCC)=C8S7)C=C(C)S9)C%11=CC(CCCCCCCC)=C(S%11)CCCCCCCC||O=C(C1=C(C=CC(F)=C1)C/2=C(C#N)\C#N)C2=C/C3=CC4=C(C(C5(C6=CC=C(S6)CCCCCC)C(S7)=CC=C7CCCCCC)=C(C(C=C8C9(C%10=CC=C(S%10)CCCCCC)C%11=CC=C(S%11)CCCCCC)=C5C=C8C%12=C9C%13=C(C=C(S%13)/C=C%14C(C%15=C(C=CC(F)=C%15)C\%14=C(C#N)\C#N)=O)S%12)S4)S3,544
12,573,validation,in-house,664,FC1=C(C(OCC(CCCC)CC)=O)SC2=CSC(C3=CC4=C(C5=C(C(C6=CC=C(CC(CC)CCCC)S6)=C4S3)C=CS5)C7=CC=C(CC(CC)CCCC)S7)=C12||O=C(C(C=CC=C1)=C1C/2=C(C#N)/C#N)C2=C/C3=CC(C4(CCCCCCCC)CCCCCCCC)=C(C3)C(C4=C5)=CC(C5=C6)=CC7=C6C8=C(C7(CCCCCCCC)CCCCCCCC)C=C(/C=C9C(C(C=CC=C%10)=C%10C\9=C(C#N)/C#N)=O)C8,545
12,574,train,in-house,665,FC1=C(F)C=C(N=C(OCC(CCCCCC)CCCCCCCC)C=N2)C2=C1C3=CC=CS3||O=C(C1=CC(F)=C(C=C1C/2=C(C#N)\C#N)F)C2=C/C3=CC(SC(C4=C5C6=C(C7=C(N6CC(CCC)CCCC)C8=C(C=C(S8)/C=C9C(C%10=CC(F)=C(C=C%10C\9=C(C#N)\C#N)F)=O)S7)C%11=NN(N=C4%11)CC(CC)CCCC)=C%12N5CC(CCCC)CC)=C%12S3,546
12,575,test,in-house,667,FC(C(F)=C(C1=NSN=C21)C3=CC(CCCCCCCCCCCCCCCCCCCC)=C(S3)C)=C2C4=CC(C#CC#CC#CC#CC#CC#CC#CC#CC#CC#C)=C(S4)C(S5)=CC=C5C6=CC=C7C=C(C)SC7=C6.[HH].[HH].[HH].[HH].[HH].[HH].[HH].[HH].[HH].[HH]||c12cc3c(cc1C(c1c2sc2c1sc(c2)/C=C\1/C(=C(C#N)C#N)c2c(C1=O)cccc2)(c1ccc(cc1)CCCCCC)c1ccc(cc1)CCCCCC)c1c(C3(c2ccc(cc2)CCCCCC)c2ccc(cc2)CCCCCC)c2c(s1)cc(s2)/C=C\1/C(=C(C#N)C#N)c2c(C1=O)cccc2,547
12,576,train,in-house,668,FC(C=C(C1=C2SC=CC2=C(C3=CC(F)=C(CC(CCCC)CC)S3)C4=C1C=C(C5=CC=C(C6=C(C(C(C7=C(CC(CCCC)CC)SC(CC(CC)CCCC)=C78)=O)=C(C9=CC=CC9)S6)C8=O)S5)S4)S%10)=C%10CC(CC)CCCC||[F]C1=CC2=C(C(/C(C2=O)=C/C3=CC4=C(C(C=C5C(CCCCCC)(CCCCCC)C6=C(SC(/C=C7C(C8=C(C=C(F)C(F)=C8)C\7=C(C#N)\C#N)=O)=C6)C5=C9)=C9C4(CCCCCC)CCCCCC)S3)=C(C#N)\C#N)C=C1[F],548
12,577,test,in-house,669,O=C(C1=C(CCC(CCCC)CC)SC(CCC(CC)CCCC)=C1C2=O)C(C2=C(C3)C(C4)=CC=C4C5=CC6=C(C(C7=CC=C(CCC(CCCC)CC)S7)=C8C=CSC8=C6C9=CC=C(CCC(CCCC)CC)S9)S5)=C3C%10=CC=CS%10||O=C(C(C=C(C([F])=C1)[F])=C1C/2=C(C#N)/C#N)C2=C/C3=CC4=C(S3)C5=CC6=C(C=C5C4(C7=CC=C(CC(CCCCCC)CCCC)C=C7)C8=CC=C(CC(CCCCCC)CCCC)C=C8)C9=C(C=C%10C%11=C(C=C(S%11)/C=C%12C(C(C=C(C([F])=C%13)[F])=C%13C\%12=C(C#N)/C#N)=O)C(C%14=CC=C(CC(CCCCCC)CCCC)C=C%14)(C%15=CC=C(CC(CCCCCC)CCCC)C=C%15)C%10=C9)S6,549
12,578,train,in-house,670,FC(C(F)=C(C1=NSN=C21)C3=CC(CCCCCCCCCCCCCCCCCCCC)=C(S3)C)=C2C4=CC(C#CC#CC#CC#CC#CC#CC#CC#CC#CC#C)=C(S4)C(S5)=CC=C5C6=CC7=C(SC(C)=C7)C=C6.[HH].[HH].[HH].[HH].[HH].[HH].[HH].[HH].[HH].[HH]||c12cc3c(cc1C(c1c2sc2c1sc(c2)/C=C\1/C(=C(C#N)C#N)c2c(C1=O)cccc2)(c1ccc(cc1)CCCCCC)c1ccc(cc1)CCCCCC)c1c(C3(c2ccc(cc2)CCCCCC)c2ccc(cc2)CCCCCC)c2c(s1)cc(s2)/C=C\1/C(=C(C#N)C#N)c2c(C1=O)cccc2,550
12,579,train,in-house,671,FC(C(F)=C(C1=NSN=C21)C3=CC(CCCCCCCCCCCCCCCCCCCC)=C(S3)C)=C2C4=CC(C#CC#CC#CC#CC#CC#CC#CC#CC#CC#C)=C(S4)C(S5)=CC=C5C6=CC=C7C=C(C)SC7=C6.[HH].[HH].[HH].[HH].[HH].[HH].[HH].[HH].[HH].[HH]||N#C/C(C#N)=C(C1=CC=CC=C1C2=O)/C2=C/C3=CC4=C(C5=C(C=C6C(C(CCCCCC)(CCCCCC)C7=C6SC(/C=C8/C(C9=CC=CC=C9C8=O)=C(C#N)/C#N)=C7)=C5)C4(CCCCCC)CCCCCC)S3,551
12,580,train,in-house,672,FC1=C(C(OCC(CCCC)CC)=O)SC2=CSC(C3=CC4=C(C5=C(C(C6=CC=C(CC(CC)CCCC)S6)=C4S3)C=CS5)C7=CC=C(CC(CC)CCCC)S7)=C12||[H]C1=C2C(C(C(C3=C4SC(CC5/C(C(C=C([H])C=C6)=C6C5=O)=C(C#N)/C#N)=C3)(C7=CC=C(CCCCCC)C=C7)C8=CC=C(CCCCCC)C=C8)=C4S2)=C([H])C9=C1C(C%10(C%11=CC=C(CCCCCC)C=C%11)C%12=CC=C(CCCCCC)C=C%12)=C(S9)C(S%13)=C%10C=C%13/C=C(/C%14=C(C#N)\C#N)C(C%15=C%14C=C([H])C=C%15)=O,552
12,581,validation,in-house,673,c1csc2c1c(c1c(c2c2cc(c(s2)CCCCCCCC)CCCCCCCC)cc(s1)c1sc(c(c1)CCCCCC)c1sc2c(n1)sc(n2)c1sccc1CCCCCC)c1cc(c(s1)CCCCCCCC)CCCCCCCC||c12cc3c(cc1C(c1c2sc2c1sc(c2)/C=C\1/C(=C(C#N)C#N)c2c(C1=O)cccc2)(c1ccc(c(c1)F)OCCCCCC)c1cc(c(cc1)OCCCCCC)F)c1c(C3(c2cc(c(cc2)OCCCCCC)F)c2ccc(c(c2)F)OCCCCCC)c2c(s1)cc(s2)/C=C\1/C(=C(C#N)C#N)c2c(C1=O)cccc2,553
12,582,test,in-house,674,O=C(OC1=CC=C(CCCCCC)C=C1)C2=C(C)SC(C(S3)=CC(C(OC4=CC=C(CCCCCC)C=C4)=O)=C3C(S5)=CC=C5C(C6=NSN=C6C(C(S7)=CC=C7C)=C8F)=C8F)=C2||c1(cc2c(cc1F)C(=C(C#N)C#N)/C(=C\c1sc3c(c1)sc1c3C(c3c1cc1c(c3)c3c(C1(c1ccc(cc1)CCCCCC)c1ccc(cc1)CCCCCC)c1c(s3)cc(s1)/C=C/1\C(=C(C#N)C#N)c3c(C1=O)cc(c(c3)F)F)(c1ccc(cc1)CCCCCC)c1ccc(cc1)CCCCCC)/C2=O)F,554
12,583,validation,in-house,675,FC(C=C(C1=C2SC=CC2=C(C3=CC(F)=C(CC(CCCC)CC)S3)C4=C1C=C(C5=CC=C(C6=C(C(C(C7=C(CC(CCCC)CC)SC(CC(CC)CCCC)=C78)=O)=C(C9=CC=CC9)S6)C8=O)S5)S4)S%10)=C%10CC(CC)CCCC||O=CC(S1)=C(OCCCCCC)C=C1C(C(OCCCCCCCCCCCCCCCC)=C2)=CC(OCCCCCCCCCCCCCCCC)=C2C3=CC(OCCCCCC)=C(S3)C=O,555
12,584,train,in-house,676,c1scc(c1)CCCCCC||O=C(C(C=CC=C1)=C1C/2=C(C#N)/C#N)C2=C/C(C3=NSN=C43)=CC=C4C(C=C5)=CC(C(CCCC)(CCCC)C6=C7C8=C(C=C(C=C8)C9=CC=C(C%10=NSN=C9%10)/C=C%11C(C(C=CC=C%12)=C%12C\%11=C(C#N)\C#N)=O)C(CCCC)(CCCC)C7=C%13C%14=C%15C=C(C=C%14)C%16=CC=C(C%17=NSN=C%16%17)/C=C%18C(C(C=CC=C%19)=C%19C\%18=C(C#N)\C#N)=O)=C5C6=C%13C%15(CCCC)CCCC,556
12,585,train,in-house,677,FC(C(F)=C(C1=NN(N=C21)CC(CCCCCCC)CCCC)C3=CC=C(S3)C)=C2C(S4)=CC=C4C5=CC6=C(C(C=CC7=C8)=CC7=CC=C8OCC(CCCCCC)CCCCCCCC)C9=C(C=C(C)S9)C(C%10=CC%11=CC=C(OCC(CCCCCCCC)CCCCCC)C=C%11C=C%10)=C6S5||c12cc3c(cc1C(c1c2sc2c1sc(c2)/C=C\1/C(=C(C#N)C#N)c2c(C1=O)cccc2)(c1ccc(cc1)CCCCCC)c1ccc(cc1)CCCCCC)c1c(C3(c2ccc(cc2)CCCCCC)c2ccc(cc2)CCCCCC)c2c(s1)cc(s2)/C=C\1/C(=C(C#N)C#N)c2c(C1=O)cccc2,557
12,586,train,in-house,678,CC1=C(CC(CCCC)CC)C=C(C2=CC=C(C3=NSN=C23)C4=CC(CC(CCCC)CC)=C(S4)C5=CC6=C(C7=C(C(C8=CC=C(S8)CC(CCCC)CC)=C6S5)C=C(C)S7)C9=CC=C(S9)CC(CCCC)CC)S1||c12cc3c(cc1C(c1c2sc2c1sc(c2)/C=C\1/C(=C(C#N)C#N)c2c(C1=O)cccc2)(c1ccc(cc1)CCCCCC)c1ccc(cc1)CCCCCC)c1c(C3(c2ccc(cc2)CCCCCC)c2ccc(cc2)CCCCCC)c2c(s1)cc(s2)/C=C\1/C(=C(C#N)C#N)c2c(C1=O)cccc2,558
12,587,train,in-house,680,FC(C=C1C2=CC=C(C)S2)=C(C=C1F)C3=CC=C(S3)C4=C(CC(CCCC)CC)C=C(C5=C(C(C6=C(SC(CC(CCCC)CC)=C6C7=O)CC(CCCC)CC)=O)C7=C(C8=CC(CC(CCCC)CC)=C(S8)C)S5)S4||c12cc3c(cc1C(c1c2sc2c1sc(c2)/C=C\1/C(=C(C#N)C#N)c2c(C1=O)cccc2)(c1ccc(cc1)CCCCCC)c1ccc(cc1)CCCCCC)c1c(C3(c2ccc(cc2)CCCCCC)c2ccc(cc2)CCCCCC)c2c(s1)cc(s2)/C=C\1/C(=C(C#N)C#N)c2c(C1=O)cccc2,559
12,588,test,in-house,681,c1ccc(s1)c1c2c(c(c3c1nn(n3)C[C@@H](CCCCCCCC)CCCCCC)c1sc(cc1)c1sc3c(c1)c(c1c(c3c3cc(c(s3)C[C@@H](CCCC)CC)F)ccs1)c1cc(c(s1)C[C@H](CC)CCCC)F)cc(s2)F||c12cc3c(cc1C(c1c2sc2c1sc(c2)/C=C\1/C(=C(C#N)C#N)c2c(C1=O)cccc2)(c1ccc(cc1)CCCCCC)c1ccc(cc1)CCCCCC)c1c(C3(c2ccc(cc2)CCCCCC)c2ccc(cc2)CCCCCC)c2c(s1)cc(s2)/C=C\1/C(=C(C#N)C#N)c2c(C1=O)cccc2,560
12,589,train,in-house,682,FC1=C(C(OCC(CCCC)CC)=O)SC2=CSC(C3=CC4=C(C5=C(C(C6=CC=C(CC(CC)CCCC)S6)=C4S3)C=CS5)C7=CC=C(CC(CC)CCCC)S7)=C12||CCCCCCC(C=C1)=CC=C1C2(C3=CC=C(C=C3)CCCCCC)C4=CC(C(S5)=CC=C5C(C6=NSN=C76)=CC=C7/C=C(C#N)/C#N)=CC=C4C8=C2C=C(S8)C9=CC=C(C%10=NSN=C9%10)/C=C(C#N)\C#N,561
12,590,train,in-house,686,CC1=CC(C(C2=CC=C(S2)CC(CCCCCCCC)CCCCCCCCCC)=C3S4)=C(S1)C(C5=CC=C(S5)CC(CCCCCCCC)CCCCCCCCCC)=C3C=C4C6=CC([F])=C(S6)/C=C/C7=C(F)C=C(C)S7||c12cc3c(cc1C(c1c2sc2c1sc(c2)/C=C\1/C(=C(C#N)C#N)c2c(C1=O)cccc2)(c1ccc(cc1)CCCCCC)c1ccc(cc1)CCCCCC)c1c(C3(c2ccc(cc2)CCCCCC)c2ccc(cc2)CCCCCC)c2c(s1)cc(s2)/C=C\1/C(=C(C#N)C#N)c2c(C1=O)cccc2,562
12,591,train,in-house,688,CC(S1)=CC=C1C(C2=NN(CC(CC)CCCC)N=C32)=C(F)C(F)=C3C4=CC=C(S4)C5=CC6=C(C7=C(C(C8=CC=C(S8)CC(CCCCCCCCCC)CCCCCCCC)=C6S5)C=C(C)S7)C9=CC=C(S9)CC(CCCCCCCC)CCCCCCCCCC||c12cc3c(cc1C(c1c2sc2c1sc(c2)/C=C\1/C(=C(C#N)C#N)c2c(C1=O)cccc2)(c1ccc(cc1)CCCCCC)c1ccc(cc1)CCCCCC)c1c(C3(c2ccc(cc2)CCCCCC)c2ccc(cc2)CCCCCC)c2c(s1)cc(s2)/C=C\1/C(=C(C#N)C#N)c2c(C1=O)cccc2,563
12,592,test,in-house,690,O=C(C1=C(CCC(CCCC)CC)SC(CCC(CC)CCCC)=C1C2=O)C(C2=C(C3)C(C4)=CC=C4C5=CC6=C(C(C7=CC=C(CCC(CCCC)CC)S7)=C8C=CSC8=C6C9=CC=C(CCC(CCCC)CC)S9)S5)=C3C%10=CC=CS%10||[H]C1=CC2=C(C(/C(C2=O)=C/C3=C(C(OC)=C(C4=CC(SC5=C6C(C7=CC=C(C=C7)CCCCCC)(C8=C5C=C(C9=C8)C(C(C=C%10)=CC=C%10CCCCCC)(C%11=CC=C(CCCCCC)C=C%11)C%12=C9SC%13=C%12SC(C%14=C(OC)C(OC)=C(/C=C%15/C(C(C=C([H])C([H])=C%16)=C%16C%15=O)=C(C#N)/C#N)S%14)=C%13)C%17=CC=C(CCCCCC)C=C%17)=C6S4)S3)OC)=C(C#N)\C#N)C=C1[H],564
12,593,validation,in-house,691,CC1=C(C(N(C2=O)CC(CCCCCCCC)CCCCCCCCCC)=O)C(C2=CC(C(S3)=CC=C3C4=CC=C(C)S4)=C5C(N(C6=O)CC(CCCCCCCCCC)CCCCCCCC)=O)=C5C6=C1||c12cc3c(cc1C(c1c2sc2c1sc(c2)/C=C\1/C(=C(C#N)C#N)c2c(C1=O)cccc2)(c1ccc(cc1)CCCCCC)c1ccc(cc1)CCCCCC)c1c(C3(c2ccc(cc2)CCCCCC)c2ccc(cc2)CCCCCC)c2c(s1)cc(s2)/C=C\1/C(=C(C#N)C#N)c2c(C1=O)cccc2,565
12,594,train,in-house,692,s1c2c(cc1)sc1c2c(c2c(c1c1ccc(s1)CCCCCCCC)c1c(s2)cc(s1)c1sc(cc1)c1sc(c2c1C(=O)c1c(C2=O)c(sc1C[C@@H](CCCC)CC)C[C@H](CCCC)CC)c1sccc1)c1ccc(s1)CCCCCCCC||O=C(C1=CC=CC=C1C/2=C(C#N)\C#N)C2=C/C3=CC4=C(C(C(C5=CC=C(CCCCCC)S5)(C6=C7C=C8C(C9=CC=C(S9)CCCCCC)(C%10=CC=C(S%10)CCCCCC)C%11=C(SC%12=C%11SC(/C=C%13C(C%14=CC=CC=C%14C\%13=C(C#N)\C#N)=O)=C%12)C8=C6)C(S%15)=CC=C%15CCCCCC)=C7S4)S3,566
12,595,train,in-house,693,c1(c2c3c(c(c4c2cc(s4)c2cc(c(s2)c2sc(c4c2C(=O)N(C4=O)C[C@H](CCCCCCCC)CCCCCC)c2c(ccs2)CCCCCCCCCCCC)CCCCCCCCCCCC)c2ccc(s2)[Si](CCC)(CCC)CCC)ccs3)ccc(s1)[Si](CCC)(CCC)CCC||c12cc3c(cc1C(c1c2sc2c1sc(c2)/C=C\1/C(=C(C#N)C#N)c2c(C1=O)cccc2)(c1cccc(c1)CCCCCC)c1cc(ccc1)CCCCCC)c1c(C3(c2cc(ccc2)CCCCCC)c2cccc(c2)CCCCCC)c2c(s1)cc(s2)/C=C\1/C(=C(C#N)C#N)c2c(C1=O)cccc2,567
12,596,train,in-house,694,O=C(C1=C(CCC(CCCC)CC)SC(CCC(CC)CCCC)=C1C2=O)C(C2=C(C3)C(C4)=CC=C4C5=CC6=C(C(C7=CC=C(CCC(CCCC)CC)S7)=C8C=CSC8=C6C9=CC=C(CCC(CCCC)CC)S9)S5)=C3C%10=CC=CS%10||c1scc2c1C(=C(C#N)C#N)/C(=C/c1cc3c(s1)c1c(C3(c3ccc(cc3)CCCCCC)c3ccc(cc3)CCCCCC)cc3c(c1)C(c1c3sc(c1)/C=C\1/C(=C(C#N)C#N)c3c(C1=O)csc3)(c1ccc(cc1)CCCCCC)c1ccc(cc1)CCCCCC)/C2=O,568
12,597,validation,in-house,695,FC1=C(C(OCC(CCCC)CC)=O)SC2=CSC(C3=CC4=C(C5=C(C(C6=CC=C(CC(CC)CCCC)S6)=C4S3)C=CS5)C7=CC=C(CC(CC)CCCC)S7)=C12||[H]C1=CC2=C(C(/C(C2)=C/C3=CC4=C(S3)C(C(C5=CC=C(CCCCCC)C=C5)(OC6=CC7=C(OC(C8=CC=C(CCCCCC)C=C8)(C9=C7SC%10=C9SC(/C=C%11C(C%12=CC([H])=C(C=C%12C\%11=C(C#N)\C#N)[H])=O)=C%10)C%13=CC=C(CCCCCC)C=C%13)C=C6%14)C%15=CC=C(CCCCCC)C=C%15)=C%14S4)=C(C#N)\C#N)C=C1[H],569
12,598,train,in-house,697,O=C(C1=C(CCC(CCCC)CC)SC(CCC(CC)CCCC)=C1C2=O)C(C2=C(C3)C(C4)=CC=C4C5=CC6=C(C(C7=CC=C(CCC(CCCC)CC)S7)=C8C=CSC8=C6C9=CC=C(CCC(CCCC)CC)S9)S5)=C3C%10=CC=CS%10||O=C(C1=CC=CC=C1C/2=C(C#N)\C#N)C2=C/C3=CC(CC(CC)CCCC)=C(C4=CC5=C(S4)C(C(C6=CC=C(C=C6)CCCCCC)(C7=CC8=C9C(C(C=C%10)=CC=C%10CCCCCC)(C%11=CC=C(C=C%11)CCCCCC)C%12=C8SC%13=C%12SC(C%14=C(CC(CC)CCCC)C=C(/C=C%15C(C(C=CC=C%16)=C%16C\%15=C(C#N)\C#N)=O)S%14)=C%13)C(C=C%17)=CC=C%17CCCCCC)=C(C7=C9)S5)S3,570
12,599,train,in-house,698,c1scc(c1)CCCCCC||O=C(/C(S/1)=C\C(C2=NN(N=C32)CCCCCCCC)=CC=C3C4=CC5=C(S4)C6=C(C(C7=CC=C(C=C7)OCCCCCC)(C8=CC=C(C=C8)OCCCCCC)O5)C=C(C(S9)=C%10C=C9C(C%11=NN%12CCCCCCCC)=CC=C(C%11=N%12)/C=C%13S/C(N(CC)C/%13=O)=C(C#N)\C#N)C(C(C(C=C%14)=CC=C%14OCCCCCC)(C(C=C%15)=CC=C%15OCCCCCC)O%10)=C6)N(CC)C1=C(C#N)/C#N,571
12,600,train,in-house,699,FC1=C(C(OCC(CCCC)CC)=O)SC2=CSC(C3=CC4=C(C5=C(C(C6=CC=C(CC(CC)CCCC)S6)=C4S3)C=CS5)C7=CC=C(CC(CC)CCCC)S7)=C12||O=C(C1=CC=CC=C1C/2=C(C#N)\C#N)C2=C/C3=CC(CC(CCCC)CC)=C(S3)C4=CC(C5(C6=CC=C(CCCCCC)C=C6)C7=CC=C(CCCCCC)C=C7)=C(C8=CC9=C(C%10=C(C9(C%11=CC=C(CCCCCC)C=C%11)C%12=CC=C(C=C%12)CCCCCC)C=C(C%13=C(CC(CC)CCCC)C=C(/C=C%14C(C%15=CC=CC=C%15C\%14=C(C#N)\C#N)=O)S%13)S%10)C=C85)S4,572
12,601,train,in-house,701,CC1=CC2=C(S1)C(C3=CC=C([Si](CCC)(CCC)CCC)S3)=C4C=C(C5=CC=C(C6=C(F)C(F)=C(C7=CC=C(S7)C)C8=NN(CC(CCCCCCCC)CCCCCC)N=C68)S5)SC4=C2C9=CC=C([Si](CCC)(CCC)CCC)S9||c1c(c2c(c(c1)c1sc(c(c1)C[C@H](CCCCCC)CCCC)c1nc3c(s1)nc(s3)c1c(cc(s1)c1ccc(c3c1nsn3)/C=c/1\sc(=C(C#N)C#N)n(c1=O)CC)C[C@H](CCCC)CCCCCC)nsn2)/C=c/1\sc(=C(C#N)C#N)n(c1=O)CC,573
12,602,train,in-house,702,O=C(C1=C(CCC(CCCC)CC)SC(CCC(CC)CCCC)=C1C2=O)C(C2=C(C3)C(C4)=CC=C4C5=CC6=C(C(C7=CC=C(CCC(CCCC)CC)S7)=C8C=CSC8=C6C9=CC=C(CCC(CCCC)CC)S9)S5)=C3C%10=CC=CS%10||CCCCCCC(C=C1)=CC=C1C2(C(C3=C(S4)C=C(S3)/C=C(C(C5=C6C(OC)=CC=C5)=O)\C6=C(C#N)\C#N)=C4C7=C2C=C(C8=C7)C9=C(C8(C%10=CC=C(C=C%10)CCCCCC)C%11=CC=C(C=C%11)CCCCCC)C%12=C(C=C(S%12)/C=C(/C(C%13=C%14C=CC=C%13OC)=C(C#N)\C#N)C%14=O)S9)C(C=C%15)=CC=C%15CCCCCC,574
12,603,train,in-house,704,O=C(C1=C(CCC(CCCC)CC)SC(CCC(CC)CCCC)=C1C2=O)C(C2=C(C3)C(C4)=CC=C4C5=CC6=C(C(C7=CC=C(CCC(CCCC)CC)S7)=C8C=CSC8=C6C9=CC=C(CCC(CCCC)CC)S9)S5)=C3C%10=CC=CS%10||O=C(C1=CC=CC=C1C/2=C(C#N)\C#N)C2=C\C3=CC4=C(S3)C(OCC)=C5C(N(C(CC)CCCC)C6=C7C8=NSN=C8C9=C6N(C(CC)CCCC)C%10=C9SC%11=C%10C(OCC)=C%12SC(/C=C%13C(C%14=CC=CC=C%14C/%13=C(C#N)/C#N)=O)=CC%12=C%11OCC)=C7SC5=C4OCC,575
12,604,train,in-house,705,c1scc(c1)CCCCCC||S=C(N(C/1=O)CC)SC1=C/C2=C3SC(C(OCCCCCCCC)=O)=CC3=C(S2)C4=CC(C5(C6=CC=C(CCCCCC)C=C6)C7=CC=C(CCCCCC)C=C7)=C(S4)C(C=C8C9(C%10=CC=C(CCCCCC)C=C%10)C%11=CC=C(CCCCCC)C=C%11)=C5C=C8C(S%12)=C9C=C%12C%13=C%14C=C(C(OCCCCCCCC)=O)SC%14=C(/C=C%15SC(N(C\%15=O)CC)=S)S%13,576
12,605,train,in-house,707,c1(c2c3c(c(c4c2cc(s4)c2cc(c(s2)c2sc(c4c2C(=O)N(C4=O)C[C@H](CCCCCCCC)CCCCCC)c2c(ccs2)CCCCCCCCCCCC)CCCCCCCCCCCC)c2ccc(s2)[Si](CCC)(CCC)CCC)ccs3)ccc(s1)[Si](CCC)(CCC)CCC||N#C/C(C#N)=C(C1=CC=CC=C1C2=O)/C2=C/C3=CC4=C(C5=C(C=C6C(C(CCCCCC)(CCCCCC)C7=C6SC(/C=C8/C(C9=CC=CC=C9C8=O)=C(C#N)/C#N)=C7)=C5)C4(CCCCCC)CCCCCC)S3,577
12,606,train,in-house,708,CC1=CC(C(C2=CC=C(S2)CCCCCCCCCCCC)=C3SC(C4=C(C(N(C5=O)CCCCCCCC)=O)C5=C(C)S4)=CC3=C6C7=CC=C(S7)CCCCCCCCCCCC)=C6S1||c12cc3c(cc1C(c1c2sc2c1sc(c2)/C=C\1/C(=C(C#N)C#N)c2c(C1=O)cccc2)(c1ccc(cc1)CCCCCC)c1ccc(cc1)CCCCCC)c1c(C3(c2ccc(cc2)CCCCCC)c2ccc(cc2)CCCCCC)c2c(s1)cc(s2)/C=C\1/C(=C(C#N)C#N)c2c(C1=O)cccc2,578
12,607,validation,in-house,709,FC1=C(C(OCC(CCCC)CC)=O)SC2=CSC(C3=CC4=C(C5=C(C(C6=CC=C(CC(CC)CCCC)S6)=C4S3)C=CS5)C7=CC=C(CC(CC)CCCC)S7)=C12||c12cc3c(cc1C(c1c2sc2c1sc(c2)/C=C\1/C(=C(C#N)C#N)c2c(C1=O)cccc2)(c1ccc(c(c1)F)OCCCCCC)c1cc(c(cc1)OCCCCCC)F)c1c(C3(c2cc(c(cc2)OCCCCCC)F)c2ccc(c(c2)F)OCCCCCC)c2c(s1)cc(s2)/C=C\1/C(=C(C#N)C#N)c2c(C1=O)cccc2,579
12,608,train,in-house,711,O=C(C1=C(CCC(CCCC)CC)SC(CCC(CC)CCCC)=C1C2=O)C(C2=C(C3)C(C4)=CC=C4C5=CC6=C(C(C7=CC=C(CCC(CCCC)CC)S7)=C8C=CSC8=C6C9=CC=C(CCC(CCCC)CC)S9)S5)=C3C%10=CC=CS%10||O=C(C(C=CC=C1)=C1C/2=C(C#N)\C#N)C2=C/C(SC3C4=CC=C5C6=C4C7=C8C(C=CC=C8)=C6C9=C(C5(C%10=CC=C(C=C%10)CCCCCC)C%11=CC=C(C=C%11)CCCCCC)C=C(/C=C%12C(C(C=CC=C%13)=C%13C\%12=C(C#N)\C#N)=O)S9)=CC3C7(C(C=C%14)=CC=C%14CCCCCC)C%15=CC=C(C=C%15)CCCCCC,580
12,609,validation,in-house,713,c1ccc(s1)c1c2c(c(c3c1nn(n3)C[C@@H](CCCCCCCC)CCCCCC)c1sc(cc1)c1sc3c(c1)c(c1c(c3c3ccc(s3)C[C@H](CCCC)CC)ccs1)c1ccc(s1)C[C@@H](CC)CCCC)cc(s2)F||c12cc3c(cc1C(c1c2sc2c1sc(c2)/C=C\1/C(=C(C#N)C#N)c2c(C1=O)cccc2)(c1ccc(cc1)CCCCCC)c1ccc(cc1)CCCCCC)c1c(C3(c2ccc(cc2)CCCCCC)c2ccc(cc2)CCCCCC)c2c(s1)cc(s2)/C=C\1/C(=C(C#N)C#N)c2c(C1=O)cccc2,581
12,610,train,in-house,714,O=C1C2=C(C3=C(N1CC(CCCCCCCCCC)CCCCCCCC)C=C(C)S3)C=C(C(N4CC(CCCCCCCCCC)CCCCCCCC)=O)C(C5=C4C=C(C(SC(C6=C(C(F)=C(C7=NSN=C67)C8=CC(CCCCCC)=C(C8)C)F)=C9)=C9CCCCCC)S5)=C2||c12cc3c(cc1C(c1c2sc2c1sc(c2)/C=C\1/C(=C(C#N)C#N)c2c(C1=O)cccc2)(c1ccc(cc1)CCCCCC)c1ccc(cc1)CCCCCC)c1c(C3(c2ccc(cc2)CCCCCC)c2ccc(cc2)CCCCCC)c2c(s1)cc(s2)/C=C\1/C(=C(C#N)C#N)c2c(C1=O)cccc2,582
12,611,train,in-house,715,FC1=C(C(OCC(CCCC)CC)=O)SC2=CSC(C3=CC4=C(C5=C(C(C6=CC=C(CC(CC)CCCC)S6)=C4S3)C=CS5)C7=CC=C(CC(CC)CCCC)S7)=C12||O=C(N(C)C(C(C#N)=C/1C)=O)C1=C/C2=CC(CCCCCC)=C(S2)C3=CC(CCCCCC)=C(S3)C4=CC(N5C(CCCCCCCC)CCCCCCCC)=C(C6=C5C=C(C7=C(CCCCCC)C=C(C8=C(CCCCCC)C=C(/C=C9C(N(C(C(C#N)=C\9C)=O)CCCC)=O)S8)S7)S6)S4,583
12,612,test,in-house,716,FC1=C(C(OCC(CCCC)CC)=O)SC2=CSC(C3=CC4=C(C5=C(C(C6=CC=C(CC(CC)CCCC)S6)=C4S3)C=CS5)C7=CC=C(CC(CC)CCCC)S7)=C12||O=C(C1=CC=CC=C1C/2=C(C#N)\C#N)C2=C/C3=CC(OCC(CC)CCCC)=C(C4=CC5=C(C6=CC7=C(C8=C(C7(C9=CC=C(C=C9)CCCCCC)C%10=CC=C(C=C%10)CCCCCC)C=C(C%11=C(OCC(CC)CCCC)C=C(/C=C%12C(C%13=CC=CC=C%13C\%12=C(C#N)\C#N)=O)S%11)S8)C=C6C5(C%14=CC=C(C=C%14)CCCCCC)C%15=CC=C(C=C%15)CCCCCC)S4)S3,525
12,613,train,in-house,717,FC1=C(C(OCC(CCCC)CC)=O)SC2=CSC(C3=CC4=C(C5=C(C(C6=CC=C(CC(CC)CCCC)S6)=C4S3)C=CS5)C7=CC=C(CC(CC)CCCC)S7)=C12||O=C(C1=C(C=CC=C1)C/2=C(C#N)/C#N)C2=C/C3=CC(C4(C5=CC=C(C=C5)OCCCCCCCC)C6=CC=C(C=C6)OCCCCCCCC)=C(S3)C(C=C78)=C4C=C8C9=CC(C(C%10=CC=C(C=C%10)CCCCCCCCC)(C%11=C%12SC(/C=C%13C(C(C=CC=C%14)=C%14C\%13=C(C#N)/C#N)=O)=C%11)C%15=CC=C(C=C%15)OCCCCCCCC)=C%12C=C9N7CCCCCCCC,584
12,614,train,in-house,719,O=C(C1=C(F)C2=C(C)SC(C3=CC4=C(C5=C(C(C6=CC=C(SCCCCCCCC)S6)=C4S3)C=C(C)S5)C7=CC=C(SCCCCCCCC)S7)=C2S1)[O]CCCCCCCC||O=C(C1=CC=CC=C1C/2=C(C#N)\C#N)C2=C/C3=CC4=C(C(C(C5=CC=C(CCCCCC)S5)(C6=C7C=C8C(C9=CC=C(S9)CCCCCC)(C%10=CC=C(S%10)CCCCCC)C%11=C(SC%12=C%11SC(/C=C%13C(C%14=CC=CC=C%14C\%13=C(C#N)\C#N)=O)=C%12)C8=C6)C(S%15)=CC=C%15CCCCCC)=C7S4)S3,585
12,615,train,in-house,720,O=C(C1=C(CCC(CCCC)CC)SC(CCC(CC)CCCC)=C1C2=O)C(C2=C(C3)C(C4)=CC=C4C5=CC6=C(C(C7=CC=C(CCC(CCCC)CC)S7)=C8C=CSC8=C6C9=CC=C(CCC(CCCC)CC)S9)S5)=C3C%10=CC=CS%10||c1ccc2c(c1)C(=C(C#N)C#N)/C(=C/c1ccc(s1)c1ccc3c(c1)C(c1c3ccc(c1)c1ccc(s1)/C=C/1\C(=O)c3c(C1=C(C#N)C#N)cccc3)(CCCCCCCC)CCCCCCCC)/C2=O,586
12,616,train,in-house,721,CC1=CC2=C(C3=CC=C(CC(CC)CCCC)S3)C4=C(C=C(S4)C5=CC=C(S5)C)C(C6=CC=C(CC(CCCC)CC)S6)=C2S1C(CCCCCCCC)=O||c12cc3c(cc1C(c1c2sc2c1sc(c2)/C=C\1/C(=C(C#N)C#N)c2c(C1=O)cccc2)(c1ccc(cc1)CCCCCC)c1ccc(cc1)CCCCCC)c1c(C3(c2ccc(cc2)CCCCCC)c2ccc(cc2)CCCCCC)c2c(s1)cc(s2)/C=C\1/C(=C(C#N)C#N)c2c(C1=O)cccc2,587
12,617,train,in-house,722,[F]C1=C(CC)SC(C2=C3C(C=C(C)C3)C(C4=CC([F])=C(S4)CC)=C5SC(C6=CC=C(S6)C7=C(C(C8=C(SC(CC)=C8C9=O)CC)=O)C9=C(C%10=CC=C(S%10)C)S7)=CC25)=C1||O=C(C1=C(C=CC=C1)C/2=C(C#N)\C#N)C2=C/C3=CC4=C(C(C=C(C(CCCCCCCC)(CCCCCCCC)C5=C6C=C7C(C8=CC(C(CCCCCCCC)(CCCCCCCC)C9=C%10SC(/C=C%11C(C%12=C(C=CC=C%12)C\%11=C(C#N)\C#N)=O)=C9)=C%10C=C8C7(CCCCCCCC)CCCCCCCC)=C5)C6=C%13)=C%13C4(CCCCCCCC)CCCCCCCC)S3,588
12,618,validation,in-house,723,CC1=CC=C(S1)C2=CC=C(C)C3=C2N=CC(OCC(CCCCCC)CCCCCCCC)=N3||O=C(C/1=C\C2=C(C3=C(S2)C(N4C5=CC=C(CCCCCC)C=C5)=C(C6=C4C7=C(C8=NSN=C68)C(SC9=C%10SC(/C=C%11C(C%12=CC(F)=C(C=C%12C\%11=C(C#N)/C#N)F)=O)=C9CCCCCCCCCCC)=C%10N7C%13=CC=C(CCCCCC)C=C%13)S3)CCCCCCCCCCC)C%14=CC(F)=C(F)C=C%14C1=C(C#N)/C#N,589
12,619,test,in-house,724,CC1=C2C(C(C3=C(SC(CC)=C3C2=O)CC)=O)=C(S1)C(SC4=C(C5=C6SC(C)=C5)C7=CC=C(S7)CC)=CC4=C6C8=CC=C(CC)S8||c1(cc2c(cc1F)C(=O)/C(=C\c1cc3c(s1)c1c(s3)c3c(C1(c1ccc(cc1)CCCCCC)c1ccc(cc1)CCCCCC)cc1c(c3)C(c3c1sc1c3sc(c1)/C=C/1\C(=O)c3c(C1=C(C#N)C#N)cc(c(c3)F)F)(c1ccc(cc1)CCCCCC)c1ccc(cc1)CCCCCC)/C2=C(C#N)C#N)F,590
12,620,test,in-house,725,O=C(C1=C(CCC(CCCC)CC)SC(CCC(CC)CCCC)=C1C2=O)C(C2=C(C3)C(C4)=CC=C4C5=CC6=C(C(C7=CC=C(CCC(CCCC)CC)S7)=C8C=CSC8=C6C9=CC=C(CCC(CCCC)CC)S9)S5)=C3C%10=CC=CS%10||O=C(C(C=CC=C1)=C1C/2=C(C#N)/C#N)C2=C/C3=CC4=C(S3)C5=CC6=C(C=C5C4(CCCCCCCCCCCCCCCC)CCCCCCCCCCCCCCCC)C7=C(C=C(S7)/C=C8C(C(C=CC=C9)=C9C\8=C(C#N)/C#N)=O)C6(CCCCCCCCCCCCCCCC)CCCCCCCCCCCCCCCC,395
12,621,train,in-house,727,CC1=CC(C(C2=CC=C(S2)CC(CCCCCCCC)CCCCCCCCCC)=C3S4)=C(S1)C(C5=CC=C(S5)CC(CCCCCCCC)CCCCCCCCCC)=C3C=C4C6=CC([H])=C(S6)/C=C/C7=C([H])C=C(C)S7||c12cc3c(cc1C(c1c2sc2c1sc(c2)/C=C\1/C(=C(C#N)C#N)c2c(C1=O)cccc2)(c1ccc(cc1)CCCCCC)c1ccc(cc1)CCCCCC)c1c(C3(c2ccc(cc2)CCCCCC)c2ccc(cc2)CCCCCC)c2c(s1)cc(s2)/C=C\1/C(=C(C#N)C#N)c2c(C1=O)cccc2,591
12,622,train,in-house,728,FC1=C(C(OCC(CCCC)CC)=O)SC2=CSC(C3=CC4=C(C5=C(C(C6=CC=C(CC(CC)CCCC)S6)=C4S3)C=CS5)C7=CC=C(CC(CC)CCCC)S7)=C12||N#C/C(C#N)=C1C2=CC(F)=C(F)C=C2C(C\1=C/C3=CC(C(C4=CC=C(CCCCCC)C=C4)(C(C=C5C6=C7C=C(/C=C8/C(C(C(C8=O)=C9)=CC(F)=C9F)=C(C#N)/C#N)S6)=C%10C=C5C7(C%11=CC=C(CCCCCC)C=C%11)C%12=CC=C(CCCCCC)C=C%12)C%13=CC=C(CCCCCC)C=C%13)=C%10S3)=O,592
12,623,train,in-house,729,FC1=C(C(OCC(CCCC)CC)=O)SC2=CSC(C3=CC4=C(C5=C(C(C6=CC=C(CC(CC)CCCC)S6)=C4S3)C=CS5)C7=CC=C(CC(CC)CCCC)S7)=C12||O=C(/C(SC1=S)=C\C2=CC=C(C3=NSN=C23)C4=CC=C(S4)C5=CC=C6C(C(C7=CC=C(C=C7)CCCCCC)(C8=C6SC(C9=CC=C(C%10=NSN=C9%10)/C=C%11SC(N(C/%11=O)CCCCCC)=S)=C8)C%12=CC=C(C=C%12)CCCCCC)=C5)N1CCCCCC,593
12,624,validation,in-house,730,CC1=CC(C(OCC(CCCC)CC)=C2SC(C3=C(F)C(F)=C(C)S3)=CC2=C4OCC(CCCC)CC)=C4S1||c12cc3c(cc1C(c1c2sc2c1sc(c2)/C=C\1/C(=C(C#N)C#N)c2c(C1=O)cccc2)(c1ccc(cc1)CCCCCC)c1ccc(cc1)CCCCCC)c1c(C3(c2ccc(cc2)CCCCCC)c2ccc(cc2)CCCCCC)c2c(s1)cc(s2)/C=C\1/C(=C(C#N)C#N)c2c(C1=O)cccc2,594
12,625,validation,in-house,731,FC1=C(C(OCC(CCCC)CC)=O)SC2=CSC(C3=CC4=C(C5=C(C(C6=CC=C(CC(CC)CCCC)S6)=C4S3)C=CS5)C7=CC=C(CC(CC)CCCC)S7)=C12||O=C(C1=CC(F)=C(C=C1C/2=C(C#N)/C#N)F)C2=C/C3=CC(O4)=C(S3)C5=CC(C(C6=CC=C(CCCCCC)C=C6)(OC7=C8SC(/C=C9C(C%10=CC(F)=C(C=C%10C\9=C(C#N)/C#N)F)=O)=C7)C%11=CC=C(CCCCCC)C=C%11)=C8C=C5C4(C%12=CC=C(CCCCCC)C=C%12)C%13=CC=C(CCCCCC)C=C%13,595
12,626,train,in-house,732,c1(c2c3c(c(c4c2cc(s4)c2ccc(s2)c2sc(c4c2C(=O)c2c(C4=O)c(sc2C[C@H](CCCC)CC)C[C@@H](CCCC)CC)c2cccs2)c2ccc(s2)[Si](CCC)(CCC)CCC)ccs3)ccc(s1)[Si](CCC)(CCC)CCC||C(=C\1/C(=C(C#N)C#N)c2c(C1=O)cccc2)\c1ccc(s1)c1ccc2c(c1)C(c1c2sc(c1)/C=C\1/C(=C(C#N)C#N)c2c(C1=O)cccc2)(CCCCCC)CCCCCC,596
12,627,test,in-house,734,CC1=CC2=C(S1)C(C3=CC=C([Si](CCC)(CCC)CCC)S3)=C4C=C(C5=CC=C(C6=C(F)C(F)=C(C7=CC=C(S7)C)C8=NN(CC(CCCCCCCC)CCCCCC)N=C68)S5)SC4=C2C9=CC=C([Si](CCC)(CCC)CCC)S9||O=C(C1=C(C=CC=C1)C/2=C(C#N)/C#N)C2=C/C3=CC4=C(S3)C5=CC6=C(C=C5C4(C7=CC=C(CCCCCC)C=C7)C8=CC=C(CCCCCC)C=C8)C9=CC(C(C%10=CC=C(CCCCCC)C=C%10)(C%11=C%12SC(/C=C%13C(C(C=CC=C%14)=C%14C\%13=C(C#N)/C#N)=O)=C%11)C%15=CC=C(CCCCCC)C=C%15)=C%12C=C9N6CCCCCCCCCCCCCCCC,597
12,628,train,in-house,735,FC(C(F)=C1C2=CC(C)=CS2)=C(C=C1)C3=CC=C(S3)C4=C(CC(CCCC)CC)C=C(C5=C(C(C6=C(SC(CC(CCCC)CC)=C6C7=O)CC(CCCC)CC)=O)C7=C(C8=CC(CC(CCCC)CC)=C(S8)C)S5)S4||c12cc3c(cc1C(c1c2sc2c1sc(c2)/C=C\1/C(=C(C#N)C#N)c2c(C1=O)cccc2)(c1ccc(cc1)CCCCCC)c1ccc(cc1)CCCCCC)c1c(C3(c2ccc(cc2)CCCCCC)c2ccc(cc2)CCCCCC)c2c(s1)cc(s2)/C=C\1/C(=C(C#N)C#N)c2c(C1=O)cccc2,598
12,629,train,in-house,736,O=C(C1=C(CCC(CCCC)CC)SC(CCC(CC)CCCC)=C1C2=O)C(C2=C(C3)C(C4)=CC=C4C5=CC6=C(C(C7=CC=C(CCC(CCCC)CC)S7)=C8C=CSC8=C6C9=CC=C(CCC(CCCC)CC)S9)S5)=C3C%10=CC=CS%10||O=C(C(C=C(C(F)=C1)F)=C1C/2=C(C#N)\C#N)C2=C/C3=CC(CC(CCCC)CC)=C(S3)C4=CC(C=C5C6(CCCCCCCC)CCCCCCCC)=C(C=C5C7=CC8=C(C=C76)C=C(C9=C(CC(CCCC)CC)C=C(/C=C%10C(C(C=C(C(F)=C%11)F)=C%11C\%10=C(C#N)\C#N)=O)S9)S8)S4,599
12,630,train,in-house,737,O=C(C1=C(CCC(CCCC)CC)SC(CCC(CC)CCCC)=C1C2=O)C(C2=C(C3)C(C4)=CC=C4C5=CC6=C(C(C7=CC=C(CCC(CCCC)CC)S7)=C8C=CSC8=C6C9=CC=C(CCC(CCCC)CC)S9)S5)=C3C%10=CC=CS%10||O=C(C(C=CC=C1)=C1C/2=C(C#N)\C#N)C2=C/C3=CC(C4(C(C=C5)=CC=C5CCCCCC)C6=CC=C(C=C6)CCCCCC)=C(C7=CC=C8C9=C7C4=CC=C9C%10=C(C8(C%11=CC=C(C=C%11)CCCCCC)C%12=CC=C(C=C%12)CCCCCC)C=C(/C=C%13C(C(C=CC=C%14)=C%14C\%13=C(C#N)\C#N)=O)S%10)S3,600
12,631,validation,in-house,738,FC(C(F)=C(C1=N2)C3=CC=C(S3)C4=CC=C(S4)/C(C#N)=C/C5=CC(OCC(CCCCCCCC)CCCCCC)=C(C=C5OCC(CCCCCCCC)CCCCCC)/C=C(C6=CC=C(S6)C)\C#N)=C(C7=CC=C(C)S7)C1=NN2CC(CCCCCCCCCC)CCCCCCCCCCCC||c12cc3c(cc1C(c1c2sc2c1sc(c2)/C=C\1/C(=C(C#N)C#N)c2c(C1=O)cccc2)(c1ccc(cc1)CCCCCC)c1ccc(cc1)CCCCCC)c1c(C3(c2ccc(cc2)CCCCCC)c2ccc(cc2)CCCCCC)c2c(s1)cc(s2)/C=C\1/C(=C(C#N)C#N)c2c(C1=O)cccc2,601
12,632,train,in-house,739,c1scc(c1)CCCCCC||c1c(cc2c(c1)C1C(=C2C2=c3c(=C4C2=CC(C=C4)c2ccc(c4n(c(=O)c5c4c(=O)n(c5c4sccc4)C[C@@H](CCCC)CC)C[C@H](CCCC)CC)s2)ccc(c3)c2ccc(s2)c2n(c(=O)c3c2c(=O)n(c3c2sccc2)C[C@H](CC)CCCC)C[C@H](CCCC)CC)C=C(C=C1)c1ccc(s1)c1n(c(=O)c2c1c(=O)n(c2c1sccc1)C[C@@H](CCCC)CC)C[C@@H](CC)CCCC)c1ccc(s1)c1n(c(=O)c2c1c(=O)n(c2c1sccc1)C[C@H](CC)CCCC)C[C@H](CCCC)CC,602
12,633,train,in-house,741,CC1=C(OCC(CCCCCC)CCCC)C(OCC(CCCC)CCCCCC)=C(C2=CC=C(S2)C3=CC=C(S3)C)C4=NSN=C14||c12cc3c(cc1C(c1c2sc2c1sc(c2)/C=C\1/C(=C(C#N)C#N)c2c(C1=O)cccc2)(c1ccc(cc1)CCCCCC)c1ccc(cc1)CCCCCC)c1c(C3(c2ccc(cc2)CCCCCC)c2ccc(cc2)CCCCCC)c2c(s1)cc(s2)/C=C\1/C(=C(C#N)C#N)c2c(C1=O)cccc2,603
12,634,train,in-house,743,CC1=CC=C(S1)C2=C3SC(C(OCC(CCCCCCCCCC)CCCCCCCC)=O)=CC3=C(C4=CC=C(S4)C5=CC6=C(C7=C(C(C8=CC=C(S8)SC(CCCC)CC)=C6S5)C=C(C)S7)C9=CC=C(S9)SC(CCCC)CC)S2||c12cc3c(cc1C(c1c2sc2c1sc(c2)/C=C\1/C(=C(C#N)C#N)c2c(C1=O)cccc2)(c1ccc(cc1)CCCCCC)c1ccc(cc1)CCCCCC)c1c(C3(c2ccc(cc2)CCCCCC)c2ccc(cc2)CCCCCC)c2c(s1)cc(s2)/C=C\1/C(=C(C#N)C#N)c2c(C1=O)cccc2,604
12,635,validation,in-house,744,FC1=C(C(OCC(CCCC)CC)=O)SC2=CSC(C3=CC4=C(C5=C(C(C6=CC=C(CC(CC)CCCC)S6)=C4S3)C=CS5)C7=CC=C(CC(CC)CCCC)S7)=C12||N#C/C(C#N)=C/C1=CC=C(C2=CC=C3C4=CC=C(C5=CC=C(/C=C(C#N)/C#N)C6=NSN=C56)C=C4N(C(CCCCCCCC)CCCCCCCC)C3=C2)C7=NSN=C17,605
12,636,train,in-house,745,CC(SC1=C(C2=C3SC(C)=C2)C4=CC=C(S4)CC(CCCC)CC)=CC1=C3C5=CC=C(S5)CC(CC)CCCC||N#C/C(C#N)=C(C1=CC=CC=C1C2=O)/C2=C/C3=CC4=C(C5=C(C=C6C(C(CCCCCC)(CCCCCC)C7=C6SC(/C=C8/C(C9=CC=CC=C9C8=O)=C(C#N)/C#N)=C7)=C5)C4(CCCCCC)CCCCCC)S3,606
12,637,train,in-house,746,CC(S1)=C(CCCCCCCC)C=C1C2=CC(/C=C3S/C(N(C/3=O)CC)=C(C#N)\C#N)=C(S2)C4=CC(CCCCCCCC)=C(S4)C(SC5=C(C6=C7SC(C)=C6)C8=CC=C(S8)CCCCCCCC)=CC5=C7C9=CC=C(CCCCCCCC)S9||c12cc3c(cc1C(c1c2sc2c1sc(c2)/C=C\1/C(=C(C#N)C#N)c2c(C1=O)cccc2)(c1ccc(cc1)CCCCCC)c1ccc(cc1)CCCCCC)c1c(C3(c2ccc(cc2)CCCCCC)c2ccc(cc2)CCCCCC)c2c(s1)cc(s2)/C=C\1/C(=C(C#N)C#N)c2c(C1=O)cccc2,607
12,638,test,in-house,747,c1scc(c1)CCCCCC||S=C(N(C/1=O)CC)SC1=C\C(C2=NN(CCCCCCCC)N=C32)=CC=C3C4=CC(C5(C(C=C6)=CC=C6CCCCCC)C7=CC=C(C=C7)CCCCCC)=C(C8=CC9=C(C%10=C(C9(C%11=CC=C(C=C%11)CCCCCC)C%12=CC=C(C=C%12)CCCCCC)C=C(C%13=CC=C(C%14=NN(N=C%13%14)CCCCCCCC)/C=C%15SC(N(C/%15=O)C#C)=S)S%10)C=C85)S4,608
12,639,test,in-house,748,CC(S1)=C(CCCCC(CC)CCCCCC)C=C1C2=NC(S3)=C(S2)N=C3C4=CC(CCCCC(CCCCCC)CC)=C(S4)C5=CC(C(S5)=C(C6=C7SC(C)=C6)C8=CC(Cl)=C(S8)CC(CCCC)CC)=C7C9=CC(Cl)=C(CC(CC)CCCC)S9||c1(cc2c(cc1F)C(=O)/C(=C\c1cc3c(s1)c1c(s3)c3c(C1(c1ccc(cc1)CCCCCC)c1ccc(cc1)CCCCCC)cc1c(c3)C(c3c1sc1c3sc(c1)/C=C/1\C(=O)c3c(C1=C(C#N)C#N)cc(c(c3)F)F)(c1ccc(cc1)CCCCCC)c1ccc(cc1)CCCCCC)/C2=C(C#N)C#N)F,609
12,640,train,in-house,750,O=C(C1=C(CCC(CCCC)CC)SC(CCC(CC)CCCC)=C1C2=O)C(C2=C(C3)C(C4)=CC=C4C5=CC6=C(C(C7=CC=C(CCC(CCCC)CC)S7)=C8C=CSC8=C6C9=CC=C(CCC(CCCC)CC)S9)S5)=C3C%10=CC=CS%10||CCCCCCOC(C=C1)=CC=C1C2(C3=CC=C(C=C3)OCCCCCC)C4=C(C=C5C(C(CC6)CCC6OCCCCCC)(C(C=C7)=CC=C7OCCCCCC)C8=C(SC(/C=C9C(C(C=CC=C%10)=C%10C\9=C(C#N)\C#N)=O)=C8)C5=C4)C(S%11)=C2C=C%11/C=C(C(C%12=C%13C=CC=C%12)=O)/C%13=C(C#N)/C#N,610
12,641,train,in-house,751,FC1=C(C(OCC(CCCC)CC)=O)SC2=CSC(C3=CC4=C(C5=C(C(C6=CC=C(CC(CC)CCCC)S6)=C4S3)C=CS5)C7=CC=C(CC(CC)CCCC)S7)=C12||N#C/C(C#N)=C/C(C1=NSN=C21)=CC=C2C3=CC=C(C4=CC=C(C=C45)C6=CC=C(C7=NSN=C67)/C=C(C#N)\C#N)C(C5(CCCCCCCC)CCCCCCCC)=C3,611
12,642,validation,in-house,752,c1scc(c1)CCCCCC||S=C(N(C/1=O)CC)SC1=C/C(S2)=CC=C2C(C3=NSN=C3C(C4=CC=C(S4)/C=C5SC(N(C\5=O)CC)=S)=C6OCCCCCC)=C6OCCCCCC,612
12,643,test,in-house,753,O=C(C1=C(CCC(CCCC)CC)SC(CCC(CC)CCCC)=C1C2=O)C(C2=C(C3)C(C4)=CC=C4C5=CC6=C(C(C7=CC=C(CCC(CCCC)CC)S7)=C8C=CSC8=C6C9=CC=C(CCC(CCCC)CC)S9)S5)=C3C%10=CC=CS%10||c1(cc2c(cc1F)C(=C(C#N)C#N)/C(=C\c1sc3c(c1)sc1c3C(c3c1cc1c(c3)c3c(C1(c1ccc(cc1)CCCCCC)c1ccc(cc1)CCCCCC)c1c(s3)cc(s1)/C=C/1\C(=C(C#N)C#N)c3c(C1=O)cc(c(c3)F)F)(c1ccc(cc1)CCCCCC)c1ccc(cc1)CCCCCC)/C2=O)F,201
12,644,train,in-house,754,c1scc(c1)CCCCCC||S=C(N(C/1=O)CC)SC1=C\C(S2)=CN=C2C3=CC(C4(C5=CC=C(CCCCCC)C=C5)C6=CC=C(CCCCCC)C=C6)=C(C(C=C7C8(C9=CC=C(CCCCCC)C=C9)C%10=CC=C(CCCCCC)C=C%10)=C4C=C7C%11=C8C=C(C%12=NC=C(S%12)/C=C%13SC(N(C/%13=O)CC)=S)S%11)S3,613
12,645,test,in-house,755,FC1=C(C(OCC(CCCC)CC)=O)SC2=CSC(C3=CC4=C(C5=C(C(C6=CC=C(CC(CC)CCCC)S6)=C4S3)C=CS5)C7=CC=C(CC(CC)CCCC)S7)=C12||N#C/C(C#N)=C/C(C1=NSN=C21)=CC=C2C3=CC(C4(CCCCCCCC)CCCCCCCC)=C(C5=C4C=C(C6=CC=C(C7=NSN=C67)/C=C(C#N)\C#N)S5)S3,614
12,646,train,in-house,756,FC(C(F)=C(C1=NC(C2=CC=C(C(OCCCCCCCC)=C2)OCCCCCCCC)=C(N=C31)C(C=C4)=CC(OCCCCCCCC)=C4OCCCCCCCC)C)=C3C(S5)=CC(F)=C5C6=C(F)C=C(C)S6||c12cc3c(cc1C(c1c2sc2c1sc(c2)/C=C\1/C(=C(C#N)C#N)c2c(C1=O)cccc2)(c1ccc(cc1)CCCCCC)c1ccc(cc1)CCCCCC)c1c(C3(c2ccc(cc2)CCCCCC)c2ccc(cc2)CCCCCC)c2c(s1)cc(s2)/C=C\1/C(=C(C#N)C#N)c2c(C1=O)cccc2,615
12,647,train,in-house,760,FC(C(F)=C(C1=NC(C2=CC=C(C(OCCCCCCCC)=C2)OCCCCCCCC)=C(N=C31)C(C=C4)=CC(OCCCCCCCC)=C4OCCCCCCCC)C)=C3C(S5)=CC=C5C6=CC=C(C)S6||c12cc3c(cc1C(c1c2sc2c1sc(c2)/C=C\1/C(=C(C#N)C#N)c2c(C1=O)cccc2)(c1ccc(cc1)CCCCCC)c1ccc(cc1)CCCCCC)c1c(C3(c2ccc(cc2)CCCCCC)c2ccc(cc2)CCCCCC)c2c(s1)cc(s2)/C=C\1/C(=C(C#N)C#N)c2c(C1=O)cccc2,472
12,648,train,in-house,761,c1scc(c1)CCCCCC||S1/C(=C/c2c3c(c(cc2)c2sc4c(c2)C(c2c4cc4c(c2)c2c(C4(CCCCCCCC)CCCCCCCC)cc(s2)c2ccc(c4c2nc(c(n4)c2ccccc2)c2ccccc2)/C=C/2\C(=O)N(C(=S)S2)CC)(CCCCCCCC)CCCCCCCC)nc(c(n3)c2ccccc2)c2ccccc2)/C(=O)N(C1=S)CC,616
12,649,train,in-house,763,c1scc(c1)CCCCCC||[S]=C(N(C/1=O)CCCCCCCC)SC1=C/C(S2)=C(CCCCCCCC)C=C2C3=CC=C(C4=CC=C(C=C45)C6=CC(CCCCCCCC)=C(S6)/C=C7SC(N(C\7=O)CCCCCCCC)=[S])C(C85C(C=C(C=C9)C%10=CC(CCCCCCCC)=C(S%10)/C=C%11SC(N(C\%11=O)CCCCCCCC)=[S])=C9C(C=C%12)=C8C=C%12C%13=CC(CCCCCCCC)=C(S%13)/C=C%14SC(N(C\%14=O)CCCCCCCC)=[S])=C3,617
12,650,train,in-house,764,CC1=C(CCCCCCCC)C=C(C2=C(C(C3=C(CC(CCCC)CC)SC(CC(C)CCCC)=C34)=O)C(C4=O)=C(C5=CC(CCCCCCCC)=C(S5)C6=CC7=C(S6)C8=C(C=C7C9=CC=C(SCC(CC)CCCC)C=C9)C%10=C(C=C(C)S%10)C(C%11=CC=C(SCC(CCCC)C)C=C%11)=C8)S2)S1||N#C/C(C#N)=C(C1=CC=CC=C1C2=O)/C2=C/C3=CC4=C(C5=C(C=C6C(C(CCCCCC)(CCCCCC)C7=C6SC(/C=C8/C(C9=CC=CC=C9C8=O)=C(C#N)/C#N)=C7)=C5)C4(CCCCCC)CCCCCC)S3,618
12,651,train,in-house,765,[Cl]C1=C(CC)SC(C2=C3C(C=C(C)C3)C(C4=CC([Cl])=C(S4)CC)=C5SC(C6=CC=C(S6)C7=C(C(C8=C(SC(CC)=C8C9=O)CC)=O)C9=C(C%10=CC=C(S%10)C)S7)=CC25)=C1||O=C(C(C=C(C([H])=C1)[H])=C1C/2=C(C#N)\C#N)C2=C/C3=CC(C4(C5=CC=C(C=C5)CCCCCC)C(C=C6)=CC=C6CCCCCC)=C(C(C=C7C8(C(C=C9)=CC=C9CCCCCC)C(C=C%10)=CC=C%10CCCCCC)=C4C=C7C%11=C8C=C(/C=C%12C(C(C=C(C([H])=C%13)[H])=C%13C\%12=C(C#N)\C#N)=O)S%11)S3,619
12,652,train,in-house,766,c1scc(c1)CCCCCC||O=C(N(C/1=O)CC)SC1=C\C(C2=NN(CCCCCCCC)N=C32)=CC=C3C4=CC(C5(C(C=C6)=CC=C6CCCCCC)C7=CC=C(C=C7)CCCCCC)=C(C8=CC9=C(C%10=C(C9(C%11=CC=C(C=C%11)CCCCCC)C%12=CC=C(C=C%12)CCCCCC)C=C(C%13=CC=C(C%14=NN(N=C%13%14)CCCCCCCC)/C=C%15SC(N(C/%15=O)C#C)=O)S%10)C=C85)S4,620
12,653,train,in-house,767,FC1=C(C(OCC(CCCC)CC)=O)SC2=CSC(C3=CC4=C(C5=C(C(C6=CC=C(CC(CC)CCCC)S6)=C4S3)C=CS5)C7=CC=C(CC(CC)CCCC)S7)=C12||FC1=C(/C=C(C#N)/C#N)SC(C(SC(C(SC(C2=C(CCCCCCCC)C(F)=C(C3=C(CCCCCCCC)C(F)=C(/C=C(C#N)\C#N)S3)S2)=C4F)=C4F)=C5CCCCCCCC)=C5F)=C1CCCCCCCC,621
12,654,test,in-house,768,FC1=C(C(OCC(CCCC)CC)=O)SC2=CSC(C3=CC4=C(C5=C(C(C6=CC=C(CC(CC)CCCC)S6)=C4S3)C=CS5)C7=CC=C(CC(CC)CCCC)S7)=C12||O=C1C(/C(C2=CC(F)=C(F)C=C21)=C(C#N)\C#N)=C\C3=CC4=C(C5=C(S4)C6=C(C5(C7=CC=C(CCCCCC)C=C7)C8=CC=C(CCCCCC)C=C8)C9=C(S6)C%10=CC%11=C(C=C%10C9(C%12=CC=C(CCCCCC)C=C%12)C%13=CC=C(CCCCCC)C=C%13)C(S%14)=C(C%11(C%15=CC=C(CCCCCC)C=C%15)C%16=CC=C(CCCCCC)C=C%16)C%17=C%14C%18=C(C%19=C(S%18)C=C(/C=C%20/C(C(C(C%20=O)=C%21)=CC(F)=C%21F)=C(C#N)/C#N)S%19)C%17(C%22=CC=C(CCCCCC)C=C%22)C%23=CC=C(CCCCCC)C=C%23)S3,622
12,655,validation,in-house,769,c1scc(c1)CCCCCC||O=C(/C(S/1)=C/C(S2)=C(CCCCCCCC)C=C2C3=CC=C(C4=CC=C(C=C45)C6=CC(CCCCCCCC)=C(S6)/C=C7S/C(N(C\7=O)CCCCCCCC)=C(C#N)\C#N)C(C85C(C=C(C=C9)C%10=CC(CCCCCCCC)=C(S%10)/C=C%11S/C(N(C\%11=O)CCCCCCCC)=C(C#N)/C#N)=C9C(C=C%12)=C8C=C%12C%13=CC(CCCCCCCC)=C(S%13)/C=C%14S/C(N(C\%14=O)CCCCCCCC)=C(C#N)\C#N)=C3)N(CCCCCCCC)C1=C(C#N)/C#N,623
12,656,train,in-house,770,[Cl]C1=C(SC(CC(CC)CCCC)=C1[Cl])C(C2=C3SC(C)=C2)=C4SC(C5=CC=C(S5)C6=C(C(F)=C(C7=NN(N=C67)CC(CCCCCCCC)CCCCCC)C8=CC=C(C)S8)F)=CC4=C3C9=C([H])C([H])=C(CC(CCCC)CC)S9||c1(cc2c(cc1F)C(=O)/C(=C\c1cc3c(s1)c1c(s3)c3c(C1(c1ccc(cc1)CCCCCC)c1ccc(cc1)CCCCCC)cc1c(c3)C(c3c1sc1c3sc(c1)/C=C/1\C(=O)c3c(C1=C(C#N)C#N)cc(c(c3)F)F)(c1ccc(cc1)CCCCCC)c1ccc(cc1)CCCCCC)/C2=C(C#N)C#N)F,624
12,657,validation,in-house,771,CC1=CC(C(OCC(CCCC)CC)=C2SC(C3=C(C(N(C4=O)CCCCCCCC)=O)C4=C(C)S3)=CC2=C5OC(CCCC)CC)=C5S1||c12cc3c(cc1C(c1c2sc2c1sc(c2)/C=C\1/C(=C(C#N)C#N)c2c(C1=O)cccc2)(c1ccc(cc1)CCCCCC)c1ccc(cc1)CCCCCC)c1c(C3(c2ccc(cc2)CCCCCC)c2ccc(cc2)CCCCCC)c2c(s1)cc(s2)/C=C\1/C(=C(C#N)C#N)c2c(C1=O)cccc2,625
12,658,train,in-house,772,FC(C(F)=C(C1=C2C=C(C3=CC=CC(OCCCCCCCC)=C3)C(C4=CC(OCCCCCCCC)=CC=C4)=C1)C5=CC=C(S5)C6=CC7=C(C8=C(C(C9=CC=C(S9)C#C[Si](C(C)C)(C(C)C)C(C)C)=C7S6)C=C(C)S8)C%10=CC=C(S%10)C#C[Si](C(C)C)(C(C)C)C(C)C)=C2C%11=CC=C(C)S%11||c12cc3c(cc1C(c1c2sc2c1sc(c2)/C=C\1/C(=C(C#N)C#N)c2c(C1=O)cccc2)(c1ccc(cc1)CCCCCC)c1ccc(cc1)CCCCCC)c1c(C3(c2ccc(cc2)CCCCCC)c2ccc(cc2)CCCCCC)c2c(s1)cc(s2)/C=C\1/C(=C(C#N)C#N)c2c(C1=O)cccc2,626
12,659,train,in-house,773,CC1=CC(C(OCC(CCCC)CC)=C2SC(C3=C(C(N(C4=O)CCCCCCCC)=O)C4=C(C)S3)=CC2=C5OC(CCCC)CC)=C5S1||N#C/C(C#N)=C(C1=CC=CC=C1C2=O)/C2=C/C3=CC4=C(C5=C(C=C6C(C(CCCCCC)(CCCCCC)C7=C6SC(/C=C8/C(C9=CC=CC=C9C8=O)=C(C#N)/C#N)=C7)=C5)C4(CCCCCC)CCCCCC)S3,627
12,660,train,in-house,774,O=C(C1=C(CCC(CCCC)CC)SC(CCC(CC)CCCC)=C1C2=O)C(C2=C(C3)C(C4)=CC=C4C5=CC6=C(C(C7=CC=C(CCC(CCCC)CC)S7)=C8C=CSC8=C6C9=CC=C(CCC(CCCC)CC)S9)S5)=C3C%10=CC=CS%10||c1ccc2c(c1)C(=C(C2=O)[CH]c1sc2c(c1)n(c1c2sc2c1C(c1c2cc2c(c1)c1c(C2(c2ccc(cc2)CCCCCC)c2ccc(cc2)CCCCCC)c2c(s1)c1c(n2CCCCCCCC)cc(s1)/C=C\1/C(=C(C#N)C#N)c2c(C1=O)cccc2)(c1ccc(cc1)CCCCCC)c1ccc(cc1)CCCCCC)CCCCCCCC)[C](C#N)C#N,628
12,661,train,in-house,775,CC(S1)=CC=C1C2=C3C(C(C4=C(SC(CC(CCCC)CC)=C4C3=O)CC(CCCC)CC)=O)=C(S2)C5=CC=C(C6=CC7=C(C(C8=CC=C(CC(CCCC)CC)S8)=C(C=C(C)S9)C9=C7C%10=CC=C(CC(CCCC)CC)S%10)S6)S5||O=C1C(/C(C2=C1C=CC=C2)=C(C#N)\C#N)=C\C3=CC(OCC(CCCC)CC)=C(C4=CC(C(C5=CC(C6=C7C=C(C8=C(C=C(/C=C(C9=O)/C(C%10=C9C=CC=C%10)=C(C#N)\C#N)S8)OCC(CCCC)CC)S6)=C(C7(C%11=CC=C(C=C%11)CCCCCC)C%12=CC=C(C=C%12)CCCCCC)C=C%135)(C%14=CC=C(C=C%14)CCCCCC)C(C=C%15)=CC=C%15CCCCCC)=C%13S4)S3,629
12,662,train,in-house,776,[H]C(C([H])=C(C1=NN(N=C21)CCC(CCCC)CCCCCC)C3=CC=C(S3)C)=C2C(S4)=CC=C4C5=CC(C(CCCC(CCCCCC)CCCC)=C6SC(C)=CC6=C7CCCC(CCCC)CCCCCC)=C7S5||c12cc3c(cc1C(c1c2sc2c1sc(c2)/C=C\1/C(=C(C#N)C#N)c2c(C1=O)cccc2)(c1ccc(cc1)CCCCCC)c1ccc(cc1)CCCCCC)c1c(C3(c2ccc(cc2)CCCCCC)c2ccc(cc2)CCCCCC)c2c(s1)cc(s2)/C=C\1/C(=C(C#N)C#N)c2c(C1=O)cccc2,630
12,663,test,in-house,777,O=C(C1=C(CCC(CCCC)CC)SC(CCC(CC)CCCC)=C1C2=O)C(C2=C(C3)C(C4)=CC=C4C5=CC6=C(C(C7=CC=C(CCC(CCCC)CC)S7)=C8C=CSC8=C6C9=CC=C(CCC(CCCC)CC)S9)S5)=C3C%10=CC=CS%10||O=C(C(C=CC(F)=C1)=C1C/2=C(C#N)/C#N)C2=C/C3=CC(N4CC(CCCC)CC)=C(S3)C5=C4C6=C(OCCCCCC)C(S7)=C(C(OCCCCCC)=C6S5)C8=C7C(S9)=C(N8CC(CC)CCCC)C=C9/C=C(C%10=O)/C(C%11=C%10C=CC(F)=C%11)=C(C#N)/C#N,631
12,664,train,in-house,779,FC(C(F)=C(C1=NN(N=C21)CCC(CCCC)CCCCCC)C3=CC=C(S3)C)=C2C(S4)=CC=C4C5=CC(C(CCCC(CCCCCC)CCCC)=C6SC(C)=CC6=C7CCCC(CCCC)CCCCCC)=C7S5||c1cc(c2c(c1C=C(C#N)C#N)nsn2)c1sc(cc1)c1cc2c(cc1)c1c([C@@]2(C[C@@H](CC)CCCC)C[C@H](CC)CCCC)cc(s1)c1c2c(c(cc1)C=C(C#N)C#N)nsn2,632
12,665,train,in-house,780,c1scc(c1)CCCCCC||CCN1C(/C(SC1=S)=C/C2=CC=C(C3=NSN=C23)C4=CC=C5C(C(C6=C5C=CC(C7=CC=C(C8=NSN=C78)/C=C9SC(N(C\9=O)CC)=S)=C6)(CCCCCCCC)CCCCCCCC)=C4)=O,633
12,666,test,in-house,781,CC1=CC=C(C(N(CC(CCCCCC)CCCCCCCC)C2=O)=C(C(N3CC(CCCCCCCC)CCCCCC)=O)C2=C3C4=CC=C(C5=CC(CCCCCC)=C(C6=CC=C(S6)C7=C(C=C(S7)C)CCCCCC)S5)S4)S1||c12cc3c(cc1C(c1c2sc2c1sc(c2)/C=C\1/C(=C(C#N)C#N)c2c(C1=O)cccc2)(c1ccc(cc1)CCCCCC)c1ccc(cc1)CCCCCC)c1c(C3(c2ccc(cc2)CCCCCC)c2ccc(cc2)CCCCCC)c2c(s1)cc(s2)/C=C\1/C(=C(C#N)C#N)c2c(C1=O)cccc2,634
12,667,train,in-house,782,FC(C=C(C1=C2SC=CC2=C(C3=CC(F)=C(CC(CCCC)CC)S3)C4=C1C=C(C5=CC=C(C6=C(C(C(C7=C(CC(CCCC)CC)SC(CC(CC)CCCC)=C78)=O)=C(C9=CC=CC9)S6)C8=O)S5)S4)S%10)=C%10CC(CC)CCCC||[H]C(C=C1C(C(OCCCCCCCCCCCCCCCC)=C2)=CC(OCCCCCCCCCCCCCCCC)=C2C3=CC([H])=C(S3)C=O)=C(S1)C=O,635
12,668,train,in-house,783,CCCCCCC1=CC=C(C2=C3C(CC(C)=C3)=C(C4=C2SC(C5=CC=C(S5CCCCCCCC)C)=C4)C6=CC=C(CC(CC)CCCC)S6)S1||c12cc3c(cc1C(c1c2sc2c1sc(c2)/C=C\1/C(=C(C#N)C#N)c2c(C1=O)cccc2)(c1ccc(cc1)CCCCCC)c1ccc(cc1)CCCCCC)c1c(C3(c2ccc(cc2)CCCCCC)c2ccc(cc2)CCCCCC)c2c(s1)cc(s2)/C=C\1/C(=C(C#N)C#N)c2c(C1=O)cccc2,636
12,669,train,in-house,784,c1scc(c1)CCCCCC||S1/C(=C\c2c3c(c(cc2)c2sc4c(c2)C(c2c4cc4c(c2)c2c(C4(c4ccc(cc4)CCCCCC)c4ccc(cc4)CCCCCC)cc(s2)c2ccc(c4c2nc(c(n4)c2ccccc2)c2ccccc2)/C=C/2\C(=O)N(C(=S)S2)CC)(c2ccc(cc2)CCCCCC)c2ccc(cc2)CCCCCC)nc(c(n3)c2ccccc2)c2ccccc2)/C(=O)N(C1=S)CC,637
12,670,test,in-house,785,O=C(C1=C(CCC(CCCC)CC)SC(CCC(CC)CCCC)=C1C2=O)C(C2=C(C3)C(C4)=CC=C4C5=CC6=C(C(C7=CC=C(CCC(CCCC)CC)S7)=C8C=CSC8=C6C9=CC=C(CCC(CCCC)CC)S9)S5)=C3C%10=CC=CS%10||O=C(C1=CC=CC=C1C/2=C(C#N)\C#N)C2=C/C(S3)=CC4=C3C=C(C5=CC(OC6(C7=CC=C(CCCCCC)C=C7)C8=CC=C(CCCCCC)C=C8)=C(S5)C(C=C9%10)=C6C=C9C%11=C(C=C(C%12=CC%13=C(C=C(/C=C%14C(C%15=CC=CC=C%15C\%14=C(C#N)/C#N)=O)S%13)S%12)S%11)OC%10(C%16=CC=C(C=C%16)CCCCCC)C%17=CC=C(CCCCCC)C=C%17)S4,638
12,671,train,in-house,786,c1scc(c1)CCCCCC||S=C(N(C/1=O)CCCCCC)SC1=C/C(S2)=CC=C2C(C=C3)=CC4=C3C(C=CC(C5=CC=C(/C=C6SC(N(C\6=O)CCCCCC)=S)S5)=C7)=C7C4(C8=C9C=CC(C%10=CC=C(/C=C%11SC(N(C\%11=O)CCCCCC)=S)S%10)=C8)C%12=C9C=CC(C%13=CC=C(S%13)/C=C%14SC(N(C\%14=O)CCCCCC)=S)=C%12,639
12,672,test,in-house,787,O=C(C1=C(CCC(CCCC)CC)SC(CCC(CC)CCCC)=C1C2=O)C(C2=C(C3)C(C4)=CC=C4C5=CC6=C(C(C7=CC=C(CCC(CCCC)CC)S7)=C8C=CSC8=C6C9=CC=C(CCC(CCCC)CC)S9)S5)=C3C%10=CC=CS%10||O=C(C(C=C([H])C([H])=C1)=C1C/2=C(C#N)/C#N)C2=C/C3=CC4=C(S3)C5=C(N4CC(CCCCCC)CCCC)C6=C(S5)C(C(C(C7=CC=C(C=C7)CCCCCC)6C8=CC=C(C=C8)CCCCCC)=C9)=CC%10=C9C%11=C(C(C%12=CC=C(CCCCCC)C=C%12)%10C%13=CC=C(CCCCCC)C=C%13)C(N%14CC(CCCCCC)CCCC)=C(S%11)C(S%15)=C%14C=C%15/C=C(C(C%16=C%17C=C([H])C([H])=C%16)=O)/C%17=C(C#N)/C#N,640
12,673,train,in-house,789,CC1=CC=C(C(N(CC(CCCCCCCCCC)CCCCCCCCCCCC)C2=O)=C(C(N3CC(CCCCCCCCCCCC)CCCCCCCCCC)=O)C2=C3C4=CC=C(C5=CC=C(C6=CC=C(S6)C)S5)S4)S1||c12cc3c(cc1C(c1c2sc2c1sc(c2)/C=C\1/C(=C(C#N)C#N)c2c(C1=O)cccc2)(c1ccc(cc1)CCCCCC)c1ccc(cc1)CCCCCC)c1c(C3(c2ccc(cc2)CCCCCC)c2ccc(cc2)CCCCCC)c2c(s1)cc(s2)/C=C\1/C(=C(C#N)C#N)c2c(C1=O)cccc2,641
12,674,train,in-house,790,FC(C=C(C1=C2SC=CC2=C(C3=CC(F)=C(CC(CCCC)CC)S3)C4=C1C=C(C5=CC=C(C6=C(C(C(C7=C(CC(CCCC)CC)SC(CC(CC)CCCC)=C78)=O)=C(C9=CC=CC9)S6)C8=O)S5)S4)S%10)=C%10CC(CC)CCCC||O=C(C1=CC=CC=C1C/2=C(C#N)\C#N)C2=C/C3=CC(CC(CCCC)CC)=C(S3)C4=CC(C5(C6=CC=C(CCCCCC)C=C6)C7=CC=C(CCCCCC)C=C7)=C(C8=CC9=C(C%10=C(C9(C%11=CC=C(CCCCCC)C=C%11)C%12=CC=C(C=C%12)CCCCCC)C=C(C%13=C(CC(CC)CCCC)C=C(/C=C%14C(C%15=CC=CC=C%15C\%14=C(C#N)\C#N)=O)S%13)S%10)C=C85)S4,642
12,675,train,in-house,791,CC(S1)=CC=C1C(N(C2=O)CC(CCCCCCCCCCCC)CCCCCCCCCC)=C3C2=C(C4=CC=C(S4)C5=CC(CCCCCC)=C(S5)C6=CC=C(C7=CC=C(C8=C(CCCCCC)C=CS8)S7)S6)N(C3=O)CC(CCCCCCCCCC)CCCCCCCCCCCC||c12cc3c(cc1C(c1c2sc2c1sc(c2)/C=C\1/C(=C(C#N)C#N)c2c(C1=O)cccc2)(c1ccc(cc1)CCCCCC)c1ccc(cc1)CCCCCC)c1c(C3(c2ccc(cc2)CCCCCC)c2ccc(cc2)CCCCCC)c2c(s1)cc(s2)/C=C\1/C(=C(C#N)C#N)c2c(C1=O)cccc2,643
12,676,validation,in-house,792,CC1=CC=C(S1)C2=C3SC(C(OCC(CCCCCCCCCC)CCCCCCCC)=O)=CC3=C(C4=CC=C(S4)C5=CC6=C(C7=C(C(C8=CC=C(S8)CC(CCCC)CC)=C6S5)C=C(C)S7)C9=CC=C(S9)CC(CCCC)CC)S2||c12cc3c(cc1C(c1c2sc2c1sc(c2)/C=C\1/C(=C(C#N)C#N)c2c(C1=O)cccc2)(c1ccc(cc1)CCCCCC)c1ccc(cc1)CCCCCC)c1c(C3(c2ccc(cc2)CCCCCC)c2ccc(cc2)CCCCCC)c2c(s1)cc(s2)/C=C\1/C(=C(C#N)C#N)c2c(C1=O)cccc2,644
12,677,train,in-house,794,FC1=C(C(OCC(CCCC)CC)=O)SC2=CSC(C3=CC4=C(C5=C(C(C6=CC=C(CC(CC)CCCC)S6)=C4S3)C=CS5)C7=CC=C(CC(CC)CCCC)S7)=C12||O=C(C1=C(F)C=CC=C1C/2=C(C#N)\C#N)C2=C/C3=CC(OCC(CC)CCCC)=C(C4=CC5=C(S4)C(C(C6=CC=C(C=C6)CCCCCC)(C7=C8C=C9C(C%10=C(C9(C%11=CC=C(C=C%11)CCCCCC)C%12=CC=C(C=C%12)CCCCCC)C%13=C(C=C(S%13)C%14=C(OCC(CCCC)CC)C=C(/C=C%15C(C%16=C(F)C=CC=C%16C\%15=C(C#N)\C#N)=O)S%14)S%10)=C7)C%17=CC=C(C=C%17)CCCCCC)=C8S5)S3,645
12,678,train,in-house,795,CC1=CC(C(S1)=C(C2=C3SC(C4=CC=C(C5=C6C(C(N5CC(CCCCCC)CCCC)=O)=C(C7=CC=C(C)S7)N(CC(CCCC)CCCCCC)C6=O)S4)=C2)C8=CC=C(S8)CC(CCCC)CC)=C3C9=CC=C(CC(CC)CCCC)S9||c12cc3c(cc1C(c1c2sc2c1sc(c2)/C=C\1/C(=C(C#N)C#N)c2c(C1=O)cccc2)(c1ccc(cc1)CCCCCC)c1ccc(cc1)CCCCCC)c1c(C3(c2ccc(cc2)CCCCCC)c2ccc(cc2)CCCCCC)c2c(s1)cc(s2)/C=C\1/C(=C(C#N)C#N)c2c(C1=O)cccc2,646
12,679,train,in-house,796,FC1=C(F)C=C(N=C(OCC(CCCCCC)CCCCCCCC)C=N2)C2=C1C3=CC=CS3||FC(C=C1C2=CC(C3(CC(CCCC)CC)CC(CCCC)CC)=C(S2)C(S4)=C3C=C4/C=C(C(C5=CC([H])=C(C=C56)[H])=O)/C6=C(C#N)/C#N)=C(C=C1F)C7=CC8=C(C9=C(C8(CC(CCCC)CC)CC(CCCC)CC)C=C(/C=C%10C(C%11=CC([H])=C(C=C%11C\%10=C(C#N)\C#N)[H])=O)S9)S7,647
12,680,validation,in-house,798,CC(SC(C1=C(F)C(F)=C(C2=CC(C(OC3=CC=C(CCCCCC)C=C3)=O)=C(C4=CC=C(C5=CC=C(C)S5)S4)S2)C6=NSN=C16)=C7)=C7C(OC8=CC=C(CCCCCC)C=C8)=O||c1(cc2c(cc1F)C(=C(C#N)C#N)/C(=C\c1sc3c(c1)sc1c3C(c3c1cc1c(c3)c3c(C1(c1ccc(cc1)CCCCCC)c1ccc(cc1)CCCCCC)c1c(s3)cc(s1)/C=C/1\C(=C(C#N)C#N)c3c(C1=O)cc(c(c3)F)F)(c1ccc(cc1)CCCCCC)c1ccc(cc1)CCCCCC)/C2=O)F,648
12,681,train,in-house,799,c1scc(c1)CCCCCC||O=C(C(C=CC=C1)=C1C/2=C(C#N)\C#N)C2=C/C3=CC4=C(S3)C5=C(C=C6C(SC7=C8CC9C7C(C%10=CC=C(C=C%10)CCCCCC)(C(C=C%11C%12=C%13C=C(S%12)/C=C%14C(C(C=CC=C%15)=C%15C\%14=C(C#N)\C#N)=O)=C9C=C%11C%13(C%16=CC=C(C=C%16)CCCCCC)C%17=CC=C(C=C%17)CCCCCC)C%18=CC=C(C=C%18)CCCCCC)=C8C(C%19=CC=C(C=C%19)CCCCCC)(C%20=CC=C(C=C%20)CCCCCC)C6=C5)C(C%21=CC=C(C=C%21)CCCCCC)4C%22=CC=C(CCCCCC)C=C%22,649
12,682,validation,in-house,800,CC(S1)=CC=C1C2C3=NN(CC(CCCC)CCCCCC)N=C3C(C4=CC=C(S4)C5=CC6=C(C7=C(C(CCC(CCCC)CCCCCC)=C6S5)C=C(C)S7)CCC(CCCC)CCCCCC)=C(C2OCCOC)OCCOC||O=C(C1=CC=CC=C1C/2=C(C#N)/C#N)C2=C/C3=CC(SC4C5C(C)=C(C(C6=CC=C(C=C6)CCCCCC)(C7=CC=C(C=C7)CCCCCC)C8=CSC9=C8SC(/C=C%10C(C(C=CC=C%11)=C%11C\%10=C(C#N)/C#N)=C)=C9)C=C(C)C5C(C%12=CC=C(C=C%12)CCCCCC)(C%13=CC=C(C=C%13)CCCCCC)C%144)=C%14S3,650
12,683,train,in-house,801,c1scc(c1)CCCCCC||S=C(N(C/1=O)CC)SC1=C\C(S2)=CN=C2C3=CC(C4(CCCCCC)CCCCCC)=C(C(C=C5C6(CCCCCC)CCCCCC)=C4C=C5C7=C6C=C(C8=NC=C(S8)/C=C9SC(N(C/9=O)CC)=S)S7)S3,651
12,684,train,in-house,802,FC1=C(C(OCC(CCCC)CC)=O)SC2=CSC(C3=CC4=C(C5=C(C(C6=CC=C(CC(CC)CCCC)S6)=C4S3)C=CS5)C7=CC=C(CC(CC)CCCC)S7)=C12||n1(c(=C(C#N)C#N)s/c(=C\c2c3c(c(cc2)c2ccc4c(c2)C(c2c4ccc(c2)c2c4c(c(cc2)/C=c/2\sc(=C(C#N)C#N)n(c2=O)CC)nsn4)(CCCCCCCC)CCCCCCCC)nsn3)/c1=O)CC,652
12,685,train,in-house,803,c1scc(c1)CCCCCC||S=C(S/C1=C/C2=CC=C(C3=CC4=C(C5=C(C46C7=C(C8=C6C=CC=C8)C=CC=C7)C=C(C9=CC=C(/C=C%10SC(N(CC)C/%10=O)=S)C%11=NN(CCCCCCCC)N=C9%11)C=C5)C=C3)C%12=NN(CCCCCCCC)N=C2%12)N(CC)C1=O,653
12,686,train,in-house,804,O=C(C1=C(CCC(CCCC)CC)SC(CCC(CC)CCCC)=C1C2=O)C(C2=C(C3)C(C4)=CC=C4C5=CC6=C(C(C7=CC=C(CCC(CCCC)CC)S7)=C8C=CSC8=C6C9=CC=C(CCC(CCCC)CC)S9)S5)=C3C%10=CC=CS%10||CCOC1=C2C(N(C(CC)CCCC)C3=C4C5=NSN=C5C6=C3N(C(CC)CCCC)C7=C6SC8=C7C(OCC)=C9SC(C%10=C(CCCCCCCC)C=C(/C=C%11C(C%12=CC(F)=C(F)C=C%12C\%11=C(C#N)/C#N)=O)S%10)=CC9=C8OC)=C4SC2=C(OCC)C%13=C1SC(C%14=C(CCCCCCCC)C=C(/C=C%15C(C%16=CC(F)=C(F)C=C%16C/%15=C(C#N)\C#N)=O)S%14)=C%13,654
12,687,train,in-house,805,OC1=C(C(C2=C(SC(C3=CC=C(C)S3)=C2C4=O)C5=CC=C(S5)C6=CC7=C(C8=C(C(C9=CC=C(C([H])=C9SC%10=CC=C(C=C%10)CCCCCC)[H])=C7S6)C=C(C)S8)C%11=CC=C(C([H])=C%11SC%12=CC=C(C=C%12)CCCCCC)[H])=O)C4=C(O)S1||O=C(C1=CSC=C1C/2=C(C#N)\C#N)C2=C/C3=CC(SC(C(C=C4C5(C6=CC=C(C=C6)CCCCCCCC)C7=CC=C(CCCCCCCC)C=C7)=C8C=C4C9=C5C%10=C(C=C(S%10)/C=C%11C(C%12=CSC=C%12C\%11=C(C#N)\C#N)=O)S9)=C%13C8(C%14=CC=C(C=C%14)CCCCCCCC)C%15=CC=C(CCCCCCCC)C=C%15)=C%13S3,655
12,688,test,in-house,807,CC(SC(C1=C(F)C(F)=C(C2=CC(C(OC3=CC=C(CCCCCC)C=C3)=O)=C(C4=CC=C(C5=CC=C(C)S5)S4)S2)C6=NSN=C16)=C7)=C7C(OC8=CC=C(CCCCCC)C=C8)=O||c12cc3c(cc1C(c1c2sc2c1sc(c2)/C=C\1/C(=C(C#N)C#N)c2c(C1=O)cccc2)(c1ccc(cc1)CCCCCC)c1ccc(cc1)CCCCCC)c1c(C3(c2ccc(cc2)CCCCCC)c2ccc(cc2)CCCCCC)c2c(s1)cc(s2)/C=C\1/C(=C(C#N)C#N)c2c(C1=O)cccc2,656
12,689,train,in-house,808,CC1=CC(F)=C(S1)C2=C(F)C=C(C3=C(CC(CCCCCCCC)CCCCCC)C=C(C4=CC(CC(CCCCCC)CCCCCCCC)=C(S4)C)S3)S2||O=C(C/1=C\C2=C(C3=C(S2)C(N4C5=CC=C(CCCCCC)C=C5)=C(C6=C4C7=C(C8=NSN=C68)C(SC9=C%10SC(/C=C%11C(C%12=CC(F)=C(C=C%12C\%11=C(C#N)/C#N)F)=O)=C9CCCCCCCCCCC)=C%10N7C%13=CC=C(CCCCCC)C=C%13)S3)CCCCCCCCCCC)C%14=CC(F)=C(F)C=C%14C1=C(C#N)/C#N,657
12,690,train,in-house,809,FC1=CC(C2=CCC(C)S2)=C3C(N=C(C(C4=CC=CC(OCCCCCCCC)=C4)=N3)C5=CC=CC(OCCCCCCCC)=C5)=C1C6=CC=C(S6)C7=CC8=C(C9=C(C(C%10=CC(CCCCCCCC)=C(S%10)CCCCCCCC)=C8S7)C=C(C)S9)C%11=CC(CCCCCCCC)=C(S%11)CCCCCCCC||c12cc3c(cc1C(c1c2sc2c1sc(c2)/C=C\1/C(=C(C#N)C#N)c2c(C1=O)cccc2)(c1ccc(cc1)CCCCCC)c1ccc(cc1)CCCCCC)c1c(C3(c2ccc(cc2)CCCCCC)c2ccc(cc2)CCCCCC)c2c(s1)cc(s2)/C=C\1/C(=C(C#N)C#N)c2c(C1=O)cccc2,658
12,691,validation,in-house,810,c1scc(c1)CCCCCC||O=C(C(C=CC=C1)=C1C/2=O)C2=C\C(S3)=CC=C3C(C=C4)=CC5=C4C(C=CC(C6=CC=C(S6)/C=C7C(C(C=CC=C8)=C8C\7=O)=O)=C9)=C9[Si](CCCCCCCC)5CCCCCCCC,659
12,692,validation,in-house,811,FC1=C(C)C2=NSN=C2C(C3=CC(CC(CCCCCCCCCC)CCCCCCCCCCCC)=C(C)S3)=C1||FC1=CC2=C(C(/C(C2=O)=C/C3=CC(OCC(CC)CCCC)=C(S3)C4=CC5=C(S4)C6=CC(C7(C8=CC=C(CCCCCC)C=C8)C9=CC=C(CCCCCC)C=C9)=C(C%10=C7C=C(S%10)C%11=C(OCC(CC)CCCC)C=C(S%11)/C=C(/C(C%12=C%13C=C(F)C(F)=C%12)=C(C#N)\C#N)C%13=O)C=C6C5(C%14=CC=C(CCCCCC)C=C%14)C%15=CC=C(CCCCCC)C=C%15)=C(C#N)/C#N)C=C1F,660
12,693,validation,in-house,812,O=C(C1=C(CCC(CCCC)CC)SC(CCC(CC)CCCC)=C1C2=O)C(C2=C(C3)C(C4)=CC=C4C5=CC6=C(C(C7=CC=C(CCC(CCCC)CC)S7)=C8C=CSC8=C6C9=CC=C(CCC(CCCC)CC)S9)S5)=C3C%10=CC=CS%10||O=C1C2=C(C=CC=C2)C(/C1=C/C3=CC(S4)=C(S3)C5=C4C6=CC(C7(C8=CC=C(CCCCCC)C=C8)C9=CC=C(CCCCCC)C=C9)=C(C=C6C5(C%10=CC=C(CCCCCC)C=C%10)C%11=CC=C(CCCCCC)C=C%11)C%12=C7C(S%13)=C(S%12)C=C%13/C=C(/C%14=C(C%15=CC(F)=CC(F)=C%15)/C#N)C(C%16=C%14C=CC=C%16)=O)=C(C#N)/C%17=CC(F)=CC(F)=C%17,661
12,694,train,in-house,813,O=C1C2=C(C3=C(N1CC(CCCCCCCCCC)CCCCCCCC)C=C(C)S3)C=C(C(N4CC(CCCCCCCCCC)CCCCCCCC)=O)C(C5=C4C=C(C6=CC=C(C7=C(C8=C(C9=CC=C(S9)C)S7)C(C%10=C(SC(CC(CC)CCCC)=C%10C8=O)CC(CCCC)CC)=O)S6)S5)=C2||c12cc3c(cc1C(c1c2sc2c1sc(c2)/C=C\1/C(=C(C#N)C#N)c2c(C1=O)cccc2)(c1ccc(cc1)CCCCCC)c1ccc(cc1)CCCCCC)c1c(C3(c2ccc(cc2)CCCCCC)c2ccc(cc2)CCCCCC)c2c(s1)cc(s2)/C=C\1/C(=C(C#N)C#N)c2c(C1=O)cccc2,662
12,695,validation,in-house,814,FC1=C(C(OCC(CCCC)CC)=O)SC2=CSC(C3=CC4=C(C5=C(C(C6=CC=C(CC(CC)CCCC)S6)=C4S3)C=CS5)C7=CC=C(CC(CC)CCCC)S7)=C12||O=C(C1=CSC=C1C/2=C(C#N)\C#N)C2=C/C(O3)=CC=C3C(C=C4)=CC5=C4C(C=CC(C6=CC=C(O6)/C=C7C(C8=CSC=C8C\7=C(C#N)\C#N)=O)=C9)=C9N5C(CCCCCCCC)CCCCCCCC,663
12,696,validation,in-house,815,c1scc(c1)CCCCCC||O=C(C(S/1)CC2=CC=C(C3=CC4=C(C(C(C4(C5=CC=C(CCCCCC)C=C5)C6=CC=C(CCCCCC)C=C6)=C7)=CC(C8(C9=CC=C(CCCCCC)C=C9)C%10=CC=C(CCCCCC)C=C%10)=C7C%11=C8C=C(S%11)C%12=CC=C(CC%13S/C(N(CC)C%13=O)=C(C#N)/C#N)C%14=NSN=C%12%14)S3)C%15=NSN=C2%15)N(CC)C1=C(C#N)/C#N,664
12,697,train,in-house,817,O=C(C1=C(CCC(CCCC)CC)SC(CCC(CC)CCCC)=C1C2=O)C(C2=C(C3)C(C4)=CC=C4C5=CC6=C(C(C7=CC=C(CCC(CCCC)CC)S7)=C8C=CSC8=C6C9=CC=C(CCC(CCCC)CC)S9)S5)=C3C%10=CC=CS%10||CCOC1=C2C(N(C(CC)CCCC)C3=C4C5=NSN=C5C6=C3N(C(CC)CCCC)C7=C6SC8=C7C(OCC)=C9SC(/C=C%10C(N(CC)/C(S/%10)=C(C#N)/C#N)=C)=CC9=C8OCC)=C4SC2=C(OCC)C%11=C1SC(/C=C%12S/C(N(CC)C/%12=C)=C(C#N)/C#N)=C%11,665
12,698,train,in-house,818,CC1=C(OCC(CCCCCC)CCCC)C(OCC(CCCC)CCCCCC)=C(C2=CC(F)=C(S2)C3=C(F)C=C(S3)C)C4=NSN=C14||c12cc3c(cc1C(c1c2sc2c1sc(c2)/C=C\1/C(=C(C#N)C#N)c2c(C1=O)cccc2)(c1ccc(cc1)CCCCCC)c1ccc(cc1)CCCCCC)c1c(C3(c2ccc(cc2)CCCCCC)c2ccc(cc2)CCCCCC)c2c(s1)cc(s2)/C=C\1/C(=C(C#N)C#N)c2c(C1=O)cccc2,666
12,699,train,in-house,819,c1scc(c1)CCCCCC||O=C(N1CCCCCCCC)C(C(C2=CC=CS2)=C3C4=CC=C5C(C=C6)=CC=C6C=O)=C(C(C7=CC=CS7)=C3C8=C4C5=CC=C8)C1=O,667
12,700,test,in-house,820,CC1=CC2=C(S1)C(C3=CC=C([Si](CCC)(CCC)CCC)S3)=C4C=C(C5=CC=C(C6=C(F)C(F)=C(C7=CC=C(S7)C)C8=NN(CC(CCCCCCCC)CCCCCC)N=C68)S5)SC4=C2C9=CC=C([Si](CCC)(CCC)CCC)S9||O=C(C1=C(C=CC=C1)C/2=C(C#N)/C#N)C2=C/C3=CC4=C(S3)C5=CC6=C(C=C5C4(C7=CC=C(CCCCCC)C=C7)C8=CC=C(CCCCCC)C=C8)C9=CC(C(C%10=CC=C(CCCCCC)C=C%10)(C%11=C%12SC(/C=C%13C(C(C=CC=C%14)=C%14C\%13=C(C#N)/C#N)=O)=C%11)C%15=CC=C(CCCCCC)C=C%15)=C%12C=C9N6CCCCCCCC,597
12,701,validation,in-house,821,CC(S1)=C(CCCCCC)C=C1C2=NC(S3)=C(S2)N=C3C4=CC(CCCCCC)=C(S4)C5=CC(C(S5)=C(C6=C7SC(C)=C6)C8=CC=C(S8)SCC(CCCCCC)CCCC)=C7C9=CC=C(S9)SCC(CCCC)CCCCCC||c1(cc2c(cc1F)C(=O)/C(=C\c1cc3c(s1)c1c(s3)c3c(C1(c1ccc(cc1)CCCCCC)c1ccc(cc1)CCCCCC)cc1c(c3)C(c3c1sc1c3sc(c1)/C=C/1\C(=O)c3c(C1=C(C#N)C#N)cc(c(c3)F)F)(c1ccc(cc1)CCCCCC)c1ccc(cc1)CCCCCC)/C2=C(C#N)C#N)F,668
12,702,train,in-house,822,c1scc(c1)CCCCCC||O=C(C(C=CC(C)=C1)=C1C/2=C(C#N)\C#N)C2=C/C3=CC(CC4=C5C(C6=CC=C(C=C6)CCCCCC)(C7=C4C=C8C(C(C=C9)=CC=C9CCCCCC)(C%10=CC=C(C=C%10)CCCCCC)C%11=C(SC%12=C%11SC(/C=C%13C(C(C=CC(C)=C%14)=C%14C\%13=C(C#N)\C#N)=O)=C%12)C8=C7)C%15=CC=C(CCCCCC)C=C%15)=C5S3,669
12,703,train,in-house,823,O=C(OC1=CC=C(CCCCCC)C=C1)C2=C(C)SC(C(S3)=CC(C(OC4=CC=C(CCCCCC)C=C4)=O)=C3C(S5)=CC=C5C(C6=NSN=C6C(C(S7)=CC=C7C)=C8F)=C8F)=C2||c12cc3c(cc1C(c1c2sc2c1sc(c2)/C=C\1/C(=C(C#N)C#N)c2c(C1=O)cccc2)(c1ccc(cc1)CCCCCC)c1ccc(cc1)CCCCCC)c1c(C3(c2ccc(cc2)CCCCCC)c2ccc(cc2)CCCCCC)c2c(s1)cc(s2)/C=C\1/C(=C(C#N)C#N)c2c(C1=O)cccc2,670
12,704,test,in-house,824,CC(S1)=C(CCCCCCC)C=C1C2=NC(S3)=C(S2)N=C3C4=CC(CCCCCCC)=C(S4)C5=CC(C(S5)=C(C6=C7SC(C)=C6)C8=CC(Cl)=C(S8)CC(CCCC)CC)=C7C9=CC(Cl)=C(CC(CC)CCCC)S9||c1(cc2c(cc1F)C(=O)/C(=C\c1cc3c(s1)c1c(s3)c3c(C1(c1ccc(cc1)CCCCCC)c1ccc(cc1)CCCCCC)cc1c(c3)C(c3c1sc1c3sc(c1)/C=C/1\C(=O)c3c(C1=C(C#N)C#N)cc(c(c3)F)F)(c1ccc(cc1)CCCCCC)c1ccc(cc1)CCCCCC)/C2=C(C#N)C#N)F,671
12,705,train,in-house,825,CCC1=CC=C(C2=C(C3)C(C=C3C)=C(C(S4)=C2C=C4C5=C6C(C(C7=C(SC(CCCCCCCC)=C7C6=O)CCCCCCCC)=O)=C(C)S5)C(S8)=CC=C8CC)S1||c12cc3c(cc1C(c1c2sc2c1sc(c2)/C=C\1/C(=C(C#N)C#N)c2c(C1=O)cccc2)(c1ccc(cc1)CCCCCC)c1ccc(cc1)CCCCCC)c1c(C3(c2ccc(cc2)CCCCCC)c2ccc(cc2)CCCCCC)c2c(s1)cc(s2)/C=C\1/C(=C(C#N)C#N)c2c(C1=O)cccc2,672
12,706,train,in-house,826,CC1=CC=C(C2=CC=C(S2)C(N(CC(CCCCCCCC)CCCCCC)C3=O)=C4C(N(C(C5=CC=C(C)S5)=C43)CC(CCCCCC)CCCCCCCC)=O)S1||c12cc3c(cc1C(c1c2sc2c1sc(c2)/C=C\1/C(=C(C#N)C#N)c2c(C1=O)cccc2)(c1ccc(cc1)CCCCCC)c1ccc(cc1)CCCCCC)c1c(C3(c2ccc(cc2)CCCCCC)c2ccc(cc2)CCCCCC)c2c(s1)cc(s2)/C=C\1/C(=C(C#N)C#N)c2c(C1=O)cccc2,641
12,707,train,in-house,827,CC(C1=NSN=C21)=C(OCC(CCCCCC)CCCC)C(OCC(CCCC)CCCCCC)=C2C3=CC4=C(S3)C=C(C)S4||c12cc3c(cc1C(c1c2sc2c1sc(c2)/C=C\1/C(=C(C#N)C#N)c2c(C1=O)cccc2)(c1ccc(cc1)CCCCCC)c1ccc(cc1)CCCCCC)c1c(C3(c2ccc(cc2)CCCCCC)c2ccc(cc2)CCCCCC)c2c(s1)cc(s2)/C=C\1/C(=C(C#N)C#N)c2c(C1=O)cccc2,673
12,708,test,in-house,828,O=C(C1=C(CCC(CCCC)CC)SC(CCC(CC)CCCC)=C1C2=O)C(C2=C(C3)C(C4)=CC=C4C5=CC6=C(C(C7=CC=C(CCC(CCCC)CC)S7)=C8C=CSC8=C6C9=CC=C(CCC(CCCC)CC)S9)S5)=C3C%10=CC=CS%10||O=C(C(C=C(F)C(F)=C1)=C1C/2=C(C#N)/C#N)C2=C/C3=C4C(OCCO4)=C(S3)C5=CC(C6(C7=CC=C(C=C7)CCCCCC)C8=CC=C(CCCCCC)C=C8)=C(S5)C(C=C9%10)=C6C=C9C%11=C(C(SC=C%12)=C%12S%11)C%10(C%13=CC=C(CCCCCC)C=C%13)C%14=CC=C(CCCCCC)C=C%14,674
12,709,train,in-house,829,c1scc(c1)CCCCCC||c12cc3c(cc1C(c1c2sc2c1sc(c2)/C=C\1/C(=C(C#N)C#N)c2c(C1=O)cccc2)(c1ccc(cc1)CCCCCC)c1ccc(cc1)CCCCCC)c1c(C3(c2ccc(cc2)CCCCCC)c2ccc(cc2)CCCCCC)c2c(s1)cc(s2)/C=C\1/C(=C(C#N)C#N)c2c(C1=O)cccc2,675
12,710,train,in-house,830,FC1=C(F)C=C(N=C(OCC(CCCCCC)CCCCCCCC)C=N2)C2=C1C3=CC=CS3||O=C(C1=CC=CC=C1C/2=C(C#N)/C#N)C2=C/C3=CC4=C(S3)C5=CC(OC6(CCCCCCCC)CCCCCCCC)=C(C7=C6C=C(/C=C8C(C9=CC=CC=C9C\8=C(C#N)/C#N)=O)S7)C=C5OC4(CCCCCCCC)CCCCCCCC,676
12,711,train,in-house,831,FC(C(F)=C(C1=N2)C3=CC=C(S3)C4=CC5=C(C6=C(C(C7=CC(Cl)=C(S7)CC(CCCC)CC)=C5S4)C=C(C)S6)C8=CC(Cl)=C(S8)CC(CCCC)CC)=C(C9=CC=C(C)S9)C1=NN2CCC(CC)CCCC||c1(cc2c(cc1F)C(=O)/C(=C\c1cc3c(s1)c1c(s3)c3c(C1(c1ccc(cc1)CCCCCC)c1ccc(cc1)CCCCCC)cc1c(c3)C(c3c1sc1c3sc(c1)/C=C/1\C(=O)c3c(C1=C(C#N)C#N)cc(c(c3)F)F)(c1ccc(cc1)CCCCCC)c1ccc(cc1)CCCCCC)/C2=C(C#N)C#N)F,677
12,712,test,in-house,833,COCCOC(C1=C(C(OCCOC)=C2S3)C=C(C)S1)=C2C=C3C(S4)=CC=C4C(C5=NN(N=C5C6C7=CC=C(S7)C)CC(CCCC)CCCCCC)=C(C6OCCOC)OCCOC||O=C(C1=CC=CC=C1C/2=C(C#N)/C#N)C2=C/C3=CC(SC4C5C(C)=C(C(C6=CC=C(C=C6)CCCCCC)(C7=CC=C(C=C7)CCCCCC)C8=CSC9=C8SC(/C=C%10C(C(C=CC=C%11)=C%11C\%10=C(C#N)/C#N)=C)=C9)C=C(C)C5C(C%12=CC=C(C=C%12)CCCCCC)(C%13=CC=C(C=C%13)CCCCCC)C%144)=C%14S3,678
12,713,train,in-house,834,CC1=C(F)C(F)=C(S1)C2=CC=C(C)C3=C2N=CC(OCC(CCCCCC)CCCCCCCC)=N3||O=C(C/1=C\C2=C(C3=C(S2)C(N4C5=CC=C(CCCCCC)C=C5)=C(C6=C4C7=C(C8=NSN=C68)C(SC9=C%10SC(/C=C%11C(C%12=CC(F)=C(C=C%12C\%11=C(C#N)/C#N)F)=O)=C9CCCCCCCCCCC)=C%10N7C%13=CC=C(CCCCCC)C=C%13)S3)CCCCCCCCCCC)C%14=CC(F)=C(F)C=C%14C1=C(C#N)/C#N,679
12,714,train,in-house,835,c1scc(c1)CCCCCC||N#C/C(C#N)=C/C(C1=NN(N=C21)CCCCCCCC)=CC=C2C(C=C3)=CC4=C3C(C=CC(C5=CC=C(C6=NN(N=C56)CCCCCCCC)/C=C(C#N)/C#N)=C7)=C7C48C(C=CC=C9)=C9C%10=C8C=CC=C%10,680
12,715,train,Gao,0,Gao_0000,681
12,716,test,Gao,1,Gao_0001,682
12,717,train,Gao,2,Gao_0002,683
12,718,test,Gao,3,Gao_0003,684
12,719,test,Gao,4,Gao_0004,684
12,720,train,Gao,5,Gao_0005,685
12,721,train,Gao,6,Gao_0006,686
12,722,train,Gao,7,Gao_0007,687
12,723,train,Gao,8,Gao_0008,687
12,724,train,Gao,9,Gao_0009,688
12,725,train,Gao,10,Gao_0010,689
12,726,validation,Gao,11,Gao_0011,690
12,727,train,Gao,12,Gao_0012,691
12,728,train,Gao,13,Gao_0013,692
12,729,train,Gao,14,Gao_0014,693
12,730,train,Gao,15,Gao_0015,694
12,731,train,Gao,16,Gao_0016,695
12,732,train,Gao,17,Gao_0017,696
12,733,train,Gao,18,Gao_0018,697
12,734,train,Gao,19,Gao_0019,698
12,735,train,Gao,20,Gao_0020,699
12,736,train,Gao,21,Gao_0021,700
12,737,train,Gao,22,Gao_0022,701
12,738,train,Gao,23,Gao_0023,702
12,739,train,Gao,24,Gao_0024,703
12,740,train,Gao,25,Gao_0025,704
12,741,train,Gao,26,Gao_0026,705
12,742,train,Gao,27,Gao_0027,706
12,743,train,Gao,28,Gao_0028,707
12,744,test,Gao,29,Gao_0029,708
12,745,train,Gao,30,Gao_0030,709
12,746,test,Gao,31,Gao_0031,710
12,747,test,Gao,32,Gao_0032,711
12,748,train,Gao,33,Gao_0033,712
12,749,test,Gao,34,Gao_0034,713
12,750,train,Gao,35,Gao_0035,714
12,751,train,Gao,36,Gao_0036,715
12,752,validation,Gao,37,Gao_0037,716
12,753,validation,Gao,38,Gao_0038,717
12,754,train,Gao,39,Gao_0039,718
12,755,train,Gao,40,Gao_0040,719
12,756,test,Gao,41,Gao_0041,720
12,757,train,Gao,42,Gao_0042,721
12,758,train,Gao,43,Gao_0043,722
12,759,train,Gao,44,Gao_0044,723
12,760,train,Gao,45,Gao_0045,724
12,761,test,Gao,46,Gao_0046,725
12,762,train,Gao,47,Gao_0047,726
12,763,test,Gao,48,Gao_0048,727
12,764,test,Gao,49,Gao_0049,728
12,765,train,Gao,50,Gao_0050,729
12,766,validation,Gao,51,Gao_0051,730
12,767,train,Gao,52,Gao_0052,731
12,768,train,Gao,53,Gao_0053,732
12,769,train,Gao,54,Gao_0054,733
12,770,train,Gao,55,Gao_0055,734
12,771,train,Gao,56,Gao_0056,735
12,772,train,Gao,57,Gao_0057,736
12,773,train,Gao,58,Gao_0058,737
12,774,train,Gao,59,Gao_0059,738
12,775,train,Gao,60,Gao_0060,739
12,776,test,Gao,61,Gao_0061,740
12,777,train,Gao,62,Gao_0062,741
12,778,train,Gao,63,Gao_0063,742
12,779,test,Gao,64,Gao_0064,743
12,780,train,Gao,65,Gao_0065,744
12,781,validation,Gao,66,Gao_0066,745
12,782,train,Gao,67,Gao_0067,746
12,783,train,Gao,68,Gao_0068,747
12,784,train,Gao,69,Gao_0069,748
12,785,validation,Gao,70,Gao_0070,749
12,786,train,Gao,71,Gao_0071,750
12,787,train,Gao,72,Gao_0072,751
12,788,train,Gao,73,Gao_0073,752
12,789,train,Gao,74,Gao_0074,753
12,790,train,Gao,75,Gao_0075,754
12,791,validation,Gao,76,Gao_0076,755
12,792,validation,Gao,77,Gao_0077,756
12,793,train,Gao,78,Gao_0078,757
12,794,train,Gao,79,Gao_0079,758
12,795,train,Gao,80,Gao_0080,759
12,796,train,Gao,81,Gao_0081,760
12,797,train,Gao,82,Gao_0082,761
12,798,train,Gao,83,Gao_0083,762
12,799,test,Gao,84,Gao_0084,763
12,800,test,Gao,85,Gao_0085,764
12,801,train,Gao,86,Gao_0086,765
12,802,validation,Gao,87,Gao_0087,766
12,803,train,Gao,88,Gao_0088,767
12,804,validation,Gao,89,Gao_0089,768
12,805,validation,Gao,90,Gao_0090,768
12,806,train,Gao,91,Gao_0091,769
12,807,train,Gao,92,Gao_0092,770
12,808,train,Gao,93,Gao_0093,771
12,809,train,Gao,94,Gao_0094,772
12,810,train,Gao,95,Gao_0095,773
12,811,train,Gao,96,Gao_0096,774
12,812,train,Gao,97,Gao_0097,775
12,813,test,Gao,98,Gao_0098,776
12,814,train,Gao,99,Gao_0099,777
12,815,train,Gao,100,Gao_0100,778
12,816,train,Gao,101,Gao_0101,779
12,817,train,Gao,102,Gao_0102,780
12,818,train,Gao,103,Gao_0103,780
12,819,train,Gao,104,Gao_0104,780
12,820,train,Gao,105,Gao_0105,781
12,821,train,Gao,106,Gao_0106,782
12,822,train,Gao,107,Gao_0107,783
12,823,validation,Gao,108,Gao_0108,784
12,824,validation,Gao,109,Gao_0109,785
12,825,train,Gao,110,Gao_0110,786
12,826,train,Gao,111,Gao_0111,787
12,827,train,Gao,112,Gao_0112,788
12,828,train,Gao,113,Gao_0113,789
12,829,test,Gao,114,Gao_0114,790
12,830,train,Gao,115,Gao_0115,791
12,831,train,Gao,116,Gao_0116,792
12,832,train,Gao,117,Gao_0117,793
12,833,train,Gao,118,Gao_0118,794
12,834,train,Gao,119,Gao_0119,795
12,835,train,Gao,120,Gao_0120,796
12,836,train,Gao,121,Gao_0121,797
12,837,validation,Gao,122,Gao_0122,798
12,838,train,Gao,123,Gao_0123,799
12,839,train,Gao,124,Gao_0124,800
12,840,train,Gao,125,Gao_0125,801
12,841,train,Gao,126,Gao_0126,802
12,842,train,Gao,127,Gao_0127,803
12,843,train,Gao,128,Gao_0128,804
12,844,train,Gao,129,Gao_0129,805
12,845,train,Gao,130,Gao_0130,805
12,846,test,Gao,131,Gao_0131,806
12,847,test,Gao,132,Gao_0132,807
12,848,test,Gao,133,Gao_0133,808
12,849,train,Gao,134,Gao_0134,809
12,850,test,Gao,135,Gao_0135,810
12,851,test,Gao,136,Gao_0136,811
12,852,train,Gao,137,Gao_0137,812
12,853,train,Gao,138,Gao_0138,813
12,854,train,Gao,139,Gao_0139,814
12,855,train,Gao,140,Gao_0140,815
12,856,train,Gao,141,Gao_0141,816
12,857,train,Gao,142,Gao_0142,817
12,858,train,Gao,143,Gao_0143,818
12,859,test,Gao,144,Gao_0144,819
12,860,train,Gao,145,Gao_0145,820
12,861,train,Gao,146,Gao_0146,821
12,862,test,Gao,147,Gao_0147,822
12,863,train,Gao,148,Gao_0148,823
12,864,train,Gao,149,Gao_0149,824
12,865,train,Gao,150,Gao_0150,825
12,866,train,Gao,151,Gao_0151,826
12,867,train,Gao,152,Gao_0152,827
12,868,train,Gao,153,Gao_0153,828
12,869,test,Gao,154,Gao_0154,829
12,870,train,Gao,155,Gao_0155,830
12,871,test,Gao,156,Gao_0156,829
12,872,train,Gao,157,Gao_0157,831
12,873,test,Gao,158,Gao_0158,832
12,874,train,Gao,159,Gao_0159,833
12,875,train,Gao,160,Gao_0160,833
12,876,test,Gao,161,Gao_0161,834
12,877,train,Gao,162,Gao_0162,835
12,878,train,Gao,163,Gao_0163,836
12,879,train,Gao,164,Gao_0164,837
12,880,validation,Gao,165,Gao_0165,838
12,881,test,Gao,166,Gao_0166,839
12,882,train,Gao,167,Gao_0167,840
12,883,train,Gao,168,Gao_0168,841
12,884,train,Gao,169,Gao_0169,842
12,885,train,Gao,170,Gao_0170,842
12,886,validation,Gao,171,Gao_0171,843
12,887,validation,Gao,172,Gao_0172,844
12,888,train,Gao,173,Gao_0173,845
12,889,train,Gao,174,Gao_0174,846
12,890,validation,Gao,175,Gao_0175,847
12,891,train,Gao,176,Gao_0176,848
12,892,train,Gao,177,Gao_0177,849
12,893,train,Gao,178,Gao_0178,850
12,894,train,Gao,179,Gao_0179,851
12,895,train,Gao,180,Gao_0180,852
12,896,validation,Gao,181,Gao_0181,853
12,897,test,Gao,182,Gao_0182,854
12,898,train,Gao,183,Gao_0183,855
12,899,test,Gao,184,Gao_0184,856
12,900,train,Gao,185,Gao_0185,857
12,901,test,Gao,186,Gao_0186,858
12,902,train,Gao,187,Gao_0187,859
12,903,train,Gao,188,Gao_0188,860
12,904,test,Gao,189,Gao_0189,861
12,905,train,Gao,190,Gao_0190,862
12,906,train,Gao,191,Gao_0191,863
12,907,train,Gao,192,Gao_0192,864
12,908,train,Gao,193,Gao_0193,865
12,909,train,Gao,194,Gao_0194,866
12,910,train,Gao,195,Gao_0195,867
12,911,test,Gao,196,Gao_0196,868
12,912,train,Gao,197,Gao_0197,869
12,913,train,Gao,198,Gao_0198,870
12,914,train,Gao,199,Gao_0199,871
12,915,test,Gao,200,Gao_0200,872
12,916,test,Gao,201,Gao_0201,873
12,917,test,Gao,202,Gao_0202,874
12,918,train,Gao,203,Gao_0203,875
12,919,train,Gao,204,Gao_0204,876
12,920,train,Gao,205,Gao_0205,877
12,921,train,Gao,206,Gao_0206,878
12,922,train,Gao,207,Gao_0207,879
12,923,train,Gao,208,Gao_0208,879
12,924,train,Gao,209,Gao_0209,880
12,925,validation,Gao,210,Gao_0210,881
12,926,test,Gao,211,Gao_0211,882
12,927,train,Gao,212,Gao_0212,883
12,928,train,Gao,213,Gao_0213,884
12,929,train,Gao,214,Gao_0214,885
12,930,train,Gao,215,Gao_0215,886
12,931,train,Gao,216,Gao_0216,887
12,932,train,Gao,217,Gao_0217,888
12,933,train,Gao,218,Gao_0218,889
12,934,train,Gao,219,Gao_0219,890
12,935,train,Gao,220,Gao_0220,891
12,936,validation,Gao,221,Gao_0221,690
12,937,validation,Gao,222,Gao_0222,690
12,938,validation,Gao,223,Gao_0223,690
12,939,train,Gao,224,Gao_0224,892
12,940,train,Gao,225,Gao_0225,893
12,941,train,Gao,226,Gao_0226,894
12,942,train,Gao,227,Gao_0227,895
12,943,train,Gao,228,Gao_0228,896
12,944,validation,Gao,229,Gao_0229,897
12,945,train,Gao,230,Gao_0230,898
12,946,train,Gao,231,Gao_0231,899
12,947,train,Gao,232,Gao_0232,900
12,948,train,Gao,233,Gao_0233,901
12,949,test,Gao,234,Gao_0234,902
12,950,validation,Gao,235,Gao_0235,903
12,951,train,Gao,236,Gao_0236,904
12,952,train,Gao,237,Gao_0237,905
12,953,train,Gao,238,Gao_0238,906
12,954,train,Gao,239,Gao_0239,907
12,955,train,Gao,240,Gao_0240,908
12,956,train,Gao,241,Gao_0241,909
12,957,train,Gao,242,Gao_0242,910
12,958,train,Gao,243,Gao_0243,911
12,959,test,Gao,244,Gao_0244,912
12,960,validation,Gao,245,Gao_0245,913
12,961,train,Gao,246,Gao_0246,914
12,962,train,Gao,247,Gao_0247,915
12,963,validation,Gao,248,Gao_0248,916
12,964,train,Gao,249,Gao_0249,917
12,965,test,Gao,250,Gao_0250,918
12,966,train,Gao,251,Gao_0251,919
12,967,train,Gao,252,Gao_0252,920
12,968,train,Gao,253,Gao_0253,921
12,969,train,Gao,254,Gao_0254,922
12,970,train,Gao,255,Gao_0255,923
12,971,validation,Gao,256,Gao_0256,924
12,972,train,Gao,257,Gao_0257,925
12,973,validation,Gao,258,Gao_0258,926
12,974,train,Gao,259,Gao_0259,927
12,975,train,Gao,260,Gao_0260,928
12,976,train,Gao,261,Gao_0261,929
12,977,train,Gao,262,Gao_0262,930
12,978,train,Gao,263,Gao_0263,931
12,979,train,Gao,264,Gao_0264,932
12,980,train,Gao,265,Gao_0265,933
12,981,train,Gao,266,Gao_0266,934
12,982,train,Gao,267,Gao_0267,909
12,983,train,Gao,268,Gao_0268,935
12,984,train,Gao,269,Gao_0269,936
12,985,train,Gao,270,Gao_0270,937
12,986,train,Gao,271,Gao_0271,938
12,987,train,Gao,272,Gao_0272,939
12,988,train,Gao,273,Gao_0273,940
12,989,train,Gao,274,Gao_0274,941
12,990,train,Gao,275,Gao_0275,942
12,991,train,Gao,276,Gao_0276,943
12,992,test,Gao,277,Gao_0277,944
12,993,train,Gao,278,Gao_0278,945
12,994,test,Gao,279,Gao_0279,811
12,995,test,Gao,280,Gao_0280,946
12,996,train,Gao,281,Gao_0281,947
12,997,validation,Gao,282,Gao_0282,948
12,998,train,Gao,283,Gao_0283,949
12,999,train,Gao,284,Gao_0284,950
12,1000,train,Gao,285,Gao_0285,951
12,1001,train,Gao,286,Gao_0286,952
12,1002,test,Gao,287,Gao_0287,953
12,1003,train,Gao,288,Gao_0288,954
12,1004,train,Gao,289,Gao_0289,954
12,1005,train,Gao,290,Gao_0290,955
12,1006,train,Gao,291,Gao_0291,956
12,1007,train,Gao,292,Gao_0292,955
12,1008,train,Gao,293,Gao_0293,956
12,1009,train,Gao,294,Gao_0294,955
12,1010,train,Gao,295,Gao_0295,956
12,1011,test,Gao,296,Gao_0296,957
12,1012,train,Gao,297,Gao_0297,958
12,1013,train,Gao,298,Gao_0298,959
12,1014,train,Gao,299,Gao_0299,960
12,1015,train,Gao,300,Gao_0300,961
12,1016,train,Gao,301,Gao_0301,962
12,1017,validation,Gao,302,Gao_0302,963
12,1018,train,Gao,303,Gao_0303,964
12,1019,train,Gao,304,Gao_0304,965
12,1020,train,Gao,305,Gao_0305,966
12,1021,test,Gao,306,Gao_0306,967
12,1022,train,Gao,307,Gao_0307,968
12,1023,train,Gao,308,Gao_0308,969
12,1024,train,Gao,309,Gao_0309,970
12,1025,train,Gao,310,Gao_0310,971
12,1026,train,Gao,311,Gao_0311,972
12,1027,validation,Gao,312,Gao_0312,973
12,1028,train,Gao,313,Gao_0313,974
12,1029,train,Gao,314,Gao_0314,975
12,1030,test,Gao,315,Gao_0315,976
12,1031,train,Gao,316,Gao_0316,977
12,1032,train,Gao,317,Gao_0317,978
12,1033,test,Gao,318,Gao_0318,979
12,1034,train,Gao,319,Gao_0319,980
12,1035,test,Gao,320,Gao_0320,981
12,1036,train,Gao,321,Gao_0321,982
12,1037,train,Gao,322,Gao_0322,983
12,1038,train,Gao,323,Gao_0323,983
12,1039,train,Gao,324,Gao_0324,984
12,1040,train,Gao,325,Gao_0325,985
12,1041,train,Gao,326,Gao_0326,985
12,1042,train,Gao,327,Gao_0327,986
12,1043,train,Gao,328,Gao_0328,987
12,1044,train,Gao,329,Gao_0329,988
12,1045,train,Gao,330,Gao_0330,989
12,1046,train,Gao,331,Gao_0331,990
12,1047,train,Gao,332,Gao_0332,991
12,1048,train,Gao,333,Gao_0333,992
12,1049,train,Gao,334,Gao_0334,993
12,1050,train,Gao,335,Gao_0335,994
12,1051,train,Gao,336,Gao_0336,995
12,1052,train,Gao,337,Gao_0337,996
12,1053,test,Gao,338,Gao_0338,997
12,1054,train,Gao,339,Gao_0339,998
12,1055,test,Gao,340,Gao_0340,999
12,1056,train,Gao,341,Gao_0341,1000
12,1057,train,Gao,342,Gao_0342,1001
12,1058,train,Gao,343,Gao_0343,1002
12,1059,test,Gao,344,Gao_0344,1003
12,1060,train,Gao,345,Gao_0345,1004
12,1061,train,Gao,346,Gao_0346,1005
12,1062,train,Gao,347,Gao_0347,1006
12,1063,train,Gao,348,Gao_0348,1007
12,1064,train,Gao,349,Gao_0349,1008
12,1065,train,Gao,350,Gao_0350,1009
12,1066,train,Gao,351,Gao_0351,1010
12,1067,train,Gao,352,Gao_0352,1011
12,1068,validation,Gao,353,Gao_0353,1012
12,1069,train,Gao,354,Gao_0354,1013
12,1070,train,Gao,355,Gao_0355,1014
12,1071,train,Gao,356,Gao_0356,1015
12,1072,train,Gao,357,Gao_0357,1015
12,1073,train,Gao,358,Gao_0358,1016
12,1074,train,Gao,359,Gao_0359,1017
12,1075,train,Gao,360,Gao_0360,1018
12,1076,train,Gao,361,Gao_0361,1019
12,1077,test,Gao,362,Gao_0362,1020
12,1078,train,Gao,363,Gao_0363,1021
12,1079,train,Gao,364,Gao_0364,1022
12,1080,train,Gao,365,Gao_0365,1023
12,1081,train,Gao,366,Gao_0366,1024
12,1082,train,Gao,367,Gao_0367,1025
12,1083,train,Gao,368,Gao_0368,1026
12,1084,train,Gao,369,Gao_0369,1027
12,1085,train,Gao,370,Gao_0370,1028
12,1086,train,Gao,371,Gao_0371,1029
12,1087,train,Gao,372,Gao_0372,1030
12,1088,test,Gao,373,Gao_0373,1031
12,1089,train,Gao,374,Gao_0374,1032
12,1090,train,Gao,375,Gao_0375,1033
12,1091,train,Gao,376,Gao_0376,1034
12,1092,train,Gao,377,Gao_0377,1035
12,1093,train,Gao,378,Gao_0378,1036
12,1094,train,Gao,379,Gao_0379,1037
12,1095,train,Gao,380,Gao_0380,1038
12,1096,train,Gao,381,Gao_0381,1039
12,1097,test,Gao,382,Gao_0382,1040
12,1098,validation,Gao,383,Gao_0383,1041
12,1099,test,Gao,384,Gao_0384,1042
12,1100,validation,Gao,385,Gao_0385,1043
12,1101,train,Gao,386,Gao_0386,1044
12,1102,train,Gao,387,Gao_0387,1045
12,1103,train,Gao,388,Gao_0388,1046
12,1104,train,Gao,389,Gao_0389,1047
12,1105,train,Gao,390,Gao_0390,1048
12,1106,validation,Gao,391,Gao_0391,1049
12,1107,train,Gao,392,Gao_0392,1050
12,1108,train,Gao,393,Gao_0393,1051
12,1109,train,Gao,394,Gao_0394,1052
12,1110,train,Gao,395,Gao_0395,1053
12,1111,test,Gao,396,Gao_0396,1054
12,1112,train,Gao,397,Gao_0397,1055
12,1113,train,Gao,398,Gao_0398,1056
12,1114,train,Gao,399,Gao_0399,1057
12,1115,validation,Gao,400,Gao_0400,1058
12,1116,train,Gao,401,Gao_0401,1059
12,1117,train,Gao,402,Gao_0402,1060
12,1118,train,Gao,403,Gao_0403,1061
12,1119,train,Gao,404,Gao_0404,1062
12,1120,validation,Gao,405,Gao_0405,1063
12,1121,train,Gao,406,Gao_0406,1064
12,1122,train,Gao,407,Gao_0407,1065
12,1123,train,Gao,408,Gao_0408,1066
12,1124,train,Gao,409,Gao_0409,1067
12,1125,train,Gao,410,Gao_0410,1068
12,1126,train,Gao,411,Gao_0411,1069
12,1127,train,Gao,412,Gao_0412,1070
12,1128,train,Gao,413,Gao_0413,1071
12,1129,validation,Gao,414,Gao_0414,1072
12,1130,train,Gao,415,Gao_0415,1073
12,1131,train,Gao,416,Gao_0416,1074
12,1132,train,Gao,417,Gao_0417,1075
12,1133,train,Gao,418,Gao_0418,1076
12,1134,train,Gao,419,Gao_0419,1077
12,1135,train,Gao,420,Gao_0420,1078
12,1136,train,Gao,421,Gao_0421,1079
12,1137,test,Gao,422,Gao_0422,1080
12,1138,train,Gao,423,Gao_0423,1081
12,1139,train,Gao,424,Gao_0424,1082
12,1140,train,Gao,425,Gao_0425,1083
12,1141,train,Gao,426,Gao_0426,1084
12,1142,train,Gao,427,Gao_0427,1085
12,1143,train,Gao,428,Gao_0428,1086
12,1144,test,Gao,429,Gao_0429,1087
12,1145,train,Gao,430,Gao_0430,1088
12,1146,train,Gao,431,Gao_0431,1089
12,1147,train,Gao,432,Gao_0432,1090
12,1148,train,Gao,433,Gao_0433,1091
12,1149,validation,Gao,434,Gao_0434,1092
12,1150,train,Gao,435,Gao_0435,1093
12,1151,train,Gao,436,Gao_0436,1094
12,1152,test,Gao,437,Gao_0437,1095
12,1153,test,Gao,438,Gao_0438,1096
12,1154,test,Gao,439,Gao_0439,1097
12,1155,train,Gao,440,Gao_0440,1098
12,1156,train,Gao,441,Gao_0441,1099
12,1157,train,Gao,442,Gao_0442,1100
12,1158,train,Gao,443,Gao_0443,1101
12,1159,train,Gao,444,Gao_0444,803
12,1160,train,Gao,445,Gao_0445,803
12,1161,train,Gao,446,Gao_0446,1102
12,1162,train,Gao,447,Gao_0447,1103
12,1163,train,Gao,448,Gao_0448,1104
12,1164,test,Gao,449,Gao_0449,1105
12,1165,train,Gao,450,Gao_0450,1106
12,1166,train,Gao,451,Gao_0451,1107
12,1167,train,Gao,452,Gao_0452,1108
12,1168,train,Gao,453,Gao_0453,1109
12,1169,train,Gao,454,Gao_0454,1110
12,1170,train,Gao,455,Gao_0455,1111
12,1171,train,Gao,456,Gao_0456,1112
12,1172,validation,Gao,457,Gao_0457,1113
12,1173,train,Gao,458,Gao_0458,1114
12,1174,train,Gao,459,Gao_0459,1115
12,1175,train,Gao,460,Gao_0460,1116
12,1176,train,Gao,461,Gao_0461,1117
12,1177,train,Gao,462,Gao_0462,1118
12,1178,train,Gao,463,Gao_0463,1119
12,1179,train,Gao,464,Gao_0464,1120
12,1180,test,Gao,465,Gao_0465,1121
12,1181,train,Gao,466,Gao_0466,1122
12,1182,train,Gao,467,Gao_0467,1123
12,1183,train,Gao,468,Gao_0468,1124
12,1184,train,Gao,469,Gao_0469,1125
12,1185,train,Gao,470,Gao_0470,1126
12,1186,train,Gao,471,Gao_0471,1127
12,1187,train,Gao,472,Gao_0472,1128
12,1188,train,Gao,473,Gao_0473,1127
12,1189,test,Gao,474,Gao_0474,1129
12,1190,train,Gao,475,Gao_0475,1130
12,1191,train,Gao,476,Gao_0476,1131
12,1192,train,Gao,477,Gao_0477,1132
12,1193,train,Gao,478,Gao_0478,1133
12,1194,validation,Gao,479,Gao_0479,1134
12,1195,train,Gao,480,Gao_0480,1135
12,1196,train,Gao,481,Gao_0481,1136
12,1197,train,Gao,482,Gao_0482,1137
12,1198,test,Gao,483,Gao_0483,1138
12,1199,train,Gao,484,Gao_0484,1139
12,1200,train,Gao,485,Gao_0485,1140
12,1201,train,Gao,486,Gao_0486,1141
12,1202,test,Gao,487,Gao_0487,1142
12,1203,test,Gao,488,Gao_0488,1143
12,1204,test,Gao,489,Gao_0489,1143
12,1205,test,Gao,490,Gao_0490,1144
12,1206,train,Gao,491,Gao_0491,1145
12,1207,train,Gao,492,Gao_0492,1146
12,1208,test,Gao,493,Gao_0493,1147
12,1209,train,Gao,494,Gao_0494,1148
12,1210,train,Gao,495,Gao_0495,1149
12,1211,train,Gao,496,Gao_0496,1150
12,1212,validation,Gao,497,Gao_0497,1151
12,1213,train,Gao,498,Gao_0498,1152
12,1214,train,Gao,499,Gao_0499,1153
12,1215,train,Gao,500,Gao_0500,1154
12,1216,train,Gao,501,Gao_0501,1155
12,1217,train,Gao,502,Gao_0502,1156
12,1218,train,Gao,503,Gao_0503,1157
12,1219,train,Gao,504,Gao_0504,1158
12,1220,train,Gao,505,Gao_0505,1159
12,1221,train,Gao,506,Gao_0506,1160
12,1222,train,Gao,507,Gao_0507,1161
12,1223,validation,Gao,508,Gao_0508,1162
12,1224,train,Gao,509,Gao_0509,1163
12,1225,train,Gao,510,Gao_0510,1164
12,1226,train,Gao,511,Gao_0511,1165
12,1227,validation,Gao,512,Gao_0512,1166
12,1228,train,Gao,513,Gao_0513,1167
12,1229,validation,Gao,514,Gao_0514,1168
12,1230,test,Gao,515,Gao_0515,1169
12,1231,train,Gao,516,Gao_0516,1170
12,1232,train,Gao,517,Gao_0517,1171
12,1233,validation,Gao,518,Gao_0518,1172
12,1234,validation,Gao,519,Gao_0519,1173
12,1235,train,Gao,520,Gao_0520,1174
12,1236,validation,Gao,521,Gao_0521,1175
12,1237,train,Gao,522,Gao_0522,1176
12,1238,test,Gao,523,Gao_0523,1177
12,1239,test,Gao,524,Gao_0524,1178
12,1240,train,Gao,525,Gao_0525,1179
12,1241,validation,Gao,526,Gao_0526,1180
12,1242,train,Gao,527,Gao_0527,1181
12,1243,train,Gao,528,Gao_0528,1182
12,1244,train,Gao,529,Gao_0529,1183
12,1245,train,Gao,530,Gao_0530,1184
12,1246,train,Gao,531,Gao_0531,691
12,1247,train,Gao,532,Gao_0532,1185
12,1248,train,Gao,533,Gao_0533,1186
12,1249,train,Gao,534,Gao_0534,1187
